<?xml version="1.0" encoding="UTF-8"?>
<!-- 

  ancora-2.0
       
			Copyright (C) 2007, 2008, 2009, 2010, 2011 UB - CLiC
			Centre de Llenguatge i Computació - Universitat de Barcelona
 
  This file is part of ancora-2.0.
 
  ancora-2.0 is free software and data: you can redistribute it and/or modify
  it under the terms of the GNU General Public License as published
  by the Free Software Foundation, either version 3 of the License,
  or (at your option) any later version.

  ancora-2.0 is distributed in the hope that it will be useful,
  but WITHOUT ANY WARRANTY; without even the implied warranty of
  MERCHANTABILITY or FITNESS FOR A PARTICULAR PURPOSE.  See the
  GNU General Public License for more details.
 
  You should have received a copy of the GNU General Public License
  along with ancora-2.0.  If not, see &lt;http://www.gnu.org/licenses/&gt;.
 
  Check a text in catalan explaining the terms of the license at http://www.softcatala.cat/wiki/GPL3.
  In spanish at http://www.viti.es/gnu/licenses/gpl.html
 

  The following paper must be cited when using this corpus:

 * Taulé, M., M.A. Martí, M. Recasens (2008) 'Ancora: Multilevel Annotated Corpora for Catalan and Spanish',
   Proceedings of 6th International Conference on Language Resources and Evaluation. Marrakesh (Morocco).

  In addition, the following paper must be cited if coreference information (attributes entity, coreftype,
  corefsubtype, homophoricDD or entityref) is used:

 * Recasens, Marta, M. Antònia Martí (2010) ‘AnCora-CO: Coreferentially annotated corpora for Spanish and
   Catalan’. Language Resources and Evaluation, Springer Science.

  Additionally, the following paper must be cited when argumental attributes in "sn" or "grup.nom"
  (attributes func, arg, tem or lexicalid) are used:

 * Peris, Aina, Mariona Taulé, Horacio Rodríguez (2010) ‘Semantic Annotation of Deverbal Nominalizations in the
   Spanish AnCora corpus’. Treebanks and Linguistic Theories (TLT-2010), Estonia.
-->
<article lng="ca">
  <sentence>
    <sn arg="arg0" entityref="ne" func="suj" ne="organization" tem="agt">
      <spec gen="f" num="s">
        <d gen="f" lem="el" num="s" pos="da0fs0" postype="article" wd="La"/>
      </spec>
      <grup.nom gen="f" num="s">
        <n lem="Cambra_de_Comerç" ne="organization" pos="np0000o" postype="proper" sense="16:cs1" wd="Cambra_de_Comerç"/>
      </grup.nom>
    </sn>
    <grup.verb>
      <v lem="proposar" lss="A32.ditransitive-patient-benefactive" mood="indicative" num="s" person="3" pos="vmip3s0" postype="main" tense="present" wd="proposa"/>
    </grup.verb>
    <S arg="arg1" clausetype="completive" func="cd" impersonal="yes" tem="pat">
      <infinitiu>
        <v lem="dinamitzar" lss="A11.transitive-causative" mood="infinitive" pos="vmn0000" postype="main" wd="dinamitzar"/>
      </infinitiu>
      <sn arg="arg1" func="cd" tem="tem">
        <spec gen="m" num="s">
          <d gen="m" lem="el" num="s" pos="da0ms0" postype="article" wd="el"/>
        </spec>
        <grup.nom gen="m" num="s">
          <n gen="m" lem="sector" num="s" pos="ncms000" postype="common" sense="16:06214548" wd="sector"/>
          <s.a gen="m" num="s">
            <grup.a gen="m" num="s">
              <a gen="m" lem="turístic" num="s" pos="aq0ms0" postype="qualificative" wd="turístic"/>
            </grup.a>
          </s.a>
          <s.a gen="m" num="s">
            <grup.a gen="m" num="s">
              <a gen="m" lem="andorrà" num="s" pos="aq0ms0" postype="qualificative" wd="andorrà"/>
            </grup.a>
          </s.a>
        </grup.nom>
      </sn>
      <sp arg="argM" func="cc" tem="mnr">
        <prep>
          <s lem="amb" pos="sps00" postype="preposition" wd="amb"/>
        </prep>
        <sn>
          <spec gen="f" num="s">
            <d gen="f" lem="el" num="s" pos="da0fs0" postype="article" wd="la"/>
          </spec>
          <grup.nom gen="f" num="s">
            <n gen="f" lem="creació" num="s" pos="ncfs000" postype="common" sense="16:00583085" wd="creació"/>
            <sp>
              <prep>
                <s lem="de" pos="sps00" postype="preposition" wd="d'"/>
              </prep>
              <sn coord="yes">
                <sn>
                  <spec gen="m" num="s">
                    <d gen="m" lem="un" num="s" pos="dn0ms0" postype="numeral" wd="un"/>
                  </spec>
                  <grup.nom gen="m" num="s">
                    <s.a gen="m" num="s">
                      <grup.a gen="m" num="s">
                        <a gen="m" lem="petit" num="s" pos="aq0ms0" postype="qualificative" wd="petit"/>
                      </grup.a>
                    </s.a>
                    <n gen="m" lem="parc" num="s" pos="ncms000" postype="common" sense="16:cs1" wd="parc"/>
                    <s.a gen="m" num="s">
                      <grup.a gen="m" num="s">
                        <a gen="m" lem="temàtic" num="s" pos="aq0ms0" postype="qualificative" wd="temàtic"/>
                      </grup.a>
                    </s.a>
                  </grup.nom>
                </sn>
                <f lem="," pos="fc" punct="comma" wd=","/>
                <sn>
                  <spec gen="m" num="s">
                    <d gen="m" lem="un" num="s" pos="dn0ms0" postype="numeral" wd="un"/>
                  </spec>
                  <grup.nom gen="m" num="s">
                    <n gen="m" lem="casino" num="s" pos="ncms000" postype="common" sense="16:02399870" wd="casino"/>
                  </grup.nom>
                </sn>
                <f lem="," pos="fc" punct="comma" wd=","/>
                <sn>
                  <spec gen="m" num="s">
                    <d gen="m" lem="un" num="s" pos="dn0ms0" postype="numeral" wd="un"/>
                  </spec>
                  <grup.nom gen="m" num="s">
                    <n gen="m" lem="camp" num="s" pos="ncms000" postype="common" sense="16:06318048" wd="camp"/>
                    <sp>
                      <prep>
                        <s lem="de" pos="sps00" postype="preposition" wd="de"/>
                      </prep>
                      <sn>
                        <grup.nom gen="m" num="s">
                          <n gen="m" lem="golf" num="s" pos="ncms000" postype="common" sense="16:00297363" wd="golf"/>
                        </grup.nom>
                      </sn>
                    </sp>
                  </grup.nom>
                </sn>
                <f lem="," pos="fc" punct="comma" wd=","/>
                <sn>
                  <spec gen="m" num="s">
                    <d gen="m" lem="un" num="s" pos="dn0ms0" postype="numeral" wd="un"/>
                  </spec>
                  <grup.nom gen="m" num="s">
                    <n gen="m" lem="palau" num="s" pos="ncms000" postype="common" sense="16:cs1" wd="palau"/>
                    <sp>
                      <prep>
                        <s lem="de" pos="sps00" postype="preposition" wd="de"/>
                      </prep>
                      <sn>
                        <grup.nom gen="m" num="p">
                          <n gen="m" lem="congrés" num="p" pos="ncmp000" postype="common" sense="16:05343252" wd="congressos"/>
                        </grup.nom>
                      </sn>
                    </sp>
                  </grup.nom>
                </sn>
                <conj conjunctiontype="coordinating">
                  <c lem="i" pos="cc" postype="coordinating" wd="i"/>
                </conj>
                <sn>
                  <spec gen="m" num="s">
                    <d gen="m" lem="un" num="s" pos="dn0ms0" postype="numeral" wd="un"/>
                  </spec>
                  <grup.nom gen="m" num="s">
                    <n gen="m" lem="centre" num="s" pos="ncms000" postype="common" sense="16:02986968" wd="centre"/>
                    <sp>
                      <prep>
                        <s lem="de" pos="sps00" postype="preposition" wd="d'"/>
                      </prep>
                      <sn>
                        <grup.nom gen="m" num="s">
                          <n gen="m" lem="oci" num="s" pos="ncms000" postype="common" sense="16:00689161" wd="oci"/>
                          <s.a gen="m" num="s">
                            <grup.a gen="m" num="s">
                              <a gen="c" lem="familiar" num="s" pos="aq0cs0" postype="qualificative" wd="familiar"/>
                            </grup.a>
                          </s.a>
                        </grup.nom>
                      </sn>
                    </sp>
                  </grup.nom>
                </sn>
              </sn>
            </sp>
          </grup.nom>
        </sn>
      </sp>
    </S>
    <f lem="." pos="fp" punct="period" wd="."/>
  </sentence>
  <sentence>
    <sn arg="arg0" entityref="ne" func="suj" ne="person" tem="agt">
      <spec gen="m" num="s">
        <d gen="m" lem="el" num="s" pos="da0ms0" postype="article" wd="El"/>
      </spec>
      <grup.nom gen="m" num="s">
        <n gen="m" lem="president" num="s" pos="ncms000" postype="common" sense="16:07496197+07496412" wd="president"/>
        <sp>
          <prep>
            <s lem="de" pos="sps00" postype="preposition" wd="de"/>
          </prep>
          <sn entityref="ne" ne="organization">
            <spec gen="f" num="s">
              <d gen="f" lem="el" num="s" pos="da0fs0" postype="article" wd="la"/>
            </spec>
            <grup.nom gen="f" num="s">
              <n lem="Cambra_de_Comerç" ne="organization" pos="np0000o" postype="proper" sense="16:cs1" wd="Cambra_de_Comerç"/>
            </grup.nom>
          </sn>
        </sp>
        <sn entityref="ne" ne="person">
          <f lem="," pos="fc" punct="comma" wd=","/>
          <grup.nom gen="m" num="s">
            <n lem="Ramon_Cierco" ne="person" pos="np0000p" postype="proper" sense="16:cs1" wd="Ramon_Cierco"/>
          </grup.nom>
          <f lem="," pos="fc" punct="comma" wd=","/>
        </sn>
      </grup.nom>
    </sn>
    <grup.verb>
      <v lem="esperar" lss="A21.transitive-agentive-patient" mood="indicative" num="s" person="3" pos="vmip3s0" postype="main" tense="present" wd="espera"/>
    </grup.verb>
    <S arg="arg1" clausetype="completive" func="cd" tem="pat">
      <conj conjunctiontype="subordinating">
        <c lem="que" pos="cs" postype="subordinating" wd="que"/>
      </conj>
      <sn arg="arg0" func="suj" tem="agt">
        <spec gen="m" num="s">
          <d gen="m" lem="el" num="s" pos="da0ms0" postype="article" wd="el"/>
        </spec>
        <grup.nom gen="m" num="s">
          <n gen="m" lem="sector" num="s" pos="ncms000" postype="common" sense="16:06214548" wd="sector"/>
        </grup.nom>
      </sn>
      <grup.verb>
        <v lem="rebre" lss="A34.ditransitive-patient-theme" mood="subjunctive" num="s" person="3" pos="vmsp3s0" postype="main" tense="present" wd="rebi"/>
      </grup.verb>
      <sp arg="argM" func="cc" tem="mnr">
        <prep>
          <s lem="amb" pos="sps00" postype="preposition" wd="amb"/>
        </prep>
        <sn>
          <grup.nom gen="m" num="p">
            <s.a gen="m" num="p">
              <grup.a gen="m" num="p">
                <a gen="m" lem="bo" num="p" pos="aq0mp0" postype="qualificative" wd="bons"/>
              </grup.a>
            </s.a>
            <n gen="m" lem="ull" num="p" pos="ncmp000" postype="common" sense="16:cs1" wd="ulls"/>
          </grup.nom>
        </sn>
      </sp>
      <sn arg="arg1" func="cd" tem="pat">
        <spec gen="f" num="p">
          <d gen="f" lem="aquest" num="p" pos="dd0fp0" postype="demonstrative" wd="aquestes"/>
        </spec>
        <grup.nom gen="f" num="p">
          <n gen="f" lem="proposta" num="p" pos="ncfp000" postype="common" sense="16:05355937" wd="propostes"/>
          <S clausetype="relative">
            <relatiu arg="arg1" func="suj" tem="tem">
              <p gen="c" lem="que" num="c" pos="pr0cn000" postype="relative" wd="que"/>
            </relatiu>
            <grup.verb>
              <v lem="sorgir" lss="B11.unaccusative-motion" mood="indicative" num="p" person="3" pos="vmip3p0" postype="main" tense="present" wd="sorgeixen"/>
            </grup.verb>
            <sp arg="arg3" func="cc" tem="ori">
              <prep>
                <s lem="de" pos="sps00" postype="preposition" wd="d'"/>
              </prep>
              <sn>
                <spec gen="m" num="s">
                  <d gen="m" lem="un" num="s" pos="di0ms0" postype="indefinite" wd="un"/>
                </spec>
                <grup.nom gen="m" num="s">
                  <n gen="m" lem="informe" num="s" pos="ncms000" postype="common" sense="16:05391713" wd="informe"/>
                  <S clausetype="participle" impersonal="yes">
                    <participi>
                      <a gen="m" lem="encarregat" lss="B12.unaccusative-passive-ditransitive" num="s" pos="aq0msp" posfunction="participle" postype="qualificative" wd="encarregat"/>
                    </participi>
                    <sp arg="arg0" func="cag" tem="agt">
                      <prep>
                        <s lem="per" pos="sps00" postype="preposition" wd="per"/>
                      </prep>
                      <sn>
                        <spec gen="f" num="s">
                          <d gen="f" lem="el" num="s" pos="da0fs0" postype="article" wd="la"/>
                        </spec>
                        <grup.nom gen="f" num="s">
                          <n gen="f" lem="corporació" num="s" pos="ncfs000" postype="common" sense="16:05972379" wd="corporació"/>
                        </grup.nom>
                      </sn>
                    </sp>
                  </S>
                </grup.nom>
              </sn>
            </sp>
          </S>
        </grup.nom>
      </sn>
    </S>
    <f lem="." pos="fp" punct="period" wd="."/>
  </sentence>
  <sentence>
    <sn arg="arg0" entityref="ne" func="suj" ne="organization" tem="agt">
      <spec gen="f" num="s">
        <d gen="f" lem="el" num="s" pos="da0fs0" postype="article" wd="La"/>
      </spec>
      <grup.nom gen="f" num="s">
        <n lem="Cambra" ne="organization" pos="np0000o" postype="proper" sense="16:cs1" wd="Cambra"/>
        <sp>
          <prep>
            <s lem="de" pos="sps00" postype="preposition" wd="de"/>
          </prep>
          <sn>
            <grup.nom gen="m" num="s">
              <n gen="m" lem="comerç" num="s" pos="ncms000" postype="common" sense="16:00706993" wd="comerç"/>
            </grup.nom>
          </sn>
        </sp>
        <sp>
          <prep>
            <s lem="de" pos="sps00" postype="preposition" wd="d'"/>
          </prep>
          <sn entityref="ne" ne="location">
            <grup.nom>
              <n lem="Andorra" ne="location" pos="np0000l" postype="proper" wd="Andorra"/>
            </grup.nom>
          </sn>
        </sp>
      </grup.nom>
    </sn>
    <grup.verb>
      <v lem="estudiar" lss="A21.transitive-agentive-patient" mood="indicative" num="s" person="3" pos="vmip3s0" postype="main" tense="present" wd="estudia"/>
    </grup.verb>
    <S arg="arg1" clausetype="completive" coord="yes" func="cd" impersonal="yes" tem="pat">
      <S clausetype="completive" coord="yes" impersonal="yes">
        <S clausetype="completive" impersonal="yes">
          <infinitiu>
            <v lem="augmentar" lss="A11.transitive-causative" mood="infinitive" pos="vmn0000" postype="main" wd="augmentar"/>
          </infinitiu>
        </S>
        <conj conjunctiontype="coordinating">
          <c lem="i" pos="cc" postype="coordinating" wd="i"/>
        </conj>
        <S clausetype="completive" impersonal="yes">
          <infinitiu>
            <v lem="diversificar" lss="A11.transitive-causative" mood="infinitive" pos="vmn0000" postype="main" wd="diversificar"/>
          </infinitiu>
        </S>
      </S>
      <sn adjunct="yes" arg="arg1" func="cd" tem="tem">
        <spec gen="f" num="s">
          <d gen="c" lem="el" num="s" pos="da0cs0" postype="article" wd="l'"/>
        </spec>
        <grup.nom gen="f" num="s">
          <n gen="f" lem="oferta" num="s" pos="ncfs000" postype="common" sense="16:09726614" wd="oferta"/>
          <s.a gen="f" num="s">
            <grup.a gen="f" num="s">
              <a gen="f" lem="turístic" num="s" pos="aq0fs0" postype="qualificative" wd="turística"/>
            </grup.a>
          </s.a>
          <sp>
            <prep>
              <s contracted="yes" gen="m" lem="del" num="s" pos="spcms" postype="preposition" wd="del"/>
            </prep>
            <sn>
              <grup.nom gen="m" num="s">
                <n gen="m" lem="país" num="s" pos="ncms000" postype="common" sense="16:06299747" wd="país"/>
              </grup.nom>
            </sn>
          </sp>
        </grup.nom>
      </sn>
      <sp adjunct="yes" arg="argM" func="cc" tem="adv">
        <prep>
          <s lem="amb" pos="sps00" postype="preposition" wd="amb"/>
        </prep>
        <sn>
          <spec gen="m" num="p">
            <d gen="m" lem="el" num="p" pos="da0mp0" postype="article" wd="els"/>
          </spec>
          <grup.nom gen="m" num="p">
            <n gen="m" lem="projecte" num="p" pos="ncmp000" postype="common" sense="16:00508925" wd="projectes"/>
            <sp>
              <prep>
                <s lem="de" pos="sps00" postype="preposition" wd="d'"/>
              </prep>
              <sn coord="yes">
                <sn>
                  <spec gen="m" num="s">
                    <d gen="m" lem="un" num="s" pos="dn0ms0" postype="numeral" wd="un"/>
                  </spec>
                  <grup.nom gen="m" num="s">
                    <s.a gen="m" num="s">
                      <grup.a gen="m" num="s">
                        <a gen="m" lem="petit" num="s" pos="aq0ms0" postype="qualificative" wd="petit"/>
                      </grup.a>
                    </s.a>
                    <n gen="m" lem="parc" num="s" pos="ncms000" postype="common" sense="16:cs1" wd="parc"/>
                    <s.a gen="m" num="s">
                      <grup.a gen="m" num="s">
                        <a gen="m" lem="temàtic" num="s" pos="aq0ms0" postype="qualificative" wd="temàtic"/>
                      </grup.a>
                    </s.a>
                  </grup.nom>
                </sn>
                <f lem="," pos="fc" punct="comma" wd=","/>
                <sn>
                  <spec gen="m" num="s">
                    <d gen="m" lem="un" num="s" pos="dn0ms0" postype="numeral" wd="un"/>
                  </spec>
                  <grup.nom gen="m" num="s">
                    <n gen="m" lem="casino" num="s" pos="ncms000" postype="common" sense="16:02399870" wd="casino"/>
                  </grup.nom>
                </sn>
                <f lem="," pos="fc" punct="comma" wd=","/>
                <sn>
                  <spec gen="m" num="s">
                    <d gen="m" lem="un" num="s" pos="dn0ms0" postype="numeral" wd="un"/>
                  </spec>
                  <grup.nom gen="m" num="s">
                    <n gen="m" lem="camp" num="s" pos="ncms000" postype="common" sense="16:06318048" wd="camp"/>
                    <sp>
                      <prep>
                        <s lem="de" pos="sps00" postype="preposition" wd="de"/>
                      </prep>
                      <sn>
                        <grup.nom gen="m" num="s">
                          <n gen="m" lem="golf" num="s" pos="ncms000" postype="common" sense="16:00297363" wd="golf"/>
                        </grup.nom>
                      </sn>
                    </sp>
                  </grup.nom>
                </sn>
                <f lem="," pos="fc" punct="comma" wd=","/>
                <sn>
                  <spec gen="m" num="s">
                    <d gen="m" lem="un" num="s" pos="dn0ms0" postype="numeral" wd="un"/>
                  </spec>
                  <grup.nom gen="m" num="s">
                    <n gen="m" lem="palau" num="s" pos="ncms000" postype="common" sense="16:cs1" wd="palau"/>
                    <sp>
                      <prep>
                        <s lem="de" pos="sps00" postype="preposition" wd="de"/>
                      </prep>
                      <sn>
                        <grup.nom gen="m" num="p">
                          <n gen="m" lem="congrés" num="p" pos="ncmp000" postype="common" sense="16:05343252" wd="congressos"/>
                        </grup.nom>
                      </sn>
                    </sp>
                  </grup.nom>
                </sn>
                <conj conjunctiontype="coordinating">
                  <c lem="i" pos="cc" postype="coordinating" wd="i"/>
                </conj>
                <sn>
                  <grup.nom gen="m" num="p">
                    <n gen="m" lem="centre" num="p" pos="ncmp000" postype="common" sense="16:02986968" wd="centres"/>
                    <sp>
                      <prep>
                        <s lem="de" pos="sps00" postype="preposition" wd="d'"/>
                      </prep>
                      <sn>
                        <grup.nom gen="m" num="s">
                          <n gen="m" lem="oci" num="s" pos="ncms000" postype="common" sense="16:00689161" wd="oci"/>
                          <s.a complex="yes" gen="m" num="s">
                            <grup.a coord="yes" gen="m" num="s">
                              <grup.a gen="m" num="s">
                                <a gen="c" lem="familiar" num="s" pos="aq0cs0" postype="qualificative" wd="familiar"/>
                              </grup.a>
                              <conj conjunctiontype="coordinating">
                                <c lem="i" pos="cc" postype="coordinating" wd="i"/>
                              </conj>
                              <grup.a gen="m" num="s">
                                <a gen="m" lem="nocturn" num="s" pos="aq0ms0" postype="qualificative" wd="nocturn"/>
                              </grup.a>
                            </grup.a>
                          </s.a>
                        </grup.nom>
                      </sn>
                    </sp>
                  </grup.nom>
                </sn>
              </sn>
            </sp>
          </grup.nom>
        </sn>
      </sp>
    </S>
    <f lem="." pos="fp" punct="period" wd="."/>
  </sentence>
  <sentence>
    <sn arg="arg1" func="suj" tem="tem">
      <spec gen="f" num="p">
        <d gen="f" lem="el" num="p" pos="da0fp0" postype="article" wd="Les"/>
      </spec>
      <grup.nom gen="f" num="p">
        <n gen="f" lem="proposta" num="p" pos="ncfp000" postype="common" sense="16:05355937" wd="propostes"/>
        <s.a gen="f" num="p">
          <grup.a gen="f" num="p">
            <a gen="f" lem="lúdic" num="p" pos="aq0fp0" postype="qualificative" wd="lúdiques"/>
          </grup.a>
        </s.a>
      </grup.nom>
    </sn>
    <grup.verb>
      <v lem="provenir" lss="B22.unaccusative-passive-transitive" mood="indicative" num="p" person="3" pos="vmip3p0" postype="main" tense="present" wd="provenen"/>
    </grup.verb>
    <sp arg="arg2" func="creg" tem="loc">
      <prep>
        <s lem="de" pos="sps00" postype="preposition" wd="d'"/>
      </prep>
      <sn>
        <spec gen="m" num="s">
          <d gen="m" lem="un" num="s" pos="di0ms0" postype="indefinite" wd="un"/>
        </spec>
        <grup.nom gen="m" num="s">
          <n gen="m" lem="estudi" num="s" pos="ncms000" postype="common" sense="16:04467719" wd="estudi"/>
          <S clausetype="participle" coord="yes" impersonal="yes">
            <S clausetype="participle" impersonal="yes">
              <participi>
                <a gen="m" lem="encarregat" lss="B22.unaccusative-passive-transitive" num="s" pos="aq0msp" posfunction="participle" postype="qualificative" wd="encarregat"/>
              </participi>
              <sp arg="arg0" func="cag" tem="agt">
                <prep>
                  <s lem="per" pos="sps00" postype="preposition" wd="per"/>
                </prep>
                <sn entityref="ne" ne="organization">
                  <spec gen="f" num="s">
                    <d gen="f" lem="el" num="s" pos="da0fs0" postype="article" wd="la"/>
                  </spec>
                  <grup.nom gen="f" num="s">
                    <n lem="Cambra" ne="organization" pos="np0000o" postype="proper" sense="16:cs1" wd="Cambra"/>
                  </grup.nom>
                </sn>
              </sp>
              <sp arg="arg2" func="ci" tem="ben">
                <prep>
                  <s lem="a" pos="sps00" postype="preposition" wd="a"/>
                </prep>
                <sn>
                  <spec gen="f" num="s">
                    <d gen="f" lem="un" num="s" pos="dn0fs0" postype="numeral" wd="una"/>
                  </spec>
                  <grup.nom gen="f" num="s">
                    <n gen="f" lem="empresa" num="s" pos="ncfs000" postype="common" sense="16:06004580" wd="empresa"/>
                    <sp>
                      <prep>
                        <s lem="de" pos="sps00" postype="preposition" wd="de"/>
                      </prep>
                      <sn entityref="ne" ne="location">
                        <grup.nom>
                          <n lem="Barcelona" ne="location" pos="np0000l" postype="proper" sense="16:06583156" wd="Barcelona"/>
                        </grup.nom>
                      </sn>
                    </sp>
                  </grup.nom>
                </sn>
              </sp>
            </S>
            <conj conjunctiontype="coordinating">
              <c lem="i" pos="cc" postype="coordinating" wd="i"/>
            </conj>
            <S clausetype="participle" impersonal="yes">
              <participi>
                <a gen="m" lem="presentat" lss="B12.unaccusative-passive-ditransitive" num="s" pos="aq0msp" posfunction="participle" postype="qualificative" wd="presentat"/>
              </participi>
              <sn arg="argM" func="cc" tem="tmp">
                <spec gen="m" num="s">
                  <d gen="m" lem="aquest" num="s" pos="dd0ms0" postype="demonstrative" wd="aquest"/>
                </spec>
                <grup.nom gen="m" num="s">
                  <w lem="[dijous:??/??/??:??.??]" ne="date" wd="dijous"/>
                </grup.nom>
              </sn>
              <sp arg="argM" func="cc" tem="tmp">
                <prep>
                  <s lem="a" pos="sps00" postype="preposition" wd="a"/>
                </prep>
                <sn>
                  <spec gen="f" num="s">
                    <d gen="f" lem="el" num="s" pos="da0fs0" postype="article" wd="la"/>
                  </spec>
                  <grup.nom gen="f" num="s">
                    <n gen="f" lem="tarda" num="s" pos="ncfs000" postype="common" sense="16:10885066" wd="tarda"/>
                  </grup.nom>
                </sn>
              </sp>
              <sp arg="argM" func="cc" tem="loc">
                <prep>
                  <s contracted="yes" gen="m" lem="al" num="s" pos="spcms" postype="preposition" wd="al"/>
                </prep>
                <sn entityref="ne" ne="location">
                  <grup.nom gen="m" num="s">
                    <n lem="Comú_d'_Escaldes" ne="location" pos="np0000l" postype="proper" sense="16:cs1" wd="Comú_d'_Escaldes"/>
                  </grup.nom>
                </sn>
              </sp>
              <sp arg="argM" func="cc" tem="loc">
                <prep>
                  <s lem="davant" pos="sps00" postype="preposition" wd="davant"/>
                </prep>
                <sn coord="yes">
                  <sn entityref="ne" ne="person">
                    <spec gen="m" num="s">
                      <d gen="m" lem="el" num="s" pos="da0ms0" postype="article" wd="el"/>
                    </spec>
                    <grup.nom gen="m" num="s">
                      <n gen="m" lem="ministre" num="s" pos="ncms000" postype="common" sense="16:07412658" wd="ministre"/>
                      <sp>
                        <prep>
                          <s lem="de" pos="sps00" postype="preposition" wd="de"/>
                        </prep>
                        <sn entityref="ne" ne="organization">
                          <grup.nom>
                            <n lem="Turisme" ne="organization" pos="np0000o" postype="proper" sense="16:cs1" wd="Turisme"/>
                          </grup.nom>
                        </sn>
                      </sp>
                    </grup.nom>
                  </sn>
                  <conj conjunctiontype="coordinating">
                    <c lem="i" pos="cc" postype="coordinating" wd="i"/>
                  </conj>
                  <sn>
                    <spec gen="m" num="p">
                      <d gen="m" lem="un" num="s" pos="di0ms0" postype="indefinite" wd="un"/>
                      <n gen="m" lem="centenar" num="s" pos="ncms000" postype="common" sense="16:09901877" wd="centenar"/>
                      <s lem="de" pos="sps00" postype="preposition" wd="de"/>
                    </spec>
                    <grup.nom gen="m" num="p">
                      <n gen="c" lem="representant" num="p" pos="nccp000" postype="common" sense="16:07529131" wd="representants"/>
                      <sp>
                        <prep>
                          <s contracted="yes" gen="m" lem="del" num="s" pos="spcms" postype="preposition" wd="del"/>
                        </prep>
                        <sn>
                          <grup.nom gen="m" num="s">
                            <n gen="m" lem="món" num="s" pos="ncms000" postype="common" sense="16:05957670" wd="món"/>
                            <s.a complex="yes" gen="m" num="s">
                              <grup.a coord="yes" gen="m" num="s">
                                <grup.a gen="m" num="s">
                                  <a gen="m" lem="hoteler" num="s" pos="aq0ms0" postype="qualificative" wd="hoteler"/>
                                </grup.a>
                                <conj conjunctiontype="coordinating">
                                  <c lem="i" pos="cc" postype="coordinating" wd="i"/>
                                </conj>
                                <grup.a gen="m" num="s">
                                  <a gen="m" lem="turístic" num="s" pos="aq0ms0" postype="qualificative" wd="turístic"/>
                                </grup.a>
                              </grup.a>
                            </s.a>
                            <s.a gen="m" num="s">
                              <grup.a gen="m" num="s">
                                <a gen="m" lem="andorrà" num="s" pos="aq0ms0" postype="qualificative" wd="andorrà"/>
                              </grup.a>
                            </s.a>
                          </grup.nom>
                        </sn>
                      </sp>
                    </grup.nom>
                  </sn>
                </sn>
              </sp>
            </S>
          </S>
        </grup.nom>
      </sn>
    </sp>
    <f lem="." pos="fp" punct="period" wd="."/>
  </sentence>
  <sentence>
    <sp arg="argM" func="cc" tem="fin">
      <prep>
        <s lem="per_tal_de" pos="sps00" postype="preposition" wd="Per_tal_d'"/>
      </prep>
      <S clausetype="completive" impersonal="yes">
        <infinitiu>
          <v lem="aconseguir" lss="A21.transitive-agentive-patient" mood="infinitive" pos="vmn0000" postype="main" wd="aconseguir"/>
        </infinitiu>
        <sn arg="arg1" func="cd" tem="pat">
          <spec gen="f" num="s">
            <d gen="c" lem="el" num="s" pos="da0cs0" postype="article" wd="l'"/>
          </spec>
          <grup.nom gen="f" num="s">
            <n gen="f" lem="adaptació" num="s" pos="ncfs000" postype="common" sense="16:09743067" wd="adaptació"/>
            <sp>
              <prep>
                <s contracted="yes" gen="m" lem="del" num="p" pos="spcmp" postype="preposition" wd="dels"/>
              </prep>
              <sn>
                <grup.nom gen="m" num="p">
                  <n gen="m" lem="projecte" num="p" pos="ncmp000" postype="common" sense="16:00508925" wd="projectes"/>
                </grup.nom>
              </sn>
            </sp>
            <sp>
              <prep>
                <s lem="a" pos="sps00" postype="preposition" wd="a"/>
              </prep>
              <sn>
                <spec gen="f" num="p">
                  <d gen="f" lem="el" num="p" pos="da0fp0" postype="article" wd="les"/>
                </spec>
                <grup.nom coord="yes">
                  <grup.nom coord="yes">
                    <grup.nom gen="f" num="p">
                      <n gen="f" lem="necessitat" num="p" pos="ncfp000" postype="common" sense="16:10367157" wd="necessitats"/>
                    </grup.nom>
                    <conj conjunctiontype="coordinating">
                      <c lem="i" pos="cc" postype="coordinating" wd="i"/>
                    </conj>
                    <grup.nom gen="f" num="p">
                      <n gen="f" lem="possibilitat" num="p" pos="ncfp000" postype="common" sense="16:04568501" wd="possibilitats"/>
                    </grup.nom>
                  </grup.nom>
                  <sp adjunct="yes">
                    <prep>
                      <s contracted="yes" gen="m" lem="del" num="s" pos="spcms" postype="preposition" wd="del"/>
                    </prep>
                    <sn>
                      <grup.nom gen="m" num="s">
                        <n gen="m" lem="país" num="s" pos="ncms000" postype="common" sense="16:06299747" wd="país"/>
                      </grup.nom>
                    </sn>
                  </sp>
                </grup.nom>
              </sn>
            </sp>
          </grup.nom>
        </sn>
      </S>
      <f lem="," pos="fc" punct="comma" wd=","/>
    </sp>
    <sn arg="arg0" entityref="ne" func="suj" ne="organization" tem="agt">
      <spec gen="f" num="s">
        <d gen="c" lem="el" num="s" pos="da0cs0" postype="article" wd="l'"/>
      </spec>
      <grup.nom gen="f" num="s">
        <n gen="f" lem="empresa" num="s" pos="ncfs000" postype="common" sense="16:06004580" wd="empresa"/>
        <s.a gen="f" num="s">
          <grup.a gen="f" num="s">
            <a gen="f" lem="barceloní" num="s" pos="aq0fs0" postype="qualificative" wd="barcelonina"/>
          </grup.a>
        </s.a>
        <sn entityref="ne" ne="organization">
          <grup.nom>
            <n lem="Iniciatives_Socioculturals" ne="organization" pos="np0000o" postype="proper" sense="16:cs1" wd="Iniciatives_Socioculturals"/>
          </grup.nom>
        </sn>
      </grup.nom>
    </sn>
    <grup.verb>
      <v lem="haver" mood="indicative" num="s" person="3" pos="vaip3s0" postype="auxiliary" tense="present" wd="ha"/>
      <v gen="m" lem="estudiar" lss="A21.transitive-agentive-patient" mood="participle" num="s" pos="vmp00sm" postype="main" wd="estudiat"/>
    </grup.verb>
    <sn arg="arg1" func="cd" tem="pat">
      <spec gen="f" num="s">
        <d gen="f" lem="el" num="s" pos="da0fs0" postype="article" wd="la"/>
      </spec>
      <grup.nom gen="f" num="s">
        <n gen="f" lem="realitat" num="s" pos="ncfs000" postype="common" sense="16:10055422" wd="realitat"/>
        <s.a gen="f" num="s">
          <grup.a gen="f" num="s">
            <a gen="f" lem="andorrà" num="s" pos="aq0fs0" postype="qualificative" wd="andorrana"/>
          </grup.a>
        </s.a>
      </grup.nom>
    </sn>
    <sp arg="argM" func="cc" tem="mnr">
      <prep>
        <s lem="amb" pos="sps00" postype="preposition" wd="amb"/>
      </prep>
      <sn>
        <grup.nom gen="f" num="p">
          <n gen="f" lem="enquesta" num="p" pos="ncfp000" postype="common" sense="16:04862567" wd="enquestes"/>
          <sp>
            <prep>
              <s lem="a" pos="sps00" postype="preposition" wd="a"/>
            </prep>
            <sn>
              <grup.nom gen="m" num="p">
                <n gen="c" lem="representant" num="p" pos="nccp000" postype="common" sense="16:07529131" wd="representants"/>
                <sp>
                  <prep>
                    <s lem="de" pos="sps00" postype="preposition" wd="de"/>
                  </prep>
                  <sn>
                    <spec gen="m" num="p">
                      <d gen="m" lem="divers" num="p" pos="di0mp0" postype="indefinite" wd="diversos"/>
                    </spec>
                    <grup.nom gen="m" num="p">
                      <n gen="m" lem="sector" num="p" pos="ncmp000" postype="common" sense="16:06214548" wd="sectors"/>
                      <s.a gen="m" num="p">
                        <grup.a gen="m" num="p">
                          <a gen="m" lem="econòmic" num="p" pos="aq0mp0" postype="qualificative" wd="econòmics"/>
                        </grup.a>
                      </s.a>
                    </grup.nom>
                  </sn>
                </sp>
              </grup.nom>
            </sn>
          </sp>
        </grup.nom>
      </sn>
    </sp>
    <f lem="." pos="fp" punct="period" wd="."/>
  </sentence>
  <sentence coord="yes">
    <S coord="yes">
      <S>
        <sn arg="arg0" func="suj" tem="agt">
          <spec gen="m" num="p">
            <d gen="m" lem="el" num="p" pos="da0mp0" postype="article" wd="Els"/>
          </spec>
          <grup.nom gen="m" num="p">
            <n gen="m" lem="projecte" num="p" pos="ncmp000" postype="common" sense="16:00508925" wd="projectes"/>
          </grup.nom>
        </sn>
        <morfema.pronominal>
          <p gen="c" lem="ell" num="c" person="3" pos="p0300000" wd="es"/>
        </morfema.pronominal>
        <grup.verb>
          <v lem="dirigir" lss="A32.ditransitive-patient-benefactive" mood="indicative" num="p" person="3" pos="vmip3p0" postype="main" tense="present" wd="dirigeixen"/>
        </grup.verb>
        <sadv func="mod">
          <grup.adv>
            <r lem="sobretot" pos="rg" wd="sobretot"/>
          </grup.adv>
        </sadv>
        <sp arg="arg2" func="ci" tem="ben">
          <prep>
            <s contracted="yes" gen="m" lem="al" num="s" pos="spcms" postype="preposition" wd="al"/>
          </prep>
          <sn>
            <grup.nom gen="m" num="s">
              <n gen="m" lem="turisme" num="s" pos="ncms000" postype="common" sense="16:00193473" wd="turisme"/>
              <s.a coord="yes" gen="m" num="s">
                <sp>
                  <prep>
                    <s lem="de" pos="sps00" postype="preposition" wd="de"/>
                  </prep>
                  <sn>
                    <grup.nom gen="f" num="s">
                      <n gen="f" lem="qualitat" num="s" pos="ncfs000" postype="common" sense="16:03717355" wd="qualitat"/>
                    </grup.nom>
                  </sn>
                </sp>
                <conj conjunctiontype="coordinating">
                  <c lem="i" pos="cc" postype="coordinating" wd="i"/>
                </conj>
                <s.a gen="m" num="s">
                  <grup.a gen="m" num="s">
                    <a gen="c" lem="infantil" num="s" pos="aq0cs0" postype="qualificative" wd="infantil"/>
                  </grup.a>
                </s.a>
              </s.a>
            </grup.nom>
          </sn>
        </sp>
      </S>
      <conj conjunctiontype="coordinating">
        <c lem="i" pos="cc" postype="coordinating" wd="i"/>
      </conj>
      <S>
        <sn arg="arg0" elliptic="yes" func="suj" tem="agt"/>
        <grup.verb>
          <v lem="pretendre" lss="A21.transitive-agentive-patient" mood="indicative" num="p" person="3" pos="vmip3p0" postype="main" tense="present" wd="pretenen"/>
        </grup.verb>
        <S arg="arg1" clausetype="completive" func="cd" impersonal="yes" tem="pat">
          <infinitiu>
            <v lem="acabar" lss="C11.state-existential" mood="infinitive" pos="vmn0000" postype="main" wd="acabar"/>
          </infinitiu>
          <sp arg="argM" func="cc" tem="adv">
            <prep>
              <s lem="amb" pos="sps00" postype="preposition" wd="amb"/>
            </prep>
            <sn>
              <spec gen="f" num="s">
                <d gen="c" lem="el" num="s" pos="da0cs0" postype="article" wd="l'"/>
              </spec>
              <grup.nom gen="f" num="s">
                <n gen="f" lem="estacionalitat" num="s" pos="ncfs000" postype="common" sense="16:cs1" wd="estacionalitat"/>
              </grup.nom>
            </sn>
          </sp>
        </S>
      </S>
    </S>
    <S adjunct="yes" clausetype="adverbial" func="ao">
      <f lem="," pos="fc" punct="comma" wd=","/>
      <conj conjunctiontype="subordinating">
        <c lem="segons" pos="cs" postype="subordinating" wd="segons"/>
      </conj>
      <grup.verb>
        <v lem="haver" mood="indicative" num="s" person="3" pos="vaip3s0" postype="auxiliary" tense="present" wd="ha"/>
        <v gen="m" lem="explicar" lss="A32.ditransitive-patient-benefactive" mood="participle" num="s" pos="vmp00sm" postype="main" wd="explicat"/>
      </grup.verb>
      <sn arg="arg0" entityref="ne" func="suj" ne="person" tem="agt">
        <spec gen="m" num="s">
          <d gen="m" lem="el" num="s" pos="da0ms0" postype="article" wd="el"/>
        </spec>
        <grup.nom gen="m" num="s">
          <n gen="m" lem="director" num="s" pos="ncms000" postype="common" sense="16:07063762" wd="director"/>
          <sp>
            <prep>
              <s lem="de" pos="sps00" postype="preposition" wd="de"/>
            </prep>
            <sn>
              <spec gen="m" num="s">
                <d gen="c" lem="el" num="s" pos="da0cs0" postype="article" wd="l'"/>
              </spec>
              <grup.nom gen="m" num="s">
                <n gen="m" lem="informe" num="s" pos="ncms000" postype="common" sense="16:05391713" wd="informe"/>
              </grup.nom>
            </sn>
          </sp>
          <sn entityref="ne" ne="person">
            <f lem="," pos="fc" punct="comma" wd=","/>
            <grup.nom gen="m" num="s">
              <n lem="Josep_Munné" ne="person" pos="np0000p" postype="proper" sense="16:cs1" wd="Josep_Munné"/>
            </grup.nom>
            <f lem="," pos="fc" punct="comma" wd=","/>
          </sn>
          <S clausetype="relative">
            <relatiu arg="arg0" func="suj" tem="agt">
              <p gen="c" lem="que" num="c" pos="pr0cn000" postype="relative" wd="que"/>
            </relatiu>
            <grup.verb>
              <v lem="haver" mood="indicative" num="s" person="3" pos="vaip3s0" postype="auxiliary" tense="present" wd="ha"/>
              <v gen="m" lem="dirigir" lss="A21.transitive-agentive-patient" mood="participle" num="s" pos="vmp00sm" postype="main" wd="dirigit"/>
            </grup.verb>
            <sn arg="arg1" func="cd" tem="pat">
              <grup.nom gen="m" num="p">
                <s.a gen="m" num="p">
                  <grup.a gen="m" num="p">
                    <a gen="c" lem="gran" num="p" pos="aq0cp0" postype="qualificative" wd="grans"/>
                  </grup.a>
                </s.a>
                <n gen="m" lem="projecte" num="p" pos="ncmp000" postype="common" sense="16:00508925" wd="projectes"/>
                <s.a gen="m" num="p">
                  <grup.a gen="m" num="p">
                    <a gen="m" lem="lúdic" num="p" pos="aq0mp0" postype="qualificative" wd="lúdics"/>
                  </grup.a>
                </s.a>
                <sp>
                  <prep>
                    <c lem="com" pos="cs" postype="subordinating" wd="com"/>
                  </prep>
                  <sn coord="yes">
                    <sn entityref="ne" ne="location">
                      <spec gen="m" num="s">
                        <d gen="m" lem="el" num="s" pos="da0ms0" postype="article" wd="el"/>
                      </spec>
                      <grup.nom gen="m" num="s">
                        <n lem="Maremagnum" ne="location" pos="np0000l" postype="proper" wd="Maremagnum"/>
                      </grup.nom>
                    </sn>
                    <conj conjunctiontype="coordinating">
                      <c lem="o" pos="cc" postype="coordinating" wd="o"/>
                    </conj>
                    <sn entityref="ne" ne="other">
                      <spec gen="m" num="s">
                        <d gen="m" lem="el" num="s" pos="da0ms0" postype="article" wd="el"/>
                      </spec>
                      <grup.nom gen="m" num="s">
                        <n lem="Barça_2000" ne="other" pos="np0000a" postype="proper" sense="16:cs1" wd="Barça_2000"/>
                      </grup.nom>
                    </sn>
                  </sn>
                </sp>
              </grup.nom>
            </sn>
          </S>
        </grup.nom>
      </sn>
    </S>
    <f lem="." pos="fp" punct="period" wd="."/>
  </sentence>
  <sentence>
    <sn arg="arg0" entityref="ne" func="suj" ne="person" tem="agt">
      <spec gen="m" num="s">
        <d gen="m" lem="el" num="s" pos="da0ms0" postype="article" wd="El"/>
      </spec>
      <grup.nom gen="m" num="s">
        <n gen="m" lem="president" num="s" pos="ncms000" postype="common" sense="16:07496197+07496412" wd="president"/>
        <sp>
          <prep>
            <s lem="de" pos="sps00" postype="preposition" wd="de"/>
          </prep>
          <sn>
            <spec gen="f" num="s">
              <d gen="f" lem="el" num="s" pos="da0fs0" postype="article" wd="la"/>
            </spec>
            <grup.nom gen="f" num="s">
              <n gen="f" lem="cambra" num="s" pos="ncfs000" postype="common" sense="16:06070449" wd="cambra"/>
              <sp>
                <prep>
                  <s lem="de" pos="sps00" postype="preposition" wd="de"/>
                </prep>
                <sn>
                  <grup.nom gen="m" num="s">
                    <n gen="m" lem="comerç" num="s" pos="ncms000" postype="common" sense="16:00706993" wd="comerç"/>
                  </grup.nom>
                </sn>
              </sp>
            </grup.nom>
          </sn>
        </sp>
        <sn entityref="ne" ne="person">
          <f lem="," pos="fc" punct="comma" wd=","/>
          <grup.nom gen="m" num="s">
            <n lem="Ramon_Cierco" ne="person" pos="np0000p" postype="proper" sense="16:cs1" wd="Ramon_Cierco"/>
          </grup.nom>
          <f lem="," pos="fc" punct="comma" wd=","/>
        </sn>
      </grup.nom>
    </sn>
    <grup.verb>
      <v lem="esperar" lss="A21.transitive-agentive-patient" mood="indicative" num="s" person="3" pos="vmip3s0" postype="main" tense="present" wd="espera"/>
    </grup.verb>
    <S arg="arg1" clausetype="completive" func="cd" tem="pat">
      <conj conjunctiontype="subordinating">
        <c lem="que" pos="cs" postype="subordinating" wd="que"/>
      </conj>
      <sn arg="arg0" entityref="ne" func="suj" ne="location" tem="agt">
        <grup.nom>
          <n lem="Andorra" ne="location" pos="np0000l" postype="proper" wd="Andorra"/>
        </grup.nom>
      </sn>
      <grup.verb>
        <v lem="rebre" lss="A34.ditransitive-patient-theme" mood="subjunctive" num="s" person="1" pos="vmsp1s0" postype="main" tense="present" wd="rebi"/>
      </grup.verb>
      <sp arg="argM" func="cc" tem="mnr">
        <prep>
          <s lem="amb" pos="sps00" postype="preposition" wd="amb"/>
        </prep>
        <sn>
          <grup.nom gen="m" num="p">
            <s.a gen="m" num="p">
              <grup.a gen="m" num="p">
                <a gen="m" lem="bo" num="p" pos="aq0mp0" postype="qualificative" wd="bons"/>
              </grup.a>
            </s.a>
            <n gen="m" lem="ull" num="p" pos="ncmp000" postype="common" sense="16:cs1" wd="ulls"/>
          </grup.nom>
        </sn>
      </sp>
      <sn arg="arg1" func="cd" tem="pat">
        <spec gen="m" num="p">
          <d gen="m" lem="el" num="p" pos="da0mp0" postype="article" wd="els"/>
        </spec>
        <grup.nom gen="m" num="p">
          <n gen="m" lem="projecte" num="p" pos="ncmp000" postype="common" sense="16:00508925" wd="projectes"/>
          <sp>
            <prep>
              <s lem="per" pos="sps00" postype="preposition" wd="per"/>
            </prep>
            <sp>
              <prep>
                <s lem="a" pos="sps00" postype="preposition" wd="a"/>
              </prep>
              <sn>
                <spec gen="m" num="s">
                  <d gen="m" lem="un" num="s" pos="di0ms0" postype="indefinite" wd="un"/>
                </spec>
                <grup.nom gen="m" num="s">
                  <s.a gen="m" num="s">
                    <grup.a gen="m" num="s">
                      <a gen="m" lem="nou" num="s" pos="aq0ms0" postype="qualificative" wd="nou"/>
                    </grup.a>
                  </s.a>
                  <n gen="m" lem="turisme" num="s" pos="ncms000" postype="common" sense="16:00193473" wd="turisme"/>
                </grup.nom>
              </sn>
            </sp>
          </sp>
        </grup.nom>
      </sn>
    </S>
    <f lem="." pos="fp" punct="period" wd="."/>
  </sentence>
  <sentence>
    <sn arg="arg2" func="suj" tem="loc">
      <spec gen="m" num="s">
        <d gen="c" lem="el" num="s" pos="da0cs0" postype="article" wd="L'"/>
      </spec>
      <grup.nom gen="m" num="s">
        <n gen="m" lem="estudi" num="s" pos="ncms000" postype="common" sense="16:04467719" wd="estudi"/>
      </grup.nom>
    </sn>
    <grup.verb>
      <v lem="plantejar" lss="A31.ditransitive-patient-locative" mood="indicative" num="s" person="3" pos="vmip3s0" postype="main" tense="present" wd="planteja"/>
    </grup.verb>
    <sadv func="mod">
      <grup.adv>
        <r lem="també" pos="rg" wd="també"/>
      </grup.adv>
    </sadv>
    <sn arg="arg1" coord="yes" func="cd" tem="pat">
      <sn>
        <grup.nom gen="f" num="p">
          <n gen="f" lem="proposta" num="p" pos="ncfp000" postype="common" sense="16:05355937" wd="propostes"/>
          <sp>
            <prep>
              <s lem="sobre" pos="sps00" postype="preposition" wd="sobre"/>
            </prep>
            <sn>
              <grup.nom gen="f" num="s">
                <n gen="f" lem="gestió" num="s" pos="ncfs000" postype="common" sense="16:00736489" wd="gestió"/>
                <s.a gen="f" num="s">
                  <grup.a gen="f" num="s">
                    <a gen="c" lem="comercial" num="s" pos="aq0cs0" postype="qualificative" wd="comercial"/>
                  </grup.a>
                </s.a>
                <sp>
                  <prep>
                    <s contracted="yes" gen="m" lem="del" num="p" pos="spcmp" postype="preposition" wd="dels"/>
                  </prep>
                  <sn>
                    <grup.nom gen="m" num="p">
                      <n gen="m" lem="camp" num="p" pos="ncmp000" postype="common" sense="16:cs1" wd="camps"/>
                      <sp>
                        <prep>
                          <s lem="de" pos="sps00" postype="preposition" wd="de"/>
                        </prep>
                        <sn>
                          <grup.nom gen="f" num="s">
                            <n gen="f" lem="neu" num="s" pos="ncfs000" postype="common" sense="16:07835489" wd="neu"/>
                          </grup.nom>
                        </sn>
                      </sp>
                    </grup.nom>
                  </sn>
                </sp>
              </grup.nom>
            </sn>
          </sp>
        </grup.nom>
      </sn>
      <f lem="," pos="fc" punct="comma" wd=","/>
      <sn>
        <spec gen="f" num="p">
          <d gen="f" lem="divers" num="p" pos="di0fp0" postype="indefinite" wd="diverses"/>
        </spec>
        <grup.nom gen="f" num="p">
          <n gen="f" lem="oferta" num="p" pos="ncfp000" postype="common" sense="16:09726614" wd="ofertes"/>
          <sp>
            <prep>
              <s lem="de" pos="sps00" postype="preposition" wd="de"/>
            </prep>
            <sn>
              <grup.nom gen="m" num="s">
                <n gen="m" lem="turisme" num="s" pos="ncms000" postype="common" sense="16:00193473" wd="turisme"/>
                <sp>
                  <prep>
                    <s lem="de" pos="sps00" postype="preposition" wd="de"/>
                  </prep>
                  <sn>
                    <spec gen="f" num="s">
                      <d gen="f" lem="el" num="s" pos="da0fs0" postype="article" wd="la"/>
                    </spec>
                    <grup.nom gen="f" num="s">
                      <n gen="f" lem="natura" num="s" pos="ncfs000" postype="common" sense="16:cs1" wd="natura"/>
                    </grup.nom>
                  </sn>
                </sp>
              </grup.nom>
            </sn>
          </sp>
        </grup.nom>
        <f lem="," pos="fc" punct="comma" wd=","/>
      </sn>
      <conj conjunctiontype="coordinating">
        <c lem="i" pos="cc" postype="coordinating" wd="i"/>
      </conj>
      <sn>
        <sadv adjunct="yes">
          <grup.adv>
            <r lem="fins_i_tot" pos="rg" wd="fins_i_tot"/>
          </grup.adv>
        </sadv>
        <sn>
          <spec gen="m" num="s">
            <d gen="m" lem="un" num="s" pos="di0ms0" postype="indefinite" wd="un"/>
          </spec>
          <grup.nom gen="m" num="s">
            <n gen="m" lem="producte" num="s" pos="ncms000" postype="common" sense="16:cs1" wd="producte"/>
            <sp>
              <prep>
                <s lem="de" pos="sps00" postype="preposition" wd="de"/>
              </prep>
              <sn>
                <grup.nom gen="f" num="s">
                  <n gen="f" lem="formació" num="s" pos="ncfs000" postype="common" sense="16:00574678" wd="formació"/>
                  <sp>
                    <prep>
                      <s lem="de" pos="sps00" postype="preposition" wd="de"/>
                    </prep>
                    <sn>
                      <grup.nom gen="m" num="s">
                        <n gen="m" lem="postgrau" num="s" pos="ncms000" postype="common" sense="16:cs1" wd="postgrau"/>
                      </grup.nom>
                    </sn>
                  </sp>
                  <sp>
                    <prep>
                      <s lem="sobre" pos="sps00" postype="preposition" wd="sobre"/>
                    </prep>
                    <sn coord="yes">
                      <sn>
                        <spec gen="m" num="s">
                          <d gen="m" lem="el" num="s" pos="da0ms0" postype="article" wd="el"/>
                        </spec>
                        <grup.nom gen="m" num="s">
                          <n gen="m" lem="sector" num="s" pos="ncms000" postype="common" sense="16:06214548" wd="sector"/>
                          <s.a gen="m" num="s">
                            <grup.a gen="m" num="s">
                              <a gen="m" lem="turístic" num="s" pos="aq0ms0" postype="qualificative" wd="turístic"/>
                            </grup.a>
                          </s.a>
                        </grup.nom>
                      </sn>
                      <conj conjunctiontype="coordinating">
                        <c lem="o" pos="cc" postype="coordinating" wd="o"/>
                      </conj>
                      <sn>
                        <grup.nom gen="f" num="s">
                          <n gen="f" lem="gestió" num="s" pos="ncfs000" postype="common" sense="16:00736489" wd="gestió"/>
                          <sp>
                            <prep>
                              <s lem="de" pos="sps00" postype="preposition" wd="d'"/>
                            </prep>
                            <sn>
                              <grup.nom gen="f" num="p">
                                <n gen="f" lem="infraestructura" num="p" pos="ncfp000" postype="common" sense="16:cs1" wd="infraestructures"/>
                                <sp>
                                  <prep>
                                    <s lem="de" pos="sps00" postype="preposition" wd="d'"/>
                                  </prep>
                                  <sn>
                                    <grup.nom gen="m" num="s">
                                      <n gen="m" lem="hivern" num="s" pos="ncms000" postype="common" sense="16:10946591" wd="hivern"/>
                                    </grup.nom>
                                  </sn>
                                </sp>
                              </grup.nom>
                            </sn>
                          </sp>
                        </grup.nom>
                      </sn>
                    </sn>
                  </sp>
                </grup.nom>
              </sn>
            </sp>
          </grup.nom>
        </sn>
      </sn>
    </sn>
    <f lem="." pos="fp" punct="period" wd="."/>
  </sentence>
</article>
