<?xml version="1.0" encoding="UTF-8"?>
<!-- 

  ancora-2.0
       
			Copyright (C) 2007, 2008, 2009, 2010, 2011 UB - CLiC
			Centre de Llenguatge i Computació - Universitat de Barcelona
 
  This file is part of ancora-2.0.
 
  ancora-2.0 is free software and data: you can redistribute it and/or modify
  it under the terms of the GNU General Public License as published
  by the Free Software Foundation, either version 3 of the License,
  or (at your option) any later version.

  ancora-2.0 is distributed in the hope that it will be useful,
  but WITHOUT ANY WARRANTY; without even the implied warranty of
  MERCHANTABILITY or FITNESS FOR A PARTICULAR PURPOSE.  See the
  GNU General Public License for more details.
 
  You should have received a copy of the GNU General Public License
  along with ancora-2.0.  If not, see &lt;http://www.gnu.org/licenses/&gt;.
 
  Check a text in catalan explaining the terms of the license at http://www.softcatala.cat/wiki/GPL3.
  In spanish at http://www.viti.es/gnu/licenses/gpl.html
 

  The following paper must be cited when using this corpus:

 * Taulé, M., M.A. Martí, M. Recasens (2008) 'Ancora: Multilevel Annotated Corpora for Catalan and Spanish',
   Proceedings of 6th International Conference on Language Resources and Evaluation. Marrakesh (Morocco).

  In addition, the following paper must be cited if coreference information (attributes entity, coreftype,
  corefsubtype, homophoricDD or entityref) is used:

 * Recasens, Marta, M. Antònia Martí (2010) ‘AnCora-CO: Coreferentially annotated corpora for Spanish and
   Catalan’. Language Resources and Evaluation, Springer Science.

  Additionally, the following paper must be cited when argumental attributes in "sn" or "grup.nom"
  (attributes func, arg, tem or lexicalid) are used:

 * Peris, Aina, Mariona Taulé, Horacio Rodríguez (2010) ‘Semantic Annotation of Deverbal Nominalizations in the
   Spanish AnCora corpus’. Treebanks and Linguistic Theories (TLT-2010), Estonia.
-->
<article lng="ca">
  <sentence>
    <sn arg="arg0" entityref="ne" func="suj" ne="organization" tem="agt">
      <spec gen="m" num="s">
        <d gen="m" lem="el" num="s" pos="da0ms0" postype="article" wd="El"/>
      </spec>
      <grup.nom gen="m" num="s">
        <n lem="Consell_Regulador_de_la_Denominació_d'_Origen_Empordà-Costa_Brava" ne="organization" pos="np0000o" postype="proper" sense="16:cs1" wd="Consell_Regulador_de_la_Denominació_d'_Origen_Empordà-Costa_Brava"/>
      </grup.nom>
    </sn>
    <grup.verb>
      <v lem="haver" mood="indicative" num="s" person="3" pos="vaip3s0" postype="auxiliary" tense="present" wd="ha"/>
      <v gen="m" lem="concedir" lss="A32.ditransitive-patient-benefactive" mood="participle" num="s" pos="vmp00sm" postype="main" wd="concedit"/>
    </grup.verb>
    <sn arg="arg1" entityref="ne" func="cd" ne="other" tem="pat">
      <spec gen="m" num="s">
        <d gen="m" lem="el" num="s" pos="da0ms0" postype="article" wd="el"/>
      </spec>
      <grup.nom gen="m" num="s">
        <n lem="Premi_Tòria_d'_Or" ne="other" pos="np0000a" postype="proper" sense="16:cs1" wd="Premi_Tòria_d'_Or"/>
        <S clausetype="participle" impersonal="yes">
          <f lem="," pos="fc" punct="comma" wd=","/>
          <participi>
            <a gen="m" lem="creat" lss="B22.unaccusative-passive-transitive" num="s" pos="aq0msp" posfunction="participle" postype="qualificative" wd="creat"/>
          </participi>
          <sp arg="argM" func="cc" tem="fin">
            <prep>
              <s lem="per" pos="sps00" postype="preposition" wd="per"/>
            </prep>
            <S clausetype="completive" impersonal="yes">
              <infinitiu>
                <v lem="premiar" lss="A21.transitive-agentive-patient" mood="infinitive" pos="vmn0000" postype="main" wd="premiar"/>
              </infinitiu>
              <sn arg="arg1" func="cd" tem="pat">
                <spec gen="f" num="s">
                  <d gen="f" lem="el" num="s" pos="da0fs0" postype="article" wd="la"/>
                </spec>
                <grup.nom gen="f" num="s">
                  <n gen="f" lem="promoció" num="s" pos="ncfs000" postype="common" sense="16:05409803" wd="promoció"/>
                  <sp>
                    <prep>
                      <s contracted="yes" gen="m" lem="del" num="p" pos="spcmp" postype="preposition" wd="dels"/>
                    </prep>
                    <sn>
                      <grup.nom gen="m" num="p">
                        <n gen="m" lem="vi" num="p" pos="ncmp000" postype="common" sense="16:05916701" wd="vins"/>
                        <sp>
                          <prep>
                            <s lem="de" pos="sps00" postype="preposition" wd="d'"/>
                          </prep>
                          <sn>
                            <spec gen="f" num="s">
                              <d gen="f" lem="aquest" num="s" pos="dd0fs0" postype="demonstrative" wd="aquesta"/>
                            </spec>
                            <grup.nom gen="f" num="s">
                              <n gen="f" lem="denominació" num="s" pos="ncfs000" postype="common" sense="16:04781345" wd="denominació"/>
                              <sp>
                                <prep>
                                  <s lem="de" pos="sps00" postype="preposition" wd="d'"/>
                                </prep>
                                <sn>
                                  <grup.nom gen="m" num="s">
                                    <n gen="m" lem="origen" num="s" pos="ncms000" postype="common" sense="16:cs3" wd="origen"/>
                                  </grup.nom>
                                </sn>
                              </sp>
                            </grup.nom>
                          </sn>
                        </sp>
                      </grup.nom>
                    </sn>
                  </sp>
                </grup.nom>
              </sn>
            </S>
          </sp>
          <f lem="," pos="fc" punct="comma" wd=","/>
        </S>
      </grup.nom>
    </sn>
    <sp arg="arg2" func="ci" tem="ben">
      <prep>
        <s contracted="yes" gen="m" lem="al" num="s" pos="spcms" postype="preposition" wd="al"/>
      </prep>
      <sn entityref="ne" ne="organization">
        <grup.nom gen="m" num="s">
          <n lem="Restaurant" ne="organization" pos="np0000o" postype="proper" sense="16:cs1" wd="Restaurant"/>
          <sn entityref="ne" ne="organization">
            <grup.nom>
              <n lem="Ca_la_Maria" ne="organization" pos="np0000o" postype="proper" sense="16:cs1" wd="Ca_la_Maria"/>
            </grup.nom>
          </sn>
          <sp>
            <prep>
              <s lem="de" pos="sps00" postype="preposition" wd="de"/>
            </prep>
            <sn entityref="ne" ne="location">
              <grup.nom>
                <n lem="Mollet_de_Peralada" ne="location" pos="np0000l" postype="proper" sense="16:cs1" wd="Mollet_de_Peralada"/>
              </grup.nom>
            </sn>
          </sp>
        </grup.nom>
      </sn>
    </sp>
    <f lem="." pos="fp" punct="period" wd="."/>
  </sentence>
  <sentence>
    <sn arg="arg1" entityref="ne" func="suj" ne="organization" tem="pat">
      <spec gen="m" num="s">
        <d gen="m" lem="el" num="s" pos="da0ms0" postype="article" wd="El"/>
      </spec>
      <grup.nom gen="m" num="s">
        <n lem="Restaurant" ne="organization" pos="np0000o" postype="proper" sense="16:cs1" wd="Restaurant"/>
        <sn entityref="ne" ne="organization">
          <grup.nom>
            <n lem="Ca_la_Maria" ne="organization" pos="np0000o" postype="proper" sense="16:cs1" wd="Ca_la_Maria"/>
          </grup.nom>
        </sn>
        <sp>
          <prep>
            <s lem="de" pos="sps00" postype="preposition" wd="de"/>
          </prep>
          <sn entityref="ne" ne="location">
            <grup.nom>
              <n lem="Mollet_de_Peralada" ne="location" pos="np0000l" postype="proper" sense="16:cs1" wd="Mollet_de_Peralada"/>
            </grup.nom>
          </sn>
        </sp>
      </grup.nom>
    </sn>
    <grup.verb>
      <v lem="haver" mood="indicative" num="s" person="3" pos="vaip3s0" postype="auxiliary" tense="present" wd="ha"/>
      <v gen="m" lem="ser" mood="participle" num="s" pos="vsp00sm" postype="semiauxiliary" wd="estat"/>
      <v gen="m" lem="guardonar" lss="B22.unaccusative-passive-transitive" mood="participle" num="s" pos="vmp00sm" postype="main" wd="guardonat"/>
    </grup.verb>
    <sp arg="argM" func="cc" tem="adv">
      <prep>
        <s lem="amb" pos="sps00" postype="preposition" wd="amb"/>
      </prep>
      <sn entityref="ne" ne="other">
        <spec gen="m" num="s">
          <d gen="m" lem="el" num="s" pos="da0ms0" postype="article" wd="el"/>
        </spec>
        <grup.nom gen="m" num="s">
          <n lem="Tòria_d'_Or" ne="other" pos="np0000a" postype="proper" sense="16:cs1" wd="Tòria_d'_Or"/>
          <sn entityref="ne" ne="other">
            <f lem="," pos="fc" punct="comma" wd=","/>
            <spec gen="m" num="s">
              <d gen="m" lem="el" num="s" pos="da0ms0" postype="article" wd="el"/>
            </spec>
            <grup.nom gen="m" num="s">
              <n gen="m" lem="premi" num="s" pos="ncms000" postype="common" sense="16:09547800" wd="premi"/>
              <S clausetype="relative">
                <relatiu arg="arg1" func="cd" tem="pat">
                  <p gen="c" lem="que" num="c" pos="pr0cn000" postype="relative" wd="que"/>
                </relatiu>
                <sn arg="arg0" entityref="ne" func="suj" ne="organization" tem="agt">
                  <spec gen="m" num="s">
                    <d gen="m" lem="el" num="s" pos="da0ms0" postype="article" wd="el"/>
                  </spec>
                  <grup.nom gen="m" num="s">
                    <n lem="Consell_Regulador_de_la_Denominació_d'_Origen_Empordà-Costa_Brava" ne="organization" pos="np0000o" postype="proper" sense="16:cs1" wd="Consell_Regulador_de_la_Denominació_d'_Origen_Empordà-Costa_Brava"/>
                  </grup.nom>
                </sn>
                <grup.verb>
                  <v lem="atorgar" lss="A32.ditransitive-patient-benefactive" mood="indicative" num="s" person="3" pos="vmip3s0" postype="main" tense="present" wd="atorga"/>
                </grup.verb>
                <sp arg="arg2" func="ci" tem="ben">
                  <prep>
                    <s lem="a" pos="sps00" postype="preposition" wd="a"/>
                  </prep>
                  <sn>
                    <spec gen="m" num="s">
                      <d gen="c" lem="el" num="s" pos="da0cs0" postype="article" wd="l'"/>
                    </spec>
                    <grup.nom gen="m" num="s">
                      <n gen="m" lem="establiment" num="s" pos="ncms000" postype="common" sense="16:03325022" wd="establiment"/>
                      <S clausetype="relative">
                        <relatiu arg="arg0" func="suj" tem="agt">
                          <p gen="c" lem="que" num="c" pos="pr0cn000" postype="relative" wd="que"/>
                        </relatiu>
                        <sp arg="argM" func="cc" tem="tmp">
                          <prep>
                            <s lem="durant" pos="sps00" postype="preposition" wd="durant"/>
                          </prep>
                          <sn>
                            <spec gen="m" num="s">
                              <d gen="c" lem="el" num="s" pos="da0cs0" postype="article" wd="l'"/>
                            </spec>
                            <grup.nom gen="m" num="s">
                              <n gen="m" lem="any" num="s" pos="ncms000" postype="common" sense="16:10917509" wd="any"/>
                              <s.a gen="m" num="s">
                                <grup.a gen="m" num="s">
                                  <a gen="c" lem="anterior" num="s" pos="aq0cs0" postype="qualificative" wd="anterior"/>
                                </grup.a>
                              </s.a>
                            </grup.nom>
                          </sn>
                        </sp>
                        <grup.verb>
                          <v lem="haver" mood="indicative" num="s" person="3" pos="vaip3s0" postype="auxiliary" tense="present" wd="ha"/>
                          <v gen="m" lem="promocionar" lss="A21.transitive-agentive-patient" mood="participle" num="s" pos="vmp00sm" postype="main" wd="promocionat"/>
                        </grup.verb>
                        <sp arg="argM" func="cc" tem="mnr">
                          <prep>
                            <s lem="de" pos="sps00" postype="preposition" wd="d'"/>
                          </prep>
                          <sn>
                            <spec gen="f" num="s">
                              <d gen="f" lem="un" num="s" pos="di0fs0" postype="indefinite" wd="una"/>
                            </spec>
                            <grup.nom gen="f" num="s">
                              <n gen="f" lem="manera" num="s" pos="ncfs000" postype="common" sense="16:00111872" wd="manera"/>
                              <S clausetype="participle" impersonal="yes">
                                <sadv arg="argM" func="cc" tem="adv">
                                  <grup.adv>
                                    <r lem="més" pos="rg" wd="més"/>
                                  </grup.adv>
                                </sadv>
                                <participi>
                                  <a gen="f" lem="destacat" lss="B22.unaccusative-passive-transitive" num="s" pos="aq0fsp" posfunction="participle" postype="qualificative" wd="destacada"/>
                                </participi>
                              </S>
                            </grup.nom>
                          </sn>
                        </sp>
                        <sn arg="arg1" func="cd" tem="pat">
                          <spec gen="m" num="p">
                            <d gen="m" lem="el_seu" num="p" person="3" pos="dp3mp0" postype="possessive" wd="els_seus"/>
                          </spec>
                          <grup.nom gen="m" num="p">
                            <n gen="m" lem="vi" num="p" pos="ncmp000" postype="common" sense="16:05916701" wd="vins"/>
                          </grup.nom>
                        </sn>
                      </S>
                    </grup.nom>
                  </sn>
                </sp>
              </S>
            </grup.nom>
          </sn>
        </grup.nom>
      </sn>
    </sp>
    <f lem="." pos="fp" punct="period" wd="."/>
  </sentence>
  <sentence>
    <sn arg="arg0" func="suj" tem="agt">
      <spec gen="m" num="s">
        <d gen="m" lem="el" num="s" pos="da0ms0" postype="article" wd="El"/>
      </spec>
      <grup.nom gen="m" num="s">
        <n gen="m" lem="jurat" num="s" pos="ncms000" postype="common" sense="16:06222792" wd="jurat"/>
        <sp>
          <prep>
            <s lem="de" pos="sps00" postype="preposition" wd="d'"/>
          </prep>
          <sn>
            <spec gen="f" num="s">
              <d gen="f" lem="aquest" num="s" pos="dd0fs0" postype="demonstrative" wd="aquesta"/>
            </spec>
            <grup.nom gen="f" num="s">
              <s.a gen="f" num="s">
                <grup.a gen="f" num="s">
                  <a gen="f" lem="segon" num="s" pos="ao0fs0" postype="ordinal" wd="segona"/>
                </grup.a>
              </s.a>
              <n gen="f" lem="edició" num="s" pos="ncfs000" postype="common" sense="16:00328496" wd="edició"/>
              <sp>
                <prep>
                  <s contracted="yes" gen="m" lem="del" num="s" pos="spcms" postype="preposition" wd="del"/>
                </prep>
                <sn>
                  <grup.nom gen="m" num="s">
                    <n gen="m" lem="premi" num="s" pos="ncms000" postype="common" sense="16:09547800" wd="premi"/>
                  </grup.nom>
                </sn>
              </sp>
            </grup.nom>
          </sn>
        </sp>
        <S clausetype="participle" impersonal="yes">
          <f lem="," pos="fc" punct="comma" wd=","/>
          <participi>
            <a gen="m" lem="integrat" lss="B22.unaccusative-passive-transitive" num="s" pos="aq0msp" posfunction="participle" postype="qualificative" wd="integrat"/>
          </participi>
          <sp arg="arg0" func="cag" tem="agt">
            <prep>
              <s lem="per" pos="sps00" postype="preposition" wd="per"/>
            </prep>
            <sn coord="yes">
              <sn>
                <grup.nom gen="m" num="p">
                  <n gen="c" lem="representant" num="p" pos="nccp000" postype="common" sense="16:07529131" wd="representants"/>
                  <sp>
                    <prep>
                      <s lem="de" pos="sps00" postype="preposition" wd="de"/>
                    </prep>
                    <sn>
                      <spec gen="f" num="p">
                        <d gen="f" lem="el" num="p" pos="da0fp0" postype="article" wd="les"/>
                      </spec>
                      <grup.nom gen="f" num="p">
                        <n gen="f" lem="empresa" num="p" pos="ncfp000" postype="common" sense="16:06004580" wd="empreses"/>
                        <s.a gen="f" num="p">
                          <grup.a gen="f" num="p">
                            <a gen="f" lem="embotellador" num="p" pos="aq0fp0" postype="qualificative" wd="embotelladores"/>
                          </grup.a>
                        </s.a>
                        <S clausetype="participle" impersonal="yes">
                          <participi>
                            <a gen="f" lem="inscrit" lss="B22.unaccusative-passive-transitive" num="p" pos="aq0fpp" posfunction="participle" postype="qualificative" wd="inscrites"/>
                          </participi>
                          <sp arg="arg2" func="creg" tem="loc">
                            <prep>
                              <s lem="a" pos="sps00" postype="preposition" wd="a"/>
                            </prep>
                            <sn entityref="ne" ne="other">
                              <spec gen="f" num="s">
                                <d gen="f" lem="el" num="s" pos="da0fs0" postype="article" wd="la"/>
                              </spec>
                              <grup.nom gen="f" num="s">
                                <n lem="Denominació_d'_Origen" ne="other" pos="np0000a" postype="proper" sense="16:cs1" wd="Denominació_d'_Origen"/>
                              </grup.nom>
                            </sn>
                          </sp>
                        </S>
                      </grup.nom>
                    </sn>
                  </sp>
                </grup.nom>
              </sn>
              <conj conjunctiontype="coordinating">
                <c lem="i" pos="cc" postype="coordinating" wd="i"/>
              </conj>
              <sn>
                <spec gen="m" num="p">
                  <d gen="m" lem="dos" num="p" pos="dn0mp0" postype="numeral" wd="dos"/>
                </spec>
                <grup.nom gen="m" num="p">
                  <n gen="c" lem="periodista" num="p" pos="nccp000" postype="common" sense="16:07350521" wd="periodistes"/>
                  <s.a gen="m" num="p">
                    <grup.a gen="m" num="p">
                      <a gen="m" lem="gastronòmic" num="p" pos="aq0mp0" postype="qualificative" wd="gastronòmics"/>
                    </grup.a>
                  </s.a>
                  <sp>
                    <prep>
                      <s lem="de" pos="sps00" postype="preposition" wd="de"/>
                    </prep>
                    <sn entityref="ne" ne="location">
                      <spec gen="f" num="p">
                        <d gen="f" lem="el" num="p" pos="da0fp0" postype="article" wd="les"/>
                      </spec>
                      <grup.nom gen="f" num="p">
                        <n gen="f" lem="comarca" num="p" pos="ncfp000" postype="common" sense="16:50004760" wd="comarques"/>
                        <s.a gen="f" num="p">
                          <grup.a gen="f" num="p">
                            <a gen="f" lem="gironí" num="p" pos="aq0fp0" postype="qualificative" wd="gironines"/>
                          </grup.a>
                        </s.a>
                      </grup.nom>
                    </sn>
                  </sp>
                </grup.nom>
              </sn>
            </sn>
          </sp>
          <f lem="," pos="fc" punct="comma" wd=","/>
        </S>
      </grup.nom>
    </sn>
    <sadv func="mod">
      <grup.adv>
        <r lem="també" pos="rg" wd="també"/>
      </grup.adv>
    </sadv>
    <grup.verb>
      <v lem="haver" mood="indicative" num="s" person="3" pos="vaip3s0" postype="auxiliary" tense="present" wd="ha"/>
      <v gen="m" lem="concedir" lss="A32.ditransitive-patient-benefactive" mood="participle" num="s" pos="vmp00sm" postype="main" wd="concedit"/>
    </grup.verb>
    <sn arg="arg1" func="cd" tem="pat">
      <spec gen="m" num="p">
        <d gen="m" lem="dos" num="p" pos="dn0mp0" postype="numeral" wd="dos"/>
      </spec>
      <grup.nom gen="m" num="p">
        <n gen="m" lem="accèssit" num="p" pos="ncmp000" postype="common" sense="16:cs1" wd="accèssits"/>
      </grup.nom>
    </sn>
    <sp arg="arg2" func="ci" tem="ben">
      <prep>
        <s contracted="yes" gen="m" lem="al" num="p" pos="spcmp" postype="preposition" wd="als"/>
      </prep>
      <sn>
        <grup.nom gen="m" num="p">
          <n gen="m" lem="restaurant" num="p" pos="ncmp000" postype="common" sense="16:03233732" wd="restaurants"/>
          <sn coord="yes">
            <sn entityref="ne" ne="organization">
              <grup.nom>
                <n lem="El_Molí_de_Pont" ne="organization" pos="np0000o" postype="proper" sense="16:cs1" wd="El_Molí_de_Pont"/>
                <sp>
                  <prep>
                    <s lem="de" pos="sps00" postype="preposition" wd="de"/>
                  </prep>
                  <sn entityref="ne" ne="location">
                    <grup.nom>
                      <n lem="Molins" ne="location" pos="np0000l" postype="proper" sense="16:cs1" wd="Molins"/>
                    </grup.nom>
                  </sn>
                </sp>
              </grup.nom>
            </sn>
            <conj conjunctiontype="coordinating">
              <c lem="i" pos="cc" postype="coordinating" wd="i"/>
            </conj>
            <sn entityref="ne" ne="organization">
              <spec gen="m" num="s">
                <d gen="m" lem="el" num="s" pos="da0ms0" postype="article" wd="el"/>
              </spec>
              <grup.nom gen="m" num="s">
                <n lem="Celler_de_Can_Roca" ne="organization" pos="np0000o" postype="proper" sense="16:cs1" wd="Celler_de_Can_Roca"/>
                <sp>
                  <prep>
                    <s lem="de" pos="sps00" postype="preposition" wd="de"/>
                  </prep>
                  <sn entityref="ne" ne="location">
                    <grup.nom>
                      <n lem="Girona" ne="location" pos="np0000l" postype="proper" sense="16:50004694" wd="Girona"/>
                    </grup.nom>
                  </sn>
                </sp>
              </grup.nom>
            </sn>
          </sn>
        </grup.nom>
      </sn>
    </sp>
    <f lem="." pos="fp" punct="period" wd="."/>
  </sentence>
  <sentence>
    <sn arg="arg0" func="suj" tem="agt">
      <spec gen="m" num="s">
        <d gen="m" lem="el" num="s" pos="da0ms0" postype="article" wd="El"/>
      </spec>
      <grup.nom gen="m" num="s">
        <n gen="m" lem="jurat" num="s" pos="ncms000" postype="common" sense="16:06222792" wd="jurat"/>
      </grup.nom>
    </sn>
    <sadv func="mod">
      <grup.adv>
        <r lem="també" pos="rg" wd="també"/>
      </grup.adv>
    </sadv>
    <grup.verb>
      <v lem="destacar" lss="A21.transitive-agentive-patient" mood="indicative" num="s" person="3" pos="vmip3s0" postype="main" tense="present" wd="destaca"/>
    </grup.verb>
    <sp arg="argM" func="cc" tem="adv">
      <prep>
        <s lem="a_través_de" pos="sps00" postype="preposition" wd="a_través_d'"/>
      </prep>
      <sn>
        <spec gen="m" num="s">
          <d gen="m" lem="un" num="s" pos="di0ms0" postype="indefinite" wd="un"/>
        </spec>
        <grup.nom gen="m" num="s">
          <n gen="m" lem="comunicat" num="s" pos="ncms000" postype="common" sense="16:cs3" wd="comunicat"/>
          <sp>
            <prep>
              <s lem="de" pos="sps00" postype="preposition" wd="de"/>
            </prep>
            <sn>
              <grup.nom gen="f" num="s">
                <n gen="f" lem="premsa" num="s" pos="ncfs000" postype="common" sense="16:cs3" wd="premsa"/>
              </grup.nom>
            </sn>
          </sp>
        </grup.nom>
      </sn>
    </sp>
    <sn arg="arg1" func="cd" tem="pat">
      <spec gen="f" num="s">
        <d gen="f" lem="el" num="s" pos="da0fs0" postype="article" wd="la"/>
      </spec>
      <grup.nom gen="f" num="s">
        <n gen="f" lem="tasca" num="s" pos="ncfs000" postype="common" sense="16:00461778" wd="tasca"/>
        <sp>
          <prep>
            <s lem="de" pos="sps00" postype="preposition" wd="de"/>
          </prep>
          <sn>
            <grup.nom gen="f" num="s">
              <n gen="f" lem="promoció" num="s" pos="ncfs000" postype="common" sense="16:05409803" wd="promoció"/>
            </grup.nom>
          </sn>
        </sp>
        <sp>
          <prep>
            <s contracted="yes" gen="m" lem="del" num="p" pos="spcmp" postype="preposition" wd="dels"/>
          </prep>
          <sn>
            <grup.nom gen="m" num="p">
              <n gen="m" lem="vi" num="p" pos="ncmp000" postype="common" sense="16:05916701" wd="vins"/>
              <s.a gen="m" num="p">
                <grup.a gen="m" num="p">
                  <a gen="m" lem="empordanès" num="p" pos="aq0mp0" postype="qualificative" wd="empordanesos"/>
                </grup.a>
              </s.a>
            </grup.nom>
          </sn>
        </sp>
        <sp>
          <prep>
            <s contracted="yes" gen="m" lem="per_part_del" num="s" pos="spcms" postype="preposition" wd="per_part_del"/>
          </prep>
          <sn entityref="ne" ne="organization">
            <grup.nom gen="m" num="s">
              <n lem="Motel_Empordà" ne="organization" pos="np0000o" postype="proper" sense="16:cs1" wd="Motel_Empordà"/>
              <sp>
                <prep>
                  <s lem="de" pos="sps00" postype="preposition" wd="de"/>
                </prep>
                <sn entityref="ne" ne="location">
                  <grup.nom>
                    <n lem="Figueres" ne="location" pos="np0000l" postype="proper" sense="16:cs1" wd="Figueres"/>
                  </grup.nom>
                </sn>
              </sp>
            </grup.nom>
          </sn>
        </sp>
      </grup.nom>
    </sn>
    <sp arg="argM" func="cc" tem="loc">
      <f lem="," pos="fc" punct="comma" wd=","/>
      <prep>
        <s lem="de" pos="sps00" postype="preposition" wd="d'"/>
      </prep>
      <sp>
        <prep>
          <s lem="entre" pos="sps00" postype="preposition" wd="entre"/>
        </prep>
        <sn>
          <spec gen="m" num="p">
            <d gen="m" lem="el" num="p" pos="da0mp0" postype="article" wd="els"/>
            <z lem="45" ne="number" wd="45"/>
          </spec>
          <grup.nom gen="m" num="p">
            <n gen="m" lem="restaurant" num="p" pos="ncmp000" postype="common" sense="16:03233732" wd="restaurants"/>
            <S clausetype="relative">
              <relatiu arg="arg1" func="suj" tem="tem">
                <p gen="c" lem="que" num="c" pos="pr0cn000" postype="relative" wd="que"/>
              </relatiu>
              <grup.verb>
                <v lem="anar" mood="indicative" num="p" person="3" pos="vaip3p0" postype="auxiliary" tense="present" wd="van"/>
                <v lem="arribar" lss="B11.unaccusative-motion" mood="infinitive" pos="vmn0000" postype="main" wd="arribar"/>
              </grup.verb>
              <sp arg="arg4" func="cc" tem="des">
                <prep>
                  <s lem="a" pos="sps00" postype="preposition" wd="a"/>
                </prep>
                <sn>
                  <spec gen="f" num="s">
                    <d gen="f" lem="el" num="s" pos="da0fs0" postype="article" wd="la"/>
                  </spec>
                  <grup.nom gen="f" num="s">
                    <n gen="f" lem="fase" num="s" pos="ncfs000" postype="common" sense="16:10044643" wd="fase"/>
                    <s.a gen="f" num="s">
                      <grup.a gen="f" num="s">
                        <a gen="c" lem="final" num="s" pos="aq0cs0" postype="qualificative" wd="final"/>
                      </grup.a>
                    </s.a>
                    <sp>
                      <prep>
                        <s contracted="yes" gen="m" lem="del" num="s" pos="spcms" postype="preposition" wd="del"/>
                      </prep>
                      <sn entityref="ne" ne="other">
                        <grup.nom gen="m" num="s">
                          <n lem="Premi_Tòria_d'_Or" ne="other" pos="np0000a" postype="proper" sense="16:cs1" wd="Premi_Tòria_d'_Or"/>
                        </grup.nom>
                      </sn>
                    </sp>
                  </grup.nom>
                </sn>
              </sp>
            </S>
          </grup.nom>
        </sn>
      </sp>
    </sp>
    <f lem="." pos="fp" punct="period" wd="."/>
  </sentence>
  <sentence coord="yes">
    <S>
      <sn arg="arg1" entityref="ne" func="suj" ne="organization" tem="pat">
        <spec gen="m" num="s">
          <d gen="c" lem="el" num="s" pos="da0cs0" postype="article" wd="L'"/>
        </spec>
        <grup.nom gen="m" num="s">
          <n gen="m" lem="establiment" num="s" pos="ncms000" postype="common" sense="16:03325022" wd="establiment"/>
          <s.a gen="m" num="s">
            <grup.a gen="m" num="s">
              <a gen="m" lem="guanyador" num="s" pos="aq0ms0" postype="qualificative" wd="guanyador"/>
              <sp>
                <prep>
                  <s contracted="yes" gen="m" lem="del" num="s" pos="spcms" postype="preposition" wd="del"/>
                </prep>
                <sn entityref="ne" ne="other">
                  <grup.nom gen="m" num="s">
                    <n lem="Premi_Tòria_d'_Or" ne="other" pos="np0000a" postype="proper" sense="16:cs1" wd="Premi_Tòria_d'_Or"/>
                  </grup.nom>
                </sn>
              </sp>
            </grup.a>
          </s.a>
        </grup.nom>
      </sn>
      <grup.verb>
        <v lem="ser" mood="indicative" num="s" person="3" pos="vsif3s0" postype="semiauxiliary" tense="future" wd="serà"/>
        <v gen="m" lem="distingir" lss="B22.unaccusative-passive-transitive" mood="participle" num="s" pos="vmp00sm" postype="main" wd="distingit"/>
      </grup.verb>
      <sp arg="argM" func="cc" tem="loc">
        <f lem="," pos="fc" punct="comma" wd=","/>
        <prep>
          <s lem="en" pos="sps00" postype="preposition" wd="en"/>
        </prep>
        <sn>
          <spec gen="m" num="s">
            <d gen="m" lem="un" num="s" pos="di0ms0" postype="indefinite" wd="un"/>
          </spec>
          <grup.nom gen="m" num="s">
            <n gen="m" lem="acte" num="s" pos="ncms000" postype="common" sense="16:00017487" wd="acte"/>
            <s.a gen="m" num="s">
              <grup.a gen="m" num="s">
                <a gen="m" lem="públic" num="s" pos="aq0ms0" postype="qualificative" wd="públic"/>
              </grup.a>
            </s.a>
            <S clausetype="relative">
              <relatiu arg="arg1" func="suj" tem="pat">
                <p gen="c" lem="que" num="c" pos="pr0cn000" postype="relative" wd="que"/>
              </relatiu>
              <morfema.verbal func="pass">
                <p gen="c" lem="se" num="c" pos="p0000000" wd="se"/>
              </morfema.verbal>
              <grup.verb>
                <v lem="celebrar" lss="B22.unaccusative-passive-transitive" mood="indicative" num="s" person="3" pos="vmif3s0" postype="main" tense="future" wd="celebrarà"/>
              </grup.verb>
              <sn arg="argM" entityref="ne" func="cc" ne="date" tem="tmp">
                <spec gen="m" num="s">
                  <d gen="m" lem="el" num="s" pos="da0ms0" postype="article" wd="el"/>
                </spec>
                <grup.nom gen="m" num="s">
                  <s.a gen="m" num="s">
                    <grup.a gen="m" num="s">
                      <a gen="m" lem="proper" num="s" pos="aq0ms0" postype="qualificative" wd="proper"/>
                    </grup.a>
                  </s.a>
                  <w lem="[??:22/6/??:??.??]" ne="date" wd="22_de_juny"/>
                </grup.nom>
              </sn>
            </S>
          </grup.nom>
        </sn>
        <f lem="," pos="fc" punct="comma" wd=","/>
      </sp>
      <sp arg="argM" func="cc" tem="mnr">
        <prep>
          <s lem="amb" pos="sps00" postype="preposition" wd="amb"/>
        </prep>
        <sn>
          <spec gen="f" num="s">
            <d gen="f" lem="un" num="s" pos="di0fs0" postype="indefinite" wd="una"/>
          </spec>
          <grup.nom gen="f" num="s">
            <n gen="f" lem="figura" num="s" pos="ncfs000" postype="common" sense="16:02676671" wd="figura"/>
            <sp>
              <prep>
                <s lem="de" pos="sps00" postype="preposition" wd="de"/>
              </prep>
              <sn>
                <grup.nom gen="m" num="s">
                  <n gen="m" lem="bronze" num="s" pos="ncms000" postype="common" sense="16:02342693" wd="bronze"/>
                </grup.nom>
              </sn>
            </sp>
            <S clausetype="participle" impersonal="yes">
              <participi>
                <a gen="f" lem="dissenyat" lss="B22.unaccusative-passive-transitive" num="s" pos="aq0fsp" posfunction="participle" postype="qualificative" wd="dissenyada"/>
              </participi>
              <sp arg="arg0" func="cag" tem="agt">
                <prep>
                  <s contracted="yes" gen="m" lem="pel" num="p" pos="spcmp" postype="preposition" wd="pels"/>
                </prep>
                <sn entityref="ne" ne="organization">
                  <grup.nom gen="m" num="p">
                    <n gen="m" lem="taller" num="p" pos="ncmp000" postype="common" sense="16:03632186" wd="tallers"/>
                    <sp>
                      <prep>
                        <s lem="de" pos="sps00" postype="preposition" wd="d'"/>
                      </prep>
                      <sn>
                        <grup.nom gen="f" num="s">
                          <n gen="f" lem="orfebreria" num="s" pos="ncfs000" postype="common" sense="16:cs1" wd="orfebreria"/>
                        </grup.nom>
                      </sn>
                    </sp>
                    <sn entityref="ne" ne="person">
                      <grup.nom>
                        <n lem="Cunill" ne="person" pos="np0000p" postype="proper" sense="16:cs1" wd="Cunill"/>
                      </grup.nom>
                    </sn>
                    <sp>
                      <prep>
                        <s lem="de" pos="sps00" postype="preposition" wd="de"/>
                      </prep>
                      <sn entityref="ne" ne="location">
                        <grup.nom>
                          <n lem="Barcelona" ne="location" pos="np0000l" postype="proper" sense="16:06583156" wd="Barcelona"/>
                        </grup.nom>
                      </sn>
                    </sp>
                  </grup.nom>
                </sn>
              </sp>
            </S>
          </grup.nom>
        </sn>
      </sp>
      <f lem="," pos="fc" punct="comma" wd=","/>
    </S>
    <conj conjunctiontype="coordinating">
      <c lem="i" pos="cc" postype="coordinating" wd="i"/>
    </conj>
    <S>
      <sn arg="arg0" func="suj" tem="agt">
        <spec gen="m" num="p">
          <d gen="m" lem="tot" num="p" pos="di0mp0" postype="indefinite" wd="tots"/>
          <d gen="m" lem="el" num="p" pos="da0mp0" postype="article" wd="els"/>
        </spec>
        <grup.nom gen="m" num="p">
          <n gen="m" lem="establiment" num="p" pos="ncmp000" postype="common" sense="16:03325022" wd="establiments"/>
          <S clausetype="participle" impersonal="yes">
            <participi>
              <a gen="m" lem="distingit" lss="B22.unaccusative-passive-transitive" num="p" pos="aq0mpp" posfunction="participle" postype="qualificative" wd="distingits"/>
            </participi>
            <sp arg="argM" func="cc" tem="mnr">
              <prep>
                <s lem="amb" pos="sps00" postype="preposition" wd="amb"/>
              </prep>
              <sn>
                <grup.nom gen="m" num="p">
                  <n gen="m" lem="accèssit" num="p" pos="ncmp000" postype="common" sense="16:cs1" wd="accèssits"/>
                </grup.nom>
              </sn>
            </sp>
          </S>
        </grup.nom>
      </sn>
      <grup.verb>
        <v lem="rebre" lss="A34.ditransitive-patient-theme" mood="indicative" num="p" person="3" pos="vmif3p0" postype="main" tense="future" wd="rebran"/>
      </grup.verb>
      <sn arg="arg1" func="cd" tem="pat">
        <spec gen="m" num="s">
          <d gen="m" lem="un" num="s" pos="dn0ms0" postype="numeral" wd="un"/>
        </spec>
        <grup.nom gen="m" num="s">
          <n gen="m" lem="diploma" num="s" pos="ncms000" postype="common" sense="16:04864239" wd="diploma"/>
          <s.a gen="m" num="s">
            <grup.a gen="m" num="s">
              <a gen="m" lem="acreditatiu" num="s" pos="aq0ms0" postype="qualificative" wd="acreditatiu"/>
            </grup.a>
          </s.a>
        </grup.nom>
      </sn>
    </S>
    <f lem="." pos="fp" punct="period" wd="."/>
  </sentence>
  <sentence coord="yes">
    <S coord="yes">
      <S>
        <sn arg="arg0" entityref="ne" func="suj" ne="other" tem="agt">
          <spec gen="f" num="s">
            <d gen="f" lem="el" num="s" pos="da0fs0" postype="article" wd="La"/>
          </spec>
          <grup.nom gen="f" num="s">
            <n lem="Denominació_d'_Origen_Empordà-Costa_Brava" ne="other" pos="np0000a" postype="proper" sense="16:cs1" wd="Denominació_d'_Origen_Empordà-Costa_Brava"/>
          </grup.nom>
        </sn>
        <f lem="&quot;" pos="fe" punct="quotation" wd="&quot;"/>
        <grup.verb>
          <v lem="emparar" lss="A34.ditransitive-patient-theme" mood="indicative" num="s" person="3" pos="vmip3s0" postype="main" tense="present" wd="empara"/>
        </grup.verb>
      </S>
      <conj conjunctiontype="coordinating">
        <c lem="i" pos="cc" postype="coordinating" wd="i"/>
      </conj>
      <S>
        <sn arg="arg0" elliptic="yes" func="suj" tem="agt"/>
        <grup.verb>
          <v lem="garantir" lss="A21.transitive-agentive-patient" mood="indicative" num="s" person="3" pos="vmip3s0" postype="main" tense="present" wd="garanteix"/>
        </grup.verb>
      </S>
    </S>
    <sp adjunct="yes" arg="argM" func="cc" tem="tmp">
      <prep>
        <s lem="des_de" pos="sps00" postype="preposition" wd="des_de"/>
      </prep>
      <sn entityref="ne" ne="date">
        <grup.nom gen="m" num="s">
          <w lem="[??:??/??/1975:??.??]" ne="date" wd="1975"/>
        </grup.nom>
      </sn>
    </sp>
    <sn adjunct="yes" arg="arg1" func="cd" tem="pat">
      <spec gen="m" num="p">
        <d gen="m" lem="el" num="p" pos="da0mp0" postype="article" wd="els"/>
      </spec>
      <grup.nom gen="m" num="p">
        <n gen="m" lem="vi" num="p" pos="ncmp000" postype="common" sense="16:05916701" wd="vins"/>
        <S clausetype="participle" impersonal="yes">
          <participi>
            <a gen="m" lem="produït" lss="B22.unaccusative-passive-transitive" num="p" pos="aq0mpp" posfunction="participle" postype="qualificative" wd="produïts"/>
          </participi>
          <sp arg="argM" func="cc" tem="loc">
            <prep>
              <s lem="en" pos="sps00" postype="preposition" wd="en"/>
            </prep>
            <sn>
              <spec gen="f" num="s">
                <d gen="f" lem="aquest" num="s" pos="dd0fs0" postype="demonstrative" wd="aquesta"/>
              </spec>
              <grup.nom gen="f" num="s">
                <n gen="f" lem="zona" num="s" pos="ncfs000" postype="common" sense="16:06395720" wd="zona"/>
                <S clausetype="participle" impersonal="yes">
                  <participi>
                    <a gen="f" lem="situat" lss="B22.unaccusative-passive-transitive" num="s" pos="aq0fsp" posfunction="participle" postype="qualificative" wd="situada"/>
                  </participi>
                  <sp arg="arg2" func="creg" tem="loc">
                    <prep>
                      <s contracted="yes" gen="m" lem="al" num="s" pos="spcms" postype="preposition" wd="al"/>
                    </prep>
                    <sn>
                      <grup.nom gen="m" num="s">
                        <n gen="m" lem="nord" num="s" pos="ncms000" postype="common" sense="16:06311701" wd="nord"/>
                        <sp>
                          <prep>
                            <s lem="de" pos="sps00" postype="preposition" wd="de"/>
                          </prep>
                          <sn entityref="ne" ne="location">
                            <spec gen="f" num="s">
                              <d gen="f" lem="el" num="s" pos="da0fs0" postype="article" wd="la"/>
                            </spec>
                            <grup.nom gen="f" num="s">
                              <n gen="f" lem="comarca" num="s" pos="ncfs000" postype="common" sense="16:50004760" wd="comarca"/>
                              <sp>
                                <prep>
                                  <s lem="de" pos="sps00" postype="preposition" wd="de"/>
                                </prep>
                                <sn entityref="ne" ne="location">
                                  <grup.nom>
                                    <n lem="L'_Alt_Empordà" ne="location" pos="np0000l" postype="proper" sense="16:cs1" wd="L'_Alt_Empordà"/>
                                  </grup.nom>
                                </sn>
                              </sp>
                            </grup.nom>
                          </sn>
                        </sp>
                      </grup.nom>
                    </sn>
                  </sp>
                </S>
                <sp>
                  <f lem="&quot;" pos="fe" punct="quotation" wd="&quot;"/>
                  <f lem="," pos="fc" punct="comma" wd=","/>
                  <prep>
                    <s lem="amb" pos="sps00" postype="preposition" wd="amb"/>
                  </prep>
                  <sn>
                    <spec gen="f" num="s">
                      <d gen="f" lem="un" num="s" pos="di0fs0" postype="indefinite" wd="una"/>
                    </spec>
                    <grup.nom gen="f" num="s">
                      <n gen="f" lem="zona" num="s" pos="ncfs000" postype="common" sense="16:02207321" wd="zona"/>
                      <sp>
                        <prep>
                          <s lem="de" pos="sps00" postype="preposition" wd="de"/>
                        </prep>
                        <sn>
                          <grup.nom gen="f" num="s">
                            <n gen="f" lem="vinya" num="s" pos="ncfs000" postype="common" sense="16:03578669" wd="vinya"/>
                          </grup.nom>
                        </sn>
                      </sp>
                      <S clausetype="relative">
                        <relatiu arg="arg0" func="suj" tem="agt">
                          <p gen="c" lem="que" num="c" pos="pr0cn000" postype="relative" wd="que"/>
                        </relatiu>
                        <morfema.pronominal>
                          <p gen="c" lem="ell" num="c" person="3" pos="p0300000" wd="s'"/>
                        </morfema.pronominal>
                        <grup.verb>
                          <v lem="aproximar" lss="A22.transitive-agentive-theme" mood="indicative" num="s" person="3" pos="vmip3s0" postype="main" tense="present" wd="aproxima"/>
                        </grup.verb>
                        <sp arg="arg1" func="creg" tem="tem">
                          <prep>
                            <s lem="a" pos="sps00" postype="preposition" wd="a"/>
                          </prep>
                          <sn entityref="ne" ne="number">
                            <spec gen="f" num="p">
                              <d gen="f" lem="el" num="p" pos="da0fp0" postype="article" wd="les"/>
                              <z lem="2500" ne="number" wd="2.500"/>
                            </spec>
                            <grup.nom gen="f" num="p">
                              <n gen="f" lem="hectàrea" num="p" pos="ncfp000" postype="common" sense="16:09784524" wd="hectàrees"/>
                              <S clausetype="participle" impersonal="yes">
                                <participi>
                                  <a gen="f" lem="repartit" lss="B22.unaccusative-passive-transitive" num="p" pos="aq0fpp" posfunction="participle" postype="qualificative" wd="repartides"/>
                                </participi>
                                <sp arg="argM" func="cc" tem="adv">
                                  <prep>
                                    <s lem="en" pos="sps00" postype="preposition" wd="en"/>
                                  </prep>
                                  <sn>
                                    <spec gen="m" num="p">
                                      <z lem="39" ne="number" wd="39"/>
                                    </spec>
                                    <grup.nom gen="m" num="p">
                                      <n gen="m" lem="terme" num="p" pos="ncmp000" postype="common" sense="16:cs3" wd="termes"/>
                                      <s.a gen="m" num="p">
                                        <grup.a gen="m" num="p">
                                          <a gen="c" lem="municipal" num="p" pos="aq0cp0" postype="qualificative" wd="municipals"/>
                                        </grup.a>
                                      </s.a>
                                    </grup.nom>
                                  </sn>
                                </sp>
                              </S>
                            </grup.nom>
                          </sn>
                        </sp>
                        <sp func="ao">
                          <f lem="," pos="fc" punct="comma" wd=","/>
                          <prep>
                            <s lem="segons" pos="sps00" postype="preposition" wd="segons"/>
                          </prep>
                          <sn entityref="ne" ne="organization">
                            <spec gen="m" num="s">
                              <d gen="m" lem="el" num="s" pos="da0ms0" postype="article" wd="el"/>
                            </spec>
                            <grup.nom gen="m" num="s">
                              <n lem="Consell_Regulador" ne="organization" pos="np0000o" postype="proper" sense="16:cs1" wd="Consell_Regulador"/>
                            </grup.nom>
                          </sn>
                        </sp>
                      </S>
                    </grup.nom>
                  </sn>
                </sp>
              </grup.nom>
            </sn>
          </sp>
        </S>
      </grup.nom>
    </sn>
    <f lem="." pos="fp" punct="period" wd="."/>
  </sentence>
</article>
