<?xml version="1.0" encoding="UTF-8"?>
<!-- 

  ancora-2.0
       
			Copyright (C) 2007, 2008, 2009, 2010, 2011 UB - CLiC
			Centre de Llenguatge i Computació - Universitat de Barcelona
 
  This file is part of ancora-2.0.
 
  ancora-2.0 is free software and data: you can redistribute it and/or modify
  it under the terms of the GNU General Public License as published
  by the Free Software Foundation, either version 3 of the License,
  or (at your option) any later version.

  ancora-2.0 is distributed in the hope that it will be useful,
  but WITHOUT ANY WARRANTY; without even the implied warranty of
  MERCHANTABILITY or FITNESS FOR A PARTICULAR PURPOSE.  See the
  GNU General Public License for more details.
 
  You should have received a copy of the GNU General Public License
  along with ancora-2.0.  If not, see &lt;http://www.gnu.org/licenses/&gt;.
 
  Check a text in catalan explaining the terms of the license at http://www.softcatala.cat/wiki/GPL3.
  In spanish at http://www.viti.es/gnu/licenses/gpl.html
 

  The following paper must be cited when using this corpus:

 * Taulé, M., M.A. Martí, M. Recasens (2008) 'Ancora: Multilevel Annotated Corpora for Catalan and Spanish',
   Proceedings of 6th International Conference on Language Resources and Evaluation. Marrakesh (Morocco).

  In addition, the following paper must be cited if coreference information (attributes entity, coreftype,
  corefsubtype, homophoricDD or entityref) is used:

 * Recasens, Marta, M. Antònia Martí (2010) ‘AnCora-CO: Coreferentially annotated corpora for Spanish and
   Catalan’. Language Resources and Evaluation, Springer Science.

  Additionally, the following paper must be cited when argumental attributes in "sn" or "grup.nom"
  (attributes func, arg, tem or lexicalid) are used:

 * Peris, Aina, Mariona Taulé, Horacio Rodríguez (2010) ‘Semantic Annotation of Deverbal Nominalizations in the
   Spanish AnCora corpus’. Treebanks and Linguistic Theories (TLT-2010), Estonia.
-->
<article lng="ca">
  <sentence>
    <sn arg="arg0" entityref="ne" func="suj" ne="person" tem="agt">
      <grup.nom gen="m" num="s">
        <n lem="Paul_L._Ravelo" ne="person" pos="np0000p" postype="proper" sense="16:cs1" wd="Paul_L._Ravelo"/>
        <sn entityref="ne" ne="person">
          <f lem="," pos="fc" punct="comma" wd=","/>
          <grup.nom gen="m" num="s">
            <n gen="m" lem="doctor" num="s" pos="ncms000" postype="common" sense="16:07220720" wd="doctor"/>
            <sp>
              <prep>
                <s lem="en" pos="sps00" postype="preposition" wd="en"/>
              </prep>
              <sn>
                <grup.nom gen="f" num="p">
                  <n gen="f" lem="ciència" num="p" pos="ncfp000" postype="common" sense="16:04596663" wd="ciències"/>
                  <s.a gen="f" num="p">
                    <grup.a gen="f" num="p">
                      <a gen="f" lem="filosòfic" num="p" pos="aq0fp0" postype="qualificative" wd="filosòfiques"/>
                    </grup.a>
                  </s.a>
                </grup.nom>
              </sn>
            </sp>
            <sp>
              <prep>
                <s lem="per" pos="sps00" postype="preposition" wd="per"/>
              </prep>
              <sn entityref="ne" ne="organization">
                <spec gen="f" num="s">
                  <d gen="f" lem="el" num="s" pos="da0fs0" postype="article" wd="la"/>
                </spec>
                <grup.nom gen="f" num="s">
                  <n lem="Universitat_de_l'_Havana" ne="organization" pos="np0000o" postype="proper" sense="16:cs1" wd="Universitat_de_l'_Havana"/>
                </grup.nom>
              </sn>
            </sp>
          </grup.nom>
          <f lem="," pos="fc" punct="comma" wd=","/>
        </sn>
      </grup.nom>
    </sn>
    <grup.verb>
      <v lem="impartir" lss="A21.transitive-agentive-patient" mood="indicative" num="s" person="3" pos="vmif3s0" postype="main" tense="future" wd="impartirà"/>
    </grup.verb>
    <sp arg="argM" func="cc" tem="loc">
      <prep>
        <s lem="a" pos="sps00" postype="preposition" wd="a"/>
      </prep>
      <sn entityref="ne" ne="location">
        <spec gen="f" num="s">
          <d gen="f" lem="el" num="s" pos="da0fs0" postype="article" wd="la"/>
        </spec>
        <grup.nom gen="f" num="s">
          <n lem="Casa_de_Cultura" ne="location" pos="np0000l" postype="proper" sense="16:cs1" wd="Casa_de_Cultura"/>
          <sp>
            <prep>
              <s lem="de" pos="sps00" postype="preposition" wd="de"/>
            </prep>
            <sn entityref="ne" ne="location">
              <grup.nom>
                <n lem="Girona" ne="location" pos="np0000l" postype="proper" sense="16:50004694" wd="Girona"/>
              </grup.nom>
            </sn>
          </sp>
        </grup.nom>
      </sn>
    </sp>
    <sn arg="arg1" func="cd" tem="pat">
      <spec gen="m" num="s">
        <d gen="m" lem="el" num="s" pos="da0ms0" postype="article" wd="el"/>
      </spec>
      <grup.nom gen="m" num="s">
        <n gen="m" lem="curs" num="s" pos="ncms000" postype="common" sense="16:00568196" wd="curs"/>
        <sn entityref="ne" ne="other">
          <grup.nom gen="f" num="p">
            <f lem="'" pos="fz" punct="mathsign" wd="'"/>
            <n lem="Els_mites_de_la_globalització_neoliberal" ne="other" pos="np0000a" postype="proper" sense="16:cs1" wd="Els_mites_de_la_globalització_neoliberal"/>
            <f lem="'" pos="fz" punct="mathsign" wd="'"/>
          </grup.nom>
        </sn>
      </grup.nom>
    </sn>
    <f lem="." pos="fp" punct="period" wd="."/>
  </sentence>
  <sentence>
    <sn arg="arg0" func="suj" tem="agt">
      <spec gen="m" num="s">
        <d gen="m" lem="aquest" num="s" pos="dd0ms0" postype="demonstrative" wd="Aquest"/>
      </spec>
      <grup.nom gen="m" num="s">
        <n gen="m" lem="curs" num="s" pos="ncms000" postype="common" sense="16:00568196" wd="curs"/>
        <sp>
          <f lem="," pos="fc" punct="comma" wd=","/>
          <prep>
            <s lem="de" pos="sps00" postype="preposition" wd="de"/>
          </prep>
          <sn>
            <spec gen="f" num="p">
              <d gen="c" lem="tres" num="p" pos="dn0cp0" postype="numeral" wd="tres"/>
            </spec>
            <grup.nom gen="f" num="p">
              <n gen="f" lem="sessió" num="p" pos="ncfp000" postype="common" sense="16:cs1" wd="sessions"/>
              <sp>
                <prep>
                  <s lem="de" pos="sps00" postype="preposition" wd="d'"/>
                </prep>
                <sn complex="yes">
                  <spec gen="f" num="s">
                    <d gen="f" lem="un" num="s" pos="dn0fs0" postype="numeral" wd="una"/>
                  </spec>
                  <grup.nom coord="yes">
                    <grup.nom coord="yes">
                      <grup.nom gen="f" num="s">
                        <n gen="f" lem="hora" num="s" pos="ncfs000" postype="common" sense="16:10938063" wd="hora"/>
                      </grup.nom>
                      <conj conjunctiontype="coordinating">
                        <c lem="i" pos="cc" postype="coordinating" wd="i"/>
                      </conj>
                      <grup.nom gen="f" num="s">
                        <p gen="f" lem="mig" num="s" pos="pn0fs000" postype="numeral" wd="mitja"/>
                      </grup.nom>
                    </grup.nom>
                    <sp adjunct="yes">
                      <prep>
                        <s lem="de" pos="sps00" postype="preposition" wd="de"/>
                      </prep>
                      <sn>
                        <grup.nom gen="f" num="s">
                          <n gen="f" lem="durada" num="s" pos="ncfs000" postype="common" sense="16:10987716" wd="durada"/>
                        </grup.nom>
                      </sn>
                    </sp>
                  </grup.nom>
                </sn>
              </sp>
            </grup.nom>
          </sn>
          <f lem="," pos="fc" punct="comma" wd=","/>
        </sp>
      </grup.nom>
    </sn>
    <grup.verb>
      <v lem="proposar" lss="A32.ditransitive-patient-benefactive" mood="indicative" num="s" person="3" pos="vmip3s0" postype="main" tense="present" wd="proposa"/>
    </grup.verb>
    <sn arg="arg1" func="cd" tem="pat">
      <spec gen="f" num="s">
        <d gen="f" lem="un" num="s" pos="dn0fs0" postype="numeral" wd="una"/>
      </spec>
      <grup.nom gen="f" num="s">
        <n gen="f" lem="reflexió" num="s" pos="ncfs000" postype="common" sense="16:04450733" wd="reflexió"/>
        <sp>
          <prep>
            <s lem="sobre" pos="sps00" postype="preposition" wd="sobre"/>
          </prep>
          <sn coord="yes">
            <sn coord="yes">
              <sn>
                <spec gen="f" num="s">
                  <d gen="f" lem="el" num="s" pos="da0fs0" postype="article" wd="la"/>
                </spec>
                <grup.nom gen="f" num="s">
                  <n gen="f" lem="globalització" num="s" pos="ncfs000" postype="common" sense="16:cs1" wd="globalització"/>
                </grup.nom>
              </sn>
              <conj conjunctiontype="coordinating">
                <c lem="i" pos="cc" postype="coordinating" wd="i"/>
              </conj>
              <sn>
                <spec gen="m" num="p">
                  <d gen="m" lem="el_seu" num="p" person="3" pos="dp3mp0" postype="possessive" wd="els_seus"/>
                </spec>
                <grup.nom gen="m" num="p">
                  <n gen="m" lem="mite" num="p" pos="ncmp000" postype="common" sense="16:04803894" wd="mites"/>
                </grup.nom>
              </sn>
            </sn>
            <f lem="," pos="fc" punct="comma" wd=","/>
            <sn>
              <spec gen="m" num="s">
                <d gen="c" lem="el" num="s" pos="da0cs0" postype="article" wd="l'"/>
              </spec>
              <grup.nom gen="m" num="s">
                <n gen="m" lem="expansionisme" num="s" pos="ncms000" postype="common" sense="16:cs1" wd="expansionisme"/>
                <s.a gen="m" num="s">
                  <grup.a gen="m" num="s">
                    <a gen="c" lem="militarista" num="s" pos="aq0cs0" postype="qualificative" wd="militarista"/>
                  </grup.a>
                </s.a>
              </grup.nom>
            </sn>
            <f lem="," pos="fc" punct="comma" wd=","/>
            <sn>
              <spec gen="m" num="s">
                <d gen="m" lem="el" num="s" pos="da0ms0" postype="article" wd="el"/>
              </spec>
              <grup.nom gen="m" num="s">
                <n gen="m" lem="moviment" num="s" pos="ncms000" postype="common" sense="16:06251839" wd="moviment"/>
                <n gen="f" lem="antiglobalització" num="s" pos="ncfs000" postype="common" sense="16:cs1" wd="antiglobalització"/>
              </grup.nom>
            </sn>
            <f lem="," pos="fc" punct="comma" wd=","/>
            <sn>
              <spec gen="f" num="s">
                <d gen="f" lem="el" num="s" pos="da0fs0" postype="article" wd="la"/>
              </spec>
              <grup.nom gen="f" num="s">
                <n gen="f" lem="democràcia" num="s" pos="ncfs000" postype="common" sense="16:04711142" wd="democràcia"/>
              </grup.nom>
            </sn>
            <conj conjunctiontype="coordinating">
              <c lem="i" pos="cc" postype="coordinating" wd="i"/>
            </conj>
            <sn>
              <spec gen="f" num="s">
                <d gen="f" lem="el" num="s" pos="da0fs0" postype="article" wd="la"/>
              </spec>
              <grup.nom gen="f" num="s">
                <n gen="f" lem="responsabilitat" num="s" pos="ncfs000" postype="common" sense="16:00731811" wd="responsabilitat"/>
                <s.a gen="f" num="s">
                  <grup.a gen="f" num="s">
                    <a gen="f" lem="ciutadà" num="s" pos="aq0fs0" postype="qualificative" wd="ciutadana"/>
                  </grup.a>
                </s.a>
              </grup.nom>
            </sn>
          </sn>
        </sp>
      </grup.nom>
    </sn>
    <f lem="." pos="fp" punct="period" wd="."/>
  </sentence>
  <sentence coord="yes">
    <S>
      <sn arg="arg1" func="suj" tem="tem">
        <spec gen="m" num="s">
          <d gen="m" lem="el" num="s" pos="da0ms0" postype="article" wd="El"/>
        </spec>
        <grup.nom gen="m" num="s">
          <n gen="m" lem="curs" num="s" pos="ncms000" postype="common" sense="16:00568196" wd="curs"/>
        </grup.nom>
      </sn>
      <grup.verb>
        <v lem="tenir_lloc" lss="B11.unaccusative-motion" mood="indicative" num="s" person="3" pos="vmif3s0" postype="main" tense="future" wd="tindrà_lloc"/>
      </grup.verb>
      <sn arg="argM" complex="yes" entityref="ne" func="cc" ne="date" tem="tmp">
        <spec gen="m" num="p">
          <d gen="m" lem="el" num="p" pos="da0mp0" postype="article" wd="els"/>
        </spec>
        <grup.nom coord="yes">
          <grup.nom gen="m" num="p">
            <w lem="[??:10/??/??:??.??]" ne="date" wd="dies_10"/>
          </grup.nom>
          <f lem="," pos="fc" punct="comma" wd=","/>
          <grup.nom gen="m" num="p">
            <w lem="[??:11/??/??:??.??]" ne="date" wd="11"/>
          </grup.nom>
          <conj conjunctiontype="coordinating">
            <c lem="i" pos="cc" postype="coordinating" wd="i"/>
          </conj>
          <grup.nom gen="m" num="p">
            <w lem="[??:12/06/??:??.??]" ne="date" wd="12_de_juny"/>
          </grup.nom>
        </grup.nom>
      </sn>
      <f lem="," pos="fc" punct="comma" wd=","/>
    </S>
    <conj conjunctiontype="coordinating">
      <c lem="i" pos="cc" postype="coordinating" wd="i"/>
    </conj>
    <S>
      <sn arg="arg1" func="suj" tem="tem">
        <spec gen="m" num="s">
          <d gen="c" lem="el" num="s" pos="da0cs0" postype="article" wd="l'"/>
        </spec>
        <grup.nom gen="m" num="s">
          <n gen="m" lem="horari" num="s" pos="ncms000" postype="common" sense="16:04874965" wd="horari"/>
          <sp>
            <prep>
              <s lem="de" pos="sps00" postype="preposition" wd="de"/>
            </prep>
            <sn>
              <spec gen="f" num="p">
                <d gen="f" lem="el" num="p" pos="da0fp0" postype="article" wd="les"/>
              </spec>
              <grup.nom gen="f" num="p">
                <n gen="f" lem="sessió" num="p" pos="ncfp000" postype="common" sense="16:cs1" wd="sessions"/>
              </grup.nom>
            </sn>
          </sp>
        </grup.nom>
      </sn>
      <grup.verb>
        <v lem="ser" lss="C21.state-attributive" mood="indicative" num="s" person="3" pos="vmip3s0" postype="main" tense="present" wd="és"/>
      </grup.verb>
      <sn arg="arg2" complex="yes" entityref="ne" func="atr" ne="date" tem="atr">
        <grup.nom coord="yes">
          <conj conjunctiontype="coordinating">
            <s lem="de" pos="sps00" postype="preposition" wd="de"/>
          </conj>
          <grup.nom>
            <w lem="[??:??/??/??:18.30]" ne="date" wd="18.30"/>
          </grup.nom>
          <conj conjunctiontype="coordinating">
            <s lem="a" pos="sps00" postype="preposition" wd="a"/>
          </conj>
          <sn entityref="ne" ne="date">
            <grup.nom>
              <w lem="[??:??/??/??:20.00]" ne="date" wd="20_hores"/>
            </grup.nom>
          </sn>
        </grup.nom>
      </sn>
    </S>
    <f lem="." pos="fp" punct="period" wd="."/>
  </sentence>
  <sentence>
    <sn arg="arg1" entityref="ne" func="suj" ne="person" tem="tem">
      <grup.nom gen="m" num="s">
        <n lem="Ravelo" ne="person" pos="np0000p" postype="proper" sense="16:cs1" wd="Ravelo"/>
      </grup.nom>
    </sn>
    <grup.verb>
      <v lem="ser" lss="C11.state-existential" mood="indicative" num="s" person="3" pos="vmip3s0" postype="main" tense="present" wd="és"/>
    </grup.verb>
    <sp arg="arg2" func="creg" tem="loc">
      <prep>
        <s lem="a" pos="sps00" postype="preposition" wd="a"/>
      </prep>
      <sn entityref="ne" ne="location">
        <grup.nom>
          <n lem="Girona" ne="location" pos="np0000l" postype="proper" sense="16:50004694" wd="Girona"/>
        </grup.nom>
      </sn>
    </sp>
    <S arg="argM" clausetype="participle" func="cpred" impersonal="yes" predicate="suj" tem="atr">
      <participi>
        <a gen="m" lem="convidat" lss="B22.unaccusative-passive-transitive" num="s" pos="aq0msp" posfunction="participle" postype="qualificative" wd="convidat"/>
      </participi>
      <sp arg="arg0" func="cag" tem="agt">
        <prep>
          <s lem="per" pos="sps00" postype="preposition" wd="per"/>
        </prep>
        <sn entityref="ne" ne="other">
          <spec gen="f" num="s">
            <d gen="f" lem="el" num="s" pos="da0fs0" postype="article" wd="la"/>
          </spec>
          <grup.nom gen="f" num="s">
            <n gen="f" lem="càtedra" num="s" pos="ncfs000" postype="common" sense="16:50000167" wd="càtedra"/>
            <sn entityref="ne" ne="person">
              <grup.nom>
                <n lem="Ferrater_Mora" ne="person" pos="np0000p" postype="proper" sense="16:cs1" wd="Ferrater_Mora"/>
              </grup.nom>
            </sn>
            <sp>
              <prep>
                <s lem="de" pos="sps00" postype="preposition" wd="de"/>
              </prep>
              <sn entityref="ne" ne="other">
                <grup.nom>
                  <n lem="Pensament_Contemporani" ne="other" pos="np0000a" postype="proper" sense="16:cs1" wd="Pensament_Contemporani"/>
                </grup.nom>
              </sn>
            </sp>
            <sp>
              <prep>
                <s lem="de" pos="sps00" postype="preposition" wd="de"/>
              </prep>
              <sn entityref="ne" ne="organization">
                <spec gen="f" num="s">
                  <d gen="f" lem="el" num="s" pos="da0fs0" postype="article" wd="la"/>
                </spec>
                <grup.nom gen="f" num="s">
                  <n lem="Universitat_de_Girona" ne="organization" pos="np0000o" postype="proper" sense="16:cs1" wd="Universitat_de_Girona"/>
                </grup.nom>
              </sn>
            </sp>
          </grup.nom>
        </sn>
      </sp>
    </S>
    <f lem="." pos="fp" punct="period" wd="."/>
  </sentence>
  <sentence>
    <sn arg="arg0" elliptic="yes" func="suj" tem="agt"/>
    <grup.verb>
      <v lem="tractar" lss="A31.ditransitive-patient-locative" mood="indicative" num="s" person="3" pos="vmif3s0" postype="main" tense="future" wd="Tractarà"/>
    </grup.verb>
    <sn arg="arg1" coord="yes" func="cd" tem="pat">
      <sp adjunct="yes">
        <prep>
          <s lem="entre" pos="sps00" postype="preposition" wd="entre"/>
        </prep>
        <sn>
          <spec gen="m" num="p">
            <d gen="c" lem="altre" num="p" pos="di0cp0" postype="indefinite" wd="altres"/>
          </spec>
          <grup.nom gen="m" num="p">
            <n gen="m" lem="aspecte" num="p" pos="ncmp000" postype="common" sense="16:05080521" wd="aspectes"/>
          </grup.nom>
        </sn>
      </sp>
      <sn coord="yes">
        <sn>
          <spec gen="m" num="s">
            <d gen="m" lem="el" num="s" pos="da0ms0" postype="article" wd="el"/>
          </spec>
          <grup.nom gen="m" num="s">
            <n gen="m" lem="canvi" num="s" pos="ncms000" postype="common" sense="16:00125689" wd="canvi"/>
            <s.a gen="m" num="s">
              <grup.a gen="m" num="s">
                <a gen="m" lem="tecnològic" num="s" pos="aq0ms0" postype="qualificative" wd="tecnològic"/>
              </grup.a>
            </s.a>
          </grup.nom>
        </sn>
        <f lem="," pos="fc" punct="comma" wd=","/>
        <sn>
          <spec gen="f" num="s">
            <d gen="f" lem="el" num="s" pos="da0fs0" postype="article" wd="la"/>
          </spec>
          <grup.nom gen="f" num="s">
            <n gen="f" lem="fi" num="s" pos="ncfs000" postype="common" sense="16:04586952" wd="fi"/>
            <sp>
              <prep>
                <s lem="de" pos="sps00" postype="preposition" wd="de"/>
              </prep>
              <sn>
                <spec gen="m" num="s">
                  <d gen="c" lem="el" num="s" pos="da0cs0" postype="article" wd="l'"/>
                </spec>
                <grup.nom gen="m" num="s">
                  <n gen="m" lem="estat-nació" num="s" pos="ncms000" postype="common" sense="16:cs1" wd="estat-nació"/>
                </grup.nom>
              </sn>
            </sp>
          </grup.nom>
        </sn>
        <f lem="," pos="fc" punct="comma" wd=","/>
        <sn>
          <spec gen="f" num="s">
            <d gen="f" lem="el" num="s" pos="da0fs0" postype="article" wd="la"/>
          </spec>
          <grup.nom gen="f" num="s">
            <n gen="f" lem="biotecnologia" num="s" pos="ncfs000" postype="common" sense="16:cs1" wd="biotecnologia"/>
          </grup.nom>
        </sn>
        <f lem="," pos="fc" punct="comma" wd=","/>
        <sn>
          <spec gen="m" num="s">
            <d gen="m" lem="el" num="s" pos="da0ms0" postype="article" wd="el"/>
          </spec>
          <grup.nom gen="m" num="s">
            <n gen="m" lem="militarisme" num="s" pos="ncms000" postype="common" sense="16:04714987" wd="militarisme"/>
          </grup.nom>
        </sn>
      </sn>
    </sn>
    <f lem="." pos="fp" punct="period" wd="."/>
  </sentence>
  <sentence coord="yes">
    <S>
      <sn arg="arg1" coord="yes" func="suj" tem="pat">
        <sn>
          <spec gen="f" num="s">
            <d gen="f" lem="el" num="s" pos="da0fs0" postype="article" wd="La"/>
          </spec>
          <grup.nom gen="f" num="s">
            <n gen="f" lem="globalització" num="s" pos="ncfs000" postype="common" sense="16:cs1" wd="globalització"/>
            <s.a gen="f" num="s">
              <grup.a gen="f" num="s">
                <a gen="c" lem="neoliberal" num="s" pos="aq0cs0" postype="qualificative" wd="neoliberal"/>
              </grup.a>
            </s.a>
          </grup.nom>
        </sn>
        <conj conjunctiontype="coordinating">
          <c lem="i" pos="cc" postype="coordinating" wd="i"/>
        </conj>
        <sn>
          <spec gen="f" num="s">
            <d gen="f" lem="el" num="s" pos="da0fs0" postype="article" wd="la"/>
          </spec>
          <grup.nom gen="f" num="s">
            <n gen="f" lem="resistència" num="s" pos="ncfs000" postype="common" sense="16:00132311" wd="resistència"/>
            <s.a gen="f" num="s">
              <grup.a gen="f" num="s">
                <a gen="f" lem="ciutadà" num="s" pos="aq0fs0" postype="qualificative" wd="ciutadana"/>
              </grup.a>
            </s.a>
            <s.a gen="f" num="s">
              <grup.a gen="f" num="s">
                <a gen="c" lem="internacional" num="s" pos="aq0cs0" postype="qualificative" wd="internacional"/>
              </grup.a>
            </s.a>
          </grup.nom>
        </sn>
      </sn>
      <morfema.verbal func="pass">
        <p gen="c" lem="es" num="c" pos="p0000000" wd="es"/>
      </morfema.verbal>
      <grup.verb>
        <v lem="debatre" lss="B22.unaccusative-passive-transitive" mood="indicative" num="p" person="3" pos="vmif3p0" postype="main" tense="future" wd="debatran"/>
      </grup.verb>
      <sp arg="argM" func="cc" tem="loc">
        <prep>
          <s lem="en" pos="sps00" postype="preposition" wd="en"/>
        </prep>
        <sn>
          <spec gen="f" num="s">
            <d gen="f" lem="el" num="s" pos="da0fs0" postype="article" wd="la"/>
          </spec>
          <grup.nom gen="f" num="s">
            <s.a gen="f" num="s">
              <grup.a gen="f" num="s">
                <a gen="f" lem="segon" num="s" pos="ao0fs0" postype="ordinal" wd="segona"/>
              </grup.a>
            </s.a>
            <n gen="f" lem="sessió" num="s" pos="ncfs000" postype="common" sense="16:cs1" wd="sessió"/>
          </grup.nom>
        </sn>
      </sp>
      <f lem=";" pos="fx" punct="semicolon" wd=";"/>
    </S>
    <conj conjunctiontype="coordinating">
      <c lem="i" pos="cc" postype="coordinating" wd="i"/>
    </conj>
    <S>
      <sp arg="argM" func="cc" tem="loc">
        <prep>
          <s lem="en" pos="sps00" postype="preposition" wd="en"/>
        </prep>
        <sn>
          <spec gen="f" num="s">
            <d gen="f" lem="el" num="s" pos="da0fs0" postype="article" wd="la"/>
          </spec>
          <grup.nom gen="f" num="s">
            <a gen="f" lem="tercer" num="s" pos="ao0fs0" postype="ordinal" wd="tercera"/>
          </grup.nom>
        </sn>
      </sp>
      <morfema.verbal func="pass">
        <p gen="c" lem="es" num="c" pos="p0000000" wd="es"/>
      </morfema.verbal>
      <grup.verb>
        <v lem="posar" lss="A22.transitive-agentive-theme" mood="indicative" num="s" person="3" pos="vmif3s0" postype="main" tense="future" wd="posarà"/>
      </grup.verb>
      <sn arg="argL" func="suj">
        <grup.nom gen="m" num="s">
          <n gen="m" lem="èmfasi" num="s" pos="ncms000" postype="common" sense="16:10356373" wd="èmfasi"/>
        </grup.nom>
      </sn>
      <sp arg="arg2" func="creg" tem="tem">
        <prep>
          <s lem="en" pos="sps00" postype="preposition" wd="en"/>
        </prep>
        <sn>
          <spec gen="f" num="s">
            <d gen="f" lem="el" num="s" pos="da0fs0" postype="article" wd="la"/>
          </spec>
          <grup.nom gen="f" num="s">
            <n gen="f" lem="situació" num="s" pos="ncfs000" postype="common" sense="16:10035141" wd="situació"/>
            <sp>
              <prep>
                <s lem="de" pos="sps00" postype="preposition" wd="de"/>
              </prep>
              <sn entityref="ne" ne="location">
                <grup.nom>
                  <n lem="Cuba" ne="location" pos="np0000l" postype="proper" wd="Cuba"/>
                </grup.nom>
              </sn>
            </sp>
            <sp>
              <prep>
                <s lem="en" pos="sps00" postype="preposition" wd="en"/>
              </prep>
              <sn>
                <spec gen="m" num="s">
                  <d gen="m" lem="el" num="s" pos="da0ms0" postype="article" wd="el"/>
                </spec>
                <grup.nom gen="m" num="s">
                  <n gen="m" lem="context" num="s" pos="ncms000" postype="common" sense="16:10409482" wd="context"/>
                  <sp>
                    <prep>
                      <s lem="de" pos="sps00" postype="preposition" wd="de"/>
                    </prep>
                    <sn>
                      <spec gen="f" num="s">
                        <d gen="f" lem="el" num="s" pos="da0fs0" postype="article" wd="la"/>
                      </spec>
                      <grup.nom gen="f" num="s">
                        <n gen="f" lem="globalització" num="s" pos="ncfs000" postype="common" sense="16:cs1" wd="globalització"/>
                      </grup.nom>
                    </sn>
                  </sp>
                  <sp>
                    <prep>
                      <s lem="de" pos="sps00" postype="preposition" wd="d'"/>
                    </prep>
                    <sadv>
                      <grup.adv>
                        <r lem="avui_dia" pos="rg" wd="avui_dia"/>
                      </grup.adv>
                    </sadv>
                  </sp>
                </grup.nom>
              </sn>
            </sp>
          </grup.nom>
        </sn>
      </sp>
    </S>
    <f lem="." pos="fp" punct="period" wd="."/>
  </sentence>
  <sentence>
    <sn arg="arg1" func="suj" tem="tem">
      <grup.nom gen="m" num="s">
        <S clausetype="participle" impersonal="yes">
          <participi>
            <a gen="m" lem="nascut" lss="B11.unaccusative-motion" num="s" pos="aq0msp" posfunction="participle" postype="qualificative" wd="Nascut"/>
          </participi>
          <sp arg="argM" func="cc" tem="loc">
            <prep>
              <s lem="a" pos="sps00" postype="preposition" wd="a"/>
            </prep>
            <sn entityref="ne" ne="location">
              <sn entityref="ne" ne="location">
                <grup.nom>
                  <n lem="L'_Havana" ne="location" pos="np0000l" postype="proper" sense="16:cs1" wd="L'_Havana"/>
                </grup.nom>
              </sn>
              <sn adjunct="yes" entityref="ne" ne="location">
                <grup.nom>
                  <f lem="(" pos="fpa" punct="bracket" punctenclose="open" wd="("/>
                  <n lem="Cuba" ne="location" pos="np0000l" postype="proper" wd="Cuba"/>
                  <f lem=")" pos="fpt" punct="bracket" punctenclose="close" wd=")"/>
                </grup.nom>
              </sn>
            </sn>
          </sp>
          <sn arg="argM" entityref="ne" func="cc" ne="date" tem="tmp">
            <spec gen="m" num="s">
              <d gen="c" lem="el" num="s" pos="da0cs0" postype="article" wd="l'"/>
            </spec>
            <grup.nom gen="m" num="s">
              <w lem="[??:??/??/1962:??.??]" ne="date" wd="any_1962"/>
            </grup.nom>
          </sn>
          <f lem="," pos="fc" punct="comma" wd=","/>
        </S>
        <n lem="Ravelo" ne="person" pos="np0000p" postype="proper" sense="16:cs1" wd="Ravelo"/>
      </grup.nom>
    </sn>
    <grup.verb>
      <v lem="ser" lss="C21.state-attributive" mood="indicative" num="s" person="3" pos="vmip3s0" postype="main" tense="present" wd="és"/>
    </grup.verb>
    <sn arg="arg2" entityref="ne" func="atr" ne="person" tem="atr">
      <sn entityref="ne" ne="person">
        <grup.nom gen="m" num="s">
          <n gen="m" lem="doctor" num="s" pos="ncms000" postype="common" sense="16:07220720" wd="doctor"/>
          <sp>
            <prep>
              <s lem="en" pos="sps00" postype="preposition" wd="en"/>
            </prep>
            <sn>
              <grup.nom>
                <n lem="Ciències_Filosòfiques" ne="other" pos="np0000a" postype="proper" sense="16:cs1" wd="Ciències_Filosòfiques"/>
              </grup.nom>
            </sn>
          </sp>
          <sp>
            <prep>
              <s lem="per" pos="sps00" postype="preposition" wd="per"/>
            </prep>
            <sn entityref="ne" ne="organization">
              <spec gen="f" num="s">
                <d gen="f" lem="el" num="s" pos="da0fs0" postype="article" wd="la"/>
              </spec>
              <grup.nom discid="1n" gen="f" num="s">
                <n lem="Universitat_de_l'_Havana" ne="organization" pos="np0000o" postype="proper" sense="16:cs1" wd="Universitat_de_l'_Havana"/>
              </grup.nom>
            </sn>
          </sp>
        </grup.nom>
      </sn>
      <sn adjunct="yes" entityref="ne" ne="date">
        <grup.nom gen="m" num="s">
          <f lem="(" pos="fpa" punct="bracket" punctenclose="open" wd="("/>
          <w lem="[??:??/??/1998:??.??]" ne="date" wd="1998"/>
          <f lem=")" pos="fpt" punct="bracket" punctenclose="close" wd=")"/>
        </grup.nom>
      </sn>
    </sn>
    <S clausetype="relative" coord="yes" discid="1c">
      <f lem="," pos="fc" punct="comma" wd=","/>
      <relatiu arg="argM" func="cc" tem="loc">
        <p lem="on" pos="pr000000" postype="relative" wd="on"/>
      </relatiu>
      <S clausetype="relative">
        <sn arg="arg0" elliptic="yes" func="suj" tem="agt"/>
        <grup.verb>
          <v lem="treballar" lss="D11.inergative-agentive" mood="indicative" num="s" person="3" pos="vmip3s0" postype="main" tense="present" wd="treballa"/>
        </grup.verb>
        <sp arg="argM" func="cpred" predicate="suj" tem="atr">
          <prep>
            <s lem="com_a" pos="sps00" postype="preposition" wd="com_a"/>
          </prep>
          <sn entityref="ne" ne="person">
            <grup.nom gen="m" num="s">
              <n gen="m" lem="professor" num="s" pos="ncms000" postype="common" sense="16:07632177" wd="professor"/>
              <s.a gen="m" num="s">
                <grup.a gen="m" num="s">
                  <a gen="c" lem="auxiliar" num="s" pos="aq0cs0" postype="qualificative" wd="auxiliar"/>
                </grup.a>
              </s.a>
              <sp>
                <prep>
                  <s lem="de" pos="sps00" postype="preposition" wd="de"/>
                </prep>
                <sn entityref="ne" ne="organization">
                  <spec gen="f" num="s">
                    <d gen="f" lem="el" num="s" pos="da0fs0" postype="article" wd="la"/>
                  </spec>
                  <grup.nom gen="f" num="s">
                    <n lem="Facultat_de_Filosofia_,_Sociologia_i_Història" ne="organization" pos="np0000o" postype="proper" sense="16:cs1" wd="Facultat_de_Filosofia_,_Sociologia_i_Història"/>
                  </grup.nom>
                </sn>
              </sp>
            </grup.nom>
          </sn>
        </sp>
      </S>
      <conj conjunctiontype="coordinating">
        <c lem="i" pos="cc" postype="coordinating" wd="i"/>
      </conj>
      <S clausetype="relative">
        <sn arg="arg0" elliptic="yes" func="suj" tem="agt"/>
        <grup.verb>
          <v lem="impartir" lss="A21.transitive-agentive-patient" mood="indicative" num="s" person="3" pos="vmip3s0" postype="main" tense="present" wd="imparteix"/>
        </grup.verb>
        <sn arg="arg1" complex="yes" func="cd" tem="pat">
          <grup.nom coord="yes">
            <grup.nom coord="yes">
              <grup.nom gen="f" num="p">
                <n gen="f" lem="classe" num="p" pos="ncfp000" postype="common" sense="16:00568196" wd="classes"/>
                <sp>
                  <prep>
                    <s lem="de" pos="sps00" postype="preposition" wd="de"/>
                  </prep>
                  <sn entityref="ne" ne="other">
                    <grup.nom gen="m" num="s">
                      <n lem="Pensament" ne="other" pos="np0000a" postype="proper" sense="16:cs1" wd="Pensament"/>
                      <s.a gen="m" num="s">
                        <grup.a gen="m" num="s">
                          <a gen="m" lem="filosòfic" num="s" pos="aq0ms0" postype="qualificative" wd="filosòfic"/>
                        </grup.a>
                      </s.a>
                      <s.a gen="m" num="s">
                        <grup.a gen="m" num="s">
                          <a gen="m" lem="contemporani" num="s" pos="aq0ms0" postype="qualificative" wd="contemporani"/>
                        </grup.a>
                      </s.a>
                    </grup.nom>
                  </sn>
                </sp>
                <f lem="," pos="fc" punct="comma" wd=","/>
              </grup.nom>
              <conj conjunctiontype="coordinating">
                <c lem="i" pos="cc" postype="coordinating" wd="i"/>
              </conj>
              <grup.nom gen="m" num="p">
                <n gen="m" lem="curs" num="p" pos="ncmp000" postype="common" sense="16:00568196" wd="cursos"/>
                <sp>
                  <prep>
                    <s lem="de" pos="sps00" postype="preposition" wd="de"/>
                  </prep>
                  <sn complex="yes">
                    <grup.nom coord="yes">
                      <grup.nom gen="m" num="s">
                        <n gen="m" lem="postgrau" num="s" pos="ncms000" postype="common" sense="16:cs1" wd="postgrau"/>
                      </grup.nom>
                      <f lem="," pos="fc" punct="comma" wd=","/>
                      <grup.nom gen="f" num="s">
                        <n gen="f" lem="mestria" num="s" pos="ncfs000" postype="common" sense="16:04361152" wd="mestria"/>
                      </grup.nom>
                      <conj conjunctiontype="coordinating">
                        <c lem="i" pos="cc" postype="coordinating" wd="i"/>
                      </conj>
                      <grup.nom gen="m" num="s">
                        <n gen="m" lem="doctorat" num="s" pos="ncms000" postype="common" sense="16:cs1" wd="doctorat"/>
                      </grup.nom>
                    </grup.nom>
                  </sn>
                </sp>
              </grup.nom>
            </grup.nom>
            <sp adjunct="yes">
              <prep>
                <s lem="en" pos="sps00" postype="preposition" wd="en"/>
              </prep>
              <sn>
                <spec gen="m" num="s">
                  <d gen="c" lem="el" num="s" pos="da0cs0" postype="article" wd="l'"/>
                </spec>
                <grup.nom gen="m" num="s">
                  <n gen="m" lem="àmbit" num="s" pos="ncms000" postype="common" sense="16:04594727" wd="àmbit"/>
                  <sp>
                    <prep>
                      <s lem="de" pos="sps00" postype="preposition" wd="de"/>
                    </prep>
                    <sn coord="yes">
                      <sn>
                        <spec gen="f" num="s">
                          <d gen="f" lem="el" num="s" pos="da0fs0" postype="article" wd="la"/>
                        </spec>
                        <grup.nom gen="f" num="s">
                          <n gen="f" lem="filosofia" num="s" pos="ncfs000" postype="common" sense="16:04678959" wd="filosofia"/>
                          <s.a gen="f" num="s">
                            <grup.a gen="f" num="s">
                              <a gen="f" lem="contemporani" num="s" pos="aq0fs0" postype="qualificative" wd="contemporània"/>
                            </grup.a>
                          </s.a>
                        </grup.nom>
                      </sn>
                      <f lem="," pos="fc" punct="comma" wd=","/>
                      <sn>
                        <spec gen="f" num="s">
                          <d gen="c" lem="el" num="s" pos="da0cs0" postype="article" wd="l'"/>
                        </spec>
                        <grup.nom gen="f" num="s">
                          <n gen="f" lem="ètica" num="s" pos="ncfs000" postype="common" sense="16:04679276" wd="ètica"/>
                        </grup.nom>
                      </sn>
                      <conj conjunctiontype="coordinating">
                        <c lem="i" pos="cc" postype="coordinating" wd="i"/>
                      </conj>
                      <sn>
                        <spec gen="f" num="s">
                          <d gen="f" lem="el" num="s" pos="da0fs0" postype="article" wd="la"/>
                        </spec>
                        <grup.nom gen="f" num="s">
                          <n gen="f" lem="globalització" num="s" pos="ncfs000" postype="common" sense="16:cs1" wd="globalització"/>
                        </grup.nom>
                      </sn>
                    </sn>
                  </sp>
                </grup.nom>
              </sn>
            </sp>
          </grup.nom>
        </sn>
      </S>
    </S>
    <f lem="." pos="fp" punct="period" wd="."/>
  </sentence>
  <sentence>
    <sn arg="arg0" elliptic="yes" func="suj" tem="agt"/>
    <grup.verb>
      <v lem="haver" mood="indicative" num="s" person="3" pos="vaip3s0" postype="auxiliary" tense="present" wd="Ha"/>
      <v gen="m" lem="participar" lss="A22.transitive-agentive-theme" mood="participle" num="s" pos="vmp00sm" postype="main" wd="participat"/>
    </grup.verb>
    <sp arg="arg1" func="creg" tem="tem">
      <prep>
        <s lem="en" pos="sps00" postype="preposition" wd="en"/>
      </prep>
      <sn>
        <spec gen="m" num="p">
          <r lem="més" pos="rg" wd="més"/>
          <s lem="de" pos="sps00" postype="preposition" wd="de"/>
          <d gen="c" lem="quaranta" num="p" pos="dn0cp0" postype="numeral" wd="quaranta"/>
        </spec>
        <grup.nom gen="m" num="p">
          <n gen="m" lem="congrés" num="p" pos="ncmp000" postype="common" sense="16:05343252" wd="congressos"/>
          <s.a gen="m" num="p">
            <grup.a gen="m" num="p">
              <a gen="m" lem="científic" num="p" pos="aq0mp0" postype="qualificative" wd="científics"/>
            </grup.a>
          </s.a>
          <s.a complex="yes" gen="m" num="p">
            <grup.a coord="yes" gen="m" num="p">
              <grup.a gen="m" num="p">
                <a gen="c" lem="nacional" num="p" pos="aq0cp0" postype="qualificative" wd="nacionals"/>
              </grup.a>
              <conj conjunctiontype="coordinating">
                <c lem="i" pos="cc" postype="coordinating" wd="i"/>
              </conj>
              <grup.a gen="m" num="p">
                <a gen="c" lem="internacional" num="p" pos="aq0cp0" postype="qualificative" wd="internacionals"/>
              </grup.a>
            </grup.a>
          </s.a>
        </grup.nom>
      </sn>
    </sp>
    <f lem="." pos="fp" punct="period" wd="."/>
  </sentence>
  <sentence>
    <S clausesubtype="concessive" clausetype="adverbial" func="ao">
      <conj conjunctiontype="subordinating">
        <c lem="tot_i_que" pos="cs" postype="subordinating" wd="Tot_i_que"/>
      </conj>
      <sn arg="arg1" func="suj" tem="tem">
        <spec gen="f" num="s">
          <d gen="f" lem="el" num="s" pos="da0fs0" postype="article" wd="la"/>
        </spec>
        <grup.nom gen="f" num="s">
          <n gen="f" lem="matrícula" num="s" pos="ncfs000" postype="common" sense="16:00810945" wd="matrícula"/>
          <sp>
            <prep>
              <s contracted="yes" gen="m" lem="al" num="s" pos="spcms" postype="preposition" wd="al"/>
            </prep>
            <sn>
              <grup.nom gen="m" num="s">
                <n gen="m" lem="curs" num="s" pos="ncms000" postype="common" sense="16:00568196" wd="curs"/>
              </grup.nom>
            </sn>
          </sp>
        </grup.nom>
      </sn>
      <grup.verb>
        <v lem="ser" lss="C21.state-attributive" mood="indicative" num="s" person="3" pos="vmip3s0" postype="main" tense="present" wd="és"/>
      </grup.verb>
      <sa arg="arg2" func="atr" tem="atr">
        <grup.a>
          <a gen="f" lem="gratuït" num="s" pos="aq0fs0" postype="qualificative" wd="gratuïta"/>
        </grup.a>
      </sa>
    </S>
    <grup.verb>
      <v lem="caldre" lss="C41.state-benefactive" mood="indicative" num="s" person="3" pos="vmip3s0" postype="main" tense="present" wd="cal"/>
    </grup.verb>
    <S arg="arg1" clausetype="completive" func="suj" impersonal="yes" tem="tem">
      <infinitiu>
        <v lem="inscriure" lss="A21.transitive-agentive-patient" mood="infinitive" pos="vmn0000" postype="main" wd="inscriure"/>
      </infinitiu>
      <morfema.pronominal>
        <p gen="c" lem="ell" num="c" person="3" pos="p0300000" wd="'s"/>
      </morfema.pronominal>
      <sp arg="arg2" coord="yes" func="creg" tem="loc">
        <sp>
          <prep>
            <s lem="a" pos="sps00" postype="preposition" wd="a"/>
          </prep>
          <sn entityref="ne" ne="location">
            <spec gen="f" num="s">
              <d gen="f" lem="el" num="s" pos="da0fs0" postype="article" wd="la"/>
            </spec>
            <grup.nom gen="f" num="s">
              <n gen="f" lem="secretaria" num="s" pos="ncfs000" postype="common" sense="16:06172324" wd="secretaria"/>
              <sp>
                <prep>
                  <s lem="de" pos="sps00" postype="preposition" wd="de"/>
                </prep>
                <sn entityref="ne" ne="organization">
                  <spec gen="f" num="s">
                    <d gen="f" lem="el" num="s" pos="da0fs0" postype="article" wd="la"/>
                  </spec>
                  <grup.nom gen="f" num="s">
                    <n lem="Casa_Cultura" ne="organization" pos="np0000o" postype="proper" sense="16:cs1" wd="Casa_Cultura"/>
                  </grup.nom>
                </sn>
              </sp>
            </grup.nom>
          </sn>
        </sp>
        <conj conjunctiontype="coordinating">
          <c lem="o" pos="cc" postype="coordinating" wd="o"/>
        </conj>
        <sp>
          <prep>
            <s contracted="yes" gen="m" lem="a_través_del" num="s" pos="spcms" postype="preposition" wd="a_través_del"/>
          </prep>
          <sn entityref="ne" ne="other">
            <grup.nom gen="m" num="s">
              <n gen="m" lem="correu" num="s" pos="ncms000" postype="common" sense="16:cs3" wd="correu"/>
              <s.a gen="m" num="s">
                <grup.a gen="m" num="s">
                  <a gen="m" lem="electrònic" num="s" pos="aq0ms0" postype="qualificative" wd="electrònic"/>
                </grup.a>
              </s.a>
              <sn entityref="ne" ne="other">
                <grup.nom>
                  <n lem="secretaria@casadecultura.org" ne="other" pos="np0000a" postype="proper" sense="16:cs1" wd="secretaria@casadecultura.org"/>
                </grup.nom>
              </sn>
            </grup.nom>
          </sn>
        </sp>
      </sp>
    </S>
    <f lem="." pos="fp" punct="period" wd="."/>
  </sentence>
</article>
