<?xml version="1.0" encoding="UTF-8" standalone="no"?>
<!-- 

  ancora-2.0
       
			Copyright (C) 2007, 2008, 2009, 2010, 2011 UB - CLiC
			Centre de Llenguatge i Computació - Universitat de Barcelona
 
  This file is part of ancora-2.0.
 
  ancora-2.0 is free software and data: you can redistribute it and/or modify
  it under the terms of the GNU General Public License as published
  by the Free Software Foundation, either version 3 of the License,
  or (at your option) any later version.

  ancora-2.0 is distributed in the hope that it will be useful,
  but WITHOUT ANY WARRANTY; without even the implied warranty of
  MERCHANTABILITY or FITNESS FOR A PARTICULAR PURPOSE.  See the
  GNU General Public License for more details.
 
  You should have received a copy of the GNU General Public License
  along with ancora-2.0.  If not, see &lt;http://www.gnu.org/licenses/&gt;.
 
  Check a text in catalan explaining the terms of the license at http://www.softcatala.cat/wiki/GPL3.
  In spanish at http://www.viti.es/gnu/licenses/gpl.html
 

  The following paper must be cited when using this corpus:

 * Taulé, M., M.A. Martí, M. Recasens (2008) 'Ancora: Multilevel Annotated Corpora for Catalan and Spanish',
   Proceedings of 6th International Conference on Language Resources and Evaluation. Marrakesh (Morocco).

  In addition, the following paper must be cited if coreference information (attributes entity, coreftype,
  corefsubtype, homophoricDD or entityref) is used:

 * Recasens, Marta, M. Antònia Martí (2010) ‘AnCora-CO: Coreferentially annotated corpora for Spanish and
   Catalan’. Language Resources and Evaluation, Springer Science.

  Additionally, the following paper must be cited when argumental attributes in "sn" or "grup.nom"
  (attributes func, arg, tem or lexicalid) are used:

 * Peris, Aina, Mariona Taulé, Horacio Rodríguez (2010) ‘Semantic Annotation of Deverbal Nominalizations in the
   Spanish AnCora corpus’. Treebanks and Linguistic Theories (TLT-2010), Estonia.
-->
<article lng="ca">
  <sentence>
    <sn arg="arg1" func="suj" tem="tem">
      <spec gen="m" num="s">
        <d gen="m" lem="un" num="s" pos="di0ms0" postype="indefinite" wd="Un"/>
      </spec>
      <grup.nom gen="m" num="s">
        <n gen="m" lem="veí" num="s" pos="ncms000" postype="common" sense="16:06949059" wd="veí"/>
        <sp>
          <prep>
            <s lem="de" pos="sps00" postype="preposition" wd="de"/>
          </prep>
          <sn entityref="ne" ne="location">
            <grup.nom>
              <n lem="L'_Escala" ne="location" pos="np0000l" postype="proper" sense="16:cs1" wd="L'_Escala"/>
            </grup.nom>
          </sn>
        </sp>
        <sp>
          <prep>
            <s lem="de" pos="sps00" postype="preposition" wd="de"/>
          </prep>
          <sn>
            <spec gen="m" num="p">
              <z lem="51" ne="number" wd="51"/>
            </spec>
            <grup.nom gen="m" num="p">
              <n gen="m" lem="any" num="p" pos="ncmp000" postype="common" sense="16:10917509" wd="anys"/>
            </grup.nom>
          </sn>
        </sp>
      </grup.nom>
    </sn>
    <grup.verb>
      <v lem="haver" mood="indicative" num="s" person="3" pos="vaip3s0" postype="auxiliary" tense="present" wd="ha"/>
      <v gen="m" lem="morir" lss="B21.unaccusative-state" mood="participle" num="s" pos="vmp00sm" postype="main" wd="mort"/>
    </grup.verb>
    <sn arg="argM" func="cc" tem="tmp">
      <spec gen="m" num="s">
        <d gen="m" lem="aquest" num="s" pos="dd0ms0" postype="demonstrative" wd="aquest"/>
      </spec>
      <grup.nom gen="m" num="s">
        <n gen="m" lem="matí" num="s" pos="ncms000" postype="common" sense="16:10884278" wd="matí"/>
      </grup.nom>
    </sn>
    <sp arg="argM" func="cc" tem="loc">
      <prep>
        <s lem="en" pos="sps00" postype="preposition" wd="en"/>
      </prep>
      <sn>
        <spec gen="m" num="s">
          <d gen="m" lem="un" num="s" pos="di0ms0" postype="indefinite" wd="un"/>
        </spec>
        <grup.nom gen="m" num="s">
          <n gen="m" lem="accident" num="s" pos="ncms000" postype="common" sense="16:05443572" wd="accident"/>
          <sp>
            <prep>
              <s lem="de" pos="sps00" postype="preposition" wd="de"/>
            </prep>
            <sn>
              <grup.nom gen="m" num="s">
                <n gen="m" lem="trànsit" num="s" pos="ncms000" postype="common" sense="16:06231214" wd="trànsit"/>
              </grup.nom>
            </sn>
          </sp>
          <S clausetype="relative">
            <relatiu arg="arg1" func="suj" tem="tem">
              <p gen="c" lem="que" num="c" pos="pr0cn000" postype="relative" wd="que"/>
            </relatiu>
            <grup.verb>
              <v lem="haver" mood="indicative" num="s" person="3" pos="vaip3s0" postype="auxiliary" tense="present" wd="ha"/>
              <v gen="m" lem="passar" lss="C42.state-experiencer" mood="participle" num="s" pos="vmp00sm" postype="main" wd="passat"/>
            </grup.verb>
            <sp arg="argM" func="cc" tem="loc">
              <prep>
                <s lem="a" pos="sps00" postype="preposition" wd="a"/>
              </prep>
              <sn entityref="ne" ne="location">
                <grup.nom>
                  <n lem="Figueres" ne="location" pos="np0000l" postype="proper" sense="16:cs1" wd="Figueres"/>
                </grup.nom>
              </sn>
            </sp>
            <S arg="argM" clausetype="adverbial" func="cc" tem="tmp">
              <conj conjunctiontype="subordinating">
                <c lem="quan" pos="cs" postype="subordinating" wd="quan"/>
              </conj>
              <sn arg="arg1" func="suj" tem="tem">
                <spec gen="m" num="s">
                  <d gen="m" lem="el" num="s" pos="da0ms0" postype="article" wd="el"/>
                </spec>
                <grup.nom gen="m" num="s">
                  <n gen="m" lem="cotxe" num="s" pos="ncms000" postype="common" sense="16:02383458" wd="cotxe"/>
                  <S clausetype="relative">
                    <sp arg="argM" func="cc" tem="mnr">
                      <prep>
                        <s lem="en" pos="sps00" postype="preposition" wd="en"/>
                      </prep>
                      <relatiu>
                        <p gen="c" lem="què" num="c" pos="pr0cn000" postype="relative" wd="què"/>
                      </relatiu>
                    </sp>
                    <sn arg="arg0" elliptic="yes" func="suj" tem="agt"/>
                    <grup.verb>
                      <v lem="viatjar" lss="D11.inergative-agentive" mood="indicative" num="s" person="3" pos="vmii3s0" postype="main" tense="imperfect" wd="viatjava"/>
                    </grup.verb>
                  </S>
                </grup.nom>
              </sn>
              <grup.verb>
                <v lem="haver" mood="indicative" num="s" person="3" pos="vaip3s0" postype="auxiliary" tense="present" wd="ha"/>
                <v gen="m" lem="xocar" lss="B21.unaccusative-state" mood="participle" num="s" pos="vmp00sm" postype="main" wd="xocat"/>
              </grup.verb>
              <sp arg="arg2" func="creg" tem="loc">
                <prep>
                  <s lem="contra" pos="sps00" postype="preposition" wd="contra"/>
                </prep>
                <sn>
                  <spec gen="m" num="s">
                    <d gen="m" lem="un" num="s" pos="di0ms0" postype="indefinite" wd="un"/>
                  </spec>
                  <grup.nom gen="m" num="s">
                    <n gen="m" lem="camió" num="s" pos="ncms000" postype="common" sense="16:02942446" wd="camió"/>
                  </grup.nom>
                </sn>
              </sp>
            </S>
          </S>
        </grup.nom>
      </sn>
    </sp>
    <f lem="." pos="fp" punct="period" wd="."/>
  </sentence>
  <sentence>
    <sn arg="arg1" func="suj" tem="tem">
      <spec gen="m" num="s">
        <d gen="c" lem="el" num="s" pos="da0cs0" postype="article" wd="L'"/>
      </spec>
      <grup.nom gen="m" num="s">
        <n gen="m" lem="accident" num="s" pos="ncms000" postype="common" sense="16:05443572" wd="accident"/>
      </grup.nom>
    </sn>
    <grup.verb>
      <v lem="haver" mood="indicative" num="s" person="3" pos="vaip3s0" postype="auxiliary" tense="present" wd="ha"/>
      <v gen="m" lem="passar" lss="C42.state-experiencer" mood="participle" num="s" pos="vmp00sm" postype="main" wd="passat"/>
    </grup.verb>
    <sp arg="argM" func="cc" tem="tmp">
      <prep>
        <s lem="cap_a" pos="sps00" postype="preposition" wd="cap_a"/>
      </prep>
      <sn entityref="ne" ne="date">
        <spec gen="f" num="p">
          <d gen="f" lem="el" num="p" pos="da0fp0" postype="article" wd="les"/>
        </spec>
        <grup.nom gen="f" num="p">
          <w lem="[??:??/??/??:10.00]" ne="date" wd="deu_del_matí"/>
        </grup.nom>
      </sn>
    </sp>
    <sp arg="argM" func="cc" tem="loc">
      <f lem="," pos="fc" punct="comma" wd=","/>
      <prep>
        <s contracted="yes" gen="m" lem="al" num="s" pos="spcms" postype="preposition" wd="al"/>
      </prep>
      <sn entityref="ne" ne="number">
        <grup.nom gen="m" num="s">
          <n gen="m" lem="quilòmetre" num="c" pos="ncmn000" postype="common" sense="16:09822867" wd="km"/>
          <sn entityref="ne" ne="number">
            <grup.nom>
              <z lem="753" ne="number" wd="753"/>
            </grup.nom>
          </sn>
          <sp>
            <prep>
              <s lem="de" pos="sps00" postype="preposition" wd="de"/>
            </prep>
            <sn entityref="ne" ne="location">
              <spec gen="f" num="s">
                <d gen="f" lem="el" num="s" pos="da0fs0" postype="article" wd="la"/>
              </spec>
              <grup.nom gen="f" num="s">
                <n gen="f" lem="carretera" num="s" pos="ncfs000" postype="common" sense="16:03243979" wd="carretera"/>
                <sn entityref="ne" ne="location">
                  <grup.nom>
                    <n lem="N-II" ne="location" pos="np0000l" postype="proper" sense="16:cs1" wd="N-II"/>
                  </grup.nom>
                </sn>
              </grup.nom>
            </sn>
          </sp>
        </grup.nom>
      </sn>
      <f lem="," pos="fc" punct="comma" wd=","/>
    </sp>
    <sp arg="argM" func="cc" tem="loc">
      <prep>
        <s lem="a" pos="sps00" postype="preposition" wd="a"/>
      </prep>
      <sn entityref="ne" ne="location">
        <grup.nom>
          <n lem="Figueres" ne="location" pos="np0000l" postype="proper" sense="16:cs1" wd="Figueres"/>
        </grup.nom>
      </sn>
    </sp>
    <S arg="argM" clausetype="adverbial" func="cc" tem="tmp">
      <f lem="," pos="fc" punct="comma" wd=","/>
      <conj conjunctiontype="subordinating">
        <c lem="quan" pos="cs" postype="subordinating" wd="quan"/>
      </conj>
      <grup.verb>
        <v lem="haver" mood="indicative" num="p" person="3" pos="vaip3p0" postype="auxiliary" tense="present" wd="han"/>
        <v gen="m" lem="xocar" lss="A22.transitive-agentive-theme" mood="participle" num="s" pos="vmp00sm" postype="main" wd="xocat"/>
      </grup.verb>
      <sadv arg="argM" func="cc" tem="mnr">
        <grup.adv>
          <r lem="frontalment" pos="rg" wd="frontalment"/>
        </grup.adv>
      </sadv>
      <sn arg="arg1" coord="yes" func="suj" tem="tem">
        <sn>
          <spec gen="m" num="s">
            <d gen="m" lem="un" num="s" pos="di0ms0" postype="indefinite" wd="un"/>
          </spec>
          <grup.nom gen="m" num="s">
            <n lem="FIAT_Marea" ne="other" pos="np0000a" postype="proper" sense="16:cs1" wd="FIAT_Marea"/>
            <sp>
              <prep>
                <s lem="amb" pos="sps00" postype="preposition" wd="amb"/>
              </prep>
              <sn entityref="ne" ne="other">
                <grup.nom gen="f" num="s">
                  <n gen="f" lem="matrícula" num="s" pos="ncfs000" postype="common" sense="16:04842460" wd="matrícula"/>
                  <sn entityref="ne" ne="other">
                    <grup.nom>
                      <n lem="GI-2054-BT" ne="other" pos="np0000a" postype="proper" sense="16:cs1" wd="GI-2054-BT"/>
                    </grup.nom>
                  </sn>
                </grup.nom>
              </sn>
            </sp>
          </grup.nom>
        </sn>
        <conj conjunctiontype="coordinating">
          <c lem="i" pos="cc" postype="coordinating" wd="i"/>
        </conj>
        <sn>
          <spec gen="m" num="s">
            <d gen="m" lem="un" num="s" pos="di0ms0" postype="indefinite" wd="un"/>
          </spec>
          <grup.nom gen="m" num="s">
            <n gen="m" lem="camió" num="s" pos="ncms000" postype="common" sense="16:02942446" wd="camió"/>
            <sp>
              <prep>
                <s lem="amb" pos="sps00" postype="preposition" wd="amb"/>
              </prep>
              <sn>
                <grup.nom gen="f" num="s">
                  <n gen="f" lem="matrícula" num="s" pos="ncfs000" postype="common" sense="16:04842460" wd="matrícula"/>
                  <sp>
                    <prep>
                      <s lem="de" pos="sps00" postype="preposition" wd="de"/>
                    </prep>
                    <sn entityref="ne" ne="location">
                      <grup.nom>
                        <n lem="Bulgària" ne="location" pos="np0000l" postype="proper" sense="16:cs1" wd="Bulgària"/>
                      </grup.nom>
                    </sn>
                  </sp>
                </grup.nom>
              </sn>
            </sp>
          </grup.nom>
        </sn>
      </sn>
      <f lem="," pos="fc" punct="comma" wd=","/>
    </S>
    <S clausetype="adverbial" func="ao">
      <conj conjunctiontype="subordinating">
        <c lem="segons" pos="cs" postype="subordinating" wd="segons"/>
      </conj>
      <grup.verb>
        <v lem="haver" mood="indicative" num="p" person="3" pos="vaip3p0" postype="auxiliary" tense="present" wd="han"/>
        <v gen="m" lem="informar" lss="A32.ditransitive-patient-benefactive" mood="participle" num="s" pos="vmp00sm" postype="main" wd="informat"/>
      </grup.verb>
      <sn arg="arg0" func="suj" tem="agt">
        <grup.nom gen="f" num="p">
          <n gen="f" lem="font" num="p" pos="ncfp000" postype="common" sense="16:07338656" wd="fonts"/>
          <sp>
            <prep>
              <s contracted="yes" gen="m" lem="del" num="p" pos="spcmp" postype="preposition" wd="dels"/>
            </prep>
            <sn entityref="ne" ne="organization">
              <grup.nom gen="m" num="p">
                <n lem="Mossos_d'_Esquadra" ne="organization" pos="np0000o" postype="proper" sense="16:cs1" wd="Mossos_d'_Esquadra"/>
              </grup.nom>
            </sn>
          </sp>
        </grup.nom>
      </sn>
    </S>
    <f lem="." pos="fp" punct="period" wd="."/>
  </sentence>
  <sentence>
    <sn arg="arg1" func="suj" tem="tem">
      <spec gen="m" num="s">
        <d gen="m" lem="el" num="s" pos="da0ms0" postype="article" wd="El"/>
      </spec>
      <grup.nom gen="m" num="s">
        <n gen="m" lem="conductor" num="s" pos="ncms000" postype="common" sense="16:07228242" wd="conductor"/>
        <sp>
          <prep>
            <s contracted="yes" gen="m" lem="del" num="s" pos="spcms" postype="preposition" wd="del"/>
          </prep>
          <sn>
            <grup.nom gen="m" num="s">
              <n gen="m" lem="turisme" num="s" pos="ncms000" postype="common" sense="16:02383458" wd="turisme"/>
            </grup.nom>
          </sn>
        </sp>
        <sn entityref="ne" ne="person">
          <f lem="," pos="fc" punct="comma" wd=","/>
          <grup.nom gen="m" num="s">
            <n lem="Antonio_R._S" ne="person" pos="np0000p" postype="proper" sense="16:cs1" wd="Antonio_R._S"/>
            <sn coord="yes">
              <sp>
                <prep>
                  <s lem="de" pos="sps00" postype="preposition" wd="de"/>
                </prep>
                <sn>
                  <spec gen="m" num="p">
                    <z lem="51" ne="number" wd="51"/>
                  </spec>
                  <grup.nom gen="m" num="p">
                    <n gen="m" lem="any" num="p" pos="ncmp000" postype="common" sense="16:10917509" wd="anys"/>
                  </grup.nom>
                </sn>
              </sp>
              <conj conjunctiontype="coordinating">
                <c lem="i" pos="cc" postype="coordinating" wd="i"/>
              </conj>
              <sn>
                <grup.nom gen="m" num="s">
                  <n gen="m" lem="veí" num="s" pos="ncms000" postype="common" sense="16:06949059" wd="veí"/>
                  <sp>
                    <prep>
                      <s lem="de" pos="sps00" postype="preposition" wd="de"/>
                    </prep>
                    <sn entityref="ne" ne="location">
                      <grup.nom>
                        <n lem="L'_Escala" ne="location" pos="np0000l" postype="proper" sense="16:cs1" wd="L'_Escala"/>
                      </grup.nom>
                    </sn>
                  </sp>
                </grup.nom>
              </sn>
            </sn>
          </grup.nom>
          <f lem="," pos="fc" punct="comma" wd=","/>
        </sn>
      </grup.nom>
    </sn>
    <grup.verb>
      <v lem="haver" mood="indicative" num="s" person="3" pos="vaip3s0" postype="auxiliary" tense="present" wd="ha"/>
      <v gen="m" lem="resultar" lss="C21.state-attributive" mood="participle" num="s" pos="vmp00sm" postype="main" wd="resultat"/>
    </grup.verb>
    <S arg="arg2" clausetype="participle" func="cpred" impersonal="yes" predicate="suj" tem="atr">
      <participi>
        <a gen="m" lem="mort" num="s" pos="aq0msp" posfunction="participle" postype="qualificative" wd="mort"/>
      </participi>
    </S>
    <f lem="." pos="fp" punct="period" wd="."/>
  </sentence>
  <sentence coord="yes">
    <S>
      <sn arg="arg1" func="suj" tem="tem">
        <spec gen="f" num="s">
          <d gen="f" lem="el" num="s" pos="da0fs0" postype="article" wd="La"/>
        </spec>
        <grup.nom gen="f" num="s">
          <n gen="f" lem="carretera" num="s" pos="ncfs000" postype="common" sense="16:03243979" wd="carretera"/>
        </grup.nom>
      </sn>
      <grup.verb>
        <v lem="haver" mood="indicative" num="s" person="3" pos="vaip3s0" postype="auxiliary" tense="present" wd="ha"/>
        <v gen="m" lem="estar" lss="C21.state-attributive" mood="participle" num="s" pos="vmp00sm" postype="main" wd="estat"/>
      </grup.verb>
      <S arg="arg2" clausetype="participle" func="atr" impersonal="yes" tem="atr">
        <participi>
          <a gen="f" lem="tallat" num="s" pos="aq0fsp" posfunction="participle" postype="qualificative" wd="tallada"/>
        </participi>
      </S>
      <sp arg="argM" func="cc" tem="tmp">
        <prep>
          <s lem="fins" pos="sps00" postype="preposition" wd="fins"/>
        </prep>
        <sn entityref="ne" ne="date">
          <spec gen="f" num="p">
            <d gen="f" lem="el" num="p" pos="da0fp0" postype="article" wd="les"/>
          </spec>
          <grup.nom gen="f" num="p">
            <w lem="[??:??/??/??:12.37]" ne="date" wd="12:37"/>
          </grup.nom>
        </sn>
      </sp>
    </S>
    <conj conjunctiontype="coordinating">
      <c lem="i" pos="cc" postype="coordinating" wd="i"/>
    </conj>
    <S>
      <sn arg="arg1" func="suj" tem="pat">
        <spec gen="m" num="s">
          <d gen="m" lem="el" num="s" pos="da0ms0" postype="article" wd="el"/>
        </spec>
        <grup.nom gen="m" num="s">
          <n gen="m" lem="trànsit" num="s" pos="ncms000" postype="common" sense="16:06231214" wd="trànsit"/>
        </grup.nom>
      </sn>
      <grup.verb>
        <v lem="haver" mood="indicative" num="s" person="3" pos="vaip3s0" postype="auxiliary" tense="present" wd="ha"/>
        <v gen="m" lem="ser" mood="participle" num="s" pos="vsp00sm" postype="semiauxiliary" wd="estat"/>
        <v gen="m" lem="desviar" lss="B12.unaccusative-passive-ditransitive" mood="participle" num="s" pos="vmp00sm" postype="main" wd="desviat"/>
      </grup.verb>
      <sp arg="argM" func="cc" tem="loc">
        <prep>
          <s lem="per" pos="sps00" postype="preposition" wd="per"/>
        </prep>
        <sn entityref="ne" ne="location">
          <spec gen="f" num="s">
            <d gen="f" lem="el" num="s" pos="da0fs0" postype="article" wd="la"/>
          </spec>
          <grup.nom gen="f" num="s">
            <n gen="f" lem="carretera" num="s" pos="ncfs000" postype="common" sense="16:03243979" wd="carretera"/>
            <sn entityref="ne" ne="location">
              <grup.nom>
                <n lem="C-252" ne="location" pos="np0000l" postype="proper" sense="16:cs1" wd="C-252"/>
              </grup.nom>
            </sn>
          </grup.nom>
        </sn>
      </sp>
    </S>
    <f lem="." pos="fp" punct="period" wd="."/>
  </sentence>
</article>
