<?xml version="1.0" encoding="UTF-8"?>
<!-- 

  ancora-2.0
       
			Copyright (C) 2007, 2008, 2009, 2010, 2011 UB - CLiC
			Centre de Llenguatge i Computació - Universitat de Barcelona
 
  This file is part of ancora-2.0.
 
  ancora-2.0 is free software and data: you can redistribute it and/or modify
  it under the terms of the GNU General Public License as published
  by the Free Software Foundation, either version 3 of the License,
  or (at your option) any later version.

  ancora-2.0 is distributed in the hope that it will be useful,
  but WITHOUT ANY WARRANTY; without even the implied warranty of
  MERCHANTABILITY or FITNESS FOR A PARTICULAR PURPOSE.  See the
  GNU General Public License for more details.
 
  You should have received a copy of the GNU General Public License
  along with ancora-2.0.  If not, see &lt;http://www.gnu.org/licenses/&gt;.
 
  Check a text in catalan explaining the terms of the license at http://www.softcatala.cat/wiki/GPL3.
  In spanish at http://www.viti.es/gnu/licenses/gpl.html
 

  The following paper must be cited when using this corpus:

 * Taulé, M., M.A. Martí, M. Recasens (2008) 'Ancora: Multilevel Annotated Corpora for Catalan and Spanish',
   Proceedings of 6th International Conference on Language Resources and Evaluation. Marrakesh (Morocco).

  In addition, the following paper must be cited if coreference information (attributes entity, coreftype,
  corefsubtype, homophoricDD or entityref) is used:

 * Recasens, Marta, M. Antònia Martí (2010) ‘AnCora-CO: Coreferentially annotated corpora for Spanish and
   Catalan’. Language Resources and Evaluation, Springer Science.

  Additionally, the following paper must be cited when argumental attributes in "sn" or "grup.nom"
  (attributes func, arg, tem or lexicalid) are used:

 * Peris, Aina, Mariona Taulé, Horacio Rodríguez (2010) ‘Semantic Annotation of Deverbal Nominalizations in the
   Spanish AnCora corpus’. Treebanks and Linguistic Theories (TLT-2010), Estonia.
-->
<article lng="ca">
  <sentence coord="yes">
    <S>
      <sn arg="arg0" func="suj" tem="agt">
        <spec gen="m" num="s">
          <d gen="m" lem="el" num="s" pos="da0ms0" postype="article" wd="El"/>
        </spec>
        <grup.nom gen="m" num="s">
          <n gen="c" lem="fiscal" num="s" pos="nccs000" postype="common" sense="16:07507504" wd="fiscal"/>
        </grup.nom>
      </sn>
      <grup.verb>
        <v lem="demanar" lss="A32.ditransitive-patient-benefactive" mood="indicative" num="s" person="3" pos="vmip3s0" postype="main" tense="present" wd="demana"/>
      </grup.verb>
      <sn arg="arg1" func="cd" tem="pat">
        <spec gen="f" num="s">
          <d gen="f" lem="un" num="s" pos="di0fs0" postype="indefinite" wd="una"/>
        </spec>
        <grup.nom gen="f" num="s">
          <n gen="f" lem="pena" num="s" pos="ncfs000" postype="common" sense="16:00751324" wd="pena"/>
          <sp>
            <prep>
              <s lem="de" pos="sps00" postype="preposition" wd="de"/>
            </prep>
            <sn>
              <spec gen="m" num="p">
                <z lem="9" ne="number" wd="9"/>
              </spec>
              <grup.nom gen="m" num="p">
                <n gen="m" lem="any" num="p" pos="ncmp000" postype="common" sense="16:10917509" wd="anys"/>
                <sp>
                  <prep>
                    <s lem="de" pos="sps00" postype="preposition" wd="d'"/>
                  </prep>
                  <sn>
                    <grup.nom gen="f" num="s">
                      <n gen="f" lem="inhabilitació" num="s" pos="ncfs000" postype="common" sense="16:00135654" wd="inhabilitació"/>
                      <s.a gen="f" num="s">
                        <grup.a gen="f" num="s">
                          <a gen="c" lem="especial" num="s" pos="aq0cs0" postype="qualificative" wd="especial"/>
                        </grup.a>
                      </s.a>
                    </grup.nom>
                  </sn>
                </sp>
              </grup.nom>
            </sn>
          </sp>
        </grup.nom>
      </sn>
      <sp arg="argM" func="cc" tem="adv">
        <prep>
          <s lem="per" pos="sps00" postype="preposition" wd="per"/>
        </prep>
        <sp>
          <prep>
            <s lem="a" pos="sps00" postype="preposition" wd="a"/>
          </prep>
          <sn entityref="ne" ne="person">
            <spec gen="m" num="s">
              <d gen="c" lem="el" num="s" pos="da0cs0" postype="article" wd="l'"/>
            </spec>
            <grup.nom gen="m" num="s">
              <n gen="m" lem="alcalde" num="s" pos="ncms000" postype="common" sense="16:07401898" wd="alcalde"/>
              <sp>
                <prep>
                  <s lem="de" pos="sps00" postype="preposition" wd="de"/>
                </prep>
                <sn entityref="ne" ne="location">
                  <grup.nom>
                    <n lem="Sant_Feliu_de_Guíxols" ne="location" pos="np0000l" postype="proper" sense="16:cs1" wd="Sant_Feliu_de_Guíxols"/>
                  </grup.nom>
                </sn>
              </sp>
              <sn>
                <f lem="," pos="fc" punct="comma" wd=","/>
                <sn entityref="ne" ne="person">
                  <grup.nom gen="m" num="s">
                    <n lem="Antoni_Juanals" ne="person" pos="np0000p" postype="proper" sense="16:cs1" wd="Antoni_Juanals"/>
                  </grup.nom>
                </sn>
                <sn adjunct="yes" entityref="ne" ne="organization">
                  <grup.nom gen="m" num="s">
                    <f lem="(" pos="fpa" punct="bracket" punctenclose="open" wd="("/>
                    <n lem="PSC" ne="organization" pos="np0000o" postype="proper" sense="16:50001206" wd="PSC"/>
                    <f lem=")" pos="fpt" punct="bracket" punctenclose="close" wd=")"/>
                  </grup.nom>
                </sn>
              </sn>
            </grup.nom>
          </sn>
        </sp>
      </sp>
    </S>
    <f lem="," pos="fc" punct="comma" wd=","/>
    <S verbless="yes">
      <sn>
        <spec gen="f" num="s">
          <d gen="f" lem="el" num="s" pos="da0fs0" postype="article" wd="la"/>
          <d gen="f" lem="mateix" num="s" pos="di0fs0" postype="indefinite" wd="mateixa"/>
        </spec>
        <grup.nom gen="f" num="s">
          <n gen="f" lem="pena" num="s" pos="ncfs000" postype="common" sense="16:00751324" wd="pena"/>
        </grup.nom>
      </sn>
      <sp>
        <prep>
          <s contracted="yes" gen="m" lem="pel" num="s" pos="spcms" postype="preposition" wd="pel"/>
        </prep>
        <sn entityref="ne" ne="person">
          <grup.nom gen="m" num="s">
            <n gen="m" lem="secretari" num="s" pos="ncms000" postype="common" sense="16:07556672" wd="secretari"/>
            <sp>
              <prep>
                <s lem="de" pos="sps00" postype="preposition" wd="de"/>
              </prep>
              <sn entityref="ne" ne="organization">
                <spec gen="m" num="s">
                  <d gen="c" lem="el" num="s" pos="da0cs0" postype="article" wd="l'"/>
                </spec>
                <grup.nom gen="m" num="s">
                  <n lem="Ajuntament" ne="organization" pos="np0000o" postype="proper" sense="16:cs1" wd="Ajuntament"/>
                </grup.nom>
              </sn>
            </sp>
            <sn entityref="ne" ne="person">
              <f lem="," pos="fc" punct="comma" wd=","/>
              <grup.nom gen="m" num="s">
                <n lem="Joan_Solà" ne="organization" pos="np0000o" postype="proper" sense="16:cs1" wd="Joan_Solà"/>
              </grup.nom>
              <f lem="," pos="fc" punct="comma" wd=","/>
            </sn>
          </grup.nom>
        </sn>
      </sp>
    </S>
    <conj conjunctiontype="coordinating">
      <c lem="i" pos="cc" postype="coordinating" wd="i"/>
    </conj>
    <S verbless="yes">
      <sn coord="yes">
        <sn>
          <spec gen="m" num="p">
            <d gen="c" lem="quatre" num="p" pos="dn0cp0" postype="numeral" wd="quatre"/>
          </spec>
          <grup.nom gen="m" num="p">
            <n gen="m" lem="dia" num="p" pos="ncmp000" postype="common" sense="16:10878116" wd="dies"/>
            <sp>
              <prep>
                <s lem="de" pos="sps00" postype="preposition" wd="d'"/>
              </prep>
              <sn>
                <grup.nom gen="m" num="s">
                  <n gen="m" lem="arrest" num="s" pos="ncms000" postype="common" sense="16:00743461" wd="arrest"/>
                </grup.nom>
              </sn>
            </sp>
          </grup.nom>
        </sn>
        <conj conjunctiontype="coordinating">
          <c lem="i" pos="cc" postype="coordinating" wd="i"/>
        </conj>
        <sn>
          <spec gen="f" num="p">
            <z lem="600000" ne="number" wd="600.000"/>
          </spec>
          <grup.nom gen="f" num="p">
            <z lem="pesseta" ne="number" pos="zm" postype="currency" wd="pessetes"/>
            <sp>
              <prep>
                <s lem="de" pos="sps00" postype="preposition" wd="de"/>
              </prep>
              <sn>
                <grup.nom gen="f" num="s">
                  <n gen="f" lem="multa" num="s" pos="ncfs000" postype="common" sense="16:04923025" wd="multa"/>
                </grup.nom>
              </sn>
            </sp>
          </grup.nom>
        </sn>
      </sn>
      <sp>
        <prep>
          <s contracted="yes" gen="m" lem="pel" num="s" pos="spcms" postype="preposition" wd="pel"/>
        </prep>
        <sn entityref="ne" ne="person">
          <grup.nom gen="m" num="s">
            <n gen="c" lem="cap" num="s" pos="nccs000" postype="common" sense="16:07311393" wd="cap"/>
            <sp>
              <prep>
                <s lem="de" pos="sps00" postype="preposition" wd="de"/>
              </prep>
              <sn entityref="ne" ne="organization">
                <spec gen="f" num="s">
                  <d gen="f" lem="el" num="s" pos="da0fs0" postype="article" wd="la"/>
                </spec>
                <grup.nom gen="f" num="s">
                  <n lem="Policia_Local" ne="organization" pos="np0000o" postype="proper" sense="16:cs1" wd="Policia_Local"/>
                </grup.nom>
              </sn>
            </sp>
            <sn entityref="ne" ne="person">
              <f lem="," pos="fc" punct="comma" wd=","/>
              <grup.nom gen="m" num="s">
                <n lem="Manel_Montfort" ne="person" pos="np0000p" postype="proper" sense="16:cs1" wd="Manel_Montfort"/>
              </grup.nom>
            </sn>
          </grup.nom>
        </sn>
      </sp>
    </S>
    <f lem="." pos="fp" punct="period" wd="."/>
  </sentence>
  <sentence>
    <sn arg="arg1" func="suj" tem="pat">
      <spec gen="m" num="p">
        <d gen="m" lem="tot" num="p" pos="di0mp0" postype="indefinite" wd="Tots"/>
      </spec>
      <grup.nom gen="m" num="p">
        <p gen="c" lem="tres" num="p" pos="pn0cp000" postype="numeral" wd="tres"/>
      </grup.nom>
    </sn>
    <grup.verb>
      <v lem="ser" mood="indicative" num="p" person="3" pos="vsif3p0" postype="semiauxiliary" tense="future" wd="seran"/>
      <v gen="m" lem="jutjar" lss="B22.unaccusative-passive-transitive" mood="participle" num="p" pos="vmp00pm" postype="main" wd="jutjats"/>
    </grup.verb>
    <sp arg="argM" func="cc" tem="loc">
      <prep>
        <s lem="a" pos="sps00" postype="preposition" wd="a"/>
      </prep>
      <sn entityref="ne" ne="location">
        <spec gen="f" num="s">
          <d gen="c" lem="el" num="s" pos="da0cs0" postype="article" wd="l'"/>
        </spec>
        <grup.nom gen="f" num="s">
          <n lem="Audiència_de_Girona" ne="location" pos="np0000l" postype="proper" sense="16:cs1" wd="Audiència_de_Girona"/>
        </grup.nom>
      </sn>
    </sp>
    <sn arg="argM" entityref="ne" func="cc" ne="date" tem="tmp">
      <spec gen="m" num="s">
        <d gen="m" lem="el" num="s" pos="da0ms0" postype="article" wd="el"/>
      </spec>
      <grup.nom gen="m" num="s">
        <s.a gen="m" num="s">
          <grup.a gen="m" num="s">
            <a gen="m" lem="proper" num="s" pos="aq0ms0" postype="qualificative" wd="proper"/>
          </grup.a>
        </s.a>
        <w lem="[??:17/??/??:??.??]" ne="date" wd="dia_17"/>
      </grup.nom>
    </sn>
    <sp arg="argM" func="cc" tem="cau">
      <prep>
        <s lem="per" pos="sps00" postype="preposition" wd="per"/>
      </prep>
      <sn>
        <spec gen="m" num="s">
          <d gen="m" lem="un" num="s" pos="di0ms0" postype="indefinite" wd="un"/>
        </spec>
        <grup.nom gen="m" num="s">
          <S clausetype="participle" impersonal="yes">
            <participi>
              <a gen="m" lem="suposat" num="s" pos="aq0msp" posfunction="participle" postype="qualificative" wd="suposat"/>
            </participi>
          </S>
          <n gen="m" lem="delicte" num="s" pos="ncms000" postype="common" sense="16:00490590" wd="delicte"/>
          <sp>
            <prep>
              <s lem="de" pos="sps00" postype="preposition" wd="de"/>
            </prep>
            <sn complex="yes">
              <grup.nom coord="yes">
                <grup.nom gen="f" num="s">
                  <n gen="f" lem="prevaricació" num="s" pos="ncfs000" postype="common" sense="16:cs1" wd="prevaricació"/>
                </grup.nom>
                <conj conjunctiontype="coordinating">
                  <c lem="i" pos="cc" postype="coordinating" wd="i"/>
                </conj>
                <grup.nom gen="f" num="p">
                  <n gen="f" lem="coacció" num="p" pos="ncfp000" postype="common" sense="16:00729766" wd="coaccions"/>
                </grup.nom>
              </grup.nom>
            </sn>
          </sp>
        </grup.nom>
      </sn>
    </sp>
    <f lem="." pos="fp" punct="period" wd="."/>
  </sentence>
  <sentence>
    <sp func="ao">
      <prep>
        <s lem="segons" pos="sps00" postype="preposition" wd="Segons"/>
      </prep>
      <sn>
        <spec gen="m" num="s">
          <d gen="c" lem="el" num="s" pos="da0cs0" postype="article" wd="l'"/>
        </spec>
        <grup.nom gen="m" num="s">
          <n gen="m" lem="escrit" num="s" pos="ncms000" postype="common" sense="16:04797504" wd="escrit"/>
          <sp>
            <prep>
              <s lem="de" pos="sps00" postype="preposition" wd="de"/>
            </prep>
            <sn>
              <grup.nom gen="f" num="p">
                <n gen="f" lem="qualificació" num="p" pos="ncfp000" postype="common" sense="16:cs1" wd="qualificacions"/>
                <s.a gen="f" num="p">
                  <grup.a gen="f" num="p">
                    <a gen="c" lem="provisional" num="p" pos="aq0cp0" postype="qualificative" wd="provisionals"/>
                  </grup.a>
                </s.a>
              </grup.nom>
            </sn>
          </sp>
          <sp>
            <prep>
              <s contracted="yes" gen="m" lem="del" num="s" pos="spcms" postype="preposition" wd="del"/>
            </prep>
            <sn>
              <grup.nom gen="m" num="s">
                <n gen="c" lem="fiscal" num="s" pos="nccs000" postype="common" sense="16:07507504" wd="fiscal"/>
              </grup.nom>
            </sn>
          </sp>
        </grup.nom>
      </sn>
    </sp>
    <sn arg="argM" entityref="ne" func="cc" ne="date" tem="tmp">
      <f lem="," pos="fc" punct="comma" wd=","/>
      <spec gen="m" num="s">
        <d gen="m" lem="el" num="s" pos="da0ms0" postype="article" wd="el"/>
      </spec>
      <grup.nom gen="m" num="s">
        <w lem="[??:22/06/1995:??.??]" ne="date" wd="22_de_juny_de_1995"/>
      </grup.nom>
      <f lem="," pos="fc" punct="comma" wd=","/>
    </sn>
    <sn arg="arg0" entityref="ne" func="suj" ne="person" tem="agt">
      <spec gen="m" num="s">
        <d gen="c" lem="el" num="s" pos="da0cs0" postype="article" wd="l'"/>
      </spec>
      <grup.nom gen="m" num="s">
        <n gen="m" lem="alcalde" num="s" pos="ncms000" postype="common" sense="16:07401898" wd="alcalde"/>
        <sp>
          <prep>
            <s lem="de" pos="sps00" postype="preposition" wd="de"/>
          </prep>
          <sn entityref="ne" ne="location">
            <grup.nom>
              <n lem="Sant_Feliu_de_Guíxols" ne="location" pos="np0000l" postype="proper" sense="16:cs1" wd="Sant_Feliu_de_Guíxols"/>
            </grup.nom>
          </sn>
        </sp>
      </grup.nom>
    </sn>
    <grup.verb>
      <v lem="anar" mood="indicative" num="s" person="3" pos="vaip3s0" postype="auxiliary" tense="present" wd="va"/>
      <v lem="dictar" lss="A21.transitive-agentive-patient" mood="infinitive" pos="vmn0000" postype="main" wd="dictar"/>
    </grup.verb>
    <sn arg="arg1" func="cd" tem="pat">
      <spec gen="m" num="s">
        <d gen="m" lem="un" num="s" pos="di0ms0" postype="indefinite" wd="un"/>
      </spec>
      <grup.nom gen="m" num="s">
        <n gen="m" lem="decret" num="s" pos="ncms000" postype="common" sense="16:04909380" wd="decret"/>
        <S clausetype="adverbial" impersonal="yes">
          <gerundi>
            <v lem="incoar" lss="A21.transitive-agentive-patient" mood="gerund" pos="vmg0000" postype="main" wd="incoant"/>
          </gerundi>
          <sn arg="arg1" func="cd" tem="pat">
            <spec gen="m" num="s">
              <d gen="m" lem="un" num="s" pos="di0ms0" postype="indefinite" wd="un"/>
            </spec>
            <grup.nom gen="m" num="s">
              <n gen="m" lem="expedient" num="s" pos="ncms000" postype="common" sense="16:04884887" wd="expedient"/>
              <s.a gen="m" num="s">
                <grup.a gen="m" num="s">
                  <a gen="m" lem="sancionador" num="s" pos="aq0ms0" postype="qualificative" wd="sancionador"/>
                </grup.a>
              </s.a>
              <sp>
                <prep>
                  <s lem="contra" pos="sps00" postype="preposition" wd="contra"/>
                </prep>
                <sn>
                  <spec gen="m" num="s">
                    <d gen="m" lem="un" num="s" pos="di0ms0" postype="indefinite" wd="un"/>
                  </spec>
                  <grup.nom gen="m" num="s">
                    <n gen="c" lem="agent" num="s" pos="nccs000" postype="common" sense="16:07485712" wd="agent"/>
                    <sp>
                      <prep>
                        <s lem="de" pos="sps00" postype="preposition" wd="de"/>
                      </prep>
                      <sn entityref="ne" ne="organization">
                        <spec gen="f" num="s">
                          <d gen="f" lem="el" num="s" pos="da0fs0" postype="article" wd="la"/>
                        </spec>
                        <grup.nom gen="f" num="s">
                          <n lem="Policia_Local" ne="organization" pos="np0000o" postype="proper" sense="16:cs1" wd="Policia_Local"/>
                        </grup.nom>
                      </sn>
                    </sp>
                    <sn>
                      <f lem="," pos="fc" punct="comma" wd=","/>
                      <grup.nom gen="m" num="s">
                        <n gen="m" lem="cosí" num="s" pos="ncms000" postype="common" sense="16:07189281" wd="cosí"/>
                      </grup.nom>
                      <spec gen="m" num="s">
                        <d gen="m" lem="seu" num="s" person="3" pos="dp3ms0" postype="possessive" wd="seu"/>
                      </spec>
                      <f lem="," pos="fc" punct="comma" wd=","/>
                    </sn>
                  </grup.nom>
                </sn>
              </sp>
              <sp>
                <prep>
                  <s lem="per" pos="sps00" postype="preposition" wd="per"/>
                </prep>
                <sn>
                  <spec gen="f" num="p">
                    <d gen="f" lem="un" num="p" pos="di0fp0" postype="indefinite" wd="unes"/>
                  </spec>
                  <grup.nom gen="f" num="p">
                    <n gen="f" lem="injúria" num="p" pos="ncfp000" postype="common" sense="16:05403087" wd="injúries"/>
                    <S clausetype="participle" impersonal="yes">
                      <participi>
                        <a gen="f" lem="comès" lss="B22.unaccusative-passive-transitive" num="p" pos="aq0fpp" posfunction="participle" postype="qualificative" wd="comeses"/>
                      </participi>
                      <sn arg="argM" func="cc" tem="tmp">
                        <spec gen="m" num="s">
                          <d gen="m" lem="el" num="s" pos="da0ms0" postype="article" wd="el"/>
                        </spec>
                        <grup.nom gen="m" num="s">
                          <n gen="m" lem="mes" num="s" pos="ncms000" postype="common" sense="16:10919146" wd="mes"/>
                          <s.a gen="m" num="s">
                            <grup.a gen="m" num="s">
                              <a gen="c" lem="anterior" num="s" pos="aq0cs0" postype="qualificative" wd="anterior"/>
                            </grup.a>
                          </s.a>
                        </grup.nom>
                      </sn>
                    </S>
                  </grup.nom>
                </sn>
              </sp>
            </grup.nom>
          </sn>
        </S>
      </grup.nom>
    </sn>
    <f lem="." pos="fp" punct="period" wd="."/>
  </sentence>
  <sentence coord="yes">
    <sp adjunct="yes" arg="argM" func="cc" tem="cau">
      <prep>
        <s lem="per" pos="sps00" postype="preposition" wd="Per"/>
      </prep>
      <sn>
        <spec gen="f" num="p">
          <d gen="f" lem="aquest" num="p" pos="dd0fp0" postype="demonstrative" wd="aquestes"/>
        </spec>
        <grup.nom gen="f" num="p">
          <n gen="f" lem="injúria" num="p" pos="ncfp000" postype="common" sense="16:05403087" wd="injúries"/>
        </grup.nom>
      </sn>
    </sp>
    <S coord="yes">
      <S>
        <grup.verb>
          <v lem="anar" mood="indicative" num="s" person="3" pos="vaip3s0" postype="auxiliary" tense="present" wd="va"/>
          <v lem="ser" mood="infinitive" pos="vsn0000" postype="semiauxiliary" wd="ser"/>
          <v gen="m" lem="jutjar" lss="B22.unaccusative-passive-transitive" mood="participle" num="s" pos="vmp00sm" postype="main" wd="jutjat"/>
        </grup.verb>
      </S>
      <conj conjunctiontype="coordinating">
        <c lem="i" pos="cc" postype="coordinating" wd="i"/>
      </conj>
      <S verbless="yes">
        <participi>
          <v gen="m" lem="condemnar" lss="B22.unaccusative-passive-transitive" mood="participle" num="s" pos="vmp00sm" postype="main" wd="condemnat"/>
        </participi>
      </S>
    </S>
    <sn adjunct="yes" arg="arg1" func="suj" tem="pat">
      <spec gen="m" num="s">
        <d gen="m" lem="el" num="s" pos="da0ms0" postype="article" wd="el"/>
      </spec>
      <grup.nom gen="m" num="s">
        <n gen="c" lem="policia" num="s" pos="nccs000" postype="common" sense="16:07485319" wd="policia"/>
        <s.a gen="m" num="s">
          <grup.a gen="m" num="s">
            <a gen="c" lem="local" num="s" pos="aq0cs0" postype="qualificative" wd="local"/>
          </grup.a>
        </s.a>
      </grup.nom>
    </sn>
    <sp adjunct="yes" arg="argM" func="cc" tem="loc">
      <prep>
        <s contracted="yes" gen="m" lem="al" num="s" pos="spcms" postype="preposition" wd="al"/>
      </prep>
      <sn entityref="ne" ne="location">
        <grup.nom gen="m" num="s">
          <n lem="Jutjat_de_Sant_Feliu" ne="location" pos="np0000l" postype="proper" sense="16:cs1" wd="Jutjat_de_Sant_Feliu"/>
        </grup.nom>
      </sn>
    </sp>
    <sn adjunct="yes" arg="argM" entityref="ne" func="cc" ne="date" tem="tmp">
      <spec gen="m" num="s">
        <d gen="m" lem="el" num="s" pos="da0ms0" postype="article" wd="el"/>
      </spec>
      <grup.nom gen="m" num="s">
        <w lem="[??:15/05/1995:??.??]" ne="date" wd="15_de_maig_de_1995"/>
      </grup.nom>
    </sn>
    <f lem="." pos="fp" punct="period" wd="."/>
  </sentence>
  <sentence>
    <sn arg="arg0" func="suj" tem="agt">
      <spec gen="m" num="s">
        <d gen="m" lem="el" num="s" pos="da0ms0" postype="article" wd="El"/>
      </spec>
      <grup.nom gen="m" num="s">
        <n gen="m" lem="secretari" num="s" pos="ncms000" postype="common" sense="16:07556672" wd="secretari"/>
      </grup.nom>
    </sn>
    <sp arg="argM" coord="yes" func="cc" tem="adv">
      <f lem="," pos="fc" punct="comma" wd=","/>
      <sp>
        <prep>
          <s lem="tot_i" pos="sps00" postype="preposition" wd="tot_i"/>
        </prep>
        <S clausetype="completive" impersonal="yes">
          <infinitiu>
            <v lem="conèixer" lss="A21.transitive-agentive-patient" mood="infinitive" pos="vmn0000" postype="main" wd="conèixer"/>
          </infinitiu>
          <sn arg="arg1" func="cd" tem="pat">
            <spec gen="f" num="s">
              <d gen="f" lem="el" num="s" pos="da0fs0" postype="article" wd="la"/>
            </spec>
            <grup.nom gen="f" num="s">
              <n gen="f" lem="sentència" num="s" pos="ncfs000" postype="common" sense="16:04918568" wd="sentència"/>
            </grup.nom>
          </sn>
        </S>
        <f lem="," pos="fc" punct="comma" wd=","/>
      </sp>
      <conj conjunctiontype="coordinating">
        <c lem="i" pos="cc" postype="coordinating" wd="i"/>
      </conj>
      <sp>
        <prep>
          <s lem="sense" pos="sps00" postype="preposition" wd="sense"/>
        </prep>
        <S clausetype="completive" impersonal="yes">
          <infinitiu>
            <v lem="fer" lss="A21.transitive-agentive-patient" mood="infinitive" pos="vmn0000" postype="main" wd="fer"/>
          </infinitiu>
          <sn arg="argL" func="cd">
            <grup.nom gen="m" num="s">
              <n gen="m" lem="cas" num="s" pos="ncms000" postype="common" sense="16:cs1" wd="cas"/>
              <sp>
                <prep>
                  <s contracted="yes" gen="m" lem="del" num="p" pos="spcmp" postype="preposition" wd="dels"/>
                </prep>
                <sn>
                  <grup.nom gen="m" num="p">
                    <n gen="m" lem="fet" num="p" pos="ncmp000" postype="common" sense="16:05432762" wd="fets"/>
                    <S clausetype="participle" impersonal="yes">
                      <participi>
                        <a gen="m" lem="considerat" lss="B22.unaccusative-passive-transitive" num="p" pos="aq0mpp" posfunction="participle" postype="qualificative" wd="considerats"/>
                      </participi>
                      <S arg="arg2" clausetype="participle" func="cpred" impersonal="yes" tem="atr">
                        <participi>
                          <a gen="m" lem="provat" lss="B22.unaccusative-passive-transitive" num="p" pos="aq0mpp" posfunction="participle" postype="qualificative" wd="provats"/>
                        </participi>
                      </S>
                      <sp arg="arg0" func="cag" tem="agt">
                        <prep>
                          <s contracted="yes" gen="m" lem="pel" num="s" pos="spcms" postype="preposition" wd="pel"/>
                        </prep>
                        <sn>
                          <grup.nom gen="m" num="s">
                            <n gen="m" lem="jutge" num="s" pos="ncms000" postype="common" sense="16:07350806" wd="jutge"/>
                          </grup.nom>
                        </sn>
                      </sp>
                    </S>
                  </grup.nom>
                </sn>
              </sp>
            </grup.nom>
          </sn>
        </S>
      </sp>
      <f lem="," pos="fc" punct="comma" wd=","/>
    </sp>
    <grup.verb>
      <v lem="anar" mood="indicative" num="s" person="3" pos="vaip3s0" postype="auxiliary" tense="present" wd="va"/>
      <v lem="emetre" lss="A21.transitive-agentive-patient" mood="infinitive" pos="vmn0000" postype="main" wd="emetre"/>
    </grup.verb>
    <sn arg="arg1" func="cd" tem="pat">
      <spec gen="m" num="s">
        <d gen="m" lem="un" num="s" pos="di0ms0" postype="indefinite" wd="un"/>
      </spec>
      <grup.nom gen="m" num="s">
        <n gen="m" lem="informe" num="s" pos="ncms000" postype="common" sense="16:05392760" wd="informe"/>
        <S clausetype="adverbial" impersonal="yes">
          <gerundi>
            <v lem="demanar" lss="A32.ditransitive-patient-benefactive" mood="gerund" pos="vmg0000" postype="main" wd="demanant"/>
          </gerundi>
          <sn arg="arg1" func="cd" tem="pat">
            <spec gen="m" num="s">
              <d gen="m" lem="el" num="s" pos="da0ms0" postype="article" wd="el"/>
            </spec>
            <grup.nom gen="m" num="s">
              <n gen="m" lem="sobreseïment" num="s" pos="ncms000" postype="common" sense="16:cs1" wd="sobreseïment"/>
              <sp>
                <prep>
                  <s lem="de" pos="sps00" postype="preposition" wd="de"/>
                </prep>
                <sn>
                  <spec gen="m" num="s">
                    <d gen="c" lem="el" num="s" pos="da0cs0" postype="article" wd="l'"/>
                  </spec>
                  <grup.nom gen="m" num="s">
                    <n gen="m" lem="expedient" num="s" pos="ncms000" postype="common" sense="16:04884887" wd="expedient"/>
                    <s.a gen="m" num="s">
                      <grup.a gen="m" num="s">
                        <a gen="m" lem="sancionador" num="s" pos="aq0ms0" postype="qualificative" wd="sancionador"/>
                      </grup.a>
                    </s.a>
                  </grup.nom>
                </sn>
              </sp>
            </grup.nom>
          </sn>
          <sp arg="argM" func="cc" tem="cau">
            <f lem="&quot;" pos="fe" punct="quotation" wd="&quot;"/>
            <prep>
              <s lem="per" pos="sps00" postype="preposition" wd="per"/>
            </prep>
            <S clausetype="completive" impersonal="yes">
              <infinitiu>
                <v lem="haver" mood="infinitive" pos="van0000" postype="auxiliary" wd="haver"/>
                <v gen="m" lem="ser" lss="C21.state-attributive" mood="participle" num="s" pos="vmp00sm" postype="main" wd="estat"/>
              </infinitiu>
              <sa arg="arg2" func="atr" tem="atr">
                <grup.a>
                  <a gen="c" lem="difícil" num="s" pos="aq0cs0" postype="qualificative" wd="difícil"/>
                </grup.a>
              </sa>
              <S arg="arg0" clausetype="completive" func="suj" impersonal="yes" tem="agt">
                <infinitiu>
                  <v lem="establir" lss="A21.transitive-agentive-patient" mood="infinitive" pos="vmn0000" postype="main" wd="establir"/>
                </infinitiu>
                <sn arg="arg1" func="cd" tem="pat">
                  <spec gen="m" num="s">
                    <d gen="m" lem="el" num="s" pos="da0ms0" postype="article" wd="el"/>
                  </spec>
                  <grup.nom gen="m" num="s">
                    <n gen="m" lem="fet" num="s" pos="ncms000" postype="common" sense="16:05432762" wd="fet"/>
                    <s.a gen="m" num="s">
                      <grup.a gen="m" num="s">
                        <a gen="m" lem="probatori" num="s" pos="aq0ms0" postype="qualificative" wd="probatori"/>
                      </grup.a>
                    </s.a>
                  </grup.nom>
                </sn>
              </S>
            </S>
            <f lem="&quot;" pos="fe" punct="quotation" wd="&quot;"/>
          </sp>
        </S>
      </grup.nom>
    </sn>
    <f lem="." pos="fp" punct="period" wd="."/>
  </sentence>
  <sentence coord="yes">
    <sp adjunct="yes" func="ao">
      <prep>
        <s lem="segons" pos="sps00" postype="preposition" wd="Segons"/>
      </prep>
      <sn>
        <spec gen="f" num="s">
          <d gen="f" lem="el" num="s" pos="da0fs0" postype="article" wd="la"/>
          <d gen="f" lem="mateix" num="s" pos="di0fs0" postype="indefinite" wd="mateixa"/>
        </spec>
        <grup.nom gen="f" num="s">
          <n gen="f" lem="versió" num="s" pos="ncfs000" postype="common" sense="16:cs1" wd="versió"/>
        </grup.nom>
      </sn>
    </sp>
    <S coord="yes">
      <S>
        <sn arg="arg0" func="suj" tem="agt">
          <spec gen="m" num="s">
            <d gen="c" lem="el" num="s" pos="da0cs0" postype="article" wd="l'"/>
          </spec>
          <grup.nom gen="m" num="s">
            <n gen="m" lem="alcalde" num="s" pos="ncms000" postype="common" sense="16:07401898" wd="alcalde"/>
          </grup.nom>
        </sn>
        <grup.verb>
          <v lem="anar" mood="indicative" num="s" person="3" pos="vaip3s0" postype="auxiliary" tense="present" wd="va"/>
          <v lem="resoldre" lss="A21.transitive-agentive-patient" mood="infinitive" pos="vmn0000" postype="main" wd="resoldre"/>
        </grup.verb>
        <sn arg="arg1" func="cd" tem="pat">
          <spec gen="m" num="s">
            <d gen="c" lem="el" num="s" pos="da0cs0" postype="article" wd="l'"/>
          </spec>
          <grup.nom gen="m" num="s">
            <n gen="m" lem="expedient" num="s" pos="ncms000" postype="common" sense="16:04884887" wd="expedient"/>
            <s.a gen="m" num="s">
              <grup.a gen="m" num="s">
                <a gen="m" lem="sancionador" num="s" pos="aq0ms0" postype="qualificative" wd="sancionador"/>
              </grup.a>
            </s.a>
          </grup.nom>
        </sn>
        <sp arg="argM" func="cc" tem="mnr">
          <prep>
            <s lem="a_través_de" pos="sps00" postype="preposition" wd="a_través_d'"/>
          </prep>
          <sn>
            <spec gen="m" num="s">
              <d gen="m" lem="un" num="s" pos="di0ms0" postype="indefinite" wd="un"/>
            </spec>
            <grup.nom gen="m" num="s">
              <n gen="m" lem="decret" num="s" pos="ncms000" postype="common" sense="16:04909380" wd="decret"/>
              <sp>
                <prep>
                  <s lem="de" pos="sps00" postype="preposition" wd="d'"/>
                </prep>
                <sn>
                  <grup.nom gen="f" num="s">
                    <n gen="f" lem="alcaldia" num="s" pos="ncfs000" postype="common" sense="16:00391826" wd="alcaldia"/>
                  </grup.nom>
                </sn>
              </sp>
            </grup.nom>
          </sn>
        </sp>
      </S>
      <conj conjunctiontype="coordinating">
        <c lem="i" pos="cc" postype="coordinating" wd="i"/>
      </conj>
      <S>
        <sn arg="arg0" elliptic="yes" func="suj" tem="agt"/>
        <grup.verb>
          <v lem="anar" mood="indicative" num="s" person="3" pos="vaip3s0" postype="auxiliary" tense="present" wd="va"/>
          <v lem="decretar" lss="A21.transitive-agentive-patient" mood="infinitive" pos="vmn0000" postype="main" wd="decretar"/>
        </grup.verb>
        <sn arg="arg1" func="cd" tem="pat">
          <spec gen="m" num="s">
            <d gen="m" lem="el_seu" num="s" person="3" pos="dp3ms0" postype="possessive" wd="el_seu"/>
          </spec>
          <grup.nom gen="m" num="s">
            <n gen="m" lem="sobreseïment" num="s" pos="ncms000" postype="common" sense="16:cs1" wd="sobreseïment"/>
          </grup.nom>
        </sn>
      </S>
    </S>
    <f lem="." pos="fp" punct="period" wd="."/>
  </sentence>
  <sentence coord="yes">
    <sn adjunct="yes" arg="argM" entityref="ne" func="cc" ne="date" tem="tmp">
      <spec gen="m" num="s">
        <d gen="m" lem="el" num="s" pos="da0ms0" postype="article" wd="El"/>
      </spec>
      <grup.nom gen="m" num="s">
        <w lem="[??:30/10/1995:??.??]" ne="date" wd="30_d'_octubre_de_1995"/>
      </grup.nom>
      <f lem="," pos="fc" punct="comma" wd=","/>
    </sn>
    <S coord="yes">
      <S>
        <sn arg="arg0" func="suj" tem="agt">
          <spec gen="m" num="p">
            <d gen="m" lem="dos" num="p" pos="dn0mp0" postype="numeral" wd="dos"/>
          </spec>
          <grup.nom gen="m" num="p">
            <n gen="c" lem="agent" num="p" pos="nccp000" postype="common" sense="16:07485712" wd="agents"/>
            <sp>
              <prep>
                <s lem="de" pos="sps00" postype="preposition" wd="de"/>
              </prep>
              <sn entityref="ne" ne="organization">
                <spec gen="f" num="s">
                  <d gen="f" lem="el" num="s" pos="da0fs0" postype="article" wd="la"/>
                </spec>
                <grup.nom gen="f" num="s">
                  <n lem="Policia_Local" ne="organization" pos="np0000o" postype="proper" sense="16:cs1" wd="Policia_Local"/>
                </grup.nom>
              </sn>
            </sp>
          </grup.nom>
        </sn>
        <grup.verb>
          <v lem="anar" mood="indicative" num="p" person="3" pos="vaip3p0" postype="auxiliary" tense="present" wd="van"/>
          <v lem="instruir" lss="A21.transitive-agentive-patient" mood="infinitive" pos="vmn0000" postype="main" wd="instruir"/>
        </grup.verb>
        <sn arg="arg1" func="cd" tem="pat">
          <spec gen="m" num="s">
            <d gen="m" lem="un" num="s" pos="di0ms0" postype="indefinite" wd="un"/>
          </spec>
          <grup.nom discid="1n" gen="m" num="s">
            <n gen="m" lem="atestat" num="s" pos="ncms000" postype="common" sense="16:50000163" wd="atestat"/>
          </grup.nom>
        </sn>
        <sp arg="argM" func="cc" tem="cau">
          <prep>
            <s lem="per" pos="sps00" postype="preposition" wd="per"/>
          </prep>
          <sn>
            <spec gen="m" num="s">
              <d gen="m" lem="un" num="s" pos="di0ms0" postype="indefinite" wd="un"/>
            </spec>
            <grup.nom gen="m" num="s">
              <S clausetype="participle" impersonal="yes">
                <participi>
                  <a gen="m" lem="suposat" num="s" pos="aq0msp" posfunction="participle" postype="qualificative" wd="suposat"/>
                </participi>
              </S>
              <n gen="m" lem="delicte" num="s" pos="ncms000" postype="common" sense="16:00490590" wd="delicte"/>
              <sp>
                <prep>
                  <s lem="de" pos="sps00" postype="preposition" wd="d'"/>
                </prep>
                <sn>
                  <grup.nom gen="f" num="s">
                    <n gen="f" lem="omissió" num="s" pos="ncfs000" postype="common" sense="16:00044056" wd="omissió"/>
                    <sp>
                      <prep>
                        <s contracted="yes" gen="m" lem="del" num="s" pos="spcms" postype="preposition" wd="del"/>
                      </prep>
                      <sn>
                        <grup.nom gen="m" num="s">
                          <n gen="m" lem="deure" num="s" pos="ncms000" postype="common" sense="16:00384174" wd="deure"/>
                          <sp>
                            <prep>
                              <s lem="de" pos="sps00" postype="preposition" wd="de"/>
                            </prep>
                            <sn>
                              <grup.nom gen="m" num="s">
                                <n gen="m" lem="socors" num="c" pos="ncmn000" postype="common" sense="16:00783978" wd="socors"/>
                              </grup.nom>
                            </sn>
                          </sp>
                        </grup.nom>
                      </sn>
                    </sp>
                  </grup.nom>
                </sn>
              </sp>
            </grup.nom>
          </sn>
        </sp>
        <S clausetype="relative" discid="1c">
          <f lem="," pos="fc" punct="comma" wd=","/>
          <sp arg="argM" func="cc" tem="loc">
            <prep>
              <s lem="en" pos="sps00" postype="preposition" wd="en"/>
            </prep>
            <relatiu>
              <d gen="m" lem="el" num="s" pos="da0ms0" postype="article" wd="el"/>
              <p gen="c" lem="qual" num="s" pos="pr0cs000" postype="relative" wd="qual"/>
            </relatiu>
          </sp>
          <morfema.pronominal>
            <p gen="c" lem="hi" num="c" person="3" pos="pp3cn000" postype="personal" wd="hi"/>
          </morfema.pronominal>
          <grup.verb>
            <v lem="haver" lss="C11.state-existential" mood="indicative" num="s" person="3" pos="vmii3s0" postype="main" tense="imperfect" wd="havia"/>
          </grup.verb>
          <S arg="argM" clausetype="participle" func="cpred" impersonal="yes" predicate="cd" tem="atr">
            <participi>
              <a gen="m" lem="implicat" num="s" pos="aq0msp" posfunction="participle" postype="qualificative" wd="implicat"/>
            </participi>
          </S>
          <sn arg="arg1" func="cd" functype="quantitative" tem="tem">
            <spec gen="m" num="s">
              <d gen="m" lem="un" num="s" pos="di0ms0" postype="indefinite" wd="un"/>
            </spec>
            <grup.nom gen="m" num="s">
              <n gen="m" lem="metge" num="s" pos="ncms000" postype="common" sense="16:07220340" wd="metge"/>
            </grup.nom>
          </sn>
          <f lem="," pos="fc" punct="comma" wd=","/>
        </S>
      </S>
      <conj conjunctiontype="coordinating">
        <c lem="i" pos="cc" postype="coordinating" wd="i"/>
      </conj>
      <S>
        <sn arg="arg0" elliptic="yes" func="suj" tem="agt"/>
        <sn arg="arg1" func="cd" tem="pat">
          <grup.nom gen="m" num="s">
            <p case="accusative" gen="m" lem="ell" num="s" person="3" pos="pp3msa00" postype="personal" wd="el"/>
          </grup.nom>
        </sn>
        <grup.verb>
          <v lem="anar" mood="indicative" num="p" person="3" pos="vaip3p0" postype="auxiliary" tense="present" wd="van"/>
          <v lem="entregar" lss="A32.ditransitive-patient-benefactive" mood="infinitive" pos="vmn0000" postype="main" wd="entregar"/>
        </grup.verb>
        <sp arg="arg2" func="ci" tem="ben">
          <prep>
            <s contracted="yes" gen="m" lem="al" num="s" pos="spcms" postype="preposition" wd="al"/>
          </prep>
          <sn>
            <grup.nom gen="m" num="s">
              <n gen="m" lem="jutjat" num="s" pos="ncms000" postype="common" sense="16:06176884" wd="jutjat"/>
              <sp>
                <prep>
                  <s lem="de" pos="sps00" postype="preposition" wd="d'"/>
                </prep>
                <sn>
                  <grup.nom gen="f" num="s">
                    <n gen="f" lem="instrucció" num="s" pos="ncfs000" postype="common" sense="16:cs3" wd="instrucció"/>
                  </grup.nom>
                </sn>
              </sp>
            </grup.nom>
          </sn>
        </sp>
      </S>
    </S>
    <f lem="." pos="fp" punct="period" wd="."/>
  </sentence>
  <sentence>
    <sn arg="argM" entityref="ne" func="cc" ne="date" tem="tmp">
      <spec gen="m" num="s">
        <d gen="m" lem="el" num="s" pos="da0ms0" postype="article" wd="El"/>
      </spec>
      <grup.nom gen="m" num="s">
        <w lem="[??:05/12/1995:??.??]" ne="date" wd="5_de_desembre_de_1995"/>
      </grup.nom>
      <f lem="," pos="fc" punct="comma" wd=","/>
    </sn>
    <sn arg="arg0" entityref="ne" func="suj" ne="person" tem="agt">
      <spec gen="m" num="s">
        <d gen="m" lem="el" num="s" pos="da0ms0" postype="article" wd="el"/>
      </spec>
      <grup.nom gen="m" num="s">
        <n gen="c" lem="cap" num="s" pos="nccs000" postype="common" sense="16:07311393" wd="cap"/>
        <sp>
          <prep>
            <s lem="de" pos="sps00" postype="preposition" wd="de"/>
          </prep>
          <sn entityref="ne" ne="organization">
            <spec gen="f" num="s">
              <d gen="f" lem="el" num="s" pos="da0fs0" postype="article" wd="la"/>
            </spec>
            <grup.nom gen="f" num="s">
              <n lem="Policia_Local" ne="organization" pos="np0000o" postype="proper" sense="16:cs1" wd="Policia_Local"/>
            </grup.nom>
          </sn>
        </sp>
      </grup.nom>
    </sn>
    <grup.verb>
      <v lem="anar" mood="indicative" num="s" person="3" pos="vaip3s0" postype="auxiliary" tense="present" wd="va"/>
      <v lem="ordenar" lss="A32.ditransitive-patient-benefactive" mood="infinitive" pos="vmn0000" postype="main" wd="ordenar"/>
    </grup.verb>
    <sp arg="arg2" func="ci" tem="ben">
      <prep>
        <s contracted="yes" gen="m" lem="al" num="s" pos="spcms" postype="preposition" wd="al"/>
      </prep>
      <sn entityref="ne" ne="person">
        <grup.nom gen="m" num="s">
          <n gen="m" lem="subinspector" num="s" pos="ncms000" postype="common" sense="16:cs1" wd="subinspector"/>
          <sp>
            <prep>
              <s contracted="yes" gen="m" lem="del" num="s" pos="spcms" postype="preposition" wd="del"/>
            </prep>
            <sn entityref="ne" ne="organization">
              <grup.nom gen="m" num="s">
                <n lem="Cos" ne="organization" pos="np0000o" postype="proper" sense="16:cs1" wd="Cos"/>
              </grup.nom>
            </sn>
          </sp>
        </grup.nom>
      </sn>
    </sp>
    <S arg="arg1" clausetype="completive" coord="yes" func="cd" tem="pat">
      <conj conjunctiontype="subordinating">
        <c lem="que" pos="cs" postype="subordinating" wd="que"/>
      </conj>
      <S clausetype="completive">
        <sn arg="arg0" elliptic="yes" func="suj" tem="cau"/>
        <grup.verb>
          <v lem="modificar" lss="A11.transitive-causative" mood="subjunctive" num="s" person="3" pos="vmsi3s0" postype="main" tense="imperfect" wd="modifiqués"/>
        </grup.verb>
        <sn arg="arg1" func="cd" tem="tem">
          <spec gen="m" num="s">
            <d gen="c" lem="el" num="s" pos="da0cs0" postype="article" wd="l'"/>
          </spec>
          <grup.nom gen="m" num="s">
            <n gen="m" lem="atestat" num="s" pos="ncms000" postype="common" sense="16:50000163" wd="atestat"/>
          </grup.nom>
        </sn>
      </S>
      <conj conjunctiontype="coordinating">
        <c lem="i" pos="cc" postype="coordinating" wd="i"/>
      </conj>
      <S clausetype="completive">
        <sn arg="arg0" elliptic="yes" func="suj" tem="cau"/>
        <grup.verb>
          <v lem="fer" mood="subjunctive" num="s" person="3" pos="vmsi3s0" postype="main" tense="imperfect" wd="fes"/>
          <infinitiu>
            <v lem="aparèixer" lss="A11.transitive-causative" mood="infinitive" pos="vmn0000" postype="main" wd="aparèixer"/>
          </infinitiu>
        </grup.verb>
        <sp arg="argM" func="cpred" predicate="cd" tem="atr">
          <prep>
            <s lem="com_a" pos="sps00" postype="preposition" wd="com_a"/>
          </prep>
          <sn>
            <grup.nom gen="m" num="p">
              <n gen="c" lem="responsable" num="p" pos="nccp000" postype="common" sense="16:07311393" wd="responsables"/>
              <sp>
                <prep>
                  <s lem="de" pos="sps00" postype="preposition" wd="de"/>
                </prep>
                <sn>
                  <spec gen="m" num="s">
                    <d gen="c" lem="el" num="s" pos="da0cs0" postype="article" wd="l'"/>
                  </spec>
                  <grup.nom gen="m" num="s">
                    <n gen="m" lem="incident" num="s" pos="ncms000" postype="common" sense="16:10069677" wd="incident"/>
                  </grup.nom>
                </sn>
              </sp>
            </grup.nom>
          </sn>
        </sp>
        <sp arg="arg1" func="cd" tem="tem">
          <f lem="," pos="fc" punct="comma" wd=","/>
          <prep>
            <s lem="juntament_amb" pos="sps00" postype="preposition" wd="juntament_amb"/>
          </prep>
          <sn>
            <spec gen="m" num="s">
              <d gen="m" lem="el" num="s" pos="da0ms0" postype="article" wd="el"/>
            </spec>
            <grup.nom gen="m" num="s">
              <n gen="m" lem="metge" num="s" pos="ncms000" postype="common" sense="16:07220340" wd="metge"/>
            </grup.nom>
          </sn>
          <f lem="," pos="fc" punct="comma" wd=","/>
        </sp>
        <sn arg="arg1" func="cd" tem="tem">
          <spec gen="m" num="p">
            <d gen="m" lem="el" num="p" pos="da0mp0" postype="article" wd="els"/>
            <d gen="m" lem="dos" num="p" pos="dn0mp0" postype="numeral" wd="dos"/>
          </spec>
          <grup.nom gen="m" num="p">
            <n gen="c" lem="agent" num="p" pos="nccp000" postype="common" sense="16:07485712" wd="agents"/>
            <S clausetype="relative">
              <relatiu arg="arg0" func="suj" tem="agt">
                <p gen="c" lem="que" num="c" pos="pr0cn000" postype="relative" wd="que"/>
              </relatiu>
              <morfema.pronominal>
                <p gen="c" lem="ell" num="c" person="3" pos="p0300000" wd="s'"/>
              </morfema.pronominal>
              <grup.verb>
                <v lem="haver" mood="indicative" num="p" person="3" pos="vaii3p0" postype="auxiliary" tense="imperfect" wd="havien"/>
                <v gen="m" lem="ocupar" lss="A22.transitive-agentive-theme" mood="participle" num="s" pos="vmp00sm" postype="main" wd="ocupat"/>
              </grup.verb>
              <sp arg="arg1" func="creg" tem="tem">
                <prep>
                  <s contracted="yes" gen="m" lem="del" num="s" pos="spcms" postype="preposition" wd="del"/>
                </prep>
                <sn>
                  <grup.nom gen="m" num="s">
                    <n gen="m" lem="cas" num="s" pos="ncms000" postype="common" sense="16:05081510" wd="cas"/>
                  </grup.nom>
                </sn>
              </sp>
            </S>
          </grup.nom>
        </sn>
      </S>
    </S>
    <f lem="." pos="fp" punct="period" wd="."/>
  </sentence>
  <sentence coord="yes">
    <S adjunct="yes" arg="argM" clausetype="adverbial" func="cc" tem="cau">
      <conj conjunctiontype="subordinating">
        <c lem="com_que" pos="cs" postype="subordinating" wd="Com_que"/>
      </conj>
      <sn arg="arg0" func="suj" tem="agt">
        <spec gen="m" num="s">
          <d gen="m" lem="el" num="s" pos="da0ms0" postype="article" wd="el"/>
        </spec>
        <grup.nom gen="m" num="s">
          <n gen="m" lem="subinspector" num="s" pos="ncms000" postype="common" sense="16:cs1" wd="subinspector"/>
        </grup.nom>
      </sn>
      <morfema.pronominal>
        <p gen="c" lem="ell" num="c" person="3" pos="p0300000" wd="s'"/>
      </morfema.pronominal>
      <sn arg="arg1" func="creg" tem="tem">
        <grup.nom>
          <p gen="c" lem="hi" num="c" person="3" pos="pp3cn000" postype="personal" wd="hi"/>
        </grup.nom>
      </sn>
      <grup.verb>
        <v lem="anar" mood="indicative" num="s" person="3" pos="vaip3s0" postype="auxiliary" tense="present" wd="va"/>
        <v lem="negar" lss="A22.transitive-agentive-theme" mood="infinitive" pos="vmn0000" postype="main" wd="negar"/>
      </grup.verb>
      <f lem="," pos="fc" punct="comma" wd=","/>
    </S>
    <S coord="yes">
      <S>
        <sn arg="arg0" entityref="ne" func="suj" ne="person" tem="agt">
          <spec gen="m" num="s">
            <d gen="m" lem="el" num="s" pos="da0ms0" postype="article" wd="el"/>
          </spec>
          <grup.nom gen="m" num="s">
            <n gen="c" lem="cap" num="s" pos="nccs000" postype="common" sense="16:07311393" wd="cap"/>
            <sp>
              <prep>
                <s lem="de" pos="sps00" postype="preposition" wd="de"/>
              </prep>
              <sn entityref="ne" ne="organization">
                <spec gen="f" num="s">
                  <d gen="f" lem="el" num="s" pos="da0fs0" postype="article" wd="la"/>
                </spec>
                <grup.nom gen="f" num="s">
                  <n lem="Policia" ne="organization" pos="np0000o" postype="proper" sense="16:cs1" wd="Policia"/>
                </grup.nom>
              </sn>
            </sp>
          </grup.nom>
        </sn>
        <sn arg="arg1" func="cd" repetition="yes" tem="pat">
          <grup.nom gen="m" num="s">
            <p gen="c" lem="ell" num="p" person="3" pos="pp3cp000" postype="personal" wd="els"/>
          </grup.nom>
        </sn>
        <grup.verb>
          <v lem="anar" mood="indicative" num="s" person="3" pos="vaip3s0" postype="auxiliary" tense="present" wd="va"/>
          <v lem="cridar" lss="A21.transitive-agentive-patient" mood="infinitive" pos="vmn0000" postype="main" wd="cridar"/>
        </grup.verb>
        <sp arg="argM" func="cc" tem="loc">
          <prep>
            <s contracted="yes" gen="m" lem="al" num="s" pos="spcms" postype="preposition" wd="al"/>
          </prep>
          <sn>
            <spec gen="m" num="s">
              <d gen="m" lem="seu" num="s" person="3" pos="dp3ms0" postype="possessive" wd="seu"/>
            </spec>
            <grup.nom gen="m" num="s">
              <n gen="m" lem="despatx" num="s" pos="ncms000" postype="common" sense="16:05010399" wd="despatx"/>
            </grup.nom>
          </sn>
        </sp>
        <sp arg="arg1" coord="yes" func="cd" repetition="yes" tem="pat">
          <sp>
            <prep>
              <s lem="a" pos="sps00" postype="preposition" wd="a"/>
            </prep>
            <sn>
              <grup.nom gen="m" num="s">
                <p gen="m" lem="ell" num="s" person="3" pos="pp3ms000" postype="personal" wd="ell"/>
              </grup.nom>
            </sn>
          </sp>
          <conj conjunctiontype="coordinating">
            <c lem="i" pos="cc" postype="coordinating" wd="i"/>
          </conj>
          <sp>
            <prep>
              <s contracted="yes" gen="m" lem="al" num="p" pos="spcmp" postype="preposition" wd="als"/>
            </prep>
            <sn>
              <spec gen="m" num="p">
                <d gen="m" lem="dos" num="p" pos="dn0mp0" postype="numeral" wd="dos"/>
              </spec>
              <grup.nom gen="m" num="p">
                <n gen="c" lem="agent" num="p" pos="nccp000" postype="common" sense="16:07485319" wd="agents"/>
                <S clausetype="relative">
                  <relatiu arg="arg0" func="suj" tem="agt">
                    <p gen="c" lem="que" num="c" pos="pr0cn000" postype="relative" wd="que"/>
                  </relatiu>
                  <grup.verb>
                    <v lem="haver" mood="indicative" num="p" person="3" pos="vaii3p0" postype="auxiliary" tense="imperfect" wd="havien"/>
                    <v gen="m" lem="actuar" lss="D11.inergative-agentive" mood="participle" num="s" pos="vmp00sm" postype="main" wd="actuat"/>
                  </grup.verb>
                  <sp arg="argM" func="cc" tem="loc">
                    <prep>
                      <s lem="en" pos="sps00" postype="preposition" wd="en"/>
                    </prep>
                    <sn>
                      <spec gen="m" num="s">
                        <d gen="m" lem="el" num="s" pos="da0ms0" postype="article" wd="el"/>
                      </spec>
                      <grup.nom gen="m" num="s">
                        <n gen="m" lem="cas" num="s" pos="ncms000" postype="common" sense="16:05081510" wd="cas"/>
                      </grup.nom>
                    </sn>
                  </sp>
                </S>
              </grup.nom>
            </sn>
          </sp>
        </sp>
      </S>
      <conj conjunctiontype="coordinating">
        <c lem="i" pos="cc" postype="coordinating" wd="i"/>
      </conj>
      <S coord="yes">
        <S>
          <sn arg="arg0" elliptic="yes" func="suj" tem="agt"/>
          <sn arg="arg2" func="ci" tem="ben">
            <grup.nom num="p">
              <p gen="c" lem="ell" num="p" person="3" pos="pp3cp000" postype="personal" wd="els"/>
            </grup.nom>
          </sn>
          <grup.verb>
            <v lem="anar" mood="indicative" num="s" person="3" pos="vaip3s0" postype="auxiliary" tense="present" wd="va"/>
            <v lem="ordenar" lss="A32.ditransitive-patient-benefactive" mood="infinitive" pos="vmn0000" postype="main" wd="ordenar"/>
          </grup.verb>
          <S arg="arg1" clausetype="completive" func="cd" tem="pat">
            <conj conjunctiontype="subordinating">
              <c lem="que" pos="cs" postype="subordinating" wd="que"/>
            </conj>
            <sn arg="arg0" elliptic="yes" func="suj" tem="cau"/>
            <grup.verb>
              <v lem="canviar" lss="A11.transitive-causative" mood="subjunctive" num="p" person="3" pos="vmsi3p0" postype="main" tense="imperfect" wd="canviessin"/>
            </grup.verb>
            <sn arg="arg1" func="cd" tem="tem">
              <spec gen="m" num="s">
                <d gen="c" lem="el" num="s" pos="da0cs0" postype="article" wd="l'"/>
              </spec>
              <grup.nom gen="m" num="s">
                <n gen="m" lem="atestat" num="s" pos="ncms000" postype="common" sense="16:50000163" wd="atestat"/>
              </grup.nom>
            </sn>
          </S>
        </S>
        <f lem="," pos="fc" punct="comma" wd=","/>
        <S clausetype="adverbial" coord="yes" impersonal="yes">
          <S clausetype="adverbial" impersonal="yes">
            <gerundi>
              <v lem="afegir" lss="A21.transitive-agentive-patient" mood="gerund" pos="vmg0000" postype="main" wd="afegint"/>
            </gerundi>
            <S arg="arg1" clausetype="completive" func="cd" tem="pat">
              <f lem="&quot;" pos="fe" punct="quotation" wd="&quot;"/>
              <S clausesubtype="conditional" clausetype="adverbial" func="ao">
                <conj conjunctiontype="subordinating">
                  <c lem="si" pos="cs" postype="subordinating" wd="Si"/>
                </conj>
                <sn arg="arg1" elliptic="yes" func="suj" tem="tem"/>
                <sn arg="arg1" func="cd" functype="quantitative" tem="pat">
                  <grup.nom num="s">
                    <p gen="c" lem="jo" num="s" person="1" pos="pp1cs000" postype="personal" wd="em"/>
                  </grup.nom>
                </sn>
                <grup.verb>
                  <v lem="fer" mood="subjunctive" num="p" person="2" pos="vmsp2p0" postype="main" tense="present" wd="feu"/>
                  <infinitiu>
                    <v lem="quedar" lss="C21.state-attributive" mood="infinitive" pos="vmn0000" postype="main" wd="quedar"/>
                  </infinitiu>
                </grup.verb>
                <sadv arg="arg2" func="cpred" predicate="cd" tem="atr">
                  <grup.adv>
                    <r lem="malament" pos="rg" wd="malament"/>
                  </grup.adv>
                </sadv>
                <f lem="," pos="fc" punct="comma" wd=","/>
              </S>
              <sn arg="arg0" elliptic="yes" func="suj" tem="agt"/>
              <grup.verb>
                <v lem="haver" mood="indicative" num="p" person="2" pos="vaif2p0" postype="auxiliary" tense="future" wd="haureu"/>
                <v gen="m" lem="beure" lss="D11.inergative-agentive" mood="participle" num="s" pos="vmp00sm" postype="main" wd="begut"/>
              </grup.verb>
              <sn arg="argL" func="cd">
                <grup.nom gen="m" num="s">
                  <n gen="m" lem="oli" num="s" pos="ncms000" postype="common" sense="16:10738422" wd="oli"/>
                </grup.nom>
              </sn>
              <f lem="&quot;" pos="fe" punct="quotation" wd="&quot;"/>
            </S>
          </S>
          <conj conjunctiontype="coordinating">
            <c lem="i" pos="cc" postype="coordinating" wd="i"/>
          </conj>
          <S clausetype="adverbial" impersonal="yes">
            <gerundi>
              <v lem="amenaçar" lss="A34.ditransitive-patient-theme" mood="gerund" pos="vmg0000" postype="main" wd="amenaçant"/>
            </gerundi>
            <sn arg="arg1" func="cd" tem="pat">
              <grup.nom num="p">
                <p gen="c" lem="ell" num="p" person="3" pos="pp3cp000" postype="personal" wd="-los"/>
              </grup.nom>
            </sn>
            <sp arg="argM" func="cc" tem="adv">
              <prep>
                <s lem="amb" pos="sps00" postype="preposition" wd="amb"/>
              </prep>
              <S clausetype="completive" impersonal="yes">
                <infinitiu>
                  <v lem="obrir" lss="A11.transitive-causative" mood="infinitive" pos="vmn0000" postype="main" wd="obrir"/>
                </infinitiu>
                <sn arg="arg2" func="ci" tem="ben">
                  <grup.nom num="p">
                    <p gen="c" lem="ell" num="p" person="3" pos="pp3cp000" postype="personal" wd="-los"/>
                  </grup.nom>
                </sn>
                <sn arg="arg1" func="cd" tem="tem">
                  <spec gen="m" num="s">
                    <d gen="m" lem="un" num="s" pos="di0ms0" postype="indefinite" wd="un"/>
                  </spec>
                  <grup.nom gen="m" num="s">
                    <n gen="m" lem="expedient" num="s" pos="ncms000" postype="common" sense="16:04884887" wd="expedient"/>
                  </grup.nom>
                </sn>
              </S>
            </sp>
          </S>
        </S>
      </S>
    </S>
    <f lem="." pos="fp" punct="period" wd="."/>
  </sentence>
  <sentence coord="yes">
    <sn adjunct="yes" arg="argM" entityref="ne" func="cc" ne="date" tem="tmp">
      <spec gen="m" num="s">
        <d gen="m" lem="el" num="s" pos="da0ms0" postype="article" wd="El"/>
      </spec>
      <grup.nom gen="m" num="s">
        <w lem="[??:19/12/1995:??.??]" ne="date" wd="19_de_desembre_de_1995"/>
      </grup.nom>
      <f lem="," pos="fc" punct="comma" wd=","/>
    </sn>
    <S coord="yes">
      <S coord="yes">
        <S>
          <sn arg="arg0" entityref="ne" func="suj" ne="person" tem="agt">
            <spec gen="m" num="s">
              <d gen="m" lem="el" num="s" pos="da0ms0" postype="article" wd="el"/>
            </spec>
            <grup.nom gen="m" num="s">
              <n gen="m" lem="cap" num="s" pos="ncms000" postype="common" sense="16:07311393" wd="cap"/>
              <sp>
                <prep>
                  <s lem="de" pos="sps00" postype="preposition" wd="de"/>
                </prep>
                <sn entityref="ne" ne="organization">
                  <spec gen="f" num="s">
                    <d gen="f" lem="el" num="s" pos="da0fs0" postype="article" wd="la"/>
                  </spec>
                  <grup.nom gen="f" num="s">
                    <n lem="Policia" ne="organization" pos="np0000o" postype="proper" sense="16:cs1" wd="Policia"/>
                  </grup.nom>
                </sn>
              </sp>
            </grup.nom>
          </sn>
          <sp arg="argM" func="cc" tem="cau">
            <f lem="," pos="fc" punct="comma" wd=","/>
            <prep>
              <s lem="en" pos="sps00" postype="preposition" wd="en"/>
            </prep>
            <S clausetype="completive" impersonal="yes">
              <infinitiu>
                <v lem="veure" lss="A21.transitive-agentive-patient" mood="infinitive" pos="vmn0000" postype="main" wd="veure"/>
              </infinitiu>
              <S arg="arg1" clausetype="completive" func="cd" tem="pat">
                <conj conjunctiontype="subordinating">
                  <c lem="que" pos="cs" postype="subordinating" wd="que"/>
                </conj>
                <neg func="mod">
                  <r lem="no" pos="rn" postype="negative" wd="no"/>
                </neg>
                <morfema.pronominal>
                  <p gen="c" lem="ell" num="c" person="3" pos="p0300000" wd="s'"/>
                </morfema.pronominal>
                <grup.verb>
                  <v lem="haver" mood="indicative" num="s" person="3" pos="vaii3s0" postype="auxiliary" tense="imperfect" wd="havia"/>
                  <v gen="m" lem="modificar" lss="B21.unaccusative-state" mood="participle" num="s" pos="vmp00sm" postype="main" wd="modificat"/>
                </grup.verb>
                <sn arg="arg1" func="suj" tem="tem">
                  <spec gen="m" num="s">
                    <d gen="c" lem="el" num="s" pos="da0cs0" postype="article" wd="l'"/>
                  </spec>
                  <grup.nom gen="m" num="s">
                    <n gen="m" lem="atestat" num="s" pos="ncms000" postype="common" sense="16:50000163" wd="atestat"/>
                  </grup.nom>
                </sn>
              </S>
            </S>
            <f lem="," pos="fc" punct="comma" wd=","/>
          </sp>
          <grup.verb>
            <v lem="anar" mood="indicative" num="s" person="3" pos="vaip3s0" postype="auxiliary" tense="present" wd="va"/>
            <v lem="dirigir" lss="A32.ditransitive-patient-benefactive" mood="infinitive" pos="vmn0000" postype="main" wd="dirigir"/>
          </grup.verb>
          <morfema.pronominal>
            <p gen="c" lem="ell" num="c" person="3" pos="p0300000" wd="-se"/>
          </morfema.pronominal>
          <sp arg="arg2" func="ci" tem="ben">
            <prep>
              <s contracted="yes" gen="m" lem="al" num="s" pos="spcms" postype="preposition" wd="al"/>
            </prep>
            <sn>
              <grup.nom gen="m" num="s">
                <n gen="m" lem="subinspector" num="s" pos="ncms000" postype="common" sense="16:cs1" wd="subinspector"/>
              </grup.nom>
            </sn>
          </sp>
        </S>
        <conj conjunctiontype="coordinating">
          <c lem="i" pos="cc" postype="coordinating" wd="i"/>
        </conj>
        <S>
          <sn arg="arg0" elliptic="yes" func="suj" tem="agt"/>
          <sn arg="arg2" func="ci" tem="ben">
            <grup.nom num="s">
              <p case="dative" gen="c" lem="ell" num="s" person="3" pos="pp3csd00" postype="personal" wd="li"/>
            </grup.nom>
          </sn>
          <grup.verb>
            <v lem="anar" mood="indicative" num="s" person="3" pos="vaip3s0" postype="auxiliary" tense="present" wd="va"/>
            <v lem="repetir" lss="A32.ditransitive-patient-benefactive" mood="infinitive" pos="vmn0000" postype="main" wd="repetir"/>
          </grup.verb>
          <sn arg="arg1" func="cd" tem="pat">
            <spec gen="f" num="s">
              <d gen="f" lem="el_seu" num="s" person="3" pos="dp3fs0" postype="possessive" wd="la_seva"/>
            </spec>
            <grup.nom gen="f" num="s">
              <n gen="f" lem="ordre" num="s" pos="ncfs000" postype="common" sense="16:05359821" wd="ordre"/>
            </grup.nom>
          </sn>
        </S>
        <f lem="," pos="fc" punct="comma" wd=","/>
      </S>
      <conj conjunctiontype="coordinating">
        <c lem="i" pos="cc" postype="coordinating" wd="i"/>
      </conj>
      <S coord="yes">
        <S coord="yes">
          <S adjunct="yes" arg="argM" clausetype="adverbial" func="cc" tem="cau">
            <conj conjunctiontype="subordinating">
              <c lem="com_que" pos="cs" postype="subordinating" wd="com_que"/>
            </conj>
            <sn arg="arg0" elliptic="yes" func="suj" tem="agt"/>
            <morfema.pronominal>
              <p gen="c" lem="ell" num="c" person="3" pos="p0300000" wd="s'"/>
            </morfema.pronominal>
            <sn arg="arg1" func="creg" tem="tem">
              <grup.nom>
                <p gen="c" lem="hi" num="c" person="3" pos="pp3cn000" postype="personal" wd="hi"/>
              </grup.nom>
            </sn>
            <grup.verb>
              <v lem="anar" mood="indicative" num="s" person="3" pos="vaip3s0" postype="auxiliary" tense="present" wd="va"/>
              <v lem="negar" lss="A22.transitive-agentive-theme" mood="infinitive" pos="vmn0000" postype="main" wd="negar"/>
            </grup.verb>
            <sadv arg="argM" func="cc" tem="adv">
              <grup.adv>
                <r lem="de_nou" pos="rg" wd="de_nou"/>
              </grup.adv>
            </sadv>
            <f lem="," pos="fc" punct="comma" wd=","/>
          </S>
          <S coord="yes">
            <S>
              <sn arg="arg0" elliptic="yes" func="suj" tem="agt"/>
              <grup.verb>
                <v lem="anar" mood="indicative" num="s" person="3" pos="vaip3s0" postype="auxiliary" tense="present" wd="va"/>
                <v lem="tornar" mood="infinitive" pos="vmn0000" postype="main" wd="tornar"/>
                <s lem="a" pos="sps00" postype="preposition" wd="a"/>
                <infinitiu>
                  <v lem="cridar" lss="A21.transitive-agentive-patient" mood="infinitive" pos="vmn0000" postype="main" wd="cridar"/>
                </infinitiu>
              </grup.verb>
              <sn arg="arg1" func="cd" tem="pat">
                <spec gen="m" num="p">
                  <d gen="m" lem="el" num="p" pos="da0mp0" postype="article" wd="els"/>
                  <d gen="m" lem="dos" num="p" pos="dn0mp0" postype="numeral" wd="dos"/>
                </spec>
                <grup.nom gen="m" num="p">
                  <n gen="c" lem="agent" num="p" pos="nccp000" postype="common" sense="16:07485319" wd="agents"/>
                </grup.nom>
              </sn>
            </S>
            <conj conjunctiontype="coordinating">
              <c lem="i" pos="cc" postype="coordinating" wd="i"/>
            </conj>
            <S>
              <sn arg="arg0" elliptic="yes" func="suj" tem="agt"/>
              <sn arg="arg1" func="cd" tem="pat">
                <grup.nom num="p">
                  <p gen="c" lem="ell" num="p" person="3" pos="pp3cp000" postype="personal" wd="els"/>
                </grup.nom>
              </sn>
              <grup.verb>
                <v lem="anar" mood="indicative" num="s" person="3" pos="vaip3s0" postype="auxiliary" tense="present" wd="va"/>
                <v lem="amenaçar" lss="A34.ditransitive-patient-theme" mood="infinitive" pos="vmn0000" postype="main" wd="amenaçar"/>
              </grup.verb>
            </S>
          </S>
          <f lem="," pos="fc" punct="comma" wd=","/>
        </S>
        <conj conjunctiontype="coordinating">
          <c lem="però" pos="cc" postype="coordinating" wd="però"/>
        </conj>
        <S>
          <sn arg="arg0" elliptic="yes" func="suj" tem="cau"/>
          <neg func="mod">
            <r lem="no" pos="rn" postype="negative" wd="no"/>
          </neg>
          <grup.verb>
            <v lem="anar" mood="indicative" num="p" person="3" pos="vaip3p0" postype="auxiliary" tense="present" wd="van"/>
            <v lem="modificar" lss="A11.transitive-causative" mood="infinitive" pos="vmn0000" postype="main" wd="modificar"/>
          </grup.verb>
          <sn arg="arg1" func="cd" tem="tem">
            <spec gen="m" num="s">
              <d gen="c" lem="el" num="s" pos="da0cs0" postype="article" wd="l'"/>
            </spec>
            <grup.nom gen="m" num="s">
              <n gen="m" lem="atestat" num="s" pos="ncms000" postype="common" sense="16:50000163" wd="atestat"/>
            </grup.nom>
          </sn>
        </S>
      </S>
    </S>
    <f lem="." pos="fp" punct="period" wd="."/>
  </sentence>
  <sentence coord="yes">
    <S coord="yes">
      <S>
        <sn arg="arg0" func="suj" tem="agt">
          <spec gen="m" num="s">
            <d gen="m" lem="el" num="s" pos="da0ms0" postype="article" wd="El"/>
          </spec>
          <grup.nom gen="m" num="s">
            <n gen="c" lem="fiscal" num="s" pos="nccs000" postype="common" sense="16:07507504" wd="fiscal"/>
          </grup.nom>
        </sn>
        <grup.verb>
          <v lem="acusar" lss="A34.ditransitive-patient-theme" mood="indicative" num="s" person="3" pos="vmip3s0" postype="main" tense="present" wd="acusa"/>
        </grup.verb>
        <sn arg="arg1" coord="yes" func="cd" tem="pat">
          <sn>
            <spec gen="m" num="s">
              <d gen="c" lem="el" num="s" pos="da0cs0" postype="article" wd="l'"/>
            </spec>
            <grup.nom gen="m" num="s">
              <n gen="m" lem="alcalde" num="s" pos="ncms000" postype="common" sense="16:07401898" wd="alcalde"/>
            </grup.nom>
          </sn>
          <conj conjunctiontype="coordinating">
            <c lem="i" pos="cc" postype="coordinating" wd="i"/>
          </conj>
          <sn>
            <spec gen="m" num="s">
              <d gen="m" lem="el" num="s" pos="da0ms0" postype="article" wd="el"/>
            </spec>
            <grup.nom gen="m" num="s">
              <n gen="m" lem="secretari" num="s" pos="ncms000" postype="common" sense="16:07556672" wd="secretari"/>
              <sp>
                <prep>
                  <s lem="de" pos="sps00" postype="preposition" wd="de"/>
                </prep>
                <sn>
                  <spec gen="m" num="s">
                    <d gen="c" lem="el" num="s" pos="da0cs0" postype="article" wd="l'"/>
                  </spec>
                  <grup.nom gen="m" num="s">
                    <n gen="m" lem="ajuntament" num="s" pos="ncms000" postype="common" sense="16:06106524" wd="ajuntament"/>
                  </grup.nom>
                </sn>
              </sp>
            </grup.nom>
          </sn>
        </sn>
        <sp arg="arg2" func="creg" tem="tem">
          <prep>
            <s lem="de" pos="sps00" postype="preposition" wd="de"/>
          </prep>
          <sn>
            <grup.nom gen="f" num="s">
              <n gen="f" lem="prevaricació" num="s" pos="ncfs000" postype="common" sense="16:cs1" wd="prevaricació"/>
            </grup.nom>
          </sn>
        </sp>
        <f lem="," pos="fc" punct="comma" wd=","/>
      </S>
      <conj conjunctiontype="coordinating">
        <c lem="i" pos="cc" postype="coordinating" wd="i"/>
      </conj>
      <S verbless="yes">
        <sn entityref="ne" ne="person">
          <spec gen="m" num="s">
            <d gen="m" lem="el" num="s" pos="da0ms0" postype="article" wd="el"/>
          </spec>
          <grup.nom gen="m" num="s">
            <n gen="m" lem="cap" num="s" pos="ncms000" postype="common" sense="16:07311393" wd="cap"/>
            <sp>
              <prep>
                <s lem="de" pos="sps00" postype="preposition" wd="de"/>
              </prep>
              <sn entityref="ne" ne="organization">
                <spec gen="f" num="s">
                  <d gen="f" lem="el" num="s" pos="da0fs0" postype="article" wd="la"/>
                </spec>
                <grup.nom gen="f" num="s">
                  <n lem="Policia_Local" ne="organization" pos="np0000o" postype="proper" sense="16:cs1" wd="Policia_Local"/>
                </grup.nom>
              </sn>
            </sp>
          </grup.nom>
        </sn>
        <sp>
          <prep>
            <s lem="de" pos="sps00" postype="preposition" wd="de"/>
          </prep>
          <sn>
            <grup.nom gen="f" num="p">
              <n gen="f" lem="coacció" num="p" pos="ncfp000" postype="common" sense="16:00729766" wd="coaccions"/>
            </grup.nom>
          </sn>
        </sp>
      </S>
      <f lem="," pos="fc" punct="comma" wd=","/>
    </S>
    <conj conjunctiontype="coordinating">
      <c lem="i" pos="cc" postype="coordinating" wd="i"/>
    </conj>
    <S coord="yes">
      <S>
        <sn arg="arg0" elliptic="yes" func="suj" tem="agt"/>
        <grup.verb>
          <v lem="demanar" lss="A32.ditransitive-patient-benefactive" mood="indicative" num="s" person="3" pos="vmip3s0" postype="main" tense="present" wd="demana"/>
        </grup.verb>
        <sp arg="argM" func="cc" tem="fin">
          <prep>
            <s lem="per" pos="sps00" postype="preposition" wd="per"/>
          </prep>
          <sp>
            <prep>
              <s lem="a" pos="sps00" postype="preposition" wd="a"/>
            </prep>
            <sn>
              <grup.nom gen="m" num="s">
                <p gen="m" lem="cadascun" num="s" pos="pi0ms000" postype="indefinite" wd="cadascun"/>
                <sp>
                  <prep>
                    <s contracted="yes" gen="m" lem="del" num="p" pos="spcmp" postype="preposition" wd="dels"/>
                  </prep>
                  <sn>
                    <spec gen="m" num="p">
                      <d gen="m" lem="dos" num="p" pos="dn0mp0" postype="numeral" wd="dos"/>
                    </spec>
                    <grup.nom gen="m" num="p">
                      <a gen="m" lem="primer" num="p" pos="ao0mp0" postype="ordinal" wd="primers"/>
                    </grup.nom>
                  </sn>
                </sp>
              </grup.nom>
            </sn>
          </sp>
        </sp>
        <sn arg="arg1" func="cd" tem="pat">
          <spec gen="f" num="s">
            <d gen="f" lem="un" num="s" pos="di0fs0" postype="indefinite" wd="una"/>
          </spec>
          <grup.nom gen="f" num="s">
            <n gen="f" lem="pena" num="s" pos="ncfs000" postype="common" sense="16:00751324" wd="pena"/>
            <sp>
              <prep>
                <s lem="de" pos="sps00" postype="preposition" wd="de"/>
              </prep>
              <sn>
                <spec gen="m" num="p">
                  <z lem="9" ne="number" wd="9"/>
                </spec>
                <grup.nom gen="m" num="p">
                  <n gen="m" lem="any" num="p" pos="ncmp000" postype="common" sense="16:10917509" wd="anys"/>
                  <sp>
                    <prep>
                      <s lem="de" pos="sps00" postype="preposition" wd="d'"/>
                    </prep>
                    <sn>
                      <grup.nom gen="f" num="s">
                        <n gen="f" lem="inhabilitació" num="s" pos="ncfs000" postype="common" sense="16:00135654" wd="inhabilitació"/>
                        <s.a gen="f" num="s">
                          <grup.a gen="f" num="s">
                            <a gen="c" lem="especial" num="s" pos="aq0cs0" postype="qualificative" wd="especial"/>
                          </grup.a>
                        </s.a>
                      </grup.nom>
                    </sn>
                  </sp>
                </grup.nom>
              </sn>
            </sp>
          </grup.nom>
        </sn>
        <f lem="," pos="fc" punct="comma" wd=","/>
      </S>
      <conj conjunctiontype="coordinating">
        <c lem="i" pos="cc" postype="coordinating" wd="i"/>
      </conj>
      <S verbless="yes">
        <sp>
          <prep>
            <s lem="per" pos="sps00" postype="preposition" wd="per"/>
          </prep>
          <sp>
            <prep>
              <s contracted="yes" gen="m" lem="al" num="s" pos="spcms" postype="preposition" wd="al"/>
            </prep>
            <sn entityref="ne" ne="person">
              <grup.nom gen="m" num="s">
                <n gen="m" lem="cap" num="s" pos="ncms000" postype="common" sense="16:07311393" wd="cap"/>
                <sp>
                  <prep>
                    <s lem="de" pos="sps00" postype="preposition" wd="de"/>
                  </prep>
                  <sn entityref="ne" ne="organization">
                    <spec gen="f" num="s">
                      <d gen="f" lem="el" num="s" pos="da0fs0" postype="article" wd="la"/>
                    </spec>
                    <grup.nom gen="f" num="s">
                      <n lem="Policia_Local" ne="organization" pos="np0000o" postype="proper" sense="16:cs1" wd="Policia_Local"/>
                    </grup.nom>
                  </sn>
                </sp>
              </grup.nom>
            </sn>
          </sp>
        </sp>
        <sn coord="yes">
          <sn>
            <spec gen="f" num="s">
              <d gen="f" lem="un" num="s" pos="di0fs0" postype="indefinite" wd="una"/>
            </spec>
            <grup.nom gen="f" num="s">
              <n gen="f" lem="pena" num="s" pos="ncfs000" postype="common" sense="16:00751324" wd="pena"/>
              <sp>
                <prep>
                  <s lem="de" pos="sps00" postype="preposition" wd="de"/>
                </prep>
                <sn>
                  <spec gen="m" num="p">
                    <z lem="4" ne="number" wd="4"/>
                  </spec>
                  <grup.nom gen="m" num="p">
                    <n gen="m" lem="mes" num="p" pos="ncmp000" postype="common" sense="16:10919146" wd="mesos"/>
                    <sp>
                      <prep>
                        <s lem="de" pos="sps00" postype="preposition" wd="d'"/>
                      </prep>
                      <sn>
                        <grup.nom gen="m" num="s">
                          <n gen="m" lem="arrest" num="s" pos="ncms000" postype="common" sense="16:00743461" wd="arrest"/>
                        </grup.nom>
                      </sn>
                    </sp>
                  </grup.nom>
                </sn>
              </sp>
            </grup.nom>
          </sn>
          <conj conjunctiontype="coordinating">
            <c lem="i" pos="cc" postype="coordinating" wd="i"/>
          </conj>
          <sn>
            <spec gen="f" num="s">
              <d gen="f" lem="un" num="s" pos="di0fs0" postype="indefinite" wd="una"/>
            </spec>
            <grup.nom gen="f" num="s">
              <n gen="f" lem="multa" num="s" pos="ncfs000" postype="common" sense="16:04923025" wd="multa"/>
              <sp>
                <prep>
                  <s lem="de" pos="sps00" postype="preposition" wd="de"/>
                </prep>
                <sn entityref="ne" ne="number">
                  <spec gen="f" num="p">
                    <z lem="600000" ne="number" wd="600.000"/>
                  </spec>
                  <grup.nom gen="f" num="p">
                    <z lem="pesseta" ne="number" pos="zm" postype="currency" wd="pessetes"/>
                  </grup.nom>
                </sn>
              </sp>
            </grup.nom>
          </sn>
        </sn>
      </S>
    </S>
    <f lem="." pos="fp" punct="period" wd="."/>
  </sentence>
  <sentence coord="yes">
    <S>
      <sn arg="arg1" func="suj" tem="tem">
        <spec gen="m" num="s">
          <d gen="m" lem="el" num="s" pos="da0ms0" postype="article" wd="El"/>
        </spec>
        <grup.nom gen="m" num="s">
          <n gen="m" lem="subinspector" num="s" pos="ncms000" postype="common" sense="16:cs1" wd="subinspector"/>
        </grup.nom>
      </sn>
      <morfema.pronominal>
        <p gen="c" lem="ell" num="c" person="3" pos="p0300000" wd="es"/>
      </morfema.pronominal>
      <grup.verb>
        <v lem="personar-se" lss="B22.unaccusative-passive-transitive" mood="indicative" num="s" person="3" pos="vmip3s0" postype="main" tense="present" wd="persona"/>
      </grup.verb>
      <sp arg="argM" func="cpred" predicate="suj" tem="atr">
        <prep>
          <s lem="com_a" pos="sps00" postype="preposition" wd="com_a"/>
        </prep>
        <sn>
          <grup.nom gen="f" num="s">
            <n gen="f" lem="acusació" num="s" pos="ncfs000" postype="common" sense="16:05401516" wd="acusació"/>
            <s.a gen="f" num="s">
              <grup.a gen="f" num="s">
                <a gen="c" lem="particular" num="s" pos="aq0cs0" postype="qualificative" wd="particular"/>
              </grup.a>
            </s.a>
          </grup.nom>
        </sn>
      </sp>
      <sp arg="arg2" func="creg" tem="loc">
        <prep>
          <s lem="en" pos="sps00" postype="preposition" wd="en"/>
        </prep>
        <sn>
          <spec gen="f" num="s">
            <d gen="f" lem="el" num="s" pos="da0fs0" postype="article" wd="la"/>
          </spec>
          <grup.nom gen="f" num="s">
            <n gen="f" lem="causa" num="s" pos="ncfs000" postype="common" sense="16:00776884" wd="causa"/>
          </grup.nom>
        </sn>
      </sp>
    </S>
    <conj conjunctiontype="coordinating">
      <c lem="i" pos="cc" postype="coordinating" wd="i"/>
    </conj>
    <S>
      <sn arg="arg0" elliptic="yes" func="suj" tem="agt"/>
      <grup.verb>
        <v lem="afegir" lss="A34.ditransitive-patient-theme" mood="indicative" num="s" person="3" pos="vmip3s0" postype="main" tense="present" wd="afegeix"/>
      </grup.verb>
      <sp arg="arg2" func="creg" tem="tem">
        <prep>
          <s lem="a" pos="sps00" postype="preposition" wd="a"/>
        </prep>
        <sn>
          <spec gen="f" num="s">
            <d gen="f" lem="el" num="s" pos="da0fs0" postype="article" wd="la"/>
          </spec>
          <grup.nom gen="f" num="s">
            <n gen="f" lem="versió" num="s" pos="ncfs000" postype="common" sense="16:cs1" wd="versió"/>
            <sp>
              <prep>
                <s contracted="yes" gen="m" lem="del" num="s" pos="spcms" postype="preposition" wd="del"/>
              </prep>
              <sn>
                <grup.nom gen="m" num="s">
                  <n gen="c" lem="fiscal" num="s" pos="nccs000" postype="common" sense="16:07507504" wd="fiscal"/>
                </grup.nom>
              </sn>
            </sp>
          </grup.nom>
        </sn>
      </sp>
      <S arg="arg1" clausetype="completive" func="cd" tem="pat">
        <conj conjunctiontype="subordinating">
          <c lem="que" pos="cs" postype="subordinating" wd="que"/>
        </conj>
        <sp arg="argM" func="cc" tem="cau">
          <prep>
            <s lem="a_partir_de" pos="sps00" postype="preposition" wd="a_partir_d'"/>
          </prep>
          <sn>
            <spec gen="m" num="p">
              <d gen="m" lem="aquest" num="p" pos="dd0mp0" postype="demonstrative" wd="aquests"/>
            </spec>
            <grup.nom gen="m" num="p">
              <n gen="m" lem="fet" num="p" pos="ncmp000" postype="common" sense="16:05432762" wd="fets"/>
            </grup.nom>
          </sn>
          <f lem="," pos="fc" punct="comma" wd=","/>
        </sp>
        <sn arg="arg0" func="suj" tem="agt">
          <spec gen="m" num="p">
            <d gen="m" lem="el" num="p" pos="da0mp0" postype="article" wd="els"/>
            <d gen="c" lem="tres" num="p" pos="dn0cp0" postype="numeral" wd="tres"/>
          </spec>
          <grup.nom gen="m" num="p">
            <n gen="m" lem="acusat" num="p" pos="ncmp000" postype="common" sense="16:07059160" wd="acusats"/>
          </grup.nom>
        </sn>
        <grup.verb>
          <v lem="anar" mood="indicative" num="p" person="3" pos="vaip3p0" postype="auxiliary" tense="present" wd="van"/>
          <v lem="iniciar" lss="A21.transitive-agentive-patient" mood="infinitive" pos="vmn0000" postype="main" wd="iniciar"/>
        </grup.verb>
        <sn arg="arg1" func="cd" tem="pat">
          <spec gen="f" num="s">
            <d gen="f" lem="un" num="s" pos="di0fs0" postype="indefinite" wd="una"/>
          </spec>
          <grup.nom gen="f" num="s">
            <n gen="f" lem="actuació" num="s" pos="ncfs000" postype="common" sense="16:00792210" wd="actuació"/>
            <sp>
              <prep>
                <s lem="contra" pos="sps00" postype="preposition" wd="contra"/>
              </prep>
              <sn>
                <grup.nom gen="m" num="s">
                  <p gen="m" lem="ell" num="s" person="3" pos="pp3ms000" postype="personal" wd="ell"/>
                </grup.nom>
              </sn>
            </sp>
            <S clausetype="participle" impersonal="yes">
              <f lem="," pos="fc" punct="comma" wd=","/>
              <f lem="&quot;" pos="fe" punct="quotation" wd="&quot;"/>
              <participi>
                <a gen="f" lem="emparat" lss="B22.unaccusative-passive-transitive" num="s" pos="aq0fsp" posfunction="participle" postype="qualificative" wd="emparada"/>
              </participi>
              <sp arg="arg2" func="creg" tem="tem">
                <prep>
                  <s lem="en" pos="sps00" postype="preposition" wd="en"/>
                </prep>
                <sn>
                  <spec gen="f" num="s">
                    <d gen="f" lem="un" num="s" pos="di0fs0" postype="indefinite" wd="una"/>
                  </spec>
                  <grup.nom gen="f" num="s">
                    <n gen="f" lem="sèrie" num="s" pos="ncfs000" postype="common" sense="16:03938674" wd="sèrie"/>
                    <sp>
                      <prep>
                        <s lem="de" pos="sps00" postype="preposition" wd="d'"/>
                      </prep>
                      <sn>
                        <grup.nom gen="m" num="p">
                          <n gen="m" lem="acte" num="p" pos="ncmp000" postype="common" sense="16:00017487" wd="actes"/>
                          <s.a gen="m" num="p">
                            <grup.a gen="m" num="p">
                              <a gen="m" lem="administratiu" num="p" pos="aq0mp0" postype="qualificative" wd="administratius"/>
                            </grup.a>
                          </s.a>
                          <s.a coord="yes" gen="m" num="p">
                            <s.a gen="m" num="p">
                              <spec>
                                <r lem="totalment" pos="rg" wd="totalment"/>
                              </spec>
                              <grup.a gen="m" num="p">
                                <a gen="m" lem="arbitrari" num="p" pos="aq0mp0" postype="qualificative" wd="arbitraris"/>
                              </grup.a>
                            </s.a>
                            <conj conjunctiontype="coordinating">
                              <c lem="i" pos="cc" postype="coordinating" wd="i"/>
                            </conj>
                            <s.a gen="m" num="p">
                              <grup.a gen="m" num="p">
                                <a gen="m" lem="il·lícit" num="p" pos="aq0mp0" postype="qualificative" wd="il·lícits"/>
                              </grup.a>
                            </s.a>
                          </s.a>
                        </grup.nom>
                      </sn>
                    </sp>
                  </grup.nom>
                </sn>
              </sp>
              <S arg="argM" clausetype="adverbial" func="cc" impersonal="yes" tem="mnr">
                <f lem="," pos="fc" punct="comma" wd=","/>
                <gerundi>
                  <v lem="adoptar" lss="A21.transitive-agentive-patient" mood="gerund" pos="vmg0000" postype="main" wd="adoptant"/>
                </gerundi>
                <sn arg="arg1" func="cd" tem="pat">
                  <spec gen="f" num="s">
                    <d gen="f" lem="el" num="s" pos="da0fs0" postype="article" wd="la"/>
                  </spec>
                  <grup.nom gen="f" num="s">
                    <n gen="f" lem="forma" num="s" pos="ncfs000" postype="common" sense="16:00015185" wd="forma"/>
                    <sp>
                      <prep>
                        <s lem="de" pos="sps00" postype="preposition" wd="de"/>
                      </prep>
                      <sn>
                        <grup.nom gen="m" num="p">
                          <n gen="m" lem="decret" num="p" pos="ncmp000" postype="common" sense="16:04909380" wd="decrets"/>
                          <sp>
                            <prep>
                              <s lem="de" pos="sps00" postype="preposition" wd="d'"/>
                            </prep>
                            <sn>
                              <grup.nom gen="f" num="s">
                                <n gen="f" lem="alcaldia" num="s" pos="ncfs000" postype="common" sense="16:00391826" wd="alcaldia"/>
                              </grup.nom>
                            </sn>
                          </sp>
                        </grup.nom>
                      </sn>
                    </sp>
                  </grup.nom>
                </sn>
              </S>
              <f lem="&quot;" pos="fe" punct="quotation" wd="&quot;"/>
            </S>
          </grup.nom>
        </sn>
      </S>
    </S>
    <f lem="." pos="fp" punct="period" wd="."/>
  </sentence>
  <sentence>
    <sn arg="arg0" func="suj" tem="agt">
      <spec gen="f" num="s">
        <d gen="f" lem="el" num="s" pos="da0fs0" postype="article" wd="La"/>
      </spec>
      <grup.nom gen="f" num="s">
        <n gen="f" lem="defensa" num="s" pos="ncfs000" postype="common" sense="16:06010893" wd="defensa"/>
        <sp>
          <prep>
            <s contracted="yes" gen="m" lem="del" num="p" pos="spcmp" postype="preposition" wd="dels"/>
          </prep>
          <sn>
            <spec gen="m" num="p">
              <d gen="c" lem="tres" num="p" pos="dn0cp0" postype="numeral" wd="tres"/>
            </spec>
            <grup.nom gen="m" num="p">
              <n gen="m" lem="acusat" num="p" pos="ncmp000" postype="common" sense="16:07059160" wd="acusats"/>
              <S clausetype="relative">
                <f lem="," pos="fc" punct="comma" wd=","/>
                <relatiu arg="arg1" func="suj" tem="pat">
                  <p gen="c" lem="que" num="c" pos="pr0cn000" postype="relative" wd="que"/>
                </relatiu>
                <grup.verb>
                  <v lem="ser" mood="indicative" num="p" person="3" pos="vsif3p0" postype="semiauxiliary" tense="future" wd="seran"/>
                  <v gen="m" lem="jutjar" lss="B22.unaccusative-passive-transitive" mood="participle" num="p" pos="vmp00pm" postype="main" wd="jutjats"/>
                </grup.verb>
                <sn arg="argM" entityref="ne" func="cc" ne="date" tem="tmp">
                  <spec gen="m" num="s">
                    <d gen="m" lem="el" num="s" pos="da0ms0" postype="article" wd="el"/>
                  </spec>
                  <grup.nom gen="m" num="s">
                    <s.a gen="m" num="s">
                      <grup.a gen="m" num="s">
                        <a gen="m" lem="proper" num="s" pos="aq0ms0" postype="qualificative" wd="proper"/>
                      </grup.a>
                    </s.a>
                    <w lem="[??:17/??/??:??.??]" ne="date" wd="dia_17"/>
                  </grup.nom>
                </sn>
                <sp arg="argM" func="cc" tem="loc">
                  <prep>
                    <s lem="a" pos="sps00" postype="preposition" wd="a"/>
                  </prep>
                  <sn entityref="ne" ne="location">
                    <spec gen="f" num="s">
                      <d gen="c" lem="el" num="s" pos="da0cs0" postype="article" wd="l'"/>
                    </spec>
                    <grup.nom gen="f" num="s">
                      <n lem="Audiència_de_Girona" ne="location" pos="np0000l" postype="proper" sense="16:cs1" wd="Audiència_de_Girona"/>
                    </grup.nom>
                  </sn>
                </sp>
                <f lem="," pos="fc" punct="comma" wd=","/>
              </S>
            </grup.nom>
          </sn>
        </sp>
      </grup.nom>
    </sn>
    <grup.verb>
      <v lem="demanar" lss="A32.ditransitive-patient-benefactive" mood="indicative" num="s" person="3" pos="vmip3s0" postype="main" tense="present" wd="demana"/>
    </grup.verb>
    <sp arg="argM" func="cc" tem="fin">
      <prep>
        <s lem="per" pos="sps00" postype="preposition" wd="per"/>
      </prep>
      <sp>
        <prep>
          <s lem="a" pos="sps00" postype="preposition" wd="a"/>
        </prep>
        <sn>
          <grup.nom gen="m" num="p">
            <p gen="m" lem="ell" num="p" person="3" pos="pp3mp000" postype="personal" wd="ells"/>
          </grup.nom>
        </sn>
      </sp>
    </sp>
    <sn arg="arg1" func="cd" tem="pat">
      <spec gen="f" num="s">
        <d gen="c" lem="el" num="s" pos="da0cs0" postype="article" wd="l'"/>
      </spec>
      <grup.nom gen="f" num="s">
        <n gen="f" lem="absolució" num="s" pos="ncfs000" postype="common" sense="16:00059166" wd="absolució"/>
      </grup.nom>
    </sn>
    <f lem="." pos="fp" punct="period" wd="."/>
  </sentence>
</article>
