<?xml version="1.0" encoding="UTF-8"?>
<!-- 

  ancora-2.0
       
			Copyright (C) 2007, 2008, 2009, 2010, 2011 UB - CLiC
			Centre de Llenguatge i Computació - Universitat de Barcelona
 
  This file is part of ancora-2.0.
 
  ancora-2.0 is free software and data: you can redistribute it and/or modify
  it under the terms of the GNU General Public License as published
  by the Free Software Foundation, either version 3 of the License,
  or (at your option) any later version.

  ancora-2.0 is distributed in the hope that it will be useful,
  but WITHOUT ANY WARRANTY; without even the implied warranty of
  MERCHANTABILITY or FITNESS FOR A PARTICULAR PURPOSE.  See the
  GNU General Public License for more details.
 
  You should have received a copy of the GNU General Public License
  along with ancora-2.0.  If not, see &lt;http://www.gnu.org/licenses/&gt;.
 
  Check a text in catalan explaining the terms of the license at http://www.softcatala.cat/wiki/GPL3.
  In spanish at http://www.viti.es/gnu/licenses/gpl.html
 

  The following paper must be cited when using this corpus:

 * Taulé, M., M.A. Martí, M. Recasens (2008) 'Ancora: Multilevel Annotated Corpora for Catalan and Spanish',
   Proceedings of 6th International Conference on Language Resources and Evaluation. Marrakesh (Morocco).

  In addition, the following paper must be cited if coreference information (attributes entity, coreftype,
  corefsubtype, homophoricDD or entityref) is used:

 * Recasens, Marta, M. Antònia Martí (2010) ‘AnCora-CO: Coreferentially annotated corpora for Spanish and
   Catalan’. Language Resources and Evaluation, Springer Science.

  Additionally, the following paper must be cited when argumental attributes in "sn" or "grup.nom"
  (attributes func, arg, tem or lexicalid) are used:

 * Peris, Aina, Mariona Taulé, Horacio Rodríguez (2010) ‘Semantic Annotation of Deverbal Nominalizations in the
   Spanish AnCora corpus’. Treebanks and Linguistic Theories (TLT-2010), Estonia.
-->
<article lng="ca">
  <sentence>
    <sn arg="arg0" func="suj" tem="cau">
      <spec gen="f" num="p">
        <d gen="f" lem="el" num="p" pos="da0fp0" postype="article" wd="Les"/>
        <z lem="19" ne="number" wd="19"/>
      </spec>
      <grup.nom gen="f" num="p">
        <n gen="f" lem="catifa" num="p" pos="ncfp000" postype="common" sense="16:03260882" wd="catifes"/>
        <sp>
          <prep>
            <s lem="de" pos="sps00" postype="preposition" wd="de"/>
          </prep>
          <sn>
            <grup.nom gen="f" num="p">
              <n gen="f" lem="flor" num="p" pos="ncfp000" postype="common" sense="16:07986022" wd="flors"/>
            </grup.nom>
          </sn>
        </sp>
        <sp>
          <prep>
            <s contracted="yes" gen="m" lem="del" num="s" pos="spcms" postype="preposition" wd="del"/>
          </prep>
          <sn entityref="ne" ne="other">
            <grup.nom gen="m" num="s">
              <n lem="Corpus" ne="other" pos="np0000a" postype="proper" sense="16:10910008" wd="Corpus"/>
              <sp>
                <prep>
                  <s lem="de" pos="sps00" postype="preposition" wd="de"/>
                </prep>
                <sn entityref="ne" ne="location">
                  <grup.nom>
                    <n lem="La_Garriga" ne="location" pos="np0000l" postype="proper" sense="16:cs1" wd="La_Garriga"/>
                  </grup.nom>
                </sn>
              </sp>
            </grup.nom>
          </sn>
        </sp>
      </grup.nom>
    </sn>
    <grup.verb>
      <v lem="omplir" lss="A13.ditransitive-causative-instrumental" mood="indicative" num="p" person="3" pos="vmif3p0" postype="main" tense="future" wd="ompliran"/>
    </grup.verb>
    <sn arg="arg1" func="cd" tem="tem">
      <spec gen="m" num="p">
        <r lem="més" pos="rg" wd="més"/>
        <s lem="de" pos="sps00" postype="preposition" wd="de"/>
        <d gen="c" lem="mil" num="p" pos="dn0cp0" postype="numeral" wd="mil"/>
      </spec>
      <grup.nom gen="m" num="p">
        <n gen="m" lem="metre" num="p" pos="ncmp000" postype="common" sense="16:09822324" wd="metres"/>
        <s.a gen="m" num="p">
          <grup.a gen="m" num="p">
            <a gen="c" lem="lineal" num="p" pos="aq0cp0" postype="qualificative" wd="lineals"/>
          </grup.a>
        </s.a>
        <sp>
          <prep>
            <s contracted="yes" gen="m" lem="del" num="p" pos="spcmp" postype="preposition" wd="dels"/>
          </prep>
          <sn>
            <grup.nom gen="m" num="p">
              <n gen="m" lem="carrer" num="p" pos="ncmp000" postype="common" sense="16:03426236" wd="carrers"/>
              <sp>
                <prep>
                  <s contracted="yes" gen="m" lem="del" num="s" pos="spcms" postype="preposition" wd="del"/>
                </prep>
                <sn>
                  <grup.nom gen="m" num="s">
                    <n gen="m" lem="centre" num="s" pos="ncms000" postype="common" sense="16:06286659" wd="centre"/>
                    <sp>
                      <prep>
                        <s contracted="yes" gen="m" lem="del" num="s" pos="spcms" postype="preposition" wd="del"/>
                      </prep>
                      <sn>
                        <grup.nom gen="m" num="s">
                          <n gen="m" lem="municipi" num="s" pos="ncms000" postype="common" sense="16:06355858" wd="municipi"/>
                        </grup.nom>
                      </sn>
                    </sp>
                  </grup.nom>
                </sn>
              </sp>
            </grup.nom>
          </sn>
        </sp>
      </grup.nom>
    </sn>
    <f lem="." pos="fp" punct="period" wd="."/>
  </sentence>
  <sentence>
    <sn arg="argM" func="cc" tem="tmp">
      <spec gen="m" num="p">
        <d gen="m" lem="aquest" num="p" pos="dd0mp0" postype="demonstrative" wd="Aquests"/>
      </spec>
      <grup.nom gen="m" num="p">
        <n gen="m" lem="dia" num="p" pos="ncmp000" postype="common" sense="16:10883946" wd="dies"/>
      </grup.nom>
    </sn>
    <morfema.verbal func="pass">
      <p gen="c" lem="es" num="c" pos="p0000000" wd="s'"/>
    </morfema.verbal>
    <grup.verb>
      <v lem="estar" mood="indicative" num="p" person="3" pos="vmip3p0" postype="main" tense="present" wd="estan"/>
      <gerundi>
        <v lem="recollir" lss="C11.state-existential" mood="gerund" pos="vmg0000" postype="main" wd="recollint"/>
      </gerundi>
    </grup.verb>
    <sn arg="arg1" func="suj" tem="pat">
      <spec gen="m" num="p">
        <d gen="m" lem="el" num="p" pos="da0mp0" postype="article" wd="els"/>
      </spec>
      <grup.nom gen="m" num="p">
        <n gen="m" lem="clavell" num="p" pos="ncmp000" postype="common" sense="16:cs1" wd="clavells"/>
      </grup.nom>
    </sn>
    <sp arg="argM" func="cc" tem="loc">
      <prep>
        <s lem="a" pos="sps00" postype="preposition" wd="a"/>
      </prep>
      <sn>
        <spec gen="f" num="p">
          <d gen="f" lem="divers" num="p" pos="di0fp0" postype="indefinite" wd="diverses"/>
        </spec>
        <grup.nom gen="f" num="p">
          <n gen="f" lem="població" num="p" pos="ncfp000" postype="common" sense="16:06382213" wd="poblacions"/>
          <sp>
            <prep>
              <s contracted="yes" gen="m" lem="del" num="s" pos="spcms" postype="preposition" wd="del"/>
            </prep>
            <sn entityref="ne" ne="location">
              <grup.nom gen="m" num="s">
                <n lem="Maresme" ne="location" pos="np0000l" postype="proper" sense="16:cs1" wd="Maresme"/>
              </grup.nom>
            </sn>
          </sp>
        </grup.nom>
      </sn>
    </sp>
    <sp arg="argM" func="cc" tem="fin">
      <prep>
        <s lem="per" pos="sps00" postype="preposition" wd="per"/>
      </prep>
      <S clausetype="completive" impersonal="yes">
        <infinitiu>
          <v lem="poder" mood="infinitive" pos="vmn0000" postype="main" wd="poder"/>
          <infinitiu>
            <v lem="elaborar" lss="A21.transitive-agentive-patient" mood="infinitive" pos="vmn0000" postype="main" wd="elaborar"/>
          </infinitiu>
        </infinitiu>
        <sn arg="arg1" func="cd" tem="pat">
          <spec gen="f" num="p">
            <d gen="f" lem="el" num="p" pos="da0fp0" postype="article" wd="les"/>
          </spec>
          <grup.nom gen="f" num="p">
            <n gen="f" lem="catifa" num="p" pos="ncfp000" postype="common" sense="16:03260882" wd="catifes"/>
            <S clausetype="relative">
              <f lem="," pos="fc" punct="comma" wd=","/>
              <relatiu arg="arg1" func="suj" tem="tem">
                <p gen="c" lem="que" num="c" pos="pr0cn000" postype="relative" wd="que"/>
              </relatiu>
              <grup.verb>
                <v lem="formar_part" lss="C21.state-attributive" mood="indicative" num="p" person="3" pos="vmip3p0" postype="main" tense="present" wd="formen_part"/>
              </grup.verb>
              <sp arg="arg2" func="creg" tem="atr">
                <prep>
                  <s contracted="yes" gen="m" lem="del" num="s" pos="spcms" postype="preposition" wd="del"/>
                </prep>
                <sn>
                  <grup.nom gen="m" num="s">
                    <n gen="m" lem="programa" num="s" pos="ncms000" postype="common" sense="16:05057286" wd="programa"/>
                    <sp>
                      <prep>
                        <s lem="de" pos="sps00" postype="preposition" wd="d'"/>
                      </prep>
                      <sn>
                        <grup.nom gen="f" num="p">
                          <n gen="f" lem="activitat" num="p" pos="ncfp000" postype="common" sense="16:00261466" wd="activitats"/>
                        </grup.nom>
                      </sn>
                    </sp>
                    <sp>
                      <prep>
                        <s lem="de" pos="sps00" postype="preposition" wd="de"/>
                      </prep>
                      <sn>
                        <spec gen="f" num="s">
                          <d gen="f" lem="el" num="s" pos="da0fs0" postype="article" wd="la"/>
                        </spec>
                        <grup.nom gen="f" num="s">
                          <n gen="f" lem="festa" num="s" pos="ncfs000" postype="common" sense="16:06126536" wd="festa"/>
                          <s.a gen="f" num="s">
                            <spec>
                              <r lem="més" pos="rg" wd="més"/>
                            </spec>
                            <grup.a gen="f" num="s">
                              <a gen="c" lem="important" num="s" pos="aq0cs0" postype="qualificative" wd="important"/>
                            </grup.a>
                          </s.a>
                          <S clausetype="relative">
                            <relatiu arg="arg1" func="suj" tem="pat">
                              <p gen="c" lem="que" num="c" pos="pr0cn000" postype="relative" wd="que"/>
                            </relatiu>
                            <morfema.verbal func="pass">
                              <p gen="c" lem="se" num="c" pos="p0000000" wd="se"/>
                            </morfema.verbal>
                            <grup.verb>
                              <v lem="celebrar" lss="B22.unaccusative-passive-transitive" mood="indicative" num="s" person="3" pos="vmip3s0" postype="main" tense="present" wd="celebra"/>
                            </grup.verb>
                            <sp arg="argM" func="cc" tem="loc">
                              <prep>
                                <s lem="en" pos="sps00" postype="preposition" wd="en"/>
                              </prep>
                              <sn>
                                <spec gen="f" num="s">
                                  <d gen="f" lem="aquest" num="s" pos="dd0fs0" postype="demonstrative" wd="aquesta"/>
                                </spec>
                                <grup.nom gen="f" num="s">
                                  <n gen="f" lem="població" num="s" pos="ncfs000" postype="common" sense="16:06382213" wd="població"/>
                                  <s.a gen="f" num="s">
                                    <grup.a gen="f" num="s">
                                      <a gen="f" lem="vallesà" num="s" pos="aq0fs0" postype="qualificative" wd="vallesana"/>
                                    </grup.a>
                                  </s.a>
                                </grup.nom>
                              </sn>
                            </sp>
                          </S>
                        </grup.nom>
                      </sn>
                    </sp>
                  </grup.nom>
                </sn>
              </sp>
            </S>
          </grup.nom>
        </sn>
      </S>
    </sp>
    <f lem="." pos="fp" punct="period" wd="."/>
  </sentence>
  <sentence>
    <sn arg="arg0" entityref="ne" func="suj" ne="location" tem="agt">
      <grup.nom>
        <n lem="La_Garriga" ne="location" pos="np0000l" postype="proper" sense="16:cs1" wd="La_Garriga"/>
      </grup.nom>
    </sn>
    <grup.verb>
      <v lem="treballar" lss="D11.inergative-agentive" mood="indicative" num="s" person="3" pos="vmip3s0" postype="main" tense="present" wd="treballa"/>
    </grup.verb>
    <sn arg="argM" func="cc" tem="tmp">
      <spec gen="m" num="p">
        <d gen="m" lem="aquest" num="p" pos="dd0mp0" postype="demonstrative" wd="aquests"/>
      </spec>
      <grup.nom gen="m" num="p">
        <n gen="m" lem="dia" num="p" pos="ncmp000" postype="common" sense="16:10883946" wd="dies"/>
      </grup.nom>
    </sn>
    <sp arg="argM" func="cc" tem="adv">
      <prep>
        <s lem="en" pos="sps00" postype="preposition" wd="en"/>
      </prep>
      <sn>
        <spec gen="f" num="s">
          <d gen="f" lem="el" num="s" pos="da0fs0" postype="article" wd="la"/>
        </spec>
        <grup.nom gen="f" num="s">
          <n gen="f" lem="preparació" num="s" pos="ncfs000" postype="common" sense="16:00741586" wd="preparació"/>
          <sp>
            <prep>
              <s lem="de" pos="sps00" postype="preposition" wd="de"/>
            </prep>
            <sn>
              <spec gen="f" num="p">
                <d gen="f" lem="el" num="p" pos="da0fp0" postype="article" wd="les"/>
              </spec>
              <grup.nom gen="f" num="p">
                <n gen="f" lem="flor" num="p" pos="ncfp000" postype="common" sense="16:07986022" wd="flors"/>
                <S clausetype="relative">
                  <relatiu arg="arg1" func="suj" tem="tem">
                    <p gen="c" lem="que" num="c" pos="pr0cn000" postype="relative" wd="que"/>
                  </relatiu>
                  <grup.verb>
                    <v lem="haver" mood="indicative" num="p" person="3" pos="vaif3p0" postype="auxiliary" tense="future" wd="hauran"/>
                    <s lem="de" pos="sps00" postype="preposition" wd="de"/>
                    <infinitiu>
                      <v lem="servir" lss="C11.state-existential" mood="infinitive" pos="vmn0000" postype="main" wd="servir"/>
                    </infinitiu>
                  </grup.verb>
                  <sp arg="arg2" func="cc" tem="fin">
                    <prep>
                      <s lem="per" pos="sps00" postype="preposition" wd="per"/>
                    </prep>
                    <S clausetype="completive" impersonal="yes">
                      <infinitiu>
                        <v lem="fer" lss="A21.transitive-agentive-patient" mood="infinitive" pos="vmn0000" postype="main" wd="fer"/>
                      </infinitiu>
                      <sn arg="arg1" func="cd" tem="pat">
                        <spec gen="f" num="p">
                          <z lem="19" ne="number" wd="19"/>
                        </spec>
                        <grup.nom gen="f" num="p">
                          <n gen="f" lem="catifa" num="p" pos="ncfp000" postype="common" sense="16:03260882" wd="catifes"/>
                          <S clausetype="relative">
                            <relatiu arg="arg0" func="suj" tem="cau">
                              <p gen="c" lem="que" num="c" pos="pr0cn000" postype="relative" wd="que"/>
                            </relatiu>
                            <grup.verb>
                              <v lem="omplir" lss="A13.ditransitive-causative-instrumental" mood="indicative" num="p" person="3" pos="vmif3p0" postype="main" tense="future" wd="ompliran"/>
                            </grup.verb>
                            <sn arg="arg1" entityref="ne" func="cd" ne="number" tem="tem">
                              <spec gen="m" num="p">
                                <d gen="c" lem="mil" num="p" pos="dn0cp0" postype="numeral" wd="mil"/>
                              </spec>
                              <grup.nom gen="m" num="p">
                                <n gen="m" lem="metre" num="p" pos="ncmp000" postype="common" sense="16:09822324" wd="metres"/>
                                <s.a gen="m" num="p">
                                  <grup.a gen="m" num="p">
                                    <a gen="c" lem="lineal" num="p" pos="aq0cp0" postype="qualificative" wd="lineals"/>
                                  </grup.a>
                                </s.a>
                                <sp>
                                  <prep>
                                    <s contracted="yes" gen="m" lem="del" num="p" pos="spcmp" postype="preposition" wd="dels"/>
                                  </prep>
                                  <sn>
                                    <grup.nom gen="m" num="p">
                                      <n gen="m" lem="carrer" num="p" pos="ncmp000" postype="common" sense="16:03426236" wd="carrers"/>
                                    </grup.nom>
                                  </sn>
                                </sp>
                              </grup.nom>
                            </sn>
                            <sp arg="argM" func="cc" tem="loc">
                              <prep>
                                <s lem="en" pos="sps00" postype="preposition" wd="en"/>
                              </prep>
                              <sn entityref="ne" ne="other">
                                <spec gen="f" num="s">
                                  <d gen="f" lem="el" num="s" pos="da0fs0" postype="article" wd="la"/>
                                </spec>
                                <grup.nom gen="f" num="s">
                                  <s.a gen="f" num="s">
                                    <grup.a gen="f" num="s">
                                      <a gen="c" lem="tradicional" num="s" pos="aq0cs0" postype="qualificative" wd="tradicional"/>
                                    </grup.a>
                                  </s.a>
                                  <n lem="Festa_del_Corpus" ne="other" pos="np0000a" postype="proper" sense="16:cs1" wd="Festa_del_Corpus"/>
                                  <sp>
                                    <prep>
                                      <s lem="de" pos="sps00" postype="preposition" wd="d'"/>
                                    </prep>
                                    <sn>
                                      <spec gen="m" num="s">
                                        <d gen="m" lem="aquest" num="s" pos="dd0ms0" postype="demonstrative" wd="aquest"/>
                                      </spec>
                                      <grup.nom gen="m" num="s">
                                        <n gen="m" lem="municipi" num="s" pos="ncms000" postype="common" sense="16:06355858" wd="municipi"/>
                                      </grup.nom>
                                    </sn>
                                  </sp>
                                </grup.nom>
                              </sn>
                            </sp>
                          </S>
                        </grup.nom>
                      </sn>
                    </S>
                  </sp>
                </S>
              </grup.nom>
            </sn>
          </sp>
        </grup.nom>
      </sn>
    </sp>
    <f lem="." pos="fp" punct="period" wd="."/>
  </sentence>
  <sentence>
    <sn arg="arg0" func="suj" tem="agt">
      <spec gen="m" num="p">
        <d gen="m" lem="el" num="p" pos="da0mp0" postype="article" wd="Els"/>
      </spec>
      <grup.nom gen="m" num="p">
        <n gen="m" lem="veí" num="p" pos="ncmp000" postype="common" sense="16:06949059" wd="veïns"/>
        <sp>
          <prep>
            <s contracted="yes" gen="m" lem="del" num="s" pos="spcms" postype="preposition" wd="del"/>
          </prep>
          <sn>
            <grup.nom gen="m" num="s">
              <n gen="m" lem="municipi" num="s" pos="ncms000" postype="common" sense="16:06355858" wd="municipi"/>
            </grup.nom>
          </sn>
        </sp>
        <S clausetype="relative">
          <f lem="," pos="fc" punct="comma" wd=","/>
          <relatiu arg="arg0" func="suj" tem="agt">
            <p gen="c" lem="que" num="c" pos="pr0cn000" postype="relative" wd="que"/>
          </relatiu>
          <grup.verb>
            <v lem="treballar" lss="D11.inergative-agentive" mood="indicative" num="p" person="3" pos="vmip3p0" postype="main" tense="present" wd="treballen"/>
          </grup.verb>
          <sadv arg="argM" func="cc" tem="mnr">
            <grup.adv>
              <r lem="desinteressadament" pos="rg" wd="desinteressadament"/>
            </grup.adv>
          </sadv>
          <sp arg="argM" func="cc" tem="adv">
            <prep>
              <s lem="en" pos="sps00" postype="preposition" wd="en"/>
            </prep>
            <sn>
              <spec gen="f" num="s">
                <d gen="f" lem="aquest" num="s" pos="dd0fs0" postype="demonstrative" wd="aquesta"/>
              </spec>
              <grup.nom gen="f" num="s">
                <n gen="f" lem="activitat" num="s" pos="ncfs000" postype="common" sense="16:00261466" wd="activitat"/>
              </grup.nom>
            </sn>
          </sp>
          <f lem="," pos="fc" punct="comma" wd=","/>
        </S>
      </grup.nom>
    </sn>
    <grup.verb>
      <v lem="estar" mood="indicative" num="p" person="3" pos="vmip3p0" postype="main" tense="present" wd="estan"/>
      <gerundi>
        <v lem="recollir" lss="A34.ditransitive-patient-theme" mood="gerund" pos="vmg0000" postype="main" wd="recollint"/>
      </gerundi>
    </grup.verb>
    <sn arg="arg1" func="cd" tem="pat">
      <spec gen="f" num="p">
        <d gen="f" lem="el" num="p" pos="da0fp0" postype="article" wd="les"/>
      </spec>
      <grup.nom gen="f" num="p">
        <n gen="f" lem="flor" num="p" pos="ncfp000" postype="common" sense="16:07986022" wd="flors"/>
      </grup.nom>
    </sn>
    <sp arg="argM" func="cc" tem="loc">
      <prep>
        <s lem="a" pos="sps00" postype="preposition" wd="a"/>
      </prep>
      <sn>
        <spec gen="f" num="p">
          <d gen="f" lem="divers" num="p" pos="di0fp0" postype="indefinite" wd="diverses"/>
        </spec>
        <grup.nom gen="f" num="p">
          <n gen="f" lem="població" num="p" pos="ncfp000" postype="common" sense="16:06382213" wd="poblacions"/>
          <sp>
            <prep>
              <s contracted="yes" gen="m" lem="del" num="s" pos="spcms" postype="preposition" wd="del"/>
            </prep>
            <sn entityref="ne" ne="location">
              <grup.nom gen="m" num="s">
                <n lem="Maresme" ne="location" pos="np0000l" postype="proper" sense="16:cs1" wd="Maresme"/>
              </grup.nom>
            </sn>
          </sp>
        </grup.nom>
      </sn>
    </sp>
    <sp arg="argM" func="cc" tem="fin">
      <prep>
        <s lem="per" pos="sps00" postype="preposition" wd="per"/>
      </prep>
      <S clausetype="completive" impersonal="yes">
        <infinitiu>
          <v lem="poder" mood="infinitive" pos="vmn0000" postype="main" wd="poder"/>
          <infinitiu>
            <v lem="complir" lss="A21.transitive-agentive-patient" mood="infinitive" pos="vmn0000" postype="main" wd="complir"/>
          </infinitiu>
        </infinitiu>
        <sn arg="arg1" func="cd" tem="pat">
          <spec gen="f" num="s">
            <d gen="f" lem="aquest" num="s" pos="dd0fs0" postype="demonstrative" wd="aquesta"/>
          </spec>
          <grup.nom gen="f" num="s">
            <n gen="f" lem="tradició" num="s" pos="ncfs000" postype="common" sense="16:04381279" wd="tradició"/>
          </grup.nom>
        </sn>
      </S>
    </sp>
    <f lem="." pos="fp" punct="period" wd="."/>
  </sentence>
  <sentence>
    <sn arg="arg0" func="suj" tem="agt">
      <spec gen="m" num="s">
        <d gen="m" lem="el" num="s" pos="da0ms0" postype="article" wd="El"/>
      </spec>
      <grup.nom gen="m" num="s">
        <n gen="m" lem="programa" num="s" pos="ncms000" postype="common" sense="16:05057286" wd="programa"/>
        <sp>
          <prep>
            <s lem="de" pos="sps00" postype="preposition" wd="d'"/>
          </prep>
          <sn>
            <grup.nom gen="m" num="p">
              <n gen="m" lem="acte" num="p" pos="ncmp000" postype="common" sense="16:cs1" wd="actes"/>
            </grup.nom>
          </sn>
        </sp>
        <sp>
          <prep>
            <s lem="de" pos="sps00" postype="preposition" wd="de"/>
          </prep>
          <sn entityref="ne" ne="other">
            <spec gen="f" num="s">
              <d gen="f" lem="el" num="s" pos="da0fs0" postype="article" wd="la"/>
            </spec>
            <grup.nom gen="f" num="s">
              <n lem="Festa_del_Corpus" ne="other" pos="np0000a" postype="proper" sense="16:cs1" wd="Festa_del_Corpus"/>
              <sn>
                <f lem="," pos="fc" punct="comma" wd=","/>
                <spec gen="f" num="s">
                  <d gen="f" lem="el" num="s" pos="da0fs0" postype="article" wd="la"/>
                </spec>
                <grup.nom gen="f" num="s">
                  <sadv>
                    <grup.adv>
                      <r lem="més" pos="rg" wd="més"/>
                    </grup.adv>
                  </sadv>
                  <s.a gen="f" num="s">
                    <grup.a gen="f" num="s">
                      <a gen="c" lem="important" num="s" pos="aq0cs0" postype="qualificative" wd="important"/>
                    </grup.a>
                  </s.a>
                  <S clausetype="relative">
                    <relatiu arg="arg1" func="suj" tem="pat">
                      <p gen="c" lem="que" num="c" pos="pr0cn000" postype="relative" wd="que"/>
                    </relatiu>
                    <morfema.verbal func="pass">
                      <p gen="c" lem="se" num="c" pos="p0000000" wd="se"/>
                    </morfema.verbal>
                    <grup.verb>
                      <v lem="celebrar" lss="B22.unaccusative-passive-transitive" mood="indicative" num="s" person="3" pos="vmip3s0" postype="main" tense="present" wd="celebra"/>
                    </grup.verb>
                    <sp arg="argM" func="cc" tem="loc">
                      <prep>
                        <s lem="a" pos="sps00" postype="preposition" wd="a"/>
                      </prep>
                      <sn entityref="ne" ne="location">
                        <grup.nom>
                          <n lem="La_Garriga" ne="location" pos="np0000l" postype="proper" sense="16:cs1" wd="La_Garriga"/>
                        </grup.nom>
                      </sn>
                    </sp>
                  </S>
                </grup.nom>
                <f lem="," pos="fc" punct="comma" wd=","/>
              </sn>
            </grup.nom>
          </sn>
        </sp>
      </grup.nom>
    </sn>
    <grup.verb>
      <v lem="incloure" lss="A31.ditransitive-patient-locative" mood="indicative" num="s" person="3" pos="vmip3s0" postype="main" tense="present" wd="inclou"/>
    </grup.verb>
    <sadv func="mod">
      <grup.adv>
        <r lem="també" pos="rg" wd="també"/>
      </grup.adv>
    </sadv>
    <sn arg="argM" func="cc" tem="tmp">
      <spec gen="m" num="s">
        <d gen="m" lem="aquest" num="s" pos="dd0ms0" postype="demonstrative" wd="aquest"/>
      </spec>
      <grup.nom gen="m" num="s">
        <n gen="m" lem="any" num="s" pos="ncms000" postype="common" sense="16:10917509" wd="any"/>
      </grup.nom>
    </sn>
    <sn arg="arg1" coord="yes" func="cd" tem="pat">
      <sn>
        <spec gen="f" num="p">
          <d gen="f" lem="un" num="p" pos="di0fp0" postype="indefinite" wd="unes"/>
        </spec>
        <grup.nom gen="f" num="p">
          <n gen="f" lem="cantada" num="p" pos="ncfp000" postype="common" sense="16:cs1" wd="cantades"/>
          <sp>
            <prep>
              <s contracted="yes" gen="m" lem="al" num="s" pos="spcms" postype="preposition" wd="al"/>
            </prep>
            <sn>
              <grup.nom gen="m" num="s">
                <n gen="m" lem="carrer" num="s" pos="ncms000" postype="common" sense="16:03426236" wd="carrer"/>
              </grup.nom>
            </sn>
          </sp>
        </grup.nom>
      </sn>
      <f lem="," pos="fc" punct="comma" wd=","/>
      <sn>
        <grup.nom gen="f" num="p">
          <n gen="f" lem="visita" num="p" pos="ncfp000" postype="common" sense="16:07135598" wd="visites"/>
          <s.a gen="f" num="p">
            <grup.a gen="f" num="p">
              <a gen="f" lem="turístic" num="p" pos="aq0fp0" postype="qualificative" wd="turístiques"/>
            </grup.a>
          </s.a>
        </grup.nom>
      </sn>
      <f lem="," pos="fc" punct="comma" wd=","/>
      <sn entityref="ne" ne="other">
        <spec gen="m" num="s">
          <d gen="m" lem="el" num="s" pos="da0ms0" postype="article" wd="el"/>
        </spec>
        <grup.nom gen="m" num="s">
          <n lem="II_Concurs_de_Fotografia" ne="other" pos="np0000a" postype="proper" sense="16:cs1" wd="II_Concurs_de_Fotografia"/>
        </grup.nom>
      </sn>
      <f lem="," pos="fc" punct="comma" wd=","/>
      <sn entityref="ne" ne="other">
        <spec gen="m" num="s">
          <d gen="m" lem="el" num="s" pos="da0ms0" postype="article" wd="el"/>
        </spec>
        <grup.nom gen="m" num="s">
          <s.a gen="m" num="s">
            <grup.a gen="m" num="s">
              <n lem="XIV" ne="other" pos="np0000a" postype="proper" sense="16:cs1" wd="XIV"/>
            </grup.a>
          </s.a>
          <n gen="m" lem="concurs" num="s" pos="ncms000" postype="common" sense="16:05542799" wd="concurs"/>
          <sp>
            <prep>
              <s lem="de" pos="sps00" postype="preposition" wd="d'"/>
            </prep>
            <sn entityref="ne" ne="other">
              <grup.nom>
                <n lem="Aparadors" ne="other" pos="np0000a" postype="proper" sense="16:cs1" wd="Aparadors"/>
              </grup.nom>
            </sn>
          </sp>
        </grup.nom>
      </sn>
      <conj conjunctiontype="coordinating">
        <c lem="i" pos="cc" postype="coordinating" wd="i"/>
      </conj>
      <sn entityref="ne" ne="other">
        <spec gen="m" num="s">
          <d gen="m" lem="el" num="s" pos="da0ms0" postype="article" wd="el"/>
        </spec>
        <grup.nom gen="m" num="s">
          <n lem="XIV" ne="other" pos="np0000a" postype="proper" sense="16:cs1" wd="XIV"/>
          <sp>
            <prep>
              <s lem="de" pos="sps00" postype="preposition" wd="de"/>
            </prep>
            <sn entityref="ne" ne="other">
              <grup.nom>
                <n lem="Cartells" ne="other" pos="np0000a" postype="proper" sense="16:cs1" wd="Cartells"/>
              </grup.nom>
            </sn>
          </sp>
        </grup.nom>
      </sn>
    </sn>
    <f lem="." pos="fp" punct="period" wd="."/>
  </sentence>
  <sentence>
    <sp arg="argM" func="cpred" predicate="cd" tem="atr">
      <prep>
        <s lem="com_a" pos="sps00" postype="preposition" wd="Com_a"/>
      </prep>
      <sn>
        <grup.nom gen="f" num="s">
          <n gen="f" lem="novetat" num="s" pos="ncfs000" postype="common" sense="16:03766226" wd="novetat"/>
        </grup.nom>
      </sn>
      <f lem="," pos="fc" punct="comma" wd=","/>
    </sp>
    <sn arg="arg0" func="suj" tem="agt">
      <spec gen="f" num="s">
        <d gen="f" lem="el" num="s" pos="da0fs0" postype="article" wd="la"/>
      </spec>
      <grup.nom gen="f" num="s">
        <n gen="f" lem="festa" num="s" pos="ncfs000" postype="common" sense="16:06126536" wd="festa"/>
      </grup.nom>
    </sn>
    <grup.verb>
      <v lem="incorporar" lss="A31.ditransitive-patient-locative" mood="indicative" num="s" person="3" pos="vmip3s0" postype="main" tense="present" wd="incorpora"/>
    </grup.verb>
    <sn arg="argM" func="cc" tem="tmp">
      <spec gen="m" num="s">
        <d gen="m" lem="aquest" num="s" pos="dd0ms0" postype="demonstrative" wd="aquest"/>
      </spec>
      <grup.nom gen="m" num="s">
        <n gen="m" lem="any" num="s" pos="ncms000" postype="common" sense="16:10917509" wd="any"/>
      </grup.nom>
    </sn>
    <sn arg="arg1" entityref="ne" func="cd" ne="other" tem="pat">
      <spec gen="m" num="s">
        <d gen="m" lem="el" num="s" pos="da0ms0" postype="article" wd="el"/>
      </spec>
      <grup.nom gen="m" num="s">
        <n lem="Premi_de_Pintura-Honda_La_Garriga" ne="other" pos="np0000a" postype="proper" sense="16:cs1" wd="Premi_de_Pintura-Honda_La_Garriga"/>
        <S clausetype="participle" impersonal="yes">
          <f lem="," pos="fc" punct="comma" wd=","/>
          <participi>
            <a gen="m" lem="dotat" lss="B22.unaccusative-passive-transitive" num="s" pos="aq0msp" posfunction="participle" postype="qualificative" wd="dotat"/>
          </participi>
          <sp arg="arg2" coord="yes" func="creg" tem="tem">
            <sp>
              <prep>
                <s lem="amb" pos="sps00" postype="preposition" wd="amb"/>
              </prep>
              <sn entityref="ne" ne="number">
                <spec gen="m" num="p">
                  <z lem="1.5" ne="number" wd="1,5"/>
                </spec>
                <grup.nom gen="m" num="p">
                  <n gen="m" lem="milió" num="p" pos="ncmp000" postype="common" sense="16:09902865" wd="milions"/>
                  <sp>
                    <prep>
                      <s lem="de" pos="sps00" postype="preposition" wd="de"/>
                    </prep>
                    <sn entityref="ne" ne="number">
                      <grup.nom gen="f" num="p">
                        <z lem="pesseta" ne="number" pos="zm" postype="currency" wd="pessetes"/>
                      </grup.nom>
                    </sn>
                  </sp>
                </grup.nom>
              </sn>
            </sp>
            <conj conjunctiontype="coordinating">
              <c lem="i" pos="cc" postype="coordinating" wd="i"/>
            </conj>
            <sp>
              <prep>
                <s lem="amb" pos="sps00" postype="preposition" wd="amb"/>
              </prep>
              <sn>
                <spec gen="m" num="p">
                  <d gen="m" lem="dos" num="p" pos="dn0mp0" postype="numeral" wd="dos"/>
                </spec>
                <grup.nom gen="m" num="p">
                  <n gen="m" lem="accèssit" num="p" pos="ncmp000" postype="common" sense="16:cs1" wd="accèssits"/>
                  <sp>
                    <prep>
                      <s lem="de" pos="sps00" postype="preposition" wd="de"/>
                    </prep>
                    <sn>
                      <spec gen="m" num="s">
                        <d gen="m" lem="mig" num="s" pos="dn0ms0" postype="numeral" wd="mig"/>
                      </spec>
                      <grup.nom gen="m" num="s">
                        <n gen="m" lem="milió" num="s" pos="ncms000" postype="common" sense="16:09902865" wd="milió"/>
                      </grup.nom>
                    </sn>
                  </sp>
                </grup.nom>
              </sn>
            </sp>
          </sp>
        </S>
      </grup.nom>
    </sn>
    <f lem="." pos="fp" punct="period" wd="."/>
  </sentence>
</article>
