<?xml version="1.0" encoding="UTF-8" standalone="no"?>
<!-- 

  ancora-2.0
       
			Copyright (C) 2007, 2008, 2009, 2010, 2011 UB - CLiC
			Centre de Llenguatge i Computació - Universitat de Barcelona
 
  This file is part of ancora-2.0.
 
  ancora-2.0 is free software and data: you can redistribute it and/or modify
  it under the terms of the GNU General Public License as published
  by the Free Software Foundation, either version 3 of the License,
  or (at your option) any later version.

  ancora-2.0 is distributed in the hope that it will be useful,
  but WITHOUT ANY WARRANTY; without even the implied warranty of
  MERCHANTABILITY or FITNESS FOR A PARTICULAR PURPOSE.  See the
  GNU General Public License for more details.
 
  You should have received a copy of the GNU General Public License
  along with ancora-2.0.  If not, see &lt;http://www.gnu.org/licenses/&gt;.
 
  Check a text in catalan explaining the terms of the license at http://www.softcatala.cat/wiki/GPL3.
  In spanish at http://www.viti.es/gnu/licenses/gpl.html
 

  The following paper must be cited when using this corpus:

 * Taulé, M., M.A. Martí, M. Recasens (2008) 'Ancora: Multilevel Annotated Corpora for Catalan and Spanish',
   Proceedings of 6th International Conference on Language Resources and Evaluation. Marrakesh (Morocco).

  In addition, the following paper must be cited if coreference information (attributes entity, coreftype,
  corefsubtype, homophoricDD or entityref) is used:

 * Recasens, Marta, M. Antònia Martí (2010) ‘AnCora-CO: Coreferentially annotated corpora for Spanish and
   Catalan’. Language Resources and Evaluation, Springer Science.

  Additionally, the following paper must be cited when argumental attributes in "sn" or "grup.nom"
  (attributes func, arg, tem or lexicalid) are used:

 * Peris, Aina, Mariona Taulé, Horacio Rodríguez (2010) ‘Semantic Annotation of Deverbal Nominalizations in the
   Spanish AnCora corpus’. Treebanks and Linguistic Theories (TLT-2010), Estonia.
-->
<article lng="ca">
  <sentence>
    <sn arg="arg0" entityref="ne" func="suj" ne="organization" tem="agt">
      <spec gen="f" num="s">
        <d gen="c" lem="el" num="s" pos="da0cs0" postype="article" wd="L'"/>
      </spec>
      <grup.nom gen="f" num="s">
        <n lem="Audiència_de_Barcelona" ne="organization" pos="np0000o" postype="proper" sense="16:cs1" wd="Audiència_de_Barcelona"/>
      </grup.nom>
    </sn>
    <grup.verb>
      <v lem="haver" mood="indicative" num="s" person="3" pos="vaip3s0" postype="auxiliary" tense="present" wd="ha"/>
      <v gen="m" lem="condemnar" lss="A34.ditransitive-patient-theme" mood="participle" num="s" pos="vmp00sm" postype="main" wd="condemnat"/>
    </grup.verb>
    <sp arg="arg2" func="creg" tem="tem">
      <prep>
        <s lem="a" pos="sps00" postype="preposition" wd="a"/>
      </prep>
      <sn coord="yes">
        <sn>
          <spec gen="m" num="s">
            <z lem="1" ne="number" wd="1"/>
          </spec>
          <grup.nom gen="m" num="s">
            <n gen="m" lem="any" num="s" pos="ncms000" postype="common" sense="16:10917509" wd="any"/>
            <sp>
              <prep>
                <s lem="de" pos="sps00" postype="preposition" wd="de"/>
              </prep>
              <sn>
                <grup.nom gen="f" num="s">
                  <n gen="f" lem="presó" num="s" pos="ncfs000" postype="common" sense="16:03102801" wd="presó"/>
                </grup.nom>
              </sn>
            </sp>
          </grup.nom>
        </sn>
        <conj conjunctiontype="coordinating">
          <c lem="i" pos="cc" postype="coordinating" wd="i"/>
        </conj>
        <sn entityref="ne" ne="number">
          <spec gen="f" num="p">
            <z lem="480000" ne="number" wd="480.000"/>
          </spec>
          <grup.nom gen="f" num="p">
            <z lem="pesseta" ne="number" pos="zm" postype="currency" wd="pessetes"/>
            <sp>
              <prep>
                <s lem="de" pos="sps00" postype="preposition" wd="de"/>
              </prep>
              <sn>
                <grup.nom gen="f" num="s">
                  <n gen="f" lem="multa" num="s" pos="ncfs000" postype="common" sense="16:00754951" wd="multa"/>
                </grup.nom>
              </sn>
            </sp>
          </grup.nom>
        </sn>
      </sn>
    </sp>
    <sn arg="arg1" func="cd" tem="pat">
      <spec gen="m" num="s">
        <d gen="c" lem="el" num="s" pos="da0cs0" postype="article" wd="l'"/>
      </spec>
      <grup.nom gen="m" num="s">
        <n gen="m" lem="administrador" num="s" pos="ncms000" postype="common" sense="16:07063507" wd="administrador"/>
        <sp>
          <prep>
            <s lem="de" pos="sps00" postype="preposition" wd="d'"/>
          </prep>
          <sn>
            <spec gen="f" num="s">
              <d gen="f" lem="un" num="s" pos="di0fs0" postype="indefinite" wd="una"/>
            </spec>
            <grup.nom gen="f" num="s">
              <n gen="f" lem="empresa" num="s" pos="ncfs000" postype="common" sense="16:06004580" wd="empresa"/>
              <sp>
                <prep>
                  <s lem="de" pos="sps00" postype="preposition" wd="de"/>
                </prep>
                <sn>
                  <grup.nom gen="m" num="p">
                    <n gen="m" lem="transport" num="p" pos="ncmp000" postype="common" sense="16:02495376" wd="transports"/>
                  </grup.nom>
                </sn>
              </sp>
              <sp>
                <prep>
                  <s lem="de" pos="sps00" postype="preposition" wd="de"/>
                </prep>
                <sn entityref="ne" ne="location">
                  <sn entityref="ne" ne="location">
                    <grup.nom>
                      <n lem="Perafita" ne="location" pos="np0000l" postype="proper" sense="16:cs1" wd="Perafita"/>
                    </grup.nom>
                  </sn>
                  <sn adjunct="yes" entityref="ne" ne="location">
                    <grup.nom>
                      <f lem="(" pos="fpa" punct="bracket" punctenclose="open" wd="("/>
                      <n lem="Osona" ne="location" pos="np0000l" postype="proper" sense="16:cs1" wd="Osona"/>
                      <f lem=")" pos="fpt" punct="bracket" punctenclose="close" wd=")"/>
                    </grup.nom>
                  </sn>
                </sn>
              </sp>
            </grup.nom>
          </sn>
        </sp>
      </grup.nom>
    </sn>
    <sp arg="argM" func="cc" tem="cau">
      <prep>
        <s lem="per" pos="sps00" postype="preposition" wd="per"/>
      </prep>
      <sn>
        <spec gen="m" num="s">
          <d gen="m" lem="un" num="s" pos="di0ms0" postype="indefinite" wd="un"/>
        </spec>
        <grup.nom gen="m" num="s">
          <n gen="m" lem="delicte" num="s" pos="ncms000" postype="common" sense="16:00490590" wd="delicte"/>
          <sp>
            <prep>
              <s lem="contra" pos="sps00" postype="preposition" wd="contra"/>
            </prep>
            <sn coord="yes">
              <sn>
                <spec gen="m" num="p">
                  <d gen="m" lem="el" num="p" pos="da0mp0" postype="article" wd="els"/>
                </spec>
                <grup.nom gen="m" num="p">
                  <n gen="m" lem="recurs" num="p" pos="ncmp000" postype="common" sense="16:09598145" wd="recursos"/>
                  <s.a gen="m" num="p">
                    <grup.a gen="m" num="p">
                      <a gen="c" lem="natural" num="p" pos="aq0cp0" postype="qualificative" wd="naturals"/>
                    </grup.a>
                  </s.a>
                </grup.nom>
              </sn>
              <conj conjunctiontype="coordinating">
                <c lem="i" pos="cc" postype="coordinating" wd="i"/>
              </conj>
              <sn>
                <spec gen="m" num="s">
                  <d gen="m" lem="el" num="s" pos="da0ms0" postype="article" wd="el"/>
                </spec>
                <grup.nom gen="m" num="s">
                  <n gen="m" lem="medi_ambient" num="s" pos="ncms000" postype="common" sense="16:cs1" wd="medi_ambient"/>
                </grup.nom>
              </sn>
            </sn>
          </sp>
          <S clausetype="participle" impersonal="yes">
            <f lem="," pos="fc" punct="comma" wd=","/>
            <participi>
              <a gen="m" lem="relacionat" lss="B23.unaccusative-theme-cotheme" num="s" pos="aq0msp" posfunction="participle" postype="qualificative" wd="relacionat"/>
            </participi>
            <sp arg="arg2" func="creg" tem="cot">
              <prep>
                <s lem="amb" pos="sps00" postype="preposition" wd="amb"/>
              </prep>
              <sn>
                <spec gen="m" num="s">
                  <d gen="c" lem="el" num="s" pos="da0cs0" postype="article" wd="l'"/>
                </spec>
                <grup.nom gen="m" num="s">
                  <n gen="m" lem="abocament" num="s" pos="ncms000" postype="common" sense="16:cs1" wd="abocament"/>
                  <s.a gen="m" num="s">
                    <grup.a gen="m" num="s">
                      <a gen="c" lem="il·legal" num="s" pos="aq0cs0" postype="qualificative" wd="il·legal"/>
                    </grup.a>
                  </s.a>
                  <sp>
                    <prep>
                      <s lem="de" pos="sps00" postype="preposition" wd="de"/>
                    </prep>
                    <sn>
                      <grup.nom gen="m" num="p">
                        <n gen="m" lem="purí" num="p" pos="ncmp000" postype="common" sense="16:cs1" wd="purins"/>
                      </grup.nom>
                    </sn>
                  </sp>
                  <sp>
                    <prep>
                      <s lem="en" pos="sps00" postype="preposition" wd="en"/>
                    </prep>
                    <sn>
                      <spec gen="f" num="s">
                        <d gen="f" lem="un" num="s" pos="di0fs0" postype="indefinite" wd="una"/>
                      </spec>
                      <grup.nom gen="f" num="s">
                        <n gen="f" lem="granja" num="s" pos="ncfs000" postype="common" sense="16:02666240" wd="granja"/>
                        <sp>
                          <prep>
                            <s lem="de" pos="sps00" postype="preposition" wd="de"/>
                          </prep>
                          <sn>
                            <spec gen="f" num="s">
                              <d gen="f" lem="el" num="s" pos="da0fs0" postype="article" wd="la"/>
                            </spec>
                            <grup.nom gen="f" num="s">
                              <n gen="f" lem="comarca" num="s" pos="ncfs000" postype="common" sense="16:50004760" wd="comarca"/>
                            </grup.nom>
                          </sn>
                        </sp>
                      </grup.nom>
                    </sn>
                  </sp>
                </grup.nom>
              </sn>
            </sp>
          </S>
        </grup.nom>
      </sn>
    </sp>
    <f lem="." pos="fp" punct="period" wd="."/>
  </sentence>
  <sentence>
    <sn arg="arg0" func="suj" tem="agt">
      <spec gen="m" num="s">
        <d gen="m" lem="el" num="s" pos="da0ms0" postype="article" wd="El"/>
      </spec>
      <grup.nom gen="m" num="s">
        <n gen="m" lem="tribunal" num="s" pos="ncms000" postype="common" sense="16:06176884" wd="tribunal"/>
      </grup.nom>
    </sn>
    <sadv func="mod">
      <grup.adv>
        <r lem="també" pos="rg" wd="també"/>
      </grup.adv>
    </sadv>
    <grup.verb>
      <v lem="haver" mood="indicative" num="s" person="3" pos="vaip3s0" postype="auxiliary" tense="present" wd="ha"/>
      <v gen="m" lem="condemnar" lss="A34.ditransitive-patient-theme" mood="participle" num="s" pos="vmp00sm" postype="main" wd="condemnat"/>
    </grup.verb>
    <sp arg="arg2" func="creg" tem="tem">
      <prep>
        <s lem="a" pos="sps00" postype="preposition" wd="a"/>
      </prep>
      <sn coord="yes">
        <sn>
          <spec gen="m" num="p">
            <z lem="18" ne="number" wd="18"/>
          </spec>
          <grup.nom gen="m" num="p">
            <n gen="m" lem="cap" num="p" pos="ncmp000" postype="common" sense="16:cs3" wd="caps"/>
            <sp>
              <prep>
                <s lem="de" pos="sps00" postype="preposition" wd="de"/>
              </prep>
              <sn>
                <grup.nom gen="f" num="s">
                  <n gen="f" lem="setmana" num="s" pos="ncfs000" postype="common" sense="16:cs1" wd="setmana"/>
                </grup.nom>
              </sn>
            </sp>
            <sp>
              <prep>
                <s lem="de" pos="sps00" postype="preposition" wd="d'"/>
              </prep>
              <sn>
                <grup.nom gen="m" num="s">
                  <n gen="m" lem="arrest" num="s" pos="ncms000" postype="common" sense="16:00054269" wd="arrest"/>
                </grup.nom>
              </sn>
            </sp>
          </grup.nom>
        </sn>
        <conj conjunctiontype="coordinating">
          <c lem="i" pos="cc" postype="coordinating" wd="i"/>
        </conj>
        <sn entityref="ne" ne="number">
          <spec gen="f" num="p">
            <z lem="1080000" ne="number" wd="1.080.000"/>
          </spec>
          <grup.nom gen="f" num="p">
            <z lem="pesseta" ne="number" pos="zm" postype="currency" wd="pessetes"/>
            <sp>
              <prep>
                <s lem="de" pos="sps00" postype="preposition" wd="de"/>
              </prep>
              <sn>
                <grup.nom gen="f" num="s">
                  <n gen="f" lem="multa" num="s" pos="ncfs000" postype="common" sense="16:00754951" wd="multa"/>
                </grup.nom>
              </sn>
            </sp>
          </grup.nom>
        </sn>
      </sn>
    </sp>
    <sn arg="arg1" func="cd" tem="pat">
      <spec gen="m" num="s">
        <d gen="m" lem="un" num="s" pos="di0ms0" postype="indefinite" wd="un"/>
      </spec>
      <grup.nom gen="m" num="s">
        <n gen="m" lem="agricultor" num="s" pos="ncms000" postype="common" sense="16:07068497" wd="agricultor"/>
        <S clausetype="relative">
          <relatiu arg="arg1" func="suj" tem="tem">
            <p gen="c" lem="que" num="c" pos="pr0cn000" postype="relative" wd="que"/>
          </relatiu>
          <grup.verb>
            <v lem="tenir" lss="C21.state-attributive" mood="indicative" num="s" person="3" pos="vmii3s0" postype="main" tense="imperfect" wd="tenia"/>
          </grup.verb>
          <S arg="argM" clausetype="participle" func="cpred" impersonal="yes" predicate="cd" tem="atr">
            <participi>
              <a gen="m" lem="emmagatzemat" num="p" pos="aq0mpp" posfunction="participle" postype="qualificative" wd="emmagatzemats"/>
            </participi>
          </S>
          <sn arg="arg2" func="cd" functype="quantitative" tem="atr">
            <grup.nom gen="m" num="p">
              <n gen="m" lem="purí" num="p" pos="ncmp000" postype="common" sense="16:cs1" wd="purins"/>
            </grup.nom>
          </sn>
          <sp arg="argM" func="cc" tem="loc">
            <prep>
              <s lem="a" pos="sps00" postype="preposition" wd="a"/>
            </prep>
            <sn>
              <spec gen="f" num="s">
                <d gen="f" lem="el_seu" num="s" person="3" pos="dp3fs0" postype="possessive" wd="la_seva"/>
              </spec>
              <grup.nom gen="f" num="s">
                <n gen="f" lem="granja" num="s" pos="ncfs000" postype="common" sense="16:02666240" wd="granja"/>
              </grup.nom>
            </sn>
          </sp>
        </S>
      </grup.nom>
    </sn>
    <f lem="." pos="fp" punct="period" wd="."/>
  </sentence>
  <sentence>
    <sn arg="arg0" entityref="ne" func="suj" ne="organization" tem="agt">
      <spec gen="f" num="s">
        <d gen="c" lem="el" num="s" pos="da0cs0" postype="article" wd="L'"/>
      </spec>
      <grup.nom gen="f" num="s">
        <n lem="Audiència_de_Barcelona" ne="organization" pos="np0000o" postype="proper" sense="16:cs1" wd="Audiència_de_Barcelona"/>
      </grup.nom>
    </sn>
    <grup.verb>
      <v lem="haver" mood="indicative" num="s" person="3" pos="vaip3s0" postype="auxiliary" tense="present" wd="ha"/>
      <v gen="m" lem="condemnar" lss="A34.ditransitive-patient-theme" mood="participle" num="s" pos="vmp00sm" postype="main" wd="condemnat"/>
    </grup.verb>
    <sp arg="arg2" func="creg" tem="tem">
      <prep>
        <s lem="a" pos="sps00" postype="preposition" wd="a"/>
      </prep>
      <sn>
        <spec gen="m" num="s">
          <z lem="1" ne="number" wd="1"/>
        </spec>
        <grup.nom gen="m" num="s">
          <n gen="m" lem="any" num="s" pos="ncms000" postype="common" sense="16:10917509" wd="any"/>
          <sp>
            <prep>
              <s lem="de" pos="sps00" postype="preposition" wd="de"/>
            </prep>
            <sn>
              <grup.nom gen="f" num="s">
                <n gen="f" lem="presó" num="s" pos="ncfs000" postype="common" sense="16:03102801" wd="presó"/>
              </grup.nom>
            </sn>
          </sp>
        </grup.nom>
      </sn>
    </sp>
    <sn arg="arg1" func="cd" tem="pat">
      <spec gen="m" num="s">
        <d gen="c" lem="el" num="s" pos="da0cs0" postype="article" wd="l'"/>
      </spec>
      <grup.nom gen="m" num="s">
        <n gen="m" lem="administrador" num="s" pos="ncms000" postype="common" sense="16:07063507" wd="administrador"/>
        <sp>
          <prep>
            <s lem="de" pos="sps00" postype="preposition" wd="d'"/>
          </prep>
          <sn>
            <spec gen="f" num="s">
              <d gen="f" lem="un" num="s" pos="di0fs0" postype="indefinite" wd="una"/>
            </spec>
            <grup.nom gen="f" num="s">
              <n gen="f" lem="empresa" num="s" pos="ncfs000" postype="common" sense="16:06004580" wd="empresa"/>
              <sp>
                <prep>
                  <s lem="de" pos="sps00" postype="preposition" wd="de"/>
                </prep>
                <sn>
                  <grup.nom gen="m" num="p">
                    <n gen="m" lem="transport" num="p" pos="ncmp000" postype="common" sense="16:02495376" wd="transports"/>
                  </grup.nom>
                </sn>
              </sp>
              <sp>
                <prep>
                  <s lem="de" pos="sps00" postype="preposition" wd="de"/>
                </prep>
                <sn entityref="ne" ne="location">
                  <sn entityref="ne" ne="location">
                    <grup.nom>
                      <n lem="Perafita" ne="location" pos="np0000l" postype="proper" sense="16:cs1" wd="Perafita"/>
                    </grup.nom>
                  </sn>
                  <sn adjunct="yes" entityref="ne" ne="location">
                    <grup.nom>
                      <f lem="(" pos="fpa" punct="bracket" punctenclose="open" wd="("/>
                      <n lem="Osona" ne="location" pos="np0000l" postype="proper" sense="16:cs1" wd="Osona"/>
                      <f lem=")" pos="fpt" punct="bracket" punctenclose="close" wd=")"/>
                    </grup.nom>
                  </sn>
                </sn>
              </sp>
            </grup.nom>
          </sn>
        </sp>
      </grup.nom>
    </sn>
    <sp arg="argM" func="cc" tem="cau">
      <prep>
        <s lem="per" pos="sps00" postype="preposition" wd="per"/>
      </prep>
      <sn>
        <spec gen="m" num="s">
          <d gen="m" lem="un" num="s" pos="di0ms0" postype="indefinite" wd="un"/>
        </spec>
        <grup.nom gen="m" num="s">
          <n gen="m" lem="delicte" num="s" pos="ncms000" postype="common" sense="16:00490590" wd="delicte"/>
          <sp>
            <prep>
              <s lem="contra" pos="sps00" postype="preposition" wd="contra"/>
            </prep>
            <sn coord="yes">
              <sn>
                <spec gen="m" num="p">
                  <d gen="m" lem="el" num="p" pos="da0mp0" postype="article" wd="els"/>
                </spec>
                <grup.nom gen="m" num="p">
                  <n gen="m" lem="recurs" num="p" pos="ncmp000" postype="common" sense="16:09598145" wd="recursos"/>
                  <s.a gen="m" num="p">
                    <grup.a gen="m" num="p">
                      <a gen="c" lem="natural" num="p" pos="aq0cp0" postype="qualificative" wd="naturals"/>
                    </grup.a>
                  </s.a>
                </grup.nom>
              </sn>
              <conj conjunctiontype="coordinating">
                <c lem="i" pos="cc" postype="coordinating" wd="i"/>
              </conj>
              <sn>
                <spec gen="m" num="s">
                  <d gen="m" lem="el" num="s" pos="da0ms0" postype="article" wd="el"/>
                </spec>
                <grup.nom gen="m" num="s">
                  <n gen="m" lem="medi_ambient" num="s" pos="ncms000" postype="common" sense="16:cs1" wd="medi_ambient"/>
                </grup.nom>
              </sn>
            </sn>
          </sp>
          <S clausetype="participle" impersonal="yes">
            <participi>
              <a gen="m" lem="relacionat" lss="B23.unaccusative-theme-cotheme" num="s" pos="aq0msp" posfunction="participle" postype="qualificative" wd="relacionat"/>
            </participi>
            <sp arg="arg2" func="creg" tem="cot">
              <prep>
                <s lem="amb" pos="sps00" postype="preposition" wd="amb"/>
              </prep>
              <sn>
                <spec gen="m" num="s">
                  <d gen="c" lem="el" num="s" pos="da0cs0" postype="article" wd="l'"/>
                </spec>
                <grup.nom gen="m" num="s">
                  <n gen="m" lem="abocament" num="s" pos="ncms000" postype="common" sense="16:cs1" wd="abocament"/>
                  <s.a gen="m" num="s">
                    <grup.a gen="m" num="s">
                      <a gen="c" lem="il·legal" num="s" pos="aq0cs0" postype="qualificative" wd="il·legal"/>
                    </grup.a>
                  </s.a>
                  <sp>
                    <prep>
                      <s lem="de" pos="sps00" postype="preposition" wd="de"/>
                    </prep>
                    <sn>
                      <grup.nom gen="m" num="p">
                        <n gen="m" lem="purí" num="p" pos="ncmp000" postype="common" sense="16:cs1" wd="purins"/>
                      </grup.nom>
                    </sn>
                  </sp>
                  <sp>
                    <prep>
                      <s lem="a" pos="sps00" postype="preposition" wd="a"/>
                    </prep>
                    <sn>
                      <spec gen="f" num="s">
                        <d gen="f" lem="un" num="s" pos="di0fs0" postype="indefinite" wd="una"/>
                      </spec>
                      <grup.nom gen="f" num="s">
                        <n gen="f" lem="granja" num="s" pos="ncfs000" postype="common" sense="16:02666240" wd="granja"/>
                        <sp>
                          <prep>
                            <s lem="de" pos="sps00" postype="preposition" wd="de"/>
                          </prep>
                          <sn>
                            <spec gen="f" num="s">
                              <d gen="f" lem="el" num="s" pos="da0fs0" postype="article" wd="la"/>
                            </spec>
                            <grup.nom gen="f" num="s">
                              <n gen="f" lem="comarca" num="s" pos="ncfs000" postype="common" sense="16:50004760" wd="comarca"/>
                            </grup.nom>
                          </sn>
                        </sp>
                      </grup.nom>
                    </sn>
                  </sp>
                </grup.nom>
              </sn>
            </sp>
          </S>
        </grup.nom>
      </sn>
    </sp>
    <f lem="." pos="fp" punct="period" wd="."/>
  </sentence>
  <sentence>
    <sn arg="arg0" func="suj" tem="agt">
      <spec gen="m" num="s">
        <d gen="m" lem="el" num="s" pos="da0ms0" postype="article" wd="El"/>
      </spec>
      <grup.nom gen="m" num="s">
        <n gen="m" lem="tribunal" num="s" pos="ncms000" postype="common" sense="16:06176884" wd="tribunal"/>
      </grup.nom>
    </sn>
    <sadv func="mod">
      <grup.adv>
        <r lem="també" pos="rg" wd="també"/>
      </grup.adv>
    </sadv>
    <grup.verb>
      <v lem="haver" mood="indicative" num="s" person="3" pos="vaip3s0" postype="auxiliary" tense="present" wd="ha"/>
      <v gen="m" lem="condemnar" lss="A34.ditransitive-patient-theme" mood="participle" num="s" pos="vmp00sm" postype="main" wd="condemnat"/>
    </grup.verb>
    <sp arg="arg2" func="creg" tem="tem">
      <prep>
        <s lem="a" pos="sps00" postype="preposition" wd="a"/>
      </prep>
      <sn coord="yes">
        <sn>
          <spec gen="m" num="p">
            <z lem="18" ne="number" wd="18"/>
          </spec>
          <grup.nom gen="m" num="p">
            <n gen="m" lem="cap" num="p" pos="ncmp000" postype="common" sense="16:cs3" wd="caps"/>
            <sp>
              <prep>
                <s lem="de" pos="sps00" postype="preposition" wd="de"/>
              </prep>
              <sn>
                <grup.nom gen="f" num="s">
                  <n gen="f" lem="setmana" num="s" pos="ncfs000" postype="common" sense="16:cs1" wd="setmana"/>
                </grup.nom>
              </sn>
            </sp>
            <sp>
              <prep>
                <s lem="de" pos="sps00" postype="preposition" wd="d'"/>
              </prep>
              <sn>
                <grup.nom gen="m" num="s">
                  <n gen="m" lem="arrest" num="s" pos="ncms000" postype="common" sense="16:00743461" wd="arrest"/>
                </grup.nom>
              </sn>
            </sp>
          </grup.nom>
        </sn>
        <conj conjunctiontype="coordinating">
          <c lem="i" pos="cc" postype="coordinating" wd="i"/>
        </conj>
        <sn entityref="ne" ne="number">
          <spec gen="f" num="p">
            <z lem="1080000" ne="number" wd="1.080.000"/>
          </spec>
          <grup.nom gen="f" num="p">
            <z lem="pesseta" ne="number" pos="zm" postype="currency" wd="pessetes"/>
            <sp>
              <prep>
                <s lem="de" pos="sps00" postype="preposition" wd="de"/>
              </prep>
              <sn>
                <grup.nom gen="f" num="s">
                  <n gen="f" lem="multa" num="s" pos="ncfs000" postype="common" sense="16:00754951" wd="multa"/>
                </grup.nom>
              </sn>
            </sp>
          </grup.nom>
        </sn>
      </sn>
    </sp>
    <sn arg="arg1" func="cd" tem="pat">
      <spec gen="m" num="s">
        <d gen="m" lem="un" num="s" pos="di0ms0" postype="indefinite" wd="un"/>
      </spec>
      <grup.nom gen="m" num="s">
        <n gen="m" lem="agricultor" num="s" pos="ncms000" postype="common" sense="16:07068497" wd="agricultor"/>
        <S clausetype="relative">
          <relatiu arg="arg1" func="suj" tem="tem">
            <p gen="c" lem="que" num="c" pos="pr0cn000" postype="relative" wd="que"/>
          </relatiu>
          <grup.verb>
            <v lem="tenir" lss="C21.state-attributive" mood="indicative" num="s" person="3" pos="vmii3s0" postype="main" tense="imperfect" wd="tenia"/>
          </grup.verb>
          <S arg="arg2" clausetype="participle" func="cpred" impersonal="yes" predicate="cd" tem="atr">
            <participi>
              <a gen="m" lem="emmagatzemat" num="p" pos="aq0mpp" posfunction="participle" postype="qualificative" wd="emmagatzemats"/>
            </participi>
          </S>
          <sn arg="arg2" func="cd" functype="quantitative" tem="atr">
            <grup.nom gen="m" num="p">
              <n gen="m" lem="purí" num="p" pos="ncmp000" postype="common" sense="16:cs1" wd="purins"/>
            </grup.nom>
          </sn>
          <sp arg="argM" func="cc" tem="loc">
            <prep>
              <s lem="a" pos="sps00" postype="preposition" wd="a"/>
            </prep>
            <sn>
              <spec gen="f" num="s">
                <d gen="f" lem="el" num="s" pos="da0fs0" postype="article" wd="la"/>
              </spec>
              <grup.nom gen="f" num="s">
                <n gen="f" lem="granja" num="s" pos="ncfs000" postype="common" sense="16:02666240" wd="granja"/>
              </grup.nom>
            </sn>
          </sp>
        </S>
      </grup.nom>
    </sn>
    <f lem="." pos="fp" punct="period" wd="."/>
  </sentence>
  <sentence coord="yes">
    <S>
      <sn arg="arg1" func="suj" tem="pat">
        <spec gen="f" num="s">
          <d gen="f" lem="el" num="s" pos="da0fs0" postype="article" wd="La"/>
        </spec>
        <grup.nom gen="f" num="s">
          <n gen="f" lem="sentència" num="s" pos="ncfs000" postype="common" sense="16:00768711" wd="sentència"/>
        </grup.nom>
      </sn>
      <grup.verb>
        <v lem="haver" mood="indicative" num="s" person="3" pos="vaip3s0" postype="auxiliary" tense="present" wd="ha"/>
        <v gen="m" lem="ser" mood="participle" num="s" pos="vsp00sm" postype="semiauxiliary" wd="estat"/>
        <v gen="f" lem="dictar" lss="B22.unaccusative-passive-transitive" mood="participle" num="s" pos="vmp00sf" postype="main" wd="dictada"/>
      </grup.verb>
      <sp arg="arg0" func="cag" tem="agt">
        <prep>
          <s contracted="yes" gen="m" lem="pel" num="s" pos="spcms" postype="preposition" wd="pel"/>
        </prep>
        <sn entityref="ne" ne="organization">
          <grup.nom gen="m" num="s">
            <n gen="m" lem="tribunal" num="s" pos="ncms000" postype="common" sense="16:06176884" wd="tribunal"/>
            <sp>
              <prep>
                <s lem="de" pos="sps00" postype="preposition" wd="de"/>
              </prep>
              <sn>
                <spec gen="f" num="s">
                  <d gen="f" lem="el" num="s" pos="da0fs0" postype="article" wd="la"/>
                </spec>
                <grup.nom gen="f" num="s">
                  <n gen="f" lem="secció" num="s" pos="ncfs000" postype="common" sense="16:06102171" wd="secció"/>
                  <s.a gen="f" num="s">
                    <grup.a gen="f" num="s">
                      <a gen="f" lem="vuitè" num="s" pos="ao0fs0" postype="ordinal" wd="vuitena"/>
                    </grup.a>
                  </s.a>
                </grup.nom>
              </sn>
            </sp>
            <sp>
              <prep>
                <s lem="de" pos="sps00" postype="preposition" wd="de"/>
              </prep>
              <sn entityref="ne" ne="organization">
                <spec gen="f" num="s">
                  <d gen="c" lem="el" num="s" pos="da0cs0" postype="article" wd="l'"/>
                </spec>
                <grup.nom gen="f" num="s">
                  <n lem="Audiència_de_Barcelona" ne="organization" pos="np0000o" postype="proper" sense="16:cs1" wd="Audiència_de_Barcelona"/>
                </grup.nom>
              </sn>
            </sp>
          </grup.nom>
        </sn>
      </sp>
    </S>
    <conj conjunctiontype="coordinating">
      <c lem="i" pos="cc" postype="coordinating" wd="i"/>
    </conj>
    <S>
      <sn arg="arg0" elliptic="yes" func="suj" tem="agt"/>
      <grup.verb>
        <v lem="subratllar" lss="A21.transitive-agentive-patient" mood="indicative" num="s" person="3" pos="vmip3s0" postype="main" tense="present" wd="subratlla"/>
      </grup.verb>
      <S arg="arg1" clausetype="completive" func="cd" tem="pat">
        <conj conjunctiontype="subordinating">
          <c lem="que" pos="cs" postype="subordinating" wd="que"/>
        </conj>
        <sn arg="arg0" func="suj" tem="agt">
          <spec gen="m" num="s">
            <d gen="c" lem="el" num="s" pos="da0cs0" postype="article" wd="l'"/>
          </spec>
          <grup.nom gen="m" num="s">
            <n gen="m" lem="agricultor" num="s" pos="ncms000" postype="common" sense="16:07068497" wd="agricultor"/>
            <sn entityref="ne" ne="person">
              <f lem="," pos="fc" punct="comma" wd=","/>
              <spec gen="m" num="s">
                <d gen="m" lem="el" num="s" pos="da0ms0" postype="article" wd="el"/>
              </spec>
              <grup.nom gen="m" num="s">
                <n gen="m" lem="veí" num="s" pos="ncms000" postype="common" sense="16:06949059" wd="veí"/>
                <sp>
                  <prep>
                    <s lem="de" pos="sps00" postype="preposition" wd="de"/>
                  </prep>
                  <sn entityref="ne" ne="location">
                    <sn entityref="ne" ne="location">
                      <grup.nom>
                        <n lem="Sant_Martí_d'_Albars" ne="location" pos="np0000l" postype="proper" sense="16:cs1" wd="Sant_Martí_d'_Albars"/>
                      </grup.nom>
                    </sn>
                    <sn adjunct="yes" entityref="ne" ne="location">
                      <grup.nom>
                        <f lem="(" pos="fpa" punct="bracket" punctenclose="open" wd="("/>
                        <n lem="Osona" ne="location" pos="np0000l" postype="proper" sense="16:cs1" wd="Osona"/>
                        <f lem=")" pos="fpt" punct="bracket" punctenclose="close" wd=")"/>
                      </grup.nom>
                    </sn>
                  </sn>
                </sp>
              </grup.nom>
            </sn>
            <sn entityref="ne" ne="person">
              <grup.nom gen="m" num="s">
                <n lem="Ramon_Fumañà_Matavera" ne="person" pos="np0000p" postype="proper" sense="16:cs1" wd="Ramon_Fumañà_Matavera"/>
              </grup.nom>
            </sn>
          </grup.nom>
          <f lem="," pos="fc" punct="comma" wd=","/>
        </sn>
        <grup.verb>
          <v lem="anar" mood="indicative" num="s" person="3" pos="vaip3s0" postype="auxiliary" tense="present" wd="va"/>
          <v lem="reconèixer" lss="A21.transitive-agentive-patient" mood="infinitive" pos="vmn0000" postype="main" wd="reconèixer"/>
        </grup.verb>
        <sp arg="argM" func="cc" tem="tmp">
          <prep>
            <s lem="durant" pos="sps00" postype="preposition" wd="durant"/>
          </prep>
          <sn>
            <spec gen="m" num="s">
              <d gen="m" lem="el" num="s" pos="da0ms0" postype="article" wd="el"/>
            </spec>
            <grup.nom gen="m" num="s">
              <n gen="m" lem="judici" num="s" pos="ncms000" postype="common" sense="16:00775201" wd="judici"/>
            </grup.nom>
          </sn>
        </sp>
        <S arg="arg1" clausetype="completive" coord="yes" func="cd" tem="pat">
          <S clausetype="completive">
            <conj conjunctiontype="subordinating">
              <c lem="que" pos="cs" postype="subordinating" wd="que"/>
            </conj>
            <sn arg="arg0" elliptic="yes" func="suj" tem="agt"/>
            <grup.verb>
              <v lem="haver" mood="indicative" num="s" person="3" pos="vaii3s0" postype="auxiliary" tense="imperfect" wd="havia"/>
              <v gen="m" lem="construir" lss="A21.transitive-agentive-patient" mood="participle" num="s" pos="vmp00sm" postype="main" wd="construït"/>
            </grup.verb>
            <sn arg="arg1" func="cd" tem="pat">
              <spec gen="f" num="s">
                <d gen="f" lem="el" num="s" pos="da0fs0" postype="article" wd="la"/>
              </spec>
              <grup.nom gen="f" num="s">
                <n gen="f" lem="bassa" num="s" pos="ncfs000" postype="common" sense="16:cs1" wd="bassa"/>
                <S clausetype="relative">
                  <relatiu arg="arg2" func="cc" tem="loc">
                    <p lem="on" pos="pr000000" postype="relative" wd="on"/>
                  </relatiu>
                  <sn arg="arg0" elliptic="yes" func="suj" tem="agt"/>
                  <grup.verb>
                    <v lem="dipositar" lss="A31.ditransitive-patient-locative" mood="indicative" num="s" person="3" pos="vmii3s0" postype="main" tense="imperfect" wd="dipositava"/>
                  </grup.verb>
                  <sn arg="arg1" func="cd" tem="pat">
                    <spec gen="m" num="p">
                      <d gen="m" lem="el" num="p" pos="da0mp0" postype="article" wd="els"/>
                    </spec>
                    <grup.nom gen="m" num="p">
                      <n gen="m" lem="purí" num="p" pos="ncmp000" postype="common" sense="16:cs1" wd="purins"/>
                    </grup.nom>
                  </sn>
                  <sp arg="argM" func="cc" tem="adv">
                    <prep>
                      <s lem="sense" pos="sps00" postype="preposition" wd="sense"/>
                    </prep>
                    <sn>
                      <grup.nom gen="f" num="s">
                        <n gen="f" lem="autorització" num="s" pos="ncfs000" postype="common" sense="16:05013621" wd="autorització"/>
                      </grup.nom>
                    </sn>
                  </sp>
                </S>
                <S clausetype="relative">
                  <f lem="," pos="fc" punct="comma" wd=","/>
                  <relatiu arg="arg1" func="suj" tem="tem">
                    <p gen="c" lem="que" num="c" pos="pr0cn000" postype="relative" wd="que"/>
                  </relatiu>
                  <neg func="mod">
                    <r lem="no" pos="rn" postype="negative" wd="no"/>
                  </neg>
                  <grup.verb>
                    <v lem="tenir" lss="C21.state-attributive" mood="indicative" num="s" person="3" pos="vmii3s0" postype="main" tense="imperfect" wd="tenia"/>
                  </grup.verb>
                  <sn arg="arg2" func="cd" functype="quantitative" tem="atr">
                    <grup.nom gen="m" num="s">
                      <n gen="m" lem="sistema" num="s" pos="ncms000" postype="common" sense="16:04536899" wd="sistema"/>
                      <sp>
                        <prep>
                          <s lem="de" pos="sps00" postype="preposition" wd="d'"/>
                        </prep>
                        <sn>
                          <grup.nom gen="f" num="s">
                            <n gen="f" lem="impermeabilització" num="s" pos="ncfs000" postype="common" sense="16:cs1" wd="impermeabilització"/>
                          </grup.nom>
                        </sn>
                      </sp>
                    </grup.nom>
                  </sn>
                </S>
              </grup.nom>
            </sn>
          </S>
          <conj conjunctiontype="coordinating">
            <c lem="i" pos="cc" postype="coordinating" wd="i"/>
          </conj>
          <S clausetype="completive">
            <conj conjunctiontype="subordinating">
              <c lem="que" pos="cs" postype="subordinating" wd="que"/>
            </conj>
            <sadv arg="arg2" func="cc" tem="loc">
              <grup.adv>
                <r lem="allà" pos="rg" wd="allà"/>
              </grup.adv>
            </sadv>
            <sn arg="arg0" elliptic="yes" func="suj" tem="agt"/>
            <grup.verb>
              <v lem="emmagatzemar" lss="A31.ditransitive-patient-locative" mood="indicative" num="s" person="3" pos="vmii3s0" postype="main" tense="imperfect" wd="emmagatzemava"/>
            </grup.verb>
            <sn arg="arg1" func="cd" tem="pat">
              <spec gen="m" num="s">
                <d gen="m" lem="el" num="s" pos="da0ms0" postype="article" wd="el"/>
              </spec>
              <grup.nom gen="m" num="s">
                <n gen="m" lem="producte" num="s" pos="ncms000" postype="common" sense="16:10763715" wd="producte"/>
              </grup.nom>
            </sn>
            <sp func="ao">
              <prep>
                <s lem="tot_i" pos="sps00" postype="preposition" wd="tot_i"/>
              </prep>
              <S clausetype="completive" impersonal="yes">
                <infinitiu>
                  <v lem="saber" lss="A21.transitive-agentive-patient" mood="infinitive" pos="vmn0000" postype="main" wd="saber"/>
                </infinitiu>
                <S arg="arg1" clausetype="completive" func="cd" tem="pat">
                  <conj conjunctiontype="subordinating">
                    <c lem="que" pos="cs" postype="subordinating" wd="que"/>
                  </conj>
                  <sn arg="arg1" elliptic="yes" func="suj" tem="tem"/>
                  <grup.verb>
                    <v lem="ser" lss="C21.state-attributive" mood="indicative" num="s" person="3" pos="vmii3s0" postype="main" tense="imperfect" wd="era"/>
                  </grup.verb>
                  <sa arg="arg2" func="atr" tem="atr">
                    <grup.a>
                      <a gen="m" lem="tòxic" num="s" pos="aq0ms0" postype="qualificative" wd="tòxic"/>
                    </grup.a>
                  </sa>
                </S>
              </S>
            </sp>
          </S>
        </S>
      </S>
    </S>
    <f lem="." pos="fp" punct="period" wd="."/>
  </sentence>
  <sentence>
    <sn arg="arg0" func="suj" tem="agt">
      <spec gen="m" num="s">
        <d gen="m" lem="el" num="s" pos="da0ms0" postype="article" wd="El"/>
      </spec>
      <grup.nom gen="m" num="s">
        <n gen="m" lem="tribunal" num="s" pos="ncms000" postype="common" sense="16:06176884" wd="tribunal"/>
      </grup.nom>
    </sn>
    <sadv func="mod">
      <grup.adv>
        <r lem="també" pos="rg" wd="també"/>
      </grup.adv>
    </sadv>
    <grup.verb>
      <v lem="recordar" lss="A21.transitive-agentive-patient" mood="indicative" num="s" person="3" pos="vmip3s0" postype="main" tense="present" wd="recorda"/>
    </grup.verb>
    <sp arg="argM" func="cc" tem="loc">
      <prep>
        <s lem="en" pos="sps00" postype="preposition" wd="en"/>
      </prep>
      <sn>
        <spec gen="f" num="s">
          <d gen="f" lem="el" num="s" pos="da0fs0" postype="article" wd="la"/>
        </spec>
        <grup.nom gen="f" num="s">
          <n gen="f" lem="resolució" num="s" pos="ncfs000" postype="common" sense="16:00105760" wd="resolució"/>
        </grup.nom>
      </sn>
    </sp>
    <S arg="arg1" clausetype="completive" func="cd" tem="pat">
      <conj conjunctiontype="subordinating">
        <c lem="que" pos="cs" postype="subordinating" wd="que"/>
      </conj>
      <sn arg="arg0" entityref="ne" func="suj" ne="organization" tem="agt">
        <spec gen="m" num="p">
          <d gen="m" lem="el" num="p" pos="da0mp0" postype="article" wd="els"/>
        </spec>
        <grup.nom gen="m" num="p">
          <n lem="Mossos_d'_Esquadra" ne="organization" pos="np0000o" postype="proper" sense="16:cs1" wd="Mossos_d'_Esquadra"/>
        </grup.nom>
      </sn>
      <grup.verb>
        <v lem="anar" mood="indicative" num="p" person="3" pos="vaip3p0" postype="auxiliary" tense="present" wd="van"/>
        <v lem="observar" lss="A21.transitive-agentive-patient" mood="infinitive" pos="vmn0000" postype="main" wd="observar"/>
      </grup.verb>
      <S arg="arg1" clausetype="completive" coord="yes" func="cd" tem="pat">
        <conj conjunctiontype="subordinating">
          <c lem="com" pos="cs" postype="subordinating" wd="com"/>
        </conj>
        <S clausetype="completive">
          <sn arg="arg1" func="suj" tem="tem">
            <spec gen="m" num="p">
              <d gen="m" lem="divers" num="p" pos="di0mp0" postype="indefinite" wd="diversos"/>
            </spec>
            <grup.nom gen="m" num="p">
              <n gen="m" lem="camió" num="p" pos="ncmp000" postype="common" sense="16:02942446" wd="camions"/>
              <sp>
                <prep>
                  <s lem="de" pos="sps00" postype="preposition" wd="de"/>
                </prep>
                <sn entityref="ne" ne="organization">
                  <spec gen="f" num="s">
                    <d gen="f" lem="el" num="s" pos="da0fs0" postype="article" wd="la"/>
                  </spec>
                  <grup.nom gen="f" num="s">
                    <n gen="f" lem="companyia" num="s" pos="ncfs000" postype="common" sense="16:06006256" wd="companyia"/>
                    <sn entityref="ne" ne="person">
                      <grup.nom>
                        <f lem="&quot;" pos="fe" punct="quotation" wd="&quot;"/>
                        <n lem="Germans_Serra" ne="person" pos="np0000p" postype="proper" sense="16:cs1" wd="Germans_Serra"/>
                        <f lem="&quot;" pos="fe" punct="quotation" wd="&quot;"/>
                      </grup.nom>
                    </sn>
                    <S clausetype="relative">
                      <f lem="," pos="fc" punct="comma" wd=","/>
                      <relatiu arg="arg1" func="cd" tem="pat">
                        <p gen="c" lem="que" num="c" pos="pr0cn000" postype="relative" wd="que"/>
                      </relatiu>
                      <grup.verb>
                        <v lem="administrar" lss="A21.transitive-agentive-patient" mood="indicative" num="s" person="3" pos="vmii3s0" postype="main" tense="imperfect" wd="administrava"/>
                      </grup.verb>
                      <sn arg="arg0" func="suj" tem="agt">
                        <spec gen="m" num="s">
                          <d gen="m" lem="el" num="s" pos="da0ms0" postype="article" wd="el"/>
                        </spec>
                        <grup.nom gen="m" num="s">
                          <n gen="m" lem="processat" num="s" pos="ncms000" postype="common" sense="16:cs1" wd="processat"/>
                          <sn entityref="ne" ne="person">
                            <grup.nom gen="m" num="s">
                              <n lem="Vicenç_Serra_Casamitjana" ne="person" pos="np0000p" postype="proper" sense="16:cs1" wd="Vicenç_Serra_Casamitjana"/>
                            </grup.nom>
                          </sn>
                        </grup.nom>
                      </sn>
                      <f lem="," pos="fc" punct="comma" wd=","/>
                    </S>
                  </grup.nom>
                </sn>
              </sp>
            </grup.nom>
          </sn>
          <morfema.pronominal>
            <p gen="c" lem="ell" num="c" person="3" pos="p0300000" wd="es"/>
          </morfema.pronominal>
          <grup.verb>
            <v lem="dirigir" lss="B11.unaccusative-motion" mood="indicative" num="p" person="3" pos="vmii3p0" postype="main" tense="imperfect" wd="dirigien"/>
          </grup.verb>
          <sa arg="argM" func="cpred" predicate="suj" tem="atr">
            <f lem="&quot;" pos="fe" punct="quotation" wd="&quot;"/>
            <grup.a>
              <a gen="m" lem="ple" num="p" pos="aq0mp0" postype="qualificative" wd="plens"/>
            </grup.a>
            <f lem="&quot;" pos="fe" punct="quotation" wd="&quot;"/>
          </sa>
          <sp arg="arg4" func="creg" tem="des">
            <prep>
              <s lem="cap_a" pos="sps00" postype="preposition" wd="cap_a"/>
            </prep>
            <sn entityref="ne" ne="location">
              <spec gen="f" num="s">
                <d gen="f" lem="el" num="s" pos="da0fs0" postype="article" wd="la"/>
              </spec>
              <grup.nom gen="f" num="s">
                <n gen="f" lem="finca" num="s" pos="ncfs000" postype="common" sense="16:09530909" wd="finca"/>
                <sn entityref="ne" ne="location">
                  <grup.nom>
                    <n lem="Can_Canyelles" ne="location" pos="np0000l" postype="proper" sense="16:cs1" wd="Can_Canyelles"/>
                  </grup.nom>
                </sn>
              </grup.nom>
            </sn>
          </sp>
        </S>
        <conj conjunctiontype="coordinating">
          <c lem="i" pos="cc" postype="coordinating" wd="i"/>
        </conj>
        <S clausetype="completive">
          <sn arg="arg1" elliptic="yes" func="suj" tem="tem"/>
          <grup.verb>
            <v lem="tornar" lss="B11.unaccusative-motion" mood="indicative" num="p" person="3" pos="vmii3p0" postype="main" tense="imperfect" wd="tornaven"/>
          </grup.verb>
          <sa arg="arg2" func="cpred" predicate="suj" tem="atr">
            <grup.a>
              <a gen="m" lem="buit" num="p" pos="aq0mp0" postype="qualificative" wd="buits"/>
            </grup.a>
          </sa>
          <sadv arg="argM" func="cc" tem="tmp">
            <f lem="," pos="fc" punct="comma" wd=","/>
            <grup.adv>
              <r lem="després" pos="rg" wd="després"/>
              <sp>
                <prep>
                  <s lem="de" pos="sps00" postype="preposition" wd="de"/>
                </prep>
                <S clausetype="completive" impersonal="yes">
                  <infinitiu>
                    <v lem="dipositar" lss="A31.ditransitive-patient-locative" mood="infinitive" pos="vmn0000" postype="main" wd="dipositar"/>
                  </infinitiu>
                  <sn arg="arg1" func="cd" tem="pat">
                    <grup.nom gen="m" num="p">
                      <n gen="m" lem="purí" num="p" pos="ncmp000" postype="common" sense="16:cs1" wd="purins"/>
                    </grup.nom>
                  </sn>
                  <sp arg="arg2" func="cc" tem="loc">
                    <prep>
                      <s contracted="yes" gen="m" lem="al" num="p" pos="spcmp" postype="preposition" wd="als"/>
                    </prep>
                    <sn>
                      <grup.nom gen="m" num="p">
                        <n gen="m" lem="camp" num="p" pos="ncmp000" postype="common" sense="16:06366622" wd="camps"/>
                      </grup.nom>
                    </sn>
                  </sp>
                </S>
              </sp>
            </grup.adv>
          </sadv>
        </S>
      </S>
    </S>
    <f lem="." pos="fp" punct="period" wd="."/>
  </sentence>
  <sentence>
    <sn arg="arg1" func="suj" tem="pat">
      <spec gen="m" num="p">
        <d gen="m" lem="el" num="p" pos="da0mp0" postype="article" wd="Els"/>
      </spec>
      <grup.nom gen="m" num="p">
        <n gen="m" lem="fet" num="p" pos="ncmp000" postype="common" sense="16:05432762" wd="fets"/>
      </grup.nom>
    </sn>
    <morfema.verbal func="pass">
      <p gen="c" lem="es" num="c" pos="p0000000" wd="es"/>
    </morfema.verbal>
    <grup.verb>
      <v lem="anar" mood="indicative" num="p" person="3" pos="vaip3p0" postype="auxiliary" tense="present" wd="van"/>
      <v lem="descobrir" lss="B22.unaccusative-passive-transitive" mood="infinitive" pos="vmn0000" postype="main" wd="descobrir"/>
    </grup.verb>
    <sp arg="argM" func="cc" tem="tmp">
      <prep>
        <s lem="en" pos="sps00" postype="preposition" wd="en"/>
      </prep>
      <sn>
        <spec gen="m" num="p">
          <d gen="m" lem="el" num="p" pos="da0mp0" postype="article" wd="els"/>
        </spec>
        <grup.nom gen="m" num="p">
          <n gen="m" lem="mes" num="p" pos="ncmp000" postype="common" sense="16:10922179" wd="mesos"/>
          <sp>
            <prep>
              <s lem="de" pos="sps00" postype="preposition" wd="de"/>
            </prep>
            <sn complex="yes" entityref="ne" ne="date">
              <grup.nom coord="yes">
                <grup.nom gen="m" num="s">
                  <w lem="[??:??/01/??:??.??]" ne="date" wd="gener"/>
                </grup.nom>
                <conj conjunctiontype="coordinating">
                  <c lem="i" pos="cc" postype="coordinating" wd="i"/>
                </conj>
                <grup.nom gen="m" num="s">
                  <w lem="[??:??/02/1997:??.??]" ne="date" wd="febrer_de_1997"/>
                </grup.nom>
              </grup.nom>
            </sn>
          </sp>
        </grup.nom>
      </sn>
    </sp>
    <sadv arg="argM" func="cc" tem="tmp">
      <grup.adv>
        <r lem="després" pos="rg" wd="després"/>
        <sp>
          <prep>
            <s lem="de" pos="sps00" postype="preposition" wd="d'"/>
          </prep>
          <sn>
            <spec gen="f" num="p">
              <d gen="f" lem="un" num="p" pos="di0fp0" postype="indefinite" wd="unes"/>
            </spec>
            <grup.nom gen="f" num="p">
              <n gen="f" lem="investigació" num="p" pos="ncfp000" postype="common" sense="16:00417296" wd="investigacions"/>
              <sp>
                <prep>
                  <s contracted="yes" gen="m" lem="del" num="p" pos="spcmp" postype="preposition" wd="dels"/>
                </prep>
                <sn entityref="ne" ne="organization">
                  <grup.nom gen="m" num="p">
                    <n lem="Mossos_d'_Esquadra" ne="organization" pos="np0000o" postype="proper" sense="16:cs1" wd="Mossos_d'_Esquadra"/>
                    <S clausetype="relative">
                      <f lem="," pos="fc" punct="comma" wd=","/>
                      <relatiu arg="arg0" func="suj" tem="agt">
                        <p gen="c" lem="que" num="c" pos="pr0cn000" postype="relative" wd="que"/>
                      </relatiu>
                      <grup.verb>
                        <v lem="vigilar" lss="A21.transitive-agentive-patient" mood="indicative" num="p" person="3" pos="vmii3p0" postype="main" tense="imperfect" wd="vigilaven"/>
                      </grup.verb>
                      <sn arg="arg1" func="cd" tem="pat">
                        <grup.nom gen="m" num="p">
                          <n gen="m" lem="tema" num="p" pos="ncmp000" postype="common" sense="16:04950638" wd="temes"/>
                          <sp>
                            <prep>
                              <s lem="de" pos="sps00" postype="preposition" wd="d'"/>
                            </prep>
                            <sn>
                              <grup.nom gen="m" num="p">
                                <n gen="m" lem="abocament" num="p" pos="ncmp000" postype="common" sense="16:cs1" wd="abocaments"/>
                                <sp>
                                  <prep>
                                    <s lem="de" pos="sps00" postype="preposition" wd="de"/>
                                  </prep>
                                  <sn>
                                    <grup.nom gen="m" num="p">
                                      <n gen="m" lem="purí" num="p" pos="ncmp000" postype="common" sense="16:cs1" wd="purins"/>
                                    </grup.nom>
                                  </sn>
                                </sp>
                              </grup.nom>
                            </sn>
                          </sp>
                        </grup.nom>
                      </sn>
                      <sp arg="argM" func="cc" tem="loc">
                        <prep>
                          <s lem="a" pos="sps00" postype="preposition" wd="a"/>
                        </prep>
                        <sn>
                          <spec gen="f" num="s">
                            <d gen="f" lem="el" num="s" pos="da0fs0" postype="article" wd="la"/>
                          </spec>
                          <grup.nom gen="f" num="s">
                            <n gen="f" lem="zona" num="s" pos="ncfs000" postype="common" sense="16:02207321" wd="zona"/>
                          </grup.nom>
                        </sn>
                      </sp>
                    </S>
                  </grup.nom>
                </sn>
              </sp>
            </grup.nom>
          </sn>
        </sp>
      </grup.adv>
    </sadv>
    <f lem="." pos="fp" punct="period" wd="."/>
  </sentence>
  <sentence>
    <sn arg="arg0" entityref="ne" func="suj" ne="organization" tem="agt">
      <spec gen="m" num="p">
        <d gen="m" lem="el" num="p" pos="da0mp0" postype="article" wd="Els"/>
      </spec>
      <grup.nom gen="m" num="p">
        <n lem="Mossos" ne="organization" pos="np0000o" postype="proper" sense="16:cs1" wd="Mossos"/>
      </grup.nom>
    </sn>
    <grup.verb>
      <v lem="anar" mood="indicative" num="p" person="3" pos="vaip3p0" postype="auxiliary" tense="present" wd="van"/>
      <v lem="descobrir" lss="A21.transitive-agentive-patient" mood="infinitive" pos="vmn0000" postype="main" wd="descobrir"/>
    </grup.verb>
    <S arg="arg1" clausetype="completive" func="cd" tem="pat">
      <conj conjunctiontype="subordinating">
        <c lem="que" pos="cs" postype="subordinating" wd="que"/>
      </conj>
      <sp arg="argM" func="cc" tem="loc">
        <prep>
          <s lem="a" pos="sps00" postype="preposition" wd="a"/>
        </prep>
        <sn entityref="ne" ne="location">
          <spec gen="f" num="s">
            <d gen="f" lem="el" num="s" pos="da0fs0" postype="article" wd="la"/>
          </spec>
          <grup.nom gen="f" num="s">
            <n gen="f" lem="finca" num="s" pos="ncfs000" postype="common" sense="16:09530909" wd="finca"/>
            <sn entityref="ne" ne="location">
              <grup.nom>
                <n lem="Can_Cogullés" ne="location" pos="np0000l" postype="proper" sense="16:cs1" wd="Can_Cogullés"/>
              </grup.nom>
            </sn>
            <sn>
              <f lem="," pos="fc" punct="comma" wd=","/>
              <grup.nom gen="f" num="s">
                <n gen="f" lem="propietat" num="s" pos="ncfs000" postype="common" sense="16:09528888" wd="propietat"/>
                <sp>
                  <prep>
                    <s lem="de" pos="sps00" postype="preposition" wd="de"/>
                  </prep>
                  <sn entityref="ne" ne="person">
                    <grup.nom gen="m" num="s">
                      <n lem="Ramon_Fumañà" ne="person" pos="np0000p" postype="proper" sense="16:cs1" wd="Ramon_Fumañà"/>
                    </grup.nom>
                  </sn>
                </sp>
              </grup.nom>
              <f lem="," pos="fc" punct="comma" wd=","/>
            </sn>
          </grup.nom>
        </sn>
      </sp>
      <morfema.pronominal>
        <p gen="c" lem="hi" num="c" person="3" pos="pp3cn000" postype="personal" wd="hi"/>
      </morfema.pronominal>
      <grup.verb>
        <v lem="haver" lss="C11.state-existential" mood="indicative" num="s" person="3" pos="vmii3s0" postype="main" tense="imperfect" wd="havia"/>
      </grup.verb>
      <sn arg="arg1" func="cd" functype="quantitative" tem="tem">
        <spec gen="f" num="s">
          <d gen="f" lem="un" num="s" pos="di0fs0" postype="indefinite" wd="una"/>
        </spec>
        <grup.nom gen="f" num="s">
          <n gen="f" lem="bassa" num="s" pos="ncfs000" postype="common" sense="16:cs1" wd="bassa"/>
          <s.a gen="f" num="s">
            <grup.a gen="f" num="s">
              <a gen="c" lem="il·legal" num="s" pos="aq0cs0" postype="qualificative" wd="il·legal"/>
            </grup.a>
          </s.a>
          <sp>
            <prep>
              <s lem="de" pos="sps00" postype="preposition" wd="de"/>
            </prep>
            <sn>
              <grup.nom gen="m" num="s">
                <n gen="m" lem="dipòsit" num="s" pos="ncms000" postype="common" sense="16:cs1" wd="dipòsit"/>
                <sp>
                  <prep>
                    <s lem="de" pos="sps00" postype="preposition" wd="de"/>
                  </prep>
                  <sn>
                    <grup.nom gen="m" num="p">
                      <n gen="m" lem="purí" num="p" pos="ncmp000" postype="common" sense="16:cs1" wd="purins"/>
                    </grup.nom>
                  </sn>
                </sp>
              </grup.nom>
            </sn>
          </sp>
          <S clausetype="relative" coord="yes">
            <S clausetype="relative">
              <f lem="," pos="fc" punct="comma" wd=","/>
              <relatiu arg="arg1" func="suj" tem="tem">
                <p gen="c" lem="que" num="c" pos="pr0cn000" postype="relative" wd="que"/>
              </relatiu>
              <grup.verb>
                <v lem="tenir" lss="C21.state-attributive" mood="indicative" num="s" person="3" pos="vmii3s0" postype="main" tense="imperfect" wd="tenia"/>
              </grup.verb>
              <sn arg="arg2" func="cd" functype="quantitative" tem="atr">
                <spec gen="m" num="p">
                  <z lem="13" ne="number" wd="13"/>
                </spec>
                <grup.nom gen="m" num="p">
                  <n gen="m" lem="any" num="p" pos="ncmp000" postype="common" sense="16:10917509" wd="anys"/>
                  <sp>
                    <prep>
                      <s lem="de" pos="sps00" postype="preposition" wd="d'"/>
                    </prep>
                    <sn>
                      <grup.nom gen="f" num="s">
                        <n gen="f" lem="antiguitat" num="s" pos="ncfs000" postype="common" sense="16:cs1" wd="antiguitat"/>
                      </grup.nom>
                    </sn>
                  </sp>
                </grup.nom>
              </sn>
              <f lem="," pos="fc" punct="comma" wd=","/>
            </S>
            <conj conjunctiontype="coordinating">
              <c lem="i" pos="cc" postype="coordinating" wd="i"/>
            </conj>
            <S clausetype="relative">
              <relatiu arg="arg1" func="suj" tem="tem">
                <p gen="c" lem="que" num="c" pos="pr0cn000" postype="relative" wd="que"/>
              </relatiu>
              <neg func="mod">
                <r lem="no" pos="rn" postype="negative" wd="no"/>
              </neg>
              <grup.verb>
                <v lem="tenir" lss="C21.state-attributive" mood="indicative" num="s" person="3" pos="vmii3s0" postype="main" tense="imperfect" wd="tenia"/>
              </grup.verb>
              <sn arg="arg2" complex="yes" func="cd" functype="quantitative" tem="atr">
                <spec gen="f" num="s">
                  <d gen="c" lem="cap" num="s" pos="di0cs0" postype="indefinite" wd="cap"/>
                </spec>
                <grup.nom coord="yes">
                  <grup.nom gen="f" num="s">
                    <n gen="f" lem="autorització" num="s" pos="ncfs000" postype="common" sense="16:05013621" wd="autorització"/>
                  </grup.nom>
                  <conj conjunctiontype="coordinating">
                    <c lem="ni" pos="cc" postype="coordinating" wd="ni"/>
                  </conj>
                  <grup.nom gen="m" num="s">
                    <n gen="m" lem="permís" num="s" pos="ncms000" postype="common" sense="16:00738404" wd="permís"/>
                  </grup.nom>
                </grup.nom>
              </sn>
            </S>
          </S>
        </grup.nom>
      </sn>
    </S>
    <f lem="." pos="fp" punct="period" wd="."/>
  </sentence>
  <sentence coord="yes">
    <S>
      <sn arg="arg0" func="suj" tem="agt">
        <spec gen="m" num="p">
          <d gen="m" lem="el" num="p" pos="da0mp0" postype="article" wd="Els"/>
        </spec>
        <grup.nom gen="m" num="p">
          <n gen="m" lem="purí" num="p" pos="ncmp000" postype="common" sense="16:cs1" wd="purins"/>
          <S clausetype="relative">
            <relatiu arg="arg1" func="cd" tem="pat">
              <p gen="c" lem="que" num="c" pos="pr0cn000" postype="relative" wd="que"/>
            </relatiu>
            <sn arg="arg0" elliptic="yes" func="suj" tem="agt"/>
            <grup.verb>
              <v lem="dipositar" lss="A31.ditransitive-patient-locative" mood="indicative" num="s" person="3" pos="vmii3s0" postype="main" tense="imperfect" wd="dipositava"/>
            </grup.verb>
          </S>
        </grup.nom>
      </sn>
      <grup.verb>
        <v lem="ser" mood="indicative" num="p" person="3" pos="vsii3p0" postype="semiauxiliary" tense="imperfect" wd="eren"/>
        <sadv arg="argM" func="cc" tem="tmp">
          <grup.adv>
            <r lem="posteriorment" pos="rg" wd="posteriorment"/>
          </grup.adv>
        </sadv>
        <v gen="m" lem="transportar" lss="A31.ditransitive-patient-locative" mood="participle" num="p" pos="vmp00pm" postype="main" wd="transportats"/>
      </grup.verb>
      <sp arg="arg0" func="cag" tem="agt">
        <prep>
          <s lem="per" pos="sps00" postype="preposition" wd="per"/>
        </prep>
        <sn>
          <spec gen="m" num="s">
            <d gen="c" lem="el" num="s" pos="da0cs0" postype="article" wd="l'"/>
            <d gen="m" lem="altre" num="s" pos="di0ms0" postype="indefinite" wd="altre"/>
          </spec>
          <grup.nom gen="m" num="s">
            <n gen="m" lem="processat" num="s" pos="ncms000" postype="common" sense="16:cs1" wd="processat"/>
          </grup.nom>
        </sn>
      </sp>
    </S>
    <conj conjunctiontype="coordinating">
      <c lem="i" pos="cc" postype="coordinating" wd="i"/>
    </conj>
    <S verbless="yes">
      <participi>
        <v gen="m" lem="abocar" mood="participle" num="p" pos="vmp00pm" postype="main" wd="abocats"/>
      </participi>
      <sp>
        <prep>
          <s lem="a" pos="sps00" postype="preposition" wd="a"/>
        </prep>
        <sn>
          <spec gen="f" num="s">
            <d gen="f" lem="un" num="s" pos="di0fs0" postype="indefinite" wd="una"/>
          </spec>
          <grup.nom gen="f" num="s">
            <n gen="f" lem="bassa" num="s" pos="ncfs000" postype="common" sense="16:cs1" wd="bassa"/>
            <sp>
              <prep>
                <s lem="de" pos="sps00" postype="preposition" wd="de"/>
              </prep>
              <sn>
                <spec gen="f" num="s">
                  <d gen="f" lem="el_seu" num="s" person="3" pos="dp3fs0" postype="possessive" wd="la_seva"/>
                </spec>
                <grup.nom gen="f" num="s">
                  <n gen="f" lem="propietat" num="s" pos="ncfs000" postype="common" sense="16:09528888" wd="propietat"/>
                  <sn entityref="ne" ne="location">
                    <f lem="," pos="fc" punct="comma" wd=","/>
                    <grup.nom>
                      <n lem="can_Canyelles" ne="location" pos="np0000l" postype="proper" sense="16:cs1" wd="can_Canyelles"/>
                    </grup.nom>
                  </sn>
                </grup.nom>
              </sn>
            </sp>
          </grup.nom>
        </sn>
      </sp>
    </S>
    <f lem="." pos="fp" punct="period" wd="."/>
  </sentence>
  <sentence>
    <sn arg="arg0" entityref="ne" func="suj" ne="person" tem="agt">
      <spec gen="m" num="s">
        <d gen="c" lem="el" num="s" pos="da0cs0" postype="article" wd="L'"/>
      </spec>
      <grup.nom gen="m" num="s">
        <n gen="m" lem="administrador" num="s" pos="ncms000" postype="common" sense="16:07063507" wd="administrador"/>
        <sp>
          <prep>
            <s lem="de" pos="sps00" postype="preposition" wd="de"/>
          </prep>
          <sn entityref="ne" ne="organization">
            <grup.nom>
              <f lem="&quot;" pos="fe" punct="quotation" wd="&quot;"/>
              <n lem="Germans_Serra" ne="person" pos="np0000p" postype="proper" sense="16:cs1" wd="Germans_Serra"/>
              <f lem="&quot;" pos="fe" punct="quotation" wd="&quot;"/>
            </grup.nom>
          </sn>
        </sp>
      </grup.nom>
    </sn>
    <grup.verb>
      <v lem="anar" mood="indicative" num="s" person="3" pos="vaip3s0" postype="auxiliary" tense="present" wd="va"/>
      <v lem="ordenar" lss="A32.ditransitive-patient-benefactive" mood="infinitive" pos="vmn0000" postype="main" wd="ordenar"/>
    </grup.verb>
    <inc>
      <f lem="," pos="fc" punct="comma" wd=","/>
      <S>
        <grup.verb>
          <v lem="indicar" lss="A32.ditransitive-patient-benefactive" mood="indicative" num="s" person="3" pos="vmip3s0" postype="main" tense="present" wd="indica"/>
        </grup.verb>
        <sn arg="arg0" func="suj" tem="agt">
          <spec gen="f" num="s">
            <d gen="f" lem="el" num="s" pos="da0fs0" postype="article" wd="la"/>
          </spec>
          <grup.nom gen="f" num="s">
            <n gen="f" lem="sentència" num="s" pos="ncfs000" postype="common" sense="16:04918568" wd="sentència"/>
          </grup.nom>
        </sn>
      </S>
    </inc>
    <sn arg="arg1" complex="yes" func="cd" tem="pat">
      <spec gen="f" num="s">
        <d gen="f" lem="el" num="s" pos="da0fs0" postype="article" wd="la"/>
      </spec>
      <grup.nom coord="yes">
        <grup.nom coord="yes">
          <grup.nom gen="f" num="s">
            <n gen="f" lem="recollida" num="s" pos="ncfs000" postype="common" sense="16:00655874" wd="recollida"/>
          </grup.nom>
          <conj conjunctiontype="coordinating">
            <c lem="i" pos="cc" postype="coordinating" wd="i"/>
          </conj>
          <grup.nom gen="m" num="s">
            <n gen="m" lem="abocament" num="s" pos="ncms000" postype="common" sense="16:cs1" wd="abocament"/>
          </grup.nom>
        </grup.nom>
        <sp adjunct="yes">
          <prep>
            <s lem="de" pos="sps00" postype="preposition" wd="de"/>
          </prep>
          <sn>
            <grup.nom gen="m" num="p">
              <n gen="m" lem="purí" num="p" pos="ncmp000" postype="common" sense="16:cs1" wd="purins"/>
              <sp>
                <prep>
                  <s lem="de" pos="sps00" postype="preposition" wd="de"/>
                </prep>
                <sn>
                  <spec gen="f" num="p">
                    <d gen="f" lem="divers" num="p" pos="di0fp0" postype="indefinite" wd="diverses"/>
                  </spec>
                  <grup.nom gen="f" num="p">
                    <n gen="f" lem="explotació" num="p" pos="ncfp000" postype="common" sense="16:03630808" wd="explotacions"/>
                    <s.a gen="f" num="p">
                      <grup.a gen="f" num="p">
                        <a gen="f" lem="ramader" num="p" pos="aq0fp0" postype="qualificative" wd="ramaderes"/>
                      </grup.a>
                    </s.a>
                    <sp>
                      <prep>
                        <s lem="de" pos="sps00" postype="preposition" wd="d'"/>
                      </prep>
                      <sn entityref="ne" ne="location">
                        <grup.nom>
                          <n lem="Osona" ne="location" pos="np0000l" postype="proper" sense="16:cs1" wd="Osona"/>
                        </grup.nom>
                      </sn>
                    </sp>
                  </grup.nom>
                </sn>
              </sp>
            </grup.nom>
          </sn>
        </sp>
        <sp adjunct="yes">
          <prep>
            <s lem="a" pos="sps00" postype="preposition" wd="a"/>
          </prep>
          <sn entityref="ne" ne="location">
            <spec gen="f" num="s">
              <d gen="f" lem="el" num="s" pos="da0fs0" postype="article" wd="la"/>
            </spec>
            <grup.nom gen="f" num="s">
              <n gen="f" lem="finca" num="s" pos="ncfs000" postype="common" sense="16:09530909" wd="finca"/>
              <sn entityref="ne" ne="location">
                <grup.nom>
                  <n lem="Can_Canyelles" ne="location" pos="np0000l" postype="proper" sense="16:cs1" wd="Can_Canyelles"/>
                </grup.nom>
              </sn>
            </grup.nom>
          </sn>
        </sp>
      </grup.nom>
    </sn>
    <sp func="ao">
      <f lem="," pos="fc" punct="comma" wd=","/>
      <prep>
        <s lem="tot_i" pos="sps00" postype="preposition" wd="tot_i"/>
      </prep>
      <S clausetype="completive" impersonal="yes">
        <neg func="mod">
          <r lem="no" pos="rn" postype="negative" wd="no"/>
        </neg>
        <infinitiu>
          <v lem="disposar" lss="C21.state-attributive" mood="infinitive" pos="vmn0000" postype="main" wd="disposar"/>
        </infinitiu>
        <sp arg="arg2" func="creg" tem="atr">
          <prep>
            <s lem="de" pos="sps00" postype="preposition" wd="de"/>
          </prep>
          <sn>
            <spec gen="f" num="s">
              <d gen="c" lem="el" num="s" pos="da0cs0" postype="article" wd="l'"/>
            </spec>
            <grup.nom gen="f" num="s">
              <n gen="f" lem="autorització" num="s" pos="ncfs000" postype="common" sense="16:05013621" wd="autorització"/>
              <sp>
                <prep>
                  <s contracted="yes" gen="m" lem="del" num="s" pos="spcms" postype="preposition" wd="del"/>
                </prep>
                <sn entityref="ne" ne="organization">
                  <grup.nom gen="m" num="s">
                    <n lem="Consell_Comarcal" ne="organization" pos="np0000o" postype="proper" sense="16:cs1" wd="Consell_Comarcal"/>
                  </grup.nom>
                </sn>
              </sp>
            </grup.nom>
          </sn>
        </sp>
      </S>
    </sp>
    <f lem="." pos="fp" punct="period" wd="."/>
  </sentence>
</article>
