<?xml version="1.0" encoding="UTF-8" standalone="no"?>
<!-- 

  ancora-2.0
       
			Copyright (C) 2007, 2008, 2009, 2010, 2011 UB - CLiC
			Centre de Llenguatge i Computació - Universitat de Barcelona
 
  This file is part of ancora-2.0.
 
  ancora-2.0 is free software and data: you can redistribute it and/or modify
  it under the terms of the GNU General Public License as published
  by the Free Software Foundation, either version 3 of the License,
  or (at your option) any later version.

  ancora-2.0 is distributed in the hope that it will be useful,
  but WITHOUT ANY WARRANTY; without even the implied warranty of
  MERCHANTABILITY or FITNESS FOR A PARTICULAR PURPOSE.  See the
  GNU General Public License for more details.
 
  You should have received a copy of the GNU General Public License
  along with ancora-2.0.  If not, see &lt;http://www.gnu.org/licenses/&gt;.
 
  Check a text in catalan explaining the terms of the license at http://www.softcatala.cat/wiki/GPL3.
  In spanish at http://www.viti.es/gnu/licenses/gpl.html
 

  The following paper must be cited when using this corpus:

 * Taulé, M., M.A. Martí, M. Recasens (2008) 'Ancora: Multilevel Annotated Corpora for Catalan and Spanish',
   Proceedings of 6th International Conference on Language Resources and Evaluation. Marrakesh (Morocco).

  In addition, the following paper must be cited if coreference information (attributes entity, coreftype,
  corefsubtype, homophoricDD or entityref) is used:

 * Recasens, Marta, M. Antònia Martí (2010) ‘AnCora-CO: Coreferentially annotated corpora for Spanish and
   Catalan’. Language Resources and Evaluation, Springer Science.

  Additionally, the following paper must be cited when argumental attributes in "sn" or "grup.nom"
  (attributes func, arg, tem or lexicalid) are used:

 * Peris, Aina, Mariona Taulé, Horacio Rodríguez (2010) ‘Semantic Annotation of Deverbal Nominalizations in the
   Spanish AnCora corpus’. Treebanks and Linguistic Theories (TLT-2010), Estonia.
-->
<article lng="ca">
  <sentence>
    <sn arg="arg0" entityref="ne" func="suj" ne="other" tem="agt">
      <spec gen="f" num="s">
        <d gen="f" lem="el" num="s" pos="da0fs0" postype="article" wd="La"/>
      </spec>
      <grup.nom gen="f" num="s">
        <n lem="VII_Jornada_per_a_l'_Escola_Pública" ne="other" pos="np0000a" postype="proper" sense="16:cs1" wd="VII_Jornada_per_a_l'_Escola_Pública"/>
        <S clausetype="relative">
          <relatiu arg="arg1" func="cd" tem="pat">
            <p gen="c" lem="que" num="c" pos="pr0cn000" postype="relative" wd="que"/>
          </relatiu>
          <grup.verb>
            <v lem="organitzar" lss="A21.transitive-agentive-patient" mood="indicative" num="s" person="3" pos="vmip3s0" postype="main" tense="present" wd="organitza"/>
          </grup.verb>
          <sn arg="arg0" entityref="ne" func="suj" ne="organization" tem="agt">
            <spec gen="m" num="s">
              <d gen="m" lem="el" num="s" pos="da0ms0" postype="article" wd="el"/>
            </spec>
            <grup.nom gen="m" num="s">
              <n lem="Marc_Unitari_de_la_Comunitat_Educativa" ne="organization" pos="np0000o" postype="proper" sense="16:cs1" wd="Marc_Unitari_de_la_Comunitat_Educativa"/>
              <sn entityref="ne" ne="organization">
                <grup.nom gen="m" num="s">
                  <f lem="(" pos="fpa" punct="bracket" punctenclose="open" wd="("/>
                  <n lem="MUCE" ne="organization" pos="np0000o" postype="proper" sense="16:cs1" wd="MUCE"/>
                  <f lem=")" pos="fpt" punct="bracket" punctenclose="close" wd=")"/>
                </grup.nom>
              </sn>
            </grup.nom>
          </sn>
        </S>
      </grup.nom>
    </sn>
    <grup.verb>
      <v lem="esperar" lss="A21.transitive-agentive-patient" mood="indicative" num="s" person="3" pos="vmip3s0" postype="main" tense="present" wd="espera"/>
    </grup.verb>
    <S arg="arg1" clausetype="completive" func="cd" impersonal="yes" tem="pat">
      <infinitiu>
        <v lem="superar" lss="A21.transitive-agentive-patient" mood="infinitive" pos="vmn0000" postype="main" wd="superar"/>
      </infinitiu>
      <sp arg="argM" func="cc" tem="tmp">
        <prep>
          <s lem="durant" pos="sps00" postype="preposition" wd="durant"/>
        </prep>
        <sn>
          <spec gen="m" num="s">
            <d gen="m" lem="aquest" num="s" pos="dd0ms0" postype="demonstrative" wd="aquest"/>
          </spec>
          <grup.nom gen="m" num="s">
            <n gen="m" lem="matí" num="s" pos="ncms000" postype="common" sense="16:10884278" wd="matí"/>
          </grup.nom>
        </sn>
      </sp>
      <sn arg="arg1" func="cd" tem="pat">
        <spec gen="m" num="p">
          <d gen="m" lem="el" num="p" pos="da0mp0" postype="article" wd="els"/>
          <z lem="5000" ne="number" wd="5.000"/>
        </spec>
        <grup.nom gen="m" num="p">
          <n gen="c" lem="participant" num="p" pos="nccp000" postype="common" sense="16:07458879" wd="participants"/>
        </grup.nom>
      </sn>
    </S>
    <f lem="." pos="fp" punct="period" wd="."/>
  </sentence>
  <sentence coord="yes">
    <S>
      <sn arg="arg1" func="suj" tem="tem">
        <spec gen="f" num="s">
          <d gen="f" lem="el" num="s" pos="da0fs0" postype="article" wd="La"/>
        </spec>
        <grup.nom gen="f" num="s">
          <n gen="f" lem="jornada" num="s" pos="ncfs000" postype="common" sense="16:cs1" wd="jornada"/>
        </grup.nom>
      </sn>
      <grup.verb>
        <v lem="portar" lss="C21.state-attributive" mood="indicative" num="s" person="3" pos="vmip3s0" postype="main" tense="present" wd="porta"/>
      </grup.verb>
      <sp arg="argM" func="cpred" predicate="cd" tem="atr">
        <prep>
          <s lem="per" pos="sps00" postype="preposition" wd="per"/>
        </prep>
        <sn>
          <grup.nom gen="m" num="s">
            <n gen="m" lem="nom" num="s" pos="ncms000" postype="common" sense="16:04768298" wd="nom"/>
          </grup.nom>
        </sn>
      </sp>
      <sadv arg="argM" func="cc" tem="tmp">
        <grup.adv>
          <r lem="enguany" pos="rg" wd="enguany"/>
        </grup.adv>
      </sadv>
      <sn arg="arg2" entityref="ne" func="cd" functype="quantitative" ne="other" tem="atr">
        <grup.nom>
          <f lem="'" pos="fz" punct="mathsign" wd="'"/>
          <n lem="Escola_Pública_._Escola_Oberta" ne="other" pos="np0000a" postype="proper" sense="16:cs1" wd="Escola_Pública_._Escola_Oberta"/>
          <f lem="'" pos="fz" punct="mathsign" wd="'"/>
        </grup.nom>
      </sn>
    </S>
    <conj conjunctiontype="coordinating">
      <c lem="i" pos="cc" postype="coordinating" wd="i"/>
    </conj>
    <S>
      <sp func="ao">
        <f lem="," pos="fc" punct="comma" wd=","/>
        <prep>
          <s lem="a_banda_de" pos="sps00" postype="preposition" wd="a_banda_de"/>
        </prep>
        <S clausetype="completive" impersonal="yes">
          <infinitiu>
            <v lem="reivindicar" lss="A21.transitive-agentive-patient" mood="infinitive" pos="vmn0000" postype="main" wd="reivindicar"/>
          </infinitiu>
          <sn arg="arg1" func="cd" tem="pat">
            <spec gen="m" num="s">
              <d gen="c" lem="el" num="s" pos="da0cs0" postype="article" wd="l'"/>
            </spec>
            <grup.nom gen="m" num="s">
              <n gen="m" lem="ensenyament" num="s" pos="ncms000" postype="common" sense="16:00567704" wd="ensenyament"/>
              <s.a gen="m" num="s">
                <grup.a gen="m" num="s">
                  <a gen="m" lem="públic" num="s" pos="aq0ms0" postype="qualificative" wd="públic"/>
                </grup.a>
              </s.a>
              <sp>
                <prep>
                  <s lem="de" pos="sps00" postype="preposition" wd="de"/>
                </prep>
                <sn>
                  <grup.nom gen="f" num="s">
                    <n gen="f" lem="qualitat" num="s" pos="ncfs000" postype="common" sense="16:03717355" wd="qualitat"/>
                  </grup.nom>
                </sn>
              </sp>
            </grup.nom>
          </sn>
        </S>
        <f lem="," pos="fc" punct="comma" wd=","/>
      </sp>
      <sn arg="arg0" func="suj" tem="agt">
        <spec gen="m" num="s">
          <d gen="m" lem="el" num="s" pos="da0ms0" postype="article" wd="el"/>
        </spec>
        <grup.nom gen="m" num="s">
          <n gen="m" lem="manifest" num="s" pos="ncms000" postype="common" sense="16:05043559" wd="manifest"/>
          <S clausetype="relative">
            <relatiu arg="arg1" func="suj" tem="pat">
              <p gen="c" lem="que" num="c" pos="pr0cn000" postype="relative" wd="que"/>
            </relatiu>
            <morfema.verbal func="pass">
              <p gen="c" lem="es" num="c" pos="p0000000" wd="es"/>
            </morfema.verbal>
            <grup.verb>
              <v lem="llegir" lss="B22.unaccusative-passive-transitive" mood="indicative" num="s" person="3" pos="vmif3s0" postype="main" tense="future" wd="llegirà"/>
            </grup.verb>
            <sp arg="argM" func="cc" tem="tmp">
              <prep>
                <s lem="a" pos="sps00" postype="preposition" wd="a"/>
              </prep>
              <sn entityref="ne" ne="date">
                <spec gen="f" num="s">
                  <d gen="f" lem="el" num="s" pos="da0fs0" postype="article" wd="la"/>
                </spec>
                <grup.nom gen="f" num="s">
                  <w lem="[??:??/??/??:13.00]" ne="date" wd="1_del_migdia"/>
                </grup.nom>
              </sn>
            </sp>
          </S>
        </grup.nom>
      </sn>
      <grup.verb>
        <v lem="fer" lss="A34.ditransitive-patient-theme" mood="indicative" num="s" person="3" pos="vmif3s0" postype="main" tense="future" wd="farà"/>
      </grup.verb>
      <sn arg="argL" func="cd">
        <grup.nom gen="m" num="s">
          <s.a gen="m" num="s">
            <grup.a gen="m" num="s">
              <a gen="c" lem="especial" num="s" pos="aq0cs0" postype="qualificative" wd="especial"/>
            </grup.a>
          </s.a>
          <n gen="m" lem="èmfasi" num="s" pos="ncms000" postype="common" sense="16:10356373" wd="èmfasi"/>
        </grup.nom>
      </sn>
      <sp arg="arg2" func="creg" tem="tem">
        <prep>
          <s contracted="yes" gen="m" lem="al" num="s" pos="spcms" postype="preposition" wd="al"/>
        </prep>
        <sn>
          <grup.nom gen="m" num="s">
            <n gen="m" lem="treball" num="s" pos="ncms000" postype="common" sense="16:00377835" wd="treball"/>
            <S clausetype="relative">
              <relatiu arg="arg1" func="suj" tem="pat">
                <p gen="c" lem="que" num="c" pos="pr0cn000" postype="relative" wd="que"/>
              </relatiu>
              <morfema.verbal func="pass">
                <p gen="c" lem="es" num="c" pos="p0000000" wd="es"/>
              </morfema.verbal>
              <grup.verb>
                <v lem="fer" lss="B22.unaccusative-passive-transitive" mood="indicative" num="s" person="3" pos="vmip3s0" postype="main" tense="present" wd="fa"/>
              </grup.verb>
              <sp arg="argM" func="cc" tem="loc">
                <prep>
                  <s lem="a" pos="sps00" postype="preposition" wd="a"/>
                </prep>
                <sn>
                  <spec gen="f" num="p">
                    <d gen="f" lem="el" num="p" pos="da0fp0" postype="article" wd="les"/>
                  </spec>
                  <grup.nom gen="f" num="p">
                    <n gen="f" lem="escola" num="p" pos="ncfp000" postype="common" sense="16:06221291" wd="escoles"/>
                  </grup.nom>
                </sn>
              </sp>
            </S>
            <sp>
              <prep>
                <s lem="a_favor_de" pos="sps00" postype="preposition" wd="a_favor_de"/>
              </prep>
              <sn>
                <spec gen="f" num="s">
                  <d gen="f" lem="el" num="s" pos="da0fs0" postype="article" wd="la"/>
                </spec>
                <grup.nom gen="f" num="s">
                  <n gen="f" lem="pau" num="s" pos="ncfs000" postype="common" sense="16:10065207" wd="pau"/>
                </grup.nom>
              </sn>
            </sp>
          </grup.nom>
        </sn>
      </sp>
    </S>
    <f lem="." pos="fp" punct="period" wd="."/>
  </sentence>
  <sentence>
    <sn arg="arg1" func="suj" tem="tem">
      <grup.nom gen="m" num="s">
        <p gen="m" lem="aquest" num="s" pos="pd0ms000" postype="demonstrative" wd="Aquest"/>
      </grup.nom>
    </sn>
    <grup.verb>
      <v lem="ser" lss="C21.state-attributive" mood="indicative" num="s" person="3" pos="vmip3s0" postype="main" tense="present" wd="és"/>
    </grup.verb>
    <sn arg="arg2" func="atr" tem="atr">
      <spec gen="m" num="s">
        <d gen="m" lem="el" num="s" pos="da0ms0" postype="article" wd="el"/>
      </spec>
      <grup.nom gen="m" num="s">
        <s.a gen="m" num="s">
          <grup.a gen="m" num="s">
            <a gen="m" lem="primer" num="s" pos="ao0ms0" postype="ordinal" wd="primer"/>
          </grup.a>
        </s.a>
        <n gen="m" lem="any" num="s" pos="ncms000" postype="common" sense="16:10917509" wd="any"/>
        <S clausetype="relative">
          <relatiu arg="argM" func="cc" tem="tmp">
            <p gen="c" lem="que" num="c" pos="pr0cn000" postype="relative" wd="que"/>
          </relatiu>
          <sn arg="arg1" func="suj" tem="pat">
            <spec gen="f" num="s">
              <d gen="f" lem="el" num="s" pos="da0fs0" postype="article" wd="la"/>
            </spec>
            <grup.nom gen="f" num="s">
              <n gen="f" lem="jornada" num="s" pos="ncfs000" postype="common" sense="16:cs1" wd="jornada"/>
            </grup.nom>
          </sn>
          <morfema.verbal func="pass">
            <p gen="c" lem="es" num="c" pos="p0000000" wd="es"/>
          </morfema.verbal>
          <grup.verb>
            <v lem="fer" lss="B22.unaccusative-passive-transitive" mood="indicative" num="s" person="3" pos="vmip3s0" postype="main" tense="present" wd="fa"/>
          </grup.verb>
          <sp arg="argM" coord="yes" func="cc" tem="tmp">
            <sp>
              <prep>
                <s contracted="yes" gen="m" lem="al" num="s" pos="spcms" postype="preposition" wd="al"/>
              </prep>
              <sn entityref="ne" ne="date">
                <grup.nom gen="m" num="s">
                  <w lem="[??:??/6/??:??.??]" ne="date" wd="mes_de_juny"/>
                </grup.nom>
              </sn>
            </sp>
            <conj conjunctiontype="coordinating">
              <c lem="i" pos="cc" postype="coordinating" wd="i"/>
            </conj>
            <sp>
              <prep>
                <s lem="a" pos="sps00" postype="preposition" wd="a"/>
              </prep>
              <sn>
                <spec gen="m" num="s">
                  <d gen="c" lem="el" num="s" pos="da0cs0" postype="article" wd="l'"/>
                </spec>
                <grup.nom gen="m" num="s">
                  <n gen="m" lem="aire" num="s" pos="ncms000" postype="common" sense="16:cs3" wd="aire"/>
                  <s.a gen="m" num="s">
                    <grup.a gen="m" num="s">
                      <a gen="c" lem="lliure" num="s" pos="aq0cs0" postype="qualificative" wd="lliure"/>
                    </grup.a>
                  </s.a>
                </grup.nom>
              </sn>
            </sp>
          </sp>
          <sp arg="argM" func="cc" tem="fin">
            <prep>
              <s lem="amb_l'_objectiu_de" pos="sps00" postype="preposition" wd="amb_l'_objectiu_d'"/>
            </prep>
            <S clausetype="completive" impersonal="yes">
              <infinitiu>
                <v lem="incrementar" lss="A11.transitive-causative" mood="infinitive" pos="vmn0000" postype="main" wd="incrementar"/>
              </infinitiu>
              <sn arg="arg1" func="cd" tem="tem">
                <spec gen="f" num="s">
                  <d gen="f" lem="el" num="s" pos="da0fs0" postype="article" wd="la"/>
                </spec>
                <grup.nom gen="f" num="s">
                  <n gen="f" lem="participació" num="s" pos="ncfs000" postype="common" sense="16:00804778" wd="participació"/>
                </grup.nom>
              </sn>
              <sp arg="argM" func="cc" tem="loc">
                <prep>
                  <s contracted="yes" gen="m" lem="al" num="p" pos="spcmp" postype="preposition" wd="als"/>
                </prep>
                <sn>
                  <spec gen="m" num="p">
                    <d gen="m" lem="divers" num="p" pos="di0mp0" postype="indefinite" wd="diversos"/>
                  </spec>
                  <grup.nom gen="m" num="p">
                    <n gen="m" lem="taller" num="p" pos="ncmp000" postype="common" sense="16:cs1" wd="tallers"/>
                    <S clausetype="relative">
                      <relatiu arg="arg1" func="suj" tem="pat">
                        <p gen="c" lem="que" num="c" pos="pr0cn000" postype="relative" wd="que"/>
                      </relatiu>
                      <morfema.verbal func="pass">
                        <p gen="c" lem="es" num="c" pos="p0000000" wd="es"/>
                      </morfema.verbal>
                      <grup.verb>
                        <v lem="fer" lss="B22.unaccusative-passive-transitive" mood="indicative" num="p" person="3" pos="vmif3p0" postype="main" tense="future" wd="faran"/>
                      </grup.verb>
                      <sp arg="argM" func="cc" tem="tmp">
                        <prep>
                          <s lem="durant" pos="sps00" postype="preposition" wd="durant"/>
                        </prep>
                        <sn>
                          <spec gen="m" num="s">
                            <d gen="m" lem="tot" num="s" pos="di0ms0" postype="indefinite" wd="tot"/>
                            <d gen="m" lem="el" num="s" pos="da0ms0" postype="article" wd="el"/>
                          </spec>
                          <grup.nom gen="m" num="s">
                            <n gen="m" lem="matí" num="s" pos="ncms000" postype="common" sense="16:10884278" wd="matí"/>
                          </grup.nom>
                        </sn>
                      </sp>
                    </S>
                  </grup.nom>
                </sn>
              </sp>
            </S>
          </sp>
        </S>
      </grup.nom>
    </sn>
    <f lem="." pos="fp" punct="period" wd="."/>
  </sentence>
  <sentence>
    <sn arg="arg1" coord="yes" func="suj" tem="tem">
      <sn entityref="ne" ne="location">
        <spec gen="f" num="s">
          <d gen="f" lem="el" num="s" pos="da0fs0" postype="article" wd="La"/>
        </spec>
        <grup.nom gen="f" num="s">
          <n gen="f" lem="plaça" num="s" pos="ncfs000" postype="common" sense="16:06351418" wd="plaça"/>
          <sp>
            <prep>
              <s lem="de" pos="sps00" postype="preposition" wd="de"/>
            </prep>
            <sn entityref="ne" ne="other">
              <spec gen="m" num="s">
                <d gen="c" lem="el" num="s" pos="da0cs0" postype="article" wd="l'"/>
              </spec>
              <grup.nom gen="m" num="s">
                <n lem="IEI" ne="other" pos="np0000a" postype="proper" sense="16:cs1" wd="IEI"/>
              </grup.nom>
            </sn>
          </sp>
        </grup.nom>
      </sn>
      <conj conjunctiontype="coordinating">
        <c lem="i" pos="cc" postype="coordinating" wd="i"/>
      </conj>
      <sn entityref="ne" ne="location">
        <spec gen="f" num="s">
          <d gen="c" lem="el" num="s" pos="da0cs0" postype="article" wd="l'"/>
        </spec>
        <grup.nom gen="f" num="s">
          <n gen="f" lem="avinguda" num="s" pos="ncfs000" postype="common" sense="16:02228469" wd="avinguda"/>
          <sp>
            <prep>
              <s lem="de" pos="sps00" postype="preposition" wd="de"/>
            </prep>
            <sn entityref="ne" ne="person">
              <grup.nom>
                <n lem="Blondel" ne="person" pos="np0000p" postype="proper" sense="16:cs1" wd="Blondel"/>
              </grup.nom>
            </sn>
          </sp>
        </grup.nom>
      </sn>
    </sn>
    <grup.verb>
      <v lem="ser" lss="C21.state-attributive" mood="indicative" num="p" person="3" pos="vmip3p0" postype="main" tense="present" wd="són"/>
    </grup.verb>
    <sn arg="arg2" func="atr" tem="atr">
      <spec gen="m" num="p">
        <d gen="m" lem="el" num="p" pos="da0mp0" postype="article" wd="els"/>
      </spec>
      <grup.nom gen="m" num="p">
        <n gen="m" lem="escenari" num="p" pos="ncmp000" postype="common" sense="16:cs1" wd="escenaris"/>
        <sp>
          <prep>
            <s contracted="yes" gen="m" lem="del" num="p" pos="spcmp" postype="preposition" wd="dels"/>
          </prep>
          <sn>
            <spec gen="m" num="p">
              <d gen="c" lem="diferent" num="p" pos="di0cp0" postype="indefinite" wd="diferents"/>
            </spec>
            <grup.nom gen="m" num="p">
              <n gen="m" lem="acte" num="p" pos="ncmp000" postype="common" sense="16:00017487" wd="actes"/>
              <S clausetype="relative">
                <f lem="," pos="fc" punct="comma" wd=","/>
                <relatiu arg="arg1" func="suj" tem="pat">
                  <p gen="c" lem="que" num="c" pos="pr0cn000" postype="relative" wd="que"/>
                </relatiu>
                <morfema.verbal func="pass">
                  <p gen="c" lem="es" num="c" pos="p0000000" wd="es"/>
                </morfema.verbal>
                <grup.verb>
                  <v lem="fer" lss="B22.unaccusative-passive-transitive" mood="indicative" num="p" person="3" pos="vmif3p0" postype="main" tense="future" wd="faran"/>
                </grup.verb>
                <sp arg="argM" func="cc" tem="tmp">
                  <prep>
                    <s lem="des_de" pos="sps00" postype="preposition" wd="des_de"/>
                  </prep>
                  <sn entityref="ne" ne="date">
                    <spec gen="f" num="p">
                      <d gen="f" lem="el" num="p" pos="da0fp0" postype="article" wd="les"/>
                    </spec>
                    <grup.nom gen="f" num="p">
                      <w lem="[??:11/??/??:??.??]" ne="date" wd="11"/>
                    </grup.nom>
                  </sn>
                </sp>
                <sp arg="argM" func="cc" tem="tmp">
                  <prep>
                    <s lem="fins" pos="sps00" postype="preposition" wd="fins"/>
                  </prep>
                  <sp>
                    <prep>
                      <s lem="a" pos="sps00" postype="preposition" wd="a"/>
                    </prep>
                    <sn entityref="ne" ne="date">
                      <spec gen="f" num="p">
                        <d gen="f" lem="el" num="p" pos="da0fp0" postype="article" wd="les"/>
                      </spec>
                      <grup.nom gen="f" num="p">
                        <w lem="[??:??/??/??:14.00]" ne="date" wd="14_hores"/>
                      </grup.nom>
                    </sn>
                  </sp>
                </sp>
              </S>
            </grup.nom>
          </sn>
        </sp>
      </grup.nom>
    </sn>
    <f lem="." pos="fp" punct="period" wd="."/>
  </sentence>
  <sentence>
    <sadv func="et">
      <grup.adv>
        <r lem="de_fet" pos="rg" wd="De_fet"/>
      </grup.adv>
      <f lem="," pos="fc" punct="comma" wd=","/>
    </sadv>
    <sn arg="arg0" func="suj" tem="agt">
      <spec gen="m" num="p">
        <d gen="m" lem="el" num="p" pos="da0mp0" postype="article" wd="els"/>
      </spec>
      <grup.nom gen="m" num="p">
        <n gen="m" lem="organitzador" num="p" pos="ncmp000" postype="common" sense="16:07448030" wd="organitzadors"/>
      </grup.nom>
    </sn>
    <grup.verb>
      <v lem="esperar" lss="A21.transitive-agentive-patient" mood="indicative" num="p" person="3" pos="vmip3p0" postype="main" tense="present" wd="esperen"/>
    </grup.verb>
    <S arg="arg1" clausetype="completive" func="cd" impersonal="yes" tem="pat">
      <infinitiu>
        <v lem="superar" lss="A21.transitive-agentive-patient" mood="infinitive" pos="vmn0000" postype="main" wd="superar"/>
      </infinitiu>
      <sn arg="arg1" func="cd" tem="pat">
        <spec gen="m" num="p">
          <d gen="m" lem="el" num="p" pos="da0mp0" postype="article" wd="els"/>
          <z lem="5000" ne="number" wd="5.000"/>
        </spec>
        <grup.nom gen="m" num="p">
          <n gen="c" lem="participant" num="p" pos="nccp000" postype="common" sense="16:07458879" wd="participants"/>
          <sp>
            <prep>
              <s lem="de" pos="sps00" postype="preposition" wd="d'"/>
            </prep>
            <sn>
              <grup.nom gen="f" num="p">
                <n gen="f" lem="edició" num="p" pos="ncfp000" postype="common" sense="16:00328496" wd="edicions"/>
                <s.a gen="f" num="p">
                  <grup.a gen="f" num="p">
                    <a gen="c" lem="anterior" num="p" pos="aq0cp0" postype="qualificative" wd="anteriors"/>
                  </grup.a>
                </s.a>
              </grup.nom>
            </sn>
          </sp>
        </grup.nom>
      </sn>
    </S>
    <f lem="." pos="fp" punct="period" wd="."/>
  </sentence>
  <sentence>
    <sn arg="arg1" entityref="ne" func="suj" ne="location" tem="tem">
      <grup.nom>
        <n lem="Lleida" ne="location" pos="np0000l" postype="proper" sense="16:50004693" wd="Lleida"/>
      </grup.nom>
    </sn>
    <grup.verb>
      <v lem="ser" lss="C21.state-attributive" mood="indicative" num="s" person="3" pos="vmip3s0" postype="main" tense="present" wd="és"/>
    </grup.verb>
    <sn arg="arg2" func="atr" tem="atr">
      <spec gen="f" num="s">
        <d gen="c" lem="el" num="s" pos="da0cs0" postype="article" wd="l'"/>
      </spec>
      <grup.nom gen="f" num="s">
        <s.a gen="f" num="s">
          <grup.a gen="f" num="s">
            <a gen="f" lem="únic" num="s" pos="aq0fs0" postype="qualificative" wd="única"/>
          </grup.a>
        </s.a>
        <n gen="f" lem="capital" num="s" pos="ncfs000" postype="common" sense="16:cs1" wd="capital"/>
        <s.a gen="f" num="s">
          <grup.a gen="f" num="s">
            <a gen="f" lem="català" num="s" pos="aq0fs0" postype="qualificative" wd="catalana"/>
          </grup.a>
        </s.a>
        <S clausetype="relative">
          <relatiu arg="arg0" func="suj" tem="agt">
            <p gen="c" lem="que" num="c" pos="pr0cn000" postype="relative" wd="que"/>
          </relatiu>
          <grup.verb>
            <v lem="celebrar" lss="A21.transitive-agentive-patient" mood="indicative" num="s" person="3" pos="vmip3s0" postype="main" tense="present" wd="celebra"/>
          </grup.verb>
          <sadv arg="argM" func="cc" tem="tmp">
            <grup.adv>
              <r lem="avui" pos="rg" wd="avui"/>
            </grup.adv>
          </sadv>
          <sn arg="arg1" entityref="ne" func="cd" ne="other" tem="pat">
            <spec gen="f" num="s">
              <d gen="f" lem="el" num="s" pos="da0fs0" postype="article" wd="la"/>
            </spec>
            <grup.nom gen="f" num="s">
              <n lem="Jornada_per_a_l'_Escola_Pública" ne="other" pos="np0000a" postype="proper" sense="16:cs1" wd="Jornada_per_a_l'_Escola_Pública"/>
            </grup.nom>
          </sn>
        </S>
      </grup.nom>
    </sn>
    <S arg="argM" clausetype="adverbial" func="cc" tem="cau">
      <conj conjunctiontype="subordinating">
        <c lem="ja_que" pos="cs" postype="subordinating" wd="ja_que"/>
      </conj>
      <sp arg="argM" func="cc" tem="loc">
        <prep>
          <s lem="a" pos="sps00" postype="preposition" wd="a"/>
        </prep>
        <sn>
          <spec gen="f" num="s">
            <d gen="f" lem="el" num="s" pos="da0fs0" postype="article" wd="la"/>
          </spec>
          <grup.nom gen="f" num="s">
            <n gen="f" lem="resta" num="s" pos="ncfs000" postype="common" sense="16:09947291" wd="resta"/>
          </grup.nom>
        </sn>
      </sp>
      <sn arg="arg0" elliptic="yes" func="suj" tem="agt"/>
      <grup.verb>
        <v lem="haver" mood="indicative" num="p" person="3" pos="vaip3p0" postype="auxiliary" tense="present" wd="han"/>
        <v gen="m" lem="mantenir" lss="A21.transitive-agentive-patient" mood="participle" num="s" pos="vmp00sm" postype="main" wd="mantingut"/>
      </grup.verb>
      <sn arg="arg1" func="cd" tem="pat">
        <spec gen="f" num="s">
          <d gen="f" lem="el" num="s" pos="da0fs0" postype="article" wd="la"/>
        </spec>
        <grup.nom gen="f" num="s">
          <n gen="f" lem="data" num="s" pos="ncfs000" postype="common" sense="16:10880047" wd="data"/>
          <s.a gen="f" num="s">
            <grup.a gen="f" num="s">
              <a gen="c" lem="habitual" num="s" pos="aq0cs0" postype="qualificative" wd="habitual"/>
            </grup.a>
          </s.a>
          <sp>
            <prep>
              <s lem="de" pos="sps00" postype="preposition" wd="de"/>
            </prep>
            <sn entityref="ne" ne="date">
              <grup.nom gen="m" num="p">
                <n gen="m" lem="principi" num="p" pos="ncmp000" postype="common" sense="16:10965545" wd="principis"/>
                <sp>
                  <prep>
                    <s lem="de" pos="sps00" postype="preposition" wd="de"/>
                  </prep>
                  <sn entityref="ne" ne="date">
                    <grup.nom gen="m" num="s">
                      <w lem="[??:??/03/??:??.??]" ne="date" wd="març"/>
                    </grup.nom>
                  </sn>
                </sp>
              </grup.nom>
            </sn>
          </sp>
        </grup.nom>
      </sn>
    </S>
    <f lem="." pos="fp" punct="period" wd="."/>
  </sentence>
  <sentence>
    <sp func="ao">
      <prep>
        <s contracted="yes" gen="m" lem="pel_que_fa_al" num="p" pos="spcmp" postype="preposition" wd="Pel_que_fa_als"/>
      </prep>
      <sn>
        <grup.nom gen="m" num="p">
          <n gen="m" lem="acte" num="p" pos="ncmp000" postype="common" sense="16:00017487" wd="actes"/>
        </grup.nom>
      </sn>
      <f lem="," pos="fc" punct="comma" wd=","/>
    </sp>
    <sn arg="arg0" entityref="ne" func="suj" ne="organization" tem="agt">
      <spec gen="m" num="s">
        <d gen="m" lem="el" num="s" pos="da0ms0" postype="article" wd="el"/>
      </spec>
      <grup.nom gen="m" num="s">
        <n lem="MUCE" ne="organization" pos="np0000o" postype="proper" sense="16:cs1" wd="MUCE"/>
      </grup.nom>
    </sn>
    <grup.verb>
      <v lem="haver" mood="indicative" num="s" person="3" pos="vaip3s0" postype="auxiliary" tense="present" wd="ha"/>
      <v gen="m" lem="organitzar" lss="A21.transitive-agentive-patient" mood="participle" num="s" pos="vmp00sm" postype="main" wd="organitzat"/>
    </grup.verb>
    <sn arg="arg1" func="cd" tem="pat">
      <grup.nom gen="m" num="p">
        <n gen="m" lem="taller" num="p" pos="ncmp000" postype="common" sense="16:cs1" wd="tallers"/>
        <s.a gen="m" num="p">
          <grup.a gen="m" num="p">
            <a gen="m" lem="divers" num="p" pos="aq0mp0" postype="qualificative" wd="diversos"/>
          </grup.a>
        </s.a>
        <sp coord="yes">
          <sp>
            <prep>
              <s lem="de" pos="sps00" postype="preposition" wd="de"/>
            </prep>
            <sn>
              <grup.nom gen="f" num="s">
                <n gen="f" lem="plàstica" num="s" pos="ncfs000" postype="common" sense="16:03139323" wd="plàstica"/>
              </grup.nom>
            </sn>
          </sp>
          <f lem="," pos="fc" punct="comma" wd=","/>
          <sp>
            <prep>
              <s lem="de" pos="sps00" postype="preposition" wd="de"/>
            </prep>
            <sn>
              <grup.nom gen="f" num="s">
                <n gen="f" lem="construcció" num="s" pos="ncfs000" postype="common" sense="16:00585093" wd="construcció"/>
                <sp>
                  <prep>
                    <s lem="de" pos="sps00" postype="preposition" wd="d'"/>
                  </prep>
                  <sn>
                    <grup.nom gen="m" num="p">
                      <n gen="m" lem="objecte" num="p" pos="ncmp000" postype="common" sense="16:00009457" wd="objectes"/>
                    </grup.nom>
                  </sn>
                </sp>
                <sp>
                  <prep>
                    <s lem="a_partir_de" pos="sps00" postype="preposition" wd="a_partir_de"/>
                  </prep>
                  <sn>
                    <grup.nom gen="m" num="s">
                      <n gen="m" lem="material" num="s" pos="ncms000" postype="common" sense="16:02973327" wd="material"/>
                      <S clausetype="participle" impersonal="yes">
                        <participi>
                          <a gen="m" lem="reciclat" num="s" pos="aq0msp" posfunction="participle" postype="qualificative" wd="reciclat"/>
                        </participi>
                      </S>
                    </grup.nom>
                  </sn>
                </sp>
              </grup.nom>
            </sn>
          </sp>
          <f lem="," pos="fc" punct="comma" wd=","/>
          <sp>
            <prep>
              <s lem="de" pos="sps00" postype="preposition" wd="d'"/>
            </prep>
            <sn>
              <grup.nom gen="m" num="p">
                <n gen="m" lem="escacs" num="p" pos="ncmp000" postype="common" sense="16:00323207" wd="escacs"/>
              </grup.nom>
            </sn>
          </sp>
          <f lem="," pos="fc" punct="comma" wd=","/>
          <sp>
            <prep>
              <s lem="de" pos="sps00" postype="preposition" wd="d'"/>
            </prep>
            <sn>
              <grup.nom gen="f" num="p">
                <n gen="f" lem="endevinalla" num="p" pos="ncfp000" postype="common" sense="16:05081767" wd="endevinalles"/>
              </grup.nom>
            </sn>
          </sp>
          <f lem="," pos="fc" punct="comma" wd=","/>
          <sp>
            <prep>
              <s lem="de" pos="sps00" postype="preposition" wd="de"/>
            </prep>
            <sn>
              <grup.nom gen="m" num="s">
                <n gen="m" lem="maquillatge" num="s" pos="ncms000" postype="common" sense="16:02961095" wd="maquillatge"/>
              </grup.nom>
            </sn>
          </sp>
          <f lem="," pos="fc" punct="comma" wd=","/>
          <sp>
            <prep>
              <s lem="de" pos="sps00" postype="preposition" wd="de"/>
            </prep>
            <sn>
              <grup.nom gen="f" num="s">
                <n gen="f" lem="construcció" num="s" pos="ncfs000" postype="common" sense="16:00585093" wd="construcció"/>
                <sp coord="yes">
                  <sp>
                    <prep>
                      <s lem="de" pos="sps00" postype="preposition" wd="d'"/>
                    </prep>
                    <sn>
                      <grup.nom gen="m" num="p">
                        <n gen="m" lem="estel" num="p" pos="ncmp000" postype="common" sense="16:02891767" wd="estels"/>
                      </grup.nom>
                    </sn>
                  </sp>
                  <conj conjunctiontype="coordinating">
                    <c lem="i" pos="cc" postype="coordinating" wd="i"/>
                  </conj>
                  <sp>
                    <prep>
                      <s lem="de" pos="sps00" postype="preposition" wd="de"/>
                    </prep>
                    <sn>
                      <grup.nom gen="m" num="p">
                        <n gen="m" lem="titella" num="p" pos="ncmp000" postype="common" sense="16:03189020" wd="titelles"/>
                      </grup.nom>
                    </sn>
                  </sp>
                </sp>
              </grup.nom>
            </sn>
          </sp>
          <f lem="," pos="fc" punct="comma" wd=","/>
          <sp>
            <prep>
              <s lem="de" pos="sps00" postype="preposition" wd="de"/>
            </prep>
            <sn coord="yes">
              <sn>
                <grup.nom gen="f" num="p">
                  <n gen="f" lem="dansa" num="p" pos="ncfp000" postype="common" sense="16:00337330" wd="danses"/>
                  <s.a gen="f" num="p">
                    <grup.a gen="f" num="p">
                      <a gen="c" lem="popular" num="p" pos="aq0cp0" postype="qualificative" wd="populars"/>
                    </grup.a>
                  </s.a>
                </grup.nom>
              </sn>
              <conj conjunctiontype="coordinating">
                <c lem="o" pos="cc" postype="coordinating" wd="o"/>
              </conj>
              <sn>
                <grup.nom gen="m" num="p">
                  <n gen="m" lem="joc" num="p" pos="ncmp000" postype="common" sense="16:cs1" wd="jocs"/>
                  <sp>
                    <prep>
                      <s lem="de" pos="sps00" postype="preposition" wd="d'"/>
                    </prep>
                    <sn>
                      <grup.nom gen="f" num="s">
                        <n gen="f" lem="aigua" num="s" pos="ncfs000" postype="common" sense="16:10650211" wd="aigua"/>
                      </grup.nom>
                    </sn>
                  </sp>
                </grup.nom>
              </sn>
            </sn>
          </sp>
        </sp>
      </grup.nom>
    </sn>
    <f lem="." pos="fp" punct="period" wd="."/>
  </sentence>
  <sentence>
    <sn arg="arg0" entityref="ne" func="suj" ne="organization" tem="agt">
      <spec gen="m" num="s">
        <d gen="m" lem="el" num="s" pos="da0ms0" postype="article" wd="El"/>
      </spec>
      <grup.nom gen="m" num="s">
        <n gen="m" lem="grup" num="s" pos="ncms000" postype="common" sense="16:06086825" wd="grup"/>
        <sn entityref="ne" ne="organization">
          <grup.nom>
            <n lem="Xip-xap" ne="organization" pos="np0000o" postype="proper" sense="16:cs1" wd="Xip-xap"/>
          </grup.nom>
        </sn>
      </grup.nom>
    </sn>
    <grup.verb>
      <v lem="amenitzar" lss="A21.transitive-agentive-patient" mood="indicative" num="s" person="3" pos="vmif3s0" postype="main" tense="future" wd="amenitzarà"/>
    </grup.verb>
    <sn arg="arg1" func="cd" tem="pat">
      <spec gen="m" num="s">
        <d gen="m" lem="el" num="s" pos="da0ms0" postype="article" wd="el"/>
      </spec>
      <grup.nom gen="m" num="s">
        <n gen="m" lem="final" num="s" pos="ncms000" postype="common" sense="16:04515461" wd="final"/>
        <sp>
          <prep>
            <s lem="de" pos="sps00" postype="preposition" wd="de"/>
          </prep>
          <sn>
            <spec gen="f" num="s">
              <d gen="f" lem="el" num="s" pos="da0fs0" postype="article" wd="la"/>
            </spec>
            <grup.nom gen="f" num="s">
              <n gen="f" lem="jornada" num="s" pos="ncfs000" postype="common" sense="16:cs1" wd="jornada"/>
            </grup.nom>
          </sn>
        </sp>
      </grup.nom>
    </sn>
    <f lem="." pos="fp" punct="period" wd="."/>
  </sentence>
  <sentence>
    <sn arg="arg1" entityref="ne" func="suj" ne="organization" tem="tem">
      <spec gen="m" num="s">
        <d gen="m" lem="el" num="s" pos="da0ms0" postype="article" wd="El"/>
      </spec>
      <grup.nom gen="m" num="s">
        <n lem="Marc_Unitari_de_la_Comunitat_Educativa" ne="organization" pos="np0000o" postype="proper" sense="16:cs1" wd="Marc_Unitari_de_la_Comunitat_Educativa"/>
      </grup.nom>
    </sn>
    <grup.verb>
      <v lem="estar" lss="C21.state-attributive" mood="indicative" num="s" person="3" pos="vmip3s0" postype="main" tense="present" wd="està"/>
    </grup.verb>
    <S arg="arg2" clausetype="participle" func="atr" impersonal="yes" tem="atr">
      <participi>
        <a gen="m" lem="format" lss="B22.unaccusative-passive-transitive" num="s" pos="aq0msp" posfunction="participle" postype="qualificative" wd="format"/>
      </participi>
      <sp arg="arg0" coord="yes" func="cag" tem="agt">
        <sp>
          <prep>
            <s contracted="yes" gen="m" lem="pel" num="p" pos="spcmp" postype="preposition" wd="pels"/>
          </prep>
          <sn>
            <grup.nom gen="m" num="p">
              <n gen="m" lem="sindicat" num="p" pos="ncmp000" postype="common" sense="16:06112041" wd="sindicats"/>
              <sn complex="yes">
                <grup.nom coord="yes">
                  <grup.nom>
                    <n lem="UGT" ne="organization" pos="np0000o" postype="proper" sense="16:cs1" wd="UGT"/>
                  </grup.nom>
                  <f lem="," pos="fc" punct="comma" wd=","/>
                  <grup.nom>
                    <n lem="CCOO" ne="organization" pos="np0000o" postype="proper" sense="16:cs1" wd="CCOO"/>
                  </grup.nom>
                  <f lem="," pos="fc" punct="comma" wd=","/>
                  <grup.nom>
                    <n lem="USTEC-STEs" ne="organization" pos="np0000o" postype="proper" sense="16:cs1" wd="USTEC-STEs"/>
                  </grup.nom>
                  <f lem="," pos="fc" punct="comma" wd=","/>
                  <grup.nom>
                    <n lem="ANPE" ne="organization" pos="np0000o" postype="proper" sense="16:cs1" wd="ANPE"/>
                  </grup.nom>
                </grup.nom>
              </sn>
            </grup.nom>
          </sn>
        </sp>
        <f lem="," pos="fc" punct="comma" wd=","/>
        <sp>
          <prep>
            <s contracted="yes" gen="m" lem="pel" num="s" pos="spcms" postype="preposition" wd="pel"/>
          </prep>
          <sn coord="yes">
            <sn entityref="ne" ne="organization">
              <grup.nom gen="m" num="s">
                <n lem="Grup_de_Mestres_de_Lleida" ne="organization" pos="np0000o" postype="proper" sense="16:cs1" wd="Grup_de_Mestres_de_Lleida"/>
              </grup.nom>
            </sn>
            <f lem="," pos="fc" punct="comma" wd=","/>
            <sn entityref="ne" ne="organization">
              <spec gen="f" num="s">
                <d gen="f" lem="el" num="s" pos="da0fs0" postype="article" wd="la"/>
              </spec>
              <grup.nom gen="f" num="s">
                <n lem="Federació_d'_Associacions_de_Pares_de_Catalunya" ne="organization" pos="np0000o" postype="proper" sense="16:cs1" wd="Federació_d'_Associacions_de_Pares_de_Catalunya"/>
                <sn entityref="ne" ne="organization">
                  <grup.nom gen="f" num="s">
                    <f lem="(" pos="fpa" punct="bracket" punctenclose="open" wd="("/>
                    <n lem="Fapac" ne="organization" pos="np0000o" postype="proper" sense="16:cs1" wd="Fapac"/>
                    <f lem=")" pos="fpt" punct="bracket" punctenclose="close" wd=")"/>
                  </grup.nom>
                </sn>
                <sp>
                  <prep>
                    <s lem="a" pos="sps00" postype="preposition" wd="a"/>
                  </prep>
                  <sn entityref="ne" ne="location">
                    <grup.nom>
                      <n lem="Lleida" ne="location" pos="np0000l" postype="proper" sense="16:50004693" wd="Lleida"/>
                    </grup.nom>
                  </sn>
                </sp>
              </grup.nom>
            </sn>
            <conj conjunctiontype="coordinating">
              <c lem="i" pos="cc" postype="coordinating" wd="i"/>
            </conj>
            <sn entityref="ne" ne="organization">
              <spec gen="f" num="s">
                <d gen="c" lem="el" num="s" pos="da0cs0" postype="article" wd="l'"/>
              </spec>
              <grup.nom gen="f" num="s">
                <n lem="Associació_de_Joves_Estudiants_de_Catalunya" ne="organization" pos="np0000o" postype="proper" sense="16:cs1" wd="Associació_de_Joves_Estudiants_de_Catalunya"/>
              </grup.nom>
            </sn>
          </sn>
        </sp>
      </sp>
    </S>
    <f lem="." pos="fp" punct="period" wd="."/>
  </sentence>
  <sentence>
    <sn arg="arg1" func="suj" tem="tem">
      <spec gen="m" num="s">
        <d gen="m" lem="el" num="s" pos="da0ms0" postype="article" wd="El"/>
      </spec>
      <grup.nom gen="m" num="s">
        <n gen="m" lem="manifest" num="s" pos="ncms000" postype="common" sense="16:05043559" wd="manifest"/>
        <S clausetype="relative">
          <relatiu arg="arg0" func="suj" tem="agt">
            <p gen="c" lem="que" num="c" pos="pr0cn000" postype="relative" wd="que"/>
          </relatiu>
          <grup.verb>
            <v lem="posar" lss="A34.ditransitive-patient-theme" mood="indicative" num="s" person="3" pos="vmif3s0" postype="main" tense="future" wd="posarà"/>
          </grup.verb>
          <sn arg="arg1" func="cd" tem="pat">
            <spec gen="m" num="s">
              <d gen="c" lem="el" num="s" pos="da0cs0" postype="article" wd="l'"/>
            </spec>
            <grup.nom gen="m" num="s">
              <n gen="m" lem="accent" num="s" pos="ncms000" postype="common" sense="16:10356373" wd="accent"/>
              <s.a gen="m" num="s">
                <spec>
                  <r lem="més" pos="rg" wd="més"/>
                </spec>
                <grup.a gen="m" num="s">
                  <a gen="m" lem="reivindicatiu" num="s" pos="aq0ms0" postype="qualificative" wd="reivindicatiu"/>
                </grup.a>
              </s.a>
            </grup.nom>
          </sn>
          <sp arg="arg2" func="creg" tem="tem">
            <prep>
              <s lem="a" pos="sps00" postype="preposition" wd="a"/>
            </prep>
            <sn>
              <spec gen="f" num="s">
                <d gen="f" lem="el" num="s" pos="da0fs0" postype="article" wd="la"/>
              </spec>
              <grup.nom gen="f" num="s">
                <n gen="f" lem="jornada" num="s" pos="ncfs000" postype="common" sense="16:cs1" wd="jornada"/>
              </grup.nom>
            </sn>
          </sp>
        </S>
      </grup.nom>
    </sn>
    <sp func="ao">
      <f lem="," pos="fc" punct="comma" wd=","/>
      <prep>
        <s lem="a_part_de" pos="sps00" postype="preposition" wd="a_part_de"/>
      </prep>
      <S clausetype="completive" impersonal="yes">
        <infinitiu>
          <v lem="defensar" lss="A21.transitive-agentive-patient" mood="infinitive" pos="vmn0000" postype="main" wd="defensar"/>
        </infinitiu>
        <sn arg="arg1" func="cd" tem="pat">
          <spec gen="f" num="s">
            <d gen="c" lem="el" num="s" pos="da0cs0" postype="article" wd="l'"/>
          </spec>
          <grup.nom gen="f" num="s">
            <n gen="f" lem="escola" num="s" pos="ncfs000" postype="common" sense="16:06221291" wd="escola"/>
            <s.a gen="f" num="s">
              <grup.a gen="f" num="s">
                <a gen="f" lem="públic" num="s" pos="aq0fs0" postype="qualificative" wd="pública"/>
              </grup.a>
            </s.a>
          </grup.nom>
        </sn>
        <sp arg="arg2" func="cpred" predicate="cd" tem="atr">
          <prep>
            <s lem="com_a" pos="sps00" postype="preposition" wd="com_a"/>
          </prep>
          <sn>
            <grup.nom gen="m" num="s">
              <n gen="m" lem="servei" num="s" pos="ncms000" postype="common" sense="16:06084772" wd="servei"/>
              <S clausetype="participle" coord="yes" impersonal="yes">
                <S clausetype="participle" impersonal="yes">
                  <participi>
                    <a gen="m" lem="obert" num="s" pos="aq0msp" posfunction="participle" postype="qualificative" wd="obert"/>
                  </participi>
                </S>
                <conj conjunctiontype="coordinating">
                  <c lem="i" pos="cc" postype="coordinating" wd="i"/>
                </conj>
                <sp>
                  <prep>
                    <s lem="de" pos="sps00" postype="preposition" wd="de"/>
                  </prep>
                  <sn>
                    <grup.nom gen="f" num="s">
                      <n gen="f" lem="qualitat" num="s" pos="ncfs000" postype="common" sense="16:03717355" wd="qualitat"/>
                    </grup.nom>
                  </sn>
                </sp>
              </S>
            </grup.nom>
          </sn>
        </sp>
      </S>
      <f lem="," pos="fc" punct="comma" wd=","/>
    </sp>
    <morfema.pronominal>
      <p gen="c" lem="ell" num="c" person="3" pos="p0300000" wd="es"/>
    </morfema.pronominal>
    <grup.verb>
      <v lem="centrar" lss="C11.state-existential" mood="indicative" num="s" person="3" pos="vmif3s0" postype="main" tense="future" wd="centrarà"/>
    </grup.verb>
    <sn arg="argM" entityref="ne" func="cc" ne="date" tem="tmp">
      <spec gen="m" num="s">
        <d gen="m" lem="aquest" num="s" pos="dd0ms0" postype="demonstrative" wd="aquest"/>
      </spec>
      <grup.nom gen="m" num="s">
        <w lem="[diumenge:??/??/??:??.??]" ne="date" wd="diumenge"/>
      </grup.nom>
    </sn>
    <sp arg="arg2" func="creg" tem="loc">
      <prep>
        <s lem="en" pos="sps00" postype="preposition" wd="en"/>
      </prep>
      <sn>
        <spec gen="m" num="s">
          <d gen="m" lem="el" num="s" pos="da0ms0" postype="article" wd="el"/>
        </spec>
        <grup.nom gen="m" num="s">
          <n gen="m" lem="treball" num="s" pos="ncms000" postype="common" sense="16:00377835" wd="treball"/>
          <S clausetype="relative">
            <relatiu arg="arg1" func="suj" tem="pat">
              <p gen="c" lem="que" num="c" pos="pr0cn000" postype="relative" wd="que"/>
            </relatiu>
            <morfema.verbal func="pass">
              <p gen="c" lem="es" num="c" pos="p0000000" wd="s'"/>
            </morfema.verbal>
            <grup.verb>
              <v lem="haver" mood="indicative" num="s" person="3" pos="vaip3s0" postype="auxiliary" tense="present" wd="ha"/>
              <v gen="m" lem="fer" lss="B22.unaccusative-passive-transitive" mood="participle" num="s" pos="vmp00sm" postype="main" wd="fet"/>
            </grup.verb>
            <sp arg="argM" func="cc" tem="loc">
              <prep>
                <s lem="des_de" pos="sps00" postype="preposition" wd="des_de"/>
              </prep>
              <sn>
                <spec gen="f" num="p">
                  <d gen="f" lem="el" num="p" pos="da0fp0" postype="article" wd="les"/>
                </spec>
                <grup.nom gen="f" num="p">
                  <n gen="f" lem="escola" num="p" pos="ncfp000" postype="common" sense="16:06221291" wd="escoles"/>
                </grup.nom>
              </sn>
            </sp>
          </S>
          <sadv complex="yes">
            <grup.adv coord="yes">
              <grup.adv>
                <r lem="a_favor" pos="rg" wd="a_favor"/>
                <sp>
                  <prep>
                    <s lem="de" pos="sps00" postype="preposition" wd="de"/>
                  </prep>
                  <sn>
                    <spec gen="f" num="s">
                      <d gen="f" lem="el" num="s" pos="da0fs0" postype="article" wd="la"/>
                    </spec>
                    <grup.nom gen="f" num="s">
                      <n gen="f" lem="pau" num="s" pos="ncfs000" postype="common" sense="16:10065207" wd="pau"/>
                    </grup.nom>
                  </sn>
                </sp>
              </grup.adv>
              <conj conjunctiontype="coordinating">
                <c lem="i" pos="cc" postype="coordinating" wd="i"/>
              </conj>
              <grup.adv>
                <r lem="en_contra" pos="rg" wd="en_contra"/>
                <sp>
                  <prep>
                    <s lem="de" pos="sps00" postype="preposition" wd="de"/>
                  </prep>
                  <sn>
                    <spec gen="f" num="s">
                      <d gen="f" lem="el" num="s" pos="da0fs0" postype="article" wd="la"/>
                    </spec>
                    <grup.nom gen="f" num="s">
                      <n gen="f" lem="violència" num="s" pos="ncfs000" postype="common" sense="16:10070833" wd="violència"/>
                    </grup.nom>
                  </sn>
                </sp>
              </grup.adv>
            </grup.adv>
          </sadv>
        </grup.nom>
      </sn>
    </sp>
    <f lem="." pos="fp" punct="period" wd="."/>
  </sentence>
</article>
