<?xml version="1.0" encoding="UTF-8"?>
<!-- 

  ancora-2.0
       
			Copyright (C) 2007, 2008, 2009, 2010, 2011 UB - CLiC
			Centre de Llenguatge i Computació - Universitat de Barcelona
 
  This file is part of ancora-2.0.
 
  ancora-2.0 is free software and data: you can redistribute it and/or modify
  it under the terms of the GNU General Public License as published
  by the Free Software Foundation, either version 3 of the License,
  or (at your option) any later version.

  ancora-2.0 is distributed in the hope that it will be useful,
  but WITHOUT ANY WARRANTY; without even the implied warranty of
  MERCHANTABILITY or FITNESS FOR A PARTICULAR PURPOSE.  See the
  GNU General Public License for more details.
 
  You should have received a copy of the GNU General Public License
  along with ancora-2.0.  If not, see &lt;http://www.gnu.org/licenses/&gt;.
 
  Check a text in catalan explaining the terms of the license at http://www.softcatala.cat/wiki/GPL3.
  In spanish at http://www.viti.es/gnu/licenses/gpl.html
 

  The following paper must be cited when using this corpus:

 * Taulé, M., M.A. Martí, M. Recasens (2008) 'Ancora: Multilevel Annotated Corpora for Catalan and Spanish',
   Proceedings of 6th International Conference on Language Resources and Evaluation. Marrakesh (Morocco).

  In addition, the following paper must be cited if coreference information (attributes entity, coreftype,
  corefsubtype, homophoricDD or entityref) is used:

 * Recasens, Marta, M. Antònia Martí (2010) ‘AnCora-CO: Coreferentially annotated corpora for Spanish and
   Catalan’. Language Resources and Evaluation, Springer Science.

  Additionally, the following paper must be cited when argumental attributes in "sn" or "grup.nom"
  (attributes func, arg, tem or lexicalid) are used:

 * Peris, Aina, Mariona Taulé, Horacio Rodríguez (2010) ‘Semantic Annotation of Deverbal Nominalizations in the
   Spanish AnCora corpus’. Treebanks and Linguistic Theories (TLT-2010), Estonia.
-->
<article lng="ca">
  <sentence>
    <sn arg="arg0" entityref="ne" func="suj" ne="organization" tem="agt">
      <spec gen="m" num="s">
        <d gen="m" lem="el" num="s" pos="da0ms0" postype="article" wd="El"/>
      </spec>
      <grup.nom gen="m" num="s">
        <n lem="Comú" ne="organization" pos="np0000o" postype="proper" sense="16:cs1" wd="Comú"/>
        <sp>
          <prep>
            <s lem="de" pos="sps00" postype="preposition" wd="de"/>
          </prep>
          <sn entityref="ne" ne="location">
            <grup.nom>
              <n lem="Canillo" ne="location" pos="np0000l" postype="proper" sense="16:cs1" wd="Canillo"/>
            </grup.nom>
          </sn>
        </sp>
      </grup.nom>
    </sn>
    <grup.verb>
      <v lem="encarregar" lss="A32.ditransitive-patient-benefactive" mood="indicative" num="s" person="3" pos="vmif3s0" postype="main" tense="future" wd="encarregarà"/>
    </grup.verb>
    <sn arg="arg1" func="cd" tem="pat">
      <spec gen="m" num="p">
        <d gen="m" lem="dos" num="p" pos="dn0mp0" postype="numeral" wd="dos"/>
      </spec>
      <grup.nom gen="m" num="p">
        <n gen="m" lem="estudi" num="p" pos="ncmp000" postype="common" sense="16:04467719" wd="estudis"/>
        <sn coord="yes">
          <f lem="," pos="fc" punct="comma" wd=","/>
          <sn>
            <grup.nom gen="m" num="s">
              <p gen="m" lem="un" num="s" pos="pi0ms000" postype="indefinite" wd="un"/>
              <sp>
                <prep>
                  <s lem="de" pos="sps00" postype="preposition" wd="d'"/>
                </prep>
                <s.a gen="m" num="s">
                  <grup.a gen="m" num="s">
                    <a gen="m" lem="arquitectònic" num="s" pos="aq0ms0" postype="qualificative" wd="arquitectònic"/>
                  </grup.a>
                </s.a>
              </sp>
            </grup.nom>
          </sn>
          <conj conjunctiontype="coordinating">
            <c lem="i" pos="cc" postype="coordinating" wd="i"/>
          </conj>
          <sn>
            <spec gen="m" num="s">
              <d gen="m" lem="un" num="s" pos="di0ms0" postype="indefinite" wd="un"/>
            </spec>
            <grup.nom gen="m" num="s">
              <p gen="m" lem="altre" num="s" pos="pi0ms000" postype="indefinite" wd="altre"/>
              <sp>
                <prep>
                  <s lem="de" pos="sps00" postype="preposition" wd="d'"/>
                </prep>
                <s.a gen="m" num="s">
                  <grup.a gen="m" num="s">
                    <a gen="m" lem="econòmic" num="s" pos="aq0ms0" postype="qualificative" wd="econòmic"/>
                  </grup.a>
                </s.a>
              </sp>
            </grup.nom>
          </sn>
          <f lem="," pos="fc" punct="comma" wd=","/>
        </sn>
      </grup.nom>
    </sn>
    <sp arg="argM" func="cc" tem="fin">
      <prep>
        <s lem="amb_l'_objectiu_de" pos="sps00" postype="preposition" wd="amb_l'_objectiu_de"/>
      </prep>
      <S clausetype="completive" impersonal="yes">
        <infinitiu>
          <v lem="definir" lss="A21.transitive-agentive-patient" mood="infinitive" pos="vmn0000" postype="main" wd="definir"/>
        </infinitiu>
        <sn arg="arg1" func="cd" tem="pat">
          <spec gen="m" num="s">
            <d gen="m" lem="un" num="s" pos="di0ms0" postype="indefinite" wd="un"/>
          </spec>
          <grup.nom gen="m" num="s">
            <n gen="m" lem="pla" num="s" pos="ncms000" postype="common" sense="16:04538868" wd="pla"/>
            <sp>
              <prep>
                <s lem="de" pos="sps00" postype="preposition" wd="de"/>
              </prep>
              <sn>
                <grup.nom gen="m" num="s">
                  <n gen="m" lem="desenvolupament" num="s" pos="ncms000" postype="common" sense="16:09725434" wd="desenvolupament"/>
                  <s.a gen="m" num="s">
                    <grup.a gen="m" num="s">
                      <a gen="m" lem="urbanístic" num="s" pos="aq0ms0" postype="qualificative" wd="urbanístic"/>
                    </grup.a>
                  </s.a>
                </grup.nom>
              </sn>
            </sp>
          </grup.nom>
        </sn>
        <sp func="ao">
          <prep>
            <s lem="sobre" pos="sps00" postype="preposition" wd="sobre"/>
          </prep>
          <sn entityref="ne" ne="location">
            <grup.nom>
              <n lem="La_Vall_d'_Incles" ne="location" pos="np0000l" postype="proper" sense="16:cs1" wd="La_Vall_d'_Incles"/>
            </grup.nom>
          </sn>
        </sp>
      </S>
    </sp>
    <f lem="." pos="fp" punct="period" wd="."/>
  </sentence>
  <sentence>
    <sp arg="argM" func="cc" tem="adv">
      <prep>
        <s lem="amb" pos="sps00" postype="preposition" wd="Amb"/>
      </prep>
      <sn>
        <spec gen="f" num="s">
          <d gen="f" lem="aquest" num="s" pos="dd0fs0" postype="demonstrative" wd="aquesta"/>
        </spec>
        <grup.nom gen="f" num="s">
          <n gen="f" lem="decisió" num="s" pos="ncfs000" postype="common" sense="16:00105760" wd="decisió"/>
        </grup.nom>
      </sn>
      <f lem="," pos="fc" punct="comma" wd=","/>
    </sp>
    <sn arg="arg0" func="suj" tem="agt">
      <spec gen="f" num="s">
        <d gen="f" lem="el" num="s" pos="da0fs0" postype="article" wd="la"/>
      </spec>
      <grup.nom gen="f" num="s">
        <n gen="f" lem="corporació" num="s" pos="ncfs000" postype="common" sense="16:05972379" wd="corporació"/>
      </grup.nom>
    </sn>
    <grup.verb>
      <v lem="voler" lss="A21.transitive-agentive-patient" mood="indicative" num="s" person="3" pos="vmip3s0" postype="main" tense="present" wd="vol"/>
    </grup.verb>
    <S arg="arg1" clausetype="completive" func="cd" impersonal="yes" tem="pat">
      <infinitiu>
        <v lem="garantir" lss="A21.transitive-agentive-patient" mood="infinitive" pos="vmn0000" postype="main" wd="garantir"/>
      </infinitiu>
      <sn arg="arg1" func="cd" tem="pat">
        <spec gen="f" num="s">
          <d gen="f" lem="un" num="s" pos="di0fs0" postype="indefinite" wd="una"/>
        </spec>
        <grup.nom gen="f" num="s">
          <n gen="f" lem="edificabilitat" num="s" pos="ncfs000" postype="common" sense="16:cs1" wd="edificabilitat"/>
          <s.a coord="yes" gen="f" num="s">
            <S clausetype="participle" impersonal="yes">
              <participi>
                <a gen="f" lem="ordenat" num="s" pos="aq0fsp" posfunction="participle" postype="qualificative" wd="ordenada"/>
              </participi>
            </S>
            <conj conjunctiontype="coordinating">
              <c lem="i" pos="cc" postype="coordinating" wd="i"/>
            </conj>
            <s.a gen="f" num="s">
              <grup.a gen="f" num="s">
                <a gen="c" lem="sostenible" num="s" pos="aq0cs0" postype="qualificative" wd="sostenible"/>
              </grup.a>
            </s.a>
          </s.a>
        </grup.nom>
      </sn>
    </S>
    <S arg="argM" clausetype="adverbial" func="cc" impersonal="yes" tem="adv">
      <f lem="," pos="fc" punct="comma" wd=","/>
      <gerundi>
        <v lem="preservar" lss="A34.ditransitive-patient-theme" mood="gerund" pos="vmg0000" postype="main" wd="preservant"/>
      </gerundi>
      <sadv arg="argM" func="cc" tem="tmp">
        <grup.adv>
          <r lem="alhora" pos="rg" wd="alhora"/>
        </grup.adv>
      </sadv>
      <sn arg="arg1" func="cd" tem="pat">
        <spec gen="m" num="s">
          <d gen="c" lem="el" num="s" pos="da0cs0" postype="article" wd="l'"/>
        </spec>
        <grup.nom gen="m" num="s">
          <n gen="m" lem="encant" num="s" pos="ncms000" postype="common" sense="16:03691117" wd="encant"/>
          <s.a gen="m" num="s">
            <grup.a gen="m" num="s">
              <a gen="c" lem="natural" num="s" pos="aq0cs0" postype="qualificative" wd="natural"/>
            </grup.a>
          </s.a>
          <sp>
            <prep>
              <s lem="de" pos="sps00" postype="preposition" wd="d'"/>
            </prep>
            <sn>
              <spec gen="f" num="s">
                <d gen="f" lem="aquest" num="s" pos="dd0fs0" postype="demonstrative" wd="aquesta"/>
              </spec>
              <grup.nom gen="f" num="s">
                <n gen="f" lem="vall" num="s" pos="ncfs000" postype="common" sense="16:06730976" wd="vall"/>
              </grup.nom>
            </sn>
          </sp>
        </grup.nom>
      </sn>
    </S>
    <f lem="." pos="fp" punct="period" wd="."/>
  </sentence>
  <sentence>
    <sn arg="arg0" entityref="ne" func="suj" ne="organization" tem="agt">
      <spec gen="m" num="s">
        <d gen="m" lem="el" num="s" pos="da0ms0" postype="article" wd="El"/>
      </spec>
      <grup.nom gen="m" num="s">
        <n lem="Comú" ne="organization" pos="np0000o" postype="proper" sense="16:cs1" wd="Comú"/>
        <sn>
          <grup.nom>
            <n lem="Canillo" ne="location" pos="np0000l" postype="proper" sense="16:cs1" wd="Canillo"/>
          </grup.nom>
        </sn>
      </grup.nom>
    </sn>
    <grup.verb>
      <v lem="anar" mood="indicative" num="s" person="3" pos="vaip3s0" postype="auxiliary" tense="present" wd="va"/>
      <v lem="aprovar" lss="A21.transitive-agentive-patient" mood="infinitive" pos="vmn0000" postype="main" wd="aprovar"/>
    </grup.verb>
    <sp arg="argM" func="cc" tem="tmp">
      <prep>
        <s lem="en" pos="sps00" postype="preposition" wd="en"/>
      </prep>
      <sn>
        <spec gen="f" num="s">
          <d gen="c" lem="el" num="s" pos="da0cs0" postype="article" wd="l'"/>
        </spec>
        <grup.nom gen="f" num="s">
          <s.a gen="f" num="s">
            <grup.a gen="f" num="s">
              <a gen="f" lem="últim" num="s" pos="ao0fs0" postype="ordinal" wd="última"/>
            </grup.a>
          </s.a>
          <n gen="f" lem="sessió" num="s" pos="ncfs000" postype="common" sense="16:00799933" wd="sessió"/>
        </grup.nom>
      </sn>
    </sp>
    <S arg="arg1" clausetype="completive" func="cd" impersonal="yes" tem="pat">
      <infinitiu>
        <v lem="encarregar" lss="A32.ditransitive-patient-benefactive" mood="infinitive" pos="vmn0000" postype="main" wd="encarregar"/>
      </infinitiu>
      <sn arg="arg1" coord="yes" func="cd" tem="pat">
        <sn coord="yes">
          <sn>
            <spec gen="m" num="s">
              <d gen="m" lem="un" num="s" pos="di0ms0" postype="indefinite" wd="un"/>
            </spec>
            <grup.nom gen="m" num="s">
              <n gen="m" lem="pla" num="s" pos="ncms000" postype="common" sense="16:04538868" wd="pla"/>
              <s.a gen="m" num="s">
                <grup.a gen="m" num="s">
                  <a gen="m" lem="arquitectònic" num="s" pos="aq0ms0" postype="qualificative" wd="arquitectònic"/>
                </grup.a>
              </s.a>
            </grup.nom>
          </sn>
          <conj conjunctiontype="coordinating">
            <c lem="i" pos="cc" postype="coordinating" wd="i"/>
          </conj>
          <sn>
            <spec>
              <d gen="m" lem="un" num="s" pos="di0ms0" postype="indefinite" wd="un"/>
            </spec>
            <grup.nom gen="m" num="s">
              <p gen="m" lem="altre" num="s" pos="pi0ms000" postype="indefinite" wd="altre"/>
              <sp>
                <prep>
                  <s lem="de" pos="sps00" postype="preposition" wd="d'"/>
                </prep>
                <s.a gen="m" num="s">
                  <grup.a gen="m" num="s">
                    <a gen="m" lem="econòmic" num="s" pos="aq0ms0" postype="qualificative" wd="econòmic"/>
                  </grup.a>
                </s.a>
              </sp>
            </grup.nom>
          </sn>
        </sn>
        <sp adjunct="yes" func="ao">
          <prep>
            <s lem="sobre" pos="sps00" postype="preposition" wd="sobre"/>
          </prep>
          <sn entityref="ne" ne="location">
            <grup.nom>
              <n lem="La_Vall_d'_Incles" ne="location" pos="np0000l" postype="proper" sense="16:cs1" wd="La_Vall_d'_Incles"/>
            </grup.nom>
          </sn>
        </sp>
      </sn>
    </S>
    <f lem="." pos="fp" punct="period" wd="."/>
  </sentence>
  <sentence>
    <sn arg="arg1" func="suj" tem="tem">
      <spec gen="m" num="p">
        <d gen="m" lem="el" num="p" pos="da0mp0" postype="article" wd="Els"/>
        <d gen="c" lem="dos" num="p" pos="dn0cp0" postype="numeral" wd="dos"/>
      </spec>
      <grup.nom gen="m" num="p">
        <n gen="m" lem="projecte" num="p" pos="ncmp000" postype="common" sense="16:00508925" wd="projectes"/>
      </grup.nom>
    </sn>
    <grup.verb>
      <v lem="haver" mood="indicative" num="p" person="3" pos="vaip3p0" postype="auxiliary" tense="present" wd="han"/>
      <s lem="de" pos="sps00" postype="preposition" wd="de"/>
      <infinitiu>
        <v lem="servir" lss="C11.state-existential" mood="infinitive" pos="vmn0000" postype="main" wd="servir"/>
      </infinitiu>
    </grup.verb>
    <sp arg="arg2" func="cc" tem="fin">
      <prep>
        <s lem="per" pos="sps00" postype="preposition" wd="per"/>
      </prep>
      <S clausetype="completive" impersonal="yes">
        <infinitiu>
          <v lem="elaborar" lss="A21.transitive-agentive-patient" mood="infinitive" pos="vmn0000" postype="main" wd="elaborar"/>
        </infinitiu>
        <sn arg="arg1" func="cd" tem="pat">
          <spec gen="m" num="s">
            <d gen="m" lem="un" num="s" pos="di0ms0" postype="indefinite" wd="un"/>
          </spec>
          <grup.nom gen="m" num="s">
            <n gen="m" lem="pla" num="s" pos="ncms000" postype="common" sense="16:04538868" wd="pla"/>
            <s.a gen="m" num="s">
              <grup.a gen="m" num="s">
                <a gen="c" lem="especial" num="s" pos="aq0cs0" postype="qualificative" wd="especial"/>
              </grup.a>
            </s.a>
            <sp>
              <prep>
                <s lem="de" pos="sps00" postype="preposition" wd="de"/>
              </prep>
              <sn>
                <grup.nom gen="m" num="s">
                  <n gen="m" lem="desenvolupament" num="s" pos="ncms000" postype="common" sense="16:09725434" wd="desenvolupament"/>
                  <s.a gen="m" num="s">
                    <grup.a gen="m" num="s">
                      <a gen="m" lem="urbanístic" num="s" pos="aq0ms0" postype="qualificative" wd="urbanístic"/>
                    </grup.a>
                  </s.a>
                </grup.nom>
              </sn>
            </sp>
          </grup.nom>
        </sn>
        <sp func="ao">
          <prep>
            <s lem="sobre" pos="sps00" postype="preposition" wd="sobre"/>
          </prep>
          <sn>
            <spec gen="f" num="s">
              <d gen="f" lem="aquest" num="s" pos="dd0fs0" postype="demonstrative" wd="aquesta"/>
            </spec>
            <grup.nom gen="f" num="s">
              <n gen="f" lem="zona" num="s" pos="ncfs000" postype="common" sense="16:02207321" wd="zona"/>
            </grup.nom>
          </sn>
        </sp>
      </S>
    </sp>
    <f lem="." pos="fp" punct="period" wd="."/>
  </sentence>
  <sentence>
    <conj conjunctiontype="coordinating" func="et">
      <c lem="i" pos="cc" postype="coordinating" wd="I"/>
    </conj>
    <sn arg="arg1" elliptic="yes" func="suj" tem="tem"/>
    <grup.verb>
      <v lem="ser" lss="C21.state-attributive" mood="indicative" num="s" person="3" pos="vmip3s0" postype="main" tense="present" wd="és"/>
    </grup.verb>
    <S arg="arg2" clausetype="completive" func="atr" tem="atr">
      <conj conjunctiontype="subordinating">
        <c lem="que" pos="cs" postype="subordinating" wd="que"/>
      </conj>
      <sn arg="arg0" func="suj" tem="agt">
        <spec gen="f" num="s">
          <d gen="f" lem="el" num="s" pos="da0fs0" postype="article" wd="la"/>
        </spec>
        <grup.nom gen="f" num="s">
          <n gen="f" lem="corporació" num="s" pos="ncfs000" postype="common" sense="16:05972379" wd="corporació"/>
          <s.a gen="f" num="s">
            <grup.a gen="f" num="s">
              <a gen="c" lem="local" num="s" pos="aq0cs0" postype="qualificative" wd="local"/>
            </grup.a>
          </s.a>
        </grup.nom>
      </sn>
      <grup.verb>
        <v lem="voler" lss="A21.transitive-agentive-patient" mood="indicative" num="s" person="3" pos="vmip3s0" postype="main" tense="present" wd="vol"/>
      </grup.verb>
      <S arg="arg1" clausetype="completive" func="cd" tem="pat">
        <conj conjunctiontype="subordinating">
          <c lem="que" pos="cs" postype="subordinating" wd="que"/>
        </conj>
        <sn arg="arg1" func="suj" tem="tem">
          <spec gen="f" num="s">
            <d gen="f" lem="aquest" num="s" pos="dd0fs0" postype="demonstrative" wd="aquesta"/>
          </spec>
          <grup.nom gen="f" num="s">
            <n gen="f" lem="vall" num="s" pos="ncfs000" postype="common" sense="16:06730976" wd="vall"/>
          </grup.nom>
        </sn>
        <morfema.pronominal>
          <p gen="c" lem="ell" num="c" person="3" pos="p0300000" wd="es"/>
        </morfema.pronominal>
        <grup.verb>
          <v lem="convertir" lss="B21.unaccusative-state" mood="subjunctive" num="s" person="3" pos="vmsp3s0" postype="main" tense="present" wd="converteixi"/>
        </grup.verb>
        <sp arg="arg2" func="creg" tem="efi">
          <prep>
            <s lem="en" pos="sps00" postype="preposition" wd="en"/>
          </prep>
          <sn>
            <grup.nom gen="m" num="s">
              <p gen="m" lem="un" num="s" pos="pn0ms000" postype="numeral" wd="un"/>
              <sp>
                <prep>
                  <s contracted="yes" gen="m" lem="del" num="p" pos="spcmp" postype="preposition" wd="dels"/>
                </prep>
                <sn>
                  <grup.nom gen="m" num="p">
                    <n gen="m" lem="motor" num="p" pos="ncmp000" postype="common" sense="16:07769591" wd="motors"/>
                    <s.a gen="m" num="p">
                      <grup.a gen="m" num="p">
                        <a gen="m" lem="econòmic" num="p" pos="aq0mp0" postype="qualificative" wd="econòmics"/>
                      </grup.a>
                    </s.a>
                    <sp>
                      <prep>
                        <s lem="de" pos="sps00" postype="preposition" wd="de"/>
                      </prep>
                      <sn>
                        <spec gen="f" num="s">
                          <d gen="f" lem="el" num="s" pos="da0fs0" postype="article" wd="la"/>
                        </spec>
                        <grup.nom gen="f" num="s">
                          <n gen="f" lem="parròquia" num="s" pos="ncfs000" postype="common" sense="16:06104886" wd="parròquia"/>
                        </grup.nom>
                      </sn>
                    </sp>
                  </grup.nom>
                </sn>
              </sp>
            </grup.nom>
          </sn>
        </sp>
      </S>
    </S>
    <f lem="." pos="fp" punct="period" wd="."/>
  </sentence>
  <sentence>
    <sp arg="argM" func="cc" tem="fin">
      <prep>
        <s lem="per" pos="sps00" postype="preposition" wd="Per"/>
      </prep>
      <S clausetype="completive" impersonal="yes">
        <infinitiu>
          <v lem="fer" lss="A21.transitive-agentive-patient" mood="infinitive" pos="vmn0000" postype="main" wd="fer"/>
        </infinitiu>
        <sn arg="arg1" func="cd" tem="pat">
          <grup.nom>
            <p gen="c" lem="ho" num="c" person="3" pos="pp3nn000" postype="personal" wd="-ho"/>
          </grup.nom>
        </sn>
      </S>
    </sp>
    <sn arg="arg1" entityref="ne" func="suj" ne="organization" tem="tem">
      <spec gen="m" num="s">
        <d gen="m" lem="el" num="s" pos="da0ms0" postype="article" wd="el"/>
      </spec>
      <grup.nom gen="m" num="s">
        <n lem="Comú" ne="organization" pos="np0000o" postype="proper" sense="16:cs1" wd="Comú"/>
      </grup.nom>
    </sn>
    <grup.verb>
      <v lem="tenir" lss="C21.state-attributive" mood="indicative" num="s" person="3" pos="vmip3s0" postype="main" tense="present" wd="té"/>
    </grup.verb>
    <sp arg="argM" func="cpred" predicate="cd" tem="atr">
      <prep>
        <s lem="com_a" pos="sps00" postype="preposition" wd="com_a"/>
      </prep>
      <sn>
        <grup.nom gen="m" num="s">
          <n gen="m" lem="objectiu" num="s" pos="ncms000" postype="common" sense="16:04586952" wd="objectiu"/>
        </grup.nom>
      </sn>
    </sp>
    <S arg="arg2" clausetype="completive" func="cd" functype="quantitative" impersonal="yes" tem="atr">
      <infinitiu>
        <v lem="preservar" lss="A34.ditransitive-patient-theme" mood="infinitive" pos="vmn0000" postype="main" wd="preservar"/>
      </infinitiu>
      <sn arg="arg1" func="cd" tem="pat">
        <spec gen="m" num="s">
          <d gen="m" lem="aquest" num="s" pos="dd0ms0" postype="demonstrative" wd="aquest"/>
        </spec>
        <grup.nom gen="m" num="s">
          <n gen="m" lem="recurs" num="s" pos="ncms000" postype="common" sense="16:09598145" wd="recurs"/>
          <s.a gen="m" num="s">
            <grup.a gen="m" num="s">
              <a gen="c" lem="natural" num="s" pos="aq0cs0" postype="qualificative" wd="natural"/>
            </grup.a>
          </s.a>
        </grup.nom>
      </sn>
      <sp arg="argM" func="cc" tem="adv">
        <prep>
          <s lem="sense" pos="sps00" postype="preposition" wd="sense"/>
        </prep>
        <S clausetype="completive" impersonal="yes">
          <infinitiu>
            <v lem="deixar_de_banda" lss="A21.transitive-agentive-patient" mood="infinitive" pos="vmn0000" postype="main" wd="deixar_de_banda"/>
          </infinitiu>
          <sn arg="arg1" func="cd" tem="pat">
            <spec gen="f" num="p">
              <d gen="f" lem="el" num="p" pos="da0fp0" postype="article" wd="les"/>
            </spec>
            <grup.nom gen="f" num="p">
              <n gen="f" lem="persona" num="p" pos="ncfp000" postype="common" sense="16:00004123" wd="persones"/>
              <S clausetype="relative">
                <relatiu arg="arg1" func="suj" tem="tem">
                  <p gen="c" lem="que" num="c" pos="pr0cn000" postype="relative" wd="que"/>
                </relatiu>
                <sn arg="argM" func="cc" tem="loc">
                  <grup.nom>
                    <p gen="c" lem="hi" num="c" person="3" pos="pp3cn000" postype="personal" wd="hi"/>
                  </grup.nom>
                </sn>
                <grup.verb>
                  <v lem="tenir" lss="C21.state-attributive" mood="indicative" num="p" person="3" pos="vmip3p0" postype="main" tense="present" wd="tenen"/>
                </grup.verb>
                <sn arg="arg2" func="cd" functype="quantitative" tem="atr">
                  <grup.nom gen="f" num="s">
                    <n gen="f" lem="propietat" num="s" pos="ncfs000" postype="common" sense="16:09525525" wd="propietat"/>
                  </grup.nom>
                </sn>
              </S>
            </grup.nom>
          </sn>
        </S>
      </sp>
    </S>
    <f lem="." pos="fp" punct="period" wd="."/>
  </sentence>
  <sentence coord="yes">
    <S>
      <sn arg="arg0" func="suj" tem="agt">
        <spec gen="m" num="p">
          <d gen="m" lem="el" num="p" pos="da0mp0" postype="article" wd="Els"/>
        </spec>
        <grup.nom gen="m" num="p">
          <n gen="m" lem="tècnic" num="p" pos="ncmp000" postype="common" sense="16:07633507" wd="tècnics"/>
          <S clausetype="relative">
            <relatiu arg="arg0" func="suj" tem="agt">
              <p gen="c" lem="que" num="c" pos="pr0cn000" postype="relative" wd="que"/>
            </relatiu>
            <grup.verb>
              <v lem="fer" lss="A21.transitive-agentive-patient" mood="indicative" num="p" person="3" pos="vmif3p0" postype="main" tense="future" wd="faran"/>
            </grup.verb>
            <sn arg="arg1" func="cd" tem="pat">
              <spec gen="m" num="s">
                <d gen="c" lem="el" num="s" pos="da0cs0" postype="article" wd="l'"/>
              </spec>
              <grup.nom gen="m" num="s">
                <n gen="m" lem="estudi" num="s" pos="ncms000" postype="common" sense="16:04467719" wd="estudi"/>
              </grup.nom>
            </sn>
          </S>
        </grup.nom>
      </sn>
      <grup.verb>
        <v lem="poder" mood="indicative" num="p" person="3" pos="vmic3p0" postype="main" tense="conditional" wd="podrien"/>
        <infinitiu>
          <v lem="plantejar" lss="A31.ditransitive-patient-locative" mood="infinitive" pos="vmn0000" postype="main" wd="plantejar"/>
        </infinitiu>
      </grup.verb>
      <S arg="arg1" clausetype="completive" func="cd" impersonal="yes" tem="pat">
        <infinitiu>
          <v lem="agrupar" lss="A21.transitive-agentive-patient" mood="infinitive" pos="vmn0000" postype="main" wd="agrupar"/>
        </infinitiu>
        <sn arg="arg2" func="cd" tem="atr">
          <spec gen="m" num="s">
            <d gen="m" lem="tot" num="s" pos="di0ms0" postype="indefinite" wd="tot"/>
            <d gen="m" lem="el" num="s" pos="da0ms0" postype="article" wd="el"/>
          </spec>
          <grup.nom gen="m" num="s">
            <n gen="m" lem="volum" num="s" pos="ncms000" postype="common" sense="16:03977751" wd="volum"/>
            <sp>
              <prep>
                <s lem="de" pos="sps00" postype="preposition" wd="de"/>
              </prep>
              <sn>
                <grup.nom gen="f" num="s">
                  <n gen="f" lem="construcció" num="s" pos="ncfs000" postype="common" sense="16:00585093" wd="construcció"/>
                </grup.nom>
              </sn>
            </sp>
          </grup.nom>
        </sn>
        <sp arg="argM" func="cc" tem="loc">
          <prep>
            <s contracted="yes" gen="m" lem="al" num="s" pos="spcms" postype="preposition" wd="al"/>
          </prep>
          <sn>
            <grup.nom gen="m" num="s">
              <n gen="m" lem="peu" num="s" pos="ncms000" postype="common" sense="16:06278461" wd="peu"/>
              <sp>
                <prep>
                  <s lem="de" pos="sps00" postype="preposition" wd="de"/>
                </prep>
                <sn entityref="ne" ne="location">
                  <spec gen="f" num="s">
                    <d gen="f" lem="el" num="s" pos="da0fs0" postype="article" wd="la"/>
                  </spec>
                  <grup.nom gen="f" num="s">
                    <n lem="Vall" ne="location" pos="np0000l" postype="proper" sense="16:cs1" wd="Vall"/>
                  </grup.nom>
                </sn>
              </sp>
            </grup.nom>
          </sn>
        </sp>
      </S>
    </S>
    <f lem="," pos="fc" punct="comma" wd=","/>
    <S>
      <sn arg="arg1" func="suj" tem="tem">
        <grup.nom gen="m" num="s">
          <p gen="c" lem="això" num="s" pos="pd0ns000" postype="demonstrative" wd="això"/>
        </grup.nom>
      </sn>
      <neg func="mod">
        <r lem="no" pos="rn" postype="negative" wd="no"/>
      </neg>
      <grup.verb>
        <v lem="haver" mood="indicative" num="s" person="3" pos="vaip3s0" postype="auxiliary" tense="present" wd="ha"/>
        <v gen="m" lem="agradar" lss="C42.state-experiencer" mood="participle" num="s" pos="vmp00sm" postype="main" wd="agradat"/>
      </grup.verb>
      <sp arg="arg2" func="ci" tem="exp">
        <prep>
          <s lem="a" pos="sps00" postype="preposition" wd="a"/>
        </prep>
        <sn>
          <spec gen="f" num="s">
            <d gen="c" lem="el" num="s" pos="da0cs0" postype="article" wd="l'"/>
          </spec>
          <grup.nom gen="f" num="s">
            <n gen="f" lem="oposició" num="s" pos="ncfs000" postype="common" sense="16:09981153" wd="oposició"/>
          </grup.nom>
        </sn>
      </sp>
      <S arg="argM" clausetype="adverbial" func="cc" tem="cau">
        <conj conjunctiontype="subordinating">
          <c lem="ja_que" pos="cs" postype="subordinating" wd="ja_que"/>
        </conj>
        <sn arg="arg0" elliptic="yes" func="suj" tem="agt"/>
        <grup.verb>
          <v lem="considerar" lss="A21.transitive-agentive-patient" mood="indicative" num="s" person="3" pos="vmip3s0" postype="main" tense="present" wd="considera"/>
        </grup.verb>
        <S arg="arg1" clausetype="completive" func="cd" tem="pat">
          <conj conjunctiontype="subordinating">
            <c lem="que" pos="cs" postype="subordinating" wd="que"/>
          </conj>
          <morfema.verbal func="pass">
            <p gen="c" lem="es" num="c" pos="p0000000" wd="s'"/>
          </morfema.verbal>
          <grup.verb>
            <v lem="haver" mood="indicative" num="p" person="3" pos="vaip3p0" postype="auxiliary" tense="present" wd="han"/>
            <s lem="de" pos="sps00" postype="preposition" wd="de"/>
            <infinitiu>
              <v lem="valorar" lss="B22.unaccusative-passive-transitive" mood="infinitive" pos="vmn0000" postype="main" wd="valorar"/>
            </infinitiu>
          </grup.verb>
          <sn arg="arg1" func="suj" tem="pat">
            <spec gen="f" num="p">
              <d gen="f" lem="tot" num="p" pos="di0fp0" postype="indefinite" wd="totes"/>
              <d gen="f" lem="el" num="p" pos="da0fp0" postype="article" wd="les"/>
            </spec>
            <grup.nom gen="f" num="p">
              <n gen="f" lem="opció" num="p" pos="ncfp000" postype="common" sense="16:04463475" wd="opcions"/>
              <s.a gen="f" num="p">
                <grup.a gen="f" num="p">
                  <a gen="c" lem="possible" num="p" pos="aq0cp0" postype="qualificative" wd="possibles"/>
                </grup.a>
              </s.a>
            </grup.nom>
          </sn>
        </S>
      </S>
    </S>
    <f lem="." pos="fp" punct="period" wd="."/>
  </sentence>
  <sentence>
    <sadv arg="argM" func="cc" tem="tmp">
      <grup.adv>
        <r lem="actualment" pos="rg" wd="Actualment"/>
      </grup.adv>
    </sadv>
    <sn arg="arg1" entityref="ne" func="suj" ne="location" tem="tem">
      <grup.nom>
        <n lem="La_Vall_d'_Incles" ne="location" pos="np0000l" postype="proper" sense="16:cs1" wd="La_Vall_d'_Incles"/>
      </grup.nom>
    </sn>
    <grup.verb>
      <v lem="comptar" lss="C21.state-attributive" mood="indicative" num="s" person="3" pos="vmip3s0" postype="main" tense="present" wd="compta"/>
    </grup.verb>
    <sp arg="arg2" func="creg" tem="atr">
      <prep>
        <s lem="amb" pos="sps00" postype="preposition" wd="amb"/>
      </prep>
      <sn entityref="ne" ne="number">
        <spec gen="m" num="p">
          <z lem="700_mil" ne="number" wd="700_mil"/>
        </spec>
        <grup.nom gen="m" num="p">
          <n gen="m" lem="metre" num="p" pos="ncmp000" postype="common" sense="16:09822324" wd="metres"/>
          <s.a gen="m" num="p">
            <grup.a gen="m" num="p">
              <a gen="m" lem="quadrat" num="p" pos="aq0mp0" postype="qualificative" wd="quadrats"/>
            </grup.a>
          </s.a>
          <s.a gen="m" num="p">
            <grup.a gen="m" num="p">
              <a gen="c" lem="construïble" num="p" pos="aq0cp0" postype="qualificative" wd="construïbles"/>
            </grup.a>
          </s.a>
          <sn>
            <f lem="," pos="fc" punct="comma" wd=","/>
            <grup.nom gen="m" num="s">
              <n gen="m" lem="espai" num="s" pos="ncms000" postype="common" sense="16:06373003" wd="espai"/>
              <S clausetype="relative">
                <relatiu arg="arg1" func="suj" tem="pat">
                  <p gen="c" lem="que" num="c" pos="pr0cn000" postype="relative" wd="que"/>
                </relatiu>
                <morfema.verbal func="pass">
                  <p gen="c" lem="es" num="c" pos="p0000000" wd="es"/>
                </morfema.verbal>
                <grup.verb>
                  <v lem="considerar" lss="B22.unaccusative-passive-transitive" mood="indicative" num="s" person="3" pos="vmip3s0" postype="main" tense="present" wd="considera"/>
                </grup.verb>
                <sa arg="arg2" func="cpred" predicate="suj" tem="atr">
                  <grup.a>
                    <a gen="m" lem="excessiu" num="s" pos="aq0ms0" postype="qualificative" wd="excessiu"/>
                  </grup.a>
                </sa>
              </S>
            </grup.nom>
          </sn>
        </grup.nom>
      </sn>
    </sp>
    <f lem="." pos="fp" punct="period" wd="."/>
  </sentence>
  <sentence>
    <sadv func="ao">
      <grup.adv>
        <r lem="precisament" pos="rg" wd="Precisament"/>
      </grup.adv>
    </sadv>
    <sn arg="arg1" func="suj" tem="tem">
      <grup.nom gen="m" num="s">
        <p gen="m" lem="un" num="s" pos="pn0ms000" postype="numeral" wd="un"/>
        <sp>
          <prep>
            <s contracted="yes" gen="m" lem="del" num="p" pos="spcmp" postype="preposition" wd="dels"/>
          </prep>
          <sn>
            <grup.nom gen="m" num="p">
              <n gen="m" lem="objectiu" num="p" pos="ncmp000" postype="common" sense="16:04586952" wd="objectius"/>
              <sp>
                <prep>
                  <s contracted="yes" gen="m" lem="del" num="s" pos="spcms" postype="preposition" wd="del"/>
                </prep>
                <sn>
                  <grup.nom gen="m" num="s">
                    <n gen="m" lem="pla" num="s" pos="ncms000" postype="common" sense="16:04538868" wd="pla"/>
                    <s.a gen="m" num="s">
                      <grup.a gen="m" num="s">
                        <a gen="m" lem="urbanístic" num="s" pos="aq0ms0" postype="qualificative" wd="urbanístic"/>
                      </grup.a>
                    </s.a>
                  </grup.nom>
                </sn>
              </sp>
            </grup.nom>
          </sn>
        </sp>
      </grup.nom>
    </sn>
    <grup.verb>
      <v lem="ser" lss="C21.state-attributive" mood="indicative" num="s" person="3" pos="vmip3s0" postype="main" tense="present" wd="és"/>
    </grup.verb>
    <S arg="arg2" clausetype="completive" func="atr" impersonal="yes" tem="atr">
      <infinitiu>
        <v lem="rebaixar" lss="A11.transitive-causative" mood="infinitive" pos="vmn0000" postype="main" wd="rebaixar"/>
      </infinitiu>
      <sn arg="arg1" func="cd" tem="tem">
        <grup.nom gen="m" num="s">
          <p case="accusative" gen="m" lem="ell" num="s" person="3" pos="pp3msa00" postype="personal" wd="-lo"/>
        </grup.nom>
      </sn>
    </S>
    <f lem="." pos="fp" punct="period" wd="."/>
  </sentence>
  <sentence>
    <sn arg="arg0" entityref="ne" func="suj" ne="organization" tem="agt">
      <spec gen="m" num="s">
        <d gen="m" lem="el" num="s" pos="da0ms0" postype="article" wd="El"/>
      </spec>
      <grup.nom gen="m" num="s">
        <n lem="Comú" ne="organization" pos="np0000o" postype="proper" sense="16:cs1" wd="Comú"/>
        <sp>
          <prep>
            <s lem="de" pos="sps00" postype="preposition" wd="de"/>
          </prep>
          <sn entityref="ne" ne="location">
            <grup.nom>
              <n lem="Canillo" ne="location" pos="np0000l" postype="proper" sense="16:cs1" wd="Canillo"/>
            </grup.nom>
          </sn>
        </sp>
      </grup.nom>
    </sn>
    <grup.verb>
      <v lem="esperar" lss="A21.transitive-agentive-patient" mood="indicative" num="s" person="3" pos="vmip3s0" postype="main" tense="present" wd="espera"/>
    </grup.verb>
    <S arg="arg1" clausetype="completive" func="cd" tem="pat">
      <conj conjunctiontype="subordinating">
        <c lem="que" pos="cs" postype="subordinating" wd="que"/>
      </conj>
      <sn arg="arg1" func="suj" tem="tem">
        <spec gen="m" num="p">
          <d gen="m" lem="el" num="p" pos="da0mp0" postype="article" wd="els"/>
          <d gen="c" lem="dos" num="p" pos="dn0cp0" postype="numeral" wd="dos"/>
        </spec>
        <grup.nom gen="m" num="p">
          <n gen="m" lem="estudi" num="p" pos="ncmp000" postype="common" sense="16:04467719" wd="estudis"/>
        </grup.nom>
      </sn>
      <grup.verb>
        <v lem="estar" lss="C21.state-attributive" mood="subjunctive" num="p" person="3" pos="vmsp3p0" postype="main" tense="present" wd="estiguin"/>
      </grup.verb>
      <sa arg="arg2" func="atr" tem="atr">
        <grup.a>
          <a gen="m" lem="llest" num="p" pos="aq0mp0" postype="qualificative" wd="llestos"/>
        </grup.a>
      </sa>
      <sp arg="argM" func="cc" tem="tmp">
        <prep>
          <s lem="a" pos="sps00" postype="preposition" wd="a"/>
        </prep>
        <sn>
          <spec gen="f" num="s">
            <d gen="f" lem="el" num="s" pos="da0fs0" postype="article" wd="la"/>
          </spec>
          <grup.nom gen="f" num="s">
            <n gen="f" lem="fi" num="s" pos="ncfs000" postype="common" sense="16:10966461" wd="fi"/>
            <sp>
              <prep>
                <s lem="de" pos="sps00" postype="preposition" wd="de"/>
              </prep>
              <sn>
                <spec gen="m" num="s">
                  <d gen="c" lem="el" num="s" pos="da0cs0" postype="article" wd="l'"/>
                </spec>
                <grup.nom gen="m" num="s">
                  <n gen="m" lem="estiu" num="s" pos="ncms000" postype="common" sense="16:10946199" wd="estiu"/>
                </grup.nom>
              </sn>
            </sp>
          </grup.nom>
        </sn>
      </sp>
    </S>
    <f lem="." pos="fp" punct="period" wd="."/>
  </sentence>
</article>
