<?xml version="1.0" encoding="UTF-8"?>
<!-- 

  ancora-2.0
       
			Copyright (C) 2007, 2008, 2009, 2010, 2011 UB - CLiC
			Centre de Llenguatge i Computació - Universitat de Barcelona
 
  This file is part of ancora-2.0.
 
  ancora-2.0 is free software and data: you can redistribute it and/or modify
  it under the terms of the GNU General Public License as published
  by the Free Software Foundation, either version 3 of the License,
  or (at your option) any later version.

  ancora-2.0 is distributed in the hope that it will be useful,
  but WITHOUT ANY WARRANTY; without even the implied warranty of
  MERCHANTABILITY or FITNESS FOR A PARTICULAR PURPOSE.  See the
  GNU General Public License for more details.
 
  You should have received a copy of the GNU General Public License
  along with ancora-2.0.  If not, see &lt;http://www.gnu.org/licenses/&gt;.
 
  Check a text in catalan explaining the terms of the license at http://www.softcatala.cat/wiki/GPL3.
  In spanish at http://www.viti.es/gnu/licenses/gpl.html
 

  The following paper must be cited when using this corpus:

 * Taulé, M., M.A. Martí, M. Recasens (2008) 'Ancora: Multilevel Annotated Corpora for Catalan and Spanish',
   Proceedings of 6th International Conference on Language Resources and Evaluation. Marrakesh (Morocco).

  In addition, the following paper must be cited if coreference information (attributes entity, coreftype,
  corefsubtype, homophoricDD or entityref) is used:

 * Recasens, Marta, M. Antònia Martí (2010) ‘AnCora-CO: Coreferentially annotated corpora for Spanish and
   Catalan’. Language Resources and Evaluation, Springer Science.

  Additionally, the following paper must be cited when argumental attributes in "sn" or "grup.nom"
  (attributes func, arg, tem or lexicalid) are used:

 * Peris, Aina, Mariona Taulé, Horacio Rodríguez (2010) ‘Semantic Annotation of Deverbal Nominalizations in the
   Spanish AnCora corpus’. Treebanks and Linguistic Theories (TLT-2010), Estonia.
-->
<article lng="ca">
  <sentence>
    <sn arg="arg0" coord="yes" func="suj" tem="agt">
      <sn>
        <spec gen="m" num="p">
          <d gen="m" lem="el" num="p" pos="da0mp0" postype="article" wd="Els"/>
        </spec>
        <grup.nom gen="m" num="p">
          <n gen="m" lem="alcalde" num="p" pos="ncmp000" postype="common" sense="16:07401898" wd="alcaldes"/>
          <sp>
            <prep>
              <s lem="de" pos="sps00" postype="preposition" wd="de"/>
            </prep>
            <sn complex="yes">
              <grup.nom coord="yes">
                <grup.nom>
                  <n lem="Sallent" ne="location" pos="np0000l" postype="proper" wd="Sallent"/>
                </grup.nom>
                <f lem="," pos="fc" punct="comma" wd=","/>
                <grup.nom>
                  <n lem="Balsareny" ne="location" pos="np0000l" postype="proper" wd="Balsareny"/>
                </grup.nom>
                <conj conjunctiontype="coordinating">
                  <c lem="i" pos="cc" postype="coordinating" wd="i"/>
                </conj>
                <grup.nom>
                  <n lem="Súria" ne="location" pos="np0000l" postype="proper" wd="Súria"/>
                </grup.nom>
              </grup.nom>
            </sn>
          </sp>
        </grup.nom>
      </sn>
      <conj conjunctiontype="coordinating">
        <c lem="i" pos="cc" postype="coordinating" wd="i"/>
      </conj>
      <sn entityref="ne" ne="person">
        <spec gen="m" num="s">
          <d gen="m" lem="el" num="s" pos="da0ms0" postype="article" wd="el"/>
        </spec>
        <grup.nom gen="m" num="s">
          <n gen="m" lem="president" num="s" pos="ncms000" postype="common" sense="16:07496197" wd="president"/>
          <sp>
            <prep>
              <s contracted="yes" gen="m" lem="del" num="s" pos="spcms" postype="preposition" wd="del"/>
            </prep>
            <sn entityref="ne" ne="organization">
              <grup.nom gen="m" num="s">
                <n lem="Consell_Comarcal" ne="organization" pos="np0000o" postype="proper" sense="16:cs1" wd="Consell_Comarcal"/>
              </grup.nom>
            </sn>
          </sp>
          <sp>
            <prep>
              <s contracted="yes" gen="m" lem="del" num="s" pos="spcms" postype="preposition" wd="del"/>
            </prep>
            <sn entityref="ne" ne="location">
              <grup.nom gen="m" num="s">
                <n lem="Bages" ne="location" pos="np0000l" postype="proper" wd="Bages"/>
              </grup.nom>
            </sn>
          </sp>
        </grup.nom>
      </sn>
    </sn>
    <grup.verb>
      <v lem="haver" mood="indicative" num="p" person="3" pos="vaip3p0" postype="auxiliary" tense="present" wd="han"/>
      <v gen="m" lem="manifestar" lss="A32.ditransitive-patient-benefactive" mood="participle" num="s" pos="vmp00sm" postype="main" wd="manifestat"/>
    </grup.verb>
    <sadv arg="argM" func="cc" tem="tmp">
      <grup.adv>
        <r lem="avui" pos="rg" wd="avui"/>
      </grup.adv>
    </sadv>
    <sn arg="arg1" func="cd" tem="pat">
      <grup.nom gen="f" num="s">
        <n gen="f" lem="preocupació" num="s" pos="ncfs000" postype="common" sense="16:05594203" wd="preocupació"/>
        <sp>
          <prep>
            <s contracted="yes" gen="m" lem="pel" num="s" pos="spcms" postype="preposition" wd="pel"/>
          </prep>
          <sn>
            <grup.nom gen="m" num="s">
              <n gen="m" lem="futur" num="s" pos="ncms000" postype="common" sense="16:10849807" wd="futur"/>
              <s.a gen="m" num="s">
                <grup.a gen="m" num="s">
                  <a gen="m" lem="incert" num="s" pos="aq0ms0" postype="qualificative" wd="incert"/>
                </grup.a>
              </s.a>
              <sp>
                <prep>
                  <s lem="de" pos="sps00" postype="preposition" wd="de"/>
                </prep>
                <sn>
                  <spec gen="f" num="p">
                    <d gen="f" lem="el" num="p" pos="da0fp0" postype="article" wd="les"/>
                  </spec>
                  <grup.nom gen="f" num="p">
                    <n gen="f" lem="mina" num="p" pos="ncfp000" postype="common" sense="16:03001546" wd="mines"/>
                    <sp>
                      <prep>
                        <s lem="de" pos="sps00" postype="preposition" wd="de"/>
                      </prep>
                      <sn>
                        <grup.nom gen="f" num="s">
                          <n gen="f" lem="potassa" num="s" pos="ncfs000" postype="common" sense="16:10763066" wd="potassa"/>
                        </grup.nom>
                      </sn>
                    </sp>
                  </grup.nom>
                </sn>
              </sp>
            </grup.nom>
          </sn>
        </sp>
      </grup.nom>
    </sn>
    <f lem="." pos="fp" punct="period" wd="."/>
  </sentence>
  <sentence>
    <sp discid="1c">
      <prep>
        <s lem="de" pos="sps00" postype="preposition" wd="De"/>
      </prep>
      <sn>
        <spec gen="f" num="s">
          <d gen="c" lem="el" num="s" pos="da0cs0" postype="article" wd="l'"/>
        </spec>
        <grup.nom gen="f" num="s">
          <n gen="f" lem="entrevista" num="s" pos="ncfs000" postype="common" sense="16:05344204" wd="entrevista"/>
          <sp>
            <prep>
              <s lem="amb" pos="sps00" postype="preposition" wd="amb"/>
            </prep>
            <sn>
              <spec gen="m" num="p">
                <d gen="m" lem="el" num="p" pos="da0mp0" postype="article" wd="els"/>
              </spec>
              <grup.nom gen="m" num="p">
                <n gen="c" lem="dirigent" num="p" pos="nccp000" postype="common" sense="16:06950891" wd="dirigents"/>
                <sp>
                  <prep>
                    <s lem="de" pos="sps00" postype="preposition" wd="de"/>
                  </prep>
                  <sn>
                    <spec gen="f" num="p">
                      <d gen="f" lem="el" num="p" pos="da0fp0" postype="article" wd="les"/>
                    </spec>
                    <grup.nom gen="f" num="p">
                      <n gen="f" lem="mina" num="p" pos="ncfp000" postype="common" sense="16:03001546" wd="mines"/>
                    </grup.nom>
                  </sn>
                </sp>
              </grup.nom>
            </sn>
          </sp>
        </grup.nom>
      </sn>
      <f lem="," pos="fc" punct="comma" wd=","/>
    </sp>
    <sn arg="arg1" func="suj" tem="tem">
      <spec gen="f" num="s">
        <d gen="c" lem="el" num="s" pos="da0cs0" postype="article" wd="l'"/>
      </spec>
      <grup.nom discid="1n" gen="f" num="s">
        <s.a gen="f" num="s">
          <grup.a gen="f" num="s">
            <a gen="f" lem="únic" num="s" pos="aq0fs0" postype="qualificative" wd="única"/>
          </grup.a>
        </s.a>
        <n gen="f" lem="informació" num="s" pos="ncfs000" postype="common" sense="16:04977171" wd="informació"/>
        <S clausetype="relative">
          <relatiu arg="arg1" func="suj" tem="pat">
            <p gen="c" lem="que" num="c" pos="pr0cn000" postype="relative" wd="que"/>
          </relatiu>
          <morfema.verbal func="pass">
            <p gen="c" lem="es" num="c" pos="p0000000" wd="es"/>
          </morfema.verbal>
          <grup.verb>
            <v lem="anar" mood="indicative" num="s" person="3" pos="vaip3s0" postype="auxiliary" tense="present" wd="va"/>
            <v lem="facilitar" lss="B12.unaccusative-passive-ditransitive" mood="infinitive" pos="vmn0000" postype="main" wd="facilitar"/>
          </grup.verb>
          <sp arg="argM" func="cc" tem="adv">
            <prep>
              <s lem="sobre" pos="sps00" postype="preposition" wd="sobre"/>
            </prep>
            <sn>
              <spec gen="m" num="s">
                <d gen="m" lem="el" num="s" pos="da0ms0" postype="article" wd="el"/>
              </spec>
              <grup.nom gen="m" num="s">
                <n gen="m" lem="pla" num="s" pos="ncms000" postype="common" sense="16:04538868" wd="pla"/>
                <sp>
                  <prep>
                    <s lem="de" pos="sps00" postype="preposition" wd="de"/>
                  </prep>
                  <sn>
                    <grup.nom gen="f" num="s">
                      <n gen="f" lem="viabilitat" num="s" pos="ncfs000" postype="common" sense="16:04013196" wd="viabilitat"/>
                    </grup.nom>
                  </sn>
                </sp>
                <S clausetype="relative">
                  <relatiu arg="arg1" func="suj" tem="pat">
                    <p gen="c" lem="que" num="c" pos="pr0cn000" postype="relative" wd="que"/>
                  </relatiu>
                  <morfema.verbal func="pass">
                    <p gen="c" lem="es" num="c" pos="p0000000" wd="s'"/>
                  </morfema.verbal>
                  <grup.verb>
                    <v lem="estar" mood="indicative" num="s" person="3" pos="vmip3s0" postype="main" tense="present" wd="està"/>
                    <gerundi>
                      <v lem="elaborar" lss="B22.unaccusative-passive-transitive" mood="gerund" pos="vmg0000" postype="main" wd="elaborant"/>
                    </gerundi>
                  </grup.verb>
                </S>
              </grup.nom>
            </sn>
          </sp>
        </S>
      </grup.nom>
    </sn>
    <grup.verb>
      <v lem="ser" lss="C21.state-attributive" mood="indicative" num="s" person="3" pos="vmip3s0" postype="main" tense="present" wd="és"/>
    </grup.verb>
    <S arg="arg2" clausetype="completive" coord="yes" func="atr" tem="atr">
      <S clausetype="completive">
        <conj conjunctiontype="subordinating">
          <c lem="que" pos="cs" postype="subordinating" wd="que"/>
        </conj>
        <morfema.verbal func="pass">
          <p gen="c" lem="es" num="c" pos="p0000000" wd="es"/>
        </morfema.verbal>
        <grup.verb>
          <v lem="preveure" lss="B22.unaccusative-passive-transitive" mood="indicative" num="p" person="3" pos="vmip3p0" postype="main" tense="present" wd="preveuen"/>
        </grup.verb>
        <sn arg="arg1" func="suj" tem="pat">
          <grup.nom gen="f" num="p">
            <n gen="f" lem="inversió" num="p" pos="ncfp000" postype="common" sense="16:00712429" wd="inversions"/>
          </grup.nom>
        </sn>
      </S>
      <conj conjunctiontype="coordinating">
        <c lem="i" pos="cc" postype="coordinating" wd="i"/>
      </conj>
      <S clausetype="completive">
        <conj conjunctiontype="subordinating">
          <c lem="que" pos="cs" postype="subordinating" wd="que"/>
        </conj>
        <neg func="mod">
          <r lem="no" pos="rn" postype="negative" wd="no"/>
        </neg>
        <morfema.pronominal>
          <p gen="c" lem="hi" num="c" person="3" pos="pp3cn000" postype="personal" wd="hi"/>
        </morfema.pronominal>
        <grup.verb>
          <v lem="haver" lss="C11.state-existential" mood="indicative" num="s" person="3" pos="vmip3s0" postype="main" tense="present" wd="ha"/>
        </grup.verb>
        <sn arg="arg1" func="cd" functype="quantitative" tem="tem">
          <spec gen="f" num="s">
            <d gen="c" lem="cap" num="s" pos="di0cs0" postype="indefinite" wd="cap"/>
          </spec>
          <grup.nom gen="f" num="s">
            <n gen="f" lem="previsió" num="s" pos="ncfs000" postype="common" sense="16:03832364" wd="previsió"/>
            <sp>
              <prep>
                <s lem="de" pos="sps00" postype="preposition" wd="d'"/>
              </prep>
              <S clausetype="completive" impersonal="yes">
                <infinitiu>
                  <v lem="ampliar" lss="A21.transitive-agentive-patient" mood="infinitive" pos="vmn0000" postype="main" wd="ampliar"/>
                </infinitiu>
                <sn arg="arg1" func="cd" tem="pat">
                  <spec gen="f" num="s">
                    <d gen="f" lem="el" num="s" pos="da0fs0" postype="article" wd="la"/>
                  </spec>
                  <grup.nom gen="f" num="s">
                    <n gen="f" lem="plantilla" num="s" pos="ncfs000" postype="common" sense="16:06092672" wd="plantilla"/>
                    <S clausetype="participle" impersonal="yes">
                      <f lem="," pos="fc" punct="comma" wd=","/>
                      <sadv arg="argM" func="cc" tem="tmp">
                        <grup.adv>
                          <r lem="actualment" pos="rg" wd="actualment"/>
                        </grup.adv>
                      </sadv>
                      <participi>
                        <a gen="f" lem="integrat" lss="B22.unaccusative-passive-transitive" num="s" pos="aq0fsp" posfunction="participle" postype="qualificative" wd="integrada"/>
                      </participi>
                      <sp arg="arg0" func="cag" tem="agt">
                        <prep>
                          <s lem="per" pos="sps00" postype="preposition" wd="per"/>
                        </prep>
                        <sn>
                          <spec gen="m" num="p">
                            <d gen="m" lem="un" num="p" pos="di0mp0" postype="indefinite" wd="uns"/>
                            <z lem="1300" ne="number" wd="1.300"/>
                          </spec>
                          <grup.nom gen="m" num="p">
                            <n gen="m" lem="treballador" num="p" pos="ncmp000" postype="common" sense="16:07240707" wd="treballadors"/>
                            <s.a gen="m" num="p">
                              <grup.a gen="m" num="p">
                                <a gen="c" lem="directe" num="p" pos="aq0cp0" postype="qualificative" wd="directes"/>
                              </grup.a>
                            </s.a>
                          </grup.nom>
                        </sn>
                      </sp>
                    </S>
                  </grup.nom>
                </sn>
              </S>
            </sp>
          </grup.nom>
        </sn>
      </S>
    </S>
    <f lem="." pos="fp" punct="period" wd="."/>
  </sentence>
  <sentence>
    <sn arg="arg0" func="suj" tem="agt">
      <spec gen="m" num="p">
        <d gen="m" lem="el" num="p" pos="da0mp0" postype="article" wd="Els"/>
      </spec>
      <grup.nom gen="m" num="p">
        <n gen="c" lem="responsable" num="p" pos="nccp000" postype="common" sense="16:07311393" wd="responsables"/>
        <sp>
          <prep>
            <s lem="de" pos="sps00" postype="preposition" wd="d'"/>
          </prep>
          <sn>
            <spec gen="f" num="p">
              <d gen="f" lem="aquest" num="p" pos="dd0fp0" postype="demonstrative" wd="aquestes"/>
            </spec>
            <grup.nom gen="f" num="p">
              <n gen="f" lem="institució" num="p" pos="ncfp000" postype="common" sense="16:06002286" wd="institucions"/>
            </grup.nom>
          </sn>
        </sp>
      </grup.nom>
    </sn>
    <grup.verb>
      <v lem="haver" mood="indicative" num="p" person="3" pos="vaip3p0" postype="auxiliary" tense="present" wd="han"/>
      <v gen="m" lem="mantenir" lss="A21.transitive-agentive-patient" mood="participle" num="s" pos="vmp00sm" postype="main" wd="mantingut"/>
    </grup.verb>
    <sn arg="arg1" func="cd" tem="pat">
      <grup.nom gen="m" num="p">
        <n gen="m" lem="contacte" num="p" pos="ncmp000" postype="common" sense="16:00023118" wd="contactes"/>
      </grup.nom>
    </sn>
    <sp arg="argM" coord="yes" func="cc" tem="adv">
      <sp>
        <prep>
          <s lem="amb" pos="sps00" postype="preposition" wd="amb"/>
        </prep>
        <sn>
          <spec gen="m" num="p">
            <d gen="m" lem="el" num="p" pos="da0mp0" postype="article" wd="els"/>
          </spec>
          <grup.nom gen="m" num="p">
            <n gen="c" lem="representant" num="p" pos="nccp000" postype="common" sense="16:07529131" wd="representants"/>
            <sp>
              <prep>
                <s contracted="yes" gen="m" lem="del" num="p" pos="spcmp" postype="preposition" wd="dels"/>
              </prep>
              <sn>
                <grup.nom gen="m" num="p">
                  <n gen="m" lem="treballador" num="p" pos="ncmp000" postype="common" sense="16:06957738" wd="treballadors"/>
                </grup.nom>
              </sn>
            </sp>
          </grup.nom>
        </sn>
      </sp>
      <conj conjunctiontype="coordinating">
        <c lem="i" pos="cc" postype="coordinating" wd="i"/>
      </conj>
      <sp>
        <sadv adjunct="yes">
          <grup.adv>
            <r lem="també" pos="rg" wd="també"/>
          </grup.adv>
        </sadv>
        <sp>
          <prep>
            <s lem="amb" pos="sps00" postype="preposition" wd="amb"/>
          </prep>
          <sn entityref="ne" ne="organization">
            <spec gen="f" num="s">
              <d gen="f" lem="el" num="s" pos="da0fs0" postype="article" wd="la"/>
            </spec>
            <grup.nom gen="f" num="s">
              <n gen="f" lem="direcció" num="s" pos="ncfs000" postype="common" sense="16:06201180" wd="direcció"/>
              <sp>
                <prep>
                  <s lem="de" pos="sps00" postype="preposition" wd="de"/>
                </prep>
                <sn entityref="ne" ne="organization">
                  <spec gen="f" num="s">
                    <d gen="c" lem="el" num="s" pos="da0cs0" postype="article" wd="l'"/>
                  </spec>
                  <grup.nom gen="f" num="s">
                    <n gen="f" lem="empresa" num="s" pos="ncfs000" postype="common" sense="16:06004580" wd="empresa"/>
                    <s.a gen="f" num="s">
                      <grup.a gen="f" num="s">
                        <a gen="f" lem="propietari" num="s" pos="aq0fs0" postype="qualificative" wd="propietària"/>
                        <sp>
                          <prep>
                            <s lem="de" pos="sps00" postype="preposition" wd="de"/>
                          </prep>
                          <sn>
                            <spec gen="f" num="p">
                              <d gen="f" lem="el" num="p" pos="da0fp0" postype="article" wd="les"/>
                            </spec>
                            <grup.nom gen="f" num="p">
                              <n gen="f" lem="mina" num="p" pos="ncfp000" postype="common" sense="16:03001546" wd="mines"/>
                            </grup.nom>
                          </sn>
                        </sp>
                      </grup.a>
                    </s.a>
                    <sn entityref="ne" ne="organization">
                      <f lem="," pos="fc" punct="comma" wd=","/>
                      <grup.nom>
                        <n lem="Iberpotash" ne="organization" pos="np0000o" postype="proper" sense="16:cs1" wd="Iberpotash"/>
                      </grup.nom>
                      <f lem="," pos="fc" punct="comma" wd=","/>
                    </sn>
                  </grup.nom>
                </sn>
              </sp>
            </grup.nom>
          </sn>
        </sp>
      </sp>
    </sp>
    <sp arg="argM" func="cc" tem="fin">
      <prep>
        <s lem="per" pos="sps00" postype="preposition" wd="per"/>
      </prep>
      <S clausetype="completive" impersonal="yes">
        <infinitiu>
          <v lem="conèixer" lss="A21.transitive-agentive-patient" mood="infinitive" pos="vmn0000" postype="main" wd="conèixer"/>
        </infinitiu>
        <sp arg="argM" func="cc" tem="adv">
          <prep>
            <s lem="de" pos="sps00" postype="preposition" wd="de"/>
          </prep>
          <sadv>
            <grup.adv>
              <r lem="prop" pos="rg" wd="prop"/>
            </grup.adv>
          </sadv>
        </sp>
        <sn arg="arg1" func="cd" tem="pat">
          <spec gen="f" num="s">
            <d gen="f" lem="el" num="s" pos="da0fs0" postype="article" wd="la"/>
          </spec>
          <grup.nom gen="f" num="s">
            <n gen="f" lem="situació" num="s" pos="ncfs000" postype="common" sense="16:10035141" wd="situació"/>
          </grup.nom>
        </sn>
      </S>
    </sp>
    <f lem="." pos="fp" punct="period" wd="."/>
  </sentence>
  <sentence coord="yes">
    <S>
      <S clausetype="adverbial" func="ao">
        <conj conjunctiontype="subordinating">
          <c lem="segons" pos="cs" postype="subordinating" wd="Segons"/>
        </conj>
        <grup.verb>
          <v lem="haver" mood="indicative" num="p" person="3" pos="vaip3p0" postype="auxiliary" tense="present" wd="han"/>
          <v gen="m" lem="informar" lss="A32.ditransitive-patient-benefactive" mood="participle" num="s" pos="vmp00sm" postype="main" wd="informat"/>
        </grup.verb>
        <sadv arg="argM" func="cc" tem="tmp">
          <grup.adv>
            <r lem="avui" pos="rg" wd="avui"/>
          </grup.adv>
        </sadv>
        <sn arg="arg0" coord="yes" func="suj" tem="agt">
          <sn coord="yes">
            <sn>
              <spec gen="m" num="p">
                <d gen="m" lem="el" num="p" pos="da0mp0" postype="article" wd="els"/>
              </spec>
              <grup.nom gen="m" num="p">
                <n gen="m" lem="alcalde" num="p" pos="ncmp000" postype="common" sense="16:07401898" wd="alcaldes"/>
              </grup.nom>
            </sn>
            <conj conjunctiontype="coordinating">
              <c lem="i" pos="cc" postype="coordinating" wd="i"/>
            </conj>
            <sn entityref="ne" ne="person">
              <spec gen="m" num="s">
                <d gen="m" lem="el" num="s" pos="da0ms0" postype="article" wd="el"/>
              </spec>
              <grup.nom gen="m" num="s">
                <n gen="m" lem="president" num="s" pos="ncms000" postype="common" sense="16:07496197" wd="president"/>
                <sp>
                  <prep>
                    <s contracted="yes" gen="m" lem="del" num="s" pos="spcms" postype="preposition" wd="del"/>
                  </prep>
                  <sn entityref="ne" ne="organization">
                    <grup.nom gen="m" num="s">
                      <n lem="Consell_Comarcal" ne="organization" pos="np0000o" postype="proper" sense="16:cs1" wd="Consell_Comarcal"/>
                    </grup.nom>
                  </sn>
                </sp>
              </grup.nom>
            </sn>
          </sn>
          <sp adjunct="yes">
            <prep>
              <s contracted="yes" gen="m" lem="del" num="s" pos="spcms" postype="preposition" wd="del"/>
            </prep>
            <sn entityref="ne" ne="location">
              <grup.nom gen="m" num="s">
                <n lem="Bages" ne="location" pos="np0000l" postype="proper" sense="16:cs1" wd="Bages"/>
              </grup.nom>
            </sn>
          </sp>
        </sn>
        <f lem="," pos="fc" punct="comma" wd=","/>
      </S>
      <sn arg="arg0" func="suj" tem="agt">
        <spec gen="f" num="s">
          <d gen="c" lem="el" num="s" pos="da0cs0" postype="article" wd="l'"/>
        </spec>
        <grup.nom gen="f" num="s">
          <n gen="f" lem="empresa" num="s" pos="ncfs000" postype="common" sense="16:06004580" wd="empresa"/>
        </grup.nom>
      </sn>
      <grup.verb>
        <v lem="haver" mood="indicative" num="s" person="3" pos="vaip3s0" postype="auxiliary" tense="present" wd="ha"/>
        <v gen="m" lem="fer" lss="A21.transitive-agentive-patient" mood="participle" num="s" pos="vmp00sm" postype="main" wd="fet"/>
      </grup.verb>
      <sa arg="arg2" func="cpred" predicate="cd" tem="atr">
        <grup.a>
          <a gen="f" lem="públic" num="s" pos="aq0fs0" postype="qualificative" wd="pública"/>
        </grup.a>
      </sa>
      <sn arg="arg1" func="cd" tem="pat">
        <spec gen="f" num="s">
          <d gen="f" lem="el" num="s" pos="da0fs0" postype="article" wd="la"/>
        </spec>
        <grup.nom gen="f" num="s">
          <n gen="f" lem="voluntat" num="s" pos="ncfs000" postype="common" sense="16:04589152" wd="voluntat"/>
          <sp>
            <prep>
              <s lem="de" pos="sps00" postype="preposition" wd="d'"/>
            </prep>
            <S clausetype="completive" impersonal="yes">
              <infinitiu>
                <v lem="invertir" lss="A34.ditransitive-patient-theme" mood="infinitive" pos="vmn0000" postype="main" wd="invertir"/>
              </infinitiu>
              <sp arg="arg2" func="cc" tem="tem">
                <prep>
                  <s lem="en" pos="sps00" postype="preposition" wd="en"/>
                </prep>
                <sn entityref="ne" ne="location">
                  <spec gen="f" num="s">
                    <d gen="f" lem="el" num="s" pos="da0fs0" postype="article" wd="la"/>
                  </spec>
                  <grup.nom gen="f" num="s">
                    <n gen="f" lem="conca" num="s" pos="ncfs000" postype="common" sense="16:06731236" wd="conca"/>
                    <s.a gen="f" num="s">
                      <grup.a gen="f" num="s">
                        <a gen="f" lem="miner" num="s" pos="aq0fs0" postype="qualificative" wd="minera"/>
                      </grup.a>
                    </s.a>
                    <sp>
                      <prep>
                        <s contracted="yes" gen="m" lem="del" num="s" pos="spcms" postype="preposition" wd="del"/>
                      </prep>
                      <sn entityref="ne" ne="location">
                        <grup.nom gen="m" num="s">
                          <n lem="Bages" ne="location" pos="np0000l" postype="proper" sense="16:cs1" wd="Bages"/>
                        </grup.nom>
                      </sn>
                    </sp>
                  </grup.nom>
                </sn>
              </sp>
            </S>
          </sp>
        </grup.nom>
      </sn>
      <f lem="," pos="fc" punct="comma" wd=","/>
    </S>
    <conj conjunctiontype="coordinating">
      <c lem="però" pos="cc" postype="coordinating" wd="però"/>
    </conj>
    <S>
      <sadv func="et">
        <grup.adv>
          <r lem="alhora" pos="rg" wd="alhora"/>
        </grup.adv>
      </sadv>
      <sn arg="arg0" elliptic="yes" func="suj" tem="agt"/>
      <grup.verb>
        <v lem="haver" mood="indicative" num="s" person="3" pos="vaip3s0" postype="auxiliary" tense="present" wd="ha"/>
        <v gen="m" lem="expressar" lss="A34.ditransitive-patient-theme" mood="participle" num="s" pos="vmp00sm" postype="main" wd="expressat"/>
      </grup.verb>
      <sn arg="arg1" func="cd" tem="pat">
        <spec gen="f" num="s">
          <d gen="f" lem="el" num="s" pos="da0fs0" postype="article" wd="la"/>
        </spec>
        <grup.nom gen="f" num="s">
          <n gen="f" lem="necessitat" num="s" pos="ncfs000" postype="common" sense="16:04028238" wd="necessitat"/>
          <sp coord="yes">
            <sp>
              <prep>
                <s lem="de" pos="sps00" postype="preposition" wd="de"/>
              </prep>
              <S clausetype="completive" impersonal="yes">
                <infinitiu>
                  <v lem="racionalitzar" lss="A11.transitive-causative" mood="infinitive" pos="vmn0000" postype="main" wd="racionalitzar"/>
                </infinitiu>
                <sn arg="arg1" func="cd" tem="tem">
                  <spec gen="f" num="s">
                    <d gen="f" lem="el" num="s" pos="da0fs0" postype="article" wd="la"/>
                  </spec>
                  <grup.nom gen="f" num="s">
                    <n gen="f" lem="producció" num="s" pos="ncfs000" postype="common" sense="16:02639315" wd="producció"/>
                  </grup.nom>
                </sn>
              </S>
            </sp>
            <conj conjunctiontype="coordinating">
              <c lem="i" pos="cc" postype="coordinating" wd="i"/>
            </conj>
            <sp>
              <prep>
                <s lem="de" pos="sps00" postype="preposition" wd="d'"/>
              </prep>
              <S clausetype="completive" impersonal="yes">
                <infinitiu>
                  <v lem="introduir" lss="A21.transitive-agentive-patient" mood="infinitive" pos="vmn0000" postype="main" wd="introduir"/>
                </infinitiu>
                <sn arg="arg1" func="cd" tem="pat">
                  <grup.nom gen="m" num="p">
                    <n gen="m" lem="canvi" num="p" pos="ncmp000" postype="common" sense="16:00125689" wd="canvis"/>
                  </grup.nom>
                </sn>
                <sp arg="arg3" func="cc" tem="loc">
                  <prep>
                    <s lem="en" pos="sps00" postype="preposition" wd="en"/>
                  </prep>
                  <sn>
                    <spec gen="m" num="s">
                      <d gen="m" lem="el" num="s" pos="da0ms0" postype="article" wd="el"/>
                    </spec>
                    <grup.nom gen="m" num="s">
                      <n gen="m" lem="sistema" num="s" pos="ncms000" postype="common" sense="16:04423455" wd="sistema"/>
                      <sp>
                        <prep>
                          <s lem="de" pos="sps00" postype="preposition" wd="de"/>
                        </prep>
                        <sn>
                          <grup.nom gen="m" num="s">
                            <n gen="m" lem="treball" num="s" pos="ncms000" postype="common" sense="16:00383807" wd="treball"/>
                          </grup.nom>
                        </sn>
                      </sp>
                    </grup.nom>
                  </sn>
                </sp>
              </S>
            </sp>
          </sp>
        </grup.nom>
      </sn>
    </S>
    <f lem="." pos="fp" punct="period" wd="."/>
  </sentence>
  <sentence coord="yes">
    <sp adjunct="yes" arg="argM" func="cc" tem="tmp">
      <prep>
        <s lem="en" pos="sps00" postype="preposition" wd="En"/>
      </prep>
      <sn>
        <spec gen="m" num="s">
          <d gen="m" lem="el" num="s" pos="da0ms0" postype="article" wd="el"/>
        </spec>
        <grup.nom gen="m" num="s">
          <n gen="m" lem="decurs" num="s" pos="ncms000" postype="common" sense="16:cs1" wd="decurs"/>
          <sp>
            <prep>
              <s lem="de" pos="sps00" postype="preposition" wd="de"/>
            </prep>
            <sn>
              <spec gen="f" num="s">
                <d gen="f" lem="el" num="s" pos="da0fs0" postype="article" wd="la"/>
              </spec>
              <grup.nom gen="f" num="s">
                <n gen="f" lem="trobada" num="s" pos="ncfs000" postype="common" sense="16:00799023" wd="trobada"/>
              </grup.nom>
            </sn>
          </sp>
        </grup.nom>
      </sn>
      <f lem="," pos="fc" punct="comma" wd=","/>
    </sp>
    <S coord="yes">
      <S>
        <sn arg="arg0" entityref="ne" func="suj" ne="organization" tem="agt">
          <grup.nom>
            <n lem="Iberpotash" ne="organization" pos="np0000o" postype="proper" sense="16:cs1" wd="Iberpotash"/>
          </grup.nom>
        </sn>
        <grup.verb>
          <v lem="haver" mood="indicative" num="s" person="3" pos="vaip3s0" postype="auxiliary" tense="present" wd="ha"/>
          <v gen="m" lem="justificar" lss="A21.transitive-agentive-patient" mood="participle" num="s" pos="vmp00sm" postype="main" wd="justificat"/>
        </grup.verb>
        <sn arg="arg1" func="cd" tem="pat">
          <spec gen="m" num="p">
            <d gen="m" lem="el_seu" num="p" person="3" pos="dp3mp0" postype="possessive" wd="els_seus"/>
          </spec>
          <grup.nom gen="m" num="p">
            <n gen="m" lem="argument" num="p" pos="ncmp000" postype="common" sense="16:05046324" wd="arguments"/>
          </grup.nom>
        </sn>
        <sp arg="argM" func="cc" tem="adv">
          <prep>
            <s lem="a_partir_de" pos="sps00" postype="preposition" wd="a_partir_de"/>
          </prep>
          <sn>
            <spec gen="f" num="s">
              <d gen="c" lem="el" num="s" pos="da0cs0" postype="article" wd="l'"/>
            </spec>
            <grup.nom gen="f" num="s">
              <n gen="f" lem="anàlisi" num="s" pos="ncfs000" postype="common" sense="16:00419850" wd="anàlisi"/>
              <S clausetype="relative">
                <relatiu arg="arg1" func="suj" tem="pat">
                  <p gen="c" lem="que" num="c" pos="pr0cn000" postype="relative" wd="que"/>
                </relatiu>
                <morfema.verbal func="pass">
                  <p gen="c" lem="es" num="c" pos="p0000000" wd="s'"/>
                </morfema.verbal>
                <grup.verb>
                  <v lem="haver" mood="indicative" num="s" person="3" pos="vaip3s0" postype="auxiliary" tense="present" wd="ha"/>
                  <v gen="m" lem="fer" lss="B22.unaccusative-passive-transitive" mood="participle" num="s" pos="vmp00sm" postype="main" wd="fet"/>
                </grup.verb>
                <sadv arg="argM" func="cc" tem="mnr">
                  <grup.adv>
                    <r lem="internament" pos="rg" wd="internament"/>
                  </grup.adv>
                </sadv>
              </S>
            </grup.nom>
          </sn>
        </sp>
      </S>
      <conj conjunctiontype="coordinating">
        <c lem="i" pos="cc" postype="coordinating" wd="i"/>
      </conj>
      <S>
        <sn arg="arg0" elliptic="yes" func="suj" tem="agt"/>
        <sn arg="arg1" func="cd" tem="pat">
          <grup.nom gen="f" num="s">
            <p case="accusative" gen="c" lem="ell" num="s" person="3" pos="pp3csa00" postype="personal" wd="l'"/>
          </grup.nom>
        </sn>
        <grup.verb>
          <v lem="haver" mood="indicative" num="s" person="3" pos="vaip3s0" postype="auxiliary" tense="present" wd="ha"/>
          <v gen="f" lem="avalar" lss="A21.transitive-agentive-patient" mood="participle" num="s" pos="vmp00sf" postype="main" wd="avalada"/>
        </grup.verb>
        <sp arg="argM" func="cc" tem="adv">
          <prep>
            <s lem="amb" pos="sps00" postype="preposition" wd="amb"/>
          </prep>
          <sn>
            <spec gen="m" num="s">
              <d gen="m" lem="el" num="s" pos="da0ms0" postype="article" wd="el"/>
            </spec>
            <grup.nom gen="m" num="s">
              <n gen="m" lem="contingut" num="s" pos="ncms000" postype="common" sense="16:04949838" wd="contingut"/>
              <sp>
                <prep>
                  <s lem="de" pos="sps00" postype="preposition" wd="d'"/>
                </prep>
                <sn>
                  <spec gen="f" num="s">
                    <d gen="f" lem="un" num="s" pos="di0fs0" postype="indefinite" wd="una"/>
                  </spec>
                  <grup.nom gen="f" num="s">
                    <n gen="f" lem="consultoria" num="s" pos="ncfs000" postype="common" sense="16:cs1" wd="consultoria"/>
                    <s.a gen="f" num="s">
                      <grup.a gen="f" num="s">
                        <a gen="f" lem="extern" num="s" pos="aq0fs0" postype="qualificative" wd="externa"/>
                      </grup.a>
                    </s.a>
                    <S clausetype="relative">
                      <relatiu arg="arg1" func="cd" tem="pat">
                        <p gen="c" lem="que" num="c" pos="pr0cn000" postype="relative" wd="que"/>
                      </relatiu>
                      <sn arg="arg0" elliptic="yes" func="suj" tem="agt"/>
                      <grup.verb>
                        <v lem="haver" mood="indicative" num="s" person="3" pos="vaip3s0" postype="auxiliary" tense="present" wd="ha"/>
                        <v gen="m" lem="encarregar" lss="A32.ditransitive-patient-benefactive" mood="participle" num="s" pos="vmp00sm" postype="main" wd="encarregat"/>
                      </grup.verb>
                    </S>
                    <S clausetype="relative">
                      <f lem="," pos="fc" punct="comma" wd=","/>
                      <sp discid="1c">
                        <prep>
                          <s lem="de" pos="sps00" postype="preposition" wd="de"/>
                        </prep>
                        <relatiu>
                          <d gen="f" lem="el" num="s" pos="da0fs0" postype="article" wd="la"/>
                          <p gen="c" lem="qual" num="s" pos="pr0cs000" postype="relative" wd="qual"/>
                        </relatiu>
                      </sp>
                      <sn arg="arg0" elliptic="yes" func="suj" tem="agt"/>
                      <neg func="mod">
                        <r lem="no" pos="rn" postype="negative" wd="no"/>
                      </neg>
                      <sn discid="1c">
                        <grup.nom>
                          <p gen="c" lem="en" num="c" person="3" pos="pp3cn000" postype="personal" wd="n'"/>
                        </grup.nom>
                      </sn>
                      <grup.verb>
                        <v lem="haver" mood="indicative" num="s" person="3" pos="vaip3s0" postype="auxiliary" tense="present" wd="ha"/>
                        <v gen="m" lem="fer" lss="A21.transitive-agentive-patient" mood="participle" num="s" pos="vmp00sm" postype="main" wd="fet"/>
                      </grup.verb>
                      <sa arg="arg2" func="cpred" predicate="cd" tem="atr">
                        <grup.a>
                          <a gen="m" lem="públic" num="s" pos="aq0ms0" postype="qualificative" wd="públic"/>
                        </grup.a>
                      </sa>
                      <sn arg="arg1" func="cd" tem="pat">
                        <spec gen="m" num="s">
                          <d gen="c" lem="cap" num="s" pos="di0cs0" postype="indefinite" wd="cap"/>
                        </spec>
                        <grup.nom discid="1n" gen="m" num="s">
                          <n gen="m" lem="detall" num="s" pos="ncms000" postype="common" sense="16:cs1" wd="detall"/>
                        </grup.nom>
                      </sn>
                    </S>
                  </grup.nom>
                </sn>
              </sp>
            </grup.nom>
          </sn>
        </sp>
      </S>
    </S>
    <f lem="." pos="fp" punct="period" wd="."/>
  </sentence>
  <sentence>
    <sn arg="arg1" func="suj" tem="tem">
      <spec gen="f" num="s">
        <d gen="f" lem="el" num="s" pos="da0fs0" postype="article" wd="La"/>
        <d gen="f" lem="poc" num="s" pos="di0fs0" postype="indefinite" wd="poca"/>
      </spec>
      <grup.nom gen="f" num="s">
        <n gen="f" lem="precisió" num="s" pos="ncfs000" postype="common" sense="16:03768956" wd="precisió"/>
        <sp>
          <prep>
            <s lem="en" pos="sps00" postype="preposition" wd="en"/>
          </prep>
          <sn>
            <spec gen="f" num="p">
              <d gen="f" lem="el" num="p" pos="da0fp0" postype="article" wd="les"/>
            </spec>
            <grup.nom gen="f" num="p">
              <n gen="f" lem="explicació" num="p" pos="ncfp000" postype="common" sense="16:04465274" wd="explicacions"/>
              <sp>
                <prep>
                  <s lem="de" pos="sps00" postype="preposition" wd="d'"/>
                </prep>
                <sn entityref="ne" ne="organization">
                  <grup.nom>
                    <n lem="Iberpotash" ne="organization" pos="np0000o" postype="proper" sense="16:cs1" wd="Iberpotash"/>
                  </grup.nom>
                </sn>
              </sp>
            </grup.nom>
          </sn>
        </sp>
      </grup.nom>
    </sn>
    <grup.verb>
      <v lem="ser" lss="C21.state-attributive" mood="indicative" num="s" person="3" pos="vmip3s0" postype="main" tense="present" wd="és"/>
    </grup.verb>
    <sn arg="arg2" func="atr" tem="atr">
      <grup.nom gen="m" num="s">
        <p gen="m" lem="un" num="s" pos="pi0ms000" postype="indefinite" wd="un"/>
        <sp>
          <prep>
            <s contracted="yes" gen="m" lem="del" num="p" pos="spcmp" postype="preposition" wd="dels"/>
          </prep>
          <sn>
            <grup.nom gen="m" num="p">
              <n gen="m" lem="motiu" num="p" pos="ncmp000" postype="common" sense="16:06660089" wd="motius"/>
              <sp>
                <prep>
                  <s lem="de" pos="sps00" postype="preposition" wd="de"/>
                </prep>
                <sn>
                  <spec gen="f" num="s">
                    <d gen="f" lem="el" num="s" pos="da0fs0" postype="article" wd="la"/>
                  </spec>
                  <grup.nom gen="f" num="s">
                    <n gen="f" lem="preocupació" num="s" pos="ncfs000" postype="common" sense="16:05594203" wd="preocupació"/>
                    <S clausetype="relative">
                      <relatiu arg="arg1" func="cd" tem="pat">
                        <p gen="c" lem="que" num="c" pos="pr0cn000" postype="relative" wd="que"/>
                      </relatiu>
                      <grup.verb>
                        <v lem="haver" mood="indicative" num="p" person="3" pos="vaip3p0" postype="auxiliary" tense="present" wd="han"/>
                        <v gen="m" lem="manifestar" lss="A32.ditransitive-patient-benefactive" mood="participle" num="s" pos="vmp00sm" postype="main" wd="manifestat"/>
                      </grup.verb>
                      <sadv arg="argM" func="cc" tem="tmp">
                        <grup.adv>
                          <r lem="avui" pos="rg" wd="avui"/>
                        </grup.adv>
                      </sadv>
                      <sn arg="arg0" coord="yes" func="suj" tem="agt">
                        <sn coord="yes">
                          <sn>
                            <spec gen="m" num="p">
                              <d gen="m" lem="el" num="p" pos="da0mp0" postype="article" wd="els"/>
                            </spec>
                            <grup.nom gen="m" num="p">
                              <n gen="m" lem="alcalde" num="p" pos="ncmp000" postype="common" sense="16:07401898" wd="alcaldes"/>
                            </grup.nom>
                          </sn>
                          <conj conjunctiontype="coordinating">
                            <c lem="i" pos="cc" postype="coordinating" wd="i"/>
                          </conj>
                          <sn entityref="ne" ne="person">
                            <spec gen="m" num="s">
                              <d gen="m" lem="el" num="s" pos="da0ms0" postype="article" wd="el"/>
                            </spec>
                            <grup.nom gen="m" num="s">
                              <n gen="m" lem="president" num="s" pos="ncms000" postype="common" sense="16:07496197" wd="president"/>
                              <sp>
                                <prep>
                                  <s contracted="yes" gen="m" lem="del" num="s" pos="spcms" postype="preposition" wd="del"/>
                                </prep>
                                <sn entityref="ne" ne="organization">
                                  <grup.nom gen="m" num="s">
                                    <n lem="Consell_Comarcal" ne="organization" pos="np0000o" postype="proper" sense="16:cs1" wd="Consell_Comarcal"/>
                                  </grup.nom>
                                </sn>
                              </sp>
                            </grup.nom>
                          </sn>
                        </sn>
                        <sp adjunct="yes">
                          <prep>
                            <s contracted="yes" gen="m" lem="del" num="s" pos="spcms" postype="preposition" wd="del"/>
                          </prep>
                          <sn entityref="ne" ne="location">
                            <grup.nom gen="m" num="s">
                              <n lem="Bages" ne="location" pos="np0000l" postype="proper" sense="16:cs1" wd="Bages"/>
                            </grup.nom>
                          </sn>
                        </sp>
                      </sn>
                    </S>
                  </grup.nom>
                </sn>
              </sp>
            </grup.nom>
          </sn>
        </sp>
      </grup.nom>
    </sn>
    <f lem="." pos="fp" punct="period" wd="."/>
  </sentence>
  <sentence>
    <sp func="et">
      <prep>
        <s lem="en" pos="sps00" postype="preposition" wd="En"/>
      </prep>
      <sn>
        <spec gen="m" num="s">
          <d gen="m" lem="aquest" num="s" pos="dd0ms0" postype="demonstrative" wd="aquest"/>
        </spec>
        <grup.nom gen="m" num="s">
          <n gen="m" lem="sentit" num="s" pos="ncms000" postype="common" sense="16:cs1" wd="sentit"/>
        </grup.nom>
      </sn>
    </sp>
    <sn arg="arg0" elliptic="yes" func="suj" tem="agt"/>
    <grup.verb>
      <v lem="haver" mood="indicative" num="p" person="3" pos="vaip3p0" postype="auxiliary" tense="present" wd="han"/>
      <v gen="m" lem="anunciar" lss="A32.ditransitive-patient-benefactive" mood="participle" num="s" pos="vmp00sm" postype="main" wd="anunciat"/>
    </grup.verb>
    <S arg="arg1" clausetype="completive" func="cd" tem="pat">
      <conj conjunctiontype="subordinating">
        <c lem="que" pos="cs" postype="subordinating" wd="que"/>
      </conj>
      <sn arg="arg0" elliptic="yes" func="suj" tem="agt"/>
      <grup.verb>
        <v lem="haver" mood="indicative" num="p" person="3" pos="vaip3p0" postype="auxiliary" tense="present" wd="han"/>
        <v gen="m" lem="demanar" lss="A32.ditransitive-patient-benefactive" mood="participle" num="s" pos="vmp00sm" postype="main" wd="demanat"/>
      </grup.verb>
      <sn arg="arg1" func="cd" tem="pat">
        <spec gen="f" num="s">
          <d gen="f" lem="un" num="s" pos="di0fs0" postype="indefinite" wd="una"/>
        </spec>
        <grup.nom gen="f" num="s">
          <n gen="f" lem="entrevista" num="s" pos="ncfs000" postype="common" sense="16:05344204" wd="entrevista"/>
          <sp>
            <prep>
              <s lem="amb" pos="sps00" postype="preposition" wd="amb"/>
            </prep>
            <sn entityref="ne" ne="person">
              <spec gen="m" num="s">
                <d gen="m" lem="el" num="s" pos="da0ms0" postype="article" wd="el"/>
              </spec>
              <grup.nom gen="m" num="s">
                <n gen="m" lem="conseller" num="s" pos="ncms000" postype="common" sense="16:07412658" wd="conseller"/>
                <sp>
                  <prep>
                    <s lem="de" pos="sps00" postype="preposition" wd="d'"/>
                  </prep>
                  <sn entityref="ne" ne="organization">
                    <grup.nom>
                      <n lem="Indústria" ne="organization" pos="np0000o" postype="proper" sense="16:cs1" wd="Indústria"/>
                    </grup.nom>
                  </sn>
                </sp>
                <sn entityref="ne" ne="person">
                  <f lem="," pos="fc" punct="comma" wd=","/>
                  <grup.nom gen="m" num="s">
                    <n lem="Antoni_Subirà" ne="person" pos="np0000p" postype="proper" sense="16:cs1" wd="Antoni_Subirà"/>
                  </grup.nom>
                  <f lem="," pos="fc" punct="comma" wd=","/>
                </sn>
              </grup.nom>
            </sn>
          </sp>
        </grup.nom>
      </sn>
      <sp arg="argM" func="cc" tem="fin">
        <prep>
          <s lem="per" pos="sps00" postype="preposition" wd="per"/>
        </prep>
        <sp>
          <prep>
            <s lem="a" pos="sps00" postype="preposition" wd="a"/>
          </prep>
          <S clausetype="completive" impersonal="yes">
            <infinitiu>
              <v lem="tractar" lss="A31.ditransitive-patient-locative" mood="infinitive" pos="vmn0000" postype="main" wd="tractar"/>
            </infinitiu>
            <sn arg="arg1" func="cd" tem="pat">
              <spec gen="m" num="s">
                <d gen="m" lem="aquest" num="s" pos="dd0ms0" postype="demonstrative" wd="aquest"/>
              </spec>
              <grup.nom gen="m" num="s">
                <n gen="m" lem="tema" num="s" pos="ncms000" postype="common" sense="16:04950638" wd="tema"/>
              </grup.nom>
            </sn>
          </S>
        </sp>
      </sp>
    </S>
    <f lem="." pos="fp" punct="period" wd="."/>
  </sentence>
  <sentence coord="yes">
    <sp adjunct="yes" func="ao">
      <prep>
        <s lem="segons" pos="sps00" postype="preposition" wd="Segons"/>
      </prep>
      <sn entityref="ne" ne="person">
        <spec gen="m" num="s">
          <d gen="m" lem="el" num="s" pos="da0ms0" postype="article" wd="el"/>
        </spec>
        <grup.nom gen="m" num="s">
          <n gen="m" lem="president" num="s" pos="ncms000" postype="common" sense="16:07496197" wd="president"/>
          <sp>
            <prep>
              <s contracted="yes" gen="m" lem="del" num="s" pos="spcms" postype="preposition" wd="del"/>
            </prep>
            <sn entityref="ne" ne="organization">
              <grup.nom gen="m" num="s">
                <n lem="Consell_Comarcal" ne="organization" pos="np0000o" postype="proper" sense="16:cs1" wd="Consell_Comarcal"/>
              </grup.nom>
            </sn>
          </sp>
          <sn entityref="ne" ne="person">
            <f lem="," pos="fc" punct="comma" wd=","/>
            <grup.nom gen="m" num="s">
              <n lem="Agustí_Redó" ne="person" pos="np0000p" postype="proper" sense="16:cs1" wd="Agustí_Redó"/>
            </grup.nom>
            <f lem="," pos="fc" punct="comma" wd=","/>
          </sn>
        </grup.nom>
      </sn>
    </sp>
    <S>
      <sn arg="arg1" func="suj" tem="tem">
        <spec gen="f" num="s">
          <d gen="f" lem="el" num="s" pos="da0fs0" postype="article" wd="la"/>
        </spec>
        <grup.nom gen="f" num="s">
          <n gen="f" lem="mineria" num="s" pos="ncfs000" postype="common" sense="16:00617536" wd="mineria"/>
          <S clausetype="relative">
            <f lem="," pos="fc" punct="comma" wd=","/>
            <relatiu arg="arg0" func="suj" tem="agt">
              <p gen="c" lem="que" num="c" pos="pr0cn000" postype="relative" wd="que"/>
            </relatiu>
            <grup.verb>
              <v lem="ocupar" lss="A21.transitive-agentive-patient" mood="indicative" num="s" person="3" pos="vmip3s0" postype="main" tense="present" wd="ocupa"/>
            </grup.verb>
            <sadv arg="argM" func="cc" tem="adv">
              <grup.adv>
                <r lem="directament" pos="rg" wd="directament"/>
              </grup.adv>
            </sadv>
            <sn arg="arg1" func="cd" tem="pat">
              <spec gen="f" num="p">
                <d gen="f" lem="un" num="p" pos="di0fp0" postype="indefinite" wd="unes"/>
                <z lem="1300" ne="number" wd="1.300"/>
              </spec>
              <grup.nom gen="f" num="p">
                <n gen="f" lem="persona" num="p" pos="ncfp000" postype="common" sense="16:00004123" wd="persones"/>
              </grup.nom>
            </sn>
            <f lem="," pos="fc" punct="comma" wd=","/>
          </S>
        </grup.nom>
      </sn>
      <grup.verb>
        <v lem="ser" lss="C21.state-attributive" mood="indicative" num="s" person="3" pos="vmip3s0" postype="main" tense="present" wd="és"/>
      </grup.verb>
      <sn arg="arg2" func="atr" tem="atr">
        <spec gen="m" num="s">
          <d gen="m" lem="un" num="s" pos="di0ms0" postype="indefinite" wd="un"/>
        </spec>
        <grup.nom gen="m" num="s">
          <n gen="m" lem="sector" num="s" pos="ncms000" postype="common" sense="16:06214548" wd="sector"/>
          <s.a gen="m" num="s">
            <grup.a gen="m" num="s">
              <a gen="m" lem="estratègic" num="s" pos="aq0ms0" postype="qualificative" wd="estratègic"/>
            </grup.a>
          </s.a>
        </grup.nom>
      </sn>
      <sp arg="argM" func="cc" tem="loc">
        <prep>
          <s contracted="yes" gen="m" lem="al" num="s" pos="spcms" postype="preposition" wd="al"/>
        </prep>
        <sn entityref="ne" ne="location">
          <grup.nom gen="m" num="s">
            <n lem="Bages" ne="location" pos="np0000l" postype="proper" sense="16:cs1" wd="Bages"/>
          </grup.nom>
        </sn>
      </sp>
    </S>
    <conj conjunctiontype="coordinating">
      <c lem="i" pos="cc" postype="coordinating" wd="i"/>
    </conj>
    <S coord="yes">
      <sadv adjunct="yes" func="et">
        <grup.adv>
          <r lem="per_tant" pos="rg" wd="per_tant"/>
        </grup.adv>
      </sadv>
      <S coord="yes">
        <f lem="," pos="fc" punct="comma" wd=","/>
        <S>
          <sn arg="arg0" entityref="ne" func="suj" ne="organization" tem="agt">
            <spec gen="m" num="s">
              <d gen="m" lem="el" num="s" pos="da0ms0" postype="article" wd="el"/>
            </spec>
            <grup.nom gen="m" num="s">
              <n lem="Consell" ne="organization" pos="np0000o" postype="proper" sense="16:cs1" wd="Consell"/>
            </grup.nom>
          </sn>
          <grup.verb>
            <v lem="haver" mood="indicative" num="s" person="3" pos="vaip3s0" postype="auxiliary" tense="present" wd="ha"/>
            <s lem="de" pos="sps00" postype="preposition" wd="d'"/>
            <infinitiu>
              <v lem="assumir" lss="A21.transitive-agentive-patient" mood="infinitive" pos="vmn0000" postype="main" wd="assumir"/>
            </infinitiu>
          </grup.verb>
          <sn arg="arg1" func="cd" tem="pat">
            <spec gen="f" num="p">
              <d gen="f" lem="el_seu" num="p" person="3" pos="dp3fp0" postype="possessive" wd="les_seves"/>
            </spec>
            <grup.nom gen="f" num="p">
              <n gen="f" lem="responsabilitat" num="p" pos="ncfp000" postype="common" sense="16:10411732" wd="responsabilitats"/>
            </grup.nom>
          </sn>
        </S>
        <conj conjunctiontype="coordinating">
          <c lem="i" pos="cc" postype="coordinating" wd="i"/>
        </conj>
        <S verbless="yes">
          <infinitiu>
            <v lem="exercir" lss="C11.state-existential" mood="infinitive" pos="vmn0000" postype="main" wd="exercir"/>
          </infinitiu>
          <sp>
            <prep>
              <s lem="com_a" pos="sps00" postype="preposition" wd="com_a"/>
            </prep>
            <sn>
              <grup.nom gen="m" num="s">
                <n gen="m" lem="mitjancer" num="s" pos="ncms000" postype="common" sense="16:06951922" wd="mitjancer"/>
              </grup.nom>
            </sn>
          </sp>
        </S>
      </S>
      <S adjunct="yes" clausesubtype="conditional" clausetype="adverbial" func="ao">
        <conj conjunctiontype="subordinating">
          <c lem="en_el_cas_que" pos="cs" postype="subordinating" wd="en_el_cas_que"/>
        </conj>
        <morfema.pronominal>
          <p gen="c" lem="hi" num="c" person="3" pos="pp3cn000" postype="personal" wd="hi"/>
        </morfema.pronominal>
        <grup.verb>
          <v lem="haver" lss="C11.state-existential" mood="subjunctive" num="s" person="3" pos="vmsp3s0" postype="main" tense="present" wd="hagi"/>
        </grup.verb>
        <sn arg="arg1" func="cd" functype="quantitative" tem="tem">
          <grup.nom gen="f" num="p">
            <n gen="f" lem="situació" num="p" pos="ncfp000" postype="common" sense="16:10035141" wd="situacions"/>
            <s.a gen="f" num="p">
              <grup.a gen="f" num="p">
                <a gen="f" lem="conflictiu" num="p" pos="aq0fp0" postype="qualificative" wd="conflictives"/>
              </grup.a>
            </s.a>
            <S clausetype="relative">
              <relatiu arg="arg0" func="suj" tem="agt">
                <p gen="c" lem="que" num="c" pos="pr0cn000" postype="relative" wd="que"/>
              </relatiu>
              <grup.verb>
                <v lem="amenaçar" lss="A34.ditransitive-patient-theme" mood="subjunctive" num="p" person="3" pos="vmsp3p0" postype="main" tense="present" wd="amenacin"/>
              </grup.verb>
              <sn arg="arg1" func="cd" tem="pat">
                <spec gen="f" num="s">
                  <d gen="f" lem="un" num="s" pos="di0fs0" postype="indefinite" wd="una"/>
                </spec>
                <grup.nom gen="f" num="s">
                  <n gen="f" lem="part" num="s" pos="ncfs000" postype="common" sense="16:03296757" wd="part"/>
                  <s.a gen="f" num="s">
                    <grup.a gen="f" num="s">
                      <a gen="c" lem="important" num="s" pos="aq0cs0" postype="qualificative" wd="important"/>
                    </grup.a>
                  </s.a>
                  <sp>
                    <prep>
                      <s lem="de" pos="sps00" postype="preposition" wd="de"/>
                    </prep>
                    <sn entityref="ne" ne="other">
                      <spec gen="f" num="s">
                        <d gen="f" lem="el" num="s" pos="da0fs0" postype="article" wd="la"/>
                      </spec>
                      <grup.nom gen="f" num="s">
                        <n gen="f" lem="societat" num="s" pos="ncfs000" postype="common" sense="16:05973283" wd="societat"/>
                        <sp>
                          <prep>
                            <s contracted="yes" gen="m" lem="del" num="s" pos="spcms" postype="preposition" wd="del"/>
                          </prep>
                          <sn entityref="ne" ne="location">
                            <grup.nom gen="m" num="s">
                              <n lem="Bages" ne="location" pos="np0000l" postype="proper" sense="16:cs1" wd="Bages"/>
                            </grup.nom>
                          </sn>
                        </sp>
                      </grup.nom>
                    </sn>
                  </sp>
                </grup.nom>
              </sn>
            </S>
          </grup.nom>
        </sn>
      </S>
    </S>
    <f lem="." pos="fp" punct="period" wd="."/>
  </sentence>
  <sentence>
    <sp arg="argM" func="cc" tem="loc">
      <prep>
        <s lem="en" pos="sps00" postype="preposition" wd="En"/>
      </prep>
      <sn>
        <spec gen="f" num="s">
          <d gen="f" lem="el" num="s" pos="da0fs0" postype="article" wd="la"/>
        </spec>
        <grup.nom gen="f" num="s">
          <n gen="f" lem="reunió" num="s" pos="ncfs000" postype="common" sense="16:06166238" wd="reunió"/>
          <sp>
            <prep>
              <s lem="amb" pos="sps00" postype="preposition" wd="amb"/>
            </prep>
            <sn entityref="ne" ne="person">
              <spec gen="m" num="s">
                <d gen="m" lem="el" num="s" pos="da0ms0" postype="article" wd="el"/>
              </spec>
              <grup.nom gen="m" num="s">
                <n gen="m" lem="conseller" num="s" pos="ncms000" postype="common" sense="16:07412658" wd="conseller"/>
                <sp>
                  <prep>
                    <s lem="de" pos="sps00" postype="preposition" wd="d'"/>
                  </prep>
                  <sn entityref="ne" ne="organization">
                    <grup.nom>
                      <n lem="Indústria" ne="organization" pos="np0000o" postype="proper" sense="16:cs1" wd="Indústria"/>
                    </grup.nom>
                  </sn>
                </sp>
              </grup.nom>
            </sn>
          </sp>
        </grup.nom>
      </sn>
      <f lem="," pos="fc" punct="comma" wd=","/>
    </sp>
    <sn arg="arg0" entityref="ne" func="suj" ne="person" tem="agt">
      <spec gen="m" num="p">
        <d gen="m" lem="el" num="p" pos="da0mp0" postype="article" wd="els"/>
      </spec>
      <grup.nom gen="m" num="p">
        <n gen="c" lem="representant" num="p" pos="nccp000" postype="common" sense="16:07529131" wd="representants"/>
        <s.a gen="m" num="p">
          <grup.a gen="m" num="p">
            <a gen="c" lem="institucional" num="p" pos="aq0cp0" postype="qualificative" wd="institucionals"/>
          </grup.a>
        </s.a>
        <sp>
          <prep>
            <s contracted="yes" gen="m" lem="del" num="s" pos="spcms" postype="preposition" wd="del"/>
          </prep>
          <sn entityref="ne" ne="location">
            <grup.nom gen="m" num="s">
              <n lem="Bages" ne="location" pos="np0000l" postype="proper" wd="Bages"/>
            </grup.nom>
          </sn>
        </sp>
      </grup.nom>
    </sn>
    <grup.verb>
      <v lem="demanar" lss="A32.ditransitive-patient-benefactive" mood="indicative" num="p" person="3" pos="vmif3p0" postype="main" tense="future" wd="demanaran"/>
    </grup.verb>
    <sn arg="arg1" func="cd" tem="pat">
      <grup.nom gen="f" num="s">
        <n gen="f" lem="informació" num="s" pos="ncfs000" postype="common" sense="16:04977171" wd="informació"/>
        <sp>
          <prep>
            <s lem="sobre" pos="sps00" postype="preposition" wd="sobre"/>
          </prep>
          <sn>
            <spec gen="f" num="p">
              <d gen="f" lem="el" num="p" pos="da0fp0" postype="article" wd="les"/>
            </spec>
            <grup.nom gen="f" num="p">
              <n gen="f" lem="condició" num="p" pos="ncfp000" postype="common" sense="16:10032130" wd="condicions"/>
              <S clausetype="relative">
                <sp arg="argM" func="cc" tem="adv">
                  <prep>
                    <s lem="en" pos="sps00" postype="preposition" wd="en"/>
                  </prep>
                  <relatiu>
                    <d gen="f" lem="el" num="p" pos="da0fp0" postype="article" wd="les"/>
                    <p gen="c" lem="qual" num="p" pos="pr0cp000" postype="relative" wd="quals"/>
                  </relatiu>
                </sp>
                <morfema.verbal func="pass">
                  <p gen="c" lem="es" num="c" pos="p0000000" wd="es"/>
                </morfema.verbal>
                <grup.verb>
                  <v lem="anar" mood="indicative" num="s" person="3" pos="vaip3s0" postype="auxiliary" tense="present" wd="va"/>
                  <v lem="efectuar" lss="B22.unaccusative-passive-transitive" mood="infinitive" pos="vmn0000" postype="main" wd="efectuar"/>
                </grup.verb>
                <sn arg="arg1" func="suj" tem="pat">
                  <spec gen="f" num="s">
                    <d gen="c" lem="el" num="s" pos="da0cs0" postype="article" wd="l'"/>
                  </spec>
                  <grup.nom gen="f" num="s">
                    <n gen="f" lem="operació" num="s" pos="ncfs000" postype="common" sense="16:00709934" wd="operació"/>
                    <sp>
                      <prep>
                        <s lem="de" pos="sps00" postype="preposition" wd="de"/>
                      </prep>
                      <sn>
                        <grup.nom gen="f" num="s">
                          <n gen="f" lem="privatització" num="s" pos="ncfs000" postype="common" sense="16:00746822" wd="privatització"/>
                        </grup.nom>
                      </sn>
                    </sp>
                    <sp>
                      <prep>
                        <s lem="de" pos="sps00" postype="preposition" wd="de"/>
                      </prep>
                      <sn>
                        <spec gen="f" num="p">
                          <d gen="f" lem="el" num="p" pos="da0fp0" postype="article" wd="les"/>
                        </spec>
                        <grup.nom gen="f" num="p">
                          <n gen="f" lem="mina" num="p" pos="ncfp000" postype="common" sense="16:03001546" wd="mines"/>
                        </grup.nom>
                      </sn>
                    </sp>
                  </grup.nom>
                </sn>
              </S>
            </grup.nom>
          </sn>
        </sp>
      </grup.nom>
    </sn>
    <f lem="." pos="fp" punct="period" wd="."/>
  </sentence>
  <sentence>
    <sp func="ao">
      <prep>
        <s lem="segons" pos="sps00" postype="preposition" wd="Segons"/>
      </prep>
      <sn entityref="ne" ne="person">
        <spec gen="m" num="s">
          <d gen="c" lem="el" num="s" pos="da0cs0" postype="article" wd="l'"/>
        </spec>
        <grup.nom gen="m" num="s">
          <n gen="m" lem="alcalde" num="s" pos="ncms000" postype="common" sense="16:07401898" wd="alcalde"/>
          <sp>
            <prep>
              <s lem="de" pos="sps00" postype="preposition" wd="de"/>
            </prep>
            <sn entityref="ne" ne="location">
              <grup.nom>
                <n lem="Súria" ne="location" pos="np0000l" postype="proper" wd="Súria"/>
              </grup.nom>
            </sn>
          </sp>
          <sn entityref="ne" ne="person">
            <f lem="," pos="fc" punct="comma" wd=","/>
            <grup.nom gen="m" num="s">
              <n lem="Antoni_Julián" ne="person" pos="np0000p" postype="proper" sense="16:cs1" wd="Antoni_Julián"/>
            </grup.nom>
            <f lem="," pos="fc" punct="comma" wd=","/>
          </sn>
        </grup.nom>
      </sn>
    </sp>
    <neg func="mod">
      <r lem="no" pos="rn" postype="negative" wd="no"/>
    </neg>
    <grup.verb>
      <v lem="ser" lss="C21.state-attributive" mood="indicative" num="s" person="3" pos="vmip3s0" postype="main" tense="present" wd="és"/>
    </grup.verb>
    <sa arg="arg2" func="atr" tem="atr">
      <grup.a>
        <a gen="c" lem="normal" num="s" pos="aq0cs0" postype="qualificative" wd="normal"/>
      </grup.a>
    </sa>
    <S arg="arg1" clausetype="completive" func="suj" tem="tem">
      <conj conjunctiontype="subordinating">
        <c lem="que" pos="cs" postype="subordinating" wd="que"/>
      </conj>
      <sp arg="argM" func="cc" tem="tmp">
        <prep>
          <s lem="fins" pos="sps00" postype="preposition" wd="fins"/>
        </prep>
        <sadv>
          <grup.adv>
            <r lem="ara" pos="rg" wd="ara"/>
          </grup.adv>
        </sadv>
      </sp>
      <neg func="mod">
        <r lem="no" pos="rn" postype="negative" wd="no"/>
      </neg>
      <morfema.verbal func="pass">
        <p gen="c" lem="es" num="c" pos="p0000000" wd="s'"/>
      </morfema.verbal>
      <grup.verb>
        <v lem="haver" mood="subjunctive" num="p" person="3" pos="vasp3p0" postype="auxiliary" tense="present" wd="hagin"/>
        <v gen="m" lem="donar_a_conèixer" lss="B12.unaccusative-passive-ditransitive" mood="participle" num="s" pos="vmp00sm" postype="main" wd="donat_a_conèixer"/>
      </grup.verb>
      <S arg="arg1" clausetype="completive" func="suj" tem="pat">
        <sn arg="arg1" func="cd" tem="pat">
          <spec gen="m" num="p">
            <d gen="m" lem="quin" num="p" pos="dt0mp0" postype="interrogative" wd="quins"/>
          </spec>
          <grup.nom gen="m" num="p">
            <n gen="m" lem="compromís" num="p" pos="ncmp000" postype="common" sense="16:00670127" wd="compromisos"/>
          </grup.nom>
        </sn>
        <grup.verb>
          <v lem="anar" mood="indicative" num="s" person="3" pos="vaip3s0" postype="auxiliary" tense="present" wd="va"/>
          <v lem="adquirir" lss="A21.transitive-agentive-patient" mood="infinitive" pos="vmn0000" postype="main" wd="adquirir"/>
        </grup.verb>
        <sn arg="arg0" func="suj" tem="agt">
          <spec gen="f" num="s">
            <d gen="c" lem="el" num="s" pos="da0cs0" postype="article" wd="l'"/>
          </spec>
          <grup.nom gen="f" num="s">
            <n gen="f" lem="empresa" num="s" pos="ncfs000" postype="common" sense="16:06004580" wd="empresa"/>
          </grup.nom>
        </sn>
        <sp arg="argM" func="cc" tem="tmp">
          <prep>
            <s lem="a" pos="sps00" postype="preposition" wd="a"/>
          </prep>
          <sn>
            <spec gen="f" num="s">
              <d gen="c" lem="el" num="s" pos="da0cs0" postype="article" wd="l'"/>
            </spec>
            <grup.nom gen="f" num="s">
              <n gen="f" lem="hora" num="s" pos="ncfs000" postype="common" sense="16:10856821" wd="hora"/>
              <sp>
                <prep>
                  <s lem="de" pos="sps00" postype="preposition" wd="de"/>
                </prep>
                <S clausetype="completive" impersonal="yes">
                  <infinitiu>
                    <v lem="comprar" lss="A21.transitive-agentive-patient" mood="infinitive" pos="vmn0000" postype="main" wd="comprar"/>
                  </infinitiu>
                  <sn arg="arg1" func="cd" tem="pat">
                    <spec gen="f" num="s">
                      <d gen="f" lem="un" num="s" pos="di0fs0" postype="indefinite" wd="una"/>
                    </spec>
                    <grup.nom gen="f" num="s">
                      <n gen="f" lem="propietat" num="s" pos="ncfs000" postype="common" sense="16:09525525" wd="propietat"/>
                      <s.a gen="f" num="s">
                        <grup.a gen="f" num="s">
                          <a gen="f" lem="públic" num="s" pos="aq0fs0" postype="qualificative" wd="pública"/>
                        </grup.a>
                      </s.a>
                    </grup.nom>
                  </sn>
                </S>
              </sp>
            </grup.nom>
          </sn>
        </sp>
      </S>
    </S>
    <f lem="." pos="fp" punct="period" wd="."/>
  </sentence>
  <sentence>
    <sadv arg="argM" func="cc" tem="tmp">
      <grup.adv>
        <r lem="abans" pos="rg" wd="Abans"/>
        <sp>
          <prep>
            <s lem="de" pos="sps00" postype="preposition" wd="de"/>
          </prep>
          <sn>
            <spec gen="f" num="s">
              <d gen="f" lem="el" num="s" pos="da0fs0" postype="article" wd="la"/>
            </spec>
            <grup.nom gen="f" num="s">
              <n gen="f" lem="trobada" num="s" pos="ncfs000" postype="common" sense="16:00799023" wd="trobada"/>
              <sp>
                <prep>
                  <s lem="amb" pos="sps00" postype="preposition" wd="amb"/>
                </prep>
                <sn entityref="ne" ne="organization">
                  <spec gen="f" num="s">
                    <d gen="f" lem="el" num="s" pos="da0fs0" postype="article" wd="la"/>
                  </spec>
                  <grup.nom gen="f" num="s">
                    <n gen="f" lem="direcció" num="s" pos="ncfs000" postype="common" sense="16:06200783" wd="direcció"/>
                    <sp>
                      <prep>
                        <s lem="de" pos="sps00" postype="preposition" wd="d'"/>
                      </prep>
                      <sn entityref="ne" ne="organization">
                        <grup.nom>
                          <n lem="Iberpotash" ne="organization" pos="np0000o" postype="proper" sense="16:cs1" wd="Iberpotash"/>
                        </grup.nom>
                      </sn>
                    </sp>
                  </grup.nom>
                </sn>
              </sp>
            </grup.nom>
          </sn>
        </sp>
      </grup.adv>
      <f lem="," pos="fc" punct="comma" wd=","/>
    </sadv>
    <sn arg="arg0" coord="yes" func="suj" tem="agt">
      <sn>
        <spec gen="m" num="p">
          <d gen="m" lem="el" num="p" pos="da0mp0" postype="article" wd="els"/>
        </spec>
        <grup.nom gen="m" num="p">
          <n gen="m" lem="alcalde" num="p" pos="ncmp000" postype="common" sense="16:07401898" wd="alcaldes"/>
        </grup.nom>
      </sn>
      <conj conjunctiontype="coordinating">
        <c lem="i" pos="cc" postype="coordinating" wd="i"/>
      </conj>
      <sn entityref="ne" ne="person">
        <spec gen="m" num="s">
          <d gen="m" lem="el" num="s" pos="da0ms0" postype="article" wd="el"/>
        </spec>
        <grup.nom gen="m" num="s">
          <n gen="m" lem="president" num="s" pos="ncms000" postype="common" sense="16:07496197" wd="president"/>
          <sp>
            <prep>
              <s contracted="yes" gen="m" lem="del" num="s" pos="spcms" postype="preposition" wd="del"/>
            </prep>
            <sn entityref="ne" ne="organization">
              <grup.nom gen="m" num="s">
                <n lem="Consell" ne="organization" pos="np0000o" postype="proper" sense="16:cs1" wd="Consell"/>
              </grup.nom>
            </sn>
          </sp>
        </grup.nom>
      </sn>
    </sn>
    <morfema.pronominal>
      <p gen="c" lem="ell" num="c" person="3" pos="p0300000" wd="s'"/>
    </morfema.pronominal>
    <grup.verb>
      <v lem="haver" mood="indicative" num="p" person="3" pos="vaii3p0" postype="auxiliary" tense="imperfect" wd="havien"/>
      <v gen="m" lem="reunir" lss="A22.transitive-agentive-theme" mood="participle" num="s" pos="vmp00sm" postype="main" wd="reunit"/>
    </grup.verb>
    <sp arg="arg1" func="creg" tem="tem">
      <prep>
        <s lem="amb" pos="sps00" postype="preposition" wd="amb"/>
      </prep>
      <sn>
        <spec gen="m" num="p">
          <d gen="m" lem="el" num="p" pos="da0mp0" postype="article" wd="els"/>
        </spec>
        <grup.nom gen="m" num="p">
          <n gen="c" lem="representant" num="p" pos="nccp000" postype="common" sense="16:07529131" wd="representants"/>
          <sp>
            <prep>
              <s contracted="yes" gen="m" lem="del" num="p" pos="spcmp" postype="preposition" wd="dels"/>
            </prep>
            <sn>
              <grup.nom gen="m" num="p">
                <n gen="m" lem="treballador" num="p" pos="ncmp000" postype="common" sense="16:06957738" wd="treballadors"/>
              </grup.nom>
            </sn>
          </sp>
        </grup.nom>
      </sn>
    </sp>
    <f lem="." pos="fp" punct="period" wd="."/>
  </sentence>
  <sentence>
    <sp arg="argM" func="cc" tem="loc">
      <prep>
        <s lem="en" pos="sps00" postype="preposition" wd="En"/>
      </prep>
      <sn>
        <spec gen="f" num="s">
          <d gen="f" lem="aquest" num="s" pos="dd0fs0" postype="demonstrative" wd="aquesta"/>
        </spec>
        <grup.nom gen="f" num="s">
          <n gen="f" lem="trobada" num="s" pos="ncfs000" postype="common" sense="16:00799023" wd="trobada"/>
        </grup.nom>
      </sn>
      <f lem="," pos="fc" punct="comma" wd=","/>
    </sp>
    <sn arg="arg0" func="suj" tem="agt">
      <spec gen="m" num="p">
        <d gen="m" lem="el" num="p" pos="da0mp0" postype="article" wd="els"/>
      </spec>
      <grup.nom gen="m" num="p">
        <n gen="m" lem="comitè" num="p" pos="ncmp000" postype="common" sense="16:06172564" wd="comitès"/>
      </grup.nom>
    </sn>
    <grup.verb>
      <v lem="haver" mood="indicative" num="p" person="3" pos="vaip3p0" postype="auxiliary" tense="present" wd="han"/>
      <v gen="m" lem="expressar" lss="A32.ditransitive-patient-benefactive" mood="participle" num="s" pos="vmp00sm" postype="main" wd="expressat"/>
    </grup.verb>
    <sn arg="arg1" func="cd" tem="pat">
      <spec gen="f" num="s">
        <d gen="f" lem="el_seu" num="s" person="3" pos="dp3fs0" postype="possessive" wd="la_seva"/>
      </spec>
      <grup.nom gen="f" num="s">
        <n gen="f" lem="desconfiança" num="s" pos="ncfs000" postype="common" sense="16:cs1" wd="desconfiança"/>
      </grup.nom>
    </sn>
    <S arg="argM" clausetype="adverbial" func="cc" tem="cau">
      <conj conjunctiontype="subordinating">
        <c lem="perquè" pos="cs" postype="subordinating" wd="perquè"/>
      </conj>
      <sn arg="arg0" elliptic="yes" func="suj" tem="agt"/>
      <neg func="mod">
        <r lem="no" pos="rn" postype="negative" wd="no"/>
      </neg>
      <grup.verb>
        <v lem="haver" mood="indicative" num="p" person="3" pos="vaip3p0" postype="auxiliary" tense="present" wd="han"/>
        <v gen="m" lem="detectar" lss="A21.transitive-agentive-patient" mood="participle" num="s" pos="vmp00sm" postype="main" wd="detectat"/>
      </grup.verb>
      <S arg="arg1" clausetype="completive" func="cd" tem="pat">
        <conj conjunctiontype="subordinating">
          <c lem="que" pos="cs" postype="subordinating" wd="que"/>
        </conj>
        <morfema.verbal func="pass">
          <p gen="c" lem="es" num="c" pos="p0000000" wd="s'"/>
        </morfema.verbal>
        <grup.verb>
          <v lem="haver" mood="subjunctive" num="p" person="3" pos="vasp3p0" postype="auxiliary" tense="present" wd="hagin"/>
          <v gen="m" lem="fer" lss="B22.unaccusative-passive-transitive" mood="participle" num="s" pos="vmp00sm" postype="main" wd="fet"/>
        </grup.verb>
        <sn arg="arg1" complex="yes" func="suj" tem="pat">
          <grup.nom coord="yes">
            <grup.nom gen="f" num="p">
              <n gen="f" lem="inversió" num="p" pos="ncfp000" postype="common" sense="16:00712429" wd="inversions"/>
            </grup.nom>
            <conj conjunctiontype="coordinating">
              <c lem="ni" pos="cc" postype="coordinating" wd="ni"/>
            </conj>
            <grup.nom gen="f" num="p">
              <n gen="f" lem="millora" num="p" pos="ncfp000" postype="common" sense="16:00159157" wd="millores"/>
            </grup.nom>
          </grup.nom>
        </sn>
        <sp arg="argM" func="cc" tem="loc">
          <prep>
            <s lem="en" pos="sps00" postype="preposition" wd="en"/>
          </prep>
          <sn>
            <spec gen="f" num="p">
              <d gen="f" lem="el" num="p" pos="da0fp0" postype="article" wd="les"/>
            </spec>
            <grup.nom gen="f" num="p">
              <n gen="f" lem="explotació" num="p" pos="ncfp000" postype="common" sense="16:00606479" wd="explotacions"/>
            </grup.nom>
          </sn>
        </sp>
      </S>
    </S>
    <f lem="." pos="fp" punct="period" wd="."/>
  </sentence>
  <sentence>
    <sadv func="et">
      <grup.adv>
        <r lem="tot_i_així" pos="rg" wd="Tot_i_així"/>
      </grup.adv>
      <f lem="," pos="fc" punct="comma" wd=","/>
    </sadv>
    <sn arg="arg1" func="suj" tem="tem">
      <spec gen="f" num="s">
        <d gen="f" lem="el" num="s" pos="da0fs0" postype="article" wd="la"/>
      </spec>
      <grup.nom gen="f" num="s">
        <s.a gen="f" num="s">
          <grup.a gen="f" num="s">
            <a gen="c" lem="principal" num="s" pos="aq0cs0" postype="qualificative" wd="principal"/>
          </grup.a>
        </s.a>
        <n gen="f" lem="preocupació" num="s" pos="ncfs000" postype="common" sense="16:05594203" wd="preocupació"/>
        <sp>
          <prep>
            <s contracted="yes" gen="m" lem="del" num="p" pos="spcmp" postype="preposition" wd="dels"/>
          </prep>
          <sn>
            <grup.nom gen="m" num="p">
              <n gen="m" lem="sindicat" num="p" pos="ncmp000" postype="common" sense="16:06112041" wd="sindicats"/>
            </grup.nom>
          </sn>
        </sp>
      </grup.nom>
    </sn>
    <grup.verb>
      <v lem="fer" lss="C21.state-attributive" mood="indicative" num="s" person="3" pos="vmip3s0" postype="main" tense="present" wd="fa"/>
    </grup.verb>
    <sn arg="argL" func="cd" functype="quantitative">
      <grup.nom gen="f" num="s">
        <n gen="f" lem="referència" num="s" pos="ncfs000" postype="common" sense="16:cs1" wd="referència"/>
      </grup.nom>
    </sn>
    <sp arg="arg2" func="creg" tem="atr">
      <prep>
        <s lem="a" pos="sps00" postype="preposition" wd="a"/>
      </prep>
      <sn>
        <spec gen="f" num="p">
          <d gen="f" lem="el" num="p" pos="da0fp0" postype="article" wd="les"/>
        </spec>
        <grup.nom gen="f" num="p">
          <n gen="f" lem="conseqüència" num="p" pos="ncfp000" postype="common" sense="16:07766144" wd="conseqüències"/>
          <S clausetype="relative">
            <relatiu arg="arg2" func="cd" functype="quantitative" tem="atr">
              <p gen="c" lem="que" num="c" pos="pr0cn000" postype="relative" wd="que"/>
            </relatiu>
            <grup.verb>
              <v lem="poder" mood="indicative" num="s" person="3" pos="vmip3s0" postype="main" tense="present" wd="pot"/>
              <infinitiu>
                <v lem="tenir" lss="C21.state-attributive" mood="infinitive" pos="vmn0000" postype="main" wd="tenir"/>
              </infinitiu>
            </grup.verb>
            <sp arg="argM" func="cc" tem="loc">
              <prep>
                <s lem="en" pos="sps00" postype="preposition" wd="en"/>
              </prep>
              <sn>
                <spec gen="f" num="s">
                  <d gen="f" lem="el" num="s" pos="da0fs0" postype="article" wd="la"/>
                </spec>
                <grup.nom gen="f" num="s">
                  <n gen="f" lem="plantilla" num="s" pos="ncfs000" postype="common" sense="16:06092672" wd="plantilla"/>
                </grup.nom>
              </sn>
            </sp>
            <sn arg="arg1" func="suj" tem="tem">
              <spec gen="m" num="s">
                <d gen="m" lem="el" num="s" pos="da0ms0" postype="article" wd="el"/>
              </spec>
              <grup.nom gen="m" num="s">
                <n gen="m" lem="pla" num="s" pos="ncms000" postype="common" sense="16:04538868" wd="pla"/>
                <sp>
                  <prep>
                    <s lem="de" pos="sps00" postype="preposition" wd="de"/>
                  </prep>
                  <sn>
                    <grup.nom gen="f" num="s">
                      <n gen="f" lem="viabilitat" num="s" pos="ncfs000" postype="common" sense="16:04013196" wd="viabilitat"/>
                    </grup.nom>
                  </sn>
                </sp>
              </grup.nom>
            </sn>
          </S>
        </grup.nom>
      </sn>
    </sp>
    <f lem="." pos="fp" punct="period" wd="."/>
  </sentence>
  <sentence>
    <sp func="et">
      <prep>
        <s lem="en" pos="sps00" postype="preposition" wd="En"/>
      </prep>
      <sn>
        <spec gen="m" num="s">
          <d gen="m" lem="aquest" num="s" pos="dd0ms0" postype="demonstrative" wd="aquest"/>
        </spec>
        <grup.nom gen="m" num="s">
          <n gen="m" lem="sentit" num="s" pos="ncms000" postype="common" sense="16:cs1" wd="sentit"/>
        </grup.nom>
      </sn>
      <f lem="," pos="fc" punct="comma" wd=","/>
    </sp>
    <sn arg="arg0" entityref="ne" func="suj" ne="person" tem="agt">
      <spec gen="m" num="s">
        <d gen="m" lem="el" num="s" pos="da0ms0" postype="article" wd="el"/>
      </spec>
      <grup.nom gen="m" num="s">
        <n gen="m" lem="vicepresident" num="s" pos="ncms000" postype="common" sense="16:07664428" wd="vicepresident"/>
        <s.a gen="m" num="s">
          <grup.a gen="m" num="s">
            <a gen="m" lem="primer" num="s" pos="ao0ms0" postype="ordinal" wd="primer"/>
          </grup.a>
        </s.a>
        <sp>
          <prep>
            <s contracted="yes" gen="m" lem="del" num="s" pos="spcms" postype="preposition" wd="del"/>
          </prep>
          <sn entityref="ne" ne="organization">
            <grup.nom gen="m" num="s">
              <n lem="Consell_Comarcal" ne="organization" pos="np0000o" postype="proper" sense="16:cs1" wd="Consell_Comarcal"/>
              <sp>
                <prep>
                  <s contracted="yes" gen="m" lem="del" num="s" pos="spcms" postype="preposition" wd="del"/>
                </prep>
                <sn entityref="ne" ne="location">
                  <grup.nom gen="m" num="s">
                    <n lem="Bages" ne="location" pos="np0000l" postype="proper" sense="16:cs1" wd="Bages"/>
                  </grup.nom>
                </sn>
              </sp>
            </grup.nom>
          </sn>
        </sp>
        <sn entityref="ne" ne="person">
          <f lem="," pos="fc" punct="comma" wd=","/>
          <grup.nom gen="m" num="s">
            <n lem="Ezequiel_Martínez" ne="person" pos="np0000p" postype="proper" sense="16:cs1" wd="Ezequiel_Martínez"/>
          </grup.nom>
          <f lem="," pos="fc" punct="comma" wd=","/>
        </sn>
      </grup.nom>
    </sn>
    <grup.verb>
      <v lem="haver" mood="indicative" num="s" person="3" pos="vaip3s0" postype="auxiliary" tense="present" wd="ha"/>
      <v gen="m" lem="reclamar" lss="A32.ditransitive-patient-benefactive" mood="participle" num="s" pos="vmp00sm" postype="main" wd="reclamat"/>
    </grup.verb>
    <S arg="arg1" clausetype="completive" func="cd" tem="pat">
      <conj conjunctiontype="subordinating">
        <c lem="que" pos="cs" postype="subordinating" wd="que"/>
      </conj>
      <S clausesubtype="conditional" clausetype="adverbial" func="ao">
        <conj conjunctiontype="subordinating">
          <c lem="si" pos="cs" postype="subordinating" wd="si"/>
        </conj>
        <morfema.pronominal>
          <p gen="c" lem="hi" num="c" person="3" pos="pp3cn000" postype="personal" wd="hi"/>
        </morfema.pronominal>
        <grup.verb>
          <v lem="haver" lss="C11.state-existential" mood="indicative" num="s" person="3" pos="vmip3s0" postype="main" tense="present" wd="ha"/>
        </grup.verb>
        <sn arg="arg1" func="cd" functype="quantitative" tem="tem">
          <grup.nom gen="f" num="s">
            <n gen="f" lem="voluntat" num="s" pos="ncfs000" postype="common" sense="16:04589152" wd="voluntat"/>
            <sp>
              <prep>
                <s lem="de" pos="sps00" postype="preposition" wd="de"/>
              </prep>
              <S clausetype="completive" impersonal="yes">
                <infinitiu>
                  <v lem="reduir" lss="A11.transitive-causative" mood="infinitive" pos="vmn0000" postype="main" wd="reduir"/>
                </infinitiu>
                <sn arg="arg1" func="cd" tem="tem">
                  <grup.nom gen="f" num="p">
                    <n gen="f" lem="plantilla" num="p" pos="ncfp000" postype="common" sense="16:06092672" wd="plantilles"/>
                  </grup.nom>
                </sn>
              </S>
            </sp>
          </grup.nom>
        </sn>
        <f lem="," pos="fc" punct="comma" wd=","/>
      </S>
      <grup.verb>
        <v lem="caldre" lss="C41.state-benefactive" mood="indicative" num="s" person="3" pos="vmip3s0" postype="main" tense="present" wd="cal"/>
      </grup.verb>
      <S arg="arg1" clausetype="completive" func="suj" tem="tem">
        <conj conjunctiontype="subordinating">
          <c lem="que" pos="cs" postype="subordinating" wd="que"/>
        </conj>
        <sn arg="arg1" func="suj" tem="pat">
          <grup.nom gen="m" num="s">
            <p gen="c" lem="això" num="s" pos="pd0ns000" postype="demonstrative" wd="això"/>
          </grup.nom>
        </sn>
        <morfema.verbal func="pass">
          <p gen="c" lem="es" num="c" pos="p0000000" wd="es"/>
        </morfema.verbal>
        <grup.verb>
          <v lem="fer" lss="B22.unaccusative-passive-transitive" mood="subjunctive" num="s" person="1" pos="vmsp1s0" postype="main" tense="present" wd="faci"/>
        </grup.verb>
        <sp arg="argM" func="cc" tem="mnr">
          <prep>
            <s lem="amb" pos="sps00" postype="preposition" wd="amb"/>
          </prep>
          <sn>
            <grup.nom gen="f" num="s">
              <f lem="'" pos="fz" punct="mathsign" wd="'"/>
              <n gen="f" lem="responsabilitat" num="s" pos="ncfs000" postype="common" sense="16:03679828" wd="responsabilitat"/>
              <f lem="'" pos="fz" punct="mathsign" wd="'"/>
            </grup.nom>
          </sn>
        </sp>
      </S>
      <sp arg="argM" func="cc" tem="cau">
        <prep>
          <s lem="per" pos="sps00" postype="preposition" wd="per"/>
        </prep>
        <sn>
          <spec gen="f" num="s">
            <d gen="f" lem="el" num="s" pos="da0fs0" postype="article" wd="la"/>
          </spec>
          <grup.nom gen="f" num="s">
            <n gen="f" lem="importància" num="s" pos="ncfs000" postype="common" sense="16:04025511" wd="importància"/>
            <sp>
              <prep>
                <s contracted="yes" gen="m" lem="del" num="s" pos="spcms" postype="preposition" wd="del"/>
              </prep>
              <sn>
                <grup.nom gen="m" num="s">
                  <n gen="m" lem="sector" num="s" pos="ncms000" postype="common" sense="16:06214548" wd="sector"/>
                </grup.nom>
              </sn>
            </sp>
            <sp>
              <prep>
                <s lem="a" pos="sps00" postype="preposition" wd="a"/>
              </prep>
              <sn>
                <spec gen="f" num="s">
                  <d gen="f" lem="el" num="s" pos="da0fs0" postype="article" wd="la"/>
                </spec>
                <grup.nom gen="f" num="s">
                  <n gen="f" lem="comarca" num="s" pos="ncfs000" postype="common" sense="16:50004760" wd="comarca"/>
                </grup.nom>
              </sn>
            </sp>
          </grup.nom>
        </sn>
      </sp>
    </S>
    <f lem="." pos="fp" punct="period" wd="."/>
  </sentence>
</article>
