<?xml version="1.0" encoding="UTF-8" standalone="no"?>
<!-- 

  ancora-2.0
       
			Copyright (C) 2007, 2008, 2009, 2010, 2011 UB - CLiC
			Centre de Llenguatge i Computació - Universitat de Barcelona
 
  This file is part of ancora-2.0.
 
  ancora-2.0 is free software and data: you can redistribute it and/or modify
  it under the terms of the GNU General Public License as published
  by the Free Software Foundation, either version 3 of the License,
  or (at your option) any later version.

  ancora-2.0 is distributed in the hope that it will be useful,
  but WITHOUT ANY WARRANTY; without even the implied warranty of
  MERCHANTABILITY or FITNESS FOR A PARTICULAR PURPOSE.  See the
  GNU General Public License for more details.
 
  You should have received a copy of the GNU General Public License
  along with ancora-2.0.  If not, see &lt;http://www.gnu.org/licenses/&gt;.
 
  Check a text in catalan explaining the terms of the license at http://www.softcatala.cat/wiki/GPL3.
  In spanish at http://www.viti.es/gnu/licenses/gpl.html
 

  The following paper must be cited when using this corpus:

 * Taulé, M., M.A. Martí, M. Recasens (2008) 'Ancora: Multilevel Annotated Corpora for Catalan and Spanish',
   Proceedings of 6th International Conference on Language Resources and Evaluation. Marrakesh (Morocco).

  In addition, the following paper must be cited if coreference information (attributes entity, coreftype,
  corefsubtype, homophoricDD or entityref) is used:

 * Recasens, Marta, M. Antònia Martí (2010) ‘AnCora-CO: Coreferentially annotated corpora for Spanish and
   Catalan’. Language Resources and Evaluation, Springer Science.

  Additionally, the following paper must be cited when argumental attributes in "sn" or "grup.nom"
  (attributes func, arg, tem or lexicalid) are used:

 * Peris, Aina, Mariona Taulé, Horacio Rodríguez (2010) ‘Semantic Annotation of Deverbal Nominalizations in the
   Spanish AnCora corpus’. Treebanks and Linguistic Theories (TLT-2010), Estonia.
-->
<article lng="ca">
  <sentence>
    <sn arg="arg1" entityref="ne" func="suj" ne="location" tem="tem">
      <spec gen="m" num="s">
        <d gen="m" lem="el" num="s" pos="da0ms0" postype="article" wd="El"/>
      </spec>
      <grup.nom gen="m" num="s">
        <n gen="m" lem="port" num="s" pos="ncms000" postype="common" sense="16:03608465" wd="port"/>
        <sp>
          <prep>
            <s lem="de" pos="sps00" postype="preposition" wd="de"/>
          </prep>
          <sn entityref="ne" ne="location">
            <grup.nom>
              <n lem="Tarragona" ne="location" pos="np0000l" postype="proper" sense="16:50004692" wd="Tarragona"/>
            </grup.nom>
          </sn>
        </sp>
      </grup.nom>
    </sn>
    <grup.verb>
      <v lem="tenir" lss="C21.state-attributive" mood="indicative" num="s" person="3" pos="vmip3s0" postype="main" tense="present" wd="té"/>
    </grup.verb>
    <S arg="argM" clausetype="participle" func="cpred" impersonal="yes" predicate="cd" tem="atr">
      <participi>
        <a gen="m" lem="previst" num="s" pos="aq0msp" posfunction="participle" postype="qualificative" wd="previst"/>
      </participi>
    </S>
    <S arg="arg2" clausetype="completive" func="cd" functype="quantitative" impersonal="yes" tem="atr">
      <infinitiu>
        <v lem="invertir" lss="A21.transitive-agentive-patient" mood="infinitive" pos="vmn0000" postype="main" wd="invertir"/>
      </infinitiu>
      <sn arg="arg1" entityref="ne" func="cd" ne="number" tem="pat">
        <spec gen="m" num="p">
          <z lem="3800" ne="number" wd="3.800"/>
        </spec>
        <grup.nom gen="m" num="p">
          <n gen="m" lem="milió" num="p" pos="ncmp000" postype="common" sense="16:09902865" wd="milions"/>
          <sp>
            <prep>
              <s lem="de" pos="sps00" postype="preposition" wd="de"/>
            </prep>
            <sn entityref="ne" ne="number">
              <grup.nom gen="f" num="p">
                <z lem="pesseta" ne="number" pos="zm" postype="currency" wd="pessetes"/>
              </grup.nom>
            </sn>
          </sp>
          <sp>
            <prep>
              <s lem="a" pos="sps00" postype="preposition" wd="a"/>
            </prep>
            <sn>
              <spec gen="m" num="s">
                <d gen="c" lem="el" num="s" pos="da0cs0" postype="article" wd="l'"/>
              </spec>
              <grup.nom gen="m" num="s">
                <n gen="m" lem="any" num="s" pos="ncms000" postype="common" sense="16:10917509" wd="any"/>
              </grup.nom>
            </sn>
          </sp>
        </grup.nom>
      </sn>
      <sp arg="argM" func="cc" tem="tmp">
        <prep>
          <s lem="fins" pos="sps00" postype="preposition" wd="fins"/>
        </prep>
        <sp>
          <prep>
            <s contracted="yes" gen="m" lem="al" num="s" pos="spcms" postype="preposition" wd="al"/>
          </prep>
          <sn entityref="ne" ne="date">
            <grup.nom gen="m" num="s">
              <w lem="[??:??/??/2003:??.??]" ne="date" wd="2003"/>
            </grup.nom>
          </sn>
        </sp>
      </sp>
    </S>
    <f lem="." pos="fp" punct="period" wd="."/>
  </sentence>
  <sentence>
    <sn arg="arg1" func="suj" tem="tem">
      <grup.nom gen="f" num="s">
        <s.a gen="f" num="s">
          <grup.a gen="f" num="s">
            <a gen="f" lem="bo" num="s" pos="aq0fs0" postype="qualificative" wd="Bona"/>
          </grup.a>
        </s.a>
        <n gen="f" lem="part" num="s" pos="ncfs000" postype="common" sense="16:03296757" wd="part"/>
        <sp>
          <prep>
            <s lem="de" pos="sps00" postype="preposition" wd="d'"/>
          </prep>
          <sn>
            <spec gen="f" num="s">
              <d gen="f" lem="aquest" num="s" pos="dd0fs0" postype="demonstrative" wd="aquesta"/>
            </spec>
            <grup.nom gen="f" num="s">
              <n gen="f" lem="inversió" num="s" pos="ncfs000" postype="common" sense="16:00712429" wd="inversió"/>
            </grup.nom>
          </sn>
        </sp>
      </grup.nom>
    </sn>
    <grup.verb>
      <v lem="anar" lss="C21.state-attributive" mood="indicative" num="s" person="3" pos="vmif3s0" postype="main" tense="future" wd="anirà"/>
    </grup.verb>
    <S arg="arg2" clausetype="participle" func="cpred" impersonal="yes" predicate="suj" tem="atr">
      <participi>
        <a gen="f" lem="destinat" lss="B22.unaccusative-passive-transitive" num="s" pos="aq0fsp" posfunction="participle" postype="qualificative" wd="destinada"/>
      </participi>
      <sp arg="arg2" func="creg" tem="tem">
        <prep>
          <s lem="a" pos="sps00" postype="preposition" wd="a"/>
        </prep>
        <S clausetype="completive" impersonal="yes">
          <infinitiu>
            <v lem="potenciar" lss="A11.transitive-causative" mood="infinitive" pos="vmn0000" postype="main" wd="potenciar"/>
          </infinitiu>
          <sn arg="arg1" func="cd" tem="tem">
            <spec gen="m" num="s">
              <d gen="m" lem="el" num="s" pos="da0ms0" postype="article" wd="el"/>
            </spec>
            <grup.nom gen="m" num="s">
              <n gen="m" lem="moviment" num="s" pos="ncms000" postype="common" sense="16:00213412" wd="moviment"/>
              <s.a gen="m" num="s">
                <grup.a gen="m" num="s">
                  <a gen="m" lem="portuari" num="s" pos="aq0ms0" postype="qualificative" wd="portuari"/>
                </grup.a>
              </s.a>
              <sp>
                <prep>
                  <s lem="de" pos="sps00" postype="preposition" wd="de"/>
                </prep>
                <sn complex="yes">
                  <grup.nom coord="yes">
                    <grup.nom coord="yes">
                      <grup.nom gen="f" num="s">
                        <n gen="f" lem="fruita" num="s" pos="ncfs000" postype="common" sense="16:05745250" wd="fruita"/>
                      </grup.nom>
                      <f lem="," pos="fc" punct="comma" wd=","/>
                      <grup.nom gen="m" num="p">
                        <n gen="m" lem="vehicle" num="p" pos="ncmp000" postype="common" sense="16:03569523" wd="vehicles"/>
                      </grup.nom>
                      <conj conjunctiontype="coordinating">
                        <c lem="i" pos="cc" postype="coordinating" wd="i"/>
                      </conj>
                      <grup.nom gen="m" num="p">
                        <n gen="m" lem="contenidor" num="p" pos="ncmp000" postype="common" sense="16:02490563" wd="contenidors"/>
                      </grup.nom>
                    </grup.nom>
                    <S adjunct="yes" clausetype="relative">
                      <f lem="," pos="fc" punct="comma" wd=","/>
                      <relatiu arg="arg1" func="suj" tem="tem">
                        <p gen="c" lem="que" num="c" pos="pr0cn000" postype="relative" wd="que"/>
                      </relatiu>
                      <grup.verb>
                        <v lem="ser" lss="C21.state-attributive" mood="indicative" num="p" person="3" pos="vmip3p0" postype="main" tense="present" wd="són"/>
                      </grup.verb>
                      <sn arg="arg2" func="atr" tem="atr">
                        <spec gen="m" num="p">
                          <d gen="m" lem="el" num="p" pos="da0mp0" postype="article" wd="els"/>
                        </spec>
                        <grup.nom gen="m" num="p">
                          <f lem="&quot;" pos="fe" punct="quotation" wd="&quot;"/>
                          <s.a gen="m" num="p">
                            <grup.a gen="m" num="p">
                              <a gen="c" lem="principal" num="p" pos="aq0cp0" postype="qualificative" wd="principals"/>
                            </grup.a>
                          </s.a>
                          <n gen="m" lem="repte" num="p" pos="ncmp000" postype="common" sense="16:10039715" wd="reptes"/>
                          <sp>
                            <prep>
                              <s lem="de" pos="sps00" postype="preposition" wd="de"/>
                            </prep>
                            <sn>
                              <grup.nom gen="m" num="s">
                                <n gen="m" lem="futur" num="s" pos="ncms000" postype="common" sense="16:10849807" wd="futur"/>
                              </grup.nom>
                            </sn>
                          </sp>
                          <f lem="&quot;" pos="fe" punct="quotation" wd="&quot;"/>
                          <sp>
                            <prep>
                              <s contracted="yes" gen="m" lem="del" num="s" pos="spcms" postype="preposition" wd="del"/>
                            </prep>
                            <sn>
                              <grup.nom gen="m" num="s">
                                <n gen="m" lem="port" num="s" pos="ncms000" postype="common" sense="16:03608465" wd="port"/>
                              </grup.nom>
                            </sn>
                          </sp>
                        </grup.nom>
                      </sn>
                      <f lem="," pos="fc" punct="comma" wd=","/>
                    </S>
                  </grup.nom>
                </sn>
              </sp>
            </grup.nom>
          </sn>
        </S>
      </sp>
    </S>
    <S clausetype="adverbial" func="ao">
      <conj conjunctiontype="subordinating">
        <c lem="segons" pos="cs" postype="subordinating" wd="segons"/>
      </conj>
      <grup.verb>
        <v lem="haver" mood="indicative" num="s" person="3" pos="vaip3s0" postype="auxiliary" tense="present" wd="ha"/>
        <v gen="m" lem="dir" lss="A32.ditransitive-patient-benefactive" mood="participle" num="s" pos="vmp00sm" postype="main" wd="dit"/>
      </grup.verb>
      <sn arg="arg0" entityref="ne" func="suj" ne="person" tem="agt">
        <spec gen="m" num="s">
          <d gen="m" lem="el_seu" num="s" person="3" pos="dp3ms0" postype="possessive" wd="el_seu"/>
        </spec>
        <grup.nom gen="m" num="s">
          <n gen="m" lem="president" num="s" pos="ncms000" postype="common" sense="16:07496197" wd="president"/>
          <sn entityref="ne" ne="person">
            <f lem="," pos="fc" punct="comma" wd=","/>
            <grup.nom gen="m" num="s">
              <n lem="Lluís_Badia" ne="person" pos="np0000p" postype="proper" sense="16:cs1" wd="Lluís_Badia"/>
            </grup.nom>
            <f lem="," pos="fc" punct="comma" wd=","/>
          </sn>
        </grup.nom>
      </sn>
      <sp arg="argM" func="cc" tem="tmp">
        <prep>
          <s lem="durant" pos="sps00" postype="preposition" wd="durant"/>
        </prep>
        <sn>
          <spec gen="f" num="s">
            <d gen="f" lem="el" num="s" pos="da0fs0" postype="article" wd="la"/>
          </spec>
          <grup.nom gen="f" num="s">
            <n gen="f" lem="presentació" num="s" pos="ncfs000" postype="common" sense="16:00679011" wd="presentació"/>
            <sp>
              <prep>
                <s lem="de" pos="sps00" postype="preposition" wd="de"/>
              </prep>
              <sn>
                <spec gen="f" num="s">
                  <d gen="f" lem="el" num="s" pos="da0fs0" postype="article" wd="la"/>
                </spec>
                <grup.nom gen="f" num="s">
                  <n gen="f" lem="memòria" num="s" pos="ncfs000" postype="common" sense="16:04557437" wd="memòria"/>
                  <sp>
                    <prep>
                      <s lem="de" pos="sps00" postype="preposition" wd="de"/>
                    </prep>
                    <sn entityref="ne" ne="date">
                      <grup.nom gen="m" num="s">
                        <w lem="[??:??/??/1998:??.??]" ne="date" wd="1998"/>
                      </grup.nom>
                    </sn>
                  </sp>
                </grup.nom>
              </sn>
            </sp>
          </grup.nom>
        </sn>
      </sp>
    </S>
    <f lem="." pos="fp" punct="period" wd="."/>
  </sentence>
  <sentence>
    <sn arg="arg0" entityref="ne" func="suj" ne="person" tem="agt">
      <grup.nom gen="m" num="s">
        <n lem="Badia" ne="person" pos="np0000p" postype="proper" sense="16:cs1" wd="Badia"/>
      </grup.nom>
    </sn>
    <grup.verb>
      <v lem="haver" mood="indicative" num="s" person="3" pos="vaip3s0" postype="auxiliary" tense="present" wd="ha"/>
      <v gen="m" lem="explicar" lss="A32.ditransitive-patient-benefactive" mood="participle" num="s" pos="vmp00sm" postype="main" wd="explicat"/>
    </grup.verb>
    <S arg="arg1" clausetype="completive" func="cd" tem="pat">
      <sn arg="arg2" func="atr" tem="atr">
        <grup.nom gen="f" num="p">
          <p gen="f" lem="quin" num="p" pos="pt0fp000" postype="interrogative" wd="quines"/>
        </grup.nom>
      </sn>
      <grup.verb>
        <v lem="ser" lss="C21.state-attributive" mood="indicative" num="p" person="3" pos="vmif3p0" postype="main" tense="future" wd="seran"/>
      </grup.verb>
      <sn arg="arg1" func="suj" tem="tem">
        <spec gen="f" num="p">
          <d gen="f" lem="el" num="p" pos="da0fp0" postype="article" wd="les"/>
        </spec>
        <grup.nom gen="f" num="p">
          <n gen="f" lem="pauta" num="p" pos="ncfp000" postype="common" sense="16:04381416" wd="pautes"/>
          <sp>
            <prep>
              <s lem="de" pos="sps00" postype="preposition" wd="d'"/>
            </prep>
            <sn>
              <grup.nom gen="f" num="s">
                <n gen="f" lem="actuació" num="s" pos="ncfs000" postype="common" sense="16:00792210" wd="actuació"/>
              </grup.nom>
            </sn>
          </sp>
          <sp>
            <prep>
              <s lem="en" pos="sps00" postype="preposition" wd="en"/>
            </prep>
            <sn>
              <spec gen="f" num="s">
                <d gen="f" lem="el" num="s" pos="da0fs0" postype="article" wd="la"/>
              </spec>
              <grup.nom gen="f" num="s">
                <n gen="f" lem="gestió" num="s" pos="ncfs000" postype="common" sense="16:00736489" wd="gestió"/>
                <sp>
                  <prep>
                    <s lem="de" pos="sps00" postype="preposition" wd="de"/>
                  </prep>
                  <sn entityref="ne" ne="organization">
                    <spec gen="f" num="s">
                      <d gen="c" lem="el" num="s" pos="da0cs0" postype="article" wd="l'"/>
                    </spec>
                    <grup.nom gen="f" num="s">
                      <n lem="Autoritat_Portuària_de_Tarragona" ne="organization" pos="np0000o" postype="proper" sense="16:cs1" wd="Autoritat_Portuària_de_Tarragona"/>
                    </grup.nom>
                  </sn>
                </sp>
              </grup.nom>
            </sn>
          </sp>
        </grup.nom>
      </sn>
      <sp arg="argM" func="cc" tem="tmp">
        <prep>
          <s lem="durant" pos="sps00" postype="preposition" wd="durant"/>
        </prep>
        <sn entityref="ne" ne="number">
          <spec gen="m" num="p">
            <d gen="m" lem="el" num="p" pos="da0mp0" postype="article" wd="els"/>
            <a gen="m" lem="pròxim" num="p" pos="aq0mp0" postype="qualificative" wd="pròxims"/>
            <z lem="5" ne="number" wd="5"/>
          </spec>
          <grup.nom gen="m" num="p">
            <n gen="m" lem="any" num="p" pos="ncmp000" postype="common" sense="16:10917509" wd="anys"/>
          </grup.nom>
        </sn>
      </sp>
    </S>
    <f lem="." pos="fp" punct="period" wd="."/>
  </sentence>
  <sentence coord="yes">
    <S>
      <sp func="et">
        <prep>
          <s lem="en" pos="sps00" postype="preposition" wd="En"/>
        </prep>
        <sn>
          <grup.nom gen="m" num="s">
            <s.a gen="m" num="s">
              <grup.a gen="m" num="s">
                <a gen="m" lem="primer" num="s" pos="ao0ms0" postype="ordinal" wd="primer"/>
              </grup.a>
            </s.a>
            <n gen="m" lem="lloc" num="s" pos="ncms000" postype="common" sense="16:cs1" wd="lloc"/>
          </grup.nom>
        </sn>
      </sp>
      <sn arg="arg0" elliptic="yes" func="suj" tem="agt"/>
      <grup.verb>
        <v lem="haver" mood="indicative" num="s" person="3" pos="vaip3s0" postype="auxiliary" tense="present" wd="ha"/>
        <v gen="m" lem="destacar" lss="A21.transitive-agentive-patient" mood="participle" num="s" pos="vmp00sm" postype="main" wd="destacat"/>
      </grup.verb>
      <sn arg="arg1" func="cd" tem="pat">
        <spec gen="f" num="s">
          <d gen="f" lem="el" num="s" pos="da0fs0" postype="article" wd="la"/>
        </spec>
        <grup.nom gen="f" num="s">
          <n gen="f" lem="internacionalització" num="s" pos="ncfs000" postype="common" sense="16:00746480" wd="internacionalització"/>
        </grup.nom>
      </sn>
    </S>
    <conj conjunctiontype="coordinating">
      <c lem="i" pos="cc" postype="coordinating" wd="i"/>
    </conj>
    <S>
      <sn arg="arg0" elliptic="yes" func="suj" tem="agt"/>
      <grup.verb>
        <v lem="haver" mood="indicative" num="s" person="3" pos="vaip3s0" postype="auxiliary" tense="present" wd="ha"/>
        <v gen="m" lem="posar" lss="A21.transitive-agentive-patient" mood="participle" num="s" pos="vmp00sm" postype="main" wd="posat"/>
      </grup.verb>
      <sp arg="argL" func="cpred" predicate="cd">
        <prep>
          <s lem="de" pos="sps00" postype="preposition" wd="d'"/>
        </prep>
        <sn>
          <grup.nom gen="m" num="s">
            <n gen="m" lem="exemple" num="s" pos="ncms000" postype="common" sense="16:04549495" wd="exemple"/>
          </grup.nom>
        </sn>
      </sp>
      <sn arg="arg1" func="cd" tem="pat">
        <spec gen="m" num="p">
          <d gen="m" lem="el" num="p" pos="da0mp0" postype="article" wd="els"/>
        </spec>
        <grup.nom gen="m" num="p">
          <n gen="m" lem="contacte" num="p" pos="ncmp000" postype="common" sense="16:04734393" wd="contactes"/>
          <s.a gen="m" num="p">
            <grup.a gen="m" num="p">
              <a gen="c" lem="existent" num="p" pos="aq0cp0" postype="qualificative" wd="existents"/>
            </grup.a>
          </s.a>
          <sp coord="yes">
            <sp>
              <prep>
                <s lem="amb" pos="sps00" postype="preposition" wd="amb"/>
              </prep>
              <sn>
                <grup.nom gen="m" num="p">
                  <n gen="m" lem="país" num="p" pos="ncmp000" postype="common" sense="16:06299747" wd="països"/>
                  <s.a gen="m" num="p">
                    <grup.a gen="m" num="p">
                      <a gen="m" lem="asiàtic" num="p" pos="aq0mp0" postype="qualificative" wd="asiàtics"/>
                    </grup.a>
                  </s.a>
                </grup.nom>
              </sn>
            </sp>
            <conj conjunctiontype="coordinating">
              <c lem="i" pos="cc" postype="coordinating" wd="i"/>
            </conj>
            <sp>
              <prep>
                <s lem="amb" pos="sps00" postype="preposition" wd="amb"/>
              </prep>
              <sn entityref="ne" ne="organization">
                <grup.nom>
                  <n lem="Mercosur" ne="organization" pos="np0000o" postype="proper" sense="16:cs1" wd="Mercosur"/>
                </grup.nom>
              </sn>
            </sp>
          </sp>
        </grup.nom>
      </sn>
    </S>
    <f lem="." pos="fp" punct="period" wd="."/>
  </sentence>
  <sentence>
    <sn arg="arg0" entityref="ne" func="suj" ne="organization" tem="agt">
      <spec gen="m" num="s">
        <d gen="m" lem="el" num="s" pos="da0ms0" postype="article" wd="El"/>
      </spec>
      <grup.nom gen="m" num="s">
        <n lem="Port_de_Tarragona" ne="organization" pos="np0000o" postype="proper" sense="16:cs1" wd="Port_de_Tarragona"/>
      </grup.nom>
    </sn>
    <grup.verb>
      <v lem="haver" mood="indicative" num="s" person="3" pos="vaip3s0" postype="auxiliary" tense="present" wd="ha"/>
      <v gen="m" lem="signar" lss="A21.transitive-agentive-patient" mood="participle" num="s" pos="vmp00sm" postype="main" wd="signat"/>
    </grup.verb>
    <sn arg="arg1" func="cd" tem="pat">
      <spec gen="m" num="s">
        <d gen="m" lem="un" num="s" pos="dn0ms0" postype="numeral" wd="un"/>
      </spec>
      <grup.nom gen="m" num="s">
        <n gen="m" lem="acord" num="s" pos="ncms000" postype="common" sense="16:05072418" wd="acord"/>
      </grup.nom>
    </sn>
    <sp arg="argM" func="cc" tem="adv">
      <prep>
        <s lem="amb" pos="sps00" postype="preposition" wd="amb"/>
      </prep>
      <sn>
        <spec gen="m" num="s">
          <d gen="m" lem="el" num="s" pos="da0ms0" postype="article" wd="el"/>
        </spec>
        <grup.nom gen="m" num="s">
          <sp>
            <prep>
              <s lem="de" pos="sps00" postype="preposition" wd="de"/>
            </prep>
            <sn entityref="ne" ne="location">
              <sn entityref="ne" ne="location">
                <grup.nom>
                  <n lem="Rosario" ne="location" pos="np0000l" postype="proper" sense="16:cs1" wd="Rosario"/>
                </grup.nom>
              </sn>
              <sn adjunct="yes" entityref="ne" ne="location">
                <grup.nom>
                  <f lem="(" pos="fpa" punct="bracket" punctenclose="open" wd="("/>
                  <n lem="Argentina" ne="location" pos="np0000l" postype="proper" sense="16:06410305" wd="Argentina"/>
                  <f lem=")" pos="fpt" punct="bracket" punctenclose="close" wd=")"/>
                </grup.nom>
              </sn>
            </sn>
          </sp>
        </grup.nom>
      </sn>
    </sp>
    <sp arg="argM" func="cc" tem="fin">
      <prep>
        <s lem="per" pos="sps00" postype="preposition" wd="per"/>
      </prep>
      <S clausetype="completive" impersonal="yes">
        <infinitiu>
          <v lem="ajudar" lss="A34.ditransitive-patient-theme" mood="infinitive" pos="vmn0000" postype="main" wd="ajudar"/>
        </infinitiu>
        <sn arg="arg1" func="cd" tem="pat">
          <grup.nom num="p">
            <p gen="c" lem="ell" num="p" person="3" pos="pp3cp000" postype="personal" wd="-los"/>
          </grup.nom>
        </sn>
        <sp arg="arg2" func="creg" tem="tem">
          <prep>
            <s lem="a" pos="sps00" postype="preposition" wd="a"/>
          </prep>
          <S clausetype="completive" impersonal="yes">
            <infinitiu>
              <v lem="desenvolupar" lss="A21.transitive-agentive-patient" mood="infinitive" pos="vmn0000" postype="main" wd="desenvolupar"/>
            </infinitiu>
            <sn arg="arg1" func="cd" tem="pat">
              <spec gen="m" num="s">
                <d gen="m" lem="un" num="s" pos="di0ms0" postype="indefinite" wd="un"/>
              </spec>
              <grup.nom gen="m" num="s">
                <n gen="m" lem="projecte" num="s" pos="ncms000" postype="common" sense="16:00508925" wd="projecte"/>
                <sp>
                  <prep>
                    <s lem="de" pos="sps00" postype="preposition" wd="de"/>
                  </prep>
                  <sn>
                    <grup.nom gen="f" num="s">
                      <n gen="f" lem="privatització" num="s" pos="ncfs000" postype="common" sense="16:00746822" wd="privatització"/>
                    </grup.nom>
                  </sn>
                </sp>
              </grup.nom>
            </sn>
          </S>
        </sp>
      </S>
    </sp>
    <f lem="." pos="fp" punct="period" wd="."/>
  </sentence>
  <sentence>
    <sp func="ao">
      <prep>
        <s contracted="yes" gen="m" lem="pel_que_fa_al" num="s" pos="spcms" postype="preposition" wd="Pel_que_fa_al"/>
      </prep>
      <sn>
        <grup.nom gen="m" num="s">
          <n gen="m" lem="creixement" num="s" pos="ncms000" postype="common" sense="16:09729055" wd="creixement"/>
          <sp>
            <prep>
              <s contracted="yes" gen="m" lem="del" num="s" pos="spcms" postype="preposition" wd="del"/>
            </prep>
            <sn entityref="ne" ne="organization">
              <grup.nom gen="m" num="s">
                <n lem="Port" ne="organization" pos="np0000o" postype="proper" sense="16:cs1" wd="Port"/>
              </grup.nom>
            </sn>
          </sp>
        </grup.nom>
      </sn>
      <f lem="," pos="fc" punct="comma" wd=","/>
    </sp>
    <morfema.verbal func="pass">
      <p gen="c" lem="es" num="c" pos="p0000000" wd="es"/>
    </morfema.verbal>
    <grup.verb>
      <v lem="voler" lss="B22.unaccusative-passive-transitive" mood="indicative" num="s" person="3" pos="vmip3s0" postype="main" tense="present" wd="vol"/>
    </grup.verb>
    <S arg="arg1" clausetype="completive" func="suj" impersonal="yes" tem="pat">
      <infinitiu>
        <v lem="mantenir" lss="A21.transitive-agentive-patient" mood="infinitive" pos="vmn0000" postype="main" wd="mantenir"/>
      </infinitiu>
      <sn arg="arg1" func="cd" tem="pat">
        <spec gen="m" num="s">
          <d gen="m" lem="un" num="s" pos="di0ms0" postype="indefinite" wd="un"/>
        </spec>
        <grup.nom gen="m" num="s">
          <n gen="m" lem="increment" num="s" pos="ncms000" postype="common" sense="16:03983965" wd="increment"/>
          <sp>
            <prep>
              <s lem="de" pos="sps00" postype="preposition" wd="d'"/>
            </prep>
            <sn coord="yes">
              <conj conjunctiontype="coordinating">
                <s lem="entre" pos="sps00" postype="preposition" wd="entre"/>
              </conj>
              <sn entityref="ne" ne="number">
                <spec gen="m" num="s">
                  <d gen="m" lem="el" num="s" pos="da0ms0" postype="article" wd="el"/>
                </spec>
                <grup.nom gen="m" num="s">
                  <z lem="15_%" ne="number" pos="zp" postype="percentage" wd="15_%"/>
                </grup.nom>
              </sn>
              <conj conjunctiontype="coordinating">
                <c lem="i" pos="cc" postype="coordinating" wd="i"/>
              </conj>
              <sn entityref="ne" ne="number">
                <spec gen="m" num="s">
                  <d gen="m" lem="el" num="s" pos="da0ms0" postype="article" wd="el"/>
                </spec>
                <grup.nom gen="m" num="s">
                  <z lem="20_%" ne="number" pos="zp" postype="percentage" wd="20_%"/>
                </grup.nom>
              </sn>
            </sn>
          </sp>
        </grup.nom>
      </sn>
    </S>
    <f lem="." pos="fp" punct="period" wd="."/>
  </sentence>
  <sentence>
    <sn arg="arg0" entityref="ne" func="suj" ne="person" tem="agt">
      <grup.nom gen="m" num="s">
        <n lem="Badia" ne="person" pos="np0000p" postype="proper" sense="16:cs1" wd="Badia"/>
      </grup.nom>
    </sn>
    <grup.verb>
      <v lem="haver" mood="indicative" num="s" person="3" pos="vaip3s0" postype="auxiliary" tense="present" wd="ha"/>
      <v gen="m" lem="recordar" lss="A21.transitive-agentive-patient" mood="participle" num="s" pos="vmp00sm" postype="main" wd="recordat"/>
    </grup.verb>
    <S arg="arg1" clausetype="completive" func="cd" tem="pat">
      <conj conjunctiontype="subordinating">
        <c lem="que" pos="cs" postype="subordinating" wd="que"/>
      </conj>
      <sp arg="argM" func="cc" tem="loc">
        <prep>
          <s lem="en" pos="sps00" postype="preposition" wd="en"/>
        </prep>
        <sn>
          <spec gen="m" num="s">
            <d gen="m" lem="el" num="s" pos="da0ms0" postype="article" wd="el"/>
          </spec>
          <grup.nom gen="m" num="s">
            <n gen="m" lem="sector" num="s" pos="ncms000" postype="common" sense="16:06214548" wd="sector"/>
            <sp>
              <prep>
                <s lem="de" pos="sps00" postype="preposition" wd="de"/>
              </prep>
              <sn>
                <spec gen="f" num="s">
                  <d gen="f" lem="el" num="s" pos="da0fs0" postype="article" wd="la"/>
                </spec>
                <grup.nom gen="f" num="s">
                  <n gen="f" lem="fruita" num="s" pos="ncfs000" postype="common" sense="16:05745250" wd="fruita"/>
                </grup.nom>
              </sn>
            </sp>
          </grup.nom>
        </sn>
      </sp>
      <sn arg="arg1" func="suj" tem="tem">
        <spec gen="m" num="s">
          <d gen="c" lem="el" num="s" pos="da0cs0" postype="article" wd="l'"/>
        </spec>
        <grup.nom gen="m" num="s">
          <n gen="m" lem="augment" num="s" pos="ncms000" postype="common" sense="16:05459005" wd="augment"/>
        </grup.nom>
      </sn>
      <grup.verb>
        <v lem="ser" lss="C21.state-attributive" mood="indicative" num="s" person="3" pos="vmip3s0" postype="main" tense="present" wd="és"/>
      </grup.verb>
      <sa arg="arg2" func="atr" tem="atr">
        <spec>
          <r lem="molt" pos="rg" wd="molt"/>
        </spec>
        <grup.a>
          <a gen="c" lem="superior" num="s" pos="aq0cs0" postype="qualificative" wd="superior"/>
        </grup.a>
      </sa>
    </S>
    <f lem="." pos="fp" punct="period" wd="."/>
  </sentence>
  <sentence>
    <sadv arg="argM" func="cc" tem="tmp">
      <grup.adv>
        <r lem="enguany" pos="rg" wd="Enguany"/>
      </grup.adv>
    </sadv>
    <grup.verb>
      <v lem="haver" mood="indicative" num="p" person="3" pos="vaip3p0" postype="auxiliary" tense="present" wd="han"/>
      <v gen="m" lem="passar" lss="D11.inergative-agentive" mood="participle" num="s" pos="vmp00sm" postype="main" wd="passat"/>
    </grup.verb>
    <sp arg="arg2" func="creg" tem="loc">
      <prep>
        <s contracted="yes" gen="m" lem="pel" num="s" pos="spcms" postype="preposition" wd="pel"/>
      </prep>
      <sn entityref="ne" ne="organization">
        <grup.nom gen="m" num="s">
          <n lem="Port" ne="organization" pos="np0000o" postype="proper" sense="16:cs1" wd="Port"/>
        </grup.nom>
      </sn>
    </sp>
    <sn arg="arg0" entityref="ne" func="suj" ne="number" tem="agt">
      <spec gen="f" num="p">
        <z lem="80000" ne="number" wd="80.000"/>
      </spec>
      <grup.nom gen="f" num="p">
        <n gen="f" lem="tona" num="p" pos="ncfp000" postype="common" sense="16:09881590" wd="tones"/>
        <sp>
          <prep>
            <s lem="de" pos="sps00" postype="preposition" wd="de"/>
          </prep>
          <sn>
            <grup.nom gen="f" num="s">
              <n gen="f" lem="fruita" num="s" pos="ncfs000" postype="common" sense="16:05745250" wd="fruita"/>
            </grup.nom>
          </sn>
        </sp>
        <sn>
          <f lem="," pos="fc" punct="comma" wd=","/>
          <spec gen="m" num="s">
            <d gen="m" lem="el" num="s" pos="da0ms0" postype="article" wd="el"/>
          </spec>
          <grup.nom gen="m" num="s">
            <s.a gen="m" num="s">
              <grup.a gen="m" num="s">
                <a gen="c" lem="doble" num="s" pos="aq0cs0" postype="qualificative" wd="doble"/>
              </grup.a>
            </s.a>
            <sp>
              <prep>
                <s lem="de" pos="sps00" postype="preposition" wd="de"/>
              </prep>
              <sn>
                <spec gen="m" num="s">
                  <d gen="c" lem="el" num="s" pos="da0cs0" postype="article" wd="l'"/>
                </spec>
                <grup.nom gen="m" num="s">
                  <n gen="m" lem="any" num="s" pos="ncms000" postype="common" sense="16:10917509" wd="any"/>
                  <S clausetype="participle" impersonal="yes">
                    <participi>
                      <a gen="m" lem="passat" num="s" pos="aq0msp" posfunction="participle" postype="qualificative" wd="passat"/>
                    </participi>
                  </S>
                </grup.nom>
              </sn>
            </sp>
          </grup.nom>
        </sn>
      </grup.nom>
    </sn>
    <f lem="." pos="fp" punct="period" wd="."/>
  </sentence>
  <sentence>
    <sn arg="arg1" discid="1c" func="suj" tem="pat">
      <spec gen="m" num="s">
        <d gen="m" lem="el" num="s" pos="da0ms0" postype="article" wd="El"/>
      </spec>
      <grup.nom gen="m" num="s">
        <n gen="m" lem="transport" num="s" pos="ncms000" postype="common" sense="16:00204553" wd="transport"/>
        <sp>
          <prep>
            <s lem="de" pos="sps00" postype="preposition" wd="de"/>
          </prep>
          <sn>
            <grup.nom gen="m" num="p">
              <n gen="m" lem="contenidor" num="p" pos="ncmp000" postype="common" sense="16:02490563" wd="contenidors"/>
            </grup.nom>
          </sn>
        </sp>
      </grup.nom>
    </sn>
    <grup.verb>
      <v lem="ser" lss="C21.state-attributive" mood="indicative" num="s" person="3" pos="vmip3s0" postype="main" tense="present" wd="és"/>
    </grup.verb>
    <S arg="arg2" clausetype="participle" func="atr" impersonal="yes" tem="atr">
      <participi>
        <a gen="m" lem="previst" num="s" pos="aq0msp" posfunction="participle" postype="qualificative" wd="previst"/>
      </participi>
    </S>
    <S arg="arg1" clausetype="completive" discid="1n" func="suj" tem="tem">
      <conj conjunctiontype="subordinating">
        <c lem="que" pos="cs" postype="subordinating" wd="que"/>
      </conj>
      <morfema.pronominal>
        <p gen="c" lem="ell" num="c" person="3" pos="p0300000" wd="s'"/>
      </morfema.pronominal>
      <grup.verb>
        <v lem="incrementar" lss="B21.unaccusative-state" mood="subjunctive" num="s" person="3" pos="vmsp3s0" postype="main" tense="present" wd="incrementi"/>
      </grup.verb>
      <sp arg="argM" func="cc" tem="tmp">
        <f lem="," pos="fc" punct="comma" wd=","/>
        <prep>
          <s lem="durant" pos="sps00" postype="preposition" wd="durant"/>
        </prep>
        <sn entityref="ne" ne="date">
          <grup.nom gen="m" num="s">
            <w lem="[??:??/??/1999:??.??]" ne="date" wd="1999"/>
          </grup.nom>
        </sn>
        <f lem="," pos="fc" punct="comma" wd=","/>
      </sp>
      <sn arg="arg1" coord="yes" func="cd" functype="quantitative" tem="tem">
        <conj conjunctiontype="coordinating">
          <s lem="entre" pos="sps00" postype="preposition" wd="entre"/>
        </conj>
        <sn entityref="ne" ne="number">
          <spec gen="m" num="s">
            <d gen="m" lem="un" num="s" pos="di0ms0" postype="indefinite" wd="un"/>
          </spec>
          <grup.nom gen="m" num="s">
            <z lem="10_%" ne="number" pos="zp" postype="percentage" wd="10_%"/>
          </grup.nom>
        </sn>
        <conj conjunctiontype="coordinating">
          <c lem="i" pos="cc" postype="coordinating" wd="i"/>
        </conj>
        <sn entityref="ne" ne="number">
          <spec gen="m" num="s">
            <d gen="m" lem="un" num="s" pos="di0ms0" postype="indefinite" wd="un"/>
          </spec>
          <grup.nom gen="m" num="s">
            <z lem="13_%" ne="number" pos="zp" postype="percentage" wd="13_%"/>
          </grup.nom>
        </sn>
      </sn>
    </S>
    <f lem="." pos="fp" punct="period" wd="."/>
  </sentence>
  <sentence>
    <sn arg="arg1" discid="1c" func="suj" tem="pat">
      <spec gen="m" num="s">
        <d gen="m" lem="el" num="s" pos="da0ms0" postype="article" wd="El"/>
      </spec>
      <grup.nom gen="m" num="s">
        <n gen="m" lem="moviment" num="s" pos="ncms000" postype="common" sense="16:00213412" wd="moviment"/>
        <sp>
          <prep>
            <s lem="en" pos="sps00" postype="preposition" wd="en"/>
          </prep>
          <sn>
            <spec gen="m" num="s">
              <d gen="m" lem="el" num="s" pos="da0ms0" postype="article" wd="el"/>
            </spec>
            <grup.nom gen="m" num="s">
              <n gen="m" lem="sector" num="s" pos="ncms000" postype="common" sense="16:06214548" wd="sector"/>
              <sp>
                <prep>
                  <s lem="de" pos="sps00" postype="preposition" wd="de"/>
                </prep>
                <sn>
                  <grup.nom gen="m" num="p">
                    <n gen="m" lem="vehicle" num="p" pos="ncmp000" postype="common" sense="16:03569523" wd="vehicles"/>
                  </grup.nom>
                </sn>
              </sp>
            </grup.nom>
          </sn>
        </sp>
      </grup.nom>
    </sn>
    <morfema.verbal func="pass">
      <p gen="c" lem="es" num="c" pos="p0000000" wd="es"/>
    </morfema.verbal>
    <grup.verb>
      <v lem="preveure" lss="B22.unaccusative-passive-transitive" mood="indicative" num="s" person="3" pos="vmip3s0" postype="main" tense="present" wd="preveu"/>
    </grup.verb>
    <S arg="arg1" clausetype="completive" discid="1n" func="suj" tem="pat">
      <conj conjunctiontype="subordinating">
        <c lem="que" pos="cs" postype="subordinating" wd="que"/>
      </conj>
      <grup.verb>
        <v lem="ser" lss="C21.state-attributive" mood="subjunctive" num="s" person="3" pos="vmsp3s0" postype="main" tense="present" wd="sigui"/>
      </grup.verb>
      <sa arg="arg2" func="atr" tem="atr">
        <sn adjunct="yes" coord="yes">
          <conj conjunctiontype="coordinating">
            <s lem="entre" pos="sps00" postype="preposition" wd="entre"/>
          </conj>
          <sn entityref="ne" ne="number">
            <spec gen="m" num="s">
              <d gen="m" lem="un" num="s" pos="di0ms0" postype="indefinite" wd="un"/>
            </spec>
            <grup.nom gen="m" num="s">
              <z lem="5_%" ne="number" pos="zp" postype="percentage" wd="5_%"/>
            </grup.nom>
          </sn>
          <conj conjunctiontype="coordinating">
            <c lem="i" pos="cc" postype="coordinating" wd="i"/>
          </conj>
          <sn entityref="ne" ne="number">
            <spec gen="m" num="s">
              <d gen="m" lem="un" num="s" pos="di0ms0" postype="indefinite" wd="un"/>
            </spec>
            <grup.nom gen="m" num="s">
              <z lem="8_%" ne="number" pos="zp" postype="percentage" wd="8_%"/>
            </grup.nom>
          </sn>
        </sn>
        <sa>
          <grup.a>
            <a gen="c" lem="superior" num="s" pos="aq0cs0" postype="qualificative" wd="superior"/>
          </grup.a>
        </sa>
      </sa>
    </S>
    <f lem="." pos="fp" punct="period" wd="."/>
  </sentence>
  <sentence>
    <sadv func="et">
      <grup.adv>
        <r lem="en_total" pos="rg" wd="En_total"/>
      </grup.adv>
      <f lem="," pos="fc" punct="comma" wd=","/>
    </sadv>
    <sn arg="arg0" entityref="ne" func="suj" ne="organization" tem="agt">
      <spec gen="f" num="s">
        <d gen="c" lem="el" num="s" pos="da0cs0" postype="article" wd="l'"/>
      </spec>
      <grup.nom gen="f" num="s">
        <n lem="Autoritat_Portuària_de_Tarragona" ne="organization" pos="np0000o" postype="proper" sense="16:cs1" wd="Autoritat_Portuària_de_Tarragona"/>
      </grup.nom>
    </sn>
    <grup.verb>
      <v lem="tancar" lss="A21.transitive-agentive-patient" mood="indicative" num="s" person="3" pos="vmif3s0" postype="main" tense="future" wd="tancarà"/>
    </grup.verb>
    <sn arg="arg1" entityref="ne" func="cd" ne="date" tem="pat">
      <grup.nom gen="m" num="s">
        <w lem="[??:??/??/1999:??.??]" ne="date" wd="1999"/>
      </grup.nom>
    </sn>
    <sp arg="argM" func="cc" tem="adv">
      <prep>
        <s lem="amb" pos="sps00" postype="preposition" wd="amb"/>
      </prep>
      <sn>
        <spec gen="m" num="s">
          <d gen="m" lem="un" num="s" pos="di0ms0" postype="indefinite" wd="un"/>
        </spec>
        <grup.nom gen="m" num="s">
          <n gen="m" lem="trànsit" num="s" pos="ncms000" postype="common" sense="16:06231214" wd="trànsit"/>
          <sp>
            <prep>
              <s lem="de" pos="sps00" postype="preposition" wd="de"/>
            </prep>
            <sn>
              <grup.nom gen="f" num="p">
                <n gen="f" lem="mercaderia" num="p" pos="ncfp000" postype="common" sense="16:02476046" wd="mercaderies"/>
              </grup.nom>
            </sn>
          </sp>
          <S clausetype="relative">
            <relatiu arg="arg1" func="suj" tem="tem">
              <p gen="c" lem="que" num="c" pos="pr0cn000" postype="relative" wd="que"/>
            </relatiu>
            <grup.verb>
              <v lem="girar" lss="C11.state-existential" mood="indicative" num="s" person="3" pos="vmif3s0" postype="main" tense="future" wd="girarà"/>
            </grup.verb>
            <sp arg="argM" func="cc" tem="adv">
              <prep>
                <s contracted="yes" gen="m" lem="al_voltant_del" num="p" pos="spcmp" postype="preposition" wd="al_voltant_dels"/>
              </prep>
              <sn entityref="ne" ne="number">
                <spec gen="m" num="p">
                  <z lem="27" ne="number" wd="27"/>
                </spec>
                <grup.nom gen="m" num="p">
                  <n gen="m" lem="milió" num="p" pos="ncmp000" postype="common" sense="16:09902865" wd="milions"/>
                  <sp>
                    <prep>
                      <s lem="de" pos="sps00" postype="preposition" wd="de"/>
                    </prep>
                    <sn>
                      <grup.nom gen="f" num="p">
                        <n gen="f" lem="tona" num="p" pos="ncfp000" postype="common" sense="16:09881590" wd="tones"/>
                      </grup.nom>
                    </sn>
                  </sp>
                </grup.nom>
              </sn>
            </sp>
          </S>
        </grup.nom>
      </sn>
    </sp>
    <f lem="." pos="fp" punct="period" wd="."/>
  </sentence>
  <sentence>
    <sn arg="arg0" entityref="ne" func="suj" ne="person" tem="agt">
      <grup.nom gen="m" num="s">
        <n lem="Lluís_Badia" ne="person" pos="np0000p" postype="proper" sense="16:cs1" wd="Lluís_Badia"/>
      </grup.nom>
    </sn>
    <grup.verb>
      <v lem="haver" mood="indicative" num="s" person="3" pos="vaip3s0" postype="auxiliary" tense="present" wd="ha"/>
      <v gen="m" lem="subratllar" lss="A21.transitive-agentive-patient" mood="participle" num="s" pos="vmp00sm" postype="main" wd="subratllat"/>
    </grup.verb>
    <S arg="arg1" clausetype="completive" func="cd" tem="pat">
      <conj conjunctiontype="subordinating">
        <c lem="que" pos="cs" postype="subordinating" wd="que"/>
      </conj>
      <sn arg="arg0" func="suj" tem="cau">
        <f lem="&quot;" pos="fe" punct="quotation" wd="&quot;"/>
        <spec gen="m" num="s">
          <d gen="c" lem="el" num="s" pos="da0cs0" postype="article" wd="l'"/>
        </spec>
        <grup.nom gen="m" num="s">
          <s.a gen="m" num="s">
            <grup.a gen="m" num="s">
              <a gen="c" lem="important" num="s" pos="aq0cs0" postype="qualificative" wd="important"/>
            </grup.a>
          </s.a>
          <n gen="m" lem="increment" num="s" pos="ncms000" postype="common" sense="16:03983965" wd="increment"/>
          <sp>
            <prep>
              <s contracted="yes" gen="m" lem="del" num="s" pos="spcms" postype="preposition" wd="del"/>
            </prep>
            <sn>
              <grup.nom gen="m" num="s">
                <n gen="m" lem="nombre" num="s" pos="ncms000" postype="common" sense="16:03990394" wd="nombre"/>
                <sp>
                  <prep>
                    <s lem="de" pos="sps00" postype="preposition" wd="de"/>
                  </prep>
                  <sn>
                    <grup.nom gen="m" num="p">
                      <n gen="m" lem="vaixell" num="p" pos="ncmp000" postype="common" sense="16:03318070" wd="vaixells"/>
                    </grup.nom>
                  </sn>
                </sp>
              </grup.nom>
            </sn>
          </sp>
          <S clausetype="relative">
            <relatiu arg="arg1" func="suj" tem="pat">
              <p gen="c" lem="que" num="c" pos="pr0cn000" postype="relative" wd="que"/>
            </relatiu>
            <morfema.verbal func="pass">
              <p gen="c" lem="es" num="c" pos="p0000000" wd="s'"/>
            </morfema.verbal>
            <grup.verb>
              <v lem="haver" mood="indicative" num="s" person="3" pos="vaip3s0" postype="auxiliary" tense="present" wd="ha"/>
              <v gen="m" lem="registrar" lss="B12.unaccusative-passive-ditransitive" mood="participle" num="s" pos="vmp00sm" postype="main" wd="registrat"/>
            </grup.verb>
            <sp arg="argM" func="cc" tem="tmp">
              <prep>
                <s lem="durant" pos="sps00" postype="preposition" wd="durant"/>
              </prep>
              <sn entityref="ne" ne="date">
                <spec gen="m" num="s">
                  <d gen="m" lem="el" num="s" pos="da0ms0" postype="article" wd="el"/>
                </spec>
                <grup.nom gen="m" num="s">
                  <s.a gen="m" num="s">
                    <grup.a gen="m" num="s">
                      <a gen="m" lem="primer" num="s" pos="ao0ms0" postype="ordinal" wd="primer"/>
                    </grup.a>
                  </s.a>
                  <n gen="m" lem="trimestre" num="s" pos="ncms000" postype="common" sense="16:10937467" wd="trimestre"/>
                  <sp>
                    <prep>
                      <s lem="de" pos="sps00" postype="preposition" wd="de"/>
                    </prep>
                    <sn entityref="ne" ne="date">
                      <grup.nom gen="m" num="s">
                        <w lem="[??:??/??/1999:??.??]" ne="date" wd="1999"/>
                      </grup.nom>
                    </sn>
                  </sp>
                </grup.nom>
              </sn>
            </sp>
          </S>
        </grup.nom>
        <f lem="&quot;" pos="fe" punct="quotation" wd="&quot;"/>
      </sn>
      <sn arg="arg1" func="cd" tem="tem">
        <grup.nom num="p">
          <p gen="c" lem="ell" num="p" person="3" pos="pp3cp000" postype="personal" wd="els"/>
        </grup.nom>
      </sn>
      <grup.verb>
        <v lem="fer" mood="indicative" num="s" person="3" pos="vmip3s0" postype="main" tense="present" wd="fa"/>
        <infinitiu>
          <v lem="ser" lss="A11.transitive-causative" mood="infinitive" pos="vmn0000" postype="main" wd="ser"/>
        </infinitiu>
      </grup.verb>
      <sa arg="arg2" func="cpred" predicate="cd" tem="atr">
        <grup.a>
          <a gen="c" lem="optimista" num="p" pos="aq0cp0" postype="qualificative" wd="optimistes"/>
        </grup.a>
      </sa>
    </S>
    <f lem="." pos="fp" punct="period" wd="."/>
  </sentence>
  <sentence>
    <sp arg="argM" func="cc" tem="loc">
      <prep>
        <s contracted="yes" gen="m" lem="del" num="s" pos="spcms" postype="preposition" wd="Del"/>
      </prep>
      <sn>
        <grup.nom gen="m" num="s">
          <n gen="m" lem="capítol" num="s" pos="ncms000" postype="common" sense="16:05447477" wd="capítol"/>
          <sp>
            <prep>
              <s lem="de" pos="sps00" postype="preposition" wd="d'"/>
            </prep>
            <sn>
              <grup.nom gen="f" num="p">
                <n gen="f" lem="inversió" num="p" pos="ncfp000" postype="common" sense="16:00712429" wd="inversions"/>
                <sp>
                  <prep>
                    <s contracted="yes" gen="m" lem="del" num="s" pos="spcms" postype="preposition" wd="del"/>
                  </prep>
                  <sn>
                    <grup.nom gen="m" num="s">
                      <s.a gen="m" num="s">
                        <grup.a gen="m" num="s">
                          <a gen="m" lem="proper" num="s" pos="aq0ms0" postype="qualificative" wd="proper"/>
                        </grup.a>
                      </s.a>
                      <n gen="m" lem="quinquenni" num="s" pos="ncms000" postype="common" sense="16:cs1" wd="quinquenni"/>
                    </grup.nom>
                  </sn>
                </sp>
              </grup.nom>
            </sn>
          </sp>
        </grup.nom>
      </sn>
    </sp>
    <grup.verb>
      <v lem="destacar" lss="B11.unaccusative-motion" mood="indicative" num="p" person="3" pos="vmip3p0" postype="main" tense="present" wd="destaquen"/>
    </grup.verb>
    <sn arg="arg1" func="suj" tem="tem">
      <spec gen="f" num="p">
        <d gen="f" lem="el" num="p" pos="da0fp0" postype="article" wd="les"/>
      </spec>
      <grup.nom gen="f" num="p">
        <n gen="f" lem="obra" num="p" pos="ncfp000" postype="common" sense="16:50005895" wd="obres"/>
        <sp coord="yes">
          <sp>
            <prep>
              <s contracted="yes" gen="m" lem="del" num="s" pos="spcms" postype="preposition" wd="del"/>
            </prep>
            <sn>
              <grup.nom gen="m" num="s">
                <n gen="m" lem="contradic" num="s" pos="ncms000" postype="common" sense="16:cs1" wd="contradic"/>
              </grup.nom>
            </sn>
          </sp>
          <f lem="," pos="fc" punct="comma" wd=","/>
          <sp>
            <prep>
              <s contracted="yes" gen="m" lem="del" num="s" pos="spcms" postype="preposition" wd="del"/>
            </prep>
            <sn entityref="ne" ne="location">
              <grup.nom gen="m" num="s">
                <n lem="Moll_d'_Andalusia" ne="location" pos="np0000l" postype="proper" sense="16:cs1" wd="Moll_d'_Andalusia"/>
              </grup.nom>
            </sn>
          </sp>
          <f lem="," pos="fc" punct="comma" wd=","/>
          <sp>
            <prep>
              <s contracted="yes" gen="m" lem="del" num="s" pos="spcms" postype="preposition" wd="del"/>
            </prep>
            <sn entityref="ne" ne="location">
              <grup.nom gen="m" num="s">
                <n lem="Moll" ne="location" pos="np0000l" postype="proper" sense="16:cs1" wd="Moll"/>
                <sp>
                  <prep>
                    <s lem="entre" pos="sps00" postype="preposition" wd="entre"/>
                  </prep>
                  <sn>
                    <grup.nom gen="m" num="p">
                      <n gen="m" lem="pantalà" num="p" pos="ncmp000" postype="common" sense="16:cs1" wd="pantalans"/>
                    </grup.nom>
                  </sn>
                </sp>
              </grup.nom>
            </sn>
          </sp>
          <f lem="," pos="fc" punct="comma" wd=","/>
          <sp>
            <prep>
              <s contracted="yes" gen="m" lem="del" num="s" pos="spcms" postype="preposition" wd="del"/>
            </prep>
            <sn entityref="ne" ne="location">
              <grup.nom gen="m" num="s">
                <n lem="Moll_d'_Aragó" ne="location" pos="np0000l" postype="proper" sense="16:cs1" wd="Moll_d'_Aragó"/>
                <S clausetype="relative">
                  <f lem="(" pos="fpa" punct="bracket" punctenclose="open" wd="("/>
                  <relatiu arg="arg1" func="suj" tem="pat">
                    <p gen="c" lem="que" num="c" pos="pr0cn000" postype="relative" wd="que"/>
                  </relatiu>
                  <morfema.verbal func="pass">
                    <p gen="c" lem="es" num="c" pos="p0000000" wd="s'"/>
                  </morfema.verbal>
                  <grup.verb>
                    <v lem="haver" mood="indicative" num="s" person="3" pos="vaip3s0" postype="auxiliary" tense="present" wd="ha"/>
                    <s lem="de" pos="sps00" postype="preposition" wd="d'"/>
                    <infinitiu>
                      <v lem="acabar" mood="infinitive" pos="vmn0000" postype="main" wd="acabar"/>
                      <s lem="de" pos="sps00" postype="preposition" wd="de"/>
                      <infinitiu>
                        <v lem="reomplir" lss="A11.transitive-causative" mood="infinitive" pos="vmn0000" postype="main" wd="reomplir"/>
                      </infinitiu>
                    </infinitiu>
                  </grup.verb>
                  <f lem=")" pos="fpt" punct="bracket" punctenclose="close" wd=")"/>
                </S>
              </grup.nom>
            </sn>
          </sp>
          <conj conjunctiontype="coordinating">
            <c lem="i" pos="cc" postype="coordinating" wd="i"/>
          </conj>
          <sp>
            <prep>
              <s lem="de" pos="sps00" postype="preposition" wd="de"/>
            </prep>
            <sn>
              <spec gen="f" num="s">
                <d gen="f" lem="el" num="s" pos="da0fs0" postype="article" wd="la"/>
              </spec>
              <grup.nom gen="f" num="s">
                <n gen="f" lem="zona" num="s" pos="ncfs000" postype="common" sense="16:02207321" wd="zona"/>
                <sp>
                  <prep>
                    <s lem="de" pos="sps00" postype="preposition" wd="d'"/>
                  </prep>
                  <sn>
                    <grup.nom gen="f" num="p">
                      <n gen="f" lem="activitat" num="p" pos="ncfp000" postype="common" sense="16:00261466" wd="activitats"/>
                      <s.a gen="f" num="p">
                        <grup.a gen="f" num="p">
                          <a gen="f" lem="logístic" num="p" pos="aq0fp0" postype="qualificative" wd="logístiques"/>
                        </grup.a>
                      </s.a>
                    </grup.nom>
                  </sn>
                </sp>
              </grup.nom>
            </sn>
          </sp>
        </sp>
      </grup.nom>
    </sn>
    <f lem="." pos="fp" punct="period" wd="."/>
  </sentence>
  <sentence coord="yes">
    <S>
      <sn arg="arg0" entityref="ne" func="suj" ne="person" tem="agt">
        <grup.nom gen="m" num="s">
          <n lem="Badia" ne="person" pos="np0000p" postype="proper" sense="16:cs1" wd="Badia"/>
        </grup.nom>
      </sn>
      <grup.verb>
        <v lem="haver" mood="indicative" num="s" person="3" pos="vaip3s0" postype="auxiliary" tense="present" wd="ha"/>
        <v gen="m" lem="dir" lss="A32.ditransitive-patient-benefactive" mood="participle" num="s" pos="vmp00sm" postype="main" wd="dit"/>
      </grup.verb>
      <S arg="arg1" clausetype="completive" func="cd" tem="pat">
        <conj conjunctiontype="subordinating">
          <c lem="que" pos="cs" postype="subordinating" wd="que"/>
        </conj>
        <f lem="&quot;" pos="fe" punct="quotation" wd="&quot;"/>
        <sn arg="arg2" func="ci" tem="ben">
          <grup.nom num="p">
            <p gen="c" lem="jo" num="p" person="1" pos="pp1cp000" postype="personal" wd="ens"/>
          </grup.nom>
        </sn>
        <grup.verb>
          <v lem="caldre" lss="C41.state-benefactive" mood="indicative" num="p" person="3" pos="vmip3p0" postype="main" tense="present" wd="calen"/>
        </grup.verb>
        <sn arg="arg1" func="suj" tem="tem">
          <grup.nom gen="f" num="p">
            <s.a gen="f" num="p">
              <grup.a gen="f" num="p">
                <a gen="f" lem="nou" num="p" pos="aq0fp0" postype="qualificative" wd="noves"/>
              </grup.a>
            </s.a>
            <n gen="f" lem="superfície" num="p" pos="ncfp000" postype="common" sense="16:cs1" wd="superfícies"/>
            <s.a gen="f" num="p">
              <grup.a gen="f" num="p">
                <a gen="f" lem="portuari" num="p" pos="aq0fp0" postype="qualificative" wd="portuàries"/>
              </grup.a>
            </s.a>
          </grup.nom>
        </sn>
        <sp arg="argM" func="cc" tem="fin">
          <prep>
            <s lem="per" pos="sps00" postype="preposition" wd="per"/>
          </prep>
          <S clausetype="completive" impersonal="yes">
            <infinitiu>
              <v lem="anar" mood="infinitive" pos="vmn0000" postype="main" wd="anar"/>
              <gerundi>
                <v lem="donar" lss="A32.ditransitive-patient-benefactive" mood="gerund" pos="vmg0000" postype="main" wd="donant"/>
              </gerundi>
            </infinitiu>
            <sn arg="arg1" func="cd" tem="pat">
              <grup.nom gen="f" num="p">
                <n gen="f" lem="concessió" num="p" pos="ncfp000" postype="common" sense="16:05364726" wd="concessions"/>
              </grup.nom>
            </sn>
          </S>
        </sp>
        <f lem="&quot;" pos="fe" punct="quotation" wd="&quot;"/>
      </S>
    </S>
    <conj conjunctiontype="coordinating">
      <c lem="però" pos="cc" postype="coordinating" wd="però"/>
    </conj>
    <S coord="yes">
      <S>
        <sn arg="arg0" elliptic="yes" func="suj" tem="agt"/>
        <grup.verb>
          <v lem="haver" mood="indicative" num="s" person="3" pos="vaip3s0" postype="auxiliary" tense="present" wd="ha"/>
          <v gen="m" lem="voler" lss="A21.transitive-agentive-patient" mood="participle" num="s" pos="vmp00sm" postype="main" wd="volgut"/>
        </grup.verb>
        <S arg="arg1" clausetype="completive" func="cd" tem="pat">
          <infinitiu>
            <v lem="deixar" lss="A21.transitive-agentive-patient" mood="infinitive" pos="vmn0000" postype="main" wd="deixar"/>
          </infinitiu>
          <sa arg="arg2" func="cpred" predicate="cd" tem="atr">
            <grup.a>
              <a gen="m" lem="clar" num="s" pos="aq0ms0" postype="qualificative" wd="clar"/>
            </grup.a>
          </sa>
          <S arg="arg1" clausetype="completive" func="cd" tem="pat">
            <conj conjunctiontype="subordinating">
              <c lem="que" pos="cs" postype="subordinating" wd="que"/>
            </conj>
            <sn arg="arg1" entityref="ne" func="suj" ne="organization" tem="tem">
              <spec gen="m" num="s">
                <d gen="m" lem="el" num="s" pos="da0ms0" postype="article" wd="el"/>
              </spec>
              <grup.nom gen="m" num="s">
                <n lem="Port" ne="organization" pos="np0000o" postype="proper" sense="16:cs1" wd="Port"/>
              </grup.nom>
            </sn>
            <sadv arg="argM" func="cc" tem="tmp">
              <grup.adv>
                <r lem="encara" pos="rg" wd="encara"/>
              </grup.adv>
            </sadv>
            <f lem="&quot;" pos="fe" punct="quotation" wd="&quot;"/>
            <grup.verb>
              <v lem="tenir" lss="C21.state-attributive" mood="indicative" num="s" person="3" pos="vmip3s0" postype="main" tense="present" wd="té"/>
            </grup.verb>
            <sn arg="arg2" func="cd" functype="quantitative" tem="atr">
              <grup.nom gen="f" num="s">
                <n gen="f" lem="capacitat" num="s" pos="ncfs000" postype="common" sense="16:04049240" wd="capacitat"/>
                <sp>
                  <prep>
                    <s lem="de" pos="sps00" postype="preposition" wd="de"/>
                  </prep>
                  <sn>
                    <grup.nom gen="m" num="s">
                      <n gen="m" lem="creixement" num="s" pos="ncms000" postype="common" sense="16:09729055" wd="creixement"/>
                    </grup.nom>
                  </sn>
                </sp>
              </grup.nom>
            </sn>
            <f lem="&quot;" pos="fe" punct="quotation" wd="&quot;"/>
          </S>
        </S>
      </S>
      <conj conjunctiontype="coordinating">
        <c lem="i" pos="cc" postype="coordinating" wd="i"/>
      </conj>
      <S>
        <sn arg="arg0" elliptic="yes" func="suj" tem="agt"/>
        <grup.verb>
          <v lem="haver" mood="indicative" num="s" person="3" pos="vaip3s0" postype="auxiliary" tense="present" wd="ha"/>
          <v gen="m" lem="posar" lss="A21.transitive-agentive-patient" mood="participle" num="s" pos="vmp00sm" postype="main" wd="posat"/>
        </grup.verb>
        <sp arg="argL" func="cpred" predicate="cd">
          <prep>
            <s lem="com_a" pos="sps00" postype="preposition" wd="com_a"/>
          </prep>
          <sn>
            <grup.nom gen="m" num="s">
              <n gen="m" lem="exemple" num="s" pos="ncms000" postype="common" sense="16:04549495" wd="exemple"/>
            </grup.nom>
          </sn>
        </sp>
        <sn arg="arg1" coord="yes" func="cd" tem="pat">
          <sn entityref="ne" ne="number">
            <spec gen="f" num="p">
              <d gen="f" lem="el" num="p" pos="da0fp0" postype="article" wd="les"/>
              <z lem="20" ne="number" wd="20"/>
            </spec>
            <grup.nom gen="f" num="p">
              <n gen="f" lem="hectàrea" num="p" pos="ncfp000" postype="common" sense="16:09784524" wd="hectàrees"/>
              <s.a gen="f" num="p">
                <grup.a gen="f" num="p">
                  <a gen="c" lem="disponible" num="p" pos="aq0cp0" postype="qualificative" wd="disponibles"/>
                </grup.a>
              </s.a>
              <sp>
                <prep>
                  <s contracted="yes" gen="m" lem="del" num="s" pos="spcms" postype="preposition" wd="del"/>
                </prep>
                <sn entityref="ne" ne="location">
                  <grup.nom gen="m" num="s">
                    <n lem="Moll_d'_Aragó" ne="location" pos="np0000l" postype="proper" sense="16:cs1" wd="Moll_d'_Aragó"/>
                  </grup.nom>
                </sn>
              </sp>
            </grup.nom>
          </sn>
          <conj conjunctiontype="coordinating">
            <c lem="i" pos="cc" postype="coordinating" wd="i"/>
          </conj>
          <sn entityref="ne" ne="number">
            <spec gen="f" num="p">
              <d gen="f" lem="el" num="p" pos="da0fp0" postype="article" wd="les"/>
            </spec>
            <grup.nom gen="f" num="p">
              <z lem="32" ne="number" wd="32"/>
              <sp>
                <prep>
                  <s contracted="yes" gen="m" lem="del" num="s" pos="spcms" postype="preposition" wd="del"/>
                </prep>
                <sn entityref="ne" ne="location">
                  <grup.nom gen="m" num="s">
                    <n lem="Moll_d'_Andalusia" ne="location" pos="np0000l" postype="proper" sense="16:cs1" wd="Moll_d'_Andalusia"/>
                  </grup.nom>
                </sn>
              </sp>
            </grup.nom>
          </sn>
        </sn>
      </S>
    </S>
    <f lem="." pos="fp" punct="period" wd="."/>
  </sentence>
  <sentence>
    <sadv func="et">
      <grup.adv>
        <r lem="finalment" pos="rg" wd="Finalment"/>
      </grup.adv>
      <f lem="," pos="fc" punct="comma" wd=","/>
    </sadv>
    <sn arg="arg0" entityref="ne" func="suj" ne="person" tem="agt">
      <spec gen="m" num="s">
        <d gen="m" lem="el" num="s" pos="da0ms0" postype="article" wd="el"/>
      </spec>
      <grup.nom gen="m" num="s">
        <n gen="m" lem="president" num="s" pos="ncms000" postype="common" sense="16:07496197" wd="president"/>
        <sp>
          <prep>
            <s lem="de" pos="sps00" postype="preposition" wd="de"/>
          </prep>
          <sn entityref="ne" ne="organization">
            <spec gen="f" num="s">
              <d gen="c" lem="el" num="s" pos="da0cs0" postype="article" wd="l'"/>
            </spec>
            <grup.nom gen="f" num="s">
              <n lem="Autoritat_Portuària" ne="organization" pos="np0000o" postype="proper" sense="16:cs1" wd="Autoritat_Portuària"/>
            </grup.nom>
          </sn>
        </sp>
      </grup.nom>
    </sn>
    <grup.verb>
      <v lem="haver" mood="indicative" num="s" person="3" pos="vaip3s0" postype="auxiliary" tense="present" wd="ha"/>
      <v gen="m" lem="assegurar" lss="A21.transitive-agentive-patient" mood="participle" num="s" pos="vmp00sm" postype="main" wd="assegurat"/>
    </grup.verb>
    <S arg="arg1" clausetype="completive" func="cd" tem="pat">
      <conj conjunctiontype="subordinating">
        <c lem="que" pos="cs" postype="subordinating" wd="que"/>
      </conj>
      <f lem="&quot;" pos="fe" punct="quotation" wd="&quot;"/>
      <sn arg="arg0" elliptic="yes" func="suj" tem="agt"/>
      <grup.verb>
        <v lem="estar" mood="indicative" num="p" person="1" pos="vmip1p0" postype="main" tense="present" wd="estem"/>
        <gerundi>
          <v lem="treballar" lss="D11.inergative-agentive" mood="gerund" pos="vmg0000" postype="main" wd="treballant"/>
        </gerundi>
      </grup.verb>
      <sadv arg="argM" func="cc" tem="mnr">
        <grup.adv>
          <r lem="seriosament" pos="rg" wd="seriosament"/>
        </grup.adv>
      </sadv>
      <sp arg="argM" func="cc" tem="adv">
        <prep>
          <s lem="amb" pos="sps00" postype="preposition" wd="amb"/>
        </prep>
        <sn>
          <spec gen="f" num="s">
            <d gen="c" lem="el" num="s" pos="da0cs0" postype="article" wd="l'"/>
          </spec>
          <grup.nom gen="f" num="s">
            <n gen="f" lem="àrea" num="s" pos="ncfs000" postype="common" sense="16:02207321" wd="àrea"/>
            <sp>
              <prep>
                <s lem="de" pos="sps00" postype="preposition" wd="de"/>
              </prep>
              <sn>
                <grup.nom gen="m" num="p">
                  <n gen="m" lem="creuer" num="p" pos="ncmp000" postype="common" sense="16:02527956" wd="creuers"/>
                </grup.nom>
              </sn>
            </sp>
          </grup.nom>
        </sn>
      </sp>
      <f lem="&quot;" punct="quotation" wd="&quot;"/>
    </S>
    <f lem="." pos="fp" punct="period" wd="."/>
  </sentence>
  <sentence coord="yes">
    <S>
      <sadv func="et">
        <grup.adv>
          <r lem="de_fet" pos="rg" wd="De_fet"/>
        </grup.adv>
      </sadv>
      <inc>
        <S>
          <f lem="-" pos="fg" punct="hyphen" wd="-"/>
          <grup.verb>
            <v lem="haver" mood="indicative" num="s" person="3" pos="vaip3s0" postype="auxiliary" tense="present" wd="ha"/>
            <v gen="m" lem="dir" lss="A32.ditransitive-patient-benefactive" mood="participle" num="s" pos="vmp00sm" postype="main" wd="dit"/>
          </grup.verb>
          <sn arg="arg0" elliptic="yes" func="suj" tem="agt"/>
          <f lem="-" pos="fg" punct="hyphen" wd="-"/>
        </S>
      </inc>
      <sn arg="arg1" elliptic="yes" func="suj" tem="tem"/>
      <grup.verb>
        <v lem="ser" lss="C21.state-attributive" mood="indicative" num="s" person="3" pos="vmip3s0" postype="main" tense="present" wd="és"/>
      </grup.verb>
      <sn arg="arg2" func="atr" tem="atr">
        <spec gen="f" num="s">
          <d gen="f" lem="el" num="s" pos="da0fs0" postype="article" wd="la"/>
        </spec>
        <grup.nom gen="f" num="s">
          <n gen="f" lem="prioritat" num="s" pos="ncfs000" postype="common" sense="16:10051706" wd="prioritat"/>
          <sp>
            <prep>
              <s contracted="yes" gen="m" lem="del" num="s" pos="spcms" postype="preposition" wd="del"/>
            </prep>
            <sn entityref="ne" ne="organization">
              <grup.nom gen="m" num="s">
                <n lem="Port" ne="organization" pos="np0000o" postype="proper" sense="16:cs1" wd="Port"/>
              </grup.nom>
            </sn>
          </sp>
        </grup.nom>
      </sn>
    </S>
    <conj conjunctiontype="coordinating">
      <c lem="i" pos="cc" postype="coordinating" wd="i"/>
    </conj>
    <S>
      <sn arg="arg0" elliptic="yes" func="suj" tem="agt"/>
      <grup.verb>
        <v lem="pretendre" lss="A21.transitive-agentive-patient" mood="indicative" num="p" person="1" pos="vmip1p0" postype="main" tense="present" wd="pretenem"/>
      </grup.verb>
      <S arg="arg1" clausetype="completive" func="cd" impersonal="yes" tem="pat">
        <infinitiu>
          <v lem="fer" lss="D11.inergative-agentive" mood="infinitive" pos="vmn0000" postype="main" wd="fer"/>
        </infinitiu>
        <sn arg="argL" func="cd">
          <spec gen="m" num="s">
            <d gen="m" lem="el" num="s" pos="da0ms0" postype="article" wd="el"/>
          </spec>
          <grup.nom gen="m" num="s">
            <n gen="m" lem="salt" num="s" pos="ncms000" postype="common" sense="16:cs1" wd="salt"/>
          </grup.nom>
        </sn>
        <sn arg="argM" func="cc" tem="tmp">
          <spec gen="m" num="s">
            <d gen="c" lem="el" num="s" pos="da0cs0" postype="article" wd="l'"/>
          </spec>
          <grup.nom gen="m" num="s">
            <n gen="m" lem="any" num="s" pos="ncms000" postype="common" sense="16:10917509" wd="any"/>
            <s.a gen="m" num="s">
              <grup.a gen="m" num="s">
                <a gen="c" lem="vinent" num="s" pos="aq0cs0" postype="qualificative" wd="vinent"/>
              </grup.a>
            </s.a>
          </grup.nom>
        </sn>
      </S>
    </S>
    <f lem="." pos="fp" punct="period" wd="."/>
  </sentence>
  <sentence coord="yes">
    <S>
      <sadv arg="argM" func="cc" tem="tmp">
        <grup.adv>
          <r lem="després" pos="rg" wd="Després"/>
          <sp>
            <prep>
              <s contracted="yes" gen="m" lem="del" num="s" pos="spcms" postype="preposition" wd="del"/>
            </prep>
            <sn>
              <grup.nom gen="m" num="s">
                <n gen="m" lem="fracàs" num="s" pos="ncms000" postype="common" sense="16:10385774" wd="fracàs"/>
                <sp>
                  <prep>
                    <s lem="de" pos="sps00" postype="preposition" wd="de"/>
                  </prep>
                  <sn entityref="ne" ne="other">
                    <spec gen="f" num="s">
                      <d gen="f" lem="el" num="s" pos="da0fs0" postype="article" wd="la"/>
                    </spec>
                    <grup.nom gen="f" num="s">
                      <n gen="f" lem="línia" num="s" pos="ncfs000" postype="common" sense="16:02927599" wd="línia"/>
                      <sp>
                        <prep>
                          <s lem="de" pos="sps00" postype="preposition" wd="de"/>
                        </prep>
                        <sn>
                          <grup.nom gen="m" num="s">
                            <n gen="m" lem="transport" num="s" pos="ncms000" postype="common" sense="16:02495376" wd="transport"/>
                            <sp>
                              <prep>
                                <s lem="de" pos="sps00" postype="preposition" wd="de"/>
                              </prep>
                              <sn>
                                <grup.nom gen="m" num="p">
                                  <n gen="m" lem="viatger" num="p" pos="ncmp000" postype="common" sense="16:06955549" wd="viatgers"/>
                                </grup.nom>
                              </sn>
                            </sp>
                          </grup.nom>
                        </sn>
                      </sp>
                      <sn entityref="ne" ne="location">
                        <grup.nom>
                          <n lem="Tarragona-Palma_de_Mallorca" ne="location" pos="np0000l" postype="proper" sense="16:cs1" wd="Tarragona-Palma_de_Mallorca"/>
                        </grup.nom>
                      </sn>
                    </grup.nom>
                  </sn>
                </sp>
              </grup.nom>
            </sn>
          </sp>
        </grup.adv>
        <f lem="," pos="fc" punct="comma" wd=","/>
      </sadv>
      <sn arg="arg1" entityref="ne" func="suj" ne="person" tem="tem">
        <grup.nom gen="m" num="s">
          <n lem="Badia" ne="person" pos="np0000p" postype="proper" sense="16:cs1" wd="Badia"/>
        </grup.nom>
      </sn>
      <grup.verb>
        <v lem="ser" lss="C21.state-attributive" mood="indicative" num="s" person="3" pos="vmip3s0" postype="main" tense="present" wd="és"/>
      </grup.verb>
      <sa arg="arg2" func="atr" tem="atr">
        <grup.a>
          <a gen="c" lem="conscient" num="s" pos="aq0cs0" postype="qualificative" wd="conscient"/>
          <S clausetype="completive">
            <conj conjunctiontype="subordinating">
              <c lem="que" pos="cs" postype="subordinating" wd="que"/>
            </conj>
            <sn arg="arg0" entityref="ne" func="suj" ne="organization" tem="agt">
              <spec gen="m" num="s">
                <d gen="m" lem="el" num="s" pos="da0ms0" postype="article" wd="el"/>
              </spec>
              <grup.nom gen="m" num="s">
                <n lem="Port" ne="organization" pos="np0000o" postype="proper" sense="16:cs1" wd="Port"/>
              </grup.nom>
            </sn>
            <f lem="&quot;" pos="fe" punct="quotation" wd="&quot;"/>
            <neg func="mod">
              <r lem="no" pos="rn" postype="negative" wd="no"/>
            </neg>
            <grup.verb>
              <v lem="poder" mood="indicative" num="s" person="3" pos="vmip3s0" postype="main" tense="present" wd="pot"/>
              <infinitiu>
                <v lem="finançar" lss="A21.transitive-agentive-patient" mood="infinitive" pos="vmn0000" postype="main" wd="finançar"/>
              </infinitiu>
            </grup.verb>
            <sn arg="arg1" func="cd" tem="pat">
              <spec gen="m" num="p">
                <d gen="m" lem="el" num="p" pos="da0mp0" postype="article" wd="els"/>
              </spec>
              <grup.nom gen="m" num="p">
                <n gen="m" lem="negoci" num="p" pos="ncmp000" postype="common" sense="16:06008236" wd="negocis"/>
                <sp>
                  <prep>
                    <s lem="de" pos="sps00" postype="preposition" wd="de"/>
                  </prep>
                  <sn>
                    <grup.nom num="s">
                      <p gen="c" lem="ningú" num="s" pos="pi0cs000" postype="indefinite" wd="ningú"/>
                    </grup.nom>
                  </sn>
                </sp>
              </grup.nom>
            </sn>
            <f lem="&quot;" pos="fe" punct="quotation" wd="&quot;"/>
          </S>
        </grup.a>
      </sa>
    </S>
    <conj conjunctiontype="coordinating">
      <c lem="i" pos="cc" postype="coordinating" wd="i"/>
    </conj>
    <S>
      <sn arg="arg0" elliptic="yes" func="suj" tem="agt"/>
      <grup.verb>
        <v lem="haver" mood="indicative" num="s" person="3" pos="vaip3s0" postype="auxiliary" tense="present" wd="ha"/>
        <v gen="m" lem="concloure" lss="A21.transitive-agentive-patient" mood="participle" num="s" pos="vmp00sm" postype="main" wd="conclòs"/>
      </grup.verb>
      <S arg="arg1" clausetype="completive" func="cd" tem="pat">
        <conj conjunctiontype="subordinating">
          <c lem="que" pos="cs" postype="subordinating" wd="que"/>
        </conj>
        <f lem="&quot;" pos="fe" punct="quotation" wd="&quot;"/>
        <sn arg="arg1" func="suj" tem="tem">
          <grup.nom gen="m" num="s">
            <p gen="m" lem="tot" num="s" pos="pi0ms000" postype="indefinite" wd="tot"/>
          </grup.nom>
        </sn>
        <grup.verb>
          <v lem="anar" lss="C21.state-attributive" mood="indicative" num="s" person="3" pos="vmif3s0" postype="main" tense="future" wd="anirà"/>
        </grup.verb>
        <sp arg="arg2" func="cc" tem="atr">
          <prep>
            <s contracted="yes" gen="m" lem="en_funció_del" num="s" pos="spcms" postype="preposition" wd="en_funció_del"/>
          </prep>
          <sn>
            <grup.nom gen="m" num="s">
              <n gen="m" lem="desenvolupament" num="s" pos="ncms000" postype="common" sense="16:00160202" wd="desenvolupament"/>
              <sp>
                <prep>
                  <s lem="de" pos="sps00" postype="preposition" wd="de"/>
                </prep>
                <sn>
                  <f lem="(" pos="fpa" punct="bracket" punctenclose="open" wd="("/>
                  <spec gen="f" num="p">
                    <d gen="f" lem="el" num="p" pos="da0fp0" postype="article" wd="les"/>
                  </spec>
                  <grup.nom gen="f" num="p">
                    <n gen="f" lem="inversió" num="p" pos="ncfp000" postype="common" sense="16:00712429" wd="inversions"/>
                    <sp>
                      <prep>
                        <s lem="de" pos="sps00" postype="preposition" wd="de"/>
                      </prep>
                      <f lem=")" pos="fpt" punct="bracket" punctenclose="close" wd=")"/>
                      <sn entityref="ne" ne="organization">
                        <grup.nom>
                          <n lem="Port_Aventura" ne="organization" pos="np0000o" postype="proper" sense="16:cs1" wd="Port_Aventura"/>
                        </grup.nom>
                      </sn>
                    </sp>
                  </grup.nom>
                </sn>
              </sp>
            </grup.nom>
          </sn>
        </sp>
        <f lem="&quot;" pos="fe" punct="quotation" wd="&quot;"/>
      </S>
    </S>
    <f lem="." pos="fp" punct="period" wd="."/>
  </sentence>
</article>
