<?xml version="1.0" encoding="UTF-8"?>
<!-- 

  ancora-2.0
       
			Copyright (C) 2007, 2008, 2009, 2010, 2011 UB - CLiC
			Centre de Llenguatge i Computació - Universitat de Barcelona
 
  This file is part of ancora-2.0.
 
  ancora-2.0 is free software and data: you can redistribute it and/or modify
  it under the terms of the GNU General Public License as published
  by the Free Software Foundation, either version 3 of the License,
  or (at your option) any later version.

  ancora-2.0 is distributed in the hope that it will be useful,
  but WITHOUT ANY WARRANTY; without even the implied warranty of
  MERCHANTABILITY or FITNESS FOR A PARTICULAR PURPOSE.  See the
  GNU General Public License for more details.
 
  You should have received a copy of the GNU General Public License
  along with ancora-2.0.  If not, see &lt;http://www.gnu.org/licenses/&gt;.
 
  Check a text in catalan explaining the terms of the license at http://www.softcatala.cat/wiki/GPL3.
  In spanish at http://www.viti.es/gnu/licenses/gpl.html
 

  The following paper must be cited when using this corpus:

 * Taulé, M., M.A. Martí, M. Recasens (2008) 'Ancora: Multilevel Annotated Corpora for Catalan and Spanish',
   Proceedings of 6th International Conference on Language Resources and Evaluation. Marrakesh (Morocco).

  In addition, the following paper must be cited if coreference information (attributes entity, coreftype,
  corefsubtype, homophoricDD or entityref) is used:

 * Recasens, Marta, M. Antònia Martí (2010) ‘AnCora-CO: Coreferentially annotated corpora for Spanish and
   Catalan’. Language Resources and Evaluation, Springer Science.

  Additionally, the following paper must be cited when argumental attributes in "sn" or "grup.nom"
  (attributes func, arg, tem or lexicalid) are used:

 * Peris, Aina, Mariona Taulé, Horacio Rodríguez (2010) ‘Semantic Annotation of Deverbal Nominalizations in the
   Spanish AnCora corpus’. Treebanks and Linguistic Theories (TLT-2010), Estonia.
-->
<article lng="ca">
  <sentence>
    <sn arg="arg0" entityref="ne" func="suj" ne="organization" tem="agt">
      <spec gen="m" num="s">
        <d gen="m" lem="el" num="s" pos="da0ms0" postype="article" wd="El"/>
      </spec>
      <grup.nom gen="m" num="s">
        <n lem="PP" ne="organization" pos="np0000o" postype="proper" sense="16:50001207" wd="PP"/>
      </grup.nom>
    </sn>
    <grup.verb>
      <v lem="haver" mood="indicative" num="s" person="3" pos="vaip3s0" postype="auxiliary" tense="present" wd="ha"/>
      <v gen="m" lem="presentar" lss="A32.ditransitive-patient-benefactive" mood="participle" num="s" pos="vmp00sm" postype="main" wd="presentat"/>
    </grup.verb>
    <sadv arg="argM" func="cc" tem="tmp">
      <grup.adv>
        <r lem="avui" pos="rg" wd="avui"/>
      </grup.adv>
    </sadv>
    <sn arg="arg1" func="cd" tem="pat">
      <spec gen="m" num="s">
        <d gen="m" lem="el_seu" num="s" person="3" pos="dp3ms0" postype="possessive" wd="el_seu"/>
      </spec>
      <grup.nom gen="m" num="s">
        <n gen="m" lem="document" num="s" pos="ncms000" postype="common" sense="16:04859637" wd="document"/>
        <s.a gen="m" num="s">
          <grup.a gen="m" num="s">
            <n gen="f" lem="base" num="s" pos="ncfs000" postype="common" sense="16:04485976" wd="base"/>
          </grup.a>
        </s.a>
        <S clausetype="relative" coord="yes">
          <S clausetype="relative">
            <relatiu arg="arg1" func="cd" tem="pat">
              <p gen="c" lem="que" num="c" pos="pr0cn000" postype="relative" wd="que"/>
            </relatiu>
            <sn arg="arg0" elliptic="yes" func="suj" tem="agt"/>
            <grup.verb>
              <v lem="utilitzar" lss="A21.transitive-agentive-patient" mood="indicative" num="s" person="3" pos="vmif3s0" postype="main" tense="future" wd="utilitzarà"/>
            </grup.verb>
            <sp arg="argM" func="cc" tem="fin">
              <prep>
                <s lem="per" pos="sps00" postype="preposition" wd="per"/>
              </prep>
              <S clausetype="completive" impersonal="yes">
                <infinitiu>
                  <v lem="negociar" lss="A34.ditransitive-patient-theme" mood="infinitive" pos="vmn0000" postype="main" wd="negociar"/>
                </infinitiu>
                <sn arg="arg1" func="cd" tem="pat">
                  <spec gen="f" num="s">
                    <d gen="f" lem="el" num="s" pos="da0fs0" postype="article" wd="la"/>
                  </spec>
                  <grup.nom gen="f" num="s">
                    <n gen="f" lem="revisió" num="s" pos="ncfs000" postype="common" sense="16:00093268" wd="revisió"/>
                    <sp>
                      <prep>
                        <s contracted="yes" gen="m" lem="del" num="s" pos="spcms" postype="preposition" wd="del"/>
                      </prep>
                      <sn>
                        <grup.nom gen="m" num="s">
                          <n gen="m" lem="finançament" num="s" pos="ncms000" postype="common" sense="16:00712138" wd="finançament"/>
                          <s.a gen="m" num="s">
                            <grup.a gen="m" num="s">
                              <a gen="m" lem="autonòmic" num="s" pos="aq0ms0" postype="qualificative" wd="autonòmic"/>
                            </grup.a>
                          </s.a>
                        </grup.nom>
                      </sn>
                    </sp>
                    <S clausetype="relative">
                      <f lem="," pos="fc" punct="comma" wd=","/>
                      <relatiu arg="arg1" func="suj" tem="pat">
                        <p gen="c" lem="que" num="c" pos="pr0cn000" postype="relative" wd="que"/>
                      </relatiu>
                      <morfema.verbal func="pass">
                        <p gen="c" lem="es" num="c" pos="p0000000" wd="s'"/>
                      </morfema.verbal>
                      <sn arg="arg2" func="ci" tem="ben">
                        <grup.nom num="p">
                          <p gen="c" lem="ell" num="p" person="3" pos="pp3cp000" postype="personal" wd="els"/>
                        </grup.nom>
                      </sn>
                      <grup.verb>
                        <v lem="haver" mood="indicative" num="s" person="3" pos="vaif3s0" postype="auxiliary" tense="future" wd="haurà"/>
                        <s lem="de" pos="sps00" postype="preposition" wd="de"/>
                        <infinitiu>
                          <v lem="tancar" lss="B22.unaccusative-passive-transitive" mood="infinitive" pos="vmn0000" postype="main" wd="tancar"/>
                        </infinitiu>
                      </grup.verb>
                      <sadv arg="argM" func="cc" tem="tmp">
                        <grup.adv>
                          <r lem="abans" pos="rg" wd="abans"/>
                          <sp>
                            <prep>
                              <s lem="de" pos="sps00" postype="preposition" wd="d'"/>
                            </prep>
                            <S clausetype="completive" impersonal="yes">
                              <infinitiu>
                                <v lem="acabar" lss="C11.state-existential" mood="infinitive" pos="vmn0000" postype="main" wd="acabar"/>
                              </infinitiu>
                              <sn arg="arg1" func="suj" tem="tem">
                                <spec gen="m" num="s">
                                  <d gen="m" lem="aquest" num="s" pos="dd0ms0" postype="demonstrative" wd="aquest"/>
                                </spec>
                                <grup.nom gen="m" num="s">
                                  <n gen="m" lem="any" num="s" pos="ncms000" postype="common" sense="16:10917791" wd="any"/>
                                </grup.nom>
                              </sn>
                            </S>
                          </sp>
                        </grup.adv>
                      </sadv>
                      <f lem="," pos="fc" punct="comma" wd=","/>
                    </S>
                  </grup.nom>
                </sn>
              </S>
            </sp>
          </S>
          <conj conjunctiontype="coordinating">
            <c lem="i" pos="cc" postype="coordinating" wd="i"/>
          </conj>
          <S clausetype="relative">
            <sp arg="arg2" func="cc" tem="loc">
              <prep>
                <s lem="en" pos="sps00" postype="preposition" wd="en"/>
              </prep>
              <relatiu>
                <d gen="m" lem="el" num="s" pos="da0ms0" postype="article" wd="el"/>
                <p gen="c" lem="qual" num="s" pos="pr0cs000" postype="relative" wd="qual"/>
              </relatiu>
            </sp>
            <morfema.verbal func="pass">
              <p gen="c" lem="es" num="c" pos="p0000000" wd="es"/>
            </morfema.verbal>
            <grup.verb>
              <v lem="contemplar" lss="B22.unaccusative-passive-transitive" mood="indicative" num="s" person="3" pos="vmip3s0" postype="main" tense="present" wd="contempla"/>
            </grup.verb>
            <sn arg="arg1" func="suj" tem="pat">
              <sp adjunct="yes">
                <f lem="," pos="fc" punct="comma" wd=","/>
                <prep>
                  <s lem="entre" pos="sps00" postype="preposition" wd="entre"/>
                </prep>
                <sn>
                  <grup.nom num="p">
                    <p gen="c" lem="altre" num="p" pos="pi0cp000" postype="indefinite" wd="altres"/>
                  </grup.nom>
                </sn>
                <f lem="," pos="fc" punct="comma" wd=","/>
              </sp>
              <sn>
                <spec gen="f" num="s">
                  <d gen="f" lem="el" num="s" pos="da0fs0" postype="article" wd="la"/>
                </spec>
                <grup.nom gen="f" num="s">
                  <n gen="f" lem="inclusió" num="s" pos="ncfs000" postype="common" sense="16:00239677" wd="inclusió"/>
                  <sp>
                    <prep>
                      <s lem="de" pos="sps00" postype="preposition" wd="de"/>
                    </prep>
                    <sn coord="yes">
                      <sn entityref="ne" ne="organization">
                        <spec gen="f" num="s">
                          <d gen="f" lem="el" num="s" pos="da0fs0" postype="article" wd="la"/>
                        </spec>
                        <grup.nom gen="f" num="s">
                          <n lem="Sanitat" ne="organization" pos="np0000o" postype="proper" sense="16:cs1" wd="Sanitat"/>
                        </grup.nom>
                      </sn>
                      <inc>
                        <sp>
                          <f lem="," pos="fc" punct="comma" wd=","/>
                          <prep>
                            <s lem="en" pos="sps00" postype="preposition" wd="en"/>
                          </prep>
                          <sn>
                            <spec gen="f" num="s">
                              <d gen="f" lem="el" num="s" pos="da0fs0" postype="article" wd="la"/>
                            </spec>
                            <grup.nom gen="f" num="s">
                              <n gen="f" lem="línia" num="s" pos="ncfs000" postype="common" sense="16:06249735" wd="línia"/>
                              <S clausetype="participle" impersonal="yes">
                                <participi>
                                  <a gen="f" lem="proposat" lss="B12.unaccusative-passive-ditransitive" num="s" pos="aq0fsp" posfunction="participle" postype="qualificative" wd="proposada"/>
                                </participi>
                                <sp arg="arg0" func="cag" tem="agt">
                                  <prep>
                                    <s lem="per" pos="sps00" postype="preposition" wd="per"/>
                                  </prep>
                                  <sn entityref="ne" ne="organization">
                                    <spec gen="f" num="s">
                                      <d gen="f" lem="el" num="s" pos="da0fs0" postype="article" wd="la"/>
                                    </spec>
                                    <grup.nom gen="f" num="s">
                                      <n lem="Generalitat" ne="organization" pos="np0000o" postype="proper" sense="16:cs1" wd="Generalitat"/>
                                    </grup.nom>
                                  </sn>
                                </sp>
                              </S>
                            </grup.nom>
                          </sn>
                          <f lem="," pos="fc" punct="comma" wd=","/>
                        </sp>
                      </inc>
                      <conj conjunctiontype="coordinating">
                        <c lem="i" pos="cc" postype="coordinating" wd="i"/>
                      </conj>
                      <sn entityref="ne" ne="organization">
                        <spec gen="m" num="s">
                          <d gen="c" lem="el" num="s" pos="da0cs0" postype="article" wd="l'"/>
                        </spec>
                        <grup.nom gen="m" num="s">
                          <n lem="Imserso" ne="organization" pos="np0000o" postype="proper" sense="16:cs1" wd="Imserso"/>
                        </grup.nom>
                      </sn>
                    </sn>
                  </sp>
                </grup.nom>
              </sn>
            </sn>
          </S>
        </S>
      </grup.nom>
    </sn>
    <f lem="." pos="fp" punct="period" wd="."/>
  </sentence>
  <sentence>
    <sp func="ao">
      <prep>
        <s lem="en" pos="sps00" postype="preposition" wd="En"/>
      </prep>
      <sn>
        <spec gen="m" num="s">
          <d gen="m" lem="el" num="s" pos="da0ms0" postype="article" wd="el"/>
        </spec>
        <grup.nom gen="m" num="s">
          <n gen="m" lem="cas" num="s" pos="ncms000" postype="common" sense="16:10047274" wd="cas"/>
          <sp>
            <prep>
              <s lem="de" pos="sps00" postype="preposition" wd="de"/>
            </prep>
            <sn entityref="ne" ne="organization">
              <spec gen="f" num="s">
                <d gen="f" lem="el" num="s" pos="da0fs0" postype="article" wd="la"/>
              </spec>
              <grup.nom gen="f" num="s">
                <n lem="Sanitat" ne="organization" pos="np0000o" postype="proper" sense="16:cs1" wd="Sanitat"/>
              </grup.nom>
            </sn>
          </sp>
        </grup.nom>
      </sn>
      <f lem="," pos="fc" punct="comma" wd=","/>
    </sp>
    <sn arg="arg0" entityref="ne" func="suj" ne="organization" tem="agt">
      <spec gen="m" num="s">
        <d gen="m" lem="el" num="s" pos="da0ms0" postype="article" wd="el"/>
      </spec>
      <grup.nom gen="m" num="s">
        <n lem="PP" ne="organization" pos="np0000o" postype="proper" sense="16:50001207" wd="PP"/>
      </grup.nom>
    </sn>
    <grup.verb>
      <v lem="establir" lss="A21.transitive-agentive-patient" mood="indicative" num="s" person="3" pos="vmip3s0" postype="main" tense="present" wd="estableix"/>
    </grup.verb>
    <S arg="arg1" clausetype="completive" func="cd" tem="pat">
      <conj conjunctiontype="subordinating">
        <c lem="que" pos="cs" postype="subordinating" wd="que"/>
      </conj>
      <sn arg="arg0" func="suj" tem="agt">
        <spec gen="m" num="s">
          <d gen="m" lem="el" num="s" pos="da0ms0" postype="article" wd="el"/>
        </spec>
        <grup.nom gen="m" num="s">
          <n gen="m" lem="sistema" num="s" pos="ncms000" postype="common" sense="16:03459836" wd="sistema"/>
        </grup.nom>
      </sn>
      <grup.verb>
        <v lem="tenir_en_compte" lss="A31.ditransitive-patient-locative" mood="indicative" num="s" person="3" pos="vmif3s0" postype="main" tense="future" wd="tindrà_en_compte"/>
      </grup.verb>
      <sp arg="arg1" func="cd" tem="pat">
        <f lem="," pos="fc" punct="comma" wd=","/>
        <prep>
          <s contracted="yes" gen="m" lem="a_més_del" num="s" pos="spcms" postype="preposition" wd="a_més_del"/>
        </prep>
        <sn>
          <grup.nom gen="m" num="s">
            <n gen="m" lem="nombre" num="s" pos="ncms000" postype="common" sense="16:03990394" wd="nombre"/>
            <sp>
              <prep>
                <s lem="de" pos="sps00" postype="preposition" wd="de"/>
              </prep>
              <sn>
                <grup.nom gen="f" num="s">
                  <n gen="f" lem="població" num="s" pos="ncfs000" postype="common" sense="16:06079663" wd="població"/>
                  <sp>
                    <prep>
                      <s lem="de" pos="sps00" postype="preposition" wd="de"/>
                    </prep>
                    <sn>
                      <grup.nom gen="f" num="s">
                        <n gen="f" lem="cobertura" num="s" pos="ncfs000" postype="common" sense="16:cs1" wd="cobertura"/>
                      </grup.nom>
                    </sn>
                  </sp>
                </grup.nom>
              </sn>
            </sp>
          </grup.nom>
        </sn>
        <f lem="," pos="fc" punct="comma" wd=","/>
      </sp>
      <sn arg="arg1" func="cd" tem="pat">
        <spec gen="f" num="s">
          <d gen="f" lem="un" num="s" pos="di0fs0" postype="indefinite" wd="una"/>
        </spec>
        <grup.nom gen="f" num="s">
          <n gen="f" lem="variable" num="s" pos="ncfs000" postype="common" sense="16:06847350" wd="variable"/>
        </grup.nom>
      </sn>
      <sp arg="argM" coord="yes" func="cc" tem="adv">
        <sp>
          <prep>
            <s lem="en_funció_de" pos="sps00" postype="preposition" wd="en_funció_de"/>
          </prep>
          <sn>
            <spec gen="f" num="s">
              <d gen="f" lem="el" num="s" pos="da0fs0" postype="article" wd="la"/>
            </spec>
            <grup.nom gen="f" num="s">
              <n gen="f" lem="piràmide" num="s" pos="ncfs000" postype="common" sense="16:cs3" wd="piràmide"/>
              <sp>
                <prep>
                  <s lem="de" pos="sps00" postype="preposition" wd="d'"/>
                </prep>
                <sn>
                  <grup.nom gen="f" num="s">
                    <n gen="f" lem="edat" num="s" pos="ncfs000" postype="common" sense="16:03853114" wd="edat"/>
                  </grup.nom>
                </sn>
              </sp>
            </grup.nom>
          </sn>
        </sp>
        <conj conjunctiontype="coordinating">
          <c lem="o" pos="cc" postype="coordinating" wd="o"/>
        </conj>
        <sp>
          <prep>
            <s contracted="yes" gen="m" lem="del" num="p" pos="spcmp" postype="preposition" wd="dels"/>
          </prep>
          <sn>
            <grup.nom gen="m" num="p">
              <n gen="m" lem="aturat" num="p" pos="ncmp000" postype="common" sense="16:07655955" wd="aturats"/>
            </grup.nom>
          </sn>
        </sp>
      </sp>
      <sp arg="argM" func="cc" tem="fin">
        <prep>
          <s lem="amb_l'_objectiu_de" pos="sps00" postype="preposition" wd="amb_l'_objectiu_d'"/>
        </prep>
        <S clausetype="completive" impersonal="yes">
          <infinitiu>
            <v lem="ajustar" lss="A11.transitive-causative" mood="infinitive" pos="vmn0000" postype="main" wd="ajustar"/>
          </infinitiu>
          <sn arg="arg1" func="cd" tem="tem">
            <spec gen="m" num="p">
              <d gen="m" lem="el" num="p" pos="da0mp0" postype="article" wd="els"/>
            </spec>
            <grup.nom gen="m" num="p">
              <n gen="m" lem="cost" num="p" pos="ncmp000" postype="common" sense="16:09553349" wd="costos"/>
            </grup.nom>
          </sn>
        </S>
      </sp>
    </S>
    <f lem="." pos="fp" punct="period" wd="."/>
  </sentence>
  <sentence>
    <sn arg="arg2" func="suj" tem="loc">
      <spec gen="f" num="s">
        <d gen="f" lem="el" num="s" pos="da0fs0" postype="article" wd="La"/>
      </spec>
      <grup.nom gen="f" num="s">
        <n gen="f" lem="proposta" num="s" pos="ncfs000" postype="common" sense="16:05355937" wd="proposta"/>
      </grup.nom>
    </sn>
    <sadv func="mod">
      <grup.adv>
        <r lem="també" pos="rg" wd="també"/>
      </grup.adv>
    </sadv>
    <grup.verb>
      <v lem="incloure" lss="A31.ditransitive-patient-locative" mood="indicative" num="s" person="3" pos="vmip3s0" postype="main" tense="present" wd="inclou"/>
    </grup.verb>
    <sn arg="arg1" func="cd" tem="pat">
      <spec gen="f" num="s">
        <d gen="f" lem="el" num="s" pos="da0fs0" postype="article" wd="la"/>
      </spec>
      <grup.nom gen="f" num="s">
        <n gen="f" lem="participació" num="s" pos="ncfs000" postype="common" sense="16:05370646" wd="participació"/>
        <sp>
          <prep>
            <s lem="en" pos="sps00" postype="preposition" wd="en"/>
          </prep>
          <sn>
            <spec gen="m" num="p">
              <d gen="m" lem="el" num="p" pos="da0mp0" postype="article" wd="els"/>
            </spec>
            <grup.nom gen="m" num="p">
              <n gen="m" lem="impost" num="p" pos="ncmp000" postype="common" sense="16:09580808" wd="impostos"/>
              <s.a gen="m" num="p">
                <grup.a gen="m" num="p">
                  <a gen="c" lem="indirecte" num="p" pos="aq0cp0" postype="qualificative" wd="indirectes"/>
                </grup.a>
              </s.a>
              <S clausetype="relative">
                <sp arg="argM" func="cc" tem="adv">
                  <prep>
                    <s lem="entre" pos="sps00" postype="preposition" wd="entre"/>
                  </prep>
                  <relatiu>
                    <d gen="m" lem="el" num="p" pos="da0mp0" postype="article" wd="els"/>
                    <p gen="c" lem="qual" num="p" pos="pr0cp000" postype="relative" wd="quals"/>
                  </relatiu>
                </sp>
                <morfema.pronominal>
                  <p gen="c" lem="hi" num="c" person="3" pos="pp3cn000" postype="personal" wd="hi"/>
                </morfema.pronominal>
                <grup.verb>
                  <v lem="haver" lss="C11.state-existential" mood="indicative" num="s" person="3" pos="vmip3s0" postype="main" tense="present" wd="ha"/>
                </grup.verb>
                <sn arg="arg1" coord="yes" func="cd" functype="quantitative" tem="tem">
                  <sn entityref="ne" ne="other">
                    <spec gen="m" num="s">
                      <d gen="c" lem="el" num="s" pos="da0cs0" postype="article" wd="l'"/>
                    </spec>
                    <grup.nom gen="m" num="s">
                      <n lem="IVA" ne="other" pos="np0000a" postype="proper" sense="16:cs1" wd="IVA"/>
                    </grup.nom>
                  </sn>
                  <f lem="," pos="fc" punct="comma" wd=","/>
                  <sn>
                    <spec gen="m" num="p">
                      <d gen="m" lem="el" num="p" pos="da0mp0" postype="article" wd="els"/>
                    </spec>
                    <grup.nom gen="m" num="p">
                      <n gen="m" lem="impost" num="p" pos="ncmp000" postype="common" sense="16:09580808" wd="impostos"/>
                      <s.a gen="m" num="p">
                        <grup.a gen="m" num="p">
                          <a gen="c" lem="especial" num="p" pos="aq0cp0" postype="qualificative" wd="especials"/>
                        </grup.a>
                      </s.a>
                    </grup.nom>
                  </sn>
                  <conj conjunctiontype="coordinating">
                    <c lem="i" pos="cc" postype="coordinating" wd="i"/>
                  </conj>
                  <sn>
                    <spec gen="m" num="p">
                      <d gen="m" lem="el" num="p" pos="da0mp0" postype="article" wd="els"/>
                    </spec>
                    <grup.nom gen="m" num="p">
                      <sp>
                        <prep>
                          <s lem="de" pos="sps00" postype="preposition" wd="de"/>
                        </prep>
                        <sn>
                          <grup.nom gen="f" num="s">
                            <n gen="f" lem="matriculació" num="s" pos="ncfs000" postype="common" sense="16:00810945" wd="matriculació"/>
                          </grup.nom>
                        </sn>
                      </sp>
                    </grup.nom>
                  </sn>
                </sn>
              </S>
            </grup.nom>
          </sn>
        </sp>
      </grup.nom>
    </sn>
    <f lem="." pos="fp" punct="period" wd="."/>
  </sentence>
  <sentence>
    <sp func="et">
      <prep>
        <s contracted="yes" gen="m" lem="al" num="s" pos="spcms" postype="preposition" wd="Al"/>
      </prep>
      <sn>
        <grup.nom gen="m" num="s">
          <n gen="m" lem="costat" num="s" pos="ncms000" postype="common" sense="16:cs1" wd="costat"/>
          <sp>
            <prep>
              <s lem="de" pos="sps00" postype="preposition" wd="d'"/>
            </prep>
            <sn>
              <grup.nom gen="m" num="s">
                <p gen="c" lem="això" num="s" pos="pd0ns000" postype="demonstrative" wd="això"/>
              </grup.nom>
            </sn>
          </sp>
        </grup.nom>
      </sn>
      <f lem="," pos="fc" punct="comma" wd=","/>
    </sp>
    <morfema.verbal func="impers">
      <p gen="c" lem="es" num="c" pos="p0000000" wd="es"/>
    </morfema.verbal>
    <grup.verb>
      <v lem="voler" lss="A21.transitive-agentive-patient" mood="indicative" num="s" person="3" pos="vmip3s0" postype="main" tense="present" wd="vol"/>
    </grup.verb>
    <S arg="arg1" clausetype="completive" func="cd" impersonal="yes" tem="pat">
      <infinitiu>
        <v lem="reforçar" lss="A11.transitive-causative" mood="infinitive" pos="vmn0000" postype="main" wd="reforçar"/>
      </infinitiu>
      <sn arg="arg1" func="cd" tem="tem">
        <spec gen="f" num="s">
          <d gen="f" lem="el" num="s" pos="da0fs0" postype="article" wd="la"/>
        </spec>
        <grup.nom gen="f" num="s">
          <n gen="f" lem="capacitat" num="s" pos="ncfs000" postype="common" sense="16:04354522" wd="capacitat"/>
          <sp>
            <prep>
              <s lem="de" pos="sps00" postype="preposition" wd="d'"/>
            </prep>
            <sn>
              <grup.nom gen="f" num="s">
                <n gen="f" lem="obtenció" num="s" pos="ncfs000" postype="common" sense="16:cs1" wd="obtenció"/>
                <sp>
                  <prep>
                    <s lem="de" pos="sps00" postype="preposition" wd="de"/>
                  </prep>
                  <sn>
                    <grup.nom gen="m" num="p">
                      <n gen="m" lem="recurs" num="p" pos="ncmp000" postype="common" sense="16:09598145" wd="recursos"/>
                    </grup.nom>
                  </sn>
                </sp>
              </grup.nom>
            </sn>
          </sp>
        </grup.nom>
      </sn>
    </S>
    <sp arg="argM" func="cc" tem="mnr">
      <prep>
        <s lem="a_través_de" pos="sps00" postype="preposition" wd="a_través_d'"/>
      </prep>
      <S clausetype="completive" impersonal="yes">
        <infinitiu>
          <v lem="atorgar" lss="A32.ditransitive-patient-benefactive" mood="infinitive" pos="vmn0000" postype="main" wd="atorgar"/>
        </infinitiu>
        <sn arg="arg1" func="cd" tem="pat">
          <spec gen="f" num="p">
            <r lem="més" pos="rg" wd="més"/>
          </spec>
          <grup.nom gen="f" num="p">
            <n gen="f" lem="competència" num="p" pos="ncfp000" postype="common" sense="16:10411732" wd="competències"/>
            <s.a gen="f" num="p">
              <grup.a gen="f" num="p">
                <a gen="f" lem="normatiu" num="p" pos="aq0fp0" postype="qualificative" wd="normatives"/>
              </grup.a>
            </s.a>
          </grup.nom>
        </sn>
        <sp arg="argM" func="cc" tem="adv">
          <prep>
            <s lem="sobre" pos="sps00" postype="preposition" wd="sobre"/>
          </prep>
          <sn>
            <spec gen="m" num="p">
              <d gen="m" lem="el" num="p" pos="da0mp0" postype="article" wd="els"/>
            </spec>
            <grup.nom gen="m" num="p">
              <S clausetype="relative">
                <relatiu arg="arg1" discid="1n" func="suj" tem="tem">
                  <p gen="c" lem="que" num="c" pos="pr0cn000" postype="relative" wd="que"/>
                </relatiu>
                <sadv arg="argM" func="cc" tem="tmp">
                  <grup.adv>
                    <r lem="actualment" pos="rg" wd="actualment"/>
                  </grup.adv>
                </sadv>
                <sadv arg="argM" func="cc" tem="adv">
                  <grup.adv>
                    <r lem="ja" pos="rg" wd="ja"/>
                  </grup.adv>
                </sadv>
                <grup.verb>
                  <v lem="estar" lss="C21.state-attributive" mood="indicative" num="p" person="3" pos="vmip3p0" postype="main" tense="present" wd="estan"/>
                </grup.verb>
                <S arg="arg2" clausetype="participle" func="atr" impersonal="yes" tem="atr">
                  <participi>
                    <a gen="m" lem="transferit" num="p" pos="aq0mpp" posfunction="participle" postype="qualificative" wd="transferits"/>
                  </participi>
                </S>
                <S clausetype="adverbial" discid="1c">
                  <conj conjunctiontype="subordinating">
                    <c lem="com" pos="cs" postype="subordinating" wd="com"/>
                  </conj>
                  <sn arg="arg1" elliptic="yes" func="suj" tem="tem"/>
                  <grup.verb>
                    <v lem="ser" lss="C21.state-attributive" mood="indicative" num="s" person="3" pos="vmip3s0" postype="main" tense="present" wd="és"/>
                  </grup.verb>
                  <sn arg="arg2" func="atr" tem="atr">
                    <spec gen="m" num="s">
                      <d gen="m" lem="el" num="s" pos="da0ms0" postype="article" wd="el"/>
                    </spec>
                    <grup.nom gen="m" num="s">
                      <n gen="m" lem="cas" num="s" pos="ncms000" postype="common" sense="16:10047274" wd="cas"/>
                      <sp>
                        <prep>
                          <s lem="de" pos="sps00" postype="preposition" wd="de"/>
                        </prep>
                        <sn coord="yes">
                          <sn>
                            <grup.nom gen="m" num="s">
                              <n gen="m" lem="patrimoni" num="s" pos="ncms000" postype="common" sense="16:cs1" wd="patrimoni"/>
                            </grup.nom>
                          </sn>
                          <f lem="," pos="fc" punct="comma" wd=","/>
                          <sn>
                            <grup.nom gen="f" num="p">
                              <n gen="f" lem="successió" num="p" pos="ncfp000" postype="common" sense="16:cs1" wd="successions"/>
                            </grup.nom>
                          </sn>
                          <f lem="," pos="fc" punct="comma" wd=","/>
                          <sn>
                            <grup.nom gen="f" num="p">
                              <n gen="f" lem="transmissió" num="p" pos="ncfp000" postype="common" sense="16:cs1" wd="transmissions"/>
                              <s.a gen="f" num="p">
                                <grup.a gen="f" num="p">
                                  <a gen="c" lem="patrimonial" num="p" pos="aq0cp0" postype="qualificative" wd="patrimonials"/>
                                </grup.a>
                              </s.a>
                            </grup.nom>
                          </sn>
                          <conj conjunctiontype="coordinating">
                            <c lem="i" pos="cc" postype="coordinating" wd="i"/>
                          </conj>
                          <sn entityref="ne" ne="other">
                            <spec gen="m" num="s">
                              <d gen="c" lem="el" num="s" pos="da0cs0" postype="article" wd="l'"/>
                            </spec>
                            <grup.nom gen="m" num="s">
                              <n lem="IRPF" ne="other" pos="np0000a" postype="proper" sense="16:cs1" wd="IRPF"/>
                            </grup.nom>
                          </sn>
                        </sn>
                      </sp>
                    </grup.nom>
                  </sn>
                </S>
              </S>
            </grup.nom>
          </sn>
        </sp>
      </S>
    </sp>
    <f lem="." pos="fp" punct="period" wd="."/>
  </sentence>
  <sentence>
    <sadv func="et">
      <grup.adv>
        <r lem="a_més" pos="rg" wd="A_més"/>
      </grup.adv>
      <f lem="," pos="fc" punct="comma" wd=","/>
    </sadv>
    <sp arg="argM" func="cc" tem="fin">
      <prep>
        <s lem="per" pos="sps00" postype="preposition" wd="per"/>
      </prep>
      <S clausetype="completive" impersonal="yes">
        <infinitiu>
          <v lem="reforçar" lss="A11.transitive-causative" mood="infinitive" pos="vmn0000" postype="main" wd="reforçar"/>
        </infinitiu>
        <sn arg="arg1" func="cd" tem="tem">
          <spec gen="f" num="s">
            <d gen="f" lem="el" num="s" pos="da0fs0" postype="article" wd="la"/>
          </spec>
          <grup.nom gen="f" num="s">
            <f lem="'" pos="fz" punct="mathsign" wd="'"/>
            <n gen="f" lem="corresponsabilitat" num="s" pos="ncfs000" postype="common" sense="16:cs1" wd="corresponsabilitat"/>
            <f lem="'" pos="fz" punct="mathsign" wd="'"/>
          </grup.nom>
        </sn>
      </S>
    </sp>
    <sn arg="arg0" elliptic="yes" func="suj" tem="agt"/>
    <morfema.pronominal>
      <p gen="c" lem="ell" num="c" person="3" pos="p0300000" wd="es"/>
    </morfema.pronominal>
    <grup.verb>
      <v lem="plantejar" lss="A31.ditransitive-patient-locative" mood="indicative" num="s" person="3" pos="vmip3s0" postype="main" tense="present" wd="planteja"/>
    </grup.verb>
    <S arg="arg1" clausetype="completive" func="cd" impersonal="yes" tem="pat">
      <infinitiu>
        <v lem="impulsar" lss="A21.transitive-agentive-patient" mood="infinitive" pos="vmn0000" postype="main" wd="impulsar"/>
      </infinitiu>
      <sn arg="arg1" func="cd" tem="pat">
        <spec gen="f" num="s">
          <d gen="f" lem="el" num="s" pos="da0fs0" postype="article" wd="la"/>
        </spec>
        <grup.nom gen="f" num="s">
          <f lem="'" pos="fz" punct="mathsign" wd="'"/>
          <n gen="f" lem="coordinació" num="s" pos="ncfs000" postype="common" sense="16:00515970" wd="coordinació"/>
          <f lem="'" pos="fz" punct="mathsign" wd="'"/>
          <sp>
            <prep>
              <s lem="de" pos="sps00" postype="preposition" wd="de"/>
            </prep>
            <sn>
              <spec gen="f" num="p">
                <d gen="f" lem="el" num="p" pos="da0fp0" postype="article" wd="les"/>
              </spec>
              <grup.nom gen="f" num="p">
                <n gen="f" lem="comunitat" num="p" pos="ncfp000" postype="common" sense="16:cs3" wd="comunitats"/>
                <s.a gen="f" num="p">
                  <grup.a gen="f" num="p">
                    <a gen="f" lem="autònom" num="p" pos="aq0fp0" postype="qualificative" wd="autònomes"/>
                  </grup.a>
                </s.a>
              </grup.nom>
            </sn>
          </sp>
          <sp>
            <prep>
              <s lem="amb" pos="sps00" postype="preposition" wd="amb"/>
            </prep>
            <sn entityref="ne" ne="organization">
              <spec gen="f" num="s">
                <d gen="c" lem="el" num="s" pos="da0cs0" postype="article" wd="l'"/>
              </spec>
              <grup.nom gen="f" num="s">
                <n lem="Agència_Tributària" ne="organization" pos="np0000o" postype="proper" sense="16:cs1" wd="Agència_Tributària"/>
              </grup.nom>
            </sn>
          </sp>
        </grup.nom>
      </sn>
    </S>
    <f lem="." pos="fp" punct="period" wd="."/>
  </sentence>
  <sentence>
    <sn arg="arg0" func="suj" tem="agt">
      <spec gen="f" num="s">
        <d gen="f" lem="el" num="s" pos="da0fs0" postype="article" wd="La"/>
      </spec>
      <grup.nom gen="f" num="s">
        <n gen="f" lem="proposta" num="s" pos="ncfs000" postype="common" sense="16:05355937" wd="proposta"/>
        <sp>
          <prep>
            <s contracted="yes" gen="m" lem="del" num="p" pos="spcmp" postype="preposition" wd="dels"/>
          </prep>
          <sn>
            <grup.nom gen="m" num="p">
              <n gen="c" lem="popular" num="p" pos="nccp000" postype="common" sense="16:cs1" wd="populars"/>
            </grup.nom>
          </sn>
        </sp>
      </grup.nom>
    </sn>
    <sadv func="mod">
      <grup.adv>
        <r lem="també" pos="rg" wd="també"/>
      </grup.adv>
    </sadv>
    <grup.verb>
      <v lem="preveure" lss="A21.transitive-agentive-patient" mood="indicative" num="s" person="3" pos="vmip3s0" postype="main" tense="present" wd="preveu"/>
    </grup.verb>
    <sn arg="arg1" func="cd" tem="pat">
      <spec gen="f" num="s">
        <d gen="f" lem="el" num="s" pos="da0fs0" postype="article" wd="la"/>
      </spec>
      <grup.nom gen="f" num="s">
        <n gen="f" lem="creació" num="s" pos="ncfs000" postype="common" sense="16:00583085" wd="creació"/>
        <sp>
          <prep>
            <s lem="de" pos="sps00" postype="preposition" wd="d'"/>
          </prep>
          <sn>
            <spec gen="m" num="s">
              <d gen="m" lem="un" num="s" pos="di0ms0" postype="indefinite" wd="un"/>
            </spec>
            <grup.nom gen="m" num="s">
              <n lem="Fons_de_Solidaritat" ne="other" pos="np0000a" postype="proper" sense="16:cs1" wd="Fons_de_Solidaritat"/>
              <S clausetype="relative">
                <relatiu arg="arg0" func="suj" tem="agt">
                  <p gen="c" lem="que" num="c" pos="pr0cn000" postype="relative" wd="que"/>
                </relatiu>
                <grup.verb>
                  <v lem="permetre" lss="A32.ditransitive-patient-benefactive" mood="subjunctive" num="s" person="1" pos="vmsp1s0" postype="main" tense="present" wd="permeti"/>
                </grup.verb>
                <S arg="arg1" clausetype="completive" func="cd" impersonal="yes" tem="pat">
                  <infinitiu>
                    <v lem="disposar" lss="C21.state-attributive" mood="infinitive" pos="vmn0000" postype="main" wd="disposar"/>
                  </infinitiu>
                  <sp arg="arg2" func="creg" tem="atr">
                    <prep>
                      <s lem="de" pos="sps00" postype="preposition" wd="d'"/>
                    </prep>
                    <sn>
                      <spec gen="m" num="s">
                        <d gen="m" lem="un" num="s" pos="di0ms0" postype="indefinite" wd="un"/>
                      </spec>
                      <grup.nom gen="m" num="s">
                        <n gen="m" lem="nivell" num="s" pos="ncms000" postype="common" sense="16:03973686" wd="nivell"/>
                        <sp>
                          <prep>
                            <s lem="de" pos="sps00" postype="preposition" wd="de"/>
                          </prep>
                          <sn>
                            <grup.nom gen="m" num="p">
                              <n gen="m" lem="servei" num="p" pos="ncmp000" postype="common" sense="16:06084772" wd="serveis"/>
                            </grup.nom>
                          </sn>
                        </sp>
                        <S clausetype="participle" impersonal="yes">
                          <participi>
                            <a gen="m" lem="equilibrat" num="s" pos="aq0msp" posfunction="participle" postype="qualificative" wd="equilibrat"/>
                          </participi>
                        </S>
                      </grup.nom>
                    </sn>
                  </sp>
                </S>
              </S>
            </grup.nom>
          </sn>
        </sp>
        <sp>
          <prep>
            <s lem="entre" pos="sps00" postype="preposition" wd="entre"/>
          </prep>
          <sn>
            <spec gen="f" num="p">
              <d gen="f" lem="el" num="p" pos="da0fp0" postype="article" wd="les"/>
              <d gen="c" lem="diferent" num="p" pos="di0cp0" postype="indefinite" wd="diferents"/>
            </spec>
            <grup.nom gen="f" num="p">
              <n gen="f" lem="comunitat" num="p" pos="ncfp000" postype="common" sense="16:cs3" wd="comunitats"/>
              <s.a gen="f" num="p">
                <grup.a gen="f" num="p">
                  <a gen="f" lem="autònom" num="p" pos="aq0fp0" postype="qualificative" wd="autònomes"/>
                </grup.a>
              </s.a>
              <sp>
                <prep>
                  <s contracted="yes" gen="m" lem="del" num="s" pos="spcms" postype="preposition" wd="del"/>
                </prep>
                <sn>
                  <grup.nom gen="m" num="s">
                    <n gen="m" lem="conjunt" num="s" pos="ncms000" postype="common" sense="16:05963394" wd="conjunt"/>
                    <sp>
                      <prep>
                        <s lem="de" pos="sps00" postype="preposition" wd="de"/>
                      </prep>
                      <sn entityref="ne" ne="organization">
                        <spec gen="m" num="s">
                          <d gen="c" lem="el" num="s" pos="da0cs0" postype="article" wd="l'"/>
                        </spec>
                        <grup.nom gen="m" num="s">
                          <n lem="Estat" ne="organization" pos="np0000o" postype="proper" sense="16:cs1" wd="Estat"/>
                        </grup.nom>
                      </sn>
                    </sp>
                  </grup.nom>
                </sn>
              </sp>
            </grup.nom>
          </sn>
        </sp>
      </grup.nom>
    </sn>
    <f lem="." pos="fp" punct="period" wd="."/>
  </sentence>
  <sentence>
    <sn arg="arg0" func="suj" tem="agt">
      <spec gen="m" num="s">
        <d gen="m" lem="aquest" num="s" pos="dd0ms0" postype="demonstrative" wd="Aquest"/>
      </spec>
      <grup.nom gen="m" num="s">
        <n gen="m" lem="fons" num="c" pos="ncmn000" postype="common" sense="16:09616555" wd="fons"/>
      </grup.nom>
    </sn>
    <grup.verb>
      <v lem="haver" mood="indicative" num="s" person="3" pos="vaip3s0" postype="auxiliary" tense="present" wd="ha"/>
      <s lem="de" pos="sps00" postype="preposition" wd="de"/>
      <infinitiu>
        <v lem="garantir" lss="A21.transitive-agentive-patient" mood="infinitive" pos="vmn0000" postype="main" wd="garantir"/>
      </infinitiu>
    </grup.verb>
    <sn arg="arg1" func="cd" tem="pat">
      <grup.nom gen="m" num="p">
        <n gen="m" lem="recurs" num="p" pos="ncmp000" postype="common" sense="16:09598145" wd="recursos"/>
        <s.a gen="m" num="p">
          <grup.a gen="m" num="p">
            <a gen="m" lem="extraordinari" num="p" pos="aq0mp0" postype="qualificative" wd="extraordinaris"/>
          </grup.a>
        </s.a>
      </grup.nom>
    </sn>
    <sp arg="argM" func="cc" tem="adv">
      <prep>
        <s lem="per" pos="sps00" postype="preposition" wd="per"/>
      </prep>
      <sp>
        <prep>
          <s lem="a" pos="sps00" postype="preposition" wd="a"/>
        </prep>
        <sn>
          <spec gen="f" num="p">
            <d gen="f" lem="el" num="p" pos="da0fp0" postype="article" wd="les"/>
          </spec>
          <grup.nom gen="f" num="p">
            <n gen="f" lem="comunitat" num="p" pos="ncfp000" postype="common" sense="16:cs3" wd="comunitats"/>
            <sp>
              <prep>
                <s lem="amb" pos="sps00" postype="preposition" wd="amb"/>
              </prep>
              <sn>
                <spec gen="m" num="p">
                  <r lem="menys" pos="rg" wd="menys"/>
                </spec>
                <grup.nom gen="m" num="p">
                  <n gen="m" lem="recurs" num="p" pos="ncmp000" postype="common" sense="16:09598145" wd="recursos"/>
                </grup.nom>
              </sn>
            </sp>
          </grup.nom>
        </sn>
      </sp>
    </sp>
    <sp arg="argM" func="cc" tem="adv">
      <prep>
        <s lem="en_funció_de" pos="sps00" postype="preposition" wd="en_funció_de"/>
      </prep>
      <sn>
        <grup.nom gen="m" num="p">
          <n gen="m" lem="criteri" num="p" pos="ncmp000" postype="common" sense="16:05418696" wd="criteris"/>
          <sp>
            <prep>
              <s lem="de" pos="sps00" postype="preposition" wd="de"/>
            </prep>
            <sn coord="yes">
              <sn>
                <grup.nom gen="f" num="s">
                  <n gen="f" lem="població" num="s" pos="ncfs000" postype="common" sense="16:06079663" wd="població"/>
                </grup.nom>
              </sn>
              <f lem="," pos="fc" punct="comma" wd=","/>
              <sn>
                <grup.nom gen="f" num="s">
                  <n gen="f" lem="extensió" num="s" pos="ncfs000" postype="common" sense="16:03991813" wd="extensió"/>
                  <sp>
                    <prep>
                      <s contracted="yes" gen="m" lem="del" num="s" pos="spcms" postype="preposition" wd="del"/>
                    </prep>
                    <sn>
                      <grup.nom gen="m" num="s">
                        <n gen="m" lem="territori" num="s" pos="ncms000" postype="common" sense="16:06385405" wd="territori"/>
                      </grup.nom>
                    </sn>
                  </sp>
                </grup.nom>
              </sn>
              <f lem="," pos="fc" punct="comma" wd=","/>
              <sn>
                <grup.nom gen="f" num="s">
                  <n gen="f" lem="dispersió" num="s" pos="ncfs000" postype="common" sense="16:00701398" wd="dispersió"/>
                  <sp>
                    <prep>
                      <s lem="de" pos="sps00" postype="preposition" wd="de"/>
                    </prep>
                    <sn>
                      <spec gen="f" num="s">
                        <d gen="f" lem="el" num="s" pos="da0fs0" postype="article" wd="la"/>
                      </spec>
                      <grup.nom gen="f" num="s">
                        <n gen="f" lem="població" num="s" pos="ncfs000" postype="common" sense="16:06079663" wd="població"/>
                      </grup.nom>
                    </sn>
                  </sp>
                  <sp>
                    <prep>
                      <s lem="en" pos="sps00" postype="preposition" wd="en"/>
                    </prep>
                    <sn>
                      <spec gen="m" num="s">
                        <d gen="m" lem="aquest" num="s" pos="dd0ms0" postype="demonstrative" wd="aquest"/>
                      </spec>
                      <grup.nom gen="m" num="s">
                        <n gen="m" lem="territori" num="s" pos="ncms000" postype="common" sense="16:06385405" wd="territori"/>
                      </grup.nom>
                    </sn>
                  </sp>
                </grup.nom>
              </sn>
              <conj conjunctiontype="coordinating">
                <c lem="o" pos="cc" postype="coordinating" wd="o"/>
              </conj>
              <sn>
                <spec gen="m" num="s">
                  <d gen="m" lem="el" num="s" pos="da0ms0" postype="article" wd="el"/>
                </spec>
                <grup.nom gen="m" num="s">
                  <n gen="m" lem="fet" num="s" pos="ncms000" postype="common" sense="16:05432762" wd="fet"/>
                  <sp>
                    <prep>
                      <s lem="de" pos="sps00" postype="preposition" wd="de"/>
                    </prep>
                    <S clausetype="completive" impersonal="yes">
                      <infinitiu>
                        <v lem="ser" lss="C21.state-attributive" mood="infinitive" pos="vmn0000" postype="main" wd="ser"/>
                      </infinitiu>
                      <sn arg="arg2" func="atr" tem="atr">
                        <spec gen="f" num="s">
                          <d gen="f" lem="un" num="s" pos="di0fs0" postype="indefinite" wd="una"/>
                        </spec>
                        <grup.nom gen="f" num="s">
                          <n gen="f" lem="illa" num="s" pos="ncfs000" postype="common" sense="16:06741251" wd="illa"/>
                        </grup.nom>
                      </sn>
                    </S>
                  </sp>
                </grup.nom>
              </sn>
            </sn>
          </sp>
        </grup.nom>
      </sn>
    </sp>
    <f lem="." pos="fp" punct="period" wd="."/>
  </sentence>
  <sentence>
    <S clausesubtype="concessive" clausetype="adverbial" func="ao">
      <conj conjunctiontype="subordinating">
        <c lem="tot_i_que" pos="cs" postype="subordinating" wd="Tot_i_que"/>
      </conj>
      <sp arg="argM" func="cc" tem="loc">
        <prep>
          <s contracted="yes" gen="m" lem="des_del" num="s" pos="spcms" postype="preposition" wd="des_del"/>
        </prep>
        <sn entityref="ne" ne="organization">
          <grup.nom gen="m" num="s">
            <n lem="PP" ne="organization" pos="np0000o" postype="proper" sense="16:50001207" wd="PP"/>
          </grup.nom>
        </sn>
      </sp>
      <morfema.verbal func="pass">
        <p gen="c" lem="es" num="c" pos="p0000000" wd="es"/>
      </morfema.verbal>
      <grup.verb>
        <v lem="considerar" lss="B22.unaccusative-passive-transitive" mood="indicative" num="s" person="3" pos="vmip3s0" postype="main" tense="present" wd="considera"/>
      </grup.verb>
      <S arg="arg1" clausetype="completive" func="suj" tem="pat">
        <conj conjunctiontype="subordinating">
          <c lem="que" pos="cs" postype="subordinating" wd="que"/>
        </conj>
        <sn arg="arg1" func="suj" tem="tem">
          <spec gen="m" num="s">
            <d gen="m" lem="aquest" num="s" pos="dd0ms0" postype="demonstrative" wd="aquest"/>
          </spec>
          <grup.nom gen="m" num="s">
            <n gen="m" lem="document" num="s" pos="ncms000" postype="common" sense="16:04859637" wd="document"/>
            <sp>
              <prep>
                <s lem="sobre" pos="sps00" postype="preposition" wd="sobre"/>
              </prep>
              <sn>
                <grup.nom gen="m" num="s">
                  <n gen="m" lem="finançament" num="s" pos="ncms000" postype="common" sense="16:00712138" wd="finançament"/>
                </grup.nom>
              </sn>
            </sp>
          </grup.nom>
        </sn>
        <grup.verb>
          <v lem="ser" lss="C21.state-attributive" mood="indicative" num="s" person="3" pos="vmif3s0" postype="main" tense="future" wd="serà"/>
        </grup.verb>
        <sn arg="arg2" func="atr" tem="atr">
          <spec gen="f" num="s">
            <d gen="f" lem="el" num="s" pos="da0fs0" postype="article" wd="la"/>
          </spec>
          <grup.nom gen="f" num="s">
            <n gen="f" lem="base" num="s" pos="ncfs000" postype="common" sense="16:04485976" wd="base"/>
          </grup.nom>
        </sn>
        <sp arg="argM" func="cc" tem="fin">
          <prep>
            <s lem="per" pos="sps00" postype="preposition" wd="per"/>
          </prep>
          <S clausetype="completive" impersonal="yes">
            <infinitiu>
              <v lem="negociar" lss="A34.ditransitive-patient-theme" mood="infinitive" pos="vmn0000" postype="main" wd="negociar"/>
            </infinitiu>
            <sp arg="arg2" func="creg" tem="tem">
              <prep>
                <s lem="amb" pos="sps00" postype="preposition" wd="amb"/>
              </prep>
              <sn>
                <spec gen="f" num="s">
                  <d gen="f" lem="el" num="s" pos="da0fs0" postype="article" wd="la"/>
                </spec>
                <grup.nom gen="f" num="s">
                  <n gen="f" lem="resta" num="s" pos="ncfs000" postype="common" sense="16:09947291" wd="resta"/>
                  <sp>
                    <prep>
                      <s lem="de" pos="sps00" postype="preposition" wd="de"/>
                    </prep>
                    <sn>
                      <grup.nom gen="f" num="p">
                        <n gen="f" lem="força" num="p" pos="ncfp000" postype="common" sense="16:cs3" wd="forces"/>
                        <s.a gen="f" num="p">
                          <grup.a gen="f" num="p">
                            <a gen="f" lem="polític" num="p" pos="aq0fp0" postype="qualificative" wd="polítiques"/>
                          </grup.a>
                        </s.a>
                      </grup.nom>
                    </sn>
                  </sp>
                </grup.nom>
              </sn>
            </sp>
          </S>
        </sp>
      </S>
      <f lem="," pos="fc" punct="comma" wd=","/>
    </S>
    <sn arg="arg0" func="suj" tem="agt">
      <spec gen="m" num="p">
        <d gen="m" lem="el" num="p" pos="da0mp0" postype="article" wd="els"/>
      </spec>
      <grup.nom gen="m" num="p">
        <n gen="c" lem="popular" num="p" pos="nccp000" postype="common" sense="16:cs1" wd="populars"/>
      </grup.nom>
    </sn>
    <grup.verb>
      <v lem="assegurar" lss="A21.transitive-agentive-patient" mood="indicative" num="p" person="3" pos="vmip3p0" postype="main" tense="present" wd="asseguren"/>
    </grup.verb>
    <S arg="arg1" clausetype="completive" func="cd" tem="pat">
      <conj conjunctiontype="subordinating">
        <c lem="que" pos="cs" postype="subordinating" wd="que"/>
      </conj>
      <sn arg="arg1" func="suj" tem="pat">
        <spec gen="m" num="s">
          <d gen="m" lem="el" num="s" pos="da0ms0" postype="article" wd="el"/>
        </spec>
        <grup.nom gen="m" num="s">
          <n gen="m" lem="diàleg" num="s" pos="ncms000" postype="common" sense="16:05339187" wd="diàleg"/>
          <sp>
            <prep>
              <s lem="entre" pos="sps00" postype="preposition" wd="entre"/>
            </prep>
            <sn>
              <spec gen="f" num="p">
                <d gen="f" lem="el" num="p" pos="da0fp0" postype="article" wd="les"/>
              </spec>
              <grup.nom gen="f" num="p">
                <n gen="f" lem="comunitat" num="p" pos="ncfp000" postype="common" sense="16:cs3" wd="comunitats"/>
                <s.a gen="f" num="p">
                  <grup.a gen="f" num="p">
                    <a gen="f" lem="autònom" num="p" pos="aq0fp0" postype="qualificative" wd="autònomes"/>
                  </grup.a>
                </s.a>
              </grup.nom>
            </sn>
          </sp>
        </grup.nom>
      </sn>
      <morfema.verbal func="pass">
        <p gen="c" lem="es" num="c" pos="p0000000" wd="es"/>
      </morfema.verbal>
      <grup.verb>
        <v lem="fer" lss="B22.unaccusative-passive-transitive" mood="indicative" num="s" person="3" pos="vmif3s0" postype="main" tense="future" wd="farà"/>
      </grup.verb>
      <sp arg="argM" func="cc" tem="mnr">
        <prep>
          <s contracted="yes" gen="m" lem="a_través_del" num="s" pos="spcms" postype="preposition" wd="a_través_del"/>
        </prep>
        <sn entityref="ne" ne="organization">
          <grup.nom gen="m" num="s">
            <n lem="Consell_de_Política_Fiscal_i_Financera" ne="organization" pos="np0000o" postype="proper" sense="16:cs1" wd="Consell_de_Política_Fiscal_i_Financera"/>
          </grup.nom>
        </sn>
      </sp>
    </S>
    <f lem="." pos="fp" punct="period" wd="."/>
  </sentence>
  <sentence>
    <sp func="et">
      <prep>
        <s lem="en" pos="sps00" postype="preposition" wd="En"/>
      </prep>
      <sn>
        <spec gen="m" num="s">
          <d gen="m" lem="aquest" num="s" pos="dd0ms0" postype="demonstrative" wd="aquest"/>
        </spec>
        <grup.nom gen="m" num="s">
          <n gen="m" lem="sentit" num="s" pos="ncms000" postype="common" sense="16:cs1" wd="sentit"/>
        </grup.nom>
      </sn>
      <f lem="," pos="fc" punct="comma" wd=","/>
    </sp>
    <morfema.verbal func="pass">
      <p gen="c" lem="es" num="c" pos="p0000000" wd="s'"/>
    </morfema.verbal>
    <grup.verb>
      <v lem="esperar" lss="B22.unaccusative-passive-transitive" mood="indicative" num="s" person="3" pos="vmip3s0" postype="main" tense="present" wd="espera"/>
    </grup.verb>
    <S arg="arg1" clausetype="completive" func="suj" impersonal="yes" tem="pat">
      <infinitiu>
        <v lem="arribar" lss="A22.transitive-agentive-theme" mood="infinitive" pos="vmn0000" postype="main" wd="arribar"/>
      </infinitiu>
      <sp arg="arg1" func="creg" tem="tem">
        <prep>
          <s lem="a" pos="sps00" postype="preposition" wd="a"/>
        </prep>
        <sn>
          <spec gen="m" num="s">
            <d gen="m" lem="un" num="s" pos="di0ms0" postype="indefinite" wd="un"/>
          </spec>
          <grup.nom gen="m" num="s">
            <n gen="m" lem="acord" num="s" pos="ncms000" postype="common" sense="16:04466733" wd="acord"/>
          </grup.nom>
        </sn>
      </sp>
      <sadv arg="argM" func="cc" tem="tmp">
        <grup.adv>
          <r lem="abans" pos="rg" wd="abans"/>
          <sp>
            <prep>
              <s lem="de" pos="sps00" postype="preposition" wd="de"/>
            </prep>
            <sn>
              <grup.nom gen="m" num="s">
                <n gen="m" lem="final" num="s" pos="ncms000" postype="common" sense="16:04515461" wd="final"/>
                <sp>
                  <prep>
                    <s lem="de" pos="sps00" postype="preposition" wd="d'"/>
                  </prep>
                  <sn>
                    <grup.nom gen="m" num="s">
                      <n gen="m" lem="any" num="s" pos="ncms000" postype="common" sense="16:10917791" wd="any"/>
                    </grup.nom>
                  </sn>
                </sp>
              </grup.nom>
            </sn>
          </sp>
        </grup.adv>
      </sadv>
      <sp arg="argM" func="cc" tem="adv">
        <prep>
          <s lem="amb" pos="sps00" postype="preposition" wd="amb"/>
        </prep>
        <sn>
          <spec gen="m" num="s">
            <d gen="m" lem="el" num="s" pos="da0ms0" postype="article" wd="el"/>
          </spec>
          <grup.nom gen="m" num="s">
            <n gen="m" lem="màxim" num="s" pos="ncms000" postype="common" sense="16:09817383" wd="màxim"/>
            <sp>
              <prep>
                <s lem="de" pos="sps00" postype="preposition" wd="de"/>
              </prep>
              <sn>
                <grup.nom gen="m" num="s">
                  <n gen="m" lem="consens" num="s" pos="ncms000" postype="common" sense="16:10066318" wd="consens"/>
                </grup.nom>
              </sn>
            </sp>
            <s.a gen="m" num="s">
              <grup.a gen="m" num="s">
                <a gen="c" lem="possible" num="s" pos="aq0cs0" postype="qualificative" wd="possible"/>
              </grup.a>
            </s.a>
          </grup.nom>
        </sn>
      </sp>
    </S>
    <f lem="." pos="fp" punct="period" wd="."/>
  </sentence>
  <sentence>
    <sn arg="arg1" func="suj" tem="pat">
      <spec gen="m" num="s">
        <d gen="m" lem="el" num="s" pos="da0ms0" postype="article" wd="El"/>
      </spec>
      <grup.nom gen="m" num="s">
        <n gen="m" lem="document" num="s" pos="ncms000" postype="common" sense="16:04859637" wd="document"/>
        <s.a gen="m" num="s">
          <grup.a gen="m" num="s">
            <n gen="f" lem="base" num="s" pos="ncfs000" postype="common" sense="16:04485976" wd="base"/>
          </grup.a>
        </s.a>
        <sp>
          <prep>
            <s contracted="yes" gen="m" lem="del" num="p" pos="spcmp" postype="preposition" wd="dels"/>
          </prep>
          <sn>
            <grup.nom gen="m" num="p">
              <n gen="c" lem="popular" num="p" pos="nccp000" postype="common" sense="16:cs1" wd="populars"/>
            </grup.nom>
          </sn>
        </sp>
      </grup.nom>
    </sn>
    <morfema.verbal func="pass">
      <p gen="c" lem="es" num="c" pos="p0000000" wd="s'"/>
    </morfema.verbal>
    <grup.verb>
      <v lem="haver" mood="indicative" num="s" person="3" pos="vaip3s0" postype="auxiliary" tense="present" wd="ha"/>
      <v gen="m" lem="presentar" lss="B12.unaccusative-passive-ditransitive" mood="participle" num="s" pos="vmp00sm" postype="main" wd="presentat"/>
    </grup.verb>
    <sp arg="argM" func="cc" tem="tmp">
      <prep>
        <s lem="en" pos="sps00" postype="preposition" wd="en"/>
      </prep>
      <sn>
        <spec gen="m" num="s">
          <d gen="m" lem="el" num="s" pos="da0ms0" postype="article" wd="el"/>
        </spec>
        <grup.nom gen="m" num="s">
          <n gen="m" lem="decurs" num="s" pos="ncms000" postype="common" sense="16:cs1" wd="decurs"/>
          <sp>
            <prep>
              <s lem="de" pos="sps00" postype="preposition" wd="de"/>
            </prep>
            <sn entityref="ne" ne="organization">
              <spec gen="f" num="s">
                <d gen="f" lem="el" num="s" pos="da0fs0" postype="article" wd="la"/>
              </spec>
              <grup.nom gen="f" num="s">
                <n lem="V_Unió_Interparlamentària_Popular" ne="organization" pos="np0000o" postype="proper" sense="16:cs1" wd="V_Unió_Interparlamentària_Popular"/>
                <S clausetype="relative" coord="yes">
                  <S clausetype="relative">
                    <relatiu arg="arg1" func="suj" tem="pat">
                      <p gen="c" lem="que" num="c" pos="pr0cn000" postype="relative" wd="que"/>
                    </relatiu>
                    <morfema.verbal func="pass">
                      <p gen="c" lem="se" num="c" pos="p0000000" wd="se"/>
                    </morfema.verbal>
                    <grup.verb>
                      <v lem="celebrar" lss="B22.unaccusative-passive-transitive" mood="indicative" num="s" person="3" pos="vmip3s0" postype="main" tense="present" wd="celebra"/>
                    </grup.verb>
                    <sp arg="argM" func="cc" tem="loc">
                      <prep>
                        <s lem="a" pos="sps00" postype="preposition" wd="a"/>
                      </prep>
                      <sn entityref="ne" ne="location">
                        <sn>
                          <grup.nom>
                            <n lem="Santiago_de_Compostel·la" ne="location" pos="np0000l" postype="proper" sense="16:cs1" wd="Santiago_de_Compostel·la"/>
                          </grup.nom>
                        </sn>
                        <sn adjunct="yes" entityref="ne" ne="location">
                          <grup.nom>
                            <f lem="(" pos="fpa" punct="bracket" punctenclose="open" wd="("/>
                            <n lem="Galícia" ne="location" pos="np0000l" postype="proper" sense="16:50004750" wd="Galícia"/>
                            <f lem=")" pos="fpt" punct="bracket" punctenclose="close" wd=")"/>
                          </grup.nom>
                        </sn>
                      </sn>
                    </sp>
                  </S>
                  <conj conjunctiontype="coordinating">
                    <c lem="i" pos="cc" postype="coordinating" wd="i"/>
                  </conj>
                  <S clausetype="relative">
                    <relatiu arg="argM" func="cc" tem="loc">
                      <p lem="on" pos="pr000000" postype="relative" wd="on"/>
                    </relatiu>
                    <sn arg="arg1" func="suj" tem="pat">
                      <spec gen="m" num="s">
                        <d gen="m" lem="el" num="s" pos="da0ms0" postype="article" wd="el"/>
                      </spec>
                      <grup.nom gen="m" num="s">
                        <n gen="m" lem="text" num="s" pos="ncms000" postype="common" sense="16:04799150" wd="text"/>
                      </grup.nom>
                    </sn>
                    <grup.verb>
                      <v lem="haver" mood="indicative" num="s" person="3" pos="vaip3s0" postype="auxiliary" tense="present" wd="ha"/>
                      <v gen="m" lem="ser" mood="participle" num="s" pos="vsp00sm" postype="semiauxiliary" wd="estat"/>
                      <v gen="m" lem="debatre" lss="B22.unaccusative-passive-transitive" mood="participle" num="s" pos="vmp00sm" postype="main" wd="debatut"/>
                    </grup.verb>
                  </S>
                </S>
              </grup.nom>
            </sn>
          </sp>
        </grup.nom>
      </sn>
    </sp>
    <f lem="." pos="fp" punct="period" wd="."/>
  </sentence>
  <sentence>
    <sp arg="arg1" func="creg" repetition="yes" tem="tem">
      <prep>
        <s lem="en" pos="sps00" postype="preposition" wd="En"/>
      </prep>
      <sn entityref="ne" ne="organization">
        <spec gen="f" num="s">
          <d gen="f" lem="el" num="s" pos="da0fs0" postype="article" wd="la"/>
        </spec>
        <grup.nom gen="f" num="s">
          <n lem="Interparlamentària" ne="organization" pos="np0000o" postype="proper" sense="16:cs1" wd="Interparlamentària"/>
        </grup.nom>
      </sn>
    </sp>
    <sn arg="arg1" func="creg" repetition="yes" tem="tem">
      <grup.nom>
        <p gen="c" lem="hi" num="c" person="3" pos="pp3cn000" postype="personal" wd="hi"/>
      </grup.nom>
    </sn>
    <grup.verb>
      <v lem="participar" lss="A22.transitive-agentive-theme" mood="indicative" num="p" person="3" pos="vmip3p0" postype="main" tense="present" wd="participen"/>
    </grup.verb>
    <sp arg="argM" func="cc" tem="tmp">
      <f lem="," pos="fc" punct="comma" wd=","/>
      <prep>
        <s lem="durant" pos="sps00" postype="preposition" wd="durant"/>
      </prep>
      <sn>
        <spec gen="m" num="p">
          <d gen="m" lem="dos" num="p" pos="dn0mp0" postype="numeral" wd="dos"/>
        </spec>
        <grup.nom gen="m" num="p">
          <n gen="m" lem="dia" num="p" pos="ncmp000" postype="common" sense="16:10883946" wd="dies"/>
        </grup.nom>
      </sn>
      <f lem="," pos="fc" punct="comma" wd=","/>
    </sp>
    <sn arg="arg0" coord="yes" func="suj" tem="agt">
      <sn>
        <grup.nom gen="m" num="p">
          <n gen="m" lem="diputat" num="p" pos="ncmp000" postype="common" sense="16:07211532" wd="diputats"/>
          <s.a coord="yes" gen="m" num="p">
            <s.a gen="m" num="p">
              <grup.a gen="m" num="p">
                <a gen="m" lem="autonòmic" num="p" pos="aq0mp0" postype="qualificative" wd="autonòmics"/>
              </grup.a>
            </s.a>
            <conj conjunctiontype="coordinating">
              <c lem="i" pos="cc" postype="coordinating" wd="i"/>
            </conj>
            <sp>
              <prep>
                <s contracted="yes" gen="m" lem="del" num="s" pos="spcms" postype="preposition" wd="del"/>
              </prep>
              <sn entityref="ne" ne="organization">
                <grup.nom gen="m" num="s">
                  <n lem="Congrés" ne="organization" pos="np0000o" postype="proper" sense="16:cs1" wd="Congrés"/>
                </grup.nom>
              </sn>
            </sp>
          </s.a>
        </grup.nom>
      </sn>
      <f lem="," pos="fc" punct="comma" wd=","/>
      <sn>
        <grup.nom gen="m" num="p">
          <n gen="m" lem="senador" num="p" pos="ncmp000" postype="common" sense="16:07563953" wd="senadors"/>
        </grup.nom>
      </sn>
      <f lem="," pos="fc" punct="comma" wd=","/>
      <sn>
        <grup.nom gen="m" num="p">
          <n gen="m" lem="eurodiputat" num="p" pos="ncmp000" postype="common" sense="16:50000981" wd="eurodiputats"/>
        </grup.nom>
      </sn>
      <conj conjunctiontype="coordinating">
        <c lem="i" pos="cc" postype="coordinating" wd="i"/>
      </conj>
      <sn coord="yes">
        <sn>
          <spec gen="m" num="p">
            <d gen="m" lem="el" num="p" pos="da0mp0" postype="article" wd="els"/>
          </spec>
          <grup.nom gen="m" num="p">
            <n gen="m" lem="president" num="p" pos="ncmp000" postype="common" sense="16:07496197" wd="presidents"/>
            <sp>
              <prep>
                <s lem="de" pos="sps00" postype="preposition" wd="de"/>
              </prep>
              <sn entityref="ne" ne="location">
                <spec gen="f" num="p">
                  <d gen="f" lem="el" num="p" pos="da0fp0" postype="article" wd="les"/>
                </spec>
                <grup.nom gen="f" num="p">
                  <n lem="Comunitats_Autònomes" ne="location" pos="np0000l" postype="proper" sense="16:cs1" wd="Comunitats_Autònomes"/>
                  <S clausetype="participle" impersonal="yes">
                    <participi>
                      <a gen="f" lem="governat" lss="B22.unaccusative-passive-transitive" num="p" pos="aq0fpp" posfunction="participle" postype="qualificative" wd="governades"/>
                    </participi>
                    <sp arg="arg0" func="cag" tem="agt">
                      <prep>
                        <s contracted="yes" gen="m" lem="pel" num="s" pos="spcms" postype="preposition" wd="pel"/>
                      </prep>
                      <sn entityref="ne" ne="organization">
                        <grup.nom gen="m" num="s">
                          <n lem="PP" ne="organization" pos="np0000o" postype="proper" sense="16:50001207" wd="PP"/>
                        </grup.nom>
                      </sn>
                    </sp>
                  </S>
                </grup.nom>
              </sn>
            </sp>
          </grup.nom>
        </sn>
        <conj conjunctiontype="coordinating">
          <c lem="o" pos="cc" postype="coordinating" wd="o"/>
        </conj>
        <sn>
          <sadv adjunct="yes">
            <f lem="," pos="fc" punct="comma" wd=","/>
            <grup.adv>
              <r lem="en_cas_contrari" pos="rg" wd="en_cas_contrari"/>
            </grup.adv>
            <f lem="," pos="fc" punct="comma" wd=","/>
          </sadv>
          <sn>
            <spec gen="m" num="p">
              <d gen="m" lem="el" num="p" pos="da0mp0" postype="article" wd="els"/>
            </spec>
            <grup.nom gen="m" num="p">
              <n gen="m" lem="president" num="p" pos="ncmp000" postype="common" sense="16:07496197" wd="presidents"/>
              <sp>
                <prep>
                  <s contracted="yes" gen="m" lem="del" num="s" pos="spcms" postype="preposition" wd="del"/>
                </prep>
                <sn>
                  <grup.nom gen="m" num="s">
                    <n gen="m" lem="partit" num="s" pos="ncms000" postype="common" sense="16:06131180" wd="partit"/>
                    <sp>
                      <prep>
                        <s lem="de" pos="sps00" postype="preposition" wd="de"/>
                      </prep>
                      <sn>
                        <spec gen="f" num="s">
                          <d gen="f" lem="el" num="s" pos="da0fs0" postype="article" wd="la"/>
                        </spec>
                        <grup.nom gen="f" num="s">
                          <n gen="f" lem="comunitat" num="s" pos="ncfs000" postype="common" sense="16:cs3" wd="comunitat"/>
                        </grup.nom>
                      </sn>
                    </sp>
                  </grup.nom>
                </sn>
              </sp>
            </grup.nom>
          </sn>
        </sn>
      </sn>
    </sn>
    <f lem="." pos="fp" punct="period" wd="."/>
  </sentence>
  <sentence>
    <sp func="et">
      <prep>
        <s lem="en" pos="sps00" postype="preposition" wd="En"/>
      </prep>
      <sn>
        <spec gen="m" num="s">
          <d gen="m" lem="el" num="s" pos="da0ms0" postype="article" wd="el"/>
        </spec>
        <grup.nom gen="m" num="s">
          <n gen="m" lem="cas" num="s" pos="ncms000" postype="common" sense="16:10047274" wd="cas"/>
          <sp>
            <prep>
              <s lem="de" pos="sps00" postype="preposition" wd="de"/>
            </prep>
            <sn entityref="ne" ne="location">
              <grup.nom>
                <n lem="Catalunya" ne="location" pos="np0000l" postype="proper" wd="Catalunya"/>
              </grup.nom>
            </sn>
          </sp>
        </grup.nom>
      </sn>
      <f lem="," pos="fc" punct="comma" wd=","/>
    </sp>
    <sn arg="arg1" func="suj" tem="tem">
      <spec gen="f" num="s">
        <d gen="f" lem="el" num="s" pos="da0fs0" postype="article" wd="la"/>
      </spec>
      <grup.nom gen="f" num="s">
        <n gen="f" lem="delegació" num="s" pos="ncfs000" postype="common" sense="16:06213619" wd="delegació"/>
      </grup.nom>
    </sn>
    <grup.verb>
      <v lem="estar" lss="C21.state-attributive" mood="indicative" num="s" person="3" pos="vmip3s0" postype="main" tense="present" wd="està"/>
    </grup.verb>
    <S arg="arg2" clausetype="participle" func="atr" impersonal="yes" tem="atr">
      <participi>
        <a gen="f" lem="encapçalat" lss="B22.unaccusative-passive-transitive" num="s" pos="aq0fsp" posfunction="participle" postype="qualificative" wd="encapçalada"/>
      </participi>
      <sp arg="arg0" func="cag" tem="agt">
        <prep>
          <s lem="per" pos="sps00" postype="preposition" wd="per"/>
        </prep>
        <sn entityref="ne" ne="person">
          <grup.nom gen="m" num="s">
            <n lem="Alberto_Fernández_Díaz" ne="person" pos="np0000p" postype="proper" sense="16:cs1" wd="Alberto_Fernández_Díaz"/>
          </grup.nom>
        </sn>
      </sp>
    </S>
    <f lem="." pos="fp" punct="period" wd="."/>
  </sentence>
</article>
