<?xml version="1.0" encoding="UTF-8"?>
<!-- 

  ancora-2.0
       
			Copyright (C) 2007, 2008, 2009, 2010, 2011 UB - CLiC
			Centre de Llenguatge i Computació - Universitat de Barcelona
 
  This file is part of ancora-2.0.
 
  ancora-2.0 is free software and data: you can redistribute it and/or modify
  it under the terms of the GNU General Public License as published
  by the Free Software Foundation, either version 3 of the License,
  or (at your option) any later version.

  ancora-2.0 is distributed in the hope that it will be useful,
  but WITHOUT ANY WARRANTY; without even the implied warranty of
  MERCHANTABILITY or FITNESS FOR A PARTICULAR PURPOSE.  See the
  GNU General Public License for more details.
 
  You should have received a copy of the GNU General Public License
  along with ancora-2.0.  If not, see &lt;http://www.gnu.org/licenses/&gt;.
 
  Check a text in catalan explaining the terms of the license at http://www.softcatala.cat/wiki/GPL3.
  In spanish at http://www.viti.es/gnu/licenses/gpl.html
 

  The following paper must be cited when using this corpus:

 * Taulé, M., M.A. Martí, M. Recasens (2008) 'Ancora: Multilevel Annotated Corpora for Catalan and Spanish',
   Proceedings of 6th International Conference on Language Resources and Evaluation. Marrakesh (Morocco).

  In addition, the following paper must be cited if coreference information (attributes entity, coreftype,
  corefsubtype, homophoricDD or entityref) is used:

 * Recasens, Marta, M. Antònia Martí (2010) ‘AnCora-CO: Coreferentially annotated corpora for Spanish and
   Catalan’. Language Resources and Evaluation, Springer Science.

  Additionally, the following paper must be cited when argumental attributes in "sn" or "grup.nom"
  (attributes func, arg, tem or lexicalid) are used:

 * Peris, Aina, Mariona Taulé, Horacio Rodríguez (2010) ‘Semantic Annotation of Deverbal Nominalizations in the
   Spanish AnCora corpus’. Treebanks and Linguistic Theories (TLT-2010), Estonia.
-->
<article lng="ca">
  <sentence>
    <sn arg="arg0" entityref="ne" func="suj" ne="organization" tem="agt">
      <spec gen="m" num="s">
        <d gen="m" lem="el" num="s" pos="da0ms0" postype="article" wd="El"/>
      </spec>
      <grup.nom gen="m" num="s">
        <n lem="Tribunal_Suprem" ne="organization" pos="np0000o" postype="proper" sense="16:cs1" wd="Tribunal_Suprem"/>
        <sn entityref="ne" ne="organization">
          <grup.nom gen="m" num="s">
            <f lem="(" pos="fpa" punct="bracket" punctenclose="open" wd="("/>
            <n lem="TS" ne="organization" pos="np0000o" postype="proper" sense="16:cs1" wd="TS"/>
            <f lem=")" pos="fpt" punct="bracket" punctenclose="close" wd=")"/>
          </grup.nom>
        </sn>
      </grup.nom>
    </sn>
    <grup.verb>
      <v lem="haver" mood="indicative" num="s" person="3" pos="vaip3s0" postype="auxiliary" tense="present" wd="ha"/>
      <v gen="m" lem="confirmar" lss="A32.ditransitive-patient-benefactive" mood="participle" num="s" pos="vmp00sm" postype="main" wd="confirmat"/>
    </grup.verb>
    <sn arg="arg1" func="cd" tem="pat">
      <spec gen="f" num="s">
        <d gen="f" lem="el" num="s" pos="da0fs0" postype="article" wd="la"/>
      </spec>
      <grup.nom gen="f" num="s">
        <n gen="f" lem="condemna" num="s" pos="ncfs000" postype="common" sense="16:00770012n" wd="condemna"/>
        <sp>
          <prep>
            <s lem="a" pos="sps00" postype="preposition" wd="a"/>
          </prep>
          <sn coord="yes">
            <sn>
              <spec gen="m" num="p">
                <d gen="c" lem="quatre" num="p" pos="dn0cp0" postype="numeral" wd="quatre"/>
              </spec>
              <grup.nom gen="m" num="p">
                <n gen="m" lem="any" num="p" pos="ncmp000" postype="common" sense="16:10917509" wd="anys"/>
                <sp>
                  <prep>
                    <s lem="de" pos="sps00" postype="preposition" wd="d'"/>
                  </prep>
                  <sn>
                    <grup.nom gen="f" num="s">
                      <n gen="f" lem="inhabilitació" num="s" pos="ncfs000" postype="common" sense="16:00135654" wd="inhabilitació"/>
                      <s.a gen="f" num="s">
                        <grup.a gen="f" num="s">
                          <a gen="c" lem="especial" num="s" pos="aq0cs0" postype="qualificative" wd="especial"/>
                        </grup.a>
                      </s.a>
                    </grup.nom>
                  </sn>
                </sp>
              </grup.nom>
            </sn>
            <conj conjunctiontype="coordinating">
              <c lem="i" pos="cc" postype="coordinating" wd="i"/>
            </conj>
            <sn>
              <spec gen="f" num="s">
                <d gen="f" lem="un" num="s" pos="di0fs0" postype="indefinite" wd="una"/>
              </spec>
              <grup.nom gen="f" num="s">
                <n gen="f" lem="multa" num="s" pos="ncfs000" postype="common" sense="16:04923025n" wd="multa"/>
                <sp>
                  <prep>
                    <s lem="de" pos="sps00" postype="preposition" wd="de"/>
                  </prep>
                  <sn entityref="ne" ne="number">
                    <spec gen="m" num="p">
                      <z lem="3.6" ne="number" wd="3,6"/>
                    </spec>
                    <grup.nom gen="m" num="p">
                      <n gen="m" lem="milió" num="p" pos="ncmp000" postype="common" sense="16:09902865" wd="milions"/>
                      <sp>
                        <prep>
                          <s lem="de" pos="sps00" postype="preposition" wd="de"/>
                        </prep>
                        <sn>
                          <grup.nom gen="f" num="p">
                            <z lem="pesseta" ne="number" pos="zm" postype="currency" wd="pessetes"/>
                          </grup.nom>
                        </sn>
                      </sp>
                    </grup.nom>
                  </sn>
                </sp>
              </grup.nom>
            </sn>
          </sn>
        </sp>
        <sp>
          <prep>
            <s lem="per" pos="sps00" postype="preposition" wd="per"/>
          </prep>
          <sp>
            <prep>
              <s lem="a" pos="sps00" postype="preposition" wd="a"/>
            </prep>
            <sn>
              <spec gen="m" num="p">
                <d gen="c" lem="quatre" num="p" pos="dn0cp0" postype="numeral" wd="quatre"/>
              </spec>
              <grup.nom gen="m" num="p">
                <n gen="m" lem="veterinari" num="p" pos="ncmp000" postype="common" sense="16:07663558" wd="veterinaris"/>
                <s.a gen="m" num="p">
                  <grup.a gen="m" num="p">
                    <a gen="m" lem="gironí" num="p" pos="aq0mp0" postype="qualificative" wd="gironins"/>
                  </grup.a>
                </s.a>
              </grup.nom>
            </sn>
          </sp>
        </sp>
        <sp>
          <f lem="," pos="fc" punct="comma" wd=","/>
          <prep>
            <s lem="per" pos="sps00" postype="preposition" wd="per"/>
          </prep>
          <sn coord="yes">
            <S clausetype="completive" impersonal="yes">
              <infinitiu>
                <v lem="haver" mood="infinitive" pos="van0000" postype="auxiliary" wd="haver"/>
                <morfema.pronominal>
                  <p gen="c" lem="ell" num="c" person="3" pos="p0300000" wd="-se"/>
                </morfema.pronominal>
                <v gen="m" lem="beneficiar" lss="A22.transitive-agentive-theme" mood="participle" num="s" pos="vmp00sm" postype="main" wd="beneficiat"/>
              </infinitiu>
              <sp arg="arg1" func="creg" tem="tem">
                <prep>
                  <s contracted="yes" gen="m" lem="del" num="p" pos="spcmp" postype="preposition" wd="dels"/>
                </prep>
                <sn>
                  <grup.nom gen="m" num="p">
                    <n gen="m" lem="càrrec" num="p" pos="ncmp000" postype="common" sense="16:00385376" wd="càrrecs"/>
                    <s.a gen="m" num="p">
                      <grup.a gen="m" num="p">
                        <a gen="m" lem="públic" num="p" pos="aq0mp0" postype="qualificative" wd="públics"/>
                      </grup.a>
                    </s.a>
                    <S clausetype="relative">
                      <relatiu arg="arg1" func="cd" tem="pat">
                        <p gen="c" lem="que" num="c" pos="pr0cn000" postype="relative" wd="que"/>
                      </relatiu>
                      <sn arg="arg0" elliptic="yes" func="suj" tem="agt"/>
                      <grup.verb>
                        <v lem="desenvolupar" lss="A21.transitive-agentive-patient" mood="indicative" num="p" person="3" pos="vmii3p0" postype="main" tense="imperfect" wd="desenvolupaven"/>
                      </grup.verb>
                    </S>
                  </grup.nom>
                </sn>
              </sp>
            </S>
            <conj conjunctiontype="coordinating">
              <c lem="i" pos="cc" postype="coordinating" wd="i"/>
            </conj>
            <sn>
              <spec gen="f" num="s">
                <d gen="f" lem="el_seu" num="s" person="3" pos="dp3fs0" postype="possessive" wd="la_seva"/>
              </spec>
              <grup.nom gen="f" num="s">
                <n gen="f" lem="relació" num="s" pos="ncfs000" postype="common" sense="16:09924828" wd="relació"/>
                <sp>
                  <prep>
                    <s lem="amb" pos="sps00" postype="preposition" wd="amb"/>
                  </prep>
                  <sn>
                    <spec gen="f" num="p">
                      <d gen="f" lem="el" num="p" pos="da0fp0" postype="article" wd="les"/>
                    </spec>
                    <grup.nom gen="f" num="p">
                      <n gen="f" lem="empresa" num="p" pos="ncfp000" postype="common" sense="16:06004580" wd="empreses"/>
                      <s.a gen="f" num="p">
                        <grup.a gen="f" num="p">
                          <a gen="f" lem="càrnic" num="p" pos="aq0fp0" postype="qualificative" wd="càrniques"/>
                        </grup.a>
                      </s.a>
                      <sp>
                        <prep>
                          <s lem="de" pos="sps00" postype="preposition" wd="de"/>
                        </prep>
                        <sn>
                          <spec gen="f" num="s">
                            <d gen="f" lem="el" num="s" pos="da0fs0" postype="article" wd="la"/>
                          </spec>
                          <grup.nom gen="f" num="s">
                            <n gen="f" lem="zona" num="s" pos="ncfs000" postype="common" sense="16:06395720" wd="zona"/>
                          </grup.nom>
                        </sn>
                      </sp>
                    </grup.nom>
                  </sn>
                </sp>
                <sp>
                  <prep>
                    <s lem="en" pos="sps00" postype="preposition" wd="en"/>
                  </prep>
                  <S clausetype="completive" impersonal="yes">
                    <infinitiu>
                      <v lem="oferir" lss="A32.ditransitive-patient-benefactive" mood="infinitive" pos="vmn0000" postype="main" wd="oferir"/>
                    </infinitiu>
                    <sn arg="arg2" func="ci" tem="ben">
                      <grup.nom num="p">
                        <p gen="c" lem="ell" num="p" person="3" pos="pp3cp000" postype="personal" wd="-los"/>
                      </grup.nom>
                    </sn>
                    <sn arg="arg1" func="cd" tem="pat">
                      <grup.nom gen="m" num="p">
                        <n gen="m" lem="servei" num="p" pos="ncmp000" postype="common" sense="16:00379388" wd="serveis"/>
                        <s.a gen="m" num="p">
                          <grup.a gen="m" num="p">
                            <a gen="c" lem="particular" num="p" pos="aq0cp0" postype="qualificative" wd="particulars"/>
                          </grup.a>
                        </s.a>
                      </grup.nom>
                    </sn>
                  </S>
                </sp>
              </grup.nom>
            </sn>
          </sn>
        </sp>
      </grup.nom>
    </sn>
    <f lem="." pos="fp" punct="period" wd="."/>
  </sentence>
  <sentence>
    <sn arg="arg0" func="suj" tem="agt">
      <spec gen="f" num="s">
        <d gen="f" lem="el" num="s" pos="da0fs0" postype="article" wd="La"/>
      </spec>
      <grup.nom gen="f" num="s">
        <n gen="f" lem="sentència" num="s" pos="ncfs000" postype="common" sense="16:04918568" wd="sentència"/>
        <S clausetype="relative">
          <f lem="," pos="fc" punct="comma" wd=","/>
          <sp discid="1c">
            <prep>
              <s lem="a" pos="sps00" postype="preposition" wd="a"/>
            </prep>
            <relatiu>
              <d gen="f" lem="el" num="s" pos="da0fs0" postype="article" wd="la"/>
              <p gen="c" lem="qual" num="s" pos="pr0cs000" postype="relative" wd="qual"/>
            </relatiu>
          </sp>
          <grup.verb>
            <v lem="haver" mood="indicative" num="s" person="3" pos="vaip3s0" postype="auxiliary" tense="present" wd="ha"/>
            <v gen="m" lem="tenir" lss="C21.state-attributive" mood="participle" num="s" pos="vmp00sm" postype="main" wd="tingut"/>
          </grup.verb>
          <sn arg="arg2" func="cd" functype="quantitative" tem="atr">
            <grup.nom discid="1n" gen="m" num="s">
              <n gen="m" lem="accés" num="s" pos="ncms000" postype="common" sense="16:00027115" wd="accés"/>
            </grup.nom>
          </sn>
          <sn arg="arg1" entityref="ne" func="suj" ne="organization" tem="tem">
            <grup.nom>
              <n lem="Intra-ACN" ne="organization" pos="np0000o" postype="proper" sense="16:cs1" wd="Intra-ACN"/>
            </grup.nom>
          </sn>
          <f lem="," pos="fc" punct="comma" wd=","/>
        </S>
      </grup.nom>
    </sn>
    <grup.verb>
      <v lem="desestimar" lss="A21.transitive-agentive-patient" mood="imperative" num="s" person="2" pos="vmm02s0" postype="main" wd="desestima"/>
    </grup.verb>
    <sn arg="arg1" func="cd" tem="pat">
      <spec gen="m" num="p">
        <d gen="m" lem="el" num="p" pos="da0mp0" postype="article" wd="els"/>
      </spec>
      <grup.nom gen="m" num="p">
        <n gen="m" lem="recurs" num="p" pos="ncmp000" postype="common" sense="16:cs1" wd="recursos"/>
        <S clausetype="participle" impersonal="yes">
          <participi>
            <a gen="m" lem="interposat" lss="B22.unaccusative-passive-transitive" num="p" pos="aq0mpp" posfunction="participle" postype="qualificative" wd="interposats"/>
          </participi>
          <sp arg="arg0" func="cag" tem="agt">
            <prep>
              <s contracted="yes" gen="m" lem="pel" num="p" pos="spcmp" postype="preposition" wd="pels"/>
            </prep>
            <sn>
              <grup.nom gen="m" num="s">
                <n gen="m" lem="processat" num="p" pos="ncmp000" postype="common" sense="16:cs1" wd="processats"/>
                <sn complex="yes">
                  <f lem="," pos="fc" punct="comma" wd=","/>
                  <grup.nom coord="yes">
                    <grup.nom gen="m" num="s">
                      <n lem="Albert_Bramón" ne="person" pos="np0000p" postype="proper" sense="16:cs1" wd="Albert_Bramón"/>
                      <S clausetype="relative" verbless="yes">
                        <f lem="," pos="fc" punct="comma" wd=","/>
                        <sn entityref="ne" ne="person">
                          <grup.nom gen="m" num="s">
                            <n gen="m" lem="president" num="s" pos="ncms000" postype="common" sense="16:07496197" wd="president"/>
                            <sp>
                              <prep>
                                <s contracted="yes" gen="m" lem="del" num="s" pos="spcms" postype="preposition" wd="del"/>
                              </prep>
                              <sn entityref="ne" ne="organization">
                                <grup.nom gen="m" num="s">
                                  <n lem="Col·legi_de_Veterinaris_de_Girona" ne="organization" pos="np0000o" postype="proper" sense="16:cs1" wd="Col·legi_de_Veterinaris_de_Girona"/>
                                </grup.nom>
                              </sn>
                            </sp>
                          </grup.nom>
                        </sn>
                        <sp>
                          <prep>
                            <s lem="en" pos="sps00" postype="preposition" wd="en"/>
                          </prep>
                          <sn>
                            <spec gen="m" num="s">
                              <d gen="m" lem="el" num="s" pos="da0ms0" postype="article" wd="el"/>
                            </spec>
                            <grup.nom gen="m" num="s">
                              <n gen="m" lem="moment" num="s" pos="ncms000" postype="common" sense="16:10898122" wd="moment"/>
                              <sp>
                                <prep>
                                  <s contracted="yes" gen="m" lem="del" num="p" pos="spcmp" postype="preposition" wd="dels"/>
                                </prep>
                                <sn>
                                  <grup.nom gen="m" num="p">
                                    <n gen="m" lem="fet" num="p" pos="ncmp000" postype="common" sense="16:05432762" wd="fets"/>
                                  </grup.nom>
                                </sn>
                              </sp>
                            </grup.nom>
                          </sn>
                        </sp>
                        <f lem="," pos="fc" punct="comma" wd=","/>
                      </S>
                    </grup.nom>
                    <conj conjunctiontype="coordinating">
                      <c lem="i" pos="cc" postype="coordinating" wd="i"/>
                    </conj>
                    <grup.nom coord="yes">
                      <grup.nom gen="f" num="s">
                        <n lem="Josefina_J." ne="person" pos="np0000p" postype="proper" sense="16:cs1" wd="Josefina_J."/>
                      </grup.nom>
                      <f lem="," pos="fc" punct="comma" wd=","/>
                      <grup.nom gen="m" num="s">
                        <n lem="Pere_C." ne="person" pos="np0000p" postype="proper" sense="16:cs1" wd="Pere_C."/>
                      </grup.nom>
                      <conj conjunctiontype="coordinating">
                        <c lem="i" pos="cc" postype="coordinating" wd="i"/>
                      </conj>
                      <grup.nom gen="m" num="s">
                        <n lem="Mateu_B." ne="person" pos="np0000p" postype="proper" sense="16:cs1" wd="Mateu_B."/>
                      </grup.nom>
                    </grup.nom>
                  </grup.nom>
                  <f lem="," pos="fc" punct="comma" wd=","/>
                </sn>
                <S clausetype="relative" coord="yes">
                  <S clausetype="relative">
                    <relatiu arg="arg0" func="suj" tem="agt">
                      <p gen="c" lem="que" num="c" pos="pr0cn000" postype="relative" wd="que"/>
                    </relatiu>
                    <grup.verb>
                      <v lem="actuar" lss="D11.inergative-agentive" mood="indicative" num="p" person="3" pos="vmii3p0" postype="main" tense="imperfect" wd="actuaven"/>
                    </grup.verb>
                    <sp arg="argM" func="cpred" predicate="suj" tem="atr">
                      <prep>
                        <s lem="com_a" pos="sps00" postype="preposition" wd="com_a"/>
                      </prep>
                      <sn>
                        <grup.nom gen="m" num="p">
                          <n gen="m" lem="inspector" num="p" pos="ncmp000" postype="common" sense="16:07249913n" wd="inspectors"/>
                          <s.a gen="m" num="p">
                            <grup.a gen="m" num="p">
                              <a gen="m" lem="veterinari" num="p" pos="aq0mp0" postype="qualificative" wd="veterinaris"/>
                            </grup.a>
                          </s.a>
                          <sp>
                            <prep>
                              <s lem="de" pos="sps00" postype="preposition" wd="de"/>
                            </prep>
                            <sn entityref="ne" ne="organization">
                              <spec gen="f" num="s">
                                <d gen="f" lem="el" num="s" pos="da0fs0" postype="article" wd="la"/>
                              </spec>
                              <grup.nom gen="f" num="s">
                                <n lem="Generalitat" ne="organization" pos="np0000o" postype="proper" sense="16:cs1" wd="Generalitat"/>
                              </grup.nom>
                            </sn>
                          </sp>
                        </grup.nom>
                      </sn>
                    </sp>
                    <f lem="," pos="fc" punct="comma" wd=","/>
                  </S>
                  <conj conjunctiontype="coordinating">
                    <c lem="i" pos="cc" postype="coordinating" wd="i"/>
                  </conj>
                  <S clausetype="relative">
                    <relatiu arg="arg1" func="suj" tem="pat">
                      <p gen="c" lem="que" num="c" pos="pr0cn000" postype="relative" wd="que"/>
                    </relatiu>
                    <grup.verb>
                      <v lem="anar" mood="indicative" num="p" person="3" pos="vaip3p0" postype="auxiliary" tense="present" wd="van"/>
                      <v lem="ser" mood="infinitive" pos="vsn0000" postype="semiauxiliary" wd="ser"/>
                      <v gen="m" lem="condemnar" lss="B22.unaccusative-passive-transitive" mood="participle" num="p" pos="vmp00pm" postype="main" wd="condemnats"/>
                    </grup.verb>
                    <sp arg="arg0" func="cag" tem="agt">
                      <prep>
                        <s lem="per" pos="sps00" postype="preposition" wd="per"/>
                      </prep>
                      <sn entityref="ne" ne="organization">
                        <spec gen="f" num="s">
                          <d gen="c" lem="el" num="s" pos="da0cs0" postype="article" wd="l'"/>
                        </spec>
                        <grup.nom gen="f" num="s">
                          <n lem="Audiència_de_Girona" ne="organization" pos="np0000o" postype="proper" sense="16:cs1" wd="Audiència_de_Girona"/>
                        </grup.nom>
                      </sn>
                    </sp>
                    <sp arg="argM" func="cc" tem="cau">
                      <prep>
                        <s lem="per" pos="sps00" postype="preposition" wd="per"/>
                      </prep>
                      <sn>
                        <spec gen="m" num="s">
                          <d gen="m" lem="un" num="s" pos="di0ms0" postype="indefinite" wd="un"/>
                        </spec>
                        <grup.nom gen="m" num="s">
                          <n gen="m" lem="delicte" num="s" pos="ncms000" postype="common" sense="16:00490590" wd="delicte"/>
                          <sp>
                            <prep>
                              <s lem="de" pos="sps00" postype="preposition" wd="de"/>
                            </prep>
                            <sn>
                              <grup.nom gen="f" num="p">
                                <n gen="f" lem="negociació" num="p" pos="ncfp000" postype="common" sense="16:00717352" wd="negociacions"/>
                                <S clausetype="participle" impersonal="yes">
                                  <participi>
                                    <a gen="f" lem="prohibit" lss="B22.unaccusative-passive-transitive" num="p" pos="aq0fpp" posfunction="participle" postype="qualificative" wd="prohibides"/>
                                  </participi>
                                  <sp arg="arg2" func="ci" tem="ben">
                                    <prep>
                                      <s lem="a" pos="sps00" postype="preposition" wd="a"/>
                                    </prep>
                                    <sn>
                                      <grup.nom gen="m" num="p">
                                        <n gen="m" lem="funcionari" num="p" pos="ncmp000" postype="common" sense="16:07440234" wd="funcionaris"/>
                                      </grup.nom>
                                    </sn>
                                  </sp>
                                </S>
                              </grup.nom>
                            </sn>
                          </sp>
                        </grup.nom>
                      </sn>
                    </sp>
                  </S>
                </S>
              </grup.nom>
            </sn>
          </sp>
        </S>
      </grup.nom>
    </sn>
    <f lem="." pos="fp" punct="period" wd="."/>
  </sentence>
  <sentence coord="yes">
    <S>
      <sn arg="arg0" func="suj" tem="agt">
        <spec gen="m" num="p">
          <d gen="m" lem="el" num="p" pos="da0mp0" postype="article" wd="Els"/>
        </spec>
        <grup.nom gen="m" num="p">
          <n gen="m" lem="funcionari" num="p" pos="ncmp000" postype="common" sense="16:07440234" wd="funcionaris"/>
        </grup.nom>
      </sn>
      <morfema.pronominal>
        <p gen="c" lem="ell" num="c" person="3" pos="p0300000" wd="s'"/>
      </morfema.pronominal>
      <grup.verb>
        <v lem="encarregar" lss="A22.transitive-agentive-theme" mood="indicative" num="p" person="3" pos="vmii3p0" postype="main" tense="imperfect" wd="encarregaven"/>
      </grup.verb>
      <sp arg="arg1" func="creg" tem="tem">
        <prep>
          <s contracted="yes" gen="m" lem="del" num="s" pos="spcms" postype="preposition" wd="del"/>
        </prep>
        <sn>
          <grup.nom gen="m" num="s">
            <n gen="m" lem="control" num="s" pos="ncms000" postype="common" sense="16:09959274" wd="control"/>
            <sp>
              <prep>
                <s lem="de" pos="sps00" postype="preposition" wd="de"/>
              </prep>
              <sn>
                <spec gen="f" num="s">
                  <d gen="f" lem="el" num="s" pos="da0fs0" postype="article" wd="la"/>
                </spec>
                <grup.nom gen="f" num="s">
                  <n gen="f" lem="higiene" num="s" pos="ncfs000" postype="common" sense="16:10398628" wd="higiene"/>
                  <sp>
                    <prep>
                      <s lem="de" pos="sps00" postype="preposition" wd="de"/>
                    </prep>
                    <sn>
                      <spec gen="f" num="p">
                        <d gen="f" lem="el" num="p" pos="da0fp0" postype="article" wd="les"/>
                      </spec>
                      <grup.nom gen="f" num="p">
                        <n gen="f" lem="empresa" num="p" pos="ncfp000" postype="common" sense="16:06004580" wd="empreses"/>
                        <s.a gen="f" num="p">
                          <grup.a gen="f" num="p">
                            <a gen="f" lem="càrnic" num="p" pos="aq0fp0" postype="qualificative" wd="càrniques"/>
                          </grup.a>
                        </s.a>
                        <sp>
                          <prep>
                            <s lem="de" pos="sps00" postype="preposition" wd="de"/>
                          </prep>
                          <sn entityref="ne" ne="location">
                            <grup.nom>
                              <n lem="La_Garrotxa" ne="location" pos="np0000l" postype="proper" sense="16:cs1" wd="La_Garrotxa"/>
                            </grup.nom>
                          </sn>
                        </sp>
                      </grup.nom>
                    </sn>
                  </sp>
                </grup.nom>
              </sn>
            </sp>
          </grup.nom>
        </sn>
      </sp>
      <f lem="," pos="fc" punct="comma" wd=","/>
    </S>
    <conj conjunctiontype="coordinating">
      <c lem="i" pos="cc" postype="coordinating" wd="i"/>
    </conj>
    <S>
      <sp arg="argM" func="cc" tem="cau">
        <prep>
          <s lem="per" pos="sps00" postype="preposition" wd="per"/>
        </prep>
        <sn>
          <spec gen="m" num="s">
            <d gen="m" lem="aquest" num="s" pos="dd0ms0" postype="demonstrative" wd="aquest"/>
          </spec>
          <grup.nom gen="m" num="s">
            <n gen="m" lem="motiu" num="s" pos="ncms000" postype="common" sense="16:05051824" wd="motiu"/>
          </grup.nom>
        </sn>
      </sp>
      <sn arg="arg0" elliptic="yes" func="suj" tem="agt"/>
      <grup.verb>
        <v lem="fer" lss="D11.inergative-agentive" mood="indicative" num="p" person="3" pos="vmii3p0" postype="main" tense="imperfect" wd="feien"/>
      </grup.verb>
      <sn arg="argL" complex="yes" func="cd">
        <grup.nom coord="yes">
          <grup.nom gen="f" num="p">
            <n gen="f" lem="visita" num="p" pos="ncfp000" postype="common" sense="16:00800256" wd="visites"/>
            <s.a gen="f" num="p">
              <grup.a gen="f" num="p">
                <a gen="f" lem="periòdic" num="p" pos="aq0fp0" postype="qualificative" wd="periòdiques"/>
              </grup.a>
            </s.a>
          </grup.nom>
          <conj conjunctiontype="coordinating">
            <c lem="i" pos="cc" postype="coordinating" wd="i"/>
          </conj>
          <grup.nom gen="f" num="p">
            <n gen="f" lem="analítica" num="p" pos="ncfp000" postype="common" sense="16:cs1" wd="analítiques"/>
          </grup.nom>
        </grup.nom>
      </sn>
    </S>
    <f lem="." pos="fp" punct="period" wd="."/>
  </sentence>
  <sentence coord="yes">
    <S arg="argM" clausetype="adverbial" func="cc" impersonal="yes" tem="adv">
      <gerundi>
        <v lem="aprofitar" lss="A21.transitive-agentive-patient" mood="gerund" pos="vmg0000" postype="main" wd="Aprofitant"/>
      </gerundi>
      <sn arg="arg1" func="cd" tem="pat">
        <spec gen="m" num="s">
          <d gen="m" lem="aquest" num="s" pos="dd0ms0" postype="demonstrative" wd="aquest"/>
        </spec>
        <grup.nom gen="m" num="s">
          <n gen="m" lem="fet" num="s" pos="ncms000" postype="common" sense="16:05432762" wd="fet"/>
        </grup.nom>
      </sn>
      <f lem="," pos="fc" punct="comma" wd=","/>
    </S>
    <S>
      <sn arg="arg1" func="suj" tem="tem">
        <spec gen="m" num="p">
          <d gen="m" lem="el" num="p" pos="da0mp0" postype="article" wd="els"/>
        </spec>
        <grup.nom gen="m" num="p">
          <n gen="m" lem="processat" num="p" pos="ncmp000" postype="common" sense="16:cs1" wd="processats"/>
        </grup.nom>
      </sn>
      <grup.verb>
        <v lem="anar" mood="indicative" num="p" person="3" pos="vaip3p0" postype="auxiliary" tense="present" wd="van"/>
        <v lem="constituir" lss="C21.state-attributive" mood="infinitive" pos="vmn0000" postype="main" wd="constituir"/>
      </grup.verb>
      <sn arg="argM" entityref="ne" func="cc" ne="date" tem="tmp">
        <spec gen="m" num="s">
          <d gen="c" lem="el" num="s" pos="da0cs0" postype="article" wd="l'"/>
        </spec>
        <grup.nom gen="m" num="s">
          <w lem="[??:??/??/1991:??.??]" ne="date" wd="any_1991"/>
        </grup.nom>
      </sn>
      <sn arg="arg2" func="cd" functype="quantitative" tem="atr">
        <spec gen="f" num="s">
          <d gen="f" lem="un" num="s" pos="dn0fs0" postype="numeral" wd="una"/>
        </spec>
        <grup.nom gen="f" num="s">
          <n gen="f" lem="empresa" num="s" pos="ncfs000" postype="common" sense="16:06004580" wd="empresa"/>
          <S clausetype="participle" impersonal="yes">
            <participi>
              <a gen="f" lem="dedicat" lss="B21.unaccusative-state" num="s" pos="aq0fsp" posfunction="participle" postype="qualificative" wd="dedicada"/>
            </participi>
            <sp arg="arg1" coord="yes" func="creg" tem="tem">
              <sp>
                <prep>
                  <s lem="a" pos="sps00" postype="preposition" wd="a"/>
                </prep>
                <sn>
                  <spec gen="f" num="s">
                    <d gen="f" lem="el" num="s" pos="da0fs0" postype="article" wd="la"/>
                  </spec>
                  <grup.nom gen="f" num="s">
                    <n gen="f" lem="planificació" num="s" pos="ncfs000" postype="common" sense="16:00741673" wd="planificació"/>
                  </grup.nom>
                </sn>
              </sp>
              <conj conjunctiontype="coordinating">
                <c lem="i" pos="cc" postype="coordinating" wd="i"/>
              </conj>
              <sp>
                <prep>
                  <s lem="a" pos="sps00" postype="preposition" wd="a"/>
                </prep>
                <sn>
                  <spec gen="f" num="s">
                    <d gen="c" lem="el" num="s" pos="da0cs0" postype="article" wd="l'"/>
                  </spec>
                  <grup.nom gen="f" num="s">
                    <n gen="f" lem="analítica" num="s" pos="ncfs000" postype="common" sense="16:cs1" wd="analítica"/>
                    <sp>
                      <prep>
                        <s lem="de" pos="sps00" postype="preposition" wd="de"/>
                      </prep>
                      <sn>
                        <grup.nom gen="f" num="p">
                          <n gen="f" lem="matèria" num="p" pos="ncfp000" postype="common" sense="16:10446867" wd="matèries"/>
                          <s.a gen="f" num="p">
                            <grup.a gen="f" num="p">
                              <a gen="f" lem="primer" num="p" pos="ao0fp0" postype="ordinal" wd="primeres"/>
                            </grup.a>
                          </s.a>
                        </grup.nom>
                      </sn>
                    </sp>
                  </grup.nom>
                </sn>
              </sp>
            </sp>
          </S>
        </grup.nom>
      </sn>
      <f lem="," pos="fc" punct="comma" wd=","/>
    </S>
    <conj conjunctiontype="coordinating">
      <c lem="i" pos="cc" postype="coordinating" wd="i"/>
    </conj>
    <S>
      <sn arg="arg0" elliptic="yes" func="suj" tem="agt"/>
      <grup.verb>
        <v lem="anar" mood="indicative" num="p" person="3" pos="vaip3p0" postype="auxiliary" tense="present" wd="van"/>
        <v lem="utilitzar" lss="A21.transitive-agentive-patient" mood="infinitive" pos="vmn0000" postype="main" wd="utilitzar"/>
      </grup.verb>
      <sn arg="arg1" func="cd" tem="pat">
        <spec gen="f" num="p">
          <d gen="f" lem="el" num="p" pos="da0fp0" postype="article" wd="les"/>
        </spec>
        <grup.nom gen="f" num="p">
          <n gen="f" lem="visita" num="p" pos="ncfp000" postype="common" sense="16:00800256" wd="visites"/>
          <s.a gen="f" num="p">
            <grup.a gen="f" num="p">
              <a gen="c" lem="oficial" num="p" pos="aq0cp0" postype="qualificative" wd="oficials"/>
            </grup.a>
          </s.a>
        </grup.nom>
      </sn>
      <sp arg="argM" func="cc" tem="fin">
        <prep>
          <s lem="per" pos="sps00" postype="preposition" wd="per"/>
        </prep>
        <S clausetype="completive" coord="yes" impersonal="yes">
          <S clausetype="completive" impersonal="yes">
            <infinitiu>
              <v lem="oferir" lss="A32.ditransitive-patient-benefactive" mood="infinitive" pos="vmn0000" postype="main" wd="oferir"/>
            </infinitiu>
            <sn arg="arg1" func="cd" tem="pat">
              <spec gen="m" num="p">
                <d gen="m" lem="el" num="p" pos="da0mp0" postype="article" wd="els"/>
              </spec>
              <grup.nom gen="m" num="p">
                <n gen="m" lem="servei" num="p" pos="ncmp000" postype="common" sense="16:00379388" wd="serveis"/>
              </grup.nom>
            </sn>
          </S>
          <conj conjunctiontype="coordinating">
            <c lem="i" pos="cc" postype="coordinating" wd="i"/>
          </conj>
          <S clausetype="completive" impersonal="yes">
            <infinitiu>
              <v lem="captar" lss="A21.transitive-agentive-patient" mood="infinitive" pos="vmn0000" postype="main" wd="captar"/>
            </infinitiu>
            <sn arg="arg1" func="cd" tem="pat">
              <spec gen="m" num="p">
                <d gen="m" lem="el" num="p" pos="da0mp0" postype="article" wd="els"/>
              </spec>
              <grup.nom gen="m" num="p">
                <n gen="m" lem="empresari" num="p" pos="ncmp000" postype="common" sense="16:07131641" wd="empresaris"/>
                <S clausetype="relative">
                  <relatiu arg="arg1" func="cd" tem="pat">
                    <p gen="c" lem="que" num="c" pos="pr0cn000" postype="relative" wd="que"/>
                  </relatiu>
                  <sn arg="arg0" elliptic="yes" func="suj" tem="agt"/>
                  <grup.verb>
                    <v lem="inspeccionar" lss="A21.transitive-agentive-patient" mood="indicative" num="p" person="3" pos="vmii3p0" postype="main" tense="imperfect" wd="inspeccionaven"/>
                  </grup.verb>
                </S>
              </grup.nom>
            </sn>
          </S>
        </S>
      </sp>
    </S>
    <f lem="." pos="fp" punct="period" wd="."/>
  </sentence>
  <sentence>
    <sp func="ao">
      <prep>
        <s lem="segons" pos="sps00" postype="preposition" wd="Segons"/>
      </prep>
      <sn entityref="ne" ne="organization">
        <spec gen="m" num="s">
          <d gen="m" lem="el" num="s" pos="da0ms0" postype="article" wd="el"/>
        </spec>
        <grup.nom gen="m" num="s">
          <n lem="Tribunal_Suprem" ne="organization" pos="np0000o" postype="proper" sense="16:cs1" wd="Tribunal_Suprem"/>
        </grup.nom>
      </sn>
      <f lem="," pos="fc" punct="comma" wd=","/>
    </sp>
    <f lem="'" pos="fz" punct="mathsign" wd="'"/>
    <grup.verb>
      <v lem="ser" lss="C21.state-attributive" mood="indicative" num="s" person="3" pos="vmip3s0" postype="main" tense="present" wd="és"/>
    </grup.verb>
    <sa arg="arg2" func="atr" tem="atr">
      <grup.a>
        <a gen="m" lem="clar" num="s" pos="aq0ms0" postype="qualificative" wd="clar"/>
      </grup.a>
    </sa>
    <S arg="arg1" clausetype="completive" coord="yes" func="suj" tem="tem">
      <conj conjunctiontype="subordinating">
        <c lem="que" pos="cs" postype="subordinating" wd="que"/>
      </conj>
      <S clausetype="completive">
        <sn arg="arg0" func="suj" tem="agt">
          <spec gen="m" num="p">
            <d gen="m" lem="el" num="p" pos="da0mp0" postype="article" wd="els"/>
          </spec>
          <grup.nom gen="m" num="p">
            <n gen="m" lem="acusat" num="p" pos="ncmp000" postype="common" sense="16:07059160" wd="acusats"/>
          </grup.nom>
        </sn>
        <grup.verb>
          <v lem="anar" mood="indicative" num="p" person="3" pos="vaip3p0" postype="auxiliary" tense="present" wd="van"/>
          <v lem="actuar" lss="D11.inergative-agentive" mood="infinitive" pos="vmn0000" postype="main" wd="actuar"/>
        </grup.verb>
        <sp arg="argM" func="cc" tem="mnr">
          <prep>
            <s lem="en" pos="sps00" postype="preposition" wd="en"/>
          </prep>
          <sn>
            <grup.nom gen="f" num="s">
              <n gen="f" lem="connexió" num="s" pos="ncfs000" postype="common" sense="16:09931775" wd="connexió"/>
              <sp>
                <prep>
                  <s lem="amb" pos="sps00" postype="preposition" wd="amb"/>
                </prep>
                <sn>
                  <spec gen="m" num="s">
                    <d gen="m" lem="el" num="s" pos="da0ms0" postype="article" wd="el"/>
                  </spec>
                  <grup.nom gen="m" num="s">
                    <n gen="m" lem="càrrec" num="s" pos="ncms000" postype="common" sense="16:00385376" wd="càrrec"/>
                    <s.a gen="m" num="s">
                      <grup.a gen="m" num="s">
                        <a gen="c" lem="oficial" num="s" pos="aq0cs0" postype="qualificative" wd="oficial"/>
                      </grup.a>
                    </s.a>
                  </grup.nom>
                </sn>
              </sp>
            </grup.nom>
          </sn>
        </sp>
      </S>
      <conj conjunctiontype="coordinating">
        <c lem="i" pos="cc" postype="coordinating" wd="i"/>
      </conj>
      <S clausetype="completive" coord="yes">
        <S clausetype="completive" coord="yes">
          <S clausetype="completive">
            <sn arg="arg0" elliptic="yes" func="suj" tem="agt"/>
            <grup.verb>
              <v lem="anar" mood="indicative" num="p" person="3" pos="vaip3p0" postype="auxiliary" tense="present" wd="van"/>
              <v lem="intentar" lss="A21.transitive-agentive-patient" mood="infinitive" pos="vmn0000" postype="main" wd="intentar"/>
            </grup.verb>
          </S>
          <conj conjunctiontype="coordinating">
            <c lem="i" pos="cc" postype="coordinating" wd="i"/>
          </conj>
          <S clausetype="completive">
            <sn arg="arg0" elliptic="yes" func="suj" tem="agt"/>
            <grup.verb>
              <v lem="anar" mood="indicative" num="p" person="3" pos="vaip3p0" postype="auxiliary" tense="present" wd="van"/>
              <v lem="arribar" mood="infinitive" pos="vmn0000" postype="main" wd="arribar"/>
              <s lem="a" pos="sps00" postype="preposition" wd="a"/>
              <infinitiu>
                <v lem="obtenir" lss="A34.ditransitive-patient-theme" mood="infinitive" pos="vmn0000" postype="main" wd="obtenir"/>
              </infinitiu>
            </grup.verb>
          </S>
        </S>
        <sn adjunct="yes" arg="arg1" complex="yes" func="cd" tem="pat">
          <spec gen="m" num="s">
            <d gen="m" lem="un" num="s" pos="di0ms0" postype="indefinite" wd="un"/>
          </spec>
          <grup.nom coord="yes">
            <grup.nom coord="yes">
              <grup.nom gen="m" num="s">
                <n gen="m" lem="avantatge" num="s" pos="ncms000" postype="common" sense="16:04016440" wd="avantatge"/>
              </grup.nom>
              <conj conjunctiontype="coordinating">
                <c lem="o" pos="cc" postype="coordinating" wd="o"/>
              </conj>
              <grup.nom gen="m" num="s">
                <n gen="m" lem="interès" num="s" pos="ncms000" postype="common" sense="16:04019795" wd="interès"/>
              </grup.nom>
            </grup.nom>
            <s.a adjunct="yes" gen="m" num="s">
              <grup.a gen="m" num="s">
                <a gen="m" lem="privat" num="s" pos="aq0msp" posfunction="participle" postype="qualificative" wd="privat"/>
              </grup.a>
            </s.a>
          </grup.nom>
        </sn>
      </S>
    </S>
    <f lem="'" pos="fz" punct="mathsign" wd="'"/>
    <f lem="." pos="fp" punct="period" wd="."/>
  </sentence>
  <sentence coord="yes">
    <sp adjunct="yes" func="ao">
      <prep>
        <s contracted="yes" gen="m" lem="pel_que_fa_al" num="s" pos="spcms" postype="preposition" wd="Pel_que_fa_al"/>
      </prep>
      <sn>
        <grup.nom gen="m" num="s">
          <n gen="m" lem="coneixement" num="s" pos="ncms000" postype="common" sense="16:04387608" wd="coneixement"/>
          <sp>
            <prep>
              <s lem="de" pos="sps00" postype="preposition" wd="de"/>
            </prep>
            <sn>
              <spec gen="f" num="s">
                <d gen="f" lem="el" num="s" pos="da0fs0" postype="article" wd="la"/>
              </spec>
              <grup.nom gen="f" num="s">
                <n gen="f" lem="il·licitud" num="s" pos="ncfs000" postype="common" sense="16:cs1" wd="il·licitud"/>
                <sp>
                  <prep>
                    <s lem="de" pos="sps00" postype="preposition" wd="de"/>
                  </prep>
                  <sn>
                    <spec gen="f" num="s">
                      <d gen="f" lem="el_seu" num="s" person="3" pos="dp3fs0" postype="possessive" wd="la_seva"/>
                    </spec>
                    <grup.nom gen="f" num="s">
                      <n gen="f" lem="acció" num="s" pos="ncfs000" postype="common" sense="16:00017487" wd="acció"/>
                    </grup.nom>
                  </sn>
                </sp>
              </grup.nom>
            </sn>
          </sp>
        </grup.nom>
      </sn>
      <f lem="," pos="fc" punct="comma" wd=","/>
    </sp>
    <S coord="yes">
      <S>
        <sn arg="arg0" func="suj" tem="agt">
          <spec gen="m" num="s">
            <d gen="c" lem="el" num="s" pos="da0cs0" postype="article" wd="l'"/>
          </spec>
          <grup.nom gen="m" num="s">
            <s.a gen="m" num="s">
              <grup.a gen="m" num="s">
                <a gen="m" lem="alt" num="s" pos="aq0ms0" postype="qualificative" wd="alt"/>
              </grup.a>
            </s.a>
            <n gen="m" lem="tribunal" num="s" pos="ncms000" postype="common" sense="16:02912496" wd="tribunal"/>
          </grup.nom>
        </sn>
        <grup.verb>
          <v lem="sostenir" lss="A21.transitive-agentive-patient" mood="indicative" num="s" person="3" pos="vmip3s0" postype="main" tense="present" wd="sosté"/>
        </grup.verb>
        <S arg="arg1" clausetype="completive" func="cd" tem="pat">
          <conj conjunctiontype="subordinating">
            <c lem="que" pos="cs" postype="subordinating" wd="que"/>
          </conj>
          <f lem="'" pos="fz" punct="mathsign" wd="'"/>
          <grup.verb>
            <v lem="ser" lss="C21.state-attributive" mood="indicative" num="s" person="3" pos="vmip3s0" postype="main" tense="present" wd="és"/>
          </grup.verb>
          <sa arg="arg2" func="atr" tem="atr">
            <grup.a>
              <a gen="c" lem="evident" num="s" pos="aq0cs0" postype="qualificative" wd="evident"/>
            </grup.a>
          </sa>
          <S arg="arg1" clausetype="completive" func="suj" tem="tem">
            <conj conjunctiontype="subordinating">
              <c lem="que" pos="cs" postype="subordinating" wd="que"/>
            </conj>
            <sn arg="arg1" elliptic="yes" func="suj" tem="tem"/>
            <grup.verb>
              <v lem="ser" lss="C21.state-attributive" mood="indicative" num="p" person="3" pos="vmip3p0" postype="main" tense="present" wd="són"/>
            </grup.verb>
            <sn arg="arg2" func="atr" tem="atr">
              <grup.nom gen="m" num="p">
                <n gen="m" lem="universitari" num="p" pos="ncmp000" postype="common" sense="16:07165993" wd="universitaris"/>
                <sp>
                  <f lem="," pos="fc" punct="comma" wd=","/>
                  <prep>
                    <s lem="amb" pos="sps00" postype="preposition" wd="amb"/>
                  </prep>
                  <sn>
                    <spec gen="m" num="s">
                      <d gen="m" lem="un" num="s" pos="di0ms0" postype="indefinite" wd="un"/>
                    </spec>
                    <grup.nom gen="m" num="s">
                      <n gen="m" lem="estàndard" num="s" pos="ncms000" postype="common" sense="16:05418696" wd="estàndard"/>
                      <sp>
                        <prep>
                          <s lem="de" pos="sps00" postype="preposition" wd="de"/>
                        </prep>
                        <sn>
                          <grup.nom gen="m" num="p">
                            <n gen="m" lem="coneixement" num="p" pos="ncmp000" postype="common" sense="16:00013243" wd="coneixements"/>
                          </grup.nom>
                        </sn>
                      </sp>
                      <sp>
                        <prep>
                          <s lem="d'_acord_amb" pos="sps00" postype="preposition" wd="d'_acord_amb"/>
                        </prep>
                        <sn>
                          <spec gen="f" num="s">
                            <d gen="f" lem="el_seu" num="s" person="3" pos="dp3fs0" postype="possessive" wd="la_seva"/>
                          </spec>
                          <grup.nom gen="f" num="s">
                            <n gen="f" lem="especialitat" num="s" pos="ncfs000" postype="common" sense="16:00382821" wd="especialitat"/>
                          </grup.nom>
                        </sn>
                      </sp>
                    </grup.nom>
                  </sn>
                </sp>
              </grup.nom>
            </sn>
          </S>
          <f lem="'" pos="fz" punct="mathsign" wd="'"/>
        </S>
      </S>
      <conj conjunctiontype="coordinating">
        <c lem="i" pos="cc" postype="coordinating" wd="i"/>
      </conj>
      <S>
        <sn arg="arg0" elliptic="yes" func="suj" tem="agt"/>
        <grup.verb>
          <v lem="afegir" lss="A21.transitive-agentive-patient" mood="indicative" num="s" person="3" pos="vmip3s0" postype="main" tense="present" wd="afegeix"/>
        </grup.verb>
        <S arg="arg1" clausetype="completive" func="cd" tem="pat">
          <conj conjunctiontype="subordinating">
            <c lem="que" pos="cs" postype="subordinating" wd="que"/>
          </conj>
          <f lem="'" pos="fz" punct="mathsign" wd="'"/>
          <sp arg="argM" func="cc" tem="loc">
            <prep>
              <s lem="des_de" pos="sps00" postype="preposition" wd="des_d'"/>
            </prep>
            <sn>
              <spec gen="f" num="s">
                <d gen="f" lem="aquest" num="s" pos="dd0fs0" postype="demonstrative" wd="aquesta"/>
              </spec>
              <grup.nom gen="f" num="s">
                <n gen="f" lem="realitat" num="s" pos="ncfs000" postype="common" sense="16:10055199" wd="realitat"/>
              </grup.nom>
            </sn>
          </sp>
          <neg func="mod">
            <r lem="no" pos="rn" postype="negative" wd="no"/>
          </neg>
          <grup.verb>
            <v lem="ser" lss="C21.state-attributive" mood="indicative" num="s" person="3" pos="vmip3s0" postype="main" tense="present" wd="és"/>
          </grup.verb>
          <sa arg="arg2" func="atr" tem="atr">
            <grup.a>
              <a gen="c" lem="acceptable" num="s" pos="aq0cs0" postype="qualificative" wd="acceptable"/>
            </grup.a>
          </sa>
          <S arg="arg1" clausetype="completive" func="suj" impersonal="yes" tem="tem">
            <infinitiu>
              <v lem="defensar" lss="A21.transitive-agentive-patient" mood="infinitive" pos="vmn0000" postype="main" wd="defensar"/>
            </infinitiu>
            <S clausetype="completive">
              <conj conjunctiontype="subordinating">
                <c lem="que" pos="cs" postype="subordinating" wd="que"/>
              </conj>
              <sn arg="arg1" elliptic="yes" func="suj" tem="tem"/>
              <neg func="mod">
                <r lem="no" pos="rn" postype="negative" wd="no"/>
              </neg>
              <grup.verb>
                <v lem="tenir" lss="C21.state-attributive" mood="indicative" num="p" person="3" pos="vmii3p0" postype="main" tense="imperfect" wd="tenien"/>
              </grup.verb>
              <sn arg="arg2" func="cd" functype="quantitative" tem="atr">
                <spec gen="f" num="s">
                  <d gen="f" lem="el" num="s" pos="da0fs0" postype="article" wd="la"/>
                </spec>
                <grup.nom gen="f" num="s">
                  <n gen="f" lem="consciència" num="s" pos="ncfs000" postype="common" sense="16:04387608" wd="consciència"/>
                  <sp>
                    <prep>
                      <s lem="de" pos="sps00" postype="preposition" wd="de"/>
                    </prep>
                    <sn>
                      <spec gen="f" num="s">
                        <d gen="f" lem="el" num="s" pos="da0fs0" postype="article" wd="la"/>
                      </spec>
                      <grup.nom gen="f" num="s">
                        <n gen="f" lem="il·licitud" num="s" pos="ncfs000" postype="common" sense="16:cs1" wd="il·licitud"/>
                        <sp>
                          <prep>
                            <s lem="de" pos="sps00" postype="preposition" wd="de"/>
                          </prep>
                          <sn>
                            <spec gen="f" num="s">
                              <d gen="f" lem="el_seu" num="s" person="3" pos="dp3fs0" postype="possessive" wd="la_seva"/>
                            </spec>
                            <grup.nom gen="f" num="s">
                              <n gen="f" lem="acció" num="s" pos="ncfs000" postype="common" sense="16:00017487" wd="acció"/>
                            </grup.nom>
                          </sn>
                        </sp>
                      </grup.nom>
                    </sn>
                  </sp>
                </grup.nom>
              </sn>
            </S>
          </S>
          <S arg="argM" clausetype="adverbial" func="cc" tem="cau">
            <f lem="," pos="fc" punct="comma" wd=","/>
            <conj conjunctiontype="subordinating">
              <c lem="ja_que" pos="cs" postype="subordinating" wd="ja_que"/>
            </conj>
            <sn arg="arg1" func="suj" tem="tem">
              <grup.nom gen="m" num="s">
                <p gen="c" lem="això" num="s" pos="pd0ns000" postype="demonstrative" wd="això"/>
              </grup.nom>
            </sn>
            <grup.verb>
              <v lem="formar_part" lss="C21.state-attributive" mood="indicative" num="s" person="3" pos="vmip3s0" postype="main" tense="present" wd="forma_part"/>
            </grup.verb>
            <sp arg="arg2" func="creg" tem="atr">
              <prep>
                <s contracted="yes" gen="m" lem="del" num="s" pos="spcms" postype="preposition" wd="del"/>
              </prep>
              <sn>
                <grup.nom gen="m" num="s">
                  <n gen="m" lem="nivell" num="s" pos="ncms000" postype="common" sense="16:03973686" wd="nivell"/>
                  <s.a gen="m" num="s">
                    <grup.a gen="m" num="s">
                      <a gen="m" lem="mitjà" num="s" pos="aq0ms0" postype="qualificative" wd="mitjà"/>
                    </grup.a>
                  </s.a>
                  <sp>
                    <prep>
                      <s lem="de" pos="sps00" postype="preposition" wd="de"/>
                    </prep>
                    <sn complex="yes">
                      <grup.nom coord="yes">
                        <grup.nom coord="yes">
                          <grup.nom gen="m" num="p">
                            <n gen="m" lem="coneixement" num="p" pos="ncmp000" postype="common" sense="16:00013243" wd="coneixements"/>
                          </grup.nom>
                          <conj conjunctiontype="coordinating">
                            <c lem="i" pos="cc" postype="coordinating" wd="i"/>
                          </conj>
                          <grup.nom gen="f" num="p">
                            <n gen="f" lem="sensibilitat" num="p" pos="ncfp000" postype="common" sense="16:04389192" wd="sensibilitats"/>
                          </grup.nom>
                        </grup.nom>
                        <S adjunct="yes" clausetype="participle" impersonal="yes">
                          <participi>
                            <a gen="f" lem="atribuït" lss="B11.unaccusative-motion" num="p" pos="aq0fpp" posfunction="participle" postype="qualificative" wd="atribuïdes"/>
                          </participi>
                          <sp arg="arg1" func="creg" tem="tem">
                            <prep>
                              <s lem="a" pos="sps00" postype="preposition" wd="a"/>
                            </prep>
                            <sn>
                              <spec gen="f" num="s">
                                <d gen="f" lem="el" num="s" pos="da0fs0" postype="article" wd="la"/>
                              </spec>
                              <grup.nom gen="f" num="s">
                                <n gen="f" lem="generalitat" num="s" pos="ncfs000" postype="common" sense="16:03741468" wd="generalitat"/>
                                <sp>
                                  <prep>
                                    <s lem="de" pos="sps00" postype="preposition" wd="de"/>
                                  </prep>
                                  <sn>
                                    <grup.nom gen="f" num="p">
                                      <n gen="f" lem="persona" num="p" pos="ncfp000" postype="common" sense="16:00004123" wd="persones"/>
                                      <S clausetype="relative">
                                        <relatiu arg="arg1" func="suj" tem="tem">
                                          <p gen="c" lem="que" num="c" pos="pr0cn000" postype="relative" wd="que"/>
                                        </relatiu>
                                        <grup.verb>
                                          <v lem="estar" lss="C11.state-existential" mood="indicative" num="p" person="3" pos="vmip3p0" postype="main" tense="present" wd="estan"/>
                                        </grup.verb>
                                        <sp arg="arg2" func="creg" tem="loc">
                                          <prep>
                                            <s lem="en" pos="sps00" postype="preposition" wd="en"/>
                                          </prep>
                                          <sn>
                                            <spec gen="f" num="s">
                                              <d gen="f" lem="aquest" num="s" pos="dd0fs0" postype="demonstrative" wd="aquesta"/>
                                            </spec>
                                            <grup.nom gen="f" num="s">
                                              <n gen="f" lem="situació" num="s" pos="ncfs000" postype="common" sense="16:10035141" wd="situació"/>
                                            </grup.nom>
                                          </sn>
                                        </sp>
                                      </S>
                                    </grup.nom>
                                  </sn>
                                </sp>
                              </grup.nom>
                            </sn>
                          </sp>
                        </S>
                      </grup.nom>
                    </sn>
                  </sp>
                </grup.nom>
              </sn>
            </sp>
          </S>
          <f lem="'" pos="fz" punct="mathsign" wd="'"/>
        </S>
      </S>
    </S>
    <f lem="." pos="fp" punct="period" wd="."/>
  </sentence>
  <sentence>
    <sp func="et">
      <prep>
        <s lem="de" pos="sps00" postype="preposition" wd="D'"/>
      </prep>
      <sn>
        <spec gen="f" num="s">
          <d gen="f" lem="altre" num="s" pos="di0fs0" postype="indefinite" wd="altra"/>
        </spec>
        <grup.nom gen="f" num="s">
          <n gen="f" lem="banda" num="s" pos="ncfs000" postype="common" sense="16:04505974" wd="banda"/>
        </grup.nom>
      </sn>
      <f lem="," pos="fc" punct="comma" wd=","/>
    </sp>
    <sn arg="arg0" entityref="ne" func="suj" ne="organization" tem="agt">
      <spec gen="m" num="s">
        <d gen="m" lem="el" num="s" pos="da0ms0" postype="article" wd="el"/>
      </spec>
      <grup.nom gen="m" num="s">
        <n lem="Suprem" ne="organization" pos="np0000o" postype="proper" sense="16:cs1" wd="Suprem"/>
      </grup.nom>
    </sn>
    <grup.verb>
      <v lem="entendre" lss="A21.transitive-agentive-patient" mood="indicative" num="s" person="3" pos="vmip3s0" postype="main" tense="present" wd="entén"/>
    </grup.verb>
    <S arg="arg1" clausetype="completive" func="cd" tem="pat">
      <conj conjunctiontype="subordinating">
        <c lem="que" pos="cs" postype="subordinating" wd="que"/>
      </conj>
      <neg func="mod">
        <r lem="no" pos="rn" postype="negative" wd="no"/>
      </neg>
      <grup.verb>
        <v lem="ser" lss="C21.state-attributive" mood="indicative" num="s" person="3" pos="vmip3s0" postype="main" tense="present" wd="és"/>
      </grup.verb>
      <sa arg="arg2" func="atr" tem="atr">
        <grup.a>
          <a gen="c" lem="acceptable" num="s" pos="aq0cs0" postype="qualificative" wd="acceptable"/>
        </grup.a>
      </sa>
      <S arg="arg1" clausetype="completive" func="suj" tem="tem">
        <conj conjunctiontype="subordinating">
          <c lem="que" pos="cs" postype="subordinating" wd="que"/>
        </conj>
        <sn arg="arg0" func="suj" tem="agt">
          <spec gen="m" num="p">
            <d gen="m" lem="el" num="p" pos="da0mp0" postype="article" wd="els"/>
          </spec>
          <grup.nom gen="m" num="p">
            <n gen="c" lem="recurrent" num="p" pos="nccp000" postype="common" sense="16:07079960" wd="recurrents"/>
          </grup.nom>
        </sn>
        <grup.verb>
          <v lem="desconèixer" lss="A21.transitive-agentive-patient" mood="subjunctive" num="p" person="3" pos="vmsi3p0" postype="main" tense="imperfect" wd="desconeguessin"/>
        </grup.verb>
        <sn arg="arg1" func="cd" tem="pat">
          <spec gen="f" num="s">
            <d gen="f" lem="el" num="s" pos="da0fs0" postype="article" wd="la"/>
          </spec>
          <grup.nom gen="f" num="s">
            <n gen="f" lem="normativa" num="s" pos="ncfs000" postype="common" sense="16:cs1" wd="normativa"/>
          </grup.nom>
        </sn>
      </S>
    </S>
    <sp arg="argM" func="cc" tem="cau">
      <f lem="," pos="fc" punct="comma" wd=","/>
      <prep>
        <s lem="per" pos="sps00" postype="preposition" wd="per"/>
      </prep>
      <sn>
        <spec gen="f" num="s">
          <d gen="f" lem="el_seu" num="s" person="3" pos="dp3fs0" postype="possessive" wd="la_seva"/>
        </spec>
        <sn complex="yes">
          <grup.nom coord="yes">
            <grup.nom gen="f" num="s">
              <n gen="f" lem="professió" num="s" pos="ncfs000" postype="common" sense="16:00399744" wd="professió"/>
            </grup.nom>
            <conj conjunctiontype="coordinating">
              <c lem="i" pos="cc" postype="coordinating" wd="i"/>
            </conj>
            <grup.nom gen="f" num="s">
              <n gen="f" lem="condició" num="s" pos="ncfs000" postype="common" sense="16:10049911" wd="condició"/>
              <sp>
                <prep>
                  <s lem="de" pos="sps00" postype="preposition" wd="de"/>
                </prep>
                <sn>
                  <grup.nom gen="m" num="p">
                    <n gen="m" lem="funcionari" num="p" pos="ncmp000" postype="common" sense="16:07440234" wd="funcionaris"/>
                    <s.a gen="m" num="p">
                      <grup.a gen="m" num="p">
                        <a gen="m" lem="públic" num="p" pos="aq0mp0" postype="qualificative" wd="públics"/>
                      </grup.a>
                    </s.a>
                    <sp>
                      <prep>
                        <s lem="de" pos="sps00" postype="preposition" wd="de"/>
                      </prep>
                      <sn>
                        <spec gen="f" num="s">
                          <d gen="f" lem="el" num="s" pos="da0fs0" postype="article" wd="la"/>
                        </spec>
                        <grup.nom gen="f" num="s">
                          <n lem="Generalitat" ne="organization" pos="np0000o" postype="proper" sense="16:cs1" wd="Generalitat"/>
                        </grup.nom>
                      </sn>
                    </sp>
                  </grup.nom>
                </sn>
              </sp>
            </grup.nom>
          </grup.nom>
        </sn>
      </sn>
    </sp>
    <f lem="." pos="fp" punct="period" wd="."/>
  </sentence>
</article>
