<?xml version="1.0" encoding="UTF-8"?>
<!-- 

  ancora-2.0
       
			Copyright (C) 2007, 2008, 2009, 2010, 2011 UB - CLiC
			Centre de Llenguatge i Computació - Universitat de Barcelona
 
  This file is part of ancora-2.0.
 
  ancora-2.0 is free software and data: you can redistribute it and/or modify
  it under the terms of the GNU General Public License as published
  by the Free Software Foundation, either version 3 of the License,
  or (at your option) any later version.

  ancora-2.0 is distributed in the hope that it will be useful,
  but WITHOUT ANY WARRANTY; without even the implied warranty of
  MERCHANTABILITY or FITNESS FOR A PARTICULAR PURPOSE.  See the
  GNU General Public License for more details.
 
  You should have received a copy of the GNU General Public License
  along with ancora-2.0.  If not, see &lt;http://www.gnu.org/licenses/&gt;.
 
  Check a text in catalan explaining the terms of the license at http://www.softcatala.cat/wiki/GPL3.
  In spanish at http://www.viti.es/gnu/licenses/gpl.html
 

  The following paper must be cited when using this corpus:

 * Taulé, M., M.A. Martí, M. Recasens (2008) 'Ancora: Multilevel Annotated Corpora for Catalan and Spanish',
   Proceedings of 6th International Conference on Language Resources and Evaluation. Marrakesh (Morocco).

  In addition, the following paper must be cited if coreference information (attributes entity, coreftype,
  corefsubtype, homophoricDD or entityref) is used:

 * Recasens, Marta, M. Antònia Martí (2010) ‘AnCora-CO: Coreferentially annotated corpora for Spanish and
   Catalan’. Language Resources and Evaluation, Springer Science.

  Additionally, the following paper must be cited when argumental attributes in "sn" or "grup.nom"
  (attributes func, arg, tem or lexicalid) are used:

 * Peris, Aina, Mariona Taulé, Horacio Rodríguez (2010) ‘Semantic Annotation of Deverbal Nominalizations in the
   Spanish AnCora corpus’. Treebanks and Linguistic Theories (TLT-2010), Estonia.
-->
<article lng="ca">
  <sentence>
    <sn arg="arg0" func="suj" tem="agt">
      <spec gen="f" num="s">
        <d gen="c" lem="el" num="s" pos="da0cs0" postype="article" wd="L'"/>
      </spec>
      <grup.nom gen="f" num="s">
        <n gen="f" lem="exposició" num="s" pos="ncfs000" postype="common" sense="16:06217283" wd="exposició"/>
        <S clausetype="relative">
          <relatiu arg="arg2" func="cd" functype="quantitative" tem="atr">
            <p gen="c" lem="que" num="c" pos="pr0cn000" postype="relative" wd="que"/>
          </relatiu>
          <grup.verb>
            <v lem="albergar" lss="C21.state-attributive" mood="indicative" num="s" person="3" pos="vmip3s0" postype="main" tense="present" wd="alberga"/>
          </grup.verb>
          <sn arg="arg1" entityref="ne" func="suj" ne="organization" tem="tem">
            <spec gen="m" num="s">
              <d gen="m" lem="el" num="s" pos="da0ms0" postype="article" wd="el"/>
            </spec>
            <grup.nom gen="m" num="s">
              <n lem="Museu_d'_Història_de_Catalunya" ne="organization" pos="np0000o" postype="proper" sense="16:cs1" wd="Museu_d'_Història_de_Catalunya"/>
              <sn entityref="ne" ne="organization">
                <grup.nom gen="m" num="s">
                  <f lem="(" pos="fpa" punct="bracket" punctenclose="open" wd="("/>
                  <n lem="MHC" ne="organization" pos="np0000o" postype="proper" sense="16:cs1" wd="MHC"/>
                  <f lem=")" pos="fpt" punct="bracket" punctenclose="close" wd=")"/>
                </grup.nom>
              </sn>
            </grup.nom>
          </sn>
        </S>
        <sn entityref="ne" ne="other">
          <f lem="," pos="fc" punct="comma" wd=","/>
          <grup.nom>
            <f lem="'" pos="fz" punct="mathsign" wd="'"/>
            <n lem="Eivissa_._Patrimoni_de_la_Humanitat" ne="other" pos="np0000a" postype="proper" sense="16:cs1" wd="Eivissa_._Patrimoni_de_la_Humanitat"/>
            <f lem="'" pos="fz" punct="mathsign" wd="'"/>
          </grup.nom>
          <f lem="," pos="fc" punct="comma" wd=","/>
        </sn>
      </grup.nom>
    </sn>
    <grup.verb>
      <v lem="explicar" lss="A32.ditransitive-patient-benefactive" mood="indicative" num="s" person="3" pos="vmip3s0" postype="main" tense="present" wd="explica"/>
    </grup.verb>
    <S arg="arg1" clausetype="completive" func="cd" tem="pat">
      <sp arg="argM" func="cc" tem="cau">
        <prep>
          <s lem="per" pos="sps00" postype="preposition" wd="per"/>
        </prep>
        <sn>
          <grup.nom num="s">
            <p gen="c" lem="què" num="s" pos="pt0cs000" postype="interrogative" wd="què"/>
          </grup.nom>
        </sn>
      </sp>
      <sn arg="arg1" entityref="ne" func="suj" ne="location" tem="pat">
        <spec gen="f" num="s">
          <d gen="c" lem="el" num="s" pos="da0cs0" postype="article" wd="l'"/>
        </spec>
        <grup.nom gen="f" num="s">
          <n gen="f" lem="illa" num="s" pos="ncfs000" postype="common" sense="16:06741251" wd="illa"/>
          <sp>
            <prep>
              <s lem="de" pos="sps00" postype="preposition" wd="d'"/>
            </prep>
            <sn entityref="ne" ne="location">
              <grup.nom>
                <n lem="Eivissa" ne="location" pos="np0000l" postype="proper" sense="16:cs1" wd="Eivissa"/>
              </grup.nom>
            </sn>
          </sp>
        </grup.nom>
      </sn>
      <grup.verb>
        <v lem="anar" mood="indicative" num="s" person="3" pos="vaip3s0" postype="auxiliary" tense="present" wd="va"/>
        <v lem="ser" mood="infinitive" pos="vsn0000" postype="semiauxiliary" wd="ser"/>
        <v gen="f" lem="declarar" lss="B22.unaccusative-passive-transitive" mood="participle" num="s" pos="vmp00sf" postype="main" wd="declarada"/>
      </grup.verb>
      <sn arg="arg2" entityref="ne" func="cpred" ne="other" predicate="suj" tem="atr">
        <grup.nom>
          <n lem="Patrimoni_Mundial_de_la_Humanitat" ne="other" pos="np0000a" postype="proper" sense="16:cs1" wd="Patrimoni_Mundial_de_la_Humanitat"/>
        </grup.nom>
      </sn>
      <sp arg="arg0" func="cag" tem="agt">
        <prep>
          <s lem="per" pos="sps00" postype="preposition" wd="per"/>
        </prep>
        <sn entityref="ne" ne="organization">
          <spec gen="f" num="s">
            <d gen="f" lem="el" num="s" pos="da0fs0" postype="article" wd="la"/>
          </spec>
          <grup.nom gen="f" num="s">
            <n lem="Unesco" ne="organization" pos="np0000o" postype="proper" sense="16:cs1" wd="Unesco"/>
          </grup.nom>
        </sn>
      </sp>
      <sn arg="argM" entityref="ne" func="cc" ne="date" tem="tmp">
        <spec gen="m" num="s">
          <d gen="m" lem="el" num="s" pos="da0ms0" postype="article" wd="el"/>
        </spec>
        <grup.nom gen="m" num="s">
          <w lem="[??:??/??/1999:??.??]" ne="date" wd="1999"/>
        </grup.nom>
      </sn>
      <sp arg="argM" func="cc" tem="loc">
        <prep>
          <s lem="a" pos="sps00" postype="preposition" wd="a"/>
        </prep>
        <sn entityref="ne" ne="location">
          <grup.nom>
            <n lem="Marràqueix" ne="location" pos="np0000l" postype="proper" sense="16:cs1" wd="Marràqueix"/>
          </grup.nom>
        </sn>
      </sp>
    </S>
    <f lem="." pos="fp" punct="period" wd="."/>
  </sentence>
  <sentence>
    <sp arg="argM" func="cc" tem="adv">
      <prep>
        <s lem="mitjançant" pos="sps00" postype="preposition" wd="Mitjançant"/>
      </prep>
      <sn complex="yes">
        <grup.nom coord="yes">
          <grup.nom gen="f" num="p">
            <n gen="f" lem="fotografia" num="p" pos="ncfp000" postype="common" sense="16:03113185" wd="fotografies"/>
          </grup.nom>
          <f lem="," pos="fc" punct="comma" wd=","/>
          <grup.nom gen="m" num="p">
            <n gen="m" lem="text" num="p" pos="ncmp000" postype="common" sense="16:04799150" wd="textos"/>
          </grup.nom>
          <f lem="," pos="fc" punct="comma" wd=","/>
          <grup.nom gen="f" num="p">
            <n gen="f" lem="cita" num="p" pos="ncfp000" postype="common" sense="16:04960176" wd="cites"/>
            <s.a gen="f" num="p">
              <grup.a gen="f" num="p">
                <a gen="f" lem="literari" num="p" pos="aq0fp0" postype="qualificative" wd="literàries"/>
              </grup.a>
            </s.a>
          </grup.nom>
          <conj conjunctiontype="coordinating">
            <c lem="i" pos="cc" postype="coordinating" wd="i"/>
          </conj>
          <grup.nom gen="f" num="p">
            <n gen="f" lem="maqueta" num="p" pos="ncfp000" postype="common" sense="16:03007435" wd="maquetes"/>
          </grup.nom>
        </grup.nom>
      </sn>
      <f lem="," pos="fc" punct="comma" wd=","/>
    </sp>
    <morfema.verbal func="pass">
      <p gen="c" lem="es" num="c" pos="p0000000" wd="es"/>
    </morfema.verbal>
    <grup.verb>
      <v lem="fer" lss="B22.unaccusative-passive-transitive" mood="indicative" num="s" person="3" pos="vmip3s0" postype="main" tense="present" wd="fa"/>
    </grup.verb>
    <sa arg="arg2" func="cpred" predicate="suj" tem="atr">
      <grup.a>
        <a gen="f" lem="palès" num="s" pos="aq0fs0" postype="qualificative" wd="palesa"/>
      </grup.a>
    </sa>
    <sn arg="arg1" func="suj" tem="pat">
      <f lem="'" pos="fz" punct="mathsign" wd="'"/>
      <spec gen="f" num="s">
        <d gen="f" lem="el" num="s" pos="da0fs0" postype="article" wd="la"/>
      </spec>
      <grup.nom gen="f" num="s">
        <s.a gen="f" num="s">
          <grup.a gen="f" num="s">
            <a gen="c" lem="gran" num="s" pos="aq0cs0" postype="qualificative" wd="gran"/>
          </grup.a>
        </s.a>
        <n gen="f" lem="riquesa" num="s" pos="ncfs000" postype="common" sense="16:03987430" wd="riquesa"/>
        <s.a coord="yes" gen="f" num="s">
          <s.a gen="f" num="s">
            <grup.a gen="f" num="s">
              <a gen="c" lem="cultural" num="s" pos="aq0cs0" postype="qualificative" wd="cultural"/>
            </grup.a>
          </s.a>
          <f lem="," pos="fc" punct="comma" wd=","/>
          <s.a gen="f" num="s">
            <grup.a gen="f" num="s">
              <a gen="f" lem="ecològic" num="s" pos="aq0fs0" postype="qualificative" wd="ecològica"/>
            </grup.a>
          </s.a>
          <conj conjunctiontype="coordinating">
            <c lem="i" pos="cc" postype="coordinating" wd="i"/>
          </conj>
          <s.a gen="f" num="s">
            <grup.a gen="f" num="s">
              <a gen="f" lem="històric" num="s" pos="aq0fs0" postype="qualificative" wd="històrica"/>
            </grup.a>
          </s.a>
        </s.a>
        <sp>
          <prep>
            <s lem="de" pos="sps00" postype="preposition" wd="d'"/>
          </prep>
          <sn entityref="ne" ne="location">
            <grup.nom>
              <n lem="Eivissa" ne="location" pos="np0000l" postype="proper" sense="16:cs1" wd="Eivissa"/>
            </grup.nom>
          </sn>
        </sp>
      </grup.nom>
      <f lem="'" pos="fz" punct="mathsign" wd="'"/>
    </sn>
    <f lem="." pos="fp" punct="period" wd="."/>
  </sentence>
  <sentence>
    <sp arg="argM" func="cc" tem="loc">
      <prep>
        <s lem="a" pos="sps00" postype="preposition" wd="A"/>
      </prep>
      <sn>
        <spec gen="m" num="s">
          <d gen="c" lem="el" num="s" pos="da0cs0" postype="article" wd="l'"/>
        </spec>
        <grup.nom gen="m" num="s">
          <n gen="m" lem="acte" num="s" pos="ncms000" postype="common" sense="16:00017487" wd="acte"/>
          <sp>
            <prep>
              <s lem="de" pos="sps00" postype="preposition" wd="d'"/>
            </prep>
            <sn>
              <grup.nom gen="f" num="s">
                <n gen="f" lem="inauguració" num="s" pos="ncfs000" postype="common" sense="16:05540966" wd="inauguració"/>
              </grup.nom>
            </sn>
          </sp>
        </grup.nom>
      </sn>
      <f lem="," pos="fc" punct="comma" wd=","/>
    </sp>
    <sn arg="arg0" entityref="ne" func="suj" ne="person" tem="agt">
      <spec gen="m" num="s">
        <d gen="c" lem="el" num="s" pos="da0cs0" postype="article" wd="l'"/>
      </spec>
      <grup.nom gen="m" num="s">
        <n gen="m" lem="alcalde" num="s" pos="ncms000" postype="common" sense="16:07401898" wd="alcalde"/>
        <sp>
          <prep>
            <s lem="de" pos="sps00" postype="preposition" wd="de"/>
          </prep>
          <sn entityref="ne" ne="location">
            <spec gen="f" num="s">
              <d gen="f" lem="el" num="s" pos="da0fs0" postype="article" wd="la"/>
            </spec>
            <grup.nom gen="f" num="s">
              <n gen="f" lem="ciutat" num="s" pos="ncfs000" postype="common" sense="16:06287351" wd="ciutat"/>
              <sp>
                <prep>
                  <s lem="de" pos="sps00" postype="preposition" wd="d'"/>
                </prep>
                <sn entityref="ne" ne="location">
                  <grup.nom>
                    <n lem="Evissa" ne="location" pos="np0000l" postype="proper" sense="16:cs1" wd="Evissa"/>
                  </grup.nom>
                </sn>
              </sp>
            </grup.nom>
          </sn>
        </sp>
        <sn entityref="ne" ne="person">
          <f lem="," pos="fc" punct="comma" wd=","/>
          <grup.nom gen="m" num="s">
            <n lem="Xico_Tarrés" ne="person" pos="np0000p" postype="proper" sense="16:cs1" wd="Xico_Tarrés"/>
          </grup.nom>
          <f lem="," pos="fc" punct="comma" wd=","/>
        </sn>
      </grup.nom>
    </sn>
    <grup.verb>
      <v lem="anar" mood="indicative" num="s" person="3" pos="vaip3s0" postype="auxiliary" tense="present" wd="va"/>
      <v lem="posar_de_relleu" lss="A21.transitive-agentive-patient" mood="infinitive" pos="vmn0000" postype="main" wd="posar_de_relleu"/>
    </grup.verb>
    <S arg="arg1" clausetype="completive" func="cd" tem="pat">
      <conj conjunctiontype="subordinating">
        <c lem="que" pos="cs" postype="subordinating" wd="que"/>
      </conj>
      <neg func="mod">
        <r lem="no" pos="rn" postype="negative" wd="no"/>
      </neg>
      <grup.verb>
        <v lem="ser" lss="C21.state-attributive" mood="indicative" num="s" person="3" pos="vmii3s0" postype="main" tense="imperfect" wd="era"/>
      </grup.verb>
      <sa arg="arg2" func="atr" tem="atr">
        <grup.a>
          <a gen="m" lem="bo" num="s" pos="aq0ms0" postype="qualificative" wd="bo"/>
        </grup.a>
      </sa>
      <S arg="arg1" clausetype="completive" func="suj" impersonal="yes" tem="tem">
        <infinitiu>
          <v lem="limitar" lss="A34.ditransitive-patient-theme" mood="infinitive" pos="vmn0000" postype="main" wd="limitar"/>
        </infinitiu>
        <sn arg="arg1" func="cd" tem="pat">
          <spec gen="f" num="s">
            <d gen="f" lem="el" num="s" pos="da0fs0" postype="article" wd="la"/>
          </spec>
          <grup.nom gen="f" num="s">
            <n gen="f" lem="imatge" num="s" pos="ncfs000" postype="common" sense="16:04448372" wd="imatge"/>
            <sp>
              <prep>
                <s lem="de" pos="sps00" postype="preposition" wd="d'"/>
              </prep>
              <sn entityref="ne" ne="location">
                <grup.nom>
                  <n lem="Eivissa" ne="location" pos="np0000l" postype="proper" sense="16:cs1" wd="Eivissa"/>
                </grup.nom>
              </sn>
            </sp>
          </grup.nom>
        </sn>
        <sp arg="arg2" func="creg" tem="tem">
          <prep>
            <s lem="a" pos="sps00" postype="preposition" wd="a"/>
          </prep>
          <sn>
            <spec gen="f" num="s">
              <d gen="f" lem="un" num="s" pos="di0fs0" postype="indefinite" wd="una"/>
            </spec>
            <grup.nom gen="f" num="s">
              <s.a gen="f" num="s">
                <grup.a gen="f" num="s">
                  <a gen="f" lem="sol" num="s" pos="aq0fs0" postype="qualificative" wd="sola"/>
                </grup.a>
              </s.a>
              <n gen="f" lem="fotografia" num="s" pos="ncfs000" postype="common" sense="16:03113185" wd="fotografia"/>
              <sn>
                <f lem=":" pos="fd" punct="colon" wd=":"/>
                <spec gen="f" num="s">
                  <d gen="f" lem="el" num="s" pos="da0fs0" postype="article" wd="la"/>
                </spec>
                <grup.nom gen="f" num="s">
                  <sp>
                    <prep>
                      <s lem="de" pos="sps00" postype="preposition" wd="de"/>
                    </prep>
                    <sn complex="yes">
                      <grup.nom coord="yes">
                        <grup.nom gen="f" num="p">
                          <n gen="f" lem="discoteca" num="p" pos="ncfp000" postype="common" sense="16:02576333" wd="discoteques"/>
                        </grup.nom>
                        <f lem="," pos="fc" punct="comma" wd=","/>
                        <grup.nom gen="m" num="s">
                          <n gen="m" lem="sol" num="s" pos="ncms000" postype="common" sense="16:06765647" wd="sol"/>
                        </grup.nom>
                        <f lem="," pos="fc" punct="comma" wd=","/>
                        <grup.nom gen="f" num="s">
                          <n gen="f" lem="platja" num="s" pos="ncfs000" postype="common" sense="16:06739108" wd="platja"/>
                        </grup.nom>
                        <conj conjunctiontype="coordinating">
                          <c lem="i" pos="cc" postype="coordinating" wd="i"/>
                        </conj>
                        <grup.nom gen="f" num="s">
                          <n gen="f" lem="marxa" num="s" pos="ncfs000" postype="common" sense="16:cs1" wd="marxa"/>
                          <s.a gen="f" num="s">
                            <grup.a gen="f" num="s">
                              <a gen="f" lem="nocturn" num="s" pos="aq0fs0" postype="qualificative" wd="nocturna"/>
                            </grup.a>
                          </s.a>
                        </grup.nom>
                      </grup.nom>
                    </sn>
                  </sp>
                </grup.nom>
              </sn>
            </grup.nom>
          </sn>
        </sp>
      </S>
    </S>
    <f lem="." pos="fp" punct="period" wd="."/>
  </sentence>
  <sentence>
    <S arg="arg1" clausetype="completive" coord="yes" func="cd" tem="pat">
      <f lem="&quot;" pos="fe" punct="quotation" wd="&quot;"/>
      <S clausetype="completive">
        <sp arg="argM" func="cc" tem="loc">
          <prep>
            <s lem="a" pos="sps00" postype="preposition" wd="A"/>
          </prep>
          <sn entityref="ne" ne="location">
            <grup.nom>
              <n lem="Eivissa" ne="location" pos="np0000l" postype="proper" sense="16:cs1" wd="Eivissa"/>
            </grup.nom>
          </sn>
        </sp>
        <sn arg="arg1" elliptic="yes" func="suj" tem="tem"/>
        <grup.verb>
          <v lem="tenir" lss="C21.state-attributive" mood="indicative" num="p" person="1" pos="vmip1p0" postype="main" tense="present" wd="tenim"/>
        </grup.verb>
        <sn arg="arg2" func="cd" functype="quantitative" tem="atr">
          <spec gen="m" num="s">
            <d gen="m" lem="un" num="s" pos="dn0ms0" postype="numeral" wd="un"/>
          </spec>
          <grup.nom gen="m" num="s">
            <n gen="m" lem="patrimoni" num="s" pos="ncms000" postype="common" sense="16:cs3" wd="patrimoni"/>
            <s.a gen="m" num="s">
              <grup.a gen="m" num="s">
                <a gen="c" lem="cultural" num="s" pos="aq0cs0" postype="qualificative" wd="cultural"/>
              </grup.a>
            </s.a>
            <s.a gen="m" num="s">
              <grup.a gen="m" num="s">
                <a gen="m" lem="únic" num="s" pos="aq0ms0" postype="qualificative" wd="únic"/>
                <sp>
                  <prep>
                    <s contracted="yes" gen="m" lem="al" num="s" pos="spcms" postype="preposition" wd="al"/>
                  </prep>
                  <sn>
                    <grup.nom gen="m" num="s">
                      <n gen="m" lem="món" num="s" pos="ncms000" postype="common" sense="16:06753779" wd="món"/>
                    </grup.nom>
                  </sn>
                </sp>
              </grup.a>
            </s.a>
          </grup.nom>
        </sn>
      </S>
      <conj conjunctiontype="coordinating">
        <c lem="i" pos="cc" postype="coordinating" wd="i"/>
      </conj>
      <S clausetype="completive">
        <S arg="argM" clausetype="adverbial" func="cc" impersonal="yes" tem="adv">
          <gerundi>
            <v lem="veure" lss="A21.transitive-agentive-patient" mood="gerund" pos="vmg0000" postype="main" wd="veient"/>
          </gerundi>
          <sn arg="arg1" func="cd" tem="pat">
            <spec gen="f" num="s">
              <d gen="f" lem="aquest" num="s" pos="dd0fs0" postype="demonstrative" wd="aquesta"/>
            </spec>
            <grup.nom gen="f" num="s">
              <n gen="f" lem="exposició" num="s" pos="ncfs000" postype="common" sense="16:06217283" wd="exposició"/>
            </grup.nom>
          </sn>
        </S>
        <sn arg="arg1" elliptic="yes" func="suj" tem="tem"/>
        <grup.verb>
          <v lem="quedar" lss="C21.state-attributive" mood="indicative" num="s" person="3" pos="vmip3s0" postype="main" tense="present" wd="queda"/>
        </grup.verb>
        <S arg="arg2" clausetype="participle" func="cpred" impersonal="yes" predicate="suj" tem="atr">
          <participi>
            <a gen="m" lem="demostrat" num="s" pos="aq0msp" posfunction="participle" postype="qualificative" wd="demostrat"/>
          </participi>
        </S>
      </S>
      <f lem="&quot;" pos="fe" punct="quotation" wd="&quot;"/>
      <f lem="," pos="fc" punct="comma" wd=","/>
    </S>
    <grup.verb>
      <v lem="anar" mood="indicative" num="s" person="3" pos="vaip3s0" postype="auxiliary" tense="present" wd="va"/>
      <v lem="dir" lss="A32.ditransitive-patient-benefactive" mood="infinitive" pos="vmn0000" postype="main" wd="dir"/>
    </grup.verb>
    <sn arg="arg0" elliptic="yes" func="suj" tem="agt"/>
    <f lem="." pos="fp" punct="period" wd="."/>
  </sentence>
  <sentence>
    <sn arg="arg0" entityref="ne" func="suj" ne="person" tem="agt">
      <spec gen="m" num="s">
        <d gen="m" lem="el" num="s" pos="da0ms0" postype="article" wd="El"/>
      </spec>
      <grup.nom gen="m" num="s">
        <n lem="Conseller_de_Cultura" ne="person" pos="np0000p" postype="proper" sense="16:cs1" wd="Conseller_de_Cultura"/>
        <sp>
          <prep>
            <s contracted="yes" gen="m" lem="del" num="s" pos="spcms" postype="preposition" wd="del"/>
          </prep>
          <sn entityref="ne" ne="organization">
            <grup.nom gen="m" num="s">
              <n lem="Govern_Balear" ne="organization" pos="np0000o" postype="proper" sense="16:cs1" wd="Govern_Balear"/>
            </grup.nom>
          </sn>
        </sp>
        <sn entityref="ne" ne="person">
          <f lem="," pos="fc" punct="comma" wd=","/>
          <grup.nom gen="m" num="s">
            <n lem="Damià_Pons" ne="person" pos="np0000p" postype="proper" sense="16:cs1" wd="Damià_Pons"/>
          </grup.nom>
          <f lem="," pos="fc" punct="comma" wd=","/>
        </sn>
      </grup.nom>
    </sn>
    <sp func="et">
      <prep>
        <s lem="per" pos="sps00" postype="preposition" wd="per"/>
      </prep>
      <sn>
        <spec gen="f" num="s">
          <d gen="f" lem="el_seu" num="s" person="3" pos="dp3fs0" postype="possessive" wd="la_seva"/>
        </spec>
        <grup.nom gen="f" num="s">
          <n gen="f" lem="banda" num="s" pos="ncfs000" postype="common" sense="16:04505974" wd="banda"/>
        </grup.nom>
      </sn>
      <f lem="," pos="fc" punct="comma" wd=","/>
    </sp>
    <grup.verb>
      <v lem="anar" mood="indicative" num="s" person="3" pos="vaip3s0" postype="auxiliary" tense="present" wd="va"/>
      <v lem="destacar" lss="A21.transitive-agentive-patient" mood="infinitive" pos="vmn0000" postype="main" wd="destacar"/>
    </grup.verb>
    <sn arg="arg1" func="cd" tem="pat">
      <spec gen="f" num="s">
        <d gen="f" lem="el" num="s" pos="da0fs0" postype="article" wd="la"/>
      </spec>
      <grup.nom gen="f" num="s">
        <n gen="f" lem="necessitat" num="s" pos="ncfs000" postype="common" sense="16:04028238" wd="necessitat"/>
        <sp>
          <prep>
            <s lem="de" pos="sps00" postype="preposition" wd="de"/>
          </prep>
          <S clausetype="completive" impersonal="yes">
            <infinitiu>
              <v lem="fer" lss="A21.transitive-agentive-patient" mood="infinitive" pos="vmn0000" postype="main" wd="fer"/>
            </infinitiu>
            <sa arg="arg2" func="cpred" tem="atr">
              <grup.a>
                <a gen="c" lem="compatible" num="p" pos="aq0cp0" postype="qualificative" wd="compatibles"/>
              </grup.a>
            </sa>
            <sn arg="arg0" func="suj" tem="agt">
              <spec gen="f" num="s">
                <d gen="c" lem="el" num="s" pos="da0cs0" postype="article" wd="l'"/>
              </spec>
              <grup.nom gen="f" num="s">
                <n gen="f" lem="activitat" num="s" pos="ncfs000" postype="common" sense="16:00261466" wd="activitat"/>
                <s.a gen="f" num="s">
                  <grup.a gen="f" num="s">
                    <a gen="f" lem="turístic" num="s" pos="aq0fs0" postype="qualificative" wd="turística"/>
                  </grup.a>
                </s.a>
                <sp>
                  <prep>
                    <s lem="amb" pos="sps00" postype="preposition" wd="amb"/>
                  </prep>
                  <sn>
                    <spec gen="f" num="s">
                      <d gen="f" lem="el" num="s" pos="da0fs0" postype="article" wd="la"/>
                    </spec>
                    <grup.nom gen="f" num="s">
                      <n gen="f" lem="conservació" num="s" pos="ncfs000" postype="common" sense="16:00524093" wd="conservació"/>
                      <sp>
                        <prep>
                          <s contracted="yes" gen="m" lem="del" num="s" pos="spcms" postype="preposition" wd="del"/>
                        </prep>
                        <sn>
                          <grup.nom gen="m" num="s">
                            <n gen="m" lem="patrimoni" num="s" pos="ncms000" postype="common" sense="16:cs3" wd="patrimoni"/>
                            <s.a complex="yes" gen="m" num="s">
                              <grup.a coord="yes" gen="m" num="s">
                                <grup.a gen="m" num="s">
                                  <a gen="c" lem="natural" num="s" pos="aq0cs0" postype="qualificative" wd="natural"/>
                                </grup.a>
                                <conj conjunctiontype="coordinating">
                                  <c lem="i" pos="cc" postype="coordinating" wd="i"/>
                                </conj>
                                <grup.a gen="m" num="s">
                                  <a gen="c" lem="cultural" num="s" pos="aq0cs0" postype="qualificative" wd="cultural"/>
                                </grup.a>
                              </grup.a>
                            </s.a>
                          </grup.nom>
                        </sn>
                      </sp>
                    </grup.nom>
                  </sn>
                </sp>
              </grup.nom>
            </sn>
          </S>
        </sp>
      </grup.nom>
    </sn>
    <f lem="." pos="fp" punct="period" wd="."/>
  </sentence>
  <sentence>
    <S arg="arg1" clausetype="completive" coord="yes" func="cd" tem="pat">
      <f lem="&quot;" pos="fe" punct="quotation" wd="&quot;"/>
      <S clausetype="completive">
        <sn arg="arg1" func="suj" tem="tem">
          <spec gen="m" num="p">
            <d gen="m" lem="ambdós" num="p" pos="dn0mp0" postype="numeral" wd="Ambdós"/>
          </spec>
          <grup.nom gen="m" num="p">
            <n gen="m" lem="aspecte" num="p" pos="ncmp000" postype="common" sense="16:04505726" wd="aspectes"/>
          </grup.nom>
        </sn>
        <grup.verb>
          <v lem="ser" lss="C21.state-attributive" mood="indicative" num="p" person="3" pos="vmip3p0" postype="main" tense="present" wd="són"/>
        </grup.verb>
        <sa arg="arg2" func="atr" tem="atr">
          <grup.a>
            <a gen="m" lem="complementari" num="p" pos="aq0mp0" postype="qualificative" wd="complementaris"/>
          </grup.a>
        </sa>
      </S>
      <f lem="," pos="fc" punct="comma" wd=","/>
      <S clausetype="completive">
        <S clausesubtype="conditional" clausetype="adverbial" func="ao">
          <conj conjunctiontype="subordinating">
            <c lem="si" pos="cs" postype="subordinating" wd="si"/>
          </conj>
          <sn arg="arg0" elliptic="yes" func="suj" tem="agt"/>
          <grup.verb>
            <v lem="preservar" lss="A34.ditransitive-patient-theme" mood="indicative" num="p" person="1" pos="vmip1p0" postype="main" tense="present" wd="preservem"/>
          </grup.verb>
          <sn arg="arg1" func="cd" tem="pat">
            <spec gen="m" num="s">
              <d gen="m" lem="el" num="s" pos="da0ms0" postype="article" wd="el"/>
            </spec>
            <grup.nom gen="m" num="s">
              <n gen="m" lem="patrimoni" num="s" pos="ncms000" postype="common" sense="16:cs3" wd="patrimoni"/>
              <s.a gen="m" num="s">
                <grup.a gen="m" num="s">
                  <a gen="c" lem="natural" num="s" pos="aq0cs0" postype="qualificative" wd="natural"/>
                </grup.a>
              </s.a>
            </grup.nom>
          </sn>
          <f lem="," pos="fc" punct="comma" wd=","/>
        </S>
        <sn arg="arg1" elliptic="yes" func="suj" tem="tem"/>
        <grup.verb>
          <v lem="estar" mood="indicative" num="p" person="1" pos="vmif1p0" postype="main" tense="future" wd="estarem"/>
          <gerundi>
            <v lem="potenciar" lss="A11.transitive-causative" mood="gerund" pos="vmg0000" postype="main" wd="potenciant"/>
          </gerundi>
        </grup.verb>
        <sadv func="mod">
          <grup.adv>
            <r lem="també" pos="rg" wd="també"/>
          </grup.adv>
        </sadv>
        <sn arg="arg1" func="cd" tem="tem">
          <spec gen="m" num="s">
            <d gen="m" lem="el" num="s" pos="da0ms0" postype="article" wd="el"/>
          </spec>
          <grup.nom gen="m" num="s">
            <n gen="m" lem="turisme" num="s" pos="ncms000" postype="common" sense="16:00193473" wd="turisme"/>
          </grup.nom>
        </sn>
      </S>
      <f lem="&quot;" pos="fe" punct="quotation" wd="&quot;"/>
      <f lem="," pos="fc" punct="comma" wd=","/>
    </S>
    <grup.verb>
      <v lem="anar" mood="indicative" num="s" person="3" pos="vaip3s0" postype="auxiliary" tense="present" wd="va"/>
      <v lem="afirmar" lss="A21.transitive-agentive-patient" mood="infinitive" pos="vmn0000" postype="main" wd="afirmar"/>
    </grup.verb>
    <sn arg="arg0" elliptic="yes" func="suj" tem="agt"/>
    <f lem="." pos="fp" punct="period" wd="."/>
  </sentence>
  <sentence>
    <sn arg="arg1" func="suj" tem="pat">
      <spec gen="f" num="s">
        <d gen="c" lem="el" num="s" pos="da0cs0" postype="article" wd="L'"/>
      </spec>
      <grup.nom gen="f" num="s">
        <n gen="f" lem="exposició" num="s" pos="ncfs000" postype="common" sense="16:06217283" wd="exposició"/>
      </grup.nom>
    </sn>
    <grup.verb>
      <v lem="poder" mood="indicative" num="s" person="3" pos="vmip3s0" postype="main" tense="present" wd="pot"/>
      <infinitiu>
        <v lem="ser" mood="infinitive" pos="vsn0000" postype="semiauxiliary" wd="ser"/>
        <v gen="f" lem="visitar" lss="B22.unaccusative-passive-transitive" mood="participle" num="s" pos="vmp00sf" postype="main" wd="visitada"/>
      </infinitiu>
    </grup.verb>
    <sadv arg="argM" func="cc" tem="mnr">
      <grup.adv>
        <r lem="gratuïtament" pos="rg" wd="gratuïtament"/>
      </grup.adv>
    </sadv>
    <sp arg="argM" func="cc" tem="tmp">
      <prep>
        <s lem="fins" pos="sps00" postype="preposition" wd="fins"/>
      </prep>
      <sn entityref="ne" ne="date">
        <spec gen="m" num="s">
          <d gen="m" lem="el" num="s" pos="da0ms0" postype="article" wd="el"/>
        </spec>
        <grup.nom gen="m" num="s">
          <w lem="[??:24/06/??:??.??]" ne="date" wd="24_de_juny"/>
        </grup.nom>
      </sn>
    </sp>
    <sp arg="argM" func="cc" tem="loc">
      <prep>
        <s contracted="yes" gen="m" lem="al" num="s" pos="spcms" postype="preposition" wd="al"/>
      </prep>
      <sn entityref="ne" ne="location">
        <grup.nom gen="m" num="s">
          <n lem="Museu_d'_Història_de_Catalunya" ne="location" pos="np0000l" postype="proper" sense="16:cs1" wd="Museu_d'_Història_de_Catalunya"/>
        </grup.nom>
      </sn>
    </sp>
    <f lem="." pos="fp" punct="period" wd="."/>
  </sentence>
  <sentence>
    <sn arg="argM" func="cc" tem="tmp">
      <spec gen="m" num="p">
        <d gen="m" lem="el" num="p" pos="da0mp0" postype="article" wd="Els"/>
      </spec>
      <grup.nom gen="m" num="p">
        <s.a gen="m" num="p">
          <grup.a gen="m" num="p">
            <a gen="m" lem="proper" num="p" pos="aq0mp0" postype="qualificative" wd="propers"/>
          </grup.a>
        </s.a>
        <n gen="m" lem="mes" num="p" pos="ncmp000" postype="common" sense="16:10922179" wd="mesos"/>
        <sp>
          <prep>
            <s lem="de" pos="sps00" postype="preposition" wd="de"/>
          </prep>
          <sn complex="yes" entityref="ne" ne="date">
            <grup.nom coord="yes">
              <grup.nom gen="m" num="s">
                <w lem="[??:??/07/??:??.??]" ne="date" wd="juliol"/>
              </grup.nom>
              <conj conjunctiontype="coordinating">
                <c lem="i" pos="cc" postype="coordinating" wd="i"/>
              </conj>
              <grup.nom gen="m" num="s">
                <w lem="[??:??/08/??:??.??]" ne="date" wd="agost"/>
              </grup.nom>
            </grup.nom>
          </sn>
        </sp>
      </grup.nom>
    </sn>
    <sn arg="arg1" func="suj" tem="pat">
      <spec gen="f" num="s">
        <d gen="c" lem="el" num="s" pos="da0cs0" postype="article" wd="l'"/>
      </spec>
      <grup.nom gen="f" num="s">
        <n gen="f" lem="exposició" num="s" pos="ncfs000" postype="common" sense="16:06217283" wd="exposició"/>
      </grup.nom>
    </sn>
    <morfema.verbal func="pass">
      <p gen="c" lem="es" num="c" pos="p0000000" wd="es"/>
    </morfema.verbal>
    <grup.verb>
      <v lem="presentar" lss="B12.unaccusative-passive-ditransitive" mood="indicative" num="s" person="3" pos="vmif3s0" postype="main" tense="future" wd="presentarà"/>
    </grup.verb>
    <sp arg="argM" func="cc" tem="loc">
      <prep>
        <s lem="a" pos="sps00" postype="preposition" wd="a"/>
      </prep>
      <sn entityref="ne" ne="location">
        <grup.nom>
          <n lem="Palma_de_Mallorca" ne="location" pos="np0000l" postype="proper" sense="16:cs1" wd="Palma_de_Mallorca"/>
        </grup.nom>
      </sn>
    </sp>
    <f lem="." pos="fp" punct="period" wd="."/>
  </sentence>
</article>
