<?xml version="1.0" encoding="UTF-8"?>
<!-- 

  ancora-2.0
       
			Copyright (C) 2007, 2008, 2009, 2010, 2011 UB - CLiC
			Centre de Llenguatge i Computació - Universitat de Barcelona
 
  This file is part of ancora-2.0.
 
  ancora-2.0 is free software and data: you can redistribute it and/or modify
  it under the terms of the GNU General Public License as published
  by the Free Software Foundation, either version 3 of the License,
  or (at your option) any later version.

  ancora-2.0 is distributed in the hope that it will be useful,
  but WITHOUT ANY WARRANTY; without even the implied warranty of
  MERCHANTABILITY or FITNESS FOR A PARTICULAR PURPOSE.  See the
  GNU General Public License for more details.
 
  You should have received a copy of the GNU General Public License
  along with ancora-2.0.  If not, see &lt;http://www.gnu.org/licenses/&gt;.
 
  Check a text in catalan explaining the terms of the license at http://www.softcatala.cat/wiki/GPL3.
  In spanish at http://www.viti.es/gnu/licenses/gpl.html
 

  The following paper must be cited when using this corpus:

 * Taulé, M., M.A. Martí, M. Recasens (2008) 'Ancora: Multilevel Annotated Corpora for Catalan and Spanish',
   Proceedings of 6th International Conference on Language Resources and Evaluation. Marrakesh (Morocco).

  In addition, the following paper must be cited if coreference information (attributes entity, coreftype,
  corefsubtype, homophoricDD or entityref) is used:

 * Recasens, Marta, M. Antònia Martí (2010) ‘AnCora-CO: Coreferentially annotated corpora for Spanish and
   Catalan’. Language Resources and Evaluation, Springer Science.

  Additionally, the following paper must be cited when argumental attributes in "sn" or "grup.nom"
  (attributes func, arg, tem or lexicalid) are used:

 * Peris, Aina, Mariona Taulé, Horacio Rodríguez (2010) ‘Semantic Annotation of Deverbal Nominalizations in the
   Spanish AnCora corpus’. Treebanks and Linguistic Theories (TLT-2010), Estonia.
-->
<article lng="ca">
  <sentence>
    <sn arg="arg0" coord="yes" func="suj" tem="agt">
      <sn entityref="ne" ne="person">
        <spec gen="m" num="s">
          <d gen="m" lem="el" num="s" pos="da0ms0" postype="article" wd="El"/>
        </spec>
        <grup.nom gen="m" num="s">
          <n gen="m" lem="president" num="s" pos="ncms000" postype="common" sense="16:07496197" wd="president"/>
          <sp>
            <prep>
              <s lem="de" pos="sps00" postype="preposition" wd="de"/>
            </prep>
            <sn entityref="ne" ne="organization">
              <spec gen="f" num="s">
                <d gen="f" lem="el" num="s" pos="da0fs0" postype="article" wd="la"/>
              </spec>
              <grup.nom gen="f" num="s">
                <n lem="Borsa_de_Barcelona" ne="organization" pos="np0000o" postype="proper" sense="16:cs1" wd="Borsa_de_Barcelona"/>
              </grup.nom>
            </sn>
          </sp>
          <sn entityref="ne" ne="person">
            <f lem="," pos="fc" punct="comma" wd=","/>
            <grup.nom gen="m" num="s">
              <n lem="Joan_Hortalà" ne="person" pos="np0000p" postype="proper" sense="16:cs1" wd="Joan_Hortalà"/>
            </grup.nom>
            <f lem="," pos="fc" punct="comma" wd=","/>
          </sn>
        </grup.nom>
      </sn>
      <conj conjunctiontype="coordinating">
        <c lem="i" pos="cc" postype="coordinating" wd="i"/>
      </conj>
      <sn complex="yes">
        <spec gen="f" num="s">
          <d gen="f" lem="el_seu" num="s" person="3" pos="dp3fs0" postype="possessive" wd="la_seva"/>
        </spec>
        <grup.nom coord="yes">
          <grup.nom coord="yes">
            <grup.nom gen="f" num="s">
              <n gen="f" lem="exsecretària" num="s" pos="ncfs000" postype="common" sense="16:cs1" wd="exsecretària"/>
            </grup.nom>
            <conj conjunctiontype="coordinating">
              <c lem="i" pos="cc" postype="coordinating" wd="i"/>
            </conj>
            <grup.nom gen="f" num="s">
              <n gen="c" lem="querellant" num="s" pos="nccs000" postype="common" sense="16:07479791" wd="querellant"/>
              <sp>
                <prep>
                  <s lem="per" pos="sps00" postype="preposition" wd="per"/>
                </prep>
                <sn>
                  <spec gen="m" num="s">
                    <d gen="m" lem="un" num="s" pos="di0ms0" postype="indefinite" wd="un"/>
                  </spec>
                  <grup.nom gen="m" num="s">
                    <s.a gen="m" num="s">
                      <grup.a gen="m" num="s">
                        <a gen="m" lem="presumpte" num="s" pos="aq0ms0" postype="qualificative" wd="presumpte"/>
                      </grup.a>
                    </s.a>
                    <n gen="m" lem="delicte" num="s" pos="ncms000" postype="common" sense="16:00490590" wd="delicte"/>
                    <sp>
                      <prep>
                        <s lem="de" pos="sps00" postype="preposition" wd="d'"/>
                      </prep>
                      <sn>
                        <grup.nom gen="m" num="s">
                          <n gen="m" lem="assetjament" num="s" pos="ncms000" postype="common" sense="16:cs1" wd="assetjament"/>
                          <s.a gen="m" num="s">
                            <grup.a gen="m" num="s">
                              <a gen="c" lem="sexual" num="s" pos="aq0cs0" postype="qualificative" wd="sexual"/>
                            </grup.a>
                          </s.a>
                        </grup.nom>
                      </sn>
                    </sp>
                  </grup.nom>
                </sn>
              </sp>
            </grup.nom>
          </grup.nom>
          <sn adjunct="yes" entityref="ne" ne="person">
            <f lem="," pos="fc" punct="comma" wd=","/>
            <grup.nom gen="f" num="s">
              <n lem="Olga_Ros" ne="person" pos="np0000p" postype="proper" sense="16:cs1" wd="Olga_Ros"/>
            </grup.nom>
            <f lem="," pos="fc" punct="comma" wd=","/>
          </sn>
        </grup.nom>
      </sn>
    </sn>
    <grup.verb>
      <v lem="haver" mood="indicative" num="p" person="3" pos="vaip3p0" postype="auxiliary" tense="present" wd="han"/>
      <v gen="m" lem="arribar" lss="A22.transitive-agentive-theme" mood="participle" num="s" pos="vmp00sm" postype="main" wd="arribat"/>
    </grup.verb>
    <sp arg="arg1" func="creg" tem="tem">
      <prep>
        <s lem="a" pos="sps00" postype="preposition" wd="a"/>
      </prep>
      <sn>
        <spec gen="m" num="s">
          <d gen="m" lem="un" num="s" pos="di0ms0" postype="indefinite" wd="un"/>
        </spec>
        <grup.nom gen="m" num="s">
          <n gen="m" lem="acord" num="s" pos="ncms000" postype="common" sense="16:04466733" wd="acord"/>
        </grup.nom>
      </sn>
    </sp>
    <sp arg="argM" func="cc" tem="adv">
      <prep>
        <s lem="en" pos="sps00" postype="preposition" wd="en"/>
      </prep>
      <sn>
        <spec gen="m" num="s">
          <d gen="m" lem="el" num="s" pos="da0ms0" postype="article" wd="el"/>
        </spec>
        <grup.nom gen="m" num="s">
          <n gen="m" lem="litigi" num="s" pos="ncms000" postype="common" sense="16:00768216" wd="litigi"/>
          <sp>
            <prep>
              <s lem="per" pos="sps00" postype="preposition" wd="per"/>
            </prep>
            <sn>
              <spec gen="m" num="s">
                <d gen="c" lem="el" num="s" pos="da0cs0" postype="article" wd="l'"/>
              </spec>
              <grup.nom gen="m" num="s">
                <n gen="m" lem="acomiadament" num="s" pos="ncms000" postype="common" sense="16:00140714" wd="acomiadament"/>
              </grup.nom>
            </sn>
          </sp>
          <S clausetype="relative">
            <relatiu arg="arg2" func="cd" functype="quantitative" tem="atr">
              <p gen="c" lem="que" num="c" pos="pr0cn000" postype="relative" wd="que"/>
            </relatiu>
            <sn arg="arg1" elliptic="yes" func="suj" tem="tem"/>
            <grup.verb>
              <v lem="tenir" lss="C21.state-attributive" mood="indicative" num="p" person="3" pos="vmii3p0" postype="main" tense="imperfect" wd="tenien"/>
            </grup.verb>
            <sa arg="argM" func="cpred" predicate="cd" tem="atr">
              <grup.a>
                <a gen="c" lem="pendent" num="s" pos="aq0cs0" postype="qualificative" wd="pendent"/>
                <sp>
                  <prep>
                    <s lem="de" pos="sps00" postype="preposition" wd="de"/>
                  </prep>
                  <sn>
                    <grup.nom gen="f" num="s">
                      <n gen="f" lem="resolució" num="s" pos="ncfs000" postype="common" sense="16:04461993" wd="resolució"/>
                    </grup.nom>
                  </sn>
                </sp>
              </grup.a>
            </sa>
          </S>
        </grup.nom>
      </sn>
    </sp>
    <f lem="." pos="fp" punct="period" wd="."/>
  </sentence>
  <sentence>
    <sn arg="arg0" func="suj" tem="cau">
      <spec gen="m" num="s">
        <d gen="m" lem="aquest" num="s" pos="dd0ms0" postype="demonstrative" wd="Aquest"/>
      </spec>
      <grup.nom gen="m" num="s">
        <n gen="m" lem="acord" num="s" pos="ncms000" postype="common" sense="16:04466733" wd="acord"/>
      </grup.nom>
    </sn>
    <grup.verb>
      <v lem="poder" mood="indicative" num="s" person="3" pos="vmic3s0" postype="main" tense="conditional" wd="podria"/>
      <infinitiu>
        <v lem="afectar" lss="A11.transitive-causative" mood="infinitive" pos="vmn0000" postype="main" wd="afectar"/>
      </infinitiu>
    </grup.verb>
    <sp arg="argM" func="cc" tem="mnr">
      <prep>
        <s lem="de" pos="sps00" postype="preposition" wd="de"/>
      </prep>
      <sn>
        <grup.nom gen="f" num="s">
          <n gen="f" lem="forma" num="s" pos="ncfs000" postype="common" sense="16:00111872" wd="forma"/>
          <s.a gen="f" num="s">
            <grup.a gen="f" num="s">
              <a gen="f" lem="definitiu" num="s" pos="aq0fs0" postype="qualificative" wd="definitiva"/>
            </grup.a>
          </s.a>
        </grup.nom>
      </sn>
    </sp>
    <sn arg="arg1" func="cd" tem="tem">
      <spec gen="f" num="s">
        <d gen="c" lem="el" num="s" pos="da0cs0" postype="article" wd="l'"/>
      </spec>
      <grup.nom gen="f" num="s">
        <n gen="f" lem="evolució" num="s" pos="ncfs000" postype="common" sense="16:05489950" wd="evolució"/>
        <sp>
          <prep>
            <s lem="de" pos="sps00" postype="preposition" wd="de"/>
          </prep>
          <sn coord="yes">
            <sn>
              <spec gen="f" num="s">
                <d gen="f" lem="el" num="s" pos="da0fs0" postype="article" wd="la"/>
              </spec>
              <grup.nom gen="f" num="s">
                <n gen="f" lem="querella" num="s" pos="ncfs000" postype="common" sense="16:05402928" wd="querella"/>
                <sp>
                  <prep>
                    <s lem="per" pos="sps00" postype="preposition" wd="per"/>
                  </prep>
                  <sn>
                    <grup.nom gen="m" num="s">
                      <n gen="m" lem="assetjament" num="s" pos="ncms000" postype="common" sense="16:cs1" wd="assetjament"/>
                      <s.a gen="m" num="s">
                        <grup.a gen="m" num="s">
                          <a gen="c" lem="sexual" num="s" pos="aq0cs0" postype="qualificative" wd="sexual"/>
                        </grup.a>
                      </s.a>
                    </grup.nom>
                  </sn>
                </sp>
                <sp>
                  <prep>
                    <s lem="de" pos="sps00" postype="preposition" wd="d'"/>
                  </prep>
                  <sn entityref="ne" ne="person">
                    <grup.nom gen="f" num="s">
                      <n lem="Olga_Ros" ne="person" pos="np0000p" postype="proper" sense="16:cs1" wd="Olga_Ros"/>
                    </grup.nom>
                  </sn>
                </sp>
                <sp>
                  <prep>
                    <s lem="contra" pos="sps00" postype="preposition" wd="contra"/>
                  </prep>
                  <sn entityref="ne" ne="person">
                    <grup.nom gen="m" num="s">
                      <n lem="Hortalà" ne="person" pos="np0000p" postype="proper" sense="16:cs1" wd="Hortalà"/>
                    </grup.nom>
                  </sn>
                </sp>
              </grup.nom>
              <f lem="," pos="fc" punct="comma" wd=","/>
            </sn>
            <conj conjunctiontype="coordinating">
              <c lem="i" pos="cc" postype="coordinating" wd="i"/>
            </conj>
            <sn>
              <spec gen="f" num="s">
                <d gen="f" lem="el" num="s" pos="da0fs0" postype="article" wd="la"/>
              </spec>
              <grup.nom gen="f" num="s">
                <S clausetype="relative">
                  <relatiu arg="arg1" func="cd" tem="pat">
                    <p gen="c" lem="que" num="c" pos="pr0cn000" postype="relative" wd="que"/>
                  </relatiu>
                  <grup.verb>
                    <v lem="anar" mood="indicative" num="s" person="3" pos="vaip3s0" postype="auxiliary" tense="present" wd="va"/>
                    <v lem="interposar" lss="A21.transitive-agentive-patient" mood="infinitive" pos="vmn0000" postype="main" wd="interposar"/>
                  </grup.verb>
                  <sn arg="arg0" func="suj" tem="agt">
                    <spec gen="m" num="s">
                      <d gen="c" lem="el" num="s" pos="da0cs0" postype="article" wd="l'"/>
                    </spec>
                    <grup.nom gen="m" num="s">
                      <n gen="c" lem="economista" num="s" pos="nccs000" postype="common" sense="16:07234388" wd="economista"/>
                    </grup.nom>
                  </sn>
                  <sp arg="argM" func="cc" tem="adv">
                    <prep>
                      <s lem="contra" pos="sps00" postype="preposition" wd="contra"/>
                    </prep>
                    <sn>
                      <spec gen="f" num="s">
                        <d gen="f" lem="el" num="s" pos="da0fs0" postype="article" wd="la"/>
                      </spec>
                      <grup.nom gen="f" num="s">
                        <n gen="f" lem="dona" num="s" pos="ncfs000" postype="common" sense="16:07684780" wd="dona"/>
                      </grup.nom>
                    </sn>
                  </sp>
                  <sp arg="argM" func="cc" tem="cau">
                    <prep>
                      <s lem="per" pos="sps00" postype="preposition" wd="per"/>
                    </prep>
                    <sn>
                      <grup.nom gen="f" num="p">
                        <n gen="f" lem="coacció" num="p" pos="ncfp000" postype="common" sense="16:cs1" wd="coaccions"/>
                      </grup.nom>
                    </sn>
                  </sp>
                </S>
              </grup.nom>
            </sn>
          </sn>
        </sp>
      </grup.nom>
    </sn>
    <f lem="." pos="fp" punct="period" wd="."/>
  </sentence>
  <sentence coord="yes">
    <sp adjunct="yes" func="ao">
      <prep>
        <s lem="segons" pos="sps00" postype="preposition" wd="Segons"/>
      </prep>
      <sn>
        <grup.nom gen="f" num="p">
          <n gen="f" lem="font" num="p" pos="ncfp000" postype="common" sense="16:07338656" wd="fonts"/>
          <s.a gen="f" num="p">
            <grup.a gen="f" num="p">
              <a gen="c" lem="judicial" num="p" pos="aq0cp0" postype="qualificative" wd="judicials"/>
            </grup.a>
          </s.a>
        </grup.nom>
      </sn>
      <f lem="," pos="fc" punct="comma" wd=","/>
    </sp>
    <S coord="yes">
      <S>
        <sn arg="arg0" entityref="ne" func="suj" ne="person" tem="agt">
          <spec gen="m" num="s">
            <d gen="m" lem="el" num="s" pos="da0ms0" postype="article" wd="el"/>
          </spec>
          <grup.nom gen="m" num="s">
            <n gen="m" lem="president" num="s" pos="ncms000" postype="common" sense="16:07496197" wd="president"/>
            <sp>
              <prep>
                <s lem="de" pos="sps00" postype="preposition" wd="de"/>
              </prep>
              <sn entityref="ne" ne="organization">
                <spec gen="f" num="s">
                  <d gen="f" lem="el" num="s" pos="da0fs0" postype="article" wd="la"/>
                </spec>
                <grup.nom gen="f" num="s">
                  <n lem="Borsa_de_Barcelona" ne="organization" pos="np0000o" postype="proper" sense="16:cs1" wd="Borsa_de_Barcelona"/>
                </grup.nom>
              </sn>
            </sp>
          </grup.nom>
        </sn>
        <grup.verb>
          <v lem="haver" mood="indicative" num="s" person="3" pos="vaip3s0" postype="auxiliary" tense="present" wd="ha"/>
          <v gen="m" lem="arribar" lss="A22.transitive-agentive-theme" mood="participle" num="s" pos="vmp00sm" postype="main" wd="arribat"/>
        </grup.verb>
        <sp arg="arg1" func="creg" tem="tem">
          <prep>
            <s lem="a" pos="sps00" postype="preposition" wd="a"/>
          </prep>
          <sn>
            <spec gen="m" num="s">
              <d gen="m" lem="un" num="s" pos="di0ms0" postype="indefinite" wd="un"/>
            </spec>
            <grup.nom gen="m" num="s">
              <n gen="m" lem="acord" num="s" pos="ncms000" postype="common" sense="16:04466733" wd="acord"/>
            </grup.nom>
          </sn>
        </sp>
        <sp arg="argM" func="cc" tem="adv">
          <prep>
            <s lem="amb" pos="sps00" postype="preposition" wd="amb"/>
          </prep>
          <sn>
            <spec gen="f" num="s">
              <d gen="f" lem="el_seu" num="s" person="3" pos="dp3fs0" postype="possessive" wd="la_seva"/>
            </spec>
            <grup.nom gen="f" num="s">
              <n gen="f" lem="exsecretària" num="s" pos="ncfs000" postype="common" sense="16:cs1" wd="exsecretària"/>
            </grup.nom>
          </sn>
        </sp>
      </S>
      <conj conjunctiontype="coordinating">
        <c lem="i" pos="cc" postype="coordinating" wd="i"/>
      </conj>
      <S>
        <sn arg="arg0" elliptic="yes" func="suj" tem="agt"/>
        <grup.verb>
          <v lem="haver" mood="indicative" num="s" person="3" pos="vaip3s0" postype="auxiliary" tense="present" wd="ha"/>
          <v gen="m" lem="acceptar" lss="A21.transitive-agentive-patient" mood="participle" num="s" pos="vmp00sm" postype="main" wd="acceptat"/>
        </grup.verb>
        <S arg="arg1" clausetype="completive" func="cd" impersonal="yes" tem="pat">
          <infinitiu>
            <v lem="indemnitzar" lss="A21.transitive-agentive-patient" mood="infinitive" pos="vmn0000" postype="main" wd="indemnitzar"/>
          </infinitiu>
          <sp arg="argM" func="cc" tem="ext">
            <prep>
              <s lem="en" pos="sps00" postype="preposition" wd="en"/>
            </prep>
            <sn entityref="ne" ne="number">
              <spec gen="m" num="p">
                <z lem="10" ne="number" wd="10"/>
              </spec>
              <grup.nom gen="m" num="p">
                <n gen="m" lem="milió" num="p" pos="ncmp000" postype="common" sense="16:09902865" wd="milions"/>
                <sp>
                  <prep>
                    <s lem="de" pos="sps00" postype="preposition" wd="de"/>
                  </prep>
                  <sn entityref="ne" ne="number">
                    <grup.nom gen="f" num="p">
                      <z lem="pesseta" ne="number" pos="zm" postype="currency" wd="pessetes"/>
                    </grup.nom>
                  </sn>
                </sp>
              </grup.nom>
            </sn>
          </sp>
          <sn arg="arg1" func="cd" tem="pat">
            <spec gen="f" num="s">
              <d gen="f" lem="el" num="s" pos="da0fs0" postype="article" wd="la"/>
            </spec>
            <grup.nom gen="f" num="s">
              <n gen="f" lem="dona" num="s" pos="ncfs000" postype="common" sense="16:07684780" wd="dona"/>
            </grup.nom>
          </sn>
          <sp arg="argM" func="cc" tem="cau">
            <prep>
              <s lem="per" pos="sps00" postype="preposition" wd="per"/>
            </prep>
            <sn>
              <spec gen="m" num="s">
                <d gen="m" lem="un" num="s" pos="di0ms0" postype="indefinite" wd="un"/>
              </spec>
              <grup.nom gen="m" num="s">
                <n gen="m" lem="acomiadament" num="s" pos="ncms000" postype="common" sense="16:00140714" wd="acomiadament"/>
                <s.a gen="m" num="s">
                  <grup.a gen="m" num="s">
                    <a gen="c" lem="improcedent" num="s" pos="aq0cs0" postype="qualificative" wd="improcedent"/>
                  </grup.a>
                </s.a>
              </grup.nom>
            </sn>
          </sp>
        </S>
      </S>
    </S>
    <f lem="." pos="fp" punct="period" wd="."/>
  </sentence>
  <sentence>
    <sadv arg="argM" func="cc" tem="tmp">
      <grup.adv>
        <r lem="avui" pos="rg" wd="Avui"/>
      </grup.adv>
    </sadv>
    <morfema.verbal func="pass">
      <p gen="c" lem="es" num="c" pos="p0000000" wd="s'"/>
    </morfema.verbal>
    <grup.verb>
      <v lem="haver" mood="indicative" num="s" person="3" pos="vaip3s0" postype="auxiliary" tense="present" wd="ha"/>
      <v gen="m" lem="celebrar" lss="B22.unaccusative-passive-transitive" mood="participle" num="s" pos="vmp00sm" postype="main" wd="celebrat"/>
    </grup.verb>
    <sp arg="argM" func="cc" tem="loc">
      <prep>
        <s lem="en" pos="sps00" postype="preposition" wd="en"/>
      </prep>
      <sn>
        <spec gen="m" num="s">
          <d gen="m" lem="un" num="s" pos="di0ms0" postype="indefinite" wd="un"/>
        </spec>
        <grup.nom gen="m" num="s">
          <n gen="m" lem="jutjat" num="s" pos="ncms000" postype="common" sense="16:06176884" wd="jutjat"/>
          <s.a gen="m" num="s">
            <grup.a gen="m" num="s">
              <a gen="c" lem="social" num="s" pos="aq0cs0" postype="qualificative" wd="social"/>
            </grup.a>
          </s.a>
          <sp>
            <prep>
              <s lem="de" pos="sps00" postype="preposition" wd="de"/>
            </prep>
            <sn entityref="ne" ne="location">
              <grup.nom>
                <n lem="Barcelona" ne="location" pos="np0000l" postype="proper" wd="Barcelona"/>
              </grup.nom>
            </sn>
          </sp>
        </grup.nom>
      </sn>
    </sp>
    <sn arg="arg1" func="suj" tem="pat">
      <spec gen="f" num="s">
        <d gen="f" lem="el" num="s" pos="da0fs0" postype="article" wd="la"/>
      </spec>
      <grup.nom gen="f" num="s">
        <n gen="f" lem="vista" num="s" pos="ncfs000" postype="common" sense="16:10391014" wd="vista"/>
        <sp>
          <prep>
            <s contracted="yes" gen="m" lem="del" num="s" pos="spcms" postype="preposition" wd="del"/>
          </prep>
          <sn>
            <grup.nom gen="m" num="s">
              <n gen="m" lem="cas" num="s" pos="ncms000" postype="common" sense="16:05081510" wd="cas"/>
            </grup.nom>
          </sn>
        </sp>
      </grup.nom>
    </sn>
    <f lem="." pos="fp" punct="period" wd="."/>
  </sentence>
  <sentence coord="yes">
    <S>
      <sn arg="arg0" func="suj" tem="agt">
        <spec gen="f" num="s">
          <d gen="f" lem="el" num="s" pos="da0fs0" postype="article" wd="La"/>
        </spec>
        <grup.nom gen="f" num="s">
          <n gen="f" lem="dona" num="s" pos="ncfs000" postype="common" sense="16:07684780" wd="dona"/>
        </grup.nom>
      </sn>
      <sp arg="argM" func="cc" tem="cau">
        <f lem="," pos="fc" punct="comma" wd=","/>
        <prep>
          <s lem="en" pos="sps00" postype="preposition" wd="en"/>
        </prep>
        <S clausetype="completive" impersonal="yes">
          <infinitiu>
            <v lem="ser" mood="infinitive" pos="vsn0000" postype="semiauxiliary" wd="ser"/>
            <v gen="f" lem="acomiadar" lss="B22.unaccusative-passive-transitive" mood="participle" num="s" pos="vmp00sf" postype="main" wd="acomiadada"/>
          </infinitiu>
        </S>
        <f lem="," pos="fc" punct="comma" wd=","/>
      </sp>
      <grup.verb>
        <v lem="anar" mood="indicative" num="s" person="3" pos="vaip3s0" postype="auxiliary" tense="present" wd="va"/>
        <v lem="rebre" lss="A34.ditransitive-patient-theme" mood="infinitive" pos="vmn0000" postype="main" wd="rebre"/>
      </grup.verb>
      <sn arg="arg1" entityref="ne" func="cd" ne="number" tem="pat">
        <spec gen="m" num="p">
          <z lem="8" ne="number" wd="8"/>
        </spec>
        <grup.nom gen="m" num="p">
          <n gen="m" lem="milió" num="p" pos="ncmp000" postype="common" sense="16:09902865" wd="milions"/>
          <sp>
            <prep>
              <s lem="de" pos="sps00" postype="preposition" wd="de"/>
            </prep>
            <sn entityref="ne" ne="number">
              <grup.nom gen="f" num="p">
                <z lem="pesseta" ne="number" pos="zm" postype="currency" wd="pessetes"/>
              </grup.nom>
            </sn>
          </sp>
        </grup.nom>
      </sn>
      <f lem="," pos="fc" punct="comma" wd=","/>
    </S>
    <conj conjunctiontype="coordinating">
      <c lem="però" pos="cc" postype="coordinating" wd="però"/>
    </conj>
    <S>
      <sn arg="arg0" elliptic="yes" func="suj" tem="agt"/>
      <grup.verb>
        <v lem="insistir" lss="A22.transitive-agentive-theme" mood="indicative" num="s" person="3" pos="vmii3s0" postype="main" tense="imperfect" wd="insistia"/>
      </grup.verb>
      <sp arg="arg1" func="creg" tem="tem">
        <prep>
          <s lem="a" pos="sps00" postype="preposition" wd="a"/>
        </prep>
        <S clausetype="completive" impersonal="yes">
          <infinitiu>
            <v lem="reclamar" lss="A32.ditransitive-patient-benefactive" mood="infinitive" pos="vmn0000" postype="main" wd="reclamar"/>
          </infinitiu>
          <sn arg="arg1" func="cd" tem="pat">
            <spec gen="f" num="s">
              <d gen="f" lem="un" num="s" pos="di0fs0" postype="indefinite" wd="una"/>
            </spec>
            <grup.nom gen="f" num="s">
              <n gen="f" lem="quantitat" num="s" pos="ncfs000" postype="common" sense="16:09597673" wd="quantitat"/>
              <S clausetype="relative">
                <relatiu arg="arg1" func="suj" tem="tem">
                  <p gen="c" lem="que" num="c" pos="pr0cn000" postype="relative" wd="que"/>
                </relatiu>
                <grup.verb>
                  <v lem="pujar" lss="B21.unaccusative-state" mood="indicative" num="s" person="3" pos="vmii3s0" postype="main" tense="imperfect" wd="pujava"/>
                </grup.verb>
                <sp arg="arg4" func="cc" tem="des">
                  <prep>
                    <s lem="a" pos="sps00" postype="preposition" wd="a"/>
                  </prep>
                  <sn entityref="ne" ne="number">
                    <grup.nom>
                      <z lem="12" ne="number" wd="12"/>
                    </grup.nom>
                  </sn>
                </sp>
              </S>
            </grup.nom>
          </sn>
        </S>
      </sp>
    </S>
    <f lem="." pos="fp" punct="period" wd="."/>
  </sentence>
  <sentence>
    <sadv func="et">
      <grup.adv>
        <r lem="de_fet" pos="rg" wd="De_fet"/>
      </grup.adv>
      <f lem="," pos="fc" punct="comma" wd=","/>
    </sadv>
    <sn arg="arg0" entityref="ne" func="suj" ne="person" tem="agt">
      <spec gen="m" num="s">
        <d gen="c" lem="el" num="s" pos="da0cs0" postype="article" wd="l'"/>
      </spec>
      <grup.nom gen="m" num="s">
        <n gen="m" lem="advocat" num="s" pos="ncms000" postype="common" sense="16:07366159" wd="advocat"/>
        <sp>
          <prep>
            <s lem="de" pos="sps00" postype="preposition" wd="d'"/>
          </prep>
          <sn entityref="ne" ne="person">
            <grup.nom>
              <n lem="Hortalà" ne="person" pos="np0000p" postype="proper" sense="16:cs1" wd="Hortalà"/>
            </grup.nom>
          </sn>
        </sp>
        <sn entityref="ne" ne="person">
          <f lem="," pos="fc" punct="comma" wd=","/>
          <grup.nom gen="m" num="s">
            <n lem="Pau_Molins" ne="person" pos="np0000p" postype="proper" sense="16:cs1" wd="Pau_Molins"/>
          </grup.nom>
          <f lem="," pos="fc" punct="comma" wd=","/>
        </sn>
      </grup.nom>
    </sn>
    <sadv arg="argM" func="cc" tem="adv">
      <grup.adv>
        <r lem="ja" pos="rg" wd="ja"/>
      </grup.adv>
    </sadv>
    <grup.verb>
      <v lem="anar" mood="indicative" num="s" person="3" pos="vaip3s0" postype="auxiliary" tense="present" wd="va"/>
      <v lem="explicar" lss="A32.ditransitive-patient-benefactive" mood="infinitive" pos="vmn0000" postype="main" wd="explicar"/>
    </grup.verb>
    <sp arg="argM" func="cc" tem="tmp">
      <prep>
        <s lem="durant" pos="sps00" postype="preposition" wd="durant"/>
      </prep>
      <sn>
        <spec gen="f" num="s">
          <d gen="f" lem="el" num="s" pos="da0fs0" postype="article" wd="la"/>
        </spec>
        <grup.nom gen="f" num="s">
          <n gen="f" lem="compareixença" num="s" pos="ncfs000" postype="common" sense="16:00800661" wd="compareixença"/>
          <sp>
            <prep>
              <s contracted="yes" gen="m" lem="del" num="s" pos="spcms" postype="preposition" wd="del"/>
            </prep>
            <sn>
              <grup.nom gen="m" num="s">
                <n gen="m" lem="banquer" num="s" pos="ncms000" postype="common" sense="16:07100512" wd="banquer"/>
              </grup.nom>
            </sn>
          </sp>
          <sp>
            <prep>
              <s lem="de" pos="sps00" postype="preposition" wd="de"/>
            </prep>
            <sn>
              <spec gen="f" num="s">
                <d gen="f" lem="el" num="s" pos="da0fs0" postype="article" wd="la"/>
              </spec>
              <grup.nom gen="f" num="s">
                <n gen="f" lem="setmana" num="s" pos="ncfs000" postype="common" sense="16:10862128" wd="setmana"/>
                <S clausetype="participle" impersonal="yes">
                  <participi>
                    <a gen="f" lem="passat" num="s" pos="aq0fsp" posfunction="participle" postype="qualificative" wd="passada"/>
                  </participi>
                </S>
              </grup.nom>
            </sn>
          </sp>
        </grup.nom>
      </sn>
    </sp>
    <S arg="arg1" clausetype="completive" coord="yes" func="cd" tem="pat">
      <S clausetype="completive">
        <conj conjunctiontype="subordinating">
          <c lem="que" pos="cs" postype="subordinating" wd="que"/>
        </conj>
        <sn arg="arg0" elliptic="yes" func="suj" tem="agt"/>
        <grup.verb>
          <v lem="haver" mood="indicative" num="p" person="3" pos="vaii3p0" postype="auxiliary" tense="imperfect" wd="havien"/>
          <v gen="m" lem="presentar" lss="A32.ditransitive-patient-benefactive" mood="participle" num="s" pos="vmp00sm" postype="main" wd="presentat"/>
        </grup.verb>
        <sn arg="arg1" func="cd" tem="pat">
          <spec gen="f" num="s">
            <d gen="f" lem="un" num="s" pos="dn0fs0" postype="numeral" wd="una"/>
          </spec>
          <grup.nom gen="f" num="s">
            <n gen="f" lem="denúncia" num="s" pos="ncfs000" postype="common" sense="16:05403815" wd="denúncia"/>
          </grup.nom>
        </sn>
        <sp arg="argM" func="cc" tem="loc">
          <prep>
            <s contracted="yes" gen="m" lem="al" num="s" pos="spcms" postype="preposition" wd="al"/>
          </prep>
          <sn entityref="ne" ne="location">
            <grup.nom gen="m" num="s">
              <n gen="m" lem="jutjat" num="s" pos="ncms000" postype="common" sense="16:06176884" wd="jutjat"/>
              <sp>
                <prep>
                  <s lem="de" pos="sps00" postype="preposition" wd="d'"/>
                </prep>
                <sn>
                  <grup.nom gen="f" num="s">
                    <n gen="f" lem="instrucció" num="s" pos="ncfs000" postype="common" sense="16:cs1" wd="instrucció"/>
                  </grup.nom>
                </sn>
              </sp>
              <sn entityref="ne" ne="number">
                <grup.nom gen="m" num="s">
                  <n gen="m" lem="número" num="s" pos="ncms000" postype="common" sense="16:09765658" wd="número"/>
                  <sn entityref="ne" ne="number">
                    <grup.nom>
                      <z lem="2" ne="number" wd="2"/>
                    </grup.nom>
                  </sn>
                </grup.nom>
              </sn>
              <sp>
                <prep>
                  <s lem="de" pos="sps00" postype="preposition" wd="de"/>
                </prep>
                <sn entityref="ne" ne="location">
                  <grup.nom>
                    <n lem="Barcelona" ne="location" pos="np0000l" postype="proper" wd="Barcelona"/>
                  </grup.nom>
                </sn>
              </sp>
            </grup.nom>
          </sn>
        </sp>
        <sp arg="argM" func="cc" tem="adv">
          <prep>
            <s lem="contra" pos="sps00" postype="preposition" wd="contra"/>
          </prep>
          <sn entityref="ne" ne="person">
            <grup.nom gen="f" num="s">
              <n lem="Olga_Ros" ne="person" pos="np0000p" postype="proper" sense="16:cs1" wd="Olga_Ros"/>
            </grup.nom>
          </sn>
        </sp>
        <sp arg="argM" func="cc" tem="cau">
          <prep>
            <s lem="per" pos="sps00" postype="preposition" wd="per"/>
          </prep>
          <sn>
            <spec gen="m" num="s">
              <d gen="m" lem="un" num="s" pos="di0ms0" postype="indefinite" wd="un"/>
            </spec>
            <grup.nom gen="m" num="s">
              <s.a gen="m" num="s">
                <grup.a gen="m" num="s">
                  <a gen="c" lem="possible" num="s" pos="aq0cs0" postype="qualificative" wd="possible"/>
                </grup.a>
              </s.a>
              <n gen="m" lem="delicte" num="s" pos="ncms000" postype="common" sense="16:00490590" wd="delicte"/>
              <sp>
                <prep>
                  <s lem="de" pos="sps00" postype="preposition" wd="d'"/>
                </prep>
                <sn>
                  <grup.nom gen="f" num="p">
                    <n gen="f" lem="amenaça" num="p" pos="ncfp000" postype="common" sense="16:05047680" wd="amenaces"/>
                    <s.a gen="f" num="p">
                      <grup.a gen="f" num="p">
                        <a gen="c" lem="condicional" num="p" pos="aq0cp0" postype="qualificative" wd="condicionals"/>
                      </grup.a>
                    </s.a>
                    <sp>
                      <prep>
                        <s lem="a" pos="sps00" postype="preposition" wd="a"/>
                      </prep>
                      <sn>
                        <spec gen="m" num="s">
                          <d gen="m" lem="un" num="s" pos="di0ms0" postype="indefinite" wd="un"/>
                        </spec>
                        <grup.nom gen="m" num="s">
                          <n gen="m" lem="membre" num="s" pos="ncms000" postype="common" sense="16:07404067" wd="membre"/>
                          <sp>
                            <prep>
                              <s lem="de" pos="sps00" postype="preposition" wd="de"/>
                            </prep>
                            <sn>
                              <spec gen="f" num="s">
                                <d gen="c" lem="el" num="s" pos="da0cs0" postype="article" wd="l'"/>
                              </spec>
                              <grup.nom gen="f" num="s">
                                <n gen="f" lem="empresa" num="s" pos="ncfs000" postype="common" sense="16:06004580" wd="empresa"/>
                              </grup.nom>
                            </sn>
                          </sp>
                          <S clausetype="relative">
                            <sp arg="arg2" func="ci" tem="ben">
                              <prep>
                                <s lem="a" pos="sps00" postype="preposition" wd="a"/>
                              </prep>
                              <relatiu>
                                <p gen="c" lem="qui" num="c" pos="pr0cn000" postype="relative" wd="qui"/>
                              </relatiu>
                            </sp>
                            <sn arg="arg0" elliptic="yes" func="suj" tem="agt"/>
                            <grup.verb>
                              <v lem="haver" mood="indicative" num="s" person="3" pos="vaic3s0" postype="auxiliary" tense="conditional" wd="hauria"/>
                              <v gen="m" lem="demanar" lss="A32.ditransitive-patient-benefactive" mood="participle" num="s" pos="vmp00sm" postype="main" wd="demanat"/>
                            </grup.verb>
                            <sn arg="arg1" func="cd" tem="pat">
                              <spec gen="m" num="s">
                                <d gen="m" lem="el" num="s" pos="da0ms0" postype="article" wd="el"/>
                              </spec>
                              <grup.nom gen="m" num="s">
                                <n gen="m" lem="cobrament" num="s" pos="ncms000" postype="common" sense="16:cs1" wd="cobrament"/>
                                <sp>
                                  <prep>
                                    <s lem="de" pos="sps00" postype="preposition" wd="d'"/>
                                  </prep>
                                  <sn>
                                    <spec gen="f" num="s">
                                      <d gen="f" lem="un" num="s" pos="di0fs0" postype="indefinite" wd="una"/>
                                    </spec>
                                    <grup.nom gen="f" num="s">
                                      <n gen="f" lem="indemnització" num="s" pos="ncfs000" postype="common" sense="16:00059926" wd="indemnització"/>
                                      <s.a gen="f" num="s">
                                        <grup.a gen="f" num="s">
                                          <a gen="f" lem="desproporcionat" num="s" pos="aq0fs0" postype="qualificative" wd="desproporcionada"/>
                                        </grup.a>
                                      </s.a>
                                    </grup.nom>
                                  </sn>
                                </sp>
                              </grup.nom>
                            </sn>
                            <sp arg="argM" func="cc" tem="cau">
                              <prep>
                                <s lem="en" pos="sps00" postype="preposition" wd="en"/>
                              </prep>
                              <S clausetype="completive" impersonal="yes">
                                <infinitiu>
                                  <v lem="ser" mood="infinitive" pos="vsn0000" postype="semiauxiliary" wd="ser"/>
                                  <v gen="f" lem="acomiadar" lss="B22.unaccusative-passive-transitive" mood="participle" num="s" pos="vmp00sf" postype="main" wd="acomiadada"/>
                                </infinitiu>
                              </S>
                            </sp>
                          </S>
                        </grup.nom>
                      </sn>
                    </sp>
                  </grup.nom>
                </sn>
              </sp>
            </grup.nom>
          </sn>
        </sp>
        <f lem="," pos="fc" punct="comma" wd=","/>
      </S>
      <conj conjunctiontype="coordinating">
        <c lem="i" pos="cc" postype="coordinating" wd="i"/>
      </conj>
      <S clausetype="completive">
        <conj conjunctiontype="subordinating">
          <c lem="que" pos="cs" postype="subordinating" wd="que"/>
        </conj>
        <sn arg="arg0" elliptic="yes" func="suj" tem="agt"/>
        <grup.verb>
          <v lem="haver" mood="indicative" num="s" person="3" pos="vaic3s0" postype="auxiliary" tense="conditional" wd="hauria"/>
          <v gen="m" lem="amenaçar" lss="A34.ditransitive-patient-theme" mood="participle" num="s" pos="vmp00sm" postype="main" wd="amenaçat"/>
        </grup.verb>
        <sp arg="arg3" func="creg" tem="tem">
          <prep>
            <s lem="de" pos="sps00" postype="preposition" wd="d'"/>
          </prep>
          <S clausetype="completive" impersonal="yes">
            <infinitiu>
              <v lem="interposar" lss="A21.transitive-agentive-patient" mood="infinitive" pos="vmn0000" postype="main" wd="interposar"/>
            </infinitiu>
            <sn arg="arg1" func="cd" tem="pat">
              <spec gen="f" num="s">
                <d gen="f" lem="un" num="s" pos="di0fs0" postype="indefinite" wd="una"/>
              </spec>
              <grup.nom gen="f" num="s">
                <n gen="f" lem="querella" num="s" pos="ncfs000" postype="common" sense="16:05402928" wd="querella"/>
              </grup.nom>
            </sn>
            <sp arg="argM" func="cc" tem="adv">
              <prep>
                <s lem="contra" pos="sps00" postype="preposition" wd="contra"/>
              </prep>
              <sn entityref="ne" ne="person">
                <grup.nom gen="m" num="s">
                  <n lem="Hortalà" ne="person" pos="np0000p" postype="proper" sense="16:cs1" wd="Hortalà"/>
                </grup.nom>
              </sn>
            </sp>
            <S clausesubtype="conditional" clausetype="adverbial" func="ao">
              <conj conjunctiontype="subordinating">
                <c lem="en_cas_que" pos="cs" postype="subordinating" wd="en_cas_que"/>
              </conj>
              <sn arg="arg1" func="suj" tem="pat">
                <spec gen="f" num="p">
                  <d gen="f" lem="el_seu" num="p" person="3" pos="dp3fp0" postype="possessive" wd="les_seves"/>
                </spec>
                <grup.nom gen="f" num="p">
                  <n gen="f" lem="petició" num="p" pos="ncfp000" postype="common" sense="16:04888919" wd="peticions"/>
                </grup.nom>
              </sn>
              <neg func="mod">
                <r lem="no" pos="rn" postype="negative" wd="no"/>
              </neg>
              <grup.verb>
                <v lem="ser" mood="subjunctive" num="p" person="3" pos="vssp3p0" postype="semiauxiliary" tense="present" wd="fossin"/>
                <v gen="f" lem="escoltar" lss="B22.unaccusative-passive-transitive" mood="participle" num="p" pos="vmp00pf" postype="main" wd="escoltades"/>
              </grup.verb>
            </S>
          </S>
        </sp>
      </S>
    </S>
    <f lem="." pos="fp" punct="period" wd="."/>
  </sentence>
  <sentence>
    <sn arg="arg1" func="suj" tem="tem">
      <spec gen="f" num="s">
        <d gen="f" lem="el" num="s" pos="da0fs0" postype="article" wd="La"/>
      </spec>
      <grup.nom gen="f" num="s">
        <n gen="f" lem="resolució" num="s" pos="ncfs000" postype="common" sense="16:00099792" wd="resolució"/>
        <sp>
          <prep>
            <s lem="de" pos="sps00" postype="preposition" wd="d'"/>
          </prep>
          <sn>
            <spec gen="m" num="s">
              <d gen="m" lem="aquest" num="s" pos="dd0ms0" postype="demonstrative" wd="aquest"/>
            </spec>
            <grup.nom gen="m" num="s">
              <n gen="m" lem="conflicte" num="s" pos="ncms000" postype="common" sense="16:cs1" wd="conflicte"/>
              <sp>
                <prep>
                  <s lem="per" pos="sps00" postype="preposition" wd="per"/>
                </prep>
                <sn>
                  <spec gen="m" num="s">
                    <d gen="c" lem="el" num="s" pos="da0cs0" postype="article" wd="l'"/>
                  </spec>
                  <grup.nom gen="m" num="s">
                    <n gen="m" lem="acomiadament" num="s" pos="ncms000" postype="common" sense="16:00140714" wd="acomiadament"/>
                  </grup.nom>
                </sn>
              </sp>
            </grup.nom>
          </sn>
        </sp>
      </grup.nom>
    </sn>
    <grup.verb>
      <v lem="poder" mood="indicative" num="s" person="3" pos="vmic3s0" postype="main" tense="conditional" wd="podria"/>
      <infinitiu>
        <v lem="significar" lss="C21.state-attributive" mood="infinitive" pos="vmn0000" postype="main" wd="significar"/>
      </infinitiu>
    </grup.verb>
    <sn arg="arg2" coord="yes" func="cd" functype="quantitative" tem="atr">
      <sn>
        <spec gen="f" num="s">
          <d gen="f" lem="el" num="s" pos="da0fs0" postype="article" wd="la"/>
        </spec>
        <grup.nom gen="f" num="s">
          <n gen="f" lem="retirada" num="s" pos="ncfs000" postype="common" sense="16:00029961" wd="retirada"/>
          <sp>
            <prep>
              <s lem="de" pos="sps00" postype="preposition" wd="de"/>
            </prep>
            <sn>
              <spec gen="f" num="p">
                <d gen="f" lem="el" num="p" pos="da0fp0" postype="article" wd="les"/>
              </spec>
              <grup.nom gen="f" num="p">
                <n gen="f" lem="querella" num="p" pos="ncfp000" postype="common" sense="16:05402928" wd="querelles"/>
                <S clausetype="participle" impersonal="yes">
                  <participi>
                    <a gen="f" lem="creuat" num="p" pos="aq0fpp" posfunction="participle" postype="qualificative" wd="creuades"/>
                  </participi>
                </S>
              </grup.nom>
            </sn>
          </sp>
          <sp coord="yes">
            <sp>
              <prep>
                <s lem="per_part_de" pos="sps00" postype="preposition" wd="per_part_d'"/>
              </prep>
              <sn entityref="ne" ne="person">
                <grup.nom gen="m" num="s">
                  <n lem="Hortalà" ne="person" pos="np0000p" postype="proper" sense="16:cs1" wd="Hortalà"/>
                </grup.nom>
              </sn>
            </sp>
            <conj conjunctiontype="coordinating">
              <c lem="i" pos="cc" postype="coordinating" wd="i"/>
            </conj>
            <sp>
              <prep>
                <s lem="de" pos="sps00" postype="preposition" wd="de"/>
              </prep>
              <sn entityref="ne" ne="person">
                <grup.nom gen="f" num="s">
                  <n lem="Ros" ne="person" pos="np0000p" postype="proper" sense="16:cs1" wd="Ros"/>
                </grup.nom>
              </sn>
            </sp>
          </sp>
        </grup.nom>
        <f lem="," pos="fc" punct="comma" wd=","/>
      </sn>
      <conj conjunctiontype="coordinating">
        <c lem="i" pos="cc" postype="coordinating" wd="i"/>
      </conj>
      <sn>
        <sadv adjunct="yes">
          <grup.adv>
            <r lem="fins_i_tot" pos="rg" wd="fins_i_tot"/>
          </grup.adv>
        </sadv>
        <sn>
          <spec gen="m" num="s">
            <d gen="c" lem="el" num="s" pos="da0cs0" postype="article" wd="l'"/>
          </spec>
          <grup.nom gen="m" num="s">
            <n gen="m" lem="arxiu" num="s" pos="ncms000" postype="common" sense="16:04946355" wd="arxiu"/>
            <sp>
              <prep>
                <s contracted="yes" gen="m" lem="del" num="p" pos="spcmp" postype="preposition" wd="dels"/>
              </prep>
              <sn>
                <grup.nom gen="m" num="p">
                  <n gen="m" lem="procediment" num="p" pos="ncmp000" postype="common" sense="16:00660588" wd="procediments"/>
                </grup.nom>
              </sn>
            </sp>
          </grup.nom>
        </sn>
      </sn>
    </sn>
    <f lem="." pos="fp" punct="period" wd="."/>
  </sentence>
  <sentence>
    <sn arg="arg0" func="suj" tem="agt">
      <spec gen="f" num="s">
        <d gen="f" lem="el" num="s" pos="da0fs0" postype="article" wd="La"/>
      </spec>
      <grup.nom gen="f" num="s">
        <n gen="f" lem="querella" num="s" pos="ncfs000" postype="common" sense="16:05402928" wd="querella"/>
        <sp>
          <prep>
            <s lem="contra" pos="sps00" postype="preposition" wd="contra"/>
          </prep>
          <sn entityref="ne" ne="person">
            <grup.nom gen="m" num="s">
              <n lem="Hortalà" ne="person" pos="np0000p" postype="proper" sense="16:cs1" wd="Hortalà"/>
            </grup.nom>
          </sn>
        </sp>
        <S clausetype="relative">
          <relatiu arg="arg1" func="cd" tem="pat">
            <p gen="c" lem="que" num="c" pos="pr0cn000" postype="relative" wd="que"/>
          </relatiu>
          <grup.verb>
            <v lem="investigar" lss="A21.transitive-agentive-patient" mood="indicative" num="s" person="3" pos="vmip3s0" postype="main" tense="present" wd="investiga"/>
          </grup.verb>
          <sn arg="arg0" entityref="ne" func="suj" ne="organization" tem="agt">
            <spec gen="m" num="s">
              <d gen="m" lem="el" num="s" pos="da0ms0" postype="article" wd="el"/>
            </spec>
            <grup.nom gen="m" num="s">
              <n gen="m" lem="jutjat" num="s" pos="ncms000" postype="common" sense="16:06176884" wd="jutjat"/>
              <sp>
                <prep>
                  <s lem="de" pos="sps00" postype="preposition" wd="d'"/>
                </prep>
                <sn>
                  <grup.nom gen="f" num="s">
                    <n gen="f" lem="instrucció" num="s" pos="ncfs000" postype="common" sense="16:cs1" wd="instrucció"/>
                  </grup.nom>
                </sn>
              </sp>
              <sn entityref="ne" ne="number">
                <grup.nom gen="m" num="s">
                  <n gen="m" lem="número" num="s" pos="ncms000" postype="common" sense="16:09765658" wd="número"/>
                  <sn entityref="ne" ne="number">
                    <grup.nom>
                      <z lem="25" ne="number" wd="25"/>
                    </grup.nom>
                  </sn>
                </grup.nom>
              </sn>
              <sp>
                <prep>
                  <s lem="de" pos="sps00" postype="preposition" wd="de"/>
                </prep>
                <sn entityref="ne" ne="location">
                  <grup.nom>
                    <n lem="Barcelona" ne="location" pos="np0000l" postype="proper" wd="Barcelona"/>
                  </grup.nom>
                </sn>
              </sp>
            </grup.nom>
          </sn>
        </S>
      </grup.nom>
    </sn>
    <grup.verb>
      <v lem="relatar" lss="A21.transitive-agentive-patient" mood="indicative" num="s" person="3" pos="vmip3s0" postype="main" tense="present" wd="relata"/>
    </grup.verb>
    <S arg="arg1" clausetype="completive" func="cd" tem="pat">
      <conj conjunctiontype="subordinating">
        <c lem="que" pos="cs" postype="subordinating" wd="que"/>
      </conj>
      <sn arg="arg0" func="suj" tem="agt">
        <spec gen="m" num="s">
          <d gen="m" lem="el" num="s" pos="da0ms0" postype="article" wd="el"/>
        </spec>
        <grup.nom gen="m" num="s">
          <n gen="m" lem="banquer" num="s" pos="ncms000" postype="common" sense="16:07100512" wd="banquer"/>
        </grup.nom>
      </sn>
      <grup.verb>
        <v lem="anar" mood="indicative" num="s" person="3" pos="vaip3s0" postype="auxiliary" tense="present" wd="va"/>
        <v lem="sotmetre" lss="A34.ditransitive-patient-theme" mood="infinitive" pos="vmn0000" postype="main" wd="sotmetre"/>
      </grup.verb>
      <sp arg="arg2" func="creg" tem="tem">
        <prep>
          <s lem="a" pos="sps00" postype="preposition" wd="a"/>
        </prep>
        <sn>
          <grup.nom gen="m" num="s">
            <n gen="m" lem="assetjament" num="s" pos="ncms000" postype="common" sense="16:cs1" wd="assetjament"/>
            <s.a gen="m" num="s">
              <grup.a gen="m" num="s">
                <a gen="c" lem="sexual" num="s" pos="aq0cs0" postype="qualificative" wd="sexual"/>
              </grup.a>
            </s.a>
          </grup.nom>
        </sn>
      </sp>
      <sn arg="arg1" entityref="ne" func="cd" ne="person" tem="pat">
        <spec gen="f" num="s">
          <d gen="f" lem="el_seu" num="s" person="3" pos="dp3fs0" postype="possessive" wd="la_seva"/>
        </spec>
        <grup.nom gen="f" num="s">
          <n gen="f" lem="secretària" num="s" pos="ncfs000" postype="common" sense="16:cs1" wd="secretària"/>
          <sn entityref="ne" ne="person">
            <grup.nom gen="f" num="s">
              <n lem="Olga_Ros" ne="person" pos="np0000p" postype="proper" sense="16:cs1" wd="Olga_Ros"/>
            </grup.nom>
          </sn>
        </grup.nom>
      </sn>
      <sp arg="argM" func="cc" tem="tmp">
        <prep>
          <s lem="durant" pos="sps00" postype="preposition" wd="durant"/>
        </prep>
        <sn>
          <spec gen="m" num="p">
            <d gen="m" lem="dos" num="p" pos="dn0mp0" postype="numeral" wd="dos"/>
          </spec>
          <grup.nom gen="m" num="p">
            <n gen="m" lem="any" num="p" pos="ncmp000" postype="common" sense="16:10917509" wd="anys"/>
          </grup.nom>
        </sn>
      </sp>
      <S arg="argM" clausetype="adverbial" func="cc" impersonal="yes" tem="adv">
        <f lem="," pos="fc" punct="comma" wd=","/>
        <sadv func="ao">
          <grup.adv>
            <r lem="tot" pos="rg" wd="tot"/>
          </grup.adv>
        </sadv>
        <gerundi>
          <v lem="abocar" lss="A31.ditransitive-patient-locative" mood="gerund" pos="vmg0000" postype="main" wd="abocant"/>
        </gerundi>
        <sn arg="arg1" func="cd" tem="pat">
          <spec gen="f" num="s">
            <d gen="f" lem="el" num="s" pos="da0fs0" postype="article" wd="la"/>
          </spec>
          <grup.nom gen="f" num="s">
            <n gen="f" lem="dona" num="s" pos="ncfs000" postype="common" sense="16:07684780" wd="dona"/>
          </grup.nom>
        </sn>
        <sp arg="argM" func="cc" tem="loc">
          <prep>
            <s lem="a" pos="sps00" postype="preposition" wd="a"/>
          </prep>
          <sn>
            <spec gen="m" num="s">
              <d gen="m" lem="un" num="s" pos="di0ms0" postype="indefinite" wd="un"/>
            </spec>
            <grup.nom gen="m" num="s">
              <n gen="m" lem="estat" num="s" pos="ncms000" postype="common" sense="16:cs1" wd="estat"/>
              <s.a gen="m" num="s">
                <grup.a gen="m" num="s">
                  <a gen="m" lem="depressiu" num="s" pos="aq0ms0" postype="qualificative" wd="depressiu"/>
                </grup.a>
              </s.a>
            </grup.nom>
          </sn>
        </sp>
      </S>
    </S>
    <f lem="." pos="fp" punct="period" wd="."/>
  </sentence>
  <sentence coord="yes">
    <S>
      <sn arg="arg0" entityref="ne" func="suj" ne="person" tem="agt">
        <grup.nom gen="f" num="s">
          <n lem="Ros" ne="person" pos="np0000p" postype="proper" sense="16:cs1" wd="Ros"/>
        </grup.nom>
      </sn>
      <grup.verb>
        <v lem="haver" mood="indicative" num="s" person="3" pos="vaip3s0" postype="auxiliary" tense="present" wd="ha"/>
        <v gen="m" lem="aportar" lss="A21.transitive-agentive-patient" mood="participle" num="s" pos="vmp00sm" postype="main" wd="aportat"/>
      </grup.verb>
      <sn arg="arg1" func="cd" tem="pat">
        <grup.nom gen="f" num="p">
          <n gen="f" lem="prova" num="p" pos="ncfp000" postype="common" sense="16:cs1" wd="proves"/>
          <s.a gen="f" num="p">
            <grup.a gen="f" num="p">
              <a gen="f" lem="mèdic" num="p" pos="aq0fp0" postype="qualificative" wd="mèdiques"/>
            </grup.a>
          </s.a>
          <S clausetype="relative">
            <relatiu arg="arg0" func="suj" tem="agt">
              <p gen="c" lem="que" num="c" pos="pr0cn000" postype="relative" wd="que"/>
            </relatiu>
            <S clausetype="adverbial" func="ao">
              <conj conjunctiontype="subordinating">
                <c lem="segons" pos="cs" postype="subordinating" wd="segons"/>
              </conj>
              <grup.verb>
                <v lem="dir" lss="A32.ditransitive-patient-benefactive" mood="indicative" num="s" person="3" pos="vmip3s0" postype="main" tense="present" wd="diu"/>
              </grup.verb>
              <sn arg="arg0" elliptic="yes" func="suj" tem="agt"/>
            </S>
            <grup.verb>
              <v lem="demostrar" lss="A21.transitive-agentive-patient" mood="indicative" num="p" person="3" pos="vmip3p0" postype="main" tense="present" wd="demostren"/>
            </grup.verb>
            <sn arg="arg1" func="cd" tem="pat">
              <spec gen="m" num="s">
                <d gen="m" lem="aquest" num="s" pos="dd0ms0" postype="demonstrative" wd="aquest"/>
              </spec>
              <grup.nom gen="m" num="s">
                <n gen="m" lem="fet" num="s" pos="ncms000" postype="common" sense="16:05432762" wd="fet"/>
              </grup.nom>
            </sn>
          </S>
        </grup.nom>
      </sn>
      <f lem="," pos="fc" punct="comma" wd=","/>
    </S>
    <conj conjunctiontype="coordinating">
      <c lem="i" pos="cc" postype="coordinating" wd="i"/>
    </conj>
    <S>
      <sn arg="arg0" elliptic="yes" func="suj" tem="agt"/>
      <grup.verb>
        <v lem="explicar" lss="A32.ditransitive-patient-benefactive" mood="indicative" num="s" person="3" pos="vmip3s0" postype="main" tense="present" wd="explica"/>
      </grup.verb>
      <sp arg="argM" func="cc" tem="loc">
        <prep>
          <s lem="en" pos="sps00" postype="preposition" wd="en"/>
        </prep>
        <sn>
          <spec gen="m" num="s">
            <d gen="m" lem="el_seu" num="s" person="3" pos="dp3ms0" postype="possessive" wd="el_seu"/>
          </spec>
          <grup.nom gen="m" num="s">
            <n gen="m" lem="escrit" num="s" pos="ncms000" postype="common" sense="16:04797504" wd="escrit"/>
          </grup.nom>
        </sn>
      </sp>
      <S arg="arg1" clausetype="completive" func="cd" tem="pat">
        <conj conjunctiontype="subordinating">
          <c lem="que" pos="cs" postype="subordinating" wd="que"/>
        </conj>
        <sn arg="arg1" func="suj" tem="tem">
          <spec gen="m" num="p">
            <d gen="m" lem="el" num="p" pos="da0mp0" postype="article" wd="els"/>
          </spec>
          <grup.nom gen="m" num="p">
            <n gen="m" lem="fet" num="p" pos="ncmp000" postype="common" sense="16:05432762" wd="fets"/>
          </grup.nom>
        </sn>
        <grup.verb>
          <v lem="anar" mood="indicative" num="p" person="3" pos="vaip3p0" postype="auxiliary" tense="present" wd="van"/>
          <v lem="passar" lss="C42.state-experiencer" mood="infinitive" pos="vmn0000" postype="main" wd="passar"/>
        </grup.verb>
        <sn arg="argM" coord="yes" func="cc" tem="tmp">
          <conj conjunctiontype="coordinating">
            <s lem="entre" pos="sps00" postype="preposition" wd="entre"/>
          </conj>
          <sn entityref="ne" ne="date">
            <grup.nom gen="m" num="s">
              <w lem="[??:??/??/1998:??.??]" ne="date" wd="1998"/>
            </grup.nom>
          </sn>
          <conj conjunctiontype="coordinating">
            <c lem="i" pos="cc" postype="coordinating" wd="i"/>
          </conj>
          <sn entityref="ne" ne="date">
            <spec gen="m" num="s">
              <d gen="c" lem="el" num="s" pos="da0cs0" postype="article" wd="l'"/>
            </spec>
            <grup.nom gen="m" num="s">
              <w lem="[??:??/??/2000:??.??]" ne="date" wd="any_2000"/>
            </grup.nom>
          </sn>
        </sn>
        <S arg="argM" clausetype="adverbial" coord="yes" func="cc" tem="tmp">
          <f lem="," pos="fc" punct="comma" wd=","/>
          <conj conjunctiontype="subordinating">
            <c lem="quan" pos="cs" postype="subordinating" wd="quan"/>
          </conj>
          <S clausetype="adverbial">
            <sn arg="arg0" entityref="ne" func="suj" ne="person" tem="agt">
              <grup.nom gen="m" num="s">
                <n lem="Hortalà" ne="person" pos="np0000p" postype="proper" sense="16:cs1" wd="Hortalà"/>
              </grup.nom>
            </sn>
            <grup.verb>
              <v lem="anar" mood="indicative" num="s" person="3" pos="vaip3s0" postype="auxiliary" tense="present" wd="va"/>
              <v lem="intentar" lss="A21.transitive-agentive-patient" mood="infinitive" pos="vmn0000" postype="main" wd="intentar"/>
            </grup.verb>
            <sp arg="argM" func="cc" tem="adv">
              <prep>
                <s lem="en" pos="sps00" postype="preposition" wd="en"/>
              </prep>
              <sn>
                <spec gen="f" num="p">
                  <d gen="f" lem="nombrós" num="p" pos="di0fp0" postype="indefinite" wd="nombroses"/>
                </spec>
                <grup.nom gen="f" num="p">
                  <n gen="f" lem="ocasió" num="p" pos="ncfp000" postype="common" sense="16:cs1" wd="ocasions"/>
                </grup.nom>
              </sn>
            </sp>
            <S arg="arg1" clausetype="completive" coord="yes" func="cd" impersonal="yes" tem="pat">
              <S clausetype="completive" impersonal="yes">
                <infinitiu>
                  <v lem="descordar" lss="A21.transitive-agentive-patient" mood="infinitive" pos="vmn0000" postype="main" wd="descordar"/>
                </infinitiu>
                <sn arg="arg2" func="ci" tem="ben">
                  <grup.nom num="s">
                    <p case="dative" gen="c" lem="ell" num="s" person="3" pos="pp3csd00" postype="personal" wd="-li"/>
                  </grup.nom>
                </sn>
                <sn arg="arg1" func="cd" tem="pat">
                  <spec gen="m" num="s">
                    <d gen="m" lem="el" num="s" pos="da0ms0" postype="article" wd="el"/>
                  </spec>
                  <grup.nom gen="m" num="s">
                    <n gen="m" lem="sostenidor" num="s" pos="ncms000" postype="common" sense="16:cs1" wd="sostenidor"/>
                  </grup.nom>
                </sn>
              </S>
              <f lem="," pos="fc" punct="comma" wd=","/>
              <S clausetype="completive" impersonal="yes">
                <infinitiu>
                  <v lem="aixecar" lss="A21.transitive-agentive-patient" mood="infinitive" pos="vmn0000" postype="main" wd="aixecar"/>
                </infinitiu>
                <sn arg="arg2" func="ci" tem="ben">
                  <grup.nom num="s">
                    <p case="dative" gen="c" lem="ell" num="s" person="3" pos="pp3csd00" postype="personal" wd="-li"/>
                  </grup.nom>
                </sn>
                <sn arg="arg1" func="cd" tem="pat">
                  <spec gen="f" num="s">
                    <d gen="f" lem="el" num="s" pos="da0fs0" postype="article" wd="la"/>
                  </spec>
                  <grup.nom gen="f" num="s">
                    <n gen="f" lem="faldilla" num="s" pos="ncfs000" postype="common" sense="16:03346396" wd="faldilla"/>
                  </grup.nom>
                </sn>
              </S>
            </S>
          </S>
          <conj conjunctiontype="coordinating">
            <c lem="i" pos="cc" postype="coordinating" wd="i"/>
          </conj>
          <S clausetype="adverbial">
            <sn arg="arg0" elliptic="yes" func="suj" tem="agt"/>
            <sn arg="arg2" func="ci" tem="ben">
              <grup.nom num="s">
                <p case="dative" gen="c" lem="ell" num="s" person="3" pos="pp3csd00" postype="personal" wd="li"/>
              </grup.nom>
            </sn>
            <grup.verb>
              <v lem="fer" lss="A21.transitive-agentive-patient" mood="indicative" num="s" person="3" pos="vmii3s0" postype="main" tense="imperfect" wd="feia"/>
            </grup.verb>
            <sn arg="arg1" complex="yes" func="cd" tem="pat">
              <grup.nom coord="yes">
                <grup.nom gen="m" num="p">
                  <n gen="m" lem="comentari" num="p" pos="ncmp000" postype="common" sense="16:05394227" wd="comentaris"/>
                  <sp>
                    <prep>
                      <s lem="de" pos="sps00" postype="preposition" wd="de"/>
                    </prep>
                    <sn>
                      <grup.nom gen="m" num="s">
                        <n gen="m" lem="contingut" num="s" pos="ncms000" postype="common" sense="16:04949838" wd="contingut"/>
                        <s.a gen="m" num="s">
                          <grup.a gen="m" num="s">
                            <a gen="c" lem="sexual" num="s" pos="aq0cs0" postype="qualificative" wd="sexual"/>
                          </grup.a>
                        </s.a>
                      </grup.nom>
                    </sn>
                  </sp>
                </grup.nom>
                <conj conjunctiontype="coordinating">
                  <c lem="i" pos="cc" postype="coordinating" wd="i"/>
                </conj>
                <grup.nom gen="f" num="p">
                  <n gen="f" lem="proposició" num="p" pos="ncfp000" postype="common" sense="16:05355066" wd="proposicions"/>
                  <s.a gen="f" num="p">
                    <grup.a gen="f" num="p">
                      <a gen="f" lem="deshonest" num="p" pos="aq0fp0" postype="qualificative" wd="deshonestes"/>
                    </grup.a>
                  </s.a>
                </grup.nom>
              </grup.nom>
            </sn>
            <sp arg="argM" func="cc" tem="fin">
              <prep>
                <s lem="per" pos="sps00" postype="preposition" wd="per"/>
              </prep>
              <S clausetype="completive" impersonal="yes">
                <infinitiu>
                  <v lem="mirar" mood="infinitive" pos="vmn0000" postype="main" wd="mirar"/>
                  <s lem="de" pos="sps00" postype="preposition" wd="d'"/>
                  <infinitiu>
                    <v lem="aconseguir" lss="A21.transitive-agentive-patient" mood="infinitive" pos="vmn0000" postype="main" wd="aconseguir"/>
                  </infinitiu>
                </infinitiu>
                <sn arg="arg1" func="cd" tem="pat">
                  <grup.nom gen="f" num="p">
                    <n gen="f" lem="relació" num="p" pos="ncfp000" postype="common" sense="16:10036039" wd="relacions"/>
                    <s.a gen="f" num="p">
                      <grup.a gen="f" num="p">
                        <a gen="c" lem="sexual" num="p" pos="aq0cp0" postype="qualificative" wd="sexuals"/>
                      </grup.a>
                    </s.a>
                    <sp>
                      <prep>
                        <s lem="amb" pos="sps00" postype="preposition" wd="amb"/>
                      </prep>
                      <sn>
                        <grup.nom gen="f" num="s">
                          <p gen="f" lem="ell" num="s" person="3" pos="pp3fs000" postype="personal" wd="ella"/>
                        </grup.nom>
                      </sn>
                    </sp>
                  </grup.nom>
                </sn>
              </S>
            </sp>
          </S>
        </S>
      </S>
    </S>
    <f lem="." pos="fp" punct="period" wd="."/>
  </sentence>
</article>
