<?xml version="1.0" encoding="UTF-8"?>
<!-- 

  ancora-2.0
       
			Copyright (C) 2007, 2008, 2009, 2010, 2011 UB - CLiC
			Centre de Llenguatge i Computació - Universitat de Barcelona
 
  This file is part of ancora-2.0.
 
  ancora-2.0 is free software and data: you can redistribute it and/or modify
  it under the terms of the GNU General Public License as published
  by the Free Software Foundation, either version 3 of the License,
  or (at your option) any later version.

  ancora-2.0 is distributed in the hope that it will be useful,
  but WITHOUT ANY WARRANTY; without even the implied warranty of
  MERCHANTABILITY or FITNESS FOR A PARTICULAR PURPOSE.  See the
  GNU General Public License for more details.
 
  You should have received a copy of the GNU General Public License
  along with ancora-2.0.  If not, see &lt;http://www.gnu.org/licenses/&gt;.
 
  Check a text in catalan explaining the terms of the license at http://www.softcatala.cat/wiki/GPL3.
  In spanish at http://www.viti.es/gnu/licenses/gpl.html
 

  The following paper must be cited when using this corpus:

 * Taulé, M., M.A. Martí, M. Recasens (2008) 'Ancora: Multilevel Annotated Corpora for Catalan and Spanish',
   Proceedings of 6th International Conference on Language Resources and Evaluation. Marrakesh (Morocco).

  In addition, the following paper must be cited if coreference information (attributes entity, coreftype,
  corefsubtype, homophoricDD or entityref) is used:

 * Recasens, Marta, M. Antònia Martí (2010) ‘AnCora-CO: Coreferentially annotated corpora for Spanish and
   Catalan’. Language Resources and Evaluation, Springer Science.

  Additionally, the following paper must be cited when argumental attributes in "sn" or "grup.nom"
  (attributes func, arg, tem or lexicalid) are used:

 * Peris, Aina, Mariona Taulé, Horacio Rodríguez (2010) ‘Semantic Annotation of Deverbal Nominalizations in the
   Spanish AnCora corpus’. Treebanks and Linguistic Theories (TLT-2010), Estonia.
-->
<article lng="ca">
  <sentence>
    <sn arg="arg0" entityref="ne" func="suj" ne="organization" tem="agt">
      <spec gen="f" num="s">
        <d gen="f" lem="el" num="s" pos="da0fs0" postype="article" wd="La"/>
      </spec>
      <grup.nom gen="f" num="s">
        <n lem="Generalitat" ne="organization" pos="np0000o" postype="proper" sense="16:cs1" wd="Generalitat"/>
      </grup.nom>
    </sn>
    <grup.verb>
      <v lem="haver" mood="indicative" num="s" person="3" pos="vaip3s0" postype="auxiliary" tense="present" wd="ha"/>
      <v gen="m" lem="adjudicar" lss="A32.ditransitive-patient-benefactive" mood="participle" num="s" pos="vmp00sm" postype="main" wd="adjudicat"/>
    </grup.verb>
    <sn arg="arg1" func="cd" tem="pat">
      <spec gen="f" num="p">
        <d gen="f" lem="el" num="p" pos="da0fp0" postype="article" wd="les"/>
      </spec>
      <grup.nom gen="f" num="p">
        <n gen="f" lem="obra" num="p" pos="ncfp000" postype="common" sense="16:50005895" wd="obres"/>
        <sp>
          <prep>
            <s contracted="yes" gen="m" lem="del" num="s" pos="spcms" postype="preposition" wd="del"/>
          </prep>
          <sn>
            <grup.nom gen="m" num="s">
              <n gen="m" lem="vial" num="s" pos="ncms000" postype="common" sense="16:02604969" wd="vial"/>
              <sp>
                <prep>
                  <s lem="de" pos="sps00" postype="preposition" wd="de"/>
                </prep>
                <sn>
                  <grup.nom gen="f" num="s">
                    <n gen="f" lem="ronda" num="s" pos="ncfs000" postype="common" sense="16:02361368" wd="ronda"/>
                  </grup.nom>
                </sn>
              </sp>
              <s.a gen="f" num="s">
                <grup.a gen="f" num="s">
                  <n gen="m" lem="est" num="s" pos="ncms000" postype="common" sense="16:09964070" wd="est"/>
                </grup.a>
              </s.a>
              <sp>
                <prep>
                  <s lem="de" pos="sps00" postype="preposition" wd="d'"/>
                </prep>
                <sn>
                  <grup.nom gen="m" num="s">
                    <n gen="m" lem="accés" num="s" pos="ncms000" postype="common" sense="16:02159544" wd="accés"/>
                    <sp>
                      <prep>
                        <s contracted="yes" gen="m" lem="al" num="s" pos="spcms" postype="preposition" wd="al"/>
                      </prep>
                      <sn entityref="ne" ne="location">
                        <grup.nom gen="m" num="s">
                          <n gen="m" lem="port" num="s" pos="ncms000" postype="common" sense="16:03608465" wd="port"/>
                          <sp>
                            <prep>
                              <s lem="de" pos="sps00" postype="preposition" wd="de"/>
                            </prep>
                            <sn entityref="ne" ne="location">
                              <grup.nom>
                                <n lem="Palamós" ne="location" pos="np0000l" postype="proper" sense="16:cs1" wd="Palamós"/>
                              </grup.nom>
                            </sn>
                          </sp>
                        </grup.nom>
                      </sn>
                    </sp>
                  </grup.nom>
                </sn>
              </sp>
              <S clausetype="participle" impersonal="yes">
                <f lem="," pos="fc" punct="comma" wd=","/>
                <participi>
                  <a gen="m" lem="pressupostat" lss="B22.unaccusative-passive-transitive" num="s" pos="aq0msp" posfunction="participle" postype="qualificative" wd="pressupostat"/>
                </participi>
                <sp arg="argM" func="cc" tem="ext">
                  <prep>
                    <s lem="en" pos="sps00" postype="preposition" wd="en"/>
                  </prep>
                  <sn entityref="ne" ne="number">
                    <spec gen="m" num="p">
                      <z lem="400" ne="number" wd="400"/>
                    </spec>
                    <grup.nom gen="m" num="p">
                      <n gen="m" lem="milió" num="p" pos="ncmp000" postype="common" sense="16:09902865" wd="milions"/>
                      <sp>
                        <prep>
                          <s lem="de" pos="sps00" postype="preposition" wd="de"/>
                        </prep>
                        <sn entityref="ne" ne="number">
                          <grup.nom gen="f" num="p">
                            <z lem="pesseta" ne="number" pos="zm" postype="currency" wd="pessetes"/>
                          </grup.nom>
                        </sn>
                      </sp>
                    </grup.nom>
                  </sn>
                </sp>
              </S>
            </grup.nom>
          </sn>
        </sp>
      </grup.nom>
    </sn>
    <f lem="." pos="fp" punct="period" wd="."/>
  </sentence>
  <sentence coord="yes">
    <S>
      <sn arg="arg0" entityref="ne" func="suj" ne="organization" tem="agt">
        <spec gen="f" num="s">
          <d gen="f" lem="el" num="s" pos="da0fs0" postype="article" wd="La"/>
        </spec>
        <grup.nom gen="f" num="s">
          <n lem="Generalitat" ne="organization" pos="np0000o" postype="proper" sense="16:cs1" wd="Generalitat"/>
        </grup.nom>
      </sn>
      <sn arg="argM" func="cc" tem="loc">
        <grup.nom>
          <p gen="c" lem="hi" num="c" person="3" pos="pp3cn000" postype="personal" wd="hi"/>
        </grup.nom>
      </sn>
      <grup.verb>
        <v lem="aportar" lss="A21.transitive-agentive-patient" mood="indicative" num="s" person="3" pos="vmip3s0" postype="main" tense="present" wd="aporta"/>
      </grup.verb>
      <sn arg="arg1" func="cd" tem="pat">
        <spec gen="m" num="p">
          <z lem="250" ne="number" wd="250"/>
        </spec>
        <grup.nom gen="m" num="p">
          <n gen="m" lem="milió" num="p" pos="ncmp000" postype="common" sense="16:09902865" wd="milions"/>
        </grup.nom>
      </sn>
    </S>
    <conj conjunctiontype="coordinating">
      <c lem="i" pos="cc" postype="coordinating" wd="i"/>
    </conj>
    <S verbless="yes">
      <sn entityref="ne" ne="organization">
        <spec gen="m" num="s">
          <d gen="c" lem="el" num="s" pos="da0cs0" postype="article" wd="l'"/>
        </spec>
        <grup.nom gen="m" num="s">
          <n lem="Ajuntament_de_Palamós" ne="organization" pos="np0000o" postype="proper" sense="16:cs1" wd="Ajuntament_de_Palamós"/>
        </grup.nom>
      </sn>
      <sn>
        <spec gen="f" num="s">
          <d gen="f" lem="el" num="s" pos="da0fs0" postype="article" wd="la"/>
        </spec>
        <grup.nom gen="f" num="s">
          <n gen="f" lem="resta" num="s" pos="ncfs000" postype="common" sense="16:09947291" wd="resta"/>
        </grup.nom>
      </sn>
    </S>
    <f lem="." pos="fp" punct="period" wd="."/>
  </sentence>
  <sentence>
    <sn arg="arg0" entityref="ne" func="suj" ne="organization" tem="agt">
      <spec gen="f" num="s">
        <d gen="f" lem="el" num="s" pos="da0fs0" postype="article" wd="La"/>
      </spec>
      <grup.nom gen="f" num="s">
        <n lem="Direcció_General_de_Ports_i_Transports" ne="organization" pos="np0000o" postype="proper" sense="16:cs1" wd="Direcció_General_de_Ports_i_Transports"/>
      </grup.nom>
    </sn>
    <grup.verb>
      <v lem="haver" mood="indicative" num="s" person="3" pos="vaip3s0" postype="auxiliary" tense="present" wd="ha"/>
      <v gen="m" lem="adjudicar" lss="A32.ditransitive-patient-benefactive" mood="participle" num="s" pos="vmp00sm" postype="main" wd="adjudicat"/>
    </grup.verb>
    <sn arg="arg1" func="cd" tem="pat">
      <spec gen="f" num="p">
        <d gen="f" lem="el" num="p" pos="da0fp0" postype="article" wd="les"/>
      </spec>
      <grup.nom gen="f" num="p">
        <n gen="f" lem="obra" num="p" pos="ncfp000" postype="common" sense="16:50005895" wd="obres"/>
        <sp>
          <prep>
            <s contracted="yes" gen="m" lem="del" num="s" pos="spcms" postype="preposition" wd="del"/>
          </prep>
          <sn>
            <grup.nom gen="m" num="s">
              <n gen="m" lem="vial" num="s" pos="ncms000" postype="common" sense="16:02604969" wd="vial"/>
              <sp>
                <prep>
                  <s lem="de" pos="sps00" postype="preposition" wd="de"/>
                </prep>
                <sn>
                  <grup.nom gen="f" num="s">
                    <n gen="f" lem="ronda" num="s" pos="ncfs000" postype="common" sense="16:02361368" wd="ronda"/>
                  </grup.nom>
                </sn>
              </sp>
              <s.a gen="m" num="s">
                <grup.a gen="m" num="s">
                  <n gen="m" lem="est" num="s" pos="ncms000" postype="common" sense="16:09964070" wd="est"/>
                </grup.a>
              </s.a>
              <sp>
                <prep>
                  <s lem="de" pos="sps00" postype="preposition" wd="d'"/>
                </prep>
                <sn>
                  <grup.nom gen="m" num="s">
                    <n gen="m" lem="accés" num="s" pos="ncms000" postype="common" sense="16:02159544" wd="accés"/>
                    <sp>
                      <prep>
                        <s contracted="yes" gen="m" lem="al" num="s" pos="spcms" postype="preposition" wd="al"/>
                      </prep>
                      <sn entityref="ne" ne="location">
                        <grup.nom gen="m" num="s">
                          <n gen="m" lem="port" num="s" pos="ncms000" postype="common" sense="16:03608465" wd="port"/>
                          <sp>
                            <prep>
                              <s lem="de" pos="sps00" postype="preposition" wd="de"/>
                            </prep>
                            <sn entityref="ne" ne="location">
                              <grup.nom>
                                <n lem="Palamós" ne="location" pos="np0000l" postype="proper" sense="16:cs1" wd="Palamós"/>
                              </grup.nom>
                            </sn>
                          </sp>
                        </grup.nom>
                      </sn>
                    </sp>
                  </grup.nom>
                </sn>
              </sp>
            </grup.nom>
          </sn>
        </sp>
        <S clausetype="participle" impersonal="yes">
          <f lem="," pos="fc" punct="comma" wd=","/>
          <participi>
            <a gen="f" lem="pressupostat" lss="B22.unaccusative-passive-transitive" num="p" pos="aq0fpp" posfunction="participle" postype="qualificative" wd="pressupostades"/>
          </participi>
          <sp arg="argM" func="cc" tem="ext">
            <prep>
              <s lem="en" pos="sps00" postype="preposition" wd="en"/>
            </prep>
            <sn entityref="ne" ne="number">
              <spec gen="m" num="p">
                <z lem="400" ne="number" wd="400"/>
              </spec>
              <grup.nom gen="m" num="p">
                <n gen="m" lem="milió" num="p" pos="ncmp000" postype="common" sense="16:09902865" wd="milions"/>
                <sp>
                  <prep>
                    <s lem="de" pos="sps00" postype="preposition" wd="de"/>
                  </prep>
                  <sn entityref="ne" ne="number">
                    <grup.nom gen="f" num="p">
                      <z lem="pesseta" ne="number" pos="zm" postype="currency" wd="pessetes"/>
                    </grup.nom>
                  </sn>
                </sp>
                <S clausetype="relative" coord="yes">
                  <f lem="," pos="fc" punct="comma" wd=","/>
                  <sp discid="1c">
                    <prep>
                      <s contracted="yes" gen="m" lem="del" num="p" pos="spcmp" postype="preposition" wd="dels"/>
                    </prep>
                    <relatiu>
                      <p gen="c" lem="qual" num="p" pos="pr0cp000" postype="relative" wd="quals"/>
                    </relatiu>
                  </sp>
                  <S clausetype="relative">
                    <sn arg="arg0" entityref="ne" func="suj" ne="organization" tem="agt">
                      <spec gen="f" num="s">
                        <d gen="f" lem="el" num="s" pos="da0fs0" postype="article" wd="la"/>
                      </spec>
                      <grup.nom gen="f" num="s">
                        <n lem="Generalitat" ne="organization" pos="np0000o" postype="proper" sense="16:cs1" wd="Generalitat"/>
                      </grup.nom>
                    </sn>
                    <sn arg="arg1" func="cd" tem="pat">
                      <grup.nom>
                        <p gen="c" lem="en" num="c" person="3" pos="pp3cn000" postype="personal" wd="n'"/>
                      </grup.nom>
                    </sn>
                    <grup.verb>
                      <v lem="aportar" lss="A21.transitive-agentive-patient" mood="indicative" num="s" person="3" pos="vmip3s0" postype="main" tense="present" wd="aporta"/>
                    </grup.verb>
                    <sn arg="arg1" func="cd" tem="pat">
                      <grup.nom discid="1n" gen="m" num="p">
                        <z lem="250" ne="number" wd="250"/>
                      </grup.nom>
                    </sn>
                  </S>
                  <conj conjunctiontype="coordinating">
                    <c lem="i" pos="cc" postype="coordinating" wd="i"/>
                  </conj>
                  <S clausetype="relative" verbless="yes">
                    <sn entityref="ne" ne="organization">
                      <spec gen="m" num="s">
                        <d gen="c" lem="el" num="s" pos="da0cs0" postype="article" wd="l'"/>
                      </spec>
                      <grup.nom gen="m" num="s">
                        <n lem="Ajuntament_de_Palamós" ne="organization" pos="np0000o" postype="proper" sense="16:cs1" wd="Ajuntament_de_Palamós"/>
                      </grup.nom>
                    </sn>
                    <sn>
                      <spec gen="f" num="s">
                        <d gen="f" lem="el" num="s" pos="da0fs0" postype="article" wd="la"/>
                      </spec>
                      <grup.nom gen="f" num="s">
                        <n gen="f" lem="resta" num="s" pos="ncfs000" postype="common" sense="16:09947291" wd="resta"/>
                      </grup.nom>
                    </sn>
                  </S>
                </S>
              </grup.nom>
            </sn>
          </sp>
        </S>
      </grup.nom>
    </sn>
    <f lem="." pos="fp" punct="period" wd="."/>
  </sentence>
  <sentence coord="yes">
    <sp adjunct="yes" func="ao">
      <prep>
        <s lem="segons" pos="sps00" postype="preposition" wd="Segons"/>
      </prep>
      <sn>
        <grup.nom gen="f" num="p">
          <n gen="f" lem="font" num="p" pos="ncfp000" postype="common" sense="16:05005140" wd="fonts"/>
          <sp>
            <prep>
              <s lem="de" pos="sps00" postype="preposition" wd="de"/>
            </prep>
            <sn entityref="ne" ne="organization">
              <spec gen="f" num="s">
                <d gen="f" lem="el" num="s" pos="da0fs0" postype="article" wd="la"/>
              </spec>
              <grup.nom gen="f" num="s">
                <n lem="Generalitat" ne="organization" pos="np0000o" postype="proper" sense="16:cs1" wd="Generalitat"/>
              </grup.nom>
            </sn>
          </sp>
        </grup.nom>
      </sn>
      <f lem="," pos="fc" punct="comma" wd=","/>
    </sp>
    <S coord="yes">
      <S>
        <sn arg="arg0" func="suj" tem="agt">
          <spec gen="f" num="s">
            <d gen="f" lem="aquest" num="s" pos="dd0fs0" postype="demonstrative" wd="aquesta"/>
          </spec>
          <grup.nom gen="f" num="s">
            <n gen="f" lem="obra" num="s" pos="ncfs000" postype="common" sense="16:50005895" wd="obra"/>
          </grup.nom>
        </sn>
        <f lem="&quot;" pos="fe" punct="quotation" wd="&quot;"/>
        <grup.verb>
          <v lem="donar" lss="A21.transitive-agentive-patient" mood="indicative" num="s" person="3" pos="vmif3s0" postype="main" tense="future" wd="donarà"/>
        </grup.verb>
        <sn arg="argL" func="cd">
          <grup.nom gen="f" num="s">
            <n gen="f" lem="resposta" num="s" pos="ncfs000" postype="common" sense="16:05053336" wd="resposta"/>
          </grup.nom>
        </sn>
        <sp arg="argM" func="cc" tem="adv">
          <conj conjunctiontype="coordinating" adjunct="yes">
            <r lem="tant" pos="rg" wd="tant"/>
          </conj>
          <sp>
            <prep>
              <s lem="a" pos="sps00" postype="preposition" wd="a"/>
            </prep>
            <sn>
              <spec gen="f" num="p">
                <d gen="f" lem="el" num="p" pos="da0fp0" postype="article" wd="les"/>
              </spec>
              <grup.nom gen="f" num="p">
                <n gen="f" lem="necessitat" num="p" pos="ncfp000" postype="common" sense="16:10367157" wd="necessitats"/>
                <sp>
                  <prep>
                    <s lem="de" pos="sps00" postype="preposition" wd="de"/>
                  </prep>
                  <sn>
                    <grup.nom gen="m" num="s">
                      <n gen="m" lem="desenvolupament" num="s" pos="ncms000" postype="common" sense="16:00160202" wd="desenvolupament"/>
                      <s.a gen="m" num="s">
                        <grup.a gen="m" num="s">
                          <a gen="m" lem="portuari" num="s" pos="aq0ms0" postype="qualificative" wd="portuari"/>
                        </grup.a>
                      </s.a>
                    </grup.nom>
                  </sn>
                </sp>
              </grup.nom>
            </sn>
          </sp>
        </sp>
        <S arg="argM" clausetype="adverbial" func="cc" impersonal="yes" tem="adv">
          <f lem="," pos="fc" punct="comma" wd=","/>
          <gerundi>
            <v lem="facilitar" lss="A11.transitive-causative" mood="gerund" pos="vmg0000" postype="main" wd="facilitant"/>
          </gerundi>
          <sn arg="arg1" func="cd" tem="tem">
            <grup.nom gen="m" num="p">
              <n gen="m" lem="accés" num="p" pos="ncmp000" postype="common" sense="16:02159544" wd="accessos"/>
              <s.a gen="m" num="p">
                <grup.a gen="m" num="p">
                  <a gen="c" lem="directe" num="p" pos="aq0cp0" postype="qualificative" wd="directes"/>
                </grup.a>
              </s.a>
              <sp>
                <prep>
                  <s contracted="yes" gen="m" lem="al" num="s" pos="spcms" postype="preposition" wd="al"/>
                </prep>
                <sn>
                  <grup.nom gen="m" num="s">
                    <n gen="m" lem="port" num="s" pos="ncms000" postype="common" sense="16:03608465" wd="port"/>
                  </grup.nom>
                </sn>
              </sp>
              <sp>
                <prep>
                  <s contracted="yes" gen="m" lem="del" num="p" pos="spcmp" postype="preposition" wd="dels"/>
                </prep>
                <sn>
                  <grup.nom gen="m" num="p">
                    <n gen="m" lem="vehicle" num="p" pos="ncmp000" postype="common" sense="16:03569523" wd="vehicles"/>
                    <s.a gen="m" num="p">
                      <grup.a gen="m" num="p">
                        <a gen="c" lem="pesant" num="p" pos="aq0cp0" postype="qualificative" wd="pesants"/>
                      </grup.a>
                    </s.a>
                  </grup.nom>
                </sn>
              </sp>
            </grup.nom>
          </sn>
          <f lem="," pos="fc" punct="comma" wd=","/>
        </S>
      </S>
      <conj conjunctiontype="coordinating">
        <c lem="com" pos="cs" postype="subordinating" wd="com"/>
      </conj>
      <S verbless="yes">
        <sp>
          <prep>
            <s lem="de" pos="sps00" postype="preposition" wd="de"/>
          </prep>
          <sn entityref="ne" ne="location">
            <spec gen="f" num="s">
              <d gen="f" lem="el" num="s" pos="da0fs0" postype="article" wd="la"/>
            </spec>
            <grup.nom gen="f" num="s">
              <n gen="f" lem="població" num="s" pos="ncfs000" postype="common" sense="16:06382213" wd="població"/>
              <sp>
                <prep>
                  <s lem="de" pos="sps00" postype="preposition" wd="de"/>
                </prep>
                <sn entityref="ne" ne="location">
                  <grup.nom>
                    <n lem="Palamós" ne="location" pos="np0000l" postype="proper" sense="16:cs1" wd="Palamós"/>
                  </grup.nom>
                </sn>
              </sp>
              <S clausetype="relative">
                <f lem="," pos="fc" punct="comma" wd=","/>
                <relatiu arg="arg0" func="suj" tem="agt">
                  <p gen="c" lem="que" num="c" pos="pr0cn000" postype="relative" wd="que"/>
                </relatiu>
                <grup.verb>
                  <v lem="veure" lss="A21.transitive-agentive-patient" mood="indicative" num="s" person="3" pos="vmif3s0" postype="main" tense="future" wd="veurà"/>
                </grup.verb>
                <sn arg="arg1" func="cd" tem="pat">
                  <spec gen="m" num="s">
                    <d gen="m" lem="el" num="s" pos="da0ms0" postype="article" wd="el"/>
                  </spec>
                  <grup.nom gen="m" num="s">
                    <n gen="m" lem="municipi" num="s" pos="ncms000" postype="common" sense="16:06355858" wd="municipi"/>
                  </grup.nom>
                </sn>
                <S arg="argM" clausetype="participle" func="cpred" impersonal="yes" predicate="cd" tem="atr">
                  <participi>
                    <a gen="m" lem="alliberat" lss="B22.unaccusative-passive-transitive" num="s" pos="aq0msp" posfunction="participle" postype="qualificative" wd="alliberat"/>
                  </participi>
                  <sp arg="arg2" func="creg" tem="tem">
                    <prep>
                      <s lem="de" pos="sps00" postype="preposition" wd="d'"/>
                    </prep>
                    <sn>
                      <spec gen="m" num="s">
                        <d gen="m" lem="un" num="s" pos="di0ms0" postype="indefinite" wd="un"/>
                      </spec>
                      <grup.nom gen="m" num="s">
                        <n gen="m" lem="trànsit" num="s" pos="ncms000" postype="common" sense="16:06231214" wd="trànsit"/>
                        <s.a complex="yes" gen="m" num="s">
                          <grup.a coord="yes" gen="m" num="s">
                            <grup.a gen="m" num="s">
                              <a gen="m" lem="molest" num="s" pos="aq0ms0" postype="qualificative" wd="molest"/>
                            </grup.a>
                            <conj conjunctiontype="coordinating">
                              <c lem="i" pos="cc" postype="coordinating" wd="i"/>
                            </conj>
                            <grup.a gen="m" num="s">
                              <a gen="m" lem="perillós" num="s" pos="aq0ms0" postype="qualificative" wd="perillós"/>
                            </grup.a>
                          </grup.a>
                        </s.a>
                      </grup.nom>
                    </sn>
                  </sp>
                </S>
              </S>
            </grup.nom>
          </sn>
        </sp>
      </S>
      <f lem="&quot;" pos="fe" punct="quotation" wd="&quot;"/>
    </S>
    <f lem="." pos="fp" punct="period" wd="."/>
  </sentence>
  <sentence>
    <sn arg="arg1" func="suj" tem="tem">
      <spec gen="m" num="s">
        <d gen="m" lem="el" num="s" pos="da0ms0" postype="article" wd="El"/>
      </spec>
      <grup.nom gen="m" num="s">
        <n gen="m" lem="vial" num="s" pos="ncms000" postype="common" sense="16:02604969" wd="vial"/>
        <S clausetype="participle" impersonal="yes">
          <participi>
            <a gen="m" lem="projectat" num="s" pos="aq0msp" posfunction="participle" postype="qualificative" wd="projectat"/>
          </participi>
        </S>
        <S clausetype="relative" coord="yes">
          <f lem="," pos="fc" punct="comma" wd=","/>
          <relatiu arg="arg1" func="suj" tem="tem">
            <p gen="c" lem="que" num="c" pos="pr0cn000" postype="relative" wd="que"/>
          </relatiu>
          <S clausetype="relative">
            <grup.verb>
              <v lem="anar" lss="C11.state-existential" mood="indicative" num="s" person="3" pos="vmip3s0" postype="main" tense="present" wd="va"/>
            </grup.verb>
            <sp arg="arg3" func="cc" tem="ein">
              <prep>
                <s contracted="yes" gen="m" lem="des_del" num="s" pos="spcms" postype="preposition" wd="des_del"/>
              </prep>
              <sn entityref="ne" ne="location">
                <grup.nom gen="m" num="s">
                  <n gen="m" lem="carrer" num="s" pos="ncms000" postype="common" sense="16:03426236" wd="carrer"/>
                  <sn entityref="ne" ne="person">
                    <grup.nom>
                      <n lem="Angel_Guimerà" ne="person" pos="np0000p" postype="proper" sense="16:cs1" wd="Angel_Guimerà"/>
                    </grup.nom>
                  </sn>
                </grup.nom>
              </sn>
            </sp>
            <sp arg="arg4" func="creg" tem="efi">
              <prep>
                <s lem="a" pos="sps00" postype="preposition" wd="a"/>
              </prep>
              <sn entityref="ne" ne="location">
                <spec gen="f" num="s">
                  <d gen="f" lem="el" num="s" pos="da0fs0" postype="article" wd="la"/>
                </spec>
                <grup.nom gen="f" num="s">
                  <n gen="f" lem="carretera" num="s" pos="ncfs000" postype="common" sense="16:03243979" wd="carretera"/>
                  <sp>
                    <prep>
                      <s lem="de" pos="sps00" postype="preposition" wd="de"/>
                    </prep>
                    <sn entityref="ne" ne="location">
                      <grup.nom>
                        <n lem="La_Fosca" ne="location" pos="np0000l" postype="proper" sense="16:cs1" wd="La_Fosca"/>
                      </grup.nom>
                    </sn>
                  </sp>
                </grup.nom>
              </sn>
            </sp>
            <f lem="," pos="fc" punct="comma" wd=","/>
          </S>
          <conj conjunctiontype="coordinating">
            <c lem="i" pos="cc" postype="coordinating" wd="i"/>
          </conj>
          <S clausetype="relative">
            <morfema.verbal func="pass">
              <p gen="c" lem="es" num="c" pos="p0000000" wd="s'"/>
            </morfema.verbal>
            <grup.verb>
              <v lem="integrar" lss="B12.unaccusative-passive-ditransitive" mood="indicative" num="s" person="3" pos="vmip3s0" postype="main" tense="present" wd="integra"/>
            </grup.verb>
            <sp arg="arg2" func="creg" tem="tem">
              <prep>
                <s lem="en" pos="sps00" postype="preposition" wd="en"/>
              </prep>
              <sn>
                <spec gen="m" num="s">
                  <d gen="m" lem="el" num="s" pos="da0ms0" postype="article" wd="el"/>
                </spec>
                <grup.nom gen="m" num="s">
                  <n gen="m" lem="teixit" num="s" pos="ncms000" postype="common" sense="16:cs3" wd="teixit"/>
                  <s.a gen="m" num="s">
                    <grup.a gen="m" num="s">
                      <a gen="m" lem="urbà" num="s" pos="aq0ms0" postype="qualificative" wd="urbà"/>
                    </grup.a>
                  </s.a>
                </grup.nom>
              </sn>
            </sp>
            <sp arg="argM" func="cc" tem="mnr">
              <prep>
                <s lem="a_través_de" pos="sps00" postype="preposition" wd="a_través_d'"/>
              </prep>
              <sn>
                <spec gen="f" num="p">
                  <d gen="f" lem="un" num="p" pos="di0fp0" postype="indefinite" wd="unes"/>
                </spec>
                <grup.nom gen="f" num="p">
                  <n gen="f" lem="glorieta" num="p" pos="ncfp000" postype="common" sense="16:02749345" wd="glorietes"/>
                  <sp>
                    <prep>
                      <s lem="de" pos="sps00" postype="preposition" wd="d'"/>
                    </prep>
                    <sn>
                      <grup.nom gen="f" num="s">
                        <n gen="f" lem="ordenació" num="s" pos="ncfs000" postype="common" sense="16:04423455" wd="ordenació"/>
                        <s.a gen="f" num="s">
                          <grup.a gen="f" num="s">
                            <a gen="f" lem="viari" num="s" pos="aq0fs0" postype="qualificative" wd="viària"/>
                          </grup.a>
                        </s.a>
                      </grup.nom>
                    </sn>
                  </sp>
                </grup.nom>
              </sn>
            </sp>
          </S>
          <f lem="," pos="fc" punct="comma" wd=","/>
        </S>
      </grup.nom>
    </sn>
    <grup.verb>
      <v lem="consistir" lss="C21.state-attributive" mood="indicative" num="s" person="3" pos="vmip3s0" postype="main" tense="present" wd="consisteix"/>
    </grup.verb>
    <sp arg="arg2" func="creg" tem="atr">
      <prep>
        <s lem="en" pos="sps00" postype="preposition" wd="en"/>
      </prep>
      <sn>
        <spec gen="f" num="p">
          <d gen="f" lem="dos" num="p" pos="dn0fp0" postype="numeral" wd="dues"/>
        </spec>
        <grup.nom gen="f" num="p">
          <n gen="f" lem="via" num="p" pos="ncfp000" postype="common" sense="16:03600463" wd="vies"/>
          <sp>
            <prep>
              <s lem="de" pos="sps00" postype="preposition" wd="de"/>
            </prep>
            <sn entityref="ne" ne="number">
              <spec gen="m" num="p">
                <z lem="7" ne="number" wd="7"/>
              </spec>
              <grup.nom gen="m" num="p">
                <n gen="m" lem="metre" num="p" pos="ncmp000" postype="common" sense="16:09822324" wd="metres"/>
              </grup.nom>
            </sn>
          </sp>
          <sp>
            <prep>
              <s lem="en" pos="sps00" postype="preposition" wd="en"/>
            </prep>
            <sn>
              <spec gen="m" num="s">
                <d gen="c" lem="cada" num="s" pos="di0cs0" postype="indefinite" wd="cada"/>
              </spec>
              <grup.nom gen="m" num="s">
                <n gen="m" lem="sentit" num="s" pos="ncms000" postype="common" sense="16:06389665" wd="sentit"/>
              </grup.nom>
            </sn>
          </sp>
          <S clausetype="participle" impersonal="yes">
            <f lem="," pos="fc" punct="comma" wd=","/>
            <participi>
              <a gen="f" lem="separat" lss="B22.unaccusative-passive-transitive" num="p" pos="aq0fpp" posfunction="participle" postype="qualificative" wd="separades"/>
            </participi>
            <sp arg="argM" func="cc" tem="cau">
              <prep>
                <s lem="per" pos="sps00" postype="preposition" wd="per"/>
              </prep>
              <sn complex="yes">
                <spec gen="f" num="s">
                  <d gen="f" lem="un" num="s" pos="di0fs0" postype="indefinite" wd="una"/>
                </spec>
                <grup.nom coord="yes">
                  <grup.nom gen="f" num="s">
                    <n gen="f" lem="mitjana" num="s" pos="ncfs000" postype="common" sense="16:cs1" wd="mitjana"/>
                    <sp>
                      <prep>
                        <s lem="de" pos="sps00" postype="preposition" wd="d'"/>
                      </prep>
                      <sn entityref="ne" ne="number">
                        <spec gen="m" num="s">
                          <d gen="m" lem="un" num="s" pos="dn0ms0" postype="numeral" wd="un"/>
                        </spec>
                        <grup.nom gen="m" num="s">
                          <n gen="m" lem="metre" num="s" pos="ncms000" postype="common" sense="16:09822324" wd="metre"/>
                        </grup.nom>
                      </sn>
                    </sp>
                  </grup.nom>
                  <conj conjunctiontype="coordinating">
                    <c lem="i" pos="cc" postype="coordinating" wd="i"/>
                  </conj>
                  <grup.nom gen="f" num="p">
                    <n gen="f" lem="vorera" num="p" pos="ncfp000" postype="common" sense="16:03335176" wd="voreres"/>
                    <sp>
                      <prep>
                        <s lem="de" pos="sps00" postype="preposition" wd="de"/>
                      </prep>
                      <sn entityref="ne" ne="number">
                        <spec gen="m" num="p">
                          <z lem="4" ne="number" wd="4"/>
                        </spec>
                        <grup.nom gen="m" num="p">
                          <n gen="m" lem="metre" num="p" pos="ncmp000" postype="common" sense="16:09822324" wd="metres"/>
                        </grup.nom>
                      </sn>
                    </sp>
                    <sp>
                      <prep>
                        <s lem="a" pos="sps00" postype="preposition" wd="a"/>
                      </prep>
                      <sn>
                        <spec gen="m" num="s">
                          <d gen="c" lem="cada" num="s" pos="di0cs0" postype="indefinite" wd="cada"/>
                        </spec>
                        <grup.nom gen="m" num="s">
                          <n gen="m" lem="costat" num="s" pos="ncms000" postype="common" sense="16:10014616" wd="costat"/>
                          <sp>
                            <prep>
                              <s lem="de" pos="sps00" postype="preposition" wd="de"/>
                            </prep>
                            <sn>
                              <spec gen="f" num="s">
                                <d gen="f" lem="el" num="s" pos="da0fs0" postype="article" wd="la"/>
                              </spec>
                              <grup.nom gen="f" num="s">
                                <n gen="f" lem="calçada" num="s" pos="ncfs000" postype="common" sense="16:03245327" wd="calçada"/>
                              </grup.nom>
                            </sn>
                          </sp>
                        </grup.nom>
                      </sn>
                    </sp>
                    <S clausetype="adverbial">
                      <conj conjunctiontype="subordinating">
                        <c lem="perquè" pos="cs" postype="subordinating" wd="perquè"/>
                      </conj>
                      <sn arg="arg0" elliptic="yes" func="suj" tem="agt"/>
                      <grup.verb>
                        <v lem="permetre" lss="A32.ditransitive-patient-benefactive" mood="subjunctive" num="s" person="3" pos="vmsp3s0" postype="main" tense="present" wd="permeti"/>
                      </grup.verb>
                      <sn arg="arg1" coord="yes" func="cd" tem="pat">
                        <sn>
                          <spec gen="f" num="s">
                            <d gen="f" lem="el" num="s" pos="da0fs0" postype="article" wd="la"/>
                          </spec>
                          <grup.nom gen="f" num="s">
                            <n gen="f" lem="circulació" num="s" pos="ncfs000" postype="common" sense="16:06231214" wd="circulació"/>
                            <sp>
                              <prep>
                                <s lem="de" pos="sps00" postype="preposition" wd="de"/>
                              </prep>
                              <sn>
                                <grup.nom gen="m" num="p">
                                  <n gen="c" lem="vianant" num="p" pos="nccp000" postype="common" sense="16:07465632" wd="vianants"/>
                                </grup.nom>
                              </sn>
                            </sp>
                          </grup.nom>
                        </sn>
                        <conj conjunctiontype="coordinating">
                          <c lem="i" pos="cc" postype="coordinating" wd="i"/>
                        </conj>
                        <S clausetype="completive" impersonal="yes">
                          <infinitiu>
                            <v lem="plantar" lss="A21.transitive-agentive-patient" mood="infinitive" pos="vmn0000" postype="main" wd="plantar"/>
                          </infinitiu>
                          <sn arg="argM" func="cc" tem="loc">
                            <grup.nom>
                              <p gen="c" lem="hi" num="c" person="3" pos="pp3cn000" postype="personal" wd="-hi"/>
                            </grup.nom>
                          </sn>
                          <sn arg="arg1" func="cd" tem="pat">
                            <grup.nom gen="m" num="p">
                              <n gen="m" lem="arbre" num="p" pos="ncmp000" postype="common" sense="16:09396070" wd="arbres"/>
                            </grup.nom>
                          </sn>
                        </S>
                      </sn>
                    </S>
                  </grup.nom>
                </grup.nom>
              </sn>
            </sp>
          </S>
        </grup.nom>
      </sn>
    </sp>
    <S arg="argM" clausetype="adverbial" func="cc" impersonal="yes" tem="adv">
      <f lem="," pos="fc" punct="comma" wd=","/>
      <gerundi>
        <v lem="conformar" lss="A22.transitive-agentive-theme" mood="gerund" pos="vmg0000" postype="main" wd="conformant"/>
      </gerundi>
      <sn arg="arg2" func="cd" tem="atr">
        <spec gen="f" num="s">
          <d gen="f" lem="un" num="s" pos="di0fs0" postype="indefinite" wd="una"/>
        </spec>
        <grup.nom gen="f" num="s">
          <n gen="f" lem="calçada" num="s" pos="ncfs000" postype="common" sense="16:03245327" wd="calçada"/>
          <sp>
            <prep>
              <s lem="de" pos="sps00" postype="preposition" wd="de"/>
            </prep>
            <sn entityref="ne" ne="number">
              <spec gen="m" num="p">
                <z lem="15" ne="number" wd="15"/>
              </spec>
              <grup.nom gen="m" num="p">
                <n gen="m" lem="metre" num="p" pos="ncmp000" postype="common" sense="16:09822324" wd="metres"/>
              </grup.nom>
            </sn>
          </sp>
        </grup.nom>
      </sn>
    </S>
    <f lem="." pos="fp" punct="period" wd="."/>
  </sentence>
  <sentence>
    <sn arg="arg2" func="suj" tem="loc">
      <spec gen="f" num="p">
        <d gen="f" lem="el" num="p" pos="da0fp0" postype="article" wd="Les"/>
      </spec>
      <grup.nom gen="f" num="p">
        <n gen="f" lem="obra" num="p" pos="ncfp000" postype="common" sense="16:50005895" wd="obres"/>
      </grup.nom>
    </sn>
    <sadv func="mod">
      <grup.adv>
        <r lem="també" pos="rg" wd="també"/>
      </grup.adv>
    </sadv>
    <grup.verb>
      <v lem="incloure" lss="A31.ditransitive-patient-locative" mood="indicative" num="p" person="3" pos="vmip3p0" postype="main" tense="present" wd="inclouen"/>
    </grup.verb>
    <sn arg="arg1" coord="yes" func="cd" tem="pat">
      <sn>
        <spec gen="f" num="s">
          <d gen="c" lem="el" num="s" pos="da0cs0" postype="article" wd="l'"/>
        </spec>
        <grup.nom gen="f" num="s">
          <n gen="f" lem="explanació" num="s" pos="ncfs000" postype="common" sense="16:05361669" wd="explanació"/>
          <s.a gen="f" num="s">
            <grup.a gen="f" num="s">
              <a gen="f" lem="complet" num="s" pos="aq0fs0" postype="qualificative" wd="completa"/>
            </grup.a>
          </s.a>
        </grup.nom>
      </sn>
      <f lem="," pos="fc" punct="comma" wd=","/>
      <sn complex="yes">
        <spec gen="f" num="s">
          <d gen="f" lem="el" num="s" pos="da0fs0" postype="article" wd="la"/>
        </spec>
        <grup.nom coord="yes">
          <grup.nom gen="f" num="s">
            <n gen="f" lem="pavimentació" num="s" pos="ncfs000" postype="common" sense="16:cs1" wd="pavimentació"/>
          </grup.nom>
          <conj conjunctiontype="coordinating">
            <c lem="i" pos="cc" postype="coordinating" wd="i"/>
          </conj>
          <grup.nom gen="f" num="s">
            <n gen="f" lem="vorera" num="s" pos="ncfs000" postype="common" sense="16:03335176" wd="vorera"/>
            <sp>
              <prep>
                <s lem="de" pos="sps00" postype="preposition" wd="de"/>
              </prep>
              <sn>
                <spec gen="f" num="s">
                  <d gen="f" lem="mig" num="s" pos="dn0fs0" postype="numeral" wd="mitja"/>
                </spec>
                <grup.nom gen="f" num="s">
                  <n gen="f" lem="secció" num="s" pos="ncfs000" postype="common" sense="16:04514703" wd="secció"/>
                </grup.nom>
              </sn>
            </sp>
          </grup.nom>
        </grup.nom>
      </sn>
      <f lem="," pos="fc" punct="comma" wd=","/>
      <sn>
        <spec gen="m" num="s">
          <d gen="m" lem="el" num="s" pos="da0ms0" postype="article" wd="el"/>
        </spec>
        <grup.nom gen="m" num="s">
          <n gen="m" lem="clavegueram" num="s" pos="ncms000" postype="common" sense="16:03306046" wd="clavegueram"/>
          <sp>
            <prep>
              <s lem="de" pos="sps00" postype="preposition" wd="de"/>
            </prep>
            <sn>
              <grup.nom gen="m" num="p">
                <a gen="c" lem="pluvial" num="p" pos="aq0cp0" postype="qualificative" wd="pluvials"/>
              </grup.nom>
            </sn>
          </sp>
        </grup.nom>
      </sn>
      <conj conjunctiontype="coordinating">
        <c lem="i" pos="cc" postype="coordinating" wd="i"/>
      </conj>
      <sn>
        <spec gen="f" num="p">
          <d gen="f" lem="el" num="p" pos="da0fp0" postype="article" wd="les"/>
        </spec>
        <grup.nom gen="f" num="p">
          <n gen="f" lem="obra" num="p" pos="ncfp000" postype="common" sense="16:50005895" wd="obres"/>
          <s.a gen="f" num="p">
            <grup.a gen="f" num="p">
              <a gen="f" lem="complementari" num="p" pos="aq0fp0" postype="qualificative" wd="complementàries"/>
            </grup.a>
          </s.a>
        </grup.nom>
      </sn>
    </sn>
    <f lem="." pos="fp" punct="period" wd="."/>
  </sentence>
  <sentence coord="yes">
    <sp adjunct="yes" func="ao">
      <prep>
        <s lem="segons" pos="sps00" postype="preposition" wd="Segons"/>
      </prep>
      <sn>
        <spec gen="f" num="p">
          <d gen="f" lem="el" num="p" pos="da0fp0" postype="article" wd="les"/>
          <d gen="f" lem="mateix" num="p" pos="di0fp0" postype="indefinite" wd="mateixes"/>
        </spec>
        <grup.nom gen="f" num="p">
          <n gen="f" lem="font" num="p" pos="ncfp000" postype="common" sense="16:05005140" wd="fonts"/>
        </grup.nom>
      </sn>
      <f lem="," pos="fc" punct="comma" wd=","/>
    </sp>
    <S coord="yes">
      <f lem="&quot;" pos="fe" punct="quotation" wd="&quot;"/>
      <S>
        <sn arg="arg1" entityref="ne" func="suj" ne="organization" tem="tem">
          <spec gen="f" num="s">
            <d gen="f" lem="el" num="s" pos="da0fs0" postype="article" wd="la"/>
          </spec>
          <grup.nom gen="f" num="s">
            <n lem="Generalitat" ne="organization" pos="np0000o" postype="proper" sense="16:cs1" wd="Generalitat"/>
          </grup.nom>
        </sn>
        <morfema.pronominal>
          <p gen="c" lem="ell" num="c" person="3" pos="p0300000" wd="es"/>
        </morfema.pronominal>
        <grup.verb>
          <v lem="basar" lss="C11.state-existential" mood="indicative" num="s" person="3" pos="vmip3s0" postype="main" tense="present" wd="basa"/>
        </grup.verb>
        <sp arg="arg2" func="creg" tem="loc">
          <prep>
            <s lem="en" pos="sps00" postype="preposition" wd="en"/>
          </prep>
          <sn>
            <spec gen="m" num="p">
              <d gen="m" lem="un" num="p" pos="di0mp0" postype="indefinite" wd="uns"/>
            </spec>
            <grup.nom gen="m" num="p">
              <n gen="m" lem="objectiu" num="p" pos="ncmp000" postype="common" sense="16:04586952" wd="objectius"/>
              <sp>
                <prep>
                  <s lem="de" pos="sps00" postype="preposition" wd="de"/>
                </prep>
                <sn>
                  <grup.nom gen="m" num="s">
                    <n gen="m" lem="caràcter" num="s" pos="ncms000" postype="common" sense="16:cs1" wd="caràcter"/>
                    <s.a gen="m" num="s">
                      <grup.a gen="m" num="s">
                        <a gen="c" lem="general" num="s" pos="aq0cs0" postype="qualificative" wd="general"/>
                      </grup.a>
                    </s.a>
                  </grup.nom>
                </sn>
              </sp>
              <S clausetype="relative">
                <relatiu arg="arg1" func="suj" tem="tem">
                  <p gen="c" lem="que" num="c" pos="pr0cn000" postype="relative" wd="que"/>
                </relatiu>
                <sp func="ao">
                  <f lem="," pos="fc" punct="comma" wd=","/>
                  <prep>
                    <s lem="en" pos="sps00" postype="preposition" wd="en"/>
                  </prep>
                  <sn>
                    <spec gen="m" num="s">
                      <d gen="m" lem="el" num="s" pos="da0ms0" postype="article" wd="el"/>
                    </spec>
                    <grup.nom gen="m" num="s">
                      <n gen="m" lem="cas" num="s" pos="ncms000" postype="common" sense="16:10047274" wd="cas"/>
                      <sp>
                        <prep>
                          <s contracted="yes" gen="m" lem="del" num="p" pos="spcmp" postype="preposition" wd="dels"/>
                        </prep>
                        <sn>
                          <grup.nom gen="m" num="p">
                            <n gen="m" lem="port" num="p" pos="ncmp000" postype="common" sense="16:03608465" wd="ports"/>
                            <S clausetype="participle" impersonal="yes">
                              <participi>
                                <a gen="m" lem="gestionat" lss="B22.unaccusative-passive-transitive" num="p" pos="aq0mpp" posfunction="participle" postype="qualificative" wd="gestionats"/>
                              </participi>
                              <sp arg="arg0" func="cag" tem="agt">
                                <prep>
                                  <s lem="per" pos="sps00" postype="preposition" wd="per"/>
                                </prep>
                                <sn entityref="ne" ne="organization">
                                  <spec gen="m" num="s">
                                    <d gen="c" lem="el" num="s" pos="da0cs0" postype="article" wd="l'"/>
                                  </spec>
                                  <grup.nom gen="m" num="s">
                                    <n gen="m" lem="ens" num="c" pos="ncmn000" postype="common" sense="16:cs1" wd="ens"/>
                                    <s.a gen="m" num="s">
                                      <grup.a gen="m" num="s">
                                        <a gen="m" lem="públic" num="s" pos="aq0ms0" postype="qualificative" wd="públic"/>
                                      </grup.a>
                                    </s.a>
                                    <sn entityref="ne" ne="organization">
                                      <grup.nom>
                                        <n lem="Ports_de_la_Generalitat" ne="organization" pos="np0000o" postype="proper" sense="16:cs1" wd="Ports_de_la_Generalitat"/>
                                      </grup.nom>
                                    </sn>
                                  </grup.nom>
                                </sn>
                              </sp>
                            </S>
                          </grup.nom>
                        </sn>
                      </sp>
                    </grup.nom>
                  </sn>
                  <f lem="," pos="fc" punct="comma" wd=","/>
                </sp>
                <grup.verb>
                  <v lem="constar" lss="C11.state-existential" mood="indicative" num="p" person="3" pos="vmip3p0" postype="main" tense="present" wd="consten"/>
                </grup.verb>
                <sp arg="arg2" func="creg" tem="loc">
                  <prep>
                    <s lem="en" pos="sps00" postype="preposition" wd="en"/>
                  </prep>
                  <sn>
                    <spec gen="f" num="p">
                      <d gen="f" lem="el" num="p" pos="da0fp0" postype="article" wd="les"/>
                    </spec>
                    <grup.nom gen="f" num="p">
                      <n gen="f" lem="directriu" num="p" pos="ncfp000" postype="common" sense="16:cs1" wd="directrius"/>
                      <S clausetype="relative">
                        <relatiu arg="arg1" func="suj" tem="pat">
                          <p gen="c" lem="que" num="c" pos="pr0cn000" postype="relative" wd="que"/>
                        </relatiu>
                        <morfema.verbal func="pass">
                          <p gen="c" lem="es" num="c" pos="p0000000" wd="es"/>
                        </morfema.verbal>
                        <grup.verb>
                          <v lem="anar" mood="indicative" num="p" person="3" pos="vaip3p0" postype="auxiliary" tense="present" wd="van"/>
                          <v lem="aprovar" lss="B22.unaccusative-passive-transitive" mood="infinitive" pos="vmn0000" postype="main" wd="aprovar"/>
                        </grup.verb>
                        <sp arg="argM" func="cc" tem="tmp">
                          <prep>
                            <s lem="en" pos="sps00" postype="preposition" wd="en"/>
                          </prep>
                          <sn entityref="ne" ne="organization">
                            <spec gen="m" num="s">
                              <d gen="m" lem="el" num="s" pos="da0ms0" postype="article" wd="el"/>
                            </spec>
                            <grup.nom gen="m" num="s">
                              <s.a gen="m" num="s">
                                <grup.a gen="m" num="s">
                                  <a gen="m" lem="primer" num="s" pos="ao0ms0" postype="ordinal" wd="primer"/>
                                </grup.a>
                              </s.a>
                              <n lem="Comitè_Executiu" ne="organization" pos="np0000o" postype="proper" sense="16:cs1" wd="Comitè_Executiu"/>
                              <S clausetype="relative">
                                <relatiu arg="arg1" func="cd" tem="pat">
                                  <p gen="c" lem="que" num="c" pos="pr0cn000" postype="relative" wd="que"/>
                                </relatiu>
                                <grup.verb>
                                  <v lem="anar" mood="indicative" num="s" person="3" pos="vaip3s0" postype="auxiliary" tense="present" wd="va"/>
                                  <v lem="fer" lss="A21.transitive-agentive-patient" mood="infinitive" pos="vmn0000" postype="main" wd="fer"/>
                                </grup.verb>
                                <sn arg="arg0" func="suj" tem="agt">
                                  <spec gen="f" num="s">
                                    <d gen="c" lem="el" num="s" pos="da0cs0" postype="article" wd="l'"/>
                                  </spec>
                                  <grup.nom gen="f" num="s">
                                    <n gen="f" lem="empresa" num="s" pos="ncfs000" postype="common" sense="16:06004580" wd="empresa"/>
                                  </grup.nom>
                                </sn>
                              </S>
                            </grup.nom>
                          </sn>
                        </sp>
                      </S>
                    </grup.nom>
                  </sn>
                </sp>
              </S>
            </grup.nom>
          </sn>
        </sp>
        <f lem="," pos="fc" punct="comma" wd=","/>
      </S>
      <conj conjunctiontype="coordinating">
        <c lem="i" pos="cc" postype="coordinating" wd="i"/>
      </conj>
      <S>
        <sn arg="arg1" func="suj" tem="tem">
          <spec gen="m" num="s">
            <d gen="m" lem="el" num="s" pos="da0ms0" postype="article" wd="el"/>
          </spec>
          <grup.nom gen="m" num="s">
            <n gen="m" lem="vial" num="s" pos="ncms000" postype="common" sense="16:02604969" wd="vial"/>
            <sp>
              <prep>
                <s lem="de" pos="sps00" postype="preposition" wd="d'"/>
              </prep>
              <sn>
                <grup.nom gen="m" num="s">
                  <n gen="m" lem="accés" num="s" pos="ncms000" postype="common" sense="16:02159544" wd="accés"/>
                  <sp>
                    <prep>
                      <s contracted="yes" gen="m" lem="al" num="s" pos="spcms" postype="preposition" wd="al"/>
                    </prep>
                    <sn entityref="ne" ne="location">
                      <grup.nom gen="m" num="s">
                        <n gen="m" lem="port" num="s" pos="ncms000" postype="common" sense="16:03608465" wd="port"/>
                        <sp>
                          <prep>
                            <s lem="de" pos="sps00" postype="preposition" wd="de"/>
                          </prep>
                          <sn entityref="ne" ne="location">
                            <grup.nom>
                              <n lem="Palamós" ne="location" pos="np0000l" postype="proper" sense="16:cs1" wd="Palamós"/>
                            </grup.nom>
                          </sn>
                        </sp>
                      </grup.nom>
                    </sn>
                  </sp>
                </grup.nom>
              </sn>
            </sp>
          </grup.nom>
        </sn>
        <grup.verb>
          <v lem="quedar" lss="C21.state-attributive" mood="indicative" num="s" person="3" pos="vmip3s0" postype="main" tense="present" wd="queda"/>
        </grup.verb>
        <S arg="arg2" clausetype="participle" func="cpred" impersonal="yes" predicate="suj" tem="atr">
          <participi>
            <a gen="m" lem="emmarcat" lss="C11.state-existential" num="s" pos="aq0msp" posfunction="participle" postype="qualificative" wd="emmarcat"/>
          </participi>
          <sp arg="arg2" func="creg" tem="loc">
            <prep>
              <s lem="en" pos="sps00" postype="preposition" wd="en"/>
            </prep>
            <sn>
              <spec gen="f" num="p">
                <d gen="f" lem="aquest" num="p" pos="dd0fp0" postype="demonstrative" wd="aquestes"/>
              </spec>
              <grup.nom gen="f" num="p">
                <n gen="f" lem="directriu" num="p" pos="ncfp000" postype="common" sense="16:cs1" wd="directrius"/>
              </grup.nom>
            </sn>
          </sp>
        </S>
      </S>
      <f lem="&quot;" pos="fe" punct="quotation" wd="&quot;"/>
    </S>
    <f lem="." pos="fp" punct="period" wd="."/>
  </sentence>
</article>
