<?xml version="1.0" encoding="UTF-8" standalone="no"?>
<!-- 

  ancora-2.0
       
			Copyright (C) 2007, 2008, 2009, 2010, 2011 UB - CLiC
			Centre de Llenguatge i Computació - Universitat de Barcelona
 
  This file is part of ancora-2.0.
 
  ancora-2.0 is free software and data: you can redistribute it and/or modify
  it under the terms of the GNU General Public License as published
  by the Free Software Foundation, either version 3 of the License,
  or (at your option) any later version.

  ancora-2.0 is distributed in the hope that it will be useful,
  but WITHOUT ANY WARRANTY; without even the implied warranty of
  MERCHANTABILITY or FITNESS FOR A PARTICULAR PURPOSE.  See the
  GNU General Public License for more details.
 
  You should have received a copy of the GNU General Public License
  along with ancora-2.0.  If not, see &lt;http://www.gnu.org/licenses/&gt;.
 
  Check a text in catalan explaining the terms of the license at http://www.softcatala.cat/wiki/GPL3.
  In spanish at http://www.viti.es/gnu/licenses/gpl.html
 

  The following paper must be cited when using this corpus:

 * Taulé, M., M.A. Martí, M. Recasens (2008) 'Ancora: Multilevel Annotated Corpora for Catalan and Spanish',
   Proceedings of 6th International Conference on Language Resources and Evaluation. Marrakesh (Morocco).

  In addition, the following paper must be cited if coreference information (attributes entity, coreftype,
  corefsubtype, homophoricDD or entityref) is used:

 * Recasens, Marta, M. Antònia Martí (2010) ‘AnCora-CO: Coreferentially annotated corpora for Spanish and
   Catalan’. Language Resources and Evaluation, Springer Science.

  Additionally, the following paper must be cited when argumental attributes in "sn" or "grup.nom"
  (attributes func, arg, tem or lexicalid) are used:

 * Peris, Aina, Mariona Taulé, Horacio Rodríguez (2010) ‘Semantic Annotation of Deverbal Nominalizations in the
   Spanish AnCora corpus’. Treebanks and Linguistic Theories (TLT-2010), Estonia.
-->
<article lng="ca">
  <sentence>
    <sn arg="arg0" entityref="ne" func="suj" ne="organization" tem="agt">
      <spec gen="m" num="p">
        <d gen="m" lem="el" num="p" pos="da0mp0" postype="article" wd="Els"/>
      </spec>
      <grup.nom gen="m" num="p">
        <n lem="Mossos_d'_Esquadra" ne="organization" pos="np0000o" postype="proper" sense="16:cs1" wd="Mossos_d'_Esquadra"/>
      </grup.nom>
    </sn>
    <grup.verb>
      <v lem="haver" mood="indicative" num="p" person="3" pos="vaip3p0" postype="auxiliary" tense="present" wd="han"/>
      <v gen="m" lem="detenir" lss="A21.transitive-agentive-patient" mood="participle" num="s" pos="vmp00sm" postype="main" wd="detingut"/>
    </grup.verb>
    <sn arg="arg1" func="cd" tem="pat">
      <spec gen="m" num="p">
        <d gen="m" lem="dos" num="p" pos="dn0mp0" postype="numeral" wd="dos"/>
      </spec>
      <grup.nom gen="m" num="p">
        <n gen="c" lem="jove" num="p" pos="nccp000" postype="common" sense="16:07692038" wd="joves"/>
        <sn>
          <f lem="," pos="fc" punct="comma" wd=","/>
          <grup.nom gen="m" num="p">
            <n gen="m" lem="veí" num="p" pos="ncmp000" postype="common" sense="16:06949059" wd="veïns"/>
            <sp>
              <prep>
                <s lem="de" pos="sps00" postype="preposition" wd="de"/>
              </prep>
              <sn entityref="ne" ne="location">
                <grup.nom>
                  <n lem="Girona" ne="location" pos="np0000l" postype="proper" sense="16:50004694" wd="Girona"/>
                </grup.nom>
              </sn>
            </sp>
            <sp>
              <prep>
                <s lem="de" pos="sps00" postype="preposition" wd="de"/>
              </prep>
              <sn>
                <spec coord="yes" gen="m" num="p">
                  <spec gen="m" num="p">
                    <z lem="16" ne="number" wd="16"/>
                  </spec>
                  <conj conjunctiontype="coordinating">
                    <c lem="i" pos="cc" postype="coordinating" wd="i"/>
                  </conj>
                  <spec gen="m" num="p">
                    <z lem="18" ne="number" wd="18"/>
                  </spec>
                </spec>
                <grup.nom gen="m" num="p">
                  <n gen="m" lem="any" num="p" pos="ncmp000" postype="common" sense="16:10917509" wd="anys"/>
                </grup.nom>
              </sn>
            </sp>
          </grup.nom>
          <f lem="," pos="fc" punct="comma" wd=","/>
        </sn>
      </grup.nom>
    </sn>
    <sp arg="argM" func="cpred" predicate="cd" tem="atr">
      <prep>
        <s lem="com_a" pos="sps00" postype="preposition" wd="com_a"/>
      </prep>
      <sn>
        <grup.nom gen="m" num="p">
          <s.a gen="m" num="p">
            <grup.a gen="m" num="p">
              <a gen="c" lem="presumpte" num="p" pos="aq0cp0" postype="qualificative" wd="presumptes"/>
            </grup.a>
          </s.a>
          <n gen="m" lem="autor" num="p" pos="ncmp000" postype="common" sense="16:07469314" wd="autors"/>
          <sp>
            <prep>
              <s lem="de" pos="sps00" postype="preposition" wd="d'"/>
            </prep>
            <sn>
              <spec gen="m" num="s">
                <d gen="m" lem="un" num="s" pos="di0ms0" postype="indefinite" wd="un"/>
              </spec>
              <grup.nom gen="m" num="s">
                <n gen="m" lem="delicte" num="s" pos="ncms000" postype="common" sense="16:00490590" wd="delicte"/>
                <sp>
                  <prep>
                    <s lem="de" pos="sps00" postype="preposition" wd="de"/>
                  </prep>
                  <sn>
                    <grup.nom gen="m" num="s">
                      <n gen="m" lem="robatori" num="s" pos="ncms000" postype="common" sense="16:00499179" wd="robatori"/>
                      <sp>
                        <prep>
                          <s lem="amb" pos="sps00" postype="preposition" wd="amb"/>
                        </prep>
                        <sn>
                          <grup.nom gen="f" num="s">
                            <n gen="f" lem="intimidació" num="s" pos="ncfs000" postype="common" sense="16:00793321" wd="intimidació"/>
                          </grup.nom>
                        </sn>
                      </sp>
                    </grup.nom>
                  </sn>
                </sp>
              </grup.nom>
            </sn>
          </sp>
        </grup.nom>
      </sn>
    </sp>
    <sp arg="argM" func="cc" tem="cau">
      <prep>
        <s lem="per" pos="sps00" postype="preposition" wd="per"/>
      </prep>
      <S clausetype="completive" impersonal="yes">
        <infinitiu>
          <v lem="haver" mood="infinitive" pos="van0000" postype="auxiliary" wd="haver"/>
          <v gen="m" lem="atracar" lss="A21.transitive-agentive-patient" mood="participle" num="s" pos="vmp00sm" postype="main" wd="atracat"/>
        </infinitiu>
        <sp arg="argM" func="cc" tem="adv">
          <prep>
            <s lem="amb" pos="sps00" postype="preposition" wd="amb"/>
          </prep>
          <sn>
            <spec gen="f" num="s">
              <d gen="f" lem="un" num="s" pos="di0fs0" postype="indefinite" wd="una"/>
            </spec>
            <grup.nom gen="f" num="s">
              <n gen="f" lem="navalla" num="s" pos="ncfs000" postype="common" sense="16:03149960" wd="navalla"/>
            </grup.nom>
          </sn>
        </sp>
        <sn arg="arg1" func="cd" tem="pat">
          <spec gen="m" num="s">
            <d gen="m" lem="un" num="s" pos="di0ms0" postype="indefinite" wd="un"/>
          </spec>
          <grup.nom gen="m" num="s">
            <n gen="m" lem="home" num="s" pos="ncms000" postype="common" sense="16:07391044" wd="home"/>
            <S clausetype="relative">
              <relatiu arg="arg0" func="suj" tem="agt">
                <p gen="c" lem="que" num="c" pos="pr0cn000" postype="relative" wd="que"/>
              </relatiu>
              <grup.verb>
                <v lem="treure" lss="A21.transitive-agentive-patient" mood="indicative" num="s" person="3" pos="vmii3s0" postype="main" tense="imperfect" wd="treia"/>
              </grup.verb>
              <sn arg="arg1" func="cd" tem="pat">
                <grup.nom gen="m" num="p">
                  <n gen="m" lem="diner" num="p" pos="ncmp000" postype="common" sense="16:09616555" wd="diners"/>
                </grup.nom>
              </sn>
              <sp arg="argM" func="cc" tem="loc">
                <prep>
                  <s lem="de" pos="sps00" postype="preposition" wd="d'"/>
                </prep>
                <sn>
                  <spec gen="m" num="s">
                    <d gen="m" lem="un" num="s" pos="di0ms0" postype="indefinite" wd="un"/>
                  </spec>
                  <grup.nom gen="m" num="s">
                    <n gen="m" lem="caixer" num="s" pos="ncms000" postype="common" sense="16:07635239" wd="caixer"/>
                    <s.a gen="m" num="s">
                      <grup.a gen="m" num="s">
                        <a gen="m" lem="automàtic" num="s" pos="aq0ms0" postype="qualificative" wd="automàtic"/>
                      </grup.a>
                    </s.a>
                  </grup.nom>
                </sn>
              </sp>
            </S>
          </grup.nom>
        </sn>
      </S>
    </sp>
    <f lem="." pos="fp" punct="period" wd="."/>
  </sentence>
  <sentence>
    <sn arg="arg1" func="suj" tem="tem">
      <spec gen="m" num="p">
        <d gen="m" lem="el" num="p" pos="da0mp0" postype="article" wd="Els"/>
      </spec>
      <grup.nom gen="m" num="p">
        <n gen="m" lem="fet" num="p" pos="ncmp000" postype="common" sense="16:05432762" wd="fets"/>
      </grup.nom>
    </sn>
    <sp func="ao">
      <f lem="," pos="fc" punct="comma" wd=","/>
      <prep>
        <s lem="segons" pos="sps00" postype="preposition" wd="segons"/>
      </prep>
      <sn>
        <grup.nom gen="f" num="p">
          <n gen="f" lem="font" num="p" pos="ncfp000" postype="common" sense="16:05005140" wd="fonts"/>
          <sp>
            <prep>
              <s contracted="yes" gen="m" lem="del" num="p" pos="spcmp" postype="preposition" wd="dels"/>
            </prep>
            <sn entityref="ne" ne="organization">
              <grup.nom gen="m" num="s">
                <n lem="Mossos_d'_Esquadra" ne="organization" pos="np0000o" postype="proper" sense="16:cs1" wd="Mossos_d'_Esquadra"/>
              </grup.nom>
            </sn>
          </sp>
        </grup.nom>
      </sn>
      <f lem="," pos="fc" punct="comma" wd=","/>
    </sp>
    <grup.verb>
      <v lem="anar" mood="indicative" num="p" person="3" pos="vaip3p0" postype="auxiliary" tense="present" wd="van"/>
      <v lem="passar" lss="C42.state-experiencer" mood="infinitive" pos="vmn0000" postype="main" wd="passar"/>
    </grup.verb>
    <sp arg="argM" func="cc" tem="tmp">
      <prep>
        <s lem="a" pos="sps00" postype="preposition" wd="a"/>
      </prep>
      <sn entityref="ne" ne="date">
        <spec gen="f" num="p">
          <d gen="f" lem="el" num="p" pos="da0fp0" postype="article" wd="les"/>
        </spec>
        <grup.nom gen="f" num="p">
          <w lem="[??:30/05/??:02.30]" ne="date" wd="2.30_hores_del_dia_30_de_maig"/>
        </grup.nom>
      </sn>
    </sp>
    <sp arg="argM" func="cc" tem="loc">
      <prep>
        <s lem="en" pos="sps00" postype="preposition" wd="en"/>
      </prep>
      <sn>
        <spec gen="m" num="s">
          <d gen="m" lem="un" num="s" pos="di0ms0" postype="indefinite" wd="un"/>
        </spec>
        <grup.nom gen="m" num="s">
          <n gen="m" lem="caixer" num="s" pos="ncms000" postype="common" sense="16:07635239" wd="caixer"/>
          <s.a gen="m" num="s">
            <grup.a gen="m" num="s">
              <a gen="m" lem="automàtic" num="s" pos="aq0ms0" postype="qualificative" wd="automàtic"/>
            </grup.a>
          </s.a>
          <sp>
            <prep>
              <s contracted="yes" gen="m" lem="del" num="s" pos="spcms" postype="preposition" wd="del"/>
            </prep>
            <sn entityref="ne" ne="location">
              <grup.nom gen="m" num="s">
                <n gen="m" lem="passeig" num="s" pos="ncms000" postype="common" sense="16:03584882" wd="passeig"/>
                <sp>
                  <prep>
                    <s lem="de" pos="sps00" postype="preposition" wd="d'"/>
                  </prep>
                  <sn entityref="ne" ne="location">
                    <grup.nom>
                      <n lem="Olot" ne="location" pos="np0000l" postype="proper" sense="16:cs1" wd="Olot"/>
                    </grup.nom>
                  </sn>
                </sp>
                <sp>
                  <prep>
                    <s lem="de" pos="sps00" postype="preposition" wd="de"/>
                  </prep>
                  <sn entityref="ne" ne="location">
                    <grup.nom>
                      <n lem="Girona" ne="location" pos="np0000l" postype="proper" sense="16:50004694" wd="Girona"/>
                    </grup.nom>
                  </sn>
                </sp>
              </grup.nom>
            </sn>
          </sp>
        </grup.nom>
      </sn>
    </sp>
    <f lem="." pos="fp" punct="period" wd="."/>
  </sentence>
  <sentence>
    <sn arg="arg0" func="suj" tem="agt">
      <spec gen="f" num="s">
        <d gen="f" lem="el" num="s" pos="da0fs0" postype="article" wd="La"/>
      </spec>
      <grup.nom gen="f" num="s">
        <n gen="f" lem="víctima" num="s" pos="ncfs000" postype="common" sense="16:07665319" wd="víctima"/>
        <sn>
          <f lem="," pos="fc" punct="comma" wd=","/>
          <spec gen="m" num="s">
            <d gen="m" lem="un" num="s" pos="di0ms0" postype="indefinite" wd="un"/>
          </spec>
          <grup.nom gen="m" num="s">
            <n gen="m" lem="home" num="s" pos="ncms000" postype="common" sense="16:07391044" wd="home"/>
            <sp>
              <prep>
                <s lem="de" pos="sps00" postype="preposition" wd="de"/>
              </prep>
              <sn>
                <spec gen="m" num="p">
                  <z lem="28" ne="number" wd="28"/>
                </spec>
                <grup.nom gen="m" num="p">
                  <n gen="m" lem="any" num="p" pos="ncmp000" postype="common" sense="16:10917509" wd="anys"/>
                </grup.nom>
              </sn>
            </sp>
            <sn>
              <f lem="," pos="fc" punct="comma" wd=","/>
              <grup.nom gen="m" num="s">
                <n gen="m" lem="veí" num="s" pos="ncms000" postype="common" sense="16:06949059" wd="veí"/>
                <sp>
                  <prep>
                    <s lem="de" pos="sps00" postype="preposition" wd="de"/>
                  </prep>
                  <sn entityref="ne" ne="location">
                    <grup.nom>
                      <n lem="Salt" ne="location" pos="np0000l" postype="proper" sense="16:cs1" wd="Salt"/>
                    </grup.nom>
                  </sn>
                </sp>
              </grup.nom>
            </sn>
          </grup.nom>
          <f lem="," pos="fc" punct="comma" wd=","/>
        </sn>
      </grup.nom>
    </sn>
    <grup.verb>
      <v lem="estar" mood="indicative" num="s" person="3" pos="vmii3s0" postype="main" tense="imperfect" wd="estava"/>
      <gerundi>
        <v lem="retirar" lss="A31.ditransitive-patient-locative" mood="gerund" pos="vmg0000" postype="main" wd="retirant"/>
      </gerundi>
    </grup.verb>
    <sn arg="arg1" entityref="ne" func="cd" ne="number" tem="pat">
      <spec gen="f" num="p">
        <z lem="40000" ne="number" wd="40.000"/>
      </spec>
      <grup.nom gen="f" num="p">
        <z lem="pesseta" ne="number" pos="zm" postype="currency" wd="pessetes"/>
      </grup.nom>
    </sn>
    <sp arg="argM" func="cc" tem="loc">
      <prep>
        <s contracted="yes" gen="m" lem="del" num="s" pos="spcms" postype="preposition" wd="del"/>
      </prep>
      <sn>
        <grup.nom gen="m" num="s">
          <n gen="m" lem="caixer" num="s" pos="ncms000" postype="common" sense="16:07635239" wd="caixer"/>
        </grup.nom>
      </sn>
    </sp>
    <S arg="argM" clausetype="adverbial" coord="yes" func="cc" tem="tmp">
      <conj conjunctiontype="subordinating">
        <c lem="quan" pos="cs" postype="subordinating" wd="quan"/>
      </conj>
      <S clausetype="adverbial">
        <sn arg="arg0" func="suj" tem="cau">
          <spec gen="m" num="p">
            <d gen="m" lem="dos" num="p" pos="dn0mp0" postype="numeral" wd="dos"/>
          </spec>
          <grup.nom gen="m" num="p">
            <n gen="c" lem="jove" num="p" pos="nccp000" postype="common" sense="16:07692038" wd="joves"/>
          </grup.nom>
        </sn>
        <sn arg="arg1" func="cd" tem="tem">
          <grup.nom gen="m" num="s">
            <p case="accusative" gen="m" lem="ell" num="s" person="3" pos="pp3msa00" postype="personal" wd="el"/>
          </grup.nom>
        </sn>
        <grup.verb>
          <v lem="anar" mood="indicative" num="p" person="3" pos="vaip3p0" postype="auxiliary" tense="present" wd="van"/>
          <v lem="intimidar" lss="A11.transitive-causative" mood="infinitive" pos="vmn0000" postype="main" wd="intimidar"/>
        </grup.verb>
        <S arg="argM" clausetype="adverbial" func="cc" impersonal="yes" tem="adv">
          <f lem="," pos="fc" punct="comma" wd=","/>
          <sn arg="arg0" func="suj" tem="agt">
            <grup.nom gen="m" num="s">
              <p gen="m" lem="un" num="s" pos="pi0ms000" postype="indefinite" wd="un"/>
              <sp>
                <prep>
                  <s lem="de" pos="sps00" postype="preposition" wd="d'"/>
                </prep>
                <sn>
                  <grup.nom gen="m" num="p">
                    <p gen="m" lem="ell" num="p" person="3" pos="pp3mp000" postype="personal" wd="ells"/>
                  </grup.nom>
                </sn>
              </sp>
            </grup.nom>
          </sn>
          <gerundi>
            <v lem="exhibir" lss="A21.transitive-agentive-patient" mood="gerund" pos="vmg0000" postype="main" wd="exhibint"/>
          </gerundi>
          <sn arg="arg1" func="cd" tem="pat">
            <spec gen="f" num="s">
              <d gen="f" lem="un" num="s" pos="di0fs0" postype="indefinite" wd="una"/>
            </spec>
            <grup.nom gen="f" num="s">
              <n gen="f" lem="navalla" num="s" pos="ncfs000" postype="common" sense="16:03149960" wd="navalla"/>
            </grup.nom>
          </sn>
          <f lem="," pos="fc" punct="comma" wd=","/>
        </S>
      </S>
      <conj conjunctiontype="coordinating">
        <c lem="i" pos="cc" postype="coordinating" wd="i"/>
      </conj>
      <S clausetype="adverbial">
        <sn arg="arg0" elliptic="yes" func="suj" tem="cau"/>
        <sn arg="arg2" func="ci" tem="ben">
          <grup.nom num="s">
            <p case="dative" gen="c" lem="ell" num="s" person="3" pos="pp3csd00" postype="personal" wd="li"/>
          </grup.nom>
        </sn>
        <grup.verb>
          <v lem="anar" mood="indicative" num="p" person="3" pos="vaip3p0" postype="auxiliary" tense="present" wd="van"/>
          <v lem="fer" mood="infinitive" pos="vmn0000" postype="main" wd="fer"/>
          <infinitiu>
            <v lem="entregar" lss="A11.transitive-causative" mood="infinitive" pos="vmn0000" postype="main" wd="entregar"/>
          </infinitiu>
        </grup.verb>
        <sn arg="arg1" func="cd" tem="tem">
          <spec gen="m" num="p">
            <d gen="m" lem="el" num="p" pos="da0mp0" postype="article" wd="els"/>
          </spec>
          <grup.nom gen="m" num="p">
            <n gen="m" lem="diner" num="p" pos="ncmp000" postype="common" sense="16:09616555" wd="diners"/>
          </grup.nom>
        </sn>
      </S>
    </S>
    <f lem="." pos="fp" punct="period" wd="."/>
  </sentence>
  <sentence>
    <sn arg="arg0" func="suj" tem="agt">
      <spec gen="m" num="p">
        <d gen="m" lem="el" num="p" pos="da0mp0" postype="article" wd="Els"/>
      </spec>
      <grup.nom gen="m" num="p">
        <n gen="m" lem="mosso" num="p" pos="ncmp000" postype="common" sense="16:cs1" wd="mossos"/>
        <S clausetype="relative">
          <f lem="," pos="fc" punct="comma" wd=","/>
          <relatiu arg="arg1" func="suj" tem="pat">
            <p gen="c" lem="que" num="c" pos="pr0cn000" postype="relative" wd="que"/>
          </relatiu>
          <grup.verb>
            <v lem="anar" mood="indicative" num="p" person="3" pos="vaip3p0" postype="auxiliary" tense="present" wd="van"/>
            <v lem="ser" mood="infinitive" pos="vsn0000" postype="semiauxiliary" wd="ser"/>
            <v gen="m" lem="alertar" lss="B22.unaccusative-passive-transitive" mood="participle" num="p" pos="vmp00pm" postype="main" wd="alertats"/>
          </grup.verb>
          <sadv arg="argM" func="cc" tem="tmp">
            <grup.adv>
              <r lem="immediatament" pos="rg" wd="immediatament"/>
            </grup.adv>
          </sadv>
          <f lem="," pos="fc" punct="comma" wd=","/>
        </S>
      </grup.nom>
    </sn>
    <grup.verb>
      <v lem="anar" mood="indicative" num="p" person="3" pos="vaip3p0" postype="auxiliary" tense="present" wd="van"/>
      <v lem="localitzar" lss="A21.transitive-agentive-patient" mood="infinitive" pos="vmn0000" postype="main" wd="localitzar"/>
    </grup.verb>
    <sp arg="argM" func="cc" tem="tmp">
      <prep>
        <s lem="al_cap_de" pos="sps00" postype="preposition" wd="al_cap_de"/>
      </prep>
      <sn>
        <spec gen="f" num="s">
          <d gen="f" lem="poc" num="s" pos="di0fs0" postype="indefinite" wd="poca"/>
        </spec>
        <grup.nom gen="f" num="s">
          <n gen="f" lem="estona" num="s" pos="ncfs000" postype="common" sense="16:cs1" wd="estona"/>
        </grup.nom>
      </sn>
    </sp>
    <sn arg="arg1" func="cd" tem="pat">
      <spec gen="f" num="s">
        <d gen="f" lem="un" num="s" pos="di0fs0" postype="indefinite" wd="una"/>
      </spec>
      <grup.nom gen="f" num="s">
        <n gen="f" lem="persona" num="s" pos="ncfs000" postype="common" sense="16:00004123" wd="persona"/>
        <S clausetype="relative">
          <relatiu arg="arg1" func="suj" tem="tem">
            <p gen="c" lem="que" num="c" pos="pr0cn000" postype="relative" wd="que"/>
          </relatiu>
          <grup.verb>
            <v lem="coincidir" lss="C21.state-attributive" mood="indicative" num="s" person="3" pos="vmii3s0" postype="main" tense="imperfect" wd="coincidia"/>
          </grup.verb>
          <sp arg="arg2" func="creg" tem="atr">
            <prep>
              <s lem="amb" pos="sps00" postype="preposition" wd="amb"/>
            </prep>
            <sn>
              <grup.nom gen="f" num="s">
                <p gen="f" lem="un" num="s" pos="pn0fs000" postype="numeral" wd="una"/>
                <sp>
                  <prep>
                    <s lem="de" pos="sps00" postype="preposition" wd="de"/>
                  </prep>
                  <sn>
                    <spec gen="f" num="p">
                      <d gen="f" lem="el" num="p" pos="da0fp0" postype="article" wd="les"/>
                    </spec>
                    <grup.nom gen="f" num="p">
                      <n gen="f" lem="descripció" num="p" pos="ncfp000" postype="common" sense="16:05381542" wd="descripcions"/>
                      <S clausetype="participle" impersonal="yes">
                        <participi>
                          <a gen="f" lem="facilitat" num="p" pos="aq0fpp" posfunction="participle" postype="qualificative" wd="facilitades"/>
                        </participi>
                      </S>
                    </grup.nom>
                  </sn>
                </sp>
              </grup.nom>
            </sn>
          </sp>
        </S>
      </grup.nom>
    </sn>
    <S clausesubtype="consecutive" clausetype="adverbial" func="ao">
      <f lem="," pos="fc" punct="comma" wd=","/>
      <conj conjunctiontype="subordinating">
        <c lem="de_manera_que" pos="cs" postype="subordinating" wd="de_manera_que"/>
      </conj>
      <sn arg="arg0" elliptic="yes" func="suj" tem="agt"/>
      <grup.verb>
        <v lem="anar" mood="indicative" num="p" person="3" pos="vaip3p0" postype="auxiliary" tense="present" wd="van"/>
        <v lem="procedir" lss="A22.transitive-agentive-theme" mood="infinitive" pos="vmn0000" postype="main" wd="procedir"/>
      </grup.verb>
      <sp arg="arg1" func="creg" tem="tem">
        <prep>
          <s lem="a" pos="sps00" postype="preposition" wd="a"/>
        </prep>
        <sn>
          <spec gen="f" num="s">
            <d gen="f" lem="el" num="s" pos="da0fs0" postype="article" wd="la"/>
          </spec>
          <grup.nom gen="f" num="s">
            <n gen="f" lem="detenció" num="s" pos="ncfs000" postype="common" sense="16:00054269" wd="detenció"/>
            <sp>
              <prep>
                <s lem="de" pos="sps00" postype="preposition" wd="d'"/>
              </prep>
              <sn entityref="ne" ne="person">
                <grup.nom gen="m" num="s">
                  <n lem="A.C." ne="person" pos="np0000p" postype="proper" sense="16:cs1" wd="A.C."/>
                </grup.nom>
              </sn>
            </sp>
            <sp>
              <f lem="," pos="fc" punct="comma" wd=","/>
              <prep>
                <s lem="de" pos="sps00" postype="preposition" wd="de"/>
              </prep>
              <sn>
                <spec gen="m" num="p">
                  <z lem="16" ne="number" wd="16"/>
                </spec>
                <grup.nom gen="m" num="p">
                  <n gen="m" lem="any" num="p" pos="ncmp000" postype="common" sense="16:10917509" wd="anys"/>
                  <sp>
                    <prep>
                      <s lem="de" pos="sps00" postype="preposition" wd="d'"/>
                    </prep>
                    <sn>
                      <grup.nom gen="f" num="s">
                        <n gen="f" lem="edat" num="s" pos="ncfs000" postype="common" sense="16:03853114" wd="edat"/>
                      </grup.nom>
                    </sn>
                  </sp>
                </grup.nom>
              </sn>
              <f lem="," pos="fc" punct="comma" wd=","/>
            </sp>
            <sp>
              <prep>
                <s contracted="yes" gen="m" lem="al" num="s" pos="spcms" postype="preposition" wd="al"/>
              </prep>
              <sn entityref="ne" ne="location">
                <grup.nom gen="m" num="s">
                  <n gen="m" lem="passeig" num="s" pos="ncms000" postype="common" sense="16:03584882" wd="passeig"/>
                  <sp>
                    <prep>
                      <s contracted="yes" gen="m" lem="del" num="p" pos="spcmp" postype="preposition" wd="dels"/>
                    </prep>
                    <sn entityref="ne" ne="location">
                      <grup.nom gen="m" num="p">
                        <n lem="Països_Catalans" ne="location" pos="np0000l" postype="proper" sense="16:cs1" wd="Països_Catalans"/>
                      </grup.nom>
                    </sn>
                  </sp>
                  <sp>
                    <prep>
                      <s lem="de" pos="sps00" postype="preposition" wd="de"/>
                    </prep>
                    <sn entityref="ne" ne="location">
                      <grup.nom>
                        <n lem="Salt" ne="location" pos="np0000l" postype="proper" sense="16:cs1" wd="Salt"/>
                      </grup.nom>
                    </sn>
                  </sp>
                </grup.nom>
              </sn>
            </sp>
          </grup.nom>
        </sn>
      </sp>
    </S>
    <f lem="." pos="fp" punct="period" wd="."/>
  </sentence>
  <sentence>
    <sp arg="argM" func="cc" tem="loc">
      <prep>
        <s lem="en" pos="sps00" postype="preposition" wd="En"/>
      </prep>
      <sn>
        <spec gen="m" num="s">
          <d gen="m" lem="el" num="s" pos="da0ms0" postype="article" wd="el"/>
          <d gen="m" lem="mateix" num="s" pos="di0ms0" postype="indefinite" wd="mateix"/>
        </spec>
        <grup.nom gen="m" num="s">
          <n gen="m" lem="lloc" num="s" pos="ncms000" postype="common" sense="16:00014887" wd="lloc"/>
          <sp>
            <prep>
              <s lem="de" pos="sps00" postype="preposition" wd="de"/>
            </prep>
            <sn>
              <spec gen="f" num="s">
                <d gen="f" lem="el" num="s" pos="da0fs0" postype="article" wd="la"/>
              </spec>
              <grup.nom gen="f" num="s">
                <n gen="f" lem="detenció" num="s" pos="ncfs000" postype="common" sense="16:00054269" wd="detenció"/>
              </grup.nom>
            </sn>
          </sp>
        </grup.nom>
      </sn>
    </sp>
    <sp arg="argM" func="cc" tem="loc">
      <f lem="," pos="fc" punct="comma" wd=","/>
      <prep>
        <s lem="sota" pos="sps00" postype="preposition" wd="sota"/>
      </prep>
      <sn>
        <spec gen="m" num="s">
          <d gen="m" lem="un" num="s" pos="di0ms0" postype="indefinite" wd="un"/>
        </spec>
        <grup.nom gen="m" num="s">
          <n gen="m" lem="vehicle" num="s" pos="ncms000" postype="common" sense="16:03569523" wd="vehicle"/>
        </grup.nom>
      </sn>
      <f lem="," pos="fc" punct="comma" wd=","/>
    </sp>
    <morfema.verbal func="pass">
      <p gen="c" lem="es" num="c" pos="p0000000" wd="es"/>
    </morfema.verbal>
    <grup.verb>
      <v lem="anar" mood="indicative" num="s" person="3" pos="vaip3s0" postype="auxiliary" tense="present" wd="va"/>
      <v lem="localitzar" lss="B22.unaccusative-passive-transitive" mood="infinitive" pos="vmn0000" postype="main" wd="localitzar"/>
    </grup.verb>
    <sn arg="arg1" func="suj" tem="pat">
      <spec gen="f" num="s">
        <d gen="f" lem="un" num="s" pos="di0fs0" postype="indefinite" wd="una"/>
      </spec>
      <grup.nom gen="f" num="s">
        <n gen="f" lem="navalla" num="s" pos="ncfs000" postype="common" sense="16:03149960" wd="navalla"/>
        <sp>
          <prep>
            <s lem="de" pos="sps00" postype="preposition" wd="de"/>
          </prep>
          <sn>
            <grup.nom gen="m" num="s">
              <n gen="m" lem="color" num="s" pos="ncms000" postype="common" sense="16:03875475" wd="color"/>
              <s.a gen="m" num="s">
                <grup.a gen="m" num="s">
                  <a gen="m" lem="vermell" num="s" pos="aq0ms0" postype="qualificative" wd="vermell"/>
                </grup.a>
              </s.a>
            </grup.nom>
          </sn>
        </sp>
        <S clausetype="relative">
          <relatiu arg="arg1" func="suj" tem="tem">
            <p gen="c" lem="que" num="c" pos="pr0cn000" postype="relative" wd="que"/>
          </relatiu>
          <sadv func="mod">
            <grup.adv>
              <r lem="també" pos="rg" wd="també"/>
            </grup.adv>
          </sadv>
          <grup.verb>
            <v lem="coincidir" lss="C21.state-attributive" mood="indicative" num="s" person="3" pos="vmii3s0" postype="main" tense="imperfect" wd="coincidia"/>
          </grup.verb>
          <sp arg="arg2" func="creg" tem="atr">
            <prep>
              <s lem="amb" pos="sps00" postype="preposition" wd="amb"/>
            </prep>
            <sn>
              <spec gen="f" num="s">
                <d gen="f" lem="el" num="s" pos="da0fs0" postype="article" wd="la"/>
              </spec>
              <grup.nom gen="f" num="s">
                <S clausetype="participle" impersonal="yes">
                  <participi>
                    <a gen="f" lem="descrit" lss="B22.unaccusative-passive-transitive" num="s" pos="aq0fsp" posfunction="participle" postype="qualificative" wd="descrita"/>
                  </participi>
                  <sp arg="arg0" func="cag" tem="agt">
                    <prep>
                      <s lem="per" pos="sps00" postype="preposition" wd="per"/>
                    </prep>
                    <sn>
                      <spec gen="f" num="s">
                        <d gen="f" lem="el" num="s" pos="da0fs0" postype="article" wd="la"/>
                      </spec>
                      <grup.nom gen="f" num="s">
                        <n gen="f" lem="víctima" num="s" pos="ncfs000" postype="common" sense="16:07665319" wd="víctima"/>
                      </grup.nom>
                    </sn>
                  </sp>
                </S>
              </grup.nom>
            </sn>
          </sp>
        </S>
      </grup.nom>
    </sn>
    <f lem="." pos="fp" punct="period" wd="."/>
  </sentence>
  <sentence>
    <sn arg="arg0" func="suj" tem="agt">
      <spec gen="f" num="p">
        <d gen="f" lem="el" num="p" pos="da0fp0" postype="article" wd="Les"/>
      </spec>
      <grup.nom gen="f" num="p">
        <n gen="f" lem="investigació" num="p" pos="ncfp000" postype="common" sense="16:00417296" wd="investigacions"/>
        <S clausetype="relative">
          <relatiu arg="arg1" func="suj" tem="pat">
            <p gen="c" lem="que" num="c" pos="pr0cn000" postype="relative" wd="que"/>
          </relatiu>
          <morfema.verbal func="pass">
            <p gen="c" lem="es" num="c" pos="p0000000" wd="es"/>
          </morfema.verbal>
          <grup.verb>
            <v lem="anar" mood="indicative" num="p" person="3" pos="vaip3p0" postype="auxiliary" tense="present" wd="van"/>
            <v lem="fer" lss="B22.unaccusative-passive-transitive" mood="infinitive" pos="vmn0000" postype="main" wd="fer"/>
          </grup.verb>
          <sn arg="argM" entityref="ne" func="cc" ne="date" tem="tmp">
            <spec gen="m" num="s">
              <d gen="m" lem="el" num="s" pos="da0ms0" postype="article" wd="el"/>
              <d gen="m" lem="mateix" num="s" pos="di0ms0" postype="indefinite" wd="mateix"/>
            </spec>
            <grup.nom gen="m" num="s">
              <w lem="[??:30/??/??:??.??]" ne="date" wd="dia_30"/>
            </grup.nom>
          </sn>
          <sp arg="argM" func="cc" tem="tmp">
            <prep>
              <s lem="a" pos="sps00" postype="preposition" wd="a"/>
            </prep>
            <sn>
              <spec gen="f" num="s">
                <d gen="f" lem="el" num="s" pos="da0fs0" postype="article" wd="la"/>
              </spec>
              <grup.nom gen="f" num="s">
                <n gen="f" lem="tarda" num="s" pos="ncfs000" postype="common" sense="16:10885066" wd="tarda"/>
              </grup.nom>
            </sn>
          </sp>
        </S>
      </grup.nom>
    </sn>
    <grup.verb>
      <v lem="anar" mood="indicative" num="p" person="3" pos="vaip3p0" postype="auxiliary" tense="present" wd="van"/>
      <v lem="permetre" lss="A32.ditransitive-patient-benefactive" mood="infinitive" pos="vmn0000" postype="main" wd="permetre"/>
    </grup.verb>
    <sn arg="arg1" func="cd" tem="pat">
      <spec gen="f" num="s">
        <d gen="f" lem="el" num="s" pos="da0fs0" postype="article" wd="la"/>
      </spec>
      <grup.nom gen="f" num="s">
        <n gen="f" lem="detenció" num="s" pos="ncfs000" postype="common" sense="16:00054269" wd="detenció"/>
        <sp>
          <prep>
            <s lem="a" pos="sps00" postype="preposition" wd="a"/>
          </prep>
          <sn entityref="ne" ne="location">
            <grup.nom>
              <n lem="Salt" ne="location" pos="np0000l" postype="proper" sense="16:cs1" wd="Salt"/>
            </grup.nom>
          </sn>
        </sp>
        <sp>
          <prep>
            <s lem="de" pos="sps00" postype="preposition" wd="de"/>
          </prep>
          <sn>
            <spec gen="f" num="s">
              <d gen="f" lem="el" num="s" pos="da0fs0" postype="article" wd="la"/>
            </spec>
            <grup.nom gen="f" num="s">
              <s.a gen="f" num="s">
                <grup.a gen="f" num="s">
                  <a gen="f" lem="segon" num="s" pos="ao0fs0" postype="ordinal" wd="segona"/>
                </grup.a>
              </s.a>
              <n gen="f" lem="persona" num="s" pos="ncfs000" postype="common" sense="16:00004123" wd="persona"/>
              <S clausetype="participle" impersonal="yes">
                <sadv arg="argM" func="cc" tem="mnr">
                  <grup.adv>
                    <r lem="presumptament" pos="rg" wd="presumptament"/>
                  </grup.adv>
                </sadv>
                <participi>
                  <a gen="f" lem="implicat" lss="B22.unaccusative-passive-transitive" num="s" pos="aq0fsp" posfunction="participle" postype="qualificative" wd="implicada"/>
                </participi>
                <sp arg="arg2" func="creg" tem="loc">
                  <prep>
                    <s lem="en" pos="sps00" postype="preposition" wd="en"/>
                  </prep>
                  <sn>
                    <spec gen="m" num="p">
                      <d gen="m" lem="aquest" num="p" pos="dd0mp0" postype="demonstrative" wd="aquests"/>
                    </spec>
                    <grup.nom gen="m" num="p">
                      <n gen="m" lem="fet" num="p" pos="ncmp000" postype="common" sense="16:05432762" wd="fets"/>
                    </grup.nom>
                  </sn>
                </sp>
              </S>
            </grup.nom>
          </sn>
        </sp>
      </grup.nom>
    </sn>
    <f lem="." pos="fp" punct="period" wd="."/>
  </sentence>
  <sentence>
    <sn arg="arg1" func="suj" tem="tem">
      <spec gen="m" num="p">
        <d gen="m" lem="el" num="p" pos="da0mp0" postype="article" wd="Els"/>
      </spec>
      <grup.nom gen="m" num="p">
        <n gen="m" lem="detingut" num="p" pos="ncmp000" postype="common" sense="16:cs1" wd="detinguts"/>
        <sn complex="yes">
          <f lem="," pos="fc" punct="comma" wd=","/>
          <grup.nom coord="yes">
            <grup.nom gen="m" num="s">
              <n lem="A.C." ne="person" pos="np0000p" postype="proper" sense="16:cs1" wd="A.C."/>
              <sp>
                <f lem="," pos="fc" punct="comma" wd=","/>
                <prep>
                  <s lem="de" pos="sps00" postype="preposition" wd="de"/>
                </prep>
                <sn>
                  <spec gen="m" num="p">
                    <z lem="16" ne="number" wd="16"/>
                  </spec>
                  <grup.nom gen="m" num="p">
                    <n gen="m" lem="any" num="p" pos="ncmp000" postype="common" sense="16:10917509" wd="anys"/>
                  </grup.nom>
                </sn>
                <f lem="," pos="fc" punct="comma" wd=","/>
              </sp>
            </grup.nom>
            <conj conjunctiontype="coordinating">
              <c lem="i" pos="cc" postype="coordinating" wd="i"/>
            </conj>
            <grup.nom gen="m" num="s">
              <n lem="Rachid_A." ne="person" pos="np0000p" postype="proper" sense="16:cs1" wd="Rachid_A."/>
              <sp>
                <f lem="," pos="fc" punct="comma" wd=","/>
                <prep>
                  <s lem="de" pos="sps00" postype="preposition" wd="de"/>
                </prep>
                <sn entityref="ne" ne="number">
                  <grup.nom gen="m" num="p">
                    <z lem="18" ne="number" wd="18"/>
                  </grup.nom>
                </sn>
              </sp>
            </grup.nom>
          </grup.nom>
          <f lem="," pos="fc" punct="comma" wd=","/>
        </sn>
      </grup.nom>
    </sn>
    <grup.verb>
      <v lem="anar" mood="indicative" num="p" person="3" pos="vaip3p0" postype="auxiliary" tense="present" wd="van"/>
      <v lem="passar" lss="B11.unaccusative-motion" mood="infinitive" pos="vmn0000" postype="main" wd="passar"/>
    </grup.verb>
    <sadv arg="argM" func="cc" tem="tmp">
      <grup.adv>
        <r lem="ahir" pos="rg" wd="ahir"/>
      </grup.adv>
    </sadv>
    <sp arg="argL" func="creg">
      <prep>
        <s lem="a" pos="sps00" postype="preposition" wd="a"/>
      </prep>
      <sn>
        <grup.nom gen="f" num="s">
          <n gen="f" lem="disposició" num="s" pos="ncfs000" postype="common" sense="16:cs1" wd="disposició"/>
          <sp>
            <prep>
              <s contracted="yes" gen="m" lem="del" num="s" pos="spcms" postype="preposition" wd="del"/>
            </prep>
            <sn entityref="ne" ne="organization">
              <grup.nom gen="m" num="s">
                <n lem="Jutjat" ne="organization" pos="np0000o" postype="proper" sense="16:cs1" wd="Jutjat"/>
                <sp>
                  <prep>
                    <s lem="de" pos="sps00" postype="preposition" wd="d'"/>
                  </prep>
                  <sn>
                    <grup.nom gen="f" num="s">
                      <n gen="f" lem="instrucció" num="s" pos="ncfs000" postype="common" sense="16:cs1" wd="instrucció"/>
                    </grup.nom>
                  </sn>
                </sp>
                <sn entityref="ne" ne="number">
                  <grup.nom gen="m" num="s">
                    <n gen="m" lem="N" num="s" pos="ncms000" postype="common" sense="16:cs1" wd="nº"/>
                    <sn entityref="ne" ne="number">
                      <grup.nom gen="m" num="s">
                        <z lem="8" ne="number" wd="8"/>
                      </grup.nom>
                    </sn>
                  </grup.nom>
                </sn>
                <sp>
                  <prep>
                    <s lem="de" pos="sps00" postype="preposition" wd="de"/>
                  </prep>
                  <sn entityref="ne" ne="location">
                    <grup.nom>
                      <n lem="Girona" ne="location" pos="np0000l" postype="proper" sense="16:50004694" wd="Girona"/>
                    </grup.nom>
                  </sn>
                </sp>
              </grup.nom>
            </sn>
          </sp>
        </grup.nom>
      </sn>
    </sp>
    <f lem="." pos="fp" punct="period" wd="."/>
  </sentence>
</article>
