<?xml version="1.0" encoding="UTF-8"?>
<!-- 

  ancora-2.0
       
			Copyright (C) 2007, 2008, 2009, 2010, 2011 UB - CLiC
			Centre de Llenguatge i Computació - Universitat de Barcelona
 
  This file is part of ancora-2.0.
 
  ancora-2.0 is free software and data: you can redistribute it and/or modify
  it under the terms of the GNU General Public License as published
  by the Free Software Foundation, either version 3 of the License,
  or (at your option) any later version.

  ancora-2.0 is distributed in the hope that it will be useful,
  but WITHOUT ANY WARRANTY; without even the implied warranty of
  MERCHANTABILITY or FITNESS FOR A PARTICULAR PURPOSE.  See the
  GNU General Public License for more details.
 
  You should have received a copy of the GNU General Public License
  along with ancora-2.0.  If not, see &lt;http://www.gnu.org/licenses/&gt;.
 
  Check a text in catalan explaining the terms of the license at http://www.softcatala.cat/wiki/GPL3.
  In spanish at http://www.viti.es/gnu/licenses/gpl.html
 

  The following paper must be cited when using this corpus:

 * Taulé, M., M.A. Martí, M. Recasens (2008) 'Ancora: Multilevel Annotated Corpora for Catalan and Spanish',
   Proceedings of 6th International Conference on Language Resources and Evaluation. Marrakesh (Morocco).

  In addition, the following paper must be cited if coreference information (attributes entity, coreftype,
  corefsubtype, homophoricDD or entityref) is used:

 * Recasens, Marta, M. Antònia Martí (2010) ‘AnCora-CO: Coreferentially annotated corpora for Spanish and
   Catalan’. Language Resources and Evaluation, Springer Science.

  Additionally, the following paper must be cited when argumental attributes in "sn" or "grup.nom"
  (attributes func, arg, tem or lexicalid) are used:

 * Peris, Aina, Mariona Taulé, Horacio Rodríguez (2010) ‘Semantic Annotation of Deverbal Nominalizations in the
   Spanish AnCora corpus’. Treebanks and Linguistic Theories (TLT-2010), Estonia.
-->
<article lng="ca">
  <sentence coord="yes">
    <S coord="yes">
      <S coord="yes">
        <S>
          <sn arg="arg1" func="suj" tem="tem">
            <spec gen="m" num="s">
              <d gen="m" lem="un" num="s" pos="di0ms0" postype="indefinite" wd="Un"/>
            </spec>
            <grup.nom gen="m" num="s">
              <n gen="m" lem="home" num="s" pos="ncms000" postype="common" sense="16:07391044" wd="home"/>
            </grup.nom>
          </sn>
          <grup.verb>
            <v lem="haver" mood="indicative" num="s" person="3" pos="vaip3s0" postype="auxiliary" tense="present" wd="ha"/>
            <v gen="m" lem="morir" lss="B21.unaccusative-state" mood="participle" num="s" pos="vmp00sm" postype="main" wd="mort"/>
          </grup.verb>
        </S>
        <conj conjunctiontype="coordinating">
          <c lem="i" pos="cc" postype="coordinating" wd="i"/>
        </conj>
        <S>
          <sn arg="arg1" func="suj" tem="tem">
            <spec gen="m" num="s">
              <d gen="m" lem="un" num="s" pos="di0ms0" postype="indefinite" wd="un"/>
            </spec>
            <grup.nom gen="m" num="s">
              <p gen="m" lem="altre" num="s" pos="pi0ms000" postype="indefinite" wd="altre"/>
            </grup.nom>
          </sn>
          <grup.verb>
            <v lem="haver" mood="indicative" num="s" person="3" pos="vaip3s0" postype="auxiliary" tense="present" wd="ha"/>
            <v gen="m" lem="resultar" lss="C21.state-attributive" mood="participle" num="s" pos="vmp00sm" postype="main" wd="resultat"/>
          </grup.verb>
          <S arg="arg2" clausetype="participle" func="cpred" impersonal="yes" predicate="suj" tem="atr">
            <participi>
              <a gen="m" lem="ferit" lss="B22.unaccusative-passive-transitive" num="s" pos="aq0msp" posfunction="participle" postype="qualificative" wd="ferit"/>
            </participi>
            <sa arg="argM" func="cpred" tem="atr">
              <grup.a>
                <a gen="c" lem="greu" num="s" pos="aq0cs0" postype="qualificative" wd="greu"/>
              </grup.a>
            </sa>
          </S>
        </S>
      </S>
      <sadv adjunct="yes" arg="argM" func="cc" tem="tmp">
        <grup.adv>
          <r lem="després" pos="rg" wd="després"/>
          <S clausetype="completive" coord="yes">
            <conj conjunctiontype="subordinating">
              <c lem="que" pos="cs" postype="subordinating" wd="que"/>
            </conj>
            <S clausetype="completive">
              <sn arg="arg1" func="suj" tem="tem">
                <spec gen="m" num="s">
                  <d gen="m" lem="el" num="s" pos="da0ms0" postype="article" wd="el"/>
                </spec>
                <grup.nom gen="m" num="s">
                  <n gen="m" lem="vehicle" num="s" pos="ncms000" postype="common" sense="16:03569523" wd="vehicle"/>
                  <S clausetype="relative">
                    <sp arg="argM" func="cc" tem="adv">
                      <prep>
                        <s lem="en" pos="sps00" postype="preposition" wd="en"/>
                      </prep>
                      <relatiu>
                        <p gen="c" lem="què" num="c" pos="pr0cn000" postype="relative" wd="què"/>
                      </relatiu>
                    </sp>
                    <sn arg="arg0" elliptic="yes" func="suj" tem="agt"/>
                    <grup.verb>
                      <v lem="anar" lss="D11.inergative-agentive" mood="indicative" num="p" person="3" pos="vmii3p0" postype="main" tense="imperfect" wd="anaven"/>
                    </grup.verb>
                  </S>
                </grup.nom>
              </sn>
              <grup.verb>
                <v lem="haver" mood="indicative" num="s" person="3" pos="vaip3s0" postype="auxiliary" tense="present" wd="ha"/>
                <v gen="m" lem="sortir" lss="B11.unaccusative-motion" mood="participle" num="s" pos="vmp00sm" postype="main" wd="sortit"/>
              </grup.verb>
              <sp arg="arg3" func="cc" tem="ori">
                <prep>
                  <s lem="de" pos="sps00" postype="preposition" wd="de"/>
                </prep>
                <sn>
                  <spec gen="f" num="s">
                    <d gen="f" lem="el" num="s" pos="da0fs0" postype="article" wd="la"/>
                  </spec>
                  <grup.nom gen="f" num="s">
                    <n gen="f" lem="via" num="s" pos="ncfs000" postype="common" sense="16:03600463" wd="via"/>
                  </grup.nom>
                </sn>
              </sp>
            </S>
            <conj conjunctiontype="coordinating">
              <c lem="i" pos="cc" postype="coordinating" wd="i"/>
            </conj>
            <S clausetype="completive">
              <sn arg="arg1" elliptic="yes" func="suj" tem="tem"/>
              <grup.verb>
                <v lem="haver" mood="indicative" num="s" person="3" pos="vaip3s0" postype="auxiliary" tense="present" wd="ha"/>
                <v gen="m" lem="bolcar" lss="B11.unaccusative-motion" mood="participle" num="s" pos="vmp00sm" postype="main" wd="bolcat"/>
              </grup.verb>
              <sp arg="argM" func="cc" tem="loc">
                <prep>
                  <s lem="a" pos="sps00" postype="preposition" wd="a"/>
                </prep>
                <sn entityref="ne" ne="location">
                  <grup.nom>
                    <n lem="La_Roca_del_Vallès" ne="location" pos="np0000l" postype="proper" sense="16:cs1" wd="La_Roca_del_Vallès"/>
                  </grup.nom>
                </sn>
              </sp>
              <sadv arg="argM" func="cc" tem="tmp">
                <grup.adv>
                  <r lem="avui" pos="rg" wd="avui"/>
                </grup.adv>
              </sadv>
              <sp arg="argM" func="cc" tem="tmp">
                <prep>
                  <s lem="a" pos="sps00" postype="preposition" wd="a"/>
                </prep>
                <sn entityref="ne" ne="date">
                  <grup.nom>
                    <w lem="[??:??/??/??:13.30]" ne="date" wd="dos_quarts_de_dues_del_migdia"/>
                  </grup.nom>
                </sn>
              </sp>
            </S>
          </S>
        </grup.adv>
      </sadv>
    </S>
    <S adjunct="yes" clausetype="adverbial" func="ao">
      <f lem="," pos="fc" punct="comma" wd=","/>
      <conj conjunctiontype="subordinating">
        <c lem="segons" pos="cs" postype="subordinating" wd="segons"/>
      </conj>
      <grup.verb>
        <v lem="haver" mood="indicative" num="p" person="3" pos="vaip3p0" postype="auxiliary" tense="present" wd="han"/>
        <v gen="m" lem="informar" lss="A32.ditransitive-patient-benefactive" mood="participle" num="s" pos="vmp00sm" postype="main" wd="informat"/>
      </grup.verb>
      <sn arg="arg0" entityref="ne" func="suj" ne="organization" tem="agt">
        <spec gen="m" num="p">
          <d gen="m" lem="el" num="p" pos="da0mp0" postype="article" wd="els"/>
        </spec>
        <grup.nom gen="m" num="p">
          <n lem="Mossos_d'_Esquadra" ne="organization" pos="np0000o" postype="proper" sense="16:cs1" wd="Mossos_d'_Esquadra"/>
        </grup.nom>
      </sn>
    </S>
    <f lem="." pos="fp" punct="period" wd="."/>
  </sentence>
  <sentence coord="yes">
    <S>
      <sn arg="arg1" func="suj" tem="tem">
        <spec gen="m" num="p">
          <d gen="m" lem="el" num="p" pos="da0mp0" postype="article" wd="Els"/>
        </spec>
        <grup.nom gen="m" num="p">
          <n gen="m" lem="fet" num="p" pos="ncmp000" postype="common" sense="16:05432762" wd="fets"/>
        </grup.nom>
      </sn>
      <grup.verb>
        <v lem="haver" mood="indicative" num="p" person="3" pos="vaip3p0" postype="auxiliary" tense="present" wd="han"/>
        <v gen="m" lem="passar" lss="C42.state-experiencer" mood="participle" num="s" pos="vmp00sm" postype="main" wd="passat"/>
      </grup.verb>
      <sp arg="argM" func="cc" tem="loc">
        <prep>
          <s contracted="yes" gen="m" lem="al" num="s" pos="spcms" postype="preposition" wd="al"/>
        </prep>
        <sn entityref="ne" ne="number">
          <grup.nom gen="m" num="s">
            <n gen="m" lem="punt" num="s" pos="ncms000" postype="common" sense="16:06351684" wd="punt"/>
            <s.a gen="m" num="s">
              <grup.a gen="m" num="s">
                <a gen="m" lem="quilomètric" num="s" pos="aq0ms0" postype="qualificative" wd="quilomètric"/>
              </grup.a>
            </s.a>
            <sn entityref="ne" ne="number">
              <grup.nom>
                <z lem="5" ne="number" wd="5"/>
              </grup.nom>
            </sn>
            <sp>
              <prep>
                <s lem="de" pos="sps00" postype="preposition" wd="de"/>
              </prep>
              <sn entityref="ne" ne="location">
                <spec gen="f" num="s">
                  <d gen="f" lem="el" num="s" pos="da0fs0" postype="article" wd="la"/>
                </spec>
                <grup.nom gen="f" num="s">
                  <n lem="BV-5105" ne="location" pos="np0000l" postype="proper" sense="16:cs1" wd="BV-5105"/>
                </grup.nom>
              </sn>
            </sp>
          </grup.nom>
        </sn>
      </sp>
      <f lem="," pos="fc" punct="comma" wd=","/>
    </S>
    <conj conjunctiontype="coordinating">
      <c lem="i" pos="cc" postype="coordinating" wd="i"/>
    </conj>
    <S>
      <sn arg="arg1" func="suj" tem="tem">
        <spec gen="m" num="s">
          <d gen="m" lem="el" num="s" pos="da0ms0" postype="article" wd="el"/>
        </spec>
        <grup.nom gen="m" num="s">
          <n gen="m" lem="vehicle" num="s" pos="ncms000" postype="common" sense="16:03569523" wd="vehicle"/>
        </grup.nom>
      </sn>
      <grup.verb>
        <v lem="ser" lss="C21.state-attributive" mood="indicative" num="s" person="3" pos="vmip3s0" postype="main" tense="present" wd="és"/>
      </grup.verb>
      <sn arg="arg2" func="atr" tem="atr">
        <spec gen="m" num="s">
          <d gen="m" lem="un" num="s" pos="di0ms0" postype="indefinite" wd="un"/>
        </spec>
        <grup.nom gen="m" num="s">
          <n gen="m" lem="turisme" num="s" pos="ncms000" postype="common" sense="16:02383458" wd="turisme"/>
          <sn entityref="ne" ne="other">
            <grup.nom>
              <n lem="Seat_Toledo" ne="other" pos="np0000a" postype="proper" sense="16:cs1" wd="Seat_Toledo"/>
            </grup.nom>
          </sn>
          <sp>
            <prep>
              <s lem="amb" pos="sps00" postype="preposition" wd="amb"/>
            </prep>
            <sn>
              <grup.nom gen="f" num="s">
                <n gen="f" lem="matrícula" num="s" pos="ncfs000" postype="common" sense="16:04842460" wd="matrícula"/>
                <sp>
                  <prep>
                    <s lem="de" pos="sps00" postype="preposition" wd="de"/>
                  </prep>
                  <sn entityref="ne" ne="location">
                    <grup.nom>
                      <n lem="Barcelona" ne="location" pos="np0000l" postype="proper" sense="16:06583156" wd="Barcelona"/>
                    </grup.nom>
                  </sn>
                </sp>
              </grup.nom>
            </sn>
          </sp>
        </grup.nom>
      </sn>
    </S>
    <f lem="." pos="fp" punct="period" wd="."/>
  </sentence>
  <sentence>
    <sn arg="arg1" coord="yes" func="suj" tem="tem">
      <sn entityref="ne" ne="person">
        <spec gen="m" num="s">
          <d gen="m" lem="el" num="s" pos="da0ms0" postype="article" wd="El"/>
        </spec>
        <grup.nom gen="m" num="s">
          <n gen="m" lem="conductor" num="s" pos="ncms000" postype="common" sense="16:07228242" wd="conductor"/>
          <f lem="," pos="fc" punct="comma" wd=","/>
          <sn entityref="ne" ne="person">
            <grup.nom gen="m" num="s">
              <n lem="Hassan_C." ne="person" pos="np0000p" postype="proper" sense="16:cs1" wd="Hassan_C."/>
            </grup.nom>
          </sn>
          <sp>
            <prep>
              <s lem="de" pos="sps00" postype="preposition" wd="de"/>
            </prep>
            <sn>
              <spec gen="m" num="p">
                <z lem="28" ne="number" wd="28"/>
              </spec>
              <grup.nom gen="m" num="p">
                <n gen="m" lem="any" num="p" pos="ncmp000" postype="common" sense="16:10917509" wd="anys"/>
              </grup.nom>
            </sn>
          </sp>
        </grup.nom>
      </sn>
      <conj conjunctiontype="coordinating">
        <c lem="i" pos="cc" postype="coordinating" wd="i"/>
      </conj>
      <sn entityref="ne" ne="person">
        <grup.nom gen="m" num="s">
          <n lem="Said_J." ne="person" pos="np0000p" postype="proper" sense="16:cs1" wd="Said_J."/>
          <sp>
            <prep>
              <s lem="de" pos="sps00" postype="preposition" wd="de"/>
            </prep>
            <sn>
              <spec gen="m" num="p">
                <z lem="29" ne="number" wd="29"/>
              </spec>
              <grup.nom gen="m" num="p">
                <n gen="m" lem="any" num="p" pos="ncmp000" postype="common" sense="16:10917509" wd="anys"/>
              </grup.nom>
            </sn>
          </sp>
        </grup.nom>
      </sn>
    </sn>
    <grup.verb>
      <v lem="haver" mood="indicative" num="p" person="3" pos="vaip3p0" postype="auxiliary" tense="present" wd="han"/>
      <v gen="m" lem="resultar" lss="C21.state-attributive" mood="participle" num="s" pos="vmp00sm" postype="main" wd="resultat"/>
    </grup.verb>
    <S arg="arg2" clausetype="participle" coord="yes" func="cpred" impersonal="yes" predicate="suj" tem="atr">
      <S clausetype="participle" impersonal="yes">
        <participi>
          <a gen="m" lem="ferit" lss="B22.unaccusative-passive-transitive" num="p" pos="aq0mpp" posfunction="participle" postype="qualificative" wd="ferits"/>
        </participi>
        <sa arg="argM" complex="yes" func="cpred" tem="atr">
          <grup.a coord="yes">
            <grup.a>
              <a gen="c" lem="greu" num="s" pos="aq0cs0" postype="qualificative" wd="greu"/>
            </grup.a>
            <conj conjunctiontype="coordinating">
              <c lem="i" pos="cc" postype="coordinating" wd="i"/>
            </conj>
            <grup.a>
              <a gen="c" lem="lleu" num="s" pos="aq0cs0" postype="qualificative" wd="lleu"/>
            </grup.a>
          </grup.a>
        </sa>
        <sadv arg="argM" func="cc" tem="mnr">
          <grup.adv>
            <r lem="respectivament" pos="rg" wd="respectivament"/>
          </grup.adv>
        </sadv>
      </S>
      <conj conjunctiontype="coordinating">
        <c lem="i" pos="cc" postype="coordinating" wd="i"/>
      </conj>
      <S clausetype="participle" impersonal="yes">
        <participi>
          <a gen="m" lem="traslladat" lss="B12.unaccusative-passive-ditransitive" num="p" pos="aq0mpp" posfunction="participle" postype="qualificative" wd="traslladats"/>
        </participi>
        <sp arg="arg4" func="cc" tem="des">
          <prep>
            <s lem="a" pos="sps00" postype="preposition" wd="a"/>
          </prep>
          <sn entityref="ne" ne="organization">
            <spec gen="m" num="s">
              <d gen="c" lem="el" num="s" pos="da0cs0" postype="article" wd="l'"/>
            </spec>
            <grup.nom gen="m" num="s">
              <n lem="Hospital_General_de_Granollers" ne="organization" pos="np0000o" postype="proper" sense="16:cs1" wd="Hospital_General_de_Granollers"/>
            </grup.nom>
          </sn>
        </sp>
      </S>
    </S>
    <f lem="." pos="fp" punct="period" wd="."/>
  </sentence>
  <sentence>
    <sn arg="arg1" entityref="ne" func="suj" ne="person" tem="pat">
      <spec gen="m" num="s">
        <d gen="m" lem="el" num="s" pos="da0ms0" postype="article" wd="El"/>
      </spec>
      <grup.nom gen="m" num="s">
        <s.a gen="m" num="s">
          <grup.a gen="m" num="s">
            <a gen="m" lem="tercer" num="s" pos="ao0ms0" postype="ordinal" wd="tercer"/>
          </grup.a>
        </s.a>
        <n gen="c" lem="ocupant" num="s" pos="nccs000" postype="common" sense="16:07530344" wd="ocupant"/>
        <sn entityref="ne" ne="person">
          <f lem="," pos="fc" punct="comma" wd=","/>
          <grup.nom gen="m" num="s">
            <n lem="Mostafa_E." ne="person" pos="np0000p" postype="proper" sense="16:cs1" wd="Mostafa_E."/>
          </grup.nom>
          <f lem="," pos="fc" punct="comma" wd=","/>
        </sn>
        <sp>
          <prep>
            <s lem="de" pos="sps00" postype="preposition" wd="de"/>
          </prep>
          <sn>
            <spec gen="m" num="p">
              <z lem="49" ne="number" wd="49"/>
            </spec>
            <grup.nom gen="m" num="p">
              <n gen="m" lem="any" num="p" pos="ncmp000" postype="common" sense="16:10917509" wd="anys"/>
            </grup.nom>
          </sn>
        </sp>
      </grup.nom>
      <f lem="," pos="fc" punct="comma" wd=","/>
    </sn>
    <grup.verb>
      <v lem="haver" mood="indicative" num="s" person="3" pos="vaip3s0" postype="auxiliary" tense="present" wd="ha"/>
      <v gen="m" lem="ser" mood="participle" num="s" pos="vsp00sm" postype="semiauxiliary" wd="estat"/>
      <v gen="m" lem="evacuar" lss="B12.unaccusative-passive-ditransitive" mood="participle" num="s" pos="vmp00sm" postype="main" wd="evacuat"/>
    </grup.verb>
    <sp arg="argM" func="cc" tem="adv">
      <prep>
        <s lem="amb" pos="sps00" postype="preposition" wd="amb"/>
      </prep>
      <sn>
        <grup.nom gen="m" num="s">
          <n gen="m" lem="helicòpter" num="s" pos="ncms000" postype="common" sense="16:02814163" wd="helicòpter"/>
        </grup.nom>
      </sn>
    </sp>
    <S arg="arg2" clausetype="participle" func="cpred" impersonal="yes" predicate="suj" tem="atr">
      <participi>
        <a gen="m" lem="ferit" lss="B22.unaccusative-passive-transitive" num="s" pos="aq0msp" posfunction="participle" postype="qualificative" wd="ferit"/>
      </participi>
      <sa arg="argM" func="cpred" tem="atr">
        <spec>
          <r lem="molt" pos="rg" wd="molt"/>
        </spec>
        <grup.a>
          <a gen="c" lem="greu" num="s" pos="aq0cs0" postype="qualificative" wd="greu"/>
        </grup.a>
      </sa>
    </S>
    <sp arg="arg4" func="cc" tem="des">
      <prep>
        <s lem="a" pos="sps00" postype="preposition" wd="a"/>
      </prep>
      <sn entityref="ne" ne="organization">
        <spec gen="m" num="s">
          <d gen="c" lem="el" num="s" pos="da0cs0" postype="article" wd="l'"/>
        </spec>
        <grup.nom gen="m" num="s">
          <n lem="Hospital_General_de_Catalunya" ne="organization" pos="np0000o" postype="proper" sense="16:cs1" wd="Hospital_General_de_Catalunya"/>
        </grup.nom>
      </sn>
    </sp>
    <f lem="." pos="fp" punct="period" wd="."/>
  </sentence>
  <sentence>
    <sadv arg="argM" func="cc" tem="mnr">
      <grup.adv>
        <r lem="posteriorment" pos="rg" wd="Posteriorment"/>
      </grup.adv>
    </sadv>
    <sn arg="arg1" elliptic="yes" func="suj" tem="tem"/>
    <grup.verb>
      <v lem="haver" mood="indicative" num="s" person="3" pos="vaip3s0" postype="auxiliary" tense="present" wd="ha"/>
      <v gen="m" lem="morir" lss="B21.unaccusative-state" mood="participle" num="s" pos="vmp00sm" postype="main" wd="mort"/>
    </grup.verb>
    <sp arg="argM" func="cc" tem="loc">
      <prep>
        <s contracted="yes" gen="m" lem="al" num="s" pos="spcms" postype="preposition" wd="al"/>
      </prep>
      <sn>
        <spec gen="m" num="s">
          <d gen="m" lem="mateix" num="s" pos="di0ms0" postype="indefinite" wd="mateix"/>
        </spec>
        <grup.nom gen="m" num="s">
          <n gen="m" lem="hospital" num="s" pos="ncms000" postype="common" sense="16:02834408" wd="hospital"/>
        </grup.nom>
      </sn>
    </sp>
    <f lem="." pos="fp" punct="period" wd="."/>
  </sentence>
  <sentence>
    <sn arg="arg1" func="suj" tem="tem">
      <spec gen="m" num="p">
        <d gen="m" lem="el" num="p" pos="da0mp0" postype="article" wd="Els"/>
        <d gen="c" lem="tres" num="p" pos="dn0cp0" postype="numeral" wd="tres"/>
      </spec>
      <grup.nom gen="m" num="p">
        <n gen="m" lem="accidentat" num="p" pos="ncmp000" postype="common" sense="16:cs1" wd="accidentats"/>
      </grup.nom>
    </sn>
    <grup.verb>
      <v lem="ser" lss="C21.state-attributive" mood="indicative" num="p" person="3" pos="vmip3p0" postype="main" tense="present" wd="són"/>
    </grup.verb>
    <sp arg="arg2" func="atr" tem="atr">
      <prep>
        <s lem="de" pos="sps00" postype="preposition" wd="de"/>
      </prep>
      <sn>
        <grup.nom gen="f" num="s">
          <n gen="f" lem="nacionalitat" num="s" pos="ncfs000" postype="common" sense="16:10053835" wd="nacionalitat"/>
          <s.a gen="f" num="s">
            <grup.a gen="f" num="s">
              <a gen="f" lem="marroquí" num="s" pos="aq0fs0" postype="qualificative" wd="marroquina"/>
            </grup.a>
          </s.a>
        </grup.nom>
      </sn>
    </sp>
    <f lem="." pos="fp" punct="period" wd="."/>
  </sentence>
</article>
