<?xml version="1.0" encoding="UTF-8" standalone="no"?>
<!-- 

  ancora-2.0
       
			Copyright (C) 2007, 2008, 2009, 2010, 2011 UB - CLiC
			Centre de Llenguatge i Computació - Universitat de Barcelona
 
  This file is part of ancora-2.0.
 
  ancora-2.0 is free software and data: you can redistribute it and/or modify
  it under the terms of the GNU General Public License as published
  by the Free Software Foundation, either version 3 of the License,
  or (at your option) any later version.

  ancora-2.0 is distributed in the hope that it will be useful,
  but WITHOUT ANY WARRANTY; without even the implied warranty of
  MERCHANTABILITY or FITNESS FOR A PARTICULAR PURPOSE.  See the
  GNU General Public License for more details.
 
  You should have received a copy of the GNU General Public License
  along with ancora-2.0.  If not, see &lt;http://www.gnu.org/licenses/&gt;.
 
  Check a text in catalan explaining the terms of the license at http://www.softcatala.cat/wiki/GPL3.
  In spanish at http://www.viti.es/gnu/licenses/gpl.html
 

  The following paper must be cited when using this corpus:

 * Taulé, M., M.A. Martí, M. Recasens (2008) 'Ancora: Multilevel Annotated Corpora for Catalan and Spanish',
   Proceedings of 6th International Conference on Language Resources and Evaluation. Marrakesh (Morocco).

  In addition, the following paper must be cited if coreference information (attributes entity, coreftype,
  corefsubtype, homophoricDD or entityref) is used:

 * Recasens, Marta, M. Antònia Martí (2010) ‘AnCora-CO: Coreferentially annotated corpora for Spanish and
   Catalan’. Language Resources and Evaluation, Springer Science.

  Additionally, the following paper must be cited when argumental attributes in "sn" or "grup.nom"
  (attributes func, arg, tem or lexicalid) are used:

 * Peris, Aina, Mariona Taulé, Horacio Rodríguez (2010) ‘Semantic Annotation of Deverbal Nominalizations in the
   Spanish AnCora corpus’. Treebanks and Linguistic Theories (TLT-2010), Estonia.
-->
<article lng="ca">
  <sentence coord="yes">
    <S>
      <sn arg="arg0" entityref="ne" func="suj" ne="organization" tem="agt">
        <spec gen="f" num="s">
          <d gen="f" lem="el" num="s" pos="da0fs0" postype="article" wd="La"/>
        </spec>
        <grup.nom gen="f" num="s">
          <n lem="Fundació" ne="organization" pos="np0000o" postype="proper" sense="16:cs1" wd="Fundació"/>
          <sn entityref="ne" ne="organization">
            <grup.nom>
              <f lem="'" pos="fz" punct="mathsign" wd="'"/>
              <n lem="La_Caixa" ne="organization" pos="np0000o" postype="proper" sense="16:cs1" wd="La_Caixa"/>
              <f lem="'" pos="fz" punct="mathsign" wd="'"/>
            </grup.nom>
          </sn>
        </grup.nom>
      </sn>
      <grup.verb>
        <v lem="col·laborar" lss="A33.ditransitive-theme-locative" mood="indicative" num="s" person="3" pos="vmif3s0" postype="main" tense="future" wd="col·laborarà"/>
      </grup.verb>
      <sp arg="arg1" func="creg" tem="tem">
        <prep>
          <s lem="amb" pos="sps00" postype="preposition" wd="amb"/>
        </prep>
        <sn entityref="ne" ne="organization">
          <spec gen="m" num="s">
            <d gen="c" lem="el" num="s" pos="da0cs0" postype="article" wd="l'"/>
          </spec>
          <grup.nom gen="m" num="s">
            <n lem="Ajuntament_d'_Olot" ne="organization" pos="np0000o" postype="proper" sense="16:cs1" wd="Ajuntament_d'_Olot"/>
          </grup.nom>
        </sn>
      </sp>
      <sp arg="arg2" func="cc" tem="loc">
        <prep>
          <s lem="en" pos="sps00" postype="preposition" wd="en"/>
        </prep>
        <sn>
          <spec gen="m" num="s">
            <d gen="m" lem="un" num="s" pos="di0ms0" postype="indefinite" wd="un"/>
          </spec>
          <grup.nom gen="m" num="s">
            <n gen="m" lem="projecte" num="s" pos="ncms000" postype="common" sense="16:00508925" wd="projecte"/>
            <sp>
              <prep>
                <s lem="de" pos="sps00" postype="preposition" wd="de"/>
              </prep>
              <sn>
                <grup.nom gen="f" num="s">
                  <n gen="f" lem="reforma" num="s" pos="ncfs000" postype="common" sense="16:50005912" wd="reforma"/>
                  <sp>
                    <prep>
                      <s lem="de" pos="sps00" postype="preposition" wd="de"/>
                    </prep>
                    <sn>
                      <spec gen="f" num="p">
                        <d gen="f" lem="el" num="p" pos="da0fp0" postype="article" wd="les"/>
                      </spec>
                      <grup.nom gen="f" num="p">
                        <n gen="f" lem="instal·lació" num="p" pos="ncfp000" postype="common" sense="16:02661119" wd="instal·lacions"/>
                        <sp>
                          <prep>
                            <s lem="de" pos="sps00" postype="preposition" wd="de"/>
                          </prep>
                          <sn entityref="ne" ne="location">
                            <spec gen="m" num="s">
                              <d gen="c" lem="el" num="s" pos="da0cs0" postype="article" wd="l'"/>
                            </spec>
                            <grup.nom gen="m" num="s">
                              <s.a gen="m" num="s">
                                <grup.a gen="m" num="s">
                                  <a gen="m" lem="antic" num="s" pos="aq0ms0" postype="qualificative" wd="antic"/>
                                </grup.a>
                              </s.a>
                              <n gen="m" lem="cinema" num="s" pos="ncms000" postype="common" sense="16:02442077" wd="cinema"/>
                              <sn entityref="ne" ne="person">
                                <grup.nom>
                                  <n lem="Núria" ne="person" pos="np0000p" postype="proper" sense="16:cs1" wd="Núria"/>
                                </grup.nom>
                              </sn>
                            </grup.nom>
                          </sn>
                        </sp>
                      </grup.nom>
                    </sn>
                  </sp>
                </grup.nom>
              </sn>
            </sp>
          </grup.nom>
        </sn>
      </sp>
      <sp arg="argM" func="cc" tem="fin">
        <prep>
          <s lem="per" pos="sps00" postype="preposition" wd="per"/>
        </prep>
        <S clausetype="completive" impersonal="yes">
          <infinitiu>
            <v lem="convertir" lss="A12.ditransitive-causative-state" mood="infinitive" pos="vmn0000" postype="main" wd="convertir"/>
          </infinitiu>
          <sn arg="arg1" func="cd" tem="tem">
            <grup.nom gen="m" num="s">
              <p case="accusative" gen="m" lem="ell" num="s" person="3" pos="pp3msa00" postype="personal" wd="-lo"/>
            </grup.nom>
          </sn>
          <sp arg="arg2" func="creg" tem="efi">
            <prep>
              <s lem="en" pos="sps00" postype="preposition" wd="en"/>
            </prep>
            <sn>
              <spec gen="m" num="s">
                <d gen="m" lem="un" num="s" pos="di0ms0" postype="indefinite" wd="un"/>
              </spec>
              <grup.nom gen="m" num="s">
                <n gen="m" lem="equipament" num="s" pos="ncms000" postype="common" sense="16:02644452" wd="equipament"/>
                <sp>
                  <prep>
                    <s lem="per" pos="sps00" postype="preposition" wd="per"/>
                  </prep>
                  <sp>
                    <prep>
                      <s contracted="yes" gen="m" lem="al" num="p" pos="spcmp" postype="preposition" wd="als"/>
                    </prep>
                    <sn>
                      <grup.nom gen="m" num="p">
                        <n gen="c" lem="jove" num="p" pos="nccp000" postype="common" sense="16:07692038" wd="joves"/>
                      </grup.nom>
                    </sn>
                  </sp>
                </sp>
              </grup.nom>
            </sn>
          </sp>
        </S>
      </sp>
    </S>
    <conj conjunctiontype="coordinating">
      <c lem="i" pos="cc" postype="coordinating" wd="i"/>
    </conj>
    <S verbless="yes">
      <sp>
        <prep>
          <s lem="amb" pos="sps00" postype="preposition" wd="amb"/>
        </prep>
        <sn entityref="ne" ne="organization">
          <spec gen="f" num="s">
            <d gen="c" lem="el" num="s" pos="da0cs0" postype="article" wd="l'"/>
          </spec>
          <grup.nom gen="f" num="s">
            <n gen="f" lem="associació" num="s" pos="ncfs000" postype="common" sense="16:05999585" wd="associació"/>
            <sn entityref="ne" ne="organization">
              <grup.nom>
                <n lem="La_Caritat" ne="organization" pos="np0000o" postype="proper" sense="16:cs1" wd="La_Caritat"/>
              </grup.nom>
            </sn>
          </grup.nom>
        </sn>
      </sp>
      <sp>
        <prep>
          <s lem="per" pos="sps00" postype="preposition" wd="per"/>
        </prep>
        <sn complex="yes">
          <spec gen="f" num="s">
            <d gen="c" lem="el" num="s" pos="da0cs0" postype="article" wd="l'"/>
          </spec>
          <grup.nom coord="yes">
            <grup.nom coord="yes">
              <grup.nom gen="f" num="s">
                <n gen="f" lem="adequació" num="s" pos="ncfs000" postype="common" sense="16:03760326" wd="adequació"/>
              </grup.nom>
              <conj conjunctiontype="coordinating">
                <c lem="i" pos="cc" postype="coordinating" wd="i"/>
              </conj>
              <grup.nom gen="f" num="s">
                <n gen="f" lem="modernització" num="s" pos="ncfs000" postype="common" sense="16:00170063" wd="modernització"/>
              </grup.nom>
            </grup.nom>
            <sp adjunct="yes">
              <prep>
                <s lem="de" pos="sps00" postype="preposition" wd="d'"/>
              </prep>
              <sn>
                <spec gen="f" num="s">
                  <d gen="f" lem="un" num="s" pos="di0fs0" postype="indefinite" wd="una"/>
                </spec>
                <grup.nom gen="f" num="s">
                  <n gen="f" lem="residència" num="s" pos="ncfs000" postype="common" sense="16:06309630" wd="residència"/>
                  <s.a gen="f" num="s">
                    <grup.a gen="f" num="s">
                      <a gen="f" lem="geriàtric" num="s" pos="aq0fs0" postype="qualificative" wd="geriàtrica"/>
                    </grup.a>
                  </s.a>
                </grup.nom>
              </sn>
            </sp>
          </grup.nom>
        </sn>
      </sp>
    </S>
    <f lem="." pos="fp" punct="period" wd="."/>
  </sentence>
  <sentence>
    <sn arg="arg0" entityref="ne" func="suj" ne="organization" tem="agt">
      <spec gen="f" num="s">
        <d gen="f" lem="el" num="s" pos="da0fs0" postype="article" wd="La"/>
      </spec>
      <grup.nom gen="f" num="s">
        <n lem="Fundació" ne="organization" pos="np0000o" postype="proper" sense="16:cs1" wd="Fundació"/>
        <sn entityref="ne" ne="organization">
          <grup.nom>
            <f lem="'" pos="fz" punct="mathsign" wd="'"/>
            <n lem="La_Caixa" ne="organization" pos="np0000o" postype="proper" sense="16:cs1" wd="La_Caixa"/>
            <f lem="'" pos="fz" punct="mathsign" wd="'"/>
          </grup.nom>
        </sn>
      </grup.nom>
    </sn>
    <sp arg="argM" func="cc" tem="adv">
      <f lem="," pos="fc" punct="comma" wd=","/>
      <prep>
        <s lem="a_través_de" pos="sps00" postype="preposition" wd="a_través_de"/>
      </prep>
      <sn>
        <spec gen="f" num="s">
          <d gen="f" lem="el_seu" num="s" person="3" pos="dp3fs0" postype="possessive" wd="la_seva"/>
        </spec>
        <grup.nom gen="f" num="s">
          <n gen="f" lem="convocatòria" num="s" pos="ncfs000" postype="common" sense="16:00798926" wd="convocatòria"/>
          <sp>
            <prep>
              <s lem="de" pos="sps00" postype="preposition" wd="de"/>
            </prep>
            <sn>
              <grup.nom gen="m" num="p">
                <n gen="m" lem="projecte" num="p" pos="ncmp000" postype="common" sense="16:00508925" wd="projectes"/>
                <s.a gen="m" num="p">
                  <grup.a gen="m" num="p">
                    <a gen="c" lem="sociocultural" num="p" pos="aq0cp0" postype="qualificative" wd="socioculturals"/>
                  </grup.a>
                </s.a>
              </grup.nom>
            </sn>
          </sp>
        </grup.nom>
      </sn>
      <f lem="," pos="fc" punct="comma" wd=","/>
    </sp>
    <grup.verb>
      <v lem="col·laborar" lss="A22.transitive-agentive-theme" mood="indicative" num="s" person="3" pos="vmip3s0" postype="main" tense="present" wd="col·labora"/>
    </grup.verb>
    <sp arg="arg2" func="cc" tem="loc">
      <prep>
        <s lem="en" pos="sps00" postype="preposition" wd="en"/>
      </prep>
      <sn>
        <spec gen="m" num="p">
          <d gen="m" lem="aquest" num="p" pos="dd0mp0" postype="demonstrative" wd="aquests"/>
          <d gen="c" lem="dos" num="p" pos="dn0cp0" postype="numeral" wd="dos"/>
        </spec>
        <grup.nom gen="m" num="p">
          <n gen="m" lem="projecte" num="p" pos="ncmp000" postype="common" sense="16:00508925" wd="projectes"/>
        </grup.nom>
      </sn>
    </sp>
    <sp arg="argM" func="cc" tem="mnr">
      <prep>
        <s lem="amb" pos="sps00" postype="preposition" wd="amb"/>
      </prep>
      <sn>
        <spec gen="f" num="s">
          <d gen="f" lem="un" num="s" pos="di0fs0" postype="indefinite" wd="una"/>
        </spec>
        <grup.nom gen="f" num="s">
          <n gen="f" lem="aportació" num="s" pos="ncfs000" postype="common" sense="16:09549012" wd="aportació"/>
          <s.a gen="f" num="s">
            <grup.a gen="f" num="s">
              <a gen="f" lem="econòmic" num="s" pos="aq0fs0" postype="qualificative" wd="econòmica"/>
            </grup.a>
          </s.a>
          <sp>
            <prep>
              <s lem="de" pos="sps00" postype="preposition" wd="de"/>
            </prep>
            <sn entityref="ne" ne="number">
              <spec gen="m" num="p">
                <z lem="30000" ne="number" wd="30.000"/>
              </spec>
              <grup.nom gen="m" num="p">
                <z lem="euro" ne="number" pos="zm" postype="currency" wd="euros"/>
              </grup.nom>
            </sn>
          </sp>
        </grup.nom>
      </sn>
    </sp>
    <f lem="." pos="fp" punct="period" wd="."/>
  </sentence>
  <sentence>
    <sn arg="arg0" entityref="ne" func="suj" ne="organization" tem="agt">
      <spec gen="f" num="s">
        <d gen="f" lem="el" num="s" pos="da0fs0" postype="article" wd="La"/>
      </spec>
      <grup.nom gen="f" num="s">
        <n lem="Fundació" ne="organization" pos="np0000o" postype="proper" sense="16:cs1" wd="Fundació"/>
        <sn entityref="ne" ne="organization">
          <grup.nom>
            <f lem="'" pos="fz" punct="mathsign" wd="'"/>
            <n lem="La_Caixa" ne="organization" pos="np0000o" postype="proper" sense="16:cs1" wd="La_Caixa"/>
            <f lem="'" pos="fz" punct="mathsign" wd="'"/>
          </grup.nom>
        </sn>
      </grup.nom>
    </sn>
    <grup.verb>
      <v lem="col·laborar" lss="A33.ditransitive-theme-locative" mood="indicative" num="s" person="3" pos="vmif3s0" postype="main" tense="future" wd="col·laborarà"/>
    </grup.verb>
    <sp arg="arg1" func="creg" tem="tem">
      <prep>
        <s lem="amb" pos="sps00" postype="preposition" wd="amb"/>
      </prep>
      <sn entityref="ne" ne="organization">
        <spec gen="m" num="s">
          <d gen="c" lem="el" num="s" pos="da0cs0" postype="article" wd="l'"/>
        </spec>
        <grup.nom gen="m" num="s">
          <n lem="Ajuntament_d'_Olot" ne="organization" pos="np0000o" postype="proper" sense="16:cs1" wd="Ajuntament_d'_Olot"/>
        </grup.nom>
      </sn>
    </sp>
    <sp arg="arg2" func="cc" tem="loc">
      <prep>
        <s lem="en" pos="sps00" postype="preposition" wd="en"/>
      </prep>
      <sn>
        <spec gen="f" num="s">
          <d gen="f" lem="el" num="s" pos="da0fs0" postype="article" wd="la"/>
        </spec>
        <grup.nom gen="f" num="s">
          <n gen="f" lem="reforma" num="s" pos="ncfs000" postype="common" sense="16:50005912" wd="reforma"/>
          <sp>
            <prep>
              <s lem="de" pos="sps00" postype="preposition" wd="de"/>
            </prep>
            <sn entityref="ne" ne="location">
              <spec gen="m" num="s">
                <d gen="c" lem="el" num="s" pos="da0cs0" postype="article" wd="l'"/>
              </spec>
              <grup.nom gen="m" num="s">
                <s.a gen="m" num="s">
                  <grup.a gen="m" num="s">
                    <a gen="m" lem="antic" num="s" pos="aq0ms0" postype="qualificative" wd="antic"/>
                  </grup.a>
                </s.a>
                <n gen="m" lem="cinema" num="s" pos="ncms000" postype="common" sense="16:02442077" wd="cinema"/>
                <sn entityref="ne" ne="person">
                  <grup.nom>
                    <n lem="Núria" ne="person" pos="np0000p" postype="proper" sense="16:cs1" wd="Núria"/>
                  </grup.nom>
                </sn>
              </grup.nom>
            </sn>
          </sp>
        </grup.nom>
      </sn>
    </sp>
    <sp>
      <prep>
        <s lem="per_tal_de" pos="sps00" postype="preposition" wd="per_tal_de"/>
      </prep>
      <S clausetype="completive" impersonal="yes">
        <infinitiu>
          <v lem="convertir" lss="A12.ditransitive-causative-state" mood="infinitive" pos="vmn0000" postype="main" wd="convertir"/>
        </infinitiu>
        <sn arg="arg1" func="cd" tem="tem">
          <grup.nom gen="m" num="s">
            <p case="accusative" gen="m" lem="ell" num="s" person="3" pos="pp3msa00" postype="personal" wd="-lo"/>
          </grup.nom>
        </sn>
        <sp arg="arg2" func="creg" tem="efi">
          <prep>
            <s lem="en" pos="sps00" postype="preposition" wd="en"/>
          </prep>
          <sn>
            <spec gen="m" num="s">
              <d gen="m" lem="un" num="s" pos="di0ms0" postype="indefinite" wd="un"/>
            </spec>
            <grup.nom gen="m" num="s">
              <n gen="m" lem="centre" num="s" pos="ncms000" postype="common" sense="16:02986968" wd="centre"/>
              <sp>
                <prep>
                  <s lem="de" pos="sps00" postype="preposition" wd="d'"/>
                </prep>
                <sn>
                  <grup.nom gen="m" num="s">
                    <n gen="m" lem="oci" num="s" pos="ncms000" postype="common" sense="16:10863399" wd="oci"/>
                  </grup.nom>
                </sn>
              </sp>
              <sp>
                <prep>
                  <s contracted="yes" gen="m" lem="pel" num="p" pos="spcmp" postype="preposition" wd="pels"/>
                </prep>
                <sn>
                  <grup.nom gen="m" num="p">
                    <n gen="c" lem="jove" num="p" pos="nccp000" postype="common" sense="16:07692038" wd="joves"/>
                  </grup.nom>
                </sn>
              </sp>
            </grup.nom>
          </sn>
        </sp>
      </S>
    </sp>
    <f lem="." pos="fp" punct="period" wd="."/>
  </sentence>
  <sentence>
    <sn arg="arg0" func="suj" tem="agt">
      <spec gen="m" num="s">
        <d gen="m" lem="aquest" num="s" pos="dd0ms0" postype="demonstrative" wd="Aquest"/>
      </spec>
      <grup.nom gen="m" num="s">
        <n gen="m" lem="projecte" num="s" pos="ncms000" postype="common" sense="16:00508925" wd="projecte"/>
      </grup.nom>
    </sn>
    <sadv func="et">
      <grup.adv>
        <r lem="a_més_a_més" pos="rg" wd="a_més_a_més"/>
      </grup.adv>
    </sadv>
    <grup.verb>
      <v lem="contribuir" lss="A22.transitive-agentive-theme" mood="indicative" num="s" person="3" pos="vmif3s0" postype="main" tense="future" wd="contribuirà"/>
    </grup.verb>
    <sp arg="arg1" func="creg" tem="tem">
      <prep>
        <s lem="a" pos="sps00" postype="preposition" wd="a"/>
      </prep>
      <S clausetype="completive" impersonal="yes">
        <infinitiu>
          <v lem="dinamitzar" lss="A11.transitive-causative" mood="infinitive" pos="vmn0000" postype="main" wd="dinamitzar"/>
        </infinitiu>
        <sn arg="arg1" func="cd" tem="tem">
          <spec gen="m" num="s">
            <d gen="m" lem="el" num="s" pos="da0ms0" postype="article" wd="el"/>
          </spec>
          <grup.nom gen="m" num="s">
            <n gen="m" lem="nucli" num="s" pos="ncms000" postype="common" sense="16:cs1" wd="nucli"/>
            <s.a gen="m" num="s">
              <grup.a gen="m" num="s">
                <a gen="m" lem="antic" num="s" pos="aq0ms0" postype="qualificative" wd="antic"/>
              </grup.a>
            </s.a>
            <sp>
              <prep>
                <s lem="de" pos="sps00" postype="preposition" wd="de"/>
              </prep>
              <sn entityref="ne" ne="location">
                <spec gen="f" num="s">
                  <d gen="f" lem="el" num="s" pos="da0fs0" postype="article" wd="la"/>
                </spec>
                <grup.nom gen="f" num="s">
                  <n gen="f" lem="ciutat" num="s" pos="ncfs000" postype="common" sense="16:06287351" wd="ciutat"/>
                  <sp>
                    <prep>
                      <s lem="de" pos="sps00" postype="preposition" wd="d'"/>
                    </prep>
                    <sn entityref="ne" ne="location">
                      <grup.nom>
                        <n lem="Olot" ne="location" pos="np0000l" postype="proper" sense="16:cs1" wd="Olot"/>
                      </grup.nom>
                    </sn>
                  </sp>
                </grup.nom>
              </sn>
            </sp>
          </grup.nom>
        </sn>
      </S>
    </sp>
    <f lem="." pos="fp" punct="period" wd="."/>
  </sentence>
  <sentence>
    <sn arg="arg0" func="suj" tem="agt">
      <spec gen="m" num="s">
        <d gen="m" lem="aquest" num="s" pos="dd0ms0" postype="demonstrative" wd="Aquest"/>
      </spec>
      <grup.nom gen="m" num="s">
        <s.a gen="m" num="s">
          <grup.a gen="m" num="s">
            <a gen="m" lem="nou" num="s" pos="aq0ms0" postype="qualificative" wd="nou"/>
          </grup.a>
        </s.a>
        <n gen="m" lem="centre" num="s" pos="ncms000" postype="common" sense="16:02986968" wd="centre"/>
      </grup.nom>
    </sn>
    <grup.verb>
      <v lem="permetre" lss="A32.ditransitive-patient-benefactive" mood="indicative" num="s" person="3" pos="vmif3s0" postype="main" tense="future" wd="permetrà"/>
    </grup.verb>
    <S arg="arg1" clausetype="completive" func="cd" impersonal="yes" tem="pat">
      <infinitiu>
        <v lem="oferir" lss="A32.ditransitive-patient-benefactive" mood="infinitive" pos="vmn0000" postype="main" wd="oferir"/>
      </infinitiu>
      <sn arg="arg1" func="cd" tem="pat">
        <grup.nom gen="f" num="p">
          <n gen="f" lem="activitat" num="p" pos="ncfp000" postype="common" sense="16:00261466" wd="activitats"/>
          <s.a coord="yes" gen="f" num="p">
            <s.a gen="f" num="p">
              <grup.a gen="f" num="p">
                <a gen="f" lem="lúdic" num="p" pos="aq0fp0" postype="qualificative" wd="lúdiques"/>
              </grup.a>
            </s.a>
            <f lem="," pos="fc" punct="comma" wd=","/>
            <s.a gen="f" num="p">
              <grup.a gen="f" num="p">
                <a gen="c" lem="cultural" num="p" pos="aq0cp0" postype="qualificative" wd="culturals"/>
              </grup.a>
            </s.a>
            <conj conjunctiontype="coordinating">
              <c lem="i" pos="cc" postype="coordinating" wd="i"/>
            </conj>
            <s.a gen="f" num="p">
              <grup.a gen="f" num="p">
                <a gen="f" lem="formatiu" num="p" pos="aq0fp0" postype="qualificative" wd="formatives"/>
              </grup.a>
            </s.a>
          </s.a>
          <sp>
            <prep>
              <s lem="per" pos="sps00" postype="preposition" wd="per"/>
            </prep>
            <sp>
              <prep>
                <s contracted="yes" gen="m" lem="al" num="p" pos="spcmp" postype="preposition" wd="als"/>
              </prep>
              <sn>
                <grup.nom gen="m" num="p">
                  <n gen="c" lem="jove" num="p" pos="nccp000" postype="common" sense="16:07692038" wd="joves"/>
                </grup.nom>
              </sn>
            </sp>
          </sp>
        </grup.nom>
      </sn>
    </S>
    <f lem="." pos="fp" punct="period" wd="."/>
  </sentence>
  <sentence>
    <sn arg="arg1" func="suj" tem="tem">
      <spec gen="f" num="s">
        <d gen="c" lem="el" num="s" pos="da0cs0" postype="article" wd="L'"/>
      </spec>
      <grup.nom gen="f" num="s">
        <n gen="f" lem="aportació" num="s" pos="ncfs000" postype="common" sense="16:09549012" wd="aportació"/>
        <sp>
          <prep>
            <s lem="de" pos="sps00" postype="preposition" wd="de"/>
          </prep>
          <sn entityref="ne" ne="organization">
            <spec gen="f" num="s">
              <d gen="f" lem="el" num="s" pos="da0fs0" postype="article" wd="la"/>
            </spec>
            <grup.nom gen="f" num="s">
              <n lem="Fundació" ne="organization" pos="np0000o" postype="proper" sense="16:cs1" wd="Fundació"/>
            </grup.nom>
          </sn>
        </sp>
        <sp>
          <prep>
            <s lem="a" pos="sps00" postype="preposition" wd="a"/>
          </prep>
          <sn>
            <spec gen="f" num="s">
              <d gen="f" lem="aquest" num="s" pos="dd0fs0" postype="demonstrative" wd="aquesta"/>
            </spec>
            <grup.nom gen="f" num="s">
              <n gen="f" lem="iniciativa" num="s" pos="ncfs000" postype="common" sense="16:00156102" wd="iniciativa"/>
            </grup.nom>
          </sn>
        </sp>
      </grup.nom>
    </sn>
    <grup.verb>
      <v lem="ser" lss="C21.state-attributive" mood="indicative" num="s" person="3" pos="vmip3s0" postype="main" tense="present" wd="és"/>
    </grup.verb>
    <sp arg="arg2" func="atr" tem="atr">
      <prep>
        <s lem="de" pos="sps00" postype="preposition" wd="de"/>
      </prep>
      <sn entityref="ne" ne="number">
        <spec gen="m" num="p">
          <z lem="12000" ne="number" wd="12.000"/>
        </spec>
        <grup.nom gen="m" num="p">
          <z lem="euro" ne="number" pos="zm" postype="currency" wd="euros"/>
        </grup.nom>
      </sn>
    </sp>
    <f lem="." pos="fp" punct="period" wd="."/>
  </sentence>
  <sentence>
    <sp func="et">
      <prep>
        <s lem="de" pos="sps00" postype="preposition" wd="D'"/>
      </prep>
      <sn>
        <spec gen="f" num="s">
          <d gen="f" lem="altre" num="s" pos="di0fs0" postype="indefinite" wd="altra"/>
        </spec>
        <grup.nom gen="f" num="s">
          <n gen="f" lem="banda" num="s" pos="ncfs000" postype="common" sense="16:04505974" wd="banda"/>
        </grup.nom>
      </sn>
      <f lem="," pos="fc" punct="comma" wd=","/>
    </sp>
    <sn arg="arg1" entityref="ne" func="suj" ne="organization" tem="tem">
      <grup.nom>
        <n lem="La_Caritat" ne="organization" pos="np0000o" postype="proper" sense="16:cs1" wd="La_Caritat"/>
      </grup.nom>
    </sn>
    <grup.verb>
      <v lem="ser" lss="C21.state-attributive" mood="indicative" num="s" person="3" pos="vmip3s0" postype="main" tense="present" wd="és"/>
    </grup.verb>
    <sn arg="arg2" func="atr" tem="atr">
      <spec gen="f" num="s">
        <d gen="f" lem="un" num="s" pos="di0fs0" postype="indefinite" wd="una"/>
      </spec>
      <grup.nom gen="f" num="s">
        <n gen="f" lem="institució" num="s" pos="ncfs000" postype="common" sense="16:06002286" wd="institució"/>
        <s.a gen="f" num="s">
          <grup.a gen="f" num="s">
            <a gen="f" lem="benèfic" num="s" pos="aq0fs0" postype="qualificative" wd="benèfica"/>
          </grup.a>
        </s.a>
        <S clausetype="relative">
          <relatiu arg="arg1" func="suj" tem="tem">
            <p gen="c" lem="que" num="c" pos="pr0cn000" postype="relative" wd="que"/>
          </relatiu>
          <grup.verb>
            <v lem="anar" mood="indicative" num="s" person="3" pos="vaip3s0" postype="auxiliary" tense="present" wd="va"/>
            <v lem="néixer" lss="B11.unaccusative-motion" mood="infinitive" pos="vmn0000" postype="main" wd="néixer"/>
          </grup.verb>
          <sn arg="argM" entityref="ne" func="cc" ne="date" tem="tmp">
            <spec gen="m" num="s">
              <d gen="c" lem="el" num="s" pos="da0cs0" postype="article" wd="l'"/>
            </spec>
            <grup.nom gen="m" num="s">
              <w lem="[??:??/??/1914:??.??]" ne="date" wd="any_1914"/>
            </grup.nom>
          </sn>
        </S>
      </grup.nom>
    </sn>
    <f lem="." pos="fp" punct="period" wd="."/>
  </sentence>
  <sentence>
    <sadv arg="argM" func="cc" tem="tmp">
      <grup.adv>
        <r lem="d'_aleshores_ençà" pos="rg" wd="D'_aleshores_ençà"/>
      </grup.adv>
    </sadv>
    <sn arg="arg1" elliptic="yes" func="suj" tem="tem"/>
    <morfema.pronominal>
      <p gen="c" lem="ell" num="c" person="3" pos="p0300000" wd="s'"/>
    </morfema.pronominal>
    <grup.verb>
      <v lem="haver" mood="indicative" num="s" person="3" pos="vaip3s0" postype="auxiliary" tense="present" wd="ha"/>
      <v gen="m" lem="convertir" lss="B21.unaccusative-state" mood="participle" num="s" pos="vmp00sm" postype="main" wd="convertit"/>
    </grup.verb>
    <sp arg="arg2" func="creg" tem="efi">
      <prep>
        <s lem="en" pos="sps00" postype="preposition" wd="en"/>
      </prep>
      <sn>
        <spec gen="f" num="s">
          <d gen="f" lem="un" num="s" pos="di0fs0" postype="indefinite" wd="una"/>
        </spec>
        <grup.nom gen="f" num="s">
          <n gen="f" lem="institució" num="s" pos="ncfs000" postype="common" sense="16:06002286" wd="institució"/>
          <s.a gen="f" num="s">
            <grup.a gen="f" num="s">
              <a gen="c" lem="social" num="s" pos="aq0cs0" postype="qualificative" wd="social"/>
            </grup.a>
          </s.a>
          <sp>
            <prep>
              <s contracted="yes" gen="m" lem="al" num="s" pos="spcms" postype="preposition" wd="al"/>
            </prep>
            <sn>
              <grup.nom gen="m" num="s">
                <n gen="m" lem="servei" num="s" pos="ncms000" postype="common" sense="16:00379388" wd="servei"/>
                <sp>
                  <prep>
                    <s lem="de" pos="sps00" postype="preposition" wd="de"/>
                  </prep>
                  <sn>
                    <spec gen="f" num="s">
                      <d gen="f" lem="el" num="s" pos="da0fs0" postype="article" wd="la"/>
                    </spec>
                    <grup.nom gen="f" num="s">
                      <n gen="f" lem="ciutat" num="s" pos="ncfs000" postype="common" sense="16:06287351" wd="ciutat"/>
                    </grup.nom>
                  </sn>
                </sp>
              </grup.nom>
            </sn>
          </sp>
          <S clausetype="relative">
            <relatiu arg="arg0" func="suj" tem="agt">
              <p gen="c" lem="que" num="c" pos="pr0cn000" postype="relative" wd="que"/>
            </relatiu>
            <grup.verb>
              <v lem="haver" mood="indicative" num="s" person="3" pos="vaip3s0" postype="auxiliary" tense="present" wd="ha"/>
              <v gen="m" lem="atendre" lss="A21.transitive-agentive-patient" mood="participle" num="s" pos="vmp00sm" postype="main" wd="atès"/>
            </grup.verb>
            <sp arg="arg1" func="cd" tem="pat">
              <prep>
                <s lem="a" pos="sps00" postype="preposition" wd="a"/>
              </prep>
              <sn>
                <spec gen="f" num="p">
                  <d gen="f" lem="molt" num="p" pos="di0fp0" postype="indefinite" wd="moltes"/>
                </spec>
                <grup.nom gen="f" num="p">
                  <n gen="f" lem="persona" num="p" pos="ncfp000" postype="common" sense="16:00004123" wd="persones"/>
                  <S clausetype="participle" impersonal="yes">
                    <participi>
                      <a gen="f" lem="necessitat" num="p" pos="aq0fpp" posfunction="participle" postype="qualificative" wd="necessitades"/>
                    </participi>
                  </S>
                </grup.nom>
              </sn>
            </sp>
          </S>
        </grup.nom>
      </sn>
    </sp>
    <f lem="." pos="fp" punct="period" wd="."/>
  </sentence>
  <sentence>
    <sadv arg="argM" func="cc" tem="tmp">
      <grup.adv>
        <r lem="actualment" pos="rg" wd="Actualment"/>
      </grup.adv>
      <f lem="," pos="fc" punct="comma" wd=","/>
    </sadv>
    <sn arg="arg1" entityref="ne" func="suj" ne="organization" tem="tem">
      <grup.nom>
        <n lem="La_Caritat" ne="organization" pos="np0000o" postype="proper" sense="16:cs1" wd="La_Caritat"/>
      </grup.nom>
    </sn>
    <grup.verb>
      <v lem="ser" lss="C21.state-attributive" mood="indicative" num="s" person="3" pos="vmip3s0" postype="main" tense="present" wd="és"/>
    </grup.verb>
    <sn arg="arg2" func="atr" tem="atr">
      <spec gen="f" num="s">
        <d gen="f" lem="un" num="s" pos="di0fs0" postype="indefinite" wd="una"/>
      </spec>
      <grup.nom gen="f" num="s">
        <n gen="f" lem="residència" num="s" pos="ncfs000" postype="common" sense="16:06309630" wd="residència"/>
        <s.a gen="f" num="s">
          <grup.a gen="f" num="s">
            <a gen="f" lem="geriàtric" num="s" pos="aq0fs0" postype="qualificative" wd="geriàtrica"/>
          </grup.a>
        </s.a>
        <S clausetype="relative">
          <relatiu arg="arg0" func="suj" tem="agt">
            <p gen="c" lem="que" num="c" pos="pr0cn000" postype="relative" wd="que"/>
          </relatiu>
          <grup.verb>
            <v lem="prestar" lss="A32.ditransitive-patient-benefactive" mood="indicative" num="s" person="3" pos="vmip3s0" postype="main" tense="present" wd="presta"/>
          </grup.verb>
          <sn arg="arg1" func="cd" tem="pat">
            <grup.nom gen="f" num="s">
              <n gen="f" lem="assistència" num="s" pos="ncfs000" postype="common" sense="16:00782440" wd="assistència"/>
            </grup.nom>
          </sn>
          <sp arg="arg2" func="ci" tem="ben">
            <prep>
              <s lem="a" pos="sps00" postype="preposition" wd="a"/>
            </prep>
            <sn>
              <spec gen="m" num="p">
                <z lem="42" ne="number" wd="42"/>
              </spec>
              <grup.nom gen="m" num="p">
                <n gen="m" lem="usuari" num="p" pos="ncmp000" postype="common" sense="16:07658488" wd="usuaris"/>
              </grup.nom>
            </sn>
          </sp>
        </S>
      </grup.nom>
    </sn>
    <f lem="." pos="fp" punct="period" wd="."/>
  </sentence>
  <sentence>
    <sn arg="arg0" entityref="ne" func="suj" ne="organization" tem="agt">
      <spec gen="f" num="s">
        <d gen="f" lem="el" num="s" pos="da0fs0" postype="article" wd="La"/>
      </spec>
      <grup.nom gen="f" num="s">
        <n lem="Fundació" ne="organization" pos="np0000o" postype="proper" sense="16:cs1" wd="Fundació"/>
        <sn entityref="ne" ne="organization">
          <grup.nom>
            <f lem="'" pos="fz" punct="mathsign" wd="'"/>
            <n lem="La_Caixa" ne="organization" pos="np0000o" postype="proper" sense="16:cs1" wd="La_Caixa"/>
            <f lem="'" pos="fz" punct="mathsign" wd="'"/>
          </grup.nom>
        </sn>
      </grup.nom>
    </sn>
    <grup.verb>
      <v lem="col·laborar" lss="A33.ditransitive-theme-locative" mood="indicative" num="s" person="3" pos="vmip3s0" postype="main" tense="present" wd="col·labora"/>
    </grup.verb>
    <sp arg="arg1" func="creg" tem="tem">
      <prep>
        <s lem="amb" pos="sps00" postype="preposition" wd="amb"/>
      </prep>
      <sn>
        <spec gen="f" num="s">
          <d gen="f" lem="aquest" num="s" pos="dd0fs0" postype="demonstrative" wd="aquesta"/>
        </spec>
        <grup.nom gen="f" num="s">
          <n gen="f" lem="entitat" num="s" pos="ncfs000" postype="common" sense="16:00001740" wd="entitat"/>
        </grup.nom>
      </sn>
    </sp>
    <sp arg="arg2" coord="yes" func="cc" tem="loc">
      <sp>
        <prep>
          <s lem="en" pos="sps00" postype="preposition" wd="en"/>
        </prep>
        <sn>
          <spec gen="m" num="s">
            <d gen="m" lem="un" num="s" pos="di0ms0" postype="indefinite" wd="un"/>
          </spec>
          <grup.nom gen="m" num="s">
            <n gen="m" lem="projecte" num="s" pos="ncms000" postype="common" sense="16:00508925" wd="projecte"/>
            <sp>
              <prep>
                <s lem="de" pos="sps00" postype="preposition" wd="de"/>
              </prep>
              <sn complex="yes">
                <grup.nom coord="yes">
                  <grup.nom coord="yes">
                    <grup.nom gen="f" num="s">
                      <n gen="f" lem="millora" num="s" pos="ncfs000" postype="common" sense="16:00159157" wd="millora"/>
                    </grup.nom>
                    <conj conjunctiontype="coordinating">
                      <c lem="i" pos="cc" postype="coordinating" wd="i"/>
                    </conj>
                    <grup.nom gen="f" num="s">
                      <n gen="f" lem="adequació" num="s" pos="ncfs000" postype="common" sense="16:03760326" wd="adequació"/>
                    </grup.nom>
                  </grup.nom>
                  <sp adjunct="yes">
                    <prep>
                      <s lem="de" pos="sps00" postype="preposition" wd="de"/>
                    </prep>
                    <sn>
                      <spec gen="f" num="p">
                        <d gen="f" lem="el" num="p" pos="da0fp0" postype="article" wd="les"/>
                      </spec>
                      <grup.nom gen="f" num="p">
                        <n gen="f" lem="instal·lació" num="p" pos="ncfp000" postype="common" sense="16:02661119" wd="instal·lacions"/>
                      </grup.nom>
                    </sn>
                  </sp>
                </grup.nom>
              </sn>
            </sp>
          </grup.nom>
        </sn>
      </sp>
      <conj conjunctiontype="coordinating">
        <c lem="i" pos="cc" postype="coordinating" wd="i"/>
      </conj>
      <sp>
        <prep>
          <s lem="en" pos="sps00" postype="preposition" wd="en"/>
        </prep>
        <sn>
          <spec gen="f" num="s">
            <d gen="f" lem="el" num="s" pos="da0fs0" postype="article" wd="la"/>
          </spec>
          <grup.nom gen="f" num="s">
            <n gen="f" lem="creació" num="s" pos="ncfs000" postype="common" sense="16:00583085" wd="creació"/>
            <sp>
              <prep>
                <s lem="de" pos="sps00" postype="preposition" wd="d'"/>
              </prep>
              <sn>
                <spec gen="m" num="s">
                  <d gen="m" lem="un" num="s" pos="di0ms0" postype="indefinite" wd="un"/>
                </spec>
                <grup.nom gen="m" num="s">
                  <n gen="m" lem="centre" num="s" pos="ncms000" postype="common" sense="16:cs1" wd="centre"/>
                  <sp>
                    <prep>
                      <s lem="de" pos="sps00" postype="preposition" wd="de"/>
                    </prep>
                    <sn>
                      <grup.nom gen="m" num="s">
                        <n gen="m" lem="dia" num="s" pos="ncms000" postype="common" sense="16:cs1" wd="dia"/>
                      </grup.nom>
                    </sn>
                  </sp>
                </grup.nom>
              </sn>
            </sp>
          </grup.nom>
        </sn>
      </sp>
    </sp>
    <f lem="." pos="fp" punct="period" wd="."/>
  </sentence>
  <sentence>
    <sn arg="arg0" entityref="ne" func="suj" ne="organization" tem="agt">
      <spec gen="f" num="s">
        <d gen="f" lem="el" num="s" pos="da0fs0" postype="article" wd="La"/>
      </spec>
      <grup.nom gen="f" num="s">
        <n lem="Fundació" ne="organization" pos="np0000o" postype="proper" sense="16:cs1" wd="Fundació"/>
        <sn entityref="ne" ne="organization">
          <grup.nom>
            <f lem="'" pos="fz" punct="mathsign" wd="'"/>
            <n lem="La_Caixa" ne="organization" pos="np0000o" postype="proper" sense="16:cs1" wd="La_Caixa"/>
            <f lem="'" pos="fz" punct="mathsign" wd="'"/>
          </grup.nom>
        </sn>
      </grup.nom>
    </sn>
    <grup.verb>
      <v lem="col·laborar" lss="A22.transitive-agentive-theme" mood="indicative" num="s" person="3" pos="vmip3s0" postype="main" tense="present" wd="col·labora"/>
    </grup.verb>
    <sp arg="arg1" func="creg" tem="tem">
      <prep>
        <s lem="amb" pos="sps00" postype="preposition" wd="amb"/>
      </prep>
      <sn>
        <spec gen="f" num="s">
          <d gen="f" lem="aquest" num="s" pos="dd0fs0" postype="demonstrative" wd="aquesta"/>
        </spec>
        <grup.nom gen="f" num="s">
          <n gen="f" lem="entitat" num="s" pos="ncfs000" postype="common" sense="16:00001740" wd="entitat"/>
        </grup.nom>
      </sn>
    </sp>
    <sp arg="argM" func="cc" tem="adv">
      <prep>
        <s lem="amb" pos="sps00" postype="preposition" wd="amb"/>
      </prep>
      <sn>
        <spec gen="f" num="s">
          <d gen="f" lem="un" num="s" pos="di0fs0" postype="indefinite" wd="una"/>
        </spec>
        <grup.nom gen="f" num="s">
          <n gen="f" lem="ajuda" num="s" pos="ncfs000" postype="common" sense="16:09546163" wd="ajuda"/>
          <sp>
            <prep>
              <s lem="de" pos="sps00" postype="preposition" wd="de"/>
            </prep>
            <sn entityref="ne" ne="number">
              <spec gen="m" num="p">
                <z lem="18000" ne="number" wd="18.000"/>
              </spec>
              <grup.nom gen="m" num="p">
                <z lem="euro" ne="number" pos="zm" postype="currency" wd="euros"/>
              </grup.nom>
            </sn>
          </sp>
        </grup.nom>
      </sn>
    </sp>
    <f lem="." pos="fp" punct="period" wd="."/>
  </sentence>
</article>
