<?xml version="1.0" encoding="UTF-8" standalone="no"?>
<!-- 

  ancora-2.0
       
			Copyright (C) 2007, 2008, 2009, 2010, 2011 UB - CLiC
			Centre de Llenguatge i Computació - Universitat de Barcelona
 
  This file is part of ancora-2.0.
 
  ancora-2.0 is free software and data: you can redistribute it and/or modify
  it under the terms of the GNU General Public License as published
  by the Free Software Foundation, either version 3 of the License,
  or (at your option) any later version.

  ancora-2.0 is distributed in the hope that it will be useful,
  but WITHOUT ANY WARRANTY; without even the implied warranty of
  MERCHANTABILITY or FITNESS FOR A PARTICULAR PURPOSE.  See the
  GNU General Public License for more details.
 
  You should have received a copy of the GNU General Public License
  along with ancora-2.0.  If not, see &lt;http://www.gnu.org/licenses/&gt;.
 
  Check a text in catalan explaining the terms of the license at http://www.softcatala.cat/wiki/GPL3.
  In spanish at http://www.viti.es/gnu/licenses/gpl.html
 

  The following paper must be cited when using this corpus:

 * Taulé, M., M.A. Martí, M. Recasens (2008) 'Ancora: Multilevel Annotated Corpora for Catalan and Spanish',
   Proceedings of 6th International Conference on Language Resources and Evaluation. Marrakesh (Morocco).

  In addition, the following paper must be cited if coreference information (attributes entity, coreftype,
  corefsubtype, homophoricDD or entityref) is used:

 * Recasens, Marta, M. Antònia Martí (2010) ‘AnCora-CO: Coreferentially annotated corpora for Spanish and
   Catalan’. Language Resources and Evaluation, Springer Science.

  Additionally, the following paper must be cited when argumental attributes in "sn" or "grup.nom"
  (attributes func, arg, tem or lexicalid) are used:

 * Peris, Aina, Mariona Taulé, Horacio Rodríguez (2010) ‘Semantic Annotation of Deverbal Nominalizations in the
   Spanish AnCora corpus’. Treebanks and Linguistic Theories (TLT-2010), Estonia.
-->
<article lng="ca">
  <sentence>
    <sn arg="arg0" entityref="ne" func="suj" ne="organization" tem="agt">
      <spec gen="m" num="s">
        <d gen="m" lem="el" num="s" pos="da0ms0" postype="article" wd="El"/>
      </spec>
      <grup.nom gen="m" num="s">
        <n lem="Govern" ne="organization" pos="np0000o" postype="proper" sense="16:cs1" wd="Govern"/>
        <s.a gen="m" num="s">
          <grup.a gen="m" num="s">
            <a gen="m" lem="espanyol" num="s" pos="aq0ms0" postype="qualificative" wd="espanyol"/>
          </grup.a>
        </s.a>
      </grup.nom>
    </sn>
    <grup.verb>
      <v lem="assegurar" lss="A21.transitive-agentive-patient" mood="indicative" num="s" person="3" pos="vmip3s0" postype="main" tense="present" wd="assegura"/>
    </grup.verb>
    <S arg="arg1" clausetype="completive" func="cd" tem="pat">
      <conj conjunctiontype="subordinating">
        <c lem="que" pos="cs" postype="subordinating" wd="que"/>
      </conj>
      <sn arg="arg1" func="suj" tem="tem">
        <spec gen="f" num="s">
          <d gen="f" lem="el" num="s" pos="da0fs0" postype="article" wd="la"/>
        </spec>
        <grup.nom gen="f" num="s">
          <n gen="f" lem="construcció" num="s" pos="ncfs000" postype="common" sense="16:00585093" wd="construcció"/>
          <sp>
            <prep>
              <s lem="de" pos="sps00" postype="preposition" wd="de"/>
            </prep>
            <sn>
              <spec gen="f" num="s">
                <d gen="f" lem="el" num="s" pos="da0fs0" postype="article" wd="la"/>
              </spec>
              <grup.nom gen="f" num="s">
                <n gen="f" lem="infraestructura" num="s" pos="ncfs000" postype="common" sense="16:cs1" wd="infraestructura"/>
                <s.a gen="f" num="s">
                  <grup.a gen="f" num="s">
                    <a gen="f" lem="necessari" num="s" pos="aq0fs0" postype="qualificative" wd="necessària"/>
                  </grup.a>
                </s.a>
              </grup.nom>
            </sn>
          </sp>
          <sp>
            <prep>
              <s lem="per" pos="sps00" postype="preposition" wd="per"/>
            </prep>
            <S clausetype="completive" impersonal="yes">
              <infinitiu>
                <v lem="fer" lss="A21.transitive-agentive-patient" mood="infinitive" pos="vmn0000" postype="main" wd="fer"/>
              </infinitiu>
              <sa arg="arg2" func="cpred" predicate="cd" tem="atr">
                <grup.a>
                  <a gen="c" lem="possible" num="s" pos="aq0cs0" postype="qualificative" wd="possible"/>
                </grup.a>
              </sa>
              <sn arg="arg1" entityref="ne" func="cd" ne="other" tem="pat">
                <spec gen="m" num="s">
                  <d gen="m" lem="el" num="s" pos="da0ms0" postype="article" wd="el"/>
                </spec>
                <grup.nom gen="m" num="s">
                  <n lem="Plan_Hidrológico_Nacional" ne="other" pos="np0000a" postype="proper" sense="16:cs1" wd="Plan_Hidrológico_Nacional"/>
                  <sn entityref="ne" ne="other">
                    <grup.nom gen="m" num="s">
                      <f lem="(" pos="fpa" punct="bracket" punctenclose="open" wd="("/>
                      <n lem="PHN" ne="other" pos="np0000a" postype="proper" sense="16:cs1" wd="PHN"/>
                      <f lem=")" pos="fpt" punct="bracket" punctenclose="close" wd=")"/>
                    </grup.nom>
                  </sn>
                </grup.nom>
              </sn>
            </S>
          </sp>
        </grup.nom>
      </sn>
      <grup.verb>
        <v lem="tenir" lss="C21.state-attributive" mood="indicative" num="s" person="3" pos="vmif3s0" postype="main" tense="future" wd="tindrà"/>
      </grup.verb>
      <sn arg="arg2" func="cd" functype="quantitative" tem="atr">
        <spec gen="m" num="s">
          <d gen="m" lem="un" num="s" pos="di0ms0" postype="indefinite" wd="un"/>
        </spec>
        <grup.nom gen="m" num="s">
          <n gen="m" lem="impacte" num="s" pos="ncms000" postype="common" sense="16:07768053" wd="impacte"/>
          <s.a gen="m" num="s">
            <grup.a gen="m" num="s">
              <a gen="c" lem="ambiental" num="s" pos="aq0cs0" postype="qualificative" wd="ambiental"/>
            </grup.a>
          </s.a>
          <s.a gen="m" num="s">
            <spec>
              <r lem="gairebé" pos="rg" wd="gairebé"/>
            </spec>
            <grup.a gen="m" num="s">
              <a gen="m" lem="nul" num="s" pos="aq0ms0" postype="qualificative" wd="nul"/>
            </grup.a>
          </s.a>
        </grup.nom>
      </sn>
      <S arg="argM" clausetype="adverbial" coord="yes" func="cc" tem="cau">
        <conj conjunctiontype="subordinating">
          <c lem="ja_que" pos="cs" postype="subordinating" wd="ja_que"/>
        </conj>
        <S clausetype="adverbial">
          <sn arg="arg1" func="suj" tem="tem">
            <spec gen="m" num="s">
              <d gen="m" lem="el_seu" num="s" person="3" pos="dp3ms0" postype="possessive" wd="el_seu"/>
            </spec>
            <grup.nom gen="m" num="s">
              <n gen="m" lem="recorregut" num="s" pos="ncms000" postype="common" sense="16:06348591" wd="recorregut"/>
            </grup.nom>
          </sn>
          <grup.verb>
            <v lem="anar" lss="C21.state-attributive" mood="indicative" num="s" person="3" pos="vmip3s0" postype="main" tense="present" wd="va"/>
          </grup.verb>
          <S arg="arg2" clausetype="participle" func="cpred" impersonal="yes" predicate="suj" tem="atr">
            <participi>
              <a gen="m" lem="soterrat" num="s" pos="aq0msp" posfunction="participle" postype="qualificative" wd="soterrat"/>
            </participi>
          </S>
        </S>
        <conj conjunctiontype="coordinating">
          <c lem="i" pos="cc" postype="coordinating" wd="i"/>
        </conj>
        <S clausetype="adverbial">
          <sn arg="arg0" elliptic="yes" func="suj" tem="agt"/>
          <grup.verb>
            <v lem="aprofitar" lss="A21.transitive-agentive-patient" mood="indicative" num="s" person="3" pos="vmip3s0" postype="main" tense="present" wd="aprofita"/>
          </grup.verb>
          <sn arg="arg1" func="cd" tem="pat">
            <grup.nom gen="m" num="p">
              <n gen="m" lem="corredor" num="p" pos="ncmp000" postype="common" sense="16:03092682" wd="corredors"/>
              <sp>
                <prep>
                  <s lem="de" pos="sps00" postype="preposition" wd="d'"/>
                </prep>
                <sn>
                  <spec gen="f" num="p">
                    <d gen="c" lem="altre" num="p" pos="di0cp0" postype="indefinite" wd="altres"/>
                  </spec>
                  <grup.nom gen="f" num="p">
                    <n gen="f" lem="infraestructura" num="p" pos="ncfp000" postype="common" sense="16:cs1" wd="infraestructures"/>
                    <s.a gen="f" num="p">
                      <spec>
                        <r lem="ja" pos="rg" wd="ja"/>
                      </spec>
                      <grup.a gen="f" num="p">
                        <a gen="c" lem="existent" num="p" pos="aq0cp0" postype="qualificative" wd="existents"/>
                      </grup.a>
                    </s.a>
                    <sp>
                      <prep>
                        <c lem="com_ara" pos="cs" postype="subordinating" wd="com_ara"/>
                      </prep>
                      <sn coord="yes">
                        <sn entityref="ne" ne="location">
                          <spec gen="f" num="s">
                            <d gen="c" lem="el" num="s" pos="da0cs0" postype="article" wd="l'"/>
                          </spec>
                          <grup.nom gen="f" num="s">
                            <n gen="f" lem="autopista" num="s" pos="ncfs000" postype="common" sense="16:02653712" wd="autopista"/>
                            <sn entityref="ne" ne="location">
                              <grup.nom gen="f" num="s">
                                <n lem="A-7" ne="location" pos="np0000l" postype="proper" sense="16:cs1" wd="A-7"/>
                              </grup.nom>
                            </sn>
                            <sp>
                              <prep>
                                <s lem="en" pos="sps00" postype="preposition" wd="en"/>
                              </prep>
                              <sn>
                                <spec gen="m" num="s">
                                  <d gen="m" lem="el" num="s" pos="da0ms0" postype="article" wd="el"/>
                                </spec>
                                <grup.nom gen="m" num="s">
                                  <n gen="m" lem="ramal" num="s" pos="ncms000" postype="common" sense="16:cs1" wd="ramal"/>
                                  <s.a gen="m" num="s">
                                    <grup.a gen="m" num="s">
                                      <n gen="m" lem="nord" num="s" pos="ncms000" postype="common" sense="16:06311701" wd="nord"/>
                                    </grup.a>
                                  </s.a>
                                </grup.nom>
                              </sn>
                            </sp>
                          </grup.nom>
                        </sn>
                        <conj conjunctiontype="coordinating">
                          <c lem="o" pos="cc" postype="coordinating" wd="o"/>
                        </conj>
                        <sn entityref="ne" ne="location">
                          <spec gen="f" num="s">
                            <d gen="f" lem="el" num="s" pos="da0fs0" postype="article" wd="la"/>
                          </spec>
                          <grup.nom gen="f" num="s">
                            <n gen="f" lem="canal" num="s" pos="ncfs000" postype="common" sense="16:02374666" wd="canal"/>
                            <sn entityref="ne" ne="location">
                              <grup.nom>
                                <n lem="Xerta-Calig" ne="location" pos="np0000l" postype="proper" sense="16:cs1" wd="Xerta-Calig"/>
                              </grup.nom>
                            </sn>
                            <sp>
                              <prep>
                                <s lem="en" pos="sps00" postype="preposition" wd="en"/>
                              </prep>
                              <sn entityref="ne" ne="location">
                                <spec gen="m" num="s">
                                  <d gen="m" lem="el" num="s" pos="da0ms0" postype="article" wd="el"/>
                                </spec>
                                <grup.nom gen="m" num="s">
                                  <n gen="m" lem="ramal" num="s" pos="ncms000" postype="common" sense="16:cs1" wd="ramal"/>
                                  <s.a gen="m" num="s">
                                    <grup.a gen="m" num="s">
                                      <n gen="m" lem="sud" num="s" pos="ncms000" postype="common" sense="16:06311854" wd="sud"/>
                                    </grup.a>
                                  </s.a>
                                  <sp>
                                    <prep>
                                      <s contracted="yes" gen="m" lem="cap_al" num="s" pos="spcms" postype="preposition" wd="cap_al"/>
                                    </prep>
                                    <sn entityref="ne" ne="location">
                                      <grup.nom gen="m" num="s">
                                        <n lem="País_Valencià" ne="location" pos="np0000l" postype="proper" sense="16:cs1" wd="País_Valencià"/>
                                      </grup.nom>
                                    </sn>
                                  </sp>
                                </grup.nom>
                              </sn>
                            </sp>
                          </grup.nom>
                        </sn>
                      </sn>
                    </sp>
                  </grup.nom>
                </sn>
              </sp>
            </grup.nom>
          </sn>
        </S>
      </S>
    </S>
    <f lem="." pos="fp" punct="period" wd="."/>
  </sentence>
  <sentence>
    <sn arg="arg0" entityref="ne" func="suj" ne="person" tem="agt">
      <spec gen="m" num="s">
        <d gen="m" lem="el" num="s" pos="da0ms0" postype="article" wd="El"/>
      </spec>
      <grup.nom gen="m" num="s">
        <n gen="m" lem="secretari" num="s" pos="ncms000" postype="common" sense="16:07556911" wd="secretari"/>
        <sp>
          <prep>
            <s lem="de" pos="sps00" postype="preposition" wd="d'"/>
          </prep>
          <sn entityref="ne" ne="organization">
            <grup.nom>
              <n lem="Estat" ne="organization" pos="np0000o" postype="proper" sense="16:cs1" wd="Estat"/>
            </grup.nom>
          </sn>
        </sp>
        <sp>
          <prep>
            <s lem="de" pos="sps00" postype="preposition" wd="d'"/>
          </prep>
          <sn entityref="ne" ne="organization">
            <grup.nom>
              <n lem="Aigües_i_Costes" ne="organization" pos="np0000o" postype="proper" sense="16:cs1" wd="Aigües_i_Costes"/>
            </grup.nom>
          </sn>
        </sp>
        <sp>
          <prep>
            <s contracted="yes" gen="m" lem="del" num="s" pos="spcms" postype="preposition" wd="del"/>
          </prep>
          <sn entityref="ne" ne="organization">
            <grup.nom gen="m" num="s">
              <n lem="Ministeri_de_Medi_Ambient" ne="organization" pos="np0000o" postype="proper" sense="16:cs1" wd="Ministeri_de_Medi_Ambient"/>
            </grup.nom>
          </sn>
        </sp>
        <sn entityref="ne" ne="person">
          <f lem="," pos="fc" punct="comma" wd=","/>
          <grup.nom gen="m" num="s">
            <n lem="Pascual_Fernández" ne="person" pos="np0000p" postype="proper" sense="16:cs1" wd="Pascual_Fernández"/>
          </grup.nom>
          <f lem="," pos="fc" punct="comma" wd=","/>
        </sn>
      </grup.nom>
    </sn>
    <grup.verb>
      <v lem="considerar" lss="A21.transitive-agentive-patient" mood="indicative" num="s" person="3" pos="vmip3s0" postype="main" tense="present" wd="considera"/>
    </grup.verb>
    <S arg="arg1" clausetype="completive" func="cd" tem="pat">
      <conj conjunctiontype="subordinating">
        <c lem="que" pos="cs" postype="subordinating" wd="que"/>
      </conj>
      <sn arg="arg0" entityref="ne" func="suj" ne="other" tem="agt">
        <spec gen="m" num="s">
          <d gen="m" lem="el" num="s" pos="da0ms0" postype="article" wd="el"/>
        </spec>
        <grup.nom gen="m" num="s">
          <n lem="PHN" ne="other" pos="np0000a" postype="proper" sense="16:cs1" wd="PHN"/>
        </grup.nom>
      </sn>
      <grup.verb>
        <v lem="garantir" lss="A21.transitive-agentive-patient" mood="indicative" num="s" person="3" pos="vmif3s0" postype="main" tense="future" wd="garantirà"/>
      </grup.verb>
      <sn arg="arg1" coord="yes" func="cd" tem="pat">
        <sn>
          <grup.nom gen="f" num="s">
            <f lem="'" pos="fz" punct="mathsign" wd="'"/>
            <n gen="f" lem="aigua" num="s" pos="ncfs000" postype="common" sense="16:10650211" wd="aigua"/>
            <sp>
              <prep>
                <s lem="de" pos="sps00" postype="preposition" wd="de"/>
              </prep>
              <sn>
                <grup.nom gen="f" num="s">
                  <n gen="f" lem="qualitat" num="s" pos="ncfs000" postype="common" sense="16:03717355" wd="qualitat"/>
                </grup.nom>
              </sn>
            </sp>
            <f lem="'" pos="fz" punct="mathsign" wd="'"/>
            <sp>
              <prep>
                <s lem="per" pos="sps00" postype="preposition" wd="per"/>
              </prep>
              <sp>
                <prep>
                  <s lem="a" pos="sps00" postype="preposition" wd="a"/>
                </prep>
                <sn entityref="ne" ne="location">
                  <spec gen="f" num="s">
                    <d gen="c" lem="el" num="s" pos="da0cs0" postype="article" wd="l'"/>
                  </spec>
                  <grup.nom gen="f" num="s">
                    <n gen="f" lem="àrea" num="s" pos="ncfs000" postype="common" sense="16:cs3" wd="àrea"/>
                    <s.a gen="f" num="s">
                      <grup.a gen="f" num="s">
                        <a gen="f" lem="metropolità" num="s" pos="aq0fs0" postype="qualificative" wd="metropolitana"/>
                      </grup.a>
                    </s.a>
                    <sp>
                      <prep>
                        <s lem="de" pos="sps00" postype="preposition" wd="de"/>
                      </prep>
                      <sn entityref="ne" ne="location">
                        <grup.nom>
                          <n lem="Barcelona" ne="location" pos="np0000l" postype="proper" sense="16:06583156" wd="Barcelona"/>
                        </grup.nom>
                      </sn>
                    </sp>
                  </grup.nom>
                </sn>
              </sp>
            </sp>
          </grup.nom>
        </sn>
        <conj conjunctiontype="coordinating">
          <c lem="i" pos="cc" postype="coordinating" wd="i"/>
        </conj>
        <sn>
          <spec gen="f" num="s">
            <d gen="f" lem="el" num="s" pos="da0fs0" postype="article" wd="la"/>
          </spec>
          <grup.nom gen="f" num="s">
            <n gen="f" lem="recuperació" num="s" pos="ncfs000" postype="common" sense="16:05521978" wd="recuperació"/>
            <sp>
              <prep>
                <s lem="de" pos="sps00" postype="preposition" wd="d'"/>
              </prep>
              <sn>
                <grup.nom gen="m" num="p">
                  <n gen="m" lem="aqüífer" num="p" pos="ncmp000" postype="common" sense="16:06692025" wd="aqüífers"/>
                  <S clausetype="participle" impersonal="yes">
                    <participi>
                      <a gen="m" lem="sobreexplotat" num="p" pos="aq0mpp" posfunction="participle" postype="qualificative" wd="sobreexplotats"/>
                    </participi>
                  </S>
                  <sp>
                    <prep>
                      <s lem="de" pos="sps00" postype="preposition" wd="de"/>
                    </prep>
                    <sn entityref="ne" ne="location">
                      <spec gen="f" num="p">
                        <d gen="f" lem="el" num="p" pos="da0fp0" postype="article" wd="les"/>
                      </spec>
                      <grup.nom gen="f" num="p">
                        <n gen="f" lem="conca" num="p" pos="ncfp000" postype="common" sense="16:06283651" wd="conques"/>
                        <s.a gen="f" num="p">
                          <grup.a gen="f" num="p">
                            <a gen="f" lem="intern" num="p" pos="aq0fp0" postype="qualificative" wd="internes"/>
                          </grup.a>
                        </s.a>
                        <sp>
                          <prep>
                            <s lem="de" pos="sps00" postype="preposition" wd="de"/>
                          </prep>
                          <sn entityref="ne" ne="location">
                            <grup.nom>
                              <n lem="Catalunya" ne="location" pos="np0000l" postype="proper" wd="Catalunya"/>
                            </grup.nom>
                          </sn>
                        </sp>
                      </grup.nom>
                    </sn>
                  </sp>
                  <sp>
                    <prep>
                      <c lem="com_ara" pos="cs" postype="subordinating" wd="com_ara"/>
                    </prep>
                    <sn coord="yes">
                      <sn>
                        <spec gen="m" num="p">
                          <d gen="m" lem="el" num="p" pos="da0mp0" postype="article" wd="els"/>
                        </spec>
                        <grup.nom gen="m" num="p">
                          <sp>
                            <prep>
                              <s contracted="yes" gen="m" lem="del" num="p" pos="spcmp" postype="preposition" wd="dels"/>
                            </prep>
                            <sn>
                              <grup.nom gen="m" num="p">
                                <n gen="m" lem="riu" num="p" pos="ncmp000" postype="common" sense="16:06789983" wd="rius"/>
                                <sn complex="yes">
                                  <grup.nom coord="yes">
                                    <grup.nom>
                                      <n lem="Llobregat" ne="location" pos="np0000l" postype="proper" sense="16:cs1" wd="Llobregat"/>
                                    </grup.nom>
                                    <conj conjunctiontype="coordinating">
                                      <c lem="i" pos="cc" postype="coordinating" wd="i"/>
                                    </conj>
                                    <grup.nom>
                                      <n lem="Ter" ne="location" pos="np0000l" postype="proper" sense="16:cs1" wd="Ter"/>
                                    </grup.nom>
                                  </grup.nom>
                                </sn>
                              </grup.nom>
                            </sn>
                          </sp>
                        </grup.nom>
                      </sn>
                      <conj conjunctiontype="coordinating">
                        <c lem="o" pos="cc" postype="coordinating" wd="o"/>
                      </conj>
                      <sn>
                        <spec gen="m" num="s">
                          <d gen="m" lem="el" num="s" pos="da0ms0" postype="article" wd="el"/>
                        </spec>
                        <grup.nom gen="m" num="s">
                          <sp>
                            <prep>
                              <s lem="de" pos="sps00" postype="preposition" wd="de"/>
                            </prep>
                            <sn>
                              <sn entityref="ne" ne="location">
                                <grup.nom>
                                  <n lem="Carme-Capellades" ne="location" pos="np0000l" postype="proper" sense="16:cs1" wd="Carme-Capellades"/>
                                </grup.nom>
                              </sn>
                              <sn adjunct="yes" entityref="ne" ne="location">
                                <grup.nom>
                                  <f lem="(" pos="fpa" punct="bracket" punctenclose="open" wd="("/>
                                  <n lem="Anoia" ne="location" pos="np0000l" postype="proper" sense="16:cs1" wd="Anoia"/>
                                  <f lem=")" pos="fpt" punct="bracket" punctenclose="close" wd=")"/>
                                </grup.nom>
                              </sn>
                            </sn>
                          </sp>
                        </grup.nom>
                      </sn>
                    </sn>
                  </sp>
                </grup.nom>
              </sn>
            </sp>
          </grup.nom>
        </sn>
      </sn>
    </S>
    <f lem="." pos="fp" punct="period" wd="."/>
  </sentence>
</article>
