<?xml version="1.0" encoding="UTF-8"?>
<!-- 

  ancora-2.0
       
			Copyright (C) 2007, 2008, 2009, 2010, 2011 UB - CLiC
			Centre de Llenguatge i Computació - Universitat de Barcelona
 
  This file is part of ancora-2.0.
 
  ancora-2.0 is free software and data: you can redistribute it and/or modify
  it under the terms of the GNU General Public License as published
  by the Free Software Foundation, either version 3 of the License,
  or (at your option) any later version.

  ancora-2.0 is distributed in the hope that it will be useful,
  but WITHOUT ANY WARRANTY; without even the implied warranty of
  MERCHANTABILITY or FITNESS FOR A PARTICULAR PURPOSE.  See the
  GNU General Public License for more details.
 
  You should have received a copy of the GNU General Public License
  along with ancora-2.0.  If not, see &lt;http://www.gnu.org/licenses/&gt;.
 
  Check a text in catalan explaining the terms of the license at http://www.softcatala.cat/wiki/GPL3.
  In spanish at http://www.viti.es/gnu/licenses/gpl.html
 

  The following paper must be cited when using this corpus:

 * Taulé, M., M.A. Martí, M. Recasens (2008) 'Ancora: Multilevel Annotated Corpora for Catalan and Spanish',
   Proceedings of 6th International Conference on Language Resources and Evaluation. Marrakesh (Morocco).

  In addition, the following paper must be cited if coreference information (attributes entity, coreftype,
  corefsubtype, homophoricDD or entityref) is used:

 * Recasens, Marta, M. Antònia Martí (2010) ‘AnCora-CO: Coreferentially annotated corpora for Spanish and
   Catalan’. Language Resources and Evaluation, Springer Science.

  Additionally, the following paper must be cited when argumental attributes in "sn" or "grup.nom"
  (attributes func, arg, tem or lexicalid) are used:

 * Peris, Aina, Mariona Taulé, Horacio Rodríguez (2010) ‘Semantic Annotation of Deverbal Nominalizations in the
   Spanish AnCora corpus’. Treebanks and Linguistic Theories (TLT-2010), Estonia.
-->
<article lng="ca">
  <sentence coord="yes">
    <S>
      <sn arg="arg0" entityref="ne" func="suj" ne="person" tem="agt">
        <grup.nom gen="m" num="s">
          <n lem="Jaume_Camprodon" ne="person" pos="np0000p" postype="proper" sense="16:cs1" wd="Jaume_Camprodon"/>
          <sn entityref="ne" ne="person">
            <f lem="," pos="fc" punct="comma" wd=","/>
            <grup.nom gen="m" num="s">
              <n gen="m" lem="bisbe" num="s" pos="ncms000" postype="common" sense="16:07114010" wd="bisbe"/>
              <sp>
                <prep>
                  <s lem="de" pos="sps00" postype="preposition" wd="de"/>
                </prep>
                <sn entityref="ne" ne="location">
                  <grup.nom>
                    <n lem="Girona" ne="location" pos="np0000l" postype="proper" sense="16:50004694" wd="Girona"/>
                  </grup.nom>
                </sn>
              </sp>
            </grup.nom>
          </sn>
        </grup.nom>
      </sn>
      <grup.verb>
        <v lem="anar" mood="indicative" num="s" person="3" pos="vaip3s0" postype="auxiliary" tense="present" wd="va"/>
        <v lem="informar" lss="A32.ditransitive-patient-benefactive" mood="infinitive" pos="vmn0000" postype="main" wd="informar"/>
      </grup.verb>
      <sp arg="arg2" func="creg" tem="tem">
        <prep>
          <s lem="de" pos="sps00" postype="preposition" wd="de"/>
        </prep>
        <sn>
          <spec gen="f" num="s">
            <d gen="f" lem="el" num="s" pos="da0fs0" postype="article" wd="la"/>
          </spec>
          <grup.nom gen="f" num="s">
            <n gen="f" lem="visita" num="s" pos="ncfs000" postype="common" sense="16:00800256" wd="visita"/>
            <s.a gen="f" num="s">
              <grup.a gen="f" num="s">
                <f lem="'" pos="fz" punct="mathsign" wd="'"/>
                <a gen="c" lem="ad_limina" num="c" pos="aq0cn0" postype="qualificative" wd="ad_limina"/>
                <f lem="'" pos="fz" punct="mathsign" wd="'"/>
              </grup.a>
            </s.a>
            <sp>
              <prep>
                <s lem="a" pos="sps00" postype="preposition" wd="a"/>
              </prep>
              <sn entityref="ne" ne="location">
                <grup.nom>
                  <n lem="Roma" ne="location" pos="np0000l" postype="proper" wd="Roma"/>
                </grup.nom>
              </sn>
            </sp>
          </grup.nom>
        </sn>
      </sp>
    </S>
    <conj conjunctiontype="coordinating">
      <c lem="i" pos="cc" postype="coordinating" wd="i"/>
    </conj>
    <S>
      <sn arg="arg0" elliptic="yes" func="suj" tem="agt"/>
      <grup.verb>
        <v lem="anar" mood="indicative" num="s" person="3" pos="vaip3s0" postype="auxiliary" tense="present" wd="va"/>
        <v lem="explicar" lss="A32.ditransitive-patient-benefactive" mood="infinitive" pos="vmn0000" postype="main" wd="explicar"/>
      </grup.verb>
      <S arg="arg1" clausetype="completive" func="cd" tem="pat">
        <conj conjunctiontype="subordinating">
          <c lem="que" pos="cs" postype="subordinating" wd="que"/>
        </conj>
        <sn arg="arg1" func="suj" tem="tem">
          <spec gen="f" num="s">
            <d gen="f" lem="el" num="s" pos="da0fs0" postype="article" wd="la"/>
          </spec>
          <grup.nom gen="f" num="s">
            <n gen="f" lem="crisi" num="s" pos="ncfs000" postype="common" sense="16:10040291" wd="crisi"/>
            <sp>
              <prep>
                <s lem="de" pos="sps00" postype="preposition" wd="de"/>
              </prep>
              <sn entityref="ne" ne="organization">
                <spec gen="f" num="s">
                  <d gen="c" lem="el" num="s" pos="da0cs0" postype="article" wd="l'"/>
                </spec>
                <grup.nom gen="f" num="s">
                  <n lem="Església" ne="organization" pos="np0000o" postype="proper" sense="16:cs1" wd="Església"/>
                  <s.a gen="f" num="s">
                    <grup.a gen="f" num="s">
                      <a gen="f" lem="catòlic" num="s" pos="aq0fs0" postype="qualificative" wd="catòlica"/>
                    </grup.a>
                  </s.a>
                </grup.nom>
              </sn>
            </sp>
            <sp>
              <prep>
                <s lem="a" pos="sps00" postype="preposition" wd="a"/>
              </prep>
              <sn entityref="ne" ne="location">
                <grup.nom>
                  <n lem="Occident" ne="location" pos="np0000l" postype="proper" sense="16:cs1" wd="Occident"/>
                </grup.nom>
              </sn>
            </sp>
          </grup.nom>
        </sn>
        <grup.verb>
          <v lem="provenir" lss="B22.unaccusative-passive-transitive" mood="indicative" num="s" person="3" pos="vmip3s0" postype="main" tense="present" wd="prové"/>
        </grup.verb>
        <sp arg="arg2" coord="yes" func="creg" tem="loc">
          <sp>
            <prep>
              <s lem="de" pos="sps00" postype="preposition" wd="de"/>
            </prep>
            <sn>
              <spec gen="f" num="s">
                <d gen="f" lem="el" num="s" pos="da0fs0" postype="article" wd="la"/>
              </spec>
              <grup.nom gen="f" num="s">
                <n gen="f" lem="manca" num="s" pos="ncfs000" postype="common" sense="16:10367399" wd="manca"/>
                <sp>
                  <prep>
                    <s lem="de" pos="sps00" postype="preposition" wd="de"/>
                  </prep>
                  <sn>
                    <grup.nom gen="f" num="s">
                      <n gen="f" lem="fe" num="s" pos="ncfs000" postype="common" sense="16:04565571" wd="fe"/>
                    </grup.nom>
                  </sn>
                </sp>
              </grup.nom>
            </sn>
          </sp>
          <conj conjunctiontype="coordinating">
            <c lem="i" pos="cc" postype="coordinating" wd="i"/>
          </conj>
          <sp>
            <prep>
              <s lem="de" pos="sps00" postype="preposition" wd="de"/>
            </prep>
            <sn>
              <spec gen="f" num="s">
                <d gen="f" lem="el" num="s" pos="da0fs0" postype="article" wd="la"/>
              </spec>
              <grup.nom gen="f" num="s">
                <n gen="f" lem="manca" num="s" pos="ncfs000" postype="common" sense="16:10367399" wd="manca"/>
                <sp>
                  <prep>
                    <s lem="de" pos="sps00" postype="preposition" wd="de"/>
                  </prep>
                  <sn>
                    <grup.nom gen="f" num="s">
                      <n gen="f" lem="disponibilitat" num="s" pos="ncfs000" postype="common" sense="16:10107749" wd="disponibilitat"/>
                      <sp>
                        <prep>
                          <s lem="per" pos="sps00" postype="preposition" wd="per"/>
                        </prep>
                        <S clausetype="completive" impersonal="yes">
                          <infinitiu>
                            <v lem="entregar" lss="A32.ditransitive-patient-benefactive" mood="infinitive" pos="vmn0000" postype="main" wd="entregar"/>
                          </infinitiu>
                          <morfema.pronominal>
                            <p gen="c" lem="ell" num="c" person="3" pos="p0300000" wd="-se"/>
                          </morfema.pronominal>
                        </S>
                      </sp>
                    </grup.nom>
                  </sn>
                </sp>
              </grup.nom>
            </sn>
          </sp>
        </sp>
      </S>
    </S>
    <f lem="." pos="fp" punct="period" wd="."/>
  </sentence>
  <sentence>
    <sp arg="argM" func="cc" tem="adv">
      <prep>
        <s lem="entre" pos="sps00" postype="preposition" wd="Entre"/>
      </prep>
      <sn>
        <spec gen="m" num="p">
          <d gen="m" lem="el" num="p" pos="da0mp0" postype="article" wd="els"/>
        </spec>
        <grup.nom gen="m" num="p">
          <n gen="m" lem="tema" num="p" pos="ncmp000" postype="common" sense="16:04950638" wd="temes"/>
          <S clausetype="participle" impersonal="yes">
            <participi>
              <a gen="m" lem="tractat" lss="B12.unaccusative-passive-ditransitive" num="p" pos="aq0mpp" posfunction="participle" postype="qualificative" wd="tractats"/>
            </participi>
            <sp arg="argM" func="cc" tem="adv">
              <prep>
                <s lem="amb" pos="sps00" postype="preposition" wd="amb"/>
              </prep>
              <sn entityref="ne" ne="person">
                <grup.nom gen="m" num="s">
                  <n lem="Joan_Pau_II" ne="person" pos="np0000p" postype="proper" sense="16:cs1" wd="Joan_Pau_II"/>
                </grup.nom>
              </sn>
            </sp>
          </S>
        </grup.nom>
      </sn>
    </sp>
    <grup.verb>
      <v lem="destacar" lss="B11.unaccusative-motion" mood="indicative" num="s" person="3" pos="vmip3s0" postype="main" tense="present" wd="destaca"/>
    </grup.verb>
    <sn arg="arg1" func="suj" tem="tem">
      <spec gen="f" num="s">
        <d gen="f" lem="el" num="s" pos="da0fs0" postype="article" wd="la"/>
      </spec>
      <grup.nom gen="f" num="s">
        <n gen="f" lem="venda" num="s" pos="ncfs000" postype="common" sense="16:04901002" wd="venda"/>
        <sp>
          <prep>
            <s contracted="yes" gen="m" lem="del" num="s" pos="spcms" postype="preposition" wd="del"/>
          </prep>
          <sn entityref="ne" ne="location">
            <grup.nom gen="m" num="s">
              <n lem="Seminari_Menor" ne="location" pos="np0000l" postype="proper" sense="16:cs1" wd="Seminari_Menor"/>
              <sp>
                <prep>
                  <s contracted="yes" gen="m" lem="del" num="s" pos="spcms" postype="preposition" wd="del"/>
                </prep>
                <sn entityref="ne" ne="organization">
                  <grup.nom gen="m" num="s">
                    <n lem="Bisbat" ne="organization" pos="np0000o" postype="proper" sense="16:cs1" wd="Bisbat"/>
                  </grup.nom>
                </sn>
              </sp>
            </grup.nom>
          </sn>
        </sp>
        <sp>
          <prep>
            <s lem="a" pos="sps00" postype="preposition" wd="a"/>
          </prep>
          <sn entityref="ne" ne="organization">
            <spec gen="f" num="s">
              <d gen="f" lem="el" num="s" pos="da0fs0" postype="article" wd="la"/>
            </spec>
            <grup.nom gen="f" num="s">
              <n lem="Universitat_de_Girona" ne="organization" pos="np0000o" postype="proper" sense="16:cs1" wd="Universitat_de_Girona"/>
            </grup.nom>
          </sn>
        </sp>
      </grup.nom>
    </sn>
    <f lem="." pos="fp" punct="period" wd="."/>
  </sentence>
  <sentence>
    <sn arg="arg0" entityref="ne" func="suj" ne="person" tem="agt">
      <grup.nom gen="m" num="s">
        <n lem="Jaume_Camprodon" ne="person" pos="np0000p" postype="proper" sense="16:cs1" wd="Jaume_Camprodon"/>
        <sn entityref="ne" ne="person">
          <f lem="," pos="fc" punct="comma" wd=","/>
          <grup.nom gen="m" num="s">
            <n gen="m" lem="bisbe" num="s" pos="ncms000" postype="common" sense="16:07114010" wd="bisbe"/>
            <sp>
              <prep>
                <s lem="de" pos="sps00" postype="preposition" wd="de"/>
              </prep>
              <sn entityref="ne" ne="location">
                <grup.nom>
                  <n lem="Girona" ne="location" pos="np0000l" postype="proper" sense="16:50004694" wd="Girona"/>
                </grup.nom>
              </sn>
            </sp>
          </grup.nom>
        </sn>
      </grup.nom>
    </sn>
    <grup.verb>
      <v lem="anar" mood="indicative" num="s" person="3" pos="vaip3s0" postype="auxiliary" tense="present" wd="va"/>
      <v lem="informar" lss="A32.ditransitive-patient-benefactive" mood="infinitive" pos="vmn0000" postype="main" wd="informar"/>
    </grup.verb>
    <sp arg="arg2" func="creg" tem="tem">
      <prep>
        <s lem="de" pos="sps00" postype="preposition" wd="de"/>
      </prep>
      <sn>
        <spec gen="f" num="s">
          <d gen="f" lem="el" num="s" pos="da0fs0" postype="article" wd="la"/>
        </spec>
        <grup.nom gen="f" num="s">
          <n gen="f" lem="visita" num="s" pos="ncfs000" postype="common" sense="16:00800256" wd="visita"/>
          <s.a gen="f" num="s">
            <grup.a gen="f" num="s">
              <f lem="'" pos="fz" punct="mathsign" wd="'"/>
              <a gen="c" lem="ad_limina" num="c" pos="aq0cn0" postype="qualificative" wd="ad_limina"/>
              <f lem="'" pos="fz" punct="mathsign" wd="'"/>
            </grup.a>
          </s.a>
          <S clausetype="relative">
            <relatiu arg="arg1" func="cd" tem="pat">
              <p gen="c" lem="que" num="c" pos="pr0cn000" postype="relative" wd="que"/>
            </relatiu>
            <sn arg="arg0" elliptic="yes" func="suj" tem="agt"/>
            <grup.verb>
              <v lem="anar" mood="indicative" num="s" person="3" pos="vaip3s0" postype="auxiliary" tense="present" wd="va"/>
              <v lem="realitzar" lss="A21.transitive-agentive-patient" mood="infinitive" pos="vmn0000" postype="main" wd="realitzar"/>
            </grup.verb>
            <sn arg="argM" func="cc" tem="tmp">
              <spec gen="f" num="s">
                <d gen="f" lem="el" num="s" pos="da0fs0" postype="article" wd="la"/>
              </spec>
              <grup.nom gen="f" num="s">
                <n gen="f" lem="setmana" num="s" pos="ncfs000" postype="common" sense="16:10862128" wd="setmana"/>
                <S clausetype="participle" impersonal="yes">
                  <participi>
                    <a gen="f" lem="passat" num="s" pos="aq0fsp" posfunction="participle" postype="qualificative" wd="passada"/>
                  </participi>
                </S>
              </grup.nom>
            </sn>
            <sp arg="argM" func="cc" tem="loc">
              <prep>
                <s lem="a" pos="sps00" postype="preposition" wd="a"/>
              </prep>
              <sn entityref="ne" ne="location">
                <grup.nom>
                  <n lem="Roma" ne="location" pos="np0000l" postype="proper" wd="Roma"/>
                </grup.nom>
              </sn>
            </sp>
          </S>
        </grup.nom>
      </sn>
    </sp>
    <f lem="." pos="fp" punct="period" wd="."/>
  </sentence>
  <sentence>
    <sp arg="argM" func="cc" tem="tmp">
      <prep>
        <s lem="en" pos="sps00" postype="preposition" wd="En"/>
      </prep>
      <sn>
        <spec gen="m" num="s">
          <d gen="m" lem="el" num="s" pos="da0ms0" postype="article" wd="el"/>
        </spec>
        <grup.nom gen="m" num="s">
          <n gen="m" lem="decurs" num="s" pos="ncms000" postype="common" sense="16:cs1" wd="decurs"/>
          <sp>
            <prep>
              <s lem="de" pos="sps00" postype="preposition" wd="de"/>
            </prep>
            <sn>
              <spec gen="f" num="s">
                <d gen="f" lem="el" num="s" pos="da0fs0" postype="article" wd="la"/>
                <d gen="f" lem="mateix" num="s" pos="di0fs0" postype="indefinite" wd="mateixa"/>
              </spec>
              <grup.nom gen="f" num="s">
                <n gen="f" lem="roda" num="s" pos="ncfs000" postype="common" sense="16:cs3" wd="roda"/>
                <sp>
                  <prep>
                    <s lem="de" pos="sps00" postype="preposition" wd="de"/>
                  </prep>
                  <sn>
                    <grup.nom gen="f" num="s">
                      <n gen="f" lem="premsa" num="s" pos="ncfs000" postype="common" sense="16:cs3" wd="premsa"/>
                    </grup.nom>
                  </sn>
                </sp>
              </grup.nom>
            </sn>
          </sp>
        </grup.nom>
      </sn>
    </sp>
    <sn arg="arg0" entityref="ne" func="suj" ne="person" tem="agt">
      <grup.nom gen="m" num="s">
        <n lem="Camprodon" ne="person" pos="np0000p" postype="proper" sense="16:cs1" wd="Camprodon"/>
      </grup.nom>
    </sn>
    <grup.verb>
      <v lem="anar" mood="indicative" num="s" person="3" pos="vaip3s0" postype="auxiliary" tense="present" wd="va"/>
      <v lem="parlar" lss="A22.transitive-agentive-theme" mood="infinitive" pos="vmn0000" postype="main" wd="parlar"/>
    </grup.verb>
    <sp arg="arg1" func="creg" tem="tem">
      <prep>
        <s lem="de" pos="sps00" postype="preposition" wd="d'"/>
      </prep>
      <sn>
        <spec gen="m" num="p">
          <d gen="c" lem="altre" num="p" pos="di0cp0" postype="indefinite" wd="altres"/>
        </spec>
        <grup.nom gen="m" num="p">
          <n gen="m" lem="tema" num="p" pos="ncmp000" postype="common" sense="16:04950638" wd="temes"/>
          <sp>
            <prep>
              <c lem="com" pos="cs" postype="subordinating" wd="com"/>
            </prep>
            <sn coord="yes">
              <sn>
                <spec gen="f" num="s">
                  <d gen="f" lem="el" num="s" pos="da0fs0" postype="article" wd="la"/>
                </spec>
                <grup.nom gen="f" num="s">
                  <neg adjunct="yes">
                    <r lem="no" pos="rn" postype="negative" wd="no"/>
                  </neg>
                  <grup.nom gen="f" num="s">
                    <n gen="f" lem="concessió" num="s" pos="ncfs000" postype="common" sense="16:05364726" wd="concessió"/>
                    <sp>
                      <prep>
                        <s lem="de" pos="sps00" postype="preposition" wd="de"/>
                      </prep>
                      <sn>
                        <spec gen="f" num="p">
                          <d gen="f" lem="el" num="p" pos="da0fp0" postype="article" wd="les"/>
                        </spec>
                        <grup.nom gen="f" num="p">
                          <n gen="f" lem="llicència" num="p" pos="ncfp000" postype="common" sense="16:00738404" wd="llicències"/>
                          <sp>
                            <prep>
                              <s lem="de" pos="sps00" postype="preposition" wd="de"/>
                            </prep>
                            <sn entityref="ne" ne="organization">
                              <spec gen="f" num="s">
                                <d gen="f" lem="el" num="s" pos="da0fs0" postype="article" wd="la"/>
                              </spec>
                              <grup.nom gen="f" num="s">
                                <n lem="COPE" ne="organization" pos="np0000o" postype="proper" sense="16:cs1" wd="COPE"/>
                              </grup.nom>
                            </sn>
                          </sp>
                        </grup.nom>
                      </sn>
                    </sp>
                  </grup.nom>
                </grup.nom>
              </sn>
              <f lem="," pos="fc" punct="comma" wd=","/>
              <sn>
                <spec gen="f" num="s">
                  <d gen="f" lem="el" num="s" pos="da0fs0" postype="article" wd="la"/>
                </spec>
                <grup.nom gen="f" num="s">
                  <n gen="f" lem="crisi" num="s" pos="ncfs000" postype="common" sense="16:10040291" wd="crisi"/>
                  <sp>
                    <prep>
                      <s lem="de" pos="sps00" postype="preposition" wd="de"/>
                    </prep>
                    <sn entityref="ne" ne="organization">
                      <spec gen="f" num="s">
                        <d gen="c" lem="el" num="s" pos="da0cs0" postype="article" wd="l'"/>
                      </spec>
                      <grup.nom gen="f" num="s">
                        <n lem="Església_Catòlica" ne="organization" pos="np0000o" postype="proper" sense="16:cs1" wd="Església_Catòlica"/>
                      </grup.nom>
                    </sn>
                  </sp>
                  <sp>
                    <prep>
                      <s lem="a" pos="sps00" postype="preposition" wd="a"/>
                    </prep>
                    <sn entityref="ne" ne="location">
                      <grup.nom>
                        <n lem="Occident" ne="location" pos="np0000l" postype="proper" sense="16:cs1" wd="Occident"/>
                      </grup.nom>
                    </sn>
                  </sp>
                </grup.nom>
              </sn>
              <conj conjunctiontype="coordinating">
                <c lem="o" pos="cc" postype="coordinating" wd="o"/>
              </conj>
              <sn>
                <spec gen="f" num="s">
                  <d gen="f" lem="el" num="s" pos="da0fs0" postype="article" wd="la"/>
                </spec>
                <grup.nom gen="f" num="s">
                  <n gen="f" lem="venda" num="s" pos="ncfs000" postype="common" sense="16:04901002" wd="venda"/>
                  <sp>
                    <prep>
                      <s lem="de" pos="sps00" postype="preposition" wd="de"/>
                    </prep>
                    <sn entityref="ne" ne="location">
                      <spec gen="m" num="s">
                        <d gen="c" lem="el" num="s" pos="da0cs0" postype="article" wd="l'"/>
                      </spec>
                      <grup.nom gen="m" num="s">
                        <n gen="m" lem="edifici" num="s" pos="ncms000" postype="common" sense="16:02347413" wd="edifici"/>
                        <sp>
                          <prep>
                            <s contracted="yes" gen="m" lem="del" num="s" pos="spcms" postype="preposition" wd="del"/>
                          </prep>
                          <sn entityref="ne" ne="location">
                            <grup.nom gen="m" num="s">
                              <n lem="Seminari" ne="location" pos="np0000l" postype="proper" sense="16:cs1" wd="Seminari"/>
                            </grup.nom>
                          </sn>
                        </sp>
                      </grup.nom>
                    </sn>
                  </sp>
                  <sp>
                    <prep>
                      <s lem="a" pos="sps00" postype="preposition" wd="a"/>
                    </prep>
                    <sn entityref="ne" ne="organization">
                      <spec gen="f" num="s">
                        <d gen="f" lem="el" num="s" pos="da0fs0" postype="article" wd="la"/>
                      </spec>
                      <grup.nom gen="f" num="s">
                        <n lem="Universitat_de_Girona" ne="organization" pos="np0000o" postype="proper" sense="16:cs1" wd="Universitat_de_Girona"/>
                      </grup.nom>
                    </sn>
                  </sp>
                </grup.nom>
              </sn>
            </sn>
          </sp>
        </grup.nom>
      </sn>
    </sp>
    <f lem="." pos="fp" punct="period" wd="."/>
  </sentence>
  <sentence coord="yes">
    <S>
      <sn arg="arg0" entityref="ne" func="suj" ne="person" tem="agt">
        <grup.nom gen="m" num="s">
          <n lem="Camprodon" ne="person" pos="np0000p" postype="proper" sense="16:cs1" wd="Camprodon"/>
        </grup.nom>
      </sn>
      <grup.verb>
        <v lem="anar" mood="indicative" num="s" person="3" pos="vaip3s0" postype="auxiliary" tense="present" wd="va"/>
        <v lem="informar" lss="A32.ditransitive-patient-benefactive" mood="infinitive" pos="vmn0000" postype="main" wd="informar"/>
      </grup.verb>
      <sp arg="arg2" func="creg" tem="tem">
        <prep>
          <s lem="de" pos="sps00" postype="preposition" wd="de"/>
        </prep>
        <sn>
          <spec gen="f" num="s">
            <d gen="f" lem="el" num="s" pos="da0fs0" postype="article" wd="la"/>
          </spec>
          <grup.nom gen="f" num="s">
            <n gen="f" lem="visita" num="s" pos="ncfs000" postype="common" sense="16:00800256" wd="visita"/>
            <sp>
              <prep>
                <s lem="a" pos="sps00" postype="preposition" wd="a"/>
              </prep>
              <sn entityref="ne" ne="location">
                <grup.nom>
                  <n lem="Roma" ne="location" pos="np0000l" postype="proper" wd="Roma"/>
                </grup.nom>
              </sn>
            </sp>
          </grup.nom>
        </sn>
      </sp>
    </S>
    <conj conjunctiontype="coordinating">
      <c lem="i" pos="cc" postype="coordinating" wd="i"/>
    </conj>
    <S>
      <sn arg="arg0" elliptic="yes" func="suj" tem="agt"/>
      <grup.verb>
        <v lem="anar" mood="indicative" num="s" person="3" pos="vaip3s0" postype="auxiliary" tense="present" wd="va"/>
        <v lem="dir" lss="A32.ditransitive-patient-benefactive" mood="infinitive" pos="vmn0000" postype="main" wd="dir"/>
      </grup.verb>
      <S arg="arg1" clausetype="completive" coord="yes" func="cd" tem="pat">
        <conj conjunctiontype="subordinating">
          <c lem="que" pos="cs" postype="subordinating" wd="que"/>
        </conj>
        <S clausetype="completive">
          <sn arg="arg1" entityref="ne" func="suj" ne="person" tem="tem">
            <spec gen="m" num="s">
              <d gen="m" lem="el" num="s" pos="da0ms0" postype="article" wd="el"/>
            </spec>
            <grup.nom gen="m" num="s">
              <n lem="Sant_Pare" ne="person" pos="np0000p" postype="proper" sense="16:cs1" wd="Sant_Pare"/>
            </grup.nom>
          </sn>
          <sp func="ao">
            <f lem="," pos="fc" punct="comma" wd=","/>
            <prep>
              <s lem="tot_i" pos="sps00" postype="preposition" wd="tot_i"/>
            </prep>
            <S clausetype="completive" impersonal="yes">
              <infinitiu>
                <v lem="trobar" lss="C21.state-attributive" mood="infinitive" pos="vmn0000" postype="main" wd="trobar"/>
              </infinitiu>
              <morfema.pronominal>
                <p gen="c" lem="ell" num="c" person="3" pos="p0300000" wd="-se"/>
              </morfema.pronominal>
              <sadv arg="arg2" func="cpred" tem="atr">
                <grup.adv>
                  <r lem="malament" pos="rg" wd="malament"/>
                </grup.adv>
              </sadv>
              <sadv arg="argM" func="cc" tem="mnr">
                <grup.adv>
                  <r lem="físicament" pos="rg" wd="físicament"/>
                </grup.adv>
              </sadv>
            </S>
          </sp>
          <f lem="'" pos="fz" punct="mathsign" wd="'"/>
          <sadv arg="argM" func="cc" tem="adv">
            <grup.adv>
              <r lem="intel·lectualment" pos="rg" wd="intel·lectualment"/>
            </grup.adv>
          </sadv>
          <grup.verb>
            <v lem="estar" lss="C21.state-attributive" mood="indicative" num="s" person="3" pos="vmip3s0" postype="main" tense="present" wd="està"/>
          </grup.verb>
          <sadv arg="arg2" func="atr" tem="atr">
            <grup.adv>
              <r lem="bé" pos="rg" wd="bé"/>
            </grup.adv>
          </sadv>
        </S>
        <f lem="," pos="fc" punct="comma" wd=","/>
        <S clausetype="completive">
          <sn arg="arg1" elliptic="yes" func="suj" tem="tem"/>
          <grup.verb>
            <v lem="tenir" lss="C21.state-attributive" mood="indicative" num="s" person="3" pos="vmip3s0" postype="main" tense="present" wd="té"/>
          </grup.verb>
          <sn arg="arg2" func="cd" functype="quantitative" tem="atr">
            <spec gen="f" num="s">
              <d gen="f" lem="un" num="s" pos="di0fs0" postype="indefinite" wd="una"/>
            </spec>
            <grup.nom gen="f" num="s">
              <n gen="f" lem="voluntat" num="s" pos="ncfs000" postype="common" sense="16:04371730" wd="voluntat"/>
              <sp>
                <prep>
                  <s lem="de" pos="sps00" postype="preposition" wd="de"/>
                </prep>
                <sn>
                  <grup.nom gen="m" num="s">
                    <n gen="m" lem="ferro" num="s" pos="ncms000" postype="common" sense="16:10489934" wd="ferro"/>
                  </grup.nom>
                </sn>
              </sp>
              <s.a gen="f" num="s">
                <grup.a gen="f" num="s">
                  <a gen="f" lem="extraordinari" num="s" pos="aq0fs0" postype="qualificative" wd="extraordinària"/>
                </grup.a>
              </s.a>
            </grup.nom>
          </sn>
        </S>
        <f lem="'" pos="fz" punct="mathsign" wd="'"/>
      </S>
    </S>
    <f lem="." pos="fp" punct="period" wd="."/>
  </sentence>
  <sentence>
    <sp func="ao">
      <prep>
        <s lem="per" pos="sps00" postype="preposition" wd="Per"/>
      </prep>
      <sn entityref="ne" ne="person">
        <grup.nom gen="m" num="s">
          <n lem="Camprodon" ne="person" pos="np0000p" postype="proper" sense="16:cs1" wd="Camprodon"/>
        </grup.nom>
      </sn>
      <f lem="," pos="fc" punct="comma" wd=","/>
    </sp>
    <sn arg="arg1" func="suj" tem="tem">
      <spec gen="f" num="s">
        <d gen="f" lem="el" num="s" pos="da0fs0" postype="article" wd="la"/>
      </spec>
      <grup.nom gen="f" num="s">
        <n gen="f" lem="trobada" num="s" pos="ncfs000" postype="common" sense="16:00799023" wd="trobada"/>
        <sp>
          <prep>
            <s lem="amb" pos="sps00" postype="preposition" wd="amb"/>
          </prep>
          <sn entityref="ne" ne="person">
            <spec gen="m" num="s">
              <d gen="m" lem="el" num="s" pos="da0ms0" postype="article" wd="el"/>
            </spec>
            <grup.nom gen="m" num="s">
              <n lem="Sant_Pare" ne="person" pos="np0000p" postype="proper" sense="16:cs1" wd="Sant_Pare"/>
            </grup.nom>
          </sn>
        </sp>
      </grup.nom>
    </sn>
    <grup.verb>
      <v lem="ser" lss="C21.state-attributive" mood="indicative" num="s" person="3" pos="vmip3s0" postype="main" tense="present" wd="és"/>
    </grup.verb>
    <sp arg="arg2" func="atr" tem="atr">
      <prep>
        <c lem="com" pos="cs" postype="subordinating" wd="com"/>
      </prep>
      <sn>
        <spec gen="f" num="s">
          <d gen="f" lem="un" num="s" pos="di0fs0" postype="indefinite" wd="una"/>
        </spec>
        <grup.nom gen="f" num="s">
          <n gen="f" lem="trobada" num="s" pos="ncfs000" postype="common" sense="16:00799023" wd="trobada"/>
          <sp>
            <prep>
              <s lem="amb" pos="sps00" postype="preposition" wd="amb"/>
            </prep>
            <sn>
              <spec gen="m" num="s">
                <d gen="m" lem="un" num="s" pos="di0ms0" postype="indefinite" wd="un"/>
              </spec>
              <grup.nom gen="m" num="s">
                <n gen="m" lem="germà" num="s" pos="ncms000" postype="common" sense="16:07127897" wd="germà"/>
                <s.a gen="m" num="s">
                  <grup.a gen="m" num="s">
                    <a gen="c" lem="gran" num="s" pos="aq0cs0" postype="qualificative" wd="gran"/>
                  </grup.a>
                </s.a>
              </grup.nom>
            </sn>
          </sp>
        </grup.nom>
      </sn>
    </sp>
    <f lem="." pos="fp" punct="period" wd="."/>
  </sentence>
  <sentence coord="yes">
    <f lem="'" pos="fz" punct="mathsign" wd="'"/>
    <S>
      <sn arg="arg0" elliptic="yes" func="suj" tem="agt"/>
      <grup.verb>
        <v lem="parlar" lss="A21.transitive-agentive-patient" mood="indicative" num="s" person="3" pos="vmip3s0" postype="main" tense="present" wd="Parla"/>
      </grup.verb>
      <sadv arg="argM" func="cc" tem="adv">
        <grup.adv>
          <r lem="poc" pos="rg" wd="poc"/>
        </grup.adv>
      </sadv>
    </S>
    <conj conjunctiontype="coordinating">
      <c lem="i" pos="cc" postype="coordinating" wd="i"/>
    </conj>
    <S>
      <sn arg="arg0" elliptic="yes" func="suj" tem="agt"/>
      <grup.verb>
        <v lem="escoltar" lss="A21.transitive-agentive-patient" mood="indicative" num="s" person="3" pos="vmip3s0" postype="main" tense="present" wd="escolta"/>
      </grup.verb>
      <sadv arg="argM" func="cc" tem="adv">
        <grup.adv>
          <r lem="molt" pos="rg" wd="molt"/>
        </grup.adv>
      </sadv>
    </S>
    <f lem="'" pos="fz" punct="mathsign" wd="'"/>
    <f lem="." pos="fp" punct="period" wd="."/>
  </sentence>
  <sentence>
    <sp func="ao">
      <prep>
        <s lem="segons" pos="sps00" postype="preposition" wd="Segons"/>
      </prep>
      <sn>
        <spec gen="m" num="s">
          <d gen="m" lem="el" num="s" pos="da0ms0" postype="article" wd="el"/>
        </spec>
        <grup.nom gen="m" num="s">
          <n gen="m" lem="bisbe" num="s" pos="ncms000" postype="common" sense="16:07114010" wd="bisbe"/>
        </grup.nom>
      </sn>
      <f lem="," pos="fc" punct="comma" wd=","/>
    </sp>
    <sn arg="arg1" entityref="ne" func="suj" ne="person" tem="tem">
      <grup.nom gen="m" num="s">
        <n lem="Joan_Pau_II" ne="person" pos="np0000p" postype="proper" sense="16:cs1" wd="Joan_Pau_II"/>
      </grup.nom>
    </sn>
    <neg func="mod">
      <r lem="no" pos="rn" postype="negative" wd="no"/>
    </neg>
    <grup.verb>
      <v lem="tenir" lss="C21.state-attributive" mood="indicative" num="s" person="3" pos="vmip3s0" postype="main" tense="present" wd="té"/>
    </grup.verb>
    <sn arg="arg2" func="cd" functype="quantitative" tem="atr">
      <spec gen="f" num="s">
        <d gen="c" lem="cap" num="s" pos="di0cs0" postype="indefinite" wd="cap"/>
      </spec>
      <grup.nom gen="f" num="s">
        <n gen="f" lem="reticència" num="s" pos="ncfs000" postype="common" sense="16:03662995" wd="reticència"/>
      </grup.nom>
    </sn>
    <sp arg="argM" func="cc" tem="adv">
      <prep>
        <s contracted="yes" gen="m" lem="cap_al" num="s" pos="spcms" postype="preposition" wd="cap_al"/>
      </prep>
      <sn>
        <grup.nom gen="m" num="s">
          <n gen="m" lem="català" num="s" pos="ncms000" postype="common" sense="16:05224856" wd="català"/>
        </grup.nom>
      </sn>
    </sp>
    <f lem="." pos="fp" punct="period" wd="."/>
  </sentence>
  <sentence coord="yes">
    <sp adjunct="yes" func="ao">
      <prep>
        <s lem="pel_que_fa_a" pos="sps00" postype="preposition" wd="Pel_que_fa_a"/>
      </prep>
      <sn>
        <spec gen="f" num="s">
          <d gen="f" lem="el" num="s" pos="da0fs0" postype="article" wd="la"/>
        </spec>
        <grup.nom gen="f" num="s">
          <neg adjunct="yes">
            <r lem="no" pos="rn" postype="negative" wd="no"/>
          </neg>
          <grup.nom gen="f" num="s">
            <n gen="f" lem="renovació" num="s" pos="ncfs000" postype="common" sense="16:00170245" wd="renovació"/>
            <sp>
              <prep>
                <s lem="de" pos="sps00" postype="preposition" wd="de"/>
              </prep>
              <sn>
                <spec gen="f" num="p">
                  <d gen="f" lem="el" num="p" pos="da0fp0" postype="article" wd="les"/>
                </spec>
                <grup.nom gen="f" num="p">
                  <n gen="f" lem="llicència" num="p" pos="ncfp000" postype="common" sense="16:00738404" wd="llicències"/>
                </grup.nom>
              </sn>
            </sp>
            <sp>
              <prep>
                <s lem="a" pos="sps00" postype="preposition" wd="a"/>
              </prep>
              <sn entityref="ne" ne="organization">
                <spec gen="f" num="s">
                  <d gen="f" lem="el" num="s" pos="da0fs0" postype="article" wd="la"/>
                </spec>
                <grup.nom gen="f" num="s">
                  <n lem="COPE" ne="organization" pos="np0000o" postype="proper" sense="16:cs1" wd="COPE"/>
                </grup.nom>
              </sn>
            </sp>
          </grup.nom>
        </grup.nom>
      </sn>
      <f lem="," pos="fc" punct="comma" wd=","/>
    </sp>
    <S coord="yes">
      <S>
        <sn arg="arg0" entityref="ne" func="suj" ne="person" tem="agt">
          <grup.nom gen="m" num="s">
            <n lem="Camprodon" ne="person" pos="np0000p" postype="proper" sense="16:cs1" wd="Camprodon"/>
          </grup.nom>
        </sn>
        <grup.verb>
          <v lem="anar" mood="indicative" num="s" person="3" pos="vaip3s0" postype="auxiliary" tense="present" wd="va"/>
          <v lem="manifestar" lss="A32.ditransitive-patient-benefactive" mood="infinitive" pos="vmn0000" postype="main" wd="manifestar"/>
        </grup.verb>
        <S arg="arg1" clausetype="completive" func="cd" tem="pat">
          <conj conjunctiontype="subordinating">
            <c lem="que" pos="cs" postype="subordinating" wd="que"/>
          </conj>
          <sn arg="arg0" elliptic="yes" func="suj" tem="agt"/>
          <neg func="mod">
            <r lem="no" pos="rn" postype="negative" wd="no"/>
          </neg>
          <sn arg="argM" func="cc" tem="loc">
            <grup.nom>
              <p gen="c" lem="hi" num="c" person="3" pos="pp3cn000" postype="personal" wd="hi"/>
            </grup.nom>
          </sn>
          <grup.verb>
            <v lem="veure" lss="A21.transitive-agentive-patient" mood="indicative" num="s" person="3" pos="vmip3s0" postype="main" tense="present" wd="veu"/>
          </grup.verb>
          <sn arg="arg1" func="cd" tem="pat">
            <spec gen="m" num="s">
              <d gen="c" lem="cap" num="s" pos="di0cs0" postype="indefinite" wd="cap"/>
            </spec>
            <grup.nom gen="m" num="s">
              <n gen="m" lem="atemptat" num="s" pos="ncms000" postype="common" sense="16:00494444" wd="atemptat"/>
              <sp>
                <prep>
                  <s lem="contra" pos="sps00" postype="preposition" wd="contra"/>
                </prep>
                <sn>
                  <spec gen="f" num="s">
                    <d gen="f" lem="el" num="s" pos="da0fs0" postype="article" wd="la"/>
                  </spec>
                  <grup.nom gen="f" num="s">
                    <n gen="f" lem="llibertat" num="s" pos="ncfs000" postype="common" sense="16:10079933" wd="llibertat"/>
                    <sp>
                      <prep>
                        <s lem="de" pos="sps00" postype="preposition" wd="d'"/>
                      </prep>
                      <sn>
                        <grup.nom gen="f" num="s">
                          <n gen="f" lem="expressió" num="s" pos="ncfs000" postype="common" sense="16:05341816" wd="expressió"/>
                        </grup.nom>
                      </sn>
                    </sp>
                  </grup.nom>
                </sn>
              </sp>
            </grup.nom>
          </sn>
        </S>
      </S>
      <conj conjunctiontype="coordinating">
        <c lem="i" pos="cc" postype="coordinating" wd="i"/>
      </conj>
      <S>
        <sn arg="arg0" elliptic="yes" func="suj" tem="agt"/>
        <grup.verb>
          <v lem="anar" mood="indicative" num="s" person="3" pos="vaip3s0" postype="auxiliary" tense="present" wd="va"/>
          <v lem="afegir" lss="A21.transitive-agentive-patient" mood="infinitive" pos="vmn0000" postype="main" wd="afegir"/>
        </grup.verb>
        <S arg="arg1" clausetype="completive" coord="yes" func="cd" tem="pat">
          <conj conjunctiontype="subordinating">
            <c lem="que" pos="cs" postype="subordinating" wd="que"/>
          </conj>
          <S clausetype="completive">
            <f lem="'" pos="fz" punct="mathsign" wd="'"/>
            <sadv arg="argM" func="cc" tem="mnr">
              <grup.adv>
                <r lem="simplement" pos="rg" wd="simplement"/>
              </grup.adv>
            </sadv>
            <neg func="mod">
              <r lem="no" pos="rn" postype="negative" wd="no"/>
            </neg>
            <morfema.verbal func="pass">
              <p gen="c" lem="es" num="c" pos="p0000000" wd="s'"/>
            </morfema.verbal>
            <grup.verb>
              <v lem="haver" mood="indicative" num="p" person="3" pos="vaip3p0" postype="auxiliary" tense="present" wd="han"/>
              <v gen="m" lem="renovar" lss="B22.unaccusative-passive-transitive" mood="participle" num="s" pos="vmp00sm" postype="main" wd="renovat"/>
            </grup.verb>
            <sn arg="arg1" func="suj" tem="pat">
              <spec gen="f" num="p">
                <d gen="f" lem="un" num="p" pos="di0fp0" postype="indefinite" wd="unes"/>
              </spec>
              <grup.nom gen="f" num="p">
                <n gen="f" lem="llicència" num="p" pos="ncfp000" postype="common" sense="16:00738404" wd="llicències"/>
              </grup.nom>
            </sn>
          </S>
          <f lem="," pos="fc" punct="comma" wd=","/>
          <S clausetype="completive">
            <sn arg="arg1" elliptic="yes" func="suj" tem="pat"/>
            <neg func="mod">
              <r lem="no" pos="rn" postype="negative" wd="no"/>
            </neg>
            <morfema.verbal func="pass">
              <p gen="c" lem="es" num="c" pos="p0000000" wd="s'"/>
            </morfema.verbal>
            <grup.verb>
              <v lem="haver" mood="indicative" num="p" person="3" pos="vaip3p0" postype="auxiliary" tense="present" wd="han"/>
              <sadv func="mod">
                <r lem="pas" pos="rn" postype="negative" wd="pas"/>
              </sadv>
              <v gen="m" lem="retirar" lss="B22.unaccusative-passive-transitive" mood="participle" num="s" pos="vmp00sm" postype="main" wd="retirat"/>
            </grup.verb>
            <sp arg="arg2" func="cc" tem="loc">
              <prep>
                <s lem="a" pos="sps00" postype="preposition" wd="a"/>
              </prep>
              <sn>
                <spec gen="f" num="s">
                  <d gen="f" lem="mig" num="s" pos="dn0fs0" postype="numeral" wd="mitja"/>
                </spec>
                <grup.nom gen="f" num="s">
                  <n gen="f" lem="concessió" num="s" pos="ncfs000" postype="common" sense="16:05364726" wd="concessió"/>
                </grup.nom>
              </sn>
            </sp>
          </S>
          <f lem="'" pos="fz" punct="mathsign" wd="'"/>
        </S>
      </S>
    </S>
    <f lem="." pos="fp" punct="period" wd="."/>
  </sentence>
  <sentence>
    <sn arg="arg0" func="suj" tem="agt">
      <spec gen="m" num="s">
        <d gen="m" lem="el" num="s" pos="da0ms0" postype="article" wd="El"/>
      </spec>
      <grup.nom gen="m" num="s">
        <n gen="m" lem="bisbe" num="s" pos="ncms000" postype="common" sense="16:07114010" wd="bisbe"/>
      </grup.nom>
    </sn>
    <grup.verb>
      <v lem="recordar" lss="A21.transitive-agentive-patient" mood="indicative" num="s" person="3" pos="vmip3s0" postype="main" tense="present" wd="recorda"/>
    </grup.verb>
    <S arg="arg1" clausetype="completive" func="cd" tem="pat">
      <conj conjunctiontype="subordinating">
        <c lem="que" pos="cs" postype="subordinating" wd="que"/>
      </conj>
      <sp arg="argM" func="cc" tem="tmp">
        <prep>
          <s lem="en" pos="sps00" postype="preposition" wd="en"/>
        </prep>
        <sn>
          <spec gen="f" num="p">
            <d gen="f" lem="algun" num="p" pos="di0fp0" postype="indefinite" wd="algunes"/>
          </spec>
          <grup.nom gen="f" num="p">
            <n gen="f" lem="ocasió" num="p" pos="ncfp000" postype="common" sense="16:05449233" wd="ocasions"/>
          </grup.nom>
        </sn>
      </sp>
      <sn arg="arg0" func="suj" tem="agt">
        <grup.nom gen="m" num="s">
          <p gen="m" lem="ell" num="s" person="3" pos="pp3ms000" postype="personal" wd="ell"/>
        </grup.nom>
      </sn>
      <grup.verb>
        <v lem="haver" mood="indicative" num="s" person="3" pos="vaii3s0" postype="auxiliary" tense="imperfect" wd="havia"/>
        <v gen="m" lem="manifestar" lss="A32.ditransitive-patient-benefactive" mood="participle" num="s" pos="vmp00sm" postype="main" wd="manifestat"/>
      </grup.verb>
      <sn arg="arg1" func="cd" tem="pat">
        <spec gen="m" num="s">
          <d gen="m" lem="el_seu" num="s" person="3" pos="dp3ms0" postype="possessive" wd="el_seu"/>
        </spec>
        <grup.nom gen="m" num="s">
          <n gen="m" lem="desacord" num="s" pos="ncms000" postype="common" sense="16:05368405" wd="desacord"/>
          <sp>
            <prep>
              <s lem="amb" pos="sps00" postype="preposition" wd="amb"/>
            </prep>
            <sn>
              <spec gen="f" num="p">
                <d gen="f" lem="el" num="p" pos="da0fp0" postype="article" wd="les"/>
              </spec>
              <grup.nom gen="f" num="p">
                <n gen="f" lem="opinió" num="p" pos="ncfp000" postype="common" sense="16:05046324" wd="opinions"/>
                <S clausetype="relative">
                  <relatiu arg="argL" func="suj">
                    <p gen="c" lem="que" num="c" pos="pr0cn000" postype="relative" wd="que"/>
                  </relatiu>
                  <morfema.verbal func="pass">
                    <p gen="c" lem="es" num="c" pos="p0000000" wd="es"/>
                  </morfema.verbal>
                  <grup.verb>
                    <v lem="donar" lss="B12.unaccusative-passive-ditransitive" mood="indicative" num="p" person="3" pos="vmii3p0" postype="main" tense="imperfect" wd="donaven"/>
                  </grup.verb>
                  <sp arg="argM" func="cc" tem="adv">
                    <prep>
                      <s lem="a_través_de" pos="sps00" postype="preposition" wd="a_través_de"/>
                    </prep>
                    <sn entityref="ne" ne="organization">
                      <spec gen="f" num="s">
                        <d gen="f" lem="el" num="s" pos="da0fs0" postype="article" wd="la"/>
                      </spec>
                      <grup.nom gen="f" num="s">
                        <n lem="COPE" ne="organization" pos="np0000o" postype="proper" sense="16:cs1" wd="COPE"/>
                      </grup.nom>
                    </sn>
                  </sp>
                  <sp func="ao">
                    <prep>
                      <s lem="en_referència_a" pos="sps00" postype="preposition" wd="en_referència_a"/>
                    </prep>
                    <sn>
                      <spec gen="f" num="p">
                        <d gen="f" lem="el" num="p" pos="da0fp0" postype="article" wd="les"/>
                      </spec>
                      <grup.nom gen="f" num="p">
                        <n gen="f" lem="crítica" num="p" pos="ncfp000" postype="common" sense="16:05032854" wd="crítiques"/>
                        <S clausetype="participle" impersonal="yes">
                          <participi>
                            <a gen="f" lem="continuat" num="p" pos="aq0fpp" posfunction="participle" postype="qualificative" wd="continuades"/>
                          </participi>
                        </S>
                        <sp>
                          <prep>
                            <s lem="a" pos="sps00" postype="preposition" wd="a"/>
                          </prep>
                          <sn entityref="ne" ne="location">
                            <grup.nom>
                              <n lem="Catalunya" ne="location" pos="np0000l" postype="proper" wd="Catalunya"/>
                            </grup.nom>
                          </sn>
                        </sp>
                      </grup.nom>
                    </sn>
                  </sp>
                </S>
              </grup.nom>
            </sn>
          </sp>
        </grup.nom>
      </sn>
    </S>
    <f lem="." pos="fp" punct="period" wd="."/>
  </sentence>
  <sentence>
    <sp arg="argM" func="cc" tem="tmp">
      <prep>
        <s lem="en" pos="sps00" postype="preposition" wd="En"/>
      </prep>
      <sn>
        <spec gen="f" num="s">
          <d gen="f" lem="el_seu" num="s" person="3" pos="dp3fs0" postype="possessive" wd="la_seva"/>
        </spec>
        <grup.nom gen="f" num="s">
          <n gen="f" lem="visita" num="s" pos="ncfs000" postype="common" sense="16:00800256" wd="visita"/>
          <s.a gen="f" num="s">
            <grup.a gen="f" num="s">
              <f lem="'" pos="fz" punct="mathsign" wd="'"/>
              <a gen="c" lem="ad_limina" num="c" pos="aq0cn0" postype="qualificative" wd="ad_limina"/>
              <f lem="'" pos="fz" punct="mathsign" wd="'"/>
            </grup.a>
          </s.a>
        </grup.nom>
      </sn>
    </sp>
    <sn arg="arg0" entityref="ne" func="suj" ne="person" tem="agt">
      <grup.nom gen="m" num="s">
        <n lem="Jaume_Camprodon" ne="person" pos="np0000p" postype="proper" sense="16:cs1" wd="Jaume_Camprodon"/>
      </grup.nom>
    </sn>
    <grup.verb>
      <v lem="anar" mood="indicative" num="s" person="3" pos="vaip3s0" postype="auxiliary" tense="present" wd="va"/>
      <v lem="aprofitar" lss="A21.transitive-agentive-patient" mood="infinitive" pos="vmn0000" postype="main" wd="aprofitar"/>
    </grup.verb>
    <sp arg="argM" func="cc" tem="fin">
      <prep>
        <s lem="per" pos="sps00" postype="preposition" wd="per"/>
      </prep>
      <S clausetype="completive" impersonal="yes">
        <infinitiu>
          <v lem="veure" lss="A21.transitive-agentive-patient" mood="infinitive" pos="vmn0000" postype="main" wd="veure"/>
        </infinitiu>
        <S arg="arg1" clausetype="completive" func="cd" tem="pat">
          <sadv arg="arg2" func="atr" tem="atr">
            <grup.adv>
              <p lem="com" pos="pt000000" postype="interrogative" wd="com"/>
            </grup.adv>
          </sadv>
          <grup.verb>
            <v lem="estar" lss="C21.state-attributive" mood="indicative" num="s" person="3" pos="vmii3s0" postype="main" tense="imperfect" wd="estava"/>
          </grup.verb>
          <sn arg="arg1" func="suj" tem="tem">
            <spec gen="m" num="s">
              <d gen="m" lem="el" num="s" pos="da0ms0" postype="article" wd="el"/>
            </spec>
            <grup.nom gen="m" num="s">
              <n gen="m" lem="tema" num="s" pos="ncms000" postype="common" sense="16:04950638" wd="tema"/>
              <sp>
                <prep>
                  <s lem="de" pos="sps00" postype="preposition" wd="de"/>
                </prep>
                <sn>
                  <spec gen="f" num="s">
                    <d gen="f" lem="el" num="s" pos="da0fs0" postype="article" wd="la"/>
                  </spec>
                  <grup.nom gen="f" num="s">
                    <n gen="f" lem="venda" num="s" pos="ncfs000" postype="common" sense="16:04901002" wd="venda"/>
                    <sp>
                      <prep>
                        <s contracted="yes" gen="m" lem="del" num="s" pos="spcms" postype="preposition" wd="del"/>
                      </prep>
                      <sn>
                        <grup.nom gen="m" num="s">
                          <n gen="m" lem="seminari" num="s" pos="ncms000" postype="common" sense="16:06150750" wd="seminari"/>
                          <s.a gen="m" num="s">
                            <grup.a gen="m" num="s">
                              <a gen="c" lem="menor" num="s" pos="aq0cs0" postype="qualificative" wd="menor"/>
                            </grup.a>
                          </s.a>
                        </grup.nom>
                      </sn>
                    </sp>
                    <sp>
                      <prep>
                        <s lem="a" pos="sps00" postype="preposition" wd="a"/>
                      </prep>
                      <sn entityref="ne" ne="organization">
                        <spec gen="f" num="s">
                          <d gen="f" lem="el" num="s" pos="da0fs0" postype="article" wd="la"/>
                        </spec>
                        <grup.nom gen="f" num="s">
                          <n lem="Universitat_de_Girona" ne="organization" pos="np0000o" postype="proper" sense="16:cs1" wd="Universitat_de_Girona"/>
                        </grup.nom>
                      </sn>
                    </sp>
                  </grup.nom>
                </sn>
              </sp>
            </grup.nom>
          </sn>
        </S>
      </S>
    </sp>
    <f lem="." pos="fp" punct="period" wd="."/>
  </sentence>
  <sentence>
    <sn arg="arg0" entityref="ne" func="suj" ne="person" tem="agt">
      <grup.nom gen="m" num="s">
        <n lem="Camprodon" ne="person" pos="np0000p" postype="proper" sense="16:cs1" wd="Camprodon"/>
      </grup.nom>
    </sn>
    <sadv func="mod">
      <grup.adv>
        <r lem="també" pos="rg" wd="també"/>
      </grup.adv>
    </sadv>
    <grup.verb>
      <v lem="anar" mood="indicative" num="s" person="3" pos="vaip3s0" postype="auxiliary" tense="present" wd="va"/>
      <v lem="entrevistar" lss="A22.transitive-agentive-theme" mood="infinitive" pos="vmn0000" postype="main" wd="entrevistar"/>
    </grup.verb>
    <morfema.pronominal>
      <p gen="c" lem="ell" num="c" person="3" pos="p0300000" wd="-se"/>
    </morfema.pronominal>
    <sp arg="arg1" func="creg" tem="tem">
      <prep>
        <s lem="amb" pos="sps00" postype="preposition" wd="amb"/>
      </prep>
      <sn>
        <spec gen="m" num="p">
          <d gen="m" lem="el" num="p" pos="da0mp0" postype="article" wd="els"/>
        </spec>
        <grup.nom gen="m" num="p">
          <n gen="m" lem="dicasteri" num="p" pos="ncmp000" postype="common" sense="16:cs1" wd="dicasteris"/>
          <s.a gen="m" num="p">
            <grup.a gen="m" num="p">
              <a gen="c" lem="pertinent" num="p" pos="aq0cp0" postype="qualificative" wd="pertinents"/>
            </grup.a>
          </s.a>
          <sn>
            <f lem="," pos="fc" punct="comma" wd=","/>
            <spec gen="m" num="p">
              <d gen="m" lem="el" num="p" pos="da0mp0" postype="article" wd="els"/>
            </spec>
            <grup.nom gen="m" num="p">
              <n gen="m" lem="ministeri" num="p" pos="ncmp000" postype="common" sense="16:06048416" wd="ministeris"/>
              <sp>
                <prep>
                  <s lem="per" pos="sps00" postype="preposition" wd="per"/>
                </prep>
                <sp>
                  <prep>
                    <s contracted="yes" gen="m" lem="al" num="p" pos="spcmp" postype="preposition" wd="als"/>
                  </prep>
                  <sn>
                    <spec gen="m" num="p">
                      <d gen="c" lem="altre" num="p" pos="di0cp0" postype="indefinite" wd="altres"/>
                    </spec>
                    <grup.nom gen="m" num="p">
                      <n gen="m" lem="tipus" num="c" pos="ncmn000" postype="common" sense="16:04496504" wd="tipus"/>
                      <sp>
                        <prep>
                          <s lem="de" pos="sps00" postype="preposition" wd="d'"/>
                        </prep>
                        <sn>
                          <grup.nom gen="m" num="s">
                            <n gen="m" lem="estat" num="s" pos="ncms000" postype="common" sense="16:cs1" wd="estat"/>
                          </grup.nom>
                        </sn>
                      </sp>
                    </grup.nom>
                  </sn>
                </sp>
              </sp>
            </grup.nom>
            <f lem="," pos="fc" punct="comma" wd=","/>
          </sn>
        </grup.nom>
      </sn>
    </sp>
    <sp arg="argM" func="cc" tem="fin">
      <prep>
        <s lem="per" pos="sps00" postype="preposition" wd="per"/>
      </prep>
      <S clausetype="completive" impersonal="yes">
        <infinitiu>
          <v lem="analitzar" lss="A21.transitive-agentive-patient" mood="infinitive" pos="vmn0000" postype="main" wd="analitzar"/>
        </infinitiu>
        <sn arg="arg1" func="cd" tem="pat">
          <spec gen="m" num="s">
            <d gen="m" lem="el" num="s" pos="da0ms0" postype="article" wd="el"/>
          </spec>
          <grup.nom gen="m" num="s">
            <n gen="m" lem="detall" num="s" pos="ncms000" postype="common" sense="16:04481751" wd="detall"/>
            <sp>
              <prep>
                <s lem="de" pos="sps00" postype="preposition" wd="de"/>
              </prep>
              <sn>
                <spec gen="f" num="s">
                  <d gen="f" lem="el" num="s" pos="da0fs0" postype="article" wd="la"/>
                </spec>
                <grup.nom gen="f" num="s">
                  <n gen="f" lem="venda" num="s" pos="ncfs000" postype="common" sense="16:04901002" wd="venda"/>
                  <sp>
                    <prep>
                      <s contracted="yes" gen="m" lem="del" num="s" pos="spcms" postype="preposition" wd="del"/>
                    </prep>
                    <sn>
                      <grup.nom gen="m" num="s">
                        <n gen="m" lem="seminari" num="s" pos="ncms000" postype="common" sense="16:06150750" wd="seminari"/>
                        <s.a gen="m" num="s">
                          <grup.a gen="m" num="s">
                            <a gen="c" lem="menor" num="s" pos="aq0cs0" postype="qualificative" wd="menor"/>
                          </grup.a>
                        </s.a>
                        <sp>
                          <prep>
                            <s contracted="yes" gen="m" lem="del" num="s" pos="spcms" postype="preposition" wd="del"/>
                          </prep>
                          <sn entityref="ne" ne="organization">
                            <grup.nom gen="m" num="s">
                              <n lem="Bisbat_de_Girona" ne="organization" pos="np0000o" postype="proper" sense="16:cs1" wd="Bisbat_de_Girona"/>
                            </grup.nom>
                          </sn>
                        </sp>
                      </grup.nom>
                    </sn>
                  </sp>
                </grup.nom>
              </sn>
            </sp>
          </grup.nom>
        </sn>
      </S>
    </sp>
    <f lem="." pos="fp" punct="period" wd="."/>
  </sentence>
  <sentence>
    <sn arg="arg1" func="suj" tem="pat">
      <spec gen="f" num="s">
        <d gen="f" lem="el" num="s" pos="da0fs0" postype="article" wd="La"/>
      </spec>
      <grup.nom gen="f" num="s">
        <n gen="f" lem="petició" num="s" pos="ncfs000" postype="common" sense="16:04888919" wd="petició"/>
        <sp>
          <prep>
            <s lem="de" pos="sps00" postype="preposition" wd="de"/>
          </prep>
          <sn>
            <grup.nom gen="f" num="s">
              <n gen="f" lem="venda" num="s" pos="ncfs000" postype="common" sense="16:04901002" wd="venda"/>
            </grup.nom>
          </sn>
        </sp>
      </grup.nom>
    </sn>
    <morfema.verbal func="pass">
      <p gen="c" lem="es" num="c" pos="p0000000" wd="es"/>
    </morfema.verbal>
    <grup.verb>
      <v lem="anar" mood="indicative" num="s" person="3" pos="vaip3s0" postype="auxiliary" tense="present" wd="va"/>
      <v lem="enviar" lss="A32.ditransitive-patient-benefactive" mood="infinitive" pos="vmn0000" postype="main" wd="enviar"/>
    </grup.verb>
    <sp arg="argM" func="cc" tem="loc">
      <prep>
        <s lem="a" pos="sps00" postype="preposition" wd="a"/>
      </prep>
      <sn entityref="ne" ne="location">
        <grup.nom>
          <n lem="Roma" ne="location" pos="np0000l" postype="proper" wd="Roma"/>
        </grup.nom>
      </sn>
    </sp>
    <sn arg="argM" func="cc" tem="tmp">
      <v lem="fer" mood="indicative" num="s" person="3" pos="vmip3s0" postype="main" tense="present" wd="fa"/>
      <d gen="c" lem="tres" num="p" pos="dn0cp0" postype="numeral" wd="tres"/>
      <n gen="f" lem="setmana" num="p" pos="ncfp000" postype="common" sense="16:10862128" wd="setmanes"/>
    </sn>
    <sn func="ao">
      <f lem="," pos="fc" punct="comma" wd=","/>
      <grup.nom gen="f" num="s">
        <n gen="f" lem="cosa" num="s" pos="ncfs000" postype="common" sense="16:03495843" wd="cosa"/>
        <S clausetype="relative">
          <relatiu arg="arg0" func="suj" tem="cau">
            <p gen="c" lem="que" num="c" pos="pr0cn000" postype="relative" wd="que"/>
          </relatiu>
          <grup.verb>
            <v lem="anar" mood="indicative" num="s" person="3" pos="vaip3s0" postype="auxiliary" tense="present" wd="va"/>
            <v lem="facilitar" lss="A11.transitive-causative" mood="infinitive" pos="vmn0000" postype="main" wd="facilitar"/>
          </grup.verb>
          <sp func="ao">
            <f lem="," pos="fc" punct="comma" wd=","/>
            <prep>
              <s lem="segons" pos="sps00" postype="preposition" wd="segons"/>
            </prep>
            <sn>
              <spec gen="m" num="s">
                <d gen="m" lem="el" num="s" pos="da0ms0" postype="article" wd="el"/>
              </spec>
              <grup.nom gen="m" num="s">
                <n gen="m" lem="bisbe" num="s" pos="ncms000" postype="common" sense="16:07114010" wd="bisbe"/>
              </grup.nom>
            </sn>
          </sp>
          <S arg="arg1" clausetype="completive" func="cd" tem="tem">
            <conj conjunctiontype="subordinating">
              <c lem="que" pos="cs" postype="subordinating" wd="que"/>
            </conj>
            <morfema.verbal func="pass">
              <p gen="c" lem="es" num="c" pos="p0000000" wd="es"/>
            </morfema.verbal>
            <grup.verb>
              <v lem="poder" mood="subjunctive" num="p" person="3" pos="vmsi3p0" postype="main" tense="imperfect" wd="poguessin"/>
              <infinitiu>
                <v lem="mantenir" lss="B22.unaccusative-passive-transitive" mood="infinitive" pos="vmn0000" postype="main" wd="mantenir"/>
              </infinitiu>
            </grup.verb>
            <sn arg="arg1" func="suj" tem="pat">
              <spec gen="f" num="p">
                <d gen="f" lem="aquest" num="p" pos="dd0fp0" postype="demonstrative" wd="aquestes"/>
              </spec>
              <grup.nom gen="f" num="p">
                <n gen="f" lem="reunió" num="p" pos="ncfp000" postype="common" sense="16:06166238" wd="reunions"/>
                <sp>
                  <prep>
                    <s lem="per" pos="sps00" postype="preposition" wd="per"/>
                  </prep>
                  <S clausetype="completive" impersonal="yes">
                    <infinitiu>
                      <v lem="acabar" mood="infinitive" pos="vmn0000" postype="main" wd="acabar"/>
                      <s lem="de" pos="sps00" postype="preposition" wd="de"/>
                      <infinitiu>
                        <v lem="polir" lss="A21.transitive-agentive-patient" mood="infinitive" pos="vmn0000" postype="main" wd="polir"/>
                      </infinitiu>
                    </infinitiu>
                    <sn arg="arg1" func="cd" tem="pat">
                      <spec gen="m" num="p">
                        <d gen="m" lem="algun" num="p" pos="di0mp0" postype="indefinite" wd="alguns"/>
                      </spec>
                      <grup.nom gen="m" num="p">
                        <n gen="m" lem="aspecte" num="p" pos="ncmp000" postype="common" sense="16:05080521" wd="aspectes"/>
                      </grup.nom>
                    </sn>
                  </S>
                </sp>
              </grup.nom>
            </sn>
          </S>
        </S>
      </grup.nom>
    </sn>
    <f lem="." pos="fp" punct="period" wd="."/>
  </sentence>
  <sentence>
    <sp func="ao">
      <prep>
        <s lem="segons" pos="sps00" postype="preposition" wd="Segons"/>
      </prep>
      <sn>
        <spec gen="m" num="s">
          <d gen="m" lem="el" num="s" pos="da0ms0" postype="article" wd="el"/>
        </spec>
        <grup.nom gen="m" num="s">
          <n gen="m" lem="bisbe" num="s" pos="ncms000" postype="common" sense="16:07114010" wd="bisbe"/>
        </grup.nom>
      </sn>
    </sp>
    <sn arg="arg1" func="suj" tem="tem">
      <spec gen="m" num="s">
        <d gen="m" lem="el" num="s" pos="da0ms0" postype="article" wd="el"/>
      </spec>
      <grup.nom gen="m" num="s">
        <n gen="m" lem="tema" num="s" pos="ncms000" postype="common" sense="16:04950638" wd="tema"/>
      </grup.nom>
    </sn>
    <grup.verb>
      <v lem="poder" mood="indicative" num="s" person="3" pos="vmic3s0" postype="main" tense="conditional" wd="podria"/>
      <infinitiu>
        <v lem="estar" lss="C21.state-attributive" mood="infinitive" pos="vmn0000" postype="main" wd="estar"/>
      </infinitiu>
    </grup.verb>
    <S arg="arg2" clausetype="participle" func="atr" impersonal="yes" tem="atr">
      <participi>
        <a gen="m" lem="resolt" num="s" pos="aq0msp" posfunction="participle" postype="qualificative" wd="resolt"/>
      </participi>
    </S>
    <sp arg="argM" func="cc" tem="tmp">
      <prep>
        <s lem="en" pos="sps00" postype="preposition" wd="en"/>
      </prep>
      <sn>
        <spec coord="yes" gen="f" num="p">
          <spec gen="f" num="p">
            <d gen="f" lem="dos" num="p" pos="dn0fp0" postype="numeral" wd="dues"/>
          </spec>
          <conj conjunctiontype="coordinating">
            <c lem="o" pos="cc" postype="coordinating" wd="o"/>
          </conj>
          <spec gen="f" num="p">
            <d gen="c" lem="tres" num="p" pos="dn0cp0" postype="numeral" wd="tres"/>
          </spec>
        </spec>
        <grup.nom gen="f" num="p">
          <n gen="f" lem="setmana" num="p" pos="ncfp000" postype="common" sense="16:10862128" wd="setmanes"/>
        </grup.nom>
      </sn>
    </sp>
    <f lem="." pos="fp" punct="period" wd="."/>
  </sentence>
  <sentence>
    <sp arg="argM" func="cc" tem="adv">
      <prep>
        <s lem="amb" pos="sps00" postype="preposition" wd="Amb"/>
      </prep>
      <sn>
        <spec gen="m" num="p">
          <d gen="m" lem="el" num="p" pos="da0mp0" postype="article" wd="els"/>
        </spec>
        <grup.nom gen="m" num="p">
          <n gen="m" lem="benefici" num="p" pos="ncmp000" postype="common" sense="16:00047024" wd="beneficis"/>
          <S clausetype="participle" impersonal="yes">
            <participi>
              <a gen="m" lem="obtingut" lss="B22.unaccusative-passive-transitive" num="p" pos="aq0mpp" posfunction="participle" postype="qualificative" wd="obtinguts"/>
            </participi>
            <sp arg="arg2" func="creg" tem="tem">
              <prep>
                <s lem="de" pos="sps00" postype="preposition" wd="de"/>
              </prep>
              <sn>
                <spec gen="f" num="s">
                  <d gen="f" lem="el" num="s" pos="da0fs0" postype="article" wd="la"/>
                </spec>
                <grup.nom gen="f" num="s">
                  <n gen="f" lem="venda" num="s" pos="ncfs000" postype="common" sense="16:04901002" wd="venda"/>
                  <sp>
                    <prep>
                      <s contracted="yes" gen="m" lem="del" num="s" pos="spcms" postype="preposition" wd="del"/>
                    </prep>
                    <sn>
                      <grup.nom gen="m" num="s">
                        <n gen="m" lem="seminari" num="s" pos="ncms000" postype="common" sense="16:06150750" wd="seminari"/>
                      </grup.nom>
                    </sn>
                  </sp>
                  <S clausetype="relative">
                    <f lem="," pos="fc" punct="comma" wd=","/>
                    <sp discid="1c">
                      <prep>
                        <s lem="de" pos="sps00" postype="preposition" wd="de"/>
                      </prep>
                      <relatiu>
                        <d gen="f" lem="el" num="s" pos="da0fs0" postype="article" wd="la"/>
                        <p gen="c" lem="qual" num="s" pos="pr0cs000" postype="relative" wd="qual"/>
                      </relatiu>
                    </sp>
                    <sn arg="arg0" func="suj" tem="agt">
                      <spec gen="m" num="s">
                        <d gen="m" lem="el" num="s" pos="da0ms0" postype="article" wd="el"/>
                      </spec>
                      <grup.nom gen="m" num="s">
                        <n gen="m" lem="bisbe" num="s" pos="ncms000" postype="common" sense="16:07114010" wd="bisbe"/>
                      </grup.nom>
                    </sn>
                    <neg func="mod">
                      <r lem="no" pos="rn" postype="negative" wd="no"/>
                    </neg>
                    <grup.verb>
                      <v lem="anar" mood="indicative" num="s" person="3" pos="vaip3s0" postype="auxiliary" tense="present" wd="va"/>
                      <v lem="voler" lss="A21.transitive-agentive-patient" mood="infinitive" pos="vmn0000" postype="main" wd="voler"/>
                    </grup.verb>
                    <S arg="arg1" clausetype="completive" func="cd" impersonal="yes" tem="pat">
                      <infinitiu>
                        <v lem="donar" lss="A32.ditransitive-patient-benefactive" mood="infinitive" pos="vmn0000" postype="main" wd="donar"/>
                      </infinitiu>
                      <sn arg="arg1" func="cd" tem="pat">
                        <grup.nom>
                          <p gen="c" lem="en" num="c" person="3" pos="pp3cn000" postype="personal" wd="-ne"/>
                        </grup.nom>
                      </sn>
                      <sn arg="arg1" func="cd" tem="pat">
                        <spec gen="f" num="s">
                          <d gen="c" lem="cap" num="s" pos="di0cs0" postype="indefinite" wd="cap"/>
                        </spec>
                        <grup.nom discid="1n" gen="f" num="s">
                          <n gen="f" lem="xifra" num="s" pos="ncfs000" postype="common" sense="16:09598019" wd="xifra"/>
                        </grup.nom>
                      </sn>
                    </S>
                    <f lem="," pos="fc" punct="comma" wd=","/>
                  </S>
                </grup.nom>
              </sn>
            </sp>
          </S>
        </grup.nom>
      </sn>
    </sp>
    <sn arg="arg1" func="suj" tem="tem">
      <spec gen="m" num="s">
        <d gen="m" lem="el" num="s" pos="da0ms0" postype="article" wd="el"/>
      </spec>
      <grup.nom gen="m" num="s">
        <n gen="m" lem="bisbat" num="s" pos="ncms000" postype="common" sense="16:00387867" wd="bisbat"/>
      </grup.nom>
    </sn>
    <grup.verb>
      <v lem="tenir" lss="C21.state-attributive" mood="indicative" num="s" person="3" pos="vmip3s0" postype="main" tense="present" wd="té"/>
    </grup.verb>
    <sn arg="arg2" func="cd" functype="quantitative" tem="atr">
      <spec gen="m" num="p">
        <d gen="m" lem="dos" num="p" pos="dn0mp0" postype="numeral" wd="dos"/>
      </spec>
      <grup.nom gen="m" num="p">
        <n gen="m" lem="projecte" num="p" pos="ncmp000" postype="common" sense="16:00508925" wd="projectes"/>
        <S clausetype="completive" coord="yes" impersonal="yes">
          <f lem=":" pos="fd" punct="colon" wd=":"/>
          <S clausetype="completive" impersonal="yes">
            <infinitiu>
              <v lem="edificar" lss="A21.transitive-agentive-patient" mood="infinitive" pos="vmn0000" postype="main" wd="edificar"/>
            </infinitiu>
            <sp arg="argM" func="cc" tem="loc">
              <prep>
                <s lem="dins" pos="sps00" postype="preposition" wd="dins"/>
              </prep>
              <sn entityref="ne" ne="location">
                <spec gen="f" num="s">
                  <d gen="f" lem="el" num="s" pos="da0fs0" postype="article" wd="la"/>
                </spec>
                <grup.nom gen="f" num="s">
                  <n gen="f" lem="residència" num="s" pos="ncfs000" postype="common" sense="16:06309630" wd="residència"/>
                  <sp>
                    <prep>
                      <s lem="per" pos="sps00" postype="preposition" wd="per"/>
                    </prep>
                    <sp>
                      <prep>
                        <s lem="a" pos="sps00" postype="preposition" wd="a"/>
                      </prep>
                      <sn>
                        <grup.nom gen="m" num="p">
                          <n gen="m" lem="capellà" num="p" pos="ncmp000" postype="common" sense="16:07497477" wd="capellans"/>
                        </grup.nom>
                      </sn>
                    </sp>
                  </sp>
                  <sn entityref="ne" ne="person">
                    <grup.nom>
                      <n lem="Bisbe_Sivilla" ne="person" pos="np0000p" postype="proper" sense="16:cs1" wd="Bisbe_Sivilla"/>
                    </grup.nom>
                  </sn>
                </grup.nom>
              </sn>
            </sp>
            <sn arg="arg1" func="cd" tem="pat">
              <f lem="," pos="fc" punct="comma" wd=","/>
              <spec gen="f" num="s">
                <d gen="f" lem="un" num="s" pos="di0fs0" postype="indefinite" wd="una"/>
              </spec>
              <grup.nom gen="f" num="s">
                <n gen="f" lem="zona" num="s" pos="ncfs000" postype="common" sense="16:02207321" wd="zona"/>
                <s.a gen="f" num="s">
                  <grup.a gen="f" num="s">
                    <a gen="f" lem="específic" num="s" pos="aq0fs0" postype="qualificative" wd="específica"/>
                  </grup.a>
                </s.a>
                <sp>
                  <prep>
                    <s lem="per" pos="sps00" postype="preposition" wd="per"/>
                  </prep>
                  <sp>
                    <prep>
                      <s contracted="yes" gen="m" lem="al" num="p" pos="spcmp" postype="preposition" wd="als"/>
                    </prep>
                    <sn>
                      <grup.nom gen="m" num="p">
                        <n gen="m" lem="capellà" num="p" pos="ncmp000" postype="common" sense="16:07497477" wd="capellans"/>
                        <S clausetype="relative">
                          <relatiu arg="arg0" func="suj" tem="agt">
                            <p gen="c" lem="que" num="c" pos="pr0cn000" postype="relative" wd="que"/>
                          </relatiu>
                          <grup.verb>
                            <v lem="necessitar" lss="A21.transitive-agentive-patient" mood="subjunctive" num="p" person="3" pos="vmsp3p0" postype="main" tense="present" wd="necessitin"/>
                          </grup.verb>
                          <sn arg="arg1" func="cd" tem="pat">
                            <grup.nom gen="f" num="s">
                              <n gen="f" lem="atenció" num="s" pos="ncfs000" postype="common" sense="16:00428745" wd="atenció"/>
                              <s.a gen="f" num="s">
                                <grup.a gen="f" num="s">
                                  <a gen="c" lem="especial" num="s" pos="aq0cs0" postype="qualificative" wd="especial"/>
                                </grup.a>
                              </s.a>
                            </grup.nom>
                          </sn>
                        </S>
                      </grup.nom>
                    </sn>
                  </sp>
                </sp>
              </grup.nom>
            </sn>
          </S>
          <conj conjunctiontype="coordinating">
            <c lem="i" pos="cc" postype="coordinating" wd="i"/>
          </conj>
          <S clausetype="completive" impersonal="yes">
            <infinitiu>
              <v lem="habilitar" lss="A21.transitive-agentive-patient" mood="infinitive" pos="vmn0000" postype="main" wd="habilitar"/>
            </infinitiu>
            <sn arg="arg1" func="cd" tem="pat">
              <spec gen="m" num="s">
                <d gen="m" lem="el" num="s" pos="da0ms0" postype="article" wd="el"/>
              </spec>
              <grup.nom gen="m" num="s">
                <s.a gen="m" num="s">
                  <grup.a gen="m" num="s">
                    <a gen="m" lem="segon" num="s" pos="ao0ms0" postype="ordinal" wd="segon"/>
                  </grup.a>
                </s.a>
                <n gen="m" lem="pis" num="s" pos="ncms000" postype="common" sense="16:02700186" wd="pis"/>
                <sp>
                  <prep>
                    <s lem="de" pos="sps00" postype="preposition" wd="de"/>
                  </prep>
                  <sn entityref="ne" ne="location">
                    <spec gen="f" num="s">
                      <d gen="f" lem="el" num="s" pos="da0fs0" postype="article" wd="la"/>
                    </spec>
                    <grup.nom gen="f" num="s">
                      <n gen="f" lem="residència" num="s" pos="ncfs000" postype="common" sense="16:06309630" wd="residència"/>
                      <sp>
                        <prep>
                          <s lem="de" pos="sps00" postype="preposition" wd="de"/>
                        </prep>
                        <sn entityref="ne" ne="location">
                          <grup.nom>
                            <n lem="Casa_Missió" ne="location" pos="np0000l" postype="proper" sense="16:cs1" wd="Casa_Missió"/>
                          </grup.nom>
                        </sn>
                      </sp>
                      <sp>
                        <prep>
                          <s lem="de" pos="sps00" postype="preposition" wd="de"/>
                        </prep>
                        <sn entityref="ne" ne="location">
                          <grup.nom>
                            <n lem="Banyoles" ne="location" pos="np0000l" postype="proper" sense="16:cs1" wd="Banyoles"/>
                          </grup.nom>
                        </sn>
                      </sp>
                    </grup.nom>
                  </sn>
                </sp>
              </grup.nom>
            </sn>
            <sp arg="argM" func="cc" tem="fin">
              <prep>
                <s lem="per" pos="sps00" postype="preposition" wd="per"/>
              </prep>
              <sp>
                <prep>
                  <s lem="a" pos="sps00" postype="preposition" wd="a"/>
                </prep>
                <sn>
                  <grup.nom gen="f" num="s">
                    <n gen="f" lem="residència" num="s" pos="ncfs000" postype="common" sense="16:00682217" wd="residència"/>
                    <sp>
                      <prep>
                        <s lem="de" pos="sps00" postype="preposition" wd="de"/>
                      </prep>
                      <sn>
                        <grup.nom gen="m" num="p">
                          <n gen="m" lem="capellà" num="p" pos="ncmp000" postype="common" sense="16:07497477" wd="capellans"/>
                          <S clausetype="participle" impersonal="yes">
                            <participi>
                              <a gen="m" lem="jubilat" num="p" pos="aq0mpp" posfunction="participle" postype="qualificative" wd="jubilats"/>
                            </participi>
                          </S>
                        </grup.nom>
                      </sn>
                    </sp>
                  </grup.nom>
                </sn>
              </sp>
            </sp>
          </S>
        </S>
      </grup.nom>
    </sn>
    <f lem="." pos="fp" punct="period" wd="."/>
  </sentence>
  <sentence>
    <sn arg="arg0" entityref="ne" func="suj" ne="person" tem="agt">
      <grup.nom gen="m" num="s">
        <n lem="Camprodon" ne="person" pos="np0000p" postype="proper" sense="16:cs1" wd="Camprodon"/>
      </grup.nom>
    </sn>
    <grup.verb>
      <v lem="anar" mood="indicative" num="s" person="3" pos="vaip3s0" postype="auxiliary" tense="present" wd="va"/>
      <v lem="afirmar" lss="A21.transitive-agentive-patient" mood="infinitive" pos="vmn0000" postype="main" wd="afirmar"/>
    </grup.verb>
    <S arg="arg1" clausetype="completive" func="cd" tem="pat">
      <conj conjunctiontype="subordinating">
        <c lem="que" pos="cs" postype="subordinating" wd="que"/>
      </conj>
      <sp arg="argM" func="cc" tem="tmp">
        <prep>
          <s lem="de" pos="sps00" postype="preposition" wd="d'"/>
        </prep>
        <sn>
          <grup.nom>
            <r lem="aquí" pos="rg" wd="aquí"/>
            <d gen="m" lem="un" num="p" pos="di0mp0" postype="indefinite" wd="uns"/>
            <n gen="m" lem="any" num="p" pos="ncmp000" postype="common" sense="16:10917509" wd="anys"/>
          </grup.nom>
        </sn>
      </sp>
      <morfema.pronominal>
        <p gen="c" lem="hi" num="c" person="3" pos="pp3cn000" postype="personal" wd="hi"/>
      </morfema.pronominal>
      <grup.verb>
        <v lem="haver" lss="C11.state-existential" mood="indicative" num="s" person="3" pos="vmif3s0" postype="main" tense="future" wd="haurà"/>
      </grup.verb>
      <sn arg="arg1" func="cd" functype="quantitative" tem="tem">
        <spec gen="m" num="p">
          <d gen="m" lem="molt" num="p" pos="di0mp0" postype="indefinite" wd="molts"/>
        </spec>
        <grup.nom gen="m" num="p">
          <n gen="m" lem="capellà" num="p" pos="ncmp000" postype="common" sense="16:07497477" wd="capellans"/>
          <S clausetype="participle" impersonal="yes">
            <participi>
              <a gen="m" lem="jubilat" num="p" pos="aq0mpp" posfunction="participle" postype="qualificative" wd="jubilats"/>
            </participi>
          </S>
        </grup.nom>
      </sn>
    </S>
    <f lem="." pos="fp" punct="period" wd="."/>
  </sentence>
  <sentence>
    <sp func="ao">
      <prep>
        <s lem="segons" pos="sps00" postype="preposition" wd="Segons"/>
      </prep>
      <sn>
        <spec gen="m" num="s">
          <d gen="m" lem="el" num="s" pos="da0ms0" postype="article" wd="el"/>
        </spec>
        <grup.nom gen="m" num="s">
          <n gen="m" lem="bisbe" num="s" pos="ncms000" postype="common" sense="16:07114010" wd="bisbe"/>
        </grup.nom>
      </sn>
    </sp>
    <sn arg="arg0" entityref="ne" func="suj" ne="person" tem="agt">
      <spec gen="m" num="s">
        <d gen="m" lem="el" num="s" pos="da0ms0" postype="article" wd="el"/>
        <d gen="m" lem="mateix" num="s" pos="di0ms0" postype="indefinite" wd="mateix"/>
      </spec>
      <grup.nom gen="m" num="s">
        <n lem="Sant_Pare" ne="person" pos="np0000p" postype="proper" sense="16:cs1" wd="Sant_Pare"/>
      </grup.nom>
    </sn>
    <grup.verb>
      <v lem="anar" mood="indicative" num="s" person="3" pos="vaip3s0" postype="auxiliary" tense="present" wd="va"/>
      <v lem="reconèixer" lss="A21.transitive-agentive-patient" mood="infinitive" pos="vmn0000" postype="main" wd="reconèixer"/>
    </grup.verb>
    <S arg="arg1" clausetype="completive" func="cd" tem="pat">
      <conj conjunctiontype="subordinating">
        <c lem="que" pos="cs" postype="subordinating" wd="que"/>
      </conj>
      <sn arg="arg0" func="suj" tem="agt">
        <grup.nom gen="m" num="s">
          <p gen="c" lem="això" num="s" pos="pd0ns000" postype="demonstrative" wd="això"/>
        </grup.nom>
      </sn>
      <grup.verb>
        <v lem="respondre" lss="A22.transitive-agentive-theme" mood="indicative" num="s" person="3" pos="vmip3s0" postype="main" tense="present" wd="respon"/>
      </grup.verb>
      <sp arg="arg1" func="creg" tem="tem">
        <prep>
          <s lem="a" pos="sps00" postype="preposition" wd="a"/>
        </prep>
        <sn>
          <spec gen="f" num="s">
            <d gen="f" lem="el" num="s" pos="da0fs0" postype="article" wd="la"/>
          </spec>
          <grup.nom gen="f" num="s">
            <n gen="f" lem="crisi" num="s" pos="ncfs000" postype="common" sense="16:10040291" wd="crisi"/>
            <sp>
              <prep>
                <s lem="de" pos="sps00" postype="preposition" wd="de"/>
              </prep>
              <sn entityref="ne" ne="organization">
                <spec gen="f" num="s">
                  <d gen="c" lem="el" num="s" pos="da0cs0" postype="article" wd="l'"/>
                </spec>
                <grup.nom gen="f" num="s">
                  <n lem="Església_Catòlica" ne="organization" pos="np0000o" postype="proper" sense="16:cs1" wd="Església_Catòlica"/>
                </grup.nom>
              </sn>
            </sp>
            <S clausetype="relative" coord="yes">
              <S clausetype="relative">
                <relatiu arg="arg2" func="cd" functype="quantitative" tem="atr">
                  <p gen="c" lem="que" num="c" pos="pr0cn000" postype="relative" wd="que"/>
                </relatiu>
                <grup.verb>
                  <v lem="patir" lss="C21.state-attributive" mood="indicative" num="s" person="3" pos="vmip3s0" postype="main" tense="present" wd="pateix"/>
                </grup.verb>
                <sn arg="arg1" entityref="ne" func="suj" ne="location" tem="tem">
                  <spec gen="m" num="s">
                    <d gen="m" lem="tot" num="s" pos="di0ms0" postype="indefinite" wd="tot"/>
                  </spec>
                  <grup.nom gen="m" num="s">
                    <n lem="Occident" ne="location" pos="np0000l" postype="proper" sense="16:cs1" wd="Occident"/>
                  </grup.nom>
                </sn>
              </S>
              <conj conjunctiontype="coordinating">
                <c lem="i" pos="cc" postype="coordinating" wd="i"/>
              </conj>
              <S clausetype="relative">
                <relatiu arg="arg0" func="suj" tem="agt">
                  <p gen="c" lem="que" num="c" pos="pr0cn000" postype="relative" wd="que"/>
                </relatiu>
                <grup.verb>
                  <v lem="respondre" lss="A22.transitive-agentive-theme" mood="indicative" num="s" person="3" pos="vmip3s0" postype="main" tense="present" wd="respon"/>
                </grup.verb>
                <sp arg="arg1" func="creg" tem="tem">
                  <prep>
                    <s lem="a" pos="sps00" postype="preposition" wd="a"/>
                  </prep>
                  <sn>
                    <spec gen="f" num="s">
                      <d gen="f" lem="un" num="s" pos="di0fs0" postype="indefinite" wd="una"/>
                    </spec>
                    <grup.nom gen="f" num="s">
                      <f lem="'" pos="fz" punct="mathsign" wd="'"/>
                      <s.a gen="f" num="s">
                        <grup.a gen="f" num="s">
                          <a gen="f" lem="fort" num="s" pos="aq0fs0" postype="qualificative" wd="forta"/>
                        </grup.a>
                      </s.a>
                      <n gen="f" lem="davallada" num="s" pos="ncfs000" postype="common" sense="16:00175800" wd="davallada"/>
                      <sp>
                        <prep>
                          <s lem="de" pos="sps00" postype="preposition" wd="de"/>
                        </prep>
                        <sn>
                          <spec gen="f" num="s">
                            <d gen="f" lem="el" num="s" pos="da0fs0" postype="article" wd="la"/>
                          </spec>
                          <grup.nom gen="f" num="s">
                            <n gen="f" lem="fe" num="s" pos="ncfs000" postype="common" sense="16:04565571" wd="fe"/>
                            <s.a gen="f" num="s">
                              <grup.a gen="f" num="s">
                                <a gen="f" lem="religiós" num="s" pos="aq0fs0" postype="qualificative" wd="religiosa"/>
                              </grup.a>
                            </s.a>
                          </grup.nom>
                        </sn>
                      </sp>
                      <f lem="'" pos="fz" punct="mathsign" wd="'"/>
                    </grup.nom>
                  </sn>
                </sp>
              </S>
            </S>
          </grup.nom>
        </sn>
      </sp>
    </S>
    <f lem="." pos="fp" punct="period" wd="."/>
  </sentence>
  <sentence>
    <S clausetype="adverbial" func="ao">
      <conj conjunctiontype="subordinating">
        <c lem="segons" pos="cs" postype="subordinating" wd="Segons"/>
      </conj>
      <grup.verb>
        <v lem="anar" mood="indicative" num="s" person="3" pos="vaip3s0" postype="auxiliary" tense="present" wd="va"/>
        <v lem="manifestar" lss="A32.ditransitive-patient-benefactive" mood="infinitive" pos="vmn0000" postype="main" wd="manifestar"/>
      </grup.verb>
      <sn arg="arg0" func="suj" tem="agt">
        <spec gen="m" num="s">
          <d gen="m" lem="el" num="s" pos="da0ms0" postype="article" wd="el"/>
        </spec>
        <grup.nom gen="m" num="s">
          <n gen="m" lem="bisbe" num="s" pos="ncms000" postype="common" sense="16:07114010" wd="bisbe"/>
        </grup.nom>
      </sn>
      <f lem="," pos="fc" punct="comma" wd=","/>
    </S>
    <sn arg="arg0" entityref="ne" func="suj" ne="organization" tem="agt">
      <spec gen="m" num="s">
        <d gen="m" lem="el" num="s" pos="da0ms0" postype="article" wd="el"/>
      </spec>
      <grup.nom gen="m" num="s">
        <n lem="Vaticà" ne="organization" pos="np0000o" postype="proper" sense="16:cs1" wd="Vaticà"/>
      </grup.nom>
    </sn>
    <grup.verb>
      <v lem="creure" lss="A21.transitive-agentive-patient" mood="indicative" num="s" person="3" pos="vmip3s0" postype="main" tense="present" wd="creu"/>
    </grup.verb>
    <S arg="arg1" clausetype="completive" func="cd" tem="pat">
      <conj conjunctiontype="subordinating">
        <c lem="que" pos="cs" postype="subordinating" wd="que"/>
      </conj>
      <sn arg="arg1" func="suj" tem="pat">
        <spec gen="f" num="s">
          <d gen="f" lem="aquest" num="s" pos="dd0fs0" postype="demonstrative" wd="aquesta"/>
        </spec>
        <grup.nom gen="f" num="s">
          <n gen="f" lem="crisi" num="s" pos="ncfs000" postype="common" sense="16:10040291" wd="crisi"/>
        </grup.nom>
      </sn>
      <morfema.verbal func="pass">
        <p gen="c" lem="es" num="c" pos="p0000000" wd="es"/>
      </morfema.verbal>
      <grup.verb>
        <v lem="poder" mood="indicative" num="s" person="3" pos="vmip3s0" postype="main" tense="present" wd="pot"/>
        <infinitiu>
          <v lem="solucionar" lss="B22.unaccusative-passive-transitive" mood="infinitive" pos="vmn0000" postype="main" wd="solucionar"/>
        </infinitiu>
      </grup.verb>
      <S arg="argM" clausetype="adverbial" func="cc" impersonal="yes" tem="mnr">
        <gerundi>
          <v lem="treballar" lss="D11.inergative-agentive" mood="gerund" pos="vmg0000" postype="main" wd="treballant"/>
        </gerundi>
        <sadv arg="argM" func="cc" tem="adv">
          <grup.adv>
            <r lem="més" pos="rg" wd="més"/>
          </grup.adv>
        </sadv>
        <sp arg="argM" func="cc" tem="adv">
          <prep>
            <s lem="en" pos="sps00" postype="preposition" wd="en"/>
          </prep>
          <sn>
            <spec gen="f" num="s">
              <d gen="f" lem="el" num="s" pos="da0fs0" postype="article" wd="la"/>
            </spec>
            <grup.nom gen="f" num="s">
              <n gen="f" lem="pastoral" num="s" pos="ncfs000" postype="common" sense="16:cs1" wd="pastoral"/>
              <s.a gen="f" num="s">
                <grup.a gen="f" num="s">
                  <a gen="c" lem="vocacional" num="s" pos="aq0cs0" postype="qualificative" wd="vocacional"/>
                </grup.a>
              </s.a>
            </grup.nom>
          </sn>
        </sp>
        <sp arg="argM" func="cc" tem="adv">
          <prep>
            <s lem="amb" pos="sps00" postype="preposition" wd="amb"/>
          </prep>
          <sn>
            <spec gen="m" num="p">
              <d gen="m" lem="el" num="p" pos="da0mp0" postype="article" wd="els"/>
            </spec>
            <grup.nom gen="m" num="p">
              <n gen="c" lem="jove" num="p" pos="nccp000" postype="common" sense="16:07692038" wd="joves"/>
            </grup.nom>
          </sn>
        </sp>
      </S>
    </S>
    <f lem="." pos="fp" punct="period" wd="."/>
  </sentence>
  <sentence>
    <sn arg="arg0" entityref="ne" func="suj" ne="person" tem="agt">
      <grup.nom gen="m" num="s">
        <n lem="Camprodon" ne="person" pos="np0000p" postype="proper" sense="16:cs1" wd="Camprodon"/>
      </grup.nom>
    </sn>
    <grup.verb>
      <v lem="anar" mood="indicative" num="s" person="3" pos="vaip3s0" postype="auxiliary" tense="present" wd="va"/>
      <v lem="afegir" lss="A21.transitive-agentive-patient" mood="infinitive" pos="vmn0000" postype="main" wd="afegir"/>
    </grup.verb>
    <S arg="arg1" clausetype="completive" coord="yes" func="cd" tem="pat">
      <conj conjunctiontype="subordinating">
        <c lem="que" pos="cs" postype="subordinating" wd="que"/>
      </conj>
      <S clausetype="completive">
        <f lem="'" pos="fz" punct="mathsign" wd="'"/>
        <sn arg="arg0" entityref="ne" func="suj" ne="organization" tem="agt">
          <spec gen="f" num="s">
            <d gen="c" lem="el" num="s" pos="da0cs0" postype="article" wd="l'"/>
          </spec>
          <grup.nom gen="f" num="s">
            <n lem="Església" ne="organization" pos="np0000o" postype="proper" sense="16:cs1" wd="Església"/>
          </grup.nom>
        </sn>
        <grup.verb>
          <v lem="haver" mood="indicative" num="s" person="3" pos="vaic3s0" postype="auxiliary" tense="conditional" wd="hauria"/>
          <s lem="de" pos="sps00" postype="preposition" wd="de"/>
          <infinitiu>
            <v lem="resituar" lss="A31.ditransitive-patient-locative" mood="infinitive" pos="vmn0000" postype="main" wd="resituar"/>
          </infinitiu>
        </grup.verb>
        <sn arg="arg1" func="cd" tem="pat">
          <grup.nom>
            <p gen="c" lem="ell" num="c" person="3" pos="pp3cn000" postype="personal" wd="-se"/>
          </grup.nom>
        </sn>
      </S>
      <conj conjunctiontype="coordinating">
        <c lem="i" pos="cc" postype="coordinating" wd="i"/>
      </conj>
      <S clausetype="completive" verbless="yes">
        <infinitiu>
          <v lem="trobar" lss="A21.transitive-agentive-patient" mood="infinitive" pos="vmn0000" postype="main" wd="trobar"/>
        </infinitiu>
        <sn>
          <spec gen="m" num="s">
            <d gen="m" lem="el_seu" num="s" person="3" pos="dp3ms0" postype="possessive" wd="el_seu"/>
          </spec>
          <grup.nom gen="m" num="s">
            <n gen="m" lem="lloc" num="s" pos="ncms000" postype="common" sense="16:00014887" wd="lloc"/>
          </grup.nom>
        </sn>
      </S>
      <f lem="'" pos="fz" punct="mathsign" wd="'"/>
    </S>
    <f lem="." pos="fp" punct="period" wd="."/>
  </sentence>
</article>
