<?xml version="1.0" encoding="UTF-8"?>
<!-- 

  ancora-2.0
       
			Copyright (C) 2007, 2008, 2009, 2010, 2011 UB - CLiC
			Centre de Llenguatge i Computació - Universitat de Barcelona
 
  This file is part of ancora-2.0.
 
  ancora-2.0 is free software and data: you can redistribute it and/or modify
  it under the terms of the GNU General Public License as published
  by the Free Software Foundation, either version 3 of the License,
  or (at your option) any later version.

  ancora-2.0 is distributed in the hope that it will be useful,
  but WITHOUT ANY WARRANTY; without even the implied warranty of
  MERCHANTABILITY or FITNESS FOR A PARTICULAR PURPOSE.  See the
  GNU General Public License for more details.
 
  You should have received a copy of the GNU General Public License
  along with ancora-2.0.  If not, see &lt;http://www.gnu.org/licenses/&gt;.
 
  Check a text in catalan explaining the terms of the license at http://www.softcatala.cat/wiki/GPL3.
  In spanish at http://www.viti.es/gnu/licenses/gpl.html
 

  The following paper must be cited when using this corpus:

 * Taulé, M., M.A. Martí, M. Recasens (2008) 'Ancora: Multilevel Annotated Corpora for Catalan and Spanish',
   Proceedings of 6th International Conference on Language Resources and Evaluation. Marrakesh (Morocco).

  In addition, the following paper must be cited if coreference information (attributes entity, coreftype,
  corefsubtype, homophoricDD or entityref) is used:

 * Recasens, Marta, M. Antònia Martí (2010) ‘AnCora-CO: Coreferentially annotated corpora for Spanish and
   Catalan’. Language Resources and Evaluation, Springer Science.

  Additionally, the following paper must be cited when argumental attributes in "sn" or "grup.nom"
  (attributes func, arg, tem or lexicalid) are used:

 * Peris, Aina, Mariona Taulé, Horacio Rodríguez (2010) ‘Semantic Annotation of Deverbal Nominalizations in the
   Spanish AnCora corpus’. Treebanks and Linguistic Theories (TLT-2010), Estonia.
-->
<article lng="ca">
  <sentence>
    <sn arg="arg0" coord="yes" func="suj" tem="agt">
      <sn entityref="ne" ne="organization">
        <spec gen="f" num="s">
          <d gen="c" lem="el" num="s" pos="da0cs0" postype="article" wd="L'"/>
        </spec>
        <grup.nom gen="f" num="s">
          <n lem="Aula_d'_Humanitats" ne="organization" pos="np0000o" postype="proper" sense="16:cs1" wd="Aula_d'_Humanitats"/>
          <sp>
            <prep>
              <s contracted="yes" gen="m" lem="del" num="s" pos="spcms" postype="preposition" wd="del"/>
            </prep>
            <sn entityref="ne" ne="organization">
              <grup.nom gen="m" num="s">
                <n lem="Centre_Cultural_La_Mercè" ne="organization" pos="np0000o" postype="proper" sense="16:cs1" wd="Centre_Cultural_La_Mercè"/>
              </grup.nom>
            </sn>
          </sp>
        </grup.nom>
      </sn>
      <conj conjunctiontype="coordinating">
        <c lem="i" pos="cc" postype="coordinating" wd="i"/>
      </conj>
      <sn entityref="ne" ne="organization">
        <spec gen="m" num="s">
          <d gen="m" lem="el" num="s" pos="da0ms0" postype="article" wd="el"/>
        </spec>
        <grup.nom gen="m" num="s">
          <n lem="Col·legi_de_Psicòlegs_de_Girona" ne="organization" pos="np0000o" postype="proper" sense="16:cs1" wd="Col·legi_de_Psicòlegs_de_Girona"/>
        </grup.nom>
      </sn>
    </sn>
    <grup.verb>
      <v lem="haver" mood="indicative" num="p" person="3" pos="vaip3p0" postype="auxiliary" tense="present" wd="han"/>
      <v gen="m" lem="organitzar" lss="A21.transitive-agentive-patient" mood="participle" num="s" pos="vmp00sm" postype="main" wd="organitzat"/>
    </grup.verb>
    <sn arg="arg1" func="cd" tem="pat">
      <spec gen="m" num="s">
        <d gen="m" lem="un" num="s" pos="di0ms0" postype="indefinite" wd="un"/>
      </spec>
      <grup.nom gen="m" num="s">
        <n gen="m" lem="seminari" num="s" pos="ncms000" postype="common" sense="16:00573721" wd="seminari"/>
        <sp>
          <prep>
            <s lem="sobre" pos="sps00" postype="preposition" wd="sobre"/>
          </prep>
          <sn>
            <spec gen="f" num="s">
              <d gen="c" lem="el" num="s" pos="da0cs0" postype="article" wd="l'"/>
            </spec>
            <grup.nom gen="f" num="s">
              <n gen="f" lem="educació" num="s" pos="ncfs000" postype="common" sense="16:00796572" wd="educació"/>
              <sp>
                <prep>
                  <s lem="de" pos="sps00" postype="preposition" wd="de"/>
                </prep>
                <sn>
                  <spec gen="f" num="s">
                    <d gen="f" lem="el" num="s" pos="da0fs0" postype="article" wd="la"/>
                  </spec>
                  <grup.nom gen="f" num="s">
                    <n gen="f" lem="persona" num="s" pos="ncfs000" postype="common" sense="16:00004123" wd="persona"/>
                  </grup.nom>
                </sn>
              </sp>
              <sp>
                <prep>
                  <s lem="en" pos="sps00" postype="preposition" wd="en"/>
                </prep>
                <sn>
                  <spec gen="m" num="s">
                    <d gen="c" lem="el" num="s" pos="da0cs0" postype="article" wd="l'"/>
                  </spec>
                  <grup.nom gen="m" num="s">
                    <n gen="m" lem="entorn" num="s" pos="ncms000" postype="common" sense="16:10040804" wd="entorn"/>
                    <s.a gen="m" num="s">
                      <grup.a gen="m" num="s">
                        <a gen="m" lem="quotidià" num="s" pos="aq0ms0" postype="qualificative" wd="quotidià"/>
                      </grup.a>
                    </s.a>
                    <sp>
                      <prep>
                        <s contracted="yes" gen="m" lem="del" num="s" pos="spcms" postype="preposition" wd="del"/>
                      </prep>
                      <sn entityref="ne" ne="date">
                        <grup.nom gen="m" num="s">
                          <w lem="[s:xxi]" ne="date" wd="segle_XXI"/>
                        </grup.nom>
                      </sn>
                    </sp>
                  </grup.nom>
                </sn>
              </sp>
            </grup.nom>
          </sn>
        </sp>
      </grup.nom>
    </sn>
    <f lem="." pos="fp" punct="period" wd="."/>
  </sentence>
  <sentence>
    <sn arg="arg1" func="suj" tem="pat">
      <spec gen="m" num="s">
        <d gen="m" lem="el" num="s" pos="da0ms0" postype="article" wd="El"/>
      </spec>
      <grup.nom gen="m" num="s">
        <n gen="m" lem="seminari" num="s" pos="ncms000" postype="common" sense="16:00573721" wd="seminari"/>
        <S clausetype="relative">
          <f lem="," pos="fc" punct="comma" wd=","/>
          <relatiu arg="arg1" func="suj" tem="tem">
            <p gen="c" lem="que" num="c" pos="pr0cn000" postype="relative" wd="que"/>
          </relatiu>
          <grup.verb>
            <v lem="portar" lss="C21.state-attributive" mood="indicative" num="s" person="3" pos="vmip3s0" postype="main" tense="present" wd="porta"/>
          </grup.verb>
          <sp arg="arg3" func="cpred" predicate="cd" tem="atr">
            <prep>
              <s lem="per" pos="sps00" postype="preposition" wd="per"/>
            </prep>
            <sn>
              <grup.nom gen="m" num="s">
                <n gen="m" lem="títol" num="s" pos="ncms000" postype="common" sense="16:04782793" wd="títol"/>
              </grup.nom>
            </sn>
          </sp>
          <sn arg="arg2" entityref="ne" func="cd" functype="quantitative" ne="other" tem="atr">
            <grup.nom>
              <f lem="'" pos="fz" punct="mathsign" wd="'"/>
              <n lem="Ètica_domèstica" ne="other" pos="np0000a" postype="proper" sense="16:cs1" wd="Ètica_domèstica"/>
              <f lem="'" pos="fz" punct="mathsign" wd="'"/>
            </grup.nom>
          </sn>
        </S>
      </grup.nom>
    </sn>
    <morfema.verbal func="pass">
      <p gen="c" lem="es" num="c" pos="p0000000" wd="es"/>
    </morfema.verbal>
    <grup.verb>
      <v lem="portar_a_terme" lss="B22.unaccusative-passive-transitive" mood="indicative" num="s" person="3" pos="vmif3s0" postype="main" tense="future" wd="portarà_a_terme"/>
    </grup.verb>
    <sn arg="argM" entityref="ne" func="cc" ne="date" tem="tmp">
      <spec gen="m" num="s">
        <d gen="m" lem="el" num="s" pos="da0ms0" postype="article" wd="el"/>
      </spec>
      <grup.nom gen="m" num="s">
        <s.a gen="m" num="s">
          <grup.a gen="m" num="s">
            <a gen="m" lem="proper" num="s" pos="aq0ms0" postype="qualificative" wd="proper"/>
          </grup.a>
        </s.a>
        <w lem="[dimecres:??/??/??:??.??]" ne="date" wd="dimecres"/>
      </grup.nom>
    </sn>
    <sp arg="argM" func="cc" tem="loc">
      <prep>
        <s lem="a" pos="sps00" postype="preposition" wd="a"/>
      </prep>
      <sn entityref="ne" ne="other">
        <spec gen="f" num="s">
          <d gen="f" lem="el" num="s" pos="da0fs0" postype="article" wd="la"/>
        </spec>
        <grup.nom gen="f" num="s">
          <n lem="Mercè" ne="person" pos="np0000p" postype="proper" sense="16:cs1" wd="Mercè"/>
        </grup.nom>
      </sn>
    </sp>
    <f lem="." pos="fp" punct="period" wd="."/>
  </sentence>
  <sentence>
    <sn arg="arg0" complex="yes" func="suj" tem="agt">
      <grup.nom coord="yes">
        <grup.nom gen="m" num="p">
          <n gen="m" lem="psiquiatre" num="p" pos="ncmp000" postype="common" sense="16:07509639" wd="Psiquiatres"/>
        </grup.nom>
        <f lem="," pos="fc" punct="comma" wd=","/>
        <grup.nom gen="m" num="p">
          <n gen="m" lem="psicòleg" num="p" pos="ncmp000" postype="common" sense="16:07510129" wd="psicòlegs"/>
        </grup.nom>
        <conj conjunctiontype="coordinating">
          <c lem="i" pos="cc" postype="coordinating" wd="i"/>
        </conj>
        <grup.nom gen="m" num="p">
          <n gen="m" lem="educador" num="p" pos="ncmp000" postype="common" sense="16:07235322" wd="educadors"/>
          <s.a gen="m" num="p">
            <grup.a gen="m" num="p">
              <a gen="c" lem="social" num="p" pos="aq0cp0" postype="qualificative" wd="socials"/>
            </grup.a>
          </s.a>
        </grup.nom>
      </grup.nom>
    </sn>
    <grup.verb>
      <v lem="analitzar" lss="A21.transitive-agentive-patient" mood="indicative" num="p" person="3" pos="vmif3p0" postype="main" tense="future" wd="analitzaran"/>
    </grup.verb>
    <sn arg="arg1" func="cd" tem="pat">
      <spec gen="m" num="p">
        <d gen="m" lem="el" num="p" pos="da0mp0" postype="article" wd="els"/>
      </spec>
      <grup.nom gen="m" num="p">
        <n gen="m" lem="aspecte" num="p" pos="ncmp000" postype="common" sense="16:03720318" wd="aspectes"/>
        <sp>
          <prep>
            <s lem="sobre" pos="sps00" postype="preposition" wd="sobre"/>
          </prep>
          <sn>
            <spec gen="m" num="s">
              <d gen="c" lem="el" num="s" pos="da0cs0" postype="article" wd="l'"/>
            </spec>
            <grup.nom gen="m" num="s">
              <n gen="m" lem="entorn" num="s" pos="ncms000" postype="common" sense="16:10040804" wd="entorn"/>
              <s.a coord="yes" gen="m" num="s">
                <s.a gen="m" num="s">
                  <grup.a gen="m" num="s">
                    <a gen="m" lem="emotiu" num="s" pos="aq0ms0" postype="qualificative" wd="emotiu"/>
                  </grup.a>
                </s.a>
                <conj conjunctiontype="coordinating">
                  <c lem="i" pos="cc" postype="coordinating" wd="i"/>
                </conj>
                <sp>
                  <prep>
                    <s lem="de" pos="sps00" postype="preposition" wd="d'"/>
                  </prep>
                  <sn>
                    <grup.nom gen="f" num="s">
                      <n gen="f" lem="educació" num="s" pos="ncfs000" postype="common" sense="16:00731545" wd="educació"/>
                      <sp>
                        <prep>
                          <s lem="en" pos="sps00" postype="preposition" wd="en"/>
                        </prep>
                        <sn>
                          <grup.nom gen="m" num="p">
                            <n gen="m" lem="valor" num="p" pos="ncmp000" postype="common" sense="16:cs1" wd="valors"/>
                          </grup.nom>
                        </sn>
                      </sp>
                    </grup.nom>
                  </sn>
                </sp>
              </s.a>
              <S clausetype="relative">
                <relatiu arg="arg2" func="cd" functype="quantitative" tem="atr">
                  <p gen="c" lem="que" num="c" pos="pr0cn000" postype="relative" wd="que"/>
                </relatiu>
                <grup.verb>
                  <v lem="viure" lss="C21.state-attributive" mood="indicative" num="s" person="3" pos="vmip3s0" postype="main" tense="present" wd="viu"/>
                </grup.verb>
                <sn arg="arg1" func="suj" tem="tem">
                  <spec gen="m" num="s">
                    <d gen="m" lem="el" num="s" pos="da0ms0" postype="article" wd="el"/>
                  </spec>
                  <grup.nom gen="m" num="s">
                    <n gen="m" lem="nen" num="s" pos="ncms000" postype="common" sense="16:07153837" wd="nen"/>
                  </grup.nom>
                </sn>
                <sp arg="argM" func="cc" tem="loc">
                  <prep>
                    <s lem="en" pos="sps00" postype="preposition" wd="en"/>
                  </prep>
                  <sn>
                    <spec gen="f" num="s">
                      <d gen="f" lem="el" num="s" pos="da0fs0" postype="article" wd="la"/>
                    </spec>
                    <grup.nom gen="f" num="s">
                      <n gen="f" lem="societat" num="s" pos="ncfs000" postype="common" sense="16:05973283" wd="societat"/>
                      <s.a gen="f" num="s">
                        <grup.a gen="f" num="s">
                          <a gen="c" lem="actual" num="s" pos="aq0cs0" postype="qualificative" wd="actual"/>
                        </grup.a>
                      </s.a>
                    </grup.nom>
                  </sn>
                </sp>
              </S>
            </grup.nom>
          </sn>
        </sp>
      </grup.nom>
    </sn>
    <f lem="." pos="fp" punct="period" wd="."/>
  </sentence>
  <sentence coord="yes">
    <S>
      <sn arg="arg0" func="suj" tem="agt">
        <spec gen="m" num="s">
          <d gen="m" lem="el" num="s" pos="da0ms0" postype="article" wd="El"/>
        </spec>
        <grup.nom gen="m" num="s">
          <n gen="m" lem="seminari" num="s" pos="ncms000" postype="common" sense="16:00573721" wd="seminari"/>
        </grup.nom>
      </sn>
      <grup.verb>
        <v lem="vincular" lss="A35.ditransitive-theme-cotheme" mood="indicative" num="s" person="3" pos="vmip3s0" postype="main" tense="present" wd="vincula"/>
      </grup.verb>
      <sn arg="arg1" func="cd" tem="tem">
        <grup.nom gen="m" num="p">
          <n gen="m" lem="àmbit" num="p" pos="ncmp000" postype="common" sense="16:03994627" wd="àmbits"/>
          <sp>
            <prep>
              <c lem="com" pos="cs" postype="subordinating" wd="com"/>
            </prep>
            <sn coord="yes">
              <sn coord="yes">
                <sn>
                  <spec gen="f" num="s">
                    <d gen="c" lem="el" num="s" pos="da0cs0" postype="article" wd="l'"/>
                  </spec>
                  <grup.nom gen="f" num="s">
                    <n gen="f" lem="educació" num="s" pos="ncfs000" postype="common" sense="16:00731545" wd="educació"/>
                  </grup.nom>
                </sn>
                <f lem="," pos="fc" punct="comma" wd=","/>
                <sn>
                  <spec gen="f" num="s">
                    <d gen="f" lem="el" num="s" pos="da0fs0" postype="article" wd="la"/>
                  </spec>
                  <grup.nom gen="f" num="s">
                    <n gen="f" lem="psicologia" num="s" pos="ncfs000" postype="common" sense="16:04665657" wd="psicologia"/>
                  </grup.nom>
                </sn>
                <conj conjunctiontype="coordinating">
                  <c lem="i" pos="cc" postype="coordinating" wd="i"/>
                </conj>
                <sn>
                  <spec gen="m" num="p">
                    <d gen="m" lem="el" num="p" pos="da0mp0" postype="article" wd="els"/>
                  </spec>
                  <grup.nom gen="m" num="p">
                    <s.a gen="m" num="p">
                      <grup.a gen="m" num="p">
                        <a gen="m" lem="nou" num="p" pos="aq0mp0" postype="qualificative" wd="nous"/>
                      </grup.a>
                    </s.a>
                    <n gen="m" lem="hàbit" num="p" pos="ncmp000" postype="common" sense="16:00263204" wd="hàbits"/>
                    <s.a complex="yes" gen="m" num="p">
                      <grup.a coord="yes" gen="m" num="p">
                        <grup.a gen="m" num="p">
                          <a gen="c" lem="social" num="p" pos="aq0cp0" postype="qualificative" wd="socials"/>
                        </grup.a>
                        <conj conjunctiontype="coordinating">
                          <c lem="i" pos="cc" postype="coordinating" wd="i"/>
                        </conj>
                        <grup.a gen="m" num="p">
                          <a gen="c" lem="familiar" num="p" pos="aq0cp0" postype="qualificative" wd="familiars"/>
                        </grup.a>
                      </grup.a>
                    </s.a>
                  </grup.nom>
                </sn>
              </sn>
              <sp adjunct="yes">
                <prep>
                  <s lem="en_relació_amb" pos="sps00" postype="preposition" wd="en_relació_amb"/>
                </prep>
                <sn>
                  <spec gen="m" num="s">
                    <d gen="m" lem="el" num="s" pos="da0ms0" postype="article" wd="el"/>
                  </spec>
                  <grup.nom gen="m" num="s">
                    <n gen="m" lem="creixement" num="s" pos="ncms000" postype="common" sense="16:09725434" wd="creixement"/>
                    <sp>
                      <prep>
                        <s lem="de" pos="sps00" postype="preposition" wd="de"/>
                      </prep>
                      <sn>
                        <spec gen="f" num="s">
                          <d gen="f" lem="el" num="s" pos="da0fs0" postype="article" wd="la"/>
                        </spec>
                        <grup.nom gen="f" num="s">
                          <n gen="f" lem="persona" num="s" pos="ncfs000" postype="common" sense="16:00004123" wd="persona"/>
                        </grup.nom>
                      </sn>
                    </sp>
                  </grup.nom>
                </sn>
              </sp>
            </sn>
          </sp>
        </grup.nom>
      </sn>
    </S>
    <conj conjunctiontype="coordinating">
      <c lem="i" pos="cc" postype="coordinating" wd="i"/>
    </conj>
    <S>
      <sn arg="arg1" elliptic="yes" func="suj" tem="tem"/>
      <grup.verb>
        <v lem="anar" lss="C21.state-attributive" mood="indicative" num="s" person="3" pos="vmip3s0" postype="main" tense="present" wd="va"/>
      </grup.verb>
      <S arg="arg2" clausetype="participle" func="cpred" impersonal="yes" predicate="suj" tem="atr">
        <participi>
          <a gen="m" lem="adreçat" lss="B22.unaccusative-passive-transitive" num="s" pos="aq0msp" posfunction="participle" postype="qualificative" wd="adreçat"/>
        </participi>
        <sp arg="arg2" coord="yes" func="ci" tem="ben">
          <sp>
            <prep>
              <s lem="a" pos="sps00" postype="preposition" wd="a"/>
            </prep>
            <sn>
              <grup.nom gen="m" num="p">
                <n gen="c" lem="professional" num="p" pos="nccp000" postype="common" sense="16:07504007" wd="professionals"/>
                <sp>
                  <prep>
                    <s lem="de" pos="sps00" postype="preposition" wd="de"/>
                  </prep>
                  <sn>
                    <spec gen="m" num="p">
                      <d gen="c" lem="diferent" num="p" pos="di0cp0" postype="indefinite" wd="diferents"/>
                    </spec>
                    <grup.nom gen="m" num="p">
                      <n gen="m" lem="àmbit" num="p" pos="ncmp000" postype="common" sense="16:10410497" wd="àmbits"/>
                    </grup.nom>
                  </sn>
                </sp>
                <S clausetype="participle" impersonal="yes">
                  <participi>
                    <a gen="m" lem="relacionat" lss="B23.unaccusative-theme-cotheme" num="p" pos="aq0mpp" posfunction="participle" postype="qualificative" wd="relacionats"/>
                  </participi>
                  <sp arg="arg2" func="creg" tem="cot">
                    <prep>
                      <s lem="amb" pos="sps00" postype="preposition" wd="amb"/>
                    </prep>
                    <sn coord="yes">
                      <sn>
                        <spec gen="f" num="s">
                          <d gen="f" lem="el" num="s" pos="da0fs0" postype="article" wd="la"/>
                        </spec>
                        <grup.nom gen="f" num="s">
                          <n gen="f" lem="formació" num="s" pos="ncfs000" postype="common" sense="16:00574678" wd="formació"/>
                        </grup.nom>
                      </sn>
                      <conj conjunctiontype="coordinating">
                        <c lem="i" pos="cc" postype="coordinating" wd="i"/>
                      </conj>
                      <sn>
                        <spec gen="m" num="s">
                          <d gen="m" lem="el" num="s" pos="da0ms0" postype="article" wd="el"/>
                        </spec>
                        <grup.nom gen="m" num="s">
                          <n gen="m" lem="creixement" num="s" pos="ncms000" postype="common" sense="16:09725434" wd="creixement"/>
                          <s.a gen="m" num="s">
                            <grup.a gen="m" num="s">
                              <a gen="c" lem="interior" num="s" pos="aq0cs0" postype="qualificative" wd="interior"/>
                            </grup.a>
                          </s.a>
                          <sp>
                            <prep>
                              <s lem="de" pos="sps00" postype="preposition" wd="de"/>
                            </prep>
                            <sn>
                              <spec gen="f" num="s">
                                <d gen="f" lem="el" num="s" pos="da0fs0" postype="article" wd="la"/>
                              </spec>
                              <grup.nom gen="f" num="s">
                                <n gen="f" lem="persona" num="s" pos="ncfs000" postype="common" sense="16:00004123" wd="persona"/>
                              </grup.nom>
                            </sn>
                          </sp>
                        </grup.nom>
                      </sn>
                    </sn>
                  </sp>
                </S>
              </grup.nom>
            </sn>
          </sp>
          <conj conjunctiontype="coordinating">
            <c lem="i" pos="cc" postype="coordinating" wd="i"/>
          </conj>
          <sp>
            <prep>
              <s contracted="yes" gen="m" lem="al" num="s" pos="spcms" postype="preposition" wd="al"/>
            </prep>
            <sn>
              <grup.nom gen="m" num="s">
                <n gen="m" lem="públic" num="s" pos="ncms000" postype="common" sense="16:06103316" wd="públic"/>
                <sadv>
                  <grup.adv>
                    <r lem="en_general" pos="rg" wd="en_general"/>
                  </grup.adv>
                </sadv>
              </grup.nom>
            </sn>
          </sp>
        </sp>
      </S>
    </S>
    <f lem="." pos="fp" punct="period" wd="."/>
  </sentence>
  <sentence>
    <sn arg="arg1" func="suj" tem="pat">
      <spec gen="f" num="s">
        <d gen="f" lem="el" num="s" pos="da0fs0" postype="article" wd="La"/>
      </spec>
      <grup.nom gen="f" num="s">
        <n gen="f" lem="jornada" num="s" pos="ncfs000" postype="common" sense="16:10862458" wd="jornada"/>
      </grup.nom>
    </sn>
    <morfema.verbal func="pass">
      <p gen="c" lem="es" num="c" pos="p0000000" wd="es"/>
    </morfema.verbal>
    <grup.verb>
      <v lem="tancar" lss="B22.unaccusative-passive-transitive" mood="indicative" num="s" person="3" pos="vmif3s0" postype="main" tense="future" wd="tancarà"/>
    </grup.verb>
    <sp arg="argM" func="cc" tem="adv">
      <prep>
        <s lem="amb" pos="sps00" postype="preposition" wd="amb"/>
      </prep>
      <sn>
        <spec gen="f" num="s">
          <d gen="f" lem="un" num="s" pos="di0fs0" postype="indefinite" wd="una"/>
        </spec>
        <grup.nom gen="f" num="s">
          <n gen="f" lem="conferència" num="s" pos="ncfs000" postype="common" sense="16:05406019" wd="conferència"/>
          <S clausetype="participle" impersonal="yes">
            <participi>
              <a gen="f" lem="obert" num="s" pos="aq0fsp" posfunction="participle" postype="qualificative" wd="oberta"/>
            </participi>
          </S>
          <sp>
            <prep>
              <s lem="a" pos="sps00" postype="preposition" wd="a"/>
            </prep>
            <sn>
              <spec gen="f" num="s">
                <d gen="f" lem="el" num="s" pos="da0fs0" postype="article" wd="la"/>
              </spec>
              <grup.nom gen="f" num="s">
                <n gen="f" lem="ciutat" num="s" pos="ncfs000" postype="common" sense="16:06287351" wd="ciutat"/>
              </grup.nom>
            </sn>
          </sp>
          <sp>
            <f lem="," pos="fc" punct="comma" wd=","/>
            <prep>
              <s contracted="yes" gen="m" lem="a_càrrec_del" num="s" pos="spcms" postype="preposition" wd="a_càrrec_del"/>
            </prep>
            <sn entityref="ne" ne="person">
              <grup.nom gen="m" num="s">
                <n gen="m" lem="catedràtic" num="s" pos="ncms000" postype="common" sense="16:50000458" wd="catedràtic"/>
                <sp>
                  <prep>
                    <s lem="de" pos="sps00" postype="preposition" wd="de"/>
                  </prep>
                  <sn>
                    <grup.nom gen="f" num="s">
                      <n gen="f" lem="lingüística" num="s" pos="ncfs000" postype="common" sense="16:04686584" wd="lingüística"/>
                    </grup.nom>
                  </sn>
                </sp>
                <sn entityref="ne" ne="person">
                  <grup.nom gen="m" num="s">
                    <n lem="Sebastià_Serrano" ne="person" pos="np0000p" postype="proper" sense="16:cs1" wd="Sebastià_Serrano"/>
                  </grup.nom>
                </sn>
                <S clausetype="relative">
                  <f lem="," pos="fc" punct="comma" wd=","/>
                  <relatiu arg="arg0" func="suj" tem="agt">
                    <p gen="c" lem="que" num="c" pos="pr0cn000" postype="relative" wd="que"/>
                  </relatiu>
                  <grup.verb>
                    <v lem="analitzar" lss="A21.transitive-agentive-patient" mood="indicative" num="s" person="3" pos="vmif3s0" postype="main" tense="future" wd="analitzarà"/>
                  </grup.verb>
                  <sn arg="arg1" func="cd" tem="pat">
                    <spec gen="f" num="s">
                      <d gen="f" lem="el" num="s" pos="da0fs0" postype="article" wd="la"/>
                    </spec>
                    <grup.nom gen="f" num="s">
                      <n gen="f" lem="importància" num="s" pos="ncfs000" postype="common" sense="16:04027354" wd="importància"/>
                      <sp>
                        <prep>
                          <s lem="de" pos="sps00" postype="preposition" wd="de"/>
                        </prep>
                        <sn>
                          <spec gen="f" num="s">
                            <d gen="f" lem="el" num="s" pos="da0fs0" postype="article" wd="la"/>
                          </spec>
                          <grup.nom gen="f" num="s">
                            <n gen="f" lem="comunicació" num="s" pos="ncfs000" postype="common" sense="16:04728675" wd="comunicació"/>
                          </grup.nom>
                        </sn>
                      </sp>
                      <sp>
                        <prep>
                          <s lem="en" pos="sps00" postype="preposition" wd="en"/>
                        </prep>
                        <sn>
                          <spec gen="m" num="s">
                            <d gen="m" lem="el" num="s" pos="da0ms0" postype="article" wd="el"/>
                          </spec>
                          <grup.nom gen="m" num="s">
                            <n gen="m" lem="procés" num="s" pos="ncms000" postype="common" sense="16:09669871" wd="procés"/>
                            <sp>
                              <prep>
                                <s lem="de" pos="sps00" postype="preposition" wd="de"/>
                              </prep>
                              <sn>
                                <grup.nom gen="m" num="s">
                                  <n gen="m" lem="creixement" num="s" pos="ncms000" postype="common" sense="16:09725434" wd="creixement"/>
                                  <s.a gen="m" num="s">
                                    <grup.a gen="m" num="s">
                                      <a gen="c" lem="emocional" num="s" pos="aq0cs0" postype="qualificative" wd="emocional"/>
                                    </grup.a>
                                  </s.a>
                                </grup.nom>
                              </sn>
                            </sp>
                          </grup.nom>
                        </sn>
                      </sp>
                    </grup.nom>
                  </sn>
                </S>
              </grup.nom>
            </sn>
          </sp>
        </grup.nom>
      </sn>
    </sp>
    <f lem="." pos="fp" punct="period" wd="."/>
  </sentence>
  <sentence coord="yes">
    <S>
      <sn arg="arg1" func="suj" tem="tem">
        <spec gen="f" num="s">
          <d gen="f" lem="el" num="s" pos="da0fs0" postype="article" wd="La"/>
        </spec>
        <grup.nom gen="f" num="s">
          <n gen="f" lem="matrícula" num="s" pos="ncfs000" postype="common" sense="16:00810945" wd="matrícula"/>
          <sp>
            <prep>
              <s contracted="yes" gen="m" lem="al" num="s" pos="spcms" postype="preposition" wd="al"/>
            </prep>
            <sn>
              <grup.nom gen="m" num="s">
                <n gen="m" lem="seminari" num="s" pos="ncms000" postype="common" sense="16:00573721" wd="seminari"/>
              </grup.nom>
            </sn>
          </sp>
        </grup.nom>
      </sn>
      <grup.verb>
        <v lem="ser" lss="C21.state-attributive" mood="indicative" num="s" person="3" pos="vmip3s0" postype="main" tense="present" wd="és"/>
      </grup.verb>
      <S arg="arg2" clausetype="participle" func="atr" impersonal="yes" tem="atr">
        <participi>
          <a gen="f" lem="obert" num="s" pos="aq0fsp" posfunction="participle" postype="qualificative" wd="oberta"/>
        </participi>
      </S>
    </S>
    <conj conjunctiontype="coordinating">
      <c lem="i" pos="cc" postype="coordinating" wd="i"/>
    </conj>
    <S coord="yes">
      <S>
        <sn arg="arg1" elliptic="yes" func="suj" tem="tem"/>
        <grup.verb>
          <v lem="costar" lss="C31.state-scalar" mood="indicative" num="s" person="3" pos="vmip3s0" postype="main" tense="present" wd="costa"/>
        </grup.verb>
        <sn arg="arg2" entityref="ne" func="cd" functype="quantitative" ne="number" tem="ext">
          <spec gen="m" num="p">
            <z lem="30" ne="number" wd="30"/>
          </spec>
          <grup.nom gen="m" num="p">
            <z lem="euro" ne="number" pos="zm" postype="currency" wd="euros"/>
          </grup.nom>
        </sn>
      </S>
      <f lem="," pos="fc" punct="comma" wd=","/>
      <S verbless="yes">
        <sp>
          <prep>
            <s lem="amb" pos="sps00" postype="preposition" wd="amb"/>
          </prep>
          <sn>
            <grup.nom gen="m" num="s">
              <n gen="m" lem="preu" num="s" pos="ncms000" postype="common" sense="16:09576753" wd="preu"/>
              <S clausetype="participle" impersonal="yes">
                <participi>
                  <a gen="m" lem="reduït" num="s" pos="aq0msp" posfunction="participle" postype="qualificative" wd="reduït"/>
                </participi>
              </S>
            </grup.nom>
          </sn>
        </sp>
        <sp>
          <prep>
            <s lem="per" pos="sps00" postype="preposition" wd="per"/>
          </prep>
          <sn coord="yes">
            <sn>
              <spec gen="m" num="p">
                <d gen="m" lem="algun" num="p" pos="di0mp0" postype="indefinite" wd="alguns"/>
              </spec>
              <grup.nom gen="m" num="p">
                <n gen="m" lem="grup" num="p" pos="ncmp000" postype="common" sense="16:00017954" wd="grups"/>
              </grup.nom>
            </sn>
            <conj conjunctiontype="coordinating">
              <c lem="i" pos="cc" postype="coordinating" wd="i"/>
            </conj>
            <sn>
              <spec gen="m" num="p">
                <d gen="m" lem="el" num="p" pos="da0mp0" postype="article" wd="els"/>
              </spec>
              <grup.nom gen="m" num="p">
                <n gen="m" lem="col·legiat" num="p" pos="ncmp000" postype="common" sense="16:cs1" wd="col·legiats"/>
                <sp>
                  <prep>
                    <s contracted="yes" gen="m" lem="del" num="s" pos="spcms" postype="preposition" wd="del"/>
                  </prep>
                  <sn entityref="ne" ne="organization">
                    <grup.nom gen="m" num="s">
                      <n lem="Col·legi_de_Psicòlegs" ne="organization" pos="np0000o" postype="proper" sense="16:cs1" wd="Col·legi_de_Psicòlegs"/>
                    </grup.nom>
                  </sn>
                </sp>
              </grup.nom>
            </sn>
          </sn>
        </sp>
      </S>
    </S>
    <f lem="." pos="fp" punct="period" wd="."/>
  </sentence>
  <sentence>
    <sn arg="arg1" func="suj" tem="pat">
      <spec gen="f" num="s">
        <d gen="c" lem="el" num="s" pos="da0cs0" postype="article" wd="L'"/>
      </spec>
      <grup.nom gen="f" num="s">
        <n gen="f" lem="assistència" num="s" pos="ncfs000" postype="common" sense="16:00800467" wd="assistència"/>
        <sp>
          <prep>
            <s contracted="yes" gen="m" lem="al" num="s" pos="spcms" postype="preposition" wd="al"/>
          </prep>
          <sn>
            <grup.nom gen="m" num="s">
              <n gen="m" lem="seminari" num="s" pos="ncms000" postype="common" sense="16:00573721" wd="seminari"/>
            </grup.nom>
          </sn>
        </sp>
      </grup.nom>
    </sn>
    <morfema.verbal func="pass">
      <p gen="c" lem="es" num="c" pos="p0000000" wd="es"/>
    </morfema.verbal>
    <grup.verb>
      <v lem="convalidar" lss="B22.unaccusative-passive-transitive" mood="indicative" num="s" person="3" pos="vmip3s0" postype="main" tense="present" wd="convalida"/>
    </grup.verb>
    <sp arg="argM" func="cc" tem="adv">
      <prep>
        <s lem="per" pos="sps00" postype="preposition" wd="per"/>
      </prep>
      <sn>
        <spec gen="m" num="s">
          <d gen="m" lem="un" num="s" pos="dn0ms0" postype="numeral" wd="un"/>
        </spec>
        <grup.nom gen="m" num="s">
          <n gen="m" lem="crèdit" num="s" pos="ncms000" postype="common" sense="16:00038052" wd="crèdit"/>
          <sp>
            <prep>
              <s lem="de" pos="sps00" postype="preposition" wd="de"/>
            </prep>
            <sn>
              <grup.nom gen="f" num="s">
                <s.a gen="f" num="s">
                  <grup.a gen="f" num="s">
                    <a gen="c" lem="lliure" num="s" pos="aq0cs0" postype="qualificative" wd="lliure"/>
                  </grup.a>
                </s.a>
                <n gen="f" lem="elecció" num="s" pos="ncfs000" postype="common" sense="16:04463475" wd="elecció"/>
              </grup.nom>
            </sn>
          </sp>
        </grup.nom>
      </sn>
    </sp>
    <sp arg="argM" func="cc" tem="loc">
      <prep>
        <s lem="a" pos="sps00" postype="preposition" wd="a"/>
      </prep>
      <sn entityref="ne" ne="organization">
        <spec gen="f" num="s">
          <d gen="f" lem="el" num="s" pos="da0fs0" postype="article" wd="la"/>
        </spec>
        <grup.nom gen="f" num="s">
          <n lem="UdG" ne="organization" pos="np0000o" postype="proper" sense="16:cs1" wd="UdG"/>
        </grup.nom>
      </sn>
    </sp>
    <f lem="." pos="fp" punct="period" wd="."/>
  </sentence>
</article>
