<?xml version="1.0" encoding="UTF-8" standalone="no"?>
<!-- 

  ancora-2.0
       
			Copyright (C) 2007, 2008, 2009, 2010, 2011 UB - CLiC
			Centre de Llenguatge i Computació - Universitat de Barcelona
 
  This file is part of ancora-2.0.
 
  ancora-2.0 is free software and data: you can redistribute it and/or modify
  it under the terms of the GNU General Public License as published
  by the Free Software Foundation, either version 3 of the License,
  or (at your option) any later version.

  ancora-2.0 is distributed in the hope that it will be useful,
  but WITHOUT ANY WARRANTY; without even the implied warranty of
  MERCHANTABILITY or FITNESS FOR A PARTICULAR PURPOSE.  See the
  GNU General Public License for more details.
 
  You should have received a copy of the GNU General Public License
  along with ancora-2.0.  If not, see &lt;http://www.gnu.org/licenses/&gt;.
 
  Check a text in catalan explaining the terms of the license at http://www.softcatala.cat/wiki/GPL3.
  In spanish at http://www.viti.es/gnu/licenses/gpl.html
 

  The following paper must be cited when using this corpus:

 * Taulé, M., M.A. Martí, M. Recasens (2008) 'Ancora: Multilevel Annotated Corpora for Catalan and Spanish',
   Proceedings of 6th International Conference on Language Resources and Evaluation. Marrakesh (Morocco).

  In addition, the following paper must be cited if coreference information (attributes entity, coreftype,
  corefsubtype, homophoricDD or entityref) is used:

 * Recasens, Marta, M. Antònia Martí (2010) ‘AnCora-CO: Coreferentially annotated corpora for Spanish and
   Catalan’. Language Resources and Evaluation, Springer Science.

  Additionally, the following paper must be cited when argumental attributes in "sn" or "grup.nom"
  (attributes func, arg, tem or lexicalid) are used:

 * Peris, Aina, Mariona Taulé, Horacio Rodríguez (2010) ‘Semantic Annotation of Deverbal Nominalizations in the
   Spanish AnCora corpus’. Treebanks and Linguistic Theories (TLT-2010), Estonia.
-->
<article lng="ca">
  <sentence>
    <sn arg="arg0" entityref="ne" func="suj" ne="person" tem="agt">
      <spec gen="m" num="s">
        <d gen="m" lem="el" num="s" pos="da0ms0" postype="article" wd="El"/>
      </spec>
      <grup.nom gen="m" num="s">
        <n gen="m" lem="conseller" num="s" pos="ncms000" postype="common" sense="16:07412658" wd="conseller"/>
        <sp>
          <prep>
            <s lem="de" pos="sps00" postype="preposition" wd="de"/>
          </prep>
          <sn entityref="ne" ne="organization">
            <grup.nom>
              <n lem="Cultura" ne="organization" pos="np0000o" postype="proper" sense="16:cs1" wd="Cultura"/>
            </grup.nom>
          </sn>
        </sp>
        <sp>
          <prep>
            <s lem="de" pos="sps00" postype="preposition" wd="de"/>
          </prep>
          <sn entityref="ne" ne="organization">
            <spec gen="f" num="s">
              <d gen="f" lem="el" num="s" pos="da0fs0" postype="article" wd="la"/>
            </spec>
            <grup.nom gen="f" num="s">
              <n lem="Generalitat" ne="organization" pos="np0000o" postype="proper" sense="16:cs1" wd="Generalitat"/>
            </grup.nom>
          </sn>
        </sp>
        <sn entityref="ne" ne="person">
          <f lem="," pos="fc" punct="comma" wd=","/>
          <grup.nom gen="m" num="s">
            <n lem="Joan_Maria_Pujals" ne="person" pos="np0000p" postype="proper" sense="16:cs1" wd="Joan_Maria_Pujals"/>
          </grup.nom>
          <f lem="," pos="fc" punct="comma" wd=","/>
        </sn>
      </grup.nom>
    </sn>
    <grup.verb>
      <v lem="inaugurar" lss="A21.transitive-agentive-patient" mood="indicative" num="s" person="3" pos="vmip3s0" postype="main" tense="present" wd="inaugura"/>
    </grup.verb>
    <sadv arg="argM" func="cc" tem="tmp">
      <grup.adv>
        <r lem="demà" pos="rg" wd="demà"/>
      </grup.adv>
    </sadv>
    <sp arg="argM" func="cc" tem="tmp">
      <prep>
        <s contracted="yes" gen="m" lem="al" num="s" pos="spcms" postype="preposition" wd="al"/>
      </prep>
      <sn>
        <grup.nom gen="m" num="s">
          <n gen="m" lem="migdia" num="s" pos="ncms000" postype="common" sense="16:10884479" wd="migdia"/>
        </grup.nom>
      </sn>
    </sp>
    <sn arg="arg1" entityref="ne" func="cd" ne="other" tem="pat">
      <spec gen="f" num="p">
        <d gen="f" lem="el" num="p" pos="da0fp0" postype="article" wd="les"/>
      </spec>
      <grup.nom gen="f" num="p">
        <n lem="Enramades" ne="other" pos="np0000a" postype="proper" sense="16:cs1" wd="Enramades"/>
        <sp>
          <prep>
            <s lem="de" pos="sps00" postype="preposition" wd="de"/>
          </prep>
          <sn entityref="ne" ne="location">
            <grup.nom>
              <n lem="Sallent" ne="location" pos="np0000l" postype="proper" sense="16:cs1" wd="Sallent"/>
            </grup.nom>
          </sn>
        </sp>
      </grup.nom>
    </sn>
    <f lem="." pos="fp" punct="period" wd="."/>
  </sentence>
  <sentence>
    <sp arg="arg1" func="creg" repetition="yes" tem="tem">
      <prep>
        <s lem="en" pos="sps00" postype="preposition" wd="En"/>
      </prep>
      <sn>
        <spec gen="f" num="s">
          <d gen="f" lem="aquest" num="s" pos="dd0fs0" postype="demonstrative" wd="aquesta"/>
        </spec>
        <grup.nom gen="f" num="s">
          <n gen="f" lem="edició" num="s" pos="ncfs000" postype="common" sense="16:00328496" wd="edició"/>
        </grup.nom>
      </sn>
    </sp>
    <sn arg="arg1" func="creg" repetition="yes" tem="tem">
      <grup.nom>
        <p gen="c" lem="hi" num="c" person="3" pos="pp3cn000" postype="personal" wd="hi"/>
      </grup.nom>
    </sn>
    <grup.verb>
      <v lem="participar" lss="A22.transitive-agentive-theme" mood="indicative" num="p" person="3" pos="vmip3p0" postype="main" tense="present" wd="participen"/>
    </grup.verb>
    <sn arg="arg0" func="suj" tem="agt">
      <spec gen="m" num="p">
        <z lem="15" ne="number" wd="15"/>
      </spec>
      <grup.nom gen="m" num="p">
        <n gen="m" lem="carrer" num="p" pos="ncmp000" postype="common" sense="16:03426236" wd="carrers"/>
        <S clausetype="relative">
          <f lem="," pos="fc" punct="comma" wd=","/>
          <relatiu arg="arg0" func="suj" tem="agt">
            <p gen="c" lem="que" num="c" pos="pr0cn000" postype="relative" wd="que"/>
          </relatiu>
          <sp arg="argM" func="cc" tem="tmp">
            <prep>
              <s lem="des_de" pos="sps00" postype="preposition" wd="des_de"/>
            </prep>
            <sn coord="yes">
              <sn>
                <v lem="fer" mood="indicative" num="s" person="3" pos="vmip3s0" postype="main" tense="present" wd="fa"/>
                <n gen="f" lem="setmana" num="p" pos="ncfp000" postype="common" sense="16:10888430" wd="setmanes"/>
                <f lem="," pos="fc" punct="comma" wd=","/>
              </sn>
              <conj conjunctiontype="coordinating">
                <c lem="i" pos="cc" postype="coordinating" wd="i"/>
              </conj>
              <sn>
                <sp adjunct="yes">
                  <prep>
                    <s lem="en" pos="sps00" postype="preposition" wd="en"/>
                  </prep>
                  <sn>
                    <spec gen="m" num="p">
                      <d gen="m" lem="algun" num="p" pos="di0mp0" postype="indefinite" wd="alguns"/>
                    </spec>
                    <grup.nom gen="m" num="p">
                      <n gen="m" lem="cas" num="p" pos="ncmp000" postype="common" sense="16:10047274" wd="casos"/>
                    </grup.nom>
                  </sn>
                </sp>
                <sadv adjunct="yes">
                  <grup.adv>
                    <r lem="fins_i_tot" pos="rg" wd="fins_i_tot"/>
                  </grup.adv>
                </sadv>
                <sn>
                  <grup.nom gen="m" num="p">
                    <n gen="m" lem="mes" num="p" pos="ncmp000" postype="common" sense="16:10919146" wd="mesos"/>
                  </grup.nom>
                </sn>
              </sn>
            </sn>
            <f lem="," pos="fc" punct="comma" wd=","/>
          </sp>
          <grup.verb>
            <v lem="treballar" lss="D11.inergative-agentive" mood="indicative" num="p" person="3" pos="vmip3p0" postype="main" tense="present" wd="treballen"/>
          </grup.verb>
          <sp arg="argM" func="cc" tem="adv">
            <prep>
              <s lem="en" pos="sps00" postype="preposition" wd="en"/>
            </prep>
            <sn>
              <spec gen="f" num="s">
                <d gen="f" lem="el" num="s" pos="da0fs0" postype="article" wd="la"/>
              </spec>
              <grup.nom gen="f" num="s">
                <n gen="f" lem="preparació" num="s" pos="ncfs000" postype="common" sense="16:00593220" wd="preparació"/>
                <sp>
                  <prep>
                    <s contracted="yes" gen="m" lem="del" num="p" pos="spcmp" postype="preposition" wd="dels"/>
                  </prep>
                  <sn>
                    <grup.nom gen="m" num="p">
                      <n gen="m" lem="guarniment" num="p" pos="ncmp000" postype="common" sense="16:02550579" wd="guarniments"/>
                    </grup.nom>
                  </sn>
                </sp>
              </grup.nom>
            </sn>
          </sp>
        </S>
      </grup.nom>
    </sn>
    <f lem="." pos="fp" punct="period" wd="."/>
  </sentence>
  <sentence>
    <sn arg="arg1" entityref="ne" func="suj" ne="other" tem="pat">
      <spec gen="f" num="p">
        <d gen="f" lem="el" num="p" pos="da0fp0" postype="article" wd="Les"/>
      </spec>
      <grup.nom gen="f" num="p">
        <n lem="Enramades" ne="other" pos="np0000a" postype="proper" sense="16:cs1" wd="Enramades"/>
        <sp>
          <prep>
            <s lem="de" pos="sps00" postype="preposition" wd="de"/>
          </prep>
          <sn entityref="ne" ne="location">
            <grup.nom>
              <n lem="Sallent" ne="location" pos="np0000l" postype="proper" sense="16:cs1" wd="Sallent"/>
            </grup.nom>
          </sn>
        </sp>
      </grup.nom>
    </sn>
    <grup.verb>
      <v lem="haver" mood="indicative" num="p" person="3" pos="vaip3p0" postype="auxiliary" tense="present" wd="han"/>
      <v gen="m" lem="ser" mood="participle" num="s" pos="vsp00sm" postype="semiauxiliary" wd="estat"/>
      <v gen="f" lem="declarar" lss="B22.unaccusative-passive-transitive" mood="participle" num="p" pos="vmp00pf" postype="main" wd="declarades"/>
    </grup.verb>
    <sadv arg="argM" func="cc" tem="tmp">
      <grup.adv>
        <r lem="recentment" pos="rg" wd="recentment"/>
      </grup.adv>
    </sadv>
    <sp arg="arg2" func="cpred" predicate="suj" tem="atr">
      <prep>
        <s lem="com_a" pos="sps00" postype="preposition" wd="com_a"/>
      </prep>
      <sn>
        <grup.nom gen="f" num="s">
          <n gen="f" lem="festa" num="s" pos="ncfs000" postype="common" sense="16:10881782" wd="festa"/>
          <sp>
            <prep>
              <s lem="de" pos="sps00" postype="preposition" wd="d'"/>
            </prep>
            <sn>
              <grup.nom gen="m" num="s">
                <n gen="m" lem="interès" num="s" pos="ncms000" postype="common" sense="16:04392426" wd="interès"/>
                <s.a gen="m" num="s">
                  <grup.a gen="m" num="s">
                    <a gen="c" lem="nacional" num="s" pos="aq0cs0" postype="qualificative" wd="nacional"/>
                  </grup.a>
                </s.a>
              </grup.nom>
            </sn>
          </sp>
        </grup.nom>
      </sn>
    </sp>
    <f lem="." pos="fp" punct="period" wd="."/>
  </sentence>
  <sentence coord="yes">
    <sn arg="argM" func="cc" tem="tmp">
      <spec gen="m" num="s">
        <d gen="m" lem="un" num="s" pos="dn0ms0" postype="numeral" wd="Un"/>
      </spec>
      <grup.nom gen="m" num="s">
        <n gen="m" lem="any" num="s" pos="ncms000" postype="common" sense="16:10917791" wd="any"/>
        <sadv>
          <grup.adv>
            <r lem="més" pos="rg" wd="més"/>
          </grup.adv>
        </sadv>
      </grup.nom>
      <f lem="," pos="fc" punct="comma" wd=","/>
    </sn>
    <S coord="yes">
      <S>
        <sn arg="arg0" entityref="ne" func="suj" ne="organization" tem="agt">
          <grup.nom>
            <n lem="Sallent" ne="organization" pos="np0000o" postype="proper" sense="16:cs1" wd="Sallent"/>
          </grup.nom>
        </sn>
        <grup.verb>
          <v lem="complir" lss="A21.transitive-agentive-patient" mood="indicative" num="s" person="3" pos="vmip3s0" postype="main" tense="present" wd="compleix"/>
        </grup.verb>
        <sn arg="arg1" func="cd" tem="pat">
          <spec gen="f" num="s">
            <d gen="f" lem="el" num="s" pos="da0fs0" postype="article" wd="la"/>
          </spec>
          <grup.nom gen="f" num="s">
            <n gen="f" lem="tradició" num="s" pos="ncfs000" postype="common" sense="16:04381279" wd="tradició"/>
          </grup.nom>
        </sn>
      </S>
      <conj conjunctiontype="coordinating">
        <c lem="i" pos="cc" postype="coordinating" wd="i"/>
      </conj>
      <S>
        <S arg="argM" clausetype="adverbial" func="cc" impersonal="yes" tem="adv">
          <gerundi>
            <v lem="coincidir" lss="C21.state-attributive" mood="gerund" pos="vmg0000" postype="main" wd="coincidint"/>
          </gerundi>
          <sp arg="arg2" func="creg" tem="atr">
            <prep>
              <s lem="amb" pos="sps00" postype="preposition" wd="amb"/>
            </prep>
            <sn entityref="ne" ne="other">
              <spec gen="m" num="s">
                <d gen="m" lem="el" num="s" pos="da0ms0" postype="article" wd="el"/>
              </spec>
              <grup.nom gen="m" num="s">
                <n lem="Corpus" ne="other" pos="np0000a" postype="proper" sense="16:10910008" wd="Corpus"/>
              </grup.nom>
            </sn>
          </sp>
        </S>
        <sn arg="arg0" elliptic="yes" func="suj" tem="agt"/>
        <grup.verb>
          <v lem="celebrar" lss="A21.transitive-agentive-patient" mood="indicative" num="s" person="3" pos="vmip3s0" postype="main" tense="present" wd="celebra"/>
        </grup.verb>
        <sn arg="arg1" entityref="ne" func="cd" ne="other" tem="pat">
          <spec gen="f" num="s">
            <d gen="f" lem="el" num="s" pos="da0fs0" postype="article" wd="la"/>
          </spec>
          <grup.nom gen="f" num="s">
            <n lem="Festa_de_les_Enramades" ne="other" pos="np0000a" postype="proper" sense="16:cs1" wd="Festa_de_les_Enramades"/>
          </grup.nom>
        </sn>
      </S>
    </S>
    <f lem="." pos="fp" punct="period" wd="."/>
  </sentence>
  <sentence>
    <sn arg="arg1" func="suj" tem="tem">
      <spec gen="m" num="p">
        <d gen="m" lem="el" num="p" pos="da0mp0" postype="article" wd="Els"/>
      </spec>
      <grup.nom gen="m" num="p">
        <n gen="m" lem="acte" num="p" pos="ncmp000" postype="common" sense="16:00017487" wd="actes"/>
      </grup.nom>
    </sn>
    <grup.verb>
      <v lem="començar" lss="C11.state-existential" mood="indicative" num="p" person="3" pos="vmip3p0" postype="main" tense="present" wd="comencen"/>
    </grup.verb>
    <sadv arg="argM" func="cc" tem="tmp">
      <grup.adv>
        <r lem="avui" pos="rg" wd="avui"/>
      </grup.adv>
    </sadv>
    <S clausesubtype="concessive" clausetype="adverbial" func="ao">
      <f lem="," pos="fc" punct="comma" wd=","/>
      <conj conjunctiontype="subordinating">
        <c lem="tot_i_que" pos="cs" postype="subordinating" wd="tot_i_que"/>
      </conj>
      <sn arg="arg1" func="suj" tem="pat">
        <spec gen="f" num="s">
          <d gen="f" lem="el" num="s" pos="da0fs0" postype="article" wd="la"/>
        </spec>
        <grup.nom gen="f" num="s">
          <n gen="f" lem="inauguració" num="s" pos="ncfs000" postype="common" sense="16:00154446" wd="inauguració"/>
          <sp>
            <prep>
              <s contracted="yes" gen="m" lem="del" num="p" pos="spcmp" postype="preposition" wd="dels"/>
            </prep>
            <sn>
              <grup.nom gen="m" num="p">
                <n gen="m" lem="carrer" num="p" pos="ncmp000" postype="common" sense="16:03426236" wd="carrers"/>
                <S clausetype="participle" impersonal="yes">
                  <participi>
                    <a gen="m" lem="enramar" num="p" pos="aq0mpp" posfunction="participle" postype="qualificative" wd="enramats"/>
                  </participi>
                </S>
                <S clausetype="relative" verbless="yes">
                  <f lem="," pos="fc" punct="comma" wd=","/>
                  <sn>
                    <spec gen="m" num="s">
                      <d gen="m" lem="aquest" num="s" pos="dd0ms0" postype="demonstrative" wd="aquest"/>
                    </spec>
                    <grup.nom gen="m" num="s">
                      <n gen="m" lem="any" num="s" pos="ncms000" postype="common" sense="16:10917791" wd="any"/>
                    </grup.nom>
                  </sn>
                  <sn entityref="ne" ne="number">
                    <grup.nom gen="m" num="p">
                      <z lem="15" ne="number" wd="15"/>
                    </grup.nom>
                  </sn>
                  <f lem="," pos="fc" punct="comma" wd=","/>
                </S>
              </grup.nom>
            </sn>
          </sp>
        </grup.nom>
      </sn>
      <neg func="mod">
        <r lem="no" pos="rn" postype="negative" wd="no"/>
      </neg>
      <morfema.verbal func="pass">
        <p gen="c" lem="es" num="c" pos="p0000000" wd="es"/>
      </morfema.verbal>
      <grup.verb>
        <v lem="fer" lss="B22.unaccusative-passive-transitive" mood="indicative" num="s" person="3" pos="vmif3s0" postype="main" tense="future" wd="farà"/>
      </grup.verb>
      <sp arg="argM" func="cc" tem="tmp">
        <prep>
          <s lem="fins" pos="sps00" postype="preposition" wd="fins"/>
        </prep>
        <sadv>
          <grup.adv>
            <r lem="demà" pos="rg" wd="demà"/>
            <sp>
              <prep>
                <s contracted="yes" gen="m" lem="al" num="s" pos="spcms" postype="preposition" wd="al"/>
              </prep>
              <sn>
                <grup.nom gen="m" num="s">
                  <n gen="m" lem="migdia" num="s" pos="ncms000" postype="common" sense="16:10884479" wd="migdia"/>
                </grup.nom>
              </sn>
            </sp>
          </grup.adv>
        </sadv>
      </sp>
      <sp arg="argM" func="cc" tem="adv">
        <f lem="," pos="fc" punct="comma" wd=","/>
        <prep>
          <s lem="amb" pos="sps00" postype="preposition" wd="amb"/>
        </prep>
        <sn>
          <spec gen="f" num="s">
            <d gen="f" lem="el" num="s" pos="da0fs0" postype="article" wd="la"/>
          </spec>
          <grup.nom gen="f" num="s">
            <n gen="f" lem="presència" num="s" pos="ncfs000" postype="common" sense="16:06364655" wd="presència"/>
            <sp coord="yes">
              <sp>
                <prep>
                  <s contracted="yes" gen="m" lem="del" num="s" pos="spcms" postype="preposition" wd="del"/>
                </prep>
                <sn entityref="ne" ne="person">
                  <grup.nom gen="m" num="s">
                    <n gen="m" lem="conseller" num="s" pos="ncms000" postype="common" sense="16:07412658" wd="conseller"/>
                    <sp>
                      <prep>
                        <s lem="de" pos="sps00" postype="preposition" wd="de"/>
                      </prep>
                      <sn entityref="ne" ne="organization">
                        <grup.nom>
                          <n lem="Cultura" ne="organization" pos="np0000o" postype="proper" sense="16:cs1" wd="Cultura"/>
                        </grup.nom>
                      </sn>
                    </sp>
                    <sp>
                      <prep>
                        <s lem="de" pos="sps00" postype="preposition" wd="de"/>
                      </prep>
                      <sn entityref="ne" ne="organization">
                        <spec gen="f" num="s">
                          <d gen="f" lem="el" num="s" pos="da0fs0" postype="article" wd="la"/>
                        </spec>
                        <grup.nom gen="f" num="s">
                          <n lem="Generalitat" ne="organization" pos="np0000o" postype="proper" sense="16:cs1" wd="Generalitat"/>
                        </grup.nom>
                      </sn>
                    </sp>
                    <sn entityref="ne" ne="person">
                      <f lem="," pos="fc" punct="comma" wd=","/>
                      <grup.nom gen="m" num="s">
                        <n lem="Joan_Maria_Pujals" ne="person" pos="np0000p" postype="proper" sense="16:cs1" wd="Joan_Maria_Pujals"/>
                      </grup.nom>
                    </sn>
                  </grup.nom>
                </sn>
              </sp>
              <conj conjunctiontype="coordinating">
                <c lem="i" pos="cc" postype="coordinating" wd="i"/>
              </conj>
              <sp>
                <prep>
                  <s lem="de" pos="sps00" postype="preposition" wd="de"/>
                </prep>
                <sn entityref="ne" ne="person">
                  <spec gen="f" num="s">
                    <d gen="c" lem="el" num="s" pos="da0cs0" postype="article" wd="l'"/>
                  </spec>
                  <grup.nom gen="f" num="s">
                    <n gen="f" lem="actriu" num="s" pos="ncfs000" postype="common" sense="16:07061896" wd="actriu"/>
                    <sn entityref="ne" ne="person">
                      <grup.nom gen="f" num="s">
                        <n lem="Mercè_Bruquetes" ne="person" pos="np0000p" postype="proper" sense="16:cs1" wd="Mercè_Bruquetes"/>
                      </grup.nom>
                    </sn>
                  </grup.nom>
                </sn>
              </sp>
            </sp>
          </grup.nom>
        </sn>
      </sp>
    </S>
    <f lem="." pos="fp" punct="period" wd="."/>
  </sentence>
  <sentence>
    <sp arg="argM" func="cc" tem="loc">
      <prep>
        <s lem="entre" pos="sps00" postype="preposition" wd="Entre"/>
      </prep>
      <sn>
        <spec gen="m" num="p">
          <d gen="m" lem="el" num="p" pos="da0mp0" postype="article" wd="els"/>
        </spec>
        <grup.nom gen="m" num="p">
          <n gen="m" lem="acte" num="p" pos="ncmp000" postype="common" sense="16:00017487" wd="actes"/>
          <sp>
            <prep>
              <s lem="de" pos="sps00" postype="preposition" wd="d'"/>
            </prep>
            <sn>
              <spec gen="f" num="s">
                <d gen="f" lem="aquest" num="s" pos="dd0fs0" postype="demonstrative" wd="aquesta"/>
              </spec>
              <grup.nom gen="f" num="s">
                <s.a gen="f" num="s">
                  <grup.a gen="f" num="s">
                    <a gen="f" lem="nou" num="s" pos="aq0fs0" postype="qualificative" wd="nova"/>
                  </grup.a>
                </s.a>
                <n gen="f" lem="edició" num="s" pos="ncfs000" postype="common" sense="16:00328496" wd="edició"/>
                <sp>
                  <prep>
                    <s lem="de" pos="sps00" postype="preposition" wd="de"/>
                  </prep>
                  <sn entityref="ne" ne="other">
                    <spec gen="f" num="p">
                      <d gen="f" lem="el" num="p" pos="da0fp0" postype="article" wd="les"/>
                    </spec>
                    <grup.nom gen="f" num="p">
                      <n lem="Enramades" ne="other" pos="np0000a" postype="proper" sense="16:cs1" wd="Enramades"/>
                      <sp>
                        <prep>
                          <s lem="de" pos="sps00" postype="preposition" wd="de"/>
                        </prep>
                        <sn entityref="ne" ne="location">
                          <grup.nom>
                            <n lem="Sallent" ne="location" pos="np0000l" postype="proper" sense="16:cs1" wd="Sallent"/>
                          </grup.nom>
                        </sn>
                      </sp>
                    </grup.nom>
                  </sn>
                </sp>
              </grup.nom>
            </sn>
          </sp>
        </grup.nom>
      </sn>
    </sp>
    <grup.verb>
      <v lem="destacar" lss="B11.unaccusative-motion" mood="indicative" num="s" person="3" pos="vmip3s0" postype="main" tense="present" wd="destaca"/>
    </grup.verb>
    <sp arg="argM" func="cpred" predicate="cd" tem="atr">
      <prep>
        <s lem="com_a" pos="sps00" postype="preposition" wd="com_a"/>
      </prep>
      <sn>
        <grup.nom gen="f" num="s">
          <n gen="f" lem="novetat" num="s" pos="ncfs000" postype="common" sense="16:04358717" wd="novetat"/>
        </grup.nom>
      </sn>
    </sp>
    <sn arg="arg1" func="suj" tem="tem">
      <spec gen="f" num="s">
        <d gen="f" lem="un" num="s" pos="di0fs0" postype="indefinite" wd="una"/>
      </spec>
      <grup.nom gen="f" num="s">
        <s.a gen="f" num="s">
          <grup.a gen="f" num="s">
            <a gen="f" lem="primer" num="s" pos="ao0fs0" postype="ordinal" wd="primera"/>
          </grup.a>
        </s.a>
        <n lem="Mostra_de_Cuina_Casolana" ne="other" pos="np0000a" postype="proper" sense="16:cs1" wd="Mostra_de_Cuina_Casolana"/>
      </grup.nom>
    </sn>
    <f lem="." pos="fp" punct="period" wd="."/>
  </sentence>
  <sentence verbless="yes">
    <sadv>
      <grup.adv>
        <r lem="també" pos="rg" wd="També"/>
      </grup.adv>
    </sadv>
    <sn entityref="ne" ne="other">
      <spec gen="m" num="s">
        <d gen="m" lem="el" num="s" pos="da0ms0" postype="article" wd="el"/>
      </spec>
      <grup.nom gen="m" num="s">
        <s.a gen="m" num="s">
          <grup.a gen="m" num="s">
            <a gen="m" lem="tercer" num="s" pos="ao0ms0" postype="ordinal" wd="tercer"/>
          </grup.a>
        </s.a>
        <n lem="Sopar_Medieval" ne="other" pos="np0000a" postype="proper" sense="16:cs1" wd="Sopar_Medieval"/>
        <S clausetype="relative">
          <f lem="," pos="fc" punct="comma" wd=","/>
          <relatiu arg="arg0" func="suj" tem="agt">
            <p gen="c" lem="que" num="c" pos="pr0cn000" postype="relative" wd="que"/>
          </relatiu>
          <sadv arg="argM" func="cc" tem="tmp">
            <grup.adv>
              <r lem="ja" pos="rg" wd="ja"/>
            </grup.adv>
          </sadv>
          <morfema.pronominal>
            <p gen="c" lem="ell" num="c" person="3" pos="p0300000" wd="s'"/>
          </morfema.pronominal>
          <grup.verb>
            <v lem="haver" mood="indicative" num="s" person="3" pos="vaip3s0" postype="auxiliary" tense="present" wd="ha"/>
            <v gen="m" lem="consolidar" lss="A21.transitive-agentive-patient" mood="participle" num="s" pos="vmp00sm" postype="main" wd="consolidat"/>
          </grup.verb>
          <sp arg="argM" func="cpred" predicate="suj" tem="atr">
            <prep>
              <c lem="com" pos="cs" postype="subordinating" wd="com"/>
            </prep>
            <sn>
              <spec gen="m" num="s">
                <d gen="m" lem="un" num="s" pos="di0ms0" postype="indefinite" wd="un"/>
              </spec>
              <grup.nom gen="m" num="s">
                <n gen="m" lem="acte" num="s" pos="ncms000" postype="common" sense="16:00017487" wd="acte"/>
                <sadv>
                  <grup.adv>
                    <r lem="més" pos="rg" wd="més"/>
                  </grup.adv>
                </sadv>
              </grup.nom>
            </sn>
          </sp>
          <sadv arg="argM" func="cc" tem="loc">
            <grup.adv>
              <r lem="dins" pos="rg" wd="dins"/>
              <sp>
                <prep>
                  <s contracted="yes" gen="m" lem="del" num="s" pos="spcms" postype="preposition" wd="del"/>
                </prep>
                <sn>
                  <grup.nom gen="m" num="s">
                    <n gen="m" lem="programa" num="s" pos="ncms000" postype="common" sense="16:05057286" wd="programa"/>
                    <sp>
                      <prep>
                        <s lem="de" pos="sps00" postype="preposition" wd="de"/>
                      </prep>
                      <sn>
                        <grup.nom gen="f" num="p">
                          <n gen="f" lem="festa" num="p" pos="ncfp000" postype="common" sense="16:10881782" wd="festes"/>
                        </grup.nom>
                      </sn>
                    </sp>
                  </grup.nom>
                </sn>
              </sp>
            </grup.adv>
          </sadv>
        </S>
      </grup.nom>
    </sn>
    <f lem="." pos="fp" punct="period" wd="."/>
  </sentence>
  <sentence>
    <sn arg="arg1" func="suj" tem="pat">
      <spec gen="m" num="s">
        <d gen="m" lem="el" num="s" pos="da0ms0" postype="article" wd="El"/>
      </spec>
      <grup.nom gen="m" num="s">
        <n gen="m" lem="sopar" num="s" pos="ncms000" postype="common" sense="16:06128171" wd="sopar"/>
      </grup.nom>
    </sn>
    <morfema.verbal func="pass">
      <p gen="c" lem="es" num="c" pos="p0000000" wd="s'"/>
    </morfema.verbal>
    <grup.verb>
      <v lem="amenitzar" lss="B22.unaccusative-passive-transitive" mood="indicative" num="s" person="3" pos="vmip3s0" postype="main" tense="present" wd="amenitza"/>
    </grup.verb>
    <sp arg="argM" coord="yes" func="cc" tem="adv">
      <sp>
        <prep>
          <s lem="amb" pos="sps00" postype="preposition" wd="amb"/>
        </prep>
        <sn complex="yes">
          <grup.nom coord="yes">
            <grup.nom coord="yes" gen="m" num="p">
              <grup.nom gen="f" num="s">
                <n gen="f" lem="música" num="s" pos="ncfs000" postype="common" sense="16:00351993" wd="música"/>
              </grup.nom>
              <conj conjunctiontype="coordinating">
                <c lem="i" pos="cc" postype="coordinating" wd="i"/>
              </conj>
              <grup.nom gen="m" num="s">
                <n gen="m" lem="ambient" num="s" pos="ncms000" postype="common" sense="16:10417677" wd="ambient"/>
              </grup.nom>
            </grup.nom>
            <s.a adjunct="yes" gen="m" num="p">
              <grup.a gen="m" num="p">
                <a gen="c" lem="medieval" num="p" pos="aq0cp0" postype="qualificative" wd="medievals"/>
              </grup.a>
            </s.a>
          </grup.nom>
        </sn>
      </sp>
      <conj conjunctiontype="coordinating">
        <c lem="i" pos="cc" postype="coordinating" wd="i"/>
      </conj>
      <sp>
        <prep>
          <s lem="amb" pos="sps00" postype="preposition" wd="amb"/>
        </prep>
        <sn>
          <grup.nom gen="m" num="p">
            <n gen="m" lem="cambrer" num="p" pos="ncmp000" postype="common" sense="16:07671545" wd="cambrers"/>
            <S clausetype="participle" impersonal="yes">
              <participi>
                <a gen="m" lem="vestit" lss="B22.unaccusative-passive-transitive" num="p" pos="aq0mpp" posfunction="participle" postype="qualificative" wd="vestits"/>
              </participi>
              <sp arg="arg2" func="creg" tem="tem">
                <prep>
                  <s lem="de" pos="sps00" postype="preposition" wd="de"/>
                </prep>
                <sn>
                  <spec gen="f" num="s">
                    <d gen="c" lem="el" num="s" pos="da0cs0" postype="article" wd="l'"/>
                  </spec>
                  <grup.nom gen="f" num="s">
                    <n gen="f" lem="època" num="s" pos="ncfs000" postype="common" sense="16:10850510" wd="època"/>
                  </grup.nom>
                </sn>
              </sp>
            </S>
          </grup.nom>
        </sn>
      </sp>
    </sp>
    <f lem="." pos="fp" punct="period" wd="."/>
  </sentence>
  <sentence coord="yes">
    <S>
      <sn arg="arg1" func="suj" tem="tem">
        <spec gen="f" num="s">
          <d gen="f" lem="el" num="s" pos="da0fs0" postype="article" wd="La"/>
        </spec>
        <grup.nom gen="f" num="s">
          <n gen="f" lem="festa" num="s" pos="ncfs000" postype="common" sense="16:06126536" wd="festa"/>
        </grup.nom>
      </sn>
      <grup.verb>
        <v lem="començar" lss="C11.state-existential" mood="indicative" num="s" person="3" pos="vmip3s0" postype="main" tense="present" wd="comença"/>
      </grup.verb>
      <sadv arg="argM" func="cc" tem="tmp">
        <grup.adv>
          <r lem="avui" pos="rg" wd="avui"/>
        </grup.adv>
      </sadv>
      <sp arg="argM" func="cc" tem="adv">
        <prep>
          <s lem="amb" pos="sps00" postype="preposition" wd="amb"/>
        </prep>
        <sn>
          <grup.nom gen="f" num="s">
            <n gen="f" lem="animació" num="s" pos="ncfs000" postype="common" sense="16:00360644" wd="animació"/>
            <sp>
              <prep>
                <s contracted="yes" gen="m" lem="pel" num="p" pos="spcmp" postype="preposition" wd="pels"/>
              </prep>
              <sn>
                <grup.nom gen="m" num="p">
                  <n gen="m" lem="carrer" num="p" pos="ncmp000" postype="common" sense="16:03426236" wd="carrers"/>
                </grup.nom>
              </sn>
            </sp>
            <sp>
              <prep>
                <s lem="amb" pos="sps00" postype="preposition" wd="amb"/>
              </prep>
              <sn entityref="ne" ne="organization">
                <spec gen="m" num="s">
                  <d gen="m" lem="el" num="s" pos="da0ms0" postype="article" wd="el"/>
                </spec>
                <grup.nom gen="m" num="s">
                  <n gen="m" lem="grup" num="s" pos="ncms000" postype="common" sense="16:06086825" wd="grup"/>
                  <sn entityref="ne" ne="organization">
                    <grup.nom>
                      <n lem="Ai_Carai" ne="organization" pos="np0000o" postype="proper" sense="16:cs1" wd="Ai_Carai"/>
                    </grup.nom>
                  </sn>
                </grup.nom>
              </sn>
            </sp>
          </grup.nom>
        </sn>
      </sp>
      <sp arg="argM" func="cc" tem="tmp">
        <prep>
          <s lem="a_partir_de" pos="sps00" postype="preposition" wd="a_partir_de"/>
        </prep>
        <sn entityref="ne" ne="date">
          <spec gen="f" num="p">
            <d gen="f" lem="el" num="p" pos="da0fp0" postype="article" wd="les"/>
          </spec>
          <grup.nom gen="f" num="p">
            <w lem="[??:??/??/??:23.00]" ne="date" wd="onze_de_la_nit"/>
          </grup.nom>
        </sn>
      </sp>
    </S>
    <conj conjunctiontype="coordinating">
      <c lem="i" pos="cc" postype="coordinating" wd="i"/>
    </conj>
    <S>
      <sn arg="arg1" elliptic="yes" func="suj" tem="tem"/>
      <grup.verb>
        <v lem="acabar" lss="C11.state-existential" mood="indicative" num="s" person="3" pos="vmif3s0" postype="main" tense="future" wd="acabarà"/>
      </grup.verb>
      <sn arg="argM" entityref="ne" func="cc" ne="date" tem="tmp">
        <grup.nom gen="m" num="s">
          <w lem="[dilluns:??/??/??:??.??]" ne="date" wd="dilluns"/>
        </grup.nom>
      </sn>
      <sp arg="argM" func="cc" tem="tmp">
        <prep>
          <s lem="a" pos="sps00" postype="preposition" wd="a"/>
        </prep>
        <sn>
          <spec gen="f" num="s">
            <d gen="f" lem="el" num="s" pos="da0fs0" postype="article" wd="la"/>
          </spec>
          <grup.nom gen="f" num="s">
            <n gen="f" lem="nit" num="s" pos="ncfs000" postype="common" sense="16:10876859" wd="nit"/>
          </grup.nom>
        </sn>
      </sp>
      <sp arg="argM" func="cc" tem="adv">
        <f lem="," pos="fc" punct="comma" wd=","/>
        <prep>
          <s lem="amb" pos="sps00" postype="preposition" wd="amb"/>
        </prep>
        <sn>
          <spec gen="m" num="s">
            <d gen="m" lem="el" num="s" pos="da0ms0" postype="article" wd="el"/>
          </spec>
          <grup.nom gen="m" num="s">
            <s.a gen="m" num="s">
              <grup.a gen="m" num="s">
                <a gen="c" lem="tradicional" num="s" pos="aq0cs0" postype="qualificative" wd="tradicional"/>
              </grup.a>
            </s.a>
            <n gen="m" lem="sopar" num="s" pos="ncms000" postype="common" sense="16:06128171" wd="sopar"/>
            <S clausetype="relative">
              <relatiu arg="arg1" func="suj" tem="pat">
                <p gen="c" lem="que" num="c" pos="pr0cn000" postype="relative" wd="que"/>
              </relatiu>
              <morfema.verbal func="pass">
                <p gen="c" lem="es" num="c" pos="p0000000" wd="s'"/>
              </morfema.verbal>
              <grup.verb>
                <v lem="organitzar" lss="B22.unaccusative-passive-transitive" mood="indicative" num="s" person="3" pos="vmip3s0" postype="main" tense="present" wd="organitza"/>
              </grup.verb>
              <sp arg="argM" func="cc" tem="loc">
                <prep>
                  <s lem="a" pos="sps00" postype="preposition" wd="a"/>
                </prep>
                <sn>
                  <spec gen="m" num="s">
                    <d gen="c" lem="cada" num="s" pos="di0cs0" postype="indefinite" wd="cada"/>
                  </spec>
                  <grup.nom gen="m" num="s">
                    <n gen="m" lem="carrer" num="s" pos="ncms000" postype="common" sense="16:03426236" wd="carrer"/>
                    <S clausetype="participle" impersonal="yes">
                      <participi>
                        <a gen="m" lem="enramar" num="s" pos="aq0msp" posfunction="participle" postype="qualificative" wd="enramat"/>
                      </participi>
                    </S>
                  </grup.nom>
                </sn>
              </sp>
            </S>
          </grup.nom>
        </sn>
      </sp>
    </S>
    <f lem="." pos="fp" punct="period" wd="."/>
  </sentence>
  <sentence>
    <sn arg="arg1" func="suj" tem="pat">
      <spec gen="m" num="s">
        <d gen="m" lem="aquest" num="s" pos="dd0ms0" postype="demonstrative" wd="Aquest"/>
      </spec>
      <grup.nom gen="m" num="s">
        <n gen="m" lem="sopar" num="s" pos="ncms000" postype="common" sense="16:06128171" wd="sopar"/>
        <sp>
          <prep>
            <s lem="de" pos="sps00" postype="preposition" wd="de"/>
          </prep>
          <sn>
            <grup.nom gen="f" num="s">
              <n gen="f" lem="cloenda" num="s" pos="ncfs000" postype="common" sense="16:00137299" wd="cloenda"/>
              <sp>
                <prep>
                  <s lem="de" pos="sps00" postype="preposition" wd="de"/>
                </prep>
                <sn>
                  <spec gen="f" num="p">
                    <d gen="f" lem="el" num="p" pos="da0fp0" postype="article" wd="les"/>
                  </spec>
                  <grup.nom gen="f" num="p">
                    <n gen="f" lem="festa" num="p" pos="ncfp000" postype="common" sense="16:10881782" wd="festes"/>
                  </grup.nom>
                </sn>
              </sp>
            </grup.nom>
          </sn>
        </sp>
      </grup.nom>
    </sn>
    <grup.verb>
      <v lem="ser" mood="indicative" num="s" person="3" pos="vsif3s0" postype="semiauxiliary" tense="future" wd="serà"/>
      <v gen="m" lem="animar" lss="B22.unaccusative-passive-transitive" mood="participle" num="s" pos="vmp00sm" postype="main" wd="animat"/>
    </grup.verb>
    <sp arg="arg0" func="cag" tem="agt">
      <prep>
        <s lem="per" pos="sps00" postype="preposition" wd="per"/>
      </prep>
      <sn>
        <spec gen="m" num="s">
          <d gen="m" lem="un" num="s" pos="di0ms0" postype="indefinite" wd="un"/>
        </spec>
        <grup.nom gen="m" num="s">
          <n gen="m" lem="espectacle" num="s" pos="ncms000" postype="common" sense="16:04964487" wd="espectacle"/>
          <s.a gen="m" num="s">
            <grup.a gen="m" num="s">
              <a gen="c" lem="itinerant" num="s" pos="aq0cs0" postype="qualificative" wd="itinerant"/>
            </grup.a>
          </s.a>
          <sp>
            <prep>
              <s contracted="yes" gen="m" lem="del" num="s" pos="spcms" postype="preposition" wd="del"/>
            </prep>
            <sn entityref="ne" ne="organization">
              <grup.nom gen="m" num="s">
                <n gen="m" lem="grup" num="s" pos="ncms000" postype="common" sense="16:06086825" wd="grup"/>
                <s.a gen="m" num="s">
                  <grup.a gen="m" num="s">
                    <a gen="m" lem="bagenc" num="s" pos="aq0ms0" postype="qualificative" wd="bagenc"/>
                  </grup.a>
                </s.a>
                <sn entityref="ne" ne="organization">
                  <grup.nom>
                    <n lem="Pepsicolen" ne="organization" pos="np0000o" postype="proper" sense="16:cs1" wd="Pepsicolen"/>
                  </grup.nom>
                </sn>
              </grup.nom>
            </sn>
          </sp>
        </grup.nom>
      </sn>
    </sp>
    <f lem="." pos="fp" punct="period" wd="."/>
  </sentence>
  <sentence>
    <sn arg="arg1" entityref="ne" func="suj" ne="other" tem="tem">
      <spec gen="f" num="p">
        <d gen="f" lem="el" num="p" pos="da0fp0" postype="article" wd="Les"/>
      </spec>
      <grup.nom gen="f" num="p">
        <n lem="Enramades" ne="other" pos="np0000a" postype="proper" sense="16:cs1" wd="Enramades"/>
        <sp>
          <prep>
            <s lem="de" pos="sps00" postype="preposition" wd="de"/>
          </prep>
          <sn entityref="ne" ne="location">
            <grup.nom>
              <n lem="Sallent" ne="location" pos="np0000l" postype="proper" sense="16:cs1" wd="Sallent"/>
            </grup.nom>
          </sn>
        </sp>
      </grup.nom>
    </sn>
    <grup.verb>
      <v lem="ser" lss="C21.state-attributive" mood="indicative" num="p" person="3" pos="vmip3p0" postype="main" tense="present" wd="són"/>
    </grup.verb>
    <sn arg="arg2" func="atr" tem="atr">
      <grup.nom gen="f" num="s">
        <p gen="f" lem="un" num="s" pos="pi0fs000" postype="indefinite" wd="una"/>
        <sp>
          <prep>
            <s lem="de" pos="sps00" postype="preposition" wd="de"/>
          </prep>
          <sn>
            <spec gen="f" num="p">
              <d gen="f" lem="el" num="p" pos="da0fp0" postype="article" wd="les"/>
            </spec>
            <grup.nom gen="f" num="p">
              <n gen="f" lem="festa" num="p" pos="ncfp000" postype="common" sense="16:10881782" wd="festes"/>
              <S clausetype="relative">
                <relatiu arg="arg1" func="cd" tem="pat">
                  <p gen="c" lem="que" num="c" pos="pr0cn000" postype="relative" wd="que"/>
                </relatiu>
                <sn arg="arg0" entityref="ne" func="suj" ne="organization" tem="agt">
                  <spec gen="f" num="s">
                    <d gen="f" lem="el" num="s" pos="da0fs0" postype="article" wd="la"/>
                  </spec>
                  <grup.nom gen="f" num="s">
                    <n lem="Generalitat" ne="organization" pos="np0000o" postype="proper" sense="16:cs1" wd="Generalitat"/>
                  </grup.nom>
                </sn>
                <grup.verb>
                  <v lem="haver" mood="indicative" num="s" person="3" pos="vaip3s0" postype="auxiliary" tense="present" wd="ha"/>
                  <v gen="m" lem="declarar" lss="A21.transitive-agentive-patient" mood="participle" num="s" pos="vmp00sm" postype="main" wd="declarat"/>
                </grup.verb>
                <sadv arg="argM" func="cc" tem="tmp">
                  <grup.adv>
                    <r lem="recentment" pos="rg" wd="recentment"/>
                  </grup.adv>
                </sadv>
                <sp arg="arg2" func="cpred" predicate="cd" tem="atr">
                  <prep>
                    <s lem="de" pos="sps00" postype="preposition" wd="d'"/>
                  </prep>
                  <sn entityref="ne" ne="other">
                    <grup.nom gen="m" num="s">
                      <n gen="m" lem="interès" num="s" pos="ncms000" postype="common" sense="16:04392426" wd="interès"/>
                      <s.a gen="m" num="s">
                        <grup.a gen="m" num="s">
                          <n lem="Nacional" ne="other" pos="np0000a" postype="proper" sense="16:cs1" wd="Nacional"/>
                        </grup.a>
                      </s.a>
                    </grup.nom>
                  </sn>
                </sp>
              </S>
            </grup.nom>
          </sn>
        </sp>
      </grup.nom>
    </sn>
    <f lem="." pos="fp" punct="period" wd="."/>
  </sentence>
  <sentence>
    <sn arg="arg1" func="suj" tem="tem">
      <spec gen="f" num="s">
        <d gen="f" lem="el" num="s" pos="da0fs0" postype="article" wd="La"/>
      </spec>
      <grup.nom gen="f" num="s">
        <n gen="f" lem="festa" num="s" pos="ncfs000" postype="common" sense="16:06126536" wd="festa"/>
        <S clausetype="relative">
          <f lem="," pos="fc" punct="comma" wd=","/>
          <relatiu arg="arg1" func="suj" tem="pat">
            <p gen="c" lem="que" num="c" pos="pr0cn000" postype="relative" wd="que"/>
          </relatiu>
          <morfema.verbal func="pass">
            <p gen="c" lem="se" num="c" pos="p0000000" wd="se"/>
          </morfema.verbal>
          <grup.verb>
            <v lem="celebrar" lss="B22.unaccusative-passive-transitive" mood="indicative" num="s" person="3" pos="vmip3s0" postype="main" tense="present" wd="celebra"/>
          </grup.verb>
          <sp arg="argM" func="cc" tem="adv">
            <prep>
              <s contracted="yes" gen="m" lem="entorn_del" num="s" pos="spcms" postype="preposition" wd="entorn_del"/>
            </prep>
            <sn entityref="ne" ne="other">
              <grup.nom gen="m" num="s">
                <n lem="Corpus" ne="other" pos="np0000a" postype="proper" sense="16:10910008" wd="Corpus"/>
              </grup.nom>
            </sn>
          </sp>
          <f lem="," pos="fc" punct="comma" wd=","/>
        </S>
      </grup.nom>
    </sn>
    <grup.verb>
      <v lem="estar" lss="C21.state-attributive" mood="indicative" num="s" person="3" pos="vmip3s0" postype="main" tense="present" wd="està"/>
    </grup.verb>
    <S arg="arg2" clausetype="participle" func="atr" impersonal="yes" tem="atr">
      <participi>
        <a gen="f" lem="documentat" num="s" pos="aq0fsp" posfunction="participle" postype="qualificative" wd="documentada"/>
      </participi>
    </S>
    <sp arg="argM" func="cc" tem="tmp">
      <prep>
        <s lem="des_de" pos="sps00" postype="preposition" wd="des_de"/>
      </prep>
      <sn entityref="ne" ne="date">
        <spec gen="m" num="s">
          <d gen="c" lem="el" num="s" pos="da0cs0" postype="article" wd="l'"/>
        </spec>
        <grup.nom gen="m" num="s">
          <w lem="[??:??/??/1325:??.??]" ne="date" wd="any_1325"/>
        </grup.nom>
      </sn>
    </sp>
    <f lem="." pos="fp" punct="period" wd="."/>
  </sentence>
  <sentence>
    <sn arg="arg1" func="suj" tem="tem">
      <grup.nom gen="m" num="s">
        <p gen="m" lem="un" num="s" pos="pi0ms000" postype="indefinite" wd="Un"/>
        <sp>
          <prep>
            <s contracted="yes" gen="m" lem="del" num="p" pos="spcmp" postype="preposition" wd="dels"/>
          </prep>
          <sn>
            <grup.nom gen="m" num="p">
              <n gen="m" lem="element" num="p" pos="ncmp000" postype="common" sense="16:09946426" wd="elements"/>
              <S clausetype="relative">
                <relatiu arg="arg0" func="suj" tem="agt">
                  <p gen="c" lem="que" num="c" pos="pr0cn000" postype="relative" wd="que"/>
                </relatiu>
                <grup.verb>
                  <v lem="distingir" lss="A34.ditransitive-patient-theme" mood="indicative" num="p" person="3" pos="vmip3p0" postype="main" tense="present" wd="distingeixen"/>
                </grup.verb>
                <sn arg="arg1" func="cd" tem="pat">
                  <spec gen="f" num="s">
                    <d gen="f" lem="el" num="s" pos="da0fs0" postype="article" wd="la"/>
                  </spec>
                  <grup.nom gen="f" num="s">
                    <n gen="f" lem="festa" num="s" pos="ncfs000" postype="common" sense="16:06126536" wd="festa"/>
                  </grup.nom>
                </sn>
                <sp arg="arg2" func="creg" tem="tem">
                  <prep>
                    <s lem="de" pos="sps00" postype="preposition" wd="de"/>
                  </prep>
                  <sn entityref="ne" ne="other">
                    <spec gen="f" num="p">
                      <d gen="f" lem="el" num="p" pos="da0fp0" postype="article" wd="les"/>
                      <d gen="c" lem="altre" num="p" pos="di0cp0" postype="indefinite" wd="altres"/>
                    </spec>
                    <grup.nom gen="f" num="p">
                      <n lem="Enramades" ne="other" pos="np0000a" postype="proper" sense="16:cs1" wd="Enramades"/>
                      <S clausetype="relative">
                        <relatiu arg="arg1" func="suj" tem="pat">
                          <p gen="c" lem="que" num="c" pos="pr0cn000" postype="relative" wd="que"/>
                        </relatiu>
                        <morfema.verbal func="pass">
                          <p gen="c" lem="se" num="c" pos="p0000000" wd="se"/>
                        </morfema.verbal>
                        <grup.verb>
                          <v lem="celebrar" lss="B22.unaccusative-passive-transitive" mood="indicative" num="p" person="3" pos="vmip3p0" postype="main" tense="present" wd="celebren"/>
                        </grup.verb>
                        <sp arg="argM" func="cc" tem="loc">
                          <prep>
                            <s lem="a" pos="sps00" postype="preposition" wd="a"/>
                          </prep>
                          <sn entityref="ne" ne="location">
                            <grup.nom>
                              <n lem="Catalunya" ne="location" pos="np0000l" postype="proper" wd="Catalunya"/>
                            </grup.nom>
                          </sn>
                        </sp>
                      </S>
                    </grup.nom>
                  </sn>
                </sp>
              </S>
            </grup.nom>
          </sn>
        </sp>
      </grup.nom>
    </sn>
    <grup.verb>
      <v lem="ser" lss="C21.state-attributive" mood="indicative" num="p" person="3" pos="vmip3p0" postype="main" tense="present" wd="són"/>
    </grup.verb>
    <sn arg="arg2" func="atr" tem="atr">
      <spec gen="m" num="p">
        <d gen="m" lem="el" num="p" pos="da0mp0" postype="article" wd="els"/>
      </spec>
      <grup.nom gen="m" num="p">
        <f lem="&quot;" pos="fe" punct="quotation" wd="&quot;"/>
        <n gen="m" lem="embotit" num="p" pos="ncmp000" postype="common" sense="16:05718343" wd="embotits"/>
        <f lem="&quot;" pos="fe" punct="quotation" wd="&quot;"/>
        <sn>
          <f lem="," pos="fc" punct="comma" wd=","/>
          <spec gen="m" num="p">
            <d gen="m" lem="un" num="p" pos="di0mp0" postype="indefinite" wd="uns"/>
          </spec>
          <grup.nom gen="m" num="p">
            <n gen="m" lem="ninot" num="p" pos="ncmp000" postype="common" sense="16:cs1" wd="ninots"/>
            <sp>
              <prep>
                <s lem="de" pos="sps00" postype="preposition" wd="de"/>
              </prep>
              <sn>
                <grup.nom gen="f" num="s">
                  <n gen="f" lem="palla" num="s" pos="ncfs000" postype="common" sense="16:10734241" wd="palla"/>
                </grup.nom>
              </sn>
            </sp>
            <s.a gen="m" num="p">
              <grup.a gen="m" num="p">
                <a gen="m" lem="al·lusiu" num="p" pos="aq0mp0" postype="qualificative" wd="al·lusius"/>
                <sp>
                  <prep>
                    <s lem="a" pos="sps00" postype="preposition" wd="a"/>
                  </prep>
                  <sn>
                    <grup.nom gen="m" num="p">
                      <n gen="m" lem="personatge" num="p" pos="ncmp000" postype="common" sense="16:07335484" wd="personatges"/>
                      <s.a complex="yes" gen="m" num="p">
                        <grup.a coord="yes" gen="m" num="p">
                          <grup.a gen="m" num="p">
                            <a gen="m" lem="històric" num="p" pos="aq0mp0" postype="qualificative" wd="històrics"/>
                          </grup.a>
                          <conj conjunctiontype="coordinating">
                            <c lem="o" pos="cc" postype="coordinating" wd="o"/>
                          </conj>
                          <grup.a gen="m" num="p">
                            <a gen="m" lem="llegendari" num="p" pos="aq0mp0" postype="qualificative" wd="llegendaris"/>
                          </grup.a>
                        </grup.a>
                      </s.a>
                      <sp>
                        <prep>
                          <s lem="de" pos="sps00" postype="preposition" wd="de"/>
                        </prep>
                        <sn>
                          <spec gen="f" num="s">
                            <d gen="f" lem="el" num="s" pos="da0fs0" postype="article" wd="la"/>
                          </spec>
                          <grup.nom gen="f" num="s">
                            <n gen="f" lem="vila" num="s" pos="ncfs000" postype="common" sense="16:06382213" wd="vila"/>
                          </grup.nom>
                        </sn>
                      </sp>
                    </grup.nom>
                  </sn>
                </sp>
              </grup.a>
            </s.a>
          </grup.nom>
        </sn>
      </grup.nom>
    </sn>
    <f lem="." pos="fp" punct="period" wd="."/>
  </sentence>
</article>
