<?xml version="1.0" encoding="UTF-8"?>
<!-- 

  ancora-2.0
       
			Copyright (C) 2007, 2008, 2009, 2010, 2011 UB - CLiC
			Centre de Llenguatge i Computació - Universitat de Barcelona
 
  This file is part of ancora-2.0.
 
  ancora-2.0 is free software and data: you can redistribute it and/or modify
  it under the terms of the GNU General Public License as published
  by the Free Software Foundation, either version 3 of the License,
  or (at your option) any later version.

  ancora-2.0 is distributed in the hope that it will be useful,
  but WITHOUT ANY WARRANTY; without even the implied warranty of
  MERCHANTABILITY or FITNESS FOR A PARTICULAR PURPOSE.  See the
  GNU General Public License for more details.
 
  You should have received a copy of the GNU General Public License
  along with ancora-2.0.  If not, see &lt;http://www.gnu.org/licenses/&gt;.
 
  Check a text in catalan explaining the terms of the license at http://www.softcatala.cat/wiki/GPL3.
  In spanish at http://www.viti.es/gnu/licenses/gpl.html
 

  The following paper must be cited when using this corpus:

 * Taulé, M., M.A. Martí, M. Recasens (2008) 'Ancora: Multilevel Annotated Corpora for Catalan and Spanish',
   Proceedings of 6th International Conference on Language Resources and Evaluation. Marrakesh (Morocco).

  In addition, the following paper must be cited if coreference information (attributes entity, coreftype,
  corefsubtype, homophoricDD or entityref) is used:

 * Recasens, Marta, M. Antònia Martí (2010) ‘AnCora-CO: Coreferentially annotated corpora for Spanish and
   Catalan’. Language Resources and Evaluation, Springer Science.

  Additionally, the following paper must be cited when argumental attributes in "sn" or "grup.nom"
  (attributes func, arg, tem or lexicalid) are used:

 * Peris, Aina, Mariona Taulé, Horacio Rodríguez (2010) ‘Semantic Annotation of Deverbal Nominalizations in the
   Spanish AnCora corpus’. Treebanks and Linguistic Theories (TLT-2010), Estonia.
-->
<article lng="ca">
  <sentence coord="yes">
    <S coord="yes">
      <S>
        <sn arg="arg0" entityref="ne" func="suj" ne="organization" tem="agt">
          <spec gen="f" num="s">
            <d gen="c" lem="el" num="s" pos="da0cs0" postype="article" wd="L'"/>
          </spec>
          <grup.nom gen="f" num="s">
            <n lem="Audiència_de_Barcelona" ne="organization" pos="np0000o" postype="proper" sense="16:cs1" wd="Audiència_de_Barcelona"/>
          </grup.nom>
        </sn>
        <grup.verb>
          <v lem="haver" mood="indicative" num="s" person="3" pos="vaip3s0" postype="auxiliary" tense="present" wd="ha"/>
          <v gen="m" lem="condemnar" lss="A34.ditransitive-patient-theme" mood="participle" num="s" pos="vmp00sm" postype="main" wd="condemnat"/>
        </grup.verb>
        <sp arg="arg2" func="creg" tem="tem">
          <prep>
            <s lem="a" pos="sps00" postype="preposition" wd="a"/>
          </prep>
          <sn coord="yes">
            <sn coord="yes">
              <sn>
                <spec gen="m" num="p">
                  <z lem="7" ne="number" wd="7"/>
                </spec>
                <grup.nom gen="m" num="p">
                  <n gen="m" lem="any" num="p" pos="ncmp000" postype="common" sense="16:10917509" wd="anys"/>
                </grup.nom>
              </sn>
              <conj conjunctiontype="coordinating">
                <c lem="i" pos="cc" postype="coordinating" wd="i"/>
              </conj>
              <sn>
                <spec gen="m" num="p">
                  <z lem="6" ne="number" wd="6"/>
                </spec>
                <grup.nom gen="m" num="p">
                  <n gen="m" lem="mes" num="p" pos="ncmp000" postype="common" sense="16:10919146" wd="mesos"/>
                </grup.nom>
              </sn>
            </sn>
            <sp adjunct="yes">
              <prep>
                <s lem="de" pos="sps00" postype="preposition" wd="de"/>
              </prep>
              <sn>
                <grup.nom gen="f" num="s">
                  <n gen="f" lem="presó" num="s" pos="ncfs000" postype="common" sense="16:03102801" wd="presó"/>
                </grup.nom>
              </sn>
            </sp>
          </sn>
        </sp>
        <sn arg="arg1" func="cd" tem="pat">
          <spec gen="m" num="s">
            <d gen="m" lem="un" num="s" pos="di0ms0" postype="indefinite" wd="un"/>
          </spec>
          <grup.nom gen="m" num="s">
            <n gen="m" lem="veí" num="s" pos="ncms000" postype="common" sense="16:06949059" wd="veí"/>
            <sp>
              <prep>
                <s lem="de" pos="sps00" postype="preposition" wd="d'"/>
              </prep>
              <sn entityref="ne" ne="location">
                <sn entityref="ne" ne="location">
                  <grup.nom>
                    <n lem="Igualada" ne="location" pos="np0000l" postype="proper" sense="16:cs1" wd="Igualada"/>
                  </grup.nom>
                </sn>
                <sn adjunct="yes" entityref="ne" ne="location">
                  <grup.nom>
                    <f lem="(" pos="fpa" punct="bracket" punctenclose="open" wd="("/>
                    <n lem="Anoia" ne="location" pos="np0000l" postype="proper" sense="16:cs1" wd="Anoia"/>
                    <f lem=")" pos="fpt" punct="bracket" punctenclose="close" wd=")"/>
                  </grup.nom>
                </sn>
              </sn>
            </sp>
          </grup.nom>
        </sn>
      </S>
      <conj conjunctiontype="coordinating">
        <c lem="i" pos="cc" postype="coordinating" wd="i"/>
      </conj>
      <S verbless="yes">
        <sp>
          <prep>
            <s lem="a" pos="sps00" postype="preposition" wd="a"/>
          </prep>
          <sn coord="yes">
            <sn coord="yes">
              <sn>
                <spec gen="m" num="p">
                  <z lem="5" ne="number" wd="5"/>
                </spec>
                <grup.nom gen="m" num="p">
                  <n gen="m" lem="any" num="p" pos="ncmp000" postype="common" sense="16:10917509" wd="anys"/>
                </grup.nom>
              </sn>
              <conj conjunctiontype="coordinating">
                <c lem="i" pos="cc" postype="coordinating" wd="i"/>
              </conj>
              <sn>
                <spec gen="m" num="p">
                  <z lem="6" ne="number" wd="6"/>
                </spec>
                <grup.nom gen="m" num="p">
                  <n gen="m" lem="mes" num="p" pos="ncmp000" postype="common" sense="16:10919146" wd="mesos"/>
                </grup.nom>
              </sn>
            </sn>
            <sp adjunct="yes">
              <prep>
                <s lem="de" pos="sps00" postype="preposition" wd="de"/>
              </prep>
              <sn>
                <grup.nom gen="f" num="s">
                  <n gen="f" lem="presó" num="s" pos="ncfs000" postype="common" sense="16:03102801" wd="presó"/>
                </grup.nom>
              </sn>
            </sp>
          </sn>
        </sp>
        <sn>
          <spec gen="f" num="s">
            <d gen="f" lem="el_seu" num="s" person="3" pos="dp3fs0" postype="possessive" wd="la_seva"/>
          </spec>
          <grup.nom gen="f" num="s">
            <n gen="f" lem="companya" num="s" pos="ncfs000" postype="common" sense="16:07291392" wd="companya"/>
          </grup.nom>
        </sn>
      </S>
    </S>
    <sp adjunct="yes" arg="argM" func="cc" tem="cau">
      <prep>
        <s lem="per" pos="sps00" postype="preposition" wd="per"/>
      </prep>
      <S clausetype="completive" impersonal="yes">
        <infinitiu>
          <v lem="haver" mood="infinitive" pos="van0000" postype="auxiliary" wd="haver"/>
          <v gen="m" lem="atracar" lss="A21.transitive-agentive-patient" mood="participle" num="s" pos="vmp00sm" postype="main" wd="atracat"/>
        </infinitiu>
        <sn arg="arg1" func="cd" tem="pat">
          <spec gen="f" num="s">
            <d gen="f" lem="un" num="s" pos="di0fs0" postype="indefinite" wd="una"/>
          </spec>
          <grup.nom gen="f" num="s">
            <n gen="f" lem="sucursal" num="s" pos="ncfs000" postype="common" sense="16:02418164" wd="sucursal"/>
            <s.a gen="f" num="s">
              <grup.a gen="f" num="s">
                <a gen="f" lem="bancari" num="s" pos="aq0fs0" postype="qualificative" wd="bancària"/>
              </grup.a>
            </s.a>
            <sp>
              <prep>
                <s lem="de" pos="sps00" postype="preposition" wd="de"/>
              </prep>
              <sn>
                <spec gen="f" num="s">
                  <d gen="f" lem="el" num="s" pos="da0fs0" postype="article" wd="la"/>
                </spec>
                <grup.nom gen="f" num="s">
                  <n gen="f" lem="població" num="s" pos="ncfs000" postype="common" sense="16:06382213" wd="població"/>
                </grup.nom>
              </sn>
            </sp>
          </grup.nom>
        </sn>
        <sp arg="argM" func="cc" tem="adv">
          <prep>
            <s lem="amb" pos="sps00" postype="preposition" wd="amb"/>
          </prep>
          <sn>
            <spec gen="f" num="s">
              <d gen="f" lem="un" num="s" pos="di0fs0" postype="indefinite" wd="una"/>
            </spec>
            <grup.nom gen="f" num="s">
              <n gen="f" lem="escopeta" num="s" pos="ncfs000" postype="common" sense="16:03328179" wd="escopeta"/>
              <sp>
                <prep>
                  <s lem="de" pos="sps00" postype="preposition" wd="de"/>
                </prep>
                <sn>
                  <grup.nom gen="m" num="p">
                    <n gen="m" lem="canó" num="p" pos="ncmp000" postype="common" sense="16:02253986" wd="canons"/>
                    <S clausetype="participle" impersonal="yes">
                      <participi>
                        <a gen="m" lem="retallat" num="p" pos="aq0mpp" posfunction="participle" postype="qualificative" wd="retallats"/>
                      </participi>
                    </S>
                  </grup.nom>
                </sn>
              </sp>
            </grup.nom>
          </sn>
        </sp>
      </S>
    </sp>
    <f lem="." pos="fp" punct="period" wd="."/>
  </sentence>
  <sentence coord="yes">
    <S coord="yes">
      <S>
        <sn arg="arg0" entityref="ne" func="suj" ne="organization" tem="agt">
          <spec gen="f" num="s">
            <d gen="c" lem="el" num="s" pos="da0cs0" postype="article" wd="L'"/>
          </spec>
          <grup.nom gen="f" num="s">
            <n lem="Audiència_de_Barcelona" ne="organization" pos="np0000o" postype="proper" sense="16:cs1" wd="Audiència_de_Barcelona"/>
          </grup.nom>
        </sn>
        <grup.verb>
          <v lem="haver" mood="indicative" num="s" person="3" pos="vaip3s0" postype="auxiliary" tense="present" wd="ha"/>
          <v gen="m" lem="condemnar" lss="A34.ditransitive-patient-theme" mood="participle" num="s" pos="vmp00sm" postype="main" wd="condemnat"/>
        </grup.verb>
        <sp arg="arg2" func="creg" tem="tem">
          <prep>
            <s lem="a" pos="sps00" postype="preposition" wd="a"/>
          </prep>
          <sn coord="yes">
            <sn coord="yes">
              <sn>
                <spec gen="m" num="p">
                  <z lem="7" ne="number" wd="7"/>
                </spec>
                <grup.nom gen="m" num="p">
                  <n gen="m" lem="any" num="p" pos="ncmp000" postype="common" sense="16:10917509" wd="anys"/>
                </grup.nom>
              </sn>
              <conj conjunctiontype="coordinating">
                <c lem="i" pos="cc" postype="coordinating" wd="i"/>
              </conj>
              <sn>
                <spec gen="m" num="p">
                  <z lem="6" ne="number" wd="6"/>
                </spec>
                <grup.nom gen="m" num="p">
                  <n gen="m" lem="mes" num="p" pos="ncmp000" postype="common" sense="16:10919146" wd="mesos"/>
                </grup.nom>
              </sn>
            </sn>
            <sp adjunct="yes">
              <prep>
                <s lem="de" pos="sps00" postype="preposition" wd="de"/>
              </prep>
              <sn>
                <grup.nom gen="f" num="s">
                  <n gen="f" lem="presó" num="s" pos="ncfs000" postype="common" sense="16:03102801" wd="presó"/>
                </grup.nom>
              </sn>
            </sp>
          </sn>
        </sp>
        <sn arg="arg1" entityref="ne" func="cd" ne="person" tem="pat">
          <grup.nom gen="m" num="s">
            <n lem="Blas_Martínez_Paredes" ne="person" pos="np0000p" postype="proper" sense="16:cs1" wd="Blas_Martínez_Paredes"/>
            <sn coord="yes">
              <f lem="," pos="fc" punct="comma" wd=","/>
              <sp>
                <prep>
                  <s lem="de" pos="sps00" postype="preposition" wd="de"/>
                </prep>
                <sn>
                  <spec gen="m" num="p">
                    <z lem="50" ne="number" wd="50"/>
                  </spec>
                  <grup.nom gen="m" num="p">
                    <n gen="m" lem="any" num="p" pos="ncmp000" postype="common" sense="16:10917509" wd="anys"/>
                    <sp>
                      <prep>
                        <s lem="de" pos="sps00" postype="preposition" wd="d'"/>
                      </prep>
                      <sn>
                        <grup.nom gen="f" num="s">
                          <n gen="f" lem="edat" num="s" pos="ncfs000" postype="common" sense="16:03853114" wd="edat"/>
                        </grup.nom>
                      </sn>
                    </sp>
                  </grup.nom>
                </sn>
              </sp>
              <conj conjunctiontype="coordinating">
                <c lem="i" pos="cc" postype="coordinating" wd="i"/>
              </conj>
              <sn>
                <grup.nom gen="m" num="s">
                  <n gen="m" lem="veí" num="s" pos="ncms000" postype="common" sense="16:06949059" wd="veí"/>
                  <sp>
                    <prep>
                      <s lem="de" pos="sps00" postype="preposition" wd="d'"/>
                    </prep>
                    <sn entityref="ne" ne="location">
                      <sn entityref="ne" ne="location">
                        <grup.nom>
                          <n lem="Igualada" ne="location" pos="np0000l" postype="proper" sense="16:cs1" wd="Igualada"/>
                        </grup.nom>
                      </sn>
                      <sn adjunct="yes" entityref="ne" ne="location">
                        <grup.nom>
                          <f lem="(" pos="fpa" punct="bracket" punctenclose="open" wd="("/>
                          <n lem="Anoia" ne="location" pos="np0000l" postype="proper" sense="16:cs1" wd="Anoia"/>
                          <f lem=")" pos="fpt" punct="bracket" punctenclose="close" wd=")"/>
                        </grup.nom>
                      </sn>
                    </sn>
                  </sp>
                </grup.nom>
              </sn>
            </sn>
          </grup.nom>
        </sn>
      </S>
      <conj conjunctiontype="coordinating">
        <c lem="i" pos="cc" postype="coordinating" wd="i"/>
      </conj>
      <S verbless="yes">
        <sp>
          <prep>
            <s lem="a" pos="sps00" postype="preposition" wd="a"/>
          </prep>
          <sn coord="yes">
            <sn coord="yes">
              <sn>
                <spec gen="m" num="p">
                  <z lem="5" ne="number" wd="5"/>
                </spec>
                <grup.nom gen="m" num="p">
                  <n gen="m" lem="any" num="p" pos="ncmp000" postype="common" sense="16:10917509" wd="anys"/>
                </grup.nom>
              </sn>
              <conj conjunctiontype="coordinating">
                <c lem="i" pos="cc" postype="coordinating" wd="i"/>
              </conj>
              <sn>
                <spec gen="m" num="p">
                  <z lem="6" ne="number" wd="6"/>
                </spec>
                <grup.nom gen="m" num="p">
                  <n gen="m" lem="mes" num="p" pos="ncmp000" postype="common" sense="16:10919146" wd="mesos"/>
                </grup.nom>
              </sn>
            </sn>
            <sp adjunct="yes">
              <prep>
                <s lem="de" pos="sps00" postype="preposition" wd="de"/>
              </prep>
              <sn>
                <grup.nom gen="f" num="s">
                  <n gen="f" lem="presó" num="s" pos="ncfs000" postype="common" sense="16:03102801" wd="presó"/>
                </grup.nom>
              </sn>
            </sp>
          </sn>
        </sp>
        <sn entityref="ne" ne="person">
          <spec gen="f" num="s">
            <d gen="f" lem="el_seu" num="s" person="3" pos="dp3fs0" postype="possessive" wd="la_seva"/>
          </spec>
          <grup.nom gen="f" num="s">
            <n gen="f" lem="companya" num="s" pos="ncfs000" postype="common" sense="16:07291392" wd="companya"/>
            <sn entityref="ne" ne="person">
              <grup.nom gen="f" num="s">
                <n lem="Carmen_Lurbe_Llorente" ne="person" pos="np0000p" postype="proper" sense="16:cs1" wd="Carmen_Lurbe_Llorente"/>
              </grup.nom>
            </sn>
            <s.a coord="yes" gen="f" num="s">
              <f lem="," pos="fc" punct="comma" wd=","/>
              <sp>
                <prep>
                  <s lem="de" pos="sps00" postype="preposition" wd="de"/>
                </prep>
                <sn>
                  <spec gen="m" num="p">
                    <z lem="27" ne="number" wd="27"/>
                  </spec>
                  <grup.nom gen="m" num="p">
                    <n gen="m" lem="any" num="p" pos="ncmp000" postype="common" sense="16:10917509" wd="anys"/>
                  </grup.nom>
                </sn>
              </sp>
              <conj conjunctiontype="coordinating">
                <c lem="i" pos="cc" postype="coordinating" wd="i"/>
              </conj>
              <s.a gen="f" num="s">
                <grup.a gen="f" num="s">
                  <a gen="f" lem="barceloní" num="s" pos="aq0fs0" postype="qualificative" wd="barcelonina"/>
                </grup.a>
              </s.a>
              <f lem="," pos="fc" punct="comma" wd=","/>
            </s.a>
          </grup.nom>
        </sn>
      </S>
    </S>
    <sp adjunct="yes" arg="argM" func="cc" tem="cau">
      <prep>
        <s lem="per" pos="sps00" postype="preposition" wd="per"/>
      </prep>
      <S clausetype="completive" impersonal="yes">
        <infinitiu>
          <v lem="haver" mood="infinitive" pos="van0000" postype="auxiliary" wd="haver"/>
          <v gen="m" lem="atracar" lss="A21.transitive-agentive-patient" mood="participle" num="s" pos="vmp00sm" postype="main" wd="atracat"/>
        </infinitiu>
        <sn arg="arg1" func="cd" tem="pat">
          <spec gen="f" num="s">
            <d gen="f" lem="un" num="s" pos="di0fs0" postype="indefinite" wd="una"/>
          </spec>
          <grup.nom gen="f" num="s">
            <n gen="f" lem="sucursal" num="s" pos="ncfs000" postype="common" sense="16:02418164" wd="sucursal"/>
            <s.a gen="f" num="s">
              <grup.a gen="f" num="s">
                <a gen="f" lem="bancari" num="s" pos="aq0fs0" postype="qualificative" wd="bancària"/>
              </grup.a>
            </s.a>
            <sp>
              <prep>
                <s lem="de" pos="sps00" postype="preposition" wd="de"/>
              </prep>
              <sn>
                <spec gen="f" num="s">
                  <d gen="f" lem="el" num="s" pos="da0fs0" postype="article" wd="la"/>
                </spec>
                <grup.nom gen="f" num="s">
                  <n gen="f" lem="població" num="s" pos="ncfs000" postype="common" sense="16:06382213" wd="població"/>
                </grup.nom>
              </sn>
            </sp>
          </grup.nom>
        </sn>
        <sp arg="argM" func="cc" tem="adv">
          <prep>
            <s lem="amb" pos="sps00" postype="preposition" wd="amb"/>
          </prep>
          <sn>
            <spec gen="f" num="s">
              <d gen="f" lem="un" num="s" pos="di0fs0" postype="indefinite" wd="una"/>
            </spec>
            <grup.nom gen="f" num="s">
              <n gen="f" lem="escopeta" num="s" pos="ncfs000" postype="common" sense="16:03328179" wd="escopeta"/>
              <sp>
                <prep>
                  <s lem="de" pos="sps00" postype="preposition" wd="de"/>
                </prep>
                <sn>
                  <grup.nom gen="m" num="p">
                    <n gen="m" lem="canó" num="p" pos="ncmp000" postype="common" sense="16:02253986" wd="canons"/>
                    <S clausetype="participle" impersonal="yes">
                      <participi>
                        <a gen="m" lem="retallat" num="p" pos="aq0mpp" posfunction="participle" postype="qualificative" wd="retallats"/>
                      </participi>
                    </S>
                  </grup.nom>
                </sn>
              </sp>
            </grup.nom>
          </sn>
        </sp>
      </S>
    </sp>
    <f lem="." pos="fp" punct="period" wd="."/>
  </sentence>
  <sentence coord="yes">
    <S>
      <sn arg="arg1" func="suj" tem="pat">
        <spec gen="f" num="s">
          <d gen="f" lem="el" num="s" pos="da0fs0" postype="article" wd="La"/>
        </spec>
        <grup.nom gen="f" num="s">
          <n gen="f" lem="resolució" num="s" pos="ncfs000" postype="common" sense="16:04887532" wd="resolució"/>
          <S clausetype="participle" impersonal="yes">
            <f lem="," pos="fc" punct="comma" wd=","/>
            <participi>
              <a gen="f" lem="facilitat" lss="B22.unaccusative-passive-transitive" num="s" pos="aq0fsp" posfunction="participle" postype="qualificative" wd="facilitada"/>
            </participi>
            <sp arg="arg2" func="ci" tem="ben">
              <prep>
                <s lem="a" pos="sps00" postype="preposition" wd="a"/>
              </prep>
              <sn entityref="ne" ne="organization">
                <grup.nom>
                  <n lem="INTRA-ACN" ne="organization" pos="np0000o" postype="proper" sense="16:cs1" wd="INTRA-ACN"/>
                </grup.nom>
              </sn>
            </sp>
            <f lem="," pos="fc" punct="comma" wd=","/>
          </S>
        </grup.nom>
      </sn>
      <grup.verb>
        <v lem="haver" mood="indicative" num="s" person="3" pos="vaip3s0" postype="auxiliary" tense="present" wd="ha"/>
        <v gen="m" lem="ser" mood="participle" num="s" pos="vsp00sm" postype="semiauxiliary" wd="estat"/>
        <v gen="f" lem="dictar" lss="B22.unaccusative-passive-transitive" mood="participle" num="s" pos="vmp00sf" postype="main" wd="dictada"/>
      </grup.verb>
      <sp arg="arg0" func="cag" tem="agt">
        <prep>
          <s contracted="yes" gen="m" lem="pel" num="s" pos="spcms" postype="preposition" wd="pel"/>
        </prep>
        <sn>
          <grup.nom gen="m" num="s">
            <n gen="m" lem="tribunal" num="s" pos="ncms000" postype="common" sense="16:06176884" wd="tribunal"/>
            <sp>
              <prep>
                <s lem="de" pos="sps00" postype="preposition" wd="de"/>
              </prep>
              <sn entityref="ne" ne="location">
                <spec gen="f" num="s">
                  <d gen="f" lem="el" num="s" pos="da0fs0" postype="article" wd="la"/>
                </spec>
                <grup.nom gen="f" num="s">
                  <n gen="f" lem="secció" num="s" pos="ncfs000" postype="common" sense="16:06102171" wd="secció"/>
                  <s.a gen="f" num="s">
                    <grup.a gen="f" num="s">
                      <a gen="f" lem="vuitè" num="s" pos="ao0fs0" postype="ordinal" wd="vuitena"/>
                    </grup.a>
                  </s.a>
                  <sp>
                    <prep>
                      <s lem="de" pos="sps00" postype="preposition" wd="de"/>
                    </prep>
                    <sn entityref="ne" ne="organization">
                      <spec gen="f" num="s">
                        <d gen="c" lem="el" num="s" pos="da0cs0" postype="article" wd="l'"/>
                      </spec>
                      <grup.nom gen="f" num="s">
                        <n lem="Audiència" ne="organization" pos="np0000o" postype="proper" sense="16:cs1" wd="Audiència"/>
                      </grup.nom>
                    </sn>
                  </sp>
                </grup.nom>
              </sn>
            </sp>
          </grup.nom>
        </sn>
      </sp>
    </S>
    <conj conjunctiontype="coordinating">
      <c lem="i" pos="cc" postype="coordinating" wd="i"/>
    </conj>
    <S>
      <sn arg="arg0" elliptic="yes" func="suj" tem="agt"/>
      <grup.verb>
        <v lem="considerar" lss="A21.transitive-agentive-patient" mood="indicative" num="s" person="3" pos="vmip3s0" postype="main" tense="present" wd="considera"/>
      </grup.verb>
      <S arg="arg1" clausetype="completive" func="cd" tem="pat">
        <conj conjunctiontype="subordinating">
          <c lem="que" pos="cs" postype="subordinating" wd="que"/>
        </conj>
        <sn arg="arg1" func="suj" tem="pat">
          <spec gen="f" num="s">
            <d gen="f" lem="el" num="s" pos="da0fs0" postype="article" wd="la"/>
          </spec>
          <grup.nom gen="f" num="s">
            <n gen="f" lem="versió" num="s" pos="ncfs000" postype="common" sense="16:04497422" wd="versió"/>
            <s.a gen="f" num="s">
              <grup.a gen="f" num="s">
                <a gen="f" lem="exculpatori" num="s" pos="aq0fs0" postype="qualificative" wd="exculpatòria"/>
              </grup.a>
            </s.a>
            <S clausetype="relative">
              <relatiu arg="arg1" func="cd" tem="pat">
                <p gen="c" lem="que" num="c" pos="pr0cn000" postype="relative" wd="que"/>
              </relatiu>
              <grup.verb>
                <v lem="anar" mood="indicative" num="s" person="3" pos="vaip3s0" postype="auxiliary" tense="present" wd="va"/>
                <v lem="donar" lss="A32.ditransitive-patient-benefactive" mood="infinitive" pos="vmn0000" postype="main" wd="donar"/>
              </grup.verb>
              <sn arg="arg0" func="suj" tem="agt">
                <spec gen="m" num="s">
                  <d gen="m" lem="el" num="s" pos="da0ms0" postype="article" wd="el"/>
                </spec>
                <grup.nom gen="m" num="s">
                  <n gen="m" lem="processat" num="s" pos="ncms000" postype="common" sense="16:cs1" wd="processat"/>
                </grup.nom>
              </sn>
              <sp arg="argM" func="cc" tem="tmp">
                <prep>
                  <s lem="durant" pos="sps00" postype="preposition" wd="durant"/>
                </prep>
                <sn>
                  <spec gen="m" num="s">
                    <d gen="m" lem="el" num="s" pos="da0ms0" postype="article" wd="el"/>
                  </spec>
                  <grup.nom gen="m" num="s">
                    <n gen="m" lem="judici" num="s" pos="ncms000" postype="common" sense="16:00775201" wd="judici"/>
                  </grup.nom>
                </sn>
              </sp>
            </S>
            <S clausetype="relative">
              <f lem="," pos="fc" punct="comma" wd=","/>
              <sp func="ao">
                <prep>
                  <s lem="segons" pos="sps00" postype="preposition" wd="segons"/>
                </prep>
                <relatiu>
                  <d gen="f" lem="el" num="s" pos="da0fs0" postype="article" wd="la"/>
                  <p gen="c" lem="qual" num="s" pos="pr0cs000" postype="relative" wd="qual"/>
                </relatiu>
              </sp>
              <sn arg="arg1" elliptic="yes" func="suj" tem="tem"/>
              <sadv func="mod">
                <grup.adv>
                  <r lem="ni_tan_sols" pos="rg" wd="ni_tan_sols"/>
                </grup.adv>
              </sadv>
              <grup.verb>
                <v lem="tenir" lss="C21.state-attributive" mood="indicative" num="s" person="3" pos="vmii3s0" postype="main" tense="imperfect" wd="tenia"/>
              </grup.verb>
              <sn arg="arg2" func="cd" functype="quantitative" tem="atr">
                <grup.nom gen="f" num="s">
                  <n gen="f" lem="relació" num="s" pos="ncfs000" postype="common" sense="16:10036039" wd="relació"/>
                </grup.nom>
              </sn>
              <sp arg="argM" func="cc" tem="adv">
                <prep>
                  <s lem="amb" pos="sps00" postype="preposition" wd="amb"/>
                </prep>
                <sn>
                  <spec gen="f" num="s">
                    <d gen="f" lem="el" num="s" pos="da0fs0" postype="article" wd="la"/>
                  </spec>
                  <grup.nom gen="f" num="s">
                    <n gen="f" lem="noia" num="s" pos="ncfs000" postype="common" sense="16:07291010" wd="noia"/>
                  </grup.nom>
                </sn>
              </sp>
              <f lem="," pos="fc" punct="comma" wd=","/>
            </S>
          </grup.nom>
        </sn>
        <grup.verb>
          <v lem="anar" mood="indicative" num="s" person="3" pos="vaip3s0" postype="auxiliary" tense="present" wd="va"/>
          <v lem="ser" mood="infinitive" pos="vsn0000" postype="semiauxiliary" wd="ser"/>
          <v gen="f" lem="desmuntar" lss="B22.unaccusative-passive-transitive" mood="participle" num="s" pos="vmp00sf" postype="main" wd="desmuntada"/>
        </grup.verb>
        <sp arg="argM" func="cc" tem="cau">
          <prep>
            <s contracted="yes" gen="m" lem="pel" num="s" pos="spcms" postype="preposition" wd="pel"/>
          </prep>
          <sn>
            <grup.nom gen="m" num="s">
              <n gen="m" lem="fet" num="s" pos="ncms000" postype="common" sense="16:05432762" wd="fet"/>
              <S clausetype="completive" coord="yes">
                <conj conjunctiontype="subordinating">
                  <c lem="que" pos="cs" postype="subordinating" wd="que"/>
                </conj>
                <S clausetype="completive">
                  <sn arg="arg1" func="suj" tem="pat">
                    <spec gen="m" num="p">
                      <d gen="m" lem="el" num="p" pos="da0mp0" postype="article" wd="els"/>
                    </spec>
                    <grup.nom gen="m" num="p">
                      <p gen="m" lem="dos" num="p" pos="pn0mp000" postype="numeral" wd="dos"/>
                    </grup.nom>
                  </sn>
                  <grup.verb>
                    <v lem="anar" mood="indicative" num="p" person="3" pos="vaip3p0" postype="auxiliary" tense="present" wd="van"/>
                    <v lem="ser" mood="infinitive" pos="vsn0000" postype="semiauxiliary" wd="ser"/>
                    <v gen="m" lem="detenir" lss="B22.unaccusative-passive-transitive" mood="participle" num="p" pos="vmp00pm" postype="main" wd="detinguts"/>
                  </grup.verb>
                  <sa arg="argM" func="cpred" predicate="suj" tem="atr">
                    <grup.a>
                      <a gen="m" lem="junt" num="p" pos="aq0mp0" postype="qualificative" wd="junts"/>
                    </grup.a>
                  </sa>
                </S>
                <conj conjunctiontype="coordinating">
                  <c lem="i" pos="cc" postype="coordinating" wd="i"/>
                </conj>
                <S clausetype="completive">
                  <sn arg="arg0" elliptic="yes" func="suj" tem="agt"/>
                  <grup.verb>
                    <v lem="haver" mood="indicative" num="p" person="3" pos="vaii3p0" postype="auxiliary" tense="imperfect" wd="havien"/>
                    <v gen="m" lem="fer" lss="A21.transitive-agentive-patient" mood="participle" num="s" pos="vmp00sm" postype="main" wd="fet"/>
                  </grup.verb>
                  <sn arg="arg1" func="cd" tem="pat">
                    <spec gen="f" num="p">
                      <d gen="f" lem="algun" num="p" pos="di0fp0" postype="indefinite" wd="algunes"/>
                    </spec>
                    <grup.nom gen="f" num="p">
                      <n gen="f" lem="gestió" num="p" pos="ncfp000" postype="common" sense="16:05347846" wd="gestions"/>
                    </grup.nom>
                  </sn>
                  <sp arg="argM" func="cc" tem="loc">
                    <prep>
                      <s lem="a" pos="sps00" postype="preposition" wd="a"/>
                    </prep>
                    <sn>
                      <spec gen="f" num="s">
                        <d gen="f" lem="el" num="s" pos="da0fs0" postype="article" wd="la"/>
                      </spec>
                      <grup.nom gen="f" num="s">
                        <n gen="f" lem="població" num="s" pos="ncfs000" postype="common" sense="16:06382213" wd="població"/>
                      </grup.nom>
                    </sn>
                  </sp>
                </S>
              </S>
            </grup.nom>
          </sn>
        </sp>
      </S>
    </S>
    <f lem="." pos="fp" punct="period" wd="."/>
  </sentence>
  <sentence coord="yes">
    <S adjunct="yes" clausetype="adverbial" func="ao">
      <conj conjunctiontype="subordinating">
        <c lem="segons" pos="cs" postype="subordinating" wd="Segons"/>
      </conj>
      <grup.verb>
        <v lem="relatar" lss="A21.transitive-agentive-patient" mood="indicative" num="s" person="3" pos="vmip3s0" postype="main" tense="present" wd="relata"/>
      </grup.verb>
      <sn arg="arg0" func="suj" tem="agt">
        <spec gen="f" num="s">
          <d gen="f" lem="el" num="s" pos="da0fs0" postype="article" wd="la"/>
        </spec>
        <grup.nom gen="f" num="s">
          <n gen="f" lem="sentència" num="s" pos="ncfs000" postype="common" sense="16:04918568" wd="sentència"/>
        </grup.nom>
      </sn>
      <f lem="," pos="fc" punct="comma" wd=","/>
    </S>
    <S coord="yes">
      <S>
        <sn arg="arg1" func="suj" tem="tem">
          <spec gen="f" num="s">
            <d gen="f" lem="el" num="s" pos="da0fs0" postype="article" wd="la"/>
          </spec>
          <grup.nom gen="f" num="s">
            <n gen="c" lem="jove" num="s" pos="nccs000" postype="common" sense="16:07692038" wd="jove"/>
          </grup.nom>
        </sn>
        <grup.verb>
          <v lem="anar" mood="indicative" num="s" person="3" pos="vaip3s0" postype="auxiliary" tense="present" wd="va"/>
          <v lem="entrar" lss="B22.unaccusative-passive-transitive" mood="infinitive" pos="vmn0000" postype="main" wd="entrar"/>
        </grup.verb>
        <sp arg="arg2" func="cc" tem="loc">
          <prep>
            <s lem="a" pos="sps00" postype="preposition" wd="a"/>
          </prep>
          <sn entityref="ne" ne="location">
            <spec gen="f" num="s">
              <d gen="c" lem="el" num="s" pos="da0cs0" postype="article" wd="l'"/>
            </spec>
            <grup.nom gen="f" num="s">
              <n gen="f" lem="oficina" num="s" pos="ncfs000" postype="common" sense="16:03052755" wd="oficina"/>
              <s.a gen="f" num="s">
                <grup.a gen="f" num="s">
                  <a gen="f" lem="bancari" num="s" pos="aq0fs0" postype="qualificative" wd="bancària"/>
                </grup.a>
              </s.a>
              <sp>
                <prep>
                  <s lem="de" pos="sps00" postype="preposition" wd="de"/>
                </prep>
                <sn entityref="ne" ne="organization">
                  <grup.nom>
                    <f lem="&quot;" pos="fe" punct="quotation" wd="&quot;"/>
                    <n lem="La_Caixa" ne="organization" pos="np0000o" postype="proper" sense="16:cs1" wd="La_Caixa"/>
                    <f lem="&quot;" pos="fe" punct="quotation" wd="&quot;"/>
                  </grup.nom>
                </sn>
              </sp>
              <S clausetype="relative">
                <relatiu arg="arg1" func="cd" functype="quantitative" tem="tem">
                  <p gen="c" lem="que" num="c" pos="pr0cn000" postype="relative" wd="que"/>
                </relatiu>
                <morfema.pronominal>
                  <p gen="c" lem="hi" num="c" person="3" pos="pp3cn000" postype="personal" wd="hi"/>
                </morfema.pronominal>
                <grup.verb>
                  <v lem="haver" lss="C11.state-existential" mood="indicative" num="s" person="3" pos="vmip3s0" postype="main" tense="present" wd="ha"/>
                </grup.verb>
                <sp arg="argM" func="cc" tem="loc">
                  <prep>
                    <s lem="a" pos="sps00" postype="preposition" wd="a"/>
                  </prep>
                  <sn entityref="ne" ne="location">
                    <spec gen="f" num="s">
                      <d gen="f" lem="el" num="s" pos="da0fs0" postype="article" wd="la"/>
                    </spec>
                    <grup.nom gen="f" num="s">
                      <n gen="f" lem="rambla" num="s" pos="ncfs000" postype="common" sense="16:02604969" wd="rambla"/>
                      <sp>
                        <prep>
                          <s lem="de" pos="sps00" postype="preposition" wd="de"/>
                        </prep>
                        <sn entityref="ne" ne="location">
                          <grup.nom>
                            <n lem="Sant_Isidre" ne="location" pos="np0000l" postype="proper" sense="16:cs1" wd="Sant_Isidre"/>
                          </grup.nom>
                        </sn>
                      </sp>
                      <sp>
                        <prep>
                          <s lem="de" pos="sps00" postype="preposition" wd="d'"/>
                        </prep>
                        <sn entityref="ne" ne="location">
                          <grup.nom>
                            <n lem="Igualada" ne="location" pos="np0000l" postype="proper" sense="16:cs1" wd="Igualada"/>
                          </grup.nom>
                        </sn>
                      </sp>
                    </grup.nom>
                  </sn>
                </sp>
              </S>
            </grup.nom>
          </sn>
        </sp>
        <sp arg="argM" func="cpred" predicate="suj" tem="atr">
          <prep>
            <s lem="com_a" pos="sps00" postype="preposition" wd="com_a"/>
          </prep>
          <sn>
            <grup.nom gen="f" num="s">
              <n gen="f" lem="clienta" num="s" pos="ncfs000" postype="common" sense="16:07197725" wd="clienta"/>
            </grup.nom>
          </sn>
        </sp>
        <f lem="," pos="fc" punct="comma" wd=","/>
      </S>
      <conj conjunctiontype="coordinating">
        <c lem="i" pos="cc" postype="coordinating" wd="i"/>
      </conj>
      <S>
        <S arg="argM" clausetype="adverbial" func="cc" tem="tmp">
          <conj conjunctiontype="subordinating">
            <c lem="un_cop" pos="cs" postype="subordinating" wd="un_cop"/>
          </conj>
          <sn arg="arg0" func="suj" tem="agt">
            <spec gen="m" num="p">
              <d gen="m" lem="el" num="p" pos="da0mp0" postype="article" wd="els"/>
            </spec>
            <grup.nom gen="m" num="p">
              <n gen="m" lem="empleat" num="p" pos="ncmp000" postype="common" sense="16:07240707" wd="empleats"/>
            </grup.nom>
          </sn>
          <grup.verb>
            <v lem="anar" mood="indicative" num="p" person="3" pos="vaip3p0" postype="auxiliary" tense="present" wd="van"/>
            <v lem="permetre" lss="A32.ditransitive-patient-benefactive" mood="infinitive" pos="vmn0000" postype="main" wd="permetre"/>
          </grup.verb>
          <sn arg="arg2" func="ci" tem="ben">
            <grup.nom num="s">
              <p case="dative" gen="c" lem="ell" num="s" person="3" pos="pp3csd00" postype="personal" wd="-li"/>
            </grup.nom>
          </sn>
          <sn arg="arg1" func="cd" tem="pat">
            <spec gen="m" num="s">
              <d gen="c" lem="el" num="s" pos="da0cs0" postype="article" wd="l'"/>
            </spec>
            <grup.nom gen="m" num="s">
              <n gen="m" lem="accés" num="s" pos="ncms000" postype="common" sense="16:00027115" wd="accés"/>
            </grup.nom>
          </sn>
          <S arg="argM" clausetype="adverbial" func="cc" tem="cau">
            <f lem="," pos="fc" punct="comma" wd=","/>
            <conj conjunctiontype="subordinating">
              <c lem="ja_que" pos="cs" postype="subordinating" wd="ja_que"/>
            </conj>
            <sn arg="arg0" elliptic="yes" func="suj" tem="agt"/>
            <sn arg="arg1" func="cd" tem="pat">
              <grup.nom gen="f" num="s">
                <p case="accusative" gen="f" lem="ell" num="s" person="3" pos="pp3fsa00" postype="personal" wd="la"/>
              </grup.nom>
            </sn>
            <grup.verb>
              <v lem="conèixer" lss="A21.transitive-agentive-patient" mood="indicative" num="p" person="3" pos="vmii3p0" postype="main" tense="imperfect" wd="coneixien"/>
            </grup.verb>
            <sp arg="argM" func="cc" tem="loc">
              <prep>
                <s contracted="yes" gen="m" lem="del" num="s" pos="spcms" postype="preposition" wd="del"/>
              </prep>
              <sn>
                <grup.nom gen="m" num="s">
                  <n gen="m" lem="barri" num="s" pos="ncms000" postype="common" sense="16:06293689" wd="barri"/>
                </grup.nom>
              </sn>
            </sp>
            <f lem="," pos="fc" punct="comma" wd=","/>
          </S>
        </S>
        <sn arg="arg0" func="suj" tem="agt">
          <grup.nom gen="f" num="s">
            <p gen="f" lem="ell" num="s" person="3" pos="pp3fs000" postype="personal" wd="ella"/>
          </grup.nom>
        </sn>
        <grup.verb>
          <v lem="anar" mood="indicative" num="s" person="3" pos="vaip3s0" postype="auxiliary" tense="present" wd="va"/>
          <v lem="deixar" lss="A21.transitive-agentive-patient" mood="infinitive" pos="vmn0000" postype="main" wd="deixar"/>
        </grup.verb>
        <sn arg="arg1" func="cd" tem="pat">
          <spec gen="f" num="s">
            <d gen="f" lem="el" num="s" pos="da0fs0" postype="article" wd="la"/>
          </spec>
          <grup.nom gen="f" num="s">
            <n gen="f" lem="porta" num="s" pos="ncfs000" postype="common" sense="16:02588950" wd="porta"/>
          </grup.nom>
        </sn>
        <S arg="arg2" clausetype="participle" func="cpred" impersonal="yes" predicate="cd" tem="atr">
          <participi>
            <a gen="f" lem="obert" num="s" pos="aq0fsp" posfunction="participle" postype="qualificative" wd="oberta"/>
          </participi>
        </S>
        <S arg="argM" clausetype="adverbial" func="cc" tem="fin">
          <conj conjunctiontype="subordinating">
            <c lem="per_tal_que" pos="cs" postype="subordinating" wd="per_tal_que"/>
          </conj>
          <sadv arg="argM" func="cc" tem="tmp">
            <grup.adv>
              <r lem="tot_seguit" pos="rg" wd="tot_seguit"/>
            </grup.adv>
          </sadv>
          <grup.verb>
            <v lem="poder" mood="subjunctive" num="s" person="3" pos="vmsi3s0" postype="main" tense="imperfect" wd="pogués"/>
            <infinitiu>
              <v lem="entrar" lss="B11.unaccusative-motion" mood="infinitive" pos="vmn0000" postype="main" wd="entrar"/>
            </infinitiu>
          </grup.verb>
          <sn arg="arg1" func="suj" tem="tem">
            <spec gen="m" num="s">
              <d gen="c" lem="el" num="s" pos="da0cs0" postype="article" wd="l'"/>
            </spec>
            <grup.nom gen="m" num="s">
              <n gen="m" lem="acusat" num="s" pos="ncms000" postype="common" sense="16:07059160" wd="acusat"/>
              <S clausetype="relative">
                <f lem="," pos="fc" punct="comma" wd=","/>
                <relatiu arg="arg0" func="suj" tem="agt">
                  <p gen="c" lem="que" num="c" pos="pr0cn000" postype="relative" wd="que"/>
                </relatiu>
                <sp arg="argM" func="cc" tem="adv">
                  <prep>
                    <s lem="amb" pos="sps00" postype="preposition" wd="amb"/>
                  </prep>
                  <sn coord="yes">
                    <sn>
                      <spec gen="m" num="s">
                        <d gen="m" lem="un" num="s" pos="di0ms0" postype="indefinite" wd="un"/>
                      </spec>
                      <grup.nom gen="m" num="s">
                        <n gen="m" lem="passamuntanyes" num="c" pos="ncmn000" postype="common" sense="16:03345684" wd="passamuntanyes"/>
                      </grup.nom>
                    </sn>
                    <f lem="," pos="fc" punct="comma" wd=","/>
                    <sn>
                      <spec gen="f" num="s">
                        <d gen="f" lem="un" num="s" pos="di0fs0" postype="indefinite" wd="una"/>
                      </spec>
                      <grup.nom gen="f" num="s">
                        <n gen="f" lem="pistola" num="s" pos="ncfs000" postype="common" sense="16:03131514" wd="pistola"/>
                      </grup.nom>
                    </sn>
                    <conj conjunctiontype="coordinating">
                      <c lem="i" pos="cc" postype="coordinating" wd="i"/>
                    </conj>
                    <sn>
                      <spec gen="f" num="s">
                        <d gen="f" lem="un" num="s" pos="di0fs0" postype="indefinite" wd="una"/>
                      </spec>
                      <grup.nom gen="f" num="s">
                        <n gen="f" lem="escopeta" num="s" pos="ncfs000" postype="common" sense="16:03328179" wd="escopeta"/>
                        <sp>
                          <prep>
                            <s lem="de" pos="sps00" postype="preposition" wd="de"/>
                          </prep>
                          <sn>
                            <grup.nom gen="m" num="p">
                              <n gen="m" lem="canó" num="p" pos="ncmp000" postype="common" sense="16:02253986" wd="canons"/>
                              <S clausetype="participle" impersonal="yes">
                                <participi>
                                  <a gen="m" lem="retallat" num="p" pos="aq0mpp" posfunction="participle" postype="qualificative" wd="retallats"/>
                                </participi>
                              </S>
                            </grup.nom>
                          </sn>
                        </sp>
                      </grup.nom>
                    </sn>
                  </sn>
                </sp>
                <grup.verb>
                  <v lem="anar" mood="indicative" num="s" person="3" pos="vaip3s0" postype="auxiliary" tense="present" wd="va"/>
                  <v lem="atracar" lss="A21.transitive-agentive-patient" mood="infinitive" pos="vmn0000" postype="main" wd="atracar"/>
                </grup.verb>
                <sn arg="arg1" func="cd" tem="pat">
                  <spec gen="m" num="s">
                    <d gen="m" lem="el" num="s" pos="da0ms0" postype="article" wd="el"/>
                  </spec>
                  <grup.nom gen="m" num="s">
                    <n gen="m" lem="banc" num="s" pos="ncms000" postype="common" sense="16:02247680" wd="banc"/>
                  </grup.nom>
                </sn>
              </S>
            </grup.nom>
          </sn>
        </S>
      </S>
    </S>
    <f lem="." pos="fp" punct="period" wd="."/>
  </sentence>
  <sentence>
    <sn arg="arg0" func="suj" tem="agt">
      <spec gen="m" num="s">
        <d gen="c" lem="el" num="s" pos="da0cs0" postype="article" wd="L'"/>
      </spec>
      <grup.nom gen="m" num="s">
        <n gen="m" lem="acusat" num="s" pos="ncms000" postype="common" sense="16:07059160" wd="acusat"/>
      </grup.nom>
    </sn>
    <grup.verb>
      <v lem="anar" mood="indicative" num="s" person="3" pos="vaip3s0" postype="auxiliary" tense="present" wd="va"/>
      <v lem="obtenir" lss="A34.ditransitive-patient-theme" mood="infinitive" pos="vmn0000" postype="main" wd="obtenir"/>
    </grup.verb>
    <sp arg="argM" func="cc" tem="mnr">
      <prep>
        <s lem="amb" pos="sps00" postype="preposition" wd="amb"/>
      </prep>
      <sn>
        <spec gen="m" num="s">
          <d gen="m" lem="aquest" num="s" pos="dd0ms0" postype="demonstrative" wd="aquest"/>
        </spec>
        <grup.nom gen="m" num="s">
          <n gen="m" lem="procediment" num="s" pos="ncms000" postype="common" sense="16:00660718" wd="procediment"/>
        </grup.nom>
      </sn>
    </sp>
    <sn arg="arg1" entityref="ne" func="cd" ne="number" tem="pat">
      <spec gen="f" num="p">
        <d gen="m" lem="un" num="s" pos="di0ms0" postype="indefinite" wd="un"/>
        <n gen="m" lem="total" num="s" pos="ncms000" postype="common" sense="16:04511080" wd="total"/>
        <s lem="de" pos="sps00" postype="preposition" wd="de"/>
        <z lem="938000" ne="number" wd="938.000"/>
      </spec>
      <grup.nom gen="f" num="p">
        <z lem="pesseta" ne="number" pos="zm" postype="currency" wd="pessetes"/>
      </grup.nom>
    </sn>
    <S arg="argM" clausetype="adverbial" func="cc" tem="tmp">
      <f lem="," pos="fc" punct="comma" wd=","/>
      <conj conjunctiontype="subordinating">
        <c lem="mentre" pos="cs" postype="subordinating" wd="mentre"/>
      </conj>
      <sn arg="arg0" func="suj" tem="agt">
        <spec gen="f" num="s">
          <d gen="f" lem="el" num="s" pos="da0fs0" postype="article" wd="la"/>
        </spec>
        <grup.nom gen="f" num="s">
          <n gen="f" lem="noia" num="s" pos="ncfs000" postype="common" sense="16:07291010" wd="noia"/>
        </grup.nom>
      </sn>
      <grup.verb>
        <v lem="fingir" lss="A21.transitive-agentive-patient" mood="indicative" num="s" person="3" pos="vmii3s0" postype="main" tense="imperfect" wd="fingia"/>
      </grup.verb>
      <S arg="arg1" clausetype="completive" coord="yes" func="cd" impersonal="yes" tem="pat">
        <S clausetype="completive" impersonal="yes">
          <infinitiu>
            <v lem="estar" lss="C21.state-attributive" mood="infinitive" pos="vmn0000" postype="main" wd="estar"/>
          </infinitiu>
          <sa arg="arg2" complex="yes" func="atr" tem="atr">
            <grup.a coord="yes">
              <grup.a>
                <a gen="f" lem="nerviós" num="s" pos="aq0fs0" postype="qualificative" wd="nerviosa"/>
              </grup.a>
              <conj conjunctiontype="coordinating">
                <c lem="i" pos="cc" postype="coordinating" wd="i"/>
              </conj>
              <grup.a>
                <a gen="f" lem="atemorit" num="s" pos="aq0fsp" posfunction="participle" postype="qualificative" wd="atemorida"/>
              </grup.a>
            </grup.a>
          </sa>
        </S>
        <conj conjunctiontype="coordinating">
          <c lem="i" pos="cc" postype="coordinating" wd="i"/>
        </conj>
        <S clausetype="completive" impersonal="yes">
          <neg func="mod">
            <r lem="no" pos="rn" postype="negative" wd="no"/>
          </neg>
          <infinitiu>
            <v lem="conèixer" lss="A21.transitive-agentive-patient" mood="infinitive" pos="vmn0000" postype="main" wd="conèixer"/>
          </infinitiu>
          <sp func="mod">
            <prep>
              <s lem="de" pos="sps00" postype="preposition" wd="de"/>
            </prep>
            <sn>
              <grup.nom num="s">
                <p gen="c" lem="res" num="s" pos="pi0cs000" postype="indefinite" wd="res"/>
              </grup.nom>
            </sn>
          </sp>
          <sn arg="arg1" func="cd" tem="pat">
            <spec gen="m" num="s">
              <d gen="m" lem="el" num="s" pos="da0ms0" postype="article" wd="el"/>
            </spec>
            <grup.nom gen="m" num="s">
              <n gen="m" lem="processat" num="s" pos="ncms000" postype="common" sense="16:cs1" wd="processat"/>
            </grup.nom>
          </sn>
        </S>
      </S>
    </S>
    <f lem="." pos="fp" punct="period" wd="."/>
  </sentence>
  <sentence>
    <sn arg="arg1" func="suj" tem="pat">
      <grup.nom gen="m" num="p">
        <p gen="m" lem="ambdós" num="p" pos="pn0mp000" postype="numeral" wd="Ambdós"/>
      </grup.nom>
    </sn>
    <grup.verb>
      <v lem="anar" mood="indicative" num="p" person="3" pos="vaip3p0" postype="auxiliary" tense="present" wd="van"/>
      <v lem="ser" mood="infinitive" pos="vsn0000" postype="semiauxiliary" wd="ser"/>
      <v gen="m" lem="detenir" lss="B22.unaccusative-passive-transitive" mood="participle" num="p" pos="vmp00pm" postype="main" wd="detinguts"/>
    </grup.verb>
    <sadv arg="argM" func="cc" tem="tmp">
      <sn adjunct="yes">
        <spec gen="m" num="s">
          <d gen="m" lem="poc" num="s" pos="di0ms0" postype="indefinite" wd="poc"/>
        </spec>
        <grup.nom gen="m" num="s">
          <n gen="m" lem="temps" num="c" pos="ncmn000" postype="common" sense="16:00015594" wd="temps"/>
        </grup.nom>
      </sn>
      <sadv>
        <grup.adv>
          <r lem="després" pos="rg" wd="després"/>
        </grup.adv>
      </sadv>
    </sadv>
    <S arg="argM" clausetype="adverbial" func="cc" tem="tmp">
      <conj conjunctiontype="subordinating">
        <c lem="quan" pos="cs" postype="subordinating" wd="quan"/>
      </conj>
      <sn arg="arg1" elliptic="yes" func="suj" tem="tem"/>
      <grup.verb>
        <v lem="sortir" lss="B11.unaccusative-motion" mood="indicative" num="p" person="3" pos="vmii3p0" postype="main" tense="imperfect" wd="sortien"/>
      </grup.verb>
      <sp arg="arg3" func="cc" tem="ori">
        <prep>
          <s lem="de" pos="sps00" postype="preposition" wd="d'"/>
        </prep>
        <sn>
          <spec gen="m" num="s">
            <d gen="m" lem="un" num="s" pos="di0ms0" postype="indefinite" wd="un"/>
          </spec>
          <grup.nom gen="m" num="s">
            <n gen="m" lem="caixer" num="s" pos="ncms000" postype="common" sense="16:07635239" wd="caixer"/>
            <s.a gen="m" num="s">
              <grup.a gen="m" num="s">
                <a gen="m" lem="automàtic" num="s" pos="aq0ms0" postype="qualificative" wd="automàtic"/>
              </grup.a>
            </s.a>
            <sp>
              <prep>
                <s lem="de" pos="sps00" postype="preposition" wd="d'"/>
              </prep>
              <sn>
                <spec gen="f" num="s">
                  <d gen="f" lem="un" num="s" pos="di0fs0" postype="indefinite" wd="una"/>
                  <d gen="f" lem="altre" num="s" pos="di0fs0" postype="indefinite" wd="altra"/>
                </spec>
                <grup.nom gen="f" num="s">
                  <n gen="f" lem="oficina" num="s" pos="ncfs000" postype="common" sense="16:03052755" wd="oficina"/>
                  <s.a gen="f" num="s">
                    <grup.a gen="f" num="s">
                      <a gen="f" lem="bancari" num="s" pos="aq0fs0" postype="qualificative" wd="bancària"/>
                    </grup.a>
                  </s.a>
                </grup.nom>
              </sn>
            </sp>
            <S clausetype="relative">
              <relatiu arg="arg4" func="creg" tem="des">
                <p lem="on" pos="pr000000" postype="relative" wd="on"/>
              </relatiu>
              <sn arg="arg0" func="suj" tem="agt">
                <spec gen="m" num="s">
                  <d gen="m" lem="el" num="s" pos="da0ms0" postype="article" wd="el"/>
                </spec>
                <grup.nom gen="m" num="s">
                  <n gen="m" lem="processat" num="s" pos="ncms000" postype="common" sense="16:cs1" wd="processat"/>
                </grup.nom>
              </sn>
              <grup.verb>
                <v lem="anar" mood="indicative" num="s" person="3" pos="vaip3s0" postype="auxiliary" tense="present" wd="va"/>
                <v lem="anar" lss="D11.inergative-agentive" mood="infinitive" pos="vmn0000" postype="main" wd="anar"/>
              </grup.verb>
              <sp arg="argM" func="cc" tem="fin">
                <prep>
                  <s lem="a" pos="sps00" postype="preposition" wd="a"/>
                </prep>
                <S clausetype="completive" impersonal="yes">
                  <infinitiu>
                    <v lem="ingressar" lss="A21.transitive-agentive-patient" mood="infinitive" pos="vmn0000" postype="main" wd="ingressar"/>
                  </infinitiu>
                  <sn arg="arg1" func="cd" tem="pat">
                    <grup.nom gen="f" num="s">
                      <n gen="f" lem="part" num="s" pos="ncfs000" postype="common" sense="16:09561632" wd="part"/>
                      <sp>
                        <prep>
                          <s contracted="yes" gen="m" lem="del" num="s" pos="spcms" postype="preposition" wd="del"/>
                        </prep>
                        <sn>
                          <grup.nom gen="m" num="s">
                            <n gen="m" lem="botí" num="s" pos="ncms000" postype="common" sense="16:09543577" wd="botí"/>
                          </grup.nom>
                        </sn>
                      </sp>
                      <sn entityref="ne" ne="number">
                        <f lem="," pos="fc" punct="comma" wd=","/>
                        <spec gen="f" num="p">
                          <z lem="250000" ne="number" wd="250.000"/>
                        </spec>
                        <grup.nom gen="f" num="p">
                          <z lem="pesseta" ne="number" pos="zm" postype="currency" wd="pessetes"/>
                        </grup.nom>
                        <f lem="," pos="fc" punct="comma" wd=","/>
                      </sn>
                    </grup.nom>
                  </sn>
                  <sp arg="argM" func="cc" tem="loc">
                    <prep>
                      <s lem="en" pos="sps00" postype="preposition" wd="en"/>
                    </prep>
                    <sn>
                      <spec gen="m" num="s">
                        <d gen="m" lem="el_seu" num="s" person="3" pos="dp3ms0" postype="possessive" wd="el_seu"/>
                      </spec>
                      <grup.nom gen="m" num="s">
                        <n gen="m" lem="compte" num="s" pos="ncms000" postype="common" sense="16:09623476" wd="compte"/>
                        <s.a gen="m" num="s">
                          <grup.a gen="m" num="s">
                            <a gen="c" lem="corrent" num="s" pos="aq0cs0" postype="qualificative" wd="corrent"/>
                          </grup.a>
                        </s.a>
                      </grup.nom>
                    </sn>
                  </sp>
                </S>
              </sp>
            </S>
          </grup.nom>
        </sn>
      </sp>
    </S>
    <f lem="." pos="fp" punct="period" wd="."/>
  </sentence>
  <sentence coord="yes">
    <sp adjunct="yes" arg="argM" func="cc" tem="tmp">
      <prep>
        <s lem="en" pos="sps00" postype="preposition" wd="En"/>
      </prep>
      <sn>
        <spec gen="m" num="s">
          <d gen="m" lem="el" num="s" pos="da0ms0" postype="article" wd="el"/>
        </spec>
        <grup.nom gen="m" num="s">
          <n gen="m" lem="moment" num="s" pos="ncms000" postype="common" sense="16:10898122" wd="moment"/>
          <sp>
            <prep>
              <s lem="de" pos="sps00" postype="preposition" wd="de"/>
            </prep>
            <sn>
              <spec gen="f" num="s">
                <d gen="f" lem="el" num="s" pos="da0fs0" postype="article" wd="la"/>
              </spec>
              <grup.nom gen="f" num="s">
                <n gen="f" lem="detenció" num="s" pos="ncfs000" postype="common" sense="16:00054269" wd="detenció"/>
              </grup.nom>
            </sn>
          </sp>
        </grup.nom>
      </sn>
    </sp>
    <sp adjunct="yes" arg="argM" func="cc" tem="loc">
      <f lem="," pos="fc" punct="comma" wd=","/>
      <prep>
        <s lem="a" pos="sps00" postype="preposition" wd="a"/>
      </prep>
      <sn entityref="ne" ne="location">
        <spec gen="f" num="s">
          <d gen="f" lem="el" num="s" pos="da0fs0" postype="article" wd="la"/>
        </spec>
        <grup.nom gen="f" num="s">
          <n gen="f" lem="plaça" num="s" pos="ncfs000" postype="common" sense="16:06351418" wd="plaça"/>
          <sp>
            <prep>
              <s lem="de" pos="sps00" postype="preposition" wd="de"/>
            </prep>
            <sn entityref="ne" ne="other">
              <spec gen="f" num="s">
                <d gen="f" lem="el" num="s" pos="da0fs0" postype="article" wd="la"/>
              </spec>
              <grup.nom gen="f" num="s">
                <n lem="Creu" ne="other" pos="np0000a" postype="proper" sense="16:cs1" wd="Creu"/>
              </grup.nom>
            </sn>
          </sp>
          <sp>
            <prep>
              <s lem="de" pos="sps00" postype="preposition" wd="d'"/>
            </prep>
            <sn entityref="ne" ne="location">
              <grup.nom>
                <n lem="Igualada" ne="location" pos="np0000l" postype="proper" sense="16:cs1" wd="Igualada"/>
              </grup.nom>
            </sn>
          </sp>
        </grup.nom>
      </sn>
      <f lem="," pos="fc" punct="comma" wd=","/>
    </sp>
    <S coord="yes">
      <S>
        <sn arg="arg0" func="suj" tem="agt">
          <spec gen="m" num="s">
            <d gen="c" lem="el" num="s" pos="da0cs0" postype="article" wd="l'"/>
          </spec>
          <grup.nom gen="m" num="s">
            <n gen="m" lem="acusat" num="s" pos="ncms000" postype="common" sense="16:07059160" wd="acusat"/>
          </grup.nom>
        </sn>
        <grup.verb>
          <v lem="dur" lss="A31.ditransitive-patient-locative" mood="indicative" num="s" person="3" pos="vmii3s0" postype="main" tense="imperfect" wd="duia"/>
        </grup.verb>
        <sn arg="arg1" entityref="ne" func="cd" ne="number" tem="pat">
          <spec gen="f" num="p">
            <z lem="25000" ne="number" wd="25.000"/>
          </spec>
          <grup.nom gen="f" num="p">
            <z lem="pesseta" ne="number" pos="zm" postype="currency" wd="pessetes"/>
          </grup.nom>
        </sn>
      </S>
      <conj conjunctiontype="coordinating">
        <c lem="i" pos="cc" postype="coordinating" wd="i"/>
      </conj>
      <S>
        <sn arg="arg1" func="suj" tem="tem">
          <grup.nom gen="f" num="s">
            <p gen="f" lem="ell" num="s" person="3" pos="pp3fs000" postype="personal" wd="ella"/>
          </grup.nom>
        </sn>
        <sn arg="arg2" func="cd" functype="quantitative" tem="atr">
          <grup.nom>
            <p gen="c" lem="en" num="c" person="3" pos="pp3cn000" postype="personal" wd="en"/>
          </grup.nom>
        </sn>
        <grup.verb>
          <v lem="portar" lss="C21.state-attributive" mood="indicative" num="s" person="3" pos="vmii3s0" postype="main" tense="imperfect" wd="portava"/>
        </grup.verb>
        <sn arg="arg2" entityref="ne" func="cd" ne="number" tem="atr">
          <grup.nom gen="f" num="p">
            <z lem="20000" ne="number" wd="20.000"/>
          </grup.nom>
        </sn>
      </S>
    </S>
    <f lem="." pos="fp" punct="period" wd="."/>
  </sentence>
  <sentence>
    <sn arg="arg0" func="suj" tem="agt">
      <spec gen="f" num="s">
        <d gen="f" lem="el" num="s" pos="da0fs0" postype="article" wd="La"/>
      </spec>
      <grup.nom gen="f" num="s">
        <n gen="f" lem="policia" num="s" pos="ncfs000" postype="common" sense="16:06093563" wd="policia"/>
      </grup.nom>
    </sn>
    <grup.verb>
      <v lem="anar" mood="indicative" num="s" person="3" pos="vaip3s0" postype="auxiliary" tense="present" wd="va"/>
      <v lem="escorcollar" lss="A21.transitive-agentive-patient" mood="infinitive" pos="vmn0000" postype="main" wd="escorcollar"/>
    </grup.verb>
    <sadv arg="argM" func="cc" tem="tmp">
      <grup.adv>
        <r lem="tot_seguit" pos="rg" wd="tot_seguit"/>
      </grup.adv>
    </sadv>
    <sn arg="arg1" func="cd" tem="pat">
      <spec gen="m" num="s">
        <d gen="m" lem="el" num="s" pos="da0ms0" postype="article" wd="el"/>
      </spec>
      <grup.nom gen="m" num="s">
        <n gen="m" lem="domicili" num="s" pos="ncms000" postype="common" sense="16:02618194" wd="domicili"/>
        <S clausetype="relative">
          <relatiu arg="arg1" func="cd" tem="pat">
            <p gen="c" lem="que" num="c" pos="pr0cn000" postype="relative" wd="que"/>
          </relatiu>
          <sn arg="arg0" elliptic="yes" func="suj" tem="agt"/>
          <grup.verb>
            <v lem="compartir" lss="A34.ditransitive-patient-theme" mood="indicative" num="p" person="3" pos="vmii3p0" postype="main" tense="imperfect" wd="compartien"/>
          </grup.verb>
          <sp arg="argM" func="cc" tem="loc">
            <prep>
              <s lem="a" pos="sps00" postype="preposition" wd="a"/>
            </prep>
            <sn>
              <spec gen="f" num="s">
                <d gen="f" lem="el" num="s" pos="da0fs0" postype="article" wd="la"/>
              </spec>
              <grup.nom gen="f" num="s">
                <n gen="f" lem="població" num="s" pos="ncfs000" postype="common" sense="16:06382213" wd="població"/>
              </grup.nom>
            </sn>
          </sp>
        </S>
        <S clausetype="relative">
          <f lem="," pos="fc" punct="comma" wd=","/>
          <relatiu arg="argM" func="cc" tem="loc">
            <p lem="on" pos="pr000000" postype="relative" wd="on"/>
          </relatiu>
          <morfema.verbal func="pass">
            <p gen="c" lem="es" num="c" pos="p0000000" wd="es"/>
          </morfema.verbal>
          <grup.verb>
            <v lem="anar" mood="indicative" num="p" person="3" pos="vaip3p0" postype="auxiliary" tense="present" wd="van"/>
            <v lem="trobar" lss="B22.unaccusative-passive-transitive" mood="infinitive" pos="vmn0000" postype="main" wd="trobar"/>
          </grup.verb>
          <sn arg="arg1" coord="yes" func="suj" tem="pat">
            <sn>
              <spec gen="f" num="p">
                <d gen="f" lem="el" num="p" pos="da0fp0" postype="article" wd="les"/>
              </spec>
              <grup.nom gen="f" num="p">
                <n gen="f" lem="arma" num="p" pos="ncfp000" postype="common" sense="16:02215337" wd="armes"/>
                <S clausetype="participle" impersonal="yes">
                  <participi>
                    <a gen="f" lem="utilitzat" lss="B22.unaccusative-passive-transitive" num="p" pos="aq0fpp" posfunction="participle" postype="qualificative" wd="utilitzades"/>
                  </participi>
                  <sp arg="argM" func="cc" tem="adv">
                    <prep>
                      <s lem="en" pos="sps00" postype="preposition" wd="en"/>
                    </prep>
                    <sn>
                      <spec gen="m" num="s">
                        <d gen="m" lem="el" num="s" pos="da0ms0" postype="article" wd="el"/>
                      </spec>
                      <grup.nom gen="m" num="s">
                        <n gen="m" lem="robatori" num="s" pos="ncms000" postype="common" sense="16:00499179" wd="robatori"/>
                      </grup.nom>
                    </sn>
                  </sp>
                </S>
              </grup.nom>
            </sn>
            <conj conjunctiontype="coordinating">
              <c lem="i" pos="cc" postype="coordinating" wd="i"/>
            </conj>
            <sn entityref="ne" ne="number">
              <spec gen="f" num="p">
                <z lem="625000" ne="number" wd="625.000"/>
              </spec>
              <grup.nom gen="f" num="p">
                <z lem="pesseta" ne="number" pos="zm" postype="currency" wd="pessetes"/>
                <sadv>
                  <grup.adv>
                    <r lem="més" pos="rg" wd="més"/>
                  </grup.adv>
                </sadv>
              </grup.nom>
            </sn>
          </sn>
        </S>
      </grup.nom>
    </sn>
    <f lem="." pos="fp" punct="period" wd="."/>
  </sentence>
</article>
