<?xml version="1.0" encoding="UTF-8" standalone="no"?>
<!-- 

  ancora-2.0
       
			Copyright (C) 2007, 2008, 2009, 2010, 2011 UB - CLiC
			Centre de Llenguatge i Computació - Universitat de Barcelona
 
  This file is part of ancora-2.0.
 
  ancora-2.0 is free software and data: you can redistribute it and/or modify
  it under the terms of the GNU General Public License as published
  by the Free Software Foundation, either version 3 of the License,
  or (at your option) any later version.

  ancora-2.0 is distributed in the hope that it will be useful,
  but WITHOUT ANY WARRANTY; without even the implied warranty of
  MERCHANTABILITY or FITNESS FOR A PARTICULAR PURPOSE.  See the
  GNU General Public License for more details.
 
  You should have received a copy of the GNU General Public License
  along with ancora-2.0.  If not, see &lt;http://www.gnu.org/licenses/&gt;.
 
  Check a text in catalan explaining the terms of the license at http://www.softcatala.cat/wiki/GPL3.
  In spanish at http://www.viti.es/gnu/licenses/gpl.html
 

  The following paper must be cited when using this corpus:

 * Taulé, M., M.A. Martí, M. Recasens (2008) 'Ancora: Multilevel Annotated Corpora for Catalan and Spanish',
   Proceedings of 6th International Conference on Language Resources and Evaluation. Marrakesh (Morocco).

  In addition, the following paper must be cited if coreference information (attributes entity, coreftype,
  corefsubtype, homophoricDD or entityref) is used:

 * Recasens, Marta, M. Antònia Martí (2010) ‘AnCora-CO: Coreferentially annotated corpora for Spanish and
   Catalan’. Language Resources and Evaluation, Springer Science.

  Additionally, the following paper must be cited when argumental attributes in "sn" or "grup.nom"
  (attributes func, arg, tem or lexicalid) are used:

 * Peris, Aina, Mariona Taulé, Horacio Rodríguez (2010) ‘Semantic Annotation of Deverbal Nominalizations in the
   Spanish AnCora corpus’. Treebanks and Linguistic Theories (TLT-2010), Estonia.
-->
<article lng="ca">
  <sentence>
    <sn arg="arg0" entityref="ne" func="suj" ne="organization" tem="agt">
      <spec gen="f" num="s">
        <d gen="f" lem="el" num="s" pos="da0fs0" postype="article" wd="La"/>
      </spec>
      <grup.nom gen="f" num="s">
        <n lem="Guàrdia_Civil" ne="organization" pos="np0000o" postype="proper" sense="16:cs1" wd="Guàrdia_Civil"/>
      </grup.nom>
    </sn>
    <grup.verb>
      <v lem="haver" mood="indicative" num="s" person="3" pos="vaip3s0" postype="auxiliary" tense="present" wd="ha"/>
      <v gen="m" lem="desarticular" lss="A21.transitive-agentive-patient" mood="participle" num="s" pos="vmp00sm" postype="main" wd="desarticulat"/>
    </grup.verb>
    <sn arg="arg1" func="cd" tem="pat">
      <spec gen="f" num="s">
        <d gen="f" lem="un" num="s" pos="di0fs0" postype="indefinite" wd="una"/>
      </spec>
      <grup.nom gen="f" num="s">
        <n gen="f" lem="xarxa" num="s" pos="ncfs000" postype="common" sense="16:06239044" wd="xarxa"/>
        <sp>
          <prep>
            <s lem="de" pos="sps00" postype="preposition" wd="de"/>
          </prep>
          <sn>
            <grup.nom gen="m" num="p">
              <n gen="c" lem="narcotraficant" num="p" pos="nccp000" postype="common" sense="16:07513476" wd="narcotraficants"/>
            </grup.nom>
          </sn>
        </sp>
        <S clausetype="relative">
          <relatiu arg="arg0" func="suj" tem="agt">
            <p gen="c" lem="que" num="c" pos="pr0cn000" postype="relative" wd="que"/>
          </relatiu>
          <grup.verb>
            <v lem="introduir" lss="A21.transitive-agentive-patient" mood="indicative" num="s" person="3" pos="vmii3s0" postype="main" tense="imperfect" wd="introduïa"/>
          </grup.verb>
          <sn arg="arg1" func="cd" tem="pat">
            <grup.nom gen="f" num="s">
              <n gen="f" lem="droga" num="s" pos="ncfs000" postype="common" sense="16:02609065" wd="droga"/>
            </grup.nom>
          </sn>
          <sp arg="arg3" func="cc" tem="loc">
            <prep>
              <s lem="a" pos="sps00" postype="preposition" wd="a"/>
            </prep>
            <sn entityref="ne" ne="location">
              <grup.nom>
                <n lem="Catalunya" ne="location" pos="np0000l" postype="proper" wd="Catalunya"/>
              </grup.nom>
            </sn>
          </sp>
          <sp arg="argM" func="cc" tem="adv">
            <prep>
              <s lem="per" pos="sps00" postype="preposition" wd="per"/>
            </prep>
            <sn entityref="ne" ne="location">
              <spec gen="f" num="s">
                <d gen="f" lem="el" num="s" pos="da0fs0" postype="article" wd="la"/>
              </spec>
              <grup.nom gen="f" num="s">
                <n gen="f" lem="frontera" num="s" pos="ncfs000" postype="common" sense="16:06279444" wd="frontera"/>
                <sp>
                  <prep>
                    <s lem="de" pos="sps00" postype="preposition" wd="de"/>
                  </prep>
                  <sn entityref="ne" ne="location">
                    <grup.nom>
                      <n lem="La_Jonquera" ne="location" pos="np0000l" postype="proper" sense="16:cs1" wd="La_Jonquera"/>
                    </grup.nom>
                  </sn>
                </sp>
              </grup.nom>
            </sn>
          </sp>
        </S>
      </grup.nom>
    </sn>
    <f lem="." pos="fp" punct="period" wd="."/>
  </sentence>
  <sentence coord="yes">
    <sp adjunct="yes" arg="argM" func="cc" tem="adv">
      <prep>
        <s lem="en" pos="sps00" postype="preposition" wd="En"/>
      </prep>
      <sn>
        <spec gen="f" num="s">
          <d gen="c" lem="el" num="s" pos="da0cs0" postype="article" wd="l'"/>
        </spec>
        <grup.nom gen="f" num="s">
          <n gen="f" lem="operació" num="s" pos="ncfs000" postype="common" sense="16:00262937" wd="operació"/>
        </grup.nom>
      </sn>
    </sp>
    <S>
      <sn arg="arg0" elliptic="yes" func="suj" tem="agt"/>
      <grup.verb>
        <v lem="haver" mood="indicative" num="p" person="3" pos="vaip3p0" postype="auxiliary" tense="present" wd="han"/>
        <v gen="m" lem="intervenir" lss="A21.transitive-agentive-patient" mood="participle" num="s" pos="vmp00sm" postype="main" wd="intervingut"/>
      </grup.verb>
      <sn arg="arg1" entityref="ne" func="cd" ne="number" tem="pat">
        <spec gen="m" num="p">
          <z lem="219" ne="number" wd="219"/>
        </spec>
        <grup.nom gen="m" num="p">
          <n gen="m" lem="quilogram" num="c" pos="ncmn000" postype="common" sense="16:09880778" wd="kg"/>
          <sp>
            <prep>
              <s lem="de" pos="sps00" postype="preposition" wd="de"/>
            </prep>
            <sn>
              <grup.nom gen="f" num="s">
                <n gen="f" lem="cocaïna" num="s" pos="ncfs000" postype="common" sense="16:02463642" wd="cocaïna"/>
              </grup.nom>
            </sn>
          </sp>
        </grup.nom>
      </sn>
    </S>
    <conj conjunctiontype="coordinating">
      <c lem="i" pos="cc" postype="coordinating" wd="i"/>
    </conj>
    <S>
      <sn arg="arg0" elliptic="yes" func="suj" tem="agt"/>
      <grup.verb>
        <v lem="haver" mood="indicative" num="p" person="3" pos="vaip3p0" postype="auxiliary" tense="present" wd="han"/>
        <v gen="m" lem="detenir" lss="A21.transitive-agentive-patient" mood="participle" num="s" pos="vmp00sm" postype="main" wd="detingut"/>
      </grup.verb>
      <sn arg="arg1" func="cd" tem="pat">
        <spec gen="f" num="p">
          <z lem="4" ne="number" wd="4"/>
        </spec>
        <grup.nom gen="f" num="p">
          <n gen="f" lem="persona" num="p" pos="ncfp000" postype="common" sense="16:00004123" wd="persones"/>
          <sn coord="yes">
            <f lem="," pos="fc" punct="comma" wd=","/>
            <sn>
              <grup.nom gen="f" num="p">
                <p gen="c" lem="tres" num="p" pos="pn0cp000" postype="numeral" wd="tres"/>
                <sp>
                  <prep>
                    <s lem="a" pos="sps00" postype="preposition" wd="a"/>
                  </prep>
                  <sn entityref="ne" ne="location">
                    <spec gen="f" num="s">
                      <d gen="f" lem="el" num="s" pos="da0fs0" postype="article" wd="la"/>
                    </spec>
                    <grup.nom gen="f" num="s">
                      <n gen="f" lem="demarcació" num="s" pos="ncfs000" postype="common" sense="16:06336706" wd="demarcació"/>
                      <sp>
                        <prep>
                          <s lem="de" pos="sps00" postype="preposition" wd="de"/>
                        </prep>
                        <sn entityref="ne" ne="location">
                          <grup.nom>
                            <n lem="Barcelona" ne="location" pos="np0000l" postype="proper" sense="16:06583156" wd="Barcelona"/>
                          </grup.nom>
                        </sn>
                      </sp>
                    </grup.nom>
                  </sn>
                </sp>
              </grup.nom>
            </sn>
            <conj conjunctiontype="coordinating">
              <c lem="i" pos="cc" postype="coordinating" wd="i"/>
            </conj>
            <sn>
              <spec gen="f" num="s">
                <d gen="c" lem="el" num="s" pos="da0cs0" postype="article" wd="l'"/>
              </spec>
              <grup.nom gen="f" num="s">
                <p gen="f" lem="altre" num="s" pos="pi0fs000" postype="indefinite" wd="altra"/>
                <sp>
                  <prep>
                    <s lem="a" pos="sps00" postype="preposition" wd="a"/>
                  </prep>
                  <sn entityref="ne" ne="location">
                    <grup.nom>
                      <n lem="La_Jonquera" ne="location" pos="np0000l" postype="proper" sense="16:cs1" wd="La_Jonquera"/>
                    </grup.nom>
                  </sn>
                </sp>
              </grup.nom>
            </sn>
          </sn>
        </grup.nom>
      </sn>
    </S>
    <f lem="." pos="fp" punct="period" wd="."/>
  </sentence>
  <sentence>
    <sn arg="arg1" func="suj" tem="pat">
      <spec gen="f" num="p">
        <d gen="f" lem="el" num="p" pos="da0fp0" postype="article" wd="Les"/>
      </spec>
      <grup.nom gen="f" num="p">
        <n gen="f" lem="investigació" num="p" pos="ncfp000" postype="common" sense="16:04470360" wd="investigacions"/>
        <S clausetype="relative">
          <relatiu arg="arg1" func="suj" tem="tem">
            <p gen="c" lem="que" num="c" pos="pr0cn000" postype="relative" wd="que"/>
          </relatiu>
          <grup.verb>
            <v lem="haver" mood="indicative" num="p" person="3" pos="vaip3p0" postype="auxiliary" tense="present" wd="han"/>
            <v gen="m" lem="culminar" lss="B11.unaccusative-motion" mood="participle" num="s" pos="vmp00sm" postype="main" wd="culminat"/>
          </grup.verb>
          <sn arg="argM" func="cc" tem="tmp">
            <spec gen="m" num="s">
              <d gen="m" lem="aquest" num="s" pos="dd0ms0" postype="demonstrative" wd="aquest"/>
            </spec>
            <grup.nom gen="m" num="s">
              <n gen="m" lem="cap" num="s" pos="ncms000" postype="common" sense="16:cs3" wd="cap"/>
              <sp>
                <prep>
                  <s lem="de" pos="sps00" postype="preposition" wd="de"/>
                </prep>
                <sn>
                  <grup.nom gen="f" num="s">
                    <n gen="f" lem="setmana" num="s" pos="ncfs000" postype="common" sense="16:cs1" wd="setmana"/>
                  </grup.nom>
                </sn>
              </sp>
            </grup.nom>
          </sn>
          <sp arg="argM" func="cc" tem="mnr">
            <prep>
              <s lem="amb" pos="sps00" postype="preposition" wd="amb"/>
            </prep>
            <sn>
              <spec gen="f" num="s">
                <d gen="f" lem="el" num="s" pos="da0fs0" postype="article" wd="la"/>
              </spec>
              <grup.nom gen="f" num="s">
                <n gen="f" lem="desarticulació" num="s" pos="ncfs000" postype="common" sense="16:cs1" wd="desarticulació"/>
                <sp>
                  <prep>
                    <s lem="de" pos="sps00" postype="preposition" wd="de"/>
                  </prep>
                  <sn>
                    <spec gen="f" num="s">
                      <d gen="f" lem="el" num="s" pos="da0fs0" postype="article" wd="la"/>
                    </spec>
                    <grup.nom gen="f" num="s">
                      <n gen="f" lem="xarxa" num="s" pos="ncfs000" postype="common" sense="16:06239044" wd="xarxa"/>
                    </grup.nom>
                  </sn>
                </sp>
              </grup.nom>
            </sn>
          </sp>
        </S>
      </grup.nom>
    </sn>
    <morfema.verbal func="pass">
      <p gen="c" lem="es" num="c" pos="p0000000" wd="es"/>
    </morfema.verbal>
    <grup.verb>
      <v lem="anar" mood="indicative" num="p" person="3" pos="vaip3p0" postype="auxiliary" tense="present" wd="van"/>
      <v lem="iniciar" lss="B22.unaccusative-passive-transitive" mood="infinitive" pos="vmn0000" postype="main" wd="iniciar"/>
    </grup.verb>
    <sp arg="argM" func="cc" tem="tmp">
      <prep>
        <s lem="a" pos="sps00" postype="preposition" wd="a"/>
      </prep>
      <sn>
        <grup.nom gen="m" num="p">
          <n gen="m" lem="principi" num="p" pos="ncmp000" postype="common" sense="16:10965545" wd="principis"/>
          <sp>
            <prep>
              <s lem="de" pos="sps00" postype="preposition" wd="d'"/>
            </prep>
            <sn>
              <grup.nom gen="m" num="s">
                <n gen="m" lem="any" num="s" pos="ncms000" postype="common" sense="16:10917791" wd="any"/>
              </grup.nom>
            </sn>
          </sp>
        </grup.nom>
      </sn>
    </sp>
    <sp arg="arg0" func="cag" tem="agt">
      <prep>
        <s lem="per_part_de" pos="sps00" postype="preposition" wd="per_part_de"/>
      </prep>
      <sn entityref="ne" ne="organization">
        <spec gen="f" num="s">
          <d gen="f" lem="el" num="s" pos="da0fs0" postype="article" wd="la"/>
        </spec>
        <grup.nom gen="f" num="s">
          <n lem="Guàrdia_Civil" ne="organization" pos="np0000o" postype="proper" sense="16:cs1" wd="Guàrdia_Civil"/>
          <sp>
            <prep>
              <s lem="de" pos="sps00" postype="preposition" wd="de"/>
            </prep>
            <sn entityref="ne" ne="location">
              <grup.nom>
                <n lem="Barcelona" ne="location" pos="np0000l" postype="proper" sense="16:06583156" wd="Barcelona"/>
              </grup.nom>
            </sn>
          </sp>
        </grup.nom>
      </sn>
    </sp>
    <S arg="argM" clausetype="adverbial" func="cc" tem="cau">
      <f lem="," pos="fc" punct="comma" wd=","/>
      <conj conjunctiontype="subordinating">
        <c lem="perquè" pos="cs" postype="subordinating" wd="perquè"/>
      </conj>
      <morfema.verbal func="pass">
        <p gen="c" lem="se" num="c" pos="p0000000" wd="se"/>
      </morfema.verbal>
      <grup.verb>
        <v lem="sospitar" lss="B22.unaccusative-passive-transitive" mood="indicative" num="s" person="3" pos="vmii3s0" postype="main" tense="imperfect" wd="sospitava"/>
      </grup.verb>
      <S arg="arg1" clausetype="completive" func="suj" tem="pat">
        <conj conjunctiontype="subordinating">
          <c lem="que" pos="cs" postype="subordinating" wd="que"/>
        </conj>
        <sn arg="arg0" func="suj" tem="agt">
          <spec gen="m" num="p">
            <d gen="m" lem="el" num="p" pos="da0mp0" postype="article" wd="els"/>
          </spec>
          <grup.nom gen="m" num="p">
            <n gen="m" lem="detingut" num="p" pos="ncmp000" postype="common" sense="16:cs1" wd="detinguts"/>
          </grup.nom>
        </sn>
        <grup.verb>
          <v lem="introduir" lss="A21.transitive-agentive-patient" mood="indicative" num="p" person="3" pos="vmii3p0" postype="main" tense="imperfect" wd="introduïen"/>
        </grup.verb>
        <sp arg="argM" func="cc" tem="loc">
          <prep>
            <s lem="per" pos="sps00" postype="preposition" wd="per"/>
          </prep>
          <sn entityref="ne" ne="location">
            <grup.nom>
              <n lem="La_Jonquera" ne="location" pos="np0000l" postype="proper" sense="16:cs1" wd="La_Jonquera"/>
            </grup.nom>
          </sn>
        </sp>
        <sn arg="arg1" func="cd" tem="pat">
          <grup.nom gen="f" num="p">
            <s.a gen="f" num="p">
              <grup.a gen="f" num="p">
                <a gen="c" lem="important" num="p" pos="aq0cp0" postype="qualificative" wd="importants"/>
              </grup.a>
            </s.a>
            <n gen="f" lem="quantitat" num="p" pos="ncfp000" postype="common" sense="16:00020056" wd="quantitats"/>
            <sp>
              <prep>
                <s lem="de" pos="sps00" postype="preposition" wd="de"/>
              </prep>
              <sn>
                <grup.nom gen="f" num="s">
                  <n gen="f" lem="cocaïna" num="s" pos="ncfs000" postype="common" sense="16:02463642" wd="cocaïna"/>
                </grup.nom>
              </sn>
            </sp>
          </grup.nom>
        </sn>
        <sp arg="argM" func="cc" tem="fin">
          <prep>
            <s lem="per" pos="sps00" postype="preposition" wd="per"/>
          </prep>
          <S clausetype="completive" impersonal="yes">
            <infinitiu>
              <v lem="comercialitzar" lss="A21.transitive-agentive-patient" mood="infinitive" pos="vmn0000" postype="main" wd="comercialitzar"/>
            </infinitiu>
            <sn arg="arg1" func="cd" tem="pat">
              <grup.nom gen="f" num="s">
                <p case="accusative" gen="f" lem="ell" num="s" person="3" pos="pp3fsa00" postype="personal" wd="-la"/>
              </grup.nom>
            </sn>
          </S>
        </sp>
      </S>
    </S>
    <f lem="." pos="fp" punct="period" wd="."/>
  </sentence>
  <sentence>
    <sn arg="arg1" func="suj" tem="tem">
      <spec gen="f" num="s">
        <d gen="f" lem="el" num="s" pos="da0fs0" postype="article" wd="La"/>
      </spec>
      <grup.nom gen="f" num="s">
        <s.a gen="f" num="s">
          <grup.a gen="f" num="s">
            <a gen="f" lem="primer" num="s" pos="ao0fs0" postype="ordinal" wd="primera"/>
          </grup.a>
        </s.a>
        <n gen="f" lem="detenció" num="s" pos="ncfs000" postype="common" sense="16:00054269" wd="detenció"/>
      </grup.nom>
    </sn>
    <grup.verb>
      <v lem="anar" mood="indicative" num="s" person="3" pos="vaip3s0" postype="auxiliary" tense="present" wd="va"/>
      <v lem="ser" lss="C21.state-attributive" mood="infinitive" pos="vmn0000" postype="main" wd="ser"/>
    </grup.verb>
    <sn arg="arg2" func="atr" tem="atr">
      <spec gen="f" num="s">
        <d gen="f" lem="el" num="s" pos="da0fs0" postype="article" wd="la"/>
      </spec>
      <grup.nom gen="f" num="s">
        <sp>
          <prep>
            <s lem="de" pos="sps00" postype="preposition" wd="d'"/>
          </prep>
          <sn>
            <spec gen="m" num="s">
              <d gen="m" lem="un" num="s" pos="di0ms0" postype="indefinite" wd="un"/>
            </spec>
            <grup.nom gen="m" num="s">
              <n gen="m" lem="veí" num="s" pos="ncms000" postype="common" sense="16:06949059" wd="veí"/>
              <sp>
                <prep>
                  <s lem="de" pos="sps00" postype="preposition" wd="d'"/>
                </prep>
                <sn entityref="ne" ne="location">
                  <grup.nom>
                    <n lem="Hospitalet_de_Llobregat" ne="location" pos="np0000l" postype="proper" sense="16:cs1" wd="Hospitalet_de_Llobregat"/>
                  </grup.nom>
                </sn>
              </sp>
              <sp>
                <prep>
                  <s lem="de" pos="sps00" postype="preposition" wd="de"/>
                </prep>
                <sn>
                  <spec gen="m" num="p">
                    <z lem="41" ne="number" wd="41"/>
                  </spec>
                  <grup.nom gen="m" num="p">
                    <n gen="m" lem="any" num="p" pos="ncmp000" postype="common" sense="16:10917509" wd="anys"/>
                  </grup.nom>
                </sn>
              </sp>
            </grup.nom>
          </sn>
        </sp>
        <sn entityref="ne" ne="date">
          <f lem="," pos="fc" punct="comma" wd=","/>
          <grup.nom gen="m" num="s">
            <w lem="[diumenge:??/??/??:??.??]" ne="date" wd="diumenge"/>
            <S clausetype="participle" impersonal="yes">
              <participi>
                <a gen="m" lem="passat" num="s" pos="aq0msp" posfunction="participle" postype="qualificative" wd="passat"/>
              </participi>
            </S>
          </grup.nom>
        </sn>
        <sp>
          <prep>
            <s lem="a" pos="sps00" postype="preposition" wd="a"/>
          </prep>
          <sn entityref="ne" ne="location">
            <grup.nom>
              <n lem="La_Jonquera" ne="location" pos="np0000l" postype="proper" sense="16:cs1" wd="La_Jonquera"/>
            </grup.nom>
          </sn>
        </sp>
      </grup.nom>
    </sn>
    <S arg="argM" clausetype="adverbial" func="cc" tem="tmp">
      <f lem="," pos="fc" punct="comma" wd=","/>
      <conj conjunctiontype="subordinating">
        <c lem="quan" pos="cs" postype="subordinating" wd="quan"/>
      </conj>
      <morfema.verbal func="pass">
        <p gen="c" lem="es" num="c" pos="p0000000" wd="es"/>
      </morfema.verbal>
      <grup.verb>
        <v lem="anar" mood="indicative" num="p" person="3" pos="vaip3p0" postype="auxiliary" tense="present" wd="van"/>
        <v lem="intervenir" lss="A21.transitive-agentive-patient" mood="infinitive" pos="vmn0000" postype="main" wd="intervenir"/>
      </grup.verb>
      <sn arg="arg1" entityref="ne" func="suj" ne="number" tem="pat">
        <spec gen="m" num="p">
          <d gen="m" lem="el" num="p" pos="da0mp0" postype="article" wd="els"/>
          <z lem="219" ne="number" wd="219"/>
        </spec>
        <grup.nom gen="m" num="p">
          <n gen="m" lem="quilogram" num="c" pos="ncmn000" postype="common" sense="16:09880778" wd="kg"/>
          <sp>
            <prep>
              <s lem="de" pos="sps00" postype="preposition" wd="de"/>
            </prep>
            <sn>
              <grup.nom gen="f" num="s">
                <n gen="f" lem="cocaïna" num="s" pos="ncfs000" postype="common" sense="16:02463642" wd="cocaïna"/>
              </grup.nom>
            </sn>
          </sp>
        </grup.nom>
      </sn>
    </S>
    <f lem="." pos="fp" punct="period" wd="."/>
  </sentence>
  <sentence>
    <sn arg="arg1" func="suj" tem="tem">
      <spec gen="f" num="s">
        <d gen="f" lem="el" num="s" pos="da0fs0" postype="article" wd="La"/>
      </spec>
      <grup.nom gen="f" num="s">
        <n gen="f" lem="droga" num="s" pos="ncfs000" postype="common" sense="16:02609065" wd="droga"/>
        <S clausetype="participle" impersonal="yes">
          <participi>
            <a gen="f" lem="intervingut" num="s" pos="aq0fsp" posfunction="participle" postype="qualificative" wd="intervinguda"/>
          </participi>
        </S>
      </grup.nom>
    </sn>
    <grup.verb>
      <v lem="estar" lss="C21.state-attributive" mood="indicative" num="s" person="3" pos="vmii3s0" postype="main" tense="imperfect" wd="estava"/>
    </grup.verb>
    <S arg="arg2" clausetype="participle" func="atr" impersonal="yes" tem="atr">
      <participi>
        <a gen="f" lem="amagat" lss="B22.unaccusative-passive-transitive" num="s" pos="aq0fsp" posfunction="participle" postype="qualificative" wd="amagada"/>
      </participi>
      <sp arg="argM" func="cc" tem="loc">
        <prep>
          <s lem="en" pos="sps00" postype="preposition" wd="en"/>
        </prep>
        <sn>
          <spec gen="m" num="s">
            <d gen="m" lem="un" num="s" pos="di0ms0" postype="indefinite" wd="un"/>
          </spec>
          <grup.nom gen="m" num="s">
            <s.a gen="m" num="s">
              <grup.a gen="m" num="s">
                <a gen="c" lem="doble" num="s" pos="aq0cs0" postype="qualificative" wd="doble"/>
              </grup.a>
            </s.a>
            <n gen="m" lem="fons" num="c" pos="ncmn000" postype="common" sense="16:cs1" wd="fons"/>
            <sp>
              <prep>
                <s lem="de" pos="sps00" postype="preposition" wd="d'"/>
              </prep>
              <sn>
                <spec gen="f" num="s">
                  <d gen="f" lem="un" num="s" pos="di0fs0" postype="indefinite" wd="una"/>
                </spec>
                <grup.nom gen="f" num="s">
                  <n gen="f" lem="furgoneta" num="s" pos="ncfs000" postype="common" sense="16:03566732" wd="furgoneta"/>
                  <s.a gen="f" num="s">
                    <grup.a gen="f" num="s">
                      <a gen="c" lem="procedent" num="s" pos="aq0cs0" postype="qualificative" wd="procedent"/>
                      <sp>
                        <prep>
                          <s lem="de" pos="sps00" postype="preposition" wd="de"/>
                        </prep>
                        <sn entityref="ne" ne="location">
                          <grup.nom>
                            <n lem="França" ne="location" pos="np0000l" postype="proper" sense="16:06524612" wd="França"/>
                          </grup.nom>
                        </sn>
                      </sp>
                    </grup.a>
                  </s.a>
                  <S clausetype="relative">
                    <relatiu arg="arg1" func="cd" tem="pat">
                      <p gen="c" lem="que" num="c" pos="pr0cn000" postype="relative" wd="que"/>
                    </relatiu>
                    <grup.verb>
                      <v lem="conduir" lss="A21.transitive-agentive-patient" mood="indicative" num="s" person="3" pos="vmii3s0" postype="main" tense="imperfect" wd="conduïa"/>
                    </grup.verb>
                    <sn arg="arg0" func="suj" tem="agt">
                      <spec gen="m" num="s">
                        <d gen="m" lem="el" num="s" pos="da0ms0" postype="article" wd="el"/>
                      </spec>
                      <grup.nom gen="m" num="s">
                        <n gen="m" lem="detingut" num="s" pos="ncms000" postype="common" sense="16:cs1" wd="detingut"/>
                      </grup.nom>
                    </sn>
                  </S>
                </grup.nom>
              </sn>
            </sp>
          </grup.nom>
        </sn>
      </sp>
    </S>
    <f lem="." pos="fp" punct="period" wd="."/>
  </sentence>
  <sentence>
    <sp func="ao">
      <prep>
        <s lem="com_a_conseqüència_de" pos="sps00" postype="preposition" wd="Com_a_conseqüència_d'"/>
      </prep>
      <sn>
        <spec gen="f" num="s">
          <d gen="f" lem="aquest" num="s" pos="dd0fs0" postype="demonstrative" wd="aquesta"/>
        </spec>
        <grup.nom gen="f" num="s">
          <n gen="f" lem="operació" num="s" pos="ncfs000" postype="common" sense="16:00262937" wd="operació"/>
        </grup.nom>
      </sn>
      <f lem="," pos="fc" punct="comma" wd=","/>
    </sp>
    <sn arg="arg0" entityref="ne" func="suj" ne="organization" tem="agt">
      <spec gen="f" num="s">
        <d gen="f" lem="el" num="s" pos="da0fs0" postype="article" wd="la"/>
      </spec>
      <grup.nom gen="f" num="s">
        <n lem="Guàrdia_Civil" ne="organization" pos="np0000o" postype="proper" sense="16:cs1" wd="Guàrdia_Civil"/>
      </grup.nom>
    </sn>
    <grup.verb>
      <v lem="anar" mood="indicative" num="s" person="3" pos="vaip3s0" postype="auxiliary" tense="present" wd="va"/>
      <v lem="detenir" lss="A21.transitive-agentive-patient" mood="infinitive" pos="vmn0000" postype="main" wd="detenir"/>
    </grup.verb>
    <sn arg="arg1" func="cd" tem="pat">
      <spec gen="f" num="p">
        <d gen="c" lem="tres" num="p" pos="dn0cp0" postype="numeral" wd="tres"/>
      </spec>
      <grup.nom gen="f" num="p">
        <n gen="f" lem="persona" num="p" pos="ncfp000" postype="common" sense="16:00004123" wd="persones"/>
        <sadv>
          <grup.adv>
            <r lem="més" pos="rg" wd="més"/>
          </grup.adv>
        </sadv>
        <sp>
          <f lem="," pos="fc" punct="comma" wd=","/>
          <prep>
            <s lem="de" pos="sps00" postype="preposition" wd="d'"/>
          </prep>
          <sn>
            <grup.nom gen="f" num="p">
              <n gen="f" lem="edat" num="p" pos="ncfp000" postype="common" sense="16:03853114" wd="edats"/>
              <S clausetype="participle" impersonal="yes">
                <participi>
                  <a gen="f" lem="comprès" lss="C21.state-attributive" num="p" pos="aq0fpp" posfunction="participle" postype="qualificative" wd="compreses"/>
                </participi>
                <sp arg="argM" func="cc" tem="adv">
                  <prep>
                    <s lem="entre" pos="sps00" postype="preposition" wd="entre"/>
                  </prep>
                  <sn coord="yes">
                    <sn entityref="ne" ne="number">
                      <spec gen="m" num="p">
                        <d gen="m" lem="el" num="p" pos="da0mp0" postype="article" wd="els"/>
                      </spec>
                      <grup.nom gen="m" num="p">
                        <z lem="31" ne="number" wd="31"/>
                      </grup.nom>
                    </sn>
                    <conj conjunctiontype="coordinating">
                      <c lem="i" pos="cc" postype="coordinating" wd="i"/>
                    </conj>
                    <sn entityref="ne" ne="number">
                      <spec gen="m" num="p">
                        <d gen="m" lem="el" num="p" pos="da0mp0" postype="article" wd="els"/>
                        <z lem="53" ne="number" wd="53"/>
                      </spec>
                      <grup.nom gen="m" num="p">
                        <n gen="m" lem="any" num="p" pos="ncmp000" postype="common" sense="16:10917509" wd="anys"/>
                      </grup.nom>
                    </sn>
                  </sn>
                </sp>
              </S>
            </grup.nom>
          </sn>
          <f lem="," pos="fc" punct="comma" wd=","/>
        </sp>
        <sn>
          <grup.nom gen="m" num="p">
            <n gen="m" lem="veí" num="p" pos="ncmp000" postype="common" sense="16:06949059" wd="veïns"/>
            <sp>
              <prep>
                <s lem="de" pos="sps00" postype="preposition" wd="de"/>
              </prep>
              <sn complex="yes">
                <grup.nom coord="yes">
                  <grup.nom>
                    <n lem="Barcelona" ne="location" pos="np0000l" postype="proper" sense="16:06583156" wd="Barcelona"/>
                  </grup.nom>
                  <f lem="," pos="fc" punct="comma" wd=","/>
                  <grup.nom>
                    <n lem="L'_Hospitalet" ne="location" pos="np0000l" postype="proper" sense="16:cs1" wd="L'_Hospitalet"/>
                  </grup.nom>
                  <conj conjunctiontype="coordinating">
                    <c lem="i" pos="cc" postype="coordinating" wd="i"/>
                  </conj>
                  <grup.nom>
                    <n lem="Molins_de_Rei" ne="location" pos="np0000l" postype="proper" sense="16:cs1" wd="Molins_de_Rei"/>
                  </grup.nom>
                </grup.nom>
              </sn>
            </sp>
          </grup.nom>
        </sn>
      </grup.nom>
    </sn>
    <f lem="." pos="fp" punct="period" wd="."/>
  </sentence>
  <sentence>
    <sp arg="arg1" func="cd" tem="pat">
      <prep>
        <s lem="a_més_de" pos="sps00" postype="preposition" wd="A_més_de"/>
      </prep>
      <sn>
        <spec gen="f" num="s">
          <d gen="f" lem="el" num="s" pos="da0fs0" postype="article" wd="la"/>
        </spec>
        <grup.nom gen="f" num="s">
          <n gen="f" lem="droga" num="s" pos="ncfs000" postype="common" sense="16:02609065" wd="droga"/>
        </grup.nom>
      </sn>
      <f lem="," pos="fc" punct="comma" wd=","/>
    </sp>
    <sn arg="arg0" entityref="ne" func="suj" ne="organization" tem="agt">
      <spec gen="f" num="s">
        <d gen="f" lem="el" num="s" pos="da0fs0" postype="article" wd="la"/>
      </spec>
      <grup.nom gen="f" num="s">
        <n lem="Guàrdia_Civil" ne="organization" pos="np0000o" postype="proper" sense="16:cs1" wd="Guàrdia_Civil"/>
      </grup.nom>
    </sn>
    <grup.verb>
      <v lem="haver" mood="indicative" num="s" person="3" pos="vaip3s0" postype="auxiliary" tense="present" wd="ha"/>
      <v gen="m" lem="intervenir" lss="A21.transitive-agentive-patient" mood="participle" num="s" pos="vmp00sm" postype="main" wd="intervingut"/>
    </grup.verb>
    <sn arg="arg1" coord="yes" func="cd" tem="pat">
      <sn>
        <spec gen="m" num="p">
          <d gen="m" lem="dos" num="p" pos="dn0mp0" postype="numeral" wd="dos"/>
        </spec>
        <grup.nom gen="m" num="p">
          <n gen="m" lem="cotxe" num="p" pos="ncmp000" postype="common" sense="16:02383458" wd="cotxes"/>
        </grup.nom>
      </sn>
      <f lem="," pos="fc" punct="comma" wd=","/>
      <sn>
        <spec gen="f" num="s">
          <d gen="f" lem="un" num="s" pos="di0fs0" postype="indefinite" wd="una"/>
        </spec>
        <grup.nom gen="f" num="s">
          <n gen="f" lem="desena" num="s" pos="ncfs000" postype="common" sense="16:09898220" wd="desena"/>
          <sp>
            <prep>
              <s lem="de" pos="sps00" postype="preposition" wd="de"/>
            </prep>
            <sn>
              <grup.nom gen="m" num="p">
                <n gen="m" lem="telèfon" num="p" pos="ncmp000" postype="common" sense="16:03478277" wd="telèfons"/>
                <s.a gen="m" num="p">
                  <grup.a gen="m" num="p">
                    <a gen="c" lem="mòbil" num="p" pos="aq0cp0" postype="qualificative" wd="mòbils"/>
                  </grup.a>
                </s.a>
              </grup.nom>
            </sn>
          </sp>
        </grup.nom>
      </sn>
      <f lem="," pos="fc" punct="comma" wd=","/>
      <sn>
        <grup.nom gen="m" num="p">
          <n gen="m" lem="ordinador" num="p" pos="ncmp000" postype="common" sense="16:02481557" wd="ordinadors"/>
        </grup.nom>
      </sn>
      <f lem="," pos="fc" punct="comma" wd=","/>
      <sn>
        <grup.nom gen="f" num="s">
          <n gen="f" lem="documentació" num="s" pos="ncfs000" postype="common" sense="16:00100230" wd="documentació"/>
        </grup.nom>
      </sn>
      <conj conjunctiontype="coordinating">
        <c lem="i" pos="cc" postype="coordinating" wd="i"/>
      </conj>
      <sn>
        <spec gen="f" num="s">
          <d gen="f" lem="un" num="s" pos="di0fs0" postype="indefinite" wd="una"/>
        </spec>
        <grup.nom gen="f" num="s">
          <n gen="f" lem="suma" num="s" pos="ncfs000" postype="common" sense="16:09597673" wd="suma"/>
          <sp>
            <prep>
              <s lem="de" pos="sps00" postype="preposition" wd="de"/>
            </prep>
            <sn>
              <grup.nom gen="m" num="p">
                <n gen="m" lem="diner" num="p" pos="ncmp000" postype="common" sense="16:09616555" wd="diners"/>
              </grup.nom>
            </sn>
          </sp>
          <S clausetype="relative">
            <relatiu arg="arg0" func="suj" tem="agt">
              <p gen="c" lem="que" num="c" pos="pr0cn000" postype="relative" wd="que"/>
            </relatiu>
            <grup.verb>
              <v lem="superar" lss="A21.transitive-agentive-patient" mood="indicative" num="s" person="3" pos="vmip3s0" postype="main" tense="present" wd="supera"/>
            </grup.verb>
            <sn arg="arg1" entityref="ne" func="cd" ne="number" tem="pat">
              <spec gen="m" num="p">
                <d gen="m" lem="el" num="p" pos="da0mp0" postype="article" wd="els"/>
                <d gen="m" lem="dos" num="p" pos="dn0mp0" postype="numeral" wd="dos"/>
              </spec>
              <grup.nom gen="m" num="p">
                <n gen="m" lem="milió" num="p" pos="ncmp000" postype="common" sense="16:09902865" wd="milions"/>
                <sp>
                  <prep>
                    <s lem="de" pos="sps00" postype="preposition" wd="de"/>
                  </prep>
                  <sn entityref="ne" ne="number">
                    <grup.nom gen="f" num="p">
                      <z lem="pesseta" ne="number" pos="zm" postype="currency" wd="pessetes"/>
                    </grup.nom>
                  </sn>
                </sp>
              </grup.nom>
            </sn>
          </S>
          <sp>
            <prep>
              <s lem="en" pos="sps00" postype="preposition" wd="en"/>
            </prep>
            <sn>
              <grup.nom gen="f" num="p">
                <n gen="f" lem="moneda" num="p" pos="ncfp000" postype="common" sense="16:09642587" wd="monedes"/>
                <sp>
                  <prep>
                    <s lem="de" pos="sps00" postype="preposition" wd="de"/>
                  </prep>
                  <sn>
                    <spec gen="m" num="p">
                      <d gen="c" lem="diferent" num="p" pos="di0cp0" postype="indefinite" wd="diferents"/>
                    </spec>
                    <grup.nom gen="m" num="p">
                      <n gen="m" lem="país" num="p" pos="ncmp000" postype="common" sense="16:06299747" wd="països"/>
                    </grup.nom>
                  </sn>
                </sp>
              </grup.nom>
            </sn>
          </sp>
        </grup.nom>
      </sn>
    </sn>
    <f lem="." pos="fp" punct="period" wd="."/>
  </sentence>
  <sentence>
    <sn arg="arg1" func="suj" tem="tem">
      <spec gen="f" num="s">
        <d gen="f" lem="el" num="s" pos="da0fs0" postype="article" wd="La"/>
      </spec>
      <grup.nom gen="f" num="s">
        <n gen="f" lem="droga" num="s" pos="ncfs000" postype="common" sense="16:02609065" wd="droga"/>
        <S clausetype="participle" impersonal="yes">
          <participi>
            <a gen="f" lem="intervingut" num="s" pos="aq0fsp" posfunction="participle" postype="qualificative" wd="intervinguda"/>
          </participi>
        </S>
      </grup.nom>
    </sn>
    <sp arg="argM" func="cc" tem="loc">
      <f lem="," pos="fc" punct="comma" wd=","/>
      <prep>
        <s contracted="yes" gen="m" lem="al" num="s" pos="spcms" postype="preposition" wd="al"/>
      </prep>
      <sn>
        <grup.nom gen="m" num="s">
          <n gen="m" lem="mercat" num="s" pos="ncms000" postype="common" sense="16:00711063" wd="mercat"/>
        </grup.nom>
      </sn>
      <f lem="," pos="fc" punct="comma" wd=","/>
    </sp>
    <grup.verb>
      <v lem="haver" mood="indicative" num="s" person="3" pos="vaic3s0" postype="auxiliary" tense="conditional" wd="hauria"/>
      <v gen="m" lem="tenir" lss="C21.state-attributive" mood="participle" num="s" pos="vmp00sm" postype="main" wd="tingut"/>
    </grup.verb>
    <sn arg="arg2" func="cd" functype="quantitative" tem="atr">
      <spec gen="m" num="s">
        <d gen="m" lem="un" num="s" pos="di0ms0" postype="indefinite" wd="un"/>
      </spec>
      <grup.nom gen="m" num="s">
        <n gen="m" lem="valor" num="s" pos="ncms000" postype="common" sense="16:04508194" wd="valor"/>
        <sp>
          <prep>
            <s lem="de" pos="sps00" postype="preposition" wd="de"/>
          </prep>
          <sn entityref="ne" ne="number">
            <spec gen="m" num="p">
              <z lem="2000" ne="number" wd="2.000"/>
            </spec>
            <grup.nom gen="m" num="p">
              <n gen="m" lem="milió" num="p" pos="ncmp000" postype="common" sense="16:09902865" wd="milions"/>
              <sp>
                <prep>
                  <s lem="de" pos="sps00" postype="preposition" wd="de"/>
                </prep>
                <sn entityref="ne" ne="number">
                  <grup.nom gen="f" num="p">
                    <z lem="pesseta" ne="number" pos="zm" postype="currency" wd="pessetes"/>
                  </grup.nom>
                </sn>
              </sp>
            </grup.nom>
          </sn>
        </sp>
      </grup.nom>
    </sn>
    <S arg="argM" clausetype="adverbial" func="cc" tem="cau">
      <f lem="," pos="fc" punct="comma" wd=","/>
      <conj conjunctiontype="subordinating">
        <c lem="ja_que" pos="cs" postype="subordinating" wd="ja_que"/>
      </conj>
      <sn arg="arg1" elliptic="yes" func="suj" tem="tem"/>
      <morfema.pronominal>
        <p gen="c" lem="ell" num="c" person="3" pos="p0300000" wd="s'"/>
      </morfema.pronominal>
      <grup.verb>
        <v lem="haver" mood="indicative" num="s" person="3" pos="vaic3s0" postype="auxiliary" tense="conditional" wd="hauria"/>
        <v gen="m" lem="convertir" lss="B21.unaccusative-state" mood="participle" num="s" pos="vmp00sm" postype="main" wd="convertit"/>
      </grup.verb>
      <sp arg="arg2" func="creg" tem="efi">
        <prep>
          <s lem="en" pos="sps00" postype="preposition" wd="en"/>
        </prep>
        <sn>
          <spec gen="f" num="p">
            <z lem="1100000" ne="number" wd="1.100.000"/>
          </spec>
          <grup.nom gen="f" num="p">
            <n gen="f" lem="dosi" num="p" pos="ncfp000" postype="common" sense="16:02592220" wd="dosis"/>
          </grup.nom>
        </sn>
      </sp>
    </S>
    <f lem="." pos="fp" punct="period" wd="."/>
  </sentence>
  <sentence>
    <sn arg="arg0" coord="yes" func="suj" tem="agt">
      <sn>
        <spec gen="m" num="p">
          <d gen="m" lem="el" num="p" pos="da0mp0" postype="article" wd="Els"/>
        </spec>
        <grup.nom gen="m" num="p">
          <n gen="m" lem="detingut" num="p" pos="ncmp000" postype="common" sense="16:cs1" wd="detinguts"/>
        </grup.nom>
      </sn>
      <conj conjunctiontype="coordinating">
        <c lem="i" pos="cc" postype="coordinating" wd="i"/>
      </conj>
      <sn>
        <spec gen="m" num="s">
          <d gen="m" lem="el" num="s" pos="da0ms0" postype="article" wd="el"/>
        </spec>
        <grup.nom gen="m" num="s">
          <n gen="m" lem="material" num="s" pos="ncms000" postype="common" sense="16:02973327" wd="material"/>
          <S clausetype="participle" impersonal="yes">
            <participi>
              <a gen="m" lem="intervingut" num="s" pos="aq0msp" posfunction="participle" postype="qualificative" wd="intervingut"/>
            </participi>
          </S>
        </grup.nom>
      </sn>
    </sn>
    <grup.verb>
      <v lem="haver" mood="indicative" num="p" person="3" pos="vaip3p0" postype="auxiliary" tense="present" wd="han"/>
      <v gen="m" lem="passar" lss="D11.inergative-agentive" mood="participle" num="s" pos="vmp00sm" postype="main" wd="passat"/>
    </grup.verb>
    <sp arg="arg2" func="creg" tem="loc">
      <prep>
        <s contracted="yes" gen="m" lem="al" num="s" pos="spcms" postype="preposition" wd="al"/>
      </prep>
      <sn entityref="ne" ne="location">
        <grup.nom gen="m" num="s">
          <n lem="Jutjat_d'_Instrucció" ne="location" pos="np0000l" postype="proper" sense="16:cs1" wd="Jutjat_d'_Instrucció"/>
          <sn entityref="ne" ne="number">
            <grup.nom gen="m" num="s">
              <n gen="m" lem="N" num="s" pos="ncms000" postype="common" sense="16:cs1" wd="nº"/>
              <sn entityref="ne" ne="number">
                <grup.nom gen="m" num="s">
                  <z lem="8" ne="number" wd="8"/>
                </grup.nom>
              </sn>
            </grup.nom>
          </sn>
          <sp>
            <prep>
              <s lem="de" pos="sps00" postype="preposition" wd="de"/>
            </prep>
            <sn entityref="ne" ne="location">
              <grup.nom>
                <n lem="L'_Hospitalet" ne="location" pos="np0000l" postype="proper" sense="16:cs1" wd="L'_Hospitalet"/>
              </grup.nom>
            </sn>
          </sp>
        </grup.nom>
      </sn>
    </sp>
    <f lem="." pos="fp" punct="period" wd="."/>
  </sentence>
</article>
