<?xml version="1.0" encoding="UTF-8" standalone="no"?>
<!-- 

  ancora-2.0
       
			Copyright (C) 2007, 2008, 2009, 2010, 2011 UB - CLiC
			Centre de Llenguatge i Computació - Universitat de Barcelona
 
  This file is part of ancora-2.0.
 
  ancora-2.0 is free software and data: you can redistribute it and/or modify
  it under the terms of the GNU General Public License as published
  by the Free Software Foundation, either version 3 of the License,
  or (at your option) any later version.

  ancora-2.0 is distributed in the hope that it will be useful,
  but WITHOUT ANY WARRANTY; without even the implied warranty of
  MERCHANTABILITY or FITNESS FOR A PARTICULAR PURPOSE.  See the
  GNU General Public License for more details.
 
  You should have received a copy of the GNU General Public License
  along with ancora-2.0.  If not, see &lt;http://www.gnu.org/licenses/&gt;.
 
  Check a text in catalan explaining the terms of the license at http://www.softcatala.cat/wiki/GPL3.
  In spanish at http://www.viti.es/gnu/licenses/gpl.html
 

  The following paper must be cited when using this corpus:

 * Taulé, M., M.A. Martí, M. Recasens (2008) 'Ancora: Multilevel Annotated Corpora for Catalan and Spanish',
   Proceedings of 6th International Conference on Language Resources and Evaluation. Marrakesh (Morocco).

  In addition, the following paper must be cited if coreference information (attributes entity, coreftype,
  corefsubtype, homophoricDD or entityref) is used:

 * Recasens, Marta, M. Antònia Martí (2010) ‘AnCora-CO: Coreferentially annotated corpora for Spanish and
   Catalan’. Language Resources and Evaluation, Springer Science.

  Additionally, the following paper must be cited when argumental attributes in "sn" or "grup.nom"
  (attributes func, arg, tem or lexicalid) are used:

 * Peris, Aina, Mariona Taulé, Horacio Rodríguez (2010) ‘Semantic Annotation of Deverbal Nominalizations in the
   Spanish AnCora corpus’. Treebanks and Linguistic Theories (TLT-2010), Estonia.
-->
<article lng="ca">
  <sentence>
    <sn arg="arg0" func="suj" tem="agt">
      <spec gen="f" num="s">
        <d gen="f" lem="un" num="s" pos="di0fs0" postype="indefinite" wd="Una"/>
      </spec>
      <grup.nom gen="f" num="s">
        <n gen="f" lem="dotzena" num="s" pos="ncfs000" postype="common" sense="16:09898493" wd="dotzena"/>
        <sp>
          <prep>
            <s lem="de" pos="sps00" postype="preposition" wd="d'"/>
          </prep>
          <sn>
            <grup.nom gen="f" num="p">
              <n gen="f" lem="entitat" num="p" pos="ncfp000" postype="common" sense="16:00001740" wd="entitats"/>
              <sp>
                <prep>
                  <s contracted="yes" gen="m" lem="del" num="s" pos="spcms" postype="preposition" wd="del"/>
                </prep>
                <sn>
                  <grup.nom gen="m" num="s">
                    <n gen="m" lem="món" num="s" pos="ncms000" postype="common" sense="16:05957670" wd="món"/>
                    <s.a gen="m" num="s">
                      <grup.a gen="m" num="s">
                        <a gen="m" lem="socioeconòmic" num="s" pos="aq0ms0" postype="qualificative" wd="socioeconòmic"/>
                      </grup.a>
                    </s.a>
                    <s.a gen="m" num="s">
                      <grup.a gen="m" num="s">
                        <a gen="m" lem="català" num="s" pos="aq0ms0" postype="qualificative" wd="català"/>
                      </grup.a>
                    </s.a>
                  </grup.nom>
                </sn>
              </sp>
              <S clausetype="relative">
                <f lem="," pos="fc" punct="comma" wd=","/>
                <relatiu arg="arg0" func="suj" tem="agt">
                  <p gen="c" lem="que" num="c" pos="pr0cn000" postype="relative" wd="que"/>
                </relatiu>
                <grup.verb>
                  <v lem="representar" lss="A21.transitive-agentive-patient" mood="indicative" num="p" person="3" pos="vmip3p0" postype="main" tense="present" wd="representen"/>
                </grup.verb>
                <sadv arg="argM" func="cc" tem="adv">
                  <grup.adv>
                    <r lem="principalment" pos="rg" wd="principalment"/>
                  </grup.adv>
                </sadv>
                <sn arg="arg1" func="cd" tem="pat">
                  <spec gen="m" num="p">
                    <d gen="m" lem="el" num="p" pos="da0mp0" postype="article" wd="els"/>
                  </spec>
                  <grup.nom gen="m" num="p">
                    <n gen="m" lem="sector" num="p" pos="ncmp000" postype="common" sense="16:06214548" wd="sectors"/>
                    <sp>
                      <prep>
                        <s lem="de" pos="sps00" postype="preposition" wd="de"/>
                      </prep>
                      <sn coord="yes">
                        <sn>
                          <spec gen="f" num="s">
                            <d gen="c" lem="el" num="s" pos="da0cs0" postype="article" wd="l'"/>
                          </spec>
                          <grup.nom gen="f" num="s">
                            <n gen="f" lem="hostaleria" num="s" pos="ncfs000" postype="common" sense="16:cs1" wd="hostaleria"/>
                          </grup.nom>
                        </sn>
                        <f lem="," pos="fc" punct="comma" wd=","/>
                        <sn>
                          <spec gen="f" num="s">
                            <d gen="f" lem="el" num="s" pos="da0fs0" postype="article" wd="la"/>
                          </spec>
                          <grup.nom gen="f" num="s">
                            <n gen="f" lem="restauració" num="s" pos="ncfs000" postype="common" sense="16:cs1" wd="restauració"/>
                          </grup.nom>
                        </sn>
                        <conj conjunctiontype="coordinating">
                          <c lem="i" pos="cc" postype="coordinating" wd="i"/>
                        </conj>
                        <sn>
                          <spec gen="m" num="s">
                            <d gen="m" lem="el" num="s" pos="da0ms0" postype="article" wd="el"/>
                          </spec>
                          <grup.nom gen="m" num="s">
                            <n gen="m" lem="comerç" num="s" pos="ncms000" postype="common" sense="16:00706993" wd="comerç"/>
                          </grup.nom>
                        </sn>
                      </sn>
                    </sp>
                  </grup.nom>
                </sn>
                <f lem="," pos="fc" punct="comma" wd=","/>
              </S>
            </grup.nom>
          </sn>
        </sp>
      </grup.nom>
    </sn>
    <grup.verb>
      <v lem="signar" lss="A21.transitive-agentive-patient" mood="indicative" num="p" person="3" pos="vmif3p0" postype="main" tense="future" wd="signaran"/>
    </grup.verb>
    <sadv arg="argM" func="cc" tem="tmp">
      <grup.adv>
        <r lem="demà" pos="rg" wd="demà"/>
      </grup.adv>
    </sadv>
    <sp arg="argM" func="cc" tem="loc">
      <prep>
        <s contracted="yes" gen="m" lem="al" num="s" pos="spcms" postype="preposition" wd="al"/>
      </prep>
      <sn entityref="ne" ne="location">
        <grup.nom gen="m" num="s">
          <n lem="Palau_de_la_Generalitat" ne="location" pos="np0000l" postype="proper" sense="16:cs1" wd="Palau_de_la_Generalitat"/>
        </grup.nom>
      </sn>
    </sp>
    <sn arg="arg1" func="cd" tem="pat">
      <spec gen="m" num="s">
        <d gen="m" lem="un" num="s" pos="di0ms0" postype="indefinite" wd="un"/>
      </spec>
      <grup.nom gen="m" num="s">
        <n gen="m" lem="acord" num="s" pos="ncms000" postype="common" sense="16:05072418" wd="acord"/>
        <S clausetype="relative">
          <sp func="ao">
            <prep>
              <s lem="segons" pos="sps00" postype="preposition" wd="segons"/>
            </prep>
            <relatiu>
              <d gen="m" lem="el" num="s" pos="da0ms0" postype="article" wd="el"/>
              <p gen="c" lem="qual" num="s" pos="pr0cs000" postype="relative" wd="qual"/>
            </relatiu>
          </sp>
          <sn arg="arg0" elliptic="yes" func="suj" tem="agt"/>
          <sn arg="arg1" func="cd" tem="pat">
            <grup.nom>
              <p gen="c" lem="ell" num="c" person="3" pos="pp3cn000" postype="personal" wd="s'"/>
            </grup.nom>
          </sn>
          <grup.verb>
            <v lem="inscriure" lss="A21.transitive-agentive-patient" mood="indicative" num="p" person="3" pos="vmip3p0" postype="main" tense="present" wd="inscriuen"/>
          </grup.verb>
          <sp arg="arg2" func="creg" tem="loc">
            <prep>
              <s lem="a" pos="sps00" postype="preposition" wd="a"/>
            </prep>
            <sn>
              <spec gen="f" num="s">
                <d gen="f" lem="el" num="s" pos="da0fs0" postype="article" wd="la"/>
              </spec>
              <grup.nom gen="f" num="s">
                <n gen="f" lem="campanya" num="s" pos="ncfs000" postype="common" sense="16:00509919" wd="campanya"/>
                <sn entityref="ne" ne="other">
                  <grup.nom>
                    <f lem="'" pos="fz" punct="mathsign" wd="'"/>
                    <n lem="En_català_,_tu_hi_guanyes" ne="other" pos="np0000a" postype="proper" sense="16:cs1" wd="En_català_,_tu_hi_guanyes"/>
                    <f lem="'" pos="fz" punct="mathsign" wd="'"/>
                  </grup.nom>
                </sn>
                <S clausetype="relative">
                  <relatiu arg="arg1" func="cd" tem="pat">
                    <p gen="c" lem="que" num="c" pos="pr0cn000" postype="relative" wd="que"/>
                  </relatiu>
                  <grup.verb>
                    <v lem="impulsar" lss="A21.transitive-agentive-patient" mood="indicative" num="s" person="3" pos="vmip3s0" postype="main" tense="present" wd="impulsa"/>
                  </grup.verb>
                  <sn arg="arg0" entityref="ne" func="suj" ne="organization" tem="agt">
                    <spec gen="m" num="s">
                      <d gen="m" lem="el" num="s" pos="da0ms0" postype="article" wd="el"/>
                    </spec>
                    <grup.nom gen="m" num="s">
                      <n lem="Govern" ne="organization" pos="np0000o" postype="proper" sense="16:cs1" wd="Govern"/>
                    </grup.nom>
                  </sn>
                  <sp arg="argM" func="cc" tem="fin">
                    <prep>
                      <s lem="amb_l'_objecte_de" pos="sps00" postype="preposition" wd="amb_l'_objecte_de"/>
                    </prep>
                    <S clausetype="completive" impersonal="yes">
                      <infinitiu>
                        <v lem="fomentar" lss="A21.transitive-agentive-patient" mood="infinitive" pos="vmn0000" postype="main" wd="fomentar"/>
                      </infinitiu>
                      <sn arg="arg1" func="cd" tem="pat">
                        <spec gen="m" num="s">
                          <d gen="c" lem="el" num="s" pos="da0cs0" postype="article" wd="l'"/>
                        </spec>
                        <grup.nom gen="m" num="s">
                          <n gen="m" lem="ús" num="s" pos="ncms000" postype="common" sense="16:00265102" wd="ús"/>
                          <sp>
                            <prep>
                              <s contracted="yes" gen="m" lem="del" num="s" pos="spcms" postype="preposition" wd="del"/>
                            </prep>
                            <sn>
                              <grup.nom gen="m" num="s">
                                <n gen="m" lem="català" num="s" pos="ncms000" postype="common" sense="16:05224856" wd="català"/>
                              </grup.nom>
                            </sn>
                          </sp>
                        </grup.nom>
                      </sn>
                      <sp arg="argM" func="cc" tem="adv">
                        <prep>
                          <s lem="en" pos="sps00" postype="preposition" wd="en"/>
                        </prep>
                        <sn>
                          <spec gen="f" num="s">
                            <d gen="c" lem="el" num="s" pos="da0cs0" postype="article" wd="l'"/>
                          </spec>
                          <grup.nom gen="f" num="s">
                            <n gen="f" lem="atenció" num="s" pos="ncfs000" postype="common" sense="16:00428745" wd="atenció"/>
                            <sp>
                              <prep>
                                <s contracted="yes" gen="m" lem="al" num="s" pos="spcms" postype="preposition" wd="al"/>
                              </prep>
                              <sn>
                                <grup.nom gen="m" num="s">
                                  <n gen="m" lem="públic" num="s" pos="ncms000" postype="common" sense="16:06103316" wd="públic"/>
                                </grup.nom>
                              </sn>
                            </sp>
                          </grup.nom>
                        </sn>
                      </sp>
                      <sp arg="argM" func="cc" tem="loc">
                        <prep>
                          <s contracted="yes" gen="m" lem="al" num="p" pos="spcmp" postype="preposition" wd="als"/>
                        </prep>
                        <sn>
                          <grup.nom gen="m" num="p">
                            <n gen="m" lem="establiment" num="p" pos="ncmp000" postype="common" sense="16:03325022" wd="establiments"/>
                            <s.a coord="yes" gen="m" num="p">
                              <s.a gen="m" num="p">
                                <grup.a gen="m" num="p">
                                  <a gen="c" lem="comercial" num="p" pos="aq0cp0" postype="qualificative" wd="comercials"/>
                                </grup.a>
                              </s.a>
                              <conj conjunctiontype="coordinating">
                                <c lem="i" pos="cc" postype="coordinating" wd="i"/>
                              </conj>
                              <sp>
                                <prep>
                                  <s lem="de" pos="sps00" postype="preposition" wd="de"/>
                                </prep>
                                <sn>
                                  <grup.nom gen="f" num="s">
                                    <n gen="f" lem="restauració" num="s" pos="ncfs000" postype="common" sense="16:cs1" wd="restauració"/>
                                  </grup.nom>
                                </sn>
                              </sp>
                            </s.a>
                          </grup.nom>
                        </sn>
                      </sp>
                    </S>
                  </sp>
                </S>
              </grup.nom>
            </sn>
          </sp>
        </S>
      </grup.nom>
    </sn>
    <f lem="." pos="fp" punct="period" wd="."/>
  </sentence>
  <f lem="'" punct="quotation" wd="'"/>
  <sentence>
    <sn arg="arg2" func="atr" tem="atr">
      <spec gen="f" num="p">
        <d gen="f" lem="el" num="p" pos="da0fp0" postype="article" wd="Les"/>
        <d gen="c" lem="dotze" num="p" pos="dn0cp0" postype="numeral" wd="dotze"/>
      </spec>
      <grup.nom gen="f" num="p">
        <n gen="f" lem="entitat" num="p" pos="ncfp000" postype="common" sense="16:00001740" wd="entitats"/>
        <S clausetype="relative">
          <relatiu arg="arg0" func="suj" tem="agt">
            <p gen="c" lem="que" num="c" pos="pr0cn000" postype="relative" wd="que"/>
          </relatiu>
          <grup.verb>
            <v lem="subscriure" lss="A21.transitive-agentive-patient" mood="indicative" num="p" person="3" pos="vmif3p0" postype="main" tense="future" wd="subscriuran"/>
          </grup.verb>
          <sn arg="arg1" func="cd" tem="pat">
            <spec gen="m" num="s">
              <d gen="c" lem="el" num="s" pos="da0cs0" postype="article" wd="l'"/>
            </spec>
            <grup.nom gen="m" num="s">
              <n gen="m" lem="acord" num="s" pos="ncms000" postype="common" sense="16:05072418" wd="acord"/>
            </grup.nom>
          </sn>
        </S>
      </grup.nom>
    </sn>
    <grup.verb>
      <v lem="ser" lss="C21.state-attributive" mood="indicative" num="p" person="3" pos="vmip3p0" postype="main" tense="present" wd="són"/>
    </grup.verb>
    <sn arg="arg1" complex="yes" func="suj" tem="tem">
      <grup.nom coord="yes">
        <f lem=":" pos="fd" punct="colon" wd=":"/>
        <grup.nom>
          <n lem="Agrupament_de_Botiguers_i_Comerciants_de_Catalunya" ne="organization" pos="np0000o" postype="proper" sense="16:cs1" wd="Agrupament_de_Botiguers_i_Comerciants_de_Catalunya"/>
          <sn entityref="ne" ne="organization">
            <grup.nom>
              <f lem="(" punct="bracket" wd="("/>
              <n lem="ABC" ne="organization" pos="np0000o" postype="proper" sense="16:cs1" wd="ABC"/>
              <f lem=")" pos="fpt" punct="bracket" punctenclose="close" wd=")"/>
            </grup.nom>
          </sn>
        </grup.nom>
        <f lem="," pos="fc" punct="comma" wd=","/>
        <grup.nom>
          <n lem="Associació_Nacional_de_Grans_Establiments_de_Distribució" ne="organization" pos="np0000o" postype="proper" sense="16:cs1" wd="Associació_Nacional_de_Grans_Establiments_de_Distribució"/>
          <sn entityref="ne" ne="organization">
            <grup.nom>
              <f lem="(" pos="fpa" punct="bracket" punctenclose="open" wd="("/>
              <n lem="ANGED" ne="organization" pos="np0000o" postype="proper" sense="16:cs1" wd="ANGED"/>
              <f lem=")" pos="fpt" punct="bracket" punctenclose="close" wd=")"/>
            </grup.nom>
          </sn>
        </grup.nom>
        <f lem="," pos="fc" punct="comma" wd=","/>
        <grup.nom>
          <n lem="Comissions_Obreres" ne="organization" pos="np0000o" postype="proper" sense="16:cs1" wd="Comissions_Obreres"/>
          <sn entityref="ne" ne="organization">
            <grup.nom>
              <f lem="(" pos="fpa" punct="bracket" punctenclose="open" wd="("/>
              <n lem="CCOO" ne="organization" pos="np0000o" postype="proper" sense="16:cs1" wd="CCOO"/>
              <f lem=")" pos="fpt" punct="bracket" punctenclose="close" wd=")"/>
            </grup.nom>
          </sn>
        </grup.nom>
        <f lem="," pos="fc" punct="comma" wd=","/>
        <grup.nom>
          <n lem="Confederació_de_Comerç_de_Catalunya" ne="organization" pos="np0000o" postype="proper" sense="16:cs1" wd="Confederació_de_Comerç_de_Catalunya"/>
          <sn entityref="ne" ne="organization">
            <grup.nom>
              <f lem="(" pos="fpa" punct="bracket" punctenclose="open" wd="("/>
              <n lem="CCC" ne="organization" pos="np0000o" postype="proper" sense="16:cs1" wd="CCC"/>
              <f lem=")" pos="fpt" punct="bracket" punctenclose="close" wd=")"/>
            </grup.nom>
          </sn>
        </grup.nom>
        <f lem="," pos="fc" punct="comma" wd=","/>
        <grup.nom>
          <n lem="Confederació_Empresarial_d'_Hostaleria_i_Restauració_de_Catalunya" ne="organization" pos="np0000o" postype="proper" sense="16:cs1" wd="Confederació_Empresarial_d'_Hostaleria_i_Restauració_de_Catalunya"/>
        </grup.nom>
        <f lem="," pos="fc" punct="comma" wd=","/>
        <grup.nom>
          <n lem="Consell_d'_Empreses_Distribuïdores_d'_Alimentació_de_Catalunya" ne="organization" pos="np0000o" postype="proper" sense="16:cs1" wd="Consell_d'_Empreses_Distribuïdores_d'_Alimentació_de_Catalunya"/>
          <sn entityref="ne" ne="organization">
            <grup.nom gen="f" num="p">
              <f lem="(" pos="fpa" punct="bracket" punctenclose="open" wd="("/>
              <n lem="CEDAC" ne="organization" pos="np0000o" postype="proper" sense="16:cs1" wd="CEDAC"/>
              <f lem=")" pos="fpt" punct="bracket" punctenclose="close" wd=")"/>
            </grup.nom>
          </sn>
        </grup.nom>
        <f lem="," pos="fc" punct="comma" wd=","/>
        <grup.nom>
          <n lem="Consell_General_de_Cambres_de_Comerç_de_Catalunya" ne="organization" pos="np0000o" postype="proper" sense="16:cs1" wd="Consell_General_de_Cambres_de_Comerç_de_Catalunya"/>
        </grup.nom>
        <f lem="," pos="fc" punct="comma" wd=","/>
        <grup.nom>
          <n lem="Federació_de_Restauració_de_Catalunya" ne="organization" pos="np0000o" postype="proper" sense="16:cs1" wd="Federació_de_Restauració_de_Catalunya"/>
          <sn entityref="ne" ne="organization">
            <grup.nom>
              <f lem="(" pos="fpa" punct="bracket" punctenclose="open" wd="("/>
              <n lem="FERECA" ne="organization" pos="np0000o" postype="proper" sense="16:cs1" wd="FERECA"/>
              <f lem=")" pos="fpt" punct="bracket" punctenclose="close" wd=")"/>
            </grup.nom>
          </sn>
        </grup.nom>
        <f lem="," pos="fc" punct="comma" wd=","/>
        <grup.nom>
          <n lem="Foment_del_Treball_Nacional" ne="organization" pos="np0000o" postype="proper" sense="16:cs1" wd="Foment_del_Treball_Nacional"/>
        </grup.nom>
        <f lem="," pos="fc" punct="comma" wd=","/>
        <grup.nom>
          <n lem="Pimec-Sefes" ne="organization" pos="np0000o" postype="proper" sense="16:cs1" wd="Pimec-Sefes"/>
        </grup.nom>
        <f lem="," pos="fc" punct="comma" wd=","/>
        <grup.nom>
          <n lem="Pimec-Sefes_Comerç" ne="organization" pos="np0000o" postype="proper" sense="16:cs1" wd="Pimec-Sefes_Comerç"/>
        </grup.nom>
        <conj conjunctiontype="coordinating">
          <c lem="i" pos="cc" postype="coordinating" wd="i"/>
        </conj>
        <grup.nom>
          <n lem="Unió_General_de_Treballadors" ne="organization" pos="np0000o" postype="proper" sense="16:cs1" wd="Unió_General_de_Treballadors"/>
          <sn entityref="ne" ne="organization">
            <grup.nom>
              <f lem="(" pos="fpa" punct="bracket" punctenclose="open" wd="("/>
              <n lem="UGT" ne="organization" pos="np0000o" postype="proper" sense="16:cs1" wd="UGT"/>
              <f lem=")" pos="fpt" punct="bracket" punctenclose="close" wd=")"/>
            </grup.nom>
          </sn>
        </grup.nom>
      </grup.nom>
    </sn>
    <f lem="." pos="fp" punct="period" wd="."/>
  </sentence>
  <sentence coord="yes">
    <S>
      <sn arg="arg1" func="suj" tem="pat">
        <spec gen="m" num="s">
          <d gen="c" lem="el" num="s" pos="da0cs0" postype="article" wd="L'"/>
        </spec>
        <grup.nom gen="m" num="s">
          <n gen="m" lem="acte" num="s" pos="ncms000" postype="common" sense="16:00017487" wd="acte"/>
        </grup.nom>
      </sn>
      <grup.verb>
        <v lem="ser" mood="indicative" num="s" person="3" pos="vsif3s0" postype="semiauxiliary" tense="future" wd="serà"/>
        <v gen="m" lem="presidir" lss="B22.unaccusative-passive-transitive" mood="participle" num="s" pos="vmp00sm" postype="main" wd="presidit"/>
      </grup.verb>
      <sp arg="arg0" func="cag" tem="agt">
        <prep>
          <s contracted="yes" gen="m" lem="pel" num="s" pos="spcms" postype="preposition" wd="pel"/>
        </prep>
        <sn entityref="ne" ne="person">
          <grup.nom gen="m" num="s">
            <n gen="m" lem="president" num="s" pos="ncms000" postype="common" sense="16:07496197" wd="president"/>
            <sp>
              <prep>
                <s lem="de" pos="sps00" postype="preposition" wd="de"/>
              </prep>
              <sn entityref="ne" ne="organization">
                <spec gen="f" num="s">
                  <d gen="f" lem="el" num="s" pos="da0fs0" postype="article" wd="la"/>
                </spec>
                <grup.nom gen="f" num="s">
                  <n lem="Generalitat" ne="organization" pos="np0000o" postype="proper" sense="16:cs1" wd="Generalitat"/>
                </grup.nom>
              </sn>
            </sp>
            <sn entityref="ne" ne="person">
              <f lem="," pos="fc" punct="comma" wd=","/>
              <grup.nom gen="m" num="s">
                <n lem="Jordi_Pujol" ne="person" pos="np0000p" postype="proper" sense="16:cs1" wd="Jordi_Pujol"/>
              </grup.nom>
              <f lem="," pos="fc" punct="comma" wd=","/>
            </sn>
          </grup.nom>
        </sn>
      </sp>
    </S>
    <conj conjunctiontype="coordinating">
      <c lem="i" pos="cc" postype="coordinating" wd="i"/>
    </conj>
    <S>
      <grup.verb>
        <v lem="subscriure" lss="A21.transitive-agentive-patient" mood="indicative" num="p" person="3" pos="vmif3p0" postype="main" tense="future" wd="subscriuran"/>
      </grup.verb>
      <sn arg="arg1" func="cd" tem="pat">
        <spec gen="m" num="s">
          <d gen="c" lem="el" num="s" pos="da0cs0" postype="article" wd="l'"/>
        </spec>
        <grup.nom gen="m" num="s">
          <n gen="m" lem="acord" num="s" pos="ncms000" postype="common" sense="16:05072418" wd="acord"/>
        </grup.nom>
      </sn>
      <sn arg="arg0" func="suj" tem="agt">
        <spec gen="m" num="p">
          <d gen="m" lem="el" num="p" pos="da0mp0" postype="article" wd="els"/>
        </spec>
        <grup.nom gen="m" num="p">
          <n gen="m" lem="conseller" num="p" pos="ncmp000" postype="common" sense="16:07412658" wd="consellers"/>
          <sp coord="yes">
            <sp>
              <prep>
                <s lem="de" pos="sps00" postype="preposition" wd="de"/>
              </prep>
              <sn entityref="ne" ne="person">
                <sn entityref="ne" ne="organization">
                  <grup.nom>
                    <n lem="Cultura" ne="organization" pos="np0000o" postype="proper" sense="16:cs1" wd="Cultura"/>
                  </grup.nom>
                </sn>
                <sn adjunct="yes" entityref="ne" ne="person">
                  <f lem="," pos="fc" punct="comma" wd=","/>
                  <grup.nom gen="m" num="s">
                    <n lem="Jordi_Vilajoana" ne="person" pos="np0000p" postype="proper" sense="16:cs1" wd="Jordi_Vilajoana"/>
                  </grup.nom>
                  <f lem="," pos="fc" punct="comma" wd=","/>
                </sn>
              </sn>
            </sp>
            <conj conjunctiontype="coordinating">
              <c lem="i" pos="cc" postype="coordinating" wd="i"/>
            </conj>
            <sp>
              <prep>
                <s lem="de" pos="sps00" postype="preposition" wd="de"/>
              </prep>
              <sn entityref="ne" ne="person">
                <sn entityref="ne" ne="organization">
                  <grup.nom>
                    <n lem="Treball_,_Indústria_,_Comerç_i_Turisme" ne="organization" pos="np0000o" postype="proper" sense="16:cs1" wd="Treball_,_Indústria_,_Comerç_i_Turisme"/>
                  </grup.nom>
                </sn>
                <sn adjunct="yes" entityref="ne" ne="person">
                  <f lem="," pos="fc" punct="comma" wd=","/>
                  <grup.nom gen="m" num="s">
                    <n lem="Antoni_Fernández_Teixidó" ne="person" pos="np0000p" postype="proper" sense="16:cs1" wd="Antoni_Fernández_Teixidó"/>
                  </grup.nom>
                </sn>
              </sn>
            </sp>
          </sp>
        </grup.nom>
      </sn>
    </S>
    <f lem="." pos="fp" punct="period" wd="."/>
  </sentence>
  <sentence>
    <sp arg="arg2" func="cc" repetition="yes" tem="loc">
      <prep>
        <s lem="a" pos="sps00" postype="preposition" wd="A"/>
      </prep>
      <sn>
        <spec gen="m" num="s">
          <d gen="c" lem="el" num="s" pos="da0cs0" postype="article" wd="l'"/>
        </spec>
        <grup.nom gen="m" num="s">
          <n gen="m" lem="acte" num="s" pos="ncms000" postype="common" sense="16:00017487" wd="acte"/>
        </grup.nom>
      </sn>
    </sp>
    <sadv func="mod">
      <grup.adv>
        <r lem="també" pos="rg" wd="també"/>
      </grup.adv>
    </sadv>
    <sn arg="arg2" func="cc" repetition="yes" tem="loc">
      <grup.nom>
        <p gen="c" lem="hi" num="c" person="3" pos="pp3cn000" postype="personal" wd="hi"/>
      </grup.nom>
    </sn>
    <grup.verb>
      <v lem="assistir" lss="D11.inergative-agentive" mood="indicative" num="p" person="3" pos="vmif3p0" postype="main" tense="future" wd="assistiran"/>
    </grup.verb>
    <sn arg="arg0" coord="yes" func="suj" tem="agt">
      <sn coord="yes">
        <sn>
          <spec gen="m" num="p">
            <d gen="m" lem="el" num="p" pos="da0mp0" postype="article" wd="els"/>
          </spec>
          <grup.nom gen="m" num="p">
            <n gen="m" lem="secretari" num="p" pos="ncmp000" postype="common" sense="16:07556911" wd="secretaris"/>
            <s.a gen="m" num="p">
              <grup.a gen="m" num="p">
                <a gen="c" lem="general" num="p" pos="aq0cp0" postype="qualificative" wd="generals"/>
              </grup.a>
            </s.a>
            <sp coord="yes">
              <sp>
                <prep>
                  <s contracted="yes" gen="m" lem="del" num="s" pos="spcms" postype="preposition" wd="del"/>
                </prep>
                <sn entityref="ne" ne="person">
                  <sn entityref="ne" ne="organization">
                    <grup.nom gen="m" num="s">
                      <n lem="Departament_de_Cultura" ne="organization" pos="np0000o" postype="proper" sense="16:cs1" wd="Departament_de_Cultura"/>
                    </grup.nom>
                  </sn>
                  <sn adjunct="yes" entityref="ne" ne="person">
                    <f lem="," pos="fc" punct="comma" wd=","/>
                    <grup.nom gen="m" num="s">
                      <n lem="Pau_Villòria" ne="person" pos="np0000p" postype="proper" sense="16:cs1" wd="Pau_Villòria"/>
                    </grup.nom>
                    <f lem="," pos="fc" punct="comma" wd=","/>
                  </sn>
                </sn>
              </sp>
              <conj conjunctiontype="coordinating">
                <c lem="i" pos="cc" postype="coordinating" wd="i"/>
              </conj>
              <sp>
                <prep>
                  <s contracted="yes" gen="m" lem="del" num="s" pos="spcms" postype="preposition" wd="del"/>
                </prep>
                <sn entityref="ne" ne="person">
                  <sn entityref="ne" ne="organization">
                    <grup.nom gen="m" num="s">
                      <n lem="Departament_de_Treball_,_Indústria_,_Comerç_i_Turisme" ne="organization" pos="np0000o" postype="proper" sense="16:cs1" wd="Departament_de_Treball_,_Indústria_,_Comerç_i_Turisme"/>
                    </grup.nom>
                  </sn>
                  <sn adjunct="yes" entityref="ne" ne="person">
                    <f lem="," pos="fc" punct="comma" wd=","/>
                    <grup.nom gen="m" num="s">
                      <n lem="Oriol_Pujol" ne="person" pos="np0000p" postype="proper" sense="16:cs1" wd="Oriol_Pujol"/>
                    </grup.nom>
                  </sn>
                </sn>
              </sp>
            </sp>
          </grup.nom>
        </sn>
        <f lem=";" pos="fx" punct="semicolon" wd=";"/>
        <sn complex="yes" entityref="ne" ne="person">
          <spec gen="m" num="s">
            <d gen="m" lem="el" num="s" pos="da0ms0" postype="article" wd="el"/>
          </spec>
          <grup.nom coord="yes" gen="m" num="s">
            <grup.nom coord="yes" gen="m" num="s">
              <n gen="m" lem="director" num="s" pos="ncms000" postype="common" sense="16:07496197" wd="director"/>
              <s.a gen="m" num="s">
                <grup.a gen="m" num="s">
                  <a gen="c" lem="general" num="s" pos="aq0cs0" postype="qualificative" wd="general"/>
                </grup.a>
              </s.a>
              <sp>
                <prep>
                  <s lem="de" pos="sps00" postype="preposition" wd="de"/>
                </prep>
                <sn entityref="ne" ne="organization">
                  <grup.nom>
                    <n lem="Política_Lingüística" ne="organization" pos="np0000o" postype="proper" sense="16:cs1" wd="Política_Lingüística"/>
                  </grup.nom>
                </sn>
              </sp>
              <conj conjunctiontype="coordinating">
                <c lem="i" pos="cc" postype="coordinating" wd="i"/>
              </conj>
              <grup.nom gen="m" num="s">
                <n gen="m" lem="president" num="s" pos="ncms000" postype="common" sense="16:07496197" wd="president"/>
                <sp>
                  <prep>
                    <s contracted="yes" gen="m" lem="del" num="s" pos="spcms" postype="preposition" wd="del"/>
                  </prep>
                  <grup.nom gen="m" num="s">
                    <n lem="Consorci_per_a_la_Normalització_Lingüística" ne="organization" pos="np0000o" postype="proper" sense="16:cs1" wd="Consorci_per_a_la_Normalització_Lingüística"/>
                  </grup.nom>
                </sp>
              </grup.nom>
            </grup.nom>
            <sn adjunct="yes" entityref="ne" ne="person">
              <f lem="," pos="fc" punct="comma" wd=","/>
              <grup.nom gen="m" num="s">
                <n lem="Jordi_Roigé" ne="person" pos="np0000p" postype="proper" sense="16:cs1" wd="Jordi_Roigé"/>
              </grup.nom>
            </sn>
          </grup.nom>
        </sn>
        <f lem=";" pos="fx" punct="semicolon" wd=";"/>
        <sn entityref="ne" ne="person">
          <spec gen="m" num="s">
            <d gen="m" lem="el" num="s" pos="da0ms0" postype="article" wd="el"/>
          </spec>
          <grup.nom gen="m" num="s">
            <n gen="m" lem="secretari" num="s" pos="ncms000" postype="common" sense="16:07556911" wd="secretari"/>
            <sp>
              <prep>
                <s lem="per" pos="sps00" postype="preposition" wd="per"/>
              </prep>
              <sp>
                <prep>
                  <s lem="a" pos="sps00" postype="preposition" wd="a"/>
                </prep>
                <sn entityref="ne" ne="organization">
                  <spec gen="f" num="s">
                    <d gen="f" lem="el" num="s" pos="da0fs0" postype="article" wd="la"/>
                  </spec>
                  <grup.nom gen="f" num="s">
                    <n lem="Immigració" ne="organization" pos="np0000o" postype="proper" sense="16:cs1" wd="Immigració"/>
                  </grup.nom>
                </sn>
              </sp>
            </sp>
            <sn entityref="ne" ne="person">
              <f lem="," pos="fc" punct="comma" wd=","/>
              <grup.nom gen="m" num="s">
                <n lem="Salvador_Obiols" ne="person" pos="np0000p" postype="proper" sense="16:cs1" wd="Salvador_Obiols"/>
              </grup.nom>
              <f lem="," pos="fc" punct="comma" wd=","/>
            </sn>
          </grup.nom>
        </sn>
        <conj conjunctiontype="coordinating">
          <c lem="i" pos="cc" postype="coordinating" wd="i"/>
        </conj>
        <sn>
          <spec gen="m" num="p">
            <d gen="m" lem="el" num="p" pos="da0mp0" postype="article" wd="els"/>
          </spec>
          <grup.nom gen="m" num="p">
            <n gen="m" lem="director" num="p" pos="ncmp000" postype="common" sense="16:07496197" wd="directors"/>
            <s.a gen="m" num="p">
              <grup.a gen="m" num="p">
                <a gen="c" lem="general" num="p" pos="aq0cp0" postype="qualificative" wd="generals"/>
              </grup.a>
            </s.a>
            <sp coord="yes">
              <sp>
                <prep>
                  <s lem="de" pos="sps00" postype="preposition" wd="de"/>
                </prep>
                <sn entityref="ne" ne="person">
                  <sn entityref="ne" ne="organization">
                    <grup.nom>
                      <n lem="Comerç" ne="organization" pos="np0000o" postype="proper" sense="16:cs1" wd="Comerç"/>
                    </grup.nom>
                  </sn>
                  <sn adjunct="yes" entityref="ne" ne="person">
                    <f lem="," pos="fc" punct="comma" wd=","/>
                    <grup.nom gen="m" num="s">
                      <n lem="Jaume_Angerri" ne="person" pos="np0000p" postype="proper" sense="16:cs1" wd="Jaume_Angerri"/>
                    </grup.nom>
                  </sn>
                </sn>
              </sp>
              <f lem=";" pos="fx" punct="semicolon" wd=";"/>
              <sp>
                <prep>
                  <s lem="de" pos="sps00" postype="preposition" wd="d'"/>
                </prep>
                <sn entityref="ne" ne="person">
                  <sn entityref="ne" ne="organization">
                    <grup.nom>
                      <n lem="Ocupació" ne="organization" pos="np0000o" postype="proper" sense="16:cs1" wd="Ocupació"/>
                    </grup.nom>
                  </sn>
                  <sn adjunct="yes" entityref="ne" ne="person">
                    <f lem="," pos="fc" punct="comma" wd=","/>
                    <grup.nom gen="m" num="s">
                      <n lem="Manuel_Romero" ne="person" pos="np0000p" postype="proper" sense="16:cs1" wd="Manuel_Romero"/>
                    </grup.nom>
                    <f lem="," pos="fc" punct="comma" wd=","/>
                  </sn>
                </sn>
              </sp>
              <conj conjunctiontype="coordinating">
                <c lem="i" pos="cc" postype="coordinating" wd="i"/>
              </conj>
              <sp>
                <prep>
                  <s lem="de" pos="sps00" postype="preposition" wd="de"/>
                </prep>
                <sn entityref="ne" ne="person">
                  <sn entityref="ne" ne="organization">
                    <grup.nom>
                      <n lem="Relacions_Laborals" ne="organization" pos="np0000o" postype="proper" sense="16:cs1" wd="Relacions_Laborals"/>
                    </grup.nom>
                  </sn>
                  <sn adjunct="yes" entityref="ne" ne="person">
                    <f lem="," pos="fc" punct="comma" wd=","/>
                    <grup.nom gen="m" num="s">
                      <n lem="Jaume_Abat" ne="person" pos="np0000p" postype="proper" sense="16:cs1" wd="Jaume_Abat"/>
                    </grup.nom>
                    <f lem="," pos="fc" punct="comma" wd=","/>
                  </sn>
                </sn>
              </sp>
            </sp>
          </grup.nom>
        </sn>
      </sn>
      <sp adjunct="yes">
        <prep>
          <s lem="entre" pos="sps00" postype="preposition" wd="entre"/>
        </prep>
        <sp>
          <prep>
            <s lem="de" pos="sps00" postype="preposition" wd="d'"/>
          </prep>
          <sn>
            <grup.nom gen="m" num="s">
              <p gen="c" lem="altre" num="p" pos="pi0cp000" postype="indefinite" wd="altres"/>
            </grup.nom>
          </sn>
        </sp>
      </sp>
    </sn>
    <f lem="." pos="fp" punct="period" wd="."/>
  </sentence>
</article>
