<?xml version="1.0" encoding="UTF-8" standalone="no"?>
<!-- 

  ancora-2.0
       
			Copyright (C) 2007, 2008, 2009, 2010, 2011 UB - CLiC
			Centre de Llenguatge i Computació - Universitat de Barcelona
 
  This file is part of ancora-2.0.
 
  ancora-2.0 is free software and data: you can redistribute it and/or modify
  it under the terms of the GNU General Public License as published
  by the Free Software Foundation, either version 3 of the License,
  or (at your option) any later version.

  ancora-2.0 is distributed in the hope that it will be useful,
  but WITHOUT ANY WARRANTY; without even the implied warranty of
  MERCHANTABILITY or FITNESS FOR A PARTICULAR PURPOSE.  See the
  GNU General Public License for more details.
 
  You should have received a copy of the GNU General Public License
  along with ancora-2.0.  If not, see &lt;http://www.gnu.org/licenses/&gt;.
 
  Check a text in catalan explaining the terms of the license at http://www.softcatala.cat/wiki/GPL3.
  In spanish at http://www.viti.es/gnu/licenses/gpl.html
 

  The following paper must be cited when using this corpus:

 * Taulé, M., M.A. Martí, M. Recasens (2008) 'Ancora: Multilevel Annotated Corpora for Catalan and Spanish',
   Proceedings of 6th International Conference on Language Resources and Evaluation. Marrakesh (Morocco).

  In addition, the following paper must be cited if coreference information (attributes entity, coreftype,
  corefsubtype, homophoricDD or entityref) is used:

 * Recasens, Marta, M. Antònia Martí (2010) ‘AnCora-CO: Coreferentially annotated corpora for Spanish and
   Catalan’. Language Resources and Evaluation, Springer Science.

  Additionally, the following paper must be cited when argumental attributes in "sn" or "grup.nom"
  (attributes func, arg, tem or lexicalid) are used:

 * Peris, Aina, Mariona Taulé, Horacio Rodríguez (2010) ‘Semantic Annotation of Deverbal Nominalizations in the
   Spanish AnCora corpus’. Treebanks and Linguistic Theories (TLT-2010), Estonia.
-->
<article lng="ca">
  <sentence>
    <sn arg="arg0" entityref="ne" func="suj" ne="organization" tem="agt">
      <grup.nom>
        <n lem="Unió_de_Pagesos" ne="organization" pos="np0000o" postype="proper" sense="16:cs1" wd="Unió_de_Pagesos"/>
      </grup.nom>
    </sn>
    <grup.verb>
      <v lem="considerar" lss="A21.transitive-agentive-patient" mood="indicative" num="s" person="3" pos="vmip3s0" postype="main" tense="present" wd="considera"/>
    </grup.verb>
    <sa arg="arg2" func="cpred" predicate="cd" tem="atr">
      <grup.a>
        <a gen="c" lem="insuficient" num="p" pos="aq0cp0" postype="qualificative" wd="insuficients"/>
      </grup.a>
    </sa>
    <sn arg="arg1" func="cd" tem="pat">
      <spec gen="m" num="p">
        <d gen="m" lem="el" num="p" pos="da0mp0" postype="article" wd="els"/>
      </spec>
      <grup.nom gen="m" num="p">
        <n gen="m" lem="ajut" num="p" pos="ncmp000" postype="common" sense="16:00788240" wd="ajuts"/>
        <S clausetype="relative">
          <relatiu arg="arg1" discid="1c" func="cd" tem="pat">
            <p gen="c" lem="que" num="c" pos="pr0cn000" postype="relative" wd="que"/>
          </relatiu>
          <sn arg="arg0" entityref="ne" func="suj" ne="organization" tem="agt">
            <spec gen="m" num="s">
              <d gen="m" lem="el" num="s" pos="da0ms0" postype="article" wd="el"/>
            </spec>
            <grup.nom gen="m" num="s">
              <n lem="Departament_d'_Agricultura" ne="organization" pos="np0000o" postype="proper" sense="16:cs1" wd="Departament_d'_Agricultura"/>
            </grup.nom>
          </sn>
          <grup.verb>
            <v lem="preveure" lss="A21.transitive-agentive-patient" mood="indicative" num="s" person="3" pos="vmip3s0" postype="main" tense="present" wd="preveu"/>
          </grup.verb>
          <S arg="arg1" clausetype="completive" discid="1n" func="cd" impersonal="yes" tem="pat">
            <infinitiu>
              <v lem="concedir" lss="A32.ditransitive-patient-benefactive" mood="infinitive" pos="vmn0000" postype="main" wd="concedir"/>
            </infinitiu>
            <sp arg="arg2" func="ci" tem="ben">
              <prep>
                <s lem="a" pos="sps00" postype="preposition" wd="a"/>
              </prep>
              <sn>
                <spec gen="m" num="p">
                  <d gen="m" lem="aquell" num="p" pos="dd0mp0" postype="demonstrative" wd="aquells"/>
                </spec>
                <grup.nom gen="m" num="p">
                  <n gen="m" lem="productor" num="p" pos="ncmp000" postype="common" sense="16:05461357" wd="productors"/>
                  <sp>
                    <prep>
                      <s lem="de" pos="sps00" postype="preposition" wd="de"/>
                    </prep>
                    <sn>
                      <grup.nom gen="f" num="s">
                        <n gen="f" lem="vinya" num="s" pos="ncfs000" postype="common" sense="16:03578669" wd="vinya"/>
                      </grup.nom>
                    </sn>
                  </sp>
                  <sp>
                    <prep>
                      <s lem="de" pos="sps00" postype="preposition" wd="de"/>
                    </prep>
                    <sn entityref="ne" ne="location">
                      <grup.nom>
                        <n lem="La_Vall_del_Corb" ne="location" pos="np0000l" postype="proper" sense="16:cs1" wd="La_Vall_del_Corb"/>
                      </grup.nom>
                    </sn>
                  </sp>
                  <S clausetype="relative">
                    <relatiu arg="arg1" func="suj" tem="tem">
                      <p gen="c" lem="que" num="c" pos="pr0cn000" postype="relative" wd="que"/>
                    </relatiu>
                    <grup.verb>
                      <v lem="haver" mood="indicative" num="p" person="3" pos="vaip3p0" postype="auxiliary" tense="present" wd="han"/>
                      <v gen="m" lem="patir" lss="C21.state-attributive" mood="participle" num="s" pos="vmp00sm" postype="main" wd="patit"/>
                    </grup.verb>
                    <sn arg="arg2" func="cd" functype="quantitative" tem="atr">
                      <spec gen="f" num="s">
                        <d gen="f" lem="un" num="s" pos="di0fs0" postype="indefinite" wd="una"/>
                      </spec>
                      <grup.nom gen="f" num="s">
                        <n gen="f" lem="reducció" num="s" pos="ncfs000" postype="common" sense="16:05479408" wd="reducció"/>
                        <sp>
                          <prep>
                            <s lem="de" pos="sps00" postype="preposition" wd="de"/>
                          </prep>
                          <sn>
                            <grup.nom gen="f" num="s">
                              <n gen="f" lem="collita" num="s" pos="ncfs000" postype="common" sense="16:09380644" wd="collita"/>
                            </grup.nom>
                          </sn>
                        </sp>
                        <s.a gen="f" num="s">
                          <grup.a gen="f" num="s">
                            <a gen="c" lem="superior" num="s" pos="aq0cs0" postype="qualificative" wd="superior"/>
                            <sp>
                              <prep>
                                <s contracted="yes" gen="m" lem="al" num="s" pos="spcms" postype="preposition" wd="al"/>
                              </prep>
                              <sn entityref="ne" ne="number">
                                <grup.nom gen="m" num="s">
                                  <z lem="30_%" ne="number" pos="zp" postype="percentage" wd="30_%"/>
                                </grup.nom>
                              </sn>
                            </sp>
                          </grup.a>
                        </s.a>
                      </grup.nom>
                    </sn>
                    <sp arg="argM" func="cc" tem="cau">
                      <prep>
                        <s lem="a_causa_de" pos="sps00" postype="preposition" wd="a_causa_de"/>
                      </prep>
                      <sn>
                        <spec gen="f" num="p">
                          <d gen="f" lem="el" num="p" pos="da0fp0" postype="article" wd="les"/>
                        </spec>
                        <grup.nom gen="f" num="p">
                          <n gen="f" lem="gelada" num="p" pos="ncfp000" postype="common" sense="16:07786705" wd="gelades"/>
                          <sp>
                            <prep>
                              <s contracted="yes" gen="m" lem="del" num="s" pos="spcms" postype="preposition" wd="del"/>
                            </prep>
                            <sn entityref="ne" ne="date">
                              <grup.nom gen="m" num="s">
                                <w lem="[??:??/12/2001:??.??]" ne="date" wd="desembre_del_2001"/>
                              </grup.nom>
                            </sn>
                          </sp>
                        </grup.nom>
                      </sn>
                    </sp>
                  </S>
                </grup.nom>
              </sn>
            </sp>
          </S>
        </S>
      </grup.nom>
    </sn>
    <f lem="." pos="fp" punct="period" wd="."/>
  </sentence>
  <sentence coord="yes">
    <S>
      <sn arg="arg0" func="suj" tem="agt">
        <spec gen="m" num="s">
          <d gen="m" lem="el" num="s" pos="da0ms0" postype="article" wd="El"/>
        </spec>
        <grup.nom gen="m" num="s">
          <n gen="m" lem="sindicat" num="s" pos="ncms000" postype="common" sense="16:06112041" wd="sindicat"/>
          <s.a gen="m" num="s">
            <grup.a gen="m" num="s">
              <a gen="m" lem="agrari" num="s" pos="aq0ms0" postype="qualificative" wd="agrari"/>
            </grup.a>
          </s.a>
        </grup.nom>
      </sn>
      <grup.verb>
        <v lem="creure" lss="A21.transitive-agentive-patient" mood="indicative" num="s" person="3" pos="vmip3s0" postype="main" tense="present" wd="creu"/>
      </grup.verb>
      <S arg="arg1" clausetype="completive" func="cd" tem="pat">
        <conj conjunctiontype="subordinating">
          <c lem="que" pos="cs" postype="subordinating" wd="que"/>
        </conj>
        <sn arg="arg0" func="suj" tem="cau">
          <spec gen="m" num="p">
            <d gen="m" lem="el" num="p" pos="da0mp0" postype="article" wd="els"/>
          </spec>
          <grup.nom gen="m" num="p">
            <n gen="m" lem="préstec" num="p" pos="ncmp000" postype="common" sense="16:09651550" wd="préstecs"/>
            <S clausetype="participle" impersonal="yes">
              <participi>
                <a gen="m" lem="bonificat" num="p" pos="aq0mpp" posfunction="participle" postype="qualificative" wd="bonificats"/>
              </participi>
            </S>
            <sp>
              <prep>
                <s lem="a" pos="sps00" postype="preposition" wd="a"/>
              </prep>
              <sn entityref="ne" ne="number">
                <spec gen="m" num="p">
                  <z lem="5" ne="number" wd="5"/>
                </spec>
                <grup.nom gen="m" num="p">
                  <n gen="m" lem="any" num="p" pos="ncmp000" postype="common" sense="16:10917791" wd="anys"/>
                </grup.nom>
              </sn>
            </sp>
            <S clausetype="relative">
              <relatiu arg="arg1" func="cd" tem="pat">
                <p gen="c" lem="que" num="c" pos="pr0cn000" postype="relative" wd="que"/>
              </relatiu>
              <grup.verb>
                <v lem="donar" lss="A32.ditransitive-patient-benefactive" mood="indicative" num="s" person="3" pos="vmif3s0" postype="main" tense="future" wd="donarà"/>
              </grup.verb>
              <sn arg="arg0" entityref="ne" func="suj" ne="organization" tem="agt">
                <spec gen="m" num="s">
                  <d gen="m" lem="el" num="s" pos="da0ms0" postype="article" wd="el"/>
                </spec>
                <grup.nom gen="m" num="s">
                  <n lem="DARP" ne="organization" pos="np0000o" postype="proper" sense="16:cs1" wd="DARP"/>
                </grup.nom>
              </sn>
            </S>
          </grup.nom>
        </sn>
        <grup.verb>
          <v lem="poder" mood="indicative" num="p" person="3" pos="vmif3p0" postype="main" tense="future" wd="podran"/>
          <infinitiu>
            <v lem="facilitar" lss="A11.transitive-causative" mood="infinitive" pos="vmn0000" postype="main" wd="facilitar"/>
          </infinitiu>
        </grup.verb>
        <sp arg="arg2" func="ci" tem="ben">
          <prep>
            <s contracted="yes" gen="m" lem="al" num="p" pos="spcmp" postype="preposition" wd="als"/>
          </prep>
          <sn>
            <grup.nom gen="m" num="p">
              <n gen="m" lem="pagès" num="p" pos="ncmp000" postype="common" sense="16:07464910" wd="pagesos"/>
            </grup.nom>
          </sn>
        </sp>
        <S arg="arg1" clausetype="completive" func="cd" impersonal="yes" tem="tem">
          <infinitiu>
            <v lem="tornar" mood="infinitive" pos="vmn0000" postype="main" wd="tornar"/>
            <s lem="a" pos="sps00" postype="preposition" wd="a"/>
            <infinitiu>
              <v lem="recuperar" lss="A21.transitive-agentive-patient" mood="infinitive" pos="vmn0000" postype="main" wd="recuperar"/>
            </infinitiu>
          </infinitiu>
          <sn arg="arg1" func="cd" tem="pat">
            <grup.nom gen="f" num="s">
              <n gen="f" lem="part" num="s" pos="ncfs000" postype="common" sense="16:03296757" wd="part"/>
              <sp>
                <prep>
                  <s contracted="yes" gen="m" lem="del" num="s" pos="spcms" postype="preposition" wd="del"/>
                </prep>
                <sn>
                  <grup.nom gen="m" num="s">
                    <n gen="m" lem="potencial" num="s" pos="ncms000" postype="common" sense="16:10389291" wd="potencial"/>
                    <sp>
                      <prep>
                        <s lem="de" pos="sps00" postype="preposition" wd="de"/>
                      </prep>
                      <sn>
                        <spec gen="f" num="p">
                          <d gen="f" lem="el" num="p" pos="da0fp0" postype="article" wd="les"/>
                        </spec>
                        <grup.nom gen="f" num="p">
                          <n gen="f" lem="vinya" num="p" pos="ncfp000" postype="common" sense="16:03578669" wd="vinyes"/>
                        </grup.nom>
                      </sn>
                    </sp>
                  </grup.nom>
                </sn>
              </sp>
            </grup.nom>
          </sn>
        </S>
      </S>
    </S>
    <conj conjunctiontype="coordinating">
      <c lem="però" pos="cc" postype="coordinating" wd="però"/>
    </conj>
    <S>
      <sp func="ao">
        <f lem="," pos="fc" punct="comma" wd=","/>
        <prep>
          <s contracted="yes" gen="m" lem="al" num="s" pos="spcms" postype="preposition" wd="al"/>
        </prep>
        <sn>
          <spec gen="m" num="s">
            <d gen="m" lem="seu" num="s" person="3" pos="dp3ms0" postype="possessive" wd="seu"/>
          </spec>
          <grup.nom gen="m" num="s">
            <n gen="m" lem="entendre" num="s" pos="ncms000" postype="common" sense="16:cs1" wd="entendre"/>
          </grup.nom>
        </sn>
        <f lem="," pos="fc" punct="comma" wd=","/>
      </sp>
      <sn arg="arg1" elliptic="yes" func="suj" tem="tem"/>
      <morfema.pronominal>
        <p gen="c" lem="ell" num="c" person="3" pos="p0300000" wd="es"/>
      </morfema.pronominal>
      <grup.verb>
        <v lem="quedar" lss="C21.state-attributive" mood="indicative" num="p" person="3" pos="vmip3p0" postype="main" tense="present" wd="queden"/>
      </grup.verb>
      <sa arg="arg2" func="cpred" predicate="suj" tem="atr">
        <grup.a>
          <a gen="m" lem="curt" num="p" pos="aq0mp0" postype="qualificative" wd="curts"/>
        </grup.a>
      </sa>
      <S arg="argM" clausetype="adverbial" func="cc" tem="cau">
        <conj conjunctiontype="subordinating">
          <c lem="ja_que" pos="cs" postype="subordinating" wd="ja_que"/>
        </conj>
        <sn arg="arg0" entityref="ne" func="suj" ne="organization" tem="agt">
          <grup.nom>
            <n lem="Unió_de_Pagesos" ne="organization" pos="np0000o" postype="proper" sense="16:cs1" wd="Unió_de_Pagesos"/>
          </grup.nom>
        </sn>
        <grup.verb>
          <v lem="reclamar" lss="A32.ditransitive-patient-benefactive" mood="indicative" num="s" person="3" pos="vmii3s0" postype="main" tense="imperfect" wd="reclamava"/>
        </grup.verb>
        <sn arg="arg1" func="cd" tem="pat">
          <grup.nom gen="m" num="p">
            <n gen="m" lem="ajut" num="p" pos="ncmp000" postype="common" sense="16:00788240" wd="ajuts"/>
            <s.a gen="m" num="p">
              <grup.a gen="m" num="p">
                <a gen="c" lem="directe" num="p" pos="aq0cp0" postype="qualificative" wd="directes"/>
              </grup.a>
            </s.a>
            <s.a gen="m" num="p">
              <grup.a gen="m" num="p">
                <a gen="c" lem="similar" num="p" pos="aq0cp0" postype="qualificative" wd="similars"/>
                <sp>
                  <prep>
                    <s contracted="yes" gen="m" lem="al" num="p" pos="spcmp" postype="preposition" wd="als"/>
                  </prep>
                  <sn>
                    <S clausetype="participle" impersonal="yes">
                      <participi>
                        <a gen="m" lem="aprovat" lss="B22.unaccusative-passive-transitive" num="p" pos="aq0mpp" posfunction="participle" postype="qualificative" wd="aprovats"/>
                      </participi>
                      <sp arg="arg0" func="cag" tem="agt">
                        <prep>
                          <s contracted="yes" gen="m" lem="pel" num="s" pos="spcms" postype="preposition" wd="pel"/>
                        </prep>
                        <sn entityref="ne" ne="organization">
                          <grup.nom gen="m" num="s">
                            <n lem="Govern" ne="organization" pos="np0000o" postype="proper" sense="16:cs1" wd="Govern"/>
                            <s.a gen="m" num="s">
                              <grup.a gen="m" num="s">
                                <a gen="m" lem="català" num="s" pos="aq0ms0" postype="qualificative" wd="català"/>
                              </grup.a>
                            </s.a>
                          </grup.nom>
                        </sn>
                      </sp>
                      <sp arg="argM" func="cc" tem="fin">
                        <prep>
                          <s lem="per" pos="sps00" postype="preposition" wd="per"/>
                        </prep>
                        <sp>
                          <prep>
                            <s lem="a" pos="sps00" postype="preposition" wd="a"/>
                          </prep>
                          <sn>
                            <spec gen="f" num="p">
                              <d gen="f" lem="el" num="p" pos="da0fp0" postype="article" wd="les"/>
                            </spec>
                            <grup.nom gen="f" num="p">
                              <n gen="f" lem="olivera" num="p" pos="ncfp000" postype="common" sense="16:08604301" wd="oliveres"/>
                              <S clausetype="relative">
                                <relatiu arg="arg1" func="suj" tem="tem">
                                  <p gen="c" lem="que" num="c" pos="pr0cn000" postype="relative" wd="que"/>
                                </relatiu>
                                <sadv func="mod">
                                  <grup.adv>
                                    <r lem="també" pos="rg" wd="també"/>
                                  </grup.adv>
                                </sadv>
                                <grup.verb>
                                  <v lem="anar" mood="indicative" num="p" person="3" pos="vaip3p0" postype="auxiliary" tense="present" wd="van"/>
                                  <v lem="patir" lss="C21.state-attributive" mood="infinitive" pos="vmn0000" postype="main" wd="patir"/>
                                </grup.verb>
                                <sn arg="arg2" func="cd" functype="quantitative" tem="atr">
                                  <spec gen="f" num="p">
                                    <d gen="f" lem="el" num="p" pos="da0fp0" postype="article" wd="les"/>
                                  </spec>
                                  <grup.nom gen="f" num="p">
                                    <n gen="f" lem="gelada" num="p" pos="ncfp000" postype="common" sense="16:07786705" wd="gelades"/>
                                  </grup.nom>
                                </sn>
                              </S>
                            </grup.nom>
                          </sn>
                        </sp>
                      </sp>
                    </S>
                  </sn>
                </sp>
              </grup.a>
            </s.a>
          </grup.nom>
        </sn>
      </S>
    </S>
    <f lem="." pos="fp" punct="period" wd="."/>
  </sentence>
  <sentence>
    <sn arg="arg1" func="suj" tem="pat">
      <spec gen="m" num="p">
        <d gen="m" lem="el" num="p" pos="da0mp0" postype="article" wd="Els"/>
      </spec>
      <grup.nom gen="m" num="p">
        <n gen="m" lem="municipi" num="p" pos="ncmp000" postype="common" sense="16:06355858" wd="municipis"/>
        <S clausetype="participle" impersonal="yes">
          <participi>
            <a gen="m" lem="afectat" num="p" pos="aq0mpp" posfunction="participle" postype="qualificative" wd="afectats"/>
          </participi>
        </S>
      </grup.nom>
    </sn>
    <morfema.verbal func="pass">
      <p gen="c" lem="es" num="c" pos="p0000000" wd="s'"/>
    </morfema.verbal>
    <grup.verb>
      <v lem="incloure" lss="B22.unaccusative-passive-transitive" mood="indicative" num="p" person="3" pos="vmip3p0" postype="main" tense="present" wd="inclouen"/>
    </grup.verb>
    <sp arg="arg2" func="cc" tem="loc">
      <prep>
        <s lem="dins" pos="sps00" postype="preposition" wd="dins"/>
      </prep>
      <sn entityref="ne" ne="location">
        <spec gen="f" num="s">
          <d gen="f" lem="el" num="s" pos="da0fs0" postype="article" wd="la"/>
        </spec>
        <grup.nom gen="f" num="s">
          <n gen="f" lem="comarca" num="s" pos="ncfs000" postype="common" sense="16:50004760" wd="comarca"/>
          <sp>
            <prep>
              <s lem="de" pos="sps00" postype="preposition" wd="de"/>
            </prep>
            <sn complex="yes">
              <grup.nom coord="yes">
                <grup.nom>
                  <n lem="L'_Urgell" ne="location" pos="np0000l" postype="proper" sense="16:cs1" wd="L'_Urgell"/>
                </grup.nom>
                <f lem="," pos="fc" punct="comma" wd=","/>
                <grup.nom>
                  <n lem="Les_Garrigues" ne="location" pos="np0000l" postype="proper" sense="16:cs1" wd="Les_Garrigues"/>
                </grup.nom>
                <conj conjunctiontype="coordinating">
                  <c lem="i" pos="cc" postype="coordinating" wd="i"/>
                </conj>
                <grup.nom>
                  <n lem="La_Segarra" ne="location" pos="np0000l" postype="proper" sense="16:cs1" wd="La_Segarra"/>
                </grup.nom>
              </grup.nom>
            </sn>
          </sp>
        </grup.nom>
      </sn>
    </sp>
    <f lem="." pos="fp" punct="period" wd="."/>
  </sentence>
  <sentence>
    <grup.verb>
      <v lem="poder" mood="indicative" num="p" person="3" pos="vmip3p0" postype="main" tense="present" wd="Poden"/>
      <infinitiu>
        <v lem="tenir" lss="C21.state-attributive" mood="infinitive" pos="vmn0000" postype="main" wd="tenir"/>
      </infinitiu>
    </grup.verb>
    <sn arg="arg2" func="cd" functype="quantitative" tem="atr">
      <grup.nom gen="m" num="s">
        <n gen="m" lem="accés" num="s" pos="ncms000" postype="common" sense="16:00027115" wd="accés"/>
        <sp>
          <prep>
            <s contracted="yes" gen="m" lem="al" num="p" pos="spcmp" postype="preposition" wd="als"/>
          </prep>
          <sn>
            <grup.nom gen="m" num="p">
              <n gen="m" lem="ajut" num="p" pos="ncmp000" postype="common" sense="16:00788240" wd="ajuts"/>
            </grup.nom>
          </sn>
        </sp>
      </grup.nom>
    </sn>
    <sn arg="arg1" func="suj" tem="tem">
      <spec gen="m" num="p">
        <d gen="m" lem="el" num="p" pos="da0mp0" postype="article" wd="els"/>
      </spec>
      <grup.nom gen="m" num="p">
        <n gen="c" lem="titular" num="p" pos="nccp000" postype="common" sense="16:07336733" wd="titulars"/>
        <sp>
          <prep>
            <s lem="de" pos="sps00" postype="preposition" wd="de"/>
          </prep>
          <sn>
            <spec gen="f" num="p">
              <d gen="f" lem="el" num="p" pos="da0fp0" postype="article" wd="les"/>
            </spec>
            <grup.nom gen="f" num="p">
              <n gen="f" lem="explotació" num="p" pos="ncfp000" postype="common" sense="16:03630808" wd="explotacions"/>
              <s.a gen="f" num="p">
                <grup.a gen="f" num="p">
                  <a gen="f" lem="agrari" num="p" pos="aq0fp0" postype="qualificative" wd="agràries"/>
                </grup.a>
              </s.a>
              <sp>
                <prep>
                  <s lem="amb" pos="sps00" postype="preposition" wd="amb"/>
                </prep>
                <sn>
                  <grup.nom gen="m" num="p">
                    <n gen="m" lem="dany" num="p" pos="ncmp000" postype="common" sense="16:05522654" wd="danys"/>
                    <sp>
                      <prep>
                        <s lem="a" pos="sps00" postype="preposition" wd="a"/>
                      </prep>
                      <sn>
                        <spec gen="f" num="p">
                          <d gen="f" lem="el" num="p" pos="da0fp0" postype="article" wd="les"/>
                        </spec>
                        <grup.nom gen="f" num="p">
                          <n gen="f" lem="parcel·la" num="p" pos="ncfp000" postype="common" sense="16:06279834" wd="parcel·les"/>
                        </grup.nom>
                      </sn>
                    </sp>
                  </grup.nom>
                </sn>
              </sp>
              <S clausetype="relative">
                <relatiu>
                  <p gen="c" lem="que" num="c" pos="pr0cn000" postype="relative" wd="que"/>
                </relatiu>
                <grup.verb>
                  <v lem="estar" lss="C21.state-attributive" mood="subjunctive" num="p" person="3" pos="vmsp3p0" postype="main" tense="present" wd="estiguin"/>
                </grup.verb>
                <S arg="arg2" clausetype="participle" func="atr" impersonal="yes" tem="atr">
                  <participi>
                    <a gen="f" lem="comprès" lss="C21.state-attributive" num="p" pos="aq0fpp" posfunction="participle" postype="qualificative" wd="compreses"/>
                  </participi>
                  <sp arg="argM" func="cc" tem="loc">
                    <prep>
                      <s lem="dins" pos="sps00" postype="preposition" wd="dins"/>
                    </prep>
                    <sn>
                      <spec gen="f" num="p">
                        <d gen="f" lem="el" num="p" pos="da0fp0" postype="article" wd="les"/>
                      </spec>
                      <grup.nom gen="f" num="p">
                        <n gen="f" lem="zona" num="p" pos="ncfp000" postype="common" sense="16:02207321" wd="zones"/>
                        <S clausetype="participle" impersonal="yes">
                          <participi>
                            <a gen="f" lem="definit" lss="B22.unaccusative-passive-transitive" num="p" pos="aq0fpp" posfunction="participle" postype="qualificative" wd="definides"/>
                          </participi>
                          <sp arg="arg0" func="cag" tem="agt">
                            <prep>
                              <s contracted="yes" gen="m" lem="pel" num="s" pos="spcms" postype="preposition" wd="pel"/>
                            </prep>
                            <sn entityref="ne" ne="organization">
                              <grup.nom gen="m" num="s">
                                <n lem="DARP" ne="organization" pos="np0000o" postype="proper" sense="16:cs1" wd="DARP"/>
                              </grup.nom>
                            </sn>
                          </sp>
                        </S>
                      </grup.nom>
                    </sn>
                  </sp>
                </S>
              </S>
            </grup.nom>
          </sn>
        </sp>
      </grup.nom>
    </sn>
    <S clausesubtype="conditional" clausetype="adverbial" func="ao">
      <f lem="," pos="fc" punct="comma" wd=","/>
      <conj conjunctiontype="subordinating">
        <c lem="sempre_i_quan" pos="cs" postype="subordinating" wd="sempre_i_quan"/>
      </conj>
      <sn arg="arg1" elliptic="yes" func="suj" tem="tem"/>
      <grup.verb>
        <v lem="haver" mood="subjunctive" num="p" person="3" pos="vasi3p0" postype="auxiliary" tense="imperfect" wd="haguessin"/>
        <v gen="m" lem="patir" lss="C21.state-attributive" mood="participle" num="s" pos="vmp00sm" postype="main" wd="patit"/>
      </grup.verb>
      <sn arg="arg2" func="cd" functype="quantitative" tem="atr">
        <spec gen="f" num="s">
          <d gen="f" lem="un" num="s" pos="di0fs0" postype="indefinite" wd="una"/>
        </spec>
        <grup.nom gen="f" num="s">
          <n gen="f" lem="reducció" num="s" pos="ncfs000" postype="common" sense="16:05479408" wd="reducció"/>
          <sp>
            <prep>
              <s lem="de" pos="sps00" postype="preposition" wd="de"/>
            </prep>
            <sn>
              <grup.nom gen="f" num="s">
                <n gen="f" lem="collita" num="s" pos="ncfs000" postype="common" sense="16:09380644" wd="collita"/>
              </grup.nom>
            </sn>
          </sp>
          <s.a gen="f" num="s">
            <grup.a gen="f" num="s">
              <a gen="c" lem="superior" num="s" pos="aq0cs0" postype="qualificative" wd="superior"/>
              <sp>
                <prep>
                  <s contracted="yes" gen="m" lem="al" num="s" pos="spcms" postype="preposition" wd="al"/>
                </prep>
                <sn entityref="ne" ne="number">
                  <grup.nom gen="m" num="s">
                    <z lem="30_%" ne="number" pos="zp" postype="percentage" wd="30_%"/>
                  </grup.nom>
                </sn>
              </sp>
            </grup.a>
          </s.a>
        </grup.nom>
      </sn>
    </S>
    <f lem="." pos="fp" punct="period" wd="."/>
  </sentence>
  <sentence>
    <sn arg="arg1" func="suj" tem="tem">
      <spec gen="m" num="p">
        <d gen="m" lem="el" num="p" pos="da0mp0" postype="article" wd="Els"/>
      </spec>
      <grup.nom gen="m" num="p">
        <n gen="m" lem="ajut" num="p" pos="ncmp000" postype="common" sense="16:00788240" wd="ajuts"/>
      </grup.nom>
    </sn>
    <morfema.pronominal>
      <p gen="c" lem="ell" num="c" person="3" pos="p0300000" wd="es"/>
    </morfema.pronominal>
    <grup.verb>
      <v lem="basar" lss="C11.state-existential" mood="indicative" num="p" person="3" pos="vmip3p0" postype="main" tense="present" wd="basen"/>
    </grup.verb>
    <sp arg="arg2" func="creg" tem="loc">
      <prep>
        <s lem="en" pos="sps00" postype="preposition" wd="en"/>
      </prep>
      <sn>
        <spec gen="f" num="s">
          <d gen="f" lem="el" num="s" pos="da0fs0" postype="article" wd="la"/>
        </spec>
        <grup.nom gen="f" num="s">
          <n gen="f" lem="reducció" num="s" pos="ncfs000" postype="common" sense="16:05479408" wd="reducció"/>
          <sp>
            <prep>
              <s lem="de" pos="sps00" postype="preposition" wd="de"/>
            </prep>
            <sn>
              <grup.nom gen="f" num="s">
                <n gen="f" lem="collita" num="s" pos="ncfs000" postype="common" sense="16:09380644" wd="collita"/>
              </grup.nom>
            </sn>
          </sp>
          <S clausetype="relative">
            <relatiu arg="arg1" func="suj" tem="pat">
              <p gen="c" lem="que" num="c" pos="pr0cn000" postype="relative" wd="que"/>
            </relatiu>
            <morfema.verbal func="pass">
              <p gen="c" lem="es" num="c" pos="p0000000" wd="es"/>
            </morfema.verbal>
            <grup.verb>
              <v lem="poder" mood="subjunctive" num="s" person="3" pos="vmsp3s0" postype="main" tense="present" wd="pugui"/>
              <infinitiu>
                <v lem="demostrar" lss="B22.unaccusative-passive-transitive" mood="infinitive" pos="vmn0000" postype="main" wd="demostrar"/>
              </infinitiu>
            </grup.verb>
            <sp arg="argM" func="cc" tem="adv">
              <prep>
                <s lem="a_través_de" pos="sps00" postype="preposition" wd="a_través_de"/>
              </prep>
              <sn>
                <grup.nom gen="f" num="p">
                  <n gen="f" lem="factura" num="p" pos="ncfp000" postype="common" sense="16:04891690" wd="factures"/>
                  <sp>
                    <prep>
                      <s lem="de" pos="sps00" postype="preposition" wd="de"/>
                    </prep>
                    <sn>
                      <grup.nom gen="f" num="s">
                        <n gen="f" lem="venda" num="s" pos="ncfs000" postype="common" sense="16:00721968" wd="venda"/>
                        <sp>
                          <prep>
                            <s lem="de" pos="sps00" postype="preposition" wd="de"/>
                          </prep>
                          <sn>
                            <grup.nom gen="m" num="s">
                              <n gen="m" lem="raïm" num="s" pos="ncms000" postype="common" sense="16:05794443" wd="raïm"/>
                            </grup.nom>
                          </sn>
                        </sp>
                      </grup.nom>
                    </sn>
                  </sp>
                </grup.nom>
              </sn>
            </sp>
          </S>
        </grup.nom>
      </sn>
    </sp>
    <f lem="." pos="fp" punct="period" wd="."/>
  </sentence>
  <sentence coord="yes">
    <S>
      <sn arg="arg1" func="suj" tem="tem">
        <spec gen="m" num="s">
          <d gen="c" lem="el" num="s" pos="da0cs0" postype="article" wd="L'"/>
        </spec>
        <grup.nom gen="m" num="s">
          <n gen="m" lem="import" num="s" pos="ncms000" postype="common" sense="16:09597673" wd="import"/>
          <s.a gen="m" num="s">
            <grup.a gen="m" num="s">
              <a gen="m" lem="màxim" num="s" pos="aq0ms0" postype="qualificative" wd="màxim"/>
            </grup.a>
          </s.a>
          <sp>
            <prep>
              <s lem="de" pos="sps00" postype="preposition" wd="de"/>
            </prep>
            <sn>
              <grup.nom gen="m" num="s">
                <n gen="m" lem="préstec" num="s" pos="ncms000" postype="common" sense="16:09651550" wd="préstec"/>
              </grup.nom>
            </sn>
          </sp>
        </grup.nom>
      </sn>
      <grup.verb>
        <v lem="ser" lss="C21.state-attributive" mood="indicative" num="s" person="3" pos="vmif3s0" postype="main" tense="future" wd="serà"/>
      </grup.verb>
      <sp arg="arg2" func="atr" tem="atr">
        <prep>
          <s lem="de" pos="sps00" postype="preposition" wd="de"/>
        </prep>
        <sn entityref="ne" ne="number">
          <spec gen="m" num="p">
            <z lem="2100" ne="number" wd="2.100"/>
          </spec>
          <grup.nom gen="m" num="p">
            <z lem="euro" ne="number" pos="zm" postype="currency" wd="euros"/>
            <f lem="/" pos="fh" punct="slash" wd="/"/>
            <n gen="f" lem="hectàrea" num="s" pos="ncfs000" postype="common" sense="16:09784524" wd="hectàrea"/>
          </grup.nom>
        </sn>
      </sp>
      <sp arg="argM" func="cc" tem="loc">
        <prep>
          <s lem="a" pos="sps00" postype="preposition" wd="a"/>
        </prep>
        <sn>
          <spec gen="f" num="p">
            <d gen="f" lem="el" num="p" pos="da0fp0" postype="article" wd="les"/>
          </spec>
          <grup.nom gen="f" num="p">
            <n gen="f" lem="plantació" num="p" pos="ncfp000" postype="common" sense="16:09535771" wd="plantacions"/>
            <s.a gen="f" num="p">
              <grup.a gen="f" num="p">
                <a gen="c" lem="jove" num="p" pos="aq0cp0" postype="qualificative" wd="joves"/>
              </grup.a>
            </s.a>
            <S clausetype="participle" impersonal="yes">
              <f lem="(" pos="fpa" punct="bracket" punctenclose="open" wd="("/>
              <participi>
                <a gen="f" lem="plantat" lss="B22.unaccusative-passive-transitive" num="p" pos="aq0fpp" posfunction="participle" postype="qualificative" wd="plantades"/>
              </participi>
              <sn arg="argM" complex="yes" entityref="ne" func="cc" ne="date" tem="tmp">
                <spec gen="m" num="s">
                  <d gen="c" lem="el" num="s" pos="da0cs0" postype="article" wd="l'"/>
                </spec>
                <grup.nom coord="yes">
                  <grup.nom gen="m" num="s">
                    <w lem="[??:??/??/2000:??.??]" ne="date" wd="any_2000"/>
                  </grup.nom>
                  <conj conjunctiontype="coordinating">
                    <c lem="o" pos="cc" postype="coordinating" wd="o"/>
                  </conj>
                  <grup.nom gen="m" num="s">
                    <w lem="[??:??/??/2001:??.??]" ne="date" wd="2001"/>
                  </grup.nom>
                </grup.nom>
              </sn>
              <f lem=")" pos="fpt" punct="bracket" punctenclose="close" wd=")"/>
            </S>
          </grup.nom>
        </sn>
      </sp>
    </S>
    <conj conjunctiontype="coordinating">
      <c lem="i" pos="cc" postype="coordinating" wd="i"/>
    </conj>
    <S verbless="yes">
      <sp>
        <prep>
          <s lem="de" pos="sps00" postype="preposition" wd="de"/>
        </prep>
        <sn entityref="ne" ne="number">
          <spec gen="m" num="p">
            <z lem="0.42" ne="number" wd="0,42"/>
          </spec>
          <grup.nom gen="m" num="p">
            <z lem="euro" ne="number" pos="zm" postype="currency" wd="euros"/>
          </grup.nom>
        </sn>
      </sp>
      <sp>
        <prep>
          <s lem="per" pos="sps00" postype="preposition" wd="per"/>
        </prep>
        <sn>
          <grup.nom gen="m" num="s">
            <n gen="m" lem="quilo" num="s" pos="ncms000" postype="common" sense="16:09880778" wd="quilo"/>
            <sp>
              <prep>
                <s lem="de" pos="sps00" postype="preposition" wd="de"/>
              </prep>
              <sn>
                <grup.nom gen="m" num="s">
                  <n gen="m" lem="raïm" num="s" pos="ncms000" postype="common" sense="16:05794443" wd="raïm"/>
                  <S clausetype="participle" impersonal="yes">
                    <participi>
                      <a gen="m" lem="perdut" num="s" pos="aq0msp" posfunction="participle" postype="qualificative" wd="perdut"/>
                    </participi>
                  </S>
                </grup.nom>
              </sn>
            </sp>
          </grup.nom>
        </sn>
      </sp>
    </S>
    <f lem="." pos="fp" punct="period" wd="."/>
  </sentence>
  <sentence coord="yes">
    <sadv adjunct="yes" func="et">
      <grup.adv>
        <r lem="a_més" pos="rg" wd="A_més"/>
      </grup.adv>
      <f lem="," pos="fc" punct="comma" wd=","/>
    </sadv>
    <S coord="yes">
      <S>
        <sn arg="arg0" func="suj" tem="agt">
          <spec gen="m" num="p">
            <d gen="m" lem="el" num="p" pos="da0mp0" postype="article" wd="els"/>
          </spec>
          <grup.nom gen="m" num="p">
            <n gen="m" lem="viticultor" num="p" pos="ncmp000" postype="common" sense="16:cs1" wd="viticultors"/>
            <S clausetype="relative">
              <relatiu arg="arg1" func="suj" tem="tem">
                <p gen="c" lem="que" num="c" pos="pr0cn000" postype="relative" wd="que"/>
              </relatiu>
              <grup.verb>
                <v lem="haver" mood="subjunctive" num="p" person="3" pos="vasp3p0" postype="auxiliary" tense="present" wd="hagin"/>
                <v gen="m" lem="patir" lss="C21.state-attributive" mood="participle" num="s" pos="vmp00sm" postype="main" wd="patit"/>
              </grup.verb>
              <sn arg="arg2" entityref="ne" func="cd" functype="quantitative" ne="number" tem="atr">
                <spec gen="m" num="s">
                  <r lem="més" pos="rg" wd="més"/>
                  <s lem="de" pos="sps00" postype="preposition" wd="d'"/>
                  <d gen="m" lem="un" num="s" pos="di0ms0" postype="indefinite" wd="un"/>
                </spec>
                <grup.nom gen="m" num="s">
                  <z lem="75_%" ne="number" pos="zp" postype="percentage" wd="75_%"/>
                  <sp>
                    <prep>
                      <s lem="de" pos="sps00" postype="preposition" wd="de"/>
                    </prep>
                    <sn>
                      <grup.nom gen="f" num="s">
                        <n gen="f" lem="reducció" num="s" pos="ncfs000" postype="common" sense="16:05479408" wd="reducció"/>
                        <sp>
                          <prep>
                            <s lem="de" pos="sps00" postype="preposition" wd="de"/>
                          </prep>
                          <sn>
                            <grup.nom gen="f" num="s">
                              <n gen="f" lem="collita" num="s" pos="ncfs000" postype="common" sense="16:09380644" wd="collita"/>
                            </grup.nom>
                          </sn>
                        </sp>
                      </grup.nom>
                    </sn>
                  </sp>
                </grup.nom>
              </sn>
            </S>
          </grup.nom>
        </sn>
        <grup.verb>
          <v lem="poder" mood="indicative" num="p" person="3" pos="vmif3p0" postype="main" tense="future" wd="podran"/>
          <infinitiu>
            <v lem="accedir" lss="A22.transitive-agentive-theme" mood="infinitive" pos="vmn0000" postype="main" wd="accedir"/>
          </infinitiu>
        </grup.verb>
        <sadv arg="argM" func="cc" tem="mnr">
          <grup.adv>
            <r lem="addicionalment" pos="rg" wd="addicionalment"/>
          </grup.adv>
        </sadv>
        <sp arg="arg1" func="creg" tem="tem">
          <prep>
            <s lem="a" pos="sps00" postype="preposition" wd="a"/>
          </prep>
          <sn>
            <spec gen="f" num="s">
              <d gen="f" lem="el" num="s" pos="da0fs0" postype="article" wd="la"/>
            </spec>
            <grup.nom gen="f" num="s">
              <n gen="f" lem="bonificació" num="s" pos="ncfs000" postype="common" sense="16:cs1" wd="bonificació"/>
              <sp>
                <prep>
                  <s contracted="yes" gen="m" lem="del" num="s" pos="spcms" postype="preposition" wd="del"/>
                </prep>
                <sn entityref="ne" ne="number">
                  <grup.nom gen="m" num="s">
                    <z lem="100_%" ne="number" pos="zp" postype="percentage" wd="100_%"/>
                    <sp>
                      <prep>
                        <s contracted="yes" gen="m" lem="del" num="s" pos="spcms" postype="preposition" wd="del"/>
                      </prep>
                      <sn>
                        <grup.nom gen="m" num="s">
                          <n gen="m" lem="capital" num="s" pos="ncms000" postype="common" sense="16:09614621" wd="capital"/>
                          <sp>
                            <prep>
                              <s contracted="yes" gen="m" lem="del" num="s" pos="spcms" postype="preposition" wd="del"/>
                            </prep>
                            <sn>
                              <grup.nom gen="m" num="s">
                                <s.a gen="m" num="s">
                                  <grup.a gen="m" num="s">
                                    <a gen="m" lem="primer" num="s" pos="ao0ms0" postype="ordinal" wd="primer"/>
                                  </grup.a>
                                </s.a>
                                <n gen="m" lem="any" num="s" pos="ncms000" postype="common" sense="16:10917791" wd="any"/>
                                <sp>
                                  <prep>
                                    <s lem="de" pos="sps00" postype="preposition" wd="d'"/>
                                  </prep>
                                  <sn>
                                    <grup.nom gen="f" num="s">
                                      <n gen="f" lem="amortització" num="s" pos="ncfs000" postype="common" sense="16:00727336" wd="amortització"/>
                                    </grup.nom>
                                  </sn>
                                </sp>
                              </grup.nom>
                            </sn>
                          </sp>
                        </grup.nom>
                      </sn>
                    </sp>
                  </grup.nom>
                </sn>
              </sp>
            </grup.nom>
          </sn>
        </sp>
        <f lem="," pos="fc" punct="comma" wd=","/>
      </S>
      <conj conjunctiontype="coordinating">
        <c lem="i" pos="cc" postype="coordinating" wd="i"/>
      </conj>
      <S verbless="yes">
        <sn>
          <spec gen="m" num="p">
            <d gen="m" lem="el" num="p" pos="da0mp0" postype="article" wd="els"/>
          </spec>
          <grup.nom gen="m" num="p">
            <S clausetype="relative">
              <relatiu arg="arg1" func="suj" tem="tem">
                <p gen="c" lem="que" num="c" pos="pr0cn000" postype="relative" wd="que"/>
              </relatiu>
              <grup.verb>
                <v lem="patir" lss="C21.state-attributive" mood="subjunctive" num="p" person="3" pos="vmsi3p0" postype="main" tense="imperfect" wd="patissin"/>
              </grup.verb>
              <sn arg="arg2" coord="yes" func="cd" functype="quantitative" tem="atr">
                <sn coord="yes">
                  <conj conjunctiontype="coordinating">
                    <s lem="entre" pos="sps00" postype="preposition" wd="entre"/>
                  </conj>
                  <sn entityref="ne" ne="number">
                    <spec gen="m" num="s">
                      <d gen="m" lem="un" num="s" pos="di0ms0" postype="indefinite" wd="un"/>
                    </spec>
                    <grup.nom gen="m" num="s">
                      <z lem="75/100" ne="number" pos="zp" postype="percentage" wd="75"/>
                    </grup.nom>
                  </sn>
                  <conj conjunctiontype="coordinating">
                    <c lem="i" pos="cc" postype="coordinating" wd="i"/>
                  </conj>
                  <sn entityref="ne" ne="number">
                    <spec gen="m" num="s">
                      <d gen="m" lem="un" num="s" pos="di0ms0" postype="indefinite" wd="un"/>
                    </spec>
                    <grup.nom gen="m" num="s">
                      <z lem="50_%" ne="number" pos="zp" postype="percentage" wd="50_%"/>
                    </grup.nom>
                  </sn>
                </sn>
                <sp adjunct="yes">
                  <prep>
                    <s lem="de" pos="sps00" postype="preposition" wd="de"/>
                  </prep>
                  <sn>
                    <grup.nom gen="f" num="s">
                      <n gen="f" lem="reducció" num="s" pos="ncfs000" postype="common" sense="16:05479408" wd="reducció"/>
                    </grup.nom>
                  </sn>
                </sp>
              </sn>
            </S>
          </grup.nom>
        </sn>
        <sp>
          <f lem="," pos="fc" punct="comma" wd=","/>
          <prep>
            <s lem="a" pos="sps00" postype="preposition" wd="a"/>
          </prep>
          <sn>
            <spec gen="f" num="s">
              <d gen="f" lem="el" num="s" pos="da0fs0" postype="article" wd="la"/>
            </spec>
            <grup.nom gen="f" num="s">
              <n gen="f" lem="bonificació" num="s" pos="ncfs000" postype="common" sense="16:cs1" wd="bonificació"/>
              <sp>
                <prep>
                  <s contracted="yes" gen="m" lem="del" num="s" pos="spcms" postype="preposition" wd="del"/>
                </prep>
                <sn entityref="ne" ne="number">
                  <grup.nom gen="m" num="s">
                    <z lem="50_%" ne="number" pos="zp" postype="percentage" wd="50_%"/>
                    <sp>
                      <prep>
                        <s contracted="yes" gen="m" lem="del" num="s" pos="spcms" postype="preposition" wd="del"/>
                      </prep>
                      <sn>
                        <grup.nom gen="m" num="s">
                          <n gen="m" lem="capital" num="s" pos="ncms000" postype="common" sense="16:09614621" wd="capital"/>
                          <sp>
                            <prep>
                              <s contracted="yes" gen="m" lem="del" num="s" pos="spcms" postype="preposition" wd="del"/>
                            </prep>
                            <sn>
                              <grup.nom gen="m" num="s">
                                <s.a gen="m" num="s">
                                  <grup.a gen="m" num="s">
                                    <a gen="m" lem="primer" num="s" pos="ao0ms0" postype="ordinal" wd="primer"/>
                                  </grup.a>
                                </s.a>
                                <n gen="m" lem="any" num="s" pos="ncms000" postype="common" sense="16:10917791" wd="any"/>
                                <sp>
                                  <prep>
                                    <s lem="de" pos="sps00" postype="preposition" wd="d'"/>
                                  </prep>
                                  <sn>
                                    <grup.nom gen="f" num="s">
                                      <n gen="f" lem="amortització" num="s" pos="ncfs000" postype="common" sense="16:00727336" wd="amortització"/>
                                    </grup.nom>
                                  </sn>
                                </sp>
                              </grup.nom>
                            </sn>
                          </sp>
                        </grup.nom>
                      </sn>
                    </sp>
                  </grup.nom>
                </sn>
              </sp>
            </grup.nom>
          </sn>
        </sp>
      </S>
    </S>
    <f lem="." pos="fp" punct="period" wd="."/>
  </sentence>
  <sentence>
    <sp func="ao">
      <prep>
        <s lem="en" pos="sps00" postype="preposition" wd="En"/>
      </prep>
      <sn>
        <spec gen="m" num="s">
          <d gen="m" lem="el" num="s" pos="da0ms0" postype="article" wd="el"/>
        </spec>
        <grup.nom gen="m" num="s">
          <n gen="m" lem="cas" num="s" pos="ncms000" postype="common" sense="16:10047274" wd="cas"/>
          <sp>
            <prep>
              <s lem="de" pos="sps00" postype="preposition" wd="de"/>
            </prep>
            <sn>
              <grup.nom gen="f" num="p">
                <n gen="f" lem="plantació" num="p" pos="ncfp000" postype="common" sense="16:09535771" wd="plantacions"/>
                <s.a gen="f" num="p">
                  <grup.a gen="f" num="p">
                    <a gen="c" lem="jove" num="p" pos="aq0cp0" postype="qualificative" wd="joves"/>
                  </grup.a>
                </s.a>
              </grup.nom>
            </sn>
          </sp>
        </grup.nom>
      </sn>
      <f lem="," pos="fc" punct="comma" wd=","/>
    </sp>
    <sn arg="arg1" func="suj" tem="tem">
      <spec gen="f" num="s">
        <d gen="f" lem="el" num="s" pos="da0fs0" postype="article" wd="la"/>
      </spec>
      <grup.nom gen="f" num="s">
        <n gen="f" lem="bonificació" num="s" pos="ncfs000" postype="common" sense="16:cs1" wd="bonificació"/>
      </grup.nom>
    </sn>
    <grup.verb>
      <v lem="ser" lss="C21.state-attributive" mood="indicative" num="s" person="3" pos="vmif3s0" postype="main" tense="future" wd="serà"/>
    </grup.verb>
    <sp arg="arg2" func="atr" tem="atr">
      <prep>
        <s contracted="yes" gen="m" lem="del" num="s" pos="spcms" postype="preposition" wd="del"/>
      </prep>
      <sn entityref="ne" ne="number">
        <grup.nom gen="m" num="s">
          <z lem="100_%" ne="number" pos="zp" postype="percentage" wd="100_%"/>
        </grup.nom>
      </sn>
    </sp>
    <sp arg="argM" func="cc" tem="tmp">
      <prep>
        <s lem="durant" pos="sps00" postype="preposition" wd="durant"/>
      </prep>
      <sn>
        <spec gen="m" num="p">
          <d gen="m" lem="el" num="p" pos="da0mp0" postype="article" wd="els"/>
          <a gen="m" lem="primer" num="p" pos="ao0mp0" postype="ordinal" wd="primers"/>
          <d gen="c" lem="tres" num="p" pos="dn0cp0" postype="numeral" wd="tres"/>
        </spec>
        <grup.nom gen="m" num="p">
          <n gen="m" lem="any" num="p" pos="ncmp000" postype="common" sense="16:10917791" wd="anys"/>
        </grup.nom>
      </sn>
    </sp>
    <f lem="." pos="fp" punct="period" wd="."/>
  </sentence>
</article>
