<?xml version="1.0" encoding="UTF-8"?>
<!-- 

  ancora-2.0
       
			Copyright (C) 2007, 2008, 2009, 2010, 2011 UB - CLiC
			Centre de Llenguatge i Computació - Universitat de Barcelona
 
  This file is part of ancora-2.0.
 
  ancora-2.0 is free software and data: you can redistribute it and/or modify
  it under the terms of the GNU General Public License as published
  by the Free Software Foundation, either version 3 of the License,
  or (at your option) any later version.

  ancora-2.0 is distributed in the hope that it will be useful,
  but WITHOUT ANY WARRANTY; without even the implied warranty of
  MERCHANTABILITY or FITNESS FOR A PARTICULAR PURPOSE.  See the
  GNU General Public License for more details.
 
  You should have received a copy of the GNU General Public License
  along with ancora-2.0.  If not, see &lt;http://www.gnu.org/licenses/&gt;.
 
  Check a text in catalan explaining the terms of the license at http://www.softcatala.cat/wiki/GPL3.
  In spanish at http://www.viti.es/gnu/licenses/gpl.html
 

  The following paper must be cited when using this corpus:

 * Taulé, M., M.A. Martí, M. Recasens (2008) 'Ancora: Multilevel Annotated Corpora for Catalan and Spanish',
   Proceedings of 6th International Conference on Language Resources and Evaluation. Marrakesh (Morocco).

  In addition, the following paper must be cited if coreference information (attributes entity, coreftype,
  corefsubtype, homophoricDD or entityref) is used:

 * Recasens, Marta, M. Antònia Martí (2010) ‘AnCora-CO: Coreferentially annotated corpora for Spanish and
   Catalan’. Language Resources and Evaluation, Springer Science.

  Additionally, the following paper must be cited when argumental attributes in "sn" or "grup.nom"
  (attributes func, arg, tem or lexicalid) are used:

 * Peris, Aina, Mariona Taulé, Horacio Rodríguez (2010) ‘Semantic Annotation of Deverbal Nominalizations in the
   Spanish AnCora corpus’. Treebanks and Linguistic Theories (TLT-2010), Estonia.
-->
<article lng="ca">
  <sentence>
    <sn arg="arg0" entityref="ne" func="suj" ne="person" tem="agt">
      <spec gen="m" num="s">
        <d gen="m" lem="el" num="s" pos="da0ms0" postype="article" wd="El"/>
      </spec>
      <grup.nom gen="m" num="s">
        <n gen="m" lem="president" num="s" pos="ncms000" postype="common" sense="16:07496197" wd="president"/>
        <sp>
          <prep>
            <s lem="de" pos="sps00" postype="preposition" wd="de"/>
          </prep>
          <sn entityref="ne" ne="organization">
            <spec gen="f" num="s">
              <d gen="f" lem="el" num="s" pos="da0fs0" postype="article" wd="la"/>
            </spec>
            <grup.nom gen="f" num="s">
              <n lem="Generalitat" ne="organization" pos="np0000o" postype="proper" sense="16:cs1" wd="Generalitat"/>
            </grup.nom>
          </sn>
        </sp>
        <sn entityref="ne" ne="person">
          <f lem="," pos="fc" punct="comma" wd=","/>
          <grup.nom gen="m" num="s">
            <n lem="Jordi_Pujol" ne="person" pos="np0000p" postype="proper" sense="16:cs1" wd="Jordi_Pujol"/>
          </grup.nom>
          <f lem="," pos="fc" punct="comma" wd=","/>
        </sn>
      </grup.nom>
    </sn>
    <grup.verb>
      <v lem="haver" mood="indicative" num="s" person="3" pos="vaip3s0" postype="auxiliary" tense="present" wd="ha"/>
      <v gen="m" lem="advertir" lss="A34.ditransitive-patient-theme" mood="participle" num="s" pos="vmp00sm" postype="main" wd="advertit"/>
    </grup.verb>
    <sp arg="arg2" func="creg" tem="tem">
      <prep>
        <s lem="de" pos="sps00" postype="preposition" wd="de"/>
      </prep>
      <sn>
        <spec gen="f" num="s">
          <d gen="f" lem="el" num="s" pos="da0fs0" postype="article" wd="la"/>
        </spec>
        <grup.nom gen="f" num="s">
          <n gen="f" lem="necessitat" num="s" pos="ncfs000" postype="common" sense="16:04028238" wd="necessitat"/>
          <S clausetype="completive">
            <conj conjunctiontype="subordinating">
              <c lem="que" pos="cs" postype="subordinating" wd="que"/>
            </conj>
            <morfema.pronominal>
              <p gen="c" lem="ell" num="c" person="3" pos="p0300000" wd="s'"/>
            </morfema.pronominal>
            <grup.verb>
              <v lem="incrementar" lss="B21.unaccusative-state" mood="subjunctive" num="s" person="3" pos="vmsp3s0" postype="main" tense="present" wd="incrementi"/>
            </grup.verb>
            <sn arg="arg1" func="suj" tem="tem">
              <spec gen="m" num="s">
                <d gen="c" lem="el" num="s" pos="da0cs0" postype="article" wd="l'"/>
              </spec>
              <grup.nom gen="m" num="s">
                <n gen="m" lem="ús" num="s" pos="ncms000" postype="common" sense="16:00265102" wd="ús"/>
                <s.a gen="m" num="s">
                  <grup.a gen="m" num="s">
                    <a gen="c" lem="social" num="s" pos="aq0cs0" postype="qualificative" wd="social"/>
                  </grup.a>
                </s.a>
                <sp>
                  <prep>
                    <s contracted="yes" gen="m" lem="del" num="s" pos="spcms" postype="preposition" wd="del"/>
                  </prep>
                  <sn>
                    <grup.nom gen="m" num="s">
                      <n gen="m" lem="català" num="s" pos="ncms000" postype="common" sense="16:05224856" wd="català"/>
                    </grup.nom>
                  </sn>
                </sp>
              </grup.nom>
            </sn>
            <S clausesubtype="conditional" clausetype="adverbial" func="ao">
              <conj conjunctiontype="subordinating">
                <c lem="si" pos="cs" postype="subordinating" wd="si"/>
              </conj>
              <neg func="mod">
                <r lem="no" pos="rn" postype="negative" wd="no"/>
              </neg>
              <morfema.verbal func="pass">
                <p gen="c" lem="es" num="c" pos="p0000000" wd="es"/>
              </morfema.verbal>
              <grup.verb>
                <v lem="voler" lss="B22.unaccusative-passive-transitive" mood="indicative" num="s" person="3" pos="vmip3s0" postype="main" tense="present" wd="vol"/>
              </grup.verb>
              <S arg="arg1" clausetype="completive" func="suj" impersonal="yes" tem="pat">
                <infinitiu>
                  <v lem="acabar" mood="infinitive" pos="vmn0000" postype="main" wd="acabar"/>
                  <gerundi>
                    <v lem="tenir" lss="C31.state-scalar" mood="gerund" pos="vmg0000" postype="main" wd="tenint"/>
                  </gerundi>
                </infinitiu>
                <sn arg="arg2" func="cd" functype="quantitative" tem="ext">
                  <f lem="'" pos="fz" punct="mathsign" wd="'"/>
                  <spec gen="f" num="s">
                    <d gen="f" lem="un" num="s" pos="di0fs0" postype="indefinite" wd="una"/>
                  </spec>
                  <grup.nom gen="f" num="s">
                    <n gen="f" lem="llengua" num="s" pos="ncfs000" postype="common" sense="16:05167497" wd="llengua"/>
                    <s.a coord="yes" gen="f" num="s">
                      <s.a gen="f" num="s">
                        <grup.a gen="f" num="s">
                          <a gen="f" lem="savi" num="s" pos="aq0fs0" postype="qualificative" wd="sàvia"/>
                        </grup.a>
                      </s.a>
                      <conj conjunctiontype="coordinating">
                        <c lem="però" pos="cc" postype="coordinating" wd="però"/>
                      </conj>
                      <S clausetype="participle" impersonal="yes">
                        <sadv arg="argM" func="cc" tem="adv">
                          <grup.adv>
                            <r lem="igualment" pos="rg" wd="igualment"/>
                          </grup.adv>
                        </sadv>
                        <participi>
                          <a gen="f" lem="amenaçat" lss="B22.unaccusative-passive-transitive" num="s" pos="aq0fsp" posfunction="participle" postype="qualificative" wd="amenaçada"/>
                        </participi>
                      </S>
                    </s.a>
                  </grup.nom>
                  <f lem="'" pos="fz" punct="mathsign" wd="'"/>
                </sn>
              </S>
            </S>
          </S>
        </grup.nom>
      </sn>
    </sp>
    <f lem="." pos="fp" punct="period" wd="."/>
  </sentence>
  <sentence>
    <sn arg="arg0" entityref="ne" func="suj" ne="person" tem="agt">
      <grup.nom gen="m" num="s">
        <n lem="Pujol" ne="person" pos="np0000p" postype="proper" sense="16:cs1" wd="Pujol"/>
      </grup.nom>
    </sn>
    <sn arg="arg1" func="cd" tem="pat">
      <grup.nom>
        <p gen="c" lem="ho" num="c" person="3" pos="pp3nn000" postype="personal" wd="ho"/>
      </grup.nom>
    </sn>
    <grup.verb>
      <v lem="haver" mood="indicative" num="s" person="3" pos="vaip3s0" postype="auxiliary" tense="present" wd="ha"/>
      <v gen="m" lem="dir" lss="A32.ditransitive-patient-benefactive" mood="participle" num="s" pos="vmp00sm" postype="main" wd="dit"/>
    </grup.verb>
    <sn arg="argM" entityref="ne" func="cc" ne="date" tem="tmp">
      <spec gen="m" num="s">
        <d gen="m" lem="aquest" num="s" pos="dd0ms0" postype="demonstrative" wd="aquest"/>
      </spec>
      <grup.nom gen="m" num="s">
        <w lem="[dilluns:??/??/??:??.??]" ne="date" wd="dilluns"/>
      </grup.nom>
    </sn>
    <sp arg="argM" func="cc" tem="tmp">
      <prep>
        <s lem="durant" pos="sps00" postype="preposition" wd="durant"/>
      </prep>
      <sn>
        <spec gen="f" num="s">
          <d gen="f" lem="el" num="s" pos="da0fs0" postype="article" wd="la"/>
        </spec>
        <grup.nom gen="f" num="s">
          <n gen="f" lem="presentació" num="s" pos="ncfs000" postype="common" sense="16:00679011" wd="presentació"/>
          <sp>
            <prep>
              <s contracted="yes" gen="m" lem="del" num="s" pos="spcms" postype="preposition" wd="del"/>
            </prep>
            <sn>
              <grup.nom gen="m" num="s">
                <s.a gen="m" num="s">
                  <grup.a gen="m" num="s">
                    <a gen="m" lem="desè" num="s" pos="ao0ms0" postype="ordinal" wd="desè"/>
                  </grup.a>
                </s.a>
                <n gen="m" lem="volum" num="s" pos="ncms000" postype="common" sense="16:04833552" wd="volum"/>
                <sp>
                  <prep>
                    <s contracted="yes" gen="m" lem="del" num="s" pos="spcms" postype="preposition" wd="del"/>
                  </prep>
                  <sn entityref="ne" ne="other">
                    <grup.nom gen="m" num="s">
                      <f lem="'" pos="fz" punct="mathsign" wd="'"/>
                      <n lem="Diccionari_etimològic_i_complementari_de_la_llengua_catalana" ne="other" pos="np0000a" postype="proper" sense="16:cs1" wd="Diccionari_etimològic_i_complementari_de_la_llengua_catalana"/>
                      <f lem="'" pos="fz" punct="mathsign" wd="'"/>
                      <sp>
                        <prep>
                          <s lem="de" pos="sps00" postype="preposition" wd="de"/>
                        </prep>
                        <sn entityref="ne" ne="person">
                          <grup.nom gen="m" num="s">
                            <n lem="Joan_Coromines" ne="person" pos="np0000p" postype="proper" sense="16:cs1" wd="Joan_Coromines"/>
                          </grup.nom>
                        </sn>
                      </sp>
                      <S clausetype="participle" impersonal="yes">
                        <f lem="," pos="fc" punct="comma" wd=","/>
                        <participi>
                          <a gen="m" lem="editat" lss="B22.unaccusative-passive-transitive" num="s" pos="aq0msp" posfunction="participle" postype="qualificative" wd="editat"/>
                        </participi>
                        <sp arg="arg0" func="cag" tem="agt">
                          <prep>
                            <s lem="per" pos="sps00" postype="preposition" wd="per"/>
                          </prep>
                          <sn entityref="ne" ne="organization">
                            <grup.nom>
                              <n lem="Curial" ne="organization" pos="np0000o" postype="proper" sense="16:cs1" wd="Curial"/>
                            </grup.nom>
                          </sn>
                        </sp>
                      </S>
                    </grup.nom>
                  </sn>
                </sp>
              </grup.nom>
            </sn>
          </sp>
        </grup.nom>
      </sn>
    </sp>
    <f lem="." pos="fp" punct="period" wd="."/>
  </sentence>
  <sentence>
    <sn arg="arg0" entityref="ne" func="suj" ne="person" tem="agt">
      <grup.nom gen="m" num="s">
        <n lem="Pujol" ne="person" pos="np0000p" postype="proper" sense="16:cs1" wd="Pujol"/>
      </grup.nom>
    </sn>
    <sn arg="arg1" func="cd" tem="pat">
      <grup.nom num="s">
        <p case="accusative" gen="c" lem="ell" num="s" person="3" pos="pp3csa00" postype="personal" wd="l'"/>
      </grup.nom>
    </sn>
    <grup.verb>
      <v lem="haver" mood="indicative" num="s" person="3" pos="vaip3s0" postype="auxiliary" tense="present" wd="ha"/>
      <v gen="m" lem="qualificar" lss="A21.transitive-agentive-patient" mood="participle" num="s" pos="vmp00sm" postype="main" wd="qualificat"/>
    </grup.verb>
    <sp arg="arg2" func="cpred" predicate="cd" tem="atr">
      <prep>
        <s lem="de" pos="sps00" postype="preposition" wd="d'"/>
      </prep>
      <sn>
        <grup.nom gen="f" num="s">
          <n gen="f" lem="obra" num="s" pos="ncfs000" postype="common" sense="16:03629197" wd="obra"/>
          <sp>
            <f lem="'" pos="fz" punct="mathsign" wd="'"/>
            <prep>
              <s lem="de" pos="sps00" postype="preposition" wd="d'"/>
            </prep>
            <sn>
              <grup.nom gen="f" num="s">
                <n gen="f" lem="excel·lència" num="s" pos="ncfs000" postype="common" sense="16:03717983" wd="excel·lència"/>
              </grup.nom>
            </sn>
            <f lem="'" pos="fz" punct="mathsign" wd="'"/>
          </sp>
          <sadv>
            <spec>
              <r lem="molt" pos="rg" wd="molt"/>
            </spec>
            <grup.adv>
              <r lem="per_sobre" pos="rg" wd="per_sobre"/>
              <sp>
                <prep>
                  <s contracted="yes" gen="m" lem="del" num="s" pos="spcms" postype="preposition" wd="del"/>
                </prep>
                <sn>
                  <S clausetype="relative">
                    <relatiu arg="arg1" func="suj" tem="pat">
                      <p gen="c" lem="que" num="c" pos="pr0cn000" postype="relative" wd="que"/>
                    </relatiu>
                    <morfema.verbal func="pass">
                      <p gen="c" lem="es" num="c" pos="p0000000" wd="s'"/>
                    </morfema.verbal>
                    <grup.verb>
                      <v lem="esperar" lss="B22.unaccusative-passive-transitive" mood="indicative" num="s" person="3" pos="vmip3s0" postype="main" tense="present" wd="espera"/>
                    </grup.verb>
                    <sp arg="arg2" func="creg" tem="tem">
                      <prep>
                        <s lem="de" pos="sps00" postype="preposition" wd="d'"/>
                      </prep>
                      <sn>
                        <spec gen="m" num="s">
                          <d gen="m" lem="un" num="s" pos="di0ms0" postype="indefinite" wd="un"/>
                        </spec>
                        <grup.nom gen="m" num="s">
                          <n gen="m" lem="país" num="s" pos="ncms000" postype="common" sense="16:06299747" wd="país"/>
                          <s.a gen="m" num="s">
                            <grup.a gen="m" num="s">
                              <a gen="m" lem="petit" num="s" pos="aq0ms0" postype="qualificative" wd="petit"/>
                            </grup.a>
                          </s.a>
                          <sp>
                            <prep>
                              <c lem="com" pos="cs" postype="subordinating" wd="com"/>
                            </prep>
                            <sn entityref="ne" ne="location">
                              <grup.nom>
                                <n lem="Catalunya" ne="location" pos="np0000l" postype="proper" wd="Catalunya"/>
                              </grup.nom>
                            </sn>
                          </sp>
                        </grup.nom>
                      </sn>
                    </sp>
                  </S>
                </sn>
              </sp>
            </grup.adv>
          </sadv>
        </grup.nom>
      </sn>
    </sp>
    <f lem="." pos="fp" punct="period" wd="."/>
  </sentence>
  <sentence>
    <sn arg="arg1" func="suj" tem="pat">
      <spec gen="m" num="s">
        <d gen="c" lem="el" num="s" pos="da0cs0" postype="article" wd="L'"/>
      </spec>
      <grup.nom gen="m" num="s">
        <n gen="m" lem="acte" num="s" pos="ncms000" postype="common" sense="16:00017487" wd="acte"/>
      </grup.nom>
    </sn>
    <morfema.verbal func="pass">
      <p gen="c" lem="es" num="c" pos="p0000000" wd="s'"/>
    </morfema.verbal>
    <grup.verb>
      <v lem="haver" mood="indicative" num="s" person="3" pos="vaip3s0" postype="auxiliary" tense="present" wd="ha"/>
      <v gen="m" lem="iniciar" lss="B22.unaccusative-passive-transitive" mood="participle" num="s" pos="vmp00sm" postype="main" wd="iniciat"/>
    </grup.verb>
    <sp arg="argM" func="cc" tem="adv">
      <prep>
        <s lem="amb" pos="sps00" postype="preposition" wd="amb"/>
      </prep>
      <sn>
        <spec gen="f" num="s">
          <d gen="f" lem="un" num="s" pos="di0fs0" postype="indefinite" wd="una"/>
        </spec>
        <grup.nom gen="f" num="s">
          <n gen="f" lem="glossa" num="s" pos="ncfs000" postype="common" sense="16:cs1" wd="glossa"/>
          <s.a gen="f" num="s">
            <grup.a gen="f" num="s">
              <a gen="f" lem="científic" num="s" pos="aq0fs0" postype="qualificative" wd="científica"/>
            </grup.a>
          </s.a>
          <sp>
            <prep>
              <s lem="de" pos="sps00" postype="preposition" wd="de"/>
            </prep>
            <sn entityref="ne" ne="person">
              <grup.nom gen="m" num="s">
                <n lem="Coromines" ne="person" pos="np0000p" postype="proper" sense="16:cs1" wd="Coromines"/>
              </grup.nom>
            </sn>
          </sp>
        </grup.nom>
      </sn>
    </sp>
    <sp func="ao">
      <prep>
        <s contracted="yes" gen="m" lem="per_part_del" num="s" pos="spcms" postype="preposition" wd="per_part_del"/>
      </prep>
      <sn complex="yes" entityref="ne" ne="person">
        <grup.nom coord="yes">
          <grup.nom coord="yes">
            <grup.nom gen="m" num="s">
              <n gen="m" lem="catedràtic" num="s" pos="ncms000" postype="common" sense="16:50000458" wd="catedràtic"/>
              <sp>
                <prep>
                  <s lem="de" pos="sps00" postype="preposition" wd="de"/>
                </prep>
                <sn>
                  <grup.nom gen="f" num="s">
                    <n gen="f" lem="llengua" num="s" pos="ncfs000" postype="common" sense="16:05167497" wd="llengua"/>
                    <s.a gen="f" num="s">
                      <grup.a gen="f" num="s">
                        <a gen="f" lem="espanyol" num="s" pos="aq0fs0" postype="qualificative" wd="espanyola"/>
                      </grup.a>
                    </s.a>
                  </grup.nom>
                </sn>
              </sp>
            </grup.nom>
            <conj conjunctiontype="coordinating">
              <c lem="i" pos="cc" postype="coordinating" wd="i"/>
            </conj>
            <grup.nom gen="m" num="s">
              <n gen="m" lem="membre" num="s" pos="ncms000" postype="common" sense="16:07404067" wd="membre"/>
              <sp>
                <prep>
                  <s lem="de" pos="sps00" postype="preposition" wd="de"/>
                </prep>
                <sn entityref="ne" ne="organization">
                  <spec gen="f" num="s">
                    <d gen="f" lem="el" num="s" pos="da0fs0" postype="article" wd="la"/>
                  </spec>
                  <grup.nom gen="f" num="s">
                    <n lem="Real_Academia_Española" ne="organization" pos="np0000o" postype="proper" sense="16:cs1" wd="Real_Academia_Española"/>
                  </grup.nom>
                </sn>
              </sp>
            </grup.nom>
          </grup.nom>
          <sn adjunct="yes" entityref="ne" ne="person">
            <grup.nom gen="m" num="s">
              <n lem="José_Antonio_Pascual" ne="person" pos="np0000p" postype="proper" sense="16:cs1" wd="José_Antonio_Pascual"/>
            </grup.nom>
          </sn>
          <S adjunct="yes" clausetype="relative">
            <f lem="," pos="fc" punct="comma" wd=","/>
            <relatiu arg="arg0" func="suj" tem="agt">
              <p gen="c" lem="que" num="c" pos="pr0cn000" postype="relative" wd="que"/>
            </relatiu>
            <grup.verb>
              <v lem="haver" mood="indicative" num="s" person="3" pos="vaip3s0" postype="auxiliary" tense="present" wd="ha"/>
              <v gen="m" lem="destacar" lss="A21.transitive-agentive-patient" mood="participle" num="s" pos="vmp00sm" postype="main" wd="destacat"/>
            </grup.verb>
            <sn arg="arg1" func="cd" tem="pat">
              <spec gen="f" num="s">
                <d gen="f" lem="el" num="s" pos="da0fs0" postype="article" wd="la"/>
              </spec>
              <grup.nom gen="f" num="s">
                <n gen="f" lem="importància" num="s" pos="ncfs000" postype="common" sense="16:04025511" wd="importància"/>
                <S clausetype="completive">
                  <conj conjunctiontype="subordinating">
                    <c lem="que" pos="cs" postype="subordinating" wd="que"/>
                  </conj>
                  <sn arg="arg0" entityref="ne" func="suj" ne="person" tem="agt">
                    <spec gen="m" num="s">
                      <d gen="m" lem="el" num="s" pos="da0ms0" postype="article" wd="el"/>
                    </spec>
                    <grup.nom gen="m" num="s">
                      <n gen="m" lem="poble" num="s" pos="ncms000" postype="common" sense="16:06073126" wd="poble"/>
                      <s.a gen="m" num="s">
                        <grup.a gen="m" num="s">
                          <a gen="m" lem="català" num="s" pos="aq0ms0" postype="qualificative" wd="català"/>
                        </grup.a>
                      </s.a>
                    </grup.nom>
                  </sn>
                  <grup.verb>
                    <v lem="haver" mood="subjunctive" num="s" person="3" pos="vasp3s0" postype="auxiliary" tense="present" wd="hagi"/>
                    <v gen="m" lem="entendre" lss="A21.transitive-agentive-patient" mood="participle" num="s" pos="vmp00sm" postype="main" wd="entès"/>
                  </grup.verb>
                  <S arg="arg1" clausetype="completive" func="cd" tem="pat">
                    <conj conjunctiontype="subordinating">
                      <c lem="que" pos="cs" postype="subordinating" wd="que"/>
                    </conj>
                    <S arg="argM" clausetype="adverbial" func="cc" impersonal="yes" tem="mnr">
                      <gerundi>
                        <v lem="honorar" lss="A21.transitive-agentive-patient" mood="gerund" pos="vmg0000" postype="main" wd="honorant"/>
                      </gerundi>
                      <sn entityref="ne" ne="person">
                        <spec gen="m" num="s">
                          <d gen="c" lem="el" num="s" pos="da0cs0" postype="article" wd="l'"/>
                        </spec>
                        <grup.nom gen="m" num="s">
                          <n gen="m" lem="autor" num="s" pos="ncms000" postype="common" sense="16:07689380" wd="autor"/>
                          <sp>
                            <prep>
                              <s lem="de" pos="sps00" postype="preposition" wd="de"/>
                            </prep>
                            <sn entityref="ne" ne="other">
                              <spec gen="m" num="s">
                                <d gen="c" lem="el" num="s" pos="da0cs0" postype="article" wd="l'"/>
                              </spec>
                              <grup.nom gen="m" num="s">
                                <n lem="Onomasticon_Cataloniae" ne="other" pos="np0000a" postype="proper" sense="16:cs1" wd="Onomasticon_Cataloniae"/>
                              </grup.nom>
                            </sn>
                          </sp>
                        </grup.nom>
                      </sn>
                    </S>
                    <f lem="'" pos="fz" punct="mathsign" wd="'"/>
                    <morfema.verbal func="pass">
                      <p gen="c" lem="es" num="c" pos="p0000000" wd="s'"/>
                    </morfema.verbal>
                    <grup.verb>
                      <v lem="honorar" lss="B22.unaccusative-passive-transitive" mood="indicative" num="s" person="3" pos="vmip3s0" postype="main" tense="present" wd="honora"/>
                    </grup.verb>
                    <sn arg="arg1" entityref="ne" func="suj" ne="location" tem="pat">
                      <grup.nom>
                        <n lem="Catalunya" ne="location" pos="np0000l" postype="proper" wd="Catalunya"/>
                      </grup.nom>
                    </sn>
                    <f lem="'" pos="fz" punct="mathsign" wd="'"/>
                  </S>
                </S>
              </grup.nom>
            </sn>
          </S>
        </grup.nom>
      </sn>
    </sp>
    <f lem="." pos="fp" punct="period" wd="."/>
  </sentence>
  <sentence coord="yes">
    <S>
      <sn arg="arg0" entityref="ne" func="suj" ne="person" tem="agt">
        <spec gen="m" num="s">
          <d gen="c" lem="el" num="s" pos="da0cs0" postype="article" wd="L'"/>
        </spec>
        <grup.nom gen="m" num="s">
          <n gen="m" lem="escriptor" num="s" pos="ncms000" postype="common" sense="16:07689380" wd="escriptor"/>
          <sn entityref="ne" ne="person">
            <grup.nom gen="m" num="s">
              <n lem="Josep_Maria_Espinàs" ne="person" pos="np0000p" postype="proper" sense="16:cs1" wd="Josep_Maria_Espinàs"/>
            </grup.nom>
          </sn>
          <sn entityref="ne" ne="person">
            <grup.nom gen="m" num="s">
              <f lem="-" pos="fg" punct="hyphen" wd="-"/>
              <n gen="m" lem="autor" num="s" pos="ncms000" postype="common" sense="16:07689380" wd="autor"/>
              <sp>
                <prep>
                  <s lem="de" pos="sps00" postype="preposition" wd="de"/>
                </prep>
                <sn>
                  <spec gen="f" num="s">
                    <d gen="c" lem="el" num="s" pos="da0cs0" postype="article" wd="l'"/>
                  </spec>
                  <grup.nom gen="f" num="s">
                    <s.a gen="f" num="s">
                      <grup.a gen="f" num="s">
                        <a gen="f" lem="únic" num="s" pos="aq0fs0" postype="qualificative" wd="única"/>
                      </grup.a>
                    </s.a>
                    <n gen="f" lem="entrevista" num="s" pos="ncfs000" postype="common" sense="16:05377714" wd="entrevista"/>
                    <s.a gen="f" num="s">
                      <grup.a gen="f" num="s">
                        <a gen="f" lem="televisiu" num="s" pos="aq0fs0" postype="qualificative" wd="televisiva"/>
                      </grup.a>
                    </s.a>
                    <S clausetype="relative">
                      <relatiu arg="arg1" func="suj" tem="pat">
                        <p gen="c" lem="que" num="c" pos="pr0cn000" postype="relative" wd="que"/>
                      </relatiu>
                      <morfema.verbal func="pass">
                        <p gen="c" lem="es" num="c" pos="p0000000" wd="s'"/>
                      </morfema.verbal>
                      <grup.verb>
                        <v lem="haver" mood="indicative" num="s" person="3" pos="vaip3s0" postype="auxiliary" tense="present" wd="ha"/>
                        <v gen="m" lem="fer" lss="B22.unaccusative-passive-transitive" mood="participle" num="s" pos="vmp00sm" postype="main" wd="fet"/>
                      </grup.verb>
                      <sp arg="arg2" func="ci" tem="ben">
                        <prep>
                          <s lem="a" pos="sps00" postype="preposition" wd="a"/>
                        </prep>
                        <sn entityref="ne" ne="person">
                          <grup.nom gen="m" num="s">
                            <n lem="Coromines" ne="person" pos="np0000p" postype="proper" sense="16:cs1" wd="Coromines"/>
                          </grup.nom>
                        </sn>
                      </sp>
                    </S>
                  </grup.nom>
                </sn>
              </sp>
              <f lem="-" pos="fg" punct="hyphen" wd="-"/>
            </grup.nom>
          </sn>
        </grup.nom>
      </sn>
      <grup.verb>
        <v lem="haver" mood="indicative" num="s" person="3" pos="vaip3s0" postype="auxiliary" tense="present" wd="ha"/>
        <v gen="m" lem="assegurar" lss="A21.transitive-agentive-patient" mood="participle" num="s" pos="vmp00sm" postype="main" wd="assegurat"/>
      </grup.verb>
      <S arg="arg1" clausetype="completive" func="cd" tem="pat">
        <conj conjunctiontype="subordinating">
          <c lem="que" pos="cs" postype="subordinating" wd="que"/>
        </conj>
        <sn arg="arg0" elliptic="yes" func="suj" tem="agt"/>
        <neg func="mod">
          <r lem="no" pos="rn" postype="negative" wd="no"/>
        </neg>
        <grup.verb>
          <v lem="anar" lss="D11.inergative-agentive" mood="indicative" num="s" person="3" pos="vmip3s0" postype="main" tense="present" wd="va"/>
        </grup.verb>
        <sadv func="mod">
          <grup.adv>
            <r lem="mai" pos="rg" wd="mai"/>
          </grup.adv>
        </sadv>
        <sp arg="arg4" func="creg" tem="des">
          <prep>
            <s lem="a" pos="sps00" postype="preposition" wd="a"/>
          </prep>
          <S clausetype="completive" impersonal="yes">
            <infinitiu>
              <v lem="dormir" lss="D21.inergative-experiencer" mood="infinitive" pos="vmn0000" postype="main" wd="dormir"/>
            </infinitiu>
          </S>
        </sp>
        <sp arg="argM" func="cc" tem="adv">
          <prep>
            <s lem="sense" pos="sps00" postype="preposition" wd="sense"/>
          </prep>
          <S clausetype="completive" impersonal="yes">
            <infinitiu>
              <v lem="obrir" lss="A21.transitive-agentive-patient" mood="infinitive" pos="vmn0000" postype="main" wd="obrir"/>
            </infinitiu>
            <sp arg="argM" func="cc" tem="adv">
              <prep>
                <s lem="a" pos="sps00" postype="preposition" wd="a"/>
              </prep>
              <sn>
                <spec gen="m" num="s">
                  <d gen="c" lem="el" num="s" pos="da0cs0" postype="article" wd="l'"/>
                </spec>
                <grup.nom gen="m" num="s">
                  <n gen="m" lem="atzar" num="s" pos="ncms000" postype="common" sense="16:05443380" wd="atzar"/>
                </grup.nom>
              </sn>
            </sp>
            <sn arg="arg1" func="cd" tem="pat">
              <spec gen="f" num="s">
                <d gen="f" lem="un" num="s" pos="dn0fs0" postype="numeral" wd="una"/>
              </spec>
              <grup.nom gen="f" num="s">
                <n gen="f" lem="pàgina" num="s" pos="ncfs000" postype="common" sense="16:cs1" wd="pàgina"/>
                <sp>
                  <prep>
                    <s contracted="yes" gen="m" lem="del" num="s" pos="spcms" postype="preposition" wd="del"/>
                  </prep>
                  <sn entityref="ne" ne="other">
                    <grup.nom gen="m" num="s">
                      <n gen="m" lem="diccionari" num="s" pos="ncms000" postype="common" sense="16:04837766" wd="diccionari"/>
                      <sn entityref="ne" ne="person">
                        <grup.nom gen="m" num="s">
                          <n lem="Coromines" ne="person" pos="np0000p" postype="proper" sense="16:cs1" wd="Coromines"/>
                        </grup.nom>
                      </sn>
                    </grup.nom>
                  </sn>
                </sp>
              </grup.nom>
            </sn>
          </S>
        </sp>
      </S>
    </S>
    <f lem="," pos="fc" punct="comma" wd=","/>
    <S>
      <sn arg="arg0" elliptic="yes" func="suj" tem="agt"/>
      <grup.verb>
        <v lem="haver" mood="indicative" num="s" person="3" pos="vaip3s0" postype="auxiliary" tense="present" wd="ha"/>
        <v gen="m" lem="qualificar" lss="A21.transitive-agentive-patient" mood="participle" num="s" pos="vmp00sm" postype="main" wd="qualificat"/>
      </grup.verb>
      <sn arg="arg1" func="cd" tem="pat">
        <spec gen="m" num="s">
          <d gen="c" lem="el" num="s" pos="da0cs0" postype="article" wd="l'"/>
        </spec>
        <grup.nom gen="m" num="s">
          <n gen="m" lem="autor" num="s" pos="ncms000" postype="common" sense="16:07689380" wd="autor"/>
        </grup.nom>
      </sn>
      <sp arg="arg2" func="cpred" predicate="cd" tem="atr">
        <prep>
          <s lem="de" pos="sps00" postype="preposition" wd="de"/>
        </prep>
        <sn>
          <grup.nom gen="m" num="s">
            <f lem="'" pos="fz" punct="mathsign" wd="'"/>
            <n gen="m" lem="savi" num="s" pos="ncms000" postype="common" sense="16:07339332" wd="savi"/>
            <s.a complex="yes" gen="m" num="s">
              <grup.a coord="yes" gen="m" num="s">
                <grup.a gen="m" num="s">
                  <a gen="c" lem="trapella" num="s" pos="aq0cs0" postype="qualificative" wd="trapella"/>
                </grup.a>
                <conj conjunctiontype="coordinating">
                  <c lem="i" pos="cc" postype="coordinating" wd="i"/>
                </conj>
                <grup.a gen="m" num="s">
                  <a gen="m" lem="murri" num="s" pos="aq0ms0" postype="qualificative" wd="murri"/>
                </grup.a>
              </grup.a>
            </s.a>
            <f lem="'" pos="fz" punct="mathsign" wd="'"/>
            <S clausetype="relative">
              <relatiu arg="arg1" func="suj" tem="tem">
                <p gen="c" lem="que" num="c" pos="pr0cn000" postype="relative" wd="que"/>
              </relatiu>
              <grup.verb>
                <v lem="esdevenir" lss="B21.unaccusative-state" mood="indicative" num="s" person="3" pos="vmip3s0" postype="main" tense="present" wd="esdevé"/>
              </grup.verb>
              <sn arg="arg2" func="cpred" predicate="suj" tem="atr">
                <spec gen="m" num="s">
                  <d gen="c" lem="el" num="s" pos="da0cs0" postype="article" wd="l'"/>
                </spec>
                <grup.nom gen="m" num="s">
                  <n gen="m" lem="home" num="s" pos="ncms000" postype="common" sense="16:07391044" wd="home"/>
                  <s.a gen="m" num="s">
                    <f lem="'" pos="fz" punct="mathsign" wd="'"/>
                    <grup.a gen="m" num="s">
                      <sadv>
                        <grup.adv>
                          <r lem="veritablement" pos="rg" wd="veritablement"/>
                        </grup.adv>
                      </sadv>
                      <a gen="c" lem="universal" num="s" pos="aq0cs0" postype="qualificative" wd="universal"/>
                    </grup.a>
                    <f lem="'" pos="fz" punct="mathsign" wd="'"/>
                  </s.a>
                  <S clausetype="relative">
                    <relatiu arg="arg0" func="suj" tem="agt">
                      <p gen="c" lem="que" num="c" pos="pr0cn000" postype="relative" wd="que"/>
                    </relatiu>
                    <grup.verb>
                      <v lem="combinar" lss="A35.ditransitive-theme-cotheme" mood="indicative" num="s" person="3" pos="vmii3s0" postype="main" tense="imperfect" wd="combinava"/>
                    </grup.verb>
                    <sn arg="arg1" func="cd" tem="tem">
                      <spec gen="f" num="s">
                        <d gen="f" lem="el" num="s" pos="da0fs0" postype="article" wd="la"/>
                      </spec>
                      <grup.nom gen="f" num="s">
                        <n gen="f" lem="passió" num="s" pos="ncfs000" postype="common" sense="16:04478900" wd="passió"/>
                        <sp>
                          <prep>
                            <s lem="per" pos="sps00" postype="preposition" wd="per"/>
                          </prep>
                          <sn>
                            <spec gen="f" num="p">
                              <d gen="f" lem="tot" num="p" pos="di0fp0" postype="indefinite" wd="totes"/>
                              <d gen="f" lem="el" num="p" pos="da0fp0" postype="article" wd="les"/>
                            </spec>
                            <grup.nom gen="f" num="p">
                              <n gen="f" lem="llengua" num="p" pos="ncfp000" postype="common" sense="16:05167497" wd="llengües"/>
                            </grup.nom>
                          </sn>
                        </sp>
                      </grup.nom>
                    </sn>
                    <S arg="argM" clausetype="adverbial" func="cc" impersonal="yes" tem="mnr">
                      <gerundi>
                        <v lem="defensar" lss="A21.transitive-agentive-patient" mood="gerund" pos="vmg0000" postype="main" wd="defensant"/>
                      </gerundi>
                      <sp arg="arg1" func="cd" tem="pat">
                        <prep>
                          <s lem="de" pos="sps00" postype="preposition" wd="de"/>
                        </prep>
                        <sn>
                          <grup.nom gen="f" num="s">
                            <n gen="f" lem="manera" num="s" pos="ncfs000" postype="common" sense="16:00111872" wd="manera"/>
                            <s.a gen="f" num="s">
                              <grup.a gen="f" num="s">
                                <a gen="c" lem="insubornable" num="s" pos="aq0cs0" postype="qualificative" wd="insubornable"/>
                              </grup.a>
                            </s.a>
                          </grup.nom>
                        </sn>
                      </sp>
                      <sn arg="arg1" func="cd" tem="pat">
                        <grup.nom gen="f" num="s">
                          <p gen="f" lem="el_seu" num="s" person="3" pos="px3fs000" postype="possessive" wd="la_seva"/>
                        </grup.nom>
                      </sn>
                      <sp arg="argM" func="cc" tem="tmp">
                        <f lem="'" pos="fz" punct="mathsign" wd="'"/>
                        <prep>
                          <s lem="en" pos="sps00" postype="preposition" wd="en"/>
                        </prep>
                        <sn>
                          <grup.nom gen="m" num="s">
                            <n gen="m" lem="temps" num="c" pos="ncmn000" postype="common" sense="16:00015594" wd="temps"/>
                            <sp>
                              <prep>
                                <s lem="de" pos="sps00" postype="preposition" wd="d'"/>
                              </prep>
                              <sn>
                                <grup.nom gen="m" num="p">
                                  <s.a gen="m" num="p">
                                    <grup.a gen="m" num="p">
                                      <a gen="m" lem="estrany" num="p" pos="aq0mp0" postype="qualificative" wd="estranys"/>
                                    </grup.a>
                                  </s.a>
                                  <n gen="m" lem="cosmopolitisme" num="p" pos="ncmp000" postype="common" sense="16:cs1" wd="cosmopolitismes"/>
                                  <S clausetype="relative">
                                    <relatiu arg="arg1" func="suj" tem="tem">
                                      <p gen="c" lem="que" num="c" pos="pr0cn000" postype="relative" wd="que"/>
                                    </relatiu>
                                    <morfema.pronominal>
                                      <p gen="c" lem="se" num="c" person="3" pos="p0300000" wd="se"/>
                                    </morfema.pronominal>
                                    <grup.verb>
                                      <v lem="sentir" lss="C21.state-attributive" mood="indicative" num="p" person="3" pos="vmip3p0" postype="main" tense="present" wd="senten"/>
                                    </grup.verb>
                                    <sp arg="arg2" func="cc" tem="atr">
                                      <sp>
                                        <prep>
                                          <s lem="de" pos="sps00" postype="preposition" wd="de"/>
                                        </prep>
                                        <sadv>
                                          <grup.adv>
                                            <r lem="tot_arreu" pos="rg" wd="tot_arreu"/>
                                          </grup.adv>
                                        </sadv>
                                      </sp>
                                      <sp adjunct="yes">
                                        <prep>
                                          <s lem="menys" pos="sps00" postype="preposition" wd="menys"/>
                                        </prep>
                                        <sp>
                                          <prep>
                                            <s contracted="yes" gen="m" lem="del" num="s" pos="spcms" postype="preposition" wd="del"/>
                                          </prep>
                                          <sn>
                                            <spec gen="m" num="s">
                                              <d gen="m" lem="seu" num="s" person="3" pos="dp3ms0" postype="possessive" wd="seu"/>
                                            </spec>
                                            <grup.nom gen="m" num="s">
                                              <n gen="m" lem="punt" num="s" pos="ncms000" postype="common" sense="16:10044643" wd="punt"/>
                                              <sp>
                                                <prep>
                                                  <s lem="de" pos="sps00" postype="preposition" wd="de"/>
                                                </prep>
                                                <sn>
                                                  <grup.nom gen="f" num="s">
                                                    <n gen="f" lem="partida" num="s" pos="ncfs000" postype="common" sense="16:cs1" wd="partida"/>
                                                  </grup.nom>
                                                </sn>
                                              </sp>
                                            </grup.nom>
                                          </sn>
                                        </sp>
                                      </sp>
                                    </sp>
                                  </S>
                                </grup.nom>
                              </sn>
                            </sp>
                          </grup.nom>
                        </sn>
                        <f lem="'" pos="fz" punct="mathsign" wd="'"/>
                      </sp>
                    </S>
                  </S>
                </grup.nom>
              </sn>
            </S>
          </grup.nom>
        </sn>
      </sp>
    </S>
    <f lem="." pos="fp" punct="period" wd="."/>
  </sentence>
  <sentence>
    <sn arg="arg0" entityref="ne" func="suj" ne="person" tem="agt">
      <grup.nom gen="m" num="s">
        <n lem="Espinàs" ne="person" pos="np0000p" postype="proper" sense="16:cs1" wd="Espinàs"/>
      </grup.nom>
    </sn>
    <grup.verb>
      <v lem="haver" mood="indicative" num="s" person="3" pos="vaip3s0" postype="auxiliary" tense="present" wd="ha"/>
      <v gen="m" lem="definir" lss="A21.transitive-agentive-patient" mood="participle" num="s" pos="vmp00sm" postype="main" wd="definit"/>
    </grup.verb>
    <sn arg="arg1" entityref="ne" func="cd" ne="other" tem="pat">
      <spec gen="m" num="s">
        <d gen="c" lem="el" num="s" pos="da0cs0" postype="article" wd="l'"/>
      </spec>
      <grup.nom gen="m" num="s">
        <n lem="Onomasticon" ne="other" pos="np0000a" postype="proper" sense="16:cs1" wd="Onomasticon"/>
      </grup.nom>
    </sn>
    <sp arg="argM" func="cpred" predicate="cd" tem="atr">
      <prep>
        <c lem="com" pos="cs" postype="subordinating" wd="com"/>
      </prep>
      <sn entityref="ne" ne="other">
        <f lem="'" pos="fz" punct="mathsign" wd="'"/>
        <spec gen="m" num="s">
          <d gen="m" lem="el_nostre" num="s" person="1" pos="dp1msp" possessornum="p" postype="possessive" wd="el_nostre"/>
        </spec>
        <grup.nom gen="m" num="s">
          <n lem="DNI" ne="other" pos="np0000a" postype="proper" sense="16:cs1" wd="DNI"/>
        </grup.nom>
        <f lem="'" pos="fz" punct="mathsign" wd="'"/>
      </sn>
    </sp>
    <f lem="." pos="fp" punct="period" wd="."/>
  </sentence>
  <sentence coord="yes">
    <S>
      <sn arg="arg1" func="suj" tem="tem">
        <spec gen="m" num="s">
          <d gen="m" lem="aquest" num="s" pos="dd0ms0" postype="demonstrative" wd="Aquest"/>
        </spec>
        <grup.nom gen="m" num="s">
          <s.a gen="m" num="s">
            <grup.a gen="m" num="s">
              <a gen="m" lem="desè" num="s" pos="ao0ms0" postype="ordinal" wd="desè"/>
            </grup.a>
          </s.a>
          <n gen="m" lem="volum" num="s" pos="ncms000" postype="common" sense="16:04833552" wd="volum"/>
        </grup.nom>
      </sn>
      <grup.verb>
        <v lem="ser" lss="C21.state-attributive" mood="indicative" num="s" person="3" pos="vmip3s0" postype="main" tense="present" wd="és"/>
      </grup.verb>
      <sadv func="mod">
        <grup.adv>
          <r lem="també" pos="rg" wd="també"/>
        </grup.adv>
      </sadv>
      <sn arg="arg2" func="atr" tem="atr">
        <spec gen="m" num="s">
          <d gen="c" lem="el" num="s" pos="da0cs0" postype="article" wd="l'"/>
        </spec>
        <grup.nom gen="m" num="s">
          <a gen="m" lem="últim" num="s" pos="ao0ms0" postype="ordinal" wd="últim"/>
        </grup.nom>
      </sn>
    </S>
    <conj conjunctiontype="coordinating">
      <c lem="i" pos="cc" postype="coordinating" wd="i"/>
    </conj>
    <S>
      <sadv func="et">
        <f lem="," pos="fc" punct="comma" wd=","/>
        <grup.adv>
          <r lem="per_tant" pos="rg" wd="per_tant"/>
        </grup.adv>
        <f lem="," pos="fc" punct="comma" wd=","/>
      </sadv>
      <sp arg="argM" func="cc" tem="adv">
        <prep>
          <s lem="amb" pos="sps00" postype="preposition" wd="amb"/>
        </prep>
        <sn>
          <spec gen="f" num="s">
            <d gen="f" lem="el_seu" num="s" person="3" pos="dp3fs0" postype="possessive" wd="la_seva"/>
          </spec>
          <grup.nom gen="f" num="s">
            <n gen="f" lem="presentació" num="s" pos="ncfs000" postype="common" sense="16:00679011" wd="presentació"/>
          </grup.nom>
        </sn>
      </sp>
      <grup.verb>
        <v lem="quedar" lss="C21.state-attributive" mood="indicative" num="s" person="3" pos="vmif3s0" postype="main" tense="future" wd="quedarà"/>
      </grup.verb>
      <S arg="arg2" clausetype="participle" func="cpred" impersonal="yes" predicate="suj" tem="atr">
        <participi>
          <a gen="f" lem="finalitzat" num="s" pos="aq0fsp" posfunction="participle" postype="qualificative" wd="finalitzada"/>
        </participi>
      </S>
      <sn arg="arg1" func="suj" tem="tem">
        <spec gen="f" num="s">
          <d gen="c" lem="el" num="s" pos="da0cs0" postype="article" wd="l'"/>
        </spec>
        <grup.nom gen="f" num="s">
          <n gen="f" lem="obra" num="s" pos="ncfs000" postype="common" sense="16:03052506" wd="obra"/>
          <s.a gen="f" num="s">
            <spec>
              <r lem="més" pos="rg" wd="més"/>
            </spec>
            <grup.a gen="f" num="s">
              <a gen="c" lem="important" num="s" pos="aq0cs0" postype="qualificative" wd="important"/>
            </grup.a>
          </s.a>
          <s.a gen="f" num="s">
            <f lem="-" pos="fg" punct="hyphen" wd="-"/>
            <grup.a gen="f" num="s">
              <a gen="f" lem="únic" num="s" pos="aq0fs0" postype="qualificative" wd="única"/>
              <sp>
                <prep>
                  <s contracted="yes" gen="m" lem="al" num="s" pos="spcms" postype="preposition" wd="al"/>
                </prep>
                <sn>
                  <grup.nom gen="m" num="s">
                    <n gen="m" lem="món" num="s" pos="ncms000" postype="common" sense="16:06753779" wd="món"/>
                  </grup.nom>
                </sn>
              </sp>
            </grup.a>
            <f lem="-" pos="fg" punct="hyphen" wd="-"/>
          </s.a>
          <sp>
            <prep>
              <s lem="de" pos="sps00" postype="preposition" wd="de"/>
            </prep>
            <sn entityref="ne" ne="person">
              <grup.nom gen="m" num="s">
                <n lem="Joan_Coromines" ne="person" pos="np0000p" postype="proper" sense="16:cs1" wd="Joan_Coromines"/>
              </grup.nom>
            </sn>
          </sp>
        </grup.nom>
      </sn>
    </S>
    <f lem="." pos="fp" punct="period" wd="."/>
  </sentence>
  <sentence>
    <sn arg="arg1" elliptic="yes" func="suj" tem="tem"/>
    <grup.verb>
      <v lem="contenir" lss="C21.state-attributive" mood="indicative" num="s" person="3" pos="vmip3s0" postype="main" tense="present" wd="Conté"/>
    </grup.verb>
    <sn arg="arg2" coord="yes" func="cd" functype="quantitative" tem="atr">
      <sn>
        <spec gen="m" num="s">
          <d gen="m" lem="un" num="s" pos="di0ms0" postype="indefinite" wd="un"/>
        </spec>
        <grup.nom gen="m" num="s">
          <n gen="m" lem="suplement" num="s" pos="ncms000" postype="common" sense="16:cs1" wd="suplement"/>
          <S clausetype="relative">
            <relatiu arg="arg1" func="cd" tem="pat">
              <p gen="c" lem="que" num="c" pos="pr0cn000" postype="relative" wd="que"/>
            </relatiu>
            <sn arg="arg0" func="suj" tem="agt">
              <spec gen="m" num="s">
                <d gen="m" lem="el" num="s" pos="da0ms0" postype="article" wd="el"/>
              </spec>
              <grup.nom gen="m" num="s">
                <s.a gen="m" num="s">
                  <grup.a gen="m" num="s">
                    <a gen="m" lem="prestigiós" num="s" pos="aq0ms0" postype="qualificative" wd="prestigiós"/>
                  </grup.a>
                </s.a>
                <n gen="m" lem="filòleg" num="s" pos="ncms000" postype="common" sense="16:07473001" wd="filòleg"/>
              </grup.nom>
            </sn>
            <grup.verb>
              <v lem="anar" mood="indicative" num="s" person="3" pos="vaip3s0" postype="auxiliary" tense="present" wd="va"/>
              <v lem="deixar" lss="A21.transitive-agentive-patient" mood="infinitive" pos="vmn0000" postype="main" wd="deixar"/>
            </grup.verb>
            <S arg="arg2" clausetype="participle" func="cpred" impersonal="yes" predicate="cd" tem="atr">
              <participi>
                <a gen="m" lem="redactat" num="s" pos="aq0msp" posfunction="participle" postype="qualificative" wd="redactat"/>
              </participi>
            </S>
            <sadv arg="argM" func="cc" tem="tmp">
              <grup.adv>
                <r lem="abans" pos="rg" wd="abans"/>
                <sp>
                  <prep>
                    <s lem="de" pos="sps00" postype="preposition" wd="de"/>
                  </prep>
                  <S clausetype="completive" impersonal="yes">
                    <infinitiu>
                      <v lem="morir" lss="B21.unaccusative-state" mood="infinitive" pos="vmn0000" postype="main" wd="morir"/>
                    </infinitiu>
                  </S>
                </sp>
              </grup.adv>
            </sadv>
          </S>
        </grup.nom>
      </sn>
      <conj conjunctiontype="coordinating">
        <c lem="i" pos="cc" postype="coordinating" wd="i"/>
      </conj>
      <sn>
        <spec gen="m" num="s">
          <d gen="m" lem="un" num="s" pos="dn0ms0" postype="numeral" wd="un"/>
        </spec>
        <grup.nom gen="m" num="s">
          <n gen="m" lem="índex" num="s" pos="ncms000" postype="common" sense="16:04872567" wd="índex"/>
          <s.a gen="m" num="s">
            <grup.a gen="m" num="s">
              <a gen="m" lem="exhaustiu" num="s" pos="aq0ms0" postype="qualificative" wd="exhaustiu"/>
            </grup.a>
          </s.a>
          <sp>
            <prep>
              <s lem="de" pos="sps00" postype="preposition" wd="de"/>
            </prep>
            <sn>
              <spec gen="f" num="s">
                <d gen="f" lem="tot" num="s" pos="di0fs0" postype="indefinite" wd="tota"/>
                <d gen="c" lem="el" num="s" pos="da0cs0" postype="article" wd="l'"/>
              </spec>
              <grup.nom gen="f" num="s">
                <n gen="f" lem="obra" num="s" pos="ncfs000" postype="common" sense="16:03052506" wd="obra"/>
              </grup.nom>
            </sn>
          </sp>
          <S clausetype="relative">
            <sp arg="argM" func="cc" tem="adv">
              <prep>
                <s lem="amb" pos="sps00" postype="preposition" wd="amb"/>
              </prep>
              <relatiu>
                <d gen="m" lem="el" num="s" pos="da0ms0" postype="article" wd="el"/>
                <p gen="c" lem="qual" num="s" pos="pr0cs000" postype="relative" wd="qual"/>
              </relatiu>
            </sp>
            <sn arg="arg1" func="suj" tem="pat">
              <spec gen="f" num="p">
                <d gen="f" lem="el" num="p" pos="da0fp0" postype="article" wd="les"/>
              </spec>
              <grup.nom gen="f" num="p">
                <n gen="f" lem="consulta" num="p" pos="ncfp000" postype="common" sense="16:00820543" wd="consultes"/>
                <sp>
                  <prep>
                    <s contracted="yes" gen="m" lem="al" num="s" pos="spcms" postype="preposition" wd="al"/>
                  </prep>
                  <sn>
                    <grup.nom gen="m" num="s">
                      <n gen="m" lem="diccionari" num="s" pos="ncms000" postype="common" sense="16:04837766" wd="diccionari"/>
                    </grup.nom>
                  </sn>
                </sp>
              </grup.nom>
            </sn>
            <morfema.verbal func="pass">
              <p gen="c" lem="es" num="c" pos="p0000000" wd="es"/>
            </morfema.verbal>
            <grup.verb>
              <v lem="fer" lss="B22.unaccusative-passive-transitive" mood="indicative" num="p" person="3" pos="vmip3p0" postype="main" tense="present" wd="fan"/>
            </grup.verb>
            <sa arg="arg2" complex="yes" func="cpred" predicate="suj" tem="atr">
              <spec>
                <r lem="més" pos="rg" wd="més"/>
              </spec>
              <grup.a coord="yes">
                <grup.a>
                  <a gen="f" lem="ràpid" num="p" pos="aq0fp0" postype="qualificative" wd="ràpides"/>
                </grup.a>
                <conj conjunctiontype="coordinating">
                  <c lem="i" pos="cc" postype="coordinating" wd="i"/>
                </conj>
                <grup.a>
                  <a gen="f" lem="eficaç" num="p" pos="aq0fp0" postype="qualificative" wd="eficaces"/>
                </grup.a>
              </grup.a>
            </sa>
          </S>
        </grup.nom>
      </sn>
    </sn>
    <f lem="." pos="fp" punct="period" wd="."/>
  </sentence>
  <sentence>
    <sn arg="arg1" func="cd" repetition="yes" tem="pat">
      <spec gen="m" num="s">
        <d gen="m" lem="el" num="s" pos="da0ms0" postype="article" wd="El"/>
      </spec>
      <grup.nom gen="m" num="s">
        <n gen="m" lem="suplement" num="s" pos="ncms000" postype="common" sense="16:cs1" wd="suplement"/>
        <sp>
          <prep>
            <s contracted="yes" gen="m" lem="del" num="s" pos="spcms" postype="preposition" wd="del"/>
          </prep>
          <sn>
            <grup.nom gen="m" num="s">
              <n gen="m" lem="diccionari" num="s" pos="ncms000" postype="common" sense="16:04837766" wd="diccionari"/>
            </grup.nom>
          </sn>
        </sp>
      </grup.nom>
    </sn>
    <sn arg="arg0" elliptic="yes" func="suj" tem="agt"/>
    <sn arg="arg1" func="cd" repetition="yes" tem="pat">
      <grup.nom gen="m" num="s">
        <p case="accusative" gen="m" lem="ell" num="s" person="3" pos="pp3msa00" postype="personal" wd="el"/>
      </grup.nom>
    </sn>
    <grup.verb>
      <v lem="anar" mood="indicative" num="s" person="3" pos="vaip3s0" postype="auxiliary" tense="present" wd="va"/>
      <v lem="deixar" lss="A21.transitive-agentive-patient" mood="infinitive" pos="vmn0000" postype="main" wd="deixar"/>
    </grup.verb>
    <S arg="arg2" clausetype="participle" func="cpred" impersonal="yes" predicate="cd" tem="atr">
      <participi>
        <a gen="m" lem="redactat" num="s" pos="aq0msp" posfunction="participle" postype="qualificative" wd="redactat"/>
      </participi>
    </S>
    <sn arg="argM" entityref="ne" func="cc" ne="date" tem="tmp">
      <spec gen="m" num="s">
        <d gen="c" lem="el" num="s" pos="da0cs0" postype="article" wd="l'"/>
      </spec>
      <grup.nom gen="m" num="s">
        <w lem="[??:??/??/1987:??.??]" ne="date" wd="any_1987"/>
      </grup.nom>
    </sn>
    <f lem="." pos="fp" punct="period" wd="."/>
  </sentence>
  <sentence coord="yes">
    <sp adjunct="yes" func="ao">
      <prep>
        <s lem="pel_que_fa_a" pos="sps00" postype="preposition" wd="Pel_que_fa_a"/>
      </prep>
      <sn>
        <spec gen="m" num="s">
          <d gen="c" lem="el" num="s" pos="da0cs0" postype="article" wd="l'"/>
        </spec>
        <grup.nom gen="m" num="s">
          <n gen="m" lem="índex" num="s" pos="ncms000" postype="common" sense="16:04872567" wd="índex"/>
        </grup.nom>
      </sn>
      <f lem="," pos="fc" punct="comma" wd=","/>
    </sp>
    <S coord="yes">
      <S>
        <sn arg="arg1" elliptic="yes" func="suj" tem="tem"/>
        <grup.verb>
          <v lem="contenir" lss="C21.state-attributive" mood="indicative" num="s" person="3" pos="vmip3s0" postype="main" tense="present" wd="conté"/>
        </grup.verb>
        <sn arg="arg2" func="cd" functype="quantitative" tem="atr">
          <spec gen="f" num="p">
            <z lem="282251" ne="number" wd="282.251"/>
          </spec>
          <grup.nom gen="f" num="p">
            <n gen="f" lem="entrada" num="p" pos="ncfp000" postype="common" sense="16:04754148" wd="entrades"/>
            <S clausetype="participle" impersonal="yes">
              <participi>
                <a gen="f" lem="ordenat" lss="B22.unaccusative-passive-transitive" num="p" pos="aq0fpp" posfunction="participle" postype="qualificative" wd="ordenades"/>
              </participi>
              <sadv arg="argM" func="cc" tem="mnr">
                <grup.adv>
                  <r lem="alfabèticament" pos="rg" wd="alfabèticament"/>
                </grup.adv>
              </sadv>
            </S>
          </grup.nom>
        </sn>
      </S>
      <conj conjunctiontype="coordinating">
        <c lem="i" pos="cc" postype="coordinating" wd="i"/>
      </conj>
      <S>
        <sn arg="arg0" elliptic="yes" func="suj" tem="agt"/>
        <grup.verb>
          <v lem="remetre" lss="A22.transitive-agentive-theme" mood="indicative" num="s" person="3" pos="vmip3s0" postype="main" tense="present" wd="remet"/>
        </grup.verb>
        <sp arg="arg1" func="creg" tem="tem">
          <prep>
            <s lem="a" pos="sps00" postype="preposition" wd="a"/>
          </prep>
          <sn>
            <spec gen="f" num="s">
              <d gen="f" lem="el_seu" num="s" person="3" pos="dp3fs0" postype="possessive" wd="la_seva"/>
            </spec>
            <grup.nom gen="f" num="s">
              <n gen="f" lem="localització" num="s" pos="ncfs000" postype="common" sense="16:03960878" wd="localització"/>
              <s.a gen="f" num="s">
                <grup.a gen="f" num="s">
                  <a gen="f" lem="exacte" num="s" pos="aq0fs0" postype="qualificative" wd="exacta"/>
                </grup.a>
              </s.a>
              <sadv>
                <grup.adv>
                  <r lem="dins" pos="rg" wd="dins"/>
                  <sp>
                    <prep>
                      <s contracted="yes" gen="m" lem="del" num="s" pos="spcms" postype="preposition" wd="del"/>
                    </prep>
                    <sn>
                      <grup.nom gen="m" num="s">
                        <n gen="m" lem="diccionari" num="s" pos="ncms000" postype="common" sense="16:04837766" wd="diccionari"/>
                      </grup.nom>
                    </sn>
                  </sp>
                </grup.adv>
              </sadv>
            </grup.nom>
          </sn>
        </sp>
        <sn func="ao">
          <f lem="," pos="fc" punct="comma" wd=","/>
          <grup.nom gen="m" num="s">
            <n gen="m" lem="fet" num="s" pos="ncms000" postype="common" sense="16:05432762" wd="fet"/>
            <S clausetype="relative">
              <relatiu arg="arg0" func="suj" tem="cau">
                <p gen="c" lem="que" num="c" pos="pr0cn000" postype="relative" wd="que"/>
              </relatiu>
              <grup.verb>
                <v lem="facilitar" lss="A11.transitive-causative" mood="indicative" num="s" person="3" pos="vmif3s0" postype="main" tense="future" wd="facilitarà"/>
              </grup.verb>
              <sn arg="arg1" func="cd" tem="tem">
                <spec gen="f" num="s">
                  <d gen="f" lem="el" num="s" pos="da0fs0" postype="article" wd="la"/>
                </spec>
                <grup.nom gen="f" num="s">
                  <n gen="f" lem="recerca" num="s" pos="ncfs000" postype="common" sense="16:00604336" wd="recerca"/>
                  <sp>
                    <prep>
                      <s lem="de" pos="sps00" postype="preposition" wd="de"/>
                    </prep>
                    <sn>
                      <spec gen="f" num="p">
                        <d gen="f" lem="el" num="p" pos="da0fp0" postype="article" wd="les"/>
                      </spec>
                      <grup.nom gen="f" num="p">
                        <n gen="f" lem="paraula" num="p" pos="ncfp000" postype="common" sense="16:04750884" wd="paraules"/>
                      </grup.nom>
                    </sn>
                  </sp>
                </grup.nom>
              </sn>
              <S arg="argM" clausetype="adverbial" func="cc" tem="cau">
                <f lem="," pos="fc" punct="comma" wd=","/>
                <conj conjunctiontype="subordinating">
                  <c lem="ja_que" pos="cs" postype="subordinating" wd="ja_que"/>
                </conj>
                <sn arg="arg1" func="suj" tem="pat">
                  <spec gen="m" num="s">
                    <d gen="m" lem="el" num="s" pos="da0ms0" postype="article" wd="el"/>
                  </spec>
                  <grup.nom gen="m" num="s">
                    <n gen="m" lem="diccionari" num="s" pos="ncms000" postype="common" sense="16:04837766" wd="diccionari"/>
                    <s.a gen="m" num="s">
                      <grup.a gen="m" num="s">
                        <a gen="m" lem="etimològic" num="s" pos="aq0ms0" postype="qualificative" wd="etimològic"/>
                      </grup.a>
                    </s.a>
                  </grup.nom>
                </sn>
                <morfema.verbal func="pass">
                  <p gen="c" lem="es" num="c" pos="p0000000" wd="s'"/>
                </morfema.verbal>
                <grup.verb>
                  <v lem="ordenar" lss="B22.unaccusative-passive-transitive" mood="indicative" num="s" person="3" pos="vmip3s0" postype="main" tense="present" wd="ordena"/>
                </grup.verb>
                <sadv arg="argM" func="cc" tem="mnr">
                  <grup.adv>
                    <r lem="alfabèticament" pos="rg" wd="alfabèticament"/>
                  </grup.adv>
                </sadv>
                <sp arg="argM" func="cc" tem="adv">
                  <prep>
                    <s lem="per" pos="sps00" postype="preposition" wd="per"/>
                  </prep>
                  <sn>
                    <grup.nom gen="m" num="p">
                      <s.a gen="m" num="p">
                        <grup.a gen="m" num="p">
                          <a gen="c" lem="gran" num="p" pos="aq0cp0" postype="qualificative" wd="grans"/>
                        </grup.a>
                      </s.a>
                      <n gen="m" lem="grup" num="p" pos="ncmp000" postype="common" sense="16:00017954" wd="grups"/>
                      <sp>
                        <prep>
                          <s lem="de" pos="sps00" postype="preposition" wd="de"/>
                        </prep>
                        <sn>
                          <grup.nom gen="f" num="p">
                            <n gen="f" lem="família" num="p" pos="ncfp000" postype="common" sense="16:05991008" wd="famílies"/>
                            <sp>
                              <prep>
                                <s lem="de" pos="sps00" postype="preposition" wd="de"/>
                              </prep>
                              <sn>
                                <grup.nom gen="f" num="p">
                                  <n gen="f" lem="paraula" num="p" pos="ncfp000" postype="common" sense="16:04750884" wd="paraules"/>
                                </grup.nom>
                              </sn>
                            </sp>
                          </grup.nom>
                        </sn>
                      </sp>
                    </grup.nom>
                  </sn>
                </sp>
              </S>
            </S>
          </grup.nom>
        </sn>
      </S>
    </S>
    <f lem="." pos="fp" punct="period" wd="."/>
  </sentence>
  <sentence coord="yes">
    <S>
      <sn arg="arg0" entityref="ne" func="suj" ne="person" tem="agt">
        <grup.nom gen="m" num="s">
          <n lem="Joan_Coromines" ne="person" pos="np0000p" postype="proper" sense="16:cs1" wd="Joan_Coromines"/>
        </grup.nom>
      </sn>
      <sadv arg="argM" func="cc" tem="tmp">
        <grup.adv>
          <r lem="ja" pos="rg" wd="ja"/>
        </grup.adv>
      </sadv>
      <grup.verb>
        <v lem="haver" mood="indicative" num="s" person="3" pos="vaii3s0" postype="auxiliary" tense="imperfect" wd="havia"/>
        <v gen="m" lem="preveure" lss="A21.transitive-agentive-patient" mood="participle" num="s" pos="vmp00sm" postype="main" wd="previst"/>
      </grup.verb>
      <sn arg="arg1" func="cd" tem="pat">
        <spec gen="f" num="s">
          <d gen="f" lem="el" num="s" pos="da0fs0" postype="article" wd="la"/>
        </spec>
        <grup.nom gen="f" num="s">
          <n gen="f" lem="realització" num="s" pos="ncfs000" postype="common" sense="16:00035970" wd="realització"/>
          <sp>
            <prep>
              <s lem="de" pos="sps00" postype="preposition" wd="de"/>
            </prep>
            <sn>
              <spec gen="m" num="s">
                <d gen="c" lem="el" num="s" pos="da0cs0" postype="article" wd="l'"/>
              </spec>
              <grup.nom gen="m" num="s">
                <n gen="m" lem="índex" num="s" pos="ncms000" postype="common" sense="16:04872567" wd="índex"/>
              </grup.nom>
            </sn>
          </sp>
        </grup.nom>
      </sn>
      <f lem="," pos="fc" punct="comma" wd=","/>
    </S>
    <conj conjunctiontype="coordinating">
      <c lem="però" pos="cc" postype="coordinating" wd="però"/>
    </conj>
    <S>
      <sn arg="arg0" elliptic="yes" func="suj" tem="agt"/>
      <sn arg="arg1" func="cd" tem="pat">
        <grup.nom gen="m" num="s">
          <p case="accusative" gen="m" lem="ell" num="s" person="3" pos="pp3msa00" postype="personal" wd="el"/>
        </grup.nom>
      </sn>
      <grup.verb>
        <v lem="anar" mood="indicative" num="s" person="3" pos="vaip3s0" postype="auxiliary" tense="present" wd="va"/>
        <v lem="ajornar" lss="A21.transitive-agentive-patient" mood="infinitive" pos="vmn0000" postype="main" wd="ajornar"/>
      </grup.verb>
      <sp arg="argM" func="cc" tem="fin">
        <prep>
          <s lem="per" pos="sps00" postype="preposition" wd="per"/>
        </prep>
        <S clausetype="completive" impersonal="yes">
          <infinitiu>
            <v lem="finalitzar" lss="A21.transitive-agentive-patient" mood="infinitive" pos="vmn0000" postype="main" wd="finalitzar"/>
          </infinitiu>
          <sn arg="arg1" func="cd" tem="pat">
            <spec gen="f" num="s">
              <d gen="c" lem="el" num="s" pos="da0cs0" postype="article" wd="l'"/>
            </spec>
            <grup.nom gen="f" num="s">
              <n gen="f" lem="obra" num="s" pos="ncfs000" postype="common" sense="16:03052506" wd="obra"/>
              <s.a gen="f" num="s">
                <grup.a gen="f" num="s">
                  <a gen="f" lem="lexicogràfic" num="s" pos="aq0fs0" postype="qualificative" wd="lexicogràfica"/>
                </grup.a>
              </s.a>
              <S clausetype="relative">
                <relatiu arg="arg0" func="suj" tem="agt">
                  <p gen="c" lem="que" num="c" pos="pr0cn000" postype="relative" wd="que"/>
                </relatiu>
                <sn arg="arg1" func="cd" tem="pat">
                  <grup.nom gen="m" num="s">
                    <p case="accusative" gen="m" lem="ell" num="s" person="3" pos="pp3msa00" postype="personal" wd="el"/>
                  </grup.nom>
                </sn>
                <grup.verb>
                  <v lem="anar" mood="indicative" num="s" person="3" pos="vaip3s0" postype="auxiliary" tense="present" wd="va"/>
                  <v lem="ocupar" lss="A21.transitive-agentive-patient" mood="infinitive" pos="vmn0000" postype="main" wd="ocupar"/>
                </grup.verb>
                <sn arg="argM" func="cc" tem="tmp">
                  <spec gen="m" num="p">
                    <d gen="m" lem="el" num="p" pos="da0mp0" postype="article" wd="els"/>
                  </spec>
                  <grup.nom gen="m" num="p">
                    <s.a gen="m" num="p">
                      <grup.a gen="m" num="p">
                        <a gen="m" lem="darrer" num="p" pos="ao0mp0" postype="ordinal" wd="darrers"/>
                      </grup.a>
                    </s.a>
                    <n gen="m" lem="any" num="p" pos="ncmp000" postype="common" sense="16:10917509" wd="anys"/>
                    <sp>
                      <prep>
                        <s lem="de" pos="sps00" postype="preposition" wd="de"/>
                      </prep>
                      <sn>
                        <spec gen="f" num="s">
                          <d gen="f" lem="el_seu" num="s" person="3" pos="dp3fs0" postype="possessive" wd="la_seva"/>
                        </spec>
                        <grup.nom gen="f" num="s">
                          <n gen="f" lem="vida" num="s" pos="ncfs000" postype="common" sense="16:10865688" wd="vida"/>
                        </grup.nom>
                      </sn>
                    </sp>
                  </grup.nom>
                </sn>
              </S>
              <sn entityref="ne" ne="other">
                <f lem="," pos="fc" punct="comma" wd=","/>
                <spec gen="m" num="s">
                  <d gen="c" lem="el" num="s" pos="da0cs0" postype="article" wd="l'"/>
                </spec>
                <grup.nom gen="m" num="s">
                  <n lem="Onomasticon_Cataloniae" ne="other" pos="np0000a" postype="proper" sense="16:cs1" wd="Onomasticon_Cataloniae"/>
                </grup.nom>
              </sn>
            </grup.nom>
          </sn>
        </S>
      </sp>
    </S>
    <f lem="." pos="fp" punct="period" wd="."/>
  </sentence>
</article>
