<?xml version="1.0" encoding="UTF-8" standalone="no"?>
<!-- 

  ancora-2.0
       
			Copyright (C) 2007, 2008, 2009, 2010, 2011 UB - CLiC
			Centre de Llenguatge i Computació - Universitat de Barcelona
 
  This file is part of ancora-2.0.
 
  ancora-2.0 is free software and data: you can redistribute it and/or modify
  it under the terms of the GNU General Public License as published
  by the Free Software Foundation, either version 3 of the License,
  or (at your option) any later version.

  ancora-2.0 is distributed in the hope that it will be useful,
  but WITHOUT ANY WARRANTY; without even the implied warranty of
  MERCHANTABILITY or FITNESS FOR A PARTICULAR PURPOSE.  See the
  GNU General Public License for more details.
 
  You should have received a copy of the GNU General Public License
  along with ancora-2.0.  If not, see &lt;http://www.gnu.org/licenses/&gt;.
 
  Check a text in catalan explaining the terms of the license at http://www.softcatala.cat/wiki/GPL3.
  In spanish at http://www.viti.es/gnu/licenses/gpl.html
 

  The following paper must be cited when using this corpus:

 * Taulé, M., M.A. Martí, M. Recasens (2008) 'Ancora: Multilevel Annotated Corpora for Catalan and Spanish',
   Proceedings of 6th International Conference on Language Resources and Evaluation. Marrakesh (Morocco).

  In addition, the following paper must be cited if coreference information (attributes entity, coreftype,
  corefsubtype, homophoricDD or entityref) is used:

 * Recasens, Marta, M. Antònia Martí (2010) ‘AnCora-CO: Coreferentially annotated corpora for Spanish and
   Catalan’. Language Resources and Evaluation, Springer Science.

  Additionally, the following paper must be cited when argumental attributes in "sn" or "grup.nom"
  (attributes func, arg, tem or lexicalid) are used:

 * Peris, Aina, Mariona Taulé, Horacio Rodríguez (2010) ‘Semantic Annotation of Deverbal Nominalizations in the
   Spanish AnCora corpus’. Treebanks and Linguistic Theories (TLT-2010), Estonia.
-->
<article lng="ca">
  <sentence>
    <sn arg="arg0" entityref="ne" func="suj" ne="person" tem="agt">
      <spec gen="m" num="s">
        <d gen="m" lem="el" num="s" pos="da0ms0" postype="article" wd="El"/>
      </spec>
      <grup.nom gen="m" num="s">
        <n gen="m" lem="president" num="s" pos="ncms000" postype="common" sense="16:07496197" wd="president"/>
        <sp>
          <prep>
            <s contracted="yes" gen="m" lem="del" num="s" pos="spcms" postype="preposition" wd="del"/>
          </prep>
          <sn entityref="ne" ne="organization">
            <grup.nom gen="m" num="s">
              <n lem="Partit_Popular_de_Catalunya" ne="organization" pos="np0000o" postype="proper" sense="16:cs1" wd="Partit_Popular_de_Catalunya"/>
            </grup.nom>
          </sn>
        </sp>
        <sn entityref="ne" ne="person">
          <f lem="," pos="fc" punct="comma" wd=","/>
          <grup.nom gen="m" num="s">
            <n lem="Alberto_Fernández_Díaz" ne="person" pos="np0000p" postype="proper" sense="16:cs1" wd="Alberto_Fernández_Díaz"/>
          </grup.nom>
          <f lem="," pos="fc" punct="comma" wd=","/>
        </sn>
      </grup.nom>
    </sn>
    <grup.verb>
      <v lem="haver" mood="indicative" num="s" person="3" pos="vaip3s0" postype="auxiliary" tense="present" wd="ha"/>
      <v gen="m" lem="demanar" lss="A32.ditransitive-patient-benefactive" mood="participle" num="s" pos="vmp00sm" postype="main" wd="demanat"/>
    </grup.verb>
    <sn arg="argM" entityref="ne" func="cc" ne="date" tem="tmp">
      <spec gen="m" num="s">
        <d gen="m" lem="aquest" num="s" pos="dd0ms0" postype="demonstrative" wd="aquest"/>
      </spec>
      <grup.nom gen="m" num="s">
        <w lem="[dilluns:??/??/??:??.??]" ne="date" wd="dilluns"/>
      </grup.nom>
    </sn>
    <sp arg="arg2" func="ci" tem="ben">
      <prep>
        <s contracted="yes" gen="m" lem="al" num="s" pos="spcms" postype="preposition" wd="al"/>
      </prep>
      <sn entityref="ne" ne="person">
        <grup.nom gen="m" num="s">
          <n gen="c" lem="líder" num="s" pos="nccs000" postype="common" sense="16:06950891" wd="líder"/>
          <sp>
            <prep>
              <s lem="de" pos="sps00" postype="preposition" wd="d'"/>
            </prep>
            <sn entityref="ne" ne="organization">
              <grup.nom>
                <n lem="Unió_Democràtica_de_Catalunya" ne="organization" pos="np0000o" postype="proper" sense="16:50001210" wd="Unió_Democràtica_de_Catalunya"/>
              </grup.nom>
            </sn>
          </sp>
          <sn entityref="ne" ne="person">
            <f lem="," pos="fc" punct="comma" wd=","/>
            <grup.nom gen="m" num="s">
              <n lem="Josep_Antoni_Duran_i_Lleida" ne="person" pos="np0000p" postype="proper" sense="16:cs1" wd="Josep_Antoni_Duran_i_Lleida"/>
            </grup.nom>
            <f lem="," pos="fc" punct="comma" wd=","/>
          </sn>
        </grup.nom>
      </sn>
    </sp>
    <S arg="arg1" clausetype="completive" coord="yes" func="cd" tem="pat">
      <conj conjunctiontype="subordinating">
        <c lem="que" pos="cs" postype="subordinating" wd="que"/>
      </conj>
      <S clausetype="completive">
        <f lem="'" pos="fz" punct="mathsign" wd="'"/>
        <sn arg="arg0" elliptic="yes" func="suj" tem="agt"/>
        <grup.verb>
          <v lem="superar" lss="A21.transitive-agentive-patient" mood="subjunctive" num="s" person="3" pos="vmsp3s0" postype="main" tense="present" wd="superi"/>
        </grup.verb>
        <sn arg="arg1" func="cd" tem="pat">
          <spec gen="f" num="s">
            <d gen="f" lem="el" num="s" pos="da0fs0" postype="article" wd="la"/>
          </spec>
          <grup.nom gen="f" num="s">
            <n gen="f" lem="síndrome" num="s" pos="ncfs000" postype="common" sense="16:10269760" wd="síndrome"/>
            <s.a gen="m" num="s">
              <grup.a gen="m" num="s">
                <n lem="Arzalluz" ne="person" pos="np0000p" postype="proper" sense="16:cs1" wd="Arzalluz"/>
              </grup.a>
            </s.a>
          </grup.nom>
        </sn>
        <f lem="'" pos="fz" punct="mathsign" wd="'"/>
      </S>
      <conj conjunctiontype="coordinating">
        <c lem="i" pos="cc" postype="coordinating" wd="i"/>
      </conj>
      <S clausetype="completive">
        <sn arg="arg0" elliptic="yes" func="suj" tem="cau"/>
        <grup.verb>
          <v lem="situar" lss="A31.ditransitive-patient-locative" mood="subjunctive" num="s" person="3" pos="vmsp3s0" postype="main" tense="present" wd="situï"/>
        </grup.verb>
        <sn arg="arg1" entityref="ne" func="cd" ne="location" tem="tem">
          <grup.nom>
            <n lem="Catalunya" ne="location" pos="np0000l" postype="proper" wd="Catalunya"/>
          </grup.nom>
        </sn>
        <sp arg="argM" func="cpred" predicate="cd" tem="atr">
          <prep>
            <c lem="com" pos="cs" postype="subordinating" wd="com"/>
          </prep>
          <sn>
            <spec gen="m" num="s">
              <d gen="m" lem="un" num="s" pos="di0ms0" postype="indefinite" wd="un"/>
            </spec>
            <grup.nom gen="m" num="s">
              <n gen="m" lem="referent" num="s" pos="ncms000" postype="common" sense="16:04953198" wd="referent"/>
              <sp>
                <prep>
                  <s lem="de" pos="sps00" postype="preposition" wd="de"/>
                </prep>
                <sn>
                  <grup.nom gen="f" num="s">
                    <n gen="f" lem="convivència" num="s" pos="ncfs000" postype="common" sense="16:10056493" wd="convivència"/>
                  </grup.nom>
                </sn>
              </sp>
              <sp>
                <prep>
                  <s lem="per" pos="sps00" postype="preposition" wd="per"/>
                </prep>
                <sn entityref="ne" ne="location">
                  <grup.nom>
                    <n lem="Euskadi" ne="location" pos="np0000l" postype="proper" sense="16:50004753" wd="Euskadi"/>
                  </grup.nom>
                </sn>
              </sp>
            </grup.nom>
          </sn>
        </sp>
      </S>
    </S>
    <f lem="." pos="fp" punct="period" wd="."/>
  </sentence>
  <sentence>
    <sn arg="arg0" entityref="ne" func="suj" ne="person" tem="agt">
      <grup.nom gen="m" num="s">
        <n lem="Fernández_Díaz" ne="person" pos="np0000p" postype="proper" sense="16:cs1" wd="Fernández_Díaz"/>
      </grup.nom>
    </sn>
    <sn arg="arg1" func="cd" tem="pat">
      <grup.nom>
        <p gen="c" lem="ho" num="c" person="3" pos="pp3nn000" postype="personal" wd="ho"/>
      </grup.nom>
    </sn>
    <grup.verb>
      <v lem="haver" mood="indicative" num="s" person="3" pos="vaip3s0" postype="auxiliary" tense="present" wd="ha"/>
      <v gen="m" lem="dir" lss="A32.ditransitive-patient-benefactive" mood="participle" num="s" pos="vmp00sm" postype="main" wd="dit"/>
    </grup.verb>
    <sp arg="argM" func="cc" tem="adv">
      <prep>
        <s lem="en" pos="sps00" postype="preposition" wd="en"/>
      </prep>
      <sn>
        <grup.nom gen="f" num="s">
          <n gen="f" lem="resposta" num="s" pos="ncfs000" postype="common" sense="16:05055491" wd="resposta"/>
          <sp>
            <prep>
              <s lem="a" pos="sps00" postype="preposition" wd="a"/>
            </prep>
            <sn>
              <spec gen="f" num="p">
                <d gen="f" lem="el" num="p" pos="da0fp0" postype="article" wd="les"/>
              </spec>
              <grup.nom gen="f" num="p">
                <n gen="f" lem="declaració" num="p" pos="ncfp000" postype="common" sense="16:05040541" wd="declaracions"/>
                <sp>
                  <prep>
                    <s lem="de" pos="sps00" postype="preposition" wd="de"/>
                  </prep>
                  <sn>
                    <grup.nom discid="1n" gen="m" num="s">
                      <n gen="m" lem="suport" num="s" pos="ncms000" postype="common" sense="16:00786193" wd="suport"/>
                    </grup.nom>
                  </sn>
                </sp>
                <sp>
                  <prep>
                    <s contracted="yes" gen="m" lem="del" num="s" pos="spcms" postype="preposition" wd="del"/>
                  </prep>
                  <sn entityref="ne" ne="person">
                    <grup.nom gen="m" num="s">
                      <n gen="c" lem="líder" num="s" pos="nccs000" postype="common" sense="16:06950891" wd="líder"/>
                      <sp>
                        <prep>
                          <s lem="de" pos="sps00" postype="preposition" wd="d'"/>
                        </prep>
                        <sn entityref="ne" ne="organization">
                          <grup.nom>
                            <n lem="Unió" ne="organization" pos="np0000o" postype="proper" sense="16:cs1" wd="Unió"/>
                          </grup.nom>
                        </sn>
                      </sp>
                    </grup.nom>
                  </sn>
                </sp>
              </grup.nom>
            </sn>
          </sp>
        </grup.nom>
      </sn>
    </sp>
    <sp discid="1c">
      <prep>
        <s contracted="yes" gen="m" lem="al" num="p" pos="spcmp" postype="preposition" wd="als"/>
      </prep>
      <sn>
        <grup.nom gen="m" num="p">
          <n gen="m" lem="bisbe" num="p" pos="ncmp000" postype="common" sense="16:07114010" wd="bisbes"/>
          <s.a gen="m" num="p">
            <grup.a gen="m" num="p">
              <a gen="m" lem="basc" num="p" pos="aq0mp0" postype="qualificative" wd="bascos"/>
            </grup.a>
          </s.a>
          <S clausetype="relative">
            <relatiu arg="arg0" func="suj" tem="agt">
              <p gen="c" lem="que" num="c" pos="pr0cn000" postype="relative" wd="que"/>
            </relatiu>
            <sn arg="argM" entityref="ne" func="cc" ne="date" tem="tmp">
              <grup.nom gen="m" num="s">
                <w lem="[divendres:??/??/??:??.??]" ne="date" wd="divendres"/>
                <S clausetype="participle" impersonal="yes">
                  <participi>
                    <a gen="m" lem="passat" num="s" pos="aq0msp" posfunction="participle" postype="qualificative" wd="passat"/>
                  </participi>
                </S>
              </grup.nom>
            </sn>
            <grup.verb>
              <v lem="anar" mood="indicative" num="p" person="3" pos="vaip3p0" postype="auxiliary" tense="present" wd="van"/>
              <v lem="criticar" lss="A21.transitive-agentive-patient" mood="infinitive" pos="vmn0000" postype="main" wd="criticar"/>
            </grup.verb>
            <sn arg="arg1" func="cd" tem="pat">
              <spec gen="f" num="s">
                <d gen="f" lem="el" num="s" pos="da0fs0" postype="article" wd="la"/>
              </spec>
              <grup.nom gen="f" num="s">
                <n gen="f" lem="llei" num="s" pos="ncfs000" postype="common" sense="16:04904589" wd="llei"/>
                <sp>
                  <prep>
                    <s lem="de" pos="sps00" postype="preposition" wd="de"/>
                  </prep>
                  <sn>
                    <grup.nom gen="m" num="p">
                      <n gen="m" lem="partit" num="p" pos="ncmp000" postype="common" sense="16:cs1" wd="partits"/>
                    </grup.nom>
                  </sn>
                </sp>
              </grup.nom>
            </sn>
          </S>
        </grup.nom>
      </sn>
    </sp>
    <f lem="." pos="fp" punct="period" wd="."/>
  </sentence>
  <sentence>
    <S arg="arg1" clausetype="completive" func="cd" tem="pat">
      <f lem="'" pos="fz" punct="mathsign" wd="'"/>
      <sp arg="arg2" func="ci" repetition="yes" tem="ben">
        <prep>
          <s lem="a" pos="sps00" postype="preposition" wd="A"/>
        </prep>
        <sn entityref="ne" ne="organization">
          <grup.nom>
            <n lem="CiU" ne="organization" pos="np0000o" postype="proper" sense="16:cs1" wd="CiU"/>
          </grup.nom>
        </sn>
      </sp>
      <sn arg="arg2" func="ci" repetition="yes" tem="ben">
        <grup.nom num="s">
          <p case="dative" gen="c" lem="ell" num="s" person="3" pos="pp3csd00" postype="personal" wd="li"/>
        </grup.nom>
      </sn>
      <grup.verb>
        <v lem="costar" lss="C41.state-benefactive" mood="indicative" num="s" person="3" pos="vmip3s0" postype="main" tense="present" wd="costa"/>
      </grup.verb>
      <S arg="arg1" clausetype="completive" func="suj" impersonal="yes" tem="tem">
        <infinitiu>
          <v lem="superar" lss="A21.transitive-agentive-patient" mood="infinitive" pos="vmn0000" postype="main" wd="superar"/>
        </infinitiu>
        <sn arg="arg1" func="cd" tem="pat">
          <spec gen="f" num="s">
            <d gen="f" lem="el" num="s" pos="da0fs0" postype="article" wd="la"/>
          </spec>
          <grup.nom gen="f" num="s">
            <n gen="f" lem="síndrome" num="s" pos="ncfs000" postype="common" sense="16:10269760" wd="síndrome"/>
            <s.a gen="f" num="s">
              <grup.a gen="f" num="s">
                <n lem="Arzalluz" ne="person" pos="np0000p" postype="proper" sense="16:cs1" wd="Arzalluz"/>
              </grup.a>
            </s.a>
          </grup.nom>
        </sn>
      </S>
      <f lem="'" pos="fz" punct="mathsign" wd="'"/>
      <f lem="," pos="fc" punct="comma" wd=","/>
    </S>
    <grup.verb>
      <v lem="haver" mood="indicative" num="s" person="3" pos="vaip3s0" postype="auxiliary" tense="present" wd="ha"/>
      <v gen="m" lem="afirmar" lss="A21.transitive-agentive-patient" mood="participle" num="s" pos="vmp00sm" postype="main" wd="afirmat"/>
    </grup.verb>
    <sn arg="arg0" entityref="ne" func="suj" ne="person" tem="agt">
      <spec gen="m" num="s">
        <d gen="m" lem="el" num="s" pos="da0ms0" postype="article" wd="el"/>
      </spec>
      <grup.nom gen="m" num="s">
        <n gen="m" lem="president" num="s" pos="ncms000" postype="common" sense="16:07496197" wd="president"/>
        <sp>
          <prep>
            <s contracted="yes" gen="m" lem="del" num="s" pos="spcms" postype="preposition" wd="del"/>
          </prep>
          <sn entityref="ne" ne="organization">
            <grup.nom gen="m" num="s">
              <n lem="PPC" ne="organization" pos="np0000o" postype="proper" sense="16:cs1" wd="PPC"/>
            </grup.nom>
          </sn>
        </sp>
        <S clausetype="relative">
          <f lem="," pos="fc" punct="comma" wd=","/>
          <relatiu arg="arg0" func="suj" tem="agt">
            <p gen="c" lem="que" num="c" pos="pr0cn000" postype="relative" wd="que"/>
          </relatiu>
          <grup.verb>
            <v lem="considerar" lss="A21.transitive-agentive-patient" mood="indicative" num="s" person="3" pos="vmip3s0" postype="main" tense="present" wd="considera"/>
          </grup.verb>
          <S arg="arg1" clausetype="completive" func="cd" tem="pat">
            <conj conjunctiontype="subordinating">
              <c lem="que" pos="cs" postype="subordinating" wd="que"/>
            </conj>
            <sp arg="argM" func="cc" tem="loc">
              <prep>
                <s lem="a" pos="sps00" postype="preposition" wd="a"/>
              </prep>
              <sn entityref="ne" ne="location">
                <grup.nom>
                  <n lem="Catalunya" ne="location" pos="np0000l" postype="proper" wd="Catalunya"/>
                </grup.nom>
              </sn>
            </sp>
            <morfema.pronominal>
              <p gen="c" lem="hi" num="c" person="3" pos="pp3cn000" postype="personal" wd="hi"/>
            </morfema.pronominal>
            <grup.verb>
              <v lem="haver" lss="C11.state-existential" mood="indicative" num="s" person="3" pos="vmip3s0" postype="main" tense="present" wd="ha"/>
            </grup.verb>
            <sn arg="arg1" func="cd" functype="quantitative" tem="tem">
              <spec gen="m" num="s">
                <d gen="m" lem="un" num="s" pos="di0ms0" postype="indefinite" wd="un"/>
              </spec>
              <grup.nom gen="m" num="s">
                <n gen="m" lem="sentiment" num="s" pos="ncms000" postype="common" sense="16:04544110" wd="sentiment"/>
                <s.a gen="m" num="s">
                  <grup.a gen="m" num="s">
                    <a gen="m" lem="majoritari" num="s" pos="aq0ms0" postype="qualificative" wd="majoritari"/>
                  </grup.a>
                </s.a>
                <S clausetype="completive" coord="yes">
                  <S clausetype="completive">
                    <conj conjunctiontype="subordinating">
                      <c lem="que" pos="cs" postype="subordinating" wd="que"/>
                    </conj>
                    <sn arg="arg1" entityref="ne" func="suj" ne="organization" tem="tem">
                      <grup.nom>
                        <n lem="Euskadi" ne="organization" pos="np0000o" postype="proper" sense="16:50004753" wd="Euskadi"/>
                      </grup.nom>
                    </sn>
                    <grup.verb>
                      <v lem="haver" mood="indicative" num="s" person="3" pos="vaip3s0" postype="auxiliary" tense="present" wd="ha"/>
                      <s lem="de" pos="sps00" postype="preposition" wd="de"/>
                      <infinitiu>
                        <v lem="tenir" lss="C21.state-attributive" mood="infinitive" pos="vmn0000" postype="main" wd="tenir"/>
                      </infinitiu>
                    </grup.verb>
                    <sp arg="argM" func="cpred" predicate="cd" tem="atr">
                      <prep>
                        <s lem="de" pos="sps00" postype="preposition" wd="de"/>
                      </prep>
                      <sn>
                        <grup.nom gen="m" num="s">
                          <n gen="m" lem="referent" num="s" pos="ncms000" postype="common" sense="16:04953198" wd="referent"/>
                        </grup.nom>
                      </sn>
                    </sp>
                    <sn arg="arg2" entityref="ne" func="cd" functype="quantitative" ne="location" tem="atr">
                      <grup.nom>
                        <n lem="Catalunya" ne="location" pos="np0000l" postype="proper" wd="Catalunya"/>
                      </grup.nom>
                    </sn>
                  </S>
                  <conj conjunctiontype="coordinating">
                    <c lem="i" pos="cc" postype="coordinating" wd="i"/>
                  </conj>
                  <S clausetype="completive" verbless="yes">
                    <neg>
                      <r lem="no" pos="rn" postype="negative" wd="no"/>
                    </neg>
                    <sadv>
                      <grup.adv>
                        <r lem="a_l'_inrevés" pos="rg" wd="a_l'_inrevés"/>
                      </grup.adv>
                    </sadv>
                  </S>
                </S>
              </grup.nom>
            </sn>
          </S>
        </S>
      </grup.nom>
    </sn>
    <f lem="." pos="fp" punct="period" wd="."/>
  </sentence>
  <sentence>
    <S arg="arg1" clausetype="completive" func="cd" tem="pat">
      <f lem="'" pos="fz" punct="mathsign" wd="'"/>
      <sn arg="arg0" entityref="ne" func="suj" ne="organization" tem="agt">
        <grup.nom>
          <n lem="CiU" ne="organization" pos="np0000o" postype="proper" sense="16:cs1" wd="CiU"/>
        </grup.nom>
      </sn>
      <grup.verb>
        <v lem="demostrar" lss="A21.transitive-agentive-patient" mood="indicative" num="s" person="3" pos="vmip3s0" postype="main" tense="present" wd="demostra"/>
      </grup.verb>
      <sn arg="arg1" func="cd" tem="pat">
        <spec gen="f" num="s">
          <d gen="f" lem="aquest" num="s" pos="dd0fs0" postype="demonstrative" wd="aquesta"/>
        </spec>
        <grup.nom gen="f" num="s">
          <n gen="f" lem="síndrome" num="s" pos="ncfs000" postype="common" sense="16:10269760" wd="síndrome"/>
        </grup.nom>
      </sn>
      <sadv arg="argM" func="cc" tem="tmp">
        <grup.adv>
          <r lem="ara" pos="rg" wd="ara"/>
          <S clausetype="relative" coord="yes">
            <relatiu arg="argM" func="cc" tem="tmp">
              <p lem="quan" pos="pr000000" postype="relative" wd="quan"/>
            </relatiu>
            <S clausetype="relative">
              <sn arg="arg0" elliptic="yes" func="suj" tem="agt"/>
              <grup.verb>
                <v lem="donar_suport" lss="A21.transitive-agentive-patient" mood="indicative" num="s" person="3" pos="vmip3s0" postype="main" tense="present" wd="dóna_suport"/>
              </grup.verb>
              <sp arg="arg2" func="ci" tem="ben">
                <prep>
                  <s contracted="yes" gen="m" lem="al" num="p" pos="spcmp" postype="preposition" wd="als"/>
                </prep>
                <sn>
                  <grup.nom gen="m" num="p">
                    <n gen="m" lem="bisbe" num="p" pos="ncmp000" postype="common" sense="16:07114010" wd="bisbes"/>
                    <s.a gen="m" num="p">
                      <grup.a gen="m" num="p">
                        <a gen="m" lem="basc" num="p" pos="aq0mp0" postype="qualificative" wd="bascos"/>
                      </grup.a>
                    </s.a>
                  </grup.nom>
                </sn>
              </sp>
            </S>
            <f lem="," pos="fc" punct="comma" wd=","/>
            <S clausetype="relative">
              <sn arg="arg0" elliptic="yes" func="suj" tem="agt"/>
              <grup.verb>
                <v lem="votar" lss="A21.transitive-agentive-patient" mood="indicative" num="s" person="3" pos="vmip3s0" postype="main" tense="present" wd="vota"/>
              </grup.verb>
              <sadv arg="argM" func="cc" tem="tmp">
                <grup.adv>
                  <r lem="alhora" pos="rg" wd="alhora"/>
                </grup.adv>
              </sadv>
              <sn arg="arg1" func="cd" tem="pat">
                <spec gen="f" num="p">
                  <d gen="f" lem="el" num="p" pos="da0fp0" postype="article" wd="les"/>
                </spec>
                <grup.nom gen="f" num="p">
                  <n gen="f" lem="tesi" num="p" pos="ncfp000" postype="common" sense="16:05062076" wd="tesis"/>
                  <sp>
                    <prep>
                      <s lem="de" pos="sps00" postype="preposition" wd="de"/>
                    </prep>
                    <sn>
                      <spec gen="f" num="s">
                        <d gen="f" lem="el" num="s" pos="da0fs0" postype="article" wd="la"/>
                      </spec>
                      <grup.nom gen="f" num="s">
                        <n gen="f" lem="llei" num="s" pos="ncfs000" postype="common" sense="16:04904589" wd="llei"/>
                        <sp>
                          <prep>
                            <s lem="de" pos="sps00" postype="preposition" wd="de"/>
                          </prep>
                          <sn>
                            <grup.nom gen="m" num="p">
                              <n gen="m" lem="partit" num="p" pos="ncmp000" postype="common" sense="16:cs1" wd="partits"/>
                            </grup.nom>
                          </sn>
                        </sp>
                        <S clausetype="relative">
                          <relatiu arg="arg1" func="cd" tem="pat">
                            <p gen="c" lem="que" num="c" pos="pr0cn000" postype="relative" wd="que"/>
                          </relatiu>
                          <grup.verb>
                            <v lem="defensar" lss="A21.transitive-agentive-patient" mood="indicative" num="p" person="3" pos="vmip3p0" postype="main" tense="present" wd="defensen"/>
                          </grup.verb>
                          <sn arg="arg0" complex="yes" func="suj" tem="agt">
                            <grup.nom coord="yes">
                              <grup.nom>
                                <n lem="PNV" ne="organization" pos="np0000o" postype="proper" sense="16:50001214" wd="PNV"/>
                              </grup.nom>
                              <conj conjunctiontype="coordinating">
                                <c lem="i" pos="cc" postype="coordinating" wd="i"/>
                              </conj>
                              <grup.nom>
                                <n lem="PP" ne="organization" pos="np0000o" postype="proper" sense="16:50001207" wd="PP"/>
                              </grup.nom>
                            </grup.nom>
                          </sn>
                        </S>
                      </grup.nom>
                    </sn>
                  </sp>
                </grup.nom>
              </sn>
            </S>
          </S>
        </grup.adv>
      </sadv>
      <f lem="'" pos="fz" punct="mathsign" wd="'"/>
      <f lem="," pos="fc" punct="comma" wd=","/>
    </S>
    <grup.verb>
      <v lem="haver" mood="indicative" num="s" person="3" pos="vaip3s0" postype="auxiliary" tense="present" wd="ha"/>
      <v gen="m" lem="concloure" lss="A21.transitive-agentive-patient" mood="participle" num="s" pos="vmp00sm" postype="main" wd="conclòs"/>
    </grup.verb>
    <sn arg="arg0" elliptic="yes" func="suj" tem="agt"/>
    <f lem="." pos="fp" punct="period" wd="."/>
  </sentence>
  <sentence>
    <sn arg="arg0" entityref="ne" func="suj" ne="person" tem="agt">
      <grup.nom gen="m" num="s">
        <n lem="Fernández_Díaz" ne="person" pos="np0000p" postype="proper" sense="16:cs1" wd="Fernández_Díaz"/>
      </grup.nom>
    </sn>
    <grup.verb>
      <v lem="haver" mood="indicative" num="s" person="3" pos="vaip3s0" postype="auxiliary" tense="present" wd="ha"/>
      <v gen="m" lem="demanar" lss="A32.ditransitive-patient-benefactive" mood="participle" num="s" pos="vmp00sm" postype="main" wd="demanat"/>
    </grup.verb>
    <sp arg="arg2" func="ci" tem="ben">
      <prep>
        <s lem="a" pos="sps00" postype="preposition" wd="a"/>
      </prep>
      <sn entityref="ne" ne="organization">
        <grup.nom>
          <n lem="CiU" ne="organization" pos="np0000o" postype="proper" sense="16:cs1" wd="CiU"/>
        </grup.nom>
      </sn>
    </sp>
    <S arg="arg1" clausetype="completive" coord="yes" func="cd" tem="pat">
      <S clausetype="completive">
        <conj conjunctiontype="subordinating">
          <c lem="que" pos="cs" postype="subordinating" wd="que"/>
        </conj>
        <sn arg="arg0" elliptic="yes" func="suj" tem="agt"/>
        <morfema.pronominal>
          <p gen="c" lem="ell" num="c" person="3" pos="p0300000" wd="se"/>
        </morfema.pronominal>
        <grup.verb>
          <v lem="sumar" lss="A22.transitive-agentive-theme" mood="subjunctive" num="s" person="3" pos="vmsp3s0" postype="main" tense="present" wd="sumi"/>
        </grup.verb>
        <sp arg="arg1" func="creg" tem="tem">
          <prep>
            <s lem="a" pos="sps00" postype="preposition" wd="a"/>
          </prep>
          <sn>
            <spec gen="f" num="p">
              <d gen="f" lem="el" num="p" pos="da0fp0" postype="article" wd="les"/>
            </spec>
            <grup.nom gen="f" num="p">
              <n gen="f" lem="crítica" num="p" pos="ncfp000" postype="common" sense="16:05032854" wd="crítiques"/>
              <sp>
                <prep>
                  <s contracted="yes" gen="m" lem="al" num="p" pos="spcmp" postype="preposition" wd="als"/>
                </prep>
                <sn>
                  <grup.nom gen="m" num="p">
                    <n gen="m" lem="bisbe" num="p" pos="ncmp000" postype="common" sense="16:07114010" wd="bisbes"/>
                    <s.a gen="m" num="p">
                      <grup.a gen="m" num="p">
                        <a gen="m" lem="basc" num="p" pos="aq0mp0" postype="qualificative" wd="bascos"/>
                      </grup.a>
                    </s.a>
                  </grup.nom>
                </sn>
              </sp>
            </grup.nom>
          </sn>
        </sp>
      </S>
      <conj conjunctiontype="coordinating">
        <s lem="en_lloc_de" pos="sps00" postype="preposition" wd="en_lloc_de"/>
      </conj>
      <S clausetype="completive" impersonal="yes">
        <infinitiu>
          <v lem="desqualificar" lss="A21.transitive-agentive-patient" mood="infinitive" pos="vmn0000" postype="main" wd="desqualificar"/>
        </infinitiu>
        <sn arg="arg1" func="cd" tem="pat">
          <spec gen="f" num="p">
            <d gen="f" lem="el" num="p" pos="da0fp0" postype="article" wd="les"/>
          </spec>
          <grup.nom gen="f" num="p">
            <n gen="f" lem="gestió" num="p" pos="ncfp000" postype="common" sense="16:05347846" wd="gestions"/>
            <sp>
              <prep>
                <s contracted="yes" gen="m" lem="del" num="s" pos="spcms" postype="preposition" wd="del"/>
              </prep>
              <sn entityref="ne" ne="organization">
                <grup.nom gen="m" num="s">
                  <n lem="Govern" ne="organization" pos="np0000o" postype="proper" sense="16:cs1" wd="Govern"/>
                  <s.a gen="m" num="s">
                    <grup.a gen="m" num="s">
                      <a gen="c" lem="central" num="s" pos="aq0cs0" postype="qualificative" wd="central"/>
                    </grup.a>
                  </s.a>
                </grup.nom>
              </sn>
            </sp>
            <sp>
              <prep>
                <s lem="amb" pos="sps00" postype="preposition" wd="amb"/>
              </prep>
              <sn entityref="ne" ne="organization">
                <spec gen="m" num="s">
                  <d gen="m" lem="el" num="s" pos="da0ms0" postype="article" wd="el"/>
                </spec>
                <grup.nom gen="m" num="s">
                  <n lem="Vaticà" ne="organization" pos="np0000o" postype="proper" sense="16:cs1" wd="Vaticà"/>
                </grup.nom>
              </sn>
            </sp>
          </grup.nom>
        </sn>
      </S>
    </S>
    <f lem="." pos="fp" punct="period" wd="."/>
  </sentence>
  <sentence>
    <sn arg="arg0" elliptic="yes" func="suj" tem="agt"/>
    <sadv func="mod">
      <grup.adv>
        <r lem="també" pos="rg" wd="També"/>
      </grup.adv>
    </sadv>
    <grup.verb>
      <v lem="haver" mood="indicative" num="s" person="3" pos="vaip3s0" postype="auxiliary" tense="present" wd="ha"/>
      <v gen="m" lem="demanar" lss="A32.ditransitive-patient-benefactive" mood="participle" num="s" pos="vmp00sm" postype="main" wd="demanat"/>
    </grup.verb>
    <S arg="arg1" clausetype="completive" coord="yes" func="cd" tem="pat">
      <conj conjunctiontype="subordinating">
        <c lem="que" pos="cs" postype="subordinating" wd="que"/>
      </conj>
      <S clausetype="completive">
        <f lem="&quot;" pos="fe" punct="quotation" wd="&quot;"/>
        <sn arg="arg0" elliptic="yes" func="suj" tem="agt"/>
        <grup.verb>
          <v lem="deixar" mood="imperative" num="s" person="3" pos="vmm03s0" postype="main" wd="deixi"/>
          <s lem="de" pos="sps00" postype="preposition" wd="d'"/>
          <infinitiu>
            <v lem="expressar" lss="A32.ditransitive-patient-benefactive" mood="infinitive" pos="vmn0000" postype="main" wd="expressar"/>
          </infinitiu>
        </grup.verb>
        <sn arg="arg1" func="cd" tem="pat">
          <grup.nom gen="f" num="s">
            <n gen="f" lem="comprensió" num="s" pos="ncfs000" postype="common" sense="16:00240011" wd="comprensió"/>
            <s.a gen="f" num="s">
              <grup.a gen="f" num="s">
                <a gen="c" lem="nacionalista" num="s" pos="aq0cs0" postype="qualificative" wd="nacionalista"/>
              </grup.a>
            </s.a>
          </grup.nom>
        </sn>
        <f lem="&quot;" pos="fe" punct="quotation" wd="&quot;"/>
        <sp arg="arg2" func="ci" tem="ben">
          <prep>
            <s contracted="yes" gen="m" lem="cap_al" num="s" pos="spcms" postype="preposition" wd="cap_al"/>
          </prep>
          <sn entityref="ne" ne="organization">
            <grup.nom gen="m" num="s">
              <n lem="PNB" ne="organization" pos="np0000o" postype="proper" sense="16:cs1" wd="PNB"/>
            </grup.nom>
          </sn>
        </sp>
      </S>
      <conj conjunctiontype="coordinating">
        <c lem="i" pos="cc" postype="coordinating" wd="i"/>
      </conj>
      <S clausetype="completive">
        <sn arg="arg0" elliptic="yes" func="suj" tem="agt"/>
        <grup.verb>
          <v lem="atendre" lss="A21.transitive-agentive-patient" mood="imperative" num="s" person="3" pos="vmm03s0" postype="main" wd="atengui"/>
        </grup.verb>
        <sn arg="arg1" func="cd" tem="pat">
          <spec gen="m" num="s">
            <d gen="m" lem="el" num="s" pos="da0ms0" postype="article" wd="el"/>
          </spec>
          <grup.nom gen="m" num="s">
            <n gen="m" lem="sentiment" num="s" pos="ncms000" postype="common" sense="16:00014045" wd="sentiment"/>
            <sp>
              <prep>
                <s lem="de" pos="sps00" postype="preposition" wd="de"/>
              </prep>
              <sn>
                <spec gen="f" num="s">
                  <d gen="f" lem="el" num="s" pos="da0fs0" postype="article" wd="la"/>
                </spec>
                <grup.nom gen="f" num="s">
                  <n gen="f" lem="majoria" num="s" pos="ncfs000" postype="common" sense="16:03991218" wd="majoria"/>
                  <sp>
                    <prep>
                      <s lem="de" pos="sps00" postype="preposition" wd="de"/>
                    </prep>
                    <sn entityref="ne" ne="person">
                      <spec gen="f" num="s">
                        <d gen="f" lem="el" num="s" pos="da0fs0" postype="article" wd="la"/>
                      </spec>
                      <grup.nom gen="f" num="s">
                        <n gen="f" lem="societat" num="s" pos="ncfs000" postype="common" sense="16:05973283" wd="societat"/>
                        <s.a gen="f" num="s">
                          <grup.a gen="f" num="s">
                            <a gen="f" lem="català" num="s" pos="aq0fs0" postype="qualificative" wd="catalana"/>
                          </grup.a>
                        </s.a>
                      </grup.nom>
                    </sn>
                  </sp>
                  <S clausetype="relative">
                    <f lem="&quot;" pos="fe" punct="quotation" wd="&quot;"/>
                    <relatiu arg="arg1" func="suj" tem="tem">
                      <p gen="c" lem="que" num="c" pos="pr0cn000" postype="relative" wd="que"/>
                    </relatiu>
                    <neg func="mod">
                      <r lem="no" pos="rn" postype="negative" wd="no"/>
                    </neg>
                    <grup.verb>
                      <v lem="estar" lss="C11.state-existential" mood="indicative" num="s" person="3" pos="vmip3s0" postype="main" tense="present" wd="està"/>
                    </grup.verb>
                    <sp arg="arg2" coord="yes" func="creg" tem="loc">
                      <conj conjunctiontype="coordinating">
                        <c lem="ni" pos="cc" postype="coordinating" wd="ni"/>
                      </conj>
                      <sp>
                        <prep>
                          <s lem="amb" pos="sps00" postype="preposition" wd="amb"/>
                        </prep>
                        <sn entityref="ne" ne="person">
                          <grup.nom gen="m" num="s">
                            <n lem="Arzalluz" ne="person" pos="np0000p" postype="proper" sense="16:cs1" wd="Arzalluz"/>
                          </grup.nom>
                        </sn>
                      </sp>
                      <conj conjunctiontype="coordinating">
                        <c lem="ni" pos="cc" postype="coordinating" wd="ni"/>
                      </conj>
                      <sp>
                        <prep>
                          <s lem="amb" pos="sps00" postype="preposition" wd="amb"/>
                        </prep>
                        <sn>
                          <spec gen="m" num="p">
                            <d gen="m" lem="el" num="p" pos="da0mp0" postype="article" wd="els"/>
                          </spec>
                          <grup.nom gen="m" num="p">
                            <n gen="m" lem="bisbe" num="p" pos="ncmp000" postype="common" sense="16:07114010" wd="bisbes"/>
                          </grup.nom>
                        </sn>
                      </sp>
                    </sp>
                    <f lem="&quot;" pos="fe" punct="quotation" wd="&quot;"/>
                  </S>
                </grup.nom>
              </sn>
            </sp>
          </grup.nom>
        </sn>
      </S>
    </S>
    <f lem="." pos="fp" punct="period" wd="."/>
  </sentence>
  <sentence>
    <sp func="ao">
      <prep>
        <s lem="quant_a" pos="sps00" postype="preposition" wd="Quant_a"/>
      </prep>
      <sn>
        <spec gen="f" num="s">
          <d gen="f" lem="el" num="s" pos="da0fs0" postype="article" wd="la"/>
        </spec>
        <grup.nom gen="f" num="s">
          <n gen="f" lem="valoració" num="s" pos="ncfs000" postype="common" sense="16:00561563" wd="valoració"/>
          <sp>
            <prep>
              <s contracted="yes" gen="m" lem="del" num="s" pos="spcms" postype="preposition" wd="del"/>
            </prep>
            <sn entityref="ne" ne="other">
              <grup.nom gen="m" num="s">
                <s.a gen="m" num="s">
                  <grup.a gen="m" num="s">
                    <a gen="c" lem="22" num="s" pos="ao0cs0" postype="ordinal" wd="22"/>
                  </grup.a>
                </s.a>
                <n gen="m" lem="congrés" num="s" pos="ncms000" postype="common" sense="16:06168957" wd="congrés"/>
                <sp>
                  <prep>
                    <s lem="de" pos="sps00" postype="preposition" wd="d'"/>
                  </prep>
                  <sn entityref="ne" ne="organization">
                    <grup.nom>
                      <n lem="Unió" ne="organization" pos="np0000o" postype="proper" sense="16:cs1" wd="Unió"/>
                    </grup.nom>
                  </sn>
                </sp>
              </grup.nom>
            </sn>
          </sp>
        </grup.nom>
      </sn>
      <f lem="," pos="fc" punct="comma" wd=","/>
    </sp>
    <S arg="arg1" clausetype="completive" func="cd" tem="pat">
      <sn arg="arg0" entityref="ne" func="suj" ne="person" tem="agt">
        <grup.nom gen="m" num="s">
          <n lem="Fernández_Díaz" ne="person" pos="np0000p" postype="proper" sense="16:cs1" wd="Fernández_Díaz"/>
        </grup.nom>
      </sn>
      <sn arg="arg1" func="cd" tem="pat">
        <grup.nom gen="m" num="s">
          <p case="accusative" gen="m" lem="ell" num="s" person="3" pos="pp3msa00" postype="personal" wd="el"/>
        </grup.nom>
      </sn>
      <grup.verb>
        <v lem="resumir" lss="A21.transitive-agentive-patient" mood="indicative" num="s" person="3" pos="vmip3s0" postype="main" tense="present" wd="resumeix"/>
      </grup.verb>
      <sp arg="argM" func="cc" tem="mnr">
        <prep>
          <s lem="en" pos="sps00" postype="preposition" wd="en"/>
        </prep>
        <sn>
          <spec gen="f" num="s">
            <d gen="f" lem="un" num="s" pos="dn0fs0" postype="numeral" wd="una"/>
          </spec>
          <grup.nom discid="1n" gen="f" num="s">
            <n gen="f" lem="frase" num="s" pos="ncfs000" postype="common" sense="16:05261047" wd="frase"/>
          </grup.nom>
        </sn>
      </sp>
      <f lem="," pos="fc" punct="comma" wd=","/>
    </S>
    <grup.verb>
      <v lem="haver" mood="indicative" num="s" person="3" pos="vaip3s0" postype="auxiliary" tense="present" wd="ha"/>
      <v gen="m" lem="dir" lss="A32.ditransitive-patient-benefactive" mood="participle" num="s" pos="vmp00sm" postype="main" wd="dit"/>
    </grup.verb>
    <sn arg="arg0" entityref="ne" func="suj" ne="person" tem="agt">
      <spec gen="m" num="s">
        <d gen="m" lem="el" num="s" pos="da0ms0" postype="article" wd="el"/>
      </spec>
      <grup.nom gen="m" num="s">
        <n gen="m" lem="president" num="s" pos="ncms000" postype="common" sense="16:07496197" wd="president"/>
        <sp>
          <prep>
            <s contracted="yes" gen="m" lem="del" num="s" pos="spcms" postype="preposition" wd="del"/>
          </prep>
          <sn entityref="ne" ne="organization">
            <grup.nom gen="m" num="s">
              <n lem="PP" ne="organization" pos="np0000o" postype="proper" sense="16:50001207" wd="PP"/>
            </grup.nom>
          </sn>
        </sp>
      </grup.nom>
    </sn>
    <S discid="1c" verbless="yes">
      <f lem="," pos="fc" punct="comma" wd=","/>
      <f lem="'" pos="fz" punct="mathsign" wd="'"/>
      <s.a gen="m" num="s">
        <grup.a gen="m" num="s">
          <a gen="m" lem="benvingut" num="s" pos="aq0ms0" postype="qualificative" wd="benvingut"/>
        </grup.a>
      </s.a>
      <sp>
        <prep>
          <s contracted="yes" gen="m" lem="al" num="s" pos="spcms" postype="preposition" wd="al"/>
        </prep>
        <sn>
          <grup.nom gen="m" num="s">
            <n gen="m" lem="club" num="s" pos="ncms000" postype="common" sense="16:06107600" wd="club"/>
          </grup.nom>
        </sn>
      </sp>
      <sn entityref="ne" ne="person">
        <grup.nom gen="m" num="s">
          <n gen="m" lem="senyor" num="s" pos="ncms000" postype="common" sense="16:07414666" wd="senyor"/>
          <sn entityref="ne" ne="person">
            <grup.nom gen="m" num="s">
              <n lem="Duran" ne="person" pos="np0000p" postype="proper" sense="16:cs1" wd="Duran"/>
            </grup.nom>
          </sn>
        </grup.nom>
      </sn>
      <f lem="'" pos="fz" punct="mathsign" wd="'"/>
    </S>
    <f lem="." pos="fp" punct="period" wd="."/>
  </sentence>
  <sentence>
    <sp func="ao">
      <prep>
        <s lem="segons" pos="sps00" postype="preposition" wd="Segons"/>
      </prep>
      <sn>
        <spec gen="m" num="s">
          <d gen="m" lem="el" num="s" pos="da0ms0" postype="article" wd="el"/>
        </spec>
        <grup.nom gen="m" num="s">
          <n gen="c" lem="dirigent" num="s" pos="nccs000" postype="common" sense="16:06950891" wd="dirigent"/>
          <s.a gen="m" num="s">
            <grup.a gen="m" num="s">
              <a gen="c" lem="popular" num="s" pos="aq0cs0" postype="qualificative" wd="popular"/>
            </grup.a>
          </s.a>
        </grup.nom>
      </sn>
    </sp>
    <sp arg="arg2" func="cc" tem="loc">
      <prep>
        <s contracted="yes" gen="m" lem="al" num="s" pos="spcms" postype="preposition" wd="al"/>
      </prep>
      <sn entityref="ne" ne="other">
        <grup.nom gen="m" num="s">
          <n gen="m" lem="congrés" num="s" pos="ncms000" postype="common" sense="16:06168957" wd="congrés"/>
          <sp>
            <prep>
              <s lem="de" pos="sps00" postype="preposition" wd="d'"/>
            </prep>
            <sn entityref="ne" ne="organization">
              <grup.nom>
                <n lem="UDC" ne="organization" pos="np0000o" postype="proper" sense="16:50001210" wd="UDC"/>
              </grup.nom>
            </sn>
          </sp>
        </grup.nom>
      </sn>
    </sp>
    <morfema.verbal func="pass">
      <p gen="c" lem="es" num="c" pos="p0000000" wd="es"/>
    </morfema.verbal>
    <grup.verb>
      <v lem="anar" mood="indicative" num="s" person="3" pos="vaip3s0" postype="auxiliary" tense="present" wd="va"/>
      <v lem="posar_de_manifest" lss="B22.unaccusative-passive-transitive" mood="infinitive" pos="vmn0000" postype="main" wd="posar_de_manifest"/>
    </grup.verb>
    <S arg="arg1" clausetype="completive" coord="yes" func="suj" tem="pat">
      <S clausetype="completive">
        <conj conjunctiontype="subordinating">
          <c lem="que" pos="cs" postype="subordinating" wd="que"/>
        </conj>
        <morfema.verbal func="pass">
          <p gen="c" lem="es" num="c" pos="p0000000" wd="s'"/>
        </morfema.verbal>
        <grup.verb>
          <v lem="haver" mood="indicative" num="p" person="3" pos="vaip3p0" postype="auxiliary" tense="present" wd="han"/>
          <v gen="m" lem="acceptar" lss="B22.unaccusative-passive-transitive" mood="participle" num="s" pos="vmp00sm" postype="main" wd="acceptat"/>
        </grup.verb>
        <sn arg="arg1" func="suj" tem="pat">
          <spec gen="f" num="p">
            <d gen="f" lem="el" num="p" pos="da0fp0" postype="article" wd="les"/>
          </spec>
          <grup.nom gen="f" num="p">
            <n gen="f" lem="tesi" num="p" pos="ncfp000" postype="common" sense="16:05062076" wd="tesis"/>
            <S clausetype="relative">
              <relatiu arg="arg1" func="cd" tem="pat">
                <p gen="c" lem="que" num="c" pos="pr0cn000" postype="relative" wd="que"/>
              </relatiu>
              <sp arg="argM" func="cc" tem="tmp">
                <prep>
                  <s lem="fins" pos="sps00" postype="preposition" wd="fins"/>
                </prep>
                <sadv>
                  <grup.adv>
                    <r lem="ara" pos="rg" wd="ara"/>
                  </grup.adv>
                </sadv>
              </sp>
              <grup.verb>
                <v lem="defensar" lss="A21.transitive-agentive-patient" mood="indicative" num="s" person="3" pos="vmii3s0" postype="main" tense="imperfect" wd="defensava"/>
              </grup.verb>
              <sn arg="arg0" entityref="ne" func="suj" ne="organization" tem="agt">
                <spec gen="m" num="s">
                  <d gen="m" lem="el" num="s" pos="da0ms0" postype="article" wd="el"/>
                </spec>
                <grup.nom gen="m" num="s">
                  <n lem="PPC" ne="organization" pos="np0000o" postype="proper" sense="16:cs1" wd="PPC"/>
                </grup.nom>
              </sn>
            </S>
          </grup.nom>
        </sn>
      </S>
      <conj conjunctiontype="coordinating">
        <c lem="i" pos="cc" postype="coordinating" wd="i"/>
      </conj>
      <S clausetype="completive">
        <conj conjunctiontype="subordinating">
          <c lem="que" pos="cs" postype="subordinating" wd="que"/>
        </conj>
        <sn arg="arg1" elliptic="yes" func="suj" tem="tem"/>
        <grup.verb>
          <v lem="estar" lss="C21.state-attributive" mood="indicative" num="p" person="3" pos="vmip3p0" postype="main" tense="present" wd="estan"/>
        </grup.verb>
        <sp arg="arg2" func="atr" tem="atr">
          <prep>
            <s lem="en" pos="sps00" postype="preposition" wd="en"/>
          </prep>
          <sn>
            <spec gen="f" num="s">
              <d gen="f" lem="un" num="s" pos="di0fs0" postype="indefinite" wd="una"/>
            </spec>
            <grup.nom gen="f" num="s">
              <n gen="f" lem="política" num="s" pos="ncfs000" postype="common" sense="16:04991678" wd="política"/>
              <sp>
                <prep>
                  <s lem="de" pos="sps00" postype="preposition" wd="de"/>
                </prep>
                <S clausetype="completive" impersonal="yes">
                  <infinitiu>
                    <v lem="donar" lss="A22.transitive-agentive-theme" mood="infinitive" pos="vmn0000" postype="main" wd="donar"/>
                  </infinitiu>
                  <sn arg="argL" func="cd">
                    <grup.nom gen="f" num="s">
                      <n gen="f" lem="resposta" num="s" pos="ncfs000" postype="common" sense="16:05055491" wd="resposta"/>
                    </grup.nom>
                  </sn>
                  <sp arg="arg1" func="cc" tem="tem">
                    <prep>
                      <s lem="a" pos="sps00" postype="preposition" wd="a"/>
                    </prep>
                    <sn>
                      <spec gen="f" num="p">
                        <d gen="f" lem="el" num="p" pos="da0fp0" postype="article" wd="les"/>
                      </spec>
                      <grup.nom gen="f" num="p">
                        <s.a gen="f" num="p">
                          <grup.a gen="f" num="p">
                            <a gen="c" lem="veritable" num="p" pos="aq0cp0" postype="qualificative" wd="veritables"/>
                          </grup.a>
                        </s.a>
                        <n gen="f" lem="necessitat" num="p" pos="ncfp000" postype="common" sense="16:10367157" wd="necessitats"/>
                        <sp>
                          <prep>
                            <s contracted="yes" gen="m" lem="del" num="p" pos="spcmp" postype="preposition" wd="dels"/>
                          </prep>
                          <sn entityref="ne" ne="person">
                            <grup.nom gen="m" num="p">
                              <n gen="m" lem="català" num="p" pos="ncmp000" postype="common" sense="16:05224856" wd="catalans"/>
                            </grup.nom>
                          </sn>
                        </sp>
                      </grup.nom>
                    </sn>
                  </sp>
                </S>
              </sp>
            </grup.nom>
          </sn>
        </sp>
      </S>
    </S>
    <f lem="." pos="fp" punct="period" wd="."/>
  </sentence>
  <sentence>
    <sp func="ao">
      <prep>
        <s lem="en_referència_a" pos="sps00" postype="preposition" wd="En_referència_a"/>
      </prep>
      <sn>
        <spec gen="f" num="s">
          <d gen="f" lem="el" num="s" pos="da0fs0" postype="article" wd="la"/>
        </spec>
        <grup.nom gen="f" num="s">
          <n gen="f" lem="proposta" num="s" pos="ncfs000" postype="common" sense="16:05355937" wd="proposta"/>
          <S clausetype="relative">
            <relatiu arg="arg1" func="cd" tem="pat">
              <p gen="c" lem="que" num="c" pos="pr0cn000" postype="relative" wd="que"/>
            </relatiu>
            <sn arg="argM" func="cc" tem="tmp">
              <spec gen="m" num="s">
                <d gen="m" lem="aquest" num="s" pos="dd0ms0" postype="demonstrative" wd="aquest"/>
              </spec>
              <grup.nom gen="m" num="s">
                <n gen="m" lem="cap" num="s" pos="ncms000" postype="common" sense="16:cs3" wd="cap"/>
                <sp>
                  <prep>
                    <s lem="de" pos="sps00" postype="preposition" wd="de"/>
                  </prep>
                  <sn>
                    <grup.nom gen="f" num="s">
                      <n gen="f" lem="setmana" num="s" pos="ncfs000" postype="common" sense="16:cs1" wd="setmana"/>
                    </grup.nom>
                  </sn>
                </sp>
              </grup.nom>
            </sn>
            <grup.verb>
              <v lem="haver" mood="indicative" num="s" person="3" pos="vaip3s0" postype="auxiliary" tense="present" wd="ha"/>
              <v gen="m" lem="fer" lss="A21.transitive-agentive-patient" mood="participle" num="s" pos="vmp00sm" postype="main" wd="fet"/>
            </grup.verb>
            <sn arg="arg0" entityref="ne" func="suj" ne="person" tem="agt">
              <spec gen="m" num="s">
                <d gen="m" lem="el" num="s" pos="da0ms0" postype="article" wd="el"/>
              </spec>
              <grup.nom gen="m" num="s">
                <n gen="m" lem="president" num="s" pos="ncms000" postype="common" sense="16:07496197" wd="president"/>
                <sp>
                  <prep>
                    <s lem="de" pos="sps00" postype="preposition" wd="d'"/>
                  </prep>
                  <sn entityref="ne" ne="organization">
                    <grup.nom>
                      <n lem="Unió_Democràtica_de_Catalunya" ne="organization" pos="np0000o" postype="proper" sense="16:50001210" wd="Unió_Democràtica_de_Catalunya"/>
                    </grup.nom>
                  </sn>
                </sp>
                <sn entityref="ne" ne="person">
                  <f lem="," pos="fc" punct="comma" wd=","/>
                  <grup.nom gen="m" num="s">
                    <n lem="Josep_Antoni_Duran_Lleida" ne="person" pos="np0000p" postype="proper" sense="16:cs1" wd="Josep_Antoni_Duran_Lleida"/>
                  </grup.nom>
                  <f lem="," pos="fc" punct="comma" wd=","/>
                </sn>
              </grup.nom>
            </sn>
          </S>
          <S clausetype="adverbial" impersonal="yes">
            <gerundi>
              <v lem="demanar" lss="A32.ditransitive-patient-benefactive" mood="gerund" pos="vmg0000" postype="main" wd="demanant"/>
            </gerundi>
            <sp arg="arg2" func="ci" tem="ben">
              <prep>
                <s contracted="yes" gen="m" lem="al" num="s" pos="spcms" postype="preposition" wd="al"/>
              </prep>
              <sn entityref="ne" ne="organization">
                <grup.nom gen="m" num="s">
                  <n gen="m" lem="govern" num="s" pos="ncms000" postype="common" sense="16:06000383" wd="govern"/>
                  <s.a gen="m" num="s">
                    <grup.a gen="m" num="s">
                      <a gen="m" lem="espanyol" num="s" pos="aq0ms0" postype="qualificative" wd="espanyol"/>
                    </grup.a>
                  </s.a>
                </grup.nom>
              </sn>
            </sp>
            <sn arg="arg1" func="cd" tem="pat">
              <spec gen="m" num="s">
                <d gen="m" lem="un" num="s" pos="di0ms0" postype="indefinite" wd="un"/>
              </spec>
              <grup.nom gen="m" num="s">
                <s.a gen="m" num="s">
                  <grup.a gen="m" num="s">
                    <a gen="c" lem="major" num="s" pos="aq0cs0" postype="qualificative" wd="major"/>
                  </grup.a>
                </s.a>
                <n gen="m" lem="compromís" num="s" pos="ncms000" postype="common" sense="16:00670127" wd="compromís"/>
                <sp>
                  <prep>
                    <s lem="amb" pos="sps00" postype="preposition" wd="amb"/>
                  </prep>
                  <sn entityref="ne" ne="location">
                    <grup.nom>
                      <n lem="Catalunya" ne="location" pos="np0000l" postype="proper" wd="Catalunya"/>
                    </grup.nom>
                  </sn>
                </sp>
              </grup.nom>
            </sn>
          </S>
        </grup.nom>
      </sn>
      <f lem="," pos="fc" punct="comma" wd=","/>
    </sp>
    <sn arg="arg0" entityref="ne" func="suj" ne="person" tem="agt">
      <grup.nom gen="m" num="s">
        <n lem="Fernández_Díaz" ne="person" pos="np0000p" postype="proper" sense="16:cs1" wd="Fernández_Díaz"/>
      </grup.nom>
    </sn>
    <grup.verb>
      <v lem="haver" mood="indicative" num="s" person="3" pos="vaip3s0" postype="auxiliary" tense="present" wd="ha"/>
      <v gen="m" lem="explicar" lss="A32.ditransitive-patient-benefactive" mood="participle" num="s" pos="vmp00sm" postype="main" wd="explicat"/>
    </grup.verb>
    <S arg="arg1" clausetype="completive" func="cd" tem="pat">
      <conj conjunctiontype="subordinating">
        <c lem="que" pos="cs" postype="subordinating" wd="que"/>
      </conj>
      <sn arg="arg1" entityref="ne" func="suj" ne="organization" tem="tem">
        <spec gen="m" num="s">
          <d gen="m" lem="el" num="s" pos="da0ms0" postype="article" wd="el"/>
        </spec>
        <grup.nom gen="m" num="s">
          <n lem="PP" ne="organization" pos="np0000o" postype="proper" sense="16:50001207" wd="PP"/>
        </grup.nom>
      </sn>
      <grup.verb>
        <v lem="estar" mood="indicative" num="s" person="3" pos="vmip3s0" postype="main" tense="present" wd="està"/>
        <gerundi>
          <v lem="expressar" lss="C11.state-existential" mood="gerund" pos="vmg0000" postype="main" wd="expressant"/>
        </gerundi>
      </grup.verb>
      <sn arg="arg1" func="cd" functype="quantitative" tem="tem">
        <spec gen="m" num="s">
          <d gen="m" lem="el_seu" num="s" person="3" pos="dp3ms0" postype="possessive" wd="el_seu"/>
        </spec>
        <grup.nom gen="m" num="s">
          <n gen="m" lem="compromís" num="s" pos="ncms000" postype="common" sense="16:00670127" wd="compromís"/>
        </grup.nom>
      </sn>
      <sp arg="argM" func="cc" tem="adv">
        <prep>
          <s lem="amb" pos="sps00" postype="preposition" wd="amb"/>
        </prep>
        <sn>
          <spec gen="m" num="p">
            <d gen="m" lem="dos" num="p" pos="dn0mp0" postype="numeral" wd="dos"/>
          </spec>
          <grup.nom gen="m" num="p">
            <n gen="c" lem="vessant" num="p" pos="nccp000" postype="common" sense="16:06724431" wd="vessants"/>
          </grup.nom>
        </sn>
      </sp>
    </S>
    <f lem="." pos="fp" punct="period" wd="."/>
  </sentence>
  <sentence verbless="yes">
    <sp coord="yes">
      <sp>
        <sp adjunct="yes">
          <prep>
            <s lem="de" pos="sps00" postype="preposition" wd="D'"/>
          </prep>
          <sn>
            <spec gen="f" num="s">
              <d gen="f" lem="un" num="s" pos="di0fs0" postype="indefinite" wd="una"/>
            </spec>
            <grup.nom gen="f" num="s">
              <n gen="f" lem="banda" num="s" pos="ncfs000" postype="common" sense="16:04505974" wd="banda"/>
            </grup.nom>
          </sn>
          <f lem="," pos="fc" punct="comma" wd=","/>
        </sp>
        <sp>
          <prep>
            <s lem="amb" pos="sps00" postype="preposition" wd="amb"/>
          </prep>
          <sn>
            <spec gen="m" num="s">
              <d gen="m" lem="el" num="s" pos="da0ms0" postype="article" wd="el"/>
            </spec>
            <grup.nom gen="m" num="s">
              <s.a gen="m" num="s">
                <grup.a gen="m" num="s">
                  <a gen="m" lem="nou" num="s" pos="aq0ms0" postype="qualificative" wd="nou"/>
                </grup.a>
              </s.a>
              <n gen="m" lem="model" num="s" pos="ncms000" postype="common" sense="16:04527384" wd="model"/>
              <sp>
                <prep>
                  <s lem="de" pos="sps00" postype="preposition" wd="de"/>
                </prep>
                <sn>
                  <grup.nom gen="m" num="s">
                    <n gen="m" lem="finançament" num="s" pos="ncms000" postype="common" sense="16:00712138" wd="finançament"/>
                    <s.a gen="m" num="s">
                      <grup.a gen="m" num="s">
                        <a gen="m" lem="autonòmic" num="s" pos="aq0ms0" postype="qualificative" wd="autonòmic"/>
                      </grup.a>
                    </s.a>
                  </grup.nom>
                </sn>
              </sp>
              <S clausetype="relative">
                <relatiu arg="arg0" func="suj" tem="agt">
                  <p gen="c" lem="que" num="c" pos="pr0cn000" postype="relative" wd="que"/>
                </relatiu>
                <sp func="ao">
                  <f lem="," pos="fc" punct="comma" wd=","/>
                  <prep>
                    <s lem="segons" pos="sps00" postype="preposition" wd="segons"/>
                  </prep>
                  <sn>
                    <spec gen="m" num="s">
                      <d gen="m" lem="el" num="s" pos="da0ms0" postype="article" wd="el"/>
                    </spec>
                    <grup.nom gen="m" num="s">
                      <n gen="c" lem="dirigent" num="s" pos="nccs000" postype="common" sense="16:06950891" wd="dirigent"/>
                      <s.a gen="m" num="s">
                        <grup.a gen="m" num="s">
                          <a gen="c" lem="popular" num="s" pos="aq0cs0" postype="qualificative" wd="popular"/>
                        </grup.a>
                      </s.a>
                    </grup.nom>
                  </sn>
                  <f lem="," pos="fc" punct="comma" wd=","/>
                </sp>
                <grup.verb>
                  <v lem="permetre" lss="A32.ditransitive-patient-benefactive" mood="indicative" num="s" person="3" pos="vmip3s0" postype="main" tense="present" wd="permet"/>
                </grup.verb>
                <sn arg="arg1" coord="yes" func="cd" tem="pat">
                  <sn>
                    <grup.nom gen="m" num="p">
                      <s.a coord="yes" gen="m" num="p">
                        <sadv>
                          <grup.adv>
                            <r lem="més" pos="rg" wd="més"/>
                          </grup.adv>
                        </sadv>
                        <conj conjunctiontype="coordinating">
                          <c lem="i" pos="cc" postype="coordinating" wd="i"/>
                        </conj>
                        <s.a gen="m" num="p">
                          <grup.a gen="m" num="p">
                            <a gen="m" lem="nou" num="p" pos="aq0mp0" postype="qualificative" wd="nous"/>
                          </grup.a>
                        </s.a>
                      </s.a>
                      <n gen="m" lem="ingrés" num="p" pos="ncmp000" postype="common" sense="16:09538207" wd="ingressos"/>
                    </grup.nom>
                    <f lem="," pos="fc" punct="comma" wd=","/>
                  </sn>
                  <conj conjunctiontype="coordinating">
                    <c lem="i" pos="cc" postype="coordinating" wd="i"/>
                  </conj>
                  <sn>
                    <spec gen="f" num="p">
                      <r lem="més" pos="rg" wd="més"/>
                    </spec>
                    <grup.nom gen="f" num="p">
                      <n gen="f" lem="possibilitat" num="p" pos="ncfp000" postype="common" sense="16:04568501" wd="possibilitats"/>
                      <sp>
                        <prep>
                          <s lem="de" pos="sps00" postype="preposition" wd="de"/>
                        </prep>
                        <S clausetype="completive" impersonal="yes">
                          <infinitiu>
                            <v lem="fer" lss="A21.transitive-agentive-patient" mood="infinitive" pos="vmn0000" postype="main" wd="fer"/>
                          </infinitiu>
                          <sn arg="arg1" func="cd" tem="pat">
                            <grup.nom gen="f" num="s">
                              <n gen="f" lem="política" num="s" pos="ncfs000" postype="common" sense="16:04991678" wd="política"/>
                              <s.a gen="f" num="s">
                                <grup.a gen="f" num="s">
                                  <a gen="c" lem="fiscal" num="s" pos="aq0cs0" postype="qualificative" wd="fiscal"/>
                                </grup.a>
                              </s.a>
                            </grup.nom>
                          </sn>
                          <sp arg="argM" func="cc" tem="loc">
                            <prep>
                              <s lem="des_de" pos="sps00" postype="preposition" wd="des_de"/>
                            </prep>
                            <sn entityref="ne" ne="location">
                              <grup.nom>
                                <n lem="Catalunya" ne="location" pos="np0000l" postype="proper" wd="Catalunya"/>
                              </grup.nom>
                            </sn>
                          </sp>
                        </S>
                      </sp>
                    </grup.nom>
                  </sn>
                </sn>
              </S>
            </grup.nom>
          </sn>
        </sp>
        <f lem=";" pos="fx" punct="semicolon" wd=";"/>
      </sp>
      <conj conjunctiontype="coordinating">
        <c lem="i" pos="cc" postype="coordinating" wd="i"/>
      </conj>
      <sp>
        <sp adjunct="yes">
          <prep>
            <s lem="de" pos="sps00" postype="preposition" wd="d'"/>
          </prep>
          <sn>
            <spec gen="f" num="s">
              <d gen="f" lem="altre" num="s" pos="di0fs0" postype="indefinite" wd="altra"/>
            </spec>
            <grup.nom gen="f" num="s">
              <n gen="f" lem="banda" num="s" pos="ncfs000" postype="common" sense="16:04505974" wd="banda"/>
            </grup.nom>
          </sn>
          <f lem="," pos="fc" punct="comma" wd=","/>
        </sp>
        <sp>
          <prep>
            <s lem="amb" pos="sps00" postype="preposition" wd="amb"/>
          </prep>
          <sn>
            <spec gen="m" num="s">
              <d gen="m" lem="un" num="s" pos="di0ms0" postype="indefinite" wd="un"/>
            </spec>
            <grup.nom gen="m" num="s">
              <s.a gen="m" num="s">
                <grup.a gen="m" num="s">
                  <a gen="c" lem="major" num="s" pos="aq0cs0" postype="qualificative" wd="major"/>
                </grup.a>
              </s.a>
              <n gen="m" lem="traspàs" num="s" pos="ncms000" postype="common" sense="16:09536467" wd="traspàs"/>
              <sp>
                <prep>
                  <s lem="de" pos="sps00" postype="preposition" wd="de"/>
                </prep>
                <sn>
                  <grup.nom gen="m" num="p">
                    <n gen="m" lem="recurs" num="p" pos="ncmp000" postype="common" sense="16:04015405" wd="recursos"/>
                    <sp>
                      <prep>
                        <s lem="de" pos="sps00" postype="preposition" wd="de"/>
                      </prep>
                      <sn>
                        <spec gen="m" num="s">
                          <d gen="c" lem="el" num="s" pos="da0cs0" postype="article" wd="l'"/>
                        </spec>
                        <grup.nom gen="m" num="s">
                          <n gen="m" lem="estat" num="s" pos="ncms000" postype="common" sense="16:06299747" wd="estat"/>
                        </grup.nom>
                      </sn>
                    </sp>
                  </grup.nom>
                </sn>
              </sp>
              <sp>
                <prep>
                  <s lem="a" pos="sps00" postype="preposition" wd="a"/>
                </prep>
                <sn entityref="ne" ne="location">
                  <grup.nom>
                    <n lem="Catalunya" ne="location" pos="np0000l" postype="proper" wd="Catalunya"/>
                  </grup.nom>
                </sn>
              </sp>
            </grup.nom>
          </sn>
        </sp>
      </sp>
    </sp>
    <f lem="." pos="fp" punct="period" wd="."/>
  </sentence>
</article>
