<?xml version="1.0" encoding="UTF-8" standalone="no"?>
<!-- 

  ancora-2.0
       
			Copyright (C) 2007, 2008, 2009, 2010, 2011 UB - CLiC
			Centre de Llenguatge i Computació - Universitat de Barcelona
 
  This file is part of ancora-2.0.
 
  ancora-2.0 is free software and data: you can redistribute it and/or modify
  it under the terms of the GNU General Public License as published
  by the Free Software Foundation, either version 3 of the License,
  or (at your option) any later version.

  ancora-2.0 is distributed in the hope that it will be useful,
  but WITHOUT ANY WARRANTY; without even the implied warranty of
  MERCHANTABILITY or FITNESS FOR A PARTICULAR PURPOSE.  See the
  GNU General Public License for more details.
 
  You should have received a copy of the GNU General Public License
  along with ancora-2.0.  If not, see &lt;http://www.gnu.org/licenses/&gt;.
 
  Check a text in catalan explaining the terms of the license at http://www.softcatala.cat/wiki/GPL3.
  In spanish at http://www.viti.es/gnu/licenses/gpl.html
 

  The following paper must be cited when using this corpus:

 * Taulé, M., M.A. Martí, M. Recasens (2008) 'Ancora: Multilevel Annotated Corpora for Catalan and Spanish',
   Proceedings of 6th International Conference on Language Resources and Evaluation. Marrakesh (Morocco).

  In addition, the following paper must be cited if coreference information (attributes entity, coreftype,
  corefsubtype, homophoricDD or entityref) is used:

 * Recasens, Marta, M. Antònia Martí (2010) ‘AnCora-CO: Coreferentially annotated corpora for Spanish and
   Catalan’. Language Resources and Evaluation, Springer Science.

  Additionally, the following paper must be cited when argumental attributes in "sn" or "grup.nom"
  (attributes func, arg, tem or lexicalid) are used:

 * Peris, Aina, Mariona Taulé, Horacio Rodríguez (2010) ‘Semantic Annotation of Deverbal Nominalizations in the
   Spanish AnCora corpus’. Treebanks and Linguistic Theories (TLT-2010), Estonia.
-->
<article lng="ca">
  <sentence>
    <sn arg="arg0" entityref="ne" func="suj" ne="organization" tem="agt">
      <grup.nom>
        <n lem="Lloret_de_Mar" ne="organization" pos="np0000o" postype="proper" sense="16:cs1" wd="Lloret_de_Mar"/>
      </grup.nom>
    </sn>
    <grup.verb>
      <v lem="celebrar" lss="A21.transitive-agentive-patient" mood="indicative" num="s" person="3" pos="vmif3s0" postype="main" tense="future" wd="celebrarà"/>
    </grup.verb>
    <sn arg="arg1" entityref="ne" func="cd" ne="other" tem="pat">
      <spec gen="m" num="s">
        <d gen="m" lem="el" num="s" pos="da0ms0" postype="article" wd="el"/>
      </spec>
      <grup.nom gen="m" num="s">
        <n lem="Dia_Mundial_del_Medi_Ambient" ne="other" pos="np0000a" postype="proper" sense="16:cs1" wd="Dia_Mundial_del_Medi_Ambient"/>
      </grup.nom>
    </sn>
    <sn arg="argM" entityref="ne" func="cc" ne="date" tem="tmp">
      <f lem="," pos="fc" punct="comma" wd=","/>
      <spec gen="m" num="s">
        <d gen="m" lem="el" num="s" pos="da0ms0" postype="article" wd="el"/>
      </spec>
      <grup.nom gen="m" num="s">
        <s.a gen="m" num="s">
          <grup.a gen="m" num="s">
            <a gen="m" lem="proper" num="s" pos="aq0ms0" postype="qualificative" wd="proper"/>
          </grup.a>
        </s.a>
        <w lem="[dimecres:5/6/??:??.??]" ne="date" wd="dimecres_5_de_juny"/>
      </grup.nom>
      <f lem="," pos="fc" punct="comma" wd=","/>
    </sn>
    <sp arg="argM" func="cc" tem="adv">
      <prep>
        <s lem="amb" pos="sps00" postype="preposition" wd="amb"/>
      </prep>
      <sn coord="yes">
        <sn>
          <spec gen="f" num="s">
            <d gen="f" lem="el" num="s" pos="da0fs0" postype="article" wd="la"/>
          </spec>
          <grup.nom gen="f" num="s">
            <n gen="f" lem="inauguració" num="s" pos="ncfs000" postype="common" sense="16:05540966" wd="inauguració"/>
            <sp>
              <prep>
                <s lem="de" pos="sps00" postype="preposition" wd="d'"/>
              </prep>
              <sn>
                <spec gen="f" num="s">
                  <d gen="f" lem="un" num="s" pos="di0fs0" postype="indefinite" wd="una"/>
                </spec>
                <grup.nom gen="f" num="s">
                  <n gen="f" lem="escultura" num="s" pos="ncfs000" postype="common" sense="16:03290519" wd="escultura"/>
                  <S clausetype="participle" impersonal="yes">
                    <participi>
                      <a gen="f" lem="fet" lss="B22.unaccusative-passive-transitive" num="s" pos="aq0fsp" posfunction="participle" postype="qualificative" wd="feta"/>
                    </participi>
                    <sp arg="argM" func="cc" tem="adv">
                      <prep>
                        <s lem="amb" pos="sps00" postype="preposition" wd="amb"/>
                      </prep>
                      <sn>
                        <grup.nom gen="m" num="p">
                          <n gen="m" lem="material" num="p" pos="ncmp000" postype="common" sense="16:cs1" wd="materials"/>
                          <S clausetype="participle" impersonal="yes">
                            <participi>
                              <a gen="m" lem="reciclat" num="p" pos="aq0mpp" posfunction="participle" postype="qualificative" wd="reciclats"/>
                            </participi>
                          </S>
                        </grup.nom>
                      </sn>
                    </sp>
                  </S>
                </grup.nom>
              </sn>
            </sp>
          </grup.nom>
        </sn>
        <conj conjunctiontype="coordinating">
          <c lem="i" pos="cc" postype="coordinating" wd="i"/>
        </conj>
        <sn>
          <spec gen="f" num="s">
            <d gen="f" lem="un" num="s" pos="di0fs0" postype="indefinite" wd="una"/>
          </spec>
          <grup.nom gen="f" num="s">
            <n gen="f" lem="conferència" num="s" pos="ncfs000" postype="common" sense="16:05406019" wd="conferència"/>
            <sp>
              <prep>
                <s contracted="yes" gen="m" lem="a_càrrec_del" num="s" pos="spcms" postype="preposition" wd="a_càrrec_del"/>
              </prep>
              <sn complex="yes" entityref="ne" ne="person">
                <grup.nom coord="yes">
                  <grup.nom gen="m" num="s">
                    <n gen="m" lem="catedràtic" num="s" pos="ncms000" postype="common" sense="16:50000458" wd="catedràtic"/>
                    <sp>
                      <prep>
                        <s lem="de" pos="sps00" postype="preposition" wd="de"/>
                      </prep>
                      <sn entityref="ne" ne="other">
                        <grup.nom>
                          <n lem="Geografia_Humana" ne="other" pos="np0000a" postype="proper" sense="16:cs1" wd="Geografia_Humana"/>
                        </grup.nom>
                      </sn>
                    </sp>
                  </grup.nom>
                  <conj conjunctiontype="coordinating">
                    <c lem="i" pos="cc" postype="coordinating" wd="i"/>
                  </conj>
                  <grup.nom gen="m" num="s">
                    <n lem="Degà" ne="person" pos="np0000p" postype="proper" sense="16:cs1" wd="Degà"/>
                    <sp>
                      <prep>
                        <s lem="de" pos="sps00" postype="preposition" wd="de"/>
                      </prep>
                      <sn entityref="ne" ne="location">
                        <spec gen="f" num="s">
                          <d gen="f" lem="el" num="s" pos="da0fs0" postype="article" wd="la"/>
                        </spec>
                        <grup.nom gen="f" num="s">
                          <n lem="Facultat_de_Lletres" ne="location" pos="np0000l" postype="proper" sense="16:cs1" wd="Facultat_de_Lletres"/>
                          <sp>
                            <prep>
                              <s lem="de" pos="sps00" postype="preposition" wd="de"/>
                            </prep>
                            <sn entityref="ne" ne="organization">
                              <spec gen="f" num="s">
                                <d gen="f" lem="el" num="s" pos="da0fs0" postype="article" wd="la"/>
                              </spec>
                              <grup.nom gen="f" num="s">
                                <n lem="Universitat_de_Girona" ne="organization" pos="np0000o" postype="proper" sense="16:cs1" wd="Universitat_de_Girona"/>
                              </grup.nom>
                            </sn>
                          </sp>
                        </grup.nom>
                      </sn>
                    </sp>
                  </grup.nom>
                </grup.nom>
              </sn>
            </sp>
            <S clausetype="participle" impersonal="yes">
              <f lem="," pos="fc" punct="comma" wd=","/>
              <participi>
                <a gen="f" lem="titulat" lss="C21.state-attributive" num="s" pos="aq0fsp" posfunction="participle" postype="qualificative" wd="titulada"/>
              </participi>
              <sn arg="arg2" entityref="ne" func="cpred" ne="other" tem="atr">
                <grup.nom>
                  <f lem="'" pos="fz" punct="mathsign" wd="'"/>
                  <n lem="Per_una_consciència_de_paisatge" ne="other" pos="np0000a" postype="proper" sense="16:cs1" wd="Per_una_consciència_de_paisatge"/>
                  <f lem="'" pos="fz" punct="mathsign" wd="'"/>
                </grup.nom>
              </sn>
            </S>
          </grup.nom>
        </sn>
      </sn>
    </sp>
    <f lem="." pos="fp" punct="period" wd="."/>
  </sentence>
  <sentence>
    <sn arg="arg0" coord="yes" func="suj" tem="agt">
      <sn entityref="ne" ne="organization">
        <spec gen="f" num="s">
          <d gen="f" lem="el" num="s" pos="da0fs0" postype="article" wd="La"/>
        </spec>
        <grup.nom gen="f" num="s">
          <n gen="f" lem="regidoria" num="s" pos="ncfs000" postype="common" sense="16:00389038" wd="regidoria"/>
          <sp>
            <prep>
              <s lem="de" pos="sps00" postype="preposition" wd="de"/>
            </prep>
            <sn entityref="ne" ne="organization">
              <grup.nom>
                <n lem="Medi_Ambient" ne="organization" pos="np0000o" postype="proper" sense="16:cs1" wd="Medi_Ambient"/>
              </grup.nom>
            </sn>
          </sp>
          <sp>
            <prep>
              <s lem="de" pos="sps00" postype="preposition" wd="de"/>
            </prep>
            <sn entityref="ne" ne="organization">
              <spec gen="m" num="s">
                <d gen="c" lem="el" num="s" pos="da0cs0" postype="article" wd="l'"/>
              </spec>
              <grup.nom gen="m" num="s">
                <n lem="Ajuntament" ne="organization" pos="np0000o" postype="proper" sense="16:cs1" wd="Ajuntament"/>
                <sp>
                  <prep>
                    <s lem="de" pos="sps00" postype="preposition" wd="de"/>
                  </prep>
                  <sn entityref="ne" ne="location">
                    <grup.nom>
                      <n lem="Lloret_de_Mar" ne="location" pos="np0000l" postype="proper" sense="16:cs1" wd="Lloret_de_Mar"/>
                    </grup.nom>
                  </sn>
                </sp>
              </grup.nom>
            </sn>
          </sp>
        </grup.nom>
      </sn>
      <conj conjunctiontype="coordinating">
        <s lem="en_col·laboració_amb" pos="sps00" postype="preposition" wd="en_col·laboració_amb"/>
      </conj>
      <sn entityref="ne" ne="other">
        <spec gen="f" num="s">
          <d gen="c" lem="el" num="s" pos="da0cs0" postype="article" wd="l'"/>
        </spec>
        <grup.nom gen="f" num="s">
          <n lem="Agenda_XXI" ne="other" pos="np0000a" postype="proper" sense="16:cs1" wd="Agenda_XXI"/>
          <sp>
            <prep>
              <s lem="de" pos="sps00" postype="preposition" wd="de"/>
            </prep>
            <sn>
              <spec gen="f" num="s">
                <d gen="f" lem="el" num="s" pos="da0fs0" postype="article" wd="la"/>
              </spec>
              <grup.nom gen="f" num="s">
                <n gen="f" lem="localitat" num="s" pos="ncfs000" postype="common" sense="16:06363890" wd="localitat"/>
              </grup.nom>
            </sn>
          </sp>
        </grup.nom>
      </sn>
    </sn>
    <grup.verb>
      <v lem="haver" mood="indicative" num="p" person="3" pos="vaip3p0" postype="auxiliary" tense="present" wd="han"/>
      <v gen="m" lem="organitzar" lss="A21.transitive-agentive-patient" mood="participle" num="s" pos="vmp00sm" postype="main" wd="organitzat"/>
    </grup.verb>
    <sn arg="arg1" func="cd" tem="pat">
      <grup.nom gen="m" num="p">
        <n gen="m" lem="acte" num="p" pos="ncmp000" postype="common" sense="16:00017487" wd="actes"/>
      </grup.nom>
    </sn>
    <sp arg="argM" func="cc" tem="fin">
      <prep>
        <s lem="per" pos="sps00" postype="preposition" wd="per"/>
      </prep>
      <S clausetype="completive" impersonal="yes">
        <infinitiu>
          <v lem="celebrar" lss="A21.transitive-agentive-patient" mood="infinitive" pos="vmn0000" postype="main" wd="celebrar"/>
        </infinitiu>
        <sn arg="arg1" entityref="ne" func="cd" ne="other" tem="pat">
          <spec gen="m" num="s">
            <d gen="m" lem="el" num="s" pos="da0ms0" postype="article" wd="el"/>
          </spec>
          <grup.nom gen="m" num="s">
            <n lem="Dia_Mundial_del_Medi_Ambient" ne="other" pos="np0000a" postype="proper" sense="16:cs1" wd="Dia_Mundial_del_Medi_Ambient"/>
          </grup.nom>
        </sn>
        <sn arg="argM" entityref="ne" func="cc" ne="date" tem="tmp">
          <f lem="," pos="fc" punct="comma" wd=","/>
          <spec gen="m" num="s">
            <d gen="m" lem="el" num="s" pos="da0ms0" postype="article" wd="el"/>
          </spec>
          <grup.nom gen="m" num="s">
            <s.a gen="m" num="s">
              <grup.a gen="m" num="s">
                <a gen="m" lem="proper" num="s" pos="aq0ms0" postype="qualificative" wd="proper"/>
              </grup.a>
            </s.a>
            <w lem="[dimecres:5/6/??:??.??]" ne="date" wd="dimecres_5_de_juny"/>
          </grup.nom>
        </sn>
      </S>
    </sp>
    <f lem="." pos="fp" punct="period" wd="."/>
  </sentence>
  <sentence>
    <sp arg="argM" func="cc" tem="tmp">
      <prep>
        <s contracted="yes" gen="m" lem="al" num="s" pos="spcms" postype="preposition" wd="Al"/>
      </prep>
      <sn>
        <grup.nom gen="m" num="s">
          <n gen="m" lem="migdia" num="s" pos="ncms000" postype="common" sense="16:10884479" wd="migdia"/>
        </grup.nom>
      </sn>
    </sp>
    <morfema.verbal func="pass">
      <p gen="c" lem="es" num="c" pos="p0000000" wd="s'"/>
    </morfema.verbal>
    <grup.verb>
      <v lem="inaugurar" lss="B22.unaccusative-passive-transitive" mood="indicative" num="s" person="3" pos="vmif3s0" postype="main" tense="future" wd="inaugurarà"/>
    </grup.verb>
    <sn arg="arg1" func="suj" tem="pat">
      <spec gen="f" num="s">
        <d gen="f" lem="un" num="s" pos="di0fs0" postype="indefinite" wd="una"/>
      </spec>
      <grup.nom gen="f" num="s">
        <n gen="f" lem="escultura" num="s" pos="ncfs000" postype="common" sense="16:03290519" wd="escultura"/>
        <S clausetype="relative" coord="yes">
          <S clausetype="relative">
            <relatiu arg="arg1" func="suj" tem="pat">
              <p gen="c" lem="que" num="c" pos="pr0cn000" postype="relative" wd="que"/>
            </relatiu>
            <grup.verb>
              <v lem="haver" mood="indicative" num="s" person="3" pos="vaip3s0" postype="auxiliary" tense="present" wd="ha"/>
              <v gen="m" lem="ser" mood="participle" num="s" pos="vsp00sm" postype="semiauxiliary" wd="estat"/>
              <v gen="f" lem="realitzar" lss="B22.unaccusative-passive-transitive" mood="participle" num="s" pos="vmp00sf" postype="main" wd="realitzada"/>
            </grup.verb>
            <sp arg="argM" func="cc" tem="adv">
              <prep>
                <s lem="amb" pos="sps00" postype="preposition" wd="amb"/>
              </prep>
              <sn>
                <grup.nom gen="m" num="p">
                  <n gen="m" lem="material" num="p" pos="ncmp000" postype="common" sense="16:cs1" wd="materials"/>
                  <S clausetype="participle" impersonal="yes">
                    <participi>
                      <a gen="m" lem="reciclat" num="p" pos="aq0mpp" posfunction="participle" postype="qualificative" wd="reciclats"/>
                    </participi>
                  </S>
                </grup.nom>
              </sn>
            </sp>
            <sp arg="arg0" func="cag" tem="agt">
              <prep>
                <s contracted="yes" gen="m" lem="pel" num="p" pos="spcmp" postype="preposition" wd="pels"/>
              </prep>
              <sn>
                <grup.nom gen="m" num="p">
                  <n gen="m" lem="membre" num="p" pos="ncmp000" postype="common" sense="16:07404067" wd="membres"/>
                  <sp>
                    <prep>
                      <s contracted="yes" gen="m" lem="del" num="s" pos="spcms" postype="preposition" wd="del"/>
                    </prep>
                    <sn entityref="ne" ne="organization">
                      <grup.nom gen="m" num="s">
                        <n lem="Casal_de_la_Gent_Gran" ne="organization" pos="np0000o" postype="proper" sense="16:cs1" wd="Casal_de_la_Gent_Gran"/>
                      </grup.nom>
                    </sn>
                  </sp>
                </grup.nom>
              </sn>
            </sp>
          </S>
          <conj conjunctiontype="coordinating">
            <c lem="i" pos="cc" postype="coordinating" wd="i"/>
          </conj>
          <S clausetype="relative">
            <relatiu arg="arg1" func="suj" tem="tem">
              <p gen="c" lem="que" num="c" pos="pr0cn000" postype="relative" wd="que"/>
            </relatiu>
            <grup.verb>
              <v lem="portar" lss="C21.state-attributive" mood="indicative" num="s" person="3" pos="vmip3s0" postype="main" tense="present" wd="porta"/>
            </grup.verb>
            <sp arg="arg3" func="cpred" predicate="cd" tem="atr">
              <prep>
                <s lem="per" pos="sps00" postype="preposition" wd="per"/>
              </prep>
              <sn>
                <grup.nom gen="m" num="s">
                  <n gen="m" lem="títol" num="s" pos="ncms000" postype="common" sense="16:04782793" wd="títol"/>
                </grup.nom>
              </sn>
            </sp>
            <sn arg="arg2" entityref="ne" func="cd" functype="quantitative" ne="other" tem="atr">
              <grup.nom>
                <f lem="'" pos="fz" punct="mathsign" wd="'"/>
                <n lem="Aigua-Terra-Aire" ne="other" pos="np0000a" postype="proper" sense="16:cs1" wd="Aigua-Terra-Aire"/>
                <f lem="'" pos="fz" punct="mathsign" wd="'"/>
              </grup.nom>
            </sn>
          </S>
        </S>
      </grup.nom>
    </sn>
    <f lem="." pos="fp" punct="period" wd="."/>
  </sentence>
  <sentence>
    <sn arg="arg1" func="suj" tem="tem">
      <spec gen="f" num="s">
        <d gen="f" lem="el" num="s" pos="da0fs0" postype="article" wd="La"/>
      </spec>
      <grup.nom gen="f" num="s">
        <n gen="f" lem="inauguració" num="s" pos="ncfs000" postype="common" sense="16:05540966" wd="inauguració"/>
      </grup.nom>
    </sn>
    <grup.verb>
      <v lem="tenir_lloc" lss="B11.unaccusative-motion" mood="indicative" num="s" person="3" pos="vmif3s0" postype="main" tense="future" wd="tindrà_lloc"/>
    </grup.verb>
    <sp arg="argM" func="cc" tem="tmp">
      <prep>
        <s lem="a" pos="sps00" postype="preposition" wd="a"/>
      </prep>
      <sn entityref="ne" ne="date">
        <grup.nom>
          <w lem="[??:??/??/??:12.30]" ne="date" wd="dos_quarts_d'_una"/>
        </grup.nom>
      </sn>
    </sp>
    <sp arg="argM" func="cc" tem="loc">
      <prep>
        <s contracted="yes" gen="m" lem="al" num="p" pos="spcmp" postype="preposition" wd="als"/>
      </prep>
      <sn entityref="ne" ne="location">
        <grup.nom gen="m" num="p">
          <n lem="Jardins" ne="location" pos="np0000l" postype="proper" sense="16:cs1" wd="Jardins"/>
          <S clausetype="participle" impersonal="yes">
            <participi>
              <a gen="m" lem="situat" lss="B22.unaccusative-passive-transitive" num="p" pos="aq0mpp" posfunction="participle" postype="qualificative" wd="situats"/>
            </participi>
            <sp arg="arg2" func="creg" tem="loc">
              <prep>
                <s contracted="yes" gen="m" lem="al" num="s" pos="spcms" postype="preposition" wd="al"/>
              </prep>
              <sn>
                <grup.nom gen="m" num="s">
                  <n gen="m" lem="costat" num="s" pos="ncms000" postype="common" sense="16:cs1" wd="costat"/>
                  <sp>
                    <prep>
                      <s contracted="yes" gen="m" lem="del" num="s" pos="spcms" postype="preposition" wd="del"/>
                    </prep>
                    <sn entityref="ne" ne="location">
                      <grup.nom gen="m" num="s">
                        <n gen="m" lem="pàrquing" num="s" pos="ncms000" postype="common" sense="16:09923626" wd="pàrquing"/>
                        <sp>
                          <prep>
                            <s lem="de" pos="sps00" postype="preposition" wd="de"/>
                          </prep>
                          <sn entityref="ne" ne="location">
                            <grup.nom>
                              <n lem="Can_Xardó" ne="location" pos="np0000l" postype="proper" sense="16:cs1" wd="Can_Xardó"/>
                            </grup.nom>
                          </sn>
                        </sp>
                      </grup.nom>
                    </sn>
                  </sp>
                </grup.nom>
              </sn>
            </sp>
          </S>
        </grup.nom>
      </sn>
    </sp>
    <f lem="." pos="fp" punct="period" wd="."/>
  </sentence>
  <sentence>
    <sp arg="argM" func="cc" tem="tmp">
      <prep>
        <s lem="a" pos="sps00" postype="preposition" wd="A"/>
      </prep>
      <sn entityref="ne" ne="date">
        <grup.nom>
          <w lem="[??:??/??/??:20.30]" ne="date" wd="dos_quarts_de_nou_del_vespre"/>
        </grup.nom>
      </sn>
    </sp>
    <sp arg="argM" func="cc" tem="loc">
      <f lem="," pos="fc" punct="comma" wd=","/>
      <prep>
        <s lem="a" pos="sps00" postype="preposition" wd="a"/>
      </prep>
      <sn entityref="ne" ne="location">
        <spec gen="f" num="s">
          <d gen="f" lem="el" num="s" pos="da0fs0" postype="article" wd="la"/>
        </spec>
        <grup.nom gen="f" num="s">
          <n gen="f" lem="sala" num="s" pos="ncfs000" postype="common" sense="16:02476792" wd="sala"/>
          <sp>
            <prep>
              <s lem="de" pos="sps00" postype="preposition" wd="d'"/>
            </prep>
            <sn>
              <grup.nom gen="m" num="p">
                <n gen="m" lem="acte" num="p" pos="ncmp000" postype="common" sense="16:cs1" wd="actes"/>
              </grup.nom>
            </sn>
          </sp>
          <sp>
            <prep>
              <s lem="de" pos="sps00" postype="preposition" wd="de"/>
            </prep>
            <sn entityref="ne" ne="location">
              <spec gen="m" num="s">
                <d gen="c" lem="el" num="s" pos="da0cs0" postype="article" wd="l'"/>
              </spec>
              <grup.nom gen="m" num="s">
                <n lem="Ajuntament" ne="location" pos="np0000l" postype="proper" sense="16:cs1" wd="Ajuntament"/>
              </grup.nom>
            </sn>
          </sp>
        </grup.nom>
      </sn>
      <f lem="," pos="fc" punct="comma" wd=","/>
    </sp>
    <sn arg="arg1" entityref="ne" func="suj" ne="person" tem="tem">
      <grup.nom gen="m" num="s">
        <n lem="Joan_Nogué" ne="person" pos="np0000p" postype="proper" sense="16:cs1" wd="Joan_Nogué"/>
        <sn complex="yes" entityref="ne" ne="person">
          <f lem="," pos="fc" punct="comma" wd=","/>
          <grup.nom coord="yes">
            <grup.nom gen="m" num="s">
              <n gen="m" lem="catedràtic" num="s" pos="ncms000" postype="common" sense="16:50000458" wd="catedràtic"/>
              <sp>
                <prep>
                  <s lem="de" pos="sps00" postype="preposition" wd="de"/>
                </prep>
                <sn entityref="ne" ne="other">
                  <grup.nom>
                    <n lem="Geografia_Humana" ne="other" pos="np0000a" postype="proper" sense="16:cs1" wd="Geografia_Humana"/>
                  </grup.nom>
                </sn>
              </sp>
            </grup.nom>
            <conj conjunctiontype="coordinating">
              <c lem="i" pos="cc" postype="coordinating" wd="i"/>
            </conj>
            <grup.nom gen="m" num="s">
              <n lem="Degà" ne="person" pos="np0000p" postype="proper" sense="16:cs1" wd="Degà"/>
              <sp>
                <prep>
                  <s lem="de" pos="sps00" postype="preposition" wd="de"/>
                </prep>
                <sn entityref="ne" ne="organization">
                  <spec gen="f" num="s">
                    <d gen="f" lem="el" num="s" pos="da0fs0" postype="article" wd="la"/>
                  </spec>
                  <grup.nom gen="f" num="s">
                    <n lem="Facultat_de_Lletres" ne="location" pos="np0000l" postype="proper" sense="16:cs1" wd="Facultat_de_Lletres"/>
                    <sp>
                      <prep>
                        <s lem="de" pos="sps00" postype="preposition" wd="de"/>
                      </prep>
                      <sn entityref="ne" ne="organization">
                        <spec gen="f" num="s">
                          <d gen="f" lem="el" num="s" pos="da0fs0" postype="article" wd="la"/>
                        </spec>
                        <grup.nom gen="f" num="s">
                          <n lem="Universitat_de_Girona" ne="organization" pos="np0000o" postype="proper" sense="16:cs1" wd="Universitat_de_Girona"/>
                        </grup.nom>
                      </sn>
                    </sp>
                  </grup.nom>
                </sn>
              </sp>
            </grup.nom>
          </grup.nom>
          <f lem="," pos="fc" punct="comma" wd=","/>
        </sn>
      </grup.nom>
    </sn>
    <grup.verb>
      <v lem="ser" lss="C21.state-attributive" mood="indicative" num="s" person="3" pos="vmif3s0" postype="main" tense="future" wd="serà"/>
    </grup.verb>
    <sn arg="arg2" func="atr" tem="atr">
      <spec gen="m" num="s">
        <d gen="c" lem="el" num="s" pos="da0cs0" postype="article" wd="l'"/>
      </spec>
      <grup.nom gen="m" num="s">
        <n gen="m" lem="encarregat" num="s" pos="ncms000" postype="common" sense="16:07614878" wd="encarregat"/>
        <sp>
          <prep>
            <s lem="de" pos="sps00" postype="preposition" wd="de"/>
          </prep>
          <S clausetype="completive" impersonal="yes">
            <infinitiu>
              <v lem="donar" lss="A32.ditransitive-patient-benefactive" mood="infinitive" pos="vmn0000" postype="main" wd="donar"/>
            </infinitiu>
            <sn arg="arg1" func="cd" tem="pat">
              <spec gen="f" num="s">
                <d gen="f" lem="un" num="s" pos="di0fs0" postype="indefinite" wd="una"/>
              </spec>
              <grup.nom gen="f" num="s">
                <n gen="f" lem="conferència" num="s" pos="ncfs000" postype="common" sense="16:05406019" wd="conferència"/>
                <S clausetype="participle" impersonal="yes">
                  <participi>
                    <a gen="f" lem="titulat" lss="C21.state-attributive" num="s" pos="aq0fsp" posfunction="participle" postype="qualificative" wd="titulada"/>
                  </participi>
                  <sn arg="arg2" entityref="ne" func="cpred" ne="other" tem="atr">
                    <grup.nom>
                      <f lem="'" pos="fz" punct="mathsign" wd="'"/>
                      <n lem="Per_una_consciència_de_paisatge" ne="other" pos="np0000a" postype="proper" sense="16:cs1" wd="Per_una_consciència_de_paisatge"/>
                      <f lem="'" pos="fz" punct="mathsign" wd="'"/>
                    </grup.nom>
                  </sn>
                </S>
              </grup.nom>
            </sn>
          </S>
        </sp>
      </grup.nom>
    </sn>
    <f lem="." pos="fp" punct="period" wd="."/>
  </sentence>
  <sentence>
    <sp arg="argM" func="cc" tem="mnr">
      <prep>
        <s lem="de" pos="sps00" postype="preposition" wd="D'"/>
      </prep>
      <sn>
        <spec gen="f" num="s">
          <d gen="f" lem="aquest" num="s" pos="dd0fs0" postype="demonstrative" wd="aquesta"/>
        </spec>
        <grup.nom gen="f" num="s">
          <n gen="f" lem="manera" num="s" pos="ncfs000" postype="common" sense="16:cs1" wd="manera"/>
        </grup.nom>
      </sn>
      <f lem="," pos="fc" punct="comma" wd=","/>
    </sp>
    <sn arg="arg0" entityref="ne" func="suj" ne="location" tem="agt">
      <grup.nom>
        <n lem="Lloret" ne="location" pos="np0000l" postype="proper" sense="16:cs1" wd="Lloret"/>
      </grup.nom>
    </sn>
    <morfema.pronominal>
      <p gen="c" lem="ell" num="c" person="3" pos="p0300000" wd="es"/>
    </morfema.pronominal>
    <grup.verb>
      <v lem="sumar" lss="A34.ditransitive-patient-theme" mood="indicative" num="s" person="3" pos="vmip3s0" postype="main" tense="present" wd="suma"/>
    </grup.verb>
    <sp arg="arg2" func="creg" tem="tem">
      <prep>
        <s lem="a" pos="sps00" postype="preposition" wd="a"/>
      </prep>
      <sn complex="yes">
        <spec gen="m" num="p">
          <d gen="f" lem="el" num="s" pos="da0fs0" postype="article" wd="la"/>
          <n gen="f" lem="resta" num="s" pos="ncfs000" postype="common" sense="16:09947291" wd="resta"/>
          <s lem="de" pos="sps00" postype="preposition" wd="de"/>
        </spec>
        <grup.nom coord="yes">
          <grup.nom coord="yes">
            <grup.nom gen="m" num="p">
              <n gen="m" lem="poble" num="p" pos="ncmp000" postype="common" sense="16:06382213" wd="pobles"/>
            </grup.nom>
            <conj conjunctiontype="coordinating">
              <c lem="i" pos="cc" postype="coordinating" wd="i"/>
            </conj>
            <grup.nom gen="f" num="p">
              <n gen="f" lem="ciutat" num="p" pos="ncfp000" postype="common" sense="16:06287351" wd="ciutats"/>
            </grup.nom>
          </grup.nom>
          <S adjunct="yes" clausetype="relative">
            <relatiu arg="arg0" func="suj" tem="agt">
              <p gen="c" lem="que" num="c" pos="pr0cn000" postype="relative" wd="que"/>
            </relatiu>
            <grup.verb>
              <v lem="commemorar" lss="A21.transitive-agentive-patient" mood="indicative" num="p" person="3" pos="vmip3p0" postype="main" tense="present" wd="commemoren"/>
            </grup.verb>
            <sn arg="arg1" entityref="ne" func="cd" ne="other" tem="pat">
              <spec gen="m" num="s">
                <d gen="m" lem="el" num="s" pos="da0ms0" postype="article" wd="el"/>
              </spec>
              <grup.nom gen="m" num="s">
                <n lem="Dia_Mundial_del_Medi_Ambient" ne="other" pos="np0000a" postype="proper" sense="16:cs1" wd="Dia_Mundial_del_Medi_Ambient"/>
              </grup.nom>
            </sn>
          </S>
        </grup.nom>
      </sn>
    </sp>
    <f lem="." pos="fp" punct="period" wd="."/>
  </sentence>
</article>
