<?xml version="1.0" encoding="UTF-8" standalone="no"?>
<!-- 

  ancora-2.0
       
			Copyright (C) 2007, 2008, 2009, 2010, 2011 UB - CLiC
			Centre de Llenguatge i Computació - Universitat de Barcelona
 
  This file is part of ancora-2.0.
 
  ancora-2.0 is free software and data: you can redistribute it and/or modify
  it under the terms of the GNU General Public License as published
  by the Free Software Foundation, either version 3 of the License,
  or (at your option) any later version.

  ancora-2.0 is distributed in the hope that it will be useful,
  but WITHOUT ANY WARRANTY; without even the implied warranty of
  MERCHANTABILITY or FITNESS FOR A PARTICULAR PURPOSE.  See the
  GNU General Public License for more details.
 
  You should have received a copy of the GNU General Public License
  along with ancora-2.0.  If not, see &lt;http://www.gnu.org/licenses/&gt;.
 
  Check a text in catalan explaining the terms of the license at http://www.softcatala.cat/wiki/GPL3.
  In spanish at http://www.viti.es/gnu/licenses/gpl.html
 

  The following paper must be cited when using this corpus:

 * Taulé, M., M.A. Martí, M. Recasens (2008) 'Ancora: Multilevel Annotated Corpora for Catalan and Spanish',
   Proceedings of 6th International Conference on Language Resources and Evaluation. Marrakesh (Morocco).

  In addition, the following paper must be cited if coreference information (attributes entity, coreftype,
  corefsubtype, homophoricDD or entityref) is used:

 * Recasens, Marta, M. Antònia Martí (2010) ‘AnCora-CO: Coreferentially annotated corpora for Spanish and
   Catalan’. Language Resources and Evaluation, Springer Science.

  Additionally, the following paper must be cited when argumental attributes in "sn" or "grup.nom"
  (attributes func, arg, tem or lexicalid) are used:

 * Peris, Aina, Mariona Taulé, Horacio Rodríguez (2010) ‘Semantic Annotation of Deverbal Nominalizations in the
   Spanish AnCora corpus’. Treebanks and Linguistic Theories (TLT-2010), Estonia.
-->
<article lng="ca">
  <sentence>
    <sn arg="arg0" entityref="ne" func="suj" ne="organization" tem="agt">
      <spec gen="m" num="s">
        <d gen="c" lem="el" num="s" pos="da0cs0" postype="article" wd="L'"/>
      </spec>
      <grup.nom gen="m" num="s">
        <n lem="Ajuntament_de_Salt" ne="organization" pos="np0000o" postype="proper" sense="16:cs1" wd="Ajuntament_de_Salt"/>
      </grup.nom>
    </sn>
    <grup.verb>
      <v lem="posar_en_marxa" lss="A21.transitive-agentive-patient" mood="indicative" num="s" person="3" pos="vmip3s0" postype="main" tense="present" wd="posa_en_marxa"/>
    </grup.verb>
    <sn arg="arg1" func="cd" tem="pat">
      <spec gen="m" num="s">
        <d gen="m" lem="un" num="s" pos="di0ms0" postype="indefinite" wd="un"/>
      </spec>
      <grup.nom gen="m" num="s">
        <n gen="m" lem="servei" num="s" pos="ncms000" postype="common" sense="16:00379388" wd="servei"/>
        <sp>
          <prep>
            <s lem="de" pos="sps00" postype="preposition" wd="d'"/>
          </prep>
          <sn entityref="ne" ne="other">
            <grup.nom num="s">
              <n lem="Internet" ne="other" pos="np0000a" postype="proper" sense="16:cs1" wd="Internet"/>
            </grup.nom>
          </sn>
        </sp>
      </grup.nom>
    </sn>
    <sp arg="argM" func="cc" tem="adv">
      <prep>
        <s lem="per" pos="sps00" postype="preposition" wd="per"/>
      </prep>
      <sp>
        <prep>
          <s lem="a" pos="sps00" postype="preposition" wd="a"/>
        </prep>
        <sn>
          <grup.nom gen="m" num="p">
            <n gen="c" lem="jove" num="p" pos="nccp000" postype="common" sense="16:07692038" wd="joves"/>
          </grup.nom>
        </sn>
      </sp>
    </sp>
    <f lem="." pos="fp" punct="period" wd="."/>
  </sentence>
  <sentence>
    <sn arg="arg0" entityref="ne" func="suj" ne="organization" tem="agt">
      <spec gen="m" num="s">
        <d gen="c" lem="el" num="s" pos="da0cs0" postype="article" wd="L'"/>
      </spec>
      <grup.nom gen="m" num="s">
        <n lem="Ajuntament_de_Salt" ne="organization" pos="np0000o" postype="proper" sense="16:cs1" wd="Ajuntament_de_Salt"/>
      </grup.nom>
    </sn>
    <grup.verb>
      <v lem="haver" mood="indicative" num="s" person="3" pos="vaip3s0" postype="auxiliary" tense="present" wd="ha"/>
      <v gen="m" lem="posar_en_funcionament" lss="A21.transitive-agentive-patient" mood="participle" num="s" pos="vmp00sm" postype="main" wd="posat_en_funcionament"/>
    </grup.verb>
    <sn arg="arg1" entityref="ne" func="cd" ne="other" tem="pat">
      <spec gen="m" num="s">
        <d gen="m" lem="el" num="s" pos="da0ms0" postype="article" wd="el"/>
      </spec>
      <grup.nom gen="m" num="s">
        <n lem="Servei_d'_Internet" ne="other" pos="np0000a" postype="proper" sense="16:cs1" wd="Servei_d'_Internet"/>
      </grup.nom>
    </sn>
    <sp arg="argM" func="cc" tem="adv">
      <prep>
        <s lem="per" pos="sps00" postype="preposition" wd="per"/>
      </prep>
      <sp>
        <prep>
          <s lem="a" pos="sps00" postype="preposition" wd="a"/>
        </prep>
        <sn>
          <grup.nom gen="m" num="p">
            <n gen="c" lem="jove" num="p" pos="nccp000" postype="common" sense="16:07692038" wd="joves"/>
          </grup.nom>
        </sn>
      </sp>
    </sp>
    <sp arg="argM" func="cc" tem="loc">
      <prep>
        <s lem="a" pos="sps00" postype="preposition" wd="a"/>
      </prep>
      <sn entityref="ne" ne="other">
        <spec gen="f" num="s">
          <d gen="c" lem="el" num="s" pos="da0cs0" postype="article" wd="l'"/>
        </spec>
        <grup.nom gen="f" num="s">
          <n lem="Estació_Jove" ne="other" pos="np0000a" postype="proper" sense="16:cs1" wd="Estació_Jove"/>
        </grup.nom>
      </sn>
    </sp>
    <f lem="." pos="fp" punct="period" wd="."/>
  </sentence>
  <sentence>
    <sn arg="arg1" func="suj" tem="tem">
      <spec gen="m" num="s">
        <d gen="m" lem="aquest" num="s" pos="dd0ms0" postype="demonstrative" wd="Aquest"/>
      </spec>
      <grup.nom gen="m" num="s">
        <n gen="m" lem="servei" num="s" pos="ncms000" postype="common" sense="16:00379388" wd="servei"/>
      </grup.nom>
    </sn>
    <grup.verb>
      <v lem="disposar" lss="C21.state-attributive" mood="indicative" num="s" person="3" pos="vmip3s0" postype="main" tense="present" wd="disposa"/>
    </grup.verb>
    <sp arg="arg2" func="creg" tem="atr">
      <prep>
        <s lem="de" pos="sps00" postype="preposition" wd="de"/>
      </prep>
      <sn>
        <spec gen="m" num="p">
          <d gen="c" lem="vuit" num="p" pos="dn0cp0" postype="numeral" wd="vuit"/>
        </spec>
        <grup.nom gen="m" num="p">
          <n gen="m" lem="ordinador" num="p" pos="ncmp000" postype="common" sense="16:02481557" wd="ordinadors"/>
          <S clausetype="relative" verbless="yes">
            <f lem="," pos="fc" punct="comma" wd=","/>
            <sn>
              <grup.nom gen="m" num="p">
                <p gen="m" lem="dos" num="p" pos="pn0mp000" postype="numeral" wd="dos"/>
              </grup.nom>
            </sn>
            <sp>
              <prep>
                <s lem="amb" pos="sps00" postype="preposition" wd="amb"/>
              </prep>
              <sn>
                <grup.nom gen="f" num="s">
                  <n gen="f" lem="web_cam" num="s" pos="ncfs000" postype="common" sense="16:cs1" wd="web_cam"/>
                </grup.nom>
              </sn>
            </sp>
            <f lem="," pos="fc" punct="comma" wd=","/>
          </S>
          <S clausetype="relative">
            <relatiu arg="arg0" func="suj" tem="agt">
              <p gen="c" lem="que" num="c" pos="pr0cn000" postype="relative" wd="que"/>
            </relatiu>
            <grup.verb>
              <v lem="permetre" lss="A32.ditransitive-patient-benefactive" mood="indicative" num="p" person="3" pos="vmip3p0" postype="main" tense="present" wd="permeten"/>
            </grup.verb>
            <sp arg="arg2" func="ci" tem="ben">
              <prep>
                <s contracted="yes" gen="m" lem="al" num="p" pos="spcmp" postype="preposition" wd="als"/>
              </prep>
              <sn>
                <grup.nom gen="m" num="p">
                  <n gen="c" lem="jove" num="p" pos="nccp000" postype="common" sense="16:07692038" wd="joves"/>
                </grup.nom>
              </sn>
            </sp>
            <S arg="arg1" clausetype="completive" func="cd" impersonal="yes" tem="pat">
              <infinitiu>
                <v lem="connectar" lss="D11.inergative-agentive" mood="infinitive" pos="vmn0000" postype="main" wd="connectar"/>
              </infinitiu>
              <morfema.pronominal>
                <p gen="c" lem="ell" num="c" person="3" pos="p0300000" wd="-se"/>
              </morfema.pronominal>
              <sp arg="argM" func="cc" tem="adv">
                <prep>
                  <s lem="a" pos="sps00" postype="preposition" wd="a"/>
                </prep>
                <sn>
                  <spec gen="f" num="s">
                    <d gen="f" lem="el" num="s" pos="da0fs0" postype="article" wd="la"/>
                  </spec>
                  <grup.nom gen="f" num="s">
                    <n gen="f" lem="xarxa" num="s" pos="ncfs000" postype="common" sense="16:03038207" wd="xarxa"/>
                  </grup.nom>
                </sn>
              </sp>
              <sp arg="argM" func="cc" tem="adv">
                <prep>
                  <s lem="per" pos="sps00" postype="preposition" wd="per"/>
                </prep>
                <sn entityref="ne" ne="number">
                  <spec gen="f" num="p">
                    <z lem="300" ne="number" wd="300"/>
                  </spec>
                  <grup.nom gen="f" num="p">
                    <z lem="pesseta" ne="number" pos="zm" postype="currency" wd="pessetes"/>
                    <sn>
                      <spec gen="f" num="s">
                        <d gen="c" lem="el" num="s" pos="da0cs0" postype="article" wd="l'"/>
                      </spec>
                      <grup.nom gen="f" num="s">
                        <n gen="f" lem="hora" num="s" pos="ncfs000" postype="common" sense="16:10938063" wd="hora"/>
                      </grup.nom>
                    </sn>
                  </grup.nom>
                </sn>
              </sp>
            </S>
          </S>
        </grup.nom>
      </sn>
    </sp>
    <f lem="." pos="fp" punct="period" wd="."/>
  </sentence>
  <sentence>
    <sadv func="et">
      <grup.adv>
        <r lem="a_més" pos="rg" wd="A_més"/>
      </grup.adv>
      <f lem="," pos="fc" punct="comma" wd=","/>
    </sadv>
    <morfema.verbal func="pass">
      <p gen="c" lem="es" num="c" pos="p0000000" wd="s'"/>
    </morfema.verbal>
    <grup.verb>
      <v lem="haver" mood="indicative" num="s" person="3" pos="vaip3s0" postype="auxiliary" tense="present" wd="ha"/>
      <v gen="m" lem="posar_en_marxa" lss="B22.unaccusative-passive-transitive" mood="participle" num="s" pos="vmp00sm" postype="main" wd="posat_en_marxa"/>
    </grup.verb>
    <sn arg="arg1" func="suj" tem="pat">
      <spec gen="f" num="s">
        <d gen="f" lem="un" num="s" pos="di0fs0" postype="indefinite" wd="una"/>
      </spec>
      <grup.nom gen="f" num="s">
        <n gen="c" lem="web" num="s" pos="nccs000" postype="common" sense="16:03632937" wd="web"/>
        <sp>
          <prep>
            <s lem="amb" pos="sps00" postype="preposition" wd="amb"/>
          </prep>
          <sn>
            <grup.nom gen="f" num="s">
              <n gen="f" lem="informació" num="s" pos="ncfs000" postype="common" sense="16:04977171" wd="informació"/>
              <sp>
                <prep>
                  <s lem="sobre" pos="sps00" postype="preposition" wd="sobre"/>
                </prep>
                <sn>
                  <spec gen="m" num="s">
                    <d gen="m" lem="el" num="s" pos="da0ms0" postype="article" wd="el"/>
                  </spec>
                  <grup.nom gen="m" num="s">
                    <n gen="m" lem="casal" num="s" pos="ncms000" postype="common" sense="16:02964401" wd="casal"/>
                  </grup.nom>
                </sn>
              </sp>
            </grup.nom>
          </sn>
        </sp>
      </grup.nom>
    </sn>
    <sp arg="argM" func="cc" tem="loc">
      <prep>
        <s lem="a" pos="sps00" postype="preposition" wd="a"/>
      </prep>
      <sn entityref="ne" ne="other">
        <spec gen="f" num="s">
          <d gen="c" lem="el" num="s" pos="da0cs0" postype="article" wd="l'"/>
        </spec>
        <grup.nom gen="f" num="s">
          <n gen="f" lem="adreça" num="s" pos="ncfs000" postype="common" sense="16:05083171" wd="adreça"/>
          <sn entityref="ne" ne="other">
            <grup.nom>
              <n lem="www.estaciojove.org" ne="other" pos="np0000a" postype="proper" sense="16:cs1" wd="www.estaciojove.org"/>
            </grup.nom>
          </sn>
        </grup.nom>
      </sn>
    </sp>
    <f lem="." pos="fp" punct="period" wd="."/>
  </sentence>
  <sentence>
    <sp arg="argM" func="cc" tem="loc">
      <prep>
        <s lem="en" pos="sps00" postype="preposition" wd="En"/>
      </prep>
      <sn>
        <spec gen="f" num="s">
          <d gen="f" lem="aquest" num="s" pos="dd0fs0" postype="demonstrative" wd="aquesta"/>
        </spec>
        <grup.nom gen="f" num="s">
          <n gen="c" lem="web" num="s" pos="nccs000" postype="common" sense="16:03632937" wd="web"/>
        </grup.nom>
      </sn>
    </sp>
    <morfema.verbal func="pass">
      <p gen="c" lem="es" num="c" pos="p0000000" wd="s'"/>
    </morfema.verbal>
    <sn arg="argM" func="cc" tem="loc">
      <grup.nom>
        <p gen="c" lem="hi" num="c" person="3" pos="pp3cn000" postype="personal" wd="hi"/>
      </grup.nom>
    </sn>
    <grup.verb>
      <v lem="poder" mood="indicative" num="p" person="3" pos="vmip3p0" postype="main" tense="present" wd="poden"/>
      <infinitiu>
        <v lem="consultar" lss="B22.unaccusative-passive-transitive" mood="infinitive" pos="vmn0000" postype="main" wd="consultar"/>
      </infinitiu>
    </grup.verb>
    <sn arg="arg1" coord="yes" func="suj" tem="pat">
      <sn>
        <spec gen="f" num="p">
          <d gen="f" lem="el" num="p" pos="da0fp0" postype="article" wd="les"/>
        </spec>
        <grup.nom gen="f" num="p">
          <n gen="f" lem="activitat" num="p" pos="ncfp000" postype="common" sense="16:00261466" wd="activitats"/>
          <s.a gen="f" num="p">
            <grup.a gen="f" num="p">
              <a gen="c" lem="jove" num="p" pos="aq0cp0" postype="qualificative" wd="joves"/>
            </grup.a>
          </s.a>
          <sn entityref="ne" ne="other">
            <grup.nom>
              <n lem="Estiu_2000" ne="other" pos="np0000a" postype="proper" sense="16:cs1" wd="Estiu_2000"/>
            </grup.nom>
          </sn>
        </grup.nom>
      </sn>
      <conj conjunctiontype="coordinating">
        <c lem="i" pos="cc" postype="coordinating" wd="i"/>
      </conj>
      <sn>
        <spec gen="m" num="p">
          <d gen="m" lem="el" num="p" pos="da0mp0" postype="article" wd="els"/>
          <d gen="c" lem="diferent" num="p" pos="di0cp0" postype="indefinite" wd="diferents"/>
        </spec>
        <grup.nom gen="m" num="p">
          <n gen="m" lem="taller" num="p" pos="ncmp000" postype="common" sense="16:03632186" wd="tallers"/>
          <S clausetype="relative">
            <relatiu arg="arg1" func="suj" tem="pat">
              <p gen="c" lem="que" num="c" pos="pr0cn000" postype="relative" wd="que"/>
            </relatiu>
            <morfema.verbal func="pass">
              <p gen="c" lem="es" num="c" pos="p0000000" wd="s'"/>
            </morfema.verbal>
            <sn arg="argM" func="cc" tem="loc">
              <grup.nom>
                <p gen="c" lem="hi" num="c" person="3" pos="pp3cn000" postype="personal" wd="hi"/>
              </grup.nom>
            </sn>
            <grup.verb>
              <v lem="poder" mood="indicative" num="p" person="3" pos="vmip3p0" postype="main" tense="present" wd="poden"/>
              <infinitiu>
                <v lem="realitzar" lss="B22.unaccusative-passive-transitive" mood="infinitive" pos="vmn0000" postype="main" wd="realitzar"/>
              </infinitiu>
            </grup.verb>
          </S>
          <sn>
            <f lem="," pos="fc" punct="comma" wd=","/>
            <grup.nom gen="m" num="s">
              <n gen="m" lem="taller" num="s" pos="ncms000" postype="common" sense="16:03632186" wd="taller"/>
              <sp coord="yes">
                <sp>
                  <prep>
                    <s lem="de" pos="sps00" postype="preposition" wd="de"/>
                  </prep>
                  <sn>
                    <grup.nom gen="m" num="s">
                      <n gen="m" lem="còmic" num="s" pos="ncms000" postype="common" sense="16:04948442" wd="còmic"/>
                    </grup.nom>
                  </sn>
                </sp>
                <f lem="," pos="fc" punct="comma" wd=","/>
                <sp>
                  <prep>
                    <s lem="de" pos="sps00" postype="preposition" wd="de"/>
                  </prep>
                  <sn>
                    <grup.nom gen="m" num="s">
                      <n gen="m" lem="periodisme" num="s" pos="ncms000" postype="common" sense="16:04737758" wd="periodisme"/>
                    </grup.nom>
                  </sn>
                </sp>
                <f lem="," pos="fc" punct="comma" wd=","/>
                <sp>
                  <prep>
                    <s lem="de" pos="sps00" postype="preposition" wd="de"/>
                  </prep>
                  <sn>
                    <grup.nom gen="m" num="s">
                      <n gen="m" lem="mural-graffitti" num="s" pos="ncms000" postype="common" sense="16:cs1" wd="mural-graffitti"/>
                    </grup.nom>
                  </sn>
                </sp>
                <f lem="," pos="fc" punct="comma" wd=","/>
                <sp>
                  <prep>
                    <s lem="de" pos="sps00" postype="preposition" wd="d'"/>
                  </prep>
                  <sn entityref="ne" ne="other">
                    <grup.nom num="s">
                      <n lem="Internet" ne="other" pos="np0000a" postype="proper" sense="16:cs1" wd="Internet"/>
                    </grup.nom>
                  </sn>
                </sp>
                <conj conjunctiontype="coordinating">
                  <c lem="i" pos="cc" postype="coordinating" wd="i"/>
                </conj>
                <sp>
                  <prep>
                    <s lem="de" pos="sps00" postype="preposition" wd="de"/>
                  </prep>
                  <sn>
                    <grup.nom gen="f" num="p">
                      <n gen="f" lem="canoa" num="p" pos="ncfp000" postype="common" sense="16:02377475" wd="canoes"/>
                    </grup.nom>
                  </sn>
                </sp>
              </sp>
            </grup.nom>
          </sn>
        </grup.nom>
      </sn>
    </sn>
    <f lem="." pos="fp" punct="period" wd="."/>
  </sentence>
  <sentence>
    <sn arg="arg0" entityref="ne" func="suj" ne="organization" tem="agt">
      <spec gen="m" num="s">
        <d gen="c" lem="el" num="s" pos="da0cs0" postype="article" wd="L'"/>
      </spec>
      <grup.nom gen="m" num="s">
        <n gen="m" lem="ajuntament" num="s" pos="ncms000" postype="common" sense="16:06106524" wd="ajuntament"/>
        <sp>
          <prep>
            <s lem="de" pos="sps00" postype="preposition" wd="de"/>
          </prep>
          <sn entityref="ne" ne="location">
            <grup.nom>
              <n lem="Salt" ne="location" pos="np0000l" postype="proper" sense="16:cs1" wd="Salt"/>
            </grup.nom>
          </sn>
        </sp>
      </grup.nom>
    </sn>
    <sadv func="mod">
      <grup.adv>
        <r lem="també" pos="rg" wd="també"/>
      </grup.adv>
    </sadv>
    <grup.verb>
      <v lem="anar" mood="indicative" num="s" person="3" pos="vaip3s0" postype="auxiliary" tense="present" wd="va"/>
      <v lem="posar_en_funcionament" lss="A21.transitive-agentive-patient" mood="infinitive" pos="vmn0000" postype="main" wd="posar_en_funcionament"/>
    </grup.verb>
    <sn arg="arg1" func="cd" tem="pat">
      <spec gen="f" num="s">
        <d gen="f" lem="un" num="s" pos="di0fs0" postype="indefinite" wd="una"/>
      </spec>
      <grup.nom gen="f" num="s">
        <n gen="f" lem="pàgina" num="s" pos="ncfs000" postype="common" sense="16:cs1" wd="pàgina"/>
        <s.a gen="f" num="s">
          <grup.a gen="f" num="s">
            <n gen="c" lem="web" num="s" pos="nccs000" postype="common" sense="16:03632937" wd="web"/>
          </grup.a>
        </s.a>
        <S clausetype="relative">
          <sp arg="arg3" func="cc" tem="loc">
            <prep>
              <s lem="en" pos="sps00" postype="preposition" wd="en"/>
            </prep>
            <relatiu>
              <d gen="f" lem="el" num="s" pos="da0fs0" postype="article" wd="la"/>
              <p gen="c" lem="qual" num="s" pos="pr0cs000" postype="relative" wd="qual"/>
            </relatiu>
          </sp>
          <morfema.verbal func="impers">
            <p gen="c" lem="es" num="c" pos="p0000000" wd="s'"/>
          </morfema.verbal>
          <grup.verb>
            <v lem="informar" lss="A32.ditransitive-patient-benefactive" mood="indicative" num="s" person="3" pos="vmip3s0" postype="main" tense="present" wd="informa"/>
          </grup.verb>
          <sp arg="arg2" func="creg" tem="tem">
            <prep>
              <s lem="de" pos="sps00" postype="preposition" wd="de"/>
            </prep>
            <sn>
              <spec gen="f" num="p">
                <d gen="f" lem="tot" num="p" pos="di0fp0" postype="indefinite" wd="totes"/>
                <d gen="f" lem="el" num="p" pos="da0fp0" postype="article" wd="les"/>
              </spec>
              <grup.nom gen="f" num="p">
                <n gen="f" lem="activitat" num="p" pos="ncfp000" postype="common" sense="16:00261466" wd="activitats"/>
                <S clausetype="relative">
                  <relatiu arg="arg1" func="suj" tem="pat">
                    <p gen="c" lem="que" num="c" pos="pr0cn000" postype="relative" wd="que"/>
                  </relatiu>
                  <morfema.verbal func="pass">
                    <p gen="c" lem="es" num="c" pos="p0000000" wd="es"/>
                  </morfema.verbal>
                  <grup.verb>
                    <v lem="poder" mood="indicative" num="p" person="3" pos="vmif3p0" postype="main" tense="future" wd="podran"/>
                    <infinitiu>
                      <v lem="fer" lss="B22.unaccusative-passive-transitive" mood="infinitive" pos="vmn0000" postype="main" wd="fer"/>
                    </infinitiu>
                  </grup.verb>
                  <sp arg="argM" func="cc" tem="loc">
                    <prep>
                      <s lem="a" pos="sps00" postype="preposition" wd="a"/>
                    </prep>
                    <sn entityref="ne" ne="other">
                      <grup.nom>
                        <n lem="Mercataventura" ne="other" pos="np0000a" postype="proper" sense="16:cs1" wd="Mercataventura"/>
                        <sn>
                          <f lem="," pos="fc" punct="comma" wd=","/>
                          <spec gen="f" num="s">
                            <d gen="f" lem="el" num="s" pos="da0fs0" postype="article" wd="la"/>
                          </spec>
                          <grup.nom gen="f" num="s">
                            <n gen="f" lem="fira" num="s" pos="ncfs000" postype="common" sense="16:06218045" wd="fira"/>
                            <sp>
                              <prep>
                                <s contracted="yes" gen="m" lem="del" num="p" pos="spcmp" postype="preposition" wd="dels"/>
                              </prep>
                              <sn>
                                <grup.nom gen="m" num="p">
                                  <n gen="m" lem="esport" num="p" pos="ncmp000" postype="common" sense="16:00274505" wd="esports"/>
                                  <sp>
                                    <prep>
                                      <s lem="de" pos="sps00" postype="preposition" wd="de"/>
                                    </prep>
                                    <sn complex="yes">
                                      <grup.nom coord="yes">
                                        <grup.nom gen="f" num="s">
                                          <n gen="f" lem="natura" num="s" pos="ncfs000" postype="common" sense="16:cs3" wd="natura"/>
                                        </grup.nom>
                                        <conj conjunctiontype="coordinating">
                                          <c lem="i" pos="cc" postype="coordinating" wd="i"/>
                                        </conj>
                                        <grup.nom gen="f" num="s">
                                          <n gen="f" lem="aventura" num="s" pos="ncfs000" postype="common" sense="16:cs3" wd="aventura"/>
                                        </grup.nom>
                                      </grup.nom>
                                    </sn>
                                  </sp>
                                </grup.nom>
                              </sn>
                            </sp>
                            <S clausetype="relative">
                              <relatiu arg="arg1" func="suj" tem="pat">
                                <p gen="c" lem="que" num="c" pos="pr0cn000" postype="relative" wd="que"/>
                              </relatiu>
                              <morfema.verbal func="pass">
                                <p gen="c" lem="es" num="c" pos="p0000000" wd="es"/>
                              </morfema.verbal>
                              <grup.verb>
                                <v lem="fer" lss="B22.unaccusative-passive-transitive" mood="indicative" num="s" person="3" pos="vmip3s0" postype="main" tense="present" wd="fa"/>
                              </grup.verb>
                              <sp arg="argM" func="cc" tem="loc">
                                <prep>
                                  <s lem="a" pos="sps00" postype="preposition" wd="a"/>
                                </prep>
                                <sn entityref="ne" ne="location">
                                  <grup.nom>
                                    <n lem="Salt" ne="location" pos="np0000l" postype="proper" sense="16:cs1" wd="Salt"/>
                                  </grup.nom>
                                </sn>
                              </sp>
                              <sn arg="argM" complex="yes" entityref="ne" func="cc" ne="date" tem="tmp">
                                <spec gen="m" num="s">
                                  <d gen="m" lem="el" num="p" pos="da0mp0" postype="article" wd="els"/>
                                </spec>
                                <grup.nom coord="yes">
                                  <s.a adjunct="yes" gen="m" num="p">
                                    <grup.a gen="m" num="p">
                                      <a gen="m" lem="proper" num="p" pos="aq0mp0" postype="qualificative" wd="propers"/>
                                    </grup.a>
                                  </s.a>
                                  <grup.nom coord="yes">
                                    <grup.nom gen="m" num="s">
                                      <w lem="[??:24/??/??:??.??]" ne="date" wd="24"/>
                                    </grup.nom>
                                    <conj conjunctiontype="coordinating">
                                      <c lem="i" pos="cc" postype="coordinating" wd="i"/>
                                    </conj>
                                    <grup.nom gen="m" num="s">
                                      <w lem="[??:25/6/??:??.??]" ne="date" wd="25_de_juny"/>
                                    </grup.nom>
                                  </grup.nom>
                                </grup.nom>
                              </sn>
                            </S>
                          </grup.nom>
                        </sn>
                      </grup.nom>
                    </sn>
                  </sp>
                </S>
              </grup.nom>
            </sn>
          </sp>
        </S>
      </grup.nom>
    </sn>
    <f lem="." pos="fp" punct="period" wd="."/>
  </sentence>
  <sentence>
    <sn arg="arg0" func="suj" tem="agt">
      <spec gen="f" num="s">
        <d gen="f" lem="el" num="s" pos="da0fs0" postype="article" wd="La"/>
      </spec>
      <grup.nom gen="f" num="s">
        <n gen="c" lem="web" num="s" pos="nccs000" postype="common" sense="16:03632937" wd="web"/>
      </grup.nom>
    </sn>
    <grup.verb>
      <v lem="informar" lss="A32.ditransitive-patient-benefactive" mood="indicative" num="s" person="3" pos="vmip3s0" postype="main" tense="present" wd="informa"/>
    </grup.verb>
    <sn arg="arg1" func="cd" tem="pat">
      <spec gen="m" num="p">
        <d gen="m" lem="el" num="p" pos="da0mp0" postype="article" wd="els"/>
      </spec>
      <grup.nom gen="m" num="p">
        <n gen="c" lem="visitant" num="p" pos="nccp000" postype="common" sense="16:07668613" wd="visitants"/>
      </grup.nom>
    </sn>
    <sp arg="arg2" func="creg" tem="tem">
      <prep>
        <s lem="de" pos="sps00" postype="preposition" wd="de"/>
      </prep>
      <sn coord="yes">
        <sn>
          <spec gen="f" num="p">
            <d gen="f" lem="el" num="p" pos="da0fp0" postype="article" wd="les"/>
          </spec>
          <grup.nom gen="f" num="p">
            <n gen="f" lem="activitat" num="p" pos="ncfp000" postype="common" sense="16:00261466" wd="activitats"/>
            <S clausetype="relative">
              <relatiu arg="arg1" func="suj" tem="pat">
                <p gen="c" lem="que" num="c" pos="pr0cn000" postype="relative" wd="que"/>
              </relatiu>
              <morfema.verbal func="pass">
                <p gen="c" lem="es" num="c" pos="p0000000" wd="es"/>
              </morfema.verbal>
              <grup.verb>
                <v lem="poder" mood="indicative" num="p" person="3" pos="vmip3p0" postype="main" tense="present" wd="poden"/>
                <infinitiu>
                  <v lem="fer" lss="B22.unaccusative-passive-transitive" mood="infinitive" pos="vmn0000" postype="main" wd="fer"/>
                </infinitiu>
              </grup.verb>
            </S>
          </grup.nom>
        </sn>
        <f lem="," pos="fc" punct="comma" wd=","/>
        <sn>
          <spec gen="m" num="s">
            <d gen="m" lem="el" num="s" pos="da0ms0" postype="article" wd="el"/>
          </spec>
          <grup.nom gen="m" num="s">
            <n gen="m" lem="material" num="s" pos="ncms000" postype="common" sense="16:02973327" wd="material"/>
            <S clausetype="relative">
              <relatiu arg="arg1" func="suj" tem="tem">
                <p gen="c" lem="que" num="c" pos="pr0cn000" postype="relative" wd="que"/>
              </relatiu>
              <grup.verb>
                <v lem="caldre" lss="C41.state-benefactive" mood="indicative" num="s" person="3" pos="vmip3s0" postype="main" tense="present" wd="cal"/>
              </grup.verb>
            </S>
          </grup.nom>
        </sn>
        <f lem="," pos="fc" punct="comma" wd=","/>
        <sn>
          <spec gen="m" num="p">
            <d gen="m" lem="el" num="p" pos="da0mp0" postype="article" wd="els"/>
          </spec>
          <grup.nom gen="m" num="p">
            <n gen="m" lem="horari" num="p" pos="ncmp000" postype="common" sense="16:04874965" wd="horaris"/>
          </grup.nom>
        </sn>
        <conj conjunctiontype="coordinating">
          <c lem="i" pos="cc" postype="coordinating" wd="i"/>
        </conj>
        <sn>
          <spec gen="m" num="p">
            <d gen="f" lem="el" num="s" pos="da0fs0" postype="article" wd="la"/>
            <n gen="f" lem="resta" num="s" pos="ncfs000" postype="common" sense="16:09947291" wd="resta"/>
            <s lem="de" pos="sps00" postype="preposition" wd="de"/>
          </spec>
          <sn>
            <grup.nom gen="m" num="p">
              <n gen="m" lem="requisit" num="p" pos="ncmp000" postype="common" sense="16:06846327" wd="requisits"/>
            </grup.nom>
          </sn>
        </sn>
      </sn>
    </sp>
    <f lem="." pos="fp" punct="period" wd="."/>
  </sentence>
  <sentence>
    <sn arg="arg1" func="suj" tem="tem">
      <spec gen="f" num="s">
        <d gen="c" lem="el" num="s" pos="da0cs0" postype="article" wd="L'"/>
      </spec>
      <grup.nom gen="f" num="s">
        <n gen="f" lem="adreça" num="s" pos="ncfs000" postype="common" sense="16:05083171" wd="adreça"/>
        <sp>
          <prep>
            <s lem="de" pos="sps00" postype="preposition" wd="de"/>
          </prep>
          <sn>
            <spec gen="f" num="s">
              <d gen="f" lem="el" num="s" pos="da0fs0" postype="article" wd="la"/>
            </spec>
            <grup.nom gen="f" num="s">
              <n gen="c" lem="web" num="s" pos="nccs000" postype="common" sense="16:03632937" wd="web"/>
            </grup.nom>
          </sn>
        </sp>
      </grup.nom>
    </sn>
    <grup.verb>
      <v lem="ser" lss="C21.state-attributive" mood="indicative" num="s" person="3" pos="vmip3s0" postype="main" tense="present" wd="és"/>
    </grup.verb>
    <sn arg="arg2" entityref="ne" func="atr" ne="other" tem="atr">
      <grup.nom>
        <n lem="www.itacanet.com/mercataventura" ne="other" pos="np0000a" postype="proper" sense="16:cs1" wd="www.itacanet.com/mercataventura"/>
      </grup.nom>
    </sn>
    <f lem="." pos="fp" punct="period" wd="."/>
  </sentence>
  <sentence coord="yes">
    <S>
      <sn arg="arg1" func="suj" tem="pat">
        <spec gen="f" num="p">
          <d gen="f" lem="el" num="p" pos="da0fp0" postype="article" wd="Les"/>
        </spec>
        <grup.nom gen="f" num="p">
          <n gen="f" lem="entrada" num="p" pos="ncfp000" postype="common" sense="16:04893813" wd="entrades"/>
          <sp>
            <prep>
              <s lem="per" pos="sps00" postype="preposition" wd="per"/>
            </prep>
            <sp>
              <prep>
                <s lem="a" pos="sps00" postype="preposition" wd="a"/>
              </prep>
              <sn>
                <spec gen="f" num="p">
                  <d gen="f" lem="el" num="p" pos="da0fp0" postype="article" wd="les"/>
                  <d gen="c" lem="diferent" num="p" pos="di0cp0" postype="indefinite" wd="diferents"/>
                </spec>
                <grup.nom gen="f" num="p">
                  <n gen="f" lem="activitat" num="p" pos="ncfp000" postype="common" sense="16:00261466" wd="activitats"/>
                </grup.nom>
              </sn>
            </sp>
          </sp>
        </grup.nom>
      </sn>
      <morfema.verbal func="pass">
        <p gen="c" lem="es" num="c" pos="p0000000" wd="es"/>
      </morfema.verbal>
      <grup.verb>
        <v lem="poder" mood="indicative" num="p" person="3" pos="vmif3p0" postype="main" tense="future" wd="podran"/>
        <infinitiu>
          <v lem="adquirir" lss="B22.unaccusative-passive-transitive" mood="infinitive" pos="vmn0000" postype="main" wd="adquirir"/>
        </infinitiu>
      </grup.verb>
      <sp arg="argM" func="cc" tem="loc">
        <prep>
          <s lem="a" pos="sps00" postype="preposition" wd="a"/>
        </prep>
        <sn>
          <spec gen="f" num="s">
            <d gen="f" lem="el" num="s" pos="da0fs0" postype="article" wd="la"/>
            <d gen="f" lem="mateix" num="s" pos="di0fs0" postype="indefinite" wd="mateixa"/>
          </spec>
          <grup.nom gen="f" num="s">
            <n gen="f" lem="fira" num="s" pos="ncfs000" postype="common" sense="16:06218045" wd="fira"/>
          </grup.nom>
        </sn>
      </sp>
    </S>
    <conj conjunctiontype="coordinating">
      <c lem="o_bé" pos="cc" postype="coordinating" wd="o_bé"/>
    </conj>
    <S verbless="yes">
      <sadv>
        <grup.adv>
          <r lem="anticipadament" pos="rg" wd="anticipadament"/>
        </grup.adv>
      </sadv>
      <sp>
        <prep>
          <s contracted="yes" gen="m" lem="al" num="s" pos="spcms" postype="preposition" wd="al"/>
        </prep>
        <sn>
          <grup.nom gen="m" num="s">
            <n gen="m" lem="servei" num="s" pos="ncms000" postype="common" sense="16:00379388" wd="servei"/>
            <sp>
              <prep>
                <s lem="de" pos="sps00" postype="preposition" wd="d'"/>
              </prep>
              <sn>
                <grup.nom gen="f" num="p">
                  <n gen="f" lem="entrada" num="p" pos="ncfp000" postype="common" sense="16:04893813" wd="entrades"/>
                </grup.nom>
              </sn>
            </sp>
            <sp>
              <prep>
                <s lem="de" pos="sps00" postype="preposition" wd="de"/>
              </prep>
              <sn entityref="ne" ne="organization">
                <grup.nom>
                  <n lem="Caixa_de_Girona" ne="organization" pos="np0000o" postype="proper" sense="16:cs1" wd="Caixa_de_Girona"/>
                </grup.nom>
              </sn>
            </sp>
          </grup.nom>
        </sn>
      </sp>
      <sp>
        <prep>
          <s contracted="yes" gen="m" lem="al" num="s" pos="spcms" postype="preposition" wd="al"/>
        </prep>
        <sn>
          <grup.nom gen="m" num="s">
            <n gen="m" lem="telèfon" num="s" pos="ncms000" postype="common" sense="16:04742034" wd="telèfon"/>
            <sn entityref="ne" ne="number">
              <grup.nom>
                <z lem="972417717" ne="number" wd="972.41.77.17"/>
              </grup.nom>
            </sn>
          </grup.nom>
        </sn>
      </sp>
    </S>
    <f lem="." pos="fp" punct="period" wd="."/>
  </sentence>
  <sentence>
    <sn arg="arg1" entityref="ne" func="suj" ne="other" tem="tem">
      <grup.nom>
        <n lem="Mercatavetura" ne="other" pos="np0000a" postype="proper" sense="16:cs1" wd="Mercatavetura"/>
      </grup.nom>
    </sn>
    <grup.verb>
      <v lem="tenir" lss="C21.state-attributive" mood="indicative" num="s" person="3" pos="vmip3s0" postype="main" tense="present" wd="té"/>
    </grup.verb>
    <sn arg="arg2" func="cd" functype="quantitative" tem="atr">
      <spec gen="f" num="s">
        <d gen="f" lem="el" num="s" pos="da0fs0" postype="article" wd="la"/>
      </spec>
      <grup.nom gen="f" num="s">
        <n gen="f" lem="voluntat" num="s" pos="ncfs000" postype="common" sense="16:04588033" wd="voluntat"/>
        <sp>
          <prep>
            <s lem="de" pos="sps00" postype="preposition" wd="de"/>
          </prep>
          <S clausetype="completive" impersonal="yes">
            <infinitiu>
              <v lem="posar" lss="A34.ditransitive-patient-theme" mood="infinitive" pos="vmn0000" postype="main" wd="posar"/>
            </infinitiu>
            <sp arg="arg2" func="creg" tem="tem">
              <prep>
                <s lem="a" pos="sps00" postype="preposition" wd="a"/>
              </prep>
              <sn>
                <grup.nom gen="f" num="s">
                  <n gen="f" lem="disposició" num="s" pos="ncfs000" postype="common" sense="16:04046475" wd="disposició"/>
                  <sp>
                    <prep>
                      <s contracted="yes" gen="m" lem="del" num="p" pos="spcmp" postype="preposition" wd="dels"/>
                    </prep>
                    <sn>
                      <grup.nom gen="m" num="p">
                        <n gen="m" lem="ciutadà" num="p" pos="ncmp000" postype="common" sense="16:07157546" wd="ciutadans"/>
                      </grup.nom>
                    </sn>
                  </sp>
                </grup.nom>
              </sn>
            </sp>
            <sn arg="arg1" func="cd" tem="pat">
              <spec gen="f" num="s">
                <d gen="f" lem="un" num="s" pos="di0fs0" postype="indefinite" wd="una"/>
              </spec>
              <grup.nom gen="f" num="s">
                <s.a gen="f" num="s">
                  <grup.a gen="f" num="s">
                    <a gen="c" lem="important" num="s" pos="aq0cs0" postype="qualificative" wd="important"/>
                  </grup.a>
                </s.a>
                <n gen="f" lem="oferta" num="s" pos="ncfs000" postype="common" sense="16:09726614" wd="oferta"/>
                <s.a gen="f" num="s">
                  <grup.a gen="f" num="s">
                    <a gen="f" lem="lúdic" num="s" pos="aq0fs0" postype="qualificative" wd="lúdica"/>
                  </grup.a>
                </s.a>
              </grup.nom>
            </sn>
          </S>
        </sp>
      </grup.nom>
    </sn>
    <f lem="." pos="fp" punct="period" wd="."/>
  </sentence>
  <sentence>
    <sn arg="arg0" func="suj" tem="agt">
      <spec gen="m" num="p">
        <d gen="m" lem="el" num="p" pos="da0mp0" postype="article" wd="Els"/>
      </spec>
      <grup.nom gen="m" num="p">
        <n gen="c" lem="visitant" num="p" pos="nccp000" postype="common" sense="16:07668613" wd="visitants"/>
      </grup.nom>
    </sn>
    <grup.verb>
      <v lem="poder" mood="indicative" num="p" person="3" pos="vmif3p0" postype="main" tense="future" wd="podran"/>
      <infinitiu>
        <v lem="participar" lss="A22.transitive-agentive-theme" mood="infinitive" pos="vmn0000" postype="main" wd="participar"/>
      </infinitiu>
    </grup.verb>
    <sp arg="arg1" func="creg" tem="tem">
      <prep>
        <s lem="en" pos="sps00" postype="preposition" wd="en"/>
      </prep>
      <sn>
        <grup.nom gen="f" num="p">
          <n gen="f" lem="activitat" num="p" pos="ncfp000" postype="common" sense="16:00261466" wd="activitats"/>
          <sp>
            <prep>
              <s lem="de" pos="sps00" postype="preposition" wd="de"/>
            </prep>
            <sn complex="yes">
              <grup.nom coord="yes">
                <grup.nom gen="m" num="s">
                  <n gen="m" lem="descens" num="s" pos="ncms000" postype="common" sense="16:05483742" wd="descens"/>
                  <sp>
                    <prep>
                      <s lem="de" pos="sps00" postype="preposition" wd="de"/>
                    </prep>
                    <sn>
                      <grup.nom gen="m" num="p">
                        <n gen="m" lem="barranc" num="p" pos="ncmp000" postype="common" sense="16:06732888" wd="barrancs"/>
                      </grup.nom>
                    </sn>
                  </sp>
                </grup.nom>
                <f lem="," pos="fc" punct="comma" wd=","/>
                <grup.nom gen="m" num="s">
                  <n gen="m" lem="parapent" num="s" pos="ncms000" postype="common" sense="16:cs1" wd="parapent"/>
                </grup.nom>
                <f lem="," pos="fc" punct="comma" wd=","/>
                <grup.nom gen="f" num="s">
                  <n gen="f" lem="escalada" num="s" pos="ncfs000" postype="common" sense="16:00209737" wd="escalada"/>
                </grup.nom>
                <f lem="," pos="fc" punct="comma" wd=","/>
                <grup.nom gen="m" num="s">
                  <n gen="m" lem="ponting" num="s" pos="ncms000" postype="common" sense="16:cs1" wd="ponting"/>
                </grup.nom>
                <f lem="," pos="fc" punct="comma" wd=","/>
                <grup.nom gen="m" num="p">
                  <n gen="m" lem="kayak" num="p" pos="ncmp000" postype="common" sense="16:cs1" wd="kayaks"/>
                </grup.nom>
                <f lem="," pos="fc" punct="comma" wd=","/>
                <grup.nom gen="m" num="s">
                  <n gen="m" lem="rafting" num="s" pos="ncms000" postype="common" sense="16:cs1" wd="rafting"/>
                </grup.nom>
                <f lem="," pos="fc" punct="comma" wd=","/>
                <grup.nom gen="m" num="p">
                  <n gen="m" lem="vol" num="p" pos="ncmp000" postype="common" sense="16:00195810" wd="vols"/>
                  <sp>
                    <prep>
                      <s lem="en" pos="sps00" postype="preposition" wd="en"/>
                    </prep>
                    <sn>
                      <grup.nom gen="m" num="s">
                        <n gen="m" lem="helicòpter" num="s" pos="ncms000" postype="common" sense="16:02814163" wd="helicòpter"/>
                      </grup.nom>
                    </sn>
                  </sp>
                </grup.nom>
                <f lem="," pos="fc" punct="comma" wd=","/>
                <grup.nom gen="m" num="s">
                  <n gen="m" lem="globus" num="c" pos="ncmn000" postype="common" sense="16:02243465" wd="globus"/>
                </grup.nom>
                <f lem="," pos="fc" punct="comma" wd=","/>
                <grup.nom gen="m" num="s">
                  <n gen="c" lem="btt" num="s" pos="nccs000" postype="common" sense="16:cs1" wd="btt"/>
                </grup.nom>
                <f lem="," pos="fc" punct="comma" wd=","/>
                <grup.nom gen="m" num="s">
                  <n gen="c" lem="dirt_track" num="c" pos="nc00000" postype="common" sense="16:cs1" wd="dirt_track"/>
                </grup.nom>
                <f lem="," pos="fc" punct="comma" wd=","/>
                <grup.nom gen="f" num="s">
                  <n gen="f" lem="hípica" num="s" pos="ncfs000" postype="common" sense="16:00285625" wd="hípica"/>
                </grup.nom>
                <f lem="," pos="fc" punct="comma" wd=","/>
                <grup.nom gen="m" num="s">
                  <n gen="m" lem="4x4" num="s" pos="ncms000" postype="common" sense="16:cs1" wd="4x4"/>
                </grup.nom>
                <f lem="," pos="fc" punct="comma" wd=","/>
                <grup.nom gen="m" num="s">
                  <n gen="m" lem="tot_terreny" num="s" pos="ncms000" postype="common" sense="16:cs1" wd="tot_terreny"/>
                </grup.nom>
                <f lem="," pos="fc" punct="comma" wd=","/>
                <grup.nom gen="m" num="s">
                  <n gen="m" lem="treking" num="s" pos="ncms000" postype="common" sense="16:cs1" wd="treking"/>
                </grup.nom>
                <f lem="," pos="fc" punct="comma" wd=","/>
                <grup.nom gen="m" num="p">
                  <n gen="m" lem="raid" num="p" pos="ncmp000" postype="common" sense="16:cs1" wd="raids"/>
                  <sp>
                    <prep>
                      <s lem="de" pos="sps00" postype="preposition" wd="d'"/>
                    </prep>
                    <sn>
                      <grup.nom gen="f" num="s">
                        <n gen="f" lem="aventura" num="s" pos="ncfs000" postype="common" sense="16:cs3" wd="aventura"/>
                      </grup.nom>
                    </sn>
                  </sp>
                </grup.nom>
                <f lem="," pos="fc" punct="comma" wd=","/>
                <grup.nom gen="m" num="s">
                  <n gen="m" lem="trial" num="s" pos="ncms000" postype="common" sense="16:cs1" wd="trial"/>
                </grup.nom>
                <f lem="," pos="fc" punct="comma" wd=","/>
                <grup.nom gen="m" num="s">
                  <n gen="c" lem="benji_jumping" num="c" pos="nc00000" postype="common" sense="16:cs1" wd="benji_jumping"/>
                </grup.nom>
              </grup.nom>
            </sn>
          </sp>
        </grup.nom>
      </sn>
    </sp>
    <f lem="." pos="fp" punct="period" wd="."/>
  </sentence>
  <sentence coord="yes">
    <sadv adjunct="yes" func="et">
      <grup.adv>
        <r lem="a_més" pos="rg" wd="A_més"/>
      </grup.adv>
    </sadv>
    <S coord="yes">
      <S>
        <sn arg="arg1" func="suj" tem="tem">
          <spec gen="m" num="s">
            <d gen="m" lem="el" num="s" pos="da0ms0" postype="article" wd="el"/>
          </spec>
          <grup.nom gen="m" num="s">
            <n gen="m" lem="recinte" num="s" pos="ncms000" postype="common" sense="16:02638575" wd="recinte"/>
            <sp>
              <prep>
                <s lem="de" pos="sps00" postype="preposition" wd="de"/>
              </prep>
              <sn>
                <spec gen="f" num="s">
                  <d gen="f" lem="el" num="s" pos="da0fs0" postype="article" wd="la"/>
                </spec>
                <grup.nom gen="f" num="s">
                  <n gen="f" lem="fira" num="s" pos="ncfs000" postype="common" sense="16:06218045" wd="fira"/>
                </grup.nom>
              </sn>
            </sp>
          </grup.nom>
        </sn>
        <grup.verb>
          <v lem="disposar" lss="C21.state-attributive" mood="indicative" num="s" person="3" pos="vmif3s0" postype="main" tense="future" wd="disposarà"/>
        </grup.verb>
        <sp arg="arg2" func="creg" tem="atr">
          <prep>
            <s lem="de" pos="sps00" postype="preposition" wd="de"/>
          </prep>
          <sn>
            <grup.nom gen="m" num="p">
              <n gen="m" lem="servei" num="p" pos="ncmp000" postype="common" sense="16:00379388" wd="serveis"/>
              <sp>
                <prep>
                  <s lem="de" pos="sps00" postype="preposition" wd="de"/>
                </prep>
                <sn>
                  <grup.nom gen="f" num="s">
                    <n gen="f" lem="restauració" num="s" pos="ncfs000" postype="common" sense="16:cs1" wd="restauració"/>
                  </grup.nom>
                </sn>
              </sp>
            </grup.nom>
          </sn>
        </sp>
      </S>
      <conj conjunctiontype="coordinating">
        <c lem="i" pos="cc" postype="coordinating" wd="i"/>
      </conj>
      <S>
        <sn arg="arg1" elliptic="yes" func="suj" tem="tem"/>
        <grup.verb>
          <v lem="ser" lss="C21.state-attributive" mood="indicative" num="s" person="3" pos="vmif3s0" postype="main" tense="future" wd="serà"/>
        </grup.verb>
        <sn arg="arg2" func="atr" tem="atr">
          <grup.nom gen="m" num="s">
            <n gen="m" lem="escenari" num="s" pos="ncms000" postype="common" sense="16:cs1" wd="escenari"/>
            <sp>
              <prep>
                <s lem="de" pos="sps00" postype="preposition" wd="d'"/>
              </prep>
              <sn>
                <grup.nom gen="f" num="p">
                  <n gen="f" lem="exhibició" num="p" pos="ncfp000" postype="common" sense="16:00335980" wd="exhibicions"/>
                  <sp>
                    <prep>
                      <s lem="de" pos="sps00" postype="preposition" wd="d'"/>
                    </prep>
                    <sn complex="yes">
                      <grup.nom coord="yes">
                        <grup.nom gen="f" num="s">
                          <n gen="f" lem="apnea" num="s" pos="ncfs000" postype="common" sense="16:10309796" wd="apnea"/>
                        </grup.nom>
                        <f lem="," pos="fc" punct="comma" wd=","/>
                        <grup.nom gen="m" num="s">
                          <n gen="m" lem="aeròbic" num="s" pos="ncms000" postype="common" sense="16:00412575" wd="aeròbic"/>
                          <f lem="," pos="fc" punct="comma" wd=","/>
                        </grup.nom>
                        <conj conjunctiontype="coordinating">
                          <c lem="i" pos="cc" postype="coordinating" wd="i"/>
                        </conj>
                        <grup.nom gen="m" num="p">
                          <n gen="m" lem="vehicle" num="p" pos="ncmp000" postype="common" sense="16:03569523" wd="vehicles"/>
                          <s.a gen="m" num="s">
                            <grup.a gen="m" num="s">
                              <n gen="m" lem="4x4" num="s" pos="ncms000" postype="common" sense="16:cs1" wd="4x4"/>
                            </grup.a>
                          </s.a>
                        </grup.nom>
                      </grup.nom>
                    </sn>
                  </sp>
                </grup.nom>
              </sn>
            </sp>
          </grup.nom>
        </sn>
      </S>
    </S>
    <f lem="." pos="fp" punct="period" wd="."/>
  </sentence>
</article>
