<?xml version="1.0" encoding="UTF-8"?>
<!-- 

  ancora-2.0
       
			Copyright (C) 2007, 2008, 2009, 2010, 2011 UB - CLiC
			Centre de Llenguatge i Computació - Universitat de Barcelona
 
  This file is part of ancora-2.0.
 
  ancora-2.0 is free software and data: you can redistribute it and/or modify
  it under the terms of the GNU General Public License as published
  by the Free Software Foundation, either version 3 of the License,
  or (at your option) any later version.

  ancora-2.0 is distributed in the hope that it will be useful,
  but WITHOUT ANY WARRANTY; without even the implied warranty of
  MERCHANTABILITY or FITNESS FOR A PARTICULAR PURPOSE.  See the
  GNU General Public License for more details.
 
  You should have received a copy of the GNU General Public License
  along with ancora-2.0.  If not, see &lt;http://www.gnu.org/licenses/&gt;.
 
  Check a text in catalan explaining the terms of the license at http://www.softcatala.cat/wiki/GPL3.
  In spanish at http://www.viti.es/gnu/licenses/gpl.html
 

  The following paper must be cited when using this corpus:

 * Taulé, M., M.A. Martí, M. Recasens (2008) 'Ancora: Multilevel Annotated Corpora for Catalan and Spanish',
   Proceedings of 6th International Conference on Language Resources and Evaluation. Marrakesh (Morocco).

  In addition, the following paper must be cited if coreference information (attributes entity, coreftype,
  corefsubtype, homophoricDD or entityref) is used:

 * Recasens, Marta, M. Antònia Martí (2010) ‘AnCora-CO: Coreferentially annotated corpora for Spanish and
   Catalan’. Language Resources and Evaluation, Springer Science.

  Additionally, the following paper must be cited when argumental attributes in "sn" or "grup.nom"
  (attributes func, arg, tem or lexicalid) are used:

 * Peris, Aina, Mariona Taulé, Horacio Rodríguez (2010) ‘Semantic Annotation of Deverbal Nominalizations in the
   Spanish AnCora corpus’. Treebanks and Linguistic Theories (TLT-2010), Estonia.
-->
<article lng="ca">
  <sentence>
    <sn arg="arg0" entityref="ne" func="suj" ne="person" tem="agt">
      <spec gen="m" num="s">
        <d gen="c" lem="el" num="s" pos="da0cs0" postype="article" wd="L'"/>
      </spec>
      <grup.nom gen="m" num="s">
        <n gen="m" lem="arquebisbe" num="s" pos="ncms000" postype="common" sense="16:07082144" wd="arquebisbe"/>
        <sp>
          <prep>
            <s lem="de" pos="sps00" postype="preposition" wd="de"/>
          </prep>
          <sn entityref="ne" ne="location">
            <grup.nom>
              <n lem="Tarragona" ne="location" pos="np0000l" postype="proper" sense="16:50004692" wd="Tarragona"/>
            </grup.nom>
          </sn>
        </sp>
        <sn entityref="ne" ne="person">
          <f lem="," pos="fc" punct="comma" wd=","/>
          <grup.nom gen="m" num="s">
            <n lem="Lluís_Martínez_i_Sistach" ne="person" pos="np0000p" postype="proper" sense="16:cs1" wd="Lluís_Martínez_i_Sistach"/>
          </grup.nom>
          <f lem="," pos="fc" punct="comma" wd=","/>
        </sn>
      </grup.nom>
    </sn>
    <grup.verb>
      <v lem="dir" lss="A32.ditransitive-patient-benefactive" mood="indicative" num="s" person="3" pos="vmip3s0" postype="main" tense="present" wd="diu"/>
    </grup.verb>
    <S arg="arg1" clausetype="completive" func="cd" tem="pat">
      <conj conjunctiontype="subordinating">
        <c lem="que" pos="cs" postype="subordinating" wd="que"/>
      </conj>
      <f lem="'" pos="fz" punct="mathsign" wd="'"/>
      <sn arg="arg1" entityref="ne" func="suj" ne="location" tem="tem">
        <grup.nom>
          <n lem="Catalunya" ne="location" pos="np0000l" postype="proper" wd="Catalunya"/>
        </grup.nom>
      </sn>
      <sp arg="argM" func="cc" tem="adv">
        <f lem="," pos="fc" punct="comma" wd=","/>
        <prep>
          <c lem="com" pos="cs" postype="subordinating" wd="com"/>
        </prep>
        <sn>
          <spec gen="f" num="p">
            <d gen="f" lem="el" num="s" pos="da0fs0" postype="article" wd="la"/>
            <n gen="f" lem="resta" num="s" pos="ncfs000" postype="common" sense="16:09947291" wd="resta"/>
            <s lem="de" pos="sps00" postype="preposition" wd="de"/>
          </spec>
          <grup.nom gen="f" num="p">
            <n gen="f" lem="nació" num="p" pos="ncfp000" postype="common" sense="16:06073126" wd="nacions"/>
            <sp>
              <prep>
                <s lem="de" pos="sps00" postype="preposition" wd="d'"/>
              </prep>
              <sn entityref="ne" ne="location">
                <grup.nom>
                  <n lem="Europa" ne="location" pos="np0000l" postype="proper" wd="Europa"/>
                </grup.nom>
              </sn>
            </sp>
          </grup.nom>
        </sn>
        <f lem="," pos="fc" punct="comma" wd=","/>
      </sp>
      <grup.verb>
        <v lem="patir" lss="C21.state-attributive" mood="indicative" num="s" person="3" pos="vmip3s0" postype="main" tense="present" wd="pateix"/>
      </grup.verb>
      <sn arg="arg2" func="cd" functype="quantitative" tem="atr">
        <spec gen="m" num="s">
          <d gen="m" lem="un" num="s" pos="di0ms0" postype="indefinite" wd="un"/>
        </spec>
        <grup.nom gen="m" num="s">
          <n gen="m" lem="procés" num="s" pos="ncms000" postype="common" sense="16:09669871" wd="procés"/>
          <sp coord="yes">
            <sp>
              <prep>
                <s lem="de" pos="sps00" postype="preposition" wd="de"/>
              </prep>
              <sn>
                <grup.nom gen="f" num="s">
                  <n gen="f" lem="secularització" num="s" pos="ncfs000" postype="common" sense="16:00719313" wd="secularització"/>
                </grup.nom>
              </sn>
            </sp>
            <conj conjunctiontype="coordinating">
              <c lem="i" pos="cc" postype="coordinating" wd="i"/>
            </conj>
            <sp>
              <prep>
                <s lem="de" pos="sps00" postype="preposition" wd="de"/>
              </prep>
              <sn>
                <grup.nom gen="f" num="s">
                  <n gen="f" lem="descristianització" num="s" pos="ncfs000" postype="common" sense="16:cs1" wd="descristianització"/>
                </grup.nom>
              </sn>
            </sp>
          </sp>
        </grup.nom>
      </sn>
      <f lem="'" pos="fz" punct="mathsign" wd="'"/>
    </S>
    <f lem="." pos="fp" punct="period" wd="."/>
  </sentence>
  <sentence>
    <sn arg="arg0" entityref="ne" func="suj" ne="person" tem="agt">
      <grup.nom gen="m" num="s">
        <n lem="Martínez_i_Sistach" ne="person" pos="np0000p" postype="proper" sense="16:cs1" wd="Martínez_i_Sistach"/>
      </grup.nom>
    </sn>
    <grup.verb>
      <v lem="afirmar" lss="A21.transitive-agentive-patient" mood="indicative" num="s" person="3" pos="vmip3s0" postype="main" tense="present" wd="afirma"/>
    </grup.verb>
    <S arg="arg1" clausetype="completive" func="cd" tem="pat">
      <conj conjunctiontype="subordinating">
        <c lem="que" pos="cs" postype="subordinating" wd="que"/>
      </conj>
      <f lem="'" pos="fz" punct="mathsign" wd="'"/>
      <sp arg="argM" func="cc" tem="loc">
        <prep>
          <s lem="en" pos="sps00" postype="preposition" wd="en"/>
        </prep>
        <sn>
          <spec gen="m" num="s">
            <d gen="m" lem="un" num="s" pos="di0ms0" postype="indefinite" wd="un"/>
          </spec>
          <grup.nom gen="m" num="s">
            <n gen="m" lem="món" num="s" pos="ncms000" postype="common" sense="16:06753779" wd="món"/>
            <S clausetype="participle" coord="yes" impersonal="yes">
              <S clausetype="participle" impersonal="yes">
                <participi>
                  <a gen="m" lem="secularitzat-b2" num="s" pos="aq0msp" posfunction="participle" postype="qualificative" wd="secularitzat"/>
                </participi>
              </S>
              <conj conjunctiontype="coordinating">
                <c lem="i" pos="cc" postype="coordinating" wd="i"/>
              </conj>
              <S clausetype="participle" impersonal="yes">
                <participi>
                  <a gen="m" lem="dessacralitzat" num="s" pos="aq0msp" posfunction="participle" postype="qualificative" wd="dessacralitzat"/>
                </participi>
              </S>
            </S>
            <sp>
              <prep>
                <c lem="com" pos="cs" postype="subordinating" wd="com"/>
              </prep>
              <sn>
                <grup.nom gen="m" num="s">
                  <p gen="m" lem="el_nostre" num="s" person="1" pos="px1ms0p0" possessornum="p" postype="possessive" wd="el_nostre"/>
                </grup.nom>
              </sn>
            </sp>
          </grup.nom>
        </sn>
      </sp>
      <sn arg="arg1" discid="1c" func="suj" tem="tem">
        <spec gen="m" num="s">
          <d gen="m" lem="el" num="s" pos="da0ms0" postype="article" wd="el"/>
        </spec>
        <grup.nom gen="m" num="s">
          <n gen="m" lem="fet" num="s" pos="ncms000" postype="common" sense="16:05432762" wd="fet"/>
          <s.a gen="m" num="s">
            <grup.a gen="m" num="s">
              <a gen="c" lem="diferencial" num="s" pos="aq0cs0" postype="qualificative" wd="diferencial"/>
            </grup.a>
          </s.a>
          <s.a gen="m" num="s">
            <grup.a gen="m" num="s">
              <a gen="m" lem="evangelitzador" num="s" pos="aq0ms0" postype="qualificative" wd="evangelitzador"/>
            </grup.a>
          </s.a>
        </grup.nom>
      </sn>
      <grup.verb>
        <v lem="caldre" lss="C41.state-benefactive" mood="indicative" num="s" person="3" pos="vmip3s0" postype="main" tense="present" wd="cal"/>
      </grup.verb>
      <S arg="arg1" clausetype="completive" discid="1n" func="suj" tem="tem">
        <conj conjunctiontype="subordinating">
          <c lem="que" pos="cs" postype="subordinating" wd="que"/>
        </conj>
        <grup.verb>
          <v lem="ser" lss="C21.state-attributive" mood="subjunctive" num="s" person="3" pos="vmsp3s0" postype="main" tense="present" wd="sigui"/>
        </grup.verb>
        <sn arg="arg2" coord="yes" func="atr" tem="atr">
          <sn>
            <spec gen="f" num="s">
              <d gen="f" lem="el" num="s" pos="da0fs0" postype="article" wd="la"/>
            </spec>
            <grup.nom gen="f" num="s">
              <n gen="f" lem="comunicació" num="s" pos="ncfs000" postype="common" sense="16:04728675" wd="comunicació"/>
            </grup.nom>
          </sn>
          <conj conjunctiontype="coordinating">
            <c lem="i" pos="cc" postype="coordinating" wd="i"/>
          </conj>
          <sn>
            <spec gen="f" num="s">
              <d gen="f" lem="el" num="s" pos="da0fs0" postype="article" wd="la"/>
            </spec>
            <grup.nom gen="f" num="s">
              <n gen="f" lem="pràctica" num="s" pos="ncfs000" postype="common" sense="16:00263789" wd="pràctica"/>
              <sp>
                <prep>
                  <s lem="de" pos="sps00" postype="preposition" wd="de"/>
                </prep>
                <sn>
                  <spec gen="f" num="s">
                    <d gen="c" lem="el" num="s" pos="da0cs0" postype="article" wd="l'"/>
                  </spec>
                  <grup.nom gen="f" num="s">
                    <n gen="f" lem="esperança" num="s" pos="ncfs000" postype="common" sense="16:05605928" wd="esperança"/>
                    <s.a gen="f" num="s">
                      <grup.a gen="f" num="s">
                        <a gen="f" lem="cristià" num="s" pos="aq0fs0" postype="qualificative" wd="cristiana"/>
                      </grup.a>
                    </s.a>
                  </grup.nom>
                </sn>
              </sp>
            </grup.nom>
          </sn>
        </sn>
      </S>
      <f lem="'" pos="fz" punct="mathsign" wd="'"/>
    </S>
    <f lem="." pos="fp" punct="period" wd="."/>
  </sentence>
  <sentence>
    <S arg="arg1" clausetype="completive" func="cd" tem="pat">
      <f lem="'" pos="fz" punct="mathsign" wd="'"/>
      <sn arg="arg1" func="suj" tem="tem">
        <spec gen="f" num="s">
          <d gen="f" lem="el" num="s" pos="da0fs0" postype="article" wd="La"/>
        </spec>
        <grup.nom gen="f" num="s">
          <n gen="f" lem="inculturació" num="s" pos="ncfs000" postype="common" sense="16:cs1" wd="inculturació"/>
          <sp>
            <prep>
              <s lem="de" pos="sps00" postype="preposition" wd="de"/>
            </prep>
            <sn>
              <spec gen="f" num="s">
                <d gen="f" lem="el" num="s" pos="da0fs0" postype="article" wd="la"/>
              </spec>
              <grup.nom gen="f" num="s">
                <n gen="f" lem="fe" num="s" pos="ncfs000" postype="common" sense="16:04565571" wd="fe"/>
              </grup.nom>
            </sn>
          </sp>
          <sp>
            <prep>
              <s lem="en" pos="sps00" postype="preposition" wd="en"/>
            </prep>
            <sn>
              <spec gen="f" num="s">
                <d gen="f" lem="el" num="s" pos="da0fs0" postype="article" wd="la"/>
              </spec>
              <grup.nom gen="f" num="s">
                <n gen="f" lem="cultura" num="s" pos="ncfs000" postype="common" sense="16:04590255" wd="cultura"/>
              </grup.nom>
            </sn>
          </sp>
        </grup.nom>
      </sn>
      <grup.verb>
        <v lem="ser" lss="C21.state-attributive" mood="indicative" num="s" person="3" pos="vmip3s0" postype="main" tense="present" wd="és"/>
      </grup.verb>
      <sn arg="arg2" func="atr" tem="atr">
        <spec gen="f" num="s">
          <d gen="f" lem="un" num="s" pos="di0fs0" postype="indefinite" wd="una"/>
        </spec>
        <grup.nom gen="f" num="s">
          <n gen="f" lem="qüestió" num="s" pos="ncfs000" postype="common" sense="16:04479710" wd="qüestió"/>
          <s.a gen="f" num="s">
            <spec>
              <r lem="molt" pos="rg" wd="molt"/>
            </spec>
            <grup.a gen="f" num="s">
              <a gen="f" lem="necessari" num="s" pos="aq0fs0" postype="qualificative" wd="necessària"/>
            </grup.a>
          </s.a>
        </grup.nom>
      </sn>
      <f lem="'" pos="fz" punct="mathsign" wd="'"/>
      <f lem="," pos="fc" punct="comma" wd=","/>
    </S>
    <grup.verb>
      <v lem="afirmar" lss="A21.transitive-agentive-patient" mood="indicative" num="s" person="3" pos="vmip3s0" postype="main" tense="present" wd="afirma"/>
    </grup.verb>
    <sn arg="arg0" entityref="ne" func="suj" ne="person" tem="agt">
      <spec gen="m" num="s">
        <d gen="c" lem="el" num="s" pos="da0cs0" postype="article" wd="l'"/>
      </spec>
      <grup.nom gen="m" num="s">
        <n gen="m" lem="arquebisbe" num="s" pos="ncms000" postype="common" sense="16:07082144" wd="arquebisbe"/>
        <sp>
          <prep>
            <s lem="de" pos="sps00" postype="preposition" wd="de"/>
          </prep>
          <sn entityref="ne" ne="location">
            <grup.nom>
              <n lem="Tarragona" ne="location" pos="np0000l" postype="proper" sense="16:50004692" wd="Tarragona"/>
            </grup.nom>
          </sn>
        </sp>
        <sn entityref="ne" ne="person">
          <f lem="," pos="fc" punct="comma" wd=","/>
          <grup.nom gen="m" num="s">
            <n lem="Lluís_Martínez_i_Sistach" ne="person" pos="np0000p" postype="proper" sense="16:cs1" wd="Lluís_Martínez_i_Sistach"/>
          </grup.nom>
          <f lem="," pos="fc" punct="comma" wd=","/>
        </sn>
      </grup.nom>
    </sn>
    <sp arg="argM" func="cc" tem="loc">
      <prep>
        <s lem="a" pos="sps00" postype="preposition" wd="a"/>
      </prep>
      <sn>
        <spec gen="f" num="s">
          <d gen="f" lem="el" num="s" pos="da0fs0" postype="article" wd="la"/>
        </spec>
        <grup.nom gen="f" num="s">
          <n gen="f" lem="glosa" num="s" pos="ncfs000" postype="common" sense="16:cs1" wd="glosa"/>
          <s.a gen="f" num="s">
            <grup.a gen="f" num="s">
              <a gen="c" lem="dominical" num="s" pos="aq0cs0" postype="qualificative" wd="dominical"/>
            </grup.a>
          </s.a>
          <S clausetype="relative">
            <relatiu arg="arg1" func="suj" tem="pat">
              <p gen="c" lem="que" num="c" pos="pr0cn000" postype="relative" wd="que"/>
            </relatiu>
            <morfema.verbal func="pass">
              <p gen="c" lem="es" num="c" pos="p0000000" wd="es"/>
            </morfema.verbal>
            <grup.verb>
              <v lem="donar_a_conèixer" lss="B12.unaccusative-passive-ditransitive" mood="indicative" num="s" person="3" pos="vmif3s0" postype="main" tense="future" wd="donarà_a_conèixer"/>
            </grup.verb>
            <sn arg="argM" entityref="ne" func="cc" ne="date" tem="tmp">
              <spec gen="m" num="s">
                <d gen="m" lem="aquest" num="s" pos="dd0ms0" postype="demonstrative" wd="aquest"/>
              </spec>
              <grup.nom gen="m" num="s">
                <w lem="[diumenge:??/??/??:??.??]" ne="date" wd="diumenge"/>
              </grup.nom>
            </sn>
            <sp arg="argM" coord="yes" func="cc" tem="loc">
              <sp>
                <prep>
                  <s contracted="yes" gen="m" lem="al" num="s" pos="spcms" postype="preposition" wd="al"/>
                </prep>
                <sn entityref="ne" ne="other">
                  <grup.nom gen="m" num="s">
                    <n lem="Full_Parroquial" ne="other" pos="np0000a" postype="proper" sense="16:cs1" wd="Full_Parroquial"/>
                    <S clausetype="participle" impersonal="yes">
                      <f lem="," pos="fc" punct="comma" wd=","/>
                      <participi>
                        <a gen="m" lem="editat" lss="B22.unaccusative-passive-transitive" num="s" pos="aq0msp" posfunction="participle" postype="qualificative" wd="editat"/>
                      </participi>
                      <sp arg="arg0" func="cag" tem="agt">
                        <prep>
                          <s contracted="yes" gen="m" lem="pel" num="s" pos="spcms" postype="preposition" wd="pel"/>
                        </prep>
                        <sn>
                          <grup.nom gen="m" num="s">
                            <s.a gen="m" num="s">
                              <grup.a gen="m" num="s">
                                <a gen="m" lem="propi" num="s" pos="aq0ms0" postype="qualificative" wd="propi"/>
                              </grup.a>
                            </s.a>
                            <n gen="m" lem="bisbat" num="s" pos="ncms000" postype="common" sense="16:00387867" wd="bisbat"/>
                            <s.a gen="m" num="s">
                              <grup.a gen="m" num="s">
                                <a gen="m" lem="tarragoní" num="s" pos="aq0ms0" postype="qualificative" wd="tarragoní"/>
                              </grup.a>
                            </s.a>
                          </grup.nom>
                        </sn>
                      </sp>
                      <f lem="," pos="fc" punct="comma" wd=","/>
                    </S>
                  </grup.nom>
                </sn>
              </sp>
              <conj conjunctiontype="coordinating">
                <c lem="i" pos="cc" postype="coordinating" wd="i"/>
              </conj>
              <sp>
                <prep>
                  <s lem="a" pos="sps00" postype="preposition" wd="a"/>
                </prep>
                <sn complex="yes">
                  <spec gen="f" num="p">
                    <d gen="c" lem="diferent" num="p" pos="di0cp0" postype="indefinite" wd="diferents"/>
                  </spec>
                  <grup.nom coord="yes">
                    <grup.nom coord="yes">
                      <grup.nom gen="f" num="p">
                        <n gen="f" lem="emissora" num="p" pos="ncfp000" postype="common" sense="16:03205120" wd="emissores"/>
                        <sp>
                          <prep>
                            <s lem="de" pos="sps00" postype="preposition" wd="de"/>
                          </prep>
                          <sn>
                            <grup.nom gen="m" num="p">
                              <n gen="f" lem="ràdio" num="s" pos="ncfs000" postype="common" sense="16:04745080" wd="ràdio"/>
                            </grup.nom>
                          </sn>
                        </sp>
                      </grup.nom>
                      <f lem="," pos="fc" punct="comma" wd=","/>
                      <grup.nom gen="m" num="p">
                        <n gen="m" lem="diari" num="p" pos="ncmp000" postype="common" sense="16:04738466" wd="diaris"/>
                      </grup.nom>
                      <conj conjunctiontype="coordinating">
                        <c lem="i" pos="cc" postype="coordinating" wd="i"/>
                      </conj>
                      <grup.nom gen="f" num="p">
                        <n gen="f" lem="televisió" num="p" pos="ncfp000" postype="common" sense="16:03481385" wd="televisions"/>
                      </grup.nom>
                    </grup.nom>
                    <s.a adjunct="yes" gen="m" num="p">
                      <grup.a gen="m" num="p">
                        <a gen="c" lem="local" num="p" pos="aq0cp0" postype="qualificative" wd="locals"/>
                      </grup.a>
                    </s.a>
                    <sp adjunct="yes">
                      <prep>
                        <s lem="de" pos="sps00" postype="preposition" wd="de"/>
                      </prep>
                      <sn entityref="ne" ne="location">
                        <spec gen="f" num="s">
                          <d gen="f" lem="el" num="s" pos="da0fs0" postype="article" wd="la"/>
                        </spec>
                        <grup.nom gen="f" num="s">
                          <n gen="f" lem="demarcació" num="s" pos="ncfs000" postype="common" sense="16:06336706" wd="demarcació"/>
                          <sp>
                            <prep>
                              <s lem="de" pos="sps00" postype="preposition" wd="de"/>
                            </prep>
                            <sn entityref="ne" ne="location">
                              <grup.nom>
                                <n lem="Tarragona" ne="location" pos="np0000l" postype="proper" sense="16:50004692" wd="Tarragona"/>
                              </grup.nom>
                            </sn>
                          </sp>
                        </grup.nom>
                      </sn>
                    </sp>
                  </grup.nom>
                </sn>
              </sp>
            </sp>
          </S>
        </grup.nom>
      </sn>
    </sp>
    <f lem="." pos="fp" punct="period" wd="."/>
  </sentence>
  <sentence>
    <sn arg="arg0" entityref="ne" func="suj" ne="person" tem="agt">
      <spec gen="m" num="s">
        <d gen="c" lem="el" num="s" pos="da0cs0" postype="article" wd="L'"/>
      </spec>
      <grup.nom gen="m" num="s">
        <n gen="m" lem="arquebisbe" num="s" pos="ncms000" postype="common" sense="16:07082144" wd="arquebisbe"/>
        <s.a gen="m" num="s">
          <grup.a gen="m" num="s">
            <a gen="m" lem="tarragoní" num="s" pos="aq0ms0" postype="qualificative" wd="tarragoní"/>
          </grup.a>
        </s.a>
      </grup.nom>
    </sn>
    <sadv func="mod">
      <grup.adv>
        <r lem="també" pos="rg" wd="també"/>
      </grup.adv>
    </sadv>
    <grup.verb>
      <v lem="afirmar" lss="A21.transitive-agentive-patient" mood="indicative" num="s" person="3" pos="vmip3s0" postype="main" tense="present" wd="afirma"/>
    </grup.verb>
    <S arg="arg1" clausetype="completive" func="cd" tem="pat">
      <conj conjunctiontype="subordinating">
        <c lem="que" pos="cs" postype="subordinating" wd="que"/>
      </conj>
      <f lem="'" pos="fz" punct="mathsign" wd="'"/>
      <sn arg="arg1" entityref="ne" func="suj" ne="location" tem="tem">
        <grup.nom>
          <n lem="Catalunya" ne="location" pos="np0000l" postype="proper" wd="Catalunya"/>
        </grup.nom>
      </sn>
      <sp arg="argM" func="cc" tem="adv">
        <f lem="," pos="fc" punct="comma" wd=","/>
        <prep>
          <c lem="com" pos="cs" postype="subordinating" wd="com"/>
        </prep>
        <sn>
          <spec gen="f" num="p">
            <d gen="f" lem="el" num="s" pos="da0fs0" postype="article" wd="la"/>
            <n gen="f" lem="resta" num="s" pos="ncfs000" postype="common" sense="16:09947291" wd="resta"/>
            <s lem="de" pos="sps00" postype="preposition" wd="de"/>
          </spec>
          <grup.nom gen="f" num="p">
            <n gen="f" lem="nació" num="p" pos="ncfp000" postype="common" sense="16:06073126" wd="nacions"/>
            <sp>
              <prep>
                <s lem="de" pos="sps00" postype="preposition" wd="d'"/>
              </prep>
              <sn entityref="ne" ne="location">
                <grup.nom>
                  <n lem="Europa" ne="location" pos="np0000l" postype="proper" wd="Europa"/>
                </grup.nom>
              </sn>
            </sp>
          </grup.nom>
        </sn>
        <f lem="," pos="fc" punct="comma" wd=","/>
      </sp>
      <grup.verb>
        <v lem="patir" lss="C21.state-attributive" mood="indicative" num="s" person="3" pos="vmip3s0" postype="main" tense="present" wd="pateix"/>
      </grup.verb>
      <sn arg="arg2" func="cd" functype="quantitative" tem="atr">
        <spec gen="m" num="s">
          <d gen="m" lem="un" num="s" pos="di0ms0" postype="indefinite" wd="un"/>
        </spec>
        <grup.nom gen="m" num="s">
          <n gen="m" lem="procés" num="s" pos="ncms000" postype="common" sense="16:09669871" wd="procés"/>
          <sp coord="yes">
            <sp>
              <prep>
                <s lem="de" pos="sps00" postype="preposition" wd="de"/>
              </prep>
              <sn>
                <grup.nom gen="f" num="s">
                  <n gen="f" lem="secularització" num="s" pos="ncfs000" postype="common" sense="16:00719313" wd="secularització"/>
                </grup.nom>
              </sn>
            </sp>
            <conj conjunctiontype="coordinating">
              <c lem="i" pos="cc" postype="coordinating" wd="i"/>
            </conj>
            <sp>
              <prep>
                <s lem="de" pos="sps00" postype="preposition" wd="de"/>
              </prep>
              <sn>
                <grup.nom gen="f" num="s">
                  <n gen="f" lem="descristianització" num="s" pos="ncfs000" postype="common" sense="16:cs1" wd="descristianització"/>
                </grup.nom>
              </sn>
            </sp>
          </sp>
        </grup.nom>
      </sn>
      <f lem="'" pos="fz" punct="mathsign" wd="'"/>
    </S>
    <f lem="." pos="fp" punct="period" wd="."/>
  </sentence>
  <sentence>
    <sp arg="argM" func="cc" tem="cau">
      <prep>
        <s lem="per" pos="sps00" postype="preposition" wd="Per"/>
      </prep>
      <sn>
        <spec gen="m" num="s">
          <d gen="m" lem="aquest" num="s" pos="dd0ms0" postype="demonstrative" wd="aquest"/>
        </spec>
        <grup.nom gen="m" num="s">
          <n gen="m" lem="motiu" num="s" pos="ncms000" postype="common" sense="16:06660089" wd="motiu"/>
        </grup.nom>
      </sn>
      <f lem="," pos="fc" punct="comma" wd=","/>
    </sp>
    <sn arg="arg0" func="suj" tem="agt">
      <spec gen="m" num="s">
        <d gen="c" lem="el" num="s" pos="da0cs0" postype="article" wd="l'"/>
      </spec>
      <grup.nom gen="m" num="s">
        <n gen="m" lem="arquebisbe" num="s" pos="ncms000" postype="common" sense="16:07082144" wd="arquebisbe"/>
      </grup.nom>
    </sn>
    <grup.verb>
      <v lem="dir" lss="A32.ditransitive-patient-benefactive" mood="indicative" num="s" person="3" pos="vmip3s0" postype="main" tense="present" wd="diu"/>
    </grup.verb>
    <S arg="arg1" clausetype="completive" func="cd" tem="pat">
      <conj conjunctiontype="subordinating">
        <c lem="que" pos="cs" postype="subordinating" wd="que"/>
      </conj>
      <f lem="'" pos="fz" punct="mathsign" wd="'"/>
      <sp arg="argM" func="cc" tem="loc">
        <prep>
          <s lem="davant" pos="sps00" postype="preposition" wd="davant"/>
        </prep>
        <sn>
          <spec gen="m" num="s">
            <d gen="m" lem="aquest" num="s" pos="dd0ms0" postype="demonstrative" wd="aquest"/>
          </spec>
          <grup.nom gen="m" num="s">
            <n gen="m" lem="fenomen" num="s" pos="ncms000" postype="common" sense="16:05524610" wd="fenomen"/>
          </grup.nom>
        </sn>
      </sp>
      <grup.verb>
        <v lem="caldre" lss="C41.state-benefactive" mood="indicative" num="s" person="3" pos="vmip3s0" postype="main" tense="present" wd="cal"/>
      </grup.verb>
      <sn arg="arg1" func="suj" tem="tem">
        <spec gen="f" num="s">
          <d gen="f" lem="un" num="s" pos="di0fs0" postype="indefinite" wd="una"/>
        </spec>
        <grup.nom gen="f" num="s">
          <s.a gen="f" num="s">
            <grup.a gen="f" num="s">
              <a gen="f" lem="nou" num="s" pos="aq0fs0" postype="qualificative" wd="nova"/>
            </grup.a>
          </s.a>
          <n gen="f" lem="evangelització" num="s" pos="ncfs000" postype="common" sense="16:00059510" wd="evangelització"/>
        </grup.nom>
      </sn>
      <sp arg="argM" func="cc" tem="fin">
        <prep>
          <s lem="per_tal_de" pos="sps00" postype="preposition" wd="per_tal_de"/>
        </prep>
        <S clausetype="completive" impersonal="yes">
          <infinitiu>
            <v lem="fer" mood="infinitive" pos="vmn0000" postype="main" wd="fer"/>
            <infinitiu>
              <v lem="arribar" lss="A32.ditransitive-patient-benefactive" mood="infinitive" pos="vmn0000" postype="main" wd="arribar"/>
            </infinitiu>
          </infinitiu>
          <sn arg="arg1" func="cd" tem="tem">
            <spec gen="m" num="s">
              <d gen="m" lem="el" num="s" pos="da0ms0" postype="article" wd="el"/>
            </spec>
            <grup.nom gen="m" num="s">
              <n gen="m" lem="missatge" num="s" pos="ncms000" postype="common" sense="16:04949838" wd="missatge"/>
              <s.a gen="m" num="s">
                <grup.a gen="m" num="s">
                  <a gen="m" lem="evangèlic" num="s" pos="aq0ms0" postype="qualificative" wd="evangèlic"/>
                </grup.a>
              </s.a>
            </grup.nom>
          </sn>
          <sp arg="arg2" func="ci" tem="ben">
            <prep>
              <s lem="a" pos="sps00" postype="preposition" wd="a"/>
            </prep>
            <sn complex="yes">
              <spec gen="m" num="p">
                <d gen="m" lem="tot" num="p" pos="di0mp0" postype="indefinite" wd="tots"/>
                <d gen="m" lem="el" num="p" pos="da0mp0" postype="article" wd="els"/>
              </spec>
              <grup.nom coord="yes">
                <grup.nom gen="m" num="p">
                  <n gen="m" lem="home" num="p" pos="ncmp000" postype="common" sense="16:07391044" wd="homes"/>
                </grup.nom>
                <conj conjunctiontype="coordinating">
                  <c lem="i" pos="cc" postype="coordinating" wd="i"/>
                </conj>
                <grup.nom gen="f" num="p">
                  <n gen="f" lem="dona" num="p" pos="ncfp000" postype="common" sense="16:07684780" wd="dones"/>
                </grup.nom>
              </grup.nom>
            </sn>
          </sp>
        </S>
      </sp>
      <S arg="argM" clausetype="adverbial" func="cc" tem="cau">
        <f lem="," pos="fc" punct="comma" wd=","/>
        <conj conjunctiontype="subordinating">
          <c lem="ja_que" pos="cs" postype="subordinating" wd="ja_que"/>
        </conj>
        <sn arg="arg0" elliptic="yes" func="suj" tem="agt"/>
        <grup.verb>
          <v lem="creure" lss="A21.transitive-agentive-patient" mood="indicative" num="p" person="1" pos="vmip1p0" postype="main" tense="present" wd="creiem"/>
        </grup.verb>
        <S arg="arg1" clausetype="completive" func="cd" tem="pat">
          <conj conjunctiontype="subordinating">
            <c lem="que" pos="cs" postype="subordinating" wd="que"/>
          </conj>
          <sn arg="arg1" entityref="ne" func="suj" ne="person" tem="tem">
            <grup.nom gen="m" num="s">
              <n lem="Jesucrist" ne="person" pos="np0000p" postype="proper" sense="16:07731120" wd="Jesucrist"/>
            </grup.nom>
          </sn>
          <grup.verb>
            <v lem="ser" lss="C21.state-attributive" mood="indicative" num="s" person="3" pos="vmip3s0" postype="main" tense="present" wd="és"/>
          </grup.verb>
          <sn arg="arg2" func="atr" tem="atr">
            <spec gen="m" num="s">
              <d gen="m" lem="el" num="s" pos="da0ms0" postype="article" wd="el"/>
            </spec>
            <grup.nom gen="m" num="s">
              <s.a gen="m" num="s">
                <grup.a gen="m" num="s">
                  <a gen="c" lem="veritable" num="s" pos="aq0cs0" postype="qualificative" wd="veritable"/>
                </grup.a>
              </s.a>
              <n gen="m" lem="camí" num="s" pos="ncms000" postype="common" sense="16:03600463" wd="camí"/>
              <sp>
                <prep>
                  <s lem="de" pos="sps00" postype="preposition" wd="de"/>
                </prep>
                <sn>
                  <grup.nom gen="f" num="s">
                    <n gen="f" lem="plenitud" num="s" pos="ncfs000" postype="common" sense="16:10375193" wd="plenitud"/>
                  </grup.nom>
                </sn>
              </sp>
            </grup.nom>
          </sn>
          <sp arg="argM" func="cc" tem="adv">
            <prep>
              <s lem="per" pos="sps00" postype="preposition" wd="per"/>
            </prep>
            <sp>
              <prep>
                <s lem="a" pos="sps00" postype="preposition" wd="a"/>
              </prep>
              <sn>
                <spec gen="f" num="s">
                  <d gen="f" lem="el" num="s" pos="da0fs0" postype="article" wd="la"/>
                </spec>
                <grup.nom gen="f" num="s">
                  <n gen="f" lem="persona" num="s" pos="ncfs000" postype="common" sense="16:00004123" wd="persona"/>
                </grup.nom>
              </sn>
            </sp>
          </sp>
        </S>
      </S>
      <f lem="'" pos="fz" punct="mathsign" wd="'"/>
    </S>
    <f lem="." pos="fp" punct="period" wd="."/>
  </sentence>
  <sentence>
    <sn arg="arg0" func="suj" tem="agt">
      <spec gen="m" num="s">
        <d gen="m" lem="el" num="s" pos="da0ms0" postype="article" wd="El"/>
      </spec>
      <grup.nom gen="m" num="s">
        <n gen="m" lem="text" num="s" pos="ncms000" postype="common" sense="16:04799150" wd="text"/>
        <sp>
          <prep>
            <s lem="de" pos="sps00" postype="preposition" wd="de"/>
          </prep>
          <sn entityref="ne" ne="other">
            <spec gen="f" num="s">
              <d gen="f" lem="el" num="s" pos="da0fs0" postype="article" wd="la"/>
            </spec>
            <grup.nom gen="f" num="s">
              <n gen="f" lem="glosa" num="s" pos="ncfs000" postype="common" sense="16:cs1" wd="glosa"/>
              <S clausetype="relative">
                <f lem="," pos="fc" punct="comma" wd=","/>
                <relatiu arg="arg1" func="suj" tem="tem">
                  <p gen="c" lem="que" num="c" pos="pr0cn000" postype="relative" wd="que"/>
                </relatiu>
                <grup.verb>
                  <v lem="portar" lss="C21.state-attributive" mood="indicative" num="s" person="3" pos="vmip3s0" postype="main" tense="present" wd="porta"/>
                </grup.verb>
                <sp arg="arg3" func="cpred" predicate="cd" tem="atr">
                  <prep>
                    <s lem="per" pos="sps00" postype="preposition" wd="per"/>
                  </prep>
                  <sn>
                    <grup.nom gen="m" num="s">
                      <n gen="m" lem="títol" num="s" pos="ncms000" postype="common" sense="16:04782793" wd="títol"/>
                    </grup.nom>
                  </sn>
                </sp>
                <sn arg="arg2" entityref="ne" func="cd" functype="quantitative" ne="other" tem="atr">
                  <grup.nom>
                    <f lem="'" pos="fz" punct="mathsign" wd="'"/>
                    <n lem="Testimonis_d'_esperança" ne="other" pos="np0000a" postype="proper" sense="16:cs1" wd="Testimonis_d'_esperança"/>
                    <f lem="'" pos="fz" punct="mathsign" wd="'"/>
                  </grup.nom>
                </sn>
                <f lem="," pos="fc" punct="comma" wd=","/>
              </S>
            </grup.nom>
          </sn>
        </sp>
      </grup.nom>
    </sn>
    <grup.verb>
      <v lem="recordar" lss="A21.transitive-agentive-patient" mood="indicative" num="s" person="3" pos="vmip3s0" postype="main" tense="present" wd="recorda"/>
    </grup.verb>
    <S arg="arg1" clausetype="completive" func="cd" tem="pat">
      <conj conjunctiontype="subordinating">
        <c lem="que" pos="cs" postype="subordinating" wd="que"/>
      </conj>
      <f lem="'" pos="fz" punct="mathsign" wd="'"/>
      <neg func="mod">
        <r lem="no" pos="rn" postype="negative" wd="no"/>
      </neg>
      <grup.verb>
        <v lem="ser" lss="C21.state-attributive" mood="indicative" num="s" person="3" pos="vmip3s0" postype="main" tense="present" wd="és"/>
      </grup.verb>
      <sa arg="arg2" func="atr" tem="atr">
        <grup.a>
          <a gen="f" lem="vàlid" num="s" pos="aq0fs0" postype="qualificative" wd="vàlida"/>
        </grup.a>
      </sa>
      <sn arg="arg1" func="suj" tem="tem">
        <spec gen="f" num="s">
          <d gen="c" lem="el" num="s" pos="da0cs0" postype="article" wd="l'"/>
        </spec>
        <grup.nom gen="f" num="s">
          <n gen="f" lem="actitud" num="s" pos="ncfs000" postype="common" sense="16:04696462" wd="actitud"/>
          <sp>
            <prep>
              <s lem="de" pos="sps00" postype="preposition" wd="de"/>
            </prep>
            <sn>
              <grup.nom gen="f" num="s">
                <n gen="f" lem="desesperança" num="s" pos="ncfs000" postype="common" sense="16:10392337" wd="desesperança"/>
              </grup.nom>
            </sn>
          </sp>
          <S clausetype="relative">
            <relatiu arg="arg0" func="suj" tem="cau">
              <p gen="c" lem="que" num="c" pos="pr0cn000" postype="relative" wd="que"/>
            </relatiu>
            <grup.verb>
              <v lem="fer" mood="indicative" num="s" person="3" pos="vmip3s0" postype="main" tense="present" wd="fa"/>
              <infinitiu>
                <v lem="caure" lss="A11.transitive-causative" mood="infinitive" pos="vmn0000" postype="main" wd="caure"/>
              </infinitiu>
            </grup.verb>
            <sp arg="argM" coord="yes" func="cc" tem="adv">
              <sp>
                <prep>
                  <s lem="en" pos="sps00" postype="preposition" wd="en"/>
                </prep>
                <sn>
                  <spec gen="m" num="s">
                    <d gen="m" lem="el" num="s" pos="da0ms0" postype="article" wd="el"/>
                  </spec>
                  <grup.nom gen="m" num="s">
                    <n gen="m" lem="desencís" num="s" pos="ncms000" postype="common" sense="16:cs1" wd="desencís"/>
                  </grup.nom>
                </sn>
              </sp>
              <conj conjunctiontype="coordinating">
                <c lem="i" pos="cc" postype="coordinating" wd="i"/>
              </conj>
              <sp>
                <prep>
                  <s lem="en" pos="sps00" postype="preposition" wd="en"/>
                </prep>
                <sn>
                  <spec gen="f" num="s">
                    <d gen="f" lem="el" num="s" pos="da0fs0" postype="article" wd="la"/>
                  </spec>
                  <grup.nom gen="f" num="s">
                    <n gen="f" lem="nostàlgia" num="s" pos="ncfs000" postype="common" sense="16:05566463" wd="nostàlgia"/>
                    <sp>
                      <prep>
                        <s contracted="yes" gen="m" lem="del" num="s" pos="spcms" postype="preposition" wd="del"/>
                      </prep>
                      <sn>
                        <grup.nom gen="m" num="s">
                          <n gen="m" lem="passat" num="s" pos="ncms000" postype="common" sense="16:10849142" wd="passat"/>
                        </grup.nom>
                      </sn>
                    </sp>
                  </grup.nom>
                </sn>
              </sp>
            </sp>
          </S>
        </grup.nom>
      </sn>
      <f lem="'" pos="fz" punct="mathsign" wd="'"/>
    </S>
    <f lem="." pos="fp" punct="period" wd="."/>
  </sentence>
  <sentence>
    <sp arg="argM" func="cc" tem="cau">
      <prep>
        <s lem="per" pos="sps00" postype="preposition" wd="Per"/>
      </prep>
      <sn>
        <grup.nom gen="m" num="s">
          <p gen="c" lem="això" num="s" pos="pd0ns000" postype="demonstrative" wd="això"/>
        </grup.nom>
      </sn>
      <f lem="," pos="fc" punct="comma" wd=","/>
    </sp>
    <sp arg="argM" func="cc" tem="adv">
      <prep>
        <s contracted="yes" gen="m" lem="pel" num="p" pos="spcmp" postype="preposition" wd="pels"/>
      </prep>
      <sn>
        <grup.nom gen="m" num="p">
          <n gen="c" lem="creient" num="p" pos="nccp000" postype="common" sense="16:07107595" wd="creients"/>
        </grup.nom>
      </sn>
    </sp>
    <f lem="'" pos="fz" punct="mathsign" wd="'"/>
    <sp arg="argM" func="cc" tem="loc">
      <prep>
        <s lem="en" pos="sps00" postype="preposition" wd="en"/>
      </prep>
      <sn>
        <spec gen="m" num="s">
          <d gen="m" lem="un" num="s" pos="di0ms0" postype="indefinite" wd="un"/>
        </spec>
        <grup.nom gen="m" num="s">
          <n gen="m" lem="món" num="s" pos="ncms000" postype="common" sense="16:06753779" wd="món"/>
          <S clausetype="participle" coord="yes" impersonal="yes">
            <S clausetype="participle" impersonal="yes">
              <participi>
                <a gen="m" lem="secularitzat" num="s" pos="aq0msp" posfunction="participle" postype="qualificative" wd="secularitzat"/>
              </participi>
            </S>
            <conj conjunctiontype="coordinating">
              <c lem="i" pos="cc" postype="coordinating" wd="i"/>
            </conj>
            <S clausetype="participle" impersonal="yes">
              <participi>
                <a gen="m" lem="dessacralitzat" num="s" pos="aq0msp" posfunction="participle" postype="qualificative" wd="dessacralitzat"/>
              </participi>
            </S>
          </S>
          <sp>
            <prep>
              <c lem="com" pos="cs" postype="subordinating" wd="com"/>
            </prep>
            <sn>
              <grup.nom gen="m" num="s">
                <p gen="m" lem="el_nostre" num="s" person="1" pos="px1ms0p0" possessornum="p" postype="possessive" wd="el_nostre"/>
              </grup.nom>
            </sn>
          </sp>
        </grup.nom>
      </sn>
      <f lem="," pos="fc" punct="comma" wd=","/>
    </sp>
    <sn arg="arg1" discid="1c" func="suj" tem="tem">
      <spec gen="m" num="s">
        <d gen="m" lem="el" num="s" pos="da0ms0" postype="article" wd="el"/>
      </spec>
      <grup.nom gen="m" num="s">
        <n gen="m" lem="fet" num="s" pos="ncms000" postype="common" sense="16:05432762" wd="fet"/>
        <s.a gen="m" num="s">
          <grup.a gen="m" num="s">
            <a gen="c" lem="diferencial" num="s" pos="aq0cs0" postype="qualificative" wd="diferencial"/>
          </grup.a>
        </s.a>
        <s.a gen="m" num="s">
          <grup.a gen="m" num="s">
            <a gen="m" lem="evangelitzador" num="s" pos="aq0ms0" postype="qualificative" wd="evangelitzador"/>
          </grup.a>
        </s.a>
      </grup.nom>
    </sn>
    <grup.verb>
      <v lem="caldre" lss="C41.state-benefactive" mood="indicative" num="s" person="3" pos="vmip3s0" postype="main" tense="present" wd="cal"/>
    </grup.verb>
    <S arg="arg1" clausetype="completive" discid="1n" func="suj" tem="tem">
      <conj conjunctiontype="subordinating">
        <c lem="que" pos="cs" postype="subordinating" wd="que"/>
      </conj>
      <grup.verb>
        <v lem="ser" lss="C21.state-attributive" mood="subjunctive" num="s" person="3" pos="vmsp3s0" postype="main" tense="present" wd="sigui"/>
      </grup.verb>
      <sn arg="arg2" coord="yes" func="atr" tem="atr">
        <sn>
          <spec gen="f" num="s">
            <d gen="f" lem="el" num="s" pos="da0fs0" postype="article" wd="la"/>
          </spec>
          <grup.nom gen="f" num="s">
            <n gen="f" lem="comunicació" num="s" pos="ncfs000" postype="common" sense="16:04728675" wd="comunicació"/>
          </grup.nom>
        </sn>
        <conj conjunctiontype="coordinating">
          <c lem="i" pos="cc" postype="coordinating" wd="i"/>
        </conj>
        <sn>
          <spec gen="f" num="s">
            <d gen="f" lem="el" num="s" pos="da0fs0" postype="article" wd="la"/>
          </spec>
          <grup.nom gen="f" num="s">
            <n gen="f" lem="pràctica" num="s" pos="ncfs000" postype="common" sense="16:00263789" wd="pràctica"/>
            <sp>
              <prep>
                <s lem="de" pos="sps00" postype="preposition" wd="de"/>
              </prep>
              <sn>
                <spec gen="f" num="s">
                  <d gen="c" lem="el" num="s" pos="da0cs0" postype="article" wd="l'"/>
                </spec>
                <grup.nom gen="f" num="s">
                  <n gen="f" lem="esperança" num="s" pos="ncfs000" postype="common" sense="16:05605928" wd="esperança"/>
                  <s.a gen="f" num="s">
                    <grup.a gen="f" num="s">
                      <a gen="f" lem="cristià" num="s" pos="aq0fs0" postype="qualificative" wd="cristiana"/>
                    </grup.a>
                  </s.a>
                </grup.nom>
              </sn>
            </sp>
          </grup.nom>
        </sn>
      </sn>
    </S>
    <f lem="'" pos="fz" punct="mathsign" wd="'"/>
    <sp func="ao">
      <f lem="," pos="fc" punct="comma" wd=","/>
      <prep>
        <s lem="segons" pos="sps00" postype="preposition" wd="segons"/>
      </prep>
      <sn entityref="ne" ne="person">
        <spec gen="m" num="s">
          <d gen="c" lem="el" num="s" pos="da0cs0" postype="article" wd="l'"/>
        </spec>
        <grup.nom gen="m" num="s">
          <n gen="m" lem="arquebisbe" num="s" pos="ncms000" postype="common" sense="16:07082144" wd="arquebisbe"/>
          <s.a gen="m" num="s">
            <grup.a gen="m" num="s">
              <a gen="m" lem="tarragoní" num="s" pos="aq0ms0" postype="qualificative" wd="tarragoní"/>
            </grup.a>
          </s.a>
        </grup.nom>
      </sn>
    </sp>
    <f lem="." pos="fp" punct="period" wd="."/>
  </sentence>
  <sentence>
    <sp func="ao">
      <prep>
        <s lem="per" pos="sps00" postype="preposition" wd="Per"/>
      </prep>
      <sp>
        <prep>
          <s lem="a" pos="sps00" postype="preposition" wd="a"/>
        </prep>
        <sn entityref="ne" ne="person">
          <grup.nom gen="m" num="s">
            <n lem="Martínez_i_Sistach" ne="person" pos="np0000p" postype="proper" sense="16:cs1" wd="Martínez_i_Sistach"/>
          </grup.nom>
        </sn>
      </sp>
      <f lem="," pos="fc" punct="comma" wd=","/>
    </sp>
    <sn arg="arg1" func="suj" tem="tem">
      <spec gen="f" num="s">
        <d gen="c" lem="el" num="s" pos="da0cs0" postype="article" wd="l'"/>
      </spec>
      <grup.nom gen="f" num="s">
        <n gen="f" lem="esperança" num="s" pos="ncfs000" postype="common" sense="16:05605928" wd="esperança"/>
      </grup.nom>
    </sn>
    <neg func="mod">
      <r lem="no" pos="rn" postype="negative" wd="no"/>
    </neg>
    <grup.verb>
      <v lem="significar" lss="C21.state-attributive" mood="indicative" num="s" person="3" pos="vmip3s0" postype="main" tense="present" wd="significa"/>
    </grup.verb>
    <sn arg="arg2" coord="yes" func="cd" functype="quantitative" tem="atr">
      <sn complex="yes">
        <f lem="'" pos="fz" punct="mathsign" wd="'"/>
        <spec gen="f" num="s">
          <d gen="c" lem="el" num="s" pos="da0cs0" postype="article" wd="l'"/>
        </spec>
        <grup.nom coord="yes">
          <grup.nom coord="yes">
            <grup.nom gen="f" num="s">
              <n gen="f" lem="exclusió" num="s" pos="ncfs000" postype="common" sense="16:00135765" wd="exclusió"/>
            </grup.nom>
            <conj conjunctiontype="coordinating">
              <c lem="o" pos="cc" postype="coordinating" wd="o"/>
            </conj>
            <grup.nom gen="f" num="s">
              <n gen="f" lem="disminució" num="s" pos="ncfs000" postype="common" sense="16:00229061" wd="disminució"/>
              <sp>
                <prep>
                  <s lem="de" pos="sps00" postype="preposition" wd="de"/>
                </prep>
                <sn>
                  <spec gen="f" num="s">
                    <d gen="f" lem="el_nostre" num="s" person="1" pos="dp1fsp" possessornum="p" postype="possessive" wd="la_nostra"/>
                  </spec>
                  <grup.nom gen="f" num="s">
                    <n gen="f" lem="responsabilitat" num="s" pos="ncfs000" postype="common" sense="16:10411732" wd="responsabilitat"/>
                  </grup.nom>
                </sn>
              </sp>
            </grup.nom>
          </grup.nom>
          <sp adjunct="yes">
            <prep>
              <s lem="davant" pos="sps00" postype="preposition" wd="davant"/>
            </prep>
            <sn>
              <spec gen="m" num="s">
                <d gen="m" lem="el" num="s" pos="da0ms0" postype="article" wd="el"/>
              </spec>
              <grup.nom gen="m" num="s">
                <n gen="m" lem="futur" num="s" pos="ncms000" postype="common" sense="16:10849807" wd="futur"/>
                <sp>
                  <prep>
                    <s lem="de" pos="sps00" postype="preposition" wd="de"/>
                  </prep>
                  <sn>
                    <spec gen="f" num="s">
                      <d gen="f" lem="el" num="s" pos="da0fs0" postype="article" wd="la"/>
                    </spec>
                    <grup.nom gen="f" num="s">
                      <n gen="f" lem="història" num="s" pos="ncfs000" postype="common" sense="16:10851812" wd="història"/>
                    </grup.nom>
                  </sn>
                </sp>
              </grup.nom>
            </sn>
          </sp>
        </grup.nom>
        <f lem="'" pos="fz" punct="mathsign" wd="'"/>
        <f lem="," pos="fc" punct="comma" wd=","/>
      </sn>
      <conj conjunctiontype="coordinating">
        <c lem="ni" pos="cc" postype="coordinating" wd="ni"/>
      </conj>
      <sn>
        <sadv adjunct="yes">
          <grup.adv>
            <r lem="tampoc" pos="rg" wd="tampoc"/>
          </grup.adv>
        </sadv>
        <sn>
          <f lem="'" pos="fz" punct="mathsign" wd="'"/>
          <spec gen="f" num="s">
            <d gen="f" lem="un" num="s" pos="dn0fs0" postype="numeral" wd="una"/>
          </spec>
          <grup.nom gen="f" num="s">
            <n gen="f" lem="seguretat" num="s" pos="ncfs000" postype="common" sense="16:10425881" wd="seguretat"/>
            <s.a gen="f" num="s">
              <grup.a gen="f" num="s">
                <a gen="f" lem="humà" num="s" pos="aq0fs0" postype="qualificative" wd="humana"/>
              </grup.a>
            </s.a>
            <sp>
              <prep>
                <s lem="de" pos="sps00" postype="preposition" wd="de"/>
              </prep>
              <sn>
                <spec gen="f" num="s">
                  <d gen="f" lem="el" num="s" pos="da0fs0" postype="article" wd="la"/>
                </spec>
                <grup.nom gen="f" num="s">
                  <n gen="f" lem="salvació" num="s" pos="ncfs000" postype="common" sense="16:00058978" wd="salvació"/>
                  <S clausetype="relative">
                    <relatiu arg="arg1" func="suj" tem="tem">
                      <p gen="c" lem="que" num="c" pos="pr0cn000" postype="relative" wd="que"/>
                    </relatiu>
                    <grup.verb>
                      <v lem="haver" mood="indicative" num="s" person="3" pos="vaip3s0" postype="auxiliary" tense="present" wd="ha"/>
                      <s lem="de" pos="sps00" postype="preposition" wd="de"/>
                      <infinitiu>
                        <v lem="venir" lss="B11.unaccusative-motion" mood="infinitive" pos="vmn0000" postype="main" wd="venir"/>
                      </infinitiu>
                    </grup.verb>
                  </S>
                </grup.nom>
              </sn>
            </sp>
          </grup.nom>
          <f lem="'" pos="fz" punct="mathsign" wd="'"/>
        </sn>
      </sn>
    </sn>
    <f lem="." pos="fp" punct="period" wd="."/>
  </sentence>
  <sentence>
    <sp func="ao">
      <prep>
        <s lem="segons" pos="sps00" postype="preposition" wd="Segons"/>
      </prep>
      <sn>
        <spec gen="m" num="s">
          <d gen="c" lem="el" num="s" pos="da0cs0" postype="article" wd="l'"/>
        </spec>
        <grup.nom gen="m" num="s">
          <n gen="m" lem="arquebisbe" num="s" pos="ncms000" postype="common" sense="16:07082144" wd="arquebisbe"/>
        </grup.nom>
      </sn>
      <f lem="," pos="fc" punct="comma" wd=","/>
    </sp>
    <S coord="yes">
      <f lem="'" pos="fz" punct="mathsign" wd="'"/>
      <S>
        <sn arg="arg0" func="suj" tem="agt">
          <spec gen="m" num="p">
            <d gen="m" lem="el" num="p" pos="da0mp0" postype="article" wd="els"/>
          </spec>
          <grup.nom gen="m" num="p">
            <n gen="m" lem="cristià" num="p" pos="ncmp000" postype="common" sense="16:06995978" wd="cristians"/>
          </grup.nom>
        </sn>
        <neg func="mod">
          <r lem="no" pos="rn" postype="negative" wd="no"/>
        </neg>
        <grup.verb>
          <v lem="poder" mood="indicative" num="p" person="1" pos="vmip1p0" postype="main" tense="present" wd="podem"/>
          <infinitiu>
            <v lem="perdre" lss="A21.transitive-agentive-patient" mood="infinitive" pos="vmn0000" postype="main" wd="perdre"/>
          </infinitiu>
        </grup.verb>
        <sn arg="arg1" func="cd" tem="pat">
          <spec gen="f" num="s">
            <d gen="c" lem="el" num="s" pos="da0cs0" postype="article" wd="l'"/>
          </spec>
          <grup.nom gen="f" num="s">
            <n gen="f" lem="esperança" num="s" pos="ncfs000" postype="common" sense="16:05605928" wd="esperança"/>
            <s.a gen="f" num="s">
              <grup.a gen="f" num="s">
                <a gen="f" lem="cristià" num="s" pos="aq0fs0" postype="qualificative" wd="cristiana"/>
              </grup.a>
            </s.a>
          </grup.nom>
        </sn>
        <sp arg="argM" func="cc" tem="loc">
          <prep>
            <s contracted="yes" gen="m" lem="enmig_del" num="s" pos="spcms" postype="preposition" wd="enmig_del"/>
          </prep>
          <sn>
            <spec gen="m" num="s">
              <d gen="m" lem="nostre" num="s" person="1" pos="dp1msp" possessornum="p" postype="possessive" wd="nostre"/>
            </spec>
            <grup.nom gen="m" num="s">
              <n gen="m" lem="món" num="s" pos="ncms000" postype="common" sense="16:06753779" wd="món"/>
              <s.a gen="m" num="s">
                <grup.a gen="m" num="s">
                  <a gen="c" lem="actual" num="s" pos="aq0cs0" postype="qualificative" wd="actual"/>
                </grup.a>
              </s.a>
              <S clausetype="participle" impersonal="yes">
                <participi>
                  <a gen="m" lem="flagel·lat" lss="B22.unaccusative-passive-transitive" num="s" pos="aq0msp" posfunction="participle" postype="qualificative" wd="flagel·lat"/>
                </participi>
                <sp arg="arg0" func="cag" tem="agt">
                  <prep>
                    <s lem="per" pos="sps00" postype="preposition" wd="per"/>
                  </prep>
                  <sn>
                    <spec gen="m" num="p">
                      <d gen="m" lem="molt" num="p" pos="di0mp0" postype="indefinite" wd="molts"/>
                    </spec>
                    <grup.nom gen="m" num="p">
                      <n gen="m" lem="mal" num="p" pos="ncmp000" postype="common" sense="16:04007891" wd="mals"/>
                    </grup.nom>
                  </sn>
                </sp>
              </S>
            </grup.nom>
          </sn>
        </sp>
      </S>
      <conj conjunctiontype="coordinating">
        <f lem="." pos="fp" punct="period" wd="."/>
      </conj>
      <S>
        <sn arg="arg0" func="suj" tem="agt">
          <spec gen="m" num="p">
            <d gen="m" lem="el" num="p" pos="da0mp0" postype="article" wd="Els"/>
          </spec>
          <grup.nom gen="m" num="p">
            <n gen="m" lem="cristià" num="p" pos="ncmp000" postype="common" sense="16:06995978" wd="cristians"/>
          </grup.nom>
        </sn>
        <grup.verb>
          <v lem="creure" lss="A21.transitive-agentive-patient" mood="indicative" num="p" person="1" pos="vmip1p0" postype="main" tense="present" wd="creiem"/>
        </grup.verb>
        <S arg="arg1" clausetype="completive" func="cd" tem="pat">
          <conj conjunctiontype="subordinating">
            <c lem="que" pos="cs" postype="subordinating" wd="que"/>
          </conj>
          <sadv arg="argM" func="cc" tem="loc">
            <f lem="," pos="fc" punct="comma" wd=","/>
            <grup.adv>
              <r lem="per_sobre" pos="rg" wd="per_sobre"/>
              <sp coord="yes">
                <sp>
                  <prep>
                    <s lem="de" pos="sps00" postype="preposition" wd="de"/>
                  </prep>
                  <sn complex="yes">
                    <spec gen="m" num="p">
                      <d gen="m" lem="tot" num="p" pos="di0mp0" postype="indefinite" wd="tots"/>
                      <d gen="m" lem="el" num="p" pos="da0mp0" postype="article" wd="els"/>
                    </spec>
                    <grup.nom coord="yes">
                      <grup.nom coord="yes">
                        <grup.nom gen="m" num="p">
                          <n gen="m" lem="desastre" num="p" pos="ncmp000" postype="common" sense="16:00141434" wd="desastres"/>
                        </grup.nom>
                        <conj conjunctiontype="coordinating">
                          <c lem="i" pos="cc" postype="coordinating" wd="i"/>
                        </conj>
                        <grup.nom gen="m" num="p">
                          <n gen="m" lem="fracàs" num="p" pos="ncmp000" postype="common" sense="16:05605777" wd="fracassos"/>
                        </grup.nom>
                      </grup.nom>
                      <sp adjunct="yes">
                        <prep>
                          <s lem="de" pos="sps00" postype="preposition" wd="de"/>
                        </prep>
                        <sn>
                          <spec gen="m" num="s">
                            <d gen="c" lem="el" num="s" pos="da0cs0" postype="article" wd="l'"/>
                          </spec>
                          <grup.nom gen="m" num="s">
                            <n gen="m" lem="home" num="s" pos="ncms000" postype="common" sense="16:07392506" wd="home"/>
                          </grup.nom>
                        </sn>
                      </sp>
                    </grup.nom>
                  </sn>
                </sp>
                <f lem="," pos="fc" punct="comma" wd=","/>
                <sp>
                  <prep>
                    <s lem="de" pos="sps00" postype="preposition" wd="de"/>
                  </prep>
                  <sn>
                    <spec gen="f" num="p">
                      <d gen="f" lem="el" num="p" pos="da0fp0" postype="article" wd="les"/>
                    </spec>
                    <grup.nom gen="f" num="p">
                      <n gen="f" lem="injustícia" num="p" pos="ncfp000" postype="common" sense="16:00479886" wd="injustícies"/>
                    </grup.nom>
                  </sn>
                </sp>
                <f lem="," pos="fc" punct="comma" wd=","/>
                <sp>
                  <prep>
                    <s lem="de" pos="sps00" postype="preposition" wd="de"/>
                  </prep>
                  <sn>
                    <spec gen="f" num="p">
                      <d gen="f" lem="el" num="p" pos="da0fp0" postype="article" wd="les"/>
                    </spec>
                    <grup.nom gen="f" num="p">
                      <n gen="f" lem="guerra" num="p" pos="ncfp000" postype="common" sense="16:00626011" wd="guerres"/>
                    </grup.nom>
                  </sn>
                </sp>
                <f lem="," pos="fc" punct="comma" wd=","/>
                <sp>
                  <prep>
                    <s contracted="yes" gen="m" lem="del" num="s" pos="spcms" postype="preposition" wd="del"/>
                  </prep>
                  <sn>
                    <grup.nom gen="m" num="s">
                      <n gen="m" lem="pecat" num="s" pos="ncms000" postype="common" sense="16:00488251" wd="pecat"/>
                      <sp>
                        <prep>
                          <s lem="en" pos="sps00" postype="preposition" wd="en"/>
                        </prep>
                        <sn>
                          <spec gen="f" num="p">
                            <d gen="f" lem="tot" num="p" pos="di0fp0" postype="indefinite" wd="totes"/>
                            <d gen="f" lem="el_seu" num="p" person="3" pos="dp3fp0" postype="possessive" wd="les_seves"/>
                          </spec>
                          <grup.nom gen="f" num="p">
                            <n gen="f" lem="forma" num="p" pos="ncfp000" postype="common" sense="16:00015185" wd="formes"/>
                          </grup.nom>
                        </sn>
                      </sp>
                    </grup.nom>
                  </sn>
                </sp>
                <conj conjunctiontype="coordinating">
                  <c lem="i" pos="cc" postype="coordinating" wd="i"/>
                </conj>
                <sp>
                  <prep>
                    <s lem="de" pos="sps00" postype="preposition" wd="de"/>
                  </prep>
                  <sn>
                    <spec gen="f" num="s">
                      <d gen="f" lem="el" num="s" pos="da0fs0" postype="article" wd="la"/>
                      <d gen="f" lem="mateix" num="s" pos="di0fs0" postype="indefinite" wd="mateixa"/>
                    </spec>
                    <grup.nom gen="f" num="s">
                      <n gen="f" lem="mort" num="s" pos="ncfs000" postype="common" sense="16:07788946" wd="mort"/>
                    </grup.nom>
                  </sn>
                </sp>
                <f lem="," pos="fc" punct="comma" wd=","/>
              </sp>
            </grup.adv>
          </sadv>
          <sn arg="arg1" elliptic="yes" func="suj" tem="pat"/>
          <grup.verb>
            <v lem="ser" mood="indicative" num="p" person="1" pos="vsip1p0" postype="semiauxiliary" tense="present" wd="som"/>
            <v gen="m" lem="cridar" lss="B22.unaccusative-passive-transitive" mood="participle" num="p" pos="vmp00pm" postype="main" wd="cridats"/>
          </grup.verb>
          <sp arg="argM" func="cc" tem="adv">
            <prep>
              <s lem="a" pos="sps00" postype="preposition" wd="a"/>
            </prep>
            <S clausetype="completive" impersonal="yes">
              <infinitiu>
                <v lem="tenir" lss="C21.state-attributive" mood="infinitive" pos="vmn0000" postype="main" wd="tenir"/>
              </infinitiu>
              <sn arg="arg2" func="cd" functype="quantitative" tem="atr">
                <grup.nom gen="f" num="s">
                  <n gen="f" lem="esperança" num="s" pos="ncfs000" postype="common" sense="16:05605928" wd="esperança"/>
                  <sp coord="yes">
                    <sp>
                      <prep>
                        <s lem="en" pos="sps00" postype="preposition" wd="en"/>
                      </prep>
                      <sn>
                        <spec gen="m" num="s">
                          <d gen="m" lem="el" num="s" pos="da0ms0" postype="article" wd="el"/>
                        </spec>
                        <grup.nom gen="m" num="s">
                          <n gen="m" lem="món" num="s" pos="ncms000" postype="common" sense="16:06691078" wd="món"/>
                        </grup.nom>
                      </sn>
                    </sp>
                    <f lem="," pos="fc" punct="comma" wd=","/>
                    <sp>
                      <prep>
                        <s lem="en" pos="sps00" postype="preposition" wd="en"/>
                      </prep>
                      <sn>
                        <spec gen="m" num="s">
                          <d gen="c" lem="el" num="s" pos="da0cs0" postype="article" wd="l'"/>
                        </spec>
                        <grup.nom gen="m" num="s">
                          <n gen="m" lem="home" num="s" pos="ncms000" postype="common" sense="16:07392506" wd="home"/>
                        </grup.nom>
                      </sn>
                    </sp>
                    <conj conjunctiontype="coordinating">
                      <c lem="i" pos="cc" postype="coordinating" wd="i"/>
                    </conj>
                    <sp>
                      <prep>
                        <s lem="en" pos="sps00" postype="preposition" wd="en"/>
                      </prep>
                      <sn>
                        <spec gen="m" num="s">
                          <d gen="m" lem="el_seu" num="s" person="3" pos="dp3ms0" postype="possessive" wd="el_seu"/>
                        </spec>
                        <grup.nom gen="m" num="s">
                          <n gen="m" lem="futur" num="s" pos="ncms000" postype="common" sense="16:10849807" wd="futur"/>
                        </grup.nom>
                      </sn>
                    </sp>
                  </sp>
                </grup.nom>
              </sn>
            </S>
          </sp>
        </S>
      </S>
    </S>
    <f lem="'" pos="fz" punct="mathsign" wd="'"/>
    <f lem="." pos="fp" punct="period" wd="."/>
  </sentence>
  <sentence>
    <S arg="arg1" clausetype="completive" coord="yes" func="cd" tem="pat">
      <f lem="'" pos="fz" punct="mathsign" wd="'"/>
      <S clausetype="completive">
        <sn arg="arg0" entityref="ne" func="suj" ne="person" tem="agt">
          <grup.nom gen="m" num="s">
            <n lem="Déu" ne="person" pos="np0000p" postype="proper" sense="16:cs1" wd="Déu"/>
          </grup.nom>
        </sn>
        <sn arg="arg1" func="cd" repetition="yes" tem="pat">
          <grup.nom>
            <p gen="c" lem="ho" num="c" person="3" pos="pp3nn000" postype="personal" wd="ho"/>
          </grup.nom>
        </sn>
        <grup.verb>
          <v lem="poder" lss="A21.transitive-agentive-patient" mood="indicative" num="s" person="3" pos="vmip3s0" postype="main" tense="present" wd="pot"/>
        </grup.verb>
        <sn arg="arg1" func="cd" repetition="yes" tem="pat">
          <grup.nom gen="m" num="s">
            <p gen="m" lem="tot" num="s" pos="pi0ms000" postype="indefinite" wd="tot"/>
          </grup.nom>
        </sn>
      </S>
      <conj conjunctiontype="coordinating">
        <c lem="i" pos="cc" postype="coordinating" wd="i"/>
      </conj>
      <S clausetype="completive" coord="yes">
        <S arg="arg0" clausetype="completive" func="suj" tem="agt">
          <relatiu arg="arg0" func="suj" tem="agt">
            <p gen="c" lem="qui" num="c" pos="pr0cn000" postype="relative" wd="qui"/>
          </relatiu>
          <grup.verb>
            <v lem="creure" lss="A22.transitive-agentive-theme" mood="indicative" num="s" person="3" pos="vmip3s0" postype="main" tense="present" wd="creu"/>
          </grup.verb>
          <sp arg="arg1" func="creg" tem="tem">
            <prep>
              <s lem="en" pos="sps00" postype="preposition" wd="en"/>
            </prep>
            <sn entityref="ne" ne="person">
              <grup.nom gen="m" num="s">
                <n lem="Déu" ne="person" pos="np0000p" postype="proper" sense="16:cs1" wd="Déu"/>
              </grup.nom>
            </sn>
          </sp>
        </S>
        <grup.verb>
          <v lem="creure" lss="A21.transitive-agentive-patient" mood="indicative" num="s" person="3" pos="vmip3s0" postype="main" tense="present" wd="creu"/>
        </grup.verb>
        <S arg="arg1" clausetype="completive" func="cd" tem="pat">
          <conj conjunctiontype="subordinating">
            <c lem="que" pos="cs" postype="subordinating" wd="que"/>
          </conj>
          <sn arg="arg0" func="suj" tem="agt">
            <spec gen="f" num="s">
              <d gen="f" lem="el" num="s" pos="da0fs0" postype="article" wd="la"/>
            </spec>
            <grup.nom gen="f" num="s">
              <n gen="f" lem="fe" num="s" pos="ncfs000" postype="common" sense="16:10037333" wd="fe"/>
            </grup.nom>
          </sn>
          <grup.verb>
            <v lem="moure" lss="A31.ditransitive-patient-locative" mood="indicative" num="s" person="3" pos="vmip3s0" postype="main" tense="present" wd="mou"/>
          </grup.verb>
          <sn arg="arg1" func="cd" tem="pat">
            <grup.nom gen="f" num="p">
              <n gen="f" lem="muntanya" num="p" pos="ncfp000" postype="common" sense="16:06711088" wd="muntanyes"/>
            </grup.nom>
          </sn>
        </S>
      </S>
      <f lem="'" pos="fz" punct="mathsign" wd="'"/>
      <f lem="," pos="fc" punct="comma" wd=","/>
    </S>
    <grup.verb>
      <v lem="dir" lss="A32.ditransitive-patient-benefactive" mood="indicative" num="s" person="3" pos="vmip3s0" postype="main" tense="present" wd="diu"/>
    </grup.verb>
    <sadv func="mod">
      <grup.adv>
        <r lem="també" pos="rg" wd="també"/>
      </grup.adv>
    </sadv>
    <sn arg="arg0" entityref="ne" func="suj" ne="person" tem="agt">
      <grup.nom gen="m" num="s">
        <n lem="Martínez_i_Sistach" ne="person" pos="np0000p" postype="proper" sense="16:cs1" wd="Martínez_i_Sistach"/>
        <S clausetype="relative">
          <f lem="," pos="fc" punct="comma" wd=","/>
          <relatiu arg="arg1" func="suj" tem="tem">
            <p gen="c" lem="que" num="c" pos="pr0cn000" postype="relative" wd="que"/>
          </relatiu>
          <grup.verb>
            <v lem="finalitzar" lss="B21.unaccusative-state" mood="indicative" num="s" person="3" pos="vmip3s0" postype="main" tense="present" wd="finalitza"/>
          </grup.verb>
          <sn arg="arg1" func="cd" tem="tem">
            <spec gen="m" num="s">
              <d gen="m" lem="el_seu" num="s" person="3" pos="dp3ms0" postype="possessive" wd="el_seu"/>
            </spec>
            <grup.nom gen="m" num="s">
              <n gen="m" lem="escrit" num="s" pos="ncms000" postype="common" sense="16:04799150" wd="escrit"/>
            </grup.nom>
          </sn>
          <S arg="argM" clausetype="adverbial" func="cc" impersonal="yes" tem="mnr">
            <gerundi>
              <v lem="afirmar" lss="A21.transitive-agentive-patient" mood="gerund" pos="vmg0000" postype="main" wd="afirmant"/>
            </gerundi>
            <S arg="arg1" clausetype="completive" func="cd" tem="pat">
              <conj conjunctiontype="subordinating">
                <c lem="que" pos="cs" postype="subordinating" wd="que"/>
              </conj>
              <sn arg="arg1" func="suj" tem="tem">
                <spec gen="m" num="p">
                  <d gen="m" lem="el" num="p" pos="da0mp0" postype="article" wd="els"/>
                </spec>
                <grup.nom gen="m" num="p">
                  <n gen="c" lem="creient" num="p" pos="nccp000" postype="common" sense="16:07107595" wd="creients"/>
                </grup.nom>
              </sn>
              <grup.verb>
                <v lem="estar" lss="C21.state-attributive" mood="indicative" num="p" person="3" pos="vmip3p0" postype="main" tense="present" wd="estan"/>
              </grup.verb>
              <S arg="arg2" clausetype="participle" func="atr" impersonal="yes" tem="atr">
                <participi>
                  <a gen="m" lem="cridat" lss="B22.unaccusative-passive-transitive" num="p" pos="aq0mpp" posfunction="participle" postype="qualificative" wd="cridats"/>
                </participi>
                <sp arg="argM" func="cc" tem="adv">
                  <prep>
                    <s lem="a" pos="sps00" postype="preposition" wd="a"/>
                  </prep>
                  <S clausetype="completive" impersonal="yes">
                    <f lem="'" pos="fz" punct="mathsign" wd="'"/>
                    <infinitiu>
                      <v lem="tenir" lss="C21.state-attributive" mood="infinitive" pos="vmn0000" postype="main" wd="tenir"/>
                    </infinitiu>
                    <sn arg="arg2" func="cd" functype="quantitative" tem="atr">
                      <grup.nom gen="f" num="s">
                        <n gen="f" lem="esperança" num="s" pos="ncfs000" postype="common" sense="16:05605928" wd="esperança"/>
                      </grup.nom>
                    </sn>
                    <S arg="argM" clausetype="adverbial" func="cc" tem="tmp">
                      <sadv adjunct="yes">
                        <grup.adv>
                          <r lem="fins_i_tot" pos="rg" wd="fins_i_tot"/>
                        </grup.adv>
                      </sadv>
                      <S clausetype="adverbial">
                        <conj conjunctiontype="subordinating">
                          <c lem="quan" pos="cs" postype="subordinating" wd="quan"/>
                        </conj>
                        <neg func="mod">
                          <r lem="no" pos="rn" postype="negative" wd="no"/>
                        </neg>
                        <morfema.pronominal>
                          <p gen="c" lem="hi" num="c" person="3" pos="pp3cn000" postype="personal" wd="hi"/>
                        </morfema.pronominal>
                        <grup.verb>
                          <v lem="haver" lss="C11.state-existential" mood="indicative" num="s" person="3" pos="vmip3s0" postype="main" tense="present" wd="ha"/>
                        </grup.verb>
                        <sn arg="arg1" func="cd" functype="quantitative" tem="tem">
                          <spec gen="f" num="s">
                            <d gen="c" lem="cap" num="s" pos="di0cs0" postype="indefinite" wd="cap"/>
                          </spec>
                          <grup.nom gen="f" num="s">
                            <n gen="f" lem="esperança" num="s" pos="ncfs000" postype="common" sense="16:05605928" wd="esperança"/>
                            <s.a gen="f" num="s">
                              <grup.a gen="f" num="s">
                                <a gen="f" lem="humà" num="s" pos="aq0fs0" postype="qualificative" wd="humana"/>
                              </grup.a>
                            </s.a>
                          </grup.nom>
                        </sn>
                      </S>
                    </S>
                    <f lem="'" pos="fz" punct="mathsign" wd="'"/>
                  </S>
                </sp>
              </S>
            </S>
          </S>
        </S>
      </grup.nom>
    </sn>
    <f lem="." pos="fp" punct="period" wd="."/>
  </sentence>
</article>
