<?xml version="1.0" encoding="UTF-8" standalone="no"?>
<!-- 

  ancora-2.0
       
			Copyright (C) 2007, 2008, 2009, 2010, 2011 UB - CLiC
			Centre de Llenguatge i Computació - Universitat de Barcelona
 
  This file is part of ancora-2.0.
 
  ancora-2.0 is free software and data: you can redistribute it and/or modify
  it under the terms of the GNU General Public License as published
  by the Free Software Foundation, either version 3 of the License,
  or (at your option) any later version.

  ancora-2.0 is distributed in the hope that it will be useful,
  but WITHOUT ANY WARRANTY; without even the implied warranty of
  MERCHANTABILITY or FITNESS FOR A PARTICULAR PURPOSE.  See the
  GNU General Public License for more details.
 
  You should have received a copy of the GNU General Public License
  along with ancora-2.0.  If not, see &lt;http://www.gnu.org/licenses/&gt;.
 
  Check a text in catalan explaining the terms of the license at http://www.softcatala.cat/wiki/GPL3.
  In spanish at http://www.viti.es/gnu/licenses/gpl.html
 

  The following paper must be cited when using this corpus:

 * Taulé, M., M.A. Martí, M. Recasens (2008) 'Ancora: Multilevel Annotated Corpora for Catalan and Spanish',
   Proceedings of 6th International Conference on Language Resources and Evaluation. Marrakesh (Morocco).

  In addition, the following paper must be cited if coreference information (attributes entity, coreftype,
  corefsubtype, homophoricDD or entityref) is used:

 * Recasens, Marta, M. Antònia Martí (2010) ‘AnCora-CO: Coreferentially annotated corpora for Spanish and
   Catalan’. Language Resources and Evaluation, Springer Science.

  Additionally, the following paper must be cited when argumental attributes in "sn" or "grup.nom"
  (attributes func, arg, tem or lexicalid) are used:

 * Peris, Aina, Mariona Taulé, Horacio Rodríguez (2010) ‘Semantic Annotation of Deverbal Nominalizations in the
   Spanish AnCora corpus’. Treebanks and Linguistic Theories (TLT-2010), Estonia.
-->
<article lng="ca">
  <sentence>
    <sn arg="arg0" entityref="ne" func="suj" ne="organization" tem="agt">
      <spec gen="m" num="s">
        <d gen="m" lem="el" num="s" pos="da0ms0" postype="article" wd="El"/>
      </spec>
      <grup.nom gen="m" num="s">
        <n lem="Consell_Consultiu_del_Consorci_del_Parc_de_Collserola" ne="organization" pos="np0000o" postype="proper" sense="16:cs1" wd="Consell_Consultiu_del_Consorci_del_Parc_de_Collserola"/>
        <S clausetype="participle" impersonal="yes">
          <f lem="," pos="fc" punct="comma" wd=","/>
          <participi>
            <a gen="m" lem="integrat" lss="B22.unaccusative-passive-transitive" num="s" pos="aq0msp" posfunction="participle" postype="qualificative" wd="integrat"/>
          </participi>
          <sp arg="arg0" func="cag" tem="agt">
            <prep>
              <s lem="per" pos="sps00" postype="preposition" wd="per"/>
            </prep>
            <sn complex="yes">
              <spec gen="f" num="p">
                <r lem="més" pos="rg" wd="més"/>
                <s lem="de" pos="sps00" postype="preposition" wd="de"/>
                <z lem="50" ne="number" wd="50"/>
              </spec>
              <grup.nom coord="yes">
                <grup.nom gen="f" num="p">
                  <n gen="f" lem="entitat" num="p" pos="ncfp000" postype="common" sense="16:00001740" wd="entitats"/>
                </grup.nom>
                <conj conjunctiontype="coordinating">
                  <c lem="i" pos="cc" postype="coordinating" wd="i"/>
                </conj>
                <grup.nom gen="f" num="p">
                  <n gen="f" lem="administració" num="p" pos="ncfp000" postype="common" sense="16:06071657" wd="administracions"/>
                </grup.nom>
              </grup.nom>
            </sn>
          </sp>
          <f lem="," pos="fc" punct="comma" wd=","/>
        </S>
      </grup.nom>
    </sn>
    <morfema.pronominal>
      <p gen="c" lem="ell" num="c" person="3" pos="p0300000" wd="s'"/>
    </morfema.pronominal>
    <grup.verb>
      <v lem="haver" mood="indicative" num="s" person="3" pos="vaip3s0" postype="auxiliary" tense="present" wd="ha"/>
      <v gen="m" lem="posicionar" lss="A22.transitive-agentive-theme" mood="participle" num="s" pos="vmp00sm" postype="main" wd="posicionat"/>
    </grup.verb>
    <sadv arg="argM" func="cc" tem="adv">
      <f lem="," pos="fc" punct="comma" wd=","/>
      <grup.adv>
        <r lem="per_unanimitat" pos="rg" wd="per_unanimitat"/>
      </grup.adv>
      <f lem="," pos="fc" punct="comma" wd=","/>
    </sadv>
    <sp arg="argM" func="cc" tem="adv">
      <prep>
        <s lem="en" pos="sps00" postype="preposition" wd="en"/>
      </prep>
      <sn>
        <grup.nom gen="f" num="s">
          <n gen="f" lem="contra" num="s" pos="ncfs000" postype="common" sense="16:cs1" wd="contra"/>
          <sp>
            <prep>
              <s lem="de" pos="sps00" postype="preposition" wd="de"/>
            </prep>
            <sn>
              <spec gen="f" num="s">
                <d gen="f" lem="el" num="s" pos="da0fs0" postype="article" wd="la"/>
              </spec>
              <grup.nom gen="f" num="s">
                <n gen="f" lem="construcció" num="s" pos="ncfs000" postype="common" sense="16:00585093" wd="construcció"/>
                <sp>
                  <prep>
                    <s contracted="yes" gen="m" lem="del" num="s" pos="spcms" postype="preposition" wd="del"/>
                  </prep>
                  <sn>
                    <grup.nom gen="m" num="s">
                      <n gen="m" lem="túnel" num="s" pos="ncms000" postype="common" sense="16:03550931" wd="túnel"/>
                      <sp>
                        <prep>
                          <s lem="de" pos="sps00" postype="preposition" wd="d'"/>
                        </prep>
                        <sn entityref="ne" ne="location">
                          <grup.nom>
                            <n lem="Horta" ne="location" pos="np0000l" postype="proper" sense="16:cs1" wd="Horta"/>
                          </grup.nom>
                        </sn>
                      </sp>
                    </grup.nom>
                  </sn>
                </sp>
              </grup.nom>
            </sn>
          </sp>
        </grup.nom>
      </sn>
    </sp>
    <f lem="." pos="fp" punct="period" wd="."/>
  </sentence>
  <sentence>
    <sn arg="arg0" entityref="ne" func="suj" ne="organization" tem="agt">
      <spec gen="m" num="s">
        <d gen="m" lem="el" num="s" pos="da0ms0" postype="article" wd="El"/>
      </spec>
      <grup.nom gen="m" num="s">
        <n lem="Consell" ne="organization" pos="np0000o" postype="proper" sense="16:cs1" wd="Consell"/>
      </grup.nom>
    </sn>
    <grup.verb>
      <v lem="anar" mood="indicative" num="s" person="3" pos="vaip3s0" postype="auxiliary" tense="present" wd="va"/>
      <v lem="prendre" lss="A21.transitive-agentive-patient" mood="infinitive" pos="vmn0000" postype="main" wd="prendre"/>
    </grup.verb>
    <sn arg="arg1" func="cd" tem="pat">
      <spec gen="f" num="s">
        <d gen="f" lem="aquest" num="s" pos="dd0fs0" postype="demonstrative" wd="aquesta"/>
      </spec>
      <grup.nom gen="f" num="s">
        <n gen="f" lem="decisió" num="s" pos="ncfs000" postype="common" sense="16:00105760" wd="decisió"/>
      </grup.nom>
    </sn>
    <sp arg="argM" func="cc" tem="loc">
      <prep>
        <s lem="en" pos="sps00" postype="preposition" wd="en"/>
      </prep>
      <sn>
        <spec gen="f" num="s">
          <d gen="f" lem="el" num="s" pos="da0fs0" postype="article" wd="la"/>
        </spec>
        <grup.nom gen="f" num="s">
          <n gen="f" lem="reunió" num="s" pos="ncfs000" postype="common" sense="16:06166238" wd="reunió"/>
          <S clausetype="participle" impersonal="yes">
            <participi>
              <a gen="f" lem="celebrat" lss="B22.unaccusative-passive-transitive" num="s" pos="aq0fsp" posfunction="participle" postype="qualificative" wd="celebrada"/>
            </participi>
            <sadv arg="argM" func="cc" tem="tmp">
              <grup.adv>
                <r lem="ahir" pos="rg" wd="ahir"/>
              </grup.adv>
            </sadv>
            <sp arg="argM" func="cc" tem="loc">
              <prep>
                <s lem="a" pos="sps00" postype="preposition" wd="a"/>
              </prep>
              <sn entityref="ne" ne="location">
                <spec gen="f" num="s">
                  <d gen="f" lem="el" num="s" pos="da0fs0" postype="article" wd="la"/>
                </spec>
                <grup.nom gen="f" num="s">
                  <n gen="f" lem="seu" num="s" pos="ncfs000" postype="common" sense="16:06331456" wd="seu"/>
                  <sp>
                    <prep>
                      <s contracted="yes" gen="m" lem="del" num="s" pos="spcms" postype="preposition" wd="del"/>
                    </prep>
                    <sn entityref="ne" ne="organization">
                      <grup.nom gen="m" num="s">
                        <n lem="Consorci_del_Parc" ne="organization" pos="np0000o" postype="proper" sense="16:cs1" wd="Consorci_del_Parc"/>
                      </grup.nom>
                    </sn>
                  </sp>
                  <S clausetype="participle" impersonal="yes">
                    <f lem="," pos="fc" punct="comma" wd=","/>
                    <participi>
                      <a gen="f" lem="situat" lss="B22.unaccusative-passive-transitive" num="s" pos="aq0fsp" posfunction="participle" postype="qualificative" wd="situada"/>
                    </participi>
                    <sp arg="arg2" func="creg" tem="loc">
                      <prep>
                        <s lem="a" pos="sps00" postype="preposition" wd="a"/>
                      </prep>
                      <sn entityref="ne" ne="location">
                        <grup.nom>
                          <n lem="Cerdanyola_del_Vallès" ne="location" pos="np0000l" postype="proper" sense="16:cs1" wd="Cerdanyola_del_Vallès"/>
                        </grup.nom>
                      </sn>
                    </sp>
                  </S>
                </grup.nom>
              </sn>
            </sp>
          </S>
        </grup.nom>
      </sn>
    </sp>
    <f lem="." pos="fp" punct="period" wd="."/>
  </sentence>
  <sentence>
    <sn arg="arg1" entityref="ne" func="suj" ne="organization" tem="tem">
      <spec gen="m" num="s">
        <d gen="m" lem="el" num="s" pos="da0ms0" postype="article" wd="El"/>
      </spec>
      <grup.nom gen="m" num="s">
        <n lem="Consell" ne="organization" pos="np0000o" postype="proper" sense="16:cs1" wd="Consell"/>
      </grup.nom>
    </sn>
    <grup.verb>
      <v lem="ser" lss="C21.state-attributive" mood="indicative" num="s" person="3" pos="vmip3s0" postype="main" tense="present" wd="és"/>
    </grup.verb>
    <sa arg="arg2" func="atr" tem="atr">
      <grup.a>
        <a gen="m" lem="contrari" num="s" pos="aq0ms0" postype="qualificative" wd="contrari"/>
        <sp>
          <prep>
            <s lem="a" pos="sps00" postype="preposition" wd="a"/>
          </prep>
          <sn>
            <spec gen="f" num="s">
              <d gen="f" lem="el" num="s" pos="da0fs0" postype="article" wd="la"/>
            </spec>
            <grup.nom gen="f" num="s">
              <n gen="f" lem="construcció" num="s" pos="ncfs000" postype="common" sense="16:00585093" wd="construcció"/>
              <sp>
                <prep>
                  <s contracted="yes" gen="m" lem="del" num="s" pos="spcms" postype="preposition" wd="del"/>
                </prep>
                <sn>
                  <grup.nom gen="m" num="s">
                    <n gen="m" lem="túnel" num="s" pos="ncms000" postype="common" sense="16:03550931" wd="túnel"/>
                  </grup.nom>
                </sn>
              </sp>
            </grup.nom>
          </sn>
        </sp>
      </grup.a>
    </sa>
    <S clausesubtype="conditional" clausetype="adverbial" coord="yes" func="ao">
      <conj conjunctiontype="coordinating">
        <r lem="tant" pos="rg" wd="tant"/>
      </conj>
      <S clausesubtype="conditional" clausetype="adverbial">
        <conj conjunctiontype="subordinating">
          <c lem="si" pos="cs" postype="subordinating" wd="si"/>
        </conj>
        <sn arg="arg0" func="suj" tem="agt">
          <spec gen="m" num="s">
            <d gen="m" lem="el_seu" num="s" person="3" pos="dp3ms0" postype="possessive" wd="el_seu"/>
          </spec>
          <grup.nom gen="m" num="s">
            <n gen="m" lem="traçat" num="s" pos="ncms000" postype="common" sense="16:04494752" wd="traçat"/>
          </grup.nom>
        </sn>
        <morfema.pronominal>
          <p gen="c" lem="ell" num="c" person="3" pos="p0300000" wd="s'"/>
        </morfema.pronominal>
        <grup.verb>
          <v lem="ajustar" lss="A22.transitive-agentive-theme" mood="indicative" num="s" person="3" pos="vmip3s0" postype="main" tense="present" wd="ajusta"/>
        </grup.verb>
        <sp arg="arg1" func="creg" tem="tem">
          <prep>
            <s lem="a" pos="sps00" postype="preposition" wd="a"/>
          </prep>
          <sn>
            <grup.nom gen="f" num="s">
              <p gen="f" lem="un" num="s" pos="pn0fs000" postype="numeral" wd="una"/>
              <sp>
                <prep>
                  <s lem="de" pos="sps00" postype="preposition" wd="de"/>
                </prep>
                <sn>
                  <spec gen="f" num="p">
                    <d gen="f" lem="el" num="p" pos="da0fp0" postype="article" wd="les"/>
                  </spec>
                  <grup.nom gen="f" num="p">
                    <p gen="c" lem="tres" num="p" pos="pn0cp000" postype="numeral" wd="tres"/>
                    <sn>
                      <grup.nom gen="f" num="p">
                        <n gen="f" lem="proposta" num="p" pos="ncfp000" postype="common" sense="16:05355937" wd="propostes"/>
                        <S clausetype="participle" impersonal="yes">
                          <participi>
                            <a gen="f" lem="fet" lss="B12.unaccusative-passive-ditransitive" num="p" pos="aq0fpp" posfunction="participle" postype="qualificative" wd="fetes"/>
                          </participi>
                          <sp arg="arg0" func="cag" tem="agt">
                            <prep>
                              <s lem="per" pos="sps00" postype="preposition" wd="per"/>
                            </prep>
                            <sn entityref="ne" ne="organization">
                              <spec gen="f" num="s">
                                <d gen="c" lem="el" num="s" pos="da0cs0" postype="article" wd="l'"/>
                              </spec>
                              <grup.nom gen="f" num="s">
                                <n gen="f" lem="empresa" num="s" pos="ncfs000" postype="common" sense="16:06004580" wd="empresa"/>
                                <sn entityref="ne" ne="organization">
                                  <grup.nom>
                                    <n lem="TABASA" ne="organization" pos="np0000o" postype="proper" sense="16:cs1" wd="TABASA"/>
                                  </grup.nom>
                                </sn>
                              </grup.nom>
                            </sn>
                          </sp>
                        </S>
                      </grup.nom>
                    </sn>
                  </grup.nom>
                </sn>
              </sp>
            </grup.nom>
          </sn>
        </sp>
      </S>
      <conj conjunctiontype="coordinating">
        <c lem="com" pos="cs" postype="subordinating" wd="com"/>
      </conj>
      <S clausesubtype="conditional" clausetype="adverbial">
        <conj conjunctiontype="subordinating">
          <c lem="si" pos="cs" postype="subordinating" wd="si"/>
        </conj>
        <morfema.verbal func="impers">
          <p gen="c" lem="es" num="c" pos="p0000000" wd="s'"/>
        </morfema.verbal>
        <grup.verb>
          <v lem="optar" lss="A22.transitive-agentive-theme" mood="indicative" num="s" person="3" pos="vmip3s0" postype="main" tense="present" wd="opta"/>
        </grup.verb>
        <sp arg="arg1" func="creg" tem="tem">
          <prep>
            <s lem="per" pos="sps00" postype="preposition" wd="per"/>
          </prep>
          <S clausetype="completive" impersonal="yes">
            <infinitiu>
              <v lem="tirar_endavant" lss="A21.transitive-agentive-patient" mood="infinitive" pos="vmn0000" postype="main" wd="tirar_endavant"/>
            </infinitiu>
            <sn arg="arg1" func="cd" tem="pat">
              <spec gen="m" num="s">
                <d gen="m" lem="el" num="s" pos="da0ms0" postype="article" wd="el"/>
              </spec>
              <grup.nom gen="m" num="s">
                <n gen="m" lem="projecte" num="s" pos="ncms000" postype="common" sense="16:00508925" wd="projecte"/>
                <S clausetype="relative">
                  <relatiu arg="arg1" func="suj" tem="tem">
                    <p gen="c" lem="que" num="c" pos="pr0cn000" postype="relative" wd="que"/>
                  </relatiu>
                  <grup.verb>
                    <v lem="figurar" lss="C11.state-existential" mood="indicative" num="s" person="3" pos="vmip3s0" postype="main" tense="present" wd="figura"/>
                  </grup.verb>
                  <sp arg="arg2" func="creg" tem="loc">
                    <prep>
                      <s lem="en" pos="sps00" postype="preposition" wd="en"/>
                    </prep>
                    <sn entityref="ne" ne="other">
                      <spec gen="m" num="s">
                        <d gen="m" lem="el" num="s" pos="da0ms0" postype="article" wd="el"/>
                      </spec>
                      <grup.nom gen="m" num="s">
                        <n lem="Pla_General_Metropolità" ne="other" pos="np0000a" postype="proper" sense="16:cs1" wd="Pla_General_Metropolità"/>
                        <sp>
                          <prep>
                            <s lem="de" pos="sps00" postype="preposition" wd="de"/>
                          </prep>
                          <sn entityref="ne" ne="date">
                            <grup.nom gen="m" num="s">
                              <w lem="[??:??/??/1976:??.??]" ne="date" wd="1976"/>
                            </grup.nom>
                          </sn>
                        </sp>
                      </grup.nom>
                    </sn>
                  </sp>
                </S>
              </grup.nom>
            </sn>
          </S>
        </sp>
      </S>
    </S>
    <f lem="." pos="fp" punct="period" wd="."/>
  </sentence>
  <sentence>
    <sn arg="arg0" entityref="ne" func="suj" ne="organization" tem="agt">
      <spec gen="m" num="s">
        <d gen="m" lem="el" num="s" pos="da0ms0" postype="article" wd="El"/>
      </spec>
      <grup.nom gen="m" num="s">
        <n lem="Consell" ne="organization" pos="np0000o" postype="proper" sense="16:cs1" wd="Consell"/>
      </grup.nom>
    </sn>
    <grup.verb>
      <v lem="considerar" lss="A21.transitive-agentive-patient" mood="indicative" num="s" person="3" pos="vmip3s0" postype="main" tense="present" wd="considera"/>
    </grup.verb>
    <S arg="arg1" clausetype="completive" func="cd" tem="pat">
      <conj conjunctiontype="subordinating">
        <c lem="que" pos="cs" postype="subordinating" wd="que"/>
      </conj>
      <sn arg="arg1" func="suj" tem="tem">
        <spec gen="m" num="s">
          <d gen="m" lem="el" num="s" pos="da0ms0" postype="article" wd="el"/>
        </spec>
        <grup.nom gen="m" num="s">
          <n gen="m" lem="projecte" num="s" pos="ncms000" postype="common" sense="16:00508925" wd="projecte"/>
          <sp>
            <prep>
              <s contracted="yes" gen="m" lem="del" num="s" pos="spcms" postype="preposition" wd="del"/>
            </prep>
            <sn>
              <grup.nom gen="m" num="s">
                <n gen="m" lem="túnel" num="s" pos="ncms000" postype="common" sense="16:03550931" wd="túnel"/>
                <sp>
                  <prep>
                    <s lem="de" pos="sps00" postype="preposition" wd="d'"/>
                  </prep>
                  <sn entityref="ne" ne="location">
                    <grup.nom>
                      <n lem="Horta" ne="location" pos="np0000l" postype="proper" sense="16:cs1" wd="Horta"/>
                    </grup.nom>
                  </sn>
                </sp>
              </grup.nom>
            </sn>
          </sp>
        </grup.nom>
      </sn>
      <grup.verb>
        <v lem="ser" lss="C21.state-attributive" mood="indicative" num="s" person="3" pos="vmip3s0" postype="main" tense="present" wd="és"/>
      </grup.verb>
      <sa arg="arg2" func="atr" tem="atr">
        <f lem="'" pos="fz" punct="mathsign" wd="'"/>
        <spec>
          <r lem="totalment" pos="rg" wd="totalment"/>
        </spec>
        <grup.a>
          <a gen="c" lem="irracional" num="s" pos="aq0cs0" postype="qualificative" wd="irracional"/>
        </grup.a>
        <f lem="'" pos="fz" punct="mathsign" wd="'"/>
      </sa>
    </S>
    <S arg="argM" clausetype="adverbial" coord="yes" func="cc" tem="cau">
      <f lem="," pos="fc" punct="comma" wd=","/>
      <conj conjunctiontype="subordinating">
        <c lem="ja_que" pos="cs" postype="subordinating" wd="ja_que"/>
      </conj>
      <f lem="'" pos="fz" punct="mathsign" wd="'"/>
      <S clausetype="adverbial">
        <sn arg="arg0" elliptic="yes" func="suj" tem="cau"/>
        <neg func="mod">
          <r lem="no" pos="rn" postype="negative" wd="no"/>
        </neg>
        <grup.verb>
          <v lem="reduir" lss="A11.transitive-causative" mood="indicative" num="s" person="3" pos="vmif3s0" postype="main" tense="future" wd="reduirà"/>
        </grup.verb>
        <sn arg="arg1" func="cd" tem="tem">
          <spec gen="m" num="s">
            <d gen="m" lem="el" num="s" pos="da0ms0" postype="article" wd="el"/>
          </spec>
          <grup.nom gen="m" num="s">
            <n gen="m" lem="trànsit" num="s" pos="ncms000" postype="common" sense="16:06231214" wd="trànsit"/>
            <s.a gen="m" num="s">
              <grup.a gen="m" num="s">
                <a gen="m" lem="rodat" num="s" pos="aq0msp" posfunction="participle" postype="qualificative" wd="rodat"/>
              </grup.a>
            </s.a>
          </grup.nom>
        </sn>
      </S>
      <conj conjunctiontype="coordinating">
        <c lem="sinó_que" pos="cc" postype="coordinating" wd="sinó_que"/>
      </conj>
      <S clausetype="adverbial">
        <sn arg="arg0" elliptic="yes" func="suj" tem="cau"/>
        <sn discid="1c">
          <grup.nom>
            <p gen="c" lem="en" num="c" person="3" pos="pp3cn000" postype="personal" wd="en"/>
          </grup.nom>
        </sn>
        <grup.verb>
          <v lem="provocar" lss="A11.transitive-causative" mood="indicative" num="s" person="3" pos="vmif3s0" postype="main" tense="future" wd="provocarà"/>
        </grup.verb>
        <sn arg="arg1" func="cd" tem="tem">
          <spec gen="m" num="s">
            <d gen="m" lem="un" num="s" pos="di0ms0" postype="indefinite" wd="un"/>
          </spec>
          <grup.nom discid="1n" gen="m" num="s">
            <s.a gen="m" num="s">
              <grup.a gen="m" num="s">
                <a gen="m" lem="progressiu" num="s" pos="aq0ms0" postype="qualificative" wd="progressiu"/>
              </grup.a>
            </s.a>
            <n gen="m" lem="augment" num="s" pos="ncms000" postype="common" sense="16:00233535" wd="augment"/>
            <S clausetype="relative">
              <f lem="," pos="fc" punct="comma" wd=","/>
              <relatiu arg="arg1" func="suj" tem="pat">
                <p gen="c" lem="que" num="c" pos="pr0cn000" postype="relative" wd="que"/>
              </relatiu>
              <morfema.verbal func="pass">
                <p gen="c" lem="es" num="c" pos="p0000000" wd="s'"/>
              </morfema.verbal>
              <grup.verb>
                <v lem="afegir" lss="B22.unaccusative-passive-transitive" mood="indicative" num="s" person="3" pos="vmif3s0" postype="main" tense="future" wd="afegirà"/>
              </grup.verb>
              <sp arg="arg2" func="creg" tem="tem">
                <prep>
                  <s contracted="yes" gen="m" lem="al" num="s" pos="spcms" postype="preposition" wd="al"/>
                </prep>
                <sn>
                  <grup.nom gen="m" num="s">
                    <n gen="m" lem="col·lapse" num="s" pos="ncms000" postype="common" sense="16:cs1" wd="col·lapse"/>
                    <S clausetype="relative">
                      <relatiu arg="arg2" func="cd" functype="quantitative" tem="atr">
                        <p gen="c" lem="que" num="c" pos="pr0cn000" postype="relative" wd="que"/>
                      </relatiu>
                      <sadv func="mod">
                        <grup.adv>
                          <r lem="ja" pos="rg" wd="ja"/>
                        </grup.adv>
                      </sadv>
                      <sp arg="argM" func="cc" tem="tmp">
                        <prep>
                          <s lem="en" pos="sps00" postype="preposition" wd="en"/>
                        </prep>
                        <sn>
                          <grup.nom gen="f" num="p">
                            <n gen="f" lem="hora" num="p" pos="ncfp000" postype="common" sense="16:10856821" wd="hores"/>
                            <s.a gen="f" num="p">
                              <grup.a gen="f" num="p">
                                <n gen="f" lem="punta" num="s" pos="ncfs000" postype="common" sense="16:cs3" wd="punta"/>
                              </grup.a>
                            </s.a>
                          </grup.nom>
                        </sn>
                      </sp>
                      <grup.verb>
                        <v lem="patir" lss="C21.state-attributive" mood="indicative" num="s" person="3" pos="vmip3s0" postype="main" tense="present" wd="pateix"/>
                      </grup.verb>
                      <sn arg="arg1" entityref="ne" func="suj" ne="location" tem="tem">
                        <spec gen="f" num="s">
                          <d gen="f" lem="el" num="s" pos="da0fs0" postype="article" wd="la"/>
                        </spec>
                        <grup.nom gen="f" num="s">
                          <n gen="f" lem="ronda" num="s" pos="ncfs000" postype="common" sense="16:02361368" wd="ronda"/>
                          <sp>
                            <prep>
                              <s lem="de" pos="sps00" postype="preposition" wd="de"/>
                            </prep>
                            <sn entityref="ne" ne="location">
                              <grup.nom>
                                <n lem="Dalt" ne="location" pos="np0000l" postype="proper" sense="16:cs1" wd="Dalt"/>
                              </grup.nom>
                            </sn>
                          </sp>
                        </grup.nom>
                      </sn>
                    </S>
                  </grup.nom>
                </sn>
              </sp>
            </S>
          </grup.nom>
        </sn>
      </S>
      <f lem="'" pos="fz" punct="mathsign" wd="'"/>
    </S>
    <f lem="." pos="fp" punct="period" wd="."/>
  </sentence>
  <sentence>
    <sp func="et">
      <prep>
        <s lem="de" pos="sps00" postype="preposition" wd="D'"/>
      </prep>
      <sn>
        <spec gen="f" num="s">
          <d gen="f" lem="altre" num="s" pos="di0fs0" postype="indefinite" wd="altra"/>
        </spec>
        <grup.nom gen="f" num="s">
          <n gen="f" lem="banda" num="s" pos="ncfs000" postype="common" sense="16:04505974" wd="banda"/>
        </grup.nom>
      </sn>
      <f lem="," pos="fc" punct="comma" wd=","/>
    </sp>
    <sn arg="arg0" entityref="ne" func="suj" ne="organization" tem="agt">
      <spec gen="m" num="s">
        <d gen="m" lem="el" num="s" pos="da0ms0" postype="article" wd="el"/>
      </spec>
      <grup.nom gen="m" num="s">
        <n lem="Consell" ne="organization" pos="np0000o" postype="proper" sense="16:cs1" wd="Consell"/>
      </grup.nom>
    </sn>
    <grup.verb>
      <v lem="creure" lss="A21.transitive-agentive-patient" mood="indicative" num="s" person="3" pos="vmip3s0" postype="main" tense="present" wd="creu"/>
    </grup.verb>
    <S arg="arg1" clausetype="completive" func="cd" tem="pat">
      <conj conjunctiontype="subordinating">
        <c lem="que" pos="cs" postype="subordinating" wd="que"/>
      </conj>
      <sn arg="arg1" func="suj" tem="tem">
        <spec gen="m" num="s">
          <d gen="m" lem="el" num="s" pos="da0ms0" postype="article" wd="el"/>
        </spec>
        <grup.nom gen="m" num="s">
          <n gen="m" lem="túnel" num="s" pos="ncms000" postype="common" sense="16:03550931" wd="túnel"/>
        </grup.nom>
      </sn>
      <f lem="'" pos="fz" punct="mathsign" wd="'"/>
      <grup.verb>
        <v lem="suposar" lss="C21.state-attributive" mood="indicative" num="s" person="3" pos="vmif3s0" postype="main" tense="future" wd="suposarà"/>
      </grup.verb>
      <sn arg="arg2" func="cd" functype="quantitative" tem="atr">
        <spec gen="m" num="s">
          <d gen="m" lem="un" num="s" pos="di0ms0" postype="indefinite" wd="un"/>
        </spec>
        <grup.nom gen="m" num="s">
          <s.a gen="m" num="s">
            <grup.a gen="m" num="s">
              <a gen="c" lem="important" num="s" pos="aq0cs0" postype="qualificative" wd="important"/>
            </grup.a>
          </s.a>
          <n gen="m" lem="impacte" num="s" pos="ncms000" postype="common" sense="16:07768053" wd="impacte"/>
          <s.a gen="m" num="s">
            <grup.a gen="m" num="s">
              <a gen="m" lem="negatiu" num="s" pos="aq0ms0" postype="qualificative" wd="negatiu"/>
            </grup.a>
          </s.a>
        </grup.nom>
      </sn>
      <sp arg="arg3" func="ci" tem="ben">
        <sp>
          <prep>
            <s contracted="yes" gen="m" lem="pel" num="p" pos="spcmp" postype="preposition" wd="pels"/>
          </prep>
          <sn entityref="ne" ne="location">
            <grup.nom gen="m" num="p">
              <n gen="m" lem="barri" num="p" pos="ncmp000" postype="common" sense="16:06293689" wd="barris"/>
              <sp>
                <prep>
                  <s lem="de" pos="sps00" postype="preposition" wd="de"/>
                </prep>
                <sn entityref="ne" ne="location">
                  <grup.nom>
                    <n lem="Barcelona" ne="location" pos="np0000l" postype="proper" sense="16:06583156" wd="Barcelona"/>
                  </grup.nom>
                </sn>
              </sp>
            </grup.nom>
          </sn>
        </sp>
        <sp adjunct="yes">
          <f lem="," pos="fc" punct="comma" wd=","/>
          <sadv adjunct="yes">
            <grup.adv>
              <r lem="especialment" pos="rg" wd="especialment"/>
            </grup.adv>
          </sadv>
          <sp>
            <prep>
              <s contracted="yes" gen="m" lem="pel" num="p" pos="spcmp" postype="preposition" wd="pels"/>
            </prep>
            <sn>
              <s.a gen="m" num="p">
                <spec>
                  <r lem="més" pos="rg" wd="més"/>
                </spec>
                <grup.a gen="m" num="p">
                  <a gen="m" lem="proper" num="p" pos="aq0mp0" postype="qualificative" wd="propers"/>
                  <sp>
                    <prep>
                      <s contracted="yes" gen="m" lem="al" num="s" pos="spcms" postype="preposition" wd="al"/>
                    </prep>
                    <sn>
                      <grup.nom gen="m" num="s">
                        <n gen="m" lem="túnel" num="s" pos="ncms000" postype="common" sense="16:03550931" wd="túnel"/>
                      </grup.nom>
                    </sn>
                  </sp>
                </grup.a>
              </s.a>
            </sn>
          </sp>
          <f lem="," pos="fc" punct="comma" wd=","/>
        </sp>
      </sp>
      <S arg="argM" clausetype="adverbial" func="cc" tem="cau">
        <conj conjunctiontype="subordinating">
          <c lem="ja_que" pos="cs" postype="subordinating" wd="ja_que"/>
        </conj>
        <grup.verb>
          <v lem="circular" lss="D11.inergative-agentive" mood="indicative" num="p" person="3" pos="vmif3p0" postype="main" tense="future" wd="circularan"/>
        </grup.verb>
        <sp arg="arg2" func="cc" tem="loc">
          <prep>
            <s contracted="yes" gen="m" lem="pel" num="p" pos="spcmp" postype="preposition" wd="pels"/>
          </prep>
          <sn>
            <spec gen="m" num="p">
              <d gen="m" lem="seu" num="p" person="3" pos="dp3mp0" postype="possessive" wd="seus"/>
            </spec>
            <grup.nom gen="m" num="p">
              <n gen="m" lem="carrer" num="p" pos="ncmp000" postype="common" sense="16:03426653" wd="carrers"/>
            </grup.nom>
          </sn>
        </sp>
        <sn arg="arg0" func="suj" tem="agt">
          <spec gen="m" num="p">
            <z lem="20000" ne="number" wd="20.000"/>
          </spec>
          <grup.nom gen="m" num="p">
            <n gen="m" lem="cotxe" num="p" pos="ncmp000" postype="common" sense="16:02383458" wd="cotxes"/>
            <s.a gen="m" num="p">
              <grup.a gen="m" num="p">
                <a gen="m" lem="diari" num="p" pos="aq0mp0" postype="qualificative" wd="diaris"/>
              </grup.a>
            </s.a>
          </grup.nom>
        </sn>
        <sp arg="argM" func="cc" tem="adv">
          <prep>
            <s lem="en" pos="sps00" postype="preposition" wd="en"/>
          </prep>
          <sn>
            <spec gen="f" num="p">
              <d gen="f" lem="el" num="p" pos="da0fp0" postype="article" wd="les"/>
              <d gen="f" lem="dos" num="p" pos="dn0fp0" postype="numeral" wd="dues"/>
            </spec>
            <grup.nom gen="f" num="p">
              <n gen="f" lem="direcció" num="p" pos="ncfp000" postype="common" sense="16:06709272" wd="direccions"/>
            </grup.nom>
          </sn>
        </sp>
      </S>
    </S>
    <f lem="'" pos="fz" punct="mathsign" wd="'"/>
    <f lem="." pos="fp" punct="period" wd="."/>
  </sentence>
  <sentence>
    <sadv func="et">
      <grup.adv>
        <r lem="a_més" pos="rg" wd="A_més"/>
      </grup.adv>
      <f lem="," pos="fc" punct="comma" wd=","/>
    </sadv>
    <f lem="'" pos="fz" punct="mathsign" wd="'"/>
    <morfema.pronominal>
      <p gen="c" lem="es" num="c" person="3" pos="p0300000" wd="s'"/>
    </morfema.pronominal>
    <grup.verb>
      <v lem="incrementar" lss="B21.unaccusative-state" mood="indicative" num="s" person="3" pos="vmif3s0" postype="main" tense="future" wd="incrementarà"/>
    </grup.verb>
    <sn arg="arg1" func="suj" tem="tem">
      <spec gen="m" num="s">
        <d gen="m" lem="el" num="s" pos="da0ms0" postype="article" wd="el"/>
      </spec>
      <grup.nom gen="m" num="s">
        <n gen="m" lem="tràfic" num="s" pos="ncms000" postype="common" sense="16:00722332" wd="tràfic"/>
      </grup.nom>
    </sn>
    <sp arg="argM" func="cc" tem="loc">
      <prep>
        <s lem="a" pos="sps00" postype="preposition" wd="a"/>
      </prep>
      <sn entityref="ne" ne="location">
        <spec gen="f" num="s">
          <d gen="f" lem="el" num="s" pos="da0fs0" postype="article" wd="la"/>
        </spec>
        <grup.nom gen="f" num="s">
          <n gen="f" lem="carretera" num="s" pos="ncfs000" postype="common" sense="16:03243979" wd="carretera"/>
          <sp>
            <prep>
              <s lem="de" pos="sps00" postype="preposition" wd="d'"/>
            </prep>
            <sn entityref="ne" ne="location">
              <grup.nom>
                <n lem="Horta" ne="location" pos="np0000l" postype="proper" sense="16:cs1" wd="Horta"/>
              </grup.nom>
            </sn>
          </sp>
          <sp>
            <prep>
              <s lem="a" pos="sps00" postype="preposition" wd="a"/>
            </prep>
            <sn entityref="ne" ne="location">
              <grup.nom>
                <n lem="Cerdanyola" ne="location" pos="np0000l" postype="proper" sense="16:cs1" wd="Cerdanyola"/>
              </grup.nom>
            </sn>
          </sp>
          <sn entityref="ne" ne="location">
            <grup.nom>
              <f lem="(" pos="fpa" punct="bracket" punctenclose="open" wd="("/>
              <n lem="BV-1415" ne="location" pos="np0000l" postype="proper" sense="16:cs1" wd="BV-1415"/>
              <f lem=")" pos="fpt" punct="bracket" punctenclose="close" wd=")"/>
            </grup.nom>
          </sn>
        </grup.nom>
      </sn>
    </sp>
    <f lem="'" pos="fz" punct="mathsign" wd="'"/>
    <f lem="." pos="fp" punct="period" wd="."/>
  </sentence>
  <sentence>
    <sp arg="arg1" func="creg" repetition="yes" tem="loc">
      <prep>
        <s lem="a" pos="sps00" postype="preposition" wd="A"/>
      </prep>
      <sn>
        <spec gen="m" num="s">
          <d gen="c" lem="el" num="s" pos="da0cs0" postype="article" wd="l'"/>
        </spec>
        <grup.nom gen="m" num="s">
          <n gen="m" lem="impacte" num="s" pos="ncms000" postype="common" sense="16:07768053" wd="impacte"/>
          <s.a gen="m" num="s">
            <grup.a gen="m" num="s">
              <a gen="c" lem="ambiental" num="s" pos="aq0cs0" postype="qualificative" wd="ambiental"/>
            </grup.a>
          </s.a>
        </grup.nom>
      </sn>
    </sp>
    <morfema.verbal func="pass">
      <p gen="c" lem="es" num="c" pos="p0000000" wd="s'"/>
    </morfema.verbal>
    <sn arg="arg2" func="creg" repetition="yes" tem="tem">
      <grup.nom>
        <p gen="c" lem="hi" num="c" person="3" pos="pp3cn000" postype="personal" wd="hi"/>
      </grup.nom>
    </sn>
    <grup.verb>
      <v lem="afegir" lss="B22.unaccusative-passive-transitive" mood="indicative" num="s" person="3" pos="vmif3s0" postype="main" tense="future" wd="afegirà"/>
    </grup.verb>
    <sp func="ao">
      <f lem="," pos="fc" punct="comma" wd=","/>
      <prep>
        <s lem="segons" pos="sps00" postype="preposition" wd="segons"/>
      </prep>
      <sn entityref="ne" ne="organization">
        <spec gen="m" num="s">
          <d gen="m" lem="el" num="s" pos="da0ms0" postype="article" wd="el"/>
        </spec>
        <grup.nom gen="m" num="s">
          <n lem="Consell" ne="organization" pos="np0000o" postype="proper" sense="16:cs1" wd="Consell"/>
        </grup.nom>
      </sn>
      <f lem="," pos="fc" punct="comma" wd=","/>
    </sp>
    <sn arg="arg1" func="suj" tem="pat">
      <f lem="'" pos="fz" punct="mathsign" wd="'"/>
      <spec gen="f" num="s">
        <d gen="f" lem="el" num="s" pos="da0fs0" postype="article" wd="la"/>
      </spec>
      <grup.nom gen="f" num="s">
        <n gen="f" lem="pressió" num="s" pos="ncfs000" postype="common" sense="16:00072419" wd="pressió"/>
        <s.a gen="f" num="s">
          <grup.a gen="f" num="s">
            <a gen="f" lem="urbanístic" num="s" pos="aq0fs0" postype="qualificative" wd="urbanística"/>
          </grup.a>
        </s.a>
        <sp>
          <prep>
            <s contracted="yes" gen="m" lem="al" num="p" pos="spcmp" postype="preposition" wd="als"/>
          </prep>
          <sn>
            <spec gen="m" num="p">
              <d gen="m" lem="seu" num="p" person="3" pos="dp3mp0" postype="possessive" wd="seus"/>
            </spec>
            <grup.nom gen="m" num="p">
              <n gen="m" lem="voltant" num="p" pos="ncmp000" postype="common" sense="16:06315687" wd="voltants"/>
            </grup.nom>
          </sn>
        </sp>
      </grup.nom>
      <f lem="'" pos="fz" punct="mathsign" wd="'"/>
    </sn>
    <sp arg="argM" coord="yes" func="cc" tem="cau">
      <f lem="," pos="fc" punct="comma" wd=","/>
      <sp>
        <prep>
          <s lem="degut_a" pos="sps00" postype="preposition" wd="degut_a"/>
        </prep>
        <sn>
          <spec gen="f" num="s">
            <d gen="f" lem="el" num="s" pos="da0fs0" postype="article" wd="la"/>
          </spec>
          <f lem="'" pos="fz" punct="mathsign" wd="'"/>
          <grup.nom gen="f" num="s">
            <n gen="f" lem="construcció" num="s" pos="ncfs000" postype="common" sense="16:00585093" wd="construcció"/>
            <sp>
              <prep>
                <s lem="de" pos="sps00" postype="preposition" wd="de"/>
              </prep>
              <sn complex="yes">
                <grup.nom coord="yes">
                  <grup.nom gen="f" num="p">
                    <n gen="f" lem="benzinera" num="p" pos="ncfp000" postype="common" sense="16:02745229" wd="benzineres"/>
                  </grup.nom>
                  <conj conjunctiontype="coordinating">
                    <c lem="i" pos="cc" postype="coordinating" wd="i"/>
                  </conj>
                  <grup.nom gen="f" num="p">
                    <s.a gen="f" num="p">
                      <grup.a gen="f" num="p">
                        <a gen="c" lem="gran" num="p" pos="aq0cp0" postype="qualificative" wd="grans"/>
                      </grup.a>
                    </s.a>
                    <n gen="f" lem="superfície" num="p" pos="ncfp000" postype="common" sense="16:cs1" wd="superfícies"/>
                    <s.a gen="f" num="p">
                      <grup.a gen="f" num="p">
                        <a gen="c" lem="comercial" num="p" pos="aq0cp0" postype="qualificative" wd="comercials"/>
                      </grup.a>
                    </s.a>
                  </grup.nom>
                </grup.nom>
              </sn>
            </sp>
            <sp>
              <prep>
                <s lem="a" pos="sps00" postype="preposition" wd="a"/>
              </prep>
              <sn>
                <spec gen="f" num="p">
                  <d gen="f" lem="el" num="p" pos="da0fp0" postype="article" wd="les"/>
                </spec>
                <grup.nom gen="f" num="p">
                  <n gen="f" lem="entrada" num="p" pos="ncfp000" postype="common" sense="16:02641840" wd="entrades"/>
                  <sp>
                    <prep>
                      <s contracted="yes" gen="m" lem="del" num="p" pos="spcmp" postype="preposition" wd="dels"/>
                    </prep>
                    <sn>
                      <grup.nom gen="m" num="p">
                        <n gen="m" lem="túnel" num="p" pos="ncmp000" postype="common" sense="16:03550931" wd="túnels"/>
                      </grup.nom>
                    </sn>
                  </sp>
                </grup.nom>
              </sn>
            </sp>
          </grup.nom>
        </sn>
      </sp>
      <f lem="," pos="fc" punct="comma" wd=","/>
      <sp>
        <prep>
          <s lem="a" pos="sps00" postype="preposition" wd="a"/>
        </prep>
        <sn>
          <spec gen="f" num="s">
            <d gen="f" lem="el" num="s" pos="da0fs0" postype="article" wd="la"/>
          </spec>
          <grup.nom gen="f" num="s">
            <n gen="f" lem="pèrdua" num="s" pos="ncfs000" postype="common" sense="16:00039700" wd="pèrdua"/>
            <sp>
              <prep>
                <s lem="de" pos="sps00" postype="preposition" wd="de"/>
              </prep>
              <sn>
                <grup.nom gen="m" num="s">
                  <n gen="m" lem="sòl" num="s" pos="ncms000" postype="common" sense="16:06667942" wd="sòl"/>
                  <s.a gen="m" num="s">
                    <grup.a gen="m" num="s">
                      <a gen="m" lem="públic" num="s" pos="aq0ms0" postype="qualificative" wd="públic"/>
                    </grup.a>
                  </s.a>
                </grup.nom>
              </sn>
            </sp>
            <sp>
              <prep>
                <s lem="per" pos="sps00" postype="preposition" wd="per"/>
              </prep>
              <sn>
                <grup.nom gen="m" num="p">
                  <n gen="m" lem="equipament" num="p" pos="ncmp000" postype="common" sense="16:02644452" wd="equipaments"/>
                </grup.nom>
              </sn>
            </sp>
            <sp>
              <prep>
                <s lem="en" pos="sps00" postype="preposition" wd="en"/>
              </prep>
              <sn>
                <grup.nom gen="m" num="s">
                  <n gen="m" lem="benefici" num="s" pos="ncms000" postype="common" sense="16:04017901" wd="benefici"/>
                  <sp>
                    <prep>
                      <s lem="de" pos="sps00" postype="preposition" wd="de"/>
                    </prep>
                    <sn>
                      <spec gen="f" num="s">
                        <d gen="c" lem="el" num="s" pos="da0cs0" postype="article" wd="l'"/>
                      </spec>
                      <grup.nom gen="f" num="s">
                        <n gen="f" lem="especulació" num="s" pos="ncfs000" postype="common" sense="16:09607414" wd="especulació"/>
                        <s.a gen="f" num="s">
                          <grup.a gen="f" num="s">
                            <a gen="f" lem="immobiliari" num="s" pos="aq0fs0" postype="qualificative" wd="immobiliària"/>
                          </grup.a>
                        </s.a>
                      </grup.nom>
                    </sn>
                  </sp>
                </grup.nom>
              </sn>
            </sp>
          </grup.nom>
        </sn>
        <f lem="," pos="fc" punct="comma" wd=","/>
      </sp>
      <conj conjunctiontype="coordinating">
        <c lem="així_com" pos="cc" postype="coordinating" wd="així_com"/>
      </conj>
      <sp>
        <prep>
          <s lem="a" pos="sps00" postype="preposition" wd="a"/>
        </prep>
        <sn>
          <spec gen="f" num="s">
            <d gen="f" lem="el" num="s" pos="da0fs0" postype="article" wd="la"/>
          </spec>
          <grup.nom gen="f" num="s">
            <n gen="f" lem="contaminació" num="s" pos="ncfs000" postype="common" sense="16:00177916" wd="contaminació"/>
            <s.a complex="yes" gen="f" num="s">
              <grup.a coord="yes" gen="f" num="s">
                <grup.a gen="f" num="s">
                  <a gen="f" lem="acústic" num="s" pos="aq0fs0" postype="qualificative" wd="acústica"/>
                </grup.a>
                <conj conjunctiontype="coordinating">
                  <c lem="i" pos="cc" postype="coordinating" wd="i"/>
                </conj>
                <grup.a gen="f" num="s">
                  <a gen="f" lem="atmosfèric" num="s" pos="aq0fs0" postype="qualificative" wd="atmosfèrica"/>
                </grup.a>
              </grup.a>
            </s.a>
            <sp>
              <f lem="," pos="fc" punct="comma" wd=","/>
              <prep>
                <s lem="amb" pos="sps00" postype="preposition" wd="amb"/>
              </prep>
              <sn>
                <spec gen="m" num="p">
                  <d gen="m" lem="el_seu" num="p" person="3" pos="dp3mp0" postype="possessive" wd="els_seus"/>
                </spec>
                <grup.nom gen="m" num="p">
                  <n gen="m" lem="efecte" num="p" pos="ncmp000" postype="common" sense="16:07766144" wd="efectes"/>
                  <sp>
                    <prep>
                      <s lem="sobre" pos="sps00" postype="preposition" wd="sobre"/>
                    </prep>
                    <sn>
                      <spec gen="f" num="s">
                        <d gen="f" lem="el" num="s" pos="da0fs0" postype="article" wd="la"/>
                      </spec>
                      <grup.nom gen="f" num="s">
                        <n gen="f" lem="salut" num="s" pos="ncfs000" postype="common" sense="16:10366424" wd="salut"/>
                      </grup.nom>
                    </sn>
                  </sp>
                </grup.nom>
              </sn>
            </sp>
          </grup.nom>
        </sn>
      </sp>
      <f lem="'" pos="fz" punct="mathsign" wd="'"/>
    </sp>
    <f lem="." pos="fp" punct="period" wd="."/>
  </sentence>
  <sentence>
    <sn arg="arg0" entityref="ne" func="suj" ne="organization" tem="agt">
      <spec gen="m" num="s">
        <d gen="m" lem="el" num="s" pos="da0ms0" postype="article" wd="El"/>
      </spec>
      <grup.nom gen="m" num="s">
        <n lem="Consell" ne="organization" pos="np0000o" postype="proper" sense="16:cs1" wd="Consell"/>
      </grup.nom>
    </sn>
    <grup.verb>
      <v lem="haver" mood="indicative" num="s" person="3" pos="vaip3s0" postype="auxiliary" tense="present" wd="ha"/>
      <v gen="m" lem="afirmar" lss="A21.transitive-agentive-patient" mood="participle" num="s" pos="vmp00sm" postype="main" wd="afirmat"/>
    </grup.verb>
    <S arg="arg1" clausetype="completive" func="cd" tem="pat">
      <conj conjunctiontype="subordinating">
        <c lem="que" pos="cs" postype="subordinating" wd="que"/>
      </conj>
      <sn arg="arg0" func="suj" tem="cau">
        <spec gen="m" num="s">
          <d gen="m" lem="el" num="s" pos="da0ms0" postype="article" wd="el"/>
        </spec>
        <grup.nom gen="m" num="s">
          <n gen="m" lem="túnel" num="s" pos="ncms000" postype="common" sense="16:03550931" wd="túnel"/>
        </grup.nom>
      </sn>
      <f lem="'" pos="fz" punct="mathsign" wd="'"/>
      <grup.verb>
        <v lem="afectar" lss="A11.transitive-causative" mood="indicative" num="s" person="3" pos="vmif3s0" postype="main" tense="future" wd="afectarà"/>
      </grup.verb>
      <sadv arg="argM" func="cc" tem="mnr">
        <grup.adv>
          <r lem="negativament" pos="rg" wd="negativament"/>
        </grup.adv>
      </sadv>
      <sn arg="arg1" entityref="ne" func="cd" ne="location" tem="tem">
        <grup.nom>
          <n lem="Collserola" ne="location" pos="np0000l" postype="proper" sense="16:cs1" wd="Collserola"/>
          <sn>
            <f lem="," pos="fc" punct="comma" wd=","/>
            <spec gen="m" num="s">
              <d gen="m" lem="un" num="s" pos="di0ms0" postype="indefinite" wd="un"/>
            </spec>
            <grup.nom gen="m" num="s">
              <n gen="m" lem="parc" num="s" pos="ncms000" postype="common" sense="16:06347803" wd="parc"/>
              <s.a gen="m" num="s">
                <grup.a gen="m" num="s">
                  <a gen="c" lem="natural" num="s" pos="aq0cs0" postype="qualificative" wd="natural"/>
                </grup.a>
              </s.a>
              <S clausetype="relative">
                <relatiu arg="arg1" func="suj" tem="pat">
                  <p gen="c" lem="que" num="c" pos="pr0cn000" postype="relative" wd="que"/>
                </relatiu>
                <morfema.verbal func="pass">
                  <p gen="c" lem="es" num="c" pos="p0000000" wd="s'"/>
                </morfema.verbal>
                <grup.verb>
                  <v lem="haver" mood="indicative" num="s" person="3" pos="vaip3s0" postype="auxiliary" tense="present" wd="ha"/>
                  <s lem="de" pos="sps00" postype="preposition" wd="de"/>
                  <infinitiu>
                    <v lem="preservar" lss="B22.unaccusative-passive-transitive" mood="infinitive" pos="vmn0000" postype="main" wd="preservar"/>
                  </infinitiu>
                </grup.verb>
                <sp arg="argM" func="cpred" predicate="suj" tem="atr">
                  <prep>
                    <s lem="com_a" pos="sps00" postype="preposition" wd="com_a"/>
                  </prep>
                  <sn>
                    <grup.nom gen="m" num="s">
                      <n gen="m" lem="pulmó" num="s" pos="ncms000" postype="common" sense="16:04187344" wd="pulmó"/>
                      <s.a gen="m" num="s">
                        <grup.a gen="m" num="s">
                          <a gen="c" lem="natural" num="s" pos="aq0cs0" postype="qualificative" wd="natural"/>
                        </grup.a>
                      </s.a>
                      <sp>
                        <prep>
                          <s lem="de" pos="sps00" postype="preposition" wd="de"/>
                        </prep>
                        <sn entityref="ne" ne="location">
                          <grup.nom>
                            <n lem="Barcelona" ne="location" pos="np0000l" postype="proper" sense="16:06583156" wd="Barcelona"/>
                          </grup.nom>
                        </sn>
                      </sp>
                    </grup.nom>
                  </sn>
                </sp>
              </S>
            </grup.nom>
          </sn>
        </grup.nom>
      </sn>
      <f lem="'" pos="fz" punct="mathsign" wd="'"/>
    </S>
    <f lem="." pos="fp" punct="period" wd="."/>
  </sentence>
  <sentence>
    <sp arg="argM" func="cc" tem="adv">
      <prep>
        <s contracted="yes" gen="m" lem="des_del" num="s" pos="spcms" postype="preposition" wd="Des_del"/>
      </prep>
      <sn>
        <grup.nom gen="m" num="s">
          <n gen="m" lem="punt" num="s" pos="ncms000" postype="common" sense="16:cs1" wd="punt"/>
          <sp>
            <prep>
              <s lem="de" pos="sps00" postype="preposition" wd="de"/>
            </prep>
            <sn>
              <grup.nom gen="f" num="s">
                <n gen="f" lem="vista" num="s" pos="ncfs000" postype="common" sense="16:cs3" wd="vista"/>
              </grup.nom>
            </sn>
          </sp>
          <sp>
            <prep>
              <s lem="de" pos="sps00" postype="preposition" wd="de"/>
            </prep>
            <sn>
              <spec gen="f" num="s">
                <d gen="f" lem="el" num="s" pos="da0fs0" postype="article" wd="la"/>
              </spec>
              <grup.nom gen="f" num="s">
                <n gen="f" lem="mobilitat" num="s" pos="ncfs000" postype="common" sense="16:03746913" wd="mobilitat"/>
              </grup.nom>
            </sn>
          </sp>
        </grup.nom>
      </sn>
      <f lem="," pos="fc" punct="comma" wd=","/>
    </sp>
    <sn arg="arg1" func="suj" tem="tem">
      <spec gen="m" num="s">
        <d gen="m" lem="el" num="s" pos="da0ms0" postype="article" wd="el"/>
      </spec>
      <grup.nom gen="m" num="s">
        <n gen="m" lem="túnel" num="s" pos="ncms000" postype="common" sense="16:03550931" wd="túnel"/>
      </grup.nom>
    </sn>
    <grup.verb>
      <v lem="ser" lss="C21.state-attributive" mood="indicative" num="s" person="3" pos="vmip3s0" postype="main" tense="present" wd="és"/>
    </grup.verb>
    <sp func="ao">
      <f lem="," pos="fc" punct="comma" wd=","/>
      <prep>
        <s lem="segons" pos="sps00" postype="preposition" wd="segons"/>
      </prep>
      <sn entityref="ne" ne="organization">
        <spec gen="m" num="s">
          <d gen="m" lem="el" num="s" pos="da0ms0" postype="article" wd="el"/>
        </spec>
        <grup.nom gen="m" num="s">
          <n lem="Consell" ne="organization" pos="np0000o" postype="proper" sense="16:cs1" wd="Consell"/>
        </grup.nom>
      </sn>
      <f lem="," pos="fc" punct="comma" wd=","/>
    </sp>
    <f lem="'" pos="fz" punct="mathsign" wd="'"/>
    <sa arg="arg2" func="atr" tem="atr">
      <spec>
        <r lem="absolutament" pos="rg" wd="absolutament"/>
      </spec>
      <grup.a>
        <a gen="m" lem="innecessari" num="s" pos="aq0ms0" postype="qualificative" wd="innecessari"/>
      </grup.a>
    </sa>
    <S arg="argM" clausetype="adverbial" func="cc" tem="cau">
      <f lem="," pos="fc" punct="comma" wd=","/>
      <conj conjunctiontype="subordinating">
        <c lem="ja_que" pos="cs" postype="subordinating" wd="ja_que"/>
      </conj>
      <morfema.verbal func="pass">
        <p gen="c" lem="es" num="c" pos="p0000000" wd="s'"/>
      </morfema.verbal>
      <sn arg="argM" func="cc" tem="adv">
        <grup.nom>
          <p gen="c" lem="hi" num="c" person="3" pos="pp3cn000" postype="personal" wd="hi"/>
        </grup.nom>
      </sn>
      <grup.verb>
        <v lem="poder" mood="indicative" num="p" person="3" pos="vmip3p0" postype="main" tense="present" wd="poden"/>
        <infinitiu>
          <v lem="trobar" lss="B22.unaccusative-passive-transitive" mood="infinitive" pos="vmn0000" postype="main" wd="trobar"/>
        </infinitiu>
      </grup.verb>
      <sn arg="arg1" complex="yes" func="suj" tem="pat">
        <grup.nom coord="yes">
          <grup.nom coord="yes">
            <grup.nom gen="f" num="p">
              <p gen="f" lem="molt" num="p" pos="pi0fp000" postype="indefinite" wd="moltes"/>
            </grup.nom>
            <conj conjunctiontype="coordinating">
              <c lem="i" pos="cc" postype="coordinating" wd="i"/>
            </conj>
            <grup.nom gen="f" num="p">
              <s.a gen="f" num="p">
                <spec>
                  <r lem="molt" pos="rg" wd="molt"/>
                </spec>
                <grup.a gen="f" num="p">
                  <a gen="f" lem="bo" num="p" pos="aq0fp0" postype="qualificative" wd="bones"/>
                </grup.a>
              </s.a>
              <n gen="f" lem="solució" num="p" pos="ncfp000" postype="common" sense="16:04377480" wd="solucions"/>
            </grup.nom>
          </grup.nom>
          <sp adjunct="yes">
            <prep>
              <c lem="com_ara" pos="cs" postype="subordinating" wd="com_ara"/>
            </prep>
            <sn coord="yes">
              <sn>
                <spec gen="f" num="s">
                  <d gen="f" lem="el" num="s" pos="da0fs0" postype="article" wd="la"/>
                </spec>
                <grup.nom gen="f" num="s">
                  <n gen="f" lem="potenciació" num="s" pos="ncfs000" postype="common" sense="16:cs1" wd="potenciació"/>
                  <sp>
                    <prep>
                      <s contracted="yes" gen="m" lem="del" num="s" pos="spcms" postype="preposition" wd="del"/>
                    </prep>
                    <sn>
                      <grup.nom gen="m" num="s">
                        <n gen="m" lem="transport" num="s" pos="ncms000" postype="common" sense="16:02495376" wd="transport"/>
                        <s.a gen="m" num="s">
                          <grup.a gen="m" num="s">
                            <a gen="m" lem="públic" num="s" pos="aq0ms0" postype="qualificative" wd="públic"/>
                          </grup.a>
                        </s.a>
                      </grup.nom>
                    </sn>
                  </sp>
                </grup.nom>
              </sn>
              <conj conjunctiontype="coordinating">
                <c lem="i" pos="cc" postype="coordinating" wd="i"/>
              </conj>
              <sn>
                <spec gen="m" num="s">
                  <d gen="c" lem="el" num="s" pos="da0cs0" postype="article" wd="l'"/>
                </spec>
                <grup.nom gen="m" num="s">
                  <n gen="m" lem="augment" num="s" pos="ncms000" postype="common" sense="16:09729055" wd="augment"/>
                  <sp>
                    <prep>
                      <s lem="de" pos="sps00" postype="preposition" wd="de"/>
                    </prep>
                    <sn>
                      <spec gen="f" num="p">
                        <d gen="f" lem="el" num="p" pos="da0fp0" postype="article" wd="les"/>
                      </spec>
                      <grup.nom gen="f" num="p">
                        <n gen="f" lem="freqüència" num="p" pos="ncfp000" postype="common" sense="16:10975635" wd="freqüències"/>
                        <sp>
                          <prep>
                            <s lem="de" pos="sps00" postype="preposition" wd="de"/>
                          </prep>
                          <sn>
                            <grup.nom gen="m" num="s">
                              <n gen="m" lem="pas" num="s" pos="ncms000" postype="common" sense="16:03092396" wd="pas"/>
                            </grup.nom>
                          </sn>
                        </sp>
                        <sp>
                          <prep>
                            <s contracted="yes" gen="m" lem="del" num="p" pos="spcmp" postype="preposition" wd="dels"/>
                          </prep>
                          <sn>
                            <grup.nom gen="m" num="p">
                              <n gen="m" lem="tren" num="p" pos="ncmp000" postype="common" sense="16:03528724" wd="trens"/>
                              <s.a gen="m" num="p">
                                <grup.a gen="m" num="p">
                                  <a gen="m" lem="metropolità" num="p" pos="aq0mp0" postype="qualificative" wd="metropolitans"/>
                                </grup.a>
                              </s.a>
                            </grup.nom>
                          </sn>
                        </sp>
                      </grup.nom>
                    </sn>
                  </sp>
                </grup.nom>
              </sn>
            </sn>
          </sp>
        </grup.nom>
      </sn>
    </S>
    <f lem="'" pos="fz" punct="mathsign" wd="'"/>
    <f lem="." pos="fp" punct="period" wd="."/>
  </sentence>
  <sentence coord="yes">
    <S>
      <sn arg="arg0" entityref="ne" func="suj" ne="organization" tem="agt">
        <grup.nom>
          <n lem="Ecologistes_en_Acció_de_Catalunya" ne="organization" pos="np0000o" postype="proper" sense="16:cs1" wd="Ecologistes_en_Acció_de_Catalunya"/>
          <S clausetype="relative">
            <f lem="," pos="fc" punct="comma" wd=","/>
            <relatiu arg="arg0" func="suj" tem="agt">
              <p gen="c" lem="que" num="c" pos="pr0cn000" postype="relative" wd="que"/>
            </relatiu>
            <grup.verb>
              <v lem="participar" lss="A22.transitive-agentive-theme" mood="indicative" num="s" person="3" pos="vmip3s0" postype="main" tense="present" wd="participa"/>
            </grup.verb>
            <sadv arg="argM" func="cc" tem="mnr">
              <grup.adv>
                <r lem="activament" pos="rg" wd="activament"/>
              </grup.adv>
            </sadv>
            <sp arg="arg1" func="creg" tem="tem">
              <prep>
                <s lem="en" pos="sps00" postype="preposition" wd="en"/>
              </prep>
              <sn entityref="ne" ne="organization">
                <spec gen="m" num="s">
                  <d gen="m" lem="el" num="s" pos="da0ms0" postype="article" wd="el"/>
                </spec>
                <grup.nom gen="m" num="s">
                  <n lem="Consell_Consultiu_del_Consorci_del_Parc_de_Collserola" ne="organization" pos="np0000o" postype="proper" sense="16:cs1" wd="Consell_Consultiu_del_Consorci_del_Parc_de_Collserola"/>
                </grup.nom>
              </sn>
            </sp>
            <f lem="," pos="fc" punct="comma" wd=","/>
          </S>
        </grup.nom>
      </sn>
      <grup.verb>
        <v lem="haver" mood="indicative" num="s" person="3" pos="vaip3s0" postype="auxiliary" tense="present" wd="ha"/>
        <v gen="m" lem="valorar" lss="A21.transitive-agentive-patient" mood="participle" num="s" pos="vmp00sm" postype="main" wd="valorat"/>
      </grup.verb>
      <sadv arg="argM" func="cc" tem="mnr">
        <f lem="'" pos="fz" punct="mathsign" wd="'"/>
        <spec>
          <r lem="molt" pos="rg" wd="molt"/>
        </spec>
        <grup.adv>
          <r lem="positivament" pos="rg" wd="positivament"/>
        </grup.adv>
        <f lem="'" pos="fz" punct="mathsign" wd="'"/>
      </sadv>
      <S arg="arg1" clausetype="completive" func="cd" tem="pat">
        <conj conjunctiontype="subordinating">
          <c lem="que" pos="cs" postype="subordinating" wd="que"/>
        </conj>
        <sn arg="arg0" func="suj" tem="agt">
          <grup.nom gen="f" num="p">
            <n gen="f" lem="entitat" num="p" pos="ncfp000" postype="common" sense="16:00001740" wd="entitats"/>
            <sp>
              <prep>
                <s lem="de" pos="sps00" postype="preposition" wd="d'"/>
              </prep>
              <sn>
                <grup.nom gen="m" num="p">
                  <n gen="m" lem="àmbit" num="p" pos="ncmp000" postype="common" sense="16:10410497" wd="àmbits"/>
                  <s.a gen="m" num="p">
                    <spec>
                      <r lem="tan" pos="rg" wd="tan"/>
                    </spec>
                    <grup.a gen="m" num="p">
                      <a gen="c" lem="diferent" num="p" pos="aq0cp0" postype="qualificative" wd="diferents"/>
                    </grup.a>
                  </s.a>
                </grup.nom>
              </sn>
            </sp>
          </grup.nom>
        </sn>
        <f lem="'" pos="fz" punct="mathsign" wd="'"/>
        <grup.verb>
          <v lem="dir" lss="A32.ditransitive-patient-benefactive" mood="subjunctive" num="p" person="3" pos="vmsp3p0" postype="main" tense="present" wd="diguin"/>
        </grup.verb>
        <S arg="arg1" clausetype="completive" func="cd" tem="pat" verbless="yes">
          <neg>
            <r lem="no" pos="rn" postype="negative" wd="no"/>
          </neg>
        </S>
        <sp arg="argM" func="cc" tem="adv">
          <prep>
            <s contracted="yes" gen="m" lem="al" num="s" pos="spcms" postype="preposition" wd="al"/>
          </prep>
          <sn>
            <grup.nom gen="m" num="s">
              <n gen="m" lem="túnel" num="s" pos="ncms000" postype="common" sense="16:03550931" wd="túnel"/>
            </grup.nom>
          </sn>
        </sp>
        <f lem="'" pos="fz" punct="mathsign" wd="'"/>
      </S>
      <f lem="," pos="fc" punct="comma" wd=","/>
    </S>
    <conj conjunctiontype="coordinating">
      <c lem="i" pos="cc" postype="coordinating" wd="i"/>
    </conj>
    <S>
      <sn arg="arg0" elliptic="yes" func="suj" tem="agt"/>
      <grup.verb>
        <v lem="esperar" lss="A21.transitive-agentive-patient" mood="indicative" num="s" person="3" pos="vmip3s0" postype="main" tense="present" wd="espera"/>
      </grup.verb>
      <S arg="arg1" clausetype="completive" coord="yes" func="cd" tem="pat">
        <conj conjunctiontype="subordinating">
          <c lem="que" pos="cs" postype="subordinating" wd="que"/>
        </conj>
        <S clausetype="completive">
          <sn arg="arg0" coord="yes" func="suj" tem="agt">
            <sn entityref="ne" ne="organization">
              <spec gen="f" num="s">
                <d gen="f" lem="el" num="s" pos="da0fs0" postype="article" wd="la"/>
              </spec>
              <grup.nom gen="f" num="s">
                <n lem="Generalitat_de_Catalunya" ne="organization" pos="np0000o" postype="proper" sense="16:cs1" wd="Generalitat_de_Catalunya"/>
              </grup.nom>
            </sn>
            <conj conjunctiontype="coordinating">
              <c lem="i" pos="cc" postype="coordinating" wd="i"/>
            </conj>
            <sn entityref="ne" ne="organization">
              <spec gen="m" num="p">
                <d gen="m" lem="el" num="p" pos="da0mp0" postype="article" wd="els"/>
              </spec>
              <grup.nom gen="m" num="p">
                <n lem="Ajuntaments" ne="organization" pos="np0000o" postype="proper" sense="16:cs1" wd="Ajuntaments"/>
                <sp>
                  <prep>
                    <s lem="de" pos="sps00" postype="preposition" wd="de"/>
                  </prep>
                  <sn complex="yes">
                    <grup.nom coord="yes">
                      <grup.nom>
                        <n lem="Barcelona" ne="location" pos="np0000l" postype="proper" sense="16:06583156" wd="Barcelona"/>
                      </grup.nom>
                      <conj conjunctiontype="coordinating">
                        <c lem="i" pos="cc" postype="coordinating" wd="i"/>
                      </conj>
                      <grup.nom>
                        <n lem="Cerdanyola_del_Vallès" ne="location" pos="np0000l" postype="proper" sense="16:cs1" wd="Cerdanyola_del_Vallès"/>
                      </grup.nom>
                    </grup.nom>
                  </sn>
                </sp>
              </grup.nom>
            </sn>
          </sn>
          <f lem="'" pos="fz" punct="mathsign" wd="'"/>
          <grup.verb>
            <v lem="escoltar" lss="A21.transitive-agentive-patient" mood="imperative" num="p" person="3" pos="vmm03p0" postype="main" wd="escoltin"/>
          </grup.verb>
          <sn arg="arg1" func="cd" tem="pat">
            <spec gen="f" num="s">
              <d gen="f" lem="el" num="s" pos="da0fs0" postype="article" wd="la"/>
            </spec>
            <grup.nom gen="f" num="s">
              <n gen="f" lem="veu" num="s" pos="ncfs000" postype="common" sense="16:10391708" wd="veu"/>
              <s.a gen="f" num="s">
                <grup.a gen="f" num="s">
                  <a gen="f" lem="ciutadà" num="s" pos="aq0fs0" postype="qualificative" wd="ciutadana"/>
                </grup.a>
              </s.a>
            </grup.nom>
          </sn>
        </S>
        <conj conjunctiontype="coordinating">
          <c lem="i" pos="cc" postype="coordinating" wd="i"/>
        </conj>
        <S clausetype="completive">
          <sn arg="arg0" elliptic="yes" func="suj" tem="agt"/>
          <grup.verb>
            <v lem="desestimar" lss="A21.transitive-agentive-patient" mood="subjunctive" num="p" person="3" pos="vmsp3p0" postype="main" tense="present" wd="desestimin"/>
          </grup.verb>
          <sadv arg="argM" func="cc" tem="mnr">
            <grup.adv>
              <r lem="definitivament" pos="rg" wd="definitivament"/>
            </grup.adv>
          </sadv>
          <sn arg="arg1" func="cd" tem="pat">
            <spec gen="m" num="s">
              <d gen="m" lem="aquest" num="s" pos="dd0ms0" postype="demonstrative" wd="aquest"/>
            </spec>
            <grup.nom gen="m" num="s">
              <n gen="m" lem="projecte" num="s" pos="ncms000" postype="common" sense="16:00508925" wd="projecte"/>
              <s.a gen="m" num="s">
                <grup.a gen="m" num="s">
                  <a gen="m" lem="propi" num="s" pos="aq0ms0" postype="qualificative" wd="propi"/>
                  <sp>
                    <prep>
                      <s lem="de" pos="sps00" postype="preposition" wd="d'"/>
                    </prep>
                    <sn>
                      <spec gen="m" num="p">
                        <d gen="c" lem="altre" num="p" pos="di0cp0" postype="indefinite" wd="altres"/>
                      </spec>
                      <grup.nom gen="m" num="p">
                        <n gen="m" lem="temps" num="c" pos="ncmn000" postype="common" sense="16:00015594" wd="temps"/>
                      </grup.nom>
                    </sn>
                  </sp>
                </grup.a>
              </s.a>
            </grup.nom>
          </sn>
          <f lem="'" pos="fz" punct="mathsign" wd="'"/>
        </S>
      </S>
    </S>
    <f lem="." pos="fp" punct="period" wd="."/>
  </sentence>
</article>
