<?xml version="1.0" encoding="UTF-8"?>
<!-- 

  ancora-2.0
       
			Copyright (C) 2007, 2008, 2009, 2010, 2011 UB - CLiC
			Centre de Llenguatge i Computació - Universitat de Barcelona
 
  This file is part of ancora-2.0.
 
  ancora-2.0 is free software and data: you can redistribute it and/or modify
  it under the terms of the GNU General Public License as published
  by the Free Software Foundation, either version 3 of the License,
  or (at your option) any later version.

  ancora-2.0 is distributed in the hope that it will be useful,
  but WITHOUT ANY WARRANTY; without even the implied warranty of
  MERCHANTABILITY or FITNESS FOR A PARTICULAR PURPOSE.  See the
  GNU General Public License for more details.
 
  You should have received a copy of the GNU General Public License
  along with ancora-2.0.  If not, see &lt;http://www.gnu.org/licenses/&gt;.
 
  Check a text in catalan explaining the terms of the license at http://www.softcatala.cat/wiki/GPL3.
  In spanish at http://www.viti.es/gnu/licenses/gpl.html
 

  The following paper must be cited when using this corpus:

 * Taulé, M., M.A. Martí, M. Recasens (2008) 'Ancora: Multilevel Annotated Corpora for Catalan and Spanish',
   Proceedings of 6th International Conference on Language Resources and Evaluation. Marrakesh (Morocco).

  In addition, the following paper must be cited if coreference information (attributes entity, coreftype,
  corefsubtype, homophoricDD or entityref) is used:

 * Recasens, Marta, M. Antònia Martí (2010) ‘AnCora-CO: Coreferentially annotated corpora for Spanish and
   Catalan’. Language Resources and Evaluation, Springer Science.

  Additionally, the following paper must be cited when argumental attributes in "sn" or "grup.nom"
  (attributes func, arg, tem or lexicalid) are used:

 * Peris, Aina, Mariona Taulé, Horacio Rodríguez (2010) ‘Semantic Annotation of Deverbal Nominalizations in the
   Spanish AnCora corpus’. Treebanks and Linguistic Theories (TLT-2010), Estonia.
-->
<article lng="ca">
  <sentence>
    <sn arg="arg0" entityref="ne" func="suj" ne="organization" tem="agt">
      <spec gen="m" num="s">
        <d gen="m" lem="el" num="s" pos="da0ms0" postype="article" wd="El"/>
      </spec>
      <grup.nom gen="m" num="s">
        <n lem="Parc_Natural_del_Delta_de_l'_Ebre" ne="organization" pos="np0000o" postype="proper" sense="16:cs1" wd="Parc_Natural_del_Delta_de_l'_Ebre"/>
      </grup.nom>
    </sn>
    <grup.verb>
      <v lem="haver" mood="indicative" num="s" person="3" pos="vaip3s0" postype="auxiliary" tense="present" wd="ha"/>
      <v gen="m" lem="organitzar" lss="A21.transitive-agentive-patient" mood="participle" num="s" pos="vmp00sm" postype="main" wd="organitzat"/>
    </grup.verb>
    <sn arg="arg1" func="cd" tem="pat">
      <spec gen="f" num="s">
        <d gen="f" lem="un" num="s" pos="di0fs0" postype="indefinite" wd="una"/>
      </spec>
      <grup.nom gen="f" num="s">
        <n gen="f" lem="sortida" num="s" pos="ncfs000" postype="common" sense="16:00202291" wd="sortida"/>
        <sp>
          <prep>
            <s lem="en" pos="sps00" postype="preposition" wd="en"/>
          </prep>
          <sn>
            <grup.nom gen="f" num="s">
              <n gen="f" lem="barca" num="s" pos="ncfs000" postype="common" sense="16:03318070" wd="barca"/>
            </grup.nom>
          </sn>
        </sp>
        <sp>
          <prep>
            <s lem="per" pos="sps00" postype="preposition" wd="per"/>
          </prep>
          <sn entityref="ne" ne="location">
            <spec gen="f" num="s">
              <d gen="f" lem="el" num="s" pos="da0fs0" postype="article" wd="la"/>
            </spec>
            <grup.nom gen="f" num="s">
              <n gen="f" lem="costa" num="s" pos="ncfs000" postype="common" sense="16:06801422" wd="costa"/>
              <sp>
                <prep>
                  <s lem="de" pos="sps00" postype="preposition" wd="de"/>
                </prep>
                <sn entityref="ne" ne="location">
                  <spec gen="m" num="s">
                    <d gen="c" lem="el" num="s" pos="da0cs0" postype="article" wd="l'"/>
                  </spec>
                  <grup.nom gen="m" num="s">
                    <n lem="Ebre" ne="location" pos="np0000l" postype="proper" sense="16:06820129" wd="Ebre"/>
                  </grup.nom>
                </sn>
              </sp>
            </grup.nom>
          </sn>
        </sp>
      </grup.nom>
    </sn>
    <sp arg="argM" func="cc" tem="fin">
      <prep>
        <s lem="amb_l'_objectiu_de" pos="sps00" postype="preposition" wd="amb_l'_objectiu_d'"/>
      </prep>
      <S clausetype="completive" impersonal="yes">
        <infinitiu>
          <v lem="observar" lss="A21.transitive-agentive-patient" mood="infinitive" pos="vmn0000" postype="main" wd="observar"/>
        </infinitiu>
        <sn arg="arg1" func="cd" tem="pat">
          <spec gen="f" num="p">
            <d gen="c" lem="diferent" num="p" pos="di0cp0" postype="indefinite" wd="diferents"/>
          </spec>
          <grup.nom gen="f" num="p">
            <n gen="f" lem="espècie" num="p" pos="ncfp000" postype="common" sense="16:06045216" wd="espècies"/>
            <sp>
              <prep>
                <s lem="de" pos="sps00" postype="preposition" wd="d'"/>
              </prep>
              <sn>
                <grup.nom gen="m" num="p">
                  <n gen="m" lem="ocell" num="p" pos="ncmp000" postype="common" sense="16:01026695" wd="ocells"/>
                </grup.nom>
              </sn>
            </sp>
            <sp>
              <prep>
                <s lem="de" pos="sps00" postype="preposition" wd="de"/>
              </prep>
              <sn>
                <spec gen="f" num="s">
                  <d gen="f" lem="el" num="s" pos="da0fs0" postype="article" wd="la"/>
                </spec>
                <grup.nom gen="f" num="s">
                  <n gen="f" lem="zona" num="s" pos="ncfs000" postype="common" sense="16:06395720" wd="zona"/>
                </grup.nom>
              </sn>
            </sp>
          </grup.nom>
        </sn>
      </S>
    </sp>
    <f lem="." pos="fp" punct="period" wd="."/>
  </sentence>
  <sentence>
    <sn arg="arg1" func="suj" tem="tem">
      <grup.nom gen="m" num="s">
        <p gen="m" lem="aquest" num="s" pos="pd0ms000" postype="demonstrative" wd="Aquest"/>
      </grup.nom>
    </sn>
    <grup.verb>
      <v lem="ser" lss="C21.state-attributive" mood="indicative" num="s" person="3" pos="vmip3s0" postype="main" tense="present" wd="és"/>
    </grup.verb>
    <sn arg="arg2" func="atr" tem="atr">
      <grup.nom gen="m" num="s">
        <p gen="m" lem="un" num="s" pos="pi0ms000" postype="indefinite" wd="un"/>
        <sp>
          <prep>
            <s contracted="yes" gen="m" lem="del" num="p" pos="spcmp" postype="preposition" wd="dels"/>
          </prep>
          <sn>
            <grup.nom gen="m" num="p">
              <n gen="f" lem="acta" num="p" pos="ncfp000" postype="common" sense="16:cs1" wd="actes"/>
              <S clausetype="participle" impersonal="yes">
                <participi>
                  <a gen="m" lem="previst" lss="B22.unaccusative-passive-transitive" num="p" pos="aq0mpp" posfunction="participle" postype="qualificative" wd="previstos"/>
                </participi>
                <sp arg="argM" func="cc" tem="adv">
                  <prep>
                    <s lem="per" pos="sps00" postype="preposition" wd="per"/>
                  </prep>
                  <sn>
                    <spec gen="m" num="s">
                      <d gen="m" lem="aquest" num="s" pos="dd0ms0" postype="demonstrative" wd="aquest"/>
                    </spec>
                    <grup.nom gen="m" num="s">
                      <n gen="m" lem="cap" num="s" pos="ncms000" postype="common" sense="16:cs3" wd="cap"/>
                      <sp>
                        <prep>
                          <s lem="de" pos="sps00" postype="preposition" wd="de"/>
                        </prep>
                        <sn>
                          <grup.nom gen="f" num="s">
                            <n gen="f" lem="setmana" num="s" pos="ncfs000" postype="common" sense="16:cs1" wd="setmana"/>
                          </grup.nom>
                        </sn>
                      </sp>
                    </grup.nom>
                  </sn>
                </sp>
                <sp arg="argM" func="cc" tem="cau">
                  <prep>
                    <s lem="amb_motiu_de" pos="sps00" postype="preposition" wd="amb_motiu_de"/>
                  </prep>
                  <sn>
                    <spec gen="f" num="s">
                      <d gen="f" lem="el" num="s" pos="da0fs0" postype="article" wd="la"/>
                    </spec>
                    <grup.nom gen="f" num="s">
                      <n gen="f" lem="celebració" num="s" pos="ncfs000" postype="common" sense="16:00328496" wd="celebració"/>
                      <sp>
                        <prep>
                          <s contracted="yes" gen="m" lem="del" num="s" pos="spcms" postype="preposition" wd="del"/>
                        </prep>
                        <sn entityref="ne" ne="other">
                          <grup.nom gen="m" num="s">
                            <n lem="Dia_Mundial_del_Medi_Ambient" ne="other" pos="np0000a" postype="proper" sense="16:cs1" wd="Dia_Mundial_del_Medi_Ambient"/>
                          </grup.nom>
                        </sn>
                      </sp>
                    </grup.nom>
                  </sn>
                </sp>
              </S>
            </grup.nom>
          </sn>
        </sp>
      </grup.nom>
    </sn>
    <f lem="." pos="fp" punct="period" wd="."/>
  </sentence>
  <sentence>
    <sp arg="arg1" func="cd" tem="pat">
      <prep>
        <s lem="al_marge_de" pos="sps00" postype="preposition" wd="Al_marge_d'"/>
      </prep>
      <sn>
        <spec gen="f" num="s">
          <d gen="f" lem="aquest" num="s" pos="dd0fs0" postype="demonstrative" wd="aquesta"/>
        </spec>
        <grup.nom gen="f" num="s">
          <n gen="f" lem="sortida" num="s" pos="ncfs000" postype="common" sense="16:00202291" wd="sortida"/>
          <S clausetype="participle" impersonal="yes">
            <participi>
              <a gen="f" lem="guiat" num="s" pos="aq0fsp" posfunction="participle" postype="qualificative" wd="guiada"/>
            </participi>
          </S>
        </grup.nom>
      </sn>
      <f lem="," pos="fc" punct="comma" wd=","/>
    </sp>
    <sn arg="arg0" func="suj" tem="agt">
      <spec gen="m" num="s">
        <d gen="m" lem="el" num="s" pos="da0ms0" postype="article" wd="el"/>
      </spec>
      <grup.nom gen="m" num="s">
        <n lem="Parc" ne="organization" pos="np0000o" postype="proper" sense="16:cs1" wd="Parc"/>
      </grup.nom>
    </sn>
    <sadv func="mod">
      <grup.adv>
        <r lem="també" pos="rg" wd="també"/>
      </grup.adv>
    </sadv>
    <grup.verb>
      <v lem="haver" mood="indicative" num="s" person="3" pos="vaip3s0" postype="auxiliary" tense="present" wd="ha"/>
      <v gen="m" lem="organitzar" lss="A21.transitive-agentive-patient" mood="participle" num="s" pos="vmp00sm" postype="main" wd="organitzat"/>
    </grup.verb>
    <sn arg="arg1" func="cd" tem="pat">
      <spec gen="m" num="s">
        <d gen="m" lem="un" num="s" pos="di0ms0" postype="indefinite" wd="un"/>
      </spec>
      <grup.nom gen="m" num="s">
        <n gen="m" lem="curs" num="s" pos="ncms000" postype="common" sense="16:00568196" wd="curs"/>
        <sp>
          <prep>
            <s lem="de" pos="sps00" postype="preposition" wd="d'"/>
          </prep>
          <sn complex="yes">
            <grup.nom coord="yes">
              <grup.nom coord="yes">
                <grup.nom gen="f" num="s">
                  <n gen="f" lem="iniciació" num="s" pos="ncfs000" postype="common" sense="16:00101756" wd="iniciació"/>
                </grup.nom>
                <conj conjunctiontype="coordinating">
                  <c lem="i" pos="cc" postype="coordinating" wd="i"/>
                </conj>
                <grup.nom gen="m" num="s">
                  <n gen="m" lem="reconeixement" num="s" pos="ncms000" postype="common" sense="16:00633825" wd="reconeixement"/>
                </grup.nom>
              </grup.nom>
              <sp adjunct="yes">
                <prep>
                  <s lem="de" pos="sps00" postype="preposition" wd="de"/>
                </prep>
                <sn>
                  <spec gen="f" num="p">
                    <d gen="f" lem="el" num="p" pos="da0fp0" postype="article" wd="les"/>
                  </spec>
                  <grup.nom gen="f" num="p">
                    <n gen="f" lem="espècie" num="p" pos="ncfp000" postype="common" sense="16:06045216" wd="espècies"/>
                    <sp>
                      <prep>
                        <s lem="de" pos="sps00" postype="preposition" wd="d'"/>
                      </prep>
                      <sn>
                        <grup.nom gen="m" num="p">
                          <n gen="m" lem="ocell" num="p" pos="ncmp000" postype="common" sense="16:01026695" wd="ocells"/>
                        </grup.nom>
                      </sn>
                    </sp>
                    <s.a gen="f" num="p">
                      <spec>
                        <r lem="més" pos="rg" wd="més"/>
                      </spec>
                      <grup.a gen="f" num="p">
                        <a gen="f" lem="representatiu" num="p" pos="aq0fp0" postype="qualificative" wd="representatives"/>
                      </grup.a>
                    </s.a>
                    <sp>
                      <prep>
                        <s contracted="yes" gen="m" lem="del" num="s" pos="spcms" postype="preposition" wd="del"/>
                      </prep>
                      <sn entityref="ne" ne="location">
                        <grup.nom gen="m" num="s">
                          <n gen="f" lem="delta" num="s" pos="ncfs000" postype="common" sense="16:06728279" wd="delta"/>
                          <sp>
                            <prep>
                              <s lem="de" pos="sps00" postype="preposition" wd="de"/>
                            </prep>
                            <sn entityref="ne" ne="location">
                              <spec gen="m" num="s">
                                <d gen="c" lem="el" num="s" pos="da0cs0" postype="article" wd="l'"/>
                              </spec>
                              <grup.nom gen="m" num="s">
                                <n lem="Ebre" ne="location" pos="np0000l" postype="proper" sense="16:06820129" wd="Ebre"/>
                              </grup.nom>
                            </sn>
                          </sp>
                        </grup.nom>
                      </sn>
                    </sp>
                  </grup.nom>
                </sn>
              </sp>
            </grup.nom>
          </sn>
        </sp>
      </grup.nom>
    </sn>
    <f lem="." pos="fp" punct="period" wd="."/>
  </sentence>
  <sentence>
    <sn arg="arg1" func="suj" tem="pat">
      <spec gen="f" num="s">
        <d gen="f" lem="el" num="s" pos="da0fs0" postype="article" wd="La"/>
      </spec>
      <grup.nom gen="f" num="s">
        <n gen="f" lem="sortida" num="s" pos="ncfs000" postype="common" sense="16:00202291" wd="sortida"/>
        <sp>
          <prep>
            <s contracted="yes" gen="m" lem="al" num="s" pos="spcms" postype="preposition" wd="al"/>
          </prep>
          <sn>
            <grup.nom gen="m" num="s">
              <n gen="c" lem="mar" num="s" pos="nccs000" postype="common" sense="16:06781925" wd="mar"/>
            </grup.nom>
          </sn>
        </sp>
      </grup.nom>
    </sn>
    <morfema.verbal func="pass">
      <p gen="c" lem="es" num="c" pos="p0000000" wd="es"/>
    </morfema.verbal>
    <grup.verb>
      <v lem="fer" lss="B22.unaccusative-passive-transitive" mood="indicative" num="s" person="3" pos="vmif3s0" postype="main" tense="future" wd="farà"/>
    </grup.verb>
    <sp arg="argM" func="cc" tem="mnr">
      <prep>
        <s lem="amb" pos="sps00" postype="preposition" wd="amb"/>
      </prep>
      <sn>
        <spec gen="f" num="s">
          <d gen="f" lem="un" num="s" pos="di0fs0" postype="indefinite" wd="una"/>
        </spec>
        <grup.nom gen="f" num="s">
          <n gen="f" lem="barca" num="s" pos="ncfs000" postype="common" sense="16:03318070" wd="barca"/>
          <sp>
            <f lem="," pos="fc" punct="comma" wd=","/>
            <prep>
              <s lem="amb" pos="sps00" postype="preposition" wd="amb"/>
            </prep>
            <sn>
              <grup.nom gen="f" num="s">
                <n gen="f" lem="capacitat" num="s" pos="ncfs000" postype="common" sense="16:09924294" wd="capacitat"/>
                <sp>
                  <prep>
                    <s lem="per" pos="sps00" postype="preposition" wd="per"/>
                  </prep>
                  <sp>
                    <prep>
                      <s lem="a" pos="sps00" postype="preposition" wd="a"/>
                    </prep>
                    <sn>
                      <spec gen="f" num="p">
                        <d gen="f" lem="un" num="p" pos="di0fp0" postype="indefinite" wd="unes"/>
                        <d gen="c" lem="setanta" num="p" pos="dn0cp0" postype="numeral" wd="setanta"/>
                      </spec>
                      <grup.nom gen="f" num="p">
                        <n gen="f" lem="persona" num="p" pos="ncfp000" postype="common" sense="16:00004123" wd="persones"/>
                      </grup.nom>
                    </sn>
                  </sp>
                </sp>
              </grup.nom>
            </sn>
            <f lem="," pos="fc" punct="comma" wd=","/>
          </sp>
          <S clausetype="relative">
            <relatiu arg="arg0" func="suj" tem="agt">
              <p gen="c" lem="que" num="c" pos="pr0cn000" postype="relative" wd="que"/>
            </relatiu>
            <grup.verb>
              <v lem="recórrer" lss="A23.transitive-agentive-extension" mood="indicative" num="s" person="3" pos="vmif3s0" postype="main" tense="future" wd="recorrerà"/>
            </grup.verb>
            <sn arg="arg1" func="cd" functype="quantitative" tem="ext">
              <spec gen="m" num="p">
                <d gen="m" lem="un" num="p" pos="di0mp0" postype="indefinite" wd="uns"/>
                <d gen="c" lem="deu" num="p" pos="dn0cp0" postype="numeral" wd="deu"/>
              </spec>
              <grup.nom gen="m" num="p">
                <n gen="m" lem="quilòmetre" num="p" pos="ncmp000" postype="common" sense="16:09822867" wd="quilòmetres"/>
              </grup.nom>
            </sn>
            <sadv arg="arg2" func="cc" tem="loc">
              <sn adjunct="yes">
                <grup.nom gen="m" num="s">
                  <n gen="c" lem="mar" num="s" pos="nccs000" postype="common" sense="16:06781925" wd="mar"/>
                </grup.nom>
              </sn>
              <sadv>
                <grup.adv>
                  <r lem="endins" pos="rg" wd="endins"/>
                </grup.adv>
              </sadv>
            </sadv>
          </S>
        </grup.nom>
      </sn>
    </sp>
    <f lem="." pos="fp" punct="period" wd="."/>
  </sentence>
  <sentence>
    <S clausetype="adverbial" func="ao">
      <conj conjunctiontype="subordinating">
        <c lem="segons" pos="cs" postype="subordinating" wd="Segons"/>
      </conj>
      <grup.verb>
        <v lem="haver" mood="indicative" num="s" person="3" pos="vaip3s0" postype="auxiliary" tense="present" wd="ha"/>
        <v gen="m" lem="explicar" lss="A32.ditransitive-patient-benefactive" mood="participle" num="s" pos="vmp00sm" postype="main" wd="explicat"/>
      </grup.verb>
      <sn arg="arg0" func="suj" tem="agt">
        <grup.nom gen="m" num="s">
          <p gen="m" lem="un" num="s" pos="pn0ms000" postype="numeral" wd="un"/>
          <sp>
            <prep>
              <s contracted="yes" gen="m" lem="del" num="p" pos="spcmp" postype="preposition" wd="dels"/>
            </prep>
            <sn>
              <grup.nom gen="m" num="p">
                <n gen="m" lem="ornitòleg" num="p" pos="ncmp000" postype="common" sense="16:07448660" wd="ornitòlegs"/>
                <sp>
                  <prep>
                    <s contracted="yes" gen="m" lem="del" num="s" pos="spcms" postype="preposition" wd="del"/>
                  </prep>
                  <sn>
                    <grup.nom gen="m" num="s">
                      <n gen="m" lem="parc" num="s" pos="ncms000" postype="common" sense="16:06347803" wd="parc"/>
                    </grup.nom>
                  </sn>
                </sp>
              </grup.nom>
            </sn>
          </sp>
          <sn entityref="ne" ne="person">
            <f lem="," pos="fc" punct="comma" wd=","/>
            <grup.nom gen="m" num="s">
              <n lem="Antoni_Espanya" ne="person" pos="np0000p" postype="proper" sense="16:cs1" wd="Antoni_Espanya"/>
            </grup.nom>
            <f lem="," pos="fc" punct="comma" wd=","/>
          </sn>
        </grup.nom>
      </sn>
    </S>
    <f lem="'" pos="fz" punct="mathsign" wd="'"/>
    <sn arg="arg0" elliptic="yes" func="suj" tem="agt"/>
    <grup.verb>
      <v lem="poder" mood="indicative" num="p" person="1" pos="vmif1p0" postype="main" tense="future" wd="podrem"/>
      <infinitiu>
        <v lem="contemplar" lss="A21.transitive-agentive-patient" mood="infinitive" pos="vmn0000" postype="main" wd="contemplar"/>
      </infinitiu>
    </grup.verb>
    <sn arg="arg1" func="cd" tem="pat">
      <spec coord="yes" gen="f" num="p">
        <conj conjunctiontype="coordinating">
          <s lem="entre" pos="sps00" postype="preposition" wd="entre"/>
        </conj>
        <spec gen="f" num="p">
          <d gen="c" lem="quinze" num="p" pos="dn0cp0" postype="numeral" wd="quinze"/>
        </spec>
        <conj conjunctiontype="coordinating">
          <c lem="i" pos="cc" postype="coordinating" wd="i"/>
        </conj>
        <spec gen="f" num="p">
          <d gen="c" lem="vint" num="p" pos="dn0cp0" postype="numeral" wd="vint"/>
        </spec>
      </spec>
      <grup.nom gen="f" num="p">
        <n gen="f" lem="espècie" num="p" pos="ncfp000" postype="common" sense="16:06045216" wd="espècies"/>
        <s.a gen="f" num="p">
          <grup.a gen="f" num="p">
            <a gen="c" lem="diferent" num="p" pos="aq0cp0" postype="qualificative" wd="diferents"/>
          </grup.a>
        </s.a>
        <sp>
          <prep>
            <s lem="de" pos="sps00" postype="preposition" wd="d'"/>
          </prep>
          <sn>
            <grup.nom gen="f" num="p">
              <n gen="f" lem="au" num="p" pos="ncfp000" postype="common" sense="16:01026695" wd="aus"/>
            </grup.nom>
          </sn>
        </sp>
        <S clausetype="relative">
          <f lem="," pos="fc" punct="comma" wd=","/>
          <sp arg="argM" func="cc" repetition="yes" tem="loc">
            <prep>
              <s lem="entre" pos="sps00" postype="preposition" wd="entre"/>
            </prep>
            <relatiu>
              <d gen="f" lem="el" num="p" pos="da0fp0" postype="article" wd="les"/>
              <p gen="c" lem="qual" num="p" pos="pr0cp000" postype="relative" wd="quals"/>
            </relatiu>
          </sp>
          <sn arg="argM" func="cc" repetition="yes" tem="loc">
            <grup.nom>
              <p gen="c" lem="hi" num="c" person="3" pos="pp3cn000" postype="personal" wd="hi"/>
            </grup.nom>
          </sn>
          <grup.verb>
            <v lem="haver" lss="C11.state-existential" mood="indicative" num="s" person="3" pos="vmif3s0" postype="main" tense="future" wd="haurà"/>
          </grup.verb>
          <sn arg="arg1" complex="yes" func="cd" functype="quantitative" tem="tem">
            <grup.nom coord="yes">
              <grup.nom gen="f" num="p">
                <n gen="f" lem="gavina" num="p" pos="ncfp000" postype="common" sense="16:01552970" wd="gavines"/>
              </grup.nom>
              <f lem="," pos="fc" punct="comma" wd=","/>
              <grup.nom gen="m" num="p">
                <n gen="m" lem="xatrac" num="p" pos="ncmp000" postype="common" sense="16:cs1" wd="xatracs"/>
              </grup.nom>
              <f lem="," pos="fc" punct="comma" wd=","/>
              <grup.nom gen="f" num="p">
                <n gen="f" lem="baldrilla" num="p" pos="ncfp000" postype="common" sense="16:cs1" wd="baldrilles"/>
              </grup.nom>
              <f lem="," pos="fc" punct="comma" wd=","/>
              <grup.nom gen="f" num="p">
                <n gen="f" lem="pardela" num="p" pos="ncfp000" postype="common" sense="16:cs1" wd="pardeles"/>
              </grup.nom>
              <conj conjunctiontype="coordinating">
                <c lem="i" pos="cc" postype="coordinating" wd="i"/>
              </conj>
              <grup.nom gen="m" num="p">
                <n gen="m" lem="ocell" num="p" pos="ncmp000" postype="common" sense="16:01026695" wd="ocells"/>
                <sp>
                  <prep>
                    <s lem="de" pos="sps00" postype="preposition" wd="de"/>
                  </prep>
                  <sn>
                    <grup.nom gen="f" num="s">
                      <n gen="f" lem="tempesta" num="s" pos="ncfs000" postype="common" sense="16:cs1" wd="tempesta"/>
                    </grup.nom>
                  </sn>
                </sp>
              </grup.nom>
            </grup.nom>
          </sn>
        </S>
      </grup.nom>
    </sn>
    <f lem="'" pos="fz" punct="mathsign" wd="'"/>
    <f lem="." pos="fp" punct="period" wd="."/>
  </sentence>
  <sentence>
    <sp arg="argM" func="cc" tem="fin">
      <prep>
        <s lem="per" pos="sps00" postype="preposition" wd="Per"/>
      </prep>
      <S clausetype="completive" impersonal="yes">
        <infinitiu>
          <v lem="assegurar" lss="A21.transitive-agentive-patient" mood="infinitive" pos="vmn0000" postype="main" wd="assegurar"/>
        </infinitiu>
        <sn arg="arg1" func="cd" tem="pat">
          <spec gen="f" num="s">
            <d gen="f" lem="el" num="s" pos="da0fs0" postype="article" wd="la"/>
          </spec>
          <grup.nom gen="f" num="s">
            <n gen="f" lem="presència" num="s" pos="ncfs000" postype="common" sense="16:10056790" wd="presència"/>
            <sp>
              <prep>
                <s contracted="yes" gen="m" lem="del" num="p" pos="spcmp" postype="preposition" wd="dels"/>
              </prep>
              <sn>
                <grup.nom gen="m" num="p">
                  <n gen="m" lem="ocell" num="p" pos="ncmp000" postype="common" sense="16:01026695" wd="ocells"/>
                </grup.nom>
              </sn>
            </sp>
          </grup.nom>
        </sn>
      </S>
      <f lem="," pos="fc" punct="comma" wd=","/>
    </sp>
    <sn arg="arg0" func="suj" tem="agt">
      <spec gen="m" num="p">
        <d gen="m" lem="el" num="p" pos="da0mp0" postype="article" wd="els"/>
      </spec>
      <grup.nom gen="m" num="p">
        <n gen="m" lem="organitzador" num="p" pos="ncmp000" postype="common" sense="16:07448030" wd="organitzadors"/>
      </grup.nom>
    </sn>
    <grup.verb>
      <v lem="llençar" lss="A31.ditransitive-patient-locative" mood="indicative" num="p" person="3" pos="vmif3p0" postype="main" tense="future" wd="llençaran"/>
    </grup.verb>
    <sn arg="arg1" func="cd" tem="pat">
      <grup.nom gen="f" num="s">
        <n gen="f" lem="sardina" num="s" pos="ncfs000" postype="common" sense="16:05828473" wd="sardina"/>
      </grup.nom>
    </sn>
    <sp arg="argM" func="cc" tem="loc">
      <prep>
        <s lem="a" pos="sps00" postype="preposition" wd="a"/>
      </prep>
      <sn>
        <spec gen="f" num="s">
          <d gen="c" lem="el" num="s" pos="da0cs0" postype="article" wd="l'"/>
        </spec>
        <grup.nom gen="f" num="s">
          <n gen="f" lem="aigua" num="s" pos="ncfs000" postype="common" sense="16:10650211" wd="aigua"/>
        </grup.nom>
      </sn>
    </sp>
    <sp arg="argM" func="cc" tem="tmp">
      <prep>
        <s lem="durant" pos="sps00" postype="preposition" wd="durant"/>
      </prep>
      <sn>
        <spec gen="m" num="s">
          <d gen="m" lem="tot" num="s" pos="di0ms0" postype="indefinite" wd="tot"/>
          <d gen="m" lem="el" num="s" pos="da0ms0" postype="article" wd="el"/>
        </spec>
        <grup.nom gen="m" num="s">
          <n gen="m" lem="trajecte" num="s" pos="ncms000" postype="common" sense="16:00200009" wd="trajecte"/>
        </grup.nom>
      </sn>
    </sp>
    <f lem="." pos="fp" punct="period" wd="."/>
  </sentence>
  <sentence coord="yes">
    <sp adjunct="yes" arg="argM" func="cc" tem="tmp">
      <prep>
        <s lem="en" pos="sps00" postype="preposition" wd="En"/>
      </prep>
      <sn>
        <spec gen="m" num="p">
          <d gen="m" lem="aquest" num="p" pos="dd0mp0" postype="demonstrative" wd="aquests"/>
        </spec>
        <grup.nom gen="m" num="p">
          <n gen="m" lem="moment" num="p" pos="ncmp000" postype="common" sense="16:10898122" wd="moments"/>
        </grup.nom>
      </sn>
    </sp>
    <S coord="yes">
      <S>
        <morfema.pronominal>
          <p gen="c" lem="hi" num="c" person="3" pos="pp3cn000" postype="personal" wd="hi"/>
        </morfema.pronominal>
        <grup.verb>
          <v lem="haver" lss="C11.state-existential" mood="indicative" num="s" person="3" pos="vmip3s0" postype="main" tense="present" wd="ha"/>
        </grup.verb>
        <sn arg="arg1" func="cd" functype="quantitative" tem="tem">
          <spec gen="m" num="p">
            <d gen="c" lem="cinquanta" num="p" pos="dn0cp0" postype="numeral" wd="cinquanta"/>
          </spec>
          <grup.nom gen="m" num="p">
            <n gen="m" lem="inscrit" num="p" pos="ncmp000" postype="common" sense="16:cs1" wd="inscrits"/>
          </grup.nom>
        </sn>
        <sp arg="argM" func="cc" tem="adv">
          <prep>
            <s lem="a" pos="sps00" postype="preposition" wd="a"/>
          </prep>
          <sn>
            <spec gen="f" num="s">
              <d gen="f" lem="el" num="s" pos="da0fs0" postype="article" wd="la"/>
            </spec>
            <grup.nom gen="f" num="s">
              <n gen="f" lem="sortida" num="s" pos="ncfs000" postype="common" sense="16:00202291" wd="sortida"/>
            </grup.nom>
          </sn>
        </sp>
      </S>
      <conj conjunctiontype="coordinating">
        <c lem="i" pos="cc" postype="coordinating" wd="i"/>
      </conj>
      <S>
        <sadv arg="argM" func="cc" tem="tmp">
          <grup.adv>
            <r lem="encara" pos="rg" wd="encara"/>
          </grup.adv>
        </sadv>
        <morfema.pronominal>
          <p gen="c" lem="hi" num="c" person="3" pos="pp3cn000" postype="personal" wd="hi"/>
        </morfema.pronominal>
        <grup.verb>
          <v lem="haver" lss="C11.state-existential" mood="indicative" num="s" person="3" pos="vmip3s0" postype="main" tense="present" wd="ha"/>
        </grup.verb>
        <sn arg="arg1" func="cd" functype="quantitative" tem="tem">
          <grup.nom gen="f" num="p">
            <n gen="f" lem="plaça" num="p" pos="ncfp000" postype="common" sense="16:06368526" wd="places"/>
            <s.a gen="f" num="p">
              <grup.a gen="f" num="p">
                <a gen="c" lem="lliure" num="p" pos="aq0cp0" postype="qualificative" wd="lliures"/>
              </grup.a>
            </s.a>
          </grup.nom>
        </sn>
      </S>
    </S>
    <f lem="." pos="fp" punct="period" wd="."/>
  </sentence>
  <sentence coord="yes">
    <S>
      <sn arg="arg1" func="suj" tem="tem">
        <spec gen="f" num="s">
          <d gen="f" lem="el" num="s" pos="da0fs0" postype="article" wd="La"/>
        </spec>
        <grup.nom gen="f" num="s">
          <n gen="f" lem="inscripció" num="s" pos="ncfs000" postype="common" sense="16:00027235" wd="inscripció"/>
        </grup.nom>
      </sn>
      <grup.verb>
        <v lem="ser" lss="C21.state-attributive" mood="indicative" num="s" person="3" pos="vmip3s0" postype="main" tense="present" wd="és"/>
      </grup.verb>
      <sa arg="arg2" func="atr" tem="atr">
        <grup.a>
          <a gen="f" lem="gratuït" num="s" pos="aq0fs0" postype="qualificative" wd="gratuïta"/>
        </grup.a>
      </sa>
    </S>
    <conj conjunctiontype="coordinating">
      <c lem="i" pos="cc" postype="coordinating" wd="i"/>
    </conj>
    <S>
      <sn arg="arg1" func="suj" tem="pat">
        <spec gen="f" num="s">
          <d gen="c" lem="el" num="s" pos="da0cs0" postype="article" wd="l'"/>
        </spec>
        <grup.nom gen="f" num="s">
          <n gen="f" lem="excursió" num="s" pos="ncfs000" postype="common" sense="16:00202291" wd="excursió"/>
        </grup.nom>
      </sn>
      <grup.verb>
        <v lem="ser" mood="indicative" num="s" person="3" pos="vsip3s0" postype="semiauxiliary" tense="present" wd="és"/>
        <v gen="f" lem="monitoritzar" lss="B22.unaccusative-passive-transitive" mood="participle" num="s" pos="vmp00sf" postype="main" wd="monitoritzada"/>
      </grup.verb>
      <sp arg="arg0" func="cag" tem="agt">
        <prep>
          <s lem="per" pos="sps00" postype="preposition" wd="per"/>
        </prep>
        <sn>
          <grup.nom gen="m" num="p">
            <n gen="c" lem="especialista" num="p" pos="nccp000" postype="common" sense="16:07597405" wd="especialistes"/>
          </grup.nom>
        </sn>
      </sp>
    </S>
    <f lem="." pos="fp" punct="period" wd="."/>
  </sentence>
  <sentence>
    <sp func="ao">
      <prep>
        <s contracted="yes" gen="m" lem="pel_que_fa_al" num="s" pos="spcms" postype="preposition" wd="Pel_que_fa_al"/>
      </prep>
      <sn>
        <grup.nom gen="m" num="s">
          <n gen="m" lem="curs" num="s" pos="ncms000" postype="common" sense="16:00568196" wd="curs"/>
        </grup.nom>
      </sn>
      <f lem="," pos="fc" punct="comma" wd=","/>
    </sp>
    <morfema.verbal func="impers">
      <p gen="c" lem="es" num="c" pos="p0000000" wd="es"/>
    </morfema.verbal>
    <grup.verb>
      <v lem="tractar" lss="C21.state-attributive" mood="indicative" num="s" person="3" pos="vmip3s0" postype="main" tense="present" wd="tracta"/>
    </grup.verb>
    <sp arg="arg2" func="creg" tem="atr">
      <prep>
        <s lem="de" pos="sps00" postype="preposition" wd="d'"/>
      </prep>
      <S clausetype="completive" impersonal="yes">
        <infinitiu>
          <v lem="obtenir" lss="A34.ditransitive-patient-theme" mood="infinitive" pos="vmn0000" postype="main" wd="obtenir"/>
        </infinitiu>
        <sn arg="arg1" func="cd" tem="pat">
          <spec gen="m" num="p">
            <d gen="m" lem="un" num="p" pos="di0mp0" postype="indefinite" wd="uns"/>
          </spec>
          <grup.nom gen="m" num="p">
            <s.a gen="m" num="p">
              <grup.a gen="m" num="p">
                <a gen="m" lem="mínim" num="p" pos="aq0mp0" postype="qualificative" wd="mínims"/>
              </grup.a>
            </s.a>
            <n gen="m" lem="coneixement" num="p" pos="ncmp000" postype="common" sense="16:00013243" wd="coneixements"/>
          </grup.nom>
        </sn>
        <sp arg="argM" func="cc" tem="fin">
          <prep>
            <s lem="per" pos="sps00" postype="preposition" wd="per"/>
          </prep>
          <S clausetype="completive" impersonal="yes">
            <infinitiu>
              <v lem="saber" lss="A21.transitive-agentive-patient" mood="infinitive" pos="vmn0000" postype="main" wd="saber"/>
            </infinitiu>
            <sn arg="arg1" func="cd" tem="pat">
              <spec gen="f" num="p">
                <d gen="f" lem="el" num="p" pos="da0fp0" postype="article" wd="les"/>
              </spec>
              <grup.nom gen="f" num="p">
                <s.a gen="f" num="p">
                  <grup.a gen="f" num="p">
                    <a gen="c" lem="principal" num="p" pos="aq0cp0" postype="qualificative" wd="principals"/>
                  </grup.a>
                </s.a>
                <n gen="f" lem="espècie" num="p" pos="ncfp000" postype="common" sense="16:06045216" wd="espècies"/>
                <sp>
                  <prep>
                    <s lem="de" pos="sps00" postype="preposition" wd="d'"/>
                  </prep>
                  <sn>
                    <grup.nom gen="f" num="p">
                      <n gen="f" lem="au" num="p" pos="ncfp000" postype="common" sense="16:01026695" wd="aus"/>
                    </grup.nom>
                  </sn>
                </sp>
                <S clausetype="relative">
                  <relatiu arg="arg1" func="cd" functype="quantitative" tem="tem">
                    <p gen="c" lem="que" num="c" pos="pr0cn000" postype="relative" wd="que"/>
                  </relatiu>
                  <morfema.pronominal>
                    <p gen="c" lem="hi" num="c" person="3" pos="pp3cn000" postype="personal" wd="hi"/>
                  </morfema.pronominal>
                  <grup.verb>
                    <v lem="haver" lss="C11.state-existential" mood="indicative" num="s" person="3" pos="vmip3s0" postype="main" tense="present" wd="ha"/>
                  </grup.verb>
                  <sp arg="argM" func="cc" tem="loc">
                    <prep>
                      <s contracted="yes" gen="m" lem="al" num="s" pos="spcms" postype="preposition" wd="al"/>
                    </prep>
                    <sn>
                      <grup.nom gen="m" num="s">
                        <n gen="m" lem="delta" num="s" pos="ncms000" postype="common" sense="16:06728279" wd="delta"/>
                        <sp>
                          <prep>
                            <s lem="de" pos="sps00" postype="preposition" wd="de"/>
                          </prep>
                          <sn>
                            <spec gen="m" num="s">
                              <d gen="c" lem="el" num="s" pos="da0cs0" postype="article" wd="l'"/>
                            </spec>
                            <grup.nom gen="m" num="s">
                              <n lem="Ebre" ne="location" pos="np0000l" postype="proper" sense="16:06820129" wd="Ebre"/>
                            </grup.nom>
                          </sn>
                        </sp>
                      </grup.nom>
                    </sn>
                  </sp>
                </S>
              </grup.nom>
            </sn>
          </S>
        </sp>
      </S>
    </sp>
    <f lem="." pos="fp" punct="period" wd="."/>
  </sentence>
  <sentence>
    <sn arg="arg2" func="suj" tem="loc">
      <spec gen="f" num="p">
        <d gen="f" lem="el" num="p" pos="da0fp0" postype="article" wd="Les"/>
      </spec>
      <grup.nom gen="f" num="p">
        <n gen="f" lem="classe" num="p" pos="ncfp000" postype="common" sense="16:00571937" wd="classes"/>
      </grup.nom>
    </sn>
    <grup.verb>
      <v lem="incloure" lss="A31.ditransitive-patient-locative" mood="indicative" num="p" person="3" pos="vmip3p0" postype="main" tense="present" wd="inclouen"/>
    </grup.verb>
    <sn arg="arg1" func="cd" tem="pat">
      <grup.nom gen="f" num="p">
        <n gen="f" lem="sortida" num="p" pos="ncfp000" postype="common" sense="16:00202291" wd="sortides"/>
        <sp>
          <prep>
            <s lem="de" pos="sps00" postype="preposition" wd="de"/>
          </prep>
          <sn>
            <grup.nom gen="m" num="s">
              <n gen="m" lem="camp" num="s" pos="ncms000" postype="common" sense="16:06366311" wd="camp"/>
            </grup.nom>
          </sn>
        </sp>
        <sp coord="yes">
          <sp>
            <prep>
              <s contracted="yes" gen="m" lem="al" num="s" pos="spcms" postype="preposition" wd="al"/>
            </prep>
            <sn>
              <grup.nom gen="m" num="s">
                <n lem="Garxal" ne="location" pos="np0000l" postype="proper" sense="16:cs1" wd="Garxal"/>
              </grup.nom>
            </sn>
          </sp>
          <conj conjunctiontype="coordinating">
            <c lem="i" pos="cc" postype="coordinating" wd="i"/>
          </conj>
          <sp>
            <prep>
              <s lem="a" pos="sps00" postype="preposition" wd="a"/>
            </prep>
            <sn>
              <spec gen="m" num="s">
                <d gen="c" lem="el" num="s" pos="da0cs0" postype="article" wd="l'"/>
              </spec>
              <grup.nom gen="m" num="s">
                <n gen="m" lem="hemidelta" num="s" pos="ncms000" postype="common" sense="16:cs1" wd="hemidelta"/>
                <s.a gen="m" num="s">
                  <grup.a gen="m" num="s">
                    <a gen="c" lem="sud" num="c" pos="aq0cn0" postype="qualificative" wd="sud"/>
                  </grup.a>
                </s.a>
              </grup.nom>
            </sn>
          </sp>
        </sp>
      </grup.nom>
    </sn>
    <f lem="." pos="fp" punct="period" wd="."/>
  </sentence>
  <sentence>
    <sn arg="arg0" func="suj" tem="agt">
      <spec gen="m" num="s">
        <d gen="m" lem="el" num="s" pos="da0ms0" postype="article" wd="El"/>
      </spec>
      <grup.nom gen="m" num="s">
        <n gen="m" lem="biòleg" num="s" pos="ncms000" postype="common" sense="16:07113184" wd="biòleg"/>
        <sn entityref="ne" ne="person">
          <grup.nom gen="m" num="s">
            <n lem="Vicente_Fouces" ne="person" pos="np0000p" postype="proper" sense="16:cs1" wd="Vicente_Fouces"/>
          </grup.nom>
        </sn>
      </grup.nom>
    </sn>
    <grup.verb>
      <v lem="impartir" lss="A21.transitive-agentive-patient" mood="indicative" num="s" person="3" pos="vmif3s0" postype="main" tense="future" wd="impartirà"/>
    </grup.verb>
    <sn arg="arg1" func="cd" tem="pat">
      <spec gen="f" num="p">
        <d gen="f" lem="el" num="p" pos="da0fp0" postype="article" wd="les"/>
      </spec>
      <grup.nom gen="f" num="p">
        <n gen="f" lem="classe" num="p" pos="ncfp000" postype="common" sense="16:00571937" wd="classes"/>
      </grup.nom>
    </sn>
    <f lem="." pos="fp" punct="period" wd="."/>
  </sentence>
</article>
