<?xml version="1.0" encoding="UTF-8" standalone="no"?>
<!-- 

  ancora-2.0
       
			Copyright (C) 2007, 2008, 2009, 2010, 2011 UB - CLiC
			Centre de Llenguatge i Computació - Universitat de Barcelona
 
  This file is part of ancora-2.0.
 
  ancora-2.0 is free software and data: you can redistribute it and/or modify
  it under the terms of the GNU General Public License as published
  by the Free Software Foundation, either version 3 of the License,
  or (at your option) any later version.

  ancora-2.0 is distributed in the hope that it will be useful,
  but WITHOUT ANY WARRANTY; without even the implied warranty of
  MERCHANTABILITY or FITNESS FOR A PARTICULAR PURPOSE.  See the
  GNU General Public License for more details.
 
  You should have received a copy of the GNU General Public License
  along with ancora-2.0.  If not, see &lt;http://www.gnu.org/licenses/&gt;.
 
  Check a text in catalan explaining the terms of the license at http://www.softcatala.cat/wiki/GPL3.
  In spanish at http://www.viti.es/gnu/licenses/gpl.html
 

  The following paper must be cited when using this corpus:

 * Taulé, M., M.A. Martí, M. Recasens (2008) 'Ancora: Multilevel Annotated Corpora for Catalan and Spanish',
   Proceedings of 6th International Conference on Language Resources and Evaluation. Marrakesh (Morocco).

  In addition, the following paper must be cited if coreference information (attributes entity, coreftype,
  corefsubtype, homophoricDD or entityref) is used:

 * Recasens, Marta, M. Antònia Martí (2010) ‘AnCora-CO: Coreferentially annotated corpora for Spanish and
   Catalan’. Language Resources and Evaluation, Springer Science.

  Additionally, the following paper must be cited when argumental attributes in "sn" or "grup.nom"
  (attributes func, arg, tem or lexicalid) are used:

 * Peris, Aina, Mariona Taulé, Horacio Rodríguez (2010) ‘Semantic Annotation of Deverbal Nominalizations in the
   Spanish AnCora corpus’. Treebanks and Linguistic Theories (TLT-2010), Estonia.
-->
<article lng="ca">
  <sentence>
    <sn arg="arg0" func="suj" tem="agt">
      <spec gen="f" num="s">
        <d gen="c" lem="el" num="s" pos="da0cs0" postype="article" wd="L'"/>
      </spec>
      <grup.nom gen="f" num="s">
        <n gen="f" lem="organització" num="s" pos="ncfs000" postype="common" sense="16:05997592" wd="organització"/>
        <s.a gen="f" num="s">
          <grup.a gen="f" num="s">
            <a gen="f" lem="agrari" num="s" pos="aq0fs0" postype="qualificative" wd="agrària"/>
          </grup.a>
        </s.a>
        <sn entityref="ne" ne="organization">
          <grup.nom>
            <n lem="Unió_de_Pagesos" ne="organization" pos="np0000o" postype="proper" sense="16:cs1" wd="Unió_de_Pagesos"/>
            <sn entityref="ne" ne="organization">
              <grup.nom>
                <f lem="(" pos="fpa" punct="bracket" punctenclose="open" wd="("/>
                <n lem="UP" ne="organization" pos="np0000o" postype="proper" sense="16:cs1" wd="UP"/>
                <f lem=")" pos="fpt" punct="bracket" punctenclose="close" wd=")"/>
              </grup.nom>
            </sn>
          </grup.nom>
        </sn>
      </grup.nom>
    </sn>
    <grup.verb>
      <v lem="descartar" lss="A21.transitive-agentive-patient" mood="indicative" num="s" person="3" pos="vmif3s0" postype="main" tense="future" wd="descartarà"/>
    </grup.verb>
    <sadv arg="argM" func="cc" tem="mnr">
      <grup.adv>
        <r lem="totalment" pos="rg" wd="totalment"/>
      </grup.adv>
    </sadv>
    <sn arg="arg1" func="cd" tem="pat">
      <spec gen="f" num="s">
        <d gen="f" lem="el" num="s" pos="da0fs0" postype="article" wd="la"/>
      </spec>
      <grup.nom gen="f" num="s">
        <n gen="f" lem="convocatòria" num="s" pos="ncfs000" postype="common" sense="16:00798926" wd="convocatòria"/>
        <sp>
          <prep>
            <s lem="de" pos="sps00" postype="preposition" wd="de"/>
          </prep>
          <sn>
            <grup.nom gen="f" num="p">
              <s.a gen="f" num="p">
                <grup.a gen="f" num="p">
                  <a gen="f" lem="nou" num="p" pos="aq0fp0" postype="qualificative" wd="noves"/>
                </grup.a>
              </s.a>
              <n gen="f" lem="mobilització" num="p" pos="ncfp000" postype="common" sense="16:00798373" wd="mobilitzacions"/>
            </grup.nom>
          </sn>
        </sp>
      </grup.nom>
    </sn>
    <sp arg="argM" func="cc" tem="tmp">
      <prep>
        <s lem="durant" pos="sps00" postype="preposition" wd="durant"/>
      </prep>
      <sn>
        <spec gen="f" num="s">
          <d gen="c" lem="el" num="s" pos="da0cs0" postype="article" wd="l'"/>
        </spec>
        <grup.nom gen="f" num="s">
          <n gen="f" lem="assemblea" num="s" pos="ncfs000" postype="common" sense="16:06071059" wd="assemblea"/>
          <sp>
            <prep>
              <s lem="de" pos="sps00" postype="preposition" wd="de"/>
            </prep>
            <sn>
              <grup.nom gen="m" num="p">
                <n gen="m" lem="productor" num="p" pos="ncmp000" postype="common" sense="16:05461357" wd="productors"/>
                <sp>
                  <prep>
                    <s lem="de" pos="sps00" postype="preposition" wd="de"/>
                  </prep>
                  <sn>
                    <grup.nom gen="f" num="s">
                      <n gen="f" lem="fruita" num="s" pos="ncfs000" postype="common" sense="16:05745250" wd="fruita"/>
                      <s.a gen="f" num="s">
                        <grup.a gen="f" num="s">
                          <a gen="f" lem="sec" num="s" pos="aq0fs0" postype="qualificative" wd="seca"/>
                        </grup.a>
                      </s.a>
                    </grup.nom>
                  </sn>
                </sp>
              </grup.nom>
            </sn>
          </sp>
          <S clausetype="relative">
            <relatiu arg="arg1" func="cd" tem="pat">
              <p gen="c" lem="que" num="c" pos="pr0cn000" postype="relative" wd="que"/>
            </relatiu>
            <sn arg="arg0" elliptic="yes" func="suj" tem="agt"/>
            <grup.verb>
              <v lem="celebrar" lss="A21.transitive-agentive-patient" mood="indicative" num="s" person="3" pos="vmif3s0" postype="main" tense="future" wd="celebrarà"/>
            </grup.verb>
            <sn arg="argM" func="cc" tem="tmp">
              <spec gen="f" num="s">
                <d gen="f" lem="aquest" num="s" pos="dd0fs0" postype="demonstrative" wd="aquesta"/>
              </spec>
              <grup.nom gen="f" num="s">
                <n gen="f" lem="nit" num="s" pos="ncfs000" postype="common" sense="16:10885337" wd="nit"/>
              </grup.nom>
            </sn>
            <sp arg="argM" func="cc" tem="loc">
              <prep>
                <s contracted="yes" gen="m" lem="al" num="s" pos="spcms" postype="preposition" wd="al"/>
              </prep>
              <sn>
                <sn>
                  <grup.nom gen="m" num="s">
                    <n lem="Morell" ne="location" pos="np0000l" postype="proper" sense="16:cs1" wd="Morell"/>
                  </grup.nom>
                </sn>
                <sn>
                  <grup.nom>
                    <f lem="(" pos="fpa" punct="bracket" punctenclose="open" wd="("/>
                    <n lem="Tarragonès" ne="location" pos="np0000l" postype="proper" sense="16:cs1" wd="Tarragonès"/>
                    <f lem=")" pos="fpt" punct="bracket" punctenclose="close" wd=")"/>
                  </grup.nom>
                </sn>
              </sn>
            </sp>
          </S>
        </grup.nom>
      </sn>
    </sp>
    <f lem="." pos="fp" punct="period" wd="."/>
  </sentence>
  <sentence>
    <sn arg="arg0" coord="yes" func="suj" tem="agt">
      <sn>
        <spec gen="f" num="p">
          <d gen="f" lem="el" num="p" pos="da0fp0" postype="article" wd="Les"/>
        </spec>
        <grup.nom gen="f" num="p">
          <s.a gen="f" num="p">
            <grup.a gen="f" num="p">
              <a gen="f" lem="darrer" num="p" pos="ao0fp0" postype="ordinal" wd="darreres"/>
            </grup.a>
          </s.a>
          <n gen="f" lem="adhesió" num="p" pos="ncfp000" postype="common" sense="16:05367055" wd="adhesions"/>
          <sp>
            <prep>
              <s lem="de" pos="sps00" postype="preposition" wd="de"/>
            </prep>
            <sn>
              <grup.nom gen="m" num="p">
                <n gen="m" lem="país" num="p" pos="ncmp000" postype="common" sense="16:06299747" wd="països"/>
                <s.a gen="m" num="p">
                  <grup.a gen="m" num="p">
                    <a gen="m" lem="comunitari" num="p" pos="aq0mp0" postype="qualificative" wd="comunitaris"/>
                  </grup.a>
                </s.a>
              </grup.nom>
            </sn>
          </sp>
          <sp>
            <prep>
              <s lem="a" pos="sps00" postype="preposition" wd="a"/>
            </prep>
            <sn>
              <spec gen="f" num="s">
                <d gen="f" lem="el" num="s" pos="da0fs0" postype="article" wd="la"/>
              </spec>
              <grup.nom gen="f" num="s">
                <n gen="f" lem="petició" num="s" pos="ncfs000" postype="common" sense="16:04888919" wd="petició"/>
                <sp>
                  <prep>
                    <s lem="de" pos="sps00" postype="preposition" wd="d'"/>
                  </prep>
                  <sn>
                    <grup.nom gen="f" num="p">
                      <n gen="f" lem="ajuda" num="p" pos="ncfp000" postype="common" sense="16:00786193" wd="ajudes"/>
                      <sp>
                        <prep>
                          <s contracted="yes" gen="m" lem="al" num="s" pos="spcms" postype="preposition" wd="al"/>
                        </prep>
                        <sn>
                          <grup.nom gen="m" num="s">
                            <n gen="m" lem="sector" num="s" pos="ncms000" postype="common" sense="16:06214548" wd="sector"/>
                          </grup.nom>
                        </sn>
                      </sp>
                    </grup.nom>
                  </sn>
                </sp>
              </grup.nom>
            </sn>
          </sp>
        </grup.nom>
      </sn>
      <conj conjunctiontype="coordinating">
        <c lem="i" pos="cc" postype="coordinating" wd="i"/>
      </conj>
      <sn>
        <spec gen="f" num="s">
          <d gen="f" lem="el" num="s" pos="da0fs0" postype="article" wd="la"/>
        </spec>
        <grup.nom gen="f" num="s">
          <n gen="f" lem="decisió" num="s" pos="ncfs000" postype="common" sense="16:00105760" wd="decisió"/>
          <sp>
            <prep>
              <s contracted="yes" gen="m" lem="del" num="s" pos="spcms" postype="preposition" wd="del"/>
            </prep>
            <sn entityref="ne" ne="person">
              <grup.nom gen="m" num="s">
                <n gen="m" lem="comissari" num="s" pos="ncms000" postype="common" sense="16:cs1" wd="comissari"/>
                <sp>
                  <prep>
                    <s lem="de" pos="sps00" postype="preposition" wd="d'"/>
                  </prep>
                  <sn entityref="ne" ne="organization">
                    <grup.nom>
                      <n lem="Agricultura" ne="organization" pos="np0000o" postype="proper" sense="16:cs1" wd="Agricultura"/>
                    </grup.nom>
                  </sn>
                </sp>
                <sn entityref="ne" ne="person">
                  <grup.nom gen="m" num="s">
                    <f lem="," pos="fc" punct="comma" wd=","/>
                    <n lem="Franz_Fischler" ne="person" pos="np0000p" postype="proper" sense="16:cs1" wd="Franz_Fischler"/>
                    <f lem="," pos="fc" punct="comma" wd=","/>
                  </grup.nom>
                </sn>
              </grup.nom>
            </sn>
          </sp>
          <sp>
            <prep>
              <s lem="de" pos="sps00" postype="preposition" wd="de"/>
            </prep>
            <S clausetype="completive" impersonal="yes">
              <infinitiu>
                <v lem="fer" lss="A21.transitive-agentive-patient" mood="infinitive" pos="vmn0000" postype="main" wd="fer"/>
              </infinitiu>
              <sn arg="arg1" func="cd" tem="pat">
                <spec gen="m" num="s">
                  <d gen="m" lem="un" num="s" pos="di0ms0" postype="indefinite" wd="un"/>
                </spec>
                <grup.nom gen="m" num="s">
                  <n gen="m" lem="estudi" num="s" pos="ncms000" postype="common" sense="16:04467719" wd="estudi"/>
                  <sp>
                    <prep>
                      <s lem="sobre" pos="sps00" postype="preposition" wd="sobre"/>
                    </prep>
                    <sn>
                      <spec gen="f" num="s">
                        <d gen="f" lem="el" num="s" pos="da0fs0" postype="article" wd="la"/>
                      </spec>
                      <grup.nom gen="f" num="s">
                        <n gen="f" lem="repercussió" num="s" pos="ncfs000" postype="common" sense="16:04027354" wd="repercussió"/>
                        <s.a gen="f" num="s">
                          <grup.a gen="f" num="s">
                            <a gen="c" lem="social" num="s" pos="aq0cs0" postype="qualificative" wd="social"/>
                          </grup.a>
                        </s.a>
                      </grup.nom>
                    </sn>
                  </sp>
                </grup.nom>
              </sn>
              <sp func="ao">
                <prep>
                  <s lem="en_cas_de" pos="sps00" postype="preposition" wd="en_cas_de"/>
                </prep>
                <sn>
                  <spec gen="f" num="s">
                    <d gen="f" lem="el" num="s" pos="da0fs0" postype="article" wd="la"/>
                  </spec>
                  <grup.nom gen="f" num="s">
                    <n gen="f" lem="supressió" num="s" pos="ncfs000" postype="common" sense="16:00744204" wd="supressió"/>
                    <sp>
                      <prep>
                        <s lem="de" pos="sps00" postype="preposition" wd="de"/>
                      </prep>
                      <sn>
                        <spec gen="f" num="p">
                          <d gen="f" lem="el" num="p" pos="da0fp0" postype="article" wd="les"/>
                        </spec>
                        <grup.nom gen="f" num="p">
                          <n gen="f" lem="subvenció" num="p" pos="ncfp000" postype="common" sense="16:00053417" wd="subvencions"/>
                        </grup.nom>
                      </sn>
                    </sp>
                  </grup.nom>
                </sn>
              </sp>
            </S>
          </sp>
        </grup.nom>
      </sn>
      <f lem="," pos="fc" punct="comma" wd=","/>
    </sn>
    <grup.verb>
      <v lem="haver" mood="indicative" num="p" person="3" pos="vaip3p0" postype="auxiliary" tense="present" wd="han"/>
      <v gen="m" lem="contribuir" lss="A22.transitive-agentive-theme" mood="participle" num="s" pos="vmp00sm" postype="main" wd="contribuït"/>
    </grup.verb>
    <sp arg="arg1" func="creg" tem="tem">
      <prep>
        <s lem="a" pos="sps00" postype="preposition" wd="a"/>
      </prep>
      <S clausetype="completive" impersonal="yes">
        <infinitiu>
          <v lem="apaivagar" lss="A11.transitive-causative" mood="infinitive" pos="vmn0000" postype="main" wd="apaivagar"/>
        </infinitiu>
        <sn arg="arg1" func="cd" tem="tem">
          <spec gen="f" num="s">
            <d gen="f" lem="el" num="s" pos="da0fs0" postype="article" wd="la"/>
          </spec>
          <grup.nom gen="f" num="s">
            <n gen="f" lem="tensió" num="s" pos="ncfs000" postype="common" sense="16:10313853" wd="tensió"/>
          </grup.nom>
        </sn>
      </S>
    </sp>
    <sp arg="argM" func="cc" tem="adv">
      <prep>
        <s lem="entre" pos="sps00" postype="preposition" wd="entre"/>
      </prep>
      <sn>
        <spec gen="m" num="p">
          <d gen="m" lem="el" num="p" pos="da0mp0" postype="article" wd="els"/>
        </spec>
        <grup.nom gen="m" num="p">
          <n gen="m" lem="productor" num="p" pos="ncmp000" postype="common" sense="16:cs1" wd="productors"/>
        </grup.nom>
      </sn>
    </sp>
    <f lem="." pos="fp" punct="period" wd="."/>
  </sentence>
  <sentence>
    <sn arg="arg0" func="suj" tem="agt">
      <spec gen="m" num="s">
        <d gen="m" lem="el" num="s" pos="da0ms0" postype="article" wd="El"/>
      </spec>
      <grup.nom gen="m" num="s">
        <n gen="m" lem="sector" num="s" pos="ncms000" postype="common" sense="16:06214548" wd="sector"/>
      </grup.nom>
    </sn>
    <grup.verb>
      <v lem="mantenir" lss="A21.transitive-agentive-patient" mood="indicative" num="s" person="3" pos="vmip3s0" postype="main" tense="present" wd="manté"/>
    </grup.verb>
    <sadv func="et">
      <f lem="," pos="fc" punct="comma" wd=","/>
      <grup.adv>
        <r lem="però" pos="rg" wd="però"/>
      </grup.adv>
      <f lem="," pos="fc" punct="comma" wd=","/>
    </sadv>
    <sn arg="arg1" func="cd" tem="pat">
      <spec gen="f" num="s">
        <d gen="f" lem="el" num="s" pos="da0fs0" postype="article" wd="la"/>
      </spec>
      <grup.nom gen="f" num="s">
        <n gen="f" lem="manifestació" num="s" pos="ncfs000" postype="common" sense="16:00763104" wd="manifestació"/>
        <sp>
          <prep>
            <s lem="de" pos="sps00" postype="preposition" wd="de"/>
          </prep>
          <sn entityref="ne" ne="location">
            <grup.nom>
              <n lem="Luxemburg" ne="location" pos="np0000l" postype="proper" wd="Luxemburg"/>
            </grup.nom>
          </sn>
        </sp>
        <sp>
          <prep>
            <s contracted="yes" gen="m" lem="del" num="s" pos="spcms" postype="preposition" wd="del"/>
          </prep>
          <sn entityref="ne" ne="date">
            <grup.nom gen="m" num="s">
              <w lem="[??:16/6/??:??.??]" ne="date" wd="16_de_juny"/>
            </grup.nom>
          </sn>
        </sp>
      </grup.nom>
    </sn>
    <f lem="." pos="fp" punct="period" wd="."/>
  </sentence>
  <sentence>
    <sn arg="arg1" func="suj" tem="pat">
      <spec gen="f" num="s">
        <d gen="f" lem="aquest" num="s" pos="dd0fs0" postype="demonstrative" wd="Aquesta"/>
      </spec>
      <grup.nom gen="f" num="s">
        <s.a gen="f" num="s">
          <grup.a gen="f" num="s">
            <a gen="f" lem="nou" num="s" pos="aq0fs0" postype="qualificative" wd="nova"/>
          </grup.a>
        </s.a>
        <n gen="f" lem="protesta" num="s" pos="ncfs000" postype="common" sense="16:00762587" wd="protesta"/>
      </grup.nom>
    </sn>
    <morfema.verbal func="pass">
      <p gen="c" lem="es" num="c" pos="p0000000" wd="es"/>
    </morfema.verbal>
    <grup.verb>
      <v lem="considerar" lss="B22.unaccusative-passive-transitive" mood="indicative" num="s" person="3" pos="vmip3s0" postype="main" tense="present" wd="considera"/>
    </grup.verb>
    <sn arg="arg2" func="cpred" predicate="suj" tem="atr">
      <grup.nom gen="f" num="s">
        <n gen="f" lem="clau" num="s" pos="ncfs000" postype="common" sense="16:04465927" wd="clau"/>
      </grup.nom>
    </sn>
    <sp arg="argM" func="cc" tem="adv">
      <prep>
        <s lem="en" pos="sps00" postype="preposition" wd="en"/>
      </prep>
      <sn>
        <spec gen="f" num="s">
          <d gen="f" lem="el" num="s" pos="da0fs0" postype="article" wd="la"/>
        </spec>
        <grup.nom gen="f" num="s">
          <n gen="f" lem="política" num="s" pos="ncfs000" postype="common" sense="16:04991678" wd="política"/>
          <sp>
            <prep>
              <s lem="de" pos="sps00" postype="preposition" wd="de"/>
            </prep>
            <sn>
              <grup.nom gen="f" num="s">
                <n gen="f" lem="pressió" num="s" pos="ncfs000" postype="common" sense="16:00072419" wd="pressió"/>
                <sp>
                  <prep>
                    <s contracted="yes" gen="m" lem="al" num="p" pos="spcmp" postype="preposition" wd="als"/>
                  </prep>
                  <sn>
                    <grup.nom gen="m" num="p">
                      <n gen="m" lem="òrgan" num="p" pos="ncmp000" postype="common" sense="16:06182884" wd="òrgans"/>
                      <s.a gen="m" num="p">
                        <grup.a gen="m" num="p">
                          <a gen="m" lem="comunitari" num="p" pos="aq0mp0" postype="qualificative" wd="comunitaris"/>
                        </grup.a>
                      </s.a>
                    </grup.nom>
                  </sn>
                </sp>
              </grup.nom>
            </sn>
          </sp>
        </grup.nom>
      </sn>
    </sp>
    <S arg="argM" clausetype="adverbial" coord="yes" func="cc" tem="cau">
      <f lem="," pos="fc" punct="comma" wd=","/>
      <conj conjunctiontype="subordinating">
        <c lem="ja_que" pos="cs" postype="subordinating" wd="ja_que"/>
      </conj>
      <S clausetype="adverbial">
        <sn arg="argM" func="cc" tem="tmp">
          <spec gen="m" num="s">
            <d gen="m" lem="aquest" num="s" pos="dd0ms0" postype="demonstrative" wd="aquest"/>
          </spec>
          <grup.nom gen="m" num="s">
            <n gen="m" lem="dia" num="s" pos="ncms000" postype="common" sense="16:10851114" wd="dia"/>
          </grup.nom>
        </sn>
        <sn arg="arg0" func="suj" tem="agt">
          <spec gen="m" num="s">
            <d gen="m" lem="el" num="s" pos="da0ms0" postype="article" wd="el"/>
          </spec>
          <grup.nom gen="m" num="s">
            <n gen="m" lem="consell" num="s" pos="ncms000" postype="common" sense="16:06167708" wd="consell"/>
            <sp>
              <prep>
                <s lem="de" pos="sps00" postype="preposition" wd="de"/>
              </prep>
              <sn>
                <grup.nom gen="m" num="p">
                  <n gen="m" lem="ministre" num="p" pos="ncmp000" postype="common" sense="16:07412658" wd="ministres"/>
                  <sp>
                    <prep>
                      <s lem="de" pos="sps00" postype="preposition" wd="d'"/>
                    </prep>
                    <sn>
                      <grup.nom gen="f" num="s">
                        <n gen="f" lem="agricultura" num="s" pos="ncfs000" postype="common" sense="16:00588753" wd="agricultura"/>
                      </grup.nom>
                    </sn>
                  </sp>
                </grup.nom>
              </sn>
            </sp>
            <sp>
              <prep>
                <s lem="de" pos="sps00" postype="preposition" wd="de"/>
              </prep>
              <sn entityref="ne" ne="organization">
                <spec gen="f" num="s">
                  <d gen="f" lem="el" num="s" pos="da0fs0" postype="article" wd="la"/>
                </spec>
                <grup.nom gen="f" num="s">
                  <n lem="Unió_Europea" ne="organization" pos="np0000o" postype="proper" sense="16:cs1" wd="Unió_Europea"/>
                </grup.nom>
              </sn>
            </sp>
          </grup.nom>
        </sn>
        <grup.verb>
          <v lem="aprovar" lss="A21.transitive-agentive-patient" mood="indicative" num="s" person="3" pos="vmif3s0" postype="main" tense="future" wd="aprovarà"/>
        </grup.verb>
        <sn arg="arg1" func="cd" tem="pat">
          <spec gen="m" num="p">
            <d gen="m" lem="el" num="p" pos="da0mp0" postype="article" wd="els"/>
          </spec>
          <grup.nom gen="m" num="p">
            <n gen="m" lem="paquet" num="p" pos="ncmp000" postype="common" sense="16:cs1" wd="paquets"/>
            <sp>
              <prep>
                <s lem="de" pos="sps00" postype="preposition" wd="de"/>
              </prep>
              <sn>
                <grup.nom gen="m" num="p">
                  <n gen="m" lem="preu" num="p" pos="ncmp000" postype="common" sense="16:09576753" wd="preus"/>
                </grup.nom>
              </sn>
            </sp>
          </grup.nom>
        </sn>
      </S>
      <conj conjunctiontype="coordinating">
        <c lem="i" pos="cc" postype="coordinating" wd="i"/>
      </conj>
      <S clausetype="adverbial">
        <morfema.verbal func="pass">
          <p gen="c" lem="es" num="c" pos="p0000000" wd="s'"/>
        </morfema.verbal>
        <grup.verb>
          <v lem="adoptar" lss="B22.unaccusative-passive-transitive" mood="indicative" num="s" person="3" pos="vmif3s0" postype="main" tense="future" wd="adoptarà"/>
        </grup.verb>
        <sn arg="arg1" func="suj" tem="pat">
          <spec gen="f" num="s">
            <d gen="f" lem="un" num="s" pos="dn0fs0" postype="numeral" wd="una"/>
          </spec>
          <grup.nom gen="f" num="s">
            <n gen="f" lem="decisió" num="s" pos="ncfs000" postype="common" sense="16:00105760" wd="decisió"/>
            <sp>
              <prep>
                <s lem="sobre" pos="sps00" postype="preposition" wd="sobre"/>
              </prep>
              <sn>
                <spec gen="f" num="s">
                  <d gen="f" lem="el" num="s" pos="da0fs0" postype="article" wd="la"/>
                </spec>
                <grup.nom gen="f" num="s">
                  <n gen="f" lem="continuïtat" num="s" pos="ncfs000" postype="common" sense="16:10859737" wd="continuïtat"/>
                  <sp>
                    <prep>
                      <s contracted="yes" gen="m" lem="del" num="p" pos="spcmp" postype="preposition" wd="dels"/>
                    </prep>
                    <sn>
                      <grup.nom gen="m" num="p">
                        <n gen="m" lem="ajut" num="p" pos="ncmp000" postype="common" sense="16:00788240" wd="ajuts"/>
                        <s.a gen="m" num="p">
                          <grup.a gen="m" num="p">
                            <a gen="c" lem="directe" num="p" pos="aq0cp0" postype="qualificative" wd="directes"/>
                          </grup.a>
                        </s.a>
                        <sp>
                          <prep>
                            <s lem="a" pos="sps00" postype="preposition" wd="a"/>
                          </prep>
                          <sn>
                            <spec gen="f" num="s">
                              <d gen="f" lem="el" num="s" pos="da0fs0" postype="article" wd="la"/>
                            </spec>
                            <grup.nom gen="f" num="s">
                              <n gen="f" lem="renda" num="s" pos="ncfs000" postype="common" sense="16:cs1" wd="renda"/>
                            </grup.nom>
                          </sn>
                        </sp>
                        <sp>
                          <prep>
                            <s contracted="yes" gen="m" lem="del" num="p" pos="spcmp" postype="preposition" wd="dels"/>
                          </prep>
                          <sn>
                            <grup.nom gen="m" num="p">
                              <n gen="m" lem="productor" num="p" pos="ncmp000" postype="common" sense="16:cs1" wd="productors"/>
                              <sp>
                                <prep>
                                  <s lem="de" pos="sps00" postype="preposition" wd="de"/>
                                </prep>
                                <sn>
                                  <grup.nom gen="f" num="s">
                                    <n gen="f" lem="fruita" num="s" pos="ncfs000" postype="common" sense="16:05745250" wd="fruita"/>
                                    <s.a gen="f" num="s">
                                      <grup.a gen="f" num="s">
                                        <a gen="f" lem="sec" num="s" pos="aq0fs0" postype="qualificative" wd="seca"/>
                                      </grup.a>
                                    </s.a>
                                  </grup.nom>
                                </sn>
                              </sp>
                            </grup.nom>
                          </sn>
                        </sp>
                      </grup.nom>
                    </sn>
                  </sp>
                </grup.nom>
              </sn>
            </sp>
          </grup.nom>
        </sn>
      </S>
    </S>
    <f lem="." pos="fp" punct="period" wd="."/>
  </sentence>
  <sentence>
    <sn arg="arg0" entityref="ne" func="suj" ne="person" tem="agt">
      <spec gen="m" num="s">
        <d gen="m" lem="el" num="s" pos="da0ms0" postype="article" wd="El"/>
      </spec>
      <grup.nom gen="m" num="s">
        <n gen="c" lem="responsable" num="s" pos="nccs000" postype="common" sense="16:07311393" wd="responsable"/>
        <sp>
          <prep>
            <s contracted="yes" gen="m" lem="del" num="s" pos="spcms" postype="preposition" wd="del"/>
          </prep>
          <sn>
            <grup.nom gen="m" num="s">
              <n gen="m" lem="sector" num="s" pos="ncms000" postype="common" sense="16:06214548" wd="sector"/>
              <sp>
                <prep>
                  <s lem="de" pos="sps00" postype="preposition" wd="de"/>
                </prep>
                <sn>
                  <spec gen="f" num="s">
                    <d gen="f" lem="el" num="s" pos="da0fs0" postype="article" wd="la"/>
                  </spec>
                  <grup.nom gen="f" num="s">
                    <n gen="f" lem="fruita" num="s" pos="ncfs000" postype="common" sense="16:05745250" wd="fruita"/>
                    <s.a gen="f" num="s">
                      <grup.a gen="f" num="s">
                        <a gen="f" lem="sec" num="s" pos="aq0fs0" postype="qualificative" wd="seca"/>
                      </grup.a>
                    </s.a>
                  </grup.nom>
                </sn>
              </sp>
            </grup.nom>
          </sn>
        </sp>
        <sp>
          <prep>
            <s contracted="yes" gen="m" lem="del" num="s" pos="spcms" postype="preposition" wd="del"/>
          </prep>
          <sn>
            <grup.nom gen="m" num="s">
              <n gen="m" lem="sindicat" num="s" pos="ncms000" postype="common" sense="16:06112041" wd="sindicat"/>
            </grup.nom>
          </sn>
        </sp>
        <sn entityref="ne" ne="person">
          <f lem="," pos="fc" punct="comma" wd=","/>
          <grup.nom gen="m" num="s">
            <n lem="Pere_Guinovart" ne="person" pos="np0000p" postype="proper" sense="16:cs1" wd="Pere_Guinovart"/>
          </grup.nom>
          <f lem="," pos="fc" punct="comma" wd=","/>
        </sn>
      </grup.nom>
    </sn>
    <grup.verb>
      <v lem="haver" mood="indicative" num="s" person="3" pos="vaip3s0" postype="auxiliary" tense="present" wd="ha"/>
      <v gen="m" lem="dir" lss="A32.ditransitive-patient-benefactive" mood="participle" num="s" pos="vmp00sm" postype="main" wd="dit"/>
    </grup.verb>
    <S arg="arg1" clausetype="completive" coord="yes" func="cd" tem="pat">
      <S clausetype="completive">
        <conj conjunctiontype="subordinating">
          <c lem="que" pos="cs" postype="subordinating" wd="que"/>
        </conj>
        <sn arg="argL" func="suj">
          <spec gen="f" num="s">
            <d gen="f" lem="el" num="s" pos="da0fs0" postype="article" wd="la"/>
          </spec>
          <grup.nom gen="f" num="s">
            <n gen="f" lem="pressió" num="s" pos="ncfs000" postype="common" sense="16:00072419" wd="pressió"/>
          </grup.nom>
        </sn>
        <f lem="'" pos="fz" punct="mathsign" wd="'"/>
        <morfema.verbal func="pass">
          <p gen="c" lem="es" num="c" pos="p0000000" wd="s'"/>
        </morfema.verbal>
        <grup.verb>
          <v lem="haver" mood="indicative" num="s" person="3" pos="vaip3s0" postype="auxiliary" tense="present" wd="ha"/>
          <s lem="de" pos="sps00" postype="preposition" wd="de"/>
          <infinitiu>
            <v lem="continuar" mood="infinitive" pos="vmn0000" postype="main" wd="continuar"/>
            <gerundi>
              <v lem="fer" lss="D11.inergative-agentive" mood="gerund" pos="vmg0000" postype="main" wd="fent"/>
            </gerundi>
          </infinitiu>
        </grup.verb>
        <sp arg="argM" func="cc" tem="loc">
          <prep>
            <s contracted="yes" gen="m" lem="al" num="p" pos="spcmp" postype="preposition" wd="als"/>
          </prep>
          <sn>
            <grup.nom gen="m" num="p">
              <n gen="m" lem="despatx" num="p" pos="ncmp000" postype="common" sense="16:05010399" wd="despatxos"/>
            </grup.nom>
          </sn>
        </sp>
        <f lem="'" pos="fz" punct="mathsign" wd="'"/>
      </S>
      <conj conjunctiontype="coordinating">
        <c lem="i" pos="cc" postype="coordinating" wd="i"/>
      </conj>
      <S clausetype="completive">
        <conj conjunctiontype="subordinating">
          <c lem="que" pos="cs" postype="subordinating" wd="que"/>
        </conj>
        <f lem="'" pos="fz" punct="mathsign" wd="'"/>
        <sp arg="argM" func="cc" tem="tmp">
          <prep>
            <s lem="en" pos="sps00" postype="preposition" wd="en"/>
          </prep>
          <sn>
            <spec gen="m" num="s">
              <d gen="m" lem="aquest" num="s" pos="dd0ms0" postype="demonstrative" wd="aquest"/>
            </spec>
            <grup.nom gen="m" num="s">
              <n gen="m" lem="moment" num="s" pos="ncms000" postype="common" sense="16:10898122" wd="moment"/>
            </grup.nom>
          </sn>
        </sp>
        <neg func="mod">
          <r lem="no" pos="rn" postype="negative" wd="no"/>
        </neg>
        <grup.verb>
          <v lem="tenir" lss="C21.state-attributive" mood="indicative" num="s" person="3" pos="vmip3s0" postype="main" tense="present" wd="té"/>
        </grup.verb>
        <sn arg="arg2" func="cd" functype="quantitative" tem="atr">
          <spec gen="m" num="s">
            <d gen="c" lem="cap" num="s" pos="di0cs0" postype="indefinite" wd="cap"/>
          </spec>
          <grup.nom gen="m" num="s">
            <n gen="m" lem="sentit" num="s" pos="ncms000" postype="common" sense="16:04546018" wd="sentit"/>
          </grup.nom>
        </sn>
        <S arg="arg1" clausetype="completive" func="suj" impersonal="yes" tem="tem">
          <infinitiu>
            <v lem="molestar" lss="A22.transitive-agentive-theme" mood="infinitive" pos="vmn0000" postype="main" wd="molestar"/>
          </infinitiu>
          <sn>
            <spec gen="f" num="s">
              <d gen="f" lem="el" num="s" pos="da0fs0" postype="article" wd="la"/>
            </spec>
            <grup.nom gen="f" num="s">
              <n gen="f" lem="societat" num="s" pos="ncfs000" postype="common" sense="16:05973283" wd="societat"/>
              <s.a gen="f" num="s">
                <grup.a gen="f" num="s">
                  <a gen="c" lem="civil" num="s" pos="aq0cs0" postype="qualificative" wd="civil"/>
                </grup.a>
              </s.a>
            </grup.nom>
          </sn>
        </S>
        <f lem="'" pos="fz" punct="mathsign" wd="'"/>
      </S>
    </S>
    <f lem="." pos="fp" punct="period" wd="."/>
  </sentence>
  <sentence>
    <sn arg="arg1" func="suj" tem="tem">
      <spec gen="f" num="s">
        <d gen="c" lem="el" num="s" pos="da0cs0" postype="article" wd="L'"/>
      </spec>
      <grup.nom gen="f" num="s">
        <n gen="f" lem="assemblea" num="s" pos="ncfs000" postype="common" sense="16:06071059" wd="assemblea"/>
        <sp>
          <prep>
            <s lem="de" pos="sps00" postype="preposition" wd="d'"/>
          </prep>
          <sn>
            <spec gen="f" num="s">
              <d gen="f" lem="aquest" num="s" pos="dd0fs0" postype="demonstrative" wd="aquesta"/>
            </spec>
            <grup.nom gen="f" num="s">
              <n gen="f" lem="nit" num="s" pos="ncfs000" postype="common" sense="16:10885337" wd="nit"/>
            </grup.nom>
          </sn>
        </sp>
      </grup.nom>
    </sn>
    <grup.verb>
      <v lem="servir" lss="C11.state-existential" mood="indicative" num="s" person="3" pos="vmif3s0" postype="main" tense="future" wd="servirà"/>
    </grup.verb>
    <sp arg="arg2" func="cc" tem="fin">
      <prep>
        <s lem="per" pos="sps00" postype="preposition" wd="per"/>
      </prep>
      <S clausetype="completive" coord="yes" impersonal="yes">
        <f lem="'" pos="fz" punct="mathsign" wd="'"/>
        <S clausetype="completive" impersonal="yes">
          <infinitiu>
            <v lem="reflexionar" lss="A22.transitive-agentive-theme" mood="infinitive" pos="vmn0000" postype="main" wd="reflexionar"/>
          </infinitiu>
        </S>
        <conj conjunctiontype="coordinating">
          <c lem="i" pos="cc" postype="coordinating" wd="i"/>
        </conj>
        <S clausetype="completive" impersonal="yes">
          <infinitiu>
            <v lem="decidir" lss="A21.transitive-agentive-patient" mood="infinitive" pos="vmn0000" postype="main" wd="decidir"/>
          </infinitiu>
          <S arg="arg1" clausetype="completive" func="cd" tem="pat">
            <sp arg="arg4" func="cc" tem="des">
              <prep>
                <s lem="en" pos="sps00" postype="preposition" wd="en"/>
              </prep>
              <sn>
                <spec gen="f" num="s">
                  <d gen="f" lem="quin" num="s" pos="dt0fs0" postype="interrogative" wd="quina"/>
                </spec>
                <grup.nom gen="f" num="s">
                  <n gen="f" lem="direcció" num="s" pos="ncfs000" postype="common" sense="16:04698475" wd="direcció"/>
                </grup.nom>
              </sn>
            </sp>
            <grup.verb>
              <v lem="enfocar" lss="A21.transitive-agentive-patient" mood="indicative" num="p" person="1" pos="vmip1p0" postype="main" tense="present" wd="enfoquem"/>
            </grup.verb>
            <sn arg="arg0" elliptic="yes" func="suj" tem="agt"/>
            <sn arg="arg1" func="cd" tem="pat">
              <spec gen="m" num="p">
                <d gen="m" lem="el" num="p" pos="da0mp0" postype="article" wd="els"/>
              </spec>
              <grup.nom gen="m" num="p">
                <n gen="m" lem="fet" num="p" pos="ncmp000" postype="common" sense="16:05432762" wd="fets"/>
              </grup.nom>
            </sn>
          </S>
        </S>
        <f lem="'" pos="fz" punct="mathsign" wd="'"/>
      </S>
    </sp>
    <f lem="." pos="fp" punct="period" wd="."/>
  </sentence>
  <sentence>
    <sn arg="arg1" func="suj" tem="tem">
      <grup.nom gen="m" num="s">
        <n lem="Guinovart" ne="person" pos="np0000p" postype="proper" sense="16:cs1" wd="Guinovart"/>
      </grup.nom>
    </sn>
    <morfema.pronominal>
      <p gen="c" lem="ell" num="c" person="3" pos="p0300000" wd="s'"/>
    </morfema.pronominal>
    <grup.verb>
      <v lem="haver" mood="indicative" num="s" person="3" pos="vaip3s0" postype="auxiliary" tense="present" wd="ha"/>
      <v gen="m" lem="mostrar" lss="C21.state-attributive" mood="participle" num="s" pos="vmp00sm" postype="main" wd="mostrat"/>
    </grup.verb>
    <sa arg="arg2" func="cpred" predicate="suj" tem="atr">
      <spec>
        <r lem="força" pos="rg" wd="força"/>
      </spec>
      <S clausetype="participle" impersonal="yes">
        <participi>
          <a gen="m" lem="satisfet" lss="B22.unaccusative-passive-transitive" num="s" pos="aq0msp" posfunction="participle" postype="qualificative" wd="satisfet"/>
        </participi>
        <sp arg="argM" func="cc" tem="cau">
          <prep>
            <s contracted="yes" gen="m" lem="del" num="s" pos="spcms" postype="preposition" wd="del"/>
          </prep>
          <sn>
            <grup.nom gen="m" num="s">
              <n gen="m" lem="resultat" num="s" pos="ncms000" postype="common" sense="16:05438613" wd="resultat"/>
              <sp>
                <prep>
                  <s lem="de" pos="sps00" postype="preposition" wd="de"/>
                </prep>
                <sn entityref="ne" ne="other">
                  <spec gen="f" num="s">
                    <d gen="f" lem="el" num="s" pos="da0fs0" postype="article" wd="la"/>
                  </spec>
                  <grup.nom gen="f" num="s">
                    <n gen="f" lem="cimera" num="s" pos="ncfs000" postype="common" sense="16:02519518" wd="cimera"/>
                    <sp>
                      <prep>
                        <s lem="de" pos="sps00" postype="preposition" wd="de"/>
                      </prep>
                      <sn>
                        <grup.nom gen="m" num="p">
                          <n gen="m" lem="ministre" num="p" pos="ncmp000" postype="common" sense="16:07412658" wd="ministres"/>
                          <s.a gen="m" num="p">
                            <grup.a gen="m" num="p">
                              <a gen="m" lem="comunitari" num="p" pos="aq0mp0" postype="qualificative" wd="comunitaris"/>
                            </grup.a>
                          </s.a>
                        </grup.nom>
                      </sn>
                    </sp>
                    <sp>
                      <prep>
                        <s lem="de" pos="sps00" postype="preposition" wd="d'"/>
                      </prep>
                      <sn entityref="ne" ne="location">
                        <sn entityref="ne" ne="location">
                          <grup.nom>
                            <n lem="Evora" ne="location" pos="np0000l" postype="proper" sense="16:cs1" wd="Evora"/>
                          </grup.nom>
                        </sn>
                        <sn adjunct="yes" entityref="ne" ne="location">
                          <grup.nom>
                            <f lem="(" pos="fpa" punct="bracket" punctenclose="open" wd="("/>
                            <n lem="Portugal" ne="location" pos="np0000l" postype="proper" sense="16:06558391" wd="Portugal"/>
                            <f lem=")" pos="fpt" punct="bracket" punctenclose="close" wd=")"/>
                          </grup.nom>
                        </sn>
                      </sn>
                    </sp>
                    <S clausetype="relative">
                      <f lem="," pos="fc" punct="comma" wd=","/>
                      <relatiu arg="argM" func="cc" tem="loc">
                        <p lem="on" pos="pr000000" postype="relative" wd="on"/>
                      </relatiu>
                      <sn arg="arg0" complex="yes" func="suj" tem="agt">
                        <grup.nom coord="yes">
                          <grup.nom>
                            <n lem="Portugal" ne="organization" pos="np0000o" postype="proper" sense="16:06558391" wd="Portugal"/>
                          </grup.nom>
                          <conj conjunctiontype="coordinating">
                            <c lem="i" pos="cc" postype="coordinating" wd="i"/>
                          </conj>
                          <grup.nom>
                            <n lem="Grècia" ne="organization" pos="np0000o" postype="proper" sense="16:06449758" wd="Grècia"/>
                          </grup.nom>
                        </grup.nom>
                      </sn>
                      <grup.verb>
                        <v lem="haver" mood="indicative" num="p" person="3" pos="vaip3p0" postype="auxiliary" tense="present" wd="han"/>
                        <v gen="m" lem="oficialitzar" lss="A21.transitive-agentive-patient" mood="participle" num="s" pos="vmp00sm" postype="main" wd="oficialitzat"/>
                      </grup.verb>
                      <sn arg="arg1" func="cd" tem="pat">
                        <spec gen="m" num="s">
                          <d gen="m" lem="el_seu" num="s" person="3" pos="dp3ms0" postype="possessive" wd="el_seu"/>
                        </spec>
                        <grup.nom gen="m" num="s">
                          <n gen="m" lem="suport" num="s" pos="ncms000" postype="common" sense="16:00786193" wd="suport"/>
                          <sp>
                            <prep>
                              <s lem="a" pos="sps00" postype="preposition" wd="a"/>
                            </prep>
                            <sn>
                              <spec gen="f" num="s">
                                <d gen="f" lem="el" num="s" pos="da0fs0" postype="article" wd="la"/>
                              </spec>
                              <grup.nom gen="f" num="s">
                                <n gen="f" lem="continuïtat" num="s" pos="ncfs000" postype="common" sense="16:10859737" wd="continuïtat"/>
                                <sp>
                                  <prep>
                                    <s lem="de" pos="sps00" postype="preposition" wd="de"/>
                                  </prep>
                                  <sn>
                                    <spec gen="f" num="p">
                                      <d gen="f" lem="el" num="p" pos="da0fp0" postype="article" wd="les"/>
                                    </spec>
                                    <grup.nom gen="f" num="p">
                                      <n gen="f" lem="ajuda" num="p" pos="ncfp000" postype="common" sense="16:00788240" wd="ajudes"/>
                                    </grup.nom>
                                  </sn>
                                </sp>
                              </grup.nom>
                            </sn>
                          </sp>
                        </grup.nom>
                      </sn>
                    </S>
                  </grup.nom>
                </sn>
              </sp>
            </grup.nom>
          </sn>
        </sp>
      </S>
    </sa>
    <f lem="." pos="fp" punct="period" wd="."/>
  </sentence>
  <sentence>
    <sn arg="arg0" func="suj" tem="agt">
      <spec gen="m" num="s">
        <d gen="m" lem="el" num="s" pos="da0ms0" postype="article" wd="El"/>
      </spec>
      <grup.nom gen="m" num="s">
        <n gen="c" lem="líder" num="s" pos="nccs000" postype="common" sense="16:06950891" wd="líder"/>
        <s.a gen="m" num="s">
          <grup.a gen="m" num="s">
            <a gen="c" lem="sindical" num="s" pos="aq0cs0" postype="qualificative" wd="sindical"/>
          </grup.a>
        </s.a>
      </grup.nom>
    </sn>
    <grup.verb>
      <v lem="haver" mood="indicative" num="s" person="3" pos="vaip3s0" postype="auxiliary" tense="present" wd="ha"/>
      <v gen="m" lem="dir" lss="A32.ditransitive-patient-benefactive" mood="participle" num="s" pos="vmp00sm" postype="main" wd="dit"/>
    </grup.verb>
    <S arg="arg1" clausetype="completive" func="cd" tem="pat">
      <conj conjunctiontype="subordinating">
        <c lem="que" pos="cs" postype="subordinating" wd="que"/>
      </conj>
      <sn arg="arg1" complex="yes" func="suj" tem="pat">
        <grup.nom coord="yes">
          <grup.nom>
            <n lem="França" ne="organization" pos="np0000o" postype="proper" sense="16:06524612" wd="França"/>
          </grup.nom>
          <f lem="," pos="fc" punct="comma" wd=","/>
          <grup.nom>
            <n lem="Grècia" ne="organization" pos="np0000o" postype="proper" sense="16:06449758" wd="Grècia"/>
          </grup.nom>
          <conj conjunctiontype="coordinating">
            <c lem="i" pos="cc" postype="coordinating" wd="i"/>
          </conj>
          <grup.nom>
            <n lem="Àustria" ne="organization" pos="np0000o" postype="proper" sense="16:06488337" wd="Àustria"/>
          </grup.nom>
        </grup.nom>
      </sn>
      <grup.verb>
        <v lem="poder" mood="indicative" num="p" person="3" pos="vmic3p0" postype="main" tense="conditional" wd="podrien"/>
        <infinitiu>
          <v lem="afegir" lss="B22.unaccusative-passive-transitive" mood="infinitive" pos="vmn0000" postype="main" wd="afegir"/>
        </infinitiu>
      </grup.verb>
      <morfema.pronominal>
        <p gen="c" lem="es" num="c" person="3" pos="p0300000" wd="-s"/>
      </morfema.pronominal>
      <sn arg="arg2" func="creg" tem="tem">
        <grup.nom>
          <p gen="c" lem="hi" num="c" person="3" pos="pp3cn000" postype="personal" wd="'hi"/>
        </grup.nom>
      </sn>
      <sp arg="argM" func="cc" tem="tmp">
        <prep>
          <s lem="en" pos="sps00" postype="preposition" wd="en"/>
        </prep>
        <sn>
          <spec gen="m" num="p">
            <d gen="m" lem="el" num="p" pos="da0mp0" postype="article" wd="els"/>
          </spec>
          <grup.nom gen="m" num="p">
            <s.a gen="m" num="p">
              <grup.a gen="m" num="p">
                <a gen="m" lem="proper" num="p" pos="aq0mp0" postype="qualificative" wd="propers"/>
              </grup.a>
            </s.a>
            <n gen="m" lem="dia" num="p" pos="ncmp000" postype="common" sense="16:10851114" wd="dies"/>
          </grup.nom>
        </sn>
      </sp>
    </S>
    <f lem="." pos="fp" punct="period" wd="."/>
  </sentence>
  <sentence>
    <sn arg="arg0" entityref="ne" func="suj" ne="organization" tem="agt">
      <grup.nom>
        <n lem="Unió_de_Pagesos" ne="organization" pos="np0000o" postype="proper" sense="16:cs1" wd="Unió_de_Pagesos"/>
      </grup.nom>
    </sn>
    <grup.verb>
      <v lem="haver" mood="indicative" num="s" person="3" pos="vaip3s0" postype="auxiliary" tense="present" wd="ha"/>
      <v gen="m" lem="valorar" lss="A21.transitive-agentive-patient" mood="participle" num="s" pos="vmp00sm" postype="main" wd="valorat"/>
    </grup.verb>
    <sadv arg="argM" func="cc" tem="adv">
      <grup.adv>
        <r lem="especialment" pos="rg" wd="especialment"/>
      </grup.adv>
    </sadv>
    <sn arg="arg1" func="cd" tem="pat">
      <spec gen="m" num="s">
        <d gen="m" lem="el" num="s" pos="da0ms0" postype="article" wd="el"/>
      </spec>
      <grup.nom gen="m" num="s">
        <n gen="m" lem="punt" num="s" pos="ncms000" postype="common" sense="16:04867079" wd="punt"/>
        <sp>
          <prep>
            <s lem="de" pos="sps00" postype="preposition" wd="d'"/>
          </prep>
          <sn>
            <grup.nom gen="f" num="s">
              <n gen="f" lem="inflexió" num="s" pos="ncfs000" postype="common" sense="16:00260095" wd="inflexió"/>
              <S clausetype="relative">
                <relatiu arg="arg2" func="cd" functype="quantitative" tem="atr">
                  <p gen="c" lem="que" num="c" pos="pr0cn000" postype="relative" wd="que"/>
                </relatiu>
                <grup.verb>
                  <v lem="suposar" lss="C21.state-attributive" mood="indicative" num="s" person="3" pos="vmip3s0" postype="main" tense="present" wd="suposa"/>
                </grup.verb>
                <sn arg="arg1" func="suj" tem="tem">
                  <spec gen="f" num="s">
                    <d gen="f" lem="el" num="s" pos="da0fs0" postype="article" wd="la"/>
                  </spec>
                  <grup.nom gen="f" num="s">
                    <n gen="f" lem="decisió" num="s" pos="ncfs000" postype="common" sense="16:00105760" wd="decisió"/>
                    <S clausetype="participle" impersonal="yes">
                      <participi>
                        <a gen="f" lem="adoptat" lss="B22.unaccusative-passive-transitive" num="s" pos="aq0fsp" posfunction="participle" postype="qualificative" wd="adoptada"/>
                      </participi>
                      <sp arg="arg0" func="cag" tem="agt">
                        <prep>
                          <s contracted="yes" gen="m" lem="pel" num="s" pos="spcms" postype="preposition" wd="pel"/>
                        </prep>
                        <sn entityref="ne" ne="person">
                          <grup.nom gen="m" num="s">
                            <n gen="m" lem="comissari" num="s" pos="ncms000" postype="common" sense="16:cs1" wd="comissari"/>
                            <sp>
                              <prep>
                                <s lem="de" pos="sps00" postype="preposition" wd="d'"/>
                              </prep>
                              <sn>
                                <grup.nom gen="f" num="s">
                                  <n gen="f" lem="agricultura" num="s" pos="ncfs000" postype="common" sense="16:00588753" wd="agricultura"/>
                                </grup.nom>
                              </sn>
                            </sp>
                            <s.a gen="m" num="s">
                              <grup.a gen="m" num="s">
                                <a gen="m" lem="europeu" num="s" pos="aq0ms0" postype="qualificative" wd="europeu"/>
                              </grup.a>
                            </s.a>
                            <sn entityref="ne" ne="person">
                              <f lem="," pos="fc" punct="comma" wd=","/>
                              <grup.nom gen="m" num="s">
                                <n lem="Fransz_Fischler" ne="person" pos="np0000p" postype="proper" sense="16:cs1" wd="Fransz_Fischler"/>
                              </grup.nom>
                              <f lem="," pos="fc" punct="comma" wd=","/>
                            </sn>
                          </grup.nom>
                        </sn>
                      </sp>
                    </S>
                    <sp>
                      <prep>
                        <s lem="de" pos="sps00" postype="preposition" wd="de"/>
                      </prep>
                      <S clausetype="completive" impersonal="yes">
                        <infinitiu>
                          <v lem="realitzar" lss="A21.transitive-agentive-patient" mood="infinitive" pos="vmn0000" postype="main" wd="realitzar"/>
                        </infinitiu>
                        <sn arg="arg1" func="cd" tem="pat">
                          <spec gen="m" num="s">
                            <d gen="m" lem="un" num="s" pos="di0ms0" postype="indefinite" wd="un"/>
                          </spec>
                          <grup.nom gen="m" num="s">
                            <n gen="m" lem="estudi" num="s" pos="ncms000" postype="common" sense="16:04467719" wd="estudi"/>
                            <S clausetype="relative">
                              <relatiu arg="arg0" func="suj" tem="agt">
                                <p gen="c" lem="que" num="c" pos="pr0cn000" postype="relative" wd="que"/>
                              </relatiu>
                              <grup.verb>
                                <v lem="establir" lss="A21.transitive-agentive-patient" mood="subjunctive" num="s" person="1" pos="vmsp1s0" postype="main" tense="present" wd="estableixi"/>
                              </grup.verb>
                              <sn arg="arg1" func="cd" tem="pat">
                                <spec gen="f" num="p">
                                  <d gen="f" lem="el" num="p" pos="da0fp0" postype="article" wd="les"/>
                                </spec>
                                <grup.nom gen="f" num="p">
                                  <n gen="f" lem="repercussió" num="p" pos="ncfp000" postype="common" sense="16:07768969" wd="repercussions"/>
                                  <s.a gen="f" num="p">
                                    <grup.a gen="f" num="p">
                                      <a gen="c" lem="social" num="p" pos="aq0cp0" postype="qualificative" wd="socials"/>
                                    </grup.a>
                                  </s.a>
                                  <S clausetype="relative">
                                    <relatiu arg="arg0" func="suj" tem="agt">
                                      <p gen="c" lem="que" num="c" pos="pr0cn000" postype="relative" wd="que"/>
                                    </relatiu>
                                    <grup.verb>
                                      <v lem="poder" mood="indicative" num="s" person="3" pos="vmip3s0" postype="main" tense="present" wd="pot"/>
                                      <infinitiu>
                                        <v lem="generar" lss="A21.transitive-agentive-patient" mood="infinitive" pos="vmn0000" postype="main" wd="generar"/>
                                      </infinitiu>
                                    </grup.verb>
                                    <sn arg="arg1" func="cd" tem="pat">
                                      <spec gen="f" num="s">
                                        <d gen="f" lem="el" num="s" pos="da0fs0" postype="article" wd="la"/>
                                      </spec>
                                      <grup.nom gen="f" num="s">
                                        <n gen="f" lem="desaparició" num="s" pos="ncfs000" postype="common" sense="16:05466222" wd="desaparició"/>
                                        <sp>
                                          <prep>
                                            <s lem="de" pos="sps00" postype="preposition" wd="d'"/>
                                          </prep>
                                          <sn>
                                            <grup.nom gen="f" num="p">
                                              <n gen="f" lem="ajuda" num="p" pos="ncfp000" postype="common" sense="16:00788240" wd="ajudes"/>
                                              <s.a gen="f" num="p">
                                                <grup.a gen="f" num="p">
                                                  <a gen="f" lem="econòmic" num="p" pos="aq0fp0" postype="qualificative" wd="econòmiques"/>
                                                </grup.a>
                                              </s.a>
                                              <sp>
                                                <prep>
                                                  <s contracted="yes" gen="m" lem="al" num="s" pos="spcms" postype="preposition" wd="al"/>
                                                </prep>
                                                <sn>
                                                  <grup.nom gen="m" num="s">
                                                    <n gen="m" lem="sector" num="s" pos="ncms000" postype="common" sense="16:06214548" wd="sector"/>
                                                    <sp>
                                                      <prep>
                                                        <s lem="de" pos="sps00" postype="preposition" wd="de"/>
                                                      </prep>
                                                      <sn>
                                                        <spec gen="f" num="s">
                                                          <d gen="f" lem="el" num="s" pos="da0fs0" postype="article" wd="la"/>
                                                        </spec>
                                                        <grup.nom gen="f" num="s">
                                                          <n gen="f" lem="fruita" num="s" pos="ncfs000" postype="common" sense="16:05745250" wd="fruita"/>
                                                          <s.a gen="f" num="s">
                                                            <grup.a gen="f" num="s">
                                                            <a gen="f" lem="sec" num="s" pos="aq0fs0" postype="qualificative" wd="seca"/>
                                                            </grup.a>
                                                          </s.a>
                                                        </grup.nom>
                                                      </sn>
                                                    </sp>
                                                  </grup.nom>
                                                </sn>
                                              </sp>
                                            </grup.nom>
                                          </sn>
                                        </sp>
                                      </grup.nom>
                                    </sn>
                                  </S>
                                </grup.nom>
                              </sn>
                            </S>
                          </grup.nom>
                        </sn>
                      </S>
                    </sp>
                  </grup.nom>
                </sn>
              </S>
            </grup.nom>
          </sn>
        </sp>
      </grup.nom>
    </sn>
    <f lem="." pos="fp" punct="period" wd="."/>
  </sentence>
  <sentence>
    <sn arg="arg0" func="suj" tem="agt">
      <spec gen="m" num="s">
        <d gen="m" lem="el" num="s" pos="da0ms0" postype="article" wd="El"/>
      </spec>
      <grup.nom gen="m" num="s">
        <n gen="m" lem="sindicat" num="s" pos="ncms000" postype="common" sense="16:06112041" wd="sindicat"/>
      </grup.nom>
    </sn>
    <grup.verb>
      <v lem="considerar" lss="A21.transitive-agentive-patient" mood="indicative" num="s" person="3" pos="vmip3s0" postype="main" tense="present" wd="considera"/>
    </grup.verb>
    <S arg="arg1" clausetype="completive" func="cd" tem="pat">
      <conj conjunctiontype="subordinating">
        <c lem="que" pos="cs" postype="subordinating" wd="que"/>
      </conj>
      <sn arg="arg1" func="suj" tem="tem">
        <spec gen="f" num="s">
          <d gen="f" lem="el" num="s" pos="da0fs0" postype="article" wd="la"/>
        </spec>
        <grup.nom gen="f" num="s">
          <n gen="f" lem="pressió" num="s" pos="ncfs000" postype="common" sense="16:00072419" wd="pressió"/>
          <S clausetype="participle" impersonal="yes">
            <participi>
              <a gen="f" lem="realitzat" lss="B22.unaccusative-passive-transitive" num="s" pos="aq0fsp" posfunction="participle" postype="qualificative" wd="realitzada"/>
            </participi>
            <sp arg="arg0" func="cag" tem="agt">
              <prep>
                <s contracted="yes" gen="m" lem="pel" num="s" pos="spcms" postype="preposition" wd="pel"/>
              </prep>
              <sn>
                <grup.nom gen="m" num="s">
                  <n gen="m" lem="sector" num="s" pos="ncms000" postype="common" sense="16:06214548" wd="sector"/>
                </grup.nom>
              </sn>
            </sp>
            <sp arg="argM" func="cc" tem="tmp">
              <prep>
                <s lem="durant" pos="sps00" postype="preposition" wd="durant"/>
              </prep>
              <sn>
                <spec gen="m" num="p">
                  <d gen="m" lem="el" num="p" pos="da0mp0" postype="article" wd="els"/>
                </spec>
                <grup.nom gen="m" num="p">
                  <s.a gen="m" num="p">
                    <grup.a gen="m" num="p">
                      <a gen="m" lem="últim" num="p" pos="ao0mp0" postype="ordinal" wd="últims"/>
                    </grup.a>
                  </s.a>
                  <n gen="m" lem="mes" num="p" pos="ncmp000" postype="common" sense="16:10919146" wd="mesos"/>
                </grup.nom>
              </sn>
            </sp>
          </S>
        </grup.nom>
      </sn>
      <grup.verb>
        <v lem="haver" mood="indicative" num="s" person="3" pos="vaip3s0" postype="auxiliary" tense="present" wd="ha"/>
        <v gen="m" lem="estar" lss="C21.state-attributive" mood="participle" num="s" pos="vmp00sm" postype="main" wd="estat"/>
      </grup.verb>
      <sn arg="arg2" func="atr" tem="atr">
        <grup.nom gen="f" num="s">
          <n gen="f" lem="clau" num="s" pos="ncfs000" postype="common" sense="16:04465927" wd="clau"/>
        </grup.nom>
      </sn>
      <sp arg="argM" func="cc" tem="adv">
        <prep>
          <s lem="en" pos="sps00" postype="preposition" wd="en"/>
        </prep>
        <sn>
          <spec gen="m" num="s">
            <d gen="m" lem="el" num="s" pos="da0ms0" postype="article" wd="el"/>
          </spec>
          <grup.nom gen="m" num="s">
            <n gen="m" lem="canvi" num="s" pos="ncms000" postype="common" sense="16:00125689" wd="canvi"/>
            <sp>
              <prep>
                <s lem="de" pos="sps00" postype="preposition" wd="d'"/>
              </prep>
              <sn>
                <grup.nom gen="f" num="s">
                  <n gen="f" lem="actitud" num="s" pos="ncfs000" postype="common" sense="16:04697893" wd="actitud"/>
                </grup.nom>
              </sn>
            </sp>
            <sp>
              <prep>
                <s lem="de" pos="sps00" postype="preposition" wd="de"/>
              </prep>
              <sn entityref="ne" ne="person">
                <grup.nom gen="m" num="s">
                  <n lem="Fischler" ne="person" pos="np0000p" postype="proper" sense="16:cs1" wd="Fischler"/>
                </grup.nom>
              </sn>
            </sp>
          </grup.nom>
        </sn>
      </sp>
    </S>
    <f lem="." pos="fp" punct="period" wd="."/>
  </sentence>
  <sentence>
    <sn arg="argM" func="cc" tem="tmp">
      <spec gen="f" num="s">
        <d gen="f" lem="el" num="s" pos="da0fs0" postype="article" wd="La"/>
      </spec>
      <grup.nom gen="f" num="s">
        <n gen="f" lem="setmana" num="s" pos="ncfs000" postype="common" sense="16:10862128" wd="setmana"/>
        <s.a gen="f" num="s">
          <grup.a gen="f" num="s">
            <a gen="c" lem="vinent" num="s" pos="aq0cs0" postype="qualificative" wd="vinent"/>
          </grup.a>
        </s.a>
      </grup.nom>
    </sn>
    <grup.verb>
      <v lem="ser" mood="indicative" num="s" person="3" pos="vsip3s0" postype="semiauxiliary" tense="present" wd="és"/>
      <v gen="f" lem="preveure" lss="B22.unaccusative-passive-transitive" mood="participle" num="s" pos="vmp00sf" postype="main" wd="prevista"/>
    </grup.verb>
    <sn arg="arg1" coord="yes" func="suj" tem="pat">
      <sn>
        <spec gen="f" num="s">
          <d gen="f" lem="un" num="s" pos="dn0fs0" postype="numeral" wd="una"/>
        </spec>
        <grup.nom gen="f" num="s">
          <n gen="f" lem="reunió" num="s" pos="ncfs000" postype="common" sense="16:06166238" wd="reunió"/>
          <sp>
            <prep>
              <s lem="entre" pos="sps00" postype="preposition" wd="entre"/>
            </prep>
            <sn coord="yes">
              <sn>
                <spec gen="m" num="s">
                  <d gen="m" lem="el" num="s" pos="da0ms0" postype="article" wd="el"/>
                </spec>
                <grup.nom gen="m" num="s">
                  <n gen="m" lem="sector" num="s" pos="ncms000" postype="common" sense="16:06214548" wd="sector"/>
                </grup.nom>
              </sn>
              <conj conjunctiontype="coordinating">
                <c lem="i" pos="cc" postype="coordinating" wd="i"/>
              </conj>
              <sn>
                <spec gen="m" num="p">
                  <d gen="m" lem="el" num="p" pos="da0mp0" postype="article" wd="els"/>
                </spec>
                <grup.nom gen="m" num="p">
                  <n gen="m" lem="tècnic" num="p" pos="ncmp000" postype="common" sense="16:07633507" wd="tècnics"/>
                  <sp>
                    <prep>
                      <s contracted="yes" gen="m" lem="del" num="s" pos="spcms" postype="preposition" wd="del"/>
                    </prep>
                    <sn entityref="ne" ne="organization">
                      <grup.nom gen="m" num="s">
                        <n gen="m" lem="ministeri" num="s" pos="ncms000" postype="common" sense="16:06048623" wd="ministeri"/>
                        <sp>
                          <prep>
                            <s lem="de" pos="sps00" postype="preposition" wd="d'"/>
                          </prep>
                          <sn entityref="ne" ne="organization">
                            <grup.nom>
                              <n lem="Agricultura" ne="organization" pos="np0000o" postype="proper" sense="16:cs1" wd="Agricultura"/>
                            </grup.nom>
                          </sn>
                        </sp>
                      </grup.nom>
                    </sn>
                  </sp>
                </grup.nom>
              </sn>
            </sn>
          </sp>
        </grup.nom>
        <f lem="," pos="fc" punct="comma" wd=","/>
      </sn>
      <conj conjunctiontype="coordinating">
        <s lem="al_marge_de" pos="sps00" postype="preposition" wd="al_marge_d'"/>
      </conj>
      <sn>
        <spec gen="f" num="s">
          <d gen="f" lem="un" num="s" pos="dn0fs0" postype="numeral" wd="una"/>
          <d gen="f" lem="altre" num="s" pos="di0fs0" postype="indefinite" wd="altra"/>
        </spec>
        <grup.nom gen="f" num="s">
          <n gen="f" lem="trobada" num="s" pos="ncfs000" postype="common" sense="16:00799023" wd="trobada"/>
          <sp>
            <prep>
              <s lem="entre" pos="sps00" postype="preposition" wd="entre"/>
            </prep>
            <sn coord="yes">
              <sn>
                <spec gen="m" num="s">
                  <d gen="m" lem="aquest" num="s" pos="dd0ms0" postype="demonstrative" wd="aquest"/>
                </spec>
                <grup.nom gen="m" num="s">
                  <n gen="m" lem="ministeri" num="s" pos="ncms000" postype="common" sense="16:06048623" wd="ministeri"/>
                </grup.nom>
              </sn>
              <conj conjunctiontype="coordinating">
                <c lem="i" pos="cc" postype="coordinating" wd="i"/>
              </conj>
              <sn coord="yes">
                <sn>
                  <spec gen="f" num="p">
                    <d gen="f" lem="el" num="p" pos="da0fp0" postype="article" wd="les"/>
                  </spec>
                  <grup.nom gen="f" num="p">
                    <n gen="f" lem="cooperativa" num="p" pos="ncfp000" postype="common" sense="16:06107474" wd="cooperatives"/>
                  </grup.nom>
                </sn>
                <conj conjunctiontype="coordinating">
                  <c lem="i" pos="cc" postype="coordinating" wd="i"/>
                </conj>
                <sn>
                  <spec gen="m" num="p">
                    <d gen="m" lem="el" num="p" pos="da0mp0" postype="article" wd="els"/>
                  </spec>
                  <grup.nom gen="m" num="p">
                    <n gen="m" lem="sindicat" num="p" pos="ncmp000" postype="common" sense="16:06112041" wd="sindicats"/>
                  </grup.nom>
                </sn>
              </sn>
            </sn>
          </sp>
        </grup.nom>
      </sn>
    </sn>
    <f lem="." pos="fp" punct="period" wd="."/>
  </sentence>
  <sentence>
    <sadv arg="argM" func="cc" tem="tmp">
      <grup.adv>
        <r lem="avui" pos="rg" wd="Avui"/>
      </grup.adv>
    </sadv>
    <morfema.pronominal>
      <p gen="c" lem="ell" num="c" person="3" pos="p0300000" wd="s'"/>
    </morfema.pronominal>
    <grup.verb>
      <v lem="haver" mood="indicative" num="p" person="3" pos="vaip3p0" postype="auxiliary" tense="present" wd="han"/>
      <v gen="m" lem="reunir" lss="A21.transitive-agentive-patient" mood="participle" num="s" pos="vmp00sm" postype="main" wd="reunit"/>
    </grup.verb>
    <sn arg="arg0" func="suj" tem="agt">
      <spec gen="m" num="p">
        <d gen="m" lem="el" num="p" pos="da0mp0" postype="article" wd="els"/>
      </spec>
      <grup.nom gen="m" num="p">
        <n gen="m" lem="conseller" num="p" pos="ncmp000" postype="common" sense="16:07412658" wd="consellers"/>
        <sp>
          <prep>
            <s lem="de" pos="sps00" postype="preposition" wd="d'"/>
          </prep>
          <sn>
            <grup.nom gen="f" num="s">
              <n gen="f" lem="agricultura" num="s" pos="ncfs000" postype="common" sense="16:00588753" wd="agricultura"/>
            </grup.nom>
          </sn>
        </sp>
        <sp>
          <prep>
            <s lem="de" pos="sps00" postype="preposition" wd="de"/>
          </prep>
          <sn complex="yes">
            <grup.nom coord="yes">
              <grup.nom>
                <n lem="Catalunya" ne="location" pos="np0000l" postype="proper" wd="Catalunya"/>
              </grup.nom>
              <f lem="," pos="fc" punct="comma" wd=","/>
              <grup.nom>
                <n lem="País_Valencià" ne="location" pos="np0000l" postype="proper" sense="16:cs1" wd="País_Valencià"/>
              </grup.nom>
              <f lem="," pos="fc" punct="comma" wd=","/>
              <grup.nom>
                <n lem="Balears" ne="location" pos="np0000l" postype="proper" sense="16:50004756" wd="Balears"/>
              </grup.nom>
              <f lem="," pos="fc" punct="comma" wd=","/>
              <grup.nom>
                <n lem="Múrcia" ne="location" pos="np0000l" postype="proper" wd="Múrcia"/>
              </grup.nom>
              <f lem="," pos="fc" punct="comma" wd=","/>
              <grup.nom>
                <n lem="Aragó" ne="location" pos="np0000l" postype="proper" sense="16:50004748" wd="Aragó"/>
              </grup.nom>
              <conj conjunctiontype="coordinating">
                <c lem="i" pos="cc" postype="coordinating" wd="i"/>
              </conj>
              <grup.nom>
                <n lem="Andalusia" ne="location" pos="np0000l" postype="proper" sense="16:50004744" wd="Andalusia"/>
              </grup.nom>
            </grup.nom>
          </sn>
        </sp>
      </grup.nom>
    </sn>
    <sp arg="argM" func="cc" tem="fin">
      <prep>
        <s lem="per" pos="sps00" postype="preposition" wd="per"/>
      </prep>
      <S clausetype="completive" impersonal="yes">
        <infinitiu>
          <v lem="defensar" lss="A21.transitive-agentive-patient" mood="infinitive" pos="vmn0000" postype="main" wd="defensar"/>
        </infinitiu>
        <sn arg="arg1" func="cd" tem="pat">
          <spec gen="m" num="p">
            <d gen="m" lem="el" num="p" pos="da0mp0" postype="article" wd="els"/>
          </spec>
          <grup.nom gen="m" num="p">
            <n gen="m" lem="ajut" num="p" pos="ncmp000" postype="common" sense="16:00788240" wd="ajuts"/>
            <sp>
              <prep>
                <s lem="a" pos="sps00" postype="preposition" wd="a"/>
              </prep>
              <sn>
                <spec gen="f" num="s">
                  <d gen="f" lem="el" num="s" pos="da0fs0" postype="article" wd="la"/>
                </spec>
                <grup.nom gen="f" num="s">
                  <n gen="f" lem="fruita" num="s" pos="ncfs000" postype="common" sense="16:05745250" wd="fruita"/>
                  <s.a gen="f" num="s">
                    <grup.a gen="f" num="s">
                      <a gen="f" lem="sec" num="s" pos="aq0fs0" postype="qualificative" wd="seca"/>
                    </grup.a>
                  </s.a>
                </grup.nom>
              </sn>
            </sp>
          </grup.nom>
        </sn>
      </S>
    </sp>
    <f lem="." pos="fp" punct="period" wd="."/>
  </sentence>
</article>
