<?xml version="1.0" encoding="UTF-8" standalone="no"?>
<!-- 

  ancora-2.0
       
			Copyright (C) 2007, 2008, 2009, 2010, 2011 UB - CLiC
			Centre de Llenguatge i Computació - Universitat de Barcelona
 
  This file is part of ancora-2.0.
 
  ancora-2.0 is free software and data: you can redistribute it and/or modify
  it under the terms of the GNU General Public License as published
  by the Free Software Foundation, either version 3 of the License,
  or (at your option) any later version.

  ancora-2.0 is distributed in the hope that it will be useful,
  but WITHOUT ANY WARRANTY; without even the implied warranty of
  MERCHANTABILITY or FITNESS FOR A PARTICULAR PURPOSE.  See the
  GNU General Public License for more details.
 
  You should have received a copy of the GNU General Public License
  along with ancora-2.0.  If not, see &lt;http://www.gnu.org/licenses/&gt;.
 
  Check a text in catalan explaining the terms of the license at http://www.softcatala.cat/wiki/GPL3.
  In spanish at http://www.viti.es/gnu/licenses/gpl.html
 

  The following paper must be cited when using this corpus:

 * Taulé, M., M.A. Martí, M. Recasens (2008) 'Ancora: Multilevel Annotated Corpora for Catalan and Spanish',
   Proceedings of 6th International Conference on Language Resources and Evaluation. Marrakesh (Morocco).

  In addition, the following paper must be cited if coreference information (attributes entity, coreftype,
  corefsubtype, homophoricDD or entityref) is used:

 * Recasens, Marta, M. Antònia Martí (2010) ‘AnCora-CO: Coreferentially annotated corpora for Spanish and
   Catalan’. Language Resources and Evaluation, Springer Science.

  Additionally, the following paper must be cited when argumental attributes in "sn" or "grup.nom"
  (attributes func, arg, tem or lexicalid) are used:

 * Peris, Aina, Mariona Taulé, Horacio Rodríguez (2010) ‘Semantic Annotation of Deverbal Nominalizations in the
   Spanish AnCora corpus’. Treebanks and Linguistic Theories (TLT-2010), Estonia.
-->
<article lng="ca">
  <sentence>
    <sn arg="arg1" coord="yes" func="suj" tem="tem">
      <sn>
        <sn>
          <grup.nom>
            <f lem="'" pos="fz" punct="mathsign" wd="'"/>
            <n gen="c" lem="quitança" num="c" pos="nc00000" postype="common" sense="16:cs1" wd="Quitança"/>
            <f lem="'" pos="fz" punct="mathsign" wd="'"/>
          </grup.nom>
        </sn>
        <sn adjunct="yes">
          <f lem="(" pos="fpa" punct="bracket" punctenclose="open" wd="("/>
          <sp adjunct="yes">
            <prep>
              <s lem="en" pos="sps00" postype="preposition" wd="en"/>
            </prep>
            <sn>
              <grup.nom gen="m" num="s">
                <n gen="m" lem="castellà" num="s" pos="ncms000" postype="common" sense="16:05224721" wd="castellà"/>
              </grup.nom>
            </sn>
          </sp>
          <sn>
            <f lem="," pos="fc" punct="comma" wd=","/>
            <grup.nom>
              <n gen="c" lem="finiquito" num="c" pos="nc00000" postype="common" sense="16:cs2" wd="finiquito"/>
            </grup.nom>
          </sn>
          <f lem=")" pos="fpt" punct="bracket" punctenclose="close" wd=")"/>
        </sn>
      </sn>
      <conj conjunctiontype="coordinating">
        <c lem="i" pos="cc" postype="coordinating" wd="i"/>
      </conj>
      <sn>
        <sn>
          <grup.nom>
            <f lem="'" pos="fz" punct="mathsign" wd="'"/>
            <n gen="c" lem="independent" num="c" pos="nc00000" postype="common" sense="16:07423166" wd="independent"/>
            <f lem="'" pos="fz" punct="mathsign" wd="'"/>
          </grup.nom>
        </sn>
        <sn adjunct="yes">
          <f lem="(" pos="fpa" punct="bracket" punctenclose="open" wd="("/>
          <sp adjunct="yes">
            <prep>
              <s lem="en" pos="sps00" postype="preposition" wd="en"/>
            </prep>
            <sn>
              <grup.nom gen="m" num="s">
                <n gen="m" lem="anglès" num="s" pos="ncms000" postype="common" sense="16:05209017" wd="anglès"/>
              </grup.nom>
            </sn>
          </sp>
          <sn>
            <grup.nom>
              <n gen="c" lem="freelance" num="c" pos="nc00000" postype="common" sense="16:cs2" wd="freelance"/>
            </grup.nom>
          </sn>
          <f lem=")" pos="fpt" punct="bracket" punctenclose="close" wd=")"/>
        </sn>
      </sn>
    </sn>
    <grup.verb>
      <v lem="ser" lss="C21.state-attributive" mood="indicative" num="p" person="3" pos="vmip3p0" postype="main" tense="present" wd="són"/>
    </grup.verb>
    <sn arg="arg2" func="atr" tem="atr">
      <grup.nom gen="m" num="p">
        <p gen="m" lem="algun" num="p" pos="pi0mp000" postype="indefinite" wd="alguns"/>
        <sp>
          <prep>
            <s contracted="yes" gen="m" lem="del" num="p" pos="spcmp" postype="preposition" wd="dels"/>
          </prep>
          <sn>
            <spec gen="m" num="p">
              <r lem="més" pos="rg" wd="més"/>
              <s lem="de" pos="sps00" postype="preposition" wd="de"/>
              <z lem="700" ne="number" wd="700"/>
            </spec>
            <grup.nom gen="m" num="p">
              <n gen="m" lem="terme" num="p" pos="ncmp000" postype="common" sense="16:04758968" wd="termes"/>
              <sp>
                <prep>
                  <s lem="en" pos="sps00" postype="preposition" wd="en"/>
                </prep>
                <sn>
                  <grup.nom gen="m" num="s">
                    <n gen="m" lem="català" num="s" pos="ncms000" postype="common" sense="16:05224856" wd="català"/>
                  </grup.nom>
                </sn>
              </sp>
              <S clausetype="relative">
                <relatiu arg="arg1" func="cd" tem="pat">
                  <p gen="c" lem="que" num="c" pos="pr0cn000" postype="relative" wd="que"/>
                </relatiu>
                <grup.verb>
                  <v lem="recollir" lss="A31.ditransitive-patient-locative" mood="indicative" num="s" person="3" pos="vmip3s0" postype="main" tense="present" wd="recull"/>
                </grup.verb>
                <sn arg="arg2" func="suj" tem="loc">
                  <spec gen="m" num="s">
                    <d gen="m" lem="el" num="s" pos="da0ms0" postype="article" wd="el"/>
                  </spec>
                  <grup.nom gen="m" num="s">
                    <f lem="'" pos="fz" punct="mathsign" wd="'"/>
                    <n lem="Diccionari_de_la_negociació_col·lectiva" ne="other" pos="np0000a" postype="proper" sense="16:cs1" wd="Diccionari_de_la_negociació_col·lectiva"/>
                    <f lem="'" pos="fz" punct="mathsign" wd="'"/>
                    <S clausetype="participle" impersonal="yes">
                      <f lem="," pos="fc" punct="comma" wd=","/>
                      <participi>
                        <a gen="m" lem="editat" lss="B22.unaccusative-passive-transitive" num="s" pos="aq0msp" posfunction="participle" postype="qualificative" wd="editat"/>
                      </participi>
                      <sp arg="arg0" func="cag" tem="agt">
                        <prep>
                          <s contracted="yes" gen="m" lem="pel" num="s" pos="spcms" postype="preposition" wd="pel"/>
                        </prep>
                        <sn coord="yes">
                          <sn entityref="ne" ne="organization">
                            <grup.nom gen="m" num="s">
                              <n lem="Departament_de_Treball" ne="organization" pos="np0000o" postype="proper" sense="16:cs1" wd="Departament_de_Treball"/>
                              <sp>
                                <prep>
                                  <s lem="de" pos="sps00" postype="preposition" wd="de"/>
                                </prep>
                                <sn entityref="ne" ne="organization">
                                  <spec gen="f" num="s">
                                    <d gen="f" lem="el" num="s" pos="da0fs0" postype="article" wd="la"/>
                                  </spec>
                                  <grup.nom gen="f" num="s">
                                    <n lem="Generalitat" ne="organization" pos="np0000o" postype="proper" sense="16:cs1" wd="Generalitat"/>
                                  </grup.nom>
                                </sn>
                              </sp>
                            </grup.nom>
                          </sn>
                          <conj conjunctiontype="coordinating">
                            <c lem="i" pos="cc" postype="coordinating" wd="i"/>
                          </conj>
                          <sn entityref="ne" ne="organization">
                            <spec gen="m" num="s">
                              <d gen="m" lem="el" num="s" pos="da0ms0" postype="article" wd="el"/>
                            </spec>
                            <grup.nom gen="m" num="s">
                              <n lem="TERMCAT" ne="organization" pos="np0000o" postype="proper" sense="16:cs1" wd="TERMCAT"/>
                              <sn>
                                <f lem="," pos="fc" punct="comma" wd=","/>
                                <grup.nom gen="m" num="s">
                                  <n gen="m" lem="centre" num="s" pos="ncms000" postype="common" sense="16:02412359" wd="centre"/>
                                  <sp>
                                    <prep>
                                      <s lem="de" pos="sps00" postype="preposition" wd="de"/>
                                    </prep>
                                    <sn entityref="ne" ne="other">
                                      <grup.nom>
                                        <n lem="Terminologia" ne="other" pos="np0000a" postype="proper" sense="16:cs1" wd="Terminologia"/>
                                      </grup.nom>
                                    </sn>
                                  </sp>
                                  <S clausetype="participle" impersonal="yes">
                                    <participi>
                                      <a gen="m" lem="participat" lss="B22.unaccusative-passive-transitive" num="s" pos="aq0msp" posfunction="participle" postype="qualificative" wd="participat"/>
                                    </participi>
                                    <sp arg="arg0" func="cag" tem="agt">
                                      <prep>
                                        <s contracted="yes" gen="m" lem="pel" num="s" pos="spcms" postype="preposition" wd="pel"/>
                                      </prep>
                                      <sn coord="yes">
                                        <sn>
                                          <grup.nom gen="m" num="s">
                                            <n lem="Departament_de_Cultura" ne="organization" pos="np0000o" postype="proper" sense="16:cs1" wd="Departament_de_Cultura"/>
                                          </grup.nom>
                                        </sn>
                                        <conj conjunctiontype="coordinating">
                                          <c lem="i" pos="cc" postype="coordinating" wd="i"/>
                                        </conj>
                                        <sn>
                                          <spec gen="m" num="s">
                                            <d gen="c" lem="el" num="s" pos="da0cs0" postype="article" wd="l'"/>
                                          </spec>
                                          <grup.nom gen="m" num="s">
                                            <n lem="Institut_d'_Estudis_Catalans" ne="organization" pos="np0000o" postype="proper" sense="16:cs1" wd="Institut_d'_Estudis_Catalans"/>
                                          </grup.nom>
                                        </sn>
                                      </sn>
                                    </sp>
                                  </S>
                                </grup.nom>
                              </sn>
                            </grup.nom>
                          </sn>
                        </sn>
                      </sp>
                    </S>
                  </grup.nom>
                </sn>
              </S>
            </grup.nom>
          </sn>
        </sp>
      </grup.nom>
    </sn>
    <f lem="." pos="fp" punct="period" wd="."/>
  </sentence>
  <sentence>
    <sn arg="arg1" func="suj" tem="pat">
      <spec gen="f" num="s">
        <d gen="f" lem="el" num="s" pos="da0fs0" postype="article" wd="La"/>
      </spec>
      <grup.nom gen="f" num="s">
        <s.a gen="f" num="s">
          <grup.a gen="f" num="s">
            <a gen="f" lem="nou" num="s" pos="aq0fs0" postype="qualificative" wd="nova"/>
          </grup.a>
        </s.a>
        <n gen="f" lem="publicació" num="s" pos="ncfs000" postype="common" sense="16:04944010" wd="publicació"/>
      </grup.nom>
    </sn>
    <grup.verb>
      <v lem="haver" mood="indicative" num="s" person="3" pos="vaip3s0" postype="auxiliary" tense="present" wd="ha"/>
      <v gen="m" lem="ser" mood="participle" num="s" pos="vsp00sm" postype="semiauxiliary" wd="estat"/>
      <v gen="f" lem="presentar" lss="B12.unaccusative-passive-ditransitive" mood="participle" num="s" pos="vmp00sf" postype="main" wd="presentada"/>
    </grup.verb>
    <sn arg="argM" func="cc" tem="tmp">
      <spec gen="m" num="s">
        <d gen="m" lem="aquest" num="s" pos="dd0ms0" postype="demonstrative" wd="aquest"/>
      </spec>
      <grup.nom gen="m" num="s">
        <n gen="m" lem="migdia" num="s" pos="ncms000" postype="common" sense="16:10884479" wd="migdia"/>
      </grup.nom>
    </sn>
    <sp arg="argM" func="cc" tem="loc">
      <prep>
        <s contracted="yes" gen="m" lem="al" num="s" pos="spcms" postype="preposition" wd="al"/>
      </prep>
      <sn entityref="ne" ne="location">
        <grup.nom gen="m" num="s">
          <n lem="Palau_de_la_Generalitat" ne="location" pos="np0000l" postype="proper" sense="16:cs1" wd="Palau_de_la_Generalitat"/>
        </grup.nom>
      </sn>
    </sp>
    <sp arg="arg0" func="cag" tem="agt">
      <prep>
        <s contracted="yes" gen="m" lem="pel" num="p" pos="spcmp" postype="preposition" wd="pels"/>
      </prep>
      <sn>
        <grup.nom gen="m" num="p">
          <n gen="m" lem="conseller" num="p" pos="ncmp000" postype="common" sense="16:07412658" wd="consellers"/>
          <sp coord="yes">
            <sp>
              <prep>
                <s lem="de" pos="sps00" postype="preposition" wd="de"/>
              </prep>
              <sn entityref="ne" ne="organization">
                <grup.nom>
                  <n lem="Treball" ne="organization" pos="np0000o" postype="proper" sense="16:cs1" wd="Treball"/>
                </grup.nom>
              </sn>
            </sp>
            <conj conjunctiontype="coordinating">
              <c lem="i" pos="cc" postype="coordinating" wd="i"/>
            </conj>
            <sp>
              <prep>
                <s lem="de" pos="sps00" postype="preposition" wd="de"/>
              </prep>
              <sn entityref="ne" ne="organization">
                <grup.nom>
                  <n lem="Cultura" ne="organization" pos="np0000o" postype="proper" sense="16:cs1" wd="Cultura"/>
                </grup.nom>
              </sn>
            </sp>
          </sp>
          <sn complex="yes">
            <sn complex="yes">
              <f lem="," pos="fc" punct="comma" wd=","/>
              <grup.nom coord="yes">
                <grup.nom gen="m" num="s">
                  <n lem="Lluís_Franco" ne="person" pos="np0000p" postype="proper" sense="16:cs1" wd="Lluís_Franco"/>
                </grup.nom>
                <conj conjunctiontype="coordinating">
                  <c lem="i" pos="cc" postype="coordinating" wd="i"/>
                </conj>
                <grup.nom gen="m" num="s">
                  <n lem="Jordi_Vilajoana" ne="person" pos="np0000p" postype="proper" sense="16:cs1" wd="Jordi_Vilajoana"/>
                </grup.nom>
              </grup.nom>
              <f lem="," pos="fc" punct="comma" wd=","/>
            </sn>
            <sadv adjunct="yes">
              <r lem="respectivament" pos="rg" wd="respectivament"/>
            </sadv>
          </sn>
        </grup.nom>
      </sn>
    </sp>
    <f lem="." pos="fp" punct="period" wd="."/>
  </sentence>
  <sentence>
    <sp arg="arg2" func="creg" repetition="yes" tem="tem">
      <prep>
        <s lem="a" pos="sps00" postype="preposition" wd="A"/>
      </prep>
      <sn>
        <spec gen="m" num="p">
          <d gen="m" lem="aquest" num="p" pos="dd0mp0" postype="demonstrative" wd="aquests"/>
        </spec>
        <grup.nom gen="m" num="p">
          <n gen="m" lem="terme" num="p" pos="ncmp000" postype="common" sense="16:04758968" wd="termes"/>
        </grup.nom>
      </sn>
    </sp>
    <morfema.verbal func="pass">
      <p gen="c" lem="es" num="c" pos="p0000000" wd="s'"/>
    </morfema.verbal>
    <sn arg="arg2" func="creg" repetition="yes" tem="tem">
      <grup.nom>
        <p gen="c" lem="hi" num="c" person="3" pos="pp3cn000" postype="personal" wd="hi"/>
      </grup.nom>
    </sn>
    <grup.verb>
      <v lem="afegir" lss="B22.unaccusative-passive-transitive" mood="indicative" num="p" person="3" pos="vmip3p0" postype="main" tense="present" wd="afegeixen"/>
    </grup.verb>
    <sn arg="arg1" func="suj" tem="pat">
      <grup.nom gen="f" num="p">
        <n gen="f" lem="paraula" num="p" pos="ncfp000" postype="common" sense="16:04750884" wd="paraules"/>
        <sp>
          <prep>
            <c lem="com" pos="cs" postype="subordinating" wd="com"/>
          </prep>
          <sn complex="yes">
            <grup.nom coord="yes">
              <grup.nom>
                <f lem="'" pos="fz" punct="mathsign" wd="'"/>
                <n gen="c" lem="bestreta" num="c" pos="nc00000" postype="common" sense="16:cs1" wd="bestreta"/>
                <f lem="'" pos="fz" punct="mathsign" wd="'"/>
                <sn>
                  <grup.nom>
                    <f lem="(" pos="fpa" punct="bracket" punctenclose="open" wd="("/>
                    <n gen="c" lem="anticipo" num="c" pos="nc00000" postype="common" sense="16:cs2" wd="anticipo"/>
                    <f lem=")" pos="fpt" punct="bracket" punctenclose="close" wd=")"/>
                  </grup.nom>
                </sn>
              </grup.nom>
              <f lem="," pos="fc" punct="comma" wd=","/>
              <grup.nom>
                <f lem="'" pos="fz" punct="mathsign" wd="'"/>
                <n gen="c" lem="clàusula_de_desvinculació_salarial" num="c" pos="nc00000" postype="common" sense="16:cs1" wd="clàusula_de_desvinculació_salarial"/>
                <f lem="'" pos="fz" punct="mathsign" wd="'"/>
                <sn>
                  <grup.nom>
                    <f lem="(" pos="fpa" punct="bracket" punctenclose="open" wd="("/>
                    <n gen="c" lem="cláusula_de_descuelgue_salarial" num="c" pos="nc00000" postype="common" sense="16:cs2" wd="cláusula_de_descuelgue_salarial"/>
                    <f lem=")" pos="fpt" punct="bracket" punctenclose="close" wd=")"/>
                  </grup.nom>
                </sn>
              </grup.nom>
              <f lem="," pos="fc" punct="comma" wd=","/>
              <grup.nom>
                <f lem="'" pos="fz" punct="mathsign" wd="'"/>
                <n gen="c" lem="treball_no_declarat" num="c" pos="nc00000" postype="common" sense="16:cs1" wd="treball_no_declarat"/>
                <f lem="'" pos="fz" punct="mathsign" wd="'"/>
                <sn complex="yes">
                  <grup.nom coord="yes">
                    <f lem="(" pos="fpa" punct="bracket" punctenclose="open" wd="("/>
                    <grup.nom>
                      <n gen="c" lem="trabajo_negro" num="c" pos="nc00000" postype="common" sense="16:cs2" wd="trabajo_negro"/>
                    </grup.nom>
                    <conj conjunctiontype="coordinating">
                      <c lem="o" pos="cc" postype="coordinating" wd="o"/>
                    </conj>
                    <grup.nom>
                      <n gen="c" lem="trabajo_sumergido" num="c" pos="nc00000" postype="common" sense="16:cs2" wd="trabajo_sumergido"/>
                    </grup.nom>
                    <f lem=")" pos="fpt" punct="bracket" punctenclose="close" wd=")"/>
                  </grup.nom>
                </sn>
              </grup.nom>
              <f lem="," pos="fc" punct="comma" wd=","/>
              <grup.nom>
                <f lem="'" pos="fz" punct="mathsign" wd="'"/>
                <n gen="c" lem="accident_en_el_trajecte" num="c" pos="nc00000" postype="common" sense="16:cs1" wd="accident_en_el_trajecte"/>
                <f lem="'" pos="fz" punct="mathsign" wd="'"/>
                <sn>
                  <grup.nom>
                    <f lem="(" pos="fpa" punct="bracket" punctenclose="open" wd="("/>
                    <n gen="c" lem="accidente_in_itinere" num="c" pos="nc00000" postype="common" sense="16:cs2" wd="accidente_in_itinere"/>
                    <f lem=")" pos="fpt" punct="bracket" punctenclose="close" wd=")"/>
                  </grup.nom>
                </sn>
              </grup.nom>
              <f lem="," pos="fc" punct="comma" wd=","/>
              <grup.nom>
                <f lem="'" pos="fz" punct="mathsign" wd="'"/>
                <n gen="c" lem="assetjament_sexual" num="c" pos="nc00000" postype="common" sense="16:cs1" wd="assetjament_sexual"/>
                <f lem="'" pos="fz" punct="mathsign" wd="'"/>
                <sn>
                  <grup.nom>
                    <f lem="(" pos="fpa" punct="bracket" punctenclose="open" wd="("/>
                    <n gen="c" lem="acoso_sexual" num="c" pos="nc00000" postype="common" sense="16:cs2" wd="acoso_sexual"/>
                    <f lem=")" pos="fpt" punct="bracket" punctenclose="close" wd=")"/>
                  </grup.nom>
                </sn>
              </grup.nom>
              <conj conjunctiontype="coordinating">
                <c lem="o" pos="cc" postype="coordinating" wd="o"/>
              </conj>
              <grup.nom>
                <f lem="'" pos="fz" punct="mathsign" wd="'"/>
                <n gen="c" lem="acomiadament" num="c" pos="nc00000" postype="common" sense="16:00140714" wd="acomiadament"/>
                <f lem="'" pos="fz" punct="mathsign" wd="'"/>
                <sn>
                  <grup.nom>
                    <f lem="(" pos="fpa" punct="bracket" punctenclose="open" wd="("/>
                    <n gen="c" lem="despido" num="c" pos="nc00000" postype="common" sense="16:cs2" wd="despido"/>
                    <f lem=")" pos="fpt" punct="bracket" punctenclose="close" wd=")"/>
                  </grup.nom>
                </sn>
              </grup.nom>
            </grup.nom>
          </sn>
        </sp>
      </grup.nom>
    </sn>
    <f lem="." pos="fp" punct="period" wd="."/>
  </sentence>
  <sentence>
    <sn arg="arg1" func="suj" tem="tem">
      <spec gen="m" num="s">
        <d gen="m" lem="el" num="s" pos="da0ms0" postype="article" wd="El"/>
      </spec>
      <grup.nom gen="m" num="s">
        <n gen="m" lem="diccionari" num="s" pos="ncms000" postype="common" sense="16:04837766" wd="diccionari"/>
      </grup.nom>
    </sn>
    <grup.verb>
      <v lem="contenir" lss="C21.state-attributive" mood="indicative" num="s" person="3" pos="vmip3s0" postype="main" tense="present" wd="conté"/>
    </grup.verb>
    <sn arg="arg2" coord="yes" func="cd" functype="quantitative" tem="atr">
      <sn>
        <spec gen="m" num="p">
          <d gen="m" lem="el" num="p" pos="da0mp0" postype="article" wd="els"/>
        </spec>
        <grup.nom gen="m" num="p">
          <n gen="m" lem="terme" num="p" pos="ncmp000" postype="common" sense="16:04758968" wd="termes"/>
          <sp>
            <prep>
              <s lem="en" pos="sps00" postype="preposition" wd="en"/>
            </prep>
            <sn entityref="ne" ne="other">
              <grup.nom gen="m" num="s">
                <n gen="m" lem="català" num="s" pos="ncms000" postype="common" sense="16:05224856" wd="català"/>
              </grup.nom>
            </sn>
          </sp>
          <sp>
            <prep>
              <s lem="amb" pos="sps00" postype="preposition" wd="amb"/>
            </prep>
            <sn>
              <spec gen="f" num="s">
                <d gen="f" lem="el" num="s" pos="da0fs0" postype="article" wd="la"/>
              </spec>
              <grup.nom gen="f" num="s">
                <n gen="f" lem="definició" num="s" pos="ncfs000" postype="common" sense="16:05054071" wd="definició"/>
              </grup.nom>
            </sn>
          </sp>
          <f lem="," pos="fc" punct="comma" wd=","/>
        </grup.nom>
      </sn>
      <conj conjunctiontype="coordinating">
        <c lem="i" pos="cc" postype="coordinating" wd="i"/>
      </conj>
      <sn>
        <spec gen="f" num="p">
          <d gen="f" lem="el" num="p" pos="da0fp0" postype="article" wd="les"/>
        </spec>
        <grup.nom gen="f" num="p">
          <n gen="f" lem="equivalència" num="p" pos="ncfp000" postype="common" sense="16:03730718" wd="equivalències"/>
          <sp>
            <prep>
              <s lem="en" pos="sps00" postype="preposition" wd="en"/>
            </prep>
            <sn complex="yes">
              <grup.nom coord="yes">
                <grup.nom gen="m" num="s">
                  <n gen="m" lem="castellà" num="s" pos="ncms000" postype="common" sense="16:05224721" wd="castellà"/>
                </grup.nom>
                <f lem="," pos="fc" punct="comma" wd=","/>
                <grup.nom gen="m" num="s">
                  <n gen="m" lem="francès" num="s" pos="ncms000" postype="common" sense="16:05223176" wd="francès"/>
                </grup.nom>
                <conj conjunctiontype="coordinating">
                  <c lem="i" pos="cc" postype="coordinating" wd="i"/>
                </conj>
                <grup.nom gen="m" num="s">
                  <n gen="m" lem="anglès" num="s" pos="ncms000" postype="common" sense="16:05209017" wd="anglès"/>
                </grup.nom>
              </grup.nom>
            </sn>
          </sp>
        </grup.nom>
      </sn>
    </sn>
    <f lem="." pos="fp" punct="period" wd="."/>
  </sentence>
  <sentence>
    <sn arg="arg1" func="suj" tem="pat">
      <spec gen="f" num="s">
        <d gen="f" lem="el" num="s" pos="da0fs0" postype="article" wd="La"/>
      </spec>
      <grup.nom gen="f" num="s">
        <n gen="f" lem="terminologia" num="s" pos="ncfs000" postype="common" sense="16:04759121" wd="terminologia"/>
        <S clausetype="participle" impersonal="yes">
          <participi>
            <a gen="f" lem="tractat" num="s" pos="aq0fsp" posfunction="participle" postype="qualificative" wd="tractada"/>
          </participi>
        </S>
      </grup.nom>
    </sn>
    <morfema.verbal func="pass">
      <p gen="c" lem="es" num="c" pos="p0000000" wd="s'"/>
    </morfema.verbal>
    <grup.verb>
      <v lem="incloure" lss="B22.unaccusative-passive-transitive" mood="indicative" num="s" person="3" pos="vmip3s0" postype="main" tense="present" wd="inclou"/>
    </grup.verb>
    <sp arg="arg2" func="cc" tem="loc">
      <prep>
        <s lem="en" pos="sps00" postype="preposition" wd="en"/>
      </prep>
      <sn>
        <spec gen="m" num="p">
          <d gen="m" lem="el" num="p" pos="da0mp0" postype="article" wd="els"/>
        </spec>
        <grup.nom gen="m" num="p">
          <n gen="m" lem="àmbit" num="p" pos="ncmp000" postype="common" sense="16:10409788" wd="àmbits"/>
          <sp>
            <prep>
              <s contracted="yes" gen="m" lem="del" num="s" pos="spcms" postype="preposition" wd="del"/>
            </prep>
            <sn coord="yes">
              <sn>
                <grup.nom gen="m" num="s">
                  <n gen="m" lem="sindicalisme" num="s" pos="ncms000" postype="common" sense="16:06170631" wd="sindicalisme"/>
                </grup.nom>
              </sn>
              <conj conjunctiontype="coordinating">
                <c lem="i" pos="cc" postype="coordinating" wd="i"/>
              </conj>
              <sn coord="yes">
                <sn coord="yes">
                  <sn>
                    <spec gen="f" num="s">
                      <d gen="f" lem="el" num="s" pos="da0fs0" postype="article" wd="la"/>
                    </spec>
                    <grup.nom gen="f" num="s">
                      <n gen="f" lem="representació" num="s" pos="ncfs000" postype="common" sense="16:00789600" wd="representació"/>
                      <s.a gen="f" num="s">
                        <grup.a gen="f" num="s">
                          <a gen="f" lem="col·lectiu" num="s" pos="aq0fs0" postype="qualificative" wd="col·lectiva"/>
                        </grup.a>
                      </s.a>
                    </grup.nom>
                  </sn>
                  <f lem="," pos="fc" punct="comma" wd=","/>
                  <sn>
                    <spec gen="m" num="p">
                      <d gen="m" lem="el" num="p" pos="da0mp0" postype="article" wd="els"/>
                    </spec>
                    <grup.nom gen="m" num="p">
                      <n gen="m" lem="conflicte" num="p" pos="ncmp000" postype="common" sense="16:10071502" wd="conflictes"/>
                      <s.a gen="m" num="p">
                        <grup.a gen="m" num="p">
                          <a gen="c" lem="laboral" num="p" pos="aq0cp0" postype="qualificative" wd="laborals"/>
                        </grup.a>
                      </s.a>
                    </grup.nom>
                  </sn>
                  <f lem="," pos="fc" punct="comma" wd=","/>
                  <sn>
                    <spec gen="f" num="s">
                      <d gen="c" lem="el" num="s" pos="da0cs0" postype="article" wd="l'"/>
                    </spec>
                    <grup.nom gen="f" num="s">
                      <n gen="f" lem="organització" num="s" pos="ncfs000" postype="common" sense="16:00650412" wd="organització"/>
                    </grup.nom>
                  </sn>
                  <conj conjunctiontype="coordinating">
                    <c lem="i" pos="cc" postype="coordinating" wd="i"/>
                  </conj>
                  <sn>
                    <spec gen="f" num="p">
                      <d gen="f" lem="el" num="p" pos="da0fp0" postype="article" wd="les"/>
                    </spec>
                    <grup.nom gen="f" num="p">
                      <n gen="f" lem="condició" num="p" pos="ncfp000" postype="common" sense="16:05072928" wd="condicions"/>
                      <sp>
                        <prep>
                          <s lem="de" pos="sps00" postype="preposition" wd="de"/>
                        </prep>
                        <sn>
                          <grup.nom gen="m" num="s">
                            <n gen="m" lem="treball" num="s" pos="ncms000" postype="common" sense="16:00383807" wd="treball"/>
                          </grup.nom>
                        </sn>
                      </sp>
                      <sp>
                        <f lem="(" pos="fpa" punct="bracket" punctenclose="open" wd="("/>
                        <prep>
                          <c lem="com_ara" pos="cs" postype="subordinating" wd="com_ara"/>
                        </prep>
                        <sn complex="yes">
                          <grup.nom coord="yes">
                            <grup.nom gen="f" num="s">
                              <n gen="f" lem="retribució" num="p" pos="ncfp000" postype="common" sense="16:cs1" wd="retribucions"/>
                            </grup.nom>
                            <f lem="," pos="fc" punct="comma" wd=","/>
                            <grup.nom gen="f" num="s">
                              <n gen="f" lem="seguretat" num="s" pos="ncfs000" postype="common" sense="16:10425881" wd="seguretat"/>
                            </grup.nom>
                            <conj conjunctiontype="coordinating">
                              <c lem="o" pos="cc" postype="coordinating" wd="o"/>
                            </conj>
                            <grup.nom gen="m" num="s">
                              <n gen="m" lem="règim" num="s" pos="ncms000" postype="common" sense="16:cs1" wd="règim"/>
                              <s.a gen="m" num="s">
                                <grup.a gen="m" num="s">
                                  <a gen="m" lem="disciplinari" num="s" pos="aq0ms0" postype="qualificative" wd="disciplinari"/>
                                </grup.a>
                              </s.a>
                            </grup.nom>
                          </grup.nom>
                        </sn>
                        <f lem=")" pos="fpt" punct="bracket" punctenclose="close" wd=")"/>
                      </sp>
                    </grup.nom>
                  </sn>
                </sn>
                <conj conjunctiontype="coordinating">
                  <c lem="i" pos="cc" postype="coordinating" wd="i"/>
                </conj>
                <sn>
                  <spec gen="f" num="s">
                    <d gen="f" lem="el" num="s" pos="da0fs0" postype="article" wd="la"/>
                  </spec>
                  <grup.nom gen="f" num="s">
                    <n gen="f" lem="gestió" num="s" pos="ncfs000" postype="common" sense="16:00736489" wd="gestió"/>
                    <sp>
                      <prep>
                        <s contracted="yes" gen="m" lem="del" num="p" pos="spcmp" postype="preposition" wd="dels"/>
                      </prep>
                      <sn>
                        <grup.nom gen="m" num="p">
                          <n gen="m" lem="recurs" num="p" pos="ncmp000" postype="common" sense="16:09598145" wd="recursos"/>
                          <s.a gen="m" num="p">
                            <grup.a gen="m" num="p">
                              <a gen="m" lem="humà" num="p" pos="aq0mp0" postype="qualificative" wd="humans"/>
                            </grup.a>
                          </s.a>
                          <sn complex="yes">
                            <f lem="(" pos="fpa" punct="bracket" punctenclose="open" wd="("/>
                            <sn complex="yes">
                              <grup.nom coord="yes">
                                <grup.nom gen="f" num="s">
                                  <n gen="f" lem="selecció" num="s" pos="ncfs000" postype="common" sense="16:00104850" wd="selecció"/>
                                  <sp>
                                    <prep>
                                      <s lem="de" pos="sps00" postype="preposition" wd="de"/>
                                    </prep>
                                    <sn>
                                      <grup.nom gen="m" num="s">
                                        <n gen="m" lem="personal" num="s" pos="ncms000" postype="common" sense="16:06242784" wd="personal"/>
                                      </grup.nom>
                                    </sn>
                                  </sp>
                                </grup.nom>
                                <f lem="," pos="fc" punct="comma" wd=","/>
                                <grup.nom gen="f" num="s">
                                  <n gen="f" lem="contractació" num="s" pos="ncfs000" postype="common" sense="16:00173872" wd="contractació"/>
                                </grup.nom>
                                <f lem="," pos="fc" punct="comma" wd=","/>
                                <grup.nom gen="f" num="s">
                                  <n gen="f" lem="formació" num="s" pos="ncfs000" postype="common" sense="16:04589767" wd="formació"/>
                                </grup.nom>
                                <f lem="," pos="fc" punct="comma" wd=","/>
                                <grup.nom gen="f" num="s">
                                  <n gen="f" lem="avaluació" num="s" pos="ncfs000" postype="common" sense="16:00561563" wd="avaluació"/>
                                </grup.nom>
                                <conj conjunctiontype="coordinating">
                                  <c lem="o" pos="cc" postype="coordinating" wd="o"/>
                                </conj>
                                <grup.nom gen="f" num="s">
                                  <n gen="f" lem="mobilitat" num="s" pos="ncfs000" postype="common" sense="16:03746913" wd="mobilitat"/>
                                </grup.nom>
                              </grup.nom>
                            </sn>
                            <sp adjunct="yes">
                              <f lem="," pos="fc" punct="comma" wd=","/>
                              <prep>
                                <s lem="entre" pos="sps00" postype="preposition" wd="entre"/>
                              </prep>
                              <sp>
                                <prep>
                                  <s lem="de" pos="sps00" postype="preposition" wd="d'"/>
                                </prep>
                                <sn>
                                  <grup.nom num="p">
                                    <p gen="c" lem="altre" num="p" pos="pi0cp000" postype="indefinite" wd="altres"/>
                                  </grup.nom>
                                </sn>
                              </sp>
                            </sp>
                            <f lem=")" pos="fpt" punct="bracket" punctenclose="close" wd=")"/>
                          </sn>
                        </grup.nom>
                      </sn>
                    </sp>
                  </grup.nom>
                </sn>
              </sn>
            </sn>
          </sp>
        </grup.nom>
      </sn>
    </sp>
    <f lem="." pos="fp" punct="period" wd="."/>
  </sentence>
  <sentence>
    <sn arg="arg1" func="suj" tem="pat">
      <spec gen="m" num="s">
        <d gen="m" lem="el" num="s" pos="da0ms0" postype="article" wd="El"/>
      </spec>
      <grup.nom gen="m" num="s">
        <f lem="'" pos="fz" punct="mathsign" wd="'"/>
        <n lem="Diccionari_de_la_negociació_col·lectiva" ne="other" pos="np0000a" postype="proper" sense="16:cs1" wd="Diccionari_de_la_negociació_col·lectiva"/>
        <f lem="'" pos="fz" punct="mathsign" wd="'"/>
      </grup.nom>
    </sn>
    <sp func="ao">
      <f lem="," pos="fc" punct="comma" wd=","/>
      <prep>
        <s lem="segons" pos="sps00" postype="preposition" wd="segons"/>
      </prep>
      <sn>
        <spec gen="f" num="s">
          <d gen="f" lem="un" num="s" pos="di0fs0" postype="indefinite" wd="una"/>
        </spec>
        <grup.nom gen="f" num="s">
          <n gen="f" lem="nota" num="s" pos="ncfs000" postype="common" sense="16:04882396" wd="nota"/>
          <S clausetype="participle" impersonal="yes">
            <participi>
              <a gen="f" lem="difós" lss="B22.unaccusative-passive-transitive" num="s" pos="aq0fsp" posfunction="participle" postype="qualificative" wd="difosa"/>
            </participi>
            <sadv arg="argM" func="cc" tem="tmp">
              <grup.adv>
                <r lem="avui" pos="rg" wd="avui"/>
              </grup.adv>
            </sadv>
            <sp arg="arg0" func="cag" tem="agt">
              <prep>
                <s contracted="yes" gen="m" lem="pel" num="s" pos="spcms" postype="preposition" wd="pel"/>
              </prep>
              <sn entityref="ne" ne="organization">
                <grup.nom gen="m" num="s">
                  <n lem="Departament_de_Cultura" ne="organization" pos="np0000o" postype="proper" sense="16:cs1" wd="Departament_de_Cultura"/>
                  <sp>
                    <prep>
                      <s lem="de" pos="sps00" postype="preposition" wd="de"/>
                    </prep>
                    <sn entityref="ne" ne="organization">
                      <spec gen="f" num="s">
                        <d gen="f" lem="el" num="s" pos="da0fs0" postype="article" wd="la"/>
                      </spec>
                      <grup.nom gen="f" num="s">
                        <n lem="Generalitat" ne="organization" pos="np0000o" postype="proper" sense="16:cs1" wd="Generalitat"/>
                      </grup.nom>
                    </sn>
                  </sp>
                </grup.nom>
              </sn>
            </sp>
          </S>
        </grup.nom>
      </sn>
      <f lem="," pos="fc" punct="comma" wd=","/>
    </sp>
    <grup.verb>
      <v lem="haver" mood="indicative" num="s" person="3" pos="vaip3s0" postype="auxiliary" tense="present" wd="ha"/>
      <v gen="m" lem="ser" mood="participle" num="s" pos="vsp00sm" postype="semiauxiliary" wd="estat"/>
      <v gen="m" lem="publicar" lss="B12.unaccusative-passive-ditransitive" mood="participle" num="s" pos="vmp00sm" postype="main" wd="publicat"/>
    </grup.verb>
    <sp arg="argM" func="cc" tem="fin">
      <prep>
        <s lem="amb" pos="sps00" postype="preposition" wd="amb"/>
      </prep>
      <sn>
        <spec gen="m" num="s">
          <d gen="c" lem="el" num="s" pos="da0cs0" postype="article" wd="l'"/>
        </spec>
        <grup.nom gen="m" num="s">
          <n gen="m" lem="objectiu" num="s" pos="ncms000" postype="common" sense="16:04586952" wd="objectiu"/>
          <S clausetype="completive">
            <conj conjunctiontype="subordinating">
              <c lem="que" pos="cs" postype="subordinating" wd="que"/>
            </conj>
            <f lem="'" pos="fz" punct="mathsign" wd="'"/>
            <sn arg="arg1" elliptic="yes" func="suj" tem="tem"/>
            <grup.verb>
              <v lem="resultar" lss="C21.state-attributive" mood="subjunctive" num="s" person="3" pos="vmsp3s0" postype="main" tense="present" wd="resulti"/>
            </grup.verb>
            <sn arg="arg2" func="cpred" predicate="suj" tem="atr">
              <spec gen="f" num="s">
                <d gen="f" lem="un" num="s" pos="di0fs0" postype="indefinite" wd="una"/>
              </spec>
              <grup.nom gen="f" num="s">
                <n gen="f" lem="eina" num="s" pos="ncfs000" postype="common" sense="16:00112599" wd="eina"/>
                <s.a gen="f" num="s">
                  <grup.a gen="f" num="s">
                    <a gen="c" lem="eficaç" num="s" pos="aq0cs0" postype="qualificative" wd="eficaç"/>
                  </grup.a>
                </s.a>
              </grup.nom>
            </sn>
            <sp arg="argM" func="cc" tem="fin">
              <prep>
                <s lem="per" pos="sps00" postype="preposition" wd="per"/>
              </prep>
              <sp>
                <prep>
                  <s lem="a" pos="sps00" postype="preposition" wd="a"/>
                </prep>
                <sn>
                  <spec gen="f" num="s">
                    <d gen="f" lem="el" num="s" pos="da0fs0" postype="article" wd="la"/>
                  </spec>
                  <grup.nom gen="f" num="s">
                    <n gen="f" lem="redacció" num="s" pos="ncfs000" postype="common" sense="16:04844438" wd="redacció"/>
                    <sp>
                      <prep>
                        <s lem="en" pos="sps00" postype="preposition" wd="en"/>
                      </prep>
                      <sn entityref="ne" ne="other">
                        <grup.nom gen="m" num="s">
                          <n gen="m" lem="català" num="s" pos="ncms000" postype="common" sense="16:05224856" wd="català"/>
                        </grup.nom>
                      </sn>
                    </sp>
                    <sp>
                      <prep>
                        <s contracted="yes" gen="m" lem="del" num="p" pos="spcmp" postype="preposition" wd="dels"/>
                      </prep>
                      <sn complex="yes">
                        <grup.nom coord="yes">
                          <grup.nom coord="yes">
                            <grup.nom gen="m" num="p">
                              <n gen="m" lem="conveni" num="p" pos="ncmp000" postype="common" sense="16:05073898" wd="convenis"/>
                            </grup.nom>
                            <conj conjunctiontype="coordinating">
                              <c lem="i" pos="cc" postype="coordinating" wd="i"/>
                            </conj>
                            <grup.nom gen="m" num="p">
                              <n gen="m" lem="acord" num="p" pos="ncmp000" postype="common" sense="16:05072418" wd="acords"/>
                            </grup.nom>
                          </grup.nom>
                          <s.a adjunct="yes" gen="m" num="p">
                            <grup.a gen="m" num="p">
                              <a gen="c" lem="present" num="p" pos="aq0cp0" postype="qualificative" wd="presents"/>
                              <sp coord="yes">
                                <sp>
                                  <prep>
                                    <s lem="en" pos="sps00" postype="preposition" wd="en"/>
                                  </prep>
                                  <sn>
                                    <spec gen="m" num="p">
                                      <d gen="m" lem="tot" num="p" pos="di0mp0" postype="indefinite" wd="tots"/>
                                      <d gen="m" lem="el" num="p" pos="da0mp0" postype="article" wd="els"/>
                                    </spec>
                                    <grup.nom gen="m" num="p">
                                      <n gen="m" lem="sector" num="p" pos="ncmp000" postype="common" sense="16:06214548" wd="sectors"/>
                                    </grup.nom>
                                  </sn>
                                </sp>
                                <conj conjunctiontype="coordinating">
                                  <c lem="i" pos="cc" postype="coordinating" wd="i"/>
                                </conj>
                                <sp>
                                  <prep>
                                    <s lem="en" pos="sps00" postype="preposition" wd="en"/>
                                  </prep>
                                  <sn>
                                    <spec gen="f" num="p">
                                      <d gen="f" lem="tot" num="p" pos="di0fp0" postype="indefinite" wd="totes"/>
                                      <d gen="f" lem="el" num="p" pos="da0fp0" postype="article" wd="les"/>
                                    </spec>
                                    <grup.nom gen="f" num="p">
                                      <n gen="f" lem="empresa" num="p" pos="ncfp000" postype="common" sense="16:06004580" wd="empreses"/>
                                    </grup.nom>
                                  </sn>
                                </sp>
                              </sp>
                            </grup.a>
                          </s.a>
                        </grup.nom>
                      </sn>
                    </sp>
                  </grup.nom>
                </sn>
              </sp>
            </sp>
            <f lem="'" pos="fz" punct="mathsign" wd="'"/>
          </S>
        </grup.nom>
      </sn>
    </sp>
    <f lem="." pos="fp" punct="period" wd="."/>
  </sentence>
  <sentence>
    <morfema.verbal func="pass">
      <p gen="c" lem="es" num="c" pos="p0000000" wd="Es"/>
    </morfema.verbal>
    <grup.verb>
      <v lem="preveure" lss="B22.unaccusative-passive-transitive" mood="indicative" num="s" person="3" pos="vmip3s0" postype="main" tense="present" wd="preveu"/>
    </grup.verb>
    <S arg="arg1" clausetype="completive" func="suj" tem="pat">
      <conj conjunctiontype="subordinating">
        <c lem="que" pos="cs" postype="subordinating" wd="que"/>
      </conj>
      <sn arg="arg1" func="suj" tem="pat">
        <spec gen="f" num="s">
          <d gen="f" lem="el" num="s" pos="da0fs0" postype="article" wd="la"/>
        </spec>
        <grup.nom gen="f" num="s">
          <s.a gen="f" num="s">
            <grup.a gen="f" num="s">
              <a gen="f" lem="nou" num="s" pos="aq0fs0" postype="qualificative" wd="nova"/>
            </grup.a>
          </s.a>
          <n gen="f" lem="publicació" num="s" pos="ncfs000" postype="common" sense="16:04944010" wd="publicació"/>
        </grup.nom>
      </sn>
      <grup.verb>
        <v lem="ser" mood="subjunctive" num="s" person="3" pos="vssp3s0" postype="semiauxiliary" tense="present" wd="sigui"/>
        <v gen="f" lem="distribuir" lss="B22.unaccusative-passive-transitive" mood="participle" num="s" pos="vmp00sf" postype="main" wd="distribuïda"/>
      </grup.verb>
      <sp arg="arg0" func="cag" tem="agt">
        <prep>
          <s contracted="yes" gen="m" lem="pel" num="s" pos="spcms" postype="preposition" wd="pel"/>
        </prep>
        <sn entityref="ne" ne="organization">
          <grup.nom gen="m" num="s">
            <n lem="Departament_de_Treball" ne="organization" pos="np0000o" postype="proper" sense="16:cs1" wd="Departament_de_Treball"/>
          </grup.nom>
        </sn>
      </sp>
      <sp arg="argM" func="cc" tem="adv">
        <prep>
          <s lem="entre" pos="sps00" postype="preposition" wd="entre"/>
        </prep>
        <sn complex="yes">
          <grup.nom coord="yes">
            <grup.nom gen="m" num="p">
              <n gen="c" lem="agent" num="p" pos="nccp000" postype="common" sense="16:07067167" wd="agents"/>
              <s.a gen="m" num="p">
                <grup.a gen="m" num="p">
                  <a gen="c" lem="social" num="p" pos="aq0cp0" postype="qualificative" wd="socials"/>
                </grup.a>
              </s.a>
            </grup.nom>
            <conj conjunctiontype="coordinating">
              <c lem="i" pos="cc" postype="coordinating" wd="i"/>
            </conj>
            <grup.nom gen="f" num="p">
              <n gen="f" lem="entitat" num="p" pos="ncfp000" postype="common" sense="16:00001740" wd="entitats"/>
              <S clausetype="participle" impersonal="yes">
                <participi>
                  <a gen="f" lem="relacionat" lss="B23.unaccusative-theme-cotheme" num="p" pos="aq0fpp" posfunction="participle" postype="qualificative" wd="relacionades"/>
                </participi>
                <sp arg="arg2" func="creg" tem="cot">
                  <prep>
                    <s lem="amb" pos="sps00" postype="preposition" wd="amb"/>
                  </prep>
                  <sn>
                    <spec gen="m" num="s">
                      <d gen="m" lem="el" num="s" pos="da0ms0" postype="article" wd="el"/>
                    </spec>
                    <grup.nom gen="m" num="s">
                      <n gen="m" lem="món" num="s" pos="ncms000" postype="common" sense="16:05957670" wd="món"/>
                      <sp>
                        <prep>
                          <s contracted="yes" gen="m" lem="del" num="s" pos="spcms" postype="preposition" wd="del"/>
                        </prep>
                        <sn>
                          <grup.nom gen="m" num="s">
                            <n gen="m" lem="treball" num="s" pos="ncms000" postype="common" sense="16:00383807" wd="treball"/>
                          </grup.nom>
                        </sn>
                      </sp>
                    </grup.nom>
                  </sn>
                </sp>
              </S>
            </grup.nom>
          </grup.nom>
        </sn>
      </sp>
    </S>
    <f lem="." pos="fp" punct="period" wd="."/>
  </sentence>
  <sentence>
    <sp arg="argM" func="cc" tem="tmp">
      <prep>
        <s lem="a_partir_de" pos="sps00" postype="preposition" wd="A_partir_de"/>
      </prep>
      <sn entityref="ne" ne="date">
        <grup.nom gen="m" num="s">
          <w lem="[dilluns:05/??/??:??.??]" ne="date" wd="dilluns_,_dia_5"/>
        </grup.nom>
      </sn>
      <f lem="," pos="fc" punct="comma" wd=","/>
    </sp>
    <sn arg="arg1" elliptic="yes" func="suj" tem="pat"/>
    <sadv func="mod">
      <grup.adv>
        <r lem="també" pos="rg" wd="també"/>
      </grup.adv>
    </sadv>
    <morfema.verbal func="pass">
      <p gen="c" lem="es" num="c" pos="p0000000" wd="es"/>
    </morfema.verbal>
    <grup.verb>
      <v lem="poder" mood="indicative" num="s" person="3" pos="vmif3s0" postype="main" tense="future" wd="podrà"/>
      <infinitiu>
        <v lem="adquirir" lss="B22.unaccusative-passive-transitive" mood="infinitive" pos="vmn0000" postype="main" wd="adquirir"/>
      </infinitiu>
    </grup.verb>
    <sp arg="argM" func="cc" tem="loc">
      <prep>
        <s lem="a" pos="sps00" postype="preposition" wd="a"/>
      </prep>
      <sn>
        <spec gen="f" num="p">
          <d gen="f" lem="el" num="p" pos="da0fp0" postype="article" wd="les"/>
        </spec>
        <grup.nom gen="f" num="p">
          <n gen="f" lem="llibreria" num="p" pos="ncfp000" postype="common" sense="16:02314365" wd="llibreries"/>
          <sp>
            <prep>
              <s lem="de" pos="sps00" postype="preposition" wd="de"/>
            </prep>
            <sn entityref="ne" ne="organization">
              <spec gen="f" num="s">
                <d gen="f" lem="el" num="s" pos="da0fs0" postype="article" wd="la"/>
              </spec>
              <grup.nom gen="f" num="s">
                <n lem="Generalitat" ne="organization" pos="np0000o" postype="proper" sense="16:cs1" wd="Generalitat"/>
              </grup.nom>
            </sn>
          </sp>
        </grup.nom>
      </sn>
    </sp>
    <sp arg="argM" func="cc" tem="mnr">
      <prep>
        <s lem="a" pos="sps00" postype="preposition" wd="a"/>
      </prep>
      <sn>
        <spec gen="m" num="s">
          <d gen="m" lem="un" num="s" pos="dn0ms0" postype="numeral" wd="un"/>
        </spec>
        <grup.nom gen="m" num="s">
          <n gen="m" lem="preu" num="s" pos="ncms000" postype="common" sense="16:09576753" wd="preu"/>
          <sp>
            <prep>
              <s lem="de" pos="sps00" postype="preposition" wd="de"/>
            </prep>
            <sn entityref="ne" ne="number">
              <spec gen="f" num="p">
                <z lem="2500" ne="number" wd="2.500"/>
              </spec>
              <grup.nom gen="f" num="p">
                <z lem="pesseta" ne="number" pos="zm" postype="currency" wd="pessetes"/>
              </grup.nom>
            </sn>
          </sp>
        </grup.nom>
      </sn>
    </sp>
    <f lem="." pos="fp" punct="period" wd="."/>
  </sentence>
  <sentence>
    <sn arg="arg1" func="suj" tem="tem">
      <spec gen="m" num="p">
        <d gen="c" lem="altre" num="p" pos="di0cp0" postype="indefinite" wd="Altres"/>
      </spec>
      <grup.nom gen="m" num="p">
        <n gen="m" lem="diccionari" num="p" pos="ncmp000" postype="common" sense="16:04837766" wd="diccionaris"/>
        <S clausetype="participle" impersonal="yes">
          <participi>
            <a gen="m" lem="elaborat" lss="B22.unaccusative-passive-transitive" num="p" pos="aq0mpp" posfunction="participle" postype="qualificative" wd="elaborats"/>
          </participi>
          <sp arg="arg0" func="cag" tem="agt">
            <prep>
              <s contracted="yes" gen="m" lem="pel" num="s" pos="spcms" postype="preposition" wd="pel"/>
            </prep>
            <sn entityref="ne" ne="organization">
              <grup.nom gen="m" num="s">
                <n lem="Servei_de_Terminologia" ne="organization" pos="np0000o" postype="proper" sense="16:cs1" wd="Servei_de_Terminologia"/>
                <sn entityref="ne" ne="organization">
                  <grup.nom gen="m" num="s">
                    <n lem="TERMCAT" ne="organization" pos="np0000o" postype="proper" sense="16:cs1" wd="TERMCAT"/>
                  </grup.nom>
                </sn>
              </grup.nom>
            </sn>
          </sp>
        </S>
        <sp>
          <prep>
            <s lem="de" pos="sps00" postype="preposition" wd="de"/>
          </prep>
          <sn>
            <spec gen="m" num="s">
              <d gen="c" lem="el" num="s" pos="da0cs0" postype="article" wd="l'"/>
            </spec>
            <grup.nom gen="m" num="s">
              <n gen="m" lem="àmbit" num="s" pos="ncms000" postype="common" sense="16:10409788" wd="àmbit"/>
              <sp>
                <prep>
                  <s lem="de" pos="sps00" postype="preposition" wd="de"/>
                </prep>
                <sn coord="yes">
                  <sn>
                    <spec gen="f" num="s">
                      <d gen="c" lem="el" num="s" pos="da0cs0" postype="article" wd="l'"/>
                    </spec>
                    <grup.nom gen="f" num="s">
                      <n gen="f" lem="economia" num="s" pos="ncfs000" postype="common" sense="16:04674380" wd="economia"/>
                    </grup.nom>
                  </sn>
                  <conj conjunctiontype="coordinating">
                    <c lem="i" pos="cc" postype="coordinating" wd="i"/>
                  </conj>
                  <sn>
                    <spec gen="f" num="s">
                      <d gen="c" lem="el" num="s" pos="da0cs0" postype="article" wd="l'"/>
                    </spec>
                    <grup.nom gen="f" num="s">
                      <n gen="f" lem="empresa" num="s" pos="ncfs000" postype="common" sense="16:06004580" wd="empresa"/>
                    </grup.nom>
                  </sn>
                </sn>
              </sp>
            </grup.nom>
          </sn>
        </sp>
      </grup.nom>
    </sn>
    <grup.verb>
      <v lem="ser" lss="C21.state-attributive" mood="indicative" num="p" person="3" pos="vmip3p0" postype="main" tense="present" wd="són"/>
    </grup.verb>
    <sn arg="arg2" coord="yes" func="atr" tem="atr">
      <sn>
        <spec gen="m" num="s">
          <d gen="m" lem="el" num="s" pos="da0ms0" postype="article" wd="el"/>
        </spec>
        <grup.nom gen="m" num="s">
          <n lem="Diccionari_d'economia_i_empresa" ne="other" pos="np0000a" postype="proper" sense="16:cs1" wd="Diccionari_d'economia_i_empresa"/>
        </grup.nom>
      </sn>
      <f lem="," pos="fc" punct="comma" wd=","/>
      <sn>
        <spec gen="m" num="s">
          <d gen="m" lem="el" num="s" pos="da0ms0" postype="article" wd="el"/>
        </spec>
        <grup.nom gen="m" num="s">
          <n lem="Diccionari_de_comunicació_empresarial" ne="other" pos="np0000a" postype="proper" sense="16:cs1" wd="Diccionari_de_comunicació_empresarial"/>
          <sp>
            <prep>
              <s lem="de" pos="sps00" postype="preposition" wd="de"/>
            </prep>
            <sn entityref="ne" ne="other">
              <grup.nom>
                <n lem="Publicitat_,_relacions_públiques_i_màrqueting" ne="other" pos="np0000a" postype="proper" sense="16:cs1" wd="Publicitat_,_relacions_públiques_i_màrqueting"/>
              </grup.nom>
            </sn>
          </sp>
        </grup.nom>
      </sn>
      <f lem="," pos="fc" punct="comma" wd=","/>
      <sn>
        <spec gen="m" num="s">
          <d gen="m" lem="el" num="s" pos="da0ms0" postype="article" wd="el"/>
        </spec>
        <grup.nom gen="m" num="s">
          <n lem="Diccionari_d'_auditoria_i_comptabilitat" ne="other" pos="np0000a" postype="proper" sense="16:cs1" wd="Diccionari_d'_auditoria_i_comptabilitat"/>
        </grup.nom>
      </sn>
      <conj conjunctiontype="coordinating">
        <c lem="i" pos="cc" postype="coordinating" wd="i"/>
      </conj>
      <sn>
        <spec gen="m" num="s">
          <d gen="m" lem="el" num="s" pos="da0ms0" postype="article" wd="el"/>
        </spec>
        <grup.nom discid="1n" gen="m" num="s">
          <n lem="Diccionari_d'_assegurances_:_terminologia_i_fraseologia" ne="other" pos="np0000a" postype="proper" sense="16:cs1" wd="Diccionari_d'_assegurances_:_terminologia_i_fraseologia"/>
        </grup.nom>
      </sn>
      <sn discid="1c">
        <f lem="," pos="fc" punct="comma" wd=","/>
        <spec gen="m" num="p">
          <d gen="m" lem="aquest" num="p" pos="dd0mp0" postype="demonstrative" wd="aquests"/>
          <d gen="m" lem="dos" num="p" pos="dn0mp0" postype="numeral" wd="dos"/>
        </spec>
        <grup.nom gen="m" num="p">
          <s.a gen="m" num="p">
            <grup.a gen="m" num="p">
              <a gen="m" lem="últim" num="p" pos="ao0mp0" postype="ordinal" wd="últims"/>
            </grup.a>
          </s.a>
          <S clausetype="participle" impersonal="yes">
            <participi>
              <a gen="m" lem="editat" lss="B22.unaccusative-passive-transitive" num="p" pos="aq0mpp" posfunction="participle" postype="qualificative" wd="editats"/>
            </participi>
            <sp arg="argM" func="cc" tem="mnr">
              <prep>
                <s lem="en" pos="sps00" postype="preposition" wd="en"/>
              </prep>
              <sn>
                <grup.nom gen="m" num="s">
                  <n gen="m" lem="suport" num="s" pos="ncms000" postype="common" sense="16:04015637" wd="suport"/>
                  <s.a gen="m" num="s">
                    <grup.a gen="m" num="s">
                      <a gen="m" lem="electrònic" num="s" pos="aq0ms0" postype="qualificative" wd="electrònic"/>
                    </grup.a>
                  </s.a>
                </grup.nom>
              </sn>
            </sp>
          </S>
        </grup.nom>
      </sn>
    </sn>
    <f lem="." pos="fp" punct="period" wd="."/>
  </sentence>
</article>
