<?xml version="1.0" encoding="UTF-8" standalone="no"?>
<!-- 

  ancora-2.0
       
			Copyright (C) 2007, 2008, 2009, 2010, 2011 UB - CLiC
			Centre de Llenguatge i Computació - Universitat de Barcelona
 
  This file is part of ancora-2.0.
 
  ancora-2.0 is free software and data: you can redistribute it and/or modify
  it under the terms of the GNU General Public License as published
  by the Free Software Foundation, either version 3 of the License,
  or (at your option) any later version.

  ancora-2.0 is distributed in the hope that it will be useful,
  but WITHOUT ANY WARRANTY; without even the implied warranty of
  MERCHANTABILITY or FITNESS FOR A PARTICULAR PURPOSE.  See the
  GNU General Public License for more details.
 
  You should have received a copy of the GNU General Public License
  along with ancora-2.0.  If not, see &lt;http://www.gnu.org/licenses/&gt;.
 
  Check a text in catalan explaining the terms of the license at http://www.softcatala.cat/wiki/GPL3.
  In spanish at http://www.viti.es/gnu/licenses/gpl.html
 

  The following paper must be cited when using this corpus:

 * Taulé, M., M.A. Martí, M. Recasens (2008) 'Ancora: Multilevel Annotated Corpora for Catalan and Spanish',
   Proceedings of 6th International Conference on Language Resources and Evaluation. Marrakesh (Morocco).

  In addition, the following paper must be cited if coreference information (attributes entity, coreftype,
  corefsubtype, homophoricDD or entityref) is used:

 * Recasens, Marta, M. Antònia Martí (2010) ‘AnCora-CO: Coreferentially annotated corpora for Spanish and
   Catalan’. Language Resources and Evaluation, Springer Science.

  Additionally, the following paper must be cited when argumental attributes in "sn" or "grup.nom"
  (attributes func, arg, tem or lexicalid) are used:

 * Peris, Aina, Mariona Taulé, Horacio Rodríguez (2010) ‘Semantic Annotation of Deverbal Nominalizations in the
   Spanish AnCora corpus’. Treebanks and Linguistic Theories (TLT-2010), Estonia.
-->
<article lng="ca">
  <sentence>
    <sn arg="arg0" entityref="ne" func="suj" ne="organization" tem="agt">
      <spec gen="f" num="s">
        <d gen="c" lem="el" num="s" pos="da0cs0" postype="article" wd="L'"/>
      </spec>
      <grup.nom gen="f" num="s">
        <n lem="Audiència_de_Barcelona" ne="organization" pos="np0000o" postype="proper" sense="16:cs1" wd="Audiència_de_Barcelona"/>
      </grup.nom>
    </sn>
    <grup.verb>
      <v lem="haver" mood="indicative" num="s" person="3" pos="vaip3s0" postype="auxiliary" tense="present" wd="ha"/>
      <v gen="m" lem="absoldre" lss="A21.transitive-agentive-patient" mood="participle" num="s" pos="vmp00sm" postype="main" wd="absolt"/>
    </grup.verb>
    <sn arg="arg1" func="cd" tem="pat">
      <spec gen="m" num="s">
        <d gen="m" lem="un" num="s" pos="dn0ms0" postype="numeral" wd="un"/>
      </spec>
      <grup.nom gen="m" num="s">
        <n gen="m" lem="home" num="s" pos="ncms000" postype="common" sense="16:07391044" wd="home"/>
        <S clausetype="participle" impersonal="yes">
          <participi>
            <a gen="m" lem="acusat" lss="B22.unaccusative-passive-transitive" num="s" pos="aq0msp" posfunction="participle" postype="qualificative" wd="acusat"/>
          </participi>
          <sp arg="arg2" func="creg" tem="tem">
            <prep>
              <s lem="de" pos="sps00" postype="preposition" wd="de"/>
            </prep>
            <sn complex="yes">
              <grup.nom coord="yes">
                <grup.nom gen="f" num="s">
                  <n gen="f" lem="falsedat" num="s" pos="ncfs000" postype="common" sense="16:00483936" wd="falsedat"/>
                </grup.nom>
                <conj conjunctiontype="coordinating">
                  <c lem="i" pos="cc" postype="coordinating" wd="i"/>
                </conj>
                <grup.nom gen="f" num="s">
                  <n gen="f" lem="estafa" num="s" pos="ncfs000" postype="common" sense="16:00486495" wd="estafa"/>
                </grup.nom>
              </grup.nom>
            </sn>
          </sp>
          <sp arg="argM" func="cc" tem="cau">
            <prep>
              <s lem="per" pos="sps00" postype="preposition" wd="per"/>
            </prep>
            <S clausetype="completive" impersonal="yes">
              <infinitiu>
                <v lem="utilitzar" lss="A21.transitive-agentive-patient" mood="infinitive" pos="vmn0000" postype="main" wd="utilitzar"/>
              </infinitiu>
              <sp arg="argM" func="cc" tem="loc">
                <prep>
                  <s lem="en" pos="sps00" postype="preposition" wd="en"/>
                </prep>
                <sn>
                  <spec gen="m" num="p">
                    <d gen="m" lem="divers" num="p" pos="di0mp0" postype="indefinite" wd="diversos"/>
                  </spec>
                  <grup.nom gen="m" num="p">
                    <n gen="m" lem="local" num="p" pos="ncmp000" postype="common" sense="16:06356389" wd="locals"/>
                    <sp>
                      <prep>
                        <s contracted="yes" gen="m" lem="del" num="s" pos="spcms" postype="preposition" wd="del"/>
                      </prep>
                      <sn entityref="ne" ne="location">
                        <grup.nom gen="m" num="s">
                          <n lem="Baix_Llobregat" ne="location" pos="np0000l" postype="proper" sense="16:cs1" wd="Baix_Llobregat"/>
                        </grup.nom>
                      </sn>
                    </sp>
                  </grup.nom>
                </sn>
              </sp>
              <sn arg="arg1" func="cd" tem="pat">
                <spec gen="f" num="s">
                  <d gen="f" lem="el" num="s" pos="da0fs0" postype="article" wd="la"/>
                </spec>
                <grup.nom gen="f" num="s">
                  <n gen="f" lem="tarja" num="s" pos="ncfs000" postype="common" sense="16:cs3" wd="tarja"/>
                  <sp>
                    <prep>
                      <s lem="de" pos="sps00" postype="preposition" wd="de"/>
                    </prep>
                    <sn>
                      <grup.nom gen="m" num="s">
                        <n gen="m" lem="crèdit" num="s" pos="ncms000" postype="common" sense="16:cs3" wd="crèdit"/>
                      </grup.nom>
                    </sn>
                  </sp>
                  <S clausetype="participle" impersonal="yes">
                    <participi>
                      <a gen="f" lem="sostreure" lss="B22.unaccusative-passive-transitive" num="s" pos="aq0fsp" posfunction="participle" postype="qualificative" wd="sostreta"/>
                    </participi>
                    <sp arg="arg2" func="ci" tem="ben">
                      <prep>
                        <s lem="a" pos="sps00" postype="preposition" wd="a"/>
                      </prep>
                      <sn>
                        <spec gen="f" num="s">
                          <d gen="f" lem="un" num="s" pos="di0fs0" postype="indefinite" wd="una"/>
                        </spec>
                        <grup.nom gen="f" num="s">
                          <n gen="f" lem="dona" num="s" pos="ncfs000" postype="common" sense="16:07684780" wd="dona"/>
                        </grup.nom>
                      </sn>
                    </sp>
                  </S>
                </grup.nom>
              </sn>
            </S>
          </sp>
        </S>
      </grup.nom>
    </sn>
    <S arg="argM" clausetype="adverbial" coord="yes" func="cc" tem="cau">
      <f lem="," pos="fc" punct="comma" wd=","/>
      <conj conjunctiontype="subordinating">
        <c lem="perquè" pos="cs" postype="subordinating" wd="perquè"/>
      </conj>
      <S clausetype="adverbial">
        <sn arg="arg0" func="suj" tem="agt">
          <spec gen="m" num="s">
            <d gen="m" lem="el" num="s" pos="da0ms0" postype="article" wd="el"/>
          </spec>
          <grup.nom gen="m" num="s">
            <n gen="m" lem="venedor" num="s" pos="ncms000" postype="common" sense="16:07571936" wd="venedor"/>
          </grup.nom>
        </sn>
        <grup.verb>
          <v lem="haver" mood="indicative" num="s" person="3" pos="vaii3s0" postype="auxiliary" tense="imperfect" wd="havia"/>
          <s lem="de" pos="sps00" postype="preposition" wd="de"/>
          <infinitiu>
            <v lem="comprovar" lss="A21.transitive-agentive-patient" mood="infinitive" pos="vmn0000" postype="main" wd="comprovar"/>
          </infinitiu>
        </grup.verb>
        <S arg="arg1" clausetype="completive" func="cd" tem="pat">
          <conj conjunctiontype="subordinating">
            <c lem="que" pos="cs" postype="subordinating" wd="que"/>
          </conj>
          <sn arg="arg1" func="suj" tem="tem">
            <spec gen="f" num="s">
              <d gen="f" lem="el" num="s" pos="da0fs0" postype="article" wd="la"/>
            </spec>
            <grup.nom gen="f" num="s">
              <n gen="f" lem="tarja" num="s" pos="ncfs000" postype="common" sense="16:04976462" wd="tarja"/>
            </grup.nom>
          </sn>
          <grup.verb>
            <v lem="correspondre" lss="C11.state-existential" mood="indicative" num="s" person="3" pos="vmii3s0" postype="main" tense="imperfect" wd="corresponia"/>
          </grup.verb>
          <sp arg="arg2" func="ci" tem="ben">
            <prep>
              <s contracted="yes" gen="m" lem="al" num="s" pos="spcms" postype="preposition" wd="al"/>
            </prep>
            <sn>
              <grup.nom gen="m" num="s">
                <n gen="m" lem="processat" num="s" pos="ncms000" postype="common" sense="16:cs1" wd="processat"/>
              </grup.nom>
            </sn>
          </sp>
        </S>
        <f lem="," pos="fc" punct="comma" wd=","/>
      </S>
      <conj conjunctiontype="coordinating">
        <c lem="i" pos="cc" postype="coordinating" wd="i"/>
      </conj>
      <S clausetype="adverbial">
        <grup.verb>
          <v lem="ser" lss="C21.state-attributive" mood="indicative" num="s" person="3" pos="vmii3s0" postype="main" tense="imperfect" wd="era"/>
        </grup.verb>
        <sa arg="arg2" func="atr" tem="atr">
          <grup.a>
            <a gen="c" lem="evident" num="s" pos="aq0cs0" postype="qualificative" wd="evident"/>
          </grup.a>
        </sa>
        <sp arg="argM" func="cc" tem="adv">
          <f lem="'" pos="fz" punct="mathsign" wd="'"/>
          <prep>
            <s lem="per" pos="sps00" postype="preposition" wd="per"/>
          </prep>
          <sp>
            <prep>
              <s lem="a" pos="sps00" postype="preposition" wd="a"/>
            </prep>
            <sn>
              <spec gen="f" num="s">
                <d gen="c" lem="qualsevol" num="s" pos="di0cs0" postype="indefinite" wd="qualsevol"/>
              </spec>
              <grup.nom gen="f" num="s">
                <n gen="f" lem="persona" num="s" pos="ncfs000" postype="common" sense="16:00004123" wd="persona"/>
                <sp>
                  <prep>
                    <s lem="amb" pos="sps00" postype="preposition" wd="amb"/>
                  </prep>
                  <sn>
                    <spec gen="m" num="s">
                      <d gen="m" lem="un" num="s" pos="di0ms0" postype="indefinite" wd="un"/>
                    </spec>
                    <grup.nom gen="m" num="s">
                      <n gen="m" lem="nivell" num="s" pos="ncms000" postype="common" sense="16:03973686" wd="nivell"/>
                      <s.a gen="m" num="s">
                        <grup.a gen="m" num="s">
                          <a gen="c" lem="cultural" num="s" pos="aq0cs0" postype="qualificative" wd="cultural"/>
                        </grup.a>
                      </s.a>
                      <s.a gen="m" num="s">
                        <grup.a gen="m" num="s">
                          <a gen="m" lem="mitjà" num="s" pos="aq0ms0" postype="qualificative" wd="mitjà"/>
                        </grup.a>
                      </s.a>
                    </grup.nom>
                  </sn>
                </sp>
              </grup.nom>
            </sn>
          </sp>
          <f lem="'" pos="fz" punct="mathsign" wd="'"/>
        </sp>
        <S arg="arg1" clausetype="completive" func="suj" tem="tem">
          <conj conjunctiontype="subordinating">
            <c lem="que" pos="cs" postype="subordinating" wd="que"/>
          </conj>
          <sn arg="arg1" func="suj" tem="tem">
            <spec gen="m" num="s">
              <d gen="m" lem="el" num="s" pos="da0ms0" postype="article" wd="el"/>
            </spec>
            <grup.nom gen="m" num="s">
              <n gen="m" lem="processat" num="s" pos="ncms000" postype="common" sense="16:cs1" wd="processat"/>
            </grup.nom>
          </sn>
          <neg func="mod">
            <r lem="no" pos="rn" postype="negative" wd="no"/>
          </neg>
          <grup.verb>
            <v lem="ser" lss="C21.state-attributive" mood="indicative" num="s" person="3" pos="vmii3s0" postype="main" tense="imperfect" wd="era"/>
          </grup.verb>
          <sn arg="arg2" func="atr" tem="atr">
            <spec gen="f" num="s">
              <d gen="f" lem="un" num="s" pos="di0fs0" postype="indefinite" wd="una"/>
            </spec>
            <grup.nom gen="f" num="s">
              <n gen="f" lem="dona" num="s" pos="ncfs000" postype="common" sense="16:07684780" wd="dona"/>
            </grup.nom>
          </sn>
        </S>
      </S>
    </S>
    <f lem="." pos="fp" punct="period" wd="."/>
  </sentence>
  <sentence>
    <sn arg="arg0" func="suj" tem="agt">
      <spec gen="m" num="s">
        <d gen="m" lem="el" num="s" pos="da0ms0" postype="article" wd="El"/>
      </spec>
      <grup.nom gen="m" num="s">
        <n gen="m" lem="tribunal" num="s" pos="ncms000" postype="common" sense="16:06176884" wd="tribunal"/>
        <sp>
          <prep>
            <s lem="de" pos="sps00" postype="preposition" wd="de"/>
          </prep>
          <sn entityref="ne" ne="organization">
            <spec gen="f" num="s">
              <d gen="f" lem="el" num="s" pos="da0fs0" postype="article" wd="la"/>
            </spec>
            <grup.nom gen="f" num="s">
              <n gen="f" lem="secció" num="s" pos="ncfs000" postype="common" sense="16:06102171" wd="secció"/>
              <s.a gen="f" num="s">
                <grup.a gen="f" num="s">
                  <a gen="f" lem="segon" num="s" pos="ao0fs0" postype="ordinal" wd="segona"/>
                </grup.a>
              </s.a>
            </grup.nom>
          </sn>
        </sp>
      </grup.nom>
    </sn>
    <grup.verb>
      <v lem="considerar" lss="A21.transitive-agentive-patient" mood="indicative" num="s" person="3" pos="vmip3s0" postype="main" tense="present" wd="considera"/>
    </grup.verb>
    <S arg="arg1" clausetype="completive" func="cd" tem="pat">
      <conj conjunctiontype="subordinating">
        <c lem="que" pos="cs" postype="subordinating" wd="que"/>
      </conj>
      <sn arg="arg0" entityref="ne" func="suj" ne="person" tem="agt">
        <spec gen="m" num="s">
          <d gen="m" lem="el" num="s" pos="da0ms0" postype="article" wd="el"/>
        </spec>
        <grup.nom gen="m" num="s">
          <n gen="m" lem="processat" num="s" pos="ncms000" postype="common" sense="16:cs1" wd="processat"/>
          <sn entityref="ne" ne="person">
            <f lem="," pos="fc" punct="comma" wd=","/>
            <grup.nom gen="m" num="s">
              <n lem="Fèlix_G.S." ne="person" pos="np0000p" postype="proper" sense="16:cs1" wd="Fèlix_G.S."/>
            </grup.nom>
            <f lem="," pos="fc" punct="comma" wd=","/>
          </sn>
          <sp>
            <prep>
              <s lem="de" pos="sps00" postype="preposition" wd="de"/>
            </prep>
            <sn>
              <spec gen="m" num="p">
                <z lem="43" ne="number" wd="43"/>
              </spec>
              <grup.nom gen="m" num="p">
                <n gen="m" lem="any" num="p" pos="ncmp000" postype="common" sense="16:10917509" wd="anys"/>
                <sp>
                  <prep>
                    <s lem="de" pos="sps00" postype="preposition" wd="d'"/>
                  </prep>
                  <sn>
                    <grup.nom gen="f" num="s">
                      <n gen="f" lem="edat" num="s" pos="ncfs000" postype="common" sense="16:03853114" wd="edat"/>
                    </grup.nom>
                  </sn>
                </sp>
              </grup.nom>
            </sn>
          </sp>
        </grup.nom>
        <f lem="," pos="fc" punct="comma" wd=","/>
      </sn>
      <grup.verb>
        <v lem="anar" mood="indicative" num="s" person="3" pos="vaip3s0" postype="auxiliary" tense="present" wd="va"/>
        <v lem="utilitzar" lss="A21.transitive-agentive-patient" mood="infinitive" pos="vmn0000" postype="main" wd="utilitzar"/>
      </grup.verb>
      <sn arg="arg1" func="cd" tem="pat">
        <spec gen="f" num="s">
          <d gen="f" lem="el" num="s" pos="da0fs0" postype="article" wd="la"/>
        </spec>
        <grup.nom gen="f" num="s">
          <n gen="f" lem="tarja" num="s" pos="ncfs000" postype="common" sense="16:cs3" wd="tarja"/>
          <sp>
            <prep>
              <s lem="de" pos="sps00" postype="preposition" wd="de"/>
            </prep>
            <sn>
              <grup.nom gen="m" num="s">
                <n gen="m" lem="crèdit" num="s" pos="ncms000" postype="common" sense="16:cs3" wd="crèdit"/>
              </grup.nom>
            </sn>
          </sp>
          <sp>
            <prep>
              <s lem="de" pos="sps00" postype="preposition" wd="d'"/>
            </prep>
            <sn>
              <spec gen="f" num="s">
                <d gen="f" lem="un" num="s" pos="di0fs0" postype="indefinite" wd="una"/>
              </spec>
              <grup.nom gen="f" num="s">
                <n gen="f" lem="ciutadana" num="s" pos="ncfs000" postype="common" sense="16:cs1" wd="ciutadana"/>
                <s.a gen="f" num="s">
                  <grup.a gen="f" num="s">
                    <a gen="f" lem="francès" num="s" pos="aq0fs0" postype="qualificative" wd="francesa"/>
                  </grup.a>
                </s.a>
              </grup.nom>
            </sn>
          </sp>
          <S clausetype="relative">
            <f lem="," pos="fc" punct="comma" wd=","/>
            <relatiu arg="arg1" func="suj" tem="tem">
              <p gen="c" lem="que" num="c" pos="pr0cn000" postype="relative" wd="que"/>
            </relatiu>
            <grup.verb>
              <v lem="haver" mood="indicative" num="s" person="3" pos="vaii3s0" postype="auxiliary" tense="imperfect" wd="havia"/>
              <v gen="m" lem="estar" mood="participle" num="s" pos="vmp00sm" postype="main" wd="estat"/>
              <v gen="f" lem="sostreure" lss="C11.state-existential" mood="participle" num="s" pos="vmp00sf" postype="main" wd="sostreta"/>
            </grup.verb>
            <sp arg="arg0" func="cag" tem="agt">
              <prep>
                <s lem="per" pos="sps00" postype="preposition" wd="per"/>
              </prep>
              <sn>
                <grup.nom gen="f" num="p">
                  <n gen="f" lem="persona" num="p" pos="ncfp000" postype="common" sense="16:00004123" wd="persones"/>
                  <S clausetype="participle" impersonal="yes">
                    <participi>
                      <a gen="f" lem="desconegut" num="p" pos="aq0fpp" posfunction="participle" postype="qualificative" wd="desconegudes"/>
                    </participi>
                  </S>
                </grup.nom>
              </sn>
            </sp>
            <sp arg="arg2" func="ci" tem="ben">
              <prep>
                <s lem="a" pos="sps00" postype="preposition" wd="a"/>
              </prep>
              <sn>
                <spec gen="f" num="s">
                  <d gen="f" lem="el_seu" num="s" person="3" pos="dp3fs0" postype="possessive" wd="la_seva"/>
                </spec>
                <grup.nom gen="f" num="s">
                  <n gen="c" lem="titular" num="s" pos="nccs000" postype="common" sense="16:cs1" wd="titular"/>
                </grup.nom>
              </sn>
            </sp>
            <f lem="," pos="fc" punct="comma" wd=","/>
          </S>
        </grup.nom>
      </sn>
      <sp arg="argM" func="cc" tem="adv">
        <prep>
          <s lem="en" pos="sps00" postype="preposition" wd="en"/>
        </prep>
        <sn>
          <spec gen="f" num="s">
            <d gen="f" lem="el" num="s" pos="da0fs0" postype="article" wd="la"/>
          </spec>
          <grup.nom gen="f" num="s">
            <n gen="f" lem="compra" num="s" pos="ncfs000" postype="common" sense="16:00049855" wd="compra"/>
            <sp>
              <prep>
                <s lem="de" pos="sps00" postype="preposition" wd="de"/>
              </prep>
              <sn complex="yes">
                <grup.nom coord="yes">
                  <grup.nom gen="m" num="s">
                    <n gen="m" lem="tabac" num="s" pos="ncms000" postype="common" sense="16:03510496" wd="tabac"/>
                  </grup.nom>
                  <conj conjunctiontype="coordinating">
                    <c lem="i" pos="cc" postype="coordinating" wd="i"/>
                  </conj>
                  <grup.nom gen="f" num="p">
                    <n gen="f" lem="beguda" num="p" pos="ncfp000" postype="common" sense="16:05908749" wd="begudes"/>
                    <s.a gen="f" num="p">
                      <grup.a gen="f" num="p">
                        <a gen="f" lem="alcohòlic" num="p" pos="aq0fp0" postype="qualificative" wd="alcohòliques"/>
                      </grup.a>
                    </s.a>
                  </grup.nom>
                </grup.nom>
              </sn>
            </sp>
          </grup.nom>
        </sn>
      </sp>
      <sp arg="argM" func="cc" tem="loc">
        <prep>
          <s lem="a" pos="sps00" postype="preposition" wd="a"/>
        </prep>
        <sn>
          <spec gen="f" num="p">
            <d gen="f" lem="divers" num="p" pos="di0fp0" postype="indefinite" wd="diverses"/>
          </spec>
          <grup.nom gen="f" num="p">
            <n gen="f" lem="estació" num="p" pos="ncfp000" postype="common" sense="16:cs3" wd="estacions"/>
            <sp>
              <prep>
                <s lem="de" pos="sps00" postype="preposition" wd="de"/>
              </prep>
              <sn>
                <grup.nom gen="m" num="s">
                  <n gen="m" lem="servei" num="s" pos="ncms000" postype="common" sense="16:cs3" wd="servei"/>
                </grup.nom>
              </sn>
            </sp>
            <sp>
              <prep>
                <s lem="de" pos="sps00" postype="preposition" wd="de"/>
              </prep>
              <sn entityref="ne" ne="location">
                <spec gen="f" num="s">
                  <d gen="f" lem="el" num="s" pos="da0fs0" postype="article" wd="la"/>
                </spec>
                <grup.nom gen="f" num="s">
                  <n gen="f" lem="comarca" num="s" pos="ncfs000" postype="common" sense="16:50004760" wd="comarca"/>
                  <sp>
                    <prep>
                      <s contracted="yes" gen="m" lem="del" num="s" pos="spcms" postype="preposition" wd="del"/>
                    </prep>
                    <sn entityref="ne" ne="location">
                      <grup.nom gen="m" num="s">
                        <n lem="Baix_Llobregat" ne="location" pos="np0000l" postype="proper" sense="16:cs1" wd="Baix_Llobregat"/>
                      </grup.nom>
                    </sn>
                  </sp>
                </grup.nom>
              </sn>
            </sp>
          </grup.nom>
        </sn>
      </sp>
      <sp arg="argM" func="cc" tem="tmp">
        <prep>
          <s lem="entre" pos="sps00" postype="preposition" wd="entre"/>
        </prep>
        <sn complex="yes" entityref="ne" ne="date">
          <spec gen="m" num="p">
            <d gen="m" lem="el" num="p" pos="da0mp0" postype="article" wd="els"/>
          </spec>
          <grup.nom coord="yes">
            <grup.nom gen="m" num="s">
              <w lem="[??:09/??/??:??.??]" ne="date" wd="dies_9"/>
            </grup.nom>
            <conj conjunctiontype="coordinating">
              <c lem="i" pos="cc" postype="coordinating" wd="i"/>
            </conj>
            <grup.nom gen="m" num="s">
              <w lem="[??:17/7/??:??.??]" ne="date" wd="17_de_juliol"/>
            </grup.nom>
          </grup.nom>
        </sn>
      </sp>
    </S>
    <f lem="." pos="fp" punct="period" wd="."/>
  </sentence>
  <sentence coord="yes">
    <S>
      <sn arg="arg0" func="suj" tem="agt">
        <spec gen="m" num="s">
          <d gen="m" lem="el" num="s" pos="da0ms0" postype="article" wd="El"/>
        </spec>
        <grup.nom gen="m" num="s">
          <n gen="m" lem="processat" num="s" pos="ncms000" postype="common" sense="16:cs1" wd="processat"/>
        </grup.nom>
      </sn>
      <grup.verb>
        <v lem="aparentar" lss="A21.transitive-agentive-patient" mood="indicative" num="s" person="3" pos="vmii3s0" postype="main" tense="imperfect" wd="aparentava"/>
      </grup.verb>
      <S arg="arg1" clausetype="completive" func="cd" impersonal="yes" tem="pat">
        <infinitiu>
          <v lem="ser" lss="C21.state-attributive" mood="infinitive" pos="vmn0000" postype="main" wd="ser"/>
        </infinitiu>
        <sn arg="arg2" func="atr" tem="atr">
          <spec gen="m" num="s">
            <d gen="m" lem="el" num="s" pos="da0ms0" postype="article" wd="el"/>
          </spec>
          <grup.nom gen="m" num="s">
            <n gen="c" lem="titular" num="s" pos="nccs000" postype="common" sense="16:cs1" wd="titular"/>
            <sp>
              <prep>
                <s lem="de" pos="sps00" postype="preposition" wd="de"/>
              </prep>
              <sn>
                <spec gen="f" num="s">
                  <d gen="f" lem="el" num="s" pos="da0fs0" postype="article" wd="la"/>
                </spec>
                <grup.nom gen="f" num="s">
                  <n gen="f" lem="tarja" num="s" pos="ncfs000" postype="common" sense="16:04976462" wd="tarja"/>
                </grup.nom>
              </sn>
            </sp>
          </grup.nom>
        </sn>
      </S>
    </S>
    <f lem="," pos="fc" punct="comma" wd=","/>
    <S>
      <sn arg="arg0" elliptic="yes" func="suj" tem="agt"/>
      <grup.verb>
        <v lem="signar" lss="A21.transitive-agentive-patient" mood="indicative" num="s" person="3" pos="vmii3s0" postype="main" tense="imperfect" wd="signava"/>
      </grup.verb>
      <sp arg="argM" func="cc" tem="loc">
        <prep>
          <s lem="en" pos="sps00" postype="preposition" wd="en"/>
        </prep>
        <sn>
          <spec gen="m" num="s">
            <d gen="m" lem="el" num="s" pos="da0ms0" postype="article" wd="el"/>
          </spec>
          <grup.nom gen="m" num="s">
            <n gen="m" lem="comprovant" num="s" pos="ncms000" postype="common" sense="16:04892722" wd="comprovant"/>
          </grup.nom>
        </sn>
      </sp>
      <sp arg="argM" coord="yes" func="cc" tem="adv">
        <sp>
          <prep>
            <s lem="sense" pos="sps00" postype="preposition" wd="sense"/>
          </prep>
          <S clausetype="completive" impersonal="yes">
            <infinitiu>
              <v lem="ensenyar" lss="A21.transitive-agentive-patient" mood="infinitive" pos="vmn0000" postype="main" wd="ensenyar"/>
            </infinitiu>
            <sn arg="arg1" func="cd" tem="pat">
              <spec gen="m" num="s">
                <d gen="c" lem="cap" num="s" pos="di0cs0" postype="indefinite" wd="cap"/>
              </spec>
              <grup.nom gen="m" num="s">
                <n gen="m" lem="document" num="s" pos="ncms000" postype="common" sense="16:cs3" wd="document"/>
                <sp>
                  <prep>
                    <s lem="de" pos="sps00" postype="preposition" wd="d'"/>
                  </prep>
                  <sn>
                    <grup.nom gen="f" num="s">
                      <n gen="f" lem="identitat" num="s" pos="ncfs000" postype="common" sense="16:cs3" wd="identitat"/>
                    </grup.nom>
                  </sn>
                </sp>
              </grup.nom>
            </sn>
          </S>
        </sp>
        <conj conjunctiontype="coordinating">
          <c lem="i" pos="cc" postype="coordinating" wd="i"/>
        </conj>
        <sp>
          <prep>
            <s lem="sense" pos="sps00" postype="preposition" wd="sense"/>
          </prep>
          <S clausetype="completive">
            <conj conjunctiontype="subordinating">
              <c lem="que" pos="cs" postype="subordinating" wd="que"/>
            </conj>
            <morfema.verbal func="pass">
              <p gen="c" lem="es" num="c" pos="p0000000" wd="s'"/>
            </morfema.verbal>
            <grup.verb>
              <v lem="haver" mood="subjunctive" num="s" person="3" pos="vasp3s0" postype="auxiliary" tense="present" wd="hagi"/>
              <v gen="m" lem="poder" mood="participle" num="s" pos="vmp00sm" postype="main" wd="pogut"/>
              <infinitiu>
                <v lem="demostrar" lss="B22.unaccusative-passive-transitive" mood="infinitive" pos="vmn0000" postype="main" wd="demostrar"/>
              </infinitiu>
            </grup.verb>
            <sn arg="arg1" func="suj" tem="pat">
              <spec gen="f" num="s">
                <d gen="f" lem="el" num="s" pos="da0fs0" postype="article" wd="la"/>
              </spec>
              <grup.nom gen="f" num="s">
                <n gen="f" lem="similitud" num="s" pos="ncfs000" postype="common" sense="16:03727288" wd="similitud"/>
                <sp>
                  <prep>
                    <s lem="de" pos="sps00" postype="preposition" wd="de"/>
                  </prep>
                  <sn>
                    <grup.nom gen="m" num="s">
                      <n gen="m" lem="traç" num="s" pos="ncms000" postype="common" sense="16:cs1" wd="traç"/>
                    </grup.nom>
                  </sn>
                </sp>
                <sp>
                  <prep>
                    <s lem="de" pos="sps00" postype="preposition" wd="de"/>
                  </prep>
                  <sn>
                    <spec gen="f" num="p">
                      <d gen="f" lem="el" num="p" pos="da0fp0" postype="article" wd="les"/>
                      <d gen="f" lem="dos" num="p" pos="dn0fp0" postype="numeral" wd="dues"/>
                    </spec>
                    <grup.nom gen="f" num="p">
                      <n gen="f" lem="signatura" num="p" pos="ncfp000" postype="common" sense="16:04827181" wd="signatures"/>
                    </grup.nom>
                  </sn>
                </sp>
              </grup.nom>
            </sn>
          </S>
        </sp>
      </sp>
    </S>
    <f lem="." pos="fp" punct="period" wd="."/>
  </sentence>
  <sentence coord="yes">
    <S>
      <sn arg="arg1" func="suj" tem="tem">
        <spec gen="f" num="p">
          <d gen="f" lem="el" num="p" pos="da0fp0" postype="article" wd="Les"/>
        </spec>
        <grup.nom gen="f" num="p">
          <n gen="f" lem="compra" num="p" pos="ncfp000" postype="common" sense="16:00049855" wd="compres"/>
        </grup.nom>
      </sn>
      <grup.verb>
        <v lem="anar" mood="indicative" num="p" person="3" pos="vaip3p0" postype="auxiliary" tense="present" wd="van"/>
        <v lem="ascendir" lss="B21.unaccusative-state" mood="infinitive" pos="vmn0000" postype="main" wd="ascendir"/>
      </grup.verb>
      <sp arg="arg4" func="cc" tem="efi">
        <prep>
          <s lem="a" pos="sps00" postype="preposition" wd="a"/>
        </prep>
        <sn entityref="ne" ne="number">
          <spec gen="f" num="p">
            <z lem="104647" ne="number" wd="104.647"/>
          </spec>
          <grup.nom gen="f" num="p">
            <z lem="pesseta" ne="number" pos="zm" postype="currency" wd="pessetes"/>
          </grup.nom>
        </sn>
      </sp>
      <sp arg="argM" func="cc" tem="adv">
        <prep>
          <s lem="amb" pos="sps00" postype="preposition" wd="amb"/>
        </prep>
        <sn>
          <spec gen="f" num="s">
            <d gen="f" lem="aquest" num="s" pos="dd0fs0" postype="demonstrative" wd="aquesta"/>
          </spec>
          <grup.nom gen="f" num="s">
            <n gen="f" lem="tarja" num="s" pos="ncfs000" postype="common" sense="16:cs3" wd="tarja"/>
            <sp>
              <prep>
                <s lem="de" pos="sps00" postype="preposition" wd="de"/>
              </prep>
              <sn>
                <grup.nom gen="m" num="s">
                  <n gen="m" lem="crèdit" num="s" pos="ncms000" postype="common" sense="16:cs3" wd="crèdit"/>
                </grup.nom>
              </sn>
            </sp>
          </grup.nom>
        </sn>
      </sp>
      <f lem="," pos="fc" punct="comma" wd=","/>
    </S>
    <conj conjunctiontype="coordinating">
      <c lem="però" pos="cc" postype="coordinating" wd="però"/>
    </conj>
    <S coord="yes">
      <S coord="yes">
        <S>
          <sn arg="arg0" elliptic="yes" func="suj" tem="agt"/>
          <sadv func="mod">
            <grup.adv>
              <r lem="també" pos="rg" wd="també"/>
            </grup.adv>
          </sadv>
          <grup.verb>
            <v lem="anar" mood="indicative" num="s" person="3" pos="vaip3s0" postype="auxiliary" tense="present" wd="va"/>
            <v lem="utilitzar" lss="A21.transitive-agentive-patient" mood="infinitive" pos="vmn0000" postype="main" wd="utilitzar"/>
          </grup.verb>
          <sn arg="arg1" func="cd" tem="pat">
            <grup.nom>
              <p gen="c" lem="en" num="c" person="3" pos="pp3cn000" postype="personal" wd="-ne"/>
            </grup.nom>
          </sn>
          <sn arg="arg1" func="cd" tem="pat">
            <spec gen="f" num="s">
              <d gen="f" lem="un" num="s" pos="dn0fs0" postype="numeral" wd="una"/>
            </spec>
            <grup.nom gen="f" num="s">
              <p gen="f" lem="altre" num="s" pos="pi0fs000" postype="indefinite" wd="altra"/>
            </grup.nom>
          </sn>
        </S>
        <f lem="," pos="fc" punct="comma" wd=","/>
        <S verbless="yes">
          <sn>
            <spec gen="m" num="s">
              <d gen="m" lem="aquest" num="s" pos="dd0ms0" postype="demonstrative" wd="aquest"/>
            </spec>
            <grup.nom gen="m" num="s">
              <n gen="m" lem="cop" num="s" pos="ncms000" postype="common" sense="16:05449233" wd="cop"/>
            </grup.nom>
          </sn>
          <sa>
            <grup.a>
              <a gen="c" lem="corresponent" num="s" pos="aq0cs0" postype="qualificative" wd="corresponent"/>
              <sp>
                <prep>
                  <s lem="a" pos="sps00" postype="preposition" wd="a"/>
                </prep>
                <sn>
                  <spec gen="m" num="s">
                    <d gen="m" lem="un" num="s" pos="di0ms0" postype="indefinite" wd="un"/>
                  </spec>
                  <grup.nom gen="m" num="s">
                    <n gen="m" lem="home" num="s" pos="ncms000" postype="common" sense="16:07391044" wd="home"/>
                  </grup.nom>
                </sn>
              </sp>
            </grup.a>
          </sa>
        </S>
        <f lem="," pos="fc" punct="comma" wd=","/>
      </S>
      <conj conjunctiontype="coordinating">
        <c lem="i" pos="cc" postype="coordinating" wd="i"/>
      </conj>
      <S>
        <sn arg="arg0" elliptic="yes" func="suj" tem="agt"/>
        <grup.verb>
          <v lem="anar" mood="indicative" num="s" person="3" pos="vaip3s0" postype="auxiliary" tense="present" wd="va"/>
          <v lem="fer" lss="A21.transitive-agentive-patient" mood="infinitive" pos="vmn0000" postype="main" wd="fer"/>
        </grup.verb>
        <sn arg="arg1" func="cd" tem="pat">
          <grup.nom gen="f" num="p">
            <n gen="f" lem="compra" num="p" pos="ncfp000" postype="common" sense="16:00049855" wd="compres"/>
            <sp>
              <prep>
                <s lem="per" pos="sps00" postype="preposition" wd="per"/>
              </prep>
              <sn>
                <grup.nom gen="m" num="s">
                  <n gen="m" lem="valor" num="s" pos="ncms000" postype="common" sense="16:04508194" wd="valor"/>
                  <sp>
                    <prep>
                      <s lem="de" pos="sps00" postype="preposition" wd="de"/>
                    </prep>
                    <sn entityref="ne" ne="number">
                      <spec gen="f" num="p">
                        <z lem="234541" ne="number" wd="234.541"/>
                      </spec>
                      <grup.nom gen="f" num="p">
                        <z lem="pesseta" ne="number" pos="zm" postype="currency" wd="pessetes"/>
                      </grup.nom>
                    </sn>
                  </sp>
                </grup.nom>
              </sn>
            </sp>
          </grup.nom>
        </sn>
      </S>
    </S>
    <f lem="." pos="fp" punct="period" wd="."/>
  </sentence>
  <sentence>
    <sn arg="arg0" func="suj" tem="agt">
      <spec gen="m" num="s">
        <d gen="m" lem="el" num="s" pos="da0ms0" postype="article" wd="El"/>
      </spec>
      <grup.nom gen="m" num="s">
        <n gen="m" lem="tribunal" num="s" pos="ncms000" postype="common" sense="16:06176884" wd="tribunal"/>
      </grup.nom>
    </sn>
    <grup.verb>
      <v lem="entendre" lss="A21.transitive-agentive-patient" mood="indicative" num="s" person="3" pos="vmip3s0" postype="main" tense="present" wd="entén"/>
    </grup.verb>
    <S arg="arg1" clausetype="completive" func="cd" tem="pat">
      <conj conjunctiontype="subordinating">
        <c lem="que" pos="cs" postype="subordinating" wd="que"/>
      </conj>
      <sn arg="arg1" func="suj" tem="tem">
        <spec gen="m" num="s">
          <d gen="c" lem="el" num="s" pos="da0cs0" postype="article" wd="l'"/>
        </spec>
        <grup.nom gen="m" num="s">
          <n gen="m" lem="engany" num="s" pos="ncms000" postype="common" sense="16:00498592" wd="engany"/>
          <S clausetype="participle" impersonal="yes">
            <participi>
              <a gen="m" lem="utilitzat" num="s" pos="aq0msp" posfunction="participle" postype="qualificative" wd="utilitzat"/>
            </participi>
          </S>
        </grup.nom>
      </sn>
      <neg func="mod">
        <r lem="no" pos="rn" postype="negative" wd="no"/>
      </neg>
      <grup.verb>
        <v lem="anar" mood="indicative" num="s" person="3" pos="vaip3s0" postype="auxiliary" tense="present" wd="va"/>
        <v lem="ser" lss="C21.state-attributive" mood="infinitive" pos="vmn0000" postype="main" wd="ser"/>
      </grup.verb>
      <sa arg="arg2" func="atr" tem="atr">
        <grup.a>
          <f lem="'" pos="fz" punct="mathsign" wd="'"/>
          <a gen="c" lem="suficient" num="s" pos="aq0cs0" postype="qualificative" wd="suficient"/>
          <f lem="'" pos="fz" punct="mathsign" wd="'"/>
        </grup.a>
      </sa>
    </S>
    <S arg="argM" clausetype="adverbial" func="cc" tem="cau">
      <f lem="," pos="fc" punct="comma" wd=","/>
      <conj conjunctiontype="subordinating">
        <c lem="ja_que" pos="cs" postype="subordinating" wd="ja_que"/>
      </conj>
      <f lem="'" pos="fz" punct="mathsign" wd="'"/>
      <sn arg="arg0" func="suj" tem="agt">
        <spec gen="m" num="s">
          <d gen="m" lem="un" num="s" pos="dn0ms0" postype="numeral" wd="un"/>
        </spec>
        <grup.nom gen="m" num="s">
          <n gen="c" lem="comerciant" num="s" pos="nccs000" postype="common" sense="16:07543954" wd="comerciant"/>
          <s.a coord="yes" gen="m" num="s">
            <sp>
              <prep>
                <s lem="amb" pos="sps00" postype="preposition" wd="amb"/>
              </prep>
              <sn>
                <spec gen="f" num="s">
                  <d gen="f" lem="un" num="s" pos="di0fs0" postype="indefinite" wd="una"/>
                </spec>
                <grup.nom gen="f" num="s">
                  <n gen="f" lem="prudència" num="s" pos="ncfs000" postype="common" sense="16:03830857" wd="prudència"/>
                  <s.a gen="f" num="s">
                    <grup.a gen="f" num="s">
                      <a gen="c" lem="normal" num="s" pos="aq0cs0" postype="qualificative" wd="normal"/>
                    </grup.a>
                  </s.a>
                </grup.nom>
              </sn>
            </sp>
            <conj conjunctiontype="coordinating">
              <c lem="i" pos="cc" postype="coordinating" wd="i"/>
            </conj>
            <s.a gen="m" num="s">
              <grup.a gen="m" num="s">
                <a gen="m" lem="coneixedor" num="s" pos="aq0ms0" postype="qualificative" wd="coneixedor"/>
                <sp>
                  <prep>
                    <s lem="de" pos="sps00" postype="preposition" wd="de"/>
                  </prep>
                  <sn>
                    <spec gen="f" num="s">
                      <d gen="f" lem="el" num="s" pos="da0fs0" postype="article" wd="la"/>
                    </spec>
                    <grup.nom gen="f" num="s">
                      <n gen="f" lem="pràctica" num="s" pos="ncfs000" postype="common" sense="16:00263204" wd="pràctica"/>
                      <s.a gen="f" num="s">
                        <grup.a gen="f" num="s">
                          <a gen="c" lem="habitual" num="s" pos="aq0cs0" postype="qualificative" wd="habitual"/>
                        </grup.a>
                      </s.a>
                      <sp>
                        <prep>
                          <s lem="en" pos="sps00" postype="preposition" wd="en"/>
                        </prep>
                        <sn>
                          <spec gen="m" num="s">
                            <d gen="m" lem="el" num="s" pos="da0ms0" postype="article" wd="el"/>
                          </spec>
                          <grup.nom gen="m" num="s">
                            <n gen="m" lem="tràfic" num="s" pos="ncms000" postype="common" sense="16:00722332" wd="tràfic"/>
                            <s.a gen="m" num="s">
                              <grup.a gen="m" num="s">
                                <a gen="c" lem="mercantil" num="s" pos="aq0cs0" postype="qualificative" wd="mercantil"/>
                              </grup.a>
                            </s.a>
                          </grup.nom>
                        </sn>
                      </sp>
                    </grup.nom>
                  </sn>
                </sp>
              </grup.a>
            </s.a>
          </s.a>
        </grup.nom>
      </sn>
      <neg func="mod">
        <r lem="no" pos="rn" postype="negative" wd="no"/>
      </neg>
      <grup.verb>
        <v lem="poder" mood="indicative" num="s" person="3" pos="vmip3s0" postype="main" tense="present" wd="pot"/>
        <infinitiu>
          <v lem="considerar" lss="A21.transitive-agentive-patient" mood="infinitive" pos="vmn0000" postype="main" wd="considerar"/>
        </infinitiu>
      </grup.verb>
      <sa arg="arg2" func="cpred" predicate="cd" tem="atr">
        <grup.a>
          <a gen="c" lem="suficient" num="s" pos="aq0cs0" postype="qualificative" wd="suficient"/>
        </grup.a>
      </sa>
      <sn arg="arg1" func="cd" tem="pat">
        <spec gen="f" num="s">
          <d gen="f" lem="el" num="s" pos="da0fs0" postype="article" wd="la"/>
        </spec>
        <grup.nom gen="f" num="s">
          <s.a gen="f" num="s">
            <grup.a gen="f" num="s">
              <a gen="f" lem="mer" num="s" pos="aq0fs0" postype="qualificative" wd="mera"/>
            </grup.a>
          </s.a>
          <n gen="f" lem="presentació" num="s" pos="ncfs000" postype="common" sense="16:00336149" wd="presentació"/>
          <sp>
            <prep>
              <s lem="de" pos="sps00" postype="preposition" wd="d'"/>
            </prep>
            <sn>
              <spec gen="f" num="s">
                <d gen="f" lem="un" num="s" pos="di0fs0" postype="indefinite" wd="una"/>
              </spec>
              <grup.nom gen="f" num="s">
                <n gen="f" lem="tarja" num="s" pos="ncfs000" postype="common" sense="16:cs3" wd="tarja"/>
                <sp>
                  <prep>
                    <s lem="de" pos="sps00" postype="preposition" wd="de"/>
                  </prep>
                  <sn>
                    <grup.nom gen="m" num="s">
                      <n gen="m" lem="crèdit" num="s" pos="ncms000" postype="common" sense="16:cs3" wd="crèdit"/>
                    </grup.nom>
                  </sn>
                </sp>
              </grup.nom>
            </sn>
          </sp>
        </grup.nom>
      </sn>
      <sp arg="argM" func="cc" tem="fin">
        <prep>
          <s lem="per" pos="sps00" postype="preposition" wd="per"/>
        </prep>
        <S clausetype="completive" impersonal="yes">
          <infinitiu>
            <v lem="acreditar" lss="A21.transitive-agentive-patient" mood="infinitive" pos="vmn0000" postype="main" wd="acreditar"/>
          </infinitiu>
          <sn arg="arg1" func="cd" tem="pat">
            <spec gen="f" num="s">
              <d gen="f" lem="el" num="s" pos="da0fs0" postype="article" wd="la"/>
            </spec>
            <grup.nom gen="f" num="s">
              <n gen="f" lem="solvència" num="s" pos="ncfs000" postype="common" sense="16:03679549" wd="solvència"/>
              <sp>
                <prep>
                  <s lem="de" pos="sps00" postype="preposition" wd="de"/>
                </prep>
                <sn>
                  <spec gen="m" num="s">
                    <d gen="c" lem="el" num="s" pos="da0cs0" postype="article" wd="l'"/>
                  </spec>
                  <grup.nom gen="m" num="s">
                    <n gen="m" lem="acusat" num="s" pos="ncms000" postype="common" sense="16:07059160" wd="acusat"/>
                  </grup.nom>
                </sn>
              </sp>
            </grup.nom>
          </sn>
        </S>
      </sp>
      <S arg="argM" clausetype="adverbial" func="cc" tem="cau">
        <f lem="," pos="fc" punct="comma" wd=","/>
        <conj conjunctiontype="subordinating">
          <c lem="ja_que" pos="cs" postype="subordinating" wd="ja_que"/>
        </conj>
        <grup.verb>
          <v lem="ser" lss="C21.state-attributive" mood="indicative" num="s" person="3" pos="vmip3s0" postype="main" tense="present" wd="és"/>
        </grup.verb>
        <sa arg="arg2" func="atr" tem="atr">
          <grup.a>
            <a gen="c" lem="elemental" num="s" pos="aq0cs0" postype="qualificative" wd="elemental"/>
          </grup.a>
        </sa>
        <sn arg="arg1" func="suj" tem="tem">
          <spec gen="f" num="s">
            <d gen="f" lem="el" num="s" pos="da0fs0" postype="article" wd="la"/>
          </spec>
          <grup.nom gen="f" num="s">
            <n gen="f" lem="comprovació" num="s" pos="ncfs000" postype="common" sense="16:04985310" wd="comprovació"/>
            <S clausetype="completive">
              <conj conjunctiontype="subordinating">
                <c lem="que" pos="cs" postype="subordinating" wd="que"/>
              </conj>
              <sn arg="arg1" func="suj" tem="tem">
                <spec gen="f" num="s">
                  <d gen="f" lem="aquest" num="s" pos="dd0fs0" postype="demonstrative" wd="aquesta"/>
                </spec>
                <grup.nom gen="f" num="s">
                  <n gen="f" lem="tarja" num="s" pos="ncfs000" postype="common" sense="16:cs3" wd="tarja"/>
                </grup.nom>
              </sn>
              <grup.verb>
                <v lem="ser" lss="C21.state-attributive" mood="imperative" num="s" person="3" pos="vmm03s0" postype="main" wd="sigui"/>
              </grup.verb>
              <sp arg="arg2" func="atr" tem="atr">
                <prep>
                  <s contracted="yes" gen="m" lem="del" num="s" pos="spcms" postype="preposition" wd="del"/>
                </prep>
                <sn>
                  <grup.nom gen="m" num="s">
                    <n gen="m" lem="posseïdor" num="s" pos="ncms000" postype="common" sense="16:07451666" wd="posseïdor"/>
                  </grup.nom>
                </sn>
              </sp>
            </S>
          </grup.nom>
        </sn>
      </S>
      <f lem="'" punct="quotation" wd="'"/>
    </S>
    <f lem="." pos="fp" punct="period" wd="."/>
  </sentence>
  <sentence>
    <sn arg="arg0" func="suj" tem="agt">
      <spec gen="f" num="s">
        <d gen="f" lem="el" num="s" pos="da0fs0" postype="article" wd="La"/>
      </spec>
      <grup.nom gen="f" num="s">
        <n gen="f" lem="sentència" num="s" pos="ncfs000" postype="common" sense="16:04918568" wd="sentència"/>
      </grup.nom>
    </sn>
    <grup.verb>
      <v lem="assenyalar" lss="A21.transitive-agentive-patient" mood="indicative" num="s" person="3" pos="vmip3s0" postype="main" tense="present" wd="assenyala"/>
    </grup.verb>
    <S arg="arg1" clausetype="completive" func="cd" tem="pat">
      <conj conjunctiontype="subordinating">
        <c lem="que" pos="cs" postype="subordinating" wd="que"/>
      </conj>
      <sn arg="arg0" func="suj" tem="agt">
        <spec gen="m" num="p">
          <d gen="m" lem="el" num="p" pos="da0mp0" postype="article" wd="els"/>
        </spec>
        <grup.nom gen="m" num="p">
          <n gen="m" lem="empleat" num="p" pos="ncmp000" postype="common" sense="16:07240707" wd="empleats"/>
          <S clausetype="participle" impersonal="yes">
            <f lem="'" pos="fz" punct="mathsign" wd="'"/>
            <participi>
              <a gen="m" lem="enganyat" num="p" pos="aq0mpp" posfunction="participle" postype="qualificative" wd="enganyats"/>
            </participi>
            <f lem="'" pos="fz" punct="mathsign" wd="'"/>
          </S>
        </grup.nom>
      </sn>
      <grup.verb>
        <v lem="anar" mood="indicative" num="p" person="3" pos="vaip3p0" postype="auxiliary" tense="present" wd="van"/>
        <v lem="ometre" lss="A21.transitive-agentive-patient" mood="infinitive" pos="vmn0000" postype="main" wd="ometre"/>
      </grup.verb>
      <sn arg="arg1" func="cd" tem="pat">
        <f lem="'" pos="fz" punct="mathsign" wd="'"/>
        <spec gen="f" num="p">
          <d gen="f" lem="el" num="p" pos="da0fp0" postype="article" wd="les"/>
        </spec>
        <grup.nom gen="f" num="p">
          <s.a gen="f" num="p">
            <spec>
              <r lem="més" pos="rg" wd="més"/>
            </spec>
            <grup.a gen="f" num="p">
              <a gen="c" lem="elemental" num="p" pos="aq0cp0" postype="qualificative" wd="elementals"/>
            </grup.a>
          </s.a>
          <n gen="f" lem="norma" num="p" pos="ncfp000" postype="common" sense="16:04988542" wd="normes"/>
          <sp>
            <prep>
              <s lem="de" pos="sps00" postype="preposition" wd="de"/>
            </prep>
            <sn complex="yes">
              <grup.nom coord="yes">
                <grup.nom gen="f" num="s">
                  <n gen="f" lem="cautela" num="s" pos="ncfs000" postype="common" sense="16:03830857" wd="cautela"/>
                </grup.nom>
                <conj conjunctiontype="coordinating">
                  <c lem="i" pos="cc" postype="coordinating" wd="i"/>
                </conj>
                <grup.nom gen="f" num="s">
                  <n gen="f" lem="cura" num="s" pos="ncfs000" postype="common" sense="16:00428745" wd="cura"/>
                </grup.nom>
              </grup.nom>
            </sn>
          </sp>
          <s.a gen="f" num="p">
            <grup.a gen="f" num="p">
              <a gen="c" lem="exigible" num="p" pos="aq0cp0" postype="qualificative" wd="exigibles"/>
              <sp>
                <prep>
                  <s lem="a" pos="sps00" postype="preposition" wd="a"/>
                </prep>
                <sn>
                  <spec gen="m" num="s">
                    <d gen="m" lem="tot" num="s" pos="di0ms0" postype="indefinite" wd="tot"/>
                  </spec>
                  <grup.nom gen="m" num="s">
                    <n gen="c" lem="comerciant" num="s" pos="nccs000" postype="common" sense="16:07543954" wd="comerciant"/>
                  </grup.nom>
                </sn>
              </sp>
            </grup.a>
          </s.a>
        </grup.nom>
        <f lem="'" pos="fz" punct="mathsign" wd="'"/>
      </sn>
    </S>
    <f lem="." pos="fp" punct="period" wd="."/>
  </sentence>
  <sentence>
    <sadv func="et">
      <grup.adv>
        <r lem="a_més_a_més" pos="rg" wd="A_més_a_més"/>
      </grup.adv>
      <f lem="," pos="fc" punct="comma" wd=","/>
    </sadv>
    <sn arg="arg1" func="suj" tem="tem">
      <spec gen="m" num="s">
        <d gen="m" lem="el" num="s" pos="da0ms0" postype="article" wd="el"/>
      </spec>
      <grup.nom gen="m" num="s">
        <n gen="m" lem="fet" num="s" pos="ncms000" postype="common" sense="16:05432762" wd="fet"/>
        <S clausetype="completive">
          <conj conjunctiontype="subordinating">
            <c lem="que" pos="cs" postype="subordinating" wd="que"/>
          </conj>
          <sn arg="arg1" coord="yes" func="suj" tem="tem">
            <sn>
              <spec gen="m" num="s">
                <d gen="m" lem="el" num="s" pos="da0ms0" postype="article" wd="el"/>
              </spec>
              <grup.nom gen="m" num="s">
                <n gen="m" lem="processat" num="s" pos="ncms000" postype="common" sense="16:cs1" wd="processat"/>
              </grup.nom>
            </sn>
            <conj conjunctiontype="coordinating">
              <c lem="i" pos="cc" postype="coordinating" wd="i"/>
            </conj>
            <sn>
              <spec gen="m" num="s">
                <d gen="m" lem="el" num="s" pos="da0ms0" postype="article" wd="el"/>
              </spec>
              <grup.nom gen="m" num="s">
                <n gen="c" lem="titular" num="s" pos="nccs000" postype="common" sense="16:cs1" wd="titular"/>
                <sp>
                  <prep>
                    <s lem="de" pos="sps00" postype="preposition" wd="de"/>
                  </prep>
                  <sn>
                    <spec gen="f" num="s">
                      <d gen="f" lem="el" num="s" pos="da0fs0" postype="article" wd="la"/>
                    </spec>
                    <grup.nom gen="f" num="s">
                      <n gen="f" lem="tarja" num="s" pos="ncfs000" postype="common" sense="16:cs3" wd="tarja"/>
                      <sp>
                        <prep>
                          <s lem="de" pos="sps00" postype="preposition" wd="de"/>
                        </prep>
                        <sn>
                          <grup.nom gen="m" num="s">
                            <n gen="m" lem="crèdit" num="s" pos="ncms000" postype="common" sense="16:cs3" wd="crèdit"/>
                          </grup.nom>
                        </sn>
                      </sp>
                    </grup.nom>
                  </sn>
                </sp>
              </grup.nom>
            </sn>
          </sn>
          <grup.verb>
            <v lem="ser" lss="C21.state-attributive" mood="indicative" num="p" person="3" pos="vmii3p0" postype="main" tense="imperfect" wd="eren"/>
          </grup.verb>
          <sn arg="arg2" func="atr" tem="atr">
            <grup.nom gen="f" num="p">
              <n gen="f" lem="persona" num="p" pos="ncfp000" postype="common" sense="16:00004123" wd="persones"/>
              <sp>
                <prep>
                  <s lem="de" pos="sps00" postype="preposition" wd="de"/>
                </prep>
                <sn>
                  <grup.nom gen="m" num="s">
                    <n gen="m" lem="sexe" num="s" pos="ncms000" postype="common" sense="16:05991993" wd="sexe"/>
                    <s.a gen="m" num="s">
                      <grup.a gen="m" num="s">
                        <a gen="c" lem="diferent" num="s" pos="aq0cs0" postype="qualificative" wd="diferent"/>
                      </grup.a>
                    </s.a>
                  </grup.nom>
                </sn>
              </sp>
            </grup.nom>
          </sn>
        </S>
      </grup.nom>
    </sn>
    <f lem="'" pos="fz" punct="mathsign" wd="'"/>
    <neg>
      <r lem="no" pos="rn" postype="negative" wd="no"/>
    </neg>
    <grup.verb>
      <v lem="poder" mood="indicative" num="s" person="3" pos="vmip3s0" postype="main" tense="present" wd="pot"/>
      <infinitiu>
        <v lem="escapar" lss="B21.unaccusative-state" mood="infinitive" pos="vmn0000" postype="main" wd="escapar"/>
      </infinitiu>
    </grup.verb>
    <sp arg="arg2" func="creg" tem="efi">
      <prep>
        <s contracted="yes" gen="m" lem="al" num="s" pos="spcms" postype="preposition" wd="al"/>
      </prep>
      <sn>
        <grup.nom gen="m" num="s">
          <n gen="m" lem="coneixement" num="s" pos="ncms000" postype="common" sense="16:04387608" wd="coneixement"/>
          <sp>
            <prep>
              <s lem="de" pos="sps00" postype="preposition" wd="de"/>
            </prep>
            <sn>
              <spec gen="f" num="s">
                <d gen="c" lem="qualsevol" num="s" pos="di0cs0" postype="indefinite" wd="qualsevol"/>
              </spec>
              <grup.nom gen="f" num="s">
                <n gen="f" lem="persona" num="s" pos="ncfs000" postype="common" sense="16:00004123" wd="persona"/>
                <sp>
                  <prep>
                    <s lem="de" pos="sps00" postype="preposition" wd="d'"/>
                  </prep>
                  <sn>
                    <spec gen="m" num="s">
                      <d gen="m" lem="un" num="s" pos="di0ms0" postype="indefinite" wd="un"/>
                    </spec>
                    <grup.nom gen="m" num="s">
                      <n gen="m" lem="nivell" num="s" pos="ncms000" postype="common" sense="16:03973686" wd="nivell"/>
                      <s.a gen="m" num="s">
                        <grup.a gen="m" num="s">
                          <a gen="c" lem="cultural" num="s" pos="aq0cs0" postype="qualificative" wd="cultural"/>
                        </grup.a>
                      </s.a>
                      <s.a gen="m" num="s">
                        <grup.a gen="m" num="s">
                          <a gen="m" lem="mitjà" num="s" pos="aq0ms0" postype="qualificative" wd="mitjà"/>
                        </grup.a>
                      </s.a>
                    </grup.nom>
                  </sn>
                </sp>
              </grup.nom>
            </sn>
          </sp>
        </grup.nom>
      </sn>
    </sp>
    <f lem="'" pos="fz" punct="mathsign" wd="'"/>
    <f lem="." pos="fp" punct="period" wd="."/>
  </sentence>
</article>
