<?xml version="1.0" encoding="UTF-8"?>
<!-- 

  ancora-2.0
       
			Copyright (C) 2007, 2008, 2009, 2010, 2011 UB - CLiC
			Centre de Llenguatge i Computació - Universitat de Barcelona
 
  This file is part of ancora-2.0.
 
  ancora-2.0 is free software and data: you can redistribute it and/or modify
  it under the terms of the GNU General Public License as published
  by the Free Software Foundation, either version 3 of the License,
  or (at your option) any later version.

  ancora-2.0 is distributed in the hope that it will be useful,
  but WITHOUT ANY WARRANTY; without even the implied warranty of
  MERCHANTABILITY or FITNESS FOR A PARTICULAR PURPOSE.  See the
  GNU General Public License for more details.
 
  You should have received a copy of the GNU General Public License
  along with ancora-2.0.  If not, see &lt;http://www.gnu.org/licenses/&gt;.
 
  Check a text in catalan explaining the terms of the license at http://www.softcatala.cat/wiki/GPL3.
  In spanish at http://www.viti.es/gnu/licenses/gpl.html
 

  The following paper must be cited when using this corpus:

 * Taulé, M., M.A. Martí, M. Recasens (2008) 'Ancora: Multilevel Annotated Corpora for Catalan and Spanish',
   Proceedings of 6th International Conference on Language Resources and Evaluation. Marrakesh (Morocco).

  In addition, the following paper must be cited if coreference information (attributes entity, coreftype,
  corefsubtype, homophoricDD or entityref) is used:

 * Recasens, Marta, M. Antònia Martí (2010) ‘AnCora-CO: Coreferentially annotated corpora for Spanish and
   Catalan’. Language Resources and Evaluation, Springer Science.

  Additionally, the following paper must be cited when argumental attributes in "sn" or "grup.nom"
  (attributes func, arg, tem or lexicalid) are used:

 * Peris, Aina, Mariona Taulé, Horacio Rodríguez (2010) ‘Semantic Annotation of Deverbal Nominalizations in the
   Spanish AnCora corpus’. Treebanks and Linguistic Theories (TLT-2010), Estonia.
-->
<article lng="ca">
  <sentence>
    <sn arg="arg0" func="suj" tem="agt">
      <spec gen="m" num="s">
        <d gen="m" lem="el" num="s" pos="da0ms0" postype="article" wd="El"/>
      </spec>
      <grup.nom gen="m" num="s">
        <n gen="c" lem="fiscal" num="s" pos="nccs000" postype="common" sense="16:07507504" wd="fiscal"/>
      </grup.nom>
    </sn>
    <grup.verb>
      <v lem="demanar" lss="A32.ditransitive-patient-benefactive" mood="indicative" num="s" person="3" pos="vmip3s0" postype="main" tense="present" wd="demana"/>
    </grup.verb>
    <sadv arg="argM" func="cc" tem="mnr">
      <grup.adv>
        <r lem="inicialment" pos="rg" wd="inicialment"/>
      </grup.adv>
    </sadv>
    <sn arg="arg1" coord="yes" func="cd" tem="pat">
      <sn>
        <spec gen="m" num="s">
          <d gen="m" lem="un" num="s" pos="dn0ms0" postype="numeral" wd="un"/>
        </spec>
        <grup.nom gen="m" num="s">
          <n gen="m" lem="any" num="s" pos="ncms000" postype="common" sense="16:10917509" wd="any"/>
          <sp>
            <prep>
              <s lem="de" pos="sps00" postype="preposition" wd="de"/>
            </prep>
            <sn>
              <grup.nom gen="f" num="s">
                <n gen="f" lem="presó" num="s" pos="ncfs000" postype="common" sense="16:03102801" wd="presó"/>
              </grup.nom>
            </sn>
          </sp>
        </grup.nom>
      </sn>
      <conj conjunctiontype="coordinating">
        <c lem="i" pos="cc" postype="coordinating" wd="i"/>
      </conj>
      <sn>
        <grup.nom gen="m" num="p">
          <p gen="c" lem="tres" num="p" pos="pn0cp000" postype="numeral" wd="tres"/>
          <sp>
            <prep>
              <s lem="de" pos="sps00" postype="preposition" wd="d'"/>
            </prep>
            <sn>
              <grup.nom gen="f" num="s">
                <n gen="f" lem="inhabilitació" num="s" pos="ncfs000" postype="common" sense="16:00135654" wd="inhabilitació"/>
                <sp>
                  <prep>
                    <s lem="per" pos="sps00" postype="preposition" wd="per"/>
                  </prep>
                  <sp>
                    <prep>
                      <s lem="a" pos="sps00" postype="preposition" wd="a"/>
                    </prep>
                    <sn>
                      <spec gen="m" num="s">
                        <d gen="c" lem="el" num="s" pos="da0cs0" postype="article" wd="l'"/>
                      </spec>
                      <grup.nom gen="m" num="s">
                        <n gen="m" lem="exercici" num="s" pos="ncms000" postype="common" sense="16:00469856" wd="exercici"/>
                        <sp>
                          <prep>
                            <s lem="de" pos="sps00" postype="preposition" wd="de"/>
                          </prep>
                          <sn>
                            <spec gen="f" num="s">
                              <d gen="f" lem="el" num="s" pos="da0fs0" postype="article" wd="la"/>
                            </spec>
                            <grup.nom gen="f" num="s">
                              <n gen="f" lem="medicina" num="s" pos="ncfs000" postype="common" sense="16:00403778" wd="medicina"/>
                            </grup.nom>
                          </sn>
                        </sp>
                      </grup.nom>
                    </sn>
                  </sp>
                </sp>
              </grup.nom>
            </sn>
          </sp>
        </grup.nom>
      </sn>
    </sn>
    <sp arg="argM" func="cc" tem="adv">
      <prep>
        <s lem="per" pos="sps00" postype="preposition" wd="per"/>
      </prep>
      <sp>
        <prep>
          <s lem="a" pos="sps00" postype="preposition" wd="a"/>
        </prep>
        <sn coord="yes">
          <sn coord="yes">
            <sn>
              <spec gen="m" num="s">
                <d gen="m" lem="un" num="s" pos="di0ms0" postype="indefinite" wd="un"/>
              </spec>
              <grup.nom gen="m" num="s">
                <n gen="m" lem="metge" num="s" pos="ncms000" postype="common" sense="16:cs3" wd="metge"/>
                <sp>
                  <prep>
                    <s lem="de" pos="sps00" postype="preposition" wd="de"/>
                  </prep>
                  <sn>
                    <grup.nom gen="f" num="s">
                      <n gen="f" lem="guàrdia" num="s" pos="ncfs000" postype="common" sense="16:cs3" wd="guàrdia"/>
                    </grup.nom>
                  </sn>
                </sp>
              </grup.nom>
            </sn>
            <conj conjunctiontype="coordinating">
              <c lem="i" pos="cc" postype="coordinating" wd="i"/>
            </conj>
            <sn>
              <spec gen="f" num="p">
                <d gen="f" lem="dos" num="p" pos="dn0fp0" postype="numeral" wd="dues"/>
              </spec>
              <grup.nom gen="f" num="p">
                <n gen="f" lem="infermera" num="p" pos="ncfp000" postype="common" sense="16:07436855" wd="infermeres"/>
              </grup.nom>
            </sn>
          </sn>
          <sp adjunct="yes">
            <prep>
              <s lem="de" pos="sps00" postype="preposition" wd="de"/>
            </prep>
            <sn entityref="ne" ne="organization">
              <spec gen="m" num="s">
                <d gen="c" lem="el" num="s" pos="da0cs0" postype="article" wd="l'"/>
              </spec>
              <grup.nom gen="m" num="s">
                <n lem="Hospital_Sant_Jaume" ne="organization" pos="np0000o" postype="proper" sense="16:cs1" wd="Hospital_Sant_Jaume"/>
                <sp>
                  <prep>
                    <s lem="de" pos="sps00" postype="preposition" wd="de"/>
                  </prep>
                  <sn entityref="ne" ne="location">
                    <sn entityref="ne" ne="location">
                      <grup.nom>
                        <n lem="Calella" ne="location" pos="np0000l" postype="proper" sense="16:cs1" wd="Calella"/>
                      </grup.nom>
                    </sn>
                    <sn adjunct="yes" entityref="ne" ne="location">
                      <grup.nom>
                        <f lem="(" pos="fpa" punct="bracket" punctenclose="open" wd="("/>
                        <n lem="Maresme" ne="location" pos="np0000l" postype="proper" sense="16:cs1" wd="Maresme"/>
                        <f lem=")" pos="fpt" punct="bracket" punctenclose="close" wd=")"/>
                      </grup.nom>
                    </sn>
                  </sn>
                </sp>
              </grup.nom>
            </sn>
          </sp>
          <S adjunct="yes" clausetype="relative">
            <sp arg="arg1" func="cd" tem="pat">
              <prep>
                <s contracted="yes" gen="m" lem="al" num="p" pos="spcmp" postype="preposition" wd="als"/>
              </prep>
              <relatiu>
                <p gen="c" lem="qual" num="p" pos="pr0cp000" postype="relative" wd="quals"/>
              </relatiu>
            </sp>
            <sn arg="arg0" elliptic="yes" func="suj" tem="agt"/>
            <grup.verb>
              <v lem="acusar" lss="A34.ditransitive-patient-theme" mood="indicative" num="s" person="3" pos="vmip3s0" postype="main" tense="present" wd="acusa"/>
            </grup.verb>
            <sp arg="arg2" func="creg" tem="tem">
              <prep>
                <s lem="de" pos="sps00" postype="preposition" wd="d'"/>
              </prep>
              <sn>
                <spec gen="f" num="s">
                  <d gen="f" lem="un" num="s" pos="di0fs0" postype="indefinite" wd="una"/>
                </spec>
                <grup.nom gen="f" num="s">
                  <n gen="f" lem="imprudència" num="s" pos="ncfs000" postype="common" sense="16:03832977" wd="imprudència"/>
                  <sp>
                    <prep>
                      <s lem="en" pos="sps00" postype="preposition" wd="en"/>
                    </prep>
                    <sn>
                      <spec gen="f" num="s">
                        <d gen="f" lem="el" num="s" pos="da0fs0" postype="article" wd="la"/>
                      </spec>
                      <grup.nom gen="f" num="s">
                        <n gen="f" lem="mort" num="s" pos="ncfs000" postype="common" sense="16:10867742" wd="mort"/>
                        <sp>
                          <prep>
                            <s lem="de" pos="sps00" postype="preposition" wd="d'"/>
                          </prep>
                          <sn>
                            <spec gen="f" num="s">
                              <d gen="f" lem="un" num="s" pos="di0fs0" postype="indefinite" wd="una"/>
                            </spec>
                            <grup.nom gen="f" num="s">
                              <n gen="c" lem="pacient" num="s" pos="nccs000" postype="common" sense="16:07461272" wd="pacient"/>
                              <S clausetype="relative" coord="yes">
                                <S clausetype="relative">
                                  <sp arg="arg1" func="cd" tem="pat">
                                    <prep>
                                      <s lem="a" pos="sps00" postype="preposition" wd="a"/>
                                    </prep>
                                    <relatiu>
                                      <p gen="c" lem="qui" num="c" pos="pr0cn000" postype="relative" wd="qui"/>
                                    </relatiu>
                                  </sp>
                                  <sadv func="ao">
                                    <grup.adv>
                                      <r lem="presumptament" pos="rg" wd="presumptament"/>
                                    </grup.adv>
                                  </sadv>
                                  <sn arg="arg0" elliptic="yes" func="suj" tem="agt"/>
                                  <grup.verb>
                                    <v lem="anar" mood="indicative" num="p" person="3" pos="vaip3p0" postype="auxiliary" tense="present" wd="van"/>
                                    <v lem="atendre" lss="A21.transitive-agentive-patient" mood="infinitive" pos="vmn0000" postype="main" wd="atendre"/>
                                  </grup.verb>
                                  <sp arg="argM" func="cc" tem="mnr">
                                    <prep>
                                      <s lem="de" pos="sps00" postype="preposition" wd="de"/>
                                    </prep>
                                    <sn>
                                      <grup.nom gen="f" num="s">
                                        <n gen="f" lem="forma" num="s" pos="ncfs000" postype="common" sense="16:00111872" wd="forma"/>
                                        <s.a gen="f" num="s">
                                          <grup.a gen="f" num="s">
                                            <a gen="c" lem="deficient" num="s" pos="aq0cs0" postype="qualificative" wd="deficient"/>
                                          </grup.a>
                                        </s.a>
                                      </grup.nom>
                                    </sn>
                                  </sp>
                                  <S arg="argM" clausetype="adverbial" func="cc" tem="tmp">
                                    <conj conjunctiontype="subordinating">
                                      <c lem="quan" pos="cs" postype="subordinating" wd="quan"/>
                                    </conj>
                                    <sn arg="arg1" elliptic="yes" func="suj" tem="tem"/>
                                    <grup.verb>
                                      <v lem="anar" mood="indicative" num="s" person="3" pos="vaip3s0" postype="auxiliary" tense="present" wd="va"/>
                                      <v lem="caure" lss="B11.unaccusative-motion" mood="infinitive" pos="vmn0000" postype="main" wd="caure"/>
                                    </grup.verb>
                                    <sp arg="argM" func="cc" tem="loc">
                                      <prep>
                                        <s contracted="yes" gen="m" lem="del" num="s" pos="spcms" postype="preposition" wd="del"/>
                                      </prep>
                                      <sn>
                                        <grup.nom gen="m" num="s">
                                          <n gen="m" lem="llit" num="s" pos="ncms000" postype="common" sense="16:02273239" wd="llit"/>
                                          <S clausetype="relative">
                                            <relatiu arg="arg1" func="cd" tem="pat">
                                              <p gen="c" lem="que" num="c" pos="pr0cn000" postype="relative" wd="que"/>
                                            </relatiu>
                                            <sn arg="arg0" elliptic="yes" func="suj" tem="agt"/>
                                            <grup.verb>
                                              <v lem="ocupar" lss="A21.transitive-agentive-patient" mood="indicative" num="s" person="3" pos="vmii3s0" postype="main" tense="imperfect" wd="ocupava"/>
                                            </grup.verb>
                                            <sp arg="argM" func="cc" tem="loc">
                                              <prep>
                                                <s contracted="yes" gen="m" lem="al" num="s" pos="spcms" postype="preposition" wd="al"/>
                                              </prep>
                                              <sn>
                                                <grup.nom gen="m" num="s">
                                                  <n gen="m" lem="centre" num="s" pos="ncms000" postype="common" sense="16:02412359" wd="centre"/>
                                                  <s.a gen="m" num="s">
                                                    <grup.a gen="m" num="s">
                                                      <a gen="m" lem="mèdic" num="s" pos="aq0ms0" postype="qualificative" wd="mèdic"/>
                                                    </grup.a>
                                                  </s.a>
                                                </grup.nom>
                                              </sn>
                                            </sp>
                                          </S>
                                        </grup.nom>
                                      </sn>
                                    </sp>
                                  </S>
                                </S>
                                <conj conjunctiontype="coordinating">
                                  <c lem="i" pos="cc" postype="coordinating" wd="i"/>
                                </conj>
                                <S clausetype="relative">
                                  <relatiu arg="arg1" func="suj" tem="tem">
                                    <p gen="c" lem="que" num="c" pos="pr0cn000" postype="relative" wd="que"/>
                                  </relatiu>
                                  <grup.verb>
                                    <v lem="anar" mood="indicative" num="s" person="3" pos="vaip3s0" postype="auxiliary" tense="present" wd="va"/>
                                    <v lem="morir" lss="B21.unaccusative-state" mood="infinitive" pos="vmn0000" postype="main" wd="morir"/>
                                  </grup.verb>
                                  <sadv arg="argM" func="cc" tem="tmp">
                                    <spec>
                                      <r lem="poc" pos="rg" wd="poc"/>
                                    </spec>
                                    <grup.adv>
                                      <r lem="després" pos="rg" wd="després"/>
                                    </grup.adv>
                                  </sadv>
                                </S>
                              </S>
                            </grup.nom>
                          </sn>
                        </sp>
                      </grup.nom>
                    </sn>
                  </sp>
                </grup.nom>
              </sn>
            </sp>
          </S>
        </sn>
      </sp>
    </sp>
    <f lem="." pos="fp" punct="period" wd="."/>
  </sentence>
  <sentence coord="yes">
    <S>
      <sn arg="arg1" func="suj" tem="pat">
        <spec gen="m" num="s">
          <d gen="m" lem="el" num="s" pos="da0ms0" postype="article" wd="El"/>
        </spec>
        <grup.nom gen="m" num="s">
          <n gen="m" lem="judici" num="s" pos="ncms000" postype="common" sense="16:00775201" wd="judici"/>
        </grup.nom>
      </sn>
      <morfema.verbal func="pass">
        <p gen="c" lem="se" num="c" pos="p0000000" wd="se"/>
      </morfema.verbal>
      <grup.verb>
        <v lem="celebrar" lss="B22.unaccusative-passive-transitive" mood="indicative" num="s" person="3" pos="vmif3s0" postype="main" tense="future" wd="celebrarà"/>
      </grup.verb>
      <sn arg="argM" entityref="ne" func="cc" ne="date" tem="tmp">
        <grup.nom gen="m" num="s">
          <w lem="[dimarts:??/??/??:??.??]" ne="date" wd="dimarts"/>
        </grup.nom>
      </sn>
      <sp arg="argM" func="cc" tem="loc">
        <prep>
          <s lem="a" pos="sps00" postype="preposition" wd="a"/>
        </prep>
        <sn entityref="ne" ne="location">
          <spec gen="f" num="s">
            <d gen="f" lem="el" num="s" pos="da0fs0" postype="article" wd="la"/>
          </spec>
          <grup.nom gen="f" num="s">
            <n gen="f" lem="secció" num="s" pos="ncfs000" postype="common" sense="16:06102171" wd="secció"/>
            <s.a gen="f" num="s">
              <grup.a gen="f" num="s">
                <a gen="f" lem="vuitè" num="s" pos="ao0fs0" postype="ordinal" wd="vuitena"/>
              </grup.a>
            </s.a>
            <sp>
              <prep>
                <s lem="de" pos="sps00" postype="preposition" wd="de"/>
              </prep>
              <sn entityref="ne" ne="organization">
                <spec gen="f" num="s">
                  <d gen="c" lem="el" num="s" pos="da0cs0" postype="article" wd="l'"/>
                </spec>
                <grup.nom gen="f" num="s">
                  <n lem="Audiència_de_Barcelona" ne="organization" pos="np0000o" postype="proper" sense="16:cs1" wd="Audiència_de_Barcelona"/>
                </grup.nom>
              </sn>
            </sp>
          </grup.nom>
        </sn>
      </sp>
      <f lem="," pos="fc" punct="comma" wd=","/>
    </S>
    <conj conjunctiontype="coordinating">
      <c lem="i" pos="cc" postype="coordinating" wd="i"/>
    </conj>
    <S>
      <sn arg="arg1" func="suj" tem="tem">
        <spec gen="m" num="p">
          <d gen="m" lem="el" num="p" pos="da0mp0" postype="article" wd="els"/>
        </spec>
        <grup.nom gen="m" num="p">
          <n gen="m" lem="processat" num="p" pos="ncmp000" postype="common" sense="16:cs1" wd="processats"/>
        </grup.nom>
      </sn>
      <grup.verb>
        <v lem="ser" lss="C21.state-attributive" mood="indicative" num="p" person="3" pos="vmip3p0" postype="main" tense="present" wd="són"/>
      </grup.verb>
      <sn arg="arg2" complex="yes" func="atr" tem="atr">
        <grup.nom coord="yes">
          <grup.nom gen="m" num="s">
            <n lem="Lluís_B.B." ne="person" pos="np0000p" postype="proper" sense="16:cs1" wd="Lluís_B.B."/>
          </grup.nom>
          <f lem="," pos="fc" punct="comma" wd=","/>
          <grup.nom gen="f" num="s">
            <n lem="Montserrat_H.C." ne="person" pos="np0000p" postype="proper" sense="16:cs1" wd="Montserrat_H.C."/>
          </grup.nom>
          <conj conjunctiontype="coordinating">
            <c lem="i" pos="cc" postype="coordinating" wd="i"/>
          </conj>
          <grup.nom gen="f" num="s">
            <n lem="Magali_U.V" ne="person" pos="np0000p" postype="proper" sense="16:cs1" wd="Magali_U.V"/>
          </grup.nom>
        </grup.nom>
      </sn>
    </S>
    <f lem="." pos="fp" punct="period" wd="."/>
  </sentence>
  <sentence>
    <sn arg="arg1" func="suj" tem="tem">
      <spec gen="m" num="p">
        <d gen="m" lem="el" num="p" pos="da0mp0" postype="article" wd="Els"/>
      </spec>
      <grup.nom gen="m" num="p">
        <n gen="m" lem="fet" num="p" pos="ncmp000" postype="common" sense="16:05432762" wd="fets"/>
      </grup.nom>
    </sn>
    <morfema.pronominal>
      <p gen="c" lem="ell" num="c" person="3" pos="p0300000" wd="es"/>
    </morfema.pronominal>
    <grup.verb>
      <v lem="remuntar" lss="C11.state-existential" mood="indicative" num="p" person="3" pos="vmip3p0" postype="main" tense="present" wd="remunten"/>
    </grup.verb>
    <sp arg="arg2" func="creg" tem="loc">
      <prep>
        <s lem="a" pos="sps00" postype="preposition" wd="a"/>
      </prep>
      <sn>
        <spec gen="f" num="s">
          <d gen="f" lem="el" num="s" pos="da0fs0" postype="article" wd="la"/>
        </spec>
        <grup.nom gen="f" num="s">
          <n gen="f" lem="tarda" num="s" pos="ncfs000" postype="common" sense="16:10885066" wd="tarda"/>
          <sp>
            <prep>
              <s contracted="yes" gen="m" lem="del" num="s" pos="spcms" postype="preposition" wd="del"/>
            </prep>
            <sn entityref="ne" ne="date">
              <grup.nom gen="m" num="s">
                <w lem="[??:30/08/1994:??.??]" ne="date" wd="30_d'agost_de_1994"/>
                <S clausetype="relative">
                  <f lem="," pos="fc" punct="comma" wd=","/>
                  <relatiu arg="argM" func="cc" tem="tmp">
                    <p lem="quan" pos="pr000000" postype="relative" wd="quan"/>
                  </relatiu>
                  <sn arg="arg1" func="suj" tem="pat">
                    <spec gen="f" num="s">
                      <d gen="f" lem="el" num="s" pos="da0fs0" postype="article" wd="la"/>
                    </spec>
                    <grup.nom gen="f" num="s">
                      <n gen="f" lem="víctima" num="s" pos="ncfs000" postype="common" sense="16:07665319" wd="víctima"/>
                      <sn entityref="ne" ne="person">
                        <f lem="," pos="fc" punct="comma" wd=","/>
                        <grup.nom gen="f" num="s">
                          <n lem="Antonia_de_Santiago_Martínez" ne="person" pos="np0000p" postype="proper" sense="16:cs1" wd="Antonia_de_Santiago_Martínez"/>
                        </grup.nom>
                        <f lem="," pos="fc" punct="comma" wd=","/>
                      </sn>
                    </grup.nom>
                  </sn>
                  <grup.verb>
                    <v lem="anar" mood="indicative" num="s" person="3" pos="vaip3s0" postype="auxiliary" tense="present" wd="va"/>
                    <v lem="ser" mood="infinitive" pos="vsn0000" postype="semiauxiliary" wd="ser"/>
                    <v gen="f" lem="traslladar" lss="B12.unaccusative-passive-ditransitive" mood="participle" num="s" pos="vmp00sf" postype="main" wd="traslladada"/>
                  </grup.verb>
                  <sp arg="arg4" func="cc" tem="des">
                    <prep>
                      <s contracted="yes" gen="m" lem="al" num="s" pos="spcms" postype="preposition" wd="al"/>
                    </prep>
                    <sn>
                      <grup.nom gen="m" num="s">
                        <n gen="m" lem="servei" num="s" pos="ncms000" postype="common" sense="16:cs3" wd="servei"/>
                        <sp>
                          <prep>
                            <s lem="de" pos="sps00" postype="preposition" wd="d'"/>
                          </prep>
                          <sn>
                            <grup.nom gen="f" num="p">
                              <n gen="f" lem="urgència" num="p" pos="ncfp000" postype="common" sense="16:cs3" wd="urgències"/>
                            </grup.nom>
                          </sn>
                        </sp>
                        <sp>
                          <prep>
                            <s lem="de" pos="sps00" postype="preposition" wd="de"/>
                          </prep>
                          <sn entityref="ne" ne="location">
                            <spec gen="m" num="s">
                              <d gen="c" lem="el" num="s" pos="da0cs0" postype="article" wd="l'"/>
                            </spec>
                            <grup.nom gen="m" num="s">
                              <n gen="m" lem="hospital" num="s" pos="ncms000" postype="common" sense="16:02834408" wd="hospital"/>
                              <sn entityref="ne" ne="location">
                                <grup.nom>
                                  <n lem="Sant_Jaume" ne="location" pos="np0000l" postype="proper" sense="16:07729826" wd="Sant_Jaume"/>
                                </grup.nom>
                              </sn>
                              <sp>
                                <prep>
                                  <s lem="de" pos="sps00" postype="preposition" wd="de"/>
                                </prep>
                                <sn entityref="ne" ne="location">
                                  <grup.nom>
                                    <n lem="Calella" ne="location" pos="np0000l" postype="proper" sense="16:cs1" wd="Calella"/>
                                  </grup.nom>
                                </sn>
                              </sp>
                            </grup.nom>
                          </sn>
                        </sp>
                      </grup.nom>
                    </sn>
                  </sp>
                  <sadv arg="argM" func="cc" tem="tmp">
                    <grup.adv>
                      <r lem="després" pos="rg" wd="després"/>
                      <sp>
                        <prep>
                          <s lem="de" pos="sps00" postype="preposition" wd="de"/>
                        </prep>
                        <S clausetype="completive" impersonal="yes">
                          <infinitiu>
                            <v lem="sofrir" lss="C21.state-attributive" mood="infinitive" pos="vmn0000" postype="main" wd="sofrir"/>
                          </infinitiu>
                          <sn arg="arg2" func="cd" functype="quantitative" tem="atr">
                            <spec gen="m" num="s">
                              <d gen="m" lem="un" num="s" pos="di0ms0" postype="indefinite" wd="un"/>
                            </spec>
                            <grup.nom gen="m" num="s">
                              <n gen="m" lem="accident" num="s" pos="ncms000" postype="common" sense="16:05443572" wd="accident"/>
                              <sp>
                                <prep>
                                  <s lem="de" pos="sps00" postype="preposition" wd="de"/>
                                </prep>
                                <sn>
                                  <grup.nom gen="m" num="s">
                                    <n gen="m" lem="trànsit" num="s" pos="ncms000" postype="common" sense="16:06231214" wd="trànsit"/>
                                  </grup.nom>
                                </sn>
                              </sp>
                            </grup.nom>
                          </sn>
                        </S>
                      </sp>
                    </grup.adv>
                  </sadv>
                </S>
              </grup.nom>
            </sn>
          </sp>
        </grup.nom>
      </sn>
    </sp>
    <f lem="." pos="fp" punct="period" wd="."/>
  </sentence>
  <sentence>
    <S clausesubtype="concessive" clausetype="adverbial">
      <conj conjunctiontype="subordinating">
        <c lem="tot_i_que" pos="cs" postype="subordinating" wd="Tot_i_que"/>
      </conj>
      <sn arg="arg1" func="suj" tem="tem">
        <spec gen="f" num="p">
          <d gen="f" lem="el" num="p" pos="da0fp0" postype="article" wd="les"/>
        </spec>
        <grup.nom gen="f" num="p">
          <n gen="f" lem="lesió" num="p" pos="ncfp000" postype="common" sense="16:10257548" wd="lesions"/>
          <S clausetype="relative">
            <relatiu arg="arg1" func="cd" tem="pat">
              <p gen="c" lem="que" num="c" pos="pr0cn000" postype="relative" wd="que"/>
            </relatiu>
            <sn arg="arg0" elliptic="yes" func="suj" tem="agt"/>
            <grup.verb>
              <v lem="presentar" lss="A32.ditransitive-patient-benefactive" mood="indicative" num="s" person="3" pos="vmii3s0" postype="main" tense="imperfect" wd="presentava"/>
            </grup.verb>
          </S>
        </grup.nom>
      </sn>
      <grup.verb>
        <v lem="ser" lss="C21.state-attributive" mood="indicative" num="p" person="3" pos="vmii3p0" postype="main" tense="imperfect" wd="eren"/>
      </grup.verb>
      <sp arg="arg2" func="atr" tem="atr">
        <prep>
          <s lem="de" pos="sps00" postype="preposition" wd="de"/>
        </prep>
        <sn>
          <spec gen="f" num="s">
            <d gen="f" lem="poc" num="s" pos="di0fs0" postype="indefinite" wd="poca"/>
          </spec>
          <grup.nom gen="f" num="s">
            <n gen="f" lem="entitat" num="s" pos="ncfs000" postype="common" sense="16:00001740" wd="entitat"/>
          </grup.nom>
        </sn>
      </sp>
      <f lem="," pos="fc" punct="comma" wd=","/>
    </S>
    <sn arg="arg0" func="suj" tem="agt">
      <spec gen="m" num="s">
        <d gen="m" lem="el_seu" num="s" person="3" pos="dp3ms0" postype="possessive" wd="el_seu"/>
      </spec>
      <grup.nom gen="m" num="s">
        <n gen="m" lem="estat" num="s" pos="ncms000" postype="common" sense="16:00016185" wd="estat"/>
        <sp>
          <prep>
            <s lem="de" pos="sps00" postype="preposition" wd="de"/>
          </prep>
          <sn>
            <grup.nom gen="m" num="s">
              <n gen="m" lem="nerviosisme" num="s" pos="ncms000" postype="common" sense="16:03649233" wd="nerviosisme"/>
            </grup.nom>
          </sn>
        </sp>
      </grup.nom>
    </sn>
    <grup.verb>
      <v lem="anar" mood="indicative" num="s" person="3" pos="vaip3s0" postype="auxiliary" tense="present" wd="va"/>
      <v lem="aconsellar" lss="A32.ditransitive-patient-benefactive" mood="infinitive" pos="vmn0000" postype="main" wd="aconsellar"/>
    </grup.verb>
    <sn arg="arg2" func="ci" tem="ben">
      <spec gen="m" num="p">
        <d gen="m" lem="el" num="p" pos="da0mp0" postype="article" wd="els"/>
      </spec>
      <grup.nom gen="m" num="p">
        <n gen="m" lem="metge" num="p" pos="ncmp000" postype="common" sense="16:07220340" wd="metges"/>
      </grup.nom>
    </sn>
    <S arg="arg1" clausetype="completive" func="cd" tem="pat">
      <conj conjunctiontype="subordinating">
        <c lem="que" pos="cs" postype="subordinating" wd="que"/>
      </conj>
      <sn arg="arg1" elliptic="yes" func="suj" tem="tem"/>
      <grup.verb>
        <v lem="estar" lss="C21.state-attributive" mood="subjunctive" num="s" person="3" pos="vmsi3s0" postype="main" tense="imperfect" wd="estigués"/>
      </grup.verb>
      <sp arg="arg2" coord="yes" func="atr" tem="atr">
        <sp>
          <prep>
            <s lem="sota" pos="sps00" postype="preposition" wd="sota"/>
          </prep>
          <sn>
            <grup.nom gen="f" num="s">
              <n gen="f" lem="vigilància" num="s" pos="ncfs000" postype="common" sense="16:00428474" wd="vigilància"/>
            </grup.nom>
          </sn>
        </sp>
        <conj conjunctiontype="coordinating">
          <c lem="i" pos="cc" postype="coordinating" wd="i"/>
        </conj>
        <sp>
          <prep>
            <s lem="amb" pos="sps00" postype="preposition" wd="amb"/>
          </prep>
          <sn>
            <grup.nom gen="m" num="s">
              <n gen="m" lem="control" num="s" pos="ncms000" postype="common" sense="16:00513665" wd="control"/>
            </grup.nom>
          </sn>
        </sp>
      </sp>
      <sp arg="argM" func="cc" tem="fin">
        <prep>
          <s lem="per" pos="sps00" postype="preposition" wd="per"/>
        </prep>
        <sp>
          <prep>
            <s lem="a" pos="sps00" postype="preposition" wd="a"/>
          </prep>
          <sn>
            <spec gen="f" num="s">
              <d gen="f" lem="el" num="s" pos="da0fs0" postype="article" wd="la"/>
            </spec>
            <grup.nom gen="f" num="s">
              <n gen="f" lem="curació" num="s" pos="ncfs000" postype="common" sense="16:09718860" wd="curació"/>
              <sp>
                <prep>
                  <s lem="de" pos="sps00" postype="preposition" wd="de"/>
                </prep>
                <sn>
                  <spec gen="f" num="p">
                    <d gen="f" lem="el" num="p" pos="da0fp0" postype="article" wd="les"/>
                  </spec>
                  <grup.nom gen="f" num="p">
                    <n gen="f" lem="ferida" num="p" pos="ncfp000" postype="common" sense="16:10257548" wd="ferides"/>
                  </grup.nom>
                </sn>
              </sp>
            </grup.nom>
          </sn>
        </sp>
      </sp>
    </S>
    <f lem="." pos="fp" punct="period" wd="."/>
  </sentence>
  <sentence coord="yes">
    <S>
      <sn arg="argM" func="cc" tem="tmp">
        <spec gen="f" num="s">
          <d gen="f" lem="aquell" num="s" pos="dd0fs0" postype="demonstrative" wd="Aquella"/>
          <d gen="f" lem="mateix" num="s" pos="di0fs0" postype="indefinite" wd="mateixa"/>
        </spec>
        <grup.nom gen="f" num="s">
          <n gen="f" lem="nit" num="s" pos="ncfs000" postype="common" sense="16:10885886" wd="nit"/>
          <S clausetype="relative">
            <f lem="," pos="fc" punct="comma" wd=","/>
            <relatiu arg="argM" func="cc" tem="loc">
              <p gen="c" lem="que" num="c" pos="pr0cn000" postype="relative" wd="que"/>
            </relatiu>
            <grup.verb>
              <v lem="estar" lss="C21.state-attributive" mood="indicative" num="s" person="3" pos="vmii3s0" postype="main" tense="imperfect" wd="estava"/>
            </grup.verb>
            <sp arg="arg2" func="atr" tem="atr">
              <prep>
                <s lem="de" pos="sps00" postype="preposition" wd="de"/>
              </prep>
              <sn>
                <grup.nom gen="f" num="s">
                  <n gen="f" lem="guàrdia" num="s" pos="ncfs000" postype="common" sense="16:cs3" wd="guàrdia"/>
                </grup.nom>
              </sn>
            </sp>
            <sn arg="arg1" coord="yes" func="suj" tem="tem">
              <sn entityref="ne" ne="person">
                <grup.nom gen="m" num="s">
                  <n lem="Lluís_B.B." ne="person" pos="np0000p" postype="proper" sense="16:cs1" wd="Lluís_B.B."/>
                </grup.nom>
              </sn>
              <conj conjunctiontype="coordinating">
                <c lem="i" pos="cc" postype="coordinating" wd="i"/>
              </conj>
              <sn entityref="ne" ne="person">
                <spec gen="f" num="s">
                  <d gen="f" lem="el" num="s" pos="da0fs0" postype="article" wd="la"/>
                </spec>
                <grup.nom gen="f" num="s">
                  <n gen="f" lem="infermera" num="s" pos="ncfs000" postype="common" sense="16:07436855" wd="infermera"/>
                  <sn entityref="ne" ne="person">
                    <grup.nom gen="f" num="s">
                      <n lem="Montserrat_H." ne="person" pos="np0000p" postype="proper" sense="16:cs1" wd="Montserrat_H."/>
                    </grup.nom>
                  </sn>
                </grup.nom>
              </sn>
            </sn>
            <f lem="," pos="fc" punct="comma" wd=","/>
          </S>
        </grup.nom>
      </sn>
      <sn arg="arg0" elliptic="yes" func="suj" tem="agt"/>
      <sadv arg="argM" func="cc" tem="tmp">
        <grup.adv>
          <r lem="ja" pos="rg" wd="ja"/>
        </grup.adv>
      </sadv>
      <grup.verb>
        <v lem="anar" mood="indicative" num="p" person="3" pos="vaip3p0" postype="auxiliary" tense="present" wd="van"/>
        <v lem="haver" mood="infinitive" pos="van0000" postype="auxiliary" wd="haver"/>
        <s lem="de" pos="sps00" postype="preposition" wd="d'"/>
        <infinitiu>
          <v lem="administrar" lss="A32.ditransitive-patient-benefactive" mood="infinitive" pos="vmn0000" postype="main" wd="administrar"/>
        </infinitiu>
      </grup.verb>
      <sn arg="arg2" func="ci" tem="ben">
        <grup.nom num="s">
          <p case="dative" gen="c" lem="ell" num="s" person="3" pos="pp3csd00" postype="personal" wd="-li"/>
        </grup.nom>
      </sn>
      <sn arg="arg1" func="cd" tem="pat">
        <grup.nom gen="f" num="s">
          <n gen="f" lem="medicació" num="s" pos="ncfs000" postype="common" sense="16:00445646" wd="medicació"/>
        </grup.nom>
      </sn>
      <sp arg="argM" func="cc" tem="fin">
        <prep>
          <s lem="per" pos="sps00" postype="preposition" wd="per"/>
        </prep>
        <S clausetype="completive" impersonal="yes">
          <infinitiu>
            <v lem="reduir" lss="A11.transitive-causative" mood="infinitive" pos="vmn0000" postype="main" wd="reduir"/>
          </infinitiu>
          <sn arg="arg1" func="cd" tem="tem">
            <spec gen="f" num="s">
              <d gen="f" lem="el_seu" num="s" person="3" pos="dp3fs0" postype="possessive" wd="la_seva"/>
            </spec>
            <grup.nom gen="f" num="s">
              <n gen="f" lem="excitació" num="s" pos="ncfs000" postype="common" sense="16:05596946" wd="excitació"/>
            </grup.nom>
          </sn>
        </S>
      </sp>
      <f lem="," pos="fc" punct="comma" wd=","/>
    </S>
    <conj conjunctiontype="coordinating">
      <c lem="però" pos="cc" postype="coordinating" wd="però"/>
    </conj>
    <S>
      <sadv func="mod">
        <grup.adv>
          <r lem="tot_i_així" pos="rg" wd="tot_i_així"/>
        </grup.adv>
        <f lem="," pos="fc" punct="comma" wd=","/>
      </sadv>
      <sn arg="arg1" func="suj" tem="tem">
        <spec gen="f" num="s">
          <d gen="f" lem="el" num="s" pos="da0fs0" postype="article" wd="la"/>
        </spec>
        <grup.nom gen="f" num="s">
          <n gen="f" lem="dona" num="s" pos="ncfs000" postype="common" sense="16:07684780" wd="dona"/>
        </grup.nom>
      </sn>
      <grup.verb>
        <v lem="anar" mood="indicative" num="s" person="3" pos="vaip3s0" postype="auxiliary" tense="present" wd="va"/>
        <v lem="acabar" mood="infinitive" pos="vmn0000" postype="main" wd="acabar"/>
        <gerundi>
          <v lem="caure" lss="B21.unaccusative-state" mood="gerund" pos="vmg0000" postype="main" wd="caient"/>
        </gerundi>
      </grup.verb>
      <sp arg="argM" func="cc" tem="loc">
        <prep>
          <s contracted="yes" gen="m" lem="del" num="s" pos="spcms" postype="preposition" wd="del"/>
        </prep>
        <sn>
          <grup.nom gen="m" num="s">
            <n gen="m" lem="llit" num="s" pos="ncms000" postype="common" sense="16:02273239" wd="llit"/>
          </grup.nom>
        </sn>
      </sp>
      <sp arg="argM" func="cc" tem="cau">
        <f lem="'" pos="fz" punct="mathsign" wd="'"/>
        <prep>
          <s lem="en" pos="sps00" postype="preposition" wd="en"/>
        </prep>
        <S clausetype="completive" impersonal="yes">
          <neg func="mod">
            <r lem="no" pos="rn" postype="negative" wd="no"/>
          </neg>
          <infinitiu>
            <v lem="estar" lss="C21.state-attributive" mood="infinitive" pos="vmn0000" postype="main" wd="estar"/>
          </infinitiu>
          <S arg="arg2" clausetype="participle" func="atr" impersonal="yes" tem="atr">
            <sadv arg="argM" func="cc" tem="mnr">
              <grup.adv>
                <r lem="degudament" pos="rg" wd="degudament"/>
              </grup.adv>
            </sadv>
            <participi>
              <a gen="f" lem="acomodat" lss="B22.unaccusative-passive-transitive" num="s" pos="aq0fsp" posfunction="participle" postype="qualificative" wd="acomodada"/>
            </participi>
            <sp arg="argM" func="cc" tem="adv">
              <prep>
                <s lem="amb" pos="sps00" postype="preposition" wd="amb"/>
              </prep>
              <sn>
                <spec gen="f" num="p">
                  <d gen="f" lem="el" num="p" pos="da0fp0" postype="article" wd="les"/>
                </spec>
                <grup.nom gen="f" num="p">
                  <n gen="f" lem="mesura" num="p" pos="ncfp000" postype="common" sense="16:00113217" wd="mesures"/>
                  <sp>
                    <prep>
                      <s lem="de" pos="sps00" postype="preposition" wd="de"/>
                    </prep>
                    <sn>
                      <grup.nom gen="f" num="s">
                        <n gen="f" lem="protecció" num="s" pos="ncfs000" postype="common" sense="16:00522858" wd="protecció"/>
                      </grup.nom>
                    </sn>
                  </sp>
                  <s.a gen="f" num="p">
                    <grup.a gen="f" num="p">
                      <a gen="c" lem="pertinent" num="p" pos="aq0cp0" postype="qualificative" wd="pertinents"/>
                    </grup.a>
                  </s.a>
                </grup.nom>
              </sn>
            </sp>
          </S>
        </S>
        <f lem="'" pos="fz" punct="mathsign" wd="'"/>
      </sp>
      <sp func="ao">
        <f lem="," pos="fc" punct="comma" wd=","/>
        <prep>
          <s lem="segons" pos="sps00" postype="preposition" wd="segons"/>
        </prep>
        <sn>
          <spec gen="m" num="s">
            <d gen="m" lem="el" num="s" pos="da0ms0" postype="article" wd="el"/>
          </spec>
          <grup.nom gen="m" num="s">
            <n gen="c" lem="fiscal" num="s" pos="nccs000" postype="common" sense="16:07507504" wd="fiscal"/>
          </grup.nom>
        </sn>
      </sp>
    </S>
    <f lem="." pos="fp" punct="period" wd="."/>
  </sentence>
  <sentence>
    <sn arg="arg1" func="suj" tem="tem">
      <spec gen="f" num="s">
        <d gen="f" lem="el" num="s" pos="da0fs0" postype="article" wd="La"/>
      </spec>
      <grup.nom gen="f" num="s">
        <n gen="f" lem="dona" num="s" pos="ncfs000" postype="common" sense="16:07684780" wd="dona"/>
      </grup.nom>
    </sn>
    <grup.verb>
      <v lem="anar" mood="indicative" num="s" person="3" pos="vaip3s0" postype="auxiliary" tense="present" wd="va"/>
      <v lem="sofrir" lss="C21.state-attributive" mood="infinitive" pos="vmn0000" postype="main" wd="sofrir"/>
    </grup.verb>
    <sn arg="arg2" coord="yes" func="cd" functype="quantitative" tem="atr">
      <sn>
        <spec gen="m" num="s">
          <d gen="m" lem="un" num="s" pos="di0ms0" postype="indefinite" wd="un"/>
        </spec>
        <grup.nom gen="m" num="s">
          <n gen="m" lem="traumatisme" num="s" pos="ncms000" postype="common" sense="16:10257548" wd="traumatisme"/>
          <s.a gen="m" num="s">
            <grup.a gen="m" num="s">
              <a gen="m" lem="craneo-encefàlic" num="s" pos="aq0ms0" postype="qualificative" wd="craneo-encefàlic"/>
            </grup.a>
          </s.a>
        </grup.nom>
      </sn>
      <conj conjunctiontype="coordinating">
        <c lem="i" pos="cc" postype="coordinating" wd="i"/>
      </conj>
      <sn>
        <spec gen="m" num="s">
          <d gen="m" lem="un" num="s" pos="di0ms0" postype="indefinite" wd="un"/>
        </spec>
        <grup.nom gen="m" num="s">
          <n gen="m" lem="hematoma" num="s" pos="ncms000" postype="common" sense="16:10259769" wd="hematoma"/>
          <s.a gen="m" num="s">
            <grup.a gen="m" num="s">
              <a gen="c" lem="cerebral" num="s" pos="aq0cs0" postype="qualificative" wd="cerebral"/>
            </grup.a>
          </s.a>
          <S clausetype="relative" coord="yes">
            <f lem="," pos="fc" punct="comma" wd=","/>
            <relatiu arg="arg1" func="suj" tem="tem">
              <p gen="c" lem="que" num="c" pos="pr0cn000" postype="relative" wd="que"/>
            </relatiu>
            <neg adjunct="yes" func="mod">
              <r lem="no" pos="rn" postype="negative" wd="no"/>
            </neg>
            <sn adjunct="yes" arg="arg2" func="ci" tem="ben">
              <grup.nom num="s">
                <p case="dative" gen="c" lem="ell" num="s" person="3" pos="pp3csd00" postype="personal" wd="li"/>
              </grup.nom>
            </sn>
            <S clausetype="relative" coord="yes">
              <S clausetype="relative">
                <grup.verb>
                  <v lem="anar" mood="indicative" num="s" person="3" pos="vaip3s0" postype="auxiliary" tense="present" wd="va"/>
                  <v lem="ser" mood="infinitive" pos="vsn0000" postype="semiauxiliary" wd="ser"/>
                  <v gen="m" lem="valorar" lss="B22.unaccusative-passive-transitive" mood="participle" num="s" pos="vmp00sm" postype="main" wd="valorat"/>
                </grup.verb>
              </S>
              <conj conjunctiontype="coordinating">
                <c lem="ni" pos="cc" postype="coordinating" wd="ni"/>
              </conj>
              <S clausetype="relative" verbless="yes">
                <participi>
                  <v gen="m" lem="tractar" mood="participle" num="s" pos="vmp00sm" postype="main" wd="tractat"/>
                </participi>
              </S>
            </S>
            <sp adjunct="yes" arg="argM" func="cc" tem="tmp">
              <prep>
                <s lem="fins" pos="sps00" postype="preposition" wd="fins"/>
              </prep>
              <sadv>
                <sn adjunct="yes">
                  <spec coord="yes" gen="f" num="p">
                    <spec gen="f" num="p">
                      <z lem="8" ne="number" wd="8"/>
                    </spec>
                    <conj conjunctiontype="coordinating">
                      <c lem="o" pos="cc" postype="coordinating" wd="o"/>
                    </conj>
                    <spec gen="f" num="p">
                      <z lem="9" ne="number" wd="9"/>
                    </spec>
                  </spec>
                  <grup.nom gen="f" num="p">
                    <n gen="f" lem="hora" num="p" pos="ncfp000" postype="common" sense="16:10938063" wd="hores"/>
                  </grup.nom>
                </sn>
                <sadv>
                  <grup.adv>
                    <r lem="després" pos="rg" wd="després"/>
                    <inc>
                      <S>
                        <f lem="," pos="fc" punct="comma" wd=","/>
                        <grup.verb>
                          <v lem="assenyalar" lss="A21.transitive-agentive-patient" mood="indicative" num="s" person="3" pos="vmip3s0" postype="main" tense="present" wd="assenyala"/>
                        </grup.verb>
                        <sn arg="arg0" func="suj" tem="agt">
                          <spec gen="f" num="s">
                            <d gen="c" lem="el" num="s" pos="da0cs0" postype="article" wd="l'"/>
                          </spec>
                          <grup.nom gen="f" num="s">
                            <n gen="f" lem="acusació" num="s" pos="ncfs000" postype="common" sense="16:05401516" wd="acusació"/>
                          </grup.nom>
                        </sn>
                        <f lem="," pos="fc" punct="comma" wd=","/>
                      </S>
                    </inc>
                    <S clausetype="relative">
                      <relatiu arg="argM" func="cc" tem="tmp">
                        <p lem="quan" pos="pr000000" postype="relative" wd="quan"/>
                      </relatiu>
                      <sn arg="arg1" elliptic="yes" func="suj" tem="tem"/>
                      <grup.verb>
                        <v lem="anar" mood="indicative" num="s" person="3" pos="vaip3s0" postype="auxiliary" tense="present" wd="va"/>
                        <v lem="entrar" lss="C21.state-attributive" mood="infinitive" pos="vmn0000" postype="main" wd="entrar"/>
                      </grup.verb>
                      <sp arg="argL" func="creg">
                        <prep>
                          <s lem="en" pos="sps00" postype="preposition" wd="en"/>
                        </prep>
                        <sn>
                          <grup.nom gen="f" num="s">
                            <n gen="f" lem="coma" num="s" pos="ncfs000" postype="common" sense="16:04390553" wd="coma"/>
                          </grup.nom>
                        </sn>
                      </sp>
                    </S>
                  </grup.adv>
                </sadv>
              </sadv>
            </sp>
          </S>
        </grup.nom>
      </sn>
    </sn>
    <f lem="." pos="fp" punct="period" wd="."/>
  </sentence>
  <sentence>
    <sn arg="arg0" func="suj" tem="agt">
      <spec gen="f" num="s">
        <d gen="f" lem="el" num="s" pos="da0fs0" postype="article" wd="La"/>
      </spec>
      <grup.nom gen="f" num="s">
        <n gen="c" lem="pacient" num="s" pos="nccs000" postype="common" sense="16:07461272" wd="pacient"/>
      </grup.nom>
    </sn>
    <grup.verb>
      <v lem="anar" mood="indicative" num="s" person="3" pos="vaip3s0" postype="auxiliary" tense="present" wd="va"/>
      <v lem="ser" mood="infinitive" pos="vsn0000" postype="semiauxiliary" wd="ser"/>
      <sadv arg="argM" func="cc" tem="tmp">
        <grup.adv>
          <r lem="llavors" pos="rg" wd="llavors"/>
        </grup.adv>
      </sadv>
      <sadv arg="argM" func="cc" tem="adv">
        <grup.adv>
          <r lem="immediatament" pos="rg" wd="immediatament"/>
        </grup.adv>
      </sadv>
      <v gen="f" lem="traslladar" lss="A31.ditransitive-patient-locative" mood="participle" num="s" pos="vmp00sf" postype="main" wd="traslladada"/>
    </grup.verb>
    <sp arg="arg4" func="cc" tem="des">
      <prep>
        <s lem="a" pos="sps00" postype="preposition" wd="a"/>
      </prep>
      <sn entityref="ne" ne="organization">
        <spec gen="m" num="s">
          <d gen="c" lem="el" num="s" pos="da0cs0" postype="article" wd="l'"/>
        </spec>
        <grup.nom gen="m" num="s">
          <n gen="m" lem="hospital" num="s" pos="ncms000" postype="common" sense="16:02834408" wd="hospital"/>
          <sn entityref="ne" ne="organization">
            <grup.nom>
              <n lem="Germans_Trias_i_Pujol" ne="organization" pos="np0000o" postype="proper" sense="16:cs1" wd="Germans_Trias_i_Pujol"/>
            </grup.nom>
          </sn>
          <S clausetype="relative">
            <f lem="," pos="fc" punct="comma" wd=","/>
            <relatiu arg="argM" func="cc" tem="loc">
              <p lem="on" pos="pr000000" postype="relative" wd="on"/>
            </relatiu>
            <sn arg="arg1" elliptic="yes" func="suj" tem="tem"/>
            <grup.verb>
              <v lem="anar" mood="indicative" num="s" person="3" pos="vaip3s0" postype="auxiliary" tense="present" wd="va"/>
              <v lem="morir" lss="B21.unaccusative-state" mood="infinitive" pos="vmn0000" postype="main" wd="morir"/>
            </grup.verb>
            <sadv arg="argM" func="cc" tem="tmp">
              <grup.adv>
                <r lem="després" pos="rg" wd="després"/>
                <sp>
                  <prep>
                    <s lem="de" pos="sps00" postype="preposition" wd="de"/>
                  </prep>
                  <S clausetype="completive" impersonal="yes">
                    <infinitiu>
                      <v lem="ser" mood="infinitive" pos="vsn0000" postype="semiauxiliary" wd="ser"/>
                      <v gen="f" lem="intervenir" lss="B22.unaccusative-passive-transitive" mood="participle" num="s" pos="vmp00sf" postype="main" wd="intervinguda"/>
                    </infinitiu>
                    <sn arg="argM" entityref="ne" func="cc" ne="date" tem="tmp">
                      <spec gen="m" num="s">
                        <d gen="c" lem="el" num="s" pos="da0cs0" postype="article" wd="l'"/>
                      </spec>
                      <grup.nom gen="m" num="s">
                        <w lem="[??:01/09/1994:??.??]" ne="date" wd="1_de_setembre_de_1994"/>
                      </grup.nom>
                    </sn>
                  </S>
                </sp>
              </grup.adv>
            </sadv>
          </S>
        </grup.nom>
      </sn>
    </sp>
    <f lem="." pos="fp" punct="period" wd="."/>
  </sentence>
</article>
