<?xml version="1.0" encoding="UTF-8"?>
<!-- 

  ancora-2.0
       
			Copyright (C) 2007, 2008, 2009, 2010, 2011 UB - CLiC
			Centre de Llenguatge i Computació - Universitat de Barcelona
 
  This file is part of ancora-2.0.
 
  ancora-2.0 is free software and data: you can redistribute it and/or modify
  it under the terms of the GNU General Public License as published
  by the Free Software Foundation, either version 3 of the License,
  or (at your option) any later version.

  ancora-2.0 is distributed in the hope that it will be useful,
  but WITHOUT ANY WARRANTY; without even the implied warranty of
  MERCHANTABILITY or FITNESS FOR A PARTICULAR PURPOSE.  See the
  GNU General Public License for more details.
 
  You should have received a copy of the GNU General Public License
  along with ancora-2.0.  If not, see &lt;http://www.gnu.org/licenses/&gt;.
 
  Check a text in catalan explaining the terms of the license at http://www.softcatala.cat/wiki/GPL3.
  In spanish at http://www.viti.es/gnu/licenses/gpl.html
 

  The following paper must be cited when using this corpus:

 * Taulé, M., M.A. Martí, M. Recasens (2008) 'Ancora: Multilevel Annotated Corpora for Catalan and Spanish',
   Proceedings of 6th International Conference on Language Resources and Evaluation. Marrakesh (Morocco).

  In addition, the following paper must be cited if coreference information (attributes entity, coreftype,
  corefsubtype, homophoricDD or entityref) is used:

 * Recasens, Marta, M. Antònia Martí (2010) ‘AnCora-CO: Coreferentially annotated corpora for Spanish and
   Catalan’. Language Resources and Evaluation, Springer Science.

  Additionally, the following paper must be cited when argumental attributes in "sn" or "grup.nom"
  (attributes func, arg, tem or lexicalid) are used:

 * Peris, Aina, Mariona Taulé, Horacio Rodríguez (2010) ‘Semantic Annotation of Deverbal Nominalizations in the
   Spanish AnCora corpus’. Treebanks and Linguistic Theories (TLT-2010), Estonia.
-->
<article lng="es">
  <sentence>
    <S arg="arg1" clausetype="completive" func="cd" tem="pat">
      <sn arg="arg2" func="suj" tem="loc">
        <spec gen="f" num="p">
          <d gen="f" lem="el" num="p" pos="da0fp0" postype="article" wd="Las"/>
        </spec>
        <grup.nom gen="f" num="p">
          <n gen="f" lem="exportación" lexicalid="noun.exportación.1.default" num="p" origin="deverbal" pos="ncfp000" postype="common" sense="16:00721409" wd="exportaciones"/>
          <sp arg="arg1" func="cn" tem="pat">
            <prep>
              <s lem="de" pos="sps00" postype="preposition" wd="de"/>
            </prep>
            <sn>
              <grup.nom gen="m" num="p">
                <n gen="m" lem="vino" num="p" pos="ncmp000" postype="common" sense="16:05916701" wd="vinos"/>
                <s.a gen="m" num="p">
                  <grup.a gen="m" num="p">
                    <a gen="m" lem="chileno" num="p" pos="aq0mp0" postype="qualificative" wd="chilenos"/>
                  </grup.a>
                </s.a>
              </grup.nom>
            </sn>
          </sp>
        </grup.nom>
      </sn>
      <grup.verb>
        <v lem="registrar" lss="A31.ditransitive-patient-locative" mood="indicative" num="p" person="3" pos="vmis3p0" postype="main" tense="past" wd="registraron"/>
      </grup.verb>
      <sn arg="arg1" func="cd" tem="pat">
        <spec gen="m" num="s">
          <d gen="m" lem="uno" num="s" pos="di0ms0" postype="indefinite" wd="un"/>
        </spec>
        <grup.nom gen="m" num="s">
          <n gen="m" lem="aumento" lexicalid="noun.aumento.1.anticausative" num="s" origin="deverbal" pos="ncms000" postype="common" sense="16:00233535" wd="aumento"/>
          <sp arg="argM" func="cn" tem="ext">
            <prep>
              <s contracted="yes" gen="m" lem="del" num="s" pos="spcms" postype="preposition" wd="del"/>
            </prep>
            <sn entityref="ne" ne="number">
              <grup.nom gen="m" num="s">
                <z lem="23,3_%" ne="number" pos="zp" postype="percentage" wd="23,3_por_ciento"/>
              </grup.nom>
            </sn>
          </sp>
        </grup.nom>
      </sn>
      <sp arg="argM" func="cc" tem="tmp">
        <prep>
          <s lem="en" pos="sps00" postype="preposition" wd="en"/>
        </prep>
        <sn entityref="ne" ne="date">
          <grup.nom>
            <w lem="[??:??/4/??:??.??]" ne="date" wd="abril_pasado"/>
          </grup.nom>
        </sn>
      </sp>
      <sp arg="argM" func="cc" tem="adv">
        <prep>
          <s lem="en" pos="sps00" postype="preposition" wd="en"/>
        </prep>
        <sn>
          <grup.nom gen="f" num="s">
            <n gen="f" lem="comparación" lexicalid="noun.comparación.2.default" num="s" origin="deverbal" pos="ncfs000" postype="common" sense="16:09980356" wd="comparación"/>
            <sp arg="arg2" func="cn" tem="tem">
              <prep>
                <s lem="con" pos="sps00" postype="preposition" wd="con"/>
              </prep>
              <sn>
                <spec gen="m" num="s">
                  <d gen="m" lem="el" num="s" pos="da0ms0" postype="article" wd="el"/>
                  <d gen="m" lem="mismo" num="s" pos="di0ms0" postype="indefinite" wd="mismo"/>
                </spec>
                <grup.nom gen="m" num="s">
                  <n gen="m" lem="mes" num="s" pos="ncms000" postype="common" sense="16:10922179" wd="mes"/>
                  <sp>
                    <prep>
                      <s lem="de" pos="sps00" postype="preposition" wd="de"/>
                    </prep>
                    <sn entityref="ne" ne="date">
                      <grup.nom>
                        <w lem="[??:??/??/1999:??.??]" ne="date" wd="1999"/>
                      </grup.nom>
                    </sn>
                  </sp>
                </grup.nom>
              </sn>
            </sp>
          </grup.nom>
        </sn>
      </sp>
      <sp arg="argM" func="cc" tem="adv">
        <f lem="," pos="fc" punct="comma" wd=","/>
        <prep>
          <s lem="hasta" pos="sps00" postype="preposition" wd="hasta"/>
        </prep>
        <sn entityref="ne" ne="number">
          <spec gen="m" num="p">
            <d gen="m" lem="el" num="p" pos="da0mp0" postype="article" wd="los"/>
            <z lem="164.4" ne="number" wd="164,4"/>
          </spec>
          <grup.nom gen="m" num="p">
            <n gen="m" lem="millón" num="p" pos="ncmp000" postype="common" sense="16:09902865" wd="millones"/>
            <sp>
              <prep>
                <s lem="de" pos="sps00" postype="preposition" wd="de"/>
              </prep>
              <grup.nom gen="m" num="p">
                <z lem="dólar" ne="number" pos="zm" postype="currency" wd="dólares"/>
              </grup.nom>
            </sp>
          </grup.nom>
        </sn>
        <f lem="," pos="fc" punct="comma" wd=","/>
      </sp>
    </S>
    <grup.verb>
      <v lem="informar" lss="A34.ditransitive-patient-theme" mood="indicative" num="p" person="3" pos="vmis3p0" postype="main" tense="past" wd="informaron"/>
    </grup.verb>
    <sadv arg="argM" func="cc" tem="tmp">
      <grup.adv>
        <r lem="hoy" pos="rg" wd="hoy"/>
      </grup.adv>
    </sadv>
    <sn arg="arg0" func="suj" tem="agt">
      <grup.nom gen="f" num="p">
        <n gen="f" lem="fuente" num="p" pos="ncfp000" postype="common" sense="16:05005140" wd="fuentes"/>
        <sp>
          <prep>
            <s contracted="yes" gen="m" lem="del" num="s" pos="spcms" postype="preposition" wd="del"/>
          </prep>
          <sn>
            <grup.nom gen="m" num="s">
              <n gen="m" lem="sector" num="s" pos="ncms000" postype="common" sense="16:06214548" wd="sector"/>
            </grup.nom>
          </sn>
        </sp>
      </grup.nom>
    </sn>
    <f lem="." pos="fp" punct="period" wd="."/>
  </sentence>
  <sentence>
    <sn arg="arg1" func="suj" tem="tem">
      <spec gen="m" num="s">
        <d gen="m" lem="el" num="s" pos="da0ms0" postype="article" wd="El"/>
      </spec>
      <grup.nom gen="m" num="s">
        <n gen="m" lem="volumen" num="s" pos="ncms000" postype="common" sense="16:03977751" wd="volumen"/>
        <S clausetype="participle" impersonal="yes">
          <participi>
            <a gen="m" lem="exportado" num="s" pos="aq0msp" posfunction="participle" postype="qualificative" wd="exportado"/>
          </participi>
        </S>
      </grup.nom>
    </sn>
    <grup.verb>
      <v lem="ascender" lss="B21.unaccusative-state" mood="indicative" num="s" person="3" pos="vmis3s0" postype="main" tense="past" wd="ascendió"/>
    </grup.verb>
    <sp arg="arg2" func="cc" tem="ext">
      <prep>
        <s lem="a" pos="sps00" postype="preposition" wd="a"/>
      </prep>
      <sn entityref="ne" ne="number">
        <spec gen="m" num="p">
          <z lem="74" ne="number" wd="74"/>
        </spec>
        <grup.nom gen="m" num="p">
          <n gen="m" lem="millón" num="p" pos="ncmp000" postype="common" sense="16:09902865" wd="millones"/>
          <sp>
            <prep>
              <s lem="de" pos="sps00" postype="preposition" wd="de"/>
            </prep>
            <sn entityref="ne" ne="number">
              <grup.nom gen="m" num="p">
                <n gen="m" lem="litro" num="p" pos="ncmp000" postype="common" sense="16:09794447" wd="litros"/>
              </grup.nom>
            </sn>
          </sp>
          <sn>
            <f lem="," pos="fc" punct="comma" wd=","/>
            <sn entityref="ne" ne="number">
              <spec gen="m" num="s">
                <d gen="m" lem="uno" num="s" pos="di0ms0" postype="indefinite" wd="un"/>
              </spec>
              <grup.nom gen="m" num="s">
                <z lem="22,17_%" ne="number" pos="zp" postype="percentage" wd="22,17_por_ciento"/>
              </grup.nom>
              <sadv>
                <grup.adv>
                  <r lem="más" pos="rg" wd="más"/>
                </grup.adv>
              </sadv>
            </sn>
            <S adjunct="yes" clausesubtype="comparative" clausetype="adverbial" verbless="yes">
              <conj conjunctiontype="subordinating">
                <c lem="que" pos="cs" postype="subordinating" wd="que"/>
              </conj>
              <sn entityref="ne" ne="date">
                <spec gen="m" num="s">
                  <d gen="m" lem="el" num="s" pos="da0ms0" postype="article" wd="el"/>
                </spec>
                <grup.nom gen="m" num="s">
                  <w lem="[??:??/??/??:??.??]" ne="date" wd="año_pasado"/>
                  <S clausetype="adverbial">
                    <f lem="," pos="fc" punct="comma" wd=","/>
                    <conj conjunctiontype="subordinating">
                      <c lem="cuando" pos="cs" postype="subordinating" wd="cuando"/>
                    </conj>
                    <morfema.verbal func="pass">
                      <p gen="c" lem="se" num="c" pos="p0000000" wd="se"/>
                    </morfema.verbal>
                    <grup.verb>
                      <v lem="vender" lss="B22.unaccusative-passive-transitive" mood="indicative" num="p" person="3" pos="vmis3p0" postype="main" tense="past" wd="vendieron"/>
                    </grup.verb>
                    <sp arg="arg2" func="ci" tem="ben">
                      <prep>
                        <s contracted="yes" gen="m" lem="al" num="s" pos="spcms" postype="preposition" wd="al"/>
                      </prep>
                      <sn>
                        <grup.nom gen="m" num="s">
                          <n gen="m" lem="exterior" num="s" pos="ncms000" postype="common" sense="16:06346129" wd="exterior"/>
                        </grup.nom>
                      </sn>
                    </sp>
                    <sn arg="arg1" func="suj" tem="pat">
                      <spec gen="m" num="p">
                        <z lem="60.57" ne="number" wd="60.57"/>
                      </spec>
                      <grup.nom gen="m" num="p">
                        <n gen="m" lem="millón" num="p" pos="ncmp000" postype="common" sense="16:09902865" wd="millones"/>
                      </grup.nom>
                    </sn>
                  </S>
                </grup.nom>
              </sn>
            </S>
          </sn>
        </grup.nom>
      </sn>
    </sp>
    <S arg="argM" clausetype="adverbial" func="cc" tem="adv">
      <f lem="," pos="fc" punct="comma" wd=","/>
      <conj conjunctiontype="subordinating">
        <c lem="según" pos="cs" postype="subordinating" wd="según"/>
      </conj>
      <grup.verb>
        <v lem="precisar" lss="A21.transitive-agentive-patient" mood="indicative" num="s" person="3" pos="vmis3s0" postype="main" tense="past" wd="precisó"/>
      </grup.verb>
      <sn arg="arg0" func="suj" tem="agt">
        <spec gen="m" num="s">
          <d gen="m" lem="uno" num="s" pos="di0ms0" postype="indefinite" wd="un"/>
        </spec>
        <grup.nom gen="m" num="s">
          <n gen="m" lem="informe" lexicalid="noun.informe.1.default" num="s" origin="deverbal" pos="ncms000" postype="common" sense="16:05391713" wd="informe"/>
          <sp arg="arg0" func="cn" tem="agt">
            <prep>
              <s lem="de" pos="sps00" postype="preposition" wd="de"/>
            </prep>
            <sn entityref="ne" ne="organization">
              <spec gen="f" num="s">
                <d gen="f" lem="el" num="s" pos="da0fs0" postype="article" wd="la"/>
              </spec>
              <grup.nom gen="f" num="s">
                <n lem="Asociación_de_Productores_y_Exportadores_de_Vinos_Finos" ne="organization" pos="np0000o" postype="proper" sense="16:cs1" wd="Asociación_de_Productores_y_Exportadores_de_Vinos_Finos"/>
                <sn entityref="ne" ne="organization">
                  <f lem="(" pos="fpa" punct="bracket" punctenclose="open" wd="("/>
                  <grup.nom gen="f" num="s">
                    <n lem="Chilevid" ne="organization" pos="np0000o" postype="proper" sense="16:cs1" wd="Chilevid"/>
                  </grup.nom>
                  <f lem=")" pos="fpt" punct="bracket" punctenclose="close" wd=")"/>
                </sn>
              </grup.nom>
            </sn>
          </sp>
        </grup.nom>
      </sn>
    </S>
    <f lem="." pos="fp" punct="period" wd="."/>
  </sentence>
  <sentence>
    <sn arg="arg1" func="suj" tem="tem">
      <spec gen="f" num="p">
        <d gen="f" lem="el" num="p" pos="da0fp0" postype="article" wd="Las"/>
      </spec>
      <grup.nom gen="f" num="p">
        <n gen="f" lem="exportación" lexicalid="noun.exportación.1.default" num="p" origin="deverbal" pos="ncfp000" postype="common" sense="16:00721409" wd="exportaciones"/>
        <s.a func="cn" gen="f" num="p">
          <grup.a gen="f" num="p">
            <a gen="c" lem="total" num="p" pos="aq0cp0" postype="qualificative" wd="totales"/>
          </grup.a>
        </s.a>
      </grup.nom>
    </sn>
    <grup.verb>
      <v lem="pasar" lss="C21.state-attributive" mood="indicative" num="p" person="3" pos="vmis3p0" postype="main" tense="past" wd="pasaron"/>
    </grup.verb>
    <sp arg="arg3" func="cc" tem="ein">
      <prep>
        <s lem="de" pos="sps00" postype="preposition" wd="de"/>
      </prep>
      <sn entityref="ne" ne="number">
        <spec gen="m" num="p">
          <d gen="m" lem="el" num="p" pos="da0mp0" postype="article" wd="los"/>
          <z lem="12.3" ne="number" wd="12,3"/>
        </spec>
        <grup.nom gen="m" num="p">
          <n gen="m" lem="millón" num="p" pos="ncmp000" postype="common" sense="16:09902865" wd="millones"/>
          <sp>
            <prep>
              <s lem="de" pos="sps00" postype="preposition" wd="de"/>
            </prep>
            <sn entityref="ne" ne="number">
              <grup.nom gen="m" num="p">
                <z lem="dólar" ne="number" pos="zm" postype="currency" wd="dólares"/>
              </grup.nom>
            </sn>
          </sp>
          <sp>
            <prep>
              <s lem="en" pos="sps00" postype="preposition" wd="en"/>
            </prep>
            <sn entityref="ne" ne="date">
              <grup.nom>
                <w lem="[??:??/??/1999:??.??]" ne="date" wd="1999"/>
              </grup.nom>
            </sn>
          </sp>
        </grup.nom>
      </sn>
    </sp>
    <sp arg="arg4" func="cc" tem="efi">
      <prep>
        <s lem="a" pos="sps00" postype="preposition" wd="a"/>
      </prep>
      <sn>
        <spec gen="m" num="p">
          <d gen="m" lem="el" num="p" pos="da0mp0" postype="article" wd="los"/>
          <z lem="14.8" ne="number" wd="14,8"/>
        </spec>
        <grup.nom gen="m" num="p">
          <n gen="m" lem="millón" num="p" pos="ncmp000" postype="common" sense="16:09902865" wd="millones"/>
          <sp>
            <prep>
              <s lem="en" pos="sps00" postype="preposition" wd="en"/>
            </prep>
            <sn>
              <spec gen="m" num="s">
                <d gen="m" lem="el" num="s" pos="da0ms0" postype="article" wd="el"/>
              </spec>
              <grup.nom gen="m" num="s">
                <s.a gen="m" num="s">
                  <grup.a gen="m" num="s">
                    <a gen="c" lem="presente" num="s" pos="aq0cs0" postype="qualificative" wd="presente"/>
                  </grup.a>
                </s.a>
                <n gen="m" lem="año" num="s" pos="ncms000" postype="common" sense="16:10917509" wd="año"/>
              </grup.nom>
            </sn>
          </sp>
        </grup.nom>
      </sn>
    </sp>
    <sn func="ao">
      <f lem="," pos="fc" punct="comma" wd=","/>
      <spec gen="m" num="s">
        <d gen="c" lem="el" num="s" pos="da0ns0" postype="article" wd="lo"/>
      </spec>
      <S clausetype="relative">
        <relatiu arg="arg1" func="suj" tem="tem">
          <p gen="c" lem="que" num="c" pos="pr0cn000" postype="relative" wd="que"/>
        </relatiu>
        <grup.verb>
          <v lem="suponer" lss="C21.state-attributive" mood="indicative" num="s" person="3" pos="vmip3s0" postype="main" tense="present" wd="supone"/>
        </grup.verb>
        <sn arg="arg2" func="cd" functype="quantitative" tem="atr">
          <spec gen="f" num="s">
            <d gen="f" lem="uno" num="s" pos="di0fs0" postype="indefinite" wd="una"/>
          </spec>
          <grup.nom gen="f" num="s">
            <n gen="f" lem="subida" lexicalid="noun.subida.4.default" num="s" origin="deverbal" pos="ncfs000" postype="common" sense="16:05459005" wd="subida"/>
            <sp arg="argM" func="cn" tem="ext">
              <prep>
                <s contracted="yes" gen="m" lem="del" num="s" pos="spcms" postype="preposition" wd="del"/>
              </prep>
              <sn entityref="ne" ne="number">
                <grup.nom gen="m" num="s">
                  <z lem="20,47_%" ne="number" pos="zp" postype="percentage" wd="20,47_por_ciento"/>
                </grup.nom>
              </sn>
            </sp>
          </grup.nom>
        </sn>
      </S>
    </sn>
    <f lem="." pos="fp" punct="period" wd="."/>
  </sentence>
  <sentence>
    <sn arg="arg1" func="suj" tem="tem">
      <spec gen="m" num="s">
        <d gen="m" lem="el" num="s" pos="da0ms0" postype="article" wd="El"/>
      </spec>
      <grup.nom gen="m" num="s">
        <n gen="m" lem="precio" num="s" pos="ncms000" postype="common" sense="16:09576753" wd="precio"/>
        <sadv>
          <grup.adv>
            <r lem="medio" pos="rg" wd="medio"/>
          </grup.adv>
        </sadv>
        <sp>
          <prep>
            <s lem="por" pos="sps00" postype="preposition" wd="por"/>
          </prep>
          <sn>
            <grup.nom gen="m" num="s">
              <n gen="m" lem="litro" num="s" pos="ncms000" postype="common" sense="16:09794447" wd="litro"/>
            </grup.nom>
          </sn>
        </sp>
      </grup.nom>
    </sn>
    <sadv func="mod">
      <grup.adv>
        <r lem="también" pos="rg" wd="también"/>
      </grup.adv>
    </sadv>
    <grup.verb>
      <v lem="experimentar" lss="C21.state-attributive" mood="indicative" num="s" person="3" pos="vmis3s0" postype="main" tense="past" wd="experimentó"/>
    </grup.verb>
    <sn arg="arg2" func="cd" functype="quantitative" tem="atr">
      <spec gen="m" num="s">
        <d gen="m" lem="uno" num="s" pos="di0ms0" postype="indefinite" wd="un"/>
      </spec>
      <grup.nom gen="f" num="s">
        <n gen="f" lem="alza" lexicalid="noun.alza.3.anticausative" num="s" origin="deverbal" pos="ncfs000" postype="common" sense="16:cs1" wd="alza"/>
        <sp arg="argM" func="cn" tem="ext">
          <f lem="," pos="fc" punct="comma" wd=","/>
          <prep>
            <s lem="desde" pos="sps00" postype="preposition" wd="desde"/>
          </prep>
          <sn entityref="ne" ne="number">
            <spec gen="m" num="p">
              <z lem="2.1" ne="number" wd="2,1"/>
            </spec>
            <grup.nom gen="m" num="p">
              <z lem="dólar" ne="number" pos="zm" postype="currency" wd="dólares"/>
            </grup.nom>
          </sn>
        </sp>
        <sp arg="argM" func="cn" tem="ext">
          <prep>
            <s lem="a" pos="sps00" postype="preposition" wd="a"/>
          </prep>
          <sn entityref="ne" ne="number">
            <spec gen="m" num="p">
              <z lem="2.2" ne="number" wd="2,2"/>
            </spec>
            <grup.nom gen="m" num="p">
              <z lem="dólar" ne="number" pos="zm" postype="currency" wd="dólares"/>
            </grup.nom>
          </sn>
        </sp>
      </grup.nom>
    </sn>
    <f lem="." pos="fp" punct="period" wd="."/>
  </sentence>
  <sentence>
    <sn arg="arg1" func="suj" tem="pat">
      <spec gen="m" num="s">
        <d gen="m" lem="el" num="s" pos="da0ms0" postype="article" wd="El"/>
      </spec>
      <grup.nom gen="m" num="s">
        <n gen="m" lem="aumento" lexicalid="noun.aumento.3.anticausative" num="s" origin="deverbal" pos="ncms000" postype="common" sense="16:00233535" wd="aumento"/>
        <S clausetype="participle" func="cn" impersonal="yes">
          <participi>
            <a gen="m" lem="sostenido" num="s" pos="aq0msp" posfunction="participle" postype="qualificative" wd="sostenido"/>
          </participi>
        </S>
        <S clausetype="relative" func="cn">
          <relatiu arg="arg2" func="cd" functype="quantitative" tem="atr">
            <p gen="c" lem="que" num="c" pos="pr0cn000" postype="relative" wd="que"/>
          </relatiu>
          <grup.verb>
            <v lem="haber" mood="indicative" num="s" person="3" pos="vaip3s0" postype="auxiliary" tense="present" wd="ha"/>
            <v gen="m" lem="experimentar" lss="C21.state-attributive" mood="participle" num="s" pos="vmp00sm" postype="main" wd="experimentado"/>
          </grup.verb>
          <sn arg="arg1" func="suj" tem="tem">
            <spec gen="f" num="s">
              <d gen="f" lem="el" num="s" pos="da0fs0" postype="article" wd="la"/>
            </spec>
            <grup.nom gen="f" num="s">
              <n gen="f" lem="exportación" lexicalid="noun.exportación.1.default" num="s" origin="deverbal" pos="ncfs000" postype="common" sense="16:00721409" wd="exportación"/>
              <s.a arg="arg1" func="cn" gen="f" num="s" tem="pat">
                <grup.a gen="f" num="s">
                  <a gen="c" lem="vitivinícola" num="s" pos="aq0cs0" postype="qualificative" wd="vitivinícola"/>
                </grup.a>
              </s.a>
            </grup.nom>
          </sn>
          <sp arg="argM" func="cc" tem="tmp">
            <prep>
              <s lem="durante" pos="sps00" postype="preposition" wd="durante"/>
            </prep>
            <sn>
              <spec gen="m" num="p">
                <d gen="m" lem="el" num="p" pos="da0mp0" postype="article" wd="los"/>
                <a gen="m" lem="último" num="p" pos="ao0mp0" postype="ordinal" wd="últimos"/>
                <d gen="c" lem="cuatro" num="p" pos="dn0cp0" postype="numeral" wd="cuatro"/>
              </spec>
              <grup.nom gen="m" num="p">
                <n gen="m" lem="mes" num="p" pos="ncmp000" postype="common" sense="16:10919146" wd="meses"/>
              </grup.nom>
            </sn>
          </sp>
        </S>
      </grup.nom>
    </sn>
    <grup.verb>
      <v lem="ser" mood="indicative" num="s" person="3" pos="vsis3s0" postype="semiauxiliary" tense="past" wd="fue"/>
      <v gen="m" lem="valorar" lss="B22.unaccusative-passive-transitive" mood="participle" num="s" pos="vmp00sm" postype="main" wd="valorado"/>
    </grup.verb>
    <sp arg="arg0" func="cag" tem="agt">
      <prep>
        <s lem="por" pos="sps00" postype="preposition" wd="por"/>
      </prep>
      <sn complex="yes">
        <spec gen="m" num="p">
          <d gen="m" lem="el" num="p" pos="da0mp0" postype="article" wd="los"/>
        </spec>
        <grup.nom coord="yes">
          <grup.nom gen="m" num="p">
            <n gen="m" lem="productor" num="p" pos="ncmp000" postype="common" sense="16:05461357" wd="productores"/>
          </grup.nom>
          <conj conjunctiontype="coordinating">
            <c lem="y" pos="cc" postype="coordinating" wd="y"/>
          </conj>
          <grup.nom gen="m" num="p">
            <n gen="m" lem="exportador" num="p" pos="ncmp000" postype="common" sense="16:07253113" wd="exportadores"/>
          </grup.nom>
        </grup.nom>
      </sn>
    </sp>
    <sp arg="argM" func="cc" tem="adv">
      <prep>
        <c lem="como" pos="cs" postype="subordinating" wd="como"/>
      </prep>
      <sn>
        <f lem="&quot;" pos="fe" punct="quotation" wd="&quot;"/>
        <spec gen="m" num="s">
          <d gen="m" lem="uno" num="s" pos="di0ms0" postype="indefinite" wd="un"/>
        </spec>
        <grup.nom gen="m" num="s">
          <n gen="m" lem="logro" lexicalid="noun.logro.1.default" num="s" origin="deverbal" pos="ncms000" postype="common" sense="16:00021392" wd="logro"/>
          <s.a func="cn" gen="m" num="s">
            <spec>
              <r lem="mucho" pos="rg" wd="muy"/>
            </spec>
            <grup.a gen="m" num="s">
              <a gen="m" lem="significativo" num="s" pos="aq0ms0" postype="qualificative" wd="significativo"/>
            </grup.a>
          </s.a>
        </grup.nom>
        <f lem="&quot;" pos="fe" punct="quotation" wd="&quot;"/>
      </sn>
    </sp>
    <f lem="." pos="fp" punct="period" wd="."/>
  </sentence>
  <sentence>
    <sadv arg="argM" func="cc" tem="adv">
      <grup.adv>
        <r lem="asimismo" pos="rg" wd="Asimismo"/>
      </grup.adv>
    </sadv>
    <sn arg="arg0" elliptic="yes" func="suj" tem="agt"/>
    <grup.verb>
      <v lem="destacar" lss="A21.transitive-agentive-patient" mood="indicative" num="p" person="3" pos="vmis3p0" postype="main" tense="past" wd="destacaron"/>
    </grup.verb>
    <sn arg="arg1" func="cd" tem="pat">
      <spec gen="f" num="s">
        <d gen="f" lem="el" num="s" pos="da0fs0" postype="article" wd="la"/>
      </spec>
      <grup.nom gen="f" num="s">
        <n gen="f" lem="subida" lexicalid="noun.subida.11.default" num="s" origin="deverbal" pos="ncfs000" postype="common" sense="16:05459005" wd="subida"/>
        <sp arg="arg1" func="cn" tem="tem">
          <prep>
            <s lem="de" pos="sps00" postype="preposition" wd="de"/>
          </prep>
          <sn>
            <spec gen="f" num="p">
              <d gen="f" lem="el" num="p" pos="da0fp0" postype="article" wd="las"/>
            </spec>
            <grup.nom gen="f" num="p">
              <n gen="f" lem="exportación" lexicalid="noun.exportación.1.default" num="p" origin="deverbal" pos="ncfp000" postype="common" sense="16:00721409" wd="exportaciones"/>
              <sp arg="argM" func="cn" tem="loc">
                <prep>
                  <s lem="a" pos="sps00" postype="preposition" wd="a"/>
                </prep>
                <sn entityref="ne" ne="location">
                  <grup.nom>
                    <n lem="América_del_Norte" ne="location" pos="np0000l" postype="proper" sense="16:06836510" wd="América_del_Norte"/>
                  </grup.nom>
                </sn>
              </sp>
              <S clausetype="relative" func="cn">
                <f lem="," pos="fc" punct="comma" wd=","/>
                <relatiu arg="arg1" func="suj" tem="tem">
                  <p gen="c" lem="que" num="c" pos="pr0cn000" postype="relative" wd="que"/>
                </relatiu>
                <grup.verb>
                  <v lem="suponer" lss="C21.state-attributive" mood="indicative" num="p" person="3" pos="vmip3p0" postype="main" tense="present" wd="suponen"/>
                </grup.verb>
                <sn arg="arg2" entityref="ne" func="cd" functype="quantitative" ne="number" tem="atr">
                  <spec gen="m" num="s">
                    <d gen="m" lem="uno" num="s" pos="di0ms0" postype="indefinite" wd="un"/>
                  </spec>
                  <grup.nom gen="m" num="s">
                    <z lem="30_%" ne="number" pos="zp" postype="percentage" wd="30_por_ciento"/>
                  </grup.nom>
                </sn>
                <S arg="argM" clausetype="adverbial" func="cc" tem="adv">
                  <f lem="," pos="fc" punct="comma" wd=","/>
                  <conj conjunctiontype="subordinating">
                    <c lem="en_tanto_que" pos="cs" postype="subordinating" wd="en_tanto_que"/>
                  </conj>
                  <sn arg="arg1" func="suj" tem="tem">
                    <spec gen="f" num="p">
                      <d gen="f" lem="el" num="p" pos="da0fp0" postype="article" wd="las"/>
                    </spec>
                    <grup.nom gen="f" num="p">
                      <S clausetype="participle" impersonal="yes">
                        <participi>
                          <a gen="f" lem="destinado" lss="B22.unaccusative-passive-transitive" num="p" pos="aq0fpp" posfunction="participle" postype="qualificative" wd="destinadas"/>
                        </participi>
                        <sp arg="arg2" func="ci" tem="ben">
                          <prep>
                            <s lem="a" pos="sps00" postype="preposition" wd="a"/>
                          </prep>
                          <sn entityref="ne" ne="location">
                            <grup.nom>
                              <n lem="América_del_Sur" ne="location" pos="np0000l" postype="proper" sense="16:06837221" wd="América_del_Sur"/>
                            </grup.nom>
                          </sn>
                        </sp>
                      </S>
                    </grup.nom>
                  </sn>
                  <grup.verb>
                    <v lem="representar" lss="C21.state-attributive" mood="indicative" num="p" person="3" pos="vmis3p0" postype="main" tense="past" wd="representaron"/>
                  </grup.verb>
                  <sn arg="arg2" entityref="ne" func="cd" functype="quantitative" ne="number" tem="atr">
                    <spec gen="m" num="s">
                      <d gen="m" lem="uno" num="s" pos="di0ms0" postype="indefinite" wd="un"/>
                    </spec>
                    <grup.nom gen="m" num="s">
                      <z lem="20" ne="number" wd="20"/>
                    </grup.nom>
                  </sn>
                  <sp arg="argM" func="cc" tem="adv">
                    <f lem="," pos="fc" punct="comma" wd=","/>
                    <prep>
                      <s lem="con" pos="sps00" postype="preposition" wd="con"/>
                    </prep>
                    <sn>
                      <spec gen="m" num="s">
                        <d gen="m" lem="uno" num="s" pos="di0ms0" postype="indefinite" wd="un"/>
                      </spec>
                      <grup.nom gen="f" num="s">
                        <s.a func="cn" gen="f" num="s">
                          <grup.a gen="f" num="s">
                            <a gen="c" lem="importante" num="s" pos="aq0cs0" postype="qualificative" wd="importante"/>
                          </grup.a>
                        </s.a>
                        <n gen="f" lem="alza" lexicalid="noun.alza.3.anticausative" num="s" origin="deverbal" pos="ncfs000" postype="common" sense="16:cs1" wd="alza"/>
                        <sp arg="arg1" func="cn" tem="tem">
                          <prep>
                            <s lem="de" pos="sps00" postype="preposition" wd="de"/>
                          </prep>
                          <sn>
                            <spec gen="f" num="p">
                              <d gen="f" lem="el" num="p" pos="da0fp0" postype="article" wd="las"/>
                            </spec>
                            <grup.nom gen="f" num="p">
                              <n gen="f" lem="exportación" lexicalid="noun.exportación.1.default" num="p" origin="deverbal" pos="ncfp000" postype="common" sense="16:00721409" wd="exportaciones"/>
                              <sp arg="argM" func="cn" tem="loc">
                                <prep>
                                  <s lem="a" pos="sps00" postype="preposition" wd="a"/>
                                </prep>
                                <sn entityref="ne" ne="location">
                                  <grup.nom>
                                    <n lem="Brasil" ne="location" pos="np0000l" postype="proper" sense="16:06493148" wd="Brasil"/>
                                  </grup.nom>
                                </sn>
                              </sp>
                              <S clausetype="relative" func="cn">
                                <f lem="," pos="fc" punct="comma" wd=","/>
                                <relatiu arg="arg0" func="suj" tem="cau">
                                  <p gen="c" lem="que" num="c" pos="pr0cn000" postype="relative" wd="que"/>
                                </relatiu>
                                <grup.verb>
                                  <v lem="aumentar" lss="A11.transitive-causative" mood="indicative" num="p" person="3" pos="vmis3p0" postype="main" tense="past" wd="aumentaron"/>
                                </grup.verb>
                                <sn arg="arg1" entityref="ne" func="cd" ne="number" tem="tem">
                                  <spec gen="m" num="s">
                                    <d gen="m" lem="uno" num="s" pos="di0ms0" postype="indefinite" wd="un"/>
                                  </spec>
                                  <grup.nom gen="m" num="s">
                                    <z lem="180_%" ne="number" pos="zp" postype="percentage" wd="180_por_ciento"/>
                                  </grup.nom>
                                </sn>
                              </S>
                            </grup.nom>
                          </sn>
                        </sp>
                      </grup.nom>
                    </sn>
                  </sp>
                </S>
              </S>
            </grup.nom>
          </sn>
        </sp>
      </grup.nom>
    </sn>
    <f lem="." pos="fp" punct="period" wd="."/>
  </sentence>
  <sentence>
    <sn arg="arg0" func="suj" tem="agt">
      <spec gen="m" num="s">
        <d gen="m" lem="el" num="s" pos="da0ms0" postype="article" wd="El"/>
      </spec>
      <grup.nom gen="m" num="s">
        <n gen="m" lem="informe" lexicalid="noun.informe.1.default" num="s" origin="deverbal" pos="ncms000" postype="common" sense="16:05391713" wd="informe"/>
      </grup.nom>
    </sn>
    <grup.verb>
      <v lem="agregar" lss="A21.transitive-agentive-patient" mood="indicative" num="s" person="3" pos="vmip3s0" postype="main" tense="present" wd="agrega"/>
    </grup.verb>
    <S arg="arg1" clausetype="completive" coord="yes" func="cd" tem="pat">
      <S clausetype="completive">
        <conj conjunctiontype="subordinating">
          <c lem="que" pos="cs" postype="subordinating" wd="que"/>
        </conj>
        <sn arg="arg0" entityref="ne" func="suj" ne="location" tem="agt">
          <grup.nom>
            <n lem="Japón" ne="location" pos="np0000l" postype="proper" wd="Japón"/>
          </grup.nom>
        </sn>
        <grup.verb>
          <v lem="mantener" lss="A21.transitive-agentive-patient" mood="indicative" num="s" person="3" pos="vmip3s0" postype="main" tense="present" wd="mantiene"/>
        </grup.verb>
        <sn arg="arg1" func="cd" tem="pat">
          <spec gen="m" num="s">
            <d gen="c" lem="su" num="s" person="3" pos="dp3cs0" postype="possessive" wd="su"/>
          </spec>
          <grup.nom gen="m" num="s">
            <n gen="m" lem="ritmo" num="s" pos="ncms000" postype="common" sense="16:03948875" wd="ritmo"/>
            <sp>
              <prep>
                <s lem="de" pos="sps00" postype="preposition" wd="de"/>
              </prep>
              <sn>
                <grup.nom gen="m" num="s">
                  <n gen="m" lem="crecimiento" lexicalid="noun.crecimiento.1.default" num="s" origin="deverbal" pos="ncms000" postype="common" sense="16:00233535" wd="crecimiento"/>
                </grup.nom>
              </sn>
            </sp>
            <s.a gen="m" num="s">
              <f lem="," pos="fc" punct="comma" wd=","/>
              <grup.a gen="m" num="s">
                <a gen="m" lem="cercano" num="s" pos="aq0ms0" postype="qualificative" wd="cercano"/>
                <sp>
                  <prep>
                    <s contracted="yes" gen="m" lem="al" num="s" pos="spcms" postype="preposition" wd="al"/>
                  </prep>
                  <sn entityref="ne" ne="number">
                    <grup.nom gen="m" num="s">
                      <z lem="50_%" ne="number" pos="zp" postype="percentage" wd="50_por_ciento"/>
                    </grup.nom>
                  </sn>
                </sp>
              </grup.a>
              <f lem="," pos="fc" punct="comma" wd=","/>
            </s.a>
          </grup.nom>
        </sn>
      </S>
      <conj conjunctiontype="coordinating">
        <c lem="y" pos="cc" postype="coordinating" wd="y"/>
      </conj>
      <S clausetype="completive">
        <conj conjunctiontype="subordinating">
          <c lem="que" pos="cs" postype="subordinating" wd="que"/>
        </conj>
        <sn arg="arg1" entityref="ne" func="suj" ne="location" tem="tem">
          <grup.nom>
            <n lem="Europa" ne="location" pos="np0000l" postype="proper" wd="Europa"/>
          </grup.nom>
        </sn>
        <grup.verb>
          <v lem="presentar" lss="C21.state-attributive" mood="indicative" num="s" person="3" pos="vmip3s0" postype="main" tense="present" wd="presenta"/>
        </grup.verb>
        <sn arg="arg2" func="cd" functype="quantitative" tem="atr">
          <spec gen="m" num="s">
            <d gen="m" lem="uno" num="s" pos="di0ms0" postype="indefinite" wd="un"/>
          </spec>
          <grup.nom gen="m" num="s">
            <s.a func="cn" gen="m" num="s">
              <grup.a gen="m" num="s">
                <a gen="m" lem="nuevo" num="s" pos="aq0ms0" postype="qualificative" wd="nuevo"/>
              </grup.a>
            </s.a>
            <n gen="m" lem="incremento" lexicalid="noun.incremento.1.default" num="s" origin="deverbal" pos="ncms000" postype="common" sense="16:03983965" wd="incremento"/>
            <sp arg="argM" func="cn" tem="ext">
              <prep>
                <s contracted="yes" gen="m" lem="del" num="s" pos="spcms" postype="preposition" wd="del"/>
              </prep>
              <sn entityref="ne" ne="number">
                <grup.nom gen="m" num="s">
                  <z lem="15_%" ne="number" pos="zp" postype="percentage" wd="15_por_ciento"/>
                </grup.nom>
              </sn>
            </sp>
          </grup.nom>
        </sn>
      </S>
    </S>
    <f lem="." pos="fp" punct="period" wd="."/>
  </sentence>
  <sentence>
    <sp arg="argM" func="cc" tem="adv">
      <prep>
        <s lem="según" pos="sps00" postype="preposition" wd="Según"/>
      </prep>
      <sn>
        <grup.nom gen="f" num="p">
          <n arg="arg1" gen="f" lem="proyección" lexicalid="noun.proyección.1.default" num="p" origin="deverbal" pos="ncfp000" postype="common" sense="16:04453784" tem="pat" wd="proyecciones"/>
          <sp arg="arg0" func="cn" tem="agt">
            <prep>
              <s lem="de" pos="sps00" postype="preposition" wd="de"/>
            </prep>
            <sn entityref="ne" ne="organization">
              <grup.nom>
                <n lem="Chilevid" ne="organization" pos="np0000o" postype="proper" sense="16:cs1" wd="Chilevid"/>
              </grup.nom>
            </sn>
          </sp>
        </grup.nom>
      </sn>
      <f lem="," pos="fc" punct="comma" wd=","/>
    </sp>
    <S arg="argM" clausetype="adverbial" func="cc" impersonal="yes" tem="adv">
      <gerundi>
        <v lem="comparar" lss="A34.ditransitive-patient-theme" mood="gerund" pos="vmg0000" postype="main" wd="comparando"/>
      </gerundi>
      <sn arg="arg1" func="cd" tem="pat">
        <spec gen="m" num="s">
          <d gen="m" lem="el" num="s" pos="da0ms0" postype="article" wd="el"/>
        </spec>
        <grup.nom gen="m" num="s">
          <n gen="m" lem="comportamiento" lexicalid="noun.comportamiento.1.default" num="s" origin="deverbal" pos="ncms000" postype="common" sense="16:10091030" wd="comportamiento"/>
          <sp arg="argM" func="cn" tem="tmp">
            <prep>
              <s lem="de" pos="sps00" postype="preposition" wd="de"/>
            </prep>
            <sn>
              <spec gen="m" num="p">
                <d gen="m" lem="el" num="p" pos="da0mp0" postype="article" wd="los"/>
                <a gen="m" lem="último" num="p" pos="ao0mp0" postype="ordinal" wd="últimos"/>
                <d gen="c" lem="cuatro" num="p" pos="dn0cp0" postype="numeral" wd="cuatro"/>
              </spec>
              <grup.nom gen="m" num="p">
                <n gen="m" lem="año" num="p" pos="ncmp000" postype="common" sense="16:10917509" wd="años"/>
              </grup.nom>
            </sn>
          </sp>
        </grup.nom>
      </sn>
    </S>
    <sp arg="argM" func="cc" tem="tmp">
      <prep>
        <s lem="en" pos="sps00" postype="preposition" wd="en"/>
      </prep>
      <sn entityref="ne" ne="date">
        <spec gen="m" num="s">
          <d gen="m" lem="el" num="s" pos="da0ms0" postype="article" wd="el"/>
        </spec>
        <grup.nom gen="m" num="s">
          <w lem="[??:??/??/2000:??.??]" ne="date" wd="año_2000"/>
        </grup.nom>
      </sn>
    </sp>
    <morfema.verbal func="pass">
      <p gen="c" lem="se" num="c" pos="p0000000" wd="se"/>
    </morfema.verbal>
    <grup.verb>
      <v lem="deber" mood="indicative" num="s" person="1" pos="vmic1s0" postype="main" tense="conditional" wd="debería"/>
      <infinitiu>
        <v lem="alcanzar" lss="B12.unaccusative-passive-ditransitive" mood="infinitive" pos="vmn0000" postype="main" wd="alcanzar"/>
      </infinitiu>
    </grup.verb>
    <sn arg="arg1" entityref="ne" func="suj" ne="number" tem="pat">
      <spec gen="m" num="p">
        <d gen="m" lem="el" num="p" pos="da0mp0" postype="article" wd="los"/>
        <z lem="600" ne="number" wd="600"/>
      </spec>
      <grup.nom gen="m" num="p">
        <n gen="m" lem="millón" num="p" pos="ncmp000" postype="common" sense="16:09902865" wd="millones"/>
        <sp>
          <prep>
            <s lem="de" pos="sps00" postype="preposition" wd="de"/>
          </prep>
          <sn entityref="ne" ne="number">
            <grup.nom gen="m" num="p">
              <z lem="dólar" ne="number" pos="zm" postype="currency" wd="dólares"/>
            </grup.nom>
          </sn>
        </sp>
        <sp>
          <prep>
            <s lem="de" pos="sps00" postype="preposition" wd="de"/>
          </prep>
          <sn>
            <grup.nom gen="f" num="s">
              <n gen="f" lem="exportación" lexicalid="noun.exportación.1.default" num="s" origin="deverbal" pos="ncfs000" postype="common" sense="16:00721409" wd="exportación"/>
            </grup.nom>
          </sn>
        </sp>
      </grup.nom>
    </sn>
    <f lem="." pos="fp" punct="period" wd="."/>
  </sentence>
</article>
