<?xml version="1.0" encoding="UTF-8"?>
<!-- 

  ancora-2.0
       
			Copyright (C) 2007, 2008, 2009, 2010, 2011 UB - CLiC
			Centre de Llenguatge i Computació - Universitat de Barcelona
 
  This file is part of ancora-2.0.
 
  ancora-2.0 is free software and data: you can redistribute it and/or modify
  it under the terms of the GNU General Public License as published
  by the Free Software Foundation, either version 3 of the License,
  or (at your option) any later version.

  ancora-2.0 is distributed in the hope that it will be useful,
  but WITHOUT ANY WARRANTY; without even the implied warranty of
  MERCHANTABILITY or FITNESS FOR A PARTICULAR PURPOSE.  See the
  GNU General Public License for more details.
 
  You should have received a copy of the GNU General Public License
  along with ancora-2.0.  If not, see &lt;http://www.gnu.org/licenses/&gt;.
 
  Check a text in catalan explaining the terms of the license at http://www.softcatala.cat/wiki/GPL3.
  In spanish at http://www.viti.es/gnu/licenses/gpl.html
 

  The following paper must be cited when using this corpus:

 * Taulé, M., M.A. Martí, M. Recasens (2008) 'Ancora: Multilevel Annotated Corpora for Catalan and Spanish',
   Proceedings of 6th International Conference on Language Resources and Evaluation. Marrakesh (Morocco).

  In addition, the following paper must be cited if coreference information (attributes entity, coreftype,
  corefsubtype, homophoricDD or entityref) is used:

 * Recasens, Marta, M. Antònia Martí (2010) ‘AnCora-CO: Coreferentially annotated corpora for Spanish and
   Catalan’. Language Resources and Evaluation, Springer Science.

  Additionally, the following paper must be cited when argumental attributes in "sn" or "grup.nom"
  (attributes func, arg, tem or lexicalid) are used:

 * Peris, Aina, Mariona Taulé, Horacio Rodríguez (2010) ‘Semantic Annotation of Deverbal Nominalizations in the
   Spanish AnCora corpus’. Treebanks and Linguistic Theories (TLT-2010), Estonia.
-->
<article lng="es">
  <sentence>
    <sn arg="arg0" entityref="ne" func="suj" ne="person" tem="agt">
      <grup.nom gen="m" num="s">
        <n lem="Medardo_Fraile" ne="person" pos="np0000p" postype="proper" sense="16:cs1" wd="Medardo_Fraile"/>
      </grup.nom>
    </sn>
    <grup.verb>
      <v lem="jugar" lss="A22.transitive-agentive-theme" mood="indicative" num="s" person="3" pos="vmip3s0" postype="main" tense="present" wd="juega"/>
    </grup.verb>
    <sp arg="arg1" func="creg" tem="tem">
      <prep>
        <s lem="a" pos="sps00" postype="preposition" wd="a"/>
      </prep>
      <sn>
        <spec gen="m" num="s">
          <d gen="m" lem="uno" num="s" pos="di0ms0" postype="indefinite" wd="un"/>
        </spec>
        <grup.nom gen="m" num="s">
          <n gen="m" lem="cinismo" num="s" pos="ncms000" postype="common" sense="16:03807992" wd="cinismo"/>
          <s.a coord="yes" gen="m" num="s">
            <s.a gen="m" num="s">
              <grup.a gen="m" num="s">
                <a gen="c" lem="fácil" num="s" pos="aq0cs0" postype="qualificative" wd="fácil"/>
              </grup.a>
            </s.a>
            <conj conjunctiontype="coordinating">
              <c lem="y" pos="cc" postype="coordinating" wd="y"/>
            </conj>
            <S clausetype="participle" impersonal="yes">
              <participi>
                <a gen="m" lem="divertido" num="s" pos="aq0msp" posfunction="participle" postype="qualificative" wd="divertido"/>
              </participi>
            </S>
          </s.a>
        </grup.nom>
      </sn>
    </sp>
    <f lem="." pos="fp" punct="period" wd="."/>
  </sentence>
  <sentence coord="yes">
    <S>
      <sn arg="arg0" elliptic="yes" func="suj" tem="agt"/>
      <neg func="mod">
        <r lem="no" pos="rn" postype="negative" wd="No"/>
      </neg>
      <grup.verb>
        <v lem="querer" lss="A21.transitive-agentive-patient" mood="indicative" num="s" person="1" pos="vmip1s0" postype="main" tense="present" wd="quiero"/>
      </grup.verb>
      <S arg="arg1" clausetype="completive" func="cd" impersonal="yes" tem="pat">
        <infinitiu>
          <v lem="decir" lss="A32.ditransitive-patient-benefactive" mood="infinitive" pos="vmn0000" postype="main" wd="decir"/>
        </infinitiu>
        <S arg="arg1" clausetype="completive" func="cd" tem="pat">
          <conj conjunctiontype="subordinating">
            <c lem="que" pos="cs" postype="subordinating" wd="que"/>
          </conj>
          <sn arg="arg2" func="atr" tem="atr">
            <grup.nom>
              <p case="accusative" gen="c" lem="él" num="c" person="3" pos="pp3cna00" postype="personal" wd="lo"/>
            </grup.nom>
          </sn>
          <grup.verb>
            <v lem="ser" lss="C21.state-attributive" mood="imperative" num="s" person="3" pos="vsm03s0" postype="semiauxiliary" wd="sea"/>
          </grup.verb>
          <sa arg="arg2" coord="yes" func="atr" tem="atr">
            <f lem="," pos="fc" punct="comma" wd=","/>
            <sa>
              <grup.a>
                <a gen="m" lem="cínico" num="s" pos="aq0ms0" postype="qualificative" wd="cínico"/>
              </grup.a>
            </sa>
            <conj conjunctiontype="coordinating">
              <c lem="o" pos="cc" postype="coordinating" wd="o"/>
            </conj>
            <S clausetype="participle" impersonal="yes">
              <participi>
                <a gen="m" lem="divertido" num="s" pos="aq0msp" posfunction="participle" postype="qualificative" wd="divertido"/>
              </participi>
            </S>
            <f lem="," pos="fc" punct="comma" wd=","/>
          </sa>
        </S>
      </S>
    </S>
    <conj conjunctiontype="coordinating">
      <c lem="sino_que" pos="cc" postype="coordinating" wd="sino_que"/>
    </conj>
    <S coord="yes">
      <sp arg="argM" func="cc" tem="loc">
        <prep>
          <s lem="ante" pos="sps00" postype="preposition" wd="ante"/>
        </prep>
        <sn>
          <spec gen="m" num="s">
            <d gen="m" lem="uno" num="s" pos="di0ms0" postype="indefinite" wd="un"/>
          </spec>
          <grup.nom gen="m" num="s">
            <n gen="m" lem="mazo" num="s" pos="ncms000" postype="common" sense="16:05997364" wd="mazo"/>
            <sp>
              <prep>
                <s lem="de" pos="sps00" postype="preposition" wd="de"/>
              </prep>
              <sn>
                <grup.nom gen="f" num="p">
                  <n gen="f" lem="hoja" num="p" pos="ncfp000" postype="common" sense="16:04731596" wd="hojas"/>
                  <S clausetype="participle" impersonal="yes">
                    <participi>
                      <a gen="f" lem="grabado" num="p" pos="aq0fpp" posfunction="participle" postype="qualificative" wd="grabadas"/>
                    </participi>
                  </S>
                </grup.nom>
              </sn>
            </sp>
          </grup.nom>
        </sn>
      </sp>
      <S coord="yes">
        <S>
          <sn arg="arg0" elliptic="yes" func="suj" tem="agt"/>
          <grup.verb>
            <v lem="colocar" lss="A31.ditransitive-patient-locative" mood="indicative" num="s" person="3" pos="vmip3s0" postype="main" tense="present" wd="coloca"/>
          </grup.verb>
          <sn arg="arg1" func="cd" tem="pat">
            <spec gen="m" num="s">
              <d gen="m" lem="uno" num="s" pos="di0ms0" postype="indefinite" wd="un"/>
            </spec>
            <grup.nom gen="m" num="s">
              <n gen="m" lem="cristal" num="s" pos="ncms000" postype="common" sense="16:06696175" wd="cristal"/>
              <S clausetype="participle" impersonal="yes">
                <sadv arg="argM" func="cc" tem="adv">
                  <grup.adv>
                    <r lem="bien" pos="rg" wd="bien"/>
                  </grup.adv>
                </sadv>
                <participi>
                  <a gen="m" lem="tallado" lss="B22.unaccusative-passive-transitive" num="s" pos="aq0msp" posfunction="participle" postype="qualificative" wd="tallado"/>
                </participi>
              </S>
            </grup.nom>
          </sn>
        </S>
        <conj conjunctiontype="coordinating">
          <c lem="y" pos="cc" postype="coordinating" wd="y"/>
        </conj>
        <S>
          <sn arg="arg0" elliptic="yes" func="suj" tem="cau"/>
          <sn arg="arg1" func="cd" tem="tem">
            <grup.nom gen="m" num="s">
              <p case="accusative" gen="m" lem="él" num="s" person="3" pos="pp3msa00" postype="personal" wd="lo"/>
            </grup.nom>
          </sn>
          <grup.verb>
            <v lem="hacer" mood="indicative" num="s" person="3" pos="vmip3s0" postype="main" tense="present" wd="hace"/>
            <infinitiu>
              <v lem="girar" lss="A11.transitive-causative" mood="infinitive" pos="vmn0000" postype="main" wd="girar"/>
            </infinitiu>
          </grup.verb>
          <sp arg="argM" func="cc" tem="fin">
            <prep>
              <s lem="para" pos="sps00" postype="preposition" wd="para"/>
            </prep>
            <S clausetype="completive">
              <conj conjunctiontype="subordinating">
                <c lem="que" pos="cs" postype="subordinating" wd="que"/>
              </conj>
              <sn arg="arg0" func="suj" tem="src">
                <spec gen="m" num="s">
                  <d gen="m" lem="el" num="s" pos="da0ms0" postype="article" wd="el"/>
                </spec>
                <grup.nom gen="m" num="s">
                  <n gen="m" lem="sol" num="s" pos="ncms000" postype="common" sense="16:06765647" wd="sol"/>
                </grup.nom>
              </sn>
              <grup.verb>
                <v lem="romper" lss="D31.inergative-source" mood="subjunctive" num="s" person="3" pos="vmsp3s0" postype="main" tense="present" wd="rompa"/>
              </grup.verb>
              <sp arg="argM" func="cc" tem="loc">
                <prep>
                  <s lem="contra" pos="sps00" postype="preposition" wd="contra"/>
                </prep>
                <sn>
                  <grup.nom gen="m" num="s">
                    <p gen="m" lem="él" num="s" person="3" pos="pp3ms000" postype="personal" wd="él"/>
                  </grup.nom>
                </sn>
              </sp>
              <sn arg="argL" func="cd">
                <spec gen="m" num="p">
                  <d gen="c" lem="su" num="p" person="3" pos="dp3cp0" postype="possessive" wd="sus"/>
                </spec>
                <grup.nom gen="m" num="p">
                  <n gen="m" lem="rayo" num="p" pos="ncmp000" postype="common" sense="16:07777807" wd="rayos"/>
                </grup.nom>
              </sn>
            </S>
          </sp>
        </S>
      </S>
    </S>
    <f lem="." pos="fp" punct="period" wd="."/>
  </sentence>
  <sentence>
    <grup.verb>
      <v lem="resultar" lss="B21.unaccusative-state" mood="indicative" num="s" person="3" pos="vmip3s0" postype="main" tense="present" wd="Resulta"/>
    </grup.verb>
    <sadv arg="argM" func="cc" tem="tmp">
      <grup.adv>
        <r lem="entonces" pos="rg" wd="entonces"/>
      </grup.adv>
    </sadv>
    <S arg="arg2" clausetype="completive" func="cpred" tem="atr">
      <conj conjunctiontype="subordinating">
        <c lem="que" pos="cs" postype="subordinating" wd="que"/>
      </conj>
      <sn arg="arg0" elliptic="yes" func="suj" tem="agt"/>
      <neg func="mod">
        <r lem="no" pos="rn" postype="negative" wd="no"/>
      </neg>
      <grup.verb>
        <v lem="practicar" lss="A21.transitive-agentive-patient" mood="indicative" num="s" person="3" pos="vmip3s0" postype="main" tense="present" wd="practica"/>
      </grup.verb>
      <sn arg="arg1" func="cd" tem="pat">
        <spec gen="f" num="p">
          <d gen="f" lem="el" num="p" pos="da0fp0" postype="article" wd="las"/>
        </spec>
        <grup.nom gen="f" num="p">
          <n gen="f" lem="historia" num="p" pos="ncfp000" postype="common" sense="16:04802123" wd="historias"/>
          <sp coord="yes">
            <sp>
              <prep>
                <s contracted="yes" gen="m" lem="del" num="s" pos="spcms" postype="preposition" wd="del"/>
              </prep>
              <sn>
                <grup.nom gen="m" num="s">
                  <n gen="m" lem="espejo" num="s" pos="ncms000" postype="common" sense="16:03004534" wd="espejo"/>
                </grup.nom>
              </sn>
            </sp>
            <f lem="," pos="fc" punct="comma" wd=","/>
            <sp>
              <prep>
                <s contracted="yes" gen="m" lem="del" num="s" pos="spcms" postype="preposition" wd="del"/>
              </prep>
              <sn>
                <grup.nom gen="m" num="s">
                  <n gen="m" lem="tomavistas" num="c" pos="ncmn000" postype="common" sense="16:03016714" wd="tomavistas"/>
                </grup.nom>
              </sn>
            </sp>
            <conj conjunctiontype="coordinating">
              <c lem="o" pos="cc" postype="coordinating" wd="o"/>
            </conj>
            <sp>
              <prep>
                <s lem="de" pos="sps00" postype="preposition" wd="de"/>
              </prep>
              <sn>
                <spec gen="m" num="p">
                  <d gen="m" lem="todo" num="p" pos="di0mp0" postype="indefinite" wd="todos"/>
                  <d gen="m" lem="ese" num="p" pos="dd0mp0" postype="demonstrative" wd="esos"/>
                </spec>
                <grup.nom gen="m" num="p">
                  <n gen="m" lem="invento" lexicalid="noun.invento.1.default" num="p" origin="deverbal" pos="ncmp000" postype="common" sense="16:02865563" wd="inventos"/>
                  <S clausetype="relative" func="cn">
                    <relatiu arg="arg0" func="suj" tem="agt">
                      <p gen="c" lem="que" num="c" pos="pr0cn000" postype="relative" wd="que"/>
                    </relatiu>
                    <sn arg="arg1" func="cd" tem="pat">
                      <spec gen="f" num="s">
                        <sadv>
                          <grup.adv>
                            <r lem="tanto" pos="rg" wd="tan"/>
                          </grup.adv>
                        </sadv>
                        <d gen="f" lem="poco" num="s" pos="di0fs0" postype="indefinite" wd="poca"/>
                      </spec>
                      <grup.nom gen="f" num="s">
                        <n gen="f" lem="ilusión" lexicalid="noun.ilusión.1.default" num="s" origin="deverbal" pos="ncfs000" postype="common" sense="16:05596105" wd="ilusión"/>
                      </grup.nom>
                    </sn>
                    <sn arg="arg2" func="ci" tem="ben">
                      <grup.nom num="p">
                        <p gen="c" lem="yo" num="p" person="1" pos="pp1cp000" postype="personal" wd="nos"/>
                      </grup.nom>
                    </sn>
                    <grup.verb>
                      <v lem="producir" lss="A21.transitive-agentive-patient" mood="indicative" num="p" person="3" pos="vmip3p0" postype="main" tense="present" wd="producen"/>
                    </grup.verb>
                    <sadv arg="argM" func="cc" tem="tmp">
                      <grup.adv>
                        <r lem="ya" pos="rg" wd="ya"/>
                      </grup.adv>
                    </sadv>
                  </S>
                </grup.nom>
              </sn>
            </sp>
          </sp>
        </grup.nom>
      </sn>
    </S>
    <f lem="." pos="fp" punct="period" wd="."/>
  </sentence>
  <sentence coord="yes">
    <S coord="yes">
      <S>
        <sn arg="arg0" elliptic="yes" func="suj" tem="cau"/>
        <grup.verb>
          <v lem="hacer" mood="indicative" num="s" person="3" pos="vmip3s0" postype="main" tense="present" wd="Hace"/>
          <infinitiu>
            <v lem="dar" lss="A11.transitive-causative" mood="infinitive" pos="vmn0000" postype="main" wd="dar"/>
          </infinitiu>
        </grup.verb>
        <sn arg="argL" func="cd">
          <grup.nom gen="f" num="p">
            <n gen="f" lem="vuelta" lexicalid="noun.vuelta.5.default" num="p" origin="deverbal" pos="ncfp000" postype="common" sense="16:00220931" wd="vueltas"/>
          </grup.nom>
        </sn>
        <sp arg="arg2" func="ci" tem="tem">
          <prep>
            <s lem="a" pos="sps00" postype="preposition" wd="a"/>
          </prep>
          <sn>
            <spec gen="m" num="s">
              <d gen="c" lem="su" num="s" person="3" pos="dp3cs0" postype="possessive" wd="su"/>
            </spec>
            <grup.nom gen="m" num="s">
              <n gen="m" lem="cristal" num="s" pos="ncms000" postype="common" sense="16:06696175" wd="cristal"/>
            </grup.nom>
          </sn>
        </sp>
      </S>
      <conj conjunctiontype="coordinating">
        <c lem="y" pos="cc" postype="coordinating" wd="y"/>
      </conj>
      <S coord="yes">
        <S>
          <sn arg="arg1" func="suj" tem="tem">
            <spec gen="f" num="s">
              <d gen="f" lem="el" num="s" pos="da0fs0" postype="article" wd="la"/>
            </spec>
            <grup.nom gen="f" num="s">
              <n gen="f" lem="luz" num="s" pos="ncfs000" postype="common" sense="16:07811448" wd="luz"/>
            </grup.nom>
          </sn>
          <morfema.pronominal>
            <p gen="c" lem="él" num="c" person="3" pos="p0300000" wd="se"/>
          </morfema.pronominal>
          <grup.verb>
            <v lem="descomponer" lss="B21.unaccusative-state" mood="indicative" num="s" person="3" pos="vmip3s0" postype="main" tense="present" wd="descompone"/>
          </grup.verb>
        </S>
        <conj conjunctiontype="coordinating">
          <c lem="o" pos="cc" postype="coordinating" wd="o"/>
        </conj>
        <S>
          <sn arg="arg1" elliptic="yes" func="suj" tem="tem"/>
          <morfema.pronominal>
            <p gen="c" lem="él" num="c" person="3" pos="p0300000" wd="se"/>
          </morfema.pronominal>
          <grup.verb>
            <v lem="polarizar" lss="B21.unaccusative-state" mood="indicative" num="s" person="3" pos="vmip3s0" postype="main" tense="present" wd="polariza"/>
          </grup.verb>
        </S>
        <conj conjunctiontype="coordinating">
          <c lem="o" pos="cc" postype="coordinating" wd="o"/>
        </conj>
        <S>
          <sn arg="arg1" elliptic="yes" func="suj" tem="tem"/>
          <morfema.pronominal>
            <p gen="c" lem="él" num="c" person="3" pos="p0300000" wd="se"/>
          </morfema.pronominal>
          <grup.verb>
            <v lem="desparramar" lss="B21.unaccusative-state" mood="indicative" num="s" person="3" pos="vmip3s0" postype="main" tense="present" wd="desparrama"/>
          </grup.verb>
        </S>
      </S>
    </S>
    <conj conjunctiontype="coordinating">
      <c lem="y" pos="cc" postype="coordinating" wd="y"/>
    </conj>
    <S>
      <sadv arg="argM" func="cc" tem="tmp">
        <grup.adv>
          <r lem="entonces" pos="rg" wd="entonces"/>
        </grup.adv>
      </sadv>
      <sn arg="arg1" func="suj" tem="tem">
        <grup.nom gen="m" num="s">
          <p gen="c" lem="nada" num="s" pos="pi0cs000" postype="indefinite" wd="nada"/>
        </grup.nom>
      </sn>
      <grup.verb>
        <v lem="ser" lss="C21.state-attributive" mood="indicative" num="s" person="3" pos="vsip3s0" postype="semiauxiliary" tense="present" wd="es"/>
      </grup.verb>
      <sp arg="arg2" func="atr" tem="atr">
        <prep>
          <c lem="como" pos="cs" postype="subordinating" wd="como"/>
        </prep>
        <sn>
          <spec gen="f" num="s">
            <d gen="f" lem="el" num="s" pos="da0fs0" postype="article" wd="la"/>
          </spec>
          <grup.nom gen="f" num="s">
            <n gen="f" lem="costumbre" num="s" pos="ncfs000" postype="common" sense="16:00263204" wd="costumbre"/>
            <s.a gen="f" num="s">
              <grup.a gen="f" num="s">
                <a gen="f" lem="tedioso" num="s" pos="aq0fs0" postype="qualificative" wd="tediosa"/>
              </grup.a>
            </s.a>
            <S clausetype="relative">
              <sp arg="arg2" discid="1c" func="creg" tem="efi">
                <prep>
                  <s lem="a" pos="sps00" postype="preposition" wd="a"/>
                </prep>
                <sn>
                  <spec gen="f" num="s">
                    <d gen="f" lem="el" num="s" pos="da0fs0" postype="article" wd="la"/>
                  </spec>
                  <relatiu>
                    <p gen="c" lem="que" num="c" pos="pr0cn000" postype="relative" wd="que"/>
                  </relatiu>
                </sn>
              </sp>
              <sn arg="arg1" elliptic="yes" func="suj" tem="tem"/>
              <grup.verb>
                <v lem="estar" lss="C21.state-attributive" mood="indicative" num="p" person="1" pos="vmip1p0" postype="main" tense="present" wd="estamos"/>
              </grup.verb>
              <S arg="arg2" clausetype="participle" discid="1n" func="cpred" impersonal="yes" predicate="suj" tem="atr">
                <participi>
                  <a gen="m" lem="acostumbrado" lss="B22.unaccusative-passive-transitive" num="p" pos="aq0mpp" posfunction="participle" postype="qualificative" wd="acostumbrados"/>
                </participi>
              </S>
            </S>
          </grup.nom>
        </sn>
      </sp>
    </S>
    <f lem="." pos="fp" punct="period" wd="."/>
  </sentence>
  <sentence>
    <sp arg="argM" func="cc" tem="fin">
      <prep>
        <s lem="para" pos="sps00" postype="preposition" wd="Para"/>
      </prep>
      <S clausetype="completive" impersonal="yes">
        <infinitiu>
          <v lem="entender" lss="A21.transitive-agentive-patient" mood="infinitive" pos="vmn0000" postype="main" wd="entendernos"/>
        </infinitiu>
      </S>
      <f lem="," pos="fc" punct="comma" wd=","/>
    </sp>
    <sn arg="arg0" elliptic="yes" func="suj" tem="agt"/>
    <grup.verb>
      <v lem="decir" lss="A32.ditransitive-patient-benefactive" mood="indicative" num="p" person="1" pos="vmic1p0" postype="main" tense="conditional" wd="diríamos"/>
    </grup.verb>
    <sn arg="arg1" func="cd" tem="pat">
      <grup.nom gen="m" num="p">
        <n gen="m" lem="esperpento" num="p" pos="ncmp000" postype="common" sense="16:cs1" wd="esperpentos"/>
      </grup.nom>
    </sn>
    <f lem="." pos="fp" punct="period" wd="."/>
  </sentence>
  <sentence>
    <sn arg="arg0" elliptic="yes" func="suj" tem="agt"/>
    <neg func="mod">
      <r lem="no" pos="rn" postype="negative" wd="No"/>
    </neg>
    <grup.verb>
      <v lem="marrar" lss="D11.inergative-agentive" mood="indicative" num="p" person="1" pos="vmic1p0" postype="main" tense="conditional" wd="marraríamos"/>
    </grup.verb>
    <sadv arg="argM" func="cc" tem="adv">
      <grup.adv>
        <r lem="mucho" pos="rg" wd="mucho"/>
      </grup.adv>
    </sadv>
    <f lem="." pos="fp" punct="period" wd="."/>
  </sentence>
  <sentence coord="yes">
    <S coord="yes">
      <S>
        <sn arg="arg1" entityref="ne" func="suj" ne="other" tem="tem">
          <grup.nom>
            <f lem="&quot;" pos="fe" punct="quotation" wd="&quot;"/>
            <n lem="El_rey_y_el_país_con_granos" ne="other" pos="np0000a" postype="proper" sense="16:cs1" wd="El_rey_y_el_país_con_granos"/>
            <f lem="&quot;" pos="fe" punct="quotation" wd="&quot;"/>
          </grup.nom>
        </sn>
        <grup.verb>
          <v lem="ser" lss="C21.state-attributive" mood="indicative" num="s" person="3" pos="vsip3s0" postype="semiauxiliary" tense="present" wd="es"/>
        </grup.verb>
        <sn arg="arg2" func="atr" tem="atr">
          <spec gen="m" num="s">
            <d gen="m" lem="uno" num="s" pos="di0ms0" postype="indefinite" wd="un"/>
          </spec>
          <grup.nom gen="m" num="s">
            <s.a gen="m" num="s">
              <grup.a gen="m" num="s">
                <a gen="m" lem="puro" num="s" pos="aq0ms0" postype="qualificative" wd="puro"/>
              </grup.a>
            </s.a>
            <n gen="m" lem="esperpento" num="s" pos="ncms000" postype="common" sense="16:cs1" wd="esperpento"/>
          </grup.nom>
        </sn>
        <f lem="," pos="fc" punct="comma" wd=","/>
      </S>
      <conj conjunctiontype="coordinating">
        <c lem="pero" pos="cc" postype="coordinating" wd="pero"/>
      </conj>
      <S verbless="yes">
        <S clausetype="adverbial" coord="yes">
          <S clausetype="adverbial">
            <neg func="mod">
              <r lem="no" pos="rn" postype="negative" wd="no"/>
            </neg>
            <conj conjunctiontype="subordinating">
              <c lem="porque" pos="cs" postype="subordinating" wd="porque"/>
            </conj>
            <sn arg="arg0" func="suj" tem="agt">
              <spec gen="m" num="s">
                <d gen="m" lem="el" num="s" pos="da0ms0" postype="article" wd="el"/>
              </spec>
              <grup.nom gen="m" num="s">
                <n gen="m" lem="héroe" num="s" pos="ncms000" postype="common" sense="16:07318273" wd="héroe"/>
              </grup.nom>
            </sn>
            <morfema.pronominal>
              <p gen="c" lem="él" num="c" person="3" pos="p0300000" wd="se"/>
            </morfema.pronominal>
            <grup.verb>
              <v lem="haber" mood="subjunctive" num="s" person="3" pos="vasp3s0" postype="auxiliary" tense="present" wd="haya"/>
              <v gen="m" lem="enfrentar" lss="A22.transitive-agentive-theme" mood="participle" num="s" pos="vmp00sm" postype="main" wd="enfrentado"/>
            </grup.verb>
            <sp arg="arg1" func="creg" tem="tem">
              <prep>
                <s lem="a" pos="sps00" postype="preposition" wd="a"/>
              </prep>
              <sn>
                <spec gen="m" num="s">
                  <d gen="m" lem="uno" num="s" pos="di0ms0" postype="indefinite" wd="un"/>
                </spec>
                <grup.nom gen="m" num="s">
                  <n gen="m" lem="espejo" num="s" pos="ncms000" postype="common" sense="16:03004534" wd="espejo"/>
                  <s.a gen="m" num="s">
                    <grup.a gen="m" num="s">
                      <a gen="c" lem="deformante" num="s" pos="aq0cs0" postype="qualificative" wd="deformante"/>
                    </grup.a>
                  </s.a>
                </grup.nom>
              </sn>
            </sp>
            <f lem="," pos="fc" punct="comma" wd=","/>
          </S>
          <conj conjunctiontype="coordinating">
            <c lem="sino" pos="cc" postype="coordinating" wd="sino"/>
          </conj>
          <S clausetype="adverbial">
            <conj conjunctiontype="subordinating">
              <c lem="porque" pos="cs" postype="subordinating" wd="porque"/>
            </conj>
            <sn arg="arg0" func="suj" tem="agt">
              <spec gen="m" num="s">
                <d gen="m" lem="el" num="s" pos="da0ms0" postype="article" wd="el"/>
              </spec>
              <grup.nom gen="m" num="s">
                <n gen="m" lem="escritor" num="s" pos="ncms000" postype="common" sense="16:07690416" wd="escritor"/>
              </grup.nom>
            </sn>
            <grup.verb>
              <v lem="ir" mood="indicative" num="s" person="3" pos="vmip3s0" postype="main" tense="present" wd="va"/>
              <gerundi>
                <v lem="hacer" mood="gerund" pos="vmg0000" postype="main" wd="haciendo"/>
                <infinitiu>
                  <v lem="guiar" lss="A21.transitive-agentive-patient" mood="infinitive" pos="vmn0000" postype="main" wd="guiar"/>
                </infinitiu>
              </gerundi>
            </grup.verb>
            <sn arg="arg1" func="cd" tem="pat">
              <spec gen="m" num="s">
                <d gen="m" lem="uno" num="s" pos="di0ms0" postype="indefinite" wd="un"/>
              </spec>
              <grup.nom gen="m" num="s">
                <n gen="m" lem="berilo" num="s" pos="ncms000" postype="common" sense="16:10513798" wd="berilo"/>
                <s.a gen="m" num="s">
                  <grup.a gen="m" num="s">
                    <a gen="m" lem="clarísimo" num="s" pos="aq0ms0" postype="qualificative" wd="clarísimo"/>
                  </grup.a>
                </s.a>
              </grup.nom>
            </sn>
            <sp arg="argM" func="cc" tem="loc">
              <prep>
                <s lem="sobre" pos="sps00" postype="preposition" wd="sobre"/>
              </prep>
              <sn>
                <spec gen="f" num="s">
                  <d gen="f" lem="uno" num="s" pos="di0fs0" postype="indefinite" wd="una"/>
                </spec>
                <grup.nom gen="f" num="s">
                  <n gen="f" lem="página" num="s" pos="ncfs000" postype="common" sense="16:04731849" wd="página"/>
                  <sp>
                    <prep>
                      <s lem="de" pos="sps00" postype="preposition" wd="de"/>
                    </prep>
                    <sn>
                      <spec gen="f" num="s">
                        <d gen="f" lem="el" num="s" pos="da0fs0" postype="article" wd="la"/>
                      </spec>
                      <grup.nom gen="f" num="s">
                        <n gen="f" lem="historia" num="s" pos="ncfs000" postype="common" sense="16:04802123" wd="historia"/>
                      </grup.nom>
                    </sn>
                  </sp>
                </grup.nom>
              </sn>
            </sp>
          </S>
        </S>
      </S>
    </S>
    <conj conjunctiontype="coordinating">
      <c lem="y" pos="cc" postype="coordinating" wd="y"/>
    </conj>
    <S>
      <sn arg="arg1" func="suj" tem="tem">
        <spec gen="m" num="s">
          <d gen="c" lem="el" num="s" pos="da0ns0" postype="article" wd="lo"/>
        </spec>
        <grup.nom gen="m" num="s">
          <S clausetype="relative">
            <relatiu arg="arg1" func="suj" tem="tem">
              <p gen="c" lem="que" num="c" pos="pr0cn000" postype="relative" wd="que"/>
            </relatiu>
            <grup.verb>
              <v lem="resultar" lss="B11.unaccusative-motion" mood="indicative" num="s" person="3" pos="vmip3s0" postype="main" tense="present" wd="resulta"/>
            </grup.verb>
          </S>
        </grup.nom>
      </sn>
      <grup.verb>
        <v lem="ser" lss="C21.state-attributive" mood="indicative" num="s" person="3" pos="vsip3s0" postype="semiauxiliary" tense="present" wd="es"/>
      </grup.verb>
      <sn arg="arg2" func="atr" tem="atr">
        <spec gen="f" num="s">
          <d gen="f" lem="uno" num="s" pos="di0fs0" postype="indefinite" wd="una"/>
        </spec>
        <grup.nom gen="f" num="s">
          <s.a gen="f" num="s">
            <grup.a gen="f" num="s">
              <a gen="f" lem="infinito" num="s" pos="aq0fs0" postype="qualificative" wd="infinita"/>
            </grup.a>
          </s.a>
          <n gen="f" lem="sarta" num="s" pos="ncfs000" postype="common" sense="16:cs1" wd="sarta"/>
          <sp>
            <prep>
              <s lem="de" pos="sps00" postype="preposition" wd="de"/>
            </prep>
            <sn>
              <grup.nom gen="m" num="p">
                <s.a gen="m" num="p">
                  <grup.a gen="m" num="p">
                    <a gen="c" lem="coherente" num="p" pos="aq0cp0" postype="qualificative" wd="coherentes"/>
                  </grup.a>
                </s.a>
                <n gen="m" lem="absurdo" num="p" pos="ncmp000" postype="common" sense="16:cs1" wd="absurdos"/>
              </grup.nom>
            </sn>
          </sp>
        </grup.nom>
      </sn>
      <sp arg="argM" func="cc" tem="adv">
        <f lem="," pos="fc" punct="comma" wd=","/>
        <prep>
          <c lem="como" pos="cs" postype="subordinating" wd="como"/>
        </prep>
        <S clausetype="completive" coord="yes">
          <conj conjunctiontype="subordinating">
            <c lem="si" pos="cs" postype="subordinating" wd="si"/>
          </conj>
          <S clausetype="completive">
            <sn arg="arg0" func="suj" tem="agt">
              <spec gen="m" num="s">
                <d gen="m" lem="uno" num="s" pos="di0ms0" postype="indefinite" wd="un"/>
              </spec>
              <grup.nom gen="m" num="s">
                <n gen="m" lem="diablillo" num="s" pos="ncms000" postype="common" sense="16:cs1" wd="diablillo"/>
                <s.a gen="m" num="s">
                  <grup.a gen="m" num="s">
                    <a gen="m" lem="enredador" num="s" pos="aq0ms0" postype="qualificative" wd="enredador"/>
                  </grup.a>
                </s.a>
              </grup.nom>
            </sn>
            <grup.verb>
              <v lem="hacer" lss="A22.transitive-agentive-theme" mood="subjunctive" num="s" person="3" pos="vmsi3s0" postype="main" tense="imperfect" wd="hiciera"/>
            </grup.verb>
            <sn arg="argL" func="cd">
              <grup.nom gen="f" num="s">
                <n gen="f" lem="mofa" lexicalid="noun.mofa.1.default" num="s" origin="deverbal" pos="ncfs000" postype="common" sense="16:00793584" wd="mofa"/>
              </grup.nom>
            </sn>
            <sp arg="arg1" func="creg" tem="tem">
              <prep>
                <s lem="de" pos="sps00" postype="preposition" wd="de"/>
              </prep>
              <sn>
                <spec gen="m" num="p">
                  <d gen="m" lem="todo" num="p" pos="di0mp0" postype="indefinite" wd="todos"/>
                  <d gen="m" lem="el" num="p" pos="da0mp0" postype="article" wd="los"/>
                </spec>
                <grup.nom gen="m" num="p">
                  <n gen="m" lem="principio" num="p" pos="ncmp000" postype="common" sense="16:04519930" wd="principios"/>
                  <s.a gen="m" num="p">
                    <grup.a gen="m" num="p">
                      <a gen="c" lem="solemne" num="p" pos="aq0cp0" postype="qualificative" wd="solemnes"/>
                    </grup.a>
                  </s.a>
                </grup.nom>
              </sn>
            </sp>
          </S>
          <conj conjunctiontype="coordinating">
            <c lem="y" pos="cc" postype="coordinating" wd="y"/>
          </conj>
          <S clausetype="completive">
            <sn arg="arg0" elliptic="yes" func="suj" tem="agt"/>
            <sn arg="arg1" func="cd" tem="pat">
              <grup.nom num="p">
                <p gen="c" lem="yo" num="p" person="1" pos="pp1cp000" postype="personal" wd="nos"/>
              </grup.nom>
            </sn>
            <grup.verb>
              <v lem="regalar" lss="A32.ditransitive-patient-benefactive" mood="subjunctive" num="s" person="3" pos="vmsi3s0" postype="main" tense="imperfect" wd="regalara"/>
            </grup.verb>
            <sp arg="argM" func="cc" tem="adv">
              <prep>
                <s lem="con" pos="sps00" postype="preposition" wd="con"/>
              </prep>
              <sn>
                <spec gen="m" num="s">
                  <d gen="m" lem="el" num="s" pos="da0ms0" postype="article" wd="el"/>
                </spec>
                <grup.nom gen="m" num="s">
                  <s.a gen="m" num="s">
                    <grup.a gen="m" num="s">
                      <a gen="m" lem="puro" num="s" pos="aq0ms0" postype="qualificative" wd="puro"/>
                    </grup.a>
                  </s.a>
                  <n gen="m" lem="disparate" num="s" pos="ncms000" postype="common" sense="16:04956498" wd="disparate"/>
                </grup.nom>
              </sn>
            </sp>
          </S>
        </S>
      </sp>
    </S>
    <f lem="." pos="fp" punct="period" wd="."/>
  </sentence>
  <sentence verbless="yes">
    <sadv>
      <grup.adv>
        <r lem="claro" pos="rg" wd="Claro"/>
      </grup.adv>
    </sadv>
    <S clausetype="completive">
      <conj conjunctiontype="subordinating">
        <c lem="que" pos="cs" postype="subordinating" wd="que"/>
      </conj>
      <sn arg="arg1" func="suj" tem="tem">
        <spec gen="m" num="s">
          <d gen="m" lem="el" num="s" pos="da0ms0" postype="article" wd="el"/>
        </spec>
        <grup.nom gen="m" num="s">
          <n gen="m" lem="disparate" num="s" pos="ncms000" postype="common" sense="16:04956498" wd="disparate"/>
        </grup.nom>
      </sn>
      <grup.verb>
        <v lem="ser" lss="C21.state-attributive" mood="indicative" num="s" person="3" pos="vsip3s0" postype="semiauxiliary" tense="present" wd="es"/>
      </grup.verb>
      <S arg="arg2" clausetype="completive" func="atr" impersonal="yes" tem="atr">
        <infinitiu>
          <v lem="contemplar" lss="A21.transitive-agentive-patient" mood="infinitive" pos="vmn0000" postype="main" wd="contemplar"/>
        </infinitiu>
        <sn arg="arg1" func="cd" tem="pat">
          <spec gen="f" num="s">
            <d gen="f" lem="aquel" num="s" pos="dd0fs0" postype="demonstrative" wd="aquella"/>
          </spec>
          <grup.nom gen="f" num="s">
            <n gen="f" lem="realidad" num="s" pos="ncfs000" postype="common" sense="16:04476879" wd="realidad"/>
          </grup.nom>
        </sn>
        <sp arg="argM" func="cc" tem="adv">
          <prep>
            <s lem="con" pos="sps00" postype="preposition" wd="con"/>
          </prep>
          <sn>
            <spec gen="f" num="s">
              <d gen="f" lem="el" num="s" pos="da0fs0" postype="article" wd="la"/>
            </spec>
            <grup.nom gen="f" num="s">
              <s.a gen="f" num="s">
                <grup.a gen="f" num="s">
                  <a gen="f" lem="frío" num="s" pos="aq0fs0" postype="qualificative" wd="fría"/>
                </grup.a>
              </s.a>
              <n gen="f" lem="lógica" num="s" pos="ncfs000" postype="common" sense="16:04379355" wd="lógica"/>
              <sp>
                <prep>
                  <s contracted="yes" gen="m" lem="del" num="s" pos="spcms" postype="preposition" wd="del"/>
                </prep>
                <sn>
                  <grup.nom gen="m" num="s">
                    <S clausetype="participle" impersonal="yes">
                      <participi>
                        <a gen="m" lem="adormecido" num="s" pos="aq0msp" posfunction="participle" postype="qualificative" wd="adormecido"/>
                      </participi>
                    </S>
                    <n gen="m" lem="burgués" num="s" pos="ncms000" postype="common" sense="16:07122697" wd="burgués"/>
                  </grup.nom>
                </sn>
              </sp>
            </grup.nom>
          </sn>
        </sp>
      </S>
      <S arg="argM" clausetype="adverbial" func="cc" tem="tmp">
        <conj conjunctiontype="subordinating">
          <c lem="cuando" pos="cs" postype="subordinating" wd="cuando"/>
        </conj>
        <sn arg="arg1" func="suj" tem="tem">
          <spec gen="m" num="s">
            <d gen="c" lem="el" num="s" pos="da0ns0" postype="article" wd="lo"/>
          </spec>
          <grup.nom gen="m" num="s">
            <S clausetype="relative">
              <relatiu arg="arg1" func="cd" tem="pat">
                <p gen="c" lem="que" num="c" pos="pr0cn000" postype="relative" wd="que"/>
              </relatiu>
              <grup.verb>
                <v lem="haber" mood="indicative" num="s" person="3" pos="vaip3s0" postype="auxiliary" tense="present" wd="hay"/>
                <c lem="que" pos="cs" postype="subordinating" wd="que"/>
                <infinitiu>
                  <v lem="hacer" lss="A21.transitive-agentive-patient" mood="infinitive" pos="vmn0000" postype="main" wd="hacer"/>
                </infinitiu>
              </grup.verb>
            </S>
          </grup.nom>
        </sn>
        <grup.verb>
          <v lem="ser" lss="C21.state-attributive" mood="indicative" num="s" person="3" pos="vsip3s0" postype="semiauxiliary" tense="present" wd="es"/>
        </grup.verb>
        <S arg="arg2" clausetype="completive" coord="yes" func="atr" impersonal="yes" tem="atr">
          <S clausetype="completive" impersonal="yes">
            <infinitiu>
              <v lem="detener" lss="A11.transitive-causative" mood="infinitive" pos="vmn0000" postype="main" wd="detener"/>
            </infinitiu>
            <sn arg="arg1" func="cd" tem="tem">
              <spec gen="m" num="p">
                <d gen="m" lem="el" num="p" pos="da0mp0" postype="article" wd="los"/>
              </spec>
              <grup.nom gen="m" num="p">
                <n gen="m" lem="rayo" num="p" pos="ncmp000" postype="common" sense="16:07777807" wd="rayos"/>
                <S clausetype="participle" impersonal="yes">
                  <participi>
                    <a gen="m" lem="disparado" lss="B22.unaccusative-passive-transitive" num="p" pos="aq0mpp" posfunction="participle" postype="qualificative" wd="disparados"/>
                  </participi>
                  <sp arg="argM" func="cc" tem="loc">
                    <prep>
                      <s lem="desde" pos="sps00" postype="preposition" wd="desde"/>
                    </prep>
                    <sn>
                      <spec gen="m" num="s">
                        <d gen="m" lem="el" num="s" pos="da0ms0" postype="article" wd="el"/>
                      </spec>
                      <grup.nom gen="m" num="s">
                        <n gen="m" lem="perfil" num="s" pos="ncms000" postype="common" sense="16:06345554" wd="perfil"/>
                        <sp>
                          <prep>
                            <s lem="de" pos="sps00" postype="preposition" wd="de"/>
                          </prep>
                          <sn>
                            <spec gen="f" num="p">
                              <d gen="f" lem="el" num="p" pos="da0fp0" postype="article" wd="las"/>
                            </spec>
                            <grup.nom gen="f" num="p">
                              <n gen="f" lem="arista" num="p" pos="ncfp000" postype="common" sense="16:06726110" wd="aristas"/>
                            </grup.nom>
                          </sn>
                        </sp>
                      </grup.nom>
                    </sn>
                  </sp>
                </S>
              </grup.nom>
            </sn>
          </S>
          <conj conjunctiontype="coordinating">
            <c lem="y" pos="cc" postype="coordinating" wd="y"/>
          </conj>
          <S clausetype="completive" impersonal="yes">
            <neg func="mod">
              <r lem="no" pos="rn" postype="negative" wd="no"/>
            </neg>
            <infinitiu>
              <v lem="mirar" lss="A21.transitive-agentive-patient" mood="infinitive" pos="vmn0000" postype="main" wd="mirar"/>
            </infinitiu>
            <sn arg="arg1" func="cd" tem="pat">
              <spec gen="f" num="p">
                <d gen="f" lem="el" num="p" pos="da0fp0" postype="article" wd="las"/>
              </spec>
              <grup.nom gen="f" num="p">
                <n gen="f" lem="figura" num="p" pos="ncfp000" postype="common" sense="16:02676671" wd="figuras"/>
                <S clausetype="relative">
                  <relatiu arg="arg2" func="cd" functype="quantitative" tem="atr">
                    <p gen="c" lem="que" num="c" pos="pr0cn000" postype="relative" wd="que"/>
                  </relatiu>
                  <sn arg="arg1" func="suj" tem="tem">
                    <spec gen="f" num="s">
                      <d gen="f" lem="el" num="s" pos="da0fs0" postype="article" wd="la"/>
                    </spec>
                    <grup.nom gen="f" num="s">
                      <n gen="f" lem="hoja" num="s" pos="ncfs000" postype="common" sense="16:04731596" wd="hoja"/>
                      <sp>
                        <prep>
                          <s lem="de" pos="sps00" postype="preposition" wd="de"/>
                        </prep>
                        <sn>
                          <grup.nom gen="m" num="s">
                            <n gen="m" lem="papel" num="s" pos="ncms000" postype="common" sense="16:04731024" wd="papel"/>
                          </grup.nom>
                        </sn>
                      </sp>
                    </grup.nom>
                  </sn>
                  <grup.verb>
                    <v lem="tener" lss="C21.state-attributive" mood="indicative" num="s" person="3" pos="vmii3s0" postype="main" tense="imperfect" wd="tenía"/>
                  </grup.verb>
                  <S arg="argM" clausetype="participle" func="cpred" impersonal="yes" predicate="cd" tem="atr">
                    <participi>
                      <a gen="f" lem="impreso" num="p" pos="aq0fpp" posfunction="participle" postype="qualificative" wd="impresas"/>
                    </participi>
                  </S>
                </S>
              </grup.nom>
            </sn>
          </S>
        </S>
      </S>
    </S>
    <f lem="." pos="fp" punct="period" wd="."/>
  </sentence>
  <sentence coord="yes">
    <S coord="yes">
      <S>
        <sn arg="arg1" func="suj" tem="tem">
          <spec gen="f" num="s">
            <d gen="f" lem="el" num="s" pos="da0fs0" postype="article" wd="La"/>
          </spec>
          <grup.nom gen="f" num="s">
            <n gen="f" lem="historia" num="s" pos="ncfs000" postype="common" sense="16:04802123" wd="historia"/>
          </grup.nom>
        </sn>
        <grup.verb>
          <v lem="existir" lss="C11.state-existential" mood="indicative" num="s" person="3" pos="vmis3s0" postype="main" tense="past" wd="existió"/>
        </grup.verb>
      </S>
      <conj conjunctiontype="coordinating">
        <c lem="y" pos="cc" postype="coordinating" wd="y"/>
      </conj>
      <S>
        <sn arg="arg1" elliptic="yes" func="suj" tem="tem"/>
        <grup.verb>
          <v lem="valer" lss="C11.state-existential" mood="indicative" num="s" person="3" pos="vmip3s0" postype="main" tense="present" wd="vale"/>
        </grup.verb>
        <sp arg="argM" func="cc" tem="adv">
          <prep>
            <c lem="como" pos="cs" postype="subordinating" wd="como"/>
          </prep>
          <sn>
            <grup.nom gen="m" num="s">
              <n gen="m" lem="referente" num="s" pos="ncms000" postype="common" sense="16:04953198" wd="referente"/>
            </grup.nom>
          </sn>
        </sp>
      </S>
      <f lem="," pos="fc" punct="comma" wd=","/>
    </S>
    <conj conjunctiontype="coordinating">
      <c lem="pero" pos="cc" postype="coordinating" wd="pero"/>
    </conj>
    <S>
      <sn arg="arg1" func="suj" tem="tem">
        <spec gen="m" num="p">
          <d gen="m" lem="el" num="p" pos="da0mp0" postype="article" wd="los"/>
        </spec>
        <grup.nom gen="m" num="p">
          <n gen="m" lem="grabado" lexicalid="noun.grabado.1.passive" num="p" origin="deverbal" pos="ncmp000" postype="common" sense="16:02640656" wd="grabados"/>
          <sp arg="arg1" func="cn" tem="pat">
            <prep>
              <s lem="de" pos="sps00" postype="preposition" wd="de"/>
            </prep>
            <sn>
              <grup.nom gen="m" num="p">
                <n gen="m" lem="colorín" num="p" pos="ncmp000" postype="common" sense="16:cs1" wd="colorines"/>
              </grup.nom>
            </sn>
          </sp>
        </grup.nom>
      </sn>
      <grup.verb>
        <v lem="ser" lss="C21.state-attributive" mood="indicative" num="p" person="3" pos="vsip3p0" postype="semiauxiliary" tense="present" wd="son"/>
      </grup.verb>
      <sn arg="arg2" func="atr" tem="atr">
        <sadv adjunct="yes">
          <grup.adv>
            <r lem="otra_cosa_que" pos="rg" wd="otra_cosa_que"/>
          </grup.adv>
        </sadv>
        <sn>
          <spec gen="m" num="s">
            <d gen="m" lem="el" num="s" pos="da0ms0" postype="article" wd="el"/>
          </spec>
          <grup.nom gen="m" num="s">
            <s.a gen="m" num="s">
              <grup.a gen="m" num="s">
                <a gen="c" lem="solemne" num="s" pos="aq0cs0" postype="qualificative" wd="solemne"/>
              </grup.a>
            </s.a>
            <n gen="m" lem="testimonio" num="s" pos="ncms000" postype="common" sense="16:04985679" wd="testimonio"/>
            <sp>
              <prep>
                <s lem="de" pos="sps00" postype="preposition" wd="de"/>
              </prep>
              <sn>
                <spec gen="f" num="s">
                  <d gen="c" lem="su" num="s" person="3" pos="dp3cs0" postype="possessive" wd="su"/>
                </spec>
                <grup.nom gen="f" num="s">
                  <n gen="f" lem="presencia" num="s" pos="ncfs000" postype="common" sense="16:10056790" wd="presencia"/>
                </grup.nom>
              </sn>
            </sp>
          </grup.nom>
        </sn>
      </sn>
    </S>
    <f lem="." pos="fp" punct="period" wd="."/>
  </sentence>
  <sentence coord="yes">
    <S coord="yes">
      <S>
        <sn arg="arg0" func="suj" tem="agt">
          <spec gen="f" num="s">
            <d gen="f" lem="el" num="s" pos="da0fs0" postype="article" wd="La"/>
          </spec>
          <grup.nom gen="f" num="s">
            <n gen="f" lem="tira" num="s" pos="ncfs000" postype="common" sense="16:03430059" wd="tira"/>
            <S clausetype="participle" impersonal="yes">
              <participi>
                <a gen="f" lem="pintado" num="s" pos="aq0fsp" posfunction="participle" postype="qualificative" wd="pintada"/>
              </participi>
            </S>
          </grup.nom>
        </sn>
        <grup.verb>
          <v lem="pasar" lss="D11.inergative-agentive" mood="indicative" num="s" person="3" pos="vmip3s0" postype="main" tense="present" wd="pasa"/>
        </grup.verb>
        <sp arg="arg2" func="cc" tem="loc">
          <prep>
            <s lem="bajo" pos="sps00" postype="preposition" wd="bajo"/>
          </prep>
          <sn>
            <spec gen="m" num="s">
              <d gen="m" lem="el" num="s" pos="da0ms0" postype="article" wd="el"/>
            </spec>
            <grup.nom gen="m" num="s">
              <n gen="m" lem="cristal" num="s" pos="ncms000" postype="common" sense="16:06696175" wd="cristal"/>
            </grup.nom>
          </sn>
        </sp>
        <f lem="," pos="fc" punct="comma" wd=","/>
      </S>
      <conj conjunctiontype="coordinating">
        <c lem="pero" pos="cc" postype="coordinating" wd="pero"/>
      </conj>
      <S coord="yes">
        <S>
          <sadv arg="argM" func="cc" tem="tmp">
            <grup.adv>
              <r lem="ya" pos="rg" wd="ya"/>
            </grup.adv>
          </sadv>
          <neg func="mod">
            <r lem="no" pos="rn" postype="negative" wd="no"/>
          </neg>
          <grup.verb>
            <v lem="ser" lss="C21.state-attributive" mood="indicative" num="s" person="3" pos="vsip3s0" postype="semiauxiliary" tense="present" wd="es"/>
          </grup.verb>
          <sn arg="arg1" func="suj" tem="tem">
            <spec gen="m" num="s">
              <d gen="m" lem="uno" num="s" pos="di0ms0" postype="indefinite" wd="un"/>
            </spec>
            <grup.nom gen="m" num="s">
              <n gen="m" lem="rey" num="s" pos="ncms000" postype="common" sense="16:07354565" wd="rey"/>
            </grup.nom>
          </sn>
          <sn arg="arg2" func="atr" tem="atr">
            <spec gen="m" num="s">
              <d gen="c" lem="el" num="s" pos="da0ns0" postype="article" wd="lo"/>
            </spec>
            <grup.nom gen="m" num="s">
              <S clausetype="relative">
                <relatiu arg="arg1" func="cd" tem="pat">
                  <p gen="c" lem="que" num="c" pos="pr0cn000" postype="relative" wd="que"/>
                </relatiu>
                <sn arg="arg0" elliptic="yes" func="suj" tem="agt"/>
                <grup.verb>
                  <v lem="ver" lss="A21.transitive-agentive-patient" mood="indicative" num="p" person="1" pos="vmip1p0" postype="main" tense="present" wd="vemos"/>
                </grup.verb>
              </S>
            </grup.nom>
          </sn>
          <f lem="," pos="fc" punct="comma" wd=","/>
        </S>
        <conj conjunctiontype="coordinating">
          <c lem="sino" pos="cc" postype="coordinating" wd="sino"/>
        </conj>
        <S verbless="yes">
          <sn>
            <spec gen="m" num="p">
              <d gen="m" lem="el" num="p" pos="da0mp0" postype="article" wd="los"/>
            </spec>
            <grup.nom gen="m" num="p">
              <s.a func="cn" gen="m" num="p">
                <grup.a gen="m" num="p">
                  <a gen="m" lem="ridículo" num="p" pos="aq0mp0" postype="qualificative" wd="ridículos"/>
                </grup.a>
              </s.a>
              <n gen="m" lem="tinte" lexicalid="noun.tinte.1.default" num="p" origin="deverbal" pos="ncmp000" postype="common" sense="16:10753149" wd="tintes"/>
              <S clausetype="relative" func="cn">
                <relatiu arg="arg1" func="cd" tem="pat">
                  <p gen="c" lem="que" num="c" pos="pr0cn000" postype="relative" wd="que"/>
                </relatiu>
                <sn arg="arg0" elliptic="yes" func="suj" tem="agt"/>
                <grup.verb>
                  <v lem="saber" lss="A22.transitive-agentive-theme" mood="indicative" num="p" person="1" pos="vmip1p0" postype="main" tense="present" wd="sabemos"/>
                </grup.verb>
                <sa arg="argM" func="cpred" predicate="cd" tem="atr">
                  <grup.a>
                    <a gen="m" lem="propio" num="p" pos="aq0mp0" postype="qualificative" wd="propios"/>
                    <sp>
                      <prep>
                        <s contracted="yes" gen="m" lem="del" num="s" pos="spcms" postype="preposition" wd="del"/>
                      </prep>
                      <sn>
                        <grup.nom gen="m" num="s">
                          <n gen="m" lem="monigote" num="s" pos="ncms000" postype="common" sense="16:cs1" wd="monigote"/>
                        </grup.nom>
                      </sn>
                    </sp>
                  </grup.a>
                </sa>
                <f lem="," pos="fc" punct="comma" wd=","/>
              </S>
              <S clausetype="participle" func="cn" impersonal="yes">
                <participi>
                  <a gen="m" lem="disociado" lss="B22.unaccusative-passive-transitive" num="p" pos="aq0mpp" posfunction="participle" postype="qualificative" wd="disociados"/>
                </participi>
                <sadv arg="argM" func="cc" tem="tmp">
                  <grup.adv>
                    <r lem="ahora" pos="rg" wd="ahora"/>
                  </grup.adv>
                </sadv>
                <sp arg="arg2" func="creg" tem="tem">
                  <prep>
                    <s lem="de" pos="sps00" postype="preposition" wd="de"/>
                  </prep>
                  <sn>
                    <spec gen="f" num="s">
                      <d gen="f" lem="el" num="s" pos="da0fs0" postype="article" wd="la"/>
                    </spec>
                    <grup.nom gen="f" num="s">
                      <n gen="f" lem="grandeza" num="s" pos="ncfs000" postype="common" sense="16:03776178" wd="grandeza"/>
                      <s.a gen="f" num="s">
                        <grup.a gen="f" num="s">
                          <a gen="c" lem="real" num="s" pos="aq0cs0" postype="qualificative" wd="real"/>
                        </grup.a>
                      </s.a>
                    </grup.nom>
                  </sn>
                </sp>
              </S>
            </grup.nom>
          </sn>
        </S>
      </S>
    </S>
    <f lem=";" pos="fx" punct="semicolon" wd=";"/>
    <S coord="yes">
      <S>
        <sn arg="arg1" func="suj" tem="tem">
          <spec gen="f" num="s">
            <d gen="f" lem="el" num="s" pos="da0fs0" postype="article" wd="la"/>
          </spec>
          <grup.nom gen="f" num="s">
            <n gen="f" lem="reina" num="s" pos="ncfs000" postype="common" sense="16:07516053" wd="reina"/>
          </grup.nom>
        </sn>
        <neg func="mod">
          <r lem="no" pos="rn" postype="negative" wd="no"/>
        </neg>
        <grup.verb>
          <v lem="ser" lss="C21.state-attributive" mood="indicative" num="s" person="3" pos="vsip3s0" postype="semiauxiliary" tense="present" wd="es"/>
        </grup.verb>
        <sn arg="arg2" func="atr" tem="atr">
          <spec gen="f" num="s">
            <d gen="f" lem="el" num="s" pos="da0fs0" postype="article" wd="la"/>
          </spec>
          <grup.nom gen="f" num="s">
            <n gen="f" lem="dama" num="s" pos="ncfs000" postype="common" sense="16:07200414" wd="dama"/>
            <s.a gen="f" num="s">
              <grup.a gen="f" num="s">
                <a gen="f" lem="hierático" num="s" pos="aq0fs0" postype="qualificative" wd="hierática"/>
              </grup.a>
            </s.a>
          </grup.nom>
        </sn>
        <f lem="," pos="fc" punct="comma" wd=","/>
      </S>
      <conj conjunctiontype="coordinating">
        <c lem="sino_que" pos="cc" postype="coordinating" wd="sino_que"/>
      </conj>
      <S coord="yes">
        <S>
          <sp arg="argM" func="cc" tem="loc">
            <f lem="," pos="fc" punct="comma" wd=","/>
            <prep>
              <s lem="a" pos="sps00" postype="preposition" wd="a"/>
            </prep>
            <sn>
              <spec gen="f" num="s">
                <d gen="f" lem="el" num="s" pos="da0fs0" postype="article" wd="la"/>
              </spec>
              <grup.nom gen="f" num="s">
                <n gen="f" lem="luz" num="s" pos="ncfs000" postype="common" sense="16:07811448" wd="luz"/>
                <sp>
                  <prep>
                    <s lem="de" pos="sps00" postype="preposition" wd="de"/>
                  </prep>
                  <sn>
                    <spec gen="f" num="s">
                      <d gen="f" lem="uno" num="s" pos="di0fs0" postype="indefinite" wd="una"/>
                    </spec>
                    <grup.nom gen="f" num="s">
                      <n gen="f" lem="raya" num="s" pos="ncfs000" postype="common" sense="16:03689511" wd="raya"/>
                      <s.a gen="f" num="s">
                        <grup.a gen="f" num="s">
                          <a gen="f" lem="rojo" num="s" pos="aq0fs0" postype="qualificative" wd="roja"/>
                        </grup.a>
                      </s.a>
                      <S clausetype="relative">
                        <relatiu arg="arg1" func="suj" tem="tem">
                          <p gen="c" lem="que" num="c" pos="pr0cn000" postype="relative" wd="que"/>
                        </relatiu>
                        <morfema.pronominal>
                          <p gen="c" lem="él" num="c" person="3" pos="p0300000" wd="se"/>
                        </morfema.pronominal>
                        <grup.verb>
                          <v lem="entreverar" lss="B23.unaccusative-theme-cotheme" mood="indicative" num="s" person="3" pos="vmip3s0" postype="main" tense="present" wd="entrevera"/>
                        </grup.verb>
                        <sp arg="arg2" func="creg" tem="cot">
                          <prep>
                            <s lem="con" pos="sps00" postype="preposition" wd="con"/>
                          </prep>
                          <sn>
                            <grup.nom gen="f" num="s">
                              <p gen="f" lem="otro" num="s" pos="pi0fs000" postype="indefinite" wd="otra"/>
                              <s.a gen="f" num="s">
                                <grup.a gen="f" num="s">
                                  <a gen="c" lem="verde" num="s" pos="aq0cs0" postype="qualificative" wd="verde"/>
                                </grup.a>
                              </s.a>
                            </grup.nom>
                          </sn>
                        </sp>
                      </S>
                    </grup.nom>
                  </sn>
                </sp>
              </grup.nom>
            </sn>
            <f lem="," pos="fc" punct="comma" wd=","/>
          </sp>
          <sn arg="arg0" elliptic="yes" func="suj" tem="agt"/>
          <grup.verb>
            <v lem="perder" lss="A21.transitive-agentive-patient" mood="indicative" num="s" person="3" pos="vmip3s0" postype="main" tense="present" wd="pierde"/>
          </grup.verb>
          <sn arg="arg1" func="cd" tem="pat">
            <spec gen="m" num="s">
              <d gen="c" lem="su" num="s" person="3" pos="dp3cs0" postype="possessive" wd="su"/>
            </spec>
            <grup.nom gen="m" num="s">
              <n gen="m" lem="peplo" num="s" pos="ncms000" postype="common" sense="16:cs1" wd="peplo"/>
              <s.a gen="m" num="s">
                <grup.a gen="m" num="s">
                  <a gen="m" lem="blanco" num="s" pos="aq0ms0" postype="qualificative" wd="blanco"/>
                </grup.a>
              </s.a>
            </grup.nom>
          </sn>
        </S>
        <conj conjunctiontype="coordinating">
          <c lem="y" pos="cc" postype="coordinating" wd="y"/>
        </conj>
        <S>
          <sn arg="arg1" elliptic="yes" func="suj" tem="tem"/>
          <grup.verb>
            <v lem="aparecer" lss="B22.unaccusative-passive-transitive" mood="indicative" num="s" person="3" pos="vmip3s0" postype="main" tense="present" wd="aparece"/>
          </grup.verb>
          <sp arg="arg2" func="cc" tem="loc">
            <prep>
              <s lem="en" pos="sps00" postype="preposition" wd="en"/>
            </prep>
            <sn>
              <spec gen="f" num="s">
                <d gen="f" lem="el" num="s" pos="da0fs0" postype="article" wd="la"/>
              </spec>
              <grup.nom gen="f" num="s">
                <n gen="f" lem="distorsión" lexicalid="noun.distorsión.1.default" num="s" origin="deverbal" pos="ncfs000" postype="common" sense="16:07771626" wd="distorsión"/>
                <s.a arg="argM" func="cn" gen="f" num="s" tem="mnr">
                  <grup.a gen="f" num="s">
                    <a gen="f" lem="chabacano" num="s" pos="aq0fs0" postype="qualificative" wd="chabacana"/>
                  </grup.a>
                </s.a>
                <sp arg="arg0" func="cn" tem="cau">
                  <prep>
                    <s lem="de" pos="sps00" postype="preposition" wd="de"/>
                  </prep>
                  <sn>
                    <spec gen="f" num="p">
                      <d gen="f" lem="el" num="p" pos="da0fp0" postype="article" wd="las"/>
                    </spec>
                    <grup.nom gen="f" num="p">
                      <n gen="f" lem="comadre" num="p" pos="ncfp000" postype="common" sense="16:07408554" wd="comadres"/>
                    </grup.nom>
                  </sn>
                </sp>
              </grup.nom>
            </sn>
          </sp>
        </S>
      </S>
    </S>
    <f lem="." pos="fp" punct="period" wd="."/>
  </sentence>
  <sentence>
    <sn arg="arg0" elliptic="yes" func="suj" tem="agt"/>
    <grup.verb>
      <v lem="querer" lss="A21.transitive-agentive-patient" mood="indicative" num="s" person="1" pos="vmip1s0" postype="main" tense="present" wd="Quiero"/>
    </grup.verb>
    <sp arg="argM" func="cc" tem="adv">
      <prep>
        <s lem="con" pos="sps00" postype="preposition" wd="con"/>
      </prep>
      <sn>
        <grup.nom gen="m" num="s">
          <p gen="c" lem="este" num="s" pos="pd0ns000" postype="demonstrative" wd="esto"/>
        </grup.nom>
      </sn>
    </sp>
    <S arg="arg1" clausetype="completive" func="cd" impersonal="yes" tem="pat">
      <infinitiu>
        <v lem="decir" lss="A32.ditransitive-patient-benefactive" mood="infinitive" pos="vmn0000" postype="main" wd="decir"/>
      </infinitiu>
      <S arg="arg1" clausetype="completive" func="cd" tem="pat">
        <conj conjunctiontype="subordinating">
          <c lem="que" pos="cs" postype="subordinating" wd="que"/>
        </conj>
        <sn arg="arg0" entityref="ne" func="suj" ne="person" tem="agt">
          <grup.nom gen="m" num="s">
            <n lem="Medardo_Fraile" ne="person" pos="np0000p" postype="proper" sense="16:cs1" wd="Medardo_Fraile"/>
          </grup.nom>
        </sn>
        <grup.verb>
          <v lem="haber" mood="indicative" num="s" person="3" pos="vaip3s0" postype="auxiliary" tense="present" wd="ha"/>
          <v gen="m" lem="escribir" lss="A21.transitive-agentive-patient" mood="participle" num="s" pos="vmp00sm" postype="main" wd="escrito"/>
        </grup.verb>
        <sn arg="arg1" func="cd" tem="pat">
          <spec gen="m" num="s">
            <d gen="m" lem="uno" num="s" pos="di0ms0" postype="indefinite" wd="un"/>
          </spec>
          <grup.nom gen="m" num="s">
            <n gen="m" lem="relato" lexicalid="noun.relato.1.default" num="s" origin="deverbal" pos="ncms000" postype="common" sense="16:04802123" wd="relato"/>
            <s.a coord="yes" func="cn" gen="m" num="s">
              <s.a gen="m" num="s">
                <grup.a gen="m" num="s">
                  <a gen="m" lem="extraño" num="s" pos="aq0ms0" postype="qualificative" wd="extraño"/>
                </grup.a>
              </s.a>
              <conj conjunctiontype="coordinating">
                <c lem="y" pos="cc" postype="coordinating" wd="y"/>
              </conj>
              <S clausetype="participle" impersonal="yes">
                <participi>
                  <a gen="m" lem="divertido" num="s" pos="aq0msp" posfunction="participle" postype="qualificative" wd="divertido"/>
                </participi>
              </S>
            </s.a>
          </grup.nom>
        </sn>
      </S>
    </S>
    <f lem="." pos="fp" punct="period" wd="."/>
  </sentence>
</article>
