<?xml version="1.0" encoding="UTF-8" standalone="no"?>
<!-- 

  ancora-2.0
       
			Copyright (C) 2007, 2008, 2009, 2010, 2011 UB - CLiC
			Centre de Llenguatge i Computació - Universitat de Barcelona
 
  This file is part of ancora-2.0.
 
  ancora-2.0 is free software and data: you can redistribute it and/or modify
  it under the terms of the GNU General Public License as published
  by the Free Software Foundation, either version 3 of the License,
  or (at your option) any later version.

  ancora-2.0 is distributed in the hope that it will be useful,
  but WITHOUT ANY WARRANTY; without even the implied warranty of
  MERCHANTABILITY or FITNESS FOR A PARTICULAR PURPOSE.  See the
  GNU General Public License for more details.
 
  You should have received a copy of the GNU General Public License
  along with ancora-2.0.  If not, see &lt;http://www.gnu.org/licenses/&gt;.
 
  Check a text in catalan explaining the terms of the license at http://www.softcatala.cat/wiki/GPL3.
  In spanish at http://www.viti.es/gnu/licenses/gpl.html
 

  The following paper must be cited when using this corpus:

 * Taulé, M., M.A. Martí, M. Recasens (2008) 'Ancora: Multilevel Annotated Corpora for Catalan and Spanish',
   Proceedings of 6th International Conference on Language Resources and Evaluation. Marrakesh (Morocco).

  In addition, the following paper must be cited if coreference information (attributes entity, coreftype,
  corefsubtype, homophoricDD or entityref) is used:

 * Recasens, Marta, M. Antònia Martí (2010) ‘AnCora-CO: Coreferentially annotated corpora for Spanish and
   Catalan’. Language Resources and Evaluation, Springer Science.

  Additionally, the following paper must be cited when argumental attributes in "sn" or "grup.nom"
  (attributes func, arg, tem or lexicalid) are used:

 * Peris, Aina, Mariona Taulé, Horacio Rodríguez (2010) ‘Semantic Annotation of Deverbal Nominalizations in the
   Spanish AnCora corpus’. Treebanks and Linguistic Theories (TLT-2010), Estonia.
-->
<article lng="es">
  <sentence>
    <sn arg="argM" func="cc" tem="tmp">
      <v lem="ir" mood="indicative" num="s" person="3" pos="vmip3s0" postype="main" tense="present" wd="Va"/>
      <s lem="para" pos="sps00" postype="preposition" wd="para"/>
      <d gen="m" lem="medio" num="s" pos="dn0ms0" postype="numeral" wd="medio"/>
      <n gen="m" lem="siglo" num="s" pos="ncms000" postype="common" sense="16:10918678" wd="siglo"/>
    </sn>
    <sn arg="arg0" elliptic="yes" func="suj" tem="agt"/>
    <grup.verb>
      <v lem="leer" lss="A21.transitive-agentive-patient" mood="indicative" num="s" person="1" pos="vmis1s0" postype="main" tense="past" wd="leí"/>
    </grup.verb>
    <sn arg="arg1" entityref="ne" func="cd" ne="other" tem="pat">
      <grup.nom>
        <f lem="&quot;" pos="fe" punct="quotation" wd="&quot;"/>
        <n lem="La_vida_privada_de_Elena_de_Troya" ne="other" pos="np0000a" postype="proper" sense="16:cs1" wd="La_vida_privada_de_Elena_de_Troya"/>
        <f lem="&quot;" pos="fe" punct="quotation" wd="&quot;"/>
      </grup.nom>
    </sn>
    <f lem="." pos="fp" punct="period" wd="."/>
  </sentence>
  <sentence coord="yes">
    <S>
      <sn arg="arg1" func="suj" tem="tem">
        <spec arg="arg1" gen="m" num="s" tem="pat">
          <d gen="c" lem="su" num="s" person="3" pos="dp3cs0" postype="possessive" wd="Su"/>
        </spec>
        <grup.nom gen="m" num="s">
          <n gen="m" lem="recuerdo" lexicalid="noun.recuerdo.3.default" num="s" origin="deverbal" pos="ncms000" postype="common" sense="16:04445071" wd="recuerdo"/>
        </grup.nom>
      </sn>
      <grup.verb>
        <v lem="quedar" lss="C21.state-attributive" mood="indicative" num="s" person="3" pos="vmis3s0" postype="main" tense="past" wd="quedó"/>
      </grup.verb>
      <S arg="arg2" clausetype="participle" func="cpred" impersonal="yes" predicate="suj" tem="atr">
        <participi>
          <a gen="m" lem="sepultado" num="s" pos="aq0msp" posfunction="participle" postype="qualificative" wd="sepultado"/>
        </participi>
      </S>
      <sp arg="argM" func="cc" tem="loc">
        <prep>
          <s lem="en" pos="sps00" postype="preposition" wd="en"/>
        </prep>
        <sn>
          <spec gen="m" num="s">
            <d gen="m" lem="el" num="s" pos="da0ms0" postype="article" wd="el"/>
          </spec>
          <grup.nom gen="m" num="s">
            <n gen="m" lem="fondo" num="s" pos="ncms000" postype="common" sense="16:03217207" wd="fondo"/>
            <sp>
              <prep>
                <s lem="de" pos="sps00" postype="preposition" wd="de"/>
              </prep>
              <sn>
                <spec arg="arg0" gen="f" num="s" tem="cau">
                  <d gen="c" lem="mi" num="s" person="1" pos="dp1css" possessornum="s" postype="possessive" wd="mi"/>
                </spec>
                <grup.nom gen="f" num="s">
                  <n gen="f" lem="conciencia" lexicalid="noun.conciencia.1.default" num="s" origin="deverbal" pos="ncfs000" postype="common" sense="16:06664059" wd="conciencia"/>
                </grup.nom>
              </sn>
            </sp>
          </grup.nom>
        </sn>
      </sp>
      <f lem="," pos="fc" punct="comma" wd=","/>
    </S>
    <conj conjunctiontype="coordinating">
      <c lem="y" pos="cc" postype="coordinating" wd="y"/>
    </conj>
    <S>
      <sadv arg="argM" func="cc" tem="tmp">
        <grup.adv>
          <r lem="hoy" pos="rg" wd="hoy"/>
        </grup.adv>
      </sadv>
      <sp arg="argM" func="cc" tem="tmp">
        <f lem="," pos="fc" punct="comma" wd=","/>
        <prep>
          <s contracted="yes" gen="m" lem="al" num="s" pos="spcms" postype="preposition" wd="al"/>
        </prep>
        <S clausetype="completive" impersonal="yes">
          <infinitiu>
            <v lem="redactar" lss="A21.transitive-agentive-patient" mood="infinitive" pos="vmn0000" postype="main" wd="redactar"/>
          </infinitiu>
          <sn arg="arg1" func="cd" tem="pat">
            <spec gen="f" num="p">
              <d gen="f" lem="este" num="p" pos="dd0fp0" postype="demonstrative" wd="estas"/>
            </spec>
            <grup.nom gen="f" num="p">
              <n gen="f" lem="página" num="p" pos="ncfp000" postype="common" sense="16:04731849" wd="páginas"/>
            </grup.nom>
          </sn>
        </S>
        <f lem="," pos="fc" punct="comma" wd=","/>
      </sp>
      <sn arg="arg0" entityref="ne" func="suj" ne="person" tem="agt">
        <grup.nom gen="m" num="s">
          <n lem="John_Erskine" ne="person" pos="np0000p" postype="proper" sense="16:cs1" wd="John_Erskine"/>
        </grup.nom>
      </sn>
      <sn arg="arg1" func="cd" tem="pat">
        <grup.nom num="s">
          <p gen="c" lem="yo" num="s" person="1" pos="pp1cs000" postype="personal" wd="me"/>
        </grup.nom>
      </sn>
      <grup.verb>
        <v lem="haber" mood="indicative" num="s" person="3" pos="vaip3s0" postype="auxiliary" tense="present" wd="ha"/>
        <v gen="m" lem="acompañar" lss="A21.transitive-agentive-patient" mood="participle" num="s" pos="vmp00sm" postype="main" wd="acompañado"/>
      </grup.verb>
    </S>
    <f lem="." pos="fp" punct="period" wd="."/>
  </sentence>
  <sentence coord="yes">
    <S>
      <sn arg="arg0" elliptic="yes" func="suj" tem="agt"/>
      <grup.verb>
        <v lem="escribir" lss="A21.transitive-agentive-patient" mood="indicative" num="s" person="1" pos="vmip1s0" postype="main" tense="present" wd="Escribo"/>
      </grup.verb>
      <sadv arg="argM" func="cc" tem="loc">
        <spec>
          <r lem="mucho" pos="rg" wd="muy"/>
        </spec>
        <grup.adv>
          <r lem="lejos" pos="rg" wd="lejos"/>
          <sp>
            <prep>
              <s lem="de" pos="sps00" postype="preposition" wd="de"/>
            </prep>
            <sn>
              <spec gen="m" num="p">
                <d gen="c" lem="mi" num="p" person="1" pos="dp1cps" possessornum="s" postype="possessive" wd="mis"/>
              </spec>
              <grup.nom gen="m" num="p">
                <n gen="m" lem="libro" num="p" pos="ncmp000" postype="common" sense="16:04831824" wd="libros"/>
              </grup.nom>
            </sn>
          </sp>
        </grup.adv>
      </sadv>
    </S>
    <conj conjunctiontype="coordinating">
      <c lem="y" pos="cc" postype="coordinating" wd="y"/>
    </conj>
    <S>
      <sp arg="argM" func="cc" tem="loc">
        <f lem="," pos="fc" punct="comma" wd=","/>
        <prep>
          <s lem="en" pos="sps00" postype="preposition" wd="en"/>
        </prep>
        <sn>
          <spec gen="m" num="s">
            <d gen="m" lem="el" num="s" pos="da0ms0" postype="article" wd="el"/>
          </spec>
          <grup.nom gen="m" num="s">
            <n gen="m" lem="refugio" lexicalid="noun.refugio.1.default" num="s" origin="deverbal" pos="ncms000" postype="common" sense="16:06365002" wd="refugio"/>
            <sp arg="argM" func="cn" tem="loc">
              <prep>
                <s lem="de" pos="sps00" postype="preposition" wd="de"/>
              </prep>
              <sn>
                <spec gen="f" num="s">
                  <d gen="f" lem="el" num="s" pos="da0fs0" postype="article" wd="la"/>
                </spec>
                <grup.nom gen="f" num="s">
                  <n gen="f" lem="biblioteca" num="s" pos="ncfs000" postype="common" sense="16:02920211" wd="biblioteca"/>
                  <S clausetype="relative">
                    <sp arg="argM" func="cc" tem="loc">
                      <prep>
                        <s lem="en" pos="sps00" postype="preposition" wd="en"/>
                      </prep>
                      <sn>
                        <spec gen="f" num="s">
                          <d gen="f" lem="el" num="s" pos="da0fs0" postype="article" wd="la"/>
                        </spec>
                        <relatiu>
                          <p gen="c" lem="que" num="c" pos="pr0cn000" postype="relative" wd="que"/>
                        </relatiu>
                      </sn>
                    </sp>
                    <sn arg="arg0" elliptic="yes" func="suj" tem="agt"/>
                    <grup.verb>
                      <v lem="trabajar" lss="D11.inergative-agentive" mood="indicative" num="s" person="1" pos="vmip1s0" postype="main" tense="present" wd="trabajo"/>
                    </grup.verb>
                  </S>
                </grup.nom>
              </sn>
            </sp>
          </grup.nom>
        </sn>
        <f lem="," pos="fc" punct="comma" wd=","/>
      </sp>
      <sn arg="arg0" elliptic="yes" func="suj" tem="agt"/>
      <grup.verb>
        <v lem="haber" mood="indicative" num="s" person="1" pos="vaip1s0" postype="auxiliary" tense="present" wd="he"/>
        <v gen="m" lem="buscar" lss="A21.transitive-agentive-patient" mood="participle" num="s" pos="vmp00sm" postype="main" wd="buscado"/>
      </grup.verb>
      <sn arg="arg1" func="cd" tem="pat">
        <spec gen="f" num="p">
          <d gen="f" lem="el" num="p" pos="da0fp0" postype="article" wd="las"/>
        </spec>
        <grup.nom gen="f" num="p">
          <n gen="f" lem="obra" lexicalid="noun.obra.2.default" num="p" origin="deverbal" pos="ncfp000" postype="common" sense="16:03629197" wd="obras"/>
          <sp arg="arg0" func="cn" tem="agt">
            <prep>
              <s contracted="yes" gen="m" lem="del" num="s" pos="spcms" postype="preposition" wd="del"/>
            </prep>
            <sn>
              <grup.nom gen="m" num="s">
                <n gen="m" lem="escritor" num="s" pos="ncms000" postype="common" sense="16:07689380" wd="escritor"/>
                <s.a gen="m" num="s">
                  <grup.a gen="m" num="s">
                    <a gen="m" lem="norteamericano" num="s" pos="aq0ms0" postype="qualificative" wd="norteamericano"/>
                  </grup.a>
                </s.a>
              </grup.nom>
            </sn>
          </sp>
        </grup.nom>
      </sn>
    </S>
    <f lem="." pos="fp" punct="period" wd="."/>
  </sentence>
  <sentence>
    <sn arg="arg0" elliptic="yes" func="suj" tem="agt"/>
    <grup.verb>
      <v lem="encontrar" lss="A21.transitive-agentive-patient" mood="indicative" num="s" person="1" pos="vmip1s0" postype="main" tense="present" wd="Encuentro"/>
    </grup.verb>
    <sn arg="arg1" func="cd" tem="pat">
      <spec gen="m" num="s">
        <d gen="m" lem="uno" num="s" pos="di0ms0" postype="indefinite" wd="un"/>
      </spec>
      <grup.nom gen="m" num="s">
        <s.a gen="m" num="s">
          <grup.a gen="m" num="s">
            <a gen="c" lem="sorprendente" num="s" pos="aq0cs0" postype="qualificative" wd="sorprendente"/>
          </grup.a>
        </s.a>
        <n gen="m" lem="parecido" num="s" pos="ncms000" postype="common" sense="16:03730288" wd="parecido"/>
        <sp>
          <prep>
            <s lem="con" pos="sps00" postype="preposition" wd="con"/>
          </prep>
          <sn entityref="ne" ne="person">
            <grup.nom gen="m" num="s">
              <n lem="Medardo_Fraile" ne="person" pos="np0000p" postype="proper" sense="16:cs1" wd="Medardo_Fraile"/>
            </grup.nom>
          </sn>
        </sp>
      </grup.nom>
    </sn>
    <f lem="." pos="fp" punct="period" wd="."/>
  </sentence>
  <sentence coord="yes">
    <S>
      <sn arg="arg1" entityref="ne" func="suj" ne="person" tem="tem">
        <grup.nom gen="m" num="s">
          <n lem="Erskine" ne="person" pos="np0000p" postype="proper" sense="16:cs1" wd="Erskine"/>
        </grup.nom>
      </sn>
      <grup.verb>
        <v lem="ser" lss="C21.state-attributive" mood="indicative" num="s" person="3" pos="vsis3s0" postype="semiauxiliary" tense="past" wd="fue"/>
      </grup.verb>
      <sn arg="arg2" func="atr" tem="atr">
        <grup.nom gen="m" num="s">
          <n gen="m" lem="profesor" num="s" pos="ncms000" postype="common" sense="16:07056778" wd="profesor"/>
          <sp>
            <prep>
              <s lem="de" pos="sps00" postype="preposition" wd="de"/>
            </prep>
            <sn>
              <grup.nom gen="m" num="s">
                <n gen="m" lem="prestigio" num="s" pos="ncms000" postype="common" sense="16:10357033" wd="prestigio"/>
              </grup.nom>
            </sn>
          </sp>
        </grup.nom>
      </sn>
    </S>
    <f lem="," pos="fc" punct="comma" wd=","/>
    <S>
      <sp arg="argM" func="cc" tem="cau">
        <prep>
          <s lem="por" pos="sps00" postype="preposition" wd="por"/>
        </prep>
        <sn>
          <grup.nom gen="m" num="s">
            <p gen="c" lem="ese" num="s" pos="pd0ns000" postype="demonstrative" wd="eso"/>
          </grup.nom>
        </sn>
      </sp>
      <sn arg="argM" func="cc" tem="tmp">
        <spec gen="m" num="s">
          <d gen="m" lem="uno" num="s" pos="di0ms0" postype="indefinite" wd="un"/>
        </spec>
        <grup.nom gen="m" num="s">
          <n gen="m" lem="día" num="s" pos="ncms000" postype="common" sense="16:10851114" wd="día"/>
        </grup.nom>
      </sn>
      <sn arg="arg0" entityref="ne" func="suj" ne="person" tem="agt">
        <grup.nom gen="m" num="s">
          <n lem="Will_D._Howe" ne="person" pos="np0000p" postype="proper" sense="16:cs1" wd="Will_D._Howe"/>
        </grup.nom>
      </sn>
      <sn arg="arg1" func="cd" tem="pat">
        <grup.nom num="s">
          <p case="accusative" gen="c" lem="él" num="s" person="3" pos="pp3csa00" postype="personal" wd="le"/>
        </grup.nom>
      </sn>
      <grup.verb>
        <v lem="invitar" lss="A34.ditransitive-patient-theme" mood="indicative" num="s" person="3" pos="vmis3s0" postype="main" tense="past" wd="invitó"/>
      </grup.verb>
      <sp arg="arg2" func="creg" tem="tem">
        <prep>
          <s lem="a" pos="sps00" postype="preposition" wd="a"/>
        </prep>
        <S clausetype="completive" impersonal="yes">
          <infinitiu>
            <v lem="colaborar" lss="A22.transitive-agentive-theme" mood="infinitive" pos="vmn0000" postype="main" wd="colaborar"/>
          </infinitiu>
          <sp arg="argM" func="cc" tem="loc">
            <prep>
              <s lem="en" pos="sps00" postype="preposition" wd="en"/>
            </prep>
            <sn>
              <spec gen="m" num="s">
                <d gen="m" lem="uno" num="s" pos="di0ms0" postype="indefinite" wd="un"/>
              </spec>
              <grup.nom gen="m" num="s">
                <n gen="m" lem="libro" num="s" pos="ncms000" postype="common" sense="16:04831824" wd="libro"/>
                <sp>
                  <prep>
                    <s lem="de" pos="sps00" postype="preposition" wd="de"/>
                  </prep>
                  <sn>
                    <grup.nom gen="f" num="s">
                      <n gen="f" lem="filología" num="s" pos="ncfs000" postype="common" sense="16:04686359" wd="filología"/>
                    </grup.nom>
                  </sn>
                </sp>
              </grup.nom>
            </sn>
          </sp>
        </S>
      </sp>
    </S>
    <f lem="." pos="fp" punct="period" wd="."/>
  </sentence>
  <sentence coord="yes">
    <S coord="yes">
      <S>
        <morfema.pronominal>
          <p gen="c" lem="él" num="c" person="3" pos="p0300000" wd="Se"/>
        </morfema.pronominal>
        <sn arg="arg2" func="ci" tem="ben">
          <grup.nom num="s">
            <p case="dative" gen="c" lem="él" num="s" person="3" pos="pp3csd00" postype="personal" wd="le"/>
          </grup.nom>
        </sn>
        <grup.verb>
          <v lem="ocurrir" lss="C41.state-benefactive" mood="indicative" num="s" person="3" pos="vmis3s0" postype="main" tense="past" wd="ocurrió"/>
        </grup.verb>
        <S arg="arg1" clausetype="completive" func="suj" impersonal="yes" tem="tem">
          <infinitiu>
            <v lem="leer" lss="A21.transitive-agentive-patient" mood="infinitive" pos="vmn0000" postype="main" wd="leer"/>
          </infinitiu>
          <sn arg="arg1" entityref="ne" func="cd" ne="other" tem="pat">
            <spec gen="f" num="s">
              <d gen="f" lem="el" num="s" pos="da0fs0" postype="article" wd="la"/>
            </spec>
            <grup.nom gen="f" num="s">
              <f lem="&quot;" pos="fe" punct="quotation" wd="&quot;"/>
              <n lem="Guerra_de_Troya" ne="other" pos="np0000a" postype="proper" sense="16:cs1" wd="Guerra_de_Troya"/>
              <f lem="&quot;" pos="fe" punct="quotation" wd="&quot;"/>
              <sp>
                <f lem="," pos="fc" punct="comma" wd=","/>
                <prep>
                  <s lem="de" pos="sps00" postype="preposition" wd="de"/>
                </prep>
                <sn entityref="ne" ne="person">
                  <grup.nom gen="m" num="s">
                    <n lem="George_Grote" ne="person" pos="np0000p" postype="proper" sense="16:cs1" wd="George_Grote"/>
                  </grup.nom>
                </sn>
                <f lem="," pos="fc" punct="comma" wd=","/>
              </sp>
            </grup.nom>
          </sn>
        </S>
      </S>
      <conj conjunctiontype="coordinating">
        <c lem="y" pos="cc" postype="coordinating" wd="y"/>
      </conj>
      <S>
        <sp arg="argM" func="cc" tem="loc">
          <prep>
            <s lem="de" pos="sps00" postype="preposition" wd="de"/>
          </prep>
          <sadv>
            <grup.adv>
              <r lem="allí" pos="rg" wd="allí"/>
            </grup.adv>
          </sadv>
        </sp>
        <sn arg="arg1" elliptic="yes" func="suj" tem="tem"/>
        <morfema.pronominal>
          <p gen="c" lem="él" num="c" person="3" pos="p0300000" wd="se"/>
        </morfema.pronominal>
        <grup.verb>
          <v lem="ir" lss="C11.state-existential" mood="indicative" num="s" person="3" pos="vmis3s0" postype="main" tense="past" wd="fue"/>
        </grup.verb>
        <sp arg="argM" func="cc" tem="loc">
          <prep>
            <s contracted="yes" gen="m" lem="al" num="s" pos="spcms" postype="preposition" wd="al"/>
          </prep>
          <sn entityref="ne" ne="other">
            <grup.nom gen="m" num="s">
              <f lem="&quot;" pos="fe" punct="quotation" wd="&quot;"/>
              <n lem="Dictionaire_historique_et_critique" ne="other" pos="np0000a" postype="proper" sense="16:cs1" wd="Dictionaire_historique_et_critique"/>
              <f lem="&quot;" pos="fe" punct="quotation" wd="&quot;"/>
              <sp>
                <f lem="," pos="fc" punct="comma" wd=","/>
                <prep>
                  <s lem="de" pos="sps00" postype="preposition" wd="de"/>
                </prep>
                <sn entityref="ne" ne="person">
                  <grup.nom gen="m" num="s">
                    <n lem="Pierre_Bayle" ne="person" pos="np0000p" postype="proper" sense="16:cs1" wd="Pierre_Bayle"/>
                  </grup.nom>
                </sn>
              </sp>
              <sn entityref="ne" ne="date">
                <f lem="(" pos="fpa" punct="bracket" punctenclose="open" wd="("/>
                <grup.nom>
                  <w lem="[??:??/??/1697:??.??]" ne="date" wd="1697"/>
                </grup.nom>
                <f lem=")" pos="fpt" punct="bracket" punctenclose="close" wd=")"/>
              </sn>
            </grup.nom>
          </sn>
        </sp>
      </S>
    </S>
    <f lem=";" pos="fx" punct="semicolon" wd=";"/>
    <S>
      <sn arg="arg0" elliptic="yes" func="suj" tem="agt"/>
      <morfema.pronominal>
        <p gen="c" lem="él" num="c" person="3" pos="p0300000" wd="se"/>
      </morfema.pronominal>
      <grup.verb>
        <v lem="dar_cuenta" lss="A22.transitive-agentive-theme" mood="indicative" num="s" person="3" pos="vmis3s0" postype="main" tense="past" wd="dio_cuenta"/>
      </grup.verb>
      <S arg="arg1" clausetype="completive" func="creg" tem="tem">
        <conj conjunctiontype="subordinating">
          <c lem="que" pos="cs" postype="subordinating" wd="que"/>
        </conj>
        <sp arg="argM" func="cc" tem="adv">
          <f lem="," pos="fc" punct="comma" wd=","/>
          <prep>
            <s lem="ante" pos="sps00" postype="preposition" wd="ante"/>
          </prep>
          <sn>
            <spec gen="f" num="s">
              <d gen="f" lem="tanto" num="s" pos="di0fs0" postype="indefinite" wd="tanta"/>
            </spec>
            <grup.nom gen="f" num="s">
              <n gen="f" lem="erudición" num="s" pos="ncfs000" postype="common" sense="16:04590750" wd="erudición"/>
            </grup.nom>
          </sn>
          <f lem="," pos="fc" punct="comma" wd=","/>
        </sp>
        <grup.verb>
          <v lem="hacer_falta" lss="C11.state-existential" mood="indicative" num="s" person="3" pos="vmii3s0" postype="main" tense="imperfect" wd="hacía_falta"/>
        </grup.verb>
        <sn arg="arg1" func="suj" tem="tem">
          <spec gen="m" num="s">
            <d gen="m" lem="mucho" num="s" pos="di0ms0" postype="indefinite" wd="mucho"/>
          </spec>
          <grup.nom gen="m" num="s">
            <n gen="m" lem="valor" num="s" pos="ncms000" postype="common" sense="16:03808136" wd="valor"/>
          </grup.nom>
        </sn>
        <sp arg="argM" func="cc" tem="fin">
          <prep>
            <s lem="para" pos="sps00" postype="preposition" wd="para"/>
          </prep>
          <S clausetype="completive" impersonal="yes">
            <infinitiu>
              <v lem="escribir" lss="A34.ditransitive-patient-theme" mood="infinitive" pos="vmn0000" postype="main" wd="escribir"/>
            </infinitiu>
            <sp arg="arg2" func="cc" tem="tem">
              <prep>
                <s lem="sobre" pos="sps00" postype="preposition" wd="sobre"/>
              </prep>
              <sn entityref="ne" ne="person">
                <grup.nom gen="f" num="s">
                  <n lem="Elena_de_Troya" ne="person" pos="np0000p" postype="proper" sense="16:cs1" wd="Elena_de_Troya"/>
                </grup.nom>
              </sn>
            </sp>
          </S>
        </sp>
        <S arg="argM" clausetype="adverbial" func="cc" tem="adv">
          <f lem="," pos="fc" punct="comma" wd=","/>
          <conj conjunctiontype="subordinating">
            <c lem="pues" pos="cs" postype="subordinating" wd="pues"/>
          </conj>
          <sn arg="arg0" func="suj" tem="agt">
            <spec gen="m" num="p">
              <d gen="m" lem="el" num="p" pos="da0mp0" postype="article" wd="los"/>
            </spec>
            <grup.nom gen="m" num="p">
              <n gen="m" lem="investigador" num="p" pos="ncmp000" postype="common" sense="16:07344414" wd="investigadores"/>
            </grup.nom>
          </sn>
          <neg func="mod">
            <r lem="no" pos="rn" postype="negative" wd="no"/>
          </neg>
          <grup.verb>
            <v lem="aceptar" lss="A21.transitive-agentive-patient" mood="indicative" num="p" person="3" pos="vmic3p0" postype="main" tense="conditional" wd="aceptarían"/>
          </grup.verb>
          <sadv arg="argM" func="cc" tem="mnr">
            <grup.adv>
              <r lem="fácilmente" pos="rg" wd="fácilmente"/>
            </grup.adv>
          </sadv>
          <sn arg="arg1" func="cd" tem="pat">
            <spec gen="m" num="s">
              <d gen="m" lem="uno" num="s" pos="di0ms0" postype="indefinite" wd="un"/>
            </spec>
            <grup.nom gen="m" num="s">
              <n gen="m" lem="trabajo" lexicalid="noun.trabajo.2.default" num="s" origin="deverbal" pos="ncms000" postype="common" sense="16:00468909" wd="trabajo"/>
              <s.a func="cn" gen="m" num="s">
                <grup.a gen="m" num="s">
                  <a gen="c" lem="trivial" num="s" pos="aq0cs0" postype="qualificative" wd="trivial"/>
                </grup.a>
              </s.a>
            </grup.nom>
          </sn>
        </S>
      </S>
    </S>
    <f lem="." pos="fp" punct="period" wd="."/>
  </sentence>
  <sentence>
    <sadv arg="argM" func="cc" tem="tmp">
      <grup.adv>
        <r lem="entonces" pos="rg" wd="Entonces"/>
      </grup.adv>
    </sadv>
    <sn arg="arg0" elliptic="yes" func="suj" tem="agt"/>
    <grup.verb>
      <v lem="decidir" lss="A21.transitive-agentive-patient" mood="indicative" num="s" person="3" pos="vmis3s0" postype="main" tense="past" wd="decidió"/>
    </grup.verb>
    <S arg="arg1" clausetype="completive" func="cd" impersonal="yes" tem="pat">
      <S clausetype="completive" impersonal="yes">
        <infinitiu>
          <v lem="cambiar" lss="A22.transitive-agentive-theme" mood="infinitive" pos="vmn0000" postype="main" wd="cambiar"/>
        </infinitiu>
        <sp arg="arg1" func="creg" tem="tem">
          <prep>
            <s lem="de" pos="sps00" postype="preposition" wd="de"/>
          </prep>
          <sn>
            <grup.nom gen="f" num="s">
              <n gen="f" lem="perspectiva" num="s" pos="ncfs000" postype="common" sense="16:04706473" wd="perspectiva"/>
            </grup.nom>
          </sn>
        </sp>
      </S>
      <S coord="yes">
        <f lem=":" pos="fd" punct="colon" wd=":"/>
        <S>
          <sn arg="arg0" elliptic="yes" func="suj" tem="cau"/>
          <grup.verb>
            <v lem="desprestigiar" lss="A11.transitive-causative" mood="indicative" num="s" person="3" pos="vmis3s0" postype="main" tense="past" wd="desprestigió"/>
          </grup.verb>
          <sp arg="arg1" func="cd" tem="tem">
            <prep>
              <s lem="a" pos="sps00" postype="preposition" wd="a"/>
            </prep>
            <sn>
              <spec gen="f" num="s">
                <d gen="f" lem="el" num="s" pos="da0fs0" postype="article" wd="la"/>
              </spec>
              <grup.nom gen="f" num="s">
                <n gen="f" lem="heroína" num="s" pos="ncfs000" postype="common" sense="16:07318455" wd="heroína"/>
              </grup.nom>
            </sn>
          </sp>
          <S arg="argM" clausetype="adverbial" func="cc" impersonal="yes" tem="mnr">
            <gerundi>
              <v lem="devolver" lss="A32.ditransitive-patient-benefactive" mood="gerund" pos="vmg0000" postype="main" wd="devolviéndola"/>
            </gerundi>
            <sp arg="argM" func="cc" tem="loc">
              <prep>
                <s lem="a" pos="sps00" postype="preposition" wd="a"/>
              </prep>
              <sn>
                <spec gen="m" num="s">
                  <d gen="c" lem="su" num="s" person="3" pos="dp3cs0" postype="possessive" wd="su"/>
                </spec>
                <grup.nom gen="m" num="s">
                  <n gen="m" lem="hogar" num="s" pos="ncms000" postype="common" sense="16:cs1" wd="hogar"/>
                </grup.nom>
              </sn>
            </sp>
          </S>
        </S>
        <conj conjunctiontype="coordinating">
          <c lem="y" pos="cc" postype="coordinating" wd="y"/>
        </conj>
        <S>
          <sn arg="arg0" elliptic="yes" func="suj" tem="cau"/>
          <sn arg="arg1" func="cd" tem="tem">
            <grup.nom gen="f" num="s">
              <p case="accusative" gen="f" lem="él" num="s" person="3" pos="pp3fsa00" postype="personal" wd="la"/>
            </grup.nom>
          </sn>
          <grup.verb>
            <v lem="convertir" lss="A12.ditransitive-causative-state" mood="indicative" num="s" person="3" pos="vmis3s0" postype="main" tense="past" wd="convirtió"/>
          </grup.verb>
          <sp arg="arg2" func="creg" tem="efi">
            <prep>
              <s lem="en" pos="sps00" postype="preposition" wd="en"/>
            </prep>
            <sn>
              <spec gen="f" num="s">
                <d gen="f" lem="uno" num="s" pos="di0fs0" postype="indefinite" wd="una"/>
              </spec>
              <grup.nom gen="f" num="s">
                <n gen="f" lem="mujer" num="s" pos="ncfs000" postype="common" sense="16:07684780" wd="mujer"/>
                <s.a gen="f" num="s">
                  <grup.a gen="f" num="s">
                    <a gen="c" lem="común" num="s" pos="aq0cs0" postype="qualificative" wd="común"/>
                    <sp>
                      <f lem="," pos="fc" punct="comma" wd=","/>
                      <prep>
                        <s lem="salvo" pos="sps00" postype="preposition" wd="salvo"/>
                      </prep>
                      <sp>
                        <prep>
                          <s lem="en" pos="sps00" postype="preposition" wd="en"/>
                        </prep>
                        <sn>
                          <spec gen="f" num="s">
                            <d gen="c" lem="su" num="s" person="3" pos="dp3cs0" postype="possessive" wd="su"/>
                          </spec>
                          <grup.nom gen="f" num="s">
                            <s.a gen="f" num="s">
                              <grup.a gen="f" num="s">
                                <a gen="f" lem="soberano" num="s" pos="aq0fs0" postype="qualificative" wd="soberana"/>
                              </grup.a>
                            </s.a>
                            <n gen="f" lem="belleza" num="s" pos="ncfs000" postype="common" sense="16:03689966" wd="belleza"/>
                          </grup.nom>
                        </sn>
                      </sp>
                    </sp>
                  </grup.a>
                </s.a>
              </grup.nom>
            </sn>
          </sp>
        </S>
      </S>
    </S>
    <f lem="." pos="fp" punct="period" wd="."/>
  </sentence>
  <sentence>
    <sadv arg="argM" func="cc" tem="tmp">
      <grup.adv>
        <r lem="después" pos="rg" wd="Después"/>
      </grup.adv>
    </sadv>
    <sn arg="arg0" elliptic="yes" func="suj" tem="agt"/>
    <grup.verb>
      <v lem="seguir" mood="indicative" num="s" person="3" pos="vmis3s0" postype="main" tense="past" wd="siguió"/>
      <gerundi>
        <v lem="escribir" lss="A21.transitive-agentive-patient" mood="gerund" pos="vmg0000" postype="main" wd="escribiendo"/>
      </gerundi>
    </grup.verb>
    <sadv arg="argM" func="cc" tem="loc">
      <grup.adv>
        <r lem="lejos" pos="rg" wd="lejos"/>
        <sp>
          <prep>
            <s lem="de" pos="sps00" postype="preposition" wd="de"/>
          </prep>
          <sn>
            <spec gen="f" num="p">
              <d gen="c" lem="su" num="p" person="3" pos="dp3cp0" postype="possessive" wd="sus"/>
            </spec>
            <grup.nom gen="f" num="p">
              <n gen="f" lem="formalidad" num="p" pos="ncfp000" postype="common" sense="16:03663574" wd="formalidades"/>
              <s.a gen="f" num="p">
                <grup.a gen="f" num="p">
                  <a gen="f" lem="erudito" num="p" pos="aq0fp0" postype="qualificative" wd="eruditas"/>
                </grup.a>
              </s.a>
            </grup.nom>
          </sn>
        </sp>
      </grup.adv>
    </sadv>
    <sn coord="yes">
      <f lem=":" pos="fd" punct="colon" wd=":"/>
      <sn entityref="ne" ne="person">
        <spec gen="m" num="s">
          <d gen="m" lem="el" num="s" pos="da0ms0" postype="article" wd="el"/>
        </spec>
        <grup.nom gen="m" num="s">
          <n gen="m" lem="marido" num="s" pos="ncms000" postype="common" sense="16:07331418" wd="marido"/>
          <sp>
            <prep>
              <s lem="de" pos="sps00" postype="preposition" wd="de"/>
            </prep>
            <sn entityref="ne" ne="person">
              <grup.nom gen="f" num="s">
                <n lem="Penélope" ne="person" pos="np0000p" postype="proper" sense="16:cs1" wd="Penélope"/>
              </grup.nom>
            </sn>
          </sp>
        </grup.nom>
      </sn>
      <f lem="," pos="fc" punct="comma" wd=","/>
      <S verbless="yes">
        <sadv>
          <grup.adv>
            <r lem="nuevamente" pos="rg" wd="nuevamente"/>
          </grup.adv>
        </sadv>
        <sn entityref="ne" ne="location">
          <grup.nom gen="f" num="s">
            <n lem="Troya" ne="location" pos="np0000l" postype="proper" sense="16:06453262" wd="Troya"/>
          </grup.nom>
        </sn>
        <sp>
          <prep>
            <s lem="en" pos="sps00" postype="preposition" wd="en"/>
          </prep>
          <sn entityref="ne" ne="other">
            <grup.nom>
              <f lem="&quot;" pos="fe" punct="quotation" wd="&quot;"/>
              <n lem="Magic_and_Wonder_in_Literature" ne="other" pos="np0000a" postype="proper" sense="16:cs1" wd="Magic_and_Wonder_in_Literature"/>
              <f lem="&quot;" pos="fe" punct="quotation" wd="&quot;"/>
            </grup.nom>
          </sn>
        </sp>
      </S>
      <f lem="," pos="fc" punct="comma" wd=","/>
      <S verbless="yes">
        <sn entityref="ne" ne="person">
          <grup.nom gen="f" num="s">
            <n lem="Elena" ne="person" pos="np0000p" postype="proper" sense="16:cs1" wd="Elena"/>
          </grup.nom>
        </sn>
        <sn>
          <spec gen="f" num="s">
            <d gen="f" lem="otro" num="s" pos="di0fs0" postype="indefinite" wd="otra"/>
          </spec>
          <grup.nom gen="f" num="s">
            <n gen="f" lem="vez" num="s" pos="ncfs000" postype="common" sense="16:05449233" wd="vez"/>
          </grup.nom>
        </sn>
        <sp>
          <prep>
            <s lem="en" pos="sps00" postype="preposition" wd="en"/>
          </prep>
          <sn entityref="ne" ne="other">
            <grup.nom>
              <f lem="&quot;" pos="fe" punct="quotation" wd="&quot;"/>
              <n lem="The_Memory_of_Certains_Persons" ne="other" pos="np0000a" postype="proper" sense="16:cs1" wd="The_Memory_of_Certains_Persons"/>
              <f lem="&quot;" pos="fe" punct="quotation" wd="&quot;"/>
              <sn entityref="ne" ne="date">
                <f lem="(" pos="fpa" punct="bracket" punctenclose="open" wd="("/>
                <grup.nom>
                  <w lem="[??:??/??/1947:??.??]" ne="date" wd="1947"/>
                </grup.nom>
                <f lem=")" pos="fpt" punct="bracket" punctenclose="close" wd=")"/>
              </sn>
            </grup.nom>
          </sn>
        </sp>
      </S>
      <f lem="," pos="fc" punct="comma" wd=","/>
      <sn complex="yes">
        <grup.nom coord="yes">
          <grup.nom gen="m" num="s">
            <n lem="Villon" ne="person" pos="np0000p" postype="proper" sense="16:cs1" wd="Villon"/>
          </grup.nom>
          <conj conjunctiontype="coordinating">
            <c lem="y" pos="cc" postype="coordinating" wd="y"/>
          </conj>
          <grup.nom gen="m" num="s">
            <n lem="Galahad" ne="person" pos="np0000p" postype="proper" sense="16:cs1" wd="Galahad"/>
          </grup.nom>
        </grup.nom>
      </sn>
    </sn>
    <S arg="argM" clausetype="participle" func="cc" impersonal="yes" tem="adv">
      <f lem="," pos="fc" punct="comma" wd=","/>
      <sadv arg="argM" func="cc" tem="adv">
        <grup.adv>
          <r lem="un_tanto" pos="rg" wd="un_tanto"/>
        </grup.adv>
      </sadv>
      <participi>
        <a gen="m" lem="necesitado" lss="B21.unaccusative-state" num="s" pos="aq0msp" posfunction="participle" postype="qualificative" wd="necesitado"/>
      </participi>
      <sp arg="arg1" func="creg" tem="tem">
        <prep>
          <s lem="de" pos="sps00" postype="preposition" wd="de"/>
        </prep>
        <sn>
          <grup.nom gen="f" num="s">
            <s.a gen="f" num="s">
              <grup.a gen="f" num="s">
                <a gen="f" lem="buen" num="s" pos="aq0fs0" postype="qualificative" wd="buena"/>
              </grup.a>
            </s.a>
            <n gen="f" lem="reputación" num="s" pos="ncfs000" postype="common" sense="16:10359826" wd="reputación"/>
          </grup.nom>
        </sn>
      </sp>
    </S>
    <f lem="..." pos="fs" punct="etc" wd="..."/>
  </sentence>
  <sentence>
    <sn arg="arg0" elliptic="yes" func="suj" tem="agt"/>
    <grup.verb>
      <v lem="haber" mood="indicative" num="s" person="1" pos="vaip1s0" postype="auxiliary" tense="present" wd="He"/>
      <v gen="m" lem="adaptar" lss="A21.transitive-agentive-patient" mood="participle" num="s" pos="vmp00sm" postype="main" wd="adaptado"/>
    </grup.verb>
    <sp arg="argM" func="cc" tem="adv">
      <prep>
        <c lem="como" pos="cs" postype="subordinating" wd="como"/>
      </prep>
      <sn>
        <grup.nom gen="m" num="s">
          <n gen="m" lem="título" num="s" pos="ncms000" postype="common" sense="16:04782793" wd="título"/>
          <sp>
            <prep>
              <s lem="de" pos="sps00" postype="preposition" wd="de"/>
            </prep>
            <sn>
              <spec gen="f" num="p">
                <d gen="f" lem="este" num="p" pos="dd0fp0" postype="demonstrative" wd="estas"/>
              </spec>
              <grup.nom gen="f" num="p">
                <n gen="f" lem="cuartilla" num="p" pos="ncfp000" postype="common" sense="16:04731186" wd="cuartillas"/>
              </grup.nom>
            </sn>
          </sp>
        </grup.nom>
      </sn>
    </sp>
    <sn arg="arg1" entityref="ne" func="cd" ne="other" tem="pat">
      <spec gen="m" num="s">
        <d gen="m" lem="otro" num="s" pos="di0ms0" postype="indefinite" wd="otro"/>
      </spec>
      <grup.nom gen="m" num="s">
        <n gen="m" lem="título" num="s" pos="ncms000" postype="common" sense="16:04782793" wd="título"/>
        <sp>
          <prep>
            <s lem="de" pos="sps00" postype="preposition" wd="de"/>
          </prep>
          <sn entityref="ne" ne="person">
            <grup.nom gen="m" num="s">
              <n lem="Erskine" ne="person" pos="np0000p" postype="proper" sense="16:cs1" wd="Erskine"/>
            </grup.nom>
          </sn>
        </sp>
        <sn entityref="ne" ne="other">
          <f lem=":" pos="fd" punct="colon" wd=":"/>
          <grup.nom>
            <f lem="&quot;" pos="fe" punct="quotation" wd="&quot;"/>
            <n lem="The_Moral_Obligation_to_Be_Intelligent" ne="other" pos="np0000a" postype="proper" sense="16:cs1" wd="The_Moral_Obligation_to_Be_Intelligent"/>
            <f lem="&quot;" pos="fe" punct="quotation" wd="&quot;"/>
            <inc>
              <sn entityref="ne" ne="date">
                <f lem="(" pos="fpa" punct="bracket" punctenclose="open" wd="("/>
                <grup.nom>
                  <w lem="[??:??/??/1921:??.??]" ne="date" wd="1921"/>
                </grup.nom>
                <f lem=")" pos="fpt" punct="bracket" punctenclose="close" wd=")"/>
              </sn>
            </inc>
          </grup.nom>
        </sn>
      </grup.nom>
    </sn>
    <f lem="." pos="fp" punct="period" wd="."/>
  </sentence>
  <sentence>
    <sn arg="arg0" elliptic="yes" func="suj" tem="agt"/>
    <grup.verb>
      <v lem="haber" mood="indicative" num="s" person="1" pos="vaip1s0" postype="auxiliary" tense="present" wd="He"/>
      <v gen="m" lem="pensar" lss="A22.transitive-agentive-theme" mood="participle" num="s" pos="vmp00sm" postype="main" wd="pensado"/>
    </grup.verb>
    <sp arg="arg1" func="creg" tem="tem">
      <prep>
        <s lem="en" pos="sps00" postype="preposition" wd="en"/>
      </prep>
      <sn complex="yes">
        <grup.nom coord="yes">
          <grup.nom coord="yes">
            <grup.nom gen="f" num="p">
              <n gen="f" lem="conducta" num="p" pos="ncfp000" postype="common" sense="16:00792210" wd="conductas"/>
            </grup.nom>
            <f lem="-" pos="fg" punct="hyphen" wd="-"/>
            <conj conjunctiontype="coordinating">
              <c lem="y" pos="cc" postype="coordinating" wd="y"/>
            </conj>
            <grup.nom gen="f" num="p">
              <n gen="f" lem="forma" num="p" pos="ncfp000" postype="common" sense="16:00111872" wd="formas"/>
              <sp>
                <prep>
                  <s lem="de" pos="sps00" postype="preposition" wd="de"/>
                </prep>
                <sn>
                  <grup.nom gen="f" num="s">
                    <n gen="f" lem="vida" num="s" pos="ncfs000" postype="common" sense="16:10060845" wd="vida"/>
                  </grup.nom>
                </sn>
              </sp>
            </grup.nom>
            <f lem="-" pos="fg" punct="hyphen" wd="-"/>
          </grup.nom>
          <s.a gen="f" num="p">
            <grup.a gen="f" num="p">
              <a gen="f" lem="paralelo" num="p" pos="aq0fp0" postype="qualificative" wd="paralelas"/>
            </grup.a>
          </s.a>
        </grup.nom>
      </sn>
    </sp>
    <f lem="." pos="fp" punct="period" wd="."/>
  </sentence>
  <sentence>
    <sadv arg="argM" func="cc" tem="tmp">
      <grup.adv>
        <r lem="entonces" pos="rg" wd="Entonces"/>
      </grup.adv>
    </sadv>
    <sn arg="arg0" elliptic="yes" func="suj" tem="agt"/>
    <grup.verb>
      <v lem="haber" mood="indicative" num="s" person="1" pos="vaip1s0" postype="auxiliary" tense="present" wd="he"/>
      <v gen="m" lem="recurrir" lss="A22.transitive-agentive-theme" mood="participle" num="s" pos="vmp00sm" postype="main" wd="recurrido"/>
    </grup.verb>
    <sp arg="arg1" func="creg" tem="tem">
      <prep>
        <s contracted="yes" gen="m" lem="al" num="s" pos="spcms" postype="preposition" wd="al"/>
      </prep>
      <sn entityref="ne" ne="other">
        <grup.nom gen="m" num="s">
          <f lem="&quot;" pos="fe" punct="quotation" wd="&quot;"/>
          <n lem="Gran_larousse" ne="other" pos="np0000a" postype="proper" sense="16:cs1" wd="Gran_larousse"/>
          <f lem="&quot;" pos="fe" punct="quotation" wd="&quot;"/>
          <S clausetype="relative">
            <f lem="," pos="fc" punct="comma" wd=","/>
            <relatiu arg="arg0" func="suj" tem="agt">
              <p gen="c" lem="que" num="c" pos="pr0cn000" postype="relative" wd="que"/>
            </relatiu>
            <grup.verb>
              <v lem="decir" lss="A32.ditransitive-patient-benefactive" mood="indicative" num="s" person="3" pos="vmip3s0" postype="main" tense="present" wd="dice"/>
            </grup.verb>
            <sadv arg="argM" func="cc" tem="adv">
              <grup.adv>
                <r lem="simplemente" pos="rg" wd="simplemente"/>
              </grup.adv>
            </sadv>
            <S arg="arg1" clausetype="completive" coord="yes" func="cd" tem="pat">
              <S clausetype="completive">
                <conj conjunctiontype="subordinating">
                  <c lem="que" pos="cs" postype="subordinating" wd="que"/>
                </conj>
                <sn arg="arg1" entityref="ne" func="suj" ne="person" tem="tem">
                  <grup.nom gen="m" num="s">
                    <n lem="Erskine" ne="person" pos="np0000p" postype="proper" sense="16:cs1" wd="Erskine"/>
                  </grup.nom>
                </sn>
                <grup.verb>
                  <v lem="ser" lss="C21.state-attributive" mood="indicative" num="s" person="3" pos="vsis3s0" postype="semiauxiliary" tense="past" wd="fue"/>
                </grup.verb>
                <sn arg="arg2" func="atr" tem="atr">
                  <grup.nom gen="m" num="s">
                    <n gen="m" lem="profesor" num="s" pos="ncms000" postype="common" sense="16:07056778" wd="profesor"/>
                  </grup.nom>
                </sn>
                <sp arg="argM" func="cc" tem="loc">
                  <prep>
                    <s lem="en" pos="sps00" postype="preposition" wd="en"/>
                  </prep>
                  <sn entityref="ne" ne="organization">
                    <spec gen="f" num="s">
                      <d gen="f" lem="el" num="s" pos="da0fs0" postype="article" wd="la"/>
                    </spec>
                    <grup.nom gen="f" num="s">
                      <n lem="Universidad_de_Columbia" ne="organization" pos="np0000o" postype="proper" sense="16:cs1" wd="Universidad_de_Columbia"/>
                    </grup.nom>
                  </sn>
                </sp>
                <sn entityref="ne" ne="date">
                  <f lem="(" pos="fpa" punct="bracket" punctenclose="open" wd="("/>
                  <grup.nom>
                    <w lem="[??:??/??/1903:??.??]" ne="date" wd="1903"/>
                    <f lem="-" pos="fg" punct="hyphen" wd="-"/>
                    <w lem="[??:??/??/1937:??.??]" ne="date" wd="1937"/>
                  </grup.nom>
                  <f lem=")" pos="fpt" punct="bracket" punctenclose="close" wd=")"/>
                </sn>
              </S>
              <conj conjunctiontype="coordinating">
                <c lem="y" pos="cc" postype="coordinating" wd="y"/>
              </conj>
              <S clausetype="completive">
                <conj conjunctiontype="subordinating">
                  <c lem="que" pos="cs" postype="subordinating" wd="que"/>
                </conj>
                <sn arg="arg1" elliptic="yes" func="suj" tem="tem"/>
                <morfema.pronominal>
                  <p gen="c" lem="él" num="c" person="3" pos="p0300000" wd="se"/>
                </morfema.pronominal>
                <grup.verb>
                  <v lem="hacer" lss="B21.unaccusative-state" mood="indicative" num="s" person="3" pos="vmis3s0" postype="main" tense="past" wd="hizo"/>
                </grup.verb>
                <sa arg="arg2" func="cpred" predicate="suj" tem="atr">
                  <grup.a>
                    <a gen="m" lem="famoso" num="s" pos="aq0ms0" postype="qualificative" wd="famoso"/>
                  </grup.a>
                </sa>
                <sp arg="argM" func="cc" tem="cau">
                  <prep>
                    <s lem="por" pos="sps00" postype="preposition" wd="por"/>
                  </prep>
                  <sn>
                    <spec gen="m" num="s">
                      <d gen="c" lem="su" num="s" person="3" pos="dp3cs0" postype="possessive" wd="su"/>
                    </spec>
                    <grup.nom gen="m" num="s">
                      <n gen="m" lem="cinismo" num="s" pos="ncms000" postype="common" sense="16:03807992" wd="cinismo"/>
                      <s.a coord="yes" gen="m" num="s">
                        <s.a gen="m" num="s">
                          <grup.a gen="m" num="s">
                            <a gen="c" lem="fácil" num="s" pos="aq0cs0" postype="qualificative" wd="fácil"/>
                          </grup.a>
                        </s.a>
                        <conj conjunctiontype="coordinating">
                          <c lem="y" pos="cc" postype="coordinating" wd="y"/>
                        </conj>
                        <S clausetype="participle" impersonal="yes">
                          <participi>
                            <a gen="m" lem="divertido" num="s" pos="aq0msp" posfunction="participle" postype="qualificative" wd="divertido"/>
                          </participi>
                        </S>
                      </s.a>
                    </grup.nom>
                  </sn>
                </sp>
              </S>
            </S>
          </S>
        </grup.nom>
      </sn>
    </sp>
    <f lem="." pos="fp" punct="period" wd="."/>
  </sentence>
  <sentence>
    <sadv arg="arg2" func="creg" tem="loc">
      <grup.adv>
        <r lem="ahí" pos="rg" wd="Ahí"/>
      </grup.adv>
    </sadv>
    <grup.verb>
      <v lem="estar" lss="C11.state-existential" mood="indicative" num="p" person="1" pos="vmip1p0" postype="main" tense="present" wd="estamos"/>
    </grup.verb>
    <sn arg="arg1" elliptic="yes" func="suj" tem="tem"/>
    <f lem="." pos="fp" punct="period" wd="."/>
  </sentence>
</article>
