<?xml version="1.0" encoding="UTF-8"?>
<!-- 

  ancora-2.0
       
			Copyright (C) 2007, 2008, 2009, 2010, 2011 UB - CLiC
			Centre de Llenguatge i Computació - Universitat de Barcelona
 
  This file is part of ancora-2.0.
 
  ancora-2.0 is free software and data: you can redistribute it and/or modify
  it under the terms of the GNU General Public License as published
  by the Free Software Foundation, either version 3 of the License,
  or (at your option) any later version.

  ancora-2.0 is distributed in the hope that it will be useful,
  but WITHOUT ANY WARRANTY; without even the implied warranty of
  MERCHANTABILITY or FITNESS FOR A PARTICULAR PURPOSE.  See the
  GNU General Public License for more details.
 
  You should have received a copy of the GNU General Public License
  along with ancora-2.0.  If not, see &lt;http://www.gnu.org/licenses/&gt;.
 
  Check a text in catalan explaining the terms of the license at http://www.softcatala.cat/wiki/GPL3.
  In spanish at http://www.viti.es/gnu/licenses/gpl.html
 

  The following paper must be cited when using this corpus:

 * Taulé, M., M.A. Martí, M. Recasens (2008) 'Ancora: Multilevel Annotated Corpora for Catalan and Spanish',
   Proceedings of 6th International Conference on Language Resources and Evaluation. Marrakesh (Morocco).

  In addition, the following paper must be cited if coreference information (attributes entity, coreftype,
  corefsubtype, homophoricDD or entityref) is used:

 * Recasens, Marta, M. Antònia Martí (2010) ‘AnCora-CO: Coreferentially annotated corpora for Spanish and
   Catalan’. Language Resources and Evaluation, Springer Science.

  Additionally, the following paper must be cited when argumental attributes in "sn" or "grup.nom"
  (attributes func, arg, tem or lexicalid) are used:

 * Peris, Aina, Mariona Taulé, Horacio Rodríguez (2010) ‘Semantic Annotation of Deverbal Nominalizations in the
   Spanish AnCora corpus’. Treebanks and Linguistic Theories (TLT-2010), Estonia.
-->
<article lng="es">
  <sentence>
    <S clausesubtype="conditional" clausetype="adverbial" func="ao" verbless="yes">
      <conj conjunctiontype="subordinating">
        <c lem="si" pos="cs" postype="subordinating" wd="Si"/>
      </conj>
      <neg>
        <r lem="no" pos="rn" postype="negative" wd="no"/>
      </neg>
      <f lem="," pos="fc" punct="comma" wd=","/>
    </S>
    <sadv arg="arg2" func="creg" tem="loc">
      <grup.adv>
        <r lem="ahí" pos="rg" wd="ahí"/>
      </grup.adv>
    </sadv>
    <grup.verb>
      <v lem="estar" lss="C11.state-existential" mood="indicative" num="p" person="3" pos="vmip3p0" postype="main" tense="present" wd="están"/>
    </grup.verb>
    <sn arg="arg1" coord="yes" func="suj" tem="tem">
      <sn>
        <spec gen="f" num="p">
          <d gen="f" lem="el" num="p" pos="da0fp0" postype="article" wd="las"/>
        </spec>
        <grup.nom gen="f" num="p">
          <n gen="f" lem="silva" num="p" pos="ncfp000" postype="common" sense="16:cs1" wd="silvas"/>
          <sp>
            <prep>
              <s lem="de" pos="sps00" postype="preposition" wd="de"/>
            </prep>
            <sn>
              <grup.nom gen="f" num="s">
                <s.a func="cn" gen="f" num="s">
                  <grup.a gen="f" num="s">
                    <a gen="f" lem="vario" num="s" pos="aq0fs0" postype="qualificative" wd="varia"/>
                  </grup.a>
                </s.a>
                <n gen="f" lem="lección" lexicalid="noun.lección.1.default" num="s" origin="deverbal" pos="ncfs000" postype="common" sense="16:00571937" wd="lección"/>
              </grup.nom>
            </sn>
          </sp>
        </grup.nom>
      </sn>
      <conj conjunctiontype="coordinating">
        <c lem="o" pos="cc" postype="coordinating" wd="o"/>
      </conj>
      <sn>
        <spec gen="f" num="p">
          <d gen="f" lem="aquel" num="p" pos="dd0fp0" postype="demonstrative" wd="aquellas"/>
        </spec>
        <grup.nom gen="f" num="p">
          <n gen="f" lem="tentativa" num="p" pos="ncfp000" postype="common" sense="16:00503611" wd="tentativas"/>
          <S clausetype="relative">
            <sp arg="arg1" func="cd" tem="pat">
              <prep>
                <s lem="a" pos="sps00" postype="preposition" wd="a"/>
              </prep>
              <sn>
                <spec gen="f" num="p">
                  <d gen="f" lem="el" num="p" pos="da0fp0" postype="article" wd="las"/>
                </spec>
                <relatiu>
                  <p gen="c" lem="que" num="c" pos="pr0cn000" postype="relative" wd="que"/>
                </relatiu>
              </sn>
            </sp>
            <sn arg="arg0" entityref="ne" func="suj" ne="person" tem="agt">
              <grup.nom gen="m" num="s">
                <n lem="Montaigne" ne="person" pos="np0000p" postype="proper" sense="16:cs1" wd="Montaigne"/>
              </grup.nom>
            </sn>
            <grup.verb>
              <v lem="llamar" lss="A21.transitive-agentive-patient" mood="indicative" num="s" person="3" pos="vmis3s0" postype="main" tense="past" wd="llamó"/>
            </grup.verb>
            <sadv arg="argM" func="cc" tem="adv">
              <grup.adv>
                <r lem="sencillamente" pos="rg" wd="sencillamente"/>
              </grup.adv>
            </sadv>
            <sn arg="arg2" func="cpred" predicate="cd" tem="atr">
              <grup.nom gen="m" num="p">
                <f lem="-" pos="fg" punct="hyphen" wd="-"/>
                <n gen="m" lem="ensayo" lexicalid="noun.ensayo.1.default" num="p" origin="deverbal" pos="ncmp000" postype="common" sense="16:04830849" wd="ensayos"/>
                <f lem="-" pos="fg" punct="hyphen" wd="-"/>
              </grup.nom>
            </sn>
          </S>
        </grup.nom>
      </sn>
    </sn>
    <f lem="." pos="fp" punct="period" wd="."/>
  </sentence>
  <sentence coord="yes">
    <S>
      <sadv func="mod">
        <grup.adv>
          <r lem="también" pos="rg" wd="También"/>
        </grup.adv>
      </sadv>
      <sadv arg="argM" func="cc" tem="tmp">
        <grup.adv>
          <r lem="ahora" pos="rg" wd="ahora"/>
        </grup.adv>
      </sadv>
      <sn arg="arg1" func="suj" tem="tem">
        <spec gen="f" num="p">
          <d gen="f" lem="este" num="p" pos="dd0fp0" postype="demonstrative" wd="estas"/>
        </spec>
        <grup.nom gen="f" num="p">
          <n gen="f" lem="página" num="p" pos="ncfp000" postype="common" sense="16:04731849" wd="páginas"/>
        </grup.nom>
      </sn>
      <grup.verb>
        <v lem="ser" lss="C21.state-attributive" mood="indicative" num="p" person="3" pos="vsip3p0" postype="semiauxiliary" tense="present" wd="son"/>
      </grup.verb>
      <sn arg="arg2" func="atr" tem="atr">
        <spec gen="m" num="s">
          <d gen="m" lem="el" num="s" pos="da0ms0" postype="article" wd="el"/>
        </spec>
        <grup.nom gen="m" num="s">
          <n gen="m" lem="hombre" num="s" pos="ncms000" postype="common" sense="16:07391044" wd="hombre"/>
        </grup.nom>
      </sn>
    </S>
    <conj conjunctiontype="coordinating">
      <c lem="y" pos="cc" postype="coordinating" wd="y"/>
    </conj>
    <S>
      <sp arg="argM" func="cc" tem="adv">
        <prep>
          <s lem="de" pos="sps00" postype="preposition" wd="de"/>
        </prep>
        <sn>
          <grup.nom gen="m" num="s">
            <p gen="m" lem="él" num="s" person="3" pos="pp3ms000" postype="personal" wd="él"/>
          </grup.nom>
        </sn>
      </sp>
      <sn arg="arg1" elliptic="yes" func="suj" tem="tem"/>
      <grup.verb>
        <v lem="tener" lss="C21.state-attributive" mood="indicative" num="p" person="1" pos="vmip1p0" postype="main" tense="present" wd="tenemos"/>
      </grup.verb>
      <sn arg="arg2" func="cd" functype="quantitative" tem="atr">
        <grup.nom gen="m" num="s">
          <neg>
            <r lem="no" pos="rn" postype="negative" wd="no"/>
          </neg>
          <p gen="m" lem="poco" num="s" pos="pi0ms000" postype="indefinite" wd="poco"/>
          <S clausetype="relative" impersonal="yes">
            <relatiu arg="arg1" func="cd" tem="pat">
              <p gen="c" lem="que" num="c" pos="pr0cn000" postype="relative" wd="que"/>
            </relatiu>
            <infinitiu>
              <v lem="decir" lss="A32.ditransitive-patient-benefactive" mood="infinitive" pos="vmn0000" postype="main" wd="decir"/>
            </infinitiu>
          </S>
        </grup.nom>
      </sn>
    </S>
    <f lem="." pos="fp" punct="period" wd="."/>
  </sentence>
  <sentence coord="yes">
    <S>
      <sn arg="arg0" entityref="ne" func="suj" ne="person" tem="agt">
        <grup.nom gen="m" num="s">
          <n lem="Germán_de_Granda" ne="person" pos="np0000p" postype="proper" sense="16:cs1" wd="Germán_de_Granda"/>
        </grup.nom>
      </sn>
      <morfema.pronominal>
        <p gen="c" lem="él" num="c" person="3" pos="p0300000" wd="se"/>
      </morfema.pronominal>
      <grup.verb>
        <v lem="dedicar" lss="A22.transitive-agentive-theme" mood="indicative" num="s" person="3" pos="vmip3s0" postype="main" tense="present" wd="dedica"/>
      </grup.verb>
      <sp arg="arg1" func="creg" tem="tem">
        <prep>
          <s lem="a" pos="sps00" postype="preposition" wd="a"/>
        </prep>
        <sn>
          <spec gen="f" num="p">
            <d gen="f" lem="uno" num="p" pos="di0fp0" postype="indefinite" wd="unas"/>
          </spec>
          <grup.nom gen="f" num="p">
            <n gen="f" lem="tarea" num="p" pos="ncfp000" postype="common" sense="16:00508925" wd="tareas"/>
            <s.a gen="f" num="p">
              <grup.a gen="f" num="p">
                <a gen="c" lem="difícil" num="p" pos="aq0cp0" postype="qualificative" wd="difíciles"/>
              </grup.a>
            </s.a>
          </grup.nom>
        </sn>
      </sp>
      <sn func="ao">
        <f lem="," pos="fc" punct="comma" wd=","/>
        <spec gen="m" num="s">
          <d gen="c" lem="el" num="s" pos="da0ns0" postype="article" wd="lo"/>
        </spec>
        <S clausetype="relative">
          <relatiu arg="arg1" func="suj" tem="tem">
            <p gen="c" lem="que" num="c" pos="pr0cn000" postype="relative" wd="que"/>
          </relatiu>
          <grup.verb>
            <v lem="servir" lss="C41.state-benefactive" mood="indicative" num="s" person="3" pos="vmip3s0" postype="main" tense="present" wd="sirve"/>
          </grup.verb>
          <sp arg="arg3" func="creg" tem="fin">
            <prep>
              <s lem="para" pos="sps00" postype="preposition" wd="para"/>
            </prep>
            <S clausetype="completive" impersonal="yes">
              <infinitiu>
                <v lem="retratar" lss="A21.transitive-agentive-patient" mood="infinitive" pos="vmn0000" postype="main" wd="retratar"/>
              </infinitiu>
              <sn arg="arg1" func="cd" tem="pat">
                <spec gen="f" num="s">
                  <d gen="c" lem="su" num="s" person="3" pos="dp3cs0" postype="possessive" wd="su"/>
                </spec>
                <grup.nom gen="f" num="s">
                  <n gen="f" lem="conducta" num="s" pos="ncfs000" postype="common" sense="16:00792210" wd="conducta"/>
                </grup.nom>
              </sn>
            </S>
          </sp>
        </S>
      </sn>
    </S>
    <f lem=";" pos="fx" punct="semicolon" wd=";"/>
    <S>
      <sn arg="arg0" elliptic="yes" func="suj" tem="agt"/>
      <sn arg="arg1" func="cd" tem="pat">
        <grup.nom gen="m" num="s">
          <p case="accusative" gen="m" lem="él" num="s" person="3" pos="pp3msa00" postype="personal" wd="lo"/>
        </grup.nom>
      </sn>
      <grup.verb>
        <v lem="hacer" lss="A21.transitive-agentive-patient" mood="indicative" num="s" person="3" pos="vmip3s0" postype="main" tense="present" wd="hace"/>
      </grup.verb>
      <sp arg="argM" func="cc" tem="mnr">
        <prep>
          <s lem="con" pos="sps00" postype="preposition" wd="con"/>
        </prep>
        <sn>
          <spec gen="m" num="s">
            <d gen="m" lem="uno" num="s" pos="di0ms0" postype="indefinite" wd="un"/>
          </spec>
          <grup.nom gen="m" num="s">
            <n gen="m" lem="rigor" num="s" pos="ncms000" postype="common" sense="16:03768956" wd="rigor"/>
            <s.a gen="m" num="s">
              <grup.a gen="m" num="s">
                <a gen="c" lem="implacable" num="s" pos="aq0cs0" postype="qualificative" wd="implacable"/>
              </grup.a>
            </s.a>
          </grup.nom>
        </sn>
      </sp>
      <sn func="ao">
        <f lem="," pos="fc" punct="comma" wd=","/>
        <spec gen="m" num="s">
          <d gen="c" lem="el" num="s" pos="da0ns0" postype="article" wd="lo"/>
        </spec>
        <S clausetype="relative" coord="yes">
          <relatiu arg="arg0" func="suj" tem="cau">
            <p gen="c" lem="que" num="c" pos="pr0cn000" postype="relative" wd="que"/>
          </relatiu>
          <S clausetype="relative">
            <grup.verb>
              <v lem="facilitar" lss="A11.transitive-causative" mood="indicative" num="s" person="3" pos="vmip3s0" postype="main" tense="present" wd="facilita"/>
            </grup.verb>
            <sn arg="arg1" func="cd" tem="tem">
              <spec gen="f" num="p">
                <d gen="f" lem="mucho" num="p" pos="di0fp0" postype="indefinite" wd="muchas"/>
              </spec>
              <grup.nom gen="f" num="p">
                <n gen="f" lem="aguja" num="p" pos="ncfp000" postype="common" sense="16:03035225" wd="agujas"/>
                <sp>
                  <prep>
                    <s lem="para" pos="sps00" postype="preposition" wd="para"/>
                  </prep>
                  <S clausetype="completive" impersonal="yes">
                    <infinitiu>
                      <v lem="marear" lss="A11.transitive-causative" mood="infinitive" pos="vmn0000" postype="main" wd="marear"/>
                    </infinitiu>
                  </S>
                </sp>
              </grup.nom>
            </sn>
          </S>
          <conj conjunctiontype="coordinating">
            <c lem="y" pos="cc" postype="coordinating" wd="y"/>
          </conj>
          <S clausetype="relative">
            <sn arg="arg2" func="ci" tem="ben">
              <grup.nom num="p">
                <p gen="c" lem="yo" num="p" person="1" pos="pp1cp000" postype="personal" wd="nos"/>
              </grup.nom>
            </sn>
            <grup.verb>
              <v lem="dar" lss="A32.ditransitive-patient-benefactive" mood="indicative" num="s" person="3" pos="vmip3s0" postype="main" tense="present" wd="da"/>
            </grup.verb>
            <sn arg="arg1" func="cd" tem="pat">
              <spec gen="f" num="p">
                <d gen="f" lem="uno" num="p" pos="di0fp0" postype="indefinite" wd="unas"/>
              </spec>
              <grup.nom gen="f" num="p">
                <n gen="f" lem="información" lexicalid="noun.información.1.default" num="p" origin="deverbal" pos="ncfp000" postype="common" sense="16:04977171" wd="informaciones"/>
                <s.a arg="arg2" func="cn" gen="f" num="p" tem="tem">
                  <grup.a gen="f" num="p">
                    <a gen="f" lem="bibliográfico" num="p" pos="aq0fp0" postype="qualificative" wd="bibliográficas"/>
                  </grup.a>
                </s.a>
                <S clausetype="relative" func="cn">
                  <relatiu arg="arg0" func="suj" tem="cau">
                    <p gen="c" lem="que" num="c" pos="pr0cn000" postype="relative" wd="que"/>
                  </relatiu>
                  <grup.verb>
                    <v lem="abrir" lss="A11.transitive-causative" mood="indicative" num="p" person="3" pos="vmip3p0" postype="main" tense="present" wd="abren"/>
                  </grup.verb>
                  <sn arg="arg1" func="cd" tem="tem">
                    <spec gen="m" num="p">
                      <d gen="c" lem="mil" num="p" pos="dn0cp0" postype="numeral" wd="mil"/>
                    </spec>
                    <grup.nom gen="m" num="p">
                      <n gen="m" lem="camino" lexicalid="noun.camino.1.default" num="p" origin="deverbal" pos="ncmp000" postype="common" sense="16:06389665" wd="caminos"/>
                    </grup.nom>
                  </sn>
                </S>
              </grup.nom>
            </sn>
          </S>
        </S>
      </sn>
    </S>
    <f lem="." pos="fp" punct="period" wd="."/>
  </sentence>
  <sentence>
    <S arg="argM" clausesubtype="suj" clausetype="participle" func="cc" tem="loc">
      <grup.verb>
        <v gen="m" lem="abrumar" lss="B21.unaccusative-state" mood="participle" num="s" pos="vmp00sm" postype="main" wd="Abrumado"/>
      </grup.verb>
      <sn arg="arg1" func="suj" tem="tem">
        <spec gen="m" num="s">
          <d gen="m" lem="el" num="s" pos="da0ms0" postype="article" wd="el"/>
        </spec>
        <grup.nom gen="m" num="s">
          <n gen="m" lem="lector" num="s" pos="ncms000" postype="common" sense="16:07520827" wd="lector"/>
        </grup.nom>
      </sn>
      <f lem="," pos="fc" punct="comma" wd=","/>
    </S>
    <sn arg="arg0" elliptic="yes" func="suj" tem="agt"/>
    <sn arg="arg2" func="ci" tem="ben">
      <grup.nom>
        <p gen="c" lem="él" num="c" person="3" pos="pp3cn000" postype="personal" wd="se"/>
      </grup.nom>
    </sn>
    <grup.verb>
      <v lem="preguntar" lss="A32.ditransitive-patient-benefactive" mood="indicative" num="s" person="3" pos="vmip3s0" postype="main" tense="present" wd="pregunta"/>
    </grup.verb>
    <S arg="arg1" clausetype="completive" func="cd" tem="pat">
      <f lem="¿" pos="fia" punct="questionmark" punctenclose="open" wd="¿"/>
      <sadv arg="argM" func="cc" tem="adv">
        <grup.adv>
          <p lem="cómo" pos="pt000000" postype="interrogative" wd="cómo"/>
        </grup.adv>
      </sadv>
      <grup.verb>
        <v lem="haber" mood="indicative" num="s" person="3" pos="vaip3s0" postype="auxiliary" tense="present" wd="ha"/>
        <v gen="m" lem="poder" mood="participle" num="s" pos="vmp00sm" postype="main" wd="podido"/>
        <infinitiu>
          <v lem="hacer" lss="A21.transitive-agentive-patient" mood="infinitive" pos="vmn0000" postype="main" wd="hacerse"/>
        </infinitiu>
      </grup.verb>
      <sn arg="arg0" func="suj" tem="agt">
        <spec gen="m" num="s">
          <d gen="m" lem="todo" num="s" pos="di0ms0" postype="indefinite" wd="todo"/>
        </spec>
        <grup.nom gen="m" num="s">
          <p gen="c" lem="este" num="s" pos="pd0ns000" postype="demonstrative" wd="esto"/>
        </grup.nom>
      </sn>
      <sp arg="argM" func="cc" tem="adv">
        <prep>
          <s lem="en" pos="sps00" postype="preposition" wd="en"/>
        </prep>
        <sn entityref="ne" ne="number">
          <spec gen="m" num="p">
            <d gen="c" lem="cinco" num="p" pos="dn0cp0" postype="numeral" wd="cinco"/>
          </spec>
          <grup.nom gen="m" num="p">
            <n gen="m" lem="año" num="p" pos="ncmp000" postype="common" sense="16:10917509" wd="años"/>
          </grup.nom>
        </sn>
      </sp>
    </S>
    <f lem="?" pos="fit" punct="questionmark" punctenclose="close" wd="?"/>
  </sentence>
  <sentence verbless="yes">
    <sn coord="yes">
      <conj conjunctiontype="coordinating">
        <c lem="y" pos="cc" postype="coordinating" wd="Y"/>
      </conj>
      <sn>
        <spec gen="f" num="p">
          <d gen="f" lem="el" num="p" pos="da0fp0" postype="article" wd="las"/>
        </spec>
        <grup.nom gen="f" num="p">
          <n gen="f" lem="clase" num="p" pos="ncfp000" postype="common" sense="16:00571937" wd="clases"/>
        </grup.nom>
        <f lem="," pos="fc" punct="comma" wd=","/>
      </sn>
      <conj conjunctiontype="coordinating">
        <c lem="y" pos="cc" postype="coordinating" wd="y"/>
      </conj>
      <sn>
        <spec gen="m" num="p">
          <d gen="m" lem="el" num="p" pos="da0mp0" postype="article" wd="los"/>
        </spec>
        <grup.nom gen="m" num="p">
          <n gen="m" lem="alumno" num="p" pos="ncmp000" postype="common" sense="16:07617015" wd="alumnos"/>
        </grup.nom>
        <f lem="," pos="fc" punct="comma" wd=","/>
      </sn>
      <conj conjunctiontype="coordinating">
        <c lem="y" pos="cc" postype="coordinating" wd="y"/>
      </conj>
      <sn>
        <spec gen="m" num="p">
          <d gen="m" lem="el" num="p" pos="da0mp0" postype="article" wd="los"/>
        </spec>
        <grup.nom gen="m" num="p">
          <n gen="m" lem="viaje" lexicalid="noun.viaje.1.default" num="p" origin="deverbal" pos="ncmp000" postype="common" sense="16:00198579" wd="viajes"/>
        </grup.nom>
      </sn>
    </sn>
    <f lem="." pos="fp" punct="period" wd="."/>
  </sentence>
  <sentence>
    <grup.verb>
      <v lem="valer" lss="C11.state-existential" mood="indicative" num="s" person="3" pos="vmip3s0" postype="main" tense="present" wd="Vale"/>
    </grup.verb>
    <sn arg="arg1" func="suj" tem="tem">
      <spec gen="f" num="s">
        <d gen="f" lem="el" num="s" pos="da0fs0" postype="article" wd="la"/>
      </spec>
      <grup.nom gen="f" num="s">
        <n gen="f" lem="anécdota" num="s" pos="ncfs000" postype="common" sense="16:05392862" wd="anécdota"/>
        <sp>
          <prep>
            <s lem="de" pos="sps00" postype="preposition" wd="de"/>
          </prep>
          <sn entityref="ne" ne="person">
            <grup.nom gen="m" num="s">
              <n lem="Ramón_y_Cajal" ne="person" pos="np0000p" postype="proper" sense="16:cs1" wd="Ramón_y_Cajal"/>
            </grup.nom>
          </sn>
        </sp>
        <S>
          <f lem=":" pos="fd" punct="colon" wd=":"/>
          <f lem="-" pos="fg" punct="hyphen" wd="-"/>
          <S arg="argM" clausetype="adverbial" func="cc" tem="tmp">
            <conj conjunctiontype="subordinating">
              <c lem="cuando" pos="cs" postype="subordinating" wd="Cuando"/>
            </conj>
            <sn arg="arg0" func="suj" tem="agt">
              <spec gen="m" num="s">
                <d gen="m" lem="uno" num="s" pos="di0ms0" postype="indefinite" wd="un"/>
              </spec>
              <grup.nom gen="m" num="s">
                <n gen="m" lem="español" num="s" pos="ncms000" postype="common" sense="16:07038257" wd="español"/>
              </grup.nom>
            </sn>
            <grup.verb>
              <v lem="salir" lss="A22.transitive-agentive-theme" mood="indicative" num="s" person="3" pos="vmip3s0" postype="main" tense="present" wd="sale"/>
            </grup.verb>
            <sp arg="arg1" func="cc" tem="tem">
              <prep>
                <s lem="con" pos="sps00" postype="preposition" wd="con"/>
              </prep>
              <sn>
                <grup.nom gen="f" num="p">
                  <n gen="f" lem="gana" num="p" pos="ncfp000" postype="common" sense="16:cs1" wd="ganas"/>
                  <sp>
                    <prep>
                      <s lem="de" pos="sps00" postype="preposition" wd="de"/>
                    </prep>
                    <S clausetype="completive" impersonal="yes">
                      <infinitiu>
                        <v lem="trabajar" lss="D11.inergative-agentive" mood="infinitive" pos="vmn0000" postype="main" wd="trabajar"/>
                      </infinitiu>
                    </S>
                  </sp>
                </grup.nom>
              </sn>
            </sp>
            <f lem="," pos="fc" punct="comma" wd=","/>
          </S>
          <conj conjunctiontype="subordinating" func="et">
            <c lem="que" pos="cs" postype="subordinating" wd="que"/>
          </conj>
          <sn arg="arg0" elliptic="yes" func="suj" tem="agt"/>
          <sn arg="arg2" func="ci" tem="ben">
            <grup.nom num="s">
              <p case="dative" gen="c" lem="él" num="s" person="3" pos="pp3csd00" postype="personal" wd="le"/>
            </grup.nom>
          </sn>
          <grup.verb>
            <v lem="echar" lss="A21.transitive-agentive-patient" mood="subjunctive" num="p" person="3" pos="vmsp3p0" postype="main" tense="present" wd="echen"/>
          </grup.verb>
          <sn arg="argL" func="cd">
            <grup.nom gen="m" num="p">
              <n gen="m" lem="alemán" num="p" pos="ncmp000" postype="common" sense="16:07049525" wd="alemanes"/>
              <sp>
                <prep>
                  <s lem="de" pos="sps00" postype="preposition" wd="de"/>
                </prep>
                <sn>
                  <grup.nom gen="m" num="p">
                    <p gen="m" lem="ese" num="p" pos="pd0mp000" postype="demonstrative" wd="ésos"/>
                  </grup.nom>
                </sn>
              </sp>
            </grup.nom>
          </sn>
          <f lem="-" pos="fg" punct="hyphen" wd="-"/>
        </S>
      </grup.nom>
    </sn>
    <f lem="." pos="fp" punct="period" wd="."/>
  </sentence>
  <sentence>
    <sn arg="arg0" entityref="ne" func="suj" ne="person" tem="agt">
      <grup.nom gen="m" num="s">
        <n lem="Germán_de_Granda" ne="person" pos="np0000p" postype="proper" sense="16:cs1" wd="Germán_de_Granda"/>
      </grup.nom>
    </sn>
    <sn arg="arg2" func="ci" tem="ben">
      <grup.nom num="p">
        <p gen="c" lem="yo" num="p" person="1" pos="pp1cp000" postype="personal" wd="nos"/>
      </grup.nom>
    </sn>
    <grup.verb>
      <v lem="entregar" lss="A32.ditransitive-patient-benefactive" mood="indicative" num="s" person="3" pos="vmip3s0" postype="main" tense="present" wd="entrega"/>
    </grup.verb>
    <sn arg="arg1" func="cd" tem="pat">
      <spec gen="m" num="s">
        <d gen="m" lem="uno" num="s" pos="di0ms0" postype="indefinite" wd="un"/>
      </spec>
      <grup.nom gen="m" num="s">
        <n gen="m" lem="libro" num="s" pos="ncms000" postype="common" sense="16:04831824" wd="libro"/>
        <S clausetype="relative">
          <sp arg="argM" func="cc" tem="loc">
            <prep>
              <s lem="en" pos="sps00" postype="preposition" wd="en"/>
            </prep>
            <sn>
              <spec gen="m" num="s">
                <d gen="m" lem="el" num="s" pos="da0ms0" postype="article" wd="el"/>
              </spec>
              <relatiu>
                <p gen="c" lem="que" num="c" pos="pr0cn000" postype="relative" wd="que"/>
              </relatiu>
            </sn>
          </sp>
          <sp arg="argM" func="cc" tem="adv">
            <f lem="," pos="fc" punct="comma" wd=","/>
            <prep>
              <s lem="a_partir_de" pos="sps00" postype="preposition" wd="a_partir_de"/>
            </prep>
            <sn>
              <grup.nom gen="f" num="p">
                <n gen="f" lem="precisión" lexicalid="noun.precisión.1.default" num="p" origin="deverbal" pos="ncfp000" postype="common" sense="16:03768230" wd="precisiones"/>
                <sp arg="arg1" func="cn" tem="pat">
                  <prep>
                    <s lem="sobre" pos="sps00" postype="preposition" wd="sobre"/>
                  </prep>
                  <sn>
                    <spec gen="m" num="s">
                      <d gen="m" lem="el" num="s" pos="da0ms0" postype="article" wd="el"/>
                    </spec>
                    <grup.nom gen="m" num="s">
                      <n gen="m" lem="concepto" num="s" pos="ncms000" postype="common" sense="16:04493671" wd="concepto"/>
                      <sp>
                        <prep>
                          <s lem="de" pos="sps00" postype="preposition" wd="de"/>
                        </prep>
                        <sn entityref="ne" ne="other">
                          <grup.nom gen="m" num="s">
                            <f lem="-" pos="fg" punct="hyphen" wd="-"/>
                            <n gen="m" lem="español" num="s" pos="ncms000" postype="common" sense="16:05224721" wd="español"/>
                            <s.a gen="m" num="s">
                              <grup.a gen="m" num="s">
                                <a gen="m" lem="atlántico" num="s" pos="aq0ms0" postype="qualificative" wd="atlántico"/>
                              </grup.a>
                            </s.a>
                            <f lem="-" pos="fg" punct="hyphen" wd="-"/>
                          </grup.nom>
                        </sn>
                      </sp>
                    </grup.nom>
                  </sn>
                </sp>
              </grup.nom>
            </sn>
          </sp>
          <sn arg="arg0" elliptic="yes" func="suj" tem="agt"/>
          <sn arg="arg2" func="ci" tem="ben">
            <grup.nom num="p">
              <p gen="c" lem="yo" num="p" person="1" pos="pp1cp000" postype="personal" wd="nos"/>
            </grup.nom>
          </sn>
          <grup.verb>
            <v lem="ir" mood="indicative" num="s" person="3" pos="vmip3s0" postype="main" tense="present" wd="va"/>
            <gerundi>
              <v lem="dar" lss="A32.ditransitive-patient-benefactive" mood="gerund" pos="vmg0000" postype="main" wd="dando"/>
            </gerundi>
          </grup.verb>
          <sn arg="arg1" func="cd" tem="pat">
            <grup.nom gen="f" num="p">
              <n gen="f" lem="interferencia" lexicalid="noun.interferencia.3.default" num="p" origin="deverbal" pos="ncfp000" postype="common" sense="16:02819465" wd="interferencias"/>
              <s.a arg="arg1" func="cn" gen="f" num="p" tem="pat">
                <grup.a gen="f" num="p">
                  <a gen="f" lem="lingüístico" num="p" pos="aq0fp0" postype="qualificative" wd="lingüísticas"/>
                </grup.a>
              </s.a>
              <sp arg="arg0" coord="yes" func="cn" tem="agt">
                <sp>
                  <prep>
                    <s lem="de" pos="sps00" postype="preposition" wd="de"/>
                  </prep>
                  <sn complex="yes">
                    <grup.nom coord="yes">
                      <grup.nom gen="m" num="p">
                        <n gen="m" lem="blanco" num="p" pos="ncmp000" postype="common" sense="16:06962503" wd="blancos"/>
                      </grup.nom>
                      <f lem="," pos="fc" punct="comma" wd=","/>
                      <grup.nom gen="m" num="p">
                        <n gen="m" lem="negro" num="p" pos="ncmp000" postype="common" sense="16:06961330" wd="negros"/>
                      </grup.nom>
                      <conj conjunctiontype="coordinating">
                        <c lem="y" pos="cc" postype="coordinating" wd="y"/>
                      </conj>
                      <grup.nom gen="m" num="p">
                        <n gen="m" lem="cobrizo" num="p" pos="ncmp000" postype="common" sense="16:cs1" wd="cobrizos"/>
                      </grup.nom>
                    </grup.nom>
                  </sn>
                </sp>
                <f lem=";" pos="fx" punct="semicolon" wd=";"/>
                <sp>
                  <prep>
                    <s lem="de" pos="sps00" postype="preposition" wd="de"/>
                  </prep>
                  <sn>
                    <spec gen="f" num="p">
                      <d gen="f" lem="el" num="p" pos="da0fp0" postype="article" wd="las"/>
                    </spec>
                    <grup.nom gen="f" num="p">
                      <n gen="f" lem="peculiaridad" num="p" pos="ncfp000" postype="common" sense="16:03741160" wd="peculiaridades"/>
                      <s.a gen="f" num="p">
                        <grup.a gen="f" num="p">
                          <a gen="c" lem="dialectal" num="p" pos="aq0cp0" postype="qualificative" wd="dialectales"/>
                        </grup.a>
                      </s.a>
                      <sp>
                        <prep>
                          <s lem="de" pos="sps00" postype="preposition" wd="de"/>
                        </prep>
                        <sn>
                          <spec gen="f" num="s">
                            <d gen="f" lem="alguno" num="s" pos="di0fs0" postype="indefinite" wd="alguna"/>
                          </spec>
                          <grup.nom gen="f" num="s">
                            <n gen="f" lem="parcela" num="s" pos="ncfs000" postype="common" sense="16:06279834" wd="parcela"/>
                            <sp>
                              <prep>
                                <s contracted="yes" gen="m" lem="del" num="s" pos="spcms" postype="preposition" wd="del"/>
                              </prep>
                              <sn entityref="ne" ne="other">
                                <grup.nom gen="m" num="s">
                                  <n gen="m" lem="español" num="s" pos="ncms000" postype="common" sense="16:05224721" wd="español"/>
                                  <s.a gen="m" num="s">
                                    <grup.a gen="m" num="s">
                                      <a gen="m" lem="americano" num="s" pos="aq0ms0" postype="qualificative" wd="americano"/>
                                    </grup.a>
                                  </s.a>
                                </grup.nom>
                              </sn>
                            </sp>
                          </grup.nom>
                        </sn>
                      </sp>
                      <sn>
                        <f lem="(" pos="fpa" punct="bracket" punctenclose="open" wd="("/>
                        <grup.nom gen="f" num="p">
                          <n gen="f" lem="coherencia" num="p" pos="ncfp000" postype="common" sense="16:03780151" wd="coherencias"/>
                        </grup.nom>
                        <sp>
                          <prep>
                            <s lem="con" pos="sps00" postype="preposition" wd="con"/>
                          </prep>
                          <sn>
                            <spec gen="m" num="s">
                              <d gen="m" lem="el" num="s" pos="da0ms0" postype="article" wd="el"/>
                            </spec>
                            <grup.nom gen="m" num="s">
                              <n gen="m" lem="postulado" lexicalid="noun.postulado.1.default" num="s" origin="deverbal" pos="ncms000" postype="common" sense="16:05060175" wd="postulado"/>
                              <s.a func="cn" gen="m" num="s">
                                <grup.a gen="m" num="s">
                                  <a gen="c" lem="anterior" num="s" pos="aq0cs0" postype="qualificative" wd="anterior"/>
                                </grup.a>
                              </s.a>
                            </grup.nom>
                          </sn>
                        </sp>
                        <f lem=")" pos="fpt" punct="bracket" punctenclose="close" wd=")"/>
                      </sn>
                    </grup.nom>
                  </sn>
                </sp>
                <conj conjunctiontype="coordinating">
                  <c lem="o" pos="cc" postype="coordinating" wd="o"/>
                </conj>
                <sp>
                  <prep>
                    <s contracted="yes" gen="m" lem="del" num="s" pos="spcms" postype="preposition" wd="del"/>
                  </prep>
                  <sn>
                    <grup.nom gen="m" num="s">
                      <n gen="m" lem="encuentro" lexicalid="noun.encuentro.3.default" num="s" origin="deverbal" pos="ncms000" postype="common" sense="16:cs1" wd="encuentro"/>
                      <sp arg="arg0" func="cn" tem="agt">
                        <prep>
                          <s contracted="yes" gen="m" lem="del" num="s" pos="spcms" postype="preposition" wd="del"/>
                        </prep>
                        <sn entityref="ne" ne="other">
                          <grup.nom gen="m" num="s">
                            <n gen="m" lem="español" num="s" pos="ncms000" postype="common" sense="16:05224721" wd="español"/>
                          </grup.nom>
                        </sn>
                      </sp>
                      <sp arg="arg1" func="cn" tem="tem">
                        <prep>
                          <s lem="con" pos="sps00" postype="preposition" wd="con"/>
                        </prep>
                        <sn>
                          <grup.nom gen="f" num="p">
                            <n gen="f" lem="lengua" num="p" pos="ncfp000" postype="common" sense="16:05167497" wd="lenguas"/>
                            <s.a gen="f" num="p">
                              <grup.a gen="f" num="p">
                                <a gen="f" lem="africano" num="p" pos="aq0fp0" postype="qualificative" wd="africanas"/>
                              </grup.a>
                            </s.a>
                          </grup.nom>
                        </sn>
                      </sp>
                    </grup.nom>
                  </sn>
                </sp>
              </sp>
            </grup.nom>
          </sn>
          <sn func="ao">
            <f lem="(" pos="fpa" punct="bracket" punctenclose="open" wd="("/>
            <spec gen="m" num="s">
              <d gen="c" lem="el" num="s" pos="da0ns0" postype="article" wd="lo"/>
            </spec>
            <S clausetype="relative">
              <relatiu arg="arg1" func="suj" tem="tem">
                <p gen="c" lem="que" num="c" pos="pr0cn000" postype="relative" wd="que"/>
              </relatiu>
              <sadv func="mod">
                <grup.adv>
                  <r lem="también" pos="rg" wd="también"/>
                </grup.adv>
              </sadv>
              <grup.verb>
                <v lem="ser" lss="C21.state-attributive" mood="indicative" num="s" person="3" pos="vsip3s0" postype="semiauxiliary" tense="present" wd="es"/>
              </grup.verb>
              <sa arg="arg2" func="atr" tem="atr">
                <grup.a>
                  <a gen="c" lem="coherente" num="s" pos="aq0cs0" postype="qualificative" wd="coherente"/>
                </grup.a>
              </sa>
            </S>
            <f lem=")" pos="fpt" punct="bracket" punctenclose="close" wd=")"/>
          </sn>
        </S>
      </grup.nom>
    </sn>
    <f lem="." pos="fp" punct="period" wd="."/>
  </sentence>
  <sentence coord="yes">
    <S>
      <sn arg="arg0" elliptic="yes" func="suj" tem="agt"/>
      <grup.verb>
        <v lem="poder" mood="indicative" num="p" person="1" pos="vmip1p0" postype="main" tense="present" wd="Podemos"/>
        <infinitiu>
          <v lem="enfrentar" lss="A22.transitive-agentive-theme" mood="infinitive" pos="vmn0000" postype="main" wd="enfrentarnos"/>
        </infinitiu>
      </grup.verb>
      <sp arg="arg1" func="creg" tem="tem">
        <prep>
          <s lem="con" pos="sps00" postype="preposition" wd="con"/>
        </prep>
        <sn>
          <spec gen="f" num="p">
            <d gen="f" lem="todo" num="p" pos="di0fp0" postype="indefinite" wd="todas"/>
            <d gen="f" lem="este" num="p" pos="dd0fp0" postype="demonstrative" wd="estas"/>
          </spec>
          <grup.nom gen="f" num="p">
            <n gen="f" lem="realidad" num="p" pos="ncfp000" postype="common" sense="16:04476879" wd="realidades"/>
          </grup.nom>
        </sn>
      </sp>
    </S>
    <f lem="," pos="fc" punct="comma" wd=","/>
    <S verbless="yes">
      <grup.verb>
        <infinitiu>
          <v lem="dar" mood="infinitive" pos="vmn0000" postype="main" wd="darles"/>
        </infinitiu>
      </grup.verb>
      <sn>
        <spec gen="f" num="s">
          <d gen="f" lem="el" num="s" pos="da0fs0" postype="article" wd="la"/>
        </spec>
        <grup.nom gen="f" num="s">
          <n gen="f" lem="relación" lexicalid="noun.relación.4.default" num="s" origin="deverbal" pos="ncfs000" postype="common" sense="16:05391410" wd="relación"/>
          <S clausetype="relative" func="cn">
            <relatiu arg="arg0" func="suj" tem="agt">
              <p gen="c" lem="que" num="c" pos="pr0cn000" postype="relative" wd="que"/>
            </relatiu>
            <sp arg="argM" func="cc" tem="loc">
              <prep>
                <s contracted="yes" gen="m" lem="del" num="s" pos="spcms" postype="preposition" wd="del"/>
              </prep>
              <sn>
                <grup.nom gen="m" num="s">
                  <n gen="m" lem="índice" num="s" pos="ncms000" postype="common" sense="16:04981133" wd="índice"/>
                </grup.nom>
              </sn>
            </sp>
            <morfema.pronominal>
              <p gen="c" lem="él" num="c" person="3" pos="p0300000" wd="se"/>
            </morfema.pronominal>
            <grup.verb>
              <v lem="desprender" lss="A22.transitive-agentive-theme" mood="indicative" num="s" person="3" pos="vmip3s0" postype="main" tense="present" wd="desprende"/>
            </grup.verb>
          </S>
        </grup.nom>
      </sn>
    </S>
    <conj conjunctiontype="coordinating">
      <c lem="y" pos="cc" postype="coordinating" wd="y"/>
    </conj>
    <S coord="yes" verbless="yes">
      <S coord="yes" verbless="yes">
        <S verbless="yes">
          <grup.verb>
            <infinitiu>
              <v lem="comentar" mood="infinitive" pos="vmn0000" postype="main" wd="comentar"/>
            </infinitiu>
          </grup.verb>
        </S>
        <f lem="(" pos="fpa" punct="bracket" punctenclose="open" wd="("/>
        <conj conjunctiontype="coordinating">
          <c lem="o" pos="cc" postype="coordinating" wd="o"/>
        </conj>
        <S verbless="yes">
          <grup.verb>
            <infinitiu>
              <v lem="discutir" mood="infinitive" pos="vmn0000" postype="main" wd="discutir"/>
            </infinitiu>
          </grup.verb>
          <S clausesubtype="conditional" clausetype="adverbial">
            <f lem="," pos="fc" punct="comma" wd=","/>
            <conj conjunctiontype="subordinating">
              <c lem="si" pos="cs" postype="subordinating" wd="si"/>
            </conj>
            <sp arg="argM" func="cc" tem="adv">
              <prep>
                <s contracted="yes" gen="m" lem="al" num="s" pos="spcms" postype="preposition" wd="al"/>
              </prep>
              <sn>
                <grup.nom gen="m" num="s">
                  <n gen="m" lem="caso" num="s" pos="ncms000" postype="common" sense="16:10047274" wd="caso"/>
                </grup.nom>
              </sn>
            </sp>
            <sn arg="arg1" elliptic="yes" func="suj" tem="tem"/>
            <grup.verb>
              <v lem="venir" lss="C11.state-existential" mood="indicative" num="s" person="3" pos="vmip3s0" postype="main" tense="present" wd="viene"/>
            </grup.verb>
          </S>
        </S>
        <f lem=")" pos="fpt" punct="bracket" punctenclose="close" wd=")"/>
      </S>
      <sn adjunct="yes">
        <spec gen="m" num="s">
          <d gen="c" lem="el" num="s" pos="da0ns0" postype="article" wd="lo"/>
        </spec>
        <S clausetype="relative">
          <relatiu arg="arg1" func="cd" tem="pat">
            <p gen="c" lem="que" num="c" pos="pr0cn000" postype="relative" wd="que"/>
          </relatiu>
          <sn arg="arg0" func="suj" tem="agt">
            <spec gen="m" num="s">
              <d gen="m" lem="el" num="s" pos="da0ms0" postype="article" wd="el"/>
            </spec>
            <grup.nom gen="m" num="s">
              <n gen="m" lem="autor" num="s" pos="ncms000" postype="common" sense="16:07288141" wd="autor"/>
            </grup.nom>
          </sn>
          <sn arg="arg2" func="ci" tem="ben">
            <grup.nom num="p">
              <p gen="c" lem="yo" num="p" person="1" pos="pp1cp000" postype="personal" wd="nos"/>
            </grup.nom>
          </sn>
          <grup.verb>
            <v lem="ofrecer" lss="A32.ditransitive-patient-benefactive" mood="indicative" num="s" person="3" pos="vmip3s0" postype="main" tense="present" wd="ofrece"/>
          </grup.verb>
        </S>
      </sn>
    </S>
    <f lem="." pos="fp" punct="period" wd="."/>
  </sentence>
  <sentence>
    <sp arg="argM" func="cc" tem="adv">
      <prep>
        <s lem="en" pos="sps00" postype="preposition" wd="En"/>
      </prep>
      <sn>
        <grup.nom gen="f" num="s">
          <n gen="f" lem="investigación" lexicalid="noun.investigación.1.default" num="s" origin="deverbal" pos="ncfs000" postype="common" sense="16:00416938" wd="investigación"/>
        </grup.nom>
      </sn>
    </sp>
    <sn arg="arg1" func="suj" tem="tem">
      <spec gen="m" num="s">
        <d gen="m" lem="todo" num="s" pos="di0ms0" postype="indefinite" wd="todo"/>
      </spec>
      <grup.nom gen="m" num="s">
        <n gen="m" lem="punto" num="s" pos="ncms000" postype="common" sense="16:06351684" wd="punto"/>
        <sp>
          <prep>
            <s lem="de" pos="sps00" postype="preposition" wd="de"/>
          </prep>
          <sn>
            <grup.nom gen="f" num="s">
              <n gen="f" lem="partida" lexicalid="noun.partida.3.default" num="s" origin="deverbal" pos="ncfs000" postype="common" sense="16:00029100" wd="partida"/>
            </grup.nom>
          </sn>
        </sp>
      </grup.nom>
    </sn>
    <grup.verb>
      <v lem="deber" mood="indicative" num="s" person="3" pos="vmip3s0" postype="main" tense="present" wd="debe"/>
      <infinitiu>
        <v lem="estar" lss="C21.state-attributive" mood="infinitive" pos="vmn0000" postype="main" wd="estar"/>
      </infinitiu>
    </grup.verb>
    <S arg="arg2" clausetype="participle" func="atr" impersonal="yes" tem="atr">
      <participi>
        <a gen="m" lem="presidido" lss="B22.unaccusative-passive-transitive" num="s" pos="aq0msp" posfunction="participle" postype="qualificative" wd="presidido"/>
      </participi>
      <sp arg="arg0" func="cag" tem="agt">
        <prep>
          <s lem="por" pos="sps00" postype="preposition" wd="por"/>
        </prep>
        <sn>
          <spec gen="m" num="s">
            <d gen="m" lem="el" num="s" pos="da0ms0" postype="article" wd="el"/>
          </spec>
          <grup.nom gen="m" num="s">
            <n gen="m" lem="deslinde" lexicalid="noun.deslinde.1.default" num="s" origin="deverbal" pos="ncms000" postype="common" sense="16:cs1" wd="deslinde"/>
            <sp arg="arg1" func="cn" tem="pat">
              <prep>
                <s lem="de" pos="sps00" postype="preposition" wd="de"/>
              </prep>
              <sn>
                <spec gen="m" num="p">
                  <d gen="m" lem="el" num="p" pos="da0mp0" postype="article" wd="los"/>
                </spec>
                <grup.nom gen="m" num="p">
                  <n gen="m" lem="campo" num="p" pos="ncmp000" postype="common" sense="16:04594727" wd="campos"/>
                </grup.nom>
              </sn>
            </sp>
          </grup.nom>
        </sn>
      </sp>
    </S>
    <f lem="." pos="fp" punct="period" wd="."/>
  </sentence>
  <sentence>
    <S clausesubtype="conditional" clausetype="adverbial" func="ao">
      <conj conjunctiontype="subordinating">
        <c lem="si" pos="cs" postype="subordinating" wd="Si"/>
      </conj>
      <neg func="mod">
        <r lem="no" pos="rn" postype="negative" wd="no"/>
      </neg>
      <grup.verb>
        <v lem="haber" lss="C11.state-existential" mood="indicative" num="s" person="3" pos="vaip3s0" postype="auxiliary" tense="present" wd="hay"/>
      </grup.verb>
      <sn arg="arg1" func="cd" functype="quantitative" tem="tem">
        <spec gen="f" num="s">
          <d gen="f" lem="uno" num="s" pos="di0fs0" postype="indefinite" wd="una"/>
        </spec>
        <grup.nom gen="f" num="s">
          <n gen="f" lem="conceptualización" lexicalid="noun.conceptualización.1.default" num="s" origin="deverbal" pos="ncfs000" postype="common" sense="16:00601482" wd="conceptualización"/>
          <s.a func="cn" gen="f" num="s">
            <grup.a gen="f" num="s">
              <a gen="f" lem="preciso" num="s" pos="aq0fs0" postype="qualificative" wd="precisa"/>
            </grup.a>
          </s.a>
        </grup.nom>
      </sn>
      <f lem="," pos="fc" punct="comma" wd=","/>
    </S>
    <sn arg="arg0" elliptic="yes" func="suj" tem="agt"/>
    <grup.verb>
      <v lem="sembrar" lss="A21.transitive-agentive-patient" mood="indicative" num="p" person="1" pos="vmif1p0" postype="main" tense="future" wd="sembraremos"/>
    </grup.verb>
    <sn arg="arg1" func="cd" tem="pat">
      <grup.nom gen="f" num="s">
        <n gen="f" lem="confusión" lexicalid="noun.confusión.1.default" num="s" origin="deverbal" pos="ncfs000" postype="common" sense="16:04392842" wd="confusión"/>
      </grup.nom>
    </sn>
    <f lem="." pos="fp" punct="period" wd="."/>
  </sentence>
  <sentence coord="yes">
    <S>
      <sp arg="argM" func="cc" tem="cau">
        <prep>
          <s lem="por" pos="sps00" postype="preposition" wd="Por"/>
        </prep>
        <sn>
          <grup.nom gen="m" num="s">
            <p gen="c" lem="ese" num="s" pos="pd0ns000" postype="demonstrative" wd="eso"/>
          </grup.nom>
        </sn>
      </sp>
      <sp arg="arg3" func="ci" tem="ben">
        <f lem="," pos="fc" punct="comma" wd=","/>
        <prep>
          <s contracted="yes" gen="m" lem="al" num="s" pos="spcms" postype="preposition" wd="al"/>
        </prep>
        <sn>
          <grup.nom gen="m" num="s">
            <s.a gen="m" num="s">
              <grup.a gen="m" num="s">
                <a gen="m" lem="excesivo" num="s" pos="aq0ms0" postype="qualificative" wd="excesivo"/>
              </grup.a>
            </s.a>
            <n gen="m" lem="entusiasmo" num="s" pos="ncms000" postype="common" sense="16:03655378" wd="entusiasmo"/>
            <S clausetype="relative">
              <relatiu arg="arg1" func="cd" tem="pat">
                <p gen="c" lem="que" num="c" pos="pr0cn000" postype="relative" wd="que"/>
              </relatiu>
              <grup.verb>
                <v lem="producir" lss="A21.transitive-agentive-patient" mood="indicative" num="s" person="3" pos="vmis3s0" postype="main" tense="past" wd="produjo"/>
              </grup.verb>
              <sn arg="arg0" func="suj" tem="agt">
                <spec gen="m" num="s">
                  <d gen="c" lem="el" num="s" pos="da0ns0" postype="article" wd="lo"/>
                </spec>
                <grup.nom gen="m" num="s">
                  <S clausetype="relative">
                    <relatiu arg="arg1" func="suj" tem="pat">
                      <p gen="c" lem="que" num="c" pos="pr0cn000" postype="relative" wd="que"/>
                    </relatiu>
                    <morfema.verbal func="pass">
                      <p gen="c" lem="se" num="c" pos="p0000000" wd="se"/>
                    </morfema.verbal>
                    <grup.verb>
                      <v lem="llamar" lss="B22.unaccusative-passive-transitive" mood="indicative" num="s" person="3" pos="vmis3s0" postype="main" tense="past" wd="llamó"/>
                    </grup.verb>
                    <sn arg="arg2" entityref="ne" func="cpred" ne="other" predicate="suj" tem="atr">
                      <grup.nom gen="m" num="s">
                        <f lem="-" pos="fg" punct="hyphen" wd="-"/>
                        <n gen="m" lem="español" num="s" pos="ncms000" postype="common" sense="16:05224721" wd="español"/>
                        <s.a gen="m" num="s">
                          <grup.a gen="m" num="s">
                            <a gen="m" lem="atlántico" num="s" pos="aq0ms0" postype="qualificative" wd="atlántico"/>
                          </grup.a>
                        </s.a>
                        <f lem="-" pos="fg" punct="hyphen" wd="-"/>
                      </grup.nom>
                    </sn>
                  </S>
                </grup.nom>
              </sn>
            </S>
          </grup.nom>
        </sn>
        <f lem="," pos="fc" punct="comma" wd=","/>
      </sp>
      <sn arg="arg0" entityref="ne" func="suj" ne="person" tem="agt">
        <grup.nom gen="m" num="s">
          <n lem="Germán_de_Granda" ne="person" pos="np0000p" postype="proper" sense="16:cs1" wd="Germán_de_Granda"/>
        </grup.nom>
      </sn>
      <grup.verb>
        <v lem="poner" lss="A31.ditransitive-patient-locative" mood="indicative" num="s" person="3" pos="vmip3s0" postype="main" tense="present" wd="pone"/>
      </grup.verb>
      <sn arg="arg1" func="cd" tem="pat">
        <spec gen="m" num="p">
          <neg>
            <r lem="no" pos="rn" postype="negative" wd="no"/>
          </neg>
          <d gen="m" lem="poco" num="p" pos="di0mp0" postype="indefinite" wd="pocos"/>
        </spec>
        <grup.nom gen="m" num="p">
          <n gen="m" lem="punto" num="p" pos="ncmp000" postype="common" sense="16:05126526" wd="puntos"/>
        </grup.nom>
      </sn>
      <sp arg="arg2" func="cc" tem="loc">
        <prep>
          <s lem="sobre" pos="sps00" postype="preposition" wd="sobre"/>
        </prep>
        <sn>
          <spec gen="f" num="p">
            <d gen="f" lem="el" num="p" pos="da0fp0" postype="article" wd="las"/>
          </spec>
          <grup.nom gen="f" num="p">
            <n gen="f" lem="e" num="p" pos="ncfp000" postype="common" sense="16:50001101" wd="es"/>
          </grup.nom>
        </sn>
      </sp>
      <sp arg="argM" func="cc" tem="fin">
        <prep>
          <s lem="para" pos="sps00" postype="preposition" wd="para"/>
        </prep>
        <S clausetype="completive" coord="yes" impersonal="yes">
          <S clausetype="completive" impersonal="yes">
            <infinitiu>
              <v lem="atemperar" lss="A11.transitive-causative" mood="infinitive" pos="vmn0000" postype="main" wd="atemperar"/>
            </infinitiu>
            <sn arg="arg1" func="cd" tem="tem">
              <grup.nom gen="m" num="p">
                <n gen="m" lem="juicio" lexicalid="noun.juicio.1.default" num="p" origin="deverbal" pos="ncmp000" postype="common" sense="16:04495853" wd="juicios"/>
              </grup.nom>
            </sn>
          </S>
          <conj conjunctiontype="coordinating">
            <c lem="y" pos="cc" postype="coordinating" wd="y"/>
          </conj>
          <S clausetype="completive" impersonal="yes">
            <infinitiu>
              <v lem="moderar" lss="A11.transitive-causative" mood="infinitive" pos="vmn0000" postype="main" wd="moderar"/>
            </infinitiu>
            <sn arg="arg1" func="cd" tem="tem">
              <grup.nom gen="f" num="p">
                <n gen="f" lem="afirmación" lexicalid="noun.afirmación.1.default" num="p" origin="deverbal" pos="ncfp000" postype="common" sense="16:05040541" wd="afirmaciones"/>
              </grup.nom>
            </sn>
          </S>
        </S>
      </sp>
      <f lem="," pos="fc" punct="comma" wd=","/>
    </S>
    <conj conjunctiontype="coordinating">
      <c lem="pero" pos="cc" postype="coordinating" wd="pero"/>
    </conj>
    <S>
      <neg func="mod">
        <r lem="no" pos="rn" postype="negative" wd="no"/>
      </neg>
      <grup.verb>
        <v lem="caer" lss="B22.unaccusative-passive-transitive" mood="subjunctive" num="p" person="1" pos="vmsp1p0" postype="main" tense="present" wd="caigamos"/>
      </grup.verb>
      <sn arg="arg1" elliptic="yes" func="suj" tem="tem"/>
      <sp arg="arg2" func="cc" tem="loc">
        <prep>
          <s lem="en" pos="sps00" postype="preposition" wd="en"/>
        </prep>
        <sn>
          <grup.nom gen="f" num="p">
            <n gen="f" lem="negación" lexicalid="noun.negación.1.default" num="p" origin="deverbal" pos="ncfp000" postype="common" sense="16:05384228" wd="negaciones"/>
            <s.a func="cn" gen="f" num="p">
              <grup.a gen="f" num="p">
                <a gen="f" lem="excesivo" num="p" pos="aq0fp0" postype="qualificative" wd="excesivas"/>
              </grup.a>
            </s.a>
          </grup.nom>
        </sn>
      </sp>
    </S>
    <f lem="." pos="fp" punct="period" wd="."/>
  </sentence>
  <sentence coord="yes">
    <S>
      <S arg="arg1" clausetype="completive" func="suj" impersonal="yes" tem="tem">
        <infinitiu>
          <v lem="hablar" lss="A22.transitive-agentive-theme" mood="infinitive" pos="vmn0000" postype="main" wd="Hablar"/>
        </infinitiu>
        <sp arg="arg1" func="creg" tem="tem">
          <prep>
            <s contracted="yes" gen="m" lem="del" num="s" pos="spcms" postype="preposition" wd="del"/>
          </prep>
          <sn entityref="ne" ne="other">
            <grup.nom gen="m" num="s">
              <n gen="m" lem="español" num="s" pos="ncms000" postype="common" sense="16:05224721" wd="español"/>
              <sp>
                <prep>
                  <s lem="de" pos="sps00" postype="preposition" wd="de"/>
                </prep>
                <sn entityref="ne" ne="location">
                  <grup.nom>
                    <n lem="América" ne="location" pos="np0000l" postype="proper" wd="América"/>
                  </grup.nom>
                </sn>
              </sp>
            </grup.nom>
          </sn>
        </sp>
        <sp arg="argM" func="cc" tem="adv">
          <prep>
            <c lem="como" pos="cs" postype="subordinating" wd="como"/>
          </prep>
          <sn>
            <spec gen="m" num="s">
              <d gen="m" lem="uno" num="s" pos="di0ms0" postype="indefinite" wd="un"/>
            </spec>
            <grup.nom gen="m" num="s">
              <n gen="m" lem="subdialecto" num="s" pos="ncms000" postype="common" sense="16:cs1" wd="subdialecto"/>
              <sp>
                <prep>
                  <s contracted="yes" gen="m" lem="del" num="s" pos="spcms" postype="preposition" wd="del"/>
                </prep>
                <sn entityref="ne" ne="other">
                  <grup.nom gen="m" num="s">
                    <n gen="m" lem="andaluz" num="s" pos="ncms000" postype="common" sense="16:50001016" wd="andaluz"/>
                  </grup.nom>
                </sn>
              </sp>
            </grup.nom>
          </sn>
        </sp>
      </S>
      <neg func="mod">
        <r lem="no" pos="rn" postype="negative" wd="no"/>
      </neg>
      <grup.verb>
        <v lem="dejar" mood="indicative" num="s" person="3" pos="vmip3s0" postype="main" tense="present" wd="deja"/>
        <s lem="de" pos="sps00" postype="preposition" wd="de"/>
        <infinitiu>
          <v lem="ser" lss="C21.state-attributive" mood="infinitive" pos="vsn0000" postype="semiauxiliary" wd="ser"/>
        </infinitiu>
      </grup.verb>
      <sa arg="arg2" func="atr" tem="atr">
        <grup.a>
          <a gen="m" lem="excesivo" num="s" pos="aq0ms0" postype="qualificative" wd="excesivo"/>
        </grup.a>
      </sa>
      <S clausesubtype="concessive" clausetype="adverbial" func="ao">
        <f lem="," pos="fc" punct="comma" wd=","/>
        <conj conjunctiontype="subordinating">
          <c lem="por_más_que" pos="cs" postype="subordinating" wd="por_más_que"/>
        </conj>
        <grup.verb>
          <v lem="haber" lss="C11.state-existential" mood="subjunctive" num="s" person="3" pos="vasp3s0" postype="auxiliary" tense="present" wd="haya"/>
        </grup.verb>
        <sn arg="arg1" func="cd" tem="tem">
          <spec gen="m" num="p">
            <d gen="m" lem="muchísimo" num="p" pos="di0mp0" postype="indefinite" wd="muchísimos"/>
          </spec>
          <grup.nom gen="m" num="p">
            <n gen="m" lem="rasgo" num="p" pos="ncmp000" postype="common" sense="16:03642179" wd="rasgos"/>
            <s.a gen="m" num="p">
              <grup.a gen="m" num="p">
                <a gen="m" lem="andaluz" num="p" pos="aq0mp0" postype="qualificative" wd="andaluces"/>
              </grup.a>
            </s.a>
          </grup.nom>
        </sn>
        <sp arg="arg2" func="cc" tem="loc">
          <prep>
            <s lem="en" pos="sps00" postype="preposition" wd="en"/>
          </prep>
          <sn entityref="ne" ne="other">
            <spec gen="m" num="s">
              <d gen="m" lem="el" num="s" pos="da0ms0" postype="article" wd="el"/>
            </spec>
            <grup.nom gen="m" num="s">
              <n gen="m" lem="español" num="s" pos="ncms000" postype="common" sense="16:05224721" wd="español"/>
              <sp>
                <prep>
                  <s lem="de" pos="sps00" postype="preposition" wd="de"/>
                </prep>
                <sn entityref="ne" ne="location">
                  <grup.nom>
                    <n lem="América" ne="location" pos="np0000l" postype="proper" wd="América"/>
                  </grup.nom>
                </sn>
              </sp>
              <S clausetype="relative">
                <f lem="," pos="fc" punct="comma" wd=","/>
                <sn arg="arg1" func="suj" tem="tem">
                  <relatiu>
                    <p gen="f" lem="cuyo" num="s" pos="pr0fs000" postype="relative" wd="cuya"/>
                  </relatiu>
                  <grup.nom gen="f" num="s">
                    <n gen="f" lem="presencia" num="s" pos="ncfs000" postype="common" sense="16:00800818" wd="presencia"/>
                  </grup.nom>
                </sn>
                <sn arg="argM" func="cc" tem="tmp">
                  <spec gen="f" num="s">
                    <d gen="c" lem="cada" num="s" pos="di0cs0" postype="indefinite" wd="cada"/>
                  </spec>
                  <grup.nom gen="f" num="s">
                    <n gen="f" lem="vez" num="s" pos="ncfs000" postype="common" sense="16:05449233" wd="vez"/>
                  </grup.nom>
                </sn>
                <morfema.pronominal>
                  <p gen="c" lem="se" num="c" person="3" pos="p0300000" wd="se"/>
                </morfema.pronominal>
                <grup.verb>
                  <v lem="sentir" lss="C21.state-attributive" mood="indicative" num="s" person="3" pos="vmip3s0" postype="main" tense="present" wd="siente"/>
                </grup.verb>
                <sa arg="arg2" func="cpred" predicate="suj" tem="atr">
                  <spec>
                    <r lem="más" pos="rg" wd="más"/>
                  </spec>
                  <grup.a>
                    <a gen="f" lem="amplio" num="s" pos="aq0fs0" postype="qualificative" wd="amplia"/>
                  </grup.a>
                </sa>
              </S>
            </grup.nom>
          </sn>
        </sp>
        <f lem="," pos="fc" punct="comma" wd=","/>
      </S>
    </S>
    <conj conjunctiontype="coordinating">
      <c lem="pero" pos="cc" postype="coordinating" wd="pero"/>
    </conj>
    <S>
      <grup.verb>
        <v lem="haber" mood="indicative" num="s" person="3" pos="vaif3s0" postype="auxiliary" tense="future" wd="habrá"/>
        <c lem="que" pos="cs" postype="subordinating" wd="que"/>
        <infinitiu>
          <v lem="pensar" lss="A21.transitive-agentive-patient" mood="infinitive" pos="vmn0000" postype="main" wd="pensar"/>
        </infinitiu>
      </grup.verb>
      <S arg="arg1" clausetype="completive" func="cd" tem="pat">
        <conj conjunctiontype="subordinating">
          <c lem="que" pos="cs" postype="subordinating" wd="que"/>
        </conj>
        <S clausesubtype="conditional" clausetype="adverbial" func="ao">
          <conj conjunctiontype="subordinating">
            <c lem="si" pos="cs" postype="subordinating" wd="si"/>
          </conj>
          <sn arg="arg1" func="suj" tem="tem">
            <spec gen="f" num="p">
              <d gen="f" lem="el" num="p" pos="da0fp0" postype="article" wd="las"/>
            </spec>
            <grup.nom gen="f" num="p">
              <n gen="f" lem="innovación" lexicalid="noun.innovación.1.default" num="p" origin="deverbal" pos="ncfp000" postype="common" sense="16:02865563" wd="innovaciones"/>
            </grup.nom>
          </sn>
          <grup.verb>
            <v lem="salir" lss="B11.unaccusative-motion" mood="indicative" num="p" person="3" pos="vmip3p0" postype="main" tense="present" wd="salen"/>
          </grup.verb>
          <sp arg="arg3" func="cc" tem="ori">
            <prep>
              <s lem="de" pos="sps00" postype="preposition" wd="de"/>
            </prep>
            <sn>
              <spec gen="f" num="s">
                <d gen="f" lem="uno" num="s" pos="di0fs0" postype="indefinite" wd="una"/>
              </spec>
              <grup.nom gen="f" num="s">
                <n gen="f" lem="base" num="s" pos="ncfs000" postype="common" sense="16:02256491" wd="base"/>
                <s.a gen="f" num="s">
                  <grup.a gen="f" num="s">
                    <a gen="f" lem="andaluz" num="s" pos="aq0fs0" postype="qualificative" wd="andaluza"/>
                  </grup.a>
                </s.a>
              </grup.nom>
            </sn>
          </sp>
          <f lem="," pos="fc" punct="comma" wd=","/>
        </S>
        <sn arg="arg0" func="suj" tem="agt">
          <spec gen="f" num="s">
            <d gen="f" lem="el" num="s" pos="da0fs0" postype="article" wd="la"/>
          </spec>
          <grup.nom gen="f" num="s">
            <n gen="f" lem="historia" num="s" pos="ncfs000" postype="common" sense="16:10851812" wd="historia"/>
          </grup.nom>
        </sn>
        <grup.verb>
          <v lem="deber" mood="indicative" num="s" person="3" pos="vmif3s0" postype="main" tense="future" wd="deberá"/>
          <infinitiu>
            <v lem="explicar" lss="A32.ditransitive-patient-benefactive" mood="infinitive" pos="vmn0000" postype="main" wd="explicarnos"/>
          </infinitiu>
        </grup.verb>
        <sn arg="arg1" func="cd" tem="pat">
          <spec gen="f" num="s">
            <d gen="f" lem="el" num="s" pos="da0fs0" postype="article" wd="la"/>
          </spec>
          <grup.nom gen="f" num="s">
            <n gen="f" lem="evolución" lexicalid="noun.evolución.1.default" num="s" origin="deverbal" pos="ncfs000" postype="common" sense="16:09724860" wd="evolución"/>
          </grup.nom>
        </sn>
        <sp arg="argM" func="cc" tem="adv">
          <prep>
            <s lem="a_partir_de" pos="sps00" postype="preposition" wd="a_partir_de"/>
          </prep>
          <sn>
            <grup.nom gen="f" num="p">
              <p gen="f" lem="él" num="p" person="3" pos="pp3fp000" postype="personal" wd="ellas"/>
            </grup.nom>
          </sn>
        </sp>
      </S>
    </S>
    <f lem="." pos="fp" punct="period" wd="."/>
  </sentence>
</article>
