<?xml version="1.0" encoding="UTF-8"?>
<!-- 

  ancora-2.0
       
			Copyright (C) 2007, 2008, 2009, 2010, 2011 UB - CLiC
			Centre de Llenguatge i Computació - Universitat de Barcelona
 
  This file is part of ancora-2.0.
 
  ancora-2.0 is free software and data: you can redistribute it and/or modify
  it under the terms of the GNU General Public License as published
  by the Free Software Foundation, either version 3 of the License,
  or (at your option) any later version.

  ancora-2.0 is distributed in the hope that it will be useful,
  but WITHOUT ANY WARRANTY; without even the implied warranty of
  MERCHANTABILITY or FITNESS FOR A PARTICULAR PURPOSE.  See the
  GNU General Public License for more details.
 
  You should have received a copy of the GNU General Public License
  along with ancora-2.0.  If not, see &lt;http://www.gnu.org/licenses/&gt;.
 
  Check a text in catalan explaining the terms of the license at http://www.softcatala.cat/wiki/GPL3.
  In spanish at http://www.viti.es/gnu/licenses/gpl.html
 

  The following paper must be cited when using this corpus:

 * Taulé, M., M.A. Martí, M. Recasens (2008) 'Ancora: Multilevel Annotated Corpora for Catalan and Spanish',
   Proceedings of 6th International Conference on Language Resources and Evaluation. Marrakesh (Morocco).

  In addition, the following paper must be cited if coreference information (attributes entity, coreftype,
  corefsubtype, homophoricDD or entityref) is used:

 * Recasens, Marta, M. Antònia Martí (2010) ‘AnCora-CO: Coreferentially annotated corpora for Spanish and
   Catalan’. Language Resources and Evaluation, Springer Science.

  Additionally, the following paper must be cited when argumental attributes in "sn" or "grup.nom"
  (attributes func, arg, tem or lexicalid) are used:

 * Peris, Aina, Mariona Taulé, Horacio Rodríguez (2010) ‘Semantic Annotation of Deverbal Nominalizations in the
   Spanish AnCora corpus’. Treebanks and Linguistic Theories (TLT-2010), Estonia.
-->
<article lng="es">
  <sentence verbless="yes">
    <S verbless="yes">
      <conj conjunctiontype="coordinating">
        <c lem="pero" pos="cc" postype="coordinating" wd="Pero"/>
      </conj>
      <sadv>
        <grup.adv>
          <r lem="también" pos="rg" wd="también"/>
        </grup.adv>
      </sadv>
      <sp coord="yes">
        <sp>
          <prep>
            <s lem="a" pos="sps00" postype="preposition" wd="a"/>
          </prep>
          <sn>
            <spec gen="m" num="s">
              <d gen="m" lem="uno" num="s" pos="di0ms0" postype="indefinite" wd="un"/>
            </spec>
            <grup.nom gen="m" num="s">
              <n gen="m" lem="uso" lexicalid="noun.uso.1.default" num="s" origin="deverbal" pos="ncms000" postype="common" sense="16:00605730" wd="uso"/>
              <s.a func="cn" gen="m" num="s">
                <grup.a gen="m" num="s">
                  <a gen="m" lem="excesivo" num="s" pos="aq0ms0" postype="qualificative" wd="excesivo"/>
                </grup.a>
              </s.a>
              <sp arg="arg1" func="cn" tem="pat">
                <prep>
                  <s contracted="yes" gen="m" lem="del" num="s" pos="spcms" postype="preposition" wd="del"/>
                </prep>
                <sn>
                  <grup.nom gen="m" num="s">
                    <n gen="m" lem="teléfono" num="s" pos="ncms000" postype="common" sense="16:03478277" wd="teléfono"/>
                  </grup.nom>
                </sn>
              </sp>
            </grup.nom>
          </sn>
        </sp>
        <conj conjunctiontype="coordinating">
          <c lem="y" pos="cc" postype="coordinating" wd="y"/>
        </conj>
        <sp>
          <prep>
            <s lem="a" pos="sps00" postype="preposition" wd="a"/>
          </prep>
          <sn>
            <spec gen="f" num="s">
              <d gen="f" lem="uno" num="s" pos="di0fs0" postype="indefinite" wd="una"/>
            </spec>
            <grup.nom gen="f" num="s">
              <n gen="f" lem="sobredosis" num="c" pos="ncfn000" postype="common" sense="16:cs1" wd="sobredosis"/>
              <sp>
                <prep>
                  <s lem="de" pos="sps00" postype="preposition" wd="de"/>
                </prep>
                <sn>
                  <grup.nom gen="m" num="p">
                    <n gen="m" lem="fármaco" num="p" pos="ncmp000" postype="common" sense="16:02609065" wd="fármacos"/>
                  </grup.nom>
                </sn>
              </sp>
            </grup.nom>
          </sn>
        </sp>
      </sp>
    </S>
    <S>
      <f lem=":" pos="fd" punct="colon" wd=":"/>
      <sadv arg="argM" func="cc" tem="adv">
        <grup.adv>
          <r lem="probablemente" pos="rg" wd="probablemente"/>
        </grup.adv>
      </sadv>
      <sn arg="arg1" func="suj" tem="tem">
        <grup.nom gen="m" num="s">
          <p gen="m" lem="este" num="s" pos="pd0ms000" postype="demonstrative" wd="éste"/>
        </grup.nom>
      </sn>
      <grup.verb>
        <v lem="ser" lss="C21.state-attributive" mood="subjunctive" num="s" person="3" pos="vssp3s0" postype="semiauxiliary" tense="present" wd="sea"/>
      </grup.verb>
      <sn arg="arg2" func="atr" tem="atr">
        <spec gen="m" num="s">
          <d gen="m" lem="el" num="s" pos="da0ms0" postype="article" wd="el"/>
        </spec>
        <grup.nom gen="m" num="s">
          <n gen="m" lem="caso" num="s" pos="ncms000" postype="common" sense="16:10047274" wd="caso"/>
          <sp>
            <prep>
              <s contracted="yes" gen="m" lem="del" num="s" pos="spcms" postype="preposition" wd="del"/>
            </prep>
            <sn>
              <grup.nom gen="m" num="s">
                <n gen="c" lem="protagonista" num="s" pos="nccs000" postype="common" sense="16:07318009" wd="protagonista"/>
                <sp>
                  <prep>
                    <s lem="de" pos="sps00" postype="preposition" wd="de"/>
                  </prep>
                  <sn entityref="ne" ne="other">
                    <grup.nom>
                      <n lem="Dinero" ne="other" pos="np0000a" postype="proper" sense="16:cs1" wd="Dinero"/>
                      <sn entityref="ne" ne="other">
                        <f lem="," pos="fc" punct="comma" wd=","/>
                        <spec gen="f" num="s">
                          <d gen="f" lem="el" num="s" pos="da0fs0" postype="article" wd="la"/>
                        </spec>
                        <grup.nom gen="f" num="s">
                          <n gen="f" lem="novela" num="s" pos="ncfs000" postype="common" sense="16:04800741" wd="novela"/>
                          <sp>
                            <prep>
                              <s lem="de" pos="sps00" postype="preposition" wd="de"/>
                            </prep>
                            <sn entityref="ne" ne="person">
                              <grup.nom gen="m" num="s">
                                <n lem="Martin_Amis" ne="person" pos="np0000p" postype="proper" sense="16:cs1" wd="Martin_Amis"/>
                              </grup.nom>
                            </sn>
                          </sp>
                        </grup.nom>
                        <f lem="," pos="fc" punct="comma" wd=","/>
                      </sn>
                    </grup.nom>
                  </sn>
                </sp>
                <S clausetype="relative" coord="yes">
                  <relatiu arg="arg0" func="suj" tem="agt">
                    <p gen="c" lem="que" num="c" pos="pr0cn000" postype="relative" wd="que"/>
                  </relatiu>
                  <S clausetype="relative">
                    <morfema.pronominal>
                      <p gen="c" lem="él" num="c" person="3" pos="p0300000" wd="se"/>
                    </morfema.pronominal>
                    <grup.verb>
                      <v lem="pasar" lss="A21.transitive-agentive-patient" mood="indicative" num="s" person="3" pos="vmip3s0" postype="main" tense="present" wd="pasa"/>
                    </grup.verb>
                    <sn arg="arg1" func="cd" tem="pat">
                      <spec gen="m" num="s">
                        <d gen="m" lem="medio" num="s" pos="dn0ms0" postype="numeral" wd="medio"/>
                      </spec>
                      <grup.nom gen="m" num="s">
                        <n gen="m" lem="libro" num="s" pos="ncms000" postype="common" sense="16:04831824" wd="libro"/>
                      </grup.nom>
                    </sn>
                    <S arg="arg2" clausetype="adverbial" func="cc" impersonal="yes" tem="atr">
                      <gerundi>
                        <v lem="discutir" lss="A21.transitive-agentive-patient" mood="gerund" pos="vmg0000" postype="main" wd="discutiendo"/>
                      </gerundi>
                      <sp arg="argM" func="cc" tem="adv">
                        <prep>
                          <s lem="por" pos="sps00" postype="preposition" wd="por"/>
                        </prep>
                        <sn>
                          <grup.nom gen="m" num="s">
                            <n gen="m" lem="teléfono" num="s" pos="ncms000" postype="common" sense="16:03478277" wd="teléfono"/>
                          </grup.nom>
                        </sn>
                      </sp>
                    </S>
                  </S>
                  <conj conjunctiontype="coordinating">
                    <c lem="y" pos="cc" postype="coordinating" wd="y"/>
                  </conj>
                  <S clausetype="relative" verbless="yes">
                    <sn>
                      <spec gen="m" num="s">
                        <d gen="m" lem="el" num="s" pos="da0ms0" postype="article" wd="el"/>
                        <d gen="m" lem="otro" num="s" pos="di0ms0" postype="indefinite" wd="otro"/>
                      </spec>
                      <grup.nom gen="m" num="s">
                        <p gen="m" lem="medio" num="s" pos="pn0ms000" postype="numeral" wd="medio"/>
                      </grup.nom>
                    </sn>
                    <S clausetype="adverbial" impersonal="yes">
                      <gerundi>
                        <v lem="hinchar" lss="A22.transitive-agentive-theme" mood="gerund" pos="vmg0000" postype="main" wd="hinchándose"/>
                      </gerundi>
                      <sp arg="arg1" func="creg" tem="tem">
                        <prep>
                          <s lem="de" pos="sps00" postype="preposition" wd="de"/>
                        </prep>
                        <sn>
                          <grup.nom gen="f" num="p">
                            <n gen="f" lem="droga" num="p" pos="ncfp000" postype="common" sense="16:02609065" wd="drogas"/>
                          </grup.nom>
                        </sn>
                      </sp>
                      <S arg="argM" clausetype="adverbial" func="cc" tem="adv">
                        <conj conjunctiontype="subordinating">
                          <c lem="hasta_que" pos="cs" postype="subordinating" wd="hasta_que"/>
                        </conj>
                        <sn arg="arg1" elliptic="yes" func="suj" tem="tem"/>
                        <morfema.pronominal>
                          <p gen="c" lem="él" num="c" person="3" pos="p0300000" wd="se"/>
                        </morfema.pronominal>
                        <sn arg="arg3" func="ci" tem="ben">
                          <grup.nom num="s">
                            <p case="dative" gen="c" lem="él" num="s" person="3" pos="pp3csd00" postype="personal" wd="le"/>
                          </grup.nom>
                        </sn>
                        <grup.verb>
                          <v lem="salir" lss="B22.unaccusative-passive-transitive" mood="indicative" num="p" person="3" pos="vmip3p0" postype="main" tense="present" wd="salen"/>
                        </grup.verb>
                        <sp arg="arg2" func="cc" tem="loc">
                          <prep>
                            <s lem="por" pos="sps00" postype="preposition" wd="por"/>
                          </prep>
                          <sn>
                            <spec gen="f" num="p">
                              <d gen="f" lem="el" num="p" pos="da0fp0" postype="article" wd="las"/>
                            </spec>
                            <grup.nom gen="f" num="p">
                              <n gen="f" lem="oreja" num="p" pos="ncfp000" postype="common" sense="16:04130612" wd="orejas"/>
                            </grup.nom>
                          </sn>
                        </sp>
                      </S>
                    </S>
                  </S>
                </S>
              </grup.nom>
            </sn>
          </sp>
        </grup.nom>
      </sn>
    </S>
    <f lem="." pos="fp" punct="period" wd="."/>
  </sentence>
  <sentence>
    <sn arg="arg1" func="suj" tem="tem">
      <grup.nom gen="m" num="p">
        <sn complex="yes">
          <grup.nom coord="yes">
            <grup.nom gen="m" num="p">
              <n gen="m" lem="avión" num="p" pos="ncmp000" postype="common" sense="16:02174460" wd="Aviones"/>
              <S clausetype="adverbial" coord="yes" impersonal="yes">
                <S clausetype="adverbial" impersonal="yes">
                  <gerundi>
                    <v lem="aterrizar" lss="D11.inergative-agentive" mood="gerund" pos="vmg0000" postype="main" wd="aterrizando"/>
                  </gerundi>
                </S>
                <conj conjunctiontype="coordinating">
                  <c lem="o" pos="cc" postype="coordinating" wd="o"/>
                </conj>
                <S clausetype="adverbial" impersonal="yes">
                  <gerundi>
                    <v lem="despegar" lss="D11.inergative-agentive" mood="gerund" pos="vmg0000" postype="main" wd="despegando"/>
                  </gerundi>
                </S>
              </S>
            </grup.nom>
            <f lem="," pos="fc" punct="comma" wd=","/>
            <grup.nom gen="m" num="p">
              <n gen="m" lem="cristal" num="p" pos="ncmp000" postype="common" sense="16:06696175" wd="cristales"/>
              <S clausetype="adverbial" impersonal="yes">
                <gerundi>
                  <v lem="romper" lss="B21.unaccusative-state" mood="gerund" pos="vmg0000" postype="main" wd="rompiéndose"/>
                </gerundi>
                <sp arg="argM" func="cc" tem="adv">
                  <prep>
                    <s lem="sin" pos="sps00" postype="preposition" wd="sin"/>
                  </prep>
                  <sn>
                    <grup.nom gen="m" num="s">
                      <n gen="m" lem="motivo" num="s" pos="ncms000" postype="common" sense="16:06660089" wd="motivo"/>
                    </grup.nom>
                  </sn>
                </sp>
              </S>
            </grup.nom>
            <f lem="," pos="fc" punct="comma" wd=","/>
            <grup.nom gen="m" num="p">
              <n gen="m" lem="trozo" num="p" pos="ncmp000" postype="common" sense="16:09909162" wd="trozos"/>
              <sp>
                <prep>
                  <s lem="de" pos="sps00" postype="preposition" wd="de"/>
                </prep>
                <sn>
                  <grup.nom gen="m" num="s">
                    <n gen="m" lem="hielo" num="s" pos="ncms000" postype="common" sense="16:10703104" wd="hielo"/>
                  </grup.nom>
                </sn>
              </sp>
              <S clausetype="relative">
                <relatiu arg="arg1" func="cd" tem="pat">
                  <p gen="c" lem="que" num="c" pos="pr0cn000" postype="relative" wd="que"/>
                </relatiu>
                <sn arg="arg0" func="suj" tem="agt">
                  <grup.nom gen="m" num="s">
                    <p gen="c" lem="alguien" num="s" pos="pi0cs000" postype="indefinite" wd="alguien"/>
                  </grup.nom>
                </sn>
                <grup.verb>
                  <v lem="machacar" lss="A21.transitive-agentive-patient" mood="indicative" num="s" person="3" pos="vmip3s0" postype="main" tense="present" wd="machaca"/>
                </grup.verb>
                <sp arg="argM" func="cc" tem="mnr">
                  <prep>
                    <s lem="sin" pos="sps00" postype="preposition" wd="sin"/>
                  </prep>
                  <S clausetype="completive" impersonal="yes">
                    <infinitiu>
                      <v lem="cesar" lss="B21.unaccusative-state" mood="infinitive" pos="vmn0000" postype="main" wd="cesar"/>
                    </infinitiu>
                  </S>
                </sp>
              </S>
            </grup.nom>
            <f lem=":" pos="fd" punct="colon" wd=":"/>
          </grup.nom>
        </sn>
        <p gen="m" lem="ese" num="p" pos="pd0mp000" postype="demonstrative" wd="ésos"/>
      </grup.nom>
    </sn>
    <grup.verb>
      <v lem="ser" lss="C21.state-attributive" mood="indicative" num="p" person="3" pos="vsip3p0" postype="semiauxiliary" tense="present" wd="son"/>
    </grup.verb>
    <sn arg="arg2" func="atr" tem="atr">
      <grup.nom gen="m" num="p">
        <p gen="m" lem="alguno" num="p" pos="pi0mp000" postype="indefinite" wd="algunos"/>
        <sp>
          <prep>
            <s lem="de" pos="sps00" postype="preposition" wd="de"/>
          </prep>
          <sn>
            <spec gen="m" num="p">
              <d gen="m" lem="el" num="p" pos="da0mp0" postype="article" wd="los"/>
            </spec>
            <grup.nom gen="m" num="p">
              <n gen="m" lem="ruido" num="p" pos="ncmp000" postype="common" sense="16:04418982" wd="ruidos"/>
              <S clausetype="relative">
                <relatiu arg="arg1" func="cd" tem="pat">
                  <p gen="c" lem="que" num="c" pos="pr0cn000" postype="relative" wd="que"/>
                </relatiu>
                <sn arg="arg0" func="suj" tem="agt">
                  <spec gen="m" num="p">
                    <d gen="m" lem="el" num="p" pos="da0mp0" postype="article" wd="los"/>
                  </spec>
                  <grup.nom gen="m" num="p">
                    <n gen="m" lem="oído" num="p" pos="ncmp000" postype="common" sense="16:04128276" wd="oídos"/>
                    <sp>
                      <prep>
                        <s lem="de" pos="sps00" postype="preposition" wd="de"/>
                      </prep>
                      <sn>
                        <spec gen="m" num="s">
                          <d gen="m" lem="ese" num="s" pos="dd0ms0" postype="demonstrative" wd="ese"/>
                        </spec>
                        <grup.nom gen="m" num="s">
                          <s.a gen="m" num="s">
                            <grup.a gen="m" num="s">
                              <a gen="m" lem="buen" num="s" pos="aq0ms0" postype="qualificative" wd="buen"/>
                            </grup.a>
                          </s.a>
                          <n gen="m" lem="hombre" num="s" pos="ncms000" postype="common" sense="16:07391044" wd="hombre"/>
                        </grup.nom>
                      </sn>
                    </sp>
                  </grup.nom>
                </sn>
                <grup.verb>
                  <v lem="recrear" lss="A21.transitive-agentive-patient" mood="indicative" num="p" person="3" pos="vmip3p0" postype="main" tense="present" wd="recrean"/>
                </grup.verb>
                <sp arg="arg2" func="ci" tem="ben">
                  <prep>
                    <s lem="para" pos="sps00" postype="preposition" wd="para"/>
                  </prep>
                  <sn>
                    <grup.nom gen="m" num="s">
                      <p gen="m" lem="él" num="s" person="3" pos="pp3ms000" postype="personal" wd="él"/>
                    </grup.nom>
                  </sn>
                </sp>
                <S arg="argM" clausetype="adverbial" func="cc" tem="tmp">
                  <conj conjunctiontype="subordinating">
                    <c lem="cada_vez_que" pos="cs" postype="subordinating" wd="cada_vez_que"/>
                  </conj>
                  <sn arg="arg0" elliptic="yes" func="suj" tem="agt"/>
                  <grup.verb>
                    <v lem="intentar" lss="A21.transitive-agentive-patient" mood="indicative" num="s" person="3" pos="vmip3s0" postype="main" tense="present" wd="intenta"/>
                  </grup.verb>
                  <S arg="arg1" clausetype="completive" func="cd" impersonal="yes" tem="pat">
                    <infinitiu>
                      <v lem="conciliar" lss="A21.transitive-agentive-patient" mood="infinitive" pos="vmn0000" postype="main" wd="conciliar"/>
                    </infinitiu>
                    <sn arg="arg1" func="cd" tem="pat">
                      <spec gen="m" num="s">
                        <d gen="m" lem="el" num="s" pos="da0ms0" postype="article" wd="el"/>
                      </spec>
                      <grup.nom gen="m" num="s">
                        <n gen="m" lem="sueño" num="s" pos="ncms000" postype="common" sense="16:10102311" wd="sueño"/>
                      </grup.nom>
                    </sn>
                  </S>
                </S>
              </S>
            </grup.nom>
          </sn>
        </sp>
      </grup.nom>
    </sn>
    <f lem="." pos="fp" punct="period" wd="."/>
  </sentence>
  <sentence verbless="yes">
    <S verbless="yes">
      <sn>
        <grup.nom gen="m" num="p">
          <n gen="m" lem="tambor" num="p" pos="ncmp000" postype="common" sense="16:02610182" wd="Tambores"/>
          <s.a gen="m" num="p">
            <grup.a gen="m" num="p">
              <a gen="m" lem="cercano" num="p" pos="aq0mp0" postype="qualificative" wd="cercanos"/>
            </grup.a>
          </s.a>
        </grup.nom>
      </sn>
      <sadv>
        <f lem="," pos="fc" punct="comma" wd=","/>
        <grup.adv>
          <r lem="en_todo_caso" pos="rg" wd="en_todo_caso"/>
        </grup.adv>
      </sadv>
    </S>
    <sn>
      <f lem=":" pos="fd" punct="colon" wd=":"/>
      <spec gen="m" num="s">
        <d gen="m" lem="todo" num="s" pos="di0ms0" postype="indefinite" wd="todo"/>
        <d gen="m" lem="uno" num="s" pos="di0ms0" postype="indefinite" wd="un"/>
      </spec>
      <grup.nom gen="m" num="s">
        <n gen="m" lem="muestrario" num="s" pos="ncms000" postype="common" sense="16:cs1" wd="muestrario"/>
        <sp>
          <prep>
            <s lem="de" pos="sps00" postype="preposition" wd="de"/>
          </prep>
          <sn>
            <spec gen="f" num="s">
              <d gen="f" lem="ese" num="s" pos="dd0fs0" postype="demonstrative" wd="esa"/>
            </spec>
            <grup.nom gen="f" num="s">
              <n gen="f" lem="percusión" lexicalid="noun.percusión.1.default" num="s" origin="deverbal" pos="ncfs000" postype="common" sense="16:00357253" wd="percusión"/>
              <s.a func="cn" gen="f" num="s">
                <grup.a gen="f" num="s">
                  <a gen="f" lem="urbano" num="s" pos="aq0fs0" postype="qualificative" wd="urbana"/>
                </grup.a>
              </s.a>
              <sp arg="argM" func="cn" tem="tmp">
                <prep>
                  <s lem="de" pos="sps00" postype="preposition" wd="de"/>
                </prep>
                <sn>
                  <spec gen="m" num="s">
                    <d gen="m" lem="nuestro" num="s" person="1" pos="dp1msp" possessornum="p" postype="possessive" wd="nuestro"/>
                  </spec>
                  <grup.nom gen="m" num="s">
                    <n gen="m" lem="tiempo" num="s" pos="ncms000" postype="common" sense="16:10850147" wd="tiempo"/>
                  </grup.nom>
                </sn>
              </sp>
            </grup.nom>
          </sn>
        </sp>
      </grup.nom>
    </sn>
    <f lem="." pos="fp" punct="period" wd="."/>
  </sentence>
  <sentence>
    <sn arg="arg1" func="suj" tem="tem">
      <spec gen="m" num="s">
        <d gen="c" lem="el" num="s" pos="da0ns0" postype="article" wd="Lo"/>
      </spec>
      <grup.nom gen="m" num="s">
        <S clausetype="relative">
          <relatiu arg="arg1" func="suj" tem="tem">
            <p gen="c" lem="que" num="c" pos="pr0cn000" postype="relative" wd="que"/>
          </relatiu>
          <grup.verb>
            <v lem="ocurrir" lss="C41.state-benefactive" mood="indicative" num="s" person="3" pos="vmip3s0" postype="main" tense="present" wd="ocurre"/>
          </grup.verb>
          <sp arg="argM" func="cc" tem="adv">
            <prep>
              <s lem="con" pos="sps00" postype="preposition" wd="con"/>
            </prep>
            <sn>
              <spec gen="m" num="s">
                <d gen="m" lem="ese" num="s" pos="dd0ms0" postype="demonstrative" wd="ese"/>
              </spec>
              <grup.nom gen="m" num="s">
                <n gen="m" lem="caballero" num="s" pos="ncms000" postype="common" sense="16:07288873" wd="caballero"/>
              </grup.nom>
            </sn>
          </sp>
        </S>
      </grup.nom>
    </sn>
    <grup.verb>
      <v lem="ser" lss="C21.state-attributive" mood="indicative" num="s" person="3" pos="vsip3s0" postype="semiauxiliary" tense="present" wd="es"/>
    </grup.verb>
    <S arg="arg2" clausetype="completive" coord="yes" func="atr" tem="atr">
      <S clausetype="completive">
        <conj conjunctiontype="subordinating">
          <c lem="que" pos="cs" postype="subordinating" wd="que"/>
        </conj>
        <morfema.verbal func="impers">
          <p gen="c" lem="se" num="c" pos="p0000000" wd="se"/>
        </morfema.verbal>
        <grup.verb>
          <v lem="tratar" lss="A21.transitive-agentive-patient" mood="indicative" num="s" person="3" pos="vmip3s0" postype="main" tense="present" wd="trata"/>
        </grup.verb>
        <sp arg="arg2" func="creg" tem="atr">
          <prep>
            <s lem="de" pos="sps00" postype="preposition" wd="de"/>
          </prep>
          <sn>
            <spec gen="m" num="s">
              <d gen="m" lem="uno" num="s" pos="di0ms0" postype="indefinite" wd="un"/>
            </spec>
            <grup.nom gen="m" num="s">
              <n gen="m" lem="hombre" num="s" pos="ncms000" postype="common" sense="16:07391044" wd="hombre"/>
              <sp>
                <prep>
                  <s lem="sin" pos="sps00" postype="preposition" wd="sin"/>
                </prep>
                <sn>
                  <grup.nom gen="m" num="p">
                    <n gen="m" lem="escrúpulo" num="p" pos="ncmp000" postype="common" sense="16:04572358" wd="escrúpulos"/>
                  </grup.nom>
                </sn>
              </sp>
              <sn>
                <f lem="(" pos="fpa" punct="bracket" punctenclose="open" wd="("/>
                <spec gen="m" num="s">
                  <d gen="m" lem="uno" num="s" pos="di0ms0" postype="indefinite" wd="un"/>
                </spec>
                <grup.nom gen="f" num="s">
                  <n gen="f" lem="alma" num="s" pos="ncfs000" postype="common" sense="16:07594286" wd="alma"/>
                  <sp>
                    <prep>
                      <s lem="sin" pos="sps00" postype="preposition" wd="sin"/>
                    </prep>
                    <sn>
                      <grup.nom gen="f" num="s">
                        <n gen="f" lem="conciencia" num="s" pos="ncfs000" postype="common" sense="16:04386907" wd="conciencia"/>
                      </grup.nom>
                    </sn>
                  </sp>
                  <sp>
                    <f lem="," pos="fc" punct="comma" wd=","/>
                    <prep>
                      <c lem="como" pos="cs" postype="subordinating" wd="como"/>
                    </prep>
                    <sn>
                      <spec gen="m" num="s">
                        <d gen="m" lem="el" num="s" pos="da0ms0" postype="article" wd="el"/>
                      </spec>
                      <grup.nom gen="m" num="s">
                        <s.a gen="m" num="s">
                          <grup.a gen="m" num="s">
                            <a gen="m" lem="nefasto" num="s" pos="aq0ms0" postype="qualificative" wd="nefasto"/>
                          </grup.a>
                        </s.a>
                        <n gen="m" lem="título" num="s" pos="ncms000" postype="common" sense="16:04782793" wd="título"/>
                        <s.a gen="m" num="s">
                          <grup.a gen="m" num="s">
                            <a gen="m" lem="español" num="s" pos="aq0ms0" postype="qualificative" wd="español"/>
                          </grup.a>
                        </s.a>
                        <sp>
                          <prep>
                            <s lem="de" pos="sps00" postype="preposition" wd="de"/>
                          </prep>
                          <sn entityref="ne" ne="other">
                            <spec gen="f" num="s">
                              <d gen="f" lem="el" num="s" pos="da0fs0" postype="article" wd="la"/>
                            </spec>
                            <grup.nom gen="f" num="s">
                              <n gen="f" lem="película" num="s" pos="ncfs000" postype="common" sense="16:04960631" wd="película"/>
                              <sp>
                                <prep>
                                  <s lem="de" pos="sps00" postype="preposition" wd="de"/>
                                </prep>
                                <sn entityref="ne" ne="person">
                                  <grup.nom gen="m" num="s">
                                    <n lem="Fellini" ne="person" pos="np0000p" postype="proper" sense="16:cs1" wd="Fellini"/>
                                  </grup.nom>
                                </sn>
                              </sp>
                            </grup.nom>
                          </sn>
                        </sp>
                      </grup.nom>
                    </sn>
                  </sp>
                </grup.nom>
                <f lem=")" pos="fpt" punct="bracket" punctenclose="close" wd=")"/>
              </sn>
            </grup.nom>
          </sn>
        </sp>
        <f lem="," pos="fc" punct="comma" wd=","/>
      </S>
      <conj conjunctiontype="coordinating">
        <c lem="y" pos="cc" postype="coordinating" wd="y"/>
      </conj>
      <S clausetype="completive">
        <conj conjunctiontype="subordinating">
          <c lem="que" pos="cs" postype="subordinating" wd="que"/>
        </conj>
        <sn arg="arg0" func="suj" tem="agt">
          <spec gen="m" num="s">
            <d gen="m" lem="ese" num="s" pos="dd0ms0" postype="demonstrative" wd="ese"/>
          </spec>
          <grup.nom gen="m" num="s">
            <n gen="m" lem="estrépito" num="s" pos="ncms000" postype="common" sense="16:04418982" wd="estrépito"/>
            <sp>
              <prep>
                <s lem="de" pos="sps00" postype="preposition" wd="de"/>
              </prep>
              <sn complex="yes">
                <grup.nom coord="yes">
                  <grup.nom gen="m" num="p">
                    <n gen="m" lem="aeropuerto" num="p" pos="ncmp000" postype="common" sense="16:02175180" wd="aeropuertos"/>
                  </grup.nom>
                  <conj conjunctiontype="coordinating">
                    <c lem="y" pos="cc" postype="coordinating" wd="y"/>
                  </conj>
                  <grup.nom gen="m" num="p">
                    <n gen="m" lem="cristal" num="p" pos="ncmp000" postype="common" sense="16:06696175" wd="cristales"/>
                    <S clausetype="participle" impersonal="yes">
                      <participi>
                        <a gen="m" lem="roto" num="p" pos="aq0mpp" posfunction="participle" postype="qualificative" wd="rotos"/>
                      </participi>
                    </S>
                  </grup.nom>
                </grup.nom>
              </sn>
            </sp>
          </grup.nom>
        </sn>
        <sadv arg="argM" func="cc" tem="adv">
          <grup.adv>
            <r lem="no" pos="rg" wd="no"/>
          </grup.adv>
        </sadv>
        <grup.verb>
          <v lem="hacer" lss="A21.transitive-agentive-patient" mood="indicative" num="s" person="3" pos="vmip3s0" postype="main" tense="present" wd="hace"/>
        </grup.verb>
        <sadv arg="argM" func="cc" tem="adv">
          <grup.adv>
            <r lem="sino" pos="rg" wd="sino"/>
          </grup.adv>
        </sadv>
        <S arg="arg1" clausetype="completive" func="cd" impersonal="yes" tem="pat">
          <infinitiu>
            <v lem="suplir" lss="A21.transitive-agentive-patient" mood="infinitive" pos="vmn0000" postype="main" wd="suplir"/>
          </infinitiu>
          <sn arg="arg1" func="cd" tem="pat">
            <spec gen="m" num="s">
              <d gen="m" lem="el" num="s" pos="da0ms0" postype="article" wd="el"/>
            </spec>
            <grup.nom gen="m" num="s">
              <n gen="m" lem="vacío" num="s" pos="ncms000" postype="common" sense="16:10024042" wd="vacío"/>
              <s.a gen="m" num="s">
                <grup.a gen="m" num="s">
                  <a gen="c" lem="existente" num="s" pos="aq0cs0" postype="qualificative" wd="existente"/>
                </grup.a>
              </s.a>
            </grup.nom>
          </sn>
        </S>
      </S>
    </S>
    <f lem="." pos="fp" punct="period" wd="."/>
  </sentence>
  <sentence>
    <f lem="-" pos="fg" punct="hyphen" wd="-"/>
    <morfema.pronominal>
      <p gen="c" lem="él" num="c" person="3" pos="p0300000" wd="Se"/>
    </morfema.pronominal>
    <grup.verb>
      <v lem="acordar" lss="A22.transitive-agentive-theme" mood="indicative" num="p" person="3" pos="vmip3p0" postype="main" tense="present" wd="acuerdan"/>
    </grup.verb>
    <sn arg="arg0" func="suj" tem="agt">
      <grup.nom num="p">
        <p gen="c" lem="tú" num="p" person="2" polite="yes" pos="pp2cp00p" postype="personal" wd="ustedes"/>
      </grup.nom>
    </sn>
    <sp arg="arg1" func="creg" tem="tem">
      <prep>
        <s lem="de" pos="sps00" postype="preposition" wd="de"/>
      </prep>
      <sn>
        <grup.nom num="s">
          <p gen="c" lem="ese" num="s" pos="pd0ns000" postype="demonstrative" wd="eso"/>
          <S clausetype="relative">
            <relatiu arg="arg1" func="suj" tem="tem">
              <p gen="c" lem="que" num="c" pos="pr0cn000" postype="relative" wd="que"/>
            </relatiu>
            <morfema.pronominal>
              <p gen="c" lem="él" num="c" person="3" pos="p0300000" wd="se"/>
            </morfema.pronominal>
            <grup.verb>
              <v lem="llamar" lss="C21.state-attributive" mood="indicative" num="s" person="3" pos="vmii3s0" postype="main" tense="imperfect" wd="llamaba"/>
            </grup.verb>
            <sn arg="arg2" func="cpred" predicate="suj" tem="atr">
              <spec gen="f" num="s">
                <d gen="f" lem="el" num="s" pos="da0fs0" postype="article" wd="la"/>
              </spec>
              <grup.nom gen="f" num="s">
                <n gen="f" lem="voz" num="s" pos="ncfs000" postype="common" sense="16:03893274" wd="voz"/>
                <sp>
                  <prep>
                    <s lem="de" pos="sps00" postype="preposition" wd="de"/>
                  </prep>
                  <sn>
                    <spec gen="f" num="s">
                      <d gen="f" lem="el" num="s" pos="da0fs0" postype="article" wd="la"/>
                    </spec>
                    <grup.nom gen="f" num="s">
                      <n gen="f" lem="conciencia" num="s" pos="ncfs000" postype="common" sense="16:04386907" wd="conciencia"/>
                    </grup.nom>
                  </sn>
                </sp>
              </grup.nom>
            </sn>
          </S>
        </grup.nom>
      </sn>
    </sp>
    <f lem="?" pos="fit" punct="questionmark" punctenclose="close" wd="?"/>
  </sentence>
  <sentence coord="yes">
    <S>
      <sn arg="arg0" func="suj" tem="agt">
        <grup.nom num="s">
          <p case="nominative" gen="c" lem="yo" num="s" person="1" pos="pp1csn00" postype="personal" wd="Yo"/>
        </grup.nom>
      </sn>
      <grup.verb>
        <v lem="tardar" lss="A23.transitive-agentive-extension" mood="indicative" num="s" person="1" pos="vmis1s0" postype="main" tense="past" wd="tardé"/>
      </grup.verb>
      <sn arg="arg1" func="cd" functype="quantitative" tem="ext">
        <spec gen="m" num="s">
          <d gen="m" lem="mucho" num="s" pos="di0ms0" postype="indefinite" wd="mucho"/>
        </spec>
        <grup.nom gen="m" num="s">
          <n gen="m" lem="tiempo" num="s" pos="ncms000" postype="common" sense="16:00015594" wd="tiempo"/>
        </grup.nom>
      </sn>
      <sp arg="arg2" func="creg" tem="tem">
        <prep>
          <s lem="en" pos="sps00" postype="preposition" wd="en"/>
        </prep>
        <S clausetype="completive" impersonal="yes">
          <infinitiu>
            <v lem="enterar" lss="B22.unaccusative-passive-transitive" mood="infinitive" pos="vmn0000" postype="main" wd="enterarme"/>
          </infinitiu>
          <sp arg="arg2" coord="yes" func="creg" tem="tem">
            <sp>
              <prep>
                <s lem="de" pos="sps00" postype="preposition" wd="de"/>
              </prep>
              <S clausetype="completive">
                <conj conjunctiontype="subordinating">
                  <c lem="que" pos="cs" postype="subordinating" wd="que"/>
                </conj>
                <neg func="mod">
                  <r lem="no" pos="rn" postype="negative" wd="no"/>
                </neg>
                <grup.verb>
                  <v lem="haber" lss="C11.state-existential" mood="indicative" num="s" person="3" pos="vaii3s0" postype="auxiliary" tense="imperfect" wd="había"/>
                </grup.verb>
                <sn arg="arg1" func="cd" functype="quantitative" tem="tem">
                  <spec gen="f" num="s">
                    <d gen="c" lem="tal" num="s" pos="dd0cs0" postype="demonstrative" wd="tal"/>
                  </spec>
                  <grup.nom gen="f" num="s">
                    <n gen="f" lem="voz" num="s" pos="ncfs000" postype="common" sense="16:03893274" wd="voz"/>
                  </grup.nom>
                </sn>
              </S>
            </sp>
            <f lem="," pos="fc" punct="comma" wd=","/>
            <sp>
              <prep>
                <s lem="de" pos="sps00" postype="preposition" wd="de"/>
              </prep>
              <S clausetype="completive">
                <conj conjunctiontype="subordinating">
                  <c lem="que" pos="cs" postype="subordinating" wd="que"/>
                </conj>
                <morfema.verbal func="impers">
                  <p gen="c" lem="se" num="c" pos="p0000000" wd="se"/>
                </morfema.verbal>
                <grup.verb>
                  <v lem="tratar" lss="A21.transitive-agentive-patient" mood="indicative" num="s" person="3" pos="vmii3s0" postype="main" tense="imperfect" wd="trataba"/>
                </grup.verb>
                <sadv arg="argM" func="cc" tem="mnr">
                  <grup.adv>
                    <r lem="sólo" pos="rg" wd="sólo"/>
                  </grup.adv>
                </sadv>
                <sp arg="arg2" func="creg" tem="atr">
                  <prep>
                    <s lem="de" pos="sps00" postype="preposition" wd="de"/>
                  </prep>
                  <sn>
                    <spec gen="f" num="s">
                      <d gen="f" lem="uno" num="s" pos="di0fs0" postype="indefinite" wd="una"/>
                    </spec>
                    <grup.nom gen="f" num="s">
                      <s.a gen="f" num="s">
                        <grup.a gen="f" num="s">
                          <a gen="f" lem="viejo" num="s" pos="aq0fs0" postype="qualificative" wd="vieja"/>
                        </grup.a>
                      </s.a>
                      <n gen="f" lem="metáfora" num="s" pos="ncfs000" postype="common" sense="16:05317845" wd="metáfora"/>
                    </grup.nom>
                  </sn>
                </sp>
              </S>
            </sp>
          </sp>
        </S>
      </sp>
      <f lem="," pos="fc" punct="comma" wd=","/>
    </S>
    <conj conjunctiontype="coordinating">
      <c lem="y" pos="cc" postype="coordinating" wd="y"/>
    </conj>
    <S>
      <S arg="argM" clausetype="adverbial" func="cc" tem="adv">
        <conj conjunctiontype="subordinating">
          <c lem="como" pos="cs" postype="subordinating" wd="como"/>
        </conj>
        <sn arg="arg0" elliptic="yes" func="suj" tem="agt"/>
        <sadv arg="argM" func="cc" tem="tmp">
          <grup.adv>
            <r lem="nunca" pos="rg" wd="nunca"/>
          </grup.adv>
        </sadv>
        <grup.verb>
          <v lem="lograr" lss="A21.transitive-agentive-patient" mood="indicative" num="s" person="1" pos="vmii1s0" postype="main" tense="imperfect" wd="lograba"/>
        </grup.verb>
        <S arg="arg1" clausetype="completive" func="cd" impersonal="yes" tem="pat">
          <infinitiu>
            <v lem="escuchar" lss="A21.transitive-agentive-patient" mood="infinitive" pos="vmn0000" postype="main" wd="escuchar"/>
          </infinitiu>
          <sp arg="arg1" func="cd" tem="pat">
            <prep>
              <s lem="a" pos="sps00" postype="preposition" wd="a"/>
            </prep>
            <sn>
              <grup.nom gen="m" num="s">
                <p gen="c" lem="nadie" num="s" pos="pi0cs000" postype="indefinite" wd="nadie"/>
                <S clausetype="relative">
                  <relatiu arg="arg0" func="suj" tem="agt">
                    <p gen="c" lem="que" num="c" pos="pr0cn000" postype="relative" wd="que"/>
                  </relatiu>
                  <grup.verb>
                    <v lem="hablar" lss="A21.transitive-agentive-patient" mood="subjunctive" num="s" person="3" pos="vmsi3s0" postype="main" tense="imperfect" wd="hablara"/>
                  </grup.verb>
                  <sp arg="argM" func="cc" tem="loc">
                    <prep>
                      <s lem="dentro_de" pos="sps00" postype="preposition" wd="dentro_de"/>
                    </prep>
                    <sn>
                      <grup.nom num="s">
                        <p case="oblique" gen="c" lem="yo" num="s" person="1" pos="pp1cso00" postype="personal" wd="mí"/>
                      </grup.nom>
                    </sn>
                  </sp>
                </S>
              </grup.nom>
            </sn>
          </sp>
        </S>
      </S>
      <sn arg="arg0" elliptic="yes" func="suj" tem="agt"/>
      <sn arg="arg1" func="cd" tem="pat">
        <grup.nom num="s">
          <p gen="c" lem="yo" num="s" person="1" pos="pp1cs000" postype="personal" wd="me"/>
        </grup.nom>
      </sn>
      <grup.verb>
        <v lem="mantener" lss="A21.transitive-agentive-patient" mood="indicative" num="s" person="1" pos="vmis1s0" postype="main" tense="past" wd="mantuve"/>
      </grup.verb>
      <sp arg="argM" func="cc" tem="tmp">
        <prep>
          <s lem="durante" pos="sps00" postype="preposition" wd="durante"/>
        </prep>
        <sn>
          <spec gen="m" num="p">
            <d gen="c" lem="bastante" num="p" pos="di0cp0" postype="indefinite" wd="bastantes"/>
          </spec>
          <grup.nom gen="m" num="p">
            <n gen="m" lem="año" num="p" pos="ncmp000" postype="common" sense="16:10917509" wd="años"/>
          </grup.nom>
        </sn>
      </sp>
      <sp arg="argM" func="cc" tem="adv">
        <prep>
          <s lem="en" pos="sps00" postype="preposition" wd="en"/>
        </prep>
        <sn>
          <spec gen="m" num="s">
            <d gen="m" lem="uno" num="s" pos="di0ms0" postype="indefinite" wd="un"/>
          </spec>
          <grup.nom gen="m" num="s">
            <n gen="m" lem="estado" lexicalid="noun.estado.1.default" num="s" origin="deverbal" pos="ncms000" postype="common" sense="16:00016185" wd="estado"/>
            <sp arg="arg2" func="cn" tem="atr">
              <prep>
                <s lem="de" pos="sps00" postype="preposition" wd="de"/>
              </prep>
              <sn>
                <grup.nom gen="f" num="s">
                  <s.a func="cn" gen="f" num="s">
                    <grup.a gen="f" num="s">
                      <a gen="c" lem="feliz" num="s" pos="aq0cs0" postype="qualificative" wd="feliz"/>
                    </grup.a>
                  </s.a>
                  <n gen="f" lem="inconsciencia" lexicalid="noun.inconsciencia.1.default" num="s" origin="deverbal" pos="ncfs000" postype="common" sense="16:04389749" wd="inconsciencia"/>
                </grup.nom>
              </sn>
            </sp>
          </grup.nom>
        </sn>
      </sp>
    </S>
    <f lem="." pos="fp" punct="period" wd="."/>
  </sentence>
  <sentence coord="yes">
    <S>
      <conj conjunctiontype="coordinating" func="et">
        <c lem="pero" pos="cc" postype="coordinating" wd="Pero"/>
      </conj>
      <sn arg="arg1" func="suj" tem="tem">
        <grup.nom gen="m" num="s">
          <p gen="c" lem="ese" num="s" pos="pd0ns000" postype="demonstrative" wd="eso"/>
        </grup.nom>
      </sn>
      <grup.verb>
        <v lem="ser" lss="C21.state-attributive" mood="indicative" num="s" person="3" pos="vsii3s0" postype="semiauxiliary" tense="imperfect" wd="era"/>
      </grup.verb>
      <sadv arg="argM" func="cc" tem="tmp">
        <grup.adv>
          <r lem="antes" pos="rg" wd="antes"/>
          <sp>
            <prep>
              <s lem="de" pos="sps00" postype="preposition" wd="de"/>
            </prep>
            <S clausetype="completive">
              <conj conjunctiontype="subordinating">
                <c lem="que" pos="cs" postype="subordinating" wd="que"/>
              </conj>
              <sn arg="arg1" elliptic="yes" func="suj" tem="tem"/>
              <grup.verb>
                <v lem="ingresar" lss="B22.unaccusative-passive-transitive" mood="subjunctive" num="p" person="1" pos="vmsi1p0" postype="main" tense="imperfect" wd="ingresáramos"/>
              </grup.verb>
              <sp arg="arg2" func="cc" tem="loc">
                <prep>
                  <s lem="en" pos="sps00" postype="preposition" wd="en"/>
                </prep>
                <sn>
                  <spec gen="m" num="s">
                    <d gen="m" lem="el" num="s" pos="da0ms0" postype="article" wd="el"/>
                  </spec>
                  <grup.nom gen="m" num="s">
                    <n gen="m" lem="reino" num="s" pos="ncms000" postype="common" sense="16:06335258" wd="reino"/>
                    <sp>
                      <prep>
                        <s lem="de" pos="sps00" postype="preposition" wd="de"/>
                      </prep>
                      <sn>
                        <spec gen="f" num="s">
                          <d gen="f" lem="el" num="s" pos="da0fs0" postype="article" wd="la"/>
                        </spec>
                        <grup.nom gen="f" num="s">
                          <s.a gen="f" num="s">
                            <grup.a gen="f" num="s">
                              <a gen="f" lem="alto" num="s" pos="aq0fs0" postype="qualificative" wd="alta"/>
                            </grup.a>
                          </s.a>
                          <n gen="f" lem="tecnología" num="s" pos="ncfs000" postype="common" sense="16:00607693" wd="tecnología"/>
                        </grup.nom>
                      </sn>
                    </sp>
                  </grup.nom>
                </sn>
              </sp>
            </S>
          </sp>
        </grup.adv>
      </sadv>
    </S>
    <conj conjunctiontype="coordinating">
      <c lem="y" pos="cc" postype="coordinating" wd="y"/>
    </conj>
    <S>
      <sn arg="arg0" func="suj" tem="agt">
        <grup.nom num="s">
          <p case="nominative" gen="c" lem="yo" num="s" person="1" pos="pp1csn00" postype="personal" wd="yo"/>
        </grup.nom>
      </sn>
      <grup.verb>
        <v lem="creer" lss="A21.transitive-agentive-patient" mood="indicative" num="s" person="1" pos="vmip1s0" postype="main" tense="present" wd="creo"/>
      </grup.verb>
      <S arg="arg1" clausetype="completive" func="cd" tem="pat">
        <conj conjunctiontype="subordinating">
          <c lem="que" pos="cs" postype="subordinating" wd="que"/>
        </conj>
        <sadv arg="argM" func="cc" tem="tmp">
          <grup.adv>
            <r lem="ahora" pos="rg" wd="ahora"/>
          </grup.adv>
        </sadv>
        <sn arg="arg1" func="cd" tem="pat">
          <spec gen="m" num="p">
            <d gen="m" lem="el" num="p" pos="da0mp0" postype="article" wd="los"/>
          </spec>
          <grup.nom gen="m" num="p">
            <n gen="m" lem="mandato" num="p" pos="ncmp000" postype="common" sense="16:00739358" wd="mandatos"/>
            <sp>
              <prep>
                <s lem="de" pos="sps00" postype="preposition" wd="de"/>
              </prep>
              <sn>
                <spec gen="f" num="s">
                  <d gen="f" lem="el" num="s" pos="da0fs0" postype="article" wd="la"/>
                </spec>
                <grup.nom gen="f" num="s">
                  <n gen="f" lem="conciencia" num="s" pos="ncfs000" postype="common" sense="16:04386907" wd="conciencia"/>
                </grup.nom>
              </sn>
            </sp>
          </grup.nom>
        </sn>
        <sn arg="arg0" elliptic="yes" func="suj" tem="agt"/>
        <sn arg="arg1" func="cd" tem="pat">
          <grup.nom gen="m" num="p">
            <p case="accusative" gen="m" lem="él" num="p" person="3" pos="pp3mpa00" postype="personal" wd="los"/>
          </grup.nom>
        </sn>
        <grup.verb>
          <v lem="recibir" lss="A21.transitive-agentive-patient" mood="indicative" num="s" person="1" pos="vmip1s0" postype="main" tense="present" wd="recibo"/>
        </grup.verb>
        <sp arg="argM" coord="yes" func="cc" tem="adv">
          <sp>
            <prep>
              <s lem="por" pos="sps00" postype="preposition" wd="por"/>
            </prep>
            <sn>
              <grup.nom gen="m" num="s">
                <n gen="m" lem="teletexto" num="s" pos="ncms000" postype="common" sense="16:cs1" wd="teletexto"/>
              </grup.nom>
            </sn>
          </sp>
          <conj conjunctiontype="coordinating">
            <c lem="o" pos="cc" postype="coordinating" wd="o"/>
          </conj>
          <sp>
            <prep>
              <s lem="por" pos="sps00" postype="preposition" wd="por"/>
            </prep>
            <sn>
              <grup.nom gen="m" num="s">
                <n gen="m" lem="fax" num="c" pos="ncmn000" postype="common" sense="16:50004006" wd="fax"/>
              </grup.nom>
            </sn>
          </sp>
        </sp>
      </S>
    </S>
    <f lem="." pos="fp" punct="period" wd="."/>
  </sentence>
  <sentence coord="yes">
    <S>
      <conj conjunctiontype="coordinating" func="et">
        <c lem="y" pos="cc" postype="coordinating" wd="Y"/>
      </conj>
      <grup.verb>
        <v lem="ser" lss="C21.state-attributive" mood="indicative" num="s" person="3" pos="vsip3s0" postype="semiauxiliary" tense="present" wd="es"/>
      </grup.verb>
      <S arg="arg2" clausetype="completive" func="atr" tem="atr">
        <conj conjunctiontype="subordinating">
          <c lem="que" pos="cs" postype="subordinating" wd="que"/>
        </conj>
        <sadv arg="argM" func="cc" tem="tmp">
          <grup.adv>
            <r lem="ahora" pos="rg" wd="ahora"/>
          </grup.adv>
        </sadv>
        <sn arg="arg1" func="suj" tem="tem">
          <spec gen="m" num="p">
            <d gen="m" lem="el" num="p" pos="da0mp0" postype="article" wd="los"/>
          </spec>
          <grup.nom gen="m" num="p">
            <n gen="m" lem="oído" num="p" pos="ncmp000" postype="common" sense="16:04128276" wd="oídos"/>
          </grup.nom>
        </sn>
        <grup.verb>
          <v lem="parecer" lss="C42.state-experiencer" mood="indicative" num="p" person="3" pos="vmip3p0" postype="main" tense="present" wd="parecen"/>
        </grup.verb>
        <S arg="arg2" clausetype="participle" func="atr" impersonal="yes" tem="atr">
          <participi>
            <a gen="m" lem="hecho" lss="B22.unaccusative-passive-transitive" num="p" pos="aq0mpp" posfunction="participle" postype="qualificative" wd="hechos"/>
          </participi>
          <sp arg="argM" func="cc" tem="fin">
            <prep>
              <s lem="para" pos="sps00" postype="preposition" wd="para"/>
            </prep>
            <S clausetype="completive" impersonal="yes">
              <infinitiu>
                <v lem="acomodar" lss="A21.transitive-agentive-patient" mood="infinitive" pos="vmn0000" postype="main" wd="acomodar"/>
              </infinitiu>
              <sn arg="arg1" func="cd" tem="pat">
                <spec gen="m" num="p">
                  <d gen="m" lem="el" num="p" pos="da0mp0" postype="article" wd="los"/>
                </spec>
                <grup.nom gen="m" num="s">
                  <n gen="m" lem="walkman" num="s" pos="ncms000" postype="common" sense="16:cs1" wd="walkman"/>
                </grup.nom>
              </sn>
            </S>
          </sp>
        </S>
      </S>
      <f lem="," pos="fc" punct="comma" wd=","/>
    </S>
    <conj conjunctiontype="coordinating">
      <c lem="y" pos="cc" postype="coordinating" wd="y"/>
    </conj>
    <S>
      <grup.verb>
        <v lem="ser" lss="C21.state-attributive" mood="indicative" num="p" person="3" pos="vsip3p0" postype="semiauxiliary" tense="present" wd="son"/>
      </grup.verb>
      <sn arg="arg1" func="suj" tem="tem">
        <grup.nom gen="m" num="p">
          <p gen="m" lem="este" num="p" pos="pd0mp000" postype="demonstrative" wd="éstos"/>
        </grup.nom>
      </sn>
      <sn arg="arg2" func="atr" tem="atr">
        <spec gen="m" num="p">
          <d gen="m" lem="el" num="p" pos="da0mp0" postype="article" wd="los"/>
        </spec>
        <grup.nom gen="m" num="p">
          <S clausetype="relative">
            <relatiu arg="arg0" func="suj" tem="agt">
              <p gen="c" lem="que" num="c" pos="pr0cn000" postype="relative" wd="que"/>
            </relatiu>
            <sn arg="arg2" func="ci" tem="ben">
              <grup.nom num="p">
                <p gen="c" lem="yo" num="p" person="1" pos="pp1cp000" postype="personal" wd="nos"/>
              </grup.nom>
            </sn>
            <grup.verb>
              <v lem="proporcionar" lss="A32.ditransitive-patient-benefactive" mood="indicative" num="p" person="3" pos="vmip3p0" postype="main" tense="present" wd="proporcionan"/>
            </grup.verb>
            <sn arg="arg1" func="cd" tem="pat">
              <spec gen="m" num="s">
                <d gen="c" lem="su" num="s" person="3" pos="dp3cs0" postype="possessive" wd="su"/>
              </spec>
              <grup.nom gen="m" num="s">
                <s.a gen="m" num="s">
                  <grup.a gen="m" num="s">
                    <a gen="c" lem="peculiar" num="s" pos="aq0cs0" postype="qualificative" wd="peculiar"/>
                  </grup.a>
                </s.a>
                <n gen="m" lem="tinnitus" num="c" pos="ncmn000" postype="common" sense="16:cs1" wd="tinnitus"/>
              </grup.nom>
            </sn>
          </S>
        </grup.nom>
      </sn>
    </S>
    <f lem="." pos="fp" punct="period" wd="."/>
  </sentence>
  <sentence coord="yes">
    <S>
      <sn arg="arg1" func="suj" tem="tem">
        <spec gen="f" num="s">
          <d gen="f" lem="el" num="s" pos="da0fs0" postype="article" wd="La"/>
        </spec>
        <grup.nom gen="f" num="s">
          <n gen="f" lem="rata" num="s" pos="ncfs000" postype="common" sense="16:01832886" wd="rata"/>
        </grup.nom>
      </sn>
      <grup.verb>
        <v lem="ser" lss="C21.state-attributive" mood="indicative" num="s" person="3" pos="vsip3s0" postype="semiauxiliary" tense="present" wd="es"/>
      </grup.verb>
      <sn arg="arg2" func="atr" tem="atr">
        <spec gen="m" num="s">
          <d gen="m" lem="uno" num="s" pos="di0ms0" postype="indefinite" wd="un"/>
        </spec>
        <grup.nom gen="m" num="s">
          <n gen="m" lem="animal" num="s" pos="ncms000" postype="common" sense="16:00008019" wd="animal"/>
          <s.a gen="m" num="s">
            <grup.a gen="m" num="s">
              <a gen="c" lem="clasista" num="s" pos="aq0cs0" postype="qualificative" wd="clasista"/>
            </grup.a>
          </s.a>
        </grup.nom>
      </sn>
      <sp arg="argM" func="cc" tem="adv">
        <prep>
          <s lem="por" pos="sps00" postype="preposition" wd="por"/>
        </prep>
        <sn>
          <grup.nom gen="f" num="s">
            <n gen="f" lem="naturaleza" num="s" pos="ncfs000" postype="common" sense="16:06860237" wd="naturaleza"/>
          </grup.nom>
        </sn>
      </sp>
    </S>
    <f lem="," pos="fc" punct="comma" wd=","/>
    <S>
      <sp arg="argM" func="cc" tem="adv">
        <prep>
          <s lem="hasta" pos="sps00" postype="preposition" wd="hasta"/>
        </prep>
        <sp>
          <prep>
            <s lem="en" pos="sps00" postype="preposition" wd="en"/>
          </prep>
          <sn>
            <grup.nom num="s">
              <p gen="c" lem="ese" num="s" pos="pd0ns000" postype="demonstrative" wd="eso"/>
            </grup.nom>
          </sn>
        </sp>
      </sp>
      <sn arg="arg1" elliptic="yes" func="suj" tem="tem"/>
      <grup.verb>
        <v lem="ser" lss="C21.state-attributive" mood="indicative" num="s" person="3" pos="vsip3s0" postype="semiauxiliary" tense="present" wd="es"/>
      </grup.verb>
      <sa arg="arg2" func="atr" tem="atr">
        <grup.a>
          <a gen="f" lem="asqueroso" num="s" pos="aq0fs0" postype="qualificative" wd="asquerosa"/>
        </grup.a>
      </sa>
    </S>
    <f lem="." pos="fp" punct="period" wd="."/>
  </sentence>
  <sentence coord="yes">
    <S>
      <sn arg="arg0" func="suj" tem="agt">
        <spec gen="f" num="s">
          <d gen="f" lem="el" num="s" pos="da0fs0" postype="article" wd="La"/>
        </spec>
        <grup.nom gen="f" num="s">
          <n gen="f" lem="rata" num="s" pos="ncfs000" postype="common" sense="16:01832886" wd="rata"/>
        </grup.nom>
      </sn>
      <morfema.pronominal>
        <p gen="c" lem="él" num="c" person="3" pos="p0300000" wd="se"/>
      </morfema.pronominal>
      <grup.verb>
        <v lem="arrimar" lss="A22.transitive-agentive-theme" mood="indicative" num="s" person="3" pos="vmip3s0" postype="main" tense="present" wd="arrima"/>
      </grup.verb>
      <sp arg="arg1" coord="yes" func="creg" tem="tem">
        <sp>
          <prep>
            <s lem="a" pos="sps00" postype="preposition" wd="a"/>
          </prep>
          <sn>
            <spec gen="m" num="p">
              <d gen="m" lem="el" num="p" pos="da0mp0" postype="article" wd="los"/>
            </spec>
            <grup.nom gen="m" num="p">
              <n gen="m" lem="rico" num="p" pos="ncmp000" postype="common" sense="16:07533214" wd="ricos"/>
            </grup.nom>
          </sn>
        </sp>
        <f lem="," pos="fc" punct="comma" wd=","/>
        <sp>
          <prep>
            <s lem="a" pos="sps00" postype="preposition" wd="a"/>
          </prep>
          <sn coord="yes">
            <sn>
              <spec gen="f" num="p">
                <d gen="c" lem="su" num="p" person="3" pos="dp3cp0" postype="possessive" wd="sus"/>
              </spec>
              <grup.nom gen="f" num="p">
                <s.a gen="f" num="p">
                  <grup.a gen="f" num="p">
                    <a gen="f" lem="coquetón" num="p" pos="aq0fp0" postype="qualificative" wd="coquetonas"/>
                  </grup.a>
                </s.a>
                <n gen="f" lem="cloaca" num="p" pos="ncfp000" postype="common" sense="16:cs1" wd="cloacas"/>
                <sp>
                  <prep>
                    <s lem="de" pos="sps00" postype="preposition" wd="de"/>
                  </prep>
                  <sn>
                    <grup.nom gen="m" num="s">
                      <s.a gen="m" num="s">
                        <grup.a gen="m" num="s">
                          <a gen="m" lem="alto" num="s" pos="aq0ms0" postype="qualificative" wd="alto"/>
                        </grup.a>
                      </s.a>
                      <n gen="m" lem="standing" num="s" pos="ncms000" postype="common" sense="16:10352475" wd="standing"/>
                    </grup.nom>
                  </sn>
                </sp>
              </grup.nom>
            </sn>
            <conj conjunctiontype="coordinating">
              <c lem="y" pos="cc" postype="coordinating" wd="y"/>
            </conj>
            <sn>
              <spec gen="m" num="s">
                <d gen="c" lem="su" num="s" person="3" pos="dp3cs0" postype="possessive" wd="su"/>
              </spec>
              <grup.nom gen="m" num="s">
                <s.a gen="m" num="s">
                  <grup.a gen="m" num="s">
                    <a gen="c" lem="inagotable" num="s" pos="aq0cs0" postype="qualificative" wd="inagotable"/>
                  </grup.a>
                </s.a>
                <n gen="m" lem="paraíso" num="s" pos="ncms000" postype="common" sense="16:06313922" wd="paraíso"/>
                <sp>
                  <prep>
                    <s lem="de" pos="sps00" postype="preposition" wd="de"/>
                  </prep>
                  <sn>
                    <grup.nom gen="m" num="p">
                      <n gen="m" lem="desperdicio" lexicalid="noun.desperdicio.1.default" num="p" origin="deverbal" pos="ncmp000" postype="common" sense="16:cs1" wd="desperdicios"/>
                    </grup.nom>
                  </sn>
                </sp>
              </grup.nom>
            </sn>
          </sn>
        </sp>
        <f lem="," pos="fc" punct="comma" wd=","/>
        <sp>
          <prep>
            <s lem="a" pos="sps00" postype="preposition" wd="a"/>
          </prep>
          <sn>
            <spec gen="m" num="p">
              <d gen="c" lem="su" num="p" person="3" pos="dp3cp0" postype="possessive" wd="sus"/>
            </spec>
            <grup.nom gen="m" num="p">
              <n gen="m" lem="desecho" num="p" pos="ncmp000" postype="common" sense="16:04463201" wd="desechos"/>
              <s.a coord="yes" gen="m" num="p">
                <s.a gen="m" num="p">
                  <grup.a gen="m" num="p">
                    <a gen="m" lem="apetitoso" num="p" pos="aq0mp0" postype="qualificative" wd="apetitosos"/>
                  </grup.a>
                </s.a>
                <conj conjunctiontype="coordinating">
                  <c lem="y" pos="cc" postype="coordinating" wd="y"/>
                </conj>
                <s.a gen="m" num="p">
                  <grup.a gen="m" num="p">
                    <sn>
                      <spec gen="f" num="p">
                        <d gen="f" lem="tanto" num="p" pos="di0fp0" postype="indefinite" wd="tantas"/>
                      </spec>
                      <grup.nom gen="f" num="p">
                        <n gen="f" lem="vez" num="p" pos="ncfp000" postype="common" sense="16:05449233" wd="veces"/>
                      </grup.nom>
                    </sn>
                    <a gen="m" lem="intacto" num="p" pos="aq0mp0" postype="qualificative" wd="intactos"/>
                  </grup.a>
                </s.a>
              </s.a>
            </grup.nom>
          </sn>
        </sp>
      </sp>
      <f lem="," pos="fc" punct="comma" wd=","/>
    </S>
    <conj conjunctiontype="coordinating">
      <c lem="y" pos="cc" postype="coordinating" wd="y"/>
    </conj>
    <S>
      <sn arg="arg0" elliptic="yes" func="suj" tem="agt"/>
      <grup.verb>
        <v lem="despreciar" lss="A21.transitive-agentive-patient" mood="indicative" num="s" person="3" pos="vmip3s0" postype="main" tense="present" wd="desprecia"/>
      </grup.verb>
      <sn arg="arg1" func="cd" tem="pat">
        <spec gen="f" num="s">
          <d gen="f" lem="el" num="s" pos="da0fs0" postype="article" wd="la"/>
        </spec>
        <grup.nom gen="f" num="s">
          <n gen="f" lem="porquería" num="s" pos="ncfs000" postype="common" sense="16:10657177" wd="porquería"/>
          <s.a gen="f" num="s">
            <spec>
              <r lem="difícilmente" pos="rg" wd="difícilmente"/>
            </spec>
            <grup.a gen="f" num="s">
              <a gen="c" lem="aprovechable" num="s" pos="aq0cs0" postype="qualificative" wd="aprovechable"/>
            </grup.a>
          </s.a>
          <sp>
            <prep>
              <s lem="de" pos="sps00" postype="preposition" wd="de"/>
            </prep>
            <sn coord="yes">
              <sn coord="yes">
                <sn>
                  <spec gen="m" num="p">
                    <d gen="m" lem="el" num="p" pos="da0mp0" postype="article" wd="los"/>
                  </spec>
                  <grup.nom gen="m" num="p">
                    <n gen="c" lem="pobre" num="p" pos="nccp000" postype="common" sense="16:07487883" wd="pobres"/>
                  </grup.nom>
                </sn>
                <conj conjunctiontype="coordinating">
                  <c lem="y" pos="cc" postype="coordinating" wd="y"/>
                </conj>
                <sn>
                  <spec gen="m" num="p">
                    <d gen="m" lem="el" num="p" pos="da0mp0" postype="article" wd="los"/>
                  </spec>
                  <grup.nom gen="m" num="p">
                    <n gen="m" lem="muerto" num="p" pos="ncmp000" postype="common" sense="16:07203851" wd="muertos"/>
                    <sp>
                      <prep>
                        <s lem="de" pos="sps00" postype="preposition" wd="de"/>
                      </prep>
                      <sn>
                        <grup.nom gen="f" num="s">
                          <n gen="f" lem="hambre" num="s" pos="ncfs000" postype="common" sense="16:10112984" wd="hambre"/>
                        </grup.nom>
                      </sn>
                    </sp>
                  </grup.nom>
                </sn>
              </sn>
              <S adjunct="yes" clausetype="relative">
                <f lem="," pos="fc" punct="comma" wd=","/>
                <sp arg="argM" func="cc" tem="loc">
                  <prep>
                    <s lem="en" pos="sps00" postype="preposition" wd="en"/>
                  </prep>
                  <sn>
                    <relatiu gen="f" num="p">
                      <p gen="f" lem="cuyo" num="p" pos="pr0fp000" postype="relative" wd="cuyas"/>
                    </relatiu>
                    <grup.nom gen="f" num="p">
                      <n gen="f" lem="alcantarilla" num="p" pos="ncfp000" postype="common" sense="16:02533070" wd="alcantarillas"/>
                      <s.a coord="yes" gen="f" num="p">
                        <s.a gen="f" num="p">
                          <grup.a gen="f" num="p">
                            <a gen="c" lem="inhabitable" num="p" pos="aq0cp0" postype="qualificative" wd="inhabitables"/>
                          </grup.a>
                        </s.a>
                        <conj conjunctiontype="coordinating">
                          <c lem="y" pos="cc" postype="coordinating" wd="y"/>
                        </conj>
                        <sp>
                          <prep>
                            <s lem="sin" pos="sps00" postype="preposition" wd="sin"/>
                          </prep>
                          <sn>
                            <grup.nom gen="m" num="s">
                              <n gen="m" lem="glamour" num="s" pos="ncms000" postype="common" sense="16:03691006" wd="glamour"/>
                            </grup.nom>
                          </sn>
                        </sp>
                      </s.a>
                    </grup.nom>
                  </sn>
                </sp>
                <sadv arg="argM" func="cc" tem="tmp">
                  <grup.adv>
                    <r lem="nunca" pos="rg" wd="nunca"/>
                  </grup.adv>
                </sadv>
                <morfema.verbal func="pass">
                  <p gen="c" lem="se" num="c" pos="p0000000" wd="se"/>
                </morfema.verbal>
                <grup.verb>
                  <v lem="encontrar" lss="B22.unaccusative-passive-transitive" mood="indicative" num="s" person="3" pos="vmip3s0" postype="main" tense="present" wd="encuentra"/>
                </grup.verb>
                <sn arg="arg1" func="suj" tem="pat">
                  <spec gen="f" num="p">
                    <d gen="f" lem="uno" num="p" pos="di0fp0" postype="indefinite" wd="unas"/>
                  </spec>
                  <grup.nom gen="f" num="p">
                    <s.a gen="f" num="p">
                      <grup.a gen="f" num="p">
                        <a gen="c" lem="triste" num="p" pos="aq0cp0" postype="qualificative" wd="tristes"/>
                      </grup.a>
                    </s.a>
                    <n gen="f" lem="monda" num="p" pos="ncfp000" postype="common" sense="16:cs1" wd="mondas"/>
                    <sp>
                      <prep>
                        <s lem="de" pos="sps00" postype="preposition" wd="de"/>
                      </prep>
                      <sn>
                        <grup.nom gen="f" num="s">
                          <n gen="f" lem="naranja" num="s" pos="ncfs000" postype="common" sense="16:05783752" wd="naranja"/>
                        </grup.nom>
                      </sn>
                    </sp>
                    <S clausetype="relative" impersonal="yes">
                      <relatiu arg="arg0" func="cag" tem="agt">
                        <p gen="c" lem="que" num="c" pos="pr0cn000" postype="relative" wd="que"/>
                      </relatiu>
                      <infinitiu>
                        <v lem="llevar" lss="A31.ditransitive-patient-locative" mood="infinitive" pos="vmn0000" postype="main" wd="llevarse"/>
                      </infinitiu>
                      <sp arg="arg2" func="cc" tem="loc">
                        <prep>
                          <s lem="a" pos="sps00" postype="preposition" wd="a"/>
                        </prep>
                        <sn>
                          <spec gen="f" num="s">
                            <d gen="f" lem="el" num="s" pos="da0fs0" postype="article" wd="la"/>
                          </spec>
                          <grup.nom gen="f" num="s">
                            <n gen="f" lem="boca" num="s" pos="ncfs000" postype="common" sense="16:04115147" wd="boca"/>
                          </grup.nom>
                        </sn>
                      </sp>
                    </S>
                  </grup.nom>
                </sn>
              </S>
            </sn>
          </sp>
        </grup.nom>
      </sn>
    </S>
    <f lem="." pos="fp" punct="period" wd="."/>
  </sentence>
  <sentence coord="yes">
    <S>
      <sn arg="arg1" func="suj" tem="tem">
        <grup.nom gen="m" num="s">
          <p gen="c" lem="lo_suyo" num="s" person="3" pos="px3ns000" postype="possessive" wd="Lo_suyo"/>
          <sn>
            <f lem="," pos="fc" punct="comma" wd=","/>
            <grup.nom gen="m" num="s">
              <d gen="c" lem="el" num="s" pos="da0ns0" postype="article" wd="lo"/>
              <sp>
                <prep>
                  <s lem="de" pos="sps00" postype="preposition" wd="de"/>
                </prep>
                <sn>
                  <spec gen="f" num="p">
                    <d gen="f" lem="el" num="p" pos="da0fp0" postype="article" wd="las"/>
                  </spec>
                  <grup.nom gen="f" num="p">
                    <n gen="f" lem="rata" num="p" pos="ncfp000" postype="common" sense="16:01832886" wd="ratas"/>
                  </grup.nom>
                </sn>
              </sp>
            </grup.nom>
            <f lem="," pos="fc" punct="comma" wd=","/>
          </sn>
        </grup.nom>
      </sn>
      <neg func="mod">
        <r lem="no" pos="rn" postype="negative" wd="no"/>
      </neg>
      <grup.verb>
        <v lem="ser" lss="C21.state-attributive" mood="indicative" num="s" person="3" pos="vsip3s0" postype="semiauxiliary" tense="present" wd="es"/>
      </grup.verb>
      <sn arg="arg2" func="atr" tem="atr">
        <spec gen="f" num="s">
          <d gen="f" lem="el" num="s" pos="da0fs0" postype="article" wd="la"/>
        </spec>
        <grup.nom gen="f" num="s">
          <n gen="f" lem="carroña" num="s" pos="ncfs000" postype="common" sense="16:05695799" wd="carroña"/>
          <s.a complex="yes" gen="f" num="s">
            <grup.a coord="yes" gen="f" num="s">
              <grup.a gen="f" num="s">
                <a gen="f" lem="puro" num="s" pos="aq0fs0" postype="qualificative" wd="pura"/>
              </grup.a>
              <conj conjunctiontype="coordinating">
                <c lem="y" pos="cc" postype="coordinating" wd="y"/>
              </conj>
              <grup.a gen="f" num="s">
                <a gen="f" lem="duro" num="s" pos="aq0fs0" postype="qualificative" wd="dura"/>
              </grup.a>
            </grup.a>
          </s.a>
        </grup.nom>
      </sn>
    </S>
    <conj conjunctiontype="coordinating">
      <c lem="sino" pos="cc" postype="coordinating" wd="sino"/>
    </conj>
    <S verbless="yes">
      <sn coord="yes">
        <sn>
          <spec gen="f" num="s">
            <d gen="f" lem="el" num="s" pos="da0fs0" postype="article" wd="la"/>
          </spec>
          <grup.nom gen="f" num="s">
            <n gen="f" lem="vida" num="s" pos="ncfs000" postype="common" sense="16:10060845" wd="vida"/>
            <S clausetype="participle" impersonal="yes">
              <participi>
                <a gen="f" lem="regalado" num="s" pos="aq0fsp" posfunction="participle" postype="qualificative" wd="regalada"/>
              </participi>
            </S>
          </grup.nom>
        </sn>
        <f lem="," pos="fc" punct="comma" wd=","/>
        <sn>
          <spec gen="m" num="s">
            <d gen="m" lem="el" num="s" pos="da0ms0" postype="article" wd="el"/>
          </spec>
          <grup.nom gen="m" num="s">
            <s.a gen="m" num="s">
              <grup.a gen="m" num="s">
                <a gen="m" lem="eterno" num="s" pos="aq0ms0" postype="qualificative" wd="eterno"/>
              </grup.a>
            </s.a>
            <n gen="m" lem="banquete" num="s" pos="ncms000" postype="common" sense="16:05631002" wd="banquete"/>
            <sp>
              <prep>
                <s lem="de" pos="sps00" postype="preposition" wd="de"/>
              </prep>
              <sn complex="yes">
                <grup.nom coord="yes">
                  <grup.nom gen="f" num="p">
                    <n gen="f" lem="sobra" lexicalid="noun.sobra.1.default" num="p" origin="deverbal" pos="ncfp000" postype="common" sense="16:03989688" wd="sobras"/>
                  </grup.nom>
                  <conj conjunctiontype="coordinating">
                    <c lem="y" pos="cc" postype="coordinating" wd="y"/>
                  </conj>
                  <grup.nom gen="m" num="p">
                    <n gen="m" lem="residuo" num="p" pos="ncmp000" postype="common" sense="16:10655982" wd="residuos"/>
                  </grup.nom>
                </grup.nom>
              </sn>
            </sp>
          </grup.nom>
        </sn>
        <f lem="," pos="fc" punct="comma" wd=","/>
        <sn>
          <spec gen="m" num="s">
            <d gen="m" lem="el" num="s" pos="da0ms0" postype="article" wd="el"/>
          </spec>
          <grup.nom gen="m" num="s">
            <n gen="m" lem="festín" num="s" pos="ncms000" postype="common" sense="16:05631002" wd="festín"/>
            <S clausetype="participle" impersonal="yes">
              <participi>
                <a gen="m" lem="organizado" lss="B22.unaccusative-passive-transitive" num="s" pos="aq0msp" posfunction="participle" postype="qualificative" wd="organizado"/>
              </participi>
              <sp arg="argM" func="cc" tem="loc">
                <prep>
                  <s lem="a" pos="sps00" postype="preposition" wd="a"/>
                </prep>
                <sn>
                  <spec gen="f" num="s">
                    <d gen="f" lem="el" num="s" pos="da0fs0" postype="article" wd="la"/>
                  </spec>
                  <grup.nom gen="f" num="s">
                    <n gen="f" lem="sobra" lexicalid="noun.sobra.1.default" num="s" origin="deverbal" pos="ncfs000" postype="common" sense="16:03989688" wd="sobra"/>
                    <sp arg="arg1" func="cn" tem="tem">
                      <prep>
                        <s lem="de" pos="sps00" postype="preposition" wd="de"/>
                      </prep>
                      <sn coord="yes">
                        <sn>
                          <spec gen="f" num="s">
                            <d gen="f" lem="el" num="s" pos="da0fs0" postype="article" wd="la"/>
                          </spec>
                          <grup.nom gen="f" num="s">
                            <n gen="f" lem="abundancia" lexicalid="noun.abundancia.1.default" num="s" origin="deverbal" pos="ncfs000" postype="common" sense="16:10396003" wd="abundancia"/>
                          </grup.nom>
                        </sn>
                        <conj conjunctiontype="coordinating">
                          <c lem="y" pos="cc" postype="coordinating" wd="y"/>
                        </conj>
                        <sn>
                          <spec gen="m" num="s">
                            <d gen="m" lem="el" num="s" pos="da0ms0" postype="article" wd="el"/>
                          </spec>
                          <grup.nom gen="m" num="s">
                            <n gen="m" lem="hartazgo" num="s" pos="ncms000" postype="common" sense="16:00539988" wd="hartazgo"/>
                          </grup.nom>
                        </sn>
                      </sn>
                    </sp>
                  </grup.nom>
                </sn>
              </sp>
            </S>
          </grup.nom>
        </sn>
      </sn>
    </S>
    <f lem="." pos="fp" punct="period" wd="."/>
  </sentence>
  <sentence>
    <sn arg="arg1" func="suj" tem="tem">
      <grup.nom gen="m" num="s">
        <p gen="c" lem="lo_suyo" num="s" person="3" pos="px3ns000" postype="possessive" wd="Lo_suyo"/>
      </grup.nom>
    </sn>
    <grup.verb>
      <v lem="ser" lss="C21.state-attributive" mood="indicative" num="s" person="3" pos="vsip3s0" postype="semiauxiliary" tense="present" wd="es"/>
    </grup.verb>
    <S arg="arg2" clausetype="completive" func="atr" impersonal="yes" tem="atr">
      <infinitiu>
        <v lem="vivir" lss="C11.state-existential" mood="infinitive" pos="vmn0000" postype="main" wd="vivir"/>
      </infinitiu>
      <sp arg="argM" func="cc" tem="adv">
        <prep>
          <s lem="junto_a" pos="sps00" postype="preposition" wd="junto_a"/>
        </prep>
        <sn>
          <spec gen="f" num="s">
            <d gen="f" lem="el" num="s" pos="da0fs0" postype="article" wd="la"/>
          </spec>
          <grup.nom gen="f" num="s">
            <n gen="f" lem="gente" num="s" pos="ncfs000" postype="common" sense="16:05957883" wd="gente"/>
            <s.a gen="f" num="s">
              <grup.a gen="f" num="s">
                <a gen="f" lem="fino" num="s" pos="aq0fs0" postype="qualificative" wd="fina"/>
              </grup.a>
            </s.a>
            <S clausetype="relative">
              <f lem="," pos="fc" punct="comma" wd=","/>
              <relatiu arg="arg0" func="suj" tem="agt">
                <p gen="c" lem="que" num="c" pos="pr0cn000" postype="relative" wd="que"/>
              </relatiu>
              <grup.verb>
                <v lem="comer" lss="A21.transitive-agentive-patient" mood="indicative" num="s" person="3" pos="vmip3s0" postype="main" tense="present" wd="come"/>
              </grup.verb>
              <sadv arg="argM" func="cc" tem="adv">
                <grup.adv>
                  <r lem="sólo" pos="rg" wd="sólo"/>
                </grup.adv>
              </sadv>
              <sn arg="arg1" func="cd" tem="pat">
                <spec gen="f" num="s">
                  <d gen="f" lem="el" num="s" pos="da0fs0" postype="article" wd="la"/>
                </spec>
                <grup.nom gen="f" num="s">
                  <n gen="f" lem="mitad" num="s" pos="ncfs000" postype="common" sense="16:09891093" wd="mitad"/>
                  <sp>
                    <prep>
                      <s lem="de" pos="sps00" postype="preposition" wd="de"/>
                    </prep>
                    <sn>
                      <spec gen="m" num="s">
                        <d gen="c" lem="el" num="s" pos="da0ns0" postype="article" wd="lo"/>
                      </spec>
                      <grup.nom gen="m" num="s">
                        <S clausetype="relative">
                          <relatiu arg="arg1" func="cd" tem="pat">
                            <p gen="c" lem="que" num="c" pos="pr0cn000" postype="relative" wd="que"/>
                          </relatiu>
                          <sn arg="arg0" elliptic="yes" func="suj" tem="agt"/>
                          <grup.verb>
                            <v lem="comprar" lss="A21.transitive-agentive-patient" mood="indicative" num="s" person="3" pos="vmip3s0" postype="main" tense="present" wd="compra"/>
                          </grup.verb>
                        </S>
                      </grup.nom>
                    </sn>
                  </sp>
                </grup.nom>
              </sn>
            </S>
          </grup.nom>
        </sn>
      </sp>
    </S>
    <f lem="." pos="fp" punct="period" wd="."/>
  </sentence>
  <sentence>
    <sn arg="arg0" elliptic="yes" func="suj" tem="agt"/>
    <grup.verb>
      <v lem="decir" lss="A32.ditransitive-patient-benefactive" mood="indicative" num="p" person="3" pos="vmip3p0" postype="main" tense="present" wd="Dicen"/>
    </grup.verb>
    <S arg="arg1" clausetype="completive" coord="yes" func="cd" tem="pat">
      <conj conjunctiontype="subordinating">
        <c lem="que" pos="cs" postype="subordinating" wd="que"/>
      </conj>
      <S clausetype="completive">
        <sp arg="arg2" func="cc" tem="loc">
          <prep>
            <s lem="en" pos="sps00" postype="preposition" wd="en"/>
          </prep>
          <sn>
            <spec gen="m" num="p">
              <d gen="m" lem="el" num="p" pos="da0mp0" postype="article" wd="los"/>
            </spec>
            <grup.nom gen="m" num="p">
              <n gen="m" lem="país" num="p" pos="ncmp000" postype="common" sense="16:06299747" wd="países"/>
              <s.a coord="yes" gen="m" num="p">
                <sadv>
                  <grup.adv>
                    <r lem="más" pos="rg" wd="más"/>
                  </grup.adv>
                </sadv>
                <s.a coord="yes" gen="m" num="p">
                  <s.a gen="m" num="p">
                    <grup.a gen="m" num="p">
                      <a gen="m" lem="próspero" num="p" pos="aq0mp0" postype="qualificative" wd="prósperos"/>
                    </grup.a>
                  </s.a>
                  <conj conjunctiontype="coordinating">
                    <c lem="y" pos="cc" postype="coordinating" wd="y"/>
                  </conj>
                  <S clausetype="participle" impersonal="yes">
                    <participi>
                      <a gen="m" lem="desarrollado" num="p" pos="aq0mpp" posfunction="participle" postype="qualificative" wd="desarrollados"/>
                    </participi>
                  </S>
                </s.a>
              </s.a>
            </grup.nom>
          </sn>
        </sp>
        <grup.verb>
          <v lem="vivir" lss="C11.state-existential" mood="indicative" num="p" person="3" pos="vmip3p0" postype="main" tense="present" wd="viven"/>
        </grup.verb>
        <sadv arg="argM" func="cc" tem="tmp">
          <grup.adv>
            <r lem="ya" pos="rg" wd="ya"/>
          </grup.adv>
        </sadv>
        <sn arg="arg1" func="suj" tem="tem">
          <sn>
            <spec gen="f" num="p">
              <d gen="f" lem="tanto" num="p" pos="di0fp0" postype="indefinite" wd="tantas"/>
            </spec>
            <grup.nom gen="f" num="p">
              <n gen="f" lem="rata" num="p" pos="ncfp000" postype="common" sense="16:01832886" wd="ratas"/>
            </grup.nom>
          </sn>
          <S adjunct="yes" clausesubtype="comparative" clausetype="adverbial" verbless="yes">
            <conj conjunctiontype="subordinating">
              <c lem="como" pos="cs" postype="subordinating" wd="como"/>
            </conj>
            <sn>
              <grup.nom gen="m" num="p">
                <n gen="m" lem="ser" num="p" pos="ncmp000" postype="common" sense="16:00002086" wd="seres"/>
                <s.a gen="m" num="p">
                  <grup.a gen="m" num="p">
                    <a gen="m" lem="humano" num="p" pos="aq0mp0" postype="qualificative" wd="humanos"/>
                  </grup.a>
                </s.a>
              </grup.nom>
            </sn>
          </S>
        </sn>
        <f lem="," pos="fc" punct="comma" wd=","/>
      </S>
      <conj conjunctiontype="coordinating">
        <c lem="y" pos="cc" postype="coordinating" wd="y"/>
      </conj>
      <S clausetype="completive" verbless="yes">
        <sp>
          <prep>
            <s lem="en" pos="sps00" postype="preposition" wd="en"/>
          </prep>
          <sn>
            <grup.nom gen="m" num="p">
              <p gen="m" lem="alguno" num="p" pos="pi0mp000" postype="indefinite" wd="algunos"/>
            </grup.nom>
          </sn>
        </sp>
        <sadv>
          <spec>
            <r lem="incluso" pos="rg" wd="incluso"/>
          </spec>
          <grup.adv>
            <r lem="más" pos="rg" wd="más"/>
          </grup.adv>
        </sadv>
      </S>
    </S>
    <f lem="." pos="fp" punct="period" wd="."/>
  </sentence>
  <sentence verbless="yes">
    <sp>
      <prep>
        <s lem="a" pos="sps00" postype="preposition" wd="A"/>
      </prep>
      <sn>
        <grup.nom gen="f" num="s">
          <s.a gen="f" num="s">
            <grup.a gen="f" num="s">
              <a gen="c" lem="mayor" num="s" pos="aq0cs0" postype="qualificative" wd="mayor"/>
            </grup.a>
          </s.a>
          <n gen="f" lem="riqueza" num="s" pos="ncfs000" postype="common" sense="16:09614312" wd="riqueza"/>
        </grup.nom>
      </sn>
    </sp>
    <sn>
      <grup.nom gen="m" num="s">
        <s.a gen="f" num="s">
          <grup.a gen="f" num="s">
            <a gen="c" lem="mayor" num="s" pos="aq0cs0" postype="qualificative" wd="mayor"/>
          </grup.a>
        </s.a>
        <n gen="m" lem="número" num="s" pos="ncms000" postype="common" sense="16:03990394" wd="número"/>
        <sp>
          <prep>
            <s lem="de" pos="sps00" postype="preposition" wd="de"/>
          </prep>
          <sn>
            <grup.nom gen="f" num="p">
              <n gen="f" lem="rata" num="p" pos="ncfp000" postype="common" sense="16:01832886" wd="ratas"/>
            </grup.nom>
          </sn>
        </sp>
      </grup.nom>
    </sn>
    <f lem="." pos="fp" punct="period" wd="."/>
  </sentence>
  <sentence>
    <f lem="-" pos="fg" punct="hyphen" wd="-"/>
    <grup.verb>
      <v lem="acabar" mood="indicative" num="s" person="3" pos="vmif3s0" postype="main" tense="future" wd="Acabará"/>
      <gerundi>
        <v lem="aceptar" lss="A21.transitive-agentive-patient" mood="gerund" pos="vmg0000" postype="main" wd="aceptándose"/>
      </gerundi>
    </grup.verb>
    <sn arg="arg0" func="suj" tem="agt">
      <spec gen="m" num="s">
        <d gen="m" lem="ese" num="s" pos="dd0ms0" postype="demonstrative" wd="ese"/>
      </spec>
      <grup.nom gen="m" num="s">
        <n gen="m" lem="factor" num="s" pos="ncms000" postype="common" sense="16:05460817" wd="factor"/>
      </grup.nom>
    </sn>
    <sp arg="argM" func="cc" tem="mnr">
      <prep>
        <c lem="como" pos="cs" postype="subordinating" wd="como"/>
      </prep>
      <sn>
        <spec gen="m" num="s">
          <d gen="m" lem="uno" num="s" pos="di0ms0" postype="indefinite" wd="un"/>
        </spec>
        <grup.nom gen="m" num="s">
          <s.a gen="m" num="s">
            <grup.a gen="m" num="s">
              <a gen="m" lem="nuevo" num="s" pos="aq0ms0" postype="qualificative" wd="nuevo"/>
            </grup.a>
          </s.a>
          <n gen="m" lem="índice" num="s" pos="ncms000" postype="common" sense="16:05090749" wd="índice"/>
          <sp>
            <prep>
              <s lem="de" pos="sps00" postype="preposition" wd="de"/>
            </prep>
            <sn>
              <spec gen="f" num="p">
                <d gen="f" lem="el" num="p" pos="da0fp0" postype="article" wd="las"/>
              </spec>
              <grup.nom gen="f" num="p">
                <n gen="f" lem="economía" num="p" pos="ncfp000" postype="common" sense="16:06193947" wd="economías"/>
                <s.a gen="f" num="p">
                  <grup.a gen="f" num="p">
                    <a gen="c" lem="nacional" num="p" pos="aq0cp0" postype="qualificative" wd="nacionales"/>
                  </grup.a>
                </s.a>
              </grup.nom>
            </sn>
          </sp>
        </grup.nom>
      </sn>
    </sp>
    <f lem="?" pos="fit" punct="questionmark" punctenclose="close" wd="?"/>
  </sentence>
</article>
