<?xml version="1.0" encoding="UTF-8"?>
<!-- 

  ancora-2.0
       
			Copyright (C) 2007, 2008, 2009, 2010, 2011 UB - CLiC
			Centre de Llenguatge i Computació - Universitat de Barcelona
 
  This file is part of ancora-2.0.
 
  ancora-2.0 is free software and data: you can redistribute it and/or modify
  it under the terms of the GNU General Public License as published
  by the Free Software Foundation, either version 3 of the License,
  or (at your option) any later version.

  ancora-2.0 is distributed in the hope that it will be useful,
  but WITHOUT ANY WARRANTY; without even the implied warranty of
  MERCHANTABILITY or FITNESS FOR A PARTICULAR PURPOSE.  See the
  GNU General Public License for more details.
 
  You should have received a copy of the GNU General Public License
  along with ancora-2.0.  If not, see &lt;http://www.gnu.org/licenses/&gt;.
 
  Check a text in catalan explaining the terms of the license at http://www.softcatala.cat/wiki/GPL3.
  In spanish at http://www.viti.es/gnu/licenses/gpl.html
 

  The following paper must be cited when using this corpus:

 * Taulé, M., M.A. Martí, M. Recasens (2008) 'Ancora: Multilevel Annotated Corpora for Catalan and Spanish',
   Proceedings of 6th International Conference on Language Resources and Evaluation. Marrakesh (Morocco).

  In addition, the following paper must be cited if coreference information (attributes entity, coreftype,
  corefsubtype, homophoricDD or entityref) is used:

 * Recasens, Marta, M. Antònia Martí (2010) ‘AnCora-CO: Coreferentially annotated corpora for Spanish and
   Catalan’. Language Resources and Evaluation, Springer Science.

  Additionally, the following paper must be cited when argumental attributes in "sn" or "grup.nom"
  (attributes func, arg, tem or lexicalid) are used:

 * Peris, Aina, Mariona Taulé, Horacio Rodríguez (2010) ‘Semantic Annotation of Deverbal Nominalizations in the
   Spanish AnCora corpus’. Treebanks and Linguistic Theories (TLT-2010), Estonia.
-->
<article lng="es">
  <sentence>
    <sn arg="arg0" elliptic="yes" func="suj" tem="agt"/>
    <grup.verb>
      <v lem="conseguir" lss="A21.transitive-agentive-patient" mood="indicative" num="s" person="3" pos="vmis3s0" postype="main" tense="past" wd="Consiguió"/>
    </grup.verb>
    <inc>
      <S>
        <f lem="," pos="fc" punct="comma" wd=","/>
        <sn arg="arg0" elliptic="yes" func="suj" tem="agt"/>
        <sn arg="arg2" func="ci" tem="ben">
          <grup.nom num="s">
            <p gen="c" lem="yo" num="s" person="1" pos="pp1cs000" postype="personal" wd="me"/>
          </grup.nom>
        </sn>
        <grup.verb>
          <v lem="decir" lss="A32.ditransitive-patient-benefactive" mood="indicative" num="p" person="3" pos="vmip3p0" postype="main" tense="present" wd="dicen"/>
        </grup.verb>
        <f lem="," pos="fc" punct="comma" wd=","/>
      </S>
    </inc>
    <S arg="arg1" clausetype="completive" coord="yes" func="cd" impersonal="yes" tem="pat">
      <S clausetype="completive" impersonal="yes">
        <infinitiu>
          <v lem="organizar" lss="A21.transitive-agentive-patient" mood="infinitive" pos="vmn0000" postype="main" wd="organizar"/>
        </infinitiu>
        <sn arg="arg1" func="cd" tem="pat">
          <spec gen="m" num="s">
            <d gen="m" lem="el" num="s" pos="da0ms0" postype="article" wd="el"/>
          </spec>
          <grup.nom gen="m" num="s">
            <n gen="m" lem="suburbio" num="s" pos="ncms000" postype="common" sense="16:06306119" wd="suburbio"/>
          </grup.nom>
        </sn>
        <f lem="," pos="fc" punct="comma" wd=","/>
      </S>
      <conj conjunctiontype="coordinating">
        <c lem="y" pos="cc" postype="coordinating" wd="y"/>
      </conj>
      <S clausetype="completive" impersonal="yes">
        <infinitiu>
          <v lem="sacar" lss="A31.ditransitive-patient-locative" mood="infinitive" pos="vmn0000" postype="main" wd="sacarlo"/>
        </infinitiu>
        <sp arg="arg3" func="cc" tem="ori">
          <prep>
            <s lem="de" pos="sps00" postype="preposition" wd="de"/>
          </prep>
          <sn coord="yes">
            <sn>
              <spec gen="f" num="s">
                <d gen="f" lem="el" num="s" pos="da0fs0" postype="article" wd="la"/>
              </spec>
              <grup.nom gen="f" num="s">
                <n gen="f" lem="violencia" lexicalid="noun.violencia.1.default" num="s" origin="deverbal" pos="ncfs000" postype="common" sense="16:10070833" wd="violencia"/>
              </grup.nom>
            </sn>
            <conj conjunctiontype="coordinating">
              <c lem="y" pos="cc" postype="coordinating" wd="y"/>
            </conj>
            <sn>
              <spec gen="m" num="s">
                <d gen="m" lem="el" num="s" pos="da0ms0" postype="article" wd="el"/>
              </spec>
              <grup.nom gen="m" num="s">
                <n gen="m" lem="salvajismo" num="s" pos="ncms000" postype="common" sense="16:03786594" wd="salvajismo"/>
              </grup.nom>
            </sn>
          </sn>
        </sp>
      </S>
    </S>
    <f lem="." pos="fp" punct="period" wd="."/>
  </sentence>
  <sentence>
    <S>
      <sn arg="arg0" elliptic="yes" func="suj" tem="agt"/>
      <grup.verb>
        <v lem="construir" lss="A21.transitive-agentive-patient" mood="indicative" num="s" person="3" pos="vmis3s0" postype="main" tense="past" wd="Construyó"/>
      </grup.verb>
      <sn arg="arg1" func="cd" tem="pat">
        <spec gen="m" num="s">
          <d gen="m" lem="uno" num="s" pos="di0ms0" postype="indefinite" wd="un"/>
        </spec>
        <grup.nom gen="m" num="s">
          <n gen="m" lem="marco" num="s" pos="ncms000" postype="common" sense="16:10409788" wd="marco"/>
          <sp>
            <prep>
              <s lem="de" pos="sps00" postype="preposition" wd="de"/>
            </prep>
            <sn>
              <grup.nom gen="f" num="s">
                <n gen="f" lem="dignidad" num="s" pos="ncfs000" postype="common" sense="16:03827814" wd="dignidad"/>
              </grup.nom>
            </sn>
          </sp>
          <S clausetype="relative" impersonal="yes">
            <sp arg="argM" func="cc" tem="loc">
              <prep>
                <s lem="en" pos="sps00" postype="preposition" wd="en"/>
              </prep>
              <sn>
                <spec gen="m" num="s">
                  <d gen="m" lem="el" num="s" pos="da0ms0" postype="article" wd="el"/>
                </spec>
                <relatiu>
                  <p gen="c" lem="que" num="c" pos="pr0cn000" postype="relative" wd="que"/>
                </relatiu>
              </sn>
            </sp>
            <infinitiu>
              <v lem="reconocer" lss="A21.transitive-agentive-patient" mood="infinitive" pos="vmn0000" postype="main" wd="reconocerse"/>
            </infinitiu>
          </S>
        </grup.nom>
      </sn>
    </S>
    <S adjunct="yes">
      <f lem=":" pos="fd" punct="colon" wd=":"/>
      <sn arg="arg0" elliptic="yes" func="suj" tem="agt"/>
      <grup.verb>
        <v lem="luchar" lss="A22.transitive-agentive-theme" mood="indicative" num="s" person="3" pos="vmis3s0" postype="main" tense="past" wd="luchó"/>
      </grup.verb>
      <sp arg="argM" func="cc" tem="fin">
        <prep>
          <s lem="por" pos="sps00" postype="preposition" wd="por"/>
        </prep>
        <S clausetype="completive" impersonal="yes">
          <infinitiu>
            <v lem="otorgar" lss="A32.ditransitive-patient-benefactive" mood="infinitive" pos="vmn0000" postype="main" wd="otorgar"/>
          </infinitiu>
          <sn arg="arg1" func="cd" tem="pat">
            <spec gen="f" num="s">
              <d gen="f" lem="uno" num="s" pos="di0fs0" postype="indefinite" wd="una"/>
            </spec>
            <grup.nom gen="f" num="s">
              <n gen="f" lem="dimensión" lexicalid="noun.dimensión.1.default" num="s" origin="deverbal" pos="ncfs000" postype="common" sense="16:03973414" wd="dimensión"/>
              <s.a func="cn" gen="f" num="s">
                <grup.a gen="f" num="s">
                  <a gen="f" lem="humano" num="s" pos="aq0fs0" postype="qualificative" wd="humana"/>
                </grup.a>
              </s.a>
            </grup.nom>
          </sn>
          <sp arg="arg2" func="ci" tem="ben">
            <prep>
              <s lem="a" pos="sps00" postype="preposition" wd="a"/>
            </prep>
            <sn>
              <spec gen="f" num="p">
                <d gen="f" lem="uno" num="p" pos="di0fp0" postype="indefinite" wd="unas"/>
              </spec>
              <grup.nom gen="f" num="p">
                <n gen="f" lem="vida" num="p" pos="ncfp000" postype="common" sense="16:10060845" wd="vidas"/>
                <S clausetype="participle" impersonal="yes">
                  <participi>
                    <a gen="f" lem="embrutecido" lss="B22.unaccusative-passive-transitive" num="p" pos="aq0fpp" posfunction="participle" postype="qualificative" wd="embrutecidas"/>
                  </participi>
                  <sp arg="argM" func="cc" tem="adv">
                    <prep>
                      <s lem="por" pos="sps00" postype="preposition" wd="por"/>
                    </prep>
                    <sn>
                      <spec gen="f" num="s">
                        <d gen="f" lem="el" num="s" pos="da0fs0" postype="article" wd="la"/>
                      </spec>
                      <grup.nom gen="f" num="s">
                        <n gen="f" lem="miseria" num="s" pos="ncfs000" postype="common" sense="16:10397595" wd="miseria"/>
                      </grup.nom>
                    </sn>
                  </sp>
                </S>
              </grup.nom>
            </sn>
          </sp>
        </S>
      </sp>
    </S>
    <f lem="." pos="fp" punct="period" wd="."/>
  </sentence>
  <sentence>
    <S>
      <sp arg="argM" func="cc" tem="cau">
        <prep>
          <s lem="por" pos="sps00" postype="preposition" wd="Por"/>
        </prep>
        <sn>
          <spec gen="m" num="s">
            <d gen="m" lem="todo" num="s" pos="di0ms0" postype="indefinite" wd="todo"/>
          </spec>
          <grup.nom gen="m" num="s">
            <p gen="c" lem="este" num="s" pos="pd0ns000" postype="demonstrative" wd="esto"/>
          </grup.nom>
        </sn>
      </sp>
      <sn arg="arg0" elliptic="yes" func="suj" tem="agt"/>
      <sn arg="arg2" func="ci" tem="ben">
        <grup.nom num="s">
          <p case="dative" gen="c" lem="él" num="s" person="3" pos="pp3csd00" postype="personal" wd="le"/>
        </grup.nom>
      </sn>
      <grup.verb>
        <v lem="dar" lss="A32.ditransitive-patient-benefactive" mood="indicative" num="p" person="3" pos="vmis3p0" postype="main" tense="past" wd="dieron"/>
      </grup.verb>
      <sn arg="arg1" entityref="ne" func="cd" ne="other" tem="pat">
        <spec gen="m" num="s">
          <d gen="m" lem="el" num="s" pos="da0ms0" postype="article" wd="el"/>
        </spec>
        <grup.nom gen="m" num="s">
          <n gen="m" lem="premio" num="s" pos="ncms000" postype="common" sense="16:09547800" wd="premio"/>
          <sn entityref="ne" ne="other">
            <grup.nom>
              <n lem="Príncipe_de_Asturias_de_la_Paz" ne="other" pos="np0000a" postype="proper" sense="16:cs1" wd="Príncipe_de_Asturias_de_la_Paz"/>
            </grup.nom>
          </sn>
          <sp>
            <prep>
              <s lem="de" pos="sps00" postype="preposition" wd="de"/>
            </prep>
            <sn entityref="ne" ne="date">
              <grup.nom>
                <w lem="[??:??/??/1987:??.??]" ne="date" wd="1987"/>
              </grup.nom>
            </sn>
          </sp>
        </grup.nom>
      </sn>
    </S>
    <S clausetype="adverbial">
      <f lem=":" pos="fd" punct="colon" wd=":"/>
      <conj conjunctiontype="subordinating">
        <c lem="porque" pos="cs" postype="subordinating" wd="porque"/>
      </conj>
      <sn arg="arg0" elliptic="yes" func="suj" tem="agt"/>
      <grup.verb>
        <v lem="lograr" lss="A21.transitive-agentive-patient" mood="indicative" num="s" person="3" pos="vmis3s0" postype="main" tense="past" wd="logró"/>
      </grup.verb>
      <S arg="arg1" clausetype="completive" func="cd" impersonal="yes" tem="pat">
        <infinitiu>
          <v lem="ser" lss="C21.state-attributive" mood="infinitive" pos="vsn0000" postype="semiauxiliary" wd="ser"/>
        </infinitiu>
        <sn arg="arg2" func="atr" tem="atr">
          <spec gen="f" num="s">
            <d gen="f" lem="uno" num="s" pos="di0fs0" postype="indefinite" wd="una"/>
          </spec>
          <grup.nom gen="f" num="s">
            <n gen="f" lem="persona" num="s" pos="ncfs000" postype="common" sense="16:00004123" wd="persona"/>
          </grup.nom>
        </sn>
      </S>
      <S clausesubtype="concessive" clausetype="adverbial" func="ao">
        <f lem="," pos="fc" punct="comma" wd=","/>
        <conj conjunctiontype="subordinating">
          <c lem="aunque" pos="cs" postype="subordinating" wd="aunque"/>
        </conj>
        <sn arg="arg0" func="suj" tem="agt">
          <grup.nom gen="m" num="s">
            <p gen="c" lem="nada" num="s" pos="pi0cs000" postype="indefinite" wd="nada"/>
          </grup.nom>
        </sn>
        <sp arg="argM" func="cc" tem="loc">
          <prep>
            <s lem="en" pos="sps00" postype="preposition" wd="en"/>
          </prep>
          <sn>
            <spec gen="m" num="s">
              <d gen="c" lem="su" num="s" person="3" pos="dp3cs0" postype="possessive" wd="su"/>
            </spec>
            <grup.nom gen="m" num="s">
              <n gen="m" lem="entorno" num="s" pos="ncms000" postype="common" sense="16:10040804" wd="entorno"/>
            </grup.nom>
          </sn>
        </sp>
        <sn arg="arg2" func="ci" tem="ben">
          <grup.nom num="s">
            <p gen="c" lem="él" num="c" person="3" pos="pp3cn000" postype="personal" wd="se"/>
          </grup.nom>
        </sn>
        <sn arg="arg1" func="cd" tem="pat">
          <grup.nom gen="m" num="s">
            <p case="accusative" gen="m" lem="él" num="s" person="3" pos="pp3msa00" postype="personal" wd="lo"/>
          </grup.nom>
        </sn>
        <grup.verb>
          <v lem="permitir" lss="A32.ditransitive-patient-benefactive" mood="subjunctive" num="s" person="3" pos="vmsi3s0" postype="main" tense="imperfect" wd="permitiese"/>
        </grup.verb>
      </S>
    </S>
    <f lem="." pos="fp" punct="period" wd="."/>
  </sentence>
  <sentence>
    <conj conjunctiontype="coordinating" func="et">
      <c lem="y" pos="cc" postype="coordinating" wd="Y"/>
    </conj>
    <sp arg="argM" func="cc" tem="cau">
      <prep>
        <s lem="por" pos="sps00" postype="preposition" wd="por"/>
      </prep>
      <sn>
        <spec gen="m" num="s">
          <d gen="m" lem="todo" num="s" pos="di0ms0" postype="indefinite" wd="todo"/>
        </spec>
        <grup.nom gen="m" num="s">
          <p gen="c" lem="este" num="s" pos="pd0ns000" postype="demonstrative" wd="esto"/>
        </grup.nom>
      </sn>
    </sp>
    <sn arg="arg1" elliptic="yes" func="suj" tem="pat"/>
    <grup.verb>
      <v lem="haber" mood="indicative" num="s" person="3" pos="vaip3s0" postype="auxiliary" tense="present" wd="ha"/>
      <v gen="m" lem="ser" mood="participle" num="s" pos="vsp00sm" postype="semiauxiliary" wd="sido"/>
      <sadv arg="argM" func="cc" tem="tmp">
        <grup.adv>
          <r lem="ahora" pos="rg" wd="ahora"/>
        </grup.adv>
      </sadv>
      <v gen="f" lem="asesinar" lss="B22.unaccusative-passive-transitive" mood="participle" num="s" pos="vmp00sf" postype="main" wd="asesinada"/>
    </grup.verb>
    <f lem="." pos="fp" punct="period" wd="."/>
  </sentence>
  <sentence verbless="yes">
    <S clausetype="adverbial">
      <conj conjunctiontype="subordinating">
        <c lem="porque" pos="cs" postype="subordinating" wd="Porque"/>
      </conj>
      <sn arg="arg0" entityref="ne" func="suj" ne="person" tem="agt">
        <spec gen="m" num="p">
          <d gen="m" lem="el" num="p" pos="da0mp0" postype="article" wd="los"/>
        </spec>
        <grup.nom gen="m" num="p">
          <n gen="m" lem="fanático" num="p" pos="ncmp000" postype="common" sense="16:07255925" wd="fanáticos"/>
          <sp>
            <prep>
              <s lem="de" pos="sps00" postype="preposition" wd="de"/>
            </prep>
            <sn entityref="ne" ne="organization">
              <grup.nom>
                <n lem="Sendero_Luminoso" ne="organization" pos="np0000o" postype="proper" sense="16:cs1" wd="Sendero_Luminoso"/>
              </grup.nom>
            </sn>
          </sp>
        </grup.nom>
      </sn>
      <neg func="mod">
        <r lem="no" pos="rn" postype="negative" wd="no"/>
      </neg>
      <grup.verb>
        <v lem="poder" mood="indicative" num="p" person="3" pos="vmip3p0" postype="main" tense="present" wd="pueden"/>
        <infinitiu>
          <v lem="admitir" lss="A21.transitive-agentive-patient" mood="infinitive" pos="vmn0000" postype="main" wd="admitir"/>
        </infinitiu>
      </grup.verb>
      <S arg="arg1" clausetype="completive" func="cd" tem="pat">
        <conj conjunctiontype="subordinating">
          <c lem="que" pos="cs" postype="subordinating" wd="que"/>
        </conj>
        <grup.verb>
          <v lem="haber" lss="C11.state-existential" mood="subjunctive" num="s" person="3" pos="vasp3s0" postype="auxiliary" tense="present" wd="haya"/>
        </grup.verb>
        <sn arg="arg1" func="cd" functype="quantitative" tem="tem">
          <grup.nom gen="m" num="p">
            <n gen="m" lem="ser" num="p" pos="ncmp000" postype="common" sense="16:00002086" wd="seres"/>
            <s.a gen="m" num="p">
              <grup.a gen="m" num="p">
                <a gen="c" lem="libre" num="p" pos="aq0cp0" postype="qualificative" wd="libres"/>
              </grup.a>
            </s.a>
          </grup.nom>
        </sn>
      </S>
    </S>
    <f lem="." pos="fp" punct="period" wd="."/>
  </sentence>
  <sentence>
    <S>
      <sn arg="arg1" func="suj" tem="tem">
        <spec gen="f" num="s">
          <d gen="f" lem="el" num="s" pos="da0fs0" postype="article" wd="La"/>
        </spec>
        <grup.nom gen="f" num="s">
          <s.a gen="f" num="s">
            <grup.a gen="f" num="s">
              <a gen="f" lem="verdadero" num="s" pos="aq0fs0" postype="qualificative" wd="verdadera"/>
            </grup.a>
          </s.a>
          <n gen="f" lem="heroicidad" num="s" pos="ncfs000" postype="common" sense="16:03806460" wd="heroicidad"/>
        </grup.nom>
      </sn>
      <neg func="mod">
        <r lem="no" pos="rn" postype="negative" wd="no"/>
      </neg>
      <grup.verb>
        <v lem="ser" lss="C21.state-attributive" mood="indicative" num="s" person="3" pos="vsip3s0" postype="semiauxiliary" tense="present" wd="es"/>
      </grup.verb>
      <sn arg="arg2" func="atr" tem="atr">
        <spec gen="m" num="s">
          <d gen="m" lem="uno" num="s" pos="di0ms0" postype="indefinite" wd="un"/>
        </spec>
        <grup.nom gen="m" num="s">
          <n gen="m" lem="acto" num="s" pos="ncms000" postype="common" sense="16:00022246" wd="acto"/>
          <s.a gen="m" num="s">
            <grup.a gen="m" num="s">
              <a gen="m" lem="nico" num="s" pos="aq0ms0" postype="qualificative" wd="nico"/>
            </grup.a>
          </s.a>
        </grup.nom>
      </sn>
    </S>
    <S adjunct="yes">
      <f lem=":" pos="fd" punct="colon" wd=":"/>
      <sn arg="arg1" coord="yes" func="suj" tem="tem">
        <sn>
          <spec gen="m" num="s">
            <d gen="m" lem="el" num="s" pos="da0ms0" postype="article" wd="el"/>
          </spec>
          <grup.nom gen="m" num="s">
            <n gen="m" lem="soldado" num="s" pos="ncms000" postype="common" sense="16:07591125" wd="soldado"/>
            <S clausetype="relative">
              <relatiu arg="arg0" func="suj" tem="agt">
                <p gen="c" lem="que" num="c" pos="pr0cn000" postype="relative" wd="que"/>
              </relatiu>
              <sn arg="arg1" func="cd" tem="pat">
                <grup.nom num="s">
                  <p gen="c" lem="él" num="c" person="3" pos="pp3cn000" postype="personal" wd="se"/>
                </grup.nom>
              </sn>
              <grup.verb>
                <v lem="inmolar" lss="A21.transitive-agentive-patient" mood="indicative" num="s" person="3" pos="vmip3s0" postype="main" tense="present" wd="inmola"/>
              </grup.verb>
              <sp arg="argM" func="cc" tem="fin">
                <prep>
                  <s lem="para" pos="sps00" postype="preposition" wd="para"/>
                </prep>
                <S clausetype="completive" impersonal="yes">
                  <infinitiu>
                    <v lem="salvar" lss="A21.transitive-agentive-patient" mood="infinitive" pos="vmn0000" postype="main" wd="salvar"/>
                  </infinitiu>
                  <sp arg="arg1" func="cd" tem="pat">
                    <prep>
                      <s lem="a" pos="sps00" postype="preposition" wd="a"/>
                    </prep>
                    <sn>
                      <spec gen="m" num="p">
                        <d gen="c" lem="su" num="p" person="3" pos="dp3cp0" postype="possessive" wd="sus"/>
                      </spec>
                      <grup.nom gen="m" num="p">
                        <n gen="m" lem="compañero" num="p" pos="ncmp000" postype="common" sense="16:07165420" wd="compañeros"/>
                      </grup.nom>
                    </sn>
                  </sp>
                </S>
              </sp>
            </S>
          </grup.nom>
        </sn>
        <f lem="," pos="fc" punct="comma" wd=","/>
        <sn>
          <spec gen="m" num="s">
            <d gen="m" lem="el" num="s" pos="da0ms0" postype="article" wd="el"/>
          </spec>
          <grup.nom gen="m" num="s">
            <n gen="m" lem="hombre" num="s" pos="ncms000" postype="common" sense="16:07391044" wd="hombre"/>
            <S clausetype="relative">
              <relatiu arg="arg1" func="suj" tem="tem">
                <p gen="c" lem="que" num="c" pos="pr0cn000" postype="relative" wd="que"/>
              </relatiu>
              <grup.verb>
                <v lem="entrar" lss="B22.unaccusative-passive-transitive" mood="indicative" num="s" person="3" pos="vmip3s0" postype="main" tense="present" wd="entra"/>
              </grup.verb>
              <sp arg="arg2" func="cc" tem="loc">
                <prep>
                  <s lem="en" pos="sps00" postype="preposition" wd="en"/>
                </prep>
                <sn>
                  <spec gen="m" num="s">
                    <d gen="m" lem="uno" num="s" pos="di0ms0" postype="indefinite" wd="un"/>
                  </spec>
                  <grup.nom gen="m" num="s">
                    <n gen="m" lem="edificio" num="s" pos="ncms000" postype="common" sense="16:02347413" wd="edificio"/>
                    <sp>
                      <prep>
                        <s lem="en" pos="sps00" postype="preposition" wd="en"/>
                      </prep>
                      <sn>
                        <grup.nom gen="f" num="p">
                          <n gen="f" lem="llama" num="p" pos="ncfp000" postype="common" sense="16:09686541" wd="llamas"/>
                        </grup.nom>
                      </sn>
                    </sp>
                  </grup.nom>
                </sn>
              </sp>
              <sp arg="argM" func="cc" tem="fin">
                <prep>
                  <s lem="a" pos="sps00" postype="preposition" wd="a"/>
                </prep>
                <S clausetype="completive" impersonal="yes">
                  <infinitiu>
                    <v lem="rescatar" lss="A34.ditransitive-patient-theme" mood="infinitive" pos="vmn0000" postype="main" wd="rescatar"/>
                  </infinitiu>
                  <sp arg="arg1" func="cd" tem="pat">
                    <prep>
                      <s lem="a" pos="sps00" postype="preposition" wd="a"/>
                    </prep>
                    <sn>
                      <spec gen="m" num="s">
                        <d gen="m" lem="uno" num="s" pos="di0ms0" postype="indefinite" wd="un"/>
                      </spec>
                      <grup.nom gen="m" num="s">
                        <n gen="m" lem="niño" num="s" pos="ncms000" postype="common" sense="16:07389783" wd="niño"/>
                      </grup.nom>
                    </sn>
                  </sp>
                </S>
              </sp>
            </S>
          </grup.nom>
        </sn>
        <f lem="," pos="fc" punct="comma" wd=","/>
      </sn>
      <grup.verb>
        <v lem="ser" lss="C21.state-attributive" mood="indicative" num="p" person="3" pos="vsip3p0" postype="semiauxiliary" tense="present" wd="son"/>
      </grup.verb>
      <sadv arg="argM" func="cc" tem="adv">
        <grup.adv>
          <r lem="sin_duda" pos="rg" wd="sin_duda"/>
        </grup.adv>
      </sadv>
      <sn arg="arg2" func="atr" tem="atr">
        <grup.nom gen="f" num="p">
          <n gen="f" lem="persona" num="p" pos="ncfp000" postype="common" sense="16:00004123" wd="personas"/>
          <s.a gen="f" num="p">
            <grup.a gen="f" num="p">
              <a gen="c" lem="admirable" num="p" pos="aq0cp0" postype="qualificative" wd="admirables"/>
            </grup.a>
          </s.a>
        </grup.nom>
      </sn>
      <S arg="argM" clausetype="adverbial" func="cc" tem="cau">
        <conj conjunctiontype="subordinating">
          <c lem="porque" pos="cs" postype="subordinating" wd="porque"/>
        </conj>
        <sn arg="arg0" elliptic="yes" func="suj" tem="agt"/>
        <grup.verb>
          <v lem="saber" lss="A22.transitive-agentive-theme" mood="indicative" num="p" person="3" pos="vmis3p0" postype="main" tense="past" wd="supieron"/>
        </grup.verb>
        <S arg="arg1" clausetype="completive" func="cd" impersonal="yes" tem="pat">
          <infinitiu>
            <v lem="responder" lss="A32.ditransitive-patient-benefactive" mood="infinitive" pos="vmn0000" postype="main" wd="responder"/>
          </infinitiu>
          <sp arg="arg2" func="ci" tem="ben">
            <prep>
              <s lem="a" pos="sps00" postype="preposition" wd="a"/>
            </prep>
            <sn>
              <spec gen="m" num="s">
                <d gen="m" lem="uno" num="s" pos="di0ms0" postype="indefinite" wd="un"/>
              </spec>
              <grup.nom gen="m" num="s">
                <n gen="m" lem="instante" num="s" pos="ncms000" postype="common" sense="16:10898122" wd="instante"/>
                <sp coord="yes">
                  <sp>
                    <prep>
                      <s lem="de" pos="sps00" postype="preposition" wd="de"/>
                    </prep>
                    <sn>
                      <grup.nom gen="f" num="s">
                        <n gen="f" lem="gloria" num="s" pos="ncfs000" postype="common" sense="16:10358076" wd="gloria"/>
                      </grup.nom>
                    </sn>
                  </sp>
                  <f lem="," pos="fc" punct="comma" wd=","/>
                  <sp>
                    <prep>
                      <s lem="de" pos="sps00" postype="preposition" wd="de"/>
                    </prep>
                    <sn>
                      <grup.nom gen="f" num="s">
                        <n gen="f" lem="generosidad" num="s" pos="ncfs000" postype="common" sense="16:00703445" wd="generosidad"/>
                      </grup.nom>
                    </sn>
                  </sp>
                  <conj conjunctiontype="coordinating">
                    <c lem="y" pos="cc" postype="coordinating" wd="y"/>
                  </conj>
                  <sp>
                    <prep>
                      <s lem="de" pos="sps00" postype="preposition" wd="de"/>
                    </prep>
                    <sn>
                      <grup.nom gen="f" num="s">
                        <n gen="f" lem="exigencia" lexicalid="noun.exigencia.1.default" num="s" origin="deverbal" pos="ncfs000" postype="common" sense="16:04528955" wd="exigencia"/>
                      </grup.nom>
                    </sn>
                  </sp>
                </sp>
              </grup.nom>
            </sn>
          </sp>
        </S>
      </S>
    </S>
    <f lem="." pos="fp" punct="period" wd="."/>
  </sentence>
  <sentence>
    <conj conjunctiontype="coordinating" func="et">
      <c lem="pero" pos="cc" postype="coordinating" wd="Pero"/>
    </conj>
    <sn arg="arg1" func="suj" tem="tem">
      <spec gen="m" num="s">
        <d gen="m" lem="ese" num="s" pos="dd0ms0" postype="demonstrative" wd="ese"/>
      </spec>
      <grup.nom gen="m" num="s">
        <n gen="m" lem="momento" num="s" pos="ncms000" postype="common" sense="16:10898122" wd="momento"/>
        <s.a gen="m" num="s">
          <grup.a gen="m" num="s">
            <a gen="m" lem="heroico" num="s" pos="aq0ms0" postype="qualificative" wd="heroico"/>
          </grup.a>
        </s.a>
      </grup.nom>
    </sn>
    <inc>
      <S>
        <f lem="," pos="fc" punct="comma" wd=","/>
        <sn arg="arg2" func="ci" tem="ben">
          <grup.nom num="s">
            <p gen="c" lem="yo" num="s" person="1" pos="pp1cs000" postype="personal" wd="me"/>
          </grup.nom>
        </sn>
        <grup.verb>
          <v lem="parecer" lss="C41.state-benefactive" mood="indicative" num="s" person="3" pos="vmip3s0" postype="main" tense="present" wd="parece"/>
        </grup.verb>
        <f lem="," pos="fc" punct="comma" wd=","/>
      </S>
    </inc>
    <grup.verb>
      <v lem="ser" lss="C21.state-attributive" mood="indicative" num="s" person="3" pos="vsip3s0" postype="semiauxiliary" tense="present" wd="es"/>
    </grup.verb>
    <sn arg="arg2" func="atr" tem="atr">
      <sadv adjunct="yes">
        <grup.adv>
          <r lem="más" pos="rg" wd="más"/>
        </grup.adv>
      </sadv>
      <sn>
        <spec gen="f" num="s">
          <d gen="f" lem="uno" num="s" pos="di0fs0" postype="indefinite" wd="una"/>
        </spec>
        <grup.nom gen="f" num="s">
          <n gen="f" lem="especie" num="s" pos="ncfs000" postype="common" sense="16:04500860" wd="especie"/>
          <sp>
            <prep>
              <s lem="de" pos="sps00" postype="preposition" wd="de"/>
            </prep>
            <sn>
              <grup.nom gen="f" num="s">
                <n gen="f" lem="fiebre" num="s" pos="ncfs000" postype="common" sense="16:05583678" wd="fiebre"/>
              </grup.nom>
            </sn>
          </sp>
        </grup.nom>
      </sn>
      <S adjunct="yes" clausesubtype="comparative" clausetype="adverbial" verbless="yes">
        <conj conjunctiontype="subordinating">
          <c lem="que" pos="cs" postype="subordinating" wd="que"/>
        </conj>
        <sn>
          <spec gen="m" num="s">
            <d gen="m" lem="uno" num="s" pos="di0ms0" postype="indefinite" wd="un"/>
          </spec>
          <grup.nom gen="m" num="s">
            <n gen="m" lem="talante" num="s" pos="ncms000" postype="common" sense="16:03844273" wd="talante"/>
          </grup.nom>
        </sn>
      </S>
    </sn>
    <f lem="." pos="fp" punct="period" wd="."/>
  </sentence>
  <sentence>
    <sadv arg="argM" func="cc" tem="adv">
      <grup.adv>
        <r lem="por_el_contrario" pos="rg" wd="Por_el_contrario"/>
      </grup.adv>
      <f lem="," pos="fc" punct="comma" wd=","/>
    </sadv>
    <sn arg="arg1" func="suj" tem="pat">
      <spec gen="f" num="s">
        <d gen="f" lem="el" num="s" pos="da0fs0" postype="article" wd="la"/>
      </spec>
      <grup.nom gen="f" num="s">
        <s.a gen="f" num="s">
          <grup.a gen="f" num="s">
            <a gen="f" lem="verdadero" num="s" pos="aq0fs0" postype="qualificative" wd="verdadera"/>
          </grup.a>
        </s.a>
        <n gen="f" lem="heroicidad" num="s" pos="ncfs000" postype="common" sense="16:03806460" wd="heroicidad"/>
      </grup.nom>
    </sn>
    <morfema.verbal func="pass">
      <p gen="c" lem="se" num="c" pos="p0000000" wd="se"/>
    </morfema.verbal>
    <grup.verb>
      <v lem="construir" lss="B22.unaccusative-passive-transitive" mood="indicative" num="s" person="3" pos="vmip3s0" postype="main" tense="present" wd="construye"/>
    </grup.verb>
    <sadv arg="argM" func="cc" tem="mnr">
      <grup.adv>
        <r lem="calladamente" pos="rg" wd="calladamente"/>
      </grup.adv>
    </sadv>
    <sn arg="argM" func="cc" tem="tmp">
      <f lem="," pos="fc" punct="comma" wd=","/>
      <grup.nom gen="m" num="s">
        <n gen="m" lem="día" num="s" pos="ncms000" postype="common" sense="16:10878116" wd="día"/>
        <sp>
          <prep>
            <s lem="a" pos="sps00" postype="preposition" wd="a"/>
          </prep>
          <sn>
            <grup.nom gen="m" num="s">
              <n gen="m" lem="día" num="s" pos="ncms000" postype="common" sense="16:10878116" wd="día"/>
            </grup.nom>
          </sn>
        </sp>
      </grup.nom>
      <f lem="," pos="fc" punct="comma" wd=","/>
    </sn>
    <S arg="argM" clausetype="adverbial" func="cc" impersonal="yes" tem="mnr">
      <gerundi>
        <v lem="sobreponer" lss="C21.state-attributive" mood="gerund" pos="vmg0000" postype="main" wd="sobreponiéndose"/>
      </gerundi>
      <sn arg="argM" func="cc" tem="adv">
        <spec coord="yes" gen="f" num="s">
          <spec gen="f" num="s">
            <d gen="f" lem="uno" num="s" pos="di0fs0" postype="indefinite" wd="una"/>
          </spec>
          <conj conjunctiontype="coordinating">
            <c lem="y" pos="cc" postype="coordinating" wd="y"/>
          </conj>
          <spec gen="f" num="s">
            <d gen="f" lem="otro" num="s" pos="di0fs0" postype="indefinite" wd="otra"/>
          </spec>
        </spec>
        <grup.nom gen="f" num="s">
          <n gen="f" lem="vez" num="s" pos="ncfs000" postype="common" sense="16:05449233" wd="vez"/>
        </grup.nom>
      </sn>
      <sp arg="arg2" func="creg" tem="atr">
        <prep>
          <s lem="a" pos="sps00" postype="preposition" wd="a"/>
        </prep>
        <sn>
          <grup.nom gen="f" num="p">
            <n gen="f" lem="circustancia" num="p" pos="ncfp000" postype="common" sense="16:cs1" wd="circustancias"/>
            <s.a complex="yes" gen="f" num="p">
              <grup.a coord="yes" gen="f" num="p">
                <grup.a gen="f" num="p">
                  <a gen="f" lem="doloroso" num="p" pos="aq0fp0" postype="qualificative" wd="dolorosas"/>
                </grup.a>
                <conj conjunctiontype="coordinating">
                  <c lem="y" pos="cc" postype="coordinating" wd="y"/>
                </conj>
                <grup.a gen="f" num="p">
                  <a gen="f" lem="extremo" num="p" pos="aq0fp0" postype="qualificative" wd="extremas"/>
                </grup.a>
              </grup.a>
            </s.a>
          </grup.nom>
        </sn>
      </sp>
    </S>
    <f lem="." pos="fp" punct="period" wd="."/>
  </sentence>
  <sentence verbless="yes">
    <S clausetype="adverbial">
      <conj conjunctiontype="subordinating">
        <c lem="como" pos="cs" postype="subordinating" wd="Como"/>
      </conj>
      <grup.verb>
        <v lem="hacer" lss="A21.transitive-agentive-patient" mood="indicative" num="s" person="3" pos="vmis3s0" postype="main" tense="past" wd="hizo"/>
      </grup.verb>
      <sn arg="arg0" entityref="ne" func="suj" ne="person" tem="agt">
        <grup.nom gen="f" num="s">
          <n lem="María_Elena" ne="person" pos="np0000p" postype="proper" sense="16:cs1" wd="María_Elena"/>
        </grup.nom>
      </sn>
    </S>
    <f lem="." pos="fp" punct="period" wd="."/>
  </sentence>
  <sentence>
    <grup.verb>
      <v lem="ser" lss="C21.state-attributive" mood="indicative" num="s" person="3" pos="vsip3s0" postype="semiauxiliary" tense="present" wd="Es"/>
    </grup.verb>
    <sa arg="arg2" func="atr" tem="atr">
      <grup.a>
        <a gen="m" lem="heroico" num="s" pos="aq0ms0" postype="qualificative" wd="heroico"/>
      </grup.a>
    </sa>
    <S arg="arg1" clausetype="completive" func="suj" impersonal="yes" tem="tem">
      <infinitiu>
        <v lem="levantar" lss="A11.transitive-causative" mood="infinitive" pos="vmn0000" postype="main" wd="levantarse"/>
      </infinitiu>
      <sn arg="argM" func="cc" tem="tmp">
        <spec gen="f" num="p">
          <d gen="f" lem="todo" num="p" pos="di0fp0" postype="indefinite" wd="todas"/>
          <d gen="f" lem="el" num="p" pos="da0fp0" postype="article" wd="las"/>
        </spec>
        <grup.nom gen="f" num="p">
          <n gen="f" lem="mañana" num="p" pos="ncfp000" postype="common" sense="16:10884278" wd="mañanas"/>
        </grup.nom>
      </sn>
      <sp arg="argM" func="cc" tem="fin">
        <prep>
          <s lem="a" pos="sps00" postype="preposition" wd="a"/>
        </prep>
        <S clausetype="completive" impersonal="yes">
          <infinitiu>
            <v lem="luchar" lss="A22.transitive-agentive-theme" mood="infinitive" pos="vmn0000" postype="main" wd="luchar"/>
          </infinitiu>
          <sp arg="arg1" func="creg" tem="tem">
            <prep>
              <s lem="contra" pos="sps00" postype="preposition" wd="contra"/>
            </prep>
            <sn coord="yes">
              <sn>
                <spec gen="f" num="s">
                  <d gen="f" lem="el" num="s" pos="da0fs0" postype="article" wd="la"/>
                </spec>
                <grup.nom gen="f" num="s">
                  <n gen="f" lem="desesperación" lexicalid="noun.desesperación.1.default" num="s" origin="deverbal" pos="ncfs000" postype="common" sense="16:10392337" wd="desesperación"/>
                </grup.nom>
              </sn>
              <conj conjunctiontype="coordinating">
                <c lem="y" pos="cc" postype="coordinating" wd="y"/>
              </conj>
              <sn>
                <spec gen="f" num="s">
                  <d gen="f" lem="el" num="s" pos="da0fs0" postype="article" wd="la"/>
                </spec>
                <grup.nom gen="f" num="s">
                  <n gen="f" lem="incultura" num="s" pos="ncfs000" postype="common" sense="16:03778008" wd="incultura"/>
                </grup.nom>
              </sn>
            </sn>
          </sp>
        </S>
      </sp>
    </S>
    <f lem="." pos="fp" punct="period" wd="."/>
  </sentence>
  <sentence>
    <conj conjunctiontype="coordinating" func="et">
      <c lem="y" pos="cc" postype="coordinating" wd="Y"/>
    </conj>
    <grup.verb>
      <v lem="ser" lss="C21.state-attributive" mood="indicative" num="s" person="3" pos="vsip3s0" postype="semiauxiliary" tense="present" wd="es"/>
    </grup.verb>
    <sa arg="arg2" func="atr" tem="atr">
      <grup.a>
        <a gen="m" lem="heroico" num="s" pos="aq0ms0" postype="qualificative" wd="heroico"/>
      </grup.a>
    </sa>
    <S arg="arg1" clausetype="completive" coord="yes" func="suj" impersonal="yes" tem="tem">
      <S clausetype="completive" impersonal="yes">
        <infinitiu>
          <v lem="sentir" lss="C21.state-attributive" mood="infinitive" pos="vmn0000" postype="main" wd="sentir"/>
        </infinitiu>
        <sn arg="arg2" func="cd" functype="quantitative" tem="atr">
          <grup.nom gen="m" num="s">
            <n gen="m" lem="miedo" num="s" pos="ncms000" postype="common" sense="16:05590260" wd="miedo"/>
            <sp>
              <prep>
                <s lem="ante" pos="sps00" postype="preposition" wd="ante"/>
              </prep>
              <sn>
                <spec gen="f" num="p">
                  <d gen="f" lem="el" num="p" pos="da0fp0" postype="article" wd="las"/>
                </spec>
                <grup.nom gen="f" num="p">
                  <n gen="f" lem="amenaza" lexicalid="noun.amenaza.1.default" num="p" origin="deverbal" pos="ncfp000" postype="common" sense="16:10428546" wd="amenazas"/>
                  <s.a arg="arg0" func="cn" gen="f" num="p" tem="agt">
                    <grup.a gen="f" num="p">
                      <a gen="c" lem="senderista" num="p" pos="aq0cp0" postype="qualificative" wd="senderistas"/>
                    </grup.a>
                  </s.a>
                </grup.nom>
              </sn>
            </sp>
          </grup.nom>
        </sn>
      </S>
      <conj conjunctiontype="coordinating">
        <c lem="y" pos="cc" postype="coordinating" wd="y"/>
      </conj>
      <S clausetype="completive" impersonal="yes">
        <infinitiu>
          <v lem="seguir" mood="infinitive" pos="vmn0000" postype="main" wd="seguir"/>
          <gerundi>
            <v lem="actuar" lss="D11.inergative-agentive" mood="gerund" pos="vmg0000" postype="main" wd="actuando"/>
          </gerundi>
        </infinitiu>
        <sn arg="argM" func="cc" tem="tmp">
          <grup.nom gen="m" num="s">
            <n gen="m" lem="año" num="s" pos="ncms000" postype="common" sense="16:10917509" wd="año"/>
            <sp>
              <prep>
                <s lem="tras" pos="sps00" postype="preposition" wd="tras"/>
              </prep>
              <sn>
                <grup.nom gen="m" num="s">
                  <n gen="m" lem="año" num="s" pos="ncms000" postype="common" sense="16:10917509" wd="año"/>
                </grup.nom>
              </sn>
            </sp>
          </grup.nom>
        </sn>
        <sadv func="et">
          <f lem="," pos="fc" punct="comma" wd=","/>
          <grup.adv>
            <r lem="sin_embargo" pos="rg" wd="sin_embargo"/>
          </grup.adv>
          <f lem="," pos="fc" punct="comma" wd=","/>
        </sadv>
        <sp arg="argM" func="cc" tem="adv">
          <prep>
            <s lem="como" pos="sps00" postype="preposition" wd="como"/>
          </prep>
          <S clausetype="completive">
            <conj conjunctiontype="subordinating">
              <c lem="si" pos="cs" postype="subordinating" wd="si"/>
            </conj>
            <sn arg="arg1" func="suj" tem="tem">
              <spec gen="m" num="s">
                <d gen="m" lem="el" num="s" pos="da0ms0" postype="article" wd="el"/>
              </spec>
              <grup.nom gen="m" num="s">
                <s.a gen="m" num="s">
                  <grup.a gen="m" num="s">
                    <a gen="m" lem="propio" num="s" pos="aq0ms0" postype="qualificative" wd="propio"/>
                  </grup.a>
                </s.a>
                <n gen="m" lem="miedo" num="s" pos="ncms000" postype="common" sense="16:05590260" wd="miedo"/>
              </grup.nom>
            </sn>
            <neg func="mod">
              <r lem="no" pos="rn" postype="negative" wd="no"/>
            </neg>
            <grup.verb>
              <v lem="existir" lss="C11.state-existential" mood="subjunctive" num="s" person="3" pos="vmsi3s0" postype="main" tense="imperfect" wd="existiese"/>
            </grup.verb>
          </S>
        </sp>
      </S>
    </S>
    <f lem="." pos="fp" punct="period" wd="."/>
  </sentence>
  <sentence coord="yes">
    <conj conjunctiontype="coordinating" func="et">
      <c lem="pero" pos="cc" postype="coordinating" wd="Pero"/>
    </conj>
    <S>
      <sadv arg="argM" func="cc" tem="adv">
        <f lem="," pos="fc" punct="comma" wd=","/>
        <grup.adv>
          <r lem="al_fin" pos="rg" wd="al_fin"/>
        </grup.adv>
        <f lem="," pos="fc" punct="comma" wd=","/>
      </sadv>
      <sn arg="arg0" func="suj" tem="agt">
        <spec gen="m" num="s">
          <d gen="m" lem="el" num="s" pos="da0ms0" postype="article" wd="el"/>
        </spec>
        <grup.nom gen="m" num="s">
          <n gen="m" lem="terror" num="s" pos="ncms000" postype="common" sense="16:05590260" wd="terror"/>
        </grup.nom>
      </sn>
      <grup.verb>
        <v lem="atrapar" lss="A21.transitive-agentive-patient" mood="indicative" num="s" person="3" pos="vmis3s0" postype="main" tense="past" wd="atrapó"/>
      </grup.verb>
      <sp arg="arg1" func="cd" tem="pat">
        <prep>
          <s lem="a" pos="sps00" postype="preposition" wd="a"/>
        </prep>
        <sn entityref="ne" ne="person">
          <grup.nom gen="f" num="s">
            <n lem="María_Elena" ne="person" pos="np0000p" postype="proper" sense="16:cs1" wd="María_Elena"/>
          </grup.nom>
        </sn>
      </sp>
    </S>
    <f lem=";" pos="fx" punct="semicolon" wd=";"/>
    <S>
      <sn arg="arg0" elliptic="yes" func="suj" tem="agt"/>
      <grup.verb>
        <v lem="ser" mood="indicative" num="p" person="3" pos="vsis3p0" postype="semiauxiliary" tense="past" wd="fueron"/>
        <s lem="a" pos="sps00" postype="preposition" wd="a"/>
        <infinitiu>
          <v lem="buscar" lss="A21.transitive-agentive-patient" mood="infinitive" pos="vmn0000" postype="main" wd="buscarla"/>
        </infinitiu>
      </grup.verb>
      <f lem="," pos="fc" punct="comma" wd=","/>
    </S>
    <conj conjunctiontype="coordinating">
      <c lem="y" pos="cc" postype="coordinating" wd="y"/>
    </conj>
    <S>
      <grup.verb>
        <v lem="doler" lss="C42.state-experiencer" mood="indicative" num="s" person="3" pos="vmip3s0" postype="main" tense="present" wd="duele"/>
      </grup.verb>
      <S arg="arg1" clausetype="completive" func="suj" impersonal="yes" tem="tem">
        <infinitiu>
          <v lem="imaginar" lss="A21.transitive-agentive-patient" mood="infinitive" pos="vmn0000" postype="main" wd="imaginar"/>
        </infinitiu>
        <sn arg="arg1" func="cd" tem="pat">
          <spec gen="m" num="s">
            <d gen="m" lem="el" num="s" pos="da0ms0" postype="article" wd="el"/>
          </spec>
          <grup.nom gen="m" num="s">
            <n gen="m" lem="instante" num="s" pos="ncms000" postype="common" sense="16:10952516" wd="instante"/>
            <sp>
              <prep>
                <s lem="de" pos="sps00" postype="preposition" wd="de"/>
              </prep>
              <sn>
                <grup.nom gen="m" num="s">
                  <n gen="m" lem="pánico" num="s" pos="ncms000" postype="common" sense="16:10337390" wd="pánico"/>
                  <S clausetype="relative">
                    <relatiu arg="arg2" func="cd" functype="quantitative" tem="atr">
                      <p gen="c" lem="que" num="c" pos="pr0cn000" postype="relative" wd="que"/>
                    </relatiu>
                    <sn arg="arg1" elliptic="yes" func="suj" tem="tem"/>
                    <grup.verb>
                      <v lem="deber" mood="indicative" num="s" person="3" pos="vmis3s0" postype="main" tense="past" wd="debió"/>
                      <s lem="de" pos="sps00" postype="preposition" wd="de"/>
                      <infinitiu>
                        <v lem="sentir" lss="C21.state-attributive" mood="infinitive" pos="vmn0000" postype="main" wd="sentir"/>
                      </infinitiu>
                    </grup.verb>
                    <sp arg="argM" func="cc" tem="adv">
                      <prep>
                        <s lem="ante" pos="sps00" postype="preposition" wd="ante"/>
                      </prep>
                      <sn>
                        <spec gen="m" num="p">
                          <d gen="c" lem="su" num="p" person="3" pos="dp3cp0" postype="possessive" wd="sus"/>
                        </spec>
                        <grup.nom gen="m" num="p">
                          <n gen="m" lem="asesino" num="p" pos="ncmp000" postype="common" sense="16:07423684" wd="asesinos"/>
                        </grup.nom>
                      </sn>
                    </sp>
                  </S>
                </grup.nom>
              </sn>
            </sp>
          </grup.nom>
        </sn>
      </S>
    </S>
    <f lem="." pos="fp" punct="period" wd="."/>
  </sentence>
  <sentence>
    <f lem="-" pos="fg" punct="hyphen" wd="-"/>
    <grup.verb>
      <v lem="servir" lss="C41.state-benefactive" mood="indicative" num="s" person="3" pos="vmip3s0" postype="main" tense="present" wd="Sirve"/>
    </grup.verb>
    <sp arg="argM" func="cc" tem="adv">
      <prep>
        <s lem="de" pos="sps00" postype="preposition" wd="de"/>
      </prep>
      <sn>
        <grup.nom gen="m" num="s">
          <p gen="c" lem="algo" num="s" pos="pi0cs000" postype="indefinite" wd="algo"/>
        </grup.nom>
      </sn>
    </sp>
    <sn arg="arg1" func="suj" tem="tem">
      <spec gen="f" num="s">
        <d gen="f" lem="ese" num="s" pos="dd0fs0" postype="demonstrative" wd="esa"/>
      </spec>
      <grup.nom gen="f" num="s">
        <n gen="f" lem="muerte" lexicalid="noun.muerte.1.default" num="s" origin="deverbal" pos="ncfs000" postype="common" sense="16:05479076" wd="muerte"/>
        <s.a complex="yes" func="cn" gen="f" num="s">
          <grup.a coord="yes" gen="f" num="s">
            <grup.a gen="f" num="s">
              <a gen="c" lem="salvaje" num="s" pos="aq0cs0" postype="qualificative" wd="salvaje"/>
            </grup.a>
            <conj conjunctiontype="coordinating">
              <c lem="y" pos="cc" postype="coordinating" wd="y"/>
            </conj>
            <grup.a gen="f" num="s">
              <a gen="f" lem="absurdo" num="s" pos="aq0fs0" postype="qualificative" wd="absurda"/>
            </grup.a>
          </grup.a>
        </s.a>
      </grup.nom>
    </sn>
    <f lem="?" pos="fit" punct="questionmark" punctenclose="close" wd="?"/>
  </sentence>
  <sentence>
    <f lem="-" pos="fg" punct="hyphen" wd="-"/>
    <grup.verb>
      <v lem="ser" lss="C21.state-attributive" mood="indicative" num="s" person="3" pos="vsip3s0" postype="semiauxiliary" tense="present" wd="Es"/>
    </grup.verb>
    <sa arg="arg2" func="atr" tem="atr">
      <grup.a>
        <a gen="f" lem="cierto" num="s" pos="aq0fs0" postype="qualificative" wd="cierta"/>
      </grup.a>
    </sa>
    <sn arg="arg1" func="suj" tem="tem">
      <spec gen="f" num="s">
        <d gen="f" lem="ese" num="s" pos="dd0fs0" postype="demonstrative" wd="esa"/>
      </spec>
      <grup.nom gen="f" num="s">
        <n gen="f" lem="versión" lexicalid="noun.versión.1.default" num="s" origin="deverbal" pos="ncfs000" postype="common" sense="16:05362628" wd="versión"/>
        <s.a complex="yes" func="cn" gen="f" num="s">
          <grup.a coord="yes" gen="f" num="s">
            <grup.a gen="f" num="s">
              <a gen="f" lem="cristiano" num="s" pos="aq0fs0" postype="qualificative" wd="cristiana"/>
            </grup.a>
            <conj conjunctiontype="coordinating">
              <c lem="y" pos="cc" postype="coordinating" wd="y"/>
            </conj>
            <grup.a gen="f" num="s">
              <a gen="f" lem="consolador" num="s" pos="aq0fs0" postype="qualificative" wd="consoladora"/>
            </grup.a>
          </grup.a>
        </s.a>
        <S clausetype="relative" func="cn">
          <relatiu arg="arg0" func="suj" tem="agt">
            <p gen="c" lem="que" num="c" pos="pr0cn000" postype="relative" wd="que"/>
          </relatiu>
          <grup.verb>
            <v lem="asegurar" lss="A32.ditransitive-patient-benefactive" mood="indicative" num="s" person="3" pos="vmip3s0" postype="main" tense="present" wd="asegura"/>
          </grup.verb>
          <S arg="arg1" clausetype="completive" func="cd" tem="pat">
            <conj conjunctiontype="subordinating">
              <c lem="que" pos="cs" postype="subordinating" wd="que"/>
            </conj>
            <sn arg="arg1" func="suj" tem="tem">
              <spec gen="m" num="p">
                <d gen="m" lem="el" num="p" pos="da0mp0" postype="article" wd="los"/>
              </spec>
              <grup.nom gen="m" num="p">
                <n gen="m" lem="sacrificio" lexicalid="noun.sacrificio.1.default" num="p" origin="deverbal" pos="ncmp000" postype="common" sense="16:00147781" wd="sacrificios"/>
              </grup.nom>
            </sn>
            <neg func="mod">
              <r lem="no" pos="rn" postype="negative" wd="no"/>
            </neg>
            <grup.verb>
              <v lem="ser" lss="C21.state-attributive" mood="indicative" num="p" person="3" pos="vsip3p0" postype="semiauxiliary" tense="present" wd="son"/>
            </grup.verb>
            <sa arg="arg2" func="atr" tem="atr">
              <grup.a>
                <a gen="c" lem="inútil" num="p" pos="aq0cp0" postype="qualificative" wd="inútiles"/>
              </grup.a>
            </sa>
          </S>
        </S>
      </grup.nom>
    </sn>
    <f lem="?" pos="fit" punct="questionmark" punctenclose="close" wd="?"/>
  </sentence>
  <sentence coord="yes">
    <S verbless="yes">
      <sadv>
        <grup.adv>
          <r lem="probablemente" pos="rg" wd="Probablemente"/>
        </grup.adv>
      </sadv>
      <neg>
        <r lem="no" pos="rn" postype="negative" wd="no"/>
      </neg>
    </S>
    <f lem=";" pos="fx" punct="semicolon" wd=";"/>
    <S>
      <sadv arg="argM" func="cc" tem="adv">
        <grup.adv>
          <r lem="probablemente" pos="rg" wd="probablemente"/>
        </grup.adv>
        <f lem="," pos="fc" punct="comma" wd=","/>
      </sadv>
      <sp arg="argM" func="cc" tem="loc">
        <prep>
          <s lem="en" pos="sps00" postype="preposition" wd="en"/>
        </prep>
        <sn>
          <spec gen="f" num="s">
            <d gen="f" lem="el" num="s" pos="da0fs0" postype="article" wd="la"/>
          </spec>
          <grup.nom gen="f" num="s">
            <n gen="f" lem="historia" num="s" pos="ncfs000" postype="common" sense="16:10851812" wd="historia"/>
            <s.a gen="f" num="s">
              <grup.a gen="f" num="s">
                <a gen="f" lem="concreto" num="s" pos="aq0fs0" postype="qualificative" wd="concreta"/>
              </grup.a>
            </s.a>
            <sp>
              <prep>
                <s lem="de" pos="sps00" postype="preposition" wd="de"/>
              </prep>
              <sn>
                <spec gen="m" num="p">
                  <d gen="m" lem="el" num="p" pos="da0mp0" postype="article" wd="los"/>
                </spec>
                <grup.nom gen="m" num="p">
                  <n gen="m" lem="suburbio" num="p" pos="ncmp000" postype="common" sense="16:06306119" wd="suburbios"/>
                  <s.a gen="m" num="p">
                    <grup.a gen="m" num="p">
                      <a gen="m" lem="limeño" num="p" pos="aq0mp0" postype="qualificative" wd="limeños"/>
                    </grup.a>
                  </s.a>
                </grup.nom>
              </sn>
            </sp>
          </grup.nom>
        </sn>
      </sp>
      <sn arg="arg1" func="suj" tem="tem">
        <spec gen="f" num="s">
          <d gen="f" lem="el" num="s" pos="da0fs0" postype="article" wd="la"/>
        </spec>
        <grup.nom gen="f" num="s">
          <n gen="f" lem="desaparición" lexicalid="noun.desaparición.2.default" num="s" origin="deverbal" pos="ncfs000" postype="common" sense="16:00029712" wd="desaparición"/>
          <sp arg="arg1" func="cn" tem="tem">
            <prep>
              <s lem="de" pos="sps00" postype="preposition" wd="de"/>
            </prep>
            <sn entityref="ne" ne="person">
              <grup.nom gen="f" num="s">
                <n lem="María_Elena" ne="person" pos="np0000p" postype="proper" sense="16:cs1" wd="María_Elena"/>
              </grup.nom>
            </sn>
          </sp>
        </grup.nom>
      </sn>
      <grup.verb>
        <v lem="ser" lss="C21.state-attributive" mood="subjunctive" num="s" person="3" pos="vssp3s0" postype="semiauxiliary" tense="present" wd="sea"/>
      </grup.verb>
      <sadv arg="argM" func="cc" tem="adv">
        <spec>
          <r lem="tanto" pos="rg" wd="tan"/>
        </spec>
        <grup.adv>
          <r lem="sólo" pos="rg" wd="sólo"/>
        </grup.adv>
      </sadv>
      <sn arg="arg2" func="atr" tem="atr">
        <spec gen="f" num="s">
          <d gen="f" lem="uno" num="s" pos="di0fs0" postype="indefinite" wd="una"/>
        </spec>
        <grup.nom gen="f" num="s">
          <n gen="f" lem="catástrofe" num="s" pos="ncfs000" postype="common" sense="16:05452645" wd="catástrofe"/>
        </grup.nom>
      </sn>
    </S>
    <f lem="." pos="fp" punct="period" wd="."/>
  </sentence>
</article>
