<?xml version="1.0" encoding="UTF-8" standalone="no"?>
<!-- 

  ancora-2.0
       
			Copyright (C) 2007, 2008, 2009, 2010, 2011 UB - CLiC
			Centre de Llenguatge i Computació - Universitat de Barcelona
 
  This file is part of ancora-2.0.
 
  ancora-2.0 is free software and data: you can redistribute it and/or modify
  it under the terms of the GNU General Public License as published
  by the Free Software Foundation, either version 3 of the License,
  or (at your option) any later version.

  ancora-2.0 is distributed in the hope that it will be useful,
  but WITHOUT ANY WARRANTY; without even the implied warranty of
  MERCHANTABILITY or FITNESS FOR A PARTICULAR PURPOSE.  See the
  GNU General Public License for more details.
 
  You should have received a copy of the GNU General Public License
  along with ancora-2.0.  If not, see &lt;http://www.gnu.org/licenses/&gt;.
 
  Check a text in catalan explaining the terms of the license at http://www.softcatala.cat/wiki/GPL3.
  In spanish at http://www.viti.es/gnu/licenses/gpl.html
 

  The following paper must be cited when using this corpus:

 * Taulé, M., M.A. Martí, M. Recasens (2008) 'Ancora: Multilevel Annotated Corpora for Catalan and Spanish',
   Proceedings of 6th International Conference on Language Resources and Evaluation. Marrakesh (Morocco).

  In addition, the following paper must be cited if coreference information (attributes entity, coreftype,
  corefsubtype, homophoricDD or entityref) is used:

 * Recasens, Marta, M. Antònia Martí (2010) ‘AnCora-CO: Coreferentially annotated corpora for Spanish and
   Catalan’. Language Resources and Evaluation, Springer Science.

  Additionally, the following paper must be cited when argumental attributes in "sn" or "grup.nom"
  (attributes func, arg, tem or lexicalid) are used:

 * Peris, Aina, Mariona Taulé, Horacio Rodríguez (2010) ‘Semantic Annotation of Deverbal Nominalizations in the
   Spanish AnCora corpus’. Treebanks and Linguistic Theories (TLT-2010), Estonia.
-->
<article lng="es">
  <sentence>
    <conj conjunctiontype="coordinating" func="et">
      <c lem="pero" pos="cc" postype="coordinating" wd="Pero"/>
    </conj>
    <sn arg="arg0" elliptic="yes" func="suj" tem="agt"/>
    <sadv arg="argM" func="cc" tem="adv">
      <grup.adv>
        <r lem="sí" pos="rg" wd="sí"/>
      </grup.adv>
    </sadv>
    <grup.verb>
      <v lem="creer" lss="A21.transitive-agentive-patient" mood="indicative" num="s" person="1" pos="vmip1s0" postype="main" tense="present" wd="creo"/>
    </grup.verb>
    <S arg="arg1" clausetype="completive" func="cd" tem="pat">
      <conj conjunctiontype="subordinating">
        <c lem="que" pos="cs" postype="subordinating" wd="que"/>
      </conj>
      <sn arg="arg1" coord="yes" func="suj" tem="tem">
        <sn>
          <spec gen="f" num="s">
            <d gen="f" lem="el" num="s" pos="da0fs0" postype="article" wd="la"/>
          </spec>
          <grup.nom gen="f" num="s">
            <n gen="f" lem="vida" num="s" pos="ncfs000" postype="common" sense="16:10865688" wd="vida"/>
            <sp>
              <prep>
                <s lem="de" pos="sps00" postype="preposition" wd="de"/>
              </prep>
              <sn entityref="ne" ne="person">
                <grup.nom gen="m" num="s">
                  <n lem="Moyano" ne="person" pos="np0000p" postype="proper" sense="16:cs1" wd="Moyano"/>
                </grup.nom>
              </sn>
            </sp>
          </grup.nom>
        </sn>
        <f lem="," pos="fc" punct="comma" wd=","/>
        <sn>
          <spec gen="f" num="s">
            <d gen="c" lem="su" num="s" person="3" pos="dp3cs0" postype="possessive" wd="su"/>
          </spec>
          <grup.nom gen="f" num="s">
            <n gen="f" lem="entereza" num="s" pos="ncfs000" postype="common" sense="16:03929156" wd="entereza"/>
            <sp>
              <prep>
                <s lem="hasta" pos="sps00" postype="preposition" wd="hasta"/>
              </prep>
              <sn>
                <spec gen="m" num="s">
                  <d gen="m" lem="el" num="s" pos="da0ms0" postype="article" wd="el"/>
                </spec>
                <grup.nom gen="m" num="s">
                  <n gen="m" lem="final" num="s" pos="ncms000" postype="common" sense="16:10442122" wd="final"/>
                </grup.nom>
              </sn>
            </sp>
          </grup.nom>
        </sn>
        <conj conjunctiontype="coordinating">
          <c lem="y" pos="cc" postype="coordinating" wd="y"/>
        </conj>
        <sn>
          <spec gen="m" num="s">
            <d gen="c" lem="su" num="s" person="3" pos="dp3cs0" postype="possessive" wd="su"/>
          </spec>
          <grup.nom gen="m" num="s">
            <n gen="m" lem="coraje" num="s" pos="ncms000" postype="common" sense="16:03805961" wd="coraje"/>
          </grup.nom>
        </sn>
        <f lem="," pos="fc" punct="comma" wd=","/>
      </sn>
      <grup.verb>
        <v lem="formar_parte" lss="C21.state-attributive" mood="indicative" num="s" person="3" pos="vmip3s0" postype="main" tense="present" wd="forma_parte"/>
      </grup.verb>
      <sp arg="arg2" coord="yes" func="creg" tem="atr">
        <sp>
          <prep>
            <s contracted="yes" gen="m" lem="del" num="s" pos="spcms" postype="preposition" wd="del"/>
          </prep>
          <sn>
            <grup.nom gen="m" num="s">
              <n gen="m" lem="legado" num="s" pos="ncms000" postype="common" sense="16:00051119" wd="legado"/>
              <sp>
                <prep>
                  <s lem="de" pos="sps00" postype="preposition" wd="de"/>
                </prep>
                <sn>
                  <spec gen="m" num="p">
                    <d gen="m" lem="el" num="p" pos="da0mp0" postype="article" wd="los"/>
                  </spec>
                  <grup.nom gen="m" num="p">
                    <n gen="m" lem="humano" num="p" pos="ncmp000" postype="common" sense="16:00004123" wd="humanos"/>
                  </grup.nom>
                </sn>
              </sp>
            </grup.nom>
          </sn>
        </sp>
        <f lem="," pos="fc" punct="comma" wd=","/>
        <sp>
          <prep>
            <s contracted="yes" gen="m" lem="del" num="s" pos="spcms" postype="preposition" wd="del"/>
          </prep>
          <sn>
            <grup.nom gen="m" num="s">
              <n gen="m" lem="inconsciente" num="s" pos="ncms000" postype="common" sense="16:04347243" wd="inconsciente"/>
              <s.a gen="m" num="s">
                <grup.a gen="m" num="s">
                  <a gen="m" lem="colectivo" num="s" pos="aq0ms0" postype="qualificative" wd="colectivo"/>
                </grup.a>
              </s.a>
            </grup.nom>
          </sn>
        </sp>
        <f lem="," pos="fc" punct="comma" wd=","/>
        <sp>
          <prep>
            <s lem="de" pos="sps00" postype="preposition" wd="de"/>
          </prep>
          <sn>
            <spec gen="f" num="s">
              <d gen="f" lem="el" num="s" pos="da0fs0" postype="article" wd="la"/>
            </spec>
            <grup.nom gen="f" num="s">
              <n gen="f" lem="sustancia" num="s" pos="ncfs000" postype="common" sense="16:04546812" wd="sustancia"/>
              <s.a gen="f" num="s">
                <grup.a gen="f" num="s">
                  <a gen="c" lem="común" num="s" pos="aq0cs0" postype="qualificative" wd="común"/>
                </grup.a>
              </s.a>
              <S clausetype="relative">
                <relatiu arg="arg2" func="atr" tem="atr">
                  <p gen="c" lem="que" num="c" pos="pr0cn000" postype="relative" wd="que"/>
                </relatiu>
                <sn arg="arg1" func="suj" tem="tem">
                  <grup.nom gen="m" num="p">
                    <p gen="m" lem="todo" num="p" pos="pi0mp000" postype="indefinite" wd="todos"/>
                  </grup.nom>
                </sn>
                <grup.verb>
                  <v lem="ser" lss="C21.state-attributive" mood="indicative" num="p" person="1" pos="vsip1p0" postype="semiauxiliary" tense="present" wd="somos"/>
                </grup.verb>
              </S>
            </grup.nom>
          </sn>
        </sp>
      </sp>
    </S>
    <f lem="." pos="fp" punct="period" wd="."/>
  </sentence>
  <sentence>
    <conj conjunctiontype="coordinating" func="et">
      <c lem="y" pos="cc" postype="coordinating" wd="Y"/>
    </conj>
    <S clausesubtype="concessive" clausetype="adverbial" func="ao">
      <sadv func="mod">
        <grup.adv>
          <r lem="aun" pos="rg" wd="aun"/>
        </grup.adv>
      </sadv>
      <conj conjunctiontype="subordinating">
        <c lem="cuando" pos="cs" postype="subordinating" wd="cuando"/>
      </conj>
      <sn arg="arg0" elliptic="yes" func="suj" tem="agt"/>
      <sn arg="arg1" func="cd" tem="pat">
        <grup.nom gen="f" num="s">
          <p case="accusative" gen="f" lem="él" num="s" person="3" pos="pp3fsa00" postype="personal" wd="la"/>
        </grup.nom>
      </sn>
      <grup.verb>
        <v lem="olvidar" lss="A21.transitive-agentive-patient" mood="subjunctive" num="p" person="1" pos="vmsp1p0" postype="main" tense="present" wd="olvidemos"/>
      </grup.verb>
      <S arg="argM" clausetype="adverbial" func="cc" tem="mnr">
        <f lem="," pos="fc" punct="comma" wd=","/>
        <conj conjunctiontype="subordinating">
          <c lem="como" pos="cs" postype="subordinating" wd="como"/>
        </conj>
        <sn arg="arg0" elliptic="yes" func="suj" tem="agt"/>
        <grup.verb>
          <v lem="haber" mood="indicative" num="p" person="1" pos="vaip1p0" postype="auxiliary" tense="present" wd="hemos"/>
          <v gen="m" lem="olvidar" lss="A21.transitive-agentive-patient" mood="participle" num="s" pos="vmp00sm" postype="main" wd="olvidado"/>
        </grup.verb>
        <sp arg="arg1" func="cd" tem="pat">
          <prep>
            <s lem="a" pos="sps00" postype="preposition" wd="a"/>
          </prep>
          <sn>
            <spec gen="m" num="p">
              <d gen="m" lem="todo" num="p" pos="di0mp0" postype="indefinite" wd="todos"/>
              <d gen="m" lem="el" num="p" pos="da0mp0" postype="article" wd="los"/>
              <d gen="c" lem="demás" num="p" pos="di0cp0" postype="indefinite" wd="demás"/>
            </spec>
            <grup.nom gen="m" num="p">
              <n gen="m" lem="héroe" num="p" pos="ncmp000" postype="common" sense="16:07147424" wd="héroes"/>
              <s.a gen="m" num="p">
                <grup.a gen="m" num="p">
                  <a gen="m" lem="anónimo" num="p" pos="aq0mp0" postype="qualificative" wd="anónimos"/>
                </grup.a>
              </s.a>
            </grup.nom>
          </sn>
        </sp>
        <f lem="," pos="fc" punct="comma" wd=","/>
      </S>
    </S>
    <grup.verb>
      <v lem="ser" lss="C21.state-attributive" mood="indicative" num="s" person="3" pos="vsip3s0" postype="semiauxiliary" tense="present" wd="es"/>
    </grup.verb>
    <sp arg="arg2" coord="yes" func="atr" tem="atr">
      <sp>
        <prep>
          <s lem="gracias_a" pos="sps00" postype="preposition" wd="gracias_a"/>
        </prep>
        <sn>
          <grup.nom gen="f" num="s">
            <p gen="f" lem="él" num="s" person="3" pos="pp3fs000" postype="personal" wd="ella"/>
          </grup.nom>
        </sn>
        <f lem="," pos="fc" punct="comma" wd=","/>
      </sp>
      <conj conjunctiontype="coordinating">
        <c lem="y" pos="cc" postype="coordinating" wd="y"/>
      </conj>
      <sp>
        <prep>
          <s lem="a" pos="sps00" postype="preposition" wd="a"/>
        </prep>
        <sn>
          <grup.nom gen="f" num="p">
            <n gen="f" lem="gente" num="p" pos="ncfp000" postype="common" sense="16:06080290" wd="gentes"/>
            <sp>
              <prep>
                <c lem="como" pos="cs" postype="subordinating" wd="como"/>
              </prep>
              <sn>
                <grup.nom gen="f" num="s">
                  <p gen="f" lem="él" num="s" person="3" pos="pp3fs000" postype="personal" wd="ella"/>
                </grup.nom>
              </sn>
            </sp>
          </grup.nom>
        </sn>
      </sp>
    </sp>
    <S arg="arg1" clausetype="completive" func="suj" tem="tem">
      <f lem="," pos="fc" punct="comma" wd=","/>
      <conj conjunctiontype="subordinating">
        <c lem="que" pos="cs" postype="subordinating" wd="que"/>
      </conj>
      <sn arg="arg1" func="suj" tem="tem">
        <spec gen="f" num="s">
          <d gen="f" lem="el" num="s" pos="da0fs0" postype="article" wd="la"/>
        </spec>
        <grup.nom gen="f" num="s">
          <n gen="f" lem="humanidad" num="s" pos="ncfs000" postype="common" sense="16:05957670" wd="humanidad"/>
        </grup.nom>
      </sn>
      <grup.verb>
        <v lem="poder" mood="indicative" num="s" person="3" pos="vmip3s0" postype="main" tense="present" wd="puede"/>
        <infinitiu>
          <v lem="perseverar" lss="C21.state-attributive" mood="infinitive" pos="vmn0000" postype="main" wd="perseverar"/>
        </infinitiu>
      </grup.verb>
      <sp arg="arg2" func="creg" tem="atr">
        <prep>
          <s lem="en" pos="sps00" postype="preposition" wd="en"/>
        </prep>
        <sn>
          <spec gen="m" num="s">
            <d gen="m" lem="el" num="s" pos="da0ms0" postype="article" wd="el"/>
          </spec>
          <grup.nom gen="m" num="s">
            <n gen="m" lem="sueño" num="s" pos="ncms000" postype="common" sense="16:04357044" wd="sueño"/>
            <sp>
              <prep>
                <s lem="de" pos="sps00" postype="preposition" wd="de"/>
              </prep>
              <sn coord="yes">
                <sn>
                  <spec gen="f" num="s">
                    <d gen="f" lem="el" num="s" pos="da0fs0" postype="article" wd="la"/>
                  </spec>
                  <grup.nom gen="f" num="s">
                    <n gen="f" lem="felicidad" num="s" pos="ncfs000" postype="common" sense="16:05595732" wd="felicidad"/>
                  </grup.nom>
                </sn>
                <conj conjunctiontype="coordinating">
                  <c lem="y" pos="cc" postype="coordinating" wd="y"/>
                </conj>
                <sn>
                  <spec gen="f" num="s">
                    <d gen="f" lem="el" num="s" pos="da0fs0" postype="article" wd="la"/>
                  </spec>
                  <grup.nom gen="f" num="s">
                    <n gen="f" lem="razón" num="s" pos="ncfs000" postype="common" sense="16:04370938" wd="razón"/>
                  </grup.nom>
                </sn>
              </sn>
            </sp>
          </grup.nom>
        </sn>
      </sp>
    </S>
    <f lem="." pos="fp" punct="period" wd="."/>
  </sentence>
  <sentence verbless="yes">
    <S clausetype="adverbial">
      <conj conjunctiontype="subordinating">
        <c lem="porque" pos="cs" postype="subordinating" wd="Porque"/>
      </conj>
      <sn arg="arg0" func="suj" tem="agt">
        <grup.nom gen="m" num="p">
          <p gen="m" lem="él" num="p" person="3" pos="pp3mp000" postype="personal" wd="ellos"/>
        </grup.nom>
      </sn>
      <sn arg="arg2" func="ci" tem="ben">
        <grup.nom num="p">
          <p gen="c" lem="yo" num="p" person="1" pos="pp1cp000" postype="personal" wd="nos"/>
        </grup.nom>
      </sn>
      <grup.verb>
        <v lem="demostrar" lss="A21.transitive-agentive-patient" mood="indicative" num="p" person="3" pos="vmip3p0" postype="main" tense="present" wd="demuestran"/>
      </grup.verb>
      <S arg="arg1" clausetype="completive" func="cd" tem="pat">
        <conj conjunctiontype="subordinating">
          <c lem="que" pos="cs" postype="subordinating" wd="que"/>
        </conj>
        <sn arg="arg1" func="suj" tem="tem">
          <spec gen="m" num="s">
            <d gen="m" lem="el" num="s" pos="da0ms0" postype="article" wd="el"/>
          </spec>
          <grup.nom gen="m" num="s">
            <n gen="m" lem="bien" num="s" pos="ncms000" postype="common" sense="16:04005893" wd="bien"/>
          </grup.nom>
        </sn>
        <sadv func="mod">
          <grup.adv>
            <r lem="también" pos="rg" wd="también"/>
          </grup.adv>
        </sadv>
        <grup.verb>
          <v lem="existir" lss="C11.state-existential" mood="indicative" num="s" person="3" pos="vmip3s0" postype="main" tense="present" wd="existe"/>
        </grup.verb>
      </S>
    </S>
    <f lem="." pos="fp" punct="period" wd="."/>
    <f lem="." pos="fp" punct="period" wd="."/>
  </sentence>
  <sentence>
    <S arg="argM" clausetype="adverbial" func="cc" tem="cau">
      <conj conjunctiontype="subordinating">
        <c lem="como" pos="cs" postype="subordinating" wd="Como"/>
      </conj>
      <grup.verb>
        <v lem="hacer" lss="C11.state-existential" mood="indicative" num="s" person="3" pos="vmii3s0" postype="main" tense="imperfect" wd="hacía"/>
      </grup.verb>
      <sn arg="arg1" func="cd" functype="quantitative" tem="tem">
        <grup.nom gen="m" num="s">
          <s.a gen="m" num="s">
            <grup.a gen="m" num="s">
              <a gen="m" lem="buen" num="s" pos="aq0ms0" postype="qualificative" wd="buen"/>
            </grup.a>
          </s.a>
          <n gen="m" lem="tiempo" num="s" pos="ncms000" postype="common" sense="16:07847974" wd="tiempo"/>
        </grup.nom>
      </sn>
    </S>
    <sn arg="arg0" elliptic="yes" func="suj" tem="agt"/>
    <grup.verb>
      <v lem="decidir" lss="A21.transitive-agentive-patient" mood="indicative" num="s" person="3" pos="vmis3s0" postype="main" tense="past" wd="decidió"/>
    </grup.verb>
    <S arg="arg1" clausetype="completive" func="cd" impersonal="yes" tem="pat">
      <infinitiu>
        <v lem="salir" lss="B11.unaccusative-motion" mood="infinitive" pos="vmn0000" postype="main" wd="salir"/>
      </infinitiu>
    </S>
    <f lem="." pos="fp" punct="period" wd="."/>
  </sentence>
  <sentence>
    <sn arg="arg0" elliptic="yes" func="suj" tem="agt"/>
    <grup.verb>
      <v lem="ir" mood="indicative" num="s" person="3" pos="vmii3s0" postype="main" tense="imperfect" wd="Iba"/>
      <gerundi>
        <v lem="arrastrar" lss="A31.ditransitive-patient-locative" mood="gerund" pos="vmg0000" postype="main" wd="arrastrando"/>
      </gerundi>
    </grup.verb>
    <sadv arg="argM" func="cc" tem="adv">
      <grup.adv>
        <r lem="un_poco" pos="rg" wd="un_poco"/>
      </grup.adv>
    </sadv>
    <sn arg="arg1" func="cd" tem="pat">
      <spec gen="m" num="p">
        <d gen="m" lem="el" num="p" pos="da0mp0" postype="article" wd="los"/>
      </spec>
      <grup.nom gen="m" num="p">
        <n gen="m" lem="pie" num="p" pos="ncmp000" postype="common" sense="16:01661550" wd="pies"/>
      </grup.nom>
    </sn>
    <S arg="argM" clausetype="adverbial" func="cc" tem="cau">
      <conj conjunctiontype="subordinating">
        <c lem="porque" pos="cs" postype="subordinating" wd="porque"/>
      </conj>
      <sn arg="arg1" elliptic="yes" func="suj" tem="tem"/>
      <sadv arg="argM" func="cc" tem="adv">
        <grup.adv>
          <r lem="aún" pos="rg" wd="aún"/>
        </grup.adv>
      </sadv>
      <neg func="mod">
        <r lem="no" pos="rn" postype="negative" wd="no"/>
      </neg>
      <morfema.pronominal>
        <p gen="c" lem="él" num="c" person="3" pos="p0300000" wd="se"/>
      </morfema.pronominal>
      <grup.verb>
        <v lem="haber" mood="indicative" num="s" person="3" pos="vaii3s0" postype="auxiliary" tense="imperfect" wd="había"/>
        <v gen="m" lem="reponer" lss="B21.unaccusative-state" mood="participle" num="s" pos="vmp00sm" postype="main" wd="repuesto"/>
      </grup.verb>
      <sadv arg="argM" func="cc" tem="adv">
        <grup.adv>
          <r lem="del_todo" pos="rg" wd="del_todo"/>
        </grup.adv>
      </sadv>
      <sp arg="arg2" func="cc" tem="ein">
        <prep>
          <s contracted="yes" gen="m" lem="del" num="s" pos="spcms" postype="preposition" wd="del"/>
        </prep>
        <sn>
          <grup.nom gen="m" num="s">
            <s.a func="cn" gen="m" num="s">
              <grup.a gen="m" num="s">
                <a gen="m" lem="último" num="s" pos="ao0ms0" postype="ordinal" wd="último"/>
              </grup.a>
            </s.a>
            <n gen="m" lem="ataque" lexicalid="noun.ataque.1.default" num="s" origin="deverbal" pos="ncms000" postype="common" sense="16:00494444" wd="ataque"/>
          </grup.nom>
        </sn>
      </sp>
    </S>
    <f lem="." pos="fp" punct="period" wd="."/>
  </sentence>
  <sentence verbless="yes">
    <S clausesubtype="concessive" clausetype="adverbial">
      <conj conjunctiontype="subordinating">
        <c lem="aunque" pos="cs" postype="subordinating" wd="Aunque"/>
      </conj>
      <sadv func="mod">
        <grup.adv>
          <r lem="quizá" pos="rg" wd="quizá"/>
        </grup.adv>
      </sadv>
      <sn arg="arg0" elliptic="yes" func="suj" tem="agt"/>
      <sadv arg="argM" func="cc" tem="tmp">
        <grup.adv>
          <r lem="ya" pos="rg" wd="ya"/>
        </grup.adv>
      </sadv>
      <neg func="mod">
        <r lem="no" pos="rn" postype="negative" wd="no"/>
      </neg>
      <grup.verb>
        <v lem="lograr" lss="A21.transitive-agentive-patient" mood="subjunctive" num="s" person="3" pos="vmsi3s0" postype="main" tense="imperfect" wd="lograra"/>
      </grup.verb>
      <S arg="arg1" clausetype="completive" func="cd" impersonal="yes" tem="pat">
        <infinitiu>
          <v lem="reponer" lss="B21.unaccusative-state" mood="infinitive" pos="vmn0000" postype="main" wd="reponerse"/>
        </infinitiu>
      </S>
    </S>
    <f lem="." pos="fp" punct="period" wd="."/>
  </sentence>
  <sentence>
    <sadv func="mod">
      <grup.adv>
        <r lem="quizá" pos="rg" wd="Quizá"/>
      </grup.adv>
    </sadv>
    <sn arg="arg1" elliptic="yes" func="suj" tem="tem"/>
    <sadv arg="argM" func="cc" tem="tmp">
      <grup.adv>
        <r lem="ya" pos="rg" wd="ya"/>
      </grup.adv>
    </sadv>
    <grup.verb>
      <v lem="ir" mood="indicative" num="s" person="3" pos="vmii3s0" postype="main" tense="imperfect" wd="iba"/>
      <s lem="a" pos="sps00" postype="preposition" wd="a"/>
      <infinitiu>
        <v lem="quedar" lss="C21.state-attributive" mood="infinitive" pos="vmn0000" postype="main" wd="quedarse"/>
      </infinitiu>
    </grup.verb>
    <sadv arg="argM" func="cc" tem="mnr">
      <grup.adv>
        <r lem="así" pos="rg" wd="así"/>
      </grup.adv>
    </sadv>
    <f lem="." pos="fp" punct="period" wd="."/>
  </sentence>
  <sentence coord="yes">
    <S>
      <conj conjunctiontype="subordinating" func="et">
        <c lem="porque" pos="cs" postype="subordinating" wd="Porque"/>
      </conj>
      <sn arg="arg0" func="suj" tem="agt">
        <spec gen="m" num="p">
          <d gen="m" lem="el" num="p" pos="da0mp0" postype="article" wd="los"/>
        </spec>
        <grup.nom gen="m" num="p">
          <n gen="m" lem="viejo" num="p" pos="ncmp000" postype="common" sense="16:07442529" wd="viejos"/>
        </grup.nom>
      </sn>
      <grup.verb>
        <v lem="ir" mood="indicative" num="p" person="3" pos="vmip3p0" postype="main" tense="present" wd="van"/>
        <gerundi>
          <v lem="atravesar" lss="A21.transitive-agentive-patient" mood="gerund" pos="vmg0000" postype="main" wd="atravesando"/>
        </gerundi>
      </grup.verb>
      <sn arg="arg1" complex="yes" func="cd" tem="pat">
        <grup.nom coord="yes">
          <grup.nom gen="f" num="p">
            <n gen="f" lem="frontera" num="p" pos="ncfp000" postype="common" sense="16:06279444" wd="fronteras"/>
            <sp>
              <prep>
                <s lem="de" pos="sps00" postype="preposition" wd="de"/>
              </prep>
              <sn>
                <grup.nom gen="f" num="s">
                  <n gen="f" lem="decadencia" num="s" pos="ncfs000" postype="common" sense="16:09730726" wd="decadencia"/>
                </grup.nom>
              </sn>
            </sp>
          </grup.nom>
          <f lem="," pos="fc" punct="comma" wd=","/>
          <grup.nom gen="f" num="p">
            <n gen="c" lem="linde" num="p" pos="nccp000" postype="common" sense="16:cs1" wd="lindes"/>
            <sp>
              <prep>
                <s lem="de" pos="sps00" postype="preposition" wd="de"/>
              </prep>
              <sn>
                <grup.nom gen="m" num="s">
                  <n gen="m" lem="deterioro" lexicalid="noun.deterioro.1.default" num="s" origin="deverbal" pos="ncms000" postype="common" sense="16:09731479" wd="deterioro"/>
                </grup.nom>
              </sn>
            </sp>
            <s.a gen="f" num="p">
              <grup.a gen="f" num="p">
                <a gen="c" lem="irreversible" num="p" pos="aq0cp0" postype="qualificative" wd="irreversibles"/>
              </grup.a>
            </s.a>
          </grup.nom>
        </grup.nom>
      </sn>
      <f lem=";" pos="fx" punct="semicolon" wd=";"/>
    </S>
    <conj conjunctiontype="coordinating">
      <c lem="y" pos="cc" postype="coordinating" wd="y"/>
    </conj>
    <S>
      <sadv arg="argM" func="cc" tem="loc">
        <grup.adv>
          <r lem="atrás" pos="rg" wd="atrás"/>
        </grup.adv>
      </sadv>
      <grup.verb>
        <v lem="ir" mood="indicative" num="s" person="3" pos="vmip3s0" postype="main" tense="present" wd="va"/>
        <gerundi>
          <v lem="quedar" lss="C11.state-existential" mood="gerund" pos="vmg0000" postype="main" wd="quedando"/>
        </gerundi>
      </grup.verb>
      <sn arg="arg1" func="suj" tem="tem">
        <spec gen="f" num="s">
          <d gen="f" lem="el" num="s" pos="da0fs0" postype="article" wd="la"/>
        </spec>
        <grup.nom gen="f" num="s">
          <n gen="f" lem="vida" num="s" pos="ncfs000" postype="common" sense="16:00002880" wd="vida"/>
        </grup.nom>
      </sn>
      <sp arg="argM" func="cc" tem="adv">
        <f lem="," pos="fc" punct="comma" wd=","/>
        <prep>
          <c lem="como" pos="cs" postype="subordinating" wd="como"/>
        </prep>
        <sn>
          <grup.nom gen="f" num="s">
            <n gen="f" lem="tierra" num="s" pos="ncfs000" postype="common" sense="16:06667942" wd="tierra"/>
            <S clausetype="participle" impersonal="yes">
              <participi>
                <a gen="f" lem="quemado" num="s" pos="aq0fsp" posfunction="participle" postype="qualificative" wd="quemada"/>
              </participi>
            </S>
          </grup.nom>
        </sn>
      </sp>
    </S>
    <f lem="." pos="fp" punct="period" wd="."/>
  </sentence>
</article>
