<?xml version="1.0" encoding="UTF-8" standalone="no"?>
<!-- 

  ancora-2.0
       
			Copyright (C) 2007, 2008, 2009, 2010, 2011 UB - CLiC
			Centre de Llenguatge i Computació - Universitat de Barcelona
 
  This file is part of ancora-2.0.
 
  ancora-2.0 is free software and data: you can redistribute it and/or modify
  it under the terms of the GNU General Public License as published
  by the Free Software Foundation, either version 3 of the License,
  or (at your option) any later version.

  ancora-2.0 is distributed in the hope that it will be useful,
  but WITHOUT ANY WARRANTY; without even the implied warranty of
  MERCHANTABILITY or FITNESS FOR A PARTICULAR PURPOSE.  See the
  GNU General Public License for more details.
 
  You should have received a copy of the GNU General Public License
  along with ancora-2.0.  If not, see &lt;http://www.gnu.org/licenses/&gt;.
 
  Check a text in catalan explaining the terms of the license at http://www.softcatala.cat/wiki/GPL3.
  In spanish at http://www.viti.es/gnu/licenses/gpl.html
 

  The following paper must be cited when using this corpus:

 * Taulé, M., M.A. Martí, M. Recasens (2008) 'Ancora: Multilevel Annotated Corpora for Catalan and Spanish',
   Proceedings of 6th International Conference on Language Resources and Evaluation. Marrakesh (Morocco).

  In addition, the following paper must be cited if coreference information (attributes entity, coreftype,
  corefsubtype, homophoricDD or entityref) is used:

 * Recasens, Marta, M. Antònia Martí (2010) ‘AnCora-CO: Coreferentially annotated corpora for Spanish and
   Catalan’. Language Resources and Evaluation, Springer Science.

  Additionally, the following paper must be cited when argumental attributes in "sn" or "grup.nom"
  (attributes func, arg, tem or lexicalid) are used:

 * Peris, Aina, Mariona Taulé, Horacio Rodríguez (2010) ‘Semantic Annotation of Deverbal Nominalizations in the
   Spanish AnCora corpus’. Treebanks and Linguistic Theories (TLT-2010), Estonia.
-->
<article lng="es">
  <sentence>
    <sn arg="argM" func="cc" tem="tmp">
      <v lem="hacer" mood="indicative" num="s" person="3" pos="vmip3s0" postype="main" tense="present" wd="Hace"/>
      <d gen="m" lem="uno" num="s" pos="di0ms0" postype="indefinite" wd="un"/>
      <n gen="m" lem="par" num="s" pos="ncms000" postype="common" sense="16:09918098" wd="par"/>
      <s lem="de" pos="sps00" postype="preposition" wd="de"/>
      <n gen="m" lem="día" num="p" pos="ncmp000" postype="common" sense="16:10878116" wd="días"/>
      <f lem="," pos="fc" punct="comma" wd=","/>
    </sn>
    <sp arg="argM" func="cc" tem="loc">
      <prep>
        <s lem="en" pos="sps00" postype="preposition" wd="en"/>
      </prep>
      <sn>
        <spec gen="f" num="s">
          <d gen="f" lem="uno" num="s" pos="di0fs0" postype="indefinite" wd="una"/>
        </spec>
        <grup.nom gen="f" num="s">
          <s.a gen="f" num="s">
            <grup.a gen="f" num="s">
              <a gen="f" lem="nico" num="s" pos="aq0fs0" postype="qualificative" wd="nica"/>
            </grup.a>
          </s.a>
          <n gen="f" lem="acera" num="s" pos="ncfs000" postype="common" sense="16:03335176" wd="acera"/>
        </grup.nom>
      </sn>
    </sp>
    <sn arg="arg0" elliptic="yes" func="suj" tem="agt"/>
    <grup.verb>
      <v lem="ver" lss="A21.transitive-agentive-patient" mood="indicative" num="s" person="1" pos="vmis1s0" postype="main" tense="past" wd="vi"/>
    </grup.verb>
    <sn arg="arg1" func="cd" tem="pat">
      <spec gen="m" num="p">
        <d gen="c" lem="cinco" num="p" pos="dn0cp0" postype="numeral" wd="cinco"/>
      </spec>
      <grup.nom gen="m" num="p">
        <n gen="m" lem="contenedor" num="p" pos="ncmp000" postype="common" sense="16:02490563" wd="contenedores"/>
        <s.a gen="m" num="p">
          <grup.a gen="m" num="p">
            <a gen="m" lem="junto" num="p" pos="aq0mp0" postype="qualificative" wd="juntos"/>
          </grup.a>
        </s.a>
        <sn coord="yes">
          <f lem=":" pos="fd" punct="colon" wd=":"/>
          <sn>
            <spec gen="m" num="s">
              <d gen="m" lem="uno" num="s" pos="di0ms0" postype="indefinite" wd="un"/>
            </spec>
            <grup.nom gen="m" num="s">
              <n gen="m" lem="contenedor" num="s" pos="ncms000" postype="common" sense="16:02490563" wd="contenedor"/>
              <s.a gen="m" num="s">
                <grup.a gen="m" num="s">
                  <a gen="m" lem="metálico" num="s" pos="aq0ms0" postype="qualificative" wd="metálico"/>
                </grup.a>
              </s.a>
              <s.a gen="m" num="s">
                <grup.a gen="m" num="s">
                  <a gen="c" lem="verde" num="s" pos="aq0cs0" postype="qualificative" wd="verde"/>
                </grup.a>
              </s.a>
              <sp>
                <f lem="(" pos="fpa" punct="bracket" punctenclose="open" wd="("/>
                <prep>
                  <s lem="para" pos="sps00" postype="preposition" wd="para"/>
                </prep>
                <S clausetype="completive" impersonal="yes">
                  <infinitiu>
                    <v lem="reciclar" lss="A21.transitive-agentive-patient" mood="infinitive" pos="vmn0000" postype="main" wd="reciclar"/>
                  </infinitiu>
                  <sn arg="arg1" func="cd" tem="pat">
                    <grup.nom gen="m" num="s">
                      <n gen="m" lem="vidrio" num="s" pos="ncms000" postype="common" sense="16:10675296" wd="vidrio"/>
                    </grup.nom>
                  </sn>
                </S>
                <f lem=")" pos="fpt" punct="bracket" punctenclose="close" wd=")"/>
              </sp>
            </grup.nom>
          </sn>
          <f lem=";" pos="fx" punct="semicolon" wd=";"/>
          <sn>
            <spec gen="m" num="s">
              <d gen="m" lem="uno" num="s" pos="di0ms0" postype="indefinite" wd="un"/>
            </spec>
            <grup.nom gen="m" num="s">
              <n gen="m" lem="contenedor" num="s" pos="ncms000" postype="common" sense="16:02490563" wd="contenedor"/>
              <s.a gen="m" num="s">
                <grup.a gen="m" num="s">
                  <a gen="m" lem="metálico" num="s" pos="aq0ms0" postype="qualificative" wd="metálico"/>
                </grup.a>
              </s.a>
              <s.a gen="m" num="s">
                <grup.a gen="m" num="s">
                  <a gen="m" lem="amarillo" num="s" pos="aq0ms0" postype="qualificative" wd="amarillo"/>
                </grup.a>
              </s.a>
              <sp>
                <f lem="(" pos="fpa" punct="bracket" punctenclose="open" wd="("/>
                <prep>
                  <s lem="para" pos="sps00" postype="preposition" wd="para"/>
                </prep>
                <S clausetype="completive" impersonal="yes">
                  <S clausetype="completive" impersonal="yes">
                    <infinitiu>
                      <v lem="reciclar" lss="A21.transitive-agentive-patient" mood="infinitive" pos="vmn0000" postype="main" wd="reciclar"/>
                    </infinitiu>
                    <sn arg="arg1" func="cd" tem="pat">
                      <grup.nom gen="m" num="p">
                        <n gen="m" lem="papel" num="p" pos="ncmp000" postype="common" sense="16:04731024" wd="papeles"/>
                      </grup.nom>
                    </sn>
                  </S>
                  <S>
                    <f lem=":" pos="fd" punct="colon" wd=":"/>
                    <S clausetype="completive" verbless="yes">
                      <f lem="¡" pos="faa" punct="exclamationmark" punctenclose="open" wd="¡"/>
                      <conj conjunctiontype="coordinating">
                        <c lem="pero" pos="cc" postype="coordinating" wd="pero"/>
                      </conj>
                      <neg>
                        <r lem="no" pos="rn" postype="negative" wd="no"/>
                      </neg>
                      <sn>
                        <grup.nom gen="m" num="p">
                          <n gen="m" lem="cartón" num="p" pos="ncmp000" postype="common" sense="16:10615963" wd="cartones"/>
                        </grup.nom>
                      </sn>
                      <f lem="!" pos="fat" punct="exclamationmark" punctenclose="close" wd="!"/>
                      <f lem="," pos="fc" punct="comma" wd=","/>
                    </S>
                    <sn arg="arg0" elliptic="yes" func="suj" tem="agt"/>
                    <grup.verb>
                      <v lem="aclarar" lss="A21.transitive-agentive-patient" mood="indicative" num="s" person="3" pos="vmii3s0" postype="main" tense="imperfect" wd="aclaraba"/>
                    </grup.verb>
                  </S>
                </S>
                <f lem=")" pos="fpt" punct="bracket" punctenclose="close" wd=")"/>
              </sp>
            </grup.nom>
          </sn>
          <f lem=";" pos="fx" punct="semicolon" wd=";"/>
          <sn>
            <spec gen="m" num="s">
              <d gen="m" lem="otro" num="s" pos="di0ms0" postype="indefinite" wd="otro"/>
            </spec>
            <grup.nom gen="m" num="s">
              <n gen="m" lem="contenedor" num="s" pos="ncms000" postype="common" sense="16:02490563" wd="contenedor"/>
              <s.a gen="m" num="s">
                <grup.a gen="m" num="s">
                  <a gen="c" lem="verde" num="s" pos="aq0cs0" postype="qualificative" wd="verde"/>
                </grup.a>
              </s.a>
              <f lem="(" pos="fpa" punct="bracket" punctenclose="open" wd="("/>
              <conj conjunctiontype="coordinating">
                <c lem="pero" pos="cc" postype="coordinating" wd="pero"/>
              </conj>
              <sp>
                <prep>
                  <s lem="de" pos="sps00" postype="preposition" wd="de"/>
                </prep>
                <sn>
                  <grup.nom gen="m" num="s">
                    <n gen="m" lem="plástico" num="s" pos="ncms000" postype="common" sense="16:10454185" wd="plástico"/>
                  </grup.nom>
                </sn>
              </sp>
              <sp>
                <f lem=":" pos="fd" punct="colon" wd=":"/>
                <prep>
                  <s lem="para" pos="sps00" postype="preposition" wd="para"/>
                </prep>
                <sn>
                  <spec gen="f" num="s">
                    <d gen="f" lem="el" num="s" pos="da0fs0" postype="article" wd="la"/>
                  </spec>
                  <grup.nom gen="f" num="s">
                    <n gen="f" lem="basura" num="s" pos="ncfs000" postype="common" sense="16:06320683" wd="basura"/>
                    <s.a gen="f" num="s">
                      <grup.a gen="f" num="s">
                        <a gen="c" lem="normal" num="s" pos="aq0cs0" postype="qualificative" wd="normal"/>
                      </grup.a>
                    </s.a>
                  </grup.nom>
                </sn>
              </sp>
              <f lem=")" pos="fpt" punct="bracket" punctenclose="close" wd=")"/>
            </grup.nom>
          </sn>
          <f lem=";" pos="fx" punct="semicolon" wd=";"/>
          <sn>
            <spec gen="m" num="s">
              <d gen="m" lem="otro" num="s" pos="di0ms0" postype="indefinite" wd="otro"/>
            </spec>
            <grup.nom gen="m" num="s">
              <n gen="m" lem="contenedor" num="s" pos="ncms000" postype="common" sense="16:02490563" wd="contenedor"/>
              <s.a gen="m" num="s">
                <grup.a gen="m" num="s">
                  <a gen="m" lem="amarillo" num="s" pos="aq0ms0" postype="qualificative" wd="amarillo"/>
                </grup.a>
              </s.a>
              <f lem="(" pos="fpa" punct="bracket" punctenclose="open" wd="("/>
              <s.a coord="yes" gen="m" num="s">
                <s.a gen="m" num="s">
                  <spec>
                    <r lem="más" pos="rg" wd="más"/>
                  </spec>
                  <grup.a gen="m" num="s">
                    <a gen="m" lem="pequeño" num="s" pos="aq0ms0" postype="qualificative" wd="pequeño"/>
                  </grup.a>
                </s.a>
                <f lem="," pos="fc" punct="comma" wd=","/>
                <S clausetype="participle" impersonal="yes">
                  <participi>
                    <a gen="m" lem="acoplado" lss="B22.unaccusative-passive-transitive" num="s" pos="aq0msp" posfunction="participle" postype="qualificative" wd="acoplado"/>
                  </participi>
                  <sp arg="argM" func="cc" tem="loc">
                    <prep>
                      <s contracted="yes" gen="m" lem="al" num="s" pos="spcms" postype="preposition" wd="al"/>
                    </prep>
                    <sp>
                      <prep>
                        <s contracted="yes" gen="m" lem="del" num="s" pos="spcms" postype="preposition" wd="del"/>
                      </prep>
                      <sn>
                        <grup.nom gen="m" num="s">
                          <n gen="m" lem="papel" num="s" pos="ncms000" postype="common" sense="16:04731024" wd="papel"/>
                        </grup.nom>
                      </sn>
                    </sp>
                  </sp>
                </S>
              </s.a>
              <sp>
                <f lem="," pos="fc" punct="comma" wd=","/>
                <prep>
                  <s lem="para" pos="sps00" postype="preposition" wd="para"/>
                </prep>
                <S clausetype="completive" impersonal="yes">
                  <infinitiu>
                    <v lem="reciclar" lss="A21.transitive-agentive-patient" mood="infinitive" pos="vmn0000" postype="main" wd="reciclar"/>
                  </infinitiu>
                  <sn arg="arg1" func="cd" tem="pat">
                    <grup.nom gen="f" num="p">
                      <n gen="f" lem="pila" num="p" pos="ncfp000" postype="common" sense="16:02410439" wd="pilas"/>
                      <s.a gen="f" num="p">
                        <grup.a gen="f" num="p">
                          <a gen="c" lem="normal" num="p" pos="aq0cp0" postype="qualificative" wd="normales"/>
                        </grup.a>
                      </s.a>
                    </grup.nom>
                  </sn>
                </S>
              </sp>
              <f lem=")" pos="fpt" punct="bracket" punctenclose="close" wd=")"/>
            </grup.nom>
            <f lem=";" pos="fx" punct="semicolon" wd=";"/>
          </sn>
          <conj conjunctiontype="coordinating">
            <c lem="y" pos="cc" postype="coordinating" wd="y"/>
          </conj>
          <sn>
            <grup.nom gen="m" num="s">
              <p gen="m" lem="otro" num="s" pos="pi0ms000" postype="indefinite" wd="otro"/>
              <s.a gen="m" num="s">
                <s.a gen="m" num="s">
                  <spec>
                    <r lem="más" pos="rg" wd="más"/>
                  </spec>
                  <grup.a gen="m" num="s">
                    <a gen="m" lem="pequeño" num="s" pos="aq0ms0" postype="qualificative" wd="pequeño"/>
                  </grup.a>
                </s.a>
                <sadv>
                  <grup.adv>
                    <r lem="aún" pos="rg" wd="aún"/>
                  </grup.adv>
                </sadv>
              </s.a>
              <f lem="(" pos="fpa" punct="bracket" punctenclose="open" wd="("/>
              <S clausetype="participle" impersonal="yes">
                <participi>
                  <a gen="m" lem="colocado" lss="B22.unaccusative-passive-transitive" num="s" pos="aq0msp" posfunction="participle" postype="qualificative" wd="colocado"/>
                </participi>
                <sp arg="arg2" func="cc" tem="loc">
                  <prep>
                    <s lem="sobre" pos="sps00" postype="preposition" wd="sobre"/>
                  </prep>
                  <sn>
                    <spec gen="m" num="s">
                      <d gen="m" lem="el" num="s" pos="da0ms0" postype="article" wd="el"/>
                    </spec>
                    <grup.nom gen="m" num="s">
                      <s.a gen="m" num="s">
                        <grup.a gen="m" num="s">
                          <a gen="c" lem="anterior" num="s" pos="aq0cs0" postype="qualificative" wd="anterior"/>
                        </grup.a>
                      </s.a>
                    </grup.nom>
                  </sn>
                </sp>
              </S>
              <sp>
                <prep>
                  <s lem="para" pos="sps00" postype="preposition" wd="para"/>
                </prep>
                <sn>
                  <spec gen="f" num="p">
                    <d gen="f" lem="el" num="p" pos="da0fp0" postype="article" wd="las"/>
                  </spec>
                  <grup.nom gen="f" num="p">
                    <n gen="f" lem="pila" num="p" pos="ncfp000" postype="common" sense="16:02410439" wd="pilas"/>
                    <s.a gen="f" num="p">
                      <grup.a gen="f" num="p">
                        <a gen="f" lem="botón" num="p" pos="aq0fp0" postype="qualificative" wd="botón"/>
                      </grup.a>
                    </s.a>
                  </grup.nom>
                </sn>
              </sp>
              <f lem=")" pos="fpt" punct="bracket" punctenclose="close" wd=")"/>
            </grup.nom>
          </sn>
        </sn>
      </grup.nom>
    </sn>
    <f lem="." pos="fp" punct="period" wd="."/>
  </sentence>
  <sentence verbless="yes">
    <sn complex="yes">
      <grup.nom coord="yes">
        <grup.nom gen="m" num="s">
          <n gen="m" lem="reciclaje" lexicalid="noun.reciclaje.2.default" num="s" origin="deverbal" pos="ncms000" postype="common" sense="16:00607051" wd="Reciclaje"/>
        </grup.nom>
        <f lem="," pos="fc" punct="comma" wd=","/>
        <grup.nom gen="m" num="s">
          <n gen="m" lem="ahorro" lexicalid="noun.ahorro.2.default" num="s" origin="deverbal" pos="ncms000" postype="common" sense="16:00126393" wd="ahorro"/>
        </grup.nom>
        <f lem="," pos="fc" punct="comma" wd=","/>
        <grup.nom gen="m" num="s">
          <n gen="m" lem="aprovechamiento" lexicalid="noun.aprovechamiento.2.default" num="s" origin="deverbal" pos="ncms000" postype="common" sense="16:cs1" wd="aprovechamiento"/>
          <sp arg="arg1" func="cn" tem="pat">
            <prep>
              <s lem="de" pos="sps00" postype="preposition" wd="de"/>
            </prep>
            <sn>
              <spec gen="m" num="p">
                <d gen="m" lem="el" num="p" pos="da0mp0" postype="article" wd="los"/>
              </spec>
              <grup.nom gen="m" num="p">
                <n gen="m" lem="residuo" num="p" pos="ncmp000" postype="common" sense="16:10655982" wd="residuos"/>
              </grup.nom>
            </sn>
          </sp>
        </grup.nom>
        <conj conjunctiontype="coordinating">
          <c lem="y" pos="cc" postype="coordinating" wd="y"/>
        </conj>
        <grup.nom gen="f" num="s">
          <n gen="f" lem="lucha" lexicalid="noun.lucha.3.default" num="s" origin="deverbal" pos="ncfs000" postype="common" sense="16:00505798" wd="lucha"/>
          <sp arg="arg1" func="cn" tem="tem">
            <prep>
              <s lem="contra" pos="sps00" postype="preposition" wd="contra"/>
            </prep>
            <sn>
              <spec gen="m" num="s">
                <d gen="m" lem="el" num="s" pos="da0ms0" postype="article" wd="el"/>
              </spec>
              <grup.nom gen="m" num="s">
                <n gen="m" lem="despilfarro" lexicalid="noun.despilfarro.1.default" num="s" origin="deverbal" pos="ncms000" postype="common" sense="16:03833688" wd="despilfarro"/>
                <s.a arg="arg1" func="cn" gen="m" num="s" tem="pat">
                  <grup.a gen="m" num="s">
                    <a gen="m" lem="energético" num="s" pos="aq0ms0" postype="qualificative" wd="energético"/>
                  </grup.a>
                </s.a>
                <sp arg="arg0" func="cn" tem="agt">
                  <prep>
                    <s lem="de" pos="sps00" postype="preposition" wd="de"/>
                  </prep>
                  <sn>
                    <spec gen="m" num="p">
                      <d gen="m" lem="el" num="p" pos="da0mp0" postype="article" wd="los"/>
                    </spec>
                    <grup.nom gen="m" num="p">
                      <n gen="m" lem="país" num="p" pos="ncmp000" postype="common" sense="16:06299747" wd="países"/>
                      <s.a gen="m" num="p">
                        <grup.a gen="m" num="p">
                          <a gen="m" lem="rico" num="p" pos="aq0mp0" postype="qualificative" wd="ricos"/>
                        </grup.a>
                      </s.a>
                    </grup.nom>
                  </sn>
                </sp>
              </grup.nom>
            </sn>
          </sp>
        </grup.nom>
      </grup.nom>
    </sn>
    <f lem="." pos="fp" punct="period" wd="."/>
  </sentence>
  <sentence>
    <S arg="argM" clausetype="participle" func="cpred" impersonal="yes" predicate="suj" tem="atr">
      <participi>
        <a gen="m" lem="imbuido" lss="B22.unaccusative-passive-transitive" num="s" pos="aq0msp" posfunction="participle" postype="qualificative" wd="Imbuido"/>
      </participi>
      <sp arg="arg2" func="creg" tem="ins">
        <prep>
          <s lem="de" pos="sps00" postype="preposition" wd="de"/>
        </prep>
        <sn>
          <spec gen="m" num="s">
            <d gen="m" lem="ese" num="s" pos="dd0ms0" postype="demonstrative" wd="ese"/>
          </spec>
          <grup.nom gen="m" num="s">
            <n gen="m" lem="espíritu" num="s" pos="ncms000" postype="common" sense="16:10075224" wd="espíritu"/>
          </grup.nom>
        </sn>
      </sp>
      <f lem="," pos="fc" punct="comma" wd=","/>
    </S>
    <sn arg="arg0" func="suj" tem="agt">
      <spec gen="m" num="s">
        <d gen="m" lem="uno" num="s" pos="di0ms0" postype="indefinite" wd="un"/>
      </spec>
      <grup.nom gen="m" num="s">
        <n gen="m" lem="escritor" num="s" pos="ncms000" postype="common" sense="16:07689380" wd="escritor"/>
        <s.a gen="m" num="s">
          <grup.a gen="m" num="s">
            <a gen="m" lem="inglés" num="s" pos="aq0ms0" postype="qualificative" wd="inglés"/>
          </grup.a>
        </s.a>
        <s.a coord="yes" gen="m" num="s">
          <f lem="-" pos="fg" punct="hyphen" wd="-"/>
          <s.a gen="m" num="s">
            <grup.a gen="m" num="s">
              <a gen="c" lem="excepcional" num="s" pos="aq0cs0" postype="qualificative" wd="excepcional"/>
            </grup.a>
          </s.a>
          <conj conjunctiontype="coordinating">
            <c lem="y" pos="cc" postype="coordinating" wd="y"/>
          </conj>
          <s.a gen="m" num="s">
            <grup.a gen="m" num="s">
              <a gen="m" lem="sarcástico" num="s" pos="aq0ms0" postype="qualificative" wd="sarcástico"/>
            </grup.a>
          </s.a>
          <f lem="-" pos="fg" punct="hyphen" wd="-"/>
        </s.a>
      </grup.nom>
    </sn>
    <grup.verb>
      <v lem="proponer" lss="A32.ditransitive-patient-benefactive" mood="indicative" num="s" person="3" pos="vmii3s0" postype="main" tense="imperfect" wd="proponía"/>
    </grup.verb>
    <sn arg="argM" func="cc" tem="tmp">
      <v lem="hacer" mood="indicative" num="s" person="3" pos="vmip3s0" postype="main" tense="present" wd="hace"/>
      <r lem="poco" pos="rg" wd="poco"/>
    </sn>
    <S arg="arg1" clausetype="completive" func="cd" tem="pat">
      <conj conjunctiontype="subordinating">
        <c lem="que" pos="cs" postype="subordinating" wd="que"/>
      </conj>
      <neg func="mod">
        <r lem="no" pos="rn" postype="negative" wd="no"/>
      </neg>
      <morfema.verbal func="pass">
        <p gen="c" lem="se" num="c" pos="p0000000" wd="se"/>
      </morfema.verbal>
      <grup.verb>
        <v lem="tirar" lss="B22.unaccusative-passive-transitive" mood="subjunctive" num="s" person="3" pos="vmsi3s0" postype="main" tense="imperfect" wd="tirase"/>
      </grup.verb>
      <sn arg="arg1" func="suj" tem="pat">
        <spec gen="m" num="s">
          <d gen="m" lem="el" num="s" pos="da0ms0" postype="article" wd="el"/>
        </spec>
        <grup.nom gen="f" num="s">
          <n gen="f" lem="agua" num="s" pos="ncfs000" postype="common" sense="16:10650211" wd="agua"/>
          <sp>
            <prep>
              <s lem="de" pos="sps00" postype="preposition" wd="de"/>
            </prep>
            <sn>
              <spec gen="f" num="s">
                <d gen="f" lem="el" num="s" pos="da0fs0" postype="article" wd="la"/>
              </spec>
              <grup.nom gen="f" num="s">
                <n gen="f" lem="bolsa" num="s" pos="ncfs000" postype="common" sense="16:02236345" wd="bolsa"/>
                <sp>
                  <prep>
                    <s lem="de" pos="sps00" postype="preposition" wd="de"/>
                  </prep>
                  <sn>
                    <grup.nom gen="f" num="s">
                      <n gen="f" lem="agua" num="s" pos="ncfs000" postype="common" sense="16:10650211" wd="agua"/>
                      <s.a gen="f" num="s">
                        <grup.a gen="f" num="s">
                          <a gen="c" lem="caliente" num="s" pos="aq0cs0" postype="qualificative" wd="caliente"/>
                        </grup.a>
                      </s.a>
                    </grup.nom>
                  </sn>
                </sp>
              </grup.nom>
            </sn>
          </sp>
        </grup.nom>
      </sn>
    </S>
    <f lem="." pos="fp" punct="period" wd="."/>
  </sentence>
  <sentence coord="yes">
    <S>
      <S arg="arg1" clausetype="completive" func="suj" impersonal="yes" tem="tem">
        <infinitiu>
          <v lem="tirar" lss="A31.ditransitive-patient-locative" mood="infinitive" pos="vmn0000" postype="main" wd="Tirarla"/>
        </infinitiu>
      </S>
      <inc>
        <S>
          <f lem="," pos="fc" punct="comma" wd=","/>
          <sn arg="arg0" elliptic="yes" func="suj" tem="agt"/>
          <grup.verb>
            <v lem="decir" lss="A32.ditransitive-patient-benefactive" mood="indicative" num="s" person="3" pos="vmii3s0" postype="main" tense="imperfect" wd="decía"/>
          </grup.verb>
          <f lem="," pos="fc" punct="comma" wd=","/>
        </S>
      </inc>
      <grup.verb>
        <v lem="ser" lss="C21.state-attributive" mood="indicative" num="s" person="3" pos="vsip3s0" postype="semiauxiliary" tense="present" wd="es"/>
      </grup.verb>
      <sn arg="arg2" func="atr" tem="atr">
        <spec gen="m" num="s">
          <d gen="m" lem="uno" num="s" pos="di0ms0" postype="indefinite" wd="un"/>
        </spec>
        <grup.nom gen="m" num="s">
          <n gen="m" lem="despilfarro" lexicalid="noun.despilfarro.1.default" num="s" origin="deverbal" pos="ncms000" postype="common" sense="16:03833688" wd="despilfarro"/>
        </grup.nom>
      </sn>
    </S>
    <f lem=";" pos="fx" punct="semicolon" wd=";"/>
    <S>
      <sn arg="arg1" func="suj" tem="tem">
        <spec gen="m" num="s">
          <d gen="c" lem="el" num="s" pos="da0ns0" postype="article" wd="lo"/>
        </spec>
        <S clausetype="completive" impersonal="yes">
          <conj conjunctiontype="subordinating">
            <c lem="que" pos="cs" postype="subordinating" wd="que"/>
          </conj>
          <grup.verb>
            <v lem="haber" mood="indicative" num="s" person="3" pos="vaip3s0" postype="auxiliary" tense="present" wd="hay"/>
            <c lem="que" pos="cs" postype="subordinating" wd="que"/>
            <infinitiu>
              <v lem="hacer" lss="A21.transitive-agentive-patient" mood="infinitive" pos="vmn0000" postype="main" wd="hacer"/>
            </infinitiu>
          </grup.verb>
        </S>
      </sn>
      <grup.verb>
        <v lem="ser" lss="C21.state-attributive" mood="indicative" num="s" person="3" pos="vsip3s0" postype="semiauxiliary" tense="present" wd="es"/>
      </grup.verb>
      <S arg="arg2" clausetype="completive" coord="yes" func="atr" impersonal="yes" tem="atr">
        <S clausetype="completive" impersonal="yes">
          <infinitiu>
            <v lem="reciclar" lss="A21.transitive-agentive-patient" mood="infinitive" pos="vmn0000" postype="main" wd="reciclarla"/>
          </infinitiu>
        </S>
        <f lem="," pos="fc" punct="comma" wd=","/>
        <S clausetype="completive" impersonal="yes">
          <infinitiu>
            <v lem="guardar" lss="A21.transitive-agentive-patient" mood="infinitive" pos="vmn0000" postype="main" wd="guardarla"/>
          </infinitiu>
        </S>
        <conj conjunctiontype="coordinating">
          <c lem="y" pos="cc" postype="coordinating" wd="y"/>
        </conj>
        <S clausetype="completive" impersonal="yes">
          <infinitiu>
            <v lem="volver" mood="infinitive" pos="vmn0000" postype="main" wd="volverla"/>
            <s lem="a" pos="sps00" postype="preposition" wd="a"/>
            <infinitiu>
              <v lem="calentar" lss="A11.transitive-causative" mood="infinitive" pos="vmn0000" postype="main" wd="calentar"/>
            </infinitiu>
          </infinitiu>
          <sp arg="argM" func="cc" tem="tmp">
            <prep>
              <s contracted="yes" gen="m" lem="al" num="s" pos="spcms" postype="preposition" wd="al"/>
            </prep>
            <sn>
              <grup.nom gen="m" num="s">
                <n gen="m" lem="día" num="s" pos="ncms000" postype="common" sense="16:10878116" wd="día"/>
                <s.a gen="m" num="s">
                  <grup.a gen="m" num="s">
                    <a gen="c" lem="siguiente" num="s" pos="aq0cs0" postype="qualificative" wd="siguiente"/>
                  </grup.a>
                </s.a>
              </grup.nom>
            </sn>
          </sp>
        </S>
      </S>
    </S>
    <f lem="." pos="fp" punct="period" wd="."/>
  </sentence>
  <sentence verbless="yes">
    <sadv>
      <grup.adv>
        <r lem="sí" pos="rg" wd="Sí"/>
      </grup.adv>
      <f lem="," pos="fc" punct="comma" wd=","/>
    </sadv>
    <sn>
      <grup.nom gen="m" num="s">
        <n gen="m" lem="señor" num="s" pos="ncms000" postype="common" sense="16:07451003" wd="señor"/>
      </grup.nom>
    </sn>
    <f lem="." pos="fp" punct="period" wd="."/>
  </sentence>
  <sentence>
    <conj conjunctiontype="coordinating" func="et">
      <c lem="y" pos="cc" postype="coordinating" wd="Y"/>
    </conj>
    <sp arg="argM" func="cc" tem="loc">
      <f lem="," pos="fc" punct="comma" wd=","/>
      <prep>
        <s lem="en" pos="sps00" postype="preposition" wd="en"/>
      </prep>
      <sn>
        <spec gen="f" num="s">
          <d gen="f" lem="el" num="s" pos="da0fs0" postype="article" wd="la"/>
        </spec>
        <grup.nom gen="f" num="s">
          <n gen="f" lem="mesa" num="s" pos="ncfs000" postype="common" sense="16:03461955" wd="mesa"/>
        </grup.nom>
      </sn>
      <f lem="," pos="fc" punct="comma" wd=","/>
    </sp>
    <morfema.pronominal>
      <p gen="c" lem="él" num="c" person="3" pos="p0300000" wd="se"/>
    </morfema.pronominal>
    <grup.verb>
      <v lem="acabar" lss="C11.state-existential" mood="indicative" num="s" person="3" pos="vmis3s0" postype="main" tense="past" wd="acabó"/>
    </grup.verb>
    <sn arg="arg1" func="suj" tem="tem">
      <grup.nom gen="m" num="s">
        <p gen="c" lem="ese" num="s" pos="pd0ns000" postype="demonstrative" wd="eso"/>
        <sp>
          <prep>
            <s lem="de" pos="sps00" postype="preposition" wd="de"/>
          </prep>
          <S clausetype="completive" coord="yes" impersonal="yes">
            <S clausetype="completive" impersonal="yes">
              <infinitiu>
                <v lem="usar" lss="A21.transitive-agentive-patient" mood="infinitive" pos="vmn0000" postype="main" wd="usar"/>
              </infinitiu>
              <sn arg="arg1" func="cd" tem="pat">
                <spec gen="m" num="p">
                  <d gen="m" lem="el" num="p" pos="da0mp0" postype="article" wd="los"/>
                </spec>
                <grup.nom gen="m" num="p">
                  <n gen="m" lem="palillo" num="p" pos="ncmp000" postype="common" sense="16:03518223" wd="palillos"/>
                </grup.nom>
              </sn>
              <sn arg="argM" func="cc" tem="tmp">
                <spec gen="f" num="s">
                  <d gen="f" lem="uno" num="s" pos="di0fs0" postype="indefinite" wd="una"/>
                </spec>
                <grup.nom gen="f" num="s">
                  <s.a gen="f" num="s">
                    <grup.a gen="f" num="s">
                      <a gen="f" lem="solo" num="s" pos="aq0fs0" postype="qualificative" wd="sola"/>
                    </grup.a>
                  </s.a>
                  <n gen="f" lem="vez" num="s" pos="ncfs000" postype="common" sense="16:05449233" wd="vez"/>
                </grup.nom>
              </sn>
            </S>
            <conj conjunctiontype="coordinating">
              <c lem="y" pos="cc" postype="coordinating" wd="y"/>
            </conj>
            <S clausetype="completive" impersonal="yes">
              <infinitiu>
                <v lem="tirar" lss="A31.ditransitive-patient-locative" mood="infinitive" pos="vmn0000" postype="main" wd="tirarlos"/>
              </infinitiu>
            </S>
          </S>
        </sp>
      </grup.nom>
    </sn>
    <f lem="." pos="fp" punct="period" wd="."/>
  </sentence>
  <sentence coord="yes">
    <S>
      <grup.verb>
        <v lem="haber" mood="indicative" num="s" person="3" pos="vaip3s0" postype="auxiliary" tense="present" wd="Hay"/>
        <c lem="que" pos="cs" postype="subordinating" wd="que"/>
        <infinitiu>
          <v lem="recoger" lss="A21.transitive-agentive-patient" mood="infinitive" pos="vmn0000" postype="main" wd="recogerlos"/>
        </infinitiu>
      </grup.verb>
      <S arg="argM" clausetype="participle" func="cc" impersonal="yes" tem="tmp">
        <sadv arg="argM" func="cc" tem="adv">
          <grup.adv>
            <r lem="una_vez" pos="rg" wd="una_vez"/>
          </grup.adv>
        </sadv>
        <participi>
          <a gen="m" lem="usado" lss="B22.unaccusative-passive-transitive" num="p" pos="aq0mpp" posfunction="participle" postype="qualificative" wd="usados"/>
        </participi>
      </S>
    </S>
    <f lem="," pos="fc" punct="comma" wd=","/>
    <S verbless="yes">
      <grup.verb>
        <infinitiu>
          <v lem="fregar" mood="infinitive" pos="vmn0000" postype="main" wd="fregar"/>
        </infinitiu>
      </grup.verb>
      <sn>
        <spec gen="m" num="p">
          <d gen="m" lem="el" num="p" pos="da0mp0" postype="article" wd="los"/>
        </spec>
        <grup.nom gen="m" num="p">
          <n gen="m" lem="resto" num="p" pos="ncmp000" postype="common" sense="16:09947291" wd="restos"/>
          <sp>
            <prep>
              <s lem="de" pos="sps00" postype="preposition" wd="de"/>
            </prep>
            <sn>
              <grup.nom gen="f" num="s">
                <n gen="f" lem="comida" num="s" pos="ncfs000" postype="common" sense="16:05622219" wd="comida"/>
              </grup.nom>
            </sn>
          </sp>
          <S clausetype="relative">
            <relatiu arg="arg1" func="suj" tem="tem">
              <p gen="c" lem="que" num="c" pos="pr0cn000" postype="relative" wd="que"/>
            </relatiu>
            <grup.verb>
              <v lem="haber" mood="subjunctive" num="p" person="3" pos="vasp3p0" postype="auxiliary" tense="present" wd="hayan"/>
              <v gen="m" lem="quedar" lss="C21.state-attributive" mood="participle" num="s" pos="vmp00sm" postype="main" wd="quedado"/>
            </grup.verb>
            <S arg="arg2" clausetype="participle" func="cpred" impersonal="yes" predicate="suj" tem="atr">
              <participi>
                <a gen="m" lem="adherido" num="p" pos="aq0mpp" posfunction="participle" postype="qualificative" wd="adheridos"/>
              </participi>
            </S>
          </S>
        </grup.nom>
      </sn>
    </S>
    <conj conjunctiontype="coordinating">
      <c lem="y" pos="cc" postype="coordinating" wd="y"/>
    </conj>
    <S verbless="yes">
      <grup.verb>
        <infinitiu>
          <v lem="poner" mood="infinitive" pos="vmn0000" postype="main" wd="ponerlos"/>
        </infinitiu>
      </grup.verb>
      <sp>
        <prep>
          <s lem="a" pos="sps00" postype="preposition" wd="a"/>
        </prep>
        <S clausetype="completive" impersonal="yes">
          <infinitiu>
            <v lem="secar" lss="A11.transitive-causative" mood="infinitive" pos="vmn0000" postype="main" wd="secar"/>
          </infinitiu>
        </S>
      </sp>
    </S>
    <f lem="." pos="fp" punct="period" wd="."/>
  </sentence>
  <sentence>
    <sp arg="argM" func="cc" tem="mnr">
      <prep>
        <s lem="de" pos="sps00" postype="preposition" wd="De"/>
      </prep>
      <sn>
        <spec gen="f" num="s">
          <d gen="f" lem="este" num="s" pos="dd0fs0" postype="demonstrative" wd="esta"/>
        </spec>
        <grup.nom gen="f" num="s">
          <n gen="f" lem="manera" num="s" pos="ncfs000" postype="common" sense="16:00111872" wd="manera"/>
        </grup.nom>
      </sn>
    </sp>
    <sn arg="arg0" func="suj" tem="agt">
      <spec gen="m" num="s">
        <d gen="c" lem="cada" num="s" pos="di0cs0" postype="indefinite" wd="cada"/>
      </spec>
      <grup.nom gen="m" num="s">
        <p gen="m" lem="uno" num="s" pos="pi0ms000" postype="indefinite" wd="uno"/>
        <sp>
          <prep>
            <s lem="de" pos="sps00" postype="preposition" wd="de"/>
          </prep>
          <sn>
            <grup.nom gen="m" num="p">
              <p gen="m" lem="yo" num="p" person="1" pos="pp1mp000" postype="personal" wd="nosotros"/>
            </grup.nom>
          </sn>
        </sp>
      </grup.nom>
    </sn>
    <grup.verb>
      <v lem="evitar" lss="A21.transitive-agentive-patient" mood="indicative" num="s" person="3" pos="vmif3s0" postype="main" tense="future" wd="evitará"/>
    </grup.verb>
    <S arg="arg1" clausetype="completive" func="cd" tem="pat">
      <conj conjunctiontype="subordinating">
        <c lem="que" pos="cs" postype="subordinating" wd="que"/>
      </conj>
      <sn arg="arg1" complex="yes" func="suj" tem="pat">
        <grup.nom coord="yes">
          <grup.nom coord="yes">
            <grup.nom gen="f" num="p">
              <n gen="f" lem="hectárea" num="p" pos="ncfp000" postype="common" sense="16:09784524" wd="hectáreas"/>
            </grup.nom>
            <conj conjunctiontype="coordinating">
              <c lem="y" pos="cc" postype="coordinating" wd="y"/>
            </conj>
            <grup.nom gen="f" num="p">
              <n gen="f" lem="hectárea" num="p" pos="ncfp000" postype="common" sense="16:09784524" wd="hectáreas"/>
            </grup.nom>
          </grup.nom>
          <sp adjunct="yes">
            <prep>
              <s lem="de" pos="sps00" postype="preposition" wd="de"/>
            </prep>
            <sn>
              <grup.nom gen="m" num="s">
                <n gen="m" lem="bosque" num="s" pos="ncms000" postype="common" sense="16:06784761" wd="bosque"/>
              </grup.nom>
            </sn>
          </sp>
        </grup.nom>
      </sn>
      <grup.verb>
        <v lem="ser" mood="subjunctive" num="p" person="3" pos="vssp3p0" postype="semiauxiliary" tense="present" wd="sean"/>
        <v gen="f" lem="diezmar" lss="B22.unaccusative-passive-transitive" mood="participle" num="p" pos="vmp00pf" postype="main" wd="diezmadas"/>
      </grup.verb>
      <sn arg="argM" func="cc" tem="tmp">
        <spec gen="m" num="s">
          <d gen="c" lem="cada" num="s" pos="di0cs0" postype="indefinite" wd="cada"/>
        </spec>
        <grup.nom gen="m" num="s">
          <n gen="m" lem="día" num="s" pos="ncms000" postype="common" sense="16:10878116" wd="día"/>
        </grup.nom>
      </sn>
      <sp arg="argM" func="cc" tem="fin">
        <prep>
          <s lem="para" pos="sps00" postype="preposition" wd="para"/>
        </prep>
        <S clausetype="completive" impersonal="yes">
          <infinitiu>
            <v lem="fabricar" lss="A21.transitive-agentive-patient" mood="infinitive" pos="vmn0000" postype="main" wd="fabricar"/>
          </infinitiu>
          <sn arg="arg1" func="cd" tem="pat">
            <spec gen="m" num="p">
              <d gen="m" lem="ese" num="p" pos="dd0mp0" postype="demonstrative" wd="esos"/>
            </spec>
            <grup.nom gen="m" num="p">
              <n gen="m" lem="palillo" num="p" pos="ncmp000" postype="common" sense="16:03518223" wd="palillos"/>
              <s.a gen="m" num="p">
                <grup.a gen="m" num="p">
                  <a gen="m" lem="pequeñoburgués" num="p" pos="aq0mp0" postype="qualificative" wd="pequeñoburgueses"/>
                </grup.a>
              </s.a>
              <S clausetype="relative">
                <sp arg="argM" func="cc" tem="adv">
                  <prep>
                    <s lem="con" pos="sps00" postype="preposition" wd="con"/>
                  </prep>
                  <relatiu>
                    <p gen="c" lem="que" num="c" pos="pr0cn000" postype="relative" wd="que"/>
                  </relatiu>
                </sp>
                <sn arg="arg0" elliptic="yes" func="suj" tem="agt"/>
                <grup.verb>
                  <v lem="hurgar" lss="A21.transitive-agentive-patient" mood="indicative" num="p" person="1" pos="vmip1p0" postype="main" tense="present" wd="hurgamos"/>
                </grup.verb>
                <sp arg="argM" func="cc" tem="adv">
                  <prep>
                    <s lem="entre" pos="sps00" postype="preposition" wd="entre"/>
                  </prep>
                  <sn>
                    <spec gen="f" num="p">
                      <d gen="f" lem="el" num="p" pos="da0fp0" postype="article" wd="las"/>
                    </spec>
                    <grup.nom gen="f" num="p">
                      <n gen="f" lem="caries" num="c" pos="ncfn000" postype="common" sense="16:09734785" wd="caries"/>
                    </grup.nom>
                  </sn>
                </sp>
              </S>
            </grup.nom>
          </sn>
        </S>
      </sp>
    </S>
    <f lem="." pos="fp" punct="period" wd="."/>
  </sentence>
  <sentence verbless="yes">
    <conj conjunctiontype="coordinating">
      <c lem="y" pos="cc" postype="coordinating" wd="Y"/>
    </conj>
    <S clausetype="adverbial">
      <f lem="," pos="fc" punct="comma" wd=","/>
      <conj conjunctiontype="subordinating">
        <c lem="ya_que" pos="cs" postype="subordinating" wd="ya_que"/>
      </conj>
      <sp arg="arg2" func="atr" tem="atr">
        <prep>
          <s lem="en" pos="sps00" postype="preposition" wd="en"/>
        </prep>
        <sn>
          <grup.nom gen="m" num="s">
            <p gen="c" lem="ese" num="s" pos="pd0ns000" postype="demonstrative" wd="eso"/>
          </grup.nom>
        </sn>
      </sp>
      <sn arg="arg1" elliptic="yes" func="suj" tem="tem"/>
      <grup.verb>
        <v lem="estar" lss="C21.state-attributive" mood="indicative" num="p" person="1" pos="vmip1p0" postype="main" tense="present" wd="estamos"/>
      </grup.verb>
      <f lem="," pos="fc" punct="comma" wd=","/>
    </S>
    <sn>
      <spec gen="m" num="s">
        <d gen="m" lem="otro" num="s" pos="di0ms0" postype="indefinite" wd="otro"/>
      </spec>
      <grup.nom gen="m" num="s">
        <n gen="m" lem="consejo" num="s" pos="ncms000" postype="common" sense="16:05002688" wd="consejo"/>
        <S clausetype="relative" impersonal="yes">
          <f lem=":" pos="fd" punct="colon" wd=":"/>
          <sn arg="arg1" func="cd" tem="pat">
            <spec gen="m" num="p">
              <d gen="m" lem="el" num="p" pos="da0mp0" postype="article" wd="los"/>
            </spec>
            <grup.nom gen="m" num="p">
              <n gen="m" lem="diente" num="p" pos="ncmp000" postype="common" sense="16:04099962" wd="dientes"/>
              <s.a gen="m" num="p">
                <grup.a gen="m" num="p">
                  <a gen="m" lem="cariado" num="p" pos="aq0mp0" postype="qualificative" wd="cariados"/>
                </grup.a>
              </s.a>
              <S clausetype="relative">
                <relatiu arg="arg1" func="cd" tem="pat">
                  <p gen="c" lem="que" num="c" pos="pr0cn000" postype="relative" wd="que"/>
                </relatiu>
                <sn arg="arg2" func="ci" tem="ben">
                  <grup.nom num="p">
                    <p gen="c" lem="yo" num="p" person="1" pos="pp1cp000" postype="personal" wd="nos"/>
                  </grup.nom>
                </sn>
                <grup.verb>
                  <v lem="arrancar" lss="A22.transitive-agentive-theme" mood="subjunctive" num="s" person="3" pos="vmsp3s0" postype="main" tense="present" wd="arranque"/>
                </grup.verb>
                <sn arg="arg0" func="suj" tem="agt">
                  <spec gen="m" num="s">
                    <d gen="m" lem="el" num="s" pos="da0ms0" postype="article" wd="el"/>
                  </spec>
                  <grup.nom gen="m" num="s">
                    <n gen="c" lem="dentista" num="s" pos="nccs000" postype="common" sense="16:07210258" wd="dentista"/>
                  </grup.nom>
                </sn>
              </S>
            </grup.nom>
            <f lem="," pos="fc" punct="comma" wd=","/>
          </sn>
          <neg func="mod">
            <r lem="nada_de" pos="rn" postype="negative" wd="nada_de"/>
          </neg>
          <infinitiu>
            <v lem="tirar" lss="A21.transitive-agentive-patient" mood="infinitive" pos="vmn0000" postype="main" wd="tirarlos"/>
          </infinitiu>
        </S>
      </grup.nom>
    </sn>
    <f lem="." pos="fp" punct="period" wd="."/>
  </sentence>
  <sentence>
    <S arg="argM" clausetype="participle" coord="yes" func="cc" impersonal="yes" tem="adv">
      <sadv arg="argM" func="cc" tem="adv">
        <grup.adv>
          <r lem="convenientemente" pos="rg" wd="Convenientemente"/>
        </grup.adv>
      </sadv>
      <S clausetype="participle" coord="yes" impersonal="yes">
        <S clausetype="participle" impersonal="yes">
          <participi>
            <a gen="m" lem="ensartado" lss="B22.unaccusative-passive-transitive" num="p" pos="aq0mpp" posfunction="participle" postype="qualificative" wd="ensartados"/>
          </participi>
          <sp arg="arg2" func="creg" tem="tem">
            <prep>
              <s lem="en" pos="sps00" postype="preposition" wd="en"/>
            </prep>
            <sn>
              <spec gen="m" num="s">
                <d gen="m" lem="uno" num="s" pos="di0ms0" postype="indefinite" wd="un"/>
              </spec>
              <grup.nom gen="m" num="s">
                <n gen="m" lem="hilo" num="s" pos="ncms000" postype="common" sense="16:03497295" wd="hilo"/>
                <sp>
                  <prep>
                    <s lem="de" pos="sps00" postype="preposition" wd="de"/>
                  </prep>
                  <sn>
                    <grup.nom gen="m" num="s">
                      <n gen="m" lem="nylon" num="c" pos="ncmn000" postype="common" sense="16:cs1" wd="nylon"/>
                    </grup.nom>
                  </sn>
                </sp>
              </grup.nom>
            </sn>
          </sp>
          <f lem="," pos="fc" punct="comma" wd=","/>
        </S>
        <conj conjunctiontype="coordinating">
          <c lem="y" pos="cc" postype="coordinating" wd="y"/>
        </conj>
        <S clausetype="participle" impersonal="yes">
          <participi>
            <a gen="m" lem="alternado" lss="B22.unaccusative-passive-transitive" num="p" pos="aq0mpp" posfunction="participle" postype="qualificative" wd="alternados"/>
          </participi>
          <sp arg="arg2" func="creg" tem="tem">
            <prep>
              <s lem="con" pos="sps00" postype="preposition" wd="con"/>
            </prep>
            <sn>
              <spec gen="m" num="p">
                <d gen="m" lem="el" num="p" pos="da0mp0" postype="article" wd="los"/>
              </spec>
              <grup.nom gen="m" num="p">
                <n gen="m" lem="hueso" num="p" pos="ncmp000" postype="common" sense="16:08002316" wd="huesos"/>
                <sp>
                  <prep>
                    <s lem="de" pos="sps00" postype="preposition" wd="de"/>
                  </prep>
                  <sn>
                    <spec gen="f" num="p">
                      <d gen="f" lem="el" num="p" pos="da0fp0" postype="article" wd="las"/>
                    </spec>
                    <grup.nom gen="f" num="p">
                      <n gen="f" lem="aceituna" num="p" pos="ncfp000" postype="common" sense="16:cs1" wd="aceitunas"/>
                      <sp>
                        <prep>
                          <s contracted="yes" gen="m" lem="del" num="s" pos="spcms" postype="preposition" wd="del"/>
                        </prep>
                        <sn>
                          <grup.nom gen="m" num="s">
                            <n gen="m" lem="aperitivo" num="s" pos="ncms000" postype="common" sense="16:05636553" wd="aperitivo"/>
                          </grup.nom>
                        </sn>
                      </sp>
                    </grup.nom>
                  </sn>
                </sp>
                <S clausetype="relative">
                  <f lem="(" pos="fpa" punct="bracket" punctenclose="open" wd="("/>
                  <S clausetype="relative">
                    <relatiu arg="arg1" func="cd" tem="pat">
                      <p gen="c" lem="que" num="c" pos="pr0cn000" postype="relative" wd="que"/>
                    </relatiu>
                    <sn arg="arg0" elliptic="yes" func="suj" tem="agt"/>
                    <grup.verb>
                      <v lem="haber" mood="indicative" num="p" person="1" pos="vaif1p0" postype="auxiliary" tense="future" wd="habremos"/>
                      <v gen="m" lem="guardar" lss="A21.transitive-agentive-patient" mood="participle" num="s" pos="vmp00sm" postype="main" wd="guardado"/>
                    </grup.verb>
                    <sadv arg="argM" func="cc" tem="adv">
                      <f lem="," pos="fc" punct="comma" wd=","/>
                      <grup.adv>
                        <r lem="evidentemente" pos="rg" wd="evidentemente"/>
                      </grup.adv>
                    </sadv>
                  </S>
                  <S>
                    <f lem=":" pos="fd" punct="colon" wd=":"/>
                    <f lem="¡" pos="faa" punct="exclamationmark" punctenclose="open" wd="¡"/>
                    <sadv arg="argM" func="cc" tem="loc">
                      <grup.adv>
                        <r lem="aquí" pos="rg" wd="aquí"/>
                      </grup.adv>
                    </sadv>
                    <neg func="mod">
                      <r lem="no" pos="rn" postype="negative" wd="no"/>
                    </neg>
                    <morfema.verbal func="pass">
                      <p gen="c" lem="se" num="c" pos="p0000000" wd="se"/>
                    </morfema.verbal>
                    <grup.verb>
                      <v lem="tirar" lss="B22.unaccusative-passive-transitive" mood="indicative" num="s" person="3" pos="vmip3s0" postype="main" tense="present" wd="tira"/>
                    </grup.verb>
                    <sn arg="arg1" func="suj" tem="pat">
                      <grup.nom gen="m" num="s">
                        <p gen="c" lem="nada" num="s" pos="pi0cs000" postype="indefinite" wd="nada"/>
                      </grup.nom>
                    </sn>
                    <f lem="!" pos="fat" punct="exclamationmark" punctenclose="close" wd="!"/>
                  </S>
                  <f lem=")" pos="fpt" punct="bracket" punctenclose="close" wd=")"/>
                </S>
              </grup.nom>
            </sn>
          </sp>
        </S>
      </S>
    </S>
    <sn arg="arg0" elliptic="yes" func="suj" tem="agt"/>
    <grup.verb>
      <v lem="conseguir" lss="A21.transitive-agentive-patient" mood="indicative" num="p" person="1" pos="vmif1p0" postype="main" tense="future" wd="conseguiremos"/>
    </grup.verb>
    <sn arg="arg1" func="cd" tem="pat">
      <spec gen="m" num="s">
        <d gen="m" lem="uno" num="s" pos="di0ms0" postype="indefinite" wd="un"/>
      </spec>
      <grup.nom gen="m" num="s">
        <s.a gen="m" num="s">
          <grup.a gen="m" num="s">
            <a gen="m" lem="bonito" num="s" pos="aq0ms0" postype="qualificative" wd="bonito"/>
          </grup.a>
        </s.a>
        <n gen="m" lem="collar" num="s" pos="ncms000" postype="common" sense="16:03034095" wd="collar"/>
        <s.a gen="m" num="s">
          <grup.a gen="m" num="s">
            <a gen="c" lem="recycled_ecological" num="c" pos="aq0cn0" postype="qualificative" wd="recycled_ecological"/>
          </grup.a>
        </s.a>
        <sp>
          <prep>
            <s lem="para" pos="sps00" postype="preposition" wd="para"/>
          </prep>
          <S clausetype="completive" impersonal="yes">
            <infinitiu>
              <v lem="regalar" lss="A32.ditransitive-patient-benefactive" mood="infinitive" pos="vmn0000" postype="main" wd="regalar"/>
            </infinitiu>
            <sp arg="arg2" func="ci" tem="ben">
              <sadv>
                <grup.adv>
                  <r lem="por_ejemplo" pos="rg" wd="por_ejemplo"/>
                </grup.adv>
              </sadv>
              <sp>
                <prep>
                  <s lem="a" pos="sps00" postype="preposition" wd="a"/>
                </prep>
                <sn>
                  <spec gen="f" num="s">
                    <d gen="f" lem="el" num="s" pos="da0fs0" postype="article" wd="la"/>
                  </spec>
                  <grup.nom gen="f" num="s">
                    <n gen="f" lem="asistenta" num="s" pos="ncfs000" postype="common" sense="16:cs1" wd="asistenta"/>
                  </grup.nom>
                </sn>
              </sp>
            </sp>
          </S>
        </sp>
      </grup.nom>
    </sn>
    <f lem="." pos="fp" punct="period" wd="."/>
  </sentence>
</article>
