<?xml version="1.0" encoding="UTF-8"?>
<!-- 

  ancora-2.0
       
			Copyright (C) 2007, 2008, 2009, 2010, 2011 UB - CLiC
			Centre de Llenguatge i Computació - Universitat de Barcelona
 
  This file is part of ancora-2.0.
 
  ancora-2.0 is free software and data: you can redistribute it and/or modify
  it under the terms of the GNU General Public License as published
  by the Free Software Foundation, either version 3 of the License,
  or (at your option) any later version.

  ancora-2.0 is distributed in the hope that it will be useful,
  but WITHOUT ANY WARRANTY; without even the implied warranty of
  MERCHANTABILITY or FITNESS FOR A PARTICULAR PURPOSE.  See the
  GNU General Public License for more details.
 
  You should have received a copy of the GNU General Public License
  along with ancora-2.0.  If not, see &lt;http://www.gnu.org/licenses/&gt;.
 
  Check a text in catalan explaining the terms of the license at http://www.softcatala.cat/wiki/GPL3.
  In spanish at http://www.viti.es/gnu/licenses/gpl.html
 

  The following paper must be cited when using this corpus:

 * Taulé, M., M.A. Martí, M. Recasens (2008) 'Ancora: Multilevel Annotated Corpora for Catalan and Spanish',
   Proceedings of 6th International Conference on Language Resources and Evaluation. Marrakesh (Morocco).

  In addition, the following paper must be cited if coreference information (attributes entity, coreftype,
  corefsubtype, homophoricDD or entityref) is used:

 * Recasens, Marta, M. Antònia Martí (2010) ‘AnCora-CO: Coreferentially annotated corpora for Spanish and
   Catalan’. Language Resources and Evaluation, Springer Science.

  Additionally, the following paper must be cited when argumental attributes in "sn" or "grup.nom"
  (attributes func, arg, tem or lexicalid) are used:

 * Peris, Aina, Mariona Taulé, Horacio Rodríguez (2010) ‘Semantic Annotation of Deverbal Nominalizations in the
   Spanish AnCora corpus’. Treebanks and Linguistic Theories (TLT-2010), Estonia.
-->
<article lng="es">
  <sentence>
    <sn arg="arg1" func="suj" tem="tem">
      <spec gen="m" num="s">
        <d gen="m" lem="uno" num="s" pos="di0ms0" postype="indefinite" wd="Un"/>
      </spec>
      <grup.nom gen="m" num="s">
        <n gen="m" lem="whiskito" num="s" pos="ncms000" postype="common" sense="16:cs1" wd="whiskito"/>
      </grup.nom>
    </sn>
    <sadv arg="argM" func="cc" tem="tmp">
      <grup.adv>
        <r lem="de_tanto_en_tanto" pos="rg" wd="de_tanto_en_tanto"/>
      </grup.adv>
    </sadv>
    <grup.verb>
      <v lem="ser" lss="C21.state-attributive" mood="indicative" num="s" person="3" pos="vsip3s0" postype="semiauxiliary" tense="present" wd="es"/>
    </grup.verb>
    <sa arg="arg2" func="atr" tem="atr">
      <grup.a>
        <a gen="m" lem="buen" num="s" pos="aq0ms0" postype="qualificative" wd="bueno"/>
      </grup.a>
    </sa>
    <sp arg="argM" func="cc" tem="adv">
      <prep>
        <s lem="para" pos="sps00" postype="preposition" wd="para"/>
      </prep>
      <sn>
        <spec gen="m" num="s">
          <d gen="m" lem="el" num="s" pos="da0ms0" postype="article" wd="el"/>
        </spec>
        <grup.nom gen="m" num="s">
          <n gen="m" lem="corazón" num="s" pos="ncms000" postype="common" sense="16:04188555" wd="corazón"/>
        </grup.nom>
      </sn>
    </sp>
    <f lem="." pos="fp" punct="period" wd="."/>
  </sentence>
  <sentence>
    <f lem="-" pos="fg" punct="hyphen" wd="-"/>
    <grup.verb>
      <v lem="haber" lss="C11.state-existential" mood="indicative" num="s" person="3" pos="vaip3s0" postype="auxiliary" tense="present" wd="Hay"/>
    </grup.verb>
    <sn arg="argM" func="cc" tem="loc">
      <grup.nom gen="f" num="s">
        <n gen="f" lem="vida" num="s" pos="ncfs000" postype="common" sense="16:00002880" wd="vida"/>
      </grup.nom>
    </sn>
    <sp arg="argM" func="cc" tem="loc">
      <prep>
        <s lem="en" pos="sps00" postype="preposition" wd="en"/>
      </prep>
      <sn>
        <spec gen="f" num="s">
          <d gen="f" lem="alguno" num="s" pos="di0fs0" postype="indefinite" wd="alguna"/>
        </spec>
        <grup.nom gen="f" num="s">
          <n gen="f" lem="galaxia" num="s" pos="ncfs000" postype="common" sense="16:06141261" wd="galaxia"/>
        </grup.nom>
      </sn>
    </sp>
    <f lem="?" pos="fit" punct="questionmark" punctenclose="close" wd="?"/>
  </sentence>
  <sentence verbless="yes">
    <conj conjunctiontype="coordinating">
      <c lem="y" pos="cc" postype="coordinating" wd="Y"/>
    </conj>
    <sn>
      <grup.nom gen="m" num="p">
        <n gen="m" lem="ovni" num="p" pos="ncmp000" postype="common" sense="16:04533027" wd="ovnis"/>
      </grup.nom>
    </sn>
    <sp>
      <prep>
        <s lem="en" pos="sps00" postype="preposition" wd="en"/>
      </prep>
      <sn entityref="ne" ne="location">
        <grup.nom>
          <n lem="Barbastro" ne="location" pos="np0000l" postype="proper" sense="16:cs1" wd="Barbastro"/>
        </grup.nom>
      </sn>
    </sp>
    <f lem="." pos="fp" punct="period" wd="."/>
  </sentence>
  <sentence coord="yes">
    <f lem="-" pos="fg" punct="hyphen" wd="-"/>
    <S>
      <sn arg="arg1" func="suj" tem="tem">
        <spec gen="m" num="s">
          <d gen="m" lem="el" num="s" pos="da0ms0" postype="article" wd="El"/>
        </spec>
        <grup.nom gen="m" num="s">
          <n gen="m" lem="aceite" num="s" pos="ncms000" postype="common" sense="16:10738422" wd="aceite"/>
          <sp>
            <prep>
              <s lem="de" pos="sps00" postype="preposition" wd="de"/>
            </prep>
            <sn>
              <grup.nom gen="f" num="s">
                <n gen="f" lem="oliva" num="s" pos="ncfs000" postype="common" sense="16:cs1" wd="oliva"/>
              </grup.nom>
            </sn>
          </sp>
        </grup.nom>
      </sn>
      <grup.verb>
        <v lem="ser" lss="C21.state-attributive" mood="indicative" num="s" person="3" pos="vsip3s0" postype="semiauxiliary" tense="present" wd="es"/>
      </grup.verb>
      <sa arg="arg2" func="atr" tem="atr">
        <grup.a>
          <a gen="c" lem="fatal" num="s" pos="aq0cs0" postype="qualificative" wd="fatal"/>
        </grup.a>
      </sa>
    </S>
    <conj conjunctiontype="coordinating">
      <c lem="y" pos="cc" postype="coordinating" wd="y"/>
    </conj>
    <S verbless="yes">
      <sn>
        <spec gen="f" num="s">
          <d gen="f" lem="el" num="s" pos="da0fs0" postype="article" wd="la"/>
        </spec>
        <grup.nom gen="f" num="s">
          <n gen="f" lem="margarina" num="s" pos="ncfs000" postype="common" sense="16:05715937" wd="margarina"/>
        </grup.nom>
        <f lem="," pos="fc" punct="comma" wd=","/>
      </sn>
      <sa>
        <grup.a>
          <a gen="c" lem="ideal" num="s" pos="aq0cs0" postype="qualificative" wd="ideal"/>
        </grup.a>
      </sa>
    </S>
    <f lem="?" pos="fit" punct="questionmark" punctenclose="close" wd="?"/>
  </sentence>
  <sentence coord="yes">
    <S>
      <sn arg="arg1" func="suj" tem="tem">
        <spec gen="f" num="s">
          <d gen="f" lem="el" num="s" pos="da0fs0" postype="article" wd="La"/>
        </spec>
        <grup.nom gen="f" num="s">
          <n gen="f" lem="margarina" num="s" pos="ncfs000" postype="common" sense="16:05715937" wd="margarina"/>
        </grup.nom>
      </sn>
      <grup.verb>
        <v lem="ser" lss="C21.state-attributive" mood="indicative" num="s" person="3" pos="vsip3s0" postype="semiauxiliary" tense="present" wd="es"/>
      </grup.verb>
      <sa arg="arg2" func="atr" tem="atr">
        <grup.a>
          <a gen="c" lem="fatal" num="s" pos="aq0cs0" postype="qualificative" wd="fatal"/>
        </grup.a>
      </sa>
    </S>
    <conj conjunctiontype="coordinating">
      <c lem="y" pos="cc" postype="coordinating" wd="y"/>
    </conj>
    <S verbless="yes">
      <sn>
        <spec gen="m" num="s">
          <d gen="m" lem="el" num="s" pos="da0ms0" postype="article" wd="el"/>
        </spec>
        <grup.nom gen="m" num="s">
          <n gen="m" lem="aceite" num="s" pos="ncms000" postype="common" sense="16:10738422" wd="aceite"/>
          <sp>
            <prep>
              <s lem="de" pos="sps00" postype="preposition" wd="de"/>
            </prep>
            <sn>
              <grup.nom gen="f" num="s">
                <n gen="f" lem="oliva" num="s" pos="ncfs000" postype="common" sense="16:cs1" wd="oliva"/>
              </grup.nom>
            </sn>
          </sp>
        </grup.nom>
        <f lem="," pos="fc" punct="comma" wd=","/>
      </sn>
      <sa>
        <grup.a>
          <a gen="c" lem="ideal" num="s" pos="aq0cs0" postype="qualificative" wd="ideal"/>
        </grup.a>
      </sa>
    </S>
    <f lem="." pos="fp" punct="period" wd="."/>
  </sentence>
  <sentence verbless="yes">
    <sp>
      <prep>
        <s lem="hasta" pos="sps00" postype="preposition" wd="Hasta"/>
      </prep>
      <sn>
        <spec gen="f" num="s">
          <d gen="f" lem="el" num="s" pos="da0fs0" postype="article" wd="la"/>
        </spec>
        <grup.nom gen="f" num="s">
          <n gen="f" lem="inmunización" lexicalid="noun.inmunización.1.default" num="s" origin="deverbal" pos="ncfs000" postype="common" sense="16:00531161" wd="inmunización"/>
        </grup.nom>
      </sn>
    </sp>
    <f lem="." pos="fp" punct="period" wd="."/>
  </sentence>
  <sentence>
    <S>
      <sn arg="arg0" entityref="ne" func="suj" ne="person" tem="agt">
        <grup.nom gen="m" num="s">
          <n lem="T._S._Eliot" ne="person" pos="np0000p" postype="proper" sense="16:cs1" wd="T._S._Eliot"/>
        </grup.nom>
      </sn>
      <sn arg="arg1" func="cd" tem="pat">
        <grup.nom gen="m" num="s">
          <p case="accusative" gen="m" lem="él" num="s" person="3" pos="pp3msa00" postype="personal" wd="lo"/>
        </grup.nom>
      </sn>
      <grup.verb>
        <v lem="explicar" lss="A32.ditransitive-patient-benefactive" mood="indicative" num="s" person="3" pos="vmii3s0" postype="main" tense="imperfect" wd="explicaba"/>
      </grup.verb>
      <sadv arg="argM" func="cc" tem="mnr">
        <grup.adv>
          <r lem="así" pos="rg" wd="así"/>
        </grup.adv>
      </sadv>
    </S>
    <S adjunct="yes" coord="yes">
      <f lem=":" pos="fd" punct="colon" wd=":"/>
      <f lem="-" pos="fg" punct="hyphen" wd="-"/>
      <S>
        <S arg="arg0" clausetype="completive" func="suj" impersonal="yes" tem="agt">
          <infinitiu>
            <v lem="creer" lss="A21.transitive-agentive-patient" mood="infinitive" pos="vmn0000" postype="main" wd="Creerselo"/>
          </infinitiu>
          <sn arg="arg1" func="cd" tem="pat">
            <grup.nom gen="m" num="s">
              <p gen="m" lem="todo" num="s" pos="pi0ms000" postype="indefinite" wd="todo"/>
            </grup.nom>
          </sn>
        </S>
        <grup.verb>
          <v lem="requerir" lss="A21.transitive-agentive-patient" mood="indicative" num="s" person="3" pos="vmip3s0" postype="main" tense="present" wd="requiere"/>
        </grup.verb>
        <sn arg="arg1" coord="yes" func="cd" tem="pat">
          <sn>
            <spec gen="f" num="s">
              <d gen="f" lem="uno" num="s" pos="di0fs0" postype="indefinite" wd="una"/>
            </spec>
            <grup.nom gen="f" num="s">
              <n gen="f" lem="aplicación" lexicalid="noun.aplicación.1.default" num="s" origin="deverbal" pos="ncfs000" postype="common" sense="16:03812111" wd="aplicación"/>
              <s.a func="cn" gen="f" num="s">
                <grup.a gen="f" num="s">
                  <a gen="c" lem="constante" num="s" pos="aq0cs0" postype="qualificative" wd="constante"/>
                </grup.a>
              </s.a>
            </grup.nom>
            <f lem="," pos="fc" punct="comma" wd=","/>
          </sn>
          <conj conjunctiontype="coordinating">
            <c lem="y" pos="cc" postype="coordinating" wd="y"/>
          </conj>
          <sn>
            <spec gen="f" num="s">
              <d gen="f" lem="uno" num="s" pos="di0fs0" postype="indefinite" wd="una"/>
            </spec>
            <grup.nom gen="f" num="s">
              <n gen="f" lem="especie" num="s" pos="ncfs000" postype="common" sense="16:04500860" wd="especie"/>
              <sp>
                <prep>
                  <s lem="de" pos="sps00" postype="preposition" wd="de"/>
                </prep>
                <sn>
                  <grup.nom gen="m" num="s">
                    <n gen="m" lem="genio" num="s" pos="ncms000" postype="common" sense="16:04352386" wd="genio"/>
                  </grup.nom>
                </sn>
              </sp>
            </grup.nom>
          </sn>
        </sn>
        <f lem="," pos="fc" punct="comma" wd=","/>
      </S>
      <conj conjunctiontype="coordinating">
        <c lem="y" pos="cc" postype="coordinating" wd="y"/>
      </conj>
      <S>
        <S arg="arg1" clausetype="completive" func="suj" impersonal="yes" tem="tem">
          <infinitiu>
            <v lem="creer" lss="A21.transitive-agentive-patient" mood="infinitive" pos="vmn0000" postype="main" wd="creérselo"/>
          </infinitiu>
          <sn arg="arg1" func="cd" tem="pat">
            <grup.nom gen="m" num="s">
              <p gen="m" lem="todo" num="s" pos="pi0ms000" postype="indefinite" wd="todo"/>
            </grup.nom>
          </sn>
          <f lem="..." pos="fs" punct="etc" wd="..."/>
        </S>
        <S arg="argM" clausetype="adverbial" func="cc" tem="tmp">
          <conj conjunctiontype="subordinating">
            <c lem="a_medida_que" pos="cs" postype="subordinating" wd="a_medida_que"/>
          </conj>
          <grup.verb>
            <v lem="pasar" lss="C21.state-attributive" mood="subjunctive" num="s" person="3" pos="vmsp3s0" postype="main" tense="present" wd="pase"/>
          </grup.verb>
          <sn arg="arg1" func="suj" tem="tem">
            <spec gen="m" num="s">
              <d gen="m" lem="el" num="s" pos="da0ms0" postype="article" wd="el"/>
            </spec>
            <grup.nom gen="m" num="s">
              <n gen="m" lem="tiempo" num="s" pos="ncms000" postype="common" sense="16:00015594" wd="tiempo"/>
            </grup.nom>
          </sn>
        </S>
        <sadv arg="argM" func="cc" tem="adv">
          <grup.adv>
            <r lem="probablemente" pos="rg" wd="probablemente"/>
          </grup.adv>
        </sadv>
        <grup.verb>
          <v lem="ser" lss="C21.state-attributive" mood="indicative" num="s" person="3" pos="vsif3s0" postype="semiauxiliary" tense="future" wd="será"/>
        </grup.verb>
        <sn arg="arg2" func="atr" tem="atr">
          <spec gen="f" num="s">
            <d gen="c" lem="cada" num="s" pos="di0cs0" postype="indefinite" wd="cada"/>
          </spec>
          <grup.nom gen="f" num="s">
            <n gen="f" lem="vez" num="s" pos="ncfs000" postype="common" sense="16:05449233" wd="vez"/>
            <s.a gen="f" num="s">
              <spec>
                <r lem="más" pos="rg" wd="más"/>
              </spec>
              <grup.a gen="f" num="s">
                <a gen="c" lem="difícil" num="s" pos="aq0cs0" postype="qualificative" wd="difícil"/>
              </grup.a>
            </s.a>
          </grup.nom>
        </sn>
      </S>
      <f lem="-" pos="fg" punct="hyphen" wd="-"/>
    </S>
    <f lem="." pos="fp" punct="period" wd="."/>
  </sentence>
  <sentence>
    <sn arg="arg0" func="suj" tem="cau">
      <spec gen="m" num="s">
        <d gen="m" lem="el" num="s" pos="da0ms0" postype="article" wd="El"/>
      </spec>
      <grup.nom gen="m" num="s">
        <s.a gen="m" num="s">
          <grup.a gen="m" num="s">
            <a gen="m" lem="próximo" num="s" pos="aq0ms0" postype="qualificative" wd="próximo"/>
          </grup.a>
        </s.a>
        <n gen="m" lem="titular" num="s" pos="ncms000" postype="common" sense="16:04783598" wd="titular"/>
        <S clausetype="adverbial" impersonal="yes">
          <f lem="," pos="fc" punct="comma" wd=","/>
          <gerundi>
            <v lem="anunciar" lss="A21.transitive-agentive-patient" mood="gerund" pos="vmg0000" postype="main" wd="anunciando"/>
          </gerundi>
          <S arg="arg1" clausetype="completive" func="cd" tem="pat">
            <conj conjunctiontype="subordinating">
              <c lem="que" pos="cs" postype="subordinating" wd="que"/>
            </conj>
            <sn arg="arg1" func="suj" tem="tem">
              <spec gen="m" num="s">
                <d gen="m" lem="el" num="s" pos="da0ms0" postype="article" wd="el"/>
              </spec>
              <grup.nom gen="m" num="s">
                <n gen="m" lem="hombre" num="s" pos="ncms000" postype="common" sense="16:07391044" wd="hombre"/>
                <S clausetype="participle" impersonal="yes">
                  <participi>
                    <a gen="m" lem="hallado" lss="B22.unaccusative-passive-transitive" num="s" pos="aq0msp" posfunction="participle" postype="qualificative" wd="hallado"/>
                  </participi>
                  <sp arg="argM" func="cc" tem="loc">
                    <prep>
                      <s lem="entre" pos="sps00" postype="preposition" wd="entre"/>
                    </prep>
                    <sn>
                      <spec gen="m" num="p">
                        <d gen="m" lem="el" num="p" pos="da0mp0" postype="article" wd="los"/>
                      </spec>
                      <grup.nom gen="m" num="p">
                        <n gen="m" lem="hielo" num="p" pos="ncmp000" postype="common" sense="16:10703104" wd="hielos"/>
                        <sp>
                          <prep>
                            <s lem="de" pos="sps00" postype="preposition" wd="de"/>
                          </prep>
                          <sn entityref="ne" ne="location">
                            <spec gen="m" num="p">
                              <d gen="m" lem="el" num="p" pos="da0mp0" postype="article" wd="los"/>
                            </spec>
                            <grup.nom gen="m" num="p">
                              <n lem="Alpes" ne="location" pos="np0000l" postype="proper" wd="Alpes"/>
                            </grup.nom>
                          </sn>
                        </sp>
                      </grup.nom>
                    </sn>
                  </sp>
                </S>
              </grup.nom>
            </sn>
            <grup.verb>
              <v lem="ser" lss="C21.state-attributive" mood="indicative" num="s" person="3" pos="vsii3s0" postype="semiauxiliary" tense="imperfect" wd="era"/>
            </grup.verb>
            <sa arg="arg2" func="atr" tem="atr">
              <grup.a>
                <a gen="m" lem="aficionado" num="s" pos="aq0ms0" postype="qualificative" wd="aficionado"/>
                <sp>
                  <prep>
                    <s contracted="yes" gen="m" lem="al" num="s" pos="spcms" postype="preposition" wd="al"/>
                  </prep>
                  <sn>
                    <grup.nom gen="m" num="s">
                      <n gen="m" lem="son" num="s" pos="ncms000" postype="common" sense="16:05488770" wd="son"/>
                      <s.a gen="m" num="s">
                        <grup.a gen="m" num="s">
                          <a gen="m" lem="montuno" num="s" pos="aq0ms0" postype="qualificative" wd="montuno"/>
                        </grup.a>
                      </s.a>
                    </grup.nom>
                  </sn>
                </sp>
              </grup.a>
            </sa>
          </S>
          <f lem="," pos="fc" punct="comma" wd=","/>
        </S>
      </grup.nom>
    </sn>
    <grup.verb>
      <v lem="despertar" lss="A11.transitive-causative" mood="indicative" num="s" person="3" pos="vmif3s0" postype="main" tense="future" wd="despertará"/>
    </grup.verb>
    <sn arg="arg1" func="cd" tem="tem">
      <grup.nom gen="m" num="s">
        <s.a gen="m" num="s">
          <grup.a gen="m" num="s">
            <a gen="m" lem="escaso" num="s" pos="aq0ms0" postype="qualificative" wd="escaso"/>
          </grup.a>
        </s.a>
        <n gen="m" lem="interés" num="s" pos="ncms000" postype="common" sense="16:04392426" wd="interés"/>
      </grup.nom>
    </sn>
    <f lem="." pos="fp" punct="period" wd="."/>
  </sentence>
  <sentence>
    <sn arg="arg0" elliptic="yes" func="suj" tem="agt"/>
    <grup.verb>
      <v lem="decir" lss="A32.ditransitive-patient-benefactive" mood="indicative" num="p" person="3" pos="vmip3p0" postype="main" tense="present" wd="Dicen"/>
    </grup.verb>
    <S arg="arg1" clausetype="completive" func="cd" tem="pat">
      <conj conjunctiontype="subordinating">
        <c lem="que" pos="cs" postype="subordinating" wd="que"/>
      </conj>
      <S arg="argM" clausetype="adverbial" func="cc" tem="tmp">
        <conj conjunctiontype="subordinating">
          <c lem="cuando" pos="cs" postype="subordinating" wd="cuando"/>
        </conj>
        <sn arg="arg0" elliptic="yes" func="suj" tem="agt"/>
        <grup.verb>
          <v lem="preguntar" lss="A32.ditransitive-patient-benefactive" mood="indicative" num="p" person="3" pos="vmis3p0" postype="main" tense="past" wd="preguntaron"/>
        </grup.verb>
        <sp arg="arg2" func="ci" tem="ben">
          <prep>
            <s lem="a" pos="sps00" postype="preposition" wd="a"/>
          </prep>
          <sn entityref="ne" ne="person">
            <grup.nom gen="m" num="s">
              <n lem="Henry_Ford" ne="person" pos="np0000p" postype="proper" sense="16:07716470" wd="Henry_Ford"/>
            </grup.nom>
          </sn>
        </sp>
        <S arg="arg1" clausetype="completive" func="cd" tem="pat">
          <sp arg="argM" func="cc" tem="adv">
            <prep>
              <s lem="en" pos="sps00" postype="preposition" wd="en"/>
            </prep>
            <sn>
              <spec gen="m" num="p">
                <d gen="c" lem="qué" num="c" pos="dt0cn0" postype="interrogative" wd="qué"/>
              </spec>
              <grup.nom gen="m" num="p">
                <n gen="m" lem="color" num="p" pos="ncmp000" postype="common" sense="16:03875475" wd="colores"/>
              </grup.nom>
            </sn>
          </sp>
          <sn arg="arg0" elliptic="yes" func="suj" tem="agt"/>
          <grup.verb>
            <v lem="fabricar" lss="A21.transitive-agentive-patient" mood="indicative" num="s" person="3" pos="vmic3s0" postype="main" tense="conditional" wd="fabricaría"/>
          </grup.verb>
          <sn arg="arg1" entityref="ne" func="cd" ne="other" tem="pat">
            <spec gen="m" num="s">
              <d gen="m" lem="el" num="s" pos="da0ms0" postype="article" wd="el"/>
            </spec>
            <grup.nom gen="m" num="s">
              <n gen="m" lem="automóvil" num="s" pos="ncms000" postype="common" sense="16:02383458" wd="automóvil"/>
              <sn entityref="ne" ne="organization">
                <grup.nom num="s">
                  <n lem="Ford" ne="organization" pos="np0000o" postype="proper" sense="16:07716470" wd="Ford"/>
                </grup.nom>
              </sn>
              <sn entityref="ne" ne="other">
                <grup.nom gen="m" num="s">
                  <n gen="m" lem="modelo" num="s" pos="ncms000" postype="common" sense="16:04501544" wd="modelo"/>
                  <sn entityref="ne" ne="other">
                    <grup.nom>
                      <n lem="T" ne="other" pos="np0000a" postype="proper" sense="16:cs1" wd="T"/>
                    </grup.nom>
                  </sn>
                </grup.nom>
              </sn>
              <sn coord="yes">
                <f lem="-" pos="fg" punct="hyphen" wd="-"/>
                <sn>
                  <spec gen="m" num="s">
                    <d gen="m" lem="el" num="s" pos="da0ms0" postype="article" wd="el"/>
                  </spec>
                  <grup.nom gen="m" num="s">
                    <s.a gen="m" num="s">
                      <grup.a gen="m" num="s">
                        <a gen="m" lem="primero" num="s" pos="ao0ms0" postype="ordinal" wd="primero"/>
                      </grup.a>
                    </s.a>
                  </grup.nom>
                </sn>
                <f lem="," pos="fc" punct="comma" wd=","/>
                <sn>
                  <spec gen="m" num="s">
                    <d gen="m" lem="el" num="s" pos="da0ms0" postype="article" wd="el"/>
                  </spec>
                  <grup.nom gen="m" num="s">
                    <n gen="m" lem="revolucionario" num="s" pos="ncms000" postype="common" sense="16:07532433" wd="revolucionario"/>
                  </grup.nom>
                </sn>
                <f lem="-" pos="fg" punct="hyphen" wd="-"/>
              </sn>
            </grup.nom>
          </sn>
        </S>
        <f lem="," pos="fc" punct="comma" wd=","/>
      </S>
      <sn arg="arg0" entityref="ne" func="suj" ne="person" tem="agt">
        <grup.nom gen="m" num="s">
          <n lem="Ford" ne="person" pos="np0000p" postype="proper" sense="16:07716470" wd="Ford"/>
        </grup.nom>
      </sn>
      <grup.verb>
        <v lem="contestar" lss="A34.ditransitive-patient-theme" mood="indicative" num="s" person="3" pos="vmis3s0" postype="main" tense="past" wd="contestó"/>
      </grup.verb>
      <S arg="arg1" clausetype="completive" func="cd" tem="pat" verbless="yes">
        <conj conjunctiontype="subordinating">
          <c lem="que" pos="cs" postype="subordinating" wd="que"/>
        </conj>
        <sp>
          <prep>
            <s lem="en" pos="sps00" postype="preposition" wd="en"/>
          </prep>
          <sn>
            <spec gen="m" num="s">
              <d gen="c" lem="cualquiera" num="s" pos="di0cs0" postype="indefinite" wd="cualquier"/>
            </spec>
            <grup.nom gen="m" num="s">
              <n gen="m" lem="color" num="s" pos="ncms000" postype="common" sense="16:03875475" wd="color"/>
            </grup.nom>
          </sn>
        </sp>
        <S clausetype="adverbial">
          <conj conjunctiontype="subordinating">
            <c lem="mientras" pos="cs" postype="subordinating" wd="mientras"/>
          </conj>
          <sn arg="arg1" elliptic="yes" func="suj" tem="tem"/>
          <grup.verb>
            <v lem="ser" lss="C21.state-attributive" mood="subjunctive" num="s" person="3" pos="vssi3s0" postype="semiauxiliary" tense="imperfect" wd="fuese"/>
          </grup.verb>
          <sa arg="arg2" func="atr" tem="atr">
            <grup.a>
              <a gen="m" lem="negro" num="s" pos="aq0ms0" postype="qualificative" wd="negro"/>
            </grup.a>
          </sa>
        </S>
      </S>
    </S>
    <f lem="." pos="fp" punct="period" wd="."/>
  </sentence>
  <sentence>
    <sn arg="arg1" func="suj" tem="tem">
      <grup.nom gen="m" num="s">
        <p gen="c" lem="ese" num="s" pos="pd0ns000" postype="demonstrative" wd="Eso"/>
      </grup.nom>
    </sn>
    <grup.verb>
      <v lem="ser" lss="C21.state-attributive" mood="indicative" num="s" person="3" pos="vsis3s0" postype="semiauxiliary" tense="past" wd="fue"/>
    </grup.verb>
    <sp arg="arg2" func="atr" tem="atr">
      <prep>
        <s lem="en" pos="sps00" postype="preposition" wd="en"/>
      </prep>
      <sn entityref="ne" ne="date">
        <grup.nom>
          <w lem="[??:??/??/1908:??.??]" ne="date" wd="1908"/>
        </grup.nom>
      </sn>
    </sp>
    <f lem="." pos="fp" punct="period" wd="."/>
  </sentence>
  <sentence coord="yes">
    <S>
      <sn arg="arg0" entityref="ne" func="suj" ne="other" tem="agt">
        <spec gen="m" num="s">
          <d gen="m" lem="el" num="s" pos="da0ms0" postype="article" wd="El"/>
        </spec>
        <grup.nom gen="m" num="s">
          <n gen="m" lem="modelo" num="s" pos="ncms000" postype="common" sense="16:04501544" wd="modelo"/>
          <sn entityref="ne" ne="other">
            <grup.nom>
              <n lem="T" ne="other" pos="np0000a" postype="proper" sense="16:cs1" wd="T"/>
            </grup.nom>
          </sn>
        </grup.nom>
      </sn>
      <grup.verb>
        <v lem="dejar" mood="indicative" num="s" person="3" pos="vmis3s0" postype="main" tense="past" wd="dejó"/>
        <s lem="de" pos="sps00" postype="preposition" wd="de"/>
        <infinitiu>
          <v lem="fabricar" lss="A21.transitive-agentive-patient" mood="infinitive" pos="vmn0000" postype="main" wd="fabricarse"/>
        </infinitiu>
      </grup.verb>
      <sp arg="argM" func="cc" tem="tmp">
        <prep>
          <s lem="en" pos="sps00" postype="preposition" wd="en"/>
        </prep>
        <sn entityref="ne" ne="date">
          <grup.nom>
            <w lem="[??:??/??/1927:??.??]" ne="date" wd="1927"/>
          </grup.nom>
        </sn>
      </sp>
    </S>
    <conj conjunctiontype="coordinating">
      <c lem="y" pos="cc" postype="coordinating" wd="y"/>
    </conj>
    <S>
      <sn arg="arg1" func="cd" tem="pat">
        <grup.nom gen="m" num="s">
          <p case="accusative" gen="m" lem="él" num="s" person="3" pos="pp3msa00" postype="personal" wd="lo"/>
        </grup.nom>
      </sn>
      <grup.verb>
        <v lem="sustituir" lss="A34.ditransitive-patient-theme" mood="indicative" num="s" person="3" pos="vmis3s0" postype="main" tense="past" wd="sustituyó"/>
      </grup.verb>
      <sn arg="arg0" entityref="ne" func="suj" ne="other" tem="agt">
        <spec gen="m" num="s">
          <d gen="m" lem="el" num="s" pos="da0ms0" postype="article" wd="el"/>
        </spec>
        <grup.nom gen="m" num="s">
          <n gen="m" lem="modelo" num="s" pos="ncms000" postype="common" sense="16:04501544" wd="modelo"/>
          <sn entityref="ne" ne="other">
            <grup.nom>
              <n lem="A" ne="other" pos="np0000a" postype="proper" wd="A"/>
            </grup.nom>
          </sn>
        </grup.nom>
      </sn>
    </S>
    <f lem="." pos="fp" punct="period" wd="."/>
  </sentence>
  <sentence>
    <sn arg="arg1" func="suj" tem="tem">
      <spec gen="m" num="s">
        <d gen="c" lem="el" num="s" pos="da0ns0" postype="article" wd="Lo"/>
      </spec>
      <grup.nom gen="m" num="s">
        <sp>
          <prep>
            <s lem="de" pos="sps00" postype="preposition" wd="de"/>
          </prep>
          <sn>
            <spec gen="f" num="p">
              <d gen="f" lem="el" num="p" pos="da0fp0" postype="article" wd="las"/>
            </spec>
            <grup.nom gen="f" num="p">
              <n gen="f" lem="letra" num="p" pos="ncfp000" postype="common" sense="16:05115901" wd="letras"/>
              <sp>
                <prep>
                  <s lem="para" pos="sps00" postype="preposition" wd="para"/>
                </prep>
                <S clausetype="completive" impersonal="yes">
                  <infinitiu>
                    <v lem="bautizar" lss="A21.transitive-agentive-patient" mood="infinitive" pos="vmn0000" postype="main" wd="bautizar"/>
                  </infinitiu>
                  <sn arg="arg1" func="cd" tem="pat">
                    <grup.nom gen="f" num="p">
                      <n gen="f" lem="modelo" num="p" pos="ncfp000" postype="common" sense="16:04501544" wd="modelos"/>
                      <sp>
                        <prep>
                          <s lem="de" pos="sps00" postype="preposition" wd="de"/>
                        </prep>
                        <sn>
                          <grup.nom gen="m" num="p">
                            <n gen="m" lem="automóvil" num="p" pos="ncmp000" postype="common" sense="16:02383458" wd="automóviles"/>
                          </grup.nom>
                        </sn>
                      </sp>
                    </grup.nom>
                  </sn>
                </S>
              </sp>
            </grup.nom>
          </sn>
        </sp>
      </grup.nom>
    </sn>
    <grup.verb>
      <v lem="ser" lss="C21.state-attributive" mood="indicative" num="s" person="3" pos="vsip3s0" postype="semiauxiliary" tense="present" wd="es"/>
    </grup.verb>
    <sn arg="arg2" func="atr" tem="atr">
      <grup.nom gen="f" num="s">
        <n gen="f" lem="historia" num="s" pos="ncfs000" postype="common" sense="16:04678654" wd="historia"/>
      </grup.nom>
    </sn>
    <f lem="." pos="fp" punct="period" wd="."/>
  </sentence>
  <sentence>
    <sp arg="argM" func="cc" tem="tmp">
      <prep>
        <s lem="en" pos="sps00" postype="preposition" wd="En"/>
      </prep>
      <sn>
        <spec gen="m" num="p">
          <d gen="m" lem="este" num="p" pos="dd0mp0" postype="demonstrative" wd="estos"/>
        </spec>
        <grup.nom gen="m" num="p">
          <s.a gen="m" num="p">
            <grup.a gen="m" num="p">
              <a gen="m" lem="último" num="p" pos="ao0mp0" postype="ordinal" wd="últimos"/>
            </grup.a>
          </s.a>
          <n gen="m" lem="año" num="p" pos="ncmp000" postype="common" sense="16:10917509" wd="años"/>
        </grup.nom>
      </sn>
      <f lem="," pos="fc" punct="comma" wd=","/>
    </sp>
    <sn arg="arg0" entityref="ne" func="suj" ne="organization" tem="agt">
      <spec gen="f" num="s">
        <d gen="f" lem="el" num="s" pos="da0fs0" postype="article" wd="la"/>
      </spec>
      <grup.nom gen="f" num="s">
        <n lem="Ford" ne="organization" pos="np0000o" postype="proper" sense="16:07716470" wd="Ford"/>
      </grup.nom>
    </sn>
    <grup.verb>
      <v lem="haber" mood="indicative" num="s" person="3" pos="vaip3s0" postype="auxiliary" tense="present" wd="ha"/>
      <v gen="m" lem="bautizar" lss="A21.transitive-agentive-patient" mood="participle" num="s" pos="vmp00sm" postype="main" wd="bautizado"/>
    </grup.verb>
    <sp arg="arg1" func="cd" tem="pat">
      <prep>
        <s lem="a" pos="sps00" postype="preposition" wd="a"/>
      </prep>
      <sn>
        <spec gen="f" num="p">
          <d gen="c" lem="su" num="p" person="3" pos="dp3cp0" postype="possessive" wd="sus"/>
        </spec>
        <grup.nom gen="f" num="p">
          <n gen="f" lem="modelo" num="p" pos="ncfp000" postype="common" sense="16:04501544" wd="modelos"/>
        </grup.nom>
      </sn>
    </sp>
    <sp arg="argM" func="cc" tem="adv">
      <prep>
        <s lem="con" pos="sps00" postype="preposition" wd="con"/>
      </prep>
      <sn>
        <grup.nom gen="f" num="p">
          <n gen="f" lem="palabra" num="p" pos="ncfp000" postype="common" sense="16:04750884" wd="palabras"/>
          <sn complex="yes">
            <f lem=":" pos="fd" punct="colon" wd=":"/>
            <grup.nom coord="yes">
              <grup.nom coord="yes">
                <grup.nom>
                  <n lem="Escort" ne="other" pos="np0000a" postype="proper" sense="16:cs1" wd="Escort"/>
                </grup.nom>
                <f lem="," pos="fc" punct="comma" wd=","/>
                <grup.nom>
                  <n lem="Cortina" ne="other" pos="np0000a" postype="proper" sense="16:cs1" wd="Cortina"/>
                </grup.nom>
                <f lem="," pos="fc" punct="comma" wd=","/>
                <grup.nom>
                  <n lem="Sierra" ne="other" pos="np0000a" postype="proper" sense="16:cs1" wd="Sierra"/>
                </grup.nom>
                <f lem="," pos="fc" punct="comma" wd=","/>
                <grup.nom>
                  <n lem="Granada" ne="other" pos="np0000a" postype="proper" wd="Granada"/>
                </grup.nom>
                <f lem="," pos="fc" punct="comma" wd=","/>
                <grup.nom>
                  <n lem="Scorpio" ne="other" pos="np0000a" postype="proper" sense="16:cs1" wd="Scorpio"/>
                </grup.nom>
                <f lem="," pos="fc" punct="comma" wd=","/>
                <grup.nom>
                  <n lem="Orion" ne="other" pos="np0000a" postype="proper" sense="16:cs1" wd="Orion"/>
                </grup.nom>
                <f lem="..." pos="fs" punct="etc" wd="..."/>
              </grup.nom>
              <S adjunct="yes" clausetype="relative">
                <sp arg="arg2" func="ci" tem="ben">
                  <prep>
                    <s lem="a" pos="sps00" postype="preposition" wd="a"/>
                  </prep>
                  <sn>
                    <spec gen="m" num="p">
                      <d gen="m" lem="el" num="p" pos="da0mp0" postype="article" wd="los"/>
                    </spec>
                    <relatiu>
                      <p gen="c" lem="que" num="c" pos="pr0cn000" postype="relative" wd="que"/>
                    </relatiu>
                  </sn>
                </sp>
                <sn arg="argM" func="cc" tem="tmp">
                  <v lem="hacer" mood="indicative" num="s" person="3" pos="vmip3s0" postype="main" tense="present" wd="hace"/>
                  <p gen="m" lem="poco" num="s" pos="pi0ms000" postype="indefinite" wd="poco"/>
                </sn>
                <morfema.verbal func="pass">
                  <p gen="c" lem="se" num="c" pos="p0000000" wd="se"/>
                </morfema.verbal>
                <grup.verb>
                  <v lem="haber" mood="indicative" num="s" person="3" pos="vaip3s0" postype="auxiliary" tense="present" wd="ha"/>
                  <v gen="m" lem="añadir" lss="B22.unaccusative-passive-transitive" mood="participle" num="s" pos="vmp00sm" postype="main" wd="añadido"/>
                </grup.verb>
                <sn arg="arg1" entityref="ne" func="suj" ne="other" tem="pat">
                  <spec gen="m" num="s">
                    <d gen="m" lem="el" num="s" pos="da0ms0" postype="article" wd="el"/>
                  </spec>
                  <grup.nom gen="m" num="s">
                    <n lem="Mondeo" ne="other" pos="np0000a" postype="proper" sense="16:cs1" wd="Mondeo"/>
                  </grup.nom>
                </sn>
              </S>
            </grup.nom>
          </sn>
        </grup.nom>
      </sn>
    </sp>
    <f lem="." pos="fp" punct="period" wd="."/>
  </sentence>
  <sentence>
    <sn arg="arg0" elliptic="yes" func="suj" tem="agt"/>
    <sn arg="arg1" func="cd" tem="pat">
      <grup.nom gen="m" num="s">
        <p case="accusative" gen="m" lem="él" num="s" person="3" pos="pp3msa00" postype="personal" wd="Lo"/>
      </grup.nom>
    </sn>
    <grup.verb>
      <v lem="anunciar" lss="A21.transitive-agentive-patient" mood="indicative" num="p" person="3" pos="vmip3p0" postype="main" tense="present" wd="anuncian"/>
    </grup.verb>
    <sp arg="argM" coord="yes" func="cc" tem="loc">
      <sp>
        <prep>
          <s lem="en" pos="sps00" postype="preposition" wd="en"/>
        </prep>
        <sn>
          <spec gen="f" num="s">
            <d gen="f" lem="el" num="s" pos="da0fs0" postype="article" wd="la"/>
          </spec>
          <grup.nom gen="f" num="s">
            <n gen="f" lem="tele" num="s" pos="ncfs000" postype="common" sense="16:04745188" wd="tele"/>
          </grup.nom>
        </sn>
      </sp>
      <f lem="," pos="fc" punct="comma" wd=","/>
      <sp>
        <prep>
          <s lem="en" pos="sps00" postype="preposition" wd="en"/>
        </prep>
        <sn>
          <spec gen="f" num="s">
            <d gen="f" lem="el" num="s" pos="da0fs0" postype="article" wd="la"/>
          </spec>
          <grup.nom gen="f" num="s">
            <n gen="f" lem="prensa" num="s" pos="ncfs000" postype="common" sense="16:04736003" wd="prensa"/>
          </grup.nom>
        </sn>
      </sp>
    </sp>
    <sn arg="argM" entityref="ne" func="cpred" ne="other" predicate="cd" tem="atr">
      <grup.nom>
        <n lem="Ford_Mondeo" ne="other" pos="np0000a" postype="proper" sense="16:cs1" wd="Ford_Mondeo"/>
      </grup.nom>
    </sn>
    <f lem="." pos="fp" punct="period" wd="."/>
  </sentence>
  <sentence>
    <conj conjunctiontype="coordinating" func="et">
      <c lem="pero" pos="cc" postype="coordinating" wd="Pero"/>
    </conj>
    <f lem="-" pos="fg" punct="hyphen" wd="-"/>
    <sn arg="arg2" func="cd" functype="quantitative" tem="atr">
      <grup.nom num="s">
        <p gen="c" lem="qué" num="s" pos="pt0cs000" postype="interrogative" wd="qué"/>
      </grup.nom>
    </sn>
    <grup.verb>
      <v lem="significar" lss="C21.state-attributive" mood="indicative" num="s" person="3" pos="vmip3s0" postype="main" tense="present" wd="significa"/>
    </grup.verb>
    <sn arg="arg1" entityref="ne" func="suj" ne="other" tem="tem">
      <grup.nom>
        <n lem="Mondeo" ne="other" pos="np0000a" postype="proper" sense="16:cs1" wd="Mondeo"/>
      </grup.nom>
    </sn>
    <f lem="?" pos="fit" punct="questionmark" punctenclose="close" wd="?"/>
  </sentence>
  <sentence>
    <sn arg="arg1" func="suj" tem="tem">
      <spec gen="m" num="p">
        <d gen="m" lem="el" num="p" pos="da0mp0" postype="article" wd="Los"/>
        <d gen="m" lem="otro" num="p" pos="di0mp0" postype="indefinite" wd="otros"/>
      </spec>
      <grup.nom gen="m" num="p">
        <n gen="m" lem="nombre" num="p" pos="ncmp000" postype="common" sense="16:04768298" wd="nombres"/>
        <sp>
          <prep>
            <s lem="de" pos="sps00" postype="preposition" wd="de"/>
          </prep>
          <sn>
            <grup.nom gen="m" num="p">
              <n gen="m" lem="modelo" num="p" pos="ncmp000" postype="common" sense="16:04501544" wd="modelos"/>
            </grup.nom>
          </sn>
        </sp>
      </grup.nom>
    </sn>
    <grup.verb>
      <v lem="tener" lss="C21.state-attributive" mood="indicative" num="p" person="3" pos="vmii3p0" postype="main" tense="imperfect" wd="tenían"/>
    </grup.verb>
    <sn arg="arg2" func="cd" functype="quantitative" tem="atr">
      <spec gen="m" num="s">
        <d gen="m" lem="uno" num="s" pos="di0ms0" postype="indefinite" wd="un"/>
      </spec>
      <grup.nom gen="m" num="s">
        <n gen="m" lem="significado" lexicalid="noun.significado.2.default" num="s" origin="deverbal" pos="ncms000" postype="common" sense="16:04951584" wd="significado"/>
        <s.a func="cn" gen="m" num="s">
          <grup.a gen="m" num="s">
            <a gen="m" lem="claro" num="s" pos="aq0ms0" postype="qualificative" wd="claro"/>
          </grup.a>
        </s.a>
      </grup.nom>
    </sn>
    <f lem="." pos="fp" punct="period" wd="."/>
  </sentence>
  <sentence>
    <sn arg="arg1" entityref="ne" func="suj" ne="other" tem="tem">
      <grup.nom>
        <n lem="Escort" ne="other" pos="np0000a" postype="proper" sense="16:cs1" wd="Escort"/>
      </grup.nom>
    </sn>
    <grup.verb>
      <v lem="significar" lss="C21.state-attributive" mood="indicative" num="s" person="3" pos="vmip3s0" postype="main" tense="present" wd="significa"/>
    </grup.verb>
    <sn arg="arg2" complex="yes" func="cd" functype="quantitative" tem="atr">
      <grup.nom coord="yes">
        <grup.nom gen="f" num="s">
          <n gen="f" lem="escolta" num="s" pos="ncfs000" postype="common" sense="16:06097890" wd="escolta"/>
        </grup.nom>
        <f lem="," pos="fc" punct="comma" wd=","/>
        <grup.nom gen="f" num="s">
          <n gen="f" lem="compañía" num="s" pos="ncfs000" postype="common" sense="16:06083786" wd="compañía"/>
        </grup.nom>
        <f lem="," pos="fc" punct="comma" wd=","/>
        <grup.nom num="s">
          <n gen="c" lem="acompañante" num="s" pos="nccs000" postype="common" sense="16:07172243" wd="acompañante"/>
        </grup.nom>
      </grup.nom>
    </sn>
    <f lem="." pos="fp" punct="period" wd="."/>
  </sentence>
</article>
