<?xml version="1.0" encoding="UTF-8"?>
<!-- 

  ancora-2.0
       
			Copyright (C) 2007, 2008, 2009, 2010, 2011 UB - CLiC
			Centre de Llenguatge i Computació - Universitat de Barcelona
 
  This file is part of ancora-2.0.
 
  ancora-2.0 is free software and data: you can redistribute it and/or modify
  it under the terms of the GNU General Public License as published
  by the Free Software Foundation, either version 3 of the License,
  or (at your option) any later version.

  ancora-2.0 is distributed in the hope that it will be useful,
  but WITHOUT ANY WARRANTY; without even the implied warranty of
  MERCHANTABILITY or FITNESS FOR A PARTICULAR PURPOSE.  See the
  GNU General Public License for more details.
 
  You should have received a copy of the GNU General Public License
  along with ancora-2.0.  If not, see &lt;http://www.gnu.org/licenses/&gt;.
 
  Check a text in catalan explaining the terms of the license at http://www.softcatala.cat/wiki/GPL3.
  In spanish at http://www.viti.es/gnu/licenses/gpl.html
 

  The following paper must be cited when using this corpus:

 * Taulé, M., M.A. Martí, M. Recasens (2008) 'Ancora: Multilevel Annotated Corpora for Catalan and Spanish',
   Proceedings of 6th International Conference on Language Resources and Evaluation. Marrakesh (Morocco).

  In addition, the following paper must be cited if coreference information (attributes entity, coreftype,
  corefsubtype, homophoricDD or entityref) is used:

 * Recasens, Marta, M. Antònia Martí (2010) ‘AnCora-CO: Coreferentially annotated corpora for Spanish and
   Catalan’. Language Resources and Evaluation, Springer Science.

  Additionally, the following paper must be cited when argumental attributes in "sn" or "grup.nom"
  (attributes func, arg, tem or lexicalid) are used:

 * Peris, Aina, Mariona Taulé, Horacio Rodríguez (2010) ‘Semantic Annotation of Deverbal Nominalizations in the
   Spanish AnCora corpus’. Treebanks and Linguistic Theories (TLT-2010), Estonia.
-->
<article lng="es">
  <sentence>
    <sp arg="argM" func="cc" tem="loc">
      <prep>
        <s lem="en" pos="sps00" postype="preposition" wd="En"/>
      </prep>
      <sn entityref="ne" ne="other">
        <spec gen="f" num="s">
          <d gen="f" lem="el" num="s" pos="da0fs0" postype="article" wd="la"/>
        </spec>
        <grup.nom gen="f" num="s">
          <n gen="f" lem="novela" num="s" pos="ncfs000" postype="common" sense="16:04800741" wd="novela"/>
          <sn entityref="ne" ne="other">
            <grup.nom>
              <f lem="-" pos="fg" punct="hyphen" wd="-"/>
              <n lem="En_la_carretera" ne="other" pos="np0000a" postype="proper" sense="16:cs1" wd="En_la_carretera"/>
              <f lem="-" pos="fg" punct="hyphen" wd="-"/>
            </grup.nom>
          </sn>
          <sp>
            <f lem="," pos="fc" punct="comma" wd=","/>
            <prep>
              <s lem="de" pos="sps00" postype="preposition" wd="de"/>
            </prep>
            <sn entityref="ne" ne="person">
              <grup.nom gen="m" num="s">
                <n lem="Jack_Kerouac" ne="person" pos="np0000p" postype="proper" sense="16:cs1" wd="Jack_Kerouac"/>
              </grup.nom>
            </sn>
            <f lem="," pos="fc" punct="comma" wd=","/>
          </sp>
        </grup.nom>
      </sn>
    </sp>
    <sn arg="arg0" func="suj" tem="agt">
      <spec gen="m" num="s">
        <d gen="m" lem="uno" num="s" pos="di0ms0" postype="indefinite" wd="un"/>
      </spec>
      <grup.nom gen="m" num="s">
        <n gen="m" lem="personaje" num="s" pos="ncms000" postype="common" sense="16:07335484" wd="personaje"/>
      </grup.nom>
    </sn>
    <grup.verb>
      <v lem="preguntar" lss="A32.ditransitive-patient-benefactive" mood="indicative" num="s" person="3" pos="vmip3s0" postype="main" tense="present" wd="pregunta"/>
    </grup.verb>
    <sp arg="arg2" func="ci" tem="ben">
      <prep>
        <s lem="a" pos="sps00" postype="preposition" wd="a"/>
      </prep>
      <sn>
        <grup.nom gen="m" num="s">
          <p gen="m" lem="otro" num="s" pos="pi0ms000" postype="indefinite" wd="otro"/>
        </grup.nom>
      </sn>
    </sp>
    <S arg="arg1" clausetype="completive" func="cd" tem="pat">
      <conj conjunctiontype="subordinating">
        <c lem="si" pos="cs" postype="subordinating" wd="si"/>
      </conj>
      <sn arg="arg0" elliptic="yes" func="suj" tem="agt"/>
      <grup.verb>
        <v lem="saber" lss="A22.transitive-agentive-theme" mood="indicative" num="s" person="3" pos="vmip3s0" postype="main" tense="present" wd="sabe"/>
      </grup.verb>
      <S arg="arg1" clausetype="completive" func="cd" tem="pat">
        <conj conjunctiontype="subordinating">
          <c lem="que" pos="cs" postype="subordinating" wd="que"/>
        </conj>
        <sp arg="argM" func="cc" tem="adv">
          <prep>
            <s lem="por" pos="sps00" postype="preposition" wd="por"/>
          </prep>
          <S clausetype="completive" impersonal="yes">
            <infinitiu>
              <v lem="poner" lss="A31.ditransitive-patient-locative" mood="infinitive" pos="vmn0000" postype="main" wd="poner"/>
            </infinitiu>
            <sn arg="arg1" entityref="ne" func="cd" ne="other" tem="pat">
              <spec gen="f" num="s">
                <d gen="f" lem="el" num="s" pos="da0fs0" postype="article" wd="la"/>
              </spec>
              <grup.nom gen="f" num="s">
                <n gen="f" lem="bandera" num="s" pos="ncfs000" postype="common" sense="16:02692272" wd="bandera"/>
                <s.a gen="f" num="s">
                  <grup.a gen="f" num="s">
                    <a gen="f" lem="americano" num="s" pos="aq0fs0" postype="qualificative" wd="americana"/>
                  </grup.a>
                </s.a>
              </grup.nom>
            </sn>
            <sadv arg="argM" func="cc" tem="mnr">
              <grup.adv>
                <r lem="al_revés" pos="rg" wd="al_revés"/>
              </grup.adv>
            </sadv>
            <sp arg="arg2" func="cc" tem="loc">
              <prep>
                <s lem="en" pos="sps00" postype="preposition" wd="en"/>
              </prep>
              <sn>
                <spec gen="m" num="s">
                  <d gen="m" lem="uno" num="s" pos="di0ms0" postype="indefinite" wd="un"/>
                </spec>
                <grup.nom gen="m" num="s">
                  <n gen="m" lem="edificio" num="s" pos="ncms000" postype="common" sense="16:02347413" wd="edificio"/>
                  <s.a gen="m" num="s">
                    <grup.a gen="m" num="s">
                      <a gen="c" lem="oficial" num="s" pos="aq0cs0" postype="qualificative" wd="oficial"/>
                    </grup.a>
                  </s.a>
                </grup.nom>
              </sn>
            </sp>
          </S>
        </sp>
        <sn arg="arg0" elliptic="yes" func="suj" tem="agt"/>
        <grup.verb>
          <v lem="poder" mood="indicative" num="s" person="3" pos="vmip3s0" postype="main" tense="present" wd="puede"/>
          <infinitiu>
            <v lem="ir" lss="D11.inergative-agentive" mood="infinitive" pos="vmn0000" postype="main" wd="ir"/>
          </infinitiu>
        </grup.verb>
        <sp arg="arg4" func="cc" tem="des">
          <prep>
            <s lem="a" pos="sps00" postype="preposition" wd="a"/>
          </prep>
          <sn>
            <spec gen="f" num="s">
              <d gen="f" lem="el" num="s" pos="da0fs0" postype="article" wd="la"/>
            </spec>
            <grup.nom gen="f" num="s">
              <n gen="f" lem="cárcel" num="s" pos="ncfs000" postype="common" sense="16:02872007" wd="cárcel"/>
            </grup.nom>
          </sn>
        </sp>
      </S>
    </S>
    <f lem="." pos="fp" punct="period" wd="."/>
  </sentence>
  <sentence>
    <sp arg="argM" func="cc" tem="adv">
      <prep>
        <s lem="a_pesar_de" pos="sps00" postype="preposition" wd="A_pesar_de"/>
      </prep>
      <sn>
        <spec gen="f" num="s">
          <d gen="f" lem="este" num="s" pos="dd0fs0" postype="demonstrative" wd="esta"/>
        </spec>
        <grup.nom gen="f" num="s">
          <n gen="f" lem="visión" lexicalid="noun.visión.1.default" num="s" origin="deverbal" pos="ncfs000" postype="common" sense="16:04564824" wd="visión"/>
          <s.a func="cn" gen="f" num="s">
            <grup.a gen="f" num="s">
              <a gen="c" lem="quejica" num="s" pos="aq0cs0" postype="qualificative" wd="quejica"/>
            </grup.a>
          </s.a>
        </grup.nom>
      </sn>
      <f lem="," pos="fc" punct="comma" wd=","/>
    </sp>
    <sp arg="argM" func="cc" tem="loc">
      <prep>
        <s lem="en" pos="sps00" postype="preposition" wd="en"/>
      </prep>
      <sn entityref="ne" ne="location">
        <grup.nom>
          <n lem="Estados_Unidos" ne="location" pos="np0000l" postype="proper" wd="Estados_Unidos"/>
        </grup.nom>
      </sn>
    </sp>
    <sn arg="arg1" func="suj" tem="pat">
      <spec gen="m" num="p">
        <d gen="m" lem="el" num="p" pos="da0mp0" postype="article" wd="los"/>
      </spec>
      <grup.nom gen="m" num="p">
        <n gen="m" lem="juicio" lexicalid="noun.juicio.1.default" num="p" origin="deverbal" pos="ncmp000" postype="common" sense="16:00775201" wd="juicios"/>
        <sp arg="arg1" func="cn" tem="pat">
          <prep>
            <s lem="contra" pos="sps00" postype="preposition" wd="contra"/>
          </prep>
          <sn>
            <grup.nom gen="f" num="p">
              <n gen="c" lem="manifestante" num="p" pos="nccp000" postype="common" sense="16:07209177" wd="manifestantes"/>
              <S clausetype="relative">
                <relatiu arg="arg0" func="suj" tem="cau">
                  <p gen="c" lem="que" num="c" pos="pr0cn000" postype="relative" wd="que"/>
                </relatiu>
                <grup.verb>
                  <v lem="haber" mood="indicative" num="p" person="3" pos="vaip3p0" postype="auxiliary" tense="present" wd="han"/>
                  <v gen="m" lem="quemar" lss="A11.transitive-causative" mood="participle" num="s" pos="vmp00sm" postype="main" wd="quemado"/>
                </grup.verb>
                <sn arg="arg1" func="cd" tem="tem">
                  <grup.nom gen="f" num="p">
                    <n gen="f" lem="bandera" num="p" pos="ncfp000" postype="common" sense="16:02692272" wd="banderas"/>
                    <s.a gen="f" num="p">
                      <grup.a gen="f" num="p">
                        <a gen="f" lem="americano" num="p" pos="aq0fp0" postype="qualificative" wd="americanas"/>
                      </grup.a>
                    </s.a>
                  </grup.nom>
                </sn>
              </S>
            </grup.nom>
          </sn>
        </sp>
      </grup.nom>
    </sn>
    <morfema.verbal func="pass">
      <p gen="c" lem="se" num="c" pos="p0000000" wd="se"/>
    </morfema.verbal>
    <grup.verb>
      <v lem="haber" mood="indicative" num="p" person="3" pos="vaip3p0" postype="auxiliary" tense="present" wd="han"/>
      <v gen="m" lem="resolver" lss="B22.unaccusative-passive-transitive" mood="participle" num="s" pos="vmp00sm" postype="main" wd="resuelto"/>
    </grup.verb>
    <sadv arg="argM" func="cc" tem="adv">
      <grup.adv>
        <r lem="a_menudo" pos="rg" wd="a_menudo"/>
      </grup.adv>
    </sadv>
    <sp arg="argM" func="cc" tem="adv">
      <prep>
        <s lem="con" pos="sps00" postype="preposition" wd="con"/>
      </prep>
      <sn>
        <spec gen="f" num="s">
          <d gen="f" lem="uno" num="s" pos="di0fs0" postype="indefinite" wd="una"/>
        </spec>
        <grup.nom gen="f" num="s">
          <n gen="f" lem="sentencia" lexicalid="noun.sentencia.2.default" num="s" origin="deverbal" pos="ncfs000" postype="common" sense="16:00768711" wd="sentencia"/>
          <s.a func="cn" gen="f" num="s">
            <grup.a gen="f" num="s">
              <a gen="c" lem="ejemplar" num="s" pos="aq0cs0" postype="qualificative" wd="ejemplar"/>
            </grup.a>
          </s.a>
          <S func="cn">
            <f lem=":" pos="fd" punct="colon" wd=":"/>
            <sn arg="arg0" func="suj" tem="agt">
              <spec gen="f" num="s">
                <d gen="f" lem="el" num="s" pos="da0fs0" postype="article" wd="la"/>
              </spec>
              <grup.nom gen="f" num="s">
                <n gen="f" lem="libertad" num="s" pos="ncfs000" postype="common" sense="16:10082493" wd="libertad"/>
                <sp>
                  <prep>
                    <s lem="de" pos="sps00" postype="preposition" wd="de"/>
                  </prep>
                  <sn>
                    <grup.nom gen="f" num="s">
                      <n gen="f" lem="expresión" lexicalid="noun.expresión.1.default" num="s" origin="deverbal" pos="ncfs000" postype="common" sense="16:05341816" wd="expresión"/>
                    </grup.nom>
                  </sn>
                </sp>
              </grup.nom>
            </sn>
            <grup.verb>
              <v lem="garantizar" lss="A21.transitive-agentive-patient" mood="indicative" num="s" person="3" pos="vmip3s0" postype="main" tense="present" wd="garantiza"/>
            </grup.verb>
            <sn arg="arg1" func="cd" tem="pat">
              <spec gen="m" num="s">
                <d gen="m" lem="el" num="s" pos="da0ms0" postype="article" wd="el"/>
              </spec>
              <grup.nom gen="m" num="s">
                <n gen="m" lem="derecho" num="s" pos="ncms000" postype="common" sense="16:04030305" wd="derecho"/>
                <sp>
                  <prep>
                    <s lem="a" pos="sps00" postype="preposition" wd="a"/>
                  </prep>
                  <S clausetype="completive" impersonal="yes">
                    <infinitiu>
                      <v lem="quemar" lss="A11.transitive-causative" mood="infinitive" pos="vmn0000" postype="main" wd="quemar"/>
                    </infinitiu>
                    <sn arg="arg1" func="cd" tem="tem">
                      <spec gen="f" num="s">
                        <d gen="f" lem="el" num="s" pos="da0fs0" postype="article" wd="la"/>
                      </spec>
                      <grup.nom gen="f" num="s">
                        <s.a gen="f" num="s">
                          <grup.a gen="f" num="s">
                            <a gen="f" lem="propio" num="s" pos="aq0fs0" postype="qualificative" wd="propia"/>
                          </grup.a>
                        </s.a>
                        <n gen="f" lem="bandera" num="s" pos="ncfs000" postype="common" sense="16:02692272" wd="bandera"/>
                      </grup.nom>
                    </sn>
                  </S>
                </sp>
              </grup.nom>
            </sn>
          </S>
        </grup.nom>
      </sn>
    </sp>
    <f lem="." pos="fp" punct="period" wd="."/>
  </sentence>
  <sentence>
    <sn arg="arg1" elliptic="yes" func="suj" tem="tem"/>
    <grup.verb>
      <v lem="ser" lss="C21.state-attributive" mood="indicative" num="s" person="3" pos="vsip3s0" postype="semiauxiliary" tense="present" wd="Es"/>
    </grup.verb>
    <sn arg="arg2" func="atr" tem="atr">
      <spec gen="f" num="s">
        <d gen="f" lem="uno" num="s" pos="di0fs0" postype="indefinite" wd="una"/>
      </spec>
      <grup.nom gen="f" num="s">
        <n gen="f" lem="forma" num="s" pos="ncfs000" postype="common" sense="16:00111872" wd="forma"/>
        <sp>
          <prep>
            <s lem="de" pos="sps00" postype="preposition" wd="de"/>
          </prep>
          <S clausetype="completive" impersonal="yes">
            <infinitiu>
              <v lem="expresar" lss="A32.ditransitive-patient-benefactive" mood="infinitive" pos="vmn0000" postype="main" wd="expresar"/>
            </infinitiu>
            <sn arg="arg1" func="cd" tem="pat">
              <grup.nom gen="f" num="s">
                <n gen="f" lem="disconformidad" num="s" pos="ncfs000" postype="common" sense="16:05368181" wd="disconformidad"/>
                <sp coord="yes">
                  <sp>
                    <prep>
                      <s lem="con" pos="sps00" postype="preposition" wd="con"/>
                    </prep>
                    <sn>
                      <spec gen="f" num="s">
                        <d gen="f" lem="el" num="s" pos="da0fs0" postype="article" wd="la"/>
                      </spec>
                      <grup.nom gen="f" num="s">
                        <n gen="f" lem="actuación" lexicalid="noun.actuación.1.default" num="s" origin="deverbal" pos="ncfs000" postype="common" sense="16:00792210" wd="actuación"/>
                        <sp arg="arg0" func="cn" tem="agt">
                          <prep>
                            <s contracted="yes" gen="m" lem="del" num="s" pos="spcms" postype="preposition" wd="del"/>
                          </prep>
                          <sn entityref="ne" ne="organization">
                            <grup.nom gen="m" num="s">
                              <n lem="Gobierno" ne="organization" pos="np0000o" postype="proper" sense="16:cs1" wd="Gobierno"/>
                            </grup.nom>
                          </sn>
                        </sp>
                      </grup.nom>
                    </sn>
                  </sp>
                  <conj conjunctiontype="coordinating">
                    <c lem="o" pos="cc" postype="coordinating" wd="o"/>
                  </conj>
                  <sp>
                    <prep>
                      <s lem="con" pos="sps00" postype="preposition" wd="con"/>
                    </prep>
                    <sn entityref="ne" ne="organization">
                      <spec gen="m" num="s">
                        <d gen="m" lem="el" num="s" pos="da0ms0" postype="article" wd="el"/>
                      </spec>
                      <grup.nom gen="m" num="s">
                        <n lem="Estado" ne="organization" pos="np0000o" postype="proper" sense="16:cs1" wd="Estado"/>
                      </grup.nom>
                    </sn>
                  </sp>
                </sp>
              </grup.nom>
            </sn>
          </S>
        </sp>
      </grup.nom>
    </sn>
    <f lem="." pos="fp" punct="period" wd="."/>
  </sentence>
  <sentence>
    <sn arg="arg1" func="suj" tem="tem">
      <spec gen="m" num="s">
        <d gen="m" lem="el" num="s" pos="da0ms0" postype="article" wd="El"/>
      </spec>
      <grup.nom gen="m" num="s">
        <n gen="m" lem="caso" num="s" pos="ncms000" postype="common" sense="16:05081510" wd="caso"/>
        <s.a gen="m" num="s">
          <grup.a gen="m" num="s">
            <a gen="m" lem="japonés" num="s" pos="aq0ms0" postype="qualificative" wd="japonés"/>
          </grup.a>
        </s.a>
      </grup.nom>
    </sn>
    <neg func="mod">
      <r lem="no" pos="rn" postype="negative" wd="no"/>
    </neg>
    <grup.verb>
      <v lem="ser" lss="C21.state-attributive" mood="indicative" num="s" person="3" pos="vsic3s0" postype="semiauxiliary" tense="conditional" wd="sería"/>
    </grup.verb>
    <sn arg="arg2" func="atr" tem="atr">
      <sadv>
        <grup.adv>
          <r lem="simplemente" pos="rg" wd="simplemente"/>
        </grup.adv>
      </sadv>
      <sn>
        <spec gen="f" num="s">
          <d gen="f" lem="el" num="s" pos="da0fs0" postype="article" wd="la"/>
        </spec>
        <grup.nom gen="f" num="s">
          <n gen="f" lem="negación" lexicalid="noun.negación.2.default" num="s" origin="deverbal" pos="ncfs000" postype="common" sense="16:05384228" wd="negación"/>
          <sp arg="arg1" func="cn" tem="pat">
            <prep>
              <s lem="de" pos="sps00" postype="preposition" wd="de"/>
            </prep>
            <sn>
              <spec gen="f" num="s">
                <d gen="f" lem="ese" num="s" pos="dd0fs0" postype="demonstrative" wd="esa"/>
              </spec>
              <grup.nom gen="f" num="s">
                <n gen="f" lem="libertad" num="s" pos="ncfs000" postype="common" sense="16:10082493" wd="libertad"/>
              </grup.nom>
            </sn>
          </sp>
        </grup.nom>
      </sn>
    </sn>
    <f lem="." pos="fp" punct="period" wd="."/>
  </sentence>
  <sentence verbless="yes">
    <S clausetype="adverbial">
      <conj conjunctiontype="subordinating">
        <c lem="porque" pos="cs" postype="subordinating" wd="Porque"/>
      </conj>
      <sp arg="argM" func="cc" tem="tmp">
        <prep>
          <s lem="hasta" pos="sps00" postype="preposition" wd="hasta"/>
        </prep>
        <sadv>
          <grup.adv>
            <r lem="ahora" pos="rg" wd="ahora"/>
          </grup.adv>
        </sadv>
      </sp>
      <sn arg="arg0" func="suj" tem="agt">
        <spec gen="f" num="s">
          <d gen="f" lem="ninguno" num="s" pos="di0fs0" postype="indefinite" wd="ninguna"/>
        </spec>
        <grup.nom gen="f" num="s">
          <n gen="f" lem="ley" num="s" pos="ncfs000" postype="common" sense="16:04904589" wd="ley"/>
        </grup.nom>
      </sn>
      <grup.verb>
        <v lem="establecer" lss="A21.transitive-agentive-patient" mood="indicative" num="s" person="3" pos="vmii3s0" postype="main" tense="imperfect" wd="establecía"/>
      </grup.verb>
      <sp arg="arg1" func="cd" tem="pat">
        <prep>
          <s lem="a" pos="sps00" postype="preposition" wd="a"/>
        </prep>
        <sn>
          <spec gen="f" num="s">
            <d gen="f" lem="el" num="s" pos="da0fs0" postype="article" wd="la"/>
          </spec>
          <grup.nom gen="f" num="s">
            <sp>
              <prep>
                <s contracted="yes" gen="m" lem="del" num="s" pos="spcms" postype="preposition" wd="del"/>
              </prep>
              <sn entityref="ne" ne="other">
                <grup.nom gen="m" num="s">
                  <n lem="Sol_Naciente" ne="other" pos="np0000a" postype="proper" sense="16:cs1" wd="Sol_Naciente"/>
                </grup.nom>
              </sn>
            </sp>
          </grup.nom>
        </sn>
      </sp>
      <sp arg="argM" func="cpred" predicate="cd" tem="atr">
        <prep>
          <c lem="como" pos="cs" postype="subordinating" wd="como"/>
        </prep>
        <sn>
          <grup.nom gen="f" num="s">
            <n gen="f" lem="bandera" num="s" pos="ncfs000" postype="common" sense="16:05150156" wd="bandera"/>
            <s.a gen="f" num="s">
              <grup.a gen="f" num="s">
                <a gen="c" lem="nacional" num="s" pos="aq0cs0" postype="qualificative" wd="nacional"/>
              </grup.a>
            </s.a>
          </grup.nom>
        </sn>
      </sp>
    </S>
    <f lem="." pos="fp" punct="period" wd="."/>
  </sentence>
  <sentence>
    <sp arg="argM" func="cc" tem="cau">
      <prep>
        <s lem="por" pos="sps00" postype="preposition" wd="Por"/>
      </prep>
      <sn>
        <grup.nom gen="m" num="s">
          <p gen="c" lem="ese" num="s" pos="pd0ns000" postype="demonstrative" wd="eso"/>
        </grup.nom>
      </sn>
      <f lem="," pos="fc" punct="comma" wd=","/>
    </sp>
    <sp arg="argM" func="cc" tem="adv">
      <prep>
        <s lem="para" pos="sps00" postype="preposition" wd="para"/>
      </prep>
      <S clausetype="completive" impersonal="yes">
        <infinitiu>
          <v lem="juzgar" lss="A21.transitive-agentive-patient" mood="infinitive" pos="vmn0000" postype="main" wd="juzgar"/>
        </infinitiu>
        <sp arg="arg1" func="cd" tem="pat">
          <prep>
            <s lem="a" pos="sps00" postype="preposition" wd="a"/>
          </prep>
          <sn entityref="ne" ne="person">
            <grup.nom gen="m" num="s">
              <n lem="Chibana" ne="person" pos="np0000p" postype="proper" sense="16:cs1" wd="Chibana"/>
            </grup.nom>
          </sn>
        </sp>
      </S>
    </sp>
    <sn arg="arg0" elliptic="yes" func="suj" tem="agt"/>
    <grup.verb>
      <v lem="tener" mood="indicative" num="p" person="3" pos="vmis3p0" postype="main" tense="past" wd="tuvieron"/>
      <c lem="que" pos="cs" postype="subordinating" wd="que"/>
      <infinitiu>
        <v lem="echar_mano" lss="A22.transitive-agentive-theme" mood="infinitive" pos="vmn0000" postype="main" wd="echar_mano"/>
      </infinitiu>
    </grup.verb>
    <sp arg="arg1" func="creg" tem="tem">
      <prep>
        <s lem="de" pos="sps00" postype="preposition" wd="de"/>
      </prep>
      <sn>
        <spec gen="f" num="s">
          <d gen="f" lem="otro" num="s" pos="di0fs0" postype="indefinite" wd="otra"/>
        </spec>
        <grup.nom gen="f" num="s">
          <n gen="f" lem="acusación" lexicalid="noun.acusación.1.default" num="s" origin="deverbal" pos="ncfs000" postype="common" sense="16:05401516" wd="acusación"/>
          <sn func="cn">
            <f lem=":" pos="fd" punct="colon" wd=":"/>
            <grup.nom gen="m" num="p">
              <n gen="m" lem="daño" lexicalid="noun.daño.1.default" num="p" origin="deverbal" pos="ncmp000" postype="common" sense="16:00258668" wd="daños"/>
              <sp arg="arg1" func="cn" tem="tem">
                <prep>
                  <s lem="a" pos="sps00" postype="preposition" wd="a"/>
                </prep>
                <sn>
                  <spec gen="f" num="s">
                    <d gen="f" lem="el" num="s" pos="da0fs0" postype="article" wd="la"/>
                  </spec>
                  <grup.nom gen="f" num="s">
                    <n gen="f" lem="propiedad" num="s" pos="ncfs000" postype="common" sense="16:09528888" wd="propiedad"/>
                    <s.a gen="f" num="s">
                      <grup.a gen="f" num="s">
                        <a gen="f" lem="público" num="s" pos="aq0fs0" postype="qualificative" wd="pública"/>
                      </grup.a>
                    </s.a>
                  </grup.nom>
                </sn>
              </sp>
            </grup.nom>
          </sn>
        </grup.nom>
      </sn>
    </sp>
    <f lem="." pos="fp" punct="period" wd="."/>
  </sentence>
  <sentence>
    <sn arg="arg0" func="suj" tem="agt">
      <spec gen="m" num="s">
        <d gen="m" lem="el" num="s" pos="da0ms0" postype="article" wd="El"/>
      </spec>
      <grup.nom gen="m" num="s">
        <n gen="c" lem="juez" num="s" pos="nccs000" postype="common" sense="16:07350806" wd="juez"/>
      </grup.nom>
    </sn>
    <grup.verb>
      <v lem="decir" lss="A32.ditransitive-patient-benefactive" mood="indicative" num="s" person="3" pos="vmip3s0" postype="main" tense="present" wd="dice"/>
    </grup.verb>
    <S arg="arg1" clausetype="completive" func="cd" tem="pat">
      <conj conjunctiontype="subordinating">
        <c lem="que" pos="cs" postype="subordinating" wd="que"/>
      </conj>
      <grup.verb>
        <v lem="ser" lss="C21.state-attributive" mood="indicative" num="s" person="3" pos="vsip3s0" postype="semiauxiliary" tense="present" wd="es"/>
      </grup.verb>
      <sa arg="arg2" func="atr" tem="atr">
        <grup.a>
          <a gen="c" lem="comprensible" num="s" pos="aq0cs0" postype="qualificative" wd="comprensible"/>
        </grup.a>
      </sa>
      <S arg="arg1" clausetype="completive" coord="yes" func="suj" tem="tem">
        <conj conjunctiontype="subordinating">
          <c lem="que" pos="cs" postype="subordinating" wd="que"/>
        </conj>
        <S clausetype="completive">
          <sn arg="arg1" entityref="ne" func="suj" ne="person" tem="tem">
            <grup.nom gen="m" num="s">
              <n lem="Chibana" ne="person" pos="np0000p" postype="proper" sense="16:cs1" wd="Chibana"/>
            </grup.nom>
          </sn>
          <morfema.pronominal>
            <p gen="c" lem="él" num="c" person="3" pos="p0300000" wd="se"/>
          </morfema.pronominal>
          <grup.verb>
            <v lem="haber" mood="imperative" num="s" person="3" pos="vam03s0" postype="auxiliary" wd="haya"/>
            <v gen="m" lem="indignar" lss="B21.unaccusative-state" mood="participle" num="s" pos="vmp00sm" postype="main" wd="indignado"/>
          </grup.verb>
          <sp arg="argM" func="cc" tem="tmp">
            <prep>
              <s contracted="yes" gen="m" lem="al" num="s" pos="spcms" postype="preposition" wd="al"/>
            </prep>
            <S clausetype="completive" impersonal="yes">
              <infinitiu>
                <v lem="descubrir" lss="A21.transitive-agentive-patient" mood="infinitive" pos="vmn0000" postype="main" wd="descubrir"/>
              </infinitiu>
              <S arg="arg1" clausetype="completive" func="cd" tem="pat">
                <sn arg="arg1" func="suj" tem="tem">
                  <grup.nom num="s">
                    <p gen="c" lem="qué" num="s" pos="pt0cs000" postype="interrogative" wd="qué"/>
                  </grup.nom>
                </sn>
                <grup.verb>
                  <v lem="pasar" lss="C42.state-experiencer" mood="indicative" num="s" person="3" pos="vmis3s0" postype="main" tense="past" wd="pasó"/>
                </grup.verb>
                <sp arg="argM" func="cc" tem="tmp">
                  <prep>
                    <s lem="en" pos="sps00" postype="preposition" wd="en"/>
                  </prep>
                  <sn entityref="ne" ne="date">
                    <grup.nom>
                      <w lem="[??:??/??/1945:??.??]" ne="date" wd="1945"/>
                    </grup.nom>
                  </sn>
                </sp>
              </S>
            </S>
          </sp>
          <f lem="," pos="fc" punct="comma" wd=","/>
        </S>
        <conj conjunctiontype="coordinating">
          <c lem="y" pos="cc" postype="coordinating" wd="y"/>
        </conj>
        <S clausetype="completive">
          <sadv arg="argM" func="cc" tem="adv">
            <grup.adv>
              <r lem="por_tanto" pos="rg" wd="por_tanto"/>
            </grup.adv>
          </sadv>
          <sn arg="arg0" elliptic="yes" func="suj" tem="agt"/>
          <grup.verb>
            <v lem="sentar" lss="A21.transitive-agentive-patient" mood="indicative" num="s" person="3" pos="vmip3s0" postype="main" tense="present" wd="sienta"/>
          </grup.verb>
          <sn arg="arg1" func="cd" tem="pat">
            <grup.nom gen="f" num="s">
              <n gen="f" lem="aversión" lexicalid="noun.aversión.1.default" num="s" origin="deverbal" pos="ncfs000" postype="common" sense="16:05610898" wd="aversión"/>
            </grup.nom>
          </sn>
          <sp arg="arg2" func="cc" tem="loc">
            <prep>
              <s lem="hacia" pos="sps00" postype="preposition" wd="hacia"/>
            </prep>
            <sn>
              <spec gen="f" num="s">
                <d gen="f" lem="el" num="s" pos="da0fs0" postype="article" wd="la"/>
              </spec>
              <grup.nom gen="f" num="s">
                <n gen="f" lem="bandera" num="s" pos="ncfs000" postype="common" sense="16:05150156" wd="bandera"/>
                <sp>
                  <prep>
                    <s lem="de" pos="sps00" postype="preposition" wd="de"/>
                  </prep>
                  <sn>
                    <spec gen="m" num="p">
                      <d gen="m" lem="el" num="p" pos="da0mp0" postype="article" wd="los"/>
                    </spec>
                    <grup.nom gen="m" num="p">
                      <n gen="m" lem="rayo" num="p" pos="ncmp000" postype="common" sense="16:10026344" wd="rayos"/>
                    </grup.nom>
                  </sn>
                </sp>
              </grup.nom>
            </sn>
          </sp>
        </S>
      </S>
    </S>
    <f lem="." pos="fp" punct="period" wd="."/>
  </sentence>
  <sentence coord="yes">
    <conj conjunctiontype="coordinating" func="et">
      <c lem="pero" pos="cc" postype="coordinating" wd="Pero"/>
    </conj>
    <S>
      <sadv arg="argM" func="cc" tem="tmp">
        <grup.adv>
          <r lem="finalmente" pos="rg" wd="finalmente"/>
        </grup.adv>
      </sadv>
      <sn arg="arg0" elliptic="yes" func="suj" tem="agt"/>
      <grup.verb>
        <v lem="haber" mood="indicative" num="s" person="3" pos="vaip3s0" postype="auxiliary" tense="present" wd="ha"/>
        <v gen="m" lem="decidir" lss="A21.transitive-agentive-patient" mood="participle" num="s" pos="vmp00sm" postype="main" wd="decidido"/>
      </grup.verb>
      <S arg="arg1" clausetype="completive" func="cd" tem="pat">
        <conj conjunctiontype="subordinating">
          <c lem="que" pos="cs" postype="subordinating" wd="que"/>
        </conj>
        <sn arg="arg0" func="suj" tem="agt">
          <spec gen="f" num="s">
            <d gen="f" lem="el" num="s" pos="da0fs0" postype="article" wd="la"/>
          </spec>
          <grup.nom gen="f" num="s">
            <n gen="f" lem="mayoría" num="s" pos="ncfs000" postype="common" sense="16:03991218" wd="mayoría"/>
            <sp>
              <prep>
                <s lem="de" pos="sps00" postype="preposition" wd="de"/>
              </prep>
              <sn>
                <grup.nom gen="m" num="p">
                  <n gen="m" lem="japonés" num="p" pos="ncmp000" postype="common" sense="16:07026907" wd="japoneses"/>
                </grup.nom>
              </sn>
            </sp>
          </grup.nom>
        </sn>
        <grup.verb>
          <v lem="considerar" lss="A21.transitive-agentive-patient" mood="indicative" num="p" person="3" pos="vmip3p0" postype="main" tense="present" wd="consideran"/>
        </grup.verb>
        <sn arg="arg1" func="cd" tem="pat">
          <spec gen="f" num="s">
            <d gen="f" lem="ese" num="s" pos="dd0fs0" postype="demonstrative" wd="esa"/>
          </spec>
          <grup.nom gen="f" num="s">
            <n gen="f" lem="bandera" num="s" pos="ncfs000" postype="common" sense="16:02692272" wd="bandera"/>
          </grup.nom>
        </sn>
        <sp arg="argM" func="cpred" predicate="cd" tem="atr">
          <prep>
            <c lem="como" pos="cs" postype="subordinating" wd="como"/>
          </prep>
          <sn>
            <spec gen="f" num="s">
              <d gen="f" lem="el" num="s" pos="da0fs0" postype="article" wd="la"/>
            </spec>
            <grup.nom gen="f" num="s">
              <s.a gen="f" num="s">
                <grup.a gen="f" num="s">
                  <a gen="c" lem="nacional" num="s" pos="aq0cs0" postype="qualificative" wd="nacional"/>
                </grup.a>
              </s.a>
            </grup.nom>
          </sn>
        </sp>
      </S>
    </S>
    <conj conjunctiontype="coordinating">
      <c lem="y" pos="cc" postype="coordinating" wd="y"/>
    </conj>
    <S>
      <sn arg="arg0" func="suj" tem="cau">
        <grup.nom gen="m" num="s">
          <p gen="c" lem="ese" num="s" pos="pd0ns000" postype="demonstrative" wd="eso"/>
        </grup.nom>
      </sn>
      <grup.verb>
        <v lem="hacer" lss="A11.transitive-causative" mood="indicative" num="s" person="3" pos="vmip3s0" postype="main" tense="present" wd="hace"/>
      </grup.verb>
      <S arg="arg1" clausetype="completive" func="cd" tem="tem">
        <conj conjunctiontype="subordinating">
          <c lem="que" pos="cs" postype="subordinating" wd="que"/>
        </conj>
        <S arg="arg1" clausetype="completive" func="suj" impersonal="yes" tem="tem">
          <infinitiu>
            <v lem="quemar" lss="A11.transitive-causative" mood="infinitive" pos="vmn0000" postype="main" wd="quemarla"/>
          </infinitiu>
        </S>
        <grup.verb>
          <v lem="ser" lss="C21.state-attributive" mood="subjunctive" num="s" person="3" pos="vssp3s0" postype="semiauxiliary" tense="present" wd="sea"/>
        </grup.verb>
        <sa arg="arg2" func="atr" tem="atr">
          <grup.a>
            <a gen="c" lem="condenable" num="s" pos="aq0cs0" postype="qualificative" wd="condenable"/>
          </grup.a>
        </sa>
      </S>
    </S>
    <f lem="." pos="fp" punct="period" wd="."/>
  </sentence>
  <sentence>
    <sn arg="arg1" func="suj" tem="tem">
      <spec gen="f" num="s">
        <d gen="f" lem="el" num="s" pos="da0fs0" postype="article" wd="La"/>
      </spec>
      <grup.nom gen="f" num="s">
        <n gen="f" lem="sentencia" lexicalid="noun.sentencia.2.default" num="s" origin="deverbal" pos="ncfs000" postype="common" sense="16:00768711" wd="sentencia"/>
      </grup.nom>
    </sn>
    <grup.verb>
      <v lem="ser" lss="C21.state-attributive" mood="indicative" num="s" person="3" pos="vsip3s0" postype="semiauxiliary" tense="present" wd="es"/>
    </grup.verb>
    <sp arg="arg2" func="atr" tem="atr">
      <prep>
        <s lem="de" pos="sps00" postype="preposition" wd="de"/>
      </prep>
      <sn>
        <spec gen="m" num="s">
          <d gen="m" lem="uno" num="s" pos="di0ms0" postype="indefinite" wd="un"/>
        </spec>
        <grup.nom gen="m" num="s">
          <n gen="m" lem="año" num="s" pos="ncms000" postype="common" sense="16:10917509" wd="año"/>
          <sp>
            <prep>
              <s lem="de" pos="sps00" postype="preposition" wd="de"/>
            </prep>
            <sn>
              <grup.nom gen="f" num="s">
                <n gen="f" lem="prisión" num="s" pos="ncfs000" postype="common" sense="16:03102801" wd="prisión"/>
              </grup.nom>
            </sn>
          </sp>
        </grup.nom>
      </sn>
    </sp>
    <f lem="." pos="fp" punct="period" wd="."/>
  </sentence>
  <sentence coord="yes">
    <S>
      <sn arg="arg1" entityref="ne" func="suj" ne="person" tem="tem">
        <spec gen="m" num="s">
          <d gen="m" lem="el" num="s" pos="da0ms0" postype="article" wd="El"/>
        </spec>
        <grup.nom gen="m" num="s">
          <n gen="c" lem="portavoz" num="s" pos="nccs000" postype="common" sense="16:07601722" wd="portavoz"/>
          <sp>
            <prep>
              <s contracted="yes" gen="m" lem="del" num="s" pos="spcms" postype="preposition" wd="del"/>
            </prep>
            <sn entityref="ne" ne="organization">
              <grup.nom gen="m" num="s">
                <n lem="Gobierno" ne="organization" pos="np0000o" postype="proper" sense="16:cs1" wd="Gobierno"/>
              </grup.nom>
            </sn>
          </sp>
        </grup.nom>
      </sn>
      <morfema.pronominal>
        <p gen="c" lem="él" num="c" person="3" pos="p0300000" wd="se"/>
      </morfema.pronominal>
      <grup.verb>
        <v lem="haber" mood="indicative" num="s" person="3" pos="vaip3s0" postype="auxiliary" tense="present" wd="ha"/>
        <v gen="m" lem="mostrar" lss="C21.state-attributive" mood="participle" num="s" pos="vmp00sm" postype="main" wd="mostrado"/>
      </grup.verb>
      <sa arg="arg2" func="cpred" predicate="suj" tem="atr">
        <grup.a>
          <a gen="m" lem="contento" num="s" pos="aq0ms0" postype="qualificative" wd="contento"/>
        </grup.a>
      </sa>
      <sp arg="argM" func="cc" tem="adv">
        <prep>
          <s lem="con" pos="sps00" postype="preposition" wd="con"/>
        </prep>
        <sn>
          <spec gen="f" num="s">
            <d gen="f" lem="el" num="s" pos="da0fs0" postype="article" wd="la"/>
          </spec>
          <grup.nom gen="f" num="s">
            <n gen="f" lem="sentencia" lexicalid="noun.sentencia.2.default" num="s" origin="deverbal" pos="ncfs000" postype="common" sense="16:00768711" wd="sentencia"/>
          </grup.nom>
        </sn>
      </sp>
    </S>
    <conj conjunctiontype="coordinating">
      <c lem="y" pos="cc" postype="coordinating" wd="y"/>
    </conj>
    <S>
      <sn arg="arg0" elliptic="yes" func="suj" tem="agt"/>
      <grup.verb>
        <v lem="haber" mood="indicative" num="s" person="3" pos="vaip3s0" postype="auxiliary" tense="present" wd="ha"/>
        <v gen="m" lem="añadir" lss="A21.transitive-agentive-patient" mood="participle" num="s" pos="vmp00sm" postype="main" wd="añadido"/>
      </grup.verb>
      <S arg="arg1" clausetype="completive" func="cd" tem="pat">
        <conj conjunctiontype="subordinating">
          <c lem="que" pos="cs" postype="subordinating" wd="que"/>
        </conj>
        <sn arg="arg0" func="suj" tem="agt">
          <grup.nom gen="m" num="s">
            <p gen="c" lem="ese" num="s" pos="pd0ns000" postype="demonstrative" wd="eso"/>
          </grup.nom>
        </sn>
        <grup.verb>
          <v lem="demostrar" lss="A21.transitive-agentive-patient" mood="indicative" num="s" person="3" pos="vmip3s0" postype="main" tense="present" wd="demuestra"/>
        </grup.verb>
        <S arg="arg1" clausetype="completive" func="cd" tem="pat">
          <conj conjunctiontype="subordinating">
            <c lem="que" pos="cs" postype="subordinating" wd="que"/>
          </conj>
          <sp arg="argM" func="cc" tem="tmp">
            <prep>
              <s lem="desde" pos="sps00" postype="preposition" wd="desde"/>
            </prep>
            <sn>
              <v lem="hacer" mood="indicative" num="s" person="3" pos="vmip3s0" postype="main" tense="present" wd="hace"/>
              <r lem="mucho" pos="rg" wd="mucho"/>
            </sn>
          </sp>
          <sn arg="arg1" func="suj" tem="tem">
            <grup.nom gen="f" num="s">
              <p gen="f" lem="ese" num="s" pos="pd0fs000" postype="demonstrative" wd="ésa"/>
            </grup.nom>
          </sn>
          <grup.verb>
            <v lem="ser" lss="C21.state-attributive" mood="indicative" num="s" person="3" pos="vsip3s0" postype="semiauxiliary" tense="present" wd="es"/>
          </grup.verb>
          <sn arg="arg2" func="atr" tem="atr">
            <spec gen="f" num="s">
              <d gen="f" lem="el" num="s" pos="da0fs0" postype="article" wd="la"/>
            </spec>
            <grup.nom gen="f" num="s">
              <s.a gen="f" num="s">
                <grup.a gen="f" num="s">
                  <a gen="f" lem="auténtico" num="s" pos="aq0fs0" postype="qualificative" wd="auténtica"/>
                </grup.a>
              </s.a>
              <n gen="f" lem="bandera" num="s" pos="ncfs000" postype="common" sense="16:05150156" wd="bandera"/>
              <s.a gen="f" num="s">
                <grup.a gen="f" num="s">
                  <a gen="c" lem="nacional" num="s" pos="aq0cs0" postype="qualificative" wd="nacional"/>
                </grup.a>
              </s.a>
            </grup.nom>
          </sn>
        </S>
      </S>
    </S>
    <f lem="." pos="fp" punct="period" wd="."/>
  </sentence>
  <sentence>
    <conj conjunctiontype="coordinating" func="et">
      <c lem="pero" pos="cc" postype="coordinating" wd="Pero"/>
    </conj>
    <sadv arg="argM" func="cc" tem="adv">
      <grup.adv>
        <r lem="oficialmente" pos="rg" wd="oficialmente"/>
      </grup.adv>
    </sadv>
    <sn arg="arg1" elliptic="yes" func="suj" tem="tem"/>
    <neg func="mod">
      <r lem="no" pos="rn" postype="negative" wd="no"/>
    </neg>
    <sn arg="arg2" func="atr" tem="atr">
      <grup.nom>
        <p case="accusative" gen="c" lem="él" num="c" person="3" pos="pp3cna00" postype="personal" wd="lo"/>
      </grup.nom>
    </sn>
    <grup.verb>
      <v lem="ser" lss="C21.state-attributive" mood="indicative" num="s" person="3" pos="vsii3s0" postype="semiauxiliary" tense="imperfect" wd="era"/>
    </grup.verb>
    <S arg="argM" clausetype="adverbial" func="cc" tem="tmp">
      <conj conjunctiontype="subordinating">
        <c lem="cuando" pos="cs" postype="subordinating" wd="cuando"/>
      </conj>
      <sn arg="arg0" entityref="ne" func="suj" ne="person" tem="cau">
        <grup.nom gen="m" num="s">
          <n lem="Chibana" ne="person" pos="np0000p" postype="proper" sense="16:cs1" wd="Chibana"/>
        </grup.nom>
      </sn>
      <sn arg="arg1" func="cd" tem="tem">
        <grup.nom gen="f" num="s">
          <p case="accusative" gen="f" lem="él" num="s" person="3" pos="pp3fsa00" postype="personal" wd="la"/>
        </grup.nom>
      </sn>
      <grup.verb>
        <v lem="quemar" lss="A11.transitive-causative" mood="indicative" num="s" person="3" pos="vmis3s0" postype="main" tense="past" wd="quemó"/>
      </grup.verb>
    </S>
    <f lem="." pos="fp" punct="period" wd="."/>
  </sentence>
  <sentence>
    <conj conjunctiontype="coordinating" func="et">
      <c lem="y" pos="cc" postype="coordinating" wd="Y"/>
    </conj>
    <S clausesubtype="conditional" clausetype="adverbial" func="ao">
      <conj conjunctiontype="subordinating">
        <c lem="si" pos="cs" postype="subordinating" wd="si"/>
      </conj>
      <sadv arg="argM" func="cc" tem="tmp">
        <grup.adv>
          <r lem="ahora" pos="rg" wd="ahora"/>
        </grup.adv>
      </sadv>
      <sadv arg="argM" func="cc" tem="adv">
        <grup.adv>
          <r lem="realmente" pos="rg" wd="realmente"/>
        </grup.adv>
      </sadv>
      <sn arg="arg1" elliptic="yes" func="suj" tem="tem"/>
      <sn arg="arg2" func="atr" tem="atr">
        <grup.nom>
          <p case="accusative" gen="c" lem="él" num="c" person="3" pos="pp3cna00" postype="personal" wd="lo"/>
        </grup.nom>
      </sn>
      <grup.verb>
        <v lem="ser" lss="C21.state-attributive" mood="indicative" num="s" person="3" pos="vsip3s0" postype="semiauxiliary" tense="present" wd="es"/>
      </grup.verb>
    </S>
    <f lem="-" pos="fg" punct="hyphen" wd="-"/>
    <sn arg="arg1" func="suj" tem="tem">
      <grup.nom num="s">
        <p gen="c" lem="qué" num="s" pos="pt0cs000" postype="interrogative" wd="qué"/>
      </grup.nom>
    </sn>
    <grup.verb>
      <v lem="pasar" lss="C42.state-experiencer" mood="indicative" num="s" person="3" pos="vmip3s0" postype="main" tense="present" wd="pasa"/>
    </grup.verb>
    <sp arg="argM" func="cc" tem="adv">
      <prep>
        <s lem="con" pos="sps00" postype="preposition" wd="con"/>
      </prep>
      <sn>
        <spec gen="f" num="s">
          <d gen="f" lem="el" num="s" pos="da0fs0" postype="article" wd="la"/>
        </spec>
        <grup.nom gen="f" num="s">
          <p gen="f" lem="otro" num="s" pos="pi0fs000" postype="indefinite" wd="otra"/>
        </grup.nom>
      </sn>
    </sp>
    <f lem="?" pos="fit" punct="questionmark" punctenclose="close" wd="?"/>
  </sentence>
  <sentence>
    <f lem="-" pos="fg" punct="hyphen" wd="-"/>
    <sp arg="argM" func="cc" tem="cau">
      <prep>
        <s lem="por" pos="sps00" postype="preposition" wd="Por"/>
      </prep>
      <sn>
        <grup.nom num="s">
          <p gen="c" lem="qué" num="s" pos="pt0cs000" postype="interrogative" wd="qué"/>
        </grup.nom>
      </sn>
    </sp>
    <sp arg="argM" func="cc" tem="loc">
      <prep>
        <s lem="en" pos="sps00" postype="preposition" wd="en"/>
      </prep>
      <sn>
        <spec gen="f" num="p">
          <d gen="f" lem="el" num="p" pos="da0fp0" postype="article" wd="las"/>
        </spec>
        <grup.nom gen="f" num="p">
          <n gen="f" lem="embajada" num="p" pos="ncfp000" postype="common" sense="16:02636321" wd="embajadas"/>
        </grup.nom>
      </sn>
    </sp>
    <grup.verb>
      <v lem="continuar" mood="indicative" num="s" person="3" pos="vmip3s0" postype="main" tense="present" wd="continúa"/>
      <gerundi>
        <v lem="ondear" lss="C11.state-existential" mood="gerund" pos="vmg0000" postype="main" wd="ondeando"/>
      </gerundi>
    </grup.verb>
    <sn arg="arg1" func="suj" tem="tem">
      <spec gen="f" num="s">
        <d gen="f" lem="el" num="s" pos="da0fs0" postype="article" wd="la"/>
      </spec>
      <grup.nom gen="f" num="s">
        <S clausetype="relative">
          <relatiu arg="arg1" func="suj" tem="tem">
            <p gen="c" lem="que" num="c" pos="pr0cn000" postype="relative" wd="que"/>
          </relatiu>
          <neg func="mod">
            <r lem="no" pos="rn" postype="negative" wd="no"/>
          </neg>
          <grup.verb>
            <v lem="llevar" lss="C21.state-attributive" mood="indicative" num="s" person="3" pos="vmip3s0" postype="main" tense="present" wd="lleva"/>
          </grup.verb>
          <sn arg="arg2" func="cd" functype="quantitative" tem="atr">
            <grup.nom gen="m" num="p">
              <n gen="m" lem="rayo" num="p" pos="ncmp000" postype="common" sense="16:10026344" wd="rayos"/>
            </grup.nom>
          </sn>
        </S>
      </grup.nom>
    </sn>
    <f lem="?" pos="fit" punct="questionmark" punctenclose="close" wd="?"/>
  </sentence>
  <sentence>
    <conj conjunctiontype="coordinating" func="et">
      <c lem="y" pos="cc" postype="coordinating" wd="Y"/>
    </conj>
    <S clausesubtype="conditional" clausetype="adverbial" func="ao">
      <conj conjunctiontype="subordinating">
        <c lem="si" pos="cs" postype="subordinating" wd="si"/>
      </conj>
      <sn arg="arg1" func="suj" tem="tem">
        <spec gen="f" num="s">
          <d gen="f" lem="el" num="s" pos="da0fs0" postype="article" wd="la"/>
        </spec>
        <grup.nom gen="f" num="s">
          <n gen="f" lem="sentencia" lexicalid="noun.sentencia.2.default" num="s" origin="deverbal" pos="ncfs000" postype="common" sense="16:00768711" wd="sentencia"/>
          <sp arg="arg0" func="cn" tem="agt">
            <prep>
              <s contracted="yes" gen="m" lem="del" num="s" pos="spcms" postype="preposition" wd="del"/>
            </prep>
            <sn>
              <grup.nom gen="m" num="s">
                <n gen="c" lem="juez" num="s" pos="nccs000" postype="common" sense="16:07350806" wd="juez"/>
              </grup.nom>
            </sn>
          </sp>
        </grup.nom>
      </sn>
      <neg func="mod">
        <r lem="no" pos="rn" postype="negative" wd="no"/>
      </neg>
      <grup.verb>
        <v lem="ser" lss="C21.state-attributive" mood="indicative" num="s" person="3" pos="vsip3s0" postype="semiauxiliary" tense="present" wd="es"/>
      </grup.verb>
      <sa arg="arg2" func="atr" tem="atr">
        <grup.a>
          <a gen="c" lem="suficiente" num="s" pos="aq0cs0" postype="qualificative" wd="suficiente"/>
          <sp>
            <prep>
              <s lem="para" pos="sps00" postype="preposition" wd="para"/>
            </prep>
            <S clausetype="completive" impersonal="yes">
              <infinitiu>
                <v lem="convertir" lss="A12.ditransitive-causative-state" mood="infinitive" pos="vmn0000" postype="main" wd="convertir"/>
              </infinitiu>
              <sn arg="arg1" func="cd" tem="tem">
                <spec gen="f" num="s">
                  <d gen="f" lem="el" num="s" pos="da0fs0" postype="article" wd="la"/>
                </spec>
                <grup.nom gen="f" num="s">
                  <sp>
                    <prep>
                      <s lem="de" pos="sps00" postype="preposition" wd="de"/>
                    </prep>
                    <sn>
                      <spec gen="m" num="p">
                        <d gen="m" lem="el" num="p" pos="da0mp0" postype="article" wd="los"/>
                      </spec>
                      <grup.nom gen="m" num="p">
                        <n gen="m" lem="rayo" num="p" pos="ncmp000" postype="common" sense="16:10026344" wd="rayos"/>
                      </grup.nom>
                    </sn>
                  </sp>
                </grup.nom>
              </sn>
              <sp arg="arg2" func="creg" tem="efi">
                <prep>
                  <s lem="en" pos="sps00" postype="preposition" wd="en"/>
                </prep>
                <s.a gen="f" num="s">
                  <grup.a gen="f" num="s">
                    <a gen="c" lem="oficial" num="s" pos="aq0cs0" postype="qualificative" wd="oficial"/>
                  </grup.a>
                </s.a>
              </sp>
            </S>
          </sp>
        </grup.a>
      </sa>
      <f lem="?" pos="fit" punct="questionmark" punctenclose="close" wd="?"/>
      <f lem="," pos="fc" punct="comma" wd=","/>
    </S>
    <f lem="-" pos="fg" punct="hyphen" wd="-"/>
    <sadv arg="argM" func="cc" tem="mnr">
      <grup.adv>
        <p lem="cómo" pos="pt000000" postype="interrogative" wd="cómo"/>
      </grup.adv>
    </sadv>
    <grup.verb>
      <v lem="ser" lss="C21.state-attributive" mood="indicative" num="s" person="3" pos="vsip3s0" postype="semiauxiliary" tense="present" wd="es"/>
    </grup.verb>
    <sa arg="arg2" func="atr" tem="atr">
      <grup.a>
        <a gen="c" lem="posible" num="s" pos="aq0cs0" postype="qualificative" wd="posible"/>
      </grup.a>
    </sa>
    <S arg="arg1" clausetype="completive" func="suj" tem="tem">
      <conj conjunctiontype="subordinating">
        <c lem="que" pos="cs" postype="subordinating" wd="que"/>
      </conj>
      <morfema.verbal func="impers">
        <p gen="c" lem="se" num="c" pos="p0000000" wd="se"/>
      </morfema.verbal>
      <grup.verb>
        <v lem="condenar" lss="A34.ditransitive-patient-theme" mood="subjunctive" num="s" person="3" pos="vmsp3s0" postype="main" tense="present" wd="condene"/>
      </grup.verb>
      <sp arg="arg1" func="cd" tem="pat">
        <prep>
          <s lem="a" pos="sps00" postype="preposition" wd="a"/>
        </prep>
        <sn>
          <grup.nom num="s">
            <p gen="c" lem="alguien" num="s" pos="pi0cs000" postype="indefinite" wd="alguien"/>
          </grup.nom>
        </sn>
      </sp>
      <sp arg="argM" func="cc" tem="cau">
        <prep>
          <s lem="por" pos="sps00" postype="preposition" wd="por"/>
        </prep>
        <S clausetype="completive" impersonal="yes">
          <infinitiu>
            <v lem="quemar" lss="A11.transitive-causative" mood="infinitive" pos="vmn0000" postype="main" wd="quemar"/>
          </infinitiu>
          <sn arg="arg1" func="cd" tem="tem">
            <spec gen="m" num="s">
              <d gen="m" lem="uno" num="s" pos="di0ms0" postype="indefinite" wd="un"/>
            </spec>
            <grup.nom gen="m" num="s">
              <n gen="m" lem="trozo" num="s" pos="ncms000" postype="common" sense="16:03119215" wd="trozo"/>
              <sp>
                <prep>
                  <s lem="de" pos="sps00" postype="preposition" wd="de"/>
                </prep>
                <sn>
                  <grup.nom gen="f" num="s">
                    <n gen="f" lem="tela" num="s" pos="ncfs000" postype="common" sense="16:02656657" wd="tela"/>
                    <sp>
                      <prep>
                        <s lem="sin" pos="sps00" postype="preposition" wd="sin"/>
                      </prep>
                      <sn>
                        <spec gen="m" num="p">
                          <r lem="más" pos="rg" wd="más"/>
                        </spec>
                        <grup.nom gen="m" num="p">
                          <n gen="m" lem="atributo" num="p" pos="ncmp000" postype="common" sense="16:00018604" wd="atributos"/>
                        </grup.nom>
                      </sn>
                    </sp>
                  </grup.nom>
                </sn>
              </sp>
            </grup.nom>
          </sn>
        </S>
      </sp>
    </S>
    <f lem="?" pos="fit" punct="questionmark" punctenclose="close" wd="?"/>
    <f lem="." pos="fp" punct="period" wd="."/>
  </sentence>
</article>
