<?xml version="1.0" encoding="UTF-8"?>
<!-- 

  ancora-2.0
       
			Copyright (C) 2007, 2008, 2009, 2010, 2011 UB - CLiC
			Centre de Llenguatge i Computació - Universitat de Barcelona
 
  This file is part of ancora-2.0.
 
  ancora-2.0 is free software and data: you can redistribute it and/or modify
  it under the terms of the GNU General Public License as published
  by the Free Software Foundation, either version 3 of the License,
  or (at your option) any later version.

  ancora-2.0 is distributed in the hope that it will be useful,
  but WITHOUT ANY WARRANTY; without even the implied warranty of
  MERCHANTABILITY or FITNESS FOR A PARTICULAR PURPOSE.  See the
  GNU General Public License for more details.
 
  You should have received a copy of the GNU General Public License
  along with ancora-2.0.  If not, see &lt;http://www.gnu.org/licenses/&gt;.
 
  Check a text in catalan explaining the terms of the license at http://www.softcatala.cat/wiki/GPL3.
  In spanish at http://www.viti.es/gnu/licenses/gpl.html
 

  The following paper must be cited when using this corpus:

 * Taulé, M., M.A. Martí, M. Recasens (2008) 'Ancora: Multilevel Annotated Corpora for Catalan and Spanish',
   Proceedings of 6th International Conference on Language Resources and Evaluation. Marrakesh (Morocco).

  In addition, the following paper must be cited if coreference information (attributes entity, coreftype,
  corefsubtype, homophoricDD or entityref) is used:

 * Recasens, Marta, M. Antònia Martí (2010) ‘AnCora-CO: Coreferentially annotated corpora for Spanish and
   Catalan’. Language Resources and Evaluation, Springer Science.

  Additionally, the following paper must be cited when argumental attributes in "sn" or "grup.nom"
  (attributes func, arg, tem or lexicalid) are used:

 * Peris, Aina, Mariona Taulé, Horacio Rodríguez (2010) ‘Semantic Annotation of Deverbal Nominalizations in the
   Spanish AnCora corpus’. Treebanks and Linguistic Theories (TLT-2010), Estonia.
-->
<article lng="es">
  <sentence>
    <sp arg="argM" func="cc" tem="tmp">
      <prep>
        <s lem="de" pos="sps00" postype="preposition" wd="De"/>
      </prep>
      <sn>
        <spec gen="m" num="s">
          <d gen="m" lem="uno" num="s" pos="di0ms0" postype="indefinite" wd="un"/>
        </spec>
        <grup.nom gen="m" num="s">
          <n gen="m" lem="tiempo" num="s" pos="ncms000" postype="common" sense="16:00015594" wd="tiempo"/>
          <sp>
            <prep>
              <s lem="a" pos="sps00" postype="preposition" wd="a"/>
            </prep>
            <sn>
              <spec gen="f" num="s">
                <d gen="f" lem="este" num="s" pos="dd0fs0" postype="demonstrative" wd="esta"/>
              </spec>
              <grup.nom gen="f" num="s">
                <n gen="f" lem="parte" num="s" pos="ncfs000" postype="common" sense="16:03296757" wd="parte"/>
              </grup.nom>
            </sn>
          </sp>
        </grup.nom>
      </sn>
    </sp>
    <sn arg="arg0" func="suj" tem="agt">
      <spec gen="m" num="p">
        <d gen="m" lem="el" num="p" pos="da0mp0" postype="article" wd="los"/>
      </spec>
      <grup.nom gen="m" num="p">
        <n gen="m" lem="sobre" num="p" pos="ncmp000" postype="common" sense="16:02642816" wd="sobres"/>
        <S clausetype="relative">
          <relatiu arg="arg1" func="cd" tem="pat">
            <p gen="c" lem="que" num="c" pos="pr0cn000" postype="relative" wd="que"/>
          </relatiu>
          <grup.verb>
            <v lem="enviar" lss="A32.ditransitive-patient-benefactive" mood="indicative" num="s" person="3" pos="vmip3s0" postype="main" tense="present" wd="envía"/>
          </grup.verb>
          <sn arg="arg0" func="suj" tem="agt">
            <spec gen="f" num="s">
              <d gen="f" lem="el" num="s" pos="da0fs0" postype="article" wd="la"/>
            </spec>
            <grup.nom gen="f" num="s">
              <n gen="f" lem="caja" num="s" pos="ncfs000" postype="common" sense="16:cs1" wd="caja"/>
              <sp>
                <prep>
                  <s lem="de" pos="sps00" postype="preposition" wd="de"/>
                </prep>
                <sn>
                  <grup.nom gen="m" num="p">
                    <n gen="m" lem="ahorro" lexicalid="noun.ahorro.3.default" num="p" origin="deverbal" pos="ncmp000" postype="common" sense="16:00126393" wd="ahorros"/>
                  </grup.nom>
                </sn>
              </sp>
            </grup.nom>
          </sn>
          <sp arg="argM" func="cc" tem="adv">
            <f lem="(" pos="fpa" punct="bracket" punctenclose="open" wd="("/>
            <sadv>
              <grup.adv>
                <r lem="básicamente" pos="rg" wd="básicamente"/>
              </grup.adv>
            </sadv>
            <sp>
              <prep>
                <s lem="para" pos="sps00" postype="preposition" wd="para"/>
              </prep>
              <S clausetype="completive" impersonal="yes">
                <infinitiu>
                  <v lem="avisar" lss="A34.ditransitive-patient-theme" mood="infinitive" pos="vmn0000" postype="main" wd="avisar"/>
                </infinitiu>
                <sp arg="arg2" func="creg" tem="tem">
                  <prep>
                    <s contracted="yes" gen="m" lem="del" num="s" pos="spcms" postype="preposition" wd="del"/>
                  </prep>
                  <sn>
                    <grup.nom gen="m" num="s">
                      <n gen="m" lem="saldo" num="s" pos="ncms000" postype="common" sense="16:09658576" wd="saldo"/>
                      <s.a gen="m" num="s">
                        <grup.a gen="m" num="s">
                          <a gen="m" lem="negativo" num="s" pos="aq0ms0" postype="qualificative" wd="negativo"/>
                        </grup.a>
                      </s.a>
                    </grup.nom>
                  </sn>
                </sp>
              </S>
            </sp>
            <f lem=")" pos="fpt" punct="bracket" punctenclose="close" wd=")"/>
          </sp>
        </S>
      </grup.nom>
    </sn>
    <grup.verb>
      <v lem="llevar" lss="A21.transitive-agentive-patient" mood="indicative" num="p" person="3" pos="vmip3p0" postype="main" tense="present" wd="llevan"/>
    </grup.verb>
    <sn arg="arg2" func="cd" tem="atr">
      <spec gen="f" num="s">
        <d gen="f" lem="uno" num="s" pos="di0fs0" postype="indefinite" wd="una"/>
      </spec>
      <grup.nom gen="f" num="s">
        <n gen="f" lem="especie" num="s" pos="ncfs000" postype="common" sense="16:04500860" wd="especie"/>
        <sp>
          <prep>
            <s lem="de" pos="sps00" postype="preposition" wd="de"/>
          </prep>
          <sn>
            <grup.nom gen="f" num="s">
              <n gen="f" lem="marca" num="s" pos="ncfs000" postype="common" sense="16:05091676" wd="marca"/>
              <sp>
                <prep>
                  <s lem="con" pos="sps00" postype="preposition" wd="con"/>
                </prep>
                <sn>
                  <spec gen="f" num="p">
                    <d gen="c" lem="tres" num="p" pos="dn0cp0" postype="numeral" wd="tres"/>
                  </spec>
                  <grup.nom gen="f" num="p">
                    <n gen="f" lem="flecha" num="p" pos="ncfp000" postype="common" sense="16:05106879" wd="flechas"/>
                    <s.a coord="yes" gen="f" num="p">
                      <s.a gen="f" num="p">
                        <grup.a gen="f" num="p">
                          <a gen="f" lem="plano" num="p" pos="aq0fp0" postype="qualificative" wd="planas"/>
                        </grup.a>
                      </s.a>
                      <conj conjunctiontype="coordinating">
                        <c lem="y" pos="cc" postype="coordinating" wd="y"/>
                      </conj>
                      <S clausetype="participle" impersonal="yes">
                        <participi>
                          <a gen="f" lem="doblado" num="p" pos="aq0fpp" posfunction="participle" postype="qualificative" wd="dobladas"/>
                        </participi>
                      </S>
                    </s.a>
                    <S clausetype="relative">
                      <f lem="," pos="fc" punct="comma" wd=","/>
                      <sn arg="arg1" func="suj" tem="tem">
                        <spec gen="f" num="s">
                          <d gen="c" lem="cada" num="s" pos="di0cs0" postype="indefinite" wd="cada"/>
                        </spec>
                        <grup.nom gen="f" num="s">
                          <p gen="f" lem="uno" num="s" pos="pi0fs000" postype="indefinite" wd="una"/>
                          <sp>
                            <prep>
                              <s lem="de" pos="sps00" postype="preposition" wd="de"/>
                            </prep>
                            <sn>
                              <spec gen="f" num="p">
                                <d gen="f" lem="el" num="p" pos="da0fp0" postype="article" wd="las"/>
                              </spec>
                              <relatiu>
                                <p gen="c" lem="cual" num="p" pos="pr0cp000" postype="relative" wd="cuales"/>
                              </relatiu>
                            </sn>
                          </sp>
                        </grup.nom>
                      </sn>
                      <grup.verb>
                        <v lem="morir" lss="B21.unaccusative-state" mood="indicative" num="s" person="3" pos="vmip3s0" postype="main" tense="present" wd="muere"/>
                      </grup.verb>
                      <sp arg="argM" func="cc" tem="loc">
                        <prep>
                          <s lem="en" pos="sps00" postype="preposition" wd="en"/>
                        </prep>
                        <sn>
                          <spec gen="f" num="s">
                            <d gen="f" lem="el" num="s" pos="da0fs0" postype="article" wd="la"/>
                          </spec>
                          <grup.nom gen="f" num="s">
                            <s.a gen="f" num="s">
                              <grup.a gen="f" num="s">
                                <a gen="c" lem="siguiente" num="s" pos="aq0cs0" postype="qualificative" wd="siguiente"/>
                              </grup.a>
                            </s.a>
                          </grup.nom>
                        </sn>
                      </sp>
                    </S>
                  </grup.nom>
                </sn>
              </sp>
            </grup.nom>
          </sn>
        </sp>
      </grup.nom>
    </sn>
    <f lem="." pos="fp" punct="period" wd="."/>
  </sentence>
  <sentence>
    <S>
      <sp arg="argM" func="cc" tem="adv">
        <prep>
          <s lem="por" pos="sps00" postype="preposition" wd="Por"/>
        </prep>
        <S clausetype="completive">
          <conj conjunctiontype="subordinating">
            <c lem="si" pos="cs" postype="subordinating" wd="si"/>
          </conj>
          <sp arg="argM" func="cc" tem="adv">
            <f lem="," pos="fc" punct="comma" wd=","/>
            <prep>
              <s contracted="yes" gen="m" lem="a_pesar_del" num="s" pos="spcms" postype="preposition" wd="a_pesar_del"/>
            </prep>
            <sn>
              <grup.nom gen="m" num="s">
                <s.a gen="m" num="s">
                  <grup.a gen="m" num="s">
                    <a gen="c" lem="hábil" num="s" pos="aq0cs0" postype="qualificative" wd="hábil"/>
                  </grup.a>
                </s.a>
                <n gen="m" lem="grafismo" num="s" pos="ncms000" postype="common" sense="16:02767256" wd="grafismo"/>
              </grup.nom>
            </sn>
            <f lem="," pos="fc" punct="comma" wd=","/>
          </sp>
          <sn arg="arg0" func="suj" tem="agt">
            <grup.nom gen="m" num="s">
              <p gen="c" lem="alguien" num="s" pos="pi0cs000" postype="indefinite" wd="alguien"/>
            </grup.nom>
          </sn>
          <neg func="mod">
            <r lem="no" pos="rn" postype="negative" wd="no"/>
          </neg>
          <sn arg="arg1" func="cd" tem="pat">
            <grup.nom gen="m" num="s">
              <p case="accusative" gen="m" lem="él" num="s" person="3" pos="pp3msa00" postype="personal" wd="lo"/>
            </grup.nom>
          </sn>
          <grup.verb>
            <v lem="haber" mood="subjunctive" num="s" person="3" pos="vasi3s0" postype="auxiliary" tense="imperfect" wd="hubiese"/>
            <v gen="m" lem="entender" lss="A21.transitive-agentive-patient" mood="participle" num="s" pos="vmp00sm" postype="main" wd="entendido"/>
          </grup.verb>
        </S>
        <f lem="," pos="fc" punct="comma" wd=","/>
      </sp>
      <sn arg="arg0" func="suj" tem="agt">
        <spec gen="f" num="s">
          <d gen="f" lem="uno" num="s" pos="di0fs0" postype="indefinite" wd="una"/>
        </spec>
        <grup.nom gen="f" num="s">
          <n gen="f" lem="leyenda" num="s" pos="ncfs000" postype="common" sense="16:05067911" wd="leyenda"/>
          <S clausetype="participle" impersonal="yes">
            <participi>
              <a gen="f" lem="escrito" num="s" pos="aq0fsp" posfunction="participle" postype="qualificative" wd="escrita"/>
            </participi>
          </S>
        </grup.nom>
      </sn>
      <sn arg="arg1" func="cd" tem="pat">
        <grup.nom gen="m" num="s">
          <p case="accusative" gen="m" lem="él" num="s" person="3" pos="pp3msa00" postype="personal" wd="lo"/>
        </grup.nom>
      </sn>
      <grup.verb>
        <v lem="explicar" lss="A32.ditransitive-patient-benefactive" mood="indicative" num="s" person="3" pos="vmip3s0" postype="main" tense="present" wd="explica"/>
      </grup.verb>
      <sp arg="argM" func="cc" tem="mnr">
        <prep>
          <s lem="en" pos="sps00" postype="preposition" wd="en"/>
        </prep>
        <sn>
          <grup.nom gen="f" num="p">
            <n gen="f" lem="palabra" num="p" pos="ncfp000" postype="common" sense="16:04750884" wd="palabras"/>
          </grup.nom>
        </sn>
      </sp>
    </S>
    <sn entityref="ne" ne="other">
      <f lem=":" pos="fd" punct="colon" wd=":"/>
      <grup.nom>
        <n lem="Recycled_ecological_paper" ne="other" pos="np0000a" postype="proper" sense="16:cs1" wd="Recycled_ecological_paper"/>
      </grup.nom>
    </sn>
    <f lem="." pos="fp" punct="period" wd="."/>
  </sentence>
  <sentence>
    <S clausesubtype="concessive" clausetype="adverbial" func="ao">
      <conj conjunctiontype="subordinating">
        <c lem="a_pesar_de_que" pos="cs" postype="subordinating" wd="A_pesar_de_que"/>
      </conj>
      <sn arg="arg1" func="suj" tem="tem">
        <spec gen="f" num="s">
          <d gen="f" lem="el" num="s" pos="da0fs0" postype="article" wd="la"/>
        </spec>
        <grup.nom gen="f" num="s">
          <n gen="f" lem="caja" num="s" pos="ncfs000" postype="common" sense="16:C1S" wd="caja"/>
          <sp>
            <prep>
              <s lem="de" pos="sps00" postype="preposition" wd="de"/>
            </prep>
            <sn>
              <grup.nom gen="m" num="p">
                <n gen="m" lem="ahorro" lexicalid="noun.ahorro.3.default" num="p" origin="deverbal" pos="ncmp000" postype="common" sense="16:00126393" wd="ahorros"/>
              </grup.nom>
            </sn>
          </sp>
          <sp>
            <prep>
              <s lem="en" pos="sps00" postype="preposition" wd="en"/>
            </prep>
            <sn>
              <grup.nom gen="f" num="s">
                <n gen="f" lem="cuestión" num="s" pos="ncfs000" postype="common" sense="16:05080521" wd="cuestión"/>
              </grup.nom>
            </sn>
          </sp>
        </grup.nom>
      </sn>
      <grup.verb>
        <v lem="tener" lss="C21.state-attributive" mood="indicative" num="s" person="3" pos="vmip3s0" postype="main" tense="present" wd="tiene"/>
      </grup.verb>
      <sn arg="arg2" func="cd" functype="quantitative" tem="atr">
        <spec gen="f" num="s">
          <d gen="c" lem="su" num="s" person="3" pos="dp3cs0" postype="possessive" wd="su"/>
        </spec>
        <grup.nom gen="f" num="s">
          <n gen="f" lem="sede" num="s" pos="ncfs000" postype="common" sense="16:06331456" wd="sede"/>
        </grup.nom>
      </sn>
      <sp arg="argM" func="cc" tem="loc">
        <prep>
          <s lem="en" pos="sps00" postype="preposition" wd="en"/>
        </prep>
        <sn>
          <spec gen="m" num="s">
            <d gen="m" lem="el" num="s" pos="da0ms0" postype="article" wd="el"/>
          </spec>
          <grup.nom gen="m" num="s">
            <s.a gen="m" num="s">
              <grup.a gen="m" num="s">
                <a gen="m" lem="mismísimo" num="s" pos="aq0ms0" postype="qualificative" wd="mismísimo"/>
              </grup.a>
            </s.a>
            <n gen="m" lem="centro" num="s" pos="ncms000" postype="common" sense="16:06286659" wd="centro"/>
            <sp>
              <prep>
                <s lem="de" pos="sps00" postype="preposition" wd="de"/>
              </prep>
              <sn entityref="ne" ne="location">
                <grup.nom>
                  <n lem="Barcelona" ne="location" pos="np0000l" postype="proper" wd="Barcelona"/>
                </grup.nom>
              </sn>
            </sp>
          </grup.nom>
        </sn>
      </sp>
      <f lem="," pos="fc" punct="comma" wd=","/>
    </S>
    <sn arg="arg0" elliptic="yes" func="suj" tem="agt"/>
    <sn arg="arg1" func="cd" tem="pat">
      <grup.nom gen="m" num="s">
        <p case="accusative" gen="m" lem="él" num="s" person="3" pos="pp3msa00" postype="personal" wd="lo"/>
      </grup.nom>
    </sn>
    <grup.verb>
      <v lem="poner" lss="A34.ditransitive-patient-theme" mood="indicative" num="s" person="3" pos="vmip3s0" postype="main" tense="present" wd="pone"/>
    </grup.verb>
    <sp arg="arg2" func="cc" tem="tem">
      <prep>
        <s lem="en" pos="sps00" postype="preposition" wd="en"/>
      </prep>
      <sn>
        <grup.nom gen="m" num="s">
          <n gen="m" lem="inglés" num="s" pos="ncms000" postype="common" sense="16:05209017" wd="inglés"/>
        </grup.nom>
      </sn>
    </sp>
    <f lem="." pos="fp" punct="period" wd="."/>
  </sentence>
  <sentence>
    <conj conjunctiontype="coordinating" func="et">
      <c lem="y" pos="cc" postype="coordinating" wd="Y"/>
    </conj>
    <sn arg="arg1" func="suj" tem="tem">
      <grup.nom gen="m" num="s">
        <p gen="c" lem="ese" num="s" pos="pd0ns000" postype="demonstrative" wd="eso"/>
      </grup.nom>
    </sn>
    <grup.verb>
      <v lem="estar" lss="C21.state-attributive" mood="indicative" num="s" person="3" pos="vmip3s0" postype="main" tense="present" wd="está"/>
    </grup.verb>
    <sadv arg="arg2" func="atr" tem="atr">
      <grup.adv>
        <r lem="bien" pos="rg" wd="bien"/>
      </grup.adv>
    </sadv>
    <sn arg="argM" func="cc" tem="adv">
      <f lem="," pos="fc" punct="comma" wd=","/>
      <spec gen="m" num="s">
        <d gen="c" lem="qué" num="c" pos="de0cn0" postype="exclamative" wd="qué"/>
      </spec>
      <grup.nom gen="m" num="s">
        <n gen="m" lem="caray" num="s" pos="ncms000" postype="common" sense="16:05331986" wd="caray"/>
      </grup.nom>
    </sn>
    <f lem="." pos="fp" punct="period" wd="."/>
  </sentence>
  <sentence verbless="yes">
    <f lem="-" pos="fg" punct="hyphen" wd="-"/>
    <sp>
      <prep>
        <s lem="por" pos="sps00" postype="preposition" wd="Por"/>
      </prep>
      <sn>
        <grup.nom num="s">
          <p gen="c" lem="qué" num="s" pos="pt0cs000" postype="interrogative" wd="qué"/>
        </grup.nom>
      </sn>
    </sp>
    <f lem="?" pos="fit" punct="questionmark" punctenclose="close" wd="?"/>
  </sentence>
  <sentence verbless="yes">
    <S clausetype="adverbial">
      <conj conjunctiontype="subordinating">
        <c lem="porque" pos="cs" postype="subordinating" wd="Porque"/>
      </conj>
      <sn arg="arg1" entityref="ne" func="suj" ne="other" tem="tem">
        <spec gen="m" num="s">
          <d gen="m" lem="el" num="s" pos="da0ms0" postype="article" wd="el"/>
        </spec>
        <grup.nom gen="m" num="s">
          <n gen="m" lem="inglés" num="s" pos="ncms000" postype="common" sense="16:05209017" wd="inglés"/>
          <sn>
            <f lem="-" pos="fg" punct="hyphen" wd="-"/>
            <sn entityref="ne" ne="other">
              <f lem="-" pos="fg" punct="hyphen" wd="-"/>
              <spec gen="m" num="s">
                <d gen="m" lem="el" num="s" pos="da0ms0" postype="article" wd="el"/>
              </spec>
              <grup.nom gen="m" num="s">
                <n gen="m" lem="latín" num="s" pos="ncms000" postype="common" sense="16:05221640" wd="latín"/>
                <sp>
                  <prep>
                    <s lem="de" pos="sps00" postype="preposition" wd="de"/>
                  </prep>
                  <sn>
                    <spec gen="m" num="p">
                      <d gen="m" lem="nuestro" num="p" person="1" pos="dp1mpp" possessornum="p" postype="possessive" wd="nuestros"/>
                    </spec>
                    <grup.nom gen="m" num="p">
                      <n gen="m" lem="día" num="p" pos="ncmp000" postype="common" sense="16:10851114" wd="días"/>
                    </grup.nom>
                  </sn>
                </sp>
              </grup.nom>
              <f lem="-" pos="fg" punct="hyphen" wd="-"/>
            </sn>
            <sp>
              <f lem="," pos="fc" punct="comma" wd=","/>
              <prep>
                <s lem="según" pos="sps00" postype="preposition" wd="según"/>
              </prep>
              <sn>
                <spec gen="m" num="p">
                  <d gen="m" lem="el" num="p" pos="da0mp0" postype="article" wd="los"/>
                </spec>
                <grup.nom gen="m" num="p">
                  <n gen="c" lem="amante" num="p" pos="nccp000" postype="common" sense="16:07255925" wd="amantes"/>
                  <sp>
                    <prep>
                      <s lem="de" pos="sps00" postype="preposition" wd="de"/>
                    </prep>
                    <sn>
                      <spec gen="f" num="s">
                        <d gen="f" lem="el" num="s" pos="da0fs0" postype="article" wd="la"/>
                      </spec>
                      <grup.nom gen="f" num="s">
                        <n gen="f" lem="tortilla" num="s" pos="ncfs000" postype="common" sense="16:05874333" wd="tortilla"/>
                        <S clausetype="participle" impersonal="yes">
                          <participi>
                            <a gen="f" lem="recalentado" num="s" pos="aq0fsp" posfunction="participle" postype="qualificative" wd="recalentada"/>
                          </participi>
                        </S>
                      </grup.nom>
                    </sn>
                  </sp>
                </grup.nom>
              </sn>
            </sp>
            <f lem="-" pos="fg" punct="hyphen" wd="-"/>
          </sn>
        </grup.nom>
      </sn>
      <grup.verb>
        <v lem="deber" mood="indicative" num="s" person="3" pos="vmip3s0" postype="main" tense="present" wd="debe"/>
        <infinitiu>
          <v lem="ser" lss="C21.state-attributive" mood="infinitive" pos="vsn0000" postype="semiauxiliary" wd="ser"/>
        </infinitiu>
      </grup.verb>
      <sn arg="arg2" func="atr" tem="atr">
        <spec gen="m" num="s">
          <d gen="m" lem="uno" num="s" pos="di0ms0" postype="indefinite" wd="un"/>
        </spec>
        <grup.nom gen="m" num="s">
          <n gen="m" lem="idioma" num="s" pos="ncms000" postype="common" sense="16:05167497" wd="idioma"/>
          <S clausetype="relative">
            <relatiu arg="arg0" func="suj" tem="cau">
              <p gen="c" lem="que" num="c" pos="pr0cn000" postype="relative" wd="que"/>
            </relatiu>
            <neg func="mod">
              <r lem="no" pos="rn" postype="negative" wd="no"/>
            </neg>
            <grup.verb>
              <v lem="romper" lss="A11.transitive-causative" mood="indicative" num="s" person="3" pos="vmip3s0" postype="main" tense="present" wd="rompe"/>
            </grup.verb>
            <sn arg="arg1" func="cd" tem="tem">
              <spec gen="m" num="p">
                <d gen="m" lem="el" num="p" pos="da0mp0" postype="article" wd="los"/>
              </spec>
              <grup.nom gen="m" num="p">
                <n gen="m" lem="ecosistema" num="p" pos="ncmp000" postype="common" sense="16:06195731" wd="ecosistemas"/>
                <s.a gen="m" num="p">
                  <grup.a gen="m" num="p">
                    <a gen="m" lem="lingüístico" num="p" pos="aq0mp0" postype="qualificative" wd="lingüísticos"/>
                  </grup.a>
                </s.a>
              </grup.nom>
            </sn>
          </S>
        </grup.nom>
      </sn>
    </S>
    <f lem="." pos="fp" punct="period" wd="."/>
  </sentence>
  <sentence>
    <grup.verb>
      <v lem="bastar" lss="C11.state-existential" mood="subjunctive" num="s" person="3" pos="vmsp3s0" postype="main" tense="present" wd="Baste"/>
    </grup.verb>
    <S arg="arg1" clausetype="completive" func="suj" impersonal="yes" tem="tem">
      <infinitiu>
        <v lem="recordar" lss="A21.transitive-agentive-patient" mood="infinitive" pos="vmn0000" postype="main" wd="recordar"/>
      </infinitiu>
      <S arg="arg1" clausetype="completive" func="cd" tem="pat">
        <conj conjunctiontype="subordinating">
          <c lem="que" pos="cs" postype="subordinating" wd="que"/>
        </conj>
        <sp arg="argM" func="cc" tem="adv">
          <f lem="-" pos="fg" punct="hyphen" wd="-"/>
          <prep>
            <s lem="sin" pos="sps00" postype="preposition" wd="sin"/>
          </prep>
          <sn>
            <spec gen="m" num="s">
              <d gen="m" lem="ninguno" num="s" pos="di0ms0" postype="indefinite" wd="ningún"/>
            </spec>
            <grup.nom gen="m" num="s">
              <n gen="m" lem="desdoro" num="s" pos="ncms000" postype="common" sense="16:cs1" wd="desdoro"/>
            </grup.nom>
          </sn>
        </sp>
        <sn arg="arg1" func="suj" tem="tem">
          <grup.nom gen="m" num="s">
            <p gen="m" lem="uno" num="s" pos="pi0ms000" postype="indefinite" wd="uno"/>
            <sp>
              <prep>
                <s lem="de" pos="sps00" postype="preposition" wd="de"/>
              </prep>
              <sn>
                <spec gen="m" num="p">
                  <d gen="m" lem="el" num="p" pos="da0mp0" postype="article" wd="los"/>
                </spec>
                <grup.nom gen="m" num="p">
                  <n gen="m" lem="grupo" num="p" pos="ncmp000" postype="common" sense="16:00017954" wd="grupos"/>
                  <s.a gen="m" num="p">
                    <grup.a gen="m" num="p">
                      <a gen="m" lem="ecológico" num="p" pos="aq0mp0" postype="qualificative" wd="ecológicos"/>
                    </grup.a>
                  </s.a>
                  <s.a gen="m" num="p">
                    <spec>
                      <r lem="más" pos="rg" wd="más"/>
                    </spec>
                    <grup.a gen="m" num="p">
                      <a gen="m" lem="activo" num="p" pos="aq0mp0" postype="qualificative" wd="activos"/>
                    </grup.a>
                  </s.a>
                </grup.nom>
              </sn>
            </sp>
          </grup.nom>
        </sn>
        <morfema.pronominal>
          <p gen="c" lem="él" num="c" person="3" pos="p0300000" wd="se"/>
        </morfema.pronominal>
        <grup.verb>
          <v lem="llamar" lss="C21.state-attributive" mood="indicative" num="s" person="3" pos="vmip3s0" postype="main" tense="present" wd="llama"/>
        </grup.verb>
        <sn arg="arg2" entityref="ne" func="cpred" ne="organization" predicate="suj" tem="atr">
          <grup.nom>
            <n lem="Greenpeace" ne="organization" pos="np0000o" postype="proper" sense="16:cs1" wd="Greenpeace"/>
          </grup.nom>
        </sn>
        <sp arg="argM" coord="yes" func="cc" tem="loc">
          <f lem="," pos="fc" punct="comma" wd=","/>
          <conj conjunctiontype="coordinating">
            <r lem="tanto" pos="rg" wd="tanto"/>
          </conj>
          <sp>
            <prep>
              <s lem="en" pos="sps00" postype="preposition" wd="en"/>
            </prep>
            <sn entityref="ne" ne="location">
              <grup.nom>
                <n lem="Inglaterra" ne="location" pos="np0000l" postype="proper" sense="16:06495688" wd="Inglaterra"/>
              </grup.nom>
            </sn>
          </sp>
          <conj conjunctiontype="coordinating">
            <c lem="como" pos="cs" postype="subordinating" wd="como"/>
          </conj>
          <sp coord="yes">
            <sp>
              <prep>
                <s lem="en" pos="sps00" postype="preposition" wd="en"/>
              </prep>
              <sn entityref="ne" ne="location">
                <grup.nom>
                  <n lem="Italia" ne="location" pos="np0000l" postype="proper" wd="Italia"/>
                </grup.nom>
              </sn>
            </sp>
            <f lem="," pos="fc" punct="comma" wd=","/>
            <sp>
              <prep>
                <s lem="en" pos="sps00" postype="preposition" wd="en"/>
              </prep>
              <sn entityref="ne" ne="location">
                <grup.nom>
                  <n lem="Brasil" ne="location" pos="np0000l" postype="proper" sense="16:06493148" wd="Brasil"/>
                </grup.nom>
              </sn>
            </sp>
            <conj conjunctiontype="coordinating">
              <c lem="o" pos="cc" postype="coordinating" wd="o"/>
            </conj>
            <sp>
              <prep>
                <s lem="en" pos="sps00" postype="preposition" wd="en"/>
              </prep>
              <sn entityref="ne" ne="location">
                <grup.nom>
                  <n lem="Gales" ne="location" pos="np0000l" postype="proper" sense="16:cs1" wd="Gales"/>
                </grup.nom>
              </sn>
            </sp>
          </sp>
        </sp>
      </S>
    </S>
    <f lem="." pos="fp" punct="period" wd="."/>
  </sentence>
  <sentence verbless="yes">
    <sp>
      <prep>
        <s lem="a_diferencia_de" pos="sps00" postype="preposition" wd="A_diferencia_de"/>
      </prep>
      <sn>
        <spec gen="f" num="p">
          <d gen="f" lem="otro" num="p" pos="di0fp0" postype="indefinite" wd="otras"/>
        </spec>
        <grup.nom gen="f" num="p">
          <n gen="f" lem="organización" lexicalid="noun.organización.1.default" num="p" origin="deverbal" pos="ncfp000" postype="common" sense="16:05997592" wd="organizaciones"/>
          <s.a func="cn" gen="f" num="p">
            <grup.a gen="f" num="p">
              <a gen="c" lem="internacional" num="p" pos="aq0cp0" postype="qualificative" wd="internacionales"/>
            </grup.a>
          </s.a>
          <s.a func="cn" gen="f" num="p">
            <spec>
              <r lem="más" pos="rg" wd="más"/>
            </spec>
            <grup.a gen="f" num="p">
              <a gen="f" lem="sensiblero" num="p" pos="aq0fp0" postype="qualificative" wd="sensibleras"/>
            </grup.a>
          </s.a>
          <S clausetype="relative" func="cn">
            <relatiu arg="arg0" func="suj" tem="agt">
              <p gen="c" lem="que" num="c" pos="pr0cn000" postype="relative" wd="que"/>
            </relatiu>
            <sp arg="argM" func="cc" tem="adv">
              <f lem="," pos="fc" punct="comma" wd=","/>
              <prep>
                <s lem="por" pos="sps00" postype="preposition" wd="por"/>
              </prep>
              <sn>
                <grup.nom gen="m" num="s">
                  <n gen="m" lem="respeto" num="s" pos="ncms000" postype="common" sense="16:10358350" wd="respeto"/>
                </grup.nom>
              </sn>
              <inc>
                <S>
                  <f lem="-" pos="fg" punct="hyphen" wd="-"/>
                  <sn arg="arg0" elliptic="yes" func="suj" tem="agt"/>
                  <grup.verb>
                    <v lem="decir" lss="A32.ditransitive-patient-benefactive" mood="indicative" num="p" person="3" pos="vmip3p0" postype="main" tense="present" wd="dicen"/>
                  </grup.verb>
                  <f lem="-" pos="fg" punct="hyphen" wd="-"/>
                </S>
              </inc>
              <f lem="," pos="fc" punct="comma" wd=","/>
            </sp>
            <grup.verb>
              <v lem="traducir" lss="A34.ditransitive-patient-theme" mood="indicative" num="p" person="3" pos="vmip3p0" postype="main" tense="present" wd="traducen"/>
            </grup.verb>
            <sn arg="arg1" func="cd" tem="pat">
              <spec gen="m" num="s">
                <d gen="c" lem="su" num="s" person="3" pos="dp3cs0" postype="possessive" wd="su"/>
              </spec>
              <grup.nom gen="m" num="s">
                <n gen="m" lem="nombre" num="s" pos="ncms000" postype="common" sense="16:04768298" wd="nombre"/>
              </grup.nom>
            </sn>
            <sadv arg="argM" func="cc" tem="loc">
              <grup.adv>
                <r lem="allá" pos="rg" wd="allá"/>
                <S clausetype="relative">
                  <relatiu arg="arg4" func="cc" tem="des">
                    <p gen="c" lem="donde" num="c" pos="pr000000" postype="relative" wd="donde"/>
                  </relatiu>
                  <sn arg="arg0" elliptic="yes" func="suj" tem="agt"/>
                  <grup.verb>
                    <v lem="ir" lss="D11.inergative-agentive" mood="indicative" num="p" person="3" pos="vmip3p0" postype="main" tense="present" wd="van"/>
                  </grup.verb>
                </S>
              </grup.adv>
            </sadv>
          </S>
        </grup.nom>
      </sn>
    </sp>
    <f lem="." pos="fp" punct="period" wd="."/>
  </sentence>
  <sentence>
    <sn arg="arg1" entityref="ne" func="suj" ne="organization" tem="tem">
      <spec gen="f" num="s">
        <d gen="f" lem="el" num="s" pos="da0fs0" postype="article" wd="La"/>
      </spec>
      <grup.nom gen="f" num="s">
        <n lem="Cruz_Roja" ne="organization" pos="np0000o" postype="proper" sense="16:05998735" wd="Cruz_Roja"/>
      </grup.nom>
    </sn>
    <sadv arg="argM" func="cc" tem="adv">
      <f lem="," pos="fc" punct="comma" wd=","/>
      <grup.adv>
        <r lem="por_ejemplo" pos="rg" wd="por_ejemplo"/>
      </grup.adv>
      <f lem="," pos="fc" punct="comma" wd=","/>
    </sadv>
    <neg func="mod">
      <r lem="no" pos="rn" postype="negative" wd="no"/>
    </neg>
    <morfema.pronominal>
      <p gen="c" lem="él" num="c" person="3" pos="p0300000" wd="se"/>
    </morfema.pronominal>
    <grup.verb>
      <v lem="llamar" lss="C21.state-attributive" mood="indicative" num="s" person="3" pos="vmip3s0" postype="main" tense="present" wd="llama"/>
    </grup.verb>
    <sn arg="arg2" entityref="ne" func="cpred" ne="organization" predicate="suj" tem="atr">
      <grup.nom>
        <n lem="Red_Cross" ne="organization" pos="np0000o" postype="proper" sense="16:cs1" wd="Red_Cross"/>
      </grup.nom>
    </sn>
    <sp arg="argM" func="cc" tem="loc">
      <prep>
        <s lem="en" pos="sps00" postype="preposition" wd="en"/>
      </prep>
      <sn>
        <spec gen="f" num="p">
          <d gen="f" lem="todo" num="p" pos="di0fp0" postype="indefinite" wd="todas"/>
        </spec>
        <grup.nom gen="f" num="p">
          <n gen="f" lem="parte" num="p" pos="ncfp000" postype="common" sense="16:06358701" wd="partes"/>
        </grup.nom>
      </sn>
    </sp>
    <f lem="." pos="fp" punct="period" wd="."/>
  </sentence>
  <sentence verbless="yes">
    <sn>
      <grup.nom gen="f" num="p">
        <n gen="f" lem="gana" num="p" pos="ncfp000" postype="common" sense="16:cs1" wd="Ganas"/>
        <sp>
          <prep>
            <s lem="de" pos="sps00" postype="preposition" wd="de"/>
          </prep>
          <S clausetype="completive" impersonal="yes">
            <infinitiu>
              <v lem="dar" lss="D11.inergative-agentive" mood="infinitive" pos="vmn0000" postype="main" wd="darse"/>
            </infinitiu>
            <sn arg="argL" func="cd">
              <grup.nom gen="m" num="p">
                <n gen="m" lem="aire" num="p" pos="ncmp000" postype="common" sense="16:03908392" wd="aires"/>
              </grup.nom>
            </sn>
          </S>
        </sp>
      </grup.nom>
    </sn>
    <f lem="." pos="fp" punct="period" wd="."/>
  </sentence>
  <sentence>
    <sn arg="arg1" elliptic="yes" func="suj" tem="tem"/>
    <grup.verb>
      <v lem="estar" lss="C21.state-attributive" mood="indicative" num="p" person="1" pos="vmii1p0" postype="main" tense="imperfect" wd="Estábamos"/>
    </grup.verb>
    <sp arg="arg2" func="atr" tem="atr">
      <prep>
        <s lem="en" pos="sps00" postype="preposition" wd="en"/>
      </prep>
      <sn>
        <spec gen="m" num="s">
          <d gen="c" lem="el" num="s" pos="da0ns0" postype="article" wd="lo"/>
        </spec>
        <grup.nom gen="m" num="s">
          <sp>
            <prep>
              <s lem="de" pos="sps00" postype="preposition" wd="de"/>
            </prep>
            <sn>
              <spec gen="m" num="p">
                <d gen="m" lem="el" num="p" pos="da0mp0" postype="article" wd="los"/>
              </spec>
              <grup.nom gen="m" num="p">
                <n gen="m" lem="sobre" num="p" pos="ncmp000" postype="common" sense="16:02642816" wd="sobres"/>
              </grup.nom>
            </sn>
          </sp>
        </grup.nom>
      </sn>
    </sp>
    <f lem="." pos="fp" punct="period" wd="."/>
  </sentence>
  <sentence>
    <sn arg="arg1" func="suj" tem="tem">
      <spec gen="m" num="p">
        <d gen="m" lem="el" num="p" pos="da0mp0" postype="article" wd="Los"/>
      </spec>
      <grup.nom gen="m" num="p">
        <n gen="m" lem="sobre" num="p" pos="ncmp000" postype="common" sense="16:02642816" wd="sobres"/>
        <sp>
          <prep>
            <s lem="de" pos="sps00" postype="preposition" wd="de"/>
          </prep>
          <sn>
            <spec gen="f" num="s">
              <d gen="f" lem="el" num="s" pos="da0fs0" postype="article" wd="la"/>
            </spec>
            <grup.nom gen="f" num="s">
              <n gen="f" lem="caja" num="s" pos="ncfs000" postype="common" sense="16:cs1" wd="caja"/>
              <sp>
                <prep>
                  <s lem="de" pos="sps00" postype="preposition" wd="de"/>
                </prep>
                <sn>
                  <grup.nom gen="m" num="p">
                    <n gen="m" lem="ahorro" lexicalid="noun.ahorro.3.default" num="p" origin="deverbal" pos="ncmp000" postype="common" sense="16:00126393" wd="ahorros"/>
                  </grup.nom>
                </sn>
              </sp>
            </grup.nom>
          </sn>
        </sp>
      </grup.nom>
    </sn>
    <grup.verb>
      <v lem="ser" lss="C21.state-attributive" mood="indicative" num="p" person="3" pos="vsip3p0" postype="semiauxiliary" tense="present" wd="son"/>
    </grup.verb>
    <sa arg="arg2" func="atr" tem="atr">
      <spec>
        <r lem="exactamente" pos="rg" wd="exactamente"/>
      </spec>
      <grup.a>
        <a gen="c" lem="igual" num="p" pos="aq0cp0" postype="qualificative" wd="iguales"/>
        <sp>
          <prep>
            <s lem="a" pos="sps00" postype="preposition" wd="a"/>
          </prep>
          <sn>
            <spec gen="m" num="p">
              <d gen="m" lem="el" num="p" pos="da0mp0" postype="article" wd="los"/>
            </spec>
            <grup.nom gen="m" num="p">
              <S clausetype="relative">
                <relatiu arg="arg1" func="cd" tem="pat">
                  <p gen="c" lem="que" num="c" pos="pr0cn000" postype="relative" wd="que"/>
                </relatiu>
                <sn arg="arg0" elliptic="yes" func="suj" tem="agt"/>
                <grup.verb>
                  <v lem="enviar" lss="A32.ditransitive-patient-benefactive" mood="indicative" num="p" person="3" pos="vmii3p0" postype="main" tense="imperfect" wd="enviaban"/>
                </grup.verb>
                <sadv arg="argM" func="cc" tem="tmp">
                  <grup.adv>
                    <r lem="antes" pos="rg" wd="antes"/>
                    <sp>
                      <prep>
                        <s lem="de" pos="sps00" postype="preposition" wd="de"/>
                      </prep>
                      <S clausetype="completive" impersonal="yes">
                        <infinitiu>
                          <v lem="añadir" lss="A21.transitive-agentive-patient" mood="infinitive" pos="vmn0000" postype="main" wd="añadirles"/>
                        </infinitiu>
                        <sn arg="arg1" func="cd" tem="pat">
                          <spec gen="m" num="s">
                            <d gen="c" lem="el" num="s" pos="da0ns0" postype="article" wd="lo"/>
                          </spec>
                          <grup.nom gen="m" num="s">
                            <sp>
                              <prep>
                                <s lem="de" pos="sps00" postype="preposition" wd="de"/>
                              </prep>
                              <sn>
                                <grup.nom>
                                  <n gen="c" lem="recycled_ecological_paper" num="c" pos="nc00000" postype="common" sense="16:cs1" wd="recycled_ecological_paper"/>
                                </grup.nom>
                              </sn>
                            </sp>
                          </grup.nom>
                        </sn>
                      </S>
                    </sp>
                  </grup.adv>
                </sadv>
              </S>
            </grup.nom>
          </sn>
        </sp>
      </grup.a>
    </sa>
    <f lem="." pos="fp" punct="period" wd="."/>
  </sentence>
  <sentence>
    <f lem="-" pos="fg" punct="hyphen" wd="-"/>
    <sn arg="arg1" func="cd" functype="quantitative" tem="tem">
      <spec gen="f" num="s">
        <d gen="c" lem="qué" num="c" pos="dt0cn0" postype="interrogative" wd="Qué"/>
      </spec>
      <grup.nom discid="1n" gen="f" num="s">
        <n gen="f" lem="necesidad" num="s" pos="ncfs000" postype="common" sense="16:10367157" wd="necesidad"/>
      </grup.nom>
    </sn>
    <grup.verb>
      <v lem="haber" lss="C11.state-existential" mood="indicative" num="s" person="3" pos="vaii3s0" postype="auxiliary" tense="imperfect" wd="había"/>
      <sp discid="1c">
        <prep>
          <s lem="de" pos="sps00" postype="preposition" wd="de"/>
        </prep>
        <S clausetype="completive" impersonal="yes">
          <infinitiu>
            <v lem="poner" lss="A31.ditransitive-patient-locative" mood="infinitive" pos="vmn0000" postype="main" wd="ponerlo"/>
          </infinitiu>
          <sp arg="arg2" func="cc" tem="loc">
            <f lem="," pos="fc" punct="comma" wd=","/>
            <prep>
              <s contracted="yes" gen="m" lem="al" num="s" pos="spcms" postype="preposition" wd="al"/>
            </prep>
            <sn>
              <grup.nom gen="m" num="s">
                <n gen="m" lem="dorso" num="s" pos="ncms000" postype="common" sense="16:03217207" wd="dorso"/>
                <sp>
                  <prep>
                    <s lem="de" pos="sps00" postype="preposition" wd="de"/>
                  </prep>
                  <sn>
                    <spec gen="m" num="s">
                      <d gen="c" lem="cada" num="s" pos="di0cs0" postype="indefinite" wd="cada"/>
                    </spec>
                    <grup.nom gen="m" num="s">
                      <n gen="m" lem="sobre" num="s" pos="ncms000" postype="common" sense="16:02642816" wd="sobre"/>
                    </grup.nom>
                  </sn>
                </sp>
              </grup.nom>
            </sn>
            <f lem="," pos="fc" punct="comma" wd=","/>
          </sp>
        </S>
      </sp>
    </grup.verb>
    <S clausesubtype="conditional" clausetype="adverbial" func="ao">
      <conj conjunctiontype="subordinating">
        <c lem="si" pos="cs" postype="subordinating" wd="si"/>
      </conj>
      <sn arg="arg1" func="suj" tem="tem">
        <spec gen="m" num="s">
          <d gen="m" lem="el" num="s" pos="da0ms0" postype="article" wd="el"/>
        </spec>
        <grup.nom gen="m" num="s">
          <n gen="m" lem="papel" num="s" pos="ncms000" postype="common" sense="16:04731024" wd="papel"/>
        </grup.nom>
      </sn>
      <grup.verb>
        <v lem="ser" lss="C21.state-attributive" mood="indicative" num="s" person="3" pos="vsii3s0" postype="semiauxiliary" tense="imperfect" wd="era"/>
      </grup.verb>
      <sa arg="arg2" discid="2n" func="atr" tem="atr">
        <spec>
          <r lem="tanto" pos="rg" wd="tan"/>
        </spec>
        <grup.a>
          <a gen="c" lem="recycled_ecological" num="c" pos="aq0cn0" postype="qualificative" wd="recycled_ecological"/>
        </grup.a>
      </sa>
      <sadv arg="argM" func="cc" tem="tmp">
        <grup.adv>
          <r lem="antes" pos="rg" wd="antes"/>
        </grup.adv>
      </sadv>
      <S adjunct="yes" clausesubtype="comparative" clausetype="adverbial" discid="2c" verbless="yes">
        <conj conjunctiontype="subordinating">
          <c lem="como" pos="cs" postype="subordinating" wd="como"/>
        </conj>
        <sadv>
          <grup.adv>
            <r lem="ahora" pos="rg" wd="ahora"/>
          </grup.adv>
        </sadv>
      </S>
    </S>
    <f lem="?" pos="fit" punct="questionmark" punctenclose="close" wd="?"/>
  </sentence>
  <sentence verbless="yes">
    <conj conjunctiontype="subordinating">
      <c lem="pues" pos="cs" postype="subordinating" wd="Pues"/>
    </conj>
    <S clausetype="adverbial" coord="yes">
      <conj conjunctiontype="subordinating">
        <c lem="porque" pos="cs" postype="subordinating" wd="porque"/>
      </conj>
      <S clausetype="adverbial">
        <S arg="arg1" clausetype="completive" func="suj" impersonal="yes" tem="tem">
          <infinitiu>
            <v lem="poner" lss="A31.ditransitive-patient-locative" mood="infinitive" pos="vmn0000" postype="main" wd="ponerlo"/>
          </infinitiu>
        </S>
        <neg func="mod">
          <r lem="no" pos="rn" postype="negative" wd="no"/>
        </neg>
        <grup.verb>
          <v lem="costar" lss="C21.state-attributive" mood="indicative" num="s" person="3" pos="vmip3s0" postype="main" tense="present" wd="cuesta"/>
        </grup.verb>
        <sn arg="arg2" func="cd" functype="quantitative" tem="atr">
          <sadv adjunct="yes">
            <grup.adv>
              <r lem="casi" pos="rg" wd="casi"/>
            </grup.adv>
          </sadv>
          <sn>
            <grup.nom gen="m" num="s">
              <p gen="c" lem="nada" num="s" pos="pi0cs000" postype="indefinite" wd="nada"/>
            </grup.nom>
          </sn>
        </sn>
      </S>
      <conj conjunctiontype="coordinating">
        <c lem="y" pos="cc" postype="coordinating" wd="y"/>
      </conj>
      <S clausetype="adverbial">
        <S arg="argM" clausetype="adverbial" func="cc" impersonal="yes" tem="adv">
          <f lem="," pos="fc" punct="comma" wd=","/>
          <gerundi>
            <v lem="poner" lss="A31.ditransitive-patient-locative" mood="gerund" pos="vmg0000" postype="main" wd="poniéndolo"/>
          </gerundi>
          <f lem="," pos="fc" punct="comma" wd=","/>
        </S>
        <sn arg="arg0" func="suj" tem="agt">
          <spec gen="m" num="p">
            <d gen="m" lem="el" num="p" pos="da0mp0" postype="article" wd="los"/>
          </spec>
          <grup.nom gen="m" num="p">
            <sp>
              <prep>
                <s lem="de" pos="sps00" postype="preposition" wd="de"/>
              </prep>
              <sn>
                <spec gen="f" num="s">
                  <d gen="f" lem="el" num="s" pos="da0fs0" postype="article" wd="la"/>
                </spec>
                <grup.nom gen="f" num="s">
                  <n gen="f" lem="caja" num="s" pos="ncfs000" postype="common" sense="16:cs1" wd="caja"/>
                  <sp>
                    <prep>
                      <s lem="de" pos="sps00" postype="preposition" wd="de"/>
                    </prep>
                    <sn>
                      <grup.nom gen="m" num="p">
                        <n gen="m" lem="ahorro" lexicalid="noun.ahorro.3.default" num="p" origin="deverbal" pos="ncmp000" postype="common" sense="16:00126393" wd="ahorros"/>
                      </grup.nom>
                    </sn>
                  </sp>
                </grup.nom>
              </sn>
            </sp>
          </grup.nom>
        </sn>
        <grup.verb>
          <v lem="creer" lss="A21.transitive-agentive-patient" mood="indicative" num="p" person="3" pos="vmip3p0" postype="main" tense="present" wd="creen"/>
        </grup.verb>
        <S arg="arg1" clausetype="completive" func="cd" impersonal="yes" tem="pat">
          <infinitiu>
            <v lem="quedar" lss="C21.state-attributive" mood="infinitive" pos="vmn0000" postype="main" wd="quedar"/>
          </infinitiu>
          <sp arg="argM" coord="yes" func="cc" tem="adv">
            <sp>
              <neg adjunct="yes">
                <r lem="no" pos="rn" postype="negative" wd="no"/>
              </neg>
              <sp>
                <prep>
                  <c lem="como" pos="cs" postype="subordinating" wd="como"/>
                </prep>
                <sn>
                  <grup.nom gen="m" num="p">
                    <n gen="c" lem="capitalista" num="p" pos="nccp000" postype="common" sense="16:06941675" wd="capitalistas"/>
                    <s.a gen="m" num="p">
                      <grup.a gen="m" num="p">
                        <a gen="c" lem="chupasangre" num="p" pos="aq0cp0" postype="qualificative" wd="chupasangres"/>
                      </grup.a>
                    </s.a>
                  </grup.nom>
                </sn>
              </sp>
            </sp>
            <conj conjunctiontype="coordinating">
              <c lem="sino" pos="cc" postype="coordinating" wd="sino"/>
            </conj>
            <sp>
              <prep>
                <c lem="como" pos="cs" postype="subordinating" wd="como"/>
              </prep>
              <sn>
                <grup.nom gen="m" num="p">
                  <s.a gen="m" num="p">
                    <grup.a gen="m" num="p">
                      <a gen="m" lem="respetuoso" num="p" pos="aq0mp0" postype="qualificative" wd="respetuosos"/>
                    </grup.a>
                  </s.a>
                  <sp>
                    <prep>
                      <s lem="con" pos="sps00" postype="preposition" wd="con"/>
                    </prep>
                    <sn>
                      <spec gen="m" num="s">
                        <d gen="m" lem="el" num="s" pos="da0ms0" postype="article" wd="el"/>
                      </spec>
                      <grup.nom gen="m" num="s">
                        <n gen="m" lem="entorno" num="s" pos="ncms000" postype="common" sense="16:06316268" wd="entorno"/>
                      </grup.nom>
                    </sn>
                  </sp>
                </grup.nom>
              </sn>
            </sp>
          </sp>
        </S>
      </S>
    </S>
    <f lem="." pos="fp" punct="period" wd="."/>
  </sentence>
  <sentence verbless="yes">
    <S clausetype="adverbial">
      <conj conjunctiontype="subordinating">
        <c lem="porque" pos="cs" postype="subordinating" wd="Porque"/>
      </conj>
      <sn arg="arg1" func="suj" tem="tem">
        <spec gen="m" num="s">
          <d gen="c" lem="el" num="s" pos="da0ns0" postype="article" wd="lo"/>
        </spec>
        <grup.nom gen="m" num="s">
          <sp>
            <prep>
              <s contracted="yes" gen="m" lem="del" num="s" pos="spcms" postype="preposition" wd="del"/>
            </prep>
            <sn>
              <grup.nom gen="m" num="s">
                <n gen="m" lem="reciclaje" lexicalid="noun.reciclaje.1.default" num="s" origin="deverbal" pos="ncms000" postype="common" sense="16:00607051" wd="reciclaje"/>
              </grup.nom>
            </sn>
          </sp>
        </grup.nom>
      </sn>
      <grup.verb>
        <v lem="arrasar" lss="C11.state-existential" mood="indicative" num="s" person="3" pos="vmip3s0" postype="main" tense="present" wd="arrasa"/>
      </grup.verb>
    </S>
    <f lem="." pos="fp" punct="period" wd="."/>
  </sentence>
</article>
