<?xml version="1.0" encoding="UTF-8"?>
<!-- 

  ancora-2.0
       
			Copyright (C) 2007, 2008, 2009, 2010, 2011 UB - CLiC
			Centre de Llenguatge i Computació - Universitat de Barcelona
 
  This file is part of ancora-2.0.
 
  ancora-2.0 is free software and data: you can redistribute it and/or modify
  it under the terms of the GNU General Public License as published
  by the Free Software Foundation, either version 3 of the License,
  or (at your option) any later version.

  ancora-2.0 is distributed in the hope that it will be useful,
  but WITHOUT ANY WARRANTY; without even the implied warranty of
  MERCHANTABILITY or FITNESS FOR A PARTICULAR PURPOSE.  See the
  GNU General Public License for more details.
 
  You should have received a copy of the GNU General Public License
  along with ancora-2.0.  If not, see &lt;http://www.gnu.org/licenses/&gt;.
 
  Check a text in catalan explaining the terms of the license at http://www.softcatala.cat/wiki/GPL3.
  In spanish at http://www.viti.es/gnu/licenses/gpl.html
 

  The following paper must be cited when using this corpus:

 * Taulé, M., M.A. Martí, M. Recasens (2008) 'Ancora: Multilevel Annotated Corpora for Catalan and Spanish',
   Proceedings of 6th International Conference on Language Resources and Evaluation. Marrakesh (Morocco).

  In addition, the following paper must be cited if coreference information (attributes entity, coreftype,
  corefsubtype, homophoricDD or entityref) is used:

 * Recasens, Marta, M. Antònia Martí (2010) ‘AnCora-CO: Coreferentially annotated corpora for Spanish and
   Catalan’. Language Resources and Evaluation, Springer Science.

  Additionally, the following paper must be cited when argumental attributes in "sn" or "grup.nom"
  (attributes func, arg, tem or lexicalid) are used:

 * Peris, Aina, Mariona Taulé, Horacio Rodríguez (2010) ‘Semantic Annotation of Deverbal Nominalizations in the
   Spanish AnCora corpus’. Treebanks and Linguistic Theories (TLT-2010), Estonia.
-->
<article lng="es">
  <sentence>
    <sp arg="argM" func="cc" tem="loc">
      <prep>
        <s lem="en" pos="sps00" postype="preposition" wd="En"/>
      </prep>
      <sn entityref="ne" ne="location">
        <grup.nom>
          <n lem="América" ne="location" pos="np0000l" postype="proper" wd="América"/>
        </grup.nom>
      </sn>
    </sp>
    <sn arg="arg1" func="suj" tem="tem">
      <spec gen="m" num="s">
        <d gen="m" lem="uno" num="s" pos="di0ms0" postype="indefinite" wd="un"/>
      </spec>
      <grup.nom gen="m" num="s">
        <n gen="m" lem="mondae" num="s" pos="ncms000" postype="common" sense="16:cs1" wd="mondae"/>
      </grup.nom>
    </sn>
    <grup.verb>
      <v lem="ser" lss="C21.state-attributive" mood="indicative" num="s" person="3" pos="vsip3s0" postype="semiauxiliary" tense="present" wd="es"/>
    </grup.verb>
    <sn arg="arg2" func="atr" tem="atr">
      <spec gen="m" num="s">
        <d gen="m" lem="uno" num="s" pos="di0ms0" postype="indefinite" wd="un"/>
      </spec>
      <grup.nom gen="m" num="s">
        <n gen="m" lem="helado" num="s" pos="ncms000" postype="common" sense="16:05662860" wd="helado"/>
        <sp>
          <prep>
            <s lem="con" pos="sps00" postype="preposition" wd="con"/>
          </prep>
          <sn complex="yes">
            <grup.nom coord="yes">
              <grup.nom gen="m" num="s">
                <n gen="m" lem="jarabe" num="s" pos="ncms000" postype="common" sense="16:05888357" wd="jarabe"/>
                <sp>
                  <prep>
                    <s lem="de" pos="sps00" postype="preposition" wd="de"/>
                  </prep>
                  <sn>
                    <grup.nom gen="m" num="s">
                      <n gen="m" lem="chocolate" num="s" pos="ncms000" postype="common" sense="16:05654298" wd="chocolate"/>
                    </grup.nom>
                  </sn>
                </sp>
              </grup.nom>
              <conj conjunctiontype="coordinating">
                <c lem="y" pos="cc" postype="coordinating" wd="y"/>
              </conj>
              <grup.nom gen="f" num="s">
                <n gen="f" lem="agua" num="s" pos="ncfs000" postype="common" sense="16:10650211" wd="agua"/>
                <sp>
                  <prep>
                    <s lem="de" pos="sps00" postype="preposition" wd="de"/>
                  </prep>
                  <sn>
                    <grup.nom gen="f" num="s">
                      <n gen="f" lem="soda" num="s" pos="ncfs000" postype="common" sense="16:05946896" wd="soda"/>
                    </grup.nom>
                  </sn>
                </sp>
              </grup.nom>
            </grup.nom>
          </sn>
        </sp>
      </grup.nom>
    </sn>
    <f lem="." pos="fp" punct="period" wd="."/>
  </sentence>
  <sentence>
    <sn arg="arg1" elliptic="yes" func="suj" tem="tem"/>
    <grup.verb>
      <v lem="ser" lss="C21.state-attributive" mood="indicative" num="s" person="3" pos="vsip3s0" postype="semiauxiliary" tense="present" wd="Es"/>
    </grup.verb>
    <sn arg="arg2" func="atr" tem="atr">
      <spec gen="f" num="s">
        <d gen="f" lem="uno" num="s" pos="di0fs0" postype="indefinite" wd="una"/>
      </spec>
      <grup.nom gen="f" num="s">
        <n gen="f" lem="palabra" num="s" pos="ncfs000" postype="common" sense="16:04750884" wd="palabra"/>
        <S clausetype="relative">
          <relatiu arg="arg1" func="suj" tem="tem">
            <p gen="c" lem="que" num="c" pos="pr0cn000" postype="relative" wd="que"/>
          </relatiu>
          <morfema.pronominal>
            <p gen="c" lem="él" num="c" person="3" pos="p0300000" wd="se"/>
          </morfema.pronominal>
          <grup.verb>
            <v lem="originar" lss="B22.unaccusative-passive-transitive" mood="indicative" num="s" person="3" pos="vmip3s0" postype="main" tense="present" wd="origina"/>
          </grup.verb>
          <sp arg="arg2" func="creg" tem="loc">
            <prep>
              <s lem="en" pos="sps00" postype="preposition" wd="en"/>
            </prep>
            <sn>
              <spec gen="f" num="s">
                <d gen="f" lem="el" num="s" pos="da0fs0" postype="article" wd="la"/>
              </spec>
              <grup.nom gen="f" num="s">
                <S clausetype="relative">
                  <relatiu arg="arg1" func="suj" tem="tem">
                    <p gen="c" lem="que" num="c" pos="pr0cn000" postype="relative" wd="que"/>
                  </relatiu>
                  <grup.verb>
                    <v lem="designar" lss="C21.state-attributive" mood="indicative" num="s" person="3" pos="vmip3s0" postype="main" tense="present" wd="designa"/>
                  </grup.verb>
                  <sp arg="arg2" func="cd" functype="quantitative" tem="atr">
                    <prep>
                      <s contracted="yes" gen="m" lem="al" num="s" pos="spcms" postype="preposition" wd="al"/>
                    </prep>
                    <sn>
                      <grup.nom gen="m" num="s">
                        <s.a gen="m" num="s">
                          <grup.a gen="m" num="s">
                            <a gen="m" lem="segundo" num="s" pos="ao0ms0" postype="ordinal" wd="segundo"/>
                          </grup.a>
                        </s.a>
                        <n gen="m" lem="día" num="s" pos="ncms000" postype="common" sense="16:10851114" wd="día"/>
                        <sp>
                          <prep>
                            <s lem="de" pos="sps00" postype="preposition" wd="de"/>
                          </prep>
                          <sn>
                            <spec gen="f" num="s">
                              <d gen="f" lem="el" num="s" pos="da0fs0" postype="article" wd="la"/>
                            </spec>
                            <grup.nom gen="f" num="s">
                              <n gen="f" lem="semana" num="s" pos="ncfs000" postype="common" sense="16:10862128" wd="semana"/>
                            </grup.nom>
                          </sn>
                        </sp>
                        <sn>
                          <f lem="," pos="fc" punct="comma" wd=","/>
                          <spec gen="m" num="s">
                            <d gen="m" lem="el" num="s" pos="da0ms0" postype="article" wd="el"/>
                          </spec>
                          <grup.nom gen="m" num="s">
                            <n gen="m" lem="monday" num="s" pos="ncms000" postype="common" sense="16:cs1" wd="monday"/>
                            <sp>
                              <f lem="(" pos="fpa" punct="bracket" punctenclose="open" wd="("/>
                              <prep>
                                <s lem="por" pos="sps00" postype="preposition" wd="por"/>
                              </prep>
                              <sn>
                                <grup.nom gen="m" num="s">
                                  <n gen="m" lem="paralelismo" num="s" pos="ncms000" postype="common" sense="16:03728635" wd="paralelismo"/>
                                  <sp>
                                    <prep>
                                      <s lem="con" pos="sps00" postype="preposition" wd="con"/>
                                    </prep>
                                    <sn complex="yes">
                                      <grup.nom coord="yes">
                                        <grup.nom>
                                          <n gen="c" lem="sunday" num="c" pos="nc00000" postype="common" sense="16:cs1" wd="sunday"/>
                                        </grup.nom>
                                        <conj conjunctiontype="coordinating">
                                          <c lem="y" pos="cc" postype="coordinating" wd="y"/>
                                        </conj>
                                        <grup.nom>
                                          <n gen="c" lem="sundae" num="c" pos="nc00000" postype="common" sense="16:cs1" wd="sundae"/>
                                        </grup.nom>
                                      </grup.nom>
                                    </sn>
                                  </sp>
                                </grup.nom>
                              </sn>
                              <f lem=")" pos="fpt" punct="bracket" punctenclose="close" wd=")"/>
                            </sp>
                          </grup.nom>
                        </sn>
                      </grup.nom>
                    </sn>
                  </sp>
                </S>
              </grup.nom>
            </sn>
          </sp>
        </S>
      </grup.nom>
    </sn>
    <f lem="." pos="fp" punct="period" wd="."/>
  </sentence>
  <sentence>
    <sn arg="arg2" entityref="ne" func="suj" ne="other" tem="loc">
      <spec gen="m" num="s">
        <d gen="m" lem="el" num="s" pos="da0ms0" postype="article" wd="El"/>
      </spec>
      <grup.nom gen="m" num="s">
        <n lem="Diccionario_Secreto" ne="other" pos="np0000a" postype="proper" sense="16:cs1" wd="Diccionario_Secreto"/>
        <sp>
          <prep>
            <s lem="de" pos="sps00" postype="preposition" wd="de"/>
          </prep>
          <sn entityref="ne" ne="person">
            <grup.nom gen="m" num="s">
              <n lem="Camilo_José_Cela" ne="person" pos="np0000p" postype="proper" sense="16:cs1" wd="Camilo_José_Cela"/>
            </grup.nom>
          </sn>
        </sp>
      </grup.nom>
    </sn>
    <grup.verb>
      <v lem="recoger" lss="A31.ditransitive-patient-locative" mood="indicative" num="s" person="3" pos="vmip3s0" postype="main" tense="present" wd="recoge"/>
    </grup.verb>
    <sn arg="arg1" complex="yes" func="cd" tem="pat">
      <grup.nom coord="yes">
        <grup.nom gen="f" num="s">
          <n gen="f" lem="monda" num="s" pos="ncfs000" postype="common" sense="16:cs1" wd="monda"/>
        </grup.nom>
        <conj conjunctiontype="coordinating">
          <c lem="y" pos="cc" postype="coordinating" wd="y"/>
        </conj>
        <grup.nom gen="f" num="s">
          <n gen="f" lem="mondá" num="s" pos="ncfs000" postype="common" sense="16:cs1" wd="mondá"/>
        </grup.nom>
      </grup.nom>
    </sn>
    <sp arg="argM" func="cc" tem="adv">
      <prep>
        <s lem="por" pos="sps00" postype="preposition" wd="por"/>
      </prep>
      <sn>
        <grup.nom gen="f" num="s">
          <n gen="f" lem="pija" num="s" pos="ncfs000" postype="common" sense="16:cs1" wd="pija"/>
        </grup.nom>
      </sn>
    </sp>
    <f lem="." pos="fp" punct="period" wd="."/>
  </sentence>
  <sentence>
    <sp arg="argM" func="cc" tem="adv">
      <prep>
        <s lem="en" pos="sps00" postype="preposition" wd="En"/>
      </prep>
      <sn entityref="ne" ne="other">
        <grup.nom gen="m" num="s">
          <n gen="c" lem="serbocroata" num="s" pos="nccs000" postype="common" sense="16:05207163" wd="serbocroata"/>
        </grup.nom>
      </sn>
      <f lem="," pos="fc" punct="comma" wd=","/>
    </sp>
    <sn arg="arg1" func="suj" tem="tem">
      <grup.nom>
        <n gen="c" lem="monden" num="c" pos="nc00000" postype="common" sense="16:cs1" wd="monden"/>
      </grup.nom>
    </sn>
    <grup.verb>
      <v lem="significar" lss="C21.state-attributive" mood="indicative" num="s" person="3" pos="vmip3s0" postype="main" tense="present" wd="significa"/>
    </grup.verb>
    <sn arg="arg2" func="cd" functype="quantitative" tem="atr">
      <grup.nom gen="m" num="s">
        <n gen="c" lem="playboy" num="c" pos="nc00000" postype="common" sense="16:07480779" wd="playboy"/>
        <sn>
          <f lem="," pos="fc" punct="comma" wd=","/>
          <grup.nom gen="m" num="s">
            <n gen="m" lem="tipo" num="s" pos="ncms000" postype="common" sense="16:07149819" wd="tipo"/>
            <sp>
              <prep>
                <s lem="de" pos="sps00" postype="preposition" wd="de"/>
              </prep>
              <sn>
                <spec gen="f" num="s">
                  <d gen="f" lem="el" num="s" pos="da0fs0" postype="article" wd="la"/>
                </spec>
                <grup.nom gen="f" num="s">
                  <n gen="f" lem="jet-set" num="c" pos="ncfn000" postype="common" sense="16:06206464" wd="jet-set"/>
                </grup.nom>
              </sn>
            </sp>
          </grup.nom>
        </sn>
      </grup.nom>
    </sn>
    <f lem="." pos="fp" punct="period" wd="."/>
  </sentence>
  <sentence>
    <sp arg="argM" func="cc" tem="adv">
      <prep>
        <s lem="en" pos="sps00" postype="preposition" wd="En"/>
      </prep>
      <sn entityref="ne" ne="other">
        <grup.nom gen="m" num="s">
          <n gen="m" lem="malayo" num="s" pos="ncms000" postype="common" sense="16:05201258" wd="malayo"/>
        </grup.nom>
      </sn>
      <f lem="," pos="fc" punct="comma" wd=","/>
    </sp>
    <sn arg="arg1" func="suj" tem="tem">
      <grup.nom>
        <n gen="c" lem="mondok" num="c" pos="nc00000" postype="common" sense="16:cs1" wd="mondok"/>
      </grup.nom>
    </sn>
    <grup.verb>
      <v lem="significar" lss="C21.state-attributive" mood="indicative" num="s" person="3" pos="vmip3s0" postype="main" tense="present" wd="significa"/>
    </grup.verb>
    <sn arg="arg2" complex="yes" func="cd" functype="quantitative" tem="atr">
      <grup.nom coord="yes">
        <grup.nom gen="f" num="p">
          <n gen="c" lem="bajar" num="c" pos="nc00000" postype="common" sense="16:cs1" wd="bajo"/>
        </grup.nom>
        <f lem="," pos="fc" punct="comma" wd=","/>
        <sn>
          <grup.nom gen="f" num="p">
            <n gen="c" lem="gordo" num="c" pos="nc00000" postype="common" sense="16:07258959" wd="gordo"/>
          </grup.nom>
        </sn>
        <f lem="," pos="fc" punct="comma" wd=","/>
        <sn>
          <grup.nom gen="f" num="p">
            <n gen="c" lem="rechoncho" num="c" pos="nc00000" postype="common" sense="16:cs1" wd="rechoncho"/>
          </grup.nom>
        </sn>
        <f lem="," pos="fc" punct="comma" wd=","/>
        <sn>
          <grup.nom gen="f" num="p">
            <n gen="c" lem="rebolludo" num="c" pos="nc00000" postype="common" sense="16:cs1" wd="rebolludo"/>
          </grup.nom>
        </sn>
      </grup.nom>
    </sn>
    <sn func="ao">
      <f lem="," pos="fc" punct="comma" wd=","/>
      <spec gen="m" num="s">
        <d gen="c" lem="el" num="s" pos="da0ns0" postype="article" wd="lo"/>
      </spec>
      <S clausetype="relative">
        <relatiu arg="arg0" func="suj" tem="agt">
          <p gen="c" lem="que" num="c" pos="pr0cn000" postype="relative" wd="que"/>
        </relatiu>
        <neg func="mod">
          <r lem="no" pos="rn" postype="negative" wd="no"/>
        </neg>
        <grup.verb>
          <v lem="deber" mood="indicative" num="s" person="3" pos="vmip3s0" postype="main" tense="present" wd="debe"/>
          <infinitiu>
            <v lem="complacer" lss="A21.transitive-agentive-patient" mood="infinitive" pos="vmn0000" postype="main" wd="complacer"/>
          </infinitiu>
        </grup.verb>
        <sadv arg="argM" func="cc" tem="adv">
          <grup.adv>
            <r lem="demasiado" pos="rg" wd="demasiado"/>
          </grup.adv>
        </sadv>
        <sp arg="arg1" func="cd" tem="pat">
          <prep>
            <s lem="a" pos="sps00" postype="preposition" wd="a"/>
          </prep>
          <sn>
            <spec gen="m" num="p">
              <d gen="m" lem="el" num="p" pos="da0mp0" postype="article" wd="los"/>
            </spec>
            <grup.nom gen="m" num="p">
              <n gen="m" lem="delegado" num="p" pos="ncmp000" postype="common" sense="16:07207615" wd="delegados"/>
              <sp>
                <prep>
                  <s lem="de" pos="sps00" postype="preposition" wd="de"/>
                </prep>
                <sn entityref="ne" ne="organization">
                  <spec gen="f" num="s">
                    <d gen="f" lem="el" num="s" pos="da0fs0" postype="article" wd="la"/>
                  </spec>
                  <grup.nom gen="f" num="s">
                    <n lem="Ford" ne="organization" pos="np0000o" postype="proper" sense="16:07716470" wd="Ford"/>
                  </grup.nom>
                </sn>
              </sp>
              <sp>
                <prep>
                  <s lem="en" pos="sps00" postype="preposition" wd="en"/>
                </prep>
                <sn entityref="ne" ne="location">
                  <grup.nom>
                    <n lem="Malaisia" ne="location" pos="np0000l" postype="proper" sense="16:cs1" wd="Malaisia"/>
                  </grup.nom>
                </sn>
              </sp>
            </grup.nom>
          </sn>
        </sp>
      </S>
    </sn>
    <f lem="." pos="fp" punct="period" wd="."/>
  </sentence>
  <sentence coord="yes">
    <S>
      <sp arg="argM" func="cc" tem="adv">
        <prep>
          <s lem="en" pos="sps00" postype="preposition" wd="En"/>
        </prep>
        <sn entityref="ne" ne="other">
          <grup.nom gen="m" num="s">
            <n gen="m" lem="francés" num="s" pos="ncms000" postype="common" sense="16:05223176" wd="francés"/>
          </grup.nom>
        </sn>
        <f lem="," pos="fc" punct="comma" wd=","/>
      </sp>
      <sn arg="arg1" func="suj" tem="tem">
        <grup.nom>
          <n gen="c" lem="mon_dieu" num="c" pos="nc00000" postype="common" sense="16:cs1" wd="Mon_dieu"/>
          <f lem="!" pos="fat" punct="exclamationmark" punctenclose="close" wd="!"/>
        </grup.nom>
      </sn>
      <grup.verb>
        <v lem="ser" lss="C21.state-attributive" mood="indicative" num="s" person="3" pos="vsip3s0" postype="semiauxiliary" tense="present" wd="es"/>
      </grup.verb>
      <sadv arg="argM" func="cc" tem="adv">
        <grup.adv>
          <r lem="aún" pos="rg" wd="aún"/>
        </grup.adv>
      </sadv>
      <sn arg="arg2" func="atr" tem="atr">
        <spec gen="f" num="s">
          <d gen="f" lem="uno" num="s" pos="di0fs0" postype="indefinite" wd="una"/>
        </spec>
        <grup.nom gen="f" num="s">
          <n gen="f" lem="exclamación" lexicalid="noun.exclamación.1.default" num="s" origin="deverbal" pos="ncfs000" postype="common" sense="16:05331777" wd="exclamación"/>
          <s.a func="cn" gen="f" num="s">
            <spec>
              <r lem="perfectamente" pos="rg" wd="perfectamente"/>
            </spec>
            <grup.a gen="f" num="s">
              <a gen="f" lem="vivo" num="s" pos="aq0fs0" postype="qualificative" wd="viva"/>
            </grup.a>
          </s.a>
        </grup.nom>
      </sn>
    </S>
    <conj conjunctiontype="coordinating">
      <c lem="y" pos="cc" postype="coordinating" wd="y"/>
    </conj>
    <S>
      <sp arg="arg2" func="cc" tem="loc">
        <prep>
          <s lem="en" pos="sps00" postype="preposition" wd="en"/>
        </prep>
        <sn entityref="ne" ne="location">
          <grup.nom>
            <n lem="Portugal" ne="location" pos="np0000l" postype="proper" sense="16:06558391" wd="Portugal"/>
          </grup.nom>
        </sn>
      </sp>
      <grup.verb>
        <v lem="haber" lss="C11.state-existential" mood="indicative" num="s" person="3" pos="vaip3s0" postype="auxiliary" tense="present" wd="hay"/>
      </grup.verb>
      <sn arg="arg1" func="cd" functype="quantitative" tem="tem">
        <spec gen="m" num="s">
          <d gen="m" lem="uno" num="s" pos="di0ms0" postype="indefinite" wd="un"/>
        </spec>
        <grup.nom gen="m" num="s">
          <n gen="m" lem="río" num="s" pos="ncms000" postype="common" sense="16:06789983" wd="río"/>
          <S clausetype="participle" impersonal="yes">
            <participi>
              <a gen="m" lem="llamado" lss="C21.state-attributive" num="s" pos="aq0msp" posfunction="participle" postype="qualificative" wd="llamado"/>
            </participi>
            <sn arg="arg2" entityref="ne" func="cpred" ne="location" tem="atr">
              <grup.nom>
                <n lem="Mondego" ne="location" pos="np0000l" postype="proper" sense="16:50004538" wd="Mondego"/>
              </grup.nom>
            </sn>
          </S>
        </grup.nom>
      </sn>
    </S>
    <f lem="." pos="fp" punct="period" wd="."/>
  </sentence>
  <sentence>
    <conj conjunctiontype="coordinating" func="et">
      <c lem="pero" pos="cc" postype="coordinating" wd="Pero"/>
    </conj>
    <sn arg="arg1" func="suj" tem="tem">
      <grup.nom gen="f" num="s">
        <p gen="f" lem="ninguno" num="s" pos="pi0fs000" postype="indefinite" wd="ninguna"/>
        <sp>
          <prep>
            <s lem="de" pos="sps00" postype="preposition" wd="de"/>
          </prep>
          <sn complex="yes">
            <spec gen="f" num="p">
              <d gen="f" lem="este" num="p" pos="dd0fp0" postype="demonstrative" wd="estas"/>
            </spec>
            <grup.nom coord="yes">
              <grup.nom gen="f" num="p">
                <n gen="f" lem="palabra" num="p" pos="ncfp000" postype="common" sense="16:04750884" wd="palabras"/>
              </grup.nom>
              <conj conjunctiontype="coordinating">
                <c lem="o" pos="cc" postype="coordinating" wd="o"/>
              </conj>
              <grup.nom gen="f" num="p">
                <n gen="f" lem="expresión" lexicalid="noun.expresión.1.default" num="p" origin="deverbal" pos="ncfp000" postype="common" sense="16:05349662" wd="expresiones"/>
              </grup.nom>
            </grup.nom>
          </sn>
        </sp>
      </grup.nom>
    </sn>
    <grup.verb>
      <v lem="ser" lss="C21.state-attributive" mood="indicative" num="s" person="3" pos="vsip3s0" postype="semiauxiliary" tense="present" wd="es"/>
    </grup.verb>
    <sn arg="arg2" entityref="ne" func="atr" ne="other" tem="atr">
      <grup.nom>
        <n lem="Mondeo" ne="other" pos="np0000a" postype="proper" sense="16:cs1" wd="Mondeo"/>
      </grup.nom>
    </sn>
    <sadv arg="argM" func="cc" tem="adv">
      <grup.adv>
        <r lem="exactamente" pos="rg" wd="exactamente"/>
      </grup.adv>
    </sadv>
    <f lem="." pos="fp" punct="period" wd="."/>
  </sentence>
  <sentence>
    <sn arg="arg1" entityref="ne" func="suj" ne="other" tem="tem">
      <grup.nom>
        <n lem="Mondeo" ne="other" pos="np0000a" postype="proper" sense="16:cs1" wd="Mondeo"/>
      </grup.nom>
    </sn>
    <neg func="mod">
      <r lem="no" pos="rn" postype="negative" wd="no"/>
    </neg>
    <grup.verb>
      <v lem="significar" lss="C21.state-attributive" mood="indicative" num="s" person="3" pos="vmip3s0" postype="main" tense="present" wd="significa"/>
    </grup.verb>
    <sn arg="arg2" func="cd" functype="quantitative" tem="atr">
      <grup.nom gen="m" num="s">
        <p gen="c" lem="nada" num="s" pos="pi0cs000" postype="indefinite" wd="nada"/>
      </grup.nom>
    </sn>
    <f lem="." pos="fp" punct="period" wd="."/>
  </sentence>
  <sentence verbless="yes">
    <S clausesubtype="concessive" clausetype="adverbial">
      <conj conjunctiontype="subordinating">
        <c lem="aunque" pos="cs" postype="subordinating" wd="Aunque"/>
      </conj>
      <S arg="argM" clausetype="adverbial" func="cc" impersonal="yes" tem="adv">
        <f lem="," pos="fc" punct="comma" wd=","/>
        <gerundi>
          <v lem="haber" lss="C11.state-existential" mood="gerund" pos="vag0000" postype="auxiliary" wd="habiendo"/>
        </gerundi>
        <sn arg="arg1" func="cd" functype="quantitative" tem="tem">
          <grup.nom gen="m" num="p">
            <n gen="m" lem="mil" num="p" pos="ncmp000" postype="common" sense="16:09902316" wd="miles"/>
            <sp>
              <prep>
                <s lem="de" pos="sps00" postype="preposition" wd="de"/>
              </prep>
              <sn>
                <grup.nom gen="m" num="p">
                  <n gen="m" lem="idioma" num="p" pos="ncmp000" postype="common" sense="16:05167497" wd="idiomas"/>
                </grup.nom>
              </sn>
            </sp>
          </grup.nom>
        </sn>
        <sp arg="argM" func="cc" tem="loc">
          <prep>
            <s lem="sobre" pos="sps00" postype="preposition" wd="sobre"/>
          </prep>
          <sn entityref="ne" ne="location">
            <spec gen="f" num="s">
              <d gen="f" lem="el" num="s" pos="da0fs0" postype="article" wd="la"/>
            </spec>
            <grup.nom gen="f" num="s">
              <n lem="Tierra" ne="location" pos="np0000l" postype="proper" sense="16:cs1" wd="Tierra"/>
            </grup.nom>
          </sn>
        </sp>
        <f lem="," pos="fc" punct="comma" wd=","/>
      </S>
      <grup.verb>
        <v lem="ser" lss="C21.state-attributive" mood="indicative" num="s" person="3" pos="vsip3s0" postype="semiauxiliary" tense="present" wd="es"/>
      </grup.verb>
      <sa arg="arg2" func="atr" tem="atr">
        <grup.a>
          <a gen="c" lem="imposible" num="s" pos="aq0cs0" postype="qualificative" wd="imposible"/>
        </grup.a>
      </sa>
      <S arg="arg1" clausetype="completive" func="suj" tem="tem">
        <conj conjunctiontype="subordinating">
          <c lem="que" pos="cs" postype="subordinating" wd="que"/>
        </conj>
        <sn arg="arg1" entityref="ne" func="suj" ne="other" tem="tem">
          <grup.nom>
            <n lem="Mondeo" ne="other" pos="np0000a" postype="proper" sense="16:cs1" wd="Mondeo"/>
          </grup.nom>
        </sn>
        <sp arg="argM" func="cc" tem="adv">
          <prep>
            <s lem="en" pos="sps00" postype="preposition" wd="en"/>
          </prep>
          <sn complex="yes">
            <grup.nom coord="yes">
              <grup.nom gen="m" num="s">
                <p gen="m" lem="uno" num="s" pos="pi0ms000" postype="indefinite" wd="uno"/>
              </grup.nom>
              <conj conjunctiontype="coordinating">
                <c lem="u" pos="cc" postype="coordinating" wd="u"/>
              </conj>
              <grup.nom gen="m" num="s">
                <p gen="m" lem="otro" num="s" pos="pi0ms000" postype="indefinite" wd="otro"/>
              </grup.nom>
            </grup.nom>
          </sn>
        </sp>
        <neg func="mod">
          <r lem="no" pos="rn" postype="negative" wd="no"/>
        </neg>
        <grup.verb>
          <v lem="significar" lss="C21.state-attributive" mood="subjunctive" num="s" person="3" pos="vmsp3s0" postype="main" tense="present" wd="signifique"/>
        </grup.verb>
        <sn arg="arg2" func="cd" functype="quantitative" tem="atr">
          <grup.nom gen="m" num="s">
            <p gen="c" lem="algo" num="s" pos="pi0cs000" postype="indefinite" wd="algo"/>
          </grup.nom>
        </sn>
      </S>
    </S>
    <f lem="." pos="fp" punct="period" wd="."/>
  </sentence>
  <sentence verbless="yes">
    <conj conjunctiontype="coordinating">
      <c lem="pero" pos="cc" postype="coordinating" wd="Pero"/>
    </conj>
    <f lem="-" pos="fg" punct="hyphen" wd="-"/>
    <sp>
      <prep>
        <s lem="en" pos="sps00" postype="preposition" wd="en"/>
      </prep>
      <sn>
        <grup.nom num="s">
          <p gen="c" lem="cuál" num="s" pos="pt0cs000" postype="interrogative" wd="cuál"/>
          <sp>
            <prep>
              <s lem="de" pos="sps00" postype="preposition" wd="de"/>
            </prep>
            <sn>
              <grup.nom gen="m" num="p">
                <p gen="m" lem="él" num="p" person="3" pos="pp3mp000" postype="personal" wd="ellos"/>
              </grup.nom>
            </sn>
          </sp>
        </grup.nom>
      </sn>
    </sp>
    <f lem="?" pos="fit" punct="questionmark" punctenclose="close" wd="?"/>
    <f lem="." pos="fp" punct="period" wd="."/>
  </sentence>
  <sentence>
    <sn discid="1c">
      <grup.nom gen="m" num="p">
        <p gen="m" lem="mucho" num="p" pos="pi0mp000" postype="indefinite" wd="Muchos"/>
      </grup.nom>
      <f lem="," pos="fc" punct="comma" wd=","/>
    </sn>
    <sn arg="arg1" func="suj" tem="tem">
      <spec gen="f" num="s">
        <d gen="f" lem="el" num="s" pos="da0fs0" postype="article" wd="la"/>
      </spec>
      <grup.nom gen="f" num="s">
        <s.a gen="f" num="s">
          <grup.a gen="f" num="s">
            <a gen="f" lem="primero" num="s" pos="ao0fs0" postype="ordinal" wd="primera"/>
          </grup.a>
        </s.a>
        <n gen="f" lem="vez" num="s" pos="ncfs000" postype="common" sense="16:05449233" wd="vez"/>
        <S clausetype="relative">
          <relatiu arg="argM" func="cc" tem="adv">
            <p gen="c" lem="que" num="c" pos="pr0cn000" postype="relative" wd="que"/>
          </relatiu>
          <sn arg="arg0" discid="1n" elliptic="yes" func="suj" tem="agt"/>
          <sn arg="arg1" func="cd" tem="pat">
            <grup.nom gen="f" num="s">
              <p case="accusative" gen="f" lem="él" num="s" person="3" pos="pp3fsa00" postype="personal" wd="la"/>
            </grup.nom>
          </sn>
          <grup.verb>
            <v lem="ver" lss="A21.transitive-agentive-patient" mood="indicative" num="p" person="1" pos="vmis1p0" postype="main" tense="past" wd="vimos"/>
          </grup.verb>
        </S>
      </grup.nom>
    </sn>
    <grup.verb>
      <v lem="ser" lss="C21.state-attributive" mood="indicative" num="s" person="3" pos="vsis3s0" postype="semiauxiliary" tense="past" wd="fue"/>
    </grup.verb>
    <sp arg="arg2" func="atr" tem="atr">
      <prep>
        <s lem="en" pos="sps00" postype="preposition" wd="en"/>
      </prep>
      <sn entityref="ne" ne="other">
        <grup.nom gen="f" num="p">
          <n lem="Hazañas_Bélicas" ne="other" pos="np0000a" postype="proper" sense="16:cs1" wd="Hazañas_Bélicas"/>
          <sn>
            <f lem="," pos="fc" punct="comma" wd=","/>
            <spec gen="f" num="p">
              <d gen="f" lem="aquel" num="p" pos="dd0fp0" postype="demonstrative" wd="aquellas"/>
            </spec>
            <grup.nom gen="f" num="p">
              <n gen="f" lem="historieta" num="p" pos="ncfp000" postype="common" sense="16:05255565" wd="historietas"/>
              <S clausetype="relative" coord="yes">
                <sp arg="argM" func="cc" tem="loc">
                  <prep>
                    <s lem="en" pos="sps00" postype="preposition" wd="en"/>
                  </prep>
                  <relatiu>
                    <p gen="c" lem="que" num="c" pos="pr0cn000" postype="relative" wd="que"/>
                  </relatiu>
                </sp>
                <sn arg="arg1" func="suj" tem="tem">
                  <spec gen="m" num="p">
                    <d gen="m" lem="el" num="p" pos="da0mp0" postype="article" wd="los"/>
                  </spec>
                  <grup.nom gen="m" num="p">
                    <n gen="m" lem="americano" num="p" pos="ncmp000" postype="common" sense="16:07043186" wd="americanos"/>
                  </grup.nom>
                </sn>
                <S clausetype="relative" coord="yes">
                  <S clausetype="relative">
                    <grup.verb>
                      <v lem="ser" lss="C21.state-attributive" mood="indicative" num="p" person="3" pos="vsii3p0" postype="semiauxiliary" tense="imperfect" wd="eran"/>
                    </grup.verb>
                    <sadv arg="argM" func="cc" tem="tmp">
                      <grup.adv>
                        <r lem="siempre" pos="rg" wd="siempre"/>
                      </grup.adv>
                    </sadv>
                    <sa arg="arg2" complex="yes" func="atr" tem="atr">
                      <grup.a coord="yes">
                        <grup.a>
                          <a gen="m" lem="corpulento" num="p" pos="aq0mp0" postype="qualificative" wd="corpulentos"/>
                        </grup.a>
                        <conj conjunctiontype="coordinating">
                          <c lem="y" pos="cc" postype="coordinating" wd="y"/>
                        </conj>
                        <grup.a>
                          <a gen="m" lem="campechano" num="p" pos="aq0mp0" postype="qualificative" wd="campechanos"/>
                        </grup.a>
                      </grup.a>
                    </sa>
                    <f lem="," pos="fc" punct="comma" wd=","/>
                  </S>
                  <conj conjunctiontype="coordinating">
                    <c lem="e" pos="cc" postype="coordinating" wd="e"/>
                  </conj>
                  <S clausetype="relative">
                    <grup.verb>
                      <v lem="ir" lss="C21.state-attributive" mood="indicative" num="p" person="3" pos="vmii3p0" postype="main" tense="imperfect" wd="iban"/>
                    </grup.verb>
                    <S clausetype="participle" coord="yes" impersonal="yes">
                      <S arg="arg2" clausetype="participle" func="cpred" impersonal="yes" predicate="suj" tem="atr">
                        <sadv arg="argM" func="cc" tem="mnr">
                          <grup.adv>
                            <r lem="mal" pos="rg" wd="mal"/>
                          </grup.adv>
                        </sadv>
                        <participi>
                          <a gen="m" lem="afeitado" lss="B22.unaccusative-passive-transitive" num="p" pos="aq0mpp" posfunction="participle" postype="qualificative" wd="afeitados"/>
                        </participi>
                      </S>
                      <f lem="," pos="fc" punct="comma" wd=","/>
                      <sp arg="argM" func="cc" tem="adv">
                        <prep>
                          <s lem="con" pos="sps00" postype="preposition" wd="con"/>
                        </prep>
                        <sn coord="yes">
                          <sn>
                            <spec gen="m" num="s">
                              <d gen="m" lem="uno" num="s" pos="di0ms0" postype="indefinite" wd="un"/>
                            </spec>
                            <grup.nom gen="m" num="s">
                              <n gen="m" lem="pitillo" num="s" pos="ncms000" postype="common" sense="16:02440722" wd="pitillo"/>
                              <sp>
                                <prep>
                                  <s lem="en" pos="sps00" postype="preposition" wd="en"/>
                                </prep>
                                <sn>
                                  <spec gen="f" num="s">
                                    <d gen="f" lem="el" num="s" pos="da0fs0" postype="article" wd="la"/>
                                  </spec>
                                  <grup.nom gen="f" num="s">
                                    <n gen="f" lem="boca" num="s" pos="ncfs000" postype="common" sense="16:04115147" wd="boca"/>
                                  </grup.nom>
                                </sn>
                              </sp>
                            </grup.nom>
                          </sn>
                          <conj conjunctiontype="coordinating">
                            <c lem="y" pos="cc" postype="coordinating" wd="y"/>
                          </conj>
                          <sn>
                            <spec gen="m" num="s">
                              <d gen="m" lem="el" num="s" pos="da0ms0" postype="article" wd="el"/>
                            </spec>
                            <grup.nom gen="m" num="s">
                              <n gen="m" lem="casco" num="s" pos="ncms000" postype="common" sense="16:02814860" wd="casco"/>
                              <S clausetype="participle" impersonal="yes">
                                <sadv arg="argM" func="cc" tem="mnr">
                                  <grup.adv>
                                    <r lem="algo" pos="rg" wd="algo"/>
                                  </grup.adv>
                                </sadv>
                                <participi>
                                  <a gen="m" lem="tirado" lss="B11.unaccusative-motion" num="s" pos="aq0msp" posfunction="participle" postype="qualificative" wd="tirado"/>
                                </participi>
                                <sp arg="argM" func="cc" tem="mnr">
                                  <prep>
                                    <s lem="hacia" pos="sps00" postype="preposition" wd="hacia"/>
                                  </prep>
                                  <sadv>
                                    <grup.adv>
                                      <r lem="atrás" pos="rg" wd="atrás"/>
                                    </grup.adv>
                                  </sadv>
                                </sp>
                              </S>
                            </grup.nom>
                          </sn>
                        </sn>
                      </sp>
                    </S>
                  </S>
                </S>
              </S>
            </grup.nom>
          </sn>
        </grup.nom>
      </sn>
    </sp>
    <f lem="." pos="fp" punct="period" wd="."/>
  </sentence>
  <sentence>
    <sn arg="arg0" elliptic="yes" func="suj" tem="agt"/>
    <grup.verb>
      <v lem="deducir" lss="A21.transitive-agentive-patient" mood="indicative" num="p" person="1" pos="vmii1p0" postype="main" tense="imperfect" wd="Deducíamos"/>
    </grup.verb>
    <S arg="arg1" clausetype="completive" func="cd" tem="pat">
      <conj conjunctiontype="subordinating">
        <c lem="que" pos="cs" postype="subordinating" wd="que"/>
      </conj>
      <sn arg="arg1" elliptic="yes" func="suj" tem="tem"/>
      <grup.verb>
        <v lem="ser" lss="C21.state-attributive" mood="indicative" num="s" person="3" pos="vsii3s0" postype="semiauxiliary" tense="imperfect" wd="era"/>
      </grup.verb>
      <sn arg="arg2" entityref="ne" func="atr" ne="other" tem="atr">
        <spec gen="f" num="s">
          <d gen="f" lem="el" num="s" pos="da0fs0" postype="article" wd="la"/>
        </spec>
        <grup.nom gen="f" num="s">
          <n gen="f" lem="bandera" num="s" pos="ncfs000" postype="common" sense="16:05150156" wd="bandera"/>
          <s.a gen="f" num="s">
            <grup.a gen="f" num="s">
              <a gen="f" lem="japonés" num="s" pos="aq0fs0" postype="qualificative" wd="japonesa"/>
            </grup.a>
          </s.a>
        </grup.nom>
      </sn>
      <S arg="argM" clausetype="adverbial" func="cc" tem="cau">
        <conj conjunctiontype="subordinating">
          <c lem="porque" pos="cs" postype="subordinating" wd="porque"/>
        </conj>
        <sn arg="arg1" func="cd" tem="pat">
          <grup.nom gen="f" num="s">
            <p case="accusative" gen="f" lem="él" num="s" person="3" pos="pp3fsa00" postype="personal" wd="la"/>
          </grup.nom>
        </sn>
        <grup.verb>
          <v lem="llevar" lss="A21.transitive-agentive-patient" mood="indicative" num="p" person="3" pos="vmii3p0" postype="main" tense="imperfect" wd="llevaban"/>
        </grup.verb>
        <sn arg="arg0" entityref="ne" func="suj" ne="other" tem="agt">
          <spec gen="m" num="p">
            <d gen="m" lem="el" num="p" pos="da0mp0" postype="article" wd="los"/>
          </spec>
          <grup.nom gen="m" num="p">
            <n gen="m" lem="japonés" num="p" pos="ncmp000" postype="common" sense="16:07026907" wd="japoneses"/>
          </grup.nom>
        </sn>
      </S>
    </S>
    <f lem="." pos="fp" punct="period" wd="."/>
  </sentence>
</article>
