<?xml version="1.0" encoding="UTF-8" standalone="no"?>
<!-- 

  ancora-2.0
       
			Copyright (C) 2007, 2008, 2009, 2010, 2011 UB - CLiC
			Centre de Llenguatge i Computació - Universitat de Barcelona
 
  This file is part of ancora-2.0.
 
  ancora-2.0 is free software and data: you can redistribute it and/or modify
  it under the terms of the GNU General Public License as published
  by the Free Software Foundation, either version 3 of the License,
  or (at your option) any later version.

  ancora-2.0 is distributed in the hope that it will be useful,
  but WITHOUT ANY WARRANTY; without even the implied warranty of
  MERCHANTABILITY or FITNESS FOR A PARTICULAR PURPOSE.  See the
  GNU General Public License for more details.
 
  You should have received a copy of the GNU General Public License
  along with ancora-2.0.  If not, see &lt;http://www.gnu.org/licenses/&gt;.
 
  Check a text in catalan explaining the terms of the license at http://www.softcatala.cat/wiki/GPL3.
  In spanish at http://www.viti.es/gnu/licenses/gpl.html
 

  The following paper must be cited when using this corpus:

 * Taulé, M., M.A. Martí, M. Recasens (2008) 'Ancora: Multilevel Annotated Corpora for Catalan and Spanish',
   Proceedings of 6th International Conference on Language Resources and Evaluation. Marrakesh (Morocco).

  In addition, the following paper must be cited if coreference information (attributes entity, coreftype,
  corefsubtype, homophoricDD or entityref) is used:

 * Recasens, Marta, M. Antònia Martí (2010) ‘AnCora-CO: Coreferentially annotated corpora for Spanish and
   Catalan’. Language Resources and Evaluation, Springer Science.

  Additionally, the following paper must be cited when argumental attributes in "sn" or "grup.nom"
  (attributes func, arg, tem or lexicalid) are used:

 * Peris, Aina, Mariona Taulé, Horacio Rodríguez (2010) ‘Semantic Annotation of Deverbal Nominalizations in the
   Spanish AnCora corpus’. Treebanks and Linguistic Theories (TLT-2010), Estonia.
-->
<article lng="es">
  <sentence>
    <sn arg="argM" func="cc" tem="tmp">
      <v lem="hacer" mood="indicative" num="s" person="3" pos="vmip3s0" postype="main" tense="present" wd="Hace"/>
      <d gen="m" lem="uno" num="s" pos="di0ms0" postype="indefinite" wd="un"/>
      <n gen="m" lem="mes" num="s" pos="ncms000" postype="common" sense="16:10919146" wd="mes"/>
    </sn>
    <grup.verb>
      <v lem="aparecer" lss="B22.unaccusative-passive-transitive" mood="indicative" num="s" person="3" pos="vmis3s0" postype="main" tense="past" wd="apareció"/>
    </grup.verb>
    <sp arg="arg2" func="cc" tem="loc">
      <prep>
        <s lem="en" pos="sps00" postype="preposition" wd="en"/>
      </prep>
      <sn complex="yes">
        <spec gen="f" num="s">
          <d gen="f" lem="el" num="s" pos="da0fs0" postype="article" wd="la"/>
        </spec>
        <grup.nom coord="yes">
          <grup.nom gen="f" num="s">
            <n gen="f" lem="prensa" num="s" pos="ncfs000" postype="common" sense="16:04736003" wd="prensa"/>
          </grup.nom>
          <f lem="," pos="fc" punct="comma" wd=","/>
          <grup.nom gen="f" num="s">
            <n gen="f" lem="radio" num="s" pos="ncfs000" postype="common" sense="16:04745080" wd="radio"/>
          </grup.nom>
          <conj conjunctiontype="coordinating">
            <c lem="y" pos="cc" postype="coordinating" wd="y"/>
          </conj>
          <grup.nom gen="f" num="s">
            <n gen="f" lem="televisión" num="s" pos="ncfs000" postype="common" sense="16:04745188" wd="televisión"/>
          </grup.nom>
        </grup.nom>
      </sn>
    </sp>
    <S arg="arg1" clausetype="completive" func="suj" tem="tem">
      <conj conjunctiontype="subordinating">
        <c lem="que" pos="cs" postype="subordinating" wd="que"/>
      </conj>
      <sn arg="arg1" func="suj" tem="tem">
        <spec gen="m" num="s">
          <d gen="m" lem="aquel" num="s" pos="dd0ms0" postype="demonstrative" wd="aquel"/>
        </spec>
        <grup.nom gen="m" num="s">
          <n gen="m" lem="hombre" num="s" pos="ncms000" postype="common" sense="16:07391044" wd="hombre"/>
          <S clausetype="relative">
            <relatiu arg="arg1" func="cd" tem="pat">
              <p gen="c" lem="que" num="c" pos="pr0cn000" postype="relative" wd="que"/>
            </relatiu>
            <sn arg="arg0" elliptic="yes" func="suj" tem="agt"/>
            <grup.verb>
              <v lem="haber" mood="indicative" num="p" person="3" pos="vaii3p0" postype="auxiliary" tense="imperfect" wd="habían"/>
              <v gen="m" lem="encontrar" lss="A21.transitive-agentive-patient" mood="participle" num="s" pos="vmp00sm" postype="main" wd="encontrado"/>
            </grup.verb>
            <sp arg="argM" func="cc" tem="loc">
              <prep>
                <s lem="en" pos="sps00" postype="preposition" wd="en"/>
              </prep>
              <sn>
                <spec gen="m" num="p">
                  <d gen="m" lem="el" num="p" pos="da0mp0" postype="article" wd="los"/>
                </spec>
                <grup.nom gen="m" num="p">
                  <n gen="m" lem="hielo" num="p" pos="ncmp000" postype="common" sense="16:10703104" wd="hielos"/>
                  <sp>
                    <prep>
                      <s lem="de" pos="sps00" postype="preposition" wd="de"/>
                    </prep>
                    <sn entityref="ne" ne="location">
                      <spec gen="m" num="p">
                        <d gen="m" lem="el" num="p" pos="da0mp0" postype="article" wd="los"/>
                      </spec>
                      <grup.nom gen="m" num="p">
                        <n lem="Alpes" ne="location" pos="np0000l" postype="proper" wd="Alpes"/>
                      </grup.nom>
                    </sn>
                  </sp>
                </grup.nom>
              </sn>
            </sp>
            <sn arg="argM" func="cc" tem="tmp">
              <v lem="hacer" mood="indicative" num="s" person="3" pos="vmip3s0" postype="main" tense="present" wd="hace"/>
              <n gen="m" lem="año" num="s" pos="ncms000" postype="common" sense="16:10917509" wd="año"/>
              <c lem="y" pos="cc" postype="coordinating" wd="y"/>
              <p gen="m" lem="medio" num="s" pos="pn0ms000" postype="numeral" wd="medio"/>
            </sn>
          </S>
        </grup.nom>
      </sn>
      <grup.verb>
        <v lem="ser" lss="C21.state-attributive" mood="indicative" num="s" person="3" pos="vsii3s0" postype="semiauxiliary" tense="imperfect" wd="era"/>
      </grup.verb>
      <sa arg="arg2" func="atr" tem="atr">
        <grup.a>
          <a gen="c" lem="homosexual" num="s" pos="aq0cs0" postype="qualificative" wd="homosexual"/>
        </grup.a>
      </sa>
    </S>
    <f lem="." pos="fp" punct="period" wd="."/>
  </sentence>
  <sentence verbless="yes">
    <S clausesubtype="concessive" clausetype="adverbial">
      <conj conjunctiontype="subordinating">
        <c lem="a_pesar_de_que" pos="cs" postype="subordinating" wd="A_pesar_de_que"/>
      </conj>
      <sn arg="argM" complex="yes" func="cc" tem="tmp">
        <f lem="," pos="fc" punct="comma" wd=","/>
        <grup.nom coord="yes">
          <grup.nom coord="yes">
            <grup.nom gen="m" num="s">
              <n gen="m" lem="año" num="s" pos="ncms000" postype="common" sense="16:10917509" wd="año"/>
            </grup.nom>
            <conj conjunctiontype="coordinating">
              <c lem="y" pos="cc" postype="coordinating" wd="y"/>
            </conj>
            <grup.nom gen="m" num="s">
              <p gen="m" lem="medio" num="s" pos="pn0ms000" postype="numeral" wd="medio"/>
            </grup.nom>
          </grup.nom>
          <sadv>
            <grup.adv>
              <r lem="atrás" pos="rg" wd="atrás"/>
            </grup.adv>
          </sadv>
        </grup.nom>
        <f lem="," pos="fc" punct="comma" wd=","/>
      </sn>
      <sp arg="argM" func="cc" tem="tmp">
        <prep>
          <s contracted="yes" gen="m" lem="al" num="s" pos="spcms" postype="preposition" wd="al"/>
        </prep>
        <S clausetype="completive" impersonal="yes">
          <infinitiu>
            <v lem="descubrir" lss="A21.transitive-agentive-patient" mood="infinitive" pos="vmn0000" postype="main" wd="descubrirlo"/>
          </infinitiu>
        </S>
        <f lem="," pos="fc" punct="comma" wd=","/>
      </sp>
      <sn arg="arg0" elliptic="yes" func="suj" tem="agt"/>
      <grup.verb>
        <v lem="haber" mood="indicative" num="p" person="3" pos="vaii3p0" postype="auxiliary" tense="imperfect" wd="habían"/>
        <sadv func="mod">
          <grup.adv>
            <r lem="incluso" pos="rg" wd="incluso"/>
          </grup.adv>
        </sadv>
        <v gen="m" lem="dudar" lss="A22.transitive-agentive-theme" mood="participle" num="s" pos="vmp00sm" postype="main" wd="dudado"/>
      </grup.verb>
      <sp arg="arg1" func="creg" tem="tem">
        <prep>
          <s lem="de" pos="sps00" postype="preposition" wd="de"/>
        </prep>
        <S clausetype="completive">
          <conj conjunctiontype="subordinating">
            <c lem="si" pos="cs" postype="subordinating" wd="si"/>
          </conj>
          <sn arg="arg1" elliptic="yes" func="suj" tem="tem"/>
          <grup.verb>
            <v lem="ser" lss="C21.state-attributive" mood="indicative" num="s" person="3" pos="vsii3s0" postype="semiauxiliary" tense="imperfect" wd="era"/>
          </grup.verb>
          <inc>
            <S>
              <sn arg="arg0" elliptic="yes" func="suj" tem="agt"/>
              <grup.verb>
                <v lem="creer" lss="A21.transitive-agentive-patient" mood="indicative" num="s" person="1" pos="vmip1s0" postype="main" tense="present" wd="creo"/>
              </grup.verb>
              <S clausetype="completive" func="et">
                <conj conjunctiontype="subordinating">
                  <c lem="que" pos="cs" postype="subordinating" wd="que"/>
                </conj>
              </S>
            </S>
          </inc>
          <sn arg="arg2" func="atr" tem="atr">
            <grup.nom gen="m" num="s">
              <n gen="m" lem="abuelo" num="s" pos="ncms000" postype="common" sense="16:07299261" wd="abuelo"/>
              <sp>
                <prep>
                  <s lem="de" pos="sps00" postype="preposition" wd="de"/>
                </prep>
                <S clausetype="completive">
                  <sn arg="arg0" elliptic="yes" func="suj" tem="agt"/>
                  <neg func="mod">
                    <r lem="no" pos="rn" postype="negative" wd="no"/>
                  </neg>
                  <grup.verb>
                    <v lem="saber" lss="A22.transitive-agentive-theme" mood="indicative" num="s" person="1" pos="vmip1s0" postype="main" tense="present" wd="sé"/>
                  </grup.verb>
                  <sn arg="arg1" func="cd" tem="pat">
                    <spec gen="f" num="s">
                      <d gen="c" lem="qué" num="c" pos="dt0cn0" postype="interrogative" wd="qué"/>
                    </spec>
                    <grup.nom gen="f" num="s">
                      <n gen="f" lem="señora" num="s" pos="ncfs000" postype="common" sense="16:07685837" wd="señora"/>
                      <S clausetype="relative">
                        <relatiu arg="arg0" func="suj" tem="agt">
                          <p gen="c" lem="que" num="c" pos="pr0cn000" postype="relative" wd="que"/>
                        </relatiu>
                        <grup.verb>
                          <v lem="decir" lss="A32.ditransitive-patient-benefactive" mood="indicative" num="s" person="3" pos="vmii3s0" postype="main" tense="imperfect" wd="decía"/>
                        </grup.verb>
                        <S arg="arg1" clausetype="completive" func="cd" tem="pat">
                          <conj conjunctiontype="subordinating">
                            <c lem="que" pos="cs" postype="subordinating" wd="que"/>
                          </conj>
                          <sn arg="arg0" elliptic="yes" func="suj" tem="agt"/>
                          <sn arg="arg1" func="cd" tem="pat">
                            <grup.nom gen="m" num="s">
                              <p case="accusative" gen="m" lem="él" num="s" person="3" pos="pp3msa00" postype="personal" wd="lo"/>
                            </grup.nom>
                          </sn>
                          <grup.verb>
                            <v lem="haber" mood="indicative" num="s" person="3" pos="vaii3s0" postype="auxiliary" tense="imperfect" wd="había"/>
                            <v gen="m" lem="perder" lss="A21.transitive-agentive-patient" mood="participle" num="s" pos="vmp00sm" postype="main" wd="perdido"/>
                          </grup.verb>
                          <sp arg="argM" func="cc" tem="loc">
                            <prep>
                              <s lem="por" pos="sps00" postype="preposition" wd="por"/>
                            </prep>
                            <sadv>
                              <grup.adv>
                                <r lem="ahí" pos="rg" wd="ahí"/>
                              </grup.adv>
                            </sadv>
                          </sp>
                        </S>
                      </S>
                    </grup.nom>
                  </sn>
                </S>
              </sp>
            </grup.nom>
          </sn>
        </S>
      </sp>
    </S>
    <f lem="." pos="fp" punct="period" wd="."/>
  </sentence>
  <sentence>
    <sadv arg="argM" func="cc" tem="tmp">
      <grup.adv>
        <r lem="después" pos="rg" wd="Después"/>
      </grup.adv>
    </sadv>
    <sn arg="arg0" elliptic="yes" func="suj" tem="agt"/>
    <grup.verb>
      <v lem="decir" lss="A32.ditransitive-patient-benefactive" mood="indicative" num="p" person="3" pos="vmis3p0" postype="main" tense="past" wd="dijeron"/>
    </grup.verb>
    <S arg="arg1" clausetype="completive" coord="yes" func="cd" tem="pat">
      <S clausetype="completive" verbless="yes">
        <conj conjunctiontype="subordinating">
          <c lem="que" pos="cs" postype="subordinating" wd="que"/>
        </conj>
        <neg>
          <r lem="no" pos="rn" postype="negative" wd="no"/>
        </neg>
      </S>
      <f lem="," pos="fc" punct="comma" wd=","/>
      <S clausetype="completive" coord="yes">
        <conj conjunctiontype="subordinating">
          <c lem="que" pos="cs" postype="subordinating" wd="que"/>
        </conj>
        <conj conjunctiontype="coordinating">
          <r lem="no_sólo" pos="rg" wd="no_sólo"/>
        </conj>
        <S clausetype="completive">
          <sn arg="arg1" elliptic="yes" func="suj" tem="tem"/>
          <neg func="mod">
            <r lem="no" pos="rn" postype="negative" wd="no"/>
          </neg>
          <grup.verb>
            <v lem="ser" lss="C21.state-attributive" mood="indicative" num="s" person="3" pos="vsii3s0" postype="semiauxiliary" tense="imperfect" wd="era"/>
          </grup.verb>
          <sa arg="arg2" func="atr" tem="atr">
            <grup.a>
              <a gen="c" lem="pariente" num="s" pos="aq0cs0" postype="qualificative" wd="pariente"/>
              <sp>
                <prep>
                  <s lem="de" pos="sps00" postype="preposition" wd="de"/>
                </prep>
                <sn>
                  <spec gen="f" num="s">
                    <d gen="f" lem="el" num="s" pos="da0fs0" postype="article" wd="la"/>
                    <d gen="c" lem="tal" num="s" pos="dd0cs0" postype="demonstrative" wd="tal"/>
                  </spec>
                  <grup.nom gen="f" num="s">
                    <n gen="f" lem="señora" num="s" pos="ncfs000" postype="common" sense="16:07685837" wd="señora"/>
                  </grup.nom>
                </sn>
              </sp>
            </grup.a>
          </sa>
        </S>
        <conj conjunctiontype="coordinating">
          <c lem="sino_que" pos="cc" postype="coordinating" wd="sino_que"/>
        </conj>
        <S clausetype="completive">
          <sn arg="arg0" elliptic="yes" func="suj" tem="exp"/>
          <grup.verb>
            <v lem="haber" mood="indicative" num="s" person="3" pos="vaii3s0" postype="auxiliary" tense="imperfect" wd="había"/>
            <v gen="m" lem="vivir" lss="D21.inergative-experiencer" mood="participle" num="s" pos="vmp00sm" postype="main" wd="vivido"/>
          </grup.verb>
          <sn arg="argM" entityref="ne" func="cc" ne="number" tem="tmp">
            <spec gen="m" num="p">
              <z lem="5000" ne="number" wd="5.000"/>
            </spec>
            <grup.nom gen="m" num="p">
              <n gen="m" lem="año" num="p" pos="ncmp000" postype="common" sense="16:10917509" wd="años"/>
              <sadv>
                <grup.adv>
                  <r lem="atrás" pos="rg" wd="atrás"/>
                </grup.adv>
              </sadv>
            </grup.nom>
          </sn>
        </S>
      </S>
    </S>
    <f lem="." pos="fp" punct="period" wd="."/>
  </sentence>
  <sentence>
    <sn arg="arg1" func="suj" tem="tem">
      <spec gen="f" num="s">
        <d gen="f" lem="el" num="s" pos="da0fs0" postype="article" wd="La"/>
      </spec>
      <grup.nom gen="f" num="s">
        <n gen="f" lem="momia" num="s" pos="ncfs000" postype="common" sense="16:04056757" wd="momia"/>
      </grup.nom>
    </sn>
    <grup.verb>
      <v lem="acabar" lss="C21.state-attributive" mood="indicative" num="s" person="3" pos="vmis3s0" postype="main" tense="past" wd="acabó"/>
    </grup.verb>
    <sp arg="argM" func="cc" tem="loc">
      <prep>
        <s lem="en" pos="sps00" postype="preposition" wd="en"/>
      </prep>
      <sn>
        <spec gen="m" num="s">
          <d gen="m" lem="uno" num="s" pos="di0ms0" postype="indefinite" wd="un"/>
        </spec>
        <grup.nom gen="m" num="s">
          <n gen="m" lem="frigorífico" num="s" pos="ncms000" postype="common" sense="16:03225469" wd="frigorífico"/>
          <sp>
            <prep>
              <s lem="de" pos="sps00" postype="preposition" wd="de"/>
            </prep>
            <sn entityref="ne" ne="organization">
              <spec gen="f" num="s">
                <d gen="f" lem="el" num="s" pos="da0fs0" postype="article" wd="la"/>
              </spec>
              <grup.nom gen="f" num="s">
                <n lem="Universidad_de_Innsbruck" ne="organization" pos="np0000o" postype="proper" sense="16:cs1" wd="Universidad_de_Innsbruck"/>
              </grup.nom>
            </sn>
          </sp>
        </grup.nom>
      </sn>
    </sp>
    <f lem="." pos="fp" punct="period" wd="."/>
  </sentence>
  <sentence>
    <sp arg="argM" func="cc" tem="tmp">
      <prep>
        <s lem="durante" pos="sps00" postype="preposition" wd="Durante"/>
      </prep>
      <sn>
        <grup.nom gen="m" num="p">
          <n gen="m" lem="mes" num="p" pos="ncmp000" postype="common" sense="16:10919146" wd="meses"/>
        </grup.nom>
      </sn>
      <f lem="," pos="fc" punct="comma" wd=","/>
    </sp>
    <sadv func="mod">
      <grup.adv>
        <r lem="ni" pos="rg" wd="ni"/>
      </grup.adv>
    </sadv>
    <morfema.verbal func="impers">
      <p gen="c" lem="se" num="c" pos="p0000000" wd="se"/>
    </morfema.verbal>
    <grup.verb>
      <v lem="hablar" lss="A22.transitive-agentive-theme" mood="indicative" num="s" person="3" pos="vmis3s0" postype="main" tense="past" wd="habló"/>
    </grup.verb>
    <sp arg="arg1" func="creg" tem="tem">
      <prep>
        <s lem="de" pos="sps00" postype="preposition" wd="de"/>
      </prep>
      <sn>
        <grup.nom gen="f" num="s">
          <p gen="f" lem="él" num="s" person="3" pos="pp3fs000" postype="personal" wd="ella"/>
        </grup.nom>
      </sn>
    </sp>
    <f lem="." pos="fp" punct="period" wd="."/>
  </sentence>
  <sentence>
    <sn arg="arg1" func="suj" tem="tem">
      <spec gen="f" num="s">
        <d gen="f" lem="el" num="s" pos="da0fs0" postype="article" wd="La"/>
      </spec>
      <grup.nom gen="f" num="s">
        <n gen="f" lem="noticia" num="s" pos="ncfs000" postype="common" sense="16:04867981" wd="noticia"/>
      </grup.nom>
    </sn>
    <grup.verb>
      <v lem="haber" mood="indicative" num="s" person="3" pos="vaii3s0" postype="auxiliary" tense="imperfect" wd="había"/>
      <v gen="m" lem="caducar" lss="B11.unaccusative-motion" mood="participle" num="s" pos="vmp00sm" postype="main" wd="caducado"/>
    </grup.verb>
    <f lem="." pos="fp" punct="period" wd="."/>
  </sentence>
  <sentence verbless="yes">
    <conj conjunctiontype="coordinating">
      <c lem="y" pos="cc" postype="coordinating" wd="Y"/>
    </conj>
    <sadv>
      <grup.adv>
        <r lem="de_golpe" pos="rg" wd="de_golpe"/>
      </grup.adv>
    </sadv>
    <sn>
      <f lem="," pos="fc" punct="comma" wd=","/>
      <v lem="hacer" mood="indicative" num="s" person="3" pos="vmip3s0" postype="main" tense="present" wd="hace"/>
      <d gen="m" lem="uno" num="s" pos="di0ms0" postype="indefinite" wd="un"/>
      <n gen="m" lem="mes" num="s" pos="ncms000" postype="common" sense="16:10919146" wd="mes"/>
      <f lem="," pos="fc" punct="comma" wd=","/>
    </sn>
    <sn>
      <spec gen="m" num="s">
        <d gen="m" lem="el" num="s" pos="da0ms0" postype="article" wd="el"/>
      </spec>
      <grup.nom gen="m" num="s">
        <n gen="m" lem="bombazo" num="s" pos="ncms000" postype="common" sense="16:05514228" wd="bombazo"/>
        <S>
          <f lem=":" pos="fd" punct="colon" wd=":"/>
          <grup.verb>
            <v lem="haber" lss="C11.state-existential" mood="indicative" num="s" person="3" pos="vaii3s0" postype="auxiliary" tense="imperfect" wd="había"/>
          </grup.verb>
          <sn arg="arg1" func="cd" functype="quantitative" tem="tem">
            <grup.nom gen="f" num="s">
              <n gen="c" lem="homosexual" num="s" pos="nccs000" postype="common" sense="16:07324791" wd="homosexual"/>
            </grup.nom>
          </sn>
        </S>
      </grup.nom>
    </sn>
    <f lem="." pos="fp" punct="period" wd="."/>
  </sentence>
  <sentence>
    <f lem="-" pos="fg" punct="hyphen" wd="-"/>
    <sadv arg="argM" func="cc" tem="mnr">
      <grup.adv>
        <p gen="c" lem="cómo" num="c" pos="pt000000" postype="interrogative" wd="Cómo"/>
      </grup.adv>
    </sadv>
    <sn arg="arg1" func="cd" tem="pat">
      <grup.nom gen="m" num="s">
        <p case="accusative" gen="m" lem="él" num="s" person="3" pos="pp3msa00" postype="personal" wd="lo"/>
      </grup.nom>
    </sn>
    <grup.verb>
      <v lem="saber" lss="A22.transitive-agentive-theme" mood="indicative" num="p" person="3" pos="vmip3p0" postype="main" tense="present" wd="saben"/>
    </grup.verb>
    <sn arg="arg0" elliptic="yes" func="suj" tem="agt"/>
    <f lem="?" pos="fit" punct="questionmark" punctenclose="close" wd="?"/>
  </sentence>
  <sentence verbless="yes">
    <sp>
      <prep>
        <s lem="por" pos="sps00" postype="preposition" wd="Por"/>
      </prep>
      <sn>
        <spec gen="m" num="p">
          <d gen="m" lem="el" num="p" pos="da0mp0" postype="article" wd="los"/>
        </spec>
        <grup.nom gen="m" num="p">
          <n gen="m" lem="resto" num="p" pos="ncmp000" postype="common" sense="16:09947291" wd="restos"/>
          <sp>
            <prep>
              <s lem="de" pos="sps00" postype="preposition" wd="de"/>
            </prep>
            <sn>
              <grup.nom gen="m" num="s">
                <n gen="m" lem="esperma" num="s" pos="ncms000" postype="common" sense="16:04233304" wd="esperma"/>
              </grup.nom>
            </sn>
          </sp>
          <S clausetype="participle" impersonal="yes">
            <participi>
              <a gen="m" lem="encontrado" lss="B22.unaccusative-passive-transitive" num="p" pos="aq0mpp" posfunction="participle" postype="qualificative" wd="encontrados"/>
            </participi>
            <sp arg="argM" func="cc" tem="loc">
              <prep>
                <s lem="en" pos="sps00" postype="preposition" wd="en"/>
              </prep>
              <sn>
                <spec gen="f" num="s">
                  <d gen="f" lem="el" num="s" pos="da0fs0" postype="article" wd="la"/>
                </spec>
                <grup.nom gen="f" num="s">
                  <n gen="f" lem="cavidad" num="s" pos="ncfs000" postype="common" sense="16:06736924" wd="cavidad"/>
                  <s.a gen="f" num="s">
                    <grup.a gen="f" num="s">
                      <a gen="c" lem="anal" num="s" pos="aq0cs0" postype="qualificative" wd="anal"/>
                    </grup.a>
                  </s.a>
                </grup.nom>
              </sn>
            </sp>
          </S>
        </grup.nom>
      </sn>
    </sp>
    <f lem="." pos="fp" punct="period" wd="."/>
  </sentence>
  <sentence>
    <S>
      <sn arg="arg1" func="suj" tem="tem">
        <spec gen="f" num="s">
          <d gen="f" lem="el" num="s" pos="da0fs0" postype="article" wd="La"/>
        </spec>
        <grup.nom gen="f" num="s">
          <n gen="f" lem="noticia" num="s" pos="ncfs000" postype="common" sense="16:04867981" wd="noticia"/>
        </grup.nom>
      </sn>
      <grup.verb>
        <v lem="aparecer" lss="B22.unaccusative-passive-transitive" mood="indicative" num="s" person="3" pos="vmip3s0" postype="main" tense="present" wd="aparece"/>
      </grup.verb>
      <sp arg="arg2" func="cc" tem="loc">
        <prep>
          <s lem="en" pos="sps00" postype="preposition" wd="en"/>
        </prep>
        <sn>
          <spec gen="f" num="p">
            <d gen="f" lem="todo" num="p" pos="di0fp0" postype="indefinite" wd="todas"/>
          </spec>
          <grup.nom gen="f" num="p">
            <n gen="f" lem="parte" num="p" pos="ncfp000" postype="common" sense="16:06358701" wd="partes"/>
          </grup.nom>
        </sn>
      </sp>
    </S>
    <sp coord="yes">
      <f lem=":" pos="fd" punct="colon" wd=":"/>
      <sp>
        <prep>
          <s lem="en" pos="sps00" postype="preposition" wd="en"/>
        </prep>
        <sn>
          <grup.nom gen="m" num="p">
            <n gen="m" lem="noticiario" num="p" pos="ncmp000" postype="common" sense="16:04965182" wd="noticiarios"/>
            <s.a gen="m" num="p">
              <grup.a gen="m" num="p">
                <a gen="m" lem="televisivo" num="p" pos="aq0mp0" postype="qualificative" wd="televisivos"/>
              </grup.a>
            </s.a>
          </grup.nom>
        </sn>
      </sp>
      <f lem="," pos="fc" punct="comma" wd=","/>
      <sp>
        <prep>
          <s lem="en" pos="sps00" postype="preposition" wd="en"/>
        </prep>
        <sn>
          <grup.nom gen="m" num="p">
            <n gen="m" lem="diario" num="p" pos="ncmp000" postype="common" sense="16:04738466" wd="diarios"/>
          </grup.nom>
        </sn>
      </sp>
      <f lem="," pos="fc" punct="comma" wd=","/>
      <sp>
        <prep>
          <s lem="en" pos="sps00" postype="preposition" wd="en"/>
        </prep>
        <sn>
          <grup.nom gen="f" num="p">
            <n gen="f" lem="revista" num="p" pos="ncfp000" postype="common" sense="16:04947827" wd="revistas"/>
            <s.a complex="yes" gen="f" num="p">
              <grup.a coord="yes" gen="f" num="p">
                <grup.a gen="f" num="p">
                  <a gen="c" lem="gay" num="p" pos="aq0cp0" postype="qualificative" wd="gays"/>
                </grup.a>
                <conj conjunctiontype="coordinating">
                  <c lem="y" pos="cc" postype="coordinating" wd="y"/>
                </conj>
                <grup.a gen="f" num="p">
                  <a gen="f" lem="científico" num="p" pos="aq0fp0" postype="qualificative" wd="científicas"/>
                </grup.a>
              </grup.a>
            </s.a>
          </grup.nom>
        </sn>
      </sp>
    </sp>
    <f lem="." pos="fp" punct="period" wd="."/>
  </sentence>
  <sentence>
    <conj conjunctiontype="coordinating" func="et">
      <c lem="y" pos="cc" postype="coordinating" wd="Y"/>
    </conj>
    <sp arg="argM" func="cc" tem="tmp">
      <prep>
        <s lem="a" pos="sps00" postype="preposition" wd="a"/>
      </prep>
      <sn>
        <spec gen="m" num="p">
          <d gen="m" lem="el" num="p" pos="da0mp0" postype="article" wd="los"/>
          <d gen="c" lem="dos" num="p" pos="dn0cp0" postype="numeral" wd="dos"/>
        </spec>
        <grup.nom gen="m" num="p">
          <n gen="m" lem="día" num="p" pos="ncmp000" postype="common" sense="16:10878116" wd="días"/>
        </grup.nom>
      </sn>
    </sp>
    <sn arg="arg0" elliptic="yes" func="suj" tem="agt"/>
    <sn arg="arg1" func="cd" tem="pat">
      <grup.nom gen="f" num="s">
        <p case="accusative" gen="f" lem="él" num="s" person="3" pos="pp3fsa00" postype="personal" wd="la"/>
      </grup.nom>
    </sn>
    <grup.verb>
      <v lem="desmentir" lss="A21.transitive-agentive-patient" mood="indicative" num="p" person="3" pos="vmip3p0" postype="main" tense="present" wd="desmienten"/>
    </grup.verb>
    <f lem="." pos="fp" punct="period" wd="."/>
  </sentence>
  <sentence>
    <sn arg="arg0" func="suj" tem="agt">
      <spec gen="f" num="s">
        <d gen="f" lem="uno" num="s" pos="di0fs0" postype="indefinite" wd="Una"/>
      </spec>
      <grup.nom gen="f" num="s">
        <n gen="f" lem="científica" num="s" pos="ncfs000" postype="common" sense="16:cs1" wd="científica"/>
      </grup.nom>
    </sn>
    <grup.verb>
      <v lem="decir" lss="A32.ditransitive-patient-benefactive" mood="indicative" num="s" person="3" pos="vmip3s0" postype="main" tense="present" wd="dice"/>
    </grup.verb>
    <S arg="arg1" clausetype="completive" func="cd" tem="pat">
      <conj conjunctiontype="subordinating">
        <c lem="que" pos="cs" postype="subordinating" wd="que"/>
      </conj>
      <grup.verb>
        <v lem="ser" lss="C21.state-attributive" mood="indicative" num="s" person="3" pos="vsip3s0" postype="semiauxiliary" tense="present" wd="es"/>
      </grup.verb>
      <sa arg="arg2" func="atr" tem="atr">
        <grup.a>
          <a gen="c" lem="imposible" num="s" pos="aq0cs0" postype="qualificative" wd="imposible"/>
        </grup.a>
      </sa>
      <S arg="arg1" clausetype="completive" func="suj" tem="tem">
        <conj conjunctiontype="subordinating">
          <c lem="que" pos="cs" postype="subordinating" wd="que"/>
        </conj>
        <sn arg="arg1" func="suj" tem="pat">
          <spec gen="m" num="s">
            <d gen="m" lem="el" num="s" pos="da0ms0" postype="article" wd="el"/>
          </spec>
          <grup.nom gen="m" num="s">
            <n gen="m" lem="esperma" num="s" pos="ncms000" postype="common" sense="16:04233304" wd="esperma"/>
          </grup.nom>
        </sn>
        <morfema.verbal func="pass">
          <p gen="c" lem="se" num="c" pos="p0000000" wd="se"/>
        </morfema.verbal>
        <grup.verb>
          <v lem="haber" mood="subjunctive" num="s" person="3" pos="vasp3s0" postype="auxiliary" tense="present" wd="haya"/>
          <v gen="m" lem="conservar" lss="B22.unaccusative-passive-transitive" mood="participle" num="s" pos="vmp00sm" postype="main" wd="conservado"/>
        </grup.verb>
        <sn arg="argM" entityref="ne" func="cc" ne="number" tem="tmp">
          <spec gen="m" num="p">
            <d gen="c" lem="cinco" num="p" pos="dn0cp0" postype="numeral" wd="cinco"/>
          </spec>
          <grup.nom gen="m" num="p">
            <n gen="m" lem="milenio" num="p" pos="ncmp000" postype="common" sense="16:10866466" wd="milenios"/>
          </grup.nom>
        </sn>
      </S>
    </S>
    <f lem="." pos="fp" punct="period" wd="."/>
  </sentence>
  <sentence>
    <S>
      <sn arg="arg0" func="suj" tem="agt">
        <spec gen="m" num="p">
          <d gen="m" lem="el" num="p" pos="da0mp0" postype="article" wd="Los"/>
        </spec>
        <grup.nom gen="m" num="p">
          <n gen="m" lem="andrólogo" num="p" pos="ncmp000" postype="common" sense="16:cs1" wd="andrólogos"/>
        </grup.nom>
      </sn>
      <grup.verb>
        <v lem="chasquear" lss="A21.transitive-agentive-patient" mood="indicative" num="p" person="3" pos="vmip3p0" postype="main" tense="present" wd="chasquean"/>
      </grup.verb>
      <sn arg="arg1" func="cd" tem="pat">
        <spec gen="f" num="s">
          <d gen="f" lem="el" num="s" pos="da0fs0" postype="article" wd="la"/>
        </spec>
        <grup.nom gen="f" num="s">
          <n gen="f" lem="lengua" num="s" pos="ncfs000" postype="common" sense="16:04114572" wd="lengua"/>
        </grup.nom>
      </sn>
    </S>
    <S adjunct="yes">
      <f lem=":" pos="fd" punct="colon" wd=":"/>
      <sn arg="arg1" func="suj" tem="tem">
        <spec gen="f" num="s">
          <d gen="f" lem="el" num="s" pos="da0fs0" postype="article" wd="la"/>
        </spec>
        <grup.nom gen="f" num="s">
          <n gen="f" lem="noticia" num="s" pos="ncfs000" postype="common" sense="16:04867981" wd="noticia"/>
        </grup.nom>
      </sn>
      <neg func="mod">
        <r lem="no" pos="rn" postype="negative" wd="no"/>
      </neg>
      <morfema.verbal func="pass">
        <p gen="c" lem="se" num="c" pos="p0000000" wd="se"/>
      </morfema.verbal>
      <grup.verb>
        <v lem="aguantar" lss="C11.state-existential" mood="indicative" num="s" person="3" pos="vmip3s0" postype="main" tense="present" wd="aguanta"/>
      </grup.verb>
      <sp arg="argM" func="cc" tem="adv">
        <prep>
          <s lem="por" pos="sps00" postype="preposition" wd="por"/>
        </prep>
        <sn>
          <spec gen="m" num="s">
            <d gen="m" lem="ninguno" num="s" pos="di0ms0" postype="indefinite" wd="ningún"/>
          </spec>
          <grup.nom gen="m" num="s">
            <n gen="m" lem="lado" num="s" pos="ncms000" postype="common" sense="16:04505974" wd="lado"/>
          </grup.nom>
        </sn>
      </sp>
    </S>
    <f lem="." pos="fp" punct="period" wd="."/>
  </sentence>
  <sentence>
    <sn arg="arg0" func="suj" tem="agt">
      <spec gen="m" num="s">
        <d gen="m" lem="el" num="s" pos="da0ms0" postype="article" wd="El"/>
      </spec>
      <grup.nom gen="m" num="s">
        <n gen="m" lem="desmentido" lexicalid="noun.desmentido.1.default" num="s" origin="deverbal" pos="ncms000" postype="common" sense="16:cs1" wd="desmentido"/>
      </grup.nom>
    </sn>
    <sadv arg="argM" func="cc" tem="adv">
      <f lem="," pos="fc" punct="comma" wd=","/>
      <grup.adv>
        <r lem="curiosamente" pos="rg" wd="curiosamente"/>
      </grup.adv>
      <f lem="," pos="fc" punct="comma" wd=","/>
    </sadv>
    <neg func="mod">
      <r lem="no" pos="rn" postype="negative" wd="no"/>
    </neg>
    <grup.verb>
      <v lem="ocupar" lss="A21.transitive-agentive-patient" mood="indicative" num="s" person="3" pos="vmip3s0" postype="main" tense="present" wd="ocupa"/>
    </grup.verb>
    <sn arg="arg1" func="cd" tem="pat">
      <spec gen="m" num="s">
        <d gen="m" lem="el" num="s" pos="da0ms0" postype="article" wd="el"/>
        <d gen="m" lem="mismo" num="s" pos="di0ms0" postype="indefinite" wd="mismo"/>
      </spec>
      <grup.nom gen="m" num="s">
        <n gen="m" lem="espacio" num="s" pos="ncms000" postype="common" sense="16:06373003" wd="espacio"/>
        <s.a gen="m" num="s">
          <grup.a gen="m" num="s">
            <a gen="m" lem="informativo" num="s" pos="aq0ms0" postype="qualificative" wd="informativo"/>
          </grup.a>
        </s.a>
        <S clausetype="relative">
          <relatiu arg="arg1" func="cd" tem="pat">
            <p gen="c" lem="que" num="c" pos="pr0cn000" postype="relative" wd="que"/>
          </relatiu>
          <grup.verb>
            <v lem="ocupar" lss="A21.transitive-agentive-patient" mood="indicative" num="s" person="3" pos="vmis3s0" postype="main" tense="past" wd="ocupó"/>
          </grup.verb>
          <sn arg="arg0" func="suj" tem="agt">
            <spec gen="f" num="s">
              <d gen="f" lem="el" num="s" pos="da0fs0" postype="article" wd="la"/>
            </spec>
            <grup.nom gen="f" num="s">
              <n gen="f" lem="noticia" num="s" pos="ncfs000" postype="common" sense="16:04867981" wd="noticia"/>
            </grup.nom>
          </sn>
          <sn arg="argM" func="cc" tem="tmp">
            <f lem="," pos="fc" punct="comma" wd=","/>
            <spec gen="m" num="p">
              <d gen="c" lem="dos" num="p" pos="dn0cp0" postype="numeral" wd="dos"/>
            </spec>
            <grup.nom gen="m" num="p">
              <n gen="m" lem="día" num="p" pos="ncmp000" postype="common" sense="16:10878116" wd="días"/>
              <sadv>
                <grup.adv>
                  <r lem="antes" pos="rg" wd="antes"/>
                </grup.adv>
              </sadv>
            </grup.nom>
          </sn>
        </S>
      </grup.nom>
    </sn>
    <f lem="." pos="fp" punct="period" wd="."/>
  </sentence>
  <sentence>
    <sp arg="argM" func="cc" tem="adv">
      <prep>
        <s lem="a" pos="sps00" postype="preposition" wd="A"/>
      </prep>
      <S clausetype="completive" impersonal="yes">
        <infinitiu>
          <v lem="decir" lss="A32.ditransitive-patient-benefactive" mood="infinitive" pos="vmn0000" postype="main" wd="decir"/>
        </infinitiu>
        <sn arg="arg1" func="cd" tem="pat">
          <grup.nom gen="f" num="s">
            <n gen="f" lem="verdad" num="s" pos="ncfs000" postype="common" sense="16:03813670" wd="verdad"/>
          </grup.nom>
        </sn>
      </S>
      <f lem="," pos="fc" punct="comma" wd=","/>
    </sp>
    <sn arg="arg0" elliptic="yes" func="suj" tem="agt"/>
    <sadv arg="argM" func="cc" tem="adv">
      <grup.adv>
        <r lem="apenas" pos="rg" wd="apenas"/>
      </grup.adv>
    </sadv>
    <grup.verb>
      <v lem="ocupar" lss="A21.transitive-agentive-patient" mood="indicative" num="s" person="3" pos="vmip3s0" postype="main" tense="present" wd="ocupa"/>
    </grup.verb>
    <sn arg="arg1" func="cd" tem="pat">
      <grup.nom gen="m" num="s">
        <n gen="m" lem="espacio" num="s" pos="ncms000" postype="common" sense="16:10024194" wd="espacio"/>
      </grup.nom>
      <spec gen="m" num="s">
        <d gen="m" lem="alguno" num="s" pos="di0ms0" postype="indefinite" wd="alguno"/>
      </spec>
    </sn>
    <f lem="." pos="fp" punct="period" wd="."/>
  </sentence>
  <sentence>
    <conj conjunctiontype="coordinating" func="et">
      <c lem="y" pos="cc" postype="coordinating" wd="Y"/>
    </conj>
    <sp arg="arg2" func="cc" tem="loc">
      <prep>
        <s lem="en" pos="sps00" postype="preposition" wd="en"/>
      </prep>
      <sn>
        <spec gen="f" num="s">
          <d gen="f" lem="el" num="s" pos="da0fs0" postype="article" wd="la"/>
        </spec>
        <grup.nom gen="f" num="s">
          <s.a gen="f" num="s">
            <grup.a gen="f" num="s">
              <a gen="c" lem="mayor" num="s" pos="aq0cs0" postype="qualificative" wd="mayor"/>
            </grup.a>
          </s.a>
          <n gen="f" lem="parte" num="s" pos="ncfs000" postype="common" sense="16:03296757" wd="parte"/>
          <sp>
            <prep>
              <s lem="de" pos="sps00" postype="preposition" wd="de"/>
            </prep>
            <sn entityref="ne" ne="other">
              <spec gen="f" num="s">
                <d gen="f" lem="el" num="s" pos="da0fs0" postype="article" wd="la"/>
              </spec>
              <grup.nom gen="f" num="s">
                <n gen="f" lem="prensa" num="s" pos="ncfs000" postype="common" sense="16:04736003" wd="prensa"/>
                <s.a gen="f" num="s">
                  <grup.a gen="f" num="s">
                    <a gen="f" lem="español" num="s" pos="aq0fs0" postype="qualificative" wd="española"/>
                  </grup.a>
                </s.a>
              </grup.nom>
            </sn>
          </sp>
        </grup.nom>
      </sn>
      <f lem="," pos="fc" punct="comma" wd=","/>
    </sp>
    <sn arg="arg1" elliptic="yes" func="suj" tem="tem"/>
    <sadv arg="argM" func="cc" tem="adv">
      <grup.adv>
        <r lem="ni" pos="rg" wd="ni"/>
      </grup.adv>
    </sadv>
    <grup.verb>
      <v lem="aparecer" lss="B22.unaccusative-passive-transitive" mood="indicative" num="s" person="3" pos="vmip3s0" postype="main" tense="present" wd="aparece"/>
    </grup.verb>
    <f lem="." pos="fp" punct="period" wd="."/>
  </sentence>
  <sentence verbless="yes">
    <f lem="-" pos="fg" punct="hyphen" wd="-"/>
    <sp>
      <prep>
        <s lem="por" pos="sps00" postype="preposition" wd="Por"/>
      </prep>
      <sn>
        <grup.nom num="s">
          <p gen="c" lem="qué" num="s" pos="pt0cs000" postype="interrogative" wd="qué"/>
        </grup.nom>
      </sn>
    </sp>
    <f lem="?" pos="fit" punct="questionmark" punctenclose="close" wd="?"/>
  </sentence>
</article>
