<?xml version="1.0" encoding="UTF-8"?>
<!-- 

  ancora-2.0
       
			Copyright (C) 2007, 2008, 2009, 2010, 2011 UB - CLiC
			Centre de Llenguatge i Computació - Universitat de Barcelona
 
  This file is part of ancora-2.0.
 
  ancora-2.0 is free software and data: you can redistribute it and/or modify
  it under the terms of the GNU General Public License as published
  by the Free Software Foundation, either version 3 of the License,
  or (at your option) any later version.

  ancora-2.0 is distributed in the hope that it will be useful,
  but WITHOUT ANY WARRANTY; without even the implied warranty of
  MERCHANTABILITY or FITNESS FOR A PARTICULAR PURPOSE.  See the
  GNU General Public License for more details.
 
  You should have received a copy of the GNU General Public License
  along with ancora-2.0.  If not, see &lt;http://www.gnu.org/licenses/&gt;.
 
  Check a text in catalan explaining the terms of the license at http://www.softcatala.cat/wiki/GPL3.
  In spanish at http://www.viti.es/gnu/licenses/gpl.html
 

  The following paper must be cited when using this corpus:

 * Taulé, M., M.A. Martí, M. Recasens (2008) 'Ancora: Multilevel Annotated Corpora for Catalan and Spanish',
   Proceedings of 6th International Conference on Language Resources and Evaluation. Marrakesh (Morocco).

  In addition, the following paper must be cited if coreference information (attributes entity, coreftype,
  corefsubtype, homophoricDD or entityref) is used:

 * Recasens, Marta, M. Antònia Martí (2010) ‘AnCora-CO: Coreferentially annotated corpora for Spanish and
   Catalan’. Language Resources and Evaluation, Springer Science.

  Additionally, the following paper must be cited when argumental attributes in "sn" or "grup.nom"
  (attributes func, arg, tem or lexicalid) are used:

 * Peris, Aina, Mariona Taulé, Horacio Rodríguez (2010) ‘Semantic Annotation of Deverbal Nominalizations in the
   Spanish AnCora corpus’. Treebanks and Linguistic Theories (TLT-2010), Estonia.
-->
<article lng="es">
  <sentence>
    <sn arg="arg0" elliptic="yes" func="suj" tem="agt"/>
    <grup.verb>
      <v lem="creer" lss="A21.transitive-agentive-patient" mood="indicative" num="s" person="1" pos="vmip1s0" postype="main" tense="present" wd="Creo"/>
    </grup.verb>
    <S arg="arg1" clausetype="completive" func="cd" tem="pat">
      <conj conjunctiontype="subordinating">
        <c lem="que" pos="cs" postype="subordinating" wd="que"/>
      </conj>
      <sn arg="arg1" func="suj" tem="tem">
        <spec gen="m" num="s">
          <d gen="m" lem="el" num="s" pos="da0ms0" postype="article" wd="el"/>
        </spec>
        <grup.nom gen="m" num="s">
          <n gen="m" lem="título" num="s" pos="ncms000" postype="common" sense="16:04782793" wd="título"/>
          <S clausetype="participle" impersonal="yes">
            <sadv arg="argM" func="cc" tem="adv">
              <grup.adv>
                <r lem="más" pos="rg" wd="más"/>
              </grup.adv>
            </sadv>
            <participi>
              <a gen="m" lem="apropiado" lss="B22.unaccusative-passive-transitive" num="s" pos="aq0msp" posfunction="participle" postype="qualificative" wd="apropiado"/>
            </participi>
            <sp arg="argM" func="cc" tem="fin">
              <prep>
                <s lem="para" pos="sps00" postype="preposition" wd="para"/>
              </prep>
              <sn>
                <spec gen="f" num="s">
                  <d gen="f" lem="uno" num="s" pos="di0fs0" postype="indefinite" wd="una"/>
                </spec>
                <grup.nom gen="f" num="s">
                  <n gen="f" lem="colección" lexicalid="noun.colección.1.default" num="s" origin="deverbal" pos="ncfs000" postype="common" sense="16:00654309" wd="colección"/>
                  <sp arg="arg1" func="cn" tem="pat">
                    <prep>
                      <s lem="de" pos="sps00" postype="preposition" wd="de"/>
                    </prep>
                    <sn>
                      <grup.nom gen="m" num="p">
                        <n gen="m" lem="artículo" num="p" pos="ncmp000" postype="common" sense="16:04739220" wd="artículos"/>
                        <sp>
                          <prep>
                            <s lem="de" pos="sps00" postype="preposition" wd="de"/>
                          </prep>
                          <sn>
                            <grup.nom gen="f" num="s">
                              <n gen="f" lem="crítica" lexicalid="noun.crítica.1.default" num="s" origin="deverbal" pos="ncfs000" postype="common" sense="16:04426783" wd="crítica"/>
                              <s.a arg="arg1" func="cn" gen="f" num="s" tem="pat">
                                <grup.a gen="f" num="s">
                                  <a gen="f" lem="cinematográfico" num="s" pos="aq0fs0" postype="qualificative" wd="cinematográfica"/>
                                </grup.a>
                              </s.a>
                            </grup.nom>
                          </sn>
                        </sp>
                      </grup.nom>
                    </sn>
                  </sp>
                </grup.nom>
              </sn>
            </sp>
          </S>
        </grup.nom>
      </sn>
      <grup.verb>
        <v lem="ser" lss="C21.state-attributive" mood="indicative" num="s" person="3" pos="vsip3s0" postype="semiauxiliary" tense="present" wd="es"/>
      </grup.verb>
      <sn arg="arg2" func="atr" tem="atr">
        <spec gen="m" num="s">
          <d gen="m" lem="el" num="s" pos="da0ms0" postype="article" wd="el"/>
        </spec>
        <grup.nom gen="m" num="s">
          <S clausetype="relative">
            <relatiu arg="arg1" func="cd" tem="pat">
              <p gen="c" lem="que" num="c" pos="pr0cn000" postype="relative" wd="que"/>
            </relatiu>
            <sn arg="arg0" entityref="ne" func="suj" ne="person" tem="agt">
              <grup.nom gen="m" num="s">
                <n lem="Guiliermo_Cabrera_Infante" ne="person" pos="np0000p" postype="proper" sense="16:cs1" wd="Guiliermo_Cabrera_Infante"/>
              </grup.nom>
            </sn>
            <grup.verb>
              <v lem="escoger" lss="A21.transitive-agentive-patient" mood="indicative" num="s" person="3" pos="vmis3s0" postype="main" tense="past" wd="escogió"/>
            </grup.verb>
            <sp arg="argM" func="cc" tem="fin">
              <prep>
                <s lem="para" pos="sps00" postype="preposition" wd="para"/>
              </prep>
              <sn>
                <spec gen="m" num="s">
                  <d gen="c" lem="su" num="s" person="3" pos="dp3cs0" postype="possessive" wd="su"/>
                </spec>
                <grup.nom gen="m" num="s">
                  <n gen="m" lem="libro" num="s" pos="ncms000" postype="common" sense="16:04831824" wd="libro"/>
                  <sn entityref="ne" ne="other">
                    <grup.nom>
                      <f lem="&quot;" pos="fe" punct="quotation" wd="&quot;"/>
                      <n lem="Un_oficio_del_siglo_XX" ne="other" pos="np0000a" postype="proper" sense="16:cs1" wd="Un_oficio_del_siglo_XX"/>
                      <f lem="&quot;" pos="fe" punct="quotation" wd="&quot;"/>
                    </grup.nom>
                  </sn>
                </grup.nom>
              </sn>
            </sp>
          </S>
        </grup.nom>
      </sn>
    </S>
    <f lem="." pos="fp" punct="period" wd="."/>
  </sentence>
  <sentence>
    <f lem="¿" pos="fia" punct="questionmark" punctenclose="open" wd="¿"/>
    <sn arg="arg1" func="suj" tem="tem">
      <grup.nom num="s">
        <p gen="c" lem="cuál" num="s" pos="pt0cs000" postype="interrogative" wd="Cuál"/>
        <S clausesubtype="conditional" clausetype="adverbial" verbless="yes">
          <conj conjunctiontype="subordinating">
            <c lem="si" pos="cs" postype="subordinating" wd="si"/>
          </conj>
          <neg>
            <r lem="no" pos="rn" postype="negative" wd="no"/>
          </neg>
        </S>
      </grup.nom>
    </sn>
    <morfema.pronominal>
      <p gen="c" lem="él" num="c" person="3" pos="p0300000" wd="se"/>
    </morfema.pronominal>
    <grup.verb>
      <v lem="haber" mood="indicative" num="s" person="3" pos="vaic3s0" postype="auxiliary" tense="conditional" wd="habría"/>
      <v gen="m" lem="poder" mood="participle" num="s" pos="vmp00sm" postype="main" wd="podido"/>
      <infinitiu>
        <v lem="designar" lss="C21.state-attributive" mood="infinitive" pos="vmn0000" postype="main" wd="designar"/>
      </infinitiu>
    </grup.verb>
    <sn arg="arg2" func="cd" functype="quantitative" tem="atr">
      <spec gen="m" num="s">
        <d gen="m" lem="uno" num="s" pos="di0ms0" postype="indefinite" wd="un"/>
      </spec>
      <grup.nom gen="m" num="s">
        <n gen="m" lem="trabajo" lexicalid="noun.trabajo.2.default" num="s" origin="deverbal" pos="ncms000" postype="common" sense="16:00377835" wd="trabajo"/>
        <S clausetype="participle" func="cn" impersonal="yes">
          <participi>
            <a gen="m" lem="surgido" lss="B11.unaccusative-motion" num="s" pos="aq0msp" posfunction="participle" postype="qualificative" wd="surgido"/>
          </participi>
          <sp arg="argM" func="cc" tem="loc">
            <prep>
              <s lem="en_torno_a" pos="sps00" postype="preposition" wd="en_torno_a"/>
            </prep>
            <sn>
              <spec gen="m" num="s">
                <d gen="m" lem="uno" num="s" pos="di0ms0" postype="indefinite" wd="un"/>
              </spec>
              <grup.nom gen="m" num="s">
                <n gen="m" lem="quehacer" num="s" pos="ncms000" postype="common" sense="16:00461778" wd="quehacer"/>
                <S clausetype="relative" coord="yes">
                  <relatiu arg="arg1" func="cd" tem="pat">
                    <p gen="c" lem="que" num="c" pos="pr0cn000" postype="relative" wd="que"/>
                  </relatiu>
                  <S clausetype="relative">
                    <sn arg="arg0" entityref="ne" func="suj" ne="person" tem="agt">
                      <spec gen="m" num="p">
                        <d gen="m" lem="el" num="p" pos="da0mp0" postype="article" wd="los"/>
                      </spec>
                      <grup.nom gen="m" num="p">
                        <n gen="m" lem="griego" num="p" pos="ncmp000" postype="common" sense="16:07020791" wd="griegos"/>
                      </grup.nom>
                    </sn>
                    <neg func="mod">
                      <r lem="no" pos="rn" postype="negative" wd="no"/>
                    </neg>
                    <grup.verb>
                      <v lem="poder" mood="indicative" num="p" person="3" pos="vmis3p0" postype="main" tense="past" wd="pudieron"/>
                      <infinitiu>
                        <v lem="imaginar" lss="A21.transitive-agentive-patient" mood="infinitive" pos="vmn0000" postype="main" wd="imaginar"/>
                      </infinitiu>
                    </grup.verb>
                    <sp arg="argM" func="cc" tem="adv">
                      <prep>
                        <s lem="entre" pos="sps00" postype="preposition" wd="entre"/>
                      </prep>
                      <sn>
                        <spec gen="f" num="p">
                          <d gen="c" lem="su" num="p" person="3" pos="dp3cp0" postype="possessive" wd="sus"/>
                          <d gen="c" lem="seis" num="p" pos="dn0cp0" postype="numeral" wd="seis"/>
                        </spec>
                        <grup.nom gen="f" num="p">
                          <n gen="f" lem="categoría" num="p" pos="ncfp000" postype="common" sense="16:04496335" wd="categorías"/>
                          <s.a gen="f" num="p">
                            <grup.a gen="f" num="p">
                              <a gen="f" lem="artístico" num="p" pos="aq0fp0" postype="qualificative" wd="artísticas"/>
                            </grup.a>
                          </s.a>
                        </grup.nom>
                      </sn>
                    </sp>
                  </S>
                  <conj conjunctiontype="coordinating">
                    <c lem="y" pos="cc" postype="coordinating" wd="y"/>
                  </conj>
                  <S clausetype="relative">
                    <sadv arg="argM" func="cc" tem="tmp">
                      <grup.adv>
                        <r lem="hoy" pos="rg" wd="hoy"/>
                      </grup.adv>
                    </sadv>
                    <sn arg="arg0" elliptic="yes" func="suj" tem="agt"/>
                    <grup.verb>
                      <v lem="llamar" lss="A21.transitive-agentive-patient" mood="indicative" num="p" person="1" pos="vmip1p0" postype="main" tense="present" wd="llamamos"/>
                    </grup.verb>
                    <sn arg="arg2" func="cpred" predicate="cd" tem="atr">
                      <f lem="&quot;" pos="fe" punct="quotation" wd="&quot;"/>
                      <spec gen="m" num="s">
                        <d gen="m" lem="el" num="s" pos="da0ms0" postype="article" wd="el"/>
                      </spec>
                      <grup.nom gen="m" num="s">
                        <s.a gen="m" num="s">
                          <grup.a gen="m" num="s">
                            <a gen="m" lem="séptimo" num="s" pos="ao0ms0" postype="ordinal" wd="séptimo"/>
                          </grup.a>
                        </s.a>
                        <n gen="c" lem="arte" num="s" pos="nccs000" postype="common" sense="16:02213100" wd="arte"/>
                      </grup.nom>
                      <f lem="&quot;" pos="fe" punct="quotation" wd="&quot;"/>
                    </sn>
                  </S>
                </S>
              </grup.nom>
            </sn>
          </sp>
        </S>
      </grup.nom>
    </sn>
    <f lem="?" pos="fit" punct="questionmark" punctenclose="close" wd="?"/>
  </sentence>
  <sentence>
    <grup.verb>
      <v lem="estar" lss="C21.state-attributive" mood="indicative" num="s" person="3" pos="vmip3s0" postype="main" tense="present" wd="Está"/>
    </grup.verb>
    <sadv arg="arg2" func="atr" tem="atr">
      <grup.adv>
        <r lem="bien" pos="rg" wd="bien"/>
      </grup.adv>
    </sadv>
    <S arg="arg1" clausetype="completive" func="suj" tem="tem">
      <conj conjunctiontype="subordinating">
        <c lem="que" pos="cs" postype="subordinating" wd="que"/>
      </conj>
      <sn arg="arg0" entityref="ne" func="suj" ne="person" tem="agt">
        <grup.nom gen="m" num="s">
          <n lem="Guillemmo" ne="person" pos="np0000p" postype="proper" sense="16:cs1" wd="Guillemmo"/>
        </grup.nom>
      </sn>
      <sn arg="arg1" func="cd" tem="pat">
        <grup.nom gen="m" num="s">
          <p case="accusative" gen="m" lem="él" num="s" person="3" pos="pp3msa00" postype="personal" wd="lo"/>
        </grup.nom>
      </sn>
      <grup.verb>
        <v lem="calificar" lss="A21.transitive-agentive-patient" mood="subjunctive" num="s" person="3" pos="vmsp3s0" postype="main" tense="present" wd="califique"/>
      </grup.verb>
      <sp arg="arg2" func="cpred" predicate="cd" tem="atr">
        <prep>
          <s lem="de" pos="sps00" postype="preposition" wd="de"/>
        </prep>
        <sn>
          <grup.nom gen="m" num="s">
            <n gen="m" lem="oficio" num="s" pos="ncms000" postype="common" sense="16:00399744" wd="oficio"/>
          </grup.nom>
        </sn>
      </sp>
    </S>
    <f lem="." pos="fp" punct="period" wd="."/>
  </sentence>
  <sentence>
    <sadv arg="argM" func="cc" tem="mnr">
      <grup.adv>
        <r lem="así" pos="rg" wd="Así"/>
      </grup.adv>
    </sadv>
    <sn arg="arg0" elliptic="yes" func="suj" tem="agt"/>
    <sn arg="arg2" func="ci" tem="ben">
      <grup.nom num="s">
        <p case="dative" gen="c" lem="él" num="s" person="3" pos="pp3csd00" postype="personal" wd="le"/>
      </grup.nom>
    </sn>
    <grup.verb>
      <v lem="quitar" lss="A32.ditransitive-patient-benefactive" mood="indicative" num="s" person="3" pos="vmip3s0" postype="main" tense="present" wd="quita"/>
    </grup.verb>
    <sn arg="arg1" func="cd" tem="pat">
      <grup.nom gen="f" num="s">
        <n gen="f" lem="solemnidad" num="s" pos="ncfs000" postype="common" sense="16:05584266" wd="solemnidad"/>
      </grup.nom>
    </sn>
    <sp arg="arg2" func="ci" tem="ben">
      <prep>
        <s lem="a" pos="sps00" postype="preposition" wd="a"/>
      </prep>
      <sn>
        <spec gen="f" num="s">
          <d gen="f" lem="el" num="s" pos="da0fs0" postype="article" wd="la"/>
        </spec>
        <grup.nom gen="f" num="s">
          <n gen="f" lem="tarea" num="s" pos="ncfs000" postype="common" sense="16:00384174" wd="tarea"/>
          <S clausetype="relative">
            <relatiu arg="arg1" func="cd" tem="pat">
              <p gen="c" lem="que" num="c" pos="pr0cn000" postype="relative" wd="que"/>
            </relatiu>
            <sn arg="arg0" elliptic="yes" func="suj" tem="agt"/>
            <grup.verb>
              <v lem="desempeñar" lss="A21.transitive-agentive-patient" mood="indicative" num="s" person="3" pos="vmis3s0" postype="main" tense="past" wd="desempeñó"/>
            </grup.verb>
            <sp arg="argM" func="cc" tem="tmp">
              <prep>
                <s lem="durante" pos="sps00" postype="preposition" wd="durante"/>
              </prep>
              <sn>
                <spec gen="m" num="s">
                  <d gen="m" lem="mucho" num="s" pos="di0ms0" postype="indefinite" wd="mucho"/>
                </spec>
                <grup.nom gen="m" num="s">
                  <n gen="m" lem="tiempo" num="s" pos="ncms000" postype="common" sense="16:00015594" wd="tiempo"/>
                </grup.nom>
              </sn>
            </sp>
            <sp arg="argM" func="cc" tem="adv">
              <prep>
                <c lem="como" pos="cs" postype="subordinating" wd="como"/>
              </prep>
              <sn>
                <sn>
                  <f lem="&quot;" pos="fe" punct="quotation" wd="&quot;"/>
                  <spec gen="m" num="s">
                    <d gen="m" lem="el" num="s" pos="da0ms0" postype="article" wd="el"/>
                  </spec>
                  <grup.nom gen="m" num="s">
                    <n gen="c" lem="cronista" num="s" pos="nccs000" postype="common" sense="16:07156088" wd="cronista"/>
                  </grup.nom>
                  <f lem="&quot;" pos="fe" punct="quotation" wd="&quot;"/>
                </sn>
                <S clausetype="relative">
                  <relatiu arg="arg0" func="suj" tem="agt">
                    <p gen="c" lem="que" num="c" pos="pr0cn000" postype="relative" wd="que"/>
                  </relatiu>
                  <grup.verb>
                    <v lem="suscribir" lss="A21.transitive-agentive-patient" mood="indicative" num="s" person="3" pos="vmii3s0" postype="main" tense="imperfect" wd="suscribía"/>
                  </grup.verb>
                  <sp arg="argM" func="cc" tem="adv">
                    <prep>
                      <s lem="con" pos="sps00" postype="preposition" wd="con"/>
                    </prep>
                    <sn>
                      <spec gen="m" num="s">
                        <d gen="m" lem="el" num="s" pos="da0ms0" postype="article" wd="el"/>
                      </spec>
                      <grup.nom gen="m" num="s">
                        <n gen="m" lem="seudónimo" num="s" pos="ncms000" postype="common" sense="16:04780733" wd="seudónimo"/>
                        <sp>
                          <prep>
                            <s lem="de" pos="sps00" postype="preposition" wd="de"/>
                          </prep>
                          <sn entityref="ne" ne="person">
                            <grup.nom gen="m" num="s">
                              <n lem="G._Caín" ne="person" pos="np0000p" postype="proper" sense="16:cs1" wd="G._Caín"/>
                            </grup.nom>
                          </sn>
                        </sp>
                      </grup.nom>
                    </sn>
                  </sp>
                  <sn arg="arg1" func="cd" tem="pat">
                    <spec gen="m" num="p">
                      <d gen="c" lem="su" num="p" person="3" pos="dp3cp0" postype="possessive" wd="sus"/>
                    </spec>
                    <grup.nom gen="m" num="p">
                      <n gen="m" lem="comentario" num="p" pos="ncmp000" postype="common" sense="16:05068616" wd="comentarios"/>
                      <sp>
                        <prep>
                          <s lem="sobre" pos="sps00" postype="preposition" wd="sobre"/>
                        </prep>
                        <sn>
                          <spec gen="f" num="s">
                            <d gen="f" lem="el" num="s" pos="da0fs0" postype="article" wd="la"/>
                          </spec>
                          <grup.nom gen="f" num="s">
                            <s.a complex="yes" func="cn" gen="f" num="s">
                              <grup.a coord="yes" gen="f" num="s">
                                <grup.a gen="f" num="s">
                                  <a gen="f" lem="nuevo" num="s" pos="aq0fs0" postype="qualificative" wd="nueva"/>
                                </grup.a>
                                <conj conjunctiontype="coordinating">
                                  <c lem="y" pos="cc" postype="coordinating" wd="y"/>
                                </conj>
                                <grup.a gen="f" num="s">
                                  <a gen="c" lem="deslumbrante" num="s" pos="aq0cs0" postype="qualificative" wd="deslumbrante"/>
                                </grup.a>
                              </grup.a>
                            </s.a>
                            <n gen="f" lem="ficción" lexicalid="noun.ficción.1.default" num="s" origin="deverbal" pos="ncfs000" postype="common" sense="16:04800434" wd="ficción"/>
                            <S clausetype="participle" func="cn" impersonal="yes">
                              <participi>
                                <a gen="f" lem="nacido" lss="B11.unaccusative-motion" num="s" pos="aq0fsp" posfunction="participle" postype="qualificative" wd="nacida"/>
                              </participi>
                              <sp arg="argM" func="cc" tem="adv">
                                <prep>
                                  <s lem="con" pos="sps00" postype="preposition" wd="con"/>
                                </prep>
                                <sn>
                                  <spec gen="m" num="s">
                                    <d gen="m" lem="el" num="s" pos="da0ms0" postype="article" wd="el"/>
                                  </spec>
                                  <grup.nom gen="m" num="s">
                                    <n gen="m" lem="siglo" num="s" pos="ncms000" postype="common" sense="16:10918678" wd="siglo"/>
                                  </grup.nom>
                                </sn>
                              </sp>
                            </S>
                          </grup.nom>
                        </sn>
                      </sp>
                    </grup.nom>
                  </sn>
                </S>
              </sn>
            </sp>
          </S>
        </grup.nom>
      </sn>
    </sp>
    <f lem="." pos="fp" punct="period" wd="."/>
  </sentence>
</article>
