<?xml version="1.0" encoding="UTF-8"?>
<!-- 

  ancora-2.0
       
			Copyright (C) 2007, 2008, 2009, 2010, 2011 UB - CLiC
			Centre de Llenguatge i Computació - Universitat de Barcelona
 
  This file is part of ancora-2.0.
 
  ancora-2.0 is free software and data: you can redistribute it and/or modify
  it under the terms of the GNU General Public License as published
  by the Free Software Foundation, either version 3 of the License,
  or (at your option) any later version.

  ancora-2.0 is distributed in the hope that it will be useful,
  but WITHOUT ANY WARRANTY; without even the implied warranty of
  MERCHANTABILITY or FITNESS FOR A PARTICULAR PURPOSE.  See the
  GNU General Public License for more details.
 
  You should have received a copy of the GNU General Public License
  along with ancora-2.0.  If not, see &lt;http://www.gnu.org/licenses/&gt;.
 
  Check a text in catalan explaining the terms of the license at http://www.softcatala.cat/wiki/GPL3.
  In spanish at http://www.viti.es/gnu/licenses/gpl.html
 

  The following paper must be cited when using this corpus:

 * Taulé, M., M.A. Martí, M. Recasens (2008) 'Ancora: Multilevel Annotated Corpora for Catalan and Spanish',
   Proceedings of 6th International Conference on Language Resources and Evaluation. Marrakesh (Morocco).

  In addition, the following paper must be cited if coreference information (attributes entity, coreftype,
  corefsubtype, homophoricDD or entityref) is used:

 * Recasens, Marta, M. Antònia Martí (2010) ‘AnCora-CO: Coreferentially annotated corpora for Spanish and
   Catalan’. Language Resources and Evaluation, Springer Science.

  Additionally, the following paper must be cited when argumental attributes in "sn" or "grup.nom"
  (attributes func, arg, tem or lexicalid) are used:

 * Peris, Aina, Mariona Taulé, Horacio Rodríguez (2010) ‘Semantic Annotation of Deverbal Nominalizations in the
   Spanish AnCora corpus’. Treebanks and Linguistic Theories (TLT-2010), Estonia.
-->
<article lng="es">
  <sentence>
    <sn arg="arg1" elliptic="yes" func="suj" tem="tem"/>
    <neg func="mod">
      <r lem="no" pos="rn" postype="negative" wd="No"/>
    </neg>
    <sn arg="arg2" func="ci" tem="ben">
      <grup.nom num="s">
        <p case="dative" gen="c" lem="él" num="s" person="3" pos="pp3csd00" postype="personal" wd="le"/>
      </grup.nom>
    </sn>
    <grup.verb>
      <v lem="llegar" lss="B22.unaccusative-passive-transitive" mood="indicative" num="s" person="2" pos="vmip2s0" postype="main" tense="present" wd="llegas"/>
    </grup.verb>
    <sp arg="arg4" func="cc" tem="des">
      <prep>
        <s contracted="yes" gen="m" lem="al" num="s" pos="spcms" postype="preposition" wd="al"/>
      </prep>
      <sn>
        <grup.nom gen="m" num="s">
          <n gen="m" lem="moño" num="s" pos="ncms000" postype="common" sense="16:04083576" wd="moño"/>
        </grup.nom>
      </sn>
    </sp>
    <sp arg="arg2" func="ci" tem="ben">
      <prep>
        <s lem="a" pos="sps00" postype="preposition" wd="a"/>
      </prep>
      <sn>
        <spec gen="f" num="s">
          <d gen="c" lem="tu" num="s" person="2" pos="dp2css" possessornum="s" postype="possessive" wd="tu"/>
        </spec>
        <grup.nom gen="f" num="s">
          <n gen="f" lem="abuela" num="s" pos="ncfs000" postype="common" sense="16:07299407" wd="abuela"/>
          <sn entityref="ne" ne="person">
            <grup.nom gen="f" num="s">
              <n lem="Cayetana" ne="person" pos="np0000p" postype="proper" sense="16:cs1" wd="Cayetana"/>
            </grup.nom>
          </sn>
        </grup.nom>
      </sn>
    </sp>
    <f lem="." pos="fp" punct="period" wd="."/>
  </sentence>
  <sentence>
    <sn arg="arg1" func="suj" tem="tem">
      <grup.nom gen="f" num="s">
        <p gen="f" lem="él" num="s" person="3" pos="pp3fs000" postype="personal" wd="Ella"/>
      </grup.nom>
    </sn>
    <morfema.pronominal>
      <p gen="c" lem="él" num="c" person="3" pos="p0300000" wd="se"/>
    </morfema.pronominal>
    <grup.verb>
      <v lem="ir" lss="C11.state-existential" mood="indicative" num="s" person="3" pos="vmii3s0" postype="main" tense="imperfect" wd="iba"/>
    </grup.verb>
    <sp arg="argM" func="cc" tem="adv">
      <prep>
        <s lem="con" pos="sps00" postype="preposition" wd="con"/>
      </prep>
      <sn>
        <grup.nom gen="m" num="p">
          <n gen="m" lem="genio" num="p" pos="ncmp000" postype="common" sense="16:07288630" wd="genios"/>
        </grup.nom>
      </sn>
    </sp>
    <f lem="." pos="fp" punct="period" wd="."/>
  </sentence>
  <sentence>
    <conj conjunctiontype="coordinating" func="et">
      <c lem="y" pos="cc" postype="coordinating" wd="Y"/>
    </conj>
    <sn arg="arg0" func="suj" tem="agt">
      <spec gen="f" num="s">
        <d gen="f" lem="el" num="s" pos="da0fs0" postype="article" wd="la"/>
      </spec>
      <grup.nom gen="f" num="s">
        <n gen="f" lem="duquesa" num="s" pos="ncfs000" postype="common" sense="16:07230661" wd="duquesa"/>
        <S clausetype="relative">
          <f lem="," pos="fc" punct="comma" wd=","/>
          <relatiu arg="arg1" func="suj" tem="tem">
            <p gen="c" lem="que" num="c" pos="pr0cn000" postype="relative" wd="que"/>
          </relatiu>
          <sp arg="argM" func="cc" tem="adv">
            <prep>
              <s lem="de" pos="sps00" postype="preposition" wd="de"/>
            </prep>
            <sn>
              <grup.nom gen="f" num="s">
                <n gen="f" lem="tonta" num="s" pos="ncfs000" postype="common" sense="16:cs1" wd="tonta"/>
              </grup.nom>
            </sn>
          </sp>
          <sadv arg="argM" func="cc" tem="adv">
            <grup.adv>
              <r lem="sólo" pos="rg" wd="sólo"/>
            </grup.adv>
          </sadv>
          <grup.verb>
            <v lem="tener" lss="C21.state-attributive" mood="indicative" num="s" person="3" pos="vmip3s0" postype="main" tense="present" wd="tiene"/>
          </grup.verb>
          <sn arg="arg2" func="cd" functype="quantitative" tem="atr">
            <spec gen="f" num="s">
              <d gen="f" lem="el" num="s" pos="da0fs0" postype="article" wd="la"/>
            </spec>
            <grup.nom gen="f" num="s">
              <n gen="f" lem="voz" num="s" pos="ncfs000" postype="common" sense="16:03893274" wd="voz"/>
            </grup.nom>
          </sn>
          <f lem="," pos="fc" punct="comma" wd=","/>
        </S>
      </grup.nom>
    </sn>
    <grup.verb>
      <v lem="contestar" lss="A34.ditransitive-patient-theme" mood="indicative" num="s" person="3" pos="vmis3s0" postype="main" tense="past" wd="contestó"/>
    </grup.verb>
    <S arg="arg1" clausetype="completive" func="cd" tem="pat">
      <f lem=":" pos="fd" punct="colon" wd=":"/>
      <f lem="-" pos="fg" punct="hyphen" wd="-"/>
      <grup.verb>
        <v lem="ser" lss="C21.state-attributive" mood="indicative" num="s" person="3" pos="vsip3s0" postype="semiauxiliary" tense="present" wd="Es"/>
      </grup.verb>
      <S arg="arg2" clausetype="completive" func="atr" tem="atr">
        <conj conjunctiontype="subordinating">
          <c lem="que" pos="cs" postype="subordinating" wd="que"/>
        </conj>
        <sadv arg="argM" func="cc" tem="tmp">
          <grup.adv>
            <r lem="ahora" pos="rg" wd="ahora"/>
          </grup.adv>
        </sadv>
        <neg func="mod">
          <r lem="no" pos="rn" postype="negative" wd="no"/>
        </neg>
        <grup.verb>
          <v lem="haber" lss="C11.state-existential" mood="indicative" num="s" person="3" pos="vaip3s0" postype="auxiliary" tense="present" wd="hay"/>
        </grup.verb>
        <sn arg="arg1" func="cd" functype="quantitative" tem="tem">
          <grup.nom gen="m" num="p">
            <n gen="m" lem="genio" num="p" pos="ncmp000" postype="common" sense="16:07288630" wd="genios"/>
          </grup.nom>
        </sn>
      </S>
    </S>
    <f lem="." pos="fp" punct="period" wd="."/>
  </sentence>
  <sentence coord="yes">
    <S>
      <sn arg="arg1" elliptic="yes" func="suj" tem="tem"/>
      <grup.verb>
        <v lem="tener" lss="C21.state-attributive" mood="indicative" num="s" person="3" pos="vmip3s0" postype="main" tense="present" wd="Tiene"/>
      </grup.verb>
      <sn arg="arg2" func="cd" functype="quantitative" tem="atr">
        <sn>
          <spec gen="f" num="s">
            <r lem="más" pos="rg" wd="más"/>
          </spec>
          <grup.nom gen="f" num="s">
            <n gen="f" lem="casta" num="s" pos="ncfs000" postype="common" sense="16:06165460" wd="casta"/>
          </grup.nom>
        </sn>
        <sp>
          <prep>
            <s lem="de" pos="sps00" postype="preposition" wd="de"/>
          </prep>
          <sn>
            <spec gen="m" num="s">
              <d gen="c" lem="el" num="s" pos="da0ns0" postype="article" wd="lo"/>
            </spec>
            <grup.nom gen="m" num="s">
              <S clausetype="relative">
                <relatiu arg="arg1" func="cd" tem="pat">
                  <p gen="c" lem="que" num="c" pos="pr0cn000" postype="relative" wd="que"/>
                </relatiu>
                <grup.verb>
                  <v lem="indicar" lss="A32.ditransitive-patient-benefactive" mood="indicative" num="s" person="3" pos="vmip3s0" postype="main" tense="present" wd="indica"/>
                </grup.verb>
                <sn arg="arg0" coord="yes" func="suj" tem="agt">
                  <sn>
                    <spec arg="arg0" gen="f" num="s" tem="agt">
                      <d gen="c" lem="su" num="s" person="3" pos="dp3cs0" postype="possessive" wd="su"/>
                    </spec>
                    <grup.nom gen="f" num="s">
                      <n gen="f" lem="tensión" lexicalid="noun.tensión.1.default" num="s" origin="deverbal" pos="ncfs000" postype="common" sense="16:03932374" wd="tensión"/>
                      <s.a func="cn" gen="f" num="s">
                        <grup.a gen="f" num="s">
                          <a gen="f" lem="bajo" num="s" pos="aq0fs0" postype="qualificative" wd="baja"/>
                        </grup.a>
                      </s.a>
                    </grup.nom>
                  </sn>
                  <conj conjunctiontype="coordinating">
                    <c lem="y" pos="cc" postype="coordinating" wd="y"/>
                  </conj>
                  <sn>
                    <spec arg="arg0" gen="f" num="s" tem="agt">
                      <d gen="c" lem="su" num="s" person="3" pos="dp3cs0" postype="possessive" wd="su"/>
                    </spec>
                    <grup.nom gen="f" num="s">
                      <n gen="f" lem="conversación" lexicalid="noun.conversación.1.default" num="s" origin="deverbal" pos="ncfs000" postype="common" sense="16:05337255" wd="conversación"/>
                      <s.a func="cn" gen="f" num="s">
                        <grup.a gen="f" num="s">
                          <a gen="f" lem="irónico" num="s" pos="aq0fs0" postype="qualificative" wd="irónica"/>
                        </grup.a>
                      </s.a>
                    </grup.nom>
                  </sn>
                </sn>
              </S>
            </grup.nom>
          </sn>
        </sp>
      </sn>
    </S>
    <f lem="," pos="fc" punct="comma" wd=","/>
    <S>
      <sadv arg="argM" func="cc" tem="adv">
        <grup.adv>
          <r lem="al_fin_y_al_cabo" pos="rg" wd="al_fin_y_al_cabo"/>
        </grup.adv>
      </sadv>
      <S clausesubtype="concessive" clausetype="adverbial" func="ao">
        <f lem="," pos="fc" punct="comma" wd=","/>
        <conj conjunctiontype="subordinating">
          <c lem="si" pos="cs" postype="subordinating" wd="si"/>
        </conj>
        <sn arg="arg1" elliptic="yes" func="suj" tem="tem"/>
        <neg func="mod">
          <r lem="no" pos="rn" postype="negative" wd="no"/>
        </neg>
        <grup.verb>
          <v lem="nacer" lss="B11.unaccusative-motion" mood="indicative" num="s" person="3" pos="vmis3s0" postype="main" tense="past" wd="nació"/>
        </grup.verb>
        <sp arg="argM" func="cc" tem="loc">
          <prep>
            <s lem="en" pos="sps00" postype="preposition" wd="en"/>
          </prep>
          <sn>
            <spec gen="m" num="s">
              <d gen="m" lem="uno" num="s" pos="di0ms0" postype="indefinite" wd="un"/>
            </spec>
            <grup.nom gen="m" num="s">
              <n gen="m" lem="bombardeo" lexicalid="noun.bombardeo.1.default" num="s" origin="deverbal" pos="ncms000" postype="common" sense="16:00629628" wd="bombardeo"/>
            </grup.nom>
          </sn>
        </sp>
        <f lem="," pos="fc" punct="comma" wd=","/>
      </S>
      <sn arg="arg1" elliptic="yes" func="suj" tem="tem"/>
      <sadv arg="argM" func="cc" tem="adv">
        <grup.adv>
          <r lem="sí" pos="rg" wd="sí"/>
        </grup.adv>
      </sadv>
      <grup.verb>
        <v lem="crecer" lss="B21.unaccusative-state" mood="indicative" num="s" person="3" pos="vmis3s0" postype="main" tense="past" wd="creció"/>
      </grup.verb>
      <sp arg="argM" func="cc" tem="loc">
        <prep>
          <s lem="en" pos="sps00" postype="preposition" wd="en"/>
        </prep>
        <sn>
          <spec gen="m" num="s">
            <d gen="m" lem="el" num="s" pos="da0ms0" postype="article" wd="el"/>
          </spec>
          <grup.nom gen="m" num="s">
            <sp>
              <prep>
                <s lem="de" pos="sps00" postype="preposition" wd="de"/>
              </prep>
              <sn entityref="ne" ne="location">
                <grup.nom>
                  <n lem="Londres" ne="location" pos="np0000l" postype="proper" sense="16:06496830" wd="Londres"/>
                </grup.nom>
              </sn>
            </sp>
          </grup.nom>
        </sn>
      </sp>
      <S arg="argM" clausetype="adverbial" coord="yes" func="cc" tem="tmp">
        <f lem="," pos="fc" punct="comma" wd=","/>
        <conj conjunctiontype="subordinating">
          <c lem="cuando" pos="cs" postype="subordinating" wd="cuando"/>
        </conj>
        <S clausetype="adverbial">
          <sn arg="arg1" func="suj" tem="tem">
            <spec gen="m" num="s">
              <d gen="c" lem="su" num="s" person="3" pos="dp3cs0" postype="possessive" wd="su"/>
            </spec>
            <grup.nom gen="m" num="s">
              <n gen="m" lem="papá" num="s" pos="ncms000" postype="common" sense="16:07258194" wd="papá"/>
            </grup.nom>
          </sn>
          <grup.verb>
            <v lem="ser" lss="C21.state-attributive" mood="indicative" num="s" person="3" pos="vsii3s0" postype="semiauxiliary" tense="imperfect" wd="era"/>
          </grup.verb>
          <sn arg="arg2" func="atr" tem="atr">
            <spec gen="m" num="s">
              <d gen="m" lem="medio" num="s" pos="dn0ms0" postype="numeral" wd="medio"/>
            </spec>
            <grup.nom gen="m" num="s">
              <n gen="c" lem="espía" num="s" pos="nccs000" postype="common" sense="16:07603319" wd="espía"/>
              <s.a gen="m" num="s">
                <grup.a gen="m" num="s">
                  <a gen="m" lem="inglés" num="s" pos="aq0ms0" postype="qualificative" wd="inglés"/>
                </grup.a>
              </s.a>
            </grup.nom>
          </sn>
        </S>
        <conj conjunctiontype="coordinating">
          <c lem="y" pos="cc" postype="coordinating" wd="y"/>
        </conj>
        <S clausetype="adverbial">
          <sn arg="arg0" entityref="ne" func="suj" ne="person" tem="agt">
            <spec gen="f" num="s">
              <d gen="f" lem="el" num="s" pos="da0fs0" postype="article" wd="la"/>
            </spec>
            <grup.nom gen="f" num="s">
              <n gen="f" lem="reina" num="s" pos="ncfs000" postype="common" sense="16:07515745" wd="reina"/>
              <sp>
                <prep>
                  <s lem="de" pos="sps00" postype="preposition" wd="de"/>
                </prep>
                <sn entityref="ne" ne="location">
                  <grup.nom>
                    <n lem="Inglaterra" ne="location" pos="np0000l" postype="proper" sense="16:06495688" wd="Inglaterra"/>
                  </grup.nom>
                </sn>
              </sp>
            </grup.nom>
          </sn>
          <grup.verb>
            <v lem="jugar" lss="A22.transitive-agentive-theme" mood="indicative" num="s" person="3" pos="vmii3s0" postype="main" tense="imperfect" wd="jugaba"/>
          </grup.verb>
          <sp arg="argM" func="cc" tem="adv">
            <prep>
              <s lem="con" pos="sps00" postype="preposition" wd="con"/>
            </prep>
            <sn>
              <grup.nom gen="f" num="s">
                <p gen="f" lem="él" num="s" person="3" pos="pp3fs000" postype="personal" wd="ella"/>
              </grup.nom>
            </sn>
          </sp>
          <sp arg="arg1" func="creg" tem="tem">
            <prep>
              <s lem="a" pos="sps00" postype="preposition" wd="a"/>
            </prep>
            <sn coord="yes">
              <sn>
                <spec gen="f" num="p">
                  <d gen="f" lem="el" num="p" pos="da0fp0" postype="article" wd="las"/>
                </spec>
                <grup.nom gen="f" num="p">
                  <n gen="f" lem="enfermera" num="p" pos="ncfp000" postype="common" sense="16:07436855" wd="enfermeras"/>
                </grup.nom>
              </sn>
              <conj conjunctiontype="coordinating">
                <c lem="y" pos="cc" postype="coordinating" wd="y"/>
              </conj>
              <sn>
                <spec gen="m" num="p">
                  <d gen="m" lem="el" num="p" pos="da0mp0" postype="article" wd="los"/>
                </spec>
                <grup.nom gen="m" num="p">
                  <n gen="m" lem="aviador" num="p" pos="ncmp000" postype="common" sense="16:07093172" wd="aviadores"/>
                  <sp>
                    <prep>
                      <s lem="de" pos="sps00" postype="preposition" wd="de"/>
                    </prep>
                    <sn entityref="ne" ne="organization">
                      <spec gen="f" num="s">
                        <d gen="f" lem="el" num="s" pos="da0fs0" postype="article" wd="la"/>
                      </spec>
                      <grup.nom gen="f" num="s">
                        <n lem="RAF" ne="organization" pos="np0000o" postype="proper" sense="16:cs1" wd="RAF"/>
                      </grup.nom>
                    </sn>
                  </sp>
                </grup.nom>
              </sn>
            </sn>
          </sp>
        </S>
      </S>
    </S>
    <f lem="." pos="fp" punct="period" wd="."/>
  </sentence>
  <sentence>
    <sadv func="et">
      <grup.adv>
        <r lem="claro" pos="rg" wd="Claro"/>
      </grup.adv>
    </sadv>
    <conj conjunctiontype="subordinating" func="et">
      <c lem="que" pos="cs" postype="subordinating" wd="que"/>
    </conj>
    <sp arg="argM" func="cc" tem="tmp">
      <prep>
        <s lem="en" pos="sps00" postype="preposition" wd="en"/>
      </prep>
      <sn>
        <spec gen="f" num="s">
          <d gen="c" lem="su" num="s" person="3" pos="dp3cs0" postype="possessive" wd="su"/>
        </spec>
        <grup.nom gen="f" num="s">
          <n gen="f" lem="época" num="s" pos="ncfs000" postype="common" sense="16:10850147" wd="época"/>
        </grup.nom>
      </sn>
    </sp>
    <neg func="mod">
      <r lem="no" pos="rn" postype="negative" wd="no"/>
    </neg>
    <grup.verb>
      <v lem="haber" lss="C11.state-existential" mood="indicative" num="s" person="3" pos="vaii3s0" postype="auxiliary" tense="imperfect" wd="había"/>
    </grup.verb>
    <sn arg="arg1" func="cd" functype="quantitative" tem="tem">
      <grup.nom gen="m" num="p">
        <n gen="m" lem="genio" num="p" pos="ncmp000" postype="common" sense="16:07288630" wd="genios"/>
        <sp>
          <f lem="," pos="fc" punct="comma" wd=","/>
          <prep>
            <c lem="como" pos="cs" postype="subordinating" wd="como"/>
          </prep>
          <sn>
            <spec gen="m" num="s">
              <d gen="m" lem="aquel" num="s" pos="dd0ms0" postype="demonstrative" wd="aquel"/>
            </spec>
            <grup.nom gen="m" num="s">
              <n gen="m" lem="baturro" num="s" pos="ncms000" postype="common" sense="16:cs1" wd="baturro"/>
              <s.a gen="m" num="s">
                <grup.a gen="m" num="s">
                  <a gen="m" lem="sordo" num="s" pos="aq0ms0" postype="qualificative" wd="sordo"/>
                </grup.a>
              </s.a>
              <S clausetype="relative">
                <f lem="," pos="fc" punct="comma" wd=","/>
                <relatiu arg="arg0" func="suj" tem="agt">
                  <p gen="c" lem="que" num="c" pos="pr0cn000" postype="relative" wd="que"/>
                </relatiu>
                <grup.verb>
                  <v lem="pintar" lss="A21.transitive-agentive-patient" mood="indicative" num="s" person="3" pos="vmis3s0" postype="main" tense="past" wd="pintó"/>
                </grup.verb>
                <sp arg="arg1" func="cd" tem="pat">
                  <prep>
                    <s lem="a" pos="sps00" postype="preposition" wd="a"/>
                  </prep>
                  <sn entityref="ne" ne="person">
                    <spec gen="f" num="s">
                      <d gen="f" lem="el" num="s" pos="da0fs0" postype="article" wd="la"/>
                      <d gen="f" lem="otro" num="s" pos="di0fs0" postype="indefinite" wd="otra"/>
                    </spec>
                    <grup.nom gen="f" num="s">
                      <n lem="Cayetana" ne="person" pos="np0000p" postype="proper" sense="16:cs1" wd="Cayetana"/>
                      <sn>
                        <f lem="," pos="fc" punct="comma" wd=","/>
                        <spec gen="f" num="s">
                          <d gen="f" lem="aquel" num="s" pos="dd0fs0" postype="demonstrative" wd="aquella"/>
                        </spec>
                        <grup.nom gen="f" num="s">
                          <s.a gen="f" num="s">
                            <grup.a gen="f" num="s">
                              <a gen="c" lem="gran" num="s" pos="aq0cs0" postype="qualificative" wd="gran"/>
                            </grup.a>
                          </s.a>
                          <n gen="f" lem="española" num="s" pos="ncfs000" postype="common" sense="16:cs1" wd="española"/>
                          <S clausetype="relative">
                            <relatiu arg="arg0" func="suj" tem="agt">
                              <p gen="c" lem="que" num="c" pos="pr0cn000" postype="relative" wd="que"/>
                            </relatiu>
                            <grup.verb>
                              <v lem="andar" lss="D11.inergative-agentive" mood="indicative" num="s" person="3" pos="vmii3s0" postype="main" tense="imperfect" wd="andaba"/>
                            </grup.verb>
                            <sp arg="argM" func="cc" tem="mnr">
                              <prep>
                                <s lem="con" pos="sps00" postype="preposition" wd="con"/>
                              </prep>
                              <sn coord="yes">
                                <sn coord="yes">
                                  <sn>
                                    <spec gen="f" num="s">
                                      <r lem="más" pos="rg" wd="más"/>
                                    </spec>
                                    <grup.nom gen="f" num="s">
                                      <n gen="f" lem="realeza" num="s" pos="ncfs000" postype="common" sense="16:10355153" wd="realeza"/>
                                    </grup.nom>
                                  </sn>
                                  <conj conjunctiontype="coordinating">
                                    <c lem="y" pos="cc" postype="coordinating" wd="y"/>
                                  </conj>
                                  <sn>
                                    <grup.nom gen="m" num="s">
                                      <s.a func="cn" gen="m" num="s">
                                        <grup.a gen="m" num="s">
                                          <a gen="c" lem="mejor" num="s" pos="aq0cs0" postype="qualificative" wd="mejor"/>
                                        </grup.a>
                                      </s.a>
                                      <n gen="m" lem="porte" lexicalid="noun.porte.1.default" num="s" origin="deverbal" pos="ncms000" postype="common" sense="16:03844696" wd="porte"/>
                                    </grup.nom>
                                  </sn>
                                </sn>
                                <S adjunct="yes" clausesubtype="comparative" clausetype="adverbial" verbless="yes">
                                  <conj conjunctiontype="subordinating">
                                    <c lem="que" pos="cs" postype="subordinating" wd="que"/>
                                  </conj>
                                  <sn>
                                    <spec gen="f" num="s">
                                      <d gen="f" lem="el" num="s" pos="da0fs0" postype="article" wd="la"/>
                                    </spec>
                                    <grup.nom gen="f" num="s">
                                      <s.a gen="f" num="s">
                                        <grup.a gen="f" num="s">
                                          <a gen="f" lem="propio" num="s" pos="aq0fs0" postype="qualificative" wd="propia"/>
                                        </grup.a>
                                      </s.a>
                                      <n gen="f" lem="reina" num="s" pos="ncfs000" postype="common" sense="16:07515745" wd="reina"/>
                                      <S clausetype="participle" impersonal="yes">
                                        <participi>
                                          <a gen="f" lem="sodomizado" lss="B22.unaccusative-passive-transitive" num="s" pos="aq0fsp" posfunction="participle" postype="qualificative" wd="sodomizada"/>
                                        </participi>
                                        <sp arg="arg0" func="cag" tem="agt">
                                          <prep>
                                            <s lem="por" pos="sps00" postype="preposition" wd="por"/>
                                          </prep>
                                          <sn entityref="ne" ne="person">
                                            <grup.nom gen="m" num="s">
                                              <n lem="Godoy" ne="person" pos="np0000p" postype="proper" sense="16:cs1" wd="Godoy"/>
                                            </grup.nom>
                                          </sn>
                                        </sp>
                                      </S>
                                    </grup.nom>
                                  </sn>
                                </S>
                              </sn>
                            </sp>
                          </S>
                        </grup.nom>
                      </sn>
                    </grup.nom>
                  </sn>
                </sp>
              </S>
            </grup.nom>
          </sn>
        </sp>
      </grup.nom>
    </sn>
    <f lem="." pos="fp" punct="period" wd="."/>
  </sentence>
  <sentence verbless="yes">
    <conj conjunctiontype="coordinating">
      <c lem="y" pos="cc" postype="coordinating" wd="Y"/>
    </conj>
    <sp>
      <prep>
        <s lem="de" pos="sps00" postype="preposition" wd="de"/>
      </prep>
      <sadv>
        <grup.adv>
          <r lem="ahí" pos="rg" wd="ahí"/>
        </grup.adv>
      </sadv>
      <f lem="," pos="fc" punct="comma" wd=","/>
    </sp>
    <sn>
      <spec gen="f" num="s">
        <d gen="c" lem="su" num="s" person="3" pos="dp3cs0" postype="possessive" wd="su"/>
      </spec>
      <grup.nom gen="f" num="s">
        <n gen="f" lem="alma" num="s" pos="ncfs000" postype="common" sense="16:07594286" wd="alma"/>
        <sp>
          <prep>
            <s lem="de" pos="sps00" postype="preposition" wd="de"/>
          </prep>
          <s.a gen="f" num="s">
            <grup.a gen="f" num="s">
              <a gen="f" lem="chispero" num="s" pos="aq0fs0" postype="qualificative" wd="chispera"/>
            </grup.a>
          </s.a>
        </sp>
      </grup.nom>
    </sn>
    <f lem="." pos="fp" punct="period" wd="."/>
  </sentence>
  <sentence coord="yes">
    <S verbless="yes">
      <sa>
        <grup.a>
          <a gen="f" lem="rubio" num="s" pos="aq0fs0" postype="qualificative" wd="Rubia"/>
        </grup.a>
      </sa>
    </S>
    <f lem="," pos="fc" punct="comma" wd=","/>
    <S>
      <sn arg="arg0" elliptic="yes" func="suj" tem="agt"/>
      <sn arg="arg1" func="cd" tem="pat">
        <grup.nom>
          <p gen="c" lem="él" num="c" person="3" pos="pp3cn000" postype="personal" wd="se"/>
        </grup.nom>
      </sn>
      <grup.verb>
        <v lem="peinar" lss="A21.transitive-agentive-patient" mood="indicative" num="s" person="3" pos="vmii3s0" postype="main" tense="imperfect" wd="peinaba"/>
      </grup.verb>
      <sp arg="argM" func="cc" tem="mnr">
        <prep>
          <s lem="de" pos="sps00" postype="preposition" wd="de"/>
        </prep>
        <sn>
          <grup.nom gen="f" num="s">
            <n gen="f" lem="maja" num="s" pos="ncfs000" postype="common" sense="16:01494009" wd="maja"/>
          </grup.nom>
        </sn>
      </sp>
    </S>
    <conj conjunctiontype="coordinating">
      <c lem="y" pos="cc" postype="coordinating" wd="y"/>
    </conj>
    <S>
      <sn arg="arg0" elliptic="yes" func="suj" tem="agt"/>
      <morfema.pronominal>
        <p gen="c" lem="él" num="c" person="3" pos="p0300000" wd="se"/>
      </morfema.pronominal>
      <grup.verb>
        <v lem="atreverse" lss="A22.transitive-agentive-theme" mood="indicative" num="s" person="3" pos="vmii3s0" postype="main" tense="imperfect" wd="atrevía"/>
      </grup.verb>
      <sp arg="arg1" func="creg" tem="tem">
        <prep>
          <s lem="a" pos="sps00" postype="preposition" wd="a"/>
        </prep>
        <S clausetype="completive" impersonal="yes">
          <infinitiu>
            <v lem="llevar" lss="A21.transitive-agentive-patient" mood="infinitive" pos="vmn0000" postype="main" wd="llevar"/>
          </infinitiu>
          <sn arg="arg1" func="cd" tem="pat">
            <grup.nom gen="m" num="p">
              <n gen="m" lem="vestido" num="p" pos="ncmp000" postype="common" sense="16:02222774" wd="vestidos"/>
              <s.a gen="m" num="p">
                <grup.a gen="m" num="p">
                  <a gen="m" lem="chillón" num="p" pos="aq0mp0" postype="qualificative" wd="chillones"/>
                </grup.a>
              </s.a>
            </grup.nom>
          </sn>
        </S>
      </sp>
      <sp arg="argM" func="cc" tem="tmp">
        <prep>
          <s lem="en" pos="sps00" postype="preposition" wd="en"/>
        </prep>
        <sn>
          <spec gen="m" num="p">
            <d gen="m" lem="el" num="p" pos="da0mp0" postype="article" wd="los"/>
          </spec>
          <grup.nom gen="m" num="p">
            <n gen="m" lem="tiempo" num="p" pos="ncmp000" postype="common" sense="16:10850147" wd="tiempos"/>
            <S clausetype="relative">
              <sp arg="argM" func="cc" tem="tmp">
                <prep>
                  <s lem="en" pos="sps00" postype="preposition" wd="en"/>
                </prep>
                <sn>
                  <relatiu>
                    <p gen="c" lem="que" num="c" pos="pr0cn000" postype="relative" wd="que"/>
                  </relatiu>
                </sn>
              </sp>
              <sn arg="arg1" complex="yes" func="suj" tem="tem">
                <spec gen="f" num="p">
                  <d gen="c" lem="su" num="p" person="3" pos="dp3cp0" postype="possessive" wd="sus"/>
                </spec>
                <grup.nom coord="yes">
                  <grup.nom gen="f" num="p">
                    <n gen="f" lem="prima" num="p" pos="ncfp000" postype="common" sense="16:cs1" wd="primas"/>
                  </grup.nom>
                  <conj conjunctiontype="coordinating">
                    <c lem="y" pos="cc" postype="coordinating" wd="y"/>
                  </conj>
                  <grup.nom gen="f" num="p">
                    <n gen="f" lem="amiga" num="p" pos="ncfp000" postype="common" sense="16:07291583" wd="amigas"/>
                  </grup.nom>
                </grup.nom>
              </sn>
              <grup.verb>
                <v lem="ir" lss="C21.state-attributive" mood="indicative" num="p" person="3" pos="vmii3p0" postype="main" tense="imperfect" wd="iban"/>
              </grup.verb>
              <sp arg="argM" func="cc" tem="mnr">
                <prep>
                  <s lem="de" pos="sps00" postype="preposition" wd="de"/>
                </prep>
                <sn>
                  <grup.nom gen="m" num="s">
                    <n gen="m" lem="luto" num="s" pos="ncms000" postype="common" sense="16:cs1" wd="luto"/>
                    <s.a gen="m" num="s">
                      <grup.a gen="m" num="s">
                        <a gen="m" lem="tibio" num="s" pos="aq0ms0" postype="qualificative" wd="tibio"/>
                      </grup.a>
                    </s.a>
                    <sp>
                      <prep>
                        <s lem="de" pos="sps00" postype="preposition" wd="de"/>
                      </prep>
                      <sn>
                        <grup.nom gen="f" num="s">
                          <n gen="f" lem="posguerra" num="s" pos="ncfs000" postype="common" sense="16:cs1" wd="posguerra"/>
                        </grup.nom>
                      </sn>
                    </sp>
                  </grup.nom>
                </sn>
              </sp>
            </S>
          </grup.nom>
        </sn>
      </sp>
    </S>
    <f lem="." pos="fp" punct="period" wd="."/>
  </sentence>
</article>
