<?xml version="1.0" encoding="UTF-8"?>
<!-- 

  ancora-2.0
       
			Copyright (C) 2007, 2008, 2009, 2010, 2011 UB - CLiC
			Centre de Llenguatge i Computació - Universitat de Barcelona
 
  This file is part of ancora-2.0.
 
  ancora-2.0 is free software and data: you can redistribute it and/or modify
  it under the terms of the GNU General Public License as published
  by the Free Software Foundation, either version 3 of the License,
  or (at your option) any later version.

  ancora-2.0 is distributed in the hope that it will be useful,
  but WITHOUT ANY WARRANTY; without even the implied warranty of
  MERCHANTABILITY or FITNESS FOR A PARTICULAR PURPOSE.  See the
  GNU General Public License for more details.
 
  You should have received a copy of the GNU General Public License
  along with ancora-2.0.  If not, see &lt;http://www.gnu.org/licenses/&gt;.
 
  Check a text in catalan explaining the terms of the license at http://www.softcatala.cat/wiki/GPL3.
  In spanish at http://www.viti.es/gnu/licenses/gpl.html
 

  The following paper must be cited when using this corpus:

 * Taulé, M., M.A. Martí, M. Recasens (2008) 'Ancora: Multilevel Annotated Corpora for Catalan and Spanish',
   Proceedings of 6th International Conference on Language Resources and Evaluation. Marrakesh (Morocco).

  In addition, the following paper must be cited if coreference information (attributes entity, coreftype,
  corefsubtype, homophoricDD or entityref) is used:

 * Recasens, Marta, M. Antònia Martí (2010) ‘AnCora-CO: Coreferentially annotated corpora for Spanish and
   Catalan’. Language Resources and Evaluation, Springer Science.

  Additionally, the following paper must be cited when argumental attributes in "sn" or "grup.nom"
  (attributes func, arg, tem or lexicalid) are used:

 * Peris, Aina, Mariona Taulé, Horacio Rodríguez (2010) ‘Semantic Annotation of Deverbal Nominalizations in the
   Spanish AnCora corpus’. Treebanks and Linguistic Theories (TLT-2010), Estonia.
-->
<article lng="es">
  <sentence>
    <sn arg="arg1" elliptic="yes" func="suj" tem="tem"/>
    <grup.verb>
      <v lem="ser" lss="C21.state-attributive" mood="indicative" num="p" person="3" pos="vsip3p0" postype="semiauxiliary" tense="present" wd="Son"/>
    </grup.verb>
    <sn arg="arg2" func="atr" tem="atr">
      <spec gen="m" num="p">
        <d gen="m" lem="el" num="p" pos="da0mp0" postype="article" wd="los"/>
      </spec>
      <grup.nom gen="m" num="p">
        <n gen="m" lem="niño" num="p" pos="ncmp000" postype="common" sense="16:07153837" wd="niños"/>
        <sp>
          <prep>
            <s contracted="yes" gen="m" lem="del" num="s" pos="spcms" postype="preposition" wd="del"/>
          </prep>
          <sn>
            <grup.nom gen="m" num="s">
              <n gen="m" lem="barrio" num="s" pos="ncms000" postype="common" sense="16:06293689" wd="barrio"/>
            </grup.nom>
          </sn>
        </sp>
        <S clausetype="relative">
          <f lem="," pos="fc" punct="comma" wd=","/>
          <relatiu arg="arg1" func="suj" tem="tem">
            <p gen="c" lem="que" num="c" pos="pr0cn000" postype="relative" wd="que"/>
          </relatiu>
          <grup.verb>
            <v lem="llegar" lss="B11.unaccusative-motion" mood="indicative" num="p" person="3" pos="vmip3p0" postype="main" tense="present" wd="llegan"/>
          </grup.verb>
          <sp arg="argM" func="cc" tem="mnr">
            <prep>
              <s lem="en" pos="sps00" postype="preposition" wd="en"/>
            </prep>
            <sn>
              <grup.nom gen="f" num="p">
                <s.a gen="f" num="p">
                  <grup.a gen="f" num="p">
                    <a gen="f" lem="vespertino" num="p" pos="aq0fp0" postype="qualificative" wd="vespertinas"/>
                  </grup.a>
                </s.a>
                <n gen="f" lem="manada" num="p" pos="ncfp000" postype="common" sense="16:06082537" wd="manadas"/>
              </grup.nom>
            </sn>
          </sp>
          <S arg="argM" clausetype="adverbial" func="cc" tem="cau">
            <conj conjunctiontype="subordinating">
              <c lem="porque" pos="cs" postype="subordinating" wd="porque"/>
            </conj>
            <grup.verb>
              <v lem="haber" mood="indicative" num="s" person="3" pos="vaip3s0" postype="auxiliary" tense="present" wd="ha"/>
              <v gen="m" lem="correr" lss="B11.unaccusative-motion" mood="participle" num="s" pos="vmp00sm" postype="main" wd="corrido"/>
            </grup.verb>
            <sn arg="arg1" func="suj" tem="tem">
              <spec gen="m" num="s">
                <d gen="m" lem="el" num="s" pos="da0ms0" postype="article" wd="el"/>
              </spec>
              <grup.nom gen="m" num="s">
                <n gen="m" lem="rumor" num="s" pos="ncms000" postype="common" sense="16:05394487" wd="rumor"/>
                <sp>
                  <prep>
                    <s lem="de" pos="sps00" postype="preposition" wd="de"/>
                  </prep>
                  <S clausetype="completive">
                    <conj conjunctiontype="subordinating">
                      <c lem="que" pos="cs" postype="subordinating" wd="que"/>
                    </conj>
                    <sp arg="argM" func="cc" tem="loc">
                      <prep>
                        <s lem="en" pos="sps00" postype="preposition" wd="en"/>
                      </prep>
                      <sn>
                        <spec gen="m" num="s">
                          <d gen="m" lem="el" num="s" pos="da0ms0" postype="article" wd="el"/>
                        </spec>
                        <grup.nom gen="m" num="s">
                          <n gen="m" lem="belén" num="s" pos="ncms000" postype="common" sense="16:02518567" wd="belén"/>
                          <sp>
                            <prep>
                              <s lem="de" pos="sps00" postype="preposition" wd="de"/>
                            </prep>
                            <sn>
                              <spec gen="m" num="s">
                                <d gen="c" lem="mi" num="s" person="1" pos="dp1css" possessornum="s" postype="possessive" wd="mi"/>
                              </spec>
                              <grup.nom gen="m" num="s">
                                <n gen="m" lem="piso" num="s" pos="ncms000" postype="common" sense="16:02618194" wd="piso"/>
                              </grup.nom>
                            </sn>
                          </sp>
                        </grup.nom>
                      </sn>
                    </sp>
                    <sn arg="arg0" entityref="ne" func="suj" ne="person" tem="agt">
                      <spec gen="f" num="s">
                        <d gen="f" lem="el" num="s" pos="da0fs0" postype="article" wd="la"/>
                      </spec>
                      <grup.nom gen="f" num="s">
                        <n lem="Virgen" ne="person" pos="np0000p" postype="proper" sense="16:cs1" wd="Virgen"/>
                      </grup.nom>
                    </sn>
                    <grup.verb>
                      <v lem="dar_a_luz" lss="A21.transitive-agentive-patient" mood="indicative" num="s" person="3" pos="vmis3s0" postype="main" tense="past" wd="dio_a_luz"/>
                    </grup.verb>
                    <sn arg="arg1" func="cd" tem="pat">
                      <grup.nom gen="m" num="p">
                        <n gen="m" lem="gemelo" num="p" pos="ncmp000" postype="common" sense="16:07654358" wd="gemelos"/>
                      </grup.nom>
                    </sn>
                  </S>
                </sp>
              </grup.nom>
            </sn>
          </S>
        </S>
      </grup.nom>
    </sn>
    <f lem="." pos="fp" punct="period" wd="."/>
    <f lem="." pos="fp" punct="period" wd="."/>
  </sentence>
  <sentence>
    <sn arg="argM" func="cc" tem="tmp">
      <v lem="hacer" mood="indicative" num="s" person="3" pos="vmip3s0" postype="main" tense="present" wd="Hace"/>
      <n gen="m" lem="tiempo" num="p" pos="ncmp000" postype="common" sense="16:00015594" wd="tiempos"/>
    </sn>
    <S arg="argM" clausetype="adverbial" func="cc" tem="tmp">
      <f lem="," pos="fc" punct="comma" wd=","/>
      <conj conjunctiontype="subordinating">
        <c lem="cuando" pos="cs" postype="subordinating" wd="cuando"/>
      </conj>
      <sn arg="arg0" entityref="ne" func="suj" ne="person" tem="agt">
        <grup.nom gen="m" num="s">
          <n lem="Cristo" ne="person" pos="np0000p" postype="proper" sense="16:07731120" wd="Cristo"/>
        </grup.nom>
      </sn>
      <grup.verb>
        <v lem="andar" lss="D11.inergative-agentive" mood="indicative" num="s" person="3" pos="vmii3s0" postype="main" tense="imperfect" wd="andaba"/>
      </grup.verb>
      <sa arg="argM" func="cpred" predicate="suj" tem="atr">
        <grup.a>
          <a gen="m" lem="suelto" num="s" pos="aq0ms0" postype="qualificative" wd="suelto"/>
        </grup.a>
      </sa>
      <sp arg="argM" func="cc" tem="loc">
        <prep>
          <s lem="por" pos="sps00" postype="preposition" wd="por"/>
        </prep>
        <sn entityref="ne" ne="location">
          <spec gen="m" num="p">
            <d gen="m" lem="el" num="p" pos="da0mp0" postype="article" wd="los"/>
          </spec>
          <grup.nom gen="m" num="p">
            <n gen="m" lem="campo" num="p" pos="ncmp000" postype="common" sense="16:06366311" wd="campos"/>
            <sp>
              <prep>
                <s lem="de" pos="sps00" postype="preposition" wd="de"/>
              </prep>
              <sn entityref="ne" ne="location">
                <grup.nom>
                  <n lem="Palestina" ne="location" pos="np0000l" postype="proper" sense="16:06458773" wd="Palestina"/>
                </grup.nom>
              </sn>
            </sp>
          </grup.nom>
        </sn>
      </sp>
      <S arg="argM" clausetype="adverbial" func="cc" impersonal="yes" tem="mnr">
        <gerundi>
          <v lem="repartir" lss="A21.transitive-agentive-patient" mood="gerund" pos="vmg0000" postype="main" wd="repartiendo"/>
        </gerundi>
        <sn arg="arg1" func="cd" tem="pat">
          <grup.nom gen="m" num="p">
            <n gen="m" lem="milagro" num="p" pos="ncmp000" postype="common" sense="16:05436886" wd="milagros"/>
          </grup.nom>
        </sn>
      </S>
      <f lem="," pos="fc" punct="comma" wd=","/>
    </S>
    <sn arg="arg1" func="suj" tem="tem">
      <spec gen="f" num="s">
        <d gen="f" lem="el" num="s" pos="da0fs0" postype="article" wd="la"/>
      </spec>
      <grup.nom gen="f" num="s">
        <n gen="f" lem="caridad" num="s" pos="ncfs000" postype="common" sense="16:03794149" wd="caridad"/>
      </grup.nom>
    </sn>
    <grup.verb>
      <v lem="ser" lss="C21.state-attributive" mood="indicative" num="s" person="3" pos="vsii3s0" postype="semiauxiliary" tense="imperfect" wd="era"/>
    </grup.verb>
    <sn arg="arg2" func="atr" tem="atr">
      <spec gen="m" num="s">
        <d gen="m" lem="uno" num="s" pos="di0ms0" postype="indefinite" wd="un"/>
      </spec>
      <grup.nom gen="m" num="s">
        <n gen="m" lem="don" num="s" pos="ncms000" postype="common" sense="16:03796381" wd="don"/>
        <S clausetype="relative">
          <relatiu arg="arg1" func="suj" tem="pat">
            <p gen="c" lem="que" num="c" pos="pr0cn000" postype="relative" wd="que"/>
          </relatiu>
          <morfema.verbal func="pass">
            <p gen="c" lem="se" num="c" pos="p0000000" wd="se"/>
          </morfema.verbal>
          <grup.verb>
            <v lem="dispensar" lss="B22.unaccusative-passive-transitive" mood="indicative" num="s" person="3" pos="vmii3s0" postype="main" tense="imperfect" wd="dispensaba"/>
          </grup.verb>
          <sp arg="argM" func="cc" tem="mnr">
            <prep>
              <s lem="de" pos="sps00" postype="preposition" wd="de"/>
            </prep>
            <sn>
              <grup.nom gen="f" num="s">
                <n gen="f" lem="manera" num="s" pos="ncfs000" postype="common" sense="16:03856995" wd="manera"/>
                <s.a complex="yes" gen="f" num="s">
                  <grup.a coord="yes" gen="f" num="s">
                    <grup.a gen="f" num="s">
                      <a gen="f" lem="espontáneo" num="s" pos="aq0fs0" postype="qualificative" wd="espontánea"/>
                    </grup.a>
                    <conj conjunctiontype="coordinating">
                      <c lem="y" pos="cc" postype="coordinating" wd="y"/>
                    </conj>
                    <grup.a gen="f" num="s">
                      <a gen="f" lem="generoso" num="s" pos="aq0fs0" postype="qualificative" wd="generosa"/>
                    </grup.a>
                  </grup.a>
                </s.a>
              </grup.nom>
            </sn>
          </sp>
        </S>
      </grup.nom>
    </sn>
    <f lem="." pos="fp" punct="period" wd="."/>
  </sentence>
  <sentence>
    <sadv arg="argM" func="cc" tem="tmp">
      <grup.adv>
        <r lem="después" pos="rg" wd="Después"/>
      </grup.adv>
    </sadv>
    <grup.verb>
      <v lem="llegar" lss="B11.unaccusative-motion" mood="indicative" num="p" person="3" pos="vmis3p0" postype="main" tense="past" wd="llegaron"/>
    </grup.verb>
    <sn arg="arg1" coord="yes" func="suj" tem="tem">
      <sn entityref="ne" ne="organization">
        <spec gen="m" num="p">
          <d gen="m" lem="el" num="p" pos="da0mp0" postype="article" wd="los"/>
        </spec>
        <grup.nom gen="m" num="p">
          <n gen="m" lem="ministerio" num="p" pos="ncmp000" postype="common" sense="16:06048623" wd="ministerios"/>
          <sp>
            <prep>
              <s lem="de" pos="sps00" postype="preposition" wd="de"/>
            </prep>
            <sn entityref="ne" ne="other">
              <grup.nom>
                <n lem="Asuntos_Exteriores" ne="other" pos="np0000a" postype="proper" sense="16:cs1" wd="Asuntos_Exteriores"/>
              </grup.nom>
            </sn>
          </sp>
        </grup.nom>
      </sn>
      <f lem="," pos="fc" punct="comma" wd=","/>
      <sn entityref="ne" ne="organization">
        <spec gen="f" num="p">
          <d gen="f" lem="el" num="p" pos="da0fp0" postype="article" wd="las"/>
        </spec>
        <grup.nom gen="f" num="p">
          <n lem="Naciones_Unidas" ne="organization" pos="np0000o" postype="proper" sense="16:06156630" wd="Naciones_Unidas"/>
        </grup.nom>
      </sn>
      <conj conjunctiontype="coordinating">
        <c lem="y" pos="cc" postype="coordinating" wd="y"/>
      </conj>
      <sn>
        <sadv adjunct="yes">
          <f lem="," pos="fc" punct="comma" wd=","/>
          <grup.adv>
            <r lem="finalmente" pos="rg" wd="finalmente"/>
          </grup.adv>
          <f lem="," pos="fc" punct="comma" wd=","/>
        </sadv>
        <sn entityref="ne" ne="organization">
          <spec gen="f" num="p">
            <d gen="f" lem="el" num="p" pos="da0fp0" postype="article" wd="las"/>
          </spec>
          <grup.nom gen="f" num="p">
            <n lem="ONGs" ne="organization" pos="np0000o" postype="proper" sense="16:cs1" wd="ONGs"/>
            <S clausetype="relative" coord="yes">
              <f lem="," pos="fc" punct="comma" wd=","/>
              <S clausetype="relative">
                <relatiu arg="arg1" func="suj" tem="tem">
                  <p gen="c" lem="que" num="c" pos="pr0cn000" postype="relative" wd="que"/>
                </relatiu>
                <neg func="mod">
                  <r lem="no" pos="rn" postype="negative" wd="no"/>
                </neg>
                <grup.verb>
                  <v lem="ser" lss="C21.state-attributive" mood="indicative" num="p" person="3" pos="vsip3p0" postype="semiauxiliary" tense="present" wd="son"/>
                </grup.verb>
                <sn arg="arg2" func="atr" tem="atr">
                  <spec gen="f" num="p">
                    <d gen="f" lem="el" num="p" pos="da0fp0" postype="article" wd="las"/>
                  </spec>
                  <grup.nom gen="f" num="p">
                    <s.a gen="f" num="p">
                      <grup.a gen="f" num="p">
                        <a gen="f" lem="último" num="p" pos="ao0fp0" postype="ordinal" wd="últimas"/>
                      </grup.a>
                    </s.a>
                    <n gen="f" lem="criatura" num="p" pos="ncfp000" postype="common" sense="16:00008019" wd="criaturas"/>
                    <s.a gen="f" num="p">
                      <grup.a gen="f" num="p">
                        <a gen="c" lem="espacial" num="p" pos="aq0cp0" postype="qualificative" wd="espaciales"/>
                      </grup.a>
                    </s.a>
                    <S clausetype="participle" impersonal="yes">
                      <participi>
                        <a gen="f" lem="inventado" lss="B22.unaccusative-passive-transitive" num="p" pos="aq0fpp" posfunction="participle" postype="qualificative" wd="inventadas"/>
                      </participi>
                      <sp arg="arg0" func="cag" tem="agt">
                        <prep>
                          <s lem="por" pos="sps00" postype="preposition" wd="por"/>
                        </prep>
                        <sn entityref="ne" ne="person">
                          <grup.nom gen="m" num="s">
                            <n lem="Spielberg" ne="person" pos="np0000p" postype="proper" sense="16:cs1" wd="Spielberg"/>
                          </grup.nom>
                        </sn>
                      </sp>
                    </S>
                  </grup.nom>
                </sn>
                <f lem="," pos="fc" punct="comma" wd=","/>
              </S>
              <conj conjunctiontype="coordinating">
                <c lem="sino" pos="cc" postype="coordinating" wd="sino"/>
              </conj>
              <S clausetype="relative" verbless="yes">
                <sn entityref="ne" ne="organization">
                  <spec gen="f" num="p">
                    <d gen="f" lem="el" num="p" pos="da0fp0" postype="article" wd="las"/>
                  </spec>
                  <grup.nom gen="f" num="p">
                    <n lem="Organizaciones_No_Gubernamentales" ne="organization" pos="np0000o" postype="proper" sense="16:cs1" wd="Organizaciones_No_Gubernamentales"/>
                  </grup.nom>
                </sn>
              </S>
            </S>
          </grup.nom>
        </sn>
      </sn>
    </sn>
    <f lem="." pos="fp" punct="period" wd="."/>
  </sentence>
  <sentence coord="yes">
    <S>
      <sn arg="arg0" func="suj" tem="agt">
        <spec gen="m" num="p">
          <d gen="m" lem="todo" num="p" pos="di0mp0" postype="indefinite" wd="Todos"/>
        </spec>
        <grup.nom gen="m" num="p">
          <p gen="m" lem="él" num="p" person="3" pos="pp3mp000" postype="personal" wd="ellos"/>
        </grup.nom>
      </sn>
      <morfema.pronominal>
        <p gen="c" lem="él" num="c" person="3" pos="p0300000" wd="se"/>
      </morfema.pronominal>
      <grup.verb>
        <v lem="haber" mood="indicative" num="p" person="3" pos="vaip3p0" postype="auxiliary" tense="present" wd="han"/>
        <v gen="m" lem="dedicar" lss="A22.transitive-agentive-theme" mood="participle" num="s" pos="vmp00sm" postype="main" wd="dedicado"/>
      </grup.verb>
      <sp arg="arg1" func="creg" tem="tem">
        <prep>
          <s lem="a" pos="sps00" postype="preposition" wd="a"/>
        </prep>
        <S clausetype="completive" coord="yes" impersonal="yes">
          <S clausetype="completive" impersonal="yes">
            <infinitiu>
              <v lem="legislar" lss="D11.inergative-agentive" mood="infinitive" pos="vmn0000" postype="main" wd="legislar"/>
            </infinitiu>
          </S>
          <f lem="," pos="fc" punct="comma" wd=","/>
          <S clausetype="completive" impersonal="yes">
            <infinitiu>
              <v lem="reglamentar" lss="D11.inergative-agentive" mood="infinitive" pos="vmn0000" postype="main" wd="reglamentar"/>
            </infinitiu>
          </S>
          <conj conjunctiontype="coordinating">
            <c lem="y" pos="cc" postype="coordinating" wd="y"/>
          </conj>
          <S clausetype="completive" impersonal="yes">
            <infinitiu>
              <v lem="coordinar" lss="A21.transitive-agentive-patient" mood="infinitive" pos="vmn0000" postype="main" wd="coordinar"/>
            </infinitiu>
          </S>
        </S>
      </sp>
      <f lem="," pos="fc" punct="comma" wd=","/>
    </S>
    <conj conjunctiontype="coordinating">
      <c lem="y" pos="cc" postype="coordinating" wd="y"/>
    </conj>
    <S>
      <sn arg="arg1" func="suj" tem="tem">
        <spec gen="m" num="s">
          <d gen="m" lem="el" num="s" pos="da0ms0" postype="article" wd="el"/>
        </spec>
        <grup.nom gen="m" num="s">
          <n gen="m" lem="resultado" lexicalid="noun.resultado.2.default" num="s" origin="deverbal" pos="ncms000" postype="common" sense="16:05438613" wd="resultado"/>
        </grup.nom>
      </sn>
      <grup.verb>
        <v lem="ser" lss="C21.state-attributive" mood="indicative" num="s" person="3" pos="vsip3s0" postype="semiauxiliary" tense="present" wd="es"/>
      </grup.verb>
      <S arg="arg2" clausetype="completive" func="atr" tem="atr">
        <conj conjunctiontype="subordinating">
          <c lem="que" pos="cs" postype="subordinating" wd="que"/>
        </conj>
        <sadv arg="argM" func="cc" tem="tmp">
          <grup.adv>
            <r lem="ahora" pos="rg" wd="ahora"/>
          </grup.adv>
        </sadv>
        <grup.verb>
          <v lem="resultar" lss="C21.state-attributive" mood="indicative" num="s" person="3" pos="vmip3s0" postype="main" tense="present" wd="resulta"/>
        </grup.verb>
        <sa arg="argM" func="cc" tem="mnr">
          <grup.a>
            <a gen="m" lem="dificilísimo" num="s" pos="aq0ms0" postype="qualificative" wd="dificilísimo"/>
          </grup.a>
        </sa>
        <S arg="arg1" clausetype="completive" func="suj" impersonal="yes" tem="tem">
          <infinitiu>
            <v lem="hacer" lss="A21.transitive-agentive-patient" mood="infinitive" pos="vmn0000" postype="main" wd="hacer"/>
          </infinitiu>
          <sn arg="arg1" func="cd" tem="pat">
            <grup.nom gen="f" num="s">
              <n gen="f" lem="caridad" num="s" pos="ncfs000" postype="common" sense="16:03794149" wd="caridad"/>
            </grup.nom>
          </sn>
        </S>
      </S>
    </S>
    <f lem="." pos="fp" punct="period" wd="."/>
  </sentence>
  <sentence coord="yes">
    <S>
      <sadv arg="argM" func="cc" tem="tmp">
        <grup.adv>
          <r lem="ya" pos="rg" wd="Ya"/>
        </grup.adv>
      </sadv>
      <neg func="mod">
        <r lem="no" pos="rn" postype="negative" wd="no"/>
      </neg>
      <grup.verb>
        <v lem="bastar" lss="C11.state-existential" mood="indicative" num="s" person="3" pos="vmip3s0" postype="main" tense="present" wd="basta"/>
      </grup.verb>
      <sp arg="argM" func="cc" tem="adv">
        <prep>
          <s lem="con" pos="sps00" postype="preposition" wd="con"/>
        </prep>
        <S clausetype="completive" impersonal="yes">
          <infinitiu>
            <v lem="querer" lss="A21.transitive-agentive-patient" mood="infinitive" pos="vmn0000" postype="main" wd="querer"/>
          </infinitiu>
          <S arg="arg1" clausetype="completive" func="cd" impersonal="yes" tem="pat">
            <infinitiu>
              <v lem="practicar" lss="A21.transitive-agentive-patient" mood="infinitive" pos="vmn0000" postype="main" wd="practicarla"/>
            </infinitiu>
            <sp arg="argM" func="cc" tem="adv">
              <f lem="," pos="fc" punct="comma" wd=","/>
              <prep>
                <c lem="como" pos="cs" postype="subordinating" wd="como"/>
              </prep>
              <sp>
                <prep>
                  <s lem="en" pos="sps00" postype="preposition" wd="en"/>
                </prep>
                <sn>
                  <grup.nom gen="m" num="p">
                    <n gen="m" lem="tiempo" num="p" pos="ncmp000" postype="common" sense="16:10850147" wd="tiempos"/>
                    <sp>
                      <prep>
                        <s lem="de" pos="sps00" postype="preposition" wd="de"/>
                      </prep>
                      <sn coord="yes">
                        <sn entityref="ne" ne="person">
                          <grup.nom gen="m" num="s">
                            <n lem="Cristo" ne="person" pos="np0000p" postype="proper" sense="16:07731120" wd="Cristo"/>
                          </grup.nom>
                        </sn>
                        <conj conjunctiontype="coordinating">
                          <c lem="y" pos="cc" postype="coordinating" wd="y"/>
                        </conj>
                        <sn>
                          <spec gen="m" num="p">
                            <d gen="c" lem="su" num="p" person="3" pos="dp3cp0" postype="possessive" wd="sus"/>
                          </spec>
                          <grup.nom gen="m" num="p">
                            <n gen="m" lem="apóstol" num="p" pos="ncmp000" postype="common" sense="16:07079266" wd="apóstoles"/>
                          </grup.nom>
                        </sn>
                      </sn>
                    </sp>
                  </grup.nom>
                </sn>
              </sp>
              <f lem="," pos="fc" punct="comma" wd=","/>
            </sp>
          </S>
        </S>
      </sp>
    </S>
    <conj conjunctiontype="coordinating">
      <c lem="sino_que" pos="cc" postype="coordinating" wd="sino_que"/>
    </conj>
    <S>
      <grup.verb>
        <v lem="ser" lss="C21.state-attributive" mood="indicative" num="s" person="3" pos="vsip3s0" postype="semiauxiliary" tense="present" wd="es"/>
      </grup.verb>
      <sa arg="arg2" func="atr" tem="atr">
        <grup.a>
          <a gen="m" lem="preciso" num="s" pos="aq0ms0" postype="qualificative" wd="preciso"/>
        </grup.a>
      </sa>
      <S arg="arg1" clausetype="completive" func="suj" impersonal="yes" tem="tem">
        <infinitiu>
          <v lem="estar" lss="C21.state-attributive" mood="infinitive" pos="vmn0000" postype="main" wd="estar"/>
        </infinitiu>
        <S arg="arg2" clausetype="participle" func="atr" impersonal="yes" tem="atr">
          <participi>
            <a gen="m" lem="autorizado" lss="B22.unaccusative-passive-transitive" num="s" pos="aq0msp" posfunction="participle" postype="qualificative" wd="autorizado"/>
          </participi>
          <sp arg="argM" func="cc" tem="fin">
            <prep>
              <s lem="para" pos="sps00" postype="preposition" wd="para"/>
            </prep>
            <sn>
              <grup.nom gen="m" num="s">
                <p gen="c" lem="él" num="s" person="3" pos="pp3ns000" postype="personal" wd="ello"/>
              </grup.nom>
            </sn>
          </sp>
        </S>
      </S>
    </S>
    <f lem="." pos="fp" punct="period" wd="."/>
  </sentence>
  <sentence>
    <sn arg="arg1" func="suj" tem="tem">
      <spec gen="m" num="s">
        <d gen="m" lem="el" num="s" pos="da0ms0" postype="article" wd="El"/>
      </spec>
      <grup.nom gen="m" num="s">
        <s.a gen="m" num="s">
          <spec>
            <r lem="más" pos="rg" wd="más"/>
          </spec>
          <grup.a gen="m" num="s">
            <a gen="c" lem="reciente" num="s" pos="aq0cs0" postype="qualificative" wd="reciente"/>
          </grup.a>
        </s.a>
        <n gen="m" lem="caso" num="s" pos="ncms000" postype="common" sense="16:10047274" wd="caso"/>
        <sp>
          <prep>
            <s lem="de" pos="sps00" postype="preposition" wd="de"/>
          </prep>
          <sn>
            <grup.nom gen="f" num="s">
              <n gen="f" lem="caridad" num="s" pos="ncfs000" postype="common" sense="16:03794149" wd="caridad"/>
              <S clausetype="participle" impersonal="yes">
                <participi>
                  <a gen="f" lem="burocratizado" num="s" pos="aq0fsp" posfunction="participle" postype="qualificative" wd="burocratizada"/>
                </participi>
              </S>
            </grup.nom>
          </sn>
        </sp>
      </grup.nom>
    </sn>
    <grup.verb>
      <v lem="ser" lss="C21.state-attributive" mood="indicative" num="s" person="3" pos="vsip3s0" postype="semiauxiliary" tense="present" wd="es"/>
    </grup.verb>
    <sn arg="arg2" func="atr" tem="atr">
      <spec gen="m" num="s">
        <d gen="m" lem="el" num="s" pos="da0ms0" postype="article" wd="el"/>
      </spec>
      <grup.nom gen="m" num="s">
        <sp>
          <prep>
            <s lem="de" pos="sps00" postype="preposition" wd="de"/>
          </prep>
          <sn complex="yes">
            <spec gen="m" num="p">
              <d gen="m" lem="el" num="p" pos="da0mp0" postype="article" wd="los"/>
            </spec>
            <grup.nom coord="yes">
              <grup.nom gen="m" num="p">
                <n gen="m" lem="bosnio" num="p" pos="ncmp000" postype="common" sense="16:cs1" wd="bosnios"/>
              </grup.nom>
              <f lem="," pos="fc" punct="comma" wd=","/>
              <grup.nom gen="m" num="p">
                <n gen="m" lem="niño" num="p" pos="ncmp000" postype="common" sense="16:07153837" wd="niños"/>
              </grup.nom>
              <conj conjunctiontype="coordinating">
                <c lem="y" pos="cc" postype="coordinating" wd="y"/>
              </conj>
              <grup.nom gen="m" num="p">
                <n gen="m" lem="adulto" num="p" pos="ncmp000" postype="common" sense="16:06938480" wd="adultos"/>
              </grup.nom>
            </grup.nom>
          </sn>
        </sp>
      </grup.nom>
    </sn>
    <f lem="." pos="fp" punct="period" wd="."/>
  </sentence>
  <sentence>
    <grup.verb>
      <v lem="suponer" lss="A21.transitive-agentive-patient" mood="subjunctive" num="p" person="1" pos="vmsp1p0" postype="main" tense="present" wd="Supongamos"/>
    </grup.verb>
    <sn arg="arg0" elliptic="yes" func="suj" tem="agt"/>
    <S arg="arg2" clausetype="completive" coord="yes" func="cd" tem="atr">
      <S clausetype="completive" coord="yes">
        <conj conjunctiontype="subordinating">
          <c lem="que" pos="cs" postype="subordinating" wd="que"/>
        </conj>
        <S clausetype="completive">
          <sn arg="arg0" func="suj" tem="agt">
            <grup.nom num="s">
              <p gen="c" lem="tú" num="s" person="2" polite="yes" pos="pp2cs00p" postype="personal" wd="usted"/>
            </grup.nom>
          </sn>
          <grup.verb>
            <v lem="haber" mood="indicative" num="s" person="3" pos="vaip3s0" postype="auxiliary" tense="present" wd="ha"/>
            <v gen="m" lem="leer" lss="A21.transitive-agentive-patient" mood="participle" num="s" pos="vmp00sm" postype="main" wd="leído"/>
          </grup.verb>
          <sp arg="argM" func="cc" tem="loc">
            <prep>
              <s lem="en" pos="sps00" postype="preposition" wd="en"/>
            </prep>
            <sn entityref="ne" ne="other">
              <spec gen="f" num="s">
                <d gen="f" lem="el" num="s" pos="da0fs0" postype="article" wd="la"/>
              </spec>
              <grup.nom gen="f" num="s">
                <n lem="Prensa" ne="other" pos="np0000a" postype="proper" sense="16:cs1" wd="Prensa"/>
              </grup.nom>
            </sn>
          </sp>
        </S>
        <conj conjunctiontype="coordinating">
          <c lem="y" pos="cc" postype="coordinating" wd="y"/>
        </conj>
        <S clausetype="completive" verbless="yes">
          <grup.verb>
            <v gen="m" lem="ver" mood="participle" num="s" pos="vmp00sm" postype="main" wd="visto"/>
          </grup.verb>
          <sp>
            <prep>
              <s lem="en" pos="sps00" postype="preposition" wd="en"/>
            </prep>
            <sn>
              <spec gen="f" num="s">
                <d gen="f" lem="el" num="s" pos="da0fs0" postype="article" wd="la"/>
              </spec>
              <grup.nom gen="f" num="s">
                <n gen="f" lem="televisión" num="s" pos="ncfs000" postype="common" sense="16:04745188" wd="televisión"/>
              </grup.nom>
            </sn>
          </sp>
        </S>
      </S>
      <sn arg="arg1" func="cd" tem="pat">
        <spec gen="f" num="s">
          <d gen="f" lem="el" num="s" pos="da0fs0" postype="article" wd="la"/>
        </spec>
        <grup.nom gen="f" num="s">
          <n gen="f" lem="tragedia" num="s" pos="ncfs000" postype="common" sense="16:05452645" wd="tragedia"/>
          <sp>
            <prep>
              <s lem="de" pos="sps00" postype="preposition" wd="de"/>
            </prep>
            <sn>
              <spec gen="m" num="s">
                <d gen="m" lem="ese" num="s" pos="dd0ms0" postype="demonstrative" wd="ese"/>
              </spec>
              <grup.nom gen="m" num="s">
                <n gen="m" lem="país" num="s" pos="ncms000" postype="common" sense="16:06299747" wd="país"/>
                <S clausetype="relative" coord="yes">
                  <relatiu arg="arg1" func="suj" tem="tem">
                    <p gen="c" lem="que" num="c" pos="pr0cn000" postype="relative" wd="que"/>
                  </relatiu>
                  <S clausetype="relative">
                    <sn arg="argM" func="cc" tem="tmp">
                      <spec gen="f" num="s">
                        <d gen="f" lem="alguno" num="s" pos="di0fs0" postype="indefinite" wd="alguna"/>
                      </spec>
                      <grup.nom gen="f" num="s">
                        <n gen="f" lem="vez" num="s" pos="ncfs000" postype="common" sense="16:05449233" wd="vez"/>
                      </grup.nom>
                    </sn>
                    <grup.verb>
                      <v lem="ser" lss="C21.state-attributive" mood="indicative" num="s" person="3" pos="vsis3s0" postype="semiauxiliary" tense="past" wd="fue"/>
                    </grup.verb>
                    <sn arg="arg2" entityref="ne" func="atr" ne="organization" tem="atr">
                      <grup.nom>
                        <n lem="Yugoslavia" ne="organization" pos="np0000o" postype="proper" sense="16:06468727" wd="Yugoslavia"/>
                      </grup.nom>
                    </sn>
                    <f lem="," pos="fc" punct="comma" wd=","/>
                  </S>
                  <conj conjunctiontype="coordinating">
                    <c lem="y" pos="cc" postype="coordinating" wd="y"/>
                  </conj>
                  <S clausetype="relative">
                    <morfema.pronominal>
                      <p gen="c" lem="él" num="c" person="3" pos="p0300000" wd="se"/>
                    </morfema.pronominal>
                    <grup.verb>
                      <v lem="encontrar" lss="C21.state-attributive" mood="indicative" num="s" person="3" pos="vmip3s0" postype="main" tense="present" wd="encuentra"/>
                    </grup.verb>
                    <S arg="arg2" clausetype="participle" func="atr" impersonal="yes" tem="atr">
                      <participi>
                        <a gen="m" lem="conmovido" lss="B22.unaccusative-passive-transitive" num="s" pos="aq0msp" posfunction="participle" postype="qualificative" wd="conmovido"/>
                      </participi>
                      <sp arg="argM" func="cc" tem="cau">
                        <prep>
                          <s lem="por" pos="sps00" postype="preposition" wd="por"/>
                        </prep>
                        <sn>
                          <spec gen="f" num="s">
                            <d gen="f" lem="el" num="s" pos="da0fs0" postype="article" wd="la"/>
                          </spec>
                          <grup.nom gen="f" num="s">
                            <n gen="f" lem="suerte" num="s" pos="ncfs000" postype="common" sense="16:10381983" wd="suerte"/>
                            <S clausetype="relative">
                              <relatiu arg="arg1" func="suj" tem="tem">
                                <p gen="c" lem="que" num="c" pos="pr0cn000" postype="relative" wd="que"/>
                              </relatiu>
                              <grup.verb>
                                <v lem="esperar" lss="C41.state-benefactive" mood="indicative" num="s" person="3" pos="vmip3s0" postype="main" tense="present" wd="espera"/>
                              </grup.verb>
                              <sp arg="argM" func="cc" tem="tmp">
                                <prep>
                                  <s lem="en" pos="sps00" postype="preposition" wd="en"/>
                                </prep>
                                <sn>
                                  <spec gen="m" num="s">
                                    <d gen="m" lem="este" num="s" pos="dd0ms0" postype="demonstrative" wd="este"/>
                                  </spec>
                                  <grup.nom gen="m" num="s">
                                    <n gen="m" lem="invierno" num="s" pos="ncms000" postype="common" sense="16:10946591" wd="invierno"/>
                                  </grup.nom>
                                </sn>
                              </sp>
                              <sp arg="arg2" func="ci" tem="ben">
                                <prep>
                                  <s lem="a" pos="sps00" postype="preposition" wd="a"/>
                                </prep>
                                <sn entityref="ne" ne="person">
                                  <spec gen="m" num="p">
                                    <d gen="m" lem="el" num="p" pos="da0mp0" postype="article" wd="los"/>
                                  </spec>
                                  <grup.nom gen="m" num="p">
                                    <n gen="m" lem="refugiado" num="p" pos="ncmp000" postype="common" sense="16:07524744" wd="refugiados"/>
                                    <s.a gen="m" num="p">
                                      <grup.a gen="m" num="p">
                                        <a gen="m" lem="bosnio" num="p" pos="aq0mp0" postype="qualificative" wd="bosnios"/>
                                      </grup.a>
                                    </s.a>
                                  </grup.nom>
                                </sn>
                              </sp>
                            </S>
                          </grup.nom>
                        </sn>
                      </sp>
                    </S>
                  </S>
                </S>
              </grup.nom>
            </sn>
          </sp>
        </grup.nom>
      </sn>
    </S>
    <f lem="." pos="fp" punct="period" wd="."/>
  </sentence>
  <sentence>
    <grup.verb>
      <v lem="suponer" lss="A21.transitive-agentive-patient" mood="subjunctive" num="p" person="1" pos="vmsp1p0" postype="main" tense="present" wd="Supongamos"/>
    </grup.verb>
    <sn arg="arg0" elliptic="yes" func="suj" tem="agt"/>
    <sadv func="mod">
      <f lem="," pos="fc" punct="comma" wd=","/>
      <grup.adv>
        <r lem="además" pos="rg" wd="además"/>
      </grup.adv>
      <f lem="," pos="fc" punct="comma" wd=","/>
    </sadv>
    <S arg="arg2" clausetype="completive" coord="yes" func="cd" tem="atr">
      <conj conjunctiontype="subordinating">
        <c lem="que" pos="cs" postype="subordinating" wd="que"/>
      </conj>
      <S clausetype="completive">
        <sn arg="arg1" func="suj" tem="tem">
          <grup.nom num="s">
            <p gen="c" lem="tú" num="s" person="2" polite="yes" pos="pp2cs00p" postype="personal" wd="usted"/>
          </grup.nom>
        </sn>
        <grup.verb>
          <v lem="ser" lss="C21.state-attributive" mood="indicative" num="s" person="3" pos="vsip3s0" postype="semiauxiliary" tense="present" wd="es"/>
        </grup.verb>
        <sn arg="arg2" func="atr" tem="atr">
          <spec gen="f" num="s">
            <d gen="f" lem="uno" num="s" pos="di0fs0" postype="indefinite" wd="una"/>
          </spec>
          <grup.nom gen="f" num="s">
            <n gen="f" lem="persona" num="s" pos="ncfs000" postype="common" sense="16:00004123" wd="persona"/>
            <S clausetype="participle" impersonal="yes">
              <participi>
                <a gen="f" lem="poseído" lss="B22.unaccusative-passive-transitive" num="s" pos="aq0fsp" posfunction="participle" postype="qualificative" wd="poseída"/>
              </participi>
              <sp arg="arg0" func="cag" tem="agt">
                <prep>
                  <s lem="por" pos="sps00" postype="preposition" wd="por"/>
                </prep>
                <sn>
                  <spec gen="m" num="s">
                    <d gen="m" lem="el" num="s" pos="da0ms0" postype="article" wd="el"/>
                  </spec>
                  <grup.nom gen="m" num="s">
                    <s.a gen="m" num="s">
                      <grup.a gen="m" num="s">
                        <a gen="m" lem="divino" num="s" pos="aq0ms0" postype="qualificative" wd="divino"/>
                      </grup.a>
                    </s.a>
                    <n gen="m" lem="don" num="s" pos="ncms000" postype="common" sense="16:03796381" wd="don"/>
                    <sp>
                      <prep>
                        <s lem="de" pos="sps00" postype="preposition" wd="de"/>
                      </prep>
                      <sn>
                        <spec gen="f" num="s">
                          <d gen="f" lem="el" num="s" pos="da0fs0" postype="article" wd="la"/>
                        </spec>
                        <grup.nom gen="f" num="s">
                          <n gen="f" lem="caridad" num="s" pos="ncfs000" postype="common" sense="16:03794149" wd="caridad"/>
                        </grup.nom>
                      </sn>
                    </sp>
                  </grup.nom>
                </sn>
              </sp>
            </S>
          </grup.nom>
        </sn>
      </S>
      <conj conjunctiontype="coordinating">
        <c lem="y" pos="cc" postype="coordinating" wd="y"/>
      </conj>
      <S clausetype="completive">
        <sn arg="arg0" elliptic="yes" func="suj" tem="agt"/>
        <grup.verb>
          <v lem="querer" lss="A21.transitive-agentive-patient" mood="indicative" num="s" person="3" pos="vmip3s0" postype="main" tense="present" wd="quiere"/>
        </grup.verb>
        <S arg="arg1" clausetype="completive" func="cd" impersonal="yes" tem="pat">
          <infinitiu>
            <v lem="ayudar" lss="A34.ditransitive-patient-theme" mood="infinitive" pos="vmn0000" postype="main" wd="ayudar"/>
          </infinitiu>
          <sp arg="arg1" func="cd" tem="pat">
            <prep>
              <s lem="a" pos="sps00" postype="preposition" wd="a"/>
            </prep>
            <sn>
              <spec gen="f" num="p">
                <d gen="c" lem="su" num="p" person="3" pos="dp3cp0" postype="possessive" wd="sus"/>
              </spec>
              <grup.nom gen="f" num="p">
                <n gen="c" lem="semejante" num="p" pos="nccp000" postype="common" sense="16:04501641" wd="semejantes"/>
              </grup.nom>
            </sn>
          </sp>
          <S clausesubtype="concessive" clausetype="adverbial" func="ao">
            <f lem="," pos="fc" punct="comma" wd=","/>
            <conj conjunctiontype="subordinating">
              <c lem="aunque" pos="cs" postype="subordinating" wd="aunque"/>
            </conj>
            <sn arg="arg1" entityref="ne" func="suj" ne="person" tem="tem">
              <spec gen="m" num="p">
                <d gen="m" lem="el" num="p" pos="da0mp0" postype="article" wd="los"/>
              </spec>
              <grup.nom gen="m" num="p">
                <n gen="m" lem="bosnio" num="p" pos="ncmp000" postype="common" sense="16:cs1" wd="bosnios"/>
              </grup.nom>
            </sn>
            <sn arg="arg2" func="ci" tem="ben">
              <grup.nom num="s">
                <p case="dative" gen="c" lem="él" num="s" person="3" pos="pp3csd00" postype="personal" wd="le"/>
              </grup.nom>
            </sn>
            <grup.verb>
              <v lem="parecer" lss="C41.state-benefactive" mood="subjunctive" num="p" person="3" pos="vmsp3p0" postype="main" tense="present" wd="parezcan"/>
            </grup.verb>
            <sa arg="arg2" func="atr" tem="atr">
              <sa>
                <spec>
                  <r lem="menos" pos="rg" wd="menos"/>
                </spec>
                <grup.a>
                  <a gen="c" lem="semejante" num="p" pos="aq0cp0" postype="qualificative" wd="semejantes"/>
                </grup.a>
              </sa>
              <S adjunct="yes" clausesubtype="comparative" clausetype="adverbial" verbless="yes">
                <conj conjunctiontype="subordinating">
                  <c lem="que" pos="cs" postype="subordinating" wd="que"/>
                </conj>
                <inc>
                  <f lem="," pos="fc" punct="comma" wd=","/>
                  <S>
                    <grup.verb>
                      <v lem="poner" lss="A31.ditransitive-patient-locative" mood="subjunctive" num="p" person="1" pos="vmsp1p0" postype="main" tense="present" wd="pongamos"/>
                    </grup.verb>
                    <sn arg="arg0" elliptic="yes" func="suj" tem="agt"/>
                    <sp arg="argM" func="cc" tem="adv">
                      <prep>
                        <s lem="por" pos="sps00" postype="preposition" wd="por"/>
                      </prep>
                      <sn>
                        <grup.nom gen="m" num="s">
                          <n gen="m" lem="caso" num="s" pos="ncms000" postype="common" sense="16:10047274" wd="caso"/>
                        </grup.nom>
                      </sn>
                    </sp>
                  </S>
                  <f lem="," pos="fc" punct="comma" wd=","/>
                </inc>
                <sn entityref="ne" ne="person">
                  <spec gen="m" num="p">
                    <d gen="m" lem="el" num="p" pos="da0mp0" postype="article" wd="los"/>
                  </spec>
                  <grup.nom gen="m" num="p">
                    <n gen="m" lem="extremeño" num="p" pos="ncmp000" postype="common" sense="16:50001017" wd="extremeños"/>
                  </grup.nom>
                </sn>
              </S>
            </sa>
          </S>
        </S>
      </S>
    </S>
    <f lem="." pos="fp" punct="period" wd="."/>
  </sentence>
  <sentence verbless="yes">
    <S verbless="yes">
      <sadv>
        <spec>
          <r lem="mucho" pos="rg" wd="Muy"/>
        </spec>
        <grup.adv>
          <r lem="bien" pos="rg" wd="bien"/>
        </grup.adv>
      </sadv>
    </S>
    <S>
      <f lem=":" pos="fd" punct="colon" wd=":"/>
      <f lem="-" pos="fg" punct="hyphen" wd="-"/>
      <grup.verb>
        <v lem="creer" lss="A21.transitive-agentive-patient" mood="indicative" num="s" person="3" pos="vmip3s0" postype="main" tense="present" wd="cree"/>
      </grup.verb>
      <sn arg="arg0" func="suj" tem="agt">
        <grup.nom num="s">
          <p gen="c" lem="tú" num="s" person="2" polite="yes" pos="pp2cs00p" postype="personal" wd="usted"/>
        </grup.nom>
      </sn>
      <S arg="arg1" clausetype="completive" func="cd" tem="pat">
        <conj conjunctiontype="subordinating">
          <c lem="que" pos="cs" postype="subordinating" wd="que"/>
        </conj>
        <sn arg="arg0" elliptic="yes" func="suj" tem="agt"/>
        <grup.verb>
          <v lem="poder" mood="indicative" num="s" person="3" pos="vmip3s0" postype="main" tense="present" wd="puede"/>
          <infinitiu>
            <v lem="dar" lss="A32.ditransitive-patient-benefactive" mood="infinitive" pos="vmn0000" postype="main" wd="dar"/>
          </infinitiu>
        </grup.verb>
        <sn arg="argL" func="cd">
          <grup.nom gen="f" num="s">
            <s.a func="cn" gen="f" num="s">
              <grup.a gen="f" num="s">
                <a gen="f" lem="franco" num="s" pos="aq0fs0" postype="qualificative" wd="franca"/>
              </grup.a>
            </s.a>
            <n gen="f" lem="salida" lexicalid="noun.salida.4.default" num="s" origin="deverbal" pos="ncfs000" postype="common" sense="16:00820821" wd="salida"/>
          </grup.nom>
        </sn>
        <sp arg="arg2" func="ci" tem="ben">
          <prep>
            <s lem="a" pos="sps00" postype="preposition" wd="a"/>
          </prep>
          <sn>
            <spec gen="m" num="p">
              <d gen="c" lem="su" num="p" person="3" pos="dp3cp0" postype="possessive" wd="sus"/>
            </spec>
            <grup.nom gen="m" num="p">
              <n gen="m" lem="ímpetu" num="p" pos="ncmp000" postype="common" sense="16:00362788" wd="ímpetus"/>
              <s.a gen="m" num="p">
                <grup.a gen="m" num="p">
                  <a gen="m" lem="caritativo" num="p" pos="aq0mp0" postype="qualificative" wd="caritativos"/>
                </grup.a>
              </s.a>
            </grup.nom>
          </sn>
        </sp>
        <S arg="argM" clausetype="adverbial" coord="yes" func="cc" impersonal="yes" tem="adv">
          <S clausetype="adverbial" impersonal="yes">
            <gerundi>
              <v lem="agarrar" lss="A21.transitive-agentive-patient" mood="gerund" pos="vmg0000" postype="main" wd="agarrando"/>
            </gerundi>
            <sn arg="arg1" coord="yes" func="cd" tem="pat">
              <sn>
                <spec gen="m" num="s">
                  <d gen="m" lem="uno" num="s" pos="di0ms0" postype="indefinite" wd="un"/>
                </spec>
                <grup.nom gen="m" num="s">
                  <n gen="m" lem="bosnio" num="s" pos="ncms000" postype="common" sense="16:cs1" wd="bosnio"/>
                </grup.nom>
              </sn>
              <conj conjunctiontype="coordinating">
                <c lem="o" pos="cc" postype="coordinating" wd="o"/>
              </conj>
              <sn>
                <grup.nom gen="m" num="p">
                  <p gen="c" lem="dos" num="p" pos="pn0cp000" postype="numeral" wd="dos"/>
                </grup.nom>
              </sn>
            </sn>
          </S>
          <conj conjunctiontype="coordinating">
            <c lem="y" pos="cc" postype="coordinating" wd="y"/>
          </conj>
          <S clausetype="adverbial" impersonal="yes">
            <gerundi>
              <v lem="llevar" lss="A31.ditransitive-patient-locative" mood="gerund" pos="vmg0000" postype="main" wd="llevándolos"/>
            </gerundi>
            <sp arg="arg4" func="cc" tem="des">
              <prep>
                <s lem="a" pos="sps00" postype="preposition" wd="a"/>
              </prep>
              <sn>
                <spec gen="f" num="s">
                  <d gen="c" lem="su" num="s" person="3" pos="dp3cs0" postype="possessive" wd="su"/>
                </spec>
                <grup.nom gen="f" num="s">
                  <n gen="f" lem="casa" num="s" pos="ncfs000" postype="common" sense="16:02618194" wd="casa"/>
                </grup.nom>
              </sn>
            </sp>
            <sp arg="argM" func="cc" tem="fin">
              <prep>
                <s lem="para" pos="sps00" postype="preposition" wd="para"/>
              </prep>
              <S clausetype="completive" coord="yes" impersonal="yes">
                <S clausetype="completive" impersonal="yes">
                  <infinitiu>
                    <v lem="colmar" lss="A22.transitive-agentive-theme" mood="infinitive" pos="vmn0000" postype="main" wd="colmarlos"/>
                  </infinitiu>
                  <sp arg="arg1" func="creg" tem="tem">
                    <prep>
                      <s lem="de" pos="sps00" postype="preposition" wd="de"/>
                    </prep>
                    <sn>
                      <grup.nom gen="f" num="p">
                        <n gen="f" lem="atención" lexicalid="noun.atención.1.default" num="p" origin="deverbal" pos="ncfp000" postype="common" sense="16:03675189" wd="atenciones"/>
                      </grup.nom>
                    </sn>
                  </sp>
                </S>
                <f lem="," pos="fc" punct="comma" wd=","/>
                <S clausetype="completive" impersonal="yes">
                  <infinitiu>
                    <v lem="proteger" lss="A34.ditransitive-patient-theme" mood="infinitive" pos="vmn0000" postype="main" wd="protegerlos"/>
                  </infinitiu>
                  <sp arg="arg2" func="creg" tem="tem">
                    <prep>
                      <s contracted="yes" gen="m" lem="del" num="s" pos="spcms" postype="preposition" wd="del"/>
                    </prep>
                    <sn>
                      <grup.nom gen="m" num="s">
                        <n gen="m" lem="invierno" num="s" pos="ncms000" postype="common" sense="16:10946591" wd="invierno"/>
                      </grup.nom>
                    </sn>
                  </sp>
                </S>
                <f lem="," pos="fc" punct="comma" wd=","/>
                <S clausetype="completive" impersonal="yes">
                  <infinitiu>
                    <v lem="regalar" lss="A32.ditransitive-patient-benefactive" mood="infinitive" pos="vmn0000" postype="main" wd="regalarles"/>
                  </infinitiu>
                  <sn arg="arg1" func="cd" tem="pat">
                    <grup.nom gen="m" num="s">
                      <n gen="m" lem="turrón" num="s" pos="ncms000" postype="common" sense="16:05658772" wd="turrón"/>
                    </grup.nom>
                  </sn>
                  <sp arg="argM" func="cc" tem="tmp">
                    <prep>
                      <s lem="en" pos="sps00" postype="preposition" wd="en"/>
                    </prep>
                    <sn entityref="ne" ne="other">
                      <grup.nom>
                        <n lem="Navidad" ne="other" pos="np0000a" postype="proper" sense="16:10912397" wd="Navidad"/>
                      </grup.nom>
                    </sn>
                  </sp>
                </S>
                <conj conjunctiontype="coordinating">
                  <c lem="y" pos="cc" postype="coordinating" wd="y"/>
                </conj>
                <S clausetype="completive" impersonal="yes">
                  <infinitiu>
                    <v lem="hacer" mood="infinitive" pos="vmn0000" postype="main" wd="hacerles"/>
                    <infinitiu>
                      <v lem="ver" lss="A21.transitive-agentive-patient" mood="infinitive" pos="vmn0000" postype="main" wd="ver"/>
                    </infinitiu>
                  </infinitiu>
                  <S arg="arg1" clausetype="completive" func="cd" tem="pat">
                    <conj conjunctiontype="subordinating">
                      <c lem="que" pos="cs" postype="subordinating" wd="que"/>
                    </conj>
                    <sn arg="arg0" func="suj" tem="agt">
                      <spec gen="f" num="s">
                        <d gen="f" lem="el" num="s" pos="da0fs0" postype="article" wd="la"/>
                      </spec>
                      <grup.nom gen="f" num="s">
                        <n gen="f" lem="solidaridad" num="s" pos="ncfs000" postype="common" sense="16:03741896" wd="solidaridad"/>
                        <s.a gen="f" num="s">
                          <grup.a gen="f" num="s">
                            <a gen="f" lem="humano" num="s" pos="aq0fs0" postype="qualificative" wd="humana"/>
                          </grup.a>
                        </s.a>
                      </grup.nom>
                    </sn>
                    <grup.verb>
                      <v lem="velar" lss="A22.transitive-agentive-theme" mood="indicative" num="s" person="3" pos="vmic3s0" postype="main" tense="conditional" wd="velaría"/>
                    </grup.verb>
                    <sp arg="arg1" coord="yes" func="creg" tem="tem">
                      <sp>
                        <prep>
                          <s lem="por" pos="sps00" postype="preposition" wd="por"/>
                        </prep>
                        <sn>
                          <grup.nom gen="m" num="p">
                            <p gen="m" lem="él" num="p" person="3" pos="pp3mp000" postype="personal" wd="ellos"/>
                          </grup.nom>
                        </sn>
                      </sp>
                      <conj conjunctiontype="coordinating">
                        <c lem="y" pos="cc" postype="coordinating" wd="y"/>
                      </conj>
                      <sp>
                        <prep>
                          <s lem="por" pos="sps00" postype="preposition" wd="por"/>
                        </prep>
                        <sn>
                          <spec gen="m" num="p">
                            <d gen="m" lem="el" num="p" pos="da0mp0" postype="article" wd="los"/>
                            <d gen="c" lem="demás" num="p" pos="di0cp0" postype="indefinite" wd="demás"/>
                          </spec>
                          <grup.nom gen="m" num="p">
                            <S clausetype="participle" impersonal="yes">
                              <participi>
                                <a gen="m" lem="destituido" lss="B22.unaccusative-passive-transitive" num="p" pos="aq0mpp" posfunction="participle" postype="qualificative" wd="destituidos"/>
                              </participi>
                              <sp arg="argM" func="cc" tem="tmp">
                                <prep>
                                  <s contracted="yes" gen="m" lem="del" num="s" pos="spcms" postype="preposition" wd="del"/>
                                </prep>
                                <sn>
                                  <grup.nom gen="m" num="s">
                                    <n gen="m" lem="mundo" num="s" pos="ncms000" postype="common" sense="16:06753779" wd="mundo"/>
                                  </grup.nom>
                                </sn>
                              </sp>
                            </S>
                          </grup.nom>
                        </sn>
                      </sp>
                    </sp>
                  </S>
                </S>
              </S>
            </sp>
          </S>
        </S>
      </S>
      <f lem="?" pos="fit" punct="questionmark" punctenclose="close" wd="?"/>
    </S>
  </sentence>
  <sentence>
    <conj conjunctiontype="subordinating" func="et">
      <c lem="pues" pos="cs" postype="subordinating" wd="Pues"/>
    </conj>
    <sn arg="arg0" elliptic="yes" func="suj" tem="agt"/>
    <morfema.pronominal>
      <p gen="c" lem="él" num="c" person="3" pos="p0300000" wd="se"/>
    </morfema.pronominal>
    <grup.verb>
      <v lem="equivocar" lss="A22.transitive-agentive-theme" mood="indicative" num="s" person="3" pos="vmip3s0" postype="main" tense="present" wd="equivoca"/>
    </grup.verb>
    <f lem="." pos="fp" punct="period" wd="."/>
  </sentence>
  <sentence>
    <grup.verb>
      <v lem="ser" lss="C21.state-attributive" mood="indicative" num="s" person="3" pos="vsip3s0" postype="semiauxiliary" tense="present" wd="Es"/>
    </grup.verb>
    <sa arg="arg2" func="atr" tem="atr">
      <grup.a>
        <a gen="c" lem="posible" num="s" pos="aq0cs0" postype="qualificative" wd="posible"/>
      </grup.a>
    </sa>
    <S arg="arg1" clausetype="completive" func="suj" tem="tem">
      <conj conjunctiontype="subordinating">
        <c lem="que" pos="cs" postype="subordinating" wd="que"/>
      </conj>
      <sn arg="arg0" func="suj" tem="agt">
        <grup.nom num="s">
          <p gen="c" lem="tú" num="s" person="2" polite="yes" pos="pp2cs00p" postype="personal" wd="usted"/>
        </grup.nom>
      </sn>
      <grup.verb>
        <v lem="conseguir" lss="A21.transitive-agentive-patient" mood="subjunctive" num="s" person="3" pos="vmsp3s0" postype="main" tense="present" wd="consiga"/>
      </grup.verb>
      <S arg="arg1" clausetype="completive" coord="yes" func="cd" impersonal="yes" tem="pat">
        <S clausetype="completive" impersonal="yes">
          <infinitiu>
            <v lem="ganar" lss="A21.transitive-agentive-patient" mood="infinitive" pos="vmn0000" postype="main" wd="ganarse"/>
          </infinitiu>
          <sn arg="arg1" func="cd" tem="pat">
            <spec gen="m" num="s">
              <d gen="m" lem="el" num="s" pos="da0ms0" postype="article" wd="el"/>
            </spec>
            <grup.nom gen="m" num="s">
              <n gen="m" lem="cielo" num="s" pos="ncms000" postype="common" sense="16:06326607" wd="cielo"/>
            </grup.nom>
          </sn>
        </S>
        <conj conjunctiontype="coordinating">
          <c lem="y" pos="cc" postype="coordinating" wd="y"/>
        </conj>
        <S clausetype="completive" impersonal="yes">
          <infinitiu>
            <v lem="ser" lss="C21.state-attributive" mood="infinitive" pos="vsn0000" postype="semiauxiliary" wd="ser"/>
          </infinitiu>
          <sn arg="arg2" func="atr" tem="atr">
            <grup.nom gen="m" num="s">
              <n gen="m" lem="motivo" num="s" pos="ncms000" postype="common" sense="16:06660089" wd="motivo"/>
              <sp>
                <prep>
                  <s lem="de" pos="sps00" postype="preposition" wd="de"/>
                </prep>
                <sn>
                  <grup.nom gen="m" num="s">
                    <n gen="m" lem="ejemplo" num="s" pos="ncms000" postype="common" sense="16:07415674" wd="ejemplo"/>
                  </grup.nom>
                </sn>
              </sp>
            </grup.nom>
          </sn>
        </S>
      </S>
      <sp arg="argM" func="cc" tem="loc">
        <prep>
          <s lem="en" pos="sps00" postype="preposition" wd="en"/>
        </prep>
        <sn>
          <spec gen="f" num="p">
            <d gen="f" lem="el" num="p" pos="da0fp0" postype="article" wd="las"/>
          </spec>
          <grup.nom gen="f" num="p">
            <n gen="f" lem="tertulia" num="p" pos="ncfp000" postype="common" sense="16:06130532" wd="tertulias"/>
            <S clausetype="relative">
              <relatiu arg="arg1" func="cd" tem="pat">
                <p gen="c" lem="que" num="c" pos="pr0cn000" postype="relative" wd="que"/>
              </relatiu>
              <grup.verb>
                <v lem="sostener" lss="A21.transitive-agentive-patient" mood="indicative" num="p" person="3" pos="vmip3p0" postype="main" tense="present" wd="sostienen"/>
              </grup.verb>
              <sn arg="arg0" func="suj" tem="agt">
                <spec gen="m" num="p">
                  <d gen="m" lem="el" num="p" pos="da0mp0" postype="article" wd="los"/>
                </spec>
                <grup.nom gen="m" num="p">
                  <n gen="m" lem="ángel" num="p" pos="ncmp000" postype="common" sense="16:06891518" wd="ángeles"/>
                </grup.nom>
              </sn>
              <sadv arg="argM" func="cc" tem="tmp">
                <grup.adv>
                  <r lem="después" pos="rg" wd="después"/>
                  <sp>
                    <prep>
                      <s contracted="yes" gen="m" lem="del" num="s" pos="spcms" postype="preposition" wd="del"/>
                    </prep>
                    <sn>
                      <grup.nom gen="m" num="s">
                        <n gen="m" lem="almuerzo" num="s" pos="ncms000" postype="common" sense="16:05628419" wd="almuerzo"/>
                        <sp>
                          <prep>
                            <s lem="en" pos="sps00" postype="preposition" wd="en"/>
                          </prep>
                          <sn>
                            <spec gen="f" num="p">
                              <d gen="f" lem="el" num="p" pos="da0fp0" postype="article" wd="las"/>
                            </spec>
                            <grup.nom gen="f" num="p">
                              <n gen="f" lem="nube" num="p" pos="ncfp000" postype="common" sense="16:06749470" wd="nubes"/>
                              <s.a gen="f" num="p">
                                <grup.a gen="f" num="p">
                                  <a gen="f" lem="rosado" num="p" pos="aq0fp0" postype="qualificative" wd="rosadas"/>
                                </grup.a>
                              </s.a>
                            </grup.nom>
                          </sn>
                        </sp>
                      </grup.nom>
                    </sn>
                  </sp>
                </grup.adv>
              </sadv>
            </S>
          </grup.nom>
        </sn>
      </sp>
      <sp arg="argM" func="cc" tem="adv">
        <f lem="," pos="fc" punct="comma" wd=","/>
        <prep>
          <s lem="sin" pos="sps00" postype="preposition" wd="sin"/>
        </prep>
        <S clausetype="completive" impersonal="yes">
          <infinitiu>
            <v lem="haber" mood="infinitive" pos="van0000" postype="auxiliary" wd="haber"/>
            <v gen="m" lem="ver" lss="A21.transitive-agentive-patient" mood="participle" num="s" pos="vmp00sm" postype="main" wd="visto"/>
          </infinitiu>
          <sadv arg="argM" func="cc" tem="tmp">
            <grup.adv>
              <r lem="nunca" pos="rg" wd="nunca"/>
            </grup.adv>
          </sadv>
          <sn arg="arg1" func="cd" tem="pat">
            <spec gen="m" num="s">
              <d gen="m" lem="uno" num="s" pos="di0ms0" postype="indefinite" wd="un"/>
            </spec>
            <grup.nom gen="m" num="s">
              <n gen="m" lem="bosnio" num="s" pos="ncms000" postype="common" sense="16:cs1" wd="bosnio"/>
            </grup.nom>
          </sn>
          <sp arg="argM" func="cc" tem="adv">
            <prep>
              <s lem="de" pos="sps00" postype="preposition" wd="de"/>
            </prep>
            <sadv>
              <grup.adv>
                <r lem="cerca" pos="rg" wd="cerca"/>
              </grup.adv>
            </sadv>
          </sp>
        </S>
      </sp>
    </S>
    <f lem="." pos="fp" punct="period" wd="."/>
  </sentence>
  <sentence verbless="yes">
    <f lem="-" pos="fg" punct="hyphen" wd="-"/>
    <sp>
      <prep>
        <s lem="por" pos="sps00" postype="preposition" wd="Por"/>
      </prep>
      <sn>
        <grup.nom num="s">
          <p gen="c" lem="qué" num="s" pos="pt0cs000" postype="interrogative" wd="qué"/>
        </grup.nom>
      </sn>
    </sp>
    <f lem="?" pos="fit" punct="questionmark" punctenclose="close" wd="?"/>
  </sentence>
</article>
