<?xml version="1.0" encoding="UTF-8"?>
<!-- 

  ancora-2.0
       
			Copyright (C) 2007, 2008, 2009, 2010, 2011 UB - CLiC
			Centre de Llenguatge i Computació - Universitat de Barcelona
 
  This file is part of ancora-2.0.
 
  ancora-2.0 is free software and data: you can redistribute it and/or modify
  it under the terms of the GNU General Public License as published
  by the Free Software Foundation, either version 3 of the License,
  or (at your option) any later version.

  ancora-2.0 is distributed in the hope that it will be useful,
  but WITHOUT ANY WARRANTY; without even the implied warranty of
  MERCHANTABILITY or FITNESS FOR A PARTICULAR PURPOSE.  See the
  GNU General Public License for more details.
 
  You should have received a copy of the GNU General Public License
  along with ancora-2.0.  If not, see &lt;http://www.gnu.org/licenses/&gt;.
 
  Check a text in catalan explaining the terms of the license at http://www.softcatala.cat/wiki/GPL3.
  In spanish at http://www.viti.es/gnu/licenses/gpl.html
 

  The following paper must be cited when using this corpus:

 * Taulé, M., M.A. Martí, M. Recasens (2008) 'Ancora: Multilevel Annotated Corpora for Catalan and Spanish',
   Proceedings of 6th International Conference on Language Resources and Evaluation. Marrakesh (Morocco).

  In addition, the following paper must be cited if coreference information (attributes entity, coreftype,
  corefsubtype, homophoricDD or entityref) is used:

 * Recasens, Marta, M. Antònia Martí (2010) ‘AnCora-CO: Coreferentially annotated corpora for Spanish and
   Catalan’. Language Resources and Evaluation, Springer Science.

  Additionally, the following paper must be cited when argumental attributes in "sn" or "grup.nom"
  (attributes func, arg, tem or lexicalid) are used:

 * Peris, Aina, Mariona Taulé, Horacio Rodríguez (2010) ‘Semantic Annotation of Deverbal Nominalizations in the
   Spanish AnCora corpus’. Treebanks and Linguistic Theories (TLT-2010), Estonia.
-->
<article lng="es">
  <sentence>
    <sn arg="arg1" func="suj" tem="tem">
      <spec gen="m" num="s">
        <d gen="m" lem="el" num="s" pos="da0ms0" postype="article" wd="El"/>
      </spec>
      <grup.nom gen="m" num="s">
        <n gen="m" lem="belén" num="s" pos="ncms000" postype="common" sense="16:02518567" wd="belén"/>
      </grup.nom>
    </sn>
    <grup.verb>
      <v lem="traer" lss="C21.state-attributive" mood="indicative" num="s" person="3" pos="vmip3s0" postype="main" tense="present" wd="trae"/>
    </grup.verb>
    <sn arg="arg2" entityref="ne" func="cd" functype="quantitative" ne="person" tem="atr">
      <grup.nom gen="m" num="s">
        <n lem="Niño_Dios" ne="person" pos="np0000p" postype="proper" sense="16:cs1" wd="Niño_Dios"/>
        <sp>
          <prep>
            <s lem="de" pos="sps00" postype="preposition" wd="de"/>
          </prep>
          <sn>
            <grup.nom gen="m" num="s">
              <n gen="m" lem="recambio" lexicalid="noun.recambio.1.default" num="s" origin="deverbal" pos="ncms000" postype="common" sense="16:03375701" wd="recambio"/>
            </grup.nom>
          </sn>
        </sp>
      </grup.nom>
    </sn>
    <sp arg="argM" func="cc" tem="adv">
      <f lem="," pos="fc" punct="comma" wd=","/>
      <prep>
        <s lem="por" pos="sps00" postype="preposition" wd="por"/>
      </prep>
      <S clausetype="completive">
        <conj conjunctiontype="subordinating">
          <c lem="si" pos="cs" postype="subordinating" wd="si"/>
        </conj>
        <sadv func="mod">
          <grup.adv>
            <r lem="acaso" pos="rg" wd="acaso"/>
          </grup.adv>
        </sadv>
        <sn arg="arg0" entityref="ne" func="suj" ne="person" tem="agt">
          <grup.nom gen="m" num="s">
            <n lem="Herodes" ne="person" pos="np0000p" postype="proper" sense="16:cs1" wd="Herodes"/>
          </grup.nom>
        </sn>
        <grup.verb>
          <v lem="lograr" lss="A21.transitive-agentive-patient" mood="indicative" num="s" person="3" pos="vmip3s0" postype="main" tense="present" wd="logra"/>
        </grup.verb>
        <S arg="arg1" clausetype="completive" func="cd" impersonal="yes" tem="pat">
          <infinitiu>
            <v lem="agarrar" lss="A21.transitive-agentive-patient" mood="infinitive" pos="vmn0000" postype="main" wd="agarrar"/>
          </infinitiu>
          <sp arg="arg1" func="cd" tem="pat">
            <prep>
              <s lem="a" pos="sps00" postype="preposition" wd="a"/>
            </prep>
            <sn>
              <grup.nom gen="m" num="s">
                <p gen="m" lem="uno" num="s" pos="pi0ms000" postype="indefinite" wd="uno"/>
              </grup.nom>
            </sn>
          </sp>
        </S>
      </S>
    </sp>
    <f lem="." pos="fp" punct="period" wd="."/>
  </sentence>
  <sentence coord="yes">
    <S>
      <sn arg="arg1" elliptic="yes" func="suj" tem="tem"/>
      <grup.verb>
        <v lem="ser" lss="C21.state-attributive" mood="indicative" num="s" person="3" pos="vsii3s0" postype="semiauxiliary" tense="imperfect" wd="Era"/>
      </grup.verb>
      <sn arg="arg2" func="atr" tem="atr">
        <spec gen="f" num="s">
          <d gen="f" lem="uno" num="s" pos="di0fs0" postype="indefinite" wd="una"/>
        </spec>
        <grup.nom gen="f" num="s">
          <n gen="f" lem="observación" lexicalid="noun.observación.1.default" num="s" origin="deverbal" pos="ncfs000" postype="common" sense="16:04412315" wd="observación"/>
          <s.a func="cn" gen="f" num="s">
            <spec>
              <r lem="un_tanto" pos="rg" wd="un_tanto"/>
            </spec>
            <grup.a gen="f" num="s">
              <a gen="f" lem="profano" num="s" pos="aq0fs0" postype="qualificative" wd="profana"/>
            </grup.a>
          </s.a>
        </grup.nom>
      </sn>
    </S>
    <conj conjunctiontype="coordinating">
      <c lem="y" pos="cc" postype="coordinating" wd="y"/>
    </conj>
    <S>
      <sn arg="arg0" elliptic="yes" func="suj" tem="agt"/>
      <grup.verb>
        <v lem="preferir" lss="A21.transitive-agentive-patient" mood="indicative" num="s" person="1" pos="vmis1s0" postype="main" tense="past" wd="preferí"/>
      </grup.verb>
      <S arg="arg1" clausetype="completive" func="cd" impersonal="yes" tem="pat">
        <infinitiu>
          <v lem="dejar" lss="A21.transitive-agentive-patient" mood="infinitive" pos="vmn0000" postype="main" wd="dejarla"/>
        </infinitiu>
        <S arg="arg1" clausetype="completive" func="cd" impersonal="yes" tem="pat">
          <infinitiu>
            <v lem="pasar" lss="C21.state-attributive" mood="infinitive" pos="vmn0000" postype="main" wd="pasar"/>
          </infinitiu>
        </S>
      </S>
      <sp arg="argM" func="cc" tem="mnr">
        <prep>
          <s lem="sin" pos="sps00" postype="preposition" wd="sin"/>
        </prep>
        <sn>
          <grup.nom gen="m" num="s">
            <n gen="m" lem="comentario" num="s" pos="ncms000" postype="common" sense="16:05067461" wd="comentario"/>
          </grup.nom>
          <spec gen="m" num="s">
            <d gen="m" lem="alguno" num="s" pos="di0ms0" postype="indefinite" wd="alguno"/>
          </spec>
        </sn>
      </sp>
    </S>
    <f lem="." pos="fp" punct="period" wd="."/>
  </sentence>
  <sentence>
    <S arg="arg1" clausetype="completive" discid="1c" func="cd" impersonal="yes" tem="pat">
      <f lem="-" pos="fg" punct="hyphen" wd="-"/>
      <sn arg="arg1" elliptic="yes" func="suj" tem="tem"/>
      <neg func="mod">
        <r lem="no" pos="rn" postype="negative" wd="No"/>
      </neg>
      <grup.verb>
        <v lem="ser" lss="C21.state-attributive" mood="indicative" num="s" person="3" pos="vsip3s0" postype="semiauxiliary" tense="present" wd="es"/>
      </grup.verb>
      <sn arg="arg2" func="atr" tem="atr">
        <grup.nom gen="m" num="s">
          <p gen="c" lem="ese" num="s" pos="pd0ns000" postype="demonstrative" wd="eso"/>
        </grup.nom>
      </sn>
      <f lem="-" pos="fg" punct="hyphen" wd="-"/>
    </S>
    <grup.verb>
      <v lem="intentar" lss="A21.transitive-agentive-patient" mood="indicative" num="s" person="3" pos="vmis3s0" postype="main" tense="past" wd="intentó"/>
    </grup.verb>
    <S arg="arg1" clausetype="completive" discid="1n" func="cd" impersonal="yes" tem="pat">
      <infinitiu>
        <v lem="explicar" lss="A32.ditransitive-patient-benefactive" mood="infinitive" pos="vmn0000" postype="main" wd="explicar"/>
      </infinitiu>
    </S>
    <sn arg="arg0" func="suj" tem="agt">
      <spec gen="m" num="s">
        <d gen="c" lem="mi" num="s" person="1" pos="dp1css" possessornum="s" postype="possessive" wd="mi"/>
      </spec>
      <grup.nom gen="m" num="s">
        <n gen="m" lem="hijo" num="s" pos="ncms000" postype="common" sense="16:07592357" wd="hijo"/>
      </grup.nom>
    </sn>
    <sp arg="argM" func="cc" tem="tmp">
      <prep>
        <s lem="tras" pos="sps00" postype="preposition" wd="tras"/>
      </prep>
      <sn>
        <spec gen="m" num="p">
          <d gen="m" lem="uno" num="p" pos="di0mp0" postype="indefinite" wd="unos"/>
        </spec>
        <grup.nom gen="m" num="p">
          <n gen="m" lem="momento" num="p" pos="ncmp000" postype="common" sense="16:10898122" wd="momentos"/>
          <sp>
            <prep>
              <s lem="de" pos="sps00" postype="preposition" wd="de"/>
            </prep>
            <sn>
              <grup.nom gen="f" num="s">
                <n gen="f" lem="reflexión" lexicalid="noun.reflexión.1.default" num="s" origin="deverbal" pos="ncfs000" postype="common" sense="16:04450733" wd="reflexión"/>
              </grup.nom>
            </sn>
          </sp>
        </grup.nom>
      </sn>
    </sp>
    <f lem="-" pos="fg" punct="hyphen" wd="-"/>
    <f lem="." pos="fp" punct="period" wd="."/>
  </sentence>
  <sentence>
    <sn arg="arg1" func="suj" tem="tem">
      <spec gen="m" num="s">
        <d gen="c" lem="el" num="s" pos="da0ns0" postype="article" wd="Lo"/>
      </spec>
      <grup.nom gen="m" num="s">
        <S clausetype="relative">
          <relatiu arg="arg1" func="suj" tem="tem">
            <p gen="c" lem="que" num="c" pos="pr0cn000" postype="relative" wd="que"/>
          </relatiu>
          <grup.verb>
            <v lem="pasar" lss="C42.state-experiencer" mood="indicative" num="s" person="3" pos="vmip3s0" postype="main" tense="present" wd="pasa"/>
          </grup.verb>
        </S>
      </grup.nom>
    </sn>
    <grup.verb>
      <v lem="ser" lss="C21.state-attributive" mood="indicative" num="s" person="3" pos="vsip3s0" postype="semiauxiliary" tense="present" wd="es"/>
    </grup.verb>
    <S arg="arg2" clausetype="completive" coord="yes" func="atr" tem="atr">
      <conj conjunctiontype="subordinating">
        <c lem="que" pos="cs" postype="subordinating" wd="que"/>
      </conj>
      <S clausetype="completive">
        <sn arg="arg1" entityref="ne" func="suj" ne="person" tem="tem">
          <spec gen="m" num="s">
            <d gen="m" lem="el" num="s" pos="da0ms0" postype="article" wd="el"/>
          </spec>
          <grup.nom gen="m" num="s">
            <n lem="Niño_Dios" ne="person" pos="np0000p" postype="proper" sense="16:cs1" wd="Niño_Dios"/>
            <sp>
              <prep>
                <s lem="de" pos="sps00" postype="preposition" wd="de"/>
              </prep>
              <sn>
                <grup.nom gen="m" num="s">
                  <n gen="m" lem="pañal" num="s" pos="ncms000" postype="common" sense="16:02564894" wd="pañal"/>
                  <s.a gen="m" num="s">
                    <grup.a gen="m" num="s">
                      <a gen="m" lem="blanco" num="s" pos="aq0ms0" postype="qualificative" wd="blanco"/>
                    </grup.a>
                  </s.a>
                </grup.nom>
              </sn>
            </sp>
          </grup.nom>
        </sn>
        <grup.verb>
          <v lem="ser" lss="C21.state-attributive" mood="indicative" num="s" person="3" pos="vsip3s0" postype="semiauxiliary" tense="present" wd="es"/>
        </grup.verb>
        <sp arg="arg2" func="atr" tem="atr">
          <prep>
            <s lem="para" pos="sps00" postype="preposition" wd="para"/>
          </prep>
          <sn>
            <spec gen="m" num="p">
              <d gen="m" lem="el" num="p" pos="da0mp0" postype="article" wd="los"/>
            </spec>
            <grup.nom gen="m" num="p">
              <n gen="m" lem="seguidor" num="p" pos="ncmp000" postype="common" sense="16:07602661" wd="seguidores"/>
              <sp>
                <prep>
                  <s contracted="yes" gen="m" lem="del" num="s" pos="spcms" postype="preposition" wd="del"/>
                </prep>
                <sn entityref="ne" ne="organization">
                  <grup.nom gen="m" num="s">
                    <n lem="Real_Madrid" ne="organization" pos="np0000o" postype="proper" sense="16:cs1" wd="Real_Madrid"/>
                  </grup.nom>
                </sn>
              </sp>
            </grup.nom>
          </sn>
        </sp>
      </S>
      <conj conjunctiontype="coordinating">
        <c lem="y" pos="cc" postype="coordinating" wd="y"/>
      </conj>
      <S clausetype="completive" verbless="yes">
        <sn>
          <spec gen="m" num="s">
            <d gen="m" lem="el" num="s" pos="da0ms0" postype="article" wd="el"/>
          </spec>
          <grup.nom gen="m" num="s">
            <p gen="m" lem="otro" num="s" pos="pi0ms000" postype="indefinite" wd="otro"/>
          </grup.nom>
        </sn>
        <sp>
          <prep>
            <s lem="para" pos="sps00" postype="preposition" wd="para"/>
          </prep>
          <sn>
            <spec gen="m" num="p">
              <d gen="m" lem="el" num="p" pos="da0mp0" postype="article" wd="los"/>
            </spec>
            <grup.nom gen="m" num="p">
              <sp>
                <prep>
                  <s contracted="yes" gen="m" lem="del" num="s" pos="spcms" postype="preposition" wd="del"/>
                </prep>
                <sn entityref="ne" ne="organization">
                  <grup.nom gen="m" num="s">
                    <n lem="Atleti" ne="organization" pos="np0000o" postype="proper" sense="16:cs1" wd="Atleti"/>
                  </grup.nom>
                </sn>
              </sp>
            </grup.nom>
          </sn>
        </sp>
      </S>
    </S>
    <f lem="." pos="fp" punct="period" wd="."/>
  </sentence>
  <sentence coord="yes">
    <S>
      <sn arg="arg0" elliptic="yes" func="suj" tem="agt"/>
      <grup.verb>
        <v lem="entender" lss="A21.transitive-agentive-patient" mood="indicative" num="s" person="1" pos="vmis1s0" postype="main" tense="past" wd="Entendí"/>
      </grup.verb>
      <S arg="arg1" clausetype="completive" func="cd" tem="pat">
        <conj conjunctiontype="subordinating">
          <c lem="que" pos="cs" postype="subordinating" wd="que"/>
        </conj>
        <sn arg="arg0" func="suj" tem="agt">
          <spec gen="f" num="s">
            <d gen="f" lem="el" num="s" pos="da0fs0" postype="article" wd="la"/>
          </spec>
          <grup.nom gen="f" num="s">
            <n gen="f" lem="blasfemia" num="s" pos="ncfs000" postype="common" sense="16:00480983" wd="blasfemia"/>
          </grup.nom>
        </sn>
        <grup.verb>
          <v lem="acechar" lss="A21.transitive-agentive-patient" mood="indicative" num="s" person="3" pos="vmii3s0" postype="main" tense="imperfect" wd="acechaba"/>
        </grup.verb>
        <sp arg="arg1" func="cd" tem="pat">
          <prep>
            <s contracted="yes" gen="m" lem="al" num="s" pos="spcms" postype="preposition" wd="al"/>
          </prep>
          <sn>
            <grup.nom gen="m" num="s">
              <n gen="m" lem="belén" num="s" pos="ncms000" postype="common" sense="16:02518567" wd="belén"/>
            </grup.nom>
          </sn>
        </sp>
      </S>
      <f lem="," pos="fc" punct="comma" wd=","/>
    </S>
    <conj conjunctiontype="coordinating">
      <c lem="y" pos="cc" postype="coordinating" wd="y"/>
    </conj>
    <S>
      <sn arg="arg0" elliptic="yes" func="suj" tem="agt"/>
      <grup.verb>
        <v lem="optar" lss="A22.transitive-agentive-theme" mood="indicative" num="s" person="1" pos="vmis1s0" postype="main" tense="past" wd="opté"/>
      </grup.verb>
      <sadv arg="argM" func="cc" tem="tmp">
        <grup.adv>
          <r lem="entonces" pos="rg" wd="entonces"/>
        </grup.adv>
      </sadv>
      <sp arg="arg1" func="creg" tem="tem">
        <prep>
          <s lem="por" pos="sps00" postype="preposition" wd="por"/>
        </prep>
        <S clausetype="completive" coord="yes" impersonal="yes">
          <S clausetype="completive" impersonal="yes">
            <infinitiu>
              <v lem="sacar" lss="A31.ditransitive-patient-locative" mood="infinitive" pos="vmn0000" postype="main" wd="sacarles"/>
            </infinitiu>
            <sn arg="arg1" func="cd" tem="pat">
              <grup.nom gen="f" num="s">
                <n gen="f" lem="tarjeta" num="s" pos="ncfs000" postype="common" sense="16:04971341" wd="tarjeta"/>
                <s.a gen="f" num="s">
                  <grup.a gen="f" num="s">
                    <a gen="f" lem="rojo" num="s" pos="aq0fs0" postype="qualificative" wd="roja"/>
                  </grup.a>
                </s.a>
              </grup.nom>
            </sn>
            <sp arg="arg3" func="ci" tem="ben">
              <prep>
                <s lem="a" pos="sps00" postype="preposition" wd="a"/>
              </prep>
              <sn>
                <spec gen="m" num="p">
                  <d gen="c" lem="mi" num="p" person="1" pos="dp1cps" possessornum="s" postype="possessive" wd="mis"/>
                </spec>
                <grup.nom gen="m" num="p">
                  <n gen="m" lem="hijo" num="p" pos="ncmp000" postype="common" sense="16:07154377" wd="hijos"/>
                </grup.nom>
              </sn>
            </sp>
          </S>
          <conj conjunctiontype="coordinating">
            <c lem="y" pos="cc" postype="coordinating" wd="y"/>
          </conj>
          <S clausetype="completive" impersonal="yes">
            <infinitiu>
              <v lem="declarar" lss="A21.transitive-agentive-patient" mood="infinitive" pos="vmn0000" postype="main" wd="declarar"/>
            </infinitiu>
            <S arg="arg2" clausetype="participle" func="cpred" impersonal="yes" predicate="cd" tem="atr">
              <participi>
                <a gen="m" lem="cerrado" num="s" pos="aq0msp" posfunction="participle" postype="qualificative" wd="cerrado"/>
              </participi>
            </S>
            <sn arg="arg1" func="cd" tem="pat">
              <spec gen="m" num="s">
                <d gen="m" lem="el" num="s" pos="da0ms0" postype="article" wd="el"/>
              </spec>
              <grup.nom gen="m" num="s">
                <n gen="m" lem="caso" num="s" pos="ncms000" postype="common" sense="16:05081510" wd="caso"/>
              </grup.nom>
            </sn>
            <sp arg="argM" func="cc" tem="adv">
              <prep>
                <s lem="con" pos="sps00" postype="preposition" wd="con"/>
              </prep>
              <sn>
                <spec gen="f" num="s">
                  <d gen="f" lem="el" num="s" pos="da0fs0" postype="article" wd="la"/>
                </spec>
                <grup.nom gen="f" num="s">
                  <n gen="f" lem="explicación" lexicalid="noun.explicación.1.default" num="s" origin="deverbal" pos="ncfs000" postype="common" sense="16:05050688" wd="explicación"/>
                  <sp arg="arg0" func="cn" tem="agt">
                    <prep>
                      <s lem="de" pos="sps00" postype="preposition" wd="de"/>
                    </prep>
                    <sn>
                      <spec gen="m" num="s">
                        <d gen="m" lem="uno" num="s" pos="di0ms0" postype="indefinite" wd="un"/>
                      </spec>
                      <grup.nom gen="m" num="s">
                        <n gen="m" lem="descuido" lexicalid="noun.descuido.1.default" num="s" origin="deverbal" pos="ncms000" postype="common" sense="16:00044056" wd="descuido"/>
                        <sp arg="arg0" func="cn" tem="agt">
                          <prep>
                            <s lem="de" pos="sps00" postype="preposition" wd="de"/>
                          </prep>
                          <sn>
                            <grup.nom gen="f" num="s">
                              <n gen="f" lem="fábrica" lexicalid="noun.fábrica.1.default" num="s" origin="deverbal" pos="ncfs000" postype="common" sense="16:02662271" wd="fábrica"/>
                            </grup.nom>
                          </sn>
                        </sp>
                      </grup.nom>
                    </sn>
                  </sp>
                </grup.nom>
              </sn>
            </sp>
          </S>
        </S>
      </sp>
    </S>
    <f lem="." pos="fp" punct="period" wd="."/>
  </sentence>
  <sentence>
    <S arg="arg1" clausetype="completive" coord="yes" func="cd" tem="pat">
      <f lem="-" pos="fg" punct="hyphen" wd="-"/>
      <S clausetype="completive">
        <sn arg="argM" func="cc" tem="tmp">
          <spec gen="m" num="s">
            <d gen="m" lem="alguno" num="s" pos="di0ms0" postype="indefinite" wd="Algún"/>
          </spec>
          <grup.nom gen="m" num="s">
            <n gen="m" lem="día" num="s" pos="ncms000" postype="common" sense="16:10851114" wd="día"/>
          </grup.nom>
        </sn>
        <sn arg="arg0" entityref="ne" func="suj" ne="organization" tem="agt">
          <spec gen="f" num="s">
            <d gen="f" lem="el" num="s" pos="da0fs0" postype="article" wd="la"/>
          </spec>
          <grup.nom gen="f" num="s">
            <n lem="Comunidad_Europea" ne="organization" pos="np0000o" postype="proper" sense="16:cs1" wd="Comunidad_Europea"/>
          </grup.nom>
        </sn>
        <grup.verb>
          <v lem="homologar" lss="A21.transitive-agentive-patient" mood="indicative" num="s" person="3" pos="vmif3s0" postype="main" tense="future" wd="homologará"/>
        </grup.verb>
        <sn arg="arg1" func="cd" tem="pat">
          <spec gen="m" num="p">
            <d gen="m" lem="el" num="p" pos="da0mp0" postype="article" wd="los"/>
          </spec>
          <grup.nom gen="m" num="p">
            <n gen="m" lem="belén" num="p" pos="ncmp000" postype="common" sense="16:02518567" wd="belenes"/>
          </grup.nom>
        </sn>
        <f lem="," pos="fc" punct="comma" wd=","/>
      </S>
      <conj conjunctiontype="coordinating">
        <c lem="y" pos="cc" postype="coordinating" wd="y"/>
      </conj>
      <S clausetype="completive">
        <neg func="mod">
          <r lem="no" pos="rn" postype="negative" wd="no"/>
        </neg>
        <grup.verb>
          <v lem="volver" mood="indicative" num="p" person="3" pos="vmif3p0" postype="main" tense="future" wd="volverán"/>
          <s lem="a" pos="sps00" postype="preposition" wd="a"/>
          <infinitiu>
            <v lem="presentar" lss="B21.unaccusative-state" mood="infinitive" pos="vmn0000" postype="main" wd="presentarse"/>
          </infinitiu>
        </grup.verb>
        <sn arg="arg1" func="suj" tem="tem">
          <spec gen="m" num="p">
            <d gen="m" lem="este" num="p" pos="dd0mp0" postype="demonstrative" wd="estos"/>
          </spec>
          <grup.nom gen="m" num="p">
            <n gen="m" lem="error" num="p" pos="ncmp000" postype="common" sense="16:00042411" wd="errores"/>
          </grup.nom>
        </sn>
      </S>
      <f lem="-" pos="fg" punct="hyphen" wd="-"/>
    </S>
    <sn arg="arg0" elliptic="yes" func="suj" tem="agt"/>
    <grup.verb>
      <v lem="decir" lss="A32.ditransitive-patient-benefactive" mood="indicative" num="s" person="1" pos="vmis1s0" postype="main" tense="past" wd="dije"/>
    </grup.verb>
    <f lem="-" pos="fg" punct="hyphen" wd="-"/>
    <f lem="." pos="fp" punct="period" wd="."/>
  </sentence>
  <sentence coord="yes">
    <conj conjunctiontype="coordinating" func="et">
      <c lem="y" pos="cc" postype="coordinating" wd="Y"/>
    </conj>
    <S>
      <sadv arg="argM" func="cc" tem="tmp">
        <grup.adv>
          <r lem="ahora" pos="rg" wd="ahora"/>
        </grup.adv>
      </sadv>
      <sn arg="arg0" entityref="ne" func="suj" ne="person" tem="agt">
        <f lem="," pos="fc" punct="comma" wd=","/>
        <grup.nom gen="f" num="s">
          <n lem="María_Angélica" ne="person" pos="np0000p" postype="proper" sense="16:cs1" wd="María_Angélica"/>
        </grup.nom>
        <f lem="," pos="fc" punct="comma" wd=","/>
      </sn>
      <grup.verb>
        <v lem="tirar" lss="A21.transitive-agentive-patient" mood="imperative" num="s" person="3" pos="vmm03s0" postype="main" wd="tire"/>
      </grup.verb>
      <sp arg="arg4" func="cc" tem="des">
        <prep>
          <s contracted="yes" gen="m" lem="al" num="s" pos="spcms" postype="preposition" wd="al"/>
        </prep>
        <sn>
          <grup.nom gen="m" num="s">
            <n gen="m" lem="cubo" num="s" pos="ncms000" postype="common" sense="16:02289616" wd="cubo"/>
            <sp>
              <prep>
                <s lem="de" pos="sps00" postype="preposition" wd="de"/>
              </prep>
              <sn>
                <spec gen="f" num="s">
                  <d gen="f" lem="el" num="s" pos="da0fs0" postype="article" wd="la"/>
                </spec>
                <grup.nom gen="f" num="s">
                  <n gen="f" lem="basura" num="s" pos="ncfs000" postype="common" sense="16:10656895" wd="basura"/>
                </grup.nom>
              </sn>
            </sp>
          </grup.nom>
        </sn>
      </sp>
      <sn arg="arg1" func="cd" tem="pat">
        <grup.nom gen="m" num="s">
          <p gen="m" lem="uno" num="s" pos="pi0ms000" postype="indefinite" wd="uno"/>
          <sp>
            <prep>
              <s lem="de" pos="sps00" postype="preposition" wd="de"/>
            </prep>
            <sn>
              <spec gen="m" num="p">
                <d gen="m" lem="el" num="p" pos="da0mp0" postype="article" wd="los"/>
                <d gen="c" lem="dos" num="p" pos="dn0cp0" postype="numeral" wd="dos"/>
              </spec>
              <grup.nom gen="m" num="p">
                <n lem="Jesuses" ne="person" pos="np0000p" postype="proper" sense="16:cs1" wd="Jesuses"/>
              </grup.nom>
            </sn>
          </sp>
        </grup.nom>
      </sn>
    </S>
    <conj conjunctiontype="coordinating">
      <c lem="y" pos="cc" postype="coordinating" wd="y"/>
    </conj>
    <S>
      <grup.verb>
        <v lem="dedicar" lss="A22.transitive-agentive-theme" mood="imperative" num="p" person="3" pos="vmm03p0" postype="main" wd="dedíquense"/>
      </grup.verb>
      <sn arg="arg0" elliptic="yes" func="suj" tem="agt"/>
      <sp arg="arg1" func="creg" tem="tem">
        <prep>
          <s lem="a" pos="sps00" postype="preposition" wd="a"/>
        </prep>
        <S clausetype="completive" impersonal="yes">
          <infinitiu>
            <v lem="montar" lss="A21.transitive-agentive-patient" mood="infinitive" pos="vmn0000" postype="main" wd="montar"/>
          </infinitiu>
          <sn arg="arg1" func="cd" tem="pat">
            <spec gen="m" num="s">
              <d gen="m" lem="el" num="s" pos="da0ms0" postype="article" wd="el"/>
            </spec>
            <grup.nom gen="m" num="s">
              <n gen="m" lem="nacimiento" lexicalid="noun.nacimiento.1.default" num="s" origin="deverbal" pos="ncms000" postype="common" sense="16:10867147" wd="nacimiento"/>
            </grup.nom>
          </sn>
        </S>
      </sp>
    </S>
    <f lem="." pos="fp" punct="period" wd="."/>
  </sentence>
  <sentence coord="yes">
    <S>
      <sn arg="arg1" entityref="ne" func="suj" ne="person" tem="tem">
        <grup.nom gen="f" num="s">
          <n lem="María_Angélica" ne="person" pos="np0000p" postype="proper" sense="16:cs1" wd="María_Angélica"/>
        </grup.nom>
      </sn>
      <morfema.pronominal>
        <p gen="c" lem="él" num="c" person="3" pos="p0300000" wd="se"/>
      </morfema.pronominal>
      <grup.verb>
        <v lem="poner" lss="B21.unaccusative-state" mood="indicative" num="s" person="3" pos="vmis3s0" postype="main" tense="past" wd="puso"/>
      </grup.verb>
      <sa arg="arg2" func="cpred" predicate="suj" tem="atr">
        <grup.a>
          <a gen="f" lem="pálido" num="s" pos="aq0fs0" postype="qualificative" wd="pálida"/>
        </grup.a>
      </sa>
    </S>
    <conj conjunctiontype="coordinating">
      <c lem="y" pos="cc" postype="coordinating" wd="y"/>
    </conj>
    <S>
      <sn arg="arg0" elliptic="yes" func="suj" tem="agt"/>
      <grup.verb>
        <v lem="musitar" lss="A21.transitive-agentive-patient" mood="indicative" num="s" person="3" pos="vmis3s0" postype="main" tense="past" wd="musitó"/>
      </grup.verb>
      <sn arg="arg1" func="cd" tem="pat">
        <spec gen="f" num="s">
          <d gen="c" lem="cualquiera" num="s" pos="di0cs0" postype="indefinite" wd="cualquier"/>
        </spec>
        <grup.nom gen="f" num="s">
          <n gen="f" lem="disculpa" lexicalid="noun.disculpa.1.default" num="s" origin="deverbal" pos="ncfs000" postype="common" sense="16:04976609" wd="disculpa"/>
        </grup.nom>
      </sn>
      <sp arg="argM" func="cc" tem="fin">
        <prep>
          <s lem="para" pos="sps00" postype="preposition" wd="para"/>
        </prep>
        <S clausetype="completive" impersonal="yes">
          <neg func="mod">
            <r lem="no" pos="rn" postype="negative" wd="no"/>
          </neg>
          <infinitiu>
            <v lem="hacer" lss="A21.transitive-agentive-patient" mood="infinitive" pos="vmn0000" postype="main" wd="hacerlo"/>
          </infinitiu>
        </S>
      </sp>
    </S>
    <f lem="." pos="fp" punct="period" wd="."/>
  </sentence>
  <sentence>
    <sn arg="arg0" elliptic="yes" func="suj" tem="agt"/>
    <grup.verb>
      <v lem="pedir" lss="A32.ditransitive-patient-benefactive" mood="indicative" num="s" person="1" pos="vmis1s0" postype="main" tense="past" wd="Pedí"/>
    </grup.verb>
    <sadv arg="argM" func="cc" tem="tmp">
      <grup.adv>
        <r lem="entonces" pos="rg" wd="entonces"/>
      </grup.adv>
    </sadv>
    <sp arg="arg2" func="ci" tem="ben">
      <prep>
        <s lem="a" pos="sps00" postype="preposition" wd="a"/>
      </prep>
      <sn>
        <spec gen="m" num="s">
          <d gen="c" lem="mi" num="s" person="1" pos="dp1css" possessornum="s" postype="possessive" wd="mi"/>
        </spec>
        <grup.nom gen="m" num="s">
          <n gen="m" lem="hijo" num="s" pos="ncms000" postype="common" sense="16:07592357" wd="hijo"/>
        </grup.nom>
      </sn>
    </sp>
    <S arg="arg1" clausetype="completive" func="cd" tem="pat">
      <conj conjunctiontype="subordinating">
        <c lem="que" pos="cs" postype="subordinating" wd="que"/>
      </conj>
      <sn arg="arg0" elliptic="yes" func="suj" tem="agt"/>
      <morfema.pronominal>
        <p gen="c" lem="él" num="c" person="3" pos="p0300000" wd="se"/>
      </morfema.pronominal>
      <grup.verb>
        <v lem="deshacer" lss="A22.transitive-agentive-theme" mood="subjunctive" num="s" person="3" pos="vmsi3s0" postype="main" tense="imperfect" wd="deshiciera"/>
      </grup.verb>
      <sp arg="arg1" func="creg" tem="tem">
        <prep>
          <s lem="de" pos="sps00" postype="preposition" wd="de"/>
        </prep>
        <sn>
          <grup.nom gen="f" num="s">
            <p gen="f" lem="uno" num="s" pos="pi0fs000" postype="indefinite" wd="una"/>
            <sp>
              <prep>
                <s lem="de" pos="sps00" postype="preposition" wd="de"/>
              </prep>
              <sn>
                <spec gen="f" num="p">
                  <d gen="f" lem="el" num="p" pos="da0fp0" postype="article" wd="las"/>
                  <d gen="c" lem="dos" num="p" pos="dn0cp0" postype="numeral" wd="dos"/>
                </spec>
                <grup.nom gen="f" num="p">
                  <n gen="f" lem="figurita" num="p" pos="ncfp000" postype="common" sense="16:cs1" wd="figuritas"/>
                </grup.nom>
              </sn>
            </sp>
          </grup.nom>
        </sn>
      </sp>
    </S>
    <f lem="." pos="fp" punct="period" wd="."/>
  </sentence>
  <sentence coord="yes">
    <conj conjunctiontype="coordinating" func="et">
      <c lem="pero" pos="cc" postype="coordinating" wd="Pero"/>
    </conj>
    <S>
      <sn arg="arg1" elliptic="yes" func="suj" tem="tem"/>
      <grup.verb>
        <v lem="partir" lss="B11.unaccusative-motion" mood="indicative" num="s" person="3" pos="vmis3s0" postype="main" tense="past" wd="partió"/>
      </grup.verb>
      <sadv arg="argM" func="cc" tem="adv">
        <grup.adv>
          <r lem="a_la_carrera" pos="rg" wd="a_la_carrera"/>
        </grup.adv>
      </sadv>
      <S arg="argM" clausetype="adverbial" func="cc" impersonal="yes" tem="adv">
        <gerundi>
          <v lem="alegar" lss="A21.transitive-agentive-patient" mood="gerund" pos="vmg0000" postype="main" wd="alegando"/>
        </gerundi>
        <sn arg="arg1" func="cd" tem="pat">
          <grup.nom gen="f" num="s">
            <n gen="f" lem="urgencia" lexicalid="noun.urgencia.1.default" num="s" origin="deverbal" pos="ncfs000" postype="common" sense="16:10108638" wd="urgencia"/>
            <s.a func="cn" gen="f" num="s">
              <grup.a gen="f" num="s">
                <a gen="f" lem="biológico" num="s" pos="aq0fs0" postype="qualificative" wd="biológica"/>
              </grup.a>
            </s.a>
          </grup.nom>
        </sn>
      </S>
    </S>
    <conj conjunctiontype="coordinating">
      <c lem="y" pos="cc" postype="coordinating" wd="y"/>
    </conj>
    <S>
      <sn arg="arg0" elliptic="yes" func="suj" tem="agt"/>
      <neg func="mod">
        <r lem="no" pos="rn" postype="negative" wd="no"/>
      </neg>
      <sn arg="arg1" func="cd" tem="pat">
        <grup.nom num="s">
          <p gen="c" lem="yo" num="s" person="1" pos="pp1cs000" postype="personal" wd="me"/>
        </grup.nom>
      </sn>
      <grup.verb>
        <v lem="obedecer" lss="A21.transitive-agentive-patient" mood="indicative" num="s" person="3" pos="vmis3s0" postype="main" tense="past" wd="obedeció"/>
      </grup.verb>
    </S>
    <f lem="." pos="fp" punct="period" wd="."/>
  </sentence>
  <sentence coord="yes">
    <S>
      <S arg="arg1" clausetype="completive" coord="yes" func="cd" tem="pat">
        <f lem="-" pos="fg" punct="hyphen" wd="-"/>
        <S clausetype="completive">
          <sn arg="arg1" elliptic="yes" func="suj" tem="tem"/>
          <grup.verb>
            <v lem="estar" lss="C21.state-attributive" mood="indicative" num="s" person="3" pos="vmip3s0" postype="main" tense="present" wd="Está"/>
          </grup.verb>
          <sadv arg="arg2" func="atr" tem="atr">
            <grup.adv>
              <r lem="bien" pos="rg" wd="bien"/>
            </grup.adv>
          </sadv>
        </S>
        <f lem="," pos="fc" punct="comma" wd=","/>
        <S clausetype="completive">
          <grup.verb>
            <v lem="hacer" lss="A21.transitive-agentive-patient" mood="imperative" num="s" person="2" pos="vmm02s0" postype="main" wd="hazlo"/>
          </grup.verb>
          <sn arg="arg0" func="suj" tem="agt">
            <grup.nom num="s">
              <p case="nominative" gen="c" lem="tú" num="s" person="2" pos="pp2csn00" postype="personal" wd="tú"/>
            </grup.nom>
          </sn>
        </S>
        <f lem="-" pos="fg" punct="hyphen" wd="-"/>
      </S>
      <sn arg="arg0" elliptic="yes" func="suj" tem="agt"/>
      <sn arg="arg2" func="ci" tem="ben">
        <grup.nom num="s">
          <p case="dative" gen="c" lem="él" num="s" person="3" pos="pp3csd00" postype="personal" wd="le"/>
        </grup.nom>
      </sn>
      <grup.verb>
        <v lem="indicar" lss="A32.ditransitive-patient-benefactive" mood="indicative" num="s" person="1" pos="vmis1s0" postype="main" tense="past" wd="indiqué"/>
      </grup.verb>
      <sp arg="arg2" func="ci" tem="ben">
        <prep>
          <s lem="a" pos="sps00" postype="preposition" wd="a"/>
        </prep>
        <sn>
          <spec gen="f" num="s">
            <d gen="c" lem="mi" num="s" person="1" pos="dp1css" possessornum="s" postype="possessive" wd="mi"/>
          </spec>
          <grup.nom gen="f" num="s">
            <n gen="f" lem="mujer" num="s" pos="ncfs000" postype="common" sense="16:07684780" wd="mujer"/>
          </grup.nom>
        </sn>
      </sp>
      <f lem="," pos="fc" punct="comma" wd=","/>
    </S>
    <conj conjunctiontype="coordinating">
      <c lem="e" pos="cc" postype="coordinating" wd="e"/>
    </conj>
    <S>
      <sn arg="arg0" elliptic="yes" func="suj" tem="agt"/>
      <grup.verb>
        <v lem="intentar" lss="A21.transitive-agentive-patient" mood="indicative" num="s" person="1" pos="vmis1s0" postype="main" tense="past" wd="intenté"/>
      </grup.verb>
      <S arg="arg1" clausetype="completive" func="cd" impersonal="yes" tem="pat">
        <infinitiu>
          <v lem="salir" lss="B11.unaccusative-motion" mood="infinitive" pos="vmn0000" postype="main" wd="salir"/>
        </infinitiu>
        <sp arg="arg3" func="cc" tem="ori">
          <prep>
            <s contracted="yes" gen="m" lem="del" num="s" pos="spcms" postype="preposition" wd="del"/>
          </prep>
          <sn>
            <grup.nom gen="m" num="s">
              <n gen="m" lem="salón" num="s" pos="ncms000" postype="common" sense="16:02934089" wd="salón"/>
            </grup.nom>
          </sn>
        </sp>
      </S>
    </S>
    <f lem="." pos="fp" punct="period" wd="."/>
  </sentence>
  <sentence coord="yes">
    <conj conjunctiontype="coordinating" func="et">
      <c lem="pero" pos="cc" postype="coordinating" wd="Pero"/>
    </conj>
    <S>
      <sn arg="arg0" func="suj" tem="cau">
        <spec gen="m" num="p">
          <d gen="c" lem="mi" num="p" person="1" pos="dp1cps" possessornum="s" postype="possessive" wd="mis"/>
        </spec>
        <grup.nom gen="m" num="p">
          <n gen="m" lem="hijo" num="p" pos="ncmp000" postype="common" sense="16:07154377" wd="hijos"/>
        </grup.nom>
      </sn>
      <grup.verb>
        <v lem="haber" mood="indicative" num="p" person="3" pos="vaii3p0" postype="auxiliary" tense="imperfect" wd="habían"/>
        <v gen="m" lem="cerrar" lss="A11.transitive-causative" mood="participle" num="s" pos="vmp00sm" postype="main" wd="cerrado"/>
      </grup.verb>
      <sn arg="arg1" func="cd" tem="tem">
        <spec gen="f" num="p">
          <d gen="f" lem="el" num="p" pos="da0fp0" postype="article" wd="las"/>
        </spec>
        <grup.nom gen="f" num="p">
          <n gen="f" lem="puerta" num="p" pos="ncfp000" postype="common" sense="16:02588950" wd="puertas"/>
        </grup.nom>
      </sn>
    </S>
    <conj conjunctiontype="coordinating">
      <c lem="y" pos="cc" postype="coordinating" wd="y"/>
    </conj>
    <S>
      <sn arg="arg0" elliptic="yes" func="suj" tem="agt"/>
      <sn arg="arg1" func="cd" tem="pat">
        <grup.nom num="s">
          <p gen="c" lem="yo" num="s" person="1" pos="pp1cs000" postype="personal" wd="me"/>
        </grup.nom>
      </sn>
      <grup.verb>
        <v lem="mirar" lss="A21.transitive-agentive-patient" mood="indicative" num="p" person="3" pos="vmii3p0" postype="main" tense="imperfect" wd="miraban"/>
      </grup.verb>
      <sadv arg="argM" func="cc" tem="mnr">
        <grup.adv>
          <r lem="fijamente" pos="rg" wd="fijamente"/>
        </grup.adv>
      </sadv>
    </S>
    <f lem="." pos="fp" punct="period" wd="."/>
  </sentence>
  <sentence>
    <neg func="mod">
      <r lem="no" pos="rn" postype="negative" wd="No"/>
    </neg>
    <grup.verb>
      <v lem="haber" mood="indicative" num="s" person="3" pos="vaii3s0" postype="auxiliary" tense="imperfect" wd="había"/>
      <c lem="que" pos="cs" postype="subordinating" wd="que"/>
      <infinitiu>
        <v lem="ser" lss="C21.state-attributive" mood="infinitive" pos="vsn0000" postype="semiauxiliary" wd="ser"/>
      </infinitiu>
    </grup.verb>
    <sa arg="arg2" func="atr" tem="atr">
      <spec>
        <r lem="mucho" pos="rg" wd="muy"/>
      </spec>
      <grup.a>
        <a gen="c" lem="perspicaz" num="s" pos="aq0cs0" postype="qualificative" wd="perspicaz"/>
      </grup.a>
    </sa>
    <sp arg="argM" func="cc" tem="fin">
      <prep>
        <s lem="para" pos="sps00" postype="preposition" wd="para"/>
      </prep>
      <S clausetype="completive" impersonal="yes">
        <infinitiu>
          <v lem="entender" lss="A21.transitive-agentive-patient" mood="infinitive" pos="vmn0000" postype="main" wd="entender"/>
        </infinitiu>
        <sn arg="arg1" func="cd" tem="pat">
          <spec gen="m" num="s">
            <d gen="m" lem="el" num="s" pos="da0ms0" postype="article" wd="el"/>
          </spec>
          <grup.nom gen="m" num="s">
            <s.a func="cn" gen="m" num="s">
              <grup.a gen="m" num="s">
                <a gen="m" lem="siniestro" num="s" pos="aq0ms0" postype="qualificative" wd="siniestro"/>
              </grup.a>
            </s.a>
            <n gen="m" lem="mensaje" lexicalid="noun.mensaje.1.default" num="s" origin="deverbal" pos="ncms000" postype="common" sense="16:04949838" wd="mensaje"/>
          </grup.nom>
        </sn>
      </S>
    </sp>
    <f lem="." pos="fp" punct="period" wd="."/>
  </sentence>
  <sentence>
    <S arg="arg1" clausetype="completive" func="cd" tem="pat" verbless="yes">
      <f lem="-" pos="fg" punct="hyphen" wd="-"/>
      <interjeccio>
        <i lem="ah" wd="Ah"/>
        <f lem="," pos="fc" punct="comma" wd=","/>
      </interjeccio>
      <neg>
        <r lem="no" pos="rn" postype="negative" wd="no"/>
      </neg>
      <sn>
        <spec gen="m" num="p">
          <d gen="c" lem="mi" num="p" person="1" pos="dp1cps" possessornum="s" postype="possessive" wd="mis"/>
        </spec>
        <grup.nom gen="m" num="p">
          <n gen="m" lem="querido" num="p" pos="ncmp000" postype="common" sense="16:07109169" wd="queridos"/>
        </grup.nom>
      </sn>
      <f lem="-" pos="fg" punct="hyphen" wd="-"/>
    </S>
    <sn arg="arg0" elliptic="yes" func="suj" tem="agt"/>
    <sn arg="arg2" func="ci" tem="ben">
      <grup.nom num="p">
        <p case="dative" gen="c" lem="él" num="p" person="3" pos="pp3cpd00" postype="personal" wd="les"/>
      </grup.nom>
    </sn>
    <grup.verb>
      <v lem="decir" lss="A32.ditransitive-patient-benefactive" mood="indicative" num="s" person="1" pos="vmis1s0" postype="main" tense="past" wd="dije"/>
    </grup.verb>
    <f lem="-" pos="fg" punct="hyphen" wd="-"/>
    <f lem="." pos="fp" punct="period" wd="."/>
  </sentence>
  <sentence coord="yes">
    <S verbless="yes">
      <sn>
        <grup.nom gen="m" num="s">
          <p gen="c" lem="nada" num="s" pos="pi0cs000" postype="indefinite" wd="Nada"/>
        </grup.nom>
      </sn>
      <sp>
        <prep>
          <s lem="de" pos="sps00" postype="preposition" wd="de"/>
        </prep>
        <sn>
          <grup.nom gen="m" num="s">
            <p gen="c" lem="ese" num="s" pos="pd0ns000" postype="demonstrative" wd="eso"/>
          </grup.nom>
        </sn>
      </sp>
    </S>
    <f lem=";" pos="fx" punct="semicolon" wd=";"/>
    <S>
      <neg func="mod">
        <r lem="no" pos="rn" postype="negative" wd="no"/>
      </neg>
      <grup.verb>
        <v lem="ser" lss="C21.state-attributive" mood="indicative" num="s" person="1" pos="vsif1s0" postype="semiauxiliary" tense="future" wd="seré"/>
      </grup.verb>
      <sn arg="arg1" func="suj" tem="tem">
        <grup.nom num="s">
          <p case="nominative" gen="c" lem="yo" num="s" person="1" pos="pp1csn00" postype="personal" wd="yo"/>
        </grup.nom>
      </sn>
      <S arg="arg2" clausetype="completive" func="atr" tem="atr">
        <relatiu arg="arg0" func="suj" tem="agt">
          <p gen="c" lem="quien" num="s" pos="pr0cs000" postype="relative" wd="quien"/>
        </relatiu>
        <grup.verb>
          <v lem="decidir" lss="A21.transitive-agentive-patient" mood="subjunctive" num="s" person="1" pos="vmsp1s0" postype="main" tense="present" wd="decida"/>
        </grup.verb>
        <S arg="arg1" clausetype="completive" coord="yes" func="cd" tem="pat">
          <S clausetype="completive">
            <sn arg="arg1" func="suj" tem="tem">
              <grup.nom num="s">
                <p gen="c" lem="cuál" num="s" pos="pt0cs000" postype="interrogative" wd="cuál"/>
              </grup.nom>
            </sn>
            <grup.verb>
              <v lem="ser" lss="C21.state-attributive" mood="indicative" num="s" person="3" pos="vsip3s0" postype="semiauxiliary" tense="present" wd="es"/>
            </grup.verb>
            <sn arg="arg2" entityref="ne" func="atr" ne="person" tem="atr">
              <spec gen="m" num="s">
                <d gen="m" lem="el" num="s" pos="da0ms0" postype="article" wd="el"/>
              </spec>
              <grup.nom gen="m" num="s">
                <n lem="Niño_Dios" ne="person" pos="np0000p" postype="proper" sense="16:cs1" wd="Niño_Dios"/>
                <S clausetype="relative">
                  <relatiu arg="arg0" func="suj" tem="agt">
                    <p gen="c" lem="que" num="c" pos="pr0cn000" postype="relative" wd="que"/>
                  </relatiu>
                  <grup.verb>
                    <v lem="ir" lss="D11.inergative-agentive" mood="indicative" num="s" person="3" pos="vmip3s0" postype="main" tense="present" wd="va"/>
                  </grup.verb>
                  <sp arg="arg4" func="cc" tem="des">
                    <prep>
                      <s contracted="yes" gen="m" lem="al" num="s" pos="spcms" postype="preposition" wd="al"/>
                    </prep>
                    <sn>
                      <grup.nom gen="m" num="s">
                        <n gen="m" lem="belén" num="s" pos="ncms000" postype="common" sense="16:02518567" wd="belén"/>
                      </grup.nom>
                    </sn>
                  </sp>
                </S>
              </grup.nom>
            </sn>
          </S>
          <conj conjunctiontype="coordinating">
            <c lem="y" pos="cc" postype="coordinating" wd="y"/>
          </conj>
          <S clausetype="completive">
            <sn arg="arg1" func="suj" tem="tem">
              <grup.nom num="s">
                <p gen="c" lem="cuál" num="s" pos="pt0cs000" postype="interrogative" wd="cuál"/>
              </grup.nom>
            </sn>
            <grup.verb>
              <v lem="ser" lss="C21.state-attributive" mood="indicative" num="s" person="3" pos="vsip3s0" postype="semiauxiliary" tense="present" wd="es"/>
            </grup.verb>
            <sn arg="arg2" func="atr" tem="atr">
              <spec gen="m" num="s">
                <d gen="m" lem="el" num="s" pos="da0ms0" postype="article" wd="el"/>
              </spec>
              <grup.nom gen="m" num="s">
                <S clausetype="relative">
                  <relatiu arg="arg1" func="suj" tem="tem">
                    <p gen="c" lem="que" num="c" pos="pr0cn000" postype="relative" wd="que"/>
                  </relatiu>
                  <grup.verb>
                    <v lem="ir" lss="C21.state-attributive" mood="indicative" num="s" person="3" pos="vmip3s0" postype="main" tense="present" wd="va"/>
                  </grup.verb>
                  <sp arg="argM" func="cc" tem="loc">
                    <prep>
                      <s lem="a" pos="sps00" postype="preposition" wd="a"/>
                    </prep>
                    <sn>
                      <spec gen="f" num="s">
                        <d gen="f" lem="el" num="s" pos="da0fs0" postype="article" wd="la"/>
                      </spec>
                      <grup.nom gen="f" num="s">
                        <n gen="f" lem="basura" num="s" pos="ncfs000" postype="common" sense="16:10656895" wd="basura"/>
                      </grup.nom>
                    </sn>
                  </sp>
                </S>
              </grup.nom>
            </sn>
          </S>
        </S>
      </S>
    </S>
  </sentence>
  <sentence>
    <S arg="arg1" clausetype="completive" func="cd" tem="pat" verbless="yes">
      <f lem="-" pos="fg" punct="hyphen" wd="-"/>
      <conj conjunctiontype="subordinating">
        <c lem="pues" pos="cs" postype="subordinating" wd="Pues"/>
      </conj>
      <sn>
        <grup.nom gen="m" num="p">
          <p gen="m" lem="yo" num="p" person="1" pos="pp1mp000" postype="personal" wd="nosotros"/>
        </grup.nom>
      </sn>
      <sadv>
        <grup.adv>
          <r lem="tampoco" pos="rg" wd="tampoco"/>
        </grup.adv>
      </sadv>
      <f lem="-" pos="fg" punct="hyphen" wd="-"/>
    </S>
    <grup.verb>
      <v lem="responder" lss="A32.ditransitive-patient-benefactive" mood="indicative" num="s" person="3" pos="vmis3s0" postype="main" tense="past" wd="respondió"/>
    </grup.verb>
    <sn arg="arg0" func="suj" tem="agt">
      <spec gen="f" num="s">
        <d gen="c" lem="mi" num="s" person="1" pos="dp1css" possessornum="s" postype="possessive" wd="mi"/>
      </spec>
      <grup.nom gen="f" num="s">
        <n gen="f" lem="mujer" num="s" pos="ncfs000" postype="common" sense="16:07684780" wd="mujer"/>
      </grup.nom>
    </sn>
    <sp arg="argM" func="cc" tem="adv">
      <prep>
        <s lem="a_nombre_de" pos="sps00" postype="preposition" wd="a_nombre_de"/>
      </prep>
      <sn>
        <grup.nom gen="m" num="p">
          <p gen="m" lem="todo" num="p" pos="pi0mp000" postype="indefinite" wd="todos"/>
        </grup.nom>
      </sn>
    </sp>
    <f lem="-" pos="fg" punct="hyphen" wd="-"/>
    <f lem="." pos="fp" punct="period" wd="."/>
  </sentence>
  <sentence coord="yes">
    <S>
      <sn arg="arg0" elliptic="yes" func="suj" tem="agt"/>
      <sn arg="arg2" func="ci" tem="ben">
        <grup.nom num="s">
          <p case="dative" gen="c" lem="él" num="s" person="3" pos="pp3csd00" postype="personal" wd="Le"/>
        </grup.nom>
      </sn>
      <grup.verb>
        <v lem="haber" mood="indicative" num="p" person="1" pos="vaip1p0" postype="auxiliary" tense="present" wd="hemos"/>
        <v gen="m" lem="tomar" lss="A32.ditransitive-patient-benefactive" mood="participle" num="s" pos="vmp00sm" postype="main" wd="tomado"/>
      </grup.verb>
      <sn arg="arg1" func="cd" tem="pat">
        <grup.nom gen="m" num="s">
          <n gen="m" lem="cariño" num="s" pos="ncms000" postype="common" sense="16:05608793" wd="cariño"/>
        </grup.nom>
      </sn>
      <sp arg="arg2" func="ci" tem="ben">
        <prep>
          <s lem="a" pos="sps00" postype="preposition" wd="a"/>
        </prep>
        <sn>
          <spec gen="m" num="p">
            <d gen="m" lem="el" num="p" pos="da0mp0" postype="article" wd="los"/>
          </spec>
          <grup.nom gen="m" num="p">
            <p gen="c" lem="dos" num="p" pos="pn0cp000" postype="numeral" wd="dos"/>
          </grup.nom>
        </sn>
      </sp>
      <f lem="," pos="fc" punct="comma" wd=","/>
    </S>
    <conj conjunctiontype="coordinating">
      <c lem="y" pos="cc" postype="coordinating" wd="y"/>
    </conj>
    <S>
      <sn arg="arg1" elliptic="yes" func="suj" tem="tem"/>
      <neg func="mod">
        <r lem="no" pos="rn" postype="negative" wd="no"/>
      </neg>
      <grup.verb>
        <v lem="tener" lss="C21.state-attributive" mood="indicative" num="p" person="1" pos="vmip1p0" postype="main" tense="present" wd="tenemos"/>
      </grup.verb>
      <sn arg="arg2" func="cd" functype="quantitative" tem="atr">
        <grup.nom gen="m" num="s">
          <n gen="m" lem="corazón" num="s" pos="ncms000" postype="common" sense="16:04545575" wd="corazón"/>
        </grup.nom>
      </sn>
      <sp arg="argM" func="cc" tem="fin">
        <prep>
          <s lem="para" pos="sps00" postype="preposition" wd="para"/>
        </prep>
        <S clausetype="completive" coord="yes" impersonal="yes">
          <S clausetype="completive" impersonal="yes">
            <infinitiu>
              <v lem="premiar" lss="A21.transitive-agentive-patient" mood="infinitive" pos="vmn0000" postype="main" wd="premiar"/>
            </infinitiu>
            <sp arg="arg1" func="cd" tem="pat">
              <prep>
                <s lem="a" pos="sps00" postype="preposition" wd="a"/>
              </prep>
              <sn>
                <grup.nom gen="m" num="s">
                  <p gen="m" lem="uno" num="s" pos="pi0ms000" postype="indefinite" wd="uno"/>
                </grup.nom>
              </sn>
            </sp>
          </S>
          <conj conjunctiontype="coordinating">
            <c lem="y" pos="cc" postype="coordinating" wd="y"/>
          </conj>
          <S clausetype="completive" impersonal="yes">
            <infinitiu>
              <v lem="castigar" lss="A34.ditransitive-patient-theme" mood="infinitive" pos="vmn0000" postype="main" wd="castigar"/>
            </infinitiu>
            <sp arg="arg1" func="cd" tem="pat">
              <prep>
                <s contracted="yes" gen="m" lem="al" num="s" pos="spcms" postype="preposition" wd="al"/>
              </prep>
              <sn>
                <grup.nom gen="m" num="s">
                  <p gen="m" lem="otro" num="s" pos="pi0ms000" postype="indefinite" wd="otro"/>
                </grup.nom>
              </sn>
            </sp>
          </S>
        </S>
      </sp>
    </S>
    <f lem="." pos="fp" punct="period" wd="."/>
  </sentence>
</article>
