<?xml version="1.0" encoding="UTF-8"?>
<!-- 

  ancora-2.0
       
			Copyright (C) 2007, 2008, 2009, 2010, 2011 UB - CLiC
			Centre de Llenguatge i Computació - Universitat de Barcelona
 
  This file is part of ancora-2.0.
 
  ancora-2.0 is free software and data: you can redistribute it and/or modify
  it under the terms of the GNU General Public License as published
  by the Free Software Foundation, either version 3 of the License,
  or (at your option) any later version.

  ancora-2.0 is distributed in the hope that it will be useful,
  but WITHOUT ANY WARRANTY; without even the implied warranty of
  MERCHANTABILITY or FITNESS FOR A PARTICULAR PURPOSE.  See the
  GNU General Public License for more details.
 
  You should have received a copy of the GNU General Public License
  along with ancora-2.0.  If not, see &lt;http://www.gnu.org/licenses/&gt;.
 
  Check a text in catalan explaining the terms of the license at http://www.softcatala.cat/wiki/GPL3.
  In spanish at http://www.viti.es/gnu/licenses/gpl.html
 

  The following paper must be cited when using this corpus:

 * Taulé, M., M.A. Martí, M. Recasens (2008) 'Ancora: Multilevel Annotated Corpora for Catalan and Spanish',
   Proceedings of 6th International Conference on Language Resources and Evaluation. Marrakesh (Morocco).

  In addition, the following paper must be cited if coreference information (attributes entity, coreftype,
  corefsubtype, homophoricDD or entityref) is used:

 * Recasens, Marta, M. Antònia Martí (2010) ‘AnCora-CO: Coreferentially annotated corpora for Spanish and
   Catalan’. Language Resources and Evaluation, Springer Science.

  Additionally, the following paper must be cited when argumental attributes in "sn" or "grup.nom"
  (attributes func, arg, tem or lexicalid) are used:

 * Peris, Aina, Mariona Taulé, Horacio Rodríguez (2010) ‘Semantic Annotation of Deverbal Nominalizations in the
   Spanish AnCora corpus’. Treebanks and Linguistic Theories (TLT-2010), Estonia.
-->
<article lng="es">
  <sentence>
    <grup.verb>
      <v lem="haber" lss="C11.state-existential" mood="indicative" num="s" person="3" pos="vaip3s0" postype="auxiliary" tense="present" wd="Hay"/>
    </grup.verb>
    <S arg="arg1" clausetype="completive" func="cd" functype="quantitative" tem="tem">
      <relatiu arg="arg0" func="suj" tem="agt">
        <p gen="c" lem="quien" num="s" pos="pr0cs000" postype="relative" wd="quien"/>
      </relatiu>
      <grup.verb>
        <v lem="intentar" lss="A21.transitive-agentive-patient" mood="indicative" num="s" person="3" pos="vmip3s0" postype="main" tense="present" wd="intenta"/>
      </grup.verb>
      <S arg="arg1" clausetype="completive" coord="yes" func="cd" impersonal="yes" tem="pat">
        <S clausetype="completive" coord="yes" impersonal="yes">
          <S clausetype="completive" impersonal="yes">
            <infinitiu>
              <v lem="cumplir" lss="A21.transitive-agentive-patient" mood="infinitive" pos="vmn0000" postype="main" wd="cumplir"/>
            </infinitiu>
          </S>
          <conj conjunctiontype="coordinating">
            <c lem="y" pos="cc" postype="coordinating" wd="y"/>
          </conj>
          <S clausetype="completive" impersonal="yes">
            <infinitiu>
              <v lem="llamar" lss="A21.transitive-agentive-patient" mood="infinitive" pos="vmn0000" postype="main" wd="llamar"/>
            </infinitiu>
            <sn arg="arg1" func="cd" tem="pat">
              <spec gen="f" num="s">
                <d gen="f" lem="el" num="s" pos="da0fs0" postype="article" wd="la"/>
              </spec>
              <grup.nom gen="f" num="s">
                <n gen="f" lem="atención" lexicalid="noun.atención.5.default" num="s" origin="deverbal" pos="ncfs000" postype="common" sense="16:04406962" wd="atención"/>
              </grup.nom>
            </sn>
          </S>
        </S>
        <S arg="argM" clausetype="adverbial" func="cc" impersonal="yes" tem="adv">
          <gerundi>
            <v lem="regalar" lss="A32.ditransitive-patient-benefactive" mood="gerund" pos="vmg0000" postype="main" wd="regalando"/>
          </gerundi>
          <sn arg="arg1" func="cd" tem="pat">
            <grup.nom gen="f" num="p">
              <n gen="f" lem="cosa" num="p" pos="ncfp000" postype="common" sense="16:00009457" wd="cosas"/>
              <s.a gen="f" num="p">
                <spec>
                  <r lem="completamente" pos="rg" wd="completamente"/>
                </spec>
                <grup.a gen="f" num="p">
                  <a gen="f" lem="absurdo" num="p" pos="aq0fp0" postype="qualificative" wd="absurdas"/>
                </grup.a>
              </s.a>
            </grup.nom>
          </sn>
        </S>
      </S>
    </S>
    <f lem="." pos="fp" punct="period" wd="."/>
  </sentence>
  <sentence coord="yes">
    <S coord="yes" verbless="yes">
      <sadv>
        <grup.adv>
          <r lem="por_ejemplo" pos="rg" wd="Por_ejemplo"/>
        </grup.adv>
        <f lem="," pos="fc" punct="comma" wd=","/>
      </sadv>
      <S coord="yes" verbless="yes">
        <S verbless="yes">
          <sp>
            <prep>
              <s lem="a" pos="sps00" postype="preposition" wd="a"/>
            </prep>
            <sn entityref="ne" ne="person">
              <grup.nom gen="m" num="s">
                <n lem="Mario_Conde" ne="person" pos="np0000p" postype="proper" sense="16:cs1" wd="Mario_Conde"/>
              </grup.nom>
            </sn>
          </sp>
          <sn>
            <spec gen="f" num="s">
              <d gen="f" lem="uno" num="s" pos="di0fs0" postype="indefinite" wd="una"/>
            </spec>
            <grup.nom gen="f" num="s">
              <n gen="f" lem="carta" num="s" pos="ncfs000" postype="common" sense="16:04968965" wd="carta"/>
              <sp>
                <prep>
                  <s lem="de" pos="sps00" postype="preposition" wd="de"/>
                </prep>
                <sn>
                  <grup.nom gen="m" num="s">
                    <n gen="m" lem="respaldo" lexicalid="noun.respaldo.1.default" num="s" origin="deverbal" pos="ncms000" postype="common" sense="16:00787700" wd="respaldo"/>
                    <sp arg="arg0" func="cn" tem="agt">
                      <prep>
                        <s lem="de" pos="sps00" postype="preposition" wd="de"/>
                      </prep>
                      <sn entityref="ne" ne="person">
                        <grup.nom gen="m" num="s">
                          <n lem="J._P._Morgan" ne="person" pos="np0000p" postype="proper" sense="16:cs1" wd="J._P._Morgan"/>
                        </grup.nom>
                      </sn>
                    </sp>
                  </grup.nom>
                </sn>
              </sp>
            </grup.nom>
          </sn>
          <f lem="," pos="fc" punct="comma" wd=","/>
        </S>
        <conj conjunctiontype="coordinating">
          <c lem="o" pos="cc" postype="coordinating" wd="o"/>
        </conj>
        <S verbless="yes">
          <sp>
            <prep>
              <s contracted="yes" gen="m" lem="al" num="s" pos="spcms" postype="preposition" wd="al"/>
            </prep>
            <sn entityref="ne" ne="person">
              <grup.nom gen="m" num="s">
                <n gen="m" lem="ministro" num="s" pos="ncms000" postype="common" sense="16:07412658" wd="ministro"/>
                <sn entityref="ne" ne="person">
                  <grup.nom gen="m" num="s">
                    <n lem="Asunción" ne="person" pos="np0000p" postype="proper" wd="Asunción"/>
                  </grup.nom>
                </sn>
              </grup.nom>
            </sn>
          </sp>
          <sn>
            <spec gen="m" num="s">
              <d gen="m" lem="uno" num="s" pos="di0ms0" postype="indefinite" wd="un"/>
            </spec>
            <grup.nom gen="m" num="s">
              <s.a gen="m" num="s">
                <grup.a gen="m" num="s">
                  <a gen="m" lem="bonito" num="s" pos="aq0ms0" postype="qualificative" wd="bonito"/>
                </grup.a>
              </s.a>
              <n lem="Garzón" ne="other" pos="np0000a" postype="proper" sense="16:cs1" wd="Garzón"/>
            </grup.nom>
          </sn>
        </S>
      </S>
    </S>
    <f lem=";" pos="fx" punct="semicolon" wd=";"/>
    <S>
      <sn arg="arg1" elliptic="yes" func="suj" tem="tem"/>
      <grup.verb>
        <v lem="ser" lss="C21.state-attributive" mood="indicative" num="p" person="3" pos="vsip3p0" postype="semiauxiliary" tense="present" wd="son"/>
      </grup.verb>
      <sn arg="arg2" func="atr" tem="atr">
        <spec gen="m" num="p">
          <d gen="m" lem="el" num="p" pos="da0mp0" postype="article" wd="los"/>
        </spec>
        <grup.nom gen="m" num="p">
          <f lem="-" pos="fg" punct="hyphen" wd="-"/>
          <n gen="m" lem="detalle" num="p" pos="ncmp000" postype="common" sense="16:04481751" wd="detalles"/>
          <s.a gen="m" num="p">
            <grup.a gen="m" num="p">
              <a gen="m" lem="chistoso" num="p" pos="aq0mp0" postype="qualificative" wd="chistosos"/>
            </grup.a>
          </s.a>
          <f lem="-" pos="fg" punct="hyphen" wd="-"/>
        </grup.nom>
      </sn>
    </S>
    <f lem="." pos="fp" punct="period" wd="."/>
  </sentence>
  <sentence coord="yes">
    <S>
      <sadv func="et">
        <grup.adv>
          <r lem="eso_sí" pos="rg" wd="Eso_sí"/>
        </grup.adv>
        <f lem="," pos="fc" punct="comma" wd=","/>
      </sadv>
      <sn arg="arg0" func="suj" tem="agt">
        <spec gen="m" num="p">
          <d gen="m" lem="el" num="p" pos="da0mp0" postype="article" wd="los"/>
        </spec>
        <grup.nom gen="m" num="p">
          <S clausetype="relative">
            <relatiu arg="arg0" func="suj" tem="agt">
              <p gen="c" lem="que" num="c" pos="pr0cn000" postype="relative" wd="que"/>
            </relatiu>
            <grup.verb>
              <v lem="regalar" lss="A32.ditransitive-patient-benefactive" mood="indicative" num="p" person="3" pos="vmip3p0" postype="main" tense="present" wd="regalan"/>
            </grup.verb>
            <sn arg="arg1" func="cd" tem="pat">
              <grup.nom gen="m" num="p">
                <n gen="m" lem="detalle" num="p" pos="ncmp000" postype="common" sense="16:04481751" wd="detalles"/>
                <s.a gen="m" num="p">
                  <grup.a gen="m" num="p">
                    <a gen="m" lem="chistoso" num="p" pos="aq0mp0" postype="qualificative" wd="chistosos"/>
                  </grup.a>
                </s.a>
              </grup.nom>
            </sn>
          </S>
        </grup.nom>
      </sn>
      <morfema.pronominal>
        <p gen="c" lem="él" num="c" person="3" pos="p0300000" wd="se"/>
      </morfema.pronominal>
      <grup.verb>
        <v lem="arriesgar" lss="A22.transitive-agentive-theme" mood="indicative" num="p" person="3" pos="vmip3p0" postype="main" tense="present" wd="arriesgan"/>
      </grup.verb>
      <sp arg="arg1" func="creg" tem="tem">
        <prep>
          <s lem="a" pos="sps00" postype="preposition" wd="a"/>
        </prep>
        <S clausetype="completive" impersonal="yes">
          <infinitiu>
            <v lem="acabar" lss="B21.unaccusative-state" mood="infinitive" pos="vmn0000" postype="main" wd="acabar"/>
          </infinitiu>
          <sp arg="argM" func="cc" tem="mnr">
            <prep>
              <s lem="con" pos="sps00" postype="preposition" wd="con"/>
            </prep>
            <sn>
              <spec gen="m" num="s">
                <d gen="m" lem="el" num="s" pos="da0ms0" postype="article" wd="el"/>
              </spec>
              <grup.nom gen="m" num="s">
                <n gen="m" lem="detalle" num="s" pos="ncms000" postype="common" sense="16:04481751" wd="detalle"/>
                <S clausetype="participle" impersonal="yes">
                  <participi>
                    <a gen="m" lem="encajado" lss="C11.state-existential" num="s" pos="aq0msp" posfunction="participle" postype="qualificative" wd="encajado"/>
                  </participi>
                  <sp arg="argM" func="cc" tem="loc">
                    <prep>
                      <s lem="entre" pos="sps00" postype="preposition" wd="entre"/>
                    </prep>
                    <sn>
                      <spec gen="f" num="p">
                        <d gen="f" lem="el" num="p" pos="da0fp0" postype="article" wd="las"/>
                      </spec>
                      <grup.nom gen="f" num="p">
                        <n gen="f" lem="muela" num="p" pos="ncfp000" postype="common" sense="16:04119489" wd="muelas"/>
                        <sp>
                          <prep>
                            <s contracted="yes" gen="m" lem="del" num="s" pos="spcms" postype="preposition" wd="del"/>
                          </prep>
                          <sn>
                            <grup.nom gen="m" num="s">
                              <n gen="m" lem="juicio" lexicalid="noun.juicio.5.default" num="s" origin="deverbal" pos="ncms000" postype="common" sense="16:04348023" wd="juicio"/>
                            </grup.nom>
                          </sn>
                        </sp>
                      </grup.nom>
                    </sn>
                  </sp>
                </S>
              </grup.nom>
            </sn>
          </sp>
        </S>
      </sp>
      <f lem="," pos="fc" punct="comma" wd=","/>
    </S>
    <conj conjunctiontype="coordinating">
      <c lem="y" pos="cc" postype="coordinating" wd="y"/>
    </conj>
    <S>
      <sadv func="mod">
        <grup.adv>
          <r lem="además" pos="rg" wd="además"/>
        </grup.adv>
      </sadv>
      <sn arg="arg1" elliptic="yes" func="suj" tem="tem"/>
      <grup.verb>
        <v lem="quedar" lss="C21.state-attributive" mood="indicative" num="p" person="3" pos="vmip3p0" postype="main" tense="present" wd="quedan"/>
      </grup.verb>
      <sp arg="argM" func="cc" tem="mnr">
        <prep>
          <c lem="como" pos="cs" postype="subordinating" wd="como"/>
        </prep>
        <sn>
          <spec gen="m" num="s">
            <d gen="c" lem="el" num="s" pos="da0ns0" postype="article" wd="lo"/>
          </spec>
          <grup.nom gen="m" num="p">
            <S clausetype="relative">
              <relatiu arg="arg1" func="suj" tem="tem">
                <p gen="c" lem="que" num="c" pos="pr0cn000" postype="relative" wd="que"/>
              </relatiu>
              <grup.verb>
                <v lem="ser" lss="C21.state-attributive" mood="indicative" num="p" person="3" pos="vsip3p0" postype="semiauxiliary" tense="present" wd="son"/>
              </grup.verb>
              <sn arg="arg2" coord="yes" func="atr" tem="atr">
                <f lem=":" pos="fd" punct="colon" wd=":"/>
                <sn>
                  <spec gen="m" num="p">
                    <d gen="m" lem="uno" num="p" pos="di0mp0" postype="indefinite" wd="unos"/>
                  </spec>
                  <grup.nom gen="m" num="p">
                    <s.a gen="m" num="p">
                      <grup.a gen="m" num="p">
                        <a gen="m" lem="patoso" num="p" pos="aq0mp0" postype="qualificative" wd="patosos"/>
                      </grup.a>
                    </s.a>
                  </grup.nom>
                </sn>
                <conj conjunctiontype="coordinating">
                  <c lem="o" pos="cc" postype="coordinating" wd="o"/>
                </conj>
                <sn>
                  <spec gen="m" num="p">
                    <d gen="m" lem="uno" num="p" pos="di0mp0" postype="indefinite" wd="unos"/>
                  </spec>
                  <grup.nom gen="m" num="p">
                    <s.a gen="m" num="p">
                      <grup.a gen="m" num="p">
                        <a gen="m" lem="tacaño" num="p" pos="aq0mp0" postype="qualificative" wd="tacaños"/>
                      </grup.a>
                    </s.a>
                  </grup.nom>
                </sn>
              </sn>
            </S>
          </grup.nom>
        </sn>
      </sp>
    </S>
    <f lem="." pos="fp" punct="period" wd="."/>
  </sentence>
  <sentence>
    <sn arg="arg0" func="suj" tem="agt">
      <grup.nom gen="m" num="p">
        <p gen="m" lem="otro" num="p" pos="pi0mp000" postype="indefinite" wd="Otros"/>
      </grup.nom>
    </sn>
    <grup.verb>
      <v lem="creer" lss="A21.transitive-agentive-patient" mood="indicative" num="p" person="3" pos="vmip3p0" postype="main" tense="present" wd="creen"/>
    </grup.verb>
    <S arg="arg1" clausetype="completive" func="cd" tem="pat">
      <conj conjunctiontype="subordinating">
        <c lem="que" pos="cs" postype="subordinating" wd="que"/>
      </conj>
      <S arg="argM" clausetype="adverbial" func="cc" impersonal="yes" tem="adv">
        <gerundi>
          <v lem="regalar" lss="A32.ditransitive-patient-benefactive" mood="gerund" pos="vmg0000" postype="main" wd="regalando"/>
        </gerundi>
        <sn arg="arg1" func="cd" tem="pat">
          <grup.nom gen="f" num="p">
            <n gen="f" lem="cosa" num="p" pos="ncfp000" postype="common" sense="16:00009457" wd="cosas"/>
            <s.a gen="f" num="p">
              <grup.a gen="f" num="p">
                <a gen="f" lem="práctico" num="p" pos="aq0fp0" postype="qualificative" wd="prácticas"/>
              </grup.a>
            </s.a>
            <sn coord="yes">
              <f lem="-" pos="fg" punct="hyphen" wd="-"/>
              <f lem="-" pos="fg" punct="hyphen" wd="-"/>
              <sn>
                <grup.nom gen="m" num="p">
                  <n gen="m" lem="calcetín" num="p" pos="ncmp000" postype="common" sense="16:03364657" wd="calcetines"/>
                </grup.nom>
              </sn>
              <f lem="," pos="fc" punct="comma" wd=","/>
              <sn>
                <grup.nom gen="m" num="s">
                  <n gen="m" lem="esmalte" lexicalid="noun.esmalte.1.default" num="s" origin="deverbal" pos="ncms000" postype="common" sense="16:02638085" wd="esmalte"/>
                  <sp arg="argL" func="cn">
                    <prep>
                      <s lem="de" pos="sps00" postype="preposition" wd="de"/>
                    </prep>
                    <sn>
                      <grup.nom gen="f" num="p">
                        <n gen="f" lem="uña" num="p" pos="ncfp000" postype="common" sense="16:01662053" wd="uñas"/>
                      </grup.nom>
                    </sn>
                  </sp>
                </grup.nom>
              </sn>
              <f lem="," pos="fc" punct="comma" wd=","/>
              <sn>
                <spec gen="m" num="s">
                  <d gen="m" lem="uno" num="s" pos="di0ms0" postype="indefinite" wd="un"/>
                </spec>
                <grup.nom gen="m" num="s">
                  <n gen="m" lem="carné" num="s" pos="ncms000" postype="common" sense="16:cs1" wd="carné"/>
                  <sp>
                    <prep>
                      <s lem="de" pos="sps00" postype="preposition" wd="de"/>
                    </prep>
                    <sn>
                      <grup.nom gen="f" num="s">
                        <n gen="c" lem="militante" num="s" pos="nccs000" postype="common" sense="16:07409291" wd="militante"/>
                        <sp>
                          <prep>
                            <s contracted="yes" gen="m" lem="del" num="s" pos="spcms" postype="preposition" wd="del"/>
                          </prep>
                          <sn entityref="ne" ne="organization">
                            <grup.nom gen="m" num="s">
                              <n lem="PSOE" ne="organization" pos="np0000o" postype="proper" sense="16:50001205" wd="PSOE"/>
                            </grup.nom>
                          </sn>
                        </sp>
                      </grup.nom>
                    </sn>
                  </sp>
                </grup.nom>
              </sn>
              <f lem="," pos="fc" punct="comma" wd=","/>
              <sn>
                <spec gen="m" num="s">
                  <d gen="m" lem="uno" num="s" pos="di0ms0" postype="indefinite" wd="un"/>
                </spec>
                <grup.nom gen="m" num="s">
                  <n gen="m" lem="colirio" num="s" pos="ncms000" postype="common" sense="16:02656113" wd="colirio"/>
                </grup.nom>
              </sn>
              <f lem="-" pos="fg" punct="hyphen" wd="-"/>
              <f lem="-" pos="fg" punct="hyphen" wd="-"/>
            </sn>
          </grup.nom>
        </sn>
      </S>
      <sn arg="arg1" elliptic="yes" func="suj" tem="tem"/>
      <grup.verb>
        <v lem="quedar" lss="C21.state-attributive" mood="indicative" num="p" person="3" pos="vmip3p0" postype="main" tense="present" wd="quedan"/>
      </grup.verb>
      <sadv arg="argM" func="cc" tem="mnr">
        <grup.adv>
          <r lem="bien" pos="rg" wd="bien"/>
        </grup.adv>
      </sadv>
      <sp arg="argM" func="cc" tem="adv">
        <f lem="," pos="fc" punct="comma" wd=","/>
        <prep>
          <s lem="sin" pos="sps00" postype="preposition" wd="sin"/>
        </prep>
        <S clausetype="completive" impersonal="yes">
          <infinitiu>
            <v lem="dar_cuenta" lss="A22.transitive-agentive-theme" mood="infinitive" pos="vmn0000" postype="main" wd="darse_cuenta"/>
          </infinitiu>
          <sp arg="arg1" func="creg" tem="tem">
            <prep>
              <s lem="de" pos="sps00" postype="preposition" wd="de"/>
            </prep>
            <S clausetype="completive">
              <conj conjunctiontype="subordinating">
                <c lem="que" pos="cs" postype="subordinating" wd="que"/>
              </conj>
              <sn arg="arg1" func="suj" tem="tem">
                <spec gen="f" num="p">
                  <d gen="f" lem="todo" num="p" pos="di0fp0" postype="indefinite" wd="todas"/>
                  <d gen="f" lem="el" num="p" pos="da0fp0" postype="article" wd="las"/>
                </spec>
                <grup.nom gen="f" num="p">
                  <n gen="f" lem="cosa" num="p" pos="ncfp000" postype="common" sense="16:00009457" wd="cosas"/>
                  <s.a gen="f" num="p">
                    <grup.a gen="f" num="p">
                      <a gen="f" lem="práctico" num="p" pos="aq0fp0" postype="qualificative" wd="prácticas"/>
                    </grup.a>
                  </s.a>
                </grup.nom>
              </sn>
              <grup.verb>
                <v lem="ser" lss="C21.state-attributive" mood="indicative" num="p" person="3" pos="vsip3p0" postype="semiauxiliary" tense="present" wd="son"/>
              </grup.verb>
              <sp arg="argM" func="cc" tem="adv">
                <f lem="," pos="fc" punct="comma" wd=","/>
                <prep>
                  <s lem="por" pos="sps00" postype="preposition" wd="por"/>
                </prep>
                <sn>
                  <grup.nom gen="f" num="s">
                    <n gen="f" lem="definición" lexicalid="noun.definición.1.default" num="s" origin="deverbal" pos="ncfs000" postype="common" sense="16:05054071" wd="definición"/>
                  </grup.nom>
                </sn>
                <f lem="," pos="fc" punct="comma" wd=","/>
              </sp>
              <sp arg="arg2" func="atr" tem="atr">
                <prep>
                  <s lem="de" pos="sps00" postype="preposition" wd="de"/>
                </prep>
                <sn>
                  <grup.nom gen="m" num="s">
                    <sadv func="cn">
                      <grup.adv>
                        <r lem="mal" pos="rg" wd="mal"/>
                      </grup.adv>
                    </sadv>
                    <n gen="m" lem="gusto" lexicalid="noun.gusto.1.default" num="s" origin="deverbal" pos="ncms000" postype="common" sense="16:04435866" wd="gusto"/>
                  </grup.nom>
                </sn>
              </sp>
            </S>
          </sp>
        </S>
      </sp>
    </S>
    <f lem="." pos="fp" punct="period" wd="."/>
  </sentence>
  <sentence coord="yes">
    <S>
      <sadv arg="argM" func="cc" tem="loc">
        <grup.adv>
          <r lem="por_fortuna" pos="rg" wd="Por_fortuna"/>
        </grup.adv>
      </sadv>
      <S arg="argM" clausetype="adverbial" func="cc" tem="loc">
        <f lem="," pos="fc" punct="comma" wd=","/>
        <conj conjunctiontype="subordinating">
          <c lem="como" pos="cs" postype="subordinating" wd="como"/>
        </conj>
        <sn arg="arg0" elliptic="yes" func="suj" tem="agt"/>
        <grup.verb>
          <v lem="decir" lss="A32.ditransitive-patient-benefactive" mood="indicative" num="s" person="3" pos="vmii3s0" postype="main" tense="imperfect" wd="decía"/>
        </grup.verb>
        <sadv arg="argM" func="cc" tem="tmp">
          <grup.adv>
            <r lem="al_principio" pos="rg" wd="al_principio"/>
          </grup.adv>
        </sadv>
        <f lem="," pos="fc" punct="comma" wd=","/>
      </S>
      <sn arg="arg0" func="suj" tem="agt">
        <spec gen="f" num="s">
          <d gen="f" lem="el" num="s" pos="da0fs0" postype="article" wd="la"/>
        </spec>
        <grup.nom gen="f" num="s">
          <n gen="f" lem="vida" num="s" pos="ncfs000" postype="common" sense="16:10865688" wd="vida"/>
        </grup.nom>
      </sn>
      <sn arg="arg2" func="ci" tem="ben">
        <grup.nom num="p">
          <p gen="c" lem="yo" num="p" person="1" pos="pp1cp000" postype="personal" wd="nos"/>
        </grup.nom>
      </sn>
      <grup.verb>
        <v lem="haber" mood="indicative" num="s" person="3" pos="vaip3s0" postype="auxiliary" tense="present" wd="ha"/>
        <v gen="m" lem="enseñar" lss="A32.ditransitive-patient-benefactive" mood="participle" num="s" pos="vmp00sm" postype="main" wd="enseñado"/>
      </grup.verb>
      <sp arg="arg1" func="cd" tem="pat">
        <prep>
          <s lem="a" pos="sps00" postype="preposition" wd="a"/>
        </prep>
        <S clausetype="completive" impersonal="yes">
          <neg func="mod">
            <r lem="no" pos="rn" postype="negative" wd="no"/>
          </neg>
          <infinitiu>
            <v lem="ser" lss="C21.state-attributive" mood="infinitive" pos="vsn0000" postype="semiauxiliary" wd="ser"/>
          </infinitiu>
          <sa arg="arg2" func="atr" tem="atr">
            <grup.a>
              <a gen="c" lem="exigente" num="p" pos="aq0cp0" postype="qualificative" wd="exigentes"/>
            </grup.a>
          </sa>
        </S>
      </sp>
    </S>
    <conj conjunctiontype="coordinating">
      <c lem="y" pos="cc" postype="coordinating" wd="y"/>
    </conj>
    <S>
      <sn arg="arg1" func="suj" tem="tem">
        <spec gen="m" num="s">
          <d gen="c" lem="cualquiera" num="s" pos="di0cs0" postype="indefinite" wd="cualquier"/>
        </spec>
        <grup.nom gen="m" num="s">
          <n gen="m" lem="detalle" num="s" pos="ncms000" postype="common" sense="16:04481751" wd="detalle"/>
          <S clausesubtype="suj" clausetype="participle">
            <f lem="," pos="fc" punct="comma" wd=","/>
            <grup.verb>
              <v gen="m" lem="incluir" lss="B12.unaccusative-passive-ditransitive" mood="participle" num="p" pos="vmp00pm" postype="main" wd="incluidos"/>
            </grup.verb>
            <sn arg="arg1" coord="yes" func="suj" tem="pat">
              <sn>
                <spec gen="m" num="p">
                  <d gen="m" lem="el" num="p" pos="da0mp0" postype="article" wd="los"/>
                </spec>
                <grup.nom gen="m" num="p">
                  <s.a gen="m" num="p">
                    <grup.a gen="m" num="p">
                      <a gen="m" lem="chistoso" num="p" pos="aq0mp0" postype="qualificative" wd="chistosos"/>
                    </grup.a>
                  </s.a>
                </grup.nom>
              </sn>
              <conj conjunctiontype="coordinating">
                <c lem="y" pos="cc" postype="coordinating" wd="y"/>
              </conj>
              <sn>
                <spec gen="m" num="p">
                  <d gen="m" lem="el" num="p" pos="da0mp0" postype="article" wd="los"/>
                </spec>
                <grup.nom gen="m" num="p">
                  <s.a gen="m" num="p">
                    <grup.a gen="m" num="p">
                      <a gen="m" lem="práctico" num="p" pos="aq0mp0" postype="qualificative" wd="prácticos"/>
                    </grup.a>
                  </s.a>
                </grup.nom>
              </sn>
            </sn>
            <f lem="," pos="fc" punct="comma" wd=","/>
          </S>
        </grup.nom>
      </sn>
      <sn arg="arg2" func="ci" tem="ben">
        <grup.nom num="p">
          <p gen="c" lem="yo" num="p" person="1" pos="pp1cp000" postype="personal" wd="nos"/>
        </grup.nom>
      </sn>
      <grup.verb>
        <v lem="parecer" lss="C41.state-benefactive" mood="indicative" num="s" person="3" pos="vmip3s0" postype="main" tense="present" wd="parece"/>
      </grup.verb>
      <sp arg="arg2" func="atr" tem="atr">
        <prep>
          <s lem="de" pos="sps00" postype="preposition" wd="de"/>
        </prep>
        <S clausetype="completive" impersonal="yes">
          <infinitiu>
            <v lem="agradecer" lss="A32.ditransitive-patient-benefactive" mood="infinitive" pos="vmn0000" postype="main" wd="agradecer"/>
          </infinitiu>
        </S>
      </sp>
    </S>
    <f lem="." pos="fp" punct="period" wd="."/>
  </sentence>
  <sentence>
    <S>
      <conj conjunctiontype="coordinating" func="et">
        <c lem="pero" pos="cc" postype="coordinating" wd="Pero"/>
      </conj>
      <sn arg="arg1" func="suj" tem="tem">
        <spec gen="m" num="p">
          <d gen="m" lem="el" num="p" pos="da0mp0" postype="article" wd="los"/>
        </spec>
        <grup.nom gen="m" num="p">
          <s.a gen="m" num="p">
            <grup.a gen="m" num="p">
              <a gen="m" lem="verdadero" num="p" pos="aq0mp0" postype="qualificative" wd="verdaderos"/>
            </grup.a>
          </s.a>
          <n gen="m" lem="regalo" num="p" pos="ncmp000" postype="common" sense="16:09548218" wd="regalos"/>
        </grup.nom>
      </sn>
      <grup.verb>
        <v lem="ser" lss="C21.state-attributive" mood="indicative" num="p" person="3" pos="vsip3p0" postype="semiauxiliary" tense="present" wd="son"/>
      </grup.verb>
      <sn arg="arg2" func="atr" tem="atr">
        <spec gen="m" num="p">
          <d gen="m" lem="el" num="p" pos="da0mp0" postype="article" wd="los"/>
        </spec>
        <grup.nom gen="m" num="p">
          <S clausetype="relative">
            <relatiu arg="arg1" func="suj" tem="tem">
              <p gen="c" lem="que" num="c" pos="pr0cn000" postype="relative" wd="que"/>
            </relatiu>
            <sn arg="arg2" func="ci" tem="ben">
              <grup.nom num="s">
                <p case="dative" gen="c" lem="él" num="s" person="3" pos="pp3csd00" postype="personal" wd="le"/>
              </grup.nom>
            </sn>
            <grup.verb>
              <v lem="gustar" lss="C41.state-benefactive" mood="indicative" num="p" person="3" pos="vmip3p0" postype="main" tense="present" wd="gustan"/>
            </grup.verb>
            <sp arg="arg2" func="ci" tem="ben">
              <prep>
                <s lem="a" pos="sps00" postype="preposition" wd="a"/>
              </prep>
              <sn entityref="ne" ne="person">
                <spec gen="f" num="s">
                  <d gen="f" lem="el" num="s" pos="da0fs0" postype="article" wd="la"/>
                </spec>
                <grup.nom gen="f" num="s">
                  <n lem="Susi" ne="person" pos="np0000p" postype="proper" sense="16:cs1" wd="Susi"/>
                </grup.nom>
              </sn>
            </sp>
          </S>
        </grup.nom>
      </sn>
    </S>
    <sa coord="yes">
      <f lem=":" pos="fd" punct="colon" wd=":"/>
      <sa>
        <grup.a>
          <a gen="m" lem="caro" num="p" pos="aq0mp0" postype="qualificative" wd="caros"/>
        </grup.a>
      </sa>
      <conj conjunctiontype="coordinating">
        <c lem="y" pos="cc" postype="coordinating" wd="y"/>
      </conj>
      <sp>
        <prep>
          <s lem="de" pos="sps00" postype="preposition" wd="de"/>
        </prep>
        <sn>
          <grup.nom gen="m" num="s">
            <n gen="m" lem="vicio" num="s" pos="ncms000" postype="common" sense="16:03803801" wd="vicio"/>
          </grup.nom>
        </sn>
      </sp>
    </sa>
    <f lem="." pos="fp" punct="period" wd="."/>
  </sentence>
  <sentence verbless="yes">
    <sadv>
      <grup.adv>
        <r lem="por_ejemplo" pos="rg" wd="Por_ejemplo"/>
      </grup.adv>
      <f lem="," pos="fc" punct="comma" wd=","/>
    </sadv>
    <sn>
      <spec gen="f" num="s">
        <d gen="f" lem="uno" num="s" pos="di0fs0" postype="indefinite" wd="una"/>
      </spec>
      <grup.nom gen="f" num="s">
        <n gen="f" lem="semana" num="s" pos="ncfs000" postype="common" sense="16:10888430" wd="semana"/>
      </grup.nom>
    </sn>
    <sp coord="yes">
      <sp>
        <prep>
          <s lem="en" pos="sps00" postype="preposition" wd="en"/>
        </prep>
        <sn entityref="ne" ne="location">
          <spec gen="f" num="s">
            <d gen="f" lem="el" num="s" pos="da0fs0" postype="article" wd="la"/>
          </spec>
          <grup.nom gen="f" num="s">
            <n gen="f" lem="suite" num="s" pos="ncfs000" postype="common" sense="16:03439283" wd="suite"/>
            <s.a gen="f" num="s">
              <grup.a gen="f" num="s">
                <a gen="c" lem="real" num="s" pos="aq0cs0" postype="qualificative" wd="real"/>
              </grup.a>
            </s.a>
            <sp>
              <prep>
                <s contracted="yes" gen="m" lem="del" num="s" pos="spcms" postype="preposition" wd="del"/>
              </prep>
              <sn entityref="ne" ne="location">
                <grup.nom gen="m" num="s">
                  <n lem="Hotel_Oriental_de_Bangkok" ne="location" pos="np0000l" postype="proper" sense="16:cs1" wd="Hotel_Oriental_de_Bangkok"/>
                </grup.nom>
              </sn>
            </sp>
          </grup.nom>
        </sn>
      </sp>
      <f lem="," pos="fc" punct="comma" wd=","/>
      <sp>
        <prep>
          <s lem="con" pos="sps00" postype="preposition" wd="con"/>
        </prep>
        <sn entityref="ne" ne="person">
          <grup.nom gen="m" num="s">
            <n lem="Antonio_Peñalver" ne="person" pos="np0000p" postype="proper" sense="16:cs1" wd="Antonio_Peñalver"/>
            <S clausetype="participle" impersonal="yes">
              <participi>
                <a gen="m" lem="encadenado" lss="B22.unaccusative-passive-transitive" num="s" pos="aq0msp" posfunction="participle" postype="qualificative" wd="encadenado"/>
              </participi>
              <sp arg="argM" func="cc" tem="loc">
                <prep>
                  <s contracted="yes" gen="m" lem="al" num="s" pos="spcms" postype="preposition" wd="al"/>
                </prep>
                <sn>
                  <grup.nom gen="m" num="s">
                    <n gen="m" lem="cabecero" num="s" pos="ncms000" postype="common" sense="16:cs1" wd="cabecero"/>
                    <sp>
                      <prep>
                        <s lem="de" pos="sps00" postype="preposition" wd="de"/>
                      </prep>
                      <sn>
                        <spec gen="f" num="s">
                          <d gen="f" lem="el" num="s" pos="da0fs0" postype="article" wd="la"/>
                        </spec>
                        <grup.nom gen="f" num="s">
                          <n gen="f" lem="cama" num="s" pos="ncfs000" postype="common" sense="16:02273239" wd="cama"/>
                        </grup.nom>
                      </sn>
                    </sp>
                  </grup.nom>
                </sn>
              </sp>
            </S>
          </grup.nom>
        </sn>
      </sp>
    </sp>
    <f lem="." pos="fp" punct="period" wd="."/>
  </sentence>
  <sentence>
    <conj conjunctiontype="coordinating" func="et">
      <c lem="y" pos="cc" postype="coordinating" wd="Y"/>
    </conj>
    <sn arg="arg1" func="suj" tem="tem">
      <spec gen="m" num="s">
        <d gen="m" lem="todo" num="s" pos="di0ms0" postype="indefinite" wd="todo"/>
      </spec>
      <sn>
        <spec gen="m" num="s">
          <d gen="c" lem="el" num="s" pos="da0ns0" postype="article" wd="lo"/>
        </spec>
        <grup.nom num="p">
          <p gen="c" lem="demás" num="p" pos="pi0cp000" postype="indefinite" wd="demás"/>
        </grup.nom>
      </sn>
    </sn>
    <grup.verb>
      <v lem="ser" lss="C21.state-attributive" mood="indicative" num="s" person="3" pos="vsip3s0" postype="semiauxiliary" tense="present" wd="es"/>
    </grup.verb>
    <sn arg="arg2" func="atr" tem="atr">
      <grup.nom gen="f" num="s">
        <n gen="f" lem="misericordia" num="s" pos="ncfs000" postype="common" sense="16:03785586" wd="misericordia"/>
      </grup.nom>
    </sn>
    <f lem="." pos="fp" punct="period" wd="."/>
  </sentence>
  <sentence coord="yes">
    <S>
      <sadv arg="argM" func="cc" tem="tmp">
        <grup.adv>
          <r lem="anoche" pos="rg" wd="Anoche"/>
        </grup.adv>
      </sadv>
      <grup.verb>
        <v lem="ganar" lss="A21.transitive-agentive-patient" mood="indicative" num="s" person="3" pos="vmis3s0" postype="main" tense="past" wd="ganó"/>
      </grup.verb>
      <sn arg="arg0" entityref="ne" func="suj" ne="organization" tem="agt">
        <spec gen="m" num="s">
          <d gen="m" lem="el" num="s" pos="da0ms0" postype="article" wd="el"/>
        </spec>
        <grup.nom gen="m" num="s">
          <n lem="Real_Madrid" ne="organization" pos="np0000o" postype="proper" sense="16:cs1" wd="Real_Madrid"/>
        </grup.nom>
      </sn>
      <f lem="," pos="fc" punct="comma" wd=","/>
    </S>
    <conj conjunctiontype="coordinating">
      <c lem="pero" pos="cc" postype="coordinating" wd="pero"/>
    </conj>
    <S>
      <sn arg="arg1" func="suj" tem="tem">
        <spec gen="m" num="s">
          <d gen="m" lem="ese" num="s" pos="dd0ms0" postype="demonstrative" wd="ese"/>
        </spec>
        <grup.nom gen="m" num="s">
          <n gen="m" lem="equipo" num="s" origin="deverbal" pos="ncms000" postype="common" sense="16:06093198" wd="equipo"/>
          <sp arg="arg1" func="cn" tem="pat">
            <prep>
              <s lem="de" pos="sps00" postype="preposition" wd="de"/>
            </prep>
            <sn>
              <spec gen="f" num="p">
                <d gen="c" lem="mi" num="p" person="1" pos="dp1cps" possessornum="s" postype="possessive" wd="mis"/>
              </spec>
              <grup.nom gen="f" num="p">
                <n gen="f" lem="entretela" num="p" pos="ncfp000" postype="common" sense="16:cs1" wd="entretelas"/>
              </grup.nom>
            </sn>
          </sp>
        </grup.nom>
      </sn>
      <grup.verb>
        <v lem="ser" lss="C21.state-attributive" mood="indicative" num="s" person="3" pos="vsip3s0" postype="semiauxiliary" tense="present" wd="es"/>
      </grup.verb>
      <sn arg="arg2" func="atr" tem="atr">
        <spec gen="f" num="s">
          <d gen="f" lem="uno" num="s" pos="di0fs0" postype="indefinite" wd="una"/>
        </spec>
        <grup.nom gen="f" num="s">
          <n gen="f" lem="jaula" num="s" pos="ncfs000" postype="common" sense="16:02366903" wd="jaula"/>
          <sp>
            <prep>
              <s lem="de" pos="sps00" postype="preposition" wd="de"/>
            </prep>
            <sn>
              <grup.nom gen="m" num="p">
                <n gen="m" lem="grillo" num="p" pos="ncmp000" postype="common" sense="16:01733061" wd="grillos"/>
              </grup.nom>
            </sn>
          </sp>
        </grup.nom>
      </sn>
    </S>
    <f lem="." pos="fp" punct="period" wd="."/>
  </sentence>
  <sentence>
    <sadv arg="argM" func="cc" tem="tmp">
      <grup.adv>
        <r lem="anoche" pos="rg" wd="Anoche"/>
      </grup.adv>
    </sadv>
    <sn arg="arg0" elliptic="yes" func="suj" tem="agt"/>
    <grup.verb>
      <v lem="eliminar" lss="A21.transitive-agentive-patient" mood="indicative" num="s" person="3" pos="vmis3s0" postype="main" tense="past" wd="eliminó"/>
    </grup.verb>
    <sp arg="arg1" func="cd" tem="pat">
      <prep>
        <s contracted="yes" gen="m" lem="al" num="s" pos="spcms" postype="preposition" wd="al"/>
      </prep>
      <sn entityref="ne" ne="organization">
        <grup.nom gen="m" num="s">
          <n lem="Atlético" ne="organization" pos="np0000o" postype="proper" sense="16:cs1" wd="Atlético"/>
        </grup.nom>
      </sn>
    </sp>
    <sp arg="argM" func="cc" tem="loc">
      <prep>
        <s lem="en" pos="sps00" postype="preposition" wd="en"/>
      </prep>
      <sn>
        <spec gen="m" num="s">
          <d gen="m" lem="uno" num="s" pos="di0ms0" postype="indefinite" wd="un"/>
        </spec>
        <grup.nom gen="m" num="s">
          <n gen="m" lem="partido" num="s" pos="ncms000" postype="common" sense="16:05554348" wd="partido"/>
          <S clausetype="relative">
            <relatiu arg="arg1" func="suj" tem="tem">
              <p gen="c" lem="que" num="c" pos="pr0cn000" postype="relative" wd="que"/>
            </relatiu>
            <grup.verb>
              <v lem="ser" lss="C21.state-attributive" mood="indicative" num="s" person="3" pos="vsis3s0" postype="semiauxiliary" tense="past" wd="fue"/>
            </grup.verb>
            <sn arg="arg2" coord="yes" func="atr" tem="atr">
              <sn>
                <spec gen="m" num="s">
                  <d gen="m" lem="uno" num="s" pos="di0ms0" postype="indefinite" wd="un"/>
                </spec>
                <grup.nom gen="m" num="s">
                  <n gen="m" lem="belén" num="s" pos="ncms000" postype="common" sense="16:02518567" wd="belén"/>
                  <sp>
                    <prep>
                      <s lem="de" pos="sps00" postype="preposition" wd="de"/>
                    </prep>
                    <sn>
                      <grup.nom gen="f" num="p">
                        <n gen="f" lem="convulsión" lexicalid="noun.convulsión.1.default" num="p" origin="deverbal" pos="ncfp000" postype="common" sense="16:10135808" wd="convulsiones"/>
                      </grup.nom>
                    </sn>
                  </sp>
                </grup.nom>
              </sn>
              <f lem="," pos="fc" punct="comma" wd=","/>
              <sn>
                <spec gen="m" num="s">
                  <d gen="m" lem="uno" num="s" pos="di0ms0" postype="indefinite" wd="un"/>
                </spec>
                <grup.nom gen="m" num="s">
                  <n gen="m" lem="guisote" num="s" pos="ncms000" postype="common" sense="16:cs1" wd="guisote"/>
                  <sp>
                    <prep>
                      <s lem="de" pos="sps00" postype="preposition" wd="de"/>
                    </prep>
                    <sn complex="yes">
                      <grup.nom coord="yes">
                        <grup.nom gen="f" num="s">
                          <n gen="f" lem="testosterona" num="s" pos="ncfs000" postype="common" sense="16:10573377" wd="testosterona"/>
                        </grup.nom>
                        <conj conjunctiontype="coordinating">
                          <c lem="y" pos="cc" postype="coordinating" wd="y"/>
                        </conj>
                        <grup.nom gen="m" num="p">
                          <n gen="m" lem="aspaviento" num="p" pos="ncmp000" postype="common" sense="16:cs1" wd="aspavientos"/>
                        </grup.nom>
                      </grup.nom>
                    </sn>
                  </sp>
                </grup.nom>
              </sn>
              <f lem="," pos="fc" punct="comma" wd=","/>
              <sn>
                <spec gen="m" num="s">
                  <d gen="m" lem="uno" num="s" pos="di0ms0" postype="indefinite" wd="un"/>
                </spec>
                <grup.nom gen="m" num="s">
                  <n gen="m" lem="revuelto" num="s" pos="ncms000" postype="common" sense="16:cs1" wd="revuelto"/>
                  <sp>
                    <prep>
                      <s lem="de" pos="sps00" postype="preposition" wd="de"/>
                    </prep>
                    <sn complex="yes">
                      <grup.nom coord="yes">
                        <grup.nom gen="f" num="p">
                          <n gen="f" lem="zancadilla" num="p" pos="ncfp000" postype="common" sense="16:00111383" wd="zancadillas"/>
                        </grup.nom>
                        <f lem="," pos="fc" punct="comma" wd=","/>
                        <grup.nom gen="m" num="p">
                          <n gen="m" lem="pisotón" lexicalid="noun.pisotón.1.default" num="p" origin="deverbal" pos="ncmp000" postype="common" sense="16:cs1" wd="pisotones"/>
                        </grup.nom>
                        <f lem="," pos="fc" punct="comma" wd=","/>
                        <grup.nom gen="m" num="p">
                          <n gen="m" lem="carrerón" num="p" pos="ncmp000" postype="common" sense="16:cs1" wd="carrerones"/>
                        </grup.nom>
                        <f lem="," pos="fc" punct="comma" wd=","/>
                        <grup.nom gen="m" num="p">
                          <n gen="m" lem="agarrón" lexicalid="noun.agarrón.1.default" num="p" origin="deverbal" pos="ncmp000" postype="common" sense="16:00518769" wd="agarrones"/>
                        </grup.nom>
                        <f lem="," pos="fc" punct="comma" wd=","/>
                        <grup.nom gen="m" num="p">
                          <n gen="m" lem="codazo" num="p" pos="ncmp000" postype="common" sense="16:00073065" wd="codazos"/>
                        </grup.nom>
                        <f lem="," pos="fc" punct="comma" wd=","/>
                        <grup.nom gen="m" num="p">
                          <n gen="m" lem="manotazo" num="p" pos="ncmp000" postype="common" sense="16:50000245" wd="manotazos"/>
                        </grup.nom>
                        <conj conjunctiontype="coordinating">
                          <c lem="y" pos="cc" postype="coordinating" wd="y"/>
                        </conj>
                        <grup.nom gen="f" num="p">
                          <n gen="f" lem="tarjeta" num="p" pos="ncfp000" postype="common" sense="16:04971341" wd="tarjetas"/>
                          <sp>
                            <prep>
                              <s lem="de" pos="sps00" postype="preposition" wd="de"/>
                            </prep>
                            <sn>
                              <spec gen="m" num="p">
                                <d gen="m" lem="todo" num="p" pos="di0mp0" postype="indefinite" wd="todos"/>
                                <d gen="m" lem="el" num="p" pos="da0mp0" postype="article" wd="los"/>
                              </spec>
                              <grup.nom gen="m" num="p">
                                <n gen="m" lem="color" num="p" pos="ncmp000" postype="common" sense="16:03875475" wd="colores"/>
                              </grup.nom>
                            </sn>
                          </sp>
                        </grup.nom>
                      </grup.nom>
                    </sn>
                  </sp>
                </grup.nom>
              </sn>
            </sn>
          </S>
        </grup.nom>
      </sn>
    </sp>
    <f lem="." pos="fp" punct="period" wd="."/>
  </sentence>
  <sentence>
    <grup.verb>
      <v lem="tener" lss="C21.state-attributive" mood="indicative" num="s" person="3" pos="vmis3s0" postype="main" tense="past" wd="Tuvo"/>
    </grup.verb>
    <sn arg="arg1" func="suj" tem="tem">
      <spec gen="m" num="s">
        <d gen="m" lem="todo" num="s" pos="di0ms0" postype="indefinite" wd="todo"/>
        <d gen="m" lem="el" num="s" pos="da0ms0" postype="article" wd="el"/>
      </spec>
      <grup.nom gen="m" num="s">
        <n gen="m" lem="partido" num="s" pos="ncms000" postype="common" sense="16:05554348" wd="partido"/>
        <sp>
          <prep>
            <s lem="de" pos="sps00" postype="preposition" wd="de"/>
          </prep>
          <sadv>
            <grup.adv>
              <r lem="anoche" pos="rg" wd="anoche"/>
            </grup.adv>
          </sadv>
        </sp>
      </grup.nom>
    </sn>
    <sn arg="arg2" func="cd" functype="quantitative" tem="atr">
      <grup.nom num="s">
        <p gen="c" lem="algo" num="s" pos="pi0cs000" postype="indefinite" wd="algo"/>
      </grup.nom>
      <sp coord="yes">
        <sp>
          <prep>
            <s lem="de" pos="sps00" postype="preposition" wd="de"/>
          </prep>
          <sn>
            <grup.nom gen="f" num="s">
              <n gen="f" lem="revuelta" lexicalid="noun.revuelta.2.default" num="s" origin="deverbal" pos="ncfs000" postype="common" sense="16:00617685" wd="revuelta"/>
              <sp arg="arg0" func="cn" tem="cau">
                <prep>
                  <s lem="de" pos="sps00" postype="preposition" wd="de"/>
                </prep>
                <sn>
                  <grup.nom gen="m" num="p">
                    <n gen="m" lem="desahuciado" num="p" pos="ncmp000" postype="common" sense="16:cs1" wd="desahuciados"/>
                  </grup.nom>
                </sn>
              </sp>
            </grup.nom>
          </sn>
        </sp>
        <f lem="," pos="fc" punct="comma" wd=","/>
        <sp>
          <prep>
            <s lem="de" pos="sps00" postype="preposition" wd="de"/>
          </prep>
          <sn>
            <grup.nom gen="f" num="s">
              <n gen="f" lem="algarada" lexicalid="noun.algarada.1.default" num="s" origin="deverbal" pos="ncfs000" postype="common" sense="16:05328790" wd="algarada"/>
              <sp arg="arg0" func="cn" tem="agt">
                <prep>
                  <s lem="de" pos="sps00" postype="preposition" wd="de"/>
                </prep>
                <sn>
                  <grup.nom gen="m" num="p">
                    <n gen="m" lem="convicto" num="p" pos="ncmp000" postype="common" sense="16:07182598" wd="convictos"/>
                  </grup.nom>
                </sn>
              </sp>
            </grup.nom>
          </sn>
        </sp>
        <f lem="," pos="fc" punct="comma" wd=","/>
        <sp>
          <prep>
            <s lem="de" pos="sps00" postype="preposition" wd="de"/>
          </prep>
          <sn>
            <grup.nom gen="m" num="s">
              <n gen="m" lem="levantamiento" lexicalid="noun.levantamiento.1.default" num="s" origin="deverbal" pos="ncms000" postype="common" sense="16:00617685" wd="levantamiento"/>
              <s.a arg="argM" func="cn" gen="m" num="s" tem="mnr">
                <grup.a gen="m" num="s">
                  <a gen="c" lem="zapatista" num="s" pos="aq0cs0" postype="qualificative" wd="zapatista"/>
                </grup.a>
              </s.a>
              <sp arg="arg0" func="cn" tem="agt">
                <prep>
                  <s lem="por" pos="sps00" postype="preposition" wd="por"/>
                </prep>
                <sn>
                  <grup.nom gen="f" num="s">
                    <n gen="f" lem="parte" num="s" pos="ncfs000" postype="common" sense="16:cs1" wd="parte"/>
                    <sp>
                      <prep>
                        <s contracted="yes" gen="m" lem="del" num="s" pos="spcms" postype="preposition" wd="del"/>
                      </prep>
                      <sn entityref="ne" ne="organization">
                        <grup.nom gen="m" num="s">
                          <n lem="Real_Madrid" ne="organization" pos="np0000o" postype="proper" sense="16:cs1" wd="Real_Madrid"/>
                        </grup.nom>
                      </sn>
                    </sp>
                  </grup.nom>
                </sn>
              </sp>
            </grup.nom>
          </sn>
        </sp>
      </sp>
    </sn>
    <f lem="." pos="fp" punct="period" wd="."/>
  </sentence>
  <sentence>
    <S>
      <sadv func="mod">
        <grup.adv>
          <r lem="a_lo_mejor" pos="rg" wd="A_lo_mejor"/>
        </grup.adv>
      </sadv>
      <sadv arg="argM" func="cc" tem="adv">
        <grup.adv>
          <r lem="por_ahí" pos="rg" wd="por_ahí"/>
        </grup.adv>
      </sadv>
      <grup.verb>
        <v lem="poder" mood="indicative" num="s" person="3" pos="vmip3s0" postype="main" tense="present" wd="puede"/>
        <infinitiu>
          <v lem="venir" lss="B11.unaccusative-motion" mood="infinitive" pos="vmn0000" postype="main" wd="venir"/>
        </infinitiu>
      </grup.verb>
      <sn arg="arg1" func="suj" tem="tem">
        <spec gen="f" num="s">
          <d gen="f" lem="el" num="s" pos="da0fs0" postype="article" wd="la"/>
        </spec>
        <grup.nom gen="f" num="s">
          <n gen="f" lem="salvación" num="s" origin="deverbal" pos="ncfs000" postype="common" sense="16:00058512" wd="salvación"/>
          <sp arg="arg1" func="cn" tem="pat">
            <prep>
              <s contracted="yes" gen="m" lem="del" num="s" pos="spcms" postype="preposition" wd="del"/>
            </prep>
            <sn entityref="ne" ne="organization">
              <grup.nom gen="m" num="s">
                <n lem="Madrid" ne="organization" pos="np0000o" postype="proper" wd="Madrid"/>
              </grup.nom>
            </sn>
          </sp>
        </grup.nom>
      </sn>
    </S>
    <sp>
      <f lem=":" pos="fd" punct="colon" wd=":"/>
      <prep>
        <s lem="por" pos="sps00" postype="preposition" wd="por"/>
      </prep>
      <sn>
        <spec gen="f" num="s">
          <d gen="f" lem="el" num="s" pos="da0fs0" postype="article" wd="la"/>
        </spec>
        <grup.nom gen="f" num="s">
          <n gen="f" lem="insurgencia" lexicalid="noun.insurgencia.1.default" num="s" origin="deverbal" pos="ncfs000" postype="common" sense="16:cs1" wd="insurgencia"/>
          <s.a coord="yes" func="cn" gen="f" num="s">
            <S clausetype="participle" impersonal="yes">
              <participi>
                <a gen="f" lem="desesperado" num="s" pos="aq0fsp" posfunction="participle" postype="qualificative" wd="desesperada"/>
              </participi>
            </S>
            <conj conjunctiontype="coordinating">
              <c lem="y" pos="cc" postype="coordinating" wd="y"/>
            </conj>
            <s.a gen="f" num="s">
              <grup.a gen="f" num="s">
                <a gen="f" lem="brioso" num="s" pos="aq0fs0" postype="qualificative" wd="briosa"/>
              </grup.a>
            </s.a>
          </s.a>
          <sp arg="arg1" func="cn" tem="tem">
            <prep>
              <s lem="de" pos="sps00" postype="preposition" wd="de"/>
            </prep>
            <sn>
              <spec gen="m" num="s">
                <d gen="m" lem="uno" num="s" pos="di0ms0" postype="indefinite" wd="un"/>
              </spec>
              <grup.nom gen="m" num="s">
                <n gen="m" lem="puñado" num="s" pos="ncms000" postype="common" sense="16:05968793" wd="puñado"/>
                <sp>
                  <prep>
                    <s lem="de" pos="sps00" postype="preposition" wd="de"/>
                  </prep>
                  <sn>
                    <grup.nom gen="m" num="p">
                      <n gen="c" lem="futbolista" num="p" pos="nccp000" postype="common" sense="16:50002065" wd="futbolistas"/>
                      <S clausetype="participle" impersonal="yes">
                        <participi>
                          <a gen="m" lem="abandonado" lss="B22.unaccusative-passive-transitive" num="p" pos="aq0mpp" posfunction="participle" postype="qualificative" wd="abandonados"/>
                        </participi>
                        <sp arg="argM" func="cc" tem="adv">
                          <prep>
                            <s lem="por" pos="sps00" postype="preposition" wd="por"/>
                          </prep>
                          <sn>
                            <spec gen="f" num="s">
                              <d gen="f" lem="el" num="s" pos="da0fs0" postype="article" wd="la"/>
                            </spec>
                            <grup.nom gen="f" num="s">
                              <n gen="f" lem="gracia" num="s" pos="ncfs000" postype="common" sense="16:03794441" wd="gracia"/>
                              <sp>
                                <prep>
                                  <s contracted="yes" gen="m" lem="del" num="s" pos="spcms" postype="preposition" wd="del"/>
                                </prep>
                                <sn>
                                  <grup.nom gen="m" num="s">
                                    <n gen="m" lem="fútbol" num="s" pos="ncms000" postype="common" sense="16:00304700" wd="fútbol"/>
                                  </grup.nom>
                                </sn>
                              </sp>
                            </grup.nom>
                          </sn>
                        </sp>
                      </S>
                    </grup.nom>
                  </sn>
                </sp>
              </grup.nom>
            </sn>
          </sp>
        </grup.nom>
      </sn>
    </sp>
    <f lem="." pos="fp" punct="period" wd="."/>
  </sentence>
</article>
