<?xml version="1.0" encoding="UTF-8" standalone="no"?>
<!-- 

  ancora-2.0
       
			Copyright (C) 2007, 2008, 2009, 2010, 2011 UB - CLiC
			Centre de Llenguatge i Computació - Universitat de Barcelona
 
  This file is part of ancora-2.0.
 
  ancora-2.0 is free software and data: you can redistribute it and/or modify
  it under the terms of the GNU General Public License as published
  by the Free Software Foundation, either version 3 of the License,
  or (at your option) any later version.

  ancora-2.0 is distributed in the hope that it will be useful,
  but WITHOUT ANY WARRANTY; without even the implied warranty of
  MERCHANTABILITY or FITNESS FOR A PARTICULAR PURPOSE.  See the
  GNU General Public License for more details.
 
  You should have received a copy of the GNU General Public License
  along with ancora-2.0.  If not, see &lt;http://www.gnu.org/licenses/&gt;.
 
  Check a text in catalan explaining the terms of the license at http://www.softcatala.cat/wiki/GPL3.
  In spanish at http://www.viti.es/gnu/licenses/gpl.html
 

  The following paper must be cited when using this corpus:

 * Taulé, M., M.A. Martí, M. Recasens (2008) 'Ancora: Multilevel Annotated Corpora for Catalan and Spanish',
   Proceedings of 6th International Conference on Language Resources and Evaluation. Marrakesh (Morocco).

  In addition, the following paper must be cited if coreference information (attributes entity, coreftype,
  corefsubtype, homophoricDD or entityref) is used:

 * Recasens, Marta, M. Antònia Martí (2010) ‘AnCora-CO: Coreferentially annotated corpora for Spanish and
   Catalan’. Language Resources and Evaluation, Springer Science.

  Additionally, the following paper must be cited when argumental attributes in "sn" or "grup.nom"
  (attributes func, arg, tem or lexicalid) are used:

 * Peris, Aina, Mariona Taulé, Horacio Rodríguez (2010) ‘Semantic Annotation of Deverbal Nominalizations in the
   Spanish AnCora corpus’. Treebanks and Linguistic Theories (TLT-2010), Estonia.
-->
<article lng="es">
  <sentence coord="yes">
    <S arg="argM" clausetype="adverbial" coord="yes" func="cc" tem="adv">
      <conj conjunctiontype="subordinating">
        <c lem="como" pos="cs" postype="subordinating" wd="Como"/>
      </conj>
      <S clausetype="adverbial">
        <sn arg="arg1" entityref="ne" func="suj" ne="person" tem="tem">
          <spec gen="m" num="s">
            <d gen="m" lem="el" num="s" pos="da0ms0" postype="article" wd="el"/>
          </spec>
          <grup.nom gen="m" num="s">
            <n lem="Mendicutti" ne="person" pos="np0000p" postype="proper" sense="16:cs1" wd="Mendicutti"/>
            <s.a gen="m" num="s">
              <f lem="," pos="fc" punct="comma" wd=","/>
              <grup.a gen="m" num="s">
                <a gen="m" lem="superciclotímico" num="s" pos="aq0ms0" postype="qualificative" wd="superciclotímico"/>
              </grup.a>
              <f lem="," pos="fc" punct="comma" wd=","/>
            </s.a>
          </grup.nom>
        </sn>
        <grup.verb>
          <v lem="andar" lss="C21.state-attributive" mood="indicative" num="s" person="3" pos="vmip3s0" postype="main" tense="present" wd="anda"/>
        </grup.verb>
        <sa arg="arg2" func="cpred" predicate="suj" tem="atr">
          <spec>
            <r lem="samzin" pos="rg" wd="samzin"/>
          </spec>
          <grup.a>
            <a gen="m" lem="deprimido" num="s" pos="aq0ms0" postype="qualificative" wd="deprimido"/>
          </grup.a>
        </sa>
        <sp arg="argM" func="cc" tem="tmp">
          <prep>
            <s lem="desde" pos="sps00" postype="preposition" wd="desde"/>
          </prep>
          <S clausetype="completive">
            <conj conjunctiontype="subordinating">
              <c lem="que" pos="cs" postype="subordinating" wd="que"/>
            </conj>
            <sn arg="arg0" elliptic="yes" func="suj" tem="agt"/>
            <sn arg="arg1" func="cd" tem="pat">
              <grup.nom num="s">
                <p case="accusative" gen="c" lem="él" num="s" person="3" pos="pp3csa00" postype="personal" wd="le"/>
              </grup.nom>
            </sn>
            <grup.verb>
              <v lem="regañar" lss="A21.transitive-agentive-patient" mood="indicative" num="p" person="3" pos="vmis3p0" postype="main" tense="past" wd="regañaron"/>
            </grup.verb>
            <sp arg="argM" func="cc" tem="cau">
              <prep>
                <s lem="por" pos="sps00" postype="preposition" wd="por"/>
              </prep>
              <sn>
                <spec gen="f" num="s">
                  <d gen="c" lem="su" num="s" person="3" pos="dp3cs0" postype="possessive" wd="su"/>
                </spec>
                <grup.nom gen="f" num="s">
                  <n gen="f" lem="columna" num="s" pos="ncfs000" postype="common" sense="16:04739463" wd="columna"/>
                  <sp>
                    <prep>
                      <s contracted="yes" gen="m" lem="del" num="s" pos="spcms" postype="preposition" wd="del"/>
                    </prep>
                    <sn>
                      <grup.nom gen="m" num="s">
                        <S clausetype="participle" impersonal="yes">
                          <participi>
                            <a gen="m" lem="pasado" num="s" pos="aq0msp" posfunction="participle" postype="qualificative" wd="pasado"/>
                          </participi>
                        </S>
                        <n gen="m" lem="sándei" num="s" pos="ncms000" postype="common" sense="16:cs1" wd="sándei"/>
                      </grup.nom>
                    </sn>
                  </sp>
                </grup.nom>
              </sn>
            </sp>
          </S>
        </sp>
      </S>
      <conj conjunctiontype="coordinating">
        <c lem="y" pos="cc" postype="coordinating" wd="y"/>
      </conj>
      <S clausetype="adverbial">
        <sp arg="argM" func="cc" tem="fin">
          <f lem="," pos="fc" punct="comma" wd=","/>
          <prep>
            <s lem="para" pos="sps00" postype="preposition" wd="para"/>
          </prep>
          <S clausetype="completive" impersonal="yes">
            <infinitiu>
              <v lem="ventilar" lss="D11.inergative-agentive" mood="infinitive" pos="vmn0000" postype="main" wd="ventilarse"/>
            </infinitiu>
          </S>
          <f lem="," pos="fc" punct="comma" wd=","/>
        </sp>
        <sn arg="arg0" elliptic="yes" func="suj" tem="agt"/>
        <morfema.pronominal>
          <p gen="c" lem="él" num="c" person="3" pos="p0300000" wd="se"/>
        </morfema.pronominal>
        <grup.verb>
          <v lem="haber" mood="indicative" num="s" person="3" pos="vaip3s0" postype="auxiliary" tense="present" wd="ha"/>
          <v gen="m" lem="echar" lss="D11.inergative-agentive" mood="participle" num="s" pos="vmp00sm" postype="main" wd="echado"/>
        </grup.verb>
        <sp arg="argL" func="cc">
          <prep>
            <s contracted="yes" gen="m" lem="al" num="s" pos="spcms" postype="preposition" wd="al"/>
          </prep>
          <sn>
            <grup.nom gen="m" num="s">
              <n gen="m" lem="monte" num="s" pos="ncms000" postype="common" sense="16:06711088" wd="monte"/>
            </grup.nom>
          </sn>
        </sp>
        <sp arg="argM" func="cc" tem="fin">
          <prep>
            <s lem="en" pos="sps00" postype="preposition" wd="en"/>
          </prep>
          <sn>
            <grup.nom gen="f" num="s">
              <n gen="f" lem="busca" lexicalid="noun.busca.3.default" num="s" origin="deverbal" pos="ncfs000" postype="common" sense="16:00604336" wd="busca"/>
              <sp arg="arg1" func="cn" tem="pat">
                <prep>
                  <s lem="de" pos="sps00" postype="preposition" wd="de"/>
                </prep>
                <sn>
                  <grup.nom gen="m" num="p">
                    <s.a gen="m" num="p">
                      <grup.a gen="m" num="p">
                        <a gen="c" lem="joulin" num="c" pos="aq0cn0" postype="qualificative" wd="joulin"/>
                      </grup.a>
                    </s.a>
                    <n gen="m" lem="estones" num="p" pos="ncmp000" postype="common" sense="16:cs1" wd="estones"/>
                    <S verbless="yes">
                      <f lem="(" pos="fpa" punct="bracket" punctenclose="open" wd="("/>
                      <sp>
                        <prep>
                          <s lem="en" pos="sps00" postype="preposition" wd="en"/>
                        </prep>
                        <sn>
                          <grup.nom gen="m" num="s">
                            <n gen="m" lem="cristiano" num="s" pos="ncms000" postype="common" sense="16:06995978" wd="cristiano"/>
                          </grup.nom>
                        </sn>
                        <f lem="," pos="fc" punct="comma" wd=","/>
                      </sp>
                      <sn>
                        <grup.nom gen="f" num="p">
                          <n gen="f" lem="piedra" num="p" pos="ncfp000" postype="common" sense="16:06669293" wd="piedras"/>
                          <sp>
                            <prep>
                              <s lem="con" pos="sps00" postype="preposition" wd="con"/>
                            </prep>
                            <sn>
                              <grup.nom gen="m" num="p">
                                <n gen="m" lem="agujero" num="p" pos="ncmp000" postype="common" sense="16:06736924" wd="agujeros"/>
                              </grup.nom>
                            </sn>
                          </sp>
                        </grup.nom>
                      </sn>
                      <f lem=")" pos="fpt" punct="bracket" punctenclose="close" wd=")"/>
                    </S>
                    <sp>
                      <prep>
                        <s lem="para" pos="sps00" postype="preposition" wd="para"/>
                      </prep>
                      <sn>
                        <spec gen="f" num="p">
                          <d gen="f" lem="el" num="p" pos="da0fp0" postype="article" wd="las"/>
                        </spec>
                        <grup.nom gen="f" num="p">
                          <n gen="f" lem="maceta" num="p" pos="ncfp000" postype="common" sense="16:03164021" wd="macetas"/>
                          <sp>
                            <prep>
                              <s lem="de" pos="sps00" postype="preposition" wd="de"/>
                            </prep>
                            <sn>
                              <spec gen="m" num="s">
                                <d gen="c" lem="su" num="s" person="3" pos="dp3cs0" postype="possessive" wd="su"/>
                              </spec>
                              <grup.nom gen="m" num="s">
                                <n gen="m" lem="livinrum" num="s" pos="ncms000" postype="common" sense="16:cs1" wd="livinrum"/>
                              </grup.nom>
                            </sn>
                          </sp>
                        </grup.nom>
                      </sn>
                    </sp>
                  </grup.nom>
                </sn>
              </sp>
            </grup.nom>
          </sn>
        </sp>
      </S>
      <f lem="," pos="fc" punct="comma" wd=","/>
    </S>
    <S coord="yes">
      <S>
        <sn arg="arg0" func="suj" tem="agt">
          <grup.nom num="s">
            <p case="nominative" gen="c" lem="yo" num="s" person="1" pos="pp1csn00" postype="personal" wd="yo"/>
          </grup.nom>
        </sn>
        <grup.verb>
          <v lem="aprovechar" lss="A21.transitive-agentive-patient" mood="indicative" num="s" person="1" pos="vmip1s0" postype="main" tense="present" wd="aprovecho"/>
        </grup.verb>
      </S>
      <conj conjunctiontype="coordinating">
        <c lem="y" pos="cc" postype="coordinating" wd="y"/>
      </conj>
      <S>
        <sn arg="arg0" elliptic="yes" func="suj" tem="agt"/>
        <sn arg="arg2" func="ci" tem="ben">
          <grup.nom num="s">
            <p gen="c" lem="yo" num="s" person="1" pos="pp1cs000" postype="personal" wd="me"/>
          </grup.nom>
        </sn>
        <grup.verb>
          <v lem="pedir" lss="A32.ditransitive-patient-benefactive" mood="indicative" num="s" person="1" pos="vmip1s0" postype="main" tense="present" wd="pido"/>
        </grup.verb>
        <sn arg="arg1" func="cd" tem="pat">
          <spec gen="m" num="s">
            <d gen="m" lem="uno" num="s" pos="di0ms0" postype="indefinite" wd="un"/>
          </spec>
          <grup.nom gen="m" num="s">
            <n gen="m" lem="soldador" num="s" pos="ncms000" postype="common" sense="16:03368223" wd="soldador"/>
          </grup.nom>
        </sn>
      </S>
    </S>
    <f lem="." pos="fp" punct="period" wd="."/>
  </sentence>
  <sentence verbless="yes">
    <sadv>
      <grup.adv>
        <r lem="tal_cual" pos="rg" wd="Tal_cual"/>
      </grup.adv>
    </sadv>
    <f lem="." pos="fp" punct="period" wd="."/>
  </sentence>
  <sentence verbless="yes">
    <sn>
      <spec gen="m" num="s">
        <d gen="m" lem="uno" num="s" pos="di0ms0" postype="indefinite" wd="Un"/>
      </spec>
      <grup.nom gen="m" num="s">
        <n gen="m" lem="soldador" num="s" pos="ncms000" postype="common" sense="16:03368223" wd="soldador"/>
        <sp>
          <prep>
            <c lem="como" pos="cs" postype="subordinating" wd="como"/>
          </prep>
          <sn>
            <spec gen="m" num="s">
              <d gen="m" lem="el" num="s" pos="da0ms0" postype="article" wd="el"/>
            </spec>
            <grup.nom gen="m" num="s">
              <sp>
                <prep>
                  <s contracted="yes" gen="m" lem="del" num="s" pos="spcms" postype="preposition" wd="del"/>
                </prep>
                <sn entityref="ne" ne="location">
                  <grup.nom gen="m" num="s">
                    <n lem="Liceo" ne="location" pos="np0000l" postype="proper" sense="16:cs1" wd="Liceo"/>
                  </grup.nom>
                </sn>
              </sp>
            </grup.nom>
          </sn>
        </sp>
      </grup.nom>
      <f lem="," pos="fc" punct="comma" wd=","/>
    </sn>
    <sp>
      <prep>
        <s lem="con" pos="sps00" postype="preposition" wd="con"/>
      </prep>
      <sn>
        <grup.nom gen="m" num="s">
          <n gen="m" lem="perdón" lexicalid="noun.perdón.2.default" num="s" origin="deverbal" pos="ncms000" postype="common" sense="16:00795926" wd="perdón"/>
        </grup.nom>
      </sn>
    </sp>
    <f lem="." pos="fp" punct="period" wd="."/>
  </sentence>
  <sentence verbless="yes">
    <sn>
      <spec gen="m" num="s">
        <d gen="m" lem="uno" num="s" pos="di0ms0" postype="indefinite" wd="Un"/>
      </spec>
      <grup.nom gen="m" num="s">
        <n gen="m" lem="soldador" num="s" pos="ncms000" postype="common" sense="16:03368223" wd="soldador"/>
        <sp>
          <prep>
            <s lem="con" pos="sps00" postype="preposition" wd="con"/>
          </prep>
          <sn>
            <spec gen="f" num="s">
              <d gen="f" lem="uno" num="s" pos="di0fs0" postype="indefinite" wd="una"/>
            </spec>
            <grup.nom gen="f" num="s">
              <n gen="f" lem="chispa" num="s" pos="ncfs000" postype="common" sense="16:05517062" wd="chispa"/>
              <s.a gen="f" num="s">
                <grup.a gen="f" num="s">
                  <a gen="f" lem="loco" num="s" pos="aq0fs0" postype="qualificative" wd="loca"/>
                </grup.a>
              </s.a>
            </grup.nom>
          </sn>
        </sp>
      </grup.nom>
    </sn>
    <f lem="." pos="fp" punct="period" wd="."/>
  </sentence>
  <sentence verbless="yes">
    <sn>
      <spec gen="m" num="s">
        <d gen="m" lem="uno" num="s" pos="di0ms0" postype="indefinite" wd="Un"/>
      </spec>
      <grup.nom gen="m" num="s">
        <n gen="m" lem="soldador" num="s" pos="ncms000" postype="common" sense="16:03368223" wd="soldador"/>
        <S clausetype="relative">
          <relatiu arg="arg0" func="suj" tem="agt">
            <p gen="c" lem="que" num="c" pos="pr0cn000" postype="relative" wd="que"/>
          </relatiu>
          <sn arg="arg2" func="ci" tem="ben">
            <grup.nom num="s">
              <p gen="c" lem="yo" num="s" person="1" pos="pp1cs000" postype="personal" wd="me"/>
            </grup.nom>
          </sn>
          <grup.verb>
            <v lem="meter" lss="A21.transitive-agentive-patient" mood="subjunctive" num="s" person="3" pos="vmsp3s0" postype="main" tense="present" wd="meta"/>
          </grup.verb>
          <sn arg="arg1" func="cd" tem="pat">
            <grup.nom gen="m" num="s">
              <n gen="m" lem="fuego" num="s" pos="ncms000" postype="common" sense="16:09686541" wd="fuego"/>
            </grup.nom>
          </sn>
        </S>
      </grup.nom>
    </sn>
    <f lem="." pos="fp" punct="period" wd="."/>
  </sentence>
  <sentence coord="yes">
    <S verbless="yes">
      <sn>
        <spec gen="m" num="s">
          <d gen="m" lem="uno" num="s" pos="di0ms0" postype="indefinite" wd="Un"/>
        </spec>
        <grup.nom gen="m" num="s">
          <n gen="m" lem="soldador" num="s" pos="ncms000" postype="common" sense="16:03368223" wd="soldador"/>
          <S clausetype="relative">
            <relatiu arg="arg0" func="suj" tem="agt">
              <p gen="c" lem="que" num="c" pos="pr0cn000" postype="relative" wd="que"/>
            </relatiu>
            <neg func="mod">
              <r lem="no" pos="rn" postype="negative" wd="no"/>
            </neg>
            <grup.verb>
              <v lem="dejar" lss="A21.transitive-agentive-patient" mood="imperative" num="s" person="3" pos="vmm03s0" postype="main" wd="deje"/>
            </grup.verb>
            <sp arg="argM" func="cc" tem="adv">
              <prep>
                <s lem="de" pos="sps00" postype="preposition" wd="de"/>
              </prep>
              <sn entityref="ne" ne="person">
                <spec gen="f" num="s">
                  <d gen="f" lem="el" num="s" pos="da0fs0" postype="article" wd="la"/>
                </spec>
                <grup.nom gen="f" num="s">
                  <n lem="Susi" ne="person" pos="np0000p" postype="proper" sense="16:cs1" wd="Susi"/>
                </grup.nom>
              </sn>
            </sp>
            <sn arg="arg1" func="cd" tem="pat">
              <sadv adjunct="yes">
                <grup.adv>
                  <r lem="ni" pos="rg" wd="ni"/>
                </grup.adv>
              </sadv>
              <sn>
                <spec gen="f" num="s">
                  <d gen="f" lem="uno" num="s" pos="di0fs0" postype="indefinite" wd="una"/>
                </spec>
                <grup.nom gen="f" num="s">
                  <n gen="f" lem="pata" num="s" pos="ncfs000" postype="common" sense="16:01661550" wd="pata"/>
                  <sp>
                    <prep>
                      <s lem="de" pos="sps00" postype="preposition" wd="de"/>
                    </prep>
                    <sn>
                      <grup.nom gen="m" num="s">
                        <n gen="m" lem="gallo" num="s" pos="ncms000" postype="common" sense="16:01310064" wd="gallo"/>
                      </grup.nom>
                    </sn>
                  </sp>
                </grup.nom>
              </sn>
            </sn>
          </S>
        </grup.nom>
      </sn>
    </S>
    <conj conjunctiontype="coordinating">
      <c lem="y" pos="cc" postype="coordinating" wd="y"/>
    </conj>
    <S>
      <sadv arg="argM" func="cc" tem="mnr">
        <grup.adv>
          <r lem="así" pos="rg" wd="así"/>
        </grup.adv>
      </sadv>
      <sn arg="arg0" elliptic="yes" func="suj" tem="agt"/>
      <grup.verb>
        <v lem="poder" mood="indicative" num="s" person="1" pos="vmif1s0" postype="main" tense="future" wd="podré"/>
        <infinitiu>
          <v lem="pedir" lss="A32.ditransitive-patient-benefactive" mood="infinitive" pos="vmn0000" postype="main" wd="pedirle"/>
        </infinitiu>
      </grup.verb>
      <sp arg="arg2" func="ci" tem="ben">
        <prep>
          <s lem="a" pos="sps00" postype="preposition" wd="a"/>
        </prep>
        <sn entityref="ne" ne="person">
          <grup.nom gen="f" num="s">
            <sn>
              <grup.nom gen="f" num="s">
                <n gen="f" lem="doña" num="s" pos="ncfs000" postype="common" sense="16:cs1" wd="doña"/>
              </grup.nom>
            </sn>
            <n lem="Carmen_Alborch" ne="person" pos="np0000p" postype="proper" sense="16:cs1" wd="Carmen_Alborch"/>
          </grup.nom>
        </sn>
      </sp>
      <S arg="arg1" clausetype="completive" func="cd" tem="pat">
        <conj conjunctiontype="subordinating">
          <c lem="que" pos="cs" postype="subordinating" wd="que"/>
        </conj>
        <sn arg="arg0" elliptic="yes" func="suj" tem="agt"/>
        <sn arg="arg2" func="ci" tem="ben">
          <grup.nom num="s">
            <p gen="c" lem="yo" num="s" person="1" pos="pp1cs000" postype="personal" wd="me"/>
          </grup.nom>
        </sn>
        <grup.verb>
          <v lem="financiar" lss="A21.transitive-agentive-patient" mood="imperative" num="s" person="3" pos="vmm03s0" postype="main" wd="financie"/>
        </grup.verb>
        <sn arg="arg1" func="cd" tem="pat">
          <spec gen="f" num="s">
            <d gen="f" lem="uno" num="s" pos="di0fs0" postype="indefinite" wd="una"/>
          </spec>
          <grup.nom gen="f" num="s">
            <n gen="f" lem="reconstrucción" lexicalid="noun.reconstrucción.1.default" num="s" origin="deverbal" pos="ncfs000" postype="common" sense="16:00173090" wd="reconstrucción"/>
            <s.a complex="yes" func="cn" gen="f" num="s">
              <grup.a coord="yes" gen="f" num="s">
                <grup.a gen="f" num="s">
                  <a gen="f" lem="completo" num="s" pos="aq0fs0" postype="qualificative" wd="completa"/>
                </grup.a>
                <f lem="," pos="fc" punct="comma" wd=","/>
                <grup.a gen="f" num="s">
                  <a gen="f" lem="rápido" num="s" pos="aq0fs0" postype="qualificative" wd="rápida"/>
                </grup.a>
                <conj conjunctiontype="coordinating">
                  <c lem="y" pos="cc" postype="coordinating" wd="y"/>
                </conj>
                <grup.a gen="f" num="s">
                  <a gen="f" lem="divino" num="s" pos="aq0fs0" postype="qualificative" wd="divina"/>
                </grup.a>
              </grup.a>
            </s.a>
          </grup.nom>
        </sn>
      </S>
    </S>
    <f lem="." pos="fp" punct="period" wd="."/>
  </sentence>
  <sentence>
    <sp arg="argM" func="cc" tem="fin">
      <prep>
        <s lem="para" pos="sps00" postype="preposition" wd="Para"/>
      </prep>
      <sn>
        <grup.nom gen="m" num="s">
          <p gen="c" lem="ese" num="s" pos="pd0ns000" postype="demonstrative" wd="eso"/>
        </grup.nom>
      </sn>
    </sp>
    <inc>
      <S>
        <f lem="," pos="fc" punct="comma" wd=","/>
        <sn arg="arg0" elliptic="yes" func="suj" tem="agt"/>
        <sadv arg="argM" func="cc" tem="tmp">
          <grup.adv>
            <r lem="ya" pos="rg" wd="ya"/>
          </grup.adv>
        </sadv>
        <grup.verb>
          <v lem="decir" lss="A32.ditransitive-patient-benefactive" mood="indicative" num="s" person="1" pos="vmip1s0" postype="main" tense="present" wd="digo"/>
        </grup.verb>
        <f lem="," pos="fc" punct="comma" wd=","/>
      </S>
    </inc>
    <sn arg="arg0" elliptic="yes" func="suj" tem="agt"/>
    <grup.verb>
      <v lem="necesitar" lss="A21.transitive-agentive-patient" mood="indicative" num="s" person="1" pos="vmip1s0" postype="main" tense="present" wd="necesito"/>
    </grup.verb>
    <sn arg="arg1" func="cd" tem="pat">
      <spec gen="m" num="s">
        <d gen="m" lem="uno" num="s" pos="di0ms0" postype="indefinite" wd="un"/>
      </spec>
      <grup.nom gen="m" num="s">
        <n gen="m" lem="soldador" num="s" pos="ncms000" postype="common" sense="16:03368223" wd="soldador"/>
      </grup.nom>
    </sn>
    <f lem="." pos="fp" punct="period" wd="."/>
  </sentence>
  <sentence verbless="yes">
    <sn>
      <grup.nom gen="m" num="s">
        <s.a gen="m" num="s">
          <grup.a gen="m" num="s">
            <a gen="c" lem="pobre" num="s" pos="aq0cs0" postype="qualificative" wd="Pobre"/>
          </grup.a>
        </s.a>
        <n gen="m" lem="soldador" num="s" pos="ncms000" postype="common" sense="16:03368223" wd="soldador"/>
      </grup.nom>
    </sn>
    <sadv>
      <f lem="," pos="fc" punct="comma" wd=","/>
      <grup.adv>
        <r lem="por_cierto" pos="rg" wd="por_cierto"/>
      </grup.adv>
    </sadv>
    <f lem="." pos="fp" punct="period" wd="."/>
  </sentence>
  <sentence>
    <sn arg="arg1" func="cd" tem="pat">
      <spec gen="m" num="s">
        <d gen="m" lem="el" num="s" pos="da0ms0" postype="article" wd="El"/>
      </spec>
      <grup.nom gen="m" num="s">
        <sp>
          <prep>
            <s contracted="yes" gen="m" lem="del" num="s" pos="spcms" postype="preposition" wd="del"/>
          </prep>
          <sn entityref="ne" ne="location">
            <grup.nom gen="m" num="s">
              <n lem="Liceo" ne="location" pos="np0000l" postype="proper" sense="16:cs1" wd="Liceo"/>
            </grup.nom>
          </sn>
        </sp>
      </grup.nom>
      <f lem="," pos="fc" punct="comma" wd=","/>
    </sn>
    <sn arg="arg0" elliptic="yes" func="suj" tem="agt"/>
    <grup.verb>
      <v lem="decir" lss="A32.ditransitive-patient-benefactive" mood="indicative" num="s" person="1" pos="vmip1s0" postype="main" tense="present" wd="digo"/>
    </grup.verb>
    <f lem="." pos="fp" punct="period" wd="."/>
  </sentence>
  <sentence coord="yes">
    <S>
      <sn arg="arg1" func="suj" tem="tem">
        <spec gen="f" num="s">
          <d gen="f" lem="el" num="s" pos="da0fs0" postype="article" wd="La"/>
        </spec>
        <grup.nom gen="f" num="s">
          <n gen="f" lem="criatura" num="s" pos="ncfs000" postype="common" sense="16:07192170" wd="criatura"/>
        </grup.nom>
      </sn>
      <grup.verb>
        <v lem="estar" lss="C21.state-attributive" mood="indicative" num="s" person="3" pos="vmif3s0" postype="main" tense="future" wd="estará"/>
      </grup.verb>
      <S arg="arg2" clausetype="participle" func="atr" impersonal="yes" tem="atr">
        <participi>
          <a gen="f" lem="hecho" lss="C21.state-attributive" num="s" pos="aq0fsp" posfunction="participle" postype="qualificative" wd="hecha"/>
        </participi>
        <sn arg="arg2" func="cpred" tem="atr">
          <grup.nom gen="m" num="s">
            <n gen="m" lem="polvo" num="s" pos="ncms000" postype="common" sense="16:10763217" wd="polvo"/>
          </grup.nom>
        </sn>
      </S>
    </S>
    <conj conjunctiontype="coordinating">
      <c lem="y" pos="cc" postype="coordinating" wd="y"/>
    </conj>
    <S>
      <sn arg="arg1" func="suj" tem="tem">
        <spec gen="m" num="s">
          <d gen="c" lem="el" num="s" pos="da0ns0" postype="article" wd="lo"/>
        </spec>
        <grup.nom gen="m" num="s">
          <s.a gen="m" num="s">
            <grup.a gen="m" num="s">
              <a gen="m" lem="último" num="s" pos="ao0ms0" postype="ordinal" wd="último"/>
            </grup.a>
          </s.a>
          <S clausetype="relative">
            <relatiu arg="arg1" func="cd" tem="pat">
              <p gen="c" lem="que" num="c" pos="pr0cn000" postype="relative" wd="que"/>
            </relatiu>
            <sn arg="arg0" elliptic="yes" func="suj" tem="agt"/>
            <grup.verb>
              <v lem="querer" lss="A21.transitive-agentive-patient" mood="subjunctive" num="s" person="1" pos="vmsi1s0" postype="main" tense="imperfect" wd="quisiera"/>
            </grup.verb>
          </S>
        </grup.nom>
      </sn>
      <grup.verb>
        <v lem="ser" lss="C21.state-attributive" mood="indicative" num="s" person="3" pos="vsip3s0" postype="semiauxiliary" tense="present" wd="es"/>
      </grup.verb>
      <S arg="arg2" clausetype="completive" func="atr" impersonal="yes" tem="atr">
        <infinitiu>
          <v lem="mortificar" lss="A11.transitive-causative" mood="infinitive" pos="vmn0000" postype="main" wd="mortificarla"/>
        </infinitiu>
      </S>
    </S>
    <f lem="." pos="fp" punct="period" wd="."/>
  </sentence>
  <sentence>
    <conj conjunctiontype="coordinating" func="et">
      <c lem="pero" pos="cc" postype="coordinating" wd="Pero"/>
    </conj>
    <grup.verb>
      <v lem="estar" mood="indicative" num="s" person="3" pos="vmip3s0" postype="main" tense="present" wd="está"/>
      <v gen="m" lem="ver" lss="C11.state-existential" mood="participle" num="s" pos="vmp00sm" postype="main" wd="visto"/>
    </grup.verb>
    <S arg="arg1" clausetype="completive" coord="yes" func="suj" tem="tem">
      <conj conjunctiontype="subordinating">
        <c lem="que" pos="cs" postype="subordinating" wd="que"/>
      </conj>
      <S clausetype="completive">
        <sn arg="arg1" func="suj" tem="tem">
          <spec gen="m" num="s">
            <d gen="m" lem="uno" num="s" pos="di0ms0" postype="indefinite" wd="un"/>
          </spec>
          <grup.nom gen="m" num="s">
            <n gen="m" lem="soldador" num="s" pos="ncms000" postype="common" sense="16:03368223" wd="soldador"/>
          </grup.nom>
        </sn>
        <grup.verb>
          <v lem="ser" lss="C21.state-attributive" mood="indicative" num="s" person="3" pos="vsip3s0" postype="semiauxiliary" tense="present" wd="es"/>
        </grup.verb>
        <sa arg="arg2" func="atr" tem="atr">
          <grup.a>
            <a gen="c" lem="imprescindible" num="s" pos="aq0cs0" postype="qualificative" wd="imprescindible"/>
          </grup.a>
        </sa>
      </S>
      <f lem="," pos="fc" punct="comma" wd=","/>
      <S clausetype="completive">
        <sn arg="arg1" func="suj" tem="tem">
          <spec gen="m" num="s">
            <d gen="m" lem="uno" num="s" pos="di0ms0" postype="indefinite" wd="un"/>
          </spec>
          <grup.nom gen="m" num="s">
            <n gen="m" lem="soldador" num="s" pos="ncms000" postype="common" sense="16:03368223" wd="soldador"/>
          </grup.nom>
        </sn>
        <grup.verb>
          <v lem="ser" lss="C21.state-attributive" mood="indicative" num="s" person="3" pos="vsip3s0" postype="semiauxiliary" tense="present" wd="es"/>
        </grup.verb>
        <sn arg="arg2" func="atr" tem="atr">
          <spec gen="m" num="s">
            <d gen="m" lem="el" num="s" pos="da0ms0" postype="article" wd="el"/>
          </spec>
          <grup.nom gen="m" num="s">
            <n gen="m" lem="ángel" num="s" pos="ncms000" postype="common" sense="16:06891518" wd="ángel"/>
            <s.a gen="m" num="s">
              <grup.a gen="m" num="s">
                <a gen="m" lem="exterminador" num="s" pos="aq0ms0" postype="qualificative" wd="exterminador"/>
              </grup.a>
            </s.a>
            <S clausetype="relative">
              <relatiu arg="arg0" func="suj" tem="cau">
                <p gen="c" lem="que" num="c" pos="pr0cn000" postype="relative" wd="que"/>
              </relatiu>
              <grup.verb>
                <v lem="incendiar" lss="A11.transitive-causative" mood="indicative" num="s" person="3" pos="vmip3s0" postype="main" tense="present" wd="incendia"/>
              </grup.verb>
              <sn arg="arg1" complex="yes" func="cd" tem="tem">
                <grup.nom coord="yes">
                  <grup.nom coord="yes">
                    <grup.nom gen="m" num="p">
                      <n gen="m" lem="soprano" num="p" pos="ncmp000" postype="common" sense="16:07593299" wd="sopranos"/>
                    </grup.nom>
                    <conj conjunctiontype="coordinating">
                      <c lem="y" pos="cc" postype="coordinating" wd="y"/>
                    </conj>
                    <grup.nom gen="f" num="p">
                      <s.a gen="m" num="p">
                        <grup.a gen="m" num="p">
                          <a gen="c" lem="grande" num="p" pos="aq0cp0" postype="qualificative" wd="grandes"/>
                        </grup.a>
                      </s.a>
                      <n gen="f" lem="duquesa" num="p" pos="ncfp000" postype="common" sense="16:07230661" wd="duquesas"/>
                    </grup.nom>
                  </grup.nom>
                  <f lem="," pos="fc" punct="comma" wd=","/>
                  <grup.nom coord="yes">
                    <grup.nom gen="m" num="p">
                      <n gen="m" lem="pavarotis" num="p" pos="ncmp000" postype="common" sense="16:cs1" wd="pavarotis"/>
                    </grup.nom>
                    <conj conjunctiontype="coordinating">
                      <c lem="y" pos="cc" postype="coordinating" wd="y"/>
                    </conj>
                    <grup.nom gen="m" num="p">
                      <n gen="m" lem="rasputines" num="p" pos="ncmp000" postype="common" sense="16:cs1" wd="rasputines"/>
                    </grup.nom>
                  </grup.nom>
                  <f lem="," pos="fc" punct="comma" wd=","/>
                  <grup.nom coord="yes">
                    <grup.nom gen="m" num="p">
                      <n gen="m" lem="liceo" num="p" pos="ncmp000" postype="common" sense="16:02948868" wd="liceos"/>
                    </grup.nom>
                    <conj conjunctiontype="coordinating">
                      <c lem="y" pos="cc" postype="coordinating" wd="y"/>
                    </conj>
                    <grup.nom gen="m" num="p">
                      <n gen="m" lem="palacio" num="p" pos="ncmp000" postype="common" sense="16:03080223" wd="palacios"/>
                      <sp>
                        <prep>
                          <s lem="de" pos="sps00" postype="preposition" wd="de"/>
                        </prep>
                        <sn>
                          <grup.nom gen="m" num="s">
                            <n gen="m" lem="invierno" num="s" pos="ncms000" postype="common" sense="16:10946591" wd="invierno"/>
                          </grup.nom>
                        </sn>
                      </sp>
                    </grup.nom>
                  </grup.nom>
                  <f lem="," pos="fc" punct="comma" wd=","/>
                  <grup.nom coord="yes">
                    <grup.nom gen="f" num="p">
                      <n gen="f" lem="leidicháterlis" num="p" pos="ncfp000" postype="common" sense="16:cs1" wd="leidicháterlis"/>
                    </grup.nom>
                    <conj conjunctiontype="coordinating">
                      <c lem="y" pos="cc" postype="coordinating" wd="y"/>
                    </conj>
                    <grup.nom gen="f" num="p">
                      <n gen="f" lem="susis" num="p" pos="ncfp000" postype="common" sense="16:cs1" wd="susis"/>
                    </grup.nom>
                  </grup.nom>
                </grup.nom>
              </sn>
            </S>
          </grup.nom>
        </sn>
      </S>
    </S>
    <f lem="." pos="fp" punct="period" wd="."/>
  </sentence>
</article>
