<?xml version="1.0" encoding="UTF-8"?>
<!-- 

  ancora-2.0
       
			Copyright (C) 2007, 2008, 2009, 2010, 2011 UB - CLiC
			Centre de Llenguatge i Computació - Universitat de Barcelona
 
  This file is part of ancora-2.0.
 
  ancora-2.0 is free software and data: you can redistribute it and/or modify
  it under the terms of the GNU General Public License as published
  by the Free Software Foundation, either version 3 of the License,
  or (at your option) any later version.

  ancora-2.0 is distributed in the hope that it will be useful,
  but WITHOUT ANY WARRANTY; without even the implied warranty of
  MERCHANTABILITY or FITNESS FOR A PARTICULAR PURPOSE.  See the
  GNU General Public License for more details.
 
  You should have received a copy of the GNU General Public License
  along with ancora-2.0.  If not, see &lt;http://www.gnu.org/licenses/&gt;.
 
  Check a text in catalan explaining the terms of the license at http://www.softcatala.cat/wiki/GPL3.
  In spanish at http://www.viti.es/gnu/licenses/gpl.html
 

  The following paper must be cited when using this corpus:

 * Taulé, M., M.A. Martí, M. Recasens (2008) 'Ancora: Multilevel Annotated Corpora for Catalan and Spanish',
   Proceedings of 6th International Conference on Language Resources and Evaluation. Marrakesh (Morocco).

  In addition, the following paper must be cited if coreference information (attributes entity, coreftype,
  corefsubtype, homophoricDD or entityref) is used:

 * Recasens, Marta, M. Antònia Martí (2010) ‘AnCora-CO: Coreferentially annotated corpora for Spanish and
   Catalan’. Language Resources and Evaluation, Springer Science.

  Additionally, the following paper must be cited when argumental attributes in "sn" or "grup.nom"
  (attributes func, arg, tem or lexicalid) are used:

 * Peris, Aina, Mariona Taulé, Horacio Rodríguez (2010) ‘Semantic Annotation of Deverbal Nominalizations in the
   Spanish AnCora corpus’. Treebanks and Linguistic Theories (TLT-2010), Estonia.
-->
<article lng="es">
  <sentence>
    <S arg="argM" clausetype="adverbial" coord="yes" func="cc" tem="cau">
      <conj conjunctiontype="subordinating">
        <c lem="ya_que" pos="cs" postype="subordinating" wd="Ya_que"/>
      </conj>
      <S clausetype="adverbial">
        <sn arg="arg0" entityref="ne" func="suj" ne="person" tem="agt">
          <grup.nom gen="m" num="s">
            <n lem="Antonio_Peñalver" ne="person" pos="np0000p" postype="proper" sense="16:cs1" wd="Antonio_Peñalver"/>
          </grup.nom>
        </sn>
        <neg func="mod">
          <r lem="no" pos="rn" postype="negative" wd="no"/>
        </neg>
        <grup.verb>
          <v lem="dar" lss="D11.inergative-agentive" mood="indicative" num="s" person="3" pos="vmip3s0" postype="main" tense="present" wd="da"/>
        </grup.verb>
        <sn arg="argL" func="cd">
          <grup.nom gen="f" num="p">
            <n gen="f" lem="señal" num="p" pos="ncfp000" postype="common" sense="16:05085885" wd="señales"/>
            <sp>
              <prep>
                <s lem="de" pos="sps00" postype="preposition" wd="de"/>
              </prep>
              <sn>
                <grup.nom gen="f" num="s">
                  <n gen="f" lem="vida" num="s" pos="ncfs000" postype="common" sense="16:03653606" wd="vida"/>
                </grup.nom>
              </sn>
            </sp>
          </grup.nom>
        </sn>
        <sp arg="argM" func="cc" tem="adv">
          <prep>
            <s lem="por" pos="sps00" postype="preposition" wd="por"/>
          </prep>
          <sn>
            <spec gen="m" num="p">
              <r lem="más" pos="rg" wd="más"/>
            </spec>
            <grup.nom gen="m" num="p">
              <n gen="m" lem="recado" lexicalid="noun.recado.1.default" num="p" origin="deverbal" pos="ncmp000" postype="common" sense="16:00471384" wd="recados"/>
              <S clausetype="relative" func="cn">
                <relatiu arg="arg1" func="cd" tem="pat">
                  <p gen="c" lem="que" num="c" pos="pr0cn000" postype="relative" wd="que"/>
                </relatiu>
                <sn arg="arg0" elliptic="yes" func="suj" tem="agt"/>
                <sn arg="arg2" func="ci" tem="ben">
                  <grup.nom num="s">
                    <p case="dative" gen="c" lem="él" num="s" person="3" pos="pp3csd00" postype="personal" wd="le"/>
                  </grup.nom>
                </sn>
                <grup.verb>
                  <v lem="mandar" lss="A32.ditransitive-patient-benefactive" mood="indicative" num="s" person="1" pos="vmip1s0" postype="main" tense="present" wd="mando"/>
                </grup.verb>
                <sp arg="argM" func="cc" tem="loc">
                  <prep>
                    <s lem="desde" pos="sps00" postype="preposition" wd="desde"/>
                  </prep>
                  <sadv>
                    <grup.adv>
                      <r lem="aquí" pos="rg" wd="aquí"/>
                    </grup.adv>
                  </sadv>
                </sp>
              </S>
            </grup.nom>
          </sn>
        </sp>
      </S>
      <conj conjunctiontype="coordinating">
        <c lem="y" pos="cc" postype="coordinating" wd="y"/>
      </conj>
      <S clausetype="adverbial">
        <morfema.verbal func="pass">
          <p gen="c" lem="se" num="c" pos="p0000000" wd="se"/>
        </morfema.verbal>
        <grup.verb>
          <v lem="ver" lss="B22.unaccusative-passive-transitive" mood="indicative" num="s" person="3" pos="vmip3s0" postype="main" tense="present" wd="ve"/>
        </grup.verb>
        <S arg="arg1" clausetype="completive" func="suj" tem="pat">
          <conj conjunctiontype="subordinating">
            <c lem="que" pos="cs" postype="subordinating" wd="que"/>
          </conj>
          <sn arg="arg1" elliptic="yes" func="suj" tem="tem"/>
          <neg func="mod">
            <r lem="no" pos="rn" postype="negative" wd="no"/>
          </neg>
          <grup.verb>
            <v lem="tener" lss="C21.state-attributive" mood="indicative" num="s" person="3" pos="vmip3s0" postype="main" tense="present" wd="tiene"/>
          </grup.verb>
          <sn arg="arg2" func="cd" functype="quantitative" tem="atr">
            <spec gen="f" num="s">
              <d gen="f" lem="el" num="s" pos="da0fs0" postype="article" wd="la"/>
            </spec>
            <grup.nom gen="f" num="s">
              <s.a func="cn" gen="f" num="s">
                <grup.a gen="f" num="s">
                  <a gen="c" lem="menor" num="s" pos="aq0cs0" postype="qualificative" wd="menor"/>
                </grup.a>
              </s.a>
              <n gen="f" lem="intención" lexicalid="noun.intención.1.default" num="s" origin="deverbal" pos="ncfs000" postype="common" sense="16:04588033" wd="intención"/>
              <sp arg="arg1" func="cn" tem="pat">
                <prep>
                  <s lem="de" pos="sps00" postype="preposition" wd="de"/>
                </prep>
                <S clausetype="completive" impersonal="yes">
                  <infinitiu>
                    <v lem="poner" lss="A21.transitive-agentive-patient" mood="infinitive" pos="vmn0000" postype="main" wd="ponerme"/>
                  </infinitiu>
                  <sp arg="argL" func="cc">
                    <prep>
                      <s lem="en" pos="sps00" postype="preposition" wd="en"/>
                    </prep>
                    <sn>
                      <grup.nom gen="f" num="p">
                        <n gen="f" lem="ascua" num="p" pos="ncfp000" postype="common" sense="16:06688669" wd="ascuas"/>
                      </grup.nom>
                    </sn>
                  </sp>
                </S>
              </sp>
            </grup.nom>
          </sn>
        </S>
      </S>
      <f lem="," pos="fc" punct="comma" wd=","/>
    </S>
    <sn arg="arg0" elliptic="yes" func="suj" tem="agt"/>
    <grup.verb>
      <v lem="ir" mood="indicative" num="s" person="1" pos="vmip1s0" postype="main" tense="present" wd="voy"/>
      <s lem="a" pos="sps00" postype="preposition" wd="a"/>
      <infinitiu>
        <v lem="rezar" lss="A21.transitive-agentive-patient" mood="infinitive" pos="vmn0000" postype="main" wd="rezarle"/>
      </infinitiu>
    </grup.verb>
    <sp arg="arg2" func="ci" tem="ben">
      <prep>
        <s lem="a" pos="sps00" postype="preposition" wd="a"/>
      </prep>
      <sn entityref="ne" ne="person">
        <grup.nom gen="f" num="s">
          <s.a gen="f" num="s">
            <grup.a gen="f" num="s">
              <a gen="f" lem="santo" num="s" pos="aq0fs0" postype="qualificative" wd="santa"/>
            </grup.a>
          </s.a>
          <n lem="Carmen_Sevilla" ne="person" pos="np0000p" postype="proper" sense="16:cs1" wd="Carmen_Sevilla"/>
        </grup.nom>
      </sn>
    </sp>
    <S arg="argM" clausetype="adverbial" func="cc" tem="fin">
      <conj conjunctiontype="subordinating">
        <c lem="para_que" pos="cs" postype="subordinating" wd="para_que"/>
      </conj>
      <sn arg="arg2" func="ci" tem="ben">
        <grup.nom num="s">
          <p gen="c" lem="yo" num="s" person="1" pos="pp1cs000" postype="personal" wd="me"/>
        </grup.nom>
      </sn>
      <grup.verb>
        <v lem="tocar" lss="C41.state-benefactive" mood="subjunctive" num="s" person="3" pos="vmsp3s0" postype="main" tense="present" wd="toque"/>
      </grup.verb>
      <sp arg="argM" func="cc" tem="loc">
        <prep>
          <s lem="en" pos="sps00" postype="preposition" wd="en"/>
        </prep>
        <sn>
          <spec gen="m" num="s">
            <d gen="m" lem="el" num="s" pos="da0ms0" postype="article" wd="el"/>
          </spec>
          <grup.nom gen="m" num="s">
            <n gen="m" lem="cuponazo" num="s" pos="ncms000" postype="common" sense="16:cs1" wd="cuponazo"/>
          </grup.nom>
        </sn>
      </sp>
      <sn arg="arg1" func="suj" tem="tem">
        <spec gen="m" num="s">
          <d gen="m" lem="uno" num="s" pos="di0ms0" postype="indefinite" wd="un"/>
        </spec>
        <grup.nom gen="m" num="s">
          <n gen="m" lem="soldador" num="s" pos="ncms000" postype="common" sense="16:03368223" wd="soldador"/>
        </grup.nom>
      </sn>
    </S>
    <f lem="." pos="fp" punct="period" wd="."/>
  </sentence>
  <sentence>
    <conj conjunctiontype="coordinating" func="et">
      <c lem="y" pos="cc" postype="coordinating" wd="Y"/>
    </conj>
    <conj conjunctiontype="subordinating" func="et">
      <c lem="que" pos="cs" postype="subordinating" wd="que"/>
    </conj>
    <grup.verb>
      <v lem="constar" lss="C11.state-existential" mood="subjunctive" num="s" person="3" pos="vmsp3s0" postype="main" tense="present" wd="conste"/>
    </grup.verb>
    <S arg="arg1" clausetype="completive" coord="yes" func="suj" tem="tem">
      <conj conjunctiontype="subordinating">
        <c lem="que" pos="cs" postype="subordinating" wd="que"/>
      </conj>
      <S clausetype="completive">
        <sn arg="arg2" func="ci" tem="ben">
          <grup.nom num="s">
            <p gen="c" lem="yo" num="s" person="1" pos="pp1cs000" postype="personal" wd="me"/>
          </grup.nom>
        </sn>
        <grup.verb>
          <v lem="dar" lss="C21.state-attributive" mood="indicative" num="s" person="3" pos="vmip3s0" postype="main" tense="present" wd="da"/>
        </grup.verb>
        <sn arg="arg2" func="cd" functype="quantitative" tem="atr">
          <spec gen="f" num="s">
            <d gen="f" lem="uno" num="s" pos="di0fs0" postype="indefinite" wd="una"/>
          </spec>
          <grup.nom gen="f" num="s">
            <n gen="f" lem="pena" num="s" pos="ncfs000" postype="common" sense="16:05601413" wd="pena"/>
            <s.a gen="f" num="s">
              <grup.a gen="f" num="s">
                <a gen="f" lem="grandísimo" num="s" pos="aq0fs0" postype="qualificative" wd="grandísima"/>
              </grup.a>
            </s.a>
          </grup.nom>
        </sn>
        <sn arg="arg1" func="suj" tem="tem">
          <spec gen="m" num="s">
            <d gen="c" lem="el" num="s" pos="da0ns0" postype="article" wd="lo"/>
          </spec>
          <grup.nom gen="m" num="s">
            <S clausetype="relative">
              <relatiu arg="arg1" func="suj" tem="tem">
                <p gen="c" lem="que" num="c" pos="pr0cn000" postype="relative" wd="que"/>
              </relatiu>
              <sn arg="arg2" func="ci" tem="ben">
                <grup.nom num="s">
                  <p case="dative" gen="c" lem="él" num="s" person="3" pos="pp3csd00" postype="personal" wd="le"/>
                </grup.nom>
              </sn>
              <grup.verb>
                <v lem="haber" mood="indicative" num="s" person="3" pos="vaip3s0" postype="auxiliary" tense="present" wd="ha"/>
                <v gen="m" lem="pasar" lss="C41.state-benefactive" mood="participle" num="s" pos="vmp00sm" postype="main" wd="pasado"/>
              </grup.verb>
              <sp arg="arg2" func="ci" tem="ben">
                <prep>
                  <s contracted="yes" gen="m" lem="al" num="s" pos="spcms" postype="preposition" wd="al"/>
                </prep>
                <sn entityref="ne" ne="location">
                  <grup.nom gen="m" num="s">
                    <n lem="Liceo" ne="location" pos="np0000l" postype="proper" sense="16:cs1" wd="Liceo"/>
                  </grup.nom>
                </sn>
              </sp>
            </S>
          </grup.nom>
        </sn>
      </S>
      <conj conjunctiontype="coordinating">
        <c lem="y" pos="cc" postype="coordinating" wd="y"/>
      </conj>
      <S clausetype="completive">
        <sn arg="arg0" elliptic="yes" func="suj" tem="agt"/>
        <neg func="mod">
          <r lem="no" pos="rn" postype="negative" wd="no"/>
        </neg>
        <grup.verb>
          <v lem="compartir" lss="A21.transitive-agentive-patient" mood="indicative" num="s" person="1" pos="vmip1s0" postype="main" tense="present" wd="comparto"/>
        </grup.verb>
        <sadv arg="argM" func="cc" tem="adv">
          <grup.adv>
            <r lem="nada" pos="rg" wd="nada"/>
            <sn>
              <f lem="," pos="fc" punct="comma" wd=","/>
              <spec gen="m" num="s">
                <d gen="c" lem="el" num="s" pos="da0ns0" postype="article" wd="lo"/>
              </spec>
              <S clausetype="relative">
                <relatiu arg="arg1" func="cd" tem="pat">
                  <p gen="c" lem="que" num="c" pos="pr0cn000" postype="relative" wd="que"/>
                </relatiu>
                <morfema.verbal func="impers">
                  <p gen="c" lem="él" num="c" pos="p0000000" wd="se"/>
                </morfema.verbal>
                <grup.verb>
                  <v lem="decir" lss="A32.ditransitive-patient-benefactive" mood="indicative" num="s" person="3" pos="vmip3s0" postype="main" tense="present" wd="dice"/>
                </grup.verb>
                <sadv arg="argM" func="cpred" predicate="suj" tem="atr">
                  <grup.adv>
                    <r lem="nada" pos="rg" wd="nada"/>
                  </grup.adv>
                </sadv>
              </S>
              <f lem="," pos="fc" punct="comma" wd=","/>
            </sn>
          </grup.adv>
        </sadv>
        <sn arg="arg1" func="cd" tem="pat">
          <spec gen="f" num="s">
            <d gen="f" lem="el" num="s" pos="da0fs0" postype="article" wd="la"/>
          </spec>
          <grup.nom gen="f" num="s">
            <s.a func="cn" gen="f" num="s">
              <grup.a gen="f" num="s">
                <a gen="f" lem="agonioso" num="s" pos="aq0fs0" postype="qualificative" wd="agoniosa"/>
              </grup.a>
            </s.a>
            <n gen="f" lem="opinión" lexicalid="noun.opinión.1.default" num="s" origin="deverbal" pos="ncfs000" postype="common" sense="16:04564824" wd="opinión"/>
            <sp arg="arg0" func="cn" tem="agt">
              <prep>
                <s lem="de" pos="sps00" postype="preposition" wd="de"/>
              </prep>
              <S clausetype="completive">
                <relatiu arg="arg0" func="suj" tem="agt">
                  <p gen="c" lem="quien" num="p" pos="pr0cp000" postype="relative" wd="quienes"/>
                </relatiu>
                <grup.verb>
                  <v lem="negar" lss="A21.transitive-agentive-patient" mood="indicative" num="p" person="3" pos="vmic3p0" postype="main" tense="conditional" wd="negarían"/>
                </grup.verb>
                <sn arg="arg1" func="cd" tem="pat">
                  <spec gen="m" num="s">
                    <d gen="m" lem="el" num="s" pos="da0ms0" postype="article" wd="el"/>
                  </spec>
                  <grup.nom gen="m" num="s">
                    <n gen="m" lem="dinero" num="s" pos="ncms000" postype="common" sense="16:09639711" wd="dinero"/>
                    <sp>
                      <prep>
                        <s lem="de" pos="sps00" postype="preposition" wd="de"/>
                      </prep>
                      <sn>
                        <grup.nom gen="m" num="p">
                          <p gen="m" lem="todo" num="p" pos="pi0mp000" postype="indefinite" wd="todos"/>
                        </grup.nom>
                      </sn>
                    </sp>
                  </grup.nom>
                </sn>
                <sp arg="argM" func="cc" tem="fin">
                  <prep>
                    <s lem="para" pos="sps00" postype="preposition" wd="para"/>
                  </prep>
                  <S clausetype="completive" impersonal="yes">
                    <infinitiu>
                      <v lem="arreglar" lss="A11.transitive-causative" mood="infinitive" pos="vmn0000" postype="main" wd="arreglarle"/>
                    </infinitiu>
                    <sn arg="arg1" func="cd" tem="tem">
                      <spec gen="f" num="s">
                        <d gen="f" lem="el" num="s" pos="da0fs0" postype="article" wd="la"/>
                      </spec>
                      <grup.nom gen="f" num="s">
                        <n gen="f" lem="jaima" num="s" pos="ncfs000" postype="common" sense="16:cs1" wd="jaima"/>
                      </grup.nom>
                    </sn>
                    <sp arg="arg2" func="ci" tem="ben">
                      <prep>
                        <s lem="a" pos="sps00" postype="preposition" wd="a"/>
                      </prep>
                      <sn entityref="ne" ne="person">
                        <spec gen="f" num="s">
                          <d gen="f" lem="el" num="s" pos="da0fs0" postype="article" wd="la"/>
                        </spec>
                        <grup.nom gen="f" num="s">
                          <n lem="Caballé" ne="person" pos="np0000p" postype="proper" sense="16:cs1" wd="Caballé"/>
                        </grup.nom>
                      </sn>
                    </sp>
                  </S>
                </sp>
              </S>
            </sp>
          </grup.nom>
        </sn>
      </S>
    </S>
    <f lem="." pos="fp" punct="period" wd="."/>
  </sentence>
  <sentence verbless="yes">
    <sadv>
      <grup.adv>
        <r lem="ni" pos="rg" wd="Ni"/>
      </grup.adv>
    </sadv>
    <sn>
      <spec gen="m" num="s">
        <d gen="m" lem="el" num="s" pos="da0ms0" postype="article" wd="el"/>
      </spec>
      <grup.nom gen="m" num="s">
        <n gen="m" lem="arrebato" lexicalid="noun.arrebato.1.default" num="s" origin="deverbal" pos="ncms000" postype="common" sense="16:05261864" wd="arrebato"/>
        <sp arg="arg1" func="cn" tem="tem">
          <prep>
            <s lem="de" pos="sps00" postype="preposition" wd="de"/>
          </prep>
          <S clausetype="completive">
            <relatiu arg="arg1" func="suj" tem="tem">
              <p gen="c" lem="quien" num="p" pos="pr0cp000" postype="relative" wd="quienes"/>
            </relatiu>
            <sadv arg="argM" func="cc" tem="tmp">
              <grup.adv>
                <r lem="de_pronto" pos="rg" wd="de_pronto"/>
              </grup.adv>
            </sadv>
            <morfema.pronominal>
              <p gen="c" lem="él" num="c" person="3" pos="p0300000" wd="se"/>
            </morfema.pronominal>
            <grup.verb>
              <v lem="poner" lss="B21.unaccusative-state" mood="indicative" num="p" person="3" pos="vmip3p0" postype="main" tense="present" wd="ponen"/>
            </grup.verb>
            <sa arg="arg2" func="cpred" predicate="suj" tem="atr">
              <grup.a>
                <a gen="m" lem="solidario" num="p" pos="aq0mp0" postype="qualificative" wd="solidarios"/>
                <sp coord="yes">
                  <sp>
                    <prep>
                      <s lem="con" pos="sps00" postype="preposition" wd="con"/>
                    </prep>
                    <sn>
                      <spec gen="f" num="p">
                        <d gen="f" lem="el" num="p" pos="da0fp0" postype="article" wd="las"/>
                      </spec>
                      <grup.nom gen="f" num="p">
                        <n gen="f" lem="víctima" num="p" pos="ncfp000" postype="common" sense="16:07665319" wd="víctimas"/>
                        <sp>
                          <prep>
                            <s lem="de" pos="sps00" postype="preposition" wd="de"/>
                          </prep>
                          <sn>
                            <spec gen="f" num="s">
                              <d gen="f" lem="el" num="s" pos="da0fs0" postype="article" wd="la"/>
                            </spec>
                            <grup.nom gen="f" num="s">
                              <n gen="f" lem="colza" num="s" pos="ncfs000" postype="common" sense="16:08187611" wd="colza"/>
                            </grup.nom>
                          </sn>
                        </sp>
                      </grup.nom>
                    </sn>
                  </sp>
                  <conj conjunctiontype="coordinating">
                    <c lem="o" pos="cc" postype="coordinating" wd="o"/>
                  </conj>
                  <sp>
                    <prep>
                      <s lem="con" pos="sps00" postype="preposition" wd="con"/>
                    </prep>
                    <sn entityref="ne" ne="location">
                      <spec gen="f" num="s">
                        <d gen="f" lem="el" num="s" pos="da0fs0" postype="article" wd="la"/>
                      </spec>
                      <grup.nom gen="f" num="s">
                        <n gen="f" lem="catedral" num="s" pos="ncfs000" postype="common" sense="16:02405099" wd="catedral"/>
                        <sp>
                          <prep>
                            <s lem="de" pos="sps00" postype="preposition" wd="de"/>
                          </prep>
                          <sn entityref="ne" ne="location">
                            <grup.nom>
                              <n lem="Burgos" ne="location" pos="np0000l" postype="proper" wd="Burgos"/>
                            </grup.nom>
                          </sn>
                        </sp>
                      </grup.nom>
                    </sn>
                  </sp>
                </sp>
              </grup.a>
            </sa>
          </S>
        </sp>
      </grup.nom>
    </sn>
    <S clausetype="adverbial">
      <f lem="," pos="fc" punct="comma" wd=","/>
      <conj conjunctiontype="subordinating">
        <c lem="que" pos="cs" postype="subordinating" wd="que"/>
      </conj>
      <sn arg="arg1" func="suj" tem="tem">
        <grup.nom gen="m" num="s">
          <p gen="c" lem="ese" num="s" pos="pd0ns000" postype="demonstrative" wd="eso"/>
        </grup.nom>
      </sn>
      <grup.verb>
        <v lem="ser" lss="C21.state-attributive" mood="indicative" num="s" person="3" pos="vsip3s0" postype="semiauxiliary" tense="present" wd="es"/>
      </grup.verb>
      <S arg="arg2" clausetype="completive" func="atr" impersonal="yes" tem="atr">
        <infinitiu>
          <v lem="mezclar" lss="A21.transitive-agentive-patient" mood="infinitive" pos="vmn0000" postype="main" wd="mezclar"/>
        </infinitiu>
        <sn arg="arg1" func="cd" tem="pat">
          <grup.nom gen="f" num="p">
            <n gen="c" lem="churras_con_merinas" num="c" pos="nccn000" postype="common" sense="16:cs1" wd="churras_con_merinas"/>
          </grup.nom>
        </sn>
      </S>
    </S>
    <f lem="." pos="fp" punct="period" wd="."/>
  </sentence>
  <sentence verbless="yes">
    <sadv>
      <grup.adv>
        <r lem="claro" pos="rg" wd="Claro"/>
      </grup.adv>
    </sadv>
    <S clausetype="completive">
      <conj conjunctiontype="subordinating">
        <c lem="que" pos="cs" postype="subordinating" wd="que"/>
      </conj>
      <sn arg="arg1" func="suj" tem="tem">
        <spec gen="m" num="s">
          <d gen="m" lem="el" num="s" pos="da0ms0" postype="article" wd="el"/>
        </spec>
        <S clausetype="completive" impersonal="yes">
          <neg func="mod">
            <r lem="no" pos="rn" postype="negative" wd="no"/>
          </neg>
          <infinitiu>
            <v lem="compartir" lss="A21.transitive-agentive-patient" mood="infinitive" pos="vmn0000" postype="main" wd="compartir"/>
          </infinitiu>
          <sn arg="arg1" coord="yes" func="cd" tem="pat">
            <sn>
              <spec arg="arg0" gen="f" num="p" tem="agt">
                <d gen="c" lem="su" num="p" person="3" pos="dp3cp0" postype="possessive" wd="sus"/>
              </spec>
              <grup.nom gen="f" num="p">
                <n gen="f" lem="opinión" lexicalid="noun.opinión.1.default" num="p" origin="deverbal" pos="ncfp000" postype="common" sense="16:04564824" wd="opiniones"/>
              </grup.nom>
            </sn>
            <conj conjunctiontype="coordinating">
              <c lem="y" pos="cc" postype="coordinating" wd="y"/>
            </conj>
            <sn>
              <spec arg="arg1" gen="m" num="p" tem="tem">
                <d gen="c" lem="su" num="p" person="3" pos="dp3cp0" postype="possessive" wd="sus"/>
              </spec>
              <grup.nom gen="m" num="p">
                <n gen="m" lem="arrebato" lexicalid="noun.arrebato.1.default" num="p" origin="deverbal" pos="ncmp000" postype="common" sense="16:05261864" wd="arrebatos"/>
              </grup.nom>
            </sn>
          </sn>
        </S>
      </sn>
      <neg func="mod">
        <r lem="no" pos="rn" postype="negative" wd="no"/>
      </neg>
      <grup.verb>
        <v lem="querer_decir" lss="C21.state-attributive" mood="indicative" num="s" person="3" pos="vmip3s0" postype="main" tense="present" wd="quiere_decir"/>
      </grup.verb>
      <S arg="arg2" clausetype="completive" func="cd" functype="quantitative" tem="atr">
        <conj conjunctiontype="subordinating">
          <c lem="que" pos="cs" postype="subordinating" wd="que"/>
        </conj>
        <sn arg="arg0" elliptic="yes" func="suj" tem="agt"/>
        <neg func="mod">
          <r lem="no" pos="rn" postype="negative" wd="no"/>
        </neg>
        <sn arg="arg1" func="cd" tem="pat">
          <grup.nom gen="m" num="p">
            <p case="accusative" gen="m" lem="él" num="p" person="3" pos="pp3mpa00" postype="personal" wd="los"/>
          </grup.nom>
        </sn>
        <grup.verb>
          <v lem="comprender" lss="A21.transitive-agentive-patient" mood="subjunctive" num="s" person="3" pos="vmsp3s0" postype="main" tense="present" wd="comprenda"/>
        </grup.verb>
      </S>
    </S>
    <f lem="." pos="fp" punct="period" wd="."/>
  </sentence>
  <sentence>
    <S arg="argM" clausetype="adverbial" func="cc" tem="cau" verbless="yes">
      <conj conjunctiontype="subordinating">
        <c lem="porque" pos="cs" postype="subordinating" wd="Porque"/>
      </conj>
      <sp>
        <prep>
          <s lem="de" pos="sps00" postype="preposition" wd="de"/>
        </prep>
        <S clausetype="completive" impersonal="yes">
          <sadv arg="argM" func="cc" tem="adv">
            <grup.adv>
              <r lem="tanto" pos="rg" wd="tanto"/>
            </grup.adv>
          </sadv>
          <infinitiu>
            <v lem="escuchar" lss="A21.transitive-agentive-patient" mood="infinitive" pos="vmn0000" postype="main" wd="escuchar"/>
          </infinitiu>
          <sp arg="arg2" func="ci" tem="ben">
            <prep>
              <s contracted="yes" gen="m" lem="al" num="s" pos="spcms" postype="preposition" wd="al"/>
            </prep>
            <sn entityref="ne" ne="person">
              <grup.nom gen="m" num="s">
                <n gen="m" lem="señor" num="s" pos="ncms000" postype="common" sense="16:07414666" wd="señor"/>
                <sn entityref="ne" ne="person">
                  <grup.nom gen="m" num="s">
                    <n lem="Pujol" ne="person" pos="np0000p" postype="proper" sense="16:50001567" wd="Pujol"/>
                  </grup.nom>
                </sn>
              </grup.nom>
            </sn>
          </sp>
          <S arg="arg1" clausetype="completive" func="cd" impersonal="yes" tem="pat">
            <infinitiu>
              <v lem="decir" lss="A32.ditransitive-patient-benefactive" mood="infinitive" pos="vmn0000" postype="main" wd="decir"/>
            </infinitiu>
            <S arg="arg1" clausetype="completive" coord="yes" func="cd" tem="pat">
              <S clausetype="completive">
                <conj conjunctiontype="subordinating">
                  <c lem="que" pos="cs" postype="subordinating" wd="que"/>
                </conj>
                <S clausesubtype="conditional" clausetype="adverbial" func="ao">
                  <conj conjunctiontype="subordinating">
                    <c lem="si" pos="cs" postype="subordinating" wd="si"/>
                  </conj>
                  <morfema.verbal func="pass">
                    <p gen="c" lem="se" num="c" pos="p0000000" wd="se"/>
                  </morfema.verbal>
                  <grup.verb>
                    <v lem="corregir" lss="B22.unaccusative-passive-transitive" mood="indicative" num="s" person="3" pos="vmip3s0" postype="main" tense="present" wd="corrige"/>
                  </grup.verb>
                  <sn arg="arg1" func="suj" tem="pat">
                    <spec gen="f" num="s">
                      <d gen="f" lem="el" num="s" pos="da0fs0" postype="article" wd="la"/>
                    </spec>
                    <grup.nom gen="f" num="s">
                      <n gen="f" lem="reforma" lexicalid="noun.reforma.1.default" num="s" origin="deverbal" pos="ncfs000" postype="common" sense="16:00510453" wd="reforma"/>
                      <s.a arg="arg1" func="cn" gen="f" num="s" tem="tem">
                        <grup.a gen="f" num="s">
                          <a gen="c" lem="laboral" num="s" pos="aq0cs0" postype="qualificative" wd="laboral"/>
                        </grup.a>
                      </s.a>
                    </grup.nom>
                  </sn>
                </S>
                <sn arg="arg0" elliptic="yes" func="suj" tem="agt"/>
                <grup.verb>
                  <v lem="dejar" mood="indicative" num="s" person="3" pos="vmip3s0" postype="main" tense="present" wd="deja"/>
                  <s lem="de" pos="sps00" postype="preposition" wd="de"/>
                  <infinitiu>
                    <v lem="apoyar" lss="A21.transitive-agentive-patient" mood="infinitive" pos="vmn0000" postype="main" wd="apoyar"/>
                  </infinitiu>
                </grup.verb>
                <sp arg="arg1" func="cd" tem="pat">
                  <prep>
                    <s contracted="yes" gen="m" lem="al" num="s" pos="spcms" postype="preposition" wd="al"/>
                  </prep>
                  <sn entityref="ne" ne="organization">
                    <grup.nom gen="m" num="s">
                      <n lem="Gobierno" ne="organization" pos="np0000o" postype="proper" sense="16:cs1" wd="Gobierno"/>
                    </grup.nom>
                  </sn>
                </sp>
                <f lem="," pos="fc" punct="comma" wd=","/>
              </S>
              <conj conjunctiontype="coordinating">
                <c lem="y" pos="cc" postype="coordinating" wd="y"/>
              </conj>
              <S clausetype="completive">
                <conj conjunctiontype="subordinating">
                  <c lem="que" pos="cs" postype="subordinating" wd="que"/>
                </conj>
                <S clausesubtype="conditional" clausetype="adverbial" func="ao">
                  <conj conjunctiontype="subordinating">
                    <c lem="si" pos="cs" postype="subordinating" wd="si"/>
                  </conj>
                  <sn arg="arg0" entityref="ne" func="suj" ne="organization" tem="agt">
                    <spec gen="m" num="s">
                      <d gen="m" lem="el" num="s" pos="da0ms0" postype="article" wd="el"/>
                    </spec>
                    <grup.nom gen="m" num="s">
                      <n lem="Constitucional" ne="organization" pos="np0000o" postype="proper" sense="16:cs1" wd="Constitucional"/>
                    </grup.nom>
                  </sn>
                  <grup.verb>
                    <v lem="desautorizar" lss="A21.transitive-agentive-patient" mood="indicative" num="s" person="3" pos="vmip3s0" postype="main" tense="present" wd="desautoriza"/>
                  </grup.verb>
                  <sn arg="arg1" entityref="ne" func="cd" ne="other" tem="pat">
                    <spec gen="f" num="s">
                      <d gen="f" lem="el" num="s" pos="da0fs0" postype="article" wd="la"/>
                    </spec>
                    <grup.nom gen="f" num="s">
                      <n lem="Ley_de_Inmersión_Lingüística_del_Catalán" ne="other" pos="np0000a" postype="proper" sense="16:cs1" wd="Ley_de_Inmersión_Lingüística_del_Catalán"/>
                    </grup.nom>
                  </sn>
                </S>
                <sn arg="arg0" elliptic="yes" func="suj" tem="agt"/>
                <sadv func="mod">
                  <grup.adv>
                    <r lem="también" pos="rg" wd="también"/>
                  </grup.adv>
                </sadv>
                <grup.verb>
                  <v lem="retirar" lss="A21.transitive-agentive-patient" mood="indicative" num="s" person="3" pos="vmip3s0" postype="main" tense="present" wd="retira"/>
                </grup.verb>
                <sn arg="arg1" func="cd" tem="pat">
                  <spec gen="m" num="s">
                    <d gen="m" lem="el" num="s" pos="da0ms0" postype="article" wd="el"/>
                  </spec>
                  <grup.nom gen="m" num="s">
                    <n gen="m" lem="apoyo" lexicalid="noun.apoyo.1.default" num="s" origin="deverbal" pos="ncms000" postype="common" sense="16:00786193" wd="apoyo"/>
                  </grup.nom>
                </sn>
              </S>
            </S>
          </S>
        </S>
      </sp>
      <f lem="," pos="fc" punct="comma" wd=","/>
    </S>
    <sn arg="arg0" func="suj" tem="agt">
      <spec gen="m" num="s">
        <d gen="m" lem="el" num="s" pos="da0ms0" postype="article" wd="el"/>
      </spec>
      <grup.nom gen="m" num="s">
        <n gen="m" lem="personal" num="s" pos="ncms000" postype="common" sense="16:06092672" wd="personal"/>
      </grup.nom>
    </sn>
    <grup.verb>
      <v lem="esperar" lss="A21.transitive-agentive-patient" mood="indicative" num="s" person="3" pos="vmip3s0" postype="main" tense="present" wd="espera"/>
    </grup.verb>
    <S arg="arg1" clausetype="completive" func="cd" tem="pat">
      <conj conjunctiontype="subordinating">
        <c lem="que" pos="cs" postype="subordinating" wd="que"/>
      </conj>
      <sp arg="argM" func="cc" tem="tmp">
        <prep>
          <s lem="en" pos="sps00" postype="preposition" wd="en"/>
        </prep>
        <sn>
          <spec gen="m" num="s">
            <d gen="c" lem="cualquiera" num="s" pos="di0cs0" postype="indefinite" wd="cualquier"/>
          </spec>
          <grup.nom gen="m" num="s">
            <n gen="m" lem="momento" num="s" pos="ncms000" postype="common" sense="16:10898122" wd="momento"/>
          </grup.nom>
        </sn>
      </sp>
      <sn arg="arg0" entityref="ne" func="suj" ne="person" tem="agt">
        <spec gen="m" num="s">
          <d gen="m" lem="el" num="s" pos="da0ms0" postype="article" wd="el"/>
        </spec>
        <grup.nom gen="m" num="s">
          <n gen="m" lem="señor" num="s" pos="ncms000" postype="common" sense="16:07414666" wd="señor"/>
          <sn entityref="ne" ne="person">
            <grup.nom gen="m" num="s">
              <n lem="Pujol" ne="person" pos="np0000p" postype="proper" sense="16:50001567" wd="Pujol"/>
            </grup.nom>
          </sn>
        </grup.nom>
      </sn>
      <grup.verb>
        <v lem="salir" lss="A22.transitive-agentive-theme" mood="subjunctive" num="s" person="3" pos="vmsp3s0" postype="main" tense="present" wd="salga"/>
      </grup.verb>
      <sp arg="arg1" func="cc" tem="tem">
        <prep>
          <s lem="con" pos="sps00" postype="preposition" wd="con"/>
        </prep>
        <S clausetype="completive" coord="yes">
          <conj conjunctiontype="subordinating">
            <c lem="que" pos="cs" postype="subordinating" wd="que"/>
            <f lem="," pos="fc" punct="comma" wd=","/>
          </conj>
          <conj conjunctiontype="coordinating">
            <c lem="o" pos="cc" postype="coordinating" wd="o"/>
          </conj>
          <S clausetype="completive">
            <grup.verb>
              <v lem="haber" lss="C11.state-existential" mood="indicative" num="s" person="3" pos="vaip3s0" postype="auxiliary" tense="present" wd="hay"/>
            </grup.verb>
            <sn arg="arg1" func="cd" functype="quantitative" tem="tem">
              <grup.nom gen="f" num="s">
                <n gen="f" lem="pasta" num="s" pos="ncfs000" postype="common" sense="16:09640280" wd="pasta"/>
              </grup.nom>
            </sn>
            <sp arg="argM" func="cc" tem="fin">
              <prep>
                <s lem="para" pos="sps00" postype="preposition" wd="para"/>
              </prep>
              <sn entityref="ne" ne="location">
                <spec gen="m" num="s">
                  <d gen="m" lem="el" num="s" pos="da0ms0" postype="article" wd="el"/>
                </spec>
                <grup.nom gen="m" num="s">
                  <n lem="Liceo" ne="location" pos="np0000l" postype="proper" sense="16:cs1" wd="Liceo"/>
                </grup.nom>
              </sn>
            </sp>
            <f lem="," pos="fc" punct="comma" wd=","/>
          </S>
          <conj conjunctiontype="coordinating">
            <c lem="o" pos="cc" postype="coordinating" wd="o"/>
          </conj>
          <S clausetype="completive" verbless="yes">
            <sp>
              <prep>
                <s lem="de" pos="sps00" postype="preposition" wd="de"/>
              </prep>
              <sn>
                <grup.nom gen="m" num="s">
                  <n gen="m" lem="apoyo" lexicalid="noun.apoyo.1.default" num="s" origin="deverbal" pos="ncms000" postype="common" sense="16:00786193" wd="apoyo"/>
                  <sp arg="arg1" func="cn" tem="pat">
                    <prep>
                      <s contracted="yes" gen="m" lem="al" num="s" pos="spcms" postype="preposition" wd="al"/>
                    </prep>
                    <sn entityref="ne" ne="organization">
                      <grup.nom gen="m" num="s">
                        <n lem="Gobierno" ne="organization" pos="np0000o" postype="proper" sense="16:cs1" wd="Gobierno"/>
                      </grup.nom>
                    </sn>
                  </sp>
                </grup.nom>
              </sn>
            </sp>
            <sadv>
              <grup.adv>
                <r lem="ni" pos="rg" wd="ni"/>
              </grup.adv>
            </sadv>
            <sn>
              <grup.nom gen="f" num="s">
                <n gen="f" lem="mijita" num="s" pos="ncfs000" postype="common" sense="16:cs1" wd="mijita"/>
              </grup.nom>
            </sn>
          </S>
        </S>
      </sp>
    </S>
    <f lem="." pos="fp" punct="period" wd="."/>
  </sentence>
  <sentence>
    <S>
      <sn arg="arg0" elliptic="yes" func="suj" tem="agt"/>
      <sadv arg="argM" func="cc" tem="tmp">
        <grup.adv>
          <r lem="ya" pos="rg" wd="Ya"/>
        </grup.adv>
      </sadv>
      <sn arg="arg2" func="ci" tem="ben">
        <grup.nom num="s">
          <p gen="c" lem="él" num="c" person="3" pos="pp3cn000" postype="personal" wd="se"/>
        </grup.nom>
      </sn>
      <sn arg="arg1" func="cd" tem="pat">
        <grup.nom gen="m" num="s">
          <p case="accusative" gen="m" lem="él" num="s" person="3" pos="pp3msa00" postype="personal" wd="lo"/>
        </grup.nom>
      </sn>
      <grup.verb>
        <v lem="tener" mood="indicative" num="s" person="1" pos="vmip1s0" postype="main" tense="present" wd="tengo"/>
        <v gen="m" lem="decir" lss="A32.ditransitive-patient-benefactive" mood="participle" num="s" pos="vmp00sm" postype="main" wd="dicho"/>
      </grup.verb>
      <sp arg="arg2" func="ci" tem="ben">
        <prep>
          <s contracted="yes" gen="m" lem="al" num="s" pos="spcms" postype="preposition" wd="al"/>
        </prep>
        <sn entityref="ne" ne="person">
          <grup.nom gen="m" num="s">
            <n lem="Mendicutti" ne="person" pos="np0000p" postype="proper" sense="16:cs1" wd="Mendicutti"/>
          </grup.nom>
        </sn>
      </sp>
    </S>
    <S adjunct="yes">
      <f lem=":" pos="fd" punct="colon" wd=":"/>
      <sadv arg="argM" func="cc" tem="tmp">
        <grup.adv>
          <r lem="de_un_momento_a_otro" pos="rg" wd="de_un_momento_a_otro"/>
        </grup.adv>
        <f lem="," pos="fc" punct="comma" wd=","/>
      </sadv>
      <sn arg="arg0" entityref="ne" func="suj" ne="person" tem="agt">
        <spec gen="m" num="s">
          <d gen="m" lem="el" num="s" pos="da0ms0" postype="article" wd="el"/>
        </spec>
        <grup.nom gen="m" num="s">
          <n gen="m" lem="señor" num="s" pos="ncms000" postype="common" sense="16:07414666" wd="señor"/>
          <sn entityref="ne" ne="person">
            <grup.nom gen="m" num="s">
              <n lem="Rodríguez_Ibarra" ne="person" pos="np0000p" postype="proper" sense="16:cs1" wd="Rodríguez_Ibarra"/>
            </grup.nom>
          </sn>
        </grup.nom>
      </sn>
      <sp arg="argM" func="cc" tem="adv">
        <f lem="," pos="fc" punct="comma" wd=","/>
        <prep>
          <s lem="con" pos="sps00" postype="preposition" wd="con"/>
        </prep>
        <sn>
          <grup.nom gen="m" num="s">
            <p gen="c" lem="lo_suyo" num="s" person="3" pos="px3ns000" postype="possessive" wd="lo_suyo"/>
            <S clausetype="relative">
              <relatiu arg="arg2" func="atr" tem="atr">
                <p gen="c" lem="que" num="c" pos="pr0cn000" postype="relative" wd="que"/>
              </relatiu>
              <sn arg="arg1" elliptic="yes" func="suj" tem="tem"/>
              <grup.verb>
                <v lem="ser" lss="C21.state-attributive" mood="indicative" num="s" person="3" pos="vsip3s0" postype="semiauxiliary" tense="present" wd="es"/>
              </grup.verb>
              <sp arg="argM" func="cc" tem="fin">
                <prep>
                  <s lem="para" pos="sps00" postype="preposition" wd="para"/>
                </prep>
                <sn entityref="ne" ne="other">
                  <spec gen="m" num="s">
                    <d gen="m" lem="el" num="s" pos="da0ms0" postype="article" wd="el"/>
                  </spec>
                  <grup.nom gen="m" num="s">
                    <n gen="m" lem="catalán" num="s" pos="ncms000" postype="common" sense="16:50001012" wd="catalán"/>
                  </grup.nom>
                </sn>
              </sp>
            </S>
          </grup.nom>
        </sn>
        <f lem="," pos="fc" punct="comma" wd=","/>
      </sp>
      <grup.verb>
        <v lem="salir" lss="A21.transitive-agentive-patient" mood="indicative" num="s" person="3" pos="vmif3s0" postype="main" tense="future" wd="saldrá"/>
      </grup.verb>
      <S arg="argM" clausetype="adverbial" func="cc" impersonal="yes" tem="adv">
        <gerundi>
          <v lem="decir" lss="A32.ditransitive-patient-benefactive" mood="gerund" pos="vmg0000" postype="main" wd="diciendo"/>
        </gerundi>
        <S arg="arg1" clausetype="completive" coord="yes" func="cd" tem="pat">
          <S clausetype="completive">
            <conj conjunctiontype="subordinating">
              <c lem="que" pos="cs" postype="subordinating" wd="que"/>
            </conj>
            <sn arg="arg1" func="suj" tem="tem">
              <grup.nom gen="m" num="s">
                <p gen="m" lem="él" num="s" person="3" pos="pp3ms000" postype="personal" wd="él"/>
              </grup.nom>
            </sn>
            <grup.verb>
              <v lem="tener" lss="C21.state-attributive" mood="indicative" num="s" person="3" pos="vmip3s0" postype="main" tense="present" wd="tiene"/>
            </grup.verb>
            <sp arg="argM" func="cc" tem="tmp">
              <prep>
                <s lem="desde" pos="sps00" postype="preposition" wd="desde"/>
              </prep>
              <sn>
                <v lem="hacer" mood="indicative" num="s" person="3" pos="vmip3s0" postype="main" tense="present" wd="hace"/>
                <n gen="m" lem="siglo" num="p" pos="ncmp000" postype="common" sense="16:10918678" wd="siglos"/>
              </sn>
            </sp>
            <sn arg="arg2" entityref="ne" func="cd" functype="quantitative" ne="location" tem="atr">
              <spec gen="m" num="s">
                <d gen="m" lem="el" num="s" pos="da0ms0" postype="article" wd="el"/>
              </spec>
              <grup.nom gen="m" num="s">
                <n lem="Teatro_de_Mérida" ne="location" pos="np0000l" postype="proper" sense="16:cs1" wd="Teatro_de_Mérida"/>
              </grup.nom>
            </sn>
            <S arg="argL" clausetype="participle" coord="yes" func="cpred" impersonal="yes" predicate="cd">
              <S clausetype="participle" impersonal="yes">
                <participi>
                  <a gen="m" lem="hecho" lss="C21.state-attributive" num="s" pos="aq0msp" posfunction="participle" postype="qualificative" wd="hecho"/>
                </participi>
                <sn arg="arg2" func="atr" tem="atr">
                  <spec gen="f" num="s">
                    <d gen="f" lem="uno" num="s" pos="di0fs0" postype="indefinite" wd="una"/>
                  </spec>
                  <grup.nom gen="f" num="s">
                    <n gen="f" lem="ruina" lexicalid="noun.ruina.1.default" num="s" origin="deverbal" pos="ncfs000" postype="common" sense="16:03261457" wd="ruina"/>
                    <sadv func="cn">
                      <f lem="(" pos="fpa" punct="bracket" punctenclose="open" wd="("/>
                      <grup.adv>
                        <r lem="sic" pos="rg" wd="sic"/>
                      </grup.adv>
                      <f lem=")" pos="fpt" punct="bracket" punctenclose="close" wd=")"/>
                    </sadv>
                  </grup.nom>
                </sn>
              </S>
              <f lem="," pos="fc" punct="comma" wd=","/>
              <sp>
                <prep>
                  <s lem="sin" pos="sps00" postype="preposition" wd="sin"/>
                </prep>
                <sn complex="yes">
                  <grup.nom coord="yes">
                    <grup.nom gen="m" num="s">
                      <n gen="m" lem="techo" num="s" pos="ncms000" postype="common" sense="16:03250224" wd="techo"/>
                    </grup.nom>
                    <conj conjunctiontype="coordinating">
                      <c lem="ni" pos="cc" postype="coordinating" wd="ni"/>
                    </conj>
                    <grup.nom num="s">
                      <p gen="c" lem="nada" num="s" pos="pi0cs000" postype="indefinite" wd="nada"/>
                    </grup.nom>
                  </grup.nom>
                </sn>
              </sp>
            </S>
            <f lem="," pos="fc" punct="comma" wd=","/>
          </S>
          <conj conjunctiontype="coordinating">
            <c lem="y" pos="cc" postype="coordinating" wd="y"/>
          </conj>
          <S clausetype="completive">
            <conj conjunctiontype="subordinating">
              <c lem="que" pos="cs" postype="subordinating" wd="que"/>
            </conj>
            <sadv arg="argM" func="cc" tem="adv">
              <grup.adv>
                <r lem="ya" pos="rg" wd="ya"/>
              </grup.adv>
            </sadv>
            <grup.verb>
              <v lem="ir" mood="indicative" num="s" person="3" pos="vmip3s0" postype="main" tense="present" wd="va"/>
              <gerundi>
                <v lem="ser" lss="C21.state-attributive" mood="gerund" pos="vsg0000" postype="semiauxiliary" wd="siendo"/>
              </gerundi>
            </grup.verb>
            <sn arg="arg2" func="atr" tem="atr">
              <grup.nom gen="f" num="s">
                <n gen="f" lem="hora" num="s" pos="ncfs000" postype="common" sense="16:10856821" wd="hora"/>
                <sp>
                  <prep>
                    <s lem="de" pos="sps00" postype="preposition" wd="de"/>
                  </prep>
                  <S clausetype="completive" impersonal="yes">
                    <infinitiu>
                      <v lem="arreglar" lss="A11.transitive-causative" mood="infinitive" pos="vmn0000" postype="main" wd="arreglarlo"/>
                    </infinitiu>
                    <sn arg="argM" func="cc" tem="adv">
                      <spec gen="m" num="s">
                        <d gen="m" lem="uno" num="s" pos="di0ms0" postype="indefinite" wd="un"/>
                      </spec>
                      <grup.nom gen="m" num="s">
                        <p gen="m" lem="poco" num="s" pos="pi0ms000" postype="indefinite" wd="poco"/>
                      </grup.nom>
                    </sn>
                  </S>
                </sp>
              </grup.nom>
            </sn>
          </S>
        </S>
      </S>
    </S>
    <f lem="." pos="fp" punct="period" wd="."/>
  </sentence>
  <sentence>
    <sn arg="arg0" entityref="ne" func="suj" ne="person" tem="agt">
      <spec gen="m" num="s">
        <d gen="m" lem="el" num="s" pos="da0ms0" postype="article" wd="El"/>
      </spec>
      <grup.nom gen="m" num="s">
        <n lem="Mendicutti" ne="person" pos="np0000p" postype="proper" sense="16:cs1" wd="Mendicutti"/>
      </grup.nom>
    </sn>
    <S arg="argM" clausetype="adverbial" func="cc" tem="cau">
      <f lem="," pos="fc" punct="comma" wd=","/>
      <conj conjunctiontype="subordinating">
        <c lem="como" pos="cs" postype="subordinating" wd="como"/>
      </conj>
      <sn arg="arg1" elliptic="yes" func="suj" tem="tem"/>
      <grup.verb>
        <v lem="estar" lss="C21.state-attributive" mood="indicative" num="s" person="3" pos="vmip3s0" postype="main" tense="present" wd="está"/>
      </grup.verb>
      <sa arg="arg2" func="atr" tem="atr">
        <grup.a>
          <a gen="m" lem="mustio" num="s" pos="aq0ms0" postype="qualificative" wd="mustio"/>
        </grup.a>
      </sa>
      <sp arg="argM" func="cc" tem="tmp">
        <prep>
          <s lem="desde" pos="sps00" postype="preposition" wd="desde"/>
        </prep>
        <sn entityref="ne" ne="date">
          <spec gen="m" num="s">
            <d gen="m" lem="el" num="s" pos="da0ms0" postype="article" wd="el"/>
          </spec>
          <grup.nom gen="m" num="s">
            <w lem="[domingo:??/??/??:??.??]" ne="date" wd="domingo"/>
          </grup.nom>
        </sn>
      </sp>
      <f lem="," pos="fc" punct="comma" wd=","/>
    </S>
    <sadv arg="argM" func="cc" tem="cau">
      <grup.adv>
        <r lem="ni" pos="rg" wd="ni"/>
      </grup.adv>
    </sadv>
    <sn arg="arg2" func="ci" tem="ben">
      <grup.nom num="s">
        <p gen="c" lem="yo" num="s" person="1" pos="pp1cs000" postype="personal" wd="me"/>
      </grup.nom>
    </sn>
    <grup.verb>
      <v lem="pestañear" lss="D11.inergative-agentive" mood="indicative" num="s" person="3" pos="vmip3s0" postype="main" tense="present" wd="pestañea"/>
    </grup.verb>
    <f lem="." pos="fp" punct="period" wd="."/>
  </sentence>
  <sentence>
    <S>
      <sn arg="arg0" func="suj" tem="agt">
        <grup.nom num="s">
          <p case="nominative" gen="c" lem="yo" num="s" person="1" pos="pp1csn00" postype="personal" wd="Yo"/>
        </grup.nom>
      </sn>
      <neg func="mod">
        <r lem="no" pos="rn" postype="negative" wd="no"/>
      </neg>
      <grup.verb>
        <v lem="necesitar" lss="A21.transitive-agentive-patient" mood="indicative" num="s" person="1" pos="vmip1s0" postype="main" tense="present" wd="necesito"/>
      </grup.verb>
      <sadv arg="argM" func="cc" tem="adv">
        <grup.adv>
          <r lem="para_nada" pos="rg" wd="para_nada"/>
        </grup.adv>
      </sadv>
      <S arg="arg1" clausetype="completive" func="cd" tem="pat">
        <conj conjunctiontype="subordinating">
          <c lem="que" pos="cs" postype="subordinating" wd="que"/>
        </conj>
        <sn arg="arg0" func="suj" tem="agt">
          <grup.nom gen="m" num="s">
            <p gen="m" lem="él" num="s" person="3" pos="pp3ms000" postype="personal" wd="él"/>
          </grup.nom>
        </sn>
        <sn arg="arg2" func="ci" tem="ben">
          <grup.nom num="s">
            <p gen="c" lem="yo" num="s" person="1" pos="pp1cs000" postype="personal" wd="me"/>
          </grup.nom>
        </sn>
        <grup.verb>
          <v lem="pestañear" lss="D11.inergative-agentive" mood="subjunctive" num="s" person="3" pos="vmsp3s0" postype="main" tense="present" wd="pestañee"/>
        </grup.verb>
      </S>
    </S>
    <S adjunct="yes">
      <f lem=":" pos="fd" punct="colon" wd=":"/>
      <sn arg="arg1" func="suj" tem="tem">
        <spec gen="m" num="s">
          <d gen="c" lem="el" num="s" pos="da0ns0" postype="article" wd="lo"/>
        </spec>
        <grup.nom gen="m" num="s">
          <S clausetype="relative">
            <relatiu arg="arg1" func="suj" tem="tem">
              <p gen="c" lem="que" num="c" pos="pr0cn000" postype="relative" wd="que"/>
            </relatiu>
            <grup.verb>
              <v lem="hacer_falta" lss="C11.state-existential" mood="indicative" num="s" person="3" pos="vmip3s0" postype="main" tense="present" wd="hace_falta"/>
            </grup.verb>
          </S>
        </grup.nom>
      </sn>
      <grup.verb>
        <v lem="ser" lss="C21.state-attributive" mood="indicative" num="s" person="3" pos="vsip3s0" postype="semiauxiliary" tense="present" wd="es"/>
      </grup.verb>
      <S arg="arg2" clausetype="completive" coord="yes" func="atr" tem="atr">
        <conj conjunctiontype="subordinating">
          <c lem="que" pos="cs" postype="subordinating" wd="que"/>
        </conj>
        <S clausetype="completive">
          <sn arg="arg2" func="ci" tem="ben">
            <grup.nom num="s">
              <p gen="c" lem="yo" num="s" person="1" pos="pp1cs000" postype="personal" wd="me"/>
            </grup.nom>
          </sn>
          <grup.verb>
            <v lem="pestañear" lss="D11.inergative-agentive" mood="subjunctive" num="s" person="3" pos="vmsp3s0" postype="main" tense="present" wd="pestañee"/>
          </grup.verb>
          <sn arg="arg0" func="suj" tem="agt">
            <spec gen="m" num="s">
              <d gen="m" lem="uno" num="s" pos="di0ms0" postype="indefinite" wd="un"/>
            </spec>
            <grup.nom gen="m" num="s">
              <n gen="m" lem="soldador" num="s" pos="ncms000" postype="common" sense="16:03368223" wd="soldador"/>
            </grup.nom>
          </sn>
        </S>
        <f lem="," pos="fc" punct="comma" wd=","/>
        <S clausetype="completive">
          <sn arg="arg0" elliptic="yes" func="suj" tem="agt"/>
          <sn arg="arg2" func="ci" tem="ben">
            <grup.nom num="s">
              <p gen="c" lem="yo" num="s" person="1" pos="pp1cs000" postype="personal" wd="me"/>
            </grup.nom>
          </sn>
          <grup.verb>
            <v lem="aplicar" lss="A21.transitive-agentive-patient" mood="subjunctive" num="s" person="3" pos="vmsp3s0" postype="main" tense="present" wd="aplique"/>
          </grup.verb>
          <sn arg="arg1" func="cd" tem="pat">
            <spec gen="m" num="s">
              <d gen="m" lem="el" num="s" pos="da0ms0" postype="article" wd="el"/>
            </spec>
            <grup.nom gen="m" num="s">
              <n gen="m" lem="soplete" num="s" pos="ncms000" postype="common" sense="16:02301715" wd="soplete"/>
            </grup.nom>
          </sn>
        </S>
        <f lem="," pos="fc" punct="comma" wd=","/>
        <S clausetype="completive">
          <sn arg="arg0" elliptic="yes" func="suj" tem="agt"/>
          <sn arg="arg1" func="cd" tem="pat">
            <grup.nom num="s">
              <p gen="c" lem="yo" num="s" person="1" pos="pp1cs000" postype="personal" wd="me"/>
            </grup.nom>
          </sn>
          <grup.verb>
            <v lem="poner" lss="A21.transitive-agentive-patient" mood="subjunctive" num="s" person="3" pos="vmsp3s0" postype="main" tense="present" wd="ponga"/>
          </grup.verb>
          <sp arg="argL" func="cc">
            <prep>
              <s contracted="yes" gen="m" lem="al" num="s" pos="spcms" postype="preposition" wd="al"/>
            </prep>
            <sn>
              <grup.nom gen="m" num="s">
                <n gen="m" lem="rojo" num="s" pos="ncms000" postype="common" sense="16:03879230" wd="rojo"/>
                <s.a gen="m" num="s">
                  <grup.a gen="m" num="s">
                    <a gen="m" lem="vivo" num="s" pos="aq0ms0" postype="qualificative" wd="vivo"/>
                  </grup.a>
                </s.a>
              </grup.nom>
            </sn>
          </sp>
        </S>
        <f lem="," pos="fc" punct="comma" wd=","/>
        <S clausetype="completive">
          <sn arg="arg0" elliptic="yes" func="suj" tem="cau"/>
          <sn arg="arg1" func="cd" tem="tem">
            <grup.nom num="s">
              <p gen="c" lem="yo" num="s" person="1" pos="pp1cs000" postype="personal" wd="me"/>
            </grup.nom>
          </sn>
          <grup.verb>
            <v lem="dejar" lss="A11.transitive-causative" mood="subjunctive" num="s" person="3" pos="vmsp3s0" postype="main" tense="present" wd="deje"/>
          </grup.verb>
          <S arg="arg2" clausetype="participle" func="cpred" impersonal="yes" predicate="cd" tem="atr">
            <participi>
              <a gen="f" lem="calcinado" num="s" pos="aq0fsp" posfunction="participle" postype="qualificative" wd="calcinada"/>
            </participi>
          </S>
        </S>
        <conj conjunctiontype="coordinating">
          <c lem="y" pos="cc" postype="coordinating" wd="y"/>
        </conj>
        <S clausetype="completive">
          <sn arg="arg0" entityref="ne" func="suj" ne="person" tem="agt">
            <grup.nom gen="f" num="s">
              <sn>
                <grup.nom gen="f" num="s">
                  <n gen="f" lem="doña" num="s" pos="ncfs000" postype="common" sense="16:cs1" wd="doña"/>
                </grup.nom>
              </sn>
              <n lem="Carmen_Alborch" ne="person" pos="np0000p" postype="proper" sense="16:cs1" wd="Carmen_Alborch"/>
            </grup.nom>
          </sn>
          <sn arg="arg2" func="ci" tem="ben">
            <grup.nom num="s">
              <p gen="c" lem="yo" num="s" person="1" pos="pp1cs000" postype="personal" wd="me"/>
            </grup.nom>
          </sn>
          <grup.verb>
            <v lem="dar" lss="A32.ditransitive-patient-benefactive" mood="subjunctive" num="s" person="3" pos="vmsp3s0" postype="main" tense="present" wd="dé"/>
          </grup.verb>
          <sn arg="arg1" func="cd" tem="pat">
            <spec gen="m" num="s">
              <d gen="m" lem="uno" num="s" pos="di0ms0" postype="indefinite" wd="un"/>
            </spec>
            <grup.nom gen="m" num="s">
              <n gen="m" lem="millonerío" num="s" pos="ncms000" postype="common" sense="16:cs1" wd="millonerío"/>
            </grup.nom>
          </sn>
          <sp arg="argM" func="cc" tem="fin">
            <prep>
              <s lem="para" pos="sps00" postype="preposition" wd="para"/>
            </prep>
            <S clausetype="completive" impersonal="yes">
              <infinitiu>
                <v lem="reconstruir" lss="A21.transitive-agentive-patient" mood="infinitive" pos="vmn0000" postype="main" wd="reconstruirme"/>
              </infinitiu>
            </S>
          </sp>
        </S>
      </S>
    </S>
    <f lem="." pos="fp" punct="period" wd="."/>
  </sentence>
  <sentence verbless="yes">
    <S verbless="yes">
      <sadv>
        <grup.adv>
          <r lem="francamente" pos="rg" wd="Francamente"/>
        </grup.adv>
      </sadv>
    </S>
    <S>
      <f lem=":" pos="fd" punct="colon" wd=":"/>
      <sn arg="arg0" func="suj" tem="agt">
        <grup.nom num="s">
          <p gen="c" lem="cualquiera" num="s" pos="pi0cs000" postype="indefinite" wd="cualquiera"/>
          <S clausetype="relative">
            <relatiu arg="arg0" func="suj" tem="agt">
              <p gen="c" lem="que" num="c" pos="pr0cn000" postype="relative" wd="que"/>
            </relatiu>
            <sn arg="arg1" func="cd" tem="pat">
              <grup.nom num="s">
                <p gen="c" lem="yo" num="s" person="1" pos="pp1cs000" postype="personal" wd="me"/>
              </grup.nom>
            </sn>
            <grup.verb>
              <v lem="conocer" lss="A21.transitive-agentive-patient" mood="subjunctive" num="s" person="3" pos="vmsp3s0" postype="main" tense="present" wd="conozca"/>
            </grup.verb>
            <sadv arg="argM" func="cc" tem="adv">
              <grup.adv>
                <r lem="un_poco" pos="rg" wd="un_poco"/>
              </grup.adv>
            </sadv>
          </S>
        </grup.nom>
      </sn>
      <grup.verb>
        <v lem="saber" lss="A22.transitive-agentive-theme" mood="indicative" num="s" person="3" pos="vmip3s0" postype="main" tense="present" wd="sabe"/>
      </grup.verb>
      <S arg="arg1" clausetype="completive" func="cd" tem="pat">
        <conj conjunctiontype="subordinating">
          <c lem="que" pos="cs" postype="subordinating" wd="que"/>
        </conj>
        <sn arg="arg1" func="suj" tem="tem">
          <grup.nom num="s">
            <p case="nominative" gen="c" lem="yo" num="s" person="1" pos="pp1csn00" postype="personal" wd="yo"/>
            <s.a gen="f" num="s">
              <grup.a gen="f" num="s">
                <a gen="f" lem="solito" num="s" pos="aq0fs0" postype="qualificative" wd="solita"/>
              </grup.a>
            </s.a>
          </grup.nom>
        </sn>
        <sn arg="argM" func="cc" tem="adv">
          <f lem="," pos="fc" punct="comma" wd=","/>
          <grup.nom gen="f" num="s">
            <n gen="f" lem="pintura" lexicalid="noun.pintura.1.default" num="s" origin="deverbal" pos="ncfs000" postype="common" sense="16:03078466" wd="pintura"/>
            <S clausetype="participle" func="cn" impersonal="yes">
              <participi>
                <a gen="f" lem="incluido" num="s" pos="aq0fsp" posfunction="participle" postype="qualificative" wd="incluida"/>
              </participi>
            </S>
          </grup.nom>
          <f lem="," pos="fc" punct="comma" wd=","/>
        </sn>
        <grup.verb>
          <v lem="ser" lss="C21.state-attributive" mood="indicative" num="s" person="1" pos="vsip1s0" postype="semiauxiliary" tense="present" wd="soy"/>
        </grup.verb>
        <sn arg="arg2" func="atr" tem="atr">
          <spec gen="m" num="s">
            <d gen="m" lem="uno" num="s" pos="di0ms0" postype="indefinite" wd="un"/>
          </spec>
          <grup.nom gen="m" num="s">
            <n gen="m" lem="teatro" num="s" pos="ncms000" postype="common" sense="16:03491295" wd="teatro"/>
            <s.a gen="m" num="s">
              <grup.a gen="m" num="s">
                <a gen="m" lem="lírico" num="s" pos="aq0ms0" postype="qualificative" wd="lírico"/>
              </grup.a>
            </s.a>
          </grup.nom>
        </sn>
      </S>
    </S>
    <f lem="." pos="fp" punct="period" wd="."/>
  </sentence>
  <sentence verbless="yes">
    <S verbless="yes">
      <S clausesubtype="consecutive" clausetype="adverbial" verbless="yes">
        <conj conjunctiontype="subordinating">
          <c lem="así_que" pos="cs" postype="subordinating" wd="Así_que"/>
        </conj>
        <sp>
          <f lem="," pos="fc" punct="comma" wd=","/>
          <prep>
            <s lem="por" pos="sps00" postype="preposition" wd="por"/>
          </prep>
          <sn>
            <grup.nom gen="f" num="s">
              <n gen="f" lem="caridad" num="s" pos="ncfs000" postype="common" sense="16:03794149" wd="caridad"/>
            </grup.nom>
          </sn>
        </sp>
      </S>
    </S>
    <S>
      <f lem=":" pos="fd" punct="colon" wd=":"/>
      <f lem="-" pos="fg" punct="hyphen" wd="-"/>
      <grup.verb>
        <v lem="ser" lss="C21.state-attributive" mood="indicative" num="s" person="3" pos="vsip3s0" postype="semiauxiliary" tense="present" wd="es"/>
      </grup.verb>
      <S arg="arg2" clausetype="completive" func="atr" tem="atr">
        <conj conjunctiontype="subordinating">
          <c lem="que" pos="cs" postype="subordinating" wd="que"/>
        </conj>
        <neg func="mod">
          <r lem="no" pos="rn" postype="negative" wd="no"/>
        </neg>
        <grup.verb>
          <v lem="haber" lss="C21.state-attributive" mood="indicative" num="s" person="3" pos="vaip3s0" postype="auxiliary" tense="present" wd="hay"/>
        </grup.verb>
        <sa arg="argM" func="cpred" predicate="cd" tem="atr">
          <grup.a>
            <a gen="c" lem="disponible" num="s" pos="aq0cs0" postype="qualificative" wd="disponible"/>
          </grup.a>
        </sa>
        <sn arg="arg2" func="cd" functype="quantitative" tem="atr">
          <spec gen="m" num="s">
            <d gen="m" lem="uno" num="s" pos="di0ms0" postype="indefinite" wd="un"/>
          </spec>
          <grup.nom gen="m" num="s">
            <n gen="m" lem="soldador" num="s" pos="ncms000" postype="common" sense="16:03368223" wd="soldador"/>
          </grup.nom>
        </sn>
        <sp arg="argM" func="cc" tem="fin">
          <prep>
            <s lem="para" pos="sps00" postype="preposition" wd="para"/>
          </prep>
          <sn entityref="ne" ne="person">
            <spec gen="f" num="s">
              <d gen="f" lem="el" num="s" pos="da0fs0" postype="article" wd="la"/>
            </spec>
            <grup.nom gen="f" num="s">
              <n lem="Susi" ne="person" pos="np0000p" postype="proper" sense="16:cs1" wd="Susi"/>
            </grup.nom>
          </sn>
        </sp>
      </S>
      <f lem="?" pos="fit" punct="questionmark" punctenclose="close" wd="?"/>
    </S>
  </sentence>
  <sentence>
    <sn arg="arg0" elliptic="yes" func="suj" tem="agt"/>
    <sn arg="arg2" func="ci" tem="ben">
      <grup.nom num="p">
        <p case="dative" gen="c" lem="él" num="p" person="3" pos="pp3cpd00" postype="personal" wd="Les"/>
      </grup.nom>
    </sn>
    <grup.verb>
      <v lem="comunicar" lss="A32.ditransitive-patient-benefactive" mood="indicative" num="s" person="1" pos="vmip1s0" postype="main" tense="present" wd="comunico"/>
    </grup.verb>
    <S arg="arg1" clausetype="completive" func="cd" tem="pat">
      <conj conjunctiontype="subordinating">
        <c lem="que" pos="cs" postype="subordinating" wd="que"/>
      </conj>
      <sn arg="arg1" entityref="ne" func="suj" ne="person" tem="tem">
        <spec gen="m" num="s">
          <d gen="m" lem="el" num="s" pos="da0ms0" postype="article" wd="el"/>
        </spec>
        <grup.nom gen="m" num="s">
          <n lem="Mendicutti" ne="person" pos="np0000p" postype="proper" sense="16:cs1" wd="Mendicutti"/>
        </grup.nom>
      </sn>
      <sadv arg="argM" func="cc" tem="tmp">
        <grup.adv>
          <r lem="ya" pos="rg" wd="ya"/>
        </grup.adv>
      </sadv>
      <grup.verb>
        <v lem="estar" lss="C21.state-attributive" mood="indicative" num="s" person="3" pos="vmip3s0" postype="main" tense="present" wd="está"/>
      </grup.verb>
      <sa arg="arg2" coord="yes" func="atr" tem="atr">
        <sa>
          <spec>
            <r lem="mucho" pos="rg" wd="mucho"/>
          </spec>
          <grup.a>
            <a gen="c" lem="mejor" num="s" pos="aq0cs0" postype="qualificative" wd="mejor"/>
          </grup.a>
        </sa>
        <f lem="," pos="fc" punct="comma" wd=","/>
        <S clausetype="participle" impersonal="yes">
          <sadv arg="argM" func="cc" tem="adv">
            <grup.adv>
              <r lem="bastante" pos="rg" wd="bastante"/>
            </grup.adv>
          </sadv>
          <participi>
            <a gen="m" lem="recuperado" lss="B22.unaccusative-passive-transitive" num="s" pos="aq0msp" posfunction="participle" postype="qualificative" wd="recuperado"/>
          </participi>
          <sp arg="arg2" func="creg" tem="ein">
            <prep>
              <s lem="de" pos="sps00" postype="preposition" wd="de"/>
            </prep>
            <sn>
              <spec gen="f" num="s">
                <d gen="f" lem="el" num="s" pos="da0fs0" postype="article" wd="la"/>
              </spec>
              <grup.nom gen="f" num="s">
                <n gen="f" lem="fase" num="s" pos="ncfs000" postype="common" sense="16:10983365" wd="fase"/>
                <s.a gen="f" num="s">
                  <grup.a gen="f" num="s">
                    <a gen="f" lem="mustio" num="s" pos="aq0fs0" postype="qualificative" wd="mustia"/>
                  </grup.a>
                </s.a>
                <sp>
                  <prep>
                    <s lem="de" pos="sps00" postype="preposition" wd="de"/>
                  </prep>
                  <sn>
                    <spec gen="f" num="s">
                      <d gen="f" lem="el" num="s" pos="da0fs0" postype="article" wd="la"/>
                    </spec>
                    <grup.nom gen="f" num="s">
                      <n gen="f" lem="ciclotimia" num="s" pos="ncfs000" postype="common" sense="16:10327594" wd="ciclotimia"/>
                    </grup.nom>
                  </sn>
                </sp>
              </grup.nom>
            </sn>
          </sp>
        </S>
        <f lem="," pos="fc" punct="comma" wd=","/>
        <sa>
          <spec>
            <r lem="razonablemente" pos="rg" wd="razonablemente"/>
          </spec>
          <grup.a>
            <a gen="m" lem="japi" num="s" pos="aq0ms0" postype="qualificative" wd="japi"/>
            <sp>
              <prep>
                <s lem="por" pos="sps00" postype="preposition" wd="por"/>
              </prep>
              <sn>
                <spec gen="m" num="s">
                  <d gen="m" lem="el" num="s" pos="da0ms0" postype="article" wd="el"/>
                </spec>
                <grup.nom gen="m" num="s">
                  <n gen="m" lem="comportamiento" lexicalid="noun.comportamiento.1.default" num="s" origin="deverbal" pos="ncms000" postype="common" sense="16:00792210" wd="comportamiento"/>
                  <sp arg="arg0" func="cn" tem="agt">
                    <prep>
                      <s lem="de" pos="sps00" postype="preposition" wd="de"/>
                    </prep>
                    <sn complex="yes">
                      <grup.nom coord="yes">
                        <grup.nom gen="m" num="s">
                          <n gen="m" lem="público" num="s" pos="ncms000" postype="common" sense="16:06103316" wd="público"/>
                        </grup.nom>
                        <conj conjunctiontype="coordinating">
                          <c lem="y" pos="cc" postype="coordinating" wd="y"/>
                        </conj>
                        <grup.nom gen="f" num="s">
                          <n gen="f" lem="crítica" lexicalid="noun.crítica.1.default" num="s" origin="deverbal" pos="ncfs000" postype="common" sense="16:04831383" wd="crítica"/>
                        </grup.nom>
                      </grup.nom>
                    </sn>
                  </sp>
                  <sp arg="argM" func="cn" tem="mnr">
                    <prep>
                      <s lem="con" pos="sps00" postype="preposition" wd="con"/>
                    </prep>
                    <sn>
                      <spec gen="m" num="s">
                        <d gen="c" lem="su" num="s" person="3" pos="dp3cs0" postype="possessive" wd="su"/>
                      </spec>
                      <grup.nom gen="m" num="s">
                        <s.a gen="m" num="s">
                          <grup.a gen="m" num="s">
                            <a gen="m" lem="último" num="s" pos="ao0ms0" postype="ordinal" wd="último"/>
                          </grup.a>
                        </s.a>
                        <n gen="m" lem="buk" num="s" pos="ncms000" postype="common" sense="16:cs1" wd="buk"/>
                        <sn entityref="ne" ne="other">
                          <f lem="(" pos="fpa" punct="bracket" punctenclose="open" wd="("/>
                          <grup.nom>
                            <n lem="Los_novios_búlgaros" ne="other" pos="np0000a" postype="proper" sense="16:cs1" wd="Los_novios_búlgaros"/>
                            <sp>
                              <f lem="," pos="fc" punct="comma" wd=","/>
                              <prep>
                                <s lem="por" pos="sps00" postype="preposition" wd="por"/>
                              </prep>
                              <S clausetype="completive">
                                <conj conjunctiontype="subordinating">
                                  <c lem="si" pos="cs" postype="subordinating" wd="si"/>
                                </conj>
                                <sn arg="arg1" func="suj" tem="tem">
                                  <grup.nom gen="m" num="s">
                                    <p gen="c" lem="alguien" num="s" pos="pi0cs000" postype="indefinite" wd="alguien"/>
                                  </grup.nom>
                                </sn>
                                <neg func="mod">
                                  <r lem="no" pos="rn" postype="negative" wd="no"/>
                                </neg>
                                <morfema.pronominal>
                                  <p gen="c" lem="él" num="c" person="3" pos="p0300000" wd="se"/>
                                </morfema.pronominal>
                                <grup.verb>
                                  <v lem="haber" mood="indicative" num="s" person="3" pos="vaip3s0" postype="auxiliary" tense="present" wd="ha"/>
                                  <v gen="m" lem="enterar" lss="B11.unaccusative-motion" mood="participle" num="s" pos="vmp00sm" postype="main" wd="enterado"/>
                                </grup.verb>
                              </S>
                            </sp>
                          </grup.nom>
                          <f lem=")" pos="fpt" punct="bracket" punctenclose="close" wd=")"/>
                        </sn>
                      </grup.nom>
                    </sn>
                  </sp>
                </grup.nom>
              </sn>
            </sp>
          </grup.a>
        </sa>
        <conj conjunctiontype="coordinating">
          <c lem="y" pos="cc" postype="coordinating" wd="y"/>
        </conj>
        <sa>
          <spec>
            <r lem="veri" pos="rg" wd="veri"/>
          </spec>
          <grup.a>
            <a gen="m" lem="contento" num="s" pos="aq0ms0" postype="qualificative" wd="contento"/>
            <sp>
              <prep>
                <s lem="con" pos="sps00" postype="preposition" wd="con"/>
              </prep>
              <sn>
                <spec gen="m" num="s">
                  <d gen="m" lem="el" num="s" pos="da0ms0" postype="article" wd="el"/>
                </spec>
                <grup.nom gen="m" num="s">
                  <n gen="m" lem="hijo" num="s" pos="ncms000" postype="common" sense="16:07592357" wd="hijo"/>
                  <s.a gen="m" num="s">
                    <grup.a gen="m" num="s">
                      <a gen="c" lem="honoriscausa" num="c" pos="aq0cn0" postype="qualificative" wd="honoriscausa"/>
                    </grup.a>
                  </s.a>
                  <S clausetype="relative">
                    <relatiu arg="arg1" func="suj" tem="tem">
                      <p gen="c" lem="que" num="c" pos="pr0cn000" postype="relative" wd="que"/>
                    </relatiu>
                    <sn arg="arg2" func="ci" tem="ben">
                      <grup.nom num="s">
                        <p case="dative" gen="c" lem="él" num="s" person="3" pos="pp3csd00" postype="personal" wd="le"/>
                      </grup.nom>
                    </sn>
                    <grup.verb>
                      <v lem="acabar" mood="indicative" num="s" person="3" pos="vmip3s0" postype="main" tense="present" wd="acaba"/>
                      <s lem="de" pos="sps00" postype="preposition" wd="de"/>
                      <infinitiu>
                        <v lem="nacer" lss="B22.unaccusative-passive-transitive" mood="infinitive" pos="vmn0000" postype="main" wd="nacer"/>
                      </infinitiu>
                    </grup.verb>
                  </S>
                  <sn>
                    <f lem=";" pos="fx" punct="semicolon" wd=";"/>
                    <spec gen="m" num="s">
                      <d gen="m" lem="uno" num="s" pos="di0ms0" postype="indefinite" wd="un"/>
                    </spec>
                    <grup.nom gen="m" num="s">
                      <n gen="m" lem="hijo" num="s" pos="ncms000" postype="common" sense="16:07592357" wd="hijo"/>
                      <s.a gen="m" num="s">
                        <grup.a gen="m" num="s">
                          <a gen="m" lem="búlgaro" num="s" pos="aq0ms0" postype="qualificative" wd="búlgaro"/>
                          <sadv>
                            <f lem="," pos="fc" punct="comma" wd=","/>
                            <grup.adv>
                              <r lem="por_cierto" pos="rg" wd="por_cierto"/>
                            </grup.adv>
                            <f lem="," pos="fc" punct="comma" wd=","/>
                          </sadv>
                        </grup.a>
                      </s.a>
                    </grup.nom>
                    <inc>
                      <S>
                        <grup.verb>
                          <v lem="fijar" lss="A22.transitive-agentive-theme" mood="imperative" num="p" person="3" pos="vmm03p0" postype="main" wd="fíjense"/>
                        </grup.verb>
                        <sn arg="arg0" elliptic="yes" func="suj" tem="agt"/>
                        <sn arg="arg1" func="creg" tem="tem">
                          <spec gen="f" num="s">
                            <d gen="c" lem="qué" num="c" pos="dt0cn0" postype="interrogative" wd="qué"/>
                          </spec>
                          <grup.nom gen="f" num="s">
                            <n gen="f" lem="casualidad" num="s" pos="ncfs000" postype="common" sense="16:05443380" wd="casualidad"/>
                          </grup.nom>
                        </sn>
                      </S>
                    </inc>
                  </sn>
                </grup.nom>
              </sn>
            </sp>
          </grup.a>
        </sa>
      </sa>
    </S>
    <f lem="." pos="fp" punct="period" wd="."/>
  </sentence>
  <sentence>
    <f lem="-" pos="fg" punct="hyphen" wd="-"/>
    <S clausetype="completive" func="et">
      <conj conjunctiontype="subordinating">
        <c lem="que" pos="cs" postype="subordinating" wd="Que"/>
      </conj>
    </S>
    <sadv arg="argM" func="cc" tem="adv">
      <grup.adv>
        <p lem="cómo" pos="pt000000" postype="interrogative" wd="cómo"/>
      </grup.adv>
    </sadv>
    <grup.verb>
      <v lem="ir" mood="indicative" num="s" person="3" pos="vmip3s0" postype="main" tense="present" wd="va"/>
      <s lem="a" pos="sps00" postype="preposition" wd="a"/>
      <infinitiu>
        <v lem="llamar" lss="C21.state-attributive" mood="infinitive" pos="vmn0000" postype="main" wd="llamarse"/>
      </infinitiu>
    </grup.verb>
    <sn arg="arg1" func="suj" tem="tem">
      <spec gen="m" num="s">
        <d gen="m" lem="el" num="s" pos="da0ms0" postype="article" wd="el"/>
      </spec>
      <grup.nom gen="m" num="s">
        <n gen="m" lem="chiquillo" num="s" pos="ncms000" postype="common" sense="16:07153837" wd="chiquillo"/>
      </grup.nom>
    </sn>
    <f lem="?" pos="fit" punct="questionmark" punctenclose="close" wd="?"/>
  </sentence>
  <sentence>
    <sn arg="arg1" elliptic="yes" func="suj" tem="tem"/>
    <grup.verb>
      <v lem="estar_por_ver" lss="C11.state-existential" mood="indicative" num="s" person="3" pos="vmip3s0" postype="main" tense="present" wd="Está_por_ver"/>
    </grup.verb>
    <f lem="." pos="fp" punct="period" wd="."/>
  </sentence>
  <sentence>
    <conj conjunctiontype="coordinating" func="et">
      <c lem="y" pos="cc" postype="coordinating" wd="Y"/>
    </conj>
    <S arg="argM" clausetype="adverbial" func="cc" tem="adv">
      <conj conjunctiontype="subordinating">
        <c lem="como" pos="cs" postype="subordinating" wd="como"/>
      </conj>
      <sn arg="arg1" entityref="ne" func="suj" ne="person" tem="tem">
        <spec gen="m" num="s">
          <d gen="m" lem="el" num="s" pos="da0ms0" postype="article" wd="el"/>
        </spec>
        <grup.nom gen="m" num="s">
          <n lem="Mendicutti" ne="person" pos="np0000p" postype="proper" sense="16:cs1" wd="Mendicutti"/>
        </grup.nom>
      </sn>
      <grup.verb>
        <v lem="andar" lss="C21.state-attributive" mood="indicative" num="s" person="3" pos="vmip3s0" postype="main" tense="present" wd="anda"/>
      </grup.verb>
      <sadv arg="argM" func="cc" tem="adv">
        <grup.adv>
          <r lem="en_vilo" pos="rg" wd="en_vilo"/>
        </grup.adv>
      </sadv>
      <sp arg="argM" func="cc" tem="adv">
        <prep>
          <s lem="por" pos="sps00" postype="preposition" wd="por"/>
        </prep>
        <sn>
          <spec gen="m" num="s">
            <d gen="c" lem="el" num="s" pos="da0ns0" postype="article" wd="lo"/>
          </spec>
          <grup.nom gen="m" num="s">
            <sp>
              <prep>
                <s contracted="yes" gen="m" lem="del" num="s" pos="spcms" postype="preposition" wd="del"/>
              </prep>
              <sn>
                <grup.nom gen="m" num="s">
                  <n gen="m" lem="nombre" num="s" pos="ncms000" postype="common" sense="16:10359356" wd="nombre"/>
                </grup.nom>
              </sn>
            </sp>
          </grup.nom>
        </sn>
      </sp>
      <f lem="," pos="fc" punct="comma" wd=","/>
    </S>
    <sn arg="arg1" func="suj" tem="tem">
      <spec gen="f" num="s">
        <d gen="f" lem="uno" num="s" pos="di0fs0" postype="indefinite" wd="una"/>
      </spec>
      <grup.nom gen="f" num="s">
        <n gen="f" lem="servidora" num="s" pos="ncfs000" postype="common" sense="16:cs1" wd="servidora"/>
        <sn entityref="ne" ne="person">
          <f lem="," pos="fc" punct="comma" wd=","/>
          <spec gen="f" num="s">
            <d gen="f" lem="el" num="s" pos="da0fs0" postype="article" wd="la"/>
          </spec>
          <grup.nom gen="f" num="s">
            <n lem="Susi" ne="person" pos="np0000p" postype="proper" sense="16:cs1" wd="Susi"/>
          </grup.nom>
          <f lem="," pos="fc" punct="comma" wd=","/>
        </sn>
      </grup.nom>
    </sn>
    <grup.verb>
      <v lem="estar" lss="C21.state-attributive" mood="indicative" num="s" person="3" pos="vmip3s0" postype="main" tense="present" wd="está"/>
    </grup.verb>
    <S arg="arg2" clausetype="participle" func="atr" impersonal="yes" tem="atr">
      <participi>
        <a gen="f" lem="tresanchantado" lss="C11.state-existential" num="s" pos="aq0fsp" posfunction="participle" postype="qualificative" wd="tresanchantada"/>
      </participi>
      <sp arg="argM" func="cc" tem="cau">
        <prep>
          <s lem="de" pos="sps00" postype="preposition" wd="de"/>
        </prep>
        <S clausetype="completive" impersonal="yes">
          <infinitiu>
            <v lem="dar" lss="A22.transitive-agentive-theme" mood="infinitive" pos="vmn0000" postype="main" wd="darle"/>
          </infinitiu>
          <sp arg="arg1" coord="yes" func="cc" tem="tem">
            <sp>
              <prep>
                <s lem="a" pos="sps00" postype="preposition" wd="a"/>
              </prep>
              <sn>
                <spec gen="f" num="s">
                  <d gen="f" lem="el" num="s" pos="da0fs0" postype="article" wd="la"/>
                </spec>
                <grup.nom gen="f" num="s">
                  <n gen="f" lem="pen" num="s" pos="ncfs000" postype="common" sense="16:cs1" wd="pen"/>
                </grup.nom>
              </sn>
            </sp>
            <conj conjunctiontype="coordinating">
              <f lem=";" pos="fx" punct="semicolon" wd=";"/>
              <c lem="o_sea" pos="cc" postype="coordinating" wd="o_sea"/>
              <f lem="," pos="fc" punct="comma" wd=","/>
            </conj>
            <sp>
              <prep>
                <s lem="a" pos="sps00" postype="preposition" wd="a"/>
              </prep>
              <sn>
                <spec gen="f" num="s">
                  <d gen="f" lem="el" num="s" pos="da0fs0" postype="article" wd="la"/>
                </spec>
                <grup.nom gen="f" num="s">
                  <n gen="f" lem="pluma" num="s" pos="ncfs000" postype="common" sense="16:02718153" wd="pluma"/>
                </grup.nom>
              </sn>
            </sp>
          </sp>
        </S>
      </sp>
    </S>
    <f lem="." pos="fp" punct="period" wd="."/>
  </sentence>
  <sentence>
    <sa arg="arg2" func="atr" tem="atr">
      <spec gen="m" num="s">
        <d gen="c" lem="qué" num="c" pos="de0cn0" postype="exclamative" wd="Qué"/>
      </spec>
      <grup.a>
        <a gen="f" lem="creativo" num="s" pos="aq0fs0" postype="qualificative" wd="creativa"/>
      </grup.a>
    </sa>
    <sn arg="arg1" elliptic="yes" func="suj" tem="tem"/>
    <grup.verb>
      <v lem="ser" lss="C21.state-attributive" mood="indicative" num="s" person="1" pos="vsip1s0" postype="semiauxiliary" tense="present" wd="soy"/>
    </grup.verb>
    <sp arg="argM" func="cc" tem="cau">
      <f lem="," pos="fc" punct="comma" wd=","/>
      <prep>
        <s lem="por" pos="sps00" postype="preposition" wd="por"/>
      </prep>
      <sn entityref="ne" ne="person">
        <grup.nom gen="m" num="s">
          <n lem="Dios" ne="person" pos="np0000p" postype="proper" sense="16:cs1" wd="Dios"/>
        </grup.nom>
      </sn>
    </sp>
    <f lem="." pos="fp" punct="period" wd="."/>
  </sentence>
  <sentence verbless="yes">
    <sa>
      <sa>
        <spec>
          <r lem="tanto" pos="rg" wd="Tan"/>
        </spec>
        <grup.a>
          <a gen="f" lem="creativo" num="s" pos="aq0fs0" postype="qualificative" wd="creativa"/>
        </grup.a>
      </sa>
      <S adjunct="yes" clausesubtype="consecutive" clausetype="adverbial">
        <conj conjunctiontype="subordinating">
          <c lem="que" pos="cs" postype="subordinating" wd="que"/>
        </conj>
        <sn arg="arg0" elliptic="yes" func="suj" tem="agt"/>
        <grup.verb>
          <v lem="intentar" lss="A21.transitive-agentive-patient" mood="indicative" num="s" person="1" pos="vmif1s0" postype="main" tense="future" wd="intentaré"/>
        </grup.verb>
        <S arg="arg1" clausetype="completive" func="cd" impersonal="yes" tem="pat">
          <infinitiu>
            <v lem="solucionar" lss="A21.transitive-agentive-patient" mood="infinitive" pos="vmn0000" postype="main" wd="solucionarle"/>
          </infinitiu>
          <sp arg="arg2" func="ci" tem="ben">
            <prep>
              <s contracted="yes" gen="m" lem="al" num="s" pos="spcms" postype="preposition" wd="al"/>
            </prep>
            <sn entityref="ne" ne="person">
              <grup.nom gen="m" num="s">
                <n lem="Mendicutti" ne="person" pos="np0000p" postype="proper" sense="16:cs1" wd="Mendicutti"/>
              </grup.nom>
            </sn>
          </sp>
          <sn arg="arg1" func="cd" tem="pat">
            <spec gen="m" num="s">
              <d gen="m" lem="el" num="s" pos="da0ms0" postype="article" wd="el"/>
            </spec>
            <grup.nom gen="m" num="s">
              <n gen="m" lem="problema" num="s" pos="ncms000" postype="common" sense="16:10339059" wd="problema"/>
              <sp>
                <prep>
                  <s contracted="yes" gen="m" lem="del" num="s" pos="spcms" postype="preposition" wd="del"/>
                </prep>
                <sn>
                  <grup.nom gen="m" num="s">
                    <n gen="m" lem="nombre" num="s" pos="ncms000" postype="common" sense="16:10359356" wd="nombre"/>
                    <sp>
                      <prep>
                        <s lem="de" pos="sps00" postype="preposition" wd="de"/>
                      </prep>
                      <sn>
                        <spec gen="m" num="s">
                          <d gen="m" lem="ese" num="s" pos="dd0ms0" postype="demonstrative" wd="ese"/>
                        </spec>
                        <grup.nom gen="m" num="s">
                          <n gen="m" lem="hijo" num="s" pos="ncms000" postype="common" sense="16:07592357" wd="hijo"/>
                          <S clausetype="relative">
                            <relatiu arg="arg2" func="cd" functype="quantitative" tem="atr">
                              <p gen="c" lem="que" num="c" pos="pr0cn000" postype="relative" wd="que"/>
                            </relatiu>
                            <sn arg="arg1" elliptic="yes" func="suj" tem="tem"/>
                            <grup.verb>
                              <v lem="acabar" mood="indicative" num="s" person="3" pos="vmip3s0" postype="main" tense="present" wd="acaba"/>
                              <s lem="de" pos="sps00" postype="preposition" wd="de"/>
                              <infinitiu>
                                <v lem="tener" lss="C21.state-attributive" mood="infinitive" pos="vmn0000" postype="main" wd="tener"/>
                              </infinitiu>
                            </grup.verb>
                            <inc>
                              <S>
                                <grup.verb>
                                  <f lem="," pos="fc" punct="comma" wd=","/>
                                  <v lem="decir" lss="A32.ditransitive-patient-benefactive" mood="subjunctive" num="p" person="1" pos="vmsp1p0" postype="main" tense="present" wd="digamos"/>
                                  <f lem="," pos="fc" punct="comma" wd=","/>
                                </grup.verb>
                              </S>
                            </inc>
                            <sp arg="argM" func="cc" tem="cau">
                              <prep>
                                <s lem="por" pos="sps00" postype="preposition" wd="por"/>
                              </prep>
                              <sn>
                                <grup.nom gen="m" num="p">
                                  <n gen="m" lem="poder" num="p" pos="ncmp000" postype="common" sense="16:04903413" wd="poderes"/>
                                </grup.nom>
                              </sn>
                            </sp>
                          </S>
                        </grup.nom>
                      </sn>
                    </sp>
                  </grup.nom>
                </sn>
              </sp>
            </grup.nom>
          </sn>
        </S>
      </S>
    </sa>
    <f lem="." pos="fp" punct="period" wd="."/>
  </sentence>
</article>
