<?xml version="1.0" encoding="UTF-8" standalone="no"?>
<!-- 

  ancora-2.0
       
			Copyright (C) 2007, 2008, 2009, 2010, 2011 UB - CLiC
			Centre de Llenguatge i Computació - Universitat de Barcelona
 
  This file is part of ancora-2.0.
 
  ancora-2.0 is free software and data: you can redistribute it and/or modify
  it under the terms of the GNU General Public License as published
  by the Free Software Foundation, either version 3 of the License,
  or (at your option) any later version.

  ancora-2.0 is distributed in the hope that it will be useful,
  but WITHOUT ANY WARRANTY; without even the implied warranty of
  MERCHANTABILITY or FITNESS FOR A PARTICULAR PURPOSE.  See the
  GNU General Public License for more details.
 
  You should have received a copy of the GNU General Public License
  along with ancora-2.0.  If not, see &lt;http://www.gnu.org/licenses/&gt;.
 
  Check a text in catalan explaining the terms of the license at http://www.softcatala.cat/wiki/GPL3.
  In spanish at http://www.viti.es/gnu/licenses/gpl.html
 

  The following paper must be cited when using this corpus:

 * Taulé, M., M.A. Martí, M. Recasens (2008) 'Ancora: Multilevel Annotated Corpora for Catalan and Spanish',
   Proceedings of 6th International Conference on Language Resources and Evaluation. Marrakesh (Morocco).

  In addition, the following paper must be cited if coreference information (attributes entity, coreftype,
  corefsubtype, homophoricDD or entityref) is used:

 * Recasens, Marta, M. Antònia Martí (2010) ‘AnCora-CO: Coreferentially annotated corpora for Spanish and
   Catalan’. Language Resources and Evaluation, Springer Science.

  Additionally, the following paper must be cited when argumental attributes in "sn" or "grup.nom"
  (attributes func, arg, tem or lexicalid) are used:

 * Peris, Aina, Mariona Taulé, Horacio Rodríguez (2010) ‘Semantic Annotation of Deverbal Nominalizations in the
   Spanish AnCora corpus’. Treebanks and Linguistic Theories (TLT-2010), Estonia.
-->
<article lng="es">
  <sentence>
    <sn arg="arg1" func="suj" tem="tem">
      <spec gen="m" num="s">
        <d gen="m" lem="el" num="s" pos="da0ms0" postype="article" wd="El"/>
      </spec>
      <grup.nom gen="m" num="s">
        <s.a gen="m" num="s">
          <grup.a gen="m" num="s">
            <a gen="m" lem="tercero" num="s" pos="ao0ms0" postype="ordinal" wd="tercer"/>
          </grup.a>
        </s.a>
        <n gen="m" lem="mal" num="s" pos="ncms000" postype="common" sense="16:04007891" wd="mal"/>
        <sp>
          <prep>
            <s contracted="yes" gen="m" lem="del" num="s" pos="spcms" postype="preposition" wd="del"/>
          </prep>
          <sn entityref="ne" ne="organization">
            <grup.nom gen="m" num="s">
              <n lem="Madrid" ne="location" pos="np0000l" postype="proper" wd="Madrid"/>
            </grup.nom>
          </sn>
        </sp>
      </grup.nom>
    </sn>
    <morfema.pronominal>
      <p gen="c" lem="él" num="c" person="3" pos="p0300000" wd="se"/>
    </morfema.pronominal>
    <grup.verb>
      <v lem="llamar" lss="C21.state-attributive" mood="indicative" num="s" person="3" pos="vmip3s0" postype="main" tense="present" wd="llama"/>
    </grup.verb>
    <sn arg="arg2" entityref="ne" func="cpred" ne="person" predicate="suj" tem="atr">
      <grup.nom gen="m" num="s">
        <n lem="Benito_Floro" ne="person" pos="np0000p" postype="proper" sense="16:cs1" wd="Benito_Floro"/>
      </grup.nom>
    </sn>
    <f lem="." pos="fp" punct="period" wd="."/>
  </sentence>
  <sentence>
    <sp arg="argM" func="cc" tem="tmp">
      <prep>
        <s lem="después_de" pos="sps00" postype="preposition" wd="Después_de"/>
      </prep>
      <S clausetype="completive" impersonal="yes">
        <infinitiu>
          <v lem="ganar" lss="A21.transitive-agentive-patient" mood="infinitive" pos="vmn0000" postype="main" wd="ganarle"/>
        </infinitiu>
        <sn arg="arg1" entityref="ne" func="cd" ne="other" tem="pat">
          <spec gen="f" num="s">
            <d gen="f" lem="el" num="s" pos="da0fs0" postype="article" wd="la"/>
          </spec>
          <grup.nom gen="f" num="s">
            <n lem="Supercopa" ne="other" pos="np0000a" postype="proper" sense="16:cs1" wd="Supercopa"/>
          </grup.nom>
        </sn>
        <sp arg="arg2" func="ci" tem="ben">
          <prep>
            <s contracted="yes" gen="m" lem="al" num="s" pos="spcms" postype="preposition" wd="al"/>
          </prep>
          <sn entityref="ne" ne="organization">
            <grup.nom gen="m" num="s">
              <n lem="Barça" ne="organization" pos="np0000o" postype="proper" sense="16:cs1" wd="Barça"/>
            </grup.nom>
          </sn>
        </sp>
      </S>
    </sp>
    <sn arg="arg0" elliptic="yes" func="suj" tem="agt"/>
    <grup.verb>
      <v lem="deber" mood="subjunctive" num="s" person="3" pos="vmsi3s0" postype="main" tense="imperfect" wd="debiera"/>
      <infinitiu>
        <v lem="saber" lss="A22.transitive-agentive-theme" mood="infinitive" pos="vmn0000" postype="main" wd="saber"/>
      </infinitiu>
    </grup.verb>
    <S arg="arg1" clausetype="completive" func="cd" impersonal="yes" tem="pat">
      <sadv arg="argM" func="cc" tem="mnr">
        <grup.adv>
          <p lem="cómo" pos="pt000000" postype="interrogative" wd="cómo"/>
        </grup.adv>
      </sadv>
      <infinitiu>
        <v lem="jugar" lss="A21.transitive-agentive-patient" mood="infinitive" pos="vmn0000" postype="main" wd="jugar"/>
      </infinitiu>
      <sp arg="argM" func="cc" tem="adv">
        <prep>
          <s lem="con" pos="sps00" postype="preposition" wd="con"/>
        </prep>
        <sn>
          <spec gen="m" num="p">
            <d gen="m" lem="el" num="p" pos="da0mp0" postype="article" wd="los"/>
          </spec>
          <grup.nom gen="m" num="p">
            <n gen="c" lem="blaugrana" num="p" pos="nccp000" postype="common" sense="16:cs1" wd="blaugranas"/>
          </grup.nom>
        </sn>
      </sp>
      <S arg="argM" clausetype="adverbial" coord="yes" func="cc" impersonal="yes" tem="mnr">
        <f lem="," pos="fc" punct="comma" wd=","/>
        <S clausetype="adverbial" impersonal="yes">
          <sadv func="mod">
            <grup.adv>
              <r lem="tal_vez" pos="rg" wd="tal_vez"/>
            </grup.adv>
          </sadv>
          <gerundi>
            <v lem="perder" lss="A21.transitive-agentive-patient" mood="gerund" pos="vmg0000" postype="main" wd="perdiendo"/>
          </gerundi>
          <f lem="," pos="fc" punct="comma" wd=","/>
        </S>
        <conj conjunctiontype="coordinating">
          <c lem="pero" pos="cc" postype="coordinating" wd="pero"/>
        </conj>
        <S clausetype="adverbial" impersonal="yes" verbless="yes">
          <neg>
            <r lem="no" pos="rn" postype="negative" wd="no"/>
          </neg>
          <sp>
            <prep>
              <s lem="por" pos="sps00" postype="preposition" wd="por"/>
            </prep>
            <sn>
              <grup.nom gen="f" num="s">
                <n gen="f" lem="goleada" lexicalid="noun.goleada.1.default" num="s" origin="deverbal" pos="ncfs000" postype="common" sense="16:cs1" wd="goleada"/>
              </grup.nom>
            </sn>
          </sp>
        </S>
      </S>
    </S>
    <f lem="." pos="fp" punct="period" wd="."/>
  </sentence>
  <sentence>
    <f lem="-" pos="fg" punct="hyphen" wd="-"/>
    <sp arg="arg3" func="creg" tem="fin">
      <prep>
        <s lem="de" pos="sps00" postype="preposition" wd="De"/>
      </prep>
      <sn>
        <grup.nom num="s">
          <p gen="c" lem="qué" num="s" pos="pt0cs000" postype="interrogative" wd="qué"/>
        </grup.nom>
      </sn>
    </sp>
    <grup.verb>
      <v lem="servir" lss="C41.state-benefactive" mood="indicative" num="s" person="3" pos="vmip3s0" postype="main" tense="present" wd="sirve"/>
    </grup.verb>
    <S arg="arg1" clausetype="completive" func="suj" impersonal="yes" tem="tem">
      <infinitiu>
        <v lem="poner" lss="A31.ditransitive-patient-locative" mood="infinitive" pos="vmn0000" postype="main" wd="poner"/>
      </infinitiu>
      <sp arg="arg1" func="cd" tem="pat">
        <prep>
          <s lem="a" pos="sps00" postype="preposition" wd="a"/>
        </prep>
        <sn>
          <spec gen="m" num="p">
            <d gen="c" lem="tres" num="p" pos="dn0cp0" postype="numeral" wd="tres"/>
          </spec>
          <grup.nom gen="m" num="p">
            <n gen="m" lem="hombre" num="p" pos="ncmp000" postype="common" sense="16:07391044" wd="hombres"/>
          </grup.nom>
        </sn>
      </sp>
      <S arg="argM" clausetype="adverbial" func="cc" impersonal="yes" tem="adv">
        <gerundi>
          <v lem="marcar" lss="A21.transitive-agentive-patient" mood="gerund" pos="vmg0000" postype="main" wd="marcando"/>
        </gerundi>
        <sp arg="arg1" func="cd" tem="pat">
          <prep>
            <s lem="a" pos="sps00" postype="preposition" wd="a"/>
          </prep>
          <sn entityref="ne" ne="person">
            <grup.nom gen="m" num="s">
              <n lem="Romario" ne="person" pos="np0000p" postype="proper" sense="16:cs1" wd="Romario"/>
            </grup.nom>
          </sn>
        </sp>
      </S>
    </S>
    <S clausesubtype="conditional" clausetype="adverbial" coord="yes" func="ao">
      <f lem="," pos="fc" punct="comma" wd=","/>
      <conj conjunctiontype="subordinating">
        <c lem="si" pos="cs" postype="subordinating" wd="si"/>
      </conj>
      <S clausesubtype="conditional" clausetype="adverbial">
        <sn arg="arg0" entityref="ne" func="suj" ne="person" tem="agt">
          <grup.nom gen="m" num="s">
            <n lem="Romario" ne="person" pos="np0000p" postype="proper" sense="16:cs1" wd="Romario"/>
          </grup.nom>
        </sn>
        <grup.verb>
          <v lem="poder" mood="indicative" num="s" person="3" pos="vmip3s0" postype="main" tense="present" wd="puede"/>
          <infinitiu>
            <v lem="meter" lss="A21.transitive-agentive-patient" mood="infinitive" pos="vmn0000" postype="main" wd="meter"/>
          </infinitiu>
        </grup.verb>
        <sn arg="arg1" func="cd" tem="pat">
          <spec gen="m" num="p">
            <d gen="c" lem="tres" num="p" pos="dn0cp0" postype="numeral" wd="tres"/>
          </spec>
          <grup.nom gen="m" num="p">
            <n gen="m" lem="gol" num="p" pos="ncmp000" postype="common" sense="16:50004855" wd="goles"/>
            <sp>
              <prep>
                <c lem="como" pos="cs" postype="subordinating" wd="como"/>
              </prep>
              <sn>
                <spec gen="m" num="p">
                  <d gen="c" lem="tres" num="p" pos="dn0cp0" postype="numeral" wd="tres"/>
                </spec>
                <grup.nom gen="m" num="p">
                  <n gen="m" lem="sol" num="p" pos="ncmp000" postype="common" sense="16:06765647" wd="soles"/>
                </grup.nom>
              </sn>
            </sp>
          </grup.nom>
        </sn>
      </S>
      <conj conjunctiontype="coordinating">
        <c lem="y" pos="cc" postype="coordinating" wd="y"/>
      </conj>
      <S clausesubtype="conditional" clausetype="adverbial" verbless="yes">
        <grup.verb>
          <infinitiu>
            <v lem="regalar" lss="A32.ditransitive-patient-benefactive" mood="infinitive" pos="vmn0000" postype="main" wd="regalar"/>
          </infinitiu>
        </grup.verb>
        <sn>
          <grup.nom gen="m" num="s">
            <p gen="m" lem="otro" num="s" pos="pi0ms000" postype="indefinite" wd="otro"/>
          </grup.nom>
        </sn>
        <sp>
          <prep>
            <s lem="a" pos="sps00" postype="preposition" wd="a"/>
          </prep>
          <sn entityref="ne" ne="person">
            <grup.nom gen="m" num="s">
              <n lem="Iván" ne="person" pos="np0000p" postype="proper" sense="16:cs1" wd="Iván"/>
            </grup.nom>
          </sn>
        </sp>
      </S>
    </S>
    <f lem="?" pos="fit" punct="questionmark" punctenclose="close" wd="?"/>
  </sentence>
  <sentence coord="yes">
    <f lem="-" pos="fg" punct="hyphen" wd="-"/>
    <sadv arg="argM" coord="yes" func="cc" tem="mnr">
      <sadv>
        <grup.adv>
          <p gen="c" lem="cómo" num="c" pos="pt000000" postype="interrogative" wd="Cómo"/>
        </grup.adv>
      </sadv>
      <conj conjunctiontype="coordinating">
        <c lem="y" pos="cc" postype="coordinating" wd="y"/>
      </conj>
      <S clausetype="adverbial" impersonal="yes">
        <gerundi>
          <v lem="obedecer" lss="A22.transitive-agentive-theme" mood="gerund" pos="vmg0000" postype="main" wd="obedeciendo"/>
        </gerundi>
        <sp arg="arg1" func="creg" tem="tem">
          <prep>
            <s lem="a" pos="sps00" postype="preposition" wd="a"/>
          </prep>
          <sn>
            <spec gen="m" num="p">
              <d gen="c" lem="qué" num="c" pos="dt0cn0" postype="interrogative" wd="qué"/>
            </spec>
            <grup.nom gen="m" num="p">
              <n gen="m" lem="criterio" num="p" pos="ncmp000" postype="common" sense="16:05418696" wd="criterios"/>
            </grup.nom>
          </sn>
        </sp>
      </S>
    </sadv>
    <S coord="yes">
      <S>
        <morfema.verbal func="pass">
          <p gen="c" lem="se" num="c" pos="p0000000" wd="se"/>
        </morfema.verbal>
        <grup.verb>
          <v lem="poder" mood="indicative" num="s" person="3" pos="vmip3s0" postype="main" tense="present" wd="puede"/>
          <infinitiu>
            <v lem="abandonar" lss="B22.unaccusative-passive-transitive" mood="infinitive" pos="vmn0000" postype="main" wd="abandonar"/>
          </infinitiu>
        </grup.verb>
        <sn arg="arg1" func="suj" tem="pat">
          <spec gen="m" num="s">
            <d gen="m" lem="el" num="s" pos="da0ms0" postype="article" wd="el"/>
          </spec>
          <grup.nom gen="m" num="s">
            <n gen="m" lem="centro" num="s" pos="ncms000" postype="common" sense="16:06286659" wd="centro"/>
            <sp>
              <prep>
                <s contracted="yes" gen="m" lem="del" num="s" pos="spcms" postype="preposition" wd="del"/>
              </prep>
              <sn>
                <grup.nom gen="m" num="s">
                  <n gen="m" lem="campo" num="s" pos="ncms000" postype="common" sense="16:06318048" wd="campo"/>
                </grup.nom>
              </sn>
            </sp>
          </grup.nom>
        </sn>
        <sp arg="arg2" func="ci" tem="ben">
          <prep>
            <s lem="a" pos="sps00" postype="preposition" wd="a"/>
          </prep>
          <sn complex="yes">
            <grup.nom coord="yes">
              <grup.nom gen="m" num="s">
                <n lem="Pep_Guardiola" ne="person" pos="np0000p" postype="proper" sense="16:cs1" wd="Pep_Guardiola"/>
              </grup.nom>
              <f lem="," pos="fc" punct="comma" wd=","/>
              <grup.nom gen="m" num="s">
                <n lem="Amor" ne="person" pos="np0000p" postype="proper" sense="16:cs1" wd="Amor"/>
              </grup.nom>
              <f lem="," pos="fc" punct="comma" wd=","/>
              <grup.nom gen="m" num="s">
                <n lem="Chapi_Ferrer" ne="person" pos="np0000p" postype="proper" sense="16:cs1" wd="Chapi_Ferrer"/>
              </grup.nom>
            </grup.nom>
          </sn>
        </sp>
      </S>
      <conj conjunctiontype="coordinating">
        <c lem="y" pos="cc" postype="coordinating" wd="y"/>
      </conj>
      <S verbless="yes">
        <grup.verb>
          <infinitiu>
            <v lem="menospreciar" lss="A21.transitive-agentive-patient" mood="infinitive" pos="vmn0000" postype="main" wd="menospreciar"/>
          </infinitiu>
        </grup.verb>
        <sp>
          <prep>
            <s contracted="yes" gen="m" lem="al" num="s" pos="spcms" postype="preposition" wd="al"/>
          </prep>
          <sn entityref="ne" ne="person">
            <grup.nom gen="m" num="s">
              <s.a gen="m" num="s">
                <grup.a gen="m" num="s">
                  <a gen="c" lem="descomunal" num="s" pos="aq0cs0" postype="qualificative" wd="descomunal"/>
                </grup.a>
              </s.a>
              <n lem="Sergi" ne="person" pos="np0000p" postype="proper" sense="16:cs1" wd="Sergi"/>
            </grup.nom>
          </sn>
        </sp>
        <S clausetype="adverbial" impersonal="yes">
          <f lem="," pos="fc" punct="comma" wd=","/>
          <gerundi>
            <v lem="dejar" lss="A21.transitive-agentive-patient" mood="gerund" pos="vmg0000" postype="main" wd="dejándolo"/>
          </gerundi>
          <sa arg="argM" func="cpred" predicate="cd" tem="atr">
            <grup.a>
              <a gen="m" lem="suelto" num="s" pos="aq0ms0" postype="qualificative" wd="suelto"/>
            </grup.a>
          </sa>
          <sn arg="argM" func="cc" tem="tmp">
            <spec gen="m" num="s">
              <d gen="m" lem="todo" num="s" pos="di0ms0" postype="indefinite" wd="todo"/>
              <d gen="m" lem="el" num="s" pos="da0ms0" postype="article" wd="el"/>
            </spec>
            <grup.nom gen="m" num="s">
              <n gen="m" lem="partido" num="s" pos="ncms000" postype="common" sense="16:05554348" wd="partido"/>
            </grup.nom>
          </sn>
        </S>
      </S>
    </S>
    <f lem="?" pos="fit" punct="questionmark" punctenclose="close" wd="?"/>
  </sentence>
  <sentence>
    <f lem="-" pos="fg" punct="hyphen" wd="-"/>
    <sp arg="argM" func="cc" tem="cau">
      <prep>
        <s lem="por" pos="sps00" postype="preposition" wd="Por"/>
      </prep>
      <sn>
        <spec gen="f" num="s">
          <d gen="c" lem="qué" num="c" pos="dt0cn0" postype="interrogative" wd="qué"/>
        </spec>
        <grup.nom gen="f" num="s">
          <n gen="f" lem="clase" num="s" pos="ncfs000" postype="common" sense="16:04496504" wd="clase"/>
          <sp>
            <prep>
              <s lem="de" pos="sps00" postype="preposition" wd="de"/>
            </prep>
            <sn>
              <grup.nom gen="m" num="s">
                <n gen="m" lem="razonamiento" lexicalid="noun.razonamiento.1.default" num="s" origin="deverbal" pos="ncms000" postype="common" sense="16:04451507" wd="razonamiento"/>
                <s.a arg="arg1" func="cn" gen="m" num="s" tem="pat">
                  <grup.a gen="m" num="s">
                    <a gen="m" lem="futbolístico" num="s" pos="aq0ms0" postype="qualificative" wd="futbolístico"/>
                  </grup.a>
                </s.a>
              </grup.nom>
            </sn>
          </sp>
        </grup.nom>
      </sn>
    </sp>
    <morfema.verbal func="impers">
      <p gen="c" lem="se" num="c" pos="p0000000" wd="se"/>
    </morfema.verbal>
    <grup.verb>
      <v lem="seguir" mood="indicative" num="s" person="3" pos="vmip3s0" postype="main" tense="present" wd="sigue"/>
      <gerundi>
        <v lem="confiar" lss="A22.transitive-agentive-theme" mood="gerund" pos="vmg0000" postype="main" wd="confiando"/>
      </gerundi>
    </grup.verb>
    <sp arg="arg1" func="creg" tem="tem">
      <prep>
        <s lem="en" pos="sps00" postype="preposition" wd="en"/>
      </prep>
      <sn>
        <spec gen="m" num="s">
          <d gen="m" lem="el" num="s" pos="da0ms0" postype="article" wd="el"/>
        </spec>
        <grup.nom gen="m" num="s">
          <n gen="m" lem="fútbol" num="s" pos="ncms000" postype="common" sense="16:00304700" wd="fútbol"/>
          <s.a gen="m" num="s">
            <grup.a gen="m" num="s">
              <a gen="m" lem="anticuadísimo" num="s" pos="aq0ms0" postype="qualificative" wd="anticuadísimo"/>
            </grup.a>
          </s.a>
          <sp>
            <prep>
              <s contracted="yes" gen="m" lem="del" num="s" pos="spcms" postype="preposition" wd="del"/>
            </prep>
            <sn entityref="ne" ne="person">
              <spec gen="f" num="s">
                <d gen="c" lem="tal" num="s" pos="dd0cs0" postype="demonstrative" wd="tal"/>
              </spec>
              <grup.nom gen="m" num="s">
                <n lem="Prosinescki" ne="person" pos="np0000p" postype="proper" sense="16:cs1" wd="Prosinescki"/>
                <inc>
                  <S verbless="yes">
                    <f lem="," pos="fc" punct="comma" wd=","/>
                    <conj conjunctiontype="coordinating">
                      <c lem="o" pos="cc" postype="coordinating" wd="o"/>
                    </conj>
                    <sn>
                      <spec gen="m" num="s">
                        <d gen="c" lem="el" num="s" pos="da0ns0" postype="article" wd="lo"/>
                      </spec>
                      <grup.nom gen="m" num="s">
                        <S clausetype="relative">
                          <relatiu arg="arg2" func="atr" tem="atr">
                            <p gen="c" lem="que" num="c" pos="pr0cn000" postype="relative" wd="que"/>
                          </relatiu>
                          <sn arg="arg1" elliptic="yes" func="suj" tem="tem"/>
                          <grup.verb>
                            <v lem="ser" lss="C21.state-attributive" mood="subjunctive" num="s" person="3" pos="vssp3s0" postype="semiauxiliary" tense="present" wd="sea"/>
                          </grup.verb>
                        </S>
                      </grup.nom>
                    </sn>
                    <f lem="," pos="fc" punct="comma" wd=","/>
                  </S>
                </inc>
                <S clausetype="relative">
                  <relatiu arg="arg0" func="suj" tem="agt">
                    <p gen="c" lem="que" num="c" pos="pr0cn000" postype="relative" wd="que"/>
                  </relatiu>
                  <grup.verb>
                    <v lem="tener" mood="indicative" num="s" person="3" pos="vmip3s0" postype="main" tense="present" wd="tiene"/>
                    <c lem="que" pos="cs" postype="subordinating" wd="que"/>
                    <infinitiu>
                      <v lem="tocar" lss="A21.transitive-agentive-patient" mood="infinitive" pos="vmn0000" postype="main" wd="tocar"/>
                    </infinitiu>
                  </grup.verb>
                  <sn arg="argM" func="cc" tem="ext">
                    <spec gen="f" num="p">
                      <d gen="c" lem="siete" num="p" pos="dn0cp0" postype="numeral" wd="siete"/>
                    </spec>
                    <grup.nom gen="f" num="p">
                      <n gen="f" lem="vez" num="p" pos="ncfp000" postype="common" sense="16:05449233" wd="veces"/>
                    </grup.nom>
                  </sn>
                  <sn arg="arg1" func="cd" tem="pat">
                    <spec gen="f" num="s">
                      <d gen="f" lem="el" num="s" pos="da0fs0" postype="article" wd="la"/>
                    </spec>
                    <grup.nom gen="f" num="s">
                      <n gen="f" lem="pelota" num="s" pos="ncfs000" postype="common" sense="16:02240791" wd="pelota"/>
                    </grup.nom>
                  </sn>
                  <sadv arg="argM" func="cc" tem="tmp">
                    <grup.adv>
                      <r lem="antes" pos="rg" wd="antes"/>
                      <sp>
                        <prep>
                          <s lem="de" pos="sps00" postype="preposition" wd="de"/>
                        </prep>
                        <S clausetype="completive" impersonal="yes">
                          <infinitiu>
                            <v lem="pasar" lss="A31.ditransitive-patient-locative" mood="infinitive" pos="vmn0000" postype="main" wd="pasarla"/>
                          </infinitiu>
                          <sadv arg="argM" func="cc" tem="mnr">
                            <f lem="," pos="fc" punct="comma" wd=","/>
                            <sadv>
                              <grup.adv>
                                <r lem="generalmente" pos="rg" wd="generalmente"/>
                              </grup.adv>
                            </sadv>
                            <r lem="mal" pos="rg" wd="mal"/>
                          </sadv>
                        </S>
                      </sp>
                    </grup.adv>
                  </sadv>
                </S>
              </grup.nom>
            </sn>
          </sp>
        </grup.nom>
      </sn>
    </sp>
    <f lem="?" pos="fit" punct="questionmark" punctenclose="close" wd="?"/>
  </sentence>
  <sentence coord="yes">
    <S>
      <sn arg="arg0" func="suj" tem="agt">
        <spec gen="m" num="s">
          <d gen="m" lem="ese" num="s" pos="dd0ms0" postype="demonstrative" wd="Ese"/>
        </spec>
        <grup.nom gen="m" num="s">
          <n gen="m" lem="hombre" num="s" pos="ncms000" postype="common" sense="16:07391044" wd="hombre"/>
        </grup.nom>
      </sn>
      <grup.verb>
        <v lem="correr" lss="D11.inergative-agentive" mood="indicative" num="s" person="3" pos="vmip3s0" postype="main" tense="present" wd="corre"/>
      </grup.verb>
      <sadv arg="argM" complex="yes" func="cc" tem="ext">
        <grup.adv coord="yes">
          <grup.adv>
            <r lem="mucho" pos="rg" wd="mucho"/>
          </grup.adv>
          <conj conjunctiontype="coordinating">
            <c lem="y" pos="cc" postype="coordinating" wd="y"/>
          </conj>
          <grup.adv>
            <r lem="rápido" pos="rg" wd="rápido"/>
          </grup.adv>
        </grup.adv>
      </sadv>
      <f lem="," pos="fc" punct="comma" wd=","/>
    </S>
    <conj conjunctiontype="coordinating">
      <c lem="pero" pos="cc" postype="coordinating" wd="pero"/>
    </conj>
    <S>
      <sadv arg="argM" func="cc" tem="adv">
        <grup.adv>
          <r lem="en_realidad" pos="rg" wd="en_realidad"/>
        </grup.adv>
      </sadv>
      <sn arg="arg1" elliptic="yes" func="suj" tem="tem"/>
      <grup.verb>
        <v lem="ser" lss="C21.state-attributive" mood="indicative" num="s" person="3" pos="vsip3s0" postype="semiauxiliary" tense="present" wd="es"/>
      </grup.verb>
      <sn arg="arg2" func="atr" tem="atr">
        <spec gen="m" num="s">
          <d gen="m" lem="uno" num="s" pos="di0ms0" postype="indefinite" wd="un"/>
        </spec>
        <grup.nom gen="m" num="s">
          <n gen="m" lem="freno" num="s" pos="ncms000" postype="common" sense="16:04395690" wd="freno"/>
        </grup.nom>
      </sn>
      <sp arg="argM" func="cc" tem="fin">
        <prep>
          <s lem="para" pos="sps00" postype="preposition" wd="para"/>
        </prep>
        <sn>
          <spec gen="m" num="s">
            <d gen="m" lem="el" num="s" pos="da0ms0" postype="article" wd="el"/>
          </spec>
          <grup.nom gen="m" num="s">
            <n gen="m" lem="ataque" lexicalid="noun.ataque.1.default" num="s" origin="deverbal" pos="ncms000" postype="common" sense="16:00291138" wd="ataque"/>
            <sp arg="arg0" func="cn" tem="agt">
              <prep>
                <s contracted="yes" gen="m" lem="del" num="s" pos="spcms" postype="preposition" wd="del"/>
              </prep>
              <sn entityref="ne" ne="organization">
                <grup.nom gen="m" num="s">
                  <n lem="Madrid" ne="location" pos="np0000l" postype="proper" wd="Madrid"/>
                </grup.nom>
              </sn>
            </sp>
          </grup.nom>
        </sn>
      </sp>
    </S>
    <f lem="." pos="fp" punct="period" wd="."/>
  </sentence>
  <sentence>
    <sp arg="argM" func="cc" tem="loc">
      <prep>
        <s lem="en" pos="sps00" postype="preposition" wd="En"/>
      </prep>
      <sn entityref="ne" ne="organization">
        <spec gen="m" num="s">
          <d gen="m" lem="el" num="s" pos="da0ms0" postype="article" wd="el"/>
        </spec>
        <grup.nom gen="m" num="s">
          <n lem="Barça" ne="organization" pos="np0000o" postype="proper" sense="16:cs1" wd="Barça"/>
          <S clausetype="relative">
            <f lem="," pos="fc" punct="comma" wd=","/>
            <relatiu arg="arg0" func="suj" tem="agt">
              <p gen="c" lem="que" num="c" pos="pr0cn000" postype="relative" wd="que"/>
            </relatiu>
            <grup.verb>
              <v lem="jugar" lss="A21.transitive-agentive-patient" mood="indicative" num="s" person="3" pos="vmip3s0" postype="main" tense="present" wd="juega"/>
            </grup.verb>
            <sp arg="argM" func="cc" tem="adv">
              <prep>
                <s contracted="yes" gen="m" lem="al" num="s" pos="spcms" postype="preposition" wd="al"/>
              </prep>
              <sn>
                <grup.nom gen="m" num="s">
                  <n gen="m" lem="toque" lexicalid="noun.toque.1.default" num="s" origin="deverbal" pos="ncms000" postype="common" sense="16:05468143" wd="toque"/>
                </grup.nom>
              </sn>
            </sp>
            <sp arg="argM" func="cc" tem="mnr">
              <f lem="," pos="fc" punct="comma" wd=","/>
              <prep>
                <s lem="a" pos="sps00" postype="preposition" wd="a"/>
              </prep>
              <sn complex="yes">
                <grup.nom coord="yes">
                  <grup.nom gen="f" num="p">
                    <n gen="f" lem="vez" num="p" pos="ncfp000" postype="common" sense="16:05449233" wd="veces"/>
                    <sadv>
                      <grup.adv>
                        <r lem="mal" pos="rg" wd="mal"/>
                      </grup.adv>
                    </sadv>
                  </grup.nom>
                  <conj conjunctiontype="coordinating">
                    <c lem="y" pos="cc" postype="coordinating" wd="y"/>
                  </conj>
                  <grup.nom gen="f" num="p">
                    <p gen="f" lem="otro" num="p" pos="pi0fp000" postype="indefinite" wd="otras"/>
                    <sp>
                      <f lem="," pos="fc" punct="comma" wd=","/>
                      <prep>
                        <c lem="como" pos="cs" postype="subordinating" wd="como"/>
                      </prep>
                      <sadv>
                        <grup.adv>
                          <r lem="anoche" pos="rg" wd="anoche"/>
                        </grup.adv>
                      </sadv>
                      <f lem="," pos="fc" punct="comma" wd=","/>
                    </sp>
                    <sadv>
                      <grup.adv>
                        <r lem="de_maravilla" pos="rg" wd="de_maravilla"/>
                      </grup.adv>
                    </sadv>
                  </grup.nom>
                </grup.nom>
              </sn>
            </sp>
            <f lem="," pos="fc" punct="comma" wd=","/>
          </S>
        </grup.nom>
      </sn>
    </sp>
    <sn arg="arg1" func="suj" tem="tem">
      <spec gen="m" num="s">
        <d gen="m" lem="el" num="s" pos="da0ms0" postype="article" wd="el"/>
      </spec>
      <grup.nom gen="m" num="s">
        <n gen="c" lem="croata" num="s" pos="nccs000" postype="common" sense="16:50000535" wd="croata"/>
      </grup.nom>
    </sn>
    <sadv arg="argM" func="cc" tem="adv">
      <grup.adv>
        <r lem="ni" pos="rg" wd="ni"/>
      </grup.adv>
    </sadv>
    <grup.verb>
      <v lem="ser" lss="C21.state-attributive" mood="indicative" num="s" person="3" pos="vsic3s0" postype="semiauxiliary" tense="conditional" wd="sería"/>
    </grup.verb>
    <S arg="arg2" clausetype="participle" func="atr" impersonal="yes" tem="atr">
      <participi>
        <a gen="m" lem="convocado" num="s" pos="aq0msp" posfunction="participle" postype="qualificative" wd="convocado"/>
      </participi>
    </S>
    <f lem="." pos="fp" punct="period" wd="."/>
  </sentence>
  <sentence>
    <conj conjunctiontype="coordinating" func="et">
      <c lem="y" pos="cc" postype="coordinating" wd="Y"/>
    </conj>
    <sn arg="arg1" func="suj" tem="tem">
      <spec gen="m" num="s">
        <d gen="c" lem="el" num="s" pos="da0ns0" postype="article" wd="lo"/>
      </spec>
      <grup.nom gen="m" num="s">
        <n gen="m" lem="restante" num="s" pos="ncms000" postype="common" sense="16:09947291" wd="restante"/>
        <sp>
          <prep>
            <s contracted="yes" gen="m" lem="del" num="s" pos="spcms" postype="preposition" wd="del"/>
          </prep>
          <sn>
            <grup.nom gen="m" num="s">
              <n gen="m" lem="equipo" num="s" pos="ncms000" postype="common" sense="16:06093198" wd="equipo"/>
            </grup.nom>
          </sn>
        </sp>
      </grup.nom>
      <f lem="," pos="fc" punct="comma" wd=","/>
    </sn>
    <grup.verb>
      <v lem="ser" lss="C21.state-attributive" mood="indicative" num="s" person="3" pos="vsip3s0" postype="semiauxiliary" tense="present" wd="es"/>
    </grup.verb>
    <sa arg="arg2" coord="yes" func="atr" tem="atr">
      <sa>
        <spec>
          <r lem="sencillamente" pos="rg" wd="sencillamente"/>
        </spec>
        <grup.a>
          <a gen="c" lem="mediocre" num="s" pos="aq0cs0" postype="qualificative" wd="mediocre"/>
        </grup.a>
      </sa>
      <f lem="," pos="fc" punct="comma" wd=","/>
      <sp>
        <prep>
          <s lem="con" pos="sps00" postype="preposition" wd="con"/>
        </prep>
        <sn>
          <spec gen="m" num="s">
            <d gen="m" lem="uno" num="s" pos="di0ms0" postype="indefinite" wd="un"/>
          </spec>
          <grup.nom gen="m" num="s">
            <n gen="m" lem="esquema" num="s" pos="ncms000" postype="common" sense="16:04536390" wd="esquema"/>
            <sp>
              <prep>
                <s lem="de" pos="sps00" postype="preposition" wd="de"/>
              </prep>
              <sn>
                <grup.nom gen="m" num="s">
                  <n gen="m" lem="juego" lexicalid="noun.juego.1.default" num="s" origin="deverbal" pos="ncms000" postype="common" sense="16:00289269" wd="juego"/>
                </grup.nom>
              </sn>
            </sp>
            <s.a coord="yes" gen="m" num="s">
              <s.a gen="m" num="s">
                <f lem="-" pos="fg" punct="hyphen" wd="-"/>
                <grup.a gen="m" num="s">
                  <a gen="c" lem="démodé" num="s" pos="aq0cs0" postype="qualificative" wd="démodé"/>
                </grup.a>
                <f lem="-" pos="fg" punct="hyphen" wd="-"/>
              </s.a>
              <f lem="," pos="fc" punct="comma" wd=","/>
              <S clausetype="participle" impersonal="yes">
                <participi>
                  <a gen="m" lem="pasado" lss="C11.state-existential" num="s" pos="aq0msp" posfunction="participle" postype="qualificative" wd="pasado"/>
                </participi>
                <sp arg="argL" func="cc">
                  <prep>
                    <s lem="de" pos="sps00" postype="preposition" wd="de"/>
                  </prep>
                  <sn>
                    <grup.nom gen="f" num="s">
                      <n gen="f" lem="moda" num="s" pos="ncfs000" postype="common" sense="16:04436610" wd="moda"/>
                    </grup.nom>
                  </sn>
                </sp>
              </S>
              <f lem="," pos="fc" punct="comma" wd=","/>
              <S clausetype="participle" impersonal="yes">
                <participi>
                  <a gen="m" lem="aburrido" num="s" pos="aq0msp" posfunction="participle" postype="qualificative" wd="aburrido"/>
                </participi>
              </S>
            </s.a>
          </grup.nom>
        </sn>
      </sp>
      <f lem="," pos="fc" punct="comma" wd=","/>
      <sp>
        <prep>
          <s lem="sin" pos="sps00" postype="preposition" wd="sin"/>
        </prep>
        <sn>
          <sn>
            <spec gen="m" num="s">
              <r lem="más" pos="rg" wd="más"/>
            </spec>
            <grup.nom gen="m" num="s">
              <n gen="m" lem="aliciente" num="s" pos="ncms000" postype="common" sense="16:06660574" wd="aliciente"/>
              <sp>
                <prep>
                  <s lem="para" pos="sps00" postype="preposition" wd="para"/>
                </prep>
                <sn>
                  <spec gen="m" num="s">
                    <d gen="m" lem="el" num="s" pos="da0ms0" postype="article" wd="el"/>
                  </spec>
                  <grup.nom gen="m" num="s">
                    <n gen="m" lem="aficionado" num="s" pos="ncms000" postype="common" sense="16:07602661" wd="aficionado"/>
                  </grup.nom>
                </sn>
              </sp>
            </grup.nom>
          </sn>
          <S adjunct="yes" clausesubtype="comparative" clausetype="adverbial" verbless="yes">
            <conj conjunctiontype="subordinating">
              <c lem="que" pos="cs" postype="subordinating" wd="que"/>
            </conj>
            <sn coord="yes">
              <sn>
                <spec gen="m" num="s">
                  <d gen="m" lem="alguno" num="s" pos="di0ms0" postype="indefinite" wd="algún"/>
                </spec>
                <grup.nom gen="m" num="s">
                  <S clausetype="participle" func="cn" impersonal="yes">
                    <participi>
                      <a gen="m" lem="alocado" num="s" pos="aq0msp" posfunction="participle" postype="qualificative" wd="alocado"/>
                    </participi>
                  </S>
                  <n gen="m" lem="remate" lexicalid="noun.remate.2.default" num="s" origin="deverbal" pos="ncms000" postype="common" sense="16:cs1" wd="remate"/>
                  <sp arg="argM" func="cn" tem="mnr">
                    <prep>
                      <s lem="de" pos="sps00" postype="preposition" wd="de"/>
                    </prep>
                    <sn>
                      <grup.nom gen="f" num="s">
                        <n gen="f" lem="cabeza" num="s" pos="ncfs000" postype="common" sense="16:04290247" wd="cabeza"/>
                        <sp>
                          <prep>
                            <s lem="de" pos="sps00" postype="preposition" wd="de"/>
                          </prep>
                          <sn entityref="ne" ne="person">
                            <grup.nom gen="m" num="s">
                              <n lem="Zamorano" ne="person" pos="np0000p" postype="proper" sense="16:cs1" wd="Zamorano"/>
                            </grup.nom>
                          </sn>
                        </sp>
                      </grup.nom>
                    </sn>
                  </sp>
                </grup.nom>
              </sn>
              <conj conjunctiontype="coordinating">
                <c lem="y" pos="cc" postype="coordinating" wd="y"/>
              </conj>
              <sn>
                <spec gen="m" num="s">
                  <d gen="m" lem="el" num="s" pos="da0ms0" postype="article" wd="el"/>
                </spec>
                <grup.nom gen="m" num="s">
                  <n gen="m" lem="temor" num="s" pos="ncms000" postype="common" sense="16:05591792" wd="temor"/>
                  <sp>
                    <prep>
                      <s lem="a" pos="sps00" postype="preposition" wd="a"/>
                    </prep>
                    <S clausetype="completive">
                      <conj conjunctiontype="subordinating">
                        <c lem="que" pos="cs" postype="subordinating" wd="que"/>
                      </conj>
                      <sadv arg="argM" func="cc" tem="adv">
                        <f lem="," pos="fc" punct="comma" wd=","/>
                        <grup.adv>
                          <r lem="de_repente" pos="rg" wd="de_repente"/>
                        </grup.adv>
                        <f lem="," pos="fc" punct="comma" wd=","/>
                      </sadv>
                      <sn arg="arg2" func="ci" tem="ben">
                        <grup.nom num="s">
                          <p case="dative" gen="c" lem="él" num="s" person="3" pos="pp3csd00" postype="personal" wd="le"/>
                        </grup.nom>
                      </sn>
                      <grup.verb>
                        <v lem="salir" lss="B21.unaccusative-state" mood="subjunctive" num="s" person="3" pos="vmsp3s0" postype="main" tense="present" wd="salga"/>
                      </grup.verb>
                      <sadv arg="arg2" func="cpred" predicate="suj" tem="atr">
                        <grup.adv>
                          <r lem="bien" pos="rg" wd="bien"/>
                        </grup.adv>
                      </sadv>
                      <sp arg="arg3" func="ci" tem="ben">
                        <prep>
                          <s lem="a" pos="sps00" postype="preposition" wd="a"/>
                        </prep>
                        <sn entityref="ne" ne="person">
                          <grup.nom gen="m" num="s">
                            <n lem="Hierro" ne="person" pos="np0000p" postype="proper" sense="16:50004968" wd="Hierro"/>
                          </grup.nom>
                        </sn>
                      </sp>
                      <sn arg="arg1" func="suj" tem="tem">
                        <spec gen="m" num="s">
                          <d gen="m" lem="uno" num="s" pos="di0ms0" postype="indefinite" wd="un"/>
                        </spec>
                        <grup.nom gen="m" num="s">
                          <n gen="m" lem="disparo" lexicalid="noun.disparo.1.default" num="s" origin="deverbal" pos="ncms000" postype="common" sense="16:00077986" wd="disparo"/>
                        </grup.nom>
                      </sn>
                      <sp arg="argM" func="cc" tem="adv">
                        <prep>
                          <s lem="desde" pos="sps00" postype="preposition" wd="desde"/>
                        </prep>
                        <sadv>
                          <grup.adv>
                            <r lem="lejos" pos="rg" wd="lejos"/>
                          </grup.adv>
                        </sadv>
                      </sp>
                    </S>
                  </sp>
                </grup.nom>
              </sn>
            </sn>
          </S>
        </sn>
      </sp>
    </sa>
    <f lem="." pos="fp" punct="period" wd="."/>
  </sentence>
  <sentence coord="yes">
    <sp adjunct="yes" arg="argM" func="cc" tem="tmp">
      <prep>
        <s lem="en" pos="sps00" postype="preposition" wd="En"/>
      </prep>
      <sn>
        <grup.nom gen="m" num="p">
          <n gen="m" lem="octavo" num="p" pos="ncmp000" postype="common" sense="16:09976362" wd="octavos"/>
          <sp>
            <prep>
              <s lem="de" pos="sps00" postype="preposition" wd="de"/>
            </prep>
            <sn>
              <grup.nom gen="f" num="s">
                <n gen="f" lem="final" num="s" pos="ncfs000" postype="common" sense="16:05550251" wd="final"/>
              </grup.nom>
            </sn>
          </sp>
          <sp>
            <prep>
              <s lem="de" pos="sps00" postype="preposition" wd="de"/>
            </prep>
            <sn entityref="ne" ne="other">
              <grup.nom gen="f" num="s">
                <n lem="Copa" ne="other" pos="np0000a" postype="proper" sense="16:cs1" wd="Copa"/>
              </grup.nom>
            </sn>
          </sp>
        </grup.nom>
      </sn>
      <f lem="," pos="fc" punct="comma" wd=","/>
    </sp>
    <S coord="yes">
      <S>
        <sn arg="arg0" entityref="ne" func="suj" ne="organization" tem="agt">
          <spec gen="m" num="s">
            <d gen="m" lem="el" num="s" pos="da0ms0" postype="article" wd="el"/>
          </spec>
          <grup.nom gen="m" num="s">
            <n lem="Atlético_de_Madrid" ne="organization" pos="np0000o" postype="proper" sense="16:cs1" wd="Atlético_de_Madrid"/>
          </grup.nom>
        </sn>
        <grup.verb>
          <v lem="demostrar" lss="A21.transitive-agentive-patient" mood="indicative" num="s" person="3" pos="vmis3s0" postype="main" tense="past" wd="demostró"/>
        </grup.verb>
        <S arg="arg1" clausetype="completive" coord="yes" func="cd" tem="pat">
          <sadv arg="argM" func="cc" tem="mnr">
            <grup.adv>
              <p lem="cómo" pos="pt000000" postype="interrogative" wd="cómo"/>
            </grup.adv>
          </sadv>
          <morfema.verbal func="impers">
            <p gen="c" lem="se" num="c" pos="p0000000" wd="se"/>
          </morfema.verbal>
          <S clausetype="completive" coord="yes">
            <S clausetype="completive">
              <grup.verb>
                <v lem="poder" mood="indicative" num="s" person="3" pos="vmip3s0" postype="main" tense="present" wd="puede"/>
                <infinitiu>
                  <v lem="ganar" lss="A21.transitive-agentive-patient" mood="infinitive" pos="vmn0000" postype="main" wd="ganar"/>
                </infinitiu>
              </grup.verb>
            </S>
            <conj conjunctiontype="coordinating">
              <c lem="y" pos="cc" postype="coordinating" wd="y"/>
            </conj>
            <S clausetype="completive" verbless="yes">
              <grup.verb>
                <infinitiu>
                  <v lem="golear" lss="A21.transitive-agentive-patient" mood="infinitive" pos="vmn0000" postype="main" wd="golear"/>
                </infinitiu>
              </grup.verb>
            </S>
          </S>
          <sp arg="arg1" func="cd" tem="pat">
            <prep>
              <s contracted="yes" gen="m" lem="al" num="s" pos="spcms" postype="preposition" wd="al"/>
            </prep>
            <sn entityref="ne" ne="organization">
              <grup.nom gen="m" num="s">
                <n lem="Madrid" ne="location" pos="np0000l" postype="proper" wd="Madrid"/>
              </grup.nom>
            </sn>
          </sp>
        </S>
      </S>
      <conj conjunctiontype="coordinating">
        <c lem="y" pos="cc" postype="coordinating" wd="y"/>
      </conj>
      <S>
        <sn arg="arg0" elliptic="yes" func="suj" tem="agt"/>
        <neg func="mod">
          <r lem="no" pos="rn" postype="negative" wd="no"/>
        </neg>
        <sn arg="arg1" func="cd" tem="pat">
          <grup.nom gen="m" num="s">
            <p case="accusative" gen="m" lem="él" num="s" person="3" pos="pp3msa00" postype="personal" wd="lo"/>
          </grup.nom>
        </sn>
        <grup.verb>
          <v lem="hacer" lss="A21.transitive-agentive-patient" mood="indicative" num="s" person="3" pos="vmis3s0" postype="main" tense="past" wd="hizo"/>
        </grup.verb>
      </S>
    </S>
    <f lem="." pos="fp" punct="period" wd="."/>
  </sentence>
  <sentence coord="yes">
    <S>
      <sn arg="arg0" elliptic="yes" func="suj" tem="agt"/>
      <neg func="mod">
        <r lem="no" pos="rn" postype="negative" wd="No"/>
      </neg>
      <grup.verb>
        <v lem="saber" lss="A22.transitive-agentive-theme" mood="indicative" num="s" person="1" pos="vmip1s0" postype="main" tense="present" wd="sé"/>
      </grup.verb>
      <S arg="arg1" clausetype="completive" func="cd" tem="pat">
        <conj conjunctiontype="subordinating">
          <c lem="si" pos="cs" postype="subordinating" wd="si"/>
        </conj>
        <sn arg="arg0" func="suj" tem="agt">
          <spec gen="m" num="p">
            <d gen="m" lem="el" num="p" pos="da0mp0" postype="article" wd="los"/>
          </spec>
          <grup.nom gen="m" num="p">
            <sp>
              <prep>
                <s contracted="yes" gen="m" lem="del" num="s" pos="spcms" postype="preposition" wd="del"/>
              </prep>
              <sn entityref="ne" ne="organization">
                <grup.nom gen="m" num="s">
                  <n lem="Barça" ne="organization" pos="np0000o" postype="proper" sense="16:cs1" wd="Barça"/>
                </grup.nom>
              </sn>
            </sp>
          </grup.nom>
        </sn>
        <grup.verb>
          <v lem="ver" lss="A21.transitive-agentive-patient" mood="indicative" num="p" person="3" pos="vmis3p0" postype="main" tense="past" wd="vieron"/>
        </grup.verb>
        <sn arg="arg1" func="cd" tem="pat">
          <spec gen="m" num="s">
            <d gen="m" lem="aquel" num="s" pos="dd0ms0" postype="demonstrative" wd="aquel"/>
          </spec>
          <grup.nom gen="m" num="s">
            <n gen="m" lem="partido" num="s" pos="ncms000" postype="common" sense="16:05554348" wd="partido"/>
          </grup.nom>
        </sn>
      </S>
      <f lem="," pos="fc" punct="comma" wd=","/>
    </S>
    <conj conjunctiontype="coordinating">
      <c lem="pero" pos="cc" postype="coordinating" wd="pero"/>
    </conj>
    <S verbless="yes">
      <sp>
        <prep>
          <c lem="como" pos="cs" postype="subordinating" wd="como"/>
        </prep>
        <S clausetype="completive">
          <conj conjunctiontype="subordinating">
            <c lem="si" pos="cs" postype="subordinating" wd="si"/>
          </conj>
          <sn arg="arg0" elliptic="yes" func="suj" tem="agt"/>
          <sn arg="arg1" func="cd" tem="pat">
            <grup.nom gen="m" num="s">
              <p case="accusative" gen="m" lem="él" num="s" person="3" pos="pp3msa00" postype="personal" wd="lo"/>
            </grup.nom>
          </sn>
          <grup.verb>
            <v lem="haber" mood="subjunctive" num="p" person="3" pos="vasi3p0" postype="auxiliary" tense="imperfect" wd="hubieran"/>
            <v gen="m" lem="hacer" lss="A21.transitive-agentive-patient" mood="participle" num="s" pos="vmp00sm" postype="main" wd="hecho"/>
          </grup.verb>
        </S>
      </sp>
    </S>
    <f lem="." pos="fp" punct="period" wd="."/>
  </sentence>
  <sentence>
    <conj conjunctiontype="coordinating" func="et">
      <c lem="y" pos="cc" postype="coordinating" wd="Y"/>
    </conj>
    <sadv arg="arg2" func="creg" tem="loc">
      <grup.adv>
        <r lem="ahí" pos="rg" wd="ahí"/>
      </grup.adv>
    </sadv>
    <grup.verb>
      <v lem="estar" lss="C11.state-existential" mood="indicative" num="s" person="3" pos="vmip3s0" postype="main" tense="present" wd="está"/>
    </grup.verb>
    <sn arg="arg1" func="suj" tem="tem">
      <spec gen="f" num="s">
        <d gen="f" lem="el" num="s" pos="da0fs0" postype="article" wd="la"/>
      </spec>
      <grup.nom gen="f" num="s">
        <n gen="f" lem="lección" lexicalid="noun.lección.1.default" num="s" origin="deverbal" pos="ncfs000" postype="common" sense="16:04955371" wd="lección"/>
        <S coord="yes" func="cn" verbless="yes">
          <f lem=":" pos="fd" punct="colon" wd=":"/>
          <S verbless="yes">
            <sn entityref="ne" ne="organization">
              <grup.nom>
                <n lem="Barça" ne="organization" pos="np0000o" postype="proper" sense="16:cs1" wd="Barça"/>
              </grup.nom>
            </sn>
            <sn entityref="ne" ne="number">
              <grup.nom gen="m" num="p">
                <z lem="5" ne="number" wd="5"/>
              </grup.nom>
            </sn>
          </S>
          <f lem="," pos="fc" punct="comma" wd=","/>
          <S verbless="yes">
            <sn entityref="ne" ne="organization">
              <grup.nom>
                <n lem="Real_Madrid" ne="organization" pos="np0000o" postype="proper" sense="16:cs1" wd="Real_Madrid"/>
              </grup.nom>
            </sn>
            <sn>
              <grup.nom gen="m" num="p">
                <z lem="0" ne="number" wd="0"/>
              </grup.nom>
            </sn>
          </S>
        </S>
      </grup.nom>
    </sn>
    <f lem="." pos="fp" punct="period" wd="."/>
  </sentence>
  <sentence>
    <sn arg="arg1" func="suj" tem="tem">
      <spec gen="m" num="p">
        <d gen="m" lem="el" num="p" pos="da0mp0" postype="article" wd="Los"/>
      </spec>
      <grup.nom gen="m" num="p">
        <n gen="m" lem="partido" num="p" pos="ncmp000" postype="common" sense="16:05554348" wd="partidos"/>
        <sp>
          <prep>
            <s lem="de" pos="sps00" postype="preposition" wd="de"/>
          </prep>
          <sn>
            <grup.nom gen="m" num="s">
              <n gen="m" lem="baloncesto" num="s" pos="ncms000" postype="common" sense="16:00306597" wd="baloncesto"/>
            </grup.nom>
          </sn>
        </sp>
        <S clausetype="participle" impersonal="yes">
          <f lem="," pos="fc" punct="comma" wd=","/>
          <sadv func="mod">
            <grup.adv>
              <r lem="aun" pos="rg" wd="aun"/>
            </grup.adv>
          </sadv>
          <participi>
            <a gen="m" lem="repetido" lss="B22.unaccusative-passive-transitive" num="p" pos="aq0mpp" posfunction="participle" postype="qualificative" wd="repetidos"/>
          </participi>
          <inc>
            <S>
              <f lem="(" pos="fpa" punct="bracket" punctenclose="open" wd="("/>
              <sn arg="arg0" func="suj" tem="agt">
                <spec gen="m" num="s">
                  <d gen="m" lem="uno" num="s" pos="di0ms0" postype="indefinite" wd="un"/>
                </spec>
                <grup.nom gen="m" num="s">
                  <n gen="m" lem="periódico" num="s" pos="ncms000" postype="common" sense="16:04738466" wd="periódico"/>
                  <s.a gen="m" num="s">
                    <grup.a gen="m" num="s">
                      <a gen="m" lem="deportivo" num="s" pos="aq0ms0" postype="qualificative" wd="deportivo"/>
                    </grup.a>
                  </s.a>
                </grup.nom>
              </sn>
              <morfema.pronominal>
                <p gen="c" lem="él" num="c" person="3" pos="p0300000" wd="se"/>
              </morfema.pronominal>
              <grup.verb>
                <v lem="lamentar" lss="A22.transitive-agentive-theme" mood="indicative" num="s" person="3" pos="vmii3s0" postype="main" tense="imperfect" wd="lamentaba"/>
              </grup.verb>
              <sadv arg="argM" func="cc" tem="tmp">
                <grup.adv>
                  <r lem="ayer" pos="rg" wd="ayer"/>
                </grup.adv>
              </sadv>
              <sp arg="arg1" func="creg" tem="tem">
                <prep>
                  <s lem="de" pos="sps00" postype="preposition" wd="de"/>
                </prep>
                <sn>
                  <grup.nom gen="m" num="s">
                    <p gen="c" lem="él" num="s" person="3" pos="pp3ns000" postype="personal" wd="ello"/>
                  </grup.nom>
                </sn>
              </sp>
              <sp arg="argM" func="cc" tem="adv">
                <f lem="," pos="fc" punct="comma" wd=","/>
                <prep>
                  <s lem="en" pos="sps00" postype="preposition" wd="en"/>
                </prep>
                <sn>
                  <grup.nom gen="m" num="s">
                    <s.a func="cn" gen="m" num="s">
                      <grup.a gen="m" num="s">
                        <a gen="m" lem="futbolístico" num="s" pos="aq0ms0" postype="qualificative" wd="futbolístico"/>
                      </grup.a>
                    </s.a>
                    <n gen="m" lem="reflejo" lexicalid="noun.reflejo.2.default" num="s" origin="deverbal" pos="ncms000" postype="common" sense="16:00554907" wd="reflejo"/>
                  </grup.nom>
                </sn>
                <f lem="," pos="fc" punct="comma" wd=","/>
              </sp>
              <sp arg="argM" func="cc" tem="adv">
                <prep>
                  <c lem="como" pos="cs" postype="subordinating" wd="como"/>
                </prep>
                <S clausetype="completive">
                  <conj conjunctiontype="subordinating">
                    <c lem="si" pos="cs" postype="subordinating" wd="si"/>
                  </conj>
                  <sn arg="arg1" func="suj" tem="tem">
                    <spec gen="f" num="p">
                      <d gen="f" lem="el" num="p" pos="da0fp0" postype="article" wd="las"/>
                    </spec>
                    <grup.nom gen="f" num="p">
                      <s.a func="cn" gen="f" num="p">
                        <grup.a gen="f" num="p">
                          <a gen="c" lem="múltiple" num="p" pos="aq0cp0" postype="qualificative" wd="múltiples"/>
                        </grup.a>
                      </s.a>
                      <n gen="f" lem="repetición" lexicalid="noun.repetición.1.default" num="p" origin="deverbal" pos="ncfp000" postype="common" sense="16:00657820" wd="repeticiones"/>
                      <sp arg="arg1" func="cn" tem="pat">
                        <prep>
                          <s lem="de" pos="sps00" postype="preposition" wd="de"/>
                        </prep>
                        <sn>
                          <spec gen="m" num="p">
                            <d gen="m" lem="el" num="p" pos="da0mp0" postype="article" wd="los"/>
                          </spec>
                          <grup.nom gen="m" num="p">
                            <n gen="m" lem="duelo" num="p" pos="ncmp000" postype="common" sense="16:00506044" wd="duelos"/>
                            <sn complex="yes">
                              <grup.nom coord="yes">
                                <grup.nom>
                                  <n lem="Detroit-Chicago" ne="other" pos="np0000a" postype="proper" sense="16:cs1" wd="Detroit-Chicago"/>
                                </grup.nom>
                                <conj conjunctiontype="coordinating">
                                  <c lem="o" pos="cc" postype="coordinating" wd="o"/>
                                </conj>
                                <grup.nom>
                                  <n lem="Boston-Nueva_York" ne="other" pos="np0000a" postype="proper" sense="16:cs1" wd="Boston-Nueva_York"/>
                                </grup.nom>
                              </grup.nom>
                            </sn>
                          </grup.nom>
                        </sn>
                      </sp>
                    </grup.nom>
                  </sn>
                  <sp arg="argM" func="cc" tem="tmp">
                    <prep>
                      <s lem="a_lo_largo_de" pos="sps00" postype="preposition" wd="a_lo_largo_de"/>
                    </prep>
                    <sn>
                      <spec gen="f" num="s">
                        <d gen="f" lem="todo" num="s" pos="di0fs0" postype="indefinite" wd="toda"/>
                        <d gen="f" lem="el" num="s" pos="da0fs0" postype="article" wd="la"/>
                      </spec>
                      <grup.nom gen="f" num="s">
                        <n gen="f" lem="temporada" num="s" pos="ncfs000" postype="common" sense="16:10947841" wd="temporada"/>
                      </grup.nom>
                    </sn>
                  </sp>
                  <neg func="mod">
                    <r lem="no" pos="rn" postype="negative" wd="no"/>
                  </neg>
                  <grup.verb>
                    <v lem="ser" lss="C21.state-attributive" mood="subjunctive" num="p" person="3" pos="vssi3p0" postype="semiauxiliary" tense="imperfect" wd="fueran"/>
                  </grup.verb>
                  <sp arg="argM" func="cc" tem="tmp">
                    <prep>
                      <s lem="desde" pos="sps00" postype="preposition" wd="desde"/>
                    </prep>
                    <sadv>
                      <grup.adv>
                        <r lem="siempre" pos="rg" wd="siempre"/>
                      </grup.adv>
                    </sadv>
                  </sp>
                  <sn arg="arg2" func="atr" tem="atr">
                    <spec gen="f" num="s">
                      <d gen="f" lem="el" num="s" pos="da0fs0" postype="article" wd="la"/>
                    </spec>
                    <grup.nom gen="f" num="s">
                      <n gen="f" lem="sal" num="s" pos="ncfs000" postype="common" sense="16:10772760" wd="sal"/>
                      <sp coord="yes">
                        <sp>
                          <prep>
                            <s lem="de" pos="sps00" postype="preposition" wd="de"/>
                          </prep>
                          <sn>
                            <spec gen="f" num="s">
                              <d gen="f" lem="el" num="s" pos="da0fs0" postype="article" wd="la"/>
                            </spec>
                            <grup.nom gen="f" num="s">
                              <n gen="f" lem="temporada" num="s" pos="ncfs000" postype="common" sense="16:10947841" wd="temporada"/>
                              <s.a gen="f" num="s">
                                <grup.a gen="f" num="s">
                                  <a gen="c" lem="normal" num="s" pos="aq0cs0" postype="qualificative" wd="normal"/>
                                </grup.a>
                              </s.a>
                            </grup.nom>
                          </sn>
                        </sp>
                        <conj conjunctiontype="coordinating">
                          <c lem="y" pos="cc" postype="coordinating" wd="y"/>
                        </conj>
                        <sp>
                          <prep>
                            <s lem="de" pos="sps00" postype="preposition" wd="de"/>
                          </prep>
                          <sn>
                            <spec gen="m" num="p">
                              <d gen="m" lem="el" num="p" pos="da0mp0" postype="article" wd="los"/>
                            </spec>
                            <grup.nom gen="m" num="p">
                              <f lem="-" pos="fg" punct="hyphen" wd="-"/>
                              <n gen="m" lem="playoffs" num="p" pos="ncmp000" postype="common" sense="16:cs1" wd="playoffs"/>
                              <f lem="-" pos="fg" punct="hyphen" wd="-"/>
                            </grup.nom>
                          </sn>
                        </sp>
                      </sp>
                    </grup.nom>
                  </sn>
                  <sp arg="argM" func="cc" tem="loc">
                    <prep>
                      <s lem="en" pos="sps00" postype="preposition" wd="en"/>
                    </prep>
                    <sn entityref="ne" ne="other">
                      <spec gen="f" num="s">
                        <d gen="f" lem="el" num="s" pos="da0fs0" postype="article" wd="la"/>
                      </spec>
                      <grup.nom gen="f" num="s">
                        <n lem="NBA" ne="other" pos="np0000a" postype="proper" sense="16:cs1" wd="NBA"/>
                      </grup.nom>
                    </sn>
                  </sp>
                </S>
              </sp>
              <f lem=")" pos="fpt" punct="bracket" punctenclose="close" wd=")"/>
            </S>
          </inc>
          <f lem="," pos="fc" punct="comma" wd=","/>
        </S>
      </grup.nom>
    </sn>
    <neg func="mod">
      <r lem="no" pos="rn" postype="negative" wd="no"/>
    </neg>
    <grup.verb>
      <v lem="soler" mood="indicative" num="p" person="3" pos="vmip3p0" postype="main" tense="present" wd="suelen"/>
      <infinitiu>
        <v lem="parecer" lss="C11.state-existential" mood="infinitive" pos="vmn0000" postype="main" wd="parecerse"/>
      </infinitiu>
    </grup.verb>
    <f lem="." pos="fp" punct="period" wd="."/>
  </sentence>
  <sentence>
    <S arg="argM" clausetype="adverbial" coord="yes" func="cc" tem="adv">
      <S clausetype="adverbial">
        <conj conjunctiontype="subordinating">
          <c lem="cuando" pos="cs" postype="subordinating" wd="Cuando"/>
        </conj>
        <morfema.verbal func="impers">
          <p gen="c" lem="se" num="c" pos="p0000000" wd="se"/>
        </morfema.verbal>
        <grup.verb>
          <v lem="cambiar" lss="A22.transitive-agentive-theme" mood="indicative" num="s" person="3" pos="vmip3s0" postype="main" tense="present" wd="cambia"/>
        </grup.verb>
        <sp arg="arg1" coord="yes" func="creg" tem="tem">
          <sp>
            <prep>
              <s lem="de" pos="sps00" postype="preposition" wd="de"/>
            </prep>
            <sn>
              <grup.nom gen="f" num="s">
                <n gen="f" lem="cancha" num="s" pos="ncfs000" postype="common" sense="16:02511316" wd="cancha"/>
              </grup.nom>
            </sn>
          </sp>
          <conj conjunctiontype="coordinating">
            <c lem="y" pos="cc" postype="coordinating" wd="y"/>
          </conj>
          <sp>
            <prep>
              <s lem="de" pos="sps00" postype="preposition" wd="de"/>
            </prep>
            <sn>
              <grup.nom gen="m" num="s">
                <n gen="m" lem="público" num="s" pos="ncms000" postype="common" sense="16:06103316" wd="público"/>
              </grup.nom>
            </sn>
          </sp>
        </sp>
        <sp arg="argM" func="cc" tem="adv">
          <f lem="(" pos="fpa" punct="bracket" punctenclose="open" wd="("/>
          <prep>
            <s lem="con" pos="sps00" postype="preposition" wd="con"/>
          </prep>
          <sn>
            <spec gen="m" num="s">
              <d gen="m" lem="el" num="s" pos="da0ms0" postype="article" wd="el"/>
            </spec>
            <grup.nom gen="m" num="s">
              <f lem="-" pos="fg" punct="hyphen" wd="-"/>
              <n gen="m" lem="efecto" lexicalid="noun.efecto.2.default" num="s" origin="deverbal" pos="ncms000" postype="common" sense="16:07766144" wd="efecto"/>
              <s.a func="cn" gen="m" num="s">
                <z lem="5-0" ne="number" wd="5-0"/>
              </s.a>
              <f lem="-" pos="fg" punct="hyphen" wd="-"/>
              <S clausetype="participle" func="cn" impersonal="yes">
                <participi>
                  <a gen="m" lem="añadido" num="s" pos="aq0msp" posfunction="participle" postype="qualificative" wd="añadido"/>
                </participi>
              </S>
            </grup.nom>
          </sn>
          <f lem=")" pos="fpt" punct="bracket" punctenclose="close" wd=")"/>
        </sp>
      </S>
      <f lem=";" pos="fx" punct="semicolon" wd=";"/>
      <S clausetype="adverbial">
        <conj conjunctiontype="subordinating">
          <c lem="cuando" pos="cs" postype="subordinating" wd="cuando"/>
        </conj>
        <morfema.verbal func="impers">
          <p gen="c" lem="se" num="c" pos="p0000000" wd="se"/>
        </morfema.verbal>
        <grup.verb>
          <v lem="cambiar" lss="A22.transitive-agentive-theme" mood="indicative" num="s" person="3" pos="vmip3s0" postype="main" tense="present" wd="cambia"/>
        </grup.verb>
        <sp arg="arg1" func="creg" tem="tem">
          <prep>
            <s lem="de" pos="sps00" postype="preposition" wd="de"/>
          </prep>
          <sn>
            <grup.nom gen="f" num="s">
              <n gen="f" lem="plantilla" num="s" pos="ncfs000" postype="common" sense="16:06092672" wd="plantilla"/>
            </grup.nom>
          </sn>
        </sp>
        <sp arg="argM" func="cc" tem="cau">
          <prep>
            <s lem="por" pos="sps00" postype="preposition" wd="por"/>
          </prep>
          <S clausetype="completive" impersonal="yes">
            <infinitiu>
              <v lem="pasar" lss="B11.unaccusative-motion" mood="infinitive" pos="vmn0000" postype="main" wd="pasar"/>
            </infinitiu>
            <sp arg="arg3" func="cc" tem="ein">
              <prep>
                <s lem="de" pos="sps00" postype="preposition" wd="de"/>
              </prep>
              <sn entityref="ne" ne="other">
                <spec gen="f" num="s">
                  <d gen="f" lem="el" num="s" pos="da0fs0" postype="article" wd="la"/>
                </spec>
                <grup.nom gen="f" num="s">
                  <n lem="Liga_Europea" ne="other" pos="np0000a" postype="proper" sense="16:cs1" wd="Liga_Europea"/>
                </grup.nom>
              </sn>
            </sp>
            <sp arg="arg4" coord="yes" func="cc" tem="efi">
              <sp>
                <prep>
                  <s lem="a" pos="sps00" postype="preposition" wd="a"/>
                </prep>
                <sn entityref="ne" ne="other">
                  <spec gen="f" num="s">
                    <d gen="f" lem="el" num="s" pos="da0fs0" postype="article" wd="la"/>
                  </spec>
                  <grup.nom gen="f" num="s">
                    <n lem="ACB" ne="other" pos="np0000a" postype="proper" sense="16:cs1" wd="ACB"/>
                  </grup.nom>
                </sn>
              </sp>
              <conj conjunctiontype="coordinating">
                <c lem="y" pos="cc" postype="coordinating" wd="y"/>
              </conj>
              <sp>
                <prep>
                  <s contracted="yes" gen="m" lem="al" num="s" pos="spcms" postype="preposition" wd="al"/>
                </prep>
                <sn>
                  <grup.nom gen="m" num="s">
                    <s.a gen="m" num="s">
                      <grup.a gen="m" num="s">
                        <a gen="m" lem="tercero" num="s" pos="ao0ms0" postype="ordinal" wd="tercer"/>
                      </grup.a>
                    </s.a>
                    <n gen="m" lem="extranjero" num="s" pos="ncms000" postype="common" sense="16:07273101" wd="extranjero"/>
                  </grup.nom>
                </sn>
              </sp>
            </sp>
          </S>
        </sp>
        <f lem="," pos="fc" punct="comma" wd=","/>
      </S>
      <conj conjunctiontype="coordinating">
        <c lem="y" pos="cc" postype="coordinating" wd="y"/>
      </conj>
      <S clausetype="adverbial">
        <conj conjunctiontype="subordinating">
          <c lem="cuando" pos="cs" postype="subordinating" wd="cuando"/>
        </conj>
        <morfema.verbal func="impers">
          <p gen="c" lem="se" num="c" pos="p0000000" wd="se"/>
        </morfema.verbal>
        <grup.verb>
          <v lem="pasar" lss="B11.unaccusative-motion" mood="indicative" num="s" person="3" pos="vmip3s0" postype="main" tense="present" wd="pasa"/>
        </grup.verb>
        <sp arg="arg3" func="cc" tem="ori">
          <prep>
            <s lem="de" pos="sps00" postype="preposition" wd="de"/>
          </prep>
          <sn>
            <grup.nom gen="m" num="p">
              <s.a gen="m" num="p">
                <grup.a gen="m" num="p">
                  <a gen="m" lem="cándido" num="p" pos="aq0mp0" postype="qualificative" wd="cándidos"/>
                </grup.a>
              </s.a>
              <n gen="m" lem="árbitro" num="p" pos="ncmp000" postype="common" sense="16:07523999" wd="árbitros"/>
              <s.a gen="m" num="p">
                <grup.a gen="m" num="p">
                  <a gen="m" lem="extranjero" num="p" pos="aq0mp0" postype="qualificative" wd="extranjeros"/>
                </grup.a>
              </s.a>
            </grup.nom>
          </sn>
        </sp>
        <sp arg="arg4" func="cc" tem="efi">
          <prep>
            <s lem="a" pos="sps00" postype="preposition" wd="a"/>
          </prep>
          <sn>
            <grup.nom gen="m" num="p">
              <n gen="m" lem="árbitro" num="p" pos="ncmp000" postype="common" sense="16:07523999" wd="árbitros"/>
              <s.a gen="m" num="p">
                <grup.a gen="m" num="p">
                  <a gen="m" lem="español" num="p" pos="aq0mp0" postype="qualificative" wd="españoles"/>
                </grup.a>
              </s.a>
            </grup.nom>
          </sn>
        </sp>
      </S>
      <f lem="," pos="fc" punct="comma" wd=","/>
    </S>
    <sn arg="arg1" func="suj" tem="tem">
      <grup.nom gen="m" num="s">
        <p gen="m" lem="todo" num="s" pos="pi0ms000" postype="indefinite" wd="todo"/>
      </grup.nom>
    </sn>
    <grup.verb>
      <v lem="poder" mood="indicative" num="s" person="3" pos="vmip3s0" postype="main" tense="present" wd="puede"/>
      <infinitiu>
        <v lem="cambiar" lss="B21.unaccusative-state" mood="infinitive" pos="vmn0000" postype="main" wd="cambiar"/>
      </infinitiu>
    </grup.verb>
    <sp arg="argM" func="cc" tem="tmp">
      <prep>
        <s lem="en" pos="sps00" postype="preposition" wd="en"/>
      </prep>
      <sn>
        <spec gen="m" num="s">
          <d gen="m" lem="uno" num="s" pos="di0ms0" postype="indefinite" wd="un"/>
        </spec>
        <grup.nom gen="m" num="s">
          <n gen="m" lem="par" num="s" pos="ncms000" postype="common" sense="16:09918098" wd="par"/>
          <sp>
            <prep>
              <s lem="de" pos="sps00" postype="preposition" wd="de"/>
            </prep>
            <sn>
              <grup.nom gen="m" num="p">
                <n gen="m" lem="día" num="p" pos="ncmp000" postype="common" sense="16:10878116" wd="días"/>
              </grup.nom>
            </sn>
          </sp>
        </grup.nom>
      </sn>
    </sp>
    <f lem="." pos="fp" punct="period" wd="."/>
  </sentence>
  <sentence>
    <sp arg="argM" func="cc" tem="cau">
      <prep>
        <s lem="por" pos="sps00" postype="preposition" wd="Por"/>
      </prep>
      <sn>
        <grup.nom gen="m" num="s">
          <p gen="c" lem="ese" num="s" pos="pd0ns000" postype="demonstrative" wd="eso"/>
        </grup.nom>
      </sn>
      <f lem="," pos="fc" punct="comma" wd=","/>
    </sp>
    <f lem="¡" pos="faa" punct="exclamationmark" punctenclose="open" wd="¡"/>
    <grup.verb>
      <v lem="venir" lss="B11.unaccusative-motion" mood="imperative" num="p" person="3" pos="vmm03p0" postype="main" wd="vengan"/>
    </grup.verb>
    <sn arg="arg1" entityref="ne" func="suj" ne="other" tem="tem">
      <spec gen="f" num="p">
        <r lem="más" pos="rg" wd="más"/>
      </spec>
      <grup.nom>
        <n lem="Madrid-Barcelona" ne="other" pos="np0000a" postype="proper" sense="16:cs1" wd="Madrid-Barcelona"/>
      </grup.nom>
    </sn>
    <f lem="!" pos="fat" punct="exclamationmark" punctenclose="close" wd="!"/>
  </sentence>
  <sentence>
    <f lem="(" pos="fpa" punct="bracket" punctenclose="open" wd="("/>
    <f lem="-" pos="fg" punct="hyphen" wd="-"/>
    <conj conjunctiontype="coordinating" func="et">
      <c lem="o" pos="cc" postype="coordinating" wd="O"/>
    </conj>
    <grup.verb>
      <v lem="ser" lss="C21.state-attributive" mood="indicative" num="s" person="3" pos="vsip3s0" postype="semiauxiliary" tense="present" wd="es"/>
    </grup.verb>
    <S arg="arg2" clausetype="completive" func="atr" tem="atr">
      <conj conjunctiontype="subordinating">
        <c lem="que" pos="cs" postype="subordinating" wd="que"/>
      </conj>
      <sn arg="arg0" elliptic="yes" func="suj" tem="agt"/>
      <grup.verb>
        <v lem="preferir" lss="A21.transitive-agentive-patient" mood="indicative" num="p" person="3" pos="vmip3p0" postype="main" tense="present" wd="prefieren"/>
      </grup.verb>
      <sn arg="arg1" entityref="ne" func="cd" ne="other" tem="pat">
        <spec gen="m" num="s">
          <d gen="m" lem="uno" num="s" pos="di0ms0" postype="indefinite" wd="un"/>
        </spec>
        <grup.nom gen="m" num="s">
          <n lem="Cáceres-Murcia" ne="other" pos="np0000a" postype="proper" sense="16:cs1" wd="Cáceres-Murcia"/>
        </grup.nom>
      </sn>
    </S>
    <f lem="?" pos="fit" punct="questionmark" punctenclose="close" wd="?"/>
    <f lem=")" pos="fpt" punct="bracket" punctenclose="close" wd=")"/>
  </sentence>
  <sentence>
    <sn arg="arg0" complex="yes" func="suj" tem="agt">
      <grup.nom coord="yes">
        <grup.nom gen="m" num="s">
          <n lem="Aíto_García_Reneses" ne="person" pos="np0000p" postype="proper" sense="16:cs1" wd="Aíto_García_Reneses"/>
        </grup.nom>
        <conj conjunctiontype="coordinating">
          <c lem="y" pos="cc" postype="coordinating" wd="y"/>
        </conj>
        <grup.nom gen="m" num="s">
          <n lem="Clifford_Luyk" ne="person" pos="np0000p" postype="proper" sense="16:cs1" wd="Clifford_Luyk"/>
        </grup.nom>
      </grup.nom>
    </sn>
    <grup.verb>
      <v lem="saber" lss="A22.transitive-agentive-theme" mood="indicative" num="p" person="3" pos="vmii3p0" postype="main" tense="imperfect" wd="sabían"/>
    </grup.verb>
    <sp arg="arg1" func="creg" tem="tem">
      <prep>
        <s lem="de" pos="sps00" postype="preposition" wd="de"/>
      </prep>
      <sn>
        <spec gen="m" num="p">
          <d gen="m" lem="ese" num="p" pos="dd0mp0" postype="demonstrative" wd="esos"/>
        </spec>
        <grup.nom gen="m" num="p">
          <n gen="m" lem="cambio" lexicalid="noun.cambio.2.default" num="p" origin="deverbal" pos="ncmp000" postype="common" sense="16:09984639" wd="cambios"/>
        </grup.nom>
      </sn>
    </sp>
    <sp arg="argM" func="cc" tem="tmp">
      <prep>
        <s lem="de" pos="sps00" postype="preposition" wd="de"/>
      </prep>
      <sn>
        <spec gen="m" num="s">
          <d gen="m" lem="uno" num="s" pos="di0ms0" postype="indefinite" wd="un"/>
        </spec>
        <grup.nom gen="m" num="s">
          <n gen="m" lem="día" num="s" pos="ncms000" postype="common" sense="16:10878116" wd="día"/>
        </grup.nom>
      </sn>
    </sp>
    <sp arg="argM" func="cc" tem="tmp">
      <prep>
        <s lem="a" pos="sps00" postype="preposition" wd="a"/>
      </prep>
      <sn>
        <grup.nom gen="m" num="s">
          <p gen="m" lem="otro" num="s" pos="pi0ms000" postype="indefinite" wd="otro"/>
        </grup.nom>
      </sn>
    </sp>
    <f lem="." pos="fp" punct="period" wd="."/>
  </sentence>
  <sentence coord="yes">
    <S>
      <sn arg="arg0" func="suj" tem="agt">
        <spec gen="m" num="s">
          <d gen="m" lem="el" num="s" pos="da0ms0" postype="article" wd="El"/>
        </spec>
        <grup.nom gen="m" num="s">
          <s.a gen="m" num="s">
            <grup.a gen="m" num="s">
              <a gen="m" lem="primero" num="s" pos="ao0ms0" postype="ordinal" wd="primero"/>
            </grup.a>
          </s.a>
        </grup.nom>
      </sn>
      <grup.verb>
        <v lem="querer" lss="A21.transitive-agentive-patient" mood="indicative" num="s" person="3" pos="vmii3s0" postype="main" tense="imperfect" wd="quería"/>
      </grup.verb>
      <S arg="arg1" clausetype="completive" func="cd" impersonal="yes" tem="pat">
        <infinitiu>
          <v lem="arreglar" lss="A11.transitive-causative" mood="infinitive" pos="vmn0000" postype="main" wd="arreglar"/>
        </infinitiu>
        <sn arg="arg1" func="cd" tem="tem">
          <spec gen="f" num="p">
            <d gen="f" lem="el" num="p" pos="da0fp0" postype="article" wd="las"/>
          </spec>
          <grup.nom gen="f" num="p">
            <n gen="f" lem="causa" num="p" pos="ncfp000" postype="common" sense="16:00003731" wd="causas"/>
            <sp>
              <prep>
                <s lem="de" pos="sps00" postype="preposition" wd="de"/>
              </prep>
              <sn>
                <spec arg="arg1" gen="m" num="s" tem="tem">
                  <d gen="c" lem="su" num="s" person="3" pos="dp3cs0" postype="possessive" wd="su"/>
                </spec>
                <grup.nom gen="m" num="s">
                  <n gen="m" lem="naufragio" lexicalid="noun.naufragio.1.default" num="s" origin="deverbal" pos="ncms000" postype="common" sense="16:05477947" wd="naufragio"/>
                  <sp arg="argM" func="cn" tem="tmp">
                    <prep>
                      <s contracted="yes" gen="m" lem="del" num="s" pos="spcms" postype="preposition" wd="del"/>
                    </prep>
                    <sn entityref="ne" ne="date">
                      <grup.nom gen="m" num="s">
                        <w lem="[jueves:??/??/??:??.??]" ne="date" wd="jueves"/>
                      </grup.nom>
                    </sn>
                  </sp>
                  <sp arg="argM" func="cn" tem="loc">
                    <prep>
                      <s lem="en" pos="sps00" postype="preposition" wd="en"/>
                    </prep>
                    <sn entityref="ne" ne="location">
                      <grup.nom>
                        <n lem="Madrid" ne="location" pos="np0000l" postype="proper" wd="Madrid"/>
                      </grup.nom>
                    </sn>
                  </sp>
                </grup.nom>
              </sn>
            </sp>
          </grup.nom>
        </sn>
      </S>
    </S>
    <f lem=";" pos="fx" punct="semicolon" wd=";"/>
    <S verbless="yes">
      <sn>
        <spec gen="m" num="s">
          <d gen="m" lem="el" num="s" pos="da0ms0" postype="article" wd="el"/>
        </spec>
        <grup.nom gen="m" num="s">
          <s.a gen="m" num="s">
            <grup.a gen="m" num="s">
              <a gen="m" lem="segundo" num="s" pos="ao0ms0" postype="ordinal" wd="segundo"/>
            </grup.a>
          </s.a>
        </grup.nom>
        <f lem="," pos="fc" punct="comma" wd=","/>
      </sn>
      <S clausetype="completive" coord="yes" impersonal="yes">
        <S clausetype="completive" impersonal="yes">
          <infinitiu>
            <v lem="poner" lss="A31.ditransitive-patient-locative" mood="infinitive" pos="vmn0000" postype="main" wd="poner"/>
          </infinitiu>
          <sn arg="arg1" func="cd" tem="pat">
            <spec gen="m" num="p">
              <d gen="m" lem="el" num="p" pos="da0mp0" postype="article" wd="los"/>
            </spec>
            <grup.nom gen="m" num="p">
              <n gen="m" lem="medio" num="p" pos="ncmp000" postype="common" sense="16:02975720" wd="medios"/>
            </grup.nom>
          </sn>
          <sp arg="argM" func="cc" tem="fin">
            <prep>
              <s lem="para" pos="sps00" postype="preposition" wd="para"/>
            </prep>
            <S clausetype="completive" impersonal="yes">
              <infinitiu>
                <v lem="minimizar" lss="A11.transitive-causative" mood="infinitive" pos="vmn0000" postype="main" wd="minimizar"/>
              </infinitiu>
              <sn arg="arg1" func="cd" tem="tem">
                <spec gen="f" num="p">
                  <d gen="f" lem="el" num="p" pos="da0fp0" postype="article" wd="las"/>
                </spec>
                <grup.nom gen="f" num="p">
                  <n gen="f" lem="medida" num="p" pos="ncfp000" postype="common" sense="16:00113217" wd="medidas"/>
                  <s.a func="cn" gen="f" num="p">
                    <grup.a gen="f" num="p">
                      <a gen="f" lem="correctivo" num="p" pos="aq0fp0" postype="qualificative" wd="correctivas"/>
                    </grup.a>
                  </s.a>
                  <sp arg="arg1" func="cn" tem="pat">
                    <prep>
                      <s contracted="yes" gen="m" lem="del" num="s" pos="spcms" postype="preposition" wd="del"/>
                    </prep>
                    <sn entityref="ne" ne="person">
                      <grup.nom gen="m" num="s">
                        <n gen="m" lem="entrenador" num="s" pos="ncms000" postype="common" sense="16:07162467" wd="entrenador"/>
                        <s.a gen="m" num="s">
                          <grup.a gen="m" num="s">
                            <a gen="c" lem="barcelonista" num="s" pos="aq0cs0" postype="qualificative" wd="barcelonista"/>
                          </grup.a>
                        </s.a>
                      </grup.nom>
                    </sn>
                  </sp>
                </grup.nom>
              </sn>
            </S>
          </sp>
        </S>
        <conj conjunctiontype="coordinating">
          <c lem="y" pos="cc" postype="coordinating" wd="y"/>
        </conj>
        <S clausetype="completive" impersonal="yes">
          <infinitiu>
            <v lem="poder" mood="infinitive" pos="vmn0000" postype="main" wd="poder"/>
            <sadv arg="argM" func="cc" tem="mnr">
              <f lem="," pos="fc" punct="comma" wd=","/>
              <grup.adv>
                <r lem="así" pos="rg" wd="así"/>
              </grup.adv>
              <f lem="," pos="fc" punct="comma" wd=","/>
            </sadv>
            <infinitiu>
              <v lem="ganar" lss="A21.transitive-agentive-patient" mood="infinitive" pos="vmn0000" postype="main" wd="ganar"/>
            </infinitiu>
          </infinitiu>
          <sadv arg="argM" func="cc" tem="adv">
            <grup.adv>
              <r lem="de_nuevo" pos="rg" wd="de_nuevo"/>
            </grup.adv>
          </sadv>
        </S>
      </S>
    </S>
    <f lem="." pos="fp" punct="period" wd="."/>
  </sentence>
  <sentence>
    <grup.verb>
      <v lem="estar" lss="C21.state-attributive" mood="indicative" num="s" person="3" pos="vmip3s0" postype="main" tense="present" wd="Está"/>
    </grup.verb>
    <sa arg="arg2" func="atr" tem="atr">
      <grup.a>
        <a gen="m" lem="claro" num="s" pos="aq0ms0" postype="qualificative" wd="claro"/>
      </grup.a>
    </sa>
    <S arg="arg1" clausetype="completive" func="suj" tem="tem">
      <conj conjunctiontype="subordinating">
        <c lem="que" pos="cs" postype="subordinating" wd="que"/>
      </conj>
      <grup.verb>
        <v lem="ser" lss="C21.state-attributive" mood="indicative" num="s" person="3" pos="vsis3s0" postype="semiauxiliary" tense="past" wd="fue"/>
      </grup.verb>
      <sn arg="arg1" entityref="ne" func="suj" ne="person" tem="tem">
        <grup.nom gen="m" num="s">
          <n lem="Luyk" ne="person" pos="np0000p" postype="proper" sense="16:cs1" wd="Luyk"/>
        </grup.nom>
      </sn>
      <sn arg="arg2" func="atr" tem="atr">
        <spec gen="m" num="s">
          <d gen="m" lem="el" num="s" pos="da0ms0" postype="article" wd="el"/>
        </spec>
        <grup.nom gen="m" num="s">
          <S clausetype="relative">
            <relatiu arg="arg0" func="suj" tem="agt">
              <p gen="c" lem="que" num="c" pos="pr0cn000" postype="relative" wd="que"/>
            </relatiu>
            <grup.verb>
              <v lem="lograr" lss="A21.transitive-agentive-patient" mood="indicative" num="s" person="3" pos="vmis3s0" postype="main" tense="past" wd="logró"/>
            </grup.verb>
            <sn arg="arg1" func="cd" tem="pat">
              <spec gen="m" num="s">
                <d gen="c" lem="su" num="s" person="3" pos="dp3cs0" postype="possessive" wd="su"/>
              </spec>
              <grup.nom gen="m" num="s">
                <n gen="m" lem="objetivo" num="s" pos="ncms000" postype="common" sense="16:04586952" wd="objetivo"/>
              </grup.nom>
            </sn>
          </S>
        </grup.nom>
      </sn>
    </S>
    <f lem="." pos="fp" punct="period" wd="."/>
  </sentence>
  <sentence>
    <sp arg="argM" func="cc" tem="cau">
      <sadv>
        <grup.adv>
          <r lem="quizá" pos="rg" wd="Quizá"/>
        </grup.adv>
      </sadv>
      <prep>
        <s lem="por" pos="sps00" postype="preposition" wd="por"/>
      </prep>
      <S clausetype="completive" impersonal="yes">
        <neg func="mod">
          <r lem="no" pos="rn" postype="negative" wd="no"/>
        </neg>
        <infinitiu>
          <v lem="sacar" lss="A31.ditransitive-patient-locative" mood="infinitive" pos="vmn0000" postype="main" wd="sacar"/>
        </infinitiu>
        <sadv arg="argM" func="cc" tem="adv">
          <grup.adv>
            <r lem="a_tiempo" pos="rg" wd="a_tiempo"/>
          </grup.adv>
        </sadv>
        <sp arg="arg1" func="cd" tem="pat">
          <prep>
            <s lem="a" pos="sps00" postype="preposition" wd="a"/>
          </prep>
          <sn entityref="ne" ne="person">
            <grup.nom gen="m" num="s">
              <n lem="José_Lasa" ne="person" pos="np0000p" postype="proper" sense="16:cs1" wd="José_Lasa"/>
            </grup.nom>
          </sn>
        </sp>
        <sp arg="argM" func="cc" tem="fin">
          <prep>
            <s lem="a" pos="sps00" postype="preposition" wd="a"/>
          </prep>
          <S clausetype="completive" impersonal="yes">
            <infinitiu>
              <v lem="enfrentar" lss="A22.transitive-agentive-theme" mood="infinitive" pos="vmn0000" postype="main" wd="enfrentarse"/>
            </infinitiu>
            <sp arg="arg1" func="creg" tem="tem">
              <prep>
                <s lem="con" pos="sps00" postype="preposition" wd="con"/>
              </prep>
              <sn>
                <spec gen="f" num="s">
                  <d gen="f" lem="el" num="s" pos="da0fs0" postype="article" wd="la"/>
                </spec>
                <grup.nom gen="f" num="s">
                  <n gen="f" lem="defensa" lexicalid="noun.defensa.1.default" num="s" origin="deverbal" pos="ncfs000" postype="common" sense="16:00466389" wd="defensa"/>
                  <s.a arg="arg1" func="cn" gen="f" num="s" tem="pat">
                    <grup.a gen="f" num="s">
                      <a gen="c" lem="individual" num="s" pos="aq0cs0" postype="qualificative" wd="individual"/>
                    </grup.a>
                  </s.a>
                  <s.a func="cn" gen="f" num="s">
                    <grup.a gen="f" num="s">
                      <a gen="c" lem="presionante" num="s" pos="aq0cs0" postype="qualificative" wd="presionante"/>
                    </grup.a>
                  </s.a>
                  <sp arg="arg0" func="cn" tem="agt">
                    <prep>
                      <s contracted="yes" gen="m" lem="del" num="s" pos="spcms" postype="preposition" wd="del"/>
                    </prep>
                    <sn entityref="ne" ne="organization">
                      <grup.nom gen="m" num="s">
                        <n lem="Barcelona" ne="location" pos="np0000l" postype="proper" wd="Barcelona"/>
                      </grup.nom>
                    </sn>
                  </sp>
                </grup.nom>
              </sn>
            </sp>
            <sp arg="argM" func="cc" tem="tmp">
              <prep>
                <s lem="en" pos="sps00" postype="preposition" wd="en"/>
              </prep>
              <sn>
                <spec gen="f" num="s">
                  <d gen="f" lem="el" num="s" pos="da0fs0" postype="article" wd="la"/>
                </spec>
                <grup.nom gen="f" num="s">
                  <s.a gen="f" num="s">
                    <grup.a gen="f" num="s">
                      <a gen="f" lem="segundo" num="s" pos="ao0fs0" postype="ordinal" wd="segunda"/>
                    </grup.a>
                  </s.a>
                  <n gen="f" lem="mitad" num="s" pos="ncfs000" postype="common" sense="16:10960792" wd="mitad"/>
                </grup.nom>
              </sn>
            </sp>
          </S>
        </sp>
        <inc>
          <S>
            <f lem="(" pos="fpa" punct="bracket" punctenclose="open" wd="("/>
            <sn arg="arg1" entityref="ne" func="suj" ne="person" tem="tem">
              <grup.nom gen="m" num="s">
                <n lem="José_Miguel_Antúnez" ne="person" pos="np0000p" postype="proper" sense="16:cs1" wd="José_Miguel_Antúnez"/>
                <s.a gen="c" num="s">
                  <f lem="," pos="fc" punct="comma" wd=","/>
                  <grup.a gen="c" num="s">
                    <a gen="c" lem="excelente" num="s" pos="aq0cs0" postype="qualificative" wd="excelente"/>
                    <sp>
                      <prep>
                        <s lem="hasta" pos="sps00" postype="preposition" wd="hasta"/>
                      </prep>
                      <sadv>
                        <grup.adv>
                          <r lem="entonces" pos="rg" wd="entonces"/>
                        </grup.adv>
                      </sadv>
                    </sp>
                  </grup.a>
                  <f lem="," pos="fc" punct="comma" wd=","/>
                </s.a>
              </grup.nom>
            </sn>
            <neg func="mod">
              <r lem="no" pos="rn" postype="negative" wd="no"/>
            </neg>
            <grup.verb>
              <v lem="ser" lss="C21.state-attributive" mood="indicative" num="s" person="3" pos="vsip3s0" postype="semiauxiliary" tense="present" wd="es"/>
            </grup.verb>
            <sn arg="arg2" func="atr" tem="atr">
              <spec gen="m" num="s">
                <d gen="m" lem="el" num="s" pos="da0ms0" postype="article" wd="el"/>
              </spec>
              <grup.nom gen="m" num="s">
                <n gen="m" lem="hombre" num="s" pos="ncms000" postype="common" sense="16:07391044" wd="hombre"/>
              </grup.nom>
            </sn>
            <sp arg="argM" func="cc" tem="fin">
              <prep>
                <s lem="para" pos="sps00" postype="preposition" wd="para"/>
              </prep>
              <sn>
                <spec gen="f" num="p">
                  <d gen="f" lem="ese" num="p" pos="dd0fp0" postype="demonstrative" wd="esas"/>
                </spec>
                <grup.nom gen="f" num="p">
                  <n gen="f" lem="tarea" num="p" pos="ncfp000" postype="common" sense="16:00461778" wd="tareas"/>
                </grup.nom>
              </sn>
            </sp>
            <f lem=")" pos="fpt" punct="bracket" punctenclose="close" wd=")"/>
          </S>
        </inc>
      </S>
      <f lem="," pos="fc" punct="comma" wd=","/>
    </sp>
    <sn arg="arg1" entityref="ne" func="suj" ne="person" tem="tem">
      <grup.nom gen="m" num="s">
        <n lem="Luyk" ne="person" pos="np0000p" postype="proper" sense="16:cs1" wd="Luyk"/>
      </grup.nom>
    </sn>
    <morfema.pronominal>
      <p gen="c" lem="él" num="c" person="3" pos="p0300000" wd="se"/>
    </morfema.pronominal>
    <grup.verb>
      <v lem="quedar" lss="C11.state-existential" mood="indicative" num="s" person="3" pos="vmis3s0" postype="main" tense="past" wd="quedó"/>
    </grup.verb>
    <sp arg="argM" func="cc" tem="mnr">
      <prep>
        <s lem="sin" pos="sps00" postype="preposition" wd="sin"/>
      </prep>
      <sn>
        <spec gen="m" num="s">
          <d gen="m" lem="el" num="s" pos="da0ms0" postype="article" wd="el"/>
        </spec>
        <grup.nom gen="m" num="s">
          <f lem="-" pos="fg" punct="hyphen" wd="-"/>
          <n gen="m" lem="basket_average" num="s" pos="ncms000" postype="common" sense="16:cs1" wd="basket_average"/>
          <f lem="-" pos="fg" punct="hyphen" wd="-"/>
        </grup.nom>
      </sn>
    </sp>
    <f lem="." pos="fp" punct="period" wd="."/>
  </sentence>
</article>
