<?xml version="1.0" encoding="UTF-8" standalone="no"?>
<!-- 

  ancora-2.0
       
			Copyright (C) 2007, 2008, 2009, 2010, 2011 UB - CLiC
			Centre de Llenguatge i Computació - Universitat de Barcelona
 
  This file is part of ancora-2.0.
 
  ancora-2.0 is free software and data: you can redistribute it and/or modify
  it under the terms of the GNU General Public License as published
  by the Free Software Foundation, either version 3 of the License,
  or (at your option) any later version.

  ancora-2.0 is distributed in the hope that it will be useful,
  but WITHOUT ANY WARRANTY; without even the implied warranty of
  MERCHANTABILITY or FITNESS FOR A PARTICULAR PURPOSE.  See the
  GNU General Public License for more details.
 
  You should have received a copy of the GNU General Public License
  along with ancora-2.0.  If not, see &lt;http://www.gnu.org/licenses/&gt;.
 
  Check a text in catalan explaining the terms of the license at http://www.softcatala.cat/wiki/GPL3.
  In spanish at http://www.viti.es/gnu/licenses/gpl.html
 

  The following paper must be cited when using this corpus:

 * Taulé, M., M.A. Martí, M. Recasens (2008) 'Ancora: Multilevel Annotated Corpora for Catalan and Spanish',
   Proceedings of 6th International Conference on Language Resources and Evaluation. Marrakesh (Morocco).

  In addition, the following paper must be cited if coreference information (attributes entity, coreftype,
  corefsubtype, homophoricDD or entityref) is used:

 * Recasens, Marta, M. Antònia Martí (2010) ‘AnCora-CO: Coreferentially annotated corpora for Spanish and
   Catalan’. Language Resources and Evaluation, Springer Science.

  Additionally, the following paper must be cited when argumental attributes in "sn" or "grup.nom"
  (attributes func, arg, tem or lexicalid) are used:

 * Peris, Aina, Mariona Taulé, Horacio Rodríguez (2010) ‘Semantic Annotation of Deverbal Nominalizations in the
   Spanish AnCora corpus’. Treebanks and Linguistic Theories (TLT-2010), Estonia.
-->
<article lng="es">
  <sentence>
    <S clausesubtype="concessive" clausetype="adverbial" func="ao">
      <conj conjunctiontype="subordinating">
        <c lem="pese_a_que" pos="cs" postype="subordinating" wd="Pese_a_que"/>
      </conj>
      <sn arg="arg1" elliptic="yes" func="suj" tem="tem"/>
      <grup.verb>
        <v lem="ser" lss="C21.state-attributive" mood="indicative" num="s" person="3" pos="vsip3s0" postype="semiauxiliary" tense="present" wd="es"/>
      </grup.verb>
      <sa arg="arg2" func="atr" tem="atr">
        <grup.a>
          <a gen="c" lem="rentable" num="s" pos="aq0cs0" postype="qualificative" wd="rentable"/>
        </grup.a>
      </sa>
      <sadv arg="argM" func="cc" tem="adv">
        <grup.adv>
          <r lem="publicitariamente" pos="rg" wd="publicitariamente"/>
        </grup.adv>
      </sadv>
      <S arg="argM" clausetype="adverbial" func="cc" tem="adv">
        <f lem="," pos="fc" punct="comma" wd=","/>
        <conj conjunctiontype="subordinating">
          <c lem="como" pos="cs" postype="subordinating" wd="como"/>
        </conj>
        <sn arg="arg0" elliptic="yes" func="suj" tem="agt"/>
        <grup.verb>
          <v lem="estar" mood="indicative" num="p" person="1" pos="vmip1p0" postype="main" tense="present" wd="estamos"/>
          <gerundi>
            <v lem="ver" lss="A21.transitive-agentive-patient" mood="gerund" pos="vmg0000" postype="main" wd="viendo"/>
          </gerundi>
        </grup.verb>
        <sp arg="argM" func="cc" tem="loc">
          <prep>
            <s lem="en" pos="sps00" postype="preposition" wd="en"/>
          </prep>
          <sn>
            <spec gen="m" num="p">
              <d gen="m" lem="todo" num="p" pos="di0mp0" postype="indefinite" wd="todos"/>
              <d gen="m" lem="el" num="p" pos="da0mp0" postype="article" wd="los"/>
            </spec>
            <grup.nom gen="m" num="p">
              <n gen="m" lem="medio" num="p" pos="ncmp000" postype="common" sense="16:02975720" wd="medios"/>
              <sp>
                <prep>
                  <s lem="de" pos="sps00" postype="preposition" wd="de"/>
                </prep>
                <sn>
                  <grup.nom gen="f" num="s">
                    <n gen="f" lem="comunicación" lexicalid="noun.comunicación.2.default" num="s" origin="deverbal" pos="ncfs000" postype="common" sense="16:00019671" wd="comunicación"/>
                  </grup.nom>
                </sn>
              </sp>
            </grup.nom>
          </sn>
        </sp>
        <sn arg="argM" func="cc" tem="tmp">
          <spec gen="m" num="p">
            <d gen="m" lem="este" num="p" pos="dd0mp0" postype="demonstrative" wd="estos"/>
          </spec>
          <grup.nom gen="m" num="p">
            <n gen="m" lem="día" num="p" pos="ncmp000" postype="common" sense="16:10878116" wd="días"/>
          </grup.nom>
        </sn>
        <f lem="," pos="fc" punct="comma" wd=","/>
      </S>
    </S>
    <sn arg="arg1" func="suj" tem="tem">
      <spec gen="m" num="s">
        <d gen="m" lem="el" num="s" pos="da0ms0" postype="article" wd="el"/>
      </spec>
      <grup.nom gen="m" num="s">
        <n gen="m" lem="ciclismo" num="s" pos="ncms000" postype="common" sense="16:00286443" wd="ciclismo"/>
        <s.a gen="m" num="s">
          <grup.a gen="m" num="s">
            <a gen="m" lem="español" num="s" pos="aq0ms0" postype="qualificative" wd="español"/>
          </grup.a>
        </s.a>
      </grup.nom>
    </sn>
    <grup.verb>
      <v lem="tener" lss="C21.state-attributive" mood="indicative" num="s" person="3" pos="vmip3s0" postype="main" tense="present" wd="tiene"/>
    </grup.verb>
    <sn arg="arg2" func="cd" functype="quantitative" tem="atr">
      <spec gen="m" num="s">
        <d gen="m" lem="uno" num="s" pos="di0ms0" postype="indefinite" wd="un"/>
      </spec>
      <grup.nom gen="m" num="s">
        <s.a gen="m" num="s">
          <grup.a gen="m" num="s">
            <a gen="c" lem="gran" num="s" pos="aq0cs0" postype="qualificative" wd="gran"/>
          </grup.a>
        </s.a>
        <n gen="m" lem="problema" num="s" pos="ncms000" postype="common" sense="16:10339059" wd="problema"/>
        <sp>
          <prep>
            <s lem="de" pos="sps00" postype="preposition" wd="de"/>
          </prep>
          <sn>
            <grup.nom gen="f" num="s">
              <n gen="f" lem="base" num="s" pos="ncfs000" postype="common" sense="16:04485976" wd="base"/>
            </grup.nom>
          </sn>
        </sp>
      </grup.nom>
    </sn>
    <f lem="." pos="fp" punct="period" wd="."/>
  </sentence>
  <sentence>
    <sp arg="argM" func="cc" tem="adv">
      <prep>
        <s lem="con" pos="sps00" postype="preposition" wd="Con"/>
      </prep>
      <sn>
        <spec gen="f" num="s">
          <d gen="f" lem="el" num="s" pos="da0fs0" postype="article" wd="la"/>
        </spec>
        <grup.nom gen="f" num="s">
          <n gen="f" lem="reducción" lexicalid="noun.reducción.3.default" num="s" origin="deverbal" pos="ncfs000" postype="common" sense="16:00225760" wd="reducción"/>
          <sp arg="arg1" func="cn" tem="tem">
            <prep>
              <s lem="de" pos="sps00" postype="preposition" wd="de"/>
            </prep>
            <sn>
              <grup.nom gen="m" num="p">
                <n gen="m" lem="equipo" num="p" pos="ncmp000" postype="common" sense="16:06093198" wd="equipos"/>
                <s.a gen="m" num="p">
                  <grup.a gen="m" num="p">
                    <a gen="c" lem="profesional" num="p" pos="aq0cp0" postype="qualificative" wd="profesionales"/>
                  </grup.a>
                </s.a>
              </grup.nom>
            </sn>
          </sp>
        </grup.nom>
      </sn>
    </sp>
    <sn arg="arg0" elliptic="yes" func="suj" tem="agt"/>
    <grup.verb>
      <v lem="ver" lss="A21.transitive-agentive-patient" mood="indicative" num="p" person="1" pos="vmip1p0" postype="main" tense="present" wd="vemos"/>
    </grup.verb>
    <S arg="arg1" clausetype="completive" func="cd" tem="pat">
      <conj conjunctiontype="subordinating">
        <c lem="que" pos="cs" postype="subordinating" wd="que"/>
      </conj>
      <sn arg="argM" func="cc" tem="tmp">
        <spec gen="m" num="s">
          <d gen="m" lem="este" num="s" pos="dd0ms0" postype="demonstrative" wd="este"/>
        </spec>
        <grup.nom gen="m" num="s">
          <n gen="m" lem="año" num="s" pos="ncms000" postype="common" sense="16:10917509" wd="año"/>
        </grup.nom>
      </sn>
      <sn arg="arg1" entityref="ne" func="cd" functype="quantitative" ne="other" tem="ext">
        <spec gen="f" num="s">
          <d gen="f" lem="el" num="s" pos="da0fs0" postype="article" wd="la"/>
        </spec>
        <grup.nom gen="f" num="s">
          <n lem="Vuelta" ne="other" pos="np0000a" postype="proper" sense="16:cs1" wd="Vuelta"/>
        </grup.nom>
      </sn>
      <sn arg="arg1" func="cd" functype="quantitative" tem="ext">
        <grup.nom gen="f" num="s">
          <p case="accusative" gen="f" lem="él" num="s" person="3" pos="pp3fsa00" postype="personal" wd="la"/>
        </grup.nom>
      </sn>
      <grup.verb>
        <v lem="estar" mood="indicative" num="p" person="3" pos="vmip3p0" postype="main" tense="present" wd="están"/>
        <gerundi>
          <v lem="correr" lss="A23.transitive-agentive-extension" mood="gerund" pos="vmg0000" postype="main" wd="corriendo"/>
        </gerundi>
      </grup.verb>
      <sn arg="arg0" coord="yes" func="suj" tem="agt">
        <sn coord="yes">
          <sn>
            <spec gen="m" num="p">
              <z lem="58" ne="number" wd="58"/>
            </spec>
            <grup.nom gen="m" num="p">
              <n gen="m" lem="corredor" num="p" pos="ncmp000" postype="common" sense="16:07541088" wd="corredores"/>
              <s.a gen="m" num="p">
                <grup.a gen="m" num="p">
                  <a gen="m" lem="español" num="p" pos="aq0mp0" postype="qualificative" wd="españoles"/>
                </grup.a>
              </s.a>
            </grup.nom>
          </sn>
          <f lem="," pos="fc" punct="comma" wd=","/>
          <sn>
            <spec gen="m" num="p">
              <z lem="39" ne="number" wd="39"/>
            </spec>
            <grup.nom gen="m" num="p">
              <s.a gen="m" num="p">
                <grup.a gen="m" num="p">
                  <a gen="m" lem="italiano" num="p" pos="aq0mp0" postype="qualificative" wd="italianos"/>
                </grup.a>
              </s.a>
            </grup.nom>
          </sn>
          <f lem="," pos="fc" punct="comma" wd=","/>
          <sn>
            <spec gen="m" num="p">
              <z lem="20" ne="number" wd="20"/>
            </spec>
            <grup.nom gen="m" num="p">
              <s.a gen="m" num="p">
                <grup.a gen="m" num="p">
                  <a gen="m" lem="portugués" num="p" pos="aq0mp0" postype="qualificative" wd="portugueses"/>
                </grup.a>
              </s.a>
            </grup.nom>
          </sn>
          <conj conjunctiontype="coordinating">
            <c lem="y" pos="cc" postype="coordinating" wd="y"/>
          </conj>
          <sn>
            <spec gen="m" num="s">
              <d gen="m" lem="el" num="s" pos="da0ms0" postype="article" wd="el"/>
            </spec>
            <grup.nom gen="m" num="s">
              <n gen="m" lem="resto" num="s" pos="ncms000" postype="common" sense="16:09947291" wd="resto"/>
              <s.a coord="yes" gen="m" num="p">
                <sp>
                  <f lem="," pos="fc" punct="comma" wd=","/>
                  <prep>
                    <s lem="en" pos="sps00" postype="preposition" wd="en"/>
                  </prep>
                  <sn>
                    <grup.nom gen="f" num="s">
                      <s.a func="cn" gen="f" num="s">
                        <grup.a gen="f" num="s">
                          <a gen="c" lem="menor" num="s" pos="aq0cs0" postype="qualificative" wd="menor"/>
                        </grup.a>
                      </s.a>
                      <n gen="f" lem="medida" lexicalid="noun.medida.1.default" num="s" origin="deverbal" pos="ncfs000" postype="common" sense="16:03977358" wd="medida"/>
                    </grup.nom>
                  </sn>
                  <f lem="," pos="fc" punct="comma" wd=","/>
                </sp>
                <s.a coord="yes" gen="m" num="p">
                  <s.a gen="m" num="p">
                    <grup.a gen="m" num="p">
                      <a gen="m" lem="suizo" num="p" pos="aq0mp0" postype="qualificative" wd="suizos"/>
                    </grup.a>
                  </s.a>
                  <f lem="," pos="fc" punct="comma" wd=","/>
                  <s.a gen="m" num="p">
                    <grup.a gen="m" num="p">
                      <a gen="c" lem="belga" num="p" pos="aq0cp0" postype="qualificative" wd="belgas"/>
                    </grup.a>
                  </s.a>
                  <f lem="," pos="fc" punct="comma" wd=","/>
                  <s.a gen="m" num="p">
                    <grup.a gen="m" num="p">
                      <a gen="m" lem="holandés" num="p" pos="aq0mp0" postype="qualificative" wd="holandeses"/>
                    </grup.a>
                  </s.a>
                  <f lem="," pos="fc" punct="comma" wd=","/>
                  <s.a gen="m" num="p">
                    <grup.a gen="m" num="p">
                      <a gen="m" lem="colombiano" num="p" pos="aq0mp0" postype="qualificative" wd="colombianos"/>
                    </grup.a>
                  </s.a>
                </s.a>
              </s.a>
            </grup.nom>
          </sn>
        </sn>
        <sp adjunct="yes">
          <f lem="," pos="fc" punct="comma" wd=","/>
          <prep>
            <s lem="hasta" pos="sps00" postype="preposition" wd="hasta"/>
          </prep>
          <S clausetype="completive" impersonal="yes">
            <infinitiu>
              <v lem="llegar" lss="B22.unaccusative-passive-transitive" mood="infinitive" pos="vmn0000" postype="main" wd="llegar"/>
            </infinitiu>
            <sp arg="arg2" func="cc" tem="tem">
              <prep>
                <s lem="a" pos="sps00" postype="preposition" wd="a"/>
              </prep>
              <sn entityref="ne" ne="number">
                <spec gen="m" num="p">
                  <d gen="m" lem="el" num="p" pos="da0mp0" postype="article" wd="los"/>
                </spec>
                <grup.nom gen="m" num="p">
                  <z lem="169" ne="number" wd="169"/>
                  <S clausetype="relative">
                    <relatiu arg="arg1" func="suj" tem="tem">
                      <p gen="c" lem="que" num="c" pos="pr0cn000" postype="relative" wd="que"/>
                    </relatiu>
                    <grup.verb>
                      <v lem="salir" lss="B11.unaccusative-motion" mood="indicative" num="p" person="3" pos="vmis3p0" postype="main" tense="past" wd="salieron"/>
                    </grup.verb>
                    <sp arg="argM" func="cc" tem="loc">
                      <prep>
                        <s lem="en" pos="sps00" postype="preposition" wd="en"/>
                      </prep>
                      <sn entityref="ne" ne="location">
                        <grup.nom>
                          <n lem="Valladolid" ne="location" pos="np0000l" postype="proper" wd="Valladolid"/>
                        </grup.nom>
                      </sn>
                    </sp>
                  </S>
                </grup.nom>
              </sn>
            </sp>
          </S>
        </sp>
      </sn>
    </S>
    <f lem="." pos="fp" punct="period" wd="."/>
  </sentence>
  <sentence>
    <S>
      <sadv arg="argM" func="cc" tem="adv">
        <grup.adv>
          <r lem="por_lo_tanto" pos="rg" wd="Por_lo_tanto"/>
        </grup.adv>
        <f lem="," pos="fc" punct="comma" wd=","/>
      </sadv>
      <sn arg="arg1" entityref="ne" func="suj" ne="number" tem="tem">
        <spec gen="m" num="s">
          <d gen="m" lem="el" num="s" pos="da0ms0" postype="article" wd="el"/>
        </spec>
        <grup.nom gen="m" num="s">
          <z lem="34_%" ne="number" pos="zp" postype="percentage" wd="34_%"/>
        </grup.nom>
      </sn>
      <grup.verb>
        <v lem="ser" lss="C21.state-attributive" mood="indicative" num="p" person="3" pos="vsip3p0" postype="semiauxiliary" tense="present" wd="son"/>
      </grup.verb>
      <sn arg="arg2" func="atr" tem="atr">
        <grup.nom gen="m" num="p">
          <n gen="m" lem="corredor" num="p" pos="ncmp000" postype="common" sense="16:07541088" wd="corredores"/>
          <s.a gen="m" num="p">
            <grup.a gen="m" num="p">
              <a gen="m" lem="español" num="p" pos="aq0mp0" postype="qualificative" wd="españoles"/>
            </grup.a>
          </s.a>
        </grup.nom>
      </sn>
      <sp arg="argM" func="cc" tem="adv">
        <prep>
          <s contracted="yes" gen="m" lem="frente_al" num="s" pos="spcms" postype="preposition" wd="frente_al"/>
        </prep>
        <sn entityref="ne" ne="number">
          <grup.nom gen="m" num="s">
            <z lem="84_%" ne="number" pos="zp" postype="percentage" wd="84_%"/>
            <sp>
              <prep>
                <s contracted="yes" gen="m" lem="del" num="s" pos="spcms" postype="preposition" wd="del"/>
              </prep>
              <sn entityref="ne" ne="date">
                <grup.nom gen="m" num="s">
                  <w lem="[??:??/??/1987:??.??]" ne="date" wd="año_1987"/>
                </grup.nom>
              </sn>
            </sp>
          </grup.nom>
        </sn>
      </sp>
    </S>
    <sn>
      <f lem="," pos="fc" punct="comma" wd=","/>
      <spec gen="f" num="s">
        <d gen="f" lem="uno" num="s" pos="di0fs0" postype="indefinite" wd="una"/>
      </spec>
      <grup.nom gen="f" num="s">
        <n gen="f" lem="proporción" num="s" pos="ncfs000" postype="common" sense="16:09951183" wd="proporción"/>
        <S clausetype="relative">
          <relatiu arg="arg1" func="suj" tem="pat">
            <p gen="c" lem="que" num="c" pos="pr0cn000" postype="relative" wd="que"/>
          </relatiu>
          <morfema.verbal func="pass">
            <p gen="c" lem="se" num="c" pos="p0000000" wd="se"/>
          </morfema.verbal>
          <grup.verb>
            <v lem="haber" mood="indicative" num="s" person="3" pos="vaip3s0" postype="auxiliary" tense="present" wd="ha"/>
            <v gen="m" lem="mantener" lss="B22.unaccusative-passive-transitive" mood="participle" num="s" pos="vmp00sm" postype="main" wd="mantenido"/>
          </grup.verb>
          <sp arg="argM" func="cc" tem="tmp">
            <prep>
              <s lem="desde" pos="sps00" postype="preposition" wd="desde"/>
            </prep>
            <sn entityref="ne" ne="date">
              <grup.nom>
                <w lem="[??:??/??/1988:??.??]" ne="date" wd="1988"/>
              </grup.nom>
            </sn>
          </sp>
          <sp arg="argM" func="cc" tem="tmp">
            <prep>
              <s lem="a" pos="sps00" postype="preposition" wd="a"/>
            </prep>
            <sn entityref="ne" ne="date">
              <grup.nom>
                <w lem="[??:??/??/1991:??.??]" ne="date" wd="1991"/>
              </grup.nom>
            </sn>
          </sp>
          <sp arg="argM" func="cc" tem="adv">
            <f lem="," pos="fc" punct="comma" wd=","/>
            <prep>
              <s lem="para" pos="sps00" postype="preposition" wd="para"/>
            </prep>
            <S clausetype="completive" impersonal="yes">
              <infinitiu>
                <v lem="llegar" lss="B22.unaccusative-passive-transitive" mood="infinitive" pos="vmn0000" postype="main" wd="llegar"/>
              </infinitiu>
              <sp arg="arg2" func="cc" tem="tem">
                <prep>
                  <s lem="a" pos="sps00" postype="preposition" wd="a"/>
                </prep>
                <sn>
                  <spec gen="m" num="p">
                    <z lem="54" ne="number" wd="54"/>
                  </spec>
                  <grup.nom gen="m" num="p">
                    <s.a gen="m" num="p">
                      <grup.a gen="m" num="p">
                        <a gen="m" lem="español" num="p" pos="aq0mp0" postype="qualificative" wd="españoles"/>
                      </grup.a>
                    </s.a>
                  </grup.nom>
                </sn>
              </sp>
              <sp arg="argM" func="cc" tem="tmp">
                <prep>
                  <s lem="en" pos="sps00" postype="preposition" wd="en"/>
                </prep>
                <sn complex="yes" entityref="ne" ne="date">
                  <grup.nom coord="yes">
                    <grup.nom>
                      <w lem="[??:??/??/1992:??.??]" ne="date" wd="1992"/>
                    </grup.nom>
                    <conj conjunctiontype="coordinating">
                      <c lem="y" pos="cc" postype="coordinating" wd="y"/>
                    </conj>
                    <grup.nom>
                      <w lem="[??:??/??/1993:??.??]" ne="date" wd="1993"/>
                    </grup.nom>
                  </grup.nom>
                </sn>
              </sp>
            </S>
          </sp>
        </S>
      </grup.nom>
    </sn>
    <f lem="." pos="fp" punct="period" wd="."/>
  </sentence>
  <sentence>
    <sn arg="arg1" func="suj" tem="tem">
      <spec gen="m" num="p">
        <d gen="m" lem="el" num="p" pos="da0mp0" postype="article" wd="Los"/>
      </spec>
      <grup.nom gen="m" num="p">
        <n gen="c" lem="amateur" num="c" pos="nccn000" postype="common" sense="16:07072137" wd="amateur"/>
        <sn>
          <f lem="," pos="fc" punct="comma" wd=","/>
          <grup.nom gen="m" num="s">
            <n gen="m" lem="futuro" num="s" pos="ncms000" postype="common" sense="16:10849807" wd="futuro"/>
            <sp>
              <prep>
                <s contracted="yes" gen="m" lem="del" num="s" pos="spcms" postype="preposition" wd="del"/>
              </prep>
              <sn>
                <grup.nom gen="m" num="s">
                  <n gen="m" lem="ciclismo" num="s" pos="ncms000" postype="common" sense="16:00286443" wd="ciclismo"/>
                  <s.a gen="m" num="s">
                    <grup.a gen="m" num="s">
                      <a gen="m" lem="español" num="s" pos="aq0ms0" postype="qualificative" wd="español"/>
                    </grup.a>
                  </s.a>
                </grup.nom>
              </sn>
            </sp>
          </grup.nom>
          <f lem="," pos="fc" punct="comma" wd=","/>
        </sn>
      </grup.nom>
    </sn>
    <morfema.pronominal>
      <p gen="c" lem="él" num="c" person="3" pos="p0300000" wd="se"/>
    </morfema.pronominal>
    <grup.verb>
      <v lem="desanimar" lss="B21.unaccusative-state" mood="indicative" num="p" person="3" pos="vmip3p0" postype="main" tense="present" wd="desaniman"/>
    </grup.verb>
    <S arg="argM" clausetype="adverbial" coord="yes" func="cc" impersonal="yes" tem="cau">
      <S clausetype="adverbial" impersonal="yes">
        <gerundi>
          <v lem="ver" lss="A21.transitive-agentive-patient" mood="gerund" pos="vmg0000" postype="main" wd="viendo"/>
        </gerundi>
        <S arg="arg1" clausetype="completive" func="cd" tem="pat">
          <conj conjunctiontype="subordinating">
            <c lem="que" pos="cs" postype="subordinating" wd="que"/>
          </conj>
          <sn arg="arg1" elliptic="yes" func="suj" tem="tem"/>
          <neg func="mod">
            <r lem="no" pos="rn" postype="negative" wd="no"/>
          </neg>
          <grup.verb>
            <v lem="tener" lss="C21.state-attributive" mood="indicative" num="p" person="3" pos="vmip3p0" postype="main" tense="present" wd="tienen"/>
          </grup.verb>
          <sn arg="arg2" func="cd" functype="quantitative" tem="atr">
            <grup.nom gen="f" num="s">
              <n gen="f" lem="cabida" lexicalid="noun.cabida.2.default" num="s" origin="deverbal" pos="ncfs000" postype="common" sense="16:03982530" wd="cabida"/>
            </grup.nom>
          </sn>
          <sp arg="argM" func="cc" tem="loc">
            <prep>
              <s lem="en" pos="sps00" postype="preposition" wd="en"/>
            </prep>
            <sn>
              <spec gen="f" num="s">
                <d gen="f" lem="el" num="s" pos="da0fs0" postype="article" wd="la"/>
              </spec>
              <grup.nom gen="f" num="s">
                <n gen="f" lem="élite" num="s" pos="ncfs000" postype="common" sense="16:06205356" wd="élite"/>
                <S clausetype="relative">
                  <f lem="," pos="fc" punct="comma" wd=","/>
                  <sp arg="arg1" func="creg" tem="tem">
                    <prep>
                      <s lem="por" pos="sps00" postype="preposition" wd="por"/>
                    </prep>
                    <sn>
                      <spec gen="f" num="s">
                        <d gen="f" lem="el" num="s" pos="da0fs0" postype="article" wd="la"/>
                      </spec>
                      <relatiu>
                        <p gen="c" lem="que" num="c" pos="pr0cn000" postype="relative" wd="que"/>
                      </relatiu>
                    </sn>
                  </sp>
                  <sn arg="arg0" elliptic="yes" func="suj" tem="agt"/>
                  <grup.verb>
                    <v lem="soñar" lss="A22.transitive-agentive-theme" mood="indicative" num="p" person="3" pos="vmip3p0" postype="main" tense="present" wd="sueñan"/>
                  </grup.verb>
                </S>
              </grup.nom>
            </sn>
          </sp>
        </S>
      </S>
      <f lem="," pos="fc" punct="comma" wd=","/>
      <S clausetype="adverbial" impersonal="yes">
        <gerundi>
          <v lem="observar" lss="A21.transitive-agentive-patient" mood="gerund" pos="vmg0000" postype="main" wd="observando"/>
        </gerundi>
        <S arg="arg1" clausetype="completive" func="cd" tem="pat">
          <sadv arg="argM" func="cc" tem="mnr">
            <grup.adv>
              <p lem="cómo" pos="pt000000" postype="interrogative" wd="cómo"/>
            </grup.adv>
          </sadv>
          <morfema.pronominal>
            <p gen="c" lem="él" num="c" person="3" pos="p0300000" wd="se"/>
          </morfema.pronominal>
          <grup.verb>
            <v lem="reducir" lss="B21.unaccusative-state" mood="indicative" num="s" person="3" pos="vmip3s0" postype="main" tense="present" wd="reduce"/>
          </grup.verb>
          <sn arg="arg1" func="suj" tem="tem">
            <spec gen="m" num="s">
              <d gen="m" lem="el" num="s" pos="da0ms0" postype="article" wd="el"/>
            </spec>
            <grup.nom gen="m" num="s">
              <n gen="m" lem="número" num="s" pos="ncms000" postype="common" sense="16:03990394" wd="número"/>
              <sp>
                <prep>
                  <s lem="de" pos="sps00" postype="preposition" wd="de"/>
                </prep>
                <sn>
                  <grup.nom gen="f" num="p">
                    <n gen="f" lem="posibilidad" num="p" pos="ncfp000" postype="common" sense="16:10388744" wd="posibilidades"/>
                    <sp>
                      <prep>
                        <s lem="de" pos="sps00" postype="preposition" wd="de"/>
                      </prep>
                      <S clausetype="completive" impersonal="yes">
                        <infinitiu>
                          <v lem="subir" lss="B11.unaccusative-motion" mood="infinitive" pos="vmn0000" postype="main" wd="subir"/>
                        </infinitiu>
                      </S>
                    </sp>
                  </grup.nom>
                </sn>
              </sp>
            </grup.nom>
          </sn>
        </S>
      </S>
    </S>
    <f lem="." pos="fp" punct="period" wd="."/>
  </sentence>
  <sentence>
    <sadv func="mod">
      <grup.adv>
        <r lem="tampoco" pos="rg" wd="Tampoco"/>
      </grup.adv>
    </sadv>
    <sn arg="arg1" func="suj" tem="tem">
      <spec gen="m" num="p">
        <d gen="m" lem="el" num="p" pos="da0mp0" postype="article" wd="los"/>
      </spec>
      <grup.nom gen="m" num="p">
        <n gen="m" lem="equipo" num="p" pos="ncmp000" postype="common" sense="16:06093198" wd="equipos"/>
        <s.a gen="m" num="p">
          <grup.a gen="m" num="p">
            <a gen="c" lem="profesional" num="p" pos="aq0cp0" postype="qualificative" wd="profesionales"/>
          </grup.a>
        </s.a>
        <sp>
          <f lem="," pos="fc" punct="comma" wd=","/>
          <prep>
            <s lem="a_excepción_de" pos="sps00" postype="preposition" wd="a_excepción_de"/>
          </prep>
          <sn entityref="ne" ne="organization">
            <grup.nom>
              <n lem="Banesto" ne="organization" pos="np0000o" postype="proper" sense="16:cs1" wd="Banesto"/>
            </grup.nom>
          </sn>
          <f lem="," pos="fc" punct="comma" wd=","/>
        </sp>
      </grup.nom>
    </sn>
    <grup.verb>
      <v lem="tener" lss="C21.state-attributive" mood="indicative" num="s" person="3" pos="vmip3s0" postype="main" tense="present" wd="tiene"/>
    </grup.verb>
    <sn arg="arg2" func="cd" functype="quantitative" tem="atr">
      <spec gen="m" num="s">
        <d gen="m" lem="uno" num="s" pos="di0ms0" postype="indefinite" wd="un"/>
      </spec>
      <grup.nom gen="m" num="s">
        <n gen="m" lem="equipo" num="s" pos="ncms000" postype="common" sense="16:06093198" wd="equipo"/>
        <s.a gen="f" num="s">
          <grup.a gen="f" num="s">
            <n gen="f" lem="cantera" num="s" pos="ncfs000" postype="common" sense="16:03132395" wd="cantera"/>
          </grup.a>
        </s.a>
        <S clausetype="relative" coord="yes" impersonal="yes">
          <relatiu arg="argM" func="cc" tem="tmp">
            <p gen="c" lem="donde" num="c" pos="pr000000" postype="relative" wd="donde"/>
          </relatiu>
          <S clausetype="relative" impersonal="yes">
            <infinitiu>
              <v lem="observar" lss="A21.transitive-agentive-patient" mood="infinitive" pos="vmn0000" postype="main" wd="observar"/>
            </infinitiu>
            <sn arg="arg1" func="cd" tem="pat">
              <spec gen="m" num="s">
                <d gen="m" lem="el" num="s" pos="da0ms0" postype="article" wd="el"/>
              </spec>
              <grup.nom gen="m" num="s">
                <n gen="m" lem="desarrollo" lexicalid="noun.desarrollo.3.default" num="s" origin="deverbal" pos="ncms000" postype="common" sense="16:09724860" wd="desarrollo"/>
                <sp arg="arg1" func="cn" tem="tem">
                  <prep>
                    <s lem="de" pos="sps00" postype="preposition" wd="de"/>
                  </prep>
                  <sn>
                    <spec gen="m" num="p">
                      <d gen="m" lem="el" num="p" pos="da0mp0" postype="article" wd="los"/>
                    </spec>
                    <grup.nom gen="m" num="p">
                      <n gen="c" lem="joven" num="p" pos="nccp000" postype="common" sense="16:07692038" wd="jóvenes"/>
                    </grup.nom>
                  </sn>
                </sp>
              </grup.nom>
            </sn>
          </S>
          <conj conjunctiontype="coordinating">
            <c lem="y" pos="cc" postype="coordinating" wd="y"/>
          </conj>
          <S clausetype="relative" impersonal="yes">
            <infinitiu>
              <v lem="proyectar" lss="A21.transitive-agentive-patient" mood="infinitive" pos="vmn0000" postype="main" wd="proyectarles"/>
            </infinitiu>
            <sp arg="argM" func="cc" tem="loc">
              <prep>
                <s lem="hacia" pos="sps00" postype="preposition" wd="hacia"/>
              </prep>
              <sn>
                <spec gen="f" num="s">
                  <d gen="f" lem="el" num="s" pos="da0fs0" postype="article" wd="la"/>
                </spec>
                <grup.nom gen="f" num="s">
                  <n gen="f" lem="élite" num="s" pos="ncfs000" postype="common" sense="16:06205356" wd="élite"/>
                </grup.nom>
              </sn>
            </sp>
          </S>
        </S>
      </grup.nom>
    </sn>
    <f lem="." pos="fp" punct="period" wd="."/>
  </sentence>
  <sentence coord="yes">
    <S>
      <sn arg="arg1" complex="yes" func="suj" tem="tem">
        <grup.nom coord="yes">
          <grup.nom gen="m" num="s">
            <n lem="David_García" ne="person" pos="np0000p" postype="proper" sense="16:cs1" wd="David_García"/>
          </grup.nom>
          <f lem="," pos="fc" punct="comma" wd=","/>
          <grup.nom gen="m" num="s">
            <n lem="Casero" ne="person" pos="np0000p" postype="proper" sense="16:cs1" wd="Casero"/>
          </grup.nom>
          <conj conjunctiontype="coordinating">
            <c lem="y" pos="cc" postype="coordinating" wd="y"/>
          </conj>
          <grup.nom gen="m" num="s">
            <n lem="López_Uriarte" ne="person" pos="np0000p" postype="proper" sense="16:cs1" wd="López_Uriarte"/>
          </grup.nom>
        </grup.nom>
      </sn>
      <grup.verb>
        <v lem="ser" lss="C21.state-attributive" mood="indicative" num="p" person="3" pos="vsip3p0" postype="semiauxiliary" tense="present" wd="son"/>
      </grup.verb>
      <sn arg="arg2" func="atr" tem="atr">
        <spec arg="arg0" gen="f" num="p" tem="agt">
          <d gen="c" lem="su" num="p" person="3" pos="dp3cp0" postype="possessive" wd="sus"/>
        </spec>
        <grup.nom gen="f" num="p">
          <s.a func="cn" gen="f" num="p">
            <grup.a gen="f" num="p">
              <a gen="f" lem="último" num="p" pos="ao0fp0" postype="ordinal" wd="últimas"/>
            </grup.a>
          </s.a>
          <n gen="f" lem="incorporación" lexicalid="noun.incorporación.2.default" num="p" origin="deverbal" pos="ncfp000" postype="common" sense="16:00239807" wd="incorporaciones"/>
        </grup.nom>
      </sn>
    </S>
    <conj conjunctiontype="coordinating">
      <c lem="y" pos="cc" postype="coordinating" wd="y"/>
    </conj>
    <S>
      <sadv arg="argM" func="cc" tem="adv">
        <grup.adv>
          <r lem="ya" pos="rg" wd="ya"/>
        </grup.adv>
      </sadv>
      <sn arg="arg2" func="atr" tem="atr">
        <grup.nom>
          <p case="accusative" gen="c" lem="él" num="c" person="3" pos="pp3cna00" postype="personal" wd="lo"/>
        </grup.nom>
      </sn>
      <grup.verb>
        <v lem="ser" lss="C21.state-attributive" mood="indicative" num="p" person="3" pos="vsis3p0" postype="semiauxiliary" tense="past" wd="fueron"/>
      </grup.verb>
      <sn arg="argM" func="cc" tem="tmp">
        <spec gen="m" num="s">
          <d gen="m" lem="el" num="s" pos="da0ms0" postype="article" wd="el"/>
        </spec>
        <grup.nom gen="m" num="s">
          <n gen="m" lem="año" num="s" pos="ncms000" postype="common" sense="16:10917509" wd="año"/>
          <S clausetype="participle" impersonal="yes">
            <participi>
              <a gen="m" lem="pasado" num="s" pos="aq0msp" posfunction="participle" postype="qualificative" wd="pasado"/>
            </participi>
          </S>
        </grup.nom>
      </sn>
      <sn arg="arg1" complex="yes" func="suj" tem="tem">
        <grup.nom coord="yes">
          <grup.nom gen="m" num="s">
            <n lem="Arrieta" ne="person" pos="np0000p" postype="proper" sense="16:cs1" wd="Arrieta"/>
          </grup.nom>
          <conj conjunctiontype="coordinating">
            <c lem="y" pos="cc" postype="coordinating" wd="y"/>
          </conj>
          <grup.nom gen="m" num="s">
            <n lem="Jiménez" ne="person" pos="np0000p" postype="proper" sense="16:cs1" wd="Jiménez"/>
          </grup.nom>
        </grup.nom>
      </sn>
    </S>
    <f lem="." pos="fp" punct="period" wd="."/>
  </sentence>
  <sentence>
    <sadv arg="argM" func="cc" tem="tmp">
      <grup.adv>
        <r lem="anteriormente" pos="rg" wd="Anteriormente"/>
      </grup.adv>
    </sadv>
    <grup.verb>
      <v lem="subir" lss="B11.unaccusative-motion" mood="indicative" num="p" person="3" pos="vmis3p0" postype="main" tense="past" wd="subieron"/>
    </grup.verb>
    <sn arg="arg1" complex="yes" func="suj" tem="tem">
      <grup.nom coord="yes">
        <grup.nom coord="yes">
          <grup.nom gen="m" num="s">
            <n lem="Uriarte" ne="person" pos="np0000p" postype="proper" sense="16:cs1" wd="Uriarte"/>
          </grup.nom>
          <conj conjunctiontype="coordinating">
            <c lem="y" pos="cc" postype="coordinating" wd="y"/>
          </conj>
          <grup.nom gen="m" num="s">
            <n lem="Garmendia" ne="person" pos="np0000p" postype="proper" sense="16:cs1" wd="Garmendia"/>
          </grup.nom>
        </grup.nom>
        <sn adjunct="yes">
          <f lem="," pos="fc" punct="comma" wd=","/>
          <spec gen="f" num="s">
            <d gen="f" lem="uno" num="s" pos="di0fs0" postype="indefinite" wd="una"/>
          </spec>
          <grup.nom gen="f" num="s">
            <n gen="f" lem="inversión" lexicalid="noun.inversión.2.default" num="s" origin="deverbal" pos="ncfs000" postype="common" sense="16:09599330" wd="inversión"/>
            <S clausetype="relative" coord="yes" func="cn">
              <relatiu arg="arg1" func="suj" tem="tem">
                <p gen="c" lem="que" num="c" pos="pr0cn000" postype="relative" wd="que"/>
              </relatiu>
              <S clausetype="relative">
                <grup.verb>
                  <v lem="dar" lss="C11.state-existential" mood="indicative" num="s" person="3" pos="vmip3s0" postype="main" tense="present" wd="da"/>
                </grup.verb>
                <sn arg="argL" func="cd" functype="quantitative">
                  <spec gen="m" num="p">
                    <d gen="c" lem="su" num="p" person="3" pos="dp3cp0" postype="possessive" wd="sus"/>
                  </spec>
                  <grup.nom gen="m" num="p">
                    <n gen="m" lem="fruto" num="p" pos="ncmp000" postype="common" sense="16:09423815" wd="frutos"/>
                  </grup.nom>
                </sn>
              </S>
              <conj conjunctiontype="coordinating">
                <c lem="y" pos="cc" postype="coordinating" wd="y"/>
              </conj>
              <S clausetype="relative">
                <grup.verb>
                  <v lem="mantener" lss="A21.transitive-agentive-patient" mood="indicative" num="s" person="3" pos="vmip3s0" postype="main" tense="present" wd="mantiene"/>
                </grup.verb>
                <sn arg="arg1" func="cd" tem="pat">
                  <spec gen="f" num="s">
                    <d gen="f" lem="el" num="s" pos="da0fs0" postype="article" wd="la"/>
                  </spec>
                  <grup.nom gen="f" num="s">
                    <n gen="f" lem="ilusión" lexicalid="noun.ilusión.1.default" num="s" origin="deverbal" pos="ncfs000" postype="common" sense="16:05596105" wd="ilusión"/>
                  </grup.nom>
                </sn>
                <sp arg="argM" func="cc" tem="loc">
                  <prep>
                    <s lem="en" pos="sps00" postype="preposition" wd="en"/>
                  </prep>
                  <sn>
                    <spec gen="m" num="p">
                      <d gen="m" lem="el" num="p" pos="da0mp0" postype="article" wd="los"/>
                    </spec>
                    <grup.nom gen="m" num="p">
                      <n gen="c" lem="amateur" num="c" pos="nccn000" postype="common" sense="16:07072137" wd="amateur"/>
                    </grup.nom>
                  </sn>
                </sp>
              </S>
            </S>
          </grup.nom>
        </sn>
      </grup.nom>
    </sn>
    <f lem="." pos="fp" punct="period" wd="."/>
  </sentence>
  <sentence coord="yes">
    <S>
      <sadv arg="argM" func="cc" tem="tmp">
        <grup.adv>
          <r lem="hoy" pos="rg" wd="Hoy"/>
        </grup.adv>
      </sadv>
      <sn arg="arg1" elliptic="yes" func="suj" tem="tem"/>
      <grup.verb>
        <v lem="tener" lss="C21.state-attributive" mood="indicative" num="p" person="1" pos="vmip1p0" postype="main" tense="present" wd="tenemos"/>
      </grup.verb>
      <sp arg="arg2" func="cd" functype="quantitative" tem="atr">
        <prep>
          <s contracted="yes" gen="m" lem="al" num="s" pos="spcms" postype="preposition" wd="al"/>
        </prep>
        <sn entityref="ne" ne="person">
          <grup.nom gen="m" num="s">
            <s.a gen="m" num="s">
              <grup.a gen="m" num="s">
                <a gen="c" lem="mejor" num="s" pos="aq0cs0" postype="qualificative" wd="mejor"/>
              </grup.a>
            </s.a>
            <n gen="c" lem="ciclista" num="s" pos="nccs000" postype="common" sense="16:07198489" wd="ciclista"/>
            <s.a gen="m" num="s">
              <grup.a gen="m" num="s">
                <a gen="c" lem="mundial" num="s" pos="aq0cs0" postype="qualificative" wd="mundial"/>
              </grup.a>
            </s.a>
            <sn entityref="ne" ne="person">
              <f lem="," pos="fc" punct="comma" wd=","/>
              <grup.nom gen="m" num="s">
                <n lem="Miguel_Indurain" ne="person" pos="np0000p" postype="proper" sense="16:cs1" wd="Miguel_Indurain"/>
              </grup.nom>
              <f lem="," pos="fc" punct="comma" wd=","/>
            </sn>
          </grup.nom>
        </sn>
      </sp>
    </S>
    <conj conjunctiontype="coordinating">
      <c lem="y" pos="cc" postype="coordinating" wd="y"/>
    </conj>
    <S>
      <conj conjunctiontype="coordinating" func="et">
        <c lem="sin_embargo" pos="cc" postype="coordinating" wd="sin_embargo"/>
      </conj>
      <sn arg="arg1" func="suj" tem="tem">
        <spec gen="m" num="p">
          <d gen="m" lem="el" num="p" pos="da0mp0" postype="article" wd="los"/>
        </spec>
        <grup.nom gen="m" num="p">
          <n gen="m" lem="cimiento" lexicalid="noun.cimiento.1.default" num="p" origin="deverbal" pos="ncmp000" postype="common" sense="16:02717023" wd="cimientos"/>
        </grup.nom>
      </sn>
      <morfema.pronominal>
        <p gen="c" lem="él" num="c" person="3" pos="p0300000" wd="se"/>
      </morfema.pronominal>
      <grup.verb>
        <v lem="desmoronar" lss="B21.unaccusative-state" mood="indicative" num="p" person="3" pos="vmip3p0" postype="main" tense="present" wd="desmoronan"/>
      </grup.verb>
      <sp arg="argM" func="cc" tem="adv">
        <f lem="," pos="fc" punct="comma" wd=","/>
        <prep>
          <s lem="con" pos="sps00" postype="preposition" wd="con"/>
        </prep>
        <sn>
          <spec gen="f" num="s">
            <d gen="f" lem="uno" num="s" pos="di0fs0" postype="indefinite" wd="una"/>
          </spec>
          <grup.nom gen="f" num="s">
            <n gen="f" lem="generación" lexicalid="noun.generación.1.default" num="s" origin="deverbal" pos="ncfs000" postype="common" sense="16:06196326" wd="generación"/>
            <s.a func="cn" gen="f" num="s">
              <grup.a gen="f" num="s">
                <a gen="f" lem="nuevo" num="s" pos="aq0fs0" postype="qualificative" wd="nueva"/>
              </grup.a>
            </s.a>
            <S clausetype="relative" func="cn">
              <relatiu arg="arg0" func="suj" tem="cau">
                <p gen="c" lem="que" num="c" pos="pr0cn000" postype="relative" wd="que"/>
              </relatiu>
              <S arg="argM" clausetype="adverbial" func="cc" tem="tmp">
                <conj conjunctiontype="subordinating">
                  <c lem="cuando" pos="cs" postype="subordinating" wd="cuando"/>
                </conj>
                <sn arg="arg1" elliptic="yes" func="suj" tem="tem"/>
                <morfema.pronominal>
                  <p gen="c" lem="él" num="c" person="3" pos="p0300000" wd="se"/>
                </morfema.pronominal>
                <grup.verb>
                  <v lem="acabar" lss="C11.state-existential" mood="subjunctive" num="s" person="3" pos="vmsp3s0" postype="main" tense="present" wd="acabe"/>
                </grup.verb>
              </S>
              <sn arg="arg1" func="cd" tem="tem">
                <grup.nom num="p">
                  <p gen="c" lem="yo" num="p" person="1" pos="pp1cp000" postype="personal" wd="nos"/>
                </grup.nom>
              </sn>
              <grup.verb>
                <v lem="poder" mood="indicative" num="s" person="3" pos="vmip3s0" postype="main" tense="present" wd="puede"/>
                <infinitiu>
                  <v lem="hacer" mood="infinitive" pos="vmn0000" postype="main" wd="hacer"/>
                  <infinitiu>
                    <v lem="volver" lss="A12.ditransitive-causative-state" mood="infinitive" pos="vmn0000" postype="main" wd="volver"/>
                  </infinitiu>
                </infinitiu>
              </grup.verb>
              <sp arg="arg2" func="cc" tem="efi">
                <prep>
                  <s lem="a" pos="sps00" postype="preposition" wd="a"/>
                </prep>
                <sn>
                  <grup.nom gen="f" num="s">
                    <n gen="f" lem="crisis" num="c" pos="ncfn000" postype="common" sense="16:10040291" wd="crisis"/>
                    <sp>
                      <prep>
                        <c lem="como" pos="cs" postype="subordinating" wd="como"/>
                      </prep>
                      <sn>
                        <spec gen="f" num="p">
                          <d gen="f" lem="el" num="p" pos="da0fp0" postype="article" wd="las"/>
                        </spec>
                        <grup.nom gen="f" num="p">
                          <sp>
                            <prep>
                              <s contracted="yes" gen="m" lem="del" num="s" pos="spcms" postype="preposition" wd="del"/>
                            </prep>
                            <sn entityref="ne" ne="date">
                              <grup.nom gen="m" num="s">
                                <n gen="m" lem="período" num="s" pos="ncms000" postype="common" sense="16:10860522" wd="período"/>
                                <sp>
                                  <prep>
                                    <s lem="de" pos="sps00" postype="preposition" wd="de"/>
                                  </prep>
                                  <sn entityref="ne" ne="date">
                                    <grup.nom>
                                      <w lem="[??:??/??/1977:??.??]" ne="date" wd="1977"/>
                                    </grup.nom>
                                  </sn>
                                </sp>
                                <sp>
                                  <prep>
                                    <s lem="a" pos="sps00" postype="preposition" wd="a"/>
                                  </prep>
                                  <sn entityref="ne" ne="date">
                                    <grup.nom>
                                      <w lem="[??:??/??/1993:??.??]" ne="date" wd="1993"/>
                                    </grup.nom>
                                  </sn>
                                </sp>
                              </grup.nom>
                            </sn>
                          </sp>
                        </grup.nom>
                      </sn>
                    </sp>
                  </grup.nom>
                </sn>
              </sp>
            </S>
          </grup.nom>
        </sn>
      </sp>
    </S>
    <f lem="." pos="fp" punct="period" wd="."/>
  </sentence>
  <sentence>
    <sn arg="arg0" entityref="ne" func="suj" ne="person" tem="agt">
      <grup.nom gen="m" num="s">
        <n lem="Tony_Rominger" ne="person" pos="np0000p" postype="proper" sense="16:cs1" wd="Tony_Rominger"/>
      </grup.nom>
    </sn>
    <grup.verb>
      <v lem="querer" lss="A21.transitive-agentive-patient" mood="indicative" num="s" person="3" pos="vmip3s0" postype="main" tense="present" wd="quiere"/>
    </grup.verb>
    <S arg="arg1" clausetype="completive" func="cd" impersonal="yes" tem="pat">
      <infinitiu>
        <v lem="parecer" lss="C21.state-attributive" mood="infinitive" pos="vmn0000" postype="main" wd="parecerse"/>
      </infinitiu>
      <sadv arg="argM" func="cc" tem="adv">
        <grup.adv>
          <sn>
            <spec gen="f" num="s">
              <d gen="c" lem="cada" num="s" pos="di0cs0" postype="indefinite" wd="cada"/>
            </spec>
            <grup.nom gen="f" num="s">
              <n gen="f" lem="vez" num="s" pos="ncfs000" postype="common" sense="16:05449233" wd="vez"/>
            </grup.nom>
          </sn>
          <r lem="más" pos="rg" wd="más"/>
        </grup.adv>
      </sadv>
      <sp arg="arg2" func="creg" tem="atr">
        <prep>
          <s lem="a" pos="sps00" postype="preposition" wd="a"/>
        </prep>
        <sn entityref="ne" ne="person">
          <grup.nom gen="m" num="s">
            <n lem="Miguel_Indurain" ne="person" pos="np0000p" postype="proper" sense="16:cs1" wd="Miguel_Indurain"/>
          </grup.nom>
        </sn>
      </sp>
    </S>
    <f lem="." pos="fp" punct="period" wd="."/>
  </sentence>
  <sentence>
    <conj conjunctiontype="coordinating" func="et">
      <c lem="y" pos="cc" postype="coordinating" wd="Y"/>
    </conj>
    <sn arg="arg0" elliptic="yes" func="suj" tem="agt"/>
    <sn arg="arg1" func="cd" tem="pat">
      <grup.nom gen="m" num="s">
        <p case="accusative" gen="m" lem="él" num="s" person="3" pos="pp3msa00" postype="personal" wd="lo"/>
      </grup.nom>
    </sn>
    <grup.verb>
      <v lem="ir" mood="indicative" num="s" person="3" pos="vmip3s0" postype="main" tense="present" wd="va"/>
      <gerundi>
        <v lem="conseguir" lss="A21.transitive-agentive-patient" mood="gerund" pos="vmg0000" postype="main" wd="consiguiendo"/>
      </gerundi>
    </grup.verb>
    <f lem="." pos="fp" punct="period" wd="."/>
  </sentence>
  <sentence>
    <sadv arg="argM" func="cc" tem="tmp">
      <grup.adv>
        <r lem="ayer" pos="rg" wd="Ayer"/>
      </grup.adv>
    </sadv>
    <sn arg="arg0" elliptic="yes" func="suj" tem="agt"/>
    <neg func="mod">
      <r lem="no" pos="rn" postype="negative" wd="no"/>
    </neg>
    <grup.verb>
      <v lem="querer" lss="A21.transitive-agentive-patient" mood="indicative" num="s" person="3" pos="vmis3s0" postype="main" tense="past" wd="quiso"/>
    </grup.verb>
    <S arg="arg1" clausetype="completive" func="cd" impersonal="yes" tem="pat">
      <infinitiu>
        <v lem="ganar" lss="A21.transitive-agentive-patient" mood="infinitive" pos="vmn0000" postype="main" wd="ganar"/>
      </infinitiu>
    </S>
    <f lem="." pos="fp" punct="period" wd="."/>
  </sentence>
  <sentence>
    <sn arg="arg0" func="suj" tem="agt">
      <spec gen="f" num="s">
        <d gen="c" lem="semejante" num="s" pos="dd0cs0" postype="demonstrative" wd="Semejante"/>
      </spec>
      <grup.nom gen="f" num="s">
        <n gen="f" lem="renuncia" lexicalid="noun.renuncia.1.default" num="s" origin="deverbal" pos="ncfs000" postype="common" sense="16:00134056" wd="renuncia"/>
      </grup.nom>
    </sn>
    <sn arg="arg1" func="cd" tem="pat">
      <grup.nom num="p">
        <p gen="c" lem="yo" num="p" person="1" pos="pp1cp000" postype="personal" wd="nos"/>
      </grup.nom>
    </sn>
    <grup.verb>
      <v lem="haber" mood="indicative" num="s" person="3" pos="vaip3s0" postype="auxiliary" tense="present" wd="ha"/>
      <v gen="m" lem="defraudar" lss="A21.transitive-agentive-patient" mood="participle" num="s" pos="vmp00sm" postype="main" wd="defraudado"/>
    </grup.verb>
    <sn arg="argM" func="cc" tem="adv">
      <spec gen="m" num="s">
        <d gen="m" lem="uno" num="s" pos="di0ms0" postype="indefinite" wd="un"/>
      </spec>
      <grup.nom gen="m" num="s">
        <p gen="m" lem="poco" num="s" pos="pi0ms000" postype="indefinite" wd="poco"/>
      </grup.nom>
    </sn>
    <f lem="." pos="fp" punct="period" wd="."/>
  </sentence>
  <sentence>
    <sadv func="mod">
      <grup.adv>
        <r lem="quizá" pos="rg" wd="Quizá"/>
      </grup.adv>
    </sadv>
    <sn arg="arg1" elliptic="yes" func="suj" tem="tem"/>
    <morfema.pronominal>
      <p gen="c" lem="él" num="c" person="3" pos="p0300000" wd="se"/>
    </morfema.pronominal>
    <grup.verb>
      <v lem="inscribir" lss="B22.unaccusative-passive-transitive" mood="subjunctive" num="s" person="3" pos="vmsp3s0" postype="main" tense="present" wd="inscriba"/>
    </grup.verb>
    <sp arg="arg2" func="cc" tem="loc">
      <prep>
        <s lem="en" pos="sps00" postype="preposition" wd="en"/>
      </prep>
      <sn>
        <spec gen="f" num="s">
          <d gen="f" lem="ese" num="s" pos="dd0fs0" postype="demonstrative" wd="esa"/>
        </spec>
        <grup.nom gen="f" num="s">
          <s.a func="cn" gen="f" num="s">
            <grup.a gen="f" num="s">
              <a gen="c" lem="mayor" num="s" pos="aq0cs0" postype="qualificative" wd="mayor"/>
            </grup.a>
          </s.a>
          <n gen="f" lem="humanización" lexicalid="noun.humanización.1.default" num="s" origin="deverbal" pos="ncfs000" postype="common" sense="16:00169960" wd="humanización"/>
          <sp arg="arg1" func="cn" tem="tem">
            <prep>
              <s contracted="yes" gen="m" lem="del" num="s" pos="spcms" postype="preposition" wd="del"/>
            </prep>
            <sn>
              <grup.nom gen="m" num="s">
                <n gen="m" lem="suizo" num="s" pos="ncms000" postype="common" sense="16:cs1" wd="suizo"/>
              </grup.nom>
            </sn>
          </sp>
          <S clausetype="relative" func="cn">
            <relatiu arg="arg1" func="suj" tem="pat">
              <p gen="c" lem="que" num="c" pos="pr0cn000" postype="relative" wd="que"/>
            </relatiu>
            <inc>
              <S>
                <f lem="," pos="fc" punct="comma" wd=","/>
                <sn arg="arg0" elliptic="yes" func="suj" tem="agt"/>
                <grup.verb>
                  <v lem="decir" lss="A32.ditransitive-patient-benefactive" mood="indicative" num="p" person="3" pos="vmip3p0" postype="main" tense="present" wd="dicen"/>
                </grup.verb>
                <f lem="," pos="fc" punct="comma" wd=","/>
              </S>
            </inc>
            <morfema.verbal func="pass">
              <p gen="c" lem="se" num="c" pos="p0000000" wd="se"/>
            </morfema.verbal>
            <grup.verb>
              <v lem="detectar" lss="B22.unaccusative-passive-transitive" mood="indicative" num="s" person="3" pos="vmip3s0" postype="main" tense="present" wd="detecta"/>
            </grup.verb>
            <sp arg="argM" func="cc" tem="loc">
              <prep>
                <s lem="en" pos="sps00" postype="preposition" wd="en"/>
              </prep>
              <sn entityref="ne" ne="other">
                <spec gen="f" num="s">
                  <d gen="f" lem="el" num="s" pos="da0fs0" postype="article" wd="la"/>
                </spec>
                <grup.nom gen="f" num="s">
                  <n lem="Vuelta" ne="other" pos="np0000a" postype="proper" sense="16:cs1" wd="Vuelta"/>
                </grup.nom>
              </sn>
            </sp>
          </S>
        </grup.nom>
      </sn>
    </sp>
    <f lem="." pos="fp" punct="period" wd="."/>
  </sentence>
  <sentence>
    <sn arg="arg0" entityref="ne" func="suj" ne="person" tem="agt">
      <grup.nom gen="m" num="s">
        <n lem="Rominger" ne="person" pos="np0000p" postype="proper" sense="16:cs1" wd="Rominger"/>
      </grup.nom>
    </sn>
    <sp arg="argM" func="cc" tem="adv">
      <f lem="," pos="fc" punct="comma" wd=","/>
      <prep>
        <s lem="por" pos="sps00" postype="preposition" wd="por"/>
      </prep>
      <sn>
        <spec gen="m" num="s">
          <d gen="c" lem="el" num="s" pos="da0ns0" postype="article" wd="lo"/>
        </spec>
        <grup.nom gen="m" num="s">
          <S clausetype="relative">
            <relatiu arg="arg1" func="cd" tem="pat">
              <p gen="c" lem="que" num="c" pos="pr0cn000" postype="relative" wd="que"/>
            </relatiu>
            <sn arg="arg0" elliptic="yes" func="suj" tem="agt"/>
            <grup.verb>
              <v lem="ver" lss="A21.transitive-agentive-patient" mood="indicative" num="p" person="1" pos="vmis1p0" postype="main" tense="past" wd="vimos"/>
            </grup.verb>
            <sp arg="argM" func="cc" tem="loc">
              <prep>
                <s lem="en" pos="sps00" postype="preposition" wd="en"/>
              </prep>
              <sn entityref="ne" ne="location">
                <grup.nom>
                  <n lem="Andorra" ne="location" pos="np0000l" postype="proper" sense="16:06581584" wd="Andorra"/>
                </grup.nom>
              </sn>
            </sp>
          </S>
        </grup.nom>
      </sn>
      <f lem="," pos="fc" punct="comma" wd=","/>
    </sp>
    <grup.verb>
      <v lem="querer" lss="A21.transitive-agentive-patient" mood="indicative" num="s" person="3" pos="vmip3s0" postype="main" tense="present" wd="quiere"/>
    </grup.verb>
    <S arg="arg1" clausetype="completive" func="cd" impersonal="yes" tem="pat">
      <infinitiu>
        <v lem="aplastar" lss="A11.transitive-causative" mood="infinitive" pos="vmn0000" postype="main" wd="aplastar"/>
      </infinitiu>
    </S>
    <sp arg="argM" func="cc" tem="adv">
      <prep>
        <s lem="hasta" pos="sps00" postype="preposition" wd="hasta"/>
      </prep>
      <sn>
        <spec gen="m" num="s">
          <d gen="m" lem="uno" num="s" pos="di0ms0" postype="indefinite" wd="un"/>
          <d gen="m" lem="cierto" num="s" pos="di0ms0" postype="indefinite" wd="cierto"/>
        </spec>
        <grup.nom gen="m" num="s">
          <n gen="m" lem="punto" num="s" pos="ncms000" postype="common" sense="16:10044643" wd="punto"/>
        </grup.nom>
      </sn>
    </sp>
    <f lem="." pos="fp" punct="period" wd="."/>
  </sentence>
</article>
