<?xml version="1.0" encoding="UTF-8" standalone="no"?>
<!-- 

  ancora-2.0
       
			Copyright (C) 2007, 2008, 2009, 2010, 2011 UB - CLiC
			Centre de Llenguatge i Computació - Universitat de Barcelona
 
  This file is part of ancora-2.0.
 
  ancora-2.0 is free software and data: you can redistribute it and/or modify
  it under the terms of the GNU General Public License as published
  by the Free Software Foundation, either version 3 of the License,
  or (at your option) any later version.

  ancora-2.0 is distributed in the hope that it will be useful,
  but WITHOUT ANY WARRANTY; without even the implied warranty of
  MERCHANTABILITY or FITNESS FOR A PARTICULAR PURPOSE.  See the
  GNU General Public License for more details.
 
  You should have received a copy of the GNU General Public License
  along with ancora-2.0.  If not, see &lt;http://www.gnu.org/licenses/&gt;.
 
  Check a text in catalan explaining the terms of the license at http://www.softcatala.cat/wiki/GPL3.
  In spanish at http://www.viti.es/gnu/licenses/gpl.html
 

  The following paper must be cited when using this corpus:

 * Taulé, M., M.A. Martí, M. Recasens (2008) 'Ancora: Multilevel Annotated Corpora for Catalan and Spanish',
   Proceedings of 6th International Conference on Language Resources and Evaluation. Marrakesh (Morocco).

  In addition, the following paper must be cited if coreference information (attributes entity, coreftype,
  corefsubtype, homophoricDD or entityref) is used:

 * Recasens, Marta, M. Antònia Martí (2010) ‘AnCora-CO: Coreferentially annotated corpora for Spanish and
   Catalan’. Language Resources and Evaluation, Springer Science.

  Additionally, the following paper must be cited when argumental attributes in "sn" or "grup.nom"
  (attributes func, arg, tem or lexicalid) are used:

 * Peris, Aina, Mariona Taulé, Horacio Rodríguez (2010) ‘Semantic Annotation of Deverbal Nominalizations in the
   Spanish AnCora corpus’. Treebanks and Linguistic Theories (TLT-2010), Estonia.
-->
<article lng="es">
  <sentence>
    <sadv func="mod">
      <grup.adv>
        <r lem="también" pos="rg" wd="También"/>
      </grup.adv>
    </sadv>
    <sn arg="arg1" func="suj" tem="tem">
      <spec gen="f" num="s">
        <d gen="f" lem="el" num="s" pos="da0fs0" postype="article" wd="la"/>
      </spec>
      <grup.nom gen="f" num="s">
        <n gen="f" lem="comunicación" lexicalid="noun.comunicación.1.default" num="s" origin="deverbal" pos="ncfs000" postype="common" sense="16:00019671" wd="comunicación"/>
      </grup.nom>
    </sn>
    <grup.verb>
      <v lem="poder" mood="indicative" num="s" person="3" pos="vmip3s0" postype="main" tense="present" wd="puede"/>
      <infinitiu>
        <v lem="tener" lss="C21.state-attributive" mood="infinitive" pos="vmn0000" postype="main" wd="tener"/>
      </infinitiu>
    </grup.verb>
    <sn arg="arg2" func="cd" functype="quantitative" tem="atr">
      <spec gen="m" num="s">
        <d gen="c" lem="su" num="s" person="3" pos="dp3cs0" postype="possessive" wd="su"/>
      </spec>
      <grup.nom gen="m" num="s">
        <n gen="m" lem="vehículo" num="s" pos="ncms000" postype="common" sense="16:04730468" wd="vehículo"/>
      </grup.nom>
    </sn>
    <sp arg="argM" func="cc" tem="loc">
      <prep>
        <s lem="en" pos="sps00" postype="preposition" wd="en"/>
      </prep>
      <sn>
        <spec gen="f" num="s">
          <d gen="f" lem="el" num="s" pos="da0fs0" postype="article" wd="la"/>
        </spec>
        <grup.nom gen="f" num="s">
          <n gen="f" lem="piel" num="s" pos="ncfs000" postype="common" sense="16:01411738" wd="piel"/>
          <sp>
            <prep>
              <s lem="de" pos="sps00" postype="preposition" wd="de"/>
            </prep>
            <sn>
              <spec gen="m" num="p">
                <d gen="m" lem="el" num="p" pos="da0mp0" postype="article" wd="los"/>
              </spec>
              <grup.nom gen="m" num="p">
                <n gen="m" lem="animal" num="p" pos="ncmp000" postype="common" sense="16:00008019" wd="animales"/>
              </grup.nom>
            </sn>
          </sp>
        </grup.nom>
      </sn>
    </sp>
    <f lem="." pos="fp" punct="period" wd="."/>
  </sentence>
  <sentence>
    <sp arg="argM" func="cc" tem="adv">
      <prep>
        <s lem="sin" pos="sps00" postype="preposition" wd="Sin"/>
      </prep>
      <S clausetype="completive" impersonal="yes">
        <infinitiu>
          <v lem="caer" lss="B22.unaccusative-passive-transitive" mood="infinitive" pos="vmn0000" postype="main" wd="caer"/>
        </infinitiu>
        <sp arg="arg2" func="cc" tem="loc">
          <prep>
            <s lem="en" pos="sps00" postype="preposition" wd="en"/>
          </prep>
          <sn>
            <spec gen="f" num="s">
              <d gen="f" lem="el" num="s" pos="da0fs0" postype="article" wd="la"/>
            </spec>
            <grup.nom gen="f" num="s">
              <n gen="f" lem="megalomanía" num="s" pos="ncfs000" postype="common" sense="16:10327104" wd="megalomanía"/>
            </grup.nom>
          </sn>
        </sp>
      </S>
      <f lem="," pos="fc" punct="comma" wd=","/>
    </sp>
    <grup.verb>
      <v lem="ser" lss="C21.state-attributive" mood="indicative" num="s" person="3" pos="vsip3s0" postype="semiauxiliary" tense="present" wd="es"/>
    </grup.verb>
    <sp arg="arg2" func="atr" tem="atr">
      <prep>
        <s lem="de" pos="sps00" postype="preposition" wd="de"/>
      </prep>
      <sn>
        <grup.nom gen="m" num="s">
          <n gen="m" lem="rigor" num="s" pos="ncms000" postype="common" sense="16:03768230" wd="rigor"/>
        </grup.nom>
      </sn>
    </sp>
    <S arg="arg1" clausetype="completive" func="suj" impersonal="yes" tem="tem">
      <infinitiu>
        <v lem="constatar" lss="A21.transitive-agentive-patient" mood="infinitive" pos="vmn0000" postype="main" wd="constatar"/>
      </infinitiu>
      <S arg="arg1" clausetype="completive" func="cd" tem="pat">
        <conj conjunctiontype="subordinating">
          <c lem="que" pos="cs" postype="subordinating" wd="que"/>
        </conj>
        <sn arg="arg1" func="suj" tem="tem">
          <spec gen="m" num="s">
            <d gen="m" lem="el" num="s" pos="da0ms0" postype="article" wd="el"/>
          </spec>
          <grup.nom gen="m" num="s">
            <n gen="m" lem="hombre" num="s" pos="ncms000" postype="common" sense="16:07392506" wd="hombre"/>
          </grup.nom>
        </sn>
        <grup.verb>
          <v lem="poseer" lss="C21.state-attributive" mood="indicative" num="s" person="3" pos="vmip3s0" postype="main" tense="present" wd="posee"/>
        </grup.verb>
        <sn arg="arg2" func="cd" functype="quantitative" tem="atr">
          <spec gen="f" num="s">
            <d gen="f" lem="el" num="s" pos="da0fs0" postype="article" wd="la"/>
          </spec>
          <grup.nom gen="f" num="s">
            <n gen="f" lem="piel" num="s" pos="ncfs000" postype="common" sense="16:01411738" wd="piel"/>
            <S clausetype="participle" impersonal="yes">
              <sadv arg="argM" func="cc" tem="adv">
                <grup.adv>
                  <r lem="más" pos="rg" wd="más"/>
                </grup.adv>
              </sadv>
              <participi>
                <a gen="f" lem="perfeccionado" lss="B22.unaccusative-passive-transitive" num="s" pos="aq0fsp" posfunction="participle" postype="qualificative" wd="perfeccionada"/>
              </participi>
            </S>
          </grup.nom>
        </sn>
      </S>
    </S>
    <f lem="." pos="fp" punct="period" wd="."/>
  </sentence>
  <sentence>
    <sn arg="arg1" func="suj" tem="tem">
      <spec gen="m" num="s">
        <d gen="m" lem="ninguno" num="s" pos="di0ms0" postype="indefinite" wd="Ningún"/>
      </spec>
      <grup.nom gen="m" num="s">
        <n gen="m" lem="animal" num="s" pos="ncms000" postype="common" sense="16:00008019" wd="animal"/>
        <sn>
          <f lem="," pos="fc" punct="comma" wd=","/>
          <sadv adjunct="yes">
            <grup.adv>
              <r lem="ni_siquiera" pos="rg" wd="ni_siquiera"/>
            </grup.adv>
          </sadv>
          <sn>
            <spec gen="m" num="p">
              <d gen="m" lem="el" num="p" pos="da0mp0" postype="article" wd="los"/>
            </spec>
            <grup.nom gen="m" num="p">
              <s.a gen="m" num="p">
                <spec>
                  <r lem="evolutivamente" pos="rg" wd="evolutivamente"/>
                  <r lem="más" pos="rg" wd="más"/>
                </spec>
                <grup.a gen="m" num="p">
                  <a gen="m" lem="cercano" num="p" pos="aq0mp0" postype="qualificative" wd="cercanos"/>
                </grup.a>
              </s.a>
            </grup.nom>
          </sn>
          <f lem="," pos="fc" punct="comma" wd=","/>
        </sn>
      </grup.nom>
    </sn>
    <grup.verb>
      <v lem="atesorar" lss="C21.state-attributive" mood="indicative" num="s" person="3" pos="vmip3s0" postype="main" tense="present" wd="atesora"/>
    </grup.verb>
    <sp arg="argM" func="cc" tem="loc">
      <prep>
        <s lem="en" pos="sps00" postype="preposition" wd="en"/>
      </prep>
      <sn>
        <spec gen="f" num="s">
          <d gen="c" lem="su" num="s" person="3" pos="dp3cs0" postype="possessive" wd="su"/>
        </spec>
        <grup.nom gen="f" num="s">
          <n gen="f" lem="piel" num="s" pos="ncfs000" postype="common" sense="16:01411738" wd="piel"/>
        </grup.nom>
      </sn>
    </sp>
    <sn arg="arg2" func="cd" functype="quantitative" tem="atr">
      <grup.nom gen="m" num="s">
        <s.a gen="f" num="s">
          <grup.a gen="f" num="s">
            <a gen="c" lem="semejante" num="s" pos="aq0cs0" postype="qualificative" wd="semejante"/>
          </grup.a>
        </s.a>
        <n gen="m" lem="cúmulo" num="s" pos="ncms000" postype="common" sense="16:09920124" wd="cúmulo"/>
        <sp>
          <prep>
            <s lem="de" pos="sps00" postype="preposition" wd="de"/>
          </prep>
          <sn>
            <grup.nom gen="f" num="p">
              <n gen="f" lem="función" lexicalid="noun.función.1.default" num="p" origin="deverbal" pos="ncfp000" postype="common" sense="16:00462318" wd="funciones"/>
            </grup.nom>
          </sn>
        </sp>
      </grup.nom>
    </sn>
    <f lem="." pos="fp" punct="period" wd="."/>
  </sentence>
  <sentence>
    <S clausetype="participle" discid="1c" impersonal="yes">
      <participi>
        <a gen="f" lem="considerado" lss="B22.unaccusative-passive-transitive" num="s" pos="aq0fsp" posfunction="participle" postype="qualificative" wd="Considerada"/>
      </participi>
      <sp arg="argM" func="cc" tem="adv">
        <prep>
          <c lem="como" pos="cs" postype="subordinating" wd="como"/>
        </prep>
        <sn>
          <spec gen="m" num="s">
            <d gen="m" lem="el" num="s" pos="da0ms0" postype="article" wd="el"/>
          </spec>
          <grup.nom gen="m" num="s">
            <s.a coord="yes" gen="m" num="s">
              <s.a gen="m" num="s">
                <grup.a gen="m" num="s">
                  <a gen="c" lem="mayor" num="s" pos="aq0cs0" postype="qualificative" wd="mayor"/>
                </grup.a>
              </s.a>
              <conj conjunctiontype="coordinating">
                <c lem="y" pos="cc" postype="coordinating" wd="y"/>
              </conj>
              <s.a gen="m" num="s">
                <spec>
                  <r lem="más" pos="rg" wd="más"/>
                </spec>
                <grup.a gen="m" num="s">
                  <a gen="m" lem="extenso" num="s" pos="aq0ms0" postype="qualificative" wd="extenso"/>
                </grup.a>
              </s.a>
            </s.a>
            <n gen="m" lem="órgano" num="s" pos="ncms000" postype="common" sense="16:09381783" wd="órgano"/>
            <sp>
              <prep>
                <s contracted="yes" gen="m" lem="del" num="s" pos="spcms" postype="preposition" wd="del"/>
              </prep>
              <sn>
                <grup.nom gen="m" num="s">
                  <n gen="m" lem="cuerpo" num="s" pos="ncms000" postype="common" sense="16:04055717" wd="cuerpo"/>
                  <s.a gen="m" num="s">
                    <grup.a gen="m" num="s">
                      <a gen="m" lem="humano" num="s" pos="aq0ms0" postype="qualificative" wd="humano"/>
                    </grup.a>
                  </s.a>
                </grup.nom>
              </sn>
            </sp>
          </grup.nom>
        </sn>
      </sp>
      <f lem="," pos="fc" punct="comma" wd=","/>
    </S>
    <sn arg="arg0" discid="1n" elliptic="yes" func="suj" tem="agt"/>
    <grup.verb>
      <v lem="hacer" lss="A21.transitive-agentive-patient" mood="indicative" num="s" person="3" pos="vmip3s0" postype="main" tense="present" wd="hace"/>
    </grup.verb>
    <sa arg="arg2" func="cpred" predicate="cd" tem="atr">
      <grup.a>
        <a gen="c" lem="posible" num="s" pos="aq0cs0" postype="qualificative" wd="posible"/>
      </grup.a>
    </sa>
    <sn arg="arg1" func="cd" tem="pat">
      <spec gen="f" num="s">
        <d gen="f" lem="el" num="s" pos="da0fs0" postype="article" wd="la"/>
      </spec>
      <grup.nom gen="f" num="s">
        <n gen="f" lem="adaptación" lexicalid="noun.adaptación.2.default" num="s" origin="deverbal" pos="ncfs000" postype="common" sense="16:09743067" wd="adaptación"/>
        <s.a func="cn" gen="f" num="s">
          <grup.a gen="f" num="s">
            <a gen="f" lem="inmediato" num="s" pos="aq0fs0" postype="qualificative" wd="inmediata"/>
          </grup.a>
        </s.a>
        <sp arg="arg2" coord="yes" func="cn" tem="efi">
          <sp>
            <prep>
              <s contracted="yes" gen="m" lem="al" num="s" pos="spcms" postype="preposition" wd="al"/>
            </prep>
            <sn>
              <grup.nom gen="m" num="s">
                <n gen="m" lem="frío" num="s" pos="ncms000" postype="common" sense="16:04422784" wd="frío"/>
              </grup.nom>
            </sn>
          </sp>
          <conj conjunctiontype="coordinating">
            <c lem="o" pos="cc" postype="coordinating" wd="o"/>
          </conj>
          <sp>
            <prep>
              <s contracted="yes" gen="m" lem="al" num="s" pos="spcms" postype="preposition" wd="al"/>
            </prep>
            <sn>
              <grup.nom gen="m" num="s">
                <n gen="m" lem="calor" num="s" pos="ncms000" postype="common" sense="16:03917468" wd="calor"/>
              </grup.nom>
            </sn>
          </sp>
        </sp>
      </grup.nom>
    </sn>
    <sp arg="argM" func="cc" tem="mnr">
      <prep>
        <s lem="mediante" pos="sps00" postype="preposition" wd="mediante"/>
      </prep>
      <sn>
        <spec gen="m" num="p">
          <d gen="c" lem="su" num="p" person="3" pos="dp3cp0" postype="possessive" wd="sus"/>
        </spec>
        <grup.nom gen="m" num="p">
          <n gen="m" lem="mecanismo" num="p" pos="ncmp000" postype="common" sense="16:06757099" wd="mecanismos"/>
          <sp>
            <prep>
              <s lem="de" pos="sps00" postype="preposition" wd="de"/>
            </prep>
            <sn>
              <grup.nom gen="f" num="s">
                <n gen="f" lem="regulación" lexicalid="noun.regulación.1.default" num="s" origin="deverbal" pos="ncfs000" postype="common" sense="16:00514820" wd="regulación"/>
                <sp arg="arg1" func="cn" tem="pat">
                  <prep>
                    <s lem="de" pos="sps00" postype="preposition" wd="de"/>
                  </prep>
                  <sn>
                    <spec gen="f" num="s">
                      <d gen="f" lem="el" num="s" pos="da0fs0" postype="article" wd="la"/>
                    </spec>
                    <grup.nom gen="f" num="s">
                      <n gen="f" lem="temperatura" num="s" pos="ncfs000" postype="common" sense="16:03914851" wd="temperatura"/>
                    </grup.nom>
                  </sn>
                </sp>
              </grup.nom>
            </sn>
          </sp>
          <sn complex="yes">
            <f lem="(" pos="fpa" punct="bracket" punctenclose="open" wd="("/>
            <grup.nom coord="yes">
              <s.a complex="yes" func="cn" gen="f" num="s">
                <grup.a coord="yes" gen="f" num="s">
                  <grup.a gen="f" num="s">
                    <a gen="c" lem="mayor" num="s" pos="aq0cs0" postype="qualificative" wd="mayor"/>
                  </grup.a>
                  <conj conjunctiontype="coordinating">
                    <c lem="o" pos="cc" postype="coordinating" wd="o"/>
                  </conj>
                  <grup.a gen="f" num="s">
                    <a gen="c" lem="menor" num="s" pos="aq0cs0" postype="qualificative" wd="menor"/>
                  </grup.a>
                </grup.a>
              </s.a>
              <grup.nom coord="yes">
                <grup.nom gen="f" num="s">
                  <n gen="f" lem="circulación" lexicalid="noun.circulación.1.default" num="s" origin="deverbal" pos="ncfs000" postype="common" sense="16:07785752" wd="circulación"/>
                  <s.a arg="arg0" func="cn" gen="f" num="s" tem="agt">
                    <grup.a gen="f" num="s">
                      <a gen="f" lem="sanguíneo" num="s" pos="aq0fs0" postype="qualificative" wd="sanguínea"/>
                    </grup.a>
                  </s.a>
                </grup.nom>
                <f lem="," pos="fc" punct="comma" wd=","/>
                <grup.nom gen="f" num="s">
                  <n gen="f" lem="pigmentación" lexicalid="noun.pigmentación.1.default" num="s" origin="deverbal" pos="ncfs000" postype="common" sense="16:03889300" wd="pigmentación"/>
                </grup.nom>
                <f lem="," pos="fc" punct="comma" wd=","/>
                <grup.nom gen="f" num="s">
                  <n gen="f" lem="sudoración" lexicalid="noun.sudoración.1.default" num="s" origin="deverbal" pos="ncfs000" postype="common" sense="16:00558270" wd="sudoración"/>
                </grup.nom>
                <f lem="," pos="fc" punct="comma" wd=","/>
                <f lem="etcétera" pos="fs" punct="etc" wd="etcétera"/>
              </grup.nom>
            </grup.nom>
            <f lem=")" pos="fpt" punct="bracket" punctenclose="close" wd=")"/>
          </sn>
        </grup.nom>
      </sn>
    </sp>
    <f lem="." pos="fp" punct="period" wd="."/>
  </sentence>
  <sentence>
    <sn arg="arg1" func="suj" tem="tem">
      <spec gen="f" num="s">
        <d gen="f" lem="el" num="s" pos="da0fs0" postype="article" wd="La"/>
      </spec>
      <grup.nom gen="f" num="s">
        <n gen="f" lem="piel" num="s" pos="ncfs000" postype="common" sense="16:01411738" wd="piel"/>
        <s.a gen="f" num="s">
          <grup.a gen="f" num="s">
            <a gen="f" lem="humano" num="s" pos="aq0fs0" postype="qualificative" wd="humana"/>
          </grup.a>
        </s.a>
      </grup.nom>
    </sn>
    <grup.verb>
      <v lem="poder" mood="indicative" num="s" person="3" pos="vmip3s0" postype="main" tense="present" wd="puede"/>
      <sadv arg="argM" func="cc" tem="adv">
        <f lem="," pos="fc" punct="comma" wd=","/>
        <grup.adv>
          <r lem="además" pos="rg" wd="además"/>
        </grup.adv>
        <f lem="," pos="fc" punct="comma" wd=","/>
      </sadv>
      <infinitiu>
        <v lem="autogenerarse" lss="C21.state-attributive" mood="infinitive" pos="vmn0000" postype="main" wd="autogenerarse"/>
      </infinitiu>
    </grup.verb>
    <sadv arg="argM" func="cc" tem="tmp">
      <grup.adv>
        <r lem="permanentemente" pos="rg" wd="permanentemente"/>
      </grup.adv>
    </sadv>
    <f lem="." pos="fp" punct="period" wd="."/>
  </sentence>
  <sentence>
    <sn arg="arg1" elliptic="yes" func="suj" tem="tem"/>
    <grup.verb>
      <v lem="ser" lss="C21.state-attributive" mood="indicative" num="s" person="3" pos="vsip3s0" postype="semiauxiliary" tense="present" wd="Es"/>
    </grup.verb>
    <sa arg="arg2" coord="yes" func="atr" tem="atr">
      <sa complex="yes">
        <grup.a coord="yes">
          <grup.a>
            <a gen="c" lem="dúctil" num="s" pos="aq0cs0" postype="qualificative" wd="dúctil"/>
          </grup.a>
          <conj conjunctiontype="coordinating">
            <c lem="y" pos="cc" postype="coordinating" wd="y"/>
          </conj>
          <grup.a>
            <a gen="c" lem="flexible" num="s" pos="aq0cs0" postype="qualificative" wd="flexible"/>
          </grup.a>
        </grup.a>
      </sa>
      <conj conjunctiontype="coordinating">
        <c lem="y" pos="cc" postype="coordinating" wd="y"/>
      </conj>
      <sp>
        <prep>
          <s lem="con" pos="sps00" postype="preposition" wd="con"/>
        </prep>
        <sn>
          <grup.nom gen="m" num="s">
            <s.a gen="m" num="s">
              <grup.a gen="m" num="s">
                <a gen="c" lem="diferente" num="s" pos="aq0cs0" postype="qualificative" wd="diferente"/>
              </grup.a>
            </s.a>
            <n gen="m" lem="espesor" num="s" pos="ncms000" postype="common" sense="16:03865563" wd="espesor"/>
          </grup.nom>
        </sn>
      </sp>
    </sa>
    <sp arg="argM" func="cc" tem="adv">
      <prep>
        <s lem="según" pos="sps00" postype="preposition" wd="según"/>
      </prep>
      <sn>
        <spec gen="m" num="s">
          <d gen="m" lem="el" num="s" pos="da0ms0" postype="article" wd="el"/>
        </spec>
        <grup.nom gen="m" num="s">
          <n gen="m" lem="emplazamiento" lexicalid="noun.emplazamiento.1.default" num="s" origin="deverbal" pos="ncms000" postype="common" sense="16:03960878" wd="emplazamiento"/>
          <s.a arg="arg1" func="cn" gen="m" num="s" tem="pat">
            <grup.a gen="m" num="s">
              <a gen="c" lem="corporal" num="s" pos="aq0cs0" postype="qualificative" wd="corporal"/>
            </grup.a>
          </s.a>
          <S func="cn" verbless="yes">
            <f lem="(" pos="fpa" punct="bracket" punctenclose="open" wd="("/>
            <sp>
              <prep>
                <s lem="de" pos="sps00" postype="preposition" wd="de"/>
              </prep>
              <sn entityref="ne" ne="number">
                <spec gen="m" num="p">
                  <d gen="c" lem="cinco" num="p" pos="dn0cp0" postype="numeral" wd="cinco"/>
                </spec>
                <grup.nom gen="m" num="p">
                  <n gen="m" lem="cienmilímetro" num="p" pos="ncmp000" postype="common" sense="16:cs1" wd="cienmilímetros"/>
                </grup.nom>
              </sn>
            </sp>
            <sp>
              <prep>
                <s lem="en" pos="sps00" postype="preposition" wd="en"/>
              </prep>
              <sn>
                <spec gen="m" num="p">
                  <d gen="m" lem="el" num="p" pos="da0mp0" postype="article" wd="los"/>
                </spec>
                <grup.nom gen="m" num="p">
                  <n gen="m" lem="párpado" num="p" pos="ncmp000" postype="common" sense="16:04123557" wd="párpados"/>
                </grup.nom>
              </sn>
            </sp>
            <sp>
              <prep>
                <s lem="a" pos="sps00" postype="preposition" wd="a"/>
              </prep>
              <sn entityref="ne" ne="number">
                <spec gen="m" num="p">
                  <d gen="m" lem="el" num="p" pos="da0mp0" postype="article" wd="los"/>
                  <r lem="casi" pos="rg" wd="casi"/>
                  <d gen="c" lem="cinco" num="p" pos="dn0cp0" postype="numeral" wd="cinco"/>
                </spec>
                <grup.nom gen="m" num="p">
                  <n gen="m" lem="milímetro" num="p" pos="ncmp000" postype="common" sense="16:09821819" wd="milímetros"/>
                </grup.nom>
              </sn>
            </sp>
            <sp>
              <prep>
                <s lem="en" pos="sps00" postype="preposition" wd="en"/>
              </prep>
              <sn>
                <spec gen="f" num="p">
                  <d gen="f" lem="el" num="p" pos="da0fp0" postype="article" wd="las"/>
                </spec>
                <grup.nom gen="f" num="p">
                  <n gen="f" lem="planta" num="p" pos="ncfp000" postype="common" sense="16:04321299" wd="plantas"/>
                  <sp>
                    <prep>
                      <s lem="de" pos="sps00" postype="preposition" wd="de"/>
                    </prep>
                    <sn>
                      <spec gen="m" num="p">
                        <d gen="m" lem="el" num="p" pos="da0mp0" postype="article" wd="los"/>
                      </spec>
                      <grup.nom gen="m" num="p">
                        <n gen="m" lem="pie" num="p" pos="ncmp000" postype="common" sense="16:01661550" wd="pies"/>
                      </grup.nom>
                    </sn>
                  </sp>
                </grup.nom>
              </sn>
            </sp>
            <f lem=")" pos="fpt" punct="bracket" punctenclose="close" wd=")"/>
          </S>
        </grup.nom>
      </sn>
    </sp>
    <f lem="." pos="fp" punct="period" wd="."/>
  </sentence>
  <sentence>
    <sp arg="argM" func="cc" tem="loc">
      <prep>
        <s lem="en" pos="sps00" postype="preposition" wd="En"/>
      </prep>
      <sn>
        <spec gen="f" num="p">
          <d gen="f" lem="cierto" num="p" pos="di0fp0" postype="indefinite" wd="ciertas"/>
        </spec>
        <grup.nom gen="f" num="p">
          <n gen="f" lem="región" num="p" pos="ncfp000" postype="common" sense="16:06359477" wd="regiones"/>
          <sp>
            <prep>
              <s contracted="yes" gen="m" lem="del" num="s" pos="spcms" postype="preposition" wd="del"/>
            </prep>
            <sn>
              <grup.nom gen="m" num="s">
                <n gen="m" lem="firmamento" num="s" pos="ncms000" postype="common" sense="16:06285184" wd="firmamento"/>
              </grup.nom>
            </sn>
          </sp>
        </grup.nom>
      </sn>
    </sp>
    <sp arg="argM" func="cc" tem="loc">
      <f lem="," pos="fc" punct="comma" wd=","/>
      <prep>
        <s lem="contra" pos="sps00" postype="preposition" wd="contra"/>
      </prep>
      <sn>
        <spec gen="m" num="s">
          <d gen="m" lem="uno" num="s" pos="di0ms0" postype="indefinite" wd="un"/>
        </spec>
        <grup.nom gen="m" num="s">
          <n gen="m" lem="fondo" num="s" pos="ncms000" postype="common" sense="16:04556371" wd="fondo"/>
          <sp>
            <prep>
              <s lem="de" pos="sps00" postype="preposition" wd="de"/>
            </prep>
            <sn>
              <grup.nom gen="f" num="p">
                <n gen="f" lem="tiniebla" num="p" pos="ncfp000" postype="common" sense="16:cs1" wd="tinieblas"/>
              </grup.nom>
            </sn>
          </sp>
          <s.a gen="f" num="s">
            <grup.a gen="f" num="s">
              <a gen="c" lem="hormigueante" num="s" pos="aq0cs0" postype="qualificative" wd="hormigueante"/>
              <sp>
                <prep>
                  <s lem="de" pos="sps00" postype="preposition" wd="de"/>
                </prep>
                <sn>
                  <grup.nom gen="f" num="p">
                    <n gen="f" lem="estrella" num="p" pos="ncfp000" postype="common" sense="16:06762045" wd="estrellas"/>
                  </grup.nom>
                </sn>
              </sp>
            </grup.a>
          </s.a>
        </grup.nom>
      </sn>
      <f lem="," pos="fc" punct="comma" wd=","/>
    </sp>
    <sn arg="arg0" func="suj" tem="agt">
      <spec gen="m" num="p">
        <d gen="m" lem="el" num="p" pos="da0mp0" postype="article" wd="los"/>
      </spec>
      <grup.nom gen="m" num="p">
        <n gen="m" lem="telescopio" num="p" pos="ncmp000" postype="common" sense="16:03480713" wd="telescopios"/>
      </grup.nom>
    </sn>
    <sn arg="arg2" func="ci" tem="ben">
      <grup.nom num="p">
        <p gen="c" lem="yo" num="p" person="1" pos="pp1cp000" postype="personal" wd="nos"/>
      </grup.nom>
    </sn>
    <grup.verb>
      <v lem="mostrar" lss="A32.ditransitive-patient-benefactive" mood="indicative" num="p" person="3" pos="vmip3p0" postype="main" tense="present" wd="muestran"/>
    </grup.verb>
    <sn arg="arg1" func="cd" tem="pat">
      <grup.nom gen="f" num="p">
        <n gen="f" lem="apariencia" lexicalid="noun.apariencia.1.default" num="p" origin="deverbal" pos="ncfp000" postype="common" sense="16:03683012" wd="apariencias"/>
        <s.a arg="arg2" func="cn" gen="f" num="p" tem="atr">
          <grup.a gen="f" num="p">
            <a gen="f" lem="fantasmagórico" num="p" pos="aq0fp0" postype="qualificative" wd="fantasmagóricas"/>
          </grup.a>
        </s.a>
        <s.a func="cn" gen="f" num="p">
          <grup.a gen="f" num="p">
            <f lem="," pos="fc" punct="comma" wd=","/>
            <a gen="c" lem="semejante" num="p" pos="aq0cp0" postype="qualificative" wd="semejantes"/>
            <sp>
              <prep>
                <s lem="a" pos="sps00" postype="preposition" wd="a"/>
              </prep>
              <sn>
                <grup.nom gen="f" num="p">
                  <n gen="f" lem="nube" num="p" pos="ncfp000" postype="common" sense="16:06749470" wd="nubes"/>
                  <S clausetype="participle" impersonal="yes">
                    <participi>
                      <a gen="f" lem="movido" lss="B12.unaccusative-passive-ditransitive" num="p" pos="aq0fpp" posfunction="participle" postype="qualificative" wd="movidas"/>
                    </participi>
                    <sp arg="arg0" func="cag" tem="agt">
                      <prep>
                        <s lem="por" pos="sps00" postype="preposition" wd="por"/>
                      </prep>
                      <sn>
                        <spec gen="m" num="s">
                          <d gen="m" lem="el" num="s" pos="da0ms0" postype="article" wd="el"/>
                        </spec>
                        <grup.nom gen="m" num="s">
                          <n gen="m" lem="viento" num="s" pos="ncms000" postype="common" sense="16:07848889" wd="viento"/>
                        </grup.nom>
                      </sn>
                    </sp>
                  </S>
                </grup.nom>
              </sn>
            </sp>
          </grup.a>
        </s.a>
      </grup.nom>
    </sn>
    <f lem="." pos="fp" punct="period" wd="."/>
  </sentence>
  <sentence>
    <sn arg="arg0" func="suj" tem="agt">
      <spec gen="f" num="p">
        <d gen="f" lem="este" num="p" pos="dd0fp0" postype="demonstrative" wd="Estas"/>
      </spec>
      <grup.nom gen="f" num="p">
        <n gen="f" lem="nubosidad" num="p" pos="ncfp000" postype="common" sense="16:10417080" wd="nubosidades"/>
        <s.a gen="f" num="p">
          <grup.a gen="f" num="p">
            <a gen="f" lem="cósmico" num="p" pos="aq0fp0" postype="qualificative" wd="cósmicas"/>
          </grup.a>
        </s.a>
        <S clausetype="participle" impersonal="yes">
          <f lem="," pos="fc" punct="comma" wd=","/>
          <participi>
            <a gen="f" lem="llamado" lss="C21.state-attributive" num="p" pos="aq0fpp" posfunction="participle" postype="qualificative" wd="llamadas"/>
          </participi>
          <sn arg="arg2" func="cpred" predicate="suj" tem="atr">
            <grup.nom gen="f" num="p">
              <n gen="f" lem="nebulosa" num="p" pos="ncfp000" postype="common" sense="16:06141261" wd="nebulosas"/>
            </grup.nom>
          </sn>
        </S>
      </grup.nom>
    </sn>
    <grup.verb>
      <v lem="revelar" lss="A21.transitive-agentive-patient" mood="indicative" num="p" person="3" pos="vmip3p0" postype="main" tense="present" wd="revelan"/>
    </grup.verb>
    <sn arg="arg1" func="cd" tem="pat">
      <grup.nom gen="f" num="p">
        <s.a func="cn" gen="f" num="p">
          <grup.a gen="f" num="p">
            <a gen="f" lem="maravilloso" num="p" pos="aq0fp0" postype="qualificative" wd="maravillosas"/>
          </grup.a>
        </s.a>
        <n gen="f" lem="difuminación" lexicalid="noun.difuminación.1.default" num="p" origin="deverbal" pos="ncfp000" postype="common" sense="16:cs1" wd="difuminaciones"/>
        <sp arg="arg1" func="cn" tem="pat">
          <prep>
            <s lem="de" pos="sps00" postype="preposition" wd="de"/>
          </prep>
          <sn>
            <grup.nom gen="m" num="p">
              <n gen="m" lem="matiz" num="p" pos="ncmp000" postype="common" sense="16:03686135" wd="matices"/>
            </grup.nom>
          </sn>
        </sp>
      </grup.nom>
    </sn>
    <sp arg="argM" func="cc" tem="loc">
      <prep>
        <s lem="en" pos="sps00" postype="preposition" wd="en"/>
      </prep>
      <sn>
        <spec gen="f" num="p">
          <d gen="f" lem="el" num="p" pos="da0fp0" postype="article" wd="las"/>
        </spec>
        <grup.nom gen="f" num="p">
          <n gen="f" lem="imagen" num="p" pos="ncfp000" postype="common" sense="16:03118233" wd="imágenes"/>
          <S clausetype="participle" impersonal="yes">
            <participi>
              <a gen="f" lem="tomado" lss="B22.unaccusative-passive-transitive" num="p" pos="aq0fpp" posfunction="participle" postype="qualificative" wd="tomadas"/>
            </participi>
            <sp arg="argM" func="cc" tem="adv">
              <prep>
                <s lem="gracias_a" pos="sps00" postype="preposition" wd="gracias_a"/>
              </prep>
              <sn>
                <spec gen="f" num="s">
                  <d gen="f" lem="el" num="s" pos="da0fs0" postype="article" wd="la"/>
                </spec>
                <grup.nom gen="f" num="s">
                  <s.a func="cn" gen="f" num="s">
                    <spec>
                      <r lem="más" pos="rg" wd="más"/>
                    </spec>
                    <grup.a gen="f" num="s">
                      <a gen="f" lem="moderno" num="s" pos="aq0fs0" postype="qualificative" wd="moderna"/>
                    </grup.a>
                  </s.a>
                  <n gen="f" lem="instrumentación" lexicalid="noun.instrumentación.1.default" num="s" origin="deverbal" pos="ncfs000" postype="common" sense="16:05278228" wd="instrumentación"/>
                  <s.a arg="arg1" func="cn" gen="f" num="s" tem="pat">
                    <grup.a gen="f" num="s">
                      <a gen="f" lem="astronómico" num="s" pos="aq0fs0" postype="qualificative" wd="astronómica"/>
                    </grup.a>
                  </s.a>
                </grup.nom>
              </sn>
            </sp>
          </S>
        </grup.nom>
      </sn>
    </sp>
    <f lem="." pos="fp" punct="period" wd="."/>
  </sentence>
  <sentence>
    <conj conjunctiontype="coordinating" func="et">
      <c lem="pero" pos="cc" postype="coordinating" wd="Pero"/>
    </conj>
    <sn arg="arg1" func="suj" tem="tem">
      <spec arg="arg1" gen="f" num="s" tem="tem">
        <d gen="c" lem="su" num="s" person="3" pos="dp3cs0" postype="possessive" wd="su"/>
      </spec>
      <grup.nom gen="f" num="s">
        <n gen="f" lem="importancia" lexicalid="noun.importancia.1.default" num="s" origin="deverbal" pos="ncfs000" postype="common" sense="16:04025511" wd="importancia"/>
      </grup.nom>
    </sn>
    <grup.verb>
      <v lem="ir" lss="C11.state-existential" mood="indicative" num="s" person="3" pos="vmip3s0" postype="main" tense="present" wd="va"/>
    </grup.verb>
    <sadv arg="argL" func="cc">
      <spec>
        <r lem="mucho" pos="rg" wd="mucho"/>
        <r lem="más" pos="rg" wd="más"/>
      </spec>
      <grup.adv>
        <r lem="allá" pos="rg" wd="allá"/>
        <sp>
          <prep>
            <s lem="de" pos="sps00" postype="preposition" wd="de"/>
          </prep>
          <sn>
            <spec gen="f" num="s">
              <d gen="f" lem="el" num="s" pos="da0fs0" postype="article" wd="la"/>
            </spec>
            <grup.nom gen="f" num="s">
              <S clausetype="relative">
                <relatiu arg="arg1" func="cd" tem="pat">
                  <p gen="c" lem="que" num="c" pos="pr0cn000" postype="relative" wd="que"/>
                </relatiu>
                <sn arg="arg0" elliptic="yes" func="suj" tem="agt"/>
                <grup.verb>
                  <v lem="poder" mood="indicative" num="p" person="1" pos="vmic1p0" postype="main" tense="conditional" wd="podríamos"/>
                  <infinitiu>
                    <v lem="atribuir" lss="A32.ditransitive-patient-benefactive" mood="infinitive" pos="vmn0000" postype="main" wd="atribuirles"/>
                  </infinitiu>
                </grup.verb>
                <sp arg="argM" func="cc" tem="adv">
                  <prep>
                    <c lem="como" pos="cs" postype="subordinating" wd="como"/>
                  </prep>
                  <sn>
                    <grup.nom gen="m" num="p">
                      <s.a gen="m" num="p">
                        <grup.a gen="m" num="p">
                          <a gen="c" lem="fascinante" num="p" pos="aq0cp0" postype="qualificative" wd="fascinantes"/>
                        </grup.a>
                      </s.a>
                      <n gen="m" lem="objeto" num="p" pos="ncmp000" postype="common" sense="16:04950638" wd="objetos"/>
                      <sp>
                        <prep>
                          <s lem="de" pos="sps00" postype="preposition" wd="de"/>
                        </prep>
                        <sn>
                          <grup.nom gen="f" num="s">
                            <n gen="f" lem="observación" lexicalid="noun.observación.1.default" num="s" origin="deverbal" pos="ncfs000" postype="common" sense="16:00565444" wd="observación"/>
                          </grup.nom>
                        </sn>
                      </sp>
                    </grup.nom>
                  </sn>
                </sp>
              </S>
            </grup.nom>
          </sn>
        </sp>
      </grup.adv>
    </sadv>
    <f lem="." pos="fp" punct="period" wd="."/>
  </sentence>
  <sentence>
    <sn arg="arg1" elliptic="yes" func="suj" tem="tem"/>
    <grup.verb>
      <v lem="ser" lss="C21.state-attributive" mood="indicative" num="p" person="3" pos="vsip3p0" postype="semiauxiliary" tense="present" wd="Son"/>
    </grup.verb>
    <sn arg="arg2" coord="yes" func="atr" tem="atr">
      <sn>
        <spec gen="f" num="s">
          <d gen="f" lem="el" num="s" pos="da0fs0" postype="article" wd="la"/>
        </spec>
        <grup.nom gen="f" num="s">
          <n gen="f" lem="materia" num="s" pos="ncfs000" postype="common" sense="16:10446867" wd="materia"/>
          <s.a gen="f" num="s">
            <grup.a gen="f" num="s">
              <a gen="f" lem="primo" num="s" pos="aq0fs0" postype="qualificative" wd="prima"/>
            </grup.a>
          </s.a>
          <sp>
            <prep>
              <s lem="de" pos="sps00" postype="preposition" wd="de"/>
            </prep>
            <sn>
              <spec gen="f" num="s">
                <d gen="f" lem="el" num="s" pos="da0fs0" postype="article" wd="la"/>
              </spec>
              <grup.nom gen="f" num="s">
                <n gen="f" lem="creación" lexicalid="noun.creación.1.default" num="s" origin="deverbal" pos="ncfs000" postype="common" sense="16:00583085" wd="creación"/>
              </grup.nom>
            </sn>
          </sp>
        </grup.nom>
      </sn>
      <f lem="," pos="fc" punct="comma" wd=","/>
      <sn>
        <spec gen="m" num="s">
          <d gen="m" lem="el" num="s" pos="da0ms0" postype="article" wd="el"/>
        </spec>
        <grup.nom gen="m" num="s">
          <n gen="m" lem="manantial" num="s" pos="ncms000" postype="common" sense="16:06792829" wd="manantial"/>
          <S clausetype="relative">
            <sp arg="argM" func="cc" tem="loc">
              <prep>
                <s lem="de" pos="sps00" postype="preposition" wd="de"/>
              </prep>
              <sn>
                <relatiu>
                  <p gen="c" lem="donde" num="c" pos="pr000000" postype="relative" wd="donde"/>
                </relatiu>
              </sn>
            </sp>
            <grup.verb>
              <v lem="fluir" lss="C11.state-existential" mood="indicative" num="p" person="3" pos="vmip3p0" postype="main" tense="present" wd="fluyen"/>
            </grup.verb>
            <sn arg="arg1" func="suj" tem="tem">
              <spec gen="m" num="p">
                <d gen="m" lem="el" num="p" pos="da0mp0" postype="article" wd="los"/>
              </spec>
              <grup.nom gen="m" num="p">
                <n gen="m" lem="mundo" num="p" pos="ncmp000" postype="common" sense="16:05957670" wd="mundos"/>
                <S clausetype="relative">
                  <relatiu arg="arg0" func="suj" tem="agt">
                    <p gen="c" lem="que" num="c" pos="pr0cn000" postype="relative" wd="que"/>
                  </relatiu>
                  <grup.verb>
                    <v lem="poblar" lss="A21.transitive-agentive-patient" mood="indicative" num="p" person="3" pos="vmip3p0" postype="main" tense="present" wd="pueblan"/>
                  </grup.verb>
                  <sn arg="arg1" func="cd" tem="pat">
                    <spec gen="m" num="s">
                      <d gen="m" lem="el" num="s" pos="da0ms0" postype="article" wd="el"/>
                    </spec>
                    <grup.nom gen="m" num="s">
                      <n gen="m" lem="universo" num="s" pos="ncms000" postype="common" sense="16:06141801" wd="universo"/>
                    </grup.nom>
                  </sn>
                </S>
              </grup.nom>
            </sn>
          </S>
        </grup.nom>
      </sn>
    </sn>
    <f lem="." pos="fp" punct="period" wd="."/>
  </sentence>
</article>
