<?xml version="1.0" encoding="UTF-8"?>
<!-- 

  ancora-2.0
       
			Copyright (C) 2007, 2008, 2009, 2010, 2011 UB - CLiC
			Centre de Llenguatge i Computació - Universitat de Barcelona
 
  This file is part of ancora-2.0.
 
  ancora-2.0 is free software and data: you can redistribute it and/or modify
  it under the terms of the GNU General Public License as published
  by the Free Software Foundation, either version 3 of the License,
  or (at your option) any later version.

  ancora-2.0 is distributed in the hope that it will be useful,
  but WITHOUT ANY WARRANTY; without even the implied warranty of
  MERCHANTABILITY or FITNESS FOR A PARTICULAR PURPOSE.  See the
  GNU General Public License for more details.
 
  You should have received a copy of the GNU General Public License
  along with ancora-2.0.  If not, see &lt;http://www.gnu.org/licenses/&gt;.
 
  Check a text in catalan explaining the terms of the license at http://www.softcatala.cat/wiki/GPL3.
  In spanish at http://www.viti.es/gnu/licenses/gpl.html
 

  The following paper must be cited when using this corpus:

 * Taulé, M., M.A. Martí, M. Recasens (2008) 'Ancora: Multilevel Annotated Corpora for Catalan and Spanish',
   Proceedings of 6th International Conference on Language Resources and Evaluation. Marrakesh (Morocco).

  In addition, the following paper must be cited if coreference information (attributes entity, coreftype,
  corefsubtype, homophoricDD or entityref) is used:

 * Recasens, Marta, M. Antònia Martí (2010) ‘AnCora-CO: Coreferentially annotated corpora for Spanish and
   Catalan’. Language Resources and Evaluation, Springer Science.

  Additionally, the following paper must be cited when argumental attributes in "sn" or "grup.nom"
  (attributes func, arg, tem or lexicalid) are used:

 * Peris, Aina, Mariona Taulé, Horacio Rodríguez (2010) ‘Semantic Annotation of Deverbal Nominalizations in the
   Spanish AnCora corpus’. Treebanks and Linguistic Theories (TLT-2010), Estonia.
-->
<article lng="es">
  <sentence>
    <sp arg="argM" func="cc" tem="adv">
      <prep>
        <s lem="ante" pos="sps00" postype="preposition" wd="Ante"/>
      </prep>
      <sn>
        <spec gen="f" num="p">
          <d gen="f" lem="este" num="p" pos="dd0fp0" postype="demonstrative" wd="estas"/>
        </spec>
        <grup.nom gen="f" num="p">
          <n gen="f" lem="dificultad" num="p" pos="ncfp000" postype="common" sense="16:04396796" wd="dificultades"/>
        </grup.nom>
      </sn>
      <f lem="," pos="fc" punct="comma" wd=","/>
    </sp>
    <sn arg="arg0" func="suj" tem="agt">
      <spec gen="f" num="p">
        <d gen="f" lem="el" num="p" pos="da0fp0" postype="article" wd="las"/>
      </spec>
      <grup.nom gen="f" num="p">
        <n gen="f" lem="ave" num="p" pos="ncfp000" postype="common" sense="16:01026695" wd="aves"/>
        <s.a gen="f" num="p">
          <grup.a gen="f" num="p">
            <a gen="f" lem="costero" num="p" pos="aq0fp0" postype="qualificative" wd="costeras"/>
          </grup.a>
        </s.a>
      </grup.nom>
    </sn>
    <grup.verb>
      <v lem="haber" mood="indicative" num="p" person="3" pos="vaip3p0" postype="auxiliary" tense="present" wd="han"/>
      <v gen="m" lem="llegar" lss="A22.transitive-agentive-theme" mood="participle" num="s" pos="vmp00sm" postype="main" wd="llegado"/>
    </grup.verb>
    <sp arg="arg1" func="creg" tem="tem">
      <prep>
        <s lem="a" pos="sps00" postype="preposition" wd="a"/>
      </prep>
      <sn>
        <spec gen="m" num="s">
          <d gen="m" lem="uno" num="s" pos="di0ms0" postype="indefinite" wd="un"/>
        </spec>
        <grup.nom gen="m" num="s">
          <n gen="m" lem="acuerdo" lexicalid="noun.acuerdo.1.default" num="s" origin="deverbal" pos="ncms000" postype="common" sense="16:05072418" wd="acuerdo"/>
        </grup.nom>
      </sn>
    </sp>
    <f lem="." pos="fp" punct="period" wd="."/>
  </sentence>
  <sentence coord="yes">
    <S>
      <sn arg="arg0" func="suj" tem="agt">
        <spec gen="m" num="s">
          <d gen="m" lem="el" num="s" pos="da0ms0" postype="article" wd="El"/>
        </spec>
        <grup.nom gen="m" num="s">
          <n gen="m" lem="macho" num="s" pos="ncms000" postype="common" sense="16:00865379" wd="macho"/>
        </grup.nom>
      </sn>
      <morfema.pronominal>
        <p gen="c" lem="él" num="c" person="3" pos="p0300000" wd="se"/>
      </morfema.pronominal>
      <grup.verb>
        <v lem="hacer_cargo" lss="A22.transitive-agentive-theme" mood="indicative" num="s" person="3" pos="vmip3s0" postype="main" tense="present" wd="hace_cargo"/>
      </grup.verb>
      <sp arg="arg1" func="creg" tem="tem">
        <prep>
          <s lem="de" pos="sps00" postype="preposition" wd="de"/>
        </prep>
        <sn>
          <spec gen="f" num="s">
            <d gen="f" lem="el" num="s" pos="da0fs0" postype="article" wd="la"/>
          </spec>
          <grup.nom gen="f" num="s">
            <n gen="f" lem="responsabilidad" num="s" pos="ncfs000" postype="common" sense="16:00523477" wd="responsabilidad"/>
            <s.a gen="f" num="s">
              <spec>
                <r lem="poco" pos="rg" wd="poco"/>
              </spec>
              <grup.a gen="f" num="s">
                <a gen="f" lem="oneroso" num="s" pos="aq0fs0" postype="qualificative" wd="onerosa"/>
              </grup.a>
            </s.a>
            <sp>
              <prep>
                <s lem="de" pos="sps00" postype="preposition" wd="de"/>
              </prep>
              <S clausetype="completive" impersonal="yes">
                <infinitiu>
                  <v lem="sacar_adelante" lss="A21.transitive-agentive-patient" mood="infinitive" pos="vmn0000" postype="main" wd="sacar_adelante"/>
                </infinitiu>
                <sp arg="argM" func="cc" tem="adv">
                  <prep>
                    <s lem="por" pos="sps00" postype="preposition" wd="por"/>
                  </prep>
                  <sn>
                    <grup.nom gen="m" num="s">
                      <p case="oblique" gen="c" lem="él" num="c" person="3" pos="pp3cno00" postype="personal" wd="sí"/>
                      <s.a gen="m" num="s">
                        <grup.a gen="m" num="s">
                          <a gen="m" lem="solo" num="s" pos="aq0ms0" postype="qualificative" wd="solo"/>
                        </grup.a>
                      </s.a>
                    </grup.nom>
                  </sn>
                </sp>
                <sp arg="arg1" func="cd" tem="pat">
                  <prep>
                    <s lem="a" pos="sps00" postype="preposition" wd="a"/>
                  </prep>
                  <sn>
                    <spec gen="m" num="p">
                      <d gen="m" lem="el" num="p" pos="da0mp0" postype="article" wd="los"/>
                    </spec>
                    <grup.nom gen="m" num="p">
                      <s.a gen="m" num="p">
                        <grup.a gen="m" num="p">
                          <a gen="c" lem="precoz" num="p" pos="aq0cp0" postype="qualificative" wd="precoces"/>
                        </grup.a>
                      </s.a>
                      <n gen="m" lem="polluelo" num="p" pos="ncmp000" postype="common" sense="16:01309954" wd="polluelos"/>
                    </grup.nom>
                  </sn>
                </sp>
              </S>
            </sp>
          </grup.nom>
        </sn>
      </sp>
    </S>
    <conj conjunctiontype="coordinating">
      <c lem="y" pos="cc" postype="coordinating" wd="y"/>
    </conj>
    <S>
      <sn arg="arg0" elliptic="yes" func="suj" tem="cau"/>
      <grup.verb>
        <v lem="dejar" lss="A11.transitive-causative" mood="indicative" num="s" person="3" pos="vmip3s0" postype="main" tense="present" wd="deja"/>
      </grup.verb>
      <sadv arg="argM" func="cc" tem="adv">
        <f lem="," pos="fc" punct="comma" wd=","/>
        <grup.adv>
          <r lem="por_tanto" pos="rg" wd="por_tanto"/>
        </grup.adv>
        <f lem="," pos="fc" punct="comma" wd=","/>
      </sadv>
      <sa arg="argM" func="cpred" predicate="cd" tem="atr">
        <grup.a>
          <a gen="c" lem="libre" num="s" pos="aq0cs0" postype="qualificative" wd="libre"/>
        </grup.a>
      </sa>
      <sp arg="arg1" func="cd" tem="tem">
        <prep>
          <s lem="a" pos="sps00" postype="preposition" wd="a"/>
        </prep>
        <sn>
          <spec gen="f" num="s">
            <d gen="c" lem="su" num="s" person="3" pos="dp3cs0" postype="possessive" wd="su"/>
          </spec>
          <grup.nom gen="f" num="s">
            <n gen="f" lem="compañera" num="s" pos="ncfs000" postype="common" sense="16:07291392" wd="compañera"/>
          </grup.nom>
        </sn>
      </sp>
      <sp arg="argM" func="cc" tem="fin">
        <prep>
          <s lem="para" pos="sps00" postype="preposition" wd="para"/>
        </prep>
        <S clausetype="completive" coord="yes" impersonal="yes">
          <S clausetype="completive" impersonal="yes">
            <infinitiu>
              <v lem="abandonar" lss="A21.transitive-agentive-patient" mood="infinitive" pos="vmn0000" postype="main" wd="abandonar"/>
            </infinitiu>
            <sn arg="arg1" func="cd" tem="pat">
              <spec gen="m" num="s">
                <d gen="m" lem="el" num="s" pos="da0ms0" postype="article" wd="el"/>
              </spec>
              <grup.nom gen="m" num="s">
                <n gen="m" lem="nido" num="s" pos="ncms000" postype="common" sense="16:06845552" wd="nido"/>
              </grup.nom>
            </sn>
          </S>
          <conj conjunctiontype="coordinating">
            <c lem="y" pos="cc" postype="coordinating" wd="y"/>
          </conj>
          <S clausetype="completive" impersonal="yes">
            <infinitiu>
              <v lem="engordar" lss="B21.unaccusative-state" mood="infinitive" pos="vmn0000" postype="main" wd="engordar"/>
            </infinitiu>
            <sadv arg="argM" func="cc" tem="adv">
              <grup.adv>
                <r lem="de_nuevo" pos="rg" wd="de_nuevo"/>
              </grup.adv>
            </sadv>
          </S>
        </S>
      </sp>
    </S>
    <f lem="." pos="fp" punct="period" wd="."/>
  </sentence>
  <sentence>
    <sn arg="arg1" func="suj" tem="tem">
      <spec gen="f" num="s">
        <d gen="f" lem="el" num="s" pos="da0fs0" postype="article" wd="La"/>
      </spec>
      <grup.nom gen="f" num="s">
        <n gen="f" lem="ventaja" lexicalid="noun.ventaja.1.default" num="s" origin="deverbal" pos="ncfs000" postype="common" sense="16:03711689" wd="ventaja"/>
      </grup.nom>
    </sn>
    <sp arg="argM" func="cc" tem="tmp">
      <prep>
        <s lem="a" pos="sps00" postype="preposition" wd="a"/>
      </prep>
      <sn>
        <grup.nom gen="m" num="s">
          <s.a gen="m" num="s">
            <grup.a gen="m" num="s">
              <a gen="m" lem="corto" num="s" pos="aq0ms0" postype="qualificative" wd="corto"/>
            </grup.a>
          </s.a>
          <n gen="m" lem="plazo" num="s" pos="ncms000" postype="common" sense="16:10935385" wd="plazo"/>
        </grup.nom>
      </sn>
    </sp>
    <sp arg="argM" func="cc" tem="adv">
      <prep>
        <s lem="para" pos="sps00" postype="preposition" wd="para"/>
      </prep>
      <sn>
        <spec gen="m" num="s">
          <d gen="m" lem="el" num="s" pos="da0ms0" postype="article" wd="el"/>
        </spec>
        <grup.nom gen="m" num="s">
          <n gen="m" lem="macho" num="s" pos="ncms000" postype="common" sense="16:00865379" wd="macho"/>
        </grup.nom>
      </sn>
    </sp>
    <grup.verb>
      <v lem="ser" lss="C21.state-attributive" mood="indicative" num="s" person="3" pos="vsip3s0" postype="semiauxiliary" tense="present" wd="es"/>
    </grup.verb>
    <S arg="arg2" clausetype="completive" func="atr" tem="atr">
      <conj conjunctiontype="subordinating">
        <c lem="que" pos="cs" postype="subordinating" wd="que"/>
      </conj>
      <sn arg="arg0" func="suj" tem="agt">
        <grup.nom gen="f" num="s">
          <p gen="f" lem="él" num="s" person="3" pos="pp3fs000" postype="personal" wd="ella"/>
        </grup.nom>
      </sn>
      <grup.verb>
        <v lem="poder" mood="indicative" num="s" person="3" pos="vmip3s0" postype="main" tense="present" wd="puede"/>
        <infinitiu>
          <v lem="producir" lss="A21.transitive-agentive-patient" mood="infinitive" pos="vmn0000" postype="main" wd="producirle"/>
        </infinitiu>
      </grup.verb>
      <sn arg="arg1" func="cd" tem="pat">
        <spec gen="f" num="s">
          <d gen="f" lem="otro" num="s" pos="di0fs0" postype="indefinite" wd="otra"/>
        </spec>
        <grup.nom gen="f" num="s">
          <n gen="f" lem="nidada" num="s" pos="ncfs000" postype="common" sense="16:06212186" wd="nidada"/>
        </grup.nom>
      </sn>
      <sadv arg="argM" func="cc" tem="adv">
        <grup.adv>
          <r lem="rápidamente" pos="rg" wd="rápidamente"/>
        </grup.adv>
      </sadv>
      <S clausesubtype="conditional" clausetype="adverbial" func="ao">
        <f lem="," pos="fc" punct="comma" wd=","/>
        <conj conjunctiontype="subordinating">
          <c lem="en_el_caso_de_que" pos="cs" postype="subordinating" wd="en_el_caso_de_que"/>
        </conj>
        <sn arg="arg0" func="suj" tem="agt">
          <spec gen="m" num="s">
            <d gen="m" lem="uno" num="s" pos="di0ms0" postype="indefinite" wd="un"/>
          </spec>
          <grup.nom gen="m" num="s">
            <n gen="m" lem="depredador" num="s" pos="ncms000" postype="common" sense="16:01661105" wd="depredador"/>
          </grup.nom>
        </sn>
        <grup.verb>
          <v lem="destruir" lss="A21.transitive-agentive-patient" mood="subjunctive" num="s" person="3" pos="vmsp3s0" postype="main" tense="present" wd="destruya"/>
        </grup.verb>
        <sn arg="arg1" func="cd" tem="pat">
          <spec gen="f" num="s">
            <d gen="f" lem="el" num="s" pos="da0fs0" postype="article" wd="la"/>
          </spec>
          <grup.nom gen="f" num="s">
            <s.a gen="f" num="s">
              <grup.a gen="f" num="s">
                <a gen="f" lem="primero" num="s" pos="ao0fs0" postype="ordinal" wd="primera"/>
              </grup.a>
            </s.a>
          </grup.nom>
        </sn>
      </S>
    </S>
    <f lem="." pos="fp" punct="period" wd="."/>
  </sentence>
  <sentence coord="yes">
    <S>
      <sp arg="argM" func="cc" tem="tmp">
        <prep>
          <s lem="a" pos="sps00" postype="preposition" wd="A"/>
        </prep>
        <sn>
          <grup.nom gen="m" num="s">
            <s.a gen="m" num="s">
              <grup.a gen="m" num="s">
                <a gen="m" lem="largo" num="s" pos="aq0ms0" postype="qualificative" wd="largo"/>
              </grup.a>
            </s.a>
            <n gen="m" lem="plazo" num="s" pos="ncms000" postype="common" sense="16:10935385" wd="plazo"/>
          </grup.nom>
        </sn>
      </sp>
      <S clausesubtype="conditional" clausetype="adverbial" func="ao">
        <f lem="," pos="fc" punct="comma" wd=","/>
        <conj conjunctiontype="subordinating">
          <c lem="si" pos="cs" postype="subordinating" wd="si"/>
        </conj>
        <sn arg="arg1" func="suj" tem="tem">
          <spec gen="f" num="s">
            <d gen="f" lem="el" num="s" pos="da0fs0" postype="article" wd="la"/>
          </spec>
          <grup.nom gen="f" num="s">
            <n gen="f" lem="hembra" num="s" pos="ncfs000" postype="common" sense="16:00865075" wd="hembra"/>
          </grup.nom>
        </sn>
        <neg func="mod">
          <r lem="no" pos="rn" postype="negative" wd="no"/>
        </neg>
        <grup.verb>
          <v lem="terminar" lss="C11.state-existential" mood="indicative" num="s" person="3" pos="vmip3s0" postype="main" tense="present" wd="termina"/>
        </grup.verb>
        <S arg="argM" clausetype="participle" func="cpred" impersonal="yes" predicate="suj" tem="atr">
          <participi>
            <a gen="f" lem="agotado" num="s" pos="aq0fsp" posfunction="participle" postype="qualificative" wd="agotada"/>
          </participi>
        </S>
        <sp arg="argM" func="cc" tem="tmp">
          <prep>
            <s lem="en" pos="sps00" postype="preposition" wd="en"/>
          </prep>
          <sn>
            <spec gen="f" num="s">
              <d gen="f" lem="uno" num="s" pos="di0fs0" postype="indefinite" wd="una"/>
            </spec>
            <grup.nom gen="f" num="s">
              <n gen="f" lem="temporada" num="s" pos="ncfs000" postype="common" sense="16:10947841" wd="temporada"/>
              <sp>
                <prep>
                  <s lem="de" pos="sps00" postype="preposition" wd="de"/>
                </prep>
                <sn>
                  <grup.nom gen="f" num="s">
                    <n gen="f" lem="reproducción" lexicalid="noun.reproducción.1.default" num="s" origin="deverbal" pos="ncfs000" postype="common" sense="16:00546046" wd="reproducción"/>
                  </grup.nom>
                </sn>
              </sp>
            </grup.nom>
          </sn>
        </sp>
        <f lem="," pos="fc" punct="comma" wd=","/>
      </S>
      <grup.verb>
        <v lem="ser" lss="C21.state-attributive" mood="indicative" num="s" person="3" pos="vsip3s0" postype="semiauxiliary" tense="present" wd="es"/>
      </grup.verb>
      <sa arg="arg2" func="atr" tem="atr">
        <spec>
          <r lem="más" pos="rg" wd="más"/>
        </spec>
        <grup.a>
          <a gen="c" lem="probable" num="s" pos="aq0cs0" postype="qualificative" wd="probable"/>
        </grup.a>
      </sa>
      <S arg="arg1" clausetype="completive" func="suj" tem="tem">
        <conj conjunctiontype="subordinating">
          <c lem="que" pos="cs" postype="subordinating" wd="que"/>
        </conj>
        <sn arg="arg1" elliptic="yes" func="suj" tem="tem"/>
        <grup.verb>
          <v lem="sobrevivir" lss="C11.state-existential" mood="subjunctive" num="s" person="3" pos="vmsp3s0" postype="main" tense="present" wd="sobreviva"/>
        </grup.verb>
        <sp arg="argM" func="cc" tem="tmp">
          <prep>
            <s lem="para" pos="sps00" postype="preposition" wd="para"/>
          </prep>
          <sn>
            <spec gen="f" num="s">
              <d gen="f" lem="el" num="s" pos="da0fs0" postype="article" wd="la"/>
            </spec>
            <grup.nom gen="f" num="s">
              <s.a gen="f" num="s">
                <grup.a gen="f" num="s">
                  <a gen="c" lem="siguiente" num="s" pos="aq0cs0" postype="qualificative" wd="siguiente"/>
                </grup.a>
              </s.a>
            </grup.nom>
          </sn>
        </sp>
      </S>
      <f lem="," pos="fc" punct="comma" wd=","/>
    </S>
    <conj conjunctiontype="coordinating">
      <c lem="y" pos="cc" postype="coordinating" wd="y"/>
    </conj>
    <S>
      <sn arg="arg0" func="suj" tem="agt">
        <spec gen="m" num="s">
          <d gen="m" lem="el" num="s" pos="da0ms0" postype="article" wd="el"/>
        </spec>
        <grup.nom gen="m" num="s">
          <n gen="m" lem="macho" num="s" pos="ncms000" postype="common" sense="16:00865379" wd="macho"/>
        </grup.nom>
      </sn>
      <grup.verb>
        <v lem="poder" mood="indicative" num="s" person="3" pos="vmif3s0" postype="main" tense="future" wd="podrá"/>
        <sadv arg="argM" func="cc" tem="tmp">
          <grup.adv>
            <r lem="entonces" pos="rg" wd="entonces"/>
          </grup.adv>
        </sadv>
        <infinitiu>
          <v lem="aparear" lss="D11.inergative-agentive" mood="infinitive" pos="vmn0000" postype="main" wd="aparearse"/>
        </infinitiu>
      </grup.verb>
      <sadv arg="argM" func="cc" tem="adv">
        <grup.adv>
          <r lem="de_nuevo" pos="rg" wd="de_nuevo"/>
        </grup.adv>
      </sadv>
      <sp arg="argM" func="cc" tem="adv">
        <prep>
          <s lem="con" pos="sps00" postype="preposition" wd="con"/>
        </prep>
        <sn>
          <grup.nom gen="f" num="s">
            <p gen="f" lem="él" num="s" person="3" pos="pp3fs000" postype="personal" wd="ella"/>
          </grup.nom>
        </sn>
      </sp>
    </S>
    <f lem="." pos="fp" punct="period" wd="."/>
  </sentence>
  <sentence>
    <S arg="argM" clausetype="adverbial" func="cc" tem="adv" verbless="yes">
      <conj conjunctiontype="subordinating">
        <c lem="al_igual_que" pos="cs" postype="subordinating" wd="Al_igual_que"/>
      </conj>
      <sp>
        <prep>
          <s lem="en" pos="sps00" postype="preposition" wd="en"/>
        </prep>
        <sn>
          <spec gen="f" num="p">
            <d gen="f" lem="el" num="p" pos="da0fp0" postype="article" wd="las"/>
          </spec>
          <grup.nom gen="f" num="p">
            <n gen="f" lem="pareja" num="p" pos="ncfp000" postype="common" sense="16:07400072" wd="parejas"/>
            <s.a gen="f" num="p">
              <grup.a gen="f" num="p">
                <a gen="f" lem="humano" num="p" pos="aq0fp0" postype="qualificative" wd="humanas"/>
              </grup.a>
            </s.a>
          </grup.nom>
        </sn>
      </sp>
      <f lem="," pos="fc" punct="comma" wd=","/>
    </S>
    <grup.verb>
      <v lem="parecer" lss="C42.state-experiencer" mood="indicative" num="s" person="3" pos="vmip3s0" postype="main" tense="present" wd="parece"/>
    </grup.verb>
    <S arg="arg2" clausetype="completive" func="atr" impersonal="yes" tem="atr">
      <infinitiu>
        <v lem="ser" lss="C21.state-attributive" mood="infinitive" pos="vsn0000" postype="semiauxiliary" wd="ser"/>
      </infinitiu>
      <S arg="arg2" clausetype="completive" func="atr" tem="atr">
        <conj conjunctiontype="subordinating">
          <c lem="que" pos="cs" postype="subordinating" wd="que"/>
        </conj>
        <sp arg="arg2" func="ci" tem="ben">
          <prep>
            <s lem="a" pos="sps00" postype="preposition" wd="a"/>
          </prep>
          <sn>
            <spec gen="f" num="p">
              <d gen="f" lem="el" num="p" pos="da0fp0" postype="article" wd="las"/>
            </spec>
            <grup.nom gen="f" num="p">
              <n gen="f" lem="ave" num="p" pos="ncfp000" postype="common" sense="16:01026695" wd="aves"/>
              <S clausetype="relative">
                <relatiu arg="arg0" func="suj" tem="agt">
                  <p gen="c" lem="que" num="c" pos="pr0cn000" postype="relative" wd="que"/>
                </relatiu>
                <grup.verb>
                  <v lem="haber" mood="indicative" num="p" person="3" pos="vaip3p0" postype="auxiliary" tense="present" wd="han"/>
                  <v gen="m" lem="lograr" lss="A21.transitive-agentive-patient" mood="participle" num="s" pos="vmp00sm" postype="main" wd="logrado"/>
                </grup.verb>
                <sn arg="arg1" func="cd" tem="pat">
                  <spec gen="f" num="s">
                    <d gen="f" lem="uno" num="s" pos="di0fs0" postype="indefinite" wd="una"/>
                  </spec>
                  <grup.nom gen="f" num="s">
                    <n gen="f" lem="relación" lexicalid="noun.relación.1.default" num="s" origin="deverbal" pos="ncfs000" postype="common" sense="16:10036039" wd="relación"/>
                    <s.a func="cn" gen="f" num="s">
                      <grup.a gen="f" num="s">
                        <a gen="f" lem="armonioso" num="s" pos="aq0fs0" postype="qualificative" wd="armoniosa"/>
                      </grup.a>
                    </s.a>
                  </grup.nom>
                </sn>
                <sp arg="argM" func="cc" tem="cau">
                  <prep>
                    <s lem="gracias_a" pos="sps00" postype="preposition" wd="gracias_a"/>
                  </prep>
                  <sn>
                    <spec gen="f" num="s">
                      <d gen="f" lem="el" num="s" pos="da0fs0" postype="article" wd="la"/>
                    </spec>
                    <grup.nom gen="f" num="s">
                      <n gen="f" lem="experiencia" lexicalid="noun.experiencia.2.default" num="s" origin="deverbal" pos="ncfs000" postype="common" sense="16:04441868" wd="experiencia"/>
                    </grup.nom>
                  </sn>
                </sp>
              </S>
            </grup.nom>
          </sn>
        </sp>
        <sn arg="arg1" elliptic="yes" func="suj" tem="tem"/>
        <sn arg="arg2" func="ci" tem="ben">
          <grup.nom num="p">
            <p case="dative" gen="c" lem="él" num="p" person="3" pos="pp3cpd00" postype="personal" wd="les"/>
          </grup.nom>
        </sn>
        <grup.verb>
          <v lem="ir" lss="C41.state-benefactive" mood="indicative" num="s" person="3" pos="vmip3s0" postype="main" tense="present" wd="va"/>
        </grup.verb>
        <sp arg="argM" func="cc" tem="adv">
          <sp>
            <sadv>
              <grup.adv>
                <r lem="mejor" pos="rg" wd="mejor"/>
              </grup.adv>
            </sadv>
            <sp>
              <prep>
                <s lem="en" pos="sps00" postype="preposition" wd="en"/>
              </prep>
              <sn>
                <spec gen="f" num="s">
                  <d gen="f" lem="el" num="s" pos="da0fs0" postype="article" wd="la"/>
                </spec>
                <grup.nom gen="f" num="s">
                  <n gen="f" lem="crianza" lexicalid="noun.crianza.1.default" num="s" origin="deverbal" pos="ncfs000" postype="common" sense="16:00587652" wd="crianza"/>
                </grup.nom>
              </sn>
            </sp>
          </sp>
          <S adjunct="yes" clausesubtype="comparative" clausetype="adverbial" verbless="yes">
            <conj conjunctiontype="subordinating">
              <c lem="que" pos="cs" postype="subordinating" wd="que"/>
            </conj>
            <sp>
              <prep>
                <s lem="a" pos="sps00" postype="preposition" wd="a"/>
              </prep>
              <sn>
                <spec gen="m" num="p">
                  <d gen="m" lem="el" num="p" pos="da0mp0" postype="article" wd="los"/>
                </spec>
                <grup.nom gen="m" num="p">
                  <sadv>
                    <grup.adv>
                      <r lem="recién" pos="rg" wd="recién"/>
                    </grup.adv>
                  </sadv>
                  <n gen="m" lem="casado" num="p" pos="ncmp000" postype="common" sense="16:cs1" wd="casados"/>
                </grup.nom>
              </sn>
            </sp>
          </S>
        </sp>
      </S>
    </S>
    <f lem="." pos="fp" punct="period" wd="."/>
  </sentence>
  <sentence>
    <conj conjunctiontype="coordinating" func="et">
      <c lem="pero" pos="cc" postype="coordinating" wd="Pero"/>
    </conj>
    <grup.verb>
      <v lem="haber" lss="C11.state-existential" mood="indicative" num="s" person="3" pos="vaip3s0" postype="auxiliary" tense="present" wd="hay"/>
    </grup.verb>
    <sn arg="arg1" func="cd" functype="quantitative" tem="tem">
      <spec gen="m" num="s">
        <d gen="m" lem="uno" num="s" pos="di0ms0" postype="indefinite" wd="un"/>
      </spec>
      <grup.nom gen="m" num="s">
        <n gen="m" lem="inconveniente" num="s" pos="ncms000" postype="common" sense="16:03706895" wd="inconveniente"/>
        <S clausetype="relative">
          <relatiu arg="arg0" func="suj" tem="agt">
            <p gen="c" lem="que" num="c" pos="pr0cn000" postype="relative" wd="que"/>
          </relatiu>
          <grup.verb>
            <v lem="repercutir" lss="A22.transitive-agentive-theme" mood="indicative" num="s" person="3" pos="vmip3s0" postype="main" tense="present" wd="repercute"/>
          </grup.verb>
          <sp arg="arg1" func="creg" tem="tem">
            <prep>
              <s lem="en" pos="sps00" postype="preposition" wd="en"/>
            </prep>
            <sn>
              <spec gen="f" num="s">
                <d gen="f" lem="el" num="s" pos="da0fs0" postype="article" wd="la"/>
              </spec>
              <grup.nom gen="f" num="s">
                <n gen="f" lem="generosidad" num="s" pos="ncfs000" postype="common" sense="16:00703445" wd="generosidad"/>
                <sp>
                  <prep>
                    <s contracted="yes" gen="m" lem="del" num="s" pos="spcms" postype="preposition" wd="del"/>
                  </prep>
                  <sn>
                    <grup.nom gen="m" num="s">
                      <n gen="m" lem="macho" num="s" pos="ncms000" postype="common" sense="16:00865379" wd="macho"/>
                    </grup.nom>
                  </sn>
                </sp>
              </grup.nom>
            </sn>
          </sp>
        </S>
      </grup.nom>
    </sn>
    <f lem="." pos="fp" punct="period" wd="."/>
  </sentence>
  <sentence>
    <S>
      <sn arg="arg1" coord="yes" func="suj" tem="tem">
        <sn>
          <spec gen="m" num="p">
            <d gen="c" lem="su" num="p" person="3" pos="dp3cp0" postype="possessive" wd="Sus"/>
          </spec>
          <grup.nom gen="m" num="p">
            <n gen="m" lem="interés" num="p" pos="ncmp000" postype="common" sense="16:04019795" wd="intereses"/>
          </grup.nom>
        </sn>
        <conj conjunctiontype="coordinating">
          <c lem="y" pos="cc" postype="coordinating" wd="y"/>
        </conj>
        <sn>
          <spec gen="m" num="p">
            <d gen="m" lem="el" num="p" pos="da0mp0" postype="article" wd="los"/>
          </spec>
          <grup.nom gen="m" num="p">
            <sp>
              <prep>
                <s lem="de" pos="sps00" postype="preposition" wd="de"/>
              </prep>
              <sn>
                <spec gen="f" num="s">
                  <d gen="c" lem="su" num="s" person="3" pos="dp3cs0" postype="possessive" wd="su"/>
                </spec>
                <grup.nom gen="f" num="s">
                  <n gen="f" lem="compañera" num="s" pos="ncfs000" postype="common" sense="16:07291392" wd="compañera"/>
                </grup.nom>
              </sn>
            </sp>
          </grup.nom>
        </sn>
      </sn>
      <neg func="mod">
        <r lem="no" pos="rn" postype="negative" wd="no"/>
      </neg>
      <grup.verb>
        <v lem="ser" lss="C21.state-attributive" mood="indicative" num="p" person="3" pos="vsip3p0" postype="semiauxiliary" tense="present" wd="son"/>
      </grup.verb>
      <sadv arg="argM" func="cc" tem="adv">
        <grup.adv>
          <r lem="necesariamente" pos="rg" wd="necesariamente"/>
        </grup.adv>
      </sadv>
      <sn arg="arg2" func="atr" tem="atr">
        <spec gen="m" num="p">
          <d gen="m" lem="el" num="p" pos="da0mp0" postype="article" wd="los"/>
        </spec>
        <grup.nom gen="m" num="p">
          <p gen="m" lem="mismo" num="p" pos="pi0mp000" postype="indefinite" wd="mismos"/>
        </grup.nom>
      </sn>
    </S>
    <S adjunct="yes">
      <f lem=":" pos="fd" punct="colon" wd=":"/>
      <sn arg="arg0" coord="yes" func="suj" tem="agt">
        <conj conjunctiontype="coordinating">
          <r lem="tanto" pos="rg" wd="tanto"/>
        </conj>
        <sn>
          <grup.nom gen="m" num="s">
            <p gen="m" lem="él" num="s" person="3" pos="pp3ms000" postype="personal" wd="él"/>
          </grup.nom>
        </sn>
        <conj conjunctiontype="coordinating">
          <c lem="como" pos="cs" postype="subordinating" wd="como"/>
        </conj>
        <sn>
          <grup.nom gen="f" num="s">
            <p gen="f" lem="él" num="s" person="3" pos="pp3fs000" postype="personal" wd="ella"/>
          </grup.nom>
        </sn>
      </sn>
      <grup.verb>
        <v lem="intentar" lss="A21.transitive-agentive-patient" mood="indicative" num="p" person="3" pos="vmip3p0" postype="main" tense="present" wd="intentan"/>
      </grup.verb>
      <S arg="arg1" clausetype="completive" func="cd" impersonal="yes" tem="pat">
        <infinitiu>
          <v lem="maximizar" lss="A11.transitive-causative" mood="infinitive" pos="vmn0000" postype="main" wd="maximizar"/>
        </infinitiu>
        <sn arg="arg1" func="cd" tem="tem">
          <spec gen="f" num="s">
            <d gen="f" lem="el" num="s" pos="da0fs0" postype="article" wd="la"/>
          </spec>
          <grup.nom gen="f" num="s">
            <n gen="f" lem="transmisión" lexicalid="noun.transmisión.1.default" num="s" origin="deverbal" pos="ncfs000" postype="common" sense="16:00077376" wd="transmisión"/>
            <sp arg="arg1" func="cn" tem="pat">
              <prep>
                <s lem="de" pos="sps00" postype="preposition" wd="de"/>
              </prep>
              <sn>
                <spec gen="m" num="p">
                  <d gen="c" lem="su" num="p" person="3" pos="dp3cp0" postype="possessive" wd="sus"/>
                  <d gen="m" lem="propio" num="p" pos="di0mp0" postype="indefinite" wd="propios"/>
                </spec>
                <grup.nom gen="m" num="p">
                  <n gen="m" lem="gen" num="p" pos="ncmp000" postype="common" sense="16:04220839" wd="genes"/>
                </grup.nom>
              </sn>
            </sp>
          </grup.nom>
        </sn>
      </S>
    </S>
    <f lem="." pos="fp" punct="period" wd="."/>
  </sentence>
  <sentence>
    <S arg="argM" clausetype="adverbial" func="cc" tem="adv">
      <conj conjunctiontype="subordinating">
        <c lem="una_vez_que" pos="cs" postype="subordinating" wd="Una_vez_que"/>
      </conj>
      <sn arg="arg0" func="suj" tem="agt">
        <grup.nom gen="m" num="s">
          <p gen="m" lem="él" num="s" person="3" pos="pp3ms000" postype="personal" wd="él"/>
        </grup.nom>
      </sn>
      <grup.verb>
        <v lem="haber" mood="indicative" num="s" person="3" pos="vaip3s0" postype="auxiliary" tense="present" wd="ha"/>
        <v gen="m" lem="asumir" lss="A21.transitive-agentive-patient" mood="participle" num="s" pos="vmp00sm" postype="main" wd="asumido"/>
      </grup.verb>
      <sadv arg="argM" func="cc" tem="adv">
        <grup.adv>
          <r lem="individualmente" pos="rg" wd="individualmente"/>
        </grup.adv>
      </sadv>
      <sn arg="arg1" func="cd" tem="pat">
        <spec gen="f" num="s">
          <d gen="f" lem="el" num="s" pos="da0fs0" postype="article" wd="la"/>
        </spec>
        <grup.nom gen="f" num="s">
          <n gen="f" lem="responsabilidad" num="s" pos="ncfs000" postype="common" sense="16:00523477" wd="responsabilidad"/>
          <s.a gen="f" num="s">
            <grup.a gen="f" num="s">
              <a gen="f" lem="paterno" num="s" pos="aq0fs0" postype="qualificative" wd="paterna"/>
            </grup.a>
          </s.a>
        </grup.nom>
      </sn>
      <f lem="," pos="fc" punct="comma" wd=","/>
    </S>
    <sn arg="arg0" func="suj" tem="agt">
      <grup.nom gen="f" num="s">
        <p gen="f" lem="él" num="s" person="3" pos="pp3fs000" postype="personal" wd="ella"/>
      </grup.nom>
    </sn>
    <grup.verb>
      <v lem="poder" mood="indicative" num="s" person="3" pos="vmip3s0" postype="main" tense="present" wd="puede"/>
      <infinitiu>
        <v lem="utilizar" lss="A21.transitive-agentive-patient" mood="infinitive" pos="vmn0000" postype="main" wd="utilizar"/>
      </infinitiu>
    </grup.verb>
    <sn arg="arg1" func="cd" tem="pat">
      <spec gen="m" num="s">
        <d gen="c" lem="su" num="s" person="3" pos="dp3cs0" postype="possessive" wd="su"/>
      </spec>
      <grup.nom gen="m" num="s">
        <n gen="m" lem="tiempo" num="s" pos="ncms000" postype="common" sense="16:00015594" wd="tiempo"/>
      </grup.nom>
    </sn>
    <sp arg="argM" func="cc" tem="adv">
      <prep>
        <s lem="en" pos="sps00" postype="preposition" wd="en"/>
      </prep>
      <sn>
        <spec gen="m" num="s">
          <d gen="c" lem="el" num="s" pos="da0ns0" postype="article" wd="lo"/>
        </spec>
        <grup.nom gen="m" num="s">
          <S clausetype="relative">
            <relatiu arg="arg1" func="suj" tem="tem">
              <p gen="c" lem="que" num="c" pos="pr0cn000" postype="relative" wd="que"/>
            </relatiu>
            <sn arg="arg2" func="ci" tem="ben">
              <grup.nom num="s">
                <p case="dative" gen="c" lem="él" num="s" person="3" pos="pp3csd00" postype="personal" wd="le"/>
              </grup.nom>
            </sn>
            <grup.verb>
              <v lem="parecer" lss="C41.state-benefactive" mood="subjunctive" num="s" person="3" pos="vmsp3s0" postype="main" tense="present" wd="parezca"/>
            </grup.verb>
          </S>
        </grup.nom>
      </sn>
    </sp>
    <f lem="." pos="fp" punct="period" wd="."/>
  </sentence>
  <sentence>
    <sadv arg="argM" func="cc" tem="adv">
      <grup.adv>
        <r lem="tal_vez" pos="rg" wd="Tal_vez"/>
      </grup.adv>
    </sadv>
    <sn arg="arg0" elliptic="yes" func="suj" tem="agt"/>
    <grup.verb>
      <v lem="escoger" lss="A21.transitive-agentive-patient" mood="subjunctive" num="s" person="3" pos="vmsp3s0" postype="main" tense="present" wd="escoja"/>
    </grup.verb>
    <S arg="arg1" clausetype="completive" func="cd" impersonal="yes" tem="pat">
      <infinitiu>
        <v lem="permanecer" lss="C21.state-attributive" mood="infinitive" pos="vmn0000" postype="main" wd="permanecer"/>
      </infinitiu>
      <sa arg="arg2" func="cpred" predicate="suj" tem="atr">
        <grup.a>
          <a gen="c" lem="disponible" num="s" pos="aq0cs0" postype="qualificative" wd="disponible"/>
          <sp>
            <prep>
              <s lem="para" pos="sps00" postype="preposition" wd="para"/>
            </prep>
            <sn>
              <spec gen="m" num="s">
                <d gen="c" lem="su" num="s" person="3" pos="dp3cs0" postype="possessive" wd="su"/>
              </spec>
              <grup.nom gen="m" num="s">
                <n gen="m" lem="compañero" num="s" pos="ncms000" postype="common" sense="16:07123842" wd="compañero"/>
              </grup.nom>
            </sn>
          </sp>
        </grup.a>
      </sa>
    </S>
    <S clausesubtype="conditional" clausetype="adverbial" coord="yes" func="ao">
      <f lem="," pos="fc" punct="comma" wd=","/>
      <conj conjunctiontype="subordinating">
        <c lem="en_el_caso_de_que" pos="cs" postype="subordinating" wd="en_el_caso_de_que"/>
      </conj>
      <S clausesubtype="conditional" clausetype="adverbial">
        <morfema.verbal func="pass">
          <p gen="c" lem="se" num="c" pos="p0000000" wd="se"/>
        </morfema.verbal>
        <grup.verb>
          <v lem="destruir" lss="B22.unaccusative-passive-transitive" mood="subjunctive" num="s" person="3" pos="vmsp3s0" postype="main" tense="present" wd="destruya"/>
        </grup.verb>
        <sn arg="arg1" func="suj" tem="pat">
          <spec gen="f" num="s">
            <d gen="f" lem="el" num="s" pos="da0fs0" postype="article" wd="la"/>
          </spec>
          <grup.nom gen="f" num="s">
            <s.a func="cn" gen="f" num="s">
              <grup.a gen="f" num="s">
                <a gen="f" lem="primero" num="s" pos="ao0fs0" postype="ordinal" wd="primera"/>
              </grup.a>
            </s.a>
            <n gen="f" lem="puesta" lexicalid="noun.puesta.2.default" num="s" origin="deverbal" pos="ncfs000" postype="common" sense="16:09698815" wd="puesta"/>
          </grup.nom>
        </sn>
      </S>
      <conj conjunctiontype="coordinating">
        <c lem="y" pos="cc" postype="coordinating" wd="y"/>
      </conj>
      <S clausesubtype="conditional" clausetype="adverbial">
        <sn arg="arg0" func="suj" tem="agt">
          <grup.nom gen="m" num="s">
            <p gen="m" lem="él" num="s" person="3" pos="pp3ms000" postype="personal" wd="él"/>
          </grup.nom>
        </sn>
        <grup.verb>
          <v lem="pedir" lss="A32.ditransitive-patient-benefactive" mood="subjunctive" num="s" person="3" pos="vmsp3s0" postype="main" tense="present" wd="pida"/>
        </grup.verb>
        <sn arg="arg1" func="cd" tem="pat">
          <grup.nom gen="f" num="s">
            <p gen="f" lem="otro" num="s" pos="pi0fs000" postype="indefinite" wd="otra"/>
            <S clausetype="relative">
              <relatiu arg="arg0" func="suj" tem="agt">
                <p gen="c" lem="que" num="c" pos="pr0cn000" postype="relative" wd="que"/>
              </relatiu>
              <sn arg="arg1" func="cd" tem="pat">
                <grup.nom gen="f" num="s">
                  <p case="accusative" gen="f" lem="él" num="s" person="3" pos="pp3fsa00" postype="personal" wd="la"/>
                </grup.nom>
              </sn>
              <grup.verb>
                <v lem="sustituir" lss="A34.ditransitive-patient-theme" mood="subjunctive" num="s" person="3" pos="vmsp3s0" postype="main" tense="present" wd="sustituya"/>
              </grup.verb>
            </S>
          </grup.nom>
        </sn>
      </S>
    </S>
    <f lem="." pos="fp" punct="period" wd="."/>
  </sentence>
  <sentence>
    <conj conjunctiontype="coordinating" func="et">
      <c lem="pero" pos="cc" postype="coordinating" wd="Pero"/>
    </conj>
    <sn arg="arg0" elliptic="yes" func="suj" tem="agt"/>
    <sadv func="mod">
      <grup.adv>
        <r lem="también" pos="rg" wd="también"/>
      </grup.adv>
    </sadv>
    <grup.verb>
      <v lem="poder" mood="indicative" num="s" person="3" pos="vmic3s0" postype="main" tense="conditional" wd="podría"/>
      <infinitiu>
        <v lem="elegir" lss="A21.transitive-agentive-patient" mood="infinitive" pos="vmn0000" postype="main" wd="elegir"/>
      </infinitiu>
    </grup.verb>
    <S arg="arg1" clausetype="completive" func="cd" impersonal="yes" tem="pat">
      <infinitiu>
        <v lem="buscar" lss="A21.transitive-agentive-patient" mood="infinitive" pos="vmn0000" postype="main" wd="buscar"/>
      </infinitiu>
      <sn arg="arg1" func="cd" tem="pat">
        <spec gen="m" num="s">
          <d gen="m" lem="otro" num="s" pos="di0ms0" postype="indefinite" wd="otro"/>
        </spec>
        <grup.nom gen="m" num="s">
          <n gen="m" lem="macho" num="s" pos="ncms000" postype="common" sense="16:00865379" wd="macho"/>
          <S clausetype="relative">
            <relatiu arg="arg1" func="suj" tem="tem">
              <p gen="c" lem="que" num="c" pos="pr0cn000" postype="relative" wd="que"/>
            </relatiu>
            <grup.verb>
              <v lem="estar" lss="C21.state-attributive" mood="subjunctive" num="s" person="3" pos="vmsp3s0" postype="main" tense="present" wd="esté"/>
            </grup.verb>
            <sa arg="arg2" func="atr" tem="atr">
              <spec>
                <r lem="inmediatamente" pos="rg" wd="inmediatamente"/>
              </spec>
              <grup.a>
                <a gen="m" lem="dispuesto" num="s" pos="aq0ms0" postype="qualificative" wd="dispuesto"/>
                <sp>
                  <prep>
                    <s lem="para" pos="sps00" postype="preposition" wd="para"/>
                  </prep>
                  <sn>
                    <spec gen="f" num="s">
                      <d gen="f" lem="el" num="s" pos="da0fs0" postype="article" wd="la"/>
                    </spec>
                    <grup.nom gen="f" num="s">
                      <s.a gen="f" num="s">
                        <grup.a gen="f" num="s">
                          <a gen="f" lem="segundo" num="s" pos="ao0fs0" postype="ordinal" wd="segunda"/>
                        </grup.a>
                      </s.a>
                      <n gen="f" lem="nidada" num="s" pos="ncfs000" postype="common" sense="16:06212186" wd="nidada"/>
                    </grup.nom>
                  </sn>
                </sp>
              </grup.a>
            </sa>
          </S>
        </grup.nom>
      </sn>
    </S>
    <f lem="." pos="fp" punct="period" wd="."/>
  </sentence>
  <sentence>
    <sadv arg="argM" func="cc" tem="adv">
      <grup.adv>
        <r lem="a_la_larga" pos="rg" wd="A_la_larga"/>
      </grup.adv>
      <f lem="," pos="fc" punct="comma" wd=","/>
    </sadv>
    <sn arg="arg0" func="suj" tem="cau">
      <grup.nom gen="f" num="s">
        <p gen="f" lem="él" num="s" person="3" pos="pp3fs000" postype="personal" wd="ella"/>
      </grup.nom>
    </sn>
    <grup.verb>
      <v lem="poder" mood="indicative" num="s" person="3" pos="vmip3s0" postype="main" tense="present" wd="puede"/>
      <sadv func="mod">
        <grup.adv>
          <r lem="incluso" pos="rg" wd="incluso"/>
        </grup.adv>
      </sadv>
      <infinitiu>
        <v lem="mejorar" lss="A11.transitive-causative" mood="infinitive" pos="vmn0000" postype="main" wd="mejorar"/>
      </infinitiu>
    </grup.verb>
    <S clausesubtype="conditional" clausetype="adverbial" coord="yes" func="ao">
      <f lem="," pos="fc" punct="comma" wd=","/>
      <conj conjunctiontype="subordinating">
        <c lem="siempre_que" pos="cs" postype="subordinating" wd="siempre_que"/>
      </conj>
      <S clausesubtype="conditional" clausetype="adverbial">
        <sn arg="arg0" elliptic="yes" func="suj" tem="agt"/>
        <sn arg="arg1" func="cd" tem="pat">
          <grup.nom num="s">
            <p gen="c" lem="él" num="c" person="3" pos="pp3cn000" postype="personal" wd="se"/>
          </grup.nom>
        </sn>
        <grup.verb>
          <v lem="moderar" lss="A21.transitive-agentive-patient" mood="subjunctive" num="s" person="3" pos="vmsp3s0" postype="main" tense="present" wd="modere"/>
        </grup.verb>
      </S>
      <conj conjunctiontype="coordinating">
        <c lem="y" pos="cc" postype="coordinating" wd="y"/>
      </conj>
      <S clausesubtype="conditional" clausetype="adverbial">
        <sn arg="arg1" elliptic="yes" func="suj" tem="tem"/>
        <neg func="mod">
          <r lem="no" pos="rn" postype="negative" wd="no"/>
        </neg>
        <grup.verb>
          <v lem="morir" lss="B21.unaccusative-state" mood="subjunctive" num="s" person="3" pos="vmsp3s0" postype="main" tense="present" wd="muera"/>
        </grup.verb>
        <sp arg="argM" func="cc" tem="cau">
          <prep>
            <s lem="de" pos="sps00" postype="preposition" wd="de"/>
          </prep>
          <sn>
            <grup.nom gen="m" num="s">
              <n gen="m" lem="agotamiento" lexicalid="noun.agotamiento.1.default" num="s" origin="deverbal" pos="ncms000" postype="common" sense="16:10096231" wd="agotamiento"/>
            </grup.nom>
          </sn>
        </sp>
      </S>
    </S>
    <f lem="." pos="fp" punct="period" wd="."/>
  </sentence>
</article>
