<?xml version="1.0" encoding="UTF-8"?>
<!-- 

  ancora-2.0
       
			Copyright (C) 2007, 2008, 2009, 2010, 2011 UB - CLiC
			Centre de Llenguatge i Computació - Universitat de Barcelona
 
  This file is part of ancora-2.0.
 
  ancora-2.0 is free software and data: you can redistribute it and/or modify
  it under the terms of the GNU General Public License as published
  by the Free Software Foundation, either version 3 of the License,
  or (at your option) any later version.

  ancora-2.0 is distributed in the hope that it will be useful,
  but WITHOUT ANY WARRANTY; without even the implied warranty of
  MERCHANTABILITY or FITNESS FOR A PARTICULAR PURPOSE.  See the
  GNU General Public License for more details.
 
  You should have received a copy of the GNU General Public License
  along with ancora-2.0.  If not, see &lt;http://www.gnu.org/licenses/&gt;.
 
  Check a text in catalan explaining the terms of the license at http://www.softcatala.cat/wiki/GPL3.
  In spanish at http://www.viti.es/gnu/licenses/gpl.html
 

  The following paper must be cited when using this corpus:

 * Taulé, M., M.A. Martí, M. Recasens (2008) 'Ancora: Multilevel Annotated Corpora for Catalan and Spanish',
   Proceedings of 6th International Conference on Language Resources and Evaluation. Marrakesh (Morocco).

  In addition, the following paper must be cited if coreference information (attributes entity, coreftype,
  corefsubtype, homophoricDD or entityref) is used:

 * Recasens, Marta, M. Antònia Martí (2010) ‘AnCora-CO: Coreferentially annotated corpora for Spanish and
   Catalan’. Language Resources and Evaluation, Springer Science.

  Additionally, the following paper must be cited when argumental attributes in "sn" or "grup.nom"
  (attributes func, arg, tem or lexicalid) are used:

 * Peris, Aina, Mariona Taulé, Horacio Rodríguez (2010) ‘Semantic Annotation of Deverbal Nominalizations in the
   Spanish AnCora corpus’. Treebanks and Linguistic Theories (TLT-2010), Estonia.
-->
<article lng="es">
  <sentence>
    <sp arg="argM" func="cc" tem="tmp">
      <prep>
        <s lem="en" pos="sps00" postype="preposition" wd="En"/>
      </prep>
      <sn>
        <spec gen="f" num="s">
          <d gen="f" lem="el" num="s" pos="da0fs0" postype="article" wd="la"/>
        </spec>
        <grup.nom gen="f" num="s">
          <n gen="f" lem="actualidad" num="s" pos="ncfs000" postype="common" sense="16:10848167" wd="actualidad"/>
        </grup.nom>
      </sn>
      <f lem="," pos="fc" punct="comma" wd=","/>
    </sp>
    <sn arg="arg1" func="suj" tem="pat">
      <spec gen="m" num="s">
        <d gen="m" lem="uno" num="s" pos="di0ms0" postype="indefinite" wd="un"/>
      </spec>
      <grup.nom gen="m" num="s">
        <n gen="m" lem="ingenio" num="s" pos="ncms000" postype="common" sense="16:02202438" wd="ingenio"/>
        <sp>
          <prep>
            <s lem="de" pos="sps00" postype="preposition" wd="de"/>
          </prep>
          <sn>
            <grup.nom gen="m" num="s">
              <s.a gen="m" num="s">
                <grup.a gen="m" num="s">
                  <a gen="c" lem="similar" num="s" pos="aq0cs0" postype="qualificative" wd="similar"/>
                </grup.a>
              </s.a>
              <n gen="m" lem="poder" num="s" pos="ncms000" postype="common" sense="16:03928263" wd="poder"/>
              <s.a gen="m" num="s">
                <grup.a gen="m" num="s">
                  <a gen="m" lem="destructivo" num="s" pos="aq0ms0" postype="qualificative" wd="destructivo"/>
                </grup.a>
              </s.a>
            </grup.nom>
          </sn>
        </sp>
      </grup.nom>
    </sn>
    <grup.verb>
      <v lem="poder" mood="indicative" num="s" person="3" pos="vmic3s0" postype="main" tense="conditional" wd="podría"/>
      <infinitiu>
        <v lem="ser" mood="infinitive" pos="vsn0000" postype="semiauxiliary" wd="ser"/>
        <v gen="m" lem="transportar" lss="B22.unaccusative-passive-transitive" mood="participle" num="s" pos="vmp00sm" postype="main" wd="transportado"/>
      </infinitiu>
    </grup.verb>
    <sp arg="argM" func="cc" tem="loc">
      <prep>
        <s lem="en" pos="sps00" postype="preposition" wd="en"/>
      </prep>
      <sn>
        <spec gen="m" num="s">
          <d gen="m" lem="uno" num="s" pos="di0ms0" postype="indefinite" wd="un"/>
        </spec>
        <grup.nom gen="m" num="s">
          <s.a gen="m" num="s">
            <grup.a gen="m" num="s">
              <a gen="c" lem="simple" num="s" pos="aq0cs0" postype="qualificative" wd="simple"/>
            </grup.a>
          </s.a>
          <n gen="m" lem="maletín" num="s" pos="ncms000" postype="common" sense="16:02338425" wd="maletín"/>
          <sp>
            <prep>
              <s lem="de" pos="sps00" postype="preposition" wd="de"/>
            </prep>
            <sn>
              <grup.nom gen="m" num="s">
                <n gen="m" lem="viaje" lexicalid="noun.viaje.1.default" num="s" origin="deverbal" pos="ncms000" postype="common" sense="16:00198579" wd="viaje"/>
              </grup.nom>
            </sn>
          </sp>
        </grup.nom>
      </sn>
    </sp>
    <f lem="." pos="fp" punct="period" wd="."/>
  </sentence>
  <sentence>
    <sn arg="arg0" func="suj" tem="agt">
      <spec gen="f" num="s">
        <d gen="f" lem="el" num="s" pos="da0fs0" postype="article" wd="La"/>
      </spec>
      <grup.nom gen="f" num="s">
        <n gen="f" lem="fiebre" num="s" pos="ncfs000" postype="common" sense="16:05583678" wd="fiebre"/>
        <s.a gen="f" num="s">
          <grup.a gen="f" num="s">
            <a gen="c" lem="armamentista" num="s" pos="aq0cs0" postype="qualificative" wd="armamentista"/>
          </grup.a>
        </s.a>
        <S clausetype="participle" impersonal="yes">
          <participi>
            <a gen="f" lem="alimentado" lss="B22.unaccusative-passive-transitive" num="s" pos="aq0fsp" posfunction="participle" postype="qualificative" wd="alimentada"/>
          </participi>
          <sp arg="arg0" func="cag" tem="agt">
            <prep>
              <s lem="por" pos="sps00" postype="preposition" wd="por"/>
            </prep>
            <sn>
              <spec gen="f" num="s">
                <d gen="f" lem="el" num="s" pos="da0fs0" postype="article" wd="la"/>
              </spec>
              <grup.nom gen="f" num="s">
                <S clausetype="participle" impersonal="yes">
                  <participi>
                    <a gen="f" lem="llamado" num="s" pos="aq0fsp" posfunction="participle" postype="qualificative" wd="llamada"/>
                  </participi>
                </S>
                <n gen="f" lem="guerra" num="s" pos="ncfs000" postype="common" sense="16:10071856" wd="guerra"/>
                <s.a gen="f" num="s">
                  <grup.a gen="f" num="s">
                    <a gen="f" lem="frío" num="s" pos="aq0fs0" postype="qualificative" wd="fría"/>
                  </grup.a>
                </s.a>
              </grup.nom>
            </sn>
          </sp>
        </S>
      </grup.nom>
    </sn>
    <grup.verb>
      <v lem="desorbitar" lss="A21.transitive-agentive-patient" mood="indicative" num="s" person="3" pos="vmis3s0" postype="main" tense="past" wd="desorbitó"/>
    </grup.verb>
    <sn arg="arg1" func="cd" tem="pat">
      <spec gen="m" num="p">
        <d gen="m" lem="el" num="p" pos="da0mp0" postype="article" wd="los"/>
      </spec>
      <grup.nom gen="m" num="p">
        <n gen="m" lem="arsenal" num="p" pos="ncmp000" postype="common" sense="16:02212979" wd="arsenales"/>
        <s.a gen="m" num="p">
          <grup.a gen="m" num="p">
            <a gen="c" lem="nuclear" num="p" pos="aq0cp0" postype="qualificative" wd="nucleares"/>
          </grup.a>
        </s.a>
        <sp>
          <prep>
            <s lem="de" pos="sps00" postype="preposition" wd="de"/>
          </prep>
          <sn>
            <spec gen="f" num="p">
              <d gen="f" lem="el" num="p" pos="da0fp0" postype="article" wd="las"/>
            </spec>
            <grup.nom gen="f" num="p">
              <s.a gen="f" num="p">
                <grup.a gen="f" num="p">
                  <a gen="c" lem="grande" num="p" pos="aq0cp0" postype="qualificative" wd="grandes"/>
                </grup.a>
              </s.a>
              <n gen="f" lem="potencia" num="p" pos="ncfp000" postype="common" sense="16:04041746" wd="potencias"/>
              <sn coord="yes">
                <f lem="-" pos="fg" punct="hyphen" wd="-"/>
                <sn entityref="ne" ne="organization">
                  <grup.nom>
                    <n lem="Estados_Unidos" ne="organization" pos="np0000o" postype="proper" wd="Estados_Unidos"/>
                  </grup.nom>
                </sn>
                <conj conjunctiontype="coordinating">
                  <c lem="y" pos="cc" postype="coordinating" wd="y"/>
                </conj>
                <sn entityref="ne" ne="organization">
                  <spec gen="f" num="s">
                    <d gen="f" lem="el" num="s" pos="da0fs0" postype="article" wd="la"/>
                  </spec>
                  <grup.nom gen="f" num="s">
                    <S clausetype="participle" impersonal="yes">
                      <participi>
                        <a gen="f" lem="desaparecido" num="s" pos="aq0fsp" posfunction="participle" postype="qualificative" wd="desaparecida"/>
                      </participi>
                    </S>
                    <n lem="Unión_Soviética" ne="organization" pos="np0000o" postype="proper" sense="16:06569598" wd="Unión_Soviética"/>
                  </grup.nom>
                </sn>
                <f lem="-" pos="fg" punct="hyphen" wd="-"/>
              </sn>
            </grup.nom>
          </sn>
        </sp>
        <S clausetype="relative">
          <f lem="," pos="fc" punct="comma" wd=","/>
          <relatiu arg="arg1" func="suj" tem="tem">
            <p gen="c" lem="que" num="c" pos="pr0cn000" postype="relative" wd="que"/>
          </relatiu>
          <grup.verb>
            <v lem="llegar" mood="indicative" num="p" person="3" pos="vmis3p0" postype="main" tense="past" wd="llegaron"/>
            <s lem="a" pos="sps00" postype="preposition" wd="a"/>
            <infinitiu>
              <v lem="tener" lss="C21.state-attributive" mood="infinitive" pos="vmn0000" postype="main" wd="tener"/>
            </infinitiu>
          </grup.verb>
          <sn arg="arg2" func="cd" functype="quantitative" tem="atr">
            <grup.nom gen="f" num="s">
              <n gen="f" lem="capacidad" num="s" pos="ncfs000" postype="common" sense="16:04049240" wd="capacidad"/>
              <sp>
                <prep>
                  <s lem="para" pos="sps00" postype="preposition" wd="para"/>
                </prep>
                <S clausetype="completive" impersonal="yes">
                  <infinitiu>
                    <v lem="destruir" lss="A21.transitive-agentive-patient" mood="infinitive" pos="vmn0000" postype="main" wd="destruir"/>
                  </infinitiu>
                  <sn arg="argM" func="cc" tem="adv">
                    <spec gen="f" num="p">
                      <d gen="f" lem="varios" num="p" pos="di0fp0" postype="indefinite" wd="varias"/>
                    </spec>
                    <grup.nom gen="f" num="p">
                      <n gen="f" lem="vez" num="p" pos="ncfp000" postype="common" sense="16:05449233" wd="veces"/>
                    </grup.nom>
                  </sn>
                  <sn arg="arg1" entityref="ne" func="cd" ne="other" tem="pat">
                    <spec gen="f" num="s">
                      <d gen="f" lem="el" num="s" pos="da0fs0" postype="article" wd="la"/>
                      <d gen="f" lem="propio" num="s" pos="di0fs0" postype="indefinite" wd="propia"/>
                    </spec>
                    <grup.nom gen="f" num="s">
                      <n lem="Tierra" ne="other" pos="np0000a" postype="proper" sense="16:cs1" wd="Tierra"/>
                    </grup.nom>
                  </sn>
                </S>
              </sp>
            </grup.nom>
          </sn>
        </S>
      </grup.nom>
    </sn>
    <f lem="." pos="fp" punct="period" wd="."/>
  </sentence>
  <sentence coord="yes">
    <S>
      <sadv arg="argM" func="cc" tem="mnr">
        <grup.adv>
          <r lem="felizmente" pos="rg" wd="Felizmente"/>
        </grup.adv>
      </sadv>
      <sn arg="arg0" func="suj" tem="agt">
        <spec gen="f" num="s">
          <d gen="f" lem="el" num="s" pos="da0fs0" postype="article" wd="la"/>
        </spec>
        <grup.nom gen="f" num="s">
          <n gen="f" lem="sensatez" num="s" pos="ncfs000" postype="common" sense="16:10316846" wd="sensatez"/>
        </grup.nom>
      </sn>
      <morfema.pronominal>
        <p gen="c" lem="él" num="c" person="3" pos="p0300000" wd="se"/>
      </morfema.pronominal>
      <grup.verb>
        <v lem="imponer" lss="A32.ditransitive-patient-benefactive" mood="indicative" num="s" person="3" pos="vmis3s0" postype="main" tense="past" wd="impuso"/>
      </grup.verb>
    </S>
    <conj conjunctiontype="coordinating">
      <c lem="y" pos="cc" postype="coordinating" wd="y"/>
    </conj>
    <S>
      <S>
        <sn arg="arg1" func="suj" tem="tem">
          <spec gen="f" num="s">
            <d gen="f" lem="el" num="s" pos="da0fs0" postype="article" wd="la"/>
          </spec>
          <grup.nom gen="f" num="s">
            <n gen="f" lem="tendencia" lexicalid="noun.tendencia.1.default" num="s" origin="deverbal" pos="ncfs000" postype="common" sense="16:06390652" wd="tendencia"/>
          </grup.nom>
        </sn>
        <grup.verb>
          <v lem="ser" lss="C21.state-attributive" mood="indicative" num="s" person="3" pos="vsip3s0" postype="semiauxiliary" tense="present" wd="es"/>
        </grup.verb>
        <sadv arg="argM" func="cc" tem="tmp">
          <grup.adv>
            <r lem="hoy" pos="rg" wd="hoy"/>
          </grup.adv>
        </sadv>
        <sn arg="arg2" func="atr" tem="atr">
          <spec gen="f" num="s">
            <d gen="f" lem="el" num="s" pos="da0fs0" postype="article" wd="la"/>
          </spec>
          <grup.nom gen="f" num="s">
            <s.a gen="f" num="s">
              <grup.a gen="f" num="s">
                <a gen="f" lem="contrario" num="s" pos="aq0fs0" postype="qualificative" wd="contraria"/>
              </grup.a>
            </s.a>
          </grup.nom>
        </sn>
      </S>
      <sn coord="yes">
        <f lem=":" pos="fd" punct="colon" wd=":"/>
        <sn>
          <spec gen="m" num="p">
            <r lem="menos" pos="rg" wd="menos"/>
          </spec>
          <grup.nom gen="m" num="p">
            <n gen="m" lem="arsenal" num="p" pos="ncmp000" postype="common" sense="16:02212979" wd="arsenales"/>
          </grup.nom>
        </sn>
        <sn>
          <spec gen="f" num="p">
            <r lem="menos" pos="rg" wd="menos"/>
          </spec>
          <grup.nom gen="f" num="p">
            <n gen="f" lem="cabeza" num="p" pos="ncfp000" postype="common" sense="16:02805509" wd="cabezas"/>
            <s.a gen="f" num="p">
              <grup.a gen="f" num="p">
                <a gen="c" lem="nuclear" num="p" pos="aq0cp0" postype="qualificative" wd="nucleares"/>
              </grup.a>
            </s.a>
          </grup.nom>
        </sn>
        <conj conjunctiontype="coordinating">
          <c lem="y" pos="cc" postype="coordinating" wd="y"/>
        </conj>
        <sn>
          <spec gen="m" num="p">
            <r lem="más" pos="rg" wd="más"/>
          </spec>
          <grup.nom gen="m" num="p">
            <n gen="m" lem="presupuesto" lexicalid="noun.presupuesto.1.default" num="p" origin="deverbal" pos="ncmp000" postype="common" sense="16:09668771" wd="presupuestos"/>
            <sp func="cn">
              <prep>
                <s lem="para" pos="sps00" postype="preposition" wd="para"/>
              </prep>
              <sn>
                <spec gen="f" num="s">
                  <d gen="f" lem="el" num="s" pos="da0fs0" postype="article" wd="la"/>
                </spec>
                <grup.nom gen="f" num="s">
                  <n gen="f" lem="solidaridad" num="s" pos="ncfs000" postype="common" sense="16:03741896" wd="solidaridad"/>
                  <s.a gen="f" num="s">
                    <grup.a gen="f" num="s">
                      <a gen="c" lem="mundial" num="s" pos="aq0cs0" postype="qualificative" wd="mundial"/>
                    </grup.a>
                  </s.a>
                </grup.nom>
              </sn>
            </sp>
          </grup.nom>
        </sn>
      </sn>
    </S>
    <f lem="." pos="fp" punct="period" wd="."/>
  </sentence>
  <sentence>
    <sn arg="arg0" func="suj" tem="cau">
      <spec gen="m" num="p">
        <d gen="m" lem="el" num="p" pos="da0mp0" postype="article" wd="Los"/>
      </spec>
      <grup.nom gen="m" num="p">
        <n gen="m" lem="resultado" lexicalid="noun.resultado.2.default" num="p" origin="deverbal" pos="ncmp000" postype="common" sense="16:05438613" wd="resultados"/>
      </grup.nom>
    </sn>
    <grup.verb>
      <v lem="sorprender" lss="A11.transitive-causative" mood="indicative" num="p" person="3" pos="vmip3p0" postype="main" tense="present" wd="sorprenden"/>
    </grup.verb>
    <sp arg="argM" func="cc" tem="tmp">
      <f lem="," pos="fc" punct="comma" wd=","/>
      <prep>
        <s lem="en" pos="sps00" postype="preposition" wd="en"/>
      </prep>
      <sn>
        <neg>
          <r lem="no" pos="rn" postype="negative" wd="no"/>
        </neg>
        <sn>
          <spec gen="f" num="p">
            <d gen="f" lem="poco" num="p" pos="di0fp0" postype="indefinite" wd="pocas"/>
          </spec>
          <grup.nom gen="f" num="p">
            <n gen="f" lem="ocasión" num="p" pos="ncfp000" postype="common" sense="16:05449233" wd="ocasiones"/>
          </grup.nom>
        </sn>
      </sn>
      <f lem="," pos="fc" punct="comma" wd=","/>
    </sp>
    <sp arg="arg1" func="cd" tem="tem">
      <prep>
        <s lem="a" pos="sps00" postype="preposition" wd="a"/>
      </prep>
      <sn complex="yes">
        <grup.nom coord="yes">
          <grup.nom gen="m" num="p">
            <n gen="m" lem="propio" num="p" pos="ncmp000" postype="common" sense="16:cs1" wd="propios"/>
          </grup.nom>
          <conj conjunctiontype="coordinating">
            <c lem="y" pos="cc" postype="coordinating" wd="y"/>
          </conj>
          <grup.nom gen="m" num="p">
            <n gen="m" lem="extraño" num="p" pos="ncmp000" postype="common" sense="16:07614356" wd="extraños"/>
          </grup.nom>
        </grup.nom>
      </sn>
    </sp>
    <f lem="." pos="fp" punct="period" wd="."/>
  </sentence>
  <sentence coord="yes">
    <S>
      <sadv arg="argM" func="cc" tem="tmp">
        <grup.adv>
          <r lem="hoy" pos="rg" wd="Hoy"/>
        </grup.adv>
        <f lem="," pos="fc" punct="comma" wd=","/>
      </sadv>
      <sn arg="arg0" func="suj" tem="agt">
        <spec gen="f" num="p">
          <d gen="f" lem="el" num="p" pos="da0fp0" postype="article" wd="las"/>
        </spec>
        <grup.nom gen="f" num="p">
          <s.a gen="f" num="p">
            <grup.a gen="f" num="p">
              <a gen="f" lem="moderno" num="p" pos="aq0fp0" postype="qualificative" wd="modernas"/>
            </grup.a>
          </s.a>
          <n gen="f" lem="ciencia" num="p" pos="ncfp000" postype="common" sense="16:04590750" wd="ciencias"/>
          <sp>
            <prep>
              <s lem="de" pos="sps00" postype="preposition" wd="de"/>
            </prep>
            <sn coord="yes">
              <sn>
                <spec gen="f" num="s">
                  <d gen="f" lem="el" num="s" pos="da0fs0" postype="article" wd="la"/>
                </spec>
                <grup.nom gen="f" num="s">
                  <n gen="f" lem="dermatología" num="s" pos="ncfs000" postype="common" sense="16:04627248" wd="dermatología"/>
                </grup.nom>
              </sn>
              <conj conjunctiontype="coordinating">
                <c lem="y" pos="cc" postype="coordinating" wd="y"/>
              </conj>
              <sn>
                <spec gen="f" num="s">
                  <d gen="f" lem="el" num="s" pos="da0fs0" postype="article" wd="la"/>
                </spec>
                <grup.nom gen="f" num="s">
                  <n gen="f" lem="cosmética" num="s" pos="ncfs000" postype="common" sense="16:cs1" wd="cosmética"/>
                </grup.nom>
              </sn>
            </sn>
          </sp>
        </grup.nom>
      </sn>
      <grup.verb>
        <v lem="caminar" lss="D11.inergative-agentive" mood="indicative" num="p" person="3" pos="vmip3p0" postype="main" tense="present" wd="caminan"/>
      </grup.verb>
      <sp arg="argM" func="cc" tem="adv">
        <prep>
          <s lem="en" pos="sps00" postype="preposition" wd="en"/>
        </prep>
        <sn>
          <spec gen="m" num="s">
            <d gen="m" lem="ese" num="s" pos="dd0ms0" postype="demonstrative" wd="ese"/>
          </spec>
          <grup.nom gen="m" num="s">
            <n gen="m" lem="sentido" num="s" pos="ncms000" postype="common" sense="16:06389665" wd="sentido"/>
          </grup.nom>
        </sn>
      </sp>
    </S>
    <conj conjunctiontype="coordinating">
      <c lem="y" pos="cc" postype="coordinating" wd="y"/>
    </conj>
    <S>
      <sn arg="arg0" elliptic="yes" func="suj" tem="agt"/>
      <grup.verb>
        <v lem="centrar" lss="A34.ditransitive-patient-theme" mood="indicative" num="p" person="3" pos="vmip3p0" postype="main" tense="present" wd="centran"/>
      </grup.verb>
      <sn arg="arg1" func="cd" tem="pat">
        <spec gen="m" num="s">
          <d gen="m" lem="todo" num="s" pos="di0ms0" postype="indefinite" wd="todo"/>
          <d gen="c" lem="su" num="s" person="3" pos="dp3cs0" postype="possessive" wd="su"/>
        </spec>
        <grup.nom gen="m" num="s">
          <n gen="m" lem="empeño" lexicalid="noun.empeño.1.default" num="s" origin="deverbal" pos="ncms000" postype="common" sense="16:00721000" wd="empeño"/>
        </grup.nom>
      </sn>
      <sp arg="arg2" func="creg" tem="tem">
        <prep>
          <s lem="en" pos="sps00" postype="preposition" wd="en"/>
        </prep>
        <S clausetype="completive" impersonal="yes">
          <infinitiu>
            <v lem="aislar" lss="A31.ditransitive-patient-locative" mood="infinitive" pos="vmn0000" postype="main" wd="aislar"/>
          </infinitiu>
          <sn arg="arg1" func="cd" tem="pat">
            <spec gen="m" num="p">
              <d gen="m" lem="el" num="p" pos="da0mp0" postype="article" wd="los"/>
            </spec>
            <grup.nom gen="m" num="p">
              <n gen="m" lem="principio" num="p" pos="ncmp000" postype="common" sense="16:04465484" wd="principios"/>
              <s.a gen="m" num="p">
                <grup.a gen="m" num="p">
                  <a gen="m" lem="inmediato" num="p" pos="aq0mp0" postype="qualificative" wd="inmediatos"/>
                </grup.a>
              </s.a>
              <S clausetype="relative">
                <relatiu arg="arg0" func="suj" tem="agt">
                  <p gen="c" lem="que" num="c" pos="pr0cn000" postype="relative" wd="que"/>
                </relatiu>
                <grup.verb>
                  <v lem="hacer" lss="A21.transitive-agentive-patient" mood="indicative" num="p" person="3" pos="vmip3p0" postype="main" tense="present" wd="hacen"/>
                </grup.verb>
                <sa arg="arg2" func="cpred" predicate="cd" tem="atr">
                  <grup.a>
                    <a gen="c" lem="posible" num="s" pos="aq0cs0" postype="qualificative" wd="posible"/>
                  </grup.a>
                </sa>
                <sn arg="arg1" func="cd" tem="pat">
                  <spec gen="f" num="s">
                    <d gen="f" lem="el" num="s" pos="da0fs0" postype="article" wd="la"/>
                  </spec>
                  <grup.nom gen="f" num="s">
                    <n gen="f" lem="regeneración" lexicalid="noun.regeneración.3.default" num="s" origin="deverbal" pos="ncfs000" postype="common" sense="16:09697656" wd="regeneración"/>
                    <sp arg="arg1" coord="yes" func="cn" tem="tem">
                      <sp>
                        <prep>
                          <s lem="de" pos="sps00" postype="preposition" wd="de"/>
                        </prep>
                        <sn>
                          <spec gen="f" num="p">
                            <d gen="f" lem="el" num="p" pos="da0fp0" postype="article" wd="las"/>
                          </spec>
                          <grup.nom gen="f" num="p">
                            <n gen="f" lem="célula" num="p" pos="ncfp000" postype="common" sense="16:00003095" wd="células"/>
                            <s.a gen="f" num="p">
                              <grup.a gen="f" num="p">
                                <a gen="c" lem="epitelial" num="p" pos="aq0cp0" postype="qualificative" wd="epiteliales"/>
                              </grup.a>
                            </s.a>
                          </grup.nom>
                        </sn>
                      </sp>
                      <conj conjunctiontype="coordinating">
                        <c lem="o" pos="cc" postype="coordinating" wd="o"/>
                      </conj>
                      <sp>
                        <prep>
                          <s lem="de" pos="sps00" postype="preposition" wd="de"/>
                        </prep>
                        <sn>
                          <spec gen="m" num="p">
                            <d gen="m" lem="el" num="p" pos="da0mp0" postype="article" wd="los"/>
                          </spec>
                          <grup.nom gen="m" num="p">
                            <n gen="m" lem="cabello" num="p" pos="ncmp000" postype="common" sense="16:04080650" wd="cabellos"/>
                          </grup.nom>
                        </sn>
                      </sp>
                    </sp>
                  </grup.nom>
                </sn>
              </S>
            </grup.nom>
          </sn>
        </S>
      </sp>
    </S>
    <f lem="." pos="fp" punct="period" wd="."/>
  </sentence>
  <sentence>
    <sn arg="arg1" func="suj" tem="tem">
      <grup.nom gen="m" num="p">
        <p gen="m" lem="uno" num="s" pos="pi0ms000" postype="indefinite" wd="Uno"/>
        <sp>
          <prep>
            <s lem="de" pos="sps00" postype="preposition" wd="de"/>
          </prep>
          <sn>
            <spec gen="m" num="p">
              <d gen="m" lem="el" num="p" pos="da0mp0" postype="article" wd="los"/>
            </spec>
            <grup.nom gen="m" num="p">
              <s.a func="cn" gen="m" num="p">
                <spec>
                  <r lem="más" pos="rg" wd="más"/>
                </spec>
                <grup.a gen="m" num="p">
                  <a gen="m" lem="moderno" num="p" pos="aq0mp0" postype="qualificative" wd="modernos"/>
                </grup.a>
              </s.a>
              <n gen="m" lem="tratamiento" lexicalid="noun.tratamiento.6.default" num="p" origin="deverbal" pos="ncmp000" postype="common" sense="16:00430183" wd="tratamientos"/>
              <s.a arg="arg1" func="cn" gen="m" num="p" tem="pat">
                <grup.a gen="m" num="p">
                  <a gen="c" lem="anticalvicie" num="c" pos="aq0cn0" postype="qualificative" wd="anticalvicie"/>
                </grup.a>
              </s.a>
            </grup.nom>
          </sn>
        </sp>
      </grup.nom>
    </sn>
    <morfema.pronominal>
      <p gen="c" lem="él" num="c" person="3" pos="p0300000" wd="se"/>
    </morfema.pronominal>
    <grup.verb>
      <v lem="componer" lss="C21.state-attributive" mood="indicative" num="s" person="3" pos="vmip3s0" postype="main" tense="present" wd="compone"/>
    </grup.verb>
    <sadv arg="argM" func="cc" tem="adv">
      <grup.adv>
        <r lem="precisamente" pos="rg" wd="precisamente"/>
      </grup.adv>
    </sadv>
    <sp arg="arg2" func="creg" tem="atr">
      <prep>
        <s lem="de" pos="sps00" postype="preposition" wd="de"/>
      </prep>
      <sn>
        <spec gen="m" num="s">
          <d gen="m" lem="uno" num="s" pos="di0ms0" postype="indefinite" wd="un"/>
        </spec>
        <grup.nom gen="m" num="s">
          <n gen="m" lem="liofilizado" num="s" pos="ncms000" postype="common" sense="16:cs2" wd="liofilizado"/>
          <sp>
            <prep>
              <s lem="de" pos="sps00" postype="preposition" wd="de"/>
            </prep>
            <sn>
              <grup.nom gen="m" num="s">
                <n gen="m" lem="líquido" num="s" pos="ncms000" postype="common" sense="16:10720487" wd="líquido"/>
                <s.a gen="m" num="s">
                  <grup.a gen="m" num="s">
                    <a gen="m" lem="ammiótico" num="s" pos="aq0ms0" postype="qualificative" wd="ammiótico"/>
                  </grup.a>
                </s.a>
                <sn>
                  <f lem="," pos="fc" punct="comma" wd=","/>
                  <spec gen="m" num="s">
                    <d gen="m" lem="el" num="s" pos="da0ms0" postype="article" wd="el"/>
                  </spec>
                  <S clausetype="relative">
                    <relatiu arg="arg0" func="suj" tem="agt">
                      <p gen="c" lem="que" num="c" pos="pr0cn000" postype="relative" wd="que"/>
                    </relatiu>
                    <grup.verb>
                      <v lem="proteger" lss="A34.ditransitive-patient-theme" mood="indicative" num="s" person="3" pos="vmip3s0" postype="main" tense="present" wd="protege"/>
                    </grup.verb>
                    <sp arg="arg1" func="cd" tem="pat">
                      <prep>
                        <s lem="a" pos="sps00" postype="preposition" wd="a"/>
                      </prep>
                      <sn>
                        <spec gen="m" num="p">
                          <d gen="m" lem="el" num="p" pos="da0mp0" postype="article" wd="los"/>
                        </spec>
                        <grup.nom gen="m" num="p">
                          <n gen="m" lem="feto" num="p" pos="ncmp000" postype="common" sense="16:00985911" wd="fetos"/>
                        </grup.nom>
                      </sn>
                    </sp>
                  </S>
                  <f lem="," pos="fc" punct="comma" wd=","/>
                </sn>
              </grup.nom>
            </sn>
          </sp>
          <S clausetype="participle" impersonal="yes">
            <participi>
              <a gen="m" lem="unido" lss="B22.unaccusative-passive-transitive" num="s" pos="aq0msp" posfunction="participle" postype="qualificative" wd="unido"/>
            </participi>
            <sp arg="arg2" func="creg" tem="tem">
              <prep>
                <s lem="a" pos="sps00" postype="preposition" wd="a"/>
              </prep>
              <sn>
                <spec gen="m" num="s">
                  <d gen="m" lem="uno" num="s" pos="di0ms0" postype="indefinite" wd="un"/>
                </spec>
                <grup.nom gen="m" num="s">
                  <n gen="m" lem="preparado" lexicalid="noun.preparado.1.default" num="s" origin="deverbal" pos="ncms000" postype="common" sense="16:05491211" wd="preparado"/>
                  <s.a arg="arg1" func="cn" gen="m" num="s" tem="pat">
                    <grup.a gen="m" num="s">
                      <a gen="m" lem="azufrado" num="s" pos="aq0ms0" postype="qualificative" wd="azufrado"/>
                    </grup.a>
                  </s.a>
                  <sp func="cn">
                    <prep>
                      <s lem="de" pos="sps00" postype="preposition" wd="de"/>
                    </prep>
                    <sn>
                      <grup.nom gen="m" num="s">
                        <n gen="m" lem="origen" num="s" pos="ncms000" postype="common" sense="16:03852754" wd="origen"/>
                        <s.a gen="m" num="s">
                          <grup.a gen="m" num="s">
                            <a gen="m" lem="orgánico" num="s" pos="aq0ms0" postype="qualificative" wd="orgánico"/>
                          </grup.a>
                        </s.a>
                      </grup.nom>
                    </sn>
                  </sp>
                  <S clausetype="participle" func="cn" impersonal="yes">
                    <participi>
                      <a gen="m" lem="llamado" lss="C21.state-attributive" num="s" pos="aq0msp" posfunction="participle" postype="qualificative" wd="llamado"/>
                    </participi>
                    <sn arg="arg2" entityref="ne" func="cpred" ne="other" tem="atr">
                      <grup.nom>
                        <n lem="S_Carboximetilcisteina" ne="other" pos="np0000a" postype="proper" sense="16:cs1" wd="S_Carboximetilcisteina"/>
                      </grup.nom>
                    </sn>
                  </S>
                </grup.nom>
              </sn>
            </sp>
          </S>
        </grup.nom>
      </sn>
    </sp>
    <f lem="." pos="fp" punct="period" wd="."/>
  </sentence>
  <sentence>
    <conj conjunctiontype="coordinating" func="et">
      <c lem="pero" pos="cc" postype="coordinating" wd="Pero"/>
    </conj>
    <sn arg="arg1" func="suj" tem="tem">
      <spec gen="m" num="s">
        <d gen="c" lem="el" num="s" pos="da0ns0" postype="article" wd="lo"/>
      </spec>
      <grup.nom gen="m" num="s">
        <s.a gen="m" num="s">
          <grup.a gen="m" num="s">
            <a gen="m" lem="cierto" num="s" pos="aq0ms0" postype="qualificative" wd="cierto"/>
          </grup.a>
        </s.a>
      </grup.nom>
    </sn>
    <grup.verb>
      <v lem="ser" lss="C21.state-attributive" mood="indicative" num="s" person="3" pos="vsip3s0" postype="semiauxiliary" tense="present" wd="es"/>
    </grup.verb>
    <S arg="arg2" clausetype="completive" func="atr" tem="atr">
      <conj conjunctiontype="subordinating">
        <c lem="que" pos="cs" postype="subordinating" wd="que"/>
      </conj>
      <sn arg="arg1" complex="yes" func="suj" tem="tem">
        <grup.nom coord="yes">
          <grup.nom gen="m" num="p">
            <n gen="m" lem="mamífero" num="p" pos="ncmp000" postype="common" sense="16:01378363" wd="mamíferos"/>
          </grup.nom>
          <f lem="," pos="fc" punct="comma" wd=","/>
          <grup.nom gen="f" num="p">
            <n gen="f" lem="ave" num="p" pos="ncfp000" postype="common" sense="16:01026695" wd="aves"/>
          </grup.nom>
          <f lem="," pos="fc" punct="comma" wd=","/>
          <grup.nom gen="m" num="p">
            <n gen="m" lem="reptil" num="p" pos="ncmp000" postype="common" sense="16:01182199" wd="reptiles"/>
          </grup.nom>
          <f lem="," pos="fc" punct="comma" wd=","/>
          <grup.nom gen="m" num="p">
            <n gen="m" lem="anfibio" num="p" pos="ncmp000" postype="common" sense="16:01148941" wd="anfibios"/>
          </grup.nom>
          <f lem="," pos="fc" punct="comma" wd=","/>
          <grup.nom gen="m" num="p">
            <n gen="m" lem="pez" num="p" pos="ncmp000" postype="common" sense="16:02005782" wd="peces"/>
          </grup.nom>
          <conj conjunctiontype="coordinating">
            <c lem="e" pos="cc" postype="coordinating" wd="e"/>
          </conj>
          <grup.nom gen="m" num="p">
            <n gen="m" lem="invertebrado" num="p" pos="ncmp000" postype="common" sense="16:01420347" wd="invertebrados"/>
          </grup.nom>
        </grup.nom>
      </sn>
      <grup.verb>
        <v lem="presentar" lss="C21.state-attributive" mood="indicative" num="p" person="3" pos="vmip3p0" postype="main" tense="present" wd="presentan"/>
      </grup.verb>
      <sn arg="arg2" func="cd" functype="quantitative" tem="atr">
        <grup.nom gen="f" num="p">
          <s.a func="cn" gen="f" num="p">
            <grup.a gen="f" num="p">
              <a gen="f" lem="neto" num="p" pos="aq0fp0" postype="qualificative" wd="netas"/>
            </grup.a>
          </s.a>
          <n gen="f" lem="diferencia" lexicalid="noun.diferencia.1.default" num="p" origin="deverbal" pos="ncfp000" postype="common" sense="16:03731593" wd="diferencias"/>
        </grup.nom>
      </sn>
      <sp arg="argM" func="cc" tem="loc">
        <prep>
          <s lem="en" pos="sps00" postype="preposition" wd="en"/>
        </prep>
        <sn>
          <spec gen="f" num="s">
            <d gen="f" lem="el" num="s" pos="da0fs0" postype="article" wd="la"/>
          </spec>
          <grup.nom gen="f" num="s">
            <n gen="f" lem="constitución" lexicalid="noun.constitución.1.default" num="s" origin="deverbal" pos="ncfs000" postype="common" sense="16:03904884" wd="constitución"/>
            <sp arg="arg1" func="cn" tem="tem">
              <prep>
                <s lem="de" pos="sps00" postype="preposition" wd="de"/>
              </prep>
              <sn>
                <spec gen="f" num="p">
                  <d gen="c" lem="su" num="p" person="3" pos="dp3cp0" postype="possessive" wd="sus"/>
                </spec>
                <grup.nom gen="f" num="p">
                  <s.a gen="f" num="p">
                    <grup.a gen="f" num="p">
                      <a gen="f" lem="respectivo" num="p" pos="aq0fp0" postype="qualificative" wd="respectivas"/>
                    </grup.a>
                  </s.a>
                  <n gen="f" lem="piel" num="p" pos="ncfp000" postype="common" sense="16:01411738" wd="pieles"/>
                </grup.nom>
              </sn>
            </sp>
          </grup.nom>
        </sn>
      </sp>
      <sn func="ao">
        <f lem="," pos="fc" punct="comma" wd=","/>
        <grup.nom gen="f" num="s">
          <n gen="f" lem="cosa" num="s" pos="ncfs000" postype="common" sense="16:05437110" wd="cosa"/>
          <S clausetype="relative">
            <relatiu arg="arg1" func="suj" tem="pat">
              <p gen="c" lem="que" num="c" pos="pr0cn000" postype="relative" wd="que"/>
            </relatiu>
            <morfema.verbal func="pass">
              <p gen="c" lem="se" num="c" pos="p0000000" wd="se"/>
            </morfema.verbal>
            <grup.verb>
              <v lem="advertir" lss="B22.unaccusative-passive-transitive" mood="indicative" num="s" person="3" pos="vmip3s0" postype="main" tense="present" wd="advierte"/>
            </grup.verb>
            <sp arg="argM" func="cc" tem="adv">
              <prep>
                <s lem="a" pos="sps00" postype="preposition" wd="a"/>
              </prep>
              <sn>
                <grup.nom gen="f" num="s">
                  <s.a func="cn" gen="f" num="s">
                    <grup.a gen="f" num="s">
                      <a gen="c" lem="simple" num="s" pos="aq0cs0" postype="qualificative" wd="simple"/>
                    </grup.a>
                  </s.a>
                  <n gen="f" lem="vista" lexicalid="noun.vista.1.default" num="s" origin="deverbal" pos="ncfs000" postype="common" sense="16:04373072+10391014" wd="vista"/>
                </grup.nom>
              </sn>
            </sp>
          </S>
        </grup.nom>
      </sn>
    </S>
    <f lem="." pos="fp" punct="period" wd="."/>
  </sentence>
  <sentence>
    <sn arg="arg1" coord="yes" func="suj" tem="tem">
      <sn>
        <spec gen="f" num="s">
          <d gen="f" lem="uno" num="s" pos="di0fs0" postype="indefinite" wd="Una"/>
        </spec>
        <grup.nom gen="f" num="s">
          <n gen="f" lem="cebra" num="s" pos="ncfs000" postype="common" sense="16:01888564" wd="cebra"/>
        </grup.nom>
      </sn>
      <f lem="," pos="fc" punct="comma" wd=","/>
      <sn>
        <spec gen="m" num="s">
          <d gen="m" lem="uno" num="s" pos="di0ms0" postype="indefinite" wd="un"/>
        </spec>
        <grup.nom gen="f" num="s">
          <n gen="f" lem="águila" num="s" pos="ncfs000" postype="common" sense="16:01135434" wd="águila"/>
          <s.a gen="f" num="s">
            <grup.a gen="f" num="s">
              <a gen="c" lem="real" num="s" pos="aq0cs0" postype="qualificative" wd="real"/>
            </grup.a>
          </s.a>
        </grup.nom>
      </sn>
      <f lem="," pos="fc" punct="comma" wd=","/>
      <sn>
        <spec gen="f" num="s">
          <d gen="f" lem="uno" num="s" pos="di0fs0" postype="indefinite" wd="una"/>
        </spec>
        <grup.nom gen="f" num="s">
          <n gen="f" lem="serpiente" num="s" pos="ncfs000" postype="common" sense="16:01247280" wd="serpiente"/>
          <sp>
            <prep>
              <s lem="de" pos="sps00" postype="preposition" wd="de"/>
            </prep>
            <sn>
              <grup.nom gen="m" num="s">
                <n gen="m" lem="cascabel" num="s" pos="ncms000" postype="common" sense="16:03350875" wd="cascabel"/>
              </grup.nom>
            </sn>
          </sp>
        </grup.nom>
      </sn>
      <f lem="," pos="fc" punct="comma" wd=","/>
      <sn>
        <spec gen="f" num="s">
          <d gen="f" lem="uno" num="s" pos="di0fs0" postype="indefinite" wd="una"/>
        </spec>
        <grup.nom gen="f" num="s">
          <n gen="f" lem="rana" num="s" pos="ncfs000" postype="common" sense="16:01162223" wd="rana"/>
          <s.a gen="f" num="s">
            <grup.a gen="f" num="s">
              <a gen="f" lem="bermejo" num="s" pos="aq0fs0" postype="qualificative" wd="bermeja"/>
            </grup.a>
          </s.a>
        </grup.nom>
      </sn>
      <f lem="," pos="fc" punct="comma" wd=","/>
      <sn>
        <spec gen="m" num="s">
          <d gen="m" lem="uno" num="s" pos="di0ms0" postype="indefinite" wd="un"/>
        </spec>
        <grup.nom gen="m" num="s">
          <n gen="m" lem="leucisco" num="s" pos="ncms000" postype="common" sense="16:cs1" wd="leucisco"/>
          <s.a gen="m" num="s">
            <grup.a gen="m" num="s">
              <a gen="m" lem="cabezudo" num="s" pos="aq0ms0" postype="qualificative" wd="cabezudo"/>
            </grup.a>
          </s.a>
        </grup.nom>
      </sn>
      <f lem="," pos="fc" punct="comma" wd=","/>
      <sn>
        <spec gen="m" num="s">
          <d gen="m" lem="uno" num="s" pos="di0ms0" postype="indefinite" wd="un"/>
        </spec>
        <grup.nom gen="m" num="s">
          <n gen="m" lem="grillo" num="s" pos="ncms000" postype="common" sense="16:01733061" wd="grillo"/>
        </grup.nom>
      </sn>
      <conj conjunctiontype="coordinating">
        <c lem="o" pos="cc" postype="coordinating" wd="o"/>
      </conj>
      <sn>
        <spec gen="f" num="s">
          <d gen="f" lem="uno" num="s" pos="di0fs0" postype="indefinite" wd="una"/>
        </spec>
        <grup.nom gen="f" num="s">
          <s.a gen="f" num="s">
            <grup.a gen="f" num="s">
              <a gen="c" lem="simple" num="s" pos="aq0cs0" postype="qualificative" wd="simple"/>
            </grup.a>
          </s.a>
          <n gen="f" lem="araña" num="s" pos="ncfs000" postype="common" sense="16:01291504" wd="araña"/>
          <sp>
            <prep>
              <s lem="de" pos="sps00" postype="preposition" wd="de"/>
            </prep>
            <sn>
              <grup.nom gen="m" num="s">
                <n gen="m" lem="jardín" num="s" pos="ncms000" postype="common" sense="16:02738912" wd="jardín"/>
              </grup.nom>
            </sn>
          </sp>
        </grup.nom>
      </sn>
    </sn>
    <grup.verb>
      <v lem="tener" mood="indicative" multiwordid="0" multiwordlemma="tener_que_ver" multiwordpos="yes" num="p" person="3" pos="vmip3p0" postype="main" tense="present" wd="tienen"/>
      <sn arg="argM" func="cc" tem="adv">
        <spec>
          <r lem="mucho" pos="rg" wd="muy"/>
        </spec>
        <grup.nom gen="m" num="s">
          <p gen="m" lem="poco" num="s" pos="pi0ms000" postype="indefinite" wd="poco"/>
        </grup.nom>
      </sn>
      <c lem="que" multiwordid="0" multiwordlemma="tener_que_ver" pos="cs" postype="subordinating" wd="que"/>
      <v lem="ver" lss="C11.state-existential" mood="infinitive" multiwordid="0" multiwordlemma="tener_que_ver" pos="vmn0000" postype="main" wd="ver"/>
    </grup.verb>
    <sp arg="argM" func="cc" tem="adv">
      <prep>
        <s lem="entre" pos="sps00" postype="preposition" wd="entre"/>
      </prep>
      <sn>
        <grup.nom>
          <p case="oblique" gen="c" lem="él" num="c" person="3" pos="pp3cno00" postype="personal" wd="sí"/>
        </grup.nom>
      </sn>
    </sp>
    <sp arg="argM" func="cc" tem="adv">
      <prep>
        <s lem="en" pos="sps00" postype="preposition" wd="en"/>
      </prep>
      <sn>
        <spec gen="m" num="s">
          <d gen="c" lem="el" num="s" pos="da0ns0" postype="article" wd="lo"/>
        </spec>
        <grup.nom gen="m" num="s">
          <S clausetype="relative">
            <relatiu arg="arg1" func="suj" tem="tem">
              <p gen="c" lem="que" num="c" pos="pr0cn000" postype="relative" wd="que"/>
            </relatiu>
            <morfema.pronominal>
              <p gen="c" lem="él" num="c" person="3" pos="p0300000" wd="se"/>
            </morfema.pronominal>
            <grup.verb>
              <v lem="referir" lss="C21.state-attributive" mood="indicative" num="s" person="3" pos="vmip3s0" postype="main" tense="present" wd="refiere"/>
            </grup.verb>
            <sp arg="arg2" func="creg" tem="atr">
              <prep>
                <s lem="a" pos="sps00" postype="preposition" wd="a"/>
              </prep>
              <sn>
                <spec gen="m" num="s">
                  <d gen="c" lem="su" num="s" person="3" pos="dp3cs0" postype="possessive" wd="su"/>
                </spec>
                <grup.nom gen="m" num="s">
                  <n gen="m" lem="atuendo" num="s" pos="ncms000" postype="common" sense="16:02222774" wd="atuendo"/>
                  <sp>
                    <prep>
                      <s lem="de" pos="sps00" postype="preposition" wd="de"/>
                    </prep>
                    <sn>
                      <grup.nom gen="f" num="s">
                        <n gen="f" lem="protección" lexicalid="noun.protección.1.default" num="s" origin="deverbal" pos="ncfs000" postype="common" sense="16:06672286" wd="protección"/>
                      </grup.nom>
                    </sn>
                  </sp>
                  <sadv>
                    <grup.adv>
                      <r lem="frente" pos="rg" wd="frente"/>
                      <sp>
                        <prep>
                          <s lem="a" pos="sps00" postype="preposition" wd="a"/>
                        </prep>
                        <sn>
                          <spec gen="f" num="p">
                            <d gen="f" lem="el" num="p" pos="da0fp0" postype="article" wd="las"/>
                          </spec>
                          <grup.nom gen="f" num="p">
                            <n gen="f" lem="inclemencia" num="p" pos="ncfp000" postype="common" sense="16:10416169" wd="inclemencias"/>
                            <s.a gen="f" num="p">
                              <grup.a gen="f" num="p">
                                <a gen="f" lem="atmosférico" num="p" pos="aq0fp0" postype="qualificative" wd="atmosféricas"/>
                              </grup.a>
                            </s.a>
                          </grup.nom>
                        </sn>
                      </sp>
                    </grup.adv>
                  </sadv>
                </grup.nom>
              </sn>
            </sp>
          </S>
        </grup.nom>
      </sn>
    </sp>
    <f lem="." pos="fp" punct="period" wd="."/>
  </sentence>
  <sentence>
    <sn arg="arg1" func="suj" tem="tem">
      <spec gen="m" num="s">
        <d gen="m" lem="el" num="s" pos="da0ms0" postype="article" wd="El"/>
      </spec>
      <grup.nom gen="m" num="s">
        <n gen="m" lem="mecanismo" num="s" pos="ncms000" postype="common" sense="16:00062253" wd="mecanismo"/>
        <s.a gen="m" num="s">
          <grup.a gen="m" num="s">
            <a gen="m" lem="evolutivo" num="s" pos="aq0ms0" postype="qualificative" wd="evolutivo"/>
          </grup.a>
        </s.a>
      </grup.nom>
    </sn>
    <grup.verb>
      <v lem="encerrar" lss="C21.state-attributive" mood="indicative" num="s" person="3" pos="vmip3s0" postype="main" tense="present" wd="encierra"/>
    </grup.verb>
    <sn arg="arg2" func="cd" functype="quantitative" tem="atr">
      <spec gen="f" num="s">
        <d gen="f" lem="el" num="s" pos="da0fs0" postype="article" wd="la"/>
      </spec>
      <grup.nom gen="f" num="s">
        <n gen="f" lem="clave" num="s" pos="ncfs000" postype="common" sense="16:04465927" wd="clave"/>
        <sp>
          <prep>
            <s lem="de" pos="sps00" postype="preposition" wd="de"/>
          </prep>
          <sn>
            <spec gen="f" num="s">
              <d gen="f" lem="este" num="s" pos="dd0fs0" postype="demonstrative" wd="esta"/>
            </spec>
            <grup.nom gen="f" num="s">
              <n gen="f" lem="diversidad" num="s" pos="ncfs000" postype="common" sense="16:03732812" wd="diversidad"/>
            </grup.nom>
          </sn>
        </sp>
      </grup.nom>
    </sn>
    <f lem="." pos="fp" punct="period" wd="."/>
  </sentence>
  <sentence>
    <sp arg="argM" func="cc" tem="adv">
      <prep>
        <s lem="con" pos="sps00" postype="preposition" wd="Con"/>
      </prep>
      <sn>
        <spec gen="f" num="s">
          <d gen="f" lem="el" num="s" pos="da0fs0" postype="article" wd="la"/>
        </spec>
        <grup.nom gen="f" num="s">
          <n gen="f" lem="regulación" lexicalid="noun.regulación.1.default" num="s" origin="deverbal" pos="ncfs000" postype="common" sense="16:00514820" wd="regulación"/>
          <sp arg="arg1" func="cn" tem="pat">
            <prep>
              <s lem="de" pos="sps00" postype="preposition" wd="de"/>
            </prep>
            <sn>
              <spec gen="f" num="s">
                <d gen="f" lem="el" num="s" pos="da0fs0" postype="article" wd="la"/>
              </spec>
              <grup.nom gen="f" num="s">
                <n gen="f" lem="temperatura" num="s" pos="ncfs000" postype="common" sense="16:03914851" wd="temperatura"/>
                <s.a gen="f" num="s">
                  <grup.a gen="f" num="s">
                    <a gen="f" lem="interno" num="s" pos="aq0fs0" postype="qualificative" wd="interna"/>
                  </grup.a>
                </s.a>
              </grup.nom>
            </sn>
          </sp>
          <sp func="cn">
            <prep>
              <c lem="como" pos="cs" postype="subordinating" wd="como"/>
            </prep>
            <sn>
              <grup.nom gen="m" num="s">
                <n gen="m" lem="cometido" lexicalid="noun.cometido.1.default" num="s" origin="deverbal" pos="ncms000" postype="common" sense="16:00461778" wd="cometido"/>
                <s.a func="cn" gen="m" num="s">
                  <grup.a gen="m" num="s">
                    <a gen="m" lem="básico" num="s" pos="aq0ms0" postype="qualificative" wd="básico"/>
                  </grup.a>
                </s.a>
                <sp func="cn">
                  <prep>
                    <s lem="para" pos="sps00" postype="preposition" wd="para"/>
                  </prep>
                  <S clausetype="completive" impersonal="yes">
                    <infinitiu>
                      <v lem="garantizar" lss="A21.transitive-agentive-patient" mood="infinitive" pos="vmn0000" postype="main" wd="garantizar"/>
                    </infinitiu>
                    <sn arg="arg1" func="cd" tem="pat">
                      <spec arg="arg1" gen="f" num="s" tem="tem">
                        <d gen="c" lem="su" num="s" person="3" pos="dp3cs0" postype="possessive" wd="su"/>
                      </spec>
                      <grup.nom gen="f" num="s">
                        <n gen="f" lem="supervivencia" lexicalid="noun.supervivencia.1.default" num="s" origin="deverbal" pos="ncfs000" postype="common" sense="16:cs1" wd="supervivencia"/>
                      </grup.nom>
                    </sn>
                  </S>
                </sp>
              </grup.nom>
            </sn>
          </sp>
        </grup.nom>
      </sn>
      <f lem="," pos="fc" punct="comma" wd=","/>
    </sp>
    <sn arg="arg1" func="suj" tem="tem">
      <spec gen="f" num="s">
        <d gen="f" lem="el" num="s" pos="da0fs0" postype="article" wd="la"/>
      </spec>
      <grup.nom gen="f" num="s">
        <n gen="f" lem="piel" num="s" pos="ncfs000" postype="common" sense="16:01411738" wd="piel"/>
        <S clausetype="relative">
          <relatiu arg="arg2" func="cd" functype="quantitative" tem="atr">
            <p gen="c" lem="que" num="c" pos="pr0cn000" postype="relative" wd="que"/>
          </relatiu>
          <grup.verb>
            <v lem="presentar" lss="C21.state-attributive" mood="indicative" num="p" person="3" pos="vmip3p0" postype="main" tense="present" wd="presentan"/>
          </grup.verb>
          <sadv arg="argM" func="cc" tem="tmp">
            <grup.adv>
              <r lem="hoy_día" pos="rg" wd="hoy_día"/>
            </grup.adv>
          </sadv>
          <sn arg="arg1" func="suj" tem="tem">
            <spec gen="m" num="p">
              <d gen="m" lem="el" num="p" pos="da0mp0" postype="article" wd="los"/>
            </spec>
            <grup.nom gen="m" num="p">
              <n gen="m" lem="animal" num="p" pos="ncmp000" postype="common" sense="16:00008019" wd="animales"/>
            </grup.nom>
          </sn>
        </S>
        <S clausesubtype="concessive" clausetype="adverbial">
          <f lem="," pos="fc" punct="comma" wd=","/>
          <sadv func="mod">
            <grup.adv>
              <r lem="ya" pos="rg" wd="ya"/>
            </grup.adv>
          </sadv>
          <grup.verb>
            <v lem="ser" lss="C21.state-attributive" mood="subjunctive" num="s" person="3" pos="vssp3s0" postype="semiauxiliary" tense="present" wd="sea"/>
          </grup.verb>
          <sa arg="arg2" coord="yes" func="atr" tem="atr">
            <sa coord="yes">
              <sa>
                <grup.a>
                  <a gen="f" lem="grueso" num="s" pos="aq0fs0" postype="qualificative" wd="gruesa"/>
                </grup.a>
              </sa>
              <f lem="," pos="fc" punct="comma" wd=","/>
              <sa>
                <grup.a>
                  <a gen="f" lem="áspero" num="s" pos="aq0fs0" postype="qualificative" wd="áspera"/>
                </grup.a>
              </sa>
              <f lem="," pos="fc" punct="comma" wd=","/>
              <sa>
                <grup.a>
                  <a gen="f" lem="fino" num="s" pos="aq0fs0" postype="qualificative" wd="fina"/>
                </grup.a>
              </sa>
              <f lem="," pos="fc" punct="comma" wd=","/>
              <sa>
                <grup.a>
                  <a gen="f" lem="delicado" num="s" pos="aq0fs0" postype="qualificative" wd="delicada"/>
                </grup.a>
              </sa>
              <f lem="," pos="fc" punct="comma" wd=","/>
              <sa>
                <grup.a>
                  <a gen="f" lem="vistoso" num="s" pos="aq0fs0" postype="qualificative" wd="vistosa"/>
                </grup.a>
              </sa>
            </sa>
            <f lem=";" pos="fx" punct="semicolon" wd=";"/>
            <S clausetype="participle" impersonal="yes">
              <participi>
                <a gen="f" lem="compuesto" lss="B22.unaccusative-passive-transitive" num="s" pos="aq0fsp" posfunction="participle" postype="qualificative" wd="compuesta"/>
              </participi>
              <sp arg="arg2" func="cc" tem="atr">
                <prep>
                  <s lem="de" pos="sps00" postype="preposition" wd="de"/>
                </prep>
                <sn complex="yes">
                  <grup.nom coord="yes">
                    <grup.nom gen="m" num="s">
                      <n gen="m" lem="pelo" num="s" pos="ncms000" postype="common" sense="16:04079965" wd="pelo"/>
                    </grup.nom>
                    <f lem="," pos="fc" punct="comma" wd=","/>
                    <grup.nom gen="f" num="s">
                      <n gen="f" lem="lana" num="s" pos="ncfs000" postype="common" sense="16:01415150" wd="lana"/>
                    </grup.nom>
                    <f lem="," pos="fc" punct="comma" wd=","/>
                    <grup.nom gen="f" num="p">
                      <n gen="f" lem="pluma" num="p" pos="ncfp000" postype="common" sense="16:01411980" wd="plumas"/>
                    </grup.nom>
                    <f lem="," pos="fc" punct="comma" wd=","/>
                    <grup.nom gen="f" num="p">
                      <n gen="f" lem="cerda" num="p" pos="ncfp000" postype="common" sense="16:01417052" wd="cerdas"/>
                    </grup.nom>
                    <f lem="," pos="fc" punct="comma" wd=","/>
                    <grup.nom gen="f" num="p">
                      <n gen="f" lem="escama" num="p" pos="ncfp000" postype="common" sense="16:01418225" wd="escamas"/>
                    </grup.nom>
                    <f lem="," pos="fc" punct="comma" wd=","/>
                    <grup.nom gen="m" num="p">
                      <n gen="m" lem="caparazón" num="p" pos="ncmp000" postype="common" sense="16:10579471" wd="caparazones"/>
                    </grup.nom>
                    <f lem="," pos="fc" punct="comma" wd=","/>
                    <f lem="etcétera" pos="fs" punct="etc" wd="etcétera"/>
                  </grup.nom>
                </sn>
              </sp>
            </S>
          </sa>
          <f lem="," pos="fc" punct="comma" wd=","/>
        </S>
      </grup.nom>
    </sn>
    <neg func="mod">
      <r lem="no" pos="rn" postype="negative" wd="no"/>
    </neg>
    <grup.verb>
      <v lem="ser" lss="C21.state-attributive" mood="indicative" num="s" person="3" pos="vsip3s0" postype="semiauxiliary" tense="present" wd="es"/>
    </grup.verb>
    <sa arg="arg2" coord="yes" func="atr" tem="atr">
      <sa coord="yes">
        <sadv>
          <grup.adv>
            <r lem="tanto" pos="rg" wd="tan"/>
          </grup.adv>
        </sadv>
        <sa coord="yes">
          <sa>
            <grup.a>
              <a gen="f" lem="completo" num="s" pos="aq0fs0" postype="qualificative" wd="completa"/>
            </grup.a>
          </sa>
          <conj conjunctiontype="coordinating">
            <c lem="ni" pos="cc" postype="coordinating" wd="ni"/>
          </conj>
          <S clausetype="participle" impersonal="yes">
            <participi>
              <a gen="f" lem="evolucionado" num="s" pos="aq0fsp" posfunction="participle" postype="qualificative" wd="evolucionada"/>
            </participi>
          </S>
        </sa>
      </sa>
      <S adjunct="yes" clausesubtype="comparative" clausetype="adverbial" verbless="yes">
        <conj>
          <c lem="como" pos="cs" postype="subordinating" wd="como"/>
        </conj>
        <sn>
          <spec gen="f" num="s">
            <d gen="f" lem="el" num="s" pos="da0fs0" postype="article" wd="la"/>
          </spec>
          <grup.nom gen="f" num="s">
            <sp>
              <prep>
                <s contracted="yes" gen="m" lem="del" num="s" pos="spcms" postype="preposition" wd="del"/>
              </prep>
              <sn>
                <grup.nom gen="m" num="s">
                  <n gen="m" lem="ser" num="s" pos="ncms000" postype="common" sense="16:00002086" wd="ser"/>
                  <s.a gen="m" num="s">
                    <grup.a gen="m" num="s">
                      <a gen="m" lem="humano" num="s" pos="aq0ms0" postype="qualificative" wd="humano"/>
                    </grup.a>
                  </s.a>
                </grup.nom>
              </sn>
            </sp>
          </grup.nom>
        </sn>
      </S>
    </sa>
    <f lem="." pos="fp" punct="period" wd="."/>
  </sentence>
  <sentence>
    <sp arg="argM" func="cc" tem="adv">
      <prep>
        <s lem="de" pos="sps00" postype="preposition" wd="De"/>
      </prep>
      <sp>
        <prep>
          <s lem="entre" pos="sps00" postype="preposition" wd="entre"/>
        </prep>
        <sn>
          <spec gen="f" num="p">
            <d gen="f" lem="todo" num="p" pos="di0fp0" postype="indefinite" wd="todas"/>
            <d gen="f" lem="el" num="p" pos="da0fp0" postype="article" wd="las"/>
          </spec>
          <grup.nom gen="f" num="p">
            <n gen="f" lem="especie" num="p" pos="ncfp000" postype="common" sense="16:06045216" wd="especies"/>
          </grup.nom>
        </sn>
      </sp>
      <f lem="," pos="fc" punct="comma" wd=","/>
    </sp>
    <sn arg="arg1" func="suj" tem="tem">
      <spec gen="f" num="s">
        <d gen="f" lem="el" num="s" pos="da0fs0" postype="article" wd="la"/>
      </spec>
      <grup.nom gen="f" num="s">
        <S clausetype="relative">
          <relatiu arg="arg1" func="suj" tem="tem">
            <p gen="c" lem="que" num="c" pos="pr0cn000" postype="relative" wd="que"/>
          </relatiu>
          <sn arg="arg3" func="ci" tem="ben">
            <grup.nom num="p">
              <p gen="c" lem="yo" num="p" person="1" pos="pp1cp000" postype="personal" wd="nos"/>
            </grup.nom>
          </sn>
          <grup.verb>
            <v lem="ser" lss="C21.state-attributive" mood="indicative" num="s" person="3" pos="vsip3s0" postype="semiauxiliary" tense="present" wd="es"/>
          </grup.verb>
          <sa arg="arg2" func="atr" tem="atr">
            <f lem="," pos="fc" punct="comma" wd=","/>
            <spec>
              <r lem="más" pos="rg" wd="más"/>
            </spec>
            <grup.a>
              <a gen="f" lem="cercano" num="s" pos="aq0fs0" postype="qualificative" wd="cercana"/>
            </grup.a>
          </sa>
        </S>
      </grup.nom>
    </sn>
    <grup.verb>
      <v lem="ser" lss="C21.state-attributive" mood="indicative" num="s" person="3" pos="vsip3s0" postype="semiauxiliary" tense="present" wd="es"/>
    </grup.verb>
    <sn arg="arg2" func="atr" tem="atr">
      <spec gen="f" num="s">
        <d gen="f" lem="el" num="s" pos="da0fs0" postype="article" wd="la"/>
      </spec>
      <grup.nom gen="f" num="s">
        <sp>
          <prep>
            <s lem="de" pos="sps00" postype="preposition" wd="de"/>
          </prep>
          <sn>
            <spec gen="m" num="p">
              <d gen="m" lem="el" num="p" pos="da0mp0" postype="article" wd="los"/>
            </spec>
            <grup.nom gen="m" num="p">
              <s.a gen="m" num="p">
                <grup.a gen="m" num="p">
                  <a gen="c" lem="grande" num="p" pos="aq0cp0" postype="qualificative" wd="grandes"/>
                </grup.a>
              </s.a>
              <n gen="m" lem="simio" num="p" pos="ncmp000" postype="common" sense="16:01965238" wd="simios"/>
              <sp>
                <f lem="," pos="fc" punct="comma" wd=","/>
                <prep>
                  <s lem="de" pos="sps00" postype="preposition" wd="de"/>
                </prep>
                <sn>
                  <grup.nom gen="m" num="s">
                    <s.a gen="f" num="s">
                      <grup.a gen="f" num="s">
                        <a gen="f" lem="recio" num="s" pos="aq0fs0" postype="qualificative" wd="recia"/>
                      </grup.a>
                    </s.a>
                    <n gen="m" lem="pelambre" num="s" pos="ncms000" postype="common" sense="16:cs1" wd="pelambre"/>
                    <S clausetype="participle" impersonal="yes">
                      <participi>
                        <a gen="f" lem="repartido" lss="B22.unaccusative-passive-transitive" num="s" pos="aq0fsp" posfunction="participle" postype="qualificative" wd="repartida"/>
                      </participi>
                      <sp arg="argM" func="cc" tem="loc">
                        <prep>
                          <s lem="por" pos="sps00" postype="preposition" wd="por"/>
                        </prep>
                        <sn>
                          <spec gen="m" num="s">
                            <d gen="m" lem="todo" num="s" pos="di0ms0" postype="indefinite" wd="todo"/>
                            <d gen="c" lem="su" num="s" person="3" pos="dp3cs0" postype="possessive" wd="su"/>
                          </spec>
                          <grup.nom gen="m" num="s">
                            <n gen="m" lem="cuerpo" num="s" pos="ncms000" postype="common" sense="16:04055158" wd="cuerpo"/>
                          </grup.nom>
                        </sn>
                      </sp>
                      <sp arg="argM" func="cc" tem="adv">
                        <prep>
                          <s lem="en" pos="sps00" postype="preposition" wd="en"/>
                        </prep>
                        <sn>
                          <grup.nom gen="f" num="s">
                            <n gen="f" lem="función" lexicalid="noun.función.5.default" num="s" origin="deverbal" pos="ncfs000" postype="common" sense="16:cs1" wd="función"/>
                            <sp arg="arg1" func="cn" tem="tem">
                              <prep>
                                <s lem="de" pos="sps00" postype="preposition" wd="de"/>
                              </prep>
                              <sn>
                                <spec gen="f" num="s">
                                  <d gen="f" lem="uno" num="s" pos="di0fs0" postype="indefinite" wd="una"/>
                                </spec>
                                <grup.nom gen="f" num="s">
                                  <s.a gen="f" num="s">
                                    <grup.a gen="f" num="s">
                                      <a gen="f" lem="largo" num="s" pos="aq0fs0" postype="qualificative" wd="larga"/>
                                    </grup.a>
                                  </s.a>
                                  <n gen="f" lem="serie" num="s" pos="ncfs000" postype="common" sense="16:06247582" wd="serie"/>
                                  <sp>
                                    <prep>
                                      <s lem="de" pos="sps00" postype="preposition" wd="de"/>
                                    </prep>
                                    <sn>
                                      <grup.nom gen="f" num="p">
                                        <n gen="f" lem="atribución" lexicalid="noun.atribución.1.default" num="p" origin="deverbal" pos="ncfp000" postype="common" sense="16:10411732" wd="atribuciones"/>
                                        <S clausetype="relative" func="cn">
                                          <relatiu arg="arg1" func="cd" tem="pat">
                                            <p gen="c" lem="que" num="c" pos="pr0cn000" postype="relative" wd="que"/>
                                          </relatiu>
                                          <sn arg="arg0" elliptic="yes" func="suj" tem="agt"/>
                                          <grup.verb>
                                            <v lem="desempeñar" lss="A21.transitive-agentive-patient" mood="indicative" num="s" person="3" pos="vmip3s0" postype="main" tense="present" wd="desempeña"/>
                                          </grup.verb>
                                          <sadv arg="argM" func="cc" tem="mnr">
                                            <grup.adv>
                                              <r lem="a_la_perfección" pos="rg" wd="a_la_perfección"/>
                                            </grup.adv>
                                          </sadv>
                                        </S>
                                      </grup.nom>
                                    </sn>
                                  </sp>
                                </grup.nom>
                              </sn>
                            </sp>
                          </grup.nom>
                        </sn>
                      </sp>
                    </S>
                  </grup.nom>
                </sn>
              </sp>
            </grup.nom>
          </sn>
        </sp>
      </grup.nom>
    </sn>
    <f lem="." pos="fp" punct="period" wd="."/>
  </sentence>
  <sentence>
    <sn arg="arg1" func="suj" tem="tem">
      <spec gen="m" num="s">
        <d gen="m" lem="el" num="s" pos="da0ms0" postype="article" wd="El"/>
      </spec>
      <grup.nom gen="m" num="s">
        <n gen="m" lem="brazo" num="s" pos="ncms000" postype="common" sense="16:04310435" wd="brazo"/>
      </grup.nom>
    </sn>
    <sadv arg="argM" func="cc" tem="adv">
      <f lem="," pos="fc" punct="comma" wd=","/>
      <grup.adv>
        <r lem="por_ejemplo" pos="rg" wd="por_ejemplo"/>
      </grup.adv>
      <f lem="," pos="fc" punct="comma" wd=","/>
    </sadv>
    <grup.verb>
      <v lem="presentar" lss="C21.state-attributive" mood="indicative" num="s" person="3" pos="vmip3s0" postype="main" tense="present" wd="presenta"/>
    </grup.verb>
    <sn arg="arg2" func="cd" functype="quantitative" tem="atr">
      <spec gen="m" num="s">
        <d gen="m" lem="el" num="s" pos="da0ms0" postype="article" wd="el"/>
      </spec>
      <grup.nom gen="m" num="s">
        <n gen="m" lem="pelo" num="s" pos="ncms000" postype="common" sense="16:04079965" wd="pelo"/>
        <S clausetype="participle" impersonal="yes">
          <sadv arg="argM" func="cc" tem="adv">
            <grup.adv>
              <r lem="curiosamente" pos="rg" wd="curiosamente"/>
            </grup.adv>
          </sadv>
          <participi>
            <a gen="m" lem="vuelto" lss="B22.unaccusative-passive-transitive" num="s" pos="aq0msp" posfunction="participle" postype="qualificative" wd="vuelto"/>
          </participi>
          <sp arg="argM" func="cc" tem="mnr">
            <prep>
              <s lem="hacia" pos="sps00" postype="preposition" wd="hacia"/>
            </prep>
            <sadv>
              <grup.adv>
                <r lem="arriba" pos="rg" wd="arriba"/>
              </grup.adv>
            </sadv>
          </sp>
        </S>
        <sn>
          <f lem="," pos="fc" punct="comma" wd=","/>
          <grup.nom gen="m" num="s">
            <n gen="m" lem="detalle" num="s" pos="ncms000" postype="common" sense="16:04481751" wd="detalle"/>
            <S clausetype="relative">
              <relatiu arg="arg1" func="cd" tem="pat">
                <p gen="c" lem="que" num="c" pos="pr0cn000" postype="relative" wd="que"/>
              </relatiu>
              <grup.verb>
                <v lem="haber" mood="indicative" num="p" person="3" pos="vaip3p0" postype="auxiliary" tense="present" wd="han"/>
                <v gen="m" lem="explicar" lss="A32.ditransitive-patient-benefactive" mood="participle" num="s" pos="vmp00sm" postype="main" wd="explicado"/>
              </grup.verb>
              <sn arg="arg0" func="suj" tem="agt">
                <spec gen="m" num="p">
                  <d gen="m" lem="el" num="p" pos="da0mp0" postype="article" wd="los"/>
                </spec>
                <grup.nom gen="m" num="p">
                  <n gen="m" lem="científico" num="p" pos="ncmp000" postype="common" sense="16:07551670" wd="científicos"/>
                </grup.nom>
              </sn>
              <S arg="argM" clausetype="adverbial" func="cc" impersonal="yes" tem="adv">
                <gerundi>
                  <v lem="constatar" lss="A21.transitive-agentive-patient" mood="gerund" pos="vmg0000" postype="main" wd="constatando"/>
                </gerundi>
                <S arg="arg1" clausetype="completive" func="cd" tem="pat">
                  <conj conjunctiontype="subordinating">
                    <c lem="que" pos="cs" postype="subordinating" wd="que"/>
                  </conj>
                  <sadv arg="argM" func="cc" tem="mnr">
                    <spec>
                      <r lem="sólo" pos="rg" wd="sólo"/>
                    </spec>
                    <grup.adv>
                      <r lem="así" pos="rg" wd="así"/>
                    </grup.adv>
                  </sadv>
                  <grup.verb>
                    <v lem="evitar" lss="A21.transitive-agentive-patient" mood="indicative" num="s" person="3" pos="vmip3s0" postype="main" tense="present" wd="evita"/>
                  </grup.verb>
                  <sn arg="arg0" func="suj" tem="agt">
                    <spec gen="m" num="s">
                      <d gen="m" lem="el" num="s" pos="da0ms0" postype="article" wd="el"/>
                    </spec>
                    <grup.nom gen="m" num="s">
                      <n gen="m" lem="primate" num="s" pos="ncms000" postype="common" sense="16:01964914" wd="primate"/>
                    </grup.nom>
                  </sn>
                  <S arg="arg1" clausetype="completive" coord="yes" func="cd" tem="pat">
                    <conj conjunctiontype="subordinating">
                      <c lem="que" pos="cs" postype="subordinating" wd="que"/>
                    </conj>
                    <S clausetype="completive">
                      <sn arg="arg1" func="suj" tem="tem">
                        <spec gen="m" num="s">
                          <d gen="m" lem="el" num="s" pos="da0ms0" postype="article" wd="el"/>
                        </spec>
                        <grup.nom gen="f" num="s">
                          <n gen="f" lem="agua" num="s" pos="ncfs000" postype="common" sense="16:10650211" wd="agua"/>
                          <sp>
                            <prep>
                              <s lem="de" pos="sps00" postype="preposition" wd="de"/>
                            </prep>
                            <sn>
                              <spec gen="f" num="s">
                                <d gen="f" lem="el" num="s" pos="da0fs0" postype="article" wd="la"/>
                              </spec>
                              <grup.nom gen="f" num="s">
                                <n gen="f" lem="lluvia" num="s" pos="ncfs000" postype="common" sense="16:07830260" wd="lluvia"/>
                              </grup.nom>
                            </sn>
                          </sp>
                        </grup.nom>
                      </sn>
                      <grup.verb>
                        <v lem="llegar" lss="B11.unaccusative-motion" mood="subjunctive" num="s" person="3" pos="vmsp3s0" postype="main" tense="present" wd="llegue"/>
                      </grup.verb>
                      <sp arg="arg4" func="cc" tem="des">
                        <prep>
                          <s lem="hasta" pos="sps00" postype="preposition" wd="hasta"/>
                        </prep>
                        <sn>
                          <spec gen="f" num="p">
                            <d gen="c" lem="su" num="p" person="3" pos="dp3cp0" postype="possessive" wd="sus"/>
                          </spec>
                          <grup.nom gen="f" num="p">
                            <n gen="f" lem="mano" num="p" pos="ncfp000" postype="common" sense="16:04311223" wd="manos"/>
                          </grup.nom>
                        </sn>
                      </sp>
                    </S>
                    <conj conjunctiontype="coordinating">
                      <c lem="y" pos="cc" postype="coordinating" wd="y"/>
                    </conj>
                    <S clausetype="completive">
                      <sn arg="arg0" elliptic="yes" func="suj" tem="cau"/>
                      <sn arg="arg2" func="ci" tem="ben">
                        <grup.nom num="s">
                          <p case="dative" gen="c" lem="él" num="s" person="3" pos="pp3csd00" postype="personal" wd="le"/>
                        </grup.nom>
                      </sn>
                      <grup.verb>
                        <v lem="dificultar" lss="A11.transitive-causative" mood="subjunctive" num="s" person="3" pos="vmsp3s0" postype="main" tense="present" wd="dificulte"/>
                      </grup.verb>
                      <sn arg="arg1" func="cd" tem="tem">
                        <spec arg="arg1" gen="m" num="p" tem="tem">
                          <d gen="c" lem="su" num="p" person="3" pos="dp3cp0" postype="possessive" wd="sus"/>
                        </spec>
                        <grup.nom gen="m" num="p">
                          <n gen="m" lem="movimiento" lexicalid="noun.movimiento.1.default" num="p" origin="deverbal" pos="ncmp000" postype="common" sense="16:00213518" wd="movimientos"/>
                          <s.a func="cn" gen="m" num="p">
                            <grup.a gen="m" num="p">
                              <a gen="c" lem="usual" num="p" pos="aq0cp0" postype="qualificative" wd="usuales"/>
                            </grup.a>
                          </s.a>
                        </grup.nom>
                      </sn>
                    </S>
                  </S>
                </S>
              </S>
            </S>
          </grup.nom>
        </sn>
      </grup.nom>
    </sn>
    <f lem="." pos="fp" punct="period" wd="."/>
  </sentence>
</article>
