<?xml version="1.0" encoding="UTF-8"?>
<!-- 

  ancora-2.0
       
			Copyright (C) 2007, 2008, 2009, 2010, 2011 UB - CLiC
			Centre de Llenguatge i Computació - Universitat de Barcelona
 
  This file is part of ancora-2.0.
 
  ancora-2.0 is free software and data: you can redistribute it and/or modify
  it under the terms of the GNU General Public License as published
  by the Free Software Foundation, either version 3 of the License,
  or (at your option) any later version.

  ancora-2.0 is distributed in the hope that it will be useful,
  but WITHOUT ANY WARRANTY; without even the implied warranty of
  MERCHANTABILITY or FITNESS FOR A PARTICULAR PURPOSE.  See the
  GNU General Public License for more details.
 
  You should have received a copy of the GNU General Public License
  along with ancora-2.0.  If not, see &lt;http://www.gnu.org/licenses/&gt;.
 
  Check a text in catalan explaining the terms of the license at http://www.softcatala.cat/wiki/GPL3.
  In spanish at http://www.viti.es/gnu/licenses/gpl.html
 

  The following paper must be cited when using this corpus:

 * Taulé, M., M.A. Martí, M. Recasens (2008) 'Ancora: Multilevel Annotated Corpora for Catalan and Spanish',
   Proceedings of 6th International Conference on Language Resources and Evaluation. Marrakesh (Morocco).

  In addition, the following paper must be cited if coreference information (attributes entity, coreftype,
  corefsubtype, homophoricDD or entityref) is used:

 * Recasens, Marta, M. Antònia Martí (2010) ‘AnCora-CO: Coreferentially annotated corpora for Spanish and
   Catalan’. Language Resources and Evaluation, Springer Science.

  Additionally, the following paper must be cited when argumental attributes in "sn" or "grup.nom"
  (attributes func, arg, tem or lexicalid) are used:

 * Peris, Aina, Mariona Taulé, Horacio Rodríguez (2010) ‘Semantic Annotation of Deverbal Nominalizations in the
   Spanish AnCora corpus’. Treebanks and Linguistic Theories (TLT-2010), Estonia.
-->
<article lng="es">
  <sentence verbless="yes">
    <sp>
      <prep>
        <s lem="en" pos="sps00" postype="preposition" wd="En"/>
      </prep>
      <sn>
        <grup.nom gen="f" num="s">
          <n gen="f" lem="opinión" lexicalid="noun.opinión.1.default" num="s" origin="deverbal" pos="ncfs000" postype="common" sense="16:04495853" wd="opinión"/>
          <sp arg="arg0" func="cn" tem="agt">
            <prep>
              <s lem="de" pos="sps00" postype="preposition" wd="de"/>
            </prep>
            <sn>
              <spec gen="m" num="p">
                <d gen="m" lem="el" num="p" pos="da0mp0" postype="article" wd="los"/>
              </spec>
              <grup.nom gen="m" num="p">
                <n gen="m" lem="biólogo" num="p" pos="ncmp000" postype="common" sense="16:07113184" wd="biólogos"/>
              </grup.nom>
            </sn>
          </sp>
        </grup.nom>
      </sn>
      <f lem="," pos="fc" punct="comma" wd=","/>
    </sp>
    <S clausetype="completive" impersonal="yes">
      <infinitiu>
        <v lem="seguir" lss="A21.transitive-agentive-patient" mood="infinitive" pos="vmn0000" postype="main" wd="seguir"/>
      </infinitiu>
      <sn arg="arg1" func="cd" tem="pat">
        <spec gen="f" num="s">
          <d gen="f" lem="el" num="s" pos="da0fs0" postype="article" wd="la"/>
        </spec>
        <grup.nom gen="f" num="s">
          <n gen="f" lem="pista" num="s" pos="ncfs000" postype="common" sense="16:04983714" wd="pista"/>
          <s.a gen="f" num="s">
            <grup.a gen="f" num="s">
              <a gen="f" lem="evolutivo" num="s" pos="aq0fs0" postype="qualificative" wd="evolutiva"/>
            </grup.a>
          </s.a>
        </grup.nom>
      </sn>
      <sp arg="arg2" func="ci" tem="ben">
        <prep>
          <s lem="a" pos="sps00" postype="preposition" wd="a"/>
        </prep>
        <sn>
          <spec gen="f" num="s">
            <d gen="f" lem="el" num="s" pos="da0fs0" postype="article" wd="la"/>
          </spec>
          <grup.nom gen="f" num="s">
            <n gen="f" lem="capa" num="s" pos="ncfs000" postype="common" sense="16:00988305" wd="capa"/>
            <s.a gen="f" num="s">
              <grup.a gen="f" num="s">
                <a gen="f" lem="protector" num="s" pos="aq0fs0" postype="qualificative" wd="protectora"/>
              </grup.a>
            </s.a>
            <sp>
              <prep>
                <s lem="de" pos="sps00" postype="preposition" wd="de"/>
              </prep>
              <sn>
                <spec gen="m" num="p">
                  <d gen="m" lem="el" num="p" pos="da0mp0" postype="article" wd="los"/>
                </spec>
                <grup.nom gen="m" num="p">
                  <n gen="m" lem="animal" num="p" pos="ncmp000" postype="common" sense="16:00008019" wd="animales"/>
                </grup.nom>
              </sn>
            </sp>
          </grup.nom>
        </sn>
      </sp>
    </S>
    <f lem="." pos="fp" punct="period" wd="."/>
  </sentence>
  <sentence>
    <sp arg="argM" func="cc" tem="adv">
      <prep>
        <s lem="para" pos="sps00" postype="preposition" wd="Para"/>
      </prep>
      <sn>
        <grup.nom gen="m" num="p">
          <p gen="m" lem="mucho" num="p" pos="pi0mp000" postype="indefinite" wd="muchos"/>
        </grup.nom>
        <sp>
          <prep>
            <s lem="de" pos="sps00" postype="preposition" wd="de"/>
          </prep>
          <sn>
            <grup.nom gen="m" num="p">
              <p gen="m" lem="él" num="p" person="3" pos="pp3mp000" postype="personal" wd="ellos"/>
            </grup.nom>
          </sn>
        </sp>
      </sn>
      <f lem="," pos="fc" punct="comma" wd=","/>
    </sp>
    <sn arg="arg1" func="suj" tem="tem">
      <grup.nom gen="f" num="s">
        <p gen="f" lem="uno" num="s" pos="pi0fs000" postype="indefinite" wd="una"/>
        <sp>
          <prep>
            <s lem="de" pos="sps00" postype="preposition" wd="de"/>
          </prep>
          <sn>
            <spec gen="f" num="p">
              <d gen="f" lem="el" num="p" pos="da0fp0" postype="article" wd="las"/>
            </spec>
            <grup.nom gen="f" num="p">
              <s.a gen="f" num="p">
                <grup.a gen="f" num="p">
                  <a gen="f" lem="primero" num="p" pos="ao0fp0" postype="ordinal" wd="primeras"/>
                </grup.a>
              </s.a>
              <n gen="f" lem="forma" num="p" pos="ncfp000" postype="common" sense="16:00015185" wd="formas"/>
              <sp>
                <prep>
                  <s lem="de" pos="sps00" postype="preposition" wd="de"/>
                </prep>
                <sn>
                  <grup.nom gen="f" num="s">
                    <n gen="f" lem="piel" num="s" pos="ncfs000" postype="common" sense="16:01411738" wd="piel"/>
                  </grup.nom>
                </sn>
              </sp>
            </grup.nom>
          </sn>
        </sp>
      </grup.nom>
    </sn>
    <grup.verb>
      <v lem="tener" mood="indicative" num="s" person="3" pos="vmis3s0" postype="main" tense="past" wd="tuvo"/>
      <c lem="que" pos="cs" postype="subordinating" wd="que"/>
      <infinitiu>
        <v lem="ser" lss="C21.state-attributive" mood="infinitive" pos="vsn0000" postype="semiauxiliary" wd="ser"/>
      </infinitiu>
    </grup.verb>
    <sn arg="arg2" func="atr" tem="atr">
      <grup.nom gen="m" num="s">
        <p gen="c" lem="algo" num="s" pos="pi0cs000" postype="indefinite" wd="algo"/>
        <sadv>
          <grup.adv>
            <r lem="así" pos="rg" wd="así"/>
          </grup.adv>
        </sadv>
        <sp>
          <prep>
            <c lem="como" pos="cs" postype="subordinating" wd="como"/>
          </prep>
          <sn>
            <spec gen="f" num="s">
              <d gen="f" lem="uno" num="s" pos="di0fs0" postype="indefinite" wd="una"/>
            </spec>
            <grup.nom gen="f" num="s">
              <s.a gen="f" num="s">
                <grup.a gen="f" num="s">
                  <a gen="f" lem="sencillo" num="s" pos="aq0fs0" postype="qualificative" wd="sencillísima"/>
                </grup.a>
              </s.a>
              <n gen="f" lem="membrana" num="s" pos="ncfs000" postype="common" sense="16:04214205" wd="membrana"/>
              <s.a gen="f" num="s">
                <grup.a gen="f" num="s">
                  <f lem="," pos="fc" punct="comma" wd=","/>
                  <a gen="c" lem="resultante" num="s" pos="aq0cs0" postype="qualificative" wd="resultante"/>
                  <sp>
                    <prep>
                      <s contracted="yes" gen="m" lem="del" num="s" pos="spcms" postype="preposition" wd="del"/>
                    </prep>
                    <sn>
                      <grup.nom gen="m" num="s">
                        <n gen="m" lem="endurecimiento" lexicalid="noun.endurecimiento.2.default" num="s" origin="deverbal" pos="ncms000" postype="common" sense="16:09671986" wd="endurecimiento"/>
                        <sp arg="arg1" func="cn" tem="tem">
                          <prep>
                            <s lem="de" pos="sps00" postype="preposition" wd="de"/>
                          </prep>
                          <sn>
                            <spec gen="f" num="s">
                              <d gen="f" lem="el" num="s" pos="da0fs0" postype="article" wd="la"/>
                            </spec>
                            <grup.nom gen="f" num="s">
                              <n gen="f" lem="sustancia" num="s" pos="ncfs000" postype="common" sense="16:00010572" wd="sustancia"/>
                              <s.a gen="f" num="s">
                                <grup.a gen="f" num="s">
                                  <a gen="c" lem="celular" num="s" pos="aq0cs0" postype="qualificative" wd="celular"/>
                                </grup.a>
                              </s.a>
                              <sn>
                                <f lem="," pos="fc" punct="comma" wd=","/>
                                <spec gen="m" num="s">
                                  <d gen="m" lem="el" num="s" pos="da0ms0" postype="article" wd="el"/>
                                </spec>
                                <grup.nom gen="m" num="s">
                                  <n gen="m" lem="citoplasma" num="s" pos="ncms000" postype="common" sense="16:04218792" wd="citoplasma"/>
                                </grup.nom>
                                <f lem="," pos="fc" punct="comma" wd=","/>
                              </sn>
                              <S clausetype="participle" impersonal="yes">
                                <participi>
                                  <a gen="f" lem="expuesto" lss="B22.unaccusative-passive-transitive" num="s" pos="aq0fsp" posfunction="participle" postype="qualificative" wd="expuesta"/>
                                </participi>
                                <sp arg="arg2" func="creg" tem="tem">
                                  <prep>
                                    <s lem="a" pos="sps00" postype="preposition" wd="a"/>
                                  </prep>
                                  <sn>
                                    <spec gen="f" num="s">
                                      <d gen="f" lem="el" num="s" pos="da0fs0" postype="article" wd="la"/>
                                    </spec>
                                    <grup.nom gen="f" num="s">
                                      <n gen="f" lem="acción" lexicalid="noun.acción.2.default" num="s" origin="deverbal" pos="ncfs000" postype="common" sense="16:10090167" wd="acción"/>
                                      <sp arg="arg0" func="cn" tem="agt">
                                        <prep>
                                          <s contracted="yes" gen="m" lem="del" num="s" pos="spcms" postype="preposition" wd="del"/>
                                        </prep>
                                        <sn coord="yes">
                                          <sn>
                                            <grup.nom gen="m" num="s">
                                              <n gen="m" lem="aire" num="s" pos="ncms000" postype="common" sense="16:10646492" wd="aire"/>
                                            </grup.nom>
                                          </sn>
                                          <conj conjunctiontype="coordinating">
                                            <c lem="y" pos="cc" postype="coordinating" wd="y"/>
                                          </conj>
                                          <sn>
                                            <spec gen="m" num="s">
                                              <d gen="m" lem="el" num="s" pos="da0ms0" postype="article" wd="el"/>
                                            </spec>
                                            <grup.nom gen="m" num="s">
                                              <n gen="m" lem="oxígeno" num="s" pos="ncms000" postype="common" sense="16:10495237" wd="oxígeno"/>
                                            </grup.nom>
                                          </sn>
                                        </sn>
                                      </sp>
                                    </grup.nom>
                                  </sn>
                                </sp>
                              </S>
                            </grup.nom>
                          </sn>
                        </sp>
                      </grup.nom>
                    </sn>
                  </sp>
                </grup.a>
              </s.a>
            </grup.nom>
          </sn>
        </sp>
      </grup.nom>
    </sn>
    <f lem="." pos="fp" punct="period" wd="."/>
  </sentence>
  <sentence>
    <sadv arg="argM" func="cc" tem="tmp">
      <spec>
        <r lem="más" pos="rg" wd="Más"/>
      </spec>
      <grup.adv>
        <r lem="tarde" pos="rg" wd="tarde"/>
      </grup.adv>
    </sadv>
    <sn arg="arg1" func="suj" tem="tem">
      <spec gen="f" num="s">
        <d gen="f" lem="ese" num="s" pos="dd0fs0" postype="demonstrative" wd="esa"/>
      </spec>
      <grup.nom gen="f" num="s">
        <n gen="f" lem="membrana" num="s" pos="ncfs000" postype="common" sense="16:04214205" wd="membrana"/>
      </grup.nom>
    </sn>
    <morfema.pronominal>
      <p gen="c" lem="él" num="c" person="3" pos="p0300000" wd="se"/>
    </morfema.pronominal>
    <grup.verb>
      <v lem="transformar" lss="B21.unaccusative-state" mood="indicative" num="s" person="3" pos="vmic3s0" postype="main" tense="conditional" wd="transformaría"/>
    </grup.verb>
    <sp arg="arg2" coord="yes" func="creg" tem="efi">
      <sp coord="yes">
        <sp>
          <prep>
            <s lem="en" pos="sps00" postype="preposition" wd="en"/>
          </prep>
          <sn>
            <grup.nom gen="f" num="s">
              <n gen="f" lem="coraza" num="s" pos="ncfs000" postype="common" sense="16:02532134" wd="coraza"/>
              <s.a gen="f" num="s">
                <grup.a gen="f" num="s">
                  <a gen="f" lem="quitinoso" num="s" pos="aq0fs0" postype="qualificative" wd="quitinosa"/>
                </grup.a>
              </s.a>
            </grup.nom>
          </sn>
        </sp>
        <conj conjunctiontype="coordinating">
          <c lem="o" pos="cc" postype="coordinating" wd="o"/>
        </conj>
        <sp>
          <prep>
            <s lem="en" pos="sps00" postype="preposition" wd="en"/>
          </prep>
          <sn>
            <grup.nom gen="m" num="s">
              <n gen="m" lem="caparazón" num="s" pos="ncms000" postype="common" sense="16:10579471" wd="caparazón"/>
              <s.a gen="m" num="s">
                <grup.a gen="m" num="s">
                  <a gen="m" lem="calcáreo" num="s" pos="aq0ms0" postype="qualificative" wd="calcáreo"/>
                </grup.a>
              </s.a>
            </grup.nom>
          </sn>
        </sp>
      </sp>
      <s.a gen="f" num="p">
        <grup.a gen="f" num="p">
          <f lem="," pos="fc" punct="comma" wd=","/>
          <a gen="c" lem="semejante" num="p" pos="aq0cp0" postype="qualificative" wd="semejantes"/>
          <sp>
            <prep>
              <s lem="a" pos="sps00" postype="preposition" wd="a"/>
            </prep>
            <sn>
              <spec gen="m" num="p">
                <d gen="m" lem="el" num="p" pos="da0mp0" postype="article" wd="los"/>
              </spec>
              <grup.nom gen="m" num="p">
                <S clausetype="relative">
                  <relatiu arg="arg2" func="cd" functype="quantitative" tem="atr">
                    <p gen="c" lem="que" num="c" pos="pr0cn000" postype="relative" wd="que"/>
                  </relatiu>
                  <grup.verb>
                    <v lem="presentar" lss="C21.state-attributive" mood="indicative" num="p" person="3" pos="vmip3p0" postype="main" tense="present" wd="presentan"/>
                  </grup.verb>
                  <sadv arg="argM" func="cc" tem="adv">
                    <f lem="," pos="fc" punct="comma" wd=","/>
                    <grup.adv>
                      <r lem="respectivamente" pos="rg" wd="respectivamente"/>
                    </grup.adv>
                    <f lem="," pos="fc" punct="comma" wd=","/>
                  </sadv>
                  <sn arg="arg1" func="suj" tem="tem">
                    <grup.nom gen="m" num="p">
                      <s.a gen="m" num="p">
                        <grup.a gen="m" num="p">
                          <a gen="c" lem="diferente" num="p" pos="aq0cp0" postype="qualificative" wd="diferentes"/>
                        </grup.a>
                      </s.a>
                      <n gen="m" lem="tipo" num="p" pos="ncmp000" postype="common" sense="16:04497251" wd="tipos"/>
                      <sp>
                        <prep>
                          <s lem="de" pos="sps00" postype="preposition" wd="de"/>
                        </prep>
                        <sn complex="yes">
                          <grup.nom coord="yes">
                            <grup.nom gen="m" num="p">
                              <n gen="m" lem="insecto" num="p" pos="ncmp000" postype="common" sense="16:01667395" wd="insectos"/>
                            </grup.nom>
                            <conj conjunctiontype="coordinating">
                              <c lem="y" pos="cc" postype="coordinating" wd="y"/>
                            </conj>
                            <grup.nom gen="m" num="p">
                              <n gen="m" lem="molusco" num="p" pos="ncmp000" postype="common" sense="16:01453924" wd="moluscos"/>
                            </grup.nom>
                          </grup.nom>
                        </sn>
                      </sp>
                    </grup.nom>
                  </sn>
                </S>
              </grup.nom>
            </sn>
          </sp>
        </grup.a>
      </s.a>
    </sp>
    <f lem="." pos="fp" punct="period" wd="."/>
  </sentence>
  <sentence coord="yes">
    <sp arg="argM" func="cc" tem="adv">
      <prep>
        <s lem="en" pos="sps00" postype="preposition" wd="En"/>
      </prep>
      <sn>
        <spec gen="m" num="s">
          <d gen="c" lem="cualquiera" num="s" pos="di0cs0" postype="indefinite" wd="cualquier"/>
        </spec>
        <grup.nom gen="m" num="s">
          <n gen="m" lem="caso" num="s" pos="ncms000" postype="common" sense="16:10047274" wd="caso"/>
        </grup.nom>
      </sn>
    </sp>
    <S arg="argM" clausetype="adverbial" func="cc" tem="adv">
      <f lem="," pos="fc" punct="comma" wd=","/>
      <conj conjunctiontype="subordinating">
        <c lem="según" pos="cs" postype="subordinating" wd="según"/>
      </conj>
      <grup.verb>
        <v lem="continuar" mood="indicative" num="p" person="3" pos="vmip3p0" postype="main" tense="present" wd="continúan"/>
        <gerundi>
          <v lem="asegurar" lss="A32.ditransitive-patient-benefactive" mood="gerund" pos="vmg0000" postype="main" wd="asegurando"/>
        </gerundi>
      </grup.verb>
      <sn arg="arg0" func="suj" tem="agt">
        <spec gen="m" num="p">
          <d gen="m" lem="el" num="p" pos="da0mp0" postype="article" wd="los"/>
        </spec>
        <grup.nom gen="m" num="p">
          <n gen="m" lem="científico" num="p" pos="ncmp000" postype="common" sense="16:07551670" wd="científicos"/>
        </grup.nom>
      </sn>
      <f lem="," pos="fc" punct="comma" wd=","/>
    </S>
    <S coord="yes">
      <S>
        <sn arg="arg1" func="suj" tem="tem">
          <spec gen="f" num="s">
            <d gen="f" lem="el" num="s" pos="da0fs0" postype="article" wd="la"/>
          </spec>
          <grup.nom gen="f" num="s">
            <n gen="f" lem="secuencia" lexicalid="noun.secuencia.1.default" num="s" origin="deverbal" pos="ncfs000" postype="common" sense="16:03938674" wd="secuencia"/>
            <s.a func="cn" gen="f" num="s">
              <grup.a gen="f" num="s">
                <a gen="f" lem="evolutivo" num="s" pos="aq0fs0" postype="qualificative" wd="evolutiva"/>
              </grup.a>
            </s.a>
            <sp arg="arg1" func="cn" tem="tem">
              <prep>
                <s lem="de" pos="sps00" postype="preposition" wd="de"/>
              </prep>
              <sn>
                <spec gen="f" num="s">
                  <d gen="f" lem="el" num="s" pos="da0fs0" postype="article" wd="la"/>
                </spec>
                <grup.nom gen="f" num="s">
                  <n gen="f" lem="piel" num="s" pos="ncfs000" postype="common" sense="16:01411738" wd="piel"/>
                  <sp>
                    <prep>
                      <s lem="de" pos="sps00" postype="preposition" wd="de"/>
                    </prep>
                    <sn>
                      <spec gen="m" num="p">
                        <d gen="m" lem="el" num="p" pos="da0mp0" postype="article" wd="los"/>
                      </spec>
                      <grup.nom gen="m" num="p">
                        <n gen="m" lem="animal" num="p" pos="ncmp000" postype="common" sense="16:00008019" wd="animales"/>
                      </grup.nom>
                    </sn>
                  </sp>
                </grup.nom>
              </sn>
            </sp>
          </grup.nom>
        </sn>
        <grup.verb>
          <v lem="pasar" lss="B11.unaccusative-motion" mood="indicative" num="s" person="3" pos="vmip3s0" postype="main" tense="present" wd="pasa"/>
        </grup.verb>
        <sadv arg="argM" func="cc" tem="adv">
          <grup.adv>
            <r lem="claramente" pos="rg" wd="claramente"/>
          </grup.adv>
        </sadv>
        <sp arg="arg3" func="cc" tem="ein">
          <prep>
            <s lem="de" pos="sps00" postype="preposition" wd="de"/>
          </prep>
          <sn>
            <spec gen="m" num="p">
              <d gen="m" lem="el" num="p" pos="da0mp0" postype="article" wd="los"/>
            </spec>
            <grup.nom gen="m" num="p">
              <n gen="m" lem="pez" num="p" pos="ncmp000" postype="common" sense="16:02005782" wd="peces"/>
            </grup.nom>
          </sn>
        </sp>
        <sp arg="arg4" func="cc" tem="efi">
          <prep>
            <s lem="a" pos="sps00" postype="preposition" wd="a"/>
          </prep>
          <sn>
            <spec gen="m" num="p">
              <d gen="m" lem="el" num="p" pos="da0mp0" postype="article" wd="los"/>
            </spec>
            <grup.nom gen="m" num="p">
              <n gen="m" lem="reptil" num="p" pos="ncmp000" postype="common" sense="16:01182199" wd="reptiles"/>
            </grup.nom>
          </sn>
        </sp>
      </S>
      <conj conjunctiontype="coordinating">
        <c lem="y" pos="cc" postype="coordinating" wd="y"/>
      </conj>
      <S>
        <sn arg="arg1" elliptic="yes" func="suj" tem="tem"/>
        <grup.verb>
          <v lem="llegar" lss="C41.state-benefactive" mood="indicative" num="s" person="3" pos="vmip3s0" postype="main" tense="present" wd="llega"/>
        </grup.verb>
        <sadv arg="argM" func="cc" tem="tmp">
          <grup.adv>
            <r lem="posteriormente" pos="rg" wd="posteriormente"/>
          </grup.adv>
        </sadv>
        <sp arg="arg2" func="ci" tem="ben">
          <prep>
            <s lem="a" pos="sps00" postype="preposition" wd="a"/>
          </prep>
          <sn>
            <spec gen="f" num="p">
              <d gen="f" lem="el" num="p" pos="da0fp0" postype="article" wd="las"/>
            </spec>
            <grup.nom gen="f" num="p">
              <n gen="f" lem="ave" num="p" pos="ncfp000" postype="common" sense="16:01026695" wd="aves"/>
            </grup.nom>
          </sn>
        </sp>
      </S>
    </S>
    <f lem="." pos="fp" punct="period" wd="."/>
  </sentence>
  <sentence verbless="yes">
    <S clausetype="adverbial">
      <conj conjunctiontype="subordinating">
        <c lem="porque" pos="cs" postype="subordinating" wd="Porque"/>
      </conj>
      <sp arg="argM" func="cc" tem="adv">
        <f lem="," pos="fc" punct="comma" wd=","/>
        <prep>
          <s lem="pese_a" pos="sps00" postype="preposition" wd="pese_a"/>
        </prep>
        <sn>
          <spec gen="f" num="p">
            <d gen="c" lem="su" num="p" person="3" pos="dp3cp0" postype="possessive" wd="sus"/>
          </spec>
          <grup.nom gen="f" num="p">
            <S clausetype="participle" impersonal="yes">
              <participi>
                <a gen="f" lem="variado" num="p" pos="aq0fpp" posfunction="participle" postype="qualificative" wd="variadas"/>
              </participi>
            </S>
            <n gen="f" lem="forma" num="p" pos="ncfp000" postype="common" sense="16:00015185" wd="formas"/>
          </grup.nom>
        </sn>
        <f lem="," pos="fc" punct="comma" wd=","/>
      </sp>
      <sn arg="arg1" func="suj" tem="tem">
        <spec gen="m" num="p">
          <d gen="m" lem="todo" num="p" pos="di0mp0" postype="indefinite" wd="todos"/>
          <d gen="m" lem="este" num="p" pos="dd0mp0" postype="demonstrative" wd="estos"/>
        </spec>
        <grup.nom gen="m" num="p">
          <n gen="m" lem="animal" num="p" pos="ncmp000" postype="common" sense="16:00008019" wd="animales"/>
        </grup.nom>
      </sn>
      <grup.verb>
        <v lem="tener" lss="C21.state-attributive" mood="indicative" num="p" person="3" pos="vmip3p0" postype="main" tense="present" wd="tienen"/>
      </grup.verb>
      <sn arg="arg2" func="cd" functype="quantitative" tem="atr">
        <spec gen="f" num="s">
          <d gen="c" lem="su" num="s" person="3" pos="dp3cs0" postype="possessive" wd="su"/>
        </spec>
        <grup.nom gen="f" num="s">
          <n gen="f" lem="piel" num="s" pos="ncfs000" postype="common" sense="16:01411738" wd="piel"/>
          <S clausetype="participle" impersonal="yes">
            <participi>
              <a gen="f" lem="conformado" lss="B22.unaccusative-passive-transitive" num="s" pos="aq0fsp" posfunction="participle" postype="qualificative" wd="conformada"/>
            </participi>
            <sp arg="arg0" func="cag" tem="agt">
              <prep>
                <s lem="por" pos="sps00" postype="preposition" wd="por"/>
              </prep>
              <sn>
                <grup.nom gen="f" num="p">
                  <n gen="f" lem="escama" num="p" pos="ncfp000" postype="common" sense="16:01418225" wd="escamas"/>
                </grup.nom>
              </sn>
            </sp>
          </S>
        </grup.nom>
      </sn>
    </S>
    <f lem="." pos="fp" punct="period" wd="."/>
  </sentence>
  <sentence>
    <sp arg="argM" func="cc" tem="adv">
      <prep>
        <s lem="en" pos="sps00" postype="preposition" wd="En"/>
      </prep>
      <sn>
        <spec gen="m" num="s">
          <d gen="m" lem="el" num="s" pos="da0ms0" postype="article" wd="el"/>
        </spec>
        <grup.nom gen="m" num="s">
          <n gen="m" lem="caso" num="s" pos="ncms000" postype="common" sense="16:10047274" wd="caso"/>
          <sp>
            <prep>
              <s lem="de" pos="sps00" postype="preposition" wd="de"/>
            </prep>
            <sn>
              <spec gen="m" num="p">
                <d gen="m" lem="el" num="p" pos="da0mp0" postype="article" wd="los"/>
                <d gen="c" lem="dos" num="p" pos="dn0cp0" postype="numeral" wd="dos"/>
              </spec>
              <grup.nom gen="m" num="p">
                <s.a gen="m" num="p">
                  <grup.a gen="m" num="p">
                    <a gen="m" lem="primero" num="p" pos="ao0mp0" postype="ordinal" wd="primeros"/>
                  </grup.a>
                </s.a>
                <n gen="m" lem="grupo" num="p" pos="ncmp000" postype="common" sense="16:00017954" wd="grupos"/>
                <sn complex="yes">
                  <f lem="," pos="fc" punct="comma" wd=","/>
                  <grup.nom coord="yes">
                    <grup.nom gen="m" num="p">
                      <n gen="m" lem="pez" num="p" pos="ncmp000" postype="common" sense="16:02005782" wd="peces"/>
                    </grup.nom>
                    <conj conjunctiontype="coordinating">
                      <c lem="y" pos="cc" postype="coordinating" wd="y"/>
                    </conj>
                    <grup.nom gen="m" num="p">
                      <n gen="m" lem="reptil" num="p" pos="ncmp000" postype="common" sense="16:01182199" wd="reptiles"/>
                    </grup.nom>
                  </grup.nom>
                  <f lem="," pos="fc" punct="comma" wd=","/>
                </sn>
              </grup.nom>
            </sn>
          </sp>
        </grup.nom>
      </sn>
    </sp>
    <sn arg="arg0" func="suj" tem="agt">
      <spec gen="f" num="s">
        <d gen="c" lem="tal" num="s" pos="dd0cs0" postype="demonstrative" wd="tal"/>
      </spec>
      <grup.nom gen="f" num="s">
        <n gen="f" lem="aseveración" lexicalid="noun.aseveración.1.default" num="s" origin="deverbal" pos="ncfs000" postype="common" sense="16:05045355" wd="aseveración"/>
      </grup.nom>
    </sn>
    <neg func="mod">
      <r lem="no" pos="rn" postype="negative" wd="no"/>
    </neg>
    <grup.verb>
      <v lem="suscitar" lss="A21.transitive-agentive-patient" mood="indicative" num="s" person="3" pos="vmip3s0" postype="main" tense="present" wd="suscita"/>
    </grup.verb>
    <sn arg="arg1" func="cd" tem="pat">
      <spec gen="f" num="s">
        <d gen="f" lem="el" num="s" pos="da0fs0" postype="article" wd="la"/>
      </spec>
      <grup.nom gen="f" num="s">
        <s.a gen="f" num="s">
          <spec>
            <r lem="más" pos="rg" wd="más"/>
          </spec>
          <grup.a gen="f" num="s">
            <a gen="f" lem="mínimo" num="s" pos="aq0fs0" postype="qualificative" wd="mínima"/>
          </grup.a>
        </s.a>
        <n gen="f" lem="controversia" num="s" pos="ncfs000" postype="common" sense="16:05369177" wd="controversia"/>
      </grup.nom>
    </sn>
    <f lem="." pos="fp" punct="period" wd="."/>
  </sentence>
  <sentence>
    <conj conjunctiontype="coordinating" func="et">
      <c lem="pero" pos="cc" postype="coordinating" wd="Pero"/>
    </conj>
    <sp arg="argM" func="cc" tem="adv">
      <prep>
        <s lem="con" pos="sps00" postype="preposition" wd="con"/>
      </prep>
      <sn>
        <spec gen="f" num="p">
          <d gen="f" lem="el" num="p" pos="da0fp0" postype="article" wd="las"/>
        </spec>
        <grup.nom gen="f" num="p">
          <n gen="f" lem="ave" num="p" pos="ncfp000" postype="common" sense="16:01026695" wd="aves"/>
        </grup.nom>
      </sn>
      <f lem="," pos="fc" punct="comma" wd=","/>
    </sp>
    <sn arg="arg0" func="suj" tem="agt">
      <spec gen="m" num="s">
        <r lem="más_de" pos="rg" wd="más_de"/>
      </spec>
      <grup.nom gen="m" num="s">
        <p gen="m" lem="uno" num="s" pos="pi0ms000" postype="indefinite" wd="uno"/>
        <sp>
          <prep>
            <s lem="de" pos="sps00" postype="preposition" wd="de"/>
          </prep>
          <sn>
            <spec gen="m" num="p">
              <d gen="m" lem="nuestro" num="p" person="1" pos="dp1mpp" possessornum="p" postype="possessive" wd="nuestros"/>
            </spec>
            <grup.nom gen="m" num="p">
              <n gen="m" lem="lector" num="p" pos="ncmp000" postype="common" sense="16:07520827" wd="lectores"/>
            </grup.nom>
          </sn>
        </sp>
      </grup.nom>
    </sn>
    <grup.verb>
      <v lem="pensar" lss="A21.transitive-agentive-patient" mood="indicative" num="s" person="3" pos="vmif3s0" postype="main" tense="future" wd="pensará"/>
    </grup.verb>
    <S arg="arg1" clausetype="completive" func="cd" tem="pat">
      <conj conjunctiontype="subordinating">
        <c lem="que" pos="cs" postype="subordinating" wd="que"/>
      </conj>
      <sn arg="arg0" func="suj" tem="agt">
        <spec gen="m" num="p">
          <d gen="m" lem="el" num="p" pos="da0mp0" postype="article" wd="los"/>
        </spec>
        <grup.nom gen="m" num="p">
          <s.a gen="m" num="p">
            <grup.a gen="m" num="p">
              <a gen="m" lem="sesudo" num="p" pos="aq0mp0" postype="qualificative" wd="sesudos"/>
            </grup.a>
          </s.a>
          <n gen="m" lem="hombre" num="p" pos="ncmp000" postype="common" sense="16:07392506" wd="hombres"/>
          <sp>
            <prep>
              <s lem="de" pos="sps00" postype="preposition" wd="de"/>
            </prep>
            <sn>
              <grup.nom gen="f" num="s">
                <n gen="f" lem="ciencia" num="s" pos="ncfs000" postype="common" sense="16:04596663" wd="ciencia"/>
              </grup.nom>
            </sn>
          </sp>
        </grup.nom>
      </sn>
      <morfema.pronominal>
        <p gen="c" lem="él" num="c" person="3" pos="p0300000" wd="se"/>
      </morfema.pronominal>
      <grup.verb>
        <v lem="equivocar" lss="A22.transitive-agentive-theme" mood="indicative" num="p" person="3" pos="vmip3p0" postype="main" tense="present" wd="equivocan"/>
      </grup.verb>
    </S>
    <f lem="." pos="fp" punct="period" wd="."/>
  </sentence>
  <sentence>
    <sn arg="arg0" func="suj" tem="agt">
      <grup.nom gen="m" num="p">
        <p gen="m" lem="él" num="p" person="3" pos="pp3mp000" postype="personal" wd="Ellos"/>
      </grup.nom>
    </sn>
    <sadv arg="argM" func="cc" tem="tmp">
      <grup.adv>
        <r lem="entonces" pos="rg" wd="entonces"/>
      </grup.adv>
    </sadv>
    <sn arg="arg1" func="cd" tem="pat">
      <grup.nom num="p">
        <p gen="c" lem="yo" num="p" person="1" pos="pp1cp000" postype="personal" wd="nos"/>
      </grup.nom>
    </sn>
    <grup.verb>
      <v lem="invitar" lss="A34.ditransitive-patient-theme" mood="indicative" num="p" person="3" pos="vmif3p0" postype="main" tense="future" wd="invitarán"/>
    </grup.verb>
    <sp arg="arg2" func="creg" tem="tem">
      <prep>
        <s lem="a" pos="sps00" postype="preposition" wd="a"/>
      </prep>
      <S clausetype="completive" impersonal="yes">
        <infinitiu>
          <v lem="observar" lss="A21.transitive-agentive-patient" mood="infinitive" pos="vmn0000" postype="main" wd="observar"/>
        </infinitiu>
        <sn arg="arg1" func="cd" tem="pat">
          <spec gen="f" num="p">
            <d gen="c" lem="su" num="p" person="3" pos="dp3cp0" postype="possessive" wd="sus"/>
          </spec>
          <grup.nom gen="f" num="p">
            <n gen="f" lem="pata" num="p" pos="ncfp000" postype="common" sense="16:01661550" wd="patas"/>
            <S clausetype="relative">
              <f lem="," pos="fc" punct="comma" wd=","/>
              <relatiu arg="argM" func="cc" tem="loc">
                <p gen="c" lem="donde" num="c" pos="pr000000" postype="relative" wd="donde"/>
              </relatiu>
              <sadv arg="argM" func="cc" tem="adv">
                <f lem="," pos="fc" punct="comma" wd=","/>
                <grup.adv>
                  <r lem="en_efecto" pos="rg" wd="en_efecto"/>
                </grup.adv>
                <f lem="," pos="fc" punct="comma" wd=","/>
              </sadv>
              <grup.verb>
                <v lem="existir" lss="C11.state-existential" mood="indicative" num="p" person="3" pos="vmip3p0" postype="main" tense="present" wd="existen"/>
              </grup.verb>
              <sn arg="arg1" func="suj" tem="tem">
                <grup.nom gen="f" num="p">
                  <n gen="f" lem="escama" num="p" pos="ncfp000" postype="common" sense="16:01418225" wd="escamas"/>
                  <S clausetype="participle" impersonal="yes">
                    <sadv arg="argM" func="cc" tem="adv">
                      <grup.adv>
                        <r lem="claramente" pos="rg" wd="claramente"/>
                      </grup.adv>
                    </sadv>
                    <participi>
                      <a gen="f" lem="conformado" lss="B22.unaccusative-passive-transitive" num="p" pos="aq0fpp" posfunction="participle" postype="qualificative" wd="conformadas"/>
                    </participi>
                  </S>
                </grup.nom>
              </sn>
            </S>
          </grup.nom>
        </sn>
      </S>
    </sp>
    <f lem="." pos="fp" punct="period" wd="."/>
  </sentence>
  <sentence>
    <S arg="arg1" clausetype="completive" func="cd" tem="pat">
      <sadv arg="argM" func="cc" tem="adv">
        <grup.adv>
          <r lem="es_más" pos="rg" wd="Es_más"/>
        </grup.adv>
        <f lem="," pos="fc" punct="comma" wd=","/>
      </sadv>
      <sn arg="arg1" func="suj" tem="tem">
        <sadv adjunct="yes">
          <grup.adv>
            <r lem="incluso" pos="rg" wd="incluso"/>
          </grup.adv>
        </sadv>
        <sn>
          <spec gen="f" num="p">
            <d gen="f" lem="el" num="p" pos="da0fp0" postype="article" wd="las"/>
            <d gen="f" lem="propio" num="p" pos="di0fp0" postype="indefinite" wd="propias"/>
          </spec>
          <grup.nom gen="f" num="p">
            <n gen="f" lem="pluma" num="p" pos="ncfp000" postype="common" sense="16:01411980" wd="plumas"/>
          </grup.nom>
        </sn>
      </sn>
      <sadv func="mod">
        <grup.adv>
          <r lem="no" pos="rg" wd="no"/>
        </grup.adv>
      </sadv>
      <grup.verb>
        <v lem="ser" lss="C21.state-attributive" mood="indicative" num="p" person="3" pos="vsip3p0" postype="semiauxiliary" tense="present" wd="son"/>
      </grup.verb>
      <sadv arg="argM" func="cc" tem="adv">
        <grup.adv>
          <r lem="otra_cosa_que" pos="rg" wd="otra_cosa_que"/>
        </grup.adv>
      </sadv>
      <sn arg="arg2" func="atr" tem="atr">
        <grup.nom gen="f" num="p">
          <n gen="f" lem="escama" num="p" pos="ncfp000" postype="common" sense="16:01418225" wd="escamas"/>
          <S clausetype="participle" impersonal="yes">
            <participi>
              <a gen="f" lem="modificado" num="p" pos="aq0fpp" posfunction="participle" postype="qualificative" wd="modificadas"/>
            </participi>
          </S>
          <sp>
            <f lem="," pos="fc" punct="comma" wd=","/>
            <prep>
              <s lem="con" pos="sps00" postype="preposition" wd="con"/>
            </prep>
            <sn>
              <spec gen="m" num="p">
                <d gen="m" lem="el" num="p" pos="da0mp0" postype="article" wd="los"/>
              </spec>
              <grup.nom gen="m" num="p">
                <n gen="m" lem="borde" num="p" pos="ncmp000" postype="common" sense="16:02317372" wd="bordes"/>
                <S clausetype="participle" coord="yes" impersonal="yes">
                  <S clausetype="participle" impersonal="yes">
                    <participi>
                      <a gen="m" lem="deshilachado" num="p" pos="aq0mpp" posfunction="participle" postype="qualificative" wd="deshilachados"/>
                    </participi>
                  </S>
                  <conj conjunctiontype="coordinating">
                    <c lem="y" pos="cc" postype="coordinating" wd="y"/>
                  </conj>
                  <S clausetype="participle" impersonal="yes">
                    <participi>
                      <a gen="m" lem="desplegado" num="p" pos="aq0mpp" posfunction="participle" postype="qualificative" wd="desplegados"/>
                    </participi>
                  </S>
                </S>
              </grup.nom>
            </sn>
            <f lem="," pos="fc" punct="comma" wd=","/>
          </sp>
        </grup.nom>
      </sn>
    </S>
    <grup.verb>
      <v lem="concluir" lss="A21.transitive-agentive-patient" mood="indicative" num="p" person="3" pos="vmic3p0" postype="main" tense="conditional" wd="concluirían"/>
    </grup.verb>
    <sn arg="arg0" func="suj" tem="agt">
      <spec gen="m" num="p">
        <d gen="m" lem="el" num="p" pos="da0mp0" postype="article" wd="los"/>
      </spec>
      <grup.nom gen="m" num="p">
        <S clausetype="participle" impersonal="yes">
          <sadv arg="argM" func="cc" tem="adv">
            <grup.adv>
              <r lem="más" pos="rg" wd="más"/>
            </grup.adv>
          </sadv>
          <participi>
            <a gen="m" lem="avezado" lss="C21.state-attributive" num="p" pos="aq0mpp" posfunction="participle" postype="qualificative" wd="avezados"/>
          </participi>
        </S>
      </grup.nom>
    </sn>
    <f lem="." pos="fp" punct="period" wd="."/>
  </sentence>
  <sentence>
    <S arg="arg1" clausetype="completive" func="suj" impersonal="yes" tem="tem">
      <infinitiu>
        <v lem="comparar" lss="A34.ditransitive-patient-theme" mood="infinitive" pos="vmn0000" postype="main" wd="Comparar"/>
      </infinitiu>
      <sn arg="arg1" func="cd" tem="pat">
        <spec gen="f" num="s">
          <d gen="f" lem="el" num="s" pos="da0fs0" postype="article" wd="la"/>
        </spec>
        <grup.nom gen="f" num="s">
          <n gen="f" lem="piel" num="s" pos="ncfs000" postype="common" sense="16:01411738" wd="piel"/>
          <sp>
            <prep>
              <s lem="de" pos="sps00" postype="preposition" wd="de"/>
            </prep>
            <sn complex="yes">
              <spec gen="m" num="p">
                <d gen="m" lem="el" num="p" pos="da0mp0" postype="article" wd="los"/>
              </spec>
              <grup.nom coord="yes">
                <grup.nom gen="m" num="p">
                  <n gen="m" lem="mamífero" num="p" pos="ncmp000" postype="common" sense="16:01378363" wd="mamíferos"/>
                </grup.nom>
                <conj conjunctiontype="coordinating">
                  <c lem="y" pos="cc" postype="coordinating" wd="y"/>
                </conj>
                <grup.nom gen="m" num="p">
                  <n gen="m" lem="anfibio" num="p" pos="ncmp000" postype="common" sense="16:01148941" wd="anfibios"/>
                </grup.nom>
              </grup.nom>
            </sn>
          </sp>
        </grup.nom>
      </sn>
    </S>
    <morfema.pronominal>
      <p gen="c" lem="él" num="c" person="3" pos="p0300000" wd="se"/>
    </morfema.pronominal>
    <grup.verb>
      <v lem="prestar" lss="C21.state-attributive" mood="indicative" num="s" person="3" pos="vmip3s0" postype="main" tense="present" wd="presta"/>
    </grup.verb>
    <sp arg="arg2" func="creg" tem="atr">
      <prep>
        <s lem="a" pos="sps00" postype="preposition" wd="a"/>
      </prep>
      <sn>
        <spec gen="f" num="s">
          <d gen="f" lem="uno" num="s" pos="di0fs0" postype="indefinite" wd="una"/>
        </spec>
        <grup.nom gen="f" num="s">
          <s.a gen="f" num="s">
            <grup.a gen="f" num="s">
              <a gen="c" lem="mayor" num="s" pos="aq0cs0" postype="qualificative" wd="mayor"/>
            </grup.a>
          </s.a>
          <n gen="f" lem="polémica" num="s" pos="ncfs000" postype="common" sense="16:05369415" wd="polémica"/>
        </grup.nom>
      </sn>
    </sp>
    <f lem="." pos="fp" punct="period" wd="."/>
  </sentence>
</article>
