<?xml version="1.0" encoding="UTF-8" standalone="no"?>
<!-- 

  ancora-2.0
       
			Copyright (C) 2007, 2008, 2009, 2010, 2011 UB - CLiC
			Centre de Llenguatge i Computació - Universitat de Barcelona
 
  This file is part of ancora-2.0.
 
  ancora-2.0 is free software and data: you can redistribute it and/or modify
  it under the terms of the GNU General Public License as published
  by the Free Software Foundation, either version 3 of the License,
  or (at your option) any later version.

  ancora-2.0 is distributed in the hope that it will be useful,
  but WITHOUT ANY WARRANTY; without even the implied warranty of
  MERCHANTABILITY or FITNESS FOR A PARTICULAR PURPOSE.  See the
  GNU General Public License for more details.
 
  You should have received a copy of the GNU General Public License
  along with ancora-2.0.  If not, see &lt;http://www.gnu.org/licenses/&gt;.
 
  Check a text in catalan explaining the terms of the license at http://www.softcatala.cat/wiki/GPL3.
  In spanish at http://www.viti.es/gnu/licenses/gpl.html
 

  The following paper must be cited when using this corpus:

 * Taulé, M., M.A. Martí, M. Recasens (2008) 'Ancora: Multilevel Annotated Corpora for Catalan and Spanish',
   Proceedings of 6th International Conference on Language Resources and Evaluation. Marrakesh (Morocco).

  In addition, the following paper must be cited if coreference information (attributes entity, coreftype,
  corefsubtype, homophoricDD or entityref) is used:

 * Recasens, Marta, M. Antònia Martí (2010) ‘AnCora-CO: Coreferentially annotated corpora for Spanish and
   Catalan’. Language Resources and Evaluation, Springer Science.

  Additionally, the following paper must be cited when argumental attributes in "sn" or "grup.nom"
  (attributes func, arg, tem or lexicalid) are used:

 * Peris, Aina, Mariona Taulé, Horacio Rodríguez (2010) ‘Semantic Annotation of Deverbal Nominalizations in the
   Spanish AnCora corpus’. Treebanks and Linguistic Theories (TLT-2010), Estonia.
-->
<article lng="es">
  <sentence>
    <sn arg="arg1" elliptic="yes" func="suj" tem="tem"/>
    <grup.verb>
      <v lem="ser" lss="C21.state-attributive" mood="indicative" num="p" person="3" pos="vsip3p0" postype="semiauxiliary" tense="present" wd="Son"/>
    </grup.verb>
    <sn arg="arg2" func="atr" tem="atr">
      <spec gen="m" num="p">
        <d gen="m" lem="el" num="p" pos="da0mp0" postype="article" wd="los"/>
      </spec>
      <grup.nom gen="m" num="p">
        <n gen="m" lem="dios" num="p" pos="ncmp000" postype="common" sense="16:06861622" wd="dioses"/>
        <sp>
          <prep>
            <s lem="de" pos="sps00" postype="preposition" wd="de"/>
          </prep>
          <sn>
            <spec gen="f" num="s">
              <d gen="f" lem="uno" num="s" pos="di0fs0" postype="indefinite" wd="una"/>
            </spec>
            <grup.nom gen="f" num="s">
              <s.a gen="f" num="s">
                <grup.a gen="f" num="s">
                  <a gen="f" lem="nuevo" num="s" pos="aq0fs0" postype="qualificative" wd="nueva"/>
                </grup.a>
              </s.a>
              <n lem="Creación" ne="other" pos="np0000a" postype="proper" sense="16:00154105" wd="Creación"/>
            </grup.nom>
          </sn>
        </sp>
      </grup.nom>
    </sn>
    <f lem="." pos="fp" punct="period" wd="."/>
  </sentence>
  <sentence>
    <sp arg="argM" func="cc" tem="tmp">
      <prep>
        <s lem="desde" pos="sps00" postype="preposition" wd="Desde"/>
      </prep>
      <sadv>
        <grup.adv>
          <r lem="siempre" pos="rg" wd="siempre"/>
        </grup.adv>
      </sadv>
      <f lem="," pos="fc" punct="comma" wd=","/>
    </sp>
    <sn arg="arg0" func="suj" tem="agt">
      <spec gen="m" num="s">
        <d gen="m" lem="el" num="s" pos="da0ms0" postype="article" wd="el"/>
      </spec>
      <grup.nom gen="m" num="s">
        <n gen="m" lem="hombre" num="s" pos="ncms000" postype="common" sense="16:07391044" wd="hombre"/>
      </grup.nom>
    </sn>
    <grup.verb>
      <v lem="haber" mood="indicative" num="s" person="3" pos="vaii3s0" postype="auxiliary" tense="imperfect" wd="había"/>
      <v gen="m" lem="soñar" lss="A22.transitive-agentive-theme" mood="participle" num="s" pos="vmp00sm" postype="main" wd="soñado"/>
    </grup.verb>
    <sp arg="arg1" func="creg" tem="tem">
      <prep>
        <s lem="con" pos="sps00" postype="preposition" wd="con"/>
      </prep>
      <sn>
        <spec gen="f" num="s">
          <d gen="f" lem="el" num="s" pos="da0fs0" postype="article" wd="la"/>
        </spec>
        <grup.nom gen="f" num="s">
          <n gen="f" lem="posibilidad" num="s" pos="ncfs000" postype="common" sense="16:10388744" wd="posibilidad"/>
          <sp>
            <prep>
              <s lem="de" pos="sps00" postype="preposition" wd="de"/>
            </prep>
            <S clausetype="completive" impersonal="yes">
              <infinitiu>
                <v lem="generar" lss="A21.transitive-agentive-patient" mood="infinitive" pos="vmn0000" postype="main" wd="generar"/>
              </infinitiu>
              <sn arg="arg1" func="cd" tem="pat">
                <grup.nom gen="f" num="s">
                  <n gen="f" lem="vida" num="s" pos="ncfs000" postype="common" sense="16:00002880" wd="vida"/>
                  <s.a gen="f" num="s">
                    <grup.a gen="f" num="s">
                      <a gen="c" lem="artificial" num="s" pos="aq0cs0" postype="qualificative" wd="artificial"/>
                    </grup.a>
                  </s.a>
                </grup.nom>
              </sn>
              <S arg="argM" clausetype="adverbial" func="cc" tem="adv">
                <f lem="," pos="fc" punct="comma" wd=","/>
                <sn arg="arg1" elliptic="yes" func="suj" tem="tem"/>
                <sadv func="mod">
                  <grup.adv>
                    <r lem="ya" pos="rg" wd="ya"/>
                  </grup.adv>
                </sadv>
                <grup.verb>
                  <v lem="ser" lss="C21.state-attributive" mood="subjunctive" num="s" person="3" pos="vssi3s0" postype="semiauxiliary" tense="imperfect" wd="fuera"/>
                </grup.verb>
                <S arg="arg2" clausetype="adverbial" coord="yes" func="atr" impersonal="yes" tem="atr">
                  <S clausetype="adverbial" impersonal="yes">
                    <gerundi>
                      <v lem="ensamblar" lss="A21.transitive-agentive-patient" mood="gerund" pos="vmg0000" postype="main" wd="ensamblando"/>
                    </gerundi>
                    <sn arg="arg1" complex="yes" func="cd" tem="pat">
                      <grup.nom coord="yes">
                        <grup.nom gen="f" num="p">
                          <n gen="f" lem="biela" num="p" pos="ncfp000" postype="common" sense="16:02487961" wd="bielas"/>
                        </grup.nom>
                        <conj conjunctiontype="coordinating">
                          <c lem="y" pos="cc" postype="coordinating" wd="y"/>
                        </conj>
                        <grup.nom gen="m" num="p">
                          <n gen="m" lem="engranaje" lexicalid="noun.engranaje.1.default" num="p" origin="deverbal" pos="ncmp000" postype="common" sense="16:02750625" wd="engranajes"/>
                        </grup.nom>
                      </grup.nom>
                    </sn>
                    <f lem="," pos="fc" punct="comma" wd=","/>
                  </S>
                  <conj conjunctiontype="coordinating">
                    <c lem="o" pos="cc" postype="coordinating" wd="o"/>
                  </conj>
                  <S clausetype="adverbial" impersonal="yes">
                    <gerundi>
                      <v lem="manipular" lss="A11.transitive-causative" mood="gerund" pos="vmg0000" postype="main" wd="manipulando"/>
                    </gerundi>
                    <sn arg="arg1" complex="yes" func="cd" tem="tem">
                      <grup.nom coord="yes">
                        <grup.nom gen="m" num="p">
                          <n gen="m" lem="órgano" num="p" pos="ncmp000" postype="common" sense="16:09381783" wd="órganos"/>
                        </grup.nom>
                        <conj conjunctiontype="coordinating">
                          <c lem="y" pos="cc" postype="coordinating" wd="y"/>
                        </conj>
                        <grup.nom gen="m" num="p">
                          <n gen="m" lem="tejido" num="p" pos="ncmp000" postype="common" sense="16:04087702" wd="tejidos"/>
                        </grup.nom>
                      </grup.nom>
                    </sn>
                    <sp arg="argM" func="cc" tem="loc">
                      <prep>
                        <s lem="en" pos="sps00" postype="preposition" wd="en"/>
                      </prep>
                      <sn>
                        <spec gen="m" num="p">
                          <d gen="m" lem="el" num="p" pos="da0mp0" postype="article" wd="los"/>
                        </spec>
                        <grup.nom gen="m" num="p">
                          <n gen="m" lem="sótano" num="p" pos="ncmp000" postype="common" sense="16:02258579" wd="sótanos"/>
                          <sp>
                            <prep>
                              <s lem="de" pos="sps00" postype="preposition" wd="de"/>
                            </prep>
                            <sn complex="yes">
                              <grup.nom coord="yes">
                                <grup.nom gen="m" num="p">
                                  <n gen="m" lem="hospital" num="p" pos="ncmp000" postype="common" sense="16:02834408" wd="hospitales"/>
                                </grup.nom>
                                <conj conjunctiontype="coordinating">
                                  <c lem="y" pos="cc" postype="coordinating" wd="y"/>
                                </conj>
                                <grup.nom gen="m" num="p">
                                  <n gen="m" lem="laboratorio" num="p" pos="ncmp000" postype="common" sense="16:02898427" wd="laboratorios"/>
                                </grup.nom>
                              </grup.nom>
                            </sn>
                          </sp>
                        </grup.nom>
                      </sn>
                    </sp>
                    <S arg="argM" clausetype="adverbial" func="cc" tem="adv">
                      <f lem="," pos="fc" punct="comma" wd=","/>
                      <conj conjunctiontype="subordinating">
                        <c lem="como" pos="cs" postype="subordinating" wd="como"/>
                      </conj>
                      <grup.verb>
                        <v lem="hacer" lss="A21.transitive-agentive-patient" mood="indicative" num="s" person="3" pos="vmii3s0" postype="main" tense="imperfect" wd="hacía"/>
                      </grup.verb>
                      <sn arg="arg0" entityref="ne" func="suj" ne="person" tem="agt">
                        <spec gen="m" num="s">
                          <d gen="m" lem="el" num="s" pos="da0ms0" postype="article" wd="el"/>
                        </spec>
                        <grup.nom gen="m" num="s">
                          <n gen="m" lem="doctor" num="s" pos="ncms000" postype="common" sense="16:07220340" wd="doctor"/>
                          <sn entityref="ne" ne="person">
                            <grup.nom gen="m" num="s">
                              <n lem="Frankenstein" ne="person" pos="np0000p" postype="proper" sense="16:50004988" wd="Frankenstein"/>
                            </grup.nom>
                          </sn>
                        </grup.nom>
                      </sn>
                    </S>
                  </S>
                </S>
                <f lem="," pos="fc" punct="comma" wd=","/>
              </S>
              <sp arg="argM" func="cc" tem="fin">
                <prep>
                  <s lem="para" pos="sps00" postype="preposition" wd="para"/>
                </prep>
                <S clausetype="completive" impersonal="yes">
                  <infinitiu>
                    <v lem="conseguir" lss="A21.transitive-agentive-patient" mood="infinitive" pos="vmn0000" postype="main" wd="conseguir"/>
                  </infinitiu>
                  <sn arg="arg1" func="cd" tem="pat">
                    <spec gen="m" num="s">
                      <d gen="m" lem="uno" num="s" pos="di0ms0" postype="indefinite" wd="un"/>
                    </spec>
                    <grup.nom gen="m" num="s">
                      <n gen="m" lem="autómata" num="s" pos="ncms000" postype="common" sense="16:02226816" wd="autómata"/>
                      <s.a gen="m" num="s">
                        <grup.a gen="m" num="s">
                          <a gen="c" lem="capaz" num="s" pos="aq0cs0" postype="qualificative" wd="capaz"/>
                          <sp>
                            <prep>
                              <s lem="de" pos="sps00" postype="preposition" wd="de"/>
                            </prep>
                            <S clausetype="completive" impersonal="yes">
                              <infinitiu>
                                <v lem="emular" lss="A21.transitive-agentive-patient" mood="infinitive" pos="vmn0000" postype="main" wd="emular"/>
                              </infinitiu>
                              <sn arg="arg1" func="cd" tem="pat">
                                <grup.nom gen="f" num="p">
                                  <p gen="f" lem="alguno" num="p" pos="pi0fp000" postype="indefinite" wd="algunas"/>
                                </grup.nom>
                                <sp>
                                  <prep>
                                    <s lem="de" pos="sps00" postype="preposition" wd="de"/>
                                  </prep>
                                  <sn>
                                    <spec gen="f" num="p">
                                      <d gen="f" lem="el" num="p" pos="da0fp0" postype="article" wd="las"/>
                                    </spec>
                                    <grup.nom gen="f" num="p">
                                      <n gen="f" lem="actividad" num="p" pos="ncfp000" postype="common" sense="16:00261466" wd="actividades"/>
                                      <s.a gen="f" num="p">
                                        <grup.a gen="f" num="p">
                                          <a gen="f" lem="propio" num="p" pos="aq0fp0" postype="qualificative" wd="propias"/>
                                          <sp>
                                            <prep>
                                              <s lem="de" pos="sps00" postype="preposition" wd="de"/>
                                            </prep>
                                            <sn>
                                              <spec gen="m" num="p">
                                                <d gen="m" lem="el" num="p" pos="da0mp0" postype="article" wd="los"/>
                                              </spec>
                                              <grup.nom gen="m" num="p">
                                                <n gen="m" lem="ser" num="p" pos="ncmp000" postype="common" sense="16:00002086" wd="seres"/>
                                                <s.a gen="m" num="p">
                                                  <grup.a gen="m" num="p">
                                                    <a gen="m" lem="vivo" num="p" pos="aq0mp0" postype="qualificative" wd="vivos"/>
                                                  </grup.a>
                                                </s.a>
                                              </grup.nom>
                                            </sn>
                                          </sp>
                                        </grup.a>
                                      </s.a>
                                    </grup.nom>
                                  </sn>
                                </sp>
                              </sn>
                            </S>
                          </sp>
                        </grup.a>
                      </s.a>
                    </grup.nom>
                  </sn>
                </S>
              </sp>
            </S>
          </sp>
        </grup.nom>
      </sn>
    </sp>
    <f lem="." pos="fp" punct="period" wd="."/>
  </sentence>
  <sentence>
    <neg func="mod">
      <r lem="no" pos="rn" postype="negative" wd="No"/>
    </neg>
    <grup.verb>
      <v lem="ser" lss="C21.state-attributive" mood="indicative" num="s" person="3" pos="vsip3s0" postype="semiauxiliary" tense="present" wd="es"/>
    </grup.verb>
    <sa arg="arg2" func="atr" tem="atr">
      <grup.a>
        <a gen="m" lem="raro" num="s" pos="aq0ms0" postype="qualificative" wd="raro"/>
      </grup.a>
    </sa>
    <S arg="arg1" clausetype="completive" func="suj" impersonal="yes" tem="tem">
      <infinitiu>
        <v lem="encontrar" lss="C21.state-attributive" mood="infinitive" pos="vmn0000" postype="main" wd="encontrarse"/>
      </infinitiu>
      <sp arg="arg2" func="cc" tem="loc">
        <prep>
          <s lem="en" pos="sps00" postype="preposition" wd="en"/>
        </prep>
        <sn complex="yes">
          <spec gen="m" num="p">
            <d gen="m" lem="el" num="p" pos="da0mp0" postype="article" wd="los"/>
          </spec>
          <grup.nom coord="yes">
            <grup.nom coord="yes">
              <grup.nom gen="m" num="p">
                <n gen="m" lem="congreso" num="p" pos="ncmp000" postype="common" sense="16:00799751" wd="congresos"/>
              </grup.nom>
              <conj conjunctiontype="coordinating">
                <c lem="y" pos="cc" postype="coordinating" wd="y"/>
              </conj>
              <grup.nom gen="f" num="p">
                <n gen="f" lem="reunión" lexicalid="noun.reunión.4.default" num="p" origin="deverbal" pos="ncfp000" postype="common" sense="16:06166238" wd="reuniones"/>
              </grup.nom>
            </grup.nom>
            <sp adjunct="yes" func="cn">
              <prep>
                <s lem="de" pos="sps00" postype="preposition" wd="de"/>
              </prep>
              <sn>
                <grup.nom gen="f" num="s">
                  <n gen="f" lem="vida" num="s" pos="ncfs000" postype="common" sense="16:00002880" wd="vida"/>
                  <s.a gen="f" num="s">
                    <grup.a gen="f" num="s">
                      <a gen="c" lem="artificial" num="s" pos="aq0cs0" postype="qualificative" wd="artificial"/>
                    </grup.a>
                  </s.a>
                </grup.nom>
              </sn>
            </sp>
          </grup.nom>
        </sn>
      </sp>
      <sp arg="arg2" func="cd" functype="quantitative" tem="atr">
        <prep>
          <s lem="a" pos="sps00" postype="preposition" wd="a"/>
        </prep>
        <sn>
          <grup.nom gen="m" num="p">
            <n gen="m" lem="científico" num="p" pos="ncmp000" postype="common" sense="16:07551670" wd="científicos"/>
          </grup.nom>
        </sn>
      </sp>
      <S arg="argM" clausetype="adverbial" coord="yes" func="cc" impersonal="yes" tem="adv">
        <S clausetype="adverbial" impersonal="yes">
          <gerundi>
            <v lem="curiosear" lss="D11.inergative-agentive" mood="gerund" pos="vmg0000" postype="main" wd="curioseando"/>
          </gerundi>
        </S>
        <conj conjunctiontype="coordinating">
          <c lem="y" pos="cc" postype="coordinating" wd="y"/>
        </conj>
        <S clausetype="adverbial" impersonal="yes">
          <gerundi>
            <v lem="disfrutar" lss="A22.transitive-agentive-theme" mood="gerund" pos="vmg0000" postype="main" wd="disfrutando"/>
          </gerundi>
          <sp arg="arg1" func="creg" tem="tem">
            <prep>
              <s lem="de" pos="sps00" postype="preposition" wd="de"/>
            </prep>
            <sn>
              <spec gen="m" num="p">
                <d gen="m" lem="el" num="p" pos="da0mp0" postype="article" wd="los"/>
              </spec>
              <grup.nom gen="m" num="p">
                <n gen="m" lem="videojuego" num="p" pos="ncmp000" postype="common" sense="16:50001520" wd="videojuegos"/>
                <S clausetype="relative">
                  <relatiu arg="arg1" func="cd" tem="pat">
                    <p gen="c" lem="que" num="c" pos="pr0cn000" postype="relative" wd="que"/>
                  </relatiu>
                  <grup.verb>
                    <v lem="presentar" lss="A32.ditransitive-patient-benefactive" mood="indicative" num="p" person="3" pos="vmip3p0" postype="main" tense="present" wd="presentan"/>
                  </grup.verb>
                  <sn arg="arg0" func="suj" tem="agt">
                    <spec gen="f" num="p">
                      <d gen="f" lem="alguno" num="p" pos="di0fp0" postype="indefinite" wd="algunas"/>
                    </spec>
                    <grup.nom gen="f" num="p">
                      <n gen="f" lem="casa" num="p" pos="ncfp000" postype="common" sense="16:06007767" wd="casas"/>
                      <s.a gen="f" num="p">
                        <grup.a gen="f" num="p">
                          <a gen="c" lem="comercial" num="p" pos="aq0cp0" postype="qualificative" wd="comerciales"/>
                        </grup.a>
                      </s.a>
                      <sp>
                        <f lem="," pos="fc" punct="comma" wd=","/>
                        <prep>
                          <c lem="como" pos="cs" postype="subordinating" wd="como"/>
                        </prep>
                        <sn entityref="ne" ne="organization">
                          <spec gen="f" num="s">
                            <d gen="f" lem="el" num="s" pos="da0fs0" postype="article" wd="la"/>
                          </spec>
                          <grup.nom gen="f" num="s">
                            <n gen="f" lem="compañía" num="s" pos="ncfs000" postype="common" sense="16:06006256" wd="compañía"/>
                            <s.a gen="f" num="s">
                              <grup.a gen="f" num="s">
                                <a gen="f" lem="norteamericano" num="s" pos="aq0fs0" postype="qualificative" wd="norteamericana"/>
                              </grup.a>
                            </s.a>
                            <sn entityref="ne" ne="organization">
                              <grup.nom>
                                <n lem="Maxis" ne="organization" pos="np0000o" postype="proper" sense="16:cs1" wd="Maxis"/>
                              </grup.nom>
                            </sn>
                          </grup.nom>
                        </sn>
                      </sp>
                    </grup.nom>
                  </sn>
                </S>
              </grup.nom>
            </sn>
          </sp>
        </S>
      </S>
    </S>
    <f lem="." pos="fp" punct="period" wd="."/>
  </sentence>
  <sentence>
    <sn arg="arg0" func="suj" tem="agt">
      <grup.nom gen="f" num="s">
        <p gen="f" lem="este" num="s" pos="pd0fs000" postype="demonstrative" wd="Esta"/>
      </grup.nom>
    </sn>
    <grup.verb>
      <v lem="haber" mood="indicative" num="s" person="3" pos="vaip3s0" postype="auxiliary" tense="present" wd="ha"/>
      <v gen="m" lem="lanzar" lss="A21.transitive-agentive-patient" mood="participle" num="s" pos="vmp00sm" postype="main" wd="lanzado"/>
    </grup.verb>
    <sp arg="argL" func="cc">
      <prep>
        <s contracted="yes" gen="m" lem="al" num="s" pos="spcms" postype="preposition" wd="al"/>
      </prep>
      <sn>
        <grup.nom gen="m" num="s">
          <n gen="m" lem="mercado" num="s" pos="ncms000" postype="common" sense="16:00711063" wd="mercado"/>
        </grup.nom>
      </sn>
    </sp>
    <sn arg="arg1" func="cd" tem="pat">
      <spec gen="m" num="p">
        <d gen="m" lem="alguno" num="p" pos="di0mp0" postype="indefinite" wd="algunos"/>
      </spec>
      <grup.nom gen="m" num="p">
        <n gen="m" lem="programa" num="p" pos="ncmp000" postype="common" sense="16:04930290" wd="programas"/>
        <sp>
          <f lem="," pos="fc" punct="comma" wd=","/>
          <prep>
            <c lem="como" pos="cs" postype="subordinating" wd="como"/>
          </prep>
          <sn coord="yes">
            <sn entityref="ne" ne="other">
              <spec gen="m" num="s">
                <d gen="m" lem="el" num="s" pos="da0ms0" postype="article" wd="el"/>
              </spec>
              <grup.nom gen="m" num="s">
                <n lem="SimLife" ne="other" pos="np0000a" postype="proper" sense="16:cs1" wd="SimLife"/>
              </grup.nom>
            </sn>
            <conj conjunctiontype="coordinating">
              <c lem="y" pos="cc" postype="coordinating" wd="y"/>
            </conj>
            <sn entityref="ne" ne="other">
              <spec gen="m" num="s">
                <d gen="m" lem="el" num="s" pos="da0ms0" postype="article" wd="el"/>
              </spec>
              <grup.nom gen="m" num="s">
                <n lem="SimAnt" ne="other" pos="np0000a" postype="proper" sense="16:cs1" wd="SimAnt"/>
              </grup.nom>
            </sn>
          </sn>
          <f lem="," pos="fc" punct="comma" wd=","/>
        </sp>
        <S clausetype="participle" impersonal="yes">
          <participi>
            <a gen="m" lem="diseñado" lss="B22.unaccusative-passive-transitive" num="p" pos="aq0mpp" posfunction="participle" postype="qualificative" wd="diseñados"/>
          </participi>
          <sp arg="argM" func="cc" tem="adv">
            <prep>
              <s lem="con" pos="sps00" postype="preposition" wd="con"/>
            </prep>
            <sn>
              <spec gen="f" num="p">
                <d gen="f" lem="el" num="p" pos="da0fp0" postype="article" wd="las"/>
              </spec>
              <grup.nom gen="f" num="p">
                <n gen="f" lem="técnica" num="p" pos="ncfp000" postype="common" sense="16:04360292" wd="técnicas"/>
                <s.a gen="f" num="p">
                  <spec>
                    <r lem="más" pos="rg" wd="más"/>
                  </spec>
                  <grup.a gen="f" num="p">
                    <a gen="f" lem="revolucionario" num="p" pos="aq0fp0" postype="qualificative" wd="revolucionarias"/>
                  </grup.a>
                </s.a>
                <sp>
                  <prep>
                    <s lem="de" pos="sps00" postype="preposition" wd="de"/>
                  </prep>
                  <sn>
                    <spec gen="f" num="s">
                      <d gen="f" lem="este" num="s" pos="dd0fs0" postype="demonstrative" wd="esta"/>
                    </spec>
                    <grup.nom gen="f" num="s">
                      <s.a gen="f" num="s">
                        <grup.a gen="f" num="s">
                          <a gen="f" lem="nuevo" num="s" pos="aq0fs0" postype="qualificative" wd="nueva"/>
                        </grup.a>
                      </s.a>
                      <n gen="f" lem="ciencia" num="s" pos="ncfs000" postype="common" sense="16:04590750" wd="ciencia"/>
                    </grup.nom>
                  </sn>
                </sp>
              </grup.nom>
            </sn>
          </sp>
        </S>
      </grup.nom>
    </sn>
    <f lem="." pos="fp" punct="period" wd="."/>
  </sentence>
  <sentence verbless="yes">
    <sp>
      <prep>
        <s lem="a_diferencia_de" pos="sps00" postype="preposition" wd="A_diferencia_de"/>
      </prep>
      <sn>
        <spec gen="m" num="p">
          <d gen="m" lem="otro" num="p" pos="di0mp0" postype="indefinite" wd="otros"/>
        </spec>
        <grup.nom gen="m" num="p">
          <n gen="m" lem="juego" lexicalid="noun.juego.1.default" num="p" origin="deverbal" pos="ncmp000" postype="common" sense="16:00289269" wd="juegos"/>
          <sp arg="arg1" func="cn" tem="tem">
            <prep>
              <s lem="de" pos="sps00" postype="preposition" wd="de"/>
            </prep>
            <sn>
              <grup.nom gen="m" num="s">
                <n gen="m" lem="ordenador" num="s" pos="ncms000" postype="common" sense="16:02481557" wd="ordenador"/>
              </grup.nom>
            </sn>
          </sp>
          <S clausetype="relative" func="cn">
            <f lem="," pos="fc" punct="comma" wd=","/>
            <sn arg="arg1" func="suj" tem="tem">
              <relatiu>
                <p gen="m" lem="cuyo" num="s" pos="pr0ms000" postype="relative" wd="cuyo"/>
              </relatiu>
              <grup.nom gen="m" num="s">
                <s.a gen="m" num="s">
                  <grup.a gen="m" num="s">
                    <a gen="m" lem="único" num="s" pos="aq0ms0" postype="qualificative" wd="único"/>
                  </grup.a>
                </s.a>
                <n gen="m" lem="objetivo" num="s" pos="ncms000" postype="common" sense="16:04586952" wd="objetivo"/>
              </grup.nom>
            </sn>
            <grup.verb>
              <v lem="ser" lss="C21.state-attributive" mood="indicative" num="s" person="3" pos="vsip3s0" postype="semiauxiliary" tense="present" wd="es"/>
            </grup.verb>
            <S arg="arg2" clausetype="completive" coord="yes" func="atr" impersonal="yes" tem="atr">
              <S clausetype="completive" impersonal="yes">
                <infinitiu>
                  <v lem="aniquilar" lss="A11.transitive-causative" mood="infinitive" pos="vmn0000" postype="main" wd="aniquilar"/>
                </infinitiu>
                <sp arg="arg1" func="cd" tem="tem">
                  <prep>
                    <s lem="a" pos="sps00" postype="preposition" wd="a"/>
                  </prep>
                  <sn>
                    <spec gen="m" num="p">
                      <d gen="m" lem="el" num="p" pos="da0mp0" postype="article" wd="los"/>
                    </spec>
                    <grup.nom gen="m" num="p">
                      <n gen="m" lem="invasor" num="p" pos="ncmp000" postype="common" sense="16:07343952" wd="invasores"/>
                    </grup.nom>
                  </sn>
                </sp>
              </S>
              <conj conjunctiontype="coordinating">
                <c lem="o" pos="cc" postype="coordinating" wd="o"/>
              </conj>
              <S clausetype="completive" impersonal="yes">
                <infinitiu>
                  <v lem="sortear" lss="A21.transitive-agentive-patient" mood="infinitive" pos="vmn0000" postype="main" wd="sortear"/>
                </infinitiu>
                <sn arg="arg1" func="cd" tem="pat">
                  <grup.nom gen="m" num="p">
                    <n gen="m" lem="obstáculo" num="p" pos="ncmp000" postype="common" sense="16:03051325" wd="obstáculos"/>
                  </grup.nom>
                </sn>
              </S>
            </S>
          </S>
        </grup.nom>
      </sn>
    </sp>
    <f lem="." pos="fp" punct="period" wd="."/>
  </sentence>
  <sentence coord="yes">
    <S>
      <sn arg="arg0" func="suj" tem="agt">
        <spec gen="m" num="s">
          <d gen="m" lem="el" num="s" pos="da0ms0" postype="article" wd="El"/>
        </spec>
        <grup.nom gen="m" num="s">
          <n gen="m" lem="usuario" num="s" pos="ncms000" postype="common" sense="16:07658488" wd="usuario"/>
        </grup.nom>
      </sn>
      <grup.verb>
        <v lem="poder" mood="indicative" num="s" person="3" pos="vmip3s0" postype="main" tense="present" wd="puede"/>
        <infinitiu>
          <v lem="generar" lss="A21.transitive-agentive-patient" mood="infinitive" pos="vmn0000" postype="main" wd="generar"/>
        </infinitiu>
      </grup.verb>
      <sp arg="argM" func="cc" tem="adv">
        <prep>
          <s lem="en" pos="sps00" postype="preposition" wd="en"/>
        </prep>
        <sn>
          <grup.nom gen="m" num="p">
            <p gen="m" lem="este" num="p" pos="pd0mp000" postype="demonstrative" wd="estos"/>
          </grup.nom>
        </sn>
      </sp>
      <sn arg="arg1" func="cd" tem="pat">
        <spec gen="f" num="p">
          <d gen="f" lem="el" num="p" pos="da0fp0" postype="article" wd="las"/>
        </spec>
        <grup.nom gen="f" num="p">
          <n gen="f" lem="criatura" num="p" pos="ncfp000" postype="common" sense="16:00008019" wd="criaturas"/>
          <S clausetype="relative">
            <relatiu arg="arg0" func="suj" tem="agt">
              <p gen="c" lem="que" num="c" pos="pr0cn000" postype="relative" wd="que"/>
            </relatiu>
            <sn arg="arg3" func="ci" tem="ben">
              <grup.nom num="s">
                <p case="dative" gen="c" lem="él" num="s" person="3" pos="pp3csd00" postype="personal" wd="le"/>
              </grup.nom>
            </sn>
            <grup.verb>
              <v lem="vengar" lss="B11.unaccusative-motion" mood="indicative" num="p" person="3" pos="vmip3p0" postype="main" tense="present" wd="vengan"/>
            </grup.verb>
            <sp arg="arg2" func="cc" tem="loc">
              <prep>
                <s lem="a" pos="sps00" postype="preposition" wd="a"/>
              </prep>
              <sn>
                <spec gen="f" num="s">
                  <d gen="f" lem="el" num="s" pos="da0fs0" postype="article" wd="la"/>
                </spec>
                <grup.nom gen="f" num="s">
                  <n gen="f" lem="imaginación" lexicalid="noun.imaginación.1.default" num="s" origin="deverbal" pos="ncfs000" postype="common" sense="16:04356524" wd="imaginación"/>
                </grup.nom>
              </sn>
            </sp>
          </S>
        </grup.nom>
      </sn>
      <f lem="," pos="fc" punct="comma" wd=","/>
    </S>
    <conj conjunctiontype="coordinating">
      <c lem="y" pos="cc" postype="coordinating" wd="y"/>
    </conj>
    <S verbless="yes">
      <grup.verb>
        <infinitiu>
          <v lem="llevar_a_cabo" mood="infinitive" pos="vmn0000" postype="main" wd="llevar_a_cabo"/>
        </infinitiu>
      </grup.verb>
      <sp>
        <prep>
          <s lem="con" pos="sps00" postype="preposition" wd="con"/>
        </prep>
        <sn>
          <grup.nom gen="f" num="p">
            <p gen="f" lem="él" num="p" person="3" pos="pp3fp000" postype="personal" wd="ellas"/>
          </grup.nom>
        </sn>
      </sp>
      <sn>
        <grup.nom gen="m" num="p">
          <s.a func="cn" gen="m" num="p">
            <grup.a gen="m" num="p">
              <a gen="c" lem="fascinante" num="p" pos="aq0cp0" postype="qualificative" wd="fascinantes"/>
            </grup.a>
          </s.a>
          <n gen="m" lem="experimento" lexicalid="noun.experimento.2.default" num="p" origin="deverbal" pos="ncmp000" postype="common" sense="16:00418704" wd="experimentos"/>
        </grup.nom>
      </sn>
    </S>
    <f lem="." pos="fp" punct="period" wd="."/>
  </sentence>
  <sentence>
    <sp arg="argM" func="cc" tem="fin">
      <prep>
        <s lem="para" pos="sps00" postype="preposition" wd="Para"/>
      </prep>
      <sn>
        <grup.nom gen="m" num="s">
          <p gen="c" lem="él" num="s" person="3" pos="pp3ns000" postype="personal" wd="ello"/>
        </grup.nom>
      </sn>
      <f lem="," pos="fc" punct="comma" wd=","/>
    </sp>
    <sn arg="arg0" elliptic="yes" func="suj" tem="agt"/>
    <grup.verb>
      <v lem="seleccionar" lss="A21.transitive-agentive-patient" mood="indicative" num="s" person="3" pos="vmip3s0" postype="main" tense="present" wd="selecciona"/>
    </grup.verb>
    <sn arg="arg1" complex="yes" func="cd" tem="pat">
      <grup.nom coord="yes">
        <grup.nom coord="yes">
          <grup.nom gen="m" num="p">
            <n gen="m" lem="ambiente" num="p" pos="ncmp000" postype="common" sense="16:10414112" wd="ambientes"/>
          </grup.nom>
          <f lem="," pos="fc" punct="comma" wd=","/>
          <grup.nom gen="m" num="p">
            <n gen="m" lem="ecosistema" num="p" pos="ncmp000" postype="common" sense="16:06195731" wd="ecosistemas"/>
          </grup.nom>
          <conj conjunctiontype="coordinating">
            <c lem="y" pos="cc" postype="coordinating" wd="y"/>
          </conj>
          <grup.nom gen="m" num="p">
            <n gen="m" lem="comportamiento" lexicalid="noun.comportamiento.1.default" num="p" origin="deverbal" pos="ncmp000" postype="common" sense="16:00792210" wd="comportamientos"/>
          </grup.nom>
        </grup.nom>
        <S adjunct="yes" clausetype="participle" func="cn" impersonal="yes">
          <participi>
            <a gen="m" lem="simulado" num="p" pos="aq0mpp" posfunction="participle" postype="qualificative" wd="simulados"/>
          </participi>
        </S>
      </grup.nom>
    </sn>
    <f lem="." pos="fp" punct="period" wd="."/>
  </sentence>
  <sentence>
    <sn arg="arg1" coord="yes" func="suj" tem="tem">
      <sn>
        <spec gen="f" num="p">
          <d gen="f" lem="el" num="p" pos="da0fp0" postype="article" wd="Las"/>
        </spec>
        <grup.nom gen="f" num="p">
          <n gen="f" lem="planta" num="p" pos="ncfp000" postype="common" sense="16:00008864" wd="plantas"/>
        </grup.nom>
      </sn>
      <conj conjunctiontype="coordinating">
        <c lem="y" pos="cc" postype="coordinating" wd="y"/>
      </conj>
      <sn>
        <grup.nom gen="m" num="p">
          <n gen="m" lem="animal" num="p" pos="ncmp000" postype="common" sense="16:00008019" wd="animales"/>
        </grup.nom>
      </sn>
    </sn>
    <grup.verb>
      <v lem="interaccionar" lss="B11.unaccusative-motion" mood="indicative" num="p" person="3" pos="vmip3p0" postype="main" tense="present" wd="interaccionan"/>
    </grup.verb>
    <sp arg="argM" func="cc" tem="adv">
      <prep>
        <s lem="entre" pos="sps00" postype="preposition" wd="entre"/>
      </prep>
      <sn>
        <grup.nom>
          <p case="oblique" gen="c" lem="él" num="c" person="3" pos="pp3cno00" postype="personal" wd="sí"/>
        </grup.nom>
      </sn>
    </sp>
    <S arg="argM" clausetype="adverbial" func="cc" tem="adv">
      <f lem="," pos="fc" punct="comma" wd=","/>
      <conj conjunctiontype="subordinating">
        <c lem="como" pos="cs" postype="subordinating" wd="como"/>
      </conj>
      <sn arg="arg1" elliptic="yes" func="suj" tem="tem"/>
      <grup.verb>
        <v lem="ocurrir" lss="C41.state-benefactive" mood="indicative" num="s" person="3" pos="vmip3s0" postype="main" tense="present" wd="ocurre"/>
      </grup.verb>
      <sp arg="argM" func="cc" tem="loc">
        <prep>
          <s lem="en" pos="sps00" postype="preposition" wd="en"/>
        </prep>
        <sn>
          <spec gen="m" num="s">
            <d gen="m" lem="el" num="s" pos="da0ms0" postype="article" wd="el"/>
          </spec>
          <grup.nom gen="m" num="s">
            <n gen="m" lem="mundo" num="s" pos="ncms000" postype="common" sense="16:04476879" wd="mundo"/>
            <s.a gen="m" num="s">
              <grup.a gen="m" num="s">
                <a gen="c" lem="real" num="s" pos="aq0cs0" postype="qualificative" wd="real"/>
              </grup.a>
            </s.a>
          </grup.nom>
        </sn>
      </sp>
    </S>
    <f lem="." pos="fp" punct="period" wd="."/>
  </sentence>
  <sentence>
    <S arg="arg1" clausetype="completive" func="cd" tem="pat">
      <f lem="&quot;" punct="quotation" wd="&quot;"/>
      <sn arg="arg1" elliptic="yes" func="suj" tem="tem"/>
      <grup.verb>
        <v lem="ser" lss="C21.state-attributive" mood="indicative" num="s" person="3" pos="vsip3s0" postype="semiauxiliary" tense="present" wd="Es"/>
      </grup.verb>
      <sn arg="arg2" func="atr" tem="atr">
        <spec gen="m" num="s">
          <d gen="m" lem="uno" num="s" pos="di0ms0" postype="indefinite" wd="un"/>
        </spec>
        <grup.nom gen="m" num="s">
          <n gen="m" lem="juego" lexicalid="noun.juego.1.default" num="s" origin="deverbal" pos="ncms000" postype="common" sense="16:00289269" wd="juego"/>
          <s.a func="cn" gen="m" num="s">
            <grup.a gen="m" num="s">
              <a gen="c" lem="pacifista" num="s" pos="aq0cs0" postype="qualificative" wd="pacifista"/>
            </grup.a>
          </s.a>
          <S clausetype="relative" func="cn">
            <relatiu arg="arg1" func="suj" tem="tem">
              <p gen="c" lem="que" num="c" pos="pr0cn000" postype="relative" wd="que"/>
            </relatiu>
            <grup.verb>
              <v lem="resultar" lss="B11.unaccusative-motion" mood="indicative" num="s" person="3" pos="vmip3s0" postype="main" tense="present" wd="resulta"/>
            </grup.verb>
            <sp arg="arg3" func="cc" tem="ori">
              <prep>
                <s lem="de" pos="sps00" postype="preposition" wd="de"/>
              </prep>
              <sn>
                <grup.nom gen="m" num="p">
                  <s.a gen="m" num="p">
                    <grup.a gen="m" num="p">
                      <a gen="m" lem="refinado" num="p" pos="aq0mp0" postype="qualificative" wd="refinadísimos"/>
                    </grup.a>
                  </s.a>
                  <n gen="m" lem="algoritmo" num="p" pos="ncmp000" postype="common" sense="16:04502720" wd="algoritmos"/>
                  <s.a gen="m" num="p">
                    <grup.a gen="m" num="p">
                      <a gen="m" lem="genético" num="p" pos="aq0mp0" postype="qualificative" wd="genéticos"/>
                    </grup.a>
                  </s.a>
                </grup.nom>
              </sn>
            </sp>
          </S>
        </grup.nom>
      </sn>
      <f lem="&quot;" pos="fe" punct="quotation" wd="&quot;"/>
      <f lem="," pos="fc" punct="comma" wd=","/>
    </S>
    <grup.verb>
      <v lem="decir" lss="A32.ditransitive-patient-benefactive" mood="indicative" num="s" person="3" pos="vmip3s0" postype="main" tense="present" wd="dice"/>
    </grup.verb>
    <sn arg="arg0" entityref="ne" func="suj" ne="person" tem="agt">
      <grup.nom gen="m" num="s">
        <n lem="Vladimir_Pokhilko" ne="person" pos="np0000p" postype="proper" sense="16:cs1" wd="Vladimir_Pokhilko"/>
        <sp>
          <f lem="," pos="fc" punct="comma" wd=","/>
          <prep>
            <s lem="de" pos="sps00" postype="preposition" wd="de"/>
          </prep>
          <sn entityref="ne" ne="organization">
            <spec gen="f" num="s">
              <d gen="f" lem="el" num="s" pos="da0fs0" postype="article" wd="la"/>
            </spec>
            <grup.nom gen="f" num="s">
              <n gen="f" lem="empresa" num="s" pos="ncfs000" postype="common" sense="16:06004580" wd="empresa"/>
              <sn entityref="ne" ne="organization">
                <grup.nom>
                  <n lem="Animatek" ne="organization" pos="np0000o" postype="proper" sense="16:cs1" wd="Animatek"/>
                </grup.nom>
              </sn>
              <sp>
                <f lem="," pos="fc" punct="comma" wd=","/>
                <prep>
                  <s lem="en" pos="sps00" postype="preposition" wd="en"/>
                </prep>
                <sn entityref="ne" ne="location">
                  <grup.nom>
                    <n lem="Moscú" ne="location" pos="np0000l" postype="proper" sense="16:06570227" wd="Moscú"/>
                  </grup.nom>
                </sn>
              </sp>
            </grup.nom>
          </sn>
          <f lem="," pos="fc" punct="comma" wd=","/>
        </sp>
      </grup.nom>
    </sn>
    <S arg="argM" clausetype="adverbial" func="cc" tem="tmp">
      <conj conjunctiontype="subordinating">
        <c lem="cuando" pos="cs" postype="subordinating" wd="cuando"/>
      </conj>
      <sn arg="arg1" elliptic="yes" func="suj" tem="tem"/>
      <morfema.pronominal>
        <p gen="c" lem="él" num="c" person="3" pos="p0300000" wd="se"/>
      </morfema.pronominal>
      <grup.verb>
        <v lem="referir" lss="C21.state-attributive" mood="indicative" num="s" person="3" pos="vmip3s0" postype="main" tense="present" wd="refiere"/>
      </grup.verb>
      <sp arg="arg2" func="creg" tem="atr">
        <prep>
          <s contracted="yes" gen="m" lem="al" num="s" pos="spcms" postype="preposition" wd="al"/>
        </prep>
        <sn entityref="ne" ne="other">
          <grup.nom gen="m" num="s">
            <n lem="HFish" ne="other" pos="np0000a" postype="proper" sense="16:cs1" wd="HFish"/>
            <sn>
              <f lem="," pos="fc" punct="comma" wd=","/>
              <spec gen="m" num="s">
                <d gen="m" lem="uno" num="s" pos="di0ms0" postype="indefinite" wd="un"/>
              </spec>
              <grup.nom gen="m" num="s">
                <n gen="m" lem="mundo" num="s" pos="ncms000" postype="common" sense="16:04476879" wd="mundo"/>
                <sp>
                  <prep>
                    <s lem="de" pos="sps00" postype="preposition" wd="de"/>
                  </prep>
                  <sn>
                    <grup.nom gen="m" num="p">
                      <n gen="m" lem="pez" num="p" pos="ncmp000" postype="common" sense="16:02005782" wd="peces"/>
                      <S clausetype="participle" impersonal="yes">
                        <participi>
                          <a gen="m" lem="irisado" num="p" pos="aq0mpp" posfunction="participle" postype="qualificative" wd="irisados"/>
                        </participi>
                      </S>
                    </grup.nom>
                  </sn>
                </sp>
                <S clausetype="participle" impersonal="yes">
                  <participi>
                    <a gen="m" lem="concebido" lss="B22.unaccusative-passive-transitive" num="s" pos="aq0msp" posfunction="participle" postype="qualificative" wd="concebido"/>
                  </participi>
                  <sp arg="arg0" func="cag" tem="agt">
                    <prep>
                      <s lem="por" pos="sps00" postype="preposition" wd="por"/>
                    </prep>
                    <sn>
                      <grup.nom gen="m" num="s">
                        <p gen="m" lem="él" num="s" person="3" pos="pp3ms000" postype="personal" wd="él"/>
                      </grup.nom>
                    </sn>
                  </sp>
                </S>
              </grup.nom>
            </sn>
          </grup.nom>
        </sn>
      </sp>
    </S>
    <f lem="." pos="fp" punct="period" wd="."/>
  </sentence>
  <sentence>
    <sadv arg="argM" func="cc" tem="adv">
      <grup.adv>
        <r lem="además" pos="rg" wd="Además"/>
      </grup.adv>
      <f lem="," pos="fc" punct="comma" wd=","/>
    </sadv>
    <sn arg="arg0" func="suj" tem="agt">
      <spec gen="f" num="s">
        <d gen="f" lem="el" num="s" pos="da0fs0" postype="article" wd="la"/>
      </spec>
      <grup.nom gen="f" num="s">
        <n gen="f" lem="hembra" num="s" pos="ncfs000" postype="common" sense="16:00865075" wd="hembra"/>
      </grup.nom>
    </sn>
    <grup.verb>
      <v lem="debe" mood="indicative" num="s" person="3" pos="vmip3s0" postype="main" tense="present" wd="debe"/>
      <infinitiu>
        <v lem="poder" mood="infinitive" pos="vmn0000" postype="main" wd="poder"/>
        <infinitiu>
          <v lem="poner" lss="A21.transitive-agentive-patient" mood="infinitive" pos="vmn0000" postype="main" wd="poner"/>
        </infinitiu>
      </infinitiu>
    </grup.verb>
    <sn arg="arg1" func="cd" tem="pat">
      <spec gen="f" num="s">
        <d gen="f" lem="otro" num="s" pos="di0fs0" postype="indefinite" wd="otra"/>
      </spec>
      <grup.nom gen="f" num="s">
        <n gen="f" lem="nidada" num="s" pos="ncfs000" postype="common" sense="16:06212186" wd="nidada"/>
      </grup.nom>
    </sn>
    <S clausesubtype="conditional" clausetype="adverbial" func="ao">
      <conj conjunctiontype="subordinating">
        <c lem="si" pos="cs" postype="subordinating" wd="si"/>
      </conj>
      <sn arg="arg1" elliptic="yes" func="suj" tem="tem"/>
      <grup.verb>
        <v lem="ser" lss="C21.state-attributive" mood="subjunctive" num="s" person="3" pos="vssi3s0" postype="semiauxiliary" tense="imperfect" wd="fuese"/>
      </grup.verb>
      <sa arg="arg2" func="atr" tem="atr">
        <grup.a>
          <a gen="m" lem="necesario" num="s" pos="aq0ms0" postype="qualificative" wd="necesario"/>
        </grup.a>
      </sa>
    </S>
    <f lem="." pos="fp" punct="period" wd="."/>
  </sentence>
  <sentence>
    <sp arg="argM" func="cc" tem="adv">
      <prep>
        <s lem="a_pesar_de" pos="sps00" postype="preposition" wd="A_pesar_de"/>
      </prep>
      <sn>
        <spec gen="f" num="s">
          <d gen="c" lem="su" num="s" person="3" pos="dp3cs0" postype="possessive" wd="su"/>
        </spec>
        <grup.nom gen="f" num="s">
          <n gen="f" lem="precocidad" num="s" pos="ncfs000" postype="common" sense="16:03939846" wd="precocidad"/>
        </grup.nom>
      </sn>
      <f lem="," pos="fc" punct="comma" wd=","/>
    </sp>
    <sn arg="arg1" func="suj" tem="tem">
      <spec gen="m" num="p">
        <d gen="m" lem="el" num="p" pos="da0mp0" postype="article" wd="los"/>
      </spec>
      <grup.nom gen="m" num="p">
        <n gen="m" lem="pájaro" num="p" pos="ncmp000" postype="common" sense="16:01026695" wd="pájaros"/>
        <sp>
          <prep>
            <s lem="de" pos="sps00" postype="preposition" wd="de"/>
          </prep>
          <sn>
            <grup.nom gen="f" num="s">
              <n gen="f" lem="costa" num="s" pos="ncfs000" postype="common" sense="16:06801422" wd="costa"/>
            </grup.nom>
          </sn>
        </sp>
      </grup.nom>
    </sn>
    <grup.verb>
      <v lem="sufrir" lss="C21.state-attributive" mood="indicative" num="p" person="3" pos="vmip3p0" postype="main" tense="present" wd="sufren"/>
    </grup.verb>
    <sn arg="arg2" func="cd" functype="quantitative" tem="atr">
      <grup.nom gen="f" num="p">
        <s.a func="cn" gen="f" num="p">
          <grup.a gen="f" num="p">
            <a gen="c" lem="terrible" num="p" pos="aq0cp0" postype="qualificative" wd="terribles"/>
          </grup.a>
        </s.a>
        <n gen="f" lem="pérdida" lexicalid="noun.pérdida.1.default" num="p" origin="deverbal" pos="ncfp000" postype="common" sense="16:00135125" wd="pérdidas"/>
        <sp arg="arg1" func="cn" tem="pat">
          <prep>
            <s lem="de" pos="sps00" postype="preposition" wd="de"/>
          </prep>
          <sn complex="yes">
            <grup.nom coord="yes">
              <grup.nom gen="m" num="p">
                <n gen="m" lem="huevo" num="p" pos="ncmp000" postype="common" sense="16:00986478" wd="huevos"/>
              </grup.nom>
              <conj conjunctiontype="coordinating">
                <c lem="y" pos="cc" postype="coordinating" wd="y"/>
              </conj>
              <grup.nom gen="m" num="p">
                <n gen="m" lem="polluelo" num="p" pos="ncmp000" postype="common" sense="16:01309954" wd="polluelos"/>
              </grup.nom>
            </grup.nom>
          </sn>
        </sp>
      </grup.nom>
    </sn>
    <f lem="." pos="fp" punct="period" wd="."/>
  </sentence>
  <sentence>
    <S>
      <sn arg="arg0" func="suj" tem="agt">
        <spec gen="f" num="s">
          <d gen="f" lem="uno" num="s" pos="di0fs0" postype="indefinite" wd="Una"/>
        </spec>
        <grup.nom gen="f" num="s">
          <n gen="f" lem="población" lexicalid="noun.población.1.default" num="s" origin="deverbal" pos="ncfs000" postype="common" sense="16:06079663" wd="población"/>
          <sp arg="arg0" func="cn" tem="agt">
            <prep>
              <s lem="de" pos="sps00" postype="preposition" wd="de"/>
            </prep>
            <sn>
              <grup.nom gen="f" num="p">
                <n gen="f" lem="gallineta" num="p" pos="ncfp000" postype="common" sense="16:01529861" wd="gallinetas"/>
                <S clausetype="participle" impersonal="yes">
                  <participi>
                    <a gen="f" lem="moteado" num="p" pos="aq0fpp" posfunction="participle" postype="qualificative" wd="moteadas"/>
                  </participi>
                </S>
              </grup.nom>
            </sn>
          </sp>
          <S clausetype="participle" func="cn" impersonal="yes">
            <participi>
              <a gen="f" lem="estudiado" lss="B22.unaccusative-passive-transitive" num="s" pos="aq0fsp" posfunction="participle" postype="qualificative" wd="estudiada"/>
            </participi>
            <sp arg="argM" func="cc" tem="loc">
              <prep>
                <s lem="en" pos="sps00" postype="preposition" wd="en"/>
              </prep>
              <sn entityref="ne" ne="location">
                <grup.nom>
                  <n lem="Minnesota" ne="location" pos="np0000l" postype="proper" sense="16:06619532" wd="Minnesota"/>
                </grup.nom>
              </sn>
            </sp>
            <sp arg="argM" func="cc" tem="tmp">
              <prep>
                <s lem="en" pos="sps00" postype="preposition" wd="en"/>
              </prep>
              <sn entityref="ne" ne="date">
                <grup.nom>
                  <w lem="[??:??/??/1975:??.??]" ne="date" wd="1975"/>
                </grup.nom>
              </sn>
            </sp>
          </S>
        </grup.nom>
      </sn>
      <grup.verb>
        <v lem="producir" lss="A21.transitive-agentive-patient" mood="indicative" num="s" person="3" pos="vmis3s0" postype="main" tense="past" wd="produjo"/>
      </grup.verb>
      <sn arg="arg1" coord="yes" func="cd" tem="pat">
        <sn>
          <spec gen="m" num="p">
            <z lem="157" ne="number" wd="157"/>
          </spec>
          <grup.nom gen="m" num="p">
            <n gen="m" lem="huevo" num="p" pos="ncmp000" postype="common" sense="16:00986478" wd="huevos"/>
          </grup.nom>
          <f lem="," pos="fc" punct="comma" wd=","/>
        </sn>
        <conj conjunctiontype="coordinating">
          <c lem="pero" pos="cc" postype="coordinating" wd="pero"/>
        </conj>
        <sn>
          <spec gen="m" num="s">
            <d gen="m" lem="ninguno" num="s" pos="di0ms0" postype="indefinite" wd="ningún"/>
          </spec>
          <grup.nom gen="m" num="s">
            <n gen="m" lem="polluelo" num="s" pos="ncms000" postype="common" sense="16:01309954" wd="polluelo"/>
          </grup.nom>
        </sn>
      </sn>
    </S>
    <S adjunct="yes">
      <f lem=":" pos="fd" punct="colon" wd=":"/>
      <sn arg="arg0" func="suj" tem="agt">
        <spec gen="m" num="s">
          <d gen="m" lem="uno" num="s" pos="di0ms0" postype="indefinite" wd="un"/>
        </spec>
        <grup.nom gen="m" num="s">
          <s.a gen="m" num="s">
            <grup.a gen="m" num="s">
              <a gen="m" lem="solo" num="s" pos="aq0ms0" postype="qualificative" wd="solo"/>
            </grup.a>
          </s.a>
          <n gen="m" lem="visón" num="s" pos="ncms000" postype="common" sense="16:01938744" wd="visón"/>
        </grup.nom>
      </sn>
      <morfema.pronominal>
        <p gen="c" lem="él" num="c" person="3" pos="p0300000" wd="se"/>
      </morfema.pronominal>
      <grup.verb>
        <v lem="comer" lss="A21.transitive-agentive-patient" mood="indicative" num="s" person="3" pos="vmis3s0" postype="main" tense="past" wd="comió"/>
      </grup.verb>
      <sn arg="arg1" func="cd" tem="pat">
        <spec gen="m" num="p">
          <z lem="87" ne="number" wd="87"/>
        </spec>
        <grup.nom gen="m" num="p">
          <n gen="m" lem="huevo" num="p" pos="ncmp000" postype="common" sense="16:00986478" wd="huevos"/>
        </grup.nom>
      </sn>
    </S>
    <f lem="." pos="fp" punct="period" wd="."/>
  </sentence>
  <sentence>
    <sadv arg="argM" func="cc" tem="adv">
      <grup.adv>
        <r lem="igualmente" pos="rg" wd="Igualmente"/>
      </grup.adv>
      <f lem="," pos="fc" punct="comma" wd=","/>
    </sadv>
    <sn arg="arg0" func="suj" tem="agt">
      <spec gen="m" num="s">
        <d gen="m" lem="uno" num="s" pos="di0ms0" postype="indefinite" wd="un"/>
      </spec>
      <grup.nom gen="m" num="s">
        <n gen="m" lem="estudio" num="s" pos="ncms000" postype="common" sense="16:04467719" wd="estudio"/>
        <sp>
          <prep>
            <s lem="de" pos="sps00" postype="preposition" wd="de"/>
          </prep>
          <sn>
            <grup.nom gen="f" num="p">
              <n gen="f" lem="jacana" num="p" pos="ncfp000" postype="common" sense="16:cs1" wd="jacanas"/>
              <sp>
                <prep>
                  <s lem="en" pos="sps00" postype="preposition" wd="en"/>
                </prep>
                <sn entityref="ne" ne="location">
                  <spec gen="f" num="s">
                    <d gen="f" lem="el" num="s" pos="da0fs0" postype="article" wd="la"/>
                  </spec>
                  <grup.nom gen="f" num="s">
                    <n lem="Guyana" ne="location" pos="np0000l" postype="proper" sense="16:cs1" wd="Guyana"/>
                  </grup.nom>
                </sn>
              </sp>
            </grup.nom>
          </sn>
        </sp>
      </grup.nom>
    </sn>
    <grup.verb>
      <v lem="observar" lss="A21.transitive-agentive-patient" mood="indicative" num="s" person="3" pos="vmis3s0" postype="main" tense="past" wd="observó"/>
    </grup.verb>
    <S arg="arg1" clausetype="completive" func="cd" tem="pat">
      <conj conjunctiontype="subordinating">
        <c lem="que" pos="cs" postype="subordinating" wd="que"/>
      </conj>
      <sp arg="argM" func="cc" tem="adv">
        <prep>
          <s lem="de" pos="sps00" postype="preposition" wd="de"/>
        </prep>
        <sn>
          <spec gen="m" num="p">
            <z lem="52" ne="number" wd="52"/>
          </spec>
          <grup.nom gen="m" num="p">
            <n gen="m" lem="nido" num="p" pos="ncmp000" postype="common" sense="16:06845552" wd="nidos"/>
          </grup.nom>
        </sn>
      </sp>
      <grup.verb>
        <v lem="haber" mood="indicative" num="p" person="3" pos="vaii3p0" postype="auxiliary" tense="imperfect" wd="habían"/>
        <v gen="m" lem="fracasar" lss="D11.inergative-agentive" mood="participle" num="s" pos="vmp00sm" postype="main" wd="fracasado"/>
      </grup.verb>
      <sn arg="arg0" func="suj" tem="agt">
        <grup.nom gen="m" num="p">
          <z lem="44" ne="number" wd="44"/>
        </grup.nom>
      </sn>
      <sp arg="argM" func="cc" tem="tmp">
        <prep>
          <s lem="en" pos="sps00" postype="preposition" wd="en"/>
        </prep>
        <sn>
          <spec gen="f" num="s">
            <d gen="f" lem="uno" num="s" pos="di0fs0" postype="indefinite" wd="una"/>
            <d gen="f" lem="mismo" num="s" pos="di0fs0" postype="indefinite" wd="misma"/>
          </spec>
          <grup.nom gen="f" num="s">
            <n gen="f" lem="temporada" num="s" pos="ncfs000" postype="common" sense="16:10947841" wd="temporada"/>
            <sp>
              <prep>
                <s lem="de" pos="sps00" postype="preposition" wd="de"/>
              </prep>
              <sn>
                <grup.nom gen="f" num="s">
                  <n gen="f" lem="puesta" lexicalid="noun.puesta.2.default" num="s" origin="deverbal" pos="ncfs000" postype="common" sense="16:09698815" wd="puesta"/>
                </grup.nom>
              </sn>
            </sp>
          </grup.nom>
        </sn>
      </sp>
    </S>
    <f lem="." pos="fp" punct="period" wd="."/>
  </sentence>
</article>
