<?xml version="1.0" encoding="UTF-8" standalone="no"?>
<!-- 

  ancora-2.0
       
			Copyright (C) 2007, 2008, 2009, 2010, 2011 UB - CLiC
			Centre de Llenguatge i Computació - Universitat de Barcelona
 
  This file is part of ancora-2.0.
 
  ancora-2.0 is free software and data: you can redistribute it and/or modify
  it under the terms of the GNU General Public License as published
  by the Free Software Foundation, either version 3 of the License,
  or (at your option) any later version.

  ancora-2.0 is distributed in the hope that it will be useful,
  but WITHOUT ANY WARRANTY; without even the implied warranty of
  MERCHANTABILITY or FITNESS FOR A PARTICULAR PURPOSE.  See the
  GNU General Public License for more details.
 
  You should have received a copy of the GNU General Public License
  along with ancora-2.0.  If not, see &lt;http://www.gnu.org/licenses/&gt;.
 
  Check a text in catalan explaining the terms of the license at http://www.softcatala.cat/wiki/GPL3.
  In spanish at http://www.viti.es/gnu/licenses/gpl.html
 

  The following paper must be cited when using this corpus:

 * Taulé, M., M.A. Martí, M. Recasens (2008) 'Ancora: Multilevel Annotated Corpora for Catalan and Spanish',
   Proceedings of 6th International Conference on Language Resources and Evaluation. Marrakesh (Morocco).

  In addition, the following paper must be cited if coreference information (attributes entity, coreftype,
  corefsubtype, homophoricDD or entityref) is used:

 * Recasens, Marta, M. Antònia Martí (2010) ‘AnCora-CO: Coreferentially annotated corpora for Spanish and
   Catalan’. Language Resources and Evaluation, Springer Science.

  Additionally, the following paper must be cited when argumental attributes in "sn" or "grup.nom"
  (attributes func, arg, tem or lexicalid) are used:

 * Peris, Aina, Mariona Taulé, Horacio Rodríguez (2010) ‘Semantic Annotation of Deverbal Nominalizations in the
   Spanish AnCora corpus’. Treebanks and Linguistic Theories (TLT-2010), Estonia.
-->
<article lng="es">
  <sentence coord="yes">
    <S verbless="yes">
      <sadv>
        <grup.adv>
          <r lem="luego" pos="rg" wd="Luego"/>
        </grup.adv>
        <f lem="," pos="fc" punct="comma" wd=","/>
      </sadv>
      <sn>
        <spec gen="f" num="s">
          <d gen="f" lem="uno" num="s" pos="di0fs0" postype="indefinite" wd="una"/>
        </spec>
        <grup.nom gen="f" num="s">
          <s.a gen="f" num="s">
            <grup.a gen="f" num="s">
              <a gen="f" lem="segundo" num="s" pos="ao0fs0" postype="ordinal" wd="segunda"/>
            </grup.a>
          </s.a>
          <n gen="f" lem="fila" num="s" pos="ncfs000" postype="common" sense="16:06236741" wd="fila"/>
        </grup.nom>
      </sn>
      <f lem="," pos="fc" punct="comma" wd=","/>
    </S>
    <conj conjunctiontype="coordinating">
      <c lem="y" pos="cc" postype="coordinating" wd="y"/>
    </conj>
    <S>
      <sadv arg="argM" func="cc" tem="loc">
        <grup.adv>
          <r lem="a_partir_de_ahí" pos="rg" wd="a_partir_de_ahí"/>
        </grup.adv>
      </sadv>
      <sn arg="arg1" func="suj" tem="tem">
        <spec gen="f" num="s">
          <d gen="c" lem="cada" num="s" pos="di0cs0" postype="indefinite" wd="cada"/>
        </spec>
        <grup.nom gen="f" num="s">
          <n gen="f" lem="fila" num="s" pos="ncfs000" postype="common" sense="16:06236741" wd="fila"/>
          <s.a gen="f" num="s">
            <grup.a gen="f" num="s">
              <a gen="f" lem="alterno" num="s" pos="aq0fs0" postype="qualificative" wd="alterna"/>
            </grup.a>
          </s.a>
        </grup.nom>
      </sn>
      <grup.verb>
        <v lem="tener" lss="C21.state-attributive" mood="indicative" num="s" person="3" pos="vmii3s0" postype="main" tense="imperfect" wd="tenía"/>
      </grup.verb>
      <sn arg="arg2" func="cd" functype="quantitative" tem="atr">
        <grup.nom gen="f" num="p">
          <n gen="f" lem="pseudoesfera" num="p" pos="ncfp000" postype="common" sense="16:cs1" wd="pseudoesferas"/>
          <sp>
            <prep>
              <s lem="de" pos="sps00" postype="preposition" wd="de"/>
            </prep>
            <sn>
              <grup.nom gen="m" num="s">
                <n gen="m" lem="uranio" num="s" pos="ncms000" postype="common" sense="16:10506249" wd="uranio"/>
              </grup.nom>
            </sn>
          </sp>
        </grup.nom>
      </sn>
    </S>
    <f lem="." pos="fp" punct="period" wd="."/>
  </sentence>
  <sentence>
    <sn arg="arg1" func="suj" tem="pat">
      <spec gen="m" num="p">
        <d gen="m" lem="el" num="p" pos="da0mp0" postype="article" wd="Los"/>
      </spec>
      <grup.nom gen="m" num="p">
        <n gen="m" lem="físico" num="p" pos="ncmp000" postype="common" sense="16:07474830" wd="físicos"/>
      </grup.nom>
    </sn>
    <grup.verb>
      <v lem="ser" mood="indicative" num="p" person="3" pos="vsii3p0" postype="semiauxiliary" tense="imperfect" wd="eran"/>
      <v gen="m" lem="asistir" lss="B22.unaccusative-passive-transitive" mood="participle" num="p" pos="vmp00pm" postype="main" wd="asistidos"/>
    </grup.verb>
    <sp arg="arg0" func="cag" tem="agt">
      <prep>
        <s lem="por" pos="sps00" postype="preposition" wd="por"/>
      </prep>
      <sn>
        <grup.nom gen="m" num="p">
          <n gen="m" lem="universitario" num="p" pos="ncmp000" postype="common" sense="16:07165993" wd="universitarios"/>
          <sp>
            <prep>
              <s lem="de" pos="sps00" postype="preposition" wd="de"/>
            </prep>
            <sn>
              <grup.nom gen="f" num="s">
                <n gen="f" lem="física" num="s" pos="ncfs000" postype="common" sense="16:04641783" wd="física"/>
              </grup.nom>
            </sn>
          </sp>
          <S clausetype="participle" impersonal="yes">
            <participi>
              <a gen="m" lem="contratado" lss="B22.unaccusative-passive-transitive" num="p" pos="aq0mpp" posfunction="participle" postype="qualificative" wd="contratados"/>
            </participi>
            <sp arg="argM" func="cc" tem="fin">
              <prep>
                <s lem="para" pos="sps00" postype="preposition" wd="para"/>
              </prep>
              <S clausetype="completive" impersonal="yes">
                <infinitiu>
                  <v lem="colocar" lss="A31.ditransitive-patient-locative" mood="infinitive" pos="vmn0000" postype="main" wd="colocar"/>
                </infinitiu>
                <sn arg="arg1" func="cd" tem="pat">
                  <spec gen="m" num="p">
                    <d gen="m" lem="el" num="p" pos="da0mp0" postype="article" wd="los"/>
                  </spec>
                  <grup.nom gen="m" num="p">
                    <n gen="m" lem="ladrillo" num="p" pos="ncmp000" postype="common" sense="16:02335723" wd="ladrillos"/>
                  </grup.nom>
                </sn>
              </S>
            </sp>
          </S>
        </grup.nom>
      </sn>
    </sp>
    <f lem="." pos="fp" punct="period" wd="."/>
  </sentence>
  <sentence>
    <sn arg="arg0" elliptic="yes" func="suj" tem="agt"/>
    <grup.verb>
      <v lem="trabajar" lss="D11.inergative-agentive" mood="indicative" num="p" person="3" pos="vmii3p0" postype="main" tense="imperfect" wd="Trabajaban"/>
    </grup.verb>
    <sp arg="argM" func="cc" tem="adv">
      <prep>
        <s lem="en" pos="sps00" postype="preposition" wd="en"/>
      </prep>
      <sn>
        <grup.nom gen="m" num="p">
          <n gen="m" lem="turno" num="p" pos="ncmp000" postype="common" sense="16:10984524" wd="turnos"/>
          <sp>
            <prep>
              <s lem="de" pos="sps00" postype="preposition" wd="de"/>
            </prep>
            <sn entityref="ne" ne="number">
              <spec gen="f" num="p">
                <z lem="12" ne="number" wd="12"/>
              </spec>
              <grup.nom gen="f" num="p">
                <n gen="f" lem="hora" num="p" pos="ncfp000" postype="common" sense="16:10938063" wd="horas"/>
              </grup.nom>
            </sn>
          </sp>
        </grup.nom>
      </sn>
    </sp>
    <f lem="." pos="fp" punct="period" wd="."/>
  </sentence>
  <sentence coord="yes">
    <S>
      <sn arg="arg1" func="suj" tem="pat">
        <spec gen="m" num="s">
          <d gen="m" lem="el" num="s" pos="da0ms0" postype="article" wd="El"/>
        </spec>
        <grup.nom gen="m" num="s">
          <n gen="m" lem="turno" num="s" pos="ncms000" postype="common" sense="16:10984524" wd="turno"/>
          <sp>
            <prep>
              <s lem="de" pos="sps00" postype="preposition" wd="de"/>
            </prep>
            <sn>
              <grup.nom gen="m" num="s">
                <n gen="m" lem="día" num="s" pos="ncms000" postype="common" sense="16:10883946" wd="día"/>
              </grup.nom>
            </sn>
          </sp>
        </grup.nom>
      </sn>
      <grup.verb>
        <v lem="ser" mood="indicative" num="s" person="3" pos="vsii3s0" postype="semiauxiliary" tense="imperfect" wd="era"/>
        <v gen="m" lem="conducir" lss="B12.unaccusative-passive-ditransitive" mood="participle" num="s" pos="vmp00sm" postype="main" wd="conducido"/>
      </grup.verb>
      <sp arg="arg0" func="cag" tem="agt">
        <prep>
          <s lem="por" pos="sps00" postype="preposition" wd="por"/>
        </prep>
        <sn entityref="ne" ne="person">
          <grup.nom gen="m" num="s">
            <n lem="Walter_Zinn" ne="person" pos="np0000p" postype="proper" sense="16:cs1" wd="Walter_Zinn"/>
          </grup.nom>
        </sn>
      </sp>
    </S>
    <f lem=";" pos="fx" punct="semicolon" wd=";"/>
    <S verbless="yes">
      <sn>
        <spec gen="m" num="s">
          <d gen="m" lem="el" num="s" pos="da0ms0" postype="article" wd="el"/>
        </spec>
        <grup.nom gen="m" num="s">
          <sp>
            <prep>
              <s lem="de" pos="sps00" postype="preposition" wd="de"/>
            </prep>
            <sn>
              <spec gen="f" num="s">
                <d gen="f" lem="el" num="s" pos="da0fs0" postype="article" wd="la"/>
              </spec>
              <grup.nom gen="f" num="s">
                <n gen="f" lem="noche" num="s" pos="ncfs000" postype="common" sense="16:10885886" wd="noche"/>
              </grup.nom>
            </sn>
          </sp>
        </grup.nom>
        <f lem="," pos="fc" punct="comma" wd=","/>
      </sn>
      <sp>
        <prep>
          <s lem="por" pos="sps00" postype="preposition" wd="por"/>
        </prep>
        <sn entityref="ne" ne="person">
          <grup.nom gen="m" num="s">
            <n lem="Herb_Anderson" ne="person" pos="np0000p" postype="proper" sense="16:cs1" wd="Herb_Anderson"/>
          </grup.nom>
        </sn>
      </sp>
    </S>
    <f lem="." pos="fp" punct="period" wd="."/>
  </sentence>
  <sentence>
    <sn arg="arg1" func="suj" tem="tem">
      <spec gen="m" num="p">
        <d gen="m" lem="alguno" num="p" pos="di0mp0" postype="indefinite" wd="Algunos"/>
      </spec>
      <grup.nom gen="m" num="p">
        <n gen="m" lem="ladrillo" num="p" pos="ncmp000" postype="common" sense="16:02335723" wd="ladrillos"/>
      </grup.nom>
    </sn>
    <grup.verb>
      <v lem="tener" lss="C21.state-attributive" mood="indicative" num="p" person="3" pos="vmii3p0" postype="main" tense="imperfect" wd="tenían"/>
    </grup.verb>
    <sn arg="arg2" func="cd" functype="quantitative" tem="atr">
      <grup.nom gen="f" num="p">
        <n gen="f" lem="ranura" num="p" pos="ncfp000" postype="common" sense="16:03355826" wd="ranuras"/>
        <sp>
          <prep>
            <s lem="para" pos="sps00" postype="preposition" wd="para"/>
          </prep>
          <S clausetype="completive" coord="yes" impersonal="yes">
            <S clausetype="completive" coord="yes" impersonal="yes">
              <S clausetype="completive" impersonal="yes">
                <infinitiu>
                  <v lem="insertar" lss="A21.transitive-agentive-patient" mood="infinitive" pos="vmn0000" postype="main" wd="insertar"/>
                </infinitiu>
              </S>
              <conj conjunctiontype="coordinating">
                <c lem="y" pos="cc" postype="coordinating" wd="y"/>
              </conj>
              <S clausetype="completive" impersonal="yes">
                <infinitiu>
                  <v lem="retirar" lss="A21.transitive-agentive-patient" mood="infinitive" pos="vmn0000" postype="main" wd="retirar"/>
                </infinitiu>
              </S>
            </S>
            <sn arg="arg1" func="cd" tem="pat">
              <spec gen="f" num="p">
                <d gen="f" lem="el" num="p" pos="da0fp0" postype="article" wd="las"/>
              </spec>
              <grup.nom gen="f" num="p">
                <n gen="f" lem="varilla" num="p" pos="ncfp000" postype="common" sense="16:03237164" wd="varillas"/>
                <sp>
                  <prep>
                    <s lem="de" pos="sps00" postype="preposition" wd="de"/>
                  </prep>
                  <sn>
                    <grup.nom gen="m" num="s">
                      <n gen="m" lem="control" num="s" pos="ncms000" postype="common" sense="16:00513665" wd="control"/>
                    </grup.nom>
                  </sn>
                </sp>
              </grup.nom>
            </sn>
          </S>
        </sp>
      </grup.nom>
    </sn>
    <f lem="." pos="fp" punct="period" wd="."/>
  </sentence>
  <sentence>
    <sn arg="arg1" func="suj" tem="tem">
      <grup.nom gen="f" num="p">
        <S clausetype="participle" impersonal="yes">
          <participi>
            <a gen="f" lem="dicho" num="p" pos="aq0fpp" posfunction="participle" postype="qualificative" wd="Dichas"/>
          </participi>
        </S>
        <n gen="f" lem="ranura" num="p" pos="ncfp000" postype="common" sense="16:03355826" wd="ranuras"/>
      </grup.nom>
    </sn>
    <grup.verb>
      <v lem="deber" mood="indicative" num="p" person="3" pos="vmii3p0" postype="main" tense="imperfect" wd="debían"/>
      <infinitiu>
        <v lem="ser" lss="C21.state-attributive" mood="infinitive" pos="vsn0000" postype="semiauxiliary" wd="ser"/>
      </infinitiu>
    </grup.verb>
    <S arg="arg2" clausetype="participle" func="atr" impersonal="yes" tem="atr">
      <sadv arg="argM" func="cc" tem="mnr">
        <grup.adv>
          <r lem="cuidadosamente" pos="rg" wd="cuidadosamente"/>
        </grup.adv>
      </sadv>
      <participi>
        <a gen="f" lem="alineado" lss="B22.unaccusative-passive-transitive" num="p" pos="aq0fpp" posfunction="participle" postype="qualificative" wd="alineadas"/>
      </participi>
    </S>
    <sn arg="argM" func="cc" tem="adv">
      <grup.nom gen="f" num="s">
        <n gen="f" lem="fila" num="s" pos="ncfs000" postype="common" sense="16:06236741" wd="fila"/>
        <sp>
          <prep>
            <s lem="por" pos="sps00" postype="preposition" wd="por"/>
          </prep>
          <sn>
            <grup.nom gen="f" num="s">
              <n gen="f" lem="fila" num="s" pos="ncfs000" postype="common" sense="16:06236741" wd="fila"/>
            </grup.nom>
          </sn>
        </sp>
      </grup.nom>
    </sn>
    <f lem="." pos="fp" punct="period" wd="."/>
  </sentence>
  <sentence>
    <grup.verb>
      <v lem="haber" lss="C11.state-existential" mood="indicative" num="s" person="3" pos="vaii3s0" postype="auxiliary" tense="imperfect" wd="Había"/>
    </grup.verb>
    <sn arg="arg1" func="cd" functype="quantitative" tem="tem">
      <spec gen="f" num="p">
        <d gen="c" lem="diez" num="p" pos="dn0cp0" postype="numeral" wd="diez"/>
      </spec>
      <grup.nom gen="f" num="p">
        <n gen="f" lem="varilla" num="p" pos="ncfp000" postype="common" sense="16:03237164" wd="varillas"/>
        <sp>
          <prep>
            <s lem="de" pos="sps00" postype="preposition" wd="de"/>
          </prep>
          <sn>
            <grup.nom gen="m" num="s">
              <n gen="m" lem="control" num="s" pos="ncms000" postype="common" sense="16:00513665" wd="control"/>
            </grup.nom>
          </sn>
        </sp>
        <S clausetype="participle" coord="yes" impersonal="yes">
          <S clausetype="participle" impersonal="yes">
            <participi>
              <a gen="f" lem="hecho" lss="C11.state-existential" num="p" pos="aq0fpp" posfunction="participle" postype="qualificative" wd="hechas"/>
            </participi>
            <sp arg="argM" func="cc" tem="adv">
              <prep>
                <s lem="de" pos="sps00" postype="preposition" wd="de"/>
              </prep>
              <sn>
                <grup.nom gen="f" num="p">
                  <n gen="f" lem="lámina" num="p" pos="ncfp000" postype="common" sense="16:03313092" wd="láminas"/>
                  <sp>
                    <prep>
                      <s lem="de" pos="sps00" postype="preposition" wd="de"/>
                    </prep>
                    <sn>
                      <grup.nom gen="m" num="s">
                        <n gen="m" lem="cadmio" num="s" pos="ncms000" postype="common" sense="16:10481799" wd="cadmio"/>
                      </grup.nom>
                    </sn>
                  </sp>
                </grup.nom>
              </sn>
            </sp>
            <inc>
              <S>
                <grup.verb>
                  <v lem="ser" lss="C21.state-attributive" mood="indicative" num="s" person="3" pos="vsip3s0" postype="semiauxiliary" tense="present" wd="es"/>
                </grup.verb>
                <S arg="arg2" clausetype="participle" func="atr" impersonal="yes" tem="atr">
                  <participi>
                    <a gen="m" lem="conocido" num="s" pos="aq0msp" posfunction="participle" postype="qualificative" wd="conocido"/>
                  </participi>
                </S>
                <sn arg="arg1" func="suj" tem="tem">
                  <spec gen="m" num="s">
                    <d gen="m" lem="el" num="s" pos="da0ms0" postype="article" wd="el"/>
                  </spec>
                  <grup.nom gen="m" num="s">
                    <s.a gen="m" num="s">
                      <grup.a gen="m" num="s">
                        <a gen="c" lem="enorme" num="s" pos="aq0cs0" postype="qualificative" wd="enorme"/>
                      </grup.a>
                    </s.a>
                    <n gen="m" lem="apetito" num="s" pos="ncms000" postype="common" sense="16:05565069" wd="apetito"/>
                    <sp>
                      <prep>
                        <s contracted="yes" gen="m" lem="del" num="s" pos="spcms" postype="preposition" wd="del"/>
                      </prep>
                      <sn>
                        <grup.nom gen="m" num="s">
                          <n gen="m" lem="cadmio" num="s" pos="ncms000" postype="common" sense="16:10481799" wd="cadmio"/>
                        </grup.nom>
                      </sn>
                    </sp>
                    <sp>
                      <prep>
                        <s lem="por" pos="sps00" postype="preposition" wd="por"/>
                      </prep>
                      <sn>
                        <spec gen="m" num="p">
                          <d gen="m" lem="el" num="p" pos="da0mp0" postype="article" wd="los"/>
                        </spec>
                        <grup.nom gen="m" num="p">
                          <n gen="m" lem="neutrón" num="p" pos="ncmp000" postype="common" sense="16:06681284" wd="neutrones"/>
                        </grup.nom>
                      </sn>
                    </sp>
                  </grup.nom>
                </sn>
              </S>
            </inc>
          </S>
          <conj conjunctiontype="coordinating">
            <c lem="y" pos="cc" postype="coordinating" wd="y"/>
          </conj>
          <S clausetype="participle" impersonal="yes">
            <participi>
              <a gen="f" lem="clavado" lss="B22.unaccusative-passive-transitive" num="p" pos="aq0fpp" posfunction="participle" postype="qualificative" wd="clavadas"/>
            </participi>
            <sp arg="argM" func="cc" tem="loc">
              <prep>
                <s lem="a" pos="sps00" postype="preposition" wd="a"/>
              </prep>
              <sn>
                <grup.nom gen="f" num="p">
                  <s.a gen="f" num="p">
                    <grup.a gen="f" num="p">
                      <a gen="f" lem="largo" num="p" pos="aq0fp0" postype="qualificative" wd="largas"/>
                    </grup.a>
                  </s.a>
                  <n gen="f" lem="tira" num="p" pos="ncfp000" postype="common" sense="16:03430059" wd="tiras"/>
                  <sp>
                    <prep>
                      <s lem="de" pos="sps00" postype="preposition" wd="de"/>
                    </prep>
                    <sn>
                      <grup.nom gen="m" num="s">
                        <n gen="m" lem="madera" num="s" pos="ncms000" postype="common" sense="16:10723136" wd="madera"/>
                      </grup.nom>
                    </sn>
                  </sp>
                </grup.nom>
              </sn>
            </sp>
          </S>
        </S>
      </grup.nom>
    </sn>
    <f lem="." pos="fp" punct="period" wd="."/>
  </sentence>
  <sentence>
    <sn arg="arg0" func="suj" tem="agt">
      <S clausetype="participle" impersonal="yes">
        <participi>
          <a gen="f" lem="insertado" lss="B22.unaccusative-passive-transitive" num="p" pos="aq0fpp" posfunction="participle" postype="qualificative" wd="Insertadas"/>
        </participi>
        <sp arg="argM" func="cc" tem="loc">
          <prep>
            <s lem="en" pos="sps00" postype="preposition" wd="en"/>
          </prep>
          <sn>
            <spec gen="f" num="s">
              <d gen="f" lem="el" num="s" pos="da0fs0" postype="article" wd="la"/>
            </spec>
            <grup.nom gen="f" num="s">
              <n gen="f" lem="pila" num="s" pos="ncfs000" postype="common" sense="16:05969773" wd="pila"/>
            </grup.nom>
          </sn>
        </sp>
        <f lem="," pos="fc" punct="comma" wd=","/>
      </S>
      <sn>
        <spec gen="f" num="p">
          <d gen="f" lem="el" num="p" pos="da0fp0" postype="article" wd="las"/>
        </spec>
        <grup.nom gen="f" num="p">
          <n gen="f" lem="varilla" num="p" pos="ncfp000" postype="common" sense="16:03237164" wd="varillas"/>
        </grup.nom>
      </sn>
    </sn>
    <grup.verb>
      <v lem="absorber" lss="A21.transitive-agentive-patient" mood="indicative" num="p" person="3" pos="vmii3p0" postype="main" tense="imperfect" wd="absorbían"/>
    </grup.verb>
    <sn arg="arg1" func="cd" tem="pat">
      <spec gen="f" num="s">
        <d gen="f" lem="el" num="s" pos="da0fs0" postype="article" wd="la"/>
      </spec>
      <grup.nom gen="f" num="s">
        <n gen="f" lem="cantidad" num="s" pos="ncfs000" postype="common" sense="16:00020056" wd="cantidad"/>
        <s.a gen="f" num="s">
          <grup.a gen="f" num="s">
            <a gen="c" lem="suficiente" num="s" pos="aq0cs0" postype="qualificative" wd="suficiente"/>
          </grup.a>
        </s.a>
        <sp>
          <prep>
            <s lem="de" pos="sps00" postype="preposition" wd="de"/>
          </prep>
          <sn>
            <grup.nom gen="m" num="p">
              <n gen="m" lem="neutrón" num="p" pos="ncmp000" postype="common" sense="16:06681284" wd="neutrones"/>
            </grup.nom>
          </sn>
        </sp>
      </grup.nom>
    </sn>
    <sp arg="argM" func="cc" tem="fin">
      <prep>
        <s lem="para" pos="sps00" postype="preposition" wd="para"/>
      </prep>
      <S clausetype="completive" impersonal="yes">
        <infinitiu>
          <v lem="impedir" lss="A21.transitive-agentive-patient" mood="infinitive" pos="vmn0000" postype="main" wd="impedir"/>
        </infinitiu>
        <S arg="arg1" clausetype="completive" func="cd" tem="pat">
          <conj conjunctiontype="subordinating">
            <c lem="que" pos="cs" postype="subordinating" wd="que"/>
          </conj>
          <sn arg="arg1" func="suj" tem="tem">
            <spec gen="f" num="p">
              <d gen="f" lem="el" num="p" pos="da0fp0" postype="article" wd="las"/>
            </spec>
            <grup.nom gen="f" num="p">
              <n gen="f" lem="fisión" lexicalid="noun.fisión.1.default" num="p" origin="deverbal" pos="ncfp000" postype="common" sense="16:09723985" wd="fisiones"/>
              <sp arg="arg1" func="cn" tem="tem">
                <prep>
                  <s contracted="yes" gen="m" lem="del" num="s" pos="spcms" postype="preposition" wd="del"/>
                </prep>
                <sn>
                  <grup.nom gen="m" num="s">
                    <n gen="m" lem="uranio" num="s" pos="ncms000" postype="common" sense="16:10506249" wd="uranio"/>
                  </grup.nom>
                </sn>
              </sp>
            </grup.nom>
          </sn>
          <morfema.pronominal>
            <p gen="c" lem="él" num="c" person="3" pos="p0300000" wd="se"/>
          </morfema.pronominal>
          <grup.verb>
            <v lem="multiplicar" lss="B11.unaccusative-motion" mood="subjunctive" num="p" person="3" pos="vmsi3p0" postype="main" tense="imperfect" wd="multiplicaran"/>
          </grup.verb>
          <sp arg="argM" func="cc" tem="mnr">
            <prep>
              <s lem="en" pos="sps00" postype="preposition" wd="en"/>
            </prep>
            <sn>
              <spec gen="f" num="s">
                <d gen="f" lem="uno" num="s" pos="di0fs0" postype="indefinite" wd="una"/>
              </spec>
              <grup.nom gen="f" num="s">
                <n gen="f" lem="reacción" lexicalid="noun.reacción.1.default" num="s" origin="deverbal" pos="ncfs000" postype="common" sense="16:00551220" wd="reacción"/>
                <sp func="cn">
                  <prep>
                    <s lem="en" pos="sps00" postype="preposition" wd="en"/>
                  </prep>
                  <sn>
                    <grup.nom gen="f" num="s">
                      <n gen="f" lem="cadena" num="s" pos="ncfs000" postype="common" sense="16:06247825" wd="cadena"/>
                    </grup.nom>
                  </sn>
                </sp>
              </grup.nom>
            </sn>
          </sp>
        </S>
      </S>
    </sp>
    <f lem="." pos="fp" punct="period" wd="."/>
  </sentence>
  <sentence>
    <S arg="argM" clausetype="adverbial" func="cc" tem="tmp">
      <conj conjunctiontype="subordinating">
        <c lem="a_medida_que" pos="cs" postype="subordinating" wd="A_medida_que"/>
      </conj>
      <morfema.verbal func="pass">
        <p gen="c" lem="se" num="c" pos="p0000000" wd="se"/>
      </morfema.verbal>
      <grup.verb>
        <v lem="extraer" lss="B22.unaccusative-passive-transitive" mood="subjunctive" num="p" person="3" pos="vmsi3p0" postype="main" tense="imperfect" wd="extrajeran"/>
      </grup.verb>
      <sn arg="arg1" func="suj" tem="pat">
        <spec gen="f" num="p">
          <d gen="f" lem="el" num="p" pos="da0fp0" postype="article" wd="las"/>
        </spec>
        <grup.nom gen="f" num="p">
          <n gen="f" lem="varilla" num="p" pos="ncfp000" postype="common" sense="16:03237164" wd="varillas"/>
        </grup.nom>
      </sn>
      <f lem="," pos="fc" punct="comma" wd=","/>
    </S>
    <sn arg="arg1" func="suj" tem="tem">
      <spec gen="m" num="p">
        <r lem="más" pos="rg" wd="más"/>
      </spec>
      <grup.nom gen="m" num="p">
        <n gen="m" lem="neutrón" num="p" pos="ncmp000" postype="common" sense="16:06681284" wd="neutrones"/>
      </grup.nom>
    </sn>
    <grup.verb>
      <v lem="estar" lss="C21.state-attributive" mood="indicative" num="p" person="3" pos="vmic3p0" postype="main" tense="conditional" wd="estarían"/>
    </grup.verb>
    <sa arg="arg2" func="atr" tem="atr">
      <grup.a>
        <a gen="c" lem="disponible" num="p" pos="aq0cp0" postype="qualificative" wd="disponibles"/>
      </grup.a>
    </sa>
    <sp arg="argM" func="cc" tem="fin">
      <prep>
        <s lem="para" pos="sps00" postype="preposition" wd="para"/>
      </prep>
      <S clausetype="completive" impersonal="yes">
        <infinitiu>
          <v lem="conducir" lss="A31.ditransitive-patient-locative" mood="infinitive" pos="vmn0000" postype="main" wd="conducir"/>
        </infinitiu>
        <sn arg="arg1" func="cd" tem="pat">
          <spec gen="f" num="p">
            <d gen="f" lem="el" num="p" pos="da0fp0" postype="article" wd="las"/>
          </spec>
          <grup.nom gen="f" num="p">
            <n gen="f" lem="fisión" lexicalid="noun.fisión.1.default" num="p" origin="deverbal" pos="ncfp000" postype="common" sense="16:09723985" wd="fisiones"/>
          </grup.nom>
        </sn>
      </S>
    </sp>
    <f lem="." pos="fp" punct="period" wd="."/>
  </sentence>
  <sentence>
    <sn arg="arg1" coord="yes" func="suj" tem="pat">
      <sn>
        <spec gen="f" num="s">
          <d gen="f" lem="el" num="s" pos="da0fs0" postype="article" wd="La"/>
        </spec>
        <grup.nom gen="f" num="s">
          <n gen="f" lem="medicina" num="s" pos="ncfs000" postype="common" sense="16:00403778" wd="medicina"/>
          <s.a gen="f" num="s">
            <grup.a gen="f" num="s">
              <a gen="c" lem="nuclear" num="s" pos="aq0cs0" postype="qualificative" wd="nuclear"/>
            </grup.a>
          </s.a>
        </grup.nom>
        <f lem="," pos="fc" punct="comma" wd=","/>
      </sn>
      <conj conjunctiontype="coordinating">
        <c lem="es_decir" pos="cc" postype="coordinating" wd="es_decir"/>
      </conj>
      <sn>
        <f lem="," pos="fc" punct="comma" wd=","/>
        <spec gen="m" num="s">
          <d gen="m" lem="el" num="s" pos="da0ms0" postype="article" wd="el"/>
        </spec>
        <grup.nom gen="m" num="s">
          <n gen="m" lem="uso" lexicalid="noun.uso.2.default" num="s" origin="deverbal" pos="ncms000" postype="common" sense="16:00605730" wd="uso"/>
          <sp arg="arg1" func="cn" tem="pat">
            <prep>
              <s lem="de" pos="sps00" postype="preposition" wd="de"/>
            </prep>
            <sn>
              <grup.nom gen="f" num="p">
                <n gen="f" lem="radiación" lexicalid="noun.radiación.1.default" num="p" origin="deverbal" pos="ncfp000" postype="common" sense="16:07828438" wd="radiaciones"/>
                <s.a arg="arg1" func="cn" gen="f" num="p" tem="pat">
                  <grup.a gen="f" num="p">
                    <a gen="c" lem="ionizante" num="p" pos="aq0cp0" postype="qualificative" wd="ionizantes"/>
                  </grup.a>
                </s.a>
                <sp arg="argM" func="cn" tem="adv">
                  <f lem="," pos="fc" punct="comma" wd=","/>
                  <prep>
                    <c lem="como" pos="cs" postype="subordinating" wd="como"/>
                  </prep>
                  <sn coord="yes">
                    <sn>
                      <spec gen="m" num="p">
                        <d gen="m" lem="el" num="p" pos="da0mp0" postype="article" wd="los"/>
                      </spec>
                      <grup.nom gen="m" num="p">
                        <n gen="m" lem="rayo_x" num="p" pos="ncmp000" postype="common" sense="16:cs1" wd="rayos_X"/>
                      </grup.nom>
                    </sn>
                    <conj conjunctiontype="coordinating">
                      <c lem="o" pos="cc" postype="coordinating" wd="o"/>
                    </conj>
                    <sn>
                      <spec gen="m" num="s">
                        <d gen="m" lem="el" num="s" pos="da0ms0" postype="article" wd="el"/>
                      </spec>
                      <grup.nom gen="m" num="s">
                        <n gen="m" lem="radio" num="s" pos="ncms000" postype="common" sense="16:10498703" wd="radio"/>
                      </grup.nom>
                    </sn>
                  </sn>
                  <f lem="," pos="fc" punct="comma" wd=","/>
                </sp>
              </grup.nom>
            </sn>
          </sp>
          <sp arg="argM" func="cn" tem="fin">
            <prep>
              <c lem="como" pos="cs" postype="subordinating" wd="como"/>
            </prep>
            <sn>
              <grup.nom gen="m" num="s">
                <n gen="m" lem="medio" num="s" pos="ncms000" postype="common" sense="16:02975720" wd="medio"/>
                <sp>
                  <prep>
                    <s lem="de" pos="sps00" postype="preposition" wd="de"/>
                  </prep>
                  <sn complex="yes">
                    <grup.nom coord="yes">
                      <grup.nom coord="yes">
                        <grup.nom gen="m" num="s">
                          <n gen="m" lem="diagnóstico" lexicalid="noun.diagnóstico.1.default" num="s" origin="deverbal" pos="ncms000" postype="common" sense="16:00099234" wd="diagnóstico"/>
                        </grup.nom>
                        <conj conjunctiontype="coordinating">
                          <c lem="y" pos="cc" postype="coordinating" wd="y"/>
                        </conj>
                        <grup.nom gen="m" num="s">
                          <n gen="m" lem="tratamiento" lexicalid="noun.tratamiento.6.default" num="s" origin="deverbal" pos="ncms000" postype="common" sense="16:00430183" wd="tratamiento"/>
                          <s.a func="cn" gen="m" num="s">
                            <grup.a gen="m" num="s">
                              <a gen="m" lem="médico" num="s" pos="aq0ms0" postype="qualificative" wd="médico"/>
                            </grup.a>
                          </s.a>
                        </grup.nom>
                      </grup.nom>
                      <sp adjunct="yes" arg="arg1" func="cn" tem="pat">
                        <prep>
                          <s lem="de" pos="sps00" postype="preposition" wd="de"/>
                        </prep>
                        <sn>
                          <spec gen="f" num="p">
                            <d gen="f" lem="cierto" num="p" pos="di0fp0" postype="indefinite" wd="ciertas"/>
                          </spec>
                          <grup.nom gen="f" num="p">
                            <n gen="f" lem="enfermedad" num="p" pos="ncfp000" postype="common" sense="16:10129713" wd="enfermedades"/>
                          </grup.nom>
                        </sn>
                      </sp>
                    </grup.nom>
                  </sn>
                </sp>
              </grup.nom>
            </sn>
          </sp>
        </grup.nom>
      </sn>
    </sn>
    <grup.verb>
      <v lem="ser" mood="indicative" num="s" person="3" pos="vsip3s0" postype="semiauxiliary" tense="present" wd="es"/>
      <v gen="f" lem="conocer" lss="B22.unaccusative-passive-transitive" mood="participle" num="s" pos="vmp00sf" postype="main" wd="conocida"/>
    </grup.verb>
    <sp arg="argM" func="cc" tem="tmp">
      <prep>
        <s lem="desde" pos="sps00" postype="preposition" wd="desde"/>
      </prep>
      <s.a gen="m" num="s">
        <grup.a gen="m" num="s">
          <a gen="m" lem="antiguo" num="s" pos="aq0ms0" postype="qualificative" wd="antiguo"/>
        </grup.a>
      </s.a>
    </sp>
    <sadv arg="argM" func="cc" tem="tmp">
      <f lem="," pos="fc" punct="comma" wd=","/>
      <sadv>
        <grup.adv>
          <r lem="mucho" pos="rg" wd="mucho"/>
        </grup.adv>
      </sadv>
      <r lem="antes" pos="rg" wd="antes"/>
      <sp>
        <prep>
          <s lem="de" pos="sps00" postype="preposition" wd="de"/>
        </prep>
        <S clausetype="completive">
          <conj conjunctiontype="subordinating">
            <c lem="que" pos="cs" postype="subordinating" wd="que"/>
          </conj>
          <grup.verb>
            <v lem="comenzar" lss="C11.state-existential" mood="subjunctive" num="s" person="3" pos="vmsi3s0" postype="main" tense="imperfect" wd="comenzara"/>
          </grup.verb>
          <sn arg="arg1" func="suj" tem="tem">
            <spec gen="f" num="s">
              <d gen="f" lem="el" num="s" pos="da0fs0" postype="article" wd="la"/>
            </spec>
            <grup.nom gen="f" num="s">
              <S clausetype="participle" impersonal="yes">
                <participi>
                  <a gen="f" lem="llamado" num="s" pos="aq0fsp" posfunction="participle" postype="qualificative" wd="llamada"/>
                </participi>
              </S>
              <n gen="f" lem="era" num="s" pos="ncfs000" postype="common" sense="16:10955141" wd="era"/>
              <s.a gen="f" num="s">
                <grup.a gen="f" num="s">
                  <a gen="c" lem="nuclear" num="s" pos="aq0cs0" postype="qualificative" wd="nuclear"/>
                </grup.a>
              </s.a>
            </grup.nom>
          </sn>
          <sp arg="argM" func="cc" tem="tmp">
            <f lem="," pos="fc" punct="comma" wd=","/>
            <prep>
              <s lem="tras" pos="sps00" postype="preposition" wd="tras"/>
            </prep>
            <sn>
              <spec gen="m" num="s">
                <d gen="m" lem="el" num="s" pos="da0ms0" postype="article" wd="el"/>
              </spec>
              <grup.nom gen="m" num="s">
                <n gen="m" lem="estallido" lexicalid="noun.estallido.2.default" num="s" origin="deverbal" pos="ncms000" postype="common" sense="16:05530978" wd="estallido"/>
                <sp arg="arg1" func="cn" tem="tem">
                  <prep>
                    <s lem="de" pos="sps00" postype="preposition" wd="de"/>
                  </prep>
                  <sn>
                    <spec gen="f" num="s">
                      <d gen="f" lem="el" num="s" pos="da0fs0" postype="article" wd="la"/>
                    </spec>
                    <grup.nom gen="f" num="s">
                      <s.a gen="f" num="s">
                        <grup.a gen="f" num="s">
                          <a gen="f" lem="primero" num="s" pos="ao0fs0" postype="ordinal" wd="primera"/>
                        </grup.a>
                      </s.a>
                      <n gen="f" lem="bomba" num="s" pos="ncfs000" postype="common" sense="16:02310834" wd="bomba"/>
                      <s.a gen="f" num="s">
                        <grup.a gen="f" num="s">
                          <a gen="f" lem="atómico" num="s" pos="aq0fs0" postype="qualificative" wd="atómica"/>
                        </grup.a>
                      </s.a>
                    </grup.nom>
                  </sn>
                </sp>
              </grup.nom>
            </sn>
          </sp>
        </S>
      </sp>
    </sadv>
    <f lem="." pos="fp" punct="period" wd="."/>
  </sentence>
  <sentence>
    <sadv arg="argM" func="cc" tem="tmp">
      <spec>
        <r lem="más" pos="rg" wd="Más"/>
      </spec>
      <grup.adv>
        <r lem="tarde" pos="rg" wd="tarde"/>
      </grup.adv>
      <f lem="," pos="fc" punct="comma" wd=","/>
    </sadv>
    <sadv func="mod">
      <grup.adv>
        <r lem="también" pos="rg" wd="también"/>
      </grup.adv>
    </sadv>
    <sn arg="arg1" func="suj" tem="pat">
      <spec gen="m" num="p">
        <d gen="m" lem="el" num="p" pos="da0mp0" postype="article" wd="los"/>
      </spec>
      <grup.nom gen="m" num="p">
        <n gen="m" lem="rayo" num="p" pos="ncmp000" postype="common" sense="16:07777807" wd="rayos"/>
        <s.a gen="m" num="p">
          <grup.a gen="m" num="p">
            <n gen="f" lem="gamma" num="s" pos="ncfs000" postype="common" sense="16:05117929" wd="gamma"/>
          </grup.a>
        </s.a>
        <S clausetype="participle" impersonal="yes">
          <participi>
            <a gen="m" lem="emitido" lss="B22.unaccusative-passive-transitive" num="p" pos="aq0mpp" posfunction="participle" postype="qualificative" wd="emitidos"/>
          </participi>
          <sp arg="arg0" func="cag" tem="agt">
            <prep>
              <s lem="por" pos="sps00" postype="preposition" wd="por"/>
            </prep>
            <sn>
              <grup.nom gen="m" num="p">
                <S clausetype="participle" impersonal="yes">
                  <participi>
                    <a gen="m" lem="determinado" num="p" pos="aq0mpp" posfunction="participle" postype="qualificative" wd="determinados"/>
                  </participi>
                </S>
                <n gen="m" lem="radionucleido" num="p" pos="ncmp000" postype="common" sense="16:cs1" wd="radionucleidos"/>
              </grup.nom>
            </sn>
          </sp>
        </S>
      </grup.nom>
    </sn>
    <grup.verb>
      <v lem="haber" mood="indicative" num="p" person="3" pos="vaip3p0" postype="auxiliary" tense="present" wd="han"/>
      <v gen="m" lem="ser" mood="participle" num="s" pos="vsp00sm" postype="semiauxiliary" wd="sido"/>
      <v gen="m" lem="emplear" lss="B22.unaccusative-passive-transitive" mood="participle" num="p" pos="vmp00pm" postype="main" wd="empleados"/>
    </grup.verb>
    <sp arg="argM" func="cc" tem="loc">
      <prep>
        <s lem="en" pos="sps00" postype="preposition" wd="en"/>
      </prep>
      <sn>
        <spec gen="m" num="s">
          <d gen="m" lem="el" num="s" pos="da0ms0" postype="article" wd="el"/>
        </spec>
        <grup.nom gen="m" num="s">
          <n gen="m" lem="tratamiento" lexicalid="noun.tratamiento.7.default" num="s" origin="deverbal" pos="ncms000" postype="common" sense="16:00430183" wd="tratamiento"/>
          <sp arg="arg1" func="cn" tem="pat">
            <prep>
              <s lem="de" pos="sps00" postype="preposition" wd="de"/>
            </prep>
            <sn>
              <grup.nom gen="m" num="p">
                <n gen="m" lem="tumor" num="p" pos="ncmp000" postype="common" sense="16:10226609" wd="tumores"/>
                <s.a gen="m" num="p">
                  <grup.a gen="m" num="p">
                    <a gen="m" lem="maligno" num="p" pos="aq0mp0" postype="qualificative" wd="malignos"/>
                  </grup.a>
                </s.a>
              </grup.nom>
            </sn>
          </sp>
        </grup.nom>
      </sn>
    </sp>
    <f lem="." pos="fp" punct="period" wd="."/>
  </sentence>
</article>
