<?xml version="1.0" encoding="UTF-8" standalone="no"?>
<!-- 

  ancora-2.0
       
			Copyright (C) 2007, 2008, 2009, 2010, 2011 UB - CLiC
			Centre de Llenguatge i Computació - Universitat de Barcelona
 
  This file is part of ancora-2.0.
 
  ancora-2.0 is free software and data: you can redistribute it and/or modify
  it under the terms of the GNU General Public License as published
  by the Free Software Foundation, either version 3 of the License,
  or (at your option) any later version.

  ancora-2.0 is distributed in the hope that it will be useful,
  but WITHOUT ANY WARRANTY; without even the implied warranty of
  MERCHANTABILITY or FITNESS FOR A PARTICULAR PURPOSE.  See the
  GNU General Public License for more details.
 
  You should have received a copy of the GNU General Public License
  along with ancora-2.0.  If not, see &lt;http://www.gnu.org/licenses/&gt;.
 
  Check a text in catalan explaining the terms of the license at http://www.softcatala.cat/wiki/GPL3.
  In spanish at http://www.viti.es/gnu/licenses/gpl.html
 

  The following paper must be cited when using this corpus:

 * Taulé, M., M.A. Martí, M. Recasens (2008) 'Ancora: Multilevel Annotated Corpora for Catalan and Spanish',
   Proceedings of 6th International Conference on Language Resources and Evaluation. Marrakesh (Morocco).

  In addition, the following paper must be cited if coreference information (attributes entity, coreftype,
  corefsubtype, homophoricDD or entityref) is used:

 * Recasens, Marta, M. Antònia Martí (2010) ‘AnCora-CO: Coreferentially annotated corpora for Spanish and
   Catalan’. Language Resources and Evaluation, Springer Science.

  Additionally, the following paper must be cited when argumental attributes in "sn" or "grup.nom"
  (attributes func, arg, tem or lexicalid) are used:

 * Peris, Aina, Mariona Taulé, Horacio Rodríguez (2010) ‘Semantic Annotation of Deverbal Nominalizations in the
   Spanish AnCora corpus’. Treebanks and Linguistic Theories (TLT-2010), Estonia.
-->
<article lng="es">
  <sentence>
    <grup.verb>
      <v lem="ser" lss="C21.state-attributive" mood="indicative" num="s" person="3" pos="vsip3s0" postype="semiauxiliary" tense="present" wd="Es"/>
    </grup.verb>
    <sp arg="argM" func="cc" tem="cau">
      <prep>
        <s lem="por" pos="sps00" postype="preposition" wd="por"/>
      </prep>
      <sn>
        <grup.nom gen="m" num="s">
          <p gen="c" lem="él" num="s" person="3" pos="pp3ns000" postype="personal" wd="ello"/>
        </grup.nom>
      </sn>
    </sp>
    <S arg="arg1" clausetype="completive" coord="yes" func="suj" tem="tem">
      <conj conjunctiontype="subordinating">
        <c lem="que" pos="cs" postype="subordinating" wd="que"/>
      </conj>
      <S clausetype="completive">
        <sn arg="arg1" func="suj" tem="pat">
          <spec gen="f" num="p">
            <d gen="f" lem="alguno" num="p" pos="di0fp0" postype="indefinite" wd="algunas"/>
          </spec>
          <grup.nom gen="f" num="p">
            <n gen="f" lem="enfermedad" num="p" pos="ncfp000" postype="common" sense="16:10129713" wd="enfermedades"/>
            <sp>
              <f lem="," pos="fc" punct="comma" wd=","/>
              <prep>
                <s lem="como" pos="sps00" postype="preposition" wd="como"/>
              </prep>
              <sn coord="yes">
                <sn>
                  <spec gen="m" num="s">
                    <d gen="m" lem="el" num="s" pos="da0ms0" postype="article" wd="el"/>
                  </spec>
                  <grup.nom gen="m" num="s">
                    <n gen="m" lem="sarampión" num="s" pos="ncms000" postype="common" sense="16:10160032" wd="sarampión"/>
                  </grup.nom>
                </sn>
                <f lem="," pos="fc" punct="comma" wd=","/>
                <sn>
                  <spec gen="f" num="s">
                    <d gen="f" lem="el" num="s" pos="da0fs0" postype="article" wd="la"/>
                  </spec>
                  <grup.nom gen="f" num="s">
                    <n gen="f" lem="rubéola" num="s" pos="ncfs000" postype="common" sense="16:10160247" wd="rubéola"/>
                  </grup.nom>
                </sn>
                <conj conjunctiontype="coordinating">
                  <c lem="o" pos="cc" postype="coordinating" wd="o"/>
                </conj>
                <sn>
                  <spec gen="f" num="p">
                    <d gen="f" lem="el" num="p" pos="da0fp0" postype="article" wd="las"/>
                  </spec>
                  <grup.nom gen="f" num="p">
                    <n gen="f" lem="papera" num="p" pos="ncfp000" postype="common" sense="16:10206133" wd="paperas"/>
                  </grup.nom>
                </sn>
              </sn>
            </sp>
            <sp>
              <f lem="," pos="fc" punct="comma" wd=","/>
              <prep>
                <s lem="entre" pos="sps00" postype="preposition" wd="entre"/>
              </prep>
              <sn>
                <grup.nom gen="f" num="p">
                  <p gen="f" lem="otro" num="p" pos="pi0fp000" postype="indefinite" wd="otras"/>
                </grup.nom>
              </sn>
              <f lem="," pos="fc" punct="comma" wd=","/>
            </sp>
          </grup.nom>
        </sn>
        <morfema.verbal func="pass">
          <p gen="c" lem="se" num="c" pos="p0000000" wd="se"/>
        </morfema.verbal>
        <grup.verb>
          <v lem="padecer" lss="B22.unaccusative-passive-transitive" mood="indicative" num="p" person="3" pos="vmip3p0" postype="main" tense="present" wd="padecen"/>
        </grup.verb>
        <sn arg="argM" func="cc" tem="tmp">
          <spec gen="f" num="s">
            <d gen="f" lem="uno" num="s" pos="di0fs0" postype="indefinite" wd="una"/>
          </spec>
          <grup.nom gen="f" num="s">
            <s.a gen="f" num="s">
              <grup.a gen="f" num="s">
                <a gen="f" lem="solo" num="s" pos="aq0fs0" postype="qualificative" wd="sola"/>
              </grup.a>
            </s.a>
            <n gen="f" lem="vez" num="s" pos="ncfs000" postype="common" sense="16:05449233" wd="vez"/>
            <sp>
              <prep>
                <s lem="en" pos="sps00" postype="preposition" wd="en"/>
              </prep>
              <sn>
                <spec gen="f" num="s">
                  <d gen="f" lem="el" num="s" pos="da0fs0" postype="article" wd="la"/>
                </spec>
                <grup.nom gen="f" num="s">
                  <n gen="f" lem="vida" num="s" pos="ncfs000" postype="common" sense="16:10865688" wd="vida"/>
                </grup.nom>
              </sn>
            </sp>
          </grup.nom>
        </sn>
      </S>
      <conj conjunctiontype="coordinating">
        <c lem="y" pos="cc" postype="coordinating" wd="y"/>
      </conj>
      <S clausetype="completive">
        <sn arg="arg1" func="suj" tem="pat">
          <grup.nom gen="f" num="p">
            <p gen="f" lem="otro" num="p" pos="pi0fp000" postype="indefinite" wd="otras"/>
            <sp>
              <prep>
                <s lem="como" pos="sps00" postype="preposition" wd="como"/>
              </prep>
              <sn>
                <spec gen="f" num="s">
                  <d gen="f" lem="el" num="s" pos="da0fs0" postype="article" wd="la"/>
                </spec>
                <grup.nom gen="f" num="s">
                  <n gen="f" lem="viruela" num="s" pos="ncfs000" postype="common" sense="16:10160894" wd="viruela"/>
                </grup.nom>
              </sn>
            </sp>
          </grup.nom>
        </sn>
        <morfema.verbal func="pass">
          <p gen="c" lem="se" num="c" pos="p0000000" wd="se"/>
        </morfema.verbal>
        <grup.verb>
          <v lem="haber" mood="subjunctive" num="p" person="3" pos="vasp3p0" postype="auxiliary" tense="present" wd="hayan"/>
          <v gen="m" lem="erradicar" lss="B22.unaccusative-passive-transitive" mood="participle" num="s" pos="vmp00sm" postype="main" wd="erradicado"/>
        </grup.verb>
        <sadv arg="argM" func="cc" tem="mnr">
          <grup.adv>
            <r lem="definitivamente" pos="rg" wd="definitivamente"/>
          </grup.adv>
        </sadv>
      </S>
    </S>
    <f lem="." pos="fp" punct="period" wd="."/>
  </sentence>
  <sentence>
    <grup.verb>
      <v lem="caber" lss="C11.state-existential" mood="indicative" num="s" person="3" pos="vmip3s0" postype="main" tense="present" wd="Cabe"/>
    </grup.verb>
    <S arg="arg1" clausetype="completive" func="suj" impersonal="yes" tem="tem">
      <infinitiu>
        <v lem="preguntar" lss="A32.ditransitive-patient-benefactive" mood="infinitive" pos="vmn0000" postype="main" wd="preguntarse"/>
      </infinitiu>
      <sadv func="mod">
        <grup.adv>
          <r lem="entonces" pos="rg" wd="entonces"/>
        </grup.adv>
      </sadv>
      <S arg="arg1" clausetype="completive" func="cd" tem="pat">
        <f lem="," pos="fc" punct="comma" wd=","/>
        <f lem="¿" pos="fia" punct="questionmark" punctenclose="open" wd="¿"/>
        <sp arg="argM" func="cc" tem="adv">
          <prep>
            <s lem="por" pos="sps00" postype="preposition" wd="por"/>
          </prep>
          <sn>
            <grup.nom num="s">
              <p gen="c" lem="qué" num="s" pos="pt0cs000" postype="interrogative" wd="qué"/>
            </grup.nom>
          </sn>
        </sp>
        <sn arg="arg1" func="suj" tem="tem">
          <spec gen="f" num="p">
            <d gen="f" lem="alguno" num="p" pos="di0fp0" postype="indefinite" wd="algunas"/>
          </spec>
          <grup.nom gen="f" num="p">
            <n gen="f" lem="enfermedad" num="p" pos="ncfp000" postype="common" sense="16:10129713" wd="enfermedades"/>
            <sp>
              <prep>
                <s lem="de" pos="sps00" postype="preposition" wd="de"/>
              </prep>
              <sn>
                <grup.nom gen="m" num="s">
                  <n gen="m" lem="origen" num="s" pos="ncms000" postype="common" sense="16:05458618" wd="origen"/>
                  <s.a gen="m" num="s">
                    <grup.a gen="m" num="s">
                      <a gen="m" lem="vírico" num="s" pos="aq0ms0" postype="qualificative" wd="vírico"/>
                    </grup.a>
                  </s.a>
                </grup.nom>
              </sn>
            </sp>
            <sp>
              <f lem="," pos="fc" punct="comma" wd=","/>
              <prep>
                <s lem="como" pos="sps00" postype="preposition" wd="como"/>
              </prep>
              <sn coord="yes">
                <sn>
                  <spec gen="m" num="p">
                    <d gen="m" lem="el" num="p" pos="da0mp0" postype="article" wd="los"/>
                  </spec>
                  <grup.nom gen="m" num="p">
                    <n gen="m" lem="catarro" num="p" pos="ncmp000" postype="common" sense="16:10290523" wd="catarros"/>
                  </grup.nom>
                </sn>
                <conj conjunctiontype="coordinating">
                  <c lem="o" pos="cc" postype="coordinating" wd="o"/>
                </conj>
                <sn>
                  <spec gen="f" num="s">
                    <d gen="f" lem="el" num="s" pos="da0fs0" postype="article" wd="la"/>
                  </spec>
                  <grup.nom gen="f" num="s">
                    <n gen="f" lem="gripe" num="s" pos="ncfs000" postype="common" sense="16:10159752" wd="gripe"/>
                  </grup.nom>
                </sn>
              </sn>
              <f lem="," pos="fc" punct="comma" wd=","/>
            </sp>
          </grup.nom>
        </sn>
        <grup.verb>
          <v lem="poder" mood="indicative" num="p" person="3" pos="vmip3p0" postype="main" tense="present" wd="pueden"/>
          <infinitiu>
            <v lem="sufrir" lss="C21.state-attributive" mood="infinitive" pos="vmn0000" postype="main" wd="sufrirse"/>
          </infinitiu>
        </grup.verb>
        <sp arg="argM" func="cc" tem="adv">
          <prep>
            <s lem="en" pos="sps00" postype="preposition" wd="en"/>
          </prep>
          <sn>
            <grup.nom gen="f" num="p">
              <S clausetype="participle" impersonal="yes">
                <participi>
                  <a gen="f" lem="repetido" num="p" pos="aq0fpp" posfunction="participle" postype="qualificative" wd="repetidas"/>
                </participi>
              </S>
              <n gen="f" lem="ocasión" num="p" pos="ncfp000" postype="common" sense="16:05449233" wd="ocasiones"/>
            </grup.nom>
          </sn>
        </sp>
        <f lem="?" pos="fit" punct="questionmark" punctenclose="close" wd="?"/>
      </S>
    </S>
  </sentence>
  <sentence>
    <sn arg="arg1" func="suj" tem="tem">
      <spec gen="f" num="s">
        <d gen="f" lem="el" num="s" pos="da0fs0" postype="article" wd="La"/>
      </spec>
      <grup.nom gen="f" num="s">
        <n gen="f" lem="razón" num="s" pos="ncfs000" postype="common" sense="16:05051824" wd="razón"/>
      </grup.nom>
    </sn>
    <grup.verb>
      <v lem="ser" lss="C21.state-attributive" mood="indicative" num="s" person="3" pos="vsip3s0" postype="semiauxiliary" tense="present" wd="es"/>
    </grup.verb>
    <S arg="arg2" clausetype="completive" func="atr" tem="atr">
      <conj conjunctiontype="subordinating">
        <c lem="que" pos="cs" postype="subordinating" wd="que"/>
      </conj>
      <grup.verb>
        <v lem="existir" lss="C11.state-existential" mood="indicative" num="s" person="3" pos="vmip3s0" postype="main" tense="present" wd="existe"/>
      </grup.verb>
      <sn arg="arg1" func="suj" tem="tem">
        <spec gen="f" num="s">
          <d gen="f" lem="todo" num="s" pos="di0fs0" postype="indefinite" wd="toda"/>
          <d gen="f" lem="uno" num="s" pos="di0fs0" postype="indefinite" wd="una"/>
        </spec>
        <grup.nom gen="f" num="s">
          <n gen="f" lem="gama" num="s" pos="ncfs000" postype="common" sense="16:03994905" wd="gama"/>
          <sp>
            <prep>
              <s lem="de" pos="sps00" postype="preposition" wd="de"/>
            </prep>
            <sn>
              <grup.nom gen="m" num="s">
                <n gen="m" lem="virus" num="c" pos="ncmn000" postype="common" sense="16:00871107" wd="virus"/>
              </grup.nom>
            </sn>
          </sp>
          <S clausetype="relative">
            <relatiu arg="arg0" func="suj" tem="cau">
              <p gen="c" lem="que" num="c" pos="pr0cn000" postype="relative" wd="que"/>
            </relatiu>
            <grup.verb>
              <v lem="provocar" lss="A11.transitive-causative" mood="indicative" num="s" person="3" pos="vmip3s0" postype="main" tense="present" wd="provoca"/>
            </grup.verb>
            <sn arg="arg1" func="cd" tem="tem">
              <spec gen="m" num="s">
                <d gen="m" lem="este" num="s" pos="dd0ms0" postype="demonstrative" wd="este"/>
              </spec>
              <grup.nom gen="m" num="s">
                <n gen="m" lem="tipo" num="s" pos="ncms000" postype="common" sense="16:04497251" wd="tipo"/>
                <sp>
                  <prep>
                    <s lem="de" pos="sps00" postype="preposition" wd="de"/>
                  </prep>
                  <sn>
                    <grup.nom gen="f" num="p">
                      <n gen="f" lem="enfermedad" num="p" pos="ncfp000" postype="common" sense="16:10129713" wd="enfermedades"/>
                    </grup.nom>
                  </sn>
                </sp>
              </grup.nom>
            </sn>
          </S>
        </grup.nom>
      </sn>
    </S>
    <f lem="." pos="fp" punct="period" wd="."/>
  </sentence>
  <sentence>
    <sn arg="arg1" func="suj" tem="tem">
      <grup.nom gen="m" num="p">
        <p gen="m" lem="alguno" num="p" pos="pi0mp000" postype="indefinite" wd="Algunos"/>
        <sp>
          <prep>
            <s lem="de" pos="sps00" postype="preposition" wd="de"/>
          </prep>
          <sn>
            <grup.nom gen="m" num="p">
              <p gen="m" lem="él" num="p" person="3" pos="pp3mp000" postype="personal" wd="ellos"/>
            </grup.nom>
          </sn>
        </sp>
      </grup.nom>
    </sn>
    <grup.verb>
      <v lem="ser" lss="C21.state-attributive" mood="indicative" num="p" person="3" pos="vsip3p0" postype="semiauxiliary" tense="present" wd="son"/>
    </grup.verb>
    <sa arg="arg2" func="atr" tem="atr">
      <grup.a>
        <a gen="c" lem="capaz" num="p" pos="aq0cp0" postype="qualificative" wd="capaces"/>
        <sp>
          <sadv>
            <f lem="," pos="fc" punct="comma" wd=","/>
            <grup.adv>
              <r lem="incluso" pos="rg" wd="incluso"/>
            </grup.adv>
            <f lem="," pos="fc" punct="comma" wd=","/>
          </sadv>
          <sp>
            <prep>
              <s lem="de" pos="sps00" postype="preposition" wd="de"/>
            </prep>
            <S clausetype="completive" impersonal="yes">
              <infinitiu>
                <v lem="sufrir" lss="C21.state-attributive" mood="infinitive" pos="vmn0000" postype="main" wd="sufrir"/>
              </infinitiu>
              <sn arg="arg2" func="cd" functype="quantitative" tem="atr">
                <grup.nom gen="f" num="p">
                  <n gen="f" lem="mutación" lexicalid="noun.mutación.1.default" num="p" origin="deverbal" pos="ncfp000" postype="common" sense="16:05525253" wd="mutaciones"/>
                </grup.nom>
              </sn>
              <S arg="argM" clausetype="adverbial" func="cc" impersonal="yes" tem="mnr">
                <f lem="," pos="fc" punct="comma" wd=","/>
                <gerundi>
                  <v lem="evitar" lss="A21.transitive-agentive-patient" mood="gerund" pos="vmg0000" postype="main" wd="evitando"/>
                </gerundi>
                <sp arg="argM" func="cc" tem="mnr">
                  <prep>
                    <s lem="de" pos="sps00" postype="preposition" wd="de"/>
                  </prep>
                  <sn>
                    <spec gen="f" num="s">
                      <d gen="f" lem="este" num="s" pos="dd0fs0" postype="demonstrative" wd="esta"/>
                    </spec>
                    <grup.nom gen="f" num="s">
                      <n gen="f" lem="forma" num="s" pos="ncfs000" postype="common" sense="16:00111872" wd="forma"/>
                    </grup.nom>
                  </sn>
                </sp>
                <sn arg="arg1" func="cd" tem="pat">
                  <spec gen="m" num="s">
                    <d gen="m" lem="el" num="s" pos="da0ms0" postype="article" wd="el"/>
                  </spec>
                  <grup.nom gen="m" num="s">
                    <n gen="m" lem="ataque" lexicalid="noun.ataque.1.default" num="s" origin="deverbal" pos="ncms000" postype="common" sense="16:00494444" wd="ataque"/>
                    <s.a func="cn" gen="m" num="s">
                      <grup.a gen="m" num="s">
                        <a gen="m" lem="directo" num="s" pos="aq0ms0" postype="qualificative" wd="directo"/>
                      </grup.a>
                    </s.a>
                    <sp arg="arg0" func="cn" tem="agt">
                      <prep>
                        <s lem="de" pos="sps00" postype="preposition" wd="de"/>
                      </prep>
                      <sn>
                        <spec gen="m" num="p">
                          <d gen="m" lem="el" num="p" pos="da0mp0" postype="article" wd="los"/>
                        </spec>
                        <grup.nom gen="m" num="p">
                          <n gen="m" lem="anticuerpo" num="p" pos="ncmp000" postype="common" sense="16:10785027" wd="anticuerpos"/>
                          <S clausetype="participle" impersonal="yes">
                            <participi>
                              <a gen="m" lem="segregado" lss="B22.unaccusative-passive-transitive" num="p" pos="aq0mpp" posfunction="participle" postype="qualificative" wd="segregados"/>
                            </participi>
                            <sp arg="argM" func="cc" tem="fin">
                              <prep>
                                <s lem="para" pos="sps00" postype="preposition" wd="para"/>
                              </prep>
                              <S clausetype="completive" impersonal="yes">
                                <infinitiu>
                                  <v lem="combatir" lss="A21.transitive-agentive-patient" mood="infinitive" pos="vmn0000" postype="main" wd="combatir"/>
                                </infinitiu>
                                <sn arg="arg1" coord="yes" func="cd" tem="pat">
                                  <sn coord="yes">
                                    <sn>
                                      <spec gen="f" num="s">
                                        <d gen="f" lem="uno" num="s" pos="di0fs0" postype="indefinite" wd="una"/>
                                      </spec>
                                      <grup.nom gen="f" num="s">
                                        <n gen="f" lem="gripe" num="s" pos="ncfs000" postype="common" sense="16:10159752" wd="gripe"/>
                                      </grup.nom>
                                    </sn>
                                    <conj conjunctiontype="coordinating">
                                      <c lem="o" pos="cc" postype="coordinating" wd="o"/>
                                    </conj>
                                    <sn>
                                      <spec gen="m" num="s">
                                        <d gen="m" lem="uno" num="s" pos="di0ms0" postype="indefinite" wd="un"/>
                                      </spec>
                                      <grup.nom gen="m" num="s">
                                        <n gen="m" lem="catarro" num="s" pos="ncms000" postype="common" sense="16:10290523" wd="catarro"/>
                                      </grup.nom>
                                    </sn>
                                  </sn>
                                  <s.a gen="m" num="s">
                                    <grup.a gen="m" num="s">
                                      <a gen="c" lem="anterior" num="s" pos="aq0cs0" postype="qualificative" wd="anterior"/>
                                    </grup.a>
                                  </s.a>
                                </sn>
                              </S>
                            </sp>
                          </S>
                        </grup.nom>
                      </sn>
                    </sp>
                  </grup.nom>
                </sn>
              </S>
            </S>
          </sp>
        </sp>
      </grup.a>
    </sa>
    <f lem="." pos="fp" punct="period" wd="."/>
  </sentence>
  <sentence>
    <sn arg="arg1" func="suj" tem="tem">
      <spec gen="m" num="s">
        <d gen="c" lem="el" num="s" pos="da0ns0" postype="article" wd="Lo"/>
      </spec>
      <grup.nom gen="m" num="s">
        <S clausetype="relative">
          <relatiu arg="arg1" func="suj" tem="tem">
            <p gen="c" lem="que" num="c" pos="pr0cn000" postype="relative" wd="que"/>
          </relatiu>
          <grup.verb>
            <v lem="estar" lss="C21.state-attributive" mood="indicative" num="s" person="3" pos="vmip3s0" postype="main" tense="present" wd="está"/>
          </grup.verb>
          <sa arg="arg2" func="atr" tem="atr">
            <grup.a>
              <a gen="m" lem="claro" num="s" pos="aq0ms0" postype="qualificative" wd="claro"/>
            </grup.a>
          </sa>
        </S>
      </grup.nom>
    </sn>
    <grup.verb>
      <v lem="ser" lss="C21.state-attributive" mood="indicative" num="s" person="3" pos="vsip3s0" postype="semiauxiliary" tense="present" wd="es"/>
    </grup.verb>
    <S arg="arg2" clausetype="completive" func="atr" tem="atr">
      <conj conjunctiontype="subordinating">
        <c lem="que" pos="cs" postype="subordinating" wd="que"/>
      </conj>
      <sn arg="arg1" func="suj" tem="tem">
        <spec gen="m" num="s">
          <d gen="m" lem="el" num="s" pos="da0ms0" postype="article" wd="el"/>
        </spec>
        <grup.nom gen="m" num="s">
          <n gen="m" lem="lector" num="s" pos="ncms000" postype="common" sense="16:07520827" wd="lector"/>
        </grup.nom>
      </sn>
      <neg func="mod">
        <r lem="no" pos="rn" postype="negative" wd="no"/>
      </neg>
      <grup.verb>
        <v lem="sufrir" lss="C21.state-attributive" mood="indicative" num="s" person="3" pos="vmif3s0" postype="main" tense="future" wd="sufrirá"/>
      </grup.verb>
      <sadv arg="argM" func="cc" tem="tmp">
        <grup.adv>
          <r lem="nunca" pos="rg" wd="nunca"/>
        </grup.adv>
      </sadv>
      <sn arg="arg2" coord="yes" func="cd" functype="quantitative" tem="atr">
        <conj conjunctiontype="coordinating">
          <c lem="ni" pos="cc" postype="coordinating" wd="ni"/>
        </conj>
        <sn>
          <spec gen="f" num="s">
            <d gen="f" lem="el" num="s" pos="da0fs0" postype="article" wd="la"/>
            <d gen="f" lem="mismo" num="s" pos="di0fs0" postype="indefinite" wd="misma"/>
          </spec>
          <grup.nom gen="f" num="s">
            <n gen="f" lem="gripe" num="s" pos="ncfs000" postype="common" sense="16:10159752" wd="gripe"/>
          </grup.nom>
        </sn>
        <conj conjunctiontype="coordinating">
          <c lem="ni" pos="cc" postype="coordinating" wd="ni"/>
        </conj>
        <sn>
          <spec gen="m" num="s">
            <d gen="m" lem="el" num="s" pos="da0ms0" postype="article" wd="el"/>
            <d gen="m" lem="mismo" num="s" pos="di0ms0" postype="indefinite" wd="mismo"/>
          </spec>
          <grup.nom gen="m" num="s">
            <n gen="m" lem="catarro" num="s" pos="ncms000" postype="common" sense="16:10290523" wd="catarro"/>
          </grup.nom>
        </sn>
      </sn>
    </S>
    <f lem="." pos="fp" punct="period" wd="."/>
  </sentence>
  <sentence>
    <sn arg="arg1" func="suj" tem="tem">
      <spec gen="m" num="p">
        <d gen="m" lem="el" num="p" pos="da0mp0" postype="article" wd="Los"/>
      </spec>
      <grup.nom gen="m" num="p">
        <n gen="m" lem="virus" num="c" pos="ncmn000" postype="common" sense="16:00871107" wd="virus"/>
      </grup.nom>
    </sn>
    <grup.verb>
      <v lem="ser" lss="C21.state-attributive" mood="indicative" num="p" person="3" pos="vsip3p0" postype="semiauxiliary" tense="present" wd="son"/>
    </grup.verb>
    <sn arg="arg2" func="atr" tem="atr">
      <spec gen="f" num="p">
        <d gen="f" lem="el" num="p" pos="da0fp0" postype="article" wd="las"/>
      </spec>
      <grup.nom gen="f" num="p">
        <n gen="f" lem="forma" num="p" pos="ncfp000" postype="common" sense="16:00111872" wd="formas"/>
        <sp>
          <prep>
            <s lem="de" pos="sps00" postype="preposition" wd="de"/>
          </prep>
          <sn>
            <grup.nom gen="f" num="s">
              <n gen="f" lem="existencia" lexicalid="noun.existencia.1.default" num="s" origin="deverbal" pos="ncfs000" postype="common" sense="16:10054265" wd="existencia"/>
            </grup.nom>
          </sn>
        </sp>
        <s.a gen="f" num="p">
          <spec>
            <r lem="más" pos="rg" wd="más"/>
          </spec>
          <grup.a gen="f" num="p">
            <a gen="f" lem="primitivo" num="p" pos="aq0fp0" postype="qualificative" wd="primitivas"/>
          </grup.a>
        </s.a>
        <S clausetype="relative">
          <relatiu arg="arg1" func="cd" tem="pat">
            <p gen="c" lem="que" num="c" pos="pr0cn000" postype="relative" wd="que"/>
          </relatiu>
          <sn arg="arg0" elliptic="yes" func="suj" tem="agt"/>
          <grup.verb>
            <v lem="conocer" lss="A21.transitive-agentive-patient" mood="indicative" num="p" person="1" pos="vmip1p0" postype="main" tense="present" wd="conocemos"/>
          </grup.verb>
        </S>
      </grup.nom>
    </sn>
    <f lem="." pos="fp" punct="period" wd="."/>
  </sentence>
  <sentence coord="yes">
    <conj conjunctiontype="coordinating" func="et">
      <c lem="sin_embargo" pos="cc" postype="coordinating" wd="Sin_embargo"/>
      <f lem="," pos="fc" punct="comma" wd=","/>
    </conj>
    <S>
      <sn arg="arg0" elliptic="yes" func="suj" tem="agt"/>
      <grup.verb>
        <v lem="lograr" lss="A21.transitive-agentive-patient" mood="indicative" num="p" person="3" pos="vmip3p0" postype="main" tense="present" wd="logran"/>
      </grup.verb>
      <S arg="arg1" clausetype="completive" func="cd" impersonal="yes" tem="pat">
        <infinitiu>
          <v lem="poner" lss="A31.ditransitive-patient-locative" mood="infinitive" pos="vmn0000" postype="main" wd="poner"/>
        </infinitiu>
        <sp arg="argM" func="cc" tem="adv">
          <prep>
            <s lem="a" pos="sps00" postype="preposition" wd="a"/>
          </prep>
          <sn>
            <spec arg="arg0" gen="m" num="s" tem="agt">
              <d gen="c" lem="su" num="s" person="3" pos="dp3cs0" postype="possessive" wd="su"/>
            </spec>
            <grup.nom gen="m" num="s">
              <n gen="m" lem="servicio" lexicalid="noun.servicio.6.default" num="s" origin="deverbal" pos="ncms000" postype="common" sense="16:00379388" wd="servicio"/>
            </grup.nom>
          </sn>
        </sp>
      </S>
    </S>
    <f lem="," pos="fc" punct="comma" wd=","/>
    <S>
      <sadv func="mod">
        <grup.adv>
          <r lem="incluso" pos="rg" wd="incluso"/>
        </grup.adv>
      </sadv>
      <sn arg="arg0" elliptic="yes" func="suj" tem="cau"/>
      <grup.verb>
        <v lem="llegar" mood="indicative" num="p" person="3" pos="vmip3p0" postype="main" tense="present" wd="llegan"/>
        <s lem="a" pos="sps00" postype="preposition" wd="a"/>
        <infinitiu>
          <v lem="matar" lss="A11.transitive-causative" mood="infinitive" pos="vmn0000" postype="main" wd="matar"/>
        </infinitiu>
      </grup.verb>
      <sp arg="arg1" func="cd" tem="tem">
        <f lem="," pos="fc" punct="comma" wd=","/>
        <sp>
          <prep>
            <s contracted="yes" gen="m" lem="al" num="s" pos="spcms" postype="preposition" wd="al"/>
          </prep>
          <sn>
            <grup.nom gen="m" num="s">
              <n gen="m" lem="organismo" num="s" pos="ncms000" postype="common" sense="16:00002086" wd="organismo"/>
              <s.a gen="m" num="s">
                <grup.a gen="m" num="s">
                  <a gen="m" lem="vivo" num="s" pos="aq0ms0" postype="qualificative" wd="vivo"/>
                </grup.a>
              </s.a>
              <S clausetype="participle" impersonal="yes">
                <sadv arg="argM" func="cc" tem="adv">
                  <grup.adv>
                    <r lem="más" pos="rg" wd="más"/>
                  </grup.adv>
                </sadv>
                <participi>
                  <a gen="m" lem="desarrollado" lss="B22.unaccusative-passive-transitive" num="s" pos="aq0msp" posfunction="participle" postype="qualificative" wd="desarrollado"/>
                </participi>
              </S>
              <S clausetype="relative">
                <relatiu arg="arg1" func="suj" tem="tem">
                  <p gen="c" lem="que" num="c" pos="pr0cn000" postype="relative" wd="que"/>
                </relatiu>
                <grup.verb>
                  <v lem="existir" lss="C11.state-existential" mood="indicative" num="s" person="3" pos="vmip3s0" postype="main" tense="present" wd="existe"/>
                </grup.verb>
              </S>
              <sn>
                <f lem=":" pos="fd" punct="colon" wd=":"/>
                <spec gen="m" num="s">
                  <d gen="m" lem="el" num="s" pos="da0ms0" postype="article" wd="el"/>
                </spec>
                <grup.nom gen="m" num="s">
                  <n gen="m" lem="ser" num="s" pos="ncms000" postype="common" sense="16:00002086" wd="ser"/>
                  <s.a gen="m" num="s">
                    <grup.a gen="m" num="s">
                      <a gen="m" lem="humano" num="s" pos="aq0ms0" postype="qualificative" wd="humano"/>
                    </grup.a>
                  </s.a>
                </grup.nom>
              </sn>
            </grup.nom>
          </sn>
        </sp>
      </sp>
    </S>
    <f lem="." pos="fp" punct="period" wd="."/>
  </sentence>
  <sentence>
    <grup.verb>
      <v lem="ser" lss="C21.state-attributive" mood="indicative" num="s" person="3" pos="vsip3s0" postype="semiauxiliary" tense="present" wd="Es"/>
    </grup.verb>
    <sn arg="arg1" func="suj" tem="tem">
      <grup.nom gen="m" num="s">
        <p gen="m" lem="este" num="s" pos="pd0ms000" postype="demonstrative" wd="éste"/>
      </grup.nom>
    </sn>
    <sn arg="arg2" func="atr" tem="atr">
      <spec gen="m" num="s">
        <d gen="m" lem="uno" num="s" pos="di0ms0" postype="indefinite" wd="un"/>
      </spec>
      <grup.nom gen="m" num="s">
        <n gen="m" lem="hecho" lexicalid="noun.hecho.2.default" num="s" origin="deverbal" pos="ncms000" postype="common" sense="16:05432762" wd="hecho"/>
        <S clausetype="relative" func="cn">
          <relatiu arg="arg0" func="suj" tem="cau">
            <p gen="c" lem="que" num="c" pos="pr0cn000" postype="relative" wd="que"/>
          </relatiu>
          <grup.verb>
            <v lem="hacer" mood="indicative" num="s" person="3" pos="vmip3s0" postype="main" tense="present" wd="hace"/>
            <infinitiu>
              <v lem="temblar" lss="A11.transitive-causative" mood="infinitive" pos="vmn0000" postype="main" wd="temblar"/>
            </infinitiu>
          </grup.verb>
          <sp arg="argM" func="cc" tem="adv">
            <f lem="," pos="fc" punct="comma" wd=","/>
            <prep>
              <s lem="para" pos="sps00" postype="preposition" wd="para"/>
            </prep>
            <sn>
              <grup.nom gen="m" num="p">
                <p gen="m" lem="alguno" num="p" pos="pi0mp000" postype="indefinite" wd="algunos"/>
              </grup.nom>
            </sn>
            <f lem="," pos="fc" punct="comma" wd=","/>
          </sp>
          <sn arg="arg1" func="cd" tem="tem">
            <spec gen="m" num="s">
              <d gen="m" lem="el" num="s" pos="da0ms0" postype="article" wd="el"/>
            </spec>
            <grup.nom gen="m" num="s">
              <n gen="m" lem="edificio" num="s" pos="ncms000" postype="common" sense="16:02347413" wd="edificio"/>
              <S clausetype="relative">
                <relatiu arg="arg1" func="cd" tem="pat">
                  <p gen="c" lem="que" num="c" pos="pr0cn000" postype="relative" wd="que"/>
                </relatiu>
                <sn arg="arg0" func="suj" tem="agt">
                  <spec gen="f" num="s">
                    <d gen="f" lem="el" num="s" pos="da0fs0" postype="article" wd="la"/>
                  </spec>
                  <grup.nom gen="f" num="s">
                    <n gen="f" lem="humanidad" num="s" pos="ncfs000" postype="common" sense="16:05957670" wd="humanidad"/>
                  </grup.nom>
                </sn>
                <grup.verb>
                  <v lem="haber" mood="indicative" num="s" person="3" pos="vaip3s0" postype="auxiliary" tense="present" wd="ha"/>
                  <v gen="m" lem="construir" lss="A21.transitive-agentive-patient" mood="participle" num="s" pos="vmp00sm" postype="main" wd="construido"/>
                </grup.verb>
                <sp arg="argM" func="cc" tem="loc">
                  <prep>
                    <s lem="sobre" pos="sps00" postype="preposition" wd="sobre"/>
                  </prep>
                  <sn>
                    <spec gen="m" num="p">
                      <d gen="m" lem="el" num="p" pos="da0mp0" postype="article" wd="los"/>
                    </spec>
                    <grup.nom gen="m" num="p">
                      <n gen="m" lem="concepto" num="p" pos="ncmp000" postype="common" sense="16:04493671" wd="conceptos"/>
                      <s.a complex="yes" gen="m" num="p">
                        <grup.a coord="yes" gen="m" num="p">
                          <grup.a gen="m" num="p">
                            <a gen="m" lem="primitivo" num="p" pos="aq0mp0" postype="qualificative" wd="primitivos"/>
                          </grup.a>
                          <conj conjunctiontype="coordinating">
                            <c lem="y" pos="cc" postype="coordinating" wd="y"/>
                          </conj>
                          <grup.a gen="m" num="p">
                            <a gen="c" lem="superior" num="p" pos="aq0cp0" postype="qualificative" wd="superiores"/>
                          </grup.a>
                        </grup.a>
                      </s.a>
                    </grup.nom>
                  </sn>
                </sp>
              </S>
            </grup.nom>
          </sn>
        </S>
      </grup.nom>
    </sn>
    <f lem="." pos="fp" punct="period" wd="."/>
  </sentence>
  <sentence>
    <conj conjunctiontype="coordinating" func="et">
      <c lem="pero" pos="cc" postype="coordinating" wd="Pero"/>
    </conj>
    <grup.verb>
      <v lem="haber" lss="C11.state-existential" mood="indicative" num="s" person="3" pos="vaip3s0" postype="auxiliary" tense="present" wd="hay"/>
    </grup.verb>
    <sn arg="arg1" func="cd" functype="quantitative" tem="tem">
      <grup.nom gen="m" num="s">
        <p gen="c" lem="algo" num="s" pos="pi0cs000" postype="indefinite" wd="algo"/>
        <sadv>
          <grup.adv>
            <r lem="más" pos="rg" wd="más"/>
          </grup.adv>
        </sadv>
        <S coord="yes">
          <f lem=":" pos="fd" punct="colon" wd=":"/>
          <S>
            <f lem="¿" pos="fia" punct="questionmark" punctenclose="open" wd="¿"/>
            <sn arg="arg1" func="suj" tem="tem">
              <grup.nom num="p">
                <p gen="c" lem="cuál" num="p" pos="pt0cp000" postype="interrogative" wd="cuáles"/>
              </grup.nom>
            </sn>
            <grup.verb>
              <v lem="ser" lss="C21.state-attributive" mood="indicative" num="p" person="3" pos="vsip3p0" postype="semiauxiliary" tense="present" wd="son"/>
            </grup.verb>
            <sn arg="arg2" func="atr" tem="atr">
              <spec gen="m" num="p">
                <d gen="m" lem="el" num="p" pos="da0mp0" postype="article" wd="los"/>
              </spec>
              <grup.nom gen="m" num="p">
                <n gen="m" lem="mecanismo" num="p" pos="ncmp000" postype="common" sense="16:00062253" wd="mecanismos"/>
                <S clausetype="relative">
                  <relatiu arg="arg0" func="suj" tem="agt">
                    <p gen="c" lem="que" num="c" pos="pr0cn000" postype="relative" wd="que"/>
                  </relatiu>
                  <grup.verb>
                    <v lem="regir" lss="A21.transitive-agentive-patient" mood="indicative" num="p" person="3" pos="vmip3p0" postype="main" tense="present" wd="rigen"/>
                  </grup.verb>
                  <sn arg="arg1" coord="yes" func="cd" tem="pat">
                    <sn coord="yes">
                      <sn>
                        <spec gen="f" num="s">
                          <d gen="f" lem="el" num="s" pos="da0fs0" postype="article" wd="la"/>
                        </spec>
                        <grup.nom gen="f" num="s">
                          <n gen="f" lem="existencia" lexicalid="noun.existencia.1.default" num="s" origin="deverbal" pos="ncfs000" postype="common" sense="16:10054265" wd="existencia"/>
                        </grup.nom>
                      </sn>
                      <conj conjunctiontype="coordinating">
                        <c lem="y" pos="cc" postype="coordinating" wd="y"/>
                      </conj>
                      <sn>
                        <spec gen="f" num="s">
                          <d gen="f" lem="el" num="s" pos="da0fs0" postype="article" wd="la"/>
                        </spec>
                        <grup.nom gen="f" num="s">
                          <n gen="f" lem="forma" num="s" pos="ncfs000" postype="common" sense="16:03856995" wd="forma"/>
                          <sp>
                            <prep>
                              <s lem="de" pos="sps00" postype="preposition" wd="de"/>
                            </prep>
                            <S clausetype="completive" impersonal="yes">
                              <infinitiu>
                                <v lem="actuar" lss="D11.inergative-agentive" mood="infinitive" pos="vmn0000" postype="main" wd="actuar"/>
                              </infinitiu>
                            </S>
                          </sp>
                        </grup.nom>
                      </sn>
                    </sn>
                    <sp adjunct="yes">
                      <prep>
                        <s lem="de" pos="sps00" postype="preposition" wd="de"/>
                      </prep>
                      <sn>
                        <spec gen="m" num="p">
                          <d gen="m" lem="el" num="p" pos="da0mp0" postype="article" wd="los"/>
                        </spec>
                        <grup.nom gen="m" num="p">
                          <n gen="m" lem="virus" num="c" pos="ncmn000" postype="common" sense="16:00871107" wd="virus"/>
                        </grup.nom>
                      </sn>
                    </sp>
                  </sn>
                </S>
              </grup.nom>
            </sn>
            <f lem="?" pos="fit" punct="questionmark" punctenclose="close" wd="?"/>
          </S>
          <f lem="," pos="fc" punct="comma" wd=","/>
          <S coord="yes">
            <f lem="¿" pos="fia" punct="questionmark" punctenclose="open" wd="¿"/>
            <sp arg="argM" func="cc" tem="cau">
              <prep>
                <s lem="por" pos="sps00" postype="preposition" wd="por"/>
              </prep>
              <sn>
                <grup.nom num="s">
                  <p gen="c" lem="qué" num="s" pos="pt0cs000" postype="interrogative" wd="qué"/>
                </grup.nom>
              </sn>
            </sp>
            <S coord="yes">
              <S>
                <sn arg="arg1" func="suj" tem="tem">
                  <spec gen="m" num="s">
                    <d gen="m" lem="uno" num="s" pos="di0ms0" postype="indefinite" wd="un"/>
                  </spec>
                  <grup.nom gen="m" num="s">
                    <S clausetype="participle" impersonal="yes">
                      <participi>
                        <a gen="m" lem="determinado" num="s" pos="aq0msp" posfunction="participle" postype="qualificative" wd="determinado"/>
                      </participi>
                    </S>
                    <n gen="m" lem="virus" num="c" pos="ncmn000" postype="common" sense="16:00871107" wd="virus"/>
                    <sp>
                      <f lem="," pos="fc" punct="comma" wd=","/>
                      <prep>
                        <s lem="como" pos="sps00" postype="preposition" wd="como"/>
                      </prep>
                      <sn>
                        <spec gen="m" num="s">
                          <d gen="m" lem="el" num="s" pos="da0ms0" postype="article" wd="el"/>
                        </spec>
                        <grup.nom gen="m" num="s">
                          <sp>
                            <prep>
                              <s contracted="yes" gen="m" lem="del" num="s" pos="spcms" postype="preposition" wd="del"/>
                            </prep>
                            <sn entityref="ne" ne="other">
                              <grup.nom gen="m" num="s">
                                <n lem="SIDA" ne="other" pos="np0000a" postype="proper" sense="16:cs1" wd="SIDA"/>
                              </grup.nom>
                            </sn>
                          </sp>
                        </grup.nom>
                      </sn>
                      <f lem="," pos="fc" punct="comma" wd=","/>
                    </sp>
                  </grup.nom>
                </sn>
                <neg func="mod">
                  <r lem="no" pos="rn" postype="negative" wd="no"/>
                </neg>
                <grup.verb>
                  <v lem="aparecer" lss="B11.unaccusative-motion" mood="indicative" num="s" person="3" pos="vmip3s0" postype="main" tense="present" wd="aparece"/>
                </grup.verb>
                <f lem="," pos="fc" punct="comma" wd=","/>
              </S>
              <conj conjunctiontype="coordinating">
                <c lem="o" pos="cc" postype="coordinating" wd="o"/>
              </conj>
              <S>
                <sn arg="arg1" elliptic="yes" func="suj" tem="tem"/>
                <neg func="mod">
                  <r lem="no" pos="rn" postype="negative" wd="no"/>
                </neg>
                <morfema.pronominal>
                  <p gen="c" lem="él" num="c" person="3" pos="p0300000" wd="se"/>
                </morfema.pronominal>
                <grup.verb>
                  <v lem="manifestar" lss="B11.unaccusative-motion" mood="indicative" num="s" person="3" pos="vmip3s0" postype="main" tense="present" wd="manifiesta"/>
                </grup.verb>
                <sp arg="argM" func="cc" tem="mnr">
                  <prep>
                    <s lem="en" pos="sps00" postype="preposition" wd="en"/>
                  </prep>
                  <sn>
                    <spec gen="f" num="s">
                      <d gen="f" lem="todo" num="s" pos="di0fs0" postype="indefinite" wd="toda"/>
                      <d gen="c" lem="su" num="s" person="3" pos="dp3cs0" postype="possessive" wd="su"/>
                    </spec>
                    <grup.nom gen="f" num="s">
                      <n gen="f" lem="plenitud" num="s" pos="ncfs000" postype="common" sense="16:10368895" wd="plenitud"/>
                    </grup.nom>
                  </sn>
                </sp>
                <sp arg="argM" func="cc" tem="adv">
                  <sadv adjunct="yes">
                    <grup.adv>
                      <c lem="sino" pos="cc" postype="coordinating" wd="sino"/>
                    </grup.adv>
                  </sadv>
                  <sp>
                    <prep>
                      <s lem="hasta" pos="sps00" postype="preposition" wd="hasta"/>
                    </prep>
                    <sn>
                      <grup.nom>
                        <w lem="[??:??/??/1983:??.??]" ne="date" wd="1983"/>
                        <sn entityref="ne" ne="date">
                          <f lem="," pos="fc" punct="comma" wd=","/>
                          <grup.nom gen="m" num="s">
                            <n gen="m" lem="año" num="s" pos="ncms000" postype="common" sense="16:10917509" wd="año"/>
                            <S clausetype="relative">
                              <sp arg="argM" func="cc" tem="tmp">
                                <prep>
                                  <s lem="en" pos="sps00" postype="preposition" wd="en"/>
                                </prep>
                                <relatiu>
                                  <p gen="c" lem="que" num="c" pos="pr0cn000" postype="relative" wd="que"/>
                                </relatiu>
                              </sp>
                              <sn arg="arg1" elliptic="yes" func="suj" tem="pat"/>
                              <grup.verb>
                                <v lem="ser" mood="indicative" num="s" person="3" pos="vsip3s0" postype="semiauxiliary" tense="present" wd="es"/>
                                <v gen="m" lem="identificar" lss="B22.unaccusative-passive-transitive" mood="participle" num="s" pos="vmp00sm" postype="main" wd="identificado"/>
                              </grup.verb>
                            </S>
                          </grup.nom>
                        </sn>
                      </grup.nom>
                    </sn>
                  </sp>
                </sp>
              </S>
            </S>
            <f lem="?" pos="fit" punct="questionmark" punctenclose="close" wd="?"/>
          </S>
          <f lem="," pos="fc" punct="comma" wd=","/>
          <S verbless="yes">
            <f lem="¿" pos="fia" punct="questionmark" punctenclose="open" wd="¿"/>
            <sp>
              <prep>
                <s lem="por" pos="sps00" postype="preposition" wd="por"/>
              </prep>
              <sn>
                <grup.nom num="s">
                  <p gen="c" lem="qué" num="s" pos="pt0cs000" postype="interrogative" wd="qué"/>
                </grup.nom>
              </sn>
            </sp>
            <neg>
              <r lem="no" pos="rn" postype="negative" wd="no"/>
            </neg>
            <sadv complex="yes">
              <grup.adv coord="yes">
                <grup.adv>
                  <r lem="antes" pos="rg" wd="antes"/>
                  <f lem="," pos="fc" punct="comma" wd=","/>
                </grup.adv>
                <conj conjunctiontype="coordinating">
                  <c lem="o" pos="cc" postype="coordinating" wd="o"/>
                </conj>
                <grup.adv>
                  <r lem="después" pos="rg" wd="después"/>
                </grup.adv>
              </grup.adv>
            </sadv>
            <f lem="?" pos="fit" punct="questionmark" punctenclose="close" wd="?"/>
          </S>
        </S>
      </grup.nom>
    </sn>
  </sentence>
  <sentence>
    <grup.verb>
      <v lem="ser" lss="C21.state-attributive" mood="indicative" num="s" person="3" pos="vsip3s0" postype="semiauxiliary" tense="present" wd="Es"/>
    </grup.verb>
    <sa arg="arg2" func="atr" tem="atr">
      <grup.a>
        <a gen="c" lem="evidente" num="s" pos="aq0cs0" postype="qualificative" wd="evidente"/>
      </grup.a>
    </sa>
    <S arg="arg1" clausetype="completive" func="suj" tem="tem">
      <conj conjunctiontype="subordinating">
        <c lem="que" pos="cs" postype="subordinating" wd="que"/>
      </conj>
      <sn arg="arg0" func="suj" tem="agt">
        <spec gen="m" num="p">
          <d gen="m" lem="el" num="p" pos="da0mp0" postype="article" wd="los"/>
        </spec>
        <grup.nom gen="m" num="p">
          <n gen="m" lem="virus" num="c" pos="ncmn000" postype="common" sense="16:00871107" wd="virus"/>
        </grup.nom>
      </sn>
      <grup.verb>
        <v lem="necesitar" lss="A21.transitive-agentive-patient" mood="indicative" num="p" person="3" pos="vmip3p0" postype="main" tense="present" wd="necesitan"/>
      </grup.verb>
      <sn arg="arg1" func="cd" tem="pat">
        <grup.nom gen="f" num="p">
          <n gen="f" lem="célula" num="p" pos="ncfp000" postype="common" sense="16:00003095" wd="células"/>
          <S>
            <f lem="," pos="fc" punct="comma" wd=","/>
            <sadv func="mod">
              <grup.adv>
                <r lem="ya" pos="rg" wd="ya"/>
              </grup.adv>
            </sadv>
            <grup.verb>
              <v lem="ser" lss="C21.state-attributive" mood="subjunctive" num="p" person="3" pos="vssp3p0" postype="semiauxiliary" tense="present" wd="sean"/>
            </grup.verb>
            <sn arg="arg1" complex="yes" func="suj" tem="tem">
              <grup.nom coord="yes">
                <grup.nom gen="m" num="p">
                  <n gen="m" lem="animal" num="p" pos="ncmp000" postype="common" sense="16:00008019" wd="animales"/>
                </grup.nom>
                <conj conjunctiontype="coordinating">
                  <c lem="o" pos="cc" postype="coordinating" wd="o"/>
                </conj>
                <grup.nom gen="m" num="p">
                  <n gen="m" lem="vegetal" num="p" pos="ncmp000" postype="common" sense="16:50002072" wd="vegetales"/>
                </grup.nom>
              </grup.nom>
            </sn>
            <f lem="," pos="fc" punct="comma" wd=","/>
          </S>
        </grup.nom>
      </sn>
      <sp arg="argM" func="cc" tem="fin">
        <prep>
          <s lem="para" pos="sps00" postype="preposition" wd="para"/>
        </prep>
        <S clausetype="completive" impersonal="yes">
          <infinitiu>
            <v lem="sobrevivir" lss="C11.state-existential" mood="infinitive" pos="vmn0000" postype="main" wd="sobrevivir"/>
          </infinitiu>
        </S>
      </sp>
    </S>
    <f lem="." pos="fp" punct="period" wd="."/>
  </sentence>
</article>
