<?xml version="1.0" encoding="UTF-8" standalone="no"?>
<!-- 

  ancora-2.0
       
			Copyright (C) 2007, 2008, 2009, 2010, 2011 UB - CLiC
			Centre de Llenguatge i Computació - Universitat de Barcelona
 
  This file is part of ancora-2.0.
 
  ancora-2.0 is free software and data: you can redistribute it and/or modify
  it under the terms of the GNU General Public License as published
  by the Free Software Foundation, either version 3 of the License,
  or (at your option) any later version.

  ancora-2.0 is distributed in the hope that it will be useful,
  but WITHOUT ANY WARRANTY; without even the implied warranty of
  MERCHANTABILITY or FITNESS FOR A PARTICULAR PURPOSE.  See the
  GNU General Public License for more details.
 
  You should have received a copy of the GNU General Public License
  along with ancora-2.0.  If not, see &lt;http://www.gnu.org/licenses/&gt;.
 
  Check a text in catalan explaining the terms of the license at http://www.softcatala.cat/wiki/GPL3.
  In spanish at http://www.viti.es/gnu/licenses/gpl.html
 

  The following paper must be cited when using this corpus:

 * Taulé, M., M.A. Martí, M. Recasens (2008) 'Ancora: Multilevel Annotated Corpora for Catalan and Spanish',
   Proceedings of 6th International Conference on Language Resources and Evaluation. Marrakesh (Morocco).

  In addition, the following paper must be cited if coreference information (attributes entity, coreftype,
  corefsubtype, homophoricDD or entityref) is used:

 * Recasens, Marta, M. Antònia Martí (2010) ‘AnCora-CO: Coreferentially annotated corpora for Spanish and
   Catalan’. Language Resources and Evaluation, Springer Science.

  Additionally, the following paper must be cited when argumental attributes in "sn" or "grup.nom"
  (attributes func, arg, tem or lexicalid) are used:

 * Peris, Aina, Mariona Taulé, Horacio Rodríguez (2010) ‘Semantic Annotation of Deverbal Nominalizations in the
   Spanish AnCora corpus’. Treebanks and Linguistic Theories (TLT-2010), Estonia.
-->
<article lng="es">
  <sentence>
    <sp arg="argM" func="cc" tem="tmp">
      <prep>
        <s lem="en" pos="sps00" postype="preposition" wd="En"/>
      </prep>
      <sn entityref="ne" ne="date">
        <grup.nom>
          <w lem="[??:??/??/1926:??.??]" ne="date" wd="1926"/>
        </grup.nom>
      </sn>
    </sp>
    <sn arg="arg0" func="suj" tem="agt">
      <spec gen="f" num="p">
        <d gen="f" lem="el" num="p" pos="da0fp0" postype="article" wd="las"/>
      </spec>
      <grup.nom gen="f" num="p">
        <n gen="f" lem="fábrica" num="p" pos="ncfp000" postype="common" sense="16:02662271" wd="fábricas"/>
        <sp coord="yes">
          <sp coord="yes">
            <sp>
              <prep>
                <s lem="de" pos="sps00" postype="preposition" wd="de"/>
              </prep>
              <sn entityref="ne" ne="person">
                <grup.nom gen="m" num="s">
                  <n lem="Daimler" ne="person" pos="np0000p" postype="proper" sense="16:cs1" wd="Daimler"/>
                </grup.nom>
              </sn>
            </sp>
            <conj conjunctiontype="coordinating">
              <c lem="y" pos="cc" postype="coordinating" wd="y"/>
            </conj>
            <sp>
              <prep>
                <s lem="de" pos="sps00" postype="preposition" wd="de"/>
              </prep>
              <sn entityref="ne" ne="person">
                <grup.nom gen="m" num="s">
                  <n lem="Benz" ne="person" pos="np0000p" postype="proper" sense="16:cs1" wd="Benz"/>
                </grup.nom>
              </sn>
            </sp>
          </sp>
          <S clausetype="relative">
            <f lem="," pos="fc" punct="comma" wd=","/>
            <relatiu arg="arg0" func="suj" tem="agt">
              <p gen="c" lem="que" num="c" pos="pr0cn000" postype="relative" wd="que"/>
            </relatiu>
            <sadv arg="argM" func="cc" tem="tmp">
              <grup.adv>
                <r lem="nunca" pos="rg" wd="nunca"/>
              </grup.adv>
            </sadv>
            <sn arg="arg1" func="cd" tem="pat">
              <grup.nom>
                <p gen="c" lem="él" num="c" person="3" pos="pp3cn000" postype="personal" wd="se"/>
              </grup.nom>
            </sn>
            <grup.verb>
              <v lem="conocer" lss="A21.transitive-agentive-patient" mood="indicative" num="p" person="3" pos="vmis3p0" postype="main" tense="past" wd="conocieron"/>
            </grup.verb>
            <sadv arg="argM" func="cc" tem="mnr">
              <grup.adv>
                <r lem="personalmente" pos="rg" wd="personalmente"/>
              </grup.adv>
            </sadv>
            <f lem="," pos="fc" punct="comma" wd=","/>
          </S>
        </sp>
      </grup.nom>
    </sn>
    <morfema.pronominal>
      <p gen="c" lem="se" num="c" person="3" pos="p0300000" wd="se"/>
    </morfema.pronominal>
    <grup.verb>
      <v lem="reunir" lss="A21.transitive-agentive-patient" mood="indicative" num="p" person="3" pos="vmip3p0" postype="main" tense="present" wd="reúnen"/>
    </grup.verb>
    <sp arg="argM" func="cc" tem="mnr">
      <prep>
        <s lem="en" pos="sps00" postype="preposition" wd="en"/>
      </prep>
      <sn>
        <grup.nom gen="f" num="s">
          <p gen="f" lem="uno" num="s" pos="pi0fs000" postype="indefinite" wd="una"/>
          <s.a gen="f" num="s">
            <grup.a gen="f" num="s">
              <a gen="f" lem="solo" num="s" pos="aq0fs0" postype="qualificative" wd="sola"/>
            </grup.a>
          </s.a>
          <sn entityref="ne" ne="organization">
            <f lem="," pos="fc" punct="comma" wd=","/>
            <spec gen="f" num="s">
              <d gen="f" lem="el" num="s" pos="da0fs0" postype="article" wd="la"/>
            </spec>
            <grup.nom gen="f" num="s">
              <n lem="DaimlerBenz_A._G." ne="organization" pos="np0000o" postype="proper" sense="16:cs1" wd="DaimlerBenz_A._G."/>
            </grup.nom>
          </sn>
        </grup.nom>
      </sn>
    </sp>
    <f lem="." pos="fp" punct="period" wd="."/>
  </sentence>
  <sentence>
    <sp arg="argM" func="cc" tem="adv">
      <prep>
        <c lem="como" pos="cs" postype="subordinating" wd="Como"/>
      </prep>
      <sn>
        <spec gen="m" num="p">
          <d gen="m" lem="tanto" num="p" pos="di0mp0" postype="indefinite" wd="tantos"/>
        </spec>
        <grup.nom gen="m" num="p">
          <n gen="m" lem="instrumento" num="p" pos="ncmp000" postype="common" sense="16:02859502" wd="instrumentos"/>
          <sp>
            <prep>
              <s contracted="yes" gen="m" lem="del" num="s" pos="spcms" postype="preposition" wd="del"/>
            </prep>
            <sn>
              <grup.nom gen="m" num="s">
                <n gen="m" lem="progreso" num="s" pos="ncms000" postype="common" sense="16:00159609" wd="progreso"/>
              </grup.nom>
            </sn>
          </sp>
        </grup.nom>
      </sn>
      <f lem="," pos="fc" punct="comma" wd=","/>
    </sp>
    <sn arg="arg1" func="suj" tem="tem">
      <spec gen="m" num="s">
        <d gen="m" lem="el" num="s" pos="da0ms0" postype="article" wd="el"/>
      </spec>
      <grup.nom gen="m" num="s">
        <n gen="m" lem="automóvil" num="s" pos="ncms000" postype="common" sense="16:02383458" wd="automóvil"/>
      </grup.nom>
    </sn>
    <neg func="mod">
      <r lem="no" pos="rn" postype="negative" wd="no"/>
    </neg>
    <grup.verb>
      <v lem="ser" lss="C21.state-attributive" mood="indicative" num="s" person="3" pos="vsis3s0" postype="semiauxiliary" tense="past" wd="fue"/>
    </grup.verb>
    <sadv arg="argM" func="cc" tem="tmp">
      <grup.adv>
        <r lem="siempre" pos="rg" wd="siempre"/>
      </grup.adv>
    </sadv>
    <sn arg="arg2" func="atr" tem="atr">
      <spec gen="m" num="s">
        <d gen="m" lem="el" num="s" pos="da0ms0" postype="article" wd="el"/>
      </spec>
      <grup.nom gen="m" num="s">
        <n gen="m" lem="vehículo" num="s" pos="ncms000" postype="common" sense="16:03569523" wd="vehículo"/>
        <s.a gen="m" num="s">
          <grup.a gen="m" num="s">
            <a gen="m" lem="indisputado" num="s" pos="aq0ms0" postype="qualificative" wd="indisputado"/>
          </grup.a>
        </s.a>
        <S clausetype="relative">
          <relatiu arg="arg0" func="suj" tem="agt">
            <p gen="c" lem="que" num="c" pos="pr0cn000" postype="relative" wd="que"/>
          </relatiu>
          <sadv arg="argM" func="cc" tem="tmp">
            <grup.adv>
              <r lem="ahora" pos="rg" wd="ahora"/>
            </grup.adv>
          </sadv>
          <sn arg="arg1" func="cd" tem="pat">
            <grup.nom num="p">
              <p gen="c" lem="yo" num="p" person="1" pos="pp1cp000" postype="personal" wd="nos"/>
            </grup.nom>
          </sn>
          <grup.verb>
            <v lem="dominar" lss="A21.transitive-agentive-patient" mood="indicative" num="s" person="3" pos="vmip3s0" postype="main" tense="present" wd="domina"/>
          </grup.verb>
        </S>
      </grup.nom>
    </sn>
    <f lem="." pos="fp" punct="period" wd="."/>
  </sentence>
  <sentence>
    <grup.verb>
      <v lem="haber" lss="C11.state-existential" mood="indicative" num="s" person="3" pos="vais3s0" postype="auxiliary" tense="past" wd="Hubo"/>
    </grup.verb>
    <sn arg="arg1" func="cd" functype="quantitative" tem="tem">
      <grup.nom gen="f" num="p">
        <s.a func="cn" gen="f" num="p">
          <grup.a gen="f" num="p">
            <a gen="c" lem="fuerte" num="p" pos="aq0cp0" postype="qualificative" wd="fuertes"/>
          </grup.a>
        </s.a>
        <n gen="f" lem="resistencia" lexicalid="noun.resistencia.3.default" num="p" origin="deverbal" pos="ncfp000" postype="common" sense="16:00132311" wd="resistencias"/>
        <sp arg="arg1" func="cn" tem="tem">
          <prep>
            <s lem="a" pos="sps00" postype="preposition" wd="a"/>
          </prep>
          <sn>
            <spec arg="arg1" gen="f" num="s" tem="pat">
              <d gen="c" lem="su" num="s" person="3" pos="dp3cs0" postype="possessive" wd="su"/>
            </spec>
            <grup.nom gen="f" num="s">
              <n gen="f" lem="introducción" lexicalid="noun.introducción.1.default" num="s" origin="deverbal" pos="ncfs000" postype="common" sense="16:00155548" wd="introducción"/>
            </grup.nom>
          </sn>
        </sp>
        <sn func="cn">
          <f lem="," pos="fc" punct="comma" wd=","/>
          <grup.nom gen="f" num="p">
            <p gen="f" lem="alguno" num="p" pos="pi0fp000" postype="indefinite" wd="algunas"/>
            <s.a gen="f" num="p">
              <s.a gen="f" num="p">
                <spec>
                  <r lem="tanto" pos="rg" wd="tan"/>
                </spec>
                <grup.a gen="f" num="p">
                  <a gen="f" lem="pintoresco" num="p" pos="aq0fp0" postype="qualificative" wd="pintorescas"/>
                </grup.a>
              </s.a>
              <S adjunct="yes" clausesubtype="comparative" clausetype="adverbial" verbless="yes">
                <conj conjunctiontype="subordinating">
                  <c lem="como" pos="cs" postype="subordinating" wd="como"/>
                </conj>
                <sn entityref="ne" ne="other">
                  <spec gen="f" num="s">
                    <d gen="f" lem="el" num="s" pos="da0fs0" postype="article" wd="la"/>
                  </spec>
                  <grup.nom gen="f" num="s">
                    <n gen="f" lem="ley" num="s" pos="ncfs000" postype="common" sense="16:04904589" wd="ley"/>
                    <s.a gen="f" num="s">
                      <grup.a gen="f" num="s">
                        <a gen="f" lem="británico" num="s" pos="aq0fs0" postype="qualificative" wd="británica"/>
                      </grup.a>
                    </s.a>
                    <S clausetype="relative">
                      <relatiu arg="arg0" func="suj" tem="agt">
                        <p gen="c" lem="que" num="c" pos="pr0cn000" postype="relative" wd="que"/>
                      </relatiu>
                      <grup.verb>
                        <v lem="exigir" lss="A32.ditransitive-patient-benefactive" mood="indicative" num="s" person="3" pos="vmii3s0" postype="main" tense="imperfect" wd="exigía"/>
                      </grup.verb>
                      <S arg="arg1" clausetype="completive" func="cd" tem="pat">
                        <conj conjunctiontype="subordinating">
                          <c lem="que" pos="cs" postype="subordinating" wd="que"/>
                        </conj>
                        <sadv arg="argM" func="cc" tem="loc">
                          <grup.adv>
                            <r lem="delante" pos="rg" wd="delante"/>
                            <sp>
                              <prep>
                                <s lem="de" pos="sps00" postype="preposition" wd="de"/>
                              </prep>
                              <sn>
                                <spec gen="m" num="s">
                                  <d gen="c" lem="cada" num="s" pos="di0cs0" postype="indefinite" wd="cada"/>
                                </spec>
                                <grup.nom gen="m" num="s">
                                  <n gen="m" lem="auto" num="s" pos="ncms000" postype="common" sense="16:02383458" wd="auto"/>
                                </grup.nom>
                              </sn>
                            </sp>
                          </grup.adv>
                        </sadv>
                        <grup.verb>
                          <v lem="deber" mood="indicative" num="s" person="3" pos="vmii3s0" postype="main" tense="imperfect" wd="debía"/>
                          <infinitiu>
                            <v lem="marchar" lss="D11.inergative-agentive" mood="infinitive" pos="vmn0000" postype="main" wd="marchar"/>
                          </infinitiu>
                        </grup.verb>
                        <sn arg="arg0" func="suj" tem="agt">
                          <spec gen="m" num="s">
                            <d gen="m" lem="uno" num="s" pos="di0ms0" postype="indefinite" wd="un"/>
                          </spec>
                          <grup.nom gen="m" num="s">
                            <n gen="m" lem="hombre" num="s" pos="ncms000" postype="common" sense="16:07391044" wd="hombre"/>
                          </grup.nom>
                        </sn>
                        <sp arg="argM" func="cc" tem="adv">
                          <prep>
                            <s lem="con" pos="sps00" postype="preposition" wd="con"/>
                          </prep>
                          <sn coord="yes">
                            <sn>
                              <spec gen="f" num="s">
                                <d gen="f" lem="uno" num="s" pos="di0fs0" postype="indefinite" wd="una"/>
                              </spec>
                              <grup.nom gen="f" num="s">
                                <n gen="f" lem="bandera" num="s" pos="ncfs000" postype="common" sense="16:02692272" wd="bandera"/>
                                <s.a gen="f" num="s">
                                  <grup.a gen="f" num="s">
                                    <a gen="f" lem="rojo" num="s" pos="aq0fs0" postype="qualificative" wd="roja"/>
                                  </grup.a>
                                </s.a>
                                <S clausesubtype="conditional" clausetype="adverbial">
                                  <f lem="," pos="fc" punct="comma" wd=","/>
                                  <conj conjunctiontype="subordinating">
                                    <c lem="si" pos="cs" postype="subordinating" wd="si"/>
                                  </conj>
                                  <sn arg="arg1" elliptic="yes" func="suj" tem="tem"/>
                                  <grup.verb>
                                    <v lem="ser" lss="C21.state-attributive" mood="indicative" num="s" person="3" pos="vsii3s0" postype="semiauxiliary" tense="imperfect" wd="era"/>
                                  </grup.verb>
                                  <sp arg="arg2" func="atr" tem="atr">
                                    <prep>
                                      <s lem="de" pos="sps00" postype="preposition" wd="de"/>
                                    </prep>
                                    <sn>
                                      <grup.nom gen="m" num="s">
                                        <n gen="m" lem="día" num="s" pos="ncms000" postype="common" sense="16:10883946" wd="día"/>
                                      </grup.nom>
                                    </sn>
                                  </sp>
                                  <f lem="," pos="fc" punct="comma" wd=","/>
                                </S>
                              </grup.nom>
                            </sn>
                            <conj conjunctiontype="coordinating">
                              <c lem="o" pos="cc" postype="coordinating" wd="o"/>
                            </conj>
                            <sn>
                              <spec gen="f" num="s">
                                <d gen="f" lem="uno" num="s" pos="di0fs0" postype="indefinite" wd="una"/>
                              </spec>
                              <grup.nom gen="f" num="s">
                                <n gen="f" lem="luz" num="s" pos="ncfs000" postype="common" sense="16:03372456" wd="luz"/>
                                <sp>
                                  <prep>
                                    <s contracted="yes" gen="m" lem="del" num="s" pos="spcms" postype="preposition" wd="del"/>
                                  </prep>
                                  <sn>
                                    <spec gen="m" num="s">
                                      <d gen="m" lem="mismo" num="s" pos="di0ms0" postype="indefinite" wd="mismo"/>
                                    </spec>
                                    <grup.nom gen="m" num="s">
                                      <n gen="m" lem="color" num="s" pos="ncms000" postype="common" sense="16:03875475" wd="color"/>
                                    </grup.nom>
                                  </sn>
                                </sp>
                                <S clausesubtype="conditional" clausetype="adverbial">
                                  <f lem="," pos="fc" punct="comma" wd=","/>
                                  <conj conjunctiontype="subordinating">
                                    <c lem="si" pos="cs" postype="subordinating" wd="si"/>
                                  </conj>
                                  <sn arg="arg1" elliptic="yes" func="suj" tem="tem"/>
                                  <grup.verb>
                                    <v lem="ser" lss="C21.state-attributive" mood="indicative" num="s" person="3" pos="vsii3s0" postype="semiauxiliary" tense="imperfect" wd="era"/>
                                  </grup.verb>
                                  <sp arg="arg2" func="atr" tem="atr">
                                    <prep>
                                      <s lem="de" pos="sps00" postype="preposition" wd="de"/>
                                    </prep>
                                    <sn>
                                      <grup.nom gen="f" num="s">
                                        <n gen="f" lem="noche" num="s" pos="ncfs000" postype="common" sense="16:10885886" wd="noche"/>
                                      </grup.nom>
                                    </sn>
                                  </sp>
                                </S>
                              </grup.nom>
                            </sn>
                          </sn>
                        </sp>
                      </S>
                    </S>
                  </grup.nom>
                </sn>
              </S>
            </s.a>
          </grup.nom>
        </sn>
      </grup.nom>
    </sn>
    <f lem="." pos="fp" punct="period" wd="."/>
  </sentence>
  <sentence coord="yes">
    <sp adjunct="yes" arg="argM" func="cc" tem="loc">
      <prep>
        <s lem="en" pos="sps00" postype="preposition" wd="En"/>
      </prep>
      <sn entityref="ne" ne="location">
        <spec gen="m" num="p">
          <d gen="m" lem="el" num="p" pos="da0mp0" postype="article" wd="los"/>
        </spec>
        <grup.nom gen="m" num="p">
          <n lem="Estados_Unidos" ne="location" pos="np0000l" postype="proper" wd="Estados_Unidos"/>
        </grup.nom>
      </sn>
    </sp>
    <S coord="yes">
      <S>
        <neg func="mod">
          <r lem="no" pos="rn" postype="negative" wd="no"/>
        </neg>
        <grup.verb>
          <v lem="haber" lss="C11.state-existential" mood="indicative" num="s" person="3" pos="vaii3s0" postype="auxiliary" tense="imperfect" wd="había"/>
        </grup.verb>
        <sn arg="arg1" func="cd" functype="quantitative" tem="tem">
          <grup.nom gen="f" num="p">
            <n gen="f" lem="prohibición" lexicalid="noun.prohibición.1.default" num="p" origin="deverbal" pos="ncfp000" postype="common" sense="16:04911144" wd="prohibiciones"/>
          </grup.nom>
        </sn>
      </S>
      <conj conjunctiontype="coordinating">
        <c lem="pero" pos="cc" postype="coordinating" wd="pero"/>
      </conj>
      <S verbless="yes">
        <sadv>
          <grup.adv>
            <r lem="sí" pos="rg" wd="sí"/>
          </grup.adv>
        </sadv>
        <sn>
          <grup.nom gen="f" num="s">
            <s.a gen="f" num="s">
              <grup.a gen="f" num="s">
                <a gen="c" lem="gran" num="s" pos="aq0cs0" postype="qualificative" wd="gran"/>
              </grup.a>
            </s.a>
            <n gen="f" lem="alarma" num="s" pos="ncfs000" postype="common" sense="16:05590744" wd="alarma"/>
            <sp>
              <prep>
                <s contracted="yes" gen="m" lem="del" num="s" pos="spcms" postype="preposition" wd="del"/>
              </prep>
              <sn>
                <grup.nom gen="m" num="s">
                  <n gen="m" lem="público" num="s" pos="ncms000" postype="common" sense="16:06103316" wd="público"/>
                </grup.nom>
              </sn>
            </sp>
            <sp>
              <prep>
                <s lem="por" pos="sps00" postype="preposition" wd="por"/>
              </prep>
              <sn>
                <spec gen="f" num="p">
                  <d gen="f" lem="el" num="p" pos="da0fp0" postype="article" wd="las"/>
                </spec>
                <grup.nom gen="f" num="p">
                  <n gen="f" lem="espantada" lexicalid="noun.espantada.1.default" num="p" origin="deverbal" pos="ncfp000" postype="common" sense="16:cs1" wd="espantadas"/>
                  <S clausetype="relative" func="cn">
                    <relatiu arg="arg1" func="cd" tem="pat">
                      <p gen="c" lem="que" num="c" pos="pr0cn000" postype="relative" wd="que"/>
                    </relatiu>
                    <sn arg="arg0" elliptic="yes" func="suj" tem="agt"/>
                    <grup.verb>
                      <v lem="producir" lss="A21.transitive-agentive-patient" mood="indicative" num="p" person="3" pos="vmii3p0" postype="main" tense="imperfect" wd="producían"/>
                    </grup.verb>
                    <sp arg="argM" func="cc" tem="loc">
                      <prep>
                        <s lem="en" pos="sps00" postype="preposition" wd="en"/>
                      </prep>
                      <sn>
                        <spec gen="m" num="p">
                          <d gen="m" lem="el" num="p" pos="da0mp0" postype="article" wd="los"/>
                        </spec>
                        <grup.nom gen="m" num="p">
                          <n gen="m" lem="caballo" num="p" pos="ncmp000" postype="common" sense="16:01875414" wd="caballos"/>
                        </grup.nom>
                      </sn>
                    </sp>
                  </S>
                </grup.nom>
              </sn>
            </sp>
          </grup.nom>
        </sn>
      </S>
    </S>
    <f lem="." pos="fp" punct="period" wd="."/>
  </sentence>
  <sentence>
    <sp arg="argM" func="cc" tem="tmp">
      <prep>
        <s lem="en" pos="sps00" postype="preposition" wd="En"/>
      </prep>
      <sn entityref="ne" ne="date">
        <grup.nom>
          <w lem="[??:??/??/1904:??.??]" ne="date" wd="1904"/>
        </grup.nom>
      </sn>
    </sp>
    <sn arg="arg0" entityref="ne" func="suj" ne="person" tem="agt">
      <spec gen="m" num="s">
        <d gen="m" lem="uno" num="s" pos="di0ms0" postype="indefinite" wd="un"/>
        <d gen="c" lem="tal" num="s" pos="dd0cs0" postype="demonstrative" wd="tal"/>
      </spec>
      <grup.nom gen="m" num="s">
        <n lem="Henry_Hayes" ne="person" pos="np0000p" postype="proper" sense="16:cs1" wd="Henry_Hayes"/>
        <sp>
          <prep>
            <s lem="de" pos="sps00" postype="preposition" wd="de"/>
          </prep>
          <sn entityref="ne" ne="location">
            <grup.nom>
              <n lem="Denver" ne="location" pos="np0000l" postype="proper" sense="16:06604683" wd="Denver"/>
              <sn entityref="ne" ne="location">
                <f lem="," pos="fc" punct="comma" wd=","/>
                <grup.nom>
                  <n lem="Colorado" ne="location" pos="np0000l" postype="proper" wd="Colorado"/>
                </grup.nom>
                <f lem="," pos="fc" punct="comma" wd=","/>
              </sn>
            </grup.nom>
          </sn>
        </sp>
      </grup.nom>
    </sn>
    <grup.verb>
      <v lem="patentar" lss="A21.transitive-agentive-patient" mood="indicative" num="s" person="3" pos="vmis3s0" postype="main" tense="past" wd="patentó"/>
    </grup.verb>
    <sn arg="arg1" func="cd" tem="pat">
      <spec gen="f" num="s">
        <d gen="f" lem="uno" num="s" pos="di0fs0" postype="indefinite" wd="una"/>
      </spec>
      <grup.nom gen="f" num="s">
        <s.a func="cn" gen="f" num="s">
          <grup.a gen="f" num="s">
            <a gen="f" lem="curioso" num="s" pos="aq0fs0" postype="qualificative" wd="curiosa"/>
          </grup.a>
        </s.a>
        <n gen="f" lem="solución" lexicalid="noun.solución.1.default" num="s" origin="deverbal" pos="ncfs000" postype="common" sense="16:04377480" wd="solución"/>
        <sn func="cn">
          <f lem=":" pos="fd" punct="colon" wd=":"/>
          <spec gen="m" num="s">
            <d gen="m" lem="uno" num="s" pos="di0ms0" postype="indefinite" wd="un"/>
          </spec>
          <grup.nom gen="m" num="s">
            <n gen="m" lem="caballo" num="s" pos="ncms000" postype="common" sense="16:01875414" wd="caballo"/>
            <s.a gen="m" num="s">
              <grup.a gen="m" num="s">
                <a gen="m" lem="mecánico" num="s" pos="aq0ms0" postype="qualificative" wd="mecánico"/>
              </grup.a>
            </s.a>
            <S clausetype="relative" coord="yes">
              <relatiu arg="arg1" func="suj" tem="tem">
                <p gen="c" lem="que" num="c" pos="pr0cn000" postype="relative" wd="que"/>
              </relatiu>
              <S clausetype="relative">
                <grup.verb>
                  <v lem="llevar" lss="C21.state-attributive" mood="indicative" num="s" person="3" pos="vmii3s0" postype="main" tense="imperfect" wd="llevaba"/>
                </grup.verb>
                <S arg="argM" clausetype="participle" func="cpred" impersonal="yes" predicate="cd" tem="atr">
                  <participi>
                    <a gen="f" lem="adosado" num="p" pos="aq0fpp" posfunction="participle" postype="qualificative" wd="adosadas"/>
                  </participi>
                </S>
                <sn arg="arg2" func="cd" functype="quantitative" tem="atr">
                  <spec gen="f" num="p">
                    <d gen="c" lem="dos" num="p" pos="dn0cp0" postype="numeral" wd="dos"/>
                  </spec>
                  <grup.nom gen="f" num="p">
                    <n gen="f" lem="ruedecilla" num="p" pos="ncfp000" postype="common" sense="16:02401807" wd="ruedecillas"/>
                  </grup.nom>
                </sn>
                <sp arg="argM" func="cc" tem="loc">
                  <prep>
                    <s lem="en" pos="sps00" postype="preposition" wd="en"/>
                  </prep>
                  <sn>
                    <spec gen="f" num="p">
                      <d gen="f" lem="el" num="p" pos="da0fp0" postype="article" wd="las"/>
                    </spec>
                    <grup.nom gen="f" num="p">
                      <n gen="f" lem="pata" num="p" pos="ncfp000" postype="common" sense="16:01661550" wd="patas"/>
                      <s.a gen="f" num="p">
                        <grup.a gen="f" num="p">
                          <a gen="f" lem="delantero" num="p" pos="aq0fp0" postype="qualificative" wd="delanteras"/>
                        </grup.a>
                      </s.a>
                    </grup.nom>
                  </sn>
                </sp>
              </S>
              <conj conjunctiontype="coordinating">
                <c lem="y" pos="cc" postype="coordinating" wd="y"/>
              </conj>
              <S clausetype="relative" verbless="yes">
                <sn>
                  <spec gen="f" num="p">
                    <d gen="f" lem="el" num="p" pos="da0fp0" postype="article" wd="las"/>
                  </spec>
                  <grup.nom gen="f" num="p">
                    <s.a gen="f" num="p">
                      <grup.a gen="f" num="p">
                        <a gen="f" lem="trasero" num="p" pos="aq0fp0" postype="qualificative" wd="traseras"/>
                      </grup.a>
                    </s.a>
                  </grup.nom>
                </sn>
                <S clausetype="participle" impersonal="yes">
                  <participi>
                    <a gen="f" lem="sujeto" lss="B22.unaccusative-passive-transitive" num="p" pos="aq0fpp" posfunction="participle" postype="qualificative" wd="sujetas"/>
                  </participi>
                  <sp arg="argM" func="cc" tem="loc">
                    <prep>
                      <s contracted="yes" gen="m" lem="al" num="s" pos="spcms" postype="preposition" wd="al"/>
                    </prep>
                    <sn>
                      <grup.nom gen="m" num="s">
                        <n gen="m" lem="eje" num="s" pos="ncms000" postype="common" sense="16:02229429" wd="eje"/>
                        <s.a gen="m" num="s">
                          <grup.a gen="m" num="s">
                            <a gen="m" lem="delantero" num="s" pos="aq0ms0" postype="qualificative" wd="delantero"/>
                          </grup.a>
                        </s.a>
                        <sp>
                          <prep>
                            <s contracted="yes" gen="m" lem="del" num="s" pos="spcms" postype="preposition" wd="del"/>
                          </prep>
                          <sn>
                            <grup.nom gen="m" num="s">
                              <n gen="m" lem="auto" num="s" pos="ncms000" postype="common" sense="16:02383458" wd="auto"/>
                            </grup.nom>
                          </sn>
                        </sp>
                      </grup.nom>
                    </sn>
                  </sp>
                </S>
              </S>
            </S>
          </grup.nom>
        </sn>
      </grup.nom>
    </sn>
    <f lem="." pos="fp" punct="period" wd="."/>
  </sentence>
  <sentence coord="yes">
    <S>
      <sn arg="arg1" elliptic="yes" func="suj" tem="tem"/>
      <grup.verb>
        <v lem="llevar" lss="C21.state-attributive" mood="indicative" num="s" person="3" pos="vmii3s0" postype="main" tense="imperfect" wd="Llevaba"/>
      </grup.verb>
      <sadv func="mod">
        <grup.adv>
          <r lem="también" pos="rg" wd="también"/>
        </grup.adv>
      </sadv>
      <sn arg="arg2" func="cd" functype="quantitative" tem="atr">
        <spec gen="f" num="p">
          <d gen="f" lem="uno" num="p" pos="di0fp0" postype="indefinite" wd="unas"/>
        </spec>
        <grup.nom gen="f" num="p">
          <n gen="f" lem="lucecilla" num="p" pos="ncfp000" postype="common" sense="16:cs1" wd="lucecillas"/>
        </grup.nom>
      </sn>
      <sp arg="argM" func="cc" tem="loc">
        <prep>
          <s lem="en" pos="sps00" postype="preposition" wd="en"/>
        </prep>
        <sn>
          <spec gen="m" num="p">
            <d gen="m" lem="el" num="p" pos="da0mp0" postype="article" wd="los"/>
          </spec>
          <grup.nom gen="m" num="p">
            <n gen="m" lem="ojo" num="p" pos="ncmp000" postype="common" sense="16:04122028" wd="ojos"/>
          </grup.nom>
        </sn>
      </sp>
    </S>
    <f lem="," pos="fc" punct="comma" wd=","/>
    <S verbless="yes">
      <sn coord="yes">
        <sn>
          <spec gen="f" num="s">
            <d gen="f" lem="uno" num="s" pos="di0fs0" postype="indefinite" wd="una"/>
          </spec>
          <grup.nom gen="f" num="s">
            <n gen="f" lem="bocina" num="s" pos="ncfs000" postype="common" sense="16:02892248" wd="bocina"/>
          </grup.nom>
        </sn>
        <conj conjunctiontype="coordinating">
          <c lem="y" pos="cc" postype="coordinating" wd="y"/>
        </conj>
        <sn>
          <spec gen="f" num="s">
            <d gen="f" lem="uno" num="s" pos="di0fs0" postype="indefinite" wd="una"/>
          </spec>
          <grup.nom gen="f" num="s">
            <n gen="f" lem="guantera" num="s" pos="ncfs000" postype="common" sense="16:02757950" wd="guantera"/>
          </grup.nom>
        </sn>
      </sn>
      <sp>
        <prep>
          <s lem="en" pos="sps00" postype="preposition" wd="en"/>
        </prep>
        <sn>
          <spec gen="m" num="p">
            <d gen="m" lem="el" num="p" pos="da0mp0" postype="article" wd="los"/>
          </spec>
          <grup.nom gen="m" num="p">
            <n gen="m" lem="cuarto" num="p" pos="ncmp000" postype="common" sense="16:09891778" wd="cuartos"/>
            <s.a gen="m" num="p">
              <grup.a gen="m" num="p">
                <a gen="m" lem="trasero" num="p" pos="aq0mp0" postype="qualificative" wd="traseros"/>
              </grup.a>
            </s.a>
          </grup.nom>
        </sn>
      </sp>
    </S>
    <f lem="." pos="fp" punct="period" wd="."/>
  </sentence>
  <sentence>
    <sp arg="argM" func="cc" tem="adv">
      <prep>
        <s lem="con" pos="sps00" postype="preposition" wd="Con"/>
      </prep>
      <sn>
        <spec gen="m" num="s">
          <d gen="c" lem="semejante" num="s" pos="dd0cs0" postype="demonstrative" wd="semejante"/>
        </spec>
        <grup.nom gen="m" num="s">
          <n gen="m" lem="aditamento" num="s" pos="ncms000" postype="common" sense="16:04820333" wd="aditamento"/>
          <s.a gen="m" num="s">
            <grup.a gen="m" num="s">
              <a gen="m" lem="hípico" num="s" pos="aq0ms0" postype="qualificative" wd="hípico"/>
            </grup.a>
          </s.a>
        </grup.nom>
      </sn>
      <f lem="," pos="fc" punct="comma" wd=","/>
    </sp>
    <sn arg="arg0" func="suj" tem="agt">
      <spec gen="m" num="s">
        <d gen="m" lem="el" num="s" pos="da0ms0" postype="article" wd="el"/>
      </spec>
      <grup.nom gen="m" num="s">
        <s.a gen="m" num="s">
          <grup.a gen="m" num="s">
            <a gen="m" lem="buen" num="s" pos="aq0ms0" postype="qualificative" wd="buen"/>
          </grup.a>
        </s.a>
        <n gen="m" lem="inventor" num="s" pos="ncms000" postype="common" sense="16:07344208" wd="inventor"/>
      </grup.nom>
    </sn>
    <grup.verb>
      <v lem="confiar" lss="A22.transitive-agentive-theme" mood="indicative" num="s" person="3" pos="vmii3s0" postype="main" tense="imperfect" wd="confiaba"/>
    </grup.verb>
    <sp arg="arg1" func="creg" tem="tem">
      <prep>
        <s lem="en" pos="sps00" postype="preposition" wd="en"/>
      </prep>
      <S clausetype="completive" impersonal="yes">
        <infinitiu>
          <v lem="tranquilizar" lss="A11.transitive-causative" mood="infinitive" pos="vmn0000" postype="main" wd="tranquilizar"/>
        </infinitiu>
        <sp arg="arg1" func="cd" tem="tem">
          <prep>
            <s lem="a" pos="sps00" postype="preposition" wd="a"/>
          </prep>
          <sn>
            <spec gen="m" num="p">
              <d gen="m" lem="el" num="p" pos="da0mp0" postype="article" wd="los"/>
            </spec>
            <grup.nom gen="m" num="p">
              <n gen="m" lem="animal" num="p" pos="ncmp000" postype="common" sense="16:00008019" wd="animales"/>
            </grup.nom>
          </sn>
        </sp>
      </S>
    </sp>
    <f lem="." pos="fp" punct="period" wd="."/>
  </sentence>
  <sentence>
    <sn arg="arg2" func="cd" tem="atr">
      <spec gen="m" num="s">
        <d gen="m" lem="el" num="s" pos="da0ms0" postype="article" wd="El"/>
      </spec>
      <grup.nom gen="m" num="s">
        <n gen="m" lem="éxito" num="s" pos="ncms000" postype="common" sense="16:10383516" wd="éxito"/>
      </grup.nom>
    </sn>
    <sn arg="arg2" func="cd" functype="quantitative" tem="atr">
      <grup.nom gen="m" num="s">
        <p case="accusative" gen="m" lem="él" num="s" person="3" pos="pp3msa00" postype="personal" wd="lo"/>
      </grup.nom>
    </sn>
    <grup.verb>
      <v lem="obtener" lss="C21.state-attributive" mood="indicative" num="s" person="3" pos="vmis3s0" postype="main" tense="past" wd="obtuvo"/>
    </grup.verb>
    <sn arg="arg1" func="suj" tem="tem">
      <spec gen="m" num="s">
        <d gen="m" lem="uno" num="s" pos="di0ms0" postype="indefinite" wd="un"/>
      </spec>
      <grup.nom gen="m" num="s">
        <n gen="m" lem="norteamericano" num="s" pos="ncms000" postype="common" sense="16:07043346" wd="norteamericano"/>
        <sp>
          <prep>
            <s lem="de" pos="sps00" postype="preposition" wd="de"/>
          </prep>
          <sn complex="yes">
            <grup.nom coord="yes">
              <grup.nom gen="m" num="s">
                <s.a gen="m" num="s">
                  <grup.a gen="m" num="s">
                    <a gen="c" lem="notable" num="s" pos="aq0cs0" postype="qualificative" wd="notable"/>
                  </grup.a>
                </s.a>
                <n gen="m" lem="carácter" num="s" pos="ncms000" postype="common" sense="16:10359261" wd="carácter"/>
              </grup.nom>
              <conj conjunctiontype="coordinating">
                <c lem="y" pos="cc" postype="coordinating" wd="y"/>
              </conj>
              <grup.nom gen="m" num="s">
                <n gen="m" lem="genio" num="s" pos="ncms000" postype="common" sense="16:04352386" wd="genio"/>
                <s.a gen="m" num="s">
                  <grup.a gen="m" num="s">
                    <a gen="m" lem="organizador" num="s" pos="aq0ms0" postype="qualificative" wd="organizador"/>
                  </grup.a>
                </s.a>
              </grup.nom>
            </grup.nom>
          </sn>
        </sp>
        <S clausetype="relative">
          <relatiu arg="arg0" func="suj" tem="agt">
            <p gen="c" lem="que" num="c" pos="pr0cn000" postype="relative" wd="que"/>
          </relatiu>
          <grup.verb>
            <v lem="conferir" lss="A32.ditransitive-patient-benefactive" mood="indicative" num="s" person="3" pos="vmis3s0" postype="main" tense="past" wd="confirió"/>
          </grup.verb>
          <sp arg="arg2" func="ci" tem="ben">
            <prep>
              <s contracted="yes" gen="m" lem="al" num="s" pos="spcms" postype="preposition" wd="al"/>
            </prep>
            <sn>
              <grup.nom gen="m" num="s">
                <n gen="m" lem="automóvil" num="s" pos="ncms000" postype="common" sense="16:02383458" wd="automóvil"/>
              </grup.nom>
            </sn>
          </sp>
          <sn arg="arg1" func="cd" tem="pat">
            <spec gen="m" num="s">
              <d gen="m" lem="todo" num="s" pos="di0ms0" postype="indefinite" wd="todo"/>
              <d gen="m" lem="el" num="s" pos="da0ms0" postype="article" wd="el"/>
            </spec>
            <grup.nom gen="m" num="s">
              <n gen="m" lem="sentido" num="s" pos="ncms000" postype="common" sense="16:04546018" wd="sentido"/>
              <s.a complex="yes" gen="m" num="s">
                <grup.a coord="yes" gen="m" num="s">
                  <grup.a gen="m" num="s">
                    <a gen="c" lem="popular" num="s" pos="aq0cs0" postype="qualificative" wd="popular"/>
                  </grup.a>
                  <conj conjunctiontype="coordinating">
                    <c lem="y" pos="cc" postype="coordinating" wd="y"/>
                  </conj>
                  <grup.a gen="m" num="s">
                    <a gen="m" lem="utilitario" num="s" pos="aq0ms0" postype="qualificative" wd="utilitario"/>
                  </grup.a>
                </grup.a>
              </s.a>
              <sp>
                <prep>
                  <s contracted="yes" gen="m" lem="del" num="s" pos="spcms" postype="preposition" wd="del"/>
                </prep>
                <sn entityref="ne" ne="date">
                  <grup.nom gen="m" num="s">
                    <w lem="[s:xx]" ne="date" wd="siglo_XX"/>
                  </grup.nom>
                </sn>
              </sp>
            </grup.nom>
          </sn>
        </S>
      </grup.nom>
    </sn>
    <f lem="." pos="fp" punct="period" wd="."/>
  </sentence>
  <sentence>
    <sn arg="arg0" entityref="ne" func="suj" ne="person" tem="agt">
      <grup.nom gen="m" num="s">
        <sn>
          <grup.nom gen="m" num="s">
            <n gen="m" lem="hijo" num="s" pos="ncms000" postype="common" sense="16:07592357" wd="Hijo"/>
            <sp>
              <prep>
                <s lem="de" pos="sps00" postype="preposition" wd="de"/>
              </prep>
              <sn>
                <spec gen="m" num="s">
                  <d gen="m" lem="uno" num="s" pos="di0ms0" postype="indefinite" wd="un"/>
                </spec>
                <grup.nom gen="m" num="s">
                  <n gen="m" lem="campesino" num="s" pos="ncms000" postype="common" sense="16:07188669" wd="campesino"/>
                  <S clausetype="participle" impersonal="yes">
                    <participi>
                      <a gen="m" lem="acomodado" num="s" pos="aq0msp" posfunction="participle" postype="qualificative" wd="acomodado"/>
                    </participi>
                  </S>
                  <sp>
                    <prep>
                      <s lem="de" pos="sps00" postype="preposition" wd="de"/>
                    </prep>
                    <sn entityref="ne" ne="location">
                      <grup.nom>
                        <n lem="Dearborn" ne="location" pos="np0000l" postype="proper" sense="16:cs1" wd="Dearborn"/>
                        <sn entityref="ne" ne="location">
                          <f lem="," pos="fc" punct="comma" wd=","/>
                          <grup.nom>
                            <n lem="Michigan" ne="location" pos="np0000l" postype="proper" sense="16:06618700" wd="Michigan"/>
                          </grup.nom>
                          <f lem="," pos="fc" punct="comma" wd=","/>
                        </sn>
                      </grup.nom>
                    </sn>
                  </sp>
                </grup.nom>
              </sn>
            </sp>
          </grup.nom>
        </sn>
        <n lem="Henry_Ford" ne="person" pos="np0000p" postype="proper" sense="16:07716470" wd="Henry_Ford"/>
        <sn entityref="ne" ne="date">
          <f lem="(" pos="fpa" punct="bracket" punctenclose="open" wd="("/>
          <grup.nom>
            <w lem="[??:??/??/1863:??.??]" ne="date" wd="1863"/>
            <f lem="-" pos="fg" punct="hyphen" wd="-"/>
            <w lem="[??:??/??/1947:??.??]" ne="date" wd="1947"/>
          </grup.nom>
          <f lem=")" pos="fpt" punct="bracket" punctenclose="close" wd=")"/>
        </sn>
      </grup.nom>
    </sn>
    <morfema.pronominal>
      <p gen="c" lem="él" num="c" person="3" pos="p0300000" wd="se"/>
    </morfema.pronominal>
    <grup.verb>
      <v lem="dedicar" lss="A22.transitive-agentive-theme" mood="indicative" num="s" person="3" pos="vmis3s0" postype="main" tense="past" wd="dedicó"/>
    </grup.verb>
    <sp arg="argM" func="cc" tem="tmp">
      <prep>
        <s lem="desde" pos="sps00" postype="preposition" wd="desde"/>
      </prep>
      <sn>
        <spec gen="m" num="p">
          <d gen="m" lem="el" num="p" pos="da0mp0" postype="article" wd="los"/>
          <d gen="c" lem="dieciséis" num="p" pos="dn0cp0" postype="numeral" wd="dieciséis"/>
        </spec>
        <grup.nom gen="m" num="p">
          <n gen="m" lem="año" num="p" pos="ncmp000" postype="common" sense="16:10917509" wd="años"/>
        </grup.nom>
      </sn>
    </sp>
    <sp arg="arg1" func="creg" tem="tem">
      <prep>
        <s lem="a" pos="sps00" postype="preposition" wd="a"/>
      </prep>
      <sn complex="yes">
        <grup.nom coord="yes">
          <grup.nom gen="f" num="p">
            <n gen="f" lem="máquina" num="p" pos="ncfp000" postype="common" sense="16:02949521" wd="máquinas"/>
          </grup.nom>
          <conj conjunctiontype="coordinating">
            <c lem="y" pos="cc" postype="coordinating" wd="y"/>
          </conj>
          <grup.nom gen="m" num="p">
            <n gen="m" lem="motor" num="p" pos="ncmp000" postype="common" sense="16:03017435" wd="motores"/>
          </grup.nom>
        </grup.nom>
      </sn>
    </sp>
    <sp arg="argM" func="cc" tem="adv">
      <prep>
        <c lem="como" pos="cs" postype="subordinating" wd="como"/>
      </prep>
      <sn>
        <grup.nom gen="f" num="s">
          <n gen="c" lem="aprendiz" num="s" pos="nccs000" postype="common" sense="16:07367396" wd="aprendiz"/>
        </grup.nom>
      </sn>
    </sp>
    <sp arg="argM" func="cc" tem="loc">
      <prep>
        <s lem="en" pos="sps00" postype="preposition" wd="en"/>
      </prep>
      <sn>
        <spec gen="m" num="p">
          <d gen="m" lem="el" num="p" pos="da0mp0" postype="article" wd="los"/>
        </spec>
        <grup.nom gen="m" num="p">
          <n gen="m" lem="taller" num="p" pos="ncmp000" postype="common" sense="16:03229145" wd="talleres"/>
          <sp>
            <prep>
              <s lem="de" pos="sps00" postype="preposition" wd="de"/>
            </prep>
            <sn>
              <grup.nom gen="f" num="s">
                <n gen="f" lem="reparación" lexicalid="noun.reparación.1.default" num="s" origin="deverbal" pos="ncfs000" postype="common" sense="16:00171220" wd="reparación"/>
              </grup.nom>
            </sn>
          </sp>
          <sp>
            <prep>
              <s lem="de" pos="sps00" postype="preposition" wd="de"/>
            </prep>
            <sn entityref="ne" ne="location">
              <grup.nom>
                <n lem="Detroit" ne="location" pos="np0000l" postype="proper" sense="16:06619276" wd="Detroit"/>
              </grup.nom>
            </sn>
          </sp>
        </grup.nom>
      </sn>
    </sp>
    <f lem="." pos="fp" punct="period" wd="."/>
  </sentence>
  <sentence coord="yes">
    <S arg="argM" clausetype="adverbial" func="cc" tem="tmp">
      <conj conjunctiontype="subordinating">
        <c lem="cuando" pos="cs" postype="subordinating" wd="Cuando"/>
      </conj>
      <sn arg="arg1" elliptic="yes" func="suj" tem="tem"/>
      <grup.verb>
        <v lem="tener" lss="C21.state-attributive" mood="indicative" num="s" person="3" pos="vmii3s0" postype="main" tense="imperfect" wd="tenía"/>
      </grup.verb>
      <sn arg="arg2" func="cd" functype="quantitative" tem="atr">
        <spec gen="m" num="p">
          <d gen="c" lem="veintiséis" num="p" pos="dn0cp0" postype="numeral" wd="veintiséis"/>
        </spec>
        <grup.nom gen="m" num="p">
          <n gen="m" lem="año" num="p" pos="ncmp000" postype="common" sense="16:10917509" wd="años"/>
        </grup.nom>
      </sn>
    </S>
    <S coord="yes">
      <S>
        <sn arg="arg0" elliptic="yes" func="suj" tem="agt"/>
        <morfema.pronominal>
          <p gen="c" lem="él" num="c" person="3" pos="p0300000" wd="se"/>
        </morfema.pronominal>
        <grup.verb>
          <v lem="emplear" lss="A21.transitive-agentive-patient" mood="indicative" num="s" person="3" pos="vmis3s0" postype="main" tense="past" wd="empleó"/>
        </grup.verb>
        <sp arg="argM" func="cc" tem="loc">
          <prep>
            <s lem="en" pos="sps00" postype="preposition" wd="en"/>
          </prep>
          <sn>
            <spec gen="f" num="s">
              <d gen="f" lem="el" num="s" pos="da0fs0" postype="article" wd="la"/>
            </spec>
            <grup.nom gen="f" num="s">
              <n gen="f" lem="compañía" num="s" pos="ncfs000" postype="common" sense="16:06006256" wd="compañía"/>
              <sp>
                <prep>
                  <s lem="de" pos="sps00" postype="preposition" wd="de"/>
                </prep>
                <sn>
                  <grup.nom gen="f" num="s">
                    <n gen="f" lem="electricidad" num="s" pos="ncfs000" postype="common" sense="16:07793035" wd="electricidad"/>
                  </grup.nom>
                </sn>
              </sp>
            </grup.nom>
          </sn>
        </sp>
      </S>
      <conj conjunctiontype="coordinating">
        <c lem="y" pos="cc" postype="coordinating" wd="y"/>
      </conj>
      <S>
        <sn arg="arg0" elliptic="yes" func="suj" tem="agt"/>
        <grup.verb>
          <v lem="devorar" lss="A21.transitive-agentive-patient" mood="indicative" num="s" person="3" pos="vmii3s0" postype="main" tense="imperfect" wd="devoraba"/>
        </grup.verb>
        <S arg="arg1" clausetype="completive" func="cd" tem="pat">
          <relatiu arg="arg1" func="suj" tem="tem">
            <p gen="m" lem="cuanto" num="s" pos="pr0ms000" postype="relative" wd="cuanto"/>
          </relatiu>
          <grup.verb>
            <v lem="caer" lss="B22.unaccusative-passive-transitive" mood="indicative" num="s" person="3" pos="vmii3s0" postype="main" tense="imperfect" wd="caía"/>
          </grup.verb>
          <sp arg="arg2" func="cc" tem="loc">
            <prep>
              <s lem="en" pos="sps00" postype="preposition" wd="en"/>
            </prep>
            <sn>
              <spec gen="f" num="p">
                <d gen="c" lem="su" num="p" person="3" pos="dp3cp0" postype="possessive" wd="sus"/>
              </spec>
              <grup.nom gen="f" num="p">
                <n gen="f" lem="mano" num="p" pos="ncfp000" postype="common" sense="16:04311223" wd="manos"/>
              </grup.nom>
            </sn>
          </sp>
          <sp arg="argM" func="cc" tem="adv">
            <prep>
              <s lem="sobre" pos="sps00" postype="preposition" wd="sobre"/>
            </prep>
            <sn>
              <grup.nom gen="f" num="p">
                <n gen="f" lem="invención" lexicalid="noun.invención.1.default" num="p" origin="deverbal" pos="ncfp000" postype="common" sense="16:02865563" wd="invenciones"/>
                <s.a func="cn" gen="f" num="p">
                  <grup.a gen="f" num="p">
                    <a gen="f" lem="mecánico" num="p" pos="aq0fp0" postype="qualificative" wd="mecánicas"/>
                  </grup.a>
                </s.a>
              </grup.nom>
            </sn>
          </sp>
        </S>
      </S>
    </S>
    <f lem="." pos="fp" punct="period" wd="."/>
  </sentence>
  <sentence>
    <sp arg="argM" func="cc" tem="mnr">
      <prep>
        <s lem="de" pos="sps00" postype="preposition" wd="De"/>
      </prep>
      <sn>
        <spec gen="m" num="s">
          <d gen="m" lem="este" num="s" pos="dd0ms0" postype="demonstrative" wd="este"/>
        </spec>
        <grup.nom gen="m" num="s">
          <n gen="m" lem="modo" num="s" pos="ncms000" postype="common" sense="16:00111872" wd="modo"/>
        </grup.nom>
      </sn>
    </sp>
    <sn arg="arg1" elliptic="yes" func="suj" tem="tem"/>
    <morfema.pronominal>
      <p gen="c" lem="él" num="c" person="3" pos="p0300000" wd="se"/>
    </morfema.pronominal>
    <grup.verb>
      <v lem="enterar" lss="B22.unaccusative-passive-transitive" mood="indicative" num="s" person="3" pos="vmis3s0" postype="main" tense="past" wd="enteró"/>
    </grup.verb>
    <sp arg="argM" func="cc" tem="tmp">
      <prep>
        <s lem="en" pos="sps00" postype="preposition" wd="en"/>
      </prep>
      <sn entityref="ne" ne="date">
        <grup.nom>
          <w lem="[??:??/??/1892:??.??]" ne="date" wd="1892"/>
        </grup.nom>
      </sn>
    </sp>
    <sp arg="arg2" func="creg" tem="tem">
      <prep>
        <s lem="de" pos="sps00" postype="preposition" wd="de"/>
      </prep>
      <S clausetype="completive">
        <conj conjunctiontype="subordinating">
          <c lem="que" pos="cs" postype="subordinating" wd="que"/>
        </conj>
        <sn arg="arg0" entityref="ne" func="suj" ne="person" tem="agt">
          <grup.nom gen="m" num="s">
            <n lem="Charles_Duryea" ne="person" pos="np0000p" postype="proper" sense="16:cs1" wd="Charles_Duryea"/>
          </grup.nom>
        </sn>
        <grup.verb>
          <v lem="haber" mood="indicative" num="s" person="3" pos="vaii3s0" postype="auxiliary" tense="imperfect" wd="había"/>
          <v gen="m" lem="diseñar" lss="A21.transitive-agentive-patient" mood="participle" num="s" pos="vmp00sm" postype="main" wd="diseñado"/>
        </grup.verb>
        <sn arg="arg1" func="cd" tem="pat">
          <spec gen="m" num="s">
            <d gen="m" lem="el" num="s" pos="da0ms0" postype="article" wd="el"/>
          </spec>
          <grup.nom gen="m" num="s">
            <s.a gen="m" num="s">
              <grup.a gen="m" num="s">
                <a gen="m" lem="primero" num="s" pos="ao0ms0" postype="ordinal" wd="primer"/>
              </grup.a>
            </s.a>
            <n gen="m" lem="automóvil" num="s" pos="ncms000" postype="common" sense="16:02383458" wd="automóvil"/>
            <s.a gen="m" num="s">
              <grup.a gen="m" num="s">
                <a gen="m" lem="norteamericano" num="s" pos="aq0ms0" postype="qualificative" wd="norteamericano"/>
              </grup.a>
            </s.a>
          </grup.nom>
        </sn>
      </S>
    </sp>
    <f lem="." pos="fp" punct="period" wd="."/>
  </sentence>
  <sentence coord="yes">
    <S>
      <sn arg="arg0" entityref="ne" func="suj" ne="person" tem="agt">
        <grup.nom gen="m" num="s">
          <n lem="Ford" ne="person" pos="np0000p" postype="proper" sense="16:07716470" wd="Ford"/>
        </grup.nom>
      </sn>
      <grup.verb>
        <v lem="decidir" lss="A21.transitive-agentive-patient" mood="indicative" num="s" person="3" pos="vmis3s0" postype="main" tense="past" wd="decidió"/>
      </grup.verb>
      <S arg="arg1" clausetype="completive" func="cd" impersonal="yes" tem="pat">
        <infinitiu>
          <v lem="hacer" lss="A21.transitive-agentive-patient" mood="infinitive" pos="vmn0000" postype="main" wd="hacer"/>
        </infinitiu>
        <sn arg="arg1" func="cd" tem="pat">
          <spec gen="m" num="s">
            <d gen="m" lem="otro" num="s" pos="di0ms0" postype="indefinite" wd="otro"/>
          </spec>
          <grup.nom gen="m" num="s">
            <n gen="m" lem="tanto" num="s" pos="ncms000" postype="common" sense="16:00122416" wd="tanto"/>
          </grup.nom>
        </sn>
      </S>
    </S>
    <conj conjunctiontype="coordinating">
      <c lem="y" pos="cc" postype="coordinating" wd="y"/>
    </conj>
    <S>
      <sadv arg="argM" func="cc" tem="tmp">
        <f lem="," pos="fc" punct="comma" wd=","/>
        <grup.adv>
          <r lem="después" pos="rg" wd="después"/>
          <sp>
            <prep>
              <s lem="de" pos="sps00" postype="preposition" wd="de"/>
            </prep>
            <sn>
              <spec gen="f" num="p">
                <d gen="f" lem="el" num="p" pos="da0fp0" postype="article" wd="las"/>
                <d gen="c" lem="diez" num="p" pos="dn0cp0" postype="numeral" wd="diez"/>
              </spec>
              <grup.nom gen="f" num="p">
                <n gen="f" lem="hora" num="p" pos="ncfp000" postype="common" sense="16:10938063" wd="horas"/>
                <sp>
                  <prep>
                    <s lem="de" pos="sps00" postype="preposition" wd="de"/>
                  </prep>
                  <sn>
                    <grup.nom gen="f" num="s">
                      <n gen="f" lem="jornada" num="s" pos="ncfs000" postype="common" sense="16:10862458" wd="jornada"/>
                      <s.a gen="f" num="s">
                        <grup.a gen="f" num="s">
                          <a gen="f" lem="diario" num="s" pos="aq0fs0" postype="qualificative" wd="diaria"/>
                        </grup.a>
                      </s.a>
                    </grup.nom>
                  </sn>
                </sp>
              </grup.nom>
            </sn>
          </sp>
        </grup.adv>
        <f lem="," pos="fc" punct="comma" wd=","/>
      </sadv>
      <sn arg="arg0" elliptic="yes" func="suj" tem="agt"/>
      <morfema.pronominal>
        <p gen="c" lem="él" num="c" person="3" pos="p0300000" wd="se"/>
      </morfema.pronominal>
      <grup.verb>
        <v lem="refugiar" lss="D11.inergative-agentive" mood="indicative" num="s" person="3" pos="vmii3s0" postype="main" tense="imperfect" wd="refugiaba"/>
      </grup.verb>
      <sp arg="arg2" func="cc" tem="loc">
        <prep>
          <s lem="en" pos="sps00" postype="preposition" wd="en"/>
        </prep>
        <sn>
          <spec gen="f" num="s">
            <d gen="c" lem="su" num="s" person="3" pos="dp3cs0" postype="possessive" wd="su"/>
          </spec>
          <grup.nom gen="f" num="s">
            <s.a gen="f" num="s">
              <grup.a gen="f" num="s">
                <a gen="f" lem="pequeño" num="s" pos="aq0fs0" postype="qualificative" wd="pequeña"/>
              </grup.a>
            </s.a>
            <n gen="f" lem="caseta" num="s" pos="ncfs000" postype="common" sense="16:02316353" wd="caseta"/>
          </grup.nom>
        </sn>
      </sp>
      <sp arg="argM" func="cc" tem="fin">
        <prep>
          <s lem="a" pos="sps00" postype="preposition" wd="a"/>
        </prep>
        <S clausetype="completive" coord="yes" impersonal="yes">
          <S clausetype="completive" impersonal="yes">
            <infinitiu>
              <v lem="montar" lss="A21.transitive-agentive-patient" mood="infinitive" pos="vmn0000" postype="main" wd="montar"/>
            </infinitiu>
            <sn arg="arg1" func="cd" tem="pat">
              <grup.nom gen="f" num="p">
                <n gen="f" lem="pieza" num="p" pos="ncfp000" postype="common" sense="16:09642587" wd="piezas"/>
              </grup.nom>
            </sn>
          </S>
          <conj conjunctiontype="coordinating">
            <c lem="y" pos="cc" postype="coordinating" wd="y"/>
          </conj>
          <S clausetype="completive" impersonal="yes">
            <infinitiu>
              <v lem="probar" lss="A21.transitive-agentive-patient" mood="infinitive" pos="vmn0000" postype="main" wd="probar"/>
            </infinitiu>
            <sn arg="arg1" func="cd" tem="pat">
              <grup.nom gen="m" num="p">
                <n gen="m" lem="motor" num="p" pos="ncmp000" postype="common" sense="16:03017435" wd="motores"/>
              </grup.nom>
            </sn>
          </S>
        </S>
      </sp>
      <sp arg="argM" func="cc" tem="tmp">
        <prep>
          <s lem="por" pos="sps00" postype="preposition" wd="por"/>
        </prep>
        <sn>
          <spec gen="f" num="s">
            <d gen="f" lem="el" num="s" pos="da0fs0" postype="article" wd="la"/>
          </spec>
          <grup.nom gen="f" num="s">
            <n gen="f" lem="noche" num="s" pos="ncfs000" postype="common" sense="16:10885886" wd="noche"/>
          </grup.nom>
        </sn>
      </sp>
    </S>
    <f lem="." pos="fp" punct="period" wd="."/>
  </sentence>
  <sentence>
    <sn arg="arg1" func="suj" tem="pat">
      <spec gen="m" num="s">
        <d gen="c" lem="su" num="s" person="3" pos="dp3cs0" postype="possessive" wd="Su"/>
      </spec>
      <grup.nom gen="m" num="s">
        <s.a gen="m" num="s">
          <grup.a gen="m" num="s">
            <a gen="m" lem="primero" num="s" pos="ao0ms0" postype="ordinal" wd="primer"/>
          </grup.a>
        </s.a>
        <n gen="m" lem="cuadriciclo" num="s" pos="ncms000" postype="common" sense="16:cs1" wd="cuadriciclo"/>
      </grup.nom>
    </sn>
    <grup.verb>
      <v lem="ser" mood="indicative" num="s" person="3" pos="vsis3s0" postype="semiauxiliary" tense="past" wd="fue"/>
      <v gen="m" lem="concluir" lss="B22.unaccusative-passive-transitive" mood="participle" num="s" pos="vmp00sm" postype="main" wd="concluido"/>
    </grup.verb>
    <sp arg="argM" func="cc" tem="tmp">
      <prep>
        <s lem="en" pos="sps00" postype="preposition" wd="en"/>
      </prep>
      <sn entityref="ne" ne="date">
        <grup.nom>
          <w lem="[??:??/??/1896:??.??]" ne="date" wd="1896"/>
        </grup.nom>
      </sn>
    </sp>
    <f lem="." pos="fp" punct="period" wd="."/>
  </sentence>
</article>
