<?xml version="1.0" encoding="UTF-8"?>
<!-- 

  ancora-2.0
       
			Copyright (C) 2007, 2008, 2009, 2010, 2011 UB - CLiC
			Centre de Llenguatge i Computació - Universitat de Barcelona
 
  This file is part of ancora-2.0.
 
  ancora-2.0 is free software and data: you can redistribute it and/or modify
  it under the terms of the GNU General Public License as published
  by the Free Software Foundation, either version 3 of the License,
  or (at your option) any later version.

  ancora-2.0 is distributed in the hope that it will be useful,
  but WITHOUT ANY WARRANTY; without even the implied warranty of
  MERCHANTABILITY or FITNESS FOR A PARTICULAR PURPOSE.  See the
  GNU General Public License for more details.
 
  You should have received a copy of the GNU General Public License
  along with ancora-2.0.  If not, see &lt;http://www.gnu.org/licenses/&gt;.
 
  Check a text in catalan explaining the terms of the license at http://www.softcatala.cat/wiki/GPL3.
  In spanish at http://www.viti.es/gnu/licenses/gpl.html
 

  The following paper must be cited when using this corpus:

 * Taulé, M., M.A. Martí, M. Recasens (2008) 'Ancora: Multilevel Annotated Corpora for Catalan and Spanish',
   Proceedings of 6th International Conference on Language Resources and Evaluation. Marrakesh (Morocco).

  In addition, the following paper must be cited if coreference information (attributes entity, coreftype,
  corefsubtype, homophoricDD or entityref) is used:

 * Recasens, Marta, M. Antònia Martí (2010) ‘AnCora-CO: Coreferentially annotated corpora for Spanish and
   Catalan’. Language Resources and Evaluation, Springer Science.

  Additionally, the following paper must be cited when argumental attributes in "sn" or "grup.nom"
  (attributes func, arg, tem or lexicalid) are used:

 * Peris, Aina, Mariona Taulé, Horacio Rodríguez (2010) ‘Semantic Annotation of Deverbal Nominalizations in the
   Spanish AnCora corpus’. Treebanks and Linguistic Theories (TLT-2010), Estonia.
-->
<article lng="es">
  <sentence>
    <sp arg="argM" func="cc" tem="tmp">
      <prep>
        <s lem="en" pos="sps00" postype="preposition" wd="En"/>
      </prep>
      <sn entityref="ne" ne="date">
        <grup.nom>
          <w lem="[??:??/??/1903:??.??]" ne="date" wd="1903"/>
        </grup.nom>
      </sn>
    </sp>
    <sn arg="arg0" elliptic="yes" func="suj" tem="agt"/>
    <grup.verb>
      <v lem="fundar" lss="A21.transitive-agentive-patient" mood="indicative" num="s" person="3" pos="vmis3s0" postype="main" tense="past" wd="fundó"/>
    </grup.verb>
    <sn arg="arg1" func="cd" tem="pat">
      <spec gen="f" num="s">
        <d gen="c" lem="su" num="s" person="3" pos="dp3cs0" postype="possessive" wd="su"/>
      </spec>
      <grup.nom gen="f" num="s">
        <s.a gen="f" num="s">
          <grup.a gen="f" num="s">
            <a gen="f" lem="primero" num="s" pos="ao0fs0" postype="ordinal" wd="primera"/>
          </grup.a>
        </s.a>
        <n gen="f" lem="compañía" num="s" pos="ncfs000" postype="common" sense="16:06006256" wd="compañía"/>
      </grup.nom>
    </sn>
    <sp arg="argM" func="cc" tem="adv">
      <prep>
        <s lem="con" pos="sps00" postype="preposition" wd="con"/>
      </prep>
      <sn>
        <spec gen="m" num="p">
          <d gen="c" lem="doce" num="p" pos="dn0cp0" postype="numeral" wd="doce"/>
        </spec>
        <grup.nom gen="m" num="p">
          <n gen="m" lem="socio" num="p" pos="ncmp000" postype="common" sense="16:07128451" wd="socios"/>
        </grup.nom>
      </sn>
    </sp>
    <f lem="." pos="fp" punct="period" wd="."/>
  </sentence>
  <sentence coord="yes">
    <S>
      <sp arg="argM" func="cc" tem="tmp">
        <prep>
          <s lem="en" pos="sps00" postype="preposition" wd="En"/>
        </prep>
        <sn>
          <spec gen="m" num="p">
            <d gen="c" lem="quince" num="p" pos="dn0cp0" postype="numeral" wd="quince"/>
          </spec>
          <grup.nom gen="m" num="p">
            <n gen="m" lem="mes" num="p" pos="ncmp000" postype="common" sense="16:10919146" wd="meses"/>
          </grup.nom>
        </sn>
      </sp>
      <sn arg="arg0" elliptic="yes" func="suj" tem="agt"/>
      <grup.verb>
        <v lem="producir" lss="A21.transitive-agentive-patient" mood="indicative" num="s" person="3" pos="vmis3s0" postype="main" tense="past" wd="produjo"/>
      </grup.verb>
      <sn arg="arg1" func="cd" tem="pat">
        <spec gen="m" num="p">
          <z lem="1700" ne="number" wd="1.700"/>
        </spec>
        <grup.nom gen="m" num="p">
          <n gen="m" lem="modelo" num="p" pos="ncmp000" postype="common" sense="16:04501544" wd="modelos"/>
          <sn entityref="ne" ne="other">
            <grup.nom>
              <n lem="A" ne="other" pos="np0000a" postype="proper" wd="A"/>
            </grup.nom>
          </sn>
        </grup.nom>
      </sn>
    </S>
    <conj conjunctiontype="coordinating">
      <c lem="y" pos="cc" postype="coordinating" wd="y"/>
    </conj>
    <S>
      <sp arg="argM" func="cc" tem="tmp">
        <prep>
          <s lem="en" pos="sps00" postype="preposition" wd="en"/>
        </prep>
        <sn>
          <spec gen="m" num="p">
            <d gen="m" lem="el" num="p" pos="da0mp0" postype="article" wd="los"/>
            <d gen="c" lem="cinco" num="p" pos="dn0cp0" postype="numeral" wd="cinco"/>
          </spec>
          <grup.nom gen="m" num="p">
            <n gen="m" lem="año" num="p" pos="ncmp000" postype="common" sense="16:10917509" wd="años"/>
            <s.a gen="m" num="p">
              <grup.a gen="m" num="p">
                <a gen="c" lem="siguiente" num="p" pos="aq0cp0" postype="qualificative" wd="siguientes"/>
              </grup.a>
            </s.a>
          </grup.nom>
        </sn>
      </sp>
      <sn arg="arg0" elliptic="yes" func="suj" tem="agt"/>
      <grup.verb>
        <v lem="recorrer" lss="A23.transitive-agentive-extension" mood="indicative" num="p" person="3" pos="vmis3p0" postype="main" tense="past" wd="recorrieron"/>
      </grup.verb>
      <sn arg="arg1" func="cd" functype="quantitative" tem="ext">
        <spec gen="m" num="s">
          <d gen="m" lem="todo" num="s" pos="di0ms0" postype="indefinite" wd="todo"/>
          <d gen="m" lem="el" num="s" pos="da0ms0" postype="article" wd="el"/>
        </spec>
        <grup.nom gen="m" num="s">
          <n gen="m" lem="alfabeto" num="s" pos="ncms000" postype="common" sense="16:04876596" wd="alfabeto"/>
        </grup.nom>
      </sn>
      <sp arg="arg3" func="cc" tem="ori">
        <prep>
          <s lem="de" pos="sps00" postype="preposition" wd="de"/>
        </prep>
        <sn>
          <spec gen="f" num="s">
            <d gen="f" lem="el" num="s" pos="da0fs0" postype="article" wd="la"/>
          </spec>
          <grup.nom gen="f" num="s">
            <n gen="f" lem="b" num="s" pos="ncfs000" postype="common" sense="16:50001107" wd="B"/>
          </grup.nom>
        </sn>
      </sp>
      <sp arg="arg4" func="cc" tem="des">
        <prep>
          <s lem="a" pos="sps00" postype="preposition" wd="a"/>
        </prep>
        <sn>
          <spec gen="f" num="s">
            <d gen="f" lem="el" num="s" pos="da0fs0" postype="article" wd="la"/>
          </spec>
          <grup.nom gen="f" num="s">
            <n gen="f" lem="s" num="s" pos="ncfs000" postype="common" sense="16:50001122" wd="S"/>
          </grup.nom>
        </sn>
      </sp>
      <sp arg="argM" func="cc" tem="fin">
        <f lem="," pos="fc" punct="comma" wd=","/>
        <prep>
          <s lem="para" pos="sps00" postype="preposition" wd="para"/>
        </prep>
        <S clausetype="completive" impersonal="yes">
          <infinitiu>
            <v lem="mejorar" lss="A11.transitive-causative" mood="infinitive" pos="vmn0000" postype="main" wd="mejorarlo"/>
          </infinitiu>
        </S>
      </sp>
    </S>
    <f lem="." pos="fp" punct="period" wd="."/>
  </sentence>
  <sentence>
    <sp arg="arg3" func="cc" tem="ori">
      <prep>
        <s lem="de" pos="sps00" postype="preposition" wd="De"/>
      </prep>
      <sn>
        <spec gen="f" num="s">
          <d gen="f" lem="todo" num="s" pos="di0fs0" postype="indefinite" wd="toda"/>
          <d gen="f" lem="el" num="s" pos="da0fs0" postype="article" wd="la"/>
        </spec>
        <grup.nom gen="f" num="s">
          <n gen="f" lem="serie" num="s" pos="ncfs000" postype="common" sense="16:06246946" wd="serie"/>
        </grup.nom>
      </sn>
    </sp>
    <grup.verb>
      <v lem="sacar" lss="A31.ditransitive-patient-locative" mood="indicative" num="s" person="3" pos="vmis3s0" postype="main" tense="past" wd="sacó"/>
    </grup.verb>
    <sn arg="arg0" entityref="ne" func="suj" ne="person" tem="agt">
      <grup.nom gen="m" num="s">
        <n lem="Ford" ne="person" pos="np0000p" postype="proper" sense="16:07716470" wd="Ford"/>
      </grup.nom>
    </sn>
    <sn arg="arg1" func="cd" tem="pat">
      <spec gen="f" num="s">
        <d gen="f" lem="el" num="s" pos="da0fs0" postype="article" wd="la"/>
      </spec>
      <grup.nom gen="f" num="s">
        <n gen="f" lem="experiencia" lexicalid="noun.experiencia.2.default" num="s" origin="deverbal" pos="ncfs000" postype="common" sense="16:05434281" wd="experiencia"/>
        <sp arg="arg1" func="cn" tem="pat">
          <prep>
            <s lem="de" pos="sps00" postype="preposition" wd="de"/>
          </prep>
          <sn>
            <spec gen="f" num="s">
              <d gen="c" lem="su" num="s" person="3" pos="dp3cs0" postype="possessive" wd="su"/>
            </spec>
            <grup.nom gen="f" num="s">
              <n gen="f" lem="vida" num="s" pos="ncfs000" postype="common" sense="16:10865688" wd="vida"/>
            </grup.nom>
          </sn>
        </sp>
        <S func="cn">
          <f lem=":" pos="fd" punct="colon" wd=":"/>
          <sn arg="arg0" func="suj" tem="agt">
            <spec gen="f" num="s">
              <d gen="f" lem="el" num="s" pos="da0fs0" postype="article" wd="la"/>
            </spec>
            <grup.nom gen="f" num="s">
              <n gen="f" lem="gente" num="s" pos="ncfs000" postype="common" sense="16:06080290" wd="gente"/>
            </grup.nom>
          </sn>
          <grup.verb>
            <v lem="preferir" lss="A21.transitive-agentive-patient" mood="indicative" num="s" person="3" pos="vmii3s0" postype="main" tense="imperfect" wd="prefería"/>
          </grup.verb>
          <sn arg="arg1" func="cd" tem="pat">
            <grup.nom gen="m" num="p">
              <n gen="m" lem="auto" num="p" pos="ncmp000" postype="common" sense="16:02383458" wd="autos"/>
              <s.a complex="yes" gen="m" num="p">
                <grup.a coord="yes" gen="m" num="p">
                  <grup.a gen="m" num="p">
                    <a gen="m" lem="sólido" num="p" pos="aq0mp0" postype="qualificative" wd="sólidos"/>
                  </grup.a>
                  <conj conjunctiontype="coordinating">
                    <c lem="y" pos="cc" postype="coordinating" wd="y"/>
                  </conj>
                  <grup.a gen="m" num="p">
                    <a gen="m" lem="barato" num="p" pos="aq0mp0" postype="qualificative" wd="baratos"/>
                  </grup.a>
                </grup.a>
              </s.a>
            </grup.nom>
          </sn>
        </S>
      </grup.nom>
    </sn>
    <f lem="." pos="fp" punct="period" wd="."/>
  </sentence>
  <sentence>
    <sn arg="arg1" entityref="ne" func="suj" ne="other" tem="tem">
      <spec gen="m" num="s">
        <d gen="m" lem="el" num="s" pos="da0ms0" postype="article" wd="El"/>
      </spec>
      <grup.nom gen="m" num="s">
        <n lem="Modelo" ne="other" pos="np0000a" postype="proper" sense="16:cs1" wd="Modelo"/>
      </grup.nom>
    </sn>
    <grup.verb>
      <v lem="ser" lss="C21.state-attributive" mood="indicative" num="s" person="3" pos="vsic3s0" postype="semiauxiliary" tense="conditional" wd="sería"/>
    </grup.verb>
    <sn arg="arg2" coord="yes" func="atr" tem="atr">
      <sn>
        <spec gen="m" num="s">
          <d gen="m" lem="el" num="s" pos="da0ms0" postype="article" wd="el"/>
        </spec>
        <grup.nom gen="m" num="s">
          <n gen="m" lem="resultado" lexicalid="noun.resultado.3.default" num="s" origin="deverbal" pos="ncms000" postype="common" sense="16:05438613" wd="resultado"/>
          <sp arg="arg3" func="cn" tem="ori">
            <prep>
              <s lem="de" pos="sps00" postype="preposition" wd="de"/>
            </prep>
            <sn>
              <spec gen="f" num="s">
                <d gen="f" lem="ese" num="s" pos="dd0fs0" postype="demonstrative" wd="esa"/>
              </spec>
              <grup.nom gen="f" num="s">
                <n gen="f" lem="experiencia" lexicalid="noun.experiencia.2.default" num="s" origin="deverbal" pos="ncfs000" postype="common" sense="16:05434281" wd="experiencia"/>
              </grup.nom>
            </sn>
          </sp>
        </grup.nom>
      </sn>
      <f lem="," pos="fc" punct="comma" wd=","/>
      <sn>
        <spec gen="m" num="s">
          <d gen="m" lem="uno" num="s" pos="di0ms0" postype="indefinite" wd="un"/>
        </spec>
        <grup.nom gen="m" num="s">
          <n gen="m" lem="coche" num="s" pos="ncms000" postype="common" sense="16:02383458" wd="coche"/>
          <S clausetype="relative">
            <sp arg="argM" func="cc" tem="adv">
              <prep>
                <s contracted="yes" gen="m" lem="del" num="s" pos="spcms" postype="preposition" wd="del"/>
              </prep>
              <sn>
                <relatiu>
                  <p gen="c" lem="que" num="c" pos="pr0cn000" postype="relative" wd="que"/>
                </relatiu>
              </sn>
            </sp>
            <sp arg="argM" func="cc" tem="tmp">
              <f lem="," pos="fc" punct="comma" wd=","/>
              <prep>
                <s lem="de" pos="sps00" postype="preposition" wd="de"/>
              </prep>
              <sn entityref="ne" ne="date">
                <grup.nom>
                  <w lem="[??:??/??/1908:??.??]" ne="date" wd="1908"/>
                  <sp>
                    <prep>
                      <s lem="a" pos="sps00" postype="preposition" wd="a"/>
                    </prep>
                    <sn entityref="ne" ne="date">
                      <grup.nom>
                        <w lem="[??:??/??/1928:??.??]" ne="date" wd="1928"/>
                      </grup.nom>
                    </sn>
                  </sp>
                </grup.nom>
              </sn>
              <f lem="," pos="fc" punct="comma" wd=","/>
            </sp>
            <morfema.verbal func="pass">
              <p gen="c" lem="se" num="c" pos="p0000000" wd="se"/>
            </morfema.verbal>
            <grup.verb>
              <v lem="vender" lss="B12.unaccusative-passive-ditransitive" mood="indicative" num="p" person="3" pos="vmis3p0" postype="main" tense="past" wd="vendieron"/>
            </grup.verb>
            <sn arg="arg1" func="suj" tem="pat">
              <grup.nom gen="m" num="p">
                <z lem="15800000" ne="number" wd="15.800.000"/>
                <sn>
                  <f lem="," pos="fc" punct="comma" wd=","/>
                  <grup.nom gen="m" num="s">
                    <n gen="m" lem="récord" num="s" pos="ncms000" postype="common" sense="16:00036443" wd="récord"/>
                    <sp>
                      <prep>
                        <s contracted="yes" gen="m" lem="del" num="s" pos="spcms" postype="preposition" wd="del"/>
                      </prep>
                      <sn>
                        <grup.nom gen="m" num="s">
                          <n gen="m" lem="siglo" num="s" pos="ncms000" postype="common" sense="16:10918678" wd="siglo"/>
                        </grup.nom>
                      </sn>
                    </sp>
                    <sp>
                      <prep>
                        <s lem="hasta" pos="sps00" postype="preposition" wd="hasta"/>
                      </prep>
                      <sn>
                        <spec gen="f" num="s">
                          <d gen="f" lem="el" num="s" pos="da0fs0" postype="article" wd="la"/>
                        </spec>
                        <grup.nom gen="f" num="s">
                          <n gen="f" lem="llegada" lexicalid="noun.llegada.3.default" num="s" origin="deverbal" pos="ncfs000" postype="common" sense="16:00025788" wd="llegada"/>
                          <sp arg="arg1" func="cn" tem="tem">
                            <prep>
                              <s contracted="yes" gen="m" lem="del" num="s" pos="spcms" postype="preposition" wd="del"/>
                            </prep>
                            <sn entityref="ne" ne="other">
                              <grup.nom gen="m" num="s">
                                <n gen="m" lem="escarabajo" num="s" pos="ncms000" postype="common" sense="16:01669942" wd="escarabajo"/>
                                <sp>
                                  <prep>
                                    <s lem="de" pos="sps00" postype="preposition" wd="de"/>
                                  </prep>
                                  <sn entityref="ne" ne="organization">
                                    <grup.nom>
                                      <n lem="Volkswagen" ne="organization" pos="np0000o" postype="proper" sense="16:cs1" wd="Volkswagen"/>
                                    </grup.nom>
                                  </sn>
                                </sp>
                              </grup.nom>
                            </sn>
                          </sp>
                        </grup.nom>
                      </sn>
                    </sp>
                  </grup.nom>
                </sn>
              </grup.nom>
            </sn>
          </S>
        </grup.nom>
      </sn>
    </sn>
    <f lem="." pos="fp" punct="period" wd="."/>
  </sentence>
  <sentence>
    <sp arg="argM" func="cc" tem="tmp">
      <prep>
        <s lem="hacia" pos="sps00" postype="preposition" wd="Hacia"/>
      </prep>
      <sn entityref="ne" ne="date">
        <grup.nom>
          <w lem="[??:??/??/1913:??.??]" ne="date" wd="1913"/>
        </grup.nom>
      </sn>
    </sp>
    <grup.verb>
      <v lem="ser" lss="C21.state-attributive" mood="indicative" num="s" person="3" pos="vsii3s0" postype="semiauxiliary" tense="imperfect" wd="era"/>
    </grup.verb>
    <sa arg="arg2" func="atr" tem="atr">
      <grup.a>
        <a gen="c" lem="imposible" num="s" pos="aq0cs0" postype="qualificative" wd="imposible"/>
      </grup.a>
    </sa>
    <S arg="arg1" clausetype="completive" func="suj" impersonal="yes" tem="tem">
      <infinitiu>
        <v lem="satisfacer" lss="A11.transitive-causative" mood="infinitive" pos="vmn0000" postype="main" wd="satisfacer"/>
      </infinitiu>
      <sn arg="arg1" func="cd" tem="tem">
        <spec gen="f" num="s">
          <d gen="f" lem="el" num="s" pos="da0fs0" postype="article" wd="la"/>
        </spec>
        <grup.nom gen="f" num="s">
          <n gen="f" lem="demanda" num="s" pos="ncfs000" postype="common" sense="16:09725817" wd="demanda"/>
        </grup.nom>
      </sn>
    </S>
    <f lem="." pos="fp" punct="period" wd="."/>
  </sentence>
  <sentence>
    <sadv arg="argM" func="cc" tem="adv">
      <grup.adv>
        <r lem="nuevamente" pos="rg" wd="Nuevamente"/>
      </grup.adv>
    </sadv>
    <morfema.verbal func="pass">
      <p gen="c" lem="se" num="c" pos="p0000000" wd="se"/>
    </morfema.verbal>
    <grup.verb>
      <v lem="ver" lss="B22.unaccusative-passive-transitive" mood="indicative" num="s" person="3" pos="vmis3s0" postype="main" tense="past" wd="vio"/>
    </grup.verb>
    <sp arg="argM" func="cc" tem="mnr">
      <prep>
        <s lem="a" pos="sps00" postype="preposition" wd="a"/>
      </prep>
      <sn>
        <grup.nom gen="f" num="s">
          <n gen="f" lem="prueba" lexicalid="noun.prueba.5.default" num="s" origin="deverbal" pos="ncfs000" postype="common" sense="16:00508046" wd="prueba"/>
        </grup.nom>
      </sn>
    </sp>
    <sn arg="arg1" func="suj" tem="pat">
      <spec gen="f" num="s">
        <d gen="f" lem="el" num="s" pos="da0fs0" postype="article" wd="la"/>
      </spec>
      <grup.nom gen="f" num="s">
        <n gen="f" lem="inventiva" num="s" pos="ncfs000" postype="common" sense="16:04357681" wd="inventiva"/>
        <sp>
          <prep>
            <s lem="de" pos="sps00" postype="preposition" wd="de"/>
          </prep>
          <sn entityref="ne" ne="person">
            <grup.nom gen="m" num="s">
              <n lem="Henry_Ford" ne="person" pos="np0000p" postype="proper" sense="16:07716470" wd="Henry_Ford"/>
              <S clausetype="relative">
                <f lem="," pos="fc" punct="comma" wd=","/>
                <sp arg="arg2" func="cc" tem="loc">
                  <prep>
                    <s lem="en" pos="sps00" postype="preposition" wd="en"/>
                  </prep>
                  <sn>
                    <relatiu>
                      <p gen="f" lem="cuyo" num="s" pos="pr0fs000" postype="relative" wd="cuya"/>
                    </relatiu>
                    <grup.nom gen="f" num="s">
                      <n gen="f" lem="filosofía" num="s" pos="ncfs000" postype="common" sense="16:04563224" wd="filosofía"/>
                    </grup.nom>
                  </sn>
                </sp>
                <neg func="mod">
                  <r lem="no" pos="rn" postype="negative" wd="no"/>
                </neg>
                <grup.verb>
                  <v lem="entrar" lss="B22.unaccusative-passive-transitive" mood="indicative" num="s" person="3" pos="vmii3s0" postype="main" tense="imperfect" wd="entraba"/>
                </grup.verb>
                <sn arg="arg1" func="suj" tem="tem">
                  <spec gen="m" num="s">
                    <d gen="m" lem="el" num="s" pos="da0ms0" postype="article" wd="el"/>
                  </spec>
                  <grup.nom gen="m" num="s">
                    <S clausetype="completive" impersonal="yes">
                      <infinitiu>
                        <v lem="subir" lss="A11.transitive-causative" mood="infinitive" pos="vmn0000" postype="main" wd="subir"/>
                      </infinitiu>
                      <sn arg="arg1" func="cd" tem="tem">
                        <spec gen="m" num="p">
                          <d gen="m" lem="el" num="p" pos="da0mp0" postype="article" wd="los"/>
                        </spec>
                        <grup.nom gen="m" num="p">
                          <n gen="m" lem="precio" num="p" pos="ncmp000" postype="common" sense="16:09576753" wd="precios"/>
                        </grup.nom>
                      </sn>
                    </S>
                  </grup.nom>
                </sn>
              </S>
            </grup.nom>
          </sn>
        </sp>
      </grup.nom>
    </sn>
    <f lem="." pos="fp" punct="period" wd="."/>
  </sentence>
  <sentence verbless="yes">
    <S verbless="yes">
      <sadv>
        <spec>
          <r lem="mucho" pos="rg" wd="Muy"/>
        </spec>
        <grup.adv>
          <r lem="al_contrario" pos="rg" wd="al_contrario"/>
        </grup.adv>
      </sadv>
    </S>
    <S>
      <f lem=":" pos="fd" punct="colon" wd=":"/>
      <sn arg="arg0" elliptic="yes" func="suj" tem="agt"/>
      <grup.verb>
        <v lem="decidir" lss="A21.transitive-agentive-patient" mood="indicative" num="s" person="3" pos="vmis3s0" postype="main" tense="past" wd="decidió"/>
      </grup.verb>
      <S arg="arg1" clausetype="completive" func="cd" impersonal="yes" tem="pat">
        <infinitiu>
          <v lem="ensayar" lss="A21.transitive-agentive-patient" mood="infinitive" pos="vmn0000" postype="main" wd="ensayar"/>
        </infinitiu>
        <sn arg="arg1" func="cd" tem="pat">
          <spec gen="m" num="p">
            <d gen="m" lem="el" num="p" pos="da0mp0" postype="article" wd="los"/>
          </spec>
          <grup.nom gen="m" num="p">
            <n gen="m" lem="método" num="p" pos="ncmp000" postype="common" sense="16:04376254" wd="métodos"/>
            <sp>
              <prep>
                <s lem="de" pos="sps00" postype="preposition" wd="de"/>
              </prep>
              <sn>
                <grup.nom gen="f" num="s">
                  <n gen="f" lem="organización" lexicalid="noun.organización.3.default" num="s" origin="deverbal" pos="ncfs000" postype="common" sense="16:00650412" wd="organización"/>
                  <sp arg="arg1" func="cn" tem="pat">
                    <prep>
                      <s contracted="yes" gen="m" lem="del" num="s" pos="spcms" postype="preposition" wd="del"/>
                    </prep>
                    <sn>
                      <grup.nom gen="m" num="s">
                        <n gen="m" lem="trabajo" lexicalid="noun.trabajo.2.default" num="s" origin="deverbal" pos="ncms000" postype="common" sense="16:00377835" wd="trabajo"/>
                      </grup.nom>
                    </sn>
                  </sp>
                </grup.nom>
              </sn>
            </sp>
            <sadv>
              <f lem="," pos="fc" punct="comma" wd=","/>
              <sadv>
                <grup.adv>
                  <r lem="mucho" pos="rg" wd="muy"/>
                </grup.adv>
              </sadv>
              <r lem="en_boga" pos="rg" wd="en_boga"/>
              <sp>
                <prep>
                  <s lem="merced_a" pos="sps00" postype="preposition" wd="merced_a"/>
                </prep>
                <sn entityref="ne" ne="person">
                  <grup.nom gen="m" num="s">
                    <n lem="F._W._Taylor" ne="person" pos="np0000p" postype="proper" sense="16:cs1" wd="F._W._Taylor"/>
                  </grup.nom>
                </sn>
              </sp>
            </sadv>
          </grup.nom>
        </sn>
      </S>
    </S>
    <f lem="." pos="fp" punct="period" wd="."/>
  </sentence>
  <sentence>
    <grup.verb>
      <v lem="haber" mood="indicative" num="s" person="3" pos="vaii3s0" postype="auxiliary" tense="imperfect" wd="Había"/>
      <v gen="m" lem="nacer" lss="B11.unaccusative-motion" mood="participle" num="s" pos="vmp00sm" postype="main" wd="nacido"/>
    </grup.verb>
    <sn arg="arg1" func="suj" tem="tem">
      <spec gen="f" num="s">
        <d gen="f" lem="el" num="s" pos="da0fs0" postype="article" wd="la"/>
      </spec>
      <grup.nom gen="f" num="s">
        <n gen="f" lem="producción" lexicalid="noun.producción.2.default" num="s" origin="deverbal" pos="ncfs000" postype="common" sense="16:00586701" wd="producción"/>
        <sp arg="argM" func="cn" tem="mnr">
          <prep>
            <s lem="en" pos="sps00" postype="preposition" wd="en"/>
          </prep>
          <sn>
            <grup.nom gen="f" num="s">
              <n gen="f" lem="serie" num="s" pos="ncfs000" postype="common" sense="16:06247582" wd="serie"/>
            </grup.nom>
          </sn>
        </sp>
        <sn func="cn">
          <f lem="," pos="fc" punct="comma" wd=","/>
          <grup.nom gen="f" num="s">
            <p gen="f" lem="uno" num="s" pos="pi0fs000" postype="indefinite" wd="una"/>
            <sp>
              <prep>
                <s lem="de" pos="sps00" postype="preposition" wd="de"/>
              </prep>
              <sn>
                <spec gen="f" num="p">
                  <d gen="f" lem="el" num="p" pos="da0fp0" postype="article" wd="las"/>
                </spec>
                <grup.nom gen="f" num="p">
                  <n gen="f" lem="idea" lexicalid="noun.idea.1.default" num="p" origin="deverbal" pos="ncfp000" postype="common" sense="16:04492484" wd="ideas"/>
                  <s.a func="cn" gen="f" num="p">
                    <grup.a gen="f" num="p">
                      <a gen="f" lem="decisivo" num="p" pos="aq0fp0" postype="qualificative" wd="decisivas"/>
                    </grup.a>
                  </s.a>
                  <sp arg="argM" func="cn" tem="tmp">
                    <prep>
                      <s contracted="yes" gen="m" lem="del" num="s" pos="spcms" postype="preposition" wd="del"/>
                    </prep>
                    <sn entityref="ne" ne="date">
                      <grup.nom gen="m" num="s">
                        <w lem="[s:xx]" ne="date" wd="siglo_XX"/>
                      </grup.nom>
                    </sn>
                  </sp>
                </grup.nom>
              </sn>
            </sp>
          </grup.nom>
        </sn>
      </grup.nom>
    </sn>
    <f lem="." pos="fp" punct="period" wd="."/>
  </sentence>
  <sentence coord="yes">
    <f lem="-" pos="fg" punct="hyphen" wd="-"/>
    <S>
      <sn arg="arg0" func="suj" tem="agt">
        <grup.nom num="s">
          <p case="nominative" gen="c" lem="yo" num="s" person="1" pos="pp1csn00" postype="personal" wd="Yo"/>
        </grup.nom>
      </sn>
      <grup.verb>
        <v lem="ir" mood="indicative" num="s" person="1" pos="vmip1s0" postype="main" tense="present" wd="voy"/>
        <s lem="a" pos="sps00" postype="preposition" wd="a"/>
        <infinitiu>
          <v lem="democratizar" lss="A21.transitive-agentive-patient" mood="infinitive" pos="vmn0000" postype="main" wd="democratizar"/>
        </infinitiu>
      </grup.verb>
      <sn arg="arg1" func="cd" tem="pat">
        <spec gen="m" num="s">
          <d gen="m" lem="el" num="s" pos="da0ms0" postype="article" wd="el"/>
        </spec>
        <grup.nom gen="m" num="s">
          <n gen="m" lem="automóvil" num="s" pos="ncms000" postype="common" sense="16:02383458" wd="automóvil"/>
        </grup.nom>
      </sn>
    </S>
    <inc>
      <S>
        <f lem="-" pos="fg" punct="hyphen" wd="-"/>
        <grup.verb>
          <v lem="decir" lss="A32.ditransitive-patient-benefactive" mood="indicative" num="s" person="3" pos="vmii3s0" postype="main" tense="imperfect" wd="decía"/>
        </grup.verb>
        <sn arg="arg0" entityref="ne" func="suj" ne="person" tem="agt">
          <grup.nom gen="m" num="s">
            <n lem="Ford" ne="person" pos="np0000p" postype="proper" sense="16:07716470" wd="Ford"/>
          </grup.nom>
        </sn>
        <f lem="-" pos="fg" punct="hyphen" wd="-"/>
      </S>
    </inc>
    <conj conjunctiontype="coordinating">
      <c lem="y" pos="cc" postype="coordinating" wd="y"/>
    </conj>
    <S coord="yes">
      <S arg="argM" clausetype="adverbial" func="cc" tem="tmp">
        <conj conjunctiontype="subordinating">
          <c lem="cuando" pos="cs" postype="subordinating" wd="cuando"/>
        </conj>
        <sn arg="arg0" elliptic="yes" func="suj" tem="agt"/>
        <sn arg="arg1" func="cd" tem="pat">
          <grup.nom gen="m" num="s">
            <p case="accusative" gen="m" lem="él" num="s" person="3" pos="pp3msa00" postype="personal" wd="lo"/>
          </grup.nom>
        </sn>
        <grup.verb>
          <v lem="hacer" lss="A21.transitive-agentive-patient" mood="subjunctive" num="s" person="1" pos="vmsp1s0" postype="main" tense="present" wd="haga"/>
        </grup.verb>
      </S>
      <S coord="yes">
        <S>
          <sn arg="arg0" func="suj" tem="agt">
            <spec gen="m" num="s">
              <d gen="m" lem="todo" num="s" pos="di0ms0" postype="indefinite" wd="todo"/>
              <d gen="m" lem="el" num="s" pos="da0ms0" postype="article" wd="el"/>
            </spec>
            <grup.nom gen="m" num="s">
              <n gen="m" lem="mundo" num="s" pos="ncms000" postype="common" sense="16:05957670" wd="mundo"/>
            </grup.nom>
          </sn>
          <grup.verb>
            <v lem="poder" mood="indicative" num="s" person="3" pos="vmif3s0" postype="main" tense="future" wd="podrá"/>
            <infinitiu>
              <v lem="comprar" lss="A21.transitive-agentive-patient" mood="infinitive" pos="vmn0000" postype="main" wd="comprar"/>
            </infinitiu>
          </grup.verb>
          <sn arg="arg1" func="cd" tem="pat">
            <grup.nom gen="m" num="s">
              <p gen="m" lem="uno" num="s" pos="pi0ms000" postype="indefinite" wd="uno"/>
            </grup.nom>
          </sn>
        </S>
        <conj conjunctiontype="coordinating">
          <c lem="y" pos="cc" postype="coordinating" wd="y"/>
        </conj>
        <S>
          <sn arg="arg1" func="suj" tem="tem">
            <spec gen="m" num="s">
              <r lem="casi" pos="rg" wd="casi"/>
              <d gen="m" lem="todo" num="s" pos="di0ms0" postype="indefinite" wd="todo"/>
              <d gen="m" lem="el" num="s" pos="da0ms0" postype="article" wd="el"/>
            </spec>
            <grup.nom gen="m" num="s">
              <n gen="m" lem="mundo" num="s" pos="ncms000" postype="common" sense="16:05957670" wd="mundo"/>
            </grup.nom>
          </sn>
          <grup.verb>
            <v lem="tener" lss="C21.state-attributive" mood="indicative" num="s" person="3" pos="vmif3s0" postype="main" tense="future" wd="tendrá"/>
          </grup.verb>
          <sn arg="arg2" func="cd" functype="quantitative" tem="atr">
            <grup.nom gen="m" num="s">
              <p gen="m" lem="uno" num="s" pos="pi0ms000" postype="indefinite" wd="uno"/>
            </grup.nom>
          </sn>
        </S>
      </S>
    </S>
    <f lem="." pos="fp" punct="period" wd="."/>
  </sentence>
  <sentence>
    <f lem="-" pos="fg" punct="hyphen" wd="-"/>
    <S>
      <conj conjunctiontype="coordinating" func="et">
        <c lem="y" pos="cc" postype="coordinating" wd="Y"/>
      </conj>
      <sn arg="argM" func="cc" tem="tmp">
        <grup.nom gen="m" num="s">
          <n gen="m" lem="acto" num="s" pos="ncms000" postype="common" sense="16:05258426" wd="acto"/>
          <S clausetype="participle" impersonal="yes">
            <participi>
              <a gen="m" lem="seguido" num="s" pos="aq0msp" posfunction="participle" postype="qualificative" wd="seguido"/>
            </participi>
          </S>
        </grup.nom>
      </sn>
      <sn arg="arg0" elliptic="yes" func="suj" tem="agt"/>
      <grup.verb>
        <v lem="anunciar" lss="A21.transitive-agentive-patient" mood="indicative" num="s" person="3" pos="vmis3s0" postype="main" tense="past" wd="anunció"/>
      </grup.verb>
      <S arg="arg1" clausetype="completive" func="cd" tem="pat">
        <conj conjunctiontype="subordinating">
          <c lem="que" pos="cs" postype="subordinating" wd="que"/>
        </conj>
        <sn arg="arg0" elliptic="yes" func="suj" tem="cau"/>
        <grup.verb>
          <v lem="doblar" lss="A11.transitive-causative" mood="indicative" num="s" person="3" pos="vmic3s0" postype="main" tense="conditional" wd="doblaría"/>
        </grup.verb>
        <sp arg="arg4" func="cc" tem="efi">
          <prep>
            <s lem="a" pos="sps00" postype="preposition" wd="a"/>
          </prep>
          <sn>
            <spec gen="m" num="p">
              <z lem="5" ne="number" wd="cinco"/>
            </spec>
            <grup.nom gen="m" num="p">
              <z lem="dólar" ne="number" pos="zm" postype="currency" wd="dólares"/>
            </grup.nom>
          </sn>
        </sp>
        <sn arg="arg1" func="cd" tem="tem">
          <spec gen="m" num="s">
            <d gen="m" lem="el" num="s" pos="da0ms0" postype="article" wd="el"/>
          </spec>
          <grup.nom gen="m" num="s">
            <n gen="m" lem="salario" num="s" pos="ncms000" postype="common" sense="16:09556237" wd="salario"/>
            <s.a gen="m" num="s">
              <grup.a gen="m" num="s">
                <a gen="m" lem="mínimo" num="s" pos="aq0ms0" postype="qualificative" wd="mínimo"/>
              </grup.a>
            </s.a>
            <sp>
              <prep>
                <s lem="de" pos="sps00" postype="preposition" wd="de"/>
              </prep>
              <sn complex="yes">
                <spec gen="m" num="p">
                  <d gen="c" lem="su" num="p" person="3" pos="dp3cp0" postype="possessive" wd="sus"/>
                </spec>
                <grup.nom coord="yes">
                  <grup.nom gen="m" num="p">
                    <n gen="m" lem="obrero" num="p" pos="ncmp000" postype="common" sense="16:07687635" wd="obreros"/>
                  </grup.nom>
                  <conj conjunctiontype="coordinating">
                    <c lem="y" pos="cc" postype="coordinating" wd="y"/>
                  </conj>
                  <grup.nom gen="m" num="p">
                    <n gen="m" lem="empleado" num="p" pos="ncmp000" postype="common" sense="16:07240707" wd="empleados"/>
                  </grup.nom>
                </grup.nom>
              </sn>
            </sp>
          </grup.nom>
        </sn>
      </S>
    </S>
    <S>
      <f lem=":" pos="fd" punct="colon" wd=":"/>
      <S clausesubtype="conditional" clausetype="adverbial" func="ao">
        <conj conjunctiontype="subordinating">
          <c lem="si" pos="cs" postype="subordinating" wd="si"/>
        </conj>
        <sn arg="arg0" func="suj" tem="agt">
          <spec gen="m" num="p">
            <d gen="c" lem="su" num="p" person="3" pos="dp3cp0" postype="possessive" wd="sus"/>
          </spec>
          <grup.nom gen="m" num="p">
            <n gen="m" lem="obrero" num="p" pos="ncmp000" postype="common" sense="16:07687635" wd="obreros"/>
          </grup.nom>
        </sn>
        <grup.verb>
          <v lem="ganar" lss="A21.transitive-agentive-patient" mood="indicative" num="p" person="3" pos="vmii3p0" postype="main" tense="imperfect" wd="ganaban"/>
        </grup.verb>
        <sn arg="arg1" func="cd" tem="pat">
          <spec gen="m" num="s">
            <r lem="más" pos="rg" wd="más"/>
          </spec>
          <grup.nom gen="m" num="s">
            <n gen="m" lem="dinero" num="s" pos="ncms000" postype="common" sense="16:09639977" wd="dinero"/>
          </grup.nom>
        </sn>
        <f lem="," pos="fc" punct="comma" wd=","/>
      </S>
      <sn arg="arg0" elliptic="yes" func="suj" tem="agt"/>
      <grup.verb>
        <v lem="poder" mood="indicative" num="p" person="3" pos="vmic3p0" postype="main" tense="conditional" wd="podrían"/>
        <infinitiu>
          <v lem="comprar" lss="A21.transitive-agentive-patient" mood="infinitive" pos="vmn0000" postype="main" wd="comprar"/>
        </infinitiu>
      </grup.verb>
      <sn arg="arg1" func="cd" tem="pat">
        <spec gen="m" num="p">
          <d gen="c" lem="su" num="p" person="3" pos="dp3cp0" postype="possessive" wd="sus"/>
        </spec>
        <grup.nom gen="m" num="p">
          <n gen="m" lem="auto" num="p" pos="ncmp000" postype="common" sense="16:02383458" wd="autos"/>
        </grup.nom>
      </sn>
    </S>
    <f lem="." pos="fp" punct="period" wd="."/>
  </sentence>
  <sentence coord="yes">
    <S>
      <sn arg="arg1" func="suj" tem="tem">
        <spec gen="f" num="s">
          <d gen="f" lem="este" num="s" pos="dd0fs0" postype="demonstrative" wd="Esta"/>
        </spec>
        <grup.nom gen="f" num="s">
          <n gen="f" lem="filosofía" num="s" pos="ncfs000" postype="common" sense="16:04563224" wd="filosofía"/>
        </grup.nom>
      </sn>
      <grup.verb>
        <v lem="recibir" lss="C21.state-attributive" mood="indicative" num="s" person="3" pos="vmis3s0" postype="main" tense="past" wd="recibió"/>
      </grup.verb>
      <sn arg="arg2" func="cd" functype="quantitative" tem="atr">
        <spec gen="m" num="s">
          <d gen="m" lem="el" num="s" pos="da0ms0" postype="article" wd="el"/>
        </spec>
        <grup.nom gen="m" num="s">
          <n gen="m" lem="nombre" num="s" pos="ncms000" postype="common" sense="16:04768298" wd="nombre"/>
          <sp>
            <prep>
              <s lem="de" pos="sps00" postype="preposition" wd="de"/>
            </prep>
            <sn>
              <grup.nom gen="m" num="s">
                <n gen="m" lem="fordismo" num="s" pos="ncms000" postype="common" sense="16:cs1" wd="fordismo"/>
              </grup.nom>
            </sn>
          </sp>
        </grup.nom>
      </sn>
    </S>
    <conj conjunctiontype="coordinating">
      <c lem="y" pos="cc" postype="coordinating" wd="y"/>
    </conj>
    <S>
      <sp arg="argM" func="cc" tem="tmp">
        <prep>
          <s lem="durante" pos="sps00" postype="preposition" wd="durante"/>
        </prep>
        <sn>
          <spec gen="m" num="s">
            <d gen="m" lem="alguno" num="s" pos="di0ms0" postype="indefinite" wd="algún"/>
          </spec>
          <grup.nom gen="m" num="s">
            <n gen="m" lem="tiempo" num="s" pos="ncms000" postype="common" sense="16:00015594" wd="tiempo"/>
          </grup.nom>
        </sn>
      </sp>
      <sn arg="arg0" elliptic="yes" func="suj" tem="cau"/>
      <grup.verb>
        <v lem="hacer" lss="A12.ditransitive-causative-state" mood="indicative" num="s" person="3" pos="vmis3s0" postype="main" tense="past" wd="hizo"/>
      </grup.verb>
      <sp arg="arg2" func="creg" tem="ein">
        <prep>
          <s lem="de" pos="sps00" postype="preposition" wd="de"/>
        </prep>
        <sn>
          <spec gen="m" num="s">
            <d gen="c" lem="su" num="s" person="3" pos="dp3cs0" postype="possessive" wd="su"/>
          </spec>
          <grup.nom gen="m" num="s">
            <n gen="m" lem="fundador" num="s" pos="ncms000" postype="common" sense="16:07276210" wd="fundador"/>
          </grup.nom>
        </sn>
      </sp>
      <sn arg="arg1" func="cd" tem="tem">
        <spec gen="m" num="s">
          <d gen="m" lem="el" num="s" pos="da0ms0" postype="article" wd="el"/>
        </spec>
        <grup.nom gen="m" num="s">
          <n gen="m" lem="dolor" num="s" pos="ncms000" postype="common" sense="16:04492345" wd="dolor"/>
          <sp>
            <prep>
              <s lem="de" pos="sps00" postype="preposition" wd="de"/>
            </prep>
            <sn>
              <spec gen="m" num="p">
                <d gen="m" lem="el" num="p" pos="da0mp0" postype="article" wd="los"/>
              </spec>
              <grup.nom gen="m" num="p">
                <n gen="m" lem="obrero" num="p" pos="ncmp000" postype="common" sense="16:07687635" wd="obreros"/>
              </grup.nom>
            </sn>
          </sp>
        </grup.nom>
      </sn>
    </S>
    <f lem="." pos="fp" punct="period" wd="."/>
  </sentence>
  <sentence coord="yes">
    <S>
      <sn arg="arg1" entityref="ne" func="suj" ne="organization" tem="tem">
        <spec gen="f" num="s">
          <d gen="f" lem="el" num="s" pos="da0fs0" postype="article" wd="La"/>
        </spec>
        <grup.nom gen="f" num="s">
          <n gen="f" lem="compañía" num="s" pos="ncfs000" postype="common" sense="16:06006256" wd="compañía"/>
          <sn entityref="ne" ne="person">
            <grup.nom>
              <n lem="Ford" ne="person" pos="np0000p" postype="proper" sense="16:07716470" wd="Ford"/>
            </grup.nom>
          </sn>
        </grup.nom>
      </sn>
      <morfema.pronominal>
        <p gen="c" lem="él" num="c" person="3" pos="p0300000" wd="se"/>
      </morfema.pronominal>
      <grup.verb>
        <v lem="extender" lss="B22.unaccusative-passive-transitive" mood="indicative" num="s" person="3" pos="vmis3s0" postype="main" tense="past" wd="extendió"/>
      </grup.verb>
      <sp arg="arg2" func="cc" tem="loc">
        <prep>
          <s lem="por" pos="sps00" postype="preposition" wd="por"/>
        </prep>
        <sn>
          <spec gen="m" num="s">
            <d gen="m" lem="todo" num="s" pos="di0ms0" postype="indefinite" wd="todo"/>
            <d gen="m" lem="el" num="s" pos="da0ms0" postype="article" wd="el"/>
          </spec>
          <grup.nom gen="m" num="s">
            <n gen="m" lem="mundo" num="s" pos="ncms000" postype="common" sense="16:06753779" wd="mundo"/>
          </grup.nom>
        </sn>
      </sp>
    </S>
    <conj conjunctiontype="coordinating">
      <c lem="y" pos="cc" postype="coordinating" wd="y"/>
    </conj>
    <S>
      <sn arg="arg1" elliptic="yes" func="suj" tem="tem"/>
      <grup.verb>
        <v lem="servir" lss="C41.state-benefactive" mood="indicative" num="s" person="3" pos="vmis3s0" postype="main" tense="past" wd="sirvió"/>
      </grup.verb>
      <sp arg="arg3" func="creg" tem="fin">
        <prep>
          <s lem="de" pos="sps00" postype="preposition" wd="de"/>
        </prep>
        <sn>
          <grup.nom gen="m" num="s">
            <n gen="m" lem="modelo" num="s" pos="ncms000" postype="common" sense="16:04549495" wd="modelo"/>
          </grup.nom>
        </sn>
      </sp>
      <sp arg="arg2" func="ci" tem="ben">
        <prep>
          <s lem="a" pos="sps00" postype="preposition" wd="a"/>
        </prep>
        <sn>
          <spec gen="f" num="p">
            <d gen="f" lem="el" num="p" pos="da0fp0" postype="article" wd="las"/>
          </spec>
          <grup.nom gen="f" num="p">
            <n gen="f" lem="empresa" num="p" pos="ncfp000" postype="common" sense="16:06004580" wd="empresas"/>
            <sp>
              <prep>
                <s lem="de" pos="sps00" postype="preposition" wd="de"/>
              </prep>
              <sn>
                <grup.nom gen="m" num="p">
                  <n gen="m" lem="coche" num="p" pos="ncmp000" postype="common" sense="16:02383458" wd="coches"/>
                </grup.nom>
              </sn>
            </sp>
          </grup.nom>
        </sn>
      </sp>
    </S>
    <f lem="." pos="fp" punct="period" wd="."/>
  </sentence>
  <sentence coord="yes">
    <S>
      <sn arg="arg0" entityref="ne" func="suj" ne="person" tem="agt">
        <grup.nom gen="m" num="s">
          <n lem="Henry_Ford" ne="person" pos="np0000p" postype="proper" sense="16:07716470" wd="Henry_Ford"/>
        </grup.nom>
      </sn>
      <sp arg="argM" func="cc" tem="adv">
        <f lem="," pos="fc" punct="comma" wd=","/>
        <prep>
          <s lem="por" pos="sps00" postype="preposition" wd="por"/>
        </prep>
        <sn>
          <spec gen="f" num="s">
            <d gen="c" lem="su" num="s" person="3" pos="dp3cs0" postype="possessive" wd="su"/>
          </spec>
          <grup.nom gen="f" num="s">
            <n gen="f" lem="parte" num="s" pos="ncfs000" postype="common" sense="16:cs1" wd="parte"/>
          </grup.nom>
        </sn>
        <f lem="," pos="fc" punct="comma" wd=","/>
      </sp>
      <grup.verb>
        <v lem="querer" lss="A21.transitive-agentive-patient" mood="indicative" num="s" person="3" pos="vmis3s0" postype="main" tense="past" wd="quiso"/>
      </grup.verb>
      <S arg="arg1" clausetype="completive" func="cd" impersonal="yes" tem="pat">
        <infinitiu>
          <v lem="dedicar" lss="A22.transitive-agentive-theme" mood="infinitive" pos="vmn0000" postype="main" wd="dedicarse"/>
        </infinitiu>
        <sp arg="arg1" func="creg" tem="tem">
          <prep>
            <s lem="a" pos="sps00" postype="preposition" wd="a"/>
          </prep>
          <sn>
            <spec gen="f" num="s">
              <d gen="f" lem="el" num="s" pos="da0fs0" postype="article" wd="la"/>
            </spec>
            <grup.nom gen="f" num="s">
              <n gen="f" lem="política" num="s" pos="ncfs000" postype="common" sense="16:04673837" wd="política"/>
            </grup.nom>
          </sn>
        </sp>
      </S>
    </S>
    <f lem="," pos="fc" punct="comma" wd=","/>
    <S>
      <sn arg="arg0" elliptic="yes" func="suj" tem="agt"/>
      <grup.verb>
        <v lem="hacer" lss="D11.inergative-agentive" mood="indicative" num="s" person="3" pos="vmis3s0" postype="main" tense="past" wd="hizo"/>
      </grup.verb>
      <sn arg="argL" func="cd">
        <grup.nom gen="m" num="p">
          <n gen="m" lem="alarde" lexicalid="noun.alarde.1.default" num="p" origin="deverbal" pos="ncmp000" postype="common" sense="16:00335874" wd="alardes"/>
          <sp arg="arg1" func="cn" tem="tem">
            <prep>
              <s lem="de" pos="sps00" postype="preposition" wd="de"/>
            </prep>
            <sn>
              <grup.nom gen="m" num="s">
                <n gen="m" lem="antisionismo" num="s" pos="ncms000" postype="common" sense="16:cs1" wd="antisionismo"/>
              </grup.nom>
            </sn>
          </sp>
        </grup.nom>
      </sn>
    </S>
    <conj conjunctiontype="coordinating">
      <c lem="y" pos="cc" postype="coordinating" wd="y"/>
    </conj>
    <S>
      <sn arg="arg1" elliptic="yes" func="suj" tem="tem"/>
      <grup.verb>
        <v lem="experimentar" lss="C21.state-attributive" mood="indicative" num="s" person="3" pos="vmis3s0" postype="main" tense="past" wd="experimentó"/>
      </grup.verb>
      <sn arg="arg2" func="cd" functype="quantitative" tem="atr">
        <grup.nom gen="m" num="p">
          <s.a func="cn" gen="m" num="p">
            <grup.a gen="m" num="p">
              <a gen="m" lem="amargo" num="p" pos="aq0mp0" postype="qualificative" wd="amargos"/>
            </grup.a>
          </s.a>
          <n gen="m" lem="fracaso" lexicalid="noun.fracaso.1.default" num="p" origin="deverbal" pos="ncmp000" postype="common" sense="16:10385774" wd="fracasos"/>
        </grup.nom>
      </sn>
      <sp arg="argM" func="cc" tem="adv">
        <prep>
          <s lem="en" pos="sps00" postype="preposition" wd="en"/>
        </prep>
        <sn>
          <spec gen="m" num="s">
            <d gen="c" lem="su" num="s" person="3" pos="dp3cs0" postype="possessive" wd="su"/>
          </spec>
          <grup.nom gen="m" num="s">
            <n gen="m" lem="afán" num="s" pos="ncms000" postype="common" sense="16:05616745" wd="afán"/>
            <sp>
              <prep>
                <s lem="de" pos="sps00" postype="preposition" wd="de"/>
              </prep>
              <S clausetype="completive" impersonal="yes">
                <infinitiu>
                  <v lem="romper" lss="A11.transitive-causative" mood="infinitive" pos="vmn0000" postype="main" wd="romper"/>
                </infinitiu>
                <sp arg="argM" func="cc" tem="adv">
                  <prep>
                    <s lem="por" pos="sps00" postype="preposition" wd="por"/>
                  </prep>
                  <sn>
                    <spec gen="f" num="s">
                      <d gen="f" lem="el" num="s" pos="da0fs0" postype="article" wd="la"/>
                    </spec>
                    <grup.nom gen="f" num="s">
                      <n gen="f" lem="violencia" lexicalid="noun.violencia.1.default" num="s" origin="deverbal" pos="ncfs000" postype="common" sense="16:00619852" wd="violencia"/>
                    </grup.nom>
                  </sn>
                </sp>
                <sn arg="arg1" func="cd" tem="tem">
                  <spec gen="f" num="s">
                    <d gen="f" lem="el" num="s" pos="da0fs0" postype="article" wd="la"/>
                  </spec>
                  <grup.nom gen="f" num="s">
                    <n gen="f" lem="sindicación" lexicalid="noun.sindicación.1.default" num="s" origin="deverbal" pos="ncfs000" postype="common" sense="16:00155072" wd="sindicación"/>
                    <sp arg="arg1" func="cn" tem="pat">
                      <prep>
                        <s lem="de" pos="sps00" postype="preposition" wd="de"/>
                      </prep>
                      <sn>
                        <spec gen="m" num="p">
                          <d gen="c" lem="su" num="p" person="3" pos="dp3cp0" postype="possessive" wd="sus"/>
                        </spec>
                        <grup.nom gen="m" num="p">
                          <n gen="m" lem="obrero" num="p" pos="ncmp000" postype="common" sense="16:07687635" wd="obreros"/>
                        </grup.nom>
                      </sn>
                    </sp>
                  </grup.nom>
                </sn>
              </S>
            </sp>
          </grup.nom>
        </sn>
      </sp>
    </S>
    <f lem="." pos="fp" punct="period" wd="."/>
  </sentence>
  <sentence>
    <sp arg="argM" func="cc" tem="adv">
      <prep>
        <c lem="como" pos="cs" postype="subordinating" wd="Como"/>
      </prep>
      <sn>
        <spec gen="m" num="p">
          <d gen="m" lem="tanto" num="p" pos="di0mp0" postype="indefinite" wd="tantos"/>
        </spec>
        <grup.nom gen="m" num="p">
          <n gen="m" lem="hito" num="p" pos="ncmp000" postype="common" sense="16:05521421" wd="hitos"/>
          <s.a gen="m" num="p">
            <grup.a gen="m" num="p">
              <a gen="c" lem="industrial" num="p" pos="aq0cp0" postype="qualificative" wd="industriales"/>
            </grup.a>
          </s.a>
          <sp>
            <prep>
              <s contracted="yes" gen="m" lem="del" num="s" pos="spcms" postype="preposition" wd="del"/>
            </prep>
            <sn>
              <grup.nom gen="m" num="s">
                <n gen="m" lem="siglo" num="s" pos="ncms000" postype="common" sense="16:10918678" wd="siglo"/>
              </grup.nom>
            </sn>
          </sp>
        </grup.nom>
      </sn>
      <f lem="," pos="fc" punct="comma" wd=","/>
    </sp>
    <sn arg="arg0" func="suj" tem="cau">
      <spec gen="m" num="s">
        <d gen="m" lem="el" num="s" pos="da0ms0" postype="article" wd="el"/>
      </spec>
      <grup.nom gen="m" num="s">
        <n gen="m" lem="automóvil" num="s" pos="ncms000" postype="common" sense="16:02383458" wd="automóvil"/>
      </grup.nom>
    </sn>
    <grup.verb>
      <v lem="hacer" mood="indicative" num="s" person="3" pos="vmis3s0" postype="main" tense="past" wd="hizo"/>
      <infinitiu>
        <v lem="pagar" lss="A32.ditransitive-patient-benefactive" mood="infinitive" pos="vmn0000" postype="main" wd="pagar"/>
      </infinitiu>
    </grup.verb>
    <sn arg="arg1" func="cd" tem="tem">
      <spec gen="m" num="s">
        <d gen="c" lem="su" num="s" person="3" pos="dp3cs0" postype="possessive" wd="su"/>
      </spec>
      <grup.nom gen="m" num="s">
        <n gen="m" lem="precio" num="s" pos="ncms000" postype="common" sense="16:04008333" wd="precio"/>
      </grup.nom>
    </sn>
    <sp arg="arg2" func="ci" tem="ben">
      <prep>
        <s lem="a" pos="sps00" postype="preposition" wd="a"/>
      </prep>
      <sn>
        <spec gen="f" num="s">
          <d gen="f" lem="el" num="s" pos="da0fs0" postype="article" wd="la"/>
        </spec>
        <grup.nom gen="f" num="s">
          <n gen="f" lem="sociedad" num="s" pos="ncfs000" postype="common" sense="16:05973283" wd="sociedad"/>
        </grup.nom>
      </sn>
    </sp>
    <f lem="." pos="fp" punct="period" wd="."/>
  </sentence>
</article>
