<?xml version="1.0" encoding="UTF-8" standalone="no"?>
<!-- 

  ancora-2.0
       
			Copyright (C) 2007, 2008, 2009, 2010, 2011 UB - CLiC
			Centre de Llenguatge i Computació - Universitat de Barcelona
 
  This file is part of ancora-2.0.
 
  ancora-2.0 is free software and data: you can redistribute it and/or modify
  it under the terms of the GNU General Public License as published
  by the Free Software Foundation, either version 3 of the License,
  or (at your option) any later version.

  ancora-2.0 is distributed in the hope that it will be useful,
  but WITHOUT ANY WARRANTY; without even the implied warranty of
  MERCHANTABILITY or FITNESS FOR A PARTICULAR PURPOSE.  See the
  GNU General Public License for more details.
 
  You should have received a copy of the GNU General Public License
  along with ancora-2.0.  If not, see &lt;http://www.gnu.org/licenses/&gt;.
 
  Check a text in catalan explaining the terms of the license at http://www.softcatala.cat/wiki/GPL3.
  In spanish at http://www.viti.es/gnu/licenses/gpl.html
 

  The following paper must be cited when using this corpus:

 * Taulé, M., M.A. Martí, M. Recasens (2008) 'Ancora: Multilevel Annotated Corpora for Catalan and Spanish',
   Proceedings of 6th International Conference on Language Resources and Evaluation. Marrakesh (Morocco).

  In addition, the following paper must be cited if coreference information (attributes entity, coreftype,
  corefsubtype, homophoricDD or entityref) is used:

 * Recasens, Marta, M. Antònia Martí (2010) ‘AnCora-CO: Coreferentially annotated corpora for Spanish and
   Catalan’. Language Resources and Evaluation, Springer Science.

  Additionally, the following paper must be cited when argumental attributes in "sn" or "grup.nom"
  (attributes func, arg, tem or lexicalid) are used:

 * Peris, Aina, Mariona Taulé, Horacio Rodríguez (2010) ‘Semantic Annotation of Deverbal Nominalizations in the
   Spanish AnCora corpus’. Treebanks and Linguistic Theories (TLT-2010), Estonia.
-->
<article lng="es">
  <sentence>
    <sn arg="arg0" complex="yes" func="suj" tem="agt">
      <grup.nom coord="yes">
        <grup.nom coord="yes">
          <grup.nom gen="m" num="s">
            <n lem="Schrieffer" ne="person" pos="np0000p" postype="proper" sense="16:cs1" wd="Schrieffer"/>
          </grup.nom>
          <conj conjunctiontype="coordinating">
            <c lem="y" pos="cc" postype="coordinating" wd="y"/>
          </conj>
          <grup.nom gen="m" num="s">
            <n lem="Heeger" ne="person" pos="np0000p" postype="proper" sense="16:cs1" wd="Heeger"/>
          </grup.nom>
        </grup.nom>
        <sp adjunct="yes">
          <f lem="," pos="fc" punct="comma" wd=","/>
          <prep>
            <s lem="de" pos="sps00" postype="preposition" wd="de"/>
          </prep>
          <sn entityref="ne" ne="organization">
            <spec gen="f" num="s">
              <d gen="f" lem="el" num="s" pos="da0fs0" postype="article" wd="la"/>
            </spec>
            <grup.nom gen="f" num="s">
              <n lem="Universidad_de_Santa_Bárbara" ne="organization" pos="np0000o" postype="proper" sense="16:cs1" wd="Universidad_de_Santa_Bárbara"/>
              <sp>
                <prep>
                  <s lem="en" pos="sps00" postype="preposition" wd="en"/>
                </prep>
                <sn entityref="ne" ne="location">
                  <grup.nom>
                    <n lem="California" ne="location" pos="np0000l" postype="proper" sense="16:06601656" wd="California"/>
                  </grup.nom>
                </sn>
              </sp>
            </grup.nom>
          </sn>
          <f lem="," pos="fc" punct="comma" wd=","/>
        </sp>
      </grup.nom>
    </sn>
    <grup.verb>
      <v lem="sugerir" lss="A32.ditransitive-patient-benefactive" mood="indicative" num="p" person="3" pos="vmip3p0" postype="main" tense="present" wd="sugieren"/>
    </grup.verb>
    <sn arg="arg1" func="cd" tem="pat">
      <spec gen="f" num="s">
        <d gen="f" lem="el" num="s" pos="da0fs0" postype="article" wd="la"/>
      </spec>
      <grup.nom gen="f" num="s">
        <n gen="f" lem="formación" lexicalid="noun.formación.8.default" num="s" origin="deverbal" pos="ncfs000" postype="common" sense="16:00593716" wd="formación"/>
        <sp arg="arg1" func="cn" tem="tem">
          <prep>
            <s lem="de" pos="sps00" postype="preposition" wd="de"/>
          </prep>
          <sn>
            <grup.nom gen="m" num="p">
              <n gen="m" lem="solitón" num="p" pos="ncmp000" postype="common" sense="16:cs1" wd="solitones"/>
              <sn>
                <f lem="(" pos="fpa" punct="bracket" punctenclose="open" wd="("/>
                <grup.nom gen="m" num="p">
                  <sadv>
                    <grup.adv>
                      <r lem="básicamente" pos="rg" wd="básicamente"/>
                    </grup.adv>
                  </sadv>
                  <n gen="m" lem="carbocatión" num="p" pos="ncmp000" postype="common" sense="16:cs1" wd="carbocationes"/>
                  <S clausetype="participle" impersonal="yes">
                    <participi>
                      <a gen="m" lem="deslocalizado" num="p" pos="aq0mpp" posfunction="participle" postype="qualificative" wd="deslocalizados"/>
                    </participi>
                  </S>
                </grup.nom>
                <f lem=")" pos="fpt" punct="bracket" punctenclose="close" wd=")"/>
              </sn>
            </grup.nom>
          </sn>
        </sp>
      </grup.nom>
    </sn>
    <f lem="." pos="fp" punct="period" wd="."/>
  </sentence>
  <sentence>
    <sp arg="argM" func="cc" tem="loc">
      <prep>
        <s lem="en" pos="sps00" postype="preposition" wd="En"/>
      </prep>
      <sn>
        <spec gen="m" num="p">
          <d gen="m" lem="aquel" num="p" pos="dd0mp0" postype="demonstrative" wd="aquellos"/>
        </spec>
        <grup.nom gen="m" num="p">
          <n gen="m" lem="polímero" num="p" pos="ncmp000" postype="common" sense="16:10760958" wd="polímeros"/>
          <s.a gen="m" num="p">
            <grup.a gen="m" num="p">
              <a gen="m" lem="conductor" num="p" pos="aq0mp0" postype="qualificative" wd="conductores"/>
            </grup.a>
          </s.a>
          <S clausetype="relative">
            <sp arg="arg3" func="ci" tem="ben">
              <prep>
                <s lem="para" pos="sps00" postype="preposition" wd="para"/>
              </prep>
              <sn>
                <spec gen="m" num="p">
                  <d gen="m" lem="el" num="p" pos="da0mp0" postype="article" wd="los"/>
                </spec>
                <relatiu>
                  <p gen="c" lem="que" num="c" pos="pr0cn000" postype="relative" wd="que"/>
                </relatiu>
              </sn>
            </sp>
            <neg func="mod">
              <r lem="no" pos="rn" postype="negative" wd="no"/>
            </neg>
            <grup.verb>
              <v lem="ser" lss="C21.state-attributive" mood="indicative" num="s" person="3" pos="vsip3s0" postype="semiauxiliary" tense="present" wd="es"/>
            </grup.verb>
            <sa arg="arg2" func="atr" tem="atr">
              <grup.a>
                <a gen="c" lem="posible" num="s" pos="aq0cs0" postype="qualificative" wd="posible"/>
              </grup.a>
            </sa>
            <sn arg="arg1" func="suj" tem="tem">
              <spec gen="f" num="s">
                <d gen="f" lem="el" num="s" pos="da0fs0" postype="article" wd="la"/>
              </spec>
              <grup.nom gen="f" num="s">
                <n gen="f" lem="formación" lexicalid="noun.formación.8.default" num="s" origin="deverbal" pos="ncfs000" postype="common" sense="16:00593716" wd="formación"/>
                <sp arg="arg1" func="cn" tem="tem">
                  <prep>
                    <s lem="de" pos="sps00" postype="preposition" wd="de"/>
                  </prep>
                  <sn>
                    <grup.nom gen="m" num="p">
                      <n gen="m" lem="solitón" num="p" pos="ncmp000" postype="common" sense="16:cs1" wd="solitones"/>
                    </grup.nom>
                  </sn>
                </sp>
              </grup.nom>
            </sn>
          </S>
        </grup.nom>
      </sn>
    </sp>
    <morfema.verbal func="pass">
      <p gen="c" lem="se" num="c" pos="p0000000" wd="se"/>
    </morfema.verbal>
    <grup.verb>
      <v lem="haber" mood="indicative" num="s" person="3" pos="vaip3s0" postype="auxiliary" tense="present" wd="ha"/>
      <v gen="m" lem="proponer" lss="B12.unaccusative-passive-ditransitive" mood="participle" num="s" pos="vmp00sm" postype="main" wd="propuesto"/>
    </grup.verb>
    <sn arg="arg1" func="suj" tem="pat">
      <spec gen="f" num="s">
        <d gen="f" lem="el" num="s" pos="da0fs0" postype="article" wd="la"/>
      </spec>
      <grup.nom gen="f" num="s">
        <n gen="f" lem="formación" lexicalid="noun.formación.8.default" num="s" origin="deverbal" pos="ncfs000" postype="common" sense="16:00593716" wd="formación"/>
        <sp arg="arg1" func="cn" tem="tem">
          <prep>
            <s lem="de" pos="sps00" postype="preposition" wd="de"/>
          </prep>
          <sn complex="yes">
            <grup.nom coord="yes">
              <grup.nom gen="m" num="p">
                <n gen="m" lem="polarón" num="p" pos="ncmp000" postype="common" sense="16:cs1" wd="polarones"/>
                <sn>
                  <f lem="(" pos="fpa" punct="bracket" punctenclose="open" wd="("/>
                  <grup.nom gen="m" num="p">
                    <n gen="m" lem="iones-radical" num="p" pos="ncmp000" postype="common" sense="16:cs1" wd="iones-radical"/>
                  </grup.nom>
                  <f lem=")" pos="fpt" punct="bracket" punctenclose="close" wd=")"/>
                </sn>
              </grup.nom>
              <conj conjunctiontype="coordinating">
                <c lem="y" pos="cc" postype="coordinating" wd="y"/>
              </conj>
              <grup.nom gen="m" num="p">
                <n gen="m" lem="bipolarón" num="p" pos="ncmp000" postype="common" sense="16:cs1" wd="bipolarones"/>
                <sn>
                  <f lem="(" pos="fpa" punct="bracket" punctenclose="open" wd="("/>
                  <grup.nom gen="m" num="p">
                    <n gen="m" lem="dicatión" num="p" pos="ncmp000" postype="common" sense="16:cs1" wd="dicationes"/>
                    <S clausetype="relative">
                      <sn arg="arg1" func="suj" tem="tem">
                        <relatiu arg="arg1" tem="pat">
                          <p gen="f" lem="cuyo" num="p" pos="pr0fp000" postype="relative" wd="cuyas"/>
                        </relatiu>
                        <grup.nom gen="f" num="p">
                          <n gen="f" lem="carga" lexicalid="noun.carga.2.default" num="p" origin="deverbal" pos="ncfp000" postype="common" sense="16:02934345" wd="cargas"/>
                        </grup.nom>
                      </sn>
                      <morfema.pronominal>
                        <p gen="c" lem="él" num="c" person="3" pos="p0300000" wd="se"/>
                      </morfema.pronominal>
                      <grup.verb>
                        <v lem="hallar" lss="C11.state-existential" mood="indicative" num="p" person="3" pos="vmip3p0" postype="main" tense="present" wd="hallan"/>
                      </grup.verb>
                      <sp arg="argM" func="cc" tem="loc">
                        <prep>
                          <s lem="en" pos="sps00" postype="preposition" wd="en"/>
                        </prep>
                        <sn>
                          <spec gen="f" num="s">
                            <d gen="f" lem="uno" num="s" pos="di0fs0" postype="indefinite" wd="una"/>
                            <d gen="f" lem="mismo" num="s" pos="di0fs0" postype="indefinite" wd="misma"/>
                          </spec>
                          <grup.nom gen="f" num="s">
                            <n gen="f" lem="región" num="s" pos="ncfs000" postype="common" sense="16:06359477" wd="región"/>
                            <sp>
                              <prep>
                                <s contracted="yes" gen="m" lem="del" num="s" pos="spcms" postype="preposition" wd="del"/>
                              </prep>
                              <sn>
                                <grup.nom gen="m" num="s">
                                  <n gen="m" lem="polímero" num="s" pos="ncms000" postype="common" sense="16:10760958" wd="polímero"/>
                                </grup.nom>
                              </sn>
                            </sp>
                          </grup.nom>
                        </sn>
                      </sp>
                    </S>
                  </grup.nom>
                  <f lem=")" pos="fpt" punct="bracket" punctenclose="close" wd=")"/>
                </sn>
              </grup.nom>
            </grup.nom>
          </sn>
        </sp>
      </grup.nom>
    </sn>
    <f lem="." pos="fp" punct="period" wd="."/>
  </sentence>
  <sentence>
    <sp arg="argM" func="cc" tem="adv">
      <prep>
        <s lem="a_pesar_de" pos="sps00" postype="preposition" wd="A_pesar_de"/>
      </prep>
      <sn>
        <spec gen="m" num="p">
          <d gen="m" lem="este" num="p" pos="dd0mp0" postype="demonstrative" wd="estos"/>
        </spec>
        <grup.nom gen="m" num="p">
          <n gen="m" lem="argumento" num="p" pos="ncmp000" postype="common" sense="16:04985978" wd="argumentos"/>
        </grup.nom>
      </sn>
      <f lem="," pos="fc" punct="comma" wd=","/>
    </sp>
    <sn arg="arg1" func="suj" tem="tem">
      <spec gen="m" num="p">
        <d gen="m" lem="el" num="p" pos="da0mp0" postype="article" wd="los"/>
      </spec>
      <grup.nom gen="m" num="p">
        <n gen="m" lem="aspecto" num="p" pos="ncmp000" postype="common" sense="16:04505726" wd="aspectos"/>
        <s.a gen="m" num="p">
          <grup.a gen="m" num="p">
            <a gen="m" lem="teórico" num="p" pos="aq0mp0" postype="qualificative" wd="teóricos"/>
          </grup.a>
        </s.a>
        <S clausetype="relative">
          <relatiu arg="arg0" func="suj" tem="agt">
            <p gen="c" lem="que" num="c" pos="pr0cn000" postype="relative" wd="que"/>
          </relatiu>
          <grup.verb>
            <v lem="justificar" lss="A21.transitive-agentive-patient" mood="indicative" num="p" person="3" pos="vmip3p0" postype="main" tense="present" wd="justifican"/>
          </grup.verb>
          <sn arg="arg1" func="cd" tem="pat">
            <spec gen="f" num="s">
              <d gen="f" lem="el" num="s" pos="da0fs0" postype="article" wd="la"/>
            </spec>
            <grup.nom gen="f" num="s">
              <S clausetype="participle" impersonal="yes">
                <participi>
                  <a gen="f" lem="elevado" num="s" pos="aq0fsp" posfunction="participle" postype="qualificative" wd="elevada"/>
                </participi>
              </S>
              <n gen="f" lem="conductividad" num="s" pos="ncfs000" postype="common" sense="16:07837945" wd="conductividad"/>
              <sp>
                <prep>
                  <s lem="en" pos="sps00" postype="preposition" wd="en"/>
                </prep>
                <sn>
                  <grup.nom gen="m" num="p">
                    <n gen="m" lem="polímero" num="p" pos="ncmp000" postype="common" sense="16:10760958" wd="polímeros"/>
                    <s.a gen="m" num="p">
                      <grup.a gen="m" num="p">
                        <a gen="m" lem="orgánico" num="p" pos="aq0mp0" postype="qualificative" wd="orgánicos"/>
                      </grup.a>
                    </s.a>
                  </grup.nom>
                </sn>
              </sp>
            </grup.nom>
          </sn>
        </S>
      </grup.nom>
    </sn>
    <grup.verb>
      <v lem="ser" lss="C21.state-attributive" mood="indicative" num="s" person="3" pos="vsip3s0" postype="semiauxiliary" tense="present" wd="es"/>
    </grup.verb>
    <sadv arg="argM" func="cc" tem="tmp">
      <grup.adv>
        <r lem="hoy" pos="rg" wd="hoy"/>
      </grup.adv>
    </sadv>
    <sn arg="arg2" func="atr" tem="atr">
      <spec gen="m" num="s">
        <d gen="m" lem="uno" num="s" pos="di0ms0" postype="indefinite" wd="un"/>
      </spec>
      <grup.nom gen="m" num="s">
        <n gen="m" lem="tema" num="s" pos="ncms000" postype="common" sense="16:04950638" wd="tema"/>
        <S clausetype="participle" impersonal="yes">
          <participi>
            <a gen="m" lem="abierto" num="s" pos="aq0msp" posfunction="participle" postype="qualificative" wd="abierto"/>
          </participi>
        </S>
      </grup.nom>
    </sn>
    <f lem="." pos="fp" punct="period" wd="."/>
  </sentence>
  <sentence>
    <sadv func="et">
      <grup.adv>
        <r lem="de_hecho" pos="rg" wd="De_hecho"/>
      </grup.adv>
      <f lem="," pos="fc" punct="comma" wd=","/>
    </sadv>
    <sn arg="arg1" func="suj" tem="tem">
      <spec gen="m" num="s">
        <d gen="m" lem="el" num="s" pos="da0ms0" postype="article" wd="el"/>
      </spec>
      <grup.nom gen="m" num="s">
        <n gen="m" lem="proceso" lexicalid="noun.proceso.1.default" num="s" origin="deverbal" pos="ncms000" postype="common" sense="16:09669871" wd="proceso"/>
        <sp arg="arg1" func="cn" tem="pat">
          <prep>
            <s lem="de" pos="sps00" postype="preposition" wd="de"/>
          </prep>
          <sn>
            <grup.nom gen="m" num="s">
              <f lem="-" pos="fg" punct="hyphen" wd="-"/>
              <n gen="m" lem="dopado" lexicalid="noun.dopado.2.default" num="s" origin="deverbal" pos="ncms000" postype="common" sense="16:cs1" wd="dopado"/>
              <f lem="-" pos="fg" punct="hyphen" wd="-"/>
            </grup.nom>
          </sn>
        </sp>
      </grup.nom>
    </sn>
    <neg func="mod">
      <r lem="no" pos="rn" postype="negative" wd="no"/>
    </neg>
    <grup.verb>
      <v lem="soler" mood="indicative" num="s" person="3" pos="vmip3s0" postype="main" tense="present" wd="suele"/>
      <infinitiu>
        <v lem="ser" lss="C21.state-attributive" mood="infinitive" pos="vsn0000" postype="semiauxiliary" wd="ser"/>
      </infinitiu>
    </grup.verb>
    <sa arg="arg2" func="atr" tem="atr">
      <spec>
        <r lem="completamente" pos="rg" wd="completamente"/>
      </spec>
      <grup.a>
        <a gen="c" lem="uniforme" num="s" pos="aq0cs0" postype="qualificative" wd="uniforme"/>
        <sp>
          <prep>
            <s lem="en" pos="sps00" postype="preposition" wd="en"/>
          </prep>
          <sn>
            <spec gen="m" num="s">
              <d gen="m" lem="el" num="s" pos="da0ms0" postype="article" wd="el"/>
            </spec>
            <grup.nom gen="m" num="s">
              <n gen="m" lem="polímero" num="s" pos="ncms000" postype="common" sense="16:10760958" wd="polímero"/>
            </grup.nom>
          </sn>
        </sp>
      </grup.a>
    </sa>
    <S clausesubtype="concessive" clausetype="adverbial" func="ao">
      <conj conjunctiontype="subordinating">
        <c lem="aunque" pos="cs" postype="subordinating" wd="aunque"/>
      </conj>
      <sn arg="arg1" func="suj" tem="tem">
        <spec gen="m" num="s">
          <d gen="m" lem="el" num="s" pos="da0ms0" postype="article" wd="el"/>
        </spec>
        <grup.nom gen="m" num="s">
          <n gen="m" lem="grado" num="s" pos="ncms000" postype="common" sense="16:04511196" wd="grado"/>
          <sp>
            <prep>
              <s lem="de" pos="sps00" postype="preposition" wd="de"/>
            </prep>
            <sn>
              <grup.nom gen="m" num="s">
                <n gen="m" lem="control" num="s" pos="ncms000" postype="common" sense="16:00513665" wd="control"/>
              </grup.nom>
            </sn>
          </sp>
        </grup.nom>
      </sn>
      <grup.verb>
        <v lem="ser" lss="C21.state-attributive" mood="indicative" num="s" person="3" pos="vsip3s0" postype="semiauxiliary" tense="present" wd="es"/>
      </grup.verb>
      <S arg="arg2" clausetype="participle" func="atr" impersonal="yes" tem="atr">
        <sadv arg="argM" func="cc" tem="adv">
          <grup.adv>
            <r lem="mucho" pos="rg" wd="muy"/>
          </grup.adv>
        </sadv>
        <participi>
          <a gen="m" lem="elevado" lss="B22.unaccusative-passive-transitive" num="s" pos="aq0msp" posfunction="participle" postype="qualificative" wd="elevado"/>
        </participi>
        <S arg="argM" clausetype="adverbial" func="cc" impersonal="yes" tem="adv">
          <gerundi>
            <v lem="utilizar" lss="A21.transitive-agentive-patient" mood="gerund" pos="vmg0000" postype="main" wd="utilizando"/>
          </gerundi>
          <sn arg="arg1" func="cd" tem="pat">
            <spec gen="m" num="s">
              <d gen="m" lem="el" num="s" pos="da0ms0" postype="article" wd="el"/>
            </spec>
            <grup.nom gen="m" num="s">
              <n gen="m" lem="método" num="s" pos="ncms000" postype="common" sense="16:04376254" wd="método"/>
              <s.a gen="m" num="s">
                <grup.a gen="m" num="s">
                  <a gen="m" lem="electroquímico" num="s" pos="aq0ms0" postype="qualificative" wd="electroquímico"/>
                </grup.a>
              </s.a>
            </grup.nom>
          </sn>
        </S>
      </S>
    </S>
    <f lem="." pos="fp" punct="period" wd="."/>
  </sentence>
  <sentence>
    <sadv arg="argM" func="cc" tem="adv">
      <grup.adv>
        <r lem="por_otro_lado" pos="rg" wd="Por_otro_lado"/>
      </grup.adv>
      <f lem="," pos="fc" punct="comma" wd=","/>
    </sadv>
    <sn arg="arg1" func="suj" tem="tem">
      <spec gen="f" num="s">
        <d gen="f" lem="el" num="s" pos="da0fs0" postype="article" wd="la"/>
      </spec>
      <grup.nom gen="f" num="s">
        <n gen="f" lem="influencia" lexicalid="noun.influencia.1.default" num="s" origin="deverbal" pos="ncfs000" postype="common" sense="16:07768179" wd="influencia"/>
        <sp arg="arg0" func="cn" tem="agt">
          <prep>
            <s lem="de" pos="sps00" postype="preposition" wd="de"/>
          </prep>
          <sn>
            <spec gen="f" num="s">
              <d gen="f" lem="el" num="s" pos="da0fs0" postype="article" wd="la"/>
            </spec>
            <grup.nom gen="f" num="s">
              <n gen="f" lem="especie" num="s" pos="ncfs000" postype="common" sense="16:04500860" wd="especie"/>
              <s.a gen="f" num="s">
                <grup.a gen="f" num="s">
                  <a gen="c" lem="dopante" num="s" pos="aq0cs0" postype="qualificative" wd="dopante"/>
                </grup.a>
              </s.a>
            </grup.nom>
          </sn>
        </sp>
        <sp arg="arg1" func="cn" tem="tem">
          <prep>
            <s lem="en" pos="sps00" postype="preposition" wd="en"/>
          </prep>
          <sn>
            <spec gen="m" num="s">
              <d gen="m" lem="el" num="s" pos="da0ms0" postype="article" wd="el"/>
            </spec>
            <grup.nom gen="m" num="s">
              <n gen="m" lem="proceso" lexicalid="noun.proceso.1.default" num="s" origin="deverbal" pos="ncms000" postype="common" sense="16:09669871" wd="proceso"/>
              <sp arg="arg1" func="cn" tem="pat">
                <prep>
                  <s lem="de" pos="sps00" postype="preposition" wd="de"/>
                </prep>
                <sn>
                  <grup.nom gen="f" num="s">
                    <n gen="f" lem="conducción" lexicalid="noun.conducción.2.default" num="s" origin="deverbal" pos="ncfs000" postype="common" sense="16:07837945" wd="conducción"/>
                  </grup.nom>
                </sn>
              </sp>
            </grup.nom>
          </sn>
        </sp>
      </grup.nom>
    </sn>
    <sadv arg="argM" func="cc" tem="adv">
      <grup.adv>
        <r lem="aún" pos="rg" wd="aún"/>
      </grup.adv>
    </sadv>
    <neg func="mod">
      <r lem="no" pos="rn" postype="negative" wd="no"/>
    </neg>
    <grup.verb>
      <v lem="estar" lss="C21.state-attributive" mood="indicative" num="s" person="3" pos="vmip3s0" postype="main" tense="present" wd="está"/>
    </grup.verb>
    <S arg="arg2" clausetype="participle" func="atr" impersonal="yes" tem="atr">
      <sadv arg="argM" func="cc" tem="mnr">
        <grup.adv>
          <r lem="totalmente" pos="rg" wd="totalmente"/>
        </grup.adv>
      </sadv>
      <participi>
        <a gen="f" lem="esclarecido" lss="B22.unaccusative-passive-transitive" num="s" pos="aq0fsp" posfunction="participle" postype="qualificative" wd="esclarecida"/>
      </participi>
    </S>
    <f lem="." pos="fp" punct="period" wd="."/>
  </sentence>
  <sentence>
    <sp arg="argM" func="cc" tem="tmp">
      <prep>
        <s lem="hasta" pos="sps00" postype="preposition" wd="Hasta"/>
      </prep>
      <sadv>
        <grup.adv>
          <r lem="ahora" pos="rg" wd="ahora"/>
        </grup.adv>
      </sadv>
    </sp>
    <sn arg="arg1" func="suj" tem="tem">
      <spec gen="m" num="p">
        <d gen="m" lem="este" num="p" pos="dd0mp0" postype="demonstrative" wd="estos"/>
      </spec>
      <grup.nom gen="m" num="p">
        <n gen="m" lem="compuesto" num="p" pos="ncmp000" postype="common" sense="16:10630741" wd="compuestos"/>
        <s.a gen="m" num="p">
          <grup.a gen="m" num="p">
            <a gen="m" lem="orgánico" num="p" pos="aq0mp0" postype="qualificative" wd="orgánicos"/>
          </grup.a>
        </s.a>
        <s.a gen="m" num="p">
          <grup.a gen="m" num="p">
            <a gen="m" lem="polimérico" num="p" pos="aq0mp0" postype="qualificative" wd="poliméricos"/>
          </grup.a>
        </s.a>
        <s.a gen="m" num="p">
          <grup.a gen="m" num="p">
            <a gen="m" lem="conductor" num="p" pos="aq0mp0" postype="qualificative" wd="conductores"/>
          </grup.a>
        </s.a>
      </grup.nom>
    </sn>
    <grup.verb>
      <v lem="presentar" lss="C21.state-attributive" mood="indicative" num="p" person="3" pos="vmip3p0" postype="main" tense="present" wd="presentan"/>
    </grup.verb>
    <sn arg="arg2" func="cd" functype="quantitative" tem="atr">
      <spec gen="m" num="s">
        <d gen="m" lem="el" num="s" pos="da0ms0" postype="article" wd="el"/>
      </spec>
      <grup.nom gen="m" num="s">
        <n gen="m" lem="problema" num="s" pos="ncms000" postype="common" sense="16:04394770" wd="problema"/>
        <sp>
          <prep>
            <s lem="de" pos="sps00" postype="preposition" wd="de"/>
          </prep>
          <sn>
            <spec gen="f" num="s">
              <d gen="c" lem="su" num="s" person="3" pos="dp3cs0" postype="possessive" wd="su"/>
            </spec>
            <grup.nom gen="f" num="s">
              <s.a gen="f" num="s">
                <grup.a gen="f" num="s">
                  <a gen="f" lem="escaso" num="s" pos="aq0fs0" postype="qualificative" wd="escasa"/>
                </grup.a>
              </s.a>
              <n gen="f" lem="estabilidad" num="s" pos="ncfs000" postype="common" sense="16:03750498" wd="estabilidad"/>
            </grup.nom>
          </sn>
        </sp>
      </grup.nom>
    </sn>
    <S arg="argM" clausetype="adverbial" func="cc" tem="cau">
      <f lem="," pos="fc" punct="comma" wd=","/>
      <conj conjunctiontype="subordinating">
        <c lem="ya_que" pos="cs" postype="subordinating" wd="ya_que"/>
      </conj>
      <sp arg="argM" func="cc" tem="adv">
        <prep>
          <s lem="en" pos="sps00" postype="preposition" wd="en"/>
        </prep>
        <sn>
          <spec gen="m" num="s">
            <d gen="m" lem="el" num="s" pos="da0ms0" postype="article" wd="el"/>
          </spec>
          <grup.nom gen="m" num="s">
            <n gen="m" lem="caso" num="s" pos="ncms000" postype="common" sense="16:10047274" wd="caso"/>
            <sp>
              <prep>
                <s contracted="yes" gen="m" lem="del" num="s" pos="spcms" postype="preposition" wd="del"/>
              </prep>
              <sn>
                <grup.nom gen="m" num="s">
                  <n gen="m" lem="poliacetileno" num="s" pos="ncms000" postype="common" sense="16:cs1" wd="poliacetileno"/>
                  <S clausetype="participle" impersonal="yes">
                    <participi>
                      <a gen="m" lem="dopado" num="s" pos="aq0msp" posfunction="participle" postype="qualificative" wd="dopado"/>
                    </participi>
                  </S>
                </grup.nom>
              </sn>
            </sp>
          </grup.nom>
        </sn>
        <f lem="," pos="fc" punct="comma" wd=","/>
      </sp>
      <sn arg="arg1" func="suj" tem="tem">
        <spec gen="f" num="s">
          <d gen="f" lem="el" num="s" pos="da0fs0" postype="article" wd="la"/>
        </spec>
        <grup.nom gen="f" num="s">
          <n gen="f" lem="degradación" lexicalid="noun.degradación.1.default" num="s" origin="deverbal" pos="ncfs000" postype="common" sense="16:00130362" wd="degradación"/>
          <sp arg="arg0" func="cn" tem="cau">
            <prep>
              <s lem="en" pos="sps00" postype="preposition" wd="en"/>
            </prep>
            <sn>
              <grup.nom gen="f" num="s">
                <n gen="f" lem="presencia" num="s" pos="ncfs000" postype="common" sense="16:06364655" wd="presencia"/>
                <sp>
                  <prep>
                    <s lem="de" pos="sps00" postype="preposition" wd="de"/>
                  </prep>
                  <sn>
                    <grup.nom gen="m" num="s">
                      <n gen="m" lem="aire" num="s" pos="ncms000" postype="common" sense="16:10646492" wd="aire"/>
                    </grup.nom>
                  </sn>
                </sp>
              </grup.nom>
            </sn>
          </sp>
        </grup.nom>
      </sn>
      <grup.verb>
        <v lem="comenzar" lss="C11.state-existential" mood="indicative" num="s" person="3" pos="vmip3s0" postype="main" tense="present" wd="comienza"/>
      </grup.verb>
      <sp arg="argM" func="cc" tem="tmp">
        <prep>
          <s lem="al_cabo_de" pos="sps00" postype="preposition" wd="al_cabo_de"/>
        </prep>
        <sn>
          <spec coord="yes" gen="f" num="p">
            <spec gen="f" num="s">
              <d gen="f" lem="uno" num="s" pos="dn0fs0" postype="numeral" wd="una"/>
            </spec>
            <conj conjunctiontype="coordinating">
              <c lem="o" pos="cc" postype="coordinating" wd="o"/>
            </conj>
            <spec gen="f" num="p">
              <d gen="c" lem="dos" num="p" pos="dn0cp0" postype="numeral" wd="dos"/>
            </spec>
          </spec>
          <grup.nom gen="f" num="p">
            <n gen="f" lem="hora" num="p" pos="ncfp000" postype="common" sense="16:10938063" wd="horas"/>
          </grup.nom>
        </sn>
      </sp>
    </S>
    <f lem="." pos="fp" punct="period" wd="."/>
  </sentence>
  <sentence>
    <sadv arg="argM" func="cc" tem="tmp">
      <spec>
        <r lem="mucho" pos="rg" wd="Muy"/>
      </spec>
      <grup.adv>
        <r lem="recientemente" pos="rg" wd="recientemente"/>
      </grup.adv>
    </sadv>
    <sn arg="arg0" entityref="ne" func="suj" ne="person" tem="agt">
      <grup.nom gen="m" num="s">
        <n lem="H._Naarmann" ne="person" pos="np0000p" postype="proper" sense="16:cs1" wd="H._Naarmann"/>
        <sp>
          <prep>
            <s lem="de" pos="sps00" postype="preposition" wd="de"/>
          </prep>
          <sn entityref="ne" ne="location">
            <spec gen="m" num="p">
              <d gen="m" lem="el" num="p" pos="da0mp0" postype="article" wd="los"/>
            </spec>
            <grup.nom gen="m" num="p">
              <n gen="m" lem="laboratorio" num="p" pos="ncmp000" postype="common" sense="16:02898427" wd="laboratorios"/>
              <sp>
                <prep>
                  <s lem="de" pos="sps00" postype="preposition" wd="de"/>
                </prep>
                <sn entityref="ne" ne="organization">
                  <grup.nom>
                    <n lem="BASF" ne="organization" pos="np0000o" postype="proper" sense="16:cs1" wd="BASF"/>
                  </grup.nom>
                </sn>
              </sp>
              <sp>
                <f lem="," pos="fc" punct="comma" wd=","/>
                <prep>
                  <s lem="en" pos="sps00" postype="preposition" wd="en"/>
                </prep>
                <sn entityref="ne" ne="location">
                  <grup.nom>
                    <n lem="Ludwigshafen" ne="location" pos="np0000l" postype="proper" sense="16:cs1" wd="Ludwigshafen"/>
                    <sn entityref="ne" ne="location">
                      <f lem="," pos="fc" punct="comma" wd=","/>
                      <grup.nom>
                        <n lem="Alemania" ne="location" pos="np0000l" postype="proper" sense="16:06442182" wd="Alemania"/>
                      </grup.nom>
                      <f lem="," pos="fc" punct="comma" wd=","/>
                    </sn>
                  </grup.nom>
                </sn>
              </sp>
            </grup.nom>
          </sn>
        </sp>
      </grup.nom>
    </sn>
    <grup.verb>
      <v lem="haber" mood="indicative" num="s" person="3" pos="vaip3s0" postype="auxiliary" tense="present" wd="ha"/>
      <v gen="m" lem="conseguir" lss="A21.transitive-agentive-patient" mood="participle" num="s" pos="vmp00sm" postype="main" wd="conseguido"/>
    </grup.verb>
    <S arg="arg1" clausetype="completive" func="cd" impersonal="yes" tem="pat">
      <infinitiu>
        <v lem="sintetizar" lss="A21.transitive-agentive-patient" mood="infinitive" pos="vmn0000" postype="main" wd="sintetizar"/>
      </infinitiu>
      <sp arg="argM" func="cc" tem="adv">
        <f lem="," pos="fc" punct="comma" wd=","/>
        <prep>
          <s lem="por" pos="sps00" postype="preposition" wd="por"/>
        </prep>
        <sn>
          <spec gen="m" num="s">
            <d gen="m" lem="uno" num="s" pos="di0ms0" postype="indefinite" wd="un"/>
          </spec>
          <grup.nom gen="m" num="s">
            <s.a gen="m" num="s">
              <grup.a gen="m" num="s">
                <a gen="m" lem="nuevo" num="s" pos="aq0ms0" postype="qualificative" wd="nuevo"/>
              </grup.a>
            </s.a>
            <n gen="m" lem="método" num="s" pos="ncms000" postype="common" sense="16:04376254" wd="método"/>
          </grup.nom>
        </sn>
        <f lem="," pos="fc" punct="comma" wd=","/>
      </sp>
      <sn arg="arg1" func="cd" tem="pat">
        <grup.nom gen="f" num="p">
          <n gen="f" lem="película" num="p" pos="ncfp000" postype="common" sense="16:02679093" wd="películas"/>
          <sp>
            <prep>
              <s lem="de" pos="sps00" postype="preposition" wd="de"/>
            </prep>
            <sn>
              <grup.nom gen="m" num="s">
                <n gen="m" lem="poliacetileno" num="s" pos="ncms000" postype="common" sense="16:cs1" wd="poliacetileno"/>
              </grup.nom>
            </sn>
          </sp>
          <sp>
            <prep>
              <s lem="de" pos="sps00" postype="preposition" wd="de"/>
            </prep>
            <sn>
              <grup.nom gen="f" num="s">
                <s.a gen="f" num="s">
                  <grup.a gen="f" num="s">
                    <a gen="f" lem="alto" num="s" pos="aq0fs0" postype="qualificative" wd="alta"/>
                  </grup.a>
                </s.a>
                <n gen="f" lem="calidad" num="s" pos="ncfs000" postype="common" sense="16:03714294" wd="calidad"/>
              </grup.nom>
            </sn>
          </sp>
        </grup.nom>
      </sn>
      <sn func="ao">
        <f lem="," pos="fc" punct="comma" wd=","/>
        <spec gen="m" num="s">
          <d gen="c" lem="el" num="s" pos="da0ns0" postype="article" wd="lo"/>
        </spec>
        <S clausetype="relative">
          <relatiu arg="arg0" func="suj" tem="agt">
            <p gen="c" lem="que" num="c" pos="pr0cn000" postype="relative" wd="que"/>
          </relatiu>
          <grup.verb>
            <v lem="haber" mood="indicative" num="s" person="3" pos="vaip3s0" postype="auxiliary" tense="present" wd="ha"/>
            <v gen="m" lem="llevar" lss="A21.transitive-agentive-patient" mood="participle" num="s" pos="vmp00sm" postype="main" wd="llevado"/>
          </grup.verb>
          <sp arg="arg4" func="creg" tem="des">
            <prep>
              <s lem="a" pos="sps00" postype="preposition" wd="a"/>
            </prep>
            <sn>
              <spec gen="m" num="s">
                <d gen="m" lem="uno" num="s" pos="di0ms0" postype="indefinite" wd="un"/>
              </spec>
              <grup.nom gen="m" num="s">
                <n gen="m" lem="material" num="s" pos="ncms000" postype="common" sense="16:cs1" wd="material"/>
                <s.a gen="m" num="s">
                  <spec>
                    <r lem="más" pos="rg" wd="más"/>
                  </spec>
                  <grup.a gen="m" num="s">
                    <a gen="m" lem="cristalino" num="s" pos="aq0ms0" postype="qualificative" wd="cristalino"/>
                  </grup.a>
                </s.a>
                <S clausetype="relative">
                  <relatiu arg="arg1" func="suj" tem="tem">
                    <p gen="c" lem="que" num="c" pos="pr0cn000" postype="relative" wd="que"/>
                  </relatiu>
                  <neg func="mod">
                    <r lem="no" pos="rn" postype="negative" wd="no"/>
                  </neg>
                  <grup.verb>
                    <v lem="presentar" lss="C21.state-attributive" mood="indicative" num="s" person="3" pos="vmip3s0" postype="main" tense="present" wd="presenta"/>
                  </grup.verb>
                  <sn arg="arg2" func="cd" functype="quantitative" tem="atr">
                    <grup.nom gen="m" num="p">
                      <n gen="m" lem="defecto" num="p" pos="ncmp000" postype="common" sense="16:04021969" wd="defectos"/>
                      <sp>
                        <prep>
                          <s lem="de" pos="sps00" postype="preposition" wd="de"/>
                        </prep>
                        <sn>
                          <grup.nom gen="m" num="p">
                            <n gen="m" lem="carbono" num="p" pos="ncmp000" postype="common" sense="16:10482489" wd="carbonos"/>
                            <s.a gen="m" num="p">
                              <grup.a gen="m" num="p">
                                <n gen="m" lem="Sp3" num="c" pos="ncmn000" postype="common" sense="16:cs1" wd="Sp3"/>
                              </grup.a>
                            </s.a>
                          </grup.nom>
                        </sn>
                      </sp>
                    </grup.nom>
                  </sn>
                  <sp arg="argM" func="cc" tem="loc">
                    <prep>
                      <s lem="en" pos="sps00" postype="preposition" wd="en"/>
                    </prep>
                    <sn>
                      <spec arg="arg0" gen="f" num="s" tem="agt">
                        <d gen="c" lem="su" num="s" person="3" pos="dp3cs0" postype="possessive" wd="su"/>
                      </spec>
                      <grup.nom gen="f" num="s">
                        <n gen="f" lem="estructura" lexicalid="noun.estructura.1.default" num="s" origin="deverbal" pos="ncfs000" postype="common" sense="16:03431817" wd="estructura"/>
                      </grup.nom>
                    </sn>
                  </sp>
                </S>
              </grup.nom>
            </sn>
          </sp>
        </S>
      </sn>
    </S>
    <f lem="." pos="fp" punct="period" wd="."/>
  </sentence>
  <sentence>
    <S>
      <sn arg="arg0" func="suj" tem="agt">
        <spec gen="f" num="s">
          <d gen="f" lem="el" num="s" pos="da0fs0" postype="article" wd="La"/>
        </spec>
        <grup.nom gen="f" num="s">
          <sadv func="cn">
            <grup.adv>
              <r lem="casi" pos="rg" wd="casi"/>
            </grup.adv>
          </sadv>
          <n gen="f" lem="desaparición" lexicalid="noun.desaparición.2.default" num="s" origin="deverbal" pos="ncfs000" postype="common" sense="16:00029712" wd="desaparición"/>
          <sp arg="arg1" func="cn" tem="tem">
            <prep>
              <s lem="de" pos="sps00" postype="preposition" wd="de"/>
            </prep>
            <sn>
              <grup.nom gen="f" num="p">
                <n gen="f" lem="zona" num="p" pos="ncfp000" postype="common" sense="16:06395720" wd="zonas"/>
                <s.a gen="f" num="p">
                  <grup.a gen="f" num="p">
                    <a gen="f" lem="amorfo" num="p" pos="aq0fp0" postype="qualificative" wd="amorfas"/>
                  </grup.a>
                </s.a>
              </grup.nom>
            </sn>
          </sp>
        </grup.nom>
      </sn>
      <grup.verb>
        <v lem="impedir" lss="A21.transitive-agentive-patient" mood="indicative" num="s" person="3" pos="vmip3s0" postype="main" tense="present" wd="impide"/>
      </grup.verb>
      <sadv arg="argM" func="cc" tem="tmp">
        <grup.adv>
          <r lem="ahora" pos="rg" wd="ahora"/>
        </grup.adv>
      </sadv>
      <sn arg="arg1" func="cd" tem="pat">
        <spec gen="m" num="s">
          <d gen="m" lem="el" num="s" pos="da0ms0" postype="article" wd="el"/>
        </spec>
        <grup.nom gen="m" num="s">
          <n gen="m" lem="ataque" lexicalid="noun.ataque.1.default" num="s" origin="deverbal" pos="ncms000" postype="common" sense="16:00629246" wd="ataque"/>
          <sp arg="arg0" func="cn" tem="agt">
            <prep>
              <s contracted="yes" gen="m" lem="del" num="s" pos="spcms" postype="preposition" wd="del"/>
            </prep>
            <sn>
              <grup.nom gen="m" num="s">
                <n gen="m" lem="oxígeno" num="s" pos="ncms000" postype="common" sense="16:10495237" wd="oxígeno"/>
                <sp>
                  <prep>
                    <s contracted="yes" gen="m" lem="del" num="s" pos="spcms" postype="preposition" wd="del"/>
                  </prep>
                  <sn>
                    <grup.nom gen="m" num="s">
                      <n gen="m" lem="aire" num="s" pos="ncms000" postype="common" sense="16:10646492" wd="aire"/>
                    </grup.nom>
                  </sn>
                </sp>
              </grup.nom>
            </sn>
          </sp>
        </grup.nom>
      </sn>
    </S>
    <S clausetype="relative">
      <f lem="," pos="fc" punct="comma" wd=","/>
      <sp arg="argM" func="cc" tem="adv">
        <prep>
          <s lem="con" pos="sps00" postype="preposition" wd="con"/>
        </prep>
        <sn>
          <spec gen="m" num="s">
            <d gen="c" lem="el" num="s" pos="da0ns0" postype="article" wd="lo"/>
          </spec>
          <relatiu>
            <p gen="c" lem="que" num="c" pos="pr0cn000" postype="relative" wd="que"/>
          </relatiu>
        </sn>
      </sp>
      <sn arg="arg1" func="suj" tem="tem">
        <spec gen="m" num="s">
          <d gen="m" lem="el" num="s" pos="da0ms0" postype="article" wd="el"/>
        </spec>
        <grup.nom gen="m" num="s">
          <n gen="m" lem="poliacetileno" num="s" pos="ncms000" postype="common" sense="16:cs1" wd="poliacetileno"/>
          <S clausetype="participle" impersonal="yes">
            <participi>
              <a gen="m" lem="dopado" num="s" pos="aq0msp" posfunction="participle" postype="qualificative" wd="dopado"/>
            </participi>
          </S>
          <S clausetype="participle" impersonal="yes">
            <participi>
              <a gen="m" lem="sintetizado" lss="B22.unaccusative-passive-transitive" num="s" pos="aq0msp" posfunction="participle" postype="qualificative" wd="sintetizado"/>
            </participi>
            <sp arg="arg0" func="cag" tem="agt">
              <prep>
                <s lem="por" pos="sps00" postype="preposition" wd="por"/>
              </prep>
              <sn entityref="ne" ne="other">
                <spec gen="m" num="s">
                  <d gen="m" lem="el" num="s" pos="da0ms0" postype="article" wd="el"/>
                </spec>
                <grup.nom gen="m" num="s">
                  <n gen="m" lem="método" num="s" pos="ncms000" postype="common" sense="16:04376254" wd="método"/>
                  <sp>
                    <prep>
                      <s lem="de" pos="sps00" postype="preposition" wd="de"/>
                    </prep>
                    <sn entityref="ne" ne="person">
                      <grup.nom gen="m" num="s">
                        <n lem="Naarmann" ne="person" pos="np0000p" postype="proper" sense="16:cs1" wd="Naarmann"/>
                      </grup.nom>
                    </sn>
                  </sp>
                </grup.nom>
              </sn>
            </sp>
          </S>
        </grup.nom>
      </sn>
      <grup.verb>
        <v lem="ser" lss="C21.state-attributive" mood="indicative" num="s" person="3" pos="vsip3s0" postype="semiauxiliary" tense="present" wd="es"/>
      </grup.verb>
      <sa arg="arg2" func="atr" tem="atr">
        <grup.a>
          <a gen="c" lem="estable" num="s" pos="aq0cs0" postype="qualificative" wd="estable"/>
          <sp>
            <prep>
              <s contracted="yes" gen="m" lem="al" num="s" pos="spcms" postype="preposition" wd="al"/>
            </prep>
            <sn>
              <grup.nom gen="m" num="s">
                <n gen="m" lem="aire" num="s" pos="ncms000" postype="common" sense="16:10646492" wd="aire"/>
              </grup.nom>
            </sn>
          </sp>
        </grup.a>
      </sa>
      <sp arg="argM" func="cc" tem="tmp">
        <prep>
          <s lem="durante" pos="sps00" postype="preposition" wd="durante"/>
        </prep>
        <sn>
          <spec gen="f" num="p">
            <d gen="f" lem="varios" num="p" pos="di0fp0" postype="indefinite" wd="varias"/>
          </spec>
          <grup.nom gen="f" num="p">
            <n gen="f" lem="semana" num="p" pos="ncfp000" postype="common" sense="16:10888430" wd="semanas"/>
          </grup.nom>
        </sn>
      </sp>
    </S>
    <f lem="." pos="fp" punct="period" wd="."/>
  </sentence>
  <sentence>
    <S>
      <sp arg="argM" func="cc" tem="adv">
        <prep>
          <s lem="junto_con" pos="sps00" postype="preposition" wd="Junto_con"/>
        </prep>
        <sn>
          <spec gen="m" num="s">
            <d gen="m" lem="este" num="s" pos="dd0ms0" postype="demonstrative" wd="este"/>
          </spec>
          <grup.nom gen="m" num="s">
            <n gen="m" lem="aumento" lexicalid="noun.aumento.1.default" num="s" origin="deverbal" pos="ncms000" postype="common" sense="16:00233535" wd="aumento"/>
            <sp arg="arg1" func="cn" tem="tem">
              <prep>
                <s lem="en" pos="sps00" postype="preposition" wd="en"/>
              </prep>
              <sn>
                <spec gen="f" num="s">
                  <d gen="f" lem="el" num="s" pos="da0fs0" postype="article" wd="la"/>
                </spec>
                <grup.nom gen="f" num="s">
                  <n gen="f" lem="estabilidad" num="s" pos="ncfs000" postype="common" sense="16:03750498" wd="estabilidad"/>
                </grup.nom>
              </sn>
            </sp>
          </grup.nom>
        </sn>
        <f lem="," pos="fc" punct="comma" wd=","/>
      </sp>
      <sn arg="arg1" func="suj" tem="tem">
        <spec gen="f" num="s">
          <d gen="f" lem="el" num="s" pos="da0fs0" postype="article" wd="la"/>
        </spec>
        <grup.nom gen="f" num="s">
          <n gen="f" lem="conductividad" num="s" pos="ncfs000" postype="common" sense="16:07837945" wd="conductividad"/>
        </grup.nom>
      </sn>
      <grup.verb>
        <v lem="aumentar" lss="B21.unaccusative-state" mood="indicative" num="s" person="3" pos="vmip3s0" postype="main" tense="present" wd="aumenta"/>
      </grup.verb>
      <sadv arg="argM" func="cc" tem="mnr">
        <grup.adv>
          <r lem="sorprendentemente" pos="rg" wd="sorprendentemente"/>
        </grup.adv>
      </sadv>
      <sp arg="arg4" func="cc" tem="efi">
        <prep>
          <s lem="hasta" pos="sps00" postype="preposition" wd="hasta"/>
        </prep>
        <sn entityref="ne" ne="number">
          <spec gen="m" num="p">
            <z lem="147000" ne="number" wd="147000"/>
          </spec>
          <grup.nom gen="m" num="p">
            <n gen="m" lem="s._cm_-_'" num="p" pos="ncmp000" postype="common" sense="16:cs1" wd="S._cm_-_'"/>
          </grup.nom>
        </sn>
      </sp>
    </S>
    <sn>
      <f lem="," pos="fc" punct="comma" wd=","/>
      <spec gen="m" num="s">
        <d gen="c" lem="el" num="s" pos="da0ns0" postype="article" wd="lo"/>
      </spec>
      <S clausetype="relative">
        <relatiu arg="arg0" func="suj" tem="cau">
          <p gen="c" lem="que" num="c" pos="pr0cn000" postype="relative" wd="que"/>
        </relatiu>
        <sn arg="arg1" func="cd" tem="tem">
          <grup.nom num="s">
            <p case="accusative" gen="c" lem="él" num="s" person="3" pos="pp3csa00" postype="personal" wd="le"/>
          </grup.nom>
        </sn>
        <grup.verb>
          <v lem="situar" lss="A11.transitive-causative" mood="indicative" num="s" person="3" pos="vmip3s0" postype="main" tense="present" wd="sitúa"/>
        </grup.verb>
        <sp arg="arg2" func="cc" tem="ext">
          <prep>
            <s lem="en" pos="sps00" postype="preposition" wd="en"/>
          </prep>
          <sn>
            <spec gen="m" num="s">
              <d gen="m" lem="uno" num="s" pos="di0ms0" postype="indefinite" wd="un"/>
            </spec>
            <grup.nom gen="m" num="s">
              <n gen="m" lem="valor" num="s" pos="ncms000" postype="common" sense="16:04508194" wd="valor"/>
              <s.a gen="m" num="s">
                <s.a gen="m" num="s">
                  <spec>
                    <r lem="incluso" pos="rg" wd="incluso"/>
                  </spec>
                  <grup.a gen="m" num="s">
                    <a gen="c" lem="mayor" num="s" pos="aq0cs0" postype="qualificative" wd="mayor"/>
                  </grup.a>
                </s.a>
                <S adjunct="yes" clausesubtype="comparative" clausetype="adverbial" verbless="yes">
                  <conj conjunctiontype="subordinating">
                    <c lem="que" pos="cs" postype="subordinating" wd="que"/>
                  </conj>
                  <sn>
                    <spec gen="m" num="s">
                      <d gen="m" lem="el" num="s" pos="da0ms0" postype="article" wd="el"/>
                    </spec>
                    <grup.nom gen="m" num="s">
                      <n gen="m" lem="cobre" num="s" pos="ncms000" postype="common" sense="16:10484763" wd="cobre"/>
                    </grup.nom>
                  </sn>
                  <sp>
                    <prep>
                      <s lem="en_relación_a" pos="sps00" postype="preposition" wd="en_relación_a"/>
                    </prep>
                    <sn>
                      <spec gen="m" num="s">
                        <d gen="c" lem="su" num="s" person="3" pos="dp3cs0" postype="possessive" wd="su"/>
                      </spec>
                      <grup.nom gen="m" num="s">
                        <n gen="m" lem="peso" num="s" pos="ncms000" postype="common" sense="16:03925610" wd="peso"/>
                      </grup.nom>
                    </sn>
                  </sp>
                </S>
              </s.a>
            </grup.nom>
          </sn>
        </sp>
      </S>
    </sn>
    <f lem="." pos="fp" punct="period" wd="."/>
  </sentence>
  <sentence>
    <sn arg="arg1" func="suj" tem="tem">
      <spec gen="m" num="p">
        <d gen="m" lem="este" num="p" pos="dd0mp0" postype="demonstrative" wd="Estos"/>
      </spec>
      <grup.nom gen="m" num="p">
        <n gen="m" lem="resultado" lexicalid="noun.resultado.3.default" num="p" origin="deverbal" pos="ncmp000" postype="common" sense="16:05053336" wd="resultados"/>
      </grup.nom>
    </sn>
    <grup.verb>
      <v lem="parecer" lss="C42.state-experiencer" mood="indicative" num="p" person="3" pos="vmip3p0" postype="main" tense="present" wd="parecen"/>
    </grup.verb>
    <sadv func="mod">
      <grup.adv>
        <r lem="también" pos="rg" wd="también"/>
      </grup.adv>
    </sadv>
    <S arg="arg2" clausetype="completive" func="atr" impersonal="yes" tem="atr">
      <infinitiu>
        <v lem="sugerir" lss="A32.ditransitive-patient-benefactive" mood="infinitive" pos="vmn0000" postype="main" wd="sugerir"/>
      </infinitiu>
      <S arg="arg1" clausetype="completive" coord="yes" func="cd" tem="pat">
        <S clausetype="completive">
          <conj conjunctiontype="subordinating">
            <c lem="que" pos="cs" postype="subordinating" wd="que"/>
          </conj>
          <sn arg="arg1" func="suj" tem="tem">
            <spec gen="m" num="s">
              <d gen="m" lem="el" num="s" pos="da0ms0" postype="article" wd="el"/>
            </spec>
            <grup.nom gen="m" num="s">
              <n gen="m" lem="carácter" num="s" pos="ncms000" postype="common" sense="16:03648054" wd="carácter"/>
              <s.a gen="m" num="s">
                <grup.a gen="m" num="s">
                  <a gen="c" lem="aislante" num="s" pos="aq0cs0" postype="qualificative" wd="aislante"/>
                </grup.a>
              </s.a>
              <sp>
                <prep>
                  <s contracted="yes" gen="m" lem="del" num="s" pos="spcms" postype="preposition" wd="del"/>
                </prep>
                <sn>
                  <grup.nom gen="m" num="s">
                    <n gen="m" lem="poliacetileno" num="s" pos="ncms000" postype="common" sense="16:cs1" wd="poliacetileno"/>
                  </grup.nom>
                </sn>
              </sp>
            </grup.nom>
          </sn>
          <neg func="mod">
            <r lem="no" pos="rn" postype="negative" wd="no"/>
          </neg>
          <grup.verb>
            <v lem="ser" lss="C21.state-attributive" mood="indicative" num="s" person="3" pos="vsip3s0" postype="semiauxiliary" tense="present" wd="es"/>
          </grup.verb>
          <sn arg="arg2" func="atr" tem="atr">
            <spec gen="f" num="s">
              <d gen="f" lem="uno" num="s" pos="di0fs0" postype="indefinite" wd="una"/>
            </spec>
            <grup.nom gen="f" num="s">
              <n gen="f" lem="propiedad" num="s" pos="ncfs000" postype="common" sense="16:03848700" wd="propiedad"/>
              <s.a gen="f" num="s">
                <grup.a gen="f" num="s">
                  <a gen="f" lem="intrínseco" num="s" pos="aq0fs0" postype="qualificative" wd="intrínseca"/>
                </grup.a>
              </s.a>
            </grup.nom>
          </sn>
          <f lem="," pos="fc" punct="comma" wd=","/>
        </S>
        <conj conjunctiontype="coordinating">
          <c lem="sino" pos="cc" postype="coordinating" wd="sino"/>
        </conj>
        <S clausetype="completive" verbless="yes">
          <sn>
            <sadv adjunct="yes">
              <grup.adv>
                <r lem="probablemente" pos="rg" wd="probablemente"/>
              </grup.adv>
            </sadv>
            <sn>
              <spec gen="m" num="s">
                <d gen="m" lem="el" num="s" pos="da0ms0" postype="article" wd="el"/>
              </spec>
              <grup.nom gen="m" num="s">
                <n gen="m" lem="resultado" lexicalid="noun.resultado.3.default" num="s" origin="deverbal" pos="ncms000" postype="common" sense="16:05438613" wd="resultado"/>
                <sp arg="arg3" func="cn" tem="ori">
                  <prep>
                    <s lem="de" pos="sps00" postype="preposition" wd="de"/>
                  </prep>
                  <sn coord="yes">
                    <sn>
                      <spec gen="f" num="s">
                        <d gen="f" lem="uno" num="s" pos="di0fs0" postype="indefinite" wd="una"/>
                      </spec>
                      <grup.nom gen="f" num="s">
                        <s.a gen="f" num="s">
                          <grup.a gen="f" num="s">
                            <a gen="f" lem="alto" num="s" pos="aq0fs0" postype="qualificative" wd="alta"/>
                          </grup.a>
                        </s.a>
                        <n gen="f" lem="densidad" num="s" pos="ncfs000" postype="common" sense="16:03970585" wd="densidad"/>
                        <sp>
                          <prep>
                            <s lem="de" pos="sps00" postype="preposition" wd="de"/>
                          </prep>
                          <sn>
                            <grup.nom gen="m" num="p">
                              <n gen="m" lem="defecto" num="p" pos="ncmp000" postype="common" sense="16:04021969" wd="defectos"/>
                              <sp>
                                <prep>
                                  <s lem="en" pos="sps00" postype="preposition" wd="en"/>
                                </prep>
                                <sn>
                                  <spec gen="m" num="s">
                                    <d gen="m" lem="el" num="s" pos="da0ms0" postype="article" wd="el"/>
                                  </spec>
                                  <grup.nom gen="m" num="s">
                                    <n gen="m" lem="polímero" num="s" pos="ncms000" postype="common" sense="16:10760958" wd="polímero"/>
                                  </grup.nom>
                                </sn>
                              </sp>
                            </grup.nom>
                          </sn>
                        </sp>
                      </grup.nom>
                    </sn>
                    <conj conjunctiontype="coordinating">
                      <c lem="y" pos="cc" postype="coordinating" wd="y"/>
                    </conj>
                    <sn>
                      <spec gen="f" num="s">
                        <d gen="f" lem="uno" num="s" pos="di0fs0" postype="indefinite" wd="una"/>
                      </spec>
                      <grup.nom gen="f" num="s">
                        <s.a gen="f" num="s">
                          <grup.a gen="f" num="s">
                            <a gen="f" lem="bajo" num="s" pos="aq0fs0" postype="qualificative" wd="baja"/>
                          </grup.a>
                        </s.a>
                        <n gen="f" lem="cristalinidad" num="s" pos="ncfs000" postype="common" sense="16:cs1" wd="cristalinidad"/>
                      </grup.nom>
                    </sn>
                  </sn>
                </sp>
              </grup.nom>
            </sn>
          </sn>
        </S>
      </S>
    </S>
    <f lem="." pos="fp" punct="period" wd="."/>
  </sentence>
</article>
