<?xml version="1.0" encoding="UTF-8" standalone="no"?>
<!-- 

  ancora-2.0
       
			Copyright (C) 2007, 2008, 2009, 2010, 2011 UB - CLiC
			Centre de Llenguatge i Computació - Universitat de Barcelona
 
  This file is part of ancora-2.0.
 
  ancora-2.0 is free software and data: you can redistribute it and/or modify
  it under the terms of the GNU General Public License as published
  by the Free Software Foundation, either version 3 of the License,
  or (at your option) any later version.

  ancora-2.0 is distributed in the hope that it will be useful,
  but WITHOUT ANY WARRANTY; without even the implied warranty of
  MERCHANTABILITY or FITNESS FOR A PARTICULAR PURPOSE.  See the
  GNU General Public License for more details.
 
  You should have received a copy of the GNU General Public License
  along with ancora-2.0.  If not, see &lt;http://www.gnu.org/licenses/&gt;.
 
  Check a text in catalan explaining the terms of the license at http://www.softcatala.cat/wiki/GPL3.
  In spanish at http://www.viti.es/gnu/licenses/gpl.html
 

  The following paper must be cited when using this corpus:

 * Taulé, M., M.A. Martí, M. Recasens (2008) 'Ancora: Multilevel Annotated Corpora for Catalan and Spanish',
   Proceedings of 6th International Conference on Language Resources and Evaluation. Marrakesh (Morocco).

  In addition, the following paper must be cited if coreference information (attributes entity, coreftype,
  corefsubtype, homophoricDD or entityref) is used:

 * Recasens, Marta, M. Antònia Martí (2010) ‘AnCora-CO: Coreferentially annotated corpora for Spanish and
   Catalan’. Language Resources and Evaluation, Springer Science.

  Additionally, the following paper must be cited when argumental attributes in "sn" or "grup.nom"
  (attributes func, arg, tem or lexicalid) are used:

 * Peris, Aina, Mariona Taulé, Horacio Rodríguez (2010) ‘Semantic Annotation of Deverbal Nominalizations in the
   Spanish AnCora corpus’. Treebanks and Linguistic Theories (TLT-2010), Estonia.
-->
<article lng="es">
  <sentence>
    <sadv arg="argM" func="cc" tem="adv">
      <grup.adv>
        <r lem="por_consiguiente" pos="rg" wd="Por_consiguiente"/>
      </grup.adv>
      <f lem="," pos="fc" punct="comma" wd=","/>
    </sadv>
    <grup.verb>
      <v lem="ser" lss="C21.state-attributive" mood="indicative" num="s" person="3" pos="vsip3s0" postype="semiauxiliary" tense="present" wd="es"/>
    </grup.verb>
    <sn arg="arg1" func="suj" tem="tem">
      <grup.nom gen="f" num="s">
        <n gen="f" lem="condición" num="s" pos="ncfs000" postype="common" sense="16:05062190" wd="condición"/>
        <s.a gen="f" num="s">
          <grup.a gen="f" num="s">
            <a gen="f" lem="necesario" num="s" pos="aq0fs0" postype="qualificative" wd="necesaria"/>
          </grup.a>
        </s.a>
      </grup.nom>
    </sn>
    <S arg="arg2" clausetype="completive" func="atr" tem="atr" verbless="yes">
      <conj conjunctiontype="subordinating">
        <c lem="que" pos="cs" postype="subordinating" wd="que"/>
      </conj>
      <sn entityref="ne" ne="number">
        <grup.nom>
          <z lem="0" ne="number" wd="0"/>
        </grup.nom>
      </sn>
      <f lem="-" pos="fg" punct="hyphen" wd="-"/>
      <sn entityref="nne">
        <grup.nom>
          <n gen="c" lem="d" num="c" pos="nc00000" postype="common" sense="16:cs2" wd="d"/>
        </grup.nom>
      </sn>
      <f lem="-" pos="fg" punct="hyphen" wd="-"/>
      <sn entityref="ne" ne="number">
        <grup.nom>
          <z lem="1" ne="number" wd="1"/>
        </grup.nom>
      </sn>
    </S>
    <f lem="." pos="fp" punct="period" wd="."/>
  </sentence>
  <sentence>
    <sp arg="argM" func="cc" tem="adv">
      <prep>
        <s contracted="yes" gen="m" lem="además_del" num="s" pos="spcms" postype="preposition" wd="Además_del"/>
      </prep>
      <sn>
        <grup.nom gen="m" num="s">
          <n gen="m" lem="grado" num="s" pos="ncms000" postype="common" sense="16:03973686" wd="grado"/>
          <s.a gen="m" num="s">
            <grup.a gen="m" num="s">
              <a gen="c" lem="fraccional" num="s" pos="aq0cs0" postype="qualificative" wd="fraccional"/>
            </grup.a>
          </s.a>
          <sp>
            <prep>
              <s lem="de" pos="sps00" postype="preposition" wd="de"/>
            </prep>
            <sn>
              <grup.nom gen="f" num="s">
                <n gen="f" lem="transferencia" lexicalid="noun.transferencia.1.default" num="s" origin="deverbal" pos="ncfs000" postype="common" sense="16:00204553" wd="transferencia"/>
                <sp arg="arg1" func="cn" tem="pat">
                  <prep>
                    <s lem="de" pos="sps00" postype="preposition" wd="de"/>
                  </prep>
                  <sn>
                    <grup.nom gen="f" num="s">
                      <n gen="f" lem="carga" lexicalid="noun.carga.1.default" num="s" origin="deverbal" pos="ncfs000" postype="common" sense="16:02934345" wd="carga"/>
                    </grup.nom>
                  </sn>
                </sp>
              </grup.nom>
            </sn>
          </sp>
        </grup.nom>
      </sn>
      <f lem="," pos="fc" punct="comma" wd=","/>
    </sp>
    <sn arg="arg1" func="suj" tem="tem">
      <grup.nom gen="f" num="s">
        <p gen="f" lem="este" num="s" pos="pd0fs000" postype="demonstrative" wd="ésta"/>
      </grup.nom>
    </sn>
    <grup.verb>
      <v lem="tener" mood="indicative" num="s" person="3" pos="vmip3s0" postype="main" tense="present" wd="tiene"/>
      <c lem="que" pos="cs" postype="subordinating" wd="que"/>
      <infinitiu>
        <v lem="estar" lss="C21.state-attributive" mood="infinitive" pos="vmn0000" postype="main" wd="estar"/>
      </infinitiu>
    </grup.verb>
    <S arg="arg2" clausetype="participle" func="atr" impersonal="yes" tem="atr">
      <participi>
        <a gen="f" lem="deslocalizado" lss="B22.unaccusative-passive-transitive" num="s" pos="aq0fsp" posfunction="participle" postype="qualificative" wd="deslocalizada"/>
      </participi>
      <sp arg="argM" func="cc" tem="loc">
        <prep>
          <s contracted="yes" gen="m" lem="a_lo_largo_del" num="s" pos="spcms" postype="preposition" wd="a_lo_largo_del"/>
        </prep>
        <sn>
          <grup.nom gen="m" num="s">
            <n gen="m" lem="apilamiento" lexicalid="noun.apilamiento.1.default" num="s" origin="deverbal" pos="ncms000" postype="common" sense="16:cs1" wd="apilamiento"/>
          </grup.nom>
        </sn>
      </sp>
    </S>
    <f lem="." pos="fp" punct="period" wd="."/>
  </sentence>
  <sentence coord="yes">
    <S>
      <S clausesubtype="conditional" clausetype="adverbial" func="ao">
        <sadv arg="argM" func="cc" tem="adv">
          <grup.adv>
            <r lem="cuanto" pos="rg" wd="Cuanto"/>
          </grup.adv>
        </sadv>
        <sa arg="arg2" func="atr" tem="atr">
          <spec>
            <r lem="más" pos="rg" wd="más"/>
          </spec>
          <grup.a>
            <a gen="f" lem="próximo" num="p" pos="aq0fp0" postype="qualificative" wd="próximas"/>
          </grup.a>
        </sa>
        <morfema.pronominal>
          <p gen="c" lem="él" num="c" person="3" pos="p0300000" wd="se"/>
        </morfema.pronominal>
        <grup.verb>
          <v lem="encontrar" lss="C21.state-attributive" mood="subjunctive" num="p" person="3" pos="vmsp3p0" postype="main" tense="present" wd="encuentren"/>
        </grup.verb>
        <sn arg="arg1" func="suj" tem="tem">
          <spec gen="f" num="p">
            <d gen="f" lem="el" num="p" pos="da0fp0" postype="article" wd="las"/>
          </spec>
          <grup.nom gen="f" num="p">
            <n gen="f" lem="molécula" num="p" pos="ncfp000" postype="common" sense="16:10472898" wd="moléculas"/>
          </grup.nom>
        </sn>
        <sp arg="argM" func="cc" tem="loc">
          <prep>
            <s lem="en" pos="sps00" postype="preposition" wd="en"/>
          </prep>
          <sn>
            <spec gen="m" num="s">
              <d gen="m" lem="el" num="s" pos="da0ms0" postype="article" wd="el"/>
            </spec>
            <grup.nom gen="m" num="s">
              <n gen="m" lem="apilamiento" lexicalid="noun.apilamiento.1.default" num="s" origin="deverbal" pos="ncms000" postype="common" sense="16:cs1" wd="apilamiento"/>
            </grup.nom>
          </sn>
        </sp>
        <f lem="," pos="fc" punct="comma" wd=","/>
      </S>
      <sa arg="arg2" func="atr" tem="atr">
        <grup.a>
          <a gen="c" lem="mayor" num="s" pos="aq0cs0" postype="qualificative" wd="mayor"/>
        </grup.a>
      </sa>
      <grup.verb>
        <v lem="ser" lss="C21.state-attributive" mood="indicative" num="s" person="3" pos="vsif3s0" postype="semiauxiliary" tense="future" wd="será"/>
      </grup.verb>
      <sn arg="arg1" func="suj" tem="tem">
        <spec gen="m" num="s">
          <d gen="m" lem="el" num="s" pos="da0ms0" postype="article" wd="el"/>
        </spec>
        <grup.nom gen="m" num="s">
          <n gen="m" lem="solapamiento" lexicalid="noun.solapamiento.1.default" num="s" origin="deverbal" pos="ncms000" postype="common" sense="16:cs1" wd="solapamiento"/>
          <sp arg="arg1" func="cn" tem="tem">
            <prep>
              <s lem="de" pos="sps00" postype="preposition" wd="de"/>
            </prep>
            <sn>
              <spec gen="m" num="p">
                <d gen="m" lem="el" num="p" pos="da0mp0" postype="article" wd="los"/>
              </spec>
              <grup.nom gen="m" num="p">
                <n gen="m" lem="orbital" num="p" pos="ncmp000" postype="common" sense="16:cs1" wd="orbitales"/>
              </grup.nom>
            </sn>
          </sp>
          <sp arg="argM" func="cn" tem="adv">
            <prep>
              <s lem="entre" pos="sps00" postype="preposition" wd="entre"/>
            </prep>
            <sn>
              <grup.nom gen="m" num="p">
                <p gen="m" lem="él" num="p" person="3" pos="pp3mp000" postype="personal" wd="ellos"/>
              </grup.nom>
            </sn>
          </sp>
        </grup.nom>
      </sn>
    </S>
    <conj conjunctiontype="coordinating">
      <c lem="y" pos="cc" postype="coordinating" wd="y"/>
    </conj>
    <S>
      <sadv arg="argM" func="cc" tem="adv">
        <f lem="," pos="fc" punct="comma" wd=","/>
        <grup.adv>
          <r lem="en_consecuencia" pos="rg" wd="en_consecuencia"/>
        </grup.adv>
        <f lem="," pos="fc" punct="comma" wd=","/>
      </sadv>
      <sa arg="arg2" func="atr" tem="atr">
        <grup.a>
          <a gen="c" lem="mayor" num="s" pos="aq0cs0" postype="qualificative" wd="mayor"/>
        </grup.a>
      </sa>
      <grup.verb>
        <v lem="ser" lss="C21.state-attributive" mood="indicative" num="s" person="3" pos="vsif3s0" postype="semiauxiliary" tense="future" wd="será"/>
      </grup.verb>
      <sn arg="arg1" func="suj" tem="tem">
        <spec gen="f" num="s">
          <d gen="f" lem="el" num="s" pos="da0fs0" postype="article" wd="la"/>
        </spec>
        <grup.nom gen="f" num="s">
          <n gen="f" lem="deslocalización" lexicalid="noun.deslocalización.2.default" num="s" origin="deverbal" pos="ncfs000" postype="common" sense="16:cs1" wd="deslocalización"/>
          <sp arg="arg1" func="cn" tem="pat">
            <prep>
              <s lem="de" pos="sps00" postype="preposition" wd="de"/>
            </prep>
            <sn>
              <spec gen="f" num="s">
                <d gen="f" lem="el" num="s" pos="da0fs0" postype="article" wd="la"/>
              </spec>
              <grup.nom gen="f" num="s">
                <n gen="f" lem="carga" lexicalid="noun.carga.1.default" num="s" origin="deverbal" pos="ncfs000" postype="common" sense="16:02934345" wd="carga"/>
              </grup.nom>
            </sn>
          </sp>
        </grup.nom>
      </sn>
    </S>
    <f lem="." pos="fp" punct="period" wd="."/>
  </sentence>
  <sentence>
    <sp arg="argM" func="cc" tem="loc">
      <prep>
        <s lem="en" pos="sps00" postype="preposition" wd="En"/>
      </prep>
      <sn>
        <spec gen="m" num="p">
          <d gen="m" lem="el" num="p" pos="da0mp0" postype="article" wd="los"/>
        </spec>
        <grup.nom gen="m" num="p">
          <n gen="m" lem="caso" num="p" pos="ncmp000" postype="common" sense="16:10047274" wd="casos"/>
          <S clausetype="participle" impersonal="yes">
            <participi>
              <a gen="m" lem="estudiado" num="p" pos="aq0mpp" posfunction="participle" postype="qualificative" wd="estudiados"/>
            </participi>
          </S>
        </grup.nom>
      </sn>
    </sp>
    <sn arg="arg1" func="suj" tem="tem">
      <spec gen="f" num="s">
        <d gen="f" lem="este" num="s" pos="dd0fs0" postype="demonstrative" wd="esta"/>
      </spec>
      <grup.nom gen="f" num="s">
        <n gen="f" lem="distancia" lexicalid="noun.distancia.1.default" num="s" origin="deverbal" pos="ncfs000" postype="common" sense="16:03996081" wd="distancia"/>
      </grup.nom>
    </sn>
    <grup.verb>
      <v lem="estar" lss="C21.state-attributive" mood="indicative" num="s" person="3" pos="vmip3s0" postype="main" tense="present" wd="está"/>
    </grup.verb>
    <sp arg="arg2" func="atr" tem="atr">
      <prep>
        <s lem="en" pos="sps00" postype="preposition" wd="en"/>
      </prep>
      <sn>
        <spec gen="m" num="s">
          <d gen="m" lem="el" num="s" pos="da0ms0" postype="article" wd="el"/>
        </spec>
        <grup.nom gen="m" num="s">
          <n gen="m" lem="rango" num="s" pos="ncms000" postype="common" sense="16:cs1" wd="rango"/>
          <sp>
            <prep>
              <s lem="de" pos="sps00" postype="preposition" wd="de"/>
            </prep>
            <sn entityref="ne" ne="number">
              <spec coord="yes" gen="m" num="p">
                <spec gen="m" num="p">
                  <z lem="3.2" ne="number" wd="3,2"/>
                </spec>
                <f lem="-" pos="fg" punct="hyphen" wd="-"/>
                <spec gen="m" num="p">
                  <z lem="3.5" ne="number" wd="3,5"/>
                </spec>
              </spec>
              <grup.nom gen="m" num="p">
                <n gen="m" lem="angstrom" num="p" pos="ncmp000" postype="common" sense="16:cs1" wd="angstroms"/>
              </grup.nom>
            </sn>
          </sp>
        </grup.nom>
      </sn>
    </sp>
    <f lem="." pos="fp" punct="period" wd="."/>
  </sentence>
  <sentence>
    <sadv func="et">
      <grup.adv>
        <r lem="de_otro_lado" pos="rg" wd="De_otro_lado"/>
      </grup.adv>
      <f lem="," pos="fc" punct="comma" wd=","/>
    </sadv>
    <sn arg="arg1" func="suj" tem="tem">
      <spec gen="f" num="p">
        <d gen="f" lem="el" num="p" pos="da0fp0" postype="article" wd="las"/>
      </spec>
      <grup.nom gen="f" num="p">
        <n gen="f" lem="propiedad" num="p" pos="ncfp000" postype="common" sense="16:03848700" wd="propiedades"/>
        <s.a gen="f" num="p">
          <grup.a gen="f" num="p">
            <a gen="f" lem="conductor" num="p" pos="aq0fp0" postype="qualificative" wd="conductoras"/>
          </grup.a>
        </s.a>
        <sp>
          <prep>
            <s lem="de" pos="sps00" postype="preposition" wd="de"/>
          </prep>
          <sn>
            <spec gen="m" num="p">
              <d gen="m" lem="el" num="p" pos="da0mp0" postype="article" wd="los"/>
            </spec>
            <grup.nom gen="m" num="p">
              <n gen="m" lem="material" num="p" pos="ncmp000" postype="common" sense="16:cs1" wd="materiales"/>
              <s.a gen="m" num="p">
                <grup.a gen="m" num="p">
                  <a gen="c" lem="molecular" num="p" pos="aq0cp0" postype="qualificative" wd="moleculares"/>
                </grup.a>
              </s.a>
            </grup.nom>
          </sn>
        </sp>
      </grup.nom>
    </sn>
    <morfema.pronominal>
      <p gen="c" lem="él" num="c" person="3" pos="p0300000" wd="se"/>
    </morfema.pronominal>
    <grup.verb>
      <v lem="ver" lss="C21.state-attributive" mood="indicative" num="p" person="3" pos="vmip3p0" postype="main" tense="present" wd="ven"/>
    </grup.verb>
    <S arg="arg2" clausetype="participle" func="cpred" impersonal="yes" predicate="suj" tem="atr">
      <sadv arg="argM" func="cc" tem="adv">
        <grup.adv>
          <r lem="mucho" pos="rg" wd="muy"/>
        </grup.adv>
      </sadv>
      <participi>
        <a gen="f" lem="afectado" lss="B22.unaccusative-passive-transitive" num="p" pos="aq0fpp" posfunction="participle" postype="qualificative" wd="afectadas"/>
      </participi>
      <sp arg="arg0" func="cag" tem="agt">
        <prep>
          <s lem="por" pos="sps00" postype="preposition" wd="por"/>
        </prep>
        <sn>
          <spec gen="f" num="p">
            <d gen="f" lem="el" num="p" pos="da0fp0" postype="article" wd="las"/>
          </spec>
          <grup.nom gen="f" num="p">
            <n gen="f" lem="interacción" lexicalid="noun.interacción.1.default" num="p" origin="deverbal" pos="ncfp000" postype="common" sense="16:00022878" wd="interacciones"/>
            <sp arg="arg1" func="cn" tem="tem">
              <prep>
                <s lem="entre" pos="sps00" postype="preposition" wd="entre"/>
              </prep>
              <sn coord="yes">
                <sn>
                  <spec gen="m" num="p">
                    <d gen="m" lem="el" num="p" pos="da0mp0" postype="article" wd="los"/>
                  </spec>
                  <grup.nom gen="m" num="p">
                    <n gen="m" lem="sistema" num="p" pos="ncmp000" postype="common" sense="16:06239374" wd="sistemas"/>
                    <s.a gen="m" num="p">
                      <grup.a gen="m" num="p">
                        <a gen="m" lem="electrónico" num="p" pos="aq0mp0" postype="qualificative" wd="electrónicos"/>
                      </grup.a>
                    </s.a>
                  </grup.nom>
                </sn>
                <conj conjunctiontype="coordinating">
                  <c lem="y" pos="cc" postype="coordinating" wd="y"/>
                </conj>
                <sn>
                  <spec gen="f" num="p">
                    <d gen="f" lem="el" num="p" pos="da0fp0" postype="article" wd="las"/>
                  </spec>
                  <grup.nom gen="f" num="p">
                    <n gen="f" lem="vibración" lexicalid="noun.vibración.1.default" num="p" origin="deverbal" pos="ncfp000" postype="common" sense="16:10088916" wd="vibraciones"/>
                    <sp arg="arg1" func="cn" tem="tem">
                      <prep>
                        <s contracted="yes" gen="m" lem="del" num="s" pos="spcms" postype="preposition" wd="del"/>
                      </prep>
                      <sn>
                        <grup.nom gen="m" num="s">
                          <n gen="m" lem="retículo" num="s" pos="ncms000" postype="common" sense="16:03234682" wd="retículo"/>
                          <s.a gen="m" num="s">
                            <grup.a gen="m" num="s">
                              <a gen="m" lem="cristalino" num="s" pos="aq0ms0" postype="qualificative" wd="cristalino"/>
                            </grup.a>
                          </s.a>
                        </grup.nom>
                      </sn>
                    </sp>
                  </grup.nom>
                </sn>
              </sn>
            </sp>
          </grup.nom>
        </sn>
      </sp>
    </S>
    <S arg="argM" clausetype="adverbial" func="cc" impersonal="yes" tem="adv">
      <f lem="," pos="fc" punct="comma" wd=","/>
      <gerundi>
        <v lem="llegar" lss="B11.unaccusative-motion" mood="gerund" pos="vmg0000" postype="main" wd="llegando"/>
      </gerundi>
      <sp arg="argM" func="cc" tem="adv">
        <prep>
          <s lem="en" pos="sps00" postype="preposition" wd="en"/>
        </prep>
        <sn>
          <spec gen="m" num="s">
            <d gen="m" lem="el" num="s" pos="da0ms0" postype="article" wd="el"/>
          </spec>
          <grup.nom gen="m" num="s">
            <n gen="m" lem="caso" num="s" pos="ncms000" postype="common" sense="16:10047274" wd="caso"/>
            <s.a gen="m" num="s">
              <grup.a gen="m" num="s">
                <a gen="m" lem="extremo" num="s" pos="aq0ms0" postype="qualificative" wd="extremo"/>
              </grup.a>
            </s.a>
          </grup.nom>
        </sn>
      </sp>
      <sp arg="arg4" func="creg" tem="des">
        <prep>
          <s lem="a" pos="sps00" postype="preposition" wd="a"/>
        </prep>
        <S clausetype="completive" impersonal="yes">
          <infinitiu>
            <v lem="producir" lss="A21.transitive-agentive-patient" mood="infinitive" pos="vmn0000" postype="main" wd="producirse"/>
          </infinitiu>
          <sp arg="argM" func="cc" tem="adv">
            <prep>
              <s lem="a" pos="sps00" postype="preposition" wd="a"/>
            </prep>
            <sn>
              <grup.nom gen="f" num="p">
                <s.a gen="f" num="p">
                  <grup.a gen="f" num="p">
                    <a gen="f" lem="bajo" num="p" pos="aq0fp0" postype="qualificative" wd="bajas"/>
                  </grup.a>
                </s.a>
                <n gen="f" lem="temperatura" num="p" pos="ncfp000" postype="common" sense="16:03914851" wd="temperaturas"/>
                <s.a gen="f" num="p">
                  <f lem="(" pos="fpa" punct="bracket" punctenclose="open" wd="("/>
                  <grup.a gen="f" num="p">
                    <a gen="f" lem="próximo" num="p" pos="aq0fp0" postype="qualificative" wd="próximas"/>
                    <sp>
                      <prep>
                        <s contracted="yes" gen="m" lem="al" num="s" pos="spcms" postype="preposition" wd="al"/>
                      </prep>
                      <sn>
                        <grup.nom gen="m" num="s">
                          <n gen="m" lem="cero" num="s" pos="ncms000" postype="common" sense="16:09894639" wd="cero"/>
                          <s.a gen="m" num="s">
                            <grup.a gen="m" num="s">
                              <a gen="m" lem="absoluto" num="s" pos="aq0ms0" postype="qualificative" wd="absoluto"/>
                            </grup.a>
                          </s.a>
                        </grup.nom>
                      </sn>
                    </sp>
                  </grup.a>
                  <f lem=")" pos="fpt" punct="bracket" punctenclose="close" wd=")"/>
                </s.a>
              </grup.nom>
            </sn>
          </sp>
          <sn arg="arg1" func="cd" tem="pat">
            <spec gen="f" num="s">
              <d gen="f" lem="uno" num="s" pos="di0fs0" postype="indefinite" wd="una"/>
            </spec>
            <grup.nom gen="f" num="s">
              <n gen="f" lem="distorsión" lexicalid="noun.distorsión.1.default" num="s" origin="deverbal" pos="ncfs000" postype="common" sense="16:05530333" wd="distorsión"/>
              <sp arg="arg1" func="cn" tem="tem">
                <prep>
                  <s contracted="yes" gen="m" lem="del" num="s" pos="spcms" postype="preposition" wd="del"/>
                </prep>
                <sn>
                  <grup.nom gen="m" num="s">
                    <n gen="m" lem="retículo" num="s" pos="ncms000" postype="common" sense="16:03234682" wd="retículo"/>
                  </grup.nom>
                </sn>
              </sp>
              <sn entityref="ne" func="cn" ne="other">
                <f lem="(" pos="fpa" punct="bracket" punctenclose="open" wd="("/>
                <grup.nom gen="f" num="s">
                  <n gen="f" lem="transición" lexicalid="noun.transición.1.default" num="s" origin="deverbal" pos="ncfs000" postype="common" sense="16:05480908" wd="transición"/>
                  <sp func="cn">
                    <prep>
                      <s lem="de" pos="sps00" postype="preposition" wd="de"/>
                    </prep>
                    <sn entityref="ne" ne="person">
                      <grup.nom gen="m" num="s">
                        <n lem="Peierls" ne="person" pos="np0000p" postype="proper" sense="16:cs1" wd="Peierls"/>
                      </grup.nom>
                    </sn>
                  </sp>
                </grup.nom>
                <f lem=")" pos="fpt" punct="bracket" punctenclose="close" wd=")"/>
              </sn>
              <S clausetype="participle" func="cn" impersonal="yes">
                <participi>
                  <a gen="f" lem="acompañado" lss="B22.unaccusative-passive-transitive" num="s" pos="aq0fsp" posfunction="participle" postype="qualificative" wd="acompañada"/>
                </participi>
                <sp arg="argM" func="cc" tem="adv">
                  <prep>
                    <s lem="de" pos="sps00" postype="preposition" wd="de"/>
                  </prep>
                  <sn>
                    <spec gen="f" num="s">
                      <d gen="f" lem="uno" num="s" pos="di0fs0" postype="indefinite" wd="una"/>
                    </spec>
                    <grup.nom gen="f" num="s">
                      <n gen="f" lem="transición" lexicalid="noun.transición.1.default" num="s" origin="deverbal" pos="ncfs000" postype="common" sense="16:05480908" wd="transición"/>
                      <sp arg="arg2" func="cn" tem="ein">
                        <prep>
                          <s contracted="yes" gen="m" lem="del" num="s" pos="spcms" postype="preposition" wd="del"/>
                        </prep>
                        <sn>
                          <grup.nom gen="m" num="s">
                            <n gen="m" lem="comportamiento" lexicalid="noun.comportamiento.1.default" num="s" origin="deverbal" pos="ncms000" postype="common" sense="16:10091030" wd="comportamiento"/>
                            <s.a arg="argM" func="cn" gen="m" num="s" tem="mnr">
                              <grup.a gen="m" num="s">
                                <a gen="m" lem="metálico" num="s" pos="aq0ms0" postype="qualificative" wd="metálico"/>
                              </grup.a>
                            </s.a>
                          </grup.nom>
                        </sn>
                      </sp>
                      <sp arg="arg3" func="cn" tem="efi">
                        <prep>
                          <s lem="a" pos="sps00" postype="preposition" wd="a"/>
                        </prep>
                        <s.a gen="f" num="s">
                          <grup.a gen="f" num="s">
                            <a gen="c" lem="aislante" num="s" pos="aq0cs0" postype="qualificative" wd="aislante"/>
                          </grup.a>
                        </s.a>
                      </sp>
                    </grup.nom>
                  </sn>
                </sp>
              </S>
            </grup.nom>
          </sn>
        </S>
      </sp>
    </S>
    <f lem="." pos="fp" punct="period" wd="."/>
  </sentence>
  <sentence>
    <sp arg="argM" func="cc" tem="adv">
      <prep>
        <s lem="en" pos="sps00" postype="preposition" wd="En"/>
      </prep>
      <sn>
        <spec gen="m" num="s">
          <d gen="m" lem="este" num="s" pos="dd0ms0" postype="demonstrative" wd="este"/>
        </spec>
        <grup.nom gen="m" num="s">
          <n gen="m" lem="sentido" num="s" pos="ncms000" postype="common" sense="16:04546018" wd="sentido"/>
        </grup.nom>
      </sn>
      <f lem="," pos="fc" punct="comma" wd=","/>
    </sp>
    <sn arg="arg1" func="suj" tem="tem">
      <spec gen="m" num="p">
        <d gen="m" lem="el" num="p" pos="da0mp0" postype="article" wd="los"/>
      </spec>
      <grup.nom gen="m" num="p">
        <n gen="m" lem="metal" num="p" pos="ncmp000" postype="common" sense="16:10476248" wd="metales"/>
        <s.a gen="m" num="p">
          <grup.a gen="m" num="p">
            <a gen="m" lem="orgánico" num="p" pos="aq0mp0" postype="qualificative" wd="orgánicos"/>
          </grup.a>
        </s.a>
        <sn entityref="ne" ne="other">
          <grup.nom gen="m" num="s">
            <n gen="m" lem="tipo" num="s" pos="ncms000" postype="common" sense="16:04497251" wd="tipo"/>
            <s.a gen="m" num="s">
              <grup.a gen="m" num="s">
                <n lem="CTC" ne="other" pos="np0000a" postype="proper" sense="16:cs1" wd="CTC"/>
              </grup.a>
            </s.a>
          </grup.nom>
        </sn>
      </grup.nom>
    </sn>
    <grup.verb>
      <v lem="mostrar" lss="C21.state-attributive" mood="indicative" num="p" person="3" pos="vmip3p0" postype="main" tense="present" wd="muestran"/>
    </grup.verb>
    <sadv arg="argM" func="cc" tem="adv">
      <grup.adv>
        <r lem="en_general" pos="rg" wd="en_general"/>
      </grup.adv>
    </sadv>
    <sn arg="arg2" func="cd" functype="quantitative" tem="atr">
      <spec gen="f" num="s">
        <d gen="f" lem="uno" num="s" pos="di0fs0" postype="indefinite" wd="una"/>
      </spec>
      <grup.nom gen="f" num="s">
        <S clausetype="participle" func="cn" impersonal="yes">
          <participi>
            <a gen="f" lem="acusado" num="s" pos="aq0fsp" posfunction="participle" postype="qualificative" wd="acusada"/>
          </participi>
        </S>
        <n gen="f" lem="dependencia" lexicalid="noun.dependencia.1.default" num="s" origin="deverbal" pos="ncfs000" postype="common" sense="16:10086663" wd="dependencia"/>
        <sp arg="arg2" func="cn" tem="atr">
          <prep>
            <s lem="de" pos="sps00" postype="preposition" wd="de"/>
          </prep>
          <sn>
            <spec gen="f" num="s">
              <d gen="f" lem="el" num="s" pos="da0fs0" postype="article" wd="la"/>
            </spec>
            <grup.nom gen="f" num="s">
              <n gen="f" lem="conductividad" num="s" pos="ncfs000" postype="common" sense="16:07837945" wd="conductividad"/>
            </grup.nom>
          </sn>
        </sp>
        <sp arg="argM" func="cn" tem="mnr">
          <prep>
            <s lem="con" pos="sps00" postype="preposition" wd="con"/>
          </prep>
          <sn>
            <spec gen="f" num="s">
              <d gen="f" lem="el" num="s" pos="da0fs0" postype="article" wd="la"/>
            </spec>
            <grup.nom gen="f" num="s">
              <n gen="f" lem="temperatura" num="s" pos="ncfs000" postype="common" sense="16:03914851" wd="temperatura"/>
            </grup.nom>
          </sn>
        </sp>
      </grup.nom>
    </sn>
    <f lem="." pos="fp" punct="period" wd="."/>
  </sentence>
  <sentence>
    <sadv arg="argM" func="cc" tem="mnr">
      <grup.adv>
        <r lem="así" pos="rg" wd="Así"/>
      </grup.adv>
    </sadv>
    <sp arg="argM" func="cc" tem="adv">
      <f lem="," pos="fc" punct="comma" wd=","/>
      <prep>
        <s lem="a" pos="sps00" postype="preposition" wd="a"/>
      </prep>
      <sn>
        <grup.nom gen="f" num="s">
          <n gen="f" lem="temperatura" num="s" pos="ncfs000" postype="common" sense="16:03914851" wd="temperatura"/>
          <s.a gen="f" num="s">
            <grup.a gen="f" num="s">
              <n gen="m" lem="ambiente" num="s" pos="ncms000" postype="common" sense="16:10414112" wd="ambiente"/>
            </grup.a>
          </s.a>
        </grup.nom>
      </sn>
      <f lem="," pos="fc" punct="comma" wd=","/>
    </sp>
    <sn arg="arg1" entityref="ne" func="suj" ne="other" tem="tem">
      <spec gen="m" num="s">
        <d gen="m" lem="el" num="s" pos="da0ms0" postype="article" wd="el"/>
      </spec>
      <grup.nom gen="m" num="s">
        <n lem="TCNQ-TTF" ne="other" pos="np0000a" postype="proper" sense="16:cs1" wd="TCNQ-TTF"/>
      </grup.nom>
    </sn>
    <grup.verb>
      <v lem="tener" lss="C21.state-attributive" mood="indicative" num="s" person="3" pos="vmip3s0" postype="main" tense="present" wd="tiene"/>
    </grup.verb>
    <sn arg="arg2" func="cd" functype="quantitative" tem="atr">
      <spec gen="m" num="s">
        <d gen="m" lem="uno" num="s" pos="di0ms0" postype="indefinite" wd="un"/>
      </spec>
      <grup.nom gen="m" num="s">
        <n gen="m" lem="valor" num="s" pos="ncms000" postype="common" sense="16:04508194" wd="valor"/>
        <sp>
          <prep>
            <s lem="de" pos="sps00" postype="preposition" wd="de"/>
          </prep>
          <sn entityref="ne" ne="number">
            <grup.nom>
              <z lem="500" ne="number" wd="500"/>
            </grup.nom>
          </sn>
        </sp>
        <S>
          <f lem="(" pos="fpa" punct="bracket" punctenclose="open" wd="("/>
          <sn arg="arg1" func="suj" tem="tem">
            <spec gen="m" num="s">
              <d gen="m" lem="el" num="s" pos="da0ms0" postype="article" wd="el"/>
            </spec>
            <grup.nom gen="m" num="s">
              <s.a gen="m" num="s">
                <grup.a gen="m" num="s">
                  <a gen="c" lem="correspondiente" num="s" pos="aq0cs0" postype="qualificative" wd="correspondiente"/>
                </grup.a>
              </s.a>
              <n gen="m" lem="valor" num="s" pos="ncms000" postype="common" sense="16:04508194" wd="valor"/>
              <sp>
                <prep>
                  <s lem="para" pos="sps00" postype="preposition" wd="para"/>
                </prep>
                <sn>
                  <spec gen="m" num="s">
                    <d gen="m" lem="el" num="s" pos="da0ms0" postype="article" wd="el"/>
                  </spec>
                  <grup.nom gen="m" num="s">
                    <n gen="m" lem="cobre" num="s" pos="ncms000" postype="common" sense="16:10484763" wd="cobre"/>
                  </grup.nom>
                </sn>
              </sp>
            </grup.nom>
          </sn>
          <grup.verb>
            <v lem="ser" lss="C21.state-attributive" mood="indicative" num="s" person="3" pos="vsip3s0" postype="semiauxiliary" tense="present" wd="es"/>
          </grup.verb>
          <sn arg="arg2" entityref="ne" func="atr" ne="number" tem="atr">
            <grup.nom>
              <z lem="6105" ne="number" wd="6.105"/>
            </grup.nom>
          </sn>
          <f lem=")" pos="fpt" punct="bracket" punctenclose="close" wd=")"/>
        </S>
      </grup.nom>
    </sn>
    <f lem="." pos="fp" punct="period" wd="."/>
  </sentence>
  <sentence>
    <S arg="argM" clausetype="adverbial" func="cc" tem="tmp">
      <conj conjunctiontype="subordinating">
        <c lem="a_medida_que" pos="cs" postype="subordinating" wd="A_medida_que"/>
      </conj>
      <sn arg="arg1" func="suj" tem="tem">
        <spec gen="f" num="s">
          <d gen="f" lem="el" num="s" pos="da0fs0" postype="article" wd="la"/>
        </spec>
        <grup.nom gen="f" num="s">
          <n gen="f" lem="temperatura" num="s" pos="ncfs000" postype="common" sense="16:03914851" wd="temperatura"/>
        </grup.nom>
      </sn>
      <grup.verb>
        <v lem="disminuir" lss="B21.unaccusative-state" mood="indicative" num="s" person="3" pos="vmip3s0" postype="main" tense="present" wd="disminuye"/>
      </grup.verb>
      <f lem="," pos="fc" punct="comma" wd=","/>
    </S>
    <sn arg="arg1" func="suj" tem="tem">
      <spec gen="f" num="s">
        <d gen="f" lem="el" num="s" pos="da0fs0" postype="article" wd="la"/>
      </spec>
      <grup.nom gen="f" num="s">
        <n gen="f" lem="conductividad" num="s" pos="ncfs000" postype="common" sense="16:07837945" wd="conductividad"/>
      </grup.nom>
    </sn>
    <grup.verb>
      <v lem="aumentar" lss="B21.unaccusative-state" mood="indicative" num="s" person="3" pos="vmip3s0" postype="main" tense="present" wd="aumenta"/>
    </grup.verb>
    <sp arg="argM" func="cc" tem="ext">
      <prep>
        <s lem="hasta" pos="sps00" postype="preposition" wd="hasta"/>
      </prep>
      <S clausetype="completive" impersonal="yes">
        <infinitiu>
          <v lem="alcanzar" lss="A31.ditransitive-patient-locative" mood="infinitive" pos="vmn0000" postype="main" wd="alcanzar"/>
        </infinitiu>
        <sn arg="arg1" func="cd" tem="pat">
          <grup.nom gen="f" num="s">
            <n gen="c" lem="a=10" num="s" pos="nccs000" postype="common" sense="16:cs1" wd="a=10"/>
          </grup.nom>
        </sn>
        <sp arg="argM" func="cc" tem="adv">
          <prep>
            <s lem="a" pos="sps00" postype="preposition" wd="a"/>
          </prep>
          <sn entityref="ne" ne="number">
            <spec gen="m" num="p">
              <z lem="59" ne="number" wd="59"/>
            </spec>
            <grup.nom gen="m" num="p">
              <n lem="k" pos="nc00000" sense="16:50001114" wd="K"/>
            </grup.nom>
          </sn>
        </sp>
        <inc>
          <sn>
            <f lem="(" pos="fpa" punct="bracket" punctenclose="open" wd="("/>
            <grup.nom gen="f" num="s">
              <n gen="f" lem="fig." num="s" pos="ncfs000" postype="common" sense="16:cs1" wd="fig."/>
              <sn>
                <grup.nom>
                  <z lem="3" ne="number" wd="3"/>
                </grup.nom>
              </sn>
            </grup.nom>
            <f lem=")" pos="fpt" punct="bracket" punctenclose="close" wd=")"/>
          </sn>
        </inc>
      </S>
    </sp>
    <f lem="." pos="fp" punct="period" wd="."/>
  </sentence>
  <sentence coord="yes">
    <conj conjunctiontype="coordinating" func="et">
      <c lem="sin_embargo" pos="cc" postype="coordinating" wd="Sin_embargo"/>
      <f lem="," pos="fc" punct="comma" wd=","/>
    </conj>
    <S>
      <sp arg="arg2" func="cc" tem="loc">
        <prep>
          <s lem="por_debajo_de" pos="sps00" postype="preposition" wd="por_debajo_de"/>
        </prep>
        <sn entityref="ne" ne="number">
          <spec gen="m" num="p">
            <z lem="59" ne="number" wd="59"/>
          </spec>
          <grup.nom gen="m" num="p">
            <n lem="k" pos="nc00000" sense="16:50001114" wd="K"/>
          </grup.nom>
        </sn>
      </sp>
      <sn arg="arg1" func="suj" tem="tem">
        <grup.nom gen="f" num="p">
          <n gen="c" lem="a" num="c" pos="nc00000" postype="common" sense="16:50001100" wd="a"/>
        </grup.nom>
      </sn>
      <grup.verb>
        <v lem="caer" lss="B22.unaccusative-passive-transitive" mood="indicative" num="s" person="3" pos="vmip3s0" postype="main" tense="present" wd="cae"/>
      </grup.verb>
      <sadv arg="argM" func="cc" tem="mnr">
        <grup.adv>
          <r lem="bruscamente" pos="rg" wd="bruscamente"/>
        </grup.adv>
      </sadv>
    </S>
    <conj conjunctiontype="coordinating">
      <c lem="y" pos="cc" postype="coordinating" wd="y"/>
    </conj>
    <S>
      <sn arg="arg0" func="suj" tem="agt">
        <spec gen="f" num="s">
          <d gen="f" lem="el" num="s" pos="da0fs0" postype="article" wd="la"/>
        </spec>
        <grup.nom gen="f" num="s">
          <n gen="f" lem="sustancia" num="s" pos="ncfs000" postype="common" sense="16:00010572" wd="sustancia"/>
        </grup.nom>
      </sn>
      <morfema.pronominal>
        <p gen="c" lem="él" num="c" person="3" pos="p0300000" wd="se"/>
      </morfema.pronominal>
      <grup.verb>
        <v lem="comportar" lss="D11.inergative-agentive" mood="indicative" num="s" person="3" pos="vmip3s0" postype="main" tense="present" wd="comporta"/>
      </grup.verb>
      <sp arg="argM" func="cc" tem="mnr">
        <prep>
          <c lem="como" pos="cs" postype="subordinating" wd="como"/>
        </prep>
        <sn>
          <spec gen="m" num="s">
            <d gen="m" lem="uno" num="s" pos="di0ms0" postype="indefinite" wd="un"/>
          </spec>
          <grup.nom gen="m" num="s">
            <n gen="m" lem="semiconductor" num="s" pos="ncms000" postype="common" sense="16:10633459" wd="semiconductor"/>
          </grup.nom>
        </sn>
      </sp>
      <sp arg="argM" func="cc" tem="cau">
        <f lem="," pos="fc" punct="comma" wd=","/>
        <prep>
          <s contracted="yes" gen="m" lem="a_consecuencia_del" num="s" pos="spcms" postype="preposition" wd="a_consecuencia_del"/>
        </prep>
        <sn entityref="ne" ne="other">
          <grup.nom gen="m" num="s">
            <S clausetype="participle" func="cn" impersonal="yes">
              <participi>
                <a gen="m" lem="mencionado" num="s" pos="aq0msp" posfunction="participle" postype="qualificative" wd="mencionado"/>
              </participi>
            </S>
            <f lem="-" pos="fg" punct="hyphen" wd="-"/>
            <n gen="m" lem="efecto" lexicalid="noun.efecto.2.default" num="s" origin="deverbal" pos="ncms000" postype="common" sense="16:07766144" wd="efecto"/>
            <sn entityref="ne" func="cn" ne="person">
              <grup.nom gen="m" num="s">
                <n lem="Peierls" ne="person" pos="np0000p" postype="proper" sense="16:cs1" wd="Peierls"/>
              </grup.nom>
            </sn>
            <f lem="-" pos="fg" punct="hyphen" wd="-"/>
            <s.a func="cn" gen="m" num="s">
              <f lem="," pos="fc" punct="comma" wd=","/>
              <grup.a gen="m" num="s">
                <sadv>
                  <grup.adv>
                    <r lem="en_cierto_modo" pos="rg" wd="en_cierto_modo"/>
                  </grup.adv>
                </sadv>
                <a gen="m" lem="análogo" num="s" pos="aq0ms0" postype="qualificative" wd="análogo"/>
                <sp>
                  <prep>
                    <s contracted="yes" gen="m" lem="al" num="s" pos="spcms" postype="preposition" wd="al"/>
                  </prep>
                  <sn entityref="ne" ne="other">
                    <grup.nom gen="m" num="s">
                      <n gen="m" lem="efecto" lexicalid="noun.efecto.2.default" num="s" origin="deverbal" pos="ncms000" postype="common" sense="16:07766144" wd="efecto"/>
                      <sn entityref="ne" func="cn" ne="person">
                        <grup.nom gen="m" num="s">
                          <n lem="Jan-Teller" ne="person" pos="np0000p" postype="proper" sense="16:cs1" wd="Jan-Teller"/>
                        </grup.nom>
                      </sn>
                    </grup.nom>
                  </sn>
                </sp>
              </grup.a>
            </s.a>
          </grup.nom>
        </sn>
      </sp>
    </S>
    <f lem="." pos="fp" punct="period" wd="."/>
  </sentence>
  <sentence>
    <sn arg="arg1" func="suj" tem="tem">
      <spec gen="f" num="s">
        <d gen="f" lem="uno" num="s" pos="di0fs0" postype="indefinite" wd="Una"/>
      </spec>
      <grup.nom gen="f" num="s">
        <s.a complex="yes" gen="f" num="s">
          <grup.a coord="yes" gen="f" num="s">
            <grup.a gen="f" num="s">
              <a gen="f" lem="segundo" num="s" pos="ao0fs0" postype="ordinal" wd="segunda"/>
            </grup.a>
            <conj conjunctiontype="coordinating">
              <c lem="e" pos="cc" postype="coordinating" wd="e"/>
            </conj>
            <grup.a gen="f" num="s">
              <a gen="c" lem="importante" num="s" pos="aq0cs0" postype="qualificative" wd="importante"/>
            </grup.a>
          </grup.a>
        </s.a>
        <n gen="f" lem="característica" num="s" pos="ncfs000" postype="common" sense="16:04504076" wd="característica"/>
        <sp>
          <prep>
            <s lem="de" pos="sps00" postype="preposition" wd="de"/>
          </prep>
          <sn entityref="ne" ne="other">
            <spec gen="f" num="s">
              <d gen="f" lem="el" num="s" pos="da0fs0" postype="article" wd="la"/>
            </spec>
            <grup.nom gen="f" num="s">
              <n gen="f" lem="conductividad" num="s" pos="ncfs000" postype="common" sense="16:07837945" wd="conductividad"/>
              <sp>
                <prep>
                  <s contracted="yes" gen="m" lem="del" num="s" pos="spcms" postype="preposition" wd="del"/>
                </prep>
                <sn entityref="ne" ne="other">
                  <grup.nom gen="m" num="s">
                    <n gen="m" lem="complejo" num="s" pos="ncms000" postype="common" sense="16:10630113" wd="complejo"/>
                    <s.a gen="m" num="s">
                      <grup.a gen="m" num="s">
                        <n lem="TCNQ-TTF" ne="other" pos="np0000a" postype="proper" sense="16:cs1" wd="TCNQ-TTF"/>
                      </grup.a>
                    </s.a>
                  </grup.nom>
                </sn>
              </sp>
            </grup.nom>
          </sn>
        </sp>
      </grup.nom>
    </sn>
    <grup.verb>
      <v lem="ser" lss="C21.state-attributive" mood="indicative" num="s" person="3" pos="vsip3s0" postype="semiauxiliary" tense="present" wd="es"/>
    </grup.verb>
    <sn arg="arg2" func="atr" tem="atr">
      <spec gen="m" num="s">
        <d gen="c" lem="su" num="s" person="3" pos="dp3cs0" postype="possessive" wd="su"/>
      </spec>
      <grup.nom gen="m" num="s">
        <n gen="m" lem="carácter" num="s" pos="ncms000" postype="common" sense="16:03648054" wd="carácter"/>
        <s.a gen="m" num="s">
          <spec>
            <r lem="fuertemente" pos="rg" wd="fuertemente"/>
          </spec>
          <grup.a gen="m" num="s">
            <a gen="m" lem="anisotrópico" num="s" pos="aq0ms0" postype="qualificative" wd="anisotrópico"/>
          </grup.a>
        </s.a>
      </grup.nom>
    </sn>
    <f lem="." pos="fp" punct="period" wd="."/>
  </sentence>
  <sentence>
    <sadv func="et">
      <grup.adv>
        <r lem="en_efecto" pos="rg" wd="En_efecto"/>
      </grup.adv>
      <f lem="," pos="fc" punct="comma" wd=","/>
    </sadv>
    <sn arg="arg1" func="suj" tem="tem">
      <spec gen="f" num="s">
        <d gen="f" lem="el" num="s" pos="da0fs0" postype="article" wd="la"/>
      </spec>
      <grup.nom gen="f" num="s">
        <n gen="f" lem="conductividad" num="s" pos="ncfs000" postype="common" sense="16:07837945" wd="conductividad"/>
        <sp>
          <prep>
            <s lem="a_lo_largo_de" pos="sps00" postype="preposition" wd="a_lo_largo_de"/>
          </prep>
          <sn>
            <spec gen="m" num="p">
              <d gen="m" lem="el" num="p" pos="da0mp0" postype="article" wd="los"/>
              <d gen="c" lem="tres" num="p" pos="dn0cp0" postype="numeral" wd="tres"/>
            </spec>
            <grup.nom gen="m" num="p">
              <n gen="m" lem="eje" num="p" pos="ncmp000" postype="common" sense="16:04600065" wd="ejes"/>
              <sp>
                <prep>
                  <s contracted="yes" gen="m" lem="del" num="s" pos="spcms" postype="preposition" wd="del"/>
                </prep>
                <sn>
                  <grup.nom gen="m" num="s">
                    <n gen="m" lem="cristal" num="s" pos="ncms000" postype="common" sense="16:10676696" wd="cristal"/>
                  </grup.nom>
                </sn>
              </sp>
            </grup.nom>
          </sn>
        </sp>
      </grup.nom>
    </sn>
    <grup.verb>
      <v lem="ser" lss="C21.state-attributive" mood="indicative" num="s" person="3" pos="vsip3s0" postype="semiauxiliary" tense="present" wd="es"/>
    </grup.verb>
    <sa arg="arg2" func="atr" tem="atr">
      <spec>
        <r lem="mucho" pos="rg" wd="muy"/>
      </spec>
      <grup.a>
        <a gen="c" lem="diferente" num="s" pos="aq0cs0" postype="qualificative" wd="diferente"/>
      </grup.a>
    </sa>
    <sp arg="argM" func="cc" tem="adv">
      <f lem="(" pos="fpa" punct="bracket" punctenclose="open" wd="("/>
      <prep>
        <s lem="en" pos="sps00" postype="preposition" wd="en"/>
      </prep>
      <sn entityref="ne" ne="number">
        <spec gen="f" num="s">
          <d gen="f" lem="uno" num="s" pos="di0fs0" postype="indefinite" wd="una"/>
        </spec>
        <grup.nom gen="f" num="s">
          <n gen="f" lem="relación" lexicalid="noun.relación.1.default" num="s" origin="deverbal" pos="ncfs000" postype="common" sense="16:00018916" wd="relación"/>
          <s.a func="cn" gen="f" num="s">
            <z lem="500_:_5_:_1" ne="number" wd="500_:_5_:_1"/>
          </s.a>
        </grup.nom>
      </sn>
      <f lem=")" pos="fpt" punct="bracket" punctenclose="close" wd=")"/>
    </sp>
    <S clausesubtype="consecutive" clausetype="adverbial" func="ao">
      <f lem="," pos="fc" punct="comma" wd=","/>
      <conj conjunctiontype="subordinating">
        <c lem="de_modo_que" pos="cs" postype="subordinating" wd="de_modo_que"/>
      </conj>
      <sn arg="arg0" elliptic="yes" func="suj" tem="agt"/>
      <grup.verb>
        <v lem="poder" mood="indicative" num="s" person="3" pos="vmip3s0" postype="main" tense="present" wd="puede"/>
        <infinitiu>
          <v lem="considerar" lss="A21.transitive-agentive-patient" mood="infinitive" pos="vmn0000" postype="main" wd="considerarse"/>
        </infinitiu>
      </grup.verb>
      <sa arg="arg2" func="cpred" predicate="suj" tem="atr">
        <grup.a>
          <a gen="c" lem="monodimensional" num="s" pos="aq0cs0" postype="qualificative" wd="monodimensional"/>
        </grup.a>
      </sa>
    </S>
    <f lem="." pos="fp" punct="period" wd="."/>
  </sentence>
</article>
