<?xml version="1.0" encoding="UTF-8"?>
<!-- 

  ancora-2.0
       
			Copyright (C) 2007, 2008, 2009, 2010, 2011 UB - CLiC
			Centre de Llenguatge i Computació - Universitat de Barcelona
 
  This file is part of ancora-2.0.
 
  ancora-2.0 is free software and data: you can redistribute it and/or modify
  it under the terms of the GNU General Public License as published
  by the Free Software Foundation, either version 3 of the License,
  or (at your option) any later version.

  ancora-2.0 is distributed in the hope that it will be useful,
  but WITHOUT ANY WARRANTY; without even the implied warranty of
  MERCHANTABILITY or FITNESS FOR A PARTICULAR PURPOSE.  See the
  GNU General Public License for more details.
 
  You should have received a copy of the GNU General Public License
  along with ancora-2.0.  If not, see &lt;http://www.gnu.org/licenses/&gt;.
 
  Check a text in catalan explaining the terms of the license at http://www.softcatala.cat/wiki/GPL3.
  In spanish at http://www.viti.es/gnu/licenses/gpl.html
 

  The following paper must be cited when using this corpus:

 * Taulé, M., M.A. Martí, M. Recasens (2008) 'Ancora: Multilevel Annotated Corpora for Catalan and Spanish',
   Proceedings of 6th International Conference on Language Resources and Evaluation. Marrakesh (Morocco).

  In addition, the following paper must be cited if coreference information (attributes entity, coreftype,
  corefsubtype, homophoricDD or entityref) is used:

 * Recasens, Marta, M. Antònia Martí (2010) ‘AnCora-CO: Coreferentially annotated corpora for Spanish and
   Catalan’. Language Resources and Evaluation, Springer Science.

  Additionally, the following paper must be cited when argumental attributes in "sn" or "grup.nom"
  (attributes func, arg, tem or lexicalid) are used:

 * Peris, Aina, Mariona Taulé, Horacio Rodríguez (2010) ‘Semantic Annotation of Deverbal Nominalizations in the
   Spanish AnCora corpus’. Treebanks and Linguistic Theories (TLT-2010), Estonia.
-->
<article lng="es">
  <sentence>
    <sp arg="argM" func="cc" tem="adv">
      <prep>
        <s lem="por" pos="sps00" postype="preposition" wd="Por"/>
      </prep>
      <sn>
        <spec gen="m" num="s">
          <d gen="c" lem="el" num="s" pos="da0ns0" postype="article" wd="lo"/>
        </spec>
        <grup.nom gen="m" num="s">
          <S clausetype="relative">
            <relatiu arg="arg0" func="suj" tem="agt">
              <p gen="c" lem="que" num="c" pos="pr0cn000" postype="relative" wd="que"/>
            </relatiu>
            <grup.verb>
              <v lem="respectar" lss="A21.transitive-agentive-patient" mood="indicative" num="s" person="3" pos="vmip3s0" postype="main" tense="present" wd="respecta"/>
            </grup.verb>
            <sp arg="arg1" func="cd" tem="pat">
              <prep>
                <s contracted="yes" gen="m" lem="al" num="s" pos="spcms" postype="preposition" wd="al"/>
              </prep>
              <sn>
                <grup.nom gen="m" num="s">
                  <n gen="m" lem="problema" num="s" pos="ncms000" postype="common" sense="16:04394770" wd="problema"/>
                  <sp>
                    <prep>
                      <s lem="de" pos="sps00" postype="preposition" wd="de"/>
                    </prep>
                    <sn>
                      <spec gen="f" num="s">
                        <d gen="f" lem="el" num="s" pos="da0fs0" postype="article" wd="la"/>
                      </spec>
                      <grup.nom gen="f" num="s">
                        <s.a gen="f" num="s">
                          <grup.a gen="f" num="s">
                            <a gen="f" lem="bajo" num="s" pos="aq0fs0" postype="qualificative" wd="baja"/>
                          </grup.a>
                        </s.a>
                        <n gen="f" lem="solubilidad" num="s" pos="ncfs000" postype="common" sense="16:04053658" wd="solubilidad"/>
                        <S clausetype="relative">
                          <f lem="," pos="fc" punct="comma" wd=","/>
                          <relatiu arg="arg0" func="suj" tem="cau">
                            <p gen="c" lem="que" num="c" pos="pr0cn000" postype="relative" wd="que"/>
                          </relatiu>
                          <grup.verb>
                            <v lem="dificultar" lss="A11.transitive-causative" mood="indicative" num="s" person="3" pos="vmip3s0" postype="main" tense="present" wd="dificulta"/>
                          </grup.verb>
                          <sn arg="arg1" func="cd" tem="tem">
                            <spec gen="m" num="s">
                              <d gen="m" lem="el" num="s" pos="da0ms0" postype="article" wd="el"/>
                            </spec>
                            <grup.nom gen="m" num="s">
                              <n gen="m" lem="proceso" lexicalid="noun.proceso.1.default" num="s" origin="deverbal" pos="ncms000" postype="common" sense="16:09669871" wd="proceso"/>
                            </grup.nom>
                          </sn>
                          <f lem="," pos="fc" punct="comma" wd=","/>
                        </S>
                      </grup.nom>
                    </sn>
                  </sp>
                </grup.nom>
              </sn>
            </sp>
          </S>
        </grup.nom>
      </sn>
    </sp>
    <sn arg="arg0" entityref="ne" func="suj" ne="person" tem="agt">
      <grup.nom gen="m" num="s">
        <n lem="Grubbs" ne="person" pos="np0000p" postype="proper" sense="16:cs1" wd="Grubbs"/>
      </grup.nom>
    </sn>
    <grup.verb>
      <v lem="haber" mood="indicative" num="s" person="3" pos="vaip3s0" postype="auxiliary" tense="present" wd="ha"/>
      <v gen="m" lem="lograr" lss="A21.transitive-agentive-patient" mood="participle" num="s" pos="vmp00sm" postype="main" wd="logrado"/>
    </grup.verb>
    <S arg="arg1" clausetype="completive" func="cd" impersonal="yes" tem="pat">
      <infinitiu>
        <v lem="llegar" lss="A22.transitive-agentive-theme" mood="infinitive" pos="vmn0000" postype="main" wd="llegar"/>
      </infinitiu>
      <sp arg="arg1" func="creg" tem="tem">
        <prep>
          <s lem="a" pos="sps00" postype="preposition" wd="a"/>
        </prep>
        <sn>
          <grup.nom gen="m" num="p">
            <n gen="m" lem="poliacetileno" num="p" pos="ncmp000" postype="common" sense="16:cs1" wd="poliacetilenos"/>
            <s.a gen="m" num="p">
              <grup.a gen="m" num="p">
                <a gen="c" lem="soluble" num="p" pos="aq0cp0" postype="qualificative" wd="solubles"/>
              </grup.a>
            </s.a>
          </grup.nom>
        </sn>
      </sp>
      <sp arg="argM" func="cc" tem="adv">
        <prep>
          <s lem="mediante" pos="sps00" postype="preposition" wd="mediante"/>
        </prep>
        <sn>
          <spec gen="m" num="s">
            <d gen="m" lem="uno" num="s" pos="di0ms0" postype="indefinite" wd="un"/>
          </spec>
          <grup.nom gen="m" num="s">
            <n gen="m" lem="enfoque" lexicalid="noun.enfoque.1.default" num="s" origin="deverbal" pos="ncms000" postype="common" sense="16:04707697" wd="enfoque"/>
            <s.a func="cn" gen="m" num="s">
              <grup.a gen="m" num="s">
                <a gen="m" lem="químico" num="s" pos="aq0ms0" postype="qualificative" wd="químico"/>
                <s.a gen="m" num="s">
                  <grup.a gen="m" num="s">
                    <a gen="m" lem="distinto" num="s" pos="aq0ms0" postype="qualificative" wd="distinto"/>
                  </grup.a>
                </s.a>
              </grup.a>
            </s.a>
            <sn func="cn">
              <f lem=":" pos="fd" punct="colon" wd=":"/>
              <spec gen="f" num="s">
                <d gen="f" lem="el" num="s" pos="da0fs0" postype="article" wd="la"/>
              </spec>
              <grup.nom gen="f" num="s">
                <n gen="f" lem="polimerización" lexicalid="noun.polimerización.1.default" num="s" origin="deverbal" pos="ncfs000" postype="common" sense="16:09687284" wd="polimerización"/>
                <sp func="cn">
                  <prep>
                    <s lem="con" pos="sps00" postype="preposition" wd="con"/>
                  </prep>
                  <sn>
                    <grup.nom gen="f" num="s">
                      <n gen="f" lem="apertura" lexicalid="noun.apertura.5.default" num="s" origin="deverbal" pos="ncfs000" postype="common" sense="16:00246048" wd="apertura"/>
                      <sp arg="arg1" func="cn" tem="pat">
                        <prep>
                          <s lem="de" pos="sps00" postype="preposition" wd="de"/>
                        </prep>
                        <sn>
                          <grup.nom gen="m" num="s">
                            <n gen="m" lem="ciclo" num="s" pos="ncms000" postype="common" sense="16:cs1" wd="ciclo"/>
                            <sp>
                              <prep>
                                <s lem="de" pos="sps00" postype="preposition" wd="de"/>
                              </prep>
                              <sn>
                                <grup.nom gen="m" num="p">
                                  <n gen="m" lem="ciclooctatetraeno" num="p" pos="ncmp000" postype="common" sense="16:cs1" wd="ciclooctatetraenos"/>
                                  <S clausetype="participle" impersonal="yes">
                                    <participi>
                                      <a gen="m" lem="sustituido" num="p" pos="aq0mpp" posfunction="participle" postype="qualificative" wd="sustituidos"/>
                                    </participi>
                                  </S>
                                </grup.nom>
                              </sn>
                            </sp>
                          </grup.nom>
                        </sn>
                      </sp>
                    </grup.nom>
                  </sn>
                </sp>
              </grup.nom>
            </sn>
          </grup.nom>
        </sn>
      </sp>
    </S>
    <f lem="." pos="fp" punct="period" wd="."/>
  </sentence>
  <sentence>
    <sn arg="arg0" func="suj" tem="cau">
      <spec gen="m" num="p">
        <d gen="m" lem="el" num="p" pos="da0mp0" postype="article" wd="Los"/>
      </spec>
      <grup.nom gen="m" num="p">
        <n gen="m" lem="sustituyente" num="p" pos="ncmp000" postype="common" sense="16:cs1" wd="sustituyentes"/>
        <S clausetype="relative">
          <relatiu arg="arg1" func="cd" tem="pat">
            <p gen="c" lem="que" num="c" pos="pr0cn000" postype="relative" wd="que"/>
          </relatiu>
          <grup.verb>
            <v lem="soportar" lss="A21.transitive-agentive-patient" mood="indicative" num="s" person="3" pos="vmip3s0" postype="main" tense="present" wd="soporta"/>
          </grup.verb>
          <sadv arg="argM" func="cc" tem="tmp">
            <grup.adv>
              <r lem="ahora" pos="rg" wd="ahora"/>
            </grup.adv>
          </sadv>
          <sn arg="arg0" func="suj" tem="agt">
            <spec gen="f" num="s">
              <d gen="f" lem="el" num="s" pos="da0fs0" postype="article" wd="la"/>
            </spec>
            <grup.nom gen="f" num="s">
              <n gen="f" lem="cadena" num="s" pos="ncfs000" postype="common" sense="16:06688935" wd="cadena"/>
              <s.a gen="f" num="s">
                <grup.a gen="f" num="s">
                  <a gen="f" lem="polimérico" num="s" pos="aq0fs0" postype="qualificative" wd="polimérica"/>
                </grup.a>
              </s.a>
            </grup.nom>
          </sn>
        </S>
      </grup.nom>
    </sn>
    <grup.verb>
      <v lem="incrementar" lss="A11.transitive-causative" mood="indicative" num="p" person="3" pos="vmip3p0" postype="main" tense="present" wd="incrementan"/>
    </grup.verb>
    <sadv arg="argM" func="cc" tem="mnr">
      <grup.adv>
        <r lem="notablemente" pos="rg" wd="notablemente"/>
      </grup.adv>
    </sadv>
    <sn arg="arg1" func="cd" tem="tem">
      <spec gen="f" num="s">
        <d gen="f" lem="el" num="s" pos="da0fs0" postype="article" wd="la"/>
      </spec>
      <grup.nom gen="f" num="s">
        <n gen="f" lem="solubilidad" num="s" pos="ncfs000" postype="common" sense="16:04053658" wd="solubilidad"/>
        <sp>
          <prep>
            <s contracted="yes" gen="m" lem="del" num="s" pos="spcms" postype="preposition" wd="del"/>
          </prep>
          <sn>
            <grup.nom gen="m" num="s">
              <n gen="m" lem="polímero" num="s" pos="ncms000" postype="common" sense="16:10760958" wd="polímero"/>
              <s.a gen="m" num="s">
                <grup.a gen="m" num="s">
                  <a gen="m" lem="conductor" num="s" pos="aq0ms0" postype="qualificative" wd="conductor"/>
                </grup.a>
              </s.a>
            </grup.nom>
          </sn>
        </sp>
      </grup.nom>
    </sn>
    <S clausesubtype="concessive" clausetype="adverbial" func="ao" verbless="yes">
      <f lem="," pos="fc" punct="comma" wd=","/>
      <conj conjunctiontype="subordinating">
        <c lem="si_bien" pos="cs" postype="subordinating" wd="si_bien"/>
      </conj>
      <sp>
        <prep>
          <s contracted="yes" gen="m" lem="al" num="s" pos="spcms" postype="preposition" wd="al"/>
        </prep>
        <sn>
          <grup.nom gen="m" num="s">
            <n gen="m" lem="precio" num="s" pos="ncms000" postype="common" sense="16:04008333" wd="precio"/>
            <sp>
              <prep>
                <s lem="de" pos="sps00" postype="preposition" wd="de"/>
              </prep>
              <sn>
                <spec gen="f" num="s">
                  <d gen="f" lem="uno" num="s" pos="di0fs0" postype="indefinite" wd="una"/>
                </spec>
                <grup.nom gen="f" num="s">
                  <n gen="f" lem="conductividad" num="s" pos="ncfs000" postype="common" sense="16:07837945" wd="conductividad"/>
                  <s.a gen="f" num="s">
                    <grup.a gen="f" num="s">
                      <a gen="c" lem="menor" num="s" pos="aq0cs0" postype="qualificative" wd="menor"/>
                    </grup.a>
                  </s.a>
                  <sp>
                    <f lem="," pos="fc" punct="comma" wd=","/>
                    <prep>
                      <s contracted="yes" gen="m" lem="del" num="s" pos="spcms" postype="preposition" wd="del"/>
                    </prep>
                    <sn>
                      <grup.nom gen="m" num="s">
                        <n gen="m" lem="orden" num="s" pos="ncms000" postype="common" sense="16:cs1" wd="orden"/>
                        <sp>
                          <prep>
                            <s lem="de" pos="sps00" postype="preposition" wd="de"/>
                          </prep>
                          <sn entityref="ne" ne="number">
                            <grup.nom>
                              <z lem="350" ne="number" wd="350"/>
                            </grup.nom>
                          </sn>
                        </sp>
                      </grup.nom>
                    </sn>
                  </sp>
                </grup.nom>
              </sn>
            </sp>
          </grup.nom>
        </sn>
      </sp>
    </S>
    <f lem="." pos="fp" punct="period" wd="."/>
  </sentence>
  <sentence>
    <sn arg="arg1" func="suj" tem="tem">
      <spec gen="m" num="p">
        <d gen="m" lem="otro" num="p" pos="di0mp0" postype="indefinite" wd="Otros"/>
      </spec>
      <grup.nom gen="m" num="p">
        <n gen="m" lem="polímero" num="p" pos="ncmp000" postype="common" sense="16:10760958" wd="polímeros"/>
      </grup.nom>
    </sn>
    <sadv func="mod">
      <grup.adv>
        <r lem="también" pos="rg" wd="también"/>
      </grup.adv>
    </sadv>
    <grup.verb>
      <v lem="haber" mood="indicative" num="p" person="3" pos="vaip3p0" postype="auxiliary" tense="present" wd="han"/>
      <v gen="m" lem="mostrar" lss="C21.state-attributive" mood="participle" num="s" pos="vmp00sm" postype="main" wd="mostrado"/>
    </grup.verb>
    <sn arg="arg2" func="cd" functype="quantitative" tem="atr">
      <grup.nom gen="m" num="p">
        <n gen="m" lem="valor" num="p" pos="ncmp000" postype="common" sense="16:04508194" wd="valores"/>
        <s.a gen="m" num="p">
          <grup.a gen="m" num="p">
            <a gen="m" lem="metálico" num="p" pos="aq0mp0" postype="qualificative" wd="metálicos"/>
          </grup.a>
        </s.a>
        <sp>
          <prep>
            <s lem="de" pos="sps00" postype="preposition" wd="de"/>
          </prep>
          <sn>
            <spec gen="f" num="s">
              <d gen="f" lem="el" num="s" pos="da0fs0" postype="article" wd="la"/>
            </spec>
            <grup.nom gen="f" num="s">
              <n gen="f" lem="conductividad" num="s" pos="ncfs000" postype="common" sense="16:07837945" wd="conductividad"/>
            </grup.nom>
          </sn>
        </sp>
      </grup.nom>
    </sn>
    <inc>
      <S>
        <f lem="(" pos="fpa" punct="bracket" punctenclose="open" wd="("/>
        <grup.verb>
          <v lem="ver" lss="A21.transitive-agentive-patient" mood="imperative" num="s" person="3" pos="vmm03s0" postype="main" wd="véase"/>
        </grup.verb>
        <sn arg="arg0" func="suj" tem="agt">
          <spec gen="f" num="s">
            <d gen="f" lem="el" num="s" pos="da0fs0" postype="article" wd="la"/>
          </spec>
          <grup.nom gen="f" num="s">
            <n gen="f" lem="tabla" num="s" pos="ncfs000" postype="common" sense="16:05252690" wd="tabla"/>
            <sn>
              <grup.nom gen="f" num="s">
                <z lem="2" ne="number" wd="2"/>
              </grup.nom>
            </sn>
          </grup.nom>
        </sn>
        <f lem=")" pos="fpt" punct="bracket" punctenclose="close" wd=")"/>
      </S>
    </inc>
    <f lem="." pos="fp" punct="period" wd="."/>
  </sentence>
  <sentence>
    <sp arg="argM" func="cc" tem="adv">
      <prep>
        <s lem="a_pesar_de" pos="sps00" postype="preposition" wd="A_pesar_de"/>
      </prep>
      <sn>
        <spec gen="f" num="p">
          <d gen="f" lem="el" num="p" pos="da0fp0" postype="article" wd="las"/>
        </spec>
        <grup.nom gen="f" num="p">
          <n gen="f" lem="dificultad" num="p" pos="ncfp000" postype="common" sense="16:04396796" wd="dificultades"/>
          <S clausetype="relative">
            <relatiu arg="arg1" func="suj" tem="tem">
              <p gen="c" lem="que" num="c" pos="pr0cn000" postype="relative" wd="que"/>
            </relatiu>
            <sadv arg="argM" func="cc" tem="adv">
              <grup.adv>
                <r lem="aún" pos="rg" wd="aún"/>
              </grup.adv>
            </sadv>
            <grup.verb>
              <v lem="quedar" lss="C21.state-attributive" mood="indicative" num="p" person="3" pos="vmip3p0" postype="main" tense="present" wd="quedan"/>
            </grup.verb>
            <sp arg="arg2" func="cc" tem="atr">
              <prep>
                <s lem="por" pos="sps00" postype="preposition" wd="por"/>
              </prep>
              <S clausetype="completive" impersonal="yes">
                <infinitiu>
                  <v lem="resolver" lss="A21.transitive-agentive-patient" mood="infinitive" pos="vmn0000" postype="main" wd="resolver"/>
                </infinitiu>
              </S>
            </sp>
          </S>
        </grup.nom>
      </sn>
      <f lem="," pos="fc" punct="comma" wd=","/>
    </sp>
    <sn arg="arg1" func="suj" tem="tem">
      <spec gen="f" num="s">
        <d gen="f" lem="el" num="s" pos="da0fs0" postype="article" wd="la"/>
      </spec>
      <grup.nom gen="f" num="s">
        <n gen="f" lem="aplicación" lexicalid="noun.aplicación.3.default" num="s" origin="deverbal" pos="ncfs000" postype="common" sense="16:00607299" wd="aplicación"/>
        <sp arg="arg1" func="cn" tem="pat">
          <prep>
            <s lem="de" pos="sps00" postype="preposition" wd="de"/>
          </prep>
          <sn>
            <grup.nom gen="m" num="p">
              <n gen="m" lem="polímero" num="p" pos="ncmp000" postype="common" sense="16:10760958" wd="polímeros"/>
              <s.a gen="m" num="p">
                <grup.a gen="m" num="p">
                  <a gen="m" lem="conductor" num="p" pos="aq0mp0" postype="qualificative" wd="conductores"/>
                </grup.a>
              </s.a>
            </grup.nom>
          </sn>
        </sp>
        <sp arg="argM" func="cn" tem="tmp">
          <prep>
            <s lem="en" pos="sps00" postype="preposition" wd="en"/>
          </prep>
          <sn>
            <spec gen="f" num="s">
              <d gen="f" lem="el" num="s" pos="da0fs0" postype="article" wd="la"/>
            </spec>
            <grup.nom gen="f" num="s">
              <n gen="f" lem="fabricación" lexicalid="noun.fabricación.2.default" num="s" origin="deverbal" pos="ncfs000" postype="common" sense="16:00585619" wd="fabricación"/>
              <sp arg="arg1" func="cn" tem="pat">
                <prep>
                  <s lem="de" pos="sps00" postype="preposition" wd="de"/>
                </prep>
                <sn>
                  <grup.nom gen="f" num="p">
                    <n gen="f" lem="batería" num="p" pos="ncfp000" postype="common" sense="16:02265902" wd="baterías"/>
                  </grup.nom>
                </sn>
              </sp>
            </grup.nom>
          </sn>
        </sp>
      </grup.nom>
    </sn>
    <grup.verb>
      <v lem="ser" lss="C21.state-attributive" mood="indicative" num="s" person="3" pos="vsip3s0" postype="semiauxiliary" tense="present" wd="es"/>
    </grup.verb>
    <sn arg="arg2" func="atr" tem="atr">
      <grup.nom gen="f" num="s">
        <p gen="f" lem="uno" num="s" pos="pi0fs000" postype="indefinite" wd="una"/>
        <sp>
          <prep>
            <s lem="de" pos="sps00" postype="preposition" wd="de"/>
          </prep>
          <sn>
            <spec gen="f" num="p">
              <d gen="f" lem="el" num="p" pos="da0fp0" postype="article" wd="las"/>
            </spec>
            <grup.nom gen="f" num="p">
              <n gen="f" lem="posibilidad" num="p" pos="ncfp000" postype="common" sense="16:04568501" wd="posibilidades"/>
              <sp>
                <prep>
                  <s lem="de" pos="sps00" postype="preposition" wd="de"/>
                </prep>
                <sn>
                  <spec gen="m" num="p">
                    <d gen="m" lem="este" num="p" pos="dd0mp0" postype="demonstrative" wd="estos"/>
                  </spec>
                  <grup.nom gen="m" num="p">
                    <s.a gen="m" num="p">
                      <grup.a gen="m" num="p">
                        <a gen="m" lem="nuevo" num="p" pos="aq0mp0" postype="qualificative" wd="nuevos"/>
                      </grup.a>
                    </s.a>
                    <n gen="m" lem="material" num="p" pos="ncmp000" postype="common" sense="16:cs1" wd="materiales"/>
                  </grup.nom>
                </sn>
              </sp>
            </grup.nom>
          </sn>
        </sp>
      </grup.nom>
    </sn>
    <f lem="." pos="fp" punct="period" wd="."/>
  </sentence>
  <sentence>
    <grup.verb>
      <v lem="resultar" lss="B11.unaccusative-motion" mood="indicative" num="s" person="3" pos="vmip3s0" postype="main" tense="present" wd="Resulta"/>
    </grup.verb>
    <sn arg="arg1" func="suj" tem="tem">
      <grup.nom gen="m" num="s">
        <p gen="c" lem="este" num="s" pos="pd0ns000" postype="demonstrative" wd="esto"/>
      </grup.nom>
    </sn>
    <sp arg="arg3" func="cc" tem="ori">
      <prep>
        <s contracted="yes" gen="m" lem="del" num="s" pos="spcms" postype="preposition" wd="del"/>
      </prep>
      <sn>
        <grup.nom gen="m" num="s">
          <n gen="m" lem="descubrimiento" lexicalid="noun.descubrimiento.2.default" num="s" origin="deverbal" pos="ncms000" postype="common" sense="16:00098007" wd="descubrimiento"/>
          <sp arg="arg0" func="cn" tem="agt">
            <prep>
              <s lem="por" pos="sps00" postype="preposition" wd="por"/>
            </prep>
            <sn complex="yes">
              <grup.nom coord="yes">
                <grup.nom coord="yes">
                  <grup.nom gen="m" num="s">
                    <n lem="Heeger" ne="person" pos="np0000p" postype="proper" sense="16:cs1" wd="Heeger"/>
                  </grup.nom>
                  <f lem="," pos="fc" punct="comma" wd=","/>
                  <grup.nom gen="m" num="s">
                    <n lem="McDiarmid" ne="person" pos="np0000p" postype="proper" sense="16:cs1" wd="McDiarmid"/>
                  </grup.nom>
                  <conj conjunctiontype="coordinating">
                    <c lem="y" pos="cc" postype="coordinating" wd="y"/>
                  </conj>
                  <grup.nom gen="m" num="s">
                    <n lem="Nigrey" ne="person" pos="np0000p" postype="proper" sense="16:cs1" wd="Nigrey"/>
                  </grup.nom>
                </grup.nom>
                <S adjunct="yes" clausetype="relative">
                  <f lem="," pos="fc" punct="comma" wd=","/>
                  <relatiu arg="arg0" func="suj" tem="agt">
                    <p gen="c" lem="que" num="c" pos="pr0cn000" postype="relative" wd="que"/>
                  </relatiu>
                  <grup.verb>
                    <v lem="encontrar" lss="A21.transitive-agentive-patient" mood="indicative" num="p" person="3" pos="vmis3p0" postype="main" tense="past" wd="encontraron"/>
                  </grup.verb>
                  <sn arg="arg1" func="cd" tem="pat">
                    <grup.nom gen="m" num="p">
                      <n gen="m" lem="compuesto" num="p" pos="ncmp000" postype="common" sense="16:10630741" wd="compuestos"/>
                      <s.a gen="m" num="p">
                        <grup.a gen="m" num="p">
                          <a gen="m" lem="polimérico" num="p" pos="aq0mp0" postype="qualificative" wd="poliméricos"/>
                        </grup.a>
                      </s.a>
                      <s.a gen="m" num="p">
                        <grup.a gen="m" num="p">
                          <a gen="m" lem="conductor" num="p" pos="aq0mp0" postype="qualificative" wd="conductores"/>
                        </grup.a>
                      </s.a>
                    </grup.nom>
                  </sn>
                </S>
              </grup.nom>
            </sn>
          </sp>
        </grup.nom>
      </sn>
    </sp>
    <f lem="." pos="fp" punct="period" wd="."/>
  </sentence>
  <sentence>
    <sn arg="arg1" func="suj" tem="tem">
      <spec gen="m" num="s">
        <d gen="m" lem="el" num="s" pos="da0ms0" postype="article" wd="El"/>
      </spec>
      <grup.nom gen="m" num="s">
        <n gen="m" lem="poliacetileno" num="s" pos="ncms000" postype="common" sense="16:cs1" wd="poliacetileno"/>
      </grup.nom>
    </sn>
    <neg func="mod">
      <r lem="no" pos="rn" postype="negative" wd="no"/>
    </neg>
    <grup.verb>
      <v lem="ser" lss="C21.state-attributive" mood="indicative" num="s" person="3" pos="vsip3s0" postype="semiauxiliary" tense="present" wd="es"/>
    </grup.verb>
    <sadv arg="argM" func="cc" tem="tmp">
      <grup.adv>
        <r lem="ya" pos="rg" wd="ya"/>
      </grup.adv>
    </sadv>
    <sn arg="arg2" func="atr" tem="atr">
      <spec gen="m" num="s">
        <d gen="m" lem="el" num="s" pos="da0ms0" postype="article" wd="el"/>
      </spec>
      <grup.nom gen="m" num="s">
        <s.a gen="m" num="s">
          <grup.a gen="m" num="s">
            <a gen="m" lem="único" num="s" pos="aq0ms0" postype="qualificative" wd="único"/>
          </grup.a>
        </s.a>
        <n gen="m" lem="polímero" num="s" pos="ncms000" postype="common" sense="16:10760958" wd="polímero"/>
        <s.a gen="m" num="s">
          <grup.a gen="m" num="s">
            <a gen="m" lem="conductor" num="s" pos="aq0ms0" postype="qualificative" wd="conductor"/>
          </grup.a>
        </s.a>
      </grup.nom>
    </sn>
    <inc>
      <sn>
        <f lem="(" pos="fpa" punct="bracket" punctenclose="open" wd="("/>
        <grup.nom gen="f" num="s">
          <n lem="Tabla" pos="np00000" postype="proper" sense="16:cs1" wd="Tabla"/>
          <sn>
            <grup.nom gen="f" num="s">
              <z lem="2" ne="number" wd="2"/>
            </grup.nom>
          </sn>
        </grup.nom>
        <f lem=")" pos="fpt" punct="bracket" punctenclose="close" wd=")"/>
      </sn>
    </inc>
    <f lem="." pos="fp" punct="period" wd="."/>
  </sentence>
  <sentence>
    <sp arg="argM" func="cc" tem="loc">
      <prep>
        <s lem="junto_a" pos="sps00" postype="preposition" wd="Junto_a"/>
      </prep>
      <sn>
        <grup.nom gen="m" num="s">
          <p gen="m" lem="él" num="s" person="3" pos="pp3ms000" postype="personal" wd="él"/>
        </grup.nom>
      </sn>
    </sp>
    <grup.verb>
      <v lem="haber" mood="indicative" num="p" person="3" pos="vaip3p0" postype="auxiliary" tense="present" wd="han"/>
      <v gen="m" lem="surgir" lss="B11.unaccusative-motion" mood="participle" num="s" pos="vmp00sm" postype="main" wd="surgido"/>
    </grup.verb>
    <sn arg="arg1" func="suj" tem="tem">
      <grup.nom gen="m" num="p">
        <p gen="m" lem="otro" num="p" pos="pi0mp000" postype="indefinite" wd="otros"/>
        <s.a gen="m" num="p">
          <spec>
            <neg>
              <r lem="no" pos="rn" postype="negative" wd="no"/>
            </neg>
            <r lem="menos" pos="rg" wd="menos"/>
          </spec>
          <grup.a gen="m" num="p">
            <a gen="c" lem="importante" num="p" pos="aq0cp0" postype="qualificative" wd="importantes"/>
          </grup.a>
        </s.a>
      </grup.nom>
    </sn>
    <f lem="." pos="fp" punct="period" wd="."/>
  </sentence>
  <sentence coord="yes">
    <S>
      <sn arg="arg1" func="suj" tem="tem">
        <spec gen="m" num="s">
          <d gen="m" lem="el" num="s" pos="da0ms0" postype="article" wd="El"/>
        </spec>
        <grup.nom gen="m" num="s">
          <n gen="m" lem="polisulfuro" num="s" pos="ncms000" postype="common" sense="16:cs1" wd="polisulfuro"/>
          <sp>
            <prep>
              <s lem="de" pos="sps00" postype="preposition" wd="de"/>
            </prep>
            <sn>
              <grup.nom gen="m" num="s">
                <n gen="m" lem="fenileno" num="s" pos="ncms000" postype="common" sense="16:cs1" wd="fenileno"/>
              </grup.nom>
            </sn>
          </sp>
        </grup.nom>
      </sn>
      <S clausesubtype="concessive" clausetype="adverbial" func="ao" verbless="yes">
        <f lem="," pos="fc" punct="comma" wd=","/>
        <conj conjunctiontype="subordinating">
          <c lem="aunque" pos="cs" postype="subordinating" wd="aunque"/>
        </conj>
        <neg>
          <r lem="no" pos="rn" postype="negative" wd="no"/>
        </neg>
        <S clausetype="participle" impersonal="yes">
          <participi>
            <a gen="m" lem="conjugado" num="s" pos="aq0msp" posfunction="participle" postype="qualificative" wd="conjugado"/>
          </participi>
        </S>
        <f lem="," pos="fc" punct="comma" wd=","/>
      </S>
      <grup.verb>
        <v lem="ser" lss="C21.state-attributive" mood="indicative" num="s" person="3" pos="vsip3s0" postype="semiauxiliary" tense="present" wd="es"/>
      </grup.verb>
      <sp arg="argM" func="cc" tem="mnr">
        <prep>
          <s lem="en" pos="sps00" postype="preposition" wd="en"/>
        </prep>
        <sn>
          <grup.nom gen="m" num="s">
            <n gen="m" lem="estado" lexicalid="noun.estado.1.default" num="s" origin="deverbal" pos="ncms000" postype="common" sense="16:00016185" wd="estado"/>
            <s.a arg="arg2" func="cn" gen="m" num="s" tem="atr">
              <grup.a gen="m" num="s">
                <a gen="m" lem="puro" num="s" pos="aq0ms0" postype="qualificative" wd="puro"/>
              </grup.a>
            </s.a>
          </grup.nom>
        </sn>
      </sp>
      <sn arg="arg2" func="atr" tem="atr">
        <spec gen="m" num="s">
          <d gen="m" lem="uno" num="s" pos="di0ms0" postype="indefinite" wd="un"/>
        </spec>
        <grup.nom gen="m" num="s">
          <s.a gen="m" num="s">
            <grup.a gen="m" num="s">
              <a gen="c" lem="excelente" num="s" pos="aq0cs0" postype="qualificative" wd="excelente"/>
            </grup.a>
          </s.a>
          <n gen="c" lem="aislante" num="s" pos="nccs000" postype="common" sense="16:10706467" wd="aislante"/>
          <sn entityref="ne" ne="number">
            <f lem="(" pos="fpa" punct="bracket" punctenclose="open" wd="("/>
            <grup.nom>
              <z lem="1016" ne="number" wd="1016"/>
            </grup.nom>
            <f lem=")" pos="fpt" punct="bracket" punctenclose="close" wd=")"/>
          </sn>
        </grup.nom>
      </sn>
    </S>
    <conj conjunctiontype="coordinating">
      <c lem="pero" pos="cc" postype="coordinating" wd="pero"/>
    </conj>
    <S coord="yes">
      <sp arg="argM" func="cc" tem="tmp">
        <prep>
          <s contracted="yes" gen="m" lem="al" num="s" pos="spcms" postype="preposition" wd="al"/>
        </prep>
        <S clausetype="completive" impersonal="yes">
          <infinitiu>
            <f lem="-" pos="fg" punct="hyphen" wd="-"/>
            <v lem="dopar" lss="B22.unaccusative-passive-transitive" mood="infinitive" pos="vmn0000" postype="main" wd="doparlo"/>
            <f lem="-" pos="fg" punct="hyphen" wd="-"/>
          </infinitiu>
        </S>
      </sp>
      <S coord="yes">
        <S>
          <sn arg="arg0" elliptic="yes" func="suj" tem="agt"/>
          <grup.verb>
            <v lem="alcanzar" lss="A31.ditransitive-patient-locative" mood="indicative" num="s" person="3" pos="vmip3s0" postype="main" tense="present" wd="alcanza"/>
          </grup.verb>
          <sn arg="arg1" func="cd" tem="pat">
            <spec gen="f" num="s">
              <d gen="f" lem="uno" num="s" pos="di0fs0" postype="indefinite" wd="una"/>
            </spec>
            <grup.nom gen="f" num="s">
              <n gen="f" lem="conductividad" num="s" pos="ncfs000" postype="common" sense="16:07837945" wd="conductividad"/>
              <sp>
                <prep>
                  <s lem="de" pos="sps00" postype="preposition" wd="de"/>
                </prep>
                <sn entityref="ne" ne="number">
                  <grup.nom>
                    <z lem="1" ne="number" wd="1"/>
                  </grup.nom>
                </sn>
              </sp>
            </grup.nom>
          </sn>
        </S>
        <conj conjunctiontype="coordinating">
          <c lem="y" pos="cc" postype="coordinating" wd="y"/>
        </conj>
        <S>
          <sn arg="arg1" elliptic="yes" func="suj" tem="tem"/>
          <grup.verb>
            <v lem="presentar" lss="C21.state-attributive" mood="indicative" num="s" person="3" pos="vmip3s0" postype="main" tense="present" wd="presenta"/>
          </grup.verb>
          <sn arg="arg2" func="cd" functype="quantitative" tem="atr">
            <spec gen="f" num="s">
              <d gen="f" lem="el" num="s" pos="da0fs0" postype="article" wd="la"/>
            </spec>
            <grup.nom gen="f" num="s">
              <n gen="f" lem="ventaja" lexicalid="noun.ventaja.1.default" num="s" origin="deverbal" pos="ncfs000" postype="common" sense="16:04015246" wd="ventaja"/>
              <sp func="cn">
                <prep>
                  <s lem="de" pos="sps00" postype="preposition" wd="de"/>
                </prep>
                <S clausetype="completive" impersonal="yes">
                  <infinitiu>
                    <v lem="ser" lss="C21.state-attributive" mood="infinitive" pos="vsn0000" postype="semiauxiliary" wd="ser"/>
                  </infinitiu>
                  <sn arg="arg2" func="atr" tem="atr">
                    <spec gen="m" num="s">
                      <d gen="m" lem="el" num="s" pos="da0ms0" postype="article" wd="el"/>
                    </spec>
                    <grup.nom gen="m" num="s">
                      <s.a gen="m" num="s">
                        <grup.a gen="m" num="s">
                          <a gen="m" lem="primero" num="s" pos="ao0ms0" postype="ordinal" wd="primer"/>
                        </grup.a>
                      </s.a>
                      <n gen="m" lem="polímero" num="s" pos="ncms000" postype="common" sense="16:10760958" wd="polímero"/>
                      <s.a gen="m" num="s">
                        <grup.a gen="m" num="s">
                          <a gen="m" lem="conductor" num="s" pos="aq0ms0" postype="qualificative" wd="conductor"/>
                        </grup.a>
                      </s.a>
                      <s.a complex="yes" gen="m" num="s">
                        <grup.a coord="yes" gen="m" num="s">
                          <grup.a gen="m" num="s">
                            <a gen="c" lem="soluble" num="s" pos="aq0cs0" postype="qualificative" wd="soluble"/>
                          </grup.a>
                          <conj conjunctiontype="coordinating">
                            <c lem="y" pos="cc" postype="coordinating" wd="y"/>
                          </conj>
                          <grup.a gen="m" num="s">
                            <a gen="c" lem="termomoldeable" num="s" pos="aq0cs0" postype="qualificative" wd="termomoldeable"/>
                          </grup.a>
                        </grup.a>
                      </s.a>
                    </grup.nom>
                  </sn>
                </S>
              </sp>
            </grup.nom>
          </sn>
        </S>
      </S>
    </S>
    <f lem="." pos="fp" punct="period" wd="."/>
  </sentence>
  <sentence coord="yes">
    <S>
      <sn arg="arg1" func="suj" tem="tem">
        <spec gen="m" num="s">
          <d gen="m" lem="el" num="s" pos="da0ms0" postype="article" wd="El"/>
        </spec>
        <grup.nom gen="m" num="s">
          <n gen="m" lem="polipirrol" num="s" pos="ncms000" postype="common" sense="16:cs1" wd="polipirrol"/>
        </grup.nom>
      </sn>
      <sp arg="argM" func="cc" tem="adv">
        <f lem="," pos="fc" punct="comma" wd=","/>
        <prep>
          <s lem="por" pos="sps00" postype="preposition" wd="por"/>
        </prep>
        <sn>
          <spec gen="f" num="s">
            <d gen="c" lem="su" num="s" person="3" pos="dp3cs0" postype="possessive" wd="su"/>
          </spec>
          <grup.nom gen="f" num="s">
            <n gen="f" lem="parte" num="s" pos="ncfs000" postype="common" sense="16:cs1" wd="parte"/>
          </grup.nom>
        </sn>
        <f lem="," pos="fc" punct="comma" wd=","/>
      </sp>
      <morfema.pronominal>
        <p gen="c" lem="se" num="c" person="3" pos="pp3cn000" postype="personal" wd="se"/>
      </morfema.pronominal>
      <grup.verb>
        <v lem="obtener" lss="C21.state-attributive" mood="indicative" num="s" person="3" pos="vmip3s0" postype="main" tense="present" wd="obtiene"/>
      </grup.verb>
      <S arg="arg2" clausetype="participle" func="cpred" impersonal="yes" predicate="suj" tem="atr">
        <participi>
          <a gen="m" lem="dopado" lss="B22.unaccusative-passive-transitive" num="s" pos="aq0msp" posfunction="participle" postype="qualificative" wd="dopado"/>
        </participi>
        <sp arg="argM" func="cc" tem="adv">
          <prep>
            <s lem="en" pos="sps00" postype="preposition" wd="en"/>
          </prep>
          <sn>
            <spec gen="f" num="s">
              <d gen="f" lem="uno" num="s" pos="di0fs0" postype="indefinite" wd="una"/>
            </spec>
            <grup.nom gen="f" num="s">
              <s.a gen="f" num="s">
                <grup.a gen="f" num="s">
                  <a gen="f" lem="solo" num="s" pos="aq0fs0" postype="qualificative" wd="sola"/>
                </grup.a>
              </s.a>
              <n gen="f" lem="etapa" num="s" pos="ncfs000" postype="common" sense="16:10983365" wd="etapa"/>
            </grup.nom>
          </sn>
        </sp>
        <sp arg="argM" func="cc" tem="cau">
          <prep>
            <s lem="por" pos="sps00" postype="preposition" wd="por"/>
          </prep>
          <sn>
            <grup.nom gen="f" num="s">
              <n gen="f" lem="polimerización" lexicalid="noun.polimerización.2.default" num="s" origin="deverbal" pos="ncfs000" postype="common" sense="16:09687284" wd="polimerización"/>
              <sp arg="arg1" func="cn" tem="tem">
                <prep>
                  <s contracted="yes" gen="m" lem="del" num="s" pos="spcms" postype="preposition" wd="del"/>
                </prep>
                <sn>
                  <grup.nom gen="m" num="s">
                    <n gen="m" lem="pirrol" num="s" pos="ncms000" postype="common" sense="16:cs1" wd="pirrol"/>
                  </grup.nom>
                </sn>
              </sp>
            </grup.nom>
          </sn>
        </sp>
        <sadv arg="argM" func="cc" tem="mnr">
          <grup.adv>
            <r lem="electroquímicamente" pos="rg" wd="electroquímicamente"/>
          </grup.adv>
        </sadv>
        <sp arg="argM" func="cc" tem="adv">
          <prep>
            <s lem="con" pos="sps00" postype="preposition" wd="con"/>
          </prep>
          <sn>
            <grup.nom>
              <n gen="c" lem="BF4" num="c" pos="nc00000" postype="common" sense="16:cs1" wd="BF4"/>
            </grup.nom>
          </sn>
        </sp>
        <sp arg="argM" func="cc" tem="adv">
          <f lem="-" pos="fg" punct="hyphen" wd="-"/>
          <prep>
            <c lem="como" pos="cs" postype="subordinating" wd="como"/>
          </prep>
          <sn>
            <grup.nom gen="m" num="s">
              <n gen="m" lem="contraión" num="s" pos="ncms000" postype="common" sense="16:cs1" wd="contraión"/>
            </grup.nom>
          </sn>
        </sp>
      </S>
    </S>
    <conj conjunctiontype="coordinating">
      <c lem="y" pos="cc" postype="coordinating" wd="y"/>
    </conj>
    <S>
      <sn arg="arg1" elliptic="yes" func="suj" tem="tem"/>
      <grup.verb>
        <v lem="ser" lss="C21.state-attributive" mood="indicative" num="s" person="3" pos="vsip3s0" postype="semiauxiliary" tense="present" wd="es"/>
      </grup.verb>
      <sn arg="arg2" func="atr" tem="atr">
        <spec gen="m" num="s">
          <d gen="m" lem="uno" num="s" pos="di0ms0" postype="indefinite" wd="un"/>
        </spec>
        <grup.nom gen="m" num="s">
          <n gen="m" lem="polímero" num="s" pos="ncms000" postype="common" sense="16:10760958" wd="polímero"/>
          <s.a gen="m" num="s">
            <grup.a gen="m" num="s">
              <a gen="m" lem="conductor" num="s" pos="aq0ms0" postype="qualificative" wd="conductor"/>
            </grup.a>
          </s.a>
          <sp>
            <prep>
              <s lem="de" pos="sps00" postype="preposition" wd="de"/>
            </prep>
            <sn>
              <grup.nom gen="f" num="s">
                <s.a gen="f" num="s">
                  <grup.a gen="f" num="s">
                    <a gen="c" lem="considerable" num="s" pos="aq0cs0" postype="qualificative" wd="considerable"/>
                  </grup.a>
                </s.a>
                <n gen="f" lem="estabilidad" num="s" pos="ncfs000" postype="common" sense="16:03750498" wd="estabilidad"/>
                <s.a coord="yes" gen="f" num="s">
                  <f lem="," pos="fc" punct="comma" wd=","/>
                  <conj conjunctiontype="coordinating">
                    <r lem="tanto" pos="rg" wd="tanto"/>
                  </conj>
                  <s.a gen="f" num="s">
                    <grup.a gen="f" num="s">
                      <a gen="f" lem="térmico" num="s" pos="aq0fs0" postype="qualificative" wd="térmica"/>
                    </grup.a>
                  </s.a>
                  <conj conjunctiontype="coordinating">
                    <c lem="como" pos="cs" postype="subordinating" wd="como"/>
                  </conj>
                  <sp>
                    <prep>
                      <s contracted="yes" gen="m" lem="frente_al" num="s" pos="spcms" postype="preposition" wd="frente_al"/>
                    </prep>
                    <sn>
                      <grup.nom gen="m" num="s">
                        <n gen="m" lem="aire" num="s" pos="ncms000" postype="common" sense="16:10646492" wd="aire"/>
                      </grup.nom>
                    </sn>
                  </sp>
                </s.a>
              </grup.nom>
            </sn>
          </sp>
        </grup.nom>
      </sn>
    </S>
    <f lem="." pos="fp" punct="period" wd="."/>
  </sentence>
  <sentence>
    <S>
      <sn arg="arg1" func="suj" tem="pat">
        <grup.nom gen="m" num="p">
          <n gen="m" lem="resultado" lexicalid="noun.resultado.3.default" num="p" origin="deverbal" pos="ncmp000" postype="common" sense="16:05438613" wd="Resultados"/>
          <s.a func="cn" gen="m" num="p">
            <grup.a gen="m" num="p">
              <a gen="c" lem="similar" num="p" pos="aq0cp0" postype="qualificative" wd="similares"/>
            </grup.a>
          </s.a>
        </grup.nom>
      </sn>
      <morfema.verbal func="pass">
        <p gen="c" lem="se" num="c" pos="p0000000" wd="se"/>
      </morfema.verbal>
      <grup.verb>
        <v lem="alcanzar" lss="B12.unaccusative-passive-ditransitive" mood="indicative" num="p" person="3" pos="vmis3p0" postype="main" tense="past" wd="alcanzaron"/>
      </grup.verb>
      <sadv arg="argM" func="cc" tem="tmp">
        <spec>
          <r lem="más" pos="rg" wd="más"/>
        </spec>
        <grup.adv>
          <r lem="recientemente" pos="rg" wd="recientemente"/>
        </grup.adv>
      </sadv>
      <sp arg="argM" func="cc" tem="adv">
        <prep>
          <s lem="con" pos="sps00" postype="preposition" wd="con"/>
        </prep>
        <sn>
          <spec gen="m" num="s">
            <d gen="m" lem="el" num="s" pos="da0ms0" postype="article" wd="el"/>
          </spec>
          <grup.nom gen="m" num="s">
            <n gen="m" lem="politiofeno" num="s" pos="ncms000" postype="common" sense="16:cs1" wd="politiofeno"/>
          </grup.nom>
        </sn>
      </sp>
    </S>
    <S clausetype="completive">
      <f lem=":" pos="fd" punct="colon" wd=":"/>
      <S clausetype="completive">
        <conj conjunctiontype="subordinating">
          <c lem="que" pos="cs" postype="subordinating" wd="que"/>
        </conj>
        <sn arg="arg1" func="suj" tem="tem">
          <spec gen="m" num="p">
            <d gen="m" lem="el" num="p" pos="da0mp0" postype="article" wd="los"/>
          </spec>
          <grup.nom gen="m" num="p">
            <n gen="m" lem="polímero" num="p" pos="ncmp000" postype="common" sense="16:10760958" wd="polímeros"/>
          </grup.nom>
        </sn>
        <grup.verb>
          <v lem="poder" mood="indicative" num="p" person="3" pos="vmip3p0" postype="main" tense="present" wd="pueden"/>
          <infinitiu>
            <v lem="ser" lss="C21.state-attributive" mood="infinitive" pos="vsn0000" postype="semiauxiliary" wd="ser"/>
          </infinitiu>
        </grup.verb>
        <S arg="arg2" clausetype="participle" func="atr" impersonal="yes" tem="atr">
          <participi>
            <a gen="m" lem="dopado" lss="B22.unaccusative-passive-transitive" num="p" pos="aq0mpp" posfunction="participle" postype="qualificative" wd="dopados"/>
          </participi>
          <sadv arg="argM" func="cc" tem="mnr">
            <grup.adv>
              <r lem="electroquímicamente" pos="rg" wd="electroquímicamente"/>
            </grup.adv>
          </sadv>
          <sp arg="argM" func="cc" tem="mnr">
            <prep>
              <s lem="de" pos="sps00" postype="preposition" wd="de"/>
            </prep>
            <sn>
              <grup.nom gen="m" num="s">
                <n gen="m" lem="modo" num="s" pos="ncms000" postype="common" sense="16:00111872" wd="modo"/>
                <s.a gen="m" num="s">
                  <grup.a gen="m" num="s">
                    <a gen="c" lem="reversible" num="s" pos="aq0cs0" postype="qualificative" wd="reversible"/>
                  </grup.a>
                </s.a>
              </grup.nom>
            </sn>
          </sp>
        </S>
      </S>
      <S clausetype="relative">
        <f lem="," pos="fc" punct="comma" wd=","/>
        <sp arg="argM" func="cc" tem="adv">
          <prep>
            <s lem="con" pos="sps00" postype="preposition" wd="con"/>
          </prep>
          <sn>
            <spec gen="m" num="s">
              <d gen="c" lem="el" num="s" pos="da0ns0" postype="article" wd="lo"/>
            </spec>
            <relatiu>
              <p gen="c" lem="que" num="c" pos="pr0cn000" postype="relative" wd="que"/>
            </relatiu>
          </sn>
        </sp>
        <sn arg="arg0" func="suj" tem="agt">
          <spec gen="f" num="s">
            <d gen="f" lem="uno" num="s" pos="di0fs0" postype="indefinite" wd="una"/>
          </spec>
          <grup.nom gen="f" num="s">
            <n gen="f" lem="película" num="s" pos="ncfs000" postype="common" sense="16:02679093" wd="película"/>
            <sp>
              <prep>
                <s lem="de" pos="sps00" postype="preposition" wd="de"/>
              </prep>
              <sn>
                <grup.nom gen="m" num="s">
                  <n gen="m" lem="polímero" num="s" pos="ncms000" postype="common" sense="16:10760958" wd="polímero"/>
                </grup.nom>
              </sn>
            </sp>
            <sp>
              <f lem="," pos="fc" punct="comma" wd=","/>
              <prep>
                <s lem="con" pos="sps00" postype="preposition" wd="con"/>
              </prep>
              <sn>
                <spec gen="m" num="s">
                  <d gen="m" lem="uno" num="s" pos="di0ms0" postype="indefinite" wd="un"/>
                </spec>
                <grup.nom gen="m" num="s">
                  <n gen="m" lem="electrólito" num="s" pos="ncms000" postype="common" sense="16:10452627" wd="electrólito"/>
                  <S clausetype="participle" impersonal="yes">
                    <participi>
                      <a gen="m" lem="apropiado" num="s" pos="aq0msp" posfunction="participle" postype="qualificative" wd="apropiado"/>
                    </participi>
                  </S>
                </grup.nom>
              </sn>
              <f lem="," pos="fc" punct="comma" wd=","/>
            </sp>
          </grup.nom>
        </sn>
        <grup.verb>
          <v lem="poder" mood="indicative" num="s" person="3" pos="vmip3s0" postype="main" tense="present" wd="puede"/>
          <infinitiu>
            <v lem="actuar" lss="D11.inergative-agentive" mood="infinitive" pos="vmn0000" postype="main" wd="actuar"/>
          </infinitiu>
        </grup.verb>
        <sp arg="argM" func="cc" tem="adv">
          <prep>
            <c lem="como" pos="cs" postype="subordinating" wd="como"/>
          </prep>
          <sn>
            <grup.nom gen="m" num="s">
              <n gen="m" lem="electrodo" num="s" pos="ncms000" postype="common" sense="16:02630022" wd="electrodo"/>
            </grup.nom>
          </sn>
        </sp>
        <sp arg="argM" func="cc" tem="loc">
          <prep>
            <s lem="en" pos="sps00" postype="preposition" wd="en"/>
          </prep>
          <sn>
            <spec gen="f" num="s">
              <d gen="f" lem="uno" num="s" pos="di0fs0" postype="indefinite" wd="una"/>
            </spec>
            <grup.nom gen="f" num="s">
              <n gen="f" lem="batería" num="s" pos="ncfs000" postype="common" sense="16:02265902" wd="batería"/>
            </grup.nom>
          </sn>
        </sp>
      </S>
    </S>
    <f lem="." pos="fp" punct="period" wd="."/>
  </sentence>
</article>
