<?xml version="1.0" encoding="UTF-8"?>
<!-- 

  ancora-2.0
       
			Copyright (C) 2007, 2008, 2009, 2010, 2011 UB - CLiC
			Centre de Llenguatge i Computació - Universitat de Barcelona
 
  This file is part of ancora-2.0.
 
  ancora-2.0 is free software and data: you can redistribute it and/or modify
  it under the terms of the GNU General Public License as published
  by the Free Software Foundation, either version 3 of the License,
  or (at your option) any later version.

  ancora-2.0 is distributed in the hope that it will be useful,
  but WITHOUT ANY WARRANTY; without even the implied warranty of
  MERCHANTABILITY or FITNESS FOR A PARTICULAR PURPOSE.  See the
  GNU General Public License for more details.
 
  You should have received a copy of the GNU General Public License
  along with ancora-2.0.  If not, see &lt;http://www.gnu.org/licenses/&gt;.
 
  Check a text in catalan explaining the terms of the license at http://www.softcatala.cat/wiki/GPL3.
  In spanish at http://www.viti.es/gnu/licenses/gpl.html
 

  The following paper must be cited when using this corpus:

 * Taulé, M., M.A. Martí, M. Recasens (2008) 'Ancora: Multilevel Annotated Corpora for Catalan and Spanish',
   Proceedings of 6th International Conference on Language Resources and Evaluation. Marrakesh (Morocco).

  In addition, the following paper must be cited if coreference information (attributes entity, coreftype,
  corefsubtype, homophoricDD or entityref) is used:

 * Recasens, Marta, M. Antònia Martí (2010) ‘AnCora-CO: Coreferentially annotated corpora for Spanish and
   Catalan’. Language Resources and Evaluation, Springer Science.

  Additionally, the following paper must be cited when argumental attributes in "sn" or "grup.nom"
  (attributes func, arg, tem or lexicalid) are used:

 * Peris, Aina, Mariona Taulé, Horacio Rodríguez (2010) ‘Semantic Annotation of Deverbal Nominalizations in the
   Spanish AnCora corpus’. Treebanks and Linguistic Theories (TLT-2010), Estonia.
-->
<article lng="es">
  <sentence>
    <sn arg="arg1" func="suj" tem="tem">
      <spec gen="m" num="p">
        <d gen="m" lem="este" num="p" pos="dd0mp0" postype="demonstrative" wd="Estos"/>
      </spec>
      <grup.nom gen="m" num="p">
        <n gen="m" lem="compuesto" num="p" pos="ncmp000" postype="common" sense="16:10630741" wd="compuestos"/>
      </grup.nom>
    </sn>
    <grup.verb>
      <v lem="ser" lss="C21.state-attributive" mood="indicative" num="p" person="3" pos="vsip3p0" postype="semiauxiliary" tense="present" wd="son"/>
    </grup.verb>
    <sadv arg="argM" func="cc" tem="adv">
      <f lem="," pos="fc" punct="comma" wd=","/>
      <grup.adv>
        <r lem="en_consecuencia" pos="rg" wd="en_consecuencia"/>
      </grup.adv>
      <f lem="," pos="fc" punct="comma" wd=","/>
    </sadv>
    <sn arg="arg2" func="atr" tem="atr">
      <grup.nom gen="f" num="p">
        <n gen="f" lem="sustancia" num="p" pos="ncfp000" postype="common" sense="16:00010572" wd="sustancias"/>
        <s.a gen="f" num="p">
          <grup.a gen="f" num="p">
            <a gen="c" lem="aislante" num="p" pos="aq0cp0" postype="qualificative" wd="aislantes"/>
          </grup.a>
        </s.a>
        <sp>
          <prep>
            <s lem="con" pos="sps00" postype="preposition" wd="con"/>
          </prep>
          <sn>
            <grup.nom gen="m" num="p">
              <n gen="m" lem="valor" num="p" pos="ncmp000" postype="common" sense="16:04508194" wd="valores"/>
              <sp>
                <prep>
                  <s lem="de" pos="sps00" postype="preposition" wd="de"/>
                </prep>
                <sn>
                  <grup.nom gen="f" num="s">
                    <n gen="f" lem="conductividad" num="s" pos="ncfs000" postype="common" sense="16:07837945" wd="conductividad"/>
                  </grup.nom>
                </sn>
              </sp>
              <sp>
                <prep>
                  <s contracted="yes" gen="m" lem="del" num="s" pos="spcms" postype="preposition" wd="del"/>
                </prep>
                <sn>
                  <grup.nom gen="m" num="s">
                    <n gen="m" lem="orden" num="s" pos="ncms000" postype="common" sense="16:cs1" wd="orden"/>
                    <sp>
                      <prep>
                        <s lem="de" pos="sps00" postype="preposition" wd="de"/>
                      </prep>
                      <sn entityref="ne" ne="number">
                        <grup.nom>
                          <z lem="10" ne="number" wd="10"/>
                          <f lem="-" pos="fg" punct="hyphen" wd="-"/>
                          <z lem="11" ne="number" wd="11"/>
                        </grup.nom>
                      </sn>
                    </sp>
                  </grup.nom>
                </sn>
              </sp>
            </grup.nom>
          </sn>
        </sp>
      </grup.nom>
    </sn>
    <f lem="." pos="fp" punct="period" wd="."/>
  </sentence>
  <sentence>
    <conj conjunctiontype="coordinating" func="et">
      <c lem="no_obstante" pos="cc" postype="coordinating" wd="No_obstante"/>
      <f lem="," pos="fc" punct="comma" wd=","/>
    </conj>
    <S clausetype="participle" discid="1c" impersonal="yes">
      <participi>
        <a gen="m" lem="sometido" lss="B22.unaccusative-passive-transitive" num="p" pos="aq0mpp" posfunction="participle" postype="qualificative" wd="sometidos"/>
      </participi>
      <sp arg="arg2" func="creg" tem="tem">
        <prep>
          <s lem="a" pos="sps00" postype="preposition" wd="a"/>
        </prep>
        <sn>
          <spec gen="m" num="s">
            <d gen="m" lem="uno" num="s" pos="di0ms0" postype="indefinite" wd="un"/>
          </spec>
          <grup.nom gen="m" num="s">
            <n gen="m" lem="dopado" lexicalid="noun.dopado.1.default" num="s" origin="deverbal" pos="ncms000" postype="common" sense="16:cs1" wd="dopado"/>
            <s.a func="cn" gen="m" num="s">
              <grup.a gen="m" num="s">
                <a gen="c" lem="oxidante" num="s" pos="aq0cs0" postype="qualificative" wd="oxidante"/>
              </grup.a>
            </s.a>
          </grup.nom>
        </sn>
      </sp>
    </S>
    <sn arg="arg0" discid="1n" elliptic="yes" func="suj" tem="agt"/>
    <grup.verb>
      <v lem="mostrar" lss="A32.ditransitive-patient-benefactive" mood="indicative" num="p" person="3" pos="vmip3p0" postype="main" tense="present" wd="muestran"/>
    </grup.verb>
    <sadv arg="argM" func="cc" tem="tmp">
      <grup.adv>
        <r lem="a_menudo" pos="rg" wd="a_menudo"/>
      </grup.adv>
    </sadv>
    <sn arg="arg1" func="cd" tem="pat">
      <grup.nom gen="m" num="p">
        <n gen="m" lem="aumento" lexicalid="noun.aumento.1.default" num="p" origin="deverbal" pos="ncmp000" postype="common" sense="16:00233535" wd="aumentos"/>
        <s.a func="cn" gen="m" num="p">
          <grup.a gen="m" num="p">
            <a gen="c" lem="sustancial" num="p" pos="aq0cp0" postype="qualificative" wd="sustanciales"/>
          </grup.a>
        </s.a>
        <sp arg="arg1" func="cn" tem="tem">
          <prep>
            <s lem="de" pos="sps00" postype="preposition" wd="de"/>
          </prep>
          <sn>
            <spec gen="f" num="s">
              <d gen="f" lem="el" num="s" pos="da0fs0" postype="article" wd="la"/>
            </spec>
            <grup.nom gen="f" num="s">
              <n gen="f" lem="conductividad" num="s" pos="ncfs000" postype="common" sense="16:07837945" wd="conductividad"/>
            </grup.nom>
          </sn>
        </sp>
      </grup.nom>
    </sn>
    <f lem="." pos="fp" punct="period" wd="."/>
  </sentence>
  <sentence>
    <sadv arg="argM" func="cc" tem="adv">
      <r lem="así" pos="rg" wd="Así"/>
      <sadv>
        <grup.adv>
          <r lem="por_ejemplo" pos="rg" wd="por_ejemplo"/>
        </grup.adv>
      </sadv>
      <f lem="," pos="fc" punct="comma" wd=","/>
    </sadv>
    <sn arg="arg0" func="suj" tem="cau">
      <spec gen="f" num="s">
        <d gen="f" lem="el" num="s" pos="da0fs0" postype="article" wd="la"/>
      </spec>
      <grup.nom gen="f" num="s">
        <n gen="f" lem="ftalocianina" num="s" pos="ncfs000" postype="common" sense="16:cs1" wd="ftalocianina"/>
        <sp>
          <prep>
            <s lem="de" pos="sps00" postype="preposition" wd="de"/>
          </prep>
          <sn>
            <grup.nom gen="m" num="s">
              <n gen="m" lem="níquel" num="s" pos="ncms000" postype="common" sense="16:10493837" wd="níquel"/>
            </grup.nom>
          </sn>
        </sp>
      </grup.nom>
    </sn>
    <sp arg="argM" func="cc" tem="tmp">
      <f lem="," pos="fc" punct="comma" wd=","/>
      <prep>
        <s lem="tras" pos="sps00" postype="preposition" wd="tras"/>
      </prep>
      <S clausetype="completive" impersonal="yes">
        <infinitiu>
          <v lem="ser" lss="C21.state-attributive" mood="infinitive" pos="vsn0000" postype="semiauxiliary" wd="ser"/>
        </infinitiu>
        <S arg="arg2" clausetype="participle" func="atr" impersonal="yes" tem="atr">
          <f lem="-" pos="fg" punct="hyphen" wd="-"/>
          <participi>
            <a gen="f" lem="dopado" lss="B22.unaccusative-passive-transitive" num="s" pos="aq0fsp" posfunction="participle" postype="qualificative" wd="dopada"/>
          </participi>
          <f lem="-" pos="fg" punct="hyphen" wd="-"/>
          <sp arg="argM" func="cc" tem="adv">
            <prep>
              <s lem="con" pos="sps00" postype="preposition" wd="con"/>
            </prep>
            <sn>
              <grup.nom gen="m" num="s">
                <n gen="m" lem="yodo" num="s" pos="ncms000" postype="common" sense="16:10489444" wd="yodo"/>
              </grup.nom>
            </sn>
          </sp>
        </S>
      </S>
      <f lem="," pos="fc" punct="comma" wd=","/>
    </sp>
    <grup.verb>
      <v lem="elevar" lss="A11.transitive-causative" mood="indicative" num="s" person="3" pos="vmip3s0" postype="main" tense="present" wd="eleva"/>
    </grup.verb>
    <sn arg="arg1" func="cd" tem="tem">
      <spec gen="f" num="s">
        <d gen="c" lem="su" num="s" person="3" pos="dp3cs0" postype="possessive" wd="su"/>
      </spec>
      <grup.nom gen="f" num="s">
        <n gen="f" lem="conductividad" num="s" pos="ncfs000" postype="common" sense="16:07837945" wd="conductividad"/>
        <sp>
          <prep>
            <s lem="de" pos="sps00" postype="preposition" wd="de"/>
          </prep>
          <sn entityref="ne" ne="number">
            <grup.nom>
              <z lem="10" ne="number" wd="10"/>
              <f lem="-" pos="fg" punct="hyphen" wd="-"/>
              <f lem="-" pos="fg" punct="hyphen" wd="-"/>
            </grup.nom>
          </sn>
        </sp>
        <sp>
          <prep>
            <s lem="a" pos="sps00" postype="preposition" wd="a"/>
          </prep>
          <sn entityref="ne" ne="number">
            <spec gen="m" num="s">
              <z lem="0.7" ne="number" wd="0,7"/>
            </spec>
            <grup.nom gen="m" num="s">
              <n gen="m" lem="s._cm_'" num="c" pos="ncmn000" postype="common" sense="16:cs1" wd="S._cm_'"/>
            </grup.nom>
          </sn>
        </sp>
      </grup.nom>
    </sn>
    <f lem="." pos="fp" punct="period" wd="."/>
  </sentence>
  <sentence>
    <sadv func="et">
      <grup.adv>
        <r lem="ahora_bien" pos="rg" wd="Ahora_bien"/>
      </grup.adv>
      <f lem="," pos="fc" punct="comma" wd=","/>
    </sadv>
    <S arg="argM" clausetype="adverbial" coord="yes" func="cc" impersonal="yes" tem="adv">
      <S clausetype="adverbial" impersonal="yes">
        <sadv func="mod">
          <grup.adv>
            <r lem="aun" pos="rg" wd="aun"/>
          </grup.adv>
        </sadv>
        <gerundi>
          <v lem="lograr" lss="A21.transitive-agentive-patient" mood="gerund" pos="vmg0000" postype="main" wd="logrando"/>
        </gerundi>
        <sn arg="arg1" func="cd" tem="pat">
          <spec gen="m" num="s">
            <d gen="m" lem="el" num="s" pos="da0ms0" postype="article" wd="el"/>
          </spec>
          <grup.nom gen="m" num="s">
            <n gen="m" lem="metalomacrociclo" num="s" pos="ncms000" postype="common" sense="16:cs1" wd="metalomacrociclo"/>
            <s.a gen="m" num="s">
              <grup.a gen="m" num="s">
                <a gen="m" lem="polimérico" num="s" pos="aq0ms0" postype="qualificative" wd="polimérico"/>
              </grup.a>
            </s.a>
            <S clausetype="participle" impersonal="yes">
              <f lem="-" pos="fg" punct="hyphen" wd="-"/>
              <participi>
                <a gen="m" lem="dopado" num="s" pos="aq0msp" posfunction="participle" postype="qualificative" wd="dopado"/>
              </participi>
              <f lem="-" pos="fg" punct="hyphen" wd="-"/>
            </S>
          </grup.nom>
        </sn>
      </S>
      <conj conjunctiontype="coordinating">
        <c lem="y" pos="cc" postype="coordinating" wd="y"/>
      </conj>
      <sp>
        <prep>
          <s lem="con" pos="sps00" postype="preposition" wd="con"/>
        </prep>
        <sn>
          <spec gen="f" num="s">
            <d gen="f" lem="el" num="s" pos="da0fs0" postype="article" wd="la"/>
          </spec>
          <grup.nom gen="f" num="s">
            <n gen="f" lem="cristalización" lexicalid="noun.cristalización.1.default" num="s" origin="deverbal" pos="ncfs000" postype="common" sense="16:07765923" wd="cristalización"/>
            <S clausetype="participle" func="cn" impersonal="yes">
              <participi>
                <a gen="f" lem="apropiado" num="s" pos="aq0fsp" posfunction="participle" postype="qualificative" wd="apropiada"/>
              </participi>
            </S>
          </grup.nom>
        </sn>
      </sp>
      <f lem="," pos="fc" punct="comma" wd=","/>
    </S>
    <neg func="mod">
      <r lem="no" pos="rn" postype="negative" wd="no"/>
    </neg>
    <morfema.verbal func="pass">
      <p gen="c" lem="se" num="c" pos="p0000000" wd="se"/>
    </morfema.verbal>
    <grup.verb>
      <v lem="poder" mood="indicative" num="s" person="3" pos="vmip3s0" postype="main" tense="present" wd="puede"/>
      <infinitiu>
        <v lem="conseguir" lss="B22.unaccusative-passive-transitive" mood="infinitive" pos="vmn0000" postype="main" wd="conseguir"/>
      </infinitiu>
    </grup.verb>
    <sn arg="arg1" func="suj" tem="pat">
      <spec gen="m" num="s">
        <d gen="m" lem="uno" num="s" pos="di0ms0" postype="indefinite" wd="un"/>
      </spec>
      <grup.nom gen="m" num="s">
        <n gen="m" lem="control" num="s" pos="ncms000" postype="common" sense="16:00513665" wd="control"/>
        <sp>
          <prep>
            <s lem="sobre" pos="sps00" postype="preposition" wd="sobre"/>
          </prep>
          <sn>
            <spec gen="f" num="s">
              <d gen="f" lem="el" num="s" pos="da0fs0" postype="article" wd="la"/>
            </spec>
            <grup.nom gen="f" num="s">
              <n gen="f" lem="distancia" lexicalid="noun.distancia.1.default" num="s" origin="deverbal" pos="ncfs000" postype="common" sense="16:03996081" wd="distancia"/>
              <s.a func="cn" gen="f" num="s">
                <grup.a gen="f" num="s">
                  <a gen="c" lem="interplanar" num="s" pos="aq0cs0" postype="qualificative" wd="interplanar"/>
                </grup.a>
              </s.a>
              <sp arg="arg2" func="cn" tem="loc">
                <prep>
                  <s lem="de" pos="sps00" postype="preposition" wd="de"/>
                </prep>
                <sn>
                  <spec gen="f" num="p">
                    <d gen="f" lem="el" num="p" pos="da0fp0" postype="article" wd="las"/>
                  </spec>
                  <grup.nom gen="f" num="p">
                    <n gen="f" lem="unidad" num="p" pos="ncfp000" postype="common" sense="16:06683928" wd="unidades"/>
                    <s.a gen="f" num="p">
                      <grup.a gen="f" num="p">
                        <a gen="c" lem="molecular" num="p" pos="aq0cp0" postype="qualificative" wd="moleculares"/>
                      </grup.a>
                    </s.a>
                    <s.a gen="f" num="p">
                      <grup.a gen="f" num="p">
                        <a gen="f" lem="paralelo" num="p" pos="aq0fp0" postype="qualificative" wd="paralelas"/>
                      </grup.a>
                    </s.a>
                  </grup.nom>
                </sn>
              </sp>
            </grup.nom>
          </sn>
        </sp>
      </grup.nom>
    </sn>
    <sn func="ao">
      <f lem="," pos="fc" punct="comma" wd=","/>
      <spec gen="m" num="s">
        <d gen="c" lem="el" num="s" pos="da0ns0" postype="article" wd="lo"/>
      </spec>
      <S clausetype="relative">
        <relatiu arg="arg1" func="suj" tem="tem">
          <p gen="c" lem="que" num="c" pos="pr0cn000" postype="relative" wd="que"/>
        </relatiu>
        <grup.verb>
          <v lem="ser" lss="C21.state-attributive" mood="indicative" num="s" person="3" pos="vsic3s0" postype="semiauxiliary" tense="conditional" wd="sería"/>
        </grup.verb>
        <sa arg="arg2" func="atr" tem="atr">
          <grup.a>
            <a gen="c" lem="esencial" num="s" pos="aq0cs0" postype="qualificative" wd="esencial"/>
          </grup.a>
        </sa>
        <sp arg="argM" func="cc" tem="fin">
          <prep>
            <s lem="para" pos="sps00" postype="preposition" wd="para"/>
          </prep>
          <S clausetype="completive" impersonal="yes">
            <infinitiu>
              <v lem="asegurar" lss="A32.ditransitive-patient-benefactive" mood="infinitive" pos="vmn0000" postype="main" wd="asegurar"/>
            </infinitiu>
            <sn arg="arg1" func="cd" tem="pat">
              <spec gen="m" num="s">
                <d gen="m" lem="el" num="s" pos="da0ms0" postype="article" wd="el"/>
              </spec>
              <grup.nom gen="m" num="s">
                <s.a func="cn" gen="m" num="s">
                  <grup.a gen="m" num="s">
                    <a gen="m" lem="correcto" num="s" pos="aq0ms0" postype="qualificative" wd="correcto"/>
                  </grup.a>
                </s.a>
                <n gen="m" lem="solapamiento" lexicalid="noun.solapamiento.1.default" num="s" origin="deverbal" pos="ncms000" postype="common" sense="16:cs1" wd="solapamiento"/>
                <sp arg="arg1" func="cn" tem="tem">
                  <prep>
                    <s lem="entre" pos="sps00" postype="preposition" wd="entre"/>
                  </prep>
                  <sn>
                    <grup.nom gen="m" num="p">
                      <n gen="m" lem="orbital" num="p" pos="ncmp000" postype="common" sense="16:cs1" wd="orbitales"/>
                      <s.a gen="m" num="p">
                        <grup.a gen="m" num="p">
                          <a gen="c" lem="responsable" num="p" pos="aq0cp0" postype="qualificative" wd="responsables"/>
                          <sp>
                            <prep>
                              <s lem="de" pos="sps00" postype="preposition" wd="de"/>
                            </prep>
                            <sn>
                              <spec gen="f" num="s">
                                <d gen="f" lem="el" num="s" pos="da0fs0" postype="article" wd="la"/>
                              </spec>
                              <grup.nom gen="f" num="s">
                                <n gen="f" lem="conductividad" num="s" pos="ncfs000" postype="common" sense="16:07837945" wd="conductividad"/>
                              </grup.nom>
                            </sn>
                          </sp>
                        </grup.a>
                      </s.a>
                    </grup.nom>
                  </sn>
                </sp>
              </grup.nom>
            </sn>
          </S>
        </sp>
      </S>
    </sn>
    <f lem="." pos="fp" punct="period" wd="."/>
  </sentence>
  <sentence>
    <sp arg="argM" func="cc" tem="fin">
      <prep>
        <s lem="en" pos="sps00" postype="preposition" wd="En"/>
      </prep>
      <sn>
        <grup.nom gen="f" num="s">
          <n gen="f" lem="busca" lexicalid="noun.busca.3.default" num="s" origin="deverbal" pos="ncfs000" postype="common" sense="16:00604336" wd="busca"/>
          <sp arg="argL" func="cn">
            <prep>
              <s lem="de" pos="sps00" postype="preposition" wd="de"/>
            </prep>
            <sn>
              <spec gen="f" num="s">
                <d gen="f" lem="el" num="s" pos="da0fs0" postype="article" wd="la"/>
              </spec>
              <grup.nom gen="f" num="s">
                <n gen="f" lem="solución" lexicalid="noun.solución.1.default" num="s" origin="deverbal" pos="ncfs000" postype="common" sense="16:04377480" wd="solución"/>
                <sp arg="arg1" func="cn" tem="pat">
                  <prep>
                    <s lem="a" pos="sps00" postype="preposition" wd="a"/>
                  </prep>
                  <sn>
                    <spec gen="m" num="s">
                      <d gen="m" lem="este" num="s" pos="dd0ms0" postype="demonstrative" wd="este"/>
                    </spec>
                    <grup.nom gen="m" num="s">
                      <n gen="m" lem="problema" num="s" pos="ncms000" postype="common" sense="16:05080756" wd="problema"/>
                    </grup.nom>
                  </sn>
                </sp>
              </grup.nom>
            </sn>
          </sp>
        </grup.nom>
      </sn>
      <f lem="," pos="fc" punct="comma" wd=","/>
    </sp>
    <sp arg="argM" func="cc" tem="tmp">
      <prep>
        <s lem="desde" pos="sps00" postype="preposition" wd="desde"/>
      </prep>
      <sn>
        <v lem="hacer" mood="indicative" num="s" person="3" pos="vmip3s0" postype="main" tense="present" wd="hace"/>
        <d gen="m" lem="alguno" num="p" pos="di0mp0" postype="indefinite" wd="algunos"/>
        <n gen="m" lem="año" num="p" pos="ncmp000" postype="common" sense="16:10917509" wd="años"/>
      </sn>
    </sp>
    <morfema.verbal func="pass">
      <p gen="c" lem="se" num="c" pos="p0000000" wd="se"/>
    </morfema.verbal>
    <grup.verb>
      <v lem="haber" mood="indicative" num="p" person="3" pos="vaip3p0" postype="auxiliary" tense="present" wd="han"/>
      <v gen="m" lem="desarrollar" lss="B22.unaccusative-passive-transitive" mood="participle" num="s" pos="vmp00sm" postype="main" wd="desarrollado"/>
    </grup.verb>
    <sn arg="arg1" func="suj" tem="pat">
      <spec gen="m" num="p">
        <d gen="m" lem="el" num="p" pos="da0mp0" postype="article" wd="los"/>
      </spec>
      <grup.nom gen="m" num="p">
        <n gen="m" lem="polímero" num="p" pos="ncmp000" postype="common" sense="16:10760958" wd="polímeros"/>
        <s.a gen="m" num="p">
          <grup.a gen="m" num="p">
            <a gen="m" lem="metalomacrocíclico" num="p" pos="aq0mp0" postype="qualificative" wd="metalomacrocíclicos"/>
          </grup.a>
        </s.a>
        <S clausetype="participle" impersonal="yes">
          <participi>
            <a gen="m" lem="denominado" lss="B22.unaccusative-passive-transitive" num="p" pos="aq0mpp" posfunction="participle" postype="qualificative" wd="denominados"/>
          </participi>
          <sn arg="argM" complex="yes" func="cpred" predicate="suj" tem="atr">
            <grup.nom coord="yes">
              <grup.nom coord="yes">
                <grup.nom>
                  <f lem="-" pos="fg" punct="hyphen" wd="-"/>
                  <n lem="Chich_Kebabo" ne="other" pos="np0000a" postype="proper" sense="16:cs1" wd="Chich_Kebabo"/>
                  <f lem="-" pos="fg" punct="hyphen" wd="-"/>
                </grup.nom>
                <conj conjunctiontype="coordinating">
                  <c lem="o" pos="cc" postype="coordinating" wd="o"/>
                </conj>
                <grup.nom>
                  <f lem="-" pos="fg" punct="hyphen" wd="-"/>
                  <n lem="Schaschlik" ne="other" pos="np0000a" postype="proper" sense="16:cs1" wd="Schaschlik"/>
                  <f lem="-" pos="fg" punct="hyphen" wd="-"/>
                </grup.nom>
              </grup.nom>
              <S adjunct="yes" clausetype="relative">
                <f lem="," pos="fc" punct="comma" wd=","/>
                <relatiu arg="arg1" func="cd" tem="pat">
                  <p gen="c" lem="que" num="c" pos="pr0cn000" postype="relative" wd="que"/>
                </relatiu>
                <sp arg="argM" func="cc" tem="adv">
                  <prep>
                    <s lem="en" pos="sps00" postype="preposition" wd="en"/>
                  </prep>
                  <sn>
                    <grup.nom gen="m" num="s">
                      <n gen="m" lem="castellano" num="s" pos="ncms000" postype="common" sense="16:05224721" wd="castellano"/>
                    </grup.nom>
                  </sn>
                </sp>
                <sn arg="arg0" elliptic="yes" func="suj" tem="agt"/>
                <grup.verb>
                  <v lem="poder" mood="indicative" num="p" person="1" pos="vmic1p0" postype="main" tense="conditional" wd="podríamos"/>
                  <infinitiu>
                    <v lem="traducir" lss="A34.ditransitive-patient-theme" mood="infinitive" pos="vmn0000" postype="main" wd="traducir"/>
                  </infinitiu>
                </grup.verb>
                <sp arg="argM" func="cc" tem="mnr">
                  <prep>
                    <s lem="por" pos="sps00" postype="preposition" wd="por"/>
                  </prep>
                  <sn>
                    <grup.nom gen="f" num="s">
                      <f lem="-" pos="fg" punct="hyphen" wd="-"/>
                      <n gen="f" lem="brocheta" num="s" pos="ncfs000" postype="common" sense="16:03344475" wd="brocheta"/>
                      <f lem="-" pos="fg" punct="hyphen" wd="-"/>
                    </grup.nom>
                  </sn>
                </sp>
              </S>
            </grup.nom>
          </sn>
        </S>
      </grup.nom>
    </sn>
    <f lem="." pos="fp" punct="period" wd="."/>
  </sentence>
  <sentence>
    <morfema.verbal func="impers">
      <p gen="c" lem="se" num="c" pos="p0000000" wd="Se"/>
    </morfema.verbal>
    <grup.verb>
      <v lem="tratar" lss="A22.transitive-agentive-theme" mood="indicative" num="s" person="3" pos="vmip3s0" postype="main" tense="present" wd="trata"/>
    </grup.verb>
    <sadv arg="argM" func="cc" tem="adv">
      <f lem="," pos="fc" punct="comma" wd=","/>
      <grup.adv>
        <r lem="en_efecto" pos="rg" wd="en_efecto"/>
      </grup.adv>
      <f lem="," pos="fc" punct="comma" wd=","/>
    </sadv>
    <sp arg="arg1" func="creg" tem="tem">
      <prep>
        <s lem="de" pos="sps00" postype="preposition" wd="de"/>
      </prep>
      <S clausetype="completive" impersonal="yes">
        <infinitiu>
          <v lem="introducir" lss="A31.ditransitive-patient-locative" mood="infinitive" pos="vmn0000" postype="main" wd="introducir"/>
        </infinitiu>
        <sn arg="arg1" func="cd" tem="pat">
          <spec gen="m" num="s">
            <d gen="m" lem="uno" num="s" pos="di0ms0" postype="indefinite" wd="un"/>
          </spec>
          <grup.nom gen="m" num="s">
            <n gen="m" lem="ligando" num="s" pos="ncms000" postype="common" sense="16:cs1" wd="ligando"/>
            <S clausetype="participle" impersonal="yes">
              <participi>
                <a gen="m" lem="unido" lss="B22.unaccusative-passive-transitive" num="s" pos="aq0msp" posfunction="participle" postype="qualificative" wd="unido"/>
              </participi>
              <sp arg="arg2" func="creg" tem="tem">
                <prep>
                  <s contracted="yes" gen="m" lem="al" num="s" pos="spcms" postype="preposition" wd="al"/>
                </prep>
                <sn>
                  <grup.nom gen="m" num="s">
                    <n gen="m" lem="metal" num="s" pos="ncms000" postype="common" sense="16:10476248" wd="metal"/>
                    <sp>
                      <prep>
                        <s contracted="yes" gen="m" lem="del" num="s" pos="spcms" postype="preposition" wd="del"/>
                      </prep>
                      <sn>
                        <grup.nom gen="m" num="s">
                          <n gen="m" lem="metalomacrociclo" num="s" pos="ncms000" postype="common" sense="16:cs1" wd="metalomacrociclo"/>
                        </grup.nom>
                      </sn>
                    </sp>
                  </grup.nom>
                </sn>
              </sp>
            </S>
          </grup.nom>
        </sn>
        <sn func="ao">
          <f lem="," pos="fc" punct="comma" wd=","/>
          <spec gen="m" num="s">
            <d gen="c" lem="el" num="s" pos="da0ns0" postype="article" wd="lo"/>
          </spec>
          <S clausetype="relative">
            <relatiu arg="arg0" func="suj" tem="agt">
              <p gen="c" lem="que" num="c" pos="pr0cn000" postype="relative" wd="que"/>
            </relatiu>
            <grup.verb>
              <v lem="permitir" lss="A32.ditransitive-patient-benefactive" mood="indicative" num="s" person="3" pos="vmip3s0" postype="main" tense="present" wd="permite"/>
            </grup.verb>
            <sn arg="arg1" func="cd" tem="pat">
              <spec gen="f" num="s">
                <d gen="f" lem="el" num="s" pos="da0fs0" postype="article" wd="la"/>
              </spec>
              <grup.nom gen="f" num="s">
                <n gen="f" lem="formación" lexicalid="noun.formación.8.default" num="s" origin="deverbal" pos="ncfs000" postype="common" sense="16:00593716" wd="formación"/>
                <sp arg="arg1" func="cn" tem="tem">
                  <prep>
                    <s lem="de" pos="sps00" postype="preposition" wd="de"/>
                  </prep>
                  <sn>
                    <grup.nom gen="f" num="p">
                      <n gen="f" lem="especie" num="p" pos="ncfp000" postype="common" sense="16:04500860" wd="especies"/>
                      <s.a gen="f" num="p">
                        <grup.a gen="f" num="p">
                          <a gen="f" lem="polimérico" num="p" pos="aq0fp0" postype="qualificative" wd="poliméricas"/>
                        </grup.a>
                      </s.a>
                      <S clausetype="relative">
                        <sp arg="argM" func="cc" tem="adv">
                          <prep>
                            <s lem="en" pos="sps00" postype="preposition" wd="en"/>
                          </prep>
                          <sn>
                            <spec gen="f" num="p">
                              <d gen="f" lem="el" num="p" pos="da0fp0" postype="article" wd="las"/>
                            </spec>
                            <relatiu>
                              <p gen="c" lem="que" num="c" pos="pr0cn000" postype="relative" wd="que"/>
                            </relatiu>
                          </sn>
                        </sp>
                        <sn arg="arg1" func="suj" tem="tem">
                          <spec gen="f" num="s">
                            <d gen="f" lem="el" num="s" pos="da0fs0" postype="article" wd="la"/>
                          </spec>
                          <grup.nom gen="f" num="s">
                            <n gen="f" lem="distancia" lexicalid="noun.distancia.1.default" num="s" origin="deverbal" pos="ncfs000" postype="common" sense="16:03996081" wd="distancia"/>
                            <sp arg="arg1" func="cn" tem="tem">
                              <prep>
                                <s lem="entre" pos="sps00" postype="preposition" wd="entre"/>
                              </prep>
                              <sn>
                                <grup.nom gen="m" num="p">
                                  <n gen="m" lem="macrociclo" num="p" pos="ncmp000" postype="common" sense="16:cs1" wd="macrociclos"/>
                                </grup.nom>
                              </sn>
                            </sp>
                            <inc func="cn">
                              <sn>
                                <f lem="(" pos="fpa" punct="bracket" punctenclose="open" wd="("/>
                                <grup.nom gen="f" num="s">
                                  <n gen="f" lem="fig." num="s" pos="ncfs000" postype="common" sense="16:cs1" wd="fig."/>
                                  <sn>
                                    <grup.nom>
                                      <z lem="2" ne="number" wd="2"/>
                                    </grup.nom>
                                  </sn>
                                </grup.nom>
                                <f lem=")" pos="fpt" punct="bracket" punctenclose="close" wd=")"/>
                              </sn>
                            </inc>
                          </grup.nom>
                        </sn>
                        <grup.verb>
                          <v lem="venir" lss="C21.state-attributive" mood="indicative" num="s" person="3" pos="vmip3s0" postype="main" tense="present" wd="viene"/>
                        </grup.verb>
                        <S arg="arg2" clausetype="participle" func="cpred" impersonal="yes" predicate="suj" tem="atr">
                          <participi>
                            <a gen="f" lem="fijado" lss="B22.unaccusative-passive-transitive" num="s" pos="aq0fsp" posfunction="participle" postype="qualificative" wd="fijada"/>
                          </participi>
                          <sp arg="argM" func="cc" tem="cau">
                            <prep>
                              <s lem="por" pos="sps00" postype="preposition" wd="por"/>
                            </prep>
                            <sn>
                              <spec gen="m" num="s">
                                <d gen="m" lem="el" num="s" pos="da0ms0" postype="article" wd="el"/>
                              </spec>
                              <grup.nom gen="m" num="s">
                                <n gen="m" lem="ligando" num="s" pos="ncms000" postype="common" sense="16:cs1" wd="ligando"/>
                                <sn>
                                  <grup.nom gen="m" num="s">
                                    <n gen="c" lem="L." num="c" pos="nc00000" postype="common" sense="16:cs1" wd="L."/>
                                  </grup.nom>
                                </sn>
                              </grup.nom>
                            </sn>
                          </sp>
                        </S>
                      </S>
                    </grup.nom>
                  </sn>
                </sp>
              </grup.nom>
            </sn>
          </S>
        </sn>
      </S>
    </sp>
  </sentence>
  <sentence>
    <morfema.verbal func="impers">
      <p gen="c" lem="se" num="c" pos="p0000000" wd="Se"/>
    </morfema.verbal>
    <grup.verb>
      <v lem="llegar" lss="B11.unaccusative-motion" mood="indicative" num="s" person="3" pos="vmip3s0" postype="main" tense="present" wd="llega"/>
    </grup.verb>
    <sadv arg="argM" func="cc" tem="mnr">
      <grup.adv>
        <r lem="así" pos="rg" wd="así"/>
      </grup.adv>
    </sadv>
    <sp arg="arg4" func="cc" tem="des">
      <prep>
        <s lem="a" pos="sps00" postype="preposition" wd="a"/>
      </prep>
      <sn>
        <spec gen="f" num="s">
          <d gen="f" lem="el" num="s" pos="da0fs0" postype="article" wd="la"/>
        </spec>
        <grup.nom gen="f" num="s">
          <n gen="f" lem="formación" lexicalid="noun.formación.8.default" num="s" origin="deverbal" pos="ncfs000" postype="common" sense="16:00593716" wd="formación"/>
          <sp arg="arg1" func="cn" tem="tem">
            <prep>
              <s lem="de" pos="sps00" postype="preposition" wd="de"/>
            </prep>
            <sn>
              <grup.nom gen="m" num="p">
                <n gen="m" lem="compuesto" num="p" pos="ncmp000" postype="common" sense="16:10630741" wd="compuestos"/>
                <s.a gen="m" num="p">
                  <grup.a gen="m" num="p">
                    <a gen="m" lem="metalomacrocíclico" num="p" pos="aq0mp0" postype="qualificative" wd="metalomacrocíclicos"/>
                  </grup.a>
                </s.a>
                <S clausetype="participle" impersonal="yes">
                  <participi>
                    <a gen="m" lem="unido" lss="B22.unaccusative-passive-transitive" num="p" pos="aq0mpp" posfunction="participle" postype="qualificative" wd="unidos"/>
                  </participi>
                  <sp arg="argM" func="cc" tem="cau">
                    <prep>
                      <s lem="por" pos="sps00" postype="preposition" wd="por"/>
                    </prep>
                    <sn>
                      <grup.nom gen="m" num="p">
                        <n gen="m" lem="ligando" num="p" pos="ncmp000" postype="common" sense="16:cs1" wd="ligandos"/>
                        <s.a gen="m" num="p">
                          <grup.a gen="m" num="p">
                            <n gen="m" lem="puente" num="s" pos="ncms000" postype="common" sense="16:02336596" wd="puente"/>
                          </grup.a>
                        </s.a>
                      </grup.nom>
                    </sn>
                  </sp>
                </S>
                <S clausetype="relative">
                  <sp arg="argM" func="cc" tem="loc">
                    <prep>
                      <s lem="en" pos="sps00" postype="preposition" wd="en"/>
                    </prep>
                    <sn>
                      <spec gen="m" num="p">
                        <d gen="m" lem="el" num="p" pos="da0mp0" postype="article" wd="los"/>
                      </spec>
                      <relatiu>
                        <p gen="c" lem="que" num="c" pos="pr0cn000" postype="relative" wd="que"/>
                      </relatiu>
                    </sn>
                  </sp>
                  <grup.verb>
                    <v lem="ser" lss="C21.state-attributive" mood="indicative" num="s" person="3" pos="vsip3s0" postype="semiauxiliary" tense="present" wd="es"/>
                  </grup.verb>
                  <sa arg="arg2" func="atr" tem="atr">
                    <grup.a>
                      <a gen="c" lem="posible" num="s" pos="aq0cs0" postype="qualificative" wd="posible"/>
                    </grup.a>
                  </sa>
                  <S arg="arg1" clausetype="completive" func="suj" impersonal="yes" tem="tem">
                    <infinitiu>
                      <v lem="variar" lss="A11.transitive-causative" mood="infinitive" pos="vmn0000" postype="main" wd="variar"/>
                    </infinitiu>
                    <sn arg="arg1" func="cd" tem="tem">
                      <spec gen="f" num="s">
                        <d gen="f" lem="el" num="s" pos="da0fs0" postype="article" wd="la"/>
                      </spec>
                      <grup.nom gen="f" num="s">
                        <n gen="f" lem="naturaleza" num="s" pos="ncfs000" postype="common" sense="16:03716446" wd="naturaleza"/>
                        <sp coord="yes">
                          <conj conjunctiontype="coordinating">
                            <r lem="tanto" pos="rg" wd="tanto"/>
                          </conj>
                          <sp>
                            <prep>
                              <s contracted="yes" gen="m" lem="del" num="s" pos="spcms" postype="preposition" wd="del"/>
                            </prep>
                            <sn>
                              <grup.nom gen="m" num="s">
                                <n gen="m" lem="sistema" num="s" pos="ncms000" postype="common" sense="16:10750189" wd="sistema"/>
                                <s.a gen="m" num="s">
                                  <grup.a gen="m" num="s">
                                    <a gen="m" lem="macrocíclico" num="s" pos="aq0ms0" postype="qualificative" wd="macrocíclico"/>
                                  </grup.a>
                                </s.a>
                                <S clausesubtype="concessive" clausetype="adverbial">
                                  <f lem="(" pos="fpa" punct="bracket" punctenclose="open" wd="("/>
                                  <conj conjunctiontype="subordinating">
                                    <c lem="aunque" pos="cs" postype="subordinating" wd="aunque"/>
                                  </conj>
                                  <sn arg="arg1" complex="yes" func="suj" tem="tem">
                                    <grup.nom coord="yes">
                                      <grup.nom gen="f" num="p">
                                        <n gen="f" lem="ftalocianina" num="p" pos="ncfp000" postype="common" sense="16:cs1" wd="ftalocianinas"/>
                                      </grup.nom>
                                      <conj conjunctiontype="coordinating">
                                        <c lem="y" pos="cc" postype="coordinating" wd="y"/>
                                      </conj>
                                      <grup.nom gen="f" num="p">
                                        <n gen="f" lem="tetrabenzoporfirina" num="p" pos="ncfp000" postype="common" sense="16:cs1" wd="tetrabenzoporfirinas"/>
                                      </grup.nom>
                                    </grup.nom>
                                  </sn>
                                  <grup.verb>
                                    <v lem="haber" mood="indicative" num="p" person="3" pos="vaip3p0" postype="auxiliary" tense="present" wd="han"/>
                                    <v gen="m" lem="ser" lss="C21.state-attributive" mood="participle" num="s" pos="vsp00sm" postype="semiauxiliary" wd="sido"/>
                                  </grup.verb>
                                  <sn arg="arg2" func="atr" tem="atr">
                                    <spec gen="f" num="p">
                                      <d gen="f" lem="el" num="p" pos="da0fp0" postype="article" wd="las"/>
                                    </spec>
                                    <grup.nom gen="f" num="p">
                                      <S clausetype="participle" impersonal="yes">
                                        <sadv arg="argM" func="cc" tem="adv">
                                          <grup.adv>
                                            <r lem="más" pos="rg" wd="más"/>
                                          </grup.adv>
                                        </sadv>
                                        <participi>
                                          <a gen="f" lem="estudiado" lss="B22.unaccusative-passive-transitive" num="p" pos="aq0fpp" posfunction="participle" postype="qualificative" wd="estudiadas"/>
                                        </participi>
                                      </S>
                                    </grup.nom>
                                  </sn>
                                  <f lem=")" pos="fpt" punct="bracket" punctenclose="close" wd=")"/>
                                </S>
                              </grup.nom>
                            </sn>
                          </sp>
                          <conj conjunctiontype="coordinating">
                            <c lem="como" pos="cs" postype="subordinating" wd="como"/>
                          </conj>
                          <sp>
                            <prep>
                              <s contracted="yes" gen="m" lem="del" num="s" pos="spcms" postype="preposition" wd="del"/>
                            </prep>
                            <sn>
                              <grup.nom gen="m" num="s">
                                <n gen="m" lem="tomo" num="s" pos="ncms000" postype="common" sense="16:04833465" wd="tomo"/>
                                <s.a gen="m" num="s">
                                  <grup.a gen="m" num="s">
                                    <a gen="m" lem="metálico" num="s" pos="aq0ms0" postype="qualificative" wd="metálico"/>
                                  </grup.a>
                                </s.a>
                                <s.a gen="m" num="s">
                                  <grup.a gen="m" num="s">
                                    <a gen="c" lem="central" num="s" pos="aq0cs0" postype="qualificative" wd="central"/>
                                  </grup.a>
                                </s.a>
                              </grup.nom>
                            </sn>
                          </sp>
                        </sp>
                      </grup.nom>
                    </sn>
                  </S>
                </S>
              </grup.nom>
            </sn>
          </sp>
        </grup.nom>
      </sn>
    </sp>
    <f lem="." pos="fp" punct="period" wd="."/>
  </sentence>
  <sentence>
    <sadv arg="argM" func="cc" tem="adv">
      <grup.adv>
        <r lem="por_otro_lado" pos="rg" wd="Por_otro_lado"/>
      </grup.adv>
      <f lem="," pos="fc" punct="comma" wd=","/>
    </sadv>
    <sn arg="arg0" func="suj" tem="agt">
      <spec gen="m" num="s">
        <d gen="m" lem="el" num="s" pos="da0ms0" postype="article" wd="el"/>
      </spec>
      <grup.nom gen="m" num="s">
        <n gen="m" lem="uso" lexicalid="noun.uso.2.default" num="s" origin="deverbal" pos="ncms000" postype="common" sense="16:00605730" wd="uso"/>
        <sp arg="arg1" func="cn" tem="pat">
          <prep>
            <s lem="de" pos="sps00" postype="preposition" wd="de"/>
          </prep>
          <sn>
            <grup.nom gen="m" num="p">
              <n gen="m" lem="ligando" num="p" pos="ncmp000" postype="common" sense="16:cs1" wd="ligandos"/>
              <sp>
                <prep>
                  <s lem="de" pos="sps00" postype="preposition" wd="de"/>
                </prep>
                <sn>
                  <grup.nom gen="f" num="s">
                    <s.a gen="f" num="s">
                      <grup.a gen="f" num="s">
                        <a gen="f" lem="distinto" num="s" pos="aq0fs0" postype="qualificative" wd="distinta"/>
                      </grup.a>
                    </s.a>
                    <n gen="f" lem="naturaleza" num="s" pos="ncfs000" postype="common" sense="16:03716446" wd="naturaleza"/>
                  </grup.nom>
                </sn>
              </sp>
              <sn complex="yes">
                <f lem="(" pos="fpa" punct="bracket" punctenclose="open" wd="("/>
                <grup.nom coord="yes">
                  <grup.nom gen="m" num="p">
                    <n gen="m" lem="tomo" num="p" pos="ncmp000" postype="common" sense="16:04833465" wd="tomos"/>
                  </grup.nom>
                  <conj conjunctiontype="coordinating">
                    <c lem="o" pos="cc" postype="coordinating" wd="o"/>
                  </conj>
                  <grup.nom gen="f" num="p">
                    <n gen="f" lem="molécula" num="p" pos="ncfp000" postype="common" sense="16:10472898" wd="moléculas"/>
                  </grup.nom>
                </grup.nom>
                <f lem=")" pos="fpt" punct="bracket" punctenclose="close" wd=")"/>
              </sn>
            </grup.nom>
          </sn>
        </sp>
      </grup.nom>
    </sn>
    <grup.verb>
      <v lem="permitir" lss="A32.ditransitive-patient-benefactive" mood="indicative" num="s" person="3" pos="vmip3s0" postype="main" tense="present" wd="permite"/>
    </grup.verb>
    <sn arg="arg1" func="cd" tem="pat">
      <spec gen="m" num="s">
        <d gen="m" lem="uno" num="s" pos="di0ms0" postype="indefinite" wd="un"/>
      </spec>
      <grup.nom gen="m" num="s">
        <s.a gen="m" num="s">
          <grup.a gen="m" num="s">
            <a gen="m" lem="perfecto" num="s" pos="aq0ms0" postype="qualificative" wd="perfecto"/>
          </grup.a>
        </s.a>
        <n gen="m" lem="control" num="s" pos="ncms000" postype="common" sense="16:00513665" wd="control"/>
      </grup.nom>
    </sn>
    <sp arg="argM" func="cc" tem="adv">
      <prep>
        <s lem="sobre" pos="sps00" postype="preposition" wd="sobre"/>
      </prep>
      <sn>
        <spec gen="f" num="s">
          <d gen="f" lem="el" num="s" pos="da0fs0" postype="article" wd="la"/>
        </spec>
        <grup.nom gen="f" num="s">
          <n gen="f" lem="distancia" lexicalid="noun.distancia.1.default" num="s" origin="deverbal" pos="ncfs000" postype="common" sense="16:03996081" wd="distancia"/>
          <s.a func="cn" gen="f" num="s">
            <grup.a gen="f" num="s">
              <a gen="c" lem="interplanar" num="s" pos="aq0cs0" postype="qualificative" wd="interplanar"/>
            </grup.a>
          </s.a>
        </grup.nom>
      </sn>
    </sp>
    <f lem="." pos="fp" punct="period" wd="."/>
  </sentence>
  <sentence>
    <sadv arg="argM" func="cc" tem="adv">
      <grup.adv>
        <r lem="además" pos="rg" wd="Además"/>
      </grup.adv>
    </sadv>
    <sp arg="argM" func="cc" tem="adv">
      <f lem="," pos="fc" punct="comma" wd=","/>
      <prep>
        <s lem="según" pos="sps00" postype="preposition" wd="según"/>
      </prep>
      <sn>
        <spec gen="m" num="p">
          <d gen="m" lem="el" num="p" pos="da0mp0" postype="article" wd="los"/>
        </spec>
        <grup.nom gen="m" num="p">
          <n gen="m" lem="ligando" num="p" pos="ncmp000" postype="common" sense="16:cs1" wd="ligandos"/>
          <S clausetype="participle" impersonal="yes">
            <participi>
              <a gen="m" lem="utilizado" num="p" pos="aq0mpp" posfunction="participle" postype="qualificative" wd="utilizados"/>
            </participi>
          </S>
        </grup.nom>
      </sn>
      <f lem="," pos="fc" punct="comma" wd=","/>
    </sp>
    <sn arg="arg0" func="suj" tem="agt">
      <grup.nom gen="m" num="p">
        <p gen="m" lem="este" num="p" pos="pd0mp000" postype="demonstrative" wd="éstos"/>
      </grup.nom>
    </sn>
    <grup.verb>
      <v lem="poder" mood="indicative" num="p" person="3" pos="vmip3p0" postype="main" tense="present" wd="pueden"/>
      <inc>
        <S verbless="yes">
          <conj conjunctiontype="coordinating">
            <c lem="o" pos="cc" postype="coordinating" wd="o"/>
          </conj>
          <neg>
            <r lem="no" pos="rn" postype="negative" wd="no"/>
          </neg>
        </S>
      </inc>
      <infinitiu>
        <v lem="intervenir" lss="D11.inergative-agentive" mood="infinitive" pos="vmn0000" postype="main" wd="intervenir"/>
      </infinitiu>
    </grup.verb>
    <sp arg="arg1" func="creg" tem="loc">
      <prep>
        <s lem="en" pos="sps00" postype="preposition" wd="en"/>
      </prep>
      <sn>
        <spec gen="m" num="s">
          <d gen="m" lem="el" num="s" pos="da0ms0" postype="article" wd="el"/>
        </spec>
        <grup.nom gen="m" num="s">
          <n gen="m" lem="proceso" lexicalid="noun.proceso.1.default" num="s" origin="deverbal" pos="ncms000" postype="common" sense="16:09669871" wd="proceso"/>
          <sp arg="arg1" func="cn" tem="pat">
            <prep>
              <s lem="de" pos="sps00" postype="preposition" wd="de"/>
            </prep>
            <sn>
              <grup.nom gen="f" num="s">
                <n gen="f" lem="conducción" lexicalid="noun.conducción.2.default" num="s" origin="deverbal" pos="ncfs000" postype="common" sense="16:07837945" wd="conducción"/>
              </grup.nom>
            </sn>
          </sp>
        </grup.nom>
      </sn>
    </sp>
    <f lem="." pos="fp" punct="period" wd="."/>
  </sentence>
  <sentence>
    <sadv func="et">
      <grup.adv>
        <r lem="por_otro_lado" pos="rg" wd="Por_otro_lado"/>
      </grup.adv>
      <f lem="," pos="fc" punct="comma" wd=","/>
    </sadv>
    <sn arg="arg0" coord="yes" func="suj" tem="agt">
      <sn entityref="ne" ne="person">
        <grup.nom gen="m" num="s">
          <n lem="Hanack" ne="person" pos="np0000p" postype="proper" sense="16:cs1" wd="Hanack"/>
        </grup.nom>
      </sn>
      <conj conjunctiontype="coordinating">
        <c lem="y" pos="cc" postype="coordinating" wd="y"/>
      </conj>
      <sn>
        <spec gen="m" num="p">
          <d gen="c" lem="su" num="p" person="3" pos="dp3cp0" postype="possessive" wd="sus"/>
        </spec>
        <grup.nom gen="m" num="p">
          <n gen="m" lem="colaborador" num="p" pos="ncmp000" postype="common" sense="16:07462736" wd="colaboradores"/>
          <sp>
            <f lem="," pos="fc" punct="comma" wd=","/>
            <prep>
              <s lem="en" pos="sps00" postype="preposition" wd="en"/>
            </prep>
            <sn entityref="ne" ne="location">
              <grup.nom>
                <n lem="Alemania" ne="location" pos="np0000l" postype="proper" sense="16:06442182" wd="Alemania"/>
              </grup.nom>
            </sn>
            <f lem="," pos="fc" punct="comma" wd=","/>
          </sp>
        </grup.nom>
      </sn>
    </sn>
    <grup.verb>
      <v lem="haber" mood="indicative" num="p" person="3" pos="vaip3p0" postype="auxiliary" tense="present" wd="han"/>
      <v gen="m" lem="demostrar" lss="A21.transitive-agentive-patient" mood="participle" num="s" pos="vmp00sm" postype="main" wd="demostrado"/>
    </grup.verb>
    <S arg="arg1" clausetype="completive" func="cd" tem="pat">
      <conj conjunctiontype="subordinating">
        <c lem="que" pos="cs" postype="subordinating" wd="que"/>
      </conj>
      <S clausesubtype="conditional" clausetype="adverbial" coord="yes" func="ao">
        <conj conjunctiontype="subordinating">
          <c lem="si" pos="cs" postype="subordinating" wd="si"/>
        </conj>
        <S clausesubtype="conditional" clausetype="adverbial">
          <morfema.verbal func="pass">
            <p gen="c" lem="se" num="c" pos="p0000000" wd="se"/>
          </morfema.verbal>
          <grup.verb>
            <v lem="utilizar" lss="B22.unaccusative-passive-transitive" mood="indicative" num="p" person="3" pos="vmip3p0" postype="main" tense="present" wd="utilizan"/>
          </grup.verb>
          <sn arg="arg1" func="suj" tem="pat">
            <grup.nom gen="m" num="p">
              <n gen="m" lem="metal" num="p" pos="ncmp000" postype="common" sense="16:10476248" wd="metales"/>
              <sp>
                <prep>
                  <s lem="de" pos="sps00" postype="preposition" wd="de"/>
                </prep>
                <sn>
                  <grup.nom gen="f" num="s">
                    <n gen="f" lem="transición" lexicalid="noun.transición.3.default" num="s" origin="deverbal" pos="ncfs000" postype="common" sense="16:05480908" wd="transición"/>
                  </grup.nom>
                </sn>
              </sp>
              <sp>
                <prep>
                  <c lem="como" pos="cs" postype="subordinating" wd="como"/>
                </prep>
                <sn complex="yes">
                  <grup.nom coord="yes">
                    <grup.nom coord="yes">
                      <grup.nom gen="m" num="s">
                        <n gen="m" lem="fe" num="s" pos="ncms000" postype="common" sense="16:cs1" wd="Fe"/>
                      </grup.nom>
                      <f lem="," pos="fc" punct="comma" wd=","/>
                      <grup.nom gen="m" num="s">
                        <n gen="m" lem="Ru" num="s" pos="ncms000" postype="common" sense="16:10499894" wd="Ru"/>
                      </grup.nom>
                      <f lem="," pos="fc" punct="comma" wd=","/>
                      <grup.nom gen="m" num="s">
                        <n gen="m" lem="os" num="s" pos="ncms000" postype="common" sense="16:cs1" wd="Os"/>
                      </grup.nom>
                      <f lem="," pos="fc" punct="comma" wd=","/>
                      <grup.nom gen="m" num="s">
                        <n gen="m" lem="Co" num="s" pos="ncms000" postype="common" sense="16:cs1" wd="Co"/>
                      </grup.nom>
                      <f lem="," pos="fc" punct="comma" wd=","/>
                      <grup.nom gen="m" num="s">
                        <n gen="m" lem="rh" num="s" pos="ncms000" postype="common" sense="16:cs1" wd="Rh"/>
                      </grup.nom>
                      <f lem="," pos="fc" punct="comma" wd=","/>
                      <grup.nom gen="m" num="s">
                        <n gen="m" lem="mn" num="s" pos="ncms000" postype="common" sense="16:cs1" wd="Mn"/>
                      </grup.nom>
                      <conj conjunctiontype="coordinating">
                        <c lem="o" pos="cc" postype="coordinating" wd="o"/>
                      </conj>
                      <grup.nom gen="m" num="s">
                        <n gen="m" lem="Cr" num="s" pos="ncms000" postype="common" sense="16:cs1" wd="Cr"/>
                      </grup.nom>
                    </grup.nom>
                    <S adjunct="yes" clausetype="relative">
                      <f lem="," pos="fc" punct="comma" wd=","/>
                      <relatiu arg="arg0" func="suj" tem="agt">
                        <p gen="c" lem="que" num="c" pos="pr0cn000" postype="relative" wd="que"/>
                      </relatiu>
                      <grup.verb>
                        <v lem="imponer" lss="A21.transitive-agentive-patient" mood="indicative" num="p" person="3" pos="vmip3p0" postype="main" tense="present" wd="imponen"/>
                      </grup.verb>
                      <sn arg="arg1" func="cd" tem="pat">
                        <spec gen="f" num="s">
                          <d gen="f" lem="uno" num="s" pos="di0fs0" postype="indefinite" wd="una"/>
                        </spec>
                        <grup.nom gen="f" num="s">
                          <n gen="f" lem="configuración" lexicalid="noun.configuración.1.default" num="s" origin="deverbal" pos="ncfs000" postype="common" sense="16:03952527" wd="configuración"/>
                          <s.a arg="arg2" func="cn" gen="f" num="s" tem="atr">
                            <grup.a gen="f" num="s">
                              <a gen="f" lem="octaédrico" num="s" pos="aq0fs0" postype="qualificative" wd="octaédrica"/>
                            </grup.a>
                          </s.a>
                        </grup.nom>
                      </sn>
                      <f lem="," pos="fc" punct="comma" wd=","/>
                    </S>
                  </grup.nom>
                </sn>
              </sp>
            </grup.nom>
          </sn>
        </S>
        <conj conjunctiontype="coordinating">
          <c lem="y" pos="cc" postype="coordinating" wd="y"/>
        </conj>
        <S clausesubtype="conditional" clausetype="adverbial">
          <morfema.verbal func="pass">
            <p gen="c" lem="se" num="c" pos="p0000000" wd="se"/>
          </morfema.verbal>
          <grup.verb>
            <v lem="utilizar" lss="B22.unaccusative-passive-transitive" mood="indicative" num="p" person="3" pos="vmip3p0" postype="main" tense="present" wd="utilizan"/>
          </grup.verb>
          <sn arg="arg1" func="suj" tem="pat">
            <grup.nom gen="f" num="p">
              <n gen="f" lem="molécula" num="p" pos="ncfp000" postype="common" sense="16:10472898" wd="moléculas"/>
              <s.a gen="f" num="p">
                <grup.a gen="f" num="p">
                  <a gen="f" lem="orgánico" num="p" pos="aq0fp0" postype="qualificative" wd="orgánicas"/>
                </grup.a>
              </s.a>
              <sp>
                <prep>
                  <s lem="con" pos="sps00" postype="preposition" wd="con"/>
                </prep>
                <sn>
                  <grup.nom gen="m" num="p">
                    <n gen="m" lem="sistema" num="p" pos="ncmp000" postype="common" sense="16:10750189" wd="sistemas"/>
                    <s.a gen="m" num="p">
                      <grup.a gen="m" num="p">
                        <n gen="c" lem="n" num="c" pos="nccn000" postype="common" sense="16:50001117" wd="n"/>
                      </grup.a>
                    </s.a>
                  </grup.nom>
                </sn>
              </sp>
            </grup.nom>
          </sn>
          <sp arg="argM" func="cc" tem="adv">
            <prep>
              <c lem="como" pos="cs" postype="subordinating" wd="como"/>
            </prep>
            <sn>
              <grup.nom gen="m" num="p">
                <n gen="m" lem="ligando" num="p" pos="ncmp000" postype="common" sense="16:cs1" wd="ligandos"/>
              </grup.nom>
            </sn>
          </sp>
        </S>
        <f lem="," pos="fc" punct="comma" wd=","/>
      </S>
      <grup.verb>
        <v lem="ser" lss="C21.state-attributive" mood="indicative" num="s" person="3" pos="vsip3s0" postype="semiauxiliary" tense="present" wd="es"/>
      </grup.verb>
      <sa arg="arg2" func="atr" tem="atr">
        <grup.a>
          <a gen="c" lem="posible" num="s" pos="aq0cs0" postype="qualificative" wd="posible"/>
        </grup.a>
      </sa>
      <sn arg="arg1" func="suj" tem="tem">
        <spec gen="f" num="s">
          <d gen="f" lem="uno" num="s" pos="di0fs0" postype="indefinite" wd="una"/>
        </spec>
        <grup.nom gen="f" num="s">
          <n gen="f" lem="conducción" lexicalid="noun.conducción.1.default" num="s" origin="deverbal" pos="ncfs000" postype="common" sense="16:07837945" wd="conducción"/>
          <s.a func="cn" gen="f" num="s">
            <grup.a gen="f" num="s">
              <a gen="c" lem="adicional" num="s" pos="aq0cs0" postype="qualificative" wd="adicional"/>
            </grup.a>
          </s.a>
          <sp arg="argM" func="cn" tem="loc">
            <prep>
              <s contracted="yes" gen="m" lem="a_lo_largo_del" num="s" pos="spcms" postype="preposition" wd="a_lo_largo_del"/>
            </prep>
            <sn>
              <grup.nom gen="m" num="s">
                <n gen="m" lem="eje" num="s" pos="ncms000" postype="common" sense="16:02229429" wd="eje"/>
                <s.a gen="m" num="s">
                  <grup.a gen="m" num="s">
                    <a gen="c" lem="central" num="s" pos="aq0cs0" postype="qualificative" wd="central"/>
                  </grup.a>
                </s.a>
              </grup.nom>
            </sn>
          </sp>
        </grup.nom>
      </sn>
      <sp arg="argM" func="cc" tem="loc">
        <prep>
          <s lem="en" pos="sps00" postype="preposition" wd="en"/>
        </prep>
        <sn>
          <spec gen="m" num="p">
            <d gen="m" lem="este" num="p" pos="dd0mp0" postype="demonstrative" wd="estos"/>
          </spec>
          <grup.nom gen="m" num="p">
            <n gen="m" lem="polímero" num="p" pos="ncmp000" postype="common" sense="16:10760958" wd="polímeros"/>
          </grup.nom>
        </sn>
      </sp>
    </S>
    <f lem="." pos="fp" punct="period" wd="."/>
  </sentence>
  <sentence>
    <sp arg="argM" func="cc" tem="adv">
      <prep>
        <s lem="en" pos="sps00" postype="preposition" wd="En"/>
      </prep>
      <sn>
        <spec gen="m" num="p">
          <d gen="m" lem="alguno" num="p" pos="di0mp0" postype="indefinite" wd="algunos"/>
        </spec>
        <grup.nom gen="m" num="p">
          <n gen="m" lem="caso" num="p" pos="ncmp000" postype="common" sense="16:10047274" wd="casos"/>
        </grup.nom>
      </sn>
    </sp>
    <morfema.verbal func="pass">
      <p gen="c" lem="se" num="c" pos="p0000000" wd="se"/>
    </morfema.verbal>
    <grup.verb>
      <v lem="haber" mood="indicative" num="s" person="3" pos="vaip3s0" postype="auxiliary" tense="present" wd="ha"/>
      <v gen="m" lem="conseguir" lss="B22.unaccusative-passive-transitive" mood="participle" num="s" pos="vmp00sm" postype="main" wd="conseguido"/>
    </grup.verb>
    <S arg="arg1" clausetype="completive" func="suj" impersonal="yes" tem="pat">
      <infinitiu>
        <v lem="llegar" lss="B11.unaccusative-motion" mood="infinitive" pos="vmn0000" postype="main" wd="llegar"/>
      </infinitiu>
      <sp arg="arg4" func="cc" tem="des">
        <prep>
          <s lem="a" pos="sps00" postype="preposition" wd="a"/>
        </prep>
        <sn>
          <grup.nom gen="f" num="p">
            <n gen="f" lem="propiedad" num="p" pos="ncfp000" postype="common" sense="16:03848700" wd="propiedades"/>
            <s.a gen="f" num="p">
              <grup.a gen="f" num="p">
                <a gen="f" lem="semiconductor" num="p" pos="aq0fp0" postype="qualificative" wd="semiconductoras"/>
              </grup.a>
            </s.a>
          </grup.nom>
        </sn>
      </sp>
      <sp arg="argM" func="cc" tem="adv">
        <prep>
          <s lem="sin" pos="sps00" postype="preposition" wd="sin"/>
        </prep>
        <S clausetype="completive" impersonal="yes">
          <infinitiu>
            <v lem="realizar" lss="A21.transitive-agentive-patient" mood="infinitive" pos="vmn0000" postype="main" wd="realizar"/>
          </infinitiu>
          <sn arg="arg1" func="cd" tem="pat">
            <spec gen="m" num="s">
              <d gen="m" lem="el" num="s" pos="da0ms0" postype="article" wd="el"/>
            </spec>
            <grup.nom gen="m" num="s">
              <n gen="m" lem="proceso" lexicalid="noun.proceso.1.default" num="s" origin="deverbal" pos="ncms000" postype="common" sense="16:09669871" wd="proceso"/>
              <sp arg="arg1" func="cn" tem="pat">
                <prep>
                  <s lem="de" pos="sps00" postype="preposition" wd="de"/>
                </prep>
                <sn>
                  <grup.nom gen="m" num="s">
                    <n gen="m" lem="dopado" lexicalid="noun.dopado.2.default" num="s" origin="deverbal" pos="ncms000" postype="common" sense="16:cs1" wd="dopado"/>
                  </grup.nom>
                </sn>
              </sp>
            </grup.nom>
          </sn>
        </S>
      </sp>
    </S>
    <f lem="." pos="fp" punct="period" wd="."/>
  </sentence>
</article>
