<?xml version="1.0" encoding="UTF-8"?>
<!-- 

  ancora-2.0
       
			Copyright (C) 2007, 2008, 2009, 2010, 2011 UB - CLiC
			Centre de Llenguatge i Computació - Universitat de Barcelona
 
  This file is part of ancora-2.0.
 
  ancora-2.0 is free software and data: you can redistribute it and/or modify
  it under the terms of the GNU General Public License as published
  by the Free Software Foundation, either version 3 of the License,
  or (at your option) any later version.

  ancora-2.0 is distributed in the hope that it will be useful,
  but WITHOUT ANY WARRANTY; without even the implied warranty of
  MERCHANTABILITY or FITNESS FOR A PARTICULAR PURPOSE.  See the
  GNU General Public License for more details.
 
  You should have received a copy of the GNU General Public License
  along with ancora-2.0.  If not, see &lt;http://www.gnu.org/licenses/&gt;.
 
  Check a text in catalan explaining the terms of the license at http://www.softcatala.cat/wiki/GPL3.
  In spanish at http://www.viti.es/gnu/licenses/gpl.html
 

  The following paper must be cited when using this corpus:

 * Taulé, M., M.A. Martí, M. Recasens (2008) 'Ancora: Multilevel Annotated Corpora for Catalan and Spanish',
   Proceedings of 6th International Conference on Language Resources and Evaluation. Marrakesh (Morocco).

  In addition, the following paper must be cited if coreference information (attributes entity, coreftype,
  corefsubtype, homophoricDD or entityref) is used:

 * Recasens, Marta, M. Antònia Martí (2010) ‘AnCora-CO: Coreferentially annotated corpora for Spanish and
   Catalan’. Language Resources and Evaluation, Springer Science.

  Additionally, the following paper must be cited when argumental attributes in "sn" or "grup.nom"
  (attributes func, arg, tem or lexicalid) are used:

 * Peris, Aina, Mariona Taulé, Horacio Rodríguez (2010) ‘Semantic Annotation of Deverbal Nominalizations in the
   Spanish AnCora corpus’. Treebanks and Linguistic Theories (TLT-2010), Estonia.
-->
<article lng="es">
  <sentence>
    <sadv arg="argM" func="cc" tem="adv">
      <grup.adv>
        <r lem="desde_luego" pos="rg" wd="Desde_luego"/>
      </grup.adv>
      <f lem="," pos="fc" punct="comma" wd=","/>
    </sadv>
    <neg func="mod">
      <r lem="no" pos="rn" postype="negative" wd="no"/>
    </neg>
    <morfema.verbal func="impers">
      <p gen="c" lem="se" num="c" pos="p0000000" wd="se"/>
    </morfema.verbal>
    <grup.verb>
      <v lem="tratar" lss="C21.state-attributive" mood="indicative" num="s" person="3" pos="vmip3s0" postype="main" tense="present" wd="trata"/>
    </grup.verb>
    <sp arg="arg2" func="creg" tem="atr">
      <prep>
        <s lem="de" pos="sps00" postype="preposition" wd="de"/>
      </prep>
      <sn>
        <spec gen="m" num="s">
          <d gen="m" lem="uno" num="s" pos="di0ms0" postype="indefinite" wd="un"/>
        </spec>
        <grup.nom gen="m" num="s">
          <n gen="m" lem="tema" num="s" pos="ncms000" postype="common" sense="16:04950638" wd="tema"/>
          <s.a gen="m" num="s">
            <spec>
              <r lem="más" pos="rg" wd="más"/>
            </spec>
            <grup.a gen="m" num="s">
              <a gen="m" lem="antiguo" num="s" pos="aq0ms0" postype="qualificative" wd="antiguo"/>
            </grup.a>
          </s.a>
          <sp>
            <f lem="," pos="fc" punct="comma" wd=","/>
            <prep>
              <c lem="como" pos="cs" postype="subordinating" wd="como"/>
            </prep>
            <sn>
              <spec gen="m" num="s">
                <d gen="m" lem="el" num="s" pos="da0ms0" postype="article" wd="el"/>
              </spec>
              <grup.nom gen="m" num="s">
                <sp>
                  <prep>
                    <s lem="de" pos="sps00" postype="preposition" wd="de"/>
                  </prep>
                  <sn coord="yes">
                    <sn>
                      <spec gen="f" num="s">
                        <d gen="f" lem="el" num="s" pos="da0fs0" postype="article" wd="la"/>
                      </spec>
                      <grup.nom gen="f" num="s">
                        <n gen="f" lem="educación" lexicalid="noun.educación.1.default" num="s" origin="deverbal" pos="ncfs000" postype="common" sense="16:00731545" wd="educación"/>
                      </grup.nom>
                      <f lem="," pos="fc" punct="comma" wd=","/>
                    </sn>
                    <conj conjunctiontype="coordinating">
                      <c lem="esto_es" pos="cc" postype="coordinating" wd="esto_es"/>
                    </conj>
                    <sn coord="yes">
                      <f lem="," pos="fc" punct="comma" wd=","/>
                      <sn>
                        <spec gen="f" num="s">
                          <d gen="f" lem="el" num="s" pos="da0fs0" postype="article" wd="la"/>
                        </spec>
                        <grup.nom gen="f" num="s">
                          <n gen="f" lem="alfabetización" lexicalid="noun.alfabetización.1.default" num="s" origin="deverbal" pos="ncfs000" postype="common" sense="16:00652375" wd="alfabetización"/>
                        </grup.nom>
                      </sn>
                      <conj conjunctiontype="coordinating">
                        <c lem="o" pos="cc" postype="coordinating" wd="o"/>
                      </conj>
                      <sn>
                        <spec gen="f" num="s">
                          <d gen="f" lem="el" num="s" pos="da0fs0" postype="article" wd="la"/>
                        </spec>
                        <grup.nom gen="f" num="s">
                          <n gen="f" lem="obligatoriedad" num="s" pos="ncfs000" postype="common" sense="16:50004553" wd="obligatoriedad"/>
                          <s.a gen="f" num="s">
                            <grup.a gen="f" num="s">
                              <a gen="c" lem="escolar" num="s" pos="aq0cs0" postype="qualificative" wd="escolar"/>
                            </grup.a>
                          </s.a>
                        </grup.nom>
                      </sn>
                    </sn>
                  </sn>
                </sp>
              </grup.nom>
            </sn>
          </sp>
        </grup.nom>
      </sn>
    </sp>
    <f lem="." pos="fp" punct="period" wd="."/>
  </sentence>
  <sentence>
    <S>
      <conj conjunctiontype="coordinating" func="et">
        <c lem="y" pos="cc" postype="coordinating" wd="Y"/>
      </conj>
      <neg func="mod">
        <r lem="no" pos="rn" postype="negative" wd="no"/>
      </neg>
      <grup.verb>
        <v lem="ser" lss="C21.state-attributive" mood="indicative" num="s" person="3" pos="vsip3s0" postype="semiauxiliary" tense="present" wd="es"/>
      </grup.verb>
      <S arg="arg2" clausetype="completive" func="atr" tem="atr">
        <conj conjunctiontype="subordinating">
          <c lem="que" pos="cs" postype="subordinating" wd="que"/>
        </conj>
        <sp arg="argM" func="cc" tem="loc">
          <prep>
            <s lem="en" pos="sps00" postype="preposition" wd="en"/>
          </prep>
          <sn>
            <spec gen="m" num="p">
              <d gen="m" lem="el" num="p" pos="da0mp0" postype="article" wd="los"/>
            </spec>
            <grup.nom gen="m" num="p">
              <n gen="m" lem="país" num="p" pos="ncmp000" postype="common" sense="16:06299747" wd="países"/>
              <s.a coord="yes" gen="m" num="p">
                <s.a gen="m" num="p">
                  <grup.a gen="m" num="p">
                    <a gen="c" lem="occidental" num="p" pos="aq0cp0" postype="qualificative" wd="occidentales"/>
                  </grup.a>
                </s.a>
                <conj conjunctiontype="coordinating">
                  <c lem="o" pos="cc" postype="coordinating" wd="o"/>
                </conj>
                <sp>
                  <prep>
                    <s lem="de" pos="sps00" postype="preposition" wd="de"/>
                  </prep>
                  <sn>
                    <grup.nom gen="m" num="s">
                      <n gen="m" lem="sistema" num="s" pos="ncms000" postype="common" sense="16:04377619" wd="sistema"/>
                      <s.a gen="m" num="s">
                        <grup.a gen="m" num="s">
                          <a gen="c" lem="capitalista" num="s" pos="aq0cs0" postype="qualificative" wd="capitalista"/>
                        </grup.a>
                      </s.a>
                    </grup.nom>
                  </sn>
                </sp>
              </s.a>
            </grup.nom>
          </sn>
        </sp>
        <grup.verb>
          <v lem="ser" lss="C21.state-attributive" mood="subjunctive" num="p" person="3" pos="vssi3p0" postype="semiauxiliary" tense="imperfect" wd="fueran"/>
        </grup.verb>
        <sa arg="arg2" func="atr" tem="atr">
          <spec>
            <r lem="mucho" pos="rg" wd="mucho"/>
          </spec>
          <grup.a>
            <a gen="c" lem="mejor" num="s" pos="aq0cs0" postype="qualificative" wd="mejor"/>
          </grup.a>
        </sa>
        <sn arg="arg1" func="suj" tem="tem">
          <spec gen="f" num="p">
            <d gen="f" lem="el" num="p" pos="da0fp0" postype="article" wd="las"/>
          </spec>
          <grup.nom gen="f" num="p">
            <n gen="f" lem="cosa" num="p" pos="ncfp000" postype="common" sense="16:05437110" wd="cosas"/>
          </grup.nom>
        </sn>
        <sp arg="argM" func="cc" tem="cau">
          <prep>
            <s lem="por" pos="sps00" postype="preposition" wd="por"/>
          </prep>
          <S clausetype="completive" impersonal="yes">
            <infinitiu>
              <v lem="ser" lss="C21.state-attributive" mood="infinitive" pos="vsn0000" postype="semiauxiliary" wd="ser"/>
            </infinitiu>
            <sa arg="arg2" func="atr" tem="atr">
              <grup.a>
                <a gen="c" lem="diferente" num="p" pos="aq0cp0" postype="qualificative" wd="diferentes"/>
              </grup.a>
            </sa>
            <sn arg="arg1" func="suj" tem="tem">
              <spec gen="m" num="p">
                <d gen="m" lem="el" num="p" pos="da0mp0" postype="article" wd="los"/>
              </spec>
              <grup.nom gen="m" num="p">
                <n gen="m" lem="planteamiento" lexicalid="noun.planteamiento.1.default" num="p" origin="deverbal" pos="ncmp000" postype="common" sense="16:cs1" wd="planteamientos"/>
              </grup.nom>
            </sn>
          </S>
        </sp>
      </S>
    </S>
    <S adjunct="yes">
      <f lem=":" pos="fd" punct="colon" wd=":"/>
      <sn arg="arg1" func="suj" tem="tem">
        <spec gen="f" num="p">
          <d gen="f" lem="el" num="p" pos="da0fp0" postype="article" wd="las"/>
        </spec>
        <grup.nom gen="f" num="p">
          <n gen="f" lem="reivindicación" lexicalid="noun.reivindicación.1.default" num="p" origin="deverbal" pos="ncfp000" postype="common" sense="16:05387341" wd="reivindicaciones"/>
          <sp arg="arg0" func="cn" tem="agt">
            <prep>
              <s lem="de" pos="sps00" postype="preposition" wd="de"/>
            </prep>
            <sn>
              <spec gen="m" num="p">
                <d gen="m" lem="el" num="p" pos="da0mp0" postype="article" wd="los"/>
              </spec>
              <grup.nom gen="m" num="p">
                <n gen="m" lem="trabajador" num="p" pos="ncmp000" postype="common" sense="16:06957738" wd="trabajadores"/>
              </grup.nom>
            </sn>
          </sp>
        </grup.nom>
      </sn>
      <grup.verb>
        <v lem="ser" lss="C21.state-attributive" mood="indicative" num="p" person="3" pos="vsis3p0" postype="semiauxiliary" tense="past" wd="fueron"/>
      </grup.verb>
      <sadv arg="argM" func="cc" tem="adv">
        <grup.adv>
          <r lem="esencialmente" pos="rg" wd="esencialmente"/>
        </grup.adv>
      </sadv>
      <sp arg="arg2" coord="yes" func="atr" tem="atr">
        <sp>
          <prep>
            <s lem="de" pos="sps00" postype="preposition" wd="de"/>
          </prep>
          <sn>
            <grup.nom gen="m" num="s">
              <n gen="m" lem="salario" num="s" pos="ncms000" postype="common" sense="16:09556237" wd="salario"/>
            </grup.nom>
          </sn>
        </sp>
        <conj conjunctiontype="coordinating">
          <c lem="y" pos="cc" postype="coordinating" wd="y"/>
        </conj>
        <sp>
          <prep>
            <s lem="de" pos="sps00" postype="preposition" wd="de"/>
          </prep>
          <sn>
            <grup.nom gen="m" num="s">
              <n gen="m" lem="horario" num="s" pos="ncms000" postype="common" sense="16:04874965" wd="horario"/>
            </grup.nom>
          </sn>
        </sp>
      </sp>
    </S>
    <f lem="." pos="fp" punct="period" wd="."/>
  </sentence>
  <sentence>
    <conj conjunctiontype="coordinating" func="et">
      <c lem="pero" pos="cc" postype="coordinating" wd="Pero"/>
    </conj>
    <sn arg="arg0" func="suj" tem="agt">
      <grup.nom discid="1n" gen="m" num="s">
        <p gen="c" lem="nadie" num="s" pos="pi0cs000" postype="indefinite" wd="nadie"/>
      </grup.nom>
    </sn>
    <morfema.pronominal>
      <p gen="c" lem="él" num="c" person="3" pos="p0300000" wd="se"/>
    </morfema.pronominal>
    <grup.verb>
      <v lem="plantear" lss="A21.transitive-agentive-patient" mood="indicative" num="s" person="3" pos="vmis3s0" postype="main" tense="past" wd="planteó"/>
    </grup.verb>
    <sn discid="1c">
      <f lem="-" pos="fg" punct="hyphen" wd="-"/>
      <sadv>
        <grup.adv>
          <r lem="ni_siquiera" pos="rg" wd="ni_siquiera"/>
        </grup.adv>
      </sadv>
      <sn>
        <spec gen="m" num="p">
          <d gen="m" lem="el" num="p" pos="da0mp0" postype="article" wd="los"/>
        </spec>
        <grup.nom gen="m" num="p">
          <n gen="m" lem="sindicato" num="p" pos="ncmp000" postype="common" sense="16:06112041" wd="sindicatos"/>
          <sp>
            <prep>
              <s lem="de" pos="sps00" postype="preposition" wd="de"/>
            </prep>
            <sn>
              <spec gen="f" num="s">
                <d gen="f" lem="el" num="s" pos="da0fs0" postype="article" wd="la"/>
              </spec>
              <grup.nom gen="f" num="s">
                <n gen="f" lem="época" num="s" pos="ncfs000" postype="common" sense="16:10955141" wd="época"/>
              </grup.nom>
            </sn>
          </sp>
        </grup.nom>
      </sn>
      <f lem="-" pos="fg" punct="hyphen" wd="-"/>
    </sn>
    <sn arg="arg1" func="cd" tem="pat">
      <spec gen="f" num="s">
        <d gen="f" lem="uno" num="s" pos="di0fs0" postype="indefinite" wd="una"/>
      </spec>
      <grup.nom gen="f" num="s">
        <n gen="f" lem="política" num="s" pos="ncfs000" postype="common" sense="16:04991678" wd="política"/>
        <sp>
          <prep>
            <s contracted="yes" gen="m" lem="del" num="s" pos="spcms" postype="preposition" wd="del"/>
          </prep>
          <sn>
            <grup.nom gen="m" num="s">
              <n gen="m" lem="tiempo" num="s" pos="ncms000" postype="common" sense="16:00015594" wd="tiempo"/>
              <s.a gen="m" num="s">
                <grup.a gen="m" num="s">
                  <a gen="c" lem="libre" num="s" pos="aq0cs0" postype="qualificative" wd="libre"/>
                </grup.a>
              </s.a>
            </grup.nom>
          </sn>
        </sp>
      </grup.nom>
    </sn>
    <f lem="." pos="fp" punct="period" wd="."/>
  </sentence>
  <sentence>
    <S>
      <sn arg="arg0" entityref="ne" func="suj" ne="person" tem="agt">
        <grup.nom gen="m" num="s">
          <n lem="Pierre_Emmanuel" ne="person" pos="np0000p" postype="proper" sense="16:cs1" wd="Pierre_Emmanuel"/>
          <sn entityref="ne" ne="person">
            <f lem="," pos="fc" punct="comma" wd=","/>
            <grup.nom gen="m" num="s">
              <n gen="m" lem="presidente" num="s" pos="ncms000" postype="common" sense="16:07496197" wd="presidente"/>
              <sp>
                <prep>
                  <s lem="de" pos="sps00" postype="preposition" wd="de"/>
                </prep>
                <sn entityref="ne" ne="organization">
                  <spec gen="f" num="s">
                    <d gen="f" lem="el" num="s" pos="da0fs0" postype="article" wd="la"/>
                  </spec>
                  <grup.nom gen="f" num="s">
                    <n lem="Comisión_de_Asuntos_Culturales_del_VI_plan_francés" ne="organization" pos="np0000o" postype="proper" sense="16:cs1" wd="Comisión_de_Asuntos_Culturales_del_VI_plan_francés"/>
                  </grup.nom>
                </sn>
              </sp>
            </grup.nom>
            <f lem="," pos="fc" punct="comma" wd=","/>
          </sn>
        </grup.nom>
      </sn>
      <sn arg="arg1" func="cd" tem="pat">
        <grup.nom gen="m" num="s">
          <p case="accusative" gen="m" lem="él" num="s" person="3" pos="pp3msa00" postype="personal" wd="lo"/>
        </grup.nom>
      </sn>
      <grup.verb>
        <v lem="explicar" lss="A32.ditransitive-patient-benefactive" mood="indicative" num="s" person="3" pos="vmii3s0" postype="main" tense="imperfect" wd="explicaba"/>
      </grup.verb>
      <sp arg="argM" func="cc" tem="tmp">
        <prep>
          <s lem="en" pos="sps00" postype="preposition" wd="en"/>
        </prep>
        <sn entityref="ne" ne="date">
          <grup.nom>
            <w lem="[??:??/??/1971:??.??]" ne="date" wd="1971"/>
          </grup.nom>
        </sn>
      </sp>
      <sp arg="argM" func="cc" tem="mnr">
        <prep>
          <s lem="con" pos="sps00" postype="preposition" wd="con"/>
        </prep>
        <sn>
          <spec gen="f" num="s">
            <d gen="f" lem="todo" num="s" pos="di0fs0" postype="indefinite" wd="toda"/>
          </spec>
          <grup.nom gen="f" num="s">
            <n gen="f" lem="crudeza" num="s" pos="ncfs000" postype="common" sense="16:10381848" wd="crudeza"/>
          </grup.nom>
        </sn>
      </sp>
    </S>
    <S adjunct="yes" coord="yes">
      <f lem=":" pos="fd" punct="colon" wd=":"/>
      <f lem="-" pos="fg" punct="hyphen" wd="-"/>
      <sp arg="argM" func="cc" tem="tmp">
        <prep>
          <s lem="en" pos="sps00" postype="preposition" wd="En"/>
        </prep>
        <sn entityref="ne" ne="date">
          <grup.nom>
            <w lem="[??:??/??/1930:??.??]" ne="date" wd="1930"/>
          </grup.nom>
        </sn>
      </sp>
      <S arg="argM" clausetype="adverbial" func="cc" tem="tmp">
        <f lem="," pos="fc" punct="comma" wd=","/>
        <conj conjunctiontype="subordinating">
          <c lem="cuando" pos="cs" postype="subordinating" wd="cuando"/>
        </conj>
        <sn arg="arg0" func="suj" tem="agt">
          <spec gen="m" num="p">
            <d gen="m" lem="el" num="p" pos="da0mp0" postype="article" wd="los"/>
          </spec>
          <grup.nom gen="m" num="p">
            <n gen="m" lem="obrero" num="p" pos="ncmp000" postype="common" sense="16:07505214" wd="obreros"/>
          </grup.nom>
        </sn>
        <grup.verb>
          <v lem="conquistar" lss="A21.transitive-agentive-patient" mood="indicative" num="p" person="3" pos="vmis3p0" postype="main" tense="past" wd="conquistaron"/>
        </grup.verb>
        <sn arg="arg1" func="cd" tem="pat">
          <spec gen="m" num="s">
            <d gen="m" lem="el" num="s" pos="da0ms0" postype="article" wd="el"/>
          </spec>
          <grup.nom gen="m" num="s">
            <n gen="m" lem="derecho" num="s" pos="ncms000" postype="common" sense="16:04030305" wd="derecho"/>
            <sp>
              <prep>
                <s lem="a" pos="sps00" postype="preposition" wd="a"/>
              </prep>
              <sn>
                <spec gen="f" num="p">
                  <d gen="f" lem="el" num="p" pos="da0fp0" postype="article" wd="las"/>
                </spec>
                <grup.nom gen="f" num="p">
                  <n gen="f" lem="vacaciones" num="p" pos="ncfp000" postype="common" sense="16:10863595" wd="vacaciones"/>
                  <S clausetype="participle" impersonal="yes">
                    <participi>
                      <a gen="f" lem="pagado" num="p" pos="aq0fpp" posfunction="participle" postype="qualificative" wd="pagadas"/>
                    </participi>
                  </S>
                </grup.nom>
              </sn>
            </sp>
          </grup.nom>
        </sn>
        <f lem="," pos="fc" punct="comma" wd=","/>
      </S>
      <S coord="yes">
        <S>
          <neg func="mod">
            <r lem="no" pos="rn" postype="negative" wd="no"/>
          </neg>
          <grup.verb>
            <v lem="cambiar" lss="B21.unaccusative-state" mood="indicative" num="s" person="3" pos="vmis3s0" postype="main" tense="past" wd="cambió"/>
          </grup.verb>
          <sadv arg="argM" func="cc" tem="mnr">
            <grup.adv>
              <r lem="esencialmente" pos="rg" wd="esencialmente"/>
            </grup.adv>
          </sadv>
          <sn arg="arg1" func="suj" tem="tem">
            <spec gen="f" num="s">
              <d gen="c" lem="su" num="s" person="3" pos="dp3cs0" postype="possessive" wd="su"/>
            </spec>
            <grup.nom gen="f" num="s">
              <n gen="f" lem="condición" num="s" pos="ncfs000" postype="common" sense="16:10031939" wd="condición"/>
            </grup.nom>
          </sn>
          <f lem="," pos="fc" punct="comma" wd=","/>
        </S>
        <conj conjunctiontype="coordinating">
          <c lem="sino_que" pos="cc" postype="coordinating" wd="sino_que"/>
        </conj>
        <S>
          <morfema.pronominal>
            <p gen="c" lem="él" num="c" person="3" pos="p0300000" wd="se"/>
          </morfema.pronominal>
          <grup.verb>
            <v lem="producir" lss="B11.unaccusative-motion" mood="indicative" num="s" person="3" pos="vmis3s0" postype="main" tense="past" wd="produjo"/>
          </grup.verb>
          <sn arg="arg1" func="suj" tem="tem">
            <spec gen="f" num="s">
              <d gen="f" lem="uno" num="s" pos="di0fs0" postype="indefinite" wd="una"/>
            </spec>
            <grup.nom gen="f" num="s">
              <n gen="f" lem="grieta" num="s" pos="ncfs000" postype="common" sense="16:06699238" wd="grieta"/>
              <S clausetype="relative">
                <f lem="," pos="fc" punct="comma" wd=","/>
                <relatiu arg="arg1" func="suj" tem="tem">
                  <p gen="c" lem="que" num="c" pos="pr0cn000" postype="relative" wd="que"/>
                </relatiu>
                <sp arg="argM" func="cc" tem="tmp">
                  <prep>
                    <s lem="desde" pos="sps00" postype="preposition" wd="desde"/>
                  </prep>
                  <sadv>
                    <grup.adv>
                      <r lem="entonces" pos="rg" wd="entonces"/>
                    </grup.adv>
                  </sadv>
                </sp>
                <neg func="mod">
                  <r lem="no" pos="rn" postype="negative" wd="no"/>
                </neg>
                <grup.verb>
                  <v lem="haber" mood="indicative" num="s" person="3" pos="vaip3s0" postype="auxiliary" tense="present" wd="ha"/>
                  <v gen="m" lem="dejar" mood="participle" num="s" pos="vmp00sm" postype="main" wd="dejado"/>
                  <s lem="de" pos="sps00" postype="preposition" wd="de"/>
                  <infinitiu>
                    <v lem="ampliar" lss="B21.unaccusative-state" mood="infinitive" pos="vmn0000" postype="main" wd="ampliarse"/>
                  </infinitiu>
                </grup.verb>
                <f lem="," pos="fc" punct="comma" wd=","/>
              </S>
            </grup.nom>
          </sn>
          <sp arg="argM" func="cc" tem="adv">
            <prep>
              <s lem="entre" pos="sps00" postype="preposition" wd="entre"/>
            </prep>
            <sn>
              <spec gen="f" num="p">
                <d gen="c" lem="dos" num="p" pos="dn0cp0" postype="numeral" wd="dos"/>
              </spec>
              <grup.nom gen="f" num="p">
                <n gen="f" lem="forma" num="p" pos="ncfp000" postype="common" sense="16:00111872" wd="formas"/>
                <sp>
                  <prep>
                    <s lem="de" pos="sps00" postype="preposition" wd="de"/>
                  </prep>
                  <sn>
                    <grup.nom gen="m" num="s">
                      <n gen="m" lem="tiempo" num="s" pos="ncms000" postype="common" sense="16:00015594" wd="tiempo"/>
                    </grup.nom>
                  </sn>
                </sp>
                <sn complex="yes">
                  <f lem=":" pos="fd" punct="colon" wd=":"/>
                  <grup.nom coord="yes">
                    <grup.nom coord="yes">
                      <grup.nom gen="m" num="s">
                        <n gen="m" lem="trabajo" lexicalid="noun.trabajo.1.default" num="s" origin="deverbal" pos="ncms000" postype="common" sense="16:00377835" wd="trabajo"/>
                      </grup.nom>
                      <conj conjunctiontype="coordinating">
                        <c lem="y" pos="cc" postype="coordinating" wd="y"/>
                      </conj>
                      <grup.nom gen="m" num="s">
                        <n gen="m" lem="tiempo" num="s" pos="ncms000" postype="common" sense="16:00015594" wd="tiempo"/>
                        <s.a gen="f" num="s">
                          <grup.a gen="f" num="s">
                            <a gen="c" lem="libre" num="s" pos="aq0cs0" postype="qualificative" wd="libre"/>
                          </grup.a>
                        </s.a>
                      </grup.nom>
                    </grup.nom>
                    <f lem="," pos="fc" punct="comma" wd=","/>
                    <grup.nom coord="yes">
                      <grup.nom gen="m" num="s">
                        <n gen="m" lem="tiempo" num="s" pos="ncms000" postype="common" sense="16:00015594" wd="tiempo"/>
                        <sp>
                          <prep>
                            <s lem="de" pos="sps00" postype="preposition" wd="de"/>
                          </prep>
                          <sn>
                            <grup.nom gen="f" num="s">
                              <n gen="f" lem="servidumbre" num="s" pos="ncfs000" postype="common" sense="16:10084274" wd="servidumbre"/>
                            </grup.nom>
                          </sn>
                        </sp>
                      </grup.nom>
                      <conj conjunctiontype="coordinating">
                        <c lem="y" pos="cc" postype="coordinating" wd="y"/>
                      </conj>
                      <grup.nom gen="m" num="s">
                        <n gen="m" lem="tiempo" num="s" pos="ncms000" postype="common" sense="16:00015594" wd="tiempo"/>
                        <sp>
                          <prep>
                            <s lem="de" pos="sps00" postype="preposition" wd="de"/>
                          </prep>
                          <sn>
                            <grup.nom gen="m" num="s">
                              <n gen="m" lem="ocio" num="s" pos="ncms000" postype="common" sense="16:00689161" wd="ocio"/>
                            </grup.nom>
                          </sn>
                        </sp>
                      </grup.nom>
                    </grup.nom>
                  </grup.nom>
                </sn>
              </grup.nom>
            </sn>
          </sp>
        </S>
      </S>
    </S>
    <f lem="." pos="fp" punct="period" wd="."/>
  </sentence>
  <sentence coord="yes">
    <S verbless="yes">
      <sn>
        <grup.nom gen="f" num="s">
          <s.a func="cn" gen="f" num="s">
            <grup.a gen="f" num="s">
              <a gen="f" lem="peligroso" num="s" pos="aq0fs0" postype="qualificative" wd="Peligrosa"/>
            </grup.a>
          </s.a>
          <n gen="f" lem="ruptura" lexicalid="noun.ruptura.1.default" num="s" origin="deverbal" pos="ncfs000" postype="common" sense="16:00247097" wd="ruptura"/>
          <S clausetype="participle" func="cn" impersonal="yes">
            <f lem="," pos="fc" punct="comma" wd=","/>
            <participi>
              <a gen="f" lem="agravado" lss="B22.unaccusative-passive-transitive" num="s" pos="aq0fsp" posfunction="participle" postype="qualificative" wd="agravada"/>
            </participi>
            <sp arg="arg0" func="cag" tem="agt">
              <prep>
                <s lem="por" pos="sps00" postype="preposition" wd="por"/>
              </prep>
              <sn>
                <spec gen="m" num="s">
                  <d gen="m" lem="el" num="s" pos="da0ms0" postype="article" wd="el"/>
                </spec>
                <grup.nom gen="m" num="s">
                  <n gen="m" lem="hecho" lexicalid="noun.hecho.2.default" num="s" origin="deverbal" pos="ncms000" postype="common" sense="16:05432762" wd="hecho"/>
                  <sp arg="arg1" func="cn" tem="pat">
                    <prep>
                      <s lem="de" pos="sps00" postype="preposition" wd="de"/>
                    </prep>
                    <S clausetype="completive" coord="yes">
                      <conj conjunctiontype="subordinating">
                        <c lem="que" pos="cs" postype="subordinating" wd="que"/>
                      </conj>
                      <S clausetype="completive">
                        <sn arg="arg1" func="suj" tem="tem">
                          <spec gen="m" num="s">
                            <d gen="m" lem="el" num="s" pos="da0ms0" postype="article" wd="el"/>
                          </spec>
                          <grup.nom gen="m" num="s">
                            <n gen="m" lem="tiempo" num="s" pos="ncms000" postype="common" sense="16:00015594" wd="tiempo"/>
                            <s.a gen="m" num="s">
                              <grup.a gen="m" num="s">
                                <a gen="c" lem="libre" num="s" pos="aq0cs0" postype="qualificative" wd="libre"/>
                              </grup.a>
                            </s.a>
                          </grup.nom>
                        </sn>
                        <grup.verb>
                          <v lem="llegar" mood="indicative" num="s" person="3" pos="vmic3s0" postype="main" tense="conditional" wd="llegaría"/>
                          <s lem="a" pos="sps00" postype="preposition" wd="a"/>
                          <infinitiu>
                            <v lem="ser" lss="C21.state-attributive" mood="infinitive" pos="vsn0000" postype="semiauxiliary" wd="ser"/>
                          </infinitiu>
                        </grup.verb>
                        <sn arg="arg2" func="atr" tem="atr">
                          <grup.nom gen="m" num="s">
                            <n gen="m" lem="objeto" num="s" pos="ncms000" postype="common" sense="16:04950638" wd="objeto"/>
                            <sp>
                              <prep>
                                <s lem="de" pos="sps00" postype="preposition" wd="de"/>
                              </prep>
                              <sn>
                                <spec gen="f" num="s">
                                  <d gen="f" lem="el" num="s" pos="da0fs0" postype="article" wd="la"/>
                                </spec>
                                <grup.nom gen="f" num="s">
                                  <n gen="f" lem="codicia" num="s" pos="ncfs000" postype="common" sense="16:03789796" wd="codicia"/>
                                  <sp>
                                    <prep>
                                      <s lem="de" pos="sps00" postype="preposition" wd="de"/>
                                    </prep>
                                    <sn>
                                      <spec gen="m" num="p">
                                        <d gen="m" lem="el" num="p" pos="da0mp0" postype="article" wd="los"/>
                                      </spec>
                                      <grup.nom gen="m" num="p">
                                        <n gen="m" lem="mercader" num="p" pos="ncmp000" postype="common" sense="16:07405825" wd="mercaderes"/>
                                        <sp>
                                          <prep>
                                            <s contracted="yes" gen="m" lem="del" num="s" pos="spcms" postype="preposition" wd="del"/>
                                          </prep>
                                          <sn>
                                            <grup.nom gen="m" num="s">
                                              <n gen="m" lem="ocio" num="s" pos="ncms000" postype="common" sense="16:10863399" wd="ocio"/>
                                            </grup.nom>
                                          </sn>
                                        </sp>
                                      </grup.nom>
                                    </sn>
                                  </sp>
                                </grup.nom>
                              </sn>
                            </sp>
                          </grup.nom>
                        </sn>
                      </S>
                      <f lem="," pos="fc" punct="comma" wd=","/>
                      <S clausetype="completive">
                        <sn arg="arg1" elliptic="yes" func="suj" tem="tem"/>
                        <grup.verb>
                          <v lem="llegar" mood="indicative" num="s" person="3" pos="vmic3s0" postype="main" tense="conditional" wd="llegaría"/>
                          <s lem="a" pos="sps00" postype="preposition" wd="a"/>
                          <infinitiu>
                            <v lem="ser" lss="C21.state-attributive" mood="infinitive" pos="vsn0000" postype="semiauxiliary" wd="ser"/>
                          </infinitiu>
                        </grup.verb>
                        <sa arg="arg2" func="atr" tem="atr">
                          <sa>
                            <grup.a>
                              <a gen="m" lem="alienador" num="s" pos="aq0ms0" postype="qualificative" wd="alienador"/>
                              <sp>
                                <prep>
                                  <s contracted="yes" gen="m" lem="del" num="s" pos="spcms" postype="preposition" wd="del"/>
                                </prep>
                                <sn>
                                  <spec gen="m" num="s">
                                    <d gen="m" lem="mismo" num="s" pos="di0ms0" postype="indefinite" wd="mismo"/>
                                  </spec>
                                  <grup.nom gen="m" num="s">
                                    <n gen="m" lem="modo" num="s" pos="ncms000" postype="common" sense="16:00111872" wd="modo"/>
                                  </grup.nom>
                                </sn>
                              </sp>
                            </grup.a>
                          </sa>
                          <S adjunct="yes" clausesubtype="comparative" clausetype="adverbial">
                            <conj conjunctiontype="subordinating">
                              <c lem="que" pos="cs" postype="subordinating" wd="que"/>
                            </conj>
                            <sn arg="arg2" func="atr" tem="atr">
                              <grup.nom>
                                <p case="accusative" gen="c" lem="él" num="c" person="3" pos="pp3cna00" postype="personal" wd="lo"/>
                              </grup.nom>
                            </sn>
                            <grup.verb>
                              <v lem="ser" lss="C21.state-attributive" mood="indicative" num="s" person="3" pos="vsip3s0" postype="semiauxiliary" tense="present" wd="es"/>
                            </grup.verb>
                            <sn arg="arg1" func="suj" tem="tem">
                              <spec gen="m" num="s">
                                <d gen="m" lem="el" num="s" pos="da0ms0" postype="article" wd="el"/>
                              </spec>
                              <grup.nom gen="m" num="s">
                                <n gen="m" lem="tiempo" num="s" pos="ncms000" postype="common" sense="16:00015594" wd="tiempo"/>
                                <sp>
                                  <prep>
                                    <s lem="de" pos="sps00" postype="preposition" wd="de"/>
                                  </prep>
                                  <sn>
                                    <grup.nom gen="f" num="s">
                                      <n gen="f" lem="servidumbre" num="s" pos="ncfs000" postype="common" sense="16:10084274" wd="servidumbre"/>
                                    </grup.nom>
                                  </sn>
                                </sp>
                              </grup.nom>
                            </sn>
                            <sp arg="argM" func="cc" tem="cau">
                              <prep>
                                <s lem="por" pos="sps00" postype="preposition" wd="por"/>
                              </prep>
                              <sn>
                                <spec gen="m" num="s">
                                  <d gen="m" lem="el" num="s" pos="da0ms0" postype="article" wd="el"/>
                                </spec>
                                <grup.nom gen="m" num="s">
                                  <n gen="m" lem="sistema" num="s" pos="ncms000" postype="common" sense="16:04536899" wd="sistema"/>
                                  <sp>
                                    <prep>
                                      <s contracted="yes" gen="m" lem="del" num="s" pos="spcms" postype="preposition" wd="del"/>
                                    </prep>
                                    <sn>
                                      <grup.nom gen="m" num="s">
                                        <n gen="m" lem="lucro" num="s" pos="ncms000" postype="common" sense="16:09541448" wd="lucro"/>
                                      </grup.nom>
                                    </sn>
                                  </sp>
                                </grup.nom>
                              </sn>
                            </sp>
                          </S>
                        </sa>
                      </S>
                    </S>
                  </sp>
                </grup.nom>
              </sn>
            </sp>
          </S>
        </grup.nom>
      </sn>
    </S>
    <f lem=";" pos="fx" punct="semicolon" wd=";"/>
    <S>
      <sp arg="argM" func="cc" tem="mnr">
        <prep>
          <s lem="de" pos="sps00" postype="preposition" wd="de"/>
        </prep>
        <sn>
          <grup.nom gen="m" num="s">
            <n gen="m" lem="modo" num="s" pos="ncms000" postype="common" sense="16:00111872" wd="modo"/>
            <s.a gen="m" num="s">
              <grup.a gen="m" num="s">
                <a gen="c" lem="sutil" num="s" pos="aq0cs0" postype="qualificative" wd="sutil"/>
              </grup.a>
            </s.a>
          </grup.nom>
        </sn>
      </sp>
      <sn arg="arg1" func="suj" tem="tem">
        <spec gen="m" num="s">
          <d gen="m" lem="el" num="s" pos="da0ms0" postype="article" wd="el"/>
        </spec>
        <grup.nom gen="m" num="s">
          <n gen="m" lem="tiempo" num="s" pos="ncms000" postype="common" sense="16:00015594" wd="tiempo"/>
          <s.a gen="m" num="s">
            <grup.a gen="m" num="s">
              <a gen="c" lem="libre" num="s" pos="aq0cs0" postype="qualificative" wd="libre"/>
            </grup.a>
          </s.a>
        </grup.nom>
      </sn>
      <morfema.pronominal>
        <p gen="c" lem="él" num="c" person="3" pos="p0300000" wd="se"/>
      </morfema.pronominal>
      <grup.verb>
        <v lem="convertir" lss="B21.unaccusative-state" mood="indicative" num="s" person="3" pos="vmii3s0" postype="main" tense="imperfect" wd="convertía"/>
      </grup.verb>
      <sp arg="arg2" func="creg" tem="efi">
        <prep>
          <s lem="en" pos="sps00" postype="preposition" wd="en"/>
        </prep>
        <sn>
          <spec gen="f" num="s">
            <d gen="f" lem="otro" num="s" pos="di0fs0" postype="indefinite" wd="otra"/>
          </spec>
          <grup.nom gen="f" num="s">
            <n gen="f" lem="especie" num="s" pos="ncfs000" postype="common" sense="16:04500860" wd="especie"/>
            <sp>
              <prep>
                <s lem="de" pos="sps00" postype="preposition" wd="de"/>
              </prep>
              <sn>
                <grup.nom gen="m" num="s">
                  <n gen="m" lem="trabajo" lexicalid="noun.trabajo.2.default" num="s" origin="deverbal" pos="ncms000" postype="common" sense="16:00377835" wd="trabajo"/>
                  <sp arg="argM" func="cn" tem="mnr">
                    <prep>
                      <s lem="en" pos="sps00" postype="preposition" wd="en"/>
                    </prep>
                    <sn>
                      <grup.nom gen="f" num="s">
                        <n gen="f" lem="cadena" num="s" pos="ncfs000" postype="common" sense="16:06247825" wd="cadena"/>
                      </grup.nom>
                    </sn>
                  </sp>
                </grup.nom>
              </sn>
            </sp>
          </grup.nom>
        </sn>
      </sp>
    </S>
    <f lem="." pos="fp" punct="period" wd="."/>
  </sentence>
  <sentence>
    <sn arg="arg1" func="suj" tem="tem">
      <spec gen="f" num="s">
        <d gen="f" lem="cierto" num="s" pos="di0fs0" postype="indefinite" wd="Cierta"/>
      </spec>
      <grup.nom gen="f" num="s">
        <n gen="f" lem="idea" lexicalid="noun.idea.1.default" num="s" origin="deverbal" pos="ncfs000" postype="common" sense="16:04492484" wd="idea"/>
        <s.a func="cn" gen="f" num="s">
          <grup.a gen="f" num="s">
            <a gen="f" lem="metafísico" num="s" pos="aq0fs0" postype="qualificative" wd="metafísica"/>
          </grup.a>
        </s.a>
        <sp arg="arg1" func="cn" tem="pat">
          <prep>
            <s contracted="yes" gen="m" lem="del" num="s" pos="spcms" postype="preposition" wd="del"/>
          </prep>
          <sn>
            <grup.nom gen="m" num="s">
              <n gen="m" lem="trabajo" lexicalid="noun.trabajo.1.default" num="s" origin="deverbal" pos="ncms000" postype="common" sense="16:00383807" wd="trabajo"/>
              <sp func="cn">
                <prep>
                  <c lem="como" pos="cs" postype="subordinating" wd="como"/>
                </prep>
                <sn>
                  <grup.nom gen="f" num="s">
                    <n gen="f" lem="ley" num="s" pos="ncfs000" postype="common" sense="16:04519159" wd="ley"/>
                    <s.a gen="f" num="s">
                      <grup.a gen="f" num="s">
                        <a gen="f" lem="supremo" num="s" pos="aq0fs0" postype="qualificative" wd="suprema"/>
                      </grup.a>
                    </s.a>
                  </grup.nom>
                </sn>
              </sp>
            </grup.nom>
          </sn>
        </sp>
      </grup.nom>
    </sn>
    <grup.verb>
      <v lem="triunfar" lss="C11.state-existential" mood="indicative" num="s" person="3" pos="vmip3s0" postype="main" tense="present" wd="triunfa"/>
    </grup.verb>
    <sp arg="argM" func="cc" tem="loc">
      <sadv>
        <grup.adv>
          <r lem="incluso" pos="rg" wd="incluso"/>
        </grup.adv>
      </sadv>
      <sp>
        <prep>
          <s lem="en" pos="sps00" postype="preposition" wd="en"/>
        </prep>
        <sn>
          <spec gen="f" num="p">
            <d gen="f" lem="el" num="p" pos="da0fp0" postype="article" wd="las"/>
          </spec>
          <grup.nom gen="f" num="p">
            <s.a gen="f" num="p">
              <grup.a gen="f" num="p">
                <a gen="f" lem="largo" num="p" pos="aq0fp0" postype="qualificative" wd="largas"/>
              </grup.a>
            </s.a>
            <n gen="f" lem="hilera" num="p" pos="ncfp000" postype="common" sense="16:03429183" wd="hileras"/>
            <sp>
              <prep>
                <s lem="de" pos="sps00" postype="preposition" wd="de"/>
              </prep>
              <sn>
                <grup.nom gen="m" num="p">
                  <n gen="m" lem="vehículo" num="p" pos="ncmp000" postype="common" sense="16:03569523" wd="vehículos"/>
                  <S clausetype="relative">
                    <relatiu arg="arg0" func="suj" tem="agt">
                      <p gen="c" lem="que" num="c" pos="pr0cn000" postype="relative" wd="que"/>
                    </relatiu>
                    <sn arg="argM" func="cc" tem="mnr">
                      <f lem="," pos="fc" punct="comma" wd=","/>
                      <grup.nom gen="m" num="s">
                        <n gen="m" lem="parachoques" num="c" pos="ncmn000" postype="common" sense="16:02352536" wd="parachoques"/>
                        <sp>
                          <prep>
                            <s lem="contra" pos="sps00" postype="preposition" wd="contra"/>
                          </prep>
                          <sn>
                            <grup.nom gen="m" num="s">
                              <n gen="m" lem="parachoques" num="c" pos="ncmn000" postype="common" sense="16:02352536" wd="parachoques"/>
                            </grup.nom>
                          </sn>
                        </sp>
                      </grup.nom>
                      <f lem="," pos="fc" punct="comma" wd=","/>
                    </sn>
                    <grup.verb>
                      <v lem="volver" lss="D11.inergative-agentive" mood="indicative" num="p" person="3" pos="vmip3p0" postype="main" tense="present" wd="vuelven"/>
                    </grup.verb>
                    <sp arg="argM" func="cc" tem="tmp">
                      <prep>
                        <s lem="tras" pos="sps00" postype="preposition" wd="tras"/>
                      </prep>
                      <sn>
                        <spec gen="m" num="s">
                          <d gen="m" lem="el" num="s" pos="da0ms0" postype="article" wd="el"/>
                        </spec>
                        <grup.nom gen="m" num="s">
                          <n gen="m" lem="fin" num="s" pos="ncms000" postype="common" sense="16:10966461" wd="fin"/>
                          <sp>
                            <prep>
                              <s lem="de" pos="sps00" postype="preposition" wd="de"/>
                            </prep>
                            <sn>
                              <grup.nom gen="f" num="s">
                                <n gen="f" lem="semana" num="s" pos="ncfs000" postype="common" sense="16:cs1" wd="semana"/>
                              </grup.nom>
                            </sn>
                          </sp>
                        </grup.nom>
                      </sn>
                    </sp>
                  </S>
                </grup.nom>
              </sn>
            </sp>
          </grup.nom>
        </sn>
      </sp>
    </sp>
    <f lem="." pos="fp" punct="period" wd="."/>
  </sentence>
  <sentence coord="yes">
    <f lem="-" pos="fg" punct="hyphen" wd="-"/>
    <S verbless="yes">
      <sadv>
        <grup.adv>
          <r lem="claro" pos="rg" wd="Claro"/>
        </grup.adv>
      </sadv>
      <S clausetype="completive">
        <conj conjunctiontype="subordinating">
          <c lem="que" pos="cs" postype="subordinating" wd="que"/>
        </conj>
        <sp arg="argM" func="cc" tem="tmp">
          <prep>
            <s lem="en" pos="sps00" postype="preposition" wd="en"/>
          </prep>
          <sn entityref="ne" ne="date">
            <grup.nom>
              <w lem="[??:??/??/1930:??.??]" ne="date" wd="1930"/>
            </grup.nom>
          </sn>
        </sp>
        <sn arg="arg0" func="suj" tem="agt">
          <grup.nom gen="m" num="s">
            <p gen="c" lem="nadie" num="s" pos="pi0cs000" postype="indefinite" wd="nadie"/>
          </grup.nom>
        </sn>
        <grup.verb>
          <v lem="imaginar" lss="A21.transitive-agentive-patient" mood="indicative" num="s" person="3" pos="vmii3s0" postype="main" tense="imperfect" wd="imaginaba"/>
        </grup.verb>
        <sn arg="arg1" func="cd" tem="pat">
          <spec gen="m" num="s">
            <d gen="m" lem="uno" num="s" pos="di0ms0" postype="indefinite" wd="un"/>
          </spec>
          <grup.nom gen="m" num="s">
            <n gen="m" lem="desarrollo" lexicalid="noun.desarrollo.1.default" num="s" origin="deverbal" pos="ncms000" postype="common" sense="16:09725434" wd="desarrollo"/>
            <s.a func="cn" gen="m" num="s">
              <spec>
                <r lem="tanto" pos="rg" wd="tan"/>
              </spec>
              <grup.a gen="m" num="s">
                <a gen="c" lem="brutal" num="s" pos="aq0cs0" postype="qualificative" wd="brutal"/>
              </grup.a>
            </s.a>
            <sp arg="arg1" func="cn" tem="tem">
              <prep>
                <s lem="de" pos="sps00" postype="preposition" wd="de"/>
              </prep>
              <sn>
                <spec gen="f" num="s">
                  <d gen="f" lem="el" num="s" pos="da0fs0" postype="article" wd="la"/>
                </spec>
                <grup.nom gen="f" num="s">
                  <n gen="f" lem="sociedad" num="s" pos="ncfs000" postype="common" sense="16:05973283" wd="sociedad"/>
                  <sp>
                    <prep>
                      <s lem="de" pos="sps00" postype="preposition" wd="de"/>
                    </prep>
                    <sn>
                      <grup.nom gen="m" num="s">
                        <n gen="m" lem="consumo" lexicalid="noun.consumo.1.default" num="s" origin="deverbal" pos="ncms000" postype="common" sense="16:09726045" wd="consumo"/>
                      </grup.nom>
                    </sn>
                  </sp>
                </grup.nom>
              </sn>
            </sp>
          </grup.nom>
        </sn>
      </S>
      <f lem=";" pos="fx" punct="semicolon" wd=";"/>
    </S>
    <conj conjunctiontype="coordinating">
      <c lem="pero" pos="cc" postype="coordinating" wd="pero"/>
    </conj>
    <S>
      <sn arg="arg1" func="suj" tem="tem">
        <spec gen="m" num="s">
          <d gen="m" lem="el" num="s" pos="da0ms0" postype="article" wd="el"/>
        </spec>
        <grup.nom gen="m" num="s">
          <n gen="m" lem="hecho" lexicalid="noun.hecho.2.default" num="s" origin="deverbal" pos="ncms000" postype="common" sense="16:05432762" wd="hecho"/>
        </grup.nom>
      </sn>
      <grup.verb>
        <v lem="ser" lss="C21.state-attributive" mood="indicative" num="s" person="3" pos="vsip3s0" postype="semiauxiliary" tense="present" wd="es"/>
      </grup.verb>
      <S arg="arg2" clausetype="completive" func="atr" tem="atr">
        <conj conjunctiontype="subordinating">
          <c lem="que" pos="cs" postype="subordinating" wd="que"/>
        </conj>
        <sn arg="argM" func="cc" tem="tmp">
          <spec gen="m" num="p">
            <d gen="c" lem="veinte" num="p" pos="dn0cp0" postype="numeral" wd="veinte"/>
          </spec>
          <grup.nom gen="m" num="p">
            <n gen="m" lem="año" num="p" pos="ncmp000" postype="common" sense="16:10917509" wd="años"/>
            <sadv>
              <spec>
                <r lem="más" pos="rg" wd="más"/>
              </spec>
              <grup.adv>
                <r lem="tarde" pos="rg" wd="tarde"/>
              </grup.adv>
            </sadv>
          </grup.nom>
        </sn>
        <sp arg="argM" func="cc" tem="loc">
          <prep>
            <s lem="en" pos="sps00" postype="preposition" wd="en"/>
          </prep>
          <sn entityref="ne" ne="location">
            <grup.nom>
              <n lem="Europa" ne="location" pos="np0000l" postype="proper" wd="Europa"/>
            </grup.nom>
          </sn>
        </sp>
        <sn arg="arg1" func="suj" tem="tem">
          <spec gen="m" num="s">
            <d gen="m" lem="el" num="s" pos="da0ms0" postype="article" wd="el"/>
          </spec>
          <grup.nom gen="m" num="s">
            <n gen="m" lem="tiempo" num="s" pos="ncms000" postype="common" sense="16:00015594" wd="tiempo"/>
            <s.a gen="m" num="s">
              <grup.a gen="m" num="s">
                <a gen="c" lem="libre" num="s" pos="aq0cs0" postype="qualificative" wd="libre"/>
              </grup.a>
            </s.a>
          </grup.nom>
        </sn>
        <morfema.pronominal>
          <p gen="c" lem="él" num="c" person="3" pos="p0300000" wd="se"/>
        </morfema.pronominal>
        <grup.verb>
          <v lem="convertir" lss="B21.unaccusative-state" mood="indicative" num="s" person="3" pos="vmii3s0" postype="main" tense="imperfect" wd="convertía"/>
        </grup.verb>
        <sp arg="arg2" func="creg" tem="efi">
          <prep>
            <s lem="en" pos="sps00" postype="preposition" wd="en"/>
          </prep>
          <sn>
            <spec gen="m" num="s">
              <d gen="m" lem="uno" num="s" pos="di0ms0" postype="indefinite" wd="un"/>
            </spec>
            <grup.nom gen="m" num="s">
              <n gen="m" lem="encadenamiento" lexicalid="noun.encadenamiento.1.default" num="s" origin="deverbal" pos="ncms000" postype="common" sense="16:cs1" wd="encadenamiento"/>
              <sp arg="arg1" func="cn" tem="pat">
                <prep>
                  <s lem="de" pos="sps00" postype="preposition" wd="de"/>
                </prep>
                <sn>
                  <grup.nom gen="f" num="p">
                    <n gen="f" lem="servidumbre" num="p" pos="ncfp000" postype="common" sense="16:10084274" wd="servidumbres"/>
                  </grup.nom>
                </sn>
              </sp>
              <S clausetype="relative" func="cn">
                <relatiu arg="argM" func="cc" tem="loc">
                  <p gen="c" lem="donde" num="c" pos="pr000000" postype="relative" wd="donde"/>
                </relatiu>
                <neg func="mod">
                  <r lem="no" pos="rn" postype="negative" wd="no"/>
                </neg>
                <grup.verb>
                  <v lem="caber" lss="C11.state-existential" mood="indicative" num="s" person="3" pos="vmii3s0" postype="main" tense="imperfect" wd="cabía"/>
                </grup.verb>
                <sn arg="arg1" func="suj" tem="tem">
                  <spec gen="m" num="s">
                    <d gen="m" lem="el" num="s" pos="da0ms0" postype="article" wd="el"/>
                  </spec>
                  <grup.nom gen="m" num="s">
                    <n gen="m" lem="perfeccionamiento" lexicalid="noun.perfeccionamiento.1.default" num="s" origin="deverbal" pos="ncms000" postype="common" sense="16:00167086" wd="perfeccionamiento"/>
                    <s.a arg="arg1" func="cn" gen="m" num="s" tem="tem">
                      <grup.a gen="m" num="s">
                        <a gen="c" lem="personal" num="s" pos="aq0cs0" postype="qualificative" wd="personal"/>
                      </grup.a>
                    </s.a>
                    <sp arg="argM" func="cn" tem="mnr">
                      <prep>
                        <s lem="a_través_de" pos="sps00" postype="preposition" wd="a_través_de"/>
                      </prep>
                      <sn>
                        <spec gen="f" num="s">
                          <d gen="f" lem="el" num="s" pos="da0fs0" postype="article" wd="la"/>
                        </spec>
                        <grup.nom gen="f" num="s">
                          <n gen="f" lem="liberación" lexicalid="noun.liberación.5.default" num="s" origin="deverbal" pos="ncfs000" postype="common" sense="16:00060117" wd="liberación"/>
                          <s.a arg="arg1" func="cn" gen="f" num="s" tem="tem">
                            <grup.a gen="f" num="s">
                              <a gen="c" lem="espiritual" num="s" pos="aq0cs0" postype="qualificative" wd="espiritual"/>
                            </grup.a>
                          </s.a>
                          <sp arg="arg0" func="cn" tem="cau">
                            <prep>
                              <s lem="de" pos="sps00" postype="preposition" wd="de"/>
                            </prep>
                            <sn>
                              <spec gen="f" num="s">
                                <d gen="f" lem="el" num="s" pos="da0fs0" postype="article" wd="la"/>
                              </spec>
                              <grup.nom gen="f" num="s">
                                <n gen="f" lem="persona" num="s" pos="ncfs000" postype="common" sense="16:00004123" wd="persona"/>
                              </grup.nom>
                            </sn>
                          </sp>
                        </grup.nom>
                      </sn>
                    </sp>
                  </grup.nom>
                </sn>
                <S clausesubtype="concessive" clausetype="adverbial" func="ao">
                  <f lem="," pos="fc" punct="comma" wd=","/>
                  <conj conjunctiontype="subordinating">
                    <c lem="a_pesar_de_que" pos="cs" postype="subordinating" wd="a_pesar_de_que"/>
                  </conj>
                  <sn arg="arg1" func="suj" tem="tem">
                    <spec gen="f" num="s">
                      <d gen="f" lem="el" num="s" pos="da0fs0" postype="article" wd="la"/>
                    </spec>
                    <grup.nom gen="f" num="s">
                      <n gen="f" lem="idea" lexicalid="noun.idea.1.default" num="s" origin="deverbal" pos="ncfs000" postype="common" sense="16:04492484" wd="idea"/>
                      <sp arg="arg1" func="cn" tem="pat">
                        <prep>
                          <s lem="de" pos="sps00" postype="preposition" wd="de"/>
                        </prep>
                        <sn>
                          <grup.nom gen="f" num="s">
                            <n gen="f" lem="cultura" num="s" pos="ncfs000" postype="common" sense="16:06152585" wd="cultura"/>
                          </grup.nom>
                        </sn>
                      </sp>
                    </grup.nom>
                  </sn>
                  <grup.verb>
                    <v lem="avanzar" lss="B22.unaccusative-passive-transitive" mood="indicative" num="s" person="3" pos="vmii3s0" postype="main" tense="imperfect" wd="avanzaba"/>
                  </grup.verb>
                  <sp arg="arg2" func="cc" tem="loc">
                    <prep>
                      <s lem="en" pos="sps00" postype="preposition" wd="en"/>
                    </prep>
                    <sn>
                      <spec gen="m" num="s">
                        <d gen="m" lem="este" num="s" pos="dd0ms0" postype="demonstrative" wd="este"/>
                      </spec>
                      <grup.nom gen="m" num="s">
                        <n gen="m" lem="sentido" num="s" pos="ncms000" postype="common" sense="16:06389665" wd="sentido"/>
                      </grup.nom>
                    </sn>
                  </sp>
                </S>
              </S>
            </grup.nom>
          </sn>
        </sp>
      </S>
    </S>
    <f lem="." pos="fp" punct="period" wd="."/>
  </sentence>
  <sentence>
    <sn arg="arg1" func="suj" tem="tem">
      <spec gen="m" num="s">
        <d gen="m" lem="el" num="s" pos="da0ms0" postype="article" wd="El"/>
      </spec>
      <grup.nom gen="m" num="s">
        <n gen="m" lem="fracaso" lexicalid="noun.fracaso.1.default" num="s" origin="deverbal" pos="ncms000" postype="common" sense="16:00038702" wd="fracaso"/>
      </grup.nom>
    </sn>
    <grup.verb>
      <v lem="haber" mood="indicative" num="s" person="3" pos="vaii3s0" postype="auxiliary" tense="imperfect" wd="había"/>
      <v gen="m" lem="ser" lss="C21.state-attributive" mood="participle" num="s" pos="vsp00sm" postype="semiauxiliary" wd="sido"/>
    </grup.verb>
    <sa arg="arg2" func="atr" tem="atr">
      <sa>
        <spec>
          <r lem="tanto" pos="rg" wd="tan"/>
        </spec>
        <grup.a>
          <a gen="c" lem="radical" num="s" pos="aq0cs0" postype="qualificative" wd="radical"/>
        </grup.a>
      </sa>
      <S adjunct="yes" clausesubtype="consecutive" clausetype="adverbial" coord="yes">
        <conj conjunctiontype="subordinating">
          <c lem="que" pos="cs" postype="subordinating" wd="que"/>
        </conj>
        <conj conjunctiontype="coordinating">
          <r lem="no_sólo" pos="rg" wd="no_sólo"/>
        </conj>
        <S clausesubtype="consecutive" clausetype="adverbial">
          <grup.verb>
            <v lem="tener" mood="indicative" num="p" person="3" pos="vmis3p0" postype="main" tense="past" wd="tuvieron"/>
            <c lem="que" pos="cs" postype="subordinating" wd="que"/>
            <infinitiu>
              <v lem="plantear" lss="A21.transitive-agentive-patient" mood="infinitive" pos="vmn0000" postype="main" wd="plantearselo"/>
            </infinitiu>
          </grup.verb>
          <sn arg="arg0" func="suj" tem="agt">
            <spec gen="m" num="p">
              <d gen="m" lem="el" num="p" pos="da0mp0" postype="article" wd="los"/>
            </spec>
            <grup.nom gen="m" num="p">
              <n gen="m" lem="cultivador" num="p" pos="ncmp000" postype="common" sense="16:cs1" wd="cultivadores"/>
              <sp>
                <prep>
                  <s contracted="yes" gen="m" lem="del" num="s" pos="spcms" postype="preposition" wd="del"/>
                </prep>
                <sn>
                  <grup.nom gen="m" num="s">
                    <n gen="m" lem="concepto" num="s" pos="ncms000" postype="common" sense="16:04493671" wd="concepto"/>
                    <sp>
                      <prep>
                        <s lem="de" pos="sps00" postype="preposition" wd="de"/>
                      </prep>
                      <sn>
                        <spec gen="f" num="s">
                          <d gen="f" lem="uno" num="s" pos="di0fs0" postype="indefinite" wd="una"/>
                        </spec>
                        <grup.nom gen="f" num="s">
                          <s.a func="cn" gen="f" num="s">
                            <grup.a gen="f" num="s">
                              <a gen="f" lem="nuevo" num="s" pos="aq0fs0" postype="qualificative" wd="nueva"/>
                            </grup.a>
                          </s.a>
                          <n gen="f" lem="civilización" lexicalid="noun.civilización.1.default" num="s" origin="deverbal" pos="ncfs000" postype="common" sense="16:06152585" wd="civilización"/>
                          <S func="cn">
                            <f lem="-" pos="fg" punct="hyphen" wd="-"/>
                            <sadv arg="argM" func="cc" tem="mnr">
                              <grup.adv>
                                <r lem="así" pos="rg" wd="así"/>
                              </grup.adv>
                            </sadv>
                            <sn arg="arg1" func="cd" tem="pat">
                              <grup.nom gen="f" num="s">
                                <p case="accusative" gen="f" lem="él" num="s" person="3" pos="pp3fsa00" postype="personal" wd="la"/>
                              </grup.nom>
                            </sn>
                            <grup.verb>
                              <v lem="haber" mood="indicative" num="p" person="3" pos="vaii3p0" postype="auxiliary" tense="imperfect" wd="habían"/>
                              <v gen="m" lem="bautizar" lss="A21.transitive-agentive-patient" mood="participle" num="s" pos="vmp00sm" postype="main" wd="bautizado"/>
                            </grup.verb>
                            <sn arg="arg0" func="suj" tem="agt">
                              <spec gen="m" num="p">
                                <d gen="m" lem="el" num="p" pos="da0mp0" postype="article" wd="los"/>
                              </spec>
                              <grup.nom gen="m" num="p">
                                <s.a gen="m" num="p">
                                  <spec>
                                    <r lem="más" pos="rg" wd="más"/>
                                  </spec>
                                  <grup.a gen="m" num="p">
                                    <a gen="c" lem="optimista" num="p" pos="aq0cp0" postype="qualificative" wd="optimistas"/>
                                  </grup.a>
                                </s.a>
                              </grup.nom>
                            </sn>
                            <f lem="-" pos="fg" punct="hyphen" wd="-"/>
                          </S>
                        </grup.nom>
                      </sn>
                    </sp>
                  </grup.nom>
                </sn>
              </sp>
            </grup.nom>
          </sn>
          <f lem="," pos="fc" punct="comma" wd=","/>
        </S>
        <conj conjunctiontype="coordinating">
          <c lem="sino_que" pos="cc" postype="coordinating" wd="sino_que"/>
        </conj>
        <S clausesubtype="concessive" clausetype="adverbial">
          <sadv func="mod">
            <grup.adv>
              <r lem="también" pos="rg" wd="también"/>
            </grup.adv>
          </sadv>
          <sn arg="arg0" func="suj" tem="agt">
            <spec gen="m" num="p">
              <d gen="m" lem="el" num="p" pos="da0mp0" postype="article" wd="los"/>
            </spec>
            <grup.nom gen="m" num="p">
              <n gen="c" lem="sindicalista" num="p" pos="nccp000" postype="common" sense="16:cs1" wd="sindicalistas"/>
              <s.a gen="m" num="p">
                <spec>
                  <r lem="más" pos="rg" wd="más"/>
                </spec>
                <grup.a gen="m" num="p">
                  <a gen="c" lem="consciente" num="p" pos="aq0cp0" postype="qualificative" wd="conscientes"/>
                </grup.a>
              </s.a>
            </grup.nom>
          </sn>
          <grup.verb>
            <v lem="empezar" mood="indicative" num="p" person="3" pos="vmis3p0" postype="main" tense="past" wd="empezaron"/>
            <s lem="a" pos="sps00" postype="preposition" wd="a"/>
            <infinitiu>
              <v lem="reconsiderar" lss="A21.transitive-agentive-patient" mood="infinitive" pos="vmn0000" postype="main" wd="reconsiderar"/>
            </infinitiu>
          </grup.verb>
          <sn arg="arg1" func="cd" tem="pat">
            <spec arg="arg0" gen="f" num="p" tem="agt">
              <d gen="c" lem="su" num="p" person="3" pos="dp3cp0" postype="possessive" wd="sus"/>
            </spec>
            <grup.nom gen="f" num="p">
              <n gen="f" lem="reivindicación" lexicalid="noun.reivindicación.1.default" num="p" origin="deverbal" pos="ncfp000" postype="common" sense="16:05387341" wd="reivindicaciones"/>
            </grup.nom>
          </sn>
          <sp arg="argM" func="cc" tem="mnr">
            <prep>
              <s lem="en" pos="sps00" postype="preposition" wd="en"/>
            </prep>
            <sn>
              <grup.nom gen="m" num="p">
                <n gen="m" lem="término" num="p" pos="ncmp000" postype="common" sense="16:04758968" wd="términos"/>
                <s.a gen="m" num="p">
                  <spec>
                    <sadv>
                      <grup.adv>
                        <r lem="ya" pos="rg" wd="ya"/>
                      </grup.adv>
                    </sadv>
                    <neg>
                      <r lem="no" pos="rn" postype="negative" wd="no"/>
                    </neg>
                    <r lem="solamente" pos="rg" wd="solamente"/>
                  </spec>
                  <grup.a gen="m" num="p">
                    <a gen="m" lem="económico" num="p" pos="aq0mp0" postype="qualificative" wd="económicos"/>
                  </grup.a>
                </s.a>
              </grup.nom>
            </sn>
          </sp>
        </S>
      </S>
    </sa>
    <f lem="." pos="fp" punct="period" wd="."/>
  </sentence>
  <sentence>
    <sadv arg="argM" coord="yes" func="cc" tem="tmp">
      <sadv>
        <grup.adv>
          <r lem="anteriormente" pos="rg" wd="Anteriormente"/>
        </grup.adv>
      </sadv>
      <conj conjunctiontype="coordinating">
        <c lem="y" pos="cc" postype="coordinating" wd="y"/>
      </conj>
      <sp>
        <prep>
          <s lem="a_lo_largo_de" pos="sps00" postype="preposition" wd="a_lo_largo_de"/>
        </prep>
        <sn>
          <spec gen="m" num="p">
            <d gen="m" lem="el" num="p" pos="da0mp0" postype="article" wd="los"/>
          </spec>
          <grup.nom gen="m" num="p">
            <n gen="m" lem="siglo" num="p" pos="ncmp000" postype="common" sense="16:10918678" wd="siglos"/>
          </grup.nom>
        </sn>
      </sp>
    </sadv>
    <sadv arg="argM" func="cc" tem="adv">
      <grup.adv>
        <r lem="sólo" pos="rg" wd="sólo"/>
      </grup.adv>
    </sadv>
    <grup.verb>
      <v lem="haber" lss="C11.state-existential" mood="indicative" num="s" person="3" pos="vais3s0" postype="auxiliary" tense="past" wd="hubo"/>
    </grup.verb>
    <sn arg="arg1" func="cd" functype="quantitative" tem="tem">
      <spec gen="f" num="s">
        <d gen="f" lem="uno" num="s" pos="di0fs0" postype="indefinite" wd="una"/>
      </spec>
      <grup.nom gen="f" num="s">
        <n gen="f" lem="política" num="s" pos="ncfs000" postype="common" sense="16:04991678" wd="política"/>
        <s.a gen="f" num="s">
          <grup.a gen="f" num="s">
            <a gen="c" lem="cultural" num="s" pos="aq0cs0" postype="qualificative" wd="cultural"/>
          </grup.a>
        </s.a>
        <sn coord="yes">
          <f lem=":" pos="fd" punct="colon" wd=":"/>
          <sn>
            <spec gen="f" num="s">
              <d gen="f" lem="el" num="s" pos="da0fs0" postype="article" wd="la"/>
            </spec>
            <grup.nom gen="f" num="s">
              <sp>
                <prep>
                  <s lem="de" pos="sps00" postype="preposition" wd="de"/>
                </prep>
                <sn>
                  <spec gen="m" num="p">
                    <d gen="m" lem="el" num="p" pos="da0mp0" postype="article" wd="los"/>
                  </spec>
                  <grup.nom gen="m" num="p">
                    <n gen="m" lem="invasor" num="p" pos="ncmp000" postype="common" sense="16:07343952" wd="invasores"/>
                  </grup.nom>
                </sn>
              </sp>
            </grup.nom>
          </sn>
          <f lem="," pos="fc" punct="comma" wd=","/>
          <sn>
            <spec gen="f" num="s">
              <d gen="f" lem="el" num="s" pos="da0fs0" postype="article" wd="la"/>
            </spec>
            <grup.nom gen="f" num="s">
              <sp>
                <prep>
                  <s lem="de" pos="sps00" postype="preposition" wd="de"/>
                </prep>
                <sn>
                  <spec gen="m" num="p">
                    <d gen="m" lem="el" num="p" pos="da0mp0" postype="article" wd="los"/>
                  </spec>
                  <grup.nom gen="m" num="p">
                    <n gen="m" lem="conquistador" num="p" pos="ncmp000" postype="common" sense="16:07177921" wd="conquistadores"/>
                  </grup.nom>
                </sn>
              </sp>
            </grup.nom>
          </sn>
          <f lem="," pos="fc" punct="comma" wd=","/>
          <sn>
            <spec gen="f" num="s">
              <d gen="f" lem="el" num="s" pos="da0fs0" postype="article" wd="la"/>
            </spec>
            <grup.nom gen="f" num="s">
              <sp>
                <prep>
                  <s lem="de" pos="sps00" postype="preposition" wd="de"/>
                </prep>
                <sn>
                  <spec gen="m" num="p">
                    <d gen="m" lem="el" num="p" pos="da0mp0" postype="article" wd="los"/>
                  </spec>
                  <grup.nom gen="m" num="p">
                    <n gen="m" lem="imperio" num="p" pos="ncmp000" postype="common" sense="16:06308401" wd="imperios"/>
                  </grup.nom>
                </sn>
              </sp>
            </grup.nom>
          </sn>
        </sn>
      </grup.nom>
    </sn>
    <f lem="." pos="fp" punct="period" wd="."/>
  </sentence>
  <sentence>
    <sp arg="argM" func="cc" tem="adv">
      <prep>
        <s lem="en" pos="sps00" postype="preposition" wd="En"/>
      </prep>
      <sn>
        <grup.nom gen="m" num="s">
          <n gen="m" lem="nombre" num="s" pos="ncms000" postype="common" sense="16:04768298" wd="nombre"/>
          <sp coord="yes">
            <sp coord="yes">
              <sp>
                <prep>
                  <s lem="de" pos="sps00" postype="preposition" wd="de"/>
                </prep>
                <sn entityref="ne" ne="person">
                  <grup.nom gen="m" num="s">
                    <n lem="Dios" ne="person" pos="np0000p" postype="proper" sense="16:cs1" wd="Dios"/>
                  </grup.nom>
                </sn>
              </sp>
              <f lem="," pos="fc" punct="comma" wd=","/>
              <sp>
                <prep>
                  <s lem="de" pos="sps00" postype="preposition" wd="de"/>
                </prep>
                <sn entityref="ne" ne="other">
                  <spec gen="f" num="s">
                    <d gen="f" lem="el" num="s" pos="da0fs0" postype="article" wd="la"/>
                  </spec>
                  <grup.nom gen="f" num="s">
                    <n lem="Civilización" ne="other" pos="np0000a" postype="proper" sense="16:cs1" wd="Civilización"/>
                  </grup.nom>
                </sn>
              </sp>
              <f lem="," pos="fc" punct="comma" wd=","/>
              <sp>
                <prep>
                  <s lem="de" pos="sps00" postype="preposition" wd="de"/>
                </prep>
                <sn entityref="ne" ne="other">
                  <spec gen="f" num="s">
                    <d gen="f" lem="el" num="s" pos="da0fs0" postype="article" wd="la"/>
                  </spec>
                  <grup.nom gen="f" num="s">
                    <n lem="Pacificación" ne="other" pos="np0000a" postype="proper" sense="16:cs1" wd="Pacificación"/>
                    <sp>
                      <prep>
                        <s lem="de" pos="sps00" postype="preposition" wd="de"/>
                      </prep>
                      <sn>
                        <spec gen="m" num="p">
                          <d gen="m" lem="el" num="p" pos="da0mp0" postype="article" wd="los"/>
                        </spec>
                        <grup.nom gen="m" num="p">
                          <n gen="m" lem="pueblo" num="p" pos="ncmp000" postype="common" sense="16:06073126" wd="pueblos"/>
                        </grup.nom>
                      </sn>
                    </sp>
                  </grup.nom>
                </sn>
              </sp>
              <conj conjunctiontype="coordinating">
                <c lem="o" pos="cc" postype="coordinating" wd="o"/>
              </conj>
              <sp>
                <prep>
                  <s lem="de" pos="sps00" postype="preposition" wd="de"/>
                </prep>
                <sn entityref="ne" ne="other">
                  <spec gen="f" num="s">
                    <d gen="c" lem="su" num="s" person="3" pos="dp3cs0" postype="possessive" wd="su"/>
                  </spec>
                  <grup.nom gen="f" num="s">
                    <n lem="Redención" ne="other" pos="np0000a" postype="proper" sense="16:cs1" wd="Redención"/>
                  </grup.nom>
                </sn>
              </sp>
              <f lem="," pos="fc" punct="comma" wd=","/>
            </sp>
            <conj conjunctiontype="coordinating">
              <c lem="es_decir" pos="cc" postype="coordinating" wd="es_decir"/>
            </conj>
            <sp coord="yes">
              <f lem="," pos="fc" punct="comma" wd=","/>
              <sp>
                <prep>
                  <s lem="de" pos="sps00" postype="preposition" wd="de"/>
                </prep>
                <sn>
                  <spec gen="m" num="p">
                    <d gen="m" lem="el" num="p" pos="da0mp0" postype="article" wd="los"/>
                  </spec>
                  <grup.nom gen="m" num="p">
                    <n gen="m" lem="interés" num="p" pos="ncmp000" postype="common" sense="16:04392426" wd="intereses"/>
                    <s.a gen="m" num="p">
                      <grup.a gen="m" num="p">
                        <a gen="m" lem="económico" num="p" pos="aq0mp0" postype="qualificative" wd="económicos"/>
                      </grup.a>
                    </s.a>
                  </grup.nom>
                </sn>
              </sp>
              <f lem="," pos="fc" punct="comma" wd=","/>
              <sp>
                <prep>
                  <s lem="de" pos="sps00" postype="preposition" wd="de"/>
                </prep>
                <sn>
                  <spec gen="f" num="p">
                    <d gen="f" lem="el" num="p" pos="da0fp0" postype="article" wd="las"/>
                  </spec>
                  <grup.nom gen="f" num="p">
                    <n gen="f" lem="necesidad" num="p" pos="ncfp000" postype="common" sense="16:10367157" wd="necesidades"/>
                    <s.a gen="f" num="p">
                      <grup.a gen="f" num="p">
                        <a gen="f" lem="adquisitivo" num="p" pos="aq0fp0" postype="qualificative" wd="adquisitivas"/>
                      </grup.a>
                    </s.a>
                    <sp coord="yes">
                      <sp>
                        <prep>
                          <s lem="de" pos="sps00" postype="preposition" wd="de"/>
                        </prep>
                        <sn>
                          <grup.nom gen="f" num="p">
                            <n gen="f" lem="materia" num="p" pos="ncfp000" postype="common" sense="16:10446867" wd="materias"/>
                            <s.a gen="f" num="p">
                              <grup.a gen="f" num="p">
                                <a gen="f" lem="primo" num="p" pos="aq0fp0" postype="qualificative" wd="primas"/>
                              </grup.a>
                            </s.a>
                          </grup.nom>
                        </sn>
                      </sp>
                      <conj conjunctiontype="coordinating">
                        <c lem="o" pos="cc" postype="coordinating" wd="o"/>
                      </conj>
                      <sp>
                        <prep>
                          <s lem="de" pos="sps00" postype="preposition" wd="de"/>
                        </prep>
                        <sn>
                          <grup.nom gen="f" num="s">
                            <n gen="f" lem="ampliación" lexicalid="noun.ampliación.2.default" num="s" origin="deverbal" pos="ncfs000" postype="common" sense="16:00236409" wd="ampliación"/>
                            <sp arg="arg1" func="cn" tem="tem">
                              <prep>
                                <s lem="de" pos="sps00" postype="preposition" wd="de"/>
                              </prep>
                              <sn>
                                <grup.nom gen="m" num="p">
                                  <n gen="m" lem="mercado" num="p" pos="ncmp000" postype="common" sense="16:06230917" wd="mercados"/>
                                </grup.nom>
                              </sn>
                            </sp>
                          </grup.nom>
                        </sn>
                      </sp>
                    </sp>
                  </grup.nom>
                </sn>
              </sp>
            </sp>
          </sp>
        </grup.nom>
      </sn>
      <f lem="," pos="fc" punct="comma" wd=","/>
    </sp>
    <sn arg="arg1" func="suj" tem="tem">
      <spec gen="f" num="s">
        <d gen="f" lem="el" num="s" pos="da0fs0" postype="article" wd="la"/>
      </spec>
      <grup.nom gen="f" num="s">
        <n gen="f" lem="historia" num="s" pos="ncfs000" postype="common" sense="16:10851812" wd="historia"/>
        <sp>
          <prep>
            <s lem="de" pos="sps00" postype="preposition" wd="de"/>
          </prep>
          <sn>
            <spec gen="f" num="s">
              <d gen="f" lem="el" num="s" pos="da0fs0" postype="article" wd="la"/>
            </spec>
            <grup.nom gen="f" num="s">
              <n gen="f" lem="humanidad" num="s" pos="ncfs000" postype="common" sense="16:05957670" wd="humanidad"/>
            </grup.nom>
          </sn>
        </sp>
      </grup.nom>
    </sn>
    <sadv func="mod">
      <grup.adv>
        <r lem="no" pos="rg" wd="no"/>
      </grup.adv>
    </sadv>
    <grup.verb>
      <v lem="haber" mood="indicative" num="s" person="3" pos="vaip3s0" postype="auxiliary" tense="present" wd="ha"/>
      <v gen="m" lem="ser" lss="C21.state-attributive" mood="participle" num="s" pos="vsp00sm" postype="semiauxiliary" wd="sido"/>
    </grup.verb>
    <sn arg="arg2" func="atr" tem="atr">
      <sadv adjunct="yes">
        <grup.adv>
          <r lem="sino" pos="rg" wd="sino"/>
        </grup.adv>
      </sadv>
      <sn>
        <spec gen="f" num="s">
          <d gen="f" lem="uno" num="s" pos="di0fs0" postype="indefinite" wd="una"/>
        </spec>
        <grup.nom gen="f" num="s">
          <n gen="f" lem="sucesión" lexicalid="noun.sucesión.1.default" num="s" origin="deverbal" pos="ncfs000" postype="common" sense="16:03938674" wd="sucesión"/>
          <sp arg="arg1" func="cn" tem="tem">
            <prep>
              <s lem="de" pos="sps00" postype="preposition" wd="de"/>
            </prep>
            <sn>
              <grup.nom gen="f" num="p">
                <n gen="f" lem="guerra" num="p" pos="ncfp000" postype="common" sense="16:10071856" wd="guerras"/>
                <S clausetype="relative">
                  <relatiu arg="arg1" func="suj" tem="tem">
                    <p gen="c" lem="que" num="c" pos="pr0cn000" postype="relative" wd="que"/>
                  </relatiu>
                  <grup.verb>
                    <v lem="suponer" lss="C21.state-attributive" mood="indicative" num="p" person="3" pos="vmis3p0" postype="main" tense="past" wd="supusieron"/>
                  </grup.verb>
                  <sn arg="arg2" func="cd" functype="quantitative" tem="atr">
                    <spec gen="f" num="s">
                      <d gen="f" lem="el" num="s" pos="da0fs0" postype="article" wd="la"/>
                    </spec>
                    <grup.nom gen="f" num="s">
                      <n gen="f" lem="aniquilación" lexicalid="noun.aniquilación.2.default" num="s" origin="deverbal" pos="ncfs000" postype="common" sense="16:05462797" wd="aniquilación"/>
                      <sp arg="arg0" func="cn" tem="cau">
                        <f lem="," pos="fc" punct="comma" wd=","/>
                        <prep>
                          <s lem="a" pos="sps00" postype="preposition" wd="a"/>
                        </prep>
                        <sn>
                          <grup.nom gen="f" num="p">
                            <n gen="f" lem="mano" num="p" pos="ncfp000" postype="common" sense="16:04311223" wd="manos"/>
                            <sp>
                              <prep>
                                <s lem="de" pos="sps00" postype="preposition" wd="de"/>
                              </prep>
                              <sn>
                                <spec gen="m" num="p">
                                  <d gen="m" lem="el" num="p" pos="da0mp0" postype="article" wd="los"/>
                                </spec>
                                <grup.nom gen="m" num="p">
                                  <n gen="m" lem="vencedor" num="p" pos="ncmp000" postype="common" sense="16:07683006" wd="vencedores"/>
                                </grup.nom>
                              </sn>
                            </sp>
                          </grup.nom>
                        </sn>
                        <f lem="," pos="fc" punct="comma" wd=","/>
                      </sp>
                      <sp arg="arg1" func="cn" tem="tem">
                        <prep>
                          <s lem="de" pos="sps00" postype="preposition" wd="de"/>
                        </prep>
                        <sn complex="yes">
                          <grup.nom coord="yes">
                            <grup.nom coord="yes">
                              <grup.nom gen="f" num="p">
                                <n gen="f" lem="cultura" num="p" pos="ncfp000" postype="common" sense="16:06152585" wd="culturas"/>
                              </grup.nom>
                              <conj conjunctiontype="coordinating">
                                <c lem="o" pos="cc" postype="coordinating" wd="o"/>
                              </conj>
                              <grup.nom gen="f" num="p">
                                <n gen="f" lem="civilización" lexicalid="noun.civilización.1.default" num="p" origin="deverbal" pos="ncfp000" postype="common" sense="16:06152585" wd="civilizaciones"/>
                              </grup.nom>
                            </grup.nom>
                            <s.a func="cn" gen="f" num="p">
                              <grup.a gen="f" num="p">
                                <a gen="c" lem="secular" num="p" pos="aq0cp0" postype="qualificative" wd="seculares"/>
                              </grup.a>
                            </s.a>
                          </grup.nom>
                        </sn>
                      </sp>
                    </grup.nom>
                  </sn>
                </S>
              </grup.nom>
            </sn>
          </sp>
        </grup.nom>
      </sn>
    </sn>
    <f lem="." pos="fp" punct="period" wd="."/>
  </sentence>
</article>
