<?xml version="1.0" encoding="UTF-8"?>
<!-- 

  ancora-2.0
       
			Copyright (C) 2007, 2008, 2009, 2010, 2011 UB - CLiC
			Centre de Llenguatge i Computació - Universitat de Barcelona
 
  This file is part of ancora-2.0.
 
  ancora-2.0 is free software and data: you can redistribute it and/or modify
  it under the terms of the GNU General Public License as published
  by the Free Software Foundation, either version 3 of the License,
  or (at your option) any later version.

  ancora-2.0 is distributed in the hope that it will be useful,
  but WITHOUT ANY WARRANTY; without even the implied warranty of
  MERCHANTABILITY or FITNESS FOR A PARTICULAR PURPOSE.  See the
  GNU General Public License for more details.
 
  You should have received a copy of the GNU General Public License
  along with ancora-2.0.  If not, see &lt;http://www.gnu.org/licenses/&gt;.
 
  Check a text in catalan explaining the terms of the license at http://www.softcatala.cat/wiki/GPL3.
  In spanish at http://www.viti.es/gnu/licenses/gpl.html
 

  The following paper must be cited when using this corpus:

 * Taulé, M., M.A. Martí, M. Recasens (2008) 'Ancora: Multilevel Annotated Corpora for Catalan and Spanish',
   Proceedings of 6th International Conference on Language Resources and Evaluation. Marrakesh (Morocco).

  In addition, the following paper must be cited if coreference information (attributes entity, coreftype,
  corefsubtype, homophoricDD or entityref) is used:

 * Recasens, Marta, M. Antònia Martí (2010) ‘AnCora-CO: Coreferentially annotated corpora for Spanish and
   Catalan’. Language Resources and Evaluation, Springer Science.

  Additionally, the following paper must be cited when argumental attributes in "sn" or "grup.nom"
  (attributes func, arg, tem or lexicalid) are used:

 * Peris, Aina, Mariona Taulé, Horacio Rodríguez (2010) ‘Semantic Annotation of Deverbal Nominalizations in the
   Spanish AnCora corpus’. Treebanks and Linguistic Theories (TLT-2010), Estonia.
-->
<article lng="es">
  <sentence>
    <sadv arg="argL" func="cc">
      <grup.adv>
        <r lem="atrás" pos="rg" wd="Atrás"/>
      </grup.adv>
    </sadv>
    <grup.verb>
      <v lem="quedar" lss="C11.state-existential" mood="indicative" num="p" person="3" pos="vmif3p0" postype="main" tense="future" wd="quedarán"/>
    </grup.verb>
    <sn arg="arg1" coord="yes" func="suj" tem="tem">
      <sn coord="yes">
        <sn>
          <spec gen="f" num="p">
            <d gen="f" lem="el" num="p" pos="da0fp0" postype="article" wd="las"/>
          </spec>
          <grup.nom gen="f" num="p">
            <n gen="f" lem="tarde" num="p" pos="ncfp000" postype="common" sense="16:10885066" wd="tardes"/>
            <sp>
              <prep>
                <s lem="de" pos="sps00" postype="preposition" wd="de"/>
              </prep>
              <sn>
                <grup.nom gen="m" num="s">
                  <n gen="m" lem="dominó" num="s" pos="ncms000" postype="common" sense="16:00320194" wd="dominó"/>
                </grup.nom>
              </sn>
            </sp>
          </grup.nom>
        </sn>
        <conj conjunctiontype="coordinating">
          <c lem="y" pos="cc" postype="coordinating" wd="y"/>
        </conj>
        <sn>
          <spec gen="f" num="p">
            <d gen="f" lem="el" num="p" pos="da0fp0" postype="article" wd="las"/>
          </spec>
          <grup.nom gen="f" num="p">
            <s.a gen="f" num="p">
              <grup.a gen="f" num="p">
                <a gen="c" lem="interminable" num="p" pos="aq0cp0" postype="qualificative" wd="interminables"/>
              </grup.a>
            </s.a>
            <n gen="f" lem="fiesta" num="p" pos="ncfp000" postype="common" sense="16:10881782" wd="fiestas"/>
            <s.a gen="f" num="p">
              <grup.a gen="f" num="p">
                <a gen="f" lem="caribeño" num="p" pos="aq0fp0" postype="qualificative" wd="caribeñas"/>
              </grup.a>
            </s.a>
          </grup.nom>
        </sn>
      </sn>
      <f lem="," pos="fc" punct="comma" wd=","/>
      <sn coord="yes">
        <sn>
          <spec gen="m" num="p">
            <d gen="m" lem="el" num="p" pos="da0mp0" postype="article" wd="los"/>
          </spec>
          <grup.nom gen="m" num="p">
            <n gen="m" lem="rosario" num="p" pos="ncmp000" postype="common" sense="16:cs1" wd="rosarios"/>
            <S clausetype="participle" impersonal="yes">
              <participi>
                <a gen="m" lem="cantado" num="p" pos="aq0mpp" posfunction="participle" postype="qualificative" wd="cantados"/>
              </participi>
            </S>
          </grup.nom>
        </sn>
        <conj conjunctiontype="coordinating">
          <c lem="y" pos="cc" postype="coordinating" wd="y"/>
        </conj>
        <sn>
          <spec gen="f" num="p">
            <d gen="f" lem="el" num="p" pos="da0fp0" postype="article" wd="las"/>
          </spec>
          <grup.nom gen="f" num="p">
            <n gen="f" lem="ración" num="p" pos="ncfp000" postype="common" sense="16:05631178" wd="raciones"/>
            <s.a gen="f" num="p">
              <grup.a gen="f" num="p">
                <a gen="f" lem="gratuito" num="p" pos="aq0fp0" postype="qualificative" wd="gratuitas"/>
              </grup.a>
            </s.a>
            <sp>
              <prep>
                <s lem="de" pos="sps00" postype="preposition" wd="de"/>
              </prep>
              <sn complex="yes">
                <grup.nom coord="yes">
                  <grup.nom gen="m" num="s">
                    <n gen="m" lem="mondongo" num="s" pos="ncms000" postype="common" sense="16:cs1" wd="mondongo"/>
                  </grup.nom>
                  <f lem="," pos="fc" punct="comma" wd=","/>
                  <grup.nom gen="f" num="s">
                    <n gen="f" lem="gandinga" num="s" pos="ncfs000" postype="common" sense="16:cs1" wd="gandinga"/>
                  </grup.nom>
                  <f lem="," pos="fc" punct="comma" wd=","/>
                  <grup.nom gen="m" num="s">
                    <n gen="m" lem="pollo" num="s" pos="ncms000" postype="common" sense="16:05690400" wd="pollo"/>
                    <sp>
                      <prep>
                        <s lem="a" pos="sps00" postype="preposition" wd="a"/>
                      </prep>
                      <sn>
                        <spec gen="f" num="s">
                          <d gen="f" lem="el" num="s" pos="da0fs0" postype="article" wd="la"/>
                        </spec>
                        <grup.nom gen="f" num="s">
                          <n gen="f" lem="varita" num="s" pos="ncfs000" postype="common" sense="16:03588019" wd="varita"/>
                        </grup.nom>
                      </sn>
                    </sp>
                  </grup.nom>
                  <conj conjunctiontype="coordinating">
                    <c lem="y" pos="cc" postype="coordinating" wd="y"/>
                  </conj>
                  <grup.nom gen="m" num="p">
                    <n gen="m" lem="chuchifrito" num="p" pos="ncmp000" postype="common" sense="16:cs1" wd="chuchifritos"/>
                  </grup.nom>
                </grup.nom>
              </sn>
            </sp>
          </grup.nom>
        </sn>
      </sn>
    </sn>
    <f lem="." pos="fp" punct="period" wd="."/>
  </sentence>
  <sentence verbless="yes">
    <conj conjunctiontype="coordinating">
      <c lem="y" pos="cc" postype="coordinating" wd="Y"/>
    </conj>
    <sn>
      <grup.nom gen="m" num="s">
        <p gen="c" lem="ese" num="s" pos="pd0ns000" postype="demonstrative" wd="eso"/>
      </grup.nom>
    </sn>
    <sp>
      <prep>
        <s lem="por" pos="sps00" postype="preposition" wd="por"/>
      </prep>
      <S clausetype="completive" impersonal="yes">
        <neg func="mod">
          <r lem="no" pos="rn" postype="negative" wd="no"/>
        </neg>
        <infinitiu>
          <v lem="hablar" lss="A22.transitive-agentive-theme" mood="infinitive" pos="vmn0000" postype="main" wd="hablar"/>
        </infinitiu>
        <sp arg="arg1" func="creg" tem="tem">
          <prep>
            <s lem="de" pos="sps00" postype="preposition" wd="de"/>
          </prep>
          <sn>
            <spec gen="m" num="p">
              <d gen="m" lem="el" num="p" pos="da0mp0" postype="article" wd="los"/>
            </spec>
            <grup.nom gen="m" num="p">
              <n gen="m" lem="concierto" num="p" pos="ncmp000" postype="common" sense="16:05157329" wd="conciertos"/>
              <s.a gen="m" num="p">
                <grup.a gen="m" num="p">
                  <a gen="m" lem="histórico" num="p" pos="aq0mp0" postype="qualificative" wd="históricos"/>
                </grup.a>
              </s.a>
              <sp>
                <prep>
                  <s lem="de" pos="sps00" postype="preposition" wd="de"/>
                </prep>
                <sn complex="yes">
                  <grup.nom coord="yes">
                    <grup.nom>
                      <n lem="Unión_Boricua" ne="other" pos="np0000a" postype="proper" sense="16:cs1" wd="Unión_Boricua"/>
                    </grup.nom>
                    <f lem="," pos="fc" punct="comma" wd=","/>
                    <grup.nom>
                      <n lem="Los_Pleneros_de_la_21" ne="other" pos="np0000a" postype="proper" sense="16:cs1" wd="Los_Pleneros_de_la_21"/>
                    </grup.nom>
                    <conj conjunctiontype="coordinating">
                      <c lem="y" pos="cc" postype="coordinating" wd="y"/>
                    </conj>
                    <grup.nom>
                      <n lem="Los_Instantáneos_de_la_Bombiplena" ne="other" pos="np0000a" postype="proper" sense="16:cs1" wd="Los_Instantáneos_de_la_Bombiplena"/>
                    </grup.nom>
                  </grup.nom>
                </sn>
              </sp>
            </grup.nom>
          </sn>
        </sp>
      </S>
    </sp>
    <f lem="." pos="fp" punct="period" wd="."/>
  </sentence>
  <sentence>
    <S arg="arg1" clausetype="completive" func="cd" tem="pat">
      <f lem="-" pos="fg" punct="hyphen" wd="-"/>
      <interjeccio>
        <f lem="¡" pos="faa" punct="exclamationmark" punctenclose="open" wd="¡"/>
        <i lem="contra" wd="Contra"/>
        <f lem="!" pos="fat" punct="exclamationmark" punctenclose="close" wd="!"/>
      </interjeccio>
      <conj conjunctiontype="subordinating" func="et">
        <c lem="pues" pos="cs" postype="subordinating" wd="Pues"/>
      </conj>
      <sadv arg="argM" func="cc" tem="loc">
        <grup.adv>
          <r lem="aquí" pos="rg" wd="aquí"/>
        </grup.adv>
      </sadv>
      <morfema.pronominal>
        <p gen="c" lem="él" num="c" person="3" pos="p0300000" wd="se"/>
      </morfema.pronominal>
      <grup.verb>
        <v lem="ir" mood="indicative" num="s" person="3" pos="vmip3s0" postype="main" tense="present" wd="va"/>
        <s lem="a" pos="sps00" postype="preposition" wd="a"/>
        <infinitiu>
          <f lem="-" pos="fg" punct="hyphen" wd="-"/>
          <v lem="montar" lss="C11.state-existential" mood="infinitive" pos="vmn0000" postype="main" wd="montal"/>
          <f lem="-" pos="fg" punct="hyphen" wd="-"/>
        </infinitiu>
      </grup.verb>
      <sn arg="argL" func="suj">
        <spec gen="f" num="s">
          <d gen="f" lem="el" num="s" pos="da0fs0" postype="article" wd="la"/>
        </spec>
        <grup.nom gen="f" num="s">
          <sp>
            <prep>
              <s lem="de" pos="sps00" postype="preposition" wd="de"/>
            </prep>
            <sn entityref="ne" ne="location">
              <grup.nom>
                <n lem="Tiananmen" ne="location" pos="np0000l" postype="proper" sense="16:cs1" wd="Tiananmen"/>
              </grup.nom>
            </sn>
          </sp>
        </grup.nom>
      </sn>
      <f lem="-" pos="fg" punct="hyphen" wd="-"/>
      <f lem="," pos="fc" punct="comma" wd=","/>
    </S>
    <grup.verb>
      <v lem="advertir" lss="A21.transitive-agentive-patient" mood="indicative" num="s" person="3" pos="vmip3s0" postype="main" tense="present" wd="advierte"/>
    </grup.verb>
    <sn arg="arg0" entityref="ne" func="suj" ne="person" tem="agt">
      <grup.nom gen="m" num="s">
        <n lem="Luis_Ramos" ne="person" pos="np0000p" postype="proper" sense="16:cs1" wd="Luis_Ramos"/>
        <sn entityref="ne" ne="person">
          <f lem="," pos="fc" punct="comma" wd=","/>
          <spec gen="m" num="s">
            <d gen="m" lem="el" num="s" pos="da0ms0" postype="article" wd="el"/>
          </spec>
          <grup.nom gen="m" num="s">
            <s.a gen="m" num="s">
              <grup.a gen="m" num="s">
                <a gen="m" lem="enérgico" num="s" pos="aq0ms0" postype="qualificative" wd="enérgico"/>
              </grup.a>
            </s.a>
            <n gen="m" lem="presidente" num="s" pos="ncms000" postype="common" sense="16:07496197" wd="presidente"/>
            <sp>
              <prep>
                <s contracted="yes" gen="m" lem="del" num="s" pos="spcms" postype="preposition" wd="del"/>
              </prep>
              <sn entityref="ne" ne="location">
                <grup.nom gen="m" num="s">
                  <n lem="Rancho_Criollo" ne="location" pos="np0000l" postype="proper" sense="16:cs1" wd="Rancho_Criollo"/>
                </grup.nom>
              </sn>
            </sp>
          </grup.nom>
        </sn>
      </grup.nom>
    </sn>
    <f lem="." pos="fp" punct="period" wd="."/>
  </sentence>
  <sentence coord="yes">
    <S>
      <sn arg="arg1" entityref="ne" func="suj" ne="person" tem="tem">
        <grup.nom gen="m" num="s">
          <n lem="Luis" ne="person" pos="np0000p" postype="proper" sense="16:cs1" wd="Luis"/>
        </grup.nom>
      </sn>
      <grup.verb>
        <v lem="nacer" lss="B11.unaccusative-motion" mood="indicative" num="s" person="3" pos="vmis3s0" postype="main" tense="past" wd="nació"/>
      </grup.verb>
      <sp arg="argM" func="cc" tem="loc">
        <prep>
          <s lem="en" pos="sps00" postype="preposition" wd="en"/>
        </prep>
        <sn entityref="ne" ne="location">
          <grup.nom>
            <n lem="Puerto_Rico" ne="location" pos="np0000l" postype="proper" sense="16:06434242" wd="Puerto_Rico"/>
          </grup.nom>
        </sn>
      </sp>
      <f lem="," pos="fc" punct="comma" wd=","/>
    </S>
    <conj conjunctiontype="coordinating">
      <c lem="pero" pos="cc" postype="coordinating" wd="pero"/>
    </conj>
    <S>
      <sn arg="arg0" elliptic="yes" func="suj" tem="agt"/>
      <grup.verb>
        <v lem="emigrar" lss="D11.inergative-agentive" mood="indicative" num="s" person="3" pos="vmis3s0" postype="main" tense="past" wd="emigró"/>
      </grup.verb>
      <sp arg="argM" func="cc" tem="adv">
        <prep>
          <s lem="con" pos="sps00" postype="preposition" wd="con"/>
        </prep>
        <sn>
          <spec gen="m" num="p">
            <d gen="c" lem="dos" num="p" pos="dn0cp0" postype="numeral" wd="dos"/>
          </spec>
          <grup.nom gen="m" num="p">
            <n gen="m" lem="año" num="p" pos="ncmp000" postype="common" sense="16:10917509" wd="años"/>
          </grup.nom>
        </sn>
      </sp>
      <sp arg="arg2" func="cc" tem="loc">
        <prep>
          <s lem="a" pos="sps00" postype="preposition" wd="a"/>
        </prep>
        <sn entityref="ne" ne="location">
          <grup.nom>
            <n lem="Nueva_York" ne="location" pos="np0000l" postype="proper" wd="Nueva_York"/>
          </grup.nom>
        </sn>
      </sp>
    </S>
    <f lem="." pos="fp" punct="period" wd="."/>
  </sentence>
  <sentence coord="yes">
    <S>
      <sadv arg="argM" func="cc" tem="tmp">
        <grup.adv>
          <r lem="ahora" pos="rg" wd="Ahora"/>
        </grup.adv>
      </sadv>
      <sn arg="argM" func="cc" tem="tmp">
        <f lem="," pos="fc" punct="comma" wd=","/>
        <spec gen="m" num="p">
          <z lem="44" ne="number" wd="44"/>
        </spec>
        <grup.nom gen="m" num="p">
          <n gen="m" lem="año" num="p" pos="ncmp000" postype="common" sense="16:10917509" wd="años"/>
          <sadv>
            <grup.adv>
              <r lem="después" pos="rg" wd="después"/>
            </grup.adv>
          </sadv>
        </grup.nom>
        <f lem="," pos="fc" punct="comma" wd=","/>
      </sn>
      <sn arg="arg0" elliptic="yes" func="suj" tem="agt"/>
      <grup.verb>
        <v lem="presumir" lss="A22.transitive-agentive-theme" mood="indicative" num="s" person="3" pos="vmip3s0" postype="main" tense="present" wd="presume"/>
      </grup.verb>
      <sp arg="arg1" func="creg" tem="tem">
        <prep>
          <s lem="de" pos="sps00" postype="preposition" wd="de"/>
        </prep>
        <S clausetype="completive" impersonal="yes">
          <infinitiu>
            <v lem="ser" lss="C21.state-attributive" mood="infinitive" pos="vsn0000" postype="semiauxiliary" wd="ser"/>
          </infinitiu>
          <sn arg="arg2" func="atr" tem="atr">
            <grup.nom gen="f" num="p">
              <f lem="-" pos="fg" punct="hyphen" wd="-"/>
              <n gen="c" lem="bilingual" num="c" pos="nc00000" postype="common" sense="16:cs1" wd="bilingual"/>
              <f lem="-" pos="fg" punct="hyphen" wd="-"/>
            </grup.nom>
          </sn>
        </S>
      </sp>
    </S>
    <conj conjunctiontype="coordinating">
      <c lem="y" pos="cc" postype="coordinating" wd="y"/>
    </conj>
    <S>
      <sn arg="arg0" elliptic="yes" func="suj" tem="agt"/>
      <grup.verb>
        <v lem="mezclar" lss="A21.transitive-agentive-patient" mood="indicative" num="s" person="3" pos="vmip3s0" postype="main" tense="present" wd="mezcla"/>
      </grup.verb>
      <sp arg="argM" func="cc" tem="adv">
        <prep>
          <s lem="con" pos="sps00" postype="preposition" wd="con"/>
        </prep>
        <sn>
          <grup.nom gen="f" num="s">
            <s.a gen="f" num="s">
              <grup.a gen="f" num="s">
                <a gen="f" lem="raro" num="s" pos="aq0fs0" postype="qualificative" wd="rara"/>
              </grup.a>
            </s.a>
            <n gen="f" lem="habilidad" num="s" pos="ncfs000" postype="common" sense="16:04360292" wd="habilidad"/>
          </grup.nom>
        </sn>
      </sp>
      <sn arg="arg1" coord="yes" func="cd" tem="pat">
        <sn entityref="ne" ne="other">
          <spec gen="m" num="s">
            <d gen="m" lem="el" num="s" pos="da0ms0" postype="article" wd="el"/>
          </spec>
          <grup.nom gen="m" num="s">
            <n gen="m" lem="inglés" num="s" pos="ncms000" postype="common" sense="16:05209017" wd="inglés"/>
            <sp>
              <prep>
                <s contracted="yes" gen="m" lem="del" num="s" pos="spcms" postype="preposition" wd="del"/>
              </prep>
              <sn entityref="ne" ne="location">
                <grup.nom gen="m" num="s">
                  <n lem="Bronx" ne="location" pos="np0000l" postype="proper" sense="16:cs1" wd="Bronx"/>
                </grup.nom>
              </sn>
            </sp>
          </grup.nom>
        </sn>
        <conj conjunctiontype="coordinating">
          <c lem="y" pos="cc" postype="coordinating" wd="y"/>
        </conj>
        <sn entityref="ne" ne="other">
          <spec gen="m" num="s">
            <d gen="m" lem="el" num="s" pos="da0ms0" postype="article" wd="el"/>
          </spec>
          <grup.nom gen="m" num="s">
            <n gen="m" lem="español" num="s" pos="ncms000" postype="common" sense="16:05224721" wd="español"/>
            <sp>
              <prep>
                <s lem="sin" pos="sps00" postype="preposition" wd="sin"/>
              </prep>
              <sn>
                <grup.nom gen="f" num="p">
                  <n gen="f" lem="erre" num="p" pos="ncfp000" postype="common" sense="16:50001121" wd="erres"/>
                </grup.nom>
              </sn>
            </sp>
          </grup.nom>
        </sn>
      </sn>
    </S>
    <f lem="..." pos="fs" punct="etc" wd="..."/>
  </sentence>
  <sentence coord="yes">
    <f lem="-" pos="fg" punct="hyphen" wd="-"/>
    <S>
      <grup.verb>
        <v lem="llegar" lss="B11.unaccusative-motion" mood="indicative" num="p" person="3" pos="vmif3p0" postype="main" tense="future" wd="Llegalán"/>
      </grup.verb>
      <sn arg="arg1" func="suj" tem="tem">
        <spec gen="m" num="p">
          <d gen="m" lem="el" num="p" pos="da0mp0" postype="article" wd="los"/>
        </spec>
        <grup.nom gen="m" num="p">
          <n gen="m" lem="bulldozer" num="p" pos="ncmp000" postype="common" sense="16:02350401" wd="bulldozers"/>
        </grup.nom>
      </sn>
      <sp arg="argM" func="cc" tem="adv">
        <prep>
          <s lem="pa" pos="sps00" postype="preposition" wd="pa"/>
        </prep>
        <S clausetype="completive" impersonal="yes">
          <infinitiu>
            <v lem="tirar" lss="A31.ditransitive-patient-locative" mood="infinitive" pos="vmn0000" postype="main" wd="tilal"/>
          </infinitiu>
          <sn arg="arg1" func="cd" tem="pat">
            <spec gen="f" num="s">
              <d gen="f" lem="el" num="s" pos="da0fs0" postype="article" wd="la"/>
            </spec>
            <grup.nom gen="f" num="s">
              <f lem="-" pos="fg" punct="hyphen" wd="-"/>
              <n gen="f" lem="casita" num="s" pos="ncfs000" postype="common" sense="16:02960656" wd="casita"/>
              <f lem="-" pos="fg" punct="hyphen" wd="-"/>
            </grup.nom>
          </sn>
        </S>
      </sp>
      <f lem="," pos="fc" punct="comma" wd=","/>
    </S>
    <conj conjunctiontype="coordinating">
      <c lem="y" pos="cc" postype="coordinating" wd="y"/>
    </conj>
    <S verbless="yes">
      <sn>
        <grup.nom gen="m" num="p">
          <p gen="m" lem="yo" num="p" person="1" pos="pp1mp000" postype="personal" wd="nosotros"/>
        </grup.nom>
      </sn>
      <sadv>
        <grup.adv>
          <r lem="delante" pos="rg" wd="delante"/>
        </grup.adv>
      </sadv>
      <S clausetype="adverbial" impersonal="yes">
        <f lem="," pos="fc" punct="comma" wd=","/>
        <gerundi>
          <v lem="gritar" lss="A32.ditransitive-patient-benefactive" mood="gerund" pos="vmg0000" postype="main" wd="gritando"/>
        </gerundi>
        <S arg="arg1" clausetype="completive" func="cd" tem="pat">
          <sn arg="arg0" elliptic="yes" func="suj" tem="agt"/>
          <neg func="mod">
            <r lem="no" pos="rn" postype="negative" wd="no"/>
          </neg>
          <sn arg="arg1" func="cd" tem="pat">
            <grup.nom num="p">
              <p gen="c" lem="yo" num="p" person="1" pos="pp1cp000" postype="personal" wd="nos"/>
            </grup.nom>
          </sn>
          <grup.verb>
            <v lem="mover" lss="A31.ditransitive-patient-locative" mood="indicative" num="p" person="3" pos="vmif3p0" postype="main" tense="future" wd="movelán"/>
          </grup.verb>
        </S>
      </S>
    </S>
    <f lem="." pos="fp" punct="period" wd="."/>
  </sentence>
  <sentence>
    <sn arg="arg1" func="suj" tem="tem">
      <spec gen="f" num="p">
        <d gen="f" lem="el" num="p" pos="da0fp0" postype="article" wd="Las"/>
      </spec>
      <grup.nom gen="f" num="p">
        <n gen="f" lem="cosa" num="p" pos="ncfp000" postype="common" sense="16:05437110" wd="cosas"/>
      </grup.nom>
    </sn>
    <neg func="mod">
      <r lem="no" pos="rn" postype="negative" wd="no"/>
    </neg>
    <grup.verb>
      <v lem="haber" mood="indicative" num="p" person="3" pos="vaip3p0" postype="auxiliary" tense="present" wd="han"/>
      <v gen="m" lem="cambiar" lss="B21.unaccusative-state" mood="participle" num="s" pos="vmp00sm" postype="main" wd="cambiado"/>
    </grup.verb>
    <sadv arg="argM" func="cc" tem="adv">
      <grup.adv>
        <r lem="tanto" pos="rg" wd="tanto"/>
      </grup.adv>
    </sadv>
    <sn func="voc">
      <f lem="," pos="fc" punct="comma" wd=","/>
      <grup.nom gen="m" num="s">
        <n gen="c" lem="brodel" num="c" pos="nc00000" postype="common" sense="16:cs1" wd="brodel"/>
        <sn>
          <f lem="(" pos="fpa" punct="bracket" punctenclose="open" wd="("/>
          <grup.nom gen="m" num="s">
            <n gen="m" lem="hermano" num="s" pos="ncms000" postype="common" sense="16:07128451" wd="hermano"/>
          </grup.nom>
          <f lem=")" pos="fpt" punct="bracket" punctenclose="close" wd=")"/>
        </sn>
      </grup.nom>
    </sn>
    <f lem="." pos="fp" punct="period" wd="."/>
  </sentence>
  <sentence>
    <sn arg="arg1" func="suj" tem="tem">
      <spec gen="m" num="p">
        <d gen="m" lem="el" num="p" pos="da0mp0" postype="article" wd="Los"/>
      </spec>
      <grup.nom gen="m" num="p">
        <n gen="m" lem="latino" num="p" pos="ncmp000" postype="common" sense="16:cs1" wd="latinos"/>
      </grup.nom>
    </sn>
    <grup.verb>
      <v lem="tener" mood="indicative" num="p" person="1" pos="vmis1p0" postype="main" tense="past" wd="tuvimos"/>
      <c lem="que" pos="cs" postype="subordinating" wd="que"/>
      <infinitiu>
        <v lem="fajar" lss="B11.unaccusative-motion" mood="infinitive" pos="vmn0000" postype="main" wd="fajal"/>
      </infinitiu>
    </grup.verb>
    <sadv arg="argM" func="cc" tem="loc">
      <grup.adv>
        <r lem="aquí" pos="rg" wd="aquí"/>
      </grup.adv>
    </sadv>
    <sp arg="argM" coord="yes" func="cc" tem="fin">
      <sp>
        <prep>
          <s lem="pa" pos="sps00" postype="preposition" wd="pa"/>
        </prep>
        <S clausetype="completive" impersonal="yes">
          <infinitiu>
            <v lem="podel" mood="infinitive" pos="vmn0000" postype="main" wd="podel"/>
            <infinitiu>
              <v lem="jugar" lss="A21.transitive-agentive-patient" mood="infinitive" pos="vmn0000" postype="main" wd="jugal"/>
            </infinitiu>
          </infinitiu>
          <sn arg="arg1" func="cd" tem="pat">
            <grup.nom gen="m" num="s">
              <n gen="m" lem="dominó" num="s" pos="ncms000" postype="common" sense="16:00320194" wd="dominó"/>
            </grup.nom>
          </sn>
          <sp arg="argM" func="cc" tem="loc">
            <prep>
              <s lem="en" pos="sps00" postype="preposition" wd="en"/>
            </prep>
            <sn>
              <spec gen="f" num="s">
                <d gen="f" lem="el" num="s" pos="da0fs0" postype="article" wd="la"/>
              </spec>
              <grup.nom gen="f" num="s">
                <n gen="f" lem="calle" num="s" pos="ncfs000" postype="common" sense="16:03426236" wd="calle"/>
              </grup.nom>
            </sn>
          </sp>
        </S>
      </sp>
      <conj conjunctiontype="coordinating">
        <c lem="y" pos="cc" postype="coordinating" wd="y"/>
      </conj>
      <sp>
        <prep>
          <s lem="pa" pos="sps00" postype="preposition" wd="pa"/>
        </prep>
        <S clausetype="completive" impersonal="yes">
          <infinitiu>
            <v lem="podel" mood="infinitive" pos="vmn0000" postype="main" wd="podel"/>
            <infinitiu>
              <v lem="dar" lss="A34.ditransitive-patient-theme" mood="infinitive" pos="vmn0000" postype="main" wd="darle"/>
            </infinitiu>
          </infinitiu>
          <sadv arg="argM" func="cc" tem="mnr">
            <grup.adv>
              <r lem="tranquilamente" pos="rg" wd="tranquilamente"/>
            </grup.adv>
          </sadv>
          <sp arg="arg2" func="cc" tem="tem">
            <prep>
              <s lem="a" pos="sps00" postype="preposition" wd="a"/>
            </prep>
            <sn>
              <spec gen="f" num="s">
                <d gen="f" lem="el" num="s" pos="da0fs0" postype="article" wd="la"/>
              </spec>
              <grup.nom gen="f" num="s">
                <n gen="f" lem="servesa" num="s" pos="ncfs000" postype="common" sense="16:cs1" wd="servesa"/>
              </grup.nom>
            </sn>
          </sp>
        </S>
      </sp>
    </sp>
    <f lem="..." pos="fs" punct="etc" wd="..."/>
  </sentence>
  <sentence>
    <f lem="-" pos="fg" punct="hyphen" wd="-"/>
    <S>
      <sadv arg="argM" func="cc" tem="loc">
        <grup.adv>
          <r lem="aquí" pos="rg" wd="Aquí"/>
        </grup.adv>
        <f lem="," pos="fc" punct="comma" wd=","/>
      </sadv>
      <sn arg="arg0" func="suj" tem="agt">
        <spec gen="m" num="s">
          <d gen="c" lem="cada" num="s" pos="di0cs0" postype="indefinite" wd="cada"/>
        </spec>
        <grup.nom gen="m" num="s">
          <p gen="c" lem="cual" num="s" pos="pr0cs000" postype="relative" wd="cual"/>
        </grup.nom>
      </sn>
      <grup.verb>
        <v lem="venir" lss="D11.inergative-agentive" mood="indicative" num="s" person="3" pos="vmip3s0" postype="main" tense="present" wd="viene"/>
      </grup.verb>
      <sp arg="arg4" func="cc" tem="des">
        <prep>
          <s lem="a" pos="sps00" postype="preposition" wd="a"/>
        </prep>
        <sn>
          <spec gen="f" num="s">
            <d gen="c" lem="su" num="s" person="3" pos="dp3cs0" postype="possessive" wd="su"/>
          </spec>
          <grup.nom gen="f" num="s">
            <n gen="f" lem="vaina" num="s" pos="ncfs000" postype="common" sense="16:cs1" wd="vaina"/>
          </grup.nom>
        </sn>
      </sp>
    </S>
    <S coord="yes" verbless="yes">
      <f lem=":" pos="fd" punct="colon" wd=":"/>
      <S verbless="yes">
        <sn>
          <grup.nom gen="m" num="s">
            <p gen="m" lem="uno" num="s" pos="pi0ms000" postype="indefinite" wd="uno"/>
          </grup.nom>
        </sn>
        <sp>
          <prep>
            <s lem="a" pos="sps00" postype="preposition" wd="a"/>
          </prep>
          <S clausetype="completive" impersonal="yes">
            <infinitiu>
              <v lem="fabricar" lss="A21.transitive-agentive-patient" mood="infinitive" pos="vmn0000" postype="main" wd="fabrical"/>
            </infinitiu>
            <sn arg="arg1" func="cd" tem="pat">
              <grup.nom gen="f" num="p">
                <n gen="f" lem="pandereta" num="p" pos="ncfp000" postype="common" sense="16:03467835" wd="panderetas"/>
              </grup.nom>
            </sn>
          </S>
        </sp>
      </S>
      <f lem="," pos="fc" punct="comma" wd=","/>
      <S verbless="yes">
        <sn>
          <grup.nom gen="m" num="s">
            <p gen="m" lem="otro" num="s" pos="pi0ms000" postype="indefinite" wd="otro"/>
          </grup.nom>
        </sn>
        <sp>
          <prep>
            <s lem="a" pos="sps00" postype="preposition" wd="a"/>
          </prep>
          <S clausetype="completive" impersonal="yes">
            <infinitiu>
              <v lem="sonar" lss="A21.transitive-agentive-patient" mood="infinitive" pos="vmn0000" postype="main" wd="sonal"/>
            </infinitiu>
            <sn arg="arg1" func="cd" tem="pat">
              <spec gen="m" num="s">
                <d gen="m" lem="el" num="s" pos="da0ms0" postype="article" wd="el"/>
              </spec>
              <grup.nom gen="m" num="s">
                <n gen="m" lem="guairo" num="s" pos="ncms000" postype="common" sense="16:cs1" wd="guairo"/>
              </grup.nom>
            </sn>
          </S>
        </sp>
      </S>
      <f lem="," pos="fc" punct="comma" wd=","/>
      <S verbless="yes">
        <sn>
          <grup.nom gen="m" num="p">
            <p gen="m" lem="otro" num="p" pos="pi0mp000" postype="indefinite" wd="otros"/>
          </grup.nom>
        </sn>
        <sp>
          <prep>
            <s lem="a" pos="sps00" postype="preposition" wd="a"/>
          </prep>
          <S clausetype="completive" impersonal="yes">
            <infinitiu>
              <v lem="hacer" lss="A21.transitive-agentive-patient" mood="infinitive" pos="vmn0000" postype="main" wd="hasel"/>
            </infinitiu>
            <sn arg="arg1" func="cd" tem="pat">
              <grup.nom gen="m" num="s">
                <f lem="-" pos="fg" punct="hyphen" wd="-"/>
                <n gen="m" lem="street_art" num="s" pos="ncms000" postype="common" sense="16:cs1" wd="street_art"/>
                <f lem="-" pos="fg" punct="hyphen" wd="-"/>
                <sn>
                  <f lem="(" pos="fpa" punct="bracket" punctenclose="open" wd="("/>
                  <grup.nom gen="m" num="s">
                    <n gen="c" lem="arte" num="s" pos="nccs000" postype="common" sense="16:00598038" wd="arte"/>
                    <s.a gen="m" num="s">
                      <grup.a gen="m" num="s">
                        <a gen="m" lem="callejero" num="s" pos="aq0ms0" postype="qualificative" wd="callejero"/>
                      </grup.a>
                    </s.a>
                  </grup.nom>
                  <f lem=")" pos="fpt" punct="bracket" punctenclose="close" wd=")"/>
                </sn>
              </grup.nom>
            </sn>
          </S>
        </sp>
      </S>
    </S>
    <f lem="-" pos="fg" punct="hyphen" wd="-"/>
    <f lem="." pos="fp" punct="period" wd="."/>
  </sentence>
  <sentence>
    <sn arg="arg1" entityref="ne" func="suj" ne="location" tem="tem">
      <spec gen="m" num="s">
        <d gen="m" lem="el" num="s" pos="da0ms0" postype="article" wd="El"/>
      </spec>
      <grup.nom gen="m" num="s">
        <n gen="m" lem="interior" num="s" pos="ncms000" postype="common" sense="16:06333215" wd="interior"/>
        <sp>
          <prep>
            <s contracted="yes" gen="m" lem="del" num="s" pos="spcms" postype="preposition" wd="del"/>
          </prep>
          <sn entityref="ne" ne="location">
            <grup.nom gen="m" num="s">
              <n lem="Rincón_Criollo" ne="location" pos="np0000l" postype="proper" sense="16:cs1" wd="Rincón_Criollo"/>
            </grup.nom>
          </sn>
        </sp>
      </grup.nom>
    </sn>
    <grup.verb>
      <v lem="tener" lss="C21.state-attributive" mood="indicative" num="s" person="3" pos="vmip3s0" postype="main" tense="present" wd="tiene"/>
    </grup.verb>
    <sn arg="arg2" func="cd" functype="quantitative" tem="atr">
      <spec gen="m" num="s">
        <d gen="m" lem="uno" num="s" pos="di0ms0" postype="indefinite" wd="un"/>
      </spec>
      <grup.nom gen="m" num="s">
        <n gen="m" lem="aire" num="s" pos="ncms000" postype="common" sense="16:03844605" wd="aire"/>
        <s.a coord="yes" gen="m" num="s">
          <conj conjunctiontype="coordinating">
            <s lem="entre" pos="sps00" postype="preposition" wd="entre"/>
          </conj>
          <s.a gen="m" num="s">
            <grup.a gen="m" num="s">
              <a gen="m" lem="rancio" num="s" pos="aq0ms0" postype="qualificative" wd="rancio"/>
            </grup.a>
          </s.a>
          <conj conjunctiontype="coordinating">
            <c lem="y" pos="cc" postype="coordinating" wd="y"/>
          </conj>
          <s.a gen="m" num="s">
            <f lem="-" pos="fg" punct="hyphen" wd="-"/>
            <grup.a gen="m" num="s">
              <n lem="kitch" ne="other" pos="np0000a" postype="proper" sense="16:cs1" wd="kitch"/>
            </grup.a>
            <f lem="-" pos="fg" punct="hyphen" wd="-"/>
          </s.a>
        </s.a>
        <sp>
          <f lem="," pos="fc" punct="comma" wd=","/>
          <prep>
            <s lem="a" pos="sps00" postype="preposition" wd="a"/>
          </prep>
          <sn>
            <spec gen="m" num="s">
              <d gen="m" lem="medio" num="s" pos="dn0ms0" postype="numeral" wd="medio"/>
            </spec>
            <grup.nom gen="m" num="s">
              <n gen="m" lem="camino" lexicalid="noun.camino.3.default" num="s" origin="deverbal" pos="ncms000" postype="common" sense="16:06348591" wd="camino"/>
              <sp func="cn">
                <prep>
                  <s lem="entre" pos="sps00" postype="preposition" wd="entre"/>
                </prep>
                <sn coord="yes">
                  <sn>
                    <spec gen="f" num="s">
                      <d gen="f" lem="uno" num="s" pos="di0fs0" postype="indefinite" wd="una"/>
                    </spec>
                    <grup.nom gen="f" num="s">
                      <n gen="f" lem="comuna" num="s" pos="ncfs000" postype="common" sense="16:06198367" wd="comuna"/>
                      <s.a gen="f" num="s">
                        <grup.a gen="f" num="s">
                          <a gen="c" lem="hippy" num="s" pos="aq0cs0" postype="qualificative" wd="hippy"/>
                        </grup.a>
                      </s.a>
                    </grup.nom>
                  </sn>
                  <conj conjunctiontype="coordinating">
                    <c lem="y" pos="cc" postype="coordinating" wd="y"/>
                  </conj>
                  <sn>
                    <spec gen="m" num="s">
                      <d gen="m" lem="el" num="s" pos="da0ms0" postype="article" wd="el"/>
                    </spec>
                    <grup.nom gen="m" num="s">
                      <n gen="m" lem="casino" num="s" pos="ncms000" postype="common" sense="16:02399870" wd="casino"/>
                      <sp>
                        <prep>
                          <s contracted="yes" gen="m" lem="del" num="s" pos="spcms" postype="preposition" wd="del"/>
                        </prep>
                        <sn>
                          <grup.nom gen="m" num="s">
                            <n gen="m" lem="pueblo" num="s" pos="ncms000" postype="common" sense="16:06382213" wd="pueblo"/>
                          </grup.nom>
                        </sn>
                      </sp>
                    </grup.nom>
                  </sn>
                </sn>
              </sp>
            </grup.nom>
          </sn>
        </sp>
      </grup.nom>
    </sn>
    <f lem="." pos="fp" punct="period" wd="."/>
  </sentence>
  <sentence coord="yes" verbless="yes">
    <S verbless="yes">
      <sp>
        <prep>
          <s lem="en" pos="sps00" postype="preposition" wd="En"/>
        </prep>
        <sn>
          <spec gen="f" num="s">
            <d gen="f" lem="uno" num="s" pos="di0fs0" postype="indefinite" wd="una"/>
          </spec>
          <grup.nom gen="f" num="s">
            <n gen="f" lem="esquina" num="s" pos="ncfs000" postype="common" sense="16:06299371" wd="esquina"/>
          </grup.nom>
        </sn>
        <f lem="," pos="fc" punct="comma" wd=","/>
      </sp>
      <sn entityref="ne" ne="location">
        <spec gen="m" num="s">
          <d gen="m" lem="el" num="s" pos="da0ms0" postype="article" wd="el"/>
        </spec>
        <grup.nom gen="m" num="s">
          <n gen="m" lem="altar" num="s" pos="ncms000" postype="common" sense="16:02180342" wd="altar"/>
          <sp>
            <prep>
              <s lem="a" pos="sps00" postype="preposition" wd="a"/>
            </prep>
            <sn entityref="ne" ne="person">
              <spec gen="f" num="s">
                <d gen="f" lem="el" num="s" pos="da0fs0" postype="article" wd="la"/>
              </spec>
              <grup.nom gen="f" num="s">
                <n lem="Virgen" ne="person" pos="np0000p" postype="proper" sense="16:cs1" wd="Virgen"/>
              </grup.nom>
            </sn>
          </sp>
        </grup.nom>
      </sn>
    </S>
    <f lem=";" pos="fx" punct="semicolon" wd=";"/>
    <S verbless="yes">
      <sp>
        <prep>
          <s lem="en" pos="sps00" postype="preposition" wd="en"/>
        </prep>
        <sn>
          <grup.nom gen="f" num="s">
            <p gen="f" lem="otro" num="s" pos="pi0fs000" postype="indefinite" wd="otra"/>
          </grup.nom>
        </sn>
        <f lem="," pos="fc" punct="comma" wd=","/>
      </sp>
      <sn coord="yes">
        <sn>
          <spec gen="m" num="p">
            <d gen="m" lem="el" num="p" pos="da0mp0" postype="article" wd="los"/>
          </spec>
          <grup.nom gen="m" num="p">
            <n gen="m" lem="timbal" num="p" pos="ncmp000" postype="common" sense="16:02886397" wd="timbales"/>
          </grup.nom>
        </sn>
        <conj conjunctiontype="coordinating">
          <c lem="y" pos="cc" postype="coordinating" wd="y"/>
        </conj>
        <sn>
          <spec gen="f" num="p">
            <d gen="f" lem="el" num="p" pos="da0fp0" postype="article" wd="las"/>
          </spec>
          <grup.nom gen="f" num="p">
            <n gen="f" lem="conga" num="p" pos="ncfp000" postype="common" sense="16:00345793" wd="congas"/>
          </grup.nom>
        </sn>
      </sn>
    </S>
    <f lem="." pos="fp" punct="period" wd="."/>
  </sentence>
  <sentence verbless="yes">
    <sp>
      <prep>
        <s lem="por" pos="sps00" postype="preposition" wd="Por"/>
      </prep>
      <sn>
        <spec gen="f" num="p">
          <d gen="f" lem="todo" num="p" pos="di0fp0" postype="indefinite" wd="todas"/>
        </spec>
        <grup.nom gen="f" num="p">
          <n gen="f" lem="parte" num="p" pos="ncfp000" postype="common" sense="16:05392760" wd="partes"/>
        </grup.nom>
      </sn>
      <f lem="," pos="fc" punct="comma" wd=","/>
    </sp>
    <sn complex="yes">
      <grup.nom coord="yes">
        <grup.nom coord="yes">
          <grup.nom gen="f" num="p">
            <n gen="f" lem="foto" num="p" pos="ncfp000" postype="common" sense="16:03118233" wd="fotos"/>
          </grup.nom>
          <conj conjunctiontype="coordinating">
            <c lem="y" pos="cc" postype="coordinating" wd="y"/>
          </conj>
          <grup.nom gen="m" num="p">
            <n gen="m" lem="póster" num="p" pos="ncmp000" postype="common" sense="16:cs1" wd="pósters"/>
          </grup.nom>
        </grup.nom>
        <sp adjunct="yes">
          <prep>
            <s lem="de" pos="sps00" postype="preposition" wd="de"/>
          </prep>
          <sn>
            <grup.nom gen="m" num="p">
              <n gen="m" lem="ídolo" num="p" pos="ncmp000" postype="common" sense="16:04549171" wd="ídolos"/>
              <s.a gen="m" num="p">
                <grup.a gen="m" num="p">
                  <a gen="m" lem="portorriqueño" num="p" pos="aq0mp0" postype="qualificative" wd="portorriqueños"/>
                </grup.a>
              </s.a>
              <sn coord="yes">
                <f lem=":" pos="fd" punct="colon" wd=":"/>
                <conj conjunctiontype="coordinating">
                  <s lem="desde" pos="sps00" postype="preposition" wd="desde"/>
                </conj>
                <sn entityref="ne" ne="person">
                  <spec gen="m" num="s">
                    <d gen="m" lem="el" num="s" pos="da0ms0" postype="article" wd="el"/>
                  </spec>
                  <grup.nom gen="m" num="s">
                    <f lem="-" pos="fg" punct="hyphen" wd="-"/>
                    <n gen="m" lem="alcalde" num="s" pos="ncms000" postype="common" sense="16:07401898" wd="alcalde"/>
                    <f lem="-" pos="fg" punct="hyphen" wd="-"/>
                    <sp>
                      <prep>
                        <s contracted="yes" gen="m" lem="del" num="s" pos="spcms" postype="preposition" wd="del"/>
                      </prep>
                      <sn entityref="ne" ne="location">
                        <grup.nom gen="m" num="s">
                          <n lem="Bronx" ne="location" pos="np0000l" postype="proper" sense="16:cs1" wd="Bronx"/>
                        </grup.nom>
                      </sn>
                    </sp>
                    <sn entityref="ne" ne="person">
                      <f lem="," pos="fc" punct="comma" wd=","/>
                      <grup.nom gen="m" num="s">
                        <n lem="Fernando_Ferrer" ne="person" pos="np0000p" postype="proper" sense="16:cs1" wd="Fernando_Ferrer"/>
                      </grup.nom>
                      <f lem="," pos="fc" punct="comma" wd=","/>
                    </sn>
                  </grup.nom>
                </sn>
                <conj conjunctiontype="coordinating">
                  <s lem="a" pos="sps00" postype="preposition" wd="a"/>
                </conj>
                <sn entityref="ne" ne="person">
                  <spec gen="f" num="s">
                    <d gen="f" lem="el" num="s" pos="da0fs0" postype="article" wd="la"/>
                  </spec>
                  <grup.nom gen="f" num="s">
                    <n gen="f" lem="bomba" num="s" pos="ncfs000" postype="common" sense="16:02310834" wd="bomba"/>
                    <s.a gen="f" num="s">
                      <grup.a gen="f" num="s">
                        <a gen="c" lem="sexy" num="s" pos="aq0cs0" postype="qualificative" wd="sexy"/>
                      </grup.a>
                    </s.a>
                    <sp>
                      <prep>
                        <s contracted="yes" gen="m" lem="del" num="s" pos="spcms" postype="preposition" wd="del"/>
                      </prep>
                      <sn>
                        <grup.nom gen="m" num="s">
                          <n gen="m" lem="momento" num="s" pos="ncms000" postype="common" sense="16:10850147" wd="momento"/>
                        </grup.nom>
                      </sn>
                    </sp>
                    <sn entityref="ne" ne="person">
                      <f lem=":" pos="fd" punct="colon" wd=":"/>
                      <grup.nom gen="m" num="s">
                        <n lem="Iris_Chacón" ne="person" pos="np0000p" postype="proper" sense="16:cs1" wd="Iris_Chacón"/>
                      </grup.nom>
                    </sn>
                  </grup.nom>
                </sn>
              </sn>
            </grup.nom>
          </sn>
        </sp>
      </grup.nom>
    </sn>
    <f lem="." pos="fp" punct="period" wd="."/>
  </sentence>
  <sentence>
    <sn arg="arg1" func="suj" tem="tem">
      <spec gen="f" num="s">
        <d gen="f" lem="el" num="s" pos="da0fs0" postype="article" wd="La"/>
      </spec>
      <grup.nom gen="f" num="s">
        <n gen="f" lem="bandera" num="s" pos="ncfs000" postype="common" sense="16:02692272" wd="bandera"/>
      </grup.nom>
      <f lem="," pos="fc" punct="comma" wd=","/>
    </sn>
    <conj conjunctiontype="subordinating">
      <c lem="que" pos="cs" postype="subordinating" wd="que"/>
    </conj>
    <neg>
      <r lem="no" pos="rn" postype="negative" wd="no"/>
    </neg>
    <grup.verb>
      <v lem="faltar" lss="C41.state-benefactive" mood="subjunctive" num="s" person="3" pos="vmsp3s0" postype="main" tense="present" wd="falte"/>
    </grup.verb>
    <f lem="." pos="fp" punct="period" wd="."/>
  </sentence>
  <sentence verbless="yes">
    <conj conjunctiontype="coordinating">
      <c lem="ni" pos="cc" postype="coordinating" wd="Ni"/>
    </conj>
    <sn>
      <spec gen="m" num="p">
        <d gen="m" lem="el" num="p" pos="da0mp0" postype="article" wd="los"/>
      </spec>
      <grup.nom gen="m" num="p">
        <n gen="m" lem="reclamo" lexicalid="noun.reclamo.1.default" num="p" origin="deverbal" pos="ncmp000" postype="common" sense="16:cs1" wd="reclamos"/>
        <s.a arg="arg0" func="cn" gen="m" num="p" tem="agt">
          <grup.a gen="m" num="p">
            <a gen="c" lem="independentista" num="p" pos="aq0cp0" postype="qualificative" wd="independentistas"/>
          </grup.a>
        </s.a>
        <sn arg="arg1" complex="yes" func="cn" tem="pat">
          <f lem=":" pos="fd" punct="colon" wd=":"/>
          <grup.nom coord="yes">
            <f lem="-" pos="fg" punct="hyphen" wd="-"/>
            <grup.nom gen="m" num="s">
              <n gen="m" lem="pan" num="s" pos="ncms000" postype="common" sense="16:05721638" wd="Pan"/>
            </grup.nom>
            <f lem="," pos="fc" punct="comma" wd=","/>
            <grup.nom gen="f" num="s">
              <n gen="f" lem="tierra" num="s" pos="ncfs000" postype="common" sense="16:06299747" wd="tierra"/>
            </grup.nom>
            <f lem="," pos="fc" punct="comma" wd=","/>
            <grup.nom gen="f" num="s">
              <n gen="f" lem="libertad" num="s" pos="ncfs000" postype="common" sense="16:10079933" wd="libertad"/>
            </grup.nom>
            <f lem="-" pos="fg" punct="hyphen" wd="-"/>
          </grup.nom>
        </sn>
      </grup.nom>
    </sn>
    <f lem="." pos="fp" punct="period" wd="."/>
  </sentence>
  <sentence>
    <sadv func="mod">
      <grup.adv>
        <r lem="también" pos="rg" wd="También"/>
      </grup.adv>
    </sadv>
    <grup.verb>
      <v lem="haber" lss="C11.state-existential" mood="indicative" num="s" person="3" pos="vaip3s0" postype="auxiliary" tense="present" wd="hay"/>
    </grup.verb>
    <sn arg="arg1" coord="yes" func="cd" functype="quantitative" tem="tem">
      <sn>
        <spec gen="m" num="s">
          <d gen="m" lem="uno" num="s" pos="di0ms0" postype="indefinite" wd="un"/>
        </spec>
        <grup.nom gen="m" num="s">
          <n gen="m" lem="huerto" num="s" pos="ncms000" postype="common" sense="16:02891363" wd="huerto"/>
          <S clausetype="relative">
            <relatiu arg="argM" func="cc" tem="loc">
              <p gen="c" lem="donde" num="c" pos="pr000000" postype="relative" wd="donde"/>
            </relatiu>
            <grup.verb>
              <v lem="crecer" lss="C11.state-existential" mood="indicative" num="p" person="3" pos="vmip3p0" postype="main" tense="present" wd="crecen"/>
            </grup.verb>
            <sn arg="arg1" complex="yes" func="suj" tem="tem">
              <grup.nom coord="yes">
                <grup.nom gen="m" num="p">
                  <n gen="m" lem="tomate" num="p" pos="ncmp000" postype="common" sense="16:05770815" wd="tomates"/>
                </grup.nom>
                <f lem="," pos="fc" punct="comma" wd=","/>
                <grup.nom gen="f" num="p">
                  <n gen="f" lem="lechuga" num="p" pos="ncfp000" postype="common" sense="16:08293804" wd="lechugas"/>
                </grup.nom>
                <conj conjunctiontype="coordinating">
                  <c lem="y" pos="cc" postype="coordinating" wd="y"/>
                </conj>
                <grup.nom gen="f" num="p">
                  <f lem="-" pos="fg" punct="hyphen" wd="-"/>
                  <n gen="c" lem="estroberris" num="p" pos="nccp000" postype="common" sense="16:cs1" wd="estroberris"/>
                  <f lem="-" pos="fg" punct="hyphen" wd="-"/>
                  <sn>
                    <f lem="(" pos="fpa" punct="bracket" punctenclose="open" wd="("/>
                    <grup.nom gen="f" num="p">
                      <n gen="f" lem="fresa" num="p" pos="ncfp000" postype="common" sense="16:05782136" wd="fresas"/>
                    </grup.nom>
                    <f lem=")" pos="fpt" punct="bracket" punctenclose="close" wd=")"/>
                  </sn>
                </grup.nom>
              </grup.nom>
            </sn>
          </S>
        </grup.nom>
        <f lem="," pos="fc" punct="comma" wd=","/>
      </sn>
      <conj conjunctiontype="coordinating">
        <c lem="y" pos="cc" postype="coordinating" wd="y"/>
      </conj>
      <sn>
        <spec gen="m" num="s">
          <d gen="m" lem="uno" num="s" pos="di0ms0" postype="indefinite" wd="un"/>
        </spec>
        <grup.nom gen="m" num="s">
          <n gen="m" lem="corral" num="s" pos="ncms000" postype="common" sense="16:03638594" wd="corral"/>
          <sp>
            <prep>
              <s lem="con" pos="sps00" postype="preposition" wd="con"/>
            </prep>
            <sn complex="yes">
              <grup.nom coord="yes">
                <grup.nom gen="m" num="p">
                  <n gen="m" lem="conejo" num="p" pos="ncmp000" postype="common" sense="16:01826220" wd="conejos"/>
                </grup.nom>
                <conj conjunctiontype="coordinating">
                  <c lem="y" pos="cc" postype="coordinating" wd="y"/>
                </conj>
                <grup.nom gen="m" num="p">
                  <n gen="m" lem="gallo" num="p" pos="ncmp000" postype="common" sense="16:01310064" wd="gallos"/>
                </grup.nom>
              </grup.nom>
            </sn>
          </sp>
        </grup.nom>
      </sn>
    </sn>
    <f lem="." pos="fp" punct="period" wd="."/>
  </sentence>
  <sentence>
    <S>
      <sp arg="argM" func="cc" tem="loc">
        <prep>
          <s lem="desde" pos="sps00" postype="preposition" wd="Desde"/>
        </prep>
        <sadv>
          <grup.adv>
            <r lem="fuera" pos="rg" wd="fuera"/>
          </grup.adv>
        </sadv>
        <f lem="," pos="fc" punct="comma" wd=","/>
      </sp>
      <sn arg="arg1" entityref="ne" func="suj" ne="location" tem="tem">
        <spec gen="m" num="s">
          <d gen="m" lem="el" num="s" pos="da0ms0" postype="article" wd="el"/>
        </spec>
        <grup.nom gen="m" num="s">
          <n lem="Rancho_Criollo" ne="location" pos="np0000l" postype="proper" sense="16:cs1" wd="Rancho_Criollo"/>
        </grup.nom>
      </sn>
      <grup.verb>
        <v lem="parecer" lss="C42.state-experiencer" mood="indicative" num="s" person="3" pos="vmip3s0" postype="main" tense="present" wd="parece"/>
      </grup.verb>
      <sn arg="arg2" func="atr" tem="atr">
        <spec gen="m" num="s">
          <d gen="m" lem="uno" num="s" pos="di0ms0" postype="indefinite" wd="un"/>
        </spec>
        <grup.nom gen="m" num="s">
          <n gen="m" lem="fuerte" num="s" pos="ncms000" postype="common" sense="16:02716224" wd="fuerte"/>
          <s.a gen="m" num="s">
            <grup.a gen="m" num="s">
              <a gen="c" lem="apache" num="s" pos="aq0cs0" postype="qualificative" wd="apache"/>
            </grup.a>
          </s.a>
          <S clausetype="adverbial" impersonal="yes">
            <gerundi>
              <v lem="esperar" lss="A21.transitive-agentive-patient" mood="gerund" pos="vmg0000" postype="main" wd="esperando"/>
            </gerundi>
            <sn arg="arg1" func="cd" tem="pat">
              <spec gen="f" num="s">
                <d gen="f" lem="el" num="s" pos="da0fs0" postype="article" wd="la"/>
              </spec>
              <grup.nom gen="f" num="s">
                <n gen="f" lem="carga" lexicalid="noun.carga.6.default" num="s" origin="deverbal" pos="ncfs000" postype="common" sense="16:00627257" wd="carga"/>
                <sp arg="arg0" func="cn" tem="agt">
                  <prep>
                    <s contracted="yes" gen="m" lem="del" num="s" pos="spcms" postype="preposition" wd="del"/>
                  </prep>
                  <sn>
                    <grup.nom gen="m" num="s">
                      <n gen="m" lem="quinto" num="s" pos="ncms000" postype="common" sense="16:09976022" wd="quinto"/>
                      <sp>
                        <prep>
                          <s lem="de" pos="sps00" postype="preposition" wd="de"/>
                        </prep>
                        <sn>
                          <grup.nom gen="f" num="s">
                            <n gen="f" lem="caballería" num="s" pos="ncfs000" postype="common" sense="16:06210014" wd="caballería"/>
                          </grup.nom>
                        </sn>
                      </sp>
                    </grup.nom>
                  </sn>
                </sp>
              </grup.nom>
            </sn>
          </S>
        </grup.nom>
      </sn>
      <S clausesubtype="concessive" clausetype="adverbial" func="ao">
        <conj conjunctiontype="subordinating">
          <c lem="aunque" pos="cs" postype="subordinating" wd="aunque"/>
        </conj>
        <sn arg="arg1" entityref="ne" func="suj" ne="location" tem="tem">
          <spec gen="m" num="s">
            <d gen="m" lem="el" num="s" pos="da0ms0" postype="article" wd="el"/>
          </spec>
          <grup.nom gen="m" num="s">
            <n lem="Sur_Bronx" ne="location" pos="np0000l" postype="proper" sense="16:cs1" wd="Sur_Bronx"/>
          </grup.nom>
        </sn>
        <neg func="mod">
          <r lem="no" pos="rn" postype="negative" wd="no"/>
        </neg>
        <morfema.pronominal>
          <p gen="c" lem="él" num="c" person="3" pos="p0300000" wd="se"/>
        </morfema.pronominal>
        <grup.verb>
          <v lem="parecer" lss="C21.state-attributive" mood="indicative" num="s" person="3" pos="vmip3s0" postype="main" tense="present" wd="parece"/>
        </grup.verb>
        <sadv arg="argM" func="cc" tem="adv">
          <grup.adv>
            <r lem="mucho" pos="rg" wd="mucho"/>
          </grup.adv>
        </sadv>
        <sp arg="arg2" func="creg" tem="atr">
          <prep>
            <s contracted="yes" gen="m" lem="al" num="s" pos="spcms" postype="preposition" wd="al"/>
          </prep>
          <sn entityref="ne" ne="location">
            <grup.nom gen="m" num="s">
              <n lem="Cañón_del_Colorado" ne="location" pos="np0000l" postype="proper" sense="16:cs1" wd="Cañón_del_Colorado"/>
            </grup.nom>
          </sn>
        </sp>
      </S>
    </S>
    <sn complex="yes">
      <f lem=":" pos="fd" punct="colon" wd=":"/>
      <grup.nom coord="yes">
        <grup.nom gen="f" num="p">
          <n gen="f" lem="montaña" num="p" pos="ncfp000" postype="common" sense="16:05969773" wd="montañas"/>
          <sp>
            <prep>
              <s lem="de" pos="sps00" postype="preposition" wd="de"/>
            </prep>
            <sn complex="yes">
              <grup.nom coord="yes">
                <grup.nom gen="f" num="s">
                  <n gen="f" lem="escoria" num="s" pos="ncfs000" postype="common" sense="16:10448138" wd="escoria"/>
                </grup.nom>
                <conj conjunctiontype="coordinating">
                  <c lem="y" pos="cc" postype="coordinating" wd="y"/>
                </conj>
                <grup.nom gen="m" num="p">
                  <n gen="m" lem="escombro" num="p" pos="ncmp000" postype="common" sense="16:cs1" wd="escombros"/>
                </grup.nom>
              </grup.nom>
            </sn>
          </sp>
        </grup.nom>
        <f lem="," pos="fc" punct="comma" wd=","/>
        <grup.nom coord="yes">
          <grup.nom gen="f" num="p">
            <n gen="f" lem="casa" num="p" pos="ncfp000" postype="common" sense="16:02837386" wd="casas"/>
            <S clausetype="participle" impersonal="yes">
              <participi>
                <a gen="f" lem="quemado" num="p" pos="aq0fpp" posfunction="participle" postype="qualificative" wd="quemadas"/>
              </participi>
            </S>
          </grup.nom>
          <conj conjunctiontype="coordinating">
            <c lem="y" pos="cc" postype="coordinating" wd="y"/>
          </conj>
          <grup.nom gen="m" num="p">
            <n gen="m" lem="coche" num="p" pos="ncmp000" postype="common" sense="16:02383458" wd="coches"/>
            <S clausetype="participle" impersonal="yes">
              <participi>
                <a gen="m" lem="desguazado" num="p" pos="aq0mpp" posfunction="participle" postype="qualificative" wd="desguazados"/>
              </participi>
            </S>
          </grup.nom>
        </grup.nom>
        <f lem="," pos="fc" punct="comma" wd=","/>
        <grup.nom gen="f" num="p">
          <n gen="f" lem="calle" num="p" pos="ncfp000" postype="common" sense="16:03426236" wd="calles"/>
          <sp>
            <prep>
              <s lem="como" pos="sps00" postype="preposition" wd="como"/>
            </prep>
            <sn>
              <grup.nom gen="m" num="p">
                <n gen="m" lem="páramo" num="p" pos="ncmp000" postype="common" sense="16:06727393" wd="páramos"/>
              </grup.nom>
            </sn>
          </sp>
          <S clausetype="relative">
            <sp arg="arg2" func="cc" tem="loc">
              <prep>
                <s lem="por" pos="sps00" postype="preposition" wd="por"/>
              </prep>
              <relatiu>
                <p gen="c" lem="donde" num="c" pos="pr000000" postype="relative" wd="donde"/>
              </relatiu>
            </sp>
            <neg func="mod">
              <r lem="no" pos="rn" postype="negative" wd="no"/>
            </neg>
            <grup.verb>
              <v lem="pasar" lss="D11.inergative-agentive" mood="indicative" num="s" person="3" pos="vmip3s0" postype="main" tense="present" wd="pasa"/>
            </grup.verb>
            <sn arg="arg0" func="suj" tem="agt">
              <spec gen="m" num="s">
                <d gen="m" lem="uno" num="s" pos="di0ms0" postype="indefinite" wd="un"/>
              </spec>
              <grup.nom gen="f" num="s">
                <n gen="f" lem="alma" num="s" pos="ncfs000" postype="common" sense="16:00004123" wd="alma"/>
              </grup.nom>
            </sn>
          </S>
        </grup.nom>
        <f lem="," pos="fc" punct="comma" wd=","/>
        <grup.nom gen="f" num="p">
          <n gen="f" lem="tienda" num="p" pos="ncfp000" postype="common" sense="16:cs1" wd="tiendas"/>
          <S clausetype="participle" impersonal="yes">
            <participi>
              <a gen="f" lem="desvencijado" num="p" pos="aq0fpp" posfunction="participle" postype="qualificative" wd="desvencijadas"/>
            </participi>
          </S>
          <S clausetype="relative">
            <relatiu arg="arg1" func="suj" tem="tem">
              <p gen="c" lem="que" num="c" pos="pr0cn000" postype="relative" wd="que"/>
            </relatiu>
            <grup.verb>
              <v lem="servir" lss="C41.state-benefactive" mood="indicative" num="p" person="3" pos="vmip3p0" postype="main" tense="present" wd="sirven"/>
            </grup.verb>
            <sp arg="arg3" func="creg" tem="fin">
              <prep>
                <s lem="de" pos="sps00" postype="preposition" wd="de"/>
              </prep>
              <sn>
                <grup.nom gen="f" num="s">
                  <n gen="f" lem="tapadera" num="s" pos="ncfs000" postype="common" sense="16:03518706" wd="tapadera"/>
                </grup.nom>
              </sn>
            </sp>
            <sp arg="arg2" func="ci" tem="ben">
              <prep>
                <s lem="a" pos="sps00" postype="preposition" wd="a"/>
              </prep>
              <sn complex="yes">
                <grup.nom coord="yes">
                  <grup.nom gen="m" num="p">
                    <n gen="m" lem="camello" num="p" pos="ncmp000" postype="common" sense="16:07513476" wd="camellos"/>
                  </grup.nom>
                  <conj conjunctiontype="coordinating">
                    <c lem="y" pos="cc" postype="coordinating" wd="y"/>
                  </conj>
                  <grup.nom gen="m" num="p">
                    <n gen="c" lem="maleante" num="p" pos="nccp000" postype="common" sense="16:07390588" wd="maleantes"/>
                  </grup.nom>
                </grup.nom>
              </sn>
            </sp>
          </S>
        </grup.nom>
      </grup.nom>
    </sn>
    <f lem="." pos="fp" punct="period" wd="."/>
  </sentence>
  <sentence>
    <S>
      <sn arg="arg0" entityref="ne" func="suj" ne="organization" tem="agt">
        <spec gen="m" num="s">
          <d gen="m" lem="el" num="s" pos="da0ms0" postype="article" wd="El"/>
        </spec>
        <grup.nom gen="m" num="s">
          <n lem="Ayuntamiento" ne="organization" pos="np0000o" postype="proper" sense="16:cs1" wd="Ayuntamiento"/>
        </grup.nom>
      </sn>
      <sn arg="arg1" func="cd" tem="pat">
        <grup.nom num="p">
          <p case="accusative" gen="c" lem="él" num="p" person="3" pos="pp3cpa00" postype="personal" wd="les"/>
        </grup.nom>
      </sn>
      <grup.verb>
        <v lem="haber" mood="indicative" num="s" person="3" pos="vaip3s0" postype="auxiliary" tense="present" wd="ha"/>
        <v gen="m" lem="invitar" lss="A34.ditransitive-patient-theme" mood="participle" num="s" pos="vmp00sm" postype="main" wd="invitado"/>
      </grup.verb>
      <sp arg="arg2" func="creg" tem="tem">
        <prep>
          <s lem="a" pos="sps00" postype="preposition" wd="a"/>
        </prep>
        <S clausetype="completive" impersonal="yes">
          <infinitiu>
            <v lem="fumar" lss="D11.inergative-agentive" mood="infinitive" pos="vmn0000" postype="main" wd="fumar"/>
          </infinitiu>
          <sn arg="argL" func="cd">
            <spec gen="f" num="s">
              <d gen="f" lem="el" num="s" pos="da0fs0" postype="article" wd="la"/>
            </spec>
            <grup.nom gen="f" num="s">
              <n gen="f" lem="pipa" num="s" pos="ncfs000" postype="common" sense="16:03129406" wd="pipa"/>
              <sp>
                <prep>
                  <s lem="de" pos="sps00" postype="preposition" wd="de"/>
                </prep>
                <sn>
                  <spec gen="f" num="s">
                    <d gen="f" lem="el" num="s" pos="da0fs0" postype="article" wd="la"/>
                  </spec>
                  <grup.nom gen="f" num="s">
                    <n gen="f" lem="paz" num="s" pos="ncfs000" postype="common" sense="16:10065207" wd="paz"/>
                  </grup.nom>
                </sn>
              </sp>
            </grup.nom>
          </sn>
        </S>
      </sp>
    </S>
    <S verbless="yes">
      <f lem=":" pos="fd" punct="colon" wd=":"/>
      <sn>
        <spec gen="m" num="s">
          <d gen="m" lem="el" num="s" pos="da0ms0" postype="article" wd="el"/>
        </spec>
        <grup.nom gen="m" num="s">
          <n gen="m" lem="terreno" num="s" pos="ncms000" postype="common" sense="16:06279834" wd="terreno"/>
          <sp>
            <prep>
              <s lem="de" pos="sps00" postype="preposition" wd="de"/>
            </prep>
            <sn>
              <spec gen="f" num="s">
                <d gen="f" lem="el" num="s" pos="da0fs0" postype="article" wd="la"/>
              </spec>
              <grup.nom gen="f" num="s">
                <f lem="-" pos="fg" punct="hyphen" wd="-"/>
                <n gen="f" lem="casita" num="s" pos="ncfs000" postype="common" sense="16:02960656" wd="casita"/>
                <f lem="-" pos="fg" punct="hyphen" wd="-"/>
              </grup.nom>
            </sn>
          </sp>
        </grup.nom>
        <f lem="," pos="fc" punct="comma" wd=","/>
      </sn>
      <sp>
        <prep>
          <s lem="a_cambio_de" pos="sps00" postype="preposition" wd="a_cambio_de"/>
        </prep>
        <sn>
          <spec gen="f" num="s">
            <d gen="f" lem="otro" num="s" pos="di0fs0" postype="indefinite" wd="otra"/>
          </spec>
          <grup.nom gen="f" num="s">
            <n gen="f" lem="parcela" num="s" pos="ncfs000" postype="common" sense="16:06279834" wd="parcela"/>
            <sadv>
              <spec>
                <r lem="un_poco" pos="rg" wd="un_poco"/>
                <r lem="más" pos="rg" wd="más"/>
              </spec>
              <grup.adv>
                <r lem="allá" pos="rg" wd="allá"/>
              </grup.adv>
            </sadv>
          </grup.nom>
        </sn>
        <f lem="," pos="fc" punct="comma" wd=","/>
      </sp>
      <S clausetype="adverbial">
        <conj conjunctiontype="subordinating">
          <c lem="para_que" pos="cs" postype="subordinating" wd="para_que"/>
        </conj>
        <sn arg="arg0" elliptic="yes" func="suj" tem="agt"/>
        <grup.verb>
          <v lem="poder" mood="subjunctive" num="p" person="3" pos="vmsp3p0" postype="main" tense="present" wd="puedan"/>
          <infinitiu>
            <v lem="construir" lss="A21.transitive-agentive-patient" mood="infinitive" pos="vmn0000" postype="main" wd="construirse"/>
          </infinitiu>
        </grup.verb>
        <sn arg="arg1" func="cd" tem="pat">
          <spec gen="m" num="s">
            <d gen="m" lem="uno" num="s" pos="di0ms0" postype="indefinite" wd="un"/>
          </spec>
          <grup.nom gen="m" num="s">
            <n gen="m" lem="centro" num="s" pos="ncms000" postype="common" sense="16:02412359" wd="centro"/>
            <s.a gen="m" num="s">
              <grup.a gen="m" num="s">
                <a gen="c" lem="cultural" num="s" pos="aq0cs0" postype="qualificative" wd="cultural"/>
              </grup.a>
            </s.a>
          </grup.nom>
        </sn>
        <sadv arg="argM" func="cc" tem="adv">
          <grup.adv>
            <r lem="como_dios_manda" pos="rg" wd="como_Dios_manda"/>
          </grup.adv>
        </sadv>
      </S>
    </S>
    <f lem="." pos="fp" punct="period" wd="."/>
  </sentence>
  <sentence coord="yes">
    <S coord="yes">
      <S>
        <conj conjunctiontype="coordinating" func="et">
          <c lem="pero" pos="cc" postype="coordinating" wd="Pero"/>
        </conj>
        <sn arg="arg0" func="suj" tem="agt">
          <spec gen="m" num="p">
            <d gen="m" lem="el" num="p" pos="da0mp0" postype="article" wd="los"/>
          </spec>
          <grup.nom gen="m" num="p">
            <n gen="c" lem="boricua" num="p" pos="nccp000" postype="common" sense="16:cs1" wd="boricuas"/>
          </grup.nom>
        </sn>
        <neg func="mod">
          <r lem="no" pos="rn" postype="negative" wd="no"/>
        </neg>
        <grup.verb>
          <v lem="tragar" lss="A21.transitive-agentive-patient" mood="indicative" num="p" person="3" pos="vmip3p0" postype="main" tense="present" wd="tragan"/>
        </grup.verb>
      </S>
      <conj conjunctiontype="coordinating">
        <c lem="y" pos="cc" postype="coordinating" wd="y"/>
      </conj>
      <S>
        <sn arg="arg0" elliptic="yes" func="suj" tem="agt"/>
        <grup.verb>
          <v lem="pensar" lss="A21.transitive-agentive-patient" mood="indicative" num="p" person="3" pos="vmip3p0" postype="main" tense="present" wd="piensan"/>
        </grup.verb>
        <S arg="arg1" clausetype="completive" func="cd" impersonal="yes" tem="pat">
          <infinitiu>
            <v lem="hacer" lss="B21.unaccusative-state" mood="infinitive" pos="vmn0000" postype="main" wd="hacerse"/>
          </infinitiu>
          <sn arg="arg2" func="cpred" tem="atr">
            <spec gen="m" num="p">
              <d gen="m" lem="el" num="p" pos="da0mp0" postype="article" wd="los"/>
            </spec>
            <grup.nom gen="m" num="p">
              <s.a gen="m" num="p">
                <grup.a gen="m" num="p">
                  <a gen="c" lem="fuerte" num="p" pos="aq0cp0" postype="qualificative" wd="fuertes"/>
                </grup.a>
              </s.a>
            </grup.nom>
          </sn>
        </S>
      </S>
    </S>
    <S>
      <f lem=":" pos="fd" punct="colon" wd=":"/>
      <f lem="-" pos="fg" punct="hyphen" wd="-"/>
      <sn arg="arg0" elliptic="yes" func="suj" tem="agt"/>
      <neg func="mod">
        <r lem="no" pos="rn" postype="negative" wd="No"/>
      </neg>
      <morfema.pronominal>
        <p gen="c" lem="yo" num="p" person="1" pos="p010p000" wd="nos"/>
      </morfema.pronominal>
      <grup.verb>
        <v lem="fiar" lss="A22.transitive-agentive-theme" mood="indicative" num="p" person="1" pos="vmip1p0" postype="main" tense="present" wd="fiamos"/>
      </grup.verb>
      <sp arg="arg1" func="creg" tem="tem">
        <prep>
          <s lem="de" pos="sps00" postype="preposition" wd="de"/>
        </prep>
        <sn>
          <spec gen="f" num="p">
            <d gen="f" lem="el" num="p" pos="da0fp0" postype="article" wd="las"/>
          </spec>
          <grup.nom gen="f" num="p">
            <n arg="arg1" gen="f" lem="promesa" lexicalid="noun.promesa.1.default" num="p" origin="deverbal" pos="ncfp000" postype="common" sense="16:05396507" tem="pat" wd="promesas"/>
          </grup.nom>
        </sn>
      </sp>
    </S>
    <f lem="." pos="fp" punct="period" wd="."/>
  </sentence>
</article>
