<?xml version="1.0" encoding="UTF-8"?>
<!-- 

  ancora-2.0
       
			Copyright (C) 2007, 2008, 2009, 2010, 2011 UB - CLiC
			Centre de Llenguatge i Computació - Universitat de Barcelona
 
  This file is part of ancora-2.0.
 
  ancora-2.0 is free software and data: you can redistribute it and/or modify
  it under the terms of the GNU General Public License as published
  by the Free Software Foundation, either version 3 of the License,
  or (at your option) any later version.

  ancora-2.0 is distributed in the hope that it will be useful,
  but WITHOUT ANY WARRANTY; without even the implied warranty of
  MERCHANTABILITY or FITNESS FOR A PARTICULAR PURPOSE.  See the
  GNU General Public License for more details.
 
  You should have received a copy of the GNU General Public License
  along with ancora-2.0.  If not, see &lt;http://www.gnu.org/licenses/&gt;.
 
  Check a text in catalan explaining the terms of the license at http://www.softcatala.cat/wiki/GPL3.
  In spanish at http://www.viti.es/gnu/licenses/gpl.html
 

  The following paper must be cited when using this corpus:

 * Taulé, M., M.A. Martí, M. Recasens (2008) 'Ancora: Multilevel Annotated Corpora for Catalan and Spanish',
   Proceedings of 6th International Conference on Language Resources and Evaluation. Marrakesh (Morocco).

  In addition, the following paper must be cited if coreference information (attributes entity, coreftype,
  corefsubtype, homophoricDD or entityref) is used:

 * Recasens, Marta, M. Antònia Martí (2010) ‘AnCora-CO: Coreferentially annotated corpora for Spanish and
   Catalan’. Language Resources and Evaluation, Springer Science.

  Additionally, the following paper must be cited when argumental attributes in "sn" or "grup.nom"
  (attributes func, arg, tem or lexicalid) are used:

 * Peris, Aina, Mariona Taulé, Horacio Rodríguez (2010) ‘Semantic Annotation of Deverbal Nominalizations in the
   Spanish AnCora corpus’. Treebanks and Linguistic Theories (TLT-2010), Estonia.
-->
<article lng="es">
  <sentence>
    <sadv func="et">
      <grup.adv>
        <r lem="además" pos="rg" wd="Además"/>
      </grup.adv>
      <f lem="," pos="fc" punct="comma" wd=","/>
    </sadv>
    <grup.verb>
      <v lem="haber" lss="C11.state-existential" mood="indicative" num="s" person="3" pos="vaip3s0" postype="auxiliary" tense="present" wd="hay"/>
    </grup.verb>
    <sn arg="arg1" func="cd" functype="quantitative" tem="tem">
      <spec gen="f" num="s">
        <d gen="f" lem="uno" num="s" pos="di0fs0" postype="indefinite" wd="una"/>
      </spec>
      <grup.nom gen="f" num="s">
        <n gen="f" lem="cosa" num="s" pos="ncfs000" postype="common" sense="16:03495843" wd="cosa"/>
        <S clausetype="relative" coord="yes">
          <S clausetype="relative">
            <relatiu arg="arg2" func="cd" functype="quantitative" tem="atr">
              <p gen="c" lem="que" num="c" pos="pr0cn000" postype="relative" wd="que"/>
            </relatiu>
            <grup.verb>
              <v lem="tener" lss="C21.state-attributive" mood="indicative" num="s" person="3" pos="vmip3s0" postype="main" tense="present" wd="tiene"/>
            </grup.verb>
            <sn arg="arg1" func="suj" tem="tem">
              <spec gen="f" num="s">
                <d gen="f" lem="este" num="s" pos="dd0fs0" postype="demonstrative" wd="esta"/>
              </spec>
              <grup.nom gen="f" num="s">
                <n gen="f" lem="casita" num="s" pos="ncfs000" postype="common" sense="16:02960656" wd="casita"/>
              </grup.nom>
            </sn>
          </S>
          <conj conjunctiontype="coordinating">
            <c lem="y" pos="cc" postype="coordinating" wd="y"/>
          </conj>
          <S clausetype="relative">
            <relatiu arg="arg1" func="suj" tem="pat">
              <p gen="c" lem="que" num="c" pos="pr0cn000" postype="relative" wd="que"/>
            </relatiu>
            <neg func="mod">
              <r lem="no" pos="rn" postype="negative" wd="no"/>
            </neg>
            <morfema.verbal func="pass">
              <p gen="c" lem="se" num="c" pos="p0000000" wd="se"/>
            </morfema.verbal>
            <grup.verb>
              <v lem="poder" mood="indicative" num="s" person="3" pos="vmip3s0" postype="main" tense="present" wd="puede"/>
              <infinitiu>
                <v lem="trasladar" lss="B12.unaccusative-passive-ditransitive" mood="infinitive" pos="vmn0000" postype="main" wd="trasladal"/>
              </infinitiu>
            </grup.verb>
          </S>
        </S>
        <sn>
          <f lem=":" pos="fd" punct="colon" wd=":"/>
          <spec gen="m" num="s">
            <d gen="m" lem="el" num="s" pos="da0ms0" postype="article" wd="el"/>
          </spec>
          <grup.nom gen="m" num="s">
            <f lem="-" pos="fg" punct="hyphen" wd="-"/>
            <n gen="m" lem="fleivor" num="s" pos="ncms000" postype="common" sense="16:cs1" wd="fleivor"/>
            <f lem="-" pos="fg" punct="hyphen" wd="-"/>
            <sn>
              <f lem="(" pos="fpa" punct="bracket" punctenclose="open" wd="("/>
              <spec gen="m" num="s">
                <d gen="m" lem="el" num="s" pos="da0ms0" postype="article" wd="el"/>
              </spec>
              <grup.nom gen="m" num="s">
                <n gen="m" lem="sabor" num="s" pos="ncms000" postype="common" sense="16:04415771" wd="sabor"/>
              </grup.nom>
              <f lem=")" pos="fpt" punct="bracket" punctenclose="close" wd=")"/>
            </sn>
          </grup.nom>
        </sn>
      </grup.nom>
    </sn>
    <f lem="." pos="fp" punct="period" wd="."/>
  </sentence>
  <sentence>
    <sn arg="arg1" elliptic="yes" func="suj" tem="tem"/>
    <grup.verb>
      <v lem="estar" lss="C21.state-attributive" mood="indicative" num="p" person="3" pos="vmii3p0" postype="main" tense="imperfect" wd="Estaban"/>
    </grup.verb>
    <S arg="arg2" clausetype="adverbial" coord="yes" func="atr" impersonal="yes" tem="atr">
      <sp>
        <prep>
          <s contracted="yes" gen="m" lem="al" num="s" pos="spcms" postype="preposition" wd="al"/>
        </prep>
        <sn>
          <grup.nom gen="m" num="s">
            <n gen="m" lem="solecito" num="s" pos="ncms000" postype="common" sense="16:cs1" wd="solecito"/>
          </grup.nom>
        </sn>
      </sp>
      <f lem="," pos="fc" punct="comma" wd=","/>
      <S clausetype="adverbial" impersonal="yes">
        <gerundi>
          <v lem="hacer" lss="D11.inergative-agentive" mood="gerund" pos="vmg0000" postype="main" wd="haciendo"/>
        </gerundi>
        <sn arg="argL" func="cd">
          <grup.nom gen="m" num="s">
            <n gen="m" lem="crochet" num="s" pos="ncms000" postype="common" sense="16:cs1" wd="crochet"/>
          </grup.nom>
        </sn>
      </S>
      <f lem="," pos="fc" punct="comma" wd=","/>
      <sp>
        <prep>
          <s lem="con" pos="sps00" postype="preposition" wd="con"/>
        </prep>
        <sn coord="yes">
          <sn>
            <spec gen="f" num="p">
              <d gen="f" lem="el" num="p" pos="da0fp0" postype="article" wd="las"/>
            </spec>
            <grup.nom gen="f" num="p">
              <n gen="f" lem="página" num="p" pos="ncfp000" postype="common" sense="16:04731849" wd="páginas"/>
              <sp>
                <prep>
                  <s lem="de" pos="sps00" postype="preposition" wd="de"/>
                </prep>
                <sn>
                  <spec gen="f" num="s">
                    <d gen="f" lem="uno" num="s" pos="di0fs0" postype="indefinite" wd="una"/>
                  </spec>
                  <grup.nom gen="f" num="s">
                    <n gen="f" lem="revista" num="s" pos="ncfs000" postype="common" sense="16:04947827" wd="revista"/>
                    <sp>
                      <prep>
                        <s lem="de" pos="sps00" postype="preposition" wd="de"/>
                      </prep>
                      <sn complex="yes">
                        <grup.nom coord="yes">
                          <grup.nom gen="m" num="s">
                            <n gen="m" lem="corte" lexicalid="noun.corte.1.default" num="s" origin="deverbal" pos="ncms000" postype="common" sense="16:00248167" wd="corte"/>
                          </grup.nom>
                          <conj conjunctiontype="coordinating">
                            <c lem="y" pos="cc" postype="coordinating" wd="y"/>
                          </conj>
                          <grup.nom gen="f" num="s">
                            <n gen="f" lem="confección" lexicalid="noun.confección.1.default" num="s" origin="deverbal" pos="ncfs000" postype="common" sense="16:00593220" wd="confección"/>
                          </grup.nom>
                        </grup.nom>
                      </sn>
                    </sp>
                  </grup.nom>
                </sn>
              </sp>
              <sp>
                <prep>
                  <s lem="en" pos="sps00" postype="preposition" wd="en"/>
                </prep>
                <sn>
                  <spec gen="m" num="s">
                    <d gen="m" lem="el" num="s" pos="da0ms0" postype="article" wd="el"/>
                  </spec>
                  <grup.nom gen="m" num="s">
                    <n gen="m" lem="bolso" num="s" pos="ncms000" postype="common" sense="16:02237285" wd="bolso"/>
                  </grup.nom>
                </sn>
              </sp>
            </grup.nom>
          </sn>
          <conj conjunctiontype="coordinating">
            <c lem="y" pos="cc" postype="coordinating" wd="y"/>
          </conj>
          <sn>
            <spec gen="f" num="p">
              <d gen="f" lem="el" num="p" pos="da0fp0" postype="article" wd="las"/>
            </spec>
            <grup.nom gen="f" num="p">
              <n gen="f" lem="pierna" num="p" pos="ncfp000" postype="common" sense="16:04307856" wd="piernas"/>
              <inc>
                <S verbless="yes">
                  <interjeccio>
                    <f lem="," pos="fc" punct="comma" wd=","/>
                    <i lem="ay" wd="ay"/>
                    <f lem="," pos="fc" punct="comma" wd=","/>
                  </interjeccio>
                  <sn>
                    <grup.nom gen="f" num="p">
                      <n gen="f" lem="variz" num="p" pos="ncfp000" postype="common" sense="16:04210113" wd="varices"/>
                    </grup.nom>
                  </sn>
                </S>
              </inc>
              <sp>
                <f lem="," pos="fc" punct="comma" wd=","/>
                <prep>
                  <s lem="sobre" pos="sps00" postype="preposition" wd="sobre"/>
                </prep>
                <sn>
                  <grup.nom gen="f" num="p">
                    <n gen="f" lem="caja" num="p" pos="ncfp000" postype="common" sense="16:02323900" wd="cajas"/>
                    <sp>
                      <prep>
                        <s lem="de" pos="sps00" postype="preposition" wd="de"/>
                      </prep>
                      <sn>
                        <grup.nom gen="m" num="p">
                          <n gen="m" lem="refresco" num="p" pos="ncmp000" postype="common" sense="16:05946581" wd="refrescos"/>
                        </grup.nom>
                      </sn>
                    </sp>
                  </grup.nom>
                </sn>
              </sp>
            </grup.nom>
          </sn>
        </sn>
      </sp>
    </S>
    <f lem="." pos="fp" punct="period" wd="."/>
  </sentence>
  <sentence>
    <sn arg="arg1" elliptic="yes" func="suj" tem="tem"/>
    <grup.verb>
      <v lem="ser" lss="C21.state-attributive" mood="indicative" num="p" person="3" pos="vsii3p0" postype="semiauxiliary" tense="imperfect" wd="Eran"/>
    </grup.verb>
    <sn arg="arg2" func="atr" tem="atr">
      <spec gen="f" num="p">
        <d gen="f" lem="el" num="p" pos="da0fp0" postype="article" wd="las"/>
      </spec>
      <grup.nom gen="f" num="p">
        <n gen="f" lem="mujer" num="p" pos="ncfp000" postype="common" sense="16:07684780" wd="mujeres"/>
        <sp>
          <prep>
            <s lem="de" pos="sps00" postype="preposition" wd="de"/>
          </prep>
          <sn entityref="ne" ne="location">
            <grup.nom>
              <n lem="Marinaleda" ne="location" pos="np0000l" postype="proper" sense="16:cs1" wd="Marinaleda"/>
            </grup.nom>
          </sn>
        </sp>
        <S clausetype="relative">
          <f lem="," pos="fc" punct="comma" wd=","/>
          <relatiu arg="arg1" func="suj" tem="tem">
            <p gen="c" lem="que" num="c" pos="pr0cn000" postype="relative" wd="que"/>
          </relatiu>
          <grup.verb>
            <v lem="rimar" lss="C11.state-existential" mood="indicative" num="p" person="3" pos="vmip3p0" postype="main" tense="present" wd="riman"/>
          </grup.verb>
          <sp arg="argM" func="cc" tem="adv">
            <prep>
              <s lem="con" pos="sps00" postype="preposition" wd="con"/>
            </prep>
            <sn entityref="ne" ne="person">
              <grup.nom gen="f" num="s">
                <n lem="Mariana_Pineda" ne="person" pos="np0000p" postype="proper" sense="16:cs1" wd="Mariana_Pineda"/>
              </grup.nom>
            </sn>
          </sp>
          <S clausesubtype="concessive" clausetype="adverbial" func="ao">
            <conj conjunctiontype="subordinating">
              <c lem="aunque" pos="cs" postype="subordinating" wd="aunque"/>
            </conj>
            <sn arg="arg0" func="suj" tem="agt">
              <grup.nom gen="f" num="p">
                <p gen="f" lem="él" num="p" person="3" pos="pp3fp000" postype="personal" wd="ellas"/>
              </grup.nom>
            </sn>
            <neg func="mod">
              <r lem="no" pos="rn" postype="negative" wd="no"/>
            </neg>
            <sn arg="arg1" func="cd" tem="pat">
              <grup.nom gen="m" num="s">
                <p case="accusative" gen="m" lem="él" num="s" person="3" pos="pp3msa00" postype="personal" wd="lo"/>
              </grup.nom>
            </sn>
            <grup.verb>
              <v lem="saber" lss="A22.transitive-agentive-theme" mood="subjunctive" num="p" person="3" pos="vmsp3p0" postype="main" tense="present" wd="sepan"/>
            </grup.verb>
          </S>
        </S>
      </grup.nom>
    </sn>
    <f lem="." pos="fp" punct="period" wd="."/>
  </sentence>
  <sentence>
    <sp arg="argM" func="cc" tem="tmp">
      <prep>
        <s lem="a" pos="sps00" postype="preposition" wd="A"/>
      </prep>
      <sn>
        <spec gen="f" num="s">
          <d gen="f" lem="el" num="s" pos="da0fs0" postype="article" wd="la"/>
        </spec>
        <grup.nom gen="f" num="s">
          <n gen="f" lem="una" num="s" pos="ncfs000" postype="common" sense="16:50005907" wd="una"/>
          <sp>
            <prep>
              <s lem="de" pos="sps00" postype="preposition" wd="de"/>
            </prep>
            <sn>
              <spec gen="f" num="s">
                <d gen="f" lem="el" num="s" pos="da0fs0" postype="article" wd="la"/>
              </spec>
              <grup.nom gen="f" num="s">
                <n gen="f" lem="tarde" num="s" pos="ncfs000" postype="common" sense="16:10885066" wd="tarde"/>
              </grup.nom>
            </sn>
          </sp>
        </grup.nom>
      </sn>
      <f lem="," pos="fc" punct="comma" wd=","/>
    </sp>
    <grup.verb>
      <v lem="hacer" lss="C11.state-existential" mood="indicative" num="s" person="3" pos="vmii3s0" postype="main" tense="imperfect" wd="hacía"/>
    </grup.verb>
    <sn arg="arg1" func="cd" functype="quantitative" tem="tem">
      <grup.nom gen="m" num="s">
        <n gen="m" lem="calor" num="s" pos="ncms000" postype="common" sense="16:04422689" wd="calor"/>
      </grup.nom>
    </sn>
    <sp arg="argM" func="cc" tem="loc">
      <prep>
        <s lem="en" pos="sps00" postype="preposition" wd="en"/>
      </prep>
      <sn>
        <spec gen="m" num="s">
          <d gen="m" lem="este" num="s" pos="dd0ms0" postype="demonstrative" wd="este"/>
        </spec>
        <grup.nom gen="m" num="s">
          <n gen="m" lem="pueblo" num="s" pos="ncms000" postype="common" sense="16:06382213" wd="pueblo"/>
          <sp>
            <prep>
              <s lem="de_poco_más_de" pos="sps00" postype="preposition" wd="de_poco_más_de"/>
            </prep>
            <sn>
              <spec gen="f" num="p">
                <z lem="2000" ne="number" wd="2.000"/>
              </spec>
              <grup.nom gen="f" num="p">
                <n gen="c" lem="habitante" num="p" pos="nccp000" postype="common" sense="16:06949059" wd="habitantes"/>
              </grup.nom>
            </sn>
          </sp>
          <sn>
            <f lem="," pos="fc" punct="comma" wd=","/>
            <grup.nom gen="m" num="s">
              <n gen="m" lem="pueblo" num="s" pos="ncms000" postype="common" sense="16:06382213" wd="pueblo"/>
              <s.a gen="m" num="s">
                <grup.a gen="m" num="s">
                  <a gen="m" lem="famoso" num="s" pos="aq0ms0" postype="qualificative" wd="famoso"/>
                </grup.a>
              </s.a>
              <sp>
                <f lem="," pos="fc" punct="comma" wd=","/>
                <prep>
                  <s lem="como" pos="sps00" postype="preposition" wd="como"/>
                </prep>
                <sn>
                  <spec gen="m" num="s">
                    <d gen="m" lem="aquel" num="s" pos="dd0ms0" postype="demonstrative" wd="aquel"/>
                  </spec>
                  <grup.nom gen="m" num="s">
                    <sp>
                      <prep>
                        <s lem="de" pos="sps00" postype="preposition" wd="de"/>
                      </prep>
                      <sn entityref="ne" ne="location">
                        <grup.nom>
                          <n lem="Zalamea" ne="location" pos="np0000l" postype="proper" sense="16:cs1" wd="Zalamea"/>
                          <S clausetype="relative">
                            <relatiu arg="argM" func="cc" tem="loc">
                              <p gen="c" lem="donde" num="c" pos="pr000000" postype="relative" wd="donde"/>
                            </relatiu>
                            <sadv func="mod">
                              <grup.adv>
                                <r lem="también" pos="rg" wd="también"/>
                              </grup.adv>
                            </sadv>
                            <grup.verb>
                              <v lem="haber" lss="C11.state-existential" mood="indicative" num="s" person="3" pos="vais3s0" postype="auxiliary" tense="past" wd="hubo"/>
                            </grup.verb>
                            <sn arg="arg1" func="cd" functype="quantitative" tem="tem">
                              <spec gen="m" num="s">
                                <d gen="m" lem="uno" num="s" pos="di0ms0" postype="indefinite" wd="un"/>
                              </spec>
                              <grup.nom gen="m" num="s">
                                <n gen="m" lem="alcalde" num="s" pos="ncms000" postype="common" sense="16:07401898" wd="alcalde"/>
                              </grup.nom>
                            </sn>
                          </S>
                        </grup.nom>
                      </sn>
                    </sp>
                  </grup.nom>
                </sn>
              </sp>
            </grup.nom>
          </sn>
        </grup.nom>
      </sn>
    </sp>
    <f lem="." pos="fp" punct="period" wd="."/>
  </sentence>
  <sentence verbless="yes">
    <sp>
      <prep>
        <s lem="para" pos="sps00" postype="preposition" wd="Para"/>
      </prep>
      <sn complex="yes">
        <grup.nom coord="yes">
          <grup.nom gen="f" num="p">
            <n gen="f" lem="huelga" num="p" pos="ncfp000" postype="common" sense="16:00807301" wd="huelgas"/>
            <sp>
              <prep>
                <s lem="de" pos="sps00" postype="preposition" wd="de"/>
              </prep>
              <sn>
                <grup.nom gen="f" num="s">
                  <n gen="f" lem="hambre" num="s" pos="ncfs000" postype="common" sense="16:10112984" wd="hambre"/>
                </grup.nom>
              </sn>
            </sp>
          </grup.nom>
          <conj conjunctiontype="coordinating">
            <c lem="y" pos="cc" postype="coordinating" wd="y"/>
          </conj>
          <grup.nom gen="f" num="s">
            <n gen="f" lem="hambre" num="s" pos="ncfs000" postype="common" sense="16:03868242" wd="hambre"/>
            <sp>
              <prep>
                <s lem="de" pos="sps00" postype="preposition" wd="de"/>
              </prep>
              <sn>
                <grup.nom gen="f" num="p">
                  <n gen="f" lem="huelga" num="p" pos="ncfp000" postype="common" sense="16:00807301" wd="huelgas"/>
                </grup.nom>
              </sn>
            </sp>
          </grup.nom>
        </grup.nom>
      </sn>
      <f lem="," pos="fc" punct="comma" wd=","/>
    </sp>
    <sn entityref="ne" ne="location">
      <grup.nom gen="f" num="s">
        <n lem="Marinaleda" ne="location" pos="np0000l" postype="proper" sense="16:cs1" wd="Marinaleda"/>
      </grup.nom>
    </sn>
    <f lem="." pos="fp" punct="period" wd="."/>
  </sentence>
  <sentence>
    <S arg="arg1" clausetype="completive" func="cd" tem="pat">
      <f lem="-" pos="fg" punct="hyphen" wd="-"/>
      <S clausesubtype="conditional" clausetype="adverbial" func="ao">
        <conj conjunctiontype="subordinating">
          <c lem="como" pos="cs" postype="subordinating" wd="Como"/>
        </conj>
        <sn arg="arg1" func="suj" tem="tem">
          <spec gen="f" num="s">
            <d gen="f" lem="el" num="s" pos="da0fs0" postype="article" wd="la"/>
          </spec>
          <grup.nom gen="f" num="s">
            <n gen="f" lem="cosa" num="s" pos="ncfs000" postype="common" sense="16:04384343" wd="cosa"/>
          </grup.nom>
        </sn>
        <neg func="mod">
          <r lem="no" pos="rn" postype="negative" wd="no"/>
        </neg>
        <morfema.pronominal>
          <p gen="c" lem="él" num="c" person="3" pos="p0300000" wd="se"/>
        </morfema.pronominal>
        <grup.verb>
          <v lem="arreglar" lss="B21.unaccusative-state" mood="subjunctive" num="s" person="3" pos="vmsp3s0" postype="main" tense="present" wd="arregle"/>
        </grup.verb>
        <f lem="," pos="fc" punct="comma" wd=","/>
      </S>
      <sn arg="arg0" elliptic="yes" func="suj" tem="agt"/>
      <sadv func="mod">
        <grup.adv>
          <r lem="ya" pos="rg" wd="ya"/>
        </grup.adv>
      </sadv>
      <grup.verb>
        <v lem="ver" lss="A21.transitive-agentive-patient" mood="indicative" num="p" person="1" pos="vmif1p0" postype="main" tense="future" wd="veremos"/>
      </grup.verb>
      <S arg="arg1" clausetype="completive" func="cd" tem="pat">
        <conj conjunctiontype="subordinating">
          <c lem="si" pos="cs" postype="subordinating" wd="si"/>
        </conj>
        <sn arg="arg0" elliptic="yes" func="suj" tem="agt"/>
        <neg func="mod">
          <r lem="no" pos="rn" postype="negative" wd="no"/>
        </neg>
        <grup.verb>
          <v lem="hacer" lss="A21.transitive-agentive-patient" mood="indicative" num="p" person="1" pos="vmip1p0" postype="main" tense="present" wd="hacemos"/>
        </grup.verb>
        <sn arg="arg1" func="cd" tem="pat">
          <grup.nom gen="f" num="s">
            <p gen="f" lem="otro" num="s" pos="pi0fs000" postype="indefinite" wd="otra"/>
          </grup.nom>
        </sn>
      </S>
      <f lem="-" pos="fg" punct="hyphen" wd="-"/>
      <f lem="," pos="fc" punct="comma" wd=","/>
    </S>
    <grup.verb>
      <v lem="profetizar" lss="A21.transitive-agentive-patient" mood="indicative" num="s" person="3" pos="vmii3s0" postype="main" tense="imperfect" wd="profetizaba"/>
    </grup.verb>
    <sn arg="arg0" entityref="ne" func="suj" ne="person" tem="agt">
      <grup.nom gen="f" num="s">
        <n lem="Antonia_Ramos" ne="person" pos="np0000p" postype="proper" sense="16:cs1" wd="Antonia_Ramos"/>
      </grup.nom>
    </sn>
    <sp arg="argM" func="cc" tem="mnr">
      <prep>
        <s lem="con" pos="sps00" postype="preposition" wd="con"/>
      </prep>
      <sn>
        <spec arg="arg0" gen="f" num="s" tem="agt">
          <d gen="c" lem="su" num="s" person="3" pos="dp3cs0" postype="possessive" wd="su"/>
        </spec>
        <grup.nom gen="f" num="s">
          <n gen="f" lem="mirada" lexicalid="noun.mirada.2.default" num="s" origin="deverbal" pos="ncfs000" postype="common" sense="16:00564117" wd="mirada"/>
          <sp arg="argM" func="cn" tem="fin">
            <prep>
              <s lem="de" pos="sps00" postype="preposition" wd="de"/>
            </prep>
            <S clausetype="completive" impersonal="yes">
              <infinitiu>
                <v lem="coser" lss="A21.transitive-agentive-patient" mood="infinitive" pos="vmn0000" postype="main" wd="coser"/>
              </infinitiu>
            </S>
          </sp>
        </grup.nom>
      </sn>
    </sp>
    <f lem="." pos="fp" punct="period" wd="."/>
  </sentence>
  <sentence>
    <S arg="arg1" clausetype="completive" func="cd" tem="pat">
      <f lem="-" pos="fg" punct="hyphen" wd="-"/>
      <sn arg="arg1" elliptic="yes" func="suj" tem="tem"/>
      <grup.verb>
        <v lem="estar" lss="C11.state-existential" mood="indicative" num="p" person="1" pos="vmip1p0" postype="main" tense="present" wd="Estamos"/>
      </grup.verb>
      <sadv arg="arg2" func="creg" tem="loc">
        <grup.adv>
          <r lem="aquí" pos="rg" wd="aquí"/>
        </grup.adv>
      </sadv>
      <sp arg="argM" func="cc" tem="tmp">
        <prep>
          <s lem="desde" pos="sps00" postype="preposition" wd="desde"/>
        </prep>
        <sn entityref="ne" ne="date">
          <spec gen="m" num="s">
            <d gen="m" lem="el" num="s" pos="da0ms0" postype="article" wd="el"/>
          </spec>
          <grup.nom gen="m" num="s">
            <w lem="[miércoles:??/??/??:??.??]" ne="date" wd="Miércoles_Santo"/>
          </grup.nom>
        </sn>
      </sp>
      <f lem="-" pos="fg" punct="hyphen" wd="-"/>
      <f lem="," pos="fc" punct="comma" wd=","/>
    </S>
    <grup.verb>
      <v lem="decir" lss="A32.ditransitive-patient-benefactive" mood="indicative" num="s" person="3" pos="vmii3s0" postype="main" tense="imperfect" wd="decía"/>
    </grup.verb>
    <sn arg="arg0" entityref="ne" func="suj" ne="person" tem="agt">
      <grup.nom gen="f" num="s">
        <n lem="Carmen_Sánchez" ne="person" pos="np0000p" postype="proper" sense="16:cs1" wd="Carmen_Sánchez"/>
        <sn>
          <f lem="," pos="fc" punct="comma" wd=","/>
          <spec gen="m" num="p">
            <d gen="c" lem="cuatro" num="p" pos="dn0cp0" postype="numeral" wd="cuatro"/>
          </spec>
          <grup.nom gen="m" num="p">
            <n gen="m" lem="hijo" num="p" pos="ncmp000" postype="common" sense="16:07592357" wd="hijos"/>
          </grup.nom>
          <f lem="," pos="fc" punct="comma" wd=","/>
        </sn>
      </grup.nom>
    </sn>
    <S arg="argM" clausetype="adverbial" func="cc" impersonal="yes" tem="adv">
      <gerundi>
        <v lem="hacer" lss="A21.transitive-agentive-patient" mood="gerund" pos="vmg0000" postype="main" wd="haciendo"/>
      </gerundi>
      <sn arg="arg1" func="cd" tem="pat">
        <spec gen="m" num="s">
          <d gen="m" lem="uno" num="s" pos="di0ms0" postype="indefinite" wd="un"/>
        </spec>
        <grup.nom gen="m" num="s">
          <n gen="m" lem="pañito" num="s" pos="ncms000" postype="common" sense="16:cs1" wd="pañito"/>
          <sp>
            <prep>
              <s lem="de" pos="sps00" postype="preposition" wd="de"/>
            </prep>
            <sn>
              <grup.nom gen="m" num="s">
                <n gen="m" lem="encaje" lexicalid="noun.encaje.1.default" num="s" origin="deverbal" pos="ncms000" postype="common" sense="16:03473753" wd="encaje"/>
              </grup.nom>
            </sn>
          </sp>
        </grup.nom>
      </sn>
      <sp arg="argM" func="cc" tem="fin">
        <prep>
          <s lem="para" pos="sps00" postype="preposition" wd="para"/>
        </prep>
        <S clausetype="completive" impersonal="yes">
          <infinitiu>
            <v lem="poner" lss="A31.ditransitive-patient-locative" mood="infinitive" pos="vmn0000" postype="main" wd="ponerlo"/>
          </infinitiu>
          <sp arg="arg2" func="cc" tem="loc">
            <prep>
              <s lem="sobre" pos="sps00" postype="preposition" wd="sobre"/>
            </prep>
            <sn>
              <spec gen="m" num="p">
                <d gen="m" lem="el" num="p" pos="da0mp0" postype="article" wd="los"/>
              </spec>
              <grup.nom gen="m" num="p">
                <n gen="m" lem="brazo" num="p" pos="ncmp000" postype="common" sense="16:02208639" wd="brazos"/>
                <sp>
                  <prep>
                    <s contracted="yes" gen="m" lem="del" num="s" pos="spcms" postype="preposition" wd="del"/>
                  </prep>
                  <sn>
                    <grup.nom gen="m" num="s">
                      <n gen="m" lem="tresillo" num="s" pos="ncms000" postype="common" sense="16:cs1" wd="tresillo"/>
                    </grup.nom>
                  </sn>
                </sp>
              </grup.nom>
            </sn>
          </sp>
        </S>
      </sp>
    </S>
    <f lem="." pos="fp" punct="period" wd="."/>
  </sentence>
  <sentence coord="yes">
    <f lem="-" pos="fg" punct="hyphen" wd="-"/>
    <S>
      <sp arg="argM" func="cc" tem="adv">
        <prep>
          <s lem="a" pos="sps00" postype="preposition" wd="A"/>
        </prep>
        <S clausetype="completive" impersonal="yes">
          <infinitiu>
            <v lem="ver" lss="A21.transitive-agentive-patient" mood="infinitive" pos="vmn0000" postype="main" wd="ver"/>
          </infinitiu>
        </S>
        <f lem="," pos="fc" punct="comma" wd=","/>
      </sp>
      <sn arg="arg1" func="cd" tem="pat">
        <grup.nom num="s">
          <p gen="c" lem="qué" num="s" pos="pt0cs000" postype="interrogative" wd="qué"/>
        </grup.nom>
      </sn>
      <grup.verb>
        <v lem="ir" mood="indicative" num="p" person="1" pos="vmip1p0" postype="main" tense="present" wd="vamos"/>
        <s lem="a" pos="sps00" postype="preposition" wd="a"/>
        <infinitiu>
          <v lem="hacer" lss="A21.transitive-agentive-patient" mood="infinitive" pos="vmn0000" postype="main" wd="hacer"/>
        </infinitiu>
      </grup.verb>
      <sn arg="arg0" elliptic="yes" func="suj" tem="agt"/>
      <sadv arg="argM" func="cc" tem="loc">
        <grup.adv>
          <r lem="aquí" pos="rg" wd="aquí"/>
        </grup.adv>
      </sadv>
    </S>
    <f lem="," pos="fc" punct="comma" wd=","/>
    <S>
      <neg func="mod">
        <r lem="no" pos="rn" postype="negative" wd="no"/>
      </neg>
      <grup.verb>
        <v lem="haber" mood="indicative" num="s" person="3" pos="vaip3s0" postype="auxiliary" tense="present" wd="hay"/>
        <c lem="que" pos="cs" postype="subordinating" wd="que"/>
        <infinitiu>
          <v lem="perder" lss="C21.state-attributive" mood="infinitive" pos="vmn0000" postype="main" wd="perder"/>
        </infinitiu>
      </grup.verb>
      <sn arg="arg2" func="cd" functype="quantitative" tem="atr">
        <spec gen="m" num="s">
          <d gen="m" lem="el" num="s" pos="da0ms0" postype="article" wd="el"/>
        </spec>
        <grup.nom gen="m" num="s">
          <n gen="m" lem="tiempo" num="s" pos="ncms000" postype="common" sense="16:00015594" wd="tiempo"/>
        </grup.nom>
      </sn>
    </S>
    <f lem="-" pos="fg" punct="hyphen" wd="-"/>
    <f lem="." pos="fp" punct="period" wd="."/>
  </sentence>
  <sentence>
    <sn arg="arg1" elliptic="yes" func="suj" tem="tem"/>
    <sa arg="arg2" func="atr" tem="atr">
      <grup.a>
        <a gen="m" lem="buen" num="s" pos="aq0ms0" postype="qualificative" wd="Bueno"/>
      </grup.a>
    </sa>
    <grup.verb>
      <v lem="estar" lss="C21.state-attributive" mood="indicative" num="s" person="3" pos="vmip3s0" postype="main" tense="present" wd="está"/>
    </grup.verb>
    <f lem="." pos="fp" punct="period" wd="."/>
  </sentence>
  <sentence verbless="yes">
    <sp>
      <prep>
        <s lem="en" pos="sps00" postype="preposition" wd="En"/>
      </prep>
      <sn>
        <grup.nom gen="f" num="p">
          <n gen="f" lem="silla" num="p" pos="ncfp000" postype="common" sense="16:02418562" wd="sillas"/>
          <sp>
            <prep>
              <s lem="de" pos="sps00" postype="preposition" wd="de"/>
            </prep>
            <sn>
              <grup.nom gen="m" num="p">
                <n gen="m" lem="tubo" num="p" pos="ncmp000" postype="common" sense="16:10017486" wd="tubos"/>
                <sp>
                  <prep>
                    <s lem="de" pos="sps00" postype="preposition" wd="de"/>
                  </prep>
                  <sn>
                    <grup.nom gen="m" num="s">
                      <n gen="m" lem="metal" num="s" pos="ncms000" postype="common" sense="16:10476248" wd="metal"/>
                    </grup.nom>
                  </sn>
                </sp>
              </grup.nom>
            </sn>
          </sp>
          <s.a gen="f" num="p">
            <f lem="," pos="fc" punct="comma" wd=","/>
            <grup.a gen="f" num="p">
              <a gen="f" lem="rojo" num="p" pos="aq0fp0" postype="qualificative" wd="rojas"/>
              <sp>
                <prep>
                  <c lem="como" pos="cs" postype="subordinating" wd="como"/>
                </prep>
                <sn>
                  <spec gen="f" num="s">
                    <d gen="f" lem="el" num="s" pos="da0fs0" postype="article" wd="la"/>
                  </spec>
                  <grup.nom gen="f" num="s">
                    <n gen="f" lem="conciencia" num="s" pos="ncfs000" postype="common" sense="16:06664059" wd="conciencia"/>
                    <sp arg="arg1" func="cn" tem="tem">
                      <prep>
                        <s lem="de" pos="sps00" postype="preposition" wd="de"/>
                      </prep>
                      <sn>
                        <spec gen="m" num="p">
                          <d gen="m" lem="el" num="p" pos="da0mp0" postype="article" wd="los"/>
                        </spec>
                        <grup.nom gen="m" num="p">
                          <n gen="c" lem="sindicalista" num="p" pos="nccp000" postype="common" sense="16:cs1" wd="sindicalistas"/>
                        </grup.nom>
                      </sn>
                    </sp>
                  </grup.nom>
                </sn>
              </sp>
            </grup.a>
            <f lem="," pos="fc" punct="comma" wd=","/>
          </s.a>
        </grup.nom>
      </sn>
    </sp>
    <sn>
      <spec gen="m" num="s">
        <d gen="m" lem="uno" num="s" pos="di0ms0" postype="indefinite" wd="un"/>
      </spec>
      <grup.nom gen="m" num="s">
        <n gen="m" lem="grupo" num="s" pos="ncms000" postype="common" sense="16:00017954" wd="grupo"/>
        <sp>
          <prep>
            <s lem="de" pos="sps00" postype="preposition" wd="de"/>
          </prep>
          <sn>
            <grup.nom gen="f" num="p">
              <n gen="f" lem="mujer" num="p" pos="ncfp000" postype="common" sense="16:07684780" wd="mujeres"/>
            </grup.nom>
          </sn>
        </sp>
        <sp>
          <f lem="," pos="fc" punct="comma" wd=","/>
          <prep>
            <c lem="como" pos="cs" postype="subordinating" wd="como"/>
          </prep>
          <sn complex="yes">
            <grup.nom coord="yes">
              <grup.nom gen="f" num="p">
                <p gen="c" lem="cuarenta" num="p" pos="pn0cp000" postype="numeral" wd="cuarenta"/>
              </grup.nom>
              <conj conjunctiontype="coordinating">
                <c lem="o" pos="cc" postype="coordinating" wd="o"/>
              </conj>
              <grup.nom gen="f" num="p">
                <p gen="c" lem="cincuenta" num="p" pos="pn0cp000" postype="numeral" wd="cincuenta"/>
              </grup.nom>
            </grup.nom>
          </sn>
        </sp>
      </grup.nom>
    </sn>
    <f lem="." pos="fp" punct="period" wd="."/>
  </sentence>
  <sentence verbless="yes">
    <sn>
      <grup.nom gen="f" num="p">
        <p gen="f" lem="uno" num="p" pos="pi0fp000" postype="indefinite" wd="Unas"/>
      </grup.nom>
      <f lem="," pos="fc" punct="comma" wd=","/>
    </sn>
    <S clausetype="adverbial" impersonal="yes">
      <gerundi>
        <v lem="jugar" lss="A22.transitive-agentive-theme" mood="gerund" pos="vmg0000" postype="main" wd="jugando"/>
      </gerundi>
      <sp arg="arg1" func="creg" tem="tem">
        <prep>
          <s lem="a" pos="sps00" postype="preposition" wd="a"/>
        </prep>
        <sn>
          <spec gen="f" num="p">
            <d gen="f" lem="el" num="p" pos="da0fp0" postype="article" wd="las"/>
          </spec>
          <grup.nom gen="f" num="p">
            <n gen="f" lem="carta" num="p" pos="ncfp000" postype="common" sense="16:02387006" wd="cartas"/>
          </grup.nom>
        </sn>
      </sp>
    </S>
    <f lem="." pos="fp" punct="period" wd="."/>
  </sentence>
  <sentence verbless="yes">
    <sn>
      <grup.nom gen="f" num="p">
        <p gen="f" lem="otro" num="p" pos="pi0fp000" postype="indefinite" wd="Otras"/>
      </grup.nom>
      <f lem="," pos="fc" punct="comma" wd=","/>
    </sn>
    <S clausetype="adverbial" impersonal="yes">
      <gerundi>
        <v lem="charlotear" lss="D11.inergative-agentive" mood="gerund" pos="vmg0000" postype="main" wd="charloteando"/>
      </gerundi>
    </S>
    <f lem="." pos="fp" punct="period" wd="."/>
  </sentence>
  <sentence verbless="yes">
    <sn>
      <grup.nom gen="f" num="p">
        <p gen="f" lem="todo" num="p" pos="pi0fp000" postype="indefinite" wd="Todas"/>
      </grup.nom>
      <f lem="," pos="fc" punct="comma" wd=","/>
    </sn>
    <S clausetype="adverbial" impersonal="yes">
      <gerundi>
        <v lem="inspeccionar" lss="A21.transitive-agentive-patient" mood="gerund" pos="vmg0000" postype="main" wd="inspeccionando"/>
      </gerundi>
      <sp arg="argM" func="cc" tem="mnr">
        <prep>
          <s lem="con" pos="sps00" postype="preposition" wd="con"/>
        </prep>
        <sn>
          <grup.nom gen="f" num="s">
            <n gen="f" lem="curiosidad" num="s" pos="ncfs000" postype="common" sense="16:04392100" wd="curiosidad"/>
          </grup.nom>
        </sn>
      </sp>
      <sp arg="arg1" func="cd" tem="pat">
        <prep>
          <s lem="a" pos="sps00" postype="preposition" wd="a"/>
        </prep>
        <sn>
          <spec gen="m" num="p">
            <d gen="m" lem="el" num="p" pos="da0mp0" postype="article" wd="los"/>
          </spec>
          <grup.nom gen="m" num="p">
            <n gen="m" lem="intruso" num="p" pos="ncmp000" postype="common" sense="16:07273655" wd="intrusos"/>
            <sp>
              <prep>
                <s contracted="yes" gen="m" lem="del" num="s" pos="spcms" postype="preposition" wd="del"/>
              </prep>
              <sn coord="yes">
                <sn>
                  <grup.nom gen="m" num="s">
                    <n gen="m" lem="bolígrafo" num="s" pos="ncms000" postype="common" sense="16:03102377" wd="bolígrafo"/>
                  </grup.nom>
                </sn>
                <conj conjunctiontype="coordinating">
                  <c lem="y" pos="cc" postype="coordinating" wd="y"/>
                </conj>
                <sn>
                  <spec gen="f" num="s">
                    <d gen="f" lem="el" num="s" pos="da0fs0" postype="article" wd="la"/>
                  </spec>
                  <grup.nom gen="f" num="s">
                    <n gen="f" lem="cámara" num="s" pos="ncfs000" postype="common" sense="16:03481923" wd="cámara"/>
                  </grup.nom>
                </sn>
              </sn>
            </sp>
          </grup.nom>
        </sn>
      </sp>
    </S>
    <f lem="." pos="fp" punct="period" wd="."/>
  </sentence>
  <sentence>
    <sp arg="argM" func="cc" tem="loc">
      <prep>
        <s contracted="yes" gen="m" lem="dentro_del" num="s" pos="spcms" postype="preposition" wd="Dentro_del"/>
      </prep>
      <sn entityref="ne" ne="location">
        <grup.nom gen="m" num="s">
          <n gen="m" lem="local" num="s" pos="ncms000" postype="common" sense="16:06356389" wd="local"/>
          <sp>
            <prep>
              <s contracted="yes" gen="m" lem="del" num="s" pos="spcms" postype="preposition" wd="del"/>
            </prep>
            <sn entityref="ne" ne="organization">
              <grup.nom gen="m" num="s">
                <n lem="Sindicato_de_Obreros_del_Campo" ne="organization" pos="np0000o" postype="proper" sense="16:cs1" wd="Sindicato_de_Obreros_del_Campo"/>
              </grup.nom>
            </sn>
          </sp>
          <S clausetype="relative">
            <f lem="," pos="fc" punct="comma" wd=","/>
            <relatiu arg="argM" func="cc" tem="loc">
              <p gen="c" lem="donde" num="c" pos="pr000000" postype="relative" wd="donde"/>
            </relatiu>
            <morfema.verbal func="pass">
              <p gen="c" lem="se" num="c" pos="p0000000" wd="se"/>
            </morfema.verbal>
            <grup.verb>
              <v lem="predicar" lss="B22.unaccusative-passive-transitive" mood="indicative" num="s" person="3" pos="vmip3s0" postype="main" tense="present" wd="predica"/>
            </grup.verb>
            <sn arg="arg1" coord="yes" func="suj" tem="pat">
              <sn>
                <spec gen="m" num="s">
                  <d gen="m" lem="uno" num="s" pos="di0ms0" postype="indefinite" wd="un"/>
                  <d gen="m" lem="cierto" num="s" pos="di0ms0" postype="indefinite" wd="cierto"/>
                </spec>
                <grup.nom gen="m" num="s">
                  <n gen="m" lem="cristianismo" num="s" pos="ncms000" postype="common" sense="16:04717211" wd="cristianismo"/>
                </grup.nom>
              </sn>
              <f lem="," pos="fc" punct="comma" wd=","/>
              <sn>
                <spec gen="m" num="s">
                  <d gen="m" lem="uno" num="s" pos="di0ms0" postype="indefinite" wd="un"/>
                </spec>
                <grup.nom gen="m" num="s">
                  <n gen="m" lem="anarquismo" num="s" pos="ncms000" postype="common" sense="16:04709855" wd="anarquismo"/>
                  <s.a gen="m" num="s">
                    <grup.a gen="m" num="s">
                      <a gen="m" lem="herético" num="s" pos="aq0ms0" postype="qualificative" wd="herético"/>
                    </grup.a>
                  </s.a>
                </grup.nom>
              </sn>
              <f lem="," pos="fc" punct="comma" wd=","/>
              <sn>
                <spec gen="m" num="s">
                  <d gen="m" lem="uno" num="s" pos="di0ms0" postype="indefinite" wd="un"/>
                </spec>
                <grup.nom gen="m" num="s">
                  <s.a gen="m" num="s">
                    <grup.a gen="m" num="s">
                      <a gen="m" lem="confuso" num="s" pos="aq0ms0" postype="qualificative" wd="confuso"/>
                    </grup.a>
                  </s.a>
                  <n gen="m" lem="utopismo" num="s" pos="ncms000" postype="common" sense="16:cs1" wd="utopismo"/>
                </grup.nom>
              </sn>
              <conj conjunctiontype="coordinating">
                <c lem="y" pos="cc" postype="coordinating" wd="y"/>
              </conj>
              <sn>
                <spec gen="f" num="s">
                  <d gen="f" lem="uno" num="s" pos="di0fs0" postype="indefinite" wd="una"/>
                </spec>
                <grup.nom gen="f" num="s">
                  <s.a gen="f" num="s">
                    <grup.a gen="f" num="s">
                      <a gen="f" lem="sano" num="s" pos="aq0fs0" postype="qualificative" wd="sana"/>
                    </grup.a>
                  </s.a>
                  <n gen="f" lem="honradez" num="s" pos="ncfs000" postype="common" sense="16:03814650" wd="honradez"/>
                  <s.a coord="yes" gen="f" num="s">
                    <f lem="," pos="fc" punct="comma" wd=","/>
                    <s.a gen="f" num="s">
                      <grup.a gen="f" num="s">
                        <a gen="f" lem="ingenuo" num="s" pos="aq0fs0" postype="qualificative" wd="ingenua"/>
                      </grup.a>
                    </s.a>
                    <conj conjunctiontype="coordinating">
                      <c lem="e" pos="cc" postype="coordinating" wd="e"/>
                    </conj>
                    <s.a gen="f" num="s">
                      <grup.a gen="f" num="s">
                        <a gen="f" lem="incontaminado" num="s" pos="aq0fs0" postype="qualificative" wd="incontaminada"/>
                      </grup.a>
                    </s.a>
                    <f lem="," pos="fc" punct="comma" wd=","/>
                  </s.a>
                </grup.nom>
              </sn>
            </sn>
          </S>
        </grup.nom>
      </sn>
    </sp>
    <sn arg="arg0" func="suj" tem="agt">
      <sadv adjunct="yes">
        <grup.adv>
          <r lem="casi" pos="rg" wd="casi"/>
        </grup.adv>
      </sadv>
      <sn>
        <spec gen="m" num="s">
          <d gen="m" lem="medio" num="s" pos="dn0ms0" postype="numeral" wd="medio"/>
        </spec>
        <grup.nom gen="m" num="s">
          <n gen="m" lem="centenar" num="s" pos="ncms000" postype="common" sense="16:09901877" wd="centenar"/>
          <sp>
            <prep>
              <s lem="de" pos="sps00" postype="preposition" wd="de"/>
            </prep>
            <sn>
              <grup.nom gen="m" num="p">
                <n gen="m" lem="jornalero" num="p" pos="ncmp000" postype="common" sense="16:07203392" wd="jornaleros"/>
              </grup.nom>
            </sn>
          </sp>
        </grup.nom>
      </sn>
    </sn>
    <grup.verb>
      <v lem="enjuagar" lss="A21.transitive-agentive-patient" mood="indicative" num="p" person="3" pos="vmii3p0" postype="main" tense="imperfect" wd="enjuagaban"/>
    </grup.verb>
    <sn arg="arg1" func="cd" tem="pat">
      <spec gen="m" num="s">
        <d gen="c" lem="su" num="s" person="3" pos="dp3cs0" postype="possessive" wd="su"/>
      </spec>
      <grup.nom gen="m" num="s">
        <n gen="m" lem="futuro" num="s" pos="ncms000" postype="common" sense="16:10849807" wd="futuro"/>
      </grup.nom>
    </sn>
    <sp arg="argM" func="cc" tem="loc">
      <prep>
        <s lem="en" pos="sps00" postype="preposition" wd="en"/>
      </prep>
      <sn coord="yes">
        <sn>
          <spec gen="f" num="s">
            <d gen="f" lem="el" num="s" pos="da0fs0" postype="article" wd="la"/>
          </spec>
          <grup.nom gen="f" num="s">
            <n gen="f" lem="cerveza" num="s" pos="ncfs000" postype="common" sense="16:05913023" wd="cerveza"/>
            <s.a gen="f" num="s">
              <grup.a gen="f" num="s">
                <a gen="f" lem="rubio" num="s" pos="aq0fs0" postype="qualificative" wd="rubia"/>
              </grup.a>
            </s.a>
            <sp>
              <prep>
                <s contracted="yes" gen="m" lem="del" num="s" pos="spcms" postype="preposition" wd="del"/>
              </prep>
              <sn>
                <grup.nom gen="m" num="s">
                  <n gen="m" lem="mediodía" num="s" pos="ncms000" postype="common" sense="16:10884479" wd="mediodía"/>
                </grup.nom>
              </sn>
            </sp>
          </grup.nom>
        </sn>
        <conj conjunctiontype="coordinating">
          <c lem="o" pos="cc" postype="coordinating" wd="o"/>
        </conj>
        <sn>
          <spec gen="m" num="s">
            <d gen="m" lem="el" num="s" pos="da0ms0" postype="article" wd="el"/>
          </spec>
          <grup.nom gen="m" num="s">
            <n gen="m" lem="tinto" num="s" pos="ncms000" postype="common" sense="16:05917325" wd="tinto"/>
            <sp>
              <prep>
                <s lem="de" pos="sps00" postype="preposition" wd="de"/>
              </prep>
              <sn>
                <grup.nom gen="m" num="s">
                  <n gen="m" lem="verano" num="s" pos="ncms000" postype="common" sense="16:10946199" wd="verano"/>
                </grup.nom>
              </sn>
            </sp>
            <sn>
              <grup.nom gen="m" num="s">
                <n gen="m" lem="prólogo" num="s" pos="ncms000" postype="common" sense="16:05258261" wd="prólogo"/>
                <sp>
                  <prep>
                    <s contracted="yes" gen="m" lem="del" num="s" pos="spcms" postype="preposition" wd="del"/>
                  </prep>
                  <sn>
                    <grup.nom gen="m" num="s">
                      <n gen="m" lem="almuerzo" num="s" pos="ncms000" postype="common" sense="16:05628419" wd="almuerzo"/>
                    </grup.nom>
                  </sn>
                </sp>
              </grup.nom>
            </sn>
          </grup.nom>
        </sn>
      </sn>
    </sp>
    <f lem="." pos="fp" punct="period" wd="."/>
  </sentence>
</article>
