<?xml version="1.0" encoding="UTF-8" standalone="no"?>
<!-- 

  ancora-2.0
       
			Copyright (C) 2007, 2008, 2009, 2010, 2011 UB - CLiC
			Centre de Llenguatge i Computació - Universitat de Barcelona
 
  This file is part of ancora-2.0.
 
  ancora-2.0 is free software and data: you can redistribute it and/or modify
  it under the terms of the GNU General Public License as published
  by the Free Software Foundation, either version 3 of the License,
  or (at your option) any later version.

  ancora-2.0 is distributed in the hope that it will be useful,
  but WITHOUT ANY WARRANTY; without even the implied warranty of
  MERCHANTABILITY or FITNESS FOR A PARTICULAR PURPOSE.  See the
  GNU General Public License for more details.
 
  You should have received a copy of the GNU General Public License
  along with ancora-2.0.  If not, see &lt;http://www.gnu.org/licenses/&gt;.
 
  Check a text in catalan explaining the terms of the license at http://www.softcatala.cat/wiki/GPL3.
  In spanish at http://www.viti.es/gnu/licenses/gpl.html
 

  The following paper must be cited when using this corpus:

 * Taulé, M., M.A. Martí, M. Recasens (2008) 'Ancora: Multilevel Annotated Corpora for Catalan and Spanish',
   Proceedings of 6th International Conference on Language Resources and Evaluation. Marrakesh (Morocco).

  In addition, the following paper must be cited if coreference information (attributes entity, coreftype,
  corefsubtype, homophoricDD or entityref) is used:

 * Recasens, Marta, M. Antònia Martí (2010) ‘AnCora-CO: Coreferentially annotated corpora for Spanish and
   Catalan’. Language Resources and Evaluation, Springer Science.

  Additionally, the following paper must be cited when argumental attributes in "sn" or "grup.nom"
  (attributes func, arg, tem or lexicalid) are used:

 * Peris, Aina, Mariona Taulé, Horacio Rodríguez (2010) ‘Semantic Annotation of Deverbal Nominalizations in the
   Spanish AnCora corpus’. Treebanks and Linguistic Theories (TLT-2010), Estonia.
-->
<article lng="es">
  <sentence>
    <morfema.verbal func="impers">
      <p gen="c" lem="se" num="c" pos="p0000000" wd="Se"/>
    </morfema.verbal>
    <grup.verb>
      <v lem="tratar" lss="A22.transitive-agentive-theme" mood="indicative" num="s" person="3" pos="vmip3s0" postype="main" tense="present" wd="trata"/>
    </grup.verb>
    <sadv arg="argM" func="cc" tem="tmp">
      <grup.adv>
        <r lem="ahora" pos="rg" wd="ahora"/>
      </grup.adv>
    </sadv>
    <sp arg="arg1" func="creg" tem="tem">
      <prep>
        <s lem="de" pos="sps00" postype="preposition" wd="de"/>
      </prep>
      <S clausetype="completive" impersonal="yes">
        <infinitiu>
          <v lem="luchar" lss="A22.transitive-agentive-theme" mood="infinitive" pos="vmn0000" postype="main" wd="luchar"/>
        </infinitiu>
        <sp arg="arg1" func="creg" tem="tem">
          <prep>
            <s lem="contra" pos="sps00" postype="preposition" wd="contra"/>
          </prep>
          <sn coord="yes">
            <sn>
              <spec gen="m" num="s">
                <d gen="m" lem="el" num="s" pos="da0ms0" postype="article" wd="el"/>
              </spec>
              <grup.nom gen="m" num="s">
                <n gen="m" lem="recorte" lexicalid="noun.recorte.3.default" num="s" origin="deverbal" pos="ncms000" postype="common" sense="16:00227536" wd="recorte"/>
                <sp arg="arg1" func="cn" tem="pat">
                  <prep>
                    <s contracted="yes" gen="m" lem="del" num="s" pos="spcms" postype="preposition" wd="del"/>
                  </prep>
                  <sn>
                    <grup.nom gen="m" num="s">
                      <n gen="m" lem="dinero" num="s" pos="ncms000" postype="common" sense="16:09639711" wd="dinero"/>
                      <sp>
                        <prep>
                          <s contracted="yes" gen="m" lem="del" num="s" pos="spcms" postype="preposition" wd="del"/>
                        </prep>
                        <sn entityref="ne" ne="other">
                          <grup.nom gen="m" num="s">
                            <n lem="PER" ne="other" pos="np0000a" postype="proper" sense="16:cs1" wd="PER"/>
                          </grup.nom>
                        </sn>
                      </sp>
                    </grup.nom>
                  </sn>
                </sp>
              </grup.nom>
            </sn>
            <conj conjunctiontype="coordinating">
              <c lem="y" pos="cc" postype="coordinating" wd="y"/>
            </conj>
            <sn>
              <spec gen="f" num="s">
                <d gen="f" lem="el" num="s" pos="da0fs0" postype="article" wd="la"/>
              </spec>
              <grup.nom gen="f" num="s">
                <n gen="f" lem="reducción" lexicalid="noun.reducción.3.default" num="s" origin="deverbal" pos="ncfs000" postype="common" sense="16:00225760" wd="reducción"/>
                <sp arg="arg1" func="cn" tem="tem">
                  <prep>
                    <s contracted="yes" gen="m" lem="del" num="s" pos="spcms" postype="preposition" wd="del"/>
                  </prep>
                  <sn>
                    <grup.nom gen="m" num="s">
                      <n gen="m" lem="salario" num="s" pos="ncms000" postype="common" sense="16:09556237" wd="salario"/>
                      <sp>
                        <prep>
                          <s lem="de" pos="sps00" postype="preposition" wd="de"/>
                        </prep>
                        <sn>
                          <spec gen="m" num="p">
                            <d gen="m" lem="el" num="p" pos="da0mp0" postype="article" wd="los"/>
                          </spec>
                          <grup.nom gen="m" num="p">
                            <n gen="m" lem="trabajador" num="p" pos="ncmp000" postype="common" sense="16:07240707" wd="trabajadores"/>
                            <S clausetype="participle" impersonal="yes">
                              <participi>
                                <a gen="m" lem="contratado" num="p" pos="aq0mpp" posfunction="participle" postype="qualificative" wd="contratados"/>
                              </participi>
                            </S>
                          </grup.nom>
                        </sn>
                      </sp>
                    </grup.nom>
                  </sn>
                </sp>
              </grup.nom>
            </sn>
          </sn>
        </sp>
      </S>
    </sp>
    <f lem="." pos="fp" punct="period" wd="."/>
  </sentence>
  <sentence>
    <f lem="-" pos="fg" punct="hyphen" wd="-"/>
    <sn arg="arg1" func="suj" tem="tem">
      <grup.nom gen="m" num="s">
        <p gen="m" lem="todo" num="s" pos="pi0ms000" postype="indefinite" wd="Todo"/>
      </grup.nom>
    </sn>
    <grup.verb>
      <v lem="comenzar" lss="C11.state-existential" mood="indicative" num="s" person="3" pos="vmis3s0" postype="main" tense="past" wd="comenzó"/>
    </grup.verb>
    <sp arg="argM" func="cc" tem="adv">
      <prep>
        <s lem="con" pos="sps00" postype="preposition" wd="con"/>
      </prep>
      <sn entityref="ne" ne="other">
        <spec gen="m" num="s">
          <d gen="m" lem="el" num="s" pos="da0ms0" postype="article" wd="el"/>
        </spec>
        <grup.nom gen="m" num="s">
          <n lem="Boletín_del_Estado" ne="other" pos="np0000a" postype="proper" sense="16:cs1" wd="Boletín_del_Estado"/>
        </grup.nom>
      </sn>
    </sp>
    <f lem="." pos="fp" punct="period" wd="."/>
  </sentence>
  <sentence coord="yes">
    <S>
      <sn arg="arg0" elliptic="yes" func="suj" tem="agt"/>
      <grup.verb>
        <v lem="intentar" lss="A21.transitive-agentive-patient" mood="indicative" num="p" person="3" pos="vmip3p0" postype="main" tense="present" wd="Intentan"/>
      </grup.verb>
      <S arg="arg1" clausetype="completive" func="cd" impersonal="yes" tem="pat">
        <infinitiu>
          <v lem="rebajar" lss="A11.transitive-causative" mood="infinitive" pos="vmn0000" postype="main" wd="rebajar"/>
        </infinitiu>
        <sn arg="argM" entityref="ne" func="cc" ne="number" tem="ext">
          <spec gen="m" num="s">
            <d gen="m" lem="uno" num="s" pos="di0ms0" postype="indefinite" wd="un"/>
          </spec>
          <grup.nom gen="m" num="s">
            <z lem="30_%" ne="number" pos="zp" postype="percentage" wd="30_por_ciento"/>
          </grup.nom>
        </sn>
        <sn arg="arg1" func="cd" tem="tem">
          <spec gen="m" num="p">
            <d gen="m" lem="el" num="p" pos="da0mp0" postype="article" wd="los"/>
          </spec>
          <grup.nom gen="m" num="p">
            <n gen="m" lem="fondo" num="p" pos="ncmp000" postype="common" sense="16:cs1" wd="fondos"/>
            <S clausetype="relative">
              <relatiu arg="arg1" func="cd" tem="pat">
                <p gen="c" lem="que" num="c" pos="pr0cn000" postype="relative" wd="que"/>
              </relatiu>
              <sn arg="arg0" elliptic="yes" func="suj" tem="agt"/>
              <grup.verb>
                <v lem="mandar" lss="A32.ditransitive-patient-benefactive" mood="indicative" num="p" person="3" pos="vmip3p0" postype="main" tense="present" wd="mandan"/>
              </grup.verb>
              <sp arg="argM" func="cc" tem="fin">
                <prep>
                  <s lem="para" pos="sps00" postype="preposition" wd="para"/>
                </prep>
                <sn entityref="ne" ne="other">
                  <spec gen="m" num="s">
                    <d gen="m" lem="el" num="s" pos="da0ms0" postype="article" wd="el"/>
                  </spec>
                  <grup.nom gen="m" num="s">
                    <n lem="PER" ne="other" pos="np0000a" postype="proper" sense="16:cs1" wd="PER"/>
                  </grup.nom>
                </sn>
              </sp>
            </S>
          </grup.nom>
        </sn>
      </S>
    </S>
    <conj conjunctiontype="coordinating">
      <c lem="y" pos="cc" postype="coordinating" wd="y"/>
    </conj>
    <S>
      <sadv func="et">
        <grup.adv>
          <r lem="además" pos="rg" wd="además"/>
        </grup.adv>
        <f lem="," pos="fc" punct="comma" wd=","/>
      </sadv>
      <sn arg="arg0" entityref="ne" func="suj" ne="organization" tem="cau">
        <spec gen="m" num="s">
          <d gen="m" lem="el" num="s" pos="da0ms0" postype="article" wd="el"/>
        </spec>
        <grup.nom gen="m" num="s">
          <n lem="Gobierno" ne="organization" pos="np0000o" postype="proper" sense="16:cs1" wd="Gobierno"/>
        </grup.nom>
      </sn>
      <grup.verb>
        <v lem="haber" mood="indicative" num="s" person="3" pos="vaip3s0" postype="auxiliary" tense="present" wd="ha"/>
        <v gen="m" lem="reducir" lss="A11.transitive-causative" mood="participle" num="s" pos="vmp00sm" postype="main" wd="reducido"/>
      </grup.verb>
      <sp arg="arg2" func="cc" tem="ext">
        <prep>
          <s lem="a" pos="sps00" postype="preposition" wd="a"/>
        </prep>
        <sn entityref="ne" ne="number">
          <spec gen="f" num="p">
            <z lem="60000" ne="number" wd="60.000"/>
          </spec>
          <grup.nom gen="f" num="p">
            <z lem="peseta" ne="number" pos="zm" postype="currency" wd="pesetas"/>
          </grup.nom>
        </sn>
      </sp>
      <sn arg="arg1" func="cd" tem="tem">
        <spec gen="m" num="s">
          <d gen="m" lem="el" num="s" pos="da0ms0" postype="article" wd="el"/>
        </spec>
        <grup.nom gen="m" num="s">
          <n gen="m" lem="dinero" num="s" pos="ncms000" postype="common" sense="16:09639711" wd="dinero"/>
          <sp>
            <prep>
              <s lem="por" pos="sps00" postype="preposition" wd="por"/>
            </prep>
            <sn>
              <grup.nom gen="m" num="s">
                <n gen="m" lem="trabajador" num="s" pos="ncms000" postype="common" sense="16:07240707" wd="trabajador"/>
              </grup.nom>
            </sn>
          </sp>
          <S clausetype="relative">
            <relatiu arg="arg1" func="cd" tem="pat">
              <p gen="c" lem="que" num="c" pos="pr0cn000" postype="relative" wd="que"/>
            </relatiu>
            <sn arg="arg0" elliptic="yes" func="suj" tem="agt"/>
            <grup.verb>
              <v lem="mandar" lss="A32.ditransitive-patient-benefactive" mood="indicative" num="s" person="3" pos="vmip3s0" postype="main" tense="present" wd="manda"/>
            </grup.verb>
            <sp arg="arg2" func="ci" tem="ben">
              <prep>
                <s lem="a" pos="sps00" postype="preposition" wd="a"/>
              </prep>
              <sn entityref="ne" ne="organization">
                <spec gen="m" num="p">
                  <d gen="m" lem="el" num="p" pos="da0mp0" postype="article" wd="los"/>
                </spec>
                <grup.nom gen="m" num="p">
                  <n lem="Ayuntamientos" ne="organization" pos="np0000o" postype="proper" sense="16:cs1" wd="Ayuntamientos"/>
                </grup.nom>
              </sn>
            </sp>
          </S>
        </grup.nom>
      </sn>
    </S>
    <f lem="." pos="fp" punct="period" wd="."/>
  </sentence>
  <sentence>
    <S arg="arg1" clausetype="completive" coord="yes" func="cd" tem="pat">
      <S clausetype="completive">
        <sn arg="arg1" discid="1c" func="cd" tem="pat">
          <sadv>
            <grup.adv>
              <r lem="hasta" pos="rg" wd="Hasta"/>
            </grup.adv>
          </sadv>
          <sn>
            <spec gen="m" num="s">
              <d gen="m" lem="el" num="s" pos="da0ms0" postype="article" wd="el"/>
            </spec>
            <grup.nom gen="m" num="s">
              <n gen="m" lem="salario" num="s" pos="ncms000" postype="common" sense="16:09556237" wd="salario"/>
              <sp>
                <prep>
                  <s lem="de" pos="sps00" postype="preposition" wd="de"/>
                </prep>
                <sn>
                  <grup.nom gen="m" num="s">
                    <n gen="m" lem="convenio" lexicalid="noun.convenio.5.default" num="s" origin="deverbal" pos="ncms000" postype="common" sense="16:05073898" wd="convenio"/>
                  </grup.nom>
                </sn>
              </sp>
            </grup.nom>
          </sn>
          <f lem="," pos="fc" punct="comma" wd=","/>
        </sn>
        <sn arg="arg0" elliptic="yes" func="suj" tem="agt"/>
        <grup.verb>
          <v lem="decir" lss="A32.ditransitive-patient-benefactive" mood="indicative" num="s" person="3" pos="vmip3s0" postype="main" tense="present" wd="dice"/>
        </grup.verb>
        <S arg="arg1" clausetype="completive" discid="1n" func="cd" tem="pat">
          <conj conjunctiontype="subordinating">
            <c lem="que" pos="cs" postype="subordinating" wd="que"/>
          </conj>
          <sn arg="arg1" func="cd" tem="pat">
            <grup.nom gen="m" num="s">
              <p case="accusative" gen="m" lem="él" num="s" person="3" pos="pp3msa00" postype="personal" wd="lo"/>
            </grup.nom>
          </sn>
          <grup.verb>
            <v lem="poner" lss="A31.ditransitive-patient-locative" mood="subjunctive" num="s" person="3" pos="vmsp3s0" postype="main" tense="present" wd="ponga"/>
          </grup.verb>
          <sn arg="arg0" func="suj" tem="agt">
            <spec gen="m" num="s">
              <d gen="m" lem="el" num="s" pos="da0ms0" postype="article" wd="el"/>
            </spec>
            <grup.nom gen="m" num="s">
              <n gen="m" lem="municipio" num="s" pos="ncms000" postype="common" sense="16:06355858" wd="municipio"/>
            </grup.nom>
          </sn>
        </S>
      </S>
      <conj conjunctiontype="coordinating">
        <c lem="y" pos="cc" postype="coordinating" wd="y"/>
      </conj>
      <S clausetype="completive">
        <sn arg="arg1" func="suj" tem="tem">
          <grup.nom gen="m" num="s">
            <p gen="c" lem="ese" num="s" pos="pd0ns000" postype="demonstrative" wd="eso"/>
          </grup.nom>
        </sn>
        <neg func="mod">
          <r lem="no" pos="rn" postype="negative" wd="no"/>
        </neg>
        <grup.verb>
          <v lem="poder" mood="indicative" num="s" person="3" pos="vmip3s0" postype="main" tense="present" wd="puede"/>
          <infinitiu>
            <v lem="ser" lss="C21.state-attributive" mood="infinitive" pos="vsn0000" postype="semiauxiliary" wd="ser"/>
          </infinitiu>
        </grup.verb>
      </S>
      <f lem="-" pos="fg" punct="hyphen" wd="-"/>
      <f lem="," pos="fc" punct="comma" wd=","/>
    </S>
    <sn arg="arg0" elliptic="yes" func="suj" tem="agt"/>
    <grup.verb>
      <v lem="desbrozar" lss="A21.transitive-agentive-patient" mood="indicative" num="s" person="3" pos="vmip3s0" postype="main" tense="present" wd="desbroza"/>
    </grup.verb>
    <sn arg="argM" func="cc" tem="adv">
      <grup.nom gen="f" num="s">
        <n gen="f" lem="pausa" num="s" pos="ncfs000" postype="common" sense="16:10969750" wd="pausa"/>
        <sp>
          <prep>
            <s lem="a" pos="sps00" postype="preposition" wd="a"/>
          </prep>
          <sn>
            <grup.nom gen="f" num="s">
              <n gen="f" lem="pausa" num="s" pos="ncfs000" postype="common" sense="16:10969750" wd="pausa"/>
            </grup.nom>
          </sn>
        </sp>
      </grup.nom>
    </sn>
    <f lem="." pos="fp" punct="period" wd="."/>
  </sentence>
  <sentence>
    <conj conjunctiontype="coordinating" func="et">
      <c lem="pero" pos="cc" postype="coordinating" wd="Pero"/>
      <f lem="," pos="fc" punct="comma" wd=","/>
    </conj>
    <f lem="¿" pos="fia" punct="questionmark" punctenclose="open" wd="¿"/>
    <neg func="mod">
      <r lem="no" pos="rn" postype="negative" wd="no"/>
    </neg>
    <grup.verb>
      <v lem="estar" lss="C21.state-attributive" mood="indicative" num="p" person="2" pos="vmii2p0" postype="main" tense="imperfect" wd="estabais"/>
    </grup.verb>
    <sn arg="arg1" elliptic="yes" func="suj" tem="tem"/>
    <sp arg="arg2" func="atr" tem="atr">
      <prep>
        <s contracted="yes" gen="m" lem="en_contra_del" num="s" pos="spcms" postype="preposition" wd="en_contra_del"/>
      </prep>
      <sn entityref="ne" ne="other">
        <grup.nom gen="m" num="s">
          <n lem="PER" ne="other" pos="np0000a" postype="proper" sense="16:cs1" wd="PER"/>
        </grup.nom>
      </sn>
    </sp>
    <f lem="?" pos="fit" punct="questionmark" punctenclose="close" wd="?"/>
  </sentence>
  <sentence verbless="yes">
    <f lem="-" pos="fg" punct="hyphen" wd="-"/>
    <neg>
      <r lem="no" pos="rn" postype="negative" wd="No"/>
    </neg>
    <sn>
      <f lem="," pos="fc" punct="comma" wd=","/>
      <grup.nom gen="m" num="s">
        <n gen="m" lem="hombre" num="s" pos="ncms000" postype="common" sense="16:cs1" wd="hombre"/>
      </grup.nom>
      <f lem="," pos="fc" punct="comma" wd=","/>
    </sn>
    <neg>
      <r lem="no" pos="rn" postype="negative" wd="no"/>
    </neg>
    <f lem="." pos="fp" punct="period" wd="."/>
  </sentence>
  <sentence>
    <sn arg="arg1" elliptic="yes" func="suj" tem="tem"/>
    <grup.verb>
      <v lem="estar" lss="C21.state-attributive" mood="indicative" num="p" person="1" pos="vmip1p0" postype="main" tense="present" wd="Estamos"/>
    </grup.verb>
    <sp arg="arg2" func="atr" tem="atr">
      <prep>
        <s lem="contra" pos="sps00" postype="preposition" wd="contra"/>
      </prep>
      <sn>
        <spec gen="f" num="s">
          <d gen="f" lem="el" num="s" pos="da0fs0" postype="article" wd="la"/>
        </spec>
        <grup.nom gen="f" num="s">
          <n gen="f" lem="miseria" num="s" pos="ncfs000" postype="common" sense="16:10397595" wd="miseria"/>
          <sp>
            <prep>
              <s contracted="yes" gen="m" lem="del" num="s" pos="spcms" postype="preposition" wd="del"/>
            </prep>
            <sn>
              <grup.nom gen="m" num="s">
                <n gen="m" lem="subsidio" num="s" pos="ncms000" postype="common" sense="16:50000159" wd="subsidio"/>
                <s.a gen="m" num="s">
                  <grup.a gen="m" num="s">
                    <a gen="m" lem="agrario" num="s" pos="aq0ms0" postype="qualificative" wd="agrario"/>
                  </grup.a>
                </s.a>
              </grup.nom>
            </sn>
          </sp>
        </grup.nom>
      </sn>
    </sp>
    <f lem="." pos="fp" punct="period" wd="."/>
  </sentence>
  <sentence>
    <S arg="arg1" clausetype="completive" func="cd" tem="pat">
      <conj conjunctiontype="coordinating" func="et">
        <c lem="pero" pos="cc" postype="coordinating" wd="Pero"/>
      </conj>
      <sn arg="arg1" entityref="ne" func="suj" ne="other" tem="tem">
        <spec gen="m" num="s">
          <d gen="m" lem="el" num="s" pos="da0ms0" postype="article" wd="el"/>
        </spec>
        <grup.nom gen="m" num="s">
          <n lem="PER" ne="other" pos="np0000a" postype="proper" sense="16:cs1" wd="PER"/>
        </grup.nom>
      </sn>
      <inc>
        <S coord="yes">
          <f lem="," pos="fc" punct="comma" wd=","/>
          <S>
            <conj conjunctiontype="subordinating" func="et">
              <c lem="que" pos="cs" postype="subordinating" wd="que"/>
            </conj>
            <morfema.pronominal>
              <p gen="c" lem="él" num="c" person="3" pos="p0300000" wd="se"/>
            </morfema.pronominal>
            <grup.verb>
              <v lem="enterar" lss="B11.unaccusative-motion" mood="subjunctive" num="p" person="3" pos="vmsp3p0" postype="main" tense="present" wd="enteren"/>
            </grup.verb>
            <sn arg="arg1" elliptic="yes" func="suj" tem="tem"/>
          </S>
          <f lem="," pos="fc" punct="comma" wd=","/>
          <S>
            <grup.verb>
              <v lem="poner" lss="A31.ditransitive-patient-locative" mood="imperative" num="s" person="2" pos="vmm02s0" postype="main" wd="pónlo"/>
            </grup.verb>
            <sn arg="arg0" elliptic="yes" func="suj" tem="agt"/>
          </S>
          <f lem="," pos="fc" punct="comma" wd=","/>
        </S>
      </inc>
      <grup.verb>
        <v lem="ser" lss="C21.state-attributive" mood="indicative" num="s" person="3" pos="vsip3s0" postype="semiauxiliary" tense="present" wd="es"/>
      </grup.verb>
      <sn arg="arg2" func="atr" tem="atr">
        <grup.nom gen="f" num="s">
          <n gen="f" lem="inversión" lexicalid="noun.inversión.2.default" num="s" origin="deverbal" pos="ncfs000" postype="common" sense="16:09599330" wd="inversión"/>
          <s.a arg="arg2" func="cn" gen="f" num="s" tem="loc">
            <grup.a gen="f" num="s">
              <a gen="f" lem="público" num="s" pos="aq0fs0" postype="qualificative" wd="pública"/>
            </grup.a>
          </s.a>
          <S clausetype="relative" func="cn">
            <relatiu arg="arg1" func="cd" tem="tem">
              <p gen="c" lem="que" num="c" pos="pr0cn000" postype="relative" wd="que"/>
            </relatiu>
            <sn arg="arg0" func="suj" tem="cau">
              <grup.nom gen="m" num="p">
                <p gen="m" lem="yo" num="p" person="1" pos="pp1mp000" postype="personal" wd="nosotros"/>
              </grup.nom>
            </sn>
            <grup.verb>
              <v lem="convertir" lss="A12.ditransitive-causative-state" mood="indicative" num="p" person="1" pos="vmip1p0" postype="main" tense="present" wd="convertimos"/>
            </grup.verb>
            <sp arg="arg2" coord="yes" func="creg" tem="efi">
              <sp>
                <prep>
                  <s lem="en" pos="sps00" postype="preposition" wd="en"/>
                </prep>
                <sn>
                  <grup.nom gen="f" num="s">
                    <n gen="f" lem="vivienda" num="s" pos="ncfs000" postype="common" sense="16:02933800" wd="vivienda"/>
                  </grup.nom>
                </sn>
              </sp>
              <f lem="," pos="fc" punct="comma" wd=","/>
              <sp>
                <prep>
                  <s lem="en" pos="sps00" postype="preposition" wd="en"/>
                </prep>
                <sn>
                  <grup.nom gen="f" num="p">
                    <n gen="f" lem="cooperativa" num="p" pos="ncfp000" postype="common" sense="16:06107474" wd="cooperativas"/>
                  </grup.nom>
                </sn>
              </sp>
            </sp>
          </S>
        </grup.nom>
      </sn>
      <f lem="-" pos="fg" punct="hyphen" wd="-"/>
      <f lem="," pos="fc" punct="comma" wd=","/>
    </S>
    <grup.verb>
      <v lem="matizar" lss="A21.transitive-agentive-patient" mood="indicative" num="s" person="3" pos="vmii3s0" postype="main" tense="imperfect" wd="matizaba"/>
    </grup.verb>
    <sn arg="arg0" func="suj" tem="agt">
      <spec gen="m" num="s">
        <d gen="m" lem="uno" num="s" pos="di0ms0" postype="indefinite" wd="un"/>
      </spec>
      <grup.nom gen="m" num="s">
        <n gen="m" lem="minusválido" num="s" pos="ncms000" postype="common" sense="16:07344066" wd="minusválido"/>
        <s.a gen="m" num="s">
          <grup.a gen="m" num="s">
            <a gen="m" lem="puestísimo" num="s" pos="aq0ms0" postype="qualificative" wd="puestísimo"/>
            <sp>
              <prep>
                <s lem="en" pos="sps00" postype="preposition" wd="en"/>
              </prep>
              <sn>
                <spec gen="m" num="s">
                  <d gen="m" lem="el" num="s" pos="da0ms0" postype="article" wd="el"/>
                </spec>
                <grup.nom gen="m" num="s">
                  <n gen="m" lem="tema" num="s" pos="ncms000" postype="common" sense="16:04950638" wd="tema"/>
                </grup.nom>
              </sn>
            </sp>
          </grup.a>
        </s.a>
      </grup.nom>
    </sn>
    <f lem="." pos="fp" punct="period" wd="."/>
  </sentence>
  <sentence>
    <f lem="-" pos="fg" punct="hyphen" wd="-"/>
    <sn arg="arg1" entityref="ne" func="suj" ne="other" tem="tem">
      <spec gen="m" num="s">
        <d gen="m" lem="el" num="s" pos="da0ms0" postype="article" wd="El"/>
      </spec>
      <grup.nom gen="m" num="s">
        <n lem="PER" ne="other" pos="np0000a" postype="proper" sense="16:cs1" wd="PER"/>
      </grup.nom>
    </sn>
    <grup.verb>
      <v lem="ser" lss="C21.state-attributive" mood="indicative" num="s" person="3" pos="vsip3s0" postype="semiauxiliary" tense="present" wd="es"/>
    </grup.verb>
    <sa arg="arg2" func="atr" tem="atr">
      <grup.a>
        <a gen="m" lem="necesario" num="s" pos="aq0ms0" postype="qualificative" wd="necesario"/>
      </grup.a>
    </sa>
    <sp arg="argM" func="cc" tem="tmp">
      <prep>
        <s lem="en" pos="sps00" postype="preposition" wd="en"/>
      </prep>
      <sn>
        <spec gen="m" num="p">
          <d gen="m" lem="este" num="p" pos="dd0mp0" postype="demonstrative" wd="estos"/>
        </spec>
        <grup.nom gen="m" num="p">
          <n gen="m" lem="pueblo" num="p" pos="ncmp000" postype="common" sense="16:06382213" wd="pueblos"/>
        </grup.nom>
      </sn>
    </sp>
    <f lem="." pos="fp" punct="period" wd="."/>
  </sentence>
  <sentence>
    <S arg="arg1" clausetype="completive" func="cd" tem="pat">
      <sn arg="arg1" func="suj" tem="tem">
        <spec gen="m" num="s">
          <d gen="c" lem="el" num="s" pos="da0ns0" postype="article" wd="Lo"/>
        </spec>
        <grup.nom gen="m" num="s">
          <S clausetype="relative">
            <relatiu arg="arg1" func="suj" tem="tem">
              <p gen="c" lem="que" num="c" pos="pr0cn000" postype="relative" wd="que"/>
            </relatiu>
            <neg func="mod">
              <r lem="no" pos="rn" postype="negative" wd="no"/>
            </neg>
            <grup.verb>
              <v lem="ser" lss="C21.state-attributive" mood="indicative" num="s" person="3" pos="vsip3s0" postype="semiauxiliary" tense="present" wd="es"/>
            </grup.verb>
            <sa arg="arg2" func="atr" tem="atr">
              <grup.a>
                <a gen="m" lem="necesario" num="s" pos="aq0ms0" postype="qualificative" wd="necesario"/>
              </grup.a>
            </sa>
          </S>
        </grup.nom>
      </sn>
      <grup.verb>
        <v lem="ser" lss="C21.state-attributive" mood="indicative" num="s" person="3" pos="vsip3s0" postype="semiauxiliary" tense="present" wd="es"/>
      </grup.verb>
      <sn arg="arg2" coord="yes" func="atr" tem="atr">
        <sn>
          <spec gen="m" num="s">
            <d gen="m" lem="el" num="s" pos="da0ms0" postype="article" wd="el"/>
          </spec>
          <grup.nom gen="m" num="s">
            <n gen="m" lem="tráfico" lexicalid="noun.tráfico.2.default" num="s" origin="deverbal" pos="ncms000" postype="common" sense="16:06231214" wd="tráfico"/>
            <sp arg="arg1" func="cn" tem="pat">
              <prep>
                <s lem="de" pos="sps00" postype="preposition" wd="de"/>
              </prep>
              <sn>
                <spec gen="f" num="p">
                  <d gen="f" lem="el" num="p" pos="da0fp0" postype="article" wd="las"/>
                </spec>
                <grup.nom gen="f" num="p">
                  <n gen="f" lem="peonás" num="p" pos="ncfp000" postype="common" sense="16:cs1" wd="peonás"/>
                </grup.nom>
              </sn>
            </sp>
          </grup.nom>
        </sn>
        <conj conjunctiontype="coordinating">
          <c lem="y" pos="cc" postype="coordinating" wd="y"/>
        </conj>
        <sn>
          <spec gen="f" num="s">
            <d gen="f" lem="el" num="s" pos="da0fs0" postype="article" wd="la"/>
          </spec>
          <grup.nom gen="f" num="s">
            <n gen="f" lem="indignidad" num="s" pos="ncfs000" postype="common" sense="16:03771844" wd="indignidad"/>
            <sp>
              <prep>
                <s contracted="yes" gen="m" lem="del" num="s" pos="spcms" postype="preposition" wd="del"/>
              </prep>
              <sn>
                <grup.nom gen="m" num="s">
                  <n gen="m" lem="subsidio" num="s" pos="ncms000" postype="common" sense="16:50000159" wd="subsidio"/>
                </grup.nom>
              </sn>
            </sp>
          </grup.nom>
        </sn>
      </sn>
      <f lem="-" pos="fg" punct="hyphen" wd="-"/>
      <f lem="," pos="fc" punct="comma" wd=","/>
    </S>
    <sn arg="arg0" elliptic="yes" func="suj" tem="agt"/>
    <grup.verb>
      <v lem="martillear" lss="A21.transitive-agentive-patient" mood="indicative" num="s" person="3" pos="vmii3s0" postype="main" tense="imperfect" wd="martilleaba"/>
    </grup.verb>
    <f lem="." pos="fp" punct="period" wd="."/>
  </sentence>
  <sentence>
    <sadv arg="argM" func="cc" tem="loc">
      <grup.adv>
        <r lem="fuera" pos="rg" wd="Fuera"/>
      </grup.adv>
      <f lem="," pos="fc" punct="comma" wd=","/>
    </sadv>
    <sn arg="arg0" entityref="ne" func="suj" ne="person" tem="agt">
      <grup.nom gen="f" num="s">
        <n lem="Juana" ne="person" pos="np0000p" postype="proper" sense="16:cs1" wd="Juana"/>
        <sn>
          <f lem="," pos="fc" punct="comma" wd=","/>
          <spec gen="f" num="s">
            <d gen="f" lem="uno" num="s" pos="di0fs0" postype="indefinite" wd="una"/>
          </spec>
          <grup.nom gen="f" num="s">
            <n gen="c" lem="joven" num="s" pos="nccs000" postype="common" sense="16:07692038" wd="joven"/>
            <sp>
              <prep>
                <s lem="de" pos="sps00" postype="preposition" wd="de"/>
              </prep>
              <sn>
                <spec gen="m" num="p">
                  <z lem="27" ne="number" wd="27"/>
                </spec>
                <grup.nom gen="m" num="p">
                  <n gen="m" lem="año" num="p" pos="ncmp000" postype="common" sense="16:10917509" wd="años"/>
                </grup.nom>
              </sn>
            </sp>
            <sp>
              <prep>
                <s lem="con" pos="sps00" postype="preposition" wd="con"/>
              </prep>
              <sn>
                <grup.nom gen="f" num="s">
                  <n gen="f" lem="mirada" lexicalid="noun.mirada.1.default" num="s" origin="deverbal" pos="ncfs000" postype="common" sense="16:00564117" wd="mirada"/>
                  <s.a complex="yes" func="cn" gen="f" num="s">
                    <grup.a coord="yes" gen="f" num="s">
                      <grup.a gen="f" num="s">
                        <a gen="f" lem="levantisco" num="s" pos="aq0fs0" postype="qualificative" wd="levantisca"/>
                      </grup.a>
                      <conj conjunctiontype="coordinating">
                        <c lem="y" pos="cc" postype="coordinating" wd="y"/>
                      </conj>
                      <grup.a gen="f" num="s">
                        <a gen="c" lem="militante" num="s" pos="aq0cs0" postype="qualificative" wd="militante"/>
                      </grup.a>
                    </grup.a>
                  </s.a>
                </grup.nom>
              </sn>
            </sp>
          </grup.nom>
          <f lem="," pos="fc" punct="comma" wd=","/>
        </sn>
      </grup.nom>
    </sn>
    <grup.verb>
      <v lem="hablar" lss="A22.transitive-agentive-theme" mood="indicative" num="s" person="3" pos="vmii3s0" postype="main" tense="imperfect" wd="hablaba"/>
    </grup.verb>
    <sp arg="arg1" func="creg" tem="tem">
      <prep>
        <s lem="de" pos="sps00" postype="preposition" wd="de"/>
      </prep>
      <sn>
        <spec gen="f" num="s">
          <d gen="f" lem="este" num="s" pos="dd0fs0" postype="demonstrative" wd="esta"/>
        </spec>
        <grup.nom gen="f" num="s">
          <n gen="f" lem="guerra" num="s" pos="ncfs000" postype="common" sense="16:00626011" wd="guerra"/>
        </grup.nom>
      </sn>
    </sp>
    <f lem="." pos="fp" punct="period" wd="."/>
  </sentence>
  <sentence>
    <f lem="-" pos="fg" punct="hyphen" wd="-"/>
    <sn arg="arg1" func="suj" tem="tem">
      <grup.nom gen="f" num="s">
        <p gen="f" lem="este" num="s" pos="pd0fs000" postype="demonstrative" wd="Ésta"/>
      </grup.nom>
    </sn>
    <neg func="mod">
      <r lem="no" pos="rn" postype="negative" wd="no"/>
    </neg>
    <grup.verb>
      <v lem="ser" lss="C21.state-attributive" mood="indicative" num="s" person="3" pos="vsip3s0" postype="semiauxiliary" tense="present" wd="es"/>
    </grup.verb>
    <sn arg="arg2" func="atr" tem="atr">
      <spec gen="f" num="s">
        <d gen="f" lem="uno" num="s" pos="di0fs0" postype="indefinite" wd="una"/>
      </spec>
      <grup.nom gen="f" num="s">
        <n gen="f" lem="guerra" num="s" pos="ncfs000" postype="common" sense="16:00626011" wd="guerra"/>
        <s.a gen="f" num="s">
          <grup.a gen="f" num="s">
            <a gen="c" lem="diferente" num="s" pos="aq0cs0" postype="qualificative" wd="diferente"/>
            <sp>
              <prep>
                <s lem="a" pos="sps00" postype="preposition" wd="a"/>
              </prep>
              <sn>
                <spec gen="f" num="p">
                  <d gen="f" lem="el" num="p" pos="da0fp0" postype="article" wd="las"/>
                </spec>
                <grup.nom gen="f" num="p">
                  <p gen="f" lem="otro" num="p" pos="pi0fp000" postype="indefinite" wd="otras"/>
                </grup.nom>
              </sn>
            </sp>
          </grup.a>
        </s.a>
      </grup.nom>
    </sn>
    <f lem="." pos="fp" punct="period" wd="."/>
  </sentence>
  <sentence>
    <sp arg="argM" func="cc" tem="tmp">
      <prep>
        <s lem="hasta" pos="sps00" postype="preposition" wd="Hasta"/>
      </prep>
      <S clausetype="completive">
        <conj conjunctiontype="subordinating">
          <c lem="que" pos="cs" postype="subordinating" wd="que"/>
        </conj>
        <sn arg="arg1" elliptic="yes" func="suj" tem="tem"/>
        <neg func="mod">
          <r lem="no" pos="rn" postype="negative" wd="no"/>
        </neg>
        <morfema.pronominal>
          <p gen="c" lem="él" num="c" person="3" pos="p0300000" wd="se"/>
        </morfema.pronominal>
        <grup.verb>
          <v lem="acabar" lss="C11.state-existential" mood="indicative" num="s" person="3" pos="vmip3s0" postype="main" tense="present" wd="acaba"/>
        </grup.verb>
      </S>
    </sp>
    <neg func="mod">
      <r lem="no" pos="rn" postype="negative" wd="no"/>
    </neg>
    <morfema.verbal func="pass">
      <p gen="c" lem="se" num="c" pos="p0000000" wd="se"/>
    </morfema.verbal>
    <grup.verb>
      <v lem="saber" lss="B22.unaccusative-passive-transitive" mood="indicative" num="s" person="3" pos="vmip3s0" postype="main" tense="present" wd="sabe"/>
    </grup.verb>
    <S arg="arg1" clausetype="completive" func="suj" tem="pat">
      <sadv arg="argM" func="cc" tem="loc">
        <grup.adv>
          <p lem="dónde" pos="pt000000" postype="interrogative" wd="dónde"/>
        </grup.adv>
      </sadv>
      <sn arg="arg1" elliptic="yes" func="suj" tem="tem"/>
      <grup.verb>
        <v lem="poder" mood="indicative" num="s" person="3" pos="vmip3s0" postype="main" tense="present" wd="puede"/>
        <infinitiu>
          <v lem="llegar" lss="B11.unaccusative-motion" mood="infinitive" pos="vmn0000" postype="main" wd="llegar"/>
        </infinitiu>
      </grup.verb>
    </S>
    <f lem="." pos="fp" punct="period" wd="."/>
  </sentence>
  <sentence coord="yes">
    <S>
      <sn arg="arg1" elliptic="yes" func="suj" tem="tem"/>
      <grup.verb>
        <v lem="estar" lss="C21.state-attributive" mood="indicative" num="p" person="1" pos="vmip1p0" postype="main" tense="present" wd="Estamos"/>
      </grup.verb>
      <S arg="arg2" clausetype="participle" func="atr" impersonal="yes" tem="atr">
        <participi>
          <a gen="f" lem="preparado" num="p" pos="aq0fpp" posfunction="participle" postype="qualificative" wd="preparadas"/>
        </participi>
      </S>
    </S>
    <conj conjunctiontype="coordinating">
      <c lem="y" pos="cc" postype="coordinating" wd="y"/>
    </conj>
    <S>
      <sn arg="arg1" elliptic="yes" func="suj" tem="tem"/>
      <neg func="mod">
        <r lem="no" pos="rn" postype="negative" wd="no"/>
      </neg>
      <grup.verb>
        <v lem="tener" lss="C21.state-attributive" mood="indicative" num="p" person="1" pos="vmip1p0" postype="main" tense="present" wd="tenemos"/>
      </grup.verb>
      <sn arg="arg2" func="cd" functype="quantitative" tem="atr">
        <grup.nom gen="m" num="s">
          <n gen="m" lem="miedo" num="s" pos="ncms000" postype="common" sense="16:05590260" wd="miedo"/>
        </grup.nom>
      </sn>
    </S>
    <f lem="." pos="fp" punct="period" wd="."/>
  </sentence>
  <sentence>
    <sn arg="arg1" func="suj" tem="tem">
      <spec arg="arg0" gen="f" num="s" tem="agt">
        <d gen="f" lem="nuestro" num="s" person="1" pos="dp1fsp" possessornum="p" postype="possessive" wd="Nuestra"/>
      </spec>
      <grup.nom gen="f" num="s">
        <n gen="f" lem="experiencia" lexicalid="noun.experiencia.2.default" num="s" origin="deverbal" pos="ncfs000" postype="common" sense="16:04441868" wd="experiencia"/>
      </grup.nom>
    </sn>
    <grup.verb>
      <v lem="ser" lss="C21.state-attributive" mood="indicative" num="s" person="3" pos="vsip3s0" postype="semiauxiliary" tense="present" wd="es"/>
    </grup.verb>
    <S arg="arg2" clausetype="completive" func="atr" tem="atr">
      <conj conjunctiontype="subordinating">
        <c lem="que" pos="cs" postype="subordinating" wd="que"/>
      </conj>
      <S clausesubtype="conditional" clausetype="adverbial" func="ao">
        <conj conjunctiontype="subordinating">
          <c lem="si" pos="cs" postype="subordinating" wd="si"/>
        </conj>
        <neg func="mod">
          <r lem="no" pos="rn" postype="negative" wd="no"/>
        </neg>
        <morfema.verbal func="impers">
          <p gen="c" lem="se" num="c" pos="p0000000" wd="se"/>
        </morfema.verbal>
        <grup.verb>
          <v lem="luchar" lss="A22.transitive-agentive-theme" mood="indicative" num="s" person="3" pos="vmip3s0" postype="main" tense="present" wd="lucha"/>
        </grup.verb>
      </S>
      <neg func="mod">
        <r lem="no" pos="rn" postype="negative" wd="no"/>
      </neg>
      <morfema.verbal func="pass">
        <p gen="c" lem="se" num="c" pos="p0000000" wd="se"/>
      </morfema.verbal>
      <grup.verb>
        <v lem="conseguir" lss="B22.unaccusative-passive-transitive" mood="indicative" num="s" person="3" pos="vmip3s0" postype="main" tense="present" wd="consigue"/>
      </grup.verb>
      <sn arg="arg1" func="suj" tem="pat">
        <grup.nom gen="m" num="s">
          <p gen="c" lem="nada" num="s" pos="pi0cs000" postype="indefinite" wd="nada"/>
        </grup.nom>
      </sn>
    </S>
    <f lem="." pos="fp" punct="period" wd="."/>
  </sentence>
  <sentence>
    <f lem="-" pos="fg" punct="hyphen" wd="-"/>
    <f lem="¿" pos="fia" punct="questionmark" punctenclose="open" wd="¿"/>
    <sn arg="arg1" func="cd" tem="pat">
      <grup.nom num="s">
        <p gen="c" lem="qué" num="s" pos="pt0cs000" postype="interrogative" wd="Qué"/>
      </grup.nom>
    </sn>
    <grup.verb>
      <v lem="haber" mood="indicative" num="p" person="3" pos="vaip3p0" postype="auxiliary" tense="present" wd="han"/>
      <v gen="m" lem="conseguir" lss="A21.transitive-agentive-patient" mood="participle" num="s" pos="vmp00sm" postype="main" wd="conseguido"/>
    </grup.verb>
    <sn arg="arg0" elliptic="yes" func="suj" tem="agt"/>
    <f lem="?" pos="fit" punct="questionmark" punctenclose="close" wd="?"/>
  </sentence>
  <sentence verbless="yes">
    <sn coord="yes">
      <sn>
        <grup.nom gen="f" num="p">
          <n gen="f" lem="vivienda" num="p" pos="ncfp000" postype="common" sense="16:02933800" wd="Viviendas"/>
        </grup.nom>
      </sn>
      <f lem="," pos="fc" punct="comma" wd=","/>
      <sn>
        <spec gen="f" num="s">
          <d gen="f" lem="uno" num="s" pos="di0fs0" postype="indefinite" wd="una"/>
        </spec>
        <grup.nom gen="f" num="s">
          <n gen="f" lem="finca" num="s" pos="ncfs000" postype="common" sense="16:09530909" wd="finca"/>
          <s.a gen="f" num="s">
            <grup.a gen="f" num="s">
              <n gen="f" lem="cooperativa" num="s" pos="ncfs000" postype="common" sense="16:06107474" wd="cooperativa"/>
            </grup.a>
          </s.a>
          <sp>
            <prep>
              <s contracted="yes" gen="m" lem="del" num="s" pos="spcms" postype="preposition" wd="del"/>
            </prep>
            <sn entityref="ne" ne="person">
              <grup.nom gen="m" num="s">
                <n lem="Duque_de_Infantado" ne="person" pos="np0000p" postype="proper" sense="16:cs1" wd="Duque_de_Infantado"/>
              </grup.nom>
            </sn>
          </sp>
          <sp>
            <prep>
              <s lem="de" pos="sps00" postype="preposition" wd="de"/>
            </prep>
            <sn entityref="ne" ne="number">
              <spec gen="f" num="p">
                <z lem="1200" ne="number" wd="1200"/>
              </spec>
              <grup.nom gen="f" num="p">
                <n gen="f" lem="hectárea" num="p" pos="ncfp000" postype="common" sense="16:09784524" wd="hectáreas"/>
                <S clausetype="relative">
                  <relatiu arg="arg1" func="cd" tem="tem">
                    <p gen="c" lem="que" num="c" pos="pr0cn000" postype="relative" wd="que"/>
                  </relatiu>
                  <sn arg="arg0" elliptic="yes" func="suj" tem="cau"/>
                  <grup.verb>
                    <v lem="ir" mood="indicative" num="p" person="3" pos="vmip3p0" postype="main" tense="present" wd="van"/>
                    <s lem="a" pos="sps00" postype="preposition" wd="a"/>
                    <infinitiu>
                      <v lem="poner" lss="A11.transitive-causative" mood="infinitive" pos="vmn0000" postype="main" wd="poner"/>
                    </infinitiu>
                  </grup.verb>
                  <sp arg="argL" func="cc">
                    <prep>
                      <s lem="en" pos="sps00" postype="preposition" wd="en"/>
                    </prep>
                    <sn>
                      <grup.nom gen="m" num="s">
                        <n gen="m" lem="regadío" num="s" pos="ncms000" postype="common" sense="16:cs1" wd="regadío"/>
                      </grup.nom>
                    </sn>
                  </sp>
                </S>
              </grup.nom>
            </sn>
          </sp>
        </grup.nom>
      </sn>
      <f lem="," pos="fc" punct="comma" wd=","/>
      <sn>
        <grup.nom gen="f" num="s">
          <n gen="f" lem="solidaridad" num="s" pos="ncfs000" postype="common" sense="16:03741896" wd="solidaridad"/>
        </grup.nom>
      </sn>
      <f lem="," pos="fc" punct="comma" wd=","/>
      <sn>
        <spec gen="m" num="s">
          <d gen="m" lem="uno" num="s" pos="di0ms0" postype="indefinite" wd="un"/>
        </spec>
        <grup.nom gen="m" num="s">
          <n gen="m" lem="modo" num="s" pos="ncms000" postype="common" sense="16:00111872" wd="modo"/>
          <sp>
            <prep>
              <s lem="de" pos="sps00" postype="preposition" wd="de"/>
            </prep>
            <S clausetype="completive" impersonal="yes">
              <infinitiu>
                <v lem="resistir" lss="A21.transitive-agentive-patient" mood="infinitive" pos="vmn0000" postype="main" wd="resistir"/>
              </infinitiu>
              <sn arg="arg1" func="cd" tem="pat">
                <spec gen="m" num="s">
                  <d gen="m" lem="el" num="s" pos="da0ms0" postype="article" wd="el"/>
                </spec>
                <grup.nom gen="m" num="s">
                  <n gen="m" lem="individualismo" num="s" pos="ncms000" postype="common" sense="16:03740742" wd="individualismo"/>
                  <s.a gen="m" num="s">
                    <grup.a gen="m" num="s">
                      <a gen="c" lem="salvaje" num="s" pos="aq0cs0" postype="qualificative" wd="salvaje"/>
                    </grup.a>
                  </s.a>
                  <S clausetype="relative">
                    <relatiu arg="arg0" func="suj" tem="agt">
                      <p gen="c" lem="que" num="c" pos="pr0cn000" postype="relative" wd="que"/>
                    </relatiu>
                    <sn arg="arg1" func="cd" tem="pat">
                      <grup.nom gen="m" num="p">
                        <p case="accusative" gen="m" lem="él" num="p" person="3" pos="pp3mpa00" postype="personal" wd="los"/>
                      </grup.nom>
                    </sn>
                    <grup.verb>
                      <v lem="invadir" lss="A21.transitive-agentive-patient" mood="indicative" num="s" person="3" pos="vmip3s0" postype="main" tense="present" wd="invade"/>
                    </grup.verb>
                    <sp arg="argM" func="cc" tem="loc">
                      <prep>
                        <s lem="desde" pos="sps00" postype="preposition" wd="desde"/>
                      </prep>
                      <sn>
                        <spec gen="f" num="s">
                          <d gen="f" lem="el" num="s" pos="da0fs0" postype="article" wd="la"/>
                        </spec>
                        <grup.nom gen="f" num="s">
                          <n gen="f" lem="ciudad" num="s" pos="ncfs000" postype="common" sense="16:06287351" wd="ciudad"/>
                        </grup.nom>
                      </sn>
                    </sp>
                  </S>
                </grup.nom>
              </sn>
            </S>
          </sp>
        </grup.nom>
      </sn>
      <conj conjunctiontype="coordinating">
        <c lem="y" pos="cc" postype="coordinating" wd="y"/>
      </conj>
      <sn>
        <spec gen="m" num="p">
          <d gen="m" lem="uno" num="p" pos="di0mp0" postype="indefinite" wd="unos"/>
        </spec>
        <grup.nom gen="m" num="p">
          <n gen="m" lem="político" num="p" pos="ncmp000" postype="common" sense="16:07486519" wd="políticos"/>
          <S clausetype="relative">
            <relatiu arg="arg0" func="suj" tem="agt">
              <p gen="c" lem="que" num="c" pos="pr0cn000" postype="relative" wd="que"/>
            </relatiu>
            <neg func="mod">
              <r lem="no" pos="rn" postype="negative" wd="no"/>
            </neg>
            <grup.verb>
              <v lem="haber" mood="indicative" num="p" person="3" pos="vaip3p0" postype="auxiliary" tense="present" wd="han"/>
              <v gen="m" lem="olvidar" lss="A21.transitive-agentive-patient" mood="participle" num="s" pos="vmp00sm" postype="main" wd="olvidado"/>
            </grup.verb>
            <sp arg="arg1" func="cd" tem="pat">
              <prep>
                <s lem="a" pos="sps00" postype="preposition" wd="a"/>
              </prep>
              <sn>
                <spec gen="m" num="s">
                  <d gen="c" lem="su" num="s" person="3" pos="dp3cs0" postype="possessive" wd="su"/>
                </spec>
                <grup.nom gen="m" num="s">
                  <n gen="m" lem="pueblo" num="s" pos="ncms000" postype="common" sense="16:06069040" wd="pueblo"/>
                </grup.nom>
              </sn>
            </sp>
          </S>
        </grup.nom>
      </sn>
    </sn>
    <f lem="." pos="fp" punct="period" wd="."/>
  </sentence>
</article>
