<?xml version="1.0" encoding="UTF-8" standalone="no"?>
<!-- 

  ancora-2.0
       
			Copyright (C) 2007, 2008, 2009, 2010, 2011 UB - CLiC
			Centre de Llenguatge i Computació - Universitat de Barcelona
 
  This file is part of ancora-2.0.
 
  ancora-2.0 is free software and data: you can redistribute it and/or modify
  it under the terms of the GNU General Public License as published
  by the Free Software Foundation, either version 3 of the License,
  or (at your option) any later version.

  ancora-2.0 is distributed in the hope that it will be useful,
  but WITHOUT ANY WARRANTY; without even the implied warranty of
  MERCHANTABILITY or FITNESS FOR A PARTICULAR PURPOSE.  See the
  GNU General Public License for more details.
 
  You should have received a copy of the GNU General Public License
  along with ancora-2.0.  If not, see &lt;http://www.gnu.org/licenses/&gt;.
 
  Check a text in catalan explaining the terms of the license at http://www.softcatala.cat/wiki/GPL3.
  In spanish at http://www.viti.es/gnu/licenses/gpl.html
 

  The following paper must be cited when using this corpus:

 * Taulé, M., M.A. Martí, M. Recasens (2008) 'Ancora: Multilevel Annotated Corpora for Catalan and Spanish',
   Proceedings of 6th International Conference on Language Resources and Evaluation. Marrakesh (Morocco).

  In addition, the following paper must be cited if coreference information (attributes entity, coreftype,
  corefsubtype, homophoricDD or entityref) is used:

 * Recasens, Marta, M. Antònia Martí (2010) ‘AnCora-CO: Coreferentially annotated corpora for Spanish and
   Catalan’. Language Resources and Evaluation, Springer Science.

  Additionally, the following paper must be cited when argumental attributes in "sn" or "grup.nom"
  (attributes func, arg, tem or lexicalid) are used:

 * Peris, Aina, Mariona Taulé, Horacio Rodríguez (2010) ‘Semantic Annotation of Deverbal Nominalizations in the
   Spanish AnCora corpus’. Treebanks and Linguistic Theories (TLT-2010), Estonia.
-->
<article lng="es">
  <sentence>
    <sn arg="arg0" entityref="ne" func="suj" ne="person" tem="agt">
      <grup.nom gen="m" num="s">
        <n lem="Eduardo_Valderrama" ne="person" pos="np0000p" postype="proper" sense="16:cs1" wd="Eduardo_Valderrama"/>
        <sn>
          <f lem="," pos="fc" punct="comma" wd=","/>
          <grup.nom gen="f" num="s">
            <n gen="c" lem="teniente" num="s" pos="nccs000" postype="common" sense="16:07372681" wd="teniente"/>
            <sp>
              <prep>
                <s lem="de" pos="sps00" postype="preposition" wd="de"/>
              </prep>
              <sn>
                <grup.nom gen="m" num="s">
                  <n gen="m" lem="alcalde" num="s" pos="ncms000" postype="common" sense="16:07401898" wd="alcalde"/>
                </grup.nom>
              </sn>
            </sp>
          </grup.nom>
          <f lem="," pos="fc" punct="comma" wd=","/>
        </sn>
      </grup.nom>
    </sn>
    <grup.verb>
      <v lem="exclamar" lss="A21.transitive-agentive-patient" mood="indicative" num="s" person="3" pos="vmip3s0" postype="main" tense="present" wd="exclama"/>
    </grup.verb>
    <S arg="arg1" clausetype="completive" func="cd" tem="pat">
      <f lem=":" pos="fd" punct="colon" wd=":"/>
      <f lem="-" pos="fg" punct="hyphen" wd="-"/>
      <grup.verb>
        <v lem="ir" lss="D11.inergative-agentive" mood="indicative" num="p" person="1" pos="vmip1p0" postype="main" tense="present" wd="Vamos"/>
      </grup.verb>
      <sn arg="arg0" elliptic="yes" func="suj" tem="agt"/>
      <sp arg="arg4" func="cc" tem="des">
        <prep>
          <s contracted="yes" gen="m" lem="al" num="s" pos="spcms" postype="preposition" wd="al"/>
        </prep>
        <sn>
          <grup.nom gen="m" num="s">
            <n gen="m" lem="lío" num="s" pos="ncms000" postype="common" sense="16:10340224" wd="lío"/>
          </grup.nom>
        </sn>
      </sp>
      <f lem="-" pos="fg" punct="hyphen" wd="-"/>
    </S>
    <f lem="." pos="fp" punct="period" wd="."/>
  </sentence>
  <sentence>
    <sn arg="arg1" func="suj" tem="tem">
      <spec gen="m" num="s">
        <d gen="m" lem="el" num="s" pos="da0ms0" postype="article" wd="El"/>
      </spec>
      <grup.nom gen="m" num="s">
        <n gen="m" lem="lío" num="s" pos="ncms000" postype="common" sense="16:10340224" wd="lío"/>
      </grup.nom>
    </sn>
    <grup.verb>
      <v lem="ser" lss="C21.state-attributive" mood="indicative" num="s" person="3" pos="vsip3s0" postype="semiauxiliary" tense="present" wd="es"/>
    </grup.verb>
    <sn arg="arg2" func="atr" tem="atr">
      <spec gen="f" num="s">
        <d gen="f" lem="el" num="s" pos="da0fs0" postype="article" wd="la"/>
      </spec>
      <grup.nom gen="f" num="s">
        <n gen="f" lem="asamblea" num="s" pos="ncfs000" postype="common" sense="16:06071059" wd="asamblea"/>
      </grup.nom>
    </sn>
    <f lem="." pos="fp" punct="period" wd="."/>
  </sentence>
  <sentence>
    <sn arg="arg1" entityref="ne" func="suj" ne="person" tem="tem">
      <grup.nom gen="m" num="s">
        <n lem="Juan_Manuel_Sánchez_Gordillo" ne="person" pos="np0000p" postype="proper" sense="16:cs1" wd="Juan_Manuel_Sánchez_Gordillo"/>
        <sn>
          <f lem="," pos="fc" punct="comma" wd=","/>
          <spec gen="m" num="s">
            <d gen="m" lem="el" num="s" pos="da0ms0" postype="article" wd="el"/>
          </spec>
          <grup.nom gen="m" num="s">
            <n gen="m" lem="alcalde" num="s" pos="ncms000" postype="common" sense="16:07401898" wd="alcalde"/>
          </grup.nom>
          <f lem="," pos="fc" punct="comma" wd=","/>
        </sn>
      </grup.nom>
    </sn>
    <grup.verb>
      <v lem="estar" lss="C11.state-existential" mood="indicative" num="s" person="3" pos="vmip3s0" postype="main" tense="present" wd="está"/>
    </grup.verb>
    <sp arg="arg2" func="creg" tem="loc">
      <prep>
        <s lem="en" pos="sps00" postype="preposition" wd="en"/>
      </prep>
      <sn entityref="ne" ne="location">
        <grup.nom>
          <n lem="Sevilla" ne="location" pos="np0000l" postype="proper" wd="Sevilla"/>
        </grup.nom>
      </sn>
    </sp>
    <sp arg="argM" func="cc" tem="loc">
      <f lem="," pos="fc" punct="comma" wd=","/>
      <prep>
        <s lem="en" pos="sps00" postype="preposition" wd="en"/>
      </prep>
      <sn>
        <spec gen="f" num="s">
          <d gen="f" lem="uno" num="s" pos="di0fs0" postype="indefinite" wd="una"/>
        </spec>
        <grup.nom gen="f" num="s">
          <n gen="f" lem="cosa" num="s" pos="ncfs000" postype="common" sense="16:04384343" wd="cosa"/>
          <sp>
            <prep>
              <s lem="de" pos="sps00" postype="preposition" wd="de"/>
            </prep>
            <sn entityref="ne" ne="organization">
              <grup.nom>
                <n lem="Agricultura" ne="organization" pos="np0000o" postype="proper" sense="16:cs1" wd="Agricultura"/>
              </grup.nom>
            </sn>
          </sp>
        </grup.nom>
      </sn>
    </sp>
    <f lem="." pos="fp" punct="period" wd="."/>
  </sentence>
  <sentence verbless="yes">
    <f lem="-" pos="fg" punct="hyphen" wd="-"/>
    <interjeccio>
      <i lem="bueno" wd="Bueno"/>
      <f lem="," pos="fc" punct="comma" wd=","/>
    </interjeccio>
    <conj conjunctiontype="subordinating">
      <c lem="pues" pos="cs" postype="subordinating" wd="pues"/>
    </conj>
    <S clausetype="completive" coord="yes">
      <S clausetype="completive">
        <conj conjunctiontype="subordinating">
          <c lem="que" pos="cs" postype="subordinating" wd="que"/>
        </conj>
        <neg func="mod">
          <r lem="no" pos="rn" postype="negative" wd="no"/>
        </neg>
        <grup.verb>
          <v lem="haber" lss="C11.state-existential" mood="indicative" num="s" person="3" pos="vaip3s0" postype="auxiliary" tense="present" wd="hay"/>
        </grup.verb>
        <sn arg="arg1" func="cd" functype="quantitative" tem="tem">
          <grup.nom num="s">
            <p gen="c" lem="ná" num="s" pos="pi0cs000" postype="indefinite" wd="ná"/>
          </grup.nom>
        </sn>
      </S>
      <f lem="," pos="fc" punct="comma" wd=","/>
      <S clausetype="completive">
        <conj conjunctiontype="subordinating">
          <c lem="que" pos="cs" postype="subordinating" wd="que"/>
        </conj>
        <grup.verb>
          <v lem="estar" lss="C21.state-attributive" mood="indicative" num="s" person="3" pos="vmip3s0" postype="main" tense="present" wd="está"/>
        </grup.verb>
        <sn arg="arg1" func="suj" tem="tem">
          <grup.nom gen="m" num="s">
            <p gen="m" lem="tó" num="s" pos="pi0ms000" postype="indefinite" wd="tó"/>
          </grup.nom>
        </sn>
        <sp arg="arg2" func="atr" tem="atr">
          <prep>
            <c lem="como" pos="cs" postype="subordinating" wd="como"/>
          </prep>
          <sadv complex="yes">
            <grup.adv coord="yes">
              <grup.adv>
                <r lem="ayer" pos="rg" wd="ayer"/>
              </grup.adv>
              <conj conjunctiontype="coordinating">
                <c lem="y" pos="cc" postype="coordinating" wd="y"/>
              </conj>
              <grup.adv>
                <r lem="anteayer" pos="rg" wd="anteayer"/>
              </grup.adv>
            </grup.adv>
          </sadv>
        </sp>
      </S>
    </S>
    <f lem="." pos="fp" punct="period" wd="."/>
  </sentence>
  <sentence coord="yes">
    <conj conjunctiontype="coordinating" func="et">
      <c lem="pero" pos="cc" postype="coordinating" wd="Pero"/>
    </conj>
    <S>
      <grup.verb>
        <v lem="haber" mood="indicative" num="s" person="3" pos="vaip3s0" postype="auxiliary" tense="present" wd="hay"/>
        <c lem="que" pos="cs" postype="subordinating" wd="que"/>
        <infinitiu>
          <v lem="comer" lss="A21.transitive-agentive-patient" mood="infinitive" pos="vmn0000" postype="main" wd="comer"/>
        </infinitiu>
      </grup.verb>
    </S>
    <conj conjunctiontype="coordinating">
      <c lem="y" pos="cc" postype="coordinating" wd="y"/>
    </conj>
    <S>
      <sn arg="arg0" elliptic="yes" func="suj" tem="agt"/>
      <grup.verb>
        <v lem="ir" mood="indicative" num="p" person="1" pos="vmip1p0" postype="main" tense="present" wd="vamos"/>
        <s lem="a" pos="sps00" postype="preposition" wd="a"/>
        <infinitiu>
          <v lem="organizar" lss="A21.transitive-agentive-patient" mood="infinitive" pos="vmn0000" postype="main" wd="organizar"/>
        </infinitiu>
      </grup.verb>
      <sn arg="arg1" func="cd" tem="pat">
        <spec gen="m" num="s">
          <d gen="m" lem="el" num="s" pos="da0ms0" postype="article" wd="el"/>
        </spec>
        <grup.nom gen="m" num="s">
          <n gen="m" lem="almuerzo" num="s" pos="ncms000" postype="common" sense="16:05628419" wd="almuerzo"/>
        </grup.nom>
      </sn>
    </S>
    <f lem="-" pos="fg" punct="hyphen" wd="-"/>
    <f lem="." pos="fp" punct="period" wd="."/>
  </sentence>
  <sentence>
    <sadv arg="argM" func="cc" tem="tmp">
      <grup.adv>
        <r lem="mañana" pos="rg" wd="Mañana"/>
      </grup.adv>
    </sadv>
    <morfema.pronominal>
      <p gen="c" lem="él" num="c" person="3" pos="p0300000" wd="se"/>
    </morfema.pronominal>
    <grup.verb>
      <v lem="producir" lss="B11.unaccusative-motion" mood="indicative" num="s" person="3" pos="vmif3s0" postype="main" tense="future" wd="producirá"/>
    </grup.verb>
    <sn arg="arg1" func="suj" tem="tem">
      <spec gen="f" num="s">
        <d gen="f" lem="el" num="s" pos="da0fs0" postype="article" wd="la"/>
      </spec>
      <grup.nom gen="f" num="s">
        <n gen="f" lem="entrevista" lexicalid="noun.entrevista.3.default" num="s" origin="deverbal" pos="ncfs000" postype="common" sense="16:05377714" wd="entrevista"/>
        <s.a func="cn" gen="f" num="s">
          <grup.a gen="f" num="s">
            <a gen="f" lem="decisivo" num="s" pos="aq0fs0" postype="qualificative" wd="decisiva"/>
          </grup.a>
        </s.a>
        <sp arg="arg1" func="cn" tem="tem">
          <prep>
            <s lem="con" pos="sps00" postype="preposition" wd="con"/>
          </prep>
          <sn entityref="ne" ne="person">
            <grup.nom gen="f" num="s">
              <n lem="Amparo_Rubiales" ne="person" pos="np0000p" postype="proper" sense="16:cs1" wd="Amparo_Rubiales"/>
              <sn entityref="ne" ne="person">
                <f lem="," pos="fc" punct="comma" wd=","/>
                <spec gen="f" num="s">
                  <d gen="f" lem="el" num="s" pos="da0fs0" postype="article" wd="la"/>
                </spec>
                <grup.nom gen="f" num="s">
                  <n gen="f" lem="delegada" num="s" pos="ncfs000" postype="common" sense="16:cs1" wd="delegada"/>
                  <sp>
                    <prep>
                      <s contracted="yes" gen="m" lem="del" num="s" pos="spcms" postype="preposition" wd="del"/>
                    </prep>
                    <sn entityref="ne" ne="organization">
                      <grup.nom gen="m" num="s">
                        <n lem="Gobierno" ne="organization" pos="np0000o" postype="proper" sense="16:cs1" wd="Gobierno"/>
                      </grup.nom>
                    </sn>
                  </sp>
                </grup.nom>
              </sn>
            </grup.nom>
          </sn>
        </sp>
      </grup.nom>
    </sn>
    <f lem="." pos="fp" punct="period" wd="."/>
  </sentence>
  <sentence>
    <morfema.verbal func="pass">
      <p gen="c" lem="se" num="c" pos="p0000000" wd="Se"/>
    </morfema.verbal>
    <grup.verb>
      <v lem="saber" lss="B22.unaccusative-passive-transitive" mood="indicative" num="s" person="3" pos="vmif3s0" postype="main" tense="future" wd="sabrá"/>
    </grup.verb>
    <sadv arg="argM" func="cc" tem="tmp">
      <grup.adv>
        <r lem="entonces" pos="rg" wd="entonces"/>
      </grup.adv>
    </sadv>
    <S arg="arg1" clausetype="completive" coord="yes" func="suj" tem="pat">
      <conj conjunctiontype="subordinating">
        <c lem="si" pos="cs" postype="subordinating" wd="si"/>
      </conj>
      <S clausetype="completive" coord="yes">
        <S clausetype="completive">
          <grup.verb>
            <v lem="haber" lss="C11.state-existential" mood="indicative" num="s" person="3" pos="vaip3s0" postype="auxiliary" tense="present" wd="hay"/>
          </grup.verb>
        </S>
        <conj conjunctiontype="coordinating">
          <c lem="o" pos="cc" postype="coordinating" wd="o"/>
        </conj>
        <S clausetype="completive" verbless="yes">
          <neg>
            <r lem="no" pos="rn" postype="negative" wd="no"/>
          </neg>
        </S>
      </S>
      <sn arg="arg2" func="cd" functype="quantitative" tem="ext">
        <grup.nom gen="f" num="s">
          <n gen="f" lem="huelga" num="s" pos="ncfs000" postype="common" sense="16:00807301" wd="huelga"/>
          <sp>
            <prep>
              <s lem="de" pos="sps00" postype="preposition" wd="de"/>
            </prep>
            <sn>
              <grup.nom gen="f" num="s">
                <n gen="f" lem="hambre" num="s" pos="ncfs000" postype="common" sense="16:10112984" wd="hambre"/>
              </grup.nom>
            </sn>
          </sp>
        </grup.nom>
      </sn>
      <sn arg="argM" func="cc" tem="tmp">
        <f lem="," pos="fc" punct="comma" wd=","/>
        <spec gen="f" num="s">
          <d gen="f" lem="otro" num="s" pos="di0fs0" postype="indefinite" wd="otra"/>
        </spec>
        <grup.nom gen="f" num="s">
          <n gen="f" lem="vez" num="s" pos="ncfs000" postype="common" sense="16:05449233" wd="vez"/>
        </grup.nom>
        <f lem="," pos="fc" punct="comma" wd=","/>
      </sn>
      <sp arg="argM" func="cc" tem="loc">
        <prep>
          <s lem="en" pos="sps00" postype="preposition" wd="en"/>
        </prep>
        <sn entityref="ne" ne="location">
          <grup.nom>
            <n lem="Marinaleda" ne="location" pos="np0000l" postype="proper" sense="16:cs1" wd="Marinaleda"/>
          </grup.nom>
        </sn>
      </sp>
    </S>
    <f lem="." pos="fp" punct="period" wd="."/>
  </sentence>
  <sentence coord="yes">
    <S>
      <sn arg="arg1" func="cd" functype="quantitative" tem="tem">
        <grup.nom gen="f" num="p">
          <p case="accusative" gen="f" lem="él" num="p" person="3" pos="pp3fpa00" postype="personal" wd="Las"/>
        </grup.nom>
      </sn>
      <grup.verb>
        <v lem="haber" lss="C11.state-existential" mood="indicative" num="s" person="3" pos="vais3s0" postype="auxiliary" tense="past" wd="hubo"/>
      </grup.verb>
      <S arg="argM" clausetype="adverbial" coord="yes" func="cc" tem="tmp">
        <S clausetype="adverbial" verbless="yes">
          <conj conjunctiontype="subordinating">
            <c lem="cuando" pos="cs" postype="subordinating" wd="cuando"/>
          </conj>
          <sn>
            <spec gen="f" num="s">
              <d gen="f" lem="el" num="s" pos="da0fs0" postype="article" wd="la"/>
            </spec>
            <grup.nom gen="f" num="s">
              <n gen="f" lem="reforma" lexicalid="noun.reforma.1.default" num="s" origin="deverbal" pos="ncfs000" postype="common" sense="16:00510453" wd="reforma"/>
              <s.a arg="arg1" func="cn" gen="f" num="s" tem="tem">
                <grup.a gen="f" num="s">
                  <a gen="f" lem="agrario" num="s" pos="aq0fs0" postype="qualificative" wd="agraria"/>
                </grup.a>
              </s.a>
            </grup.nom>
          </sn>
        </S>
        <f lem="," pos="fc" punct="comma" wd=","/>
        <S clausetype="adverbial" verbless="yes">
          <conj conjunctiontype="subordinating">
            <c lem="cuando" pos="cs" postype="subordinating" wd="cuando"/>
          </conj>
          <sn entityref="ne" ne="other">
            <spec gen="m" num="s">
              <d gen="m" lem="el" num="s" pos="da0ms0" postype="article" wd="el"/>
            </spec>
            <grup.nom gen="m" num="s">
              <n lem="PER" ne="other" pos="np0000a" postype="proper" sense="16:cs1" wd="PER"/>
            </grup.nom>
          </sn>
        </S>
        <f lem="," pos="fc" punct="comma" wd=","/>
        <S clausetype="adverbial">
          <conj conjunctiontype="subordinating">
            <c lem="cuando" pos="cs" postype="subordinating" wd="cuando"/>
          </conj>
          <sn arg="arg1" func="cd" tem="pat">
            <grup.nom num="s">
              <p gen="c" lem="qué" num="s" pos="pt0cs000" postype="interrogative" wd="qué"/>
            </grup.nom>
          </sn>
          <grup.verb>
            <v lem="saber" lss="A22.transitive-agentive-theme" mood="indicative" num="s" person="1" pos="vmip1s0" postype="main" tense="present" wd="sé"/>
          </grup.verb>
          <sn arg="arg0" func="suj" tem="agt">
            <grup.nom num="s">
              <p case="nominative" gen="c" lem="yo" num="s" person="1" pos="pp1csn00" postype="personal" wd="yo"/>
            </grup.nom>
          </sn>
        </S>
      </S>
    </S>
    <f lem="," pos="fc" punct="comma" wd=","/>
    <S>
      <S arg="argM" clausetype="adverbial" func="cc" tem="tmp">
        <conj conjunctiontype="subordinating">
          <c lem="siempre_que" pos="cs" postype="subordinating" wd="siempre_que"/>
        </conj>
        <grup.verb>
          <v lem="haber" mood="indicative" num="s" person="3" pos="vaip3s0" postype="auxiliary" tense="present" wd="ha"/>
          <v gen="m" lem="haber" lss="C11.state-existential" mood="participle" num="s" pos="vap00sm" postype="auxiliary" wd="habido"/>
        </grup.verb>
        <sn arg="arg1" func="cd" functype="quantitative" tem="tem">
          <grup.nom gen="m" num="s">
            <p gen="c" lem="algo" num="s" pos="pi0cs000" postype="indefinite" wd="algo"/>
            <s.a gen="m" num="s">
              <grup.a gen="m" num="s">
                <a gen="m" lem="gordo" num="s" pos="aq0ms0" postype="qualificative" wd="gordo"/>
              </grup.a>
            </s.a>
          </grup.nom>
        </sn>
        <f lem="," pos="fc" punct="comma" wd=","/>
      </S>
      <morfema.verbal func="impers">
        <p gen="c" lem="se" num="c" pos="p0000000" wd="se"/>
      </morfema.verbal>
      <grup.verb>
        <v lem="haber" mood="indicative" num="s" person="3" pos="vaip3s0" postype="auxiliary" tense="present" wd="ha"/>
        <v gen="m" lem="ayunar" lss="D11.inergative-agentive" mood="participle" num="s" pos="vmp00sm" postype="main" wd="ayunado"/>
      </grup.verb>
      <sadv arg="argM" func="cc" tem="adv">
        <grup.adv>
          <r lem="voluntariamente" pos="rg" wd="voluntariamente"/>
        </grup.adv>
      </sadv>
      <sp arg="argM" func="cc" tem="loc">
        <prep>
          <s lem="en" pos="sps00" postype="preposition" wd="en"/>
        </prep>
        <sn>
          <spec gen="m" num="s">
            <d gen="m" lem="este" num="s" pos="dd0ms0" postype="demonstrative" wd="este"/>
          </spec>
          <grup.nom gen="m" num="s">
            <n gen="m" lem="pueblo" num="s" pos="ncms000" postype="common" sense="16:06382213" wd="pueblo"/>
          </grup.nom>
        </sn>
      </sp>
    </S>
    <f lem="." pos="fp" punct="period" wd="."/>
  </sentence>
  <sentence>
    <S arg="arg1" clausetype="completive" func="cd" tem="pat">
      <f lem="-" pos="fg" punct="hyphen" wd="-"/>
      <sn arg="arg0" elliptic="yes" func="suj" tem="agt"/>
      <neg func="mod">
        <r lem="no" pos="rn" postype="negative" wd="No"/>
      </neg>
      <morfema.pronominal>
        <p gen="c" lem="yo" num="p" person="1" pos="p010p000" wd="nos"/>
      </morfema.pronominal>
      <grup.verb>
        <v lem="cagar" lss="A22.transitive-agentive-theme" mood="indicative" num="p" person="1" pos="vmip1p0" postype="main" tense="present" wd="cagamos"/>
      </grup.verb>
      <sp arg="arg1" func="creg" tem="tem">
        <prep>
          <s lem="en" pos="sps00" postype="preposition" wd="en"/>
        </prep>
        <sn>
          <grup.nom gen="m" num="s">
            <p gen="c" lem="nadie" num="s" pos="pi0cs000" postype="indefinite" wd="nadie"/>
          </grup.nom>
        </sn>
      </sp>
      <S arg="argM" clausetype="adverbial" func="cc" tem="cau">
        <f lem="," pos="fc" punct="comma" wd=","/>
        <conj conjunctiontype="subordinating">
          <c lem="porque" pos="cs" postype="subordinating" wd="porque"/>
        </conj>
        <sn arg="arg1" func="cd" tem="pat">
          <spec gen="m" num="s">
            <d gen="m" lem="alguno" num="s" pos="di0ms0" postype="indefinite" wd="algún"/>
          </spec>
          <grup.nom gen="m" num="s">
            <n arg="arg1" gen="m" lem="sacrificio" lexicalid="noun.sacrificio.1.default" num="s" origin="deverbal" pos="ncms000" postype="common" sense="16:00147781" tem="pat" wd="sacrificio"/>
          </grup.nom>
        </sn>
        <grup.verb>
          <v lem="haber" mood="indicative" num="s" person="3" pos="vaip3s0" postype="auxiliary" tense="present" wd="hay"/>
          <c lem="que" pos="cs" postype="subordinating" wd="que"/>
          <infinitiu>
            <v lem="hacer" lss="A21.transitive-agentive-patient" mood="infinitive" pos="vmn0000" postype="main" wd="hacer"/>
          </infinitiu>
        </grup.verb>
      </S>
      <f lem="-" pos="fg" punct="hyphen" wd="-"/>
      <f lem="," pos="fc" punct="comma" wd=","/>
    </S>
    <grup.verb>
      <v lem="decir" lss="A32.ditransitive-patient-benefactive" mood="indicative" num="s" person="3" pos="vmii3s0" postype="main" tense="imperfect" wd="decía"/>
    </grup.verb>
    <sn arg="arg0" func="suj" tem="agt">
      <spec gen="f" num="s">
        <d gen="f" lem="uno" num="s" pos="di0fs0" postype="indefinite" wd="una"/>
      </spec>
      <grup.nom gen="f" num="s">
        <n gen="f" lem="sindicona" num="s" pos="ncfs000" postype="common" sense="16:cs1" wd="sindicona"/>
      </grup.nom>
    </sn>
    <sp arg="argM" func="cc" tem="mnr">
      <prep>
        <s lem="con" pos="sps00" postype="preposition" wd="con"/>
      </prep>
      <sn>
        <spec gen="f" num="s">
          <d gen="f" lem="el" num="s" pos="da0fs0" postype="article" wd="la"/>
        </spec>
        <grup.nom gen="f" num="s">
          <n gen="f" lem="ironía" num="s" pos="ncfs000" postype="common" sense="16:05076385" wd="ironía"/>
          <sp>
            <prep>
              <s contracted="yes" gen="m" lem="del" num="s" pos="spcms" postype="preposition" wd="del"/>
            </prep>
            <sn entityref="ne" ne="location">
              <grup.nom gen="m" num="s">
                <n lem="Sur" ne="location" pos="np0000l" postype="proper" wd="Sur"/>
              </grup.nom>
            </sn>
          </sp>
        </grup.nom>
      </sn>
    </sp>
    <f lem="." pos="fp" punct="period" wd="."/>
  </sentence>
  <sentence>
    <f lem="-" pos="fg" punct="hyphen" wd="-"/>
    <conj conjunctiontype="coordinating" func="et">
      <c lem="pero" pos="cc" postype="coordinating" wd="Pero"/>
    </conj>
    <sn arg="arg0" entityref="ne" func="suj" ne="person" tem="agt">
      <grup.nom gen="m" num="s">
        <n lem="Felipe" ne="person" pos="np0000p" postype="proper" sense="16:cs1" wd="Felipe"/>
      </grup.nom>
    </sn>
    <sn arg="arg2" func="ci" tem="ben">
      <grup.nom num="p">
        <p gen="c" lem="yo" num="p" person="1" pos="pp1cp000" postype="personal" wd="nos"/>
      </grup.nom>
    </sn>
    <grup.verb>
      <v lem="estar" mood="indicative" num="s" person="3" pos="vmip3s0" postype="main" tense="present" wd="está"/>
      <gerundi>
        <v lem="hacer" lss="A21.transitive-agentive-patient" mood="gerund" pos="vmg0000" postype="main" wd="haciendo"/>
      </gerundi>
    </grup.verb>
    <sn arg="arg1" coord="yes" func="cd" tem="pat">
      <sn>
        <spec gen="f" num="p">
          <d gen="f" lem="todo" num="p" pos="di0fp0" postype="indefinite" wd="todas"/>
          <d gen="f" lem="el" num="p" pos="da0fp0" postype="article" wd="las"/>
        </spec>
        <grup.nom gen="f" num="p">
          <n gen="f" lem="putada" num="p" pos="ncfp000" postype="common" sense="16:10339449" wd="putadas"/>
          <sp>
            <prep>
              <s contracted="yes" gen="m" lem="del" num="s" pos="spcms" postype="preposition" wd="del"/>
            </prep>
            <sn>
              <grup.nom gen="m" num="s">
                <n gen="m" lem="mundo" num="s" pos="ncms000" postype="common" sense="16:04476879" wd="mundo"/>
              </grup.nom>
            </sn>
          </sp>
        </grup.nom>
      </sn>
      <conj conjunctiontype="coordinating">
        <c lem="y" pos="cc" postype="coordinating" wd="y"/>
      </conj>
      <sadv>
        <grup.adv>
          <r lem="más" pos="rg" wd="más"/>
        </grup.adv>
      </sadv>
    </sn>
    <f lem="." pos="fp" punct="period" wd="."/>
  </sentence>
  <sentence verbless="yes">
    <f lem="¿" pos="fia" punct="questionmark" punctenclose="open" wd="¿"/>
    <sn entityref="ne" ne="person">
      <grup.nom gen="m" num="s">
        <n lem="Aznar" ne="person" pos="np0000p" postype="proper" sense="16:50001564" wd="Aznar"/>
      </grup.nom>
    </sn>
    <f lem="?" pos="fit" punct="questionmark" punctenclose="close" wd="?"/>
  </sentence>
  <sentence>
    <f lem="¿" pos="fia" punct="questionmark" punctenclose="open" wd="¿"/>
    <sn arg="arg1" func="cd" tem="pat">
      <sn>
        <spec gen="f" num="p">
          <r lem="más" pos="rg" wd="Más"/>
        </spec>
        <grup.nom gen="f" num="p">
          <n gen="f" lem="putada" num="p" pos="ncfp000" postype="common" sense="16:10339449" wd="putadas"/>
        </grup.nom>
      </sn>
      <S adjunct="yes" clausesubtype="comparative" clausetype="adverbial" verbless="yes">
        <conj conjunctiontype="subordinating">
          <c lem="que" pos="cs" postype="subordinating" wd="que"/>
        </conj>
        <sn entityref="ne" ne="person">
          <grup.nom gen="m" num="s">
            <n lem="Felipe" ne="person" pos="np0000p" postype="proper" sense="16:cs1" wd="Felipe"/>
          </grup.nom>
        </sn>
      </S>
    </sn>
    <sn arg="arg2" func="ci" tem="ben">
      <grup.nom num="p">
        <p gen="c" lem="yo" num="p" person="1" pos="pp1cp000" postype="personal" wd="nos"/>
      </grup.nom>
    </sn>
    <grup.verb>
      <v lem="ir" mood="indicative" num="s" person="3" pos="vmip3s0" postype="main" tense="present" wd="va"/>
      <s lem="a" pos="sps00" postype="preposition" wd="a"/>
      <infinitiu>
        <v lem="hacer" lss="A21.transitive-agentive-patient" mood="infinitive" pos="vmn0000" postype="main" wd="hacer"/>
      </infinitiu>
    </grup.verb>
    <sn arg="arg0" elliptic="yes" func="suj" tem="agt"/>
    <f lem="?" pos="fit" punct="questionmark" punctenclose="close" wd="?"/>
  </sentence>
  <sentence>
    <sn arg="arg1" elliptic="yes" func="suj" tem="tem"/>
    <grup.verb>
      <v lem="ser" lss="C21.state-attributive" mood="indicative" num="s" person="3" pos="vsip3s0" postype="semiauxiliary" tense="present" wd="Es"/>
    </grup.verb>
    <sa arg="arg2" func="atr" tem="atr">
      <grup.a>
        <a gen="c" lem="imposible" num="s" pos="aq0cs0" postype="qualificative" wd="imposible"/>
      </grup.a>
    </sa>
    <f lem="." pos="fp" punct="period" wd="."/>
  </sentence>
  <sentence>
    <S arg="arg1" clausetype="completive" func="cd" tem="pat">
      <sn arg="arg1" elliptic="yes" func="suj" tem="tem"/>
      <neg func="mod">
        <r lem="no" pos="rn" postype="negative" wd="No"/>
      </neg>
      <sn arg="arg3" func="ci" tem="ben">
        <grup.nom num="s">
          <p case="dative" gen="c" lem="él" num="s" person="3" pos="pp3csd00" postype="personal" wd="le"/>
        </grup.nom>
      </sn>
      <grup.verb>
        <v lem="ir" mood="indicative" num="s" person="3" pos="vmip3s0" postype="main" tense="present" wd="va"/>
        <s lem="a" pos="sps00" postype="preposition" wd="a"/>
        <infinitiu>
          <v lem="dar_lugar" lss="B22.unaccusative-passive-transitive" mood="infinitive" pos="vmn0000" postype="main" wd="dar_lugar"/>
        </infinitiu>
      </grup.verb>
      <sp arg="arg2" func="creg" tem="tem">
        <prep>
          <s lem="a" pos="sps00" postype="preposition" wd="a"/>
        </prep>
        <S clausetype="completive" impersonal="yes">
          <infinitiu>
            <v lem="superar" lss="A21.transitive-agentive-patient" mood="infinitive" pos="vmn0000" postype="main" wd="superarlo"/>
          </infinitiu>
        </S>
      </sp>
      <f lem="-" pos="fg" punct="hyphen" wd="-"/>
      <f lem="," pos="fc" punct="comma" wd=","/>
    </S>
    <sn arg="arg0" elliptic="yes" func="suj" tem="agt"/>
    <grup.verb>
      <v lem="bramar" lss="A21.transitive-agentive-patient" mood="indicative" num="s" person="3" pos="vmii3s0" postype="main" tense="imperfect" wd="bramaba"/>
    </grup.verb>
    <sp arg="argM" func="cc" tem="loc">
      <prep>
        <s lem="cerca_de" pos="sps00" postype="preposition" wd="cerca_de"/>
      </prep>
      <sn>
        <spec gen="f" num="s">
          <d gen="f" lem="el" num="s" pos="da0fs0" postype="article" wd="la"/>
        </spec>
        <grup.nom gen="f" num="s">
          <n gen="f" lem="fuente" num="s" pos="ncfs000" postype="common" sense="16:02718013" wd="fuente"/>
          <sp>
            <prep>
              <s lem="de" pos="sps00" postype="preposition" wd="de"/>
            </prep>
            <sn>
              <grup.nom gen="m" num="p">
                <n gen="m" lem="color" num="p" pos="ncmp000" postype="common" sense="16:03875475" wd="colores"/>
              </grup.nom>
            </sn>
          </sp>
          <S clausetype="relative">
            <relatiu arg="arg2" func="cd" functype="quantitative" tem="atr">
              <p gen="c" lem="que" num="c" pos="pr0cn000" postype="relative" wd="que"/>
            </relatiu>
            <sn arg="arg1" elliptic="yes" func="suj" tem="tem"/>
            <neg func="mod">
              <r lem="no" pos="rn" postype="negative" wd="no"/>
            </neg>
            <grup.verb>
              <v lem="tener" lss="C21.state-attributive" mood="indicative" num="p" person="3" pos="vmip3p0" postype="main" tense="present" wd="tienen"/>
            </grup.verb>
            <sp arg="argM" func="cc" tem="loc">
              <prep>
                <s lem="en" pos="sps00" postype="preposition" wd="en"/>
              </prep>
              <sn entityref="ne" ne="location">
                <grup.nom>
                  <n lem="El_Rubio" ne="location" pos="np0000l" postype="proper" sense="16:cs1" wd="El_Rubio"/>
                  <sn>
                    <f lem="," pos="fc" punct="comma" wd=","/>
                    <spec gen="m" num="s">
                      <d gen="m" lem="el" num="s" pos="da0ms0" postype="article" wd="el"/>
                    </spec>
                    <grup.nom gen="m" num="s">
                      <n gen="m" lem="pueblo" num="s" pos="ncms000" postype="common" sense="16:06382213" wd="pueblo"/>
                      <sp>
                        <prep>
                          <s lem="de" pos="sps00" postype="preposition" wd="de"/>
                        </prep>
                        <sadv>
                          <grup.adv>
                            <r lem="al_lado" pos="rg" wd="al_lado"/>
                          </grup.adv>
                        </sadv>
                      </sp>
                    </grup.nom>
                  </sn>
                </grup.nom>
              </sn>
            </sp>
          </S>
        </grup.nom>
      </sn>
    </sp>
    <f lem="." pos="fp" punct="period" wd="."/>
  </sentence>
  <sentence>
    <sn arg="arg0" elliptic="yes" func="suj" tem="agt"/>
    <sadv arg="argM" func="cc" tem="tmp">
      <grup.adv>
        <r lem="siempre" pos="rg" wd="Siempre"/>
      </grup.adv>
    </sadv>
    <grup.verb>
      <v lem="haber" mood="indicative" num="p" person="3" pos="vaip3p0" postype="auxiliary" tense="present" wd="han"/>
      <v gen="m" lem="mandar" lss="A32.ditransitive-patient-benefactive" mood="participle" num="s" pos="vmp00sm" postype="main" wd="mandado"/>
    </grup.verb>
    <sp arg="argM" func="cc" tem="adv">
      <prep>
        <s lem="para" pos="sps00" postype="preposition" wd="para"/>
      </prep>
      <sn entityref="ne" ne="other">
        <spec gen="m" num="s">
          <d gen="m" lem="el" num="s" pos="da0ms0" postype="article" wd="el"/>
        </spec>
        <grup.nom gen="m" num="s">
          <n lem="PER" ne="other" pos="np0000a" postype="proper" sense="16:cs1" wd="PER"/>
        </grup.nom>
      </sn>
    </sp>
    <sn arg="arg1" func="cd" tem="pat">
      <spec gen="m" num="p">
        <z lem="45" ne="number" wd="45"/>
      </spec>
      <grup.nom gen="m" num="p">
        <n gen="m" lem="millón" num="p" pos="ncmp000" postype="common" sense="16:09902865" wd="millones"/>
        <sp>
          <f lem="," pos="fc" punct="comma" wd=","/>
          <prep>
            <c lem="como" pos="cs" postype="subordinating" wd="como"/>
          </prep>
          <sn coord="yes">
            <sn coord="yes">
              <sn>
                <grup.nom gen="f" num="p">
                  <z lem="7" ne="number" wd="7"/>
                </grup.nom>
              </sn>
              <conj conjunctiontype="coordinating">
                <c lem="u" pos="cc" postype="coordinating" wd="u"/>
              </conj>
              <sn>
                <spec gen="f" num="p">
                  <z lem="8" ne="number" wd="8"/>
                </spec>
                <grup.nom gen="f" num="p">
                  <f lem="-" pos="fg" punct="hyphen" wd="-"/>
                  <n gen="f" lem="peonás" num="p" pos="ncfp000" postype="common" sense="16:cs1" wd="peonás"/>
                  <f lem="-" pos="fg" punct="hyphen" wd="-"/>
                </grup.nom>
              </sn>
            </sn>
            <sp adjunct="yes">
              <prep>
                <s lem="para" pos="sps00" postype="preposition" wd="para"/>
              </prep>
              <sn>
                <spec gen="m" num="s">
                  <d gen="c" lem="cada" num="s" pos="di0cs0" postype="indefinite" wd="cada"/>
                </spec>
                <grup.nom gen="m" num="s">
                  <n gen="m" lem="parado" num="s" pos="ncms000" postype="common" sense="16:07655955" wd="parado"/>
                </grup.nom>
              </sn>
            </sp>
          </sn>
        </sp>
      </grup.nom>
    </sn>
    <f lem="." pos="fp" punct="period" wd="."/>
  </sentence>
  <sentence>
    <f lem="-" pos="fg" punct="hyphen" wd="-"/>
    <sp arg="argM" func="cc" tem="adv">
      <prep>
        <s lem="con" pos="sps00" postype="preposition" wd="Con"/>
      </prep>
      <sn>
        <spec gen="f" num="s">
          <d gen="f" lem="el" num="s" pos="da0fs0" postype="article" wd="la"/>
        </spec>
        <grup.nom gen="f" num="s">
          <n gen="f" lem="reducción" lexicalid="noun.reducción.1.default" num="s" origin="deverbal" pos="ncfs000" postype="common" sense="16:00225760" wd="reducción"/>
          <sp arg="arg2" func="cn" tem="ext">
            <prep>
              <s contracted="yes" gen="m" lem="del" num="s" pos="spcms" postype="preposition" wd="del"/>
            </prep>
            <sn entityref="ne" ne="number">
              <grup.nom gen="m" num="s">
                <z lem="30_%" ne="number" pos="zp" postype="percentage" wd="30_%"/>
              </grup.nom>
            </sn>
          </sp>
        </grup.nom>
      </sn>
      <f lem="," pos="fc" punct="comma" wd=","/>
    </sp>
    <sn arg="arg1" elliptic="yes" func="suj" tem="tem"/>
    <sadv func="mod">
      <grup.adv>
        <r lem="sólo" pos="rg" wd="sólo"/>
      </grup.adv>
    </sadv>
    <grup.verb>
      <v lem="caber" lss="C11.state-existential" mood="indicative" num="p" person="1" pos="vmif1p0" postype="main" tense="future" wd="cabremos"/>
    </grup.verb>
    <sp arg="arg2" func="creg" tem="loc">
      <prep>
        <s lem="a" pos="sps00" postype="preposition" wd="a"/>
      </prep>
      <sn complex="yes">
        <grup.nom coord="yes">
          <grup.nom num="p">
            <p gen="c" lem="cuatro" num="p" pos="pn0cp000" postype="numeral" wd="cuatro"/>
          </grup.nom>
          <conj conjunctiontype="coordinating">
            <c lem="o" pos="cc" postype="coordinating" wd="o"/>
          </conj>
          <grup.nom num="p">
            <p gen="c" lem="cinco" num="p" pos="pn0cp000" postype="numeral" wd="cinco"/>
          </grup.nom>
        </grup.nom>
      </sn>
    </sp>
    <f lem="." pos="fp" punct="period" wd="."/>
  </sentence>
  <sentence>
    <S arg="arg1" clausetype="completive" func="cd" tem="pat">
      <sn arg="arg1" func="suj" tem="tem">
        <grup.nom gen="m" num="p">
          <p gen="m" lem="mucho" num="p" pos="pi0mp000" postype="indefinite" wd="Muchos"/>
        </grup.nom>
      </sn>
      <neg func="mod">
        <r lem="no" pos="rn" postype="negative" wd="no"/>
      </neg>
      <grup.verb>
        <v lem="poder" mood="indicative" num="p" person="3" pos="vmif3p0" postype="main" tense="future" wd="podrán"/>
        <infinitiu>
          <v lem="tener" lss="C21.state-attributive" mood="infinitive" pos="vmn0000" postype="main" wd="tener"/>
        </infinitiu>
      </grup.verb>
      <sn arg="argM" func="cc" tem="tmp">
        <spec gen="m" num="s">
          <d gen="m" lem="este" num="s" pos="dd0ms0" postype="demonstrative" wd="este"/>
        </spec>
        <grup.nom gen="m" num="s">
          <n gen="m" lem="año" num="s" pos="ncms000" postype="common" sense="16:10917509" wd="año"/>
        </grup.nom>
      </sn>
      <sn arg="arg2" func="cd" functype="quantitative" tem="atr">
        <spec gen="f" num="p">
          <d gen="f" lem="el" num="p" pos="da0fp0" postype="article" wd="las"/>
          <z lem="60" ne="number" wd="60"/>
        </spec>
        <grup.nom gen="f" num="p">
          <n gen="f" lem="peonás" num="p" pos="ncfp000" postype="common" sense="16:cs1" wd="peonás"/>
          <s.a gen="f" num="p">
            <grup.a gen="f" num="p">
              <a gen="f" lem="necesario" num="p" pos="aq0fp0" postype="qualificative" wd="necesarias"/>
            </grup.a>
          </s.a>
        </grup.nom>
      </sn>
      <f lem="-" pos="fg" punct="hyphen" wd="-"/>
      <f lem="," pos="fc" punct="comma" wd=","/>
    </S>
    <grup.verb>
      <v lem="sentenciar" lss="A21.transitive-agentive-patient" mood="indicative" num="s" person="3" pos="vmii3s0" postype="main" tense="imperfect" wd="sentenciaba"/>
    </grup.verb>
    <sn arg="arg0" entityref="ne" func="suj" ne="person" tem="agt">
      <grup.nom gen="m" num="s">
        <n lem="Eduardo" ne="person" pos="np0000p" postype="proper" sense="16:cs1" wd="Eduardo"/>
      </grup.nom>
    </sn>
    <S arg="argM" clausetype="adverbial" func="cc" tem="tmp">
      <f lem="," pos="fc" punct="comma" wd=","/>
      <conj conjunctiontype="subordinating">
        <c lem="mientras" pos="cs" postype="subordinating" wd="mientras"/>
      </conj>
      <sn arg="arg0" func="suj" tem="agt">
        <spec gen="f" num="p">
          <d gen="f" lem="el" num="p" pos="da0fp0" postype="article" wd="las"/>
        </spec>
        <grup.nom gen="f" num="p">
          <n gen="f" lem="mujer" num="p" pos="ncfp000" postype="common" sense="16:07684780" wd="mujeres"/>
        </grup.nom>
      </sn>
      <grup.verb>
        <v lem="dejar" lss="A21.transitive-agentive-patient" mood="indicative" num="p" person="3" pos="vmii3p0" postype="main" tense="imperfect" wd="dejaban"/>
      </grup.verb>
      <sp arg="arg1" func="cd" tem="pat">
        <prep>
          <s lem="a" pos="sps00" postype="preposition" wd="a"/>
        </prep>
        <sn>
          <spec gen="m" num="p">
            <d gen="m" lem="el" num="p" pos="da0mp0" postype="article" wd="los"/>
          </spec>
          <grup.nom gen="m" num="p">
            <n gen="m" lem="hombre" num="p" pos="ncmp000" postype="common" sense="16:07391044" wd="hombres"/>
          </grup.nom>
        </sn>
      </sp>
      <S arg="arg2" clausetype="adverbial" func="cc" impersonal="yes" tem="atr">
        <gerundi>
          <v lem="discutir" lss="A21.transitive-agentive-patient" mood="gerund" pos="vmg0000" postype="main" wd="discutiendo"/>
        </gerundi>
        <S arg="arg1" clausetype="completive" func="cd" tem="pat">
          <conj conjunctiontype="subordinating">
            <c lem="si" pos="cs" postype="subordinating" wd="si"/>
          </conj>
          <morfema.verbal func="impers">
            <p gen="c" lem="se" num="c" pos="p0000000" wd="se"/>
          </morfema.verbal>
          <grup.verb>
            <v lem="volver" lss="D11.inergative-agentive" mood="indicative" num="s" person="3" pos="vmip3s0" postype="main" tense="present" wd="vuelve"/>
          </grup.verb>
          <sp arg="argM" coord="yes" func="cc" tem="tmp">
            <sp>
              <prep>
                <s lem="a" pos="sps00" postype="preposition" wd="a"/>
              </prep>
              <sn entityref="ne" ne="date">
                <spec gen="f" num="p">
                  <d gen="f" lem="el" num="p" pos="da0fp0" postype="article" wd="las"/>
                </spec>
                <grup.nom gen="f" num="p">
                  <w lem="[??:??/??/??:03.30]" ne="date" wd="tres_y_media"/>
                </grup.nom>
              </sn>
            </sp>
            <conj conjunctiontype="coordinating">
              <c lem="o" pos="cc" postype="coordinating" wd="o"/>
            </conj>
            <sp>
              <prep>
                <s lem="a" pos="sps00" postype="preposition" wd="a"/>
              </prep>
              <sn entityref="ne" ne="date">
                <spec gen="f" num="p">
                  <d gen="f" lem="el" num="p" pos="da0fp0" postype="article" wd="las"/>
                </spec>
                <grup.nom gen="f" num="p">
                  <n gen="f" lem="cuatro" num="p" pos="ncfp000" postype="common" sense="16:09896114" wd="cuatro"/>
                </grup.nom>
              </sn>
            </sp>
          </sp>
        </S>
      </S>
    </S>
    <f lem="." pos="fp" punct="period" wd="."/>
  </sentence>
  <sentence>
    <sadv arg="argM" func="cc" tem="tmp">
      <grup.adv>
        <r lem="hoy" pos="rg" wd="Hoy"/>
      </grup.adv>
    </sadv>
    <morfema.verbal func="impers">
      <p gen="c" lem="se" num="c" pos="p0000000" wd="se"/>
    </morfema.verbal>
    <grup.verb>
      <v lem="poder" mood="indicative" num="s" person="3" pos="vmii3s0" postype="main" tense="imperfect" wd="podía"/>
      <infinitiu>
        <v lem="comer" lss="A21.transitive-agentive-patient" mood="infinitive" pos="vmn0000" postype="main" wd="comer"/>
      </infinitiu>
      <f lem=";" pos="fx" punct="semicolon" wd=";"/>
    </grup.verb>
    <S clausesubtype="consecutive" clausetype="adverbial" func="ao" verbless="yes">
      <conj conjunctiontype="subordinating">
        <c lem="pues" pos="cs" postype="subordinating" wd="pues"/>
      </conj>
      <sp>
        <prep>
          <s lem="a" pos="sps00" postype="preposition" wd="a"/>
        </prep>
        <S clausetype="completive" impersonal="yes">
          <infinitiu>
            <v lem="comer" lss="A21.transitive-agentive-patient" mood="infinitive" pos="vmn0000" postype="main" wd="comer"/>
          </infinitiu>
        </S>
        <f lem="," pos="fc" punct="comma" wd=","/>
      </sp>
      <S clausetype="adverbial">
        <conj conjunctiontype="subordinating" func="et">
          <c lem="que" pos="cs" postype="subordinating" wd="que"/>
        </conj>
        <sadv arg="argM" func="cc" tem="tmp">
          <grup.adv>
            <r lem="mañana" pos="rg" wd="mañana"/>
          </grup.adv>
        </sadv>
        <sn arg="arg0" func="suj" tem="agt">
          <grup.nom num="s">
            <p gen="c" lem="quién" num="s" pos="pt0cs000" postype="interrogative" wd="quién"/>
          </grup.nom>
        </sn>
        <grup.verb>
          <v lem="saber" lss="A22.transitive-agentive-theme" mood="indicative" num="s" person="3" pos="vmip3s0" postype="main" tense="present" wd="sabe"/>
        </grup.verb>
      </S>
    </S>
    <f lem="." pos="fp" punct="period" wd="."/>
  </sentence>
</article>
