<?xml version="1.0" encoding="UTF-8" standalone="no"?>
<!-- 

  ancora-2.0
       
			Copyright (C) 2007, 2008, 2009, 2010, 2011 UB - CLiC
			Centre de Llenguatge i Computació - Universitat de Barcelona
 
  This file is part of ancora-2.0.
 
  ancora-2.0 is free software and data: you can redistribute it and/or modify
  it under the terms of the GNU General Public License as published
  by the Free Software Foundation, either version 3 of the License,
  or (at your option) any later version.

  ancora-2.0 is distributed in the hope that it will be useful,
  but WITHOUT ANY WARRANTY; without even the implied warranty of
  MERCHANTABILITY or FITNESS FOR A PARTICULAR PURPOSE.  See the
  GNU General Public License for more details.
 
  You should have received a copy of the GNU General Public License
  along with ancora-2.0.  If not, see &lt;http://www.gnu.org/licenses/&gt;.
 
  Check a text in catalan explaining the terms of the license at http://www.softcatala.cat/wiki/GPL3.
  In spanish at http://www.viti.es/gnu/licenses/gpl.html
 

  The following paper must be cited when using this corpus:

 * Taulé, M., M.A. Martí, M. Recasens (2008) 'Ancora: Multilevel Annotated Corpora for Catalan and Spanish',
   Proceedings of 6th International Conference on Language Resources and Evaluation. Marrakesh (Morocco).

  In addition, the following paper must be cited if coreference information (attributes entity, coreftype,
  corefsubtype, homophoricDD or entityref) is used:

 * Recasens, Marta, M. Antònia Martí (2010) ‘AnCora-CO: Coreferentially annotated corpora for Spanish and
   Catalan’. Language Resources and Evaluation, Springer Science.

  Additionally, the following paper must be cited when argumental attributes in "sn" or "grup.nom"
  (attributes func, arg, tem or lexicalid) are used:

 * Peris, Aina, Mariona Taulé, Horacio Rodríguez (2010) ‘Semantic Annotation of Deverbal Nominalizations in the
   Spanish AnCora corpus’. Treebanks and Linguistic Theories (TLT-2010), Estonia.
-->
<article lng="es">
  <sentence coord="yes">
    <S>
      <sn arg="arg0" elliptic="yes" func="suj" tem="agt"/>
      <grup.verb>
        <v lem="abrir" lss="A21.transitive-agentive-patient" mood="indicative" num="s" person="3" pos="vmis3s0" postype="main" tense="past" wd="Abrió"/>
      </grup.verb>
      <sn arg="arg1" func="cd" tem="pat">
        <spec gen="m" num="s">
          <d gen="m" lem="uno" num="s" pos="di0ms0" postype="indefinite" wd="un"/>
        </spec>
        <grup.nom gen="m" num="s">
          <s.a gen="m" num="s">
            <grup.a gen="m" num="s">
              <a gen="m" lem="solo" num="s" pos="aq0ms0" postype="qualificative" wd="solo"/>
            </grup.a>
          </s.a>
          <n gen="m" lem="ojo" num="s" pos="ncms000" postype="common" sense="16:04122028" wd="ojo"/>
        </grup.nom>
      </sn>
      <sp arg="argM" func="cc" tem="adv">
        <f lem="," pos="fc" punct="comma" wd=","/>
        <prep>
          <c lem="como" pos="cs" postype="subordinating" wd="como"/>
        </prep>
        <S clausetype="completive">
          <conj conjunctiontype="subordinating">
            <c lem="si" pos="cs" postype="subordinating" wd="si"/>
          </conj>
          <sn arg="arg0" elliptic="yes" func="suj" tem="agt"/>
          <grup.verb>
            <v lem="temer" lss="A21.transitive-agentive-patient" mood="subjunctive" num="s" person="3" pos="vmsi3s0" postype="main" tense="imperfect" wd="temiera"/>
          </grup.verb>
          <S arg="arg1" clausetype="completive" func="cd" tem="pat">
            <conj conjunctiontype="subordinating">
              <c lem="que" pos="cs" postype="subordinating" wd="que"/>
            </conj>
            <sn arg="arg0" func="suj" tem="agt">
              <spec gen="m" num="p">
                <d gen="m" lem="el" num="p" pos="da0mp0" postype="article" wd="los"/>
              </spec>
              <grup.nom gen="m" num="p">
                <p gen="c" lem="dos" num="p" pos="pn0cp000" postype="numeral" wd="dos"/>
              </grup.nom>
            </sn>
            <sn arg="arg2" func="ci" tem="ben">
              <grup.nom num="s">
                <p case="dative" gen="c" lem="él" num="s" person="3" pos="pp3csd00" postype="personal" wd="le"/>
              </grup.nom>
            </sn>
            <grup.verb>
              <v lem="confirmar" lss="A21.transitive-agentive-patient" mood="subjunctive" num="p" person="3" pos="vmsi3p0" postype="main" tense="imperfect" wd="confirmaran"/>
            </grup.verb>
            <sadv arg="argM" func="cc" tem="mnr">
              <grup.adv>
                <r lem="excesivamente" pos="rg" wd="excesivamente"/>
              </grup.adv>
            </sadv>
            <sn arg="arg1" func="cd" tem="pat">
              <spec gen="f" num="s">
                <d gen="f" lem="el" num="s" pos="da0fs0" postype="article" wd="la"/>
              </spec>
              <grup.nom gen="f" num="s">
                <n gen="f" lem="panza" num="s" pos="ncfs000" postype="common" sense="16:04304039" wd="panza"/>
                <sp>
                  <prep>
                    <s lem="de" pos="sps00" postype="preposition" wd="de"/>
                  </prep>
                  <sn>
                    <grup.nom gen="m" num="s">
                      <n gen="m" lem="burro" num="s" pos="ncms000" postype="common" sense="16:01887170" wd="burro"/>
                    </grup.nom>
                  </sn>
                </sp>
                <sp>
                  <prep>
                    <s contracted="yes" gen="m" lem="del" num="s" pos="spcms" postype="preposition" wd="del"/>
                  </prep>
                  <sn>
                    <grup.nom gen="m" num="s">
                      <n gen="m" lem="cielo" num="s" pos="ncms000" postype="common" sense="16:06285184" wd="cielo"/>
                    </grup.nom>
                  </sn>
                </sp>
              </grup.nom>
            </sn>
          </S>
        </S>
      </sp>
    </S>
    <f lem="," pos="fc" punct="comma" wd=","/>
    <S>
      <sn arg="arg0" func="suj" tem="cau">
        <spec gen="f" num="s">
          <d gen="f" lem="el" num="s" pos="da0fs0" postype="article" wd="la"/>
        </spec>
        <grup.nom gen="f" num="s">
          <n gen="f" lem="obscenidad" num="s" pos="ncfs000" postype="common" sense="16:05331114" wd="obscenidad"/>
          <sp>
            <prep>
              <s lem="de" pos="sps00" postype="preposition" wd="de"/>
            </prep>
            <sn>
              <spec gen="f" num="s">
                <d gen="f" lem="aquel" num="s" pos="dd0fs0" postype="demonstrative" wd="aquella"/>
              </spec>
              <grup.nom gen="f" num="s">
                <n gen="f" lem="piel" num="s" pos="ncfs000" postype="common" sense="16:04068217" wd="piel"/>
                <s.a complex="yes" gen="f" num="s">
                  <grup.a coord="yes" gen="f" num="s">
                    <grup.a gen="f" num="s">
                      <a gen="c" lem="gris" num="s" pos="aq0cs0" postype="qualificative" wd="gris"/>
                    </grup.a>
                    <conj conjunctiontype="coordinating">
                      <c lem="y" pos="cc" postype="coordinating" wd="y"/>
                    </conj>
                    <grup.a gen="f" num="s">
                      <a gen="f" lem="terco" num="s" pos="aq0fs0" postype="qualificative" wd="terca"/>
                    </grup.a>
                  </grup.a>
                </s.a>
                <S clausetype="relative">
                  <relatiu arg="arg0" func="suj" tem="cau">
                    <p gen="c" lem="que" num="c" pos="pr0cn000" postype="relative" wd="que"/>
                  </relatiu>
                  <grup.verb>
                    <v lem="ensuciar" lss="A11.transitive-causative" mood="indicative" num="s" person="3" pos="vmii3s0" postype="main" tense="imperfect" wd="ensuciaba"/>
                  </grup.verb>
                  <sn arg="arg1" func="cd" tem="tem">
                    <spec gen="m" num="s">
                      <d gen="m" lem="el" num="s" pos="da0ms0" postype="article" wd="el"/>
                    </spec>
                    <grup.nom gen="m" num="s">
                      <n gen="m" lem="paisaje" num="s" pos="ncms000" postype="common" sense="16:06368045" wd="paisaje"/>
                      <s.a gen="m" num="s">
                        <grup.a gen="m" num="s">
                          <a gen="c" lem="tropical" num="s" pos="aq0cs0" postype="qualificative" wd="tropical"/>
                        </grup.a>
                      </s.a>
                      <sp>
                        <prep>
                          <s lem="de" pos="sps00" postype="preposition" wd="de"/>
                        </prep>
                        <sn>
                          <grup.nom gen="m" num="s">
                            <n gen="m" lem="lujo" num="s" pos="ncms000" postype="common" sense="16:03989310" wd="lujo"/>
                          </grup.nom>
                        </sn>
                      </sp>
                    </grup.nom>
                  </sn>
                </S>
              </grup.nom>
            </sn>
          </sp>
        </grup.nom>
        <f lem="," pos="fc" punct="comma" wd=","/>
      </sn>
      <grup.verb>
        <v lem="convertir" lss="A12.ditransitive-causative-state" mood="indicative" num="s" person="3" pos="vmii3s0" postype="main" tense="imperfect" wd="convertía"/>
      </grup.verb>
      <sn arg="arg1" func="cd" tem="tem">
        <spec gen="m" num="s">
          <d gen="m" lem="el" num="s" pos="da0ms0" postype="article" wd="el"/>
        </spec>
        <grup.nom gen="m" num="s">
          <n gen="m" lem="arbolado" num="s" pos="ncms000" postype="common" sense="16:06784761" wd="arbolado"/>
        </grup.nom>
      </sn>
      <sp arg="arg2" func="creg" tem="efi">
        <prep>
          <s lem="en" pos="sps00" postype="preposition" wd="en"/>
        </prep>
        <sn>
          <spec gen="f" num="s">
            <d gen="f" lem="uno" num="s" pos="di0fs0" postype="indefinite" wd="una"/>
          </spec>
          <grup.nom gen="f" num="s">
            <s.a gen="f" num="s">
              <grup.a gen="f" num="s">
                <a gen="c" lem="infame" num="s" pos="aq0cs0" postype="qualificative" wd="infame"/>
              </grup.a>
            </s.a>
            <n gen="f" lem="turba" num="s" pos="ncfs000" postype="common" sense="16:06082537" wd="turba"/>
            <sp>
              <prep>
                <s lem="de" pos="sps00" postype="preposition" wd="de"/>
              </prep>
              <sn complex="yes">
                <grup.nom coord="yes">
                  <grup.nom coord="yes">
                    <grup.nom gen="f" num="p">
                      <n gen="f" lem="palmera" num="p" pos="ncfp000" postype="common" sense="16:08882567" wd="palmeras"/>
                    </grup.nom>
                    <conj conjunctiontype="coordinating">
                      <c lem="y" pos="cc" postype="coordinating" wd="y"/>
                    </conj>
                    <grup.nom gen="f" num="p">
                      <n gen="f" lem="platanera" num="p" pos="ncfp000" postype="common" sense="16:cs1" wd="plataneras"/>
                    </grup.nom>
                  </grup.nom>
                  <sp adjunct="yes">
                    <prep>
                      <s lem="de" pos="sps00" postype="preposition" wd="de"/>
                    </prep>
                    <sn>
                      <grup.nom gen="m" num="s">
                        <n gen="m" lem="plomo" num="s" pos="ncms000" postype="common" sense="16:10490965" wd="plomo"/>
                        <S clausetype="participle" impersonal="yes">
                          <participi>
                            <a gen="m" lem="oxidado" num="s" pos="aq0msp" posfunction="participle" postype="qualificative" wd="oxidado"/>
                          </participi>
                        </S>
                      </grup.nom>
                    </sn>
                  </sp>
                </grup.nom>
              </sn>
            </sp>
          </grup.nom>
        </sn>
      </sp>
    </S>
    <f lem="." pos="fp" punct="period" wd="."/>
  </sentence>
  <sentence>
    <sn arg="arg1" func="suj" tem="tem">
      <spec gen="f" num="s">
        <d gen="f" lem="uno" num="s" pos="di0fs0" postype="indefinite" wd="Una"/>
      </spec>
      <grup.nom gen="f" num="s">
        <n gen="f" lem="esperanza" lexicalid="noun.esperanza.1.default" num="s" origin="deverbal" pos="ncfs000" postype="common" sense="16:07325495" wd="esperanza"/>
        <sp arg="arg1" func="cn" tem="pat">
          <prep>
            <s lem="de" pos="sps00" postype="preposition" wd="de"/>
          </prep>
          <sn>
            <grup.nom gen="f" num="s">
              <n gen="f" lem="esquina" num="s" pos="ncfs000" postype="common" sense="16:06299371" wd="esquina"/>
              <sp>
                <prep>
                  <s lem="de" pos="sps00" postype="preposition" wd="de"/>
                </prep>
                <sn>
                  <grup.nom gen="m" num="s">
                    <n gen="m" lem="cielo" num="s" pos="ncms000" postype="common" sense="16:06285184" wd="cielo"/>
                    <s.a gen="m" num="s">
                      <grup.a gen="m" num="s">
                        <a gen="c" lem="azul" num="s" pos="aq0cs0" postype="qualificative" wd="azul"/>
                      </grup.a>
                    </s.a>
                  </grup.nom>
                </sn>
              </sp>
            </grup.nom>
          </sn>
        </sp>
      </grup.nom>
    </sn>
    <morfema.pronominal>
      <p gen="c" lem="él" num="c" person="3" pos="p0300000" wd="se"/>
    </morfema.pronominal>
    <grup.verb>
      <v lem="insinuar" lss="C11.state-existential" mood="indicative" num="s" person="3" pos="vmii3s0" postype="main" tense="imperfect" wd="insinuaba"/>
    </grup.verb>
    <sp arg="argM" func="cc" tem="loc">
      <prep>
        <s lem="hacia" pos="sps00" postype="preposition" wd="hacia"/>
      </prep>
      <sn>
        <spec gen="m" num="s">
          <d gen="m" lem="el" num="s" pos="da0ms0" postype="article" wd="el"/>
        </spec>
        <grup.nom gen="m" num="s">
          <n gen="m" lem="noreste" num="s" pos="ncms000" postype="common" sense="16:09963574" wd="noreste"/>
        </grup.nom>
      </sn>
    </sp>
    <f lem="." pos="fp" punct="period" wd="."/>
  </sentence>
  <sentence verbless="yes">
    <f lem="-" pos="fg" punct="hyphen" wd="-"/>
    <f lem="-" pos="fg" punct="hyphen" wd="-"/>
    <sn entityref="ne" ne="location">
      <grup.nom>
        <n lem="Maracas_Bay" ne="location" pos="np0000l" postype="proper" sense="16:cs1" wd="Maracas_Bay"/>
      </grup.nom>
    </sn>
    <f lem="." pos="fp" punct="period" wd="."/>
  </sentence>
  <sentence>
    <sn arg="arg0" elliptic="yes" func="suj" tem="agt"/>
    <sn arg="arg3" func="ci" tem="ben">
      <grup.nom>
        <p gen="c" lem="él" num="c" person="3" pos="pp3cn000" postype="personal" wd="Se"/>
      </grup.nom>
    </sn>
    <grup.verb>
      <v lem="decir" lss="A34.ditransitive-patient-theme" mood="indicative" num="s" person="3" pos="vmis3s0" postype="main" tense="past" wd="dijo"/>
    </grup.verb>
    <sp arg="argM" func="cc" tem="mnr">
      <prep>
        <s lem="con" pos="sps00" postype="preposition" wd="con"/>
      </prep>
      <sn>
        <grup.nom gen="f" num="s">
          <n gen="f" lem="resignación" lexicalid="noun.resignación.1.default" num="s" origin="deverbal" pos="ncfs000" postype="common" sense="16:05606995" wd="resignación"/>
        </grup.nom>
      </sn>
    </sp>
    <S arg="argM" clausetype="adverbial" func="cc" tem="tmp">
      <conj conjunctiontype="subordinating">
        <c lem="mientras" pos="cs" postype="subordinating" wd="mientras"/>
      </conj>
      <sn arg="arg0" elliptic="yes" func="suj" tem="agt"/>
      <sn arg="arg2" func="ci" tem="ben">
        <grup.nom>
          <p gen="c" lem="él" num="c" person="3" pos="pp3cn000" postype="personal" wd="se"/>
        </grup.nom>
      </sn>
      <grup.verb>
        <v lem="dar" lss="A32.ditransitive-patient-benefactive" mood="indicative" num="s" person="3" pos="vmii3s0" postype="main" tense="imperfect" wd="daba"/>
      </grup.verb>
      <sn arg="arg1" func="cd" tem="pat">
        <grup.nom gen="m" num="s">
          <n gen="m" lem="impulso" lexicalid="noun.impulso.1.default" num="s" origin="deverbal" pos="ncms000" postype="common" sense="16:00065905" wd="impulso"/>
        </grup.nom>
      </sn>
      <sp arg="argM" func="cc" tem="fin">
        <prep>
          <s lem="para" pos="sps00" postype="preposition" wd="para"/>
        </prep>
        <S clausetype="completive" coord="yes" impersonal="yes">
          <S clausetype="completive" impersonal="yes">
            <infinitiu>
              <v lem="saltar" lss="D11.inergative-agentive" mood="infinitive" pos="vmn0000" postype="main" wd="saltar"/>
            </infinitiu>
            <sp arg="arg3" func="cc" tem="ori">
              <prep>
                <s lem="de" pos="sps00" postype="preposition" wd="de"/>
              </prep>
              <sn>
                <spec gen="f" num="s">
                  <d gen="f" lem="el" num="s" pos="da0fs0" postype="article" wd="la"/>
                </spec>
                <grup.nom gen="f" num="s">
                  <n gen="f" lem="cama" num="s" pos="ncfs000" postype="common" sense="16:02273239" wd="cama"/>
                </grup.nom>
              </sn>
            </sp>
          </S>
          <conj conjunctiontype="coordinating">
            <c lem="y" pos="cc" postype="coordinating" wd="y"/>
          </conj>
          <S clausetype="completive" impersonal="yes">
            <infinitiu>
              <v lem="quedar" lss="C21.state-attributive" mood="infinitive" pos="vmn0000" postype="main" wd="quedar"/>
            </infinitiu>
            <S arg="arg2" clausetype="participle" coord="yes" func="cpred" impersonal="yes" predicate="suj" tem="atr">
              <S clausetype="participle" impersonal="yes">
                <participi>
                  <a gen="m" lem="sentado" num="s" pos="aq0msp" posfunction="participle" postype="qualificative" wd="sentado"/>
                </participi>
              </S>
              <f lem="," pos="fc" punct="comma" wd=","/>
              <S clausetype="participle" impersonal="yes">
                <participi>
                  <a gen="m" lem="sorprendido" lss="B22.unaccusative-passive-transitive" num="s" pos="aq0msp" posfunction="participle" postype="qualificative" wd="sorprendido"/>
                </participi>
                <sp arg="argM" func="cc" tem="cau">
                  <prep>
                    <s lem="por" pos="sps00" postype="preposition" wd="por"/>
                  </prep>
                  <sn>
                    <spec gen="f" num="p">
                      <d gen="c" lem="su" num="p" person="3" pos="dp3cp0" postype="possessive" wd="sus"/>
                      <d gen="f" lem="propio" num="p" pos="di0fp0" postype="indefinite" wd="propias"/>
                    </spec>
                    <grup.nom gen="f" num="p">
                      <n gen="f" lem="pierna" num="p" pos="ncfp000" postype="common" sense="16:04307856" wd="piernas"/>
                      <S clausetype="participle" impersonal="yes">
                        <participi>
                          <a gen="f" lem="desnudo" num="p" pos="aq0fpp" posfunction="participle" postype="qualificative" wd="desnudas"/>
                        </participi>
                      </S>
                      <S clausetype="adverbial" impersonal="yes">
                        <f lem="," pos="fc" punct="comma" wd=","/>
                        <gerundi>
                          <v lem="esperar" lss="A21.transitive-agentive-patient" mood="gerund" pos="vmg0000" postype="main" wd="esperando"/>
                        </gerundi>
                        <sn arg="arg1" func="cd" tem="pat">
                          <grup.nom gen="f" num="p">
                            <n gen="f" lem="orden" num="p" pos="ncfp000" postype="common" sense="16:04914659" wd="órdenes"/>
                          </grup.nom>
                        </sn>
                        <f lem="," pos="fc" punct="comma" wd=","/>
                      </S>
                      <sp>
                        <prep>
                          <s lem="con" pos="sps00" postype="preposition" wd="con"/>
                        </prep>
                        <sn>
                          <spec gen="f" num="s">
                            <d gen="f" lem="el" num="s" pos="da0fs0" postype="article" wd="la"/>
                          </spec>
                          <grup.nom gen="f" num="s">
                            <s.a gen="f" num="s">
                              <grup.a gen="f" num="s">
                                <a gen="f" lem="huesudo" num="s" pos="aq0fs0" postype="qualificative" wd="huesuda"/>
                              </grup.a>
                            </s.a>
                            <n gen="f" lem="proa" num="s" pos="ncfs000" postype="common" sense="16:02321005" wd="proa"/>
                            <s.a gen="f" num="s">
                              <grup.a gen="f" num="s">
                                <a gen="c" lem="rotular" num="s" pos="aq0cs0" postype="qualificative" wd="rotular"/>
                              </grup.a>
                            </s.a>
                            <S clausetype="adverbial" impersonal="yes">
                              <gerundi>
                                <v lem="apuntar" lss="A21.transitive-agentive-patient" mood="gerund" pos="vmg0000" postype="main" wd="apuntando"/>
                              </gerundi>
                              <sn arg="arg1" func="cd" tem="pat">
                                <spec gen="f" num="s">
                                  <d gen="f" lem="el" num="s" pos="da0fs0" postype="article" wd="la"/>
                                </spec>
                                <grup.nom gen="f" num="s">
                                  <n gen="f" lem="maleta" num="s" pos="ncfs000" postype="common" sense="16:02237739" wd="maleta"/>
                                  <s.a coord="yes" gen="f" num="s">
                                    <S clausetype="participle" impersonal="yes">
                                      <participi>
                                        <a gen="f" lem="abierto" num="s" pos="aq0fsp" posfunction="participle" postype="qualificative" wd="abierta"/>
                                      </participi>
                                    </S>
                                    <f lem="," pos="fc" punct="comma" wd=","/>
                                    <s.a gen="f" num="s">
                                      <grup.a gen="f" num="s">
                                        <a gen="f" lem="semilleno" num="s" pos="aq0fs0" postype="qualificative" wd="semillena"/>
                                      </grup.a>
                                    </s.a>
                                  </s.a>
                                  <S clausetype="adverbial" impersonal="yes">
                                    <f lem="," pos="fc" punct="comma" wd=","/>
                                    <gerundi>
                                      <v lem="mantener" lss="A21.transitive-agentive-patient" mood="gerund" pos="vmg0000" postype="main" wd="manteniendo"/>
                                    </gerundi>
                                    <sp arg="argM" func="cc" tem="tmp">
                                      <prep>
                                        <s lem="desde" pos="sps00" postype="preposition" wd="desde"/>
                                      </prep>
                                      <sn>
                                        <v lem="hacer" mood="indicative" num="s" person="3" pos="vmii3s0" postype="main" tense="imperfect" wd="hacía"/>
                                        <n gen="m" lem="día" num="p" pos="ncmp000" postype="common" sense="16:10878116" wd="días"/>
                                      </sn>
                                    </sp>
                                    <sn arg="arg1" func="cd" tem="pat">
                                      <spec gen="m" num="s">
                                        <d gen="m" lem="el" num="s" pos="da0ms0" postype="article" wd="el"/>
                                        <d gen="m" lem="mismo" num="s" pos="di0ms0" postype="indefinite" wd="mismo"/>
                                      </spec>
                                      <grup.nom gen="m" num="s">
                                        <n gen="m" lem="equilibrio" num="s" pos="ncms000" postype="common" sense="16:10087814" wd="equilibrio"/>
                                      </grup.nom>
                                    </sn>
                                    <sp arg="argM" func="cc" tem="loc">
                                      <prep>
                                        <s lem="sobre" pos="sps00" postype="preposition" wd="sobre"/>
                                      </prep>
                                      <sn>
                                        <spec gen="m" num="s">
                                          <d gen="m" lem="uno" num="s" pos="di0ms0" postype="indefinite" wd="un"/>
                                        </spec>
                                        <grup.nom gen="m" num="s">
                                          <s.a gen="m" num="s">
                                            <grup.a gen="m" num="s">
                                              <a gen="m" lem="pequeño" num="s" pos="aq0ms0" postype="qualificative" wd="pequeño"/>
                                            </grup.a>
                                          </s.a>
                                          <n gen="m" lem="butacón" num="s" pos="ncms000" postype="common" sense="16:02620780" wd="butacón"/>
                                        </grup.nom>
                                      </sn>
                                    </sp>
                                  </S>
                                </grup.nom>
                              </sn>
                            </S>
                          </grup.nom>
                        </sn>
                      </sp>
                    </grup.nom>
                  </sn>
                </sp>
              </S>
            </S>
          </S>
        </S>
      </sp>
    </S>
    <f lem="." pos="fp" punct="period" wd="."/>
  </sentence>
  <sentence coord="yes" verbless="yes">
    <S verbless="yes">
      <sn>
        <spec gen="m" num="p">
          <d gen="m" lem="el" num="p" pos="da0mp0" postype="article" wd="Los"/>
        </spec>
        <grup.nom gen="m" num="p">
          <n gen="m" lem="codo" num="p" pos="ncmp000" postype="common" sense="16:04323722" wd="codos"/>
        </grup.nom>
      </sn>
      <sp>
        <prep>
          <s lem="sobre" pos="sps00" postype="preposition" wd="sobre"/>
        </prep>
        <sn>
          <spec gen="m" num="p">
            <d gen="m" lem="el" num="p" pos="da0mp0" postype="article" wd="los"/>
          </spec>
          <grup.nom gen="m" num="p">
            <n gen="m" lem="muslo" num="p" pos="ncmp000" postype="common" sense="16:04309035" wd="muslos"/>
          </grup.nom>
        </sn>
      </sp>
    </S>
    <f lem="," pos="fc" punct="comma" wd=","/>
    <S verbless="yes">
      <sn>
        <spec gen="f" num="s">
          <d gen="f" lem="el" num="s" pos="da0fs0" postype="article" wd="la"/>
        </spec>
        <grup.nom gen="f" num="s">
          <n gen="f" lem="cara" num="s" pos="ncfs000" postype="common" sense="16:04340595" wd="cara"/>
        </grup.nom>
      </sn>
      <sp>
        <prep>
          <s lem="entre" pos="sps00" postype="preposition" wd="entre"/>
        </prep>
        <sn>
          <spec gen="f" num="p">
            <d gen="f" lem="el" num="p" pos="da0fp0" postype="article" wd="las"/>
          </spec>
          <grup.nom gen="f" num="p">
            <n gen="f" lem="mano" num="p" pos="ncfp000" postype="common" sense="16:04311223" wd="manos"/>
            <S clausetype="participle" impersonal="yes">
              <participi>
                <a gen="f" lem="abierto" num="p" pos="aq0fpp" posfunction="participle" postype="qualificative" wd="abiertas"/>
              </participi>
            </S>
          </grup.nom>
        </sn>
      </sp>
    </S>
    <f lem="," pos="fc" punct="comma" wd=","/>
    <S verbless="yes">
      <sn>
        <spec gen="m" num="s">
          <d gen="m" lem="el" num="s" pos="da0ms0" postype="article" wd="el"/>
        </spec>
        <grup.nom gen="m" num="s">
          <n gen="m" lem="peso" num="s" pos="ncms000" postype="common" sense="16:03925610" wd="peso"/>
          <sp>
            <prep>
              <s lem="de" pos="sps00" postype="preposition" wd="de"/>
            </prep>
            <sn>
              <spec gen="f" num="s">
                <d gen="f" lem="el" num="s" pos="da0fs0" postype="article" wd="la"/>
              </spec>
              <grup.nom gen="f" num="s">
                <n gen="f" lem="cabeza" num="s" pos="ncfs000" postype="common" sense="16:04290247" wd="cabeza"/>
                <S clausetype="participle" impersonal="yes">
                  <participi>
                    <a gen="f" lem="ocupado" lss="B22.unaccusative-passive-transitive" num="s" pos="aq0fsp" posfunction="participle" postype="qualificative" wd="ocupada"/>
                  </participi>
                  <sp arg="arg0" func="cag" tem="agt">
                    <prep>
                      <s lem="por" pos="sps00" postype="preposition" wd="por"/>
                    </prep>
                    <sn>
                      <spec gen="m" num="s">
                        <d gen="m" lem="el" num="s" pos="da0ms0" postype="article" wd="el"/>
                      </spec>
                      <grup.nom gen="m" num="s">
                        <n gen="m" lem="rostro" num="s" pos="ncms000" postype="common" sense="16:04341235" wd="rostro"/>
                        <sp>
                          <prep>
                            <s lem="en" pos="sps00" postype="preposition" wd="en"/>
                          </prep>
                          <sn>
                            <grup.nom gen="m" num="s">
                              <s.a gen="m" num="s">
                                <grup.a gen="m" num="s">
                                  <a gen="m" lem="primero" num="s" pos="ao0ms0" postype="ordinal" wd="primer"/>
                                </grup.a>
                              </s.a>
                              <n gen="m" lem="plano" num="s" pos="ncms000" postype="common" sense="16:09985988" wd="plano"/>
                            </grup.nom>
                          </sn>
                        </sp>
                        <sp>
                          <prep>
                            <s lem="de" pos="sps00" postype="preposition" wd="de"/>
                          </prep>
                          <sn>
                            <spec gen="f" num="s">
                              <d gen="f" lem="el" num="s" pos="da0fs0" postype="article" wd="la"/>
                            </spec>
                            <grup.nom gen="f" num="s">
                              <n gen="f" lem="chica" num="s" pos="ncfs000" postype="common" sense="16:07260273" wd="chica"/>
                              <sp>
                                <prep>
                                  <s lem="de" pos="sps00" postype="preposition" wd="de"/>
                                </prep>
                                <sn>
                                  <spec gen="f" num="s">
                                    <d gen="f" lem="el" num="s" pos="da0fs0" postype="article" wd="la"/>
                                  </spec>
                                  <grup.nom gen="f" num="s">
                                    <n gen="f" lem="agencia" num="s" pos="ncfs000" postype="common" sense="16:06005430" wd="agencia"/>
                                    <sp>
                                      <prep>
                                        <s lem="de" pos="sps00" postype="preposition" wd="de"/>
                                      </prep>
                                      <sn>
                                        <grup.nom gen="m" num="p">
                                          <n gen="m" lem="viaje" lexicalid="noun.viaje.1.default" num="p" origin="deverbal" pos="ncmp000" postype="common" sense="16:00198579" wd="viajes"/>
                                        </grup.nom>
                                      </sn>
                                    </sp>
                                    <sp>
                                      <prep>
                                        <s lem="de" pos="sps00" postype="preposition" wd="de"/>
                                      </prep>
                                      <sn entityref="ne" ne="location">
                                        <grup.nom>
                                          <n lem="San_Francisco" ne="location" pos="np0000l" postype="proper" sense="16:06603441" wd="San_Francisco"/>
                                        </grup.nom>
                                      </sn>
                                    </sp>
                                  </grup.nom>
                                </sn>
                              </sp>
                            </grup.nom>
                          </sn>
                        </sp>
                      </grup.nom>
                    </sn>
                  </sp>
                </S>
              </grup.nom>
            </sn>
          </sp>
        </grup.nom>
      </sn>
    </S>
    <f lem="." pos="fp" punct="period" wd="."/>
  </sentence>
  <sentence coord="yes">
    <f lem="-" pos="fg" punct="hyphen" wd="-"/>
    <f lem="-" pos="fg" punct="hyphen" wd="-"/>
    <S>
      <grup.verb>
        <v lem="escoger" lss="A21.transitive-agentive-patient" mood="imperative" num="s" person="3" pos="vmm03s0" postype="main" wd="Escoja"/>
      </grup.verb>
      <sn arg="arg0" elliptic="yes" func="suj" tem="agt"/>
      <sn arg="arg1" entityref="ne" func="cd" ne="location" tem="pat">
        <grup.nom>
          <n lem="Trinidad_y_Tobago" ne="location" pos="np0000l" postype="proper" sense="16:06435952" wd="Trinidad_y_Tobago"/>
        </grup.nom>
      </sn>
    </S>
    <f lem="," pos="fc" punct="comma" wd=","/>
    <S>
      <sn arg="arg1" elliptic="yes" func="suj" tem="tem"/>
      <grup.verb>
        <v lem="estar" lss="C21.state-attributive" mood="indicative" num="p" person="3" pos="vmip3p0" postype="main" tense="present" wd="están"/>
      </grup.verb>
      <sa arg="arg2" func="atr" tem="atr">
        <grup.a>
          <a gen="f" lem="junto" num="p" pos="aq0fp0" postype="qualificative" wd="juntas"/>
        </grup.a>
      </sa>
    </S>
    <f lem="." pos="fp" punct="period" wd="."/>
  </sentence>
  <sentence>
    <sn arg="arg0" elliptic="yes" func="suj" tem="agt"/>
    <neg func="mod">
      <r lem="no" pos="rn" postype="negative" wd="No"/>
    </neg>
    <morfema.pronominal>
      <p gen="c" lem="él" num="c" person="3" pos="p0300000" wd="se"/>
    </morfema.pronominal>
    <grup.verb>
      <v lem="arrepentirse" lss="A22.transitive-agentive-theme" mood="indicative" num="s" person="3" pos="vmif3s0" postype="main" tense="future" wd="arrepentirá"/>
    </grup.verb>
    <f lem="." pos="fp" punct="period" wd="."/>
  </sentence>
  <sentence coord="yes">
    <f lem="-" pos="fg" punct="hyphen" wd="-"/>
    <f lem="-" pos="fg" punct="hyphen" wd="-"/>
    <S>
      <sn arg="arg2" func="ci" tem="ben">
        <grup.nom num="s">
          <p gen="c" lem="yo" num="s" person="1" pos="pp1cs000" postype="personal" wd="Me"/>
        </grup.nom>
      </sn>
      <grup.verb>
        <v lem="dar" lss="C41.state-benefactive" mood="indicative" num="s" person="3" pos="vmip3s0" postype="main" tense="present" wd="da"/>
      </grup.verb>
      <sadv arg="argL" func="cc">
        <grup.adv>
          <r lem="igual" pos="rg" wd="igual"/>
        </grup.adv>
      </sadv>
      <sn arg="arg1" func="suj" tem="tem">
        <spec gen="f" num="s">
          <d gen="c" lem="cualquiera" num="s" pos="di0cs0" postype="indefinite" wd="cualquier"/>
        </spec>
        <grup.nom gen="f" num="s">
          <n gen="f" lem="isla" num="s" pos="ncfs000" postype="common" sense="16:06741251" wd="isla"/>
        </grup.nom>
      </sn>
    </S>
    <f lem="," pos="fc" punct="comma" wd=","/>
    <S>
      <sn arg="arg0" elliptic="yes" func="suj" tem="agt"/>
      <sadv func="mod">
        <grup.adv>
          <r lem="sólo" pos="rg" wd="sólo"/>
        </grup.adv>
      </sadv>
      <grup.verb>
        <v lem="querer" lss="A21.transitive-agentive-patient" mood="indicative" num="s" person="1" pos="vmip1s0" postype="main" tense="present" wd="quiero"/>
      </grup.verb>
      <sn arg="arg1" complex="yes" func="cd" tem="pat">
        <grup.nom coord="yes">
          <grup.nom gen="m" num="s">
            <n gen="m" lem="sol" num="s" pos="ncms000" postype="common" sense="16:06765647" wd="sol"/>
          </grup.nom>
          <conj conjunctiontype="coordinating">
            <c lem="y" pos="cc" postype="coordinating" wd="y"/>
          </conj>
          <grup.nom gen="f" num="p">
            <n gen="f" lem="palmera" num="p" pos="ncfp000" postype="common" sense="16:08882567" wd="palmeras"/>
          </grup.nom>
        </grup.nom>
      </sn>
    </S>
    <f lem="." pos="fp" punct="period" wd="."/>
  </sentence>
  <sentence verbless="yes">
    <sn complex="yes">
      <grup.nom coord="yes">
        <grup.nom>
          <n lem="Aruba" ne="location" pos="np0000l" postype="proper" sense="16:cs1" wd="Aruba"/>
        </grup.nom>
        <f lem="," pos="fc" punct="comma" wd=","/>
        <grup.nom>
          <n lem="Curaçao" ne="location" pos="np0000l" postype="proper" sense="16:cs1" wd="Curaçao"/>
        </grup.nom>
        <f lem="," pos="fc" punct="comma" wd=","/>
        <grup.nom>
          <n lem="Bonaire" ne="location" pos="np0000l" postype="proper" sense="16:cs1" wd="Bonaire"/>
        </grup.nom>
      </grup.nom>
    </sn>
    <f lem="." pos="fp" punct="period" wd="."/>
  </sentence>
  <sentence verbless="yes">
    <f lem="-" pos="fg" punct="hyphen" wd="-"/>
    <f lem="-" pos="fg" punct="hyphen" wd="-"/>
    <sn entityref="ne" ne="location">
      <grup.nom>
        <n lem="Trinidad_y_Tobago" ne="location" pos="np0000l" postype="proper" sense="16:06435952" wd="Trinidad_y_Tobago"/>
      </grup.nom>
    </sn>
    <f lem="." pos="fp" punct="period" wd="."/>
  </sentence>
  <sentence>
    <sn arg="arg0" elliptic="yes" func="suj" tem="agt"/>
    <neg func="mod">
      <r lem="no" pos="rn" postype="negative" wd="No"/>
    </neg>
    <morfema.pronominal>
      <p gen="c" lem="él" num="c" person="3" pos="p0300000" wd="se"/>
    </morfema.pronominal>
    <grup.verb>
      <v lem="arrepentirse" lss="A22.transitive-agentive-theme" mood="indicative" num="s" person="3" pos="vmif3s0" postype="main" tense="future" wd="arrepentirá"/>
    </grup.verb>
    <f lem="." pos="fp" punct="period" wd="."/>
  </sentence>
  <sentence>
    <sadv arg="argM" func="cc" tem="tmp">
      <grup.adv>
        <r lem="ya" pos="rg" wd="Ya"/>
      </grup.adv>
    </sadv>
    <neg func="mod">
      <r lem="no" pos="rn" postype="negative" wd="no"/>
    </neg>
    <sn arg="arg2" func="ci" tem="ben">
      <grup.nom num="s">
        <p case="dative" gen="c" lem="él" num="s" person="3" pos="pp3csd00" postype="personal" wd="le"/>
      </grup.nom>
    </sn>
    <grup.verb>
      <v lem="quedar" lss="C41.state-benefactive" mood="indicative" num="p" person="3" pos="vmii3p0" postype="main" tense="imperfect" wd="quedaban"/>
    </grup.verb>
    <sn arg="arg1" func="suj" tem="tem">
      <grup.nom gen="f" num="p">
        <n gen="f" lem="fuerza" num="p" pos="ncfp000" postype="common" sense="16:03931784" wd="fuerzas"/>
        <sp>
          <sadv>
            <grup.adv>
              <r lem="ni" pos="rg" wd="ni"/>
            </grup.adv>
          </sadv>
          <sp>
            <prep>
              <s lem="para" pos="sps00" postype="preposition" wd="para"/>
            </prep>
            <S clausetype="completive" impersonal="yes">
              <infinitiu>
                <v lem="arrepentirse" lss="A22.transitive-agentive-theme" mood="infinitive" pos="vmn0000" postype="main" wd="arrepentirse"/>
              </infinitiu>
            </S>
          </sp>
        </sp>
      </grup.nom>
    </sn>
    <f lem="." pos="fp" punct="period" wd="."/>
  </sentence>
  <sentence coord="yes">
    <S>
      <sn arg="argM" func="cc" tem="tmp">
        <spec gen="m" num="s">
          <d gen="c" lem="cada" num="s" pos="di0cs0" postype="indefinite" wd="Cada"/>
        </spec>
        <grup.nom gen="m" num="s">
          <n gen="m" lem="día" num="s" pos="ncms000" postype="common" sense="16:10878116" wd="día"/>
        </grup.nom>
      </sn>
      <sn arg="arg0" elliptic="yes" func="suj" tem="agt"/>
      <grup.verb>
        <v lem="contemplar" lss="A21.transitive-agentive-patient" mood="indicative" num="s" person="3" pos="vmii3s0" postype="main" tense="imperfect" wd="contemplaba"/>
      </grup.verb>
      <sn arg="arg1" func="cd" tem="pat">
        <spec gen="m" num="s">
          <d gen="m" lem="el" num="s" pos="da0ms0" postype="article" wd="el"/>
        </spec>
        <grup.nom gen="m" num="s">
          <n gen="m" lem="cielo" num="s" pos="ncms000" postype="common" sense="16:06285184" wd="cielo"/>
        </grup.nom>
      </sn>
      <sp arg="argM" func="cc" tem="adv">
        <prep>
          <s lem="a_través_de" pos="sps00" postype="preposition" wd="a_través_de"/>
        </prep>
        <sn>
          <spec gen="f" num="s">
            <d gen="f" lem="el" num="s" pos="da0fs0" postype="article" wd="la"/>
          </spec>
          <grup.nom gen="f" num="s">
            <n gen="f" lem="ventana" num="s" pos="ncfs000" postype="common" sense="16:03619904" wd="ventana"/>
            <sp>
              <prep>
                <s lem="de" pos="sps00" postype="preposition" wd="de"/>
              </prep>
              <sn entityref="ne" ne="location">
                <spec gen="f" num="s">
                  <d gen="c" lem="su" num="s" person="3" pos="dp3cs0" postype="possessive" wd="su"/>
                </spec>
                <grup.nom gen="f" num="s">
                  <n gen="f" lem="habitación" num="s" pos="ncfs000" postype="common" sense="16:02275625" wd="habitación"/>
                  <sp>
                    <prep>
                      <s contracted="yes" gen="m" lem="del" num="s" pos="spcms" postype="preposition" wd="del"/>
                    </prep>
                    <sn entityref="ne" ne="location">
                      <grup.nom gen="m" num="s">
                        <n lem="Holiday_Inn" ne="location" pos="np0000l" postype="proper" sense="16:cs1" wd="Holiday_Inn"/>
                      </grup.nom>
                    </sn>
                  </sp>
                </grup.nom>
              </sn>
            </sp>
          </grup.nom>
        </sn>
      </sp>
    </S>
    <conj conjunctiontype="coordinating">
      <c lem="y" pos="cc" postype="coordinating" wd="y"/>
    </conj>
    <S>
      <sn arg="arg1" func="suj" tem="tem">
        <spec gen="f" num="s">
          <d gen="f" lem="el" num="s" pos="da0fs0" postype="article" wd="la"/>
        </spec>
        <grup.nom gen="f" num="s">
          <n gen="f" lem="panza" num="s" pos="ncfs000" postype="common" sense="16:04304039" wd="panza"/>
          <sp>
            <prep>
              <s lem="de" pos="sps00" postype="preposition" wd="de"/>
            </prep>
            <sn>
              <grup.nom gen="m" num="s">
                <n gen="m" lem="burro" num="s" pos="ncms000" postype="common" sense="16:01887170" wd="burro"/>
              </grup.nom>
            </sn>
          </sp>
        </grup.nom>
      </sn>
      <grup.verb>
        <v lem="estar" lss="C11.state-existential" mood="indicative" num="s" person="3" pos="vmii3s0" postype="main" tense="imperfect" wd="estaba"/>
      </grup.verb>
      <sadv arg="arg2" func="creg" tem="loc">
        <grup.adv>
          <r lem="allí" pos="rg" wd="allí"/>
        </grup.adv>
      </sadv>
      <S arg="argM" clausetype="adverbial" func="cc" tem="adv">
        <f lem="," pos="fc" punct="comma" wd=","/>
        <conj conjunctiontype="subordinating">
          <c lem="como" pos="cs" postype="subordinating" wd="como"/>
        </conj>
        <grup.verb>
          <v lem="estar" lss="C11.state-existential" mood="indicative" num="s" person="3" pos="vmii3s0" postype="main" tense="imperfect" wd="estaba"/>
        </grup.verb>
        <sadv arg="arg2" func="creg" tem="loc">
          <grup.adv>
            <r lem="allí" pos="rg" wd="allí"/>
          </grup.adv>
        </sadv>
        <sn arg="arg1" func="suj" tem="tem">
          <spec gen="f" num="s">
            <d gen="f" lem="ese" num="s" pos="dd0fs0" postype="demonstrative" wd="esa"/>
          </spec>
          <grup.nom gen="f" num="s">
            <n gen="f" lem="esquina" num="s" pos="ncfs000" postype="common" sense="16:06299371" wd="esquina"/>
            <S clausetype="participle" impersonal="yes">
              <participi>
                <a gen="f" lem="azulado" num="s" pos="aq0fsp" posfunction="participle" postype="qualificative" wd="azulada"/>
              </participi>
            </S>
            <S clausetype="relative">
              <sp arg="argM" func="cc" tem="loc">
                <prep>
                  <s lem="a" pos="sps00" postype="preposition" wd="a"/>
                </prep>
                <sn>
                  <spec gen="f" num="s">
                    <d gen="f" lem="el" num="s" pos="da0fs0" postype="article" wd="la"/>
                  </spec>
                  <relatiu>
                    <p gen="c" lem="que" num="c" pos="pr0cn000" postype="relative" wd="que"/>
                  </relatiu>
                </sn>
              </sp>
              <grup.verb>
                <v lem="peregrinar" lss="D11.inergative-agentive" mood="indicative" num="p" person="3" pos="vmii3p0" postype="main" tense="imperfect" wd="peregrinaban"/>
              </grup.verb>
              <sn arg="arg0" func="suj" tem="agt">
                <spec gen="m" num="p">
                  <d gen="c" lem="su" num="p" person="3" pos="dp3cp0" postype="possessive" wd="sus"/>
                </spec>
                <grup.nom gen="m" num="p">
                  <n gen="m" lem="ojo" num="p" pos="ncmp000" postype="common" sense="16:04122028" wd="ojos"/>
                </grup.nom>
              </sn>
              <sn arg="argM" func="cc" tem="adv">
                <spec coord="yes" gen="f" num="s">
                  <spec gen="f" num="s">
                    <d gen="f" lem="uno" num="s" pos="di0fs0" postype="indefinite" wd="una"/>
                  </spec>
                  <conj conjunctiontype="coordinating">
                    <c lem="y" pos="cc" postype="coordinating" wd="y"/>
                  </conj>
                  <spec gen="f" num="s">
                    <d gen="f" lem="otro" num="s" pos="di0fs0" postype="indefinite" wd="otra"/>
                  </spec>
                </spec>
                <grup.nom gen="f" num="s">
                  <n gen="f" lem="vez" num="s" pos="ncfs000" postype="common" sense="16:05449233" wd="vez"/>
                </grup.nom>
              </sn>
              <sp arg="argM" func="cc" tem="fin">
                <prep>
                  <s lem="para" pos="sps00" postype="preposition" wd="para"/>
                </prep>
                <S clausetype="completive" impersonal="yes">
                  <infinitiu>
                    <v lem="jugar" lss="A22.transitive-agentive-theme" mood="infinitive" pos="vmn0000" postype="main" wd="jugar"/>
                  </infinitiu>
                  <sp arg="arg1" func="creg" tem="tem">
                    <prep>
                      <s contracted="yes" gen="m" lem="al" num="s" pos="spcms" postype="preposition" wd="al"/>
                    </prep>
                    <sn>
                      <grup.nom gen="m" num="s">
                        <n gen="m" lem="escondite" num="s" pos="ncms000" postype="common" sense="16:00309600" wd="escondite"/>
                      </grup.nom>
                    </sn>
                  </sp>
                  <sp arg="argM" func="cc" tem="adv">
                    <prep>
                      <s lem="con" pos="sps00" postype="preposition" wd="con"/>
                    </prep>
                    <sn>
                      <spec gen="m" num="s">
                        <d gen="m" lem="uno" num="s" pos="di0ms0" postype="indefinite" wd="un"/>
                      </spec>
                      <grup.nom gen="m" num="s">
                        <n gen="m" lem="sol" num="s" pos="ncms000" postype="common" sense="16:06765647" wd="sol"/>
                        <s.a complex="yes" gen="m" num="s">
                          <grup.a coord="yes" gen="m" num="s">
                            <grup.a gen="m" num="s">
                              <a gen="m" lem="tuberculoso" num="s" pos="aq0ms0" postype="qualificative" wd="tuberculoso"/>
                            </grup.a>
                            <conj conjunctiontype="coordinating">
                              <c lem="y" pos="cc" postype="coordinating" wd="y"/>
                            </conj>
                            <grup.a gen="m" num="s">
                              <a gen="m" lem="esquivo" num="s" pos="aq0ms0" postype="qualificative" wd="esquivo"/>
                            </grup.a>
                          </grup.a>
                        </s.a>
                      </grup.nom>
                    </sn>
                  </sp>
                </S>
              </sp>
            </S>
          </grup.nom>
        </sn>
      </S>
    </S>
    <f lem="." pos="fp" punct="period" wd="."/>
  </sentence>
  <sentence verbless="yes">
    <f lem="-" pos="fg" punct="hyphen" wd="-"/>
    <f lem="-" pos="fg" punct="hyphen" wd="-"/>
    <sn entityref="ne" ne="location">
      <grup.nom>
        <n lem="Maracas_Bay" ne="location" pos="np0000l" postype="proper" sense="16:cs1" wd="Maracas_Bay"/>
      </grup.nom>
    </sn>
    <f lem="." pos="fp" punct="period" wd="."/>
  </sentence>
  <sentence verbless="yes">
    <sn>
      <grup.nom gen="m" num="s">
        <p gen="m" lem="todo" num="s" pos="pi0ms000" postype="indefinite" wd="Todo"/>
      </grup.nom>
    </sn>
    <sadv>
      <grup.adv>
        <r lem="antes" pos="rg" wd="antes"/>
        <S clausetype="completive" verbless="yes">
          <conj conjunctiontype="subordinating">
            <c lem="que" pos="cs" postype="subordinating" wd="que"/>
          </conj>
          <S clausetype="completive" coord="yes" impersonal="yes">
            <S clausetype="completive" impersonal="yes">
              <infinitiu>
                <v lem="quedar" lss="D11.inergative-agentive" mood="infinitive" pos="vmn0000" postype="main" wd="quedarse"/>
              </infinitiu>
              <sp arg="arg2" func="cc" tem="loc">
                <prep>
                  <s lem="en" pos="sps00" postype="preposition" wd="en"/>
                </prep>
                <sn>
                  <spec gen="f" num="s">
                    <d gen="f" lem="el" num="s" pos="da0fs0" postype="article" wd="la"/>
                  </spec>
                  <grup.nom gen="f" num="s">
                    <n gen="f" lem="encerrona" lexicalid="noun.encerrona.1.default" num="s" origin="deverbal" pos="ncfs000" postype="common" sense="16:cs1" wd="encerrona"/>
                    <sp arg="arg0" func="cn" tem="agt">
                      <prep>
                        <s lem="de" pos="sps00" postype="preposition" wd="de"/>
                      </prep>
                      <sn entityref="ne" ne="location">
                        <grup.nom>
                          <n lem="Port_Spain" ne="location" pos="np0000l" postype="proper" sense="16:cs1" wd="Port_Spain"/>
                        </grup.nom>
                      </sn>
                    </sp>
                  </grup.nom>
                </sn>
              </sp>
            </S>
            <f lem="," pos="fc" punct="comma" wd=","/>
            <S clausetype="completive" impersonal="yes">
              <infinitiu>
                <v lem="recorrer" lss="A23.transitive-agentive-extension" mood="infinitive" pos="vmn0000" postype="main" wd="recorrer"/>
              </infinitiu>
              <sn arg="argM" func="cc" tem="adv">
                <spec gen="f" num="s">
                  <d gen="f" lem="otro" num="s" pos="di0fs0" postype="indefinite" wd="otra"/>
                </spec>
                <grup.nom gen="f" num="s">
                  <n gen="f" lem="vez" num="s" pos="ncfs000" postype="common" sense="16:05449233" wd="vez"/>
                </grup.nom>
              </sn>
              <sn arg="arg1" func="cd" functype="quantitative" tem="ext">
                <spec gen="f" num="s">
                  <d gen="f" lem="el" num="s" pos="da0fs0" postype="article" wd="la"/>
                </spec>
                <grup.nom gen="f" num="s">
                  <n gen="f" lem="retícula" num="s" pos="ncfs000" postype="common" sense="16:03234682" wd="retícula"/>
                  <s.a gen="f" num="s">
                    <grup.a gen="f" num="s">
                      <a gen="f" lem="tedioso" num="s" pos="aq0fs0" postype="qualificative" wd="tediosa"/>
                    </grup.a>
                  </s.a>
                  <sp>
                    <prep>
                      <s lem="de" pos="sps00" postype="preposition" wd="de"/>
                    </prep>
                    <sn>
                      <grup.nom gen="f" num="p">
                        <n gen="f" lem="calle" num="p" pos="ncfp000" postype="common" sense="16:03426236" wd="calles"/>
                        <S clausetype="relative">
                          <relatiu arg="arg0" func="suj" tem="agt">
                            <p gen="c" lem="que" num="c" pos="pr0cn000" postype="relative" wd="que"/>
                          </relatiu>
                          <sn arg="arg1" func="cd" tem="pat">
                            <grup.nom num="s">
                              <p case="accusative" gen="c" lem="él" num="s" person="3" pos="pp3csa00" postype="personal" wd="le"/>
                            </grup.nom>
                          </sn>
                          <grup.verb>
                            <v lem="llevar" lss="A21.transitive-agentive-patient" mood="indicative" num="p" person="3" pos="vmii3p0" postype="main" tense="imperfect" wd="llevaban"/>
                          </grup.verb>
                          <sp arg="argM" func="cc" tem="loc">
                            <prep>
                              <s lem="a" pos="sps00" postype="preposition" wd="a"/>
                            </prep>
                            <sn entityref="ne" ne="location">
                              <spec gen="f" num="s">
                                <d gen="f" lem="el" num="s" pos="da0fs0" postype="article" wd="la"/>
                              </spec>
                              <grup.nom gen="f" num="s">
                                <n lem="Savannah" ne="location" pos="np0000l" postype="proper" sense="16:06609522" wd="Savannah"/>
                                <sn>
                                  <f lem="," pos="fc" punct="comma" wd=","/>
                                  <spec gen="f" num="s">
                                    <d gen="f" lem="el" num="s" pos="da0fs0" postype="article" wd="la"/>
                                    <d gen="f" lem="mismo" num="s" pos="di0fs0" postype="indefinite" wd="misma"/>
                                  </spec>
                                  <grup.nom gen="f" num="s">
                                    <n lem="Savannah" ne="location" pos="np0000l" postype="proper" sense="16:06609522" wd="Savannah"/>
                                    <sp>
                                      <prep>
                                        <s lem="de" pos="sps00" postype="preposition" wd="de"/>
                                      </prep>
                                      <sn entityref="ne" ne="location">
                                        <spec gen="f" num="p">
                                          <d gen="f" lem="todo" num="p" pos="di0fp0" postype="indefinite" wd="todas"/>
                                          <d gen="f" lem="el" num="p" pos="da0fp0" postype="article" wd="las"/>
                                        </spec>
                                        <grup.nom gen="f" num="p">
                                          <n gen="f" lem="isla" num="p" pos="ncfp000" postype="common" sense="16:06741251" wd="islas"/>
                                          <sp>
                                            <prep>
                                              <s contracted="yes" gen="m" lem="del" num="s" pos="spcms" postype="preposition" wd="del"/>
                                            </prep>
                                            <sn entityref="ne" ne="location">
                                              <grup.nom gen="m" num="s">
                                                <n lem="Caribe" ne="location" pos="np0000l" postype="proper" sense="16:cs1" wd="Caribe"/>
                                              </grup.nom>
                                            </sn>
                                          </sp>
                                        </grup.nom>
                                      </sn>
                                    </sp>
                                  </grup.nom>
                                </sn>
                                <sn>
                                  <f lem="," pos="fc" punct="comma" wd=","/>
                                  <spec gen="f" num="s">
                                    <d gen="f" lem="el" num="s" pos="da0fs0" postype="article" wd="la"/>
                                  </spec>
                                  <grup.nom gen="f" num="s">
                                    <n gen="f" lem="nostalgia" num="s" pos="ncfs000" postype="common" sense="16:05566463" wd="nostalgia"/>
                                    <sp>
                                      <prep>
                                        <s lem="de" pos="sps00" postype="preposition" wd="de"/>
                                      </prep>
                                      <sn entityref="ne" ne="location">
                                        <grup.nom>
                                          <n lem="Africa" ne="location" pos="np0000l" postype="proper" sense="16:cs1" wd="Africa"/>
                                        </grup.nom>
                                      </sn>
                                    </sp>
                                    <S clausetype="participle" impersonal="yes">
                                      <participi>
                                        <a gen="f" lem="convertido" lss="B22.unaccusative-passive-transitive" num="s" pos="aq0fsp" posfunction="participle" postype="qualificative" wd="convertida"/>
                                      </participi>
                                      <sp arg="arg2" func="creg" tem="efi">
                                        <prep>
                                          <s lem="en" pos="sps00" postype="preposition" wd="en"/>
                                        </prep>
                                        <sn>
                                          <spec gen="f" num="s">
                                            <d gen="f" lem="uno" num="s" pos="di0fs0" postype="indefinite" wd="una"/>
                                          </spec>
                                          <grup.nom gen="f" num="s">
                                            <n gen="f" lem="plaza" num="s" pos="ncfs000" postype="common" sense="16:06351418" wd="plaza"/>
                                            <s.a gen="f" num="s">
                                              <grup.a gen="f" num="s">
                                                <n gen="f" lem="mayor-pradera" num="s" pos="ncfs000" postype="common" sense="16:cs1" wd="mayor-pradera"/>
                                              </grup.a>
                                            </s.a>
                                            <S coord="yes">
                                              <f lem="," pos="fc" punct="comma" wd=","/>
                                              <S verbless="yes">
                                                <sadv>
                                                  <grup.adv>
                                                    <r lem="quizá" pos="rg" wd="quizá"/>
                                                  </grup.adv>
                                                </sadv>
                                                <sn>
                                                  <grup.nom gen="f" num="s">
                                                    <p gen="f" lem="ninguno" num="s" pos="pi0fs000" postype="indefinite" wd="ninguna"/>
                                                  </grup.nom>
                                                </sn>
                                                <sa>
                                                  <sa>
                                                    <spec>
                                                      <r lem="tanto" pos="rg" wd="tan"/>
                                                    </spec>
                                                    <grup.a>
                                                      <a gen="c" lem="enorme" num="s" pos="aq0cs0" postype="qualificative" wd="enorme"/>
                                                    </grup.a>
                                                  </sa>
                                                  <S adjunct="yes" clausesubtype="comparative" clausetype="adverbial" verbless="yes">
                                                    <conj conjunctiontype="subordinating">
                                                      <c lem="como" pos="cs" postype="subordinating" wd="como"/>
                                                    </conj>
                                                    <sn entityref="ne" ne="location">
                                                      <spec gen="f" num="s">
                                                        <d gen="f" lem="el" num="s" pos="da0fs0" postype="article" wd="la"/>
                                                      </spec>
                                                      <grup.nom gen="f" num="s">
                                                        <sp>
                                                          <prep>
                                                            <s lem="de" pos="sps00" postype="preposition" wd="de"/>
                                                          </prep>
                                                          <sn entityref="ne" ne="location">
                                                            <grup.nom>
                                                            <n lem="Port_Spain" ne="location" pos="np0000l" postype="proper" sense="16:cs1" wd="Port_Spain"/>
                                                            </grup.nom>
                                                          </sn>
                                                        </sp>
                                                      </grup.nom>
                                                    </sn>
                                                  </S>
                                                </sa>
                                              </S>
                                              <conj conjunctiontype="coordinating">
                                                <c lem="pero" pos="cc" postype="coordinating" wd="pero"/>
                                              </conj>
                                              <S>
                                                <relatiu func="et">
                                                  <p gen="c" lem="que" num="c" pos="pr0cn000" postype="relative" wd="que"/>
                                                </relatiu>
                                                <sn arg="arg0" elliptic="yes" func="suj" tem="agt"/>
                                                <morfema.pronominal>
                                                  <p gen="c" lem="él" num="c" person="3" pos="p0300000" wd="se"/>
                                                </morfema.pronominal>
                                                <sn arg="arg1" func="cd" repetition="yes" tem="pat">
                                                  <grup.nom gen="f" num="s">
                                                    <p case="accusative" gen="f" lem="él" num="s" person="3" pos="pp3fsa00" postype="personal" wd="la"/>
                                                  </grup.nom>
                                                </sn>
                                                <grup.verb>
                                                  <v lem="meter" lss="A21.transitive-agentive-patient" mood="imperative" num="p" person="3" pos="vmm03p0" postype="main" wd="metan"/>
                                                </grup.verb>
                                                <sp arg="argM" func="cc" tem="loc">
                                                  <prep>
                                                    <s lem="en" pos="sps00" postype="preposition" wd="en"/>
                                                  </prep>
                                                  <sn>
                                                    <spec gen="m" num="s">
                                                      <d gen="m" lem="el" num="s" pos="da0ms0" postype="article" wd="el"/>
                                                    </spec>
                                                    <grup.nom gen="m" num="s">
                                                      <n gen="m" lem="culo" num="s" pos="ncms000" postype="common" sense="16:04306560" wd="culo"/>
                                                    </grup.nom>
                                                  </sn>
                                                </sp>
                                                <sn arg="arg1" coord="yes" func="cd" repetition="yes" tem="pat">
                                                  <sn entityref="ne" ne="location">
                                                    <spec gen="f" num="s">
                                                      <d gen="f" lem="el" num="s" pos="da0fs0" postype="article" wd="la"/>
                                                    </spec>
                                                    <grup.nom gen="f" num="s">
                                                      <n lem="Savannah" ne="location" pos="np0000l" postype="proper" sense="16:06609522" wd="Savannah"/>
                                                    </grup.nom>
                                                    <f lem="," pos="fc" punct="comma" wd=","/>
                                                  </sn>
                                                  <conj conjunctiontype="coordinating">
                                                    <c lem="y" pos="cc" postype="coordinating" wd="y"/>
                                                  </conj>
                                                  <sn entityref="ne" ne="location">
                                                    <spec gen="m" num="s">
                                                      <d gen="m" lem="el" num="s" pos="da0ms0" postype="article" wd="el"/>
                                                    </spec>
                                                    <grup.nom gen="m" num="s">
                                                      <n lem="Jardín_Botánico" ne="location" pos="np0000l" postype="proper" sense="16:cs1" wd="Jardín_Botánico"/>
                                                    </grup.nom>
                                                  </sn>
                                                  <conj conjunctiontype="coordinating">
                                                    <c lem="y" pos="cc" postype="coordinating" wd="y"/>
                                                  </conj>
                                                  <sn>
                                                    <spec gen="f" num="s">
                                                      <d gen="f" lem="el" num="s" pos="da0fs0" postype="article" wd="la"/>
                                                    </spec>
                                                    <grup.nom gen="f" num="s">
                                                      <n gen="f" lem="arquitectura" num="s" pos="ncfs000" postype="common" sense="16:04659700" wd="arquitectura"/>
                                                      <s.a gen="f" num="s">
                                                        <grup.a gen="f" num="s">
                                                          <a gen="c" lem="colonial" num="s" pos="aq0cs0" postype="qualificative" wd="colonial"/>
                                                        </grup.a>
                                                      </s.a>
                                                      <sp>
                                                        <prep>
                                                          <s lem="de" pos="sps00" postype="preposition" wd="de"/>
                                                        </prep>
                                                        <sn entityref="ne" ne="location">
                                                          <spec gen="f" num="s">
                                                            <d gen="f" lem="el" num="s" pos="da0fs0" postype="article" wd="la"/>
                                                          </spec>
                                                          <grup.nom gen="f" num="s">
                                                            <n lem="Woodford_Square" ne="location" pos="np0000l" postype="proper" sense="16:cs1" wd="Woodford_Square"/>
                                                          </grup.nom>
                                                        </sn>
                                                      </sp>
                                                    </grup.nom>
                                                  </sn>
                                                  <f lem="," pos="fc" punct="comma" wd=","/>
                                                  <sn>
                                                    <spec gen="f" num="p">
                                                      <d gen="f" lem="el" num="p" pos="da0fp0" postype="article" wd="las"/>
                                                    </spec>
                                                    <grup.nom gen="f" num="p">
                                                      <n gen="f" lem="casona" num="p" pos="ncfp000" postype="common" sense="16:cs1" wd="casonas"/>
                                                      <s.a gen="f" num="p">
                                                        <grup.a gen="f" num="p">
                                                          <a gen="c" lem="grandilocuente" num="p" pos="aq0cp0" postype="qualificative" wd="grandilocuentes"/>
                                                        </grup.a>
                                                      </s.a>
                                                      <sp>
                                                        <prep>
                                                          <s lem="de" pos="sps00" postype="preposition" wd="de"/>
                                                        </prep>
                                                        <sn entityref="ne" ne="location">
                                                          <spec gen="f" num="s">
                                                            <d gen="f" lem="el" num="s" pos="da0fs0" postype="article" wd="la"/>
                                                          </spec>
                                                          <grup.nom gen="f" num="s">
                                                            <n lem="Maraval_Road" ne="location" pos="np0000l" postype="proper" sense="16:cs1" wd="Maraval_Road"/>
                                                          </grup.nom>
                                                        </sn>
                                                      </sp>
                                                    </grup.nom>
                                                  </sn>
                                                </sn>
                                              </S>
                                            </S>
                                          </grup.nom>
                                        </sn>
                                      </sp>
                                    </S>
                                  </grup.nom>
                                </sn>
                              </grup.nom>
                            </sn>
                          </sp>
                        </S>
                      </grup.nom>
                    </sn>
                  </sp>
                </grup.nom>
              </sn>
            </S>
          </S>
        </S>
      </grup.adv>
    </sadv>
    <f lem="." pos="fp" punct="period" wd="."/>
  </sentence>
  <sentence>
    <S arg="arg1" clausetype="completive" func="cd" tem="pat">
      <f lem="-" pos="fg" punct="hyphen" wd="-"/>
      <f lem="-" pos="fg" punct="hyphen" wd="-"/>
      <f lem="-" pos="fg" punct="hyphen" wd="-"/>
      <grup.verb>
        <v lem="haber" mood="indicative" num="s" person="3" pos="vaip3s0" postype="auxiliary" tense="present" wd="Ha"/>
        <v gen="m" lem="ver" lss="A21.transitive-agentive-patient" mood="participle" num="s" pos="vmp00sm" postype="main" wd="visto"/>
      </grup.verb>
      <sn arg="arg0" func="suj" tem="agt">
        <grup.nom num="s">
          <p gen="c" lem="tú" num="s" person="2" polite="yes" pos="pp2cs00p" postype="personal" wd="usted"/>
        </grup.nom>
      </sn>
      <sn arg="arg1" func="cd" tem="pat">
        <spec gen="f" num="p">
          <d gen="f" lem="el" num="p" pos="da0fp0" postype="article" wd="las"/>
          <d gen="c" lem="siete" num="p" pos="dn0cp0" postype="numeral" wd="siete"/>
        </spec>
        <grup.nom gen="f" num="p">
          <n gen="f" lem="mansión" num="p" pos="ncfp000" postype="common" sense="16:02964865" wd="mansiones"/>
          <sp>
            <prep>
              <s lem="de" pos="sps00" postype="preposition" wd="de"/>
            </prep>
            <sn entityref="ne" ne="location">
              <grup.nom>
                <f lem="'" punct="quotation" wd="'"/>
                <n lem="Maraval_Road" ne="location" pos="np0000l" postype="proper" sense="16:cs1" wd="Maraval_Road"/>
                <f lem="'" pos="fz" punct="mathsign" wd="'"/>
              </grup.nom>
            </sn>
          </sp>
        </grup.nom>
      </sn>
      <f lem="?" pos="fit" punct="questionmark" punctenclose="close" wd="?"/>
      <f lem="-" pos="fg" punct="hyphen" wd="-"/>
      <f lem="-" pos="fg" punct="hyphen" wd="-"/>
    </S>
    <sn arg="arg2" func="ci" tem="ben">
      <grup.nom num="s">
        <p case="dative" gen="c" lem="él" num="s" person="3" pos="pp3csd00" postype="personal" wd="le"/>
      </grup.nom>
    </sn>
    <grup.verb>
      <v lem="preguntar" lss="A32.ditransitive-patient-benefactive" mood="indicative" num="s" person="3" pos="vmic3s0" postype="main" tense="conditional" wd="preguntaría"/>
    </grup.verb>
    <sn arg="argM" func="cc" tem="loc">
      <spec gen="f" num="s">
        <d gen="f" lem="uno" num="s" pos="di0fs0" postype="indefinite" wd="una"/>
      </spec>
      <grup.nom gen="f" num="s">
        <n gen="f" lem="vez" num="s" pos="ncfs000" postype="common" sense="16:05449233" wd="vez"/>
        <sadv>
          <grup.adv>
            <r lem="más" pos="rg" wd="más"/>
          </grup.adv>
        </sadv>
      </grup.nom>
    </sn>
    <sn arg="arg0" func="suj" tem="agt">
      <spec gen="m" num="s">
        <d gen="m" lem="el" num="s" pos="da0ms0" postype="article" wd="el"/>
      </spec>
      <grup.nom gen="m" num="s">
        <n gen="c" lem="taxista" num="s" pos="nccs000" postype="common" sense="16:07631941" wd="taxista"/>
        <s.a gen="m" num="s">
          <grup.a gen="m" num="s">
            <a gen="c" lem="hindú" num="s" pos="aq0cs0" postype="qualificative" wd="hindú"/>
          </grup.a>
        </s.a>
      </grup.nom>
    </sn>
    <f lem="." pos="fp" punct="period" wd="."/>
  </sentence>
  <sentence>
    <f lem="-" pos="fg" punct="hyphen" wd="-"/>
    <f lem="-" pos="fg" punct="hyphen" wd="-"/>
    <sn arg="arg2" func="ci" tem="ben">
      <grup.nom num="s">
        <p gen="c" lem="yo" num="s" person="1" pos="pp1cs000" postype="personal" wd="Me"/>
      </grup.nom>
    </sn>
    <sn arg="arg1" func="cd" tem="pat">
      <grup.nom gen="f" num="p">
        <p case="accusative" gen="f" lem="él" num="p" person="3" pos="pp3fpa00" postype="personal" wd="las"/>
      </grup.nom>
    </sn>
    <grup.verb>
      <v lem="enseñar" lss="A32.ditransitive-patient-benefactive" mood="indicative" num="s" person="3" pos="vmis3s0" postype="main" tense="past" wd="enseñó"/>
    </grup.verb>
    <sn arg="arg0" func="suj" tem="agt">
      <grup.nom num="s">
        <p gen="c" lem="tú" num="s" person="2" polite="yes" pos="pp2cs00p" postype="personal" wd="usted"/>
      </grup.nom>
    </sn>
    <f lem="." pos="fp" punct="period" wd="."/>
  </sentence>
  <sentence>
    <f lem="-" pos="fg" punct="hyphen" wd="-"/>
    <f lem="-" pos="fg" punct="hyphen" wd="-"/>
    <sn arg="arg1" elliptic="yes" func="suj" tem="tem"/>
    <grup.verb>
      <v lem="ser" lss="C21.state-attributive" mood="indicative" num="s" person="3" pos="vsip3s0" postype="semiauxiliary" tense="present" wd="Es"/>
    </grup.verb>
    <sa arg="arg2" func="atr" tem="atr">
      <grup.a>
        <a gen="m" lem="cierto" num="s" pos="aq0ms0" postype="qualificative" wd="cierto"/>
      </grup.a>
    </sa>
    <f lem="." pos="fp" punct="period" wd="."/>
  </sentence>
  <sentence verbless="yes">
    <sn coord="yes">
      <sn>
        <spec gen="f" num="s">
          <d gen="f" lem="uno" num="s" pos="di0fs0" postype="indefinite" wd="Una"/>
        </spec>
        <grup.nom gen="f" num="s">
          <n gen="f" lem="mano" num="s" pos="ncfs000" postype="common" sense="16:04311223" wd="mano"/>
          <sp>
            <prep>
              <s lem="en" pos="sps00" postype="preposition" wd="en"/>
            </prep>
            <sn>
              <spec gen="m" num="s">
                <d gen="m" lem="el" num="s" pos="da0ms0" postype="article" wd="el"/>
              </spec>
              <grup.nom gen="m" num="s">
                <n gen="m" lem="volante" num="s" pos="ncms000" postype="common" sense="16:03410311" wd="volante"/>
              </grup.nom>
            </sn>
          </sp>
        </grup.nom>
      </sn>
      <f lem="," pos="fc" punct="comma" wd=","/>
      <sn>
        <spec gen="f" num="s">
          <d gen="f" lem="el" num="s" pos="da0fs0" postype="article" wd="la"/>
        </spec>
        <grup.nom gen="f" num="s">
          <p gen="f" lem="otro" num="s" pos="pi0fs000" postype="indefinite" wd="otra"/>
          <S clausetype="adverbial" impersonal="yes">
            <gerundi>
              <v lem="lanzar" lss="A21.transitive-agentive-patient" mood="gerund" pos="vmg0000" postype="main" wd="lanzando"/>
            </gerundi>
            <sn arg="arg1" complex="yes" func="cd" tem="pat">
              <grup.nom coord="yes">
                <grup.nom gen="m" num="p">
                  <n gen="m" lem="dedo" num="p" pos="ncmp000" postype="common" sense="16:04312269" wd="dedos"/>
                  <s.a gen="m" num="p">
                    <grup.a gen="m" num="p">
                      <a gen="m" lem="oscuro" num="p" pos="aq0mp0" postype="qualificative" wd="oscuros"/>
                    </grup.a>
                  </s.a>
                </grup.nom>
                <conj conjunctiontype="coordinating">
                  <c lem="y" pos="cc" postype="coordinating" wd="y"/>
                </conj>
                <grup.nom gen="m" num="p">
                  <n gen="m" lem="nombre" num="p" pos="ncmp000" postype="common" sense="16:04768298" wd="nombres"/>
                  <sp>
                    <prep>
                      <s lem="de" pos="sps00" postype="preposition" wd="de"/>
                    </prep>
                    <sn>
                      <grup.nom gen="f" num="p">
                        <n gen="f" lem="casa" num="p" pos="ncfp000" postype="common" sense="16:02618194" wd="casas"/>
                        <S clausetype="relative">
                          <relatiu arg="arg1" func="suj" tem="tem">
                            <p gen="c" lem="que" num="c" pos="pr0cn000" postype="relative" wd="que"/>
                          </relatiu>
                          <grup.verb>
                            <v lem="constituir" lss="C21.state-attributive" mood="indicative" num="p" person="3" pos="vmii3p0" postype="main" tense="imperfect" wd="constituían"/>
                          </grup.verb>
                          <sn arg="arg2" func="cd" functype="quantitative" tem="atr">
                            <spec gen="m" num="s">
                              <d gen="c" lem="el" num="s" pos="da0ns0" postype="article" wd="lo"/>
                            </spec>
                            <grup.nom gen="m" num="s">
                              <s.a gen="m" num="s">
                                <spec>
                                  <r lem="más" pos="rg" wd="más"/>
                                </spec>
                                <grup.a gen="m" num="s">
                                  <a gen="c" lem="importante" num="s" pos="aq0cs0" postype="qualificative" wd="importante"/>
                                </grup.a>
                              </s.a>
                              <sp>
                                <prep>
                                  <s contracted="yes" gen="m" lem="del" num="s" pos="spcms" postype="preposition" wd="del"/>
                                </prep>
                                <sn>
                                  <grup.nom gen="m" num="s">
                                    <n gen="m" lem="patrimonio" num="s" pos="ncms000" postype="common" sense="16:00051119" wd="patrimonio"/>
                                    <s.a gen="m" num="s">
                                      <grup.a gen="m" num="s">
                                        <a gen="m" lem="arquitectónico" num="s" pos="aq0ms0" postype="qualificative" wd="arquitectónico"/>
                                      </grup.a>
                                    </s.a>
                                    <sp>
                                      <prep>
                                        <s lem="de" pos="sps00" postype="preposition" wd="de"/>
                                      </prep>
                                      <sn entityref="ne" ne="location">
                                        <grup.nom>
                                          <n lem="Port_Spain" ne="location" pos="np0000l" postype="proper" sense="16:cs1" wd="Port_Spain"/>
                                        </grup.nom>
                                      </sn>
                                    </sp>
                                  </grup.nom>
                                </sn>
                              </sp>
                            </grup.nom>
                          </sn>
                        </S>
                      </grup.nom>
                    </sn>
                  </sp>
                </grup.nom>
              </grup.nom>
            </sn>
          </S>
        </grup.nom>
      </sn>
    </sn>
    <f lem="." pos="fp" punct="period" wd="."/>
  </sentence>
  <sentence verbless="yes">
    <f lem="-" pos="fg" punct="hyphen" wd="-"/>
    <f lem="-" pos="fg" punct="hyphen" wd="-"/>
    <sn complex="yes">
      <grup.nom coord="yes">
        <grup.nom>
          <n lem="Stollmeyer's_Castle" ne="location" pos="np0000l" postype="proper" sense="16:cs1" wd="Stollmeyer's_Castle"/>
        </grup.nom>
        <f lem="," pos="fc" punct="comma" wd=","/>
        <grup.nom>
          <n lem="White_Hall" ne="location" pos="np0000l" postype="proper" sense="16:cs1" wd="White_Hall"/>
        </grup.nom>
        <f lem="," pos="fc" punct="comma" wd=","/>
        <grup.nom>
          <n lem="Roodal's_Residence" ne="location" pos="np0000l" postype="proper" sense="16:cs1" wd="Roodal's_Residence"/>
        </grup.nom>
      </grup.nom>
    </sn>
    <f lem="." pos="fp" punct="period" wd="."/>
  </sentence>
  <sentence>
    <sn arg="arg0" func="suj" tem="agt">
      <spec gen="f" num="s">
        <d gen="f" lem="el" num="s" pos="da0fs0" postype="article" wd="La"/>
      </spec>
      <grup.nom gen="f" num="s">
        <n gen="f" lem="oscuridad" num="s" pos="ncfs000" postype="common" sense="16:10073287" wd="oscuridad"/>
        <S clausetype="relative">
          <relatiu arg="arg0" func="suj" tem="agt">
            <p gen="c" lem="que" num="c" pos="pr0cn000" postype="relative" wd="que"/>
          </relatiu>
          <grup.verb>
            <v lem="envolver" lss="A21.transitive-agentive-patient" mood="indicative" num="s" person="3" pos="vmii3s0" postype="main" tense="imperfect" wd="envolvía"/>
          </grup.verb>
          <sp arg="arg1" func="cd" tem="pat">
            <prep>
              <s lem="a" pos="sps00" postype="preposition" wd="a"/>
            </prep>
            <sn>
              <spec gen="f" num="s">
                <d gen="f" lem="todo" num="s" pos="di0fs0" postype="indefinite" wd="toda"/>
                <d gen="f" lem="el" num="s" pos="da0fs0" postype="article" wd="la"/>
              </spec>
              <grup.nom gen="f" num="s">
                <n gen="f" lem="isla" num="s" pos="ncfs000" postype="common" sense="16:06741251" wd="isla"/>
              </grup.nom>
            </sn>
          </sp>
        </S>
      </grup.nom>
    </sn>
    <grup.verb>
      <v lem="presagiar" lss="A21.transitive-agentive-patient" mood="indicative" num="s" person="3" pos="vmii3s0" postype="main" tense="imperfect" wd="presagiaba"/>
    </grup.verb>
    <sn arg="arg1" coord="yes" func="cd" tem="pat">
      <sn>
        <spec gen="m" num="s">
          <d gen="m" lem="el" num="s" pos="da0ms0" postype="article" wd="el"/>
        </spec>
        <grup.nom gen="m" num="s">
          <n gen="m" lem="fin" num="s" pos="ncms000" postype="common" sense="16:10966461" wd="fin"/>
          <sp>
            <prep>
              <s contracted="yes" gen="m" lem="del" num="s" pos="spcms" postype="preposition" wd="del"/>
            </prep>
            <sn>
              <grup.nom gen="m" num="s">
                <n gen="m" lem="año" num="s" pos="ncms000" postype="common" sense="16:10917509" wd="año"/>
              </grup.nom>
            </sn>
          </sp>
        </grup.nom>
      </sn>
      <conj conjunctiontype="coordinating">
        <c lem="y" pos="cc" postype="coordinating" wd="y"/>
      </conj>
      <sn>
        <sadv adjunct="yes">
          <grup.adv>
            <r lem="tal_vez" pos="rg" wd="tal_vez"/>
          </grup.adv>
        </sadv>
        <sn>
          <spec gen="m" num="s">
            <d gen="m" lem="el" num="s" pos="da0ms0" postype="article" wd="el"/>
          </spec>
          <grup.nom gen="m" num="s">
            <n gen="m" lem="fin" num="s" pos="ncms000" postype="common" sense="16:10966461" wd="fin"/>
            <sp>
              <prep>
                <s contracted="yes" gen="m" lem="del" num="s" pos="spcms" postype="preposition" wd="del"/>
              </prep>
              <sn>
                <grup.nom gen="m" num="s">
                  <n gen="m" lem="mundo" num="s" pos="ncms000" postype="common" sense="16:06691078" wd="mundo"/>
                </grup.nom>
              </sn>
            </sp>
          </grup.nom>
        </sn>
      </sn>
    </sn>
    <f lem="." pos="fp" punct="period" wd="."/>
  </sentence>
  <sentence>
    <sn arg="arg0" func="suj" tem="agt">
      <spec gen="m" num="s">
        <d gen="m" lem="el" num="s" pos="da0ms0" postype="article" wd="El"/>
      </spec>
      <grup.nom gen="m" num="s">
        <n gen="c" lem="taxista" num="s" pos="nccs000" postype="common" sense="16:07631941" wd="taxista"/>
      </grup.nom>
    </sn>
    <grup.verb>
      <v lem="levantar" lss="A31.ditransitive-patient-locative" mood="indicative" num="s" person="3" pos="vmii3s0" postype="main" tense="imperfect" wd="levantaba"/>
    </grup.verb>
    <sn arg="arg1" func="cd" tem="pat">
      <spec gen="m" num="s">
        <d gen="m" lem="el" num="s" pos="da0ms0" postype="article" wd="el"/>
      </spec>
      <grup.nom gen="m" num="s">
        <n gen="m" lem="dedo" num="s" pos="ncms000" postype="common" sense="16:04312269" wd="dedo"/>
        <s.a gen="m" num="s">
          <grup.a gen="m" num="s">
            <a gen="m" lem="oscuro" num="s" pos="aq0ms0" postype="qualificative" wd="oscuro"/>
          </grup.a>
        </s.a>
        <sn>
          <f lem="," pos="fc" punct="comma" wd=","/>
          <spec gen="m" num="s">
            <d gen="m" lem="uno" num="s" pos="di0ms0" postype="indefinite" wd="un"/>
          </spec>
          <grup.nom gen="m" num="s">
            <n gen="m" lem="dedo" num="s" pos="ncms000" postype="common" sense="16:04312269" wd="dedo"/>
            <sp>
              <prep>
                <s lem="de" pos="sps00" postype="preposition" wd="de"/>
              </prep>
              <sn>
                <grup.nom gen="m" num="s">
                  <n gen="m" lem="gitano" num="s" pos="ncms000" postype="common" sense="16:07306569" wd="gitano"/>
                </grup.nom>
              </sn>
            </sp>
          </grup.nom>
          <f lem="," pos="fc" punct="comma" wd=","/>
        </sn>
      </grup.nom>
    </sn>
    <sp arg="argM" func="cc" tem="loc">
      <prep>
        <s lem="hacia" pos="sps00" postype="preposition" wd="hacia"/>
      </prep>
      <sn>
        <spec gen="m" num="s">
          <d gen="m" lem="el" num="s" pos="da0ms0" postype="article" wd="el"/>
        </spec>
        <grup.nom gen="m" num="s">
          <n gen="m" lem="cielo" num="s" pos="ncms000" postype="common" sense="16:06285184" wd="cielo"/>
        </grup.nom>
      </sn>
    </sp>
    <f lem="." pos="fp" punct="period" wd="."/>
  </sentence>
  <sentence>
    <f lem="-" pos="fg" punct="hyphen" wd="-"/>
    <f lem="-" pos="fg" punct="hyphen" wd="-"/>
    <sn arg="arg1" func="suj" tem="tem">
      <grup.nom gen="m" num="s">
        <p gen="m" lem="todo" num="s" pos="pi0ms000" postype="indefinite" wd="Todo"/>
      </grup.nom>
    </sn>
    <grup.verb>
      <v lem="empezar" lss="C11.state-existential" mood="indicative" num="s" person="3" pos="vmis3s0" postype="main" tense="past" wd="empezó"/>
    </grup.verb>
    <sp arg="argM" func="cc" tem="tmp">
      <prep>
        <s lem="desde" pos="sps00" postype="preposition" wd="desde"/>
      </prep>
      <S clausetype="completive">
        <conj conjunctiontype="subordinating">
          <c lem="que" pos="cs" postype="subordinating" wd="que"/>
        </conj>
        <sn arg="arg1" elliptic="yes" func="suj" tem="tem"/>
        <grup.verb>
          <v lem="subir" lss="B11.unaccusative-motion" mood="indicative" num="p" person="3" pos="vmis3p0" postype="main" tense="past" wd="subieron"/>
        </grup.verb>
        <sadv arg="arg4" func="cc" tem="des">
          <grup.adv>
            <r lem="allí" pos="rg" wd="allí"/>
          </grup.adv>
          <spec>
            <r lem="arriba" pos="rg" wd="arriba"/>
          </spec>
        </sadv>
      </S>
    </sp>
    <f lem="." pos="fp" punct="period" wd="."/>
  </sentence>
  <sentence>
    <f lem="-" pos="fg" punct="hyphen" wd="-"/>
    <f lem="-" pos="fg" punct="hyphen" wd="-"/>
    <f lem="-" pos="fg" punct="hyphen" wd="-"/>
    <sn arg="arg1" func="suj" tem="tem">
      <grup.nom num="s">
        <p gen="c" lem="quién" num="s" pos="pt0cs000" postype="interrogative" wd="Quién"/>
      </grup.nom>
    </sn>
    <grup.verb>
      <v lem="subir" lss="B11.unaccusative-motion" mood="indicative" num="s" person="3" pos="vmis3s0" postype="main" tense="past" wd="subió"/>
    </grup.verb>
    <sadv arg="arg4" func="cc" tem="des">
      <grup.adv>
        <r lem="allí" pos="rg" wd="allí"/>
      </grup.adv>
      <spec>
        <r lem="arriba" pos="rg" wd="arriba"/>
      </spec>
    </sadv>
    <f lem="?" pos="fit" punct="questionmark" punctenclose="close" wd="?"/>
  </sentence>
  <sentence verbless="yes">
    <f lem="-" pos="fg" punct="hyphen" wd="-"/>
    <f lem="-" pos="fg" punct="hyphen" wd="-"/>
    <sn coord="yes">
      <sn>
        <spec gen="m" num="p">
          <d gen="m" lem="el" num="p" pos="da0mp0" postype="article" wd="Los"/>
        </spec>
        <grup.nom gen="m" num="p">
          <n gen="m" lem="ruso" num="p" pos="ncmp000" postype="common" sense="16:07035060" wd="rusos"/>
        </grup.nom>
      </sn>
      <conj conjunctiontype="coordinating">
        <c lem="y" pos="cc" postype="coordinating" wd="y"/>
      </conj>
      <sn>
        <spec gen="m" num="p">
          <d gen="m" lem="el" num="p" pos="da0mp0" postype="article" wd="los"/>
        </spec>
        <grup.nom gen="m" num="p">
          <n gen="m" lem="americano" num="p" pos="ncmp000" postype="common" sense="16:07043346" wd="americanos"/>
        </grup.nom>
      </sn>
    </sn>
    <f lem="." pos="fp" punct="period" wd="."/>
  </sentence>
  <sentence coord="yes">
    <sp adjunct="yes" arg="argM" func="cc" tem="tmp">
      <prep>
        <s lem="desde" pos="sps00" postype="preposition" wd="Desde"/>
      </prep>
      <S clausetype="completive">
        <conj conjunctiontype="subordinating">
          <c lem="que" pos="cs" postype="subordinating" wd="que"/>
        </conj>
        <sn arg="arg1" elliptic="yes" func="suj" tem="tem"/>
        <grup.verb>
          <v lem="subir" lss="B11.unaccusative-motion" mood="indicative" num="p" person="3" pos="vmis3p0" postype="main" tense="past" wd="subieron"/>
        </grup.verb>
        <sadv arg="arg4" func="cc" tem="des">
          <grup.adv>
            <r lem="allí" pos="rg" wd="allí"/>
          </grup.adv>
          <spec>
            <r lem="arriba" pos="rg" wd="arriba"/>
          </spec>
        </sadv>
      </S>
      <f lem="," pos="fc" punct="comma" wd=","/>
    </sp>
    <S coord="yes">
      <S>
        <sn arg="arg1" func="suj" tem="tem">
          <spec gen="m" num="s">
            <d gen="m" lem="el" num="s" pos="da0ms0" postype="article" wd="el"/>
          </spec>
          <grup.nom gen="m" num="s">
            <n gen="m" lem="invierno" num="s" pos="ncms000" postype="common" sense="16:10946591" wd="invierno"/>
          </grup.nom>
        </sn>
        <grup.verb>
          <v lem="ser" lss="C21.state-attributive" mood="indicative" num="s" person="3" pos="vsip3s0" postype="semiauxiliary" tense="present" wd="es"/>
        </grup.verb>
        <sn arg="arg2" func="atr" tem="atr">
          <grup.nom gen="m" num="s">
            <n gen="m" lem="verano" num="s" pos="ncms000" postype="common" sense="16:10946199" wd="verano"/>
          </grup.nom>
        </sn>
      </S>
      <conj conjunctiontype="coordinating">
        <c lem="y" pos="cc" postype="coordinating" wd="y"/>
      </conj>
      <S>
        <sn arg="arg1" func="suj" tem="tem">
          <spec gen="m" num="s">
            <d gen="m" lem="el" num="s" pos="da0ms0" postype="article" wd="el"/>
          </spec>
          <grup.nom gen="m" num="s">
            <n gen="m" lem="verano" num="s" pos="ncms000" postype="common" sense="16:10946199" wd="verano"/>
          </grup.nom>
        </sn>
        <grup.verb>
          <v lem="ser" lss="C21.state-attributive" mood="indicative" num="s" person="3" pos="vsip3s0" postype="semiauxiliary" tense="present" wd="es"/>
        </grup.verb>
        <sn arg="arg2" func="atr" tem="atr">
          <grup.nom gen="m" num="s">
            <n gen="m" lem="invierno" num="s" pos="ncms000" postype="common" sense="16:10946591" wd="invierno"/>
          </grup.nom>
        </sn>
      </S>
    </S>
    <f lem="." pos="fp" punct="period" wd="."/>
  </sentence>
</article>
