<?xml version="1.0" encoding="UTF-8" standalone="no"?>
<!-- 

  ancora-2.0
       
			Copyright (C) 2007, 2008, 2009, 2010, 2011 UB - CLiC
			Centre de Llenguatge i Computació - Universitat de Barcelona
 
  This file is part of ancora-2.0.
 
  ancora-2.0 is free software and data: you can redistribute it and/or modify
  it under the terms of the GNU General Public License as published
  by the Free Software Foundation, either version 3 of the License,
  or (at your option) any later version.

  ancora-2.0 is distributed in the hope that it will be useful,
  but WITHOUT ANY WARRANTY; without even the implied warranty of
  MERCHANTABILITY or FITNESS FOR A PARTICULAR PURPOSE.  See the
  GNU General Public License for more details.
 
  You should have received a copy of the GNU General Public License
  along with ancora-2.0.  If not, see &lt;http://www.gnu.org/licenses/&gt;.
 
  Check a text in catalan explaining the terms of the license at http://www.softcatala.cat/wiki/GPL3.
  In spanish at http://www.viti.es/gnu/licenses/gpl.html
 

  The following paper must be cited when using this corpus:

 * Taulé, M., M.A. Martí, M. Recasens (2008) 'Ancora: Multilevel Annotated Corpora for Catalan and Spanish',
   Proceedings of 6th International Conference on Language Resources and Evaluation. Marrakesh (Morocco).

  In addition, the following paper must be cited if coreference information (attributes entity, coreftype,
  corefsubtype, homophoricDD or entityref) is used:

 * Recasens, Marta, M. Antònia Martí (2010) ‘AnCora-CO: Coreferentially annotated corpora for Spanish and
   Catalan’. Language Resources and Evaluation, Springer Science.

  Additionally, the following paper must be cited when argumental attributes in "sn" or "grup.nom"
  (attributes func, arg, tem or lexicalid) are used:

 * Peris, Aina, Mariona Taulé, Horacio Rodríguez (2010) ‘Semantic Annotation of Deverbal Nominalizations in the
   Spanish AnCora corpus’. Treebanks and Linguistic Theories (TLT-2010), Estonia.
-->
<article lng="es">
  <sentence>
    <sn arg="arg0" func="suj" tem="agt">
      <spec gen="f" num="s">
        <d gen="f" lem="el" num="s" pos="da0fs0" postype="article" wd="La"/>
      </spec>
      <grup.nom gen="f" num="s">
        <n gen="f" lem="angustia" num="s" pos="ncfs000" postype="common" sense="16:05571456" wd="angustia"/>
        <sn>
          <f lem="-" pos="fg" punct="hyphen" wd="-"/>
          <f lem="-" pos="fg" punct="hyphen" wd="-"/>
          <grup.nom gen="f" num="s">
            <n gen="f" lem="enfermedad" num="s" pos="ncfs000" postype="common" sense="16:10129713" wd="enfermedad"/>
            <sp>
              <prep>
                <s contracted="yes" gen="m" lem="del" num="s" pos="spcms" postype="preposition" wd="del"/>
              </prep>
              <sn>
                <grup.nom gen="f" num="s">
                  <n gen="f" lem="alma" num="s" pos="ncfs000" postype="common" sense="16:04545575" wd="alma"/>
                </grup.nom>
              </sn>
            </sp>
          </grup.nom>
          <f lem="-" pos="fg" punct="hyphen" wd="-"/>
          <f lem="-" pos="fg" punct="hyphen" wd="-"/>
        </sn>
      </grup.nom>
    </sn>
    <grup.verb>
      <v lem="alcanzar" lss="A31.ditransitive-patient-locative" mood="indicative" num="s" person="3" pos="vmip3s0" postype="main" tense="present" wd="alcanza"/>
    </grup.verb>
    <sn arg="arg1" func="cd" tem="pat">
      <spec gen="m" num="s">
        <d gen="c" lem="su" num="s" person="3" pos="dp3cs0" postype="possessive" wd="su"/>
      </spec>
      <grup.nom gen="m" num="s">
        <n gen="m" lem="clímax" num="c" pos="ncmn000" postype="common" sense="16:04804834" wd="clímax"/>
      </grup.nom>
    </sn>
    <sp arg="argM" func="cc" tem="tmp">
      <prep>
        <s contracted="yes" gen="m" lem="al" num="s" pos="spcms" postype="preposition" wd="al"/>
      </prep>
      <S clausetype="completive" impersonal="yes">
        <infinitiu>
          <v lem="comprobar" lss="A21.transitive-agentive-patient" mood="infinitive" pos="vmn0000" postype="main" wd="comprobar"/>
        </infinitiu>
        <sn arg="arg1" func="cd" tem="pat">
          <spec gen="f" num="s">
            <d gen="f" lem="el" num="s" pos="da0fs0" postype="article" wd="la"/>
          </spec>
          <grup.nom gen="f" num="s">
            <n gen="f" lem="falsedad" num="s" pos="ncfs000" postype="common" sense="16:10058657" wd="falsedad"/>
            <sp>
              <prep>
                <s lem="de" pos="sps00" postype="preposition" wd="de"/>
              </prep>
              <sn>
                <spec gen="m" num="s">
                  <d gen="m" lem="alguno" num="s" pos="di0ms0" postype="indefinite" wd="algún"/>
                </spec>
                <grup.nom gen="m" num="s">
                  <n gen="m" lem="principio" num="s" pos="ncms000" postype="common" sense="16:04543461" wd="principio"/>
                  <s.a gen="m" num="s">
                    <grup.a gen="m" num="s">
                      <a gen="c" lem="vital" num="s" pos="aq0cs0" postype="qualificative" wd="vital"/>
                    </grup.a>
                  </s.a>
                  <S clausetype="relative">
                    <sp arg="arg2" func="creg" tem="loc">
                      <prep>
                        <s lem="en" pos="sps00" postype="preposition" wd="en"/>
                      </prep>
                      <sn>
                        <spec gen="m" num="s">
                          <d gen="m" lem="el" num="s" pos="da0ms0" postype="article" wd="el"/>
                        </spec>
                        <relatiu>
                          <p gen="c" lem="que" num="c" pos="pr0cn000" postype="relative" wd="que"/>
                        </relatiu>
                      </sn>
                    </sp>
                    <sn arg="arg1" elliptic="yes" func="suj" tem="tem"/>
                    <morfema.pronominal>
                      <p gen="c" lem="yo" num="p" person="1" pos="p010p000" wd="nos"/>
                    </morfema.pronominal>
                    <grup.verb>
                      <v lem="apoyar" lss="B11.unaccusative-motion" mood="indicative" num="p" person="1" pos="vmii1p0" postype="main" tense="imperfect" wd="apoyábamos"/>
                    </grup.verb>
                  </S>
                </grup.nom>
              </sn>
            </sp>
          </grup.nom>
        </sn>
      </S>
    </sp>
    <f lem="." pos="fp" punct="period" wd="."/>
  </sentence>
  <sentence>
    <sn arg="arg0" coord="yes" func="suj" tem="agt">
      <sn>
        <spec gen="m" num="p">
          <d gen="m" lem="el" num="p" pos="da0mp0" postype="article" wd="Los"/>
        </spec>
        <grup.nom gen="m" num="p">
          <n gen="m" lem="loro" num="p" pos="ncmp000" postype="common" sense="16:01334230" wd="loros"/>
          <S clausetype="relative">
            <relatiu arg="arg0" func="suj" tem="agt">
              <p gen="c" lem="que" num="c" pos="pr0cn000" postype="relative" wd="que"/>
            </relatiu>
            <grup.verb>
              <v lem="imitar" lss="A21.transitive-agentive-patient" mood="indicative" num="p" person="3" pos="vmip3p0" postype="main" tense="present" wd="imitan"/>
            </grup.verb>
            <sn arg="arg1" func="cd" tem="pat">
              <spec arg="arg0" gen="f" num="s" tem="agt">
                <d gen="f" lem="nuestro" num="s" person="1" pos="dp1fsp" possessornum="p" postype="possessive" wd="nuestra"/>
              </spec>
              <grup.nom gen="f" num="s">
                <n gen="f" lem="habla" lexicalid="noun.habla.1.default" num="s" origin="deverbal" pos="ncfs000" postype="common" sense="16:05319899" wd="habla"/>
              </grup.nom>
            </sn>
          </S>
        </grup.nom>
      </sn>
      <conj conjunctiontype="coordinating">
        <c lem="y" pos="cc" postype="coordinating" wd="y"/>
      </conj>
      <sn>
        <spec gen="m" num="p">
          <d gen="m" lem="el" num="p" pos="da0mp0" postype="article" wd="los"/>
        </spec>
        <grup.nom gen="m" num="p">
          <n gen="m" lem="macaco" num="p" pos="ncmp000" postype="common" sense="16:01981527" wd="macacos"/>
          <S clausetype="relative" verbless="yes">
            <sn>
              <spec gen="f" num="p">
                <d gen="f" lem="nuestro" num="p" person="1" pos="dp1fpp" possessornum="p" postype="possessive" wd="nuestras"/>
              </spec>
              <grup.nom gen="f" num="p">
                <n gen="f" lem="manera" num="p" pos="ncfp000" postype="common" sense="16:00111872" wd="maneras"/>
              </grup.nom>
            </sn>
          </S>
        </grup.nom>
      </sn>
    </sn>
    <sn arg="arg1" func="cd" tem="pat">
      <grup.nom num="p">
        <p gen="c" lem="yo" num="p" person="1" pos="pp1cp000" postype="personal" wd="nos"/>
      </grup.nom>
    </sn>
    <grup.verb>
      <v lem="ofender" lss="A21.transitive-agentive-patient" mood="indicative" num="p" person="3" pos="vmip3p0" postype="main" tense="present" wd="ofenden"/>
    </grup.verb>
    <S arg="argM" clausetype="adverbial" func="cc" tem="cau">
      <conj conjunctiontype="subordinating">
        <c lem="porque" pos="cs" postype="subordinating" wd="porque"/>
      </conj>
      <sn arg="arg0" elliptic="yes" func="suj" tem="cau"/>
      <grup.verb>
        <v lem="hacer" lss="A12.ditransitive-causative-state" mood="indicative" num="p" person="3" pos="vmip3p0" postype="main" tense="present" wd="hacen"/>
      </grup.verb>
      <sp arg="arg2" func="creg" tem="ein">
        <prep>
          <s lem="de" pos="sps00" postype="preposition" wd="de"/>
        </prep>
        <sn>
          <grup.nom gen="m" num="p">
            <p gen="m" lem="yo" num="p" person="1" pos="pp1mp000" postype="personal" wd="nosotros"/>
          </grup.nom>
        </sn>
      </sp>
      <sn arg="arg1" func="cd" tem="tem">
        <grup.nom gen="f" num="p">
          <n gen="c" lem="pariente" num="p" pos="nccp000" postype="common" sense="16:07356867" wd="parientes"/>
          <s.a gen="f" num="p">
            <grup.a gen="f" num="p">
              <a gen="c" lem="pobre" num="p" pos="aq0cp0" postype="qualificative" wd="pobres"/>
            </grup.a>
          </s.a>
        </grup.nom>
      </sn>
    </S>
    <f lem="." pos="fp" punct="period" wd="."/>
  </sentence>
  <sentence coord="yes">
    <S>
      <sn arg="arg1" coord="yes" func="suj" tem="tem">
        <sn>
          <spec gen="m" num="s">
            <d gen="m" lem="el" num="s" pos="da0ms0" postype="article" wd="El"/>
          </spec>
          <grup.nom gen="f" num="s">
            <n gen="f" lem="hambre" num="s" pos="ncfs000" postype="common" sense="16:10112984" wd="hambre"/>
          </grup.nom>
        </sn>
        <f lem="," pos="fc" punct="comma" wd=","/>
        <sn>
          <spec gen="f" num="s">
            <d gen="f" lem="el" num="s" pos="da0fs0" postype="article" wd="la"/>
          </spec>
          <grup.nom gen="f" num="s">
            <n gen="f" lem="sed" num="s" pos="ncfs000" postype="common" sense="16:05565891" wd="sed"/>
          </grup.nom>
        </sn>
        <conj conjunctiontype="coordinating">
          <c lem="y" pos="cc" postype="coordinating" wd="y"/>
        </conj>
        <sn>
          <spec gen="m" num="s">
            <d gen="m" lem="el" num="s" pos="da0ms0" postype="article" wd="el"/>
          </spec>
          <grup.nom gen="m" num="s">
            <n gen="m" lem="frío" num="s" pos="ncms000" postype="common" sense="16:04422784" wd="frío"/>
          </grup.nom>
        </sn>
      </sn>
      <grup.verb>
        <v lem="ser" lss="C21.state-attributive" mood="indicative" num="p" person="3" pos="vsip3p0" postype="semiauxiliary" tense="present" wd="son"/>
      </grup.verb>
      <sn arg="arg2" func="atr" tem="atr">
        <grup.nom gen="f" num="p">
          <n gen="f" lem="amenaza" lexicalid="noun.amenaza.1.default" num="p" origin="deverbal" pos="ncfp000" postype="common" sense="16:10428546" wd="amenazas"/>
          <s.a func="cn" gen="f" num="p">
            <grup.a gen="f" num="p">
              <a gen="c" lem="constante" num="p" pos="aq0cp0" postype="qualificative" wd="constantes"/>
            </grup.a>
          </s.a>
          <sp arg="arg1" func="cn" tem="pat">
            <prep>
              <s lem="para" pos="sps00" postype="preposition" wd="para"/>
            </prep>
            <sn>
              <spec gen="m" num="p">
                <d gen="m" lem="todo" num="p" pos="di0mp0" postype="indefinite" wd="todos"/>
                <d gen="m" lem="el" num="p" pos="da0mp0" postype="article" wd="los"/>
              </spec>
              <grup.nom gen="m" num="p">
                <n gen="m" lem="ser" num="p" pos="ncmp000" postype="common" sense="16:00002086" wd="seres"/>
                <s.a gen="m" num="p">
                  <grup.a gen="m" num="p">
                    <a gen="m" lem="vivo" num="p" pos="aq0mp0" postype="qualificative" wd="vivos"/>
                  </grup.a>
                </s.a>
              </grup.nom>
            </sn>
          </sp>
        </grup.nom>
      </sn>
      <f lem="," pos="fc" punct="comma" wd=","/>
    </S>
    <conj conjunctiontype="coordinating">
      <c lem="pero" pos="cc" postype="coordinating" wd="pero"/>
    </conj>
    <S>
      <sn arg="arg0" func="suj" tem="cau">
        <grup.nom gen="m" num="p">
          <sadv>
            <grup.adv>
              <r lem="sólo" pos="rg" wd="sólo"/>
            </grup.adv>
          </sadv>
          <p gen="m" lem="yo" num="p" person="1" pos="pp1mp000" postype="personal" wd="nosotros"/>
          <sn>
            <spec gen="m" num="p">
              <d gen="m" lem="el" num="p" pos="da0mp0" postype="article" wd="los"/>
            </spec>
            <grup.nom gen="m" num="p">
              <n gen="m" lem="hombre" num="p" pos="ncmp000" postype="common" sense="16:07392506" wd="hombres"/>
            </grup.nom>
          </sn>
        </grup.nom>
      </sn>
      <grup.verb>
        <v lem="hacer" lss="A12.ditransitive-causative-state" mood="indicative" num="p" person="1" pos="vmip1p0" postype="main" tense="present" wd="hacemos"/>
      </grup.verb>
      <sp arg="arg2" func="creg" tem="ein">
        <prep>
          <s lem="de" pos="sps00" postype="preposition" wd="de"/>
        </prep>
        <sn>
          <spec arg="arg1" gen="f" num="s" tem="tem">
            <d gen="c" lem="su" num="s" person="3" pos="dp3cs0" postype="possessive" wd="su"/>
          </spec>
          <grup.nom gen="f" num="s">
            <n gen="f" lem="satisfacción" lexicalid="noun.satisfacción.3.default" num="s" origin="deverbal" pos="ncfs000" postype="common" sense="16:00694042" wd="satisfacción"/>
          </grup.nom>
        </sn>
      </sp>
      <sn arg="arg1" func="cd" tem="tem">
        <grup.nom gen="m" num="s">
          <n gen="m" lem="alarde" lexicalid="noun.alarde.1.default" num="s" origin="deverbal" pos="ncms000" postype="common" sense="16:50000294" wd="alarde"/>
          <s.a complex="yes" func="cn" gen="m" num="s">
            <grup.a coord="yes" gen="m" num="s">
              <grup.a gen="m" num="s">
                <a gen="m" lem="decorativo" num="s" pos="aq0ms0" postype="qualificative" wd="decorativo"/>
              </grup.a>
              <conj conjunctiontype="coordinating">
                <c lem="y" pos="cc" postype="coordinating" wd="y"/>
              </conj>
              <grup.a gen="m" num="s">
                <a gen="m" lem="vano" num="s" pos="aq0ms0" postype="qualificative" wd="vano"/>
              </grup.a>
            </grup.a>
          </s.a>
        </grup.nom>
      </sn>
    </S>
    <f lem="." pos="fp" punct="period" wd="."/>
  </sentence>
  <sentence>
    <sn arg="arg0" func="suj" tem="agt">
      <spec gen="m" num="p">
        <d gen="m" lem="el" num="p" pos="da0mp0" postype="article" wd="Los"/>
      </spec>
      <grup.nom gen="m" num="p">
        <s.a gen="m" num="p">
          <grup.a gen="m" num="p">
            <a gen="c" lem="joven" num="p" pos="aq0cp0" postype="qualificative" wd="jóvenes"/>
          </grup.a>
        </s.a>
        <n gen="m" lem="escritor" num="p" pos="ncmp000" postype="common" sense="16:07689380" wd="escritores"/>
        <sp>
          <prep>
            <s lem="de" pos="sps00" postype="preposition" wd="de"/>
          </prep>
          <sadv>
            <grup.adv>
              <r lem="ahora" pos="rg" wd="ahora"/>
            </grup.adv>
          </sadv>
        </sp>
      </grup.nom>
    </sn>
    <grup.verb>
      <v lem="andar" mood="indicative" num="p" person="3" pos="vmip3p0" postype="main" tense="present" wd="andan"/>
      <gerundi>
        <v lem="ramonear" lss="D11.inergative-agentive" mood="gerund" pos="vmg0000" postype="main" wd="ramoneando"/>
      </gerundi>
    </grup.verb>
    <sp arg="argM" func="cc" tem="loc">
      <prep>
        <s lem="por" pos="sps00" postype="preposition" wd="por"/>
      </prep>
      <sn>
        <spec gen="m" num="s">
          <d gen="m" lem="el" num="s" pos="da0ms0" postype="article" wd="el"/>
        </spec>
        <grup.nom gen="m" num="s">
          <n gen="m" lem="bosque" num="s" pos="ncms000" postype="common" sense="16:06784761" wd="bosque"/>
          <sp>
            <prep>
              <s lem="de" pos="sps00" postype="preposition" wd="de"/>
            </prep>
            <sn>
              <spec gen="m" num="p">
                <d gen="m" lem="el" num="p" pos="da0mp0" postype="article" wd="los"/>
              </spec>
              <grup.nom gen="m" num="p">
                <n gen="m" lem="ramón" num="p" pos="ncmp000" postype="common" sense="16:cs1" wd="ramones"/>
                <sn coord="yes">
                  <f lem=":" pos="fd" punct="colon" wd=":"/>
                  <sn entityref="ne" ne="person">
                    <grup.nom gen="m" num="s">
                      <n lem="Valle_Inclán" ne="person" pos="np0000p" postype="proper" sense="16:cs1" wd="Valle_Inclán"/>
                    </grup.nom>
                  </sn>
                  <f lem="," pos="fc" punct="comma" wd=","/>
                  <sn entityref="ne" ne="person">
                    <grup.nom gen="m" num="s">
                      <n lem="Pérez_de_Ayala" ne="person" pos="np0000p" postype="proper" sense="16:cs1" wd="Pérez_de_Ayala"/>
                    </grup.nom>
                  </sn>
                  <f lem="," pos="fc" punct="comma" wd=","/>
                  <sn entityref="ne" ne="person">
                    <grup.nom gen="m" num="s">
                      <n lem="Gómez_de_la_Serna" ne="person" pos="np0000p" postype="proper" sense="16:cs1" wd="Gómez_de_la_Serna"/>
                    </grup.nom>
                  </sn>
                  <conj conjunctiontype="coordinating">
                    <c lem="y" pos="cc" postype="coordinating" wd="y"/>
                  </conj>
                  <sn>
                    <sadv adjunct="yes">
                      <grup.adv>
                        <r lem="tal_vez" pos="rg" wd="tal_vez"/>
                      </grup.adv>
                    </sadv>
                    <sn>
                      <grup.nom num="s">
                        <p case="nominative" gen="c" lem="yo" num="s" person="1" pos="pp1csn00" postype="personal" wd="yo"/>
                      </grup.nom>
                      <spec gen="m" num="s">
                        <d gen="m" lem="mismo" num="s" pos="di0ms0" postype="indefinite" wd="mismo"/>
                      </spec>
                    </sn>
                  </sn>
                </sn>
              </grup.nom>
            </sn>
          </sp>
        </grup.nom>
      </sn>
    </sp>
    <f lem="." pos="fp" punct="period" wd="."/>
  </sentence>
  <sentence>
    <sn arg="arg0" elliptic="yes" func="suj" tem="agt"/>
    <grup.verb>
      <v lem="poder" mood="indicative" num="p" person="1" pos="vmic1p0" postype="main" tense="conditional" wd="Podríamos"/>
      <infinitiu>
        <v lem="añadir" lss="A21.transitive-agentive-patient" mood="infinitive" pos="vmn0000" postype="main" wd="añadir"/>
      </infinitiu>
    </grup.verb>
    <sn arg="arg1" entityref="ne" func="cd" ne="person" tem="pat">
      <grup.nom gen="m" num="s">
        <n lem="Ramón_y_Cajal" ne="person" pos="np0000p" postype="proper" sense="16:cs1" wd="Ramón_y_Cajal"/>
        <S clausetype="relative">
          <relatiu arg="arg0" func="suj" tem="agt">
            <p gen="c" lem="que" num="c" pos="pr0cn000" postype="relative" wd="que"/>
          </relatiu>
          <grup.verb>
            <v lem="escribir" lss="A21.transitive-agentive-patient" mood="indicative" num="s" person="3" pos="vmis3s0" postype="main" tense="past" wd="escribió"/>
          </grup.verb>
          <sn arg="arg1" complex="yes" func="cd" tem="pat">
            <grup.nom coord="yes">
              <grup.nom coord="yes">
                <grup.nom>
                  <n lem="Tónicos_de_la_voluntad" ne="other" pos="np0000a" postype="proper" sense="16:cs1" wd="Tónicos_de_la_voluntad"/>
                </grup.nom>
                <f lem="," pos="fc" punct="comma" wd=","/>
                <grup.nom>
                  <n lem="Charlas_de_Café" ne="other" pos="np0000a" postype="proper" sense="16:cs1" wd="Charlas_de_Café"/>
                </grup.nom>
                <f lem="," pos="fc" punct="comma" wd=","/>
                <grup.nom>
                  <n lem="Cuentos_de_Vacaciones" ne="other" pos="np0000a" postype="proper" sense="16:cs1" wd="Cuentos_de_Vacaciones"/>
                </grup.nom>
              </grup.nom>
              <S adjunct="yes" clausetype="relative">
                <sp arg="argM" func="cc" tem="adv">
                  <prep>
                    <s lem="con" pos="sps00" postype="preposition" wd="con"/>
                  </prep>
                  <sn>
                    <spec gen="m" num="p">
                      <d gen="m" lem="el" num="p" pos="da0mp0" postype="article" wd="los"/>
                    </spec>
                    <relatiu>
                      <p gen="c" lem="que" num="c" pos="pr0cn000" postype="relative" wd="que"/>
                    </relatiu>
                  </sn>
                </sp>
                <morfema.verbal func="pass">
                  <p gen="c" lem="se" num="c" pos="p0000000" wd="se"/>
                </morfema.verbal>
                <grup.verb>
                  <v lem="poder" mood="indicative" num="p" person="3" pos="vmip3p0" postype="main" tense="present" wd="pueden"/>
                  <infinitiu>
                    <v lem="sugerir" lss="A32.ditransitive-patient-benefactive" mood="infinitive" pos="vmn0000" postype="main" wd="sugerir"/>
                  </infinitiu>
                </grup.verb>
                <sn arg="arg1" func="suj" tem="pat">
                  <spec gen="m" num="p">
                    <d gen="m" lem="ese" num="p" pos="dd0mp0" postype="demonstrative" wd="esos"/>
                  </spec>
                  <grup.nom gen="m" num="p">
                    <n gen="m" lem="tónico" num="p" pos="ncmp000" postype="common" sense="16:03516819" wd="tónicos"/>
                    <sp>
                      <prep>
                        <s lem="de" pos="sps00" postype="preposition" wd="de"/>
                      </prep>
                      <sn>
                        <grup.nom gen="m" num="s">
                          <n gen="m" lem="café" num="s" pos="ncms000" postype="common" sense="16:05948884" wd="café"/>
                          <sp>
                            <prep>
                              <s lem="con" pos="sps00" postype="preposition" wd="con"/>
                            </prep>
                            <sn>
                              <grup.nom gen="f" num="p">
                                <n gen="f" lem="gota" num="p" pos="ncfp000" postype="common" sense="16:09918212" wd="gotas"/>
                              </grup.nom>
                            </sn>
                          </sp>
                        </grup.nom>
                      </sn>
                    </sp>
                    <S clausetype="relative" coord="yes">
                      <S clausetype="relative">
                        <relatiu arg="arg1" func="cd" tem="pat">
                          <p gen="c" lem="que" num="c" pos="pr0cn000" postype="relative" wd="que"/>
                        </relatiu>
                        <sn arg="arg0" elliptic="yes" func="suj" tem="agt"/>
                        <grup.verb>
                          <v lem="llamar" lss="A21.transitive-agentive-patient" mood="indicative" num="p" person="3" pos="vmip3p0" postype="main" tense="present" wd="llaman"/>
                        </grup.verb>
                        <sadv arg="argM" func="cc" tem="tmp">
                          <grup.adv>
                            <r lem="ahora" pos="rg" wd="ahora"/>
                          </grup.adv>
                        </sadv>
                        <sn arg="arg2" func="cpred" predicate="cd" tem="atr">
                          <grup.nom gen="m" num="p">
                            <n gen="m" lem="carajillo" num="p" pos="ncmp000" postype="common" sense="16:50000079" wd="carajillos"/>
                          </grup.nom>
                        </sn>
                      </S>
                      <conj conjunctiontype="coordinating">
                        <c lem="y" pos="cc" postype="coordinating" wd="y"/>
                      </conj>
                      <S clausetype="relative">
                        <relatiu arg="arg0" func="suj" tem="agt">
                          <p gen="c" lem="que" num="c" pos="pr0cn000" postype="relative" wd="que"/>
                        </relatiu>
                        <sadv arg="argM" func="cc" tem="adv">
                          <grup.adv>
                            <r lem="tanto" pos="rg" wd="tanto"/>
                          </grup.adv>
                        </sadv>
                        <grup.verb>
                          <v lem="contar" lss="A21.transitive-agentive-patient" mood="indicative" num="p" person="3" pos="vmip3p0" postype="main" tense="present" wd="cuentan"/>
                        </grup.verb>
                        <sp arg="argM" func="cc" tem="loc">
                          <prep>
                            <s lem="en" pos="sps00" postype="preposition" wd="en"/>
                          </prep>
                          <sn>
                            <spec gen="f" num="p">
                              <d gen="f" lem="el" num="p" pos="da0fp0" postype="article" wd="las"/>
                            </spec>
                            <grup.nom gen="f" num="p">
                              <n gen="f" lem="tertulia" num="p" pos="ncfp000" postype="common" sense="16:06130532" wd="tertulias"/>
                              <s.a gen="f" num="p">
                                <grup.a gen="f" num="p">
                                  <a gen="f" lem="literario" num="p" pos="aq0fp0" postype="qualificative" wd="literarias"/>
                                </grup.a>
                              </s.a>
                            </grup.nom>
                          </sn>
                        </sp>
                      </S>
                    </S>
                  </grup.nom>
                </sn>
              </S>
            </grup.nom>
          </sn>
        </S>
      </grup.nom>
    </sn>
  </sentence>
  <sentence>
    <f lem="-" pos="fg" punct="hyphen" wd="-"/>
    <grup.verb>
      <v lem="haber" lss="C11.state-existential" mood="indicative" num="s" person="3" pos="vaif3s0" postype="auxiliary" tense="future" wd="Habrá"/>
    </grup.verb>
    <sn arg="arg1" func="cd" functype="quantitative" tem="tem">
      <grup.nom gen="m" num="p">
        <n gen="m" lem="pez" num="p" pos="ncmp000" postype="common" sense="16:02005782" wd="peces"/>
      </grup.nom>
    </sn>
    <sp arg="argM" func="cc" tem="loc">
      <prep>
        <s lem="en" pos="sps00" postype="preposition" wd="en"/>
      </prep>
      <sn entityref="ne" ne="location">
        <spec gen="f" num="s">
          <d gen="f" lem="el" num="s" pos="da0fs0" postype="article" wd="la"/>
        </spec>
        <grup.nom gen="f" num="s">
          <n gen="f" lem="laguna" num="s" pos="ncfs000" postype="common" sense="16:06794712" wd="laguna"/>
          <sn entityref="ne" ne="location">
            <grup.nom gen="f" num="s">
              <n lem="Estigia" ne="location" pos="np0000l" postype="proper" sense="16:cs1" wd="Estigia"/>
            </grup.nom>
          </sn>
        </grup.nom>
      </sn>
    </sp>
    <f lem="?" pos="fit" punct="questionmark" punctenclose="close" wd="?"/>
  </sentence>
  <sentence>
    <f lem="-" pos="fg" punct="hyphen" wd="-"/>
    <sn arg="arg1" func="cd" tem="pat">
      <grup.nom num="s">
        <p gen="c" lem="qué" num="s" pos="pt0cs000" postype="interrogative" wd="Qué"/>
      </grup.nom>
    </sn>
    <grup.verb>
      <v lem="comer" lss="A21.transitive-agentive-patient" mood="indicative" num="p" person="3" pos="vmif3p0" postype="main" tense="future" wd="comerán"/>
    </grup.verb>
    <sn arg="arg0" elliptic="yes" func="suj" tem="agt"/>
    <f lem="?" pos="fit" punct="questionmark" punctenclose="close" wd="?"/>
  </sentence>
  <sentence coord="yes">
    <S>
      <S arg="argM" clausetype="adverbial" func="cc" tem="adv">
        <conj conjunctiontype="subordinating">
          <c lem="como" pos="cs" postype="subordinating" wd="Como"/>
        </conj>
        <sn arg="arg0" elliptic="yes" func="suj" tem="agt"/>
        <grup.verb>
          <v lem="haber" mood="indicative" num="s" person="1" pos="vaip1s0" postype="auxiliary" tense="present" wd="he"/>
          <v gen="m" lem="decir" lss="A32.ditransitive-patient-benefactive" mood="participle" num="s" pos="vmp00sm" postype="main" wd="dicho"/>
        </grup.verb>
        <sp arg="argM" func="cc" tem="loc">
          <prep>
            <s lem="en" pos="sps00" postype="preposition" wd="en"/>
          </prep>
          <sn>
            <spec gen="m" num="s">
              <d gen="m" lem="uno" num="s" pos="di0ms0" postype="indefinite" wd="un"/>
            </spec>
            <grup.nom gen="m" num="s">
              <n gen="m" lem="libro" num="s" pos="ncms000" postype="common" sense="16:02313137" wd="libro"/>
            </grup.nom>
          </sn>
        </sp>
        <f lem="," pos="fc" punct="comma" wd=","/>
      </S>
      <sn arg="arg1" func="suj" tem="tem">
        <spec gen="m" num="s">
          <d gen="m" lem="el" num="s" pos="da0ms0" postype="article" wd="el"/>
        </spec>
        <grup.nom gen="m" num="s">
          <s.a gen="m" num="s">
            <grup.a gen="m" num="s">
              <a gen="c" lem="abominable" num="s" pos="aq0cs0" postype="qualificative" wd="abominable"/>
            </grup.a>
          </s.a>
          <n gen="m" lem="hombre" num="s" pos="ncms000" postype="common" sense="16:07391044" wd="hombre"/>
          <sp>
            <prep>
              <s lem="de" pos="sps00" postype="preposition" wd="de"/>
            </prep>
            <sn>
              <spec gen="f" num="p">
                <d gen="f" lem="el" num="p" pos="da0fp0" postype="article" wd="las"/>
              </spec>
              <grup.nom gen="f" num="p">
                <n gen="f" lem="nieve" num="p" pos="ncfp000" postype="common" sense="16:07835489" wd="nieves"/>
                <s.a gen="f" num="p">
                  <grup.a gen="f" num="p">
                    <a gen="f" lem="eterno" num="p" pos="aq0fp0" postype="qualificative" wd="eternas"/>
                  </grup.a>
                </s.a>
                <sp>
                  <prep>
                    <s contracted="yes" gen="m" lem="del" num="s" pos="spcms" postype="preposition" wd="del"/>
                  </prep>
                  <sn entityref="ne" ne="location">
                    <grup.nom gen="m" num="s">
                      <n lem="Himalaya" ne="location" pos="np0000l" postype="proper" sense="16:cs1" wd="Himalaya"/>
                    </grup.nom>
                  </sn>
                </sp>
              </grup.nom>
            </sn>
          </sp>
        </grup.nom>
      </sn>
      <neg func="mod">
        <r lem="no" pos="rn" postype="negative" wd="no"/>
      </neg>
      <grup.verb>
        <v lem="ser" lss="C21.state-attributive" mood="indicative" num="s" person="3" pos="vsip3s0" postype="semiauxiliary" tense="present" wd="es"/>
      </grup.verb>
      <sn arg="arg2" func="atr" tem="atr">
        <grup.nom gen="m" num="s">
          <n gen="m" lem="hombre" num="s" pos="ncms000" postype="common" sense="16:07391044" wd="hombre"/>
        </grup.nom>
      </sn>
    </S>
    <conj conjunctiontype="coordinating">
      <c lem="sino" pos="cc" postype="coordinating" wd="sino"/>
    </conj>
    <S verbless="yes">
      <sn>
        <grup.nom gen="f" num="s">
          <n gen="f" lem="mujer" num="s" pos="ncfs000" postype="common" sense="16:07684780" wd="mujer"/>
        </grup.nom>
      </sn>
    </S>
    <f lem="." pos="fp" punct="period" wd="."/>
  </sentence>
</article>
