<?xml version="1.0" encoding="UTF-8" standalone="no"?>
<!-- 

  ancora-2.0
       
			Copyright (C) 2007, 2008, 2009, 2010, 2011 UB - CLiC
			Centre de Llenguatge i Computació - Universitat de Barcelona
 
  This file is part of ancora-2.0.
 
  ancora-2.0 is free software and data: you can redistribute it and/or modify
  it under the terms of the GNU General Public License as published
  by the Free Software Foundation, either version 3 of the License,
  or (at your option) any later version.

  ancora-2.0 is distributed in the hope that it will be useful,
  but WITHOUT ANY WARRANTY; without even the implied warranty of
  MERCHANTABILITY or FITNESS FOR A PARTICULAR PURPOSE.  See the
  GNU General Public License for more details.
 
  You should have received a copy of the GNU General Public License
  along with ancora-2.0.  If not, see &lt;http://www.gnu.org/licenses/&gt;.
 
  Check a text in catalan explaining the terms of the license at http://www.softcatala.cat/wiki/GPL3.
  In spanish at http://www.viti.es/gnu/licenses/gpl.html
 

  The following paper must be cited when using this corpus:

 * Taulé, M., M.A. Martí, M. Recasens (2008) 'Ancora: Multilevel Annotated Corpora for Catalan and Spanish',
   Proceedings of 6th International Conference on Language Resources and Evaluation. Marrakesh (Morocco).

  In addition, the following paper must be cited if coreference information (attributes entity, coreftype,
  corefsubtype, homophoricDD or entityref) is used:

 * Recasens, Marta, M. Antònia Martí (2010) ‘AnCora-CO: Coreferentially annotated corpora for Spanish and
   Catalan’. Language Resources and Evaluation, Springer Science.

  Additionally, the following paper must be cited when argumental attributes in "sn" or "grup.nom"
  (attributes func, arg, tem or lexicalid) are used:

 * Peris, Aina, Mariona Taulé, Horacio Rodríguez (2010) ‘Semantic Annotation of Deverbal Nominalizations in the
   Spanish AnCora corpus’. Treebanks and Linguistic Theories (TLT-2010), Estonia.
-->
<article lng="es">
  <sentence>
    <sn arg="arg1" elliptic="yes" func="suj" tem="tem"/>
    <neg func="mod">
      <r lem="no" pos="rn" postype="negative" wd="No"/>
    </neg>
    <grup.verb>
      <v lem="ser" lss="C21.state-attributive" mood="indicative" num="s" person="3" pos="vsip3s0" postype="semiauxiliary" tense="present" wd="es"/>
    </grup.verb>
    <sn arg="arg2" func="atr" tem="atr">
      <grup.nom gen="m" num="s">
        <p gen="m" lem="poco" num="s" pos="pi0ms000" postype="indefinite" wd="poco"/>
      </grup.nom>
    </sn>
    <f lem="." pos="fp" punct="period" wd="."/>
  </sentence>
  <sentence>
    <S arg="arg1" clausetype="completive" func="cd" tem="pat" verbless="yes">
      <sn coord="yes">
        <sn>
          <spec gen="m" num="s">
            <d gen="m" lem="el" num="s" pos="da0ms0" postype="article" wd="El"/>
          </spec>
          <grup.nom gen="m" num="s">
            <n gen="m" lem="hombre" num="s" pos="ncms000" postype="common" sense="16:07391044" wd="hombre"/>
          </grup.nom>
        </sn>
        <conj conjunctiontype="coordinating">
          <c lem="y" pos="cc" postype="coordinating" wd="y"/>
        </conj>
        <sn>
          <spec gen="m" num="s">
            <d gen="m" lem="el" num="s" pos="da0ms0" postype="article" wd="el"/>
          </spec>
          <grup.nom gen="m" num="s">
            <n gen="m" lem="oso" num="s" pos="ncms000" postype="common" sense="16:01640332" wd="oso"/>
          </grup.nom>
        </sn>
      </sn>
      <sa>
        <spec>
          <r lem="cuanto" pos="rg" wd="cuanto"/>
          <r lem="más" pos="rg" wd="más"/>
        </spec>
        <grup.a>
          <a gen="m" lem="feo" num="s" pos="aq0ms0" postype="qualificative" wd="feo"/>
        </grup.a>
      </sa>
      <sadv>
        <grup.adv>
          <r lem="peor" pos="rg" wd="peor"/>
          <sp>
            <prep>
              <s lem="para" pos="sps00" postype="preposition" wd="para"/>
            </prep>
            <sn>
              <grup.nom gen="m" num="s">
                <p gen="m" lem="él" num="s" person="3" pos="pp3ms000" postype="personal" wd="él"/>
              </grup.nom>
            </sn>
          </sp>
        </grup.adv>
      </sadv>
      <f lem="," pos="fc" punct="comma" wd=","/>
    </S>
    <sn arg="arg0" elliptic="yes" func="suj" tem="agt"/>
    <grup.verb>
      <v lem="decir" lss="A32.ditransitive-patient-benefactive" mood="indicative" num="p" person="3" pos="vmip3p0" postype="main" tense="present" wd="dicen"/>
    </grup.verb>
    <sadv arg="argM" func="cc" tem="tmp">
      <grup.adv>
        <r lem="ahora" pos="rg" wd="ahora"/>
      </grup.adv>
    </sadv>
    <f lem="." pos="fp" punct="period" wd="."/>
  </sentence>
  <sentence>
    <sp arg="argM" func="cc" tem="tmp">
      <prep>
        <s lem="en" pos="sps00" postype="preposition" wd="En"/>
      </prep>
      <sn entityref="ne" ne="date">
        <grup.nom>
          <w lem="[??:??/??/1812:??.??]" ne="date" wd="1812"/>
        </grup.nom>
      </sn>
    </sp>
    <sn arg="arg0" entityref="ne" func="suj" ne="person" tem="agt">
      <spec gen="m" num="p">
        <d gen="m" lem="el" num="p" pos="da0mp0" postype="article" wd="los"/>
      </spec>
      <grup.nom gen="m" num="p">
        <n gen="m" lem="romántico" num="p" pos="ncmp000" postype="common" sense="16:07537711" wd="románticos"/>
        <s.a gen="m" num="p">
          <grup.a gen="m" num="p">
            <a gen="m" lem="español" num="p" pos="aq0mp0" postype="qualificative" wd="españoles"/>
          </grup.a>
        </s.a>
      </grup.nom>
    </sn>
    <grup.verb>
      <v lem="inventar" lss="A21.transitive-agentive-patient" mood="indicative" num="p" person="3" pos="vmis3p0" postype="main" tense="past" wd="inventaron"/>
    </grup.verb>
    <sp arg="argM" func="cc" tem="loc">
      <prep>
        <s lem="en" pos="sps00" postype="preposition" wd="en"/>
      </prep>
      <sn entityref="ne" ne="organization">
        <spec gen="f" num="p">
          <d gen="f" lem="el" num="p" pos="da0fp0" postype="article" wd="las"/>
        </spec>
        <grup.nom gen="f" num="p">
          <n lem="Cortes_de_Cádiz" ne="organization" pos="np0000o" postype="proper" sense="16:cs1" wd="Cortes_de_Cádiz"/>
        </grup.nom>
      </sn>
    </sp>
    <sn arg="arg1" entityref="ne" func="cd" ne="other" tem="pat">
      <spec gen="m" num="s">
        <d gen="m" lem="el" num="s" pos="da0ms0" postype="article" wd="el"/>
      </spec>
      <grup.nom gen="m" num="s">
        <n gen="m" lem="liberalismo" num="s" pos="ncms000" postype="common" sense="16:04594207" wd="liberalismo"/>
        <s.a gen="m" num="s">
          <grup.a gen="m" num="s">
            <a gen="m" lem="político" num="s" pos="aq0ms0" postype="qualificative" wd="político"/>
          </grup.a>
        </s.a>
      </grup.nom>
    </sn>
    <f lem="." pos="fp" punct="period" wd="."/>
  </sentence>
  <sentence>
    <grup.verb>
      <v lem="ser" lss="C21.state-attributive" mood="indicative" num="s" person="3" pos="vsis3s0" postype="semiauxiliary" tense="past" wd="Fue"/>
    </grup.verb>
    <sadv arg="arg2" func="atr" tem="atr">
      <r lem="entonces" pos="rg" wd="entonces"/>
      <sadv>
        <grup.adv>
          <r lem="también" pos="rg" wd="también"/>
        </grup.adv>
      </sadv>
      <S clausetype="relative">
        <relatiu arg="argM" func="cc" tem="tmp">
          <p gen="c" lem="cuando" num="c" pos="pr000000" postype="relative" wd="cuando"/>
        </relatiu>
        <sn arg="arg0" entityref="ne" func="suj" ne="person" tem="agt">
          <spec gen="m" num="p">
            <d gen="m" lem="el" num="p" pos="da0mp0" postype="article" wd="los"/>
          </spec>
          <grup.nom gen="m" num="p">
            <n gen="m" lem="francés" num="p" pos="ncmp000" postype="common" sense="16:07019437" wd="franceses"/>
          </grup.nom>
        </sn>
        <sp arg="argM" func="cc" tem="tmp">
          <prep>
            <s lem="en" pos="sps00" postype="preposition" wd="en"/>
          </prep>
          <sn>
            <spec gen="m" num="s">
              <d gen="m" lem="el" num="s" pos="da0ms0" postype="article" wd="el"/>
            </spec>
            <grup.nom gen="m" num="s">
              <n gen="m" lem="lendemain" num="s" pos="ncms000" postype="common" sense="16:cs1" wd="lendemain"/>
              <sp>
                <prep>
                  <s lem="de" pos="sps00" postype="preposition" wd="de"/>
                </prep>
                <sn entityref="ne" ne="person">
                  <grup.nom gen="m" num="s">
                    <n lem="Napoleón" ne="person" pos="np0000p" postype="proper" sense="16:07743662" wd="Napoleón"/>
                  </grup.nom>
                </sn>
              </sp>
            </grup.nom>
          </sn>
        </sp>
        <grup.verb>
          <v lem="inventar" lss="A21.transitive-agentive-patient" mood="indicative" num="p" person="3" pos="vmis3p0" postype="main" tense="past" wd="inventaron"/>
        </grup.verb>
        <sp arg="argM" func="cc" tem="adv">
          <prep>
            <s lem="con" pos="sps00" postype="preposition" wd="con"/>
          </prep>
          <sn>
            <spec gen="m" num="s">
              <d gen="c" lem="su" num="s" person="3" pos="dp3cs0" postype="possessive" wd="su"/>
            </spec>
            <grup.nom gen="m" num="s">
              <n gen="m" lem="sentido" num="s" pos="ncms000" postype="common" sense="16:04546018" wd="sentido"/>
              <s.a gen="m" num="s">
                <grup.a gen="m" num="s">
                  <a gen="m" lem="práctico" num="s" pos="aq0ms0" postype="qualificative" wd="práctico"/>
                </grup.a>
              </s.a>
            </grup.nom>
          </sn>
        </sp>
        <sn arg="arg1" func="cd" tem="pat">
          <spec gen="f" num="s">
            <d gen="f" lem="el" num="s" pos="da0fs0" postype="article" wd="la"/>
          </spec>
          <grup.nom gen="f" num="s">
            <n gen="f" lem="bragueta" num="s" pos="ncfs000" postype="common" sense="16:02465571" wd="bragueta"/>
          </grup.nom>
        </sn>
      </S>
    </sadv>
    <f lem="." pos="fp" punct="period" wd="."/>
  </sentence>
  <sentence coord="yes">
    <S>
      <sn arg="arg1" entityref="ne" func="suj" ne="other" tem="tem">
        <spec gen="m" num="s">
          <d gen="m" lem="el" num="s" pos="da0ms0" postype="article" wd="El"/>
        </spec>
        <grup.nom gen="m" num="s">
          <n gen="m" lem="liberalismo" num="s" pos="ncms000" postype="common" sense="16:04594207" wd="liberalismo"/>
        </grup.nom>
      </sn>
      <grup.verb>
        <v lem="tener" lss="C21.state-attributive" mood="indicative" num="s" person="3" pos="vmis3s0" postype="main" tense="past" wd="tuvo"/>
      </grup.verb>
      <sn arg="arg2" func="cd" functype="quantitative" tem="atr">
        <spec gen="f" num="s">
          <d gen="f" lem="cierto" num="s" pos="di0fs0" postype="indefinite" wd="cierta"/>
        </spec>
        <grup.nom gen="f" num="s">
          <n gen="f" lem="influencia" lexicalid="noun.influencia.1.default" num="s" origin="deverbal" pos="ncfs000" postype="common" sense="16:04043948" wd="influencia"/>
          <s.a arg="arg0" func="cn" gen="f" num="s" tem="agt">
            <grup.a gen="f" num="s">
              <a gen="c" lem="idealista" num="s" pos="aq0cs0" postype="qualificative" wd="idealista"/>
            </grup.a>
          </s.a>
        </grup.nom>
      </sn>
      <f lem="," pos="fc" punct="comma" wd=","/>
    </S>
    <conj conjunctiontype="coordinating">
      <c lem="pero" pos="cc" postype="coordinating" wd="pero"/>
    </conj>
    <S>
      <sn arg="arg0" func="suj" tem="cau">
        <spec gen="f" num="s">
          <d gen="f" lem="el" num="s" pos="da0fs0" postype="article" wd="la"/>
        </spec>
        <grup.nom gen="f" num="s">
          <n gen="f" lem="bragueta" num="s" pos="ncfs000" postype="common" sense="16:02465571" wd="bragueta"/>
        </grup.nom>
      </sn>
      <grup.verb>
        <v lem="inundar" lss="A11.transitive-causative" mood="indicative" num="s" person="3" pos="vmis3s0" postype="main" tense="past" wd="inundó"/>
      </grup.verb>
      <sn arg="arg1" func="cd" tem="tem">
        <spec gen="m" num="s">
          <d gen="m" lem="el" num="s" pos="da0ms0" postype="article" wd="el"/>
        </spec>
        <grup.nom gen="m" num="s">
          <n gen="m" lem="mundo" num="s" pos="ncms000" postype="common" sense="16:06753779" wd="mundo"/>
        </grup.nom>
      </sn>
    </S>
    <f lem="." pos="fp" punct="period" wd="."/>
  </sentence>
  <sentence>
    <conj conjunctiontype="coordinating" func="et">
      <c lem="y" pos="cc" postype="coordinating" wd="Y"/>
    </conj>
    <sn arg="arg1" elliptic="yes" func="suj" tem="tem"/>
    <grup.verb>
      <v lem="ser" lss="C21.state-attributive" mood="indicative" num="s" person="3" pos="vsip3s0" postype="semiauxiliary" tense="present" wd="es"/>
    </grup.verb>
    <S arg="arg2" clausetype="completive" func="atr" tem="atr">
      <conj conjunctiontype="subordinating">
        <c lem="que" pos="cs" postype="subordinating" wd="que"/>
      </conj>
      <S arg="arg1" clausetype="completive" func="suj" impersonal="yes" tem="tem">
        <infinitiu>
          <v lem="orinar" lss="D11.inergative-agentive" mood="infinitive" pos="vmn0000" postype="main" wd="orinar"/>
        </infinitiu>
      </S>
      <grup.verb>
        <v lem="ser" lss="C21.state-attributive" mood="indicative" num="s" person="3" pos="vsip3s0" postype="semiauxiliary" tense="present" wd="es"/>
      </grup.verb>
      <sa arg="arg2" func="atr" tem="atr">
        <sa>
          <spec>
            <r lem="más" pos="rg" wd="más"/>
          </spec>
          <grup.a>
            <a gen="c" lem="importante" num="s" pos="aq0cs0" postype="qualificative" wd="importante"/>
          </grup.a>
        </sa>
        <S adjunct="yes" clausesubtype="comparative" clausetype="adverbial" verbless="yes">
          <conj conjunctiontype="subordinating">
            <c lem="que" pos="cs" postype="subordinating" wd="que"/>
          </conj>
          <S clausetype="completive" impersonal="yes">
            <infinitiu>
              <v lem="legislar" lss="D11.inergative-agentive" mood="infinitive" pos="vmn0000" postype="main" wd="legislar"/>
            </infinitiu>
          </S>
        </S>
      </sa>
    </S>
    <f lem="." pos="fp" punct="period" wd="."/>
  </sentence>
  <sentence>
    <sn arg="arg1" func="suj" tem="tem">
      <spec gen="m" num="s">
        <d gen="m" lem="el" num="s" pos="da0ms0" postype="article" wd="El"/>
      </spec>
      <grup.nom gen="m" num="s">
        <s.a gen="m" num="s">
          <grup.a gen="m" num="s">
            <a gen="m" lem="verdadero" num="s" pos="aq0ms0" postype="qualificative" wd="verdadero"/>
          </grup.a>
        </s.a>
        <n gen="m" lem="blasfemo" num="s" pos="ncms000" postype="common" sense="16:07115381" wd="blasfemo"/>
      </grup.nom>
    </sn>
    <grup.verb>
      <v lem="ser" lss="C21.state-attributive" mood="indicative" num="s" person="3" pos="vsip3s0" postype="semiauxiliary" tense="present" wd="es"/>
    </grup.verb>
    <sn arg="arg2" func="atr" tem="atr">
      <spec gen="m" num="s">
        <d gen="m" lem="el" num="s" pos="da0ms0" postype="article" wd="el"/>
      </spec>
      <grup.nom gen="m" num="s">
        <n gen="m" lem="agnóstico" num="s" pos="ncms000" postype="common" sense="16:07068228" wd="agnóstico"/>
      </grup.nom>
    </sn>
    <S arg="argM" clausetype="adverbial" func="cc" tem="cau">
      <conj conjunctiontype="subordinating">
        <c lem="porque" pos="cs" postype="subordinating" wd="porque"/>
      </conj>
      <S arg="argM" clausetype="adverbial" func="cc" impersonal="yes" tem="adv">
        <gerundi>
          <v lem="negar" lss="A22.transitive-agentive-theme" mood="gerund" pos="vmg0000" postype="main" wd="negándose"/>
        </gerundi>
        <sp arg="arg1" func="creg" tem="tem">
          <prep>
            <s lem="a" pos="sps00" postype="preposition" wd="a"/>
          </prep>
          <S clausetype="completive" coord="yes" impersonal="yes">
            <S clausetype="completive" impersonal="yes">
              <infinitiu>
                <v lem="conocer" lss="A21.transitive-agentive-patient" mood="infinitive" pos="vmn0000" postype="main" wd="conocer"/>
              </infinitiu>
            </S>
            <f lem="-" pos="fg" punct="hyphen" wd="-"/>
            <f lem="-" pos="fg" punct="hyphen" wd="-"/>
            <conj conjunctiontype="coordinating">
              <c lem="o" pos="cc" postype="coordinating" wd="o"/>
            </conj>
            <S clausetype="completive" impersonal="yes" verbless="yes">
              <infinitiu>
                <v lem="tratar" mood="infinitive" pos="vmn0000" postype="main" wd="tratar"/>
                <s lem="de" pos="sps00" postype="preposition" wd="de"/>
              </infinitiu>
            </S>
            <f lem="-" pos="fg" punct="hyphen" wd="-"/>
            <f lem="-" pos="fg" punct="hyphen" wd="-"/>
          </S>
        </sp>
      </S>
      <sn arg="arg0" elliptic="yes" func="suj" tem="agt"/>
      <grup.verb>
        <v lem="querer" lss="A21.transitive-agentive-patient" mood="indicative" num="s" person="3" pos="vmip3s0" postype="main" tense="present" wd="quiere"/>
      </grup.verb>
      <S arg="arg1" clausetype="completive" func="cd" impersonal="yes" tem="pat">
        <infinitiu>
          <v lem="eludir" lss="A21.transitive-agentive-patient" mood="infinitive" pos="vmn0000" postype="main" wd="eludir"/>
        </infinitiu>
        <sn arg="arg1" func="cd" tem="pat">
          <spec gen="m" num="s">
            <d gen="m" lem="el" num="s" pos="da0ms0" postype="article" wd="el"/>
          </spec>
          <grup.nom gen="m" num="s">
            <s.a gen="m" num="s">
              <grup.a gen="m" num="s">
                <a gen="c" lem="mayor" num="s" pos="aq0cs0" postype="qualificative" wd="mayor"/>
              </grup.a>
            </s.a>
            <n gen="m" lem="problema" num="s" pos="ncms000" postype="common" sense="16:05080756" wd="problema"/>
          </grup.nom>
        </sn>
      </S>
    </S>
    <f lem="." pos="fp" punct="period" wd="."/>
  </sentence>
  <sentence>
    <sn arg="arg1" func="suj" tem="tem">
      <spec gen="m" num="s">
        <d gen="m" lem="el" num="s" pos="da0ms0" postype="article" wd="El"/>
      </spec>
      <grup.nom gen="m" num="s">
        <n gen="m" lem="perro" num="s" pos="ncms000" postype="common" sense="16:01595188" wd="perro"/>
      </grup.nom>
    </sn>
    <grup.verb>
      <v lem="ser" lss="C21.state-attributive" mood="indicative" num="s" person="3" pos="vsip3s0" postype="semiauxiliary" tense="present" wd="es"/>
    </grup.verb>
    <sa arg="arg2" func="atr" tem="atr">
      <spec>
        <r lem="hipócritamente" pos="rg" wd="hipócritamente"/>
      </spec>
      <grup.a>
        <a gen="c" lem="clerical" num="s" pos="aq0cs0" postype="qualificative" wd="clerical"/>
      </grup.a>
    </sa>
    <f lem="." pos="fp" punct="period" wd="."/>
  </sentence>
  <sentence>
    <sn arg="arg1" func="suj" tem="tem">
      <spec gen="m" num="s">
        <d gen="m" lem="el" num="s" pos="da0ms0" postype="article" wd="El"/>
      </spec>
      <grup.nom gen="m" num="s">
        <n gen="m" lem="gato" num="s" pos="ncms000" postype="common" sense="16:01630731" wd="gato"/>
      </grup.nom>
    </sn>
    <grup.verb>
      <v lem="ser" lss="C21.state-attributive" mood="indicative" num="s" person="3" pos="vsip3s0" postype="semiauxiliary" tense="present" wd="es"/>
    </grup.verb>
    <sa arg="arg2" func="atr" tem="atr">
      <grup.a>
        <a gen="m" lem="ateo" num="s" pos="aq0ms0" postype="qualificative" wd="ateo"/>
      </grup.a>
    </sa>
    <f lem="." pos="fp" punct="period" wd="."/>
  </sentence>
  <sentence>
    <sn arg="arg0" entityref="ne" func="suj" ne="person" tem="agt">
      <spec gen="m" num="p">
        <d gen="m" lem="el" num="p" pos="da0mp0" postype="article" wd="Los"/>
      </spec>
      <grup.nom gen="m" num="p">
        <n gen="m" lem="mejicano" num="p" pos="ncmp000" postype="common" sense="16:07030353" wd="mejicanos"/>
        <S clausetype="relative">
          <relatiu arg="arg1" func="suj" tem="tem">
            <p gen="c" lem="que" num="c" pos="pr0cn000" postype="relative" wd="que"/>
          </relatiu>
          <grup.verb>
            <v lem="entrar" lss="B22.unaccusative-passive-transitive" mood="indicative" num="p" person="3" pos="vmip3p0" postype="main" tense="present" wd="entran"/>
          </grup.verb>
          <sadv arg="argM" func="cc" tem="mnr">
            <grup.adv>
              <r lem="ilegalmente" pos="rg" wd="ilegalmente"/>
            </grup.adv>
          </sadv>
          <sp arg="arg2" func="cc" tem="loc">
            <prep>
              <s lem="en" pos="sps00" postype="preposition" wd="en"/>
            </prep>
            <sn entityref="ne" ne="location">
              <grup.nom>
                <n lem="California" ne="location" pos="np0000l" postype="proper" sense="16:06601656" wd="California"/>
              </grup.nom>
            </sn>
          </sp>
        </S>
      </grup.nom>
    </sn>
    <grup.verb>
      <v lem="tener" mood="indicative" num="p" person="3" pos="vmip3p0" postype="main" tense="present" wd="tienen"/>
      <c lem="que" pos="cs" postype="subordinating" wd="que"/>
      <infinitiu>
        <v lem="ver" lss="A22.transitive-agentive-theme" mood="infinitive" pos="vmn0000" postype="main" wd="vérselas"/>
      </infinitiu>
    </grup.verb>
    <sp arg="arg1" func="creg" tem="tem">
      <prep>
        <s lem="con" pos="sps00" postype="preposition" wd="con"/>
      </prep>
      <sn>
        <spec gen="f" num="s">
          <d gen="f" lem="el" num="s" pos="da0fs0" postype="article" wd="la"/>
        </spec>
        <grup.nom gen="f" num="s">
          <n gen="f" lem="policía" num="s" pos="ncfs000" postype="common" sense="16:06093563" wd="policía"/>
          <sp>
            <prep>
              <s lem="de" pos="sps00" postype="preposition" wd="de"/>
            </prep>
            <sn>
              <grup.nom gen="f" num="s">
                <n gen="f" lem="emigración" lexicalid="noun.emigración.1.default" num="s" origin="deverbal" pos="ncfs000" postype="common" sense="16:00031327" wd="emigración"/>
              </grup.nom>
            </sn>
          </sp>
          <S clausetype="relative">
            <sp arg="arg1" func="cd" tem="pat">
              <prep>
                <s lem="a" pos="sps00" postype="preposition" wd="a"/>
              </prep>
              <sn>
                <spec gen="f" num="s">
                  <d gen="f" lem="el" num="s" pos="da0fs0" postype="article" wd="la"/>
                </spec>
                <relatiu>
                  <p gen="c" lem="que" num="c" pos="pr0cn000" postype="relative" wd="que"/>
                </relatiu>
              </sn>
            </sp>
            <sn arg="arg0" elliptic="yes" func="suj" tem="agt"/>
            <grup.verb>
              <v lem="nombrar" lss="A21.transitive-agentive-patient" mood="indicative" num="p" person="3" pos="vmip3p0" postype="main" tense="present" wd="nombran"/>
            </grup.verb>
            <sp arg="argM" func="cc" tem="adv">
              <prep>
                <s lem="con" pos="sps00" postype="preposition" wd="con"/>
              </prep>
              <sn>
                <spec gen="f" num="s">
                  <d gen="f" lem="uno" num="s" pos="di0fs0" postype="indefinite" wd="una"/>
                </spec>
                <grup.nom gen="f" num="s">
                  <n gen="f" lem="palabra" num="s" pos="ncfs000" postype="common" sense="16:04750884" wd="palabra"/>
                  <S clausetype="relative">
                    <relatiu arg="arg1" func="suj" tem="tem">
                      <p gen="c" lem="que" num="c" pos="pr0cn000" postype="relative" wd="que"/>
                    </relatiu>
                    <grup.verb>
                      <v lem="tener" lss="C21.state-attributive" mood="indicative" num="s" person="3" pos="vmip3s0" postype="main" tense="present" wd="tiene"/>
                    </grup.verb>
                    <sn arg="arg2" func="cd" functype="quantitative" tem="atr">
                      <spec gen="f" num="s">
                        <d gen="c" lem="su" num="s" person="3" pos="dp3cs0" postype="possessive" wd="su"/>
                      </spec>
                      <grup.nom gen="f" num="s">
                        <n gen="f" lem="dosis" num="c" pos="ncfn000" postype="common" sense="16:02592220" wd="dosis"/>
                        <sp>
                          <prep>
                            <s lem="de" pos="sps00" postype="preposition" wd="de"/>
                          </prep>
                          <sn>
                            <grup.nom gen="f" num="s">
                              <n gen="f" lem="magia" num="s" pos="ncfs000" postype="common" sense="16:04578926" wd="magia"/>
                            </grup.nom>
                          </sn>
                        </sp>
                      </grup.nom>
                    </sn>
                  </S>
                  <sn entityref="ne" ne="organization">
                    <f lem=":" pos="fd" punct="colon" wd=":"/>
                    <spec gen="f" num="s">
                      <d gen="f" lem="el" num="s" pos="da0fs0" postype="article" wd="la"/>
                    </spec>
                    <grup.nom gen="f" num="s">
                      <n gen="f" lem="migra" num="s" pos="ncfs000" postype="common" sense="16:cs1" wd="migra"/>
                    </grup.nom>
                  </sn>
                </grup.nom>
              </sn>
            </sp>
          </S>
        </grup.nom>
      </sn>
    </sp>
    <f lem="." pos="fp" punct="period" wd="."/>
  </sentence>
  <sentence verbless="yes">
    <S verbless="yes">
      <conj conjunctiontype="coordinating">
        <c lem="es_decir" pos="cc" postype="coordinating" wd="Es_decir"/>
      </conj>
      <sp>
        <prep>
          <s lem="con" pos="sps00" postype="preposition" wd="con"/>
        </prep>
        <sn>
          <grup.nom gen="f" num="s">
            <n gen="f" lem="mayúscula" num="s" pos="ncfs000" postype="common" sense="16:05112234" wd="mayúscula"/>
          </grup.nom>
        </sn>
      </sp>
    </S>
    <sn entityref="ne" ne="organization">
      <f lem=":" pos="fd" punct="colon" wd=":"/>
      <spec gen="f" num="s">
        <d gen="f" lem="el" num="s" pos="da0fs0" postype="article" wd="La"/>
      </spec>
      <grup.nom gen="f" num="s">
        <n lem="Mi" ne="organization" pos="np0000o" postype="proper" sense="16:cs1" wd="Mi"/>
      </grup.nom>
    </sn>
    <f lem="." pos="fp" punct="period" wd="."/>
  </sentence>
  <sentence coord="yes">
    <S>
      <neg func="mod">
        <r lem="no" pos="rn" postype="negative" wd="No"/>
      </neg>
      <sn arg="arg1" elliptic="yes" func="suj" tem="tem"/>
      <grup.verb>
        <v lem="ser" lss="C21.state-attributive" mood="indicative" num="s" person="3" pos="vsip3s0" postype="semiauxiliary" tense="present" wd="es"/>
      </grup.verb>
      <S arg="arg2" clausetype="completive" func="atr" tem="atr">
        <conj conjunctiontype="subordinating">
          <c lem="que" pos="cs" postype="subordinating" wd="que"/>
        </conj>
        <sn arg="arg1" func="suj" tem="tem">
          <grup.nom gen="m" num="s">
            <p gen="m" lem="uno" num="s" pos="pi0ms000" postype="indefinite" wd="uno"/>
          </grup.nom>
        </sn>
        <grup.verb>
          <v lem="ser" lss="C21.state-attributive" mood="subjunctive" num="s" person="1" pos="vssp1s0" postype="semiauxiliary" tense="present" wd="sea"/>
        </grup.verb>
        <sa arg="arg2" func="atr" tem="atr">
          <sa>
            <grup.a>
              <a gen="c" lem="mejor" num="s" pos="aq0cs0" postype="qualificative" wd="mejor"/>
            </grup.a>
          </sa>
          <S adjunct="yes" clausesubtype="comparative" clausetype="adverbial" verbless="yes">
            <conj conjunctiontype="subordinating">
              <c lem="que" pos="cs" postype="subordinating" wd="que"/>
            </conj>
            <sn>
              <spec gen="m" num="s">
                <d gen="m" lem="el" num="s" pos="da0ms0" postype="article" wd="el"/>
              </spec>
              <grup.nom gen="m" num="s">
                <n gen="m" lem="vecino" num="s" pos="ncms000" postype="common" sense="16:07429701" wd="vecino"/>
              </grup.nom>
            </sn>
          </S>
        </sa>
      </S>
    </S>
    <conj conjunctiontype="coordinating">
      <c lem="pero" pos="cc" postype="coordinating" wd="pero"/>
    </conj>
    <S>
      <grup.verb>
        <v lem="haber" mood="indicative" num="s" person="3" pos="vaip3s0" postype="auxiliary" tense="present" wd="hay"/>
        <c lem="que" pos="cs" postype="subordinating" wd="que"/>
        <infinitiu>
          <v lem="tratar" lss="A22.transitive-agentive-theme" mood="infinitive" pos="vmn0000" postype="main" wd="tratar"/>
        </infinitiu>
      </grup.verb>
      <sp arg="arg1" func="creg" tem="tem">
        <prep>
          <s lem="de" pos="sps00" postype="preposition" wd="de"/>
        </prep>
        <S clausetype="completive" impersonal="yes">
          <infinitiu>
            <v lem="parecer" lss="C42.state-experiencer" mood="infinitive" pos="vmn0000" postype="main" wd="parecerlo"/>
          </infinitiu>
        </S>
      </sp>
      <sp arg="argM" func="cc" tem="fin">
        <prep>
          <s lem="por" pos="sps00" postype="preposition" wd="por"/>
        </prep>
        <sn>
          <grup.nom gen="m" num="s">
            <n gen="m" lem="respeto" num="s" pos="ncms000" postype="common" sense="16:04704758" wd="respeto"/>
            <sp>
              <sadv>
                <grup.adv>
                  <r lem="precisamente" pos="rg" wd="precisamente"/>
                </grup.adv>
              </sadv>
              <sp>
                <prep>
                  <s lem="para" pos="sps00" postype="preposition" wd="para"/>
                </prep>
                <sn>
                  <spec gen="m" num="s">
                    <d gen="m" lem="el" num="s" pos="da0ms0" postype="article" wd="el"/>
                  </spec>
                  <grup.nom gen="m" num="s">
                    <n gen="m" lem="vecino" num="s" pos="ncms000" postype="common" sense="16:07429701" wd="vecino"/>
                  </grup.nom>
                </sn>
              </sp>
            </sp>
          </grup.nom>
        </sn>
      </sp>
    </S>
    <f lem="." pos="fp" punct="period" wd="."/>
  </sentence>
</article>
