<?xml version="1.0" encoding="UTF-8" standalone="no"?>
<!-- 

  ancora-2.0
       
			Copyright (C) 2007, 2008, 2009, 2010, 2011 UB - CLiC
			Centre de Llenguatge i Computació - Universitat de Barcelona
 
  This file is part of ancora-2.0.
 
  ancora-2.0 is free software and data: you can redistribute it and/or modify
  it under the terms of the GNU General Public License as published
  by the Free Software Foundation, either version 3 of the License,
  or (at your option) any later version.

  ancora-2.0 is distributed in the hope that it will be useful,
  but WITHOUT ANY WARRANTY; without even the implied warranty of
  MERCHANTABILITY or FITNESS FOR A PARTICULAR PURPOSE.  See the
  GNU General Public License for more details.
 
  You should have received a copy of the GNU General Public License
  along with ancora-2.0.  If not, see &lt;http://www.gnu.org/licenses/&gt;.
 
  Check a text in catalan explaining the terms of the license at http://www.softcatala.cat/wiki/GPL3.
  In spanish at http://www.viti.es/gnu/licenses/gpl.html
 

  The following paper must be cited when using this corpus:

 * Taulé, M., M.A. Martí, M. Recasens (2008) 'Ancora: Multilevel Annotated Corpora for Catalan and Spanish',
   Proceedings of 6th International Conference on Language Resources and Evaluation. Marrakesh (Morocco).

  In addition, the following paper must be cited if coreference information (attributes entity, coreftype,
  corefsubtype, homophoricDD or entityref) is used:

 * Recasens, Marta, M. Antònia Martí (2010) ‘AnCora-CO: Coreferentially annotated corpora for Spanish and
   Catalan’. Language Resources and Evaluation, Springer Science.

  Additionally, the following paper must be cited when argumental attributes in "sn" or "grup.nom"
  (attributes func, arg, tem or lexicalid) are used:

 * Peris, Aina, Mariona Taulé, Horacio Rodríguez (2010) ‘Semantic Annotation of Deverbal Nominalizations in the
   Spanish AnCora corpus’. Treebanks and Linguistic Theories (TLT-2010), Estonia.
-->
<article lng="es">
  <sentence>
    <sn arg="arg1" func="suj" tem="tem">
      <spec gen="m" num="p">
        <d gen="m" lem="el" num="p" pos="da0mp0" postype="article" wd="Los"/>
      </spec>
      <grup.nom gen="m" num="p">
        <n gen="m" lem="vecino" num="p" pos="ncmp000" postype="common" sense="16:06949059" wd="vecinos"/>
        <sp>
          <prep>
            <s lem="de" pos="sps00" postype="preposition" wd="de"/>
          </prep>
          <sn entityref="ne" ne="location">
            <spec gen="f" num="s">
              <d gen="f" lem="el" num="s" pos="da0fs0" postype="article" wd="la"/>
            </spec>
            <grup.nom gen="f" num="s">
              <s.a gen="f" num="s">
                <grup.a gen="f" num="s">
                  <a gen="c" lem="popular" num="s" pos="aq0cs0" postype="qualificative" wd="popular"/>
                </grup.a>
              </s.a>
              <n gen="f" lem="calle" num="s" pos="ncfs000" postype="common" sense="16:03426236" wd="calle"/>
              <sp>
                <prep>
                  <s lem="de" pos="sps00" postype="preposition" wd="de"/>
                </prep>
                <sn entityref="ne" ne="person">
                  <grup.nom gen="f" num="s">
                    <n lem="La_Reina" ne="person" pos="np0000p" postype="proper" sense="16:cs1" wd="La_Reina"/>
                  </grup.nom>
                </sn>
              </sp>
              <sp>
                <prep>
                  <s lem="de" pos="sps00" postype="preposition" wd="de"/>
                </prep>
                <sn>
                  <spec gen="f" num="s">
                    <d gen="f" lem="este" num="s" pos="dd0fs0" postype="demonstrative" wd="esta"/>
                  </spec>
                  <grup.nom gen="f" num="s">
                    <n gen="f" lem="capital" num="s" pos="ncfs000" postype="common" sense="16:06283013" wd="capital"/>
                  </grup.nom>
                </sn>
              </sp>
            </grup.nom>
          </sn>
        </sp>
      </grup.nom>
    </sn>
    <grup.verb>
      <v lem="continuar" lss="C11.state-existential" mood="indicative" num="p" person="3" pos="vmip3p0" postype="main" tense="present" wd="continúan"/>
    </grup.verb>
    <S arg="argM" clausetype="participle" func="cpred" impersonal="yes" predicate="suj" tem="atr">
      <participi>
        <a gen="m" lem="conmocionado" lss="B22.unaccusative-passive-transitive" num="p" pos="aq0mpp" posfunction="participle" postype="qualificative" wd="conmocionados"/>
      </participi>
      <sp arg="argM" func="cc" tem="cau">
        <prep>
          <s lem="por" pos="sps00" postype="preposition" wd="por"/>
        </prep>
        <sn>
          <spec gen="m" num="s">
            <d gen="m" lem="el" num="s" pos="da0ms0" postype="article" wd="el"/>
          </spec>
          <grup.nom gen="m" num="s">
            <s.a complex="yes" func="cn" gen="m" num="s">
              <grup.a coord="yes" gen="m" num="s">
                <grup.a gen="m" num="s">
                  <a gen="m" lem="extraño" num="s" pos="aq0ms0" postype="qualificative" wd="extraño"/>
                </grup.a>
                <conj conjunctiontype="coordinating">
                  <c lem="y" pos="cc" postype="coordinating" wd="y"/>
                </conj>
                <grup.a gen="m" num="s">
                  <a gen="c" lem="salvaje" num="s" pos="aq0cs0" postype="qualificative" wd="salvaje"/>
                </grup.a>
              </grup.a>
            </s.a>
            <n gen="m" lem="suceso" lexicalid="noun.suceso.1.default" num="s" origin="deverbal" pos="ncms000" postype="common" sense="16:05432762" wd="suceso"/>
            <S clausetype="participle" func="cn" impersonal="yes">
              <participi>
                <a gen="m" lem="ocurrido" lss="B22.unaccusative-passive-transitive" num="s" pos="aq0msp" posfunction="participle" postype="qualificative" wd="ocurrido"/>
              </participi>
              <sn arg="argM" entityref="ne" func="cc" ne="date" tem="tmp">
                <spec gen="m" num="s">
                  <d gen="m" lem="el" num="s" pos="da0ms0" postype="article" wd="el"/>
                </spec>
                <grup.nom gen="m" num="s">
                  <S clausetype="participle" impersonal="yes">
                    <participi>
                      <a gen="m" lem="pasado" num="s" pos="aq0msp" posfunction="participle" postype="qualificative" wd="pasado"/>
                    </participi>
                  </S>
                  <w lem="[viernes:16/??/??:??.??]" ne="date" wd="viernes_día_16"/>
                </grup.nom>
              </sn>
              <sp arg="argM" func="cc" tem="loc">
                <prep>
                  <s lem="en" pos="sps00" postype="preposition" wd="en"/>
                </prep>
                <sn>
                  <spec gen="f" num="s">
                    <d gen="f" lem="el" num="s" pos="da0fs0" postype="article" wd="la"/>
                  </spec>
                  <grup.nom gen="f" num="s">
                    <n gen="f" lem="finca" num="s" pos="ncfs000" postype="common" sense="16:cs1" wd="finca"/>
                    <s.a gen="f" num="s">
                      <grup.a gen="f" num="s">
                        <a gen="f" lem="sito" num="s" pos="aq0fs0" postype="qualificative" wd="sita"/>
                        <sp>
                          <prep>
                            <s lem="en" pos="sps00" postype="preposition" wd="en"/>
                          </prep>
                          <sn entityref="ne" ne="number">
                            <spec gen="m" num="s">
                              <d gen="m" lem="el" num="s" pos="da0ms0" postype="article" wd="el"/>
                            </spec>
                            <grup.nom gen="m" num="s">
                              <n gen="m" lem="número" num="s" pos="ncms000" postype="common" sense="16:09765658" wd="número"/>
                              <sn entityref="ne" ne="number">
                                <grup.nom>
                                  <z lem="17" ne="number" wd="17"/>
                                </grup.nom>
                              </sn>
                              <sp>
                                <prep>
                                  <s lem="de" pos="sps00" postype="preposition" wd="de"/>
                                </prep>
                                <sn>
                                  <spec gen="f" num="s">
                                    <d gen="f" lem="el" num="s" pos="da0fs0" postype="article" wd="la"/>
                                  </spec>
                                  <grup.nom gen="f" num="s">
                                    <S clausetype="participle" impersonal="yes">
                                      <participi>
                                        <a gen="f" lem="citado" num="s" pos="aq0fsp" posfunction="participle" postype="qualificative" wd="citada"/>
                                      </participi>
                                    </S>
                                    <n gen="f" lem="calle" num="s" pos="ncfs000" postype="common" sense="16:03426236" wd="calle"/>
                                  </grup.nom>
                                </sn>
                              </sp>
                            </grup.nom>
                          </sn>
                        </sp>
                      </grup.a>
                    </s.a>
                  </grup.nom>
                </sn>
              </sp>
            </S>
          </grup.nom>
        </sn>
      </sp>
    </S>
    <f lem="." pos="fp" punct="period" wd="."/>
  </sentence>
  <sentence>
    <sn arg="arg1" func="suj" tem="tem">
      <spec gen="m" num="p">
        <d gen="m" lem="el" num="p" pos="da0mp0" postype="article" wd="Los"/>
      </spec>
      <grup.nom gen="m" num="p">
        <n gen="m" lem="acontecimiento" lexicalid="noun.acontecimiento.1.default" num="p" origin="deverbal" pos="ncmp000" postype="common" sense="16:05432762" wd="acontecimientos"/>
      </grup.nom>
    </sn>
    <morfema.pronominal>
      <p gen="c" lem="él" num="c" person="3" pos="p0300000" wd="se"/>
    </morfema.pronominal>
    <grup.verb>
      <v lem="desarrollar" lss="B11.unaccusative-motion" mood="indicative" num="p" person="3" pos="vmis3p0" postype="main" tense="past" wd="desarrollaron"/>
    </grup.verb>
    <sp arg="argM" func="cc" tem="tmp">
      <prep>
        <s lem="hacia" pos="sps00" postype="preposition" wd="hacia"/>
      </prep>
      <sn entityref="ne" ne="date">
        <spec gen="f" num="p">
          <d gen="f" lem="el" num="p" pos="da0fp0" postype="article" wd="las"/>
        </spec>
        <grup.nom gen="f" num="p">
          <w lem="[??:??/??/??:06.30]" ne="date" wd="seis_y_media"/>
          <sp>
            <prep>
              <s lem="de" pos="sps00" postype="preposition" wd="de"/>
            </prep>
            <sn entityref="ne" ne="date">
              <spec gen="f" num="s">
                <d gen="f" lem="el" num="s" pos="da0fs0" postype="article" wd="la"/>
              </spec>
              <grup.nom gen="f" num="s">
                <n gen="f" lem="tarde" num="s" pos="ncfs000" postype="common" sense="16:10885066" wd="tarde"/>
                <sp>
                  <prep>
                    <s contracted="yes" gen="m" lem="del" num="s" pos="spcms" postype="preposition" wd="del"/>
                  </prep>
                  <sn>
                    <grup.nom gen="m" num="s">
                      <n gen="m" lem="viernes" num="c" pos="ncmn000" postype="common" sense="16:10883362" wd="viernes"/>
                    </grup.nom>
                  </sn>
                </sp>
              </grup.nom>
            </sn>
          </sp>
        </grup.nom>
      </sn>
    </sp>
    <f lem="." pos="fp" punct="period" wd="."/>
  </sentence>
  <sentence>
    <sn arg="arg1" entityref="ne" func="suj" ne="person" tem="tem">
      <grup.nom gen="m" num="s">
        <n lem="Don_Antonio_Ortiz" ne="person" pos="np0000p" postype="proper" sense="16:cs1" wd="Don_Antonio_Ortiz"/>
      </grup.nom>
      <s.a coord="yes" gen="m" num="s">
        <f lem="," pos="fc" punct="comma" wd=","/>
        <sp>
          <prep>
            <s lem="de" pos="sps00" postype="preposition" wd="de"/>
          </prep>
          <sn>
            <spec gen="m" num="p">
              <z lem="49" ne="number" wd="49"/>
            </spec>
            <grup.nom gen="m" num="p">
              <n gen="m" lem="año" num="p" pos="ncmp000" postype="common" sense="16:10917509" wd="años"/>
              <sp>
                <prep>
                  <s lem="de" pos="sps00" postype="preposition" wd="de"/>
                </prep>
                <sn>
                  <grup.nom gen="f" num="s">
                    <n gen="f" lem="edad" num="s" pos="ncfs000" postype="common" sense="16:03853114" wd="edad"/>
                  </grup.nom>
                </sn>
              </sp>
            </grup.nom>
          </sn>
        </sp>
        <f lem="," pos="fc" punct="comma" wd=","/>
        <s.a gen="m" num="s">
          <grup.a gen="m" num="s">
            <a gen="m" lem="soltero" num="s" pos="aq0ms0" postype="qualificative" wd="soltero"/>
          </grup.a>
        </s.a>
        <f lem="," pos="fc" punct="comma" wd=","/>
        <sp>
          <prep>
            <s lem="de" pos="sps00" postype="preposition" wd="de"/>
          </prep>
          <sn>
            <grup.nom gen="f" num="s">
              <n gen="f" lem="profesión" num="s" origin="deverbal" pos="ncfs000" postype="common" sense="16:00382624" wd="profesión"/>
              <sn>
                <grup.nom gen="m" num="s">
                  <n gen="m" lem="funcionario" num="s" pos="ncms000" postype="common" sense="16:07440234" wd="funcionario"/>
                  <sp>
                    <prep>
                      <s lem="de" pos="sps00" postype="preposition" wd="de"/>
                    </prep>
                    <sn>
                      <grup.nom gen="m" num="s">
                        <n gen="m" lem="ministerio" num="s" pos="ncms000" postype="common" sense="16:06048623" wd="ministerio"/>
                      </grup.nom>
                    </sn>
                  </sp>
                </grup.nom>
              </sn>
            </grup.nom>
          </sn>
        </sp>
        <f lem="," pos="fc" punct="comma" wd=","/>
      </s.a>
    </sn>
    <morfema.pronominal>
      <p gen="c" lem="él" num="c" person="3" pos="p0300000" wd="se"/>
    </morfema.pronominal>
    <grup.verb>
      <v lem="encontrar" lss="C11.state-existential" mood="indicative" num="s" person="3" pos="vmii3s0" postype="main" tense="imperfect" wd="encontraba"/>
    </grup.verb>
    <sp arg="arg2" func="cc" tem="loc">
      <prep>
        <s lem="en" pos="sps00" postype="preposition" wd="en"/>
      </prep>
      <sn>
        <spec gen="f" num="s">
          <d gen="c" lem="su" num="s" person="3" pos="dp3cs0" postype="possessive" wd="su"/>
        </spec>
        <grup.nom gen="f" num="s">
          <n gen="f" lem="casa" num="s" pos="ncfs000" postype="common" sense="16:02618194" wd="casa"/>
          <sp>
            <f lem="," pos="fc" punct="comma" wd=","/>
            <prep>
              <s lem="en" pos="sps00" postype="preposition" wd="en"/>
            </prep>
            <sn>
              <spec gen="m" num="s">
                <d gen="m" lem="el" num="s" pos="da0ms0" postype="article" wd="el"/>
              </spec>
              <grup.nom gen="m" num="s">
                <s.a gen="m" num="s">
                  <grup.a gen="m" num="s">
                    <a gen="m" lem="cuarto" num="s" pos="ao0ms0" postype="ordinal" wd="cuarto"/>
                  </grup.a>
                </s.a>
                <n gen="m" lem="piso" num="s" pos="ncms000" postype="common" sense="16:02700186" wd="piso"/>
                <sp>
                  <prep>
                    <s lem="de" pos="sps00" postype="preposition" wd="de"/>
                  </prep>
                  <sn>
                    <spec gen="f" num="s">
                      <d gen="f" lem="el" num="s" pos="da0fs0" postype="article" wd="la"/>
                    </spec>
                    <grup.nom gen="f" num="s">
                      <S clausetype="participle" impersonal="yes">
                        <participi>
                          <a gen="f" lem="mencionado" num="s" pos="aq0fsp" posfunction="participle" postype="qualificative" wd="mencionada"/>
                        </participi>
                      </S>
                      <n gen="f" lem="finca" num="s" pos="ncfs000" postype="common" sense="16:cs1" wd="finca"/>
                    </grup.nom>
                  </sn>
                </sp>
              </grup.nom>
            </sn>
          </sp>
        </grup.nom>
      </sn>
    </sp>
    <f lem="." pos="fp" punct="period" wd="."/>
  </sentence>
  <sentence>
    <sn arg="arg0" func="suj" tem="agt">
      <spec gen="m" num="p">
        <d gen="m" lem="el" num="p" pos="da0mp0" postype="article" wd="Los"/>
      </spec>
      <grup.nom gen="m" num="p">
        <n gen="m" lem="vecino" num="p" pos="ncmp000" postype="common" sense="16:06949059" wd="vecinos"/>
      </grup.nom>
    </sn>
    <grup.verb>
      <v lem="asegurar" lss="A32.ditransitive-patient-benefactive" mood="indicative" num="p" person="3" pos="vmip3p0" postype="main" tense="present" wd="aseguran"/>
    </grup.verb>
    <S arg="arg1" clausetype="completive" func="cd" tem="pat">
      <S clausetype="completive">
        <conj conjunctiontype="subordinating">
          <c lem="que" pos="cs" postype="subordinating" wd="que"/>
        </conj>
        <sn arg="arg1" entityref="ne" func="suj" ne="person" tem="tem">
          <grup.nom gen="m" num="s">
            <sn>
              <grup.nom gen="m" num="s">
                <n gen="m" lem="don" num="s" pos="ncms000" postype="common" sense="16:07222387" wd="don"/>
              </grup.nom>
            </sn>
            <n lem="Antonio" ne="person" pos="np0000p" postype="proper" sense="16:cs1" wd="Antonio"/>
          </grup.nom>
        </sn>
        <grup.verb>
          <v lem="ser" lss="C21.state-attributive" mood="indicative" num="s" person="3" pos="vsis3s0" postype="semiauxiliary" tense="past" wd="fue"/>
        </grup.verb>
        <sadv arg="argM" func="cc" tem="tmp">
          <grup.adv>
            <r lem="siempre" pos="rg" wd="siempre"/>
          </grup.adv>
        </sadv>
        <sn arg="arg2" func="atr" tem="atr">
          <spec gen="m" num="s">
            <d gen="m" lem="uno" num="s" pos="di0ms0" postype="indefinite" wd="un"/>
          </spec>
          <grup.nom gen="m" num="s">
            <n gen="m" lem="hombre" num="s" pos="ncms000" postype="common" sense="16:07391044" wd="hombre"/>
            <S clausetype="participle" coord="yes" impersonal="yes">
              <S clausetype="participle" impersonal="yes">
                <participi>
                  <a gen="m" lem="callado" num="s" pos="aq0msp" posfunction="participle" postype="qualificative" wd="callado"/>
                </participi>
              </S>
              <conj conjunctiontype="coordinating">
                <c lem="y" pos="cc" postype="coordinating" wd="y"/>
              </conj>
              <S clausetype="participle" impersonal="yes">
                <participi>
                  <a gen="m" lem="educado" num="s" pos="aq0msp" posfunction="participle" postype="qualificative" wd="educado"/>
                </participi>
              </S>
            </S>
            <S clausetype="relative">
              <relatiu arg="arg1" func="suj" tem="tem">
                <p gen="c" lem="que" num="c" pos="pr0cn000" postype="relative" wd="que"/>
              </relatiu>
              <sadv arg="argM" func="cc" tem="tmp">
                <grup.adv>
                  <r lem="nunca" pos="rg" wd="nunca"/>
                </grup.adv>
              </sadv>
              <grup.verb>
                <v lem="dar" lss="B22.unaccusative-passive-transitive" mood="indicative" num="s" person="3" pos="vmis3s0" postype="main" tense="past" wd="dio"/>
                <n gen="m" lem="lugar" num="s" pos="ncms000" postype="common" sense="16:cs1" wd="lugar"/>
              </grup.verb>
              <sp arg="arg2" func="creg" tem="tem">
                <prep>
                  <s lem="a" pos="sps00" postype="preposition" wd="a"/>
                </prep>
                <sn>
                  <grup.nom gen="m" num="p">
                    <n gen="m" lem="escándalo" num="p" pos="ncmp000" postype="common" sense="16:00361442" wd="escándalos"/>
                  </grup.nom>
                </sn>
              </sp>
              <sadv arg="argM" func="cc" tem="adv">
                <f lem="," pos="fc" punct="comma" wd=","/>
                <grup.adv>
                  <r lem="antes_al_contrario" pos="rg" wd="antes_al_contrario"/>
                </grup.adv>
                <f lem="," pos="fc" punct="comma" wd=","/>
              </sadv>
            </S>
          </grup.nom>
        </sn>
      </S>
      <sn>
        <grup.nom gen="f" num="s">
          <n gen="f" lem="cosa" num="s" pos="ncfs000" postype="common" sense="16:03495843" wd="cosa"/>
          <sp>
            <sadv>
              <grup.adv>
                <r lem="mucho" pos="rg" wd="muy"/>
              </grup.adv>
            </sadv>
            <sp>
              <prep>
                <s lem="de" pos="sps00" postype="preposition" wd="de"/>
              </prep>
              <S clausetype="completive" impersonal="yes">
                <infinitiu>
                  <v lem="estimar" lss="A21.transitive-agentive-patient" mood="infinitive" pos="vmn0000" postype="main" wd="estimar"/>
                </infinitiu>
                <sp arg="argM" func="cc" tem="adv">
                  <prep>
                    <s lem="en" pos="sps00" postype="preposition" wd="en"/>
                  </prep>
                  <sn>
                    <spec gen="m" num="s">
                      <d gen="m" lem="uno" num="s" pos="di0ms0" postype="indefinite" wd="un"/>
                    </spec>
                    <grup.nom gen="m" num="s">
                      <n gen="m" lem="soltero" num="s" pos="ncms000" postype="common" sense="16:07095619" wd="soltero"/>
                    </grup.nom>
                  </sn>
                </sp>
              </S>
            </sp>
          </sp>
        </grup.nom>
      </sn>
    </S>
    <f lem="." pos="fp" punct="period" wd="."/>
  </sentence>
  <sentence>
    <sn arg="arg0" func="suj" tem="agt">
      <spec gen="f" num="s">
        <d gen="f" lem="uno" num="s" pos="di0fs0" postype="indefinite" wd="Una"/>
      </spec>
      <grup.nom gen="f" num="s">
        <n gen="f" lem="vecina" num="s" pos="ncfs000" postype="common" sense="16:06949059" wd="vecina"/>
      </grup.nom>
    </sn>
    <sn arg="arg2" func="ci" tem="ben">
      <grup.nom num="p">
        <p gen="c" lem="yo" num="p" person="1" pos="pp1cp000" postype="personal" wd="nos"/>
      </grup.nom>
    </sn>
    <grup.verb>
      <v lem="decir" lss="A32.ditransitive-patient-benefactive" mood="indicative" num="s" person="3" pos="vmis3s0" postype="main" tense="past" wd="dijo"/>
    </grup.verb>
    <S arg="arg1" clausetype="completive" func="cd" tem="pat">
      <f lem=":" pos="fd" punct="colon" wd=":"/>
      <f lem="-" pos="fg" punct="hyphen" wd="-"/>
      <sn arg="arg1" elliptic="yes" func="suj" tem="tem"/>
      <grup.verb>
        <v lem="parecer" lss="C42.state-experiencer" mood="indicative" num="s" person="3" pos="vmii3s0" postype="main" tense="imperfect" wd="Parecía"/>
      </grup.verb>
      <sn arg="arg2" coord="yes" func="atr" tem="atr">
        <sn>
          <spec gen="m" num="s">
            <d gen="m" lem="uno" num="s" pos="di0ms0" postype="indefinite" wd="un"/>
          </spec>
          <grup.nom gen="m" num="s">
            <n gen="m" lem="cura" num="s" pos="ncms000" postype="common" sense="16:07497477" wd="cura"/>
          </grup.nom>
        </sn>
        <conj conjunctiontype="coordinating">
          <c lem="o" pos="cc" postype="coordinating" wd="o"/>
        </conj>
        <sn>
          <grup.nom gen="m" num="s">
            <p gen="c" lem="algo" num="s" pos="pi0cs000" postype="indefinite" wd="algo"/>
            <sadv>
              <grup.adv>
                <r lem="así" pos="rg" wd="así"/>
              </grup.adv>
            </sadv>
          </grup.nom>
        </sn>
      </sn>
      <f lem="-" pos="fg" punct="hyphen" wd="-"/>
    </S>
    <f lem="." pos="fp" punct="period" wd="."/>
  </sentence>
  <sentence>
    <sn arg="arg0" func="suj" tem="agt">
      <spec gen="m" num="p">
        <d gen="m" lem="otro" num="p" pos="di0mp0" postype="indefinite" wd="Otros"/>
      </spec>
      <grup.nom gen="m" num="p">
        <n gen="m" lem="inquilino" num="p" pos="ncmp000" postype="common" sense="16:07635964" wd="inquilinos"/>
      </grup.nom>
    </sn>
    <grup.verb>
      <v lem="coincidir" lss="A22.transitive-agentive-theme" mood="indicative" num="p" person="3" pos="vmis3p0" postype="main" tense="past" wd="coincidieron"/>
    </grup.verb>
    <sp arg="arg1" func="creg" tem="tem">
      <prep>
        <s lem="en" pos="sps00" postype="preposition" wd="en"/>
      </prep>
      <S clausetype="completive">
        <conj conjunctiontype="subordinating">
          <c lem="que" pos="cs" postype="subordinating" wd="que"/>
        </conj>
        <sn arg="arg1" elliptic="yes" func="suj" tem="tem"/>
        <grup.verb>
          <v lem="ser" lss="C21.state-attributive" mood="indicative" num="s" person="3" pos="vsii3s0" postype="semiauxiliary" tense="imperfect" wd="era"/>
        </grup.verb>
        <sa arg="arg2" func="atr" tem="atr">
          <spec>
            <r lem="un_poco" pos="rg" wd="un_poco"/>
          </spec>
          <grup.a>
            <a gen="m" lem="misterioso" num="s" pos="aq0ms0" postype="qualificative" wd="misterioso"/>
          </grup.a>
        </sa>
        <S arg="argM" clausetype="adverbial" func="cc" tem="cau">
          <f lem="," pos="fc" punct="comma" wd=","/>
          <conj conjunctiontype="subordinating">
            <c lem="porque" pos="cs" postype="subordinating" wd="porque"/>
          </conj>
          <sadv arg="argM" func="cc" tem="tmp">
            <grup.adv>
              <r lem="nunca" pos="rg" wd="nunca"/>
            </grup.adv>
          </sadv>
          <morfema.verbal func="impers">
            <p gen="c" lem="se" num="c" pos="p0000000" wd="se"/>
          </morfema.verbal>
          <sn arg="arg1" func="cd" tem="pat">
            <grup.nom num="s">
              <p case="accusative" gen="c" lem="él" num="s" person="3" pos="pp3csa00" postype="personal" wd="le"/>
            </grup.nom>
          </sn>
          <grup.verb>
            <v lem="ver" lss="A21.transitive-agentive-patient" mood="indicative" num="s" person="3" pos="vmii3s0" postype="main" tense="imperfect" wd="veía"/>
          </grup.verb>
          <sp arg="argM" func="cc" tem="adv">
            <prep>
              <s lem="con" pos="sps00" postype="preposition" wd="con"/>
            </prep>
            <sn>
              <grup.nom gen="m" num="s">
                <p gen="c" lem="nadie" num="s" pos="pi0cs000" postype="indefinite" wd="nadie"/>
              </grup.nom>
            </sn>
          </sp>
        </S>
      </S>
    </sp>
    <f lem="." pos="fp" punct="period" wd="."/>
  </sentence>
  <sentence>
    <sn arg="arg0" func="suj" tem="agt">
      <spec gen="m" num="s">
        <d gen="m" lem="el" num="s" pos="da0ms0" postype="article" wd="El"/>
      </spec>
      <grup.nom gen="m" num="s">
        <n gen="c" lem="criminal" num="s" pos="nccs000" postype="common" sense="16:07193161" wd="criminal"/>
      </grup.nom>
    </sn>
    <grup.verb>
      <v lem="haber" mood="indicative" num="s" person="3" pos="vaip3s0" postype="auxiliary" tense="present" wd="ha"/>
      <v gen="m" lem="poder" mood="participle" num="s" pos="vmp00sm" postype="main" wd="podido"/>
      <infinitiu>
        <v lem="saber" lss="A22.transitive-agentive-theme" mood="infinitive" pos="vmn0000" postype="main" wd="saber"/>
      </infinitiu>
    </grup.verb>
    <S arg="arg1" clausetype="completive" func="cd" tem="pat">
      <conj conjunctiontype="subordinating">
        <c lem="que" pos="cs" postype="subordinating" wd="que"/>
      </conj>
      <sn arg="arg0" entityref="ne" func="suj" ne="person" tem="agt">
        <grup.nom gen="m" num="s">
          <sn>
            <grup.nom gen="m" num="s">
              <n gen="m" lem="don" num="s" pos="ncms000" postype="common" sense="16:07222387" wd="don"/>
            </grup.nom>
          </sn>
          <n lem="Antonio" ne="person" pos="np0000p" postype="proper" sense="16:cs1" wd="Antonio"/>
        </grup.nom>
      </sn>
      <grup.verb>
        <v lem="ir" mood="indicative" num="s" person="3" pos="vmii3s0" postype="main" tense="imperfect" wd="iba"/>
        <s lem="a" pos="sps00" postype="preposition" wd="a"/>
        <infinitiu>
          <v lem="contraer" lss="A21.transitive-agentive-patient" mood="infinitive" pos="vmn0000" postype="main" wd="contraer"/>
        </infinitiu>
      </grup.verb>
      <sn arg="arg1" func="cd" tem="pat">
        <grup.nom gen="m" num="s">
          <n gen="m" lem="matrimonio" num="s" pos="ncms000" postype="common" sense="16:10061309" wd="matrimonio"/>
          <sadv>
            <grup.adv>
              <r lem="en_breve" pos="rg" wd="en_breve"/>
            </grup.adv>
          </sadv>
          <sp>
            <prep>
              <s lem="con" pos="sps00" postype="preposition" wd="con"/>
            </prep>
            <sn>
              <spec gen="f" num="s">
                <d gen="f" lem="uno" num="s" pos="di0fs0" postype="indefinite" wd="una"/>
              </spec>
              <grup.nom gen="f" num="s">
                <s.a coord="yes" gen="f" num="s">
                  <s.a gen="f" num="s">
                    <grup.a gen="f" num="s">
                      <a gen="f" lem="bello" num="s" pos="aq0fs0" postype="qualificative" wd="bella"/>
                    </grup.a>
                  </s.a>
                  <conj conjunctiontype="coordinating">
                    <c lem="y" pos="cc" postype="coordinating" wd="y"/>
                  </conj>
                  <S clausetype="participle" impersonal="yes">
                    <participi>
                      <a gen="f" lem="honrado" num="s" pos="aq0fsp" posfunction="participle" postype="qualificative" wd="honrada"/>
                    </participi>
                  </S>
                </s.a>
                <n gen="c" lem="joven" num="s" pos="nccs000" postype="common" sense="16:07692038" wd="joven"/>
                <S clausetype="relative">
                  <f lem="," pos="fc" punct="comma" wd=","/>
                  <sp arg="arg1" discid="1c" func="cd" functype="quantitative" tem="tem">
                    <prep>
                      <s lem="a" pos="sps00" postype="preposition" wd="a"/>
                    </prep>
                    <sn>
                      <spec gen="f" num="s">
                        <d gen="f" lem="el" num="s" pos="da0fs0" postype="article" wd="la"/>
                      </spec>
                      <relatiu>
                        <p gen="c" lem="que" num="c" pos="pr0cn000" postype="relative" wd="que"/>
                      </relatiu>
                    </sn>
                  </sp>
                  <sn arg="arg3" func="ci" tem="ben">
                    <grup.nom num="p">
                      <p gen="c" lem="yo" num="p" person="1" pos="pp1cp000" postype="personal" wd="nos"/>
                    </grup.nom>
                  </sn>
                  <grup.verb>
                    <v lem="haber" mood="indicative" num="s" person="3" pos="vaip3s0" postype="auxiliary" tense="present" wd="ha"/>
                    <v gen="m" lem="ser" lss="C21.state-attributive" mood="participle" num="s" pos="vsp00sm" postype="semiauxiliary" wd="sido"/>
                  </grup.verb>
                  <sa arg="arg2" func="atr" tem="atr">
                    <grup.a>
                      <a gen="c" lem="imposible" num="s" pos="aq0cs0" postype="qualificative" wd="imposible"/>
                    </grup.a>
                  </sa>
                  <S arg="arg1" clausetype="completive" discid="1n" func="suj" impersonal="yes" tem="tem">
                    <infinitiu>
                      <v lem="localizar" lss="A31.ditransitive-patient-locative" mood="infinitive" pos="vmn0000" postype="main" wd="localizar"/>
                    </infinitiu>
                  </S>
                </S>
              </grup.nom>
            </sn>
          </sp>
        </grup.nom>
      </sn>
    </S>
    <f lem="." pos="fp" punct="period" wd="."/>
  </sentence>
  <sentence>
    <sn arg="argM" func="cc" tem="tmp">
      <spec gen="f" num="s">
        <d gen="f" lem="el" num="s" pos="da0fs0" postype="article" wd="La"/>
      </spec>
      <grup.nom gen="f" num="s">
        <n gen="f" lem="tarde" num="s" pos="ncfs000" postype="common" sense="16:10885066" wd="tarde"/>
        <sp>
          <prep>
            <s lem="de" pos="sps00" postype="preposition" wd="de"/>
          </prep>
          <sn>
            <grup.nom gen="m" num="p">
              <n gen="m" lem="auto" num="p" pos="ncmp000" postype="common" sense="16:02383458" wd="autos"/>
            </grup.nom>
          </sn>
        </sp>
      </grup.nom>
    </sn>
    <sn arg="arg1" entityref="ne" func="suj" ne="person" tem="tem">
      <grup.nom gen="m" num="s">
        <sn>
          <grup.nom gen="m" num="s">
            <n gen="m" lem="don" num="s" pos="ncms000" postype="common" sense="16:07222387" wd="don"/>
          </grup.nom>
        </sn>
        <n lem="Antonio" ne="person" pos="np0000p" postype="proper" sense="16:cs1" wd="Antonio"/>
      </grup.nom>
    </sn>
    <morfema.pronominal>
      <p gen="c" lem="él" num="c" person="3" pos="p0300000" wd="se"/>
    </morfema.pronominal>
    <grup.verb>
      <v lem="encontrar" lss="C11.state-existential" mood="indicative" num="s" person="3" pos="vmii3s0" postype="main" tense="imperfect" wd="encontraba"/>
    </grup.verb>
    <sp arg="arg2" func="cc" tem="loc">
      <prep>
        <s lem="en" pos="sps00" postype="preposition" wd="en"/>
      </prep>
      <sn>
        <spec gen="f" num="s">
          <d gen="c" lem="su" num="s" person="3" pos="dp3cs0" postype="possessive" wd="su"/>
        </spec>
        <grup.nom gen="f" num="s">
          <n gen="f" lem="casa" num="s" pos="ncfs000" postype="common" sense="16:02618194" wd="casa"/>
        </grup.nom>
      </sn>
    </sp>
    <S arg="argM" clausetype="adverbial" func="cc" tem="tmp">
      <conj conjunctiontype="subordinating">
        <c lem="cuando" pos="cs" postype="subordinating" wd="cuando"/>
      </conj>
      <grup.verb>
        <v lem="sonar" lss="C21.state-attributive" mood="indicative" num="s" person="3" pos="vmis3s0" postype="main" tense="past" wd="sonó"/>
      </grup.verb>
      <sn arg="arg1" func="suj" tem="tem">
        <spec gen="m" num="s">
          <d gen="m" lem="el" num="s" pos="da0ms0" postype="article" wd="el"/>
        </spec>
        <grup.nom gen="m" num="s">
          <n gen="m" lem="timbre" num="s" pos="ncms000" postype="common" sense="16:02279539" wd="timbre"/>
          <sp>
            <prep>
              <s lem="de" pos="sps00" postype="preposition" wd="de"/>
            </prep>
            <sn>
              <spec gen="f" num="s">
                <d gen="f" lem="el" num="s" pos="da0fs0" postype="article" wd="la"/>
              </spec>
              <grup.nom gen="f" num="s">
                <n gen="f" lem="puerta" num="s" pos="ncfs000" postype="common" sense="16:02588950" wd="puerta"/>
              </grup.nom>
            </sn>
          </sp>
        </grup.nom>
      </sn>
    </S>
    <f lem="." pos="fp" punct="period" wd="."/>
  </sentence>
  <sentence>
    <sadv arg="argM" func="cc" tem="adv">
      <grup.adv>
        <r lem="poco" pos="rg" wd="Poco"/>
      </grup.adv>
    </sadv>
    <grup.verb>
      <v lem="imaginar" lss="A21.transitive-agentive-patient" mood="indicative" num="s" person="3" pos="vmii3s0" postype="main" tense="imperfect" wd="imaginaba"/>
    </grup.verb>
    <sn arg="arg0" func="suj" tem="agt">
      <spec gen="m" num="s">
        <d gen="m" lem="el" num="s" pos="da0ms0" postype="article" wd="el"/>
      </spec>
      <grup.nom gen="m" num="s">
        <n gen="m" lem="infortunado" num="s" pos="ncms000" postype="common" sense="16:cs1" wd="infortunado"/>
      </grup.nom>
    </sn>
    <S arg="arg1" clausetype="completive" func="cd" tem="pat">
      <conj conjunctiontype="subordinating">
        <c lem="que" pos="cs" postype="subordinating" wd="que"/>
      </conj>
      <sp arg="argM" func="cc" tem="loc">
        <prep>
          <s lem="en" pos="sps00" postype="preposition" wd="en"/>
        </prep>
        <sn>
          <spec gen="m" num="s">
            <d gen="m" lem="el" num="s" pos="da0ms0" postype="article" wd="el"/>
          </spec>
          <grup.nom gen="m" num="s">
            <n gen="m" lem="descansillo" num="s" pos="ncms000" postype="common" sense="16:cs1" wd="descansillo"/>
          </grup.nom>
        </sn>
      </sp>
      <sn arg="arg1" func="cd" tem="pat">
        <grup.nom num="s">
          <p case="accusative" gen="c" lem="él" num="s" person="3" pos="pp3csa00" postype="personal" wd="le"/>
        </grup.nom>
      </sn>
      <grup.verb>
        <v lem="esperar" lss="A21.transitive-agentive-patient" mood="indicative" num="s" person="3" pos="vmii3s0" postype="main" tense="imperfect" wd="esperaba"/>
      </grup.verb>
      <sn arg="arg0" entityref="ne" func="suj" ne="person" tem="agt">
        <spec gen="f" num="s">
          <d gen="f" lem="el" num="s" pos="da0fs0" postype="article" wd="la"/>
        </spec>
        <grup.nom gen="f" num="s">
          <n gen="f" lem="asesina" num="s" pos="ncfs000" postype="common" sense="16:07424038" wd="asesina"/>
          <sn entityref="ne" ne="person">
            <f lem="," pos="fc" punct="comma" wd=","/>
            <grup.nom gen="f" num="s">
              <n lem="Isabel_López" ne="person" pos="np0000p" postype="proper" sense="16:cs1" wd="Isabel_López"/>
            </grup.nom>
            <f lem="," pos="fc" punct="comma" wd=","/>
          </sn>
          <sp>
            <prep>
              <s lem="de" pos="sps00" postype="preposition" wd="de"/>
            </prep>
            <sn>
              <spec gen="m" num="p">
                <z lem="46" ne="number" wd="46"/>
              </spec>
              <grup.nom gen="m" num="p">
                <n gen="m" lem="año" num="p" pos="ncmp000" postype="common" sense="16:10917509" wd="años"/>
              </grup.nom>
            </sn>
          </sp>
          <S clausetype="participle" impersonal="yes">
            <f lem="," pos="fc" punct="comma" wd=","/>
            <sadv arg="argM" func="cc" tem="adv">
              <grup.adv>
                <r lem="más" pos="rg" wd="más"/>
              </grup.adv>
            </sadv>
            <participi>
              <a gen="f" lem="conocido" lss="B22.unaccusative-passive-transitive" num="s" pos="aq0fsp" posfunction="participle" postype="qualificative" wd="conocida"/>
            </participi>
            <sp arg="argM" func="cc" tem="mnr">
              <prep>
                <s lem="con" pos="sps00" postype="preposition" wd="con"/>
              </prep>
              <sn>
                <spec gen="m" num="s">
                  <d gen="m" lem="el" num="s" pos="da0ms0" postype="article" wd="el"/>
                </spec>
                <grup.nom gen="m" num="s">
                  <n gen="m" lem="alias" num="c" pos="ncmn000" postype="common" sense="16:04780613" wd="alias"/>
                  <sp>
                    <prep>
                      <s lem="de" pos="sps00" postype="preposition" wd="de"/>
                    </prep>
                    <sn entityref="ne" ne="person">
                      <grup.nom gen="f" num="s">
                        <f lem="-" pos="fg" punct="hyphen" wd="-"/>
                        <n lem="La_Bella" ne="person" pos="np0000p" postype="proper" sense="16:cs1" wd="La_Bella"/>
                        <f lem="-" pos="fg" punct="hyphen" wd="-"/>
                      </grup.nom>
                    </sn>
                  </sp>
                </grup.nom>
              </sn>
            </sp>
          </S>
          <sn>
            <f lem="," pos="fc" punct="comma" wd=","/>
            <grup.nom>
              <n gen="c" lem="cantante" num="s" postype="common" sense="16:07577957" wd="cantante"/>
              <sp>
                <prep>
                  <s lem="de" pos="sps00" postype="preposition" wd="de"/>
                </prep>
                <sn>
                  <grup.nom gen="m" num="p">
                    <n gen="m" lem="bolero" num="p" pos="ncmp000" postype="common" sense="16:05289561" wd="boleros"/>
                  </grup.nom>
                </sn>
              </sp>
              <sp>
                <prep>
                  <s lem="en" pos="sps00" postype="preposition" wd="en"/>
                </prep>
                <sn>
                  <spec gen="m" num="s">
                    <d gen="m" lem="uno" num="s" pos="di0ms0" postype="indefinite" wd="un"/>
                  </spec>
                  <grup.nom gen="m" num="s">
                    <n gen="m" lem="club" num="s" pos="ncms000" postype="common" sense="16:02458761" wd="club"/>
                    <s.a gen="m" num="s">
                      <grup.a gen="m" num="s">
                        <a gen="m" lem="nocturno" num="s" pos="aq0ms0" postype="qualificative" wd="nocturno"/>
                      </grup.a>
                    </s.a>
                    <sp>
                      <s.a gen="m" num="s">
                        <grup.a gen="m" num="s">
                          <a gen="m" lem="cercano" num="s" pos="aq0ms0" postype="qualificative" wd="cercano"/>
                        </grup.a>
                      </s.a>
                      <sp>
                        <prep>
                          <s contracted="yes" gen="m" lem="al" num="s" pos="spcms" postype="preposition" wd="al"/>
                        </prep>
                        <sn entityref="ne" ne="location">
                          <grup.nom gen="m" num="s">
                            <n gen="m" lem="barrio" num="s" pos="ncms000" postype="common" sense="16:06293689" wd="barrio"/>
                            <s.a gen="m" num="s">
                              <grup.a gen="m" num="s">
                                <a gen="m" lem="chino" num="s" pos="aq0ms0" postype="qualificative" wd="chino"/>
                              </grup.a>
                            </s.a>
                          </grup.nom>
                        </sn>
                      </sp>
                    </sp>
                  </grup.nom>
                </sn>
              </sp>
            </grup.nom>
          </sn>
          <S clausetype="participle" impersonal="yes">
            <f lem="," pos="fc" punct="comma" wd=","/>
            <sadv arg="argM" func="cc" tem="tmp">
              <grup.adv>
                <r lem="actualmente" pos="rg" wd="actualmente"/>
              </grup.adv>
            </sadv>
            <participi>
              <a gen="f" lem="detenido" lss="B22.unaccusative-passive-transitive" num="s" pos="aq0fsp" posfunction="participle" postype="qualificative" wd="detenida"/>
            </participi>
            <sp arg="argM" func="cc" tem="cau">
              <prep>
                <s lem="por" pos="sps00" postype="preposition" wd="por"/>
              </prep>
              <sn>
                <spec gen="f" num="s">
                  <d gen="f" lem="el" num="s" pos="da0fs0" postype="article" wd="la"/>
                </spec>
                <grup.nom gen="f" num="s">
                  <s.a func="cn" gen="f" num="s">
                    <grup.a gen="f" num="s">
                      <a gen="c" lem="eficaz" num="s" pos="aq0cs0" postype="qualificative" wd="eficaz"/>
                    </grup.a>
                  </s.a>
                  <n gen="f" lem="acción" lexicalid="noun.acción.2.default" num="s" origin="deverbal" pos="ncfs000" postype="common" sense="16:00610417" wd="acción"/>
                  <sp arg="arg0" func="cn" tem="agt">
                    <prep>
                      <s lem="de" pos="sps00" postype="preposition" wd="de"/>
                    </prep>
                    <sn entityref="ne" ne="person">
                      <spec gen="m" num="p">
                        <d gen="m" lem="el" num="p" pos="da0mp0" postype="article" wd="los"/>
                      </spec>
                      <grup.nom gen="m" num="p">
                        <n gen="m" lem="inspector" num="p" pos="ncmp000" postype="common" sense="16:07249913" wd="inspectores"/>
                        <sp>
                          <prep>
                            <s lem="de" pos="sps00" postype="preposition" wd="de"/>
                          </prep>
                          <sn entityref="ne" ne="organization">
                            <grup.nom gen="f" num="s">
                              <n lem="Policía" ne="organization" pos="np0000o" postype="proper" sense="16:cs1" wd="Policía"/>
                            </grup.nom>
                          </sn>
                        </sp>
                        <sp>
                          <prep>
                            <s contracted="yes" gen="m" lem="del" num="s" pos="spcms" postype="preposition" wd="del"/>
                          </prep>
                          <sn entityref="ne" ne="organization">
                            <grup.nom gen="m" num="s">
                              <n lem="Grupo_de_Homicidios" ne="organization" pos="np0000o" postype="proper" sense="16:cs1" wd="Grupo_de_Homicidios"/>
                            </grup.nom>
                          </sn>
                        </sp>
                      </grup.nom>
                    </sn>
                  </sp>
                </grup.nom>
              </sn>
            </sp>
          </S>
        </grup.nom>
      </sn>
    </S>
    <f lem="." pos="fp" punct="period" wd="."/>
  </sentence>
  <sentence>
    <S>
      <sn arg="arg1" func="cd" tem="pat">
        <grup.nom gen="m" num="s">
          <p gen="m" lem="poco" num="s" pos="pi0ms000" postype="indefinite" wd="Poco"/>
        </grup.nom>
      </sn>
      <grup.verb>
        <v lem="saber" lss="A34.ditransitive-patient-theme" mood="indicative" num="p" person="1" pos="vmip1p0" postype="main" tense="present" wd="sabemos"/>
      </grup.verb>
      <sn arg="arg0" elliptic="yes" func="suj" tem="agt"/>
      <sp arg="arg2" func="creg" tem="tem">
        <prep>
          <s lem="de" pos="sps00" postype="preposition" wd="de"/>
        </prep>
        <sn>
          <spec gen="m" num="p">
            <d gen="m" lem="el" num="p" pos="da0mp0" postype="article" wd="los"/>
          </spec>
          <grup.nom gen="m" num="p">
            <s.a gen="m" num="p">
              <grup.a gen="m" num="p">
                <a gen="m" lem="primero" num="p" pos="ao0mp0" postype="ordinal" wd="primeros"/>
              </grup.a>
            </s.a>
            <n gen="m" lem="momento" num="p" pos="ncmp000" postype="common" sense="16:10898122" wd="momentos"/>
          </grup.nom>
        </sn>
      </sp>
    </S>
    <S adjunct="yes">
      <f lem=":" pos="fd" punct="colon" wd=":"/>
      <grup.verb>
        <v lem="parecer" lss="C42.state-experiencer" mood="indicative" num="s" person="3" pos="vmip3s0" postype="main" tense="present" wd="parece"/>
      </grup.verb>
      <S arg="arg2" clausetype="completive" func="atr" tem="atr">
        <conj conjunctiontype="subordinating">
          <c lem="que" pos="cs" postype="subordinating" wd="que"/>
        </conj>
        <sn arg="arg0" coord="yes" func="suj" tem="agt">
          <sn>
            <spec gen="f" num="s">
              <d gen="f" lem="el" num="s" pos="da0fs0" postype="article" wd="la"/>
            </spec>
            <grup.nom gen="f" num="s">
              <n gen="f" lem="mujer" num="s" pos="ncfs000" postype="common" sense="16:07684780" wd="mujer"/>
            </grup.nom>
          </sn>
          <conj conjunctiontype="coordinating">
            <c lem="y" pos="cc" postype="coordinating" wd="y"/>
          </conj>
          <sn>
            <spec gen="f" num="s">
              <d gen="f" lem="el" num="s" pos="da0fs0" postype="article" wd="la"/>
            </spec>
            <grup.nom gen="f" num="s">
              <n gen="f" lem="víctima" num="s" pos="ncfs000" postype="common" sense="16:07665319" wd="víctima"/>
            </grup.nom>
          </sn>
        </sn>
        <sn arg="arg1" func="cd" tem="pat">
          <grup.nom>
            <p gen="c" lem="él" num="c" person="3" pos="pp3cn000" postype="personal" wd="se"/>
          </grup.nom>
        </sn>
        <grup.verb>
          <v lem="conocer" lss="A21.transitive-agentive-patient" mood="indicative" num="p" person="3" pos="vmii3p0" postype="main" tense="imperfect" wd="conocían"/>
        </grup.verb>
        <S arg="argM" clausetype="adverbial" func="cc" tem="cau">
          <f lem="," pos="fc" punct="comma" wd=","/>
          <conj conjunctiontype="subordinating">
            <c lem="porque" pos="cs" postype="subordinating" wd="porque"/>
          </conj>
          <sn arg="arg1" func="suj" tem="tem">
            <spec gen="f" num="s">
              <d gen="f" lem="el" num="s" pos="da0fs0" postype="article" wd="la"/>
            </spec>
            <grup.nom gen="f" num="s">
              <n gen="f" lem="asesina" num="s" pos="ncfs000" postype="common" sense="16:07424038" wd="asesina"/>
            </grup.nom>
          </sn>
          <grup.verb>
            <v lem="entrar" lss="B22.unaccusative-passive-transitive" mood="indicative" num="s" person="3" pos="vmis3s0" postype="main" tense="past" wd="entró"/>
          </grup.verb>
          <sp arg="arg2" func="cc" tem="loc">
            <prep>
              <s lem="en" pos="sps00" postype="preposition" wd="en"/>
            </prep>
            <sn>
              <spec gen="f" num="s">
                <d gen="f" lem="el" num="s" pos="da0fs0" postype="article" wd="la"/>
              </spec>
              <grup.nom gen="f" num="s">
                <n gen="f" lem="casa" num="s" pos="ncfs000" postype="common" sense="16:02618194" wd="casa"/>
              </grup.nom>
            </sn>
          </sp>
          <sp arg="argM" func="cc" tem="adv">
            <prep>
              <s lem="sin" pos="sps00" postype="preposition" wd="sin"/>
            </prep>
            <S clausetype="completive" impersonal="yes">
              <infinitiu>
                <v lem="encontrar" lss="A21.transitive-agentive-patient" mood="infinitive" pos="vmn0000" postype="main" wd="encontrar"/>
              </infinitiu>
              <sn arg="arg1" func="cd" tem="pat">
                <grup.nom gen="f" num="s">
                  <n gen="f" lem="resistencia" lexicalid="noun.resistencia.1.default" num="s" origin="deverbal" pos="ncfs000" postype="common" sense="16:00616579" wd="resistencia"/>
                </grup.nom>
              </sn>
            </S>
          </sp>
        </S>
      </S>
    </S>
    <f lem="." pos="fp" punct="period" wd="."/>
  </sentence>
  <sentence>
    <conj conjunctiontype="coordinating" func="et">
      <c lem="pero" pos="cc" postype="coordinating" wd="Pero"/>
    </conj>
    <sn arg="arg1" func="suj" tem="tem">
      <spec gen="f" num="s">
        <d gen="f" lem="el" num="s" pos="da0fs0" postype="article" wd="la"/>
      </spec>
      <grup.nom gen="f" num="s">
        <n gen="f" lem="discusión" lexicalid="noun.discusión.3.default" num="s" origin="deverbal" pos="ncfs000" postype="common" sense="16:05368498" wd="discusión"/>
      </grup.nom>
    </sn>
    <grup.verb>
      <v lem="deber" mood="indicative" num="s" person="3" pos="vmis3s0" postype="main" tense="past" wd="debió"/>
      <infinitiu>
        <v lem="empezar" lss="C11.state-existential" mood="infinitive" pos="vmn0000" postype="main" wd="empezar"/>
      </infinitiu>
    </grup.verb>
    <sadv arg="argM" func="cc" tem="adv">
      <grup.adv>
        <r lem="en_seguida" pos="rg" wd="en_seguida"/>
      </grup.adv>
    </sadv>
    <S arg="argM" clausetype="adverbial" func="cc" tem="cau">
      <f lem="," pos="fc" punct="comma" wd=","/>
      <conj conjunctiontype="subordinating">
        <c lem="porque" pos="cs" postype="subordinating" wd="porque"/>
      </conj>
      <sn arg="arg0" elliptic="yes" func="suj" tem="agt"/>
      <grup.verb>
        <v lem="olvidar" lss="A21.transitive-agentive-patient" mood="indicative" num="p" person="3" pos="vmis3p0" postype="main" tense="past" wd="olvidaron"/>
      </grup.verb>
      <S arg="arg1" clausetype="completive" func="cd" impersonal="yes" tem="pat">
        <infinitiu>
          <v lem="cerrar" lss="A11.transitive-causative" mood="infinitive" pos="vmn0000" postype="main" wd="cerrar"/>
        </infinitiu>
        <sn arg="arg1" func="cd" tem="tem">
          <spec gen="f" num="s">
            <d gen="f" lem="el" num="s" pos="da0fs0" postype="article" wd="la"/>
          </spec>
          <grup.nom gen="f" num="s">
            <n gen="f" lem="puerta" num="s" pos="ncfs000" postype="common" sense="16:02588950" wd="puerta"/>
          </grup.nom>
        </sn>
      </S>
    </S>
    <f lem="." pos="fp" punct="period" wd="."/>
  </sentence>
</article>
