<?xml version="1.0" encoding="UTF-8" standalone="no"?>
<!-- 

  ancora-2.0
       
			Copyright (C) 2007, 2008, 2009, 2010, 2011 UB - CLiC
			Centre de Llenguatge i Computació - Universitat de Barcelona
 
  This file is part of ancora-2.0.
 
  ancora-2.0 is free software and data: you can redistribute it and/or modify
  it under the terms of the GNU General Public License as published
  by the Free Software Foundation, either version 3 of the License,
  or (at your option) any later version.

  ancora-2.0 is distributed in the hope that it will be useful,
  but WITHOUT ANY WARRANTY; without even the implied warranty of
  MERCHANTABILITY or FITNESS FOR A PARTICULAR PURPOSE.  See the
  GNU General Public License for more details.
 
  You should have received a copy of the GNU General Public License
  along with ancora-2.0.  If not, see &lt;http://www.gnu.org/licenses/&gt;.
 
  Check a text in catalan explaining the terms of the license at http://www.softcatala.cat/wiki/GPL3.
  In spanish at http://www.viti.es/gnu/licenses/gpl.html
 

  The following paper must be cited when using this corpus:

 * Taulé, M., M.A. Martí, M. Recasens (2008) 'Ancora: Multilevel Annotated Corpora for Catalan and Spanish',
   Proceedings of 6th International Conference on Language Resources and Evaluation. Marrakesh (Morocco).

  In addition, the following paper must be cited if coreference information (attributes entity, coreftype,
  corefsubtype, homophoricDD or entityref) is used:

 * Recasens, Marta, M. Antònia Martí (2010) ‘AnCora-CO: Coreferentially annotated corpora for Spanish and
   Catalan’. Language Resources and Evaluation, Springer Science.

  Additionally, the following paper must be cited when argumental attributes in "sn" or "grup.nom"
  (attributes func, arg, tem or lexicalid) are used:

 * Peris, Aina, Mariona Taulé, Horacio Rodríguez (2010) ‘Semantic Annotation of Deverbal Nominalizations in the
   Spanish AnCora corpus’. Treebanks and Linguistic Theories (TLT-2010), Estonia.
-->
<article lng="es">
  <sentence verbless="yes">
    <sadv>
      <grup.adv>
        <r lem="sólo" pos="rg" wd="Sólo"/>
      </grup.adv>
    </sadv>
    <S clausetype="completive">
      <conj conjunctiontype="subordinating">
        <c lem="que" pos="cs" postype="subordinating" wd="que"/>
      </conj>
      <sn arg="arg1" func="suj" tem="tem">
        <spec gen="m" num="s">
          <d gen="m" lem="el" num="s" pos="da0ms0" postype="article" wd="el"/>
        </spec>
        <grup.nom gen="m" num="s">
          <n gen="m" lem="calor" num="s" pos="ncms000" postype="common" sense="16:04422689" wd="calor"/>
        </grup.nom>
      </sn>
      <sp arg="argM" func="cc" tem="loc">
        <prep>
          <s lem="en" pos="sps00" postype="preposition" wd="en"/>
        </prep>
        <sn>
          <spec gen="f" num="s">
            <d gen="f" lem="el" num="s" pos="da0fs0" postype="article" wd="la"/>
          </spec>
          <grup.nom gen="f" num="s">
            <n gen="f" lem="ciudad" num="s" pos="ncfs000" postype="common" sense="16:06287351" wd="ciudad"/>
          </grup.nom>
        </sn>
      </sp>
      <grup.verb>
        <v lem="ser" lss="C21.state-attributive" mood="indicative" num="s" person="3" pos="vsii3s0" postype="semiauxiliary" tense="imperfect" wd="era"/>
      </grup.verb>
      <sa arg="arg2" func="atr" tem="atr">
        <grup.a>
          <a gen="c" lem="peor" num="s" pos="aq0cs0" postype="qualificative" wd="peor"/>
        </grup.a>
      </sa>
    </S>
    <f lem="." pos="fp" punct="period" wd="."/>
  </sentence>
  <sentence verbless="yes">
    <sa>
      <spec>
        <r lem="más" pos="rg" wd="Más"/>
      </spec>
      <grup.a>
        <a gen="m" lem="sucio" num="s" pos="aq0ms0" postype="qualificative" wd="sucio"/>
      </grup.a>
    </sa>
    <f lem="." pos="fp" punct="period" wd="."/>
  </sentence>
  <sentence verbless="yes">
    <interjeccio>
      <i lem="señor" wd="Señor"/>
    </interjeccio>
    <f lem="," pos="fc" punct="comma" wd=","/>
    <interjeccio>
      <i lem="señor" wd="señor"/>
    </interjeccio>
    <f lem="." pos="fp" punct="period" wd="."/>
  </sentence>
  <sentence coord="yes">
    <S coord="yes">
      <S>
        <sn arg="arg0" elliptic="yes" func="suj" tem="agt"/>
        <grup.verb>
          <v lem="suspirar" lss="D11.inergative-agentive" mood="indicative" num="s" person="3" pos="vmis3s0" postype="main" tense="past" wd="Suspiró"/>
        </grup.verb>
      </S>
      <conj conjunctiontype="coordinating">
        <c lem="y" pos="cc" postype="coordinating" wd="y"/>
      </conj>
      <S>
        <sn arg="arg0" elliptic="yes" func="suj" tem="agt"/>
        <morfema.pronominal>
          <p gen="c" lem="él" num="c" person="3" pos="p0300000" wd="se"/>
        </morfema.pronominal>
        <grup.verb>
          <v lem="abrir" lss="D11.inergative-agentive" mood="indicative" num="s" person="3" pos="vmis3s0" postype="main" tense="past" wd="abrió"/>
        </grup.verb>
        <sp arg="argL" func="cc">
          <sadv>
            <grup.adv>
              <r lem="un_poco" pos="rg" wd="un_poco"/>
            </grup.adv>
          </sadv>
          <sp>
            <prep>
              <s lem="de" pos="sps00" postype="preposition" wd="de"/>
            </prep>
            <sn>
              <grup.nom gen="f" num="p">
                <n gen="f" lem="pierna" num="p" pos="ncfp000" postype="common" sense="16:04307856" wd="piernas"/>
              </grup.nom>
            </sn>
          </sp>
        </sp>
        <S arg="argM" clausetype="adverbial" func="cc" tem="cau">
          <f lem="," pos="fc" punct="comma" wd=","/>
          <conj conjunctiontype="subordinating">
            <c lem="porque" pos="cs" postype="subordinating" wd="porque"/>
          </conj>
          <sp arg="argM" func="cc" tem="adv">
            <prep>
              <s lem="con" pos="sps00" postype="preposition" wd="con"/>
            </prep>
            <sn>
              <spec gen="m" num="p">
                <d gen="m" lem="el" num="p" pos="da0mp0" postype="article" wd="los"/>
              </spec>
              <grup.nom gen="m" num="p">
                <s.a gen="m" num="p">
                  <grup.a gen="m" num="p">
                    <a gen="m" lem="primero" num="p" pos="ao0mp0" postype="ordinal" wd="primeros"/>
                  </grup.a>
                </s.a>
                <n gen="m" lem="calor" num="p" pos="ncmp000" postype="common" sense="16:04422689" wd="calores"/>
              </grup.nom>
            </sn>
          </sp>
          <grup.verb>
            <v lem="llegar" lss="B11.unaccusative-motion" mood="indicative" num="p" person="3" pos="vmii3p0" postype="main" tense="imperfect" wd="llegaban"/>
          </grup.verb>
          <sadv func="mod">
            <grup.adv>
              <r lem="también" pos="rg" wd="también"/>
            </grup.adv>
          </sadv>
          <sp arg="argM" func="cc" tem="adv">
            <f lem="," pos="fc" punct="comma" wd=","/>
            <prep>
              <s lem="como" pos="sps00" postype="preposition" wd="como"/>
            </prep>
            <sadv>
              <grup.adv>
                <r lem="siempre" pos="rg" wd="siempre"/>
              </grup.adv>
            </sadv>
            <f lem="," pos="fc" punct="comma" wd=","/>
          </sp>
          <sn arg="arg1" func="suj" tem="tem">
            <spec gen="f" num="p">
              <d gen="f" lem="el" num="p" pos="da0fp0" postype="article" wd="las"/>
            </spec>
            <grup.nom gen="f" num="p">
              <n gen="f" lem="escocedura" lexicalid="noun.escocedura.1.default" num="p" origin="deverbal" pos="ncfp000" postype="common" sense="16:10284932" wd="escoceduras"/>
            </grup.nom>
          </sn>
        </S>
      </S>
    </S>
    <S coord="yes">
      <f lem=":" pos="fd" punct="colon" wd=":"/>
      <S>
        <sn arg="arg1" func="suj" tem="tem">
          <spec gen="m" num="p">
            <d gen="m" lem="el" num="p" pos="da0mp0" postype="article" wd="los"/>
          </spec>
          <grup.nom gen="m" num="p">
            <n gen="m" lem="muslo" num="p" pos="ncmp000" postype="common" sense="16:04309035" wd="muslos"/>
          </grup.nom>
        </sn>
        <sn arg="arg2" func="ci" tem="ben">
          <grup.nom num="s">
            <p case="dative" gen="c" lem="él" num="s" person="3" pos="pp3csd00" postype="personal" wd="le"/>
          </grup.nom>
        </sn>
        <grup.verb>
          <v lem="rebosar" lss="C41.state-benefactive" mood="indicative" num="p" person="3" pos="vmii3p0" postype="main" tense="imperfect" wd="rebosaban"/>
        </grup.verb>
        <sp arg="argM" func="cc" tem="loc">
          <prep>
            <s lem="por" pos="sps00" postype="preposition" wd="por"/>
          </prep>
          <sadv>
            <grup.adv>
              <r lem="encima" pos="rg" wd="encima"/>
              <sp>
                <prep>
                  <s contracted="yes" gen="m" lem="del" num="s" pos="spcms" postype="preposition" wd="del"/>
                </prep>
                <sn>
                  <grup.nom gen="m" num="s">
                    <n gen="m" lem="encierro" lexicalid="noun.encierro.1.default" num="s" origin="deverbal" pos="ncms000" postype="common" sense="16:00530172" wd="encierro"/>
                    <sp arg="arg1" func="cn" tem="tem">
                      <prep>
                        <s lem="de" pos="sps00" postype="preposition" wd="de"/>
                      </prep>
                      <sn>
                        <spec gen="f" num="p">
                          <d gen="f" lem="el" num="p" pos="da0fp0" postype="article" wd="las"/>
                        </spec>
                        <grup.nom gen="f" num="p">
                          <n gen="f" lem="media" num="p" pos="ncfp000" postype="common" sense="16:cs1" wd="medias"/>
                        </grup.nom>
                      </sn>
                    </sp>
                  </grup.nom>
                </sn>
              </sp>
            </grup.adv>
          </sadv>
        </sp>
      </S>
      <conj conjunctiontype="coordinating">
        <c lem="y" pos="cc" postype="coordinating" wd="y"/>
      </conj>
      <S>
        <sn arg="arg0" elliptic="yes" func="suj" tem="agt"/>
        <grup.verb>
          <v lem="formar" lss="A21.transitive-agentive-patient" mood="indicative" num="p" person="3" pos="vmii3p0" postype="main" tense="imperfect" wd="formaban"/>
        </grup.verb>
        <sn arg="arg1" func="cd" tem="pat">
          <spec gen="f" num="p">
            <d gen="c" lem="dos" num="p" pos="dn0cp0" postype="numeral" wd="dos"/>
          </spec>
          <grup.nom gen="f" num="p">
            <n gen="f" lem="lorza" num="p" pos="ncfp000" postype="common" sense="16:03549036" wd="lorzas"/>
            <s.a gen="f" num="p">
              <grup.a gen="f" num="p">
                <a gen="f" lem="blanco" num="p" pos="aq0fp0" postype="qualificative" wd="blancas"/>
              </grup.a>
            </s.a>
            <S clausetype="relative">
              <relatiu arg="arg0" func="suj" tem="agt">
                <p gen="c" lem="que" num="c" pos="pr0cn000" postype="relative" wd="que"/>
              </relatiu>
              <morfema.pronominal>
                <p gen="c" lem="él" num="c" person="3" pos="p0300000" wd="se"/>
              </morfema.pronominal>
              <grup.verb>
                <v lem="empeñar" lss="A22.transitive-agentive-theme" mood="indicative" num="p" person="3" pos="vmii3p0" postype="main" tense="imperfect" wd="empeñaban"/>
              </grup.verb>
              <sp arg="arg1" func="creg" tem="tem">
                <prep>
                  <s lem="en" pos="sps00" postype="preposition" wd="en"/>
                </prep>
                <S clausetype="completive" coord="yes" impersonal="yes">
                  <S clausetype="completive" coord="yes" impersonal="yes">
                    <S clausetype="completive" impersonal="yes">
                      <infinitiu>
                        <v lem="entrechocar" lss="D11.inergative-agentive" mood="infinitive" pos="vmn0000" postype="main" wd="entrechocar"/>
                      </infinitiu>
                    </S>
                    <conj conjunctiontype="coordinating">
                      <c lem="y" pos="cc" postype="coordinating" wd="y"/>
                    </conj>
                    <S clausetype="completive" impersonal="yes">
                      <infinitiu>
                        <v lem="estorbar" lss="A21.transitive-agentive-patient" mood="infinitive" pos="vmn0000" postype="main" wd="estorbarse"/>
                      </infinitiu>
                    </S>
                  </S>
                  <sadv arg="argM" func="cc" tem="mnr">
                    <grup.adv>
                      <r lem="mutuamente" pos="rg" wd="mutuamente"/>
                    </grup.adv>
                  </sadv>
                </S>
              </sp>
            </S>
          </grup.nom>
        </sn>
      </S>
    </S>
    <f lem="." pos="fp" punct="period" wd="."/>
  </sentence>
  <sentence>
    <f lem="-" pos="fg" punct="hyphen" wd="-"/>
    <f lem="-" pos="fg" punct="hyphen" wd="-"/>
    <sn arg="arg1" func="suj" tem="tem">
      <grup.nom gen="m" num="s">
        <p gen="c" lem="este" num="s" pos="pd0ns000" postype="demonstrative" wd="Esto"/>
      </grup.nom>
    </sn>
    <sn arg="arg2" func="ci" tem="ben">
      <grup.nom num="s">
        <p gen="c" lem="yo" num="s" person="1" pos="pp1cs000" postype="personal" wd="me"/>
      </grup.nom>
    </sn>
    <grup.verb>
      <v lem="pasar" lss="C41.state-benefactive" mood="indicative" num="s" person="3" pos="vmip3s0" postype="main" tense="present" wd="pasa"/>
    </grup.verb>
    <sp arg="argM" func="cc" tem="cau">
      <prep>
        <s lem="por" pos="sps00" postype="preposition" wd="por"/>
      </prep>
      <S clausetype="completive" impersonal="yes">
        <infinitiu>
          <v lem="estar" lss="C21.state-attributive" mood="infinitive" pos="vmn0000" postype="main" wd="estar"/>
        </infinitiu>
        <sa arg="arg2" func="atr" tem="atr">
          <spec>
            <r lem="tanto" pos="rg" wd="tan"/>
          </spec>
          <grup.a>
            <a gen="f" lem="gordo" num="s" pos="aq0fs0" postype="qualificative" wd="gorda"/>
          </grup.a>
        </sa>
      </S>
    </sp>
    <f lem="." pos="fp" punct="period" wd="."/>
  </sentence>
  <sentence>
    <sn arg="arg0" entityref="ne" func="suj" ne="person" tem="agt">
      <grup.nom gen="f" num="s">
        <n lem="Antonia" ne="person" pos="np0000p" postype="proper" sense="16:cs1" wd="Antonia"/>
      </grup.nom>
    </sn>
    <grup.verb>
      <v lem="acabar" mood="indicative" num="s" person="3" pos="vmii3s0" postype="main" tense="imperfect" wd="acababa"/>
      <s lem="de" pos="sps00" postype="preposition" wd="de"/>
      <infinitiu>
        <v lem="fregar" lss="A21.transitive-agentive-patient" mood="infinitive" pos="vmn0000" postype="main" wd="fregar"/>
      </infinitiu>
    </grup.verb>
    <sn arg="arg1" func="cd" tem="pat">
      <spec gen="m" num="p">
        <d gen="m" lem="el" num="p" pos="da0mp0" postype="article" wd="los"/>
      </spec>
      <grup.nom gen="m" num="p">
        <n gen="m" lem="plato" num="p" pos="ncmp000" postype="common" sense="16:03139880" wd="platos"/>
        <sp>
          <prep>
            <s lem="de" pos="sps00" postype="preposition" wd="de"/>
          </prep>
          <sn>
            <spec gen="f" num="s">
              <d gen="f" lem="el" num="s" pos="da0fs0" postype="article" wd="la"/>
            </spec>
            <grup.nom gen="f" num="s">
              <n gen="f" lem="comida" num="s" pos="ncfs000" postype="common" sense="16:05628658" wd="comida"/>
            </grup.nom>
          </sn>
        </sp>
      </grup.nom>
    </sn>
    <f lem="." pos="fp" punct="period" wd="."/>
  </sentence>
  <sentence>
    <S>
      <sn arg="arg1" entityref="ne" func="suj" ne="person" tem="tem">
        <grup.nom gen="m" num="s">
          <n lem="Antonio" ne="person" pos="np0000p" postype="proper" sense="16:cs1" wd="Antonio"/>
        </grup.nom>
      </sn>
      <neg func="mod">
        <r lem="no" pos="rn" postype="negative" wd="no"/>
      </neg>
      <grup.verb>
        <v lem="haber" mood="indicative" num="s" person="3" pos="vaii3s0" postype="auxiliary" tense="imperfect" wd="había"/>
        <v gen="m" lem="venir" lss="B11.unaccusative-motion" mood="participle" num="s" pos="vmp00sm" postype="main" wd="venido"/>
      </grup.verb>
    </S>
    <conj conjunctiontype="coordinating">
      <c lem="y" pos="cc" postype="coordinating" wd="y"/>
    </conj>
    <S>
      <sn arg="arg0" func="suj" tem="cau">
        <grup.nom gen="f" num="s">
          <p gen="f" lem="él" num="s" person="3" pos="pp3fs000" postype="personal" wd="ella"/>
          <s.a gen="f" num="s">
            <grup.a gen="f" num="s">
              <a gen="f" lem="solo" num="s" pos="aq0fs0" postype="qualificative" wd="sola"/>
            </grup.a>
          </s.a>
        </grup.nom>
      </sn>
      <grup.verb>
        <v lem="ensuciar" lss="A11.transitive-causative" mood="indicative" num="s" person="3" pos="vmii3s0" postype="main" tense="imperfect" wd="ensuciaba"/>
      </grup.verb>
      <sadv arg="argM" func="cc" tem="tmp">
        <spec>
          <r lem="siempre" pos="rg" wd="siempre"/>
        </spec>
        <grup.adv>
          <r lem="poco" pos="rg" wd="poco"/>
        </grup.adv>
      </sadv>
      <S clausesubtype="consecutive" clausetype="adverbial" func="ao">
        <f lem="," pos="fc" punct="comma" wd=","/>
        <conj conjunctiontype="subordinating">
          <c lem="así_es_que" pos="cs" postype="subordinating" wd="así_es_que"/>
        </conj>
        <sn arg="arg0" elliptic="yes" func="suj" tem="agt"/>
        <grup.verb>
          <v lem="acabar" lss="A21.transitive-agentive-patient" mood="indicative" num="s" person="3" pos="vmis3s0" postype="main" tense="past" wd="acabó"/>
        </grup.verb>
        <sp arg="argM" func="cc" tem="tmp">
          <prep>
            <s lem="en" pos="sps00" postype="preposition" wd="en"/>
          </prep>
          <sn>
            <spec gen="m" num="s">
              <d gen="m" lem="uno" num="s" pos="di0ms0" postype="indefinite" wd="un"/>
            </spec>
            <grup.nom gen="m" num="s">
              <n gen="m" lem="santiamén" num="s" pos="ncms000" postype="common" sense="16:10953874" wd="santiamén"/>
            </grup.nom>
          </sn>
        </sp>
      </S>
    </S>
    <f lem="." pos="fp" punct="period" wd="."/>
  </sentence>
  <sentence coord="yes">
    <S coord="yes">
      <S>
        <sadv arg="argM" func="cc" tem="tmp">
          <grup.adv>
            <r lem="después" pos="rg" wd="Después"/>
          </grup.adv>
        </sadv>
        <sp arg="argM" func="cc" tem="fin">
          <f lem="," pos="fc" punct="comma" wd=","/>
          <prep>
            <s lem="por" pos="sps00" postype="preposition" wd="por"/>
          </prep>
          <S clausetype="completive" impersonal="yes">
            <infinitiu>
              <v lem="hacer" lss="A21.transitive-agentive-patient" mood="infinitive" pos="vmn0000" postype="main" wd="hacer"/>
            </infinitiu>
            <sn arg="arg1" func="cd" tem="pat">
              <grup.nom gen="m" num="s">
                <p gen="c" lem="algo" num="s" pos="pi0cs000" postype="indefinite" wd="algo"/>
              </grup.nom>
            </sn>
          </S>
          <f lem="," pos="fc" punct="comma" wd=","/>
        </sp>
        <sn arg="arg0" elliptic="yes" func="suj" tem="agt"/>
        <grup.verb>
          <v lem="sacar" lss="A31.ditransitive-patient-locative" mood="indicative" num="s" person="3" pos="vmis3s0" postype="main" tense="past" wd="sacó"/>
        </grup.verb>
        <sn arg="arg1" func="cd" tem="pat">
          <spec gen="f" num="p">
            <d gen="f" lem="todo" num="p" pos="di0fp0" postype="indefinite" wd="todas"/>
            <d gen="f" lem="el" num="p" pos="da0fp0" postype="article" wd="las"/>
          </spec>
          <grup.nom gen="f" num="p">
            <n gen="f" lem="sartén" num="p" pos="ncfp000" postype="common" sense="16:02725976" wd="sartenes"/>
          </grup.nom>
        </sn>
        <sp arg="arg3" func="cc" tem="ori">
          <prep>
            <s contracted="yes" gen="m" lem="del" num="s" pos="spcms" postype="preposition" wd="del"/>
          </prep>
          <sn>
            <grup.nom gen="m" num="s">
              <n gen="m" lem="armario" num="s" pos="ncms000" postype="common" sense="16:02363665" wd="armario"/>
            </grup.nom>
          </sn>
        </sp>
      </S>
      <conj conjunctiontype="coordinating">
        <c lem="y" pos="cc" postype="coordinating" wd="y"/>
      </conj>
      <S>
        <sp arg="argM" func="cc" tem="tmp">
          <prep>
            <s lem="durante" pos="sps00" postype="preposition" wd="durante"/>
          </prep>
          <sn>
            <spec gen="m" num="p">
              <d gen="m" lem="uno" num="p" pos="di0mp0" postype="indefinite" wd="unos"/>
            </spec>
            <grup.nom gen="m" num="p">
              <n gen="m" lem="minuto" num="p" pos="ncmp000" postype="common" sense="16:10943650" wd="minutos"/>
            </grup.nom>
          </sn>
        </sp>
        <sn arg="arg0" elliptic="yes" func="suj" tem="agt"/>
        <morfema.pronominal>
          <p gen="c" lem="él" num="c" person="3" pos="p0300000" wd="se"/>
        </morfema.pronominal>
        <grup.verb>
          <v lem="entretener" lss="A22.transitive-agentive-theme" mood="indicative" num="s" person="3" pos="vmis3s0" postype="main" tense="past" wd="entretuvo"/>
        </grup.verb>
        <sp arg="arg1" func="cc" tem="tem">
          <prep>
            <s lem="en" pos="sps00" postype="preposition" wd="en"/>
          </prep>
          <S clausetype="completive" impersonal="yes">
            <infinitiu>
              <v lem="frotar" lss="A21.transitive-agentive-patient" mood="infinitive" pos="vmn0000" postype="main" wd="frotarlas"/>
            </infinitiu>
            <sp>
              <prep>
                <s lem="con" pos="sps00" postype="preposition" wd="con"/>
              </prep>
              <sn complex="yes">
                <grup.nom coord="yes">
                  <grup.nom gen="m" num="s">
                    <n gen="m" lem="estropajo" num="s" pos="ncms000" postype="common" sense="16:02577770" wd="estropajo"/>
                  </grup.nom>
                  <conj conjunctiontype="coordinating">
                    <c lem="y" pos="cc" postype="coordinating" wd="y"/>
                  </conj>
                  <grup.nom gen="m" num="s">
                    <S clausetype="participle" impersonal="yes">
                      <participi>
                        <a gen="m" lem="denodado" num="s" pos="aq0msp" posfunction="participle" postype="qualificative" wd="denodado"/>
                      </participi>
                    </S>
                    <n gen="m" lem="celo" num="s" pos="ncms000" postype="common" sense="16:05616909" wd="celo"/>
                  </grup.nom>
                </grup.nom>
              </sn>
            </sp>
          </S>
        </sp>
      </S>
    </S>
    <f lem=";" pos="fx" punct="semicolon" wd=";"/>
    <S coord="yes">
      <S coord="yes">
        <S>
          <sn arg="arg0" entityref="ne" func="suj" ne="person" tem="agt">
            <grup.nom gen="m" num="s">
              <n lem="Antonio" ne="person" pos="np0000p" postype="proper" sense="16:cs1" wd="Antonio"/>
            </grup.nom>
          </sn>
          <neg func="mod">
            <r lem="no" pos="rn" postype="negative" wd="no"/>
          </neg>
          <sn arg="arg2" func="ci" tem="ben">
            <grup.nom num="s">
              <p case="dative" gen="c" lem="él" num="s" person="3" pos="pp3csd00" postype="personal" wd="le"/>
            </grup.nom>
          </sn>
          <grup.verb>
            <v lem="permitir" lss="A21.transitive-agentive-patient" mood="indicative" num="s" person="3" pos="vmii3s0" postype="main" tense="imperfect" wd="permitía"/>
          </grup.verb>
          <S arg="arg1" clausetype="completive" func="cd" impersonal="yes" tem="pat">
            <infinitiu>
              <v lem="hacer" lss="A21.transitive-agentive-patient" mood="infinitive" pos="vmn0000" postype="main" wd="hacerlo"/>
            </infinitiu>
          </S>
        </S>
        <f lem="," pos="fc" punct="comma" wd=","/>
        <S>
          <sn arg="arg0" elliptic="yes" func="suj" tem="agt"/>
          <grup.verb>
            <v lem="decir" lss="A32.ditransitive-patient-benefactive" mood="indicative" num="s" person="3" pos="vmii3s0" postype="main" tense="imperfect" wd="decía"/>
          </grup.verb>
          <S arg="arg1" clausetype="completive" func="cd" tem="pat">
            <conj conjunctiontype="subordinating">
              <c lem="que" pos="cs" postype="subordinating" wd="que"/>
            </conj>
            <sn arg="arg1" func="suj" tem="tem">
              <spec gen="f" num="p">
                <d gen="f" lem="el" num="p" pos="da0fp0" postype="article" wd="las"/>
              </spec>
              <grup.nom gen="f" num="p">
                <n gen="f" lem="sartén" num="p" pos="ncfp000" postype="common" sense="16:02725976" wd="sartenes"/>
              </grup.nom>
            </sn>
            <neg func="mod">
              <r lem="no" pos="rn" postype="negative" wd="no"/>
            </neg>
            <morfema.pronominal>
              <p gen="c" lem="se" num="c" person="3" pos="p0300000" wd="se"/>
            </morfema.pronominal>
            <grup.verb>
              <v lem="lavar" lss="B21.unaccusative-state" mood="indicative" num="p" person="3" pos="vmip3p0" postype="main" tense="present" wd="lavan"/>
            </grup.verb>
          </S>
          <f lem="," pos="fc" punct="comma" wd=","/>
        </S>
        <conj conjunctiontype="coordinating">
          <c lem="sino_que" pos="cc" postype="coordinating" wd="sino_que"/>
        </conj>
        <S>
          <sn arg="arg0" elliptic="yes" func="suj" tem="agt"/>
          <morfema.pronominal>
            <p gen="c" lem="se" num="c" person="3" pos="p0300000" wd="se"/>
          </morfema.pronominal>
          <grup.verb>
            <v lem="restregar" lss="A21.transitive-agentive-patient" mood="indicative" num="p" person="3" pos="vmip3p0" postype="main" tense="present" wd="restriegan"/>
          </grup.verb>
          <sp arg="argM" func="cc" tem="adv">
            <prep>
              <s lem="con" pos="sps00" postype="preposition" wd="con"/>
            </prep>
            <sn>
              <grup.nom gen="m" num="s">
                <n gen="m" lem="papel" num="s" pos="ncms000" postype="common" sense="16:04731024" wd="papel"/>
                <sp>
                  <prep>
                    <s lem="de" pos="sps00" postype="preposition" wd="de"/>
                  </prep>
                  <sn>
                    <grup.nom gen="m" num="s">
                      <n gen="m" lem="periódico" num="s" pos="ncms000" postype="common" sense="16:04738466" wd="periódico"/>
                    </grup.nom>
                  </sn>
                </sp>
              </grup.nom>
            </sn>
          </sp>
          <sp arg="argM" func="cc" tem="fin">
            <prep>
              <s lem="para" pos="sps00" postype="preposition" wd="para"/>
            </prep>
            <S clausetype="completive">
              <conj conjunctiontype="subordinating">
                <c lem="que" pos="cs" postype="subordinating" wd="que"/>
              </conj>
              <sn arg="arg1" elliptic="yes" func="suj" tem="tem"/>
              <grup.verb>
                <v lem="quedar" lss="C21.state-attributive" mood="subjunctive" num="p" person="3" pos="vmsp3p0" postype="main" tense="present" wd="queden"/>
              </grup.verb>
              <S arg="argM" clausetype="participle" func="cpred" impersonal="yes" predicate="suj" tem="atr">
                <participi>
                  <a gen="f" lem="engrasado" num="p" pos="aq0fpp" posfunction="participle" postype="qualificative" wd="engrasadas"/>
                </participi>
              </S>
            </S>
          </sp>
        </S>
      </S>
      <inc>
        <S>
          <f lem="," pos="fc" punct="comma" wd=","/>
          <f lem="-" pos="fg" punct="hyphen" wd="-"/>
          <sn arg="arg0" elliptic="yes" func="suj" tem="agt"/>
          <neg func="mod">
            <r lem="no" pos="rn" postype="negative" wd="no"/>
          </neg>
          <grup.verb>
            <v lem="ver" lss="A21.transitive-agentive-patient" mood="indicative" num="s" person="2" pos="vmip2s0" postype="main" tense="present" wd="ves"/>
          </grup.verb>
          <sa func="voc">
            <f lem="," pos="fc" punct="comma" wd=","/>
            <grup.a>
              <a gen="f" lem="tonto" num="s" pos="aq0fs0" postype="qualificative" wd="tonta"/>
            </grup.a>
            <f lem="," pos="fc" punct="comma" wd=","/>
          </sa>
          <S arg="arg1" clausetype="completive" func="cd" tem="pat">
            <conj conjunctiontype="subordinating">
              <c lem="que" pos="cs" postype="subordinating" wd="que"/>
            </conj>
            <S clausesubtype="conditional" clausetype="adverbial" func="ao">
              <conj conjunctiontype="subordinating">
                <c lem="si" pos="cs" postype="subordinating" wd="si"/>
              </conj>
              <sn arg="arg0" elliptic="yes" func="suj" tem="agt"/>
              <sn arg="arg1" func="cd" tem="pat">
                <grup.nom num="p">
                  <p case="dative" gen="c" lem="él" num="p" person="3" pos="pp3cpd00" postype="personal" wd="les"/>
                </grup.nom>
              </sn>
              <grup.verb>
                <v lem="dar" lss="A21.transitive-agentive-patient" mood="indicative" num="s" person="2" pos="vmip2s0" postype="main" tense="present" wd="das"/>
              </grup.verb>
              <sp arg="arg2" func="cc" tem="ins">
                <prep>
                  <s lem="con" pos="sps00" postype="preposition" wd="con"/>
                </prep>
                <sn>
                  <spec gen="m" num="s">
                    <d gen="m" lem="el" num="s" pos="da0ms0" postype="article" wd="el"/>
                  </spec>
                  <grup.nom gen="m" num="s">
                    <n gen="m" lem="estropajo" num="s" pos="ncms000" postype="common" sense="16:02577770" wd="estropajo"/>
                  </grup.nom>
                </sn>
              </sp>
            </S>
            <sadv arg="argM" func="cc" tem="tmp">
              <grup.adv>
                <r lem="luego" pos="rg" wd="luego"/>
              </grup.adv>
            </sadv>
            <morfema.pronominal>
              <p gen="c" lem="él" num="c" person="3" pos="p0300000" wd="se"/>
            </morfema.pronominal>
            <sn arg="arg2" func="ci" tem="ben">
              <grup.nom num="s">
                <p gen="c" lem="tú" num="s" person="2" pos="pp2cs000" postype="personal" wd="te"/>
              </grup.nom>
            </sn>
            <grup.verb>
              <v lem="pegar" lss="C41.state-benefactive" mood="indicative" num="s" person="3" pos="vmip3s0" postype="main" tense="present" wd="pega"/>
            </grup.verb>
            <sn arg="arg1" func="suj" tem="tem">
              <grup.nom gen="m" num="s">
                <p gen="m" lem="todo" num="s" pos="pi0ms000" postype="indefinite" wd="todo"/>
              </grup.nom>
            </sn>
          </S>
        </S>
      </inc>
    </S>
    <f lem="?" pos="fit" punct="questionmark" punctenclose="close" wd="?"/>
  </sentence>
  <sentence>
    <sn arg="arg0" func="suj" tem="agt">
      <grup.nom gen="f" num="s">
        <p gen="f" lem="él" num="s" person="3" pos="pp3fs000" postype="personal" wd="Ella"/>
      </grup.nom>
    </sn>
    <sn arg="arg1" func="cd" tem="pat">
      <grup.nom num="s">
        <p case="accusative" gen="c" lem="él" num="s" person="3" pos="pp3csa00" postype="personal" wd="le"/>
      </grup.nom>
    </sn>
    <grup.verb>
      <v lem="obedecer" lss="A21.transitive-agentive-patient" mood="indicative" num="s" person="3" pos="vmii3s0" postype="main" tense="imperfect" wd="obedecía"/>
    </grup.verb>
    <S clausesubtype="concessive" clausetype="adverbial" func="ao">
      <f lem="," pos="fc" punct="comma" wd=","/>
      <conj conjunctiontype="subordinating">
        <c lem="aunque" pos="cs" postype="subordinating" wd="aunque"/>
      </conj>
      <sn arg="arg0" elliptic="yes" func="suj" tem="agt"/>
      <neg func="mod">
        <r lem="no" pos="rn" postype="negative" wd="no"/>
      </neg>
      <grup.verb>
        <v lem="saber" lss="A22.transitive-agentive-theme" mood="indicative" num="s" person="3" pos="vmii3s0" postype="main" tense="imperfect" wd="sabía"/>
      </grup.verb>
      <S arg="arg1" clausetype="completive" func="cd" tem="pat">
        <sp arg="arg3" func="cc" tem="ori">
          <prep>
            <s lem="de" pos="sps00" postype="preposition" wd="de"/>
          </prep>
          <sadv>
            <grup.adv>
              <p lem="dónde" pos="pt000000" postype="interrogative" wd="dónde"/>
            </grup.adv>
          </sadv>
        </sp>
        <grup.verb>
          <v lem="haber" mood="indicative" num="s" person="3" pos="vaii3s0" postype="auxiliary" tense="imperfect" wd="había"/>
          <v gen="m" lem="sacar" lss="A31.ditransitive-patient-locative" mood="participle" num="s" pos="vmp00sm" postype="main" wd="sacado"/>
        </grup.verb>
        <sn arg="arg0" func="suj" tem="agt">
          <spec gen="m" num="s">
            <d gen="c" lem="su" num="s" person="3" pos="dp3cs0" postype="possessive" wd="su"/>
          </spec>
          <grup.nom gen="m" num="s">
            <n gen="m" lem="hermano" num="s" pos="ncms000" postype="common" sense="16:07127521" wd="hermano"/>
          </grup.nom>
        </sn>
        <sn arg="arg1" func="cd" tem="pat">
          <grup.nom gen="m" num="s">
            <p gen="c" lem="ese" num="s" pos="pd0ns000" postype="demonstrative" wd="eso"/>
            <sp>
              <prep>
                <s lem="de" pos="sps00" postype="preposition" wd="de"/>
              </prep>
              <S clausetype="completive">
                <conj conjunctiontype="subordinating">
                  <c lem="que" pos="cs" postype="subordinating" wd="que"/>
                </conj>
                <sn arg="arg0" elliptic="yes" func="suj" tem="agt"/>
                <sadv arg="argM" func="cc" tem="mnr">
                  <grup.adv>
                    <r lem="así" pos="rg" wd="así"/>
                  </grup.adv>
                </sadv>
                <neg func="mod">
                  <r lem="no" pos="rn" postype="negative" wd="no"/>
                </neg>
                <sn arg="arg1" func="cd" tem="pat">
                  <grup.nom>
                    <p gen="c" lem="él" num="c" person="3" pos="pp3cn000" postype="personal" wd="se"/>
                  </grup.nom>
                </sn>
                <grup.verb>
                  <v lem="pegar" lss="A21.transitive-agentive-patient" mood="indicative" num="p" person="3" pos="vmii3p0" postype="main" tense="imperfect" wd="pegaban"/>
                </grup.verb>
              </S>
            </sp>
          </grup.nom>
        </sn>
      </S>
      <S arg="argM" clausetype="adverbial" func="cc" tem="cau">
        <f lem="," pos="fc" punct="comma" wd=","/>
        <conj conjunctiontype="subordinating">
          <c lem="porque" pos="cs" postype="subordinating" wd="porque"/>
        </conj>
        <sn arg="arg0" elliptic="yes" func="suj" tem="agt"/>
        <sadv arg="argM" func="cc" tem="tmp">
          <grup.adv>
            <r lem="jamás" pos="rg" wd="jamás"/>
          </grup.adv>
        </sadv>
        <sn arg="arg1" func="cd" tem="pat">
          <grup.nom num="s">
            <p case="accusative" gen="c" lem="él" num="s" person="3" pos="pp3csa00" postype="personal" wd="le"/>
          </grup.nom>
        </sn>
        <grup.verb>
          <v lem="haber" mood="indicative" num="s" person="3" pos="vaii3s0" postype="auxiliary" tense="imperfect" wd="había"/>
          <v gen="m" lem="ver" lss="A21.transitive-agentive-patient" mood="participle" num="s" pos="vmp00sm" postype="main" wd="visto"/>
        </grup.verb>
        <S arg="argM" clausetype="adverbial" func="cc" impersonal="yes" tem="adv">
          <gerundi>
            <v lem="freír" lss="A11.transitive-causative" mood="gerund" pos="vmg0000" postype="main" wd="friendo"/>
          </gerundi>
          <sn arg="arg1" func="cd" tem="tem">
            <grup.nom gen="m" num="s">
              <p gen="c" lem="nada" num="s" pos="pi0cs000" postype="indefinite" wd="nada"/>
            </grup.nom>
          </sn>
        </S>
      </S>
    </S>
    <f lem="." pos="fp" punct="period" wd="."/>
  </sentence>
  <sentence coord="yes">
    <conj conjunctiontype="coordinating" func="et">
      <c lem="pero" pos="cc" postype="coordinating" wd="Pero"/>
    </conj>
    <S>
      <S arg="argM" clausetype="adverbial" func="cc" tem="adv">
        <conj conjunctiontype="subordinating">
          <c lem="como" pos="cs" postype="subordinating" wd="como"/>
        </conj>
        <sp arg="arg2" func="ci" tem="ben">
          <prep>
            <s lem="a" pos="sps00" postype="preposition" wd="a"/>
          </prep>
          <sn entityref="ne" ne="person">
            <grup.nom gen="f" num="s">
              <n lem="Antonia" ne="person" pos="np0000p" postype="proper" sense="16:cs1" wd="Antonia"/>
            </grup.nom>
          </sn>
        </sp>
        <sn arg="arg2" func="ci" tem="ben">
          <grup.nom num="s">
            <p case="dative" gen="c" lem="él" num="s" person="3" pos="pp3csd00" postype="personal" wd="le"/>
          </grup.nom>
        </sn>
        <grup.verb>
          <v lem="repugnar" lss="C41.state-benefactive" mood="indicative" num="s" person="3" pos="vmii3s0" postype="main" tense="imperfect" wd="repugnaba"/>
        </grup.verb>
        <sadv arg="argM" func="cc" tem="adv">
          <grup.adv>
            <r lem="un_poco" pos="rg" wd="un_poco"/>
          </grup.adv>
        </sadv>
        <S arg="arg1" clausetype="completive" func="suj" impersonal="yes" tem="tem">
          <infinitiu>
            <v lem="dejar" lss="A21.transitive-agentive-patient" mood="infinitive" pos="vmn0000" postype="main" wd="dejar"/>
          </infinitiu>
          <sn arg="arg1" func="cd" tem="pat">
            <spec gen="f" num="p">
              <d gen="f" lem="el" num="p" pos="da0fp0" postype="article" wd="las"/>
            </spec>
            <grup.nom gen="f" num="p">
              <n gen="f" lem="sartén" num="p" pos="ncfp000" postype="common" sense="16:02725976" wd="sartenes"/>
              <s.a gen="f" num="p">
                <grup.a gen="f" num="p">
                  <a gen="f" lem="aceitoso" num="p" pos="aq0fp0" postype="qualificative" wd="aceitosas"/>
                </grup.a>
              </s.a>
            </grup.nom>
          </sn>
        </S>
        <f lem="," pos="fc" punct="comma" wd=","/>
      </S>
      <sadv arg="argM" func="cc" tem="tmp">
        <grup.adv>
          <r lem="de_vez_en_cuando" pos="rg" wd="de_vez_en_cuando"/>
        </grup.adv>
      </sadv>
      <sn arg="arg0" elliptic="yes" func="suj" tem="agt"/>
      <morfema.pronominal>
        <p gen="c" lem="él" num="c" person="3" pos="p0300000" wd="se"/>
      </morfema.pronominal>
      <grup.verb>
        <v lem="permitir" lss="A21.transitive-agentive-patient" mood="indicative" num="s" person="3" pos="vmii3s0" postype="main" tense="imperfect" wd="permitía"/>
      </grup.verb>
      <sn arg="arg1" func="cd" tem="pat">
        <spec gen="f" num="s">
          <d gen="f" lem="uno" num="s" pos="di0fs0" postype="indefinite" wd="una"/>
        </spec>
        <grup.nom gen="f" num="s">
          <n gen="f" lem="brizna" num="s" pos="ncfs000" postype="common" sense="16:06687090" wd="brizna"/>
          <sp>
            <prep>
              <s lem="de" pos="sps00" postype="preposition" wd="de"/>
            </prep>
            <sn>
              <grup.nom gen="f" num="s">
                <n gen="f" lem="rebeldía" num="s" pos="ncfs000" postype="common" sense="16:00763753" wd="rebeldía"/>
                <s.a gen="f" num="s">
                  <grup.a gen="f" num="s">
                    <a gen="c" lem="fraternal" num="s" pos="aq0cs0" postype="qualificative" wd="fraternal"/>
                  </grup.a>
                </s.a>
              </grup.nom>
            </sn>
          </sp>
        </grup.nom>
      </sn>
    </S>
    <conj conjunctiontype="coordinating">
      <c lem="y" pos="cc" postype="coordinating" wd="y"/>
    </conj>
    <S coord="yes">
      <S coord="yes">
        <S>
          <sn arg="arg0" elliptic="yes" func="suj" tem="agt"/>
          <sn arg="arg1" func="cd" tem="pat">
            <grup.nom gen="f" num="p">
              <p case="accusative" gen="f" lem="él" num="p" person="3" pos="pp3fpa00" postype="personal" wd="las"/>
            </grup.nom>
          </sn>
          <grup.verb>
            <v lem="frotar" lss="A21.transitive-agentive-patient" mood="indicative" num="s" person="3" pos="vmii3s0" postype="main" tense="imperfect" wd="frotaba"/>
          </grup.verb>
        </S>
        <conj conjunctiontype="coordinating">
          <c lem="y" pos="cc" postype="coordinating" wd="y"/>
        </conj>
        <S>
          <sn arg="arg0" elliptic="yes" func="suj" tem="agt"/>
          <grup.verb>
            <v lem="refrotar" lss="A21.transitive-agentive-patient" mood="indicative" num="s" person="3" pos="vmii3s0" postype="main" tense="imperfect" wd="refrotaba"/>
          </grup.verb>
        </S>
      </S>
      <sadv arg="argM" func="cc" tem="mnr">
        <grup.adv>
          <r lem="bien" pos="rg" wd="bien"/>
        </grup.adv>
      </sadv>
      <sp arg="argM" func="cc" tem="adv">
        <prep>
          <s lem="con" pos="sps00" postype="preposition" wd="con"/>
        </prep>
        <sn>
          <grup.nom gen="m" num="s">
            <n gen="m" lem="detergente" num="s" pos="ncms000" postype="common" sense="16:02559468" wd="detergente"/>
          </grup.nom>
        </sn>
      </sp>
      <sp arg="argM" func="cc" tem="fin">
        <prep>
          <s lem="hasta" pos="sps00" postype="preposition" wd="hasta"/>
        </prep>
        <S clausetype="completive" impersonal="yes">
          <infinitiu>
            <v lem="hacer" mood="infinitive" pos="vmn0000" postype="main" wd="hacer"/>
            <infinitiu>
              <v lem="saltar" lss="A11.transitive-causative" mood="infinitive" pos="vmn0000" postype="main" wd="saltar"/>
            </infinitiu>
          </infinitiu>
          <sn arg="arg1" func="cd" tem="tem">
            <spec gen="f" num="p">
              <d gen="f" lem="el" num="p" pos="da0fp0" postype="article" wd="las"/>
            </spec>
            <grup.nom gen="f" num="p">
              <n gen="f" lem="roncha" num="p" pos="ncfp000" postype="common" sense="16:10274960" wd="ronchas"/>
              <sp>
                <prep>
                  <s lem="de" pos="sps00" postype="preposition" wd="de"/>
                </prep>
                <sn>
                  <grup.nom gen="f" num="p">
                    <n gen="f" lem="fritura" num="p" pos="ncfp000" postype="common" sense="16:cs1" wd="frituras"/>
                  </grup.nom>
                </sn>
              </sp>
            </grup.nom>
          </sn>
        </S>
      </sp>
    </S>
    <f lem="." pos="fp" punct="period" wd="."/>
  </sentence>
  <sentence>
    <sadv arg="argM" func="cc" tem="adv">
      <grup.adv>
        <r lem="a_fin_de_cuentas" pos="rg" wd="A_fin_de_cuentas"/>
      </grup.adv>
    </sadv>
    <sn arg="arg1" func="suj" tem="tem">
      <spec gen="f" num="s">
        <d gen="f" lem="el" num="s" pos="da0fs0" postype="article" wd="la"/>
      </spec>
      <grup.nom gen="f" num="s">
        <S clausetype="relative">
          <relatiu arg="arg0" func="suj" tem="agt">
            <p gen="c" lem="que" num="c" pos="pr0cn000" postype="relative" wd="que"/>
          </relatiu>
          <grup.verb>
            <v lem="cocinar" lss="A21.transitive-agentive-patient" mood="indicative" num="s" person="3" pos="vmii3s0" postype="main" tense="imperfect" wd="cocinaba"/>
          </grup.verb>
        </S>
      </grup.nom>
    </sn>
    <grup.verb>
      <v lem="ser" lss="C21.state-attributive" mood="indicative" num="s" person="3" pos="vsii3s0" postype="semiauxiliary" tense="imperfect" wd="era"/>
    </grup.verb>
    <sn arg="arg2" func="atr" tem="atr">
      <grup.nom gen="f" num="s">
        <p gen="f" lem="él" num="s" person="3" pos="pp3fs000" postype="personal" wd="ella"/>
      </grup.nom>
    </sn>
    <interjeccio>
      <f lem="," pos="fc" punct="comma" wd=","/>
      <i lem="qué_caramba" wd="qué_caramba"/>
    </interjeccio>
    <f lem="." pos="fp" punct="period" wd="."/>
  </sentence>
  <sentence>
    <f lem="-" pos="fg" punct="hyphen" wd="-"/>
    <f lem="-" pos="fg" punct="hyphen" wd="-"/>
    <sn arg="arg1" elliptic="yes" func="suj" tem="tem"/>
    <grup.verb>
      <v lem="ser" lss="C21.state-attributive" mood="indicative" num="s" person="3" pos="vsip3s0" postype="semiauxiliary" tense="present" wd="Es"/>
    </grup.verb>
    <sn arg="arg2" func="atr" tem="atr">
      <spec gen="f" num="s">
        <d gen="f" lem="el" num="s" pos="da0fs0" postype="article" wd="la"/>
        <d gen="f" lem="mismo" num="s" pos="di0fs0" postype="indefinite" wd="misma"/>
      </spec>
      <grup.nom gen="f" num="s">
        <n gen="f" lem="manía" num="s" pos="ncfs000" postype="common" sense="16:03741315" wd="manía"/>
        <S clausetype="relative">
          <relatiu arg="arg2" func="cd" functype="quantitative" tem="atr">
            <p gen="c" lem="que" num="c" pos="pr0cn000" postype="relative" wd="que"/>
          </relatiu>
          <grup.verb>
            <v lem="tener" lss="C21.state-attributive" mood="indicative" num="s" person="3" pos="vmii3s0" postype="main" tense="imperfect" wd="tenía"/>
          </grup.verb>
          <sn arg="arg1" func="suj" tem="tem">
            <grup.nom gen="m" num="s">
              <n gen="m" lem="padre" num="s" pos="ncms000" postype="common" sense="16:07258194" wd="padre"/>
            </grup.nom>
          </sn>
        </S>
      </grup.nom>
    </sn>
    <f lem="." pos="fp" punct="period" wd="."/>
  </sentence>
</article>
