<?xml version="1.0" encoding="UTF-8"?>
<!-- 

  ancora-2.0
       
			Copyright (C) 2007, 2008, 2009, 2010, 2011 UB - CLiC
			Centre de Llenguatge i Computació - Universitat de Barcelona
 
  This file is part of ancora-2.0.
 
  ancora-2.0 is free software and data: you can redistribute it and/or modify
  it under the terms of the GNU General Public License as published
  by the Free Software Foundation, either version 3 of the License,
  or (at your option) any later version.

  ancora-2.0 is distributed in the hope that it will be useful,
  but WITHOUT ANY WARRANTY; without even the implied warranty of
  MERCHANTABILITY or FITNESS FOR A PARTICULAR PURPOSE.  See the
  GNU General Public License for more details.
 
  You should have received a copy of the GNU General Public License
  along with ancora-2.0.  If not, see &lt;http://www.gnu.org/licenses/&gt;.
 
  Check a text in catalan explaining the terms of the license at http://www.softcatala.cat/wiki/GPL3.
  In spanish at http://www.viti.es/gnu/licenses/gpl.html
 

  The following paper must be cited when using this corpus:

 * Taulé, M., M.A. Martí, M. Recasens (2008) 'Ancora: Multilevel Annotated Corpora for Catalan and Spanish',
   Proceedings of 6th International Conference on Language Resources and Evaluation. Marrakesh (Morocco).

  In addition, the following paper must be cited if coreference information (attributes entity, coreftype,
  corefsubtype, homophoricDD or entityref) is used:

 * Recasens, Marta, M. Antònia Martí (2010) ‘AnCora-CO: Coreferentially annotated corpora for Spanish and
   Catalan’. Language Resources and Evaluation, Springer Science.

  Additionally, the following paper must be cited when argumental attributes in "sn" or "grup.nom"
  (attributes func, arg, tem or lexicalid) are used:

 * Peris, Aina, Mariona Taulé, Horacio Rodríguez (2010) ‘Semantic Annotation of Deverbal Nominalizations in the
   Spanish AnCora corpus’. Treebanks and Linguistic Theories (TLT-2010), Estonia.
-->
<article lng="es">
  <sentence coord="yes">
    <S>
      <sp arg="argM" func="cc" tem="tmp">
        <prep>
          <s lem="en" pos="sps00" postype="preposition" wd="En"/>
        </prep>
        <sn>
          <spec gen="f" num="p">
            <d gen="f" lem="el" num="p" pos="da0fp0" postype="article" wd="las"/>
          </spec>
          <grup.nom gen="f" num="p">
            <n gen="f" lem="noche" num="p" pos="ncfp000" postype="common" sense="16:10885886" wd="noches"/>
            <sp>
              <prep>
                <s lem="de" pos="sps00" postype="preposition" wd="de"/>
              </prep>
              <sn>
                <grup.nom gen="m" num="s">
                  <n gen="m" lem="verano" num="s" pos="ncms000" postype="common" sense="16:10946199" wd="verano"/>
                </grup.nom>
              </sn>
            </sp>
          </grup.nom>
        </sn>
        <f lem="," pos="fc" punct="comma" wd=","/>
      </sp>
      <sn arg="arg0" func="suj" tem="cau">
        <spec gen="m" num="p">
          <d gen="m" lem="el" num="p" pos="da0mp0" postype="article" wd="los"/>
        </spec>
        <grup.nom gen="m" num="p">
          <n gen="m" lem="vecino" num="p" pos="ncmp000" postype="common" sense="16:06949059" wd="vecinos"/>
          <sp>
            <prep>
              <s lem="de" pos="sps00" postype="preposition" wd="de"/>
            </prep>
            <sadv>
              <grup.adv>
                <r lem="enfrente" pos="rg" wd="enfrente"/>
              </grup.adv>
            </sadv>
          </sp>
        </grup.nom>
      </sn>
      <grup.verb>
        <v lem="entornar" lss="A11.transitive-causative" mood="indicative" num="p" person="3" pos="vmii3p0" postype="main" tense="imperfect" wd="entornaban"/>
      </grup.verb>
      <sn arg="arg1" func="cd" tem="tem">
        <spec gen="f" num="p">
          <d gen="f" lem="el" num="p" pos="da0fp0" postype="article" wd="las"/>
        </spec>
        <grup.nom gen="f" num="p">
          <n gen="f" lem="hoja" num="p" pos="ncfp000" postype="common" sense="16:02295763" wd="hojas"/>
          <sp>
            <prep>
              <s lem="de" pos="sps00" postype="preposition" wd="de"/>
            </prep>
            <sn>
              <spec gen="f" num="s">
                <d gen="f" lem="el" num="s" pos="da0fs0" postype="article" wd="la"/>
              </spec>
              <grup.nom gen="f" num="s">
                <n gen="f" lem="ventana" num="s" pos="ncfs000" postype="common" sense="16:03619904" wd="ventana"/>
              </grup.nom>
            </sn>
          </sp>
        </grup.nom>
      </sn>
      <f lem="," pos="fc" punct="comma" wd=","/>
    </S>
    <conj conjunctiontype="coordinating">
      <c lem="y" pos="cc" postype="coordinating" wd="y"/>
    </conj>
    <S>
      <sp arg="argM" func="cc" tem="loc">
        <prep>
          <s lem="en" pos="sps00" postype="preposition" wd="en"/>
        </prep>
        <sn>
          <spec gen="m" num="s">
            <d gen="m" lem="el" num="s" pos="da0ms0" postype="article" wd="el"/>
          </spec>
          <grup.nom gen="m" num="s">
            <n gen="m" lem="cristal" num="s" pos="ncms000" postype="common" sense="16:06696175" wd="cristal"/>
          </grup.nom>
        </sn>
      </sp>
      <morfema.pronominal>
        <p gen="c" lem="él" num="c" person="3" pos="p0300000" wd="se"/>
      </morfema.pronominal>
      <grup.verb>
        <v lem="reflejar" lss="C11.state-existential" mood="indicative" num="s" person="3" pos="vmii3s0" postype="main" tense="imperfect" wd="reflejaba"/>
      </grup.verb>
      <sn arg="arg1" func="suj" tem="tem">
        <spec gen="m" num="s">
          <d gen="c" lem="su" num="s" person="3" pos="dp3cs0" postype="possessive" wd="su"/>
        </spec>
        <grup.nom gen="m" num="s">
          <n gen="m" lem="televisor" num="s" pos="ncms000" postype="common" sense="16:03482557" wd="televisor"/>
          <S clausetype="relative">
            <f lem="," pos="fc" punct="comma" wd=","/>
            <relatiu arg="arg1" func="suj" tem="tem">
              <p gen="c" lem="que" num="c" pos="pr0cn000" postype="relative" wd="que"/>
            </relatiu>
            <grup.verb>
              <v lem="ser" lss="C21.state-attributive" mood="indicative" num="s" person="3" pos="vsii3s0" postype="semiauxiliary" tense="imperfect" wd="era"/>
            </grup.verb>
            <sp arg="arg2" func="atr" tem="atr">
              <prep>
                <s lem="en" pos="sps00" postype="preposition" wd="en"/>
              </prep>
              <sn>
                <grup.nom gen="m" num="p">
                  <n gen="m" lem="color" num="p" pos="ncmp000" postype="common" sense="16:03875475" wd="colores"/>
                </grup.nom>
              </sn>
            </sp>
          </S>
        </grup.nom>
      </sn>
    </S>
    <f lem="." pos="fp" punct="period" wd="."/>
  </sentence>
  <sentence>
    <sadv arg="argM" func="cc" tem="adv">
      <grup.adv>
        <r lem="a_veces" pos="rg" wd="A_veces"/>
      </grup.adv>
      <f lem="," pos="fc" punct="comma" wd=","/>
    </sadv>
    <S arg="argM" clausetype="adverbial" func="cc" tem="adv">
      <conj conjunctiontype="subordinating">
        <c lem="cuando" pos="cs" postype="subordinating" wd="cuando"/>
      </conj>
      <grup.verb>
        <v lem="haber" lss="C11.state-existential" mood="indicative" num="s" person="3" pos="vaii3s0" postype="auxiliary" tense="imperfect" wd="había"/>
      </grup.verb>
      <sn arg="arg1" func="cd" functype="quantitative" tem="tem">
        <grup.nom gen="f" num="s">
          <n gen="f" lem="película" num="s" pos="ncfs000" postype="common" sense="16:04960631" wd="película"/>
        </grup.nom>
      </sn>
      <f lem="," pos="fc" punct="comma" wd=","/>
    </S>
    <sn arg="arg0" entityref="ne" func="suj" ne="person" tem="agt">
      <grup.nom gen="f" num="s">
        <n lem="Antonia" ne="person" pos="np0000p" postype="proper" sense="16:cs1" wd="Antonia"/>
      </grup.nom>
    </sn>
    <morfema.pronominal>
      <p gen="c" lem="él" num="c" person="3" pos="p0300000" wd="se"/>
    </morfema.pronominal>
    <grup.verb>
      <v lem="asomar" lss="D11.inergative-agentive" mood="indicative" num="s" person="3" pos="vmii3s0" postype="main" tense="imperfect" wd="asomaba"/>
    </grup.verb>
    <sp arg="argM" func="cc" tem="loc">
      <prep>
        <s contracted="yes" gen="m" lem="al" num="s" pos="spcms" postype="preposition" wd="al"/>
      </prep>
      <sn>
        <grup.nom gen="m" num="s">
          <n gen="m" lem="patio" num="s" pos="ncms000" postype="common" sense="16:03096419" wd="patio"/>
        </grup.nom>
      </sn>
    </sp>
    <sp arg="argM" func="cc" tem="fin">
      <prep>
        <s lem="para" pos="sps00" postype="preposition" wd="para"/>
      </prep>
      <S clausetype="completive" impersonal="yes">
        <infinitiu>
          <v lem="ver" lss="A21.transitive-agentive-patient" mood="infinitive" pos="vmn0000" postype="main" wd="ver"/>
        </infinitiu>
        <sp arg="arg1" func="cd" tem="pat">
          <prep>
            <s lem="de" pos="sps00" postype="preposition" wd="de"/>
          </prep>
          <S clausetype="completive">
            <sn arg="arg2" func="atr" tem="atr">
              <spec gen="m" num="s">
                <d gen="c" lem="qué" num="c" pos="dt0cn0" postype="interrogative" wd="qué"/>
              </spec>
              <grup.nom gen="m" num="s">
                <n gen="m" lem="color" num="s" pos="ncms000" postype="common" sense="16:03875475" wd="color"/>
              </grup.nom>
            </sn>
            <grup.verb>
              <v lem="ser" lss="C21.state-attributive" mood="indicative" num="s" person="3" pos="vsii3s0" postype="semiauxiliary" tense="imperfect" wd="era"/>
            </grup.verb>
            <sn arg="arg1" func="suj" tem="tem">
              <spec gen="m" num="s">
                <d gen="m" lem="el" num="s" pos="da0ms0" postype="article" wd="el"/>
              </spec>
              <grup.nom gen="m" num="s">
                <n gen="m" lem="traje" num="s" pos="ncms000" postype="common" sense="16:02222774" wd="traje"/>
                <sp>
                  <prep>
                    <s lem="de" pos="sps00" postype="preposition" wd="de"/>
                  </prep>
                  <sn>
                    <spec gen="f" num="s">
                      <d gen="f" lem="el" num="s" pos="da0fs0" postype="article" wd="la"/>
                    </spec>
                    <grup.nom gen="f" num="s">
                      <n gen="c" lem="protagonista" num="s" pos="nccs000" postype="common" sense="16:07607210" wd="protagonista"/>
                    </grup.nom>
                  </sn>
                </sp>
              </grup.nom>
            </sn>
          </S>
        </sp>
      </S>
    </sp>
    <f lem="." pos="fp" punct="period" wd="."/>
  </sentence>
  <sentence coord="yes">
    <S>
      <sn arg="arg1" elliptic="yes" func="suj" tem="tem"/>
      <grup.verb>
        <v lem="ser" lss="C21.state-attributive" mood="indicative" num="s" person="3" pos="vsii3s0" postype="semiauxiliary" tense="imperfect" wd="Era"/>
      </grup.verb>
      <sn arg="arg2" func="atr" tem="atr">
        <spec gen="f" num="s">
          <d gen="f" lem="uno" num="s" pos="di0fs0" postype="indefinite" wd="una"/>
        </spec>
        <grup.nom gen="f" num="s">
          <n gen="f" lem="incomodidad" num="s" pos="ncfs000" postype="common" sense="16:03713714" wd="incomodidad"/>
        </grup.nom>
      </sn>
    </S>
    <conj conjunctiontype="coordinating">
      <c lem="pero" pos="cc" postype="coordinating" wd="pero"/>
    </conj>
    <S>
      <sn arg="arg0" func="suj" tem="agt">
        <spec gen="m" num="s">
          <d gen="c" lem="su" num="s" person="3" pos="dp3cs0" postype="possessive" wd="su"/>
        </spec>
        <grup.nom gen="m" num="s">
          <n gen="m" lem="hermano" num="s" pos="ncms000" postype="common" sense="16:07127521" wd="hermano"/>
        </grup.nom>
      </sn>
      <neg func="mod">
        <r lem="no" pos="rn" postype="negative" wd="no"/>
      </neg>
      <grup.verb>
        <v lem="querer" lss="A21.transitive-agentive-patient" mood="indicative" num="s" person="3" pos="vmii3s0" postype="main" tense="imperfect" wd="quería"/>
      </grup.verb>
      <S arg="arg1" clausetype="completive" func="cd" impersonal="yes" tem="pat">
        <infinitiu>
          <v lem="comprar" lss="A21.transitive-agentive-patient" mood="infinitive" pos="vmn0000" postype="main" wd="comprarle"/>
        </infinitiu>
        <sn arg="arg1" func="cd" tem="pat">
          <spec gen="m" num="s">
            <d gen="m" lem="uno" num="s" pos="di0ms0" postype="indefinite" wd="un"/>
          </spec>
          <grup.nom gen="m" num="s">
            <n gen="m" lem="aparato" num="s" pos="ncms000" postype="common" sense="16:02200827" wd="aparato"/>
            <s.a gen="m" num="s">
              <grup.a gen="m" num="s">
                <a gen="m" lem="nuevo" num="s" pos="aq0ms0" postype="qualificative" wd="nuevo"/>
              </grup.a>
            </s.a>
          </grup.nom>
        </sn>
      </S>
    </S>
    <f lem="." pos="fp" punct="period" wd="."/>
  </sentence>
  <sentence>
    <S arg="arg1" clausetype="completive" func="cd" tem="pat">
      <f lem="-" pos="fg" punct="hyphen" wd="-"/>
      <f lem="-" pos="fg" punct="hyphen" wd="-"/>
      <f lem="¡" pos="faa" punct="exclamationmark" punctenclose="open" wd="¡"/>
      <conj conjunctiontype="coordinating" func="et">
        <c lem="pero" pos="cc" postype="coordinating" wd="Pero"/>
      </conj>
      <grup.verb>
        <v lem="fijar" lss="A21.transitive-agentive-patient" mood="imperative" num="s" person="2" pos="vmm02s0" postype="main" wd="fíjate"/>
      </grup.verb>
      <sn arg="arg0" elliptic="yes" func="suj" tem="agt"/>
      <sn arg="arg1" func="cd" tem="pat">
        <spec gen="f" num="p">
          <d gen="c" lem="qué" num="c" pos="de0cn0" postype="exclamative" wd="qué"/>
        </spec>
        <grup.nom gen="f" num="p">
          <n gen="f" lem="pinta" num="p" pos="ncfp000" postype="common" sense="16:cs1" wd="pintas"/>
        </grup.nom>
      </sn>
      <f lem="!" pos="fat" punct="exclamationmark" punctenclose="close" wd="!"/>
      <f lem="-" pos="fg" punct="hyphen" wd="-"/>
      <f lem="-" pos="fg" punct="hyphen" wd="-"/>
    </S>
    <sn arg="arg0" elliptic="yes" func="suj" tem="agt"/>
    <sn arg="arg2" func="ci" tem="ben">
      <grup.nom>
        <p gen="c" lem="él" num="c" person="3" pos="pp3cn000" postype="personal" wd="se"/>
      </grup.nom>
    </sn>
    <grup.verb>
      <v lem="decir" lss="A32.ditransitive-patient-benefactive" mood="indicative" num="s" person="3" pos="vmis3s0" postype="main" tense="past" wd="dijo"/>
    </grup.verb>
    <sp arg="arg2" func="ci" tem="ben">
      <prep>
        <s lem="a" pos="sps00" postype="preposition" wd="a"/>
      </prep>
      <sn>
        <grup.nom gen="f" num="s">
          <p case="oblique" gen="c" lem="él" num="c" person="3" pos="pp3cno00" postype="personal" wd="sí"/>
        </grup.nom>
        <spec gen="f" num="s">
          <d gen="f" lem="mismo" num="s" pos="di0fs0" postype="indefinite" wd="misma"/>
        </spec>
      </sn>
    </sp>
    <S arg="argM" clausetype="adverbial" func="cc" tem="cau">
      <f lem="," pos="fc" punct="comma" wd=","/>
      <conj conjunctiontype="subordinating">
        <c lem="porque" pos="cs" postype="subordinating" wd="porque"/>
      </conj>
      <sn arg="arg0" elliptic="yes" func="suj" tem="agt"/>
      <grup.verb>
        <v lem="acostumbrar" lss="A12.ditransitive-causative-state" mood="indicative" num="s" person="3" pos="vmii3s0" postype="main" tense="imperfect" wd="acostumbraba"/>
        <infinitiu>
          <v lem="hablar" lss="A21.transitive-agentive-patient" mood="infinitive" pos="vmn0000" postype="main" wd="hablar"/>
        </infinitiu>
      </grup.verb>
      <sadv arg="argM" func="cc" tem="mnr">
        <grup.adv>
          <r lem="a_solas" pos="rg" wd="a_solas"/>
        </grup.adv>
      </sadv>
    </S>
    <f lem="." pos="fp" punct="period" wd="."/>
  </sentence>
  <sentence coord="yes">
    <sp arg="argM" func="cc" tem="loc">
      <prep>
        <s lem="en" pos="sps00" postype="preposition" wd="En"/>
      </prep>
      <sn>
        <spec gen="f" num="s">
          <d gen="f" lem="el" num="s" pos="da0fs0" postype="article" wd="la"/>
        </spec>
        <grup.nom gen="f" num="s">
          <n gen="f" lem="pantalla" num="s" pos="ncfs000" postype="common" sense="16:02580665" wd="pantalla"/>
        </grup.nom>
      </sn>
      <f lem="," pos="fc" punct="comma" wd=","/>
    </sp>
    <S coord="yes">
      <S>
        <sn arg="arg0" func="suj" tem="agt">
          <spec gen="m" num="p">
            <d gen="m" lem="uno" num="p" pos="di0mp0" postype="indefinite" wd="unos"/>
          </spec>
          <grup.nom gen="m" num="p">
            <n gen="m" lem="muchacho" num="p" pos="ncmp000" postype="common" sense="16:07389783" wd="muchachos"/>
            <sp>
              <prep>
                <s lem="de" pos="sps00" postype="preposition" wd="de"/>
              </prep>
              <sn>
                <grup.nom gen="m" num="s">
                  <n gen="m" lem="pelo" num="s" pos="ncms000" postype="common" sense="16:01414164" wd="pelo"/>
                  <s.a gen="m" num="s">
                    <grup.a gen="m" num="s">
                      <a gen="m" lem="tieso" num="s" pos="aq0ms0" postype="qualificative" wd="tieso"/>
                    </grup.a>
                  </s.a>
                </grup.nom>
              </sn>
            </sp>
            <sp>
              <f lem="," pos="fc" punct="comma" wd=","/>
              <prep>
                <s lem="como" pos="sps00" postype="preposition" wd="como"/>
              </prep>
              <S clausetype="participle" impersonal="yes">
                <sadv arg="argM" func="cc" tem="tmp">
                  <grup.adv>
                    <r lem="recién" pos="rg" wd="recién"/>
                  </grup.adv>
                </sadv>
                <participi>
                  <a gen="m" lem="salido" lss="B11.unaccusative-motion" num="p" pos="aq0mpp" posfunction="participle" postype="qualificative" wd="salidos"/>
                </participi>
                <sp arg="arg3" func="cc" tem="ori">
                  <prep>
                    <s lem="de" pos="sps00" postype="preposition" wd="de"/>
                  </prep>
                  <sn>
                    <spec gen="m" num="s">
                      <d gen="m" lem="uno" num="s" pos="di0ms0" postype="indefinite" wd="un"/>
                    </spec>
                    <grup.nom gen="m" num="s">
                      <n gen="m" lem="susto" num="s" pos="ncms000" postype="common" sense="16:cs1" wd="susto"/>
                    </grup.nom>
                  </sn>
                </sp>
              </S>
              <f lem="," pos="fc" punct="comma" wd=","/>
            </sp>
          </grup.nom>
        </sn>
        <morfema.pronominal>
          <p gen="c" lem="él" num="c" person="3" pos="p0300000" wd="se"/>
        </morfema.pronominal>
        <grup.verb>
          <v lem="contorsionarse" lss="D11.inergative-agentive" mood="indicative" num="p" person="3" pos="vmii3p0" postype="main" tense="imperfect" wd="contorsionaban"/>
        </grup.verb>
      </S>
      <conj conjunctiontype="coordinating">
        <c lem="y" pos="cc" postype="coordinating" wd="y"/>
      </conj>
      <S>
        <sn arg="arg0" elliptic="yes" func="suj" tem="agt"/>
        <grup.verb>
          <v lem="chillar" lss="D11.inergative-agentive" mood="indicative" num="p" person="3" pos="vmii3p0" postype="main" tense="imperfect" wd="chillaban"/>
        </grup.verb>
        <sadv arg="argM" func="cc" tem="adv">
          <grup.adv>
            <r lem="lo_mismo" pos="rg" wd="lo_mismo"/>
            <S adjunct="yes" clausesubtype="comparative" clausetype="adverbial" verbless="yes">
              <conj conjunctiontype="subordinating">
                <c lem="que" pos="cs" postype="subordinating" wd="que"/>
              </conj>
              <S clausesubtype="conditional" clausetype="adverbial">
                <conj conjunctiontype="subordinating">
                  <c lem="si" pos="cs" postype="subordinating" wd="si"/>
                </conj>
                <sn arg="arg1" elliptic="yes" func="suj" tem="tem"/>
                <grup.verb>
                  <v lem="sufrir" lss="C21.state-attributive" mood="subjunctive" num="p" person="3" pos="vmsi3p0" postype="main" tense="imperfect" wd="sufrieran"/>
                </grup.verb>
                <sn arg="arg2" func="cd" functype="quantitative" tem="atr">
                  <spec gen="m" num="s">
                    <d gen="m" lem="uno" num="s" pos="di0ms0" postype="indefinite" wd="un"/>
                  </spec>
                  <grup.nom gen="m" num="s">
                    <n gen="m" lem="telele" num="s" pos="ncms000" postype="common" sense="16:cs1" wd="telele"/>
                  </grup.nom>
                </sn>
              </S>
            </S>
          </grup.adv>
        </sadv>
      </S>
      <f lem="." pos="fp" punct="period" wd="."/>
    </S>
  </sentence>
  <sentence>
    <sn arg="arg1" elliptic="yes" func="suj" tem="tem"/>
    <grup.verb>
      <v lem="ser" lss="C21.state-attributive" mood="indicative" num="s" person="3" pos="vsii3s0" postype="semiauxiliary" tense="imperfect" wd="Era"/>
    </grup.verb>
    <sn arg="arg2" func="atr" tem="atr">
      <spec gen="m" num="s">
        <d gen="m" lem="uno" num="s" pos="di0ms0" postype="indefinite" wd="un"/>
      </spec>
      <grup.nom gen="m" num="s">
        <n gen="m" lem="conjunto" num="s" pos="ncms000" postype="common" sense="16:06086825" wd="conjunto"/>
        <s.a gen="m" num="s">
          <grup.a gen="m" num="s">
            <a gen="c" lem="musical" num="s" pos="aq0cs0" postype="qualificative" wd="musical"/>
          </grup.a>
        </s.a>
        <sn>
          <f lem="," pos="fc" punct="comma" wd=","/>
          <grup.nom gen="m" num="s">
            <p gen="m" lem="uno" num="s" pos="pi0ms000" postype="indefinite" wd="uno"/>
            <sp>
              <prep>
                <s lem="de" pos="sps00" postype="preposition" wd="de"/>
              </prep>
              <sn>
                <spec gen="m" num="p">
                  <d gen="m" lem="ese" num="p" pos="dd0mp0" postype="demonstrative" wd="esos"/>
                </spec>
                <grup.nom gen="m" num="p">
                  <n gen="m" lem="conjunto" num="p" pos="ncmp000" postype="common" sense="16:06086825" wd="conjuntos"/>
                  <sp>
                    <prep>
                      <s lem="de" pos="sps00" postype="preposition" wd="de"/>
                    </prep>
                    <sn>
                      <grup.nom gen="m" num="p">
                        <n gen="m" lem="chico" num="p" pos="ncmp000" postype="common" sense="16:07389783" wd="chicos"/>
                        <s.a coord="yes" gen="m" num="p">
                          <s.a gen="m" num="p">
                            <grup.a gen="m" num="p">
                              <a gen="m" lem="bárbaro" num="p" pos="aq0mp0" postype="qualificative" wd="bárbaros"/>
                            </grup.a>
                          </s.a>
                          <conj conjunctiontype="coordinating">
                            <c lem="y" pos="cc" postype="coordinating" wd="y"/>
                          </conj>
                          <s.a gen="m" num="p">
                            <grup.a gen="m" num="p">
                              <a gen="m" lem="extraño" num="p" pos="aq0mp0" postype="qualificative" wd="extraños"/>
                            </grup.a>
                          </s.a>
                          <conj conjunctiontype="coordinating">
                            <c lem="y" pos="cc" postype="coordinating" wd="y"/>
                          </conj>
                          <s.a gen="m" num="p">
                            <grup.a gen="m" num="p">
                              <a gen="m" lem="feísimo" num="p" pos="aq0mp0" postype="qualificative" wd="feísimos"/>
                            </grup.a>
                          </s.a>
                        </s.a>
                      </grup.nom>
                    </sn>
                  </sp>
                </grup.nom>
              </sn>
            </sp>
          </grup.nom>
        </sn>
      </grup.nom>
    </sn>
    <f lem="." pos="fp" punct="period" wd="."/>
  </sentence>
  <sentence>
    <sn arg="arg1" elliptic="yes" func="suj" tem="tem"/>
    <grup.verb>
      <v lem="ser" lss="C21.state-attributive" mood="indicative" num="p" person="3" pos="vsii3p0" postype="semiauxiliary" tense="imperfect" wd="Eran"/>
    </grup.verb>
    <sa arg="arg2" func="atr" tem="atr">
      <grup.a>
        <a gen="m" lem="igualito" num="p" pos="aq0mp0" postype="qualificative" wd="igualitos"/>
        <sp>
          <prep>
            <s lem="a" pos="sps00" postype="preposition" wd="a"/>
          </prep>
          <sn entityref="ne" ne="person">
            <grup.nom gen="m" num="s">
              <n lem="Leocadio" ne="person" pos="np0000p" postype="proper" sense="16:cs1" wd="Leocadio"/>
              <sn>
                <f lem="," pos="fc" punct="comma" wd=","/>
                <spec gen="m" num="s">
                  <d gen="m" lem="el" num="s" pos="da0ms0" postype="article" wd="el"/>
                </spec>
                <grup.nom gen="m" num="s">
                  <n gen="m" lem="tonto" num="s" pos="ncms000" postype="common" sense="16:07231679" wd="tonto"/>
                  <sp>
                    <prep>
                      <s contracted="yes" gen="m" lem="del" num="s" pos="spcms" postype="preposition" wd="del"/>
                    </prep>
                    <sn>
                      <grup.nom gen="m" num="s">
                        <n gen="m" lem="pueblo" num="s" pos="ncms000" postype="common" sense="16:06382213" wd="pueblo"/>
                      </grup.nom>
                    </sn>
                  </sp>
                </grup.nom>
              </sn>
            </grup.nom>
          </sn>
        </sp>
      </grup.a>
    </sa>
    <f lem="." pos="fp" punct="period" wd="."/>
  </sentence>
  <sentence verbless="yes">
    <sp>
      <prep>
        <s lem="para" pos="sps00" postype="preposition" wd="Para"/>
      </prep>
      <sn>
        <grup.nom gen="m" num="s">
          <p gen="c" lem="ese" num="s" pos="pd0ns000" postype="demonstrative" wd="eso"/>
        </grup.nom>
      </sn>
    </sp>
    <sn coord="yes">
      <sn>
        <spec gen="f" num="s">
          <d gen="f" lem="tanto" num="s" pos="di0fs0" postype="indefinite" wd="tanta"/>
        </spec>
        <grup.nom gen="f" num="s">
          <n gen="f" lem="ciudad" num="s" pos="ncfs000" postype="common" sense="16:06287351" wd="ciudad"/>
        </grup.nom>
      </sn>
      <f lem="," pos="fc" punct="comma" wd=","/>
      <sn>
        <spec gen="m" num="s">
          <d gen="m" lem="tanto" num="s" pos="di0ms0" postype="indefinite" wd="tanto"/>
        </spec>
        <grup.nom gen="m" num="s">
          <n gen="m" lem="progreso" num="s" pos="ncms000" postype="common" sense="16:00159609" wd="progreso"/>
        </grup.nom>
      </sn>
    </sn>
    <f lem="." pos="fp" punct="period" wd="."/>
  </sentence>
  <sentence coord="yes">
    <S>
      <sn arg="arg0" entityref="ne" func="suj" ne="person" tem="agt">
        <grup.nom gen="f" num="s">
          <n lem="Antonia" ne="person" pos="np0000p" postype="proper" sense="16:cs1" wd="Antonia"/>
        </grup.nom>
      </sn>
      <grup.verb>
        <v lem="coger" lss="A21.transitive-agentive-patient" mood="indicative" num="s" person="3" pos="vmis3s0" postype="main" tense="past" wd="cogió"/>
      </grup.verb>
      <sn arg="arg1" func="cd" tem="pat">
        <spec gen="f" num="s">
          <d gen="f" lem="uno" num="s" pos="di0fs0" postype="indefinite" wd="una"/>
        </spec>
        <grup.nom gen="f" num="s">
          <n gen="f" lem="revista" num="s" pos="ncfs000" postype="common" sense="16:04947827" wd="revista"/>
        </grup.nom>
      </sn>
    </S>
    <conj conjunctiontype="coordinating">
      <c lem="y" pos="cc" postype="coordinating" wd="y"/>
    </conj>
    <S>
      <S>
        <sn arg="arg0" elliptic="yes" func="suj" tem="agt"/>
        <grup.verb>
          <v lem="consultar" lss="A32.ditransitive-patient-benefactive" mood="indicative" num="s" person="3" pos="vmis3s0" postype="main" tense="past" wd="consultó"/>
        </grup.verb>
        <sn arg="arg1" func="cd" tem="pat">
          <spec gen="f" num="s">
            <d gen="f" lem="el" num="s" pos="da0fs0" postype="article" wd="la"/>
          </spec>
          <grup.nom gen="f" num="s">
            <n gen="f" lem="programación" lexicalid="noun.programación.1.default" num="s" origin="deverbal" pos="ncfs000" postype="common" sense="16:00741877" wd="programación"/>
          </grup.nom>
        </sn>
        <S clausesubtype="concessive" clausetype="adverbial" func="ao">
          <f lem="," pos="fc" punct="comma" wd=","/>
          <conj conjunctiontype="subordinating">
            <c lem="aunque" pos="cs" postype="subordinating" wd="aunque"/>
          </conj>
          <sn arg="arg0" elliptic="yes" func="suj" tem="agt"/>
          <morfema.pronominal>
            <p gen="c" lem="él" num="c" person="3" pos="p0300000" wd="se"/>
          </morfema.pronominal>
          <sn arg="arg1" func="cd" tem="pat">
            <grup.nom gen="f" num="s">
              <p case="accusative" gen="f" lem="él" num="s" person="3" pos="pp3fsa00" postype="personal" wd="la"/>
            </grup.nom>
          </sn>
          <grup.verb>
            <v lem="saber" lss="A22.transitive-agentive-theme" mood="indicative" num="s" person="3" pos="vmii3s0" postype="main" tense="imperfect" wd="sabía"/>
          </grup.verb>
          <sp arg="argM" func="cc" tem="mnr">
            <prep>
              <s lem="de" pos="sps00" postype="preposition" wd="de"/>
            </prep>
            <sn>
              <grup.nom gen="f" num="s">
                <n gen="f" lem="memoria" num="s" pos="ncfs000" postype="common" sense="16:04370761" wd="memoria"/>
              </grup.nom>
            </sn>
          </sp>
        </S>
      </S>
      <sn coord="yes">
        <f lem=":" pos="fd" punct="colon" wd=":"/>
        <sn>
          <spec gen="m" num="s">
            <d gen="m" lem="uno" num="s" pos="di0ms0" postype="indefinite" wd="un"/>
          </spec>
          <grup.nom gen="m" num="s">
            <n gen="m" lem="espacio" num="s" pos="ncms000" postype="common" sense="16:06373003" wd="espacio"/>
            <s.a gen="m" num="s">
              <grup.a gen="m" num="s">
                <a gen="c" lem="musical" num="s" pos="aq0cs0" postype="qualificative" wd="musical"/>
              </grup.a>
            </s.a>
          </grup.nom>
        </sn>
        <f lem="," pos="fc" punct="comma" wd=","/>
        <sn>
          <grup.nom gen="m" num="s">
            <p gen="m" lem="otro" num="s" pos="pi0ms000" postype="indefinite" wd="otro"/>
            <s.a gen="m" num="s">
              <grup.a gen="m" num="s">
                <a gen="m" lem="religioso" num="s" pos="aq0ms0" postype="qualificative" wd="religioso"/>
              </grup.a>
            </s.a>
          </grup.nom>
        </sn>
        <f lem="," pos="fc" punct="comma" wd=","/>
        <sn>
          <grup.nom gen="m" num="s">
            <n gen="m" lem="fútbol" num="s" pos="ncms000" postype="common" sense="16:00304700" wd="fútbol"/>
          </grup.nom>
        </sn>
      </sn>
    </S>
    <f lem="." pos="fp" punct="period" wd="."/>
  </sentence>
  <sentence verbless="yes">
    <f lem="-" pos="fg" punct="hyphen" wd="-"/>
    <f lem="-" pos="fg" punct="hyphen" wd="-"/>
    <sn>
      <spec gen="m" num="s">
        <d gen="c" lem="qué" num="c" pos="de0cn0" postype="exclamative" wd="Qué"/>
      </spec>
      <grup.nom gen="m" num="s">
        <n gen="m" lem="aburrimiento" lexicalid="noun.aburrimiento.1.default" num="s" origin="deverbal" pos="ncms000" postype="common" sense="16:05605136" wd="aburrimiento"/>
      </grup.nom>
    </sn>
    <f lem="." pos="fp" punct="period" wd="."/>
  </sentence>
  <sentence coord="yes">
    <S>
      <sp arg="arg2" func="cc" tem="loc">
        <prep>
          <s lem="en" pos="sps00" postype="preposition" wd="En"/>
        </prep>
        <sn>
          <spec gen="m" num="s">
            <d gen="m" lem="el" num="s" pos="da0ms0" postype="article" wd="el"/>
          </spec>
          <grup.nom gen="m" num="s">
            <n gen="m" lem="dormitorio" num="s" pos="ncms000" postype="common" sense="16:02275625" wd="dormitorio"/>
          </grup.nom>
        </sn>
      </sp>
      <sadv arg="argM" func="cc" tem="tmp">
        <grup.adv>
          <r lem="ya" pos="rg" wd="ya"/>
        </grup.adv>
      </sadv>
      <neg func="mod">
        <r lem="no" pos="rn" postype="negative" wd="no"/>
      </neg>
      <grup.verb>
        <v lem="dar" lss="C11.state-existential" mood="indicative" num="s" person="3" pos="vmii3s0" postype="main" tense="imperfect" wd="daba"/>
      </grup.verb>
      <sn arg="arg1" func="suj" tem="tem">
        <spec gen="m" num="s">
          <d gen="m" lem="el" num="s" pos="da0ms0" postype="article" wd="el"/>
        </spec>
        <grup.nom gen="m" num="s">
          <n gen="m" lem="sol" num="s" pos="ncms000" postype="common" sense="16:06765647" wd="sol"/>
        </grup.nom>
      </sn>
      <f lem="," pos="fc" punct="comma" wd=","/>
    </S>
    <conj conjunctiontype="coordinating">
      <c lem="pero" pos="cc" postype="coordinating" wd="pero"/>
    </conj>
    <S>
      <S>
        <sn arg="arg1" func="suj" tem="tem">
          <spec gen="m" num="s">
            <d gen="m" lem="el" num="s" pos="da0ms0" postype="article" wd="el"/>
          </spec>
          <grup.nom gen="m" num="s">
            <n gen="m" lem="calor" num="s" pos="ncms000" postype="common" sense="16:04422689" wd="calor"/>
          </grup.nom>
        </sn>
        <grup.verb>
          <v lem="ser" lss="C21.state-attributive" mood="indicative" num="s" person="3" pos="vsii3s0" postype="semiauxiliary" tense="imperfect" wd="era"/>
        </grup.verb>
        <sa arg="arg2" func="atr" tem="atr">
          <spec>
            <r lem="igualmente" pos="rg" wd="igualmente"/>
          </spec>
          <grup.a>
            <a gen="c" lem="insoportable" num="s" pos="aq0cs0" postype="qualificative" wd="insoportable"/>
          </grup.a>
        </sa>
      </S>
      <sn>
        <f lem="," pos="fc" punct="comma" wd=","/>
        <spec gen="m" num="s">
          <d gen="m" lem="uno" num="s" pos="di0ms0" postype="indefinite" wd="un"/>
        </spec>
        <grup.nom gen="m" num="s">
          <n gen="m" lem="calor" num="s" pos="ncms000" postype="common" sense="16:04422689" wd="calor"/>
          <sp coord="yes">
            <sp>
              <prep>
                <s lem="de" pos="sps00" postype="preposition" wd="de"/>
              </prep>
              <sn>
                <grup.nom gen="m" num="s">
                  <s.a gen="m" num="s">
                    <grup.a gen="m" num="s">
                      <a gen="m" lem="último" num="s" pos="ao0ms0" postype="ordinal" wd="último"/>
                    </grup.a>
                  </s.a>
                  <n gen="m" lem="piso" num="s" pos="ncms000" postype="common" sense="16:02700186" wd="piso"/>
                </grup.nom>
              </sn>
            </sp>
            <f lem="," pos="fc" punct="comma" wd=","/>
            <sp>
              <prep>
                <s lem="de" pos="sps00" postype="preposition" wd="de"/>
              </prep>
              <sn complex="yes">
                <grup.nom coord="yes">
                  <grup.nom gen="m" num="s">
                    <n gen="m" lem="techo" num="s" pos="ncms000" postype="common" sense="16:02410004" wd="techo"/>
                    <S clausetype="participle" impersonal="yes">
                      <participi>
                        <a gen="m" lem="abrasado" num="s" pos="aq0msp" posfunction="participle" postype="qualificative" wd="abrasado"/>
                      </participi>
                    </S>
                  </grup.nom>
                  <conj conjunctiontype="coordinating">
                    <c lem="y" pos="cc" postype="coordinating" wd="y"/>
                  </conj>
                  <grup.nom gen="f" num="s">
                    <n gen="f" lem="casa" num="s" pos="ncfs000" postype="common" sense="16:02618194" wd="casa"/>
                    <s.a gen="f" num="s">
                      <grup.a gen="f" num="s">
                        <a gen="f" lem="viejo" num="s" pos="aq0fs0" postype="qualificative" wd="vieja"/>
                      </grup.a>
                    </s.a>
                  </grup.nom>
                </grup.nom>
              </sn>
            </sp>
          </sp>
        </grup.nom>
      </sn>
    </S>
    <f lem="." pos="fp" punct="period" wd="."/>
  </sentence>
  <sentence coord="yes">
    <S>
      <sn arg="arg0" entityref="ne" func="suj" ne="person" tem="cau">
        <grup.nom gen="f" num="s">
          <n lem="Antonia" ne="person" pos="np0000p" postype="proper" sense="16:cs1" wd="Antonia"/>
        </grup.nom>
      </sn>
      <grup.verb>
        <v lem="abrir" lss="A11.transitive-causative" mood="indicative" num="s" person="3" pos="vmis3s0" postype="main" tense="past" wd="abrió"/>
      </grup.verb>
      <sn arg="arg1" func="cd" tem="tem">
        <spec gen="f" num="s">
          <d gen="f" lem="el" num="s" pos="da0fs0" postype="article" wd="la"/>
        </spec>
        <grup.nom gen="f" num="s">
          <n gen="f" lem="ventana" num="s" pos="ncfs000" postype="common" sense="16:03619904" wd="ventana"/>
        </grup.nom>
      </sn>
      <sadv arg="argM" func="cc" tem="mnr">
        <grup.adv>
          <r lem="de_par_en_par" pos="rg" wd="de_par_en_par"/>
        </grup.adv>
      </sadv>
    </S>
    <conj conjunctiontype="coordinating">
      <c lem="y" pos="cc" postype="coordinating" wd="y"/>
    </conj>
    <S>
      <sn arg="arg1" elliptic="yes" func="suj" tem="tem"/>
      <morfema.pronominal>
        <p gen="c" lem="él" num="c" person="3" pos="p0300000" wd="se"/>
      </morfema.pronominal>
      <grup.verb>
        <v lem="dejar" mood="indicative" num="s" person="3" pos="vmis3s0" postype="main" tense="past" wd="dejó"/>
        <infinitiu>
          <v lem="caer" lss="B22.unaccusative-passive-transitive" mood="infinitive" pos="vmn0000" postype="main" wd="caer"/>
        </infinitiu>
      </grup.verb>
      <sp arg="arg2" func="cc" tem="loc">
        <prep>
          <s lem="en" pos="sps00" postype="preposition" wd="en"/>
        </prep>
        <sn>
          <spec gen="f" num="s">
            <d gen="f" lem="el" num="s" pos="da0fs0" postype="article" wd="la"/>
          </spec>
          <grup.nom gen="f" num="s">
            <S clausetype="participle" impersonal="yes">
              <participi>
                <a gen="f" lem="descolorido" num="s" pos="aq0fsp" posfunction="participle" postype="qualificative" wd="descolorida"/>
              </participi>
            </S>
            <n gen="f" lem="butaca" num="s" pos="ncfs000" postype="common" sense="16:02209460" wd="butaca"/>
            <sp>
              <prep>
                <s lem="de" pos="sps00" postype="preposition" wd="de"/>
              </prep>
              <sn>
                <spec gen="f" num="s">
                  <d gen="f" lem="el" num="s" pos="da0fs0" postype="article" wd="la"/>
                </spec>
                <grup.nom gen="f" num="s">
                  <n gen="f" lem="coqueta" num="s" pos="ncfs000" postype="common" sense="16:02602127" wd="coqueta"/>
                </grup.nom>
              </sn>
            </sp>
          </grup.nom>
        </sn>
      </sp>
    </S>
    <f lem="." pos="fp" punct="period" wd="."/>
  </sentence>
</article>
