<?xml version="1.0" encoding="UTF-8" standalone="no"?>
<!-- 

  ancora-2.0
       
			Copyright (C) 2007, 2008, 2009, 2010, 2011 UB - CLiC
			Centre de Llenguatge i Computació - Universitat de Barcelona
 
  This file is part of ancora-2.0.
 
  ancora-2.0 is free software and data: you can redistribute it and/or modify
  it under the terms of the GNU General Public License as published
  by the Free Software Foundation, either version 3 of the License,
  or (at your option) any later version.

  ancora-2.0 is distributed in the hope that it will be useful,
  but WITHOUT ANY WARRANTY; without even the implied warranty of
  MERCHANTABILITY or FITNESS FOR A PARTICULAR PURPOSE.  See the
  GNU General Public License for more details.
 
  You should have received a copy of the GNU General Public License
  along with ancora-2.0.  If not, see &lt;http://www.gnu.org/licenses/&gt;.
 
  Check a text in catalan explaining the terms of the license at http://www.softcatala.cat/wiki/GPL3.
  In spanish at http://www.viti.es/gnu/licenses/gpl.html
 

  The following paper must be cited when using this corpus:

 * Taulé, M., M.A. Martí, M. Recasens (2008) 'Ancora: Multilevel Annotated Corpora for Catalan and Spanish',
   Proceedings of 6th International Conference on Language Resources and Evaluation. Marrakesh (Morocco).

  In addition, the following paper must be cited if coreference information (attributes entity, coreftype,
  corefsubtype, homophoricDD or entityref) is used:

 * Recasens, Marta, M. Antònia Martí (2010) ‘AnCora-CO: Coreferentially annotated corpora for Spanish and
   Catalan’. Language Resources and Evaluation, Springer Science.

  Additionally, the following paper must be cited when argumental attributes in "sn" or "grup.nom"
  (attributes func, arg, tem or lexicalid) are used:

 * Peris, Aina, Mariona Taulé, Horacio Rodríguez (2010) ‘Semantic Annotation of Deverbal Nominalizations in the
   Spanish AnCora corpus’. Treebanks and Linguistic Theories (TLT-2010), Estonia.
-->
<article lng="es">
  <sentence>
    <sn arg="arg0" elliptic="yes" func="suj" tem="agt"/>
    <grup.verb>
      <v lem="reflexionar" lss="A22.transitive-agentive-theme" mood="indicative" num="s" person="3" pos="vmis3s0" postype="main" tense="past" wd="Reflexionó"/>
    </grup.verb>
    <sp arg="argM" func="cc" tem="tmp">
      <prep>
        <s lem="durante" pos="sps00" postype="preposition" wd="durante"/>
      </prep>
      <sn>
        <spec gen="m" num="s">
          <d gen="m" lem="uno" num="s" pos="di0ms0" postype="indefinite" wd="un"/>
        </spec>
        <grup.nom gen="m" num="s">
          <s.a gen="m" num="s">
            <grup.a gen="m" num="s">
              <a gen="m" lem="buen" num="s" pos="aq0ms0" postype="qualificative" wd="buen"/>
            </grup.a>
          </s.a>
          <n gen="m" lem="rato" num="s" pos="ncms000" postype="common" sense="16:cs1" wd="rato"/>
        </grup.nom>
      </sn>
    </sp>
    <sp arg="arg1" func="creg" tem="tem">
      <prep>
        <s lem="sobre" pos="sps00" postype="preposition" wd="sobre"/>
      </prep>
      <S clausetype="completive" verbless="yes">
        <sn>
          <spec gen="m" num="s">
            <d gen="c" lem="qué" num="c" pos="dt0cn0" postype="interrogative" wd="qué"/>
          </spec>
          <grup.nom gen="m" num="s">
            <n gen="m" lem="cajón" num="s" pos="ncms000" postype="common" sense="16:02597900" wd="cajón"/>
          </grup.nom>
        </sn>
        <S clausetype="completive" impersonal="yes">
          <infinitiu>
            <v lem="sacar" lss="A32.ditransitive-patient-benefactive" mood="infinitive" pos="vmn0000" postype="main" wd="sacar"/>
          </infinitiu>
        </S>
      </S>
    </sp>
    <f lem="." pos="fp" punct="period" wd="."/>
  </sentence>
  <sentence>
    <sadv arg="argM" func="cc" tem="tmp">
      <grup.adv>
        <r lem="al_fin" pos="rg" wd="Al_fin"/>
      </grup.adv>
    </sadv>
    <sn arg="arg0" elliptic="yes" func="suj" tem="agt"/>
    <morfema.pronominal>
      <p gen="c" lem="él" num="c" person="3" pos="p0300000" wd="se"/>
    </morfema.pronominal>
    <grup.verb>
      <v lem="decidir" lss="A22.transitive-agentive-theme" mood="indicative" num="s" person="3" pos="vmis3s0" postype="main" tense="past" wd="decidió"/>
    </grup.verb>
    <sp arg="arg1" func="creg" tem="tem">
      <prep>
        <s lem="por" pos="sps00" postype="preposition" wd="por"/>
      </prep>
      <sn>
        <sn>
          <spec gen="m" num="s">
            <d gen="m" lem="el" num="s" pos="da0ms0" postype="article" wd="el"/>
          </spec>
          <grup.nom gen="m" num="s">
            <sp>
              <prep>
                <s lem="de" pos="sps00" postype="preposition" wd="de"/>
              </prep>
              <sadv>
                <grup.adv>
                  <r lem="arriba" pos="rg" wd="arriba"/>
                </grup.adv>
              </sadv>
            </sp>
          </grup.nom>
        </sn>
        <sn>
          <f lem="," pos="fc" punct="comma" wd=","/>
          <spec gen="m" num="s">
            <d gen="m" lem="el" num="s" pos="da0ms0" postype="article" wd="el"/>
          </spec>
          <grup.nom gen="m" num="s">
            <s.a gen="m" num="s">
              <spec>
                <r lem="más" pos="rg" wd="más"/>
              </spec>
              <grup.a gen="m" num="s">
                <a gen="c" lem="reciente" num="s" pos="aq0cs0" postype="qualificative" wd="reciente"/>
              </grup.a>
            </s.a>
          </grup.nom>
        </sn>
        <sn>
          <f lem="," pos="fc" punct="comma" wd=","/>
          <grup.nom gen="m" num="s">
            <p gen="m" lem="aquel" num="s" pos="pd0ms000" postype="demonstrative" wd="aquel"/>
            <S clausetype="relative">
              <relatiu arg="arg1" func="suj" tem="tem">
                <p gen="c" lem="que" num="c" pos="pr0cn000" postype="relative" wd="que"/>
              </relatiu>
              <grup.verb>
                <v lem="contener" lss="C21.state-attributive" mood="indicative" num="s" person="3" pos="vmii3s0" postype="main" tense="imperfect" wd="contenía"/>
              </grup.verb>
              <sn arg="arg2" func="cd" functype="quantitative" tem="atr">
                <spec gen="m" num="p">
                  <d gen="m" lem="el" num="p" pos="da0mp0" postype="article" wd="los"/>
                </spec>
                <grup.nom gen="m" num="p">
                  <n gen="m" lem="tesoro" num="p" pos="ncmp000" postype="common" sense="16:09628428" wd="tesoros"/>
                  <sp>
                    <prep>
                      <s lem="de" pos="sps00" postype="preposition" wd="de"/>
                    </prep>
                    <sn>
                      <spec gen="m" num="p">
                        <d gen="m" lem="el" num="p" pos="da0mp0" postype="article" wd="los"/>
                        <a gen="m" lem="último" num="p" pos="ao0mp0" postype="ordinal" wd="últimos"/>
                        <d gen="c" lem="cinco" num="p" pos="dn0cp0" postype="numeral" wd="cinco"/>
                      </spec>
                      <grup.nom gen="m" num="p">
                        <n gen="m" lem="año" num="p" pos="ncmp000" postype="common" sense="16:10917509" wd="años"/>
                      </grup.nom>
                    </sn>
                  </sp>
                </grup.nom>
              </sn>
            </S>
          </grup.nom>
        </sn>
      </sn>
    </sp>
    <f lem="." pos="fp" punct="period" wd="."/>
  </sentence>
  <sentence>
    <sn arg="arg0" elliptic="yes" func="suj" tem="agt"/>
    <grup.verb>
      <v lem="apartar" lss="A31.ditransitive-patient-locative" mood="indicative" num="s" person="3" pos="vmis3s0" postype="main" tense="past" wd="Apartó"/>
    </grup.verb>
    <sp arg="argM" func="cc" tem="mnr">
      <prep>
        <s lem="con" pos="sps00" postype="preposition" wd="con"/>
      </prep>
      <sn>
        <grup.nom gen="m" num="s">
          <s.a func="cn" gen="m" num="s">
            <grup.a gen="m" num="s">
              <a gen="m" lem="sumo" num="s" pos="aq0ms0" postype="qualificative" wd="sumo"/>
            </grup.a>
          </s.a>
          <n gen="m" lem="cuidado" lexicalid="noun.cuidado.1.default" num="s" origin="deverbal" pos="ncms000" postype="common" sense="16:03675696" wd="cuidado"/>
        </grup.nom>
      </sn>
    </sp>
    <sn arg="arg1" func="cd" tem="pat">
      <spec gen="m" num="s">
        <d gen="m" lem="el" num="s" pos="da0ms0" postype="article" wd="el"/>
      </spec>
      <grup.nom gen="m" num="s">
        <n gen="m" lem="juego" num="s" origin="deverbal" pos="ncms000" postype="common" sense="16:05990251" wd="juego"/>
        <sp>
          <prep>
            <s lem="de" pos="sps00" postype="preposition" wd="de"/>
          </prep>
          <sn>
            <grup.nom gen="m" num="s">
              <n gen="m" lem="tocador" num="s" pos="ncms000" postype="common" sense="16:02602127" wd="tocador"/>
            </grup.nom>
          </sn>
        </sp>
        <sn>
          <f lem="," pos="fc" punct="comma" wd=","/>
          <spec gen="m" num="s">
            <d gen="m" lem="uno" num="s" pos="di0ms0" postype="indefinite" wd="un"/>
          </spec>
          <grup.nom gen="m" num="s">
            <n gen="m" lem="regalo" num="s" pos="ncms000" postype="common" sense="16:09545388" wd="regalo"/>
            <sp>
              <prep>
                <s lem="de" pos="sps00" postype="preposition" wd="de"/>
              </prep>
              <sn>
                <spec gen="f" num="s">
                  <d gen="c" lem="su" num="s" person="3" pos="dp3cs0" postype="possessive" wd="su"/>
                </spec>
                <grup.nom gen="f" num="s">
                  <n gen="f" lem="abuela" num="s" pos="ncfs000" postype="common" sense="16:07299407" wd="abuela"/>
                </grup.nom>
              </sn>
            </sp>
            <S clausetype="relative">
              <sn arg="arg1" func="suj" tem="tem">
                <relatiu arg="arg1" tem="tem">
                  <p gen="f" lem="cuyo" num="s" pos="pr0fs000" postype="relative" wd="cuya"/>
                </relatiu>
                <grup.nom gen="f" num="s">
                  <n gen="f" lem="función" lexicalid="noun.función.2.default" num="s" origin="deverbal" pos="ncfs000" postype="common" sense="16:04011535" wd="función"/>
                </grup.nom>
              </sn>
              <neg func="mod">
                <r lem="no" pos="rn" postype="negative" wd="no"/>
              </neg>
              <grup.verb>
                <v lem="haber" mood="indicative" num="s" person="3" pos="vaii3s0" postype="auxiliary" tense="imperfect" wd="había"/>
                <v gen="m" lem="pasar" lss="B11.unaccusative-motion" mood="participle" num="s" pos="vmp00sm" postype="main" wd="pasado"/>
              </grup.verb>
              <sadv arg="argM" func="cc" tem="tmp">
                <grup.adv>
                  <r lem="nunca" pos="rg" wd="nunca"/>
                </grup.adv>
              </sadv>
              <sp arg="arg3" func="cc" tem="ein">
                <prep>
                  <s lem="de" pos="sps00" postype="preposition" wd="de"/>
                </prep>
                <sn>
                  <spec gen="f" num="s">
                    <d gen="f" lem="el" num="s" pos="da0fs0" postype="article" wd="la"/>
                  </spec>
                  <grup.nom gen="f" num="s">
                    <s.a gen="f" num="s">
                      <spec>
                        <r lem="dudosamente" pos="rg" wd="dudosamente"/>
                      </spec>
                      <grup.a gen="f" num="s">
                        <a gen="f" lem="decorativo" num="s" pos="aq0fs0" postype="qualificative" wd="decorativa"/>
                      </grup.a>
                    </s.a>
                  </grup.nom>
                </sn>
              </sp>
            </S>
          </grup.nom>
        </sn>
      </grup.nom>
    </sn>
    <f lem="." pos="fp" punct="period" wd="."/>
  </sentence>
  <sentence coord="yes">
    <S>
      <sadv arg="argM" func="cc" tem="tmp">
        <grup.adv>
          <r lem="luego" pos="rg" wd="Luego"/>
        </grup.adv>
      </sadv>
      <sn arg="arg0" elliptic="yes" func="suj" tem="agt"/>
      <grup.verb>
        <v lem="sacar" lss="A31.ditransitive-patient-locative" mood="indicative" num="s" person="3" pos="vmis3s0" postype="main" tense="past" wd="sacó"/>
      </grup.verb>
      <sn arg="arg1" func="cd" tem="pat">
        <spec gen="m" num="s">
          <d gen="m" lem="el" num="s" pos="da0ms0" postype="article" wd="el"/>
        </spec>
        <grup.nom gen="m" num="s">
          <n gen="m" lem="cajón" num="s" pos="ncms000" postype="common" sense="16:02597900" wd="cajón"/>
          <s.a gen="m" num="s">
            <grup.a gen="m" num="s">
              <a gen="m" lem="entero" num="s" pos="aq0ms0" postype="qualificative" wd="entero"/>
            </grup.a>
          </s.a>
        </grup.nom>
      </sn>
    </S>
    <conj conjunctiontype="coordinating">
      <c lem="y" pos="cc" postype="coordinating" wd="y"/>
    </conj>
    <S>
      <sn arg="arg0" elliptic="yes" func="suj" tem="agt"/>
      <sn arg="arg3" func="ci" tem="ben">
        <grup.nom>
          <p gen="c" lem="él" num="c" person="3" pos="pp3cn000" postype="personal" wd="se"/>
        </grup.nom>
      </sn>
      <sn arg="arg1" func="cd" tem="pat">
        <grup.nom gen="m" num="s">
          <p case="accusative" gen="m" lem="él" num="s" person="3" pos="pp3msa00" postype="personal" wd="lo"/>
        </grup.nom>
      </sn>
      <grup.verb>
        <v lem="colocar" lss="A31.ditransitive-patient-locative" mood="indicative" num="s" person="3" pos="vmis3s0" postype="main" tense="past" wd="colocó"/>
      </grup.verb>
      <sp arg="argM" func="cc" tem="mnr">
        <prep>
          <s lem="con" pos="sps00" postype="preposition" wd="con"/>
        </prep>
        <sn>
          <grup.nom gen="f" num="s">
            <n gen="f" lem="dulzura" num="s" pos="ncfs000" postype="common" sense="16:03658614" wd="dulzura"/>
          </grup.nom>
        </sn>
      </sp>
      <sp arg="arg2" func="cc" tem="loc">
        <prep>
          <s lem="en" pos="sps00" postype="preposition" wd="en"/>
        </prep>
        <sn>
          <spec gen="m" num="s">
            <d gen="m" lem="el" num="s" pos="da0ms0" postype="article" wd="el"/>
          </spec>
          <grup.nom gen="m" num="s">
            <n gen="m" lem="regazo" num="s" pos="ncms000" postype="common" sense="16:04309381" wd="regazo"/>
          </grup.nom>
        </sn>
      </sp>
    </S>
    <f lem="." pos="fp" punct="period" wd="."/>
  </sentence>
  <sentence>
    <f lem="-" pos="fg" punct="hyphen" wd="-"/>
    <f lem="-" pos="fg" punct="hyphen" wd="-"/>
    <interjeccio>
      <i lem="ay" wd="Ay"/>
    </interjeccio>
    <f lem="-" pos="fg" punct="hyphen" wd="-"/>
    <f lem="-" pos="fg" punct="hyphen" wd="-"/>
    <sn arg="arg0" elliptic="yes" func="suj" tem="agt"/>
    <grup.verb>
      <v lem="suspirar" lss="D11.inergative-agentive" mood="indicative" num="s" person="3" pos="vmis3s0" postype="main" tense="past" wd="suspiró"/>
    </grup.verb>
    <S arg="argM" clausetype="participle" func="cpred" impersonal="yes" predicate="suj" tem="atr">
      <f lem="," pos="fc" punct="comma" wd=","/>
      <participi>
        <a gen="f" lem="embelesado" lss="B22.unaccusative-passive-transitive" num="s" pos="aq0fsp" posfunction="participle" postype="qualificative" wd="embelesada"/>
      </participi>
      <sp arg="argM" func="cc" tem="loc">
        <prep>
          <s lem="ante" pos="sps00" postype="preposition" wd="ante"/>
        </prep>
        <sn>
          <spec gen="m" num="s">
            <d gen="m" lem="el" num="s" pos="da0ms0" postype="article" wd="el"/>
          </spec>
          <grup.nom gen="m" num="s">
            <n gen="m" lem="esplendor" num="s" pos="ncms000" postype="common" sense="16:03776178" wd="esplendor"/>
            <sp>
              <prep>
                <s lem="de" pos="sps00" postype="preposition" wd="de"/>
              </prep>
              <sn>
                <spec gen="f" num="p">
                  <d gen="c" lem="su" num="p" person="3" pos="dp3cp0" postype="possessive" wd="sus"/>
                </spec>
                <grup.nom gen="f" num="p">
                  <n gen="f" lem="reliquia" num="p" pos="ncfp000" postype="common" sense="16:03227440" wd="reliquias"/>
                </grup.nom>
              </sn>
            </sp>
          </grup.nom>
        </sn>
      </sp>
      <sp arg="argM" func="cc" tem="adv">
        <f lem="," pos="fc" punct="comma" wd=","/>
        <prep>
          <s lem="sin" pos="sps00" postype="preposition" wd="sin"/>
        </prep>
        <S clausetype="completive" impersonal="yes">
          <infinitiu>
            <v lem="saber" lss="A22.transitive-agentive-theme" mood="infinitive" pos="vmn0000" postype="main" wd="saber"/>
          </infinitiu>
          <S arg="arg1" clausetype="completive" func="cd" tem="pat" verbless="yes">
            <sn>
              <grup.nom>
                <p gen="c" lem="cuál" num="s" pos="pt0cs000" postype="interrogative" wd="cuál"/>
              </grup.nom>
            </sn>
            <S clausetype="completive" impersonal="yes">
              <infinitiu>
                <v lem="escoger" lss="A21.transitive-agentive-patient" mood="infinitive" pos="vmn0000" postype="main" wd="escoger"/>
              </infinitiu>
              <sadv arg="argM" func="cc" tem="adv">
                <grup.adv>
                  <r lem="primero" pos="rg" wd="primero"/>
                </grup.adv>
              </sadv>
            </S>
          </S>
        </S>
      </sp>
    </S>
    <f lem="." pos="fp" punct="period" wd="."/>
  </sentence>
  <sentence coord="yes">
    <S coord="yes">
      <S>
        <sn arg="arg0" elliptic="yes" func="suj" tem="agt"/>
        <sn arg="arg1" func="cd" tem="pat">
          <grup.nom gen="f" num="p">
            <p case="accusative" gen="f" lem="él" num="p" person="3" pos="pp3fpa00" postype="personal" wd="Las"/>
          </grup.nom>
        </sn>
        <grup.verb>
          <v lem="sobar" lss="A21.transitive-agentive-patient" mood="indicative" num="s" person="3" pos="vmis3s0" postype="main" tense="past" wd="sobó"/>
        </grup.verb>
      </S>
      <f lem="," pos="fc" punct="comma" wd=","/>
      <S>
        <sn arg="arg0" elliptic="yes" func="suj" tem="agt"/>
        <sn arg="arg1" func="cd" tem="pat">
          <grup.nom gen="f" num="p">
            <p case="accusative" gen="f" lem="él" num="p" person="3" pos="pp3fpa00" postype="personal" wd="las"/>
          </grup.nom>
        </sn>
        <grup.verb>
          <v lem="acariciar" lss="A21.transitive-agentive-patient" mood="indicative" num="s" person="3" pos="vmis3s0" postype="main" tense="past" wd="acarició"/>
        </grup.verb>
      </S>
      <f lem="," pos="fc" punct="comma" wd=","/>
      <S>
        <sn arg="arg0" elliptic="yes" func="suj" tem="agt"/>
        <sn arg="arg1" func="cd" tem="pat">
          <grup.nom gen="f" num="p">
            <p case="accusative" gen="f" lem="él" num="p" person="3" pos="pp3fpa00" postype="personal" wd="las"/>
          </grup.nom>
        </sn>
        <grup.verb>
          <v lem="recontar" lss="A21.transitive-agentive-patient" mood="indicative" num="s" person="3" pos="vmis3s0" postype="main" tense="past" wd="recontó"/>
        </grup.verb>
      </S>
      <f lem="," pos="fc" punct="comma" wd=","/>
    </S>
    <conj conjunctiontype="coordinating">
      <c lem="y" pos="cc" postype="coordinating" wd="y"/>
    </conj>
    <S>
      <sadv arg="argM" func="cc" tem="tmp">
        <grup.adv>
          <r lem="al_cabo" pos="rg" wd="al_cabo"/>
        </grup.adv>
      </sadv>
      <sn arg="arg0" elliptic="yes" func="suj" tem="agt"/>
      <morfema.pronominal>
        <p gen="c" lem="él" num="c" person="3" pos="p0300000" wd="se"/>
      </morfema.pronominal>
      <grup.verb>
        <v lem="decidir" lss="A22.transitive-agentive-theme" mood="indicative" num="s" person="3" pos="vmis3s0" postype="main" tense="past" wd="decidió"/>
      </grup.verb>
      <sp arg="arg1" func="creg" tem="tem">
        <prep>
          <s lem="por" pos="sps00" postype="preposition" wd="por"/>
        </prep>
        <sn>
          <spec gen="m" num="s">
            <d gen="m" lem="el" num="s" pos="da0ms0" postype="article" wd="el"/>
          </spec>
          <grup.nom gen="m" num="s">
            <n gen="m" lem="puro" num="s" pos="ncms000" postype="common" sense="16:02440112" wd="puro"/>
          </grup.nom>
        </sn>
      </sp>
    </S>
    <f lem="." pos="fp" punct="period" wd="."/>
  </sentence>
  <sentence>
    <sn arg="arg1" elliptic="yes" func="suj" tem="tem"/>
    <grup.verb>
      <v lem="ser" lss="C21.state-attributive" mood="indicative" num="s" person="3" pos="vsii3s0" postype="semiauxiliary" tense="imperfect" wd="Era"/>
    </grup.verb>
    <sn arg="arg2" func="atr" tem="atr">
      <spec gen="f" num="s">
        <d gen="f" lem="uno" num="s" pos="di0fs0" postype="indefinite" wd="una"/>
      </spec>
      <grup.nom gen="f" num="s">
        <n gen="f" lem="colilla" num="s" pos="ncfs000" postype="common" sense="16:02359166" wd="colilla"/>
        <sp>
          <prep>
            <s lem="de" pos="sps00" postype="preposition" wd="de"/>
          </prep>
          <sn>
            <grup.nom gen="m" num="s">
              <n gen="m" lem="habano" num="s" pos="ncms000" postype="common" sense="16:cs1" wd="habano"/>
              <sp>
                <prep>
                  <s lem="de" pos="sps00" postype="preposition" wd="de"/>
                </prep>
                <sn>
                  <grup.nom gen="f" num="p">
                    <s.a gen="f" num="p">
                      <grup.a gen="f" num="p">
                        <a gen="f" lem="generoso" num="p" pos="aq0fp0" postype="qualificative" wd="generosas"/>
                      </grup.a>
                    </s.a>
                    <n gen="f" lem="proporción" num="p" pos="ncfp000" postype="common" sense="16:09953487" wd="proporciones"/>
                  </grup.nom>
                </sn>
              </sp>
            </grup.nom>
          </sn>
        </sp>
        <S clausetype="participle" impersonal="yes">
          <f lem="," pos="fc" punct="comma" wd=","/>
          <participi>
            <a gen="f" lem="atado" lss="B22.unaccusative-passive-transitive" num="s" pos="aq0fsp" posfunction="participle" postype="qualificative" wd="atada"/>
          </participi>
          <sp arg="argM" func="cc" tem="adv">
            <prep>
              <s lem="con" pos="sps00" postype="preposition" wd="con"/>
            </prep>
            <sn>
              <grup.nom gen="m" num="s">
                <n gen="m" lem="bramante" num="s" pos="ncms000" postype="common" sense="16:03428889" wd="bramante"/>
                <s.a gen="m" num="s">
                  <grup.a gen="m" num="s">
                    <a gen="m" lem="rojo" num="s" pos="aq0ms0" postype="qualificative" wd="rojo"/>
                  </grup.a>
                </s.a>
              </grup.nom>
            </sn>
          </sp>
          <sp arg="argM" func="cc" tem="loc">
            <prep>
              <s lem="a" pos="sps00" postype="preposition" wd="a"/>
            </prep>
            <sn>
              <spec gen="f" num="s">
                <d gen="f" lem="uno" num="s" pos="di0fs0" postype="indefinite" wd="una"/>
              </spec>
              <grup.nom gen="f" num="s">
                <n gen="f" lem="etiqueta" num="s" pos="ncfs000" postype="common" sense="16:05427590" wd="etiqueta"/>
                <sn entityref="ne" ne="person">
                  <f lem=":" pos="fd" punct="colon" wd=":"/>
                  <grup.nom gen="m" num="s">
                    <n lem="Rafael" ne="person" pos="np0000p" postype="proper" sense="16:cs1" wd="Rafael"/>
                    <sn entityref="ne" ne="date">
                      <f lem="," pos="fc" punct="comma" wd=","/>
                      <grup.nom gen="m" num="p">
                        <w lem="[??:7/??/??:??.??]" ne="date" wd="7"/>
                        <sp>
                          <prep>
                            <s lem="de" pos="sps00" postype="preposition" wd="de"/>
                          </prep>
                          <sn entityref="ne" ne="date">
                            <grup.nom gen="m" num="s">
                              <w lem="[??:??/02/??:??.??]" ne="date" wd="febrero"/>
                              <sp>
                                <prep>
                                  <s lem="de" pos="sps00" postype="preposition" wd="de"/>
                                </prep>
                                <sn entityref="ne" ne="date">
                                  <grup.nom>
                                    <w lem="[??:??/??/1978:??.??]" ne="date" wd="1978"/>
                                  </grup.nom>
                                </sn>
                              </sp>
                            </grup.nom>
                          </sn>
                        </sp>
                      </grup.nom>
                    </sn>
                  </grup.nom>
                </sn>
              </grup.nom>
            </sn>
          </sp>
        </S>
      </grup.nom>
    </sn>
    <f lem="." pos="fp" punct="period" wd="."/>
  </sentence>
  <sentence coord="yes">
    <S coord="yes">
      <f lem="-" pos="fg" punct="hyphen" wd="-"/>
      <S>
        <sn arg="arg0" func="suj" tem="src">
          <spec gen="m" num="s">
            <d gen="m" lem="el" num="s" pos="da0ms0" postype="article" wd="El"/>
          </spec>
          <grup.nom gen="m" num="s">
            <n gen="m" lem="cigarro" num="s" pos="ncms000" postype="common" sense="16:02440722" wd="cigarro"/>
          </grup.nom>
        </sn>
        <grup.verb>
          <v lem="crujir" lss="D31.inergative-source" mood="indicative" num="s" person="3" pos="vmii3s0" postype="main" tense="imperfect" wd="crujía"/>
        </grup.verb>
      </S>
      <f lem="," pos="fc" punct="comma" wd=","/>
      <S>
        <sn arg="arg1" elliptic="yes" func="suj" tem="tem"/>
        <grup.verb>
          <v lem="estar" lss="C21.state-attributive" mood="indicative" num="s" person="3" pos="vmii3s0" postype="main" tense="imperfect" wd="estaba"/>
        </grup.verb>
        <sa arg="arg2" coord="yes" func="atr" tem="atr">
          <sa>
            <grup.a>
              <a gen="m" lem="reseco" num="s" pos="aq0ms0" postype="qualificative" wd="reseco"/>
            </grup.a>
          </sa>
          <conj conjunctiontype="coordinating">
            <c lem="y" pos="cc" postype="coordinating" wd="y"/>
          </conj>
          <S clausetype="participle" impersonal="yes">
            <participi>
              <a gen="m" lem="deshojado" num="s" pos="aq0msp" posfunction="participle" postype="qualificative" wd="deshojado"/>
            </participi>
          </S>
        </sa>
      </S>
    </S>
    <sp>
      <f lem="," pos="fc" punct="comma" wd=","/>
      <prep>
        <s lem="como" pos="sps00" postype="preposition" wd="como"/>
      </prep>
      <S clausetype="completive">
        <conj conjunctiontype="subordinating">
          <c lem="si" pos="cs" postype="subordinating" wd="si"/>
        </conj>
        <sn arg="arg1" elliptic="yes" func="suj" tem="tem"/>
        <grup.verb>
          <v lem="ser" lss="C21.state-attributive" mood="subjunctive" num="s" person="3" pos="vssi3s0" postype="semiauxiliary" tense="imperfect" wd="fuera"/>
        </grup.verb>
        <sp arg="arg2" func="atr" tem="atr">
          <prep>
            <s lem="de" pos="sps00" postype="preposition" wd="de"/>
          </prep>
          <sn>
            <grup.nom gen="m" num="s">
              <n gen="m" lem="papel" num="s" pos="ncms000" postype="common" sense="16:04731024" wd="papel"/>
            </grup.nom>
          </sn>
        </sp>
      </S>
    </sp>
    <f lem="." pos="fp" punct="period" wd="."/>
  </sentence>
  <sentence coord="yes">
    <S>
      <sn arg="arg0" entityref="ne" func="suj" ne="person" tem="agt">
        <grup.nom gen="f" num="s">
          <n lem="Antonia" ne="person" pos="np0000p" postype="proper" sense="16:cs1" wd="Antonia"/>
        </grup.nom>
      </sn>
      <morfema.pronominal>
        <p gen="c" lem="él" num="c" person="3" pos="p0300000" wd="se"/>
      </morfema.pronominal>
      <grup.verb>
        <v lem="chupar" lss="A21.transitive-agentive-patient" mood="indicative" num="s" person="3" pos="vmis3s0" postype="main" tense="past" wd="chupó"/>
      </grup.verb>
      <sn arg="arg1" func="cd" tem="pat">
        <spec gen="m" num="s">
          <d gen="m" lem="el" num="s" pos="da0ms0" postype="article" wd="el"/>
        </spec>
        <grup.nom gen="m" num="s">
          <n gen="m" lem="dedo" num="s" pos="ncms000" postype="common" sense="16:04312269" wd="dedo"/>
          <sn>
            <grup.nom gen="m" num="s">
              <n gen="m" lem="índice" num="s" pos="ncms000" postype="common" sense="16:04313265" wd="índice"/>
            </grup.nom>
          </sn>
        </grup.nom>
      </sn>
    </S>
    <conj conjunctiontype="coordinating">
      <c lem="y" pos="cc" postype="coordinating" wd="y"/>
    </conj>
    <S>
      <sn arg="arg0" elliptic="yes" func="suj" tem="agt"/>
      <grup.verb>
        <v lem="procurar" lss="A21.transitive-agentive-patient" mood="indicative" num="s" person="3" pos="vmis3s0" postype="main" tense="past" wd="procuró"/>
      </grup.verb>
      <S arg="arg1" clausetype="completive" func="cd" impersonal="yes" tem="pat">
        <infinitiu>
          <v lem="pegar" lss="A11.transitive-causative" mood="infinitive" pos="vmn0000" postype="main" wd="pegar"/>
        </infinitiu>
        <sn arg="arg1" func="cd" tem="tem">
          <spec gen="f" num="p">
            <d gen="f" lem="el" num="p" pos="da0fp0" postype="article" wd="las"/>
          </spec>
          <grup.nom gen="f" num="p">
            <n gen="f" lem="hoja" num="p" pos="ncfp000" postype="common" sense="16:04731186" wd="hojas"/>
            <s.a gen="f" num="p">
              <grup.a gen="f" num="p">
                <a gen="c" lem="exterior" num="p" pos="aq0cp0" postype="qualificative" wd="exteriores"/>
              </grup.a>
            </s.a>
          </grup.nom>
        </sn>
        <sp arg="argM" func="cc" tem="loc">
          <prep>
            <s lem="en" pos="sps00" postype="preposition" wd="en"/>
          </prep>
          <sn>
            <spec gen="m" num="s">
              <d gen="c" lem="su" num="s" person="3" pos="dp3cs0" postype="possessive" wd="su"/>
            </spec>
            <grup.nom gen="m" num="s">
              <n gen="m" lem="sitio" num="s" pos="ncms000" postype="common" sense="16:03960878" wd="sitio"/>
            </grup.nom>
          </sn>
        </sp>
      </S>
    </S>
    <f lem="." pos="fp" punct="period" wd="."/>
  </sentence>
  <sentence coord="yes">
    <S>
      <morfema.pronominal>
        <p gen="c" lem="él" num="c" person="3" pos="p0300000" wd="Se"/>
      </morfema.pronominal>
      <sn arg="arg2" func="ci" tem="ben">
        <grup.nom num="s">
          <p case="dative" gen="c" lem="él" num="s" person="3" pos="pp3csd00" postype="personal" wd="le"/>
        </grup.nom>
      </sn>
      <grup.verb>
        <v lem="ocurrir" lss="C41.state-benefactive" mood="indicative" num="s" person="3" pos="vmis3s0" postype="main" tense="past" wd="ocurrió"/>
      </grup.verb>
      <S arg="arg1" clausetype="completive" func="suj" tem="tem">
        <conj conjunctiontype="subordinating">
          <c lem="que" pos="cs" postype="subordinating" wd="que"/>
        </conj>
        <sn arg="arg1" func="suj" tem="tem">
          <spec gen="f" num="s">
            <d gen="c" lem="su" num="s" person="3" pos="dp3cs0" postype="possessive" wd="su"/>
          </spec>
          <grup.nom gen="f" num="s">
            <n gen="f" lem="saliva" num="s" pos="ncfs000" postype="common" sense="16:04205800" wd="saliva"/>
          </grup.nom>
        </sn>
        <morfema.pronominal>
          <p gen="c" lem="él" num="c" person="3" pos="p0300000" wd="se"/>
        </morfema.pronominal>
        <grup.verb>
          <v lem="mezclar" lss="B21.unaccusative-state" mood="indicative" num="s" person="3" pos="vmii3s0" postype="main" tense="imperfect" wd="mezclaba"/>
        </grup.verb>
        <sadv arg="argM" func="cc" tem="mnr">
          <grup.adv>
            <r lem="así" pos="rg" wd="así"/>
          </grup.adv>
        </sadv>
        <sp arg="argM" func="cc" tem="adv">
          <prep>
            <s lem="con" pos="sps00" postype="preposition" wd="con"/>
          </prep>
          <sn>
            <spec gen="f" num="s">
              <d gen="f" lem="el" num="s" pos="da0fs0" postype="article" wd="la"/>
            </spec>
            <grup.nom gen="f" num="s">
              <sp>
                <prep>
                  <s lem="de" pos="sps00" postype="preposition" wd="de"/>
                </prep>
                <sn entityref="ne" ne="person">
                  <grup.nom gen="m" num="s">
                    <n lem="Rafael" ne="person" pos="np0000p" postype="proper" sense="16:cs1" wd="Rafael"/>
                  </grup.nom>
                </sn>
              </sp>
            </grup.nom>
          </sn>
        </sp>
        <sp arg="argM" func="cc" tem="adv">
          <f lem="," pos="fc" punct="comma" wd=","/>
          <prep>
            <s lem="con" pos="sps00" postype="preposition" wd="con"/>
          </prep>
          <sn>
            <spec gen="f" num="s">
              <d gen="f" lem="el" num="s" pos="da0fs0" postype="article" wd="la"/>
            </spec>
            <grup.nom gen="f" num="s">
              <n gen="f" lem="huella" num="s" pos="ncfs000" postype="common" sense="16:02852588" wd="huella"/>
              <s.a gen="f" num="s">
                <spec>
                  <r lem="ahora" pos="rg" wd="ahora"/>
                </spec>
                <grup.a gen="f" num="s">
                  <a gen="f" lem="seco" num="s" pos="aq0fs0" postype="qualificative" wd="seca"/>
                </grup.a>
              </s.a>
              <sp>
                <prep>
                  <s lem="de" pos="sps00" postype="preposition" wd="de"/>
                </prep>
                <sn>
                  <spec gen="m" num="p">
                    <d gen="c" lem="su" num="p" person="3" pos="dp3cp0" postype="possessive" wd="sus"/>
                  </spec>
                  <grup.nom gen="m" num="p">
                    <n gen="m" lem="labio" num="p" pos="ncmp000" postype="common" sense="16:04118055" wd="labios"/>
                  </grup.nom>
                </sn>
              </sp>
            </grup.nom>
          </sn>
          <f lem="," pos="fc" punct="comma" wd=","/>
        </sp>
      </S>
    </S>
    <conj conjunctiontype="coordinating">
      <c lem="y" pos="cc" postype="coordinating" wd="y"/>
    </conj>
    <S>
      <sn arg="arg0" func="suj" tem="cau">
        <spec gen="m" num="s">
          <d gen="c" lem="tal" num="s" pos="dd0cs0" postype="demonstrative" wd="tal"/>
        </spec>
        <grup.nom gen="m" num="s">
          <n gen="m" lem="pensamiento" lexicalid="noun.pensamiento.1.default" num="s" origin="deverbal" pos="ncms000" postype="common" sense="16:04492484" wd="pensamiento"/>
        </grup.nom>
      </sn>
      <sn arg="arg2" func="ci" tem="ben">
        <grup.nom num="s">
          <p case="dative" gen="c" lem="él" num="s" person="3" pos="pp3csd00" postype="personal" wd="le"/>
        </grup.nom>
      </sn>
      <grup.verb>
        <v lem="provocar" lss="A11.transitive-causative" mood="indicative" num="s" person="3" pos="vmis3s0" postype="main" tense="past" wd="provocó"/>
      </grup.verb>
      <sn arg="arg1" coord="yes" func="cd" tem="tem">
        <sn coord="yes">
          <sn>
            <spec gen="f" num="s">
              <d gen="f" lem="uno" num="s" pos="di0fs0" postype="indefinite" wd="una"/>
            </spec>
            <grup.nom gen="f" num="s">
              <n gen="f" lem="sofoquina" num="s" pos="ncfs000" postype="common" sense="16:cs1" wd="sofoquina"/>
            </grup.nom>
          </sn>
          <conj conjunctiontype="coordinating">
            <c lem="y" pos="cc" postype="coordinating" wd="y"/>
          </conj>
          <sn>
            <spec gen="m" num="s">
              <d gen="m" lem="uno" num="s" pos="di0ms0" postype="indefinite" wd="un"/>
            </spec>
            <grup.nom gen="m" num="s">
              <n gen="m" lem="mareo" lexicalid="noun.mareo.1.default" num="s" origin="deverbal" pos="ncms000" postype="common" sense="16:10302574" wd="mareo"/>
            </grup.nom>
          </sn>
        </sn>
        <sp>
          <prep>
            <s lem="como" pos="sps00" postype="preposition" wd="como"/>
          </prep>
          <sp>
            <prep>
              <s lem="de" pos="sps00" postype="preposition" wd="de"/>
            </prep>
            <sadv>
              <grup.adv>
                <r lem="dentro" pos="rg" wd="dentro"/>
              </grup.adv>
            </sadv>
          </sp>
        </sp>
        <sp>
          <f lem="," pos="fc" punct="comma" wd=","/>
          <prep>
            <s lem="como" pos="sps00" postype="preposition" wd="como"/>
          </prep>
          <sp>
            <prep>
              <s lem="en" pos="sps00" postype="preposition" wd="en"/>
            </prep>
            <sn>
              <spec gen="f" num="p">
                <d gen="f" lem="el" num="p" pos="da0fp0" postype="article" wd="las"/>
              </spec>
              <grup.nom gen="f" num="p">
                <n gen="f" lem="tripa" num="p" pos="ncfp000" postype="common" sense="16:04304039" wd="tripas"/>
              </grup.nom>
            </sn>
          </sp>
        </sp>
      </sn>
    </S>
    <f lem="." pos="fp" punct="period" wd="."/>
  </sentence>
  <sentence verbless="yes">
    <sn>
      <sn>
        <spec gen="m" num="p">
          <d gen="c" lem="qué" num="c" pos="de0cn0" postype="exclamative" wd="Qué"/>
          <d gen="c" lem="dos" num="p" pos="dn0cp0" postype="numeral" wd="dos"/>
        </spec>
        <grup.nom gen="m" num="p">
          <n gen="m" lem="año" num="p" pos="ncmp000" postype="common" sense="16:10917509" wd="años"/>
        </grup.nom>
        <spec gen="m" num="p">
          <d gen="m" lem="aquel" num="p" pos="dd0mp0" postype="demonstrative" wd="aquellos"/>
        </spec>
      </sn>
      <sn entityref="ne" ne="date">
        <f lem="," pos="fc" punct="comma" wd=","/>
        <spec gen="f" num="s">
          <d gen="f" lem="el" num="s" pos="da0fs0" postype="article" wd="la"/>
        </spec>
        <grup.nom gen="f" num="s">
          <n gen="f" lem="etapa" num="s" pos="ncfs000" postype="common" sense="16:10843624" wd="etapa"/>
          <s.a gen="f" num="s">
            <grup.a gen="f" num="s">
              <a gen="c" lem="rafaelista" num="s" pos="aq0cs0" postype="qualificative" wd="rafaelista"/>
            </grup.a>
          </s.a>
        </grup.nom>
        <f lem="," pos="fc" punct="comma" wd=","/>
      </sn>
    </sn>
    <S clausetype="adverbial">
      <conj conjunctiontype="subordinating">
        <c lem="cuando" pos="cs" postype="subordinating" wd="cuando"/>
      </conj>
      <sn arg="arg0" func="suj" tem="agt">
        <grup.nom gen="f" num="s">
          <p gen="f" lem="él" num="s" person="3" pos="pp3fs000" postype="personal" wd="ella"/>
        </grup.nom>
      </sn>
      <grup.verb>
        <v lem="aguardar" lss="A21.transitive-agentive-patient" mood="indicative" num="s" person="3" pos="vmii3s0" postype="main" tense="imperfect" wd="aguardaba"/>
      </grup.verb>
      <sn arg="argM" func="cc" tem="tmp">
        <spec gen="m" num="s">
          <d gen="c" lem="cada" num="s" pos="di0cs0" postype="indefinite" wd="cada"/>
        </spec>
        <grup.nom gen="m" num="s">
          <n gen="m" lem="día" num="s" pos="ncms000" postype="common" sense="16:10878116" wd="día"/>
        </grup.nom>
      </sn>
      <sn arg="arg1" func="cd" tem="pat">
        <spec gen="m" num="s">
          <d gen="m" lem="el" num="s" pos="da0ms0" postype="article" wd="el"/>
        </spec>
        <grup.nom gen="m" num="s">
          <n gen="m" lem="ruido" num="s" pos="ncms000" postype="common" sense="16:03895604" wd="ruido"/>
          <sp>
            <prep>
              <s lem="de" pos="sps00" postype="preposition" wd="de"/>
            </prep>
            <sn>
              <spec gen="f" num="p">
                <d gen="f" lem="el" num="p" pos="da0fp0" postype="article" wd="las"/>
              </spec>
              <grup.nom gen="f" num="p">
                <n gen="f" lem="llave" num="p" pos="ncfp000" postype="common" sense="16:02886601" wd="llaves"/>
                <sp>
                  <prep>
                    <s contracted="yes" gen="m" lem="del" num="s" pos="spcms" postype="preposition" wd="del"/>
                  </prep>
                  <sn>
                    <grup.nom gen="m" num="s">
                      <n gen="m" lem="vecino" num="s" pos="ncms000" postype="common" sense="16:07429701" wd="vecino"/>
                    </grup.nom>
                  </sn>
                </sp>
              </grup.nom>
            </sn>
          </sp>
        </grup.nom>
      </sn>
    </S>
    <f lem="." pos="fp" punct="period" wd="."/>
  </sentence>
  <sentence>
    <sadv arg="argM" func="cc" tem="tmp">
      <grup.adv>
        <r lem="entonces" pos="rg" wd="Entonces"/>
      </grup.adv>
    </sadv>
    <sn arg="arg0" elliptic="yes" func="suj" tem="agt"/>
    <grup.verb>
      <v lem="correr" lss="D11.inergative-agentive" mood="indicative" num="s" person="3" pos="vmii3s0" postype="main" tense="imperfect" wd="corría"/>
    </grup.verb>
    <sadv arg="argM" func="cc" tem="mnr">
      <grup.adv>
        <r lem="cautelosamente" pos="rg" wd="cautelosamente"/>
      </grup.adv>
    </sadv>
    <sp arg="arg4" func="cc" tem="des">
      <prep>
        <s lem="a" pos="sps00" postype="preposition" wd="a"/>
      </prep>
      <sn>
        <spec gen="f" num="s">
          <d gen="f" lem="el" num="s" pos="da0fs0" postype="article" wd="la"/>
        </spec>
        <grup.nom gen="f" num="s">
          <n gen="f" lem="mirilla" num="s" pos="ncfs000" postype="common" sense="16:03100968" wd="mirilla"/>
        </grup.nom>
      </sn>
    </sp>
    <sp arg="argM" func="cc" tem="fin">
      <prep>
        <s lem="para" pos="sps00" postype="preposition" wd="para"/>
      </prep>
      <S clausetype="completive" impersonal="yes">
        <infinitiu>
          <v lem="capturar" lss="A21.transitive-agentive-patient" mood="infinitive" pos="vmn0000" postype="main" wd="capturar"/>
        </infinitiu>
        <sadv arg="argM" func="cc" tem="mnr">
          <grup.adv>
            <r lem="así" pos="rg" wd="así"/>
          </grup.adv>
        </sadv>
        <sn arg="arg1" coord="yes" func="cd" tem="pat">
          <sn>
            <spec gen="m" num="s">
              <d gen="m" lem="uno" num="s" pos="di0ms0" postype="indefinite" wd="un"/>
            </spec>
            <grup.nom gen="m" num="s">
              <n gen="m" lem="instante" num="s" pos="ncms000" postype="common" sense="16:10898122" wd="instante"/>
              <sp>
                <prep>
                  <s lem="de" pos="sps00" postype="preposition" wd="de"/>
                </prep>
                <sn>
                  <spec gen="m" num="s">
                    <d gen="c" lem="su" num="s" person="3" pos="dp3cs0" postype="possessive" wd="su"/>
                  </spec>
                  <grup.nom gen="m" num="s">
                    <n gen="m" lem="perfil" num="s" pos="ncms000" postype="common" sense="16:04557136" wd="perfil"/>
                  </grup.nom>
                </sn>
              </sp>
            </grup.nom>
          </sn>
          <conj conjunctiontype="coordinating">
            <c lem="o" pos="cc" postype="coordinating" wd="o"/>
          </conj>
          <sn>
            <spec gen="f" num="s">
              <d gen="f" lem="el" num="s" pos="da0fs0" postype="article" wd="la"/>
            </spec>
            <grup.nom gen="f" num="s">
              <s.a gen="f" num="s">
                <grup.a gen="f" num="s">
                  <a gen="f" lem="goloso" num="s" pos="aq0fs0" postype="qualificative" wd="golosa"/>
                </grup.a>
              </s.a>
              <n gen="f" lem="envergadura" num="s" pos="ncfs000" postype="common" sense="16:03996935" wd="envergadura"/>
              <sp>
                <prep>
                  <s lem="de" pos="sps00" postype="preposition" wd="de"/>
                </prep>
                <sn>
                  <spec gen="m" num="p">
                    <d gen="c" lem="su" num="p" person="3" pos="dp3cp0" postype="possessive" wd="sus"/>
                  </spec>
                  <grup.nom gen="m" num="p">
                    <n gen="m" lem="hombro" num="p" pos="ncmp000" postype="common" sense="16:04297988" wd="hombros"/>
                  </grup.nom>
                </sn>
              </sp>
            </grup.nom>
          </sn>
        </sn>
      </S>
    </sp>
    <f lem="." pos="fp" punct="period" wd="."/>
  </sentence>
</article>
