<?xml version="1.0" encoding="UTF-8" standalone="no"?>
<!-- 

  ancora-2.0
       
			Copyright (C) 2007, 2008, 2009, 2010, 2011 UB - CLiC
			Centre de Llenguatge i Computació - Universitat de Barcelona
 
  This file is part of ancora-2.0.
 
  ancora-2.0 is free software and data: you can redistribute it and/or modify
  it under the terms of the GNU General Public License as published
  by the Free Software Foundation, either version 3 of the License,
  or (at your option) any later version.

  ancora-2.0 is distributed in the hope that it will be useful,
  but WITHOUT ANY WARRANTY; without even the implied warranty of
  MERCHANTABILITY or FITNESS FOR A PARTICULAR PURPOSE.  See the
  GNU General Public License for more details.
 
  You should have received a copy of the GNU General Public License
  along with ancora-2.0.  If not, see &lt;http://www.gnu.org/licenses/&gt;.
 
  Check a text in catalan explaining the terms of the license at http://www.softcatala.cat/wiki/GPL3.
  In spanish at http://www.viti.es/gnu/licenses/gpl.html
 

  The following paper must be cited when using this corpus:

 * Taulé, M., M.A. Martí, M. Recasens (2008) 'Ancora: Multilevel Annotated Corpora for Catalan and Spanish',
   Proceedings of 6th International Conference on Language Resources and Evaluation. Marrakesh (Morocco).

  In addition, the following paper must be cited if coreference information (attributes entity, coreftype,
  corefsubtype, homophoricDD or entityref) is used:

 * Recasens, Marta, M. Antònia Martí (2010) ‘AnCora-CO: Coreferentially annotated corpora for Spanish and
   Catalan’. Language Resources and Evaluation, Springer Science.

  Additionally, the following paper must be cited when argumental attributes in "sn" or "grup.nom"
  (attributes func, arg, tem or lexicalid) are used:

 * Peris, Aina, Mariona Taulé, Horacio Rodríguez (2010) ‘Semantic Annotation of Deverbal Nominalizations in the
   Spanish AnCora corpus’. Treebanks and Linguistic Theories (TLT-2010), Estonia.
-->
<article lng="es">
  <sentence coord="yes">
    <S>
      <sn arg="arg0" elliptic="yes" func="suj" tem="agt"/>
      <sn arg="arg1" func="cd" tem="pat">
        <grup.nom gen="m" num="p">
          <p case="accusative" gen="m" lem="él" num="p" person="3" pos="pp3mpa00" postype="personal" wd="Los"/>
        </grup.nom>
      </sn>
      <grup.verb>
        <v lem="apartar" lss="A31.ditransitive-patient-locative" mood="indicative" num="s" person="3" pos="vmis3s0" postype="main" tense="past" wd="apartó"/>
      </grup.verb>
      <sadv arg="argM" func="cc" tem="mnr">
        <grup.adv>
          <r lem="bruscamente" pos="rg" wd="bruscamente"/>
        </grup.adv>
      </sadv>
      <sp arg="arg2" func="cc" tem="loc">
        <prep>
          <s contracted="yes" gen="m" lem="del" num="s" pos="spcms" postype="preposition" wd="del"/>
        </prep>
        <sn>
          <grup.nom gen="m" num="s">
            <n gen="m" lem="mueble" num="s" pos="ncms000" postype="common" sense="16:02729950" wd="mueble"/>
          </grup.nom>
        </sn>
      </sp>
    </S>
    <conj conjunctiontype="coordinating">
      <c lem="y" pos="cc" postype="coordinating" wd="y"/>
    </conj>
    <S>
      <sn arg="arg1" elliptic="yes" func="suj" tem="tem"/>
      <sn arg="arg1" func="cd" tem="tem">
        <grup.nom gen="m" num="p">
          <p case="accusative" gen="m" lem="él" num="p" person="3" pos="pp3mpa00" postype="personal" wd="los"/>
        </grup.nom>
      </sn>
      <grup.verb>
        <v lem="extender" lss="B11.unaccusative-motion" mood="indicative" num="s" person="3" pos="vmis3s0" postype="main" tense="past" wd="extendió"/>
      </grup.verb>
      <sp arg="argM" func="cc" tem="loc">
        <prep>
          <s lem="ante" pos="sps00" postype="preposition" wd="ante"/>
        </prep>
        <sn>
          <grup.nom>
            <p case="oblique" gen="c" lem="él" num="c" person="3" pos="pp3cno00" postype="personal" wd="sí"/>
          </grup.nom>
        </sn>
      </sp>
      <S arg="argM" clausetype="adverbial" func="cc" impersonal="yes" tem="adv">
        <f lem="," pos="fc" punct="comma" wd=","/>
        <gerundi>
          <v lem="concentrar" lss="A31.ditransitive-patient-locative" mood="gerund" pos="vmg0000" postype="main" wd="concentrando"/>
        </gerundi>
        <sn arg="arg1" func="cd" tem="pat">
          <spec gen="f" num="p">
            <d gen="f" lem="todo" num="p" pos="di0fp0" postype="indefinite" wd="todas"/>
            <d gen="c" lem="su" num="p" person="3" pos="dp3cp0" postype="possessive" wd="sus"/>
          </spec>
          <grup.nom gen="f" num="p">
            <n gen="f" lem="fuerza" num="p" pos="ncfp000" postype="common" sense="16:03931784" wd="fuerzas"/>
          </grup.nom>
        </sn>
        <sp arg="arg2" func="cc" tem="loc">
          <prep>
            <s lem="en" pos="sps00" postype="preposition" wd="en"/>
          </prep>
          <sn>
            <spec gen="f" num="s">
              <d gen="f" lem="el" num="s" pos="da0fs0" postype="article" wd="la"/>
            </spec>
            <grup.nom gen="f" num="s">
              <s.a gen="f" num="s">
                <grup.a gen="f" num="s">
                  <a gen="f" lem="absurdo" num="s" pos="aq0fs0" postype="qualificative" wd="absurda"/>
                </grup.a>
              </s.a>
              <n gen="f" lem="tarea" num="s" pos="ncfs000" postype="common" sense="16:00508925" wd="tarea"/>
              <sp>
                <prep>
                  <s lem="de" pos="sps00" postype="preposition" wd="de"/>
                </prep>
                <S clausetype="completive" impersonal="yes">
                  <infinitiu>
                    <v lem="estirar" lss="A21.transitive-agentive-patient" mood="infinitive" pos="vmn0000" postype="main" wd="estirar"/>
                  </infinitiu>
                  <sn arg="arg1" func="cd" tem="pat">
                    <spec gen="m" num="s">
                      <d gen="c" lem="su" num="s" person="3" pos="dp3cs0" postype="possessive" wd="su"/>
                    </spec>
                    <grup.nom gen="m" num="s">
                      <n gen="m" lem="brazo" num="s" pos="ncms000" postype="common" sense="16:04310435" wd="brazo"/>
                      <s.a gen="m" num="s">
                        <grup.a gen="m" num="s">
                          <a gen="m" lem="izquierdo" num="s" pos="aq0ms0" postype="qualificative" wd="izquierdo"/>
                        </grup.a>
                      </s.a>
                    </grup.nom>
                  </sn>
                  <sp arg="argM" func="cc" tem="adv">
                    <f lem="," pos="fc" punct="comma" wd=","/>
                    <prep>
                      <s lem="hasta" pos="sps00" postype="preposition" wd="hasta"/>
                    </prep>
                    <S clausetype="completive">
                      <conj conjunctiontype="subordinating">
                        <c lem="que" pos="cs" postype="subordinating" wd="que"/>
                      </conj>
                      <sn arg="arg1" func="suj" tem="tem">
                        <spec gen="m" num="p">
                          <d gen="c" lem="su" num="p" person="3" pos="dp3cp0" postype="possessive" wd="sus"/>
                        </spec>
                        <grup.nom gen="m" num="p">
                          <n gen="m" lem="músculo" num="p" pos="ncmp000" postype="common" sense="16:04105203" wd="músculos"/>
                        </grup.nom>
                      </sn>
                      <grup.verb>
                        <v lem="comenzar" mood="indicative" num="p" person="3" pos="vmis3p0" postype="main" tense="past" wd="comenzaron"/>
                        <s lem="a" pos="sps00" postype="preposition" wd="a"/>
                        <infinitiu>
                          <v lem="temblar" lss="C11.state-existential" mood="infinitive" pos="vmn0000" postype="main" wd="temblar"/>
                        </infinitiu>
                      </grup.verb>
                      <sp arg="argM" func="cc" tem="adv">
                        <prep>
                          <s lem="sin" pos="sps00" postype="preposition" wd="sin"/>
                        </prep>
                        <S clausetype="completive" impersonal="yes">
                          <infinitiu>
                            <v lem="haber" mood="infinitive" pos="van0000" postype="auxiliary" wd="haber"/>
                            <v gen="m" lem="llegar" mood="participle" num="s" pos="vmp00sm" postype="main" wd="llegado"/>
                            <s lem="a" pos="sps00" postype="preposition" wd="a"/>
                            <infinitiu>
                              <v lem="rectificar" lss="A21.transitive-agentive-patient" mood="infinitive" pos="vmn0000" postype="main" wd="rectificar"/>
                            </infinitiu>
                          </infinitiu>
                          <sp arg="argM" func="cc" tem="adv">
                            <prep>
                              <s lem="en" pos="sps00" postype="preposition" wd="en"/>
                            </prep>
                            <sn>
                              <grup.nom gen="m" num="s">
                                <p gen="c" lem="nada" num="s" pos="pi0cs000" postype="indefinite" wd="nada"/>
                              </grup.nom>
                            </sn>
                          </sp>
                          <sn arg="arg1" func="cd" tem="pat">
                            <spec gen="m" num="s">
                              <d gen="m" lem="el" num="s" pos="da0ms0" postype="article" wd="el"/>
                            </spec>
                            <grup.nom gen="m" num="s">
                              <s.a gen="m" num="s">
                                <grup.a gen="m" num="s">
                                  <a gen="c" lem="incomprensible" num="s" pos="aq0cs0" postype="qualificative" wd="incomprensible"/>
                                </grup.a>
                              </s.a>
                              <n gen="m" lem="vicio" num="s" pos="ncms000" postype="common" sense="16:03803801" wd="vicio"/>
                              <S clausetype="relative">
                                <relatiu arg="arg0" func="suj" tem="agt">
                                  <p gen="c" lem="que" num="c" pos="pr0cn000" postype="relative" wd="que"/>
                                </relatiu>
                                <grup.verb>
                                  <v lem="cunar" lss="A21.transitive-agentive-patient" mood="indicative" num="s" person="3" pos="vmii3s0" postype="main" tense="imperfect" wd="cunaba"/>
                                </grup.verb>
                                <sn arg="arg1" func="cd" tem="pat">
                                  <spec gen="m" num="s">
                                    <d gen="m" lem="el" num="s" pos="da0ms0" postype="article" wd="el"/>
                                  </spec>
                                  <grup.nom gen="m" num="s">
                                    <n gen="m" lem="codo" num="s" pos="ncms000" postype="common" sense="16:04323722" wd="codo"/>
                                  </grup.nom>
                                </sn>
                                <sp arg="argM" func="cc" tem="loc">
                                  <prep>
                                    <s lem="hacia" pos="sps00" postype="preposition" wd="hacia"/>
                                  </prep>
                                  <sadv>
                                    <grup.adv>
                                      <r lem="dentro" pos="rg" wd="dentro"/>
                                    </grup.adv>
                                  </sadv>
                                </sp>
                              </S>
                            </grup.nom>
                          </sn>
                        </S>
                      </sp>
                    </S>
                  </sp>
                </S>
              </sp>
            </grup.nom>
          </sn>
        </sp>
      </S>
    </S>
    <f lem="." pos="fp" punct="period" wd="."/>
  </sentence>
  <sentence coord="yes">
    <S>
      <sn arg="arg0" elliptic="yes" func="suj" tem="agt"/>
      <grup.verb>
        <v lem="caminar" lss="A21.transitive-agentive-patient" mood="indicative" num="s" person="3" pos="vmis3s0" postype="main" tense="past" wd="Caminó"/>
      </grup.verb>
      <sn arg="arg1" func="cd" tem="pat">
        <spec gen="m" num="p">
          <d gen="m" lem="uno" num="p" pos="di0mp0" postype="indefinite" wd="unos"/>
        </spec>
        <grup.nom gen="m" num="p">
          <n gen="m" lem="paso" lexicalid="noun.paso.2.default" num="p" origin="deverbal" pos="ncmp000" postype="common" sense="16:00185003" wd="pasos"/>
        </grup.nom>
      </sn>
      <sp arg="argM" func="cc" tem="adv">
        <prep>
          <s lem="con" pos="sps00" postype="preposition" wd="con"/>
        </prep>
        <sn>
          <spec gen="m" num="p">
            <d gen="m" lem="el" num="p" pos="da0mp0" postype="article" wd="los"/>
          </spec>
          <grup.nom gen="m" num="p">
            <n gen="m" lem="brazo" num="p" pos="ncmp000" postype="common" sense="16:04310435" wd="brazos"/>
            <S clausetype="participle" impersonal="yes">
              <participi>
                <a gen="m" lem="extendido" num="p" pos="aq0mpp" posfunction="participle" postype="qualificative" wd="extendidos"/>
              </participi>
            </S>
          </grup.nom>
        </sn>
      </sp>
    </S>
    <conj conjunctiontype="coordinating">
      <c lem="y" pos="cc" postype="coordinating" wd="y"/>
    </conj>
    <S>
      <sn arg="arg0" elliptic="yes" func="suj" tem="agt"/>
      <grup.verb>
        <v lem="cerrar" lss="A21.transitive-agentive-patient" mood="indicative" num="s" person="3" pos="vmis3s0" postype="main" tense="past" wd="cerró"/>
      </grup.verb>
      <sn arg="arg1" func="cd" tem="pat">
        <spec gen="m" num="p">
          <d gen="m" lem="el" num="p" pos="da0mp0" postype="article" wd="los"/>
        </spec>
        <grup.nom gen="m" num="p">
          <n gen="m" lem="ojo" num="p" pos="ncmp000" postype="common" sense="16:04122028" wd="ojos"/>
        </grup.nom>
      </sn>
      <sp arg="argM" func="cc" tem="adv">
        <f lem="," pos="fc" punct="comma" wd=","/>
        <prep>
          <c lem="como" pos="cs" postype="subordinating" wd="como"/>
        </prep>
        <sn>
          <spec gen="m" num="s">
            <d gen="m" lem="uno" num="s" pos="di0ms0" postype="indefinite" wd="un"/>
          </spec>
          <grup.nom gen="m" num="s">
            <n gen="m" lem="ciego" num="s" pos="ncms000" postype="common" sense="16:07115645" wd="ciego"/>
            <s.a gen="m" num="s">
              <grup.a gen="m" num="s">
                <a gen="c" lem="sagaz" num="s" pos="aq0cs0" postype="qualificative" wd="sagaz"/>
              </grup.a>
            </s.a>
            <sp>
              <prep>
                <s lem="en" pos="sps00" postype="preposition" wd="en"/>
              </prep>
              <sn>
                <spec arg="arg0" gen="f" num="s" tem="agt">
                  <d gen="c" lem="su" num="s" person="3" pos="dp3cs0" postype="possessive" wd="su"/>
                </spec>
                <grup.nom gen="f" num="s">
                  <n gen="f" lem="vigilia" lexicalid="noun.vigilia.1.default" num="s" origin="deverbal" pos="ncfs000" postype="common" sense="16:04389672" wd="vigilia"/>
                  <sp func="cn">
                    <prep>
                      <s lem="de" pos="sps00" postype="preposition" wd="de"/>
                    </prep>
                    <sn>
                      <grup.nom gen="m" num="s">
                        <s.a gen="m" num="s">
                          <grup.a gen="m" num="s">
                            <a gen="m" lem="falso" num="s" pos="aq0ms0" postype="qualificative" wd="falso"/>
                          </grup.a>
                        </s.a>
                        <n gen="m" lem="sonámbulo" num="s" pos="ncms000" postype="common" sense="16:07584682" wd="sonámbulo"/>
                      </grup.nom>
                    </sn>
                  </sp>
                </grup.nom>
              </sn>
            </sp>
          </grup.nom>
        </sn>
      </sp>
    </S>
    <f lem="." pos="fp" punct="period" wd="."/>
  </sentence>
  <sentence>
    <S arg="argM" clausetype="adverbial" func="cc" tem="tmp">
      <conj conjunctiontype="subordinating">
        <c lem="cuando" pos="cs" postype="subordinating" wd="Cuando"/>
      </conj>
      <sn arg="arg0" elliptic="yes" func="suj" tem="agt"/>
      <grup.verb>
        <v lem="levantar" lss="A21.transitive-agentive-patient" mood="indicative" num="s" person="3" pos="vmis3s0" postype="main" tense="past" wd="levantó"/>
      </grup.verb>
      <sn arg="arg1" func="cd" tem="pat">
        <spec gen="m" num="p">
          <d gen="m" lem="el" num="p" pos="da0mp0" postype="article" wd="los"/>
        </spec>
        <grup.nom gen="m" num="p">
          <n gen="m" lem="párpado" num="p" pos="ncmp000" postype="common" sense="16:04123557" wd="párpados"/>
        </grup.nom>
      </sn>
      <sadv arg="argM" func="cc" tem="adv">
        <grup.adv>
          <r lem="nuevamente" pos="rg" wd="nuevamente"/>
        </grup.adv>
      </sadv>
      <f lem="," pos="fc" punct="comma" wd=","/>
    </S>
    <sn arg="arg1" elliptic="yes" func="suj" tem="tem"/>
    <grup.verb>
      <v lem="tener" lss="C21.state-attributive" mood="indicative" num="s" person="3" pos="vmis3s0" postype="main" tense="past" wd="tuvo"/>
    </grup.verb>
    <sn arg="arg2" func="cd" functype="quantitative" tem="atr">
      <spec gen="f" num="s">
        <d gen="f" lem="el" num="s" pos="da0fs0" postype="article" wd="la"/>
      </spec>
      <grup.nom gen="f" num="s">
        <n gen="f" lem="certeza" num="s" pos="ncfs000" postype="common" sense="16:04401608" wd="certeza"/>
        <sp>
          <prep>
            <s lem="de" pos="sps00" postype="preposition" wd="de"/>
          </prep>
          <S clausetype="completive">
            <conj conjunctiontype="subordinating">
              <c lem="que" pos="cs" postype="subordinating" wd="que"/>
            </conj>
            <sn arg="arg1" func="suj" tem="tem">
              <spec gen="m" num="p">
                <d gen="c" lem="su" num="p" person="3" pos="dp3cp0" postype="possessive" wd="sus"/>
              </spec>
              <grup.nom gen="m" num="p">
                <n gen="m" lem="brazo" num="p" pos="ncmp000" postype="common" sense="16:04310435" wd="brazos"/>
              </grup.nom>
            </sn>
            <sadv arg="argM" func="cc" tem="tmp">
              <grup.adv>
                <r lem="ya" pos="rg" wd="ya"/>
              </grup.adv>
            </sadv>
            <neg func="mod">
              <r lem="no" pos="rn" postype="negative" wd="no"/>
            </neg>
            <grup.verb>
              <v lem="ser" lss="C21.state-attributive" mood="indicative" num="p" person="3" pos="vsii3p0" postype="semiauxiliary" tense="imperfect" wd="eran"/>
            </grup.verb>
            <sa arg="arg2" func="atr" tem="atr">
              <grup.a>
                <a gen="m" lem="paralelo" num="p" pos="aq0mp0" postype="qualificative" wd="paralelos"/>
              </grup.a>
            </sa>
          </S>
        </sp>
      </grup.nom>
    </sn>
    <f lem="." pos="fp" punct="period" wd="."/>
  </sentence>
  <sentence coord="yes">
    <S>
      <sadv arg="argM" func="cc" tem="tmp">
        <grup.adv>
          <r lem="entonces" pos="rg" wd="Entonces"/>
        </grup.adv>
      </sadv>
      <S arg="argM" clausetype="adverbial" func="cc" impersonal="yes" tem="adv">
        <f lem="," pos="fc" punct="comma" wd=","/>
        <gerundi>
          <v lem="desplomar" lss="C11.state-existential" mood="gerund" pos="vmg0000" postype="main" wd="desplomándose"/>
        </gerundi>
        <sp arg="argM" func="cc" tem="loc">
          <prep>
            <s lem="contra" pos="sps00" postype="preposition" wd="contra"/>
          </prep>
          <sn>
            <spec gen="f" num="s">
              <d gen="f" lem="el" num="s" pos="da0fs0" postype="article" wd="la"/>
            </spec>
            <grup.nom gen="f" num="s">
              <n gen="f" lem="pared" num="s" pos="ncfs000" postype="common" sense="16:03585958" wd="pared"/>
            </grup.nom>
          </sn>
        </sp>
        <f lem="," pos="fc" punct="comma" wd=","/>
      </S>
      <sn arg="arg0" elliptic="yes" func="suj" tem="agt"/>
      <sn arg="arg0" discid="1c" func="suj" tem="agt">
        <grup.nom gen="m" num="p">
          <p case="accusative" gen="m" lem="él" num="p" person="3" pos="pp3mpa00" postype="personal" wd="los"/>
        </grup.nom>
      </sn>
      <grup.verb>
        <v lem="dejar" lss="A32.ditransitive-patient-benefactive" mood="indicative" num="s" person="3" pos="vmis3s0" postype="main" tense="past" wd="dejó"/>
      </grup.verb>
      <S arg="arg1" clausetype="completive" discid="1n" func="cd" impersonal="yes" tem="pat">
        <infinitiu>
          <v lem="caer" lss="B22.unaccusative-passive-transitive" mood="infinitive" pos="vmn0000" postype="main" wd="caer"/>
        </infinitiu>
        <sp arg="arg2" func="cc" tem="loc">
          <prep>
            <s lem="a_lo_largo_de" pos="sps00" postype="preposition" wd="a_lo_largo_de"/>
          </prep>
          <sn>
            <spec gen="m" num="s">
              <d gen="c" lem="su" num="s" person="3" pos="dp3cs0" postype="possessive" wd="su"/>
            </spec>
            <grup.nom gen="m" num="s">
              <n gen="m" lem="cuerpo" num="s" pos="ncms000" postype="common" sense="16:04055717" wd="cuerpo"/>
            </grup.nom>
          </sn>
        </sp>
      </S>
    </S>
    <conj conjunctiontype="coordinating">
      <c lem="y" pos="cc" postype="coordinating" wd="y"/>
    </conj>
    <S>
      <sn arg="arg1" elliptic="yes" func="suj" tem="tem"/>
      <grup.verb>
        <v lem="sentir" lss="C21.state-attributive" mood="indicative" num="s" person="3" pos="vmis3s0" postype="main" tense="past" wd="sintió"/>
      </grup.verb>
      <sn arg="arg2" func="cd" functype="quantitative" tem="atr">
        <spec gen="m" num="s">
          <d gen="c" lem="su" num="s" person="3" pos="dp3cs0" postype="possessive" wd="su"/>
        </spec>
        <grup.nom gen="m" num="s">
          <n gen="m" lem="peso" num="s" pos="ncms000" postype="common" sense="16:03925610" wd="peso"/>
        </grup.nom>
      </sn>
    </S>
    <f lem="." pos="fp" punct="period" wd="."/>
  </sentence>
  <sentence>
    <sn arg="arg1" elliptic="yes" func="suj" tem="tem"/>
    <grup.verb>
      <v lem="permanecer" lss="C21.state-attributive" mood="indicative" num="s" person="3" pos="vmis3s0" postype="main" tense="past" wd="Permaneció"/>
    </grup.verb>
    <sadv arg="argM" func="cc" tem="mnr">
      <grup.adv>
        <r lem="así" pos="rg" wd="así"/>
      </grup.adv>
    </sadv>
    <sn arg="argM" func="cc" tem="adv">
      <spec gen="m" num="s">
        <d gen="m" lem="mucho" num="s" pos="di0ms0" postype="indefinite" wd="mucho"/>
      </spec>
      <grup.nom gen="m" num="s">
        <n gen="m" lem="tiempo" num="s" pos="ncms000" postype="common" sense="16:00015594" wd="tiempo"/>
      </grup.nom>
    </sn>
    <S arg="argM" clausetype="adverbial" coord="yes" func="cc" impersonal="yes" tem="mnr">
      <f lem="," pos="fc" punct="comma" wd=","/>
      <S clausetype="adverbial" impersonal="yes">
        <gerundi>
          <v lem="dejar" lss="A32.ditransitive-patient-benefactive" mood="gerund" pos="vmg0000" postype="main" wd="dejándose"/>
        </gerundi>
        <S arg="arg1" clausetype="completive" func="cd" impersonal="yes" tem="pat">
          <infinitiu>
            <v lem="aniquilar" lss="A11.transitive-causative" mood="infinitive" pos="vmn0000" postype="main" wd="aniquilar"/>
          </infinitiu>
          <sadv arg="argM" func="cc" tem="adv">
            <grup.adv>
              <r lem="plácidamente" pos="rg" wd="plácidamente"/>
            </grup.adv>
          </sadv>
          <sp arg="argM" func="cc" tem="cau">
            <prep>
              <s lem="por" pos="sps00" postype="preposition" wd="por"/>
            </prep>
            <sn>
              <spec gen="m" num="s">
                <d gen="m" lem="el" num="s" pos="da0ms0" postype="article" wd="el"/>
              </spec>
              <grup.nom gen="m" num="s">
                <s.a func="cn" gen="m" num="s">
                  <grup.a gen="m" num="s">
                    <a gen="m" lem="inesperado" num="s" pos="aq0ms0" postype="qualificative" wd="inesperado"/>
                  </grup.a>
                </s.a>
                <n gen="m" lem="preludio" lexicalid="noun.preludio.1.default" num="s" origin="deverbal" pos="ncms000" postype="common" sense="16:05460489" wd="preludio"/>
                <sp arg="arg1" func="cn" tem="pat">
                  <prep>
                    <s lem="de" pos="sps00" postype="preposition" wd="de"/>
                  </prep>
                  <sn>
                    <spec gen="f" num="s">
                      <d gen="c" lem="su" num="s" person="3" pos="dp3cs0" postype="possessive" wd="su"/>
                      <d gen="f" lem="propio" num="s" pos="di0fs0" postype="indefinite" wd="propia"/>
                    </spec>
                    <grup.nom gen="f" num="s">
                      <n gen="f" lem="decrepitud" num="s" pos="ncfs000" postype="common" sense="16:10441793" wd="decrepitud"/>
                    </grup.nom>
                  </sn>
                </sp>
              </grup.nom>
            </sn>
          </sp>
        </S>
      </S>
      <f lem="," pos="fc" punct="comma" wd=","/>
      <S clausetype="adverbial" impersonal="yes">
        <gerundi>
          <v lem="negar" lss="A22.transitive-agentive-theme" mood="gerund" pos="vmg0000" postype="main" wd="negándose"/>
        </gerundi>
        <sadv arg="argM" func="cc" tem="tmp">
          <grup.adv>
            <r lem="ya" pos="rg" wd="ya"/>
          </grup.adv>
        </sadv>
        <sp arg="arg1" func="creg" tem="tem">
          <prep>
            <s lem="a" pos="sps00" postype="preposition" wd="a"/>
          </prep>
          <S clausetype="completive" impersonal="yes">
            <infinitiu>
              <v lem="encontrar" lss="A21.transitive-agentive-patient" mood="infinitive" pos="vmn0000" postype="main" wd="encontrar"/>
            </infinitiu>
            <sn arg="arg1" func="cd" tem="pat">
              <spec gen="f" num="s">
                <d gen="c" lem="cualquiera" num="s" pos="di0cs0" postype="indefinite" wd="cualquier"/>
              </spec>
              <grup.nom gen="f" num="s">
                <n gen="f" lem="explicación" lexicalid="noun.explicación.1.default" num="s" origin="deverbal" pos="ncfs000" postype="common" sense="16:05050688" wd="explicación"/>
                <s.a func="cn" gen="f" num="s">
                  <grup.a gen="f" num="s">
                    <a gen="c" lem="amable" num="s" pos="aq0cs0" postype="qualificative" wd="amable"/>
                  </grup.a>
                </s.a>
                <sp arg="arg1" func="cn" tem="pat">
                  <prep>
                    <s lem="a" pos="sps00" postype="preposition" wd="a"/>
                  </prep>
                  <sn>
                    <spec gen="m" num="s">
                      <d gen="c" lem="el" num="s" pos="da0ns0" postype="article" wd="lo"/>
                    </spec>
                    <grup.nom gen="m" num="s">
                      <S clausetype="relative">
                        <relatiu arg="arg1" func="suj" tem="tem">
                          <p gen="c" lem="que" num="c" pos="pr0cn000" postype="relative" wd="que"/>
                        </relatiu>
                        <sadv arg="argM" func="cc" tem="adv">
                          <grup.adv>
                            <r lem="no" pos="rg" wd="no"/>
                          </grup.adv>
                        </sadv>
                        <grup.verb>
                          <v lem="ser" lss="C21.state-attributive" mood="indicative" num="s" person="3" pos="vsii3s0" postype="semiauxiliary" tense="imperfect" wd="era"/>
                        </grup.verb>
                        <sn arg="arg2" complex="yes" func="atr" tem="atr">
                          <grup.nom coord="yes">
                            <sadv>
                              <grup.adv>
                                <r lem="otra_cosa_que" pos="rg" wd="otra_cosa_que"/>
                              </grup.adv>
                            </sadv>
                            <grup.nom coord="yes">
                              <grup.nom gen="m" num="s">
                                <n gen="m" lem="reúma" num="c" pos="ncmn000" postype="common" sense="16:10134016" wd="reúma"/>
                                <f lem="," pos="fc" punct="comma" wd=","/>
                              </grup.nom>
                              <conj conjunctiontype="coordinating">
                                <c lem="o" pos="cc" postype="coordinating" wd="o"/>
                              </conj>
                              <grup.nom gen="f" num="s">
                                <n gen="f" lem="artrosis" num="c" pos="ncfn000" postype="common" sense="16:cs1" wd="artrosis"/>
                              </grup.nom>
                            </grup.nom>
                            <sn>
                              <f lem="," pos="fc" punct="comma" wd=","/>
                              <spec gen="m" num="s">
                                <d gen="m" lem="el" num="s" pos="da0ms0" postype="article" wd="el"/>
                              </spec>
                              <grup.nom gen="m" num="s">
                                <s.a gen="m" num="s">
                                  <grup.a gen="m" num="s">
                                    <a gen="c" lem="simple" num="s" pos="aq0cs0" postype="qualificative" wd="simple"/>
                                  </grup.a>
                                </s.a>
                                <n gen="m" lem="cansancio" num="s" pos="ncms000" postype="common" sense="16:10096231" wd="cansancio"/>
                                <sp>
                                  <prep>
                                    <s lem="de" pos="sps00" postype="preposition" wd="de"/>
                                  </prep>
                                  <sn>
                                    <spec gen="m" num="p">
                                      <d gen="m" lem="uno" num="p" pos="di0mp0" postype="indefinite" wd="unos"/>
                                    </spec>
                                    <grup.nom gen="m" num="p">
                                      <n gen="m" lem="hueso" num="p" pos="ncmp000" postype="common" sense="16:04089833" wd="huesos"/>
                                      <S clausetype="relative">
                                        <relatiu arg="arg0" func="suj" tem="agt">
                                          <p gen="c" lem="que" num="c" pos="pr0cn000" postype="relative" wd="que"/>
                                        </relatiu>
                                        <grup.verb>
                                          <v lem="enfilar" lss="A21.transitive-agentive-patient" mood="indicative" num="p" person="3" pos="vmii3p0" postype="main" tense="imperfect" wd="enfilaban"/>
                                        </grup.verb>
                                        <sn arg="arg1" func="cd" tem="pat">
                                          <spec gen="f" num="s">
                                            <d gen="f" lem="el" num="s" pos="da0fs0" postype="article" wd="la"/>
                                          </spec>
                                          <grup.nom gen="f" num="s">
                                            <n gen="f" lem="recta" num="s" pos="ncfs000" postype="common" sense="16:03423493" wd="recta"/>
                                            <sp>
                                              <prep>
                                                <s lem="de" pos="sps00" postype="preposition" wd="de"/>
                                              </prep>
                                              <sn>
                                                <spec gen="f" num="s">
                                                  <d gen="f" lem="el" num="s" pos="da0fs0" postype="article" wd="la"/>
                                                </spec>
                                                <grup.nom gen="f" num="s">
                                                  <n gen="f" lem="vejez" num="s" pos="ncfs000" postype="common" sense="16:10875146" wd="vejez"/>
                                                  <sn>
                                                    <f lem="," pos="fc" punct="comma" wd=","/>
                                                    <spec gen="m" num="s">
                                                      <d gen="m" lem="el" num="s" pos="da0ms0" postype="article" wd="el"/>
                                                    </spec>
                                                    <grup.nom gen="m" num="s">
                                                      <s.a func="cn" gen="m" num="s">
                                                        <grup.a gen="m" num="s">
                                                          <a gen="m" lem="único" num="s" pos="aq0ms0" postype="qualificative" wd="único"/>
                                                        </grup.a>
                                                      </s.a>
                                                      <n gen="m" lem="destino" lexicalid="noun.destino.1.default" num="s" origin="deverbal" pos="ncms000" postype="common" sense="16:05462231" wd="destino"/>
                                                      <s.a func="cn" gen="m" num="s">
                                                        <grup.a gen="m" num="s">
                                                          <a gen="m" lem="cierto" num="s" pos="aq0ms0" postype="qualificative" wd="cierto"/>
                                                        </grup.a>
                                                      </s.a>
                                                    </grup.nom>
                                                  </sn>
                                                </grup.nom>
                                              </sn>
                                            </sp>
                                          </grup.nom>
                                        </sn>
                                      </S>
                                    </grup.nom>
                                  </sn>
                                </sp>
                              </grup.nom>
                            </sn>
                          </grup.nom>
                        </sn>
                      </S>
                    </grup.nom>
                  </sn>
                </sp>
              </grup.nom>
            </sn>
          </S>
        </sp>
      </S>
    </S>
    <f lem="." pos="fp" punct="period" wd="."/>
  </sentence>
  <sentence>
    <sn arg="arg1" elliptic="yes" func="suj" tem="tem"/>
    <grup.verb>
      <v lem="acabar" mood="indicative" num="s" person="3" pos="vmii3s0" postype="main" tense="imperfect" wd="Acababa"/>
      <s lem="de" pos="sps00" postype="preposition" wd="de"/>
      <infinitiu>
        <v lem="cumplir" lss="C31.state-scalar" mood="infinitive" pos="vmn0000" postype="main" wd="cumplir"/>
      </infinitiu>
    </grup.verb>
    <sn arg="arg2" func="cd" functype="quantitative" tem="ext">
      <spec gen="m" num="p">
        <z lem="cuarenta_y_un" ne="number" wd="cuarenta_y_un"/>
      </spec>
      <grup.nom gen="m" num="p">
        <n gen="m" lem="año" num="p" pos="ncmp000" postype="common" sense="16:10917509" wd="años"/>
      </grup.nom>
    </sn>
    <f lem="." pos="fp" punct="period" wd="."/>
  </sentence>
  <sentence coord="yes">
    <S>
      <morfema.pronominal>
        <p gen="c" lem="él" num="c" person="3" pos="p0300000" wd="Se"/>
      </morfema.pronominal>
      <sn arg="arg2" func="ci" tem="ben">
        <grup.nom num="s">
          <p case="dative" gen="c" lem="él" num="s" person="3" pos="pp3csd00" postype="personal" wd="le"/>
        </grup.nom>
      </sn>
      <grup.verb>
        <v lem="quemar" lss="B21.unaccusative-state" mood="indicative" num="p" person="3" pos="vmis3p0" postype="main" tense="past" wd="quemaron"/>
      </grup.verb>
      <sn arg="arg1" func="suj" tem="tem">
        <spec gen="f" num="p">
          <d gen="f" lem="el" num="p" pos="da0fp0" postype="article" wd="las"/>
        </spec>
        <grup.nom gen="f" num="p">
          <n gen="f" lem="tostada" num="p" pos="ncfp000" postype="common" sense="16:05908279" wd="tostadas"/>
        </grup.nom>
      </sn>
    </S>
    <conj conjunctiontype="coordinating">
      <c lem="y" pos="cc" postype="coordinating" wd="y"/>
    </conj>
    <S>
      <sn arg="arg0" elliptic="yes" func="suj" tem="agt"/>
      <grup.verb>
        <v lem="pensar" lss="A22.transitive-agentive-theme" mood="indicative" num="s" person="3" pos="vmis3s0" postype="main" tense="past" wd="pensó"/>
      </grup.verb>
      <sp arg="arg1" func="creg" tem="tem">
        <prep>
          <s lem="en" pos="sps00" postype="preposition" wd="en"/>
        </prep>
        <sn entityref="ne" ne="person">
          <grup.nom gen="f" num="s">
            <n lem="Auri" ne="person" pos="np0000p" postype="proper" sense="16:cs1" wd="Auri"/>
            <S clausetype="relative">
              <f lem="," pos="fc" punct="comma" wd=","/>
              <relatiu arg="arg1" func="suj" tem="tem">
                <p gen="c" lem="que" num="c" pos="pr0cn000" postype="relative" wd="que"/>
              </relatiu>
              <grup.verb>
                <v lem="estar" lss="C11.state-existential" mood="indicative" num="s" person="3" pos="vmic3s0" postype="main" tense="conditional" wd="estaría"/>
              </grup.verb>
              <sp arg="arg2" func="creg" tem="loc">
                <sadv>
                  <grup.adv>
                    <r lem="todavía" pos="rg" wd="todavía"/>
                  </grup.adv>
                </sadv>
                <sp>
                  <prep>
                    <s lem="en" pos="sps00" postype="preposition" wd="en"/>
                  </prep>
                  <sn>
                    <spec gen="f" num="s">
                      <d gen="f" lem="el" num="s" pos="da0fs0" postype="article" wd="la"/>
                    </spec>
                    <grup.nom gen="f" num="s">
                      <n gen="f" lem="cama" num="s" pos="ncfs000" postype="common" sense="16:02273239" wd="cama"/>
                    </grup.nom>
                  </sn>
                </sp>
              </sp>
              <sa arg="argM" func="cpred" predicate="suj" tem="atr">
                <f lem="," pos="fc" punct="comma" wd=","/>
                <grup.a>
                  <a gen="c" lem="feliz" num="s" pos="aq0cs0" postype="qualificative" wd="feliz"/>
                  <sp>
                    <prep>
                      <s lem="ante" pos="sps00" postype="preposition" wd="ante"/>
                    </prep>
                    <sn>
                      <spec gen="f" num="s">
                        <d gen="f" lem="el" num="s" pos="da0fs0" postype="article" wd="la"/>
                      </spec>
                      <grup.nom gen="f" num="s">
                        <n gen="f" lem="perspectiva" num="s" pos="ncfs000" postype="common" sense="16:cs1" wd="perspectiva"/>
                        <sp>
                          <prep>
                            <s lem="de" pos="sps00" postype="preposition" wd="de"/>
                          </prep>
                          <S clausetype="completive" impersonal="yes">
                            <infinitiu>
                              <v lem="echar" lss="D11.inergative-agentive" mood="infinitive" pos="vmn0000" postype="main" wd="echar"/>
                            </infinitiu>
                            <sn arg="argL" func="cd">
                              <grup.nom gen="f" num="p">
                                <n gen="f" lem="raíz" num="p" pos="ncfp000" postype="common" sense="16:09415516" wd="raíces"/>
                              </grup.nom>
                            </sn>
                            <sp arg="argM" func="cc" tem="adv">
                              <prep>
                                <s lem="entre" pos="sps00" postype="preposition" wd="entre"/>
                              </prep>
                              <sn>
                                <spec gen="f" num="p">
                                  <d gen="f" lem="el" num="p" pos="da0fp0" postype="article" wd="las"/>
                                </spec>
                                <grup.nom gen="f" num="p">
                                  <n gen="f" lem="sábana" num="p" pos="ncfp000" postype="common" sense="16:03312703" wd="sábanas"/>
                                </grup.nom>
                              </sn>
                            </sp>
                          </S>
                        </sp>
                      </grup.nom>
                    </sn>
                  </sp>
                </grup.a>
              </sa>
              <S arg="argM" clausetype="adverbial" func="cc" tem="tmp">
                <conj conjunctiontype="subordinating">
                  <c lem="mientras" pos="cs" postype="subordinating" wd="mientras"/>
                </conj>
                <sn arg="arg0" elliptic="yes" func="suj" tem="agt"/>
                <sn arg="arg1" func="cd" tem="pat">
                  <grup.nom num="s">
                    <p case="accusative" gen="c" lem="él" num="s" person="3" pos="pp3csa00" postype="personal" wd="le"/>
                  </grup.nom>
                </sn>
                <grup.verb>
                  <v lem="imaginar" lss="A21.transitive-agentive-patient" mood="indicative" num="s" person="3" pos="vmii3s0" postype="main" tense="imperfect" wd="imaginaba"/>
                </grup.verb>
                <sp arg="argM" func="cc" tem="loc">
                  <prep>
                    <s lem="en" pos="sps00" postype="preposition" wd="en"/>
                  </prep>
                  <sn entityref="ne" ne="location">
                    <grup.nom>
                      <n lem="Salamanca" ne="location" pos="np0000l" postype="proper" wd="Salamanca"/>
                    </grup.nom>
                  </sn>
                </sp>
                <S arg="argM" clausetype="adverbial" func="cc" impersonal="yes" tem="mnr">
                  <f lem="," pos="fc" punct="comma" wd=","/>
                  <gerundi>
                    <v lem="batallar" lss="A22.transitive-agentive-theme" mood="gerund" pos="vmg0000" postype="main" wd="batallando"/>
                  </gerundi>
                  <sp arg="arg1" func="creg" tem="tem">
                    <prep>
                      <s lem="con" pos="sps00" postype="preposition" wd="con"/>
                    </prep>
                    <sn>
                      <spec gen="f" num="s">
                        <d gen="f" lem="alguno" num="s" pos="di0fs0" postype="indefinite" wd="alguna"/>
                      </spec>
                      <grup.nom gen="f" num="s">
                        <s.a gen="f" num="s">
                          <grup.a gen="f" num="s">
                            <a gen="f" lem="oscuro" num="s" pos="aq0fs0" postype="qualificative" wd="oscura"/>
                          </grup.a>
                        </s.a>
                        <n gen="f" lem="contrata" num="s" pos="ncfs000" postype="common" sense="16:cs1" wd="contrata"/>
                      </grup.nom>
                    </sn>
                  </sp>
                </S>
              </S>
            </S>
          </grup.nom>
        </sn>
      </sp>
    </S>
    <f lem="." pos="fp" punct="period" wd="."/>
  </sentence>
  <sentence>
    <grup.verb>
      <v lem="ser" lss="C21.state-attributive" mood="indicative" num="s" person="3" pos="vsii3s0" postype="semiauxiliary" tense="imperfect" wd="Era"/>
    </grup.verb>
    <sa arg="arg2" func="atr" tem="atr">
      <spec>
        <r lem="mucho" pos="rg" wd="muy"/>
      </spec>
      <grup.a>
        <a gen="f" lem="mono" num="s" pos="aq0fs0" postype="qualificative" wd="mona"/>
      </grup.a>
    </sa>
    <sn arg="arg1" func="suj" tem="tem">
      <f lem="," pos="fc" punct="comma" wd=","/>
      <spec gen="f" num="s">
        <d gen="c" lem="su" num="s" person="3" pos="dp3cs0" postype="possessive" wd="su"/>
      </spec>
      <grup.nom gen="f" num="s">
        <n gen="f" lem="mujer" num="s" pos="ncfs000" postype="common" sense="16:07684780" wd="mujer"/>
      </grup.nom>
    </sn>
    <f lem="." pos="fp" punct="period" wd="."/>
  </sentence>
  <sentence>
    <S arg="arg1" clausetype="completive" func="cd" tem="pat">
      <sadv func="et">
        <grup.adv>
          <r lem="desde_luego" pos="rg" wd="Desde_luego"/>
        </grup.adv>
        <f lem="," pos="fc" punct="comma" wd=","/>
      </sadv>
      <sn arg="arg1" elliptic="yes" func="suj" tem="tem"/>
      <grup.verb>
        <v lem="valer" lss="C11.state-existential" mood="indicative" num="s" person="3" pos="vmip3s0" postype="main" tense="present" wd="vale"/>
      </grup.verb>
      <sadv arg="argM" func="cc" tem="adv">
        <sadv>
          <spec>
            <r lem="mucho" pos="rg" wd="mucho"/>
          </spec>
          <grup.adv>
            <r lem="más" pos="rg" wd="más"/>
          </grup.adv>
        </sadv>
        <S adjunct="yes" clausesubtype="comparative" clausetype="adverbial" verbless="yes">
          <conj conjunctiontype="subordinating">
            <c lem="que" pos="cs" postype="subordinating" wd="que"/>
          </conj>
          <sn>
            <grup.nom num="s">
              <p case="nominative" gen="c" lem="tú" num="s" person="2" pos="pp2csn00" postype="personal" wd="tú"/>
            </grup.nom>
          </sn>
        </S>
      </sadv>
      <f lem="," pos="fc" punct="comma" wd=","/>
    </S>
    <sn arg="arg2" func="ci" tem="ben">
      <grup.nom num="s">
        <p case="dative" gen="c" lem="él" num="s" person="3" pos="pp3csd00" postype="personal" wd="le"/>
      </grup.nom>
    </sn>
    <grup.verb>
      <v lem="haber" mood="indicative" num="s" person="3" pos="vaii3s0" postype="auxiliary" tense="imperfect" wd="había"/>
      <v gen="m" lem="susurrar" lss="A32.ditransitive-patient-benefactive" mood="participle" num="s" pos="vmp00sm" postype="main" wd="susurrado"/>
    </grup.verb>
    <sp arg="argM" func="cc" tem="loc">
      <prep>
        <s contracted="yes" gen="m" lem="al" num="s" pos="spcms" postype="preposition" wd="al"/>
      </prep>
      <sn>
        <grup.nom gen="m" num="s">
          <n gen="m" lem="oído" num="s" pos="ncms000" postype="common" sense="16:04128276" wd="oído"/>
        </grup.nom>
      </sn>
    </sp>
    <sn arg="arg0" func="suj" tem="agt">
      <spec gen="m" num="s">
        <d gen="c" lem="su" num="s" person="3" pos="dp3cs0" postype="possessive" wd="su"/>
      </spec>
      <grup.nom gen="m" num="s">
        <n gen="m" lem="padre" num="s" pos="ncms000" postype="common" sense="16:07258194" wd="padre"/>
      </grup.nom>
    </sn>
    <S arg="argM" clausetype="adverbial" func="cc" tem="tmp">
      <conj conjunctiontype="subordinating">
        <c lem="cuando" pos="cs" postype="subordinating" wd="cuando"/>
      </conj>
      <sn arg="arg0" elliptic="yes" func="suj" tem="agt"/>
      <sn arg="arg1" func="cd" tem="pat">
        <grup.nom gen="f" num="s">
          <p case="accusative" gen="f" lem="él" num="s" person="3" pos="pp3fsa00" postype="personal" wd="la"/>
        </grup.nom>
      </sn>
      <grup.verb>
        <v lem="conocer" lss="A21.transitive-agentive-patient" mood="indicative" num="s" person="3" pos="vmis3s0" postype="main" tense="past" wd="conoció"/>
      </grup.verb>
    </S>
    <S arg="argM" clausetype="adverbial" func="cc" impersonal="yes" tem="mnr">
      <f lem="," pos="fc" punct="comma" wd=","/>
      <gerundi>
        <v lem="dar" lss="A21.transitive-agentive-patient" mood="gerund" pos="vmg0000" postype="main" wd="dándole"/>
      </gerundi>
      <sn arg="arg1" func="cd" tem="pat">
        <spec gen="m" num="s">
          <d gen="m" lem="uno" num="s" pos="di0ms0" postype="indefinite" wd="un"/>
        </spec>
        <grup.nom gen="m" num="s">
          <n gen="m" lem="par" num="s" pos="ncms000" postype="common" sense="16:09918098" wd="par"/>
          <sp>
            <prep>
              <s lem="de" pos="sps00" postype="preposition" wd="de"/>
            </prep>
            <sn>
              <grup.nom gen="f" num="p">
                <n gen="f" lem="palmada" num="p" pos="ncfp000" postype="common" sense="16:cs1" wd="palmadas"/>
                <sp>
                  <prep>
                    <s lem="en" pos="sps00" postype="preposition" wd="en"/>
                  </prep>
                  <sn>
                    <spec gen="f" num="s">
                      <d gen="f" lem="el" num="s" pos="da0fs0" postype="article" wd="la"/>
                    </spec>
                    <grup.nom gen="f" num="s">
                      <n gen="f" lem="espalda" num="s" pos="ncfs000" postype="common" sense="16:04306040" wd="espalda"/>
                    </grup.nom>
                  </sn>
                </sp>
              </grup.nom>
            </sn>
          </sp>
        </grup.nom>
      </sn>
    </S>
    <f lem="." pos="fp" punct="period" wd="."/>
  </sentence>
  <sentence>
    <conj conjunctiontype="coordinating" func="et">
      <c lem="y" pos="cc" postype="coordinating" wd="Y"/>
    </conj>
    <sn arg="arg0" elliptic="yes" func="suj" tem="agt"/>
    <grup.verb>
      <v lem="haber" mood="indicative" num="s" person="3" pos="vaii3s0" postype="auxiliary" tense="imperfect" wd="había"/>
      <v gen="m" lem="desarrollar" lss="A21.transitive-agentive-patient" mood="participle" num="s" pos="vmp00sm" postype="main" wd="desarrollado"/>
    </grup.verb>
    <sn arg="arg1" func="cd" tem="pat">
      <spec gen="f" num="s">
        <d gen="f" lem="uno" num="s" pos="di0fs0" postype="indefinite" wd="una"/>
      </spec>
      <grup.nom gen="f" num="s">
        <n gen="f" lem="intuición" lexicalid="noun.intuición.1.default" num="s" origin="deverbal" pos="ncfs000" postype="common" sense="16:04409766" wd="intuición"/>
        <sp func="cn">
          <prep>
            <s lem="de" pos="sps00" postype="preposition" wd="de"/>
          </prep>
          <sn>
            <grup.nom gen="f" num="s">
              <n gen="f" lem="naturaleza" num="s" pos="ncfs000" postype="common" sense="16:03716446" wd="naturaleza"/>
              <s.a gen="f" num="s">
                <spec>
                  <r lem="casi" pos="rg" wd="casi"/>
                </spec>
                <grup.a gen="f" num="s">
                  <a gen="c" lem="sobrenatural" num="s" pos="aq0cs0" postype="qualificative" wd="sobrenatural"/>
                </grup.a>
              </s.a>
            </grup.nom>
          </sn>
        </sp>
      </grup.nom>
    </sn>
    <sp arg="argM" func="cc" tem="adv">
      <prep>
        <s contracted="yes" gen="m" lem="con_respecto_al" num="s" pos="spcms" postype="preposition" wd="con_respecto_al"/>
      </prep>
      <sn>
        <grup.nom gen="m" num="s">
          <n gen="m" lem="punto" num="s" pos="ncms000" postype="common" sense="16:10044643" wd="punto"/>
          <s.a gen="m" num="s">
            <grup.a gen="m" num="s">
              <a gen="m" lem="exacto" num="s" pos="aq0ms0" postype="qualificative" wd="exacto"/>
            </grup.a>
          </s.a>
          <sp>
            <prep>
              <s contracted="yes" gen="m" lem="del" num="s" pos="spcms" postype="preposition" wd="del"/>
            </prep>
            <sn>
              <grup.nom gen="m" num="s">
                <n gen="m" lem="pan" num="s" pos="ncms000" postype="common" sense="16:05721638" wd="pan"/>
                <s.a coord="yes" gen="m" num="s">
                  <S clausetype="participle" impersonal="yes">
                    <participi>
                      <a gen="m" lem="tostado" num="s" pos="aq0msp" posfunction="participle" postype="qualificative" wd="tostado"/>
                    </participi>
                  </S>
                  <f lem="," pos="fc" punct="comma" wd=","/>
                  <s.a gen="m" num="s">
                    <spec>
                      <r lem="siempre" pos="rg" wd="siempre"/>
                    </spec>
                    <grup.a gen="m" num="s">
                      <a gen="m" lem="perfecto" num="s" pos="aq0ms0" postype="qualificative" wd="perfecto"/>
                    </grup.a>
                  </s.a>
                </s.a>
              </grup.nom>
            </sn>
          </sp>
        </grup.nom>
      </sn>
    </sp>
    <f lem="." pos="fp" punct="period" wd="."/>
  </sentence>
  <sentence>
    <sn arg="arg0" elliptic="yes" func="suj" tem="agt"/>
    <neg func="mod">
      <r lem="no" pos="rn" postype="negative" wd="No"/>
    </neg>
    <sn arg="argL" func="cd">
      <grup.nom gen="f" num="s">
        <p case="accusative" gen="f" lem="él" num="s" person="3" pos="pp3fsa00" postype="personal" wd="la"/>
      </grup.nom>
    </sn>
    <grup.verb>
      <v lem="echar" lss="D11.inergative-agentive" mood="indicative" num="s" person="3" pos="vmii3s0" postype="main" tense="imperfect" wd="echaba"/>
    </grup.verb>
    <sp arg="argM" func="cc" tem="adv">
      <prep>
        <s lem="de" pos="sps00" postype="preposition" wd="de"/>
      </prep>
      <sadv>
        <grup.adv>
          <r lem="menos" pos="rg" wd="menos"/>
        </grup.adv>
      </sadv>
    </sp>
    <f lem="." pos="fp" punct="period" wd="."/>
  </sentence>
  <sentence>
    <sadv arg="argM" func="cc" tem="adv">
      <grup.adv>
        <r lem="a_ratos" pos="rg" wd="A_ratos"/>
      </grup.adv>
    </sadv>
    <sn arg="arg1" elliptic="yes" func="suj" tem="tem"/>
    <grup.verb>
      <v lem="estar" lss="C21.state-attributive" mood="indicative" num="s" person="3" pos="vmii3s0" postype="main" tense="imperfect" wd="estaba"/>
    </grup.verb>
    <sa arg="arg2" func="atr" tem="atr">
      <grup.a>
        <a gen="m" lem="seguro" num="s" pos="aq0ms0" postype="qualificative" wd="seguro"/>
        <sp>
          <prep>
            <s lem="de" pos="sps00" postype="preposition" wd="de"/>
          </prep>
          <S clausetype="completive">
            <conj conjunctiontype="subordinating">
              <c lem="que" pos="cs" postype="subordinating" wd="que"/>
            </conj>
            <sn arg="arg0" elliptic="yes" func="suj" tem="agt"/>
            <sn arg="arg1" func="cd" repetition="yes" tem="pat">
              <grup.nom gen="m" num="s">
                <p case="accusative" gen="m" lem="él" num="s" person="3" pos="pp3msa00" postype="personal" wd="lo"/>
              </grup.nom>
            </sn>
            <grup.verb>
              <v lem="saber" lss="A22.transitive-agentive-theme" mood="indicative" num="s" person="3" pos="vmii3s0" postype="main" tense="imperfect" wd="sabía"/>
            </grup.verb>
            <sn arg="arg1" func="cd" repetition="yes" tem="pat">
              <grup.nom gen="m" num="s">
                <p gen="m" lem="todo" num="s" pos="pi0ms000" postype="indefinite" wd="todo"/>
              </grup.nom>
            </sn>
          </S>
        </sp>
      </grup.a>
    </sa>
    <S arg="argM" clausetype="adverbial" func="cc" tem="cau">
      <f lem="," pos="fc" punct="comma" wd=","/>
      <conj conjunctiontype="subordinating">
        <c lem="porque" pos="cs" postype="subordinating" wd="porque"/>
      </conj>
      <sn arg="arg1" func="suj" tem="tem">
        <spec gen="f" num="s">
          <d gen="c" lem="su" num="s" person="3" pos="dp3cs0" postype="possessive" wd="su"/>
        </spec>
        <grup.nom gen="f" num="s">
          <n gen="f" lem="impasibidad" num="s" pos="ncfs000" postype="common" sense="16:cs1" wd="impasibidad"/>
          <s.a gen="f" num="s">
            <f lem="," pos="fc" punct="comma" wd=","/>
            <spec>
              <r lem="tanto" pos="rg" wd="tan"/>
            </spec>
            <grup.a gen="f" num="s">
              <a gen="f" lem="puro" num="s" pos="aq0fs0" postype="qualificative" wd="pura"/>
            </grup.a>
            <f lem="," pos="fc" punct="comma" wd=","/>
          </s.a>
        </grup.nom>
      </sn>
      <neg func="mod">
        <r lem="no" pos="rn" postype="negative" wd="no"/>
      </neg>
      <grup.verb>
        <v lem="poder" mood="indicative" num="s" person="3" pos="vmii3s0" postype="main" tense="imperfect" wd="podía"/>
        <infinitiu>
          <v lem="ser" lss="C21.state-attributive" mood="infinitive" pos="vsn0000" postype="semiauxiliary" wd="ser"/>
        </infinitiu>
      </grup.verb>
      <sa arg="arg2" func="atr" tem="atr">
        <grup.a>
          <a gen="c" lem="natural" num="s" pos="aq0cs0" postype="qualificative" wd="natural"/>
        </grup.a>
      </sa>
    </S>
    <f lem="." pos="fp" punct="period" wd="."/>
  </sentence>
</article>
