<?xml version="1.0" encoding="UTF-8" standalone="no"?>
<!-- 

  ancora-2.0
       
			Copyright (C) 2007, 2008, 2009, 2010, 2011 UB - CLiC
			Centre de Llenguatge i Computació - Universitat de Barcelona
 
  This file is part of ancora-2.0.
 
  ancora-2.0 is free software and data: you can redistribute it and/or modify
  it under the terms of the GNU General Public License as published
  by the Free Software Foundation, either version 3 of the License,
  or (at your option) any later version.

  ancora-2.0 is distributed in the hope that it will be useful,
  but WITHOUT ANY WARRANTY; without even the implied warranty of
  MERCHANTABILITY or FITNESS FOR A PARTICULAR PURPOSE.  See the
  GNU General Public License for more details.
 
  You should have received a copy of the GNU General Public License
  along with ancora-2.0.  If not, see &lt;http://www.gnu.org/licenses/&gt;.
 
  Check a text in catalan explaining the terms of the license at http://www.softcatala.cat/wiki/GPL3.
  In spanish at http://www.viti.es/gnu/licenses/gpl.html
 

  The following paper must be cited when using this corpus:

 * Taulé, M., M.A. Martí, M. Recasens (2008) 'Ancora: Multilevel Annotated Corpora for Catalan and Spanish',
   Proceedings of 6th International Conference on Language Resources and Evaluation. Marrakesh (Morocco).

  In addition, the following paper must be cited if coreference information (attributes entity, coreftype,
  corefsubtype, homophoricDD or entityref) is used:

 * Recasens, Marta, M. Antònia Martí (2010) ‘AnCora-CO: Coreferentially annotated corpora for Spanish and
   Catalan’. Language Resources and Evaluation, Springer Science.

  Additionally, the following paper must be cited when argumental attributes in "sn" or "grup.nom"
  (attributes func, arg, tem or lexicalid) are used:

 * Peris, Aina, Mariona Taulé, Horacio Rodríguez (2010) ‘Semantic Annotation of Deverbal Nominalizations in the
   Spanish AnCora corpus’. Treebanks and Linguistic Theories (TLT-2010), Estonia.
-->
<article lng="es">
  <sentence>
    <sp arg="argM" func="cc" tem="loc">
      <prep>
        <s lem="en" pos="sps00" postype="preposition" wd="En"/>
      </prep>
      <sn>
        <spec gen="m" num="s">
          <d gen="m" lem="el" num="s" pos="da0ms0" postype="article" wd="el"/>
        </spec>
        <grup.nom gen="m" num="s">
          <n gen="m" lem="cuarto" num="s" pos="ncms000" postype="common" sense="16:03250788" wd="cuarto"/>
          <sp>
            <prep>
              <s lem="de" pos="sps00" postype="preposition" wd="de"/>
            </prep>
            <S clausetype="completive" impersonal="yes">
              <infinitiu>
                <v lem="estar" lss="C11.state-existential" mood="infinitive" pos="vmn0000" postype="main" wd="estar"/>
              </infinitiu>
            </S>
          </sp>
        </grup.nom>
      </sn>
      <f lem="," pos="fc" punct="comma" wd=","/>
    </sp>
    <sn arg="arg0" func="suj" tem="agt">
      <spec gen="f" num="s">
        <d gen="f" lem="uno" num="s" pos="di0fs0" postype="indefinite" wd="una"/>
      </spec>
      <grup.nom gen="f" num="s">
        <s.a gen="f" num="s">
          <grup.a gen="f" num="s">
            <a gen="c" lem="grácil" num="s" pos="aq0cs0" postype="qualificative" wd="grácil"/>
          </grup.a>
        </s.a>
        <n gen="f" lem="patinadora" num="s" pos="ncfs000" postype="common" sense="16:cs1" wd="patinadora"/>
        <s.a gen="f" num="s">
          <grup.a gen="f" num="s">
            <a gen="f" lem="rubio" num="s" pos="aq0fs0" postype="qualificative" wd="rubia"/>
          </grup.a>
        </s.a>
      </grup.nom>
    </sn>
    <grup.verb>
      <v lem="anunciar" lss="A21.transitive-agentive-patient" mood="indicative" num="s" person="3" pos="vmii3s0" postype="main" tense="imperfect" wd="anunciaba"/>
    </grup.verb>
    <sn arg="arg1" func="cd" tem="pat">
      <spec gen="f" num="s">
        <d gen="f" lem="uno" num="s" pos="di0fs0" postype="indefinite" wd="una"/>
      </spec>
      <grup.nom gen="f" num="s">
        <n gen="f" lem="marca" num="s" pos="ncfs000" postype="common" sense="16:05128468" wd="marca"/>
        <sp>
          <prep>
            <s lem="de" pos="sps00" postype="preposition" wd="de"/>
          </prep>
          <sn>
            <grup.nom gen="m" num="p">
              <n gen="m" lem="chocolate" num="p" pos="ncmp000" postype="common" sense="16:05654298" wd="chocolates"/>
              <sp>
                <prep>
                  <s lem="de" pos="sps00" postype="preposition" wd="de"/>
                </prep>
                <sn entityref="ne" ne="location">
                  <grup.nom>
                    <n lem="Valladolid" ne="location" pos="np0000l" postype="proper" wd="Valladolid"/>
                  </grup.nom>
                </sn>
              </sp>
            </grup.nom>
          </sn>
        </sp>
      </grup.nom>
    </sn>
    <sp arg="argM" func="cc" tem="loc">
      <prep>
        <s lem="desde" pos="sps00" postype="preposition" wd="desde"/>
      </prep>
      <sn>
        <spec gen="f" num="s">
          <d gen="f" lem="uno" num="s" pos="di0fs0" postype="indefinite" wd="una"/>
        </spec>
        <grup.nom gen="f" num="s">
          <s.a gen="f" num="s">
            <grup.a gen="f" num="s">
              <a gen="f" lem="viejo" num="s" pos="aq0fs0" postype="qualificative" wd="vieja"/>
            </grup.a>
          </s.a>
          <n gen="f" lem="chapa" num="s" pos="ncfs000" postype="common" sense="16:03140308" wd="chapa"/>
          <s.a gen="f" num="s">
            <grup.a gen="f" num="s">
              <a gen="f" lem="publicitario" num="s" pos="aq0fs0" postype="qualificative" wd="publicitaria"/>
            </grup.a>
          </s.a>
          <sp>
            <prep>
              <s lem="de" pos="sps00" postype="preposition" wd="de"/>
            </prep>
            <sn>
              <grup.nom gen="f" num="s">
                <n gen="f" lem="hojalata" num="s" pos="ncfs000" postype="common" sense="16:03508256" wd="hojalata"/>
              </grup.nom>
            </sn>
          </sp>
          <sn coord="yes">
            <f lem="," pos="fc" punct="comma" wd=","/>
            <sn>
              <spec gen="f" num="p">
                <d gen="c" lem="su" num="p" person="3" pos="dp3cp0" postype="possessive" wd="sus"/>
              </spec>
              <grup.nom gen="f" num="p">
                <n gen="f" lem="esquina" num="p" pos="ncfp000" postype="common" sense="16:06378832" wd="esquinas"/>
                <sp>
                  <prep>
                    <s lem="de" pos="sps00" postype="preposition" wd="de"/>
                  </prep>
                  <sn>
                    <grup.nom gen="m" num="s">
                      <n gen="m" lem="color" num="s" pos="ncms000" postype="common" sense="16:03875475" wd="color"/>
                      <s.a gen="m" num="s">
                        <grup.a gen="m" num="s">
                          <n gen="m" lem="cobre" num="s" pos="ncms000" postype="common" sense="16:10484763" wd="cobre"/>
                        </grup.a>
                      </s.a>
                    </grup.nom>
                  </sn>
                </sp>
                <S clausetype="participle" impersonal="yes">
                  <sadv arg="argM" func="cc" tem="tmp">
                    <grup.adv>
                      <r lem="ya" pos="rg" wd="ya"/>
                    </grup.adv>
                  </sadv>
                  <participi>
                    <a gen="f" lem="oxidado" lss="B22.unaccusative-passive-transitive" num="p" pos="aq0fpp" posfunction="participle" postype="qualificative" wd="oxidadas"/>
                  </participi>
                </S>
              </grup.nom>
            </sn>
            <f lem="," pos="fc" punct="comma" wd=","/>
            <sn>
              <spec gen="f" num="p">
                <d gen="f" lem="el" num="p" pos="da0fp0" postype="article" wd="las"/>
              </spec>
              <grup.nom gen="f" num="p">
                <n gen="f" lem="letra" num="p" pos="ncfp000" postype="common" sense="16:05115901" wd="letras"/>
                <sp>
                  <prep>
                    <s lem="de" pos="sps00" postype="preposition" wd="de"/>
                  </prep>
                  <sn>
                    <spec gen="f" num="s">
                      <d gen="f" lem="el" num="s" pos="da0fs0" postype="article" wd="la"/>
                    </spec>
                    <grup.nom gen="f" num="s">
                      <n gen="f" lem="zona" num="s" pos="ncfs000" postype="common" sense="16:02207321" wd="zona"/>
                      <s.a gen="f" num="s">
                        <grup.a gen="f" num="s">
                          <a gen="c" lem="inferior" num="s" pos="aq0cs0" postype="qualificative" wd="inferior"/>
                        </grup.a>
                      </s.a>
                    </grup.nom>
                  </sn>
                </sp>
                <s.a coord="yes" gen="f" num="p">
                  <S clausetype="participle" coord="yes" impersonal="yes">
                    <S clausetype="participle" impersonal="yes">
                      <participi>
                        <a gen="f" lem="roto" num="p" pos="aq0fpp" posfunction="participle" postype="qualificative" wd="rotas"/>
                      </participi>
                    </S>
                    <conj conjunctiontype="coordinating">
                      <c lem="y" pos="cc" postype="coordinating" wd="y"/>
                    </conj>
                    <S clausetype="participle" impersonal="yes">
                      <participi>
                        <a gen="f" lem="arañado" num="p" pos="aq0fpp" posfunction="participle" postype="qualificative" wd="arañadas"/>
                      </participi>
                    </S>
                  </S>
                  <f lem="," pos="fc" punct="comma" wd=","/>
                  <s.a gen="f" num="p">
                    <grup.a gen="f" num="p">
                      <a gen="c" lem="ilegible" num="p" pos="aq0cp0" postype="qualificative" wd="ilegibles"/>
                    </grup.a>
                  </s.a>
                </s.a>
              </grup.nom>
            </sn>
          </sn>
        </grup.nom>
      </sn>
    </sp>
    <f lem="." pos="fp" punct="period" wd="."/>
  </sentence>
  <sentence coord="yes">
    <S>
      <sn arg="arg0" elliptic="yes" func="suj" tem="agt"/>
      <sn arg="arg1" func="cd" tem="pat">
        <grup.nom gen="f" num="s">
          <p case="accusative" gen="f" lem="él" num="s" person="3" pos="pp3fsa00" postype="personal" wd="La"/>
        </grup.nom>
      </sn>
      <grup.verb>
        <v lem="descolgar" lss="A21.transitive-agentive-patient" mood="indicative" num="s" person="3" pos="vmis3s0" postype="main" tense="past" wd="descolgó"/>
      </grup.verb>
      <sadv arg="argM" func="cc" tem="adv">
        <grup.adv>
          <r lem="inmediatamente" pos="rg" wd="inmediatamente"/>
        </grup.adv>
      </sadv>
      <sp arg="argM" func="cc" tem="loc">
        <prep>
          <s lem="de" pos="sps00" postype="preposition" wd="de"/>
        </prep>
        <sn>
          <spec gen="f" num="s">
            <d gen="f" lem="el" num="s" pos="da0fs0" postype="article" wd="la"/>
          </spec>
          <grup.nom gen="f" num="s">
            <n gen="f" lem="pared" num="s" pos="ncfs000" postype="common" sense="16:03585958" wd="pared"/>
          </grup.nom>
        </sn>
      </sp>
    </S>
    <conj conjunctiontype="coordinating">
      <c lem="y" pos="cc" postype="coordinating" wd="y"/>
    </conj>
    <S>
      <sn arg="arg0" elliptic="yes" func="suj" tem="agt"/>
      <sn arg="arg1" func="cd" tem="pat">
        <grup.nom gen="f" num="s">
          <p case="accusative" gen="f" lem="él" num="s" person="3" pos="pp3fsa00" postype="personal" wd="la"/>
        </grup.nom>
      </sn>
      <grup.verb>
        <v lem="guardar" lss="A21.transitive-agentive-patient" mood="indicative" num="s" person="3" pos="vmis3s0" postype="main" tense="past" wd="guardó"/>
      </grup.verb>
      <sp arg="argM" func="cc" tem="loc">
        <prep>
          <s lem="en" pos="sps00" postype="preposition" wd="en"/>
        </prep>
        <sn>
          <spec gen="m" num="s">
            <d gen="m" lem="el" num="s" pos="da0ms0" postype="article" wd="el"/>
          </spec>
          <grup.nom gen="m" num="s">
            <n gen="m" lem="fondo" num="s" pos="ncms000" postype="common" sense="16:03217207" wd="fondo"/>
            <sp>
              <prep>
                <s lem="de" pos="sps00" postype="preposition" wd="de"/>
              </prep>
              <sn>
                <spec gen="m" num="s">
                  <d gen="m" lem="uno" num="s" pos="di0ms0" postype="indefinite" wd="un"/>
                </spec>
                <grup.nom gen="m" num="s">
                  <n gen="m" lem="cajón" num="s" pos="ncms000" postype="common" sense="16:02597900" wd="cajón"/>
                </grup.nom>
              </sn>
            </sp>
            <S clausetype="relative">
              <f lem="," pos="fc" punct="comma" wd=","/>
              <sp arg="argM" func="cc" tem="loc">
                <prep>
                  <s lem="de" pos="sps00" postype="preposition" wd="de"/>
                </prep>
                <relatiu>
                  <p gen="c" lem="donde" num="c" pos="pr000000" postype="relative" wd="donde"/>
                </relatiu>
              </sp>
              <sn arg="arg0" elliptic="yes" func="suj" tem="agt"/>
              <grup.verb>
                <v lem="extraer" lss="A21.transitive-agentive-patient" mood="indicative" num="s" person="3" pos="vmis3s0" postype="main" tense="past" wd="extrajo"/>
              </grup.verb>
              <sp arg="argM" func="cc" tem="adv">
                <prep>
                  <s lem="a" pos="sps00" postype="preposition" wd="a"/>
                </prep>
                <sn>
                  <spec gen="f" num="s">
                    <d gen="c" lem="su" num="s" person="3" pos="dp3cs0" postype="possessive" wd="su"/>
                  </spec>
                  <grup.nom gen="f" num="s">
                    <n gen="f" lem="vez" num="s" pos="ncfs000" postype="common" sense="16:05449233" wd="vez"/>
                  </grup.nom>
                </sn>
              </sp>
              <sn arg="arg1" coord="yes" func="cd" tem="pat">
                <sn>
                  <spec gen="m" num="s">
                    <d gen="m" lem="uno" num="s" pos="di0ms0" postype="indefinite" wd="un"/>
                  </spec>
                  <grup.nom gen="m" num="s">
                    <s.a gen="m" num="s">
                      <grup.a gen="m" num="s">
                        <a gen="m" lem="viejo" num="s" pos="aq0ms0" postype="qualificative" wd="viejo"/>
                      </grup.a>
                    </s.a>
                    <n gen="m" lem="rollo" num="s" pos="ncms000" postype="common" sense="16:cs1" wd="rollo"/>
                    <sp>
                      <prep>
                        <s lem="de" pos="sps00" postype="preposition" wd="de"/>
                      </prep>
                      <sn>
                        <grup.nom gen="m" num="s">
                          <n gen="m" lem="papel" num="s" pos="ncms000" postype="common" sense="16:10744736" wd="papel"/>
                        </grup.nom>
                      </sn>
                    </sp>
                  </grup.nom>
                </sn>
                <f lem="," pos="fc" punct="comma" wd=","/>
                <sn>
                  <spec gen="f" num="p">
                    <d gen="c" lem="dos" num="p" pos="dn0cp0" postype="numeral" wd="dos"/>
                  </spec>
                  <grup.nom gen="f" num="p">
                    <n gen="f" lem="pendiente" num="p" pos="ncfp000" postype="common" sense="16:02620228" wd="pendientes"/>
                    <sp>
                      <prep>
                        <s lem="de" pos="sps00" postype="preposition" wd="de"/>
                      </prep>
                      <sn>
                        <grup.nom gen="f" num="s">
                          <n gen="f" lem="bisutería" num="s" pos="ncfs000" postype="common" sense="16:cs1" wd="bisutería"/>
                          <s.a gen="f" num="s">
                            <grup.a gen="f" num="s">
                              <a gen="f" lem="barato" num="s" pos="aq0fs0" postype="qualificative" wd="barata"/>
                            </grup.a>
                          </s.a>
                        </grup.nom>
                      </sn>
                    </sp>
                  </grup.nom>
                </sn>
                <conj conjunctiontype="coordinating">
                  <c lem="y" pos="cc" postype="coordinating" wd="y"/>
                </conj>
                <sn>
                  <spec gen="f" num="p">
                    <d gen="c" lem="cuatro" num="p" pos="dn0cp0" postype="numeral" wd="cuatro"/>
                  </spec>
                  <grup.nom gen="f" num="p">
                    <n gen="f" lem="chincheta" num="p" pos="ncfp000" postype="common" sense="16:03501345" wd="chinchetas"/>
                  </grup.nom>
                </sn>
              </sn>
            </S>
          </grup.nom>
        </sn>
      </sp>
    </S>
    <f lem="." pos="fp" punct="period" wd="."/>
  </sentence>
  <sentence>
    <S arg="argM" clausetype="adverbial" func="cc" tem="tmp">
      <conj conjunctiontype="subordinating">
        <c lem="mientras" pos="cs" postype="subordinating" wd="Mientras"/>
      </conj>
      <sn arg="arg0" elliptic="yes" func="suj" tem="agt"/>
      <grup.verb>
        <v lem="intentar" lss="A21.transitive-agentive-patient" mood="indicative" num="s" person="3" pos="vmii3s0" postype="main" tense="imperfect" wd="intentaba"/>
      </grup.verb>
      <S arg="arg1" clausetype="completive" func="cd" impersonal="yes" tem="pat">
        <infinitiu>
          <v lem="alisar" lss="A11.transitive-causative" mood="infinitive" pos="vmn0000" postype="main" wd="alisar"/>
        </infinitiu>
        <sp arg="argM" func="cc" tem="mnr">
          <prep>
            <s lem="con" pos="sps00" postype="preposition" wd="con"/>
          </prep>
          <sn>
            <grup.nom gen="m" num="s">
              <n gen="m" lem="cuidado" lexicalid="noun.cuidado.4.default" num="s" origin="deverbal" pos="ncms000" postype="common" sense="16:03675696" wd="cuidado"/>
            </grup.nom>
          </sn>
        </sp>
        <sn arg="arg1" func="cd" tem="tem">
          <spec gen="m" num="s">
            <d gen="m" lem="el" num="s" pos="da0ms0" postype="article" wd="el"/>
          </spec>
          <grup.nom gen="m" num="s">
            <s.a gen="m" num="s">
              <grup.a gen="m" num="s">
                <a gen="c" lem="vulgar" num="s" pos="aq0cs0" postype="qualificative" wd="vulgar"/>
              </grup.a>
            </s.a>
            <n gen="m" lem="cartel" num="s" pos="ncms000" postype="common" sense="16:05087726" wd="cartel"/>
            <sp>
              <prep>
                <s lem="de" pos="sps00" postype="preposition" wd="de"/>
              </prep>
              <sn>
                <grup.nom gen="f" num="s">
                  <n gen="f" lem="propaganda" lexicalid="noun.propaganda.1.default" num="s" origin="deverbal" pos="ncfs000" postype="common" sense="16:05409803" wd="propaganda"/>
                  <sp arg="arg1" func="cn" tem="pat">
                    <prep>
                      <s lem="de" pos="sps00" postype="preposition" wd="de"/>
                    </prep>
                    <sn>
                      <grup.nom gen="f" num="p">
                        <n gen="f" lem="naranja" num="p" pos="ncfp000" postype="common" sense="16:05783752" wd="naranjas"/>
                      </grup.nom>
                    </sn>
                  </sp>
                </grup.nom>
              </sn>
            </sp>
          </grup.nom>
        </sn>
      </S>
      <f lem="," pos="fc" punct="comma" wd=","/>
    </S>
    <sn arg="arg0" func="suj" tem="agt">
      <spec gen="m" num="p">
        <d gen="c" lem="su" num="p" person="3" pos="dp3cp0" postype="possessive" wd="sus"/>
      </spec>
      <grup.nom gen="m" num="p">
        <n gen="m" lem="ojo" num="p" pos="ncmp000" postype="common" sense="16:04122028" wd="ojos"/>
      </grup.nom>
    </sn>
    <grup.verb>
      <v lem="distinguir" lss="A21.transitive-agentive-patient" mood="indicative" num="p" person="3" pos="vmis3p0" postype="main" tense="past" wd="distinguieron"/>
    </grup.verb>
    <sn arg="arg1" func="cd" tem="pat">
      <spec gen="f" num="s">
        <d gen="f" lem="uno" num="s" pos="di0fs0" postype="indefinite" wd="una"/>
      </spec>
      <grup.nom gen="f" num="s">
        <n gen="f" lem="mancha" num="s" pos="ncfs000" postype="common" sense="16:03689246" wd="mancha"/>
        <s.a gen="f" num="s">
          <grup.a gen="f" num="s">
            <a gen="f" lem="claro" num="s" pos="aq0fs0" postype="qualificative" wd="clara"/>
          </grup.a>
        </s.a>
      </grup.nom>
    </sn>
    <sp arg="argM" coord="yes" func="cc" tem="loc">
      <sp>
        <prep>
          <s lem="tras" pos="sps00" postype="preposition" wd="tras"/>
        </prep>
        <sn>
          <spec gen="m" num="p">
            <d gen="m" lem="el" num="p" pos="da0mp0" postype="article" wd="los"/>
          </spec>
          <grup.nom gen="m" num="p">
            <n gen="m" lem="balcón" num="p" pos="ncmp000" postype="common" sense="16:02239875" wd="balcones"/>
          </grup.nom>
        </sn>
      </sp>
      <f lem="," pos="fc" punct="comma" wd=","/>
      <sp>
        <prep>
          <s contracted="yes" gen="m" lem="al" num="s" pos="spcms" postype="preposition" wd="al"/>
        </prep>
        <sn>
          <spec gen="m" num="s">
            <d gen="m" lem="otro" num="s" pos="di0ms0" postype="indefinite" wd="otro"/>
          </spec>
          <grup.nom gen="m" num="s">
            <n gen="m" lem="lado" num="s" pos="ncms000" postype="common" sense="16:06370070" wd="lado"/>
            <sp>
              <prep>
                <s lem="de" pos="sps00" postype="preposition" wd="de"/>
              </prep>
              <sn>
                <spec gen="f" num="s">
                  <d gen="f" lem="el" num="s" pos="da0fs0" postype="article" wd="la"/>
                </spec>
                <grup.nom gen="f" num="s">
                  <n gen="f" lem="calle" num="s" pos="ncfs000" postype="common" sense="16:03426236" wd="calle"/>
                </grup.nom>
              </sn>
            </sp>
          </grup.nom>
        </sn>
      </sp>
    </sp>
    <f lem="." pos="fp" punct="period" wd="."/>
  </sentence>
  <sentence coord="yes">
    <S>
      <sn arg="arg1" func="suj" tem="tem">
        <spec gen="m" num="s">
          <d gen="m" lem="el" num="s" pos="da0ms0" postype="article" wd="El"/>
        </spec>
        <grup.nom gen="m" num="s">
          <n gen="m" lem="huerto" num="s" pos="ncms000" postype="common" sense="16:02891363" wd="huerto"/>
        </grup.nom>
      </sn>
      <grup.verb>
        <v lem="estar" lss="C11.state-existential" mood="indicative" num="s" person="3" pos="vmii3s0" postype="main" tense="imperfect" wd="estaba"/>
      </grup.verb>
      <sadv arg="arg2" func="creg" tem="loc">
        <grup.adv>
          <r lem="allí" pos="rg" wd="allí"/>
        </grup.adv>
      </sadv>
      <sa arg="argM" coord="yes" func="cpred" predicate="suj" tem="atr">
        <f lem="," pos="fc" punct="comma" wd=","/>
        <sa complex="yes">
          <grup.a coord="yes">
            <grup.a>
              <a gen="c" lem="arrogante" num="s" pos="aq0cs0" postype="qualificative" wd="arrogante"/>
            </grup.a>
            <conj conjunctiontype="coordinating">
              <c lem="e" pos="cc" postype="coordinating" wd="e"/>
            </conj>
            <grup.a>
              <a gen="c" lem="imposible" num="s" pos="aq0cs0" postype="qualificative" wd="imposible"/>
            </grup.a>
          </grup.a>
        </sa>
        <sp>
          <prep>
            <s lem="como" pos="sps00" postype="preposition" wd="como"/>
          </prep>
          <sadv>
            <grup.adv>
              <r lem="siempre" pos="rg" wd="siempre"/>
            </grup.adv>
          </sadv>
        </sp>
        <f lem="," pos="fc" punct="comma" wd=","/>
      </sa>
    </S>
    <conj conjunctiontype="coordinating">
      <c lem="pero" pos="cc" postype="coordinating" wd="pero"/>
    </conj>
    <S>
      <sadv arg="argM" func="cc" tem="loc">
        <grup.adv>
          <r lem="encima" pos="rg" wd="encima"/>
          <sp>
            <prep>
              <s contracted="yes" gen="m" lem="del" num="s" pos="spcms" postype="preposition" wd="del"/>
            </prep>
            <sn>
              <grup.nom gen="m" num="s">
                <n gen="m" lem="muro" num="s" pos="ncms000" postype="common" sense="16:50000142" wd="muro"/>
                <sp>
                  <prep>
                    <s lem="de" pos="sps00" postype="preposition" wd="de"/>
                  </prep>
                  <sn>
                    <grup.nom gen="m" num="s">
                      <n gen="m" lem="ladrillo" num="s" pos="ncms000" postype="common" sense="16:02335723" wd="ladrillo"/>
                    </grup.nom>
                  </sn>
                </sp>
                <S clausetype="relative">
                  <relatiu arg="arg0" func="suj" tem="agt">
                    <p gen="c" lem="que" num="c" pos="pr0cn000" postype="relative" wd="que"/>
                  </relatiu>
                  <sn arg="arg1" func="cd" tem="pat">
                    <grup.nom gen="m" num="s">
                      <p case="accusative" gen="m" lem="él" num="s" person="3" pos="pp3msa00" postype="personal" wd="lo"/>
                    </grup.nom>
                  </sn>
                  <grup.verb>
                    <v lem="esconder" lss="A31.ditransitive-patient-locative" mood="indicative" num="s" person="3" pos="vmii3s0" postype="main" tense="imperfect" wd="escondía"/>
                  </grup.verb>
                  <sp arg="arg2" func="cc" tem="loc">
                    <prep>
                      <s lem="a" pos="sps00" postype="preposition" wd="a"/>
                    </prep>
                    <sn>
                      <spec gen="m" num="p">
                        <d gen="m" lem="el" num="p" pos="da0mp0" postype="article" wd="los"/>
                      </spec>
                      <grup.nom gen="m" num="p">
                        <n gen="m" lem="ojo" num="p" pos="ncmp000" postype="common" sense="16:04122028" wd="ojos"/>
                        <sp>
                          <prep>
                            <s lem="de" pos="sps00" postype="preposition" wd="de"/>
                          </prep>
                          <sn>
                            <spec gen="m" num="p">
                              <d gen="m" lem="el" num="p" pos="da0mp0" postype="article" wd="los"/>
                            </spec>
                            <grup.nom gen="m" num="p">
                              <n gen="m" lem="peatón" num="p" pos="ncmp000" postype="common" sense="16:cs1" wd="peatones"/>
                            </grup.nom>
                          </sn>
                        </sp>
                      </grup.nom>
                    </sn>
                  </sp>
                </S>
              </grup.nom>
            </sn>
          </sp>
        </grup.adv>
        <f lem="," pos="fc" punct="comma" wd=","/>
      </sadv>
      <sn arg="arg0" func="suj" tem="agt">
        <grup.nom gen="m" num="s">
          <p gen="c" lem="alguien" num="s" pos="pi0cs000" postype="indefinite" wd="alguien"/>
        </grup.nom>
      </sn>
      <grup.verb>
        <v lem="haber" mood="indicative" num="s" person="3" pos="vaii3s0" postype="auxiliary" tense="imperfect" wd="había"/>
        <v gen="m" lem="fijar" lss="A21.transitive-agentive-patient" mood="participle" num="s" pos="vmp00sm" postype="main" wd="fijado"/>
      </grup.verb>
      <sn arg="arg1" func="cd" tem="pat">
        <spec gen="m" num="s">
          <d gen="m" lem="uno" num="s" pos="di0ms0" postype="indefinite" wd="un"/>
        </spec>
        <grup.nom gen="m" num="s">
          <n gen="m" lem="cartel" num="s" pos="ncms000" postype="common" sense="16:05087726" wd="cartel"/>
          <sp>
            <prep>
              <s lem="de" pos="sps00" postype="preposition" wd="de"/>
            </prep>
            <sn>
              <grup.nom gen="m" num="s">
                <n gen="m" lem="metal" num="s" pos="ncms000" postype="common" sense="16:10476248" wd="metal"/>
                <s.a gen="m" num="s">
                  <grup.a gen="m" num="s">
                    <a gen="m" lem="amarillo" num="s" pos="aq0ms0" postype="qualificative" wd="amarillo"/>
                  </grup.a>
                </s.a>
              </grup.nom>
            </sn>
          </sp>
          <S clausetype="participle" impersonal="yes">
            <participi>
              <a gen="m" lem="presidido" lss="B22.unaccusative-passive-transitive" num="s" pos="aq0msp" posfunction="participle" postype="qualificative" wd="presidido"/>
            </participi>
            <sp arg="arg0" func="cag" tem="agt">
              <prep>
                <s lem="por" pos="sps00" postype="preposition" wd="por"/>
              </prep>
              <sn>
                <spec gen="m" num="s">
                  <d gen="m" lem="el" num="s" pos="da0ms0" postype="article" wd="el"/>
                </spec>
                <grup.nom gen="m" num="s">
                  <n gen="m" lem="nombre" num="s" pos="ncms000" postype="common" sense="16:04768298" wd="nombre"/>
                  <sp>
                    <prep>
                      <s lem="de" pos="sps00" postype="preposition" wd="de"/>
                    </prep>
                    <sn>
                      <spec gen="f" num="s">
                        <d gen="f" lem="uno" num="s" pos="di0fs0" postype="indefinite" wd="una"/>
                      </spec>
                      <grup.nom gen="f" num="s">
                        <n gen="f" lem="empresa" num="s" pos="ncfs000" postype="common" sense="16:06004580" wd="empresa"/>
                        <s.a gen="f" num="s">
                          <grup.a gen="f" num="s">
                            <a gen="f" lem="constructor" num="s" pos="aq0fs0" postype="qualificative" wd="constructora"/>
                          </grup.a>
                        </s.a>
                      </grup.nom>
                    </sn>
                  </sp>
                </grup.nom>
              </sn>
            </sp>
          </S>
        </grup.nom>
      </sn>
    </S>
    <f lem="." pos="fp" punct="period" wd="."/>
  </sentence>
  <sentence>
    <sadv arg="argM" func="cc" tem="loc">
      <grup.adv>
        <r lem="debajo" pos="rg" wd="Debajo"/>
      </grup.adv>
    </sadv>
    <morfema.verbal func="pass">
      <p gen="c" lem="se" num="c" pos="p0000000" wd="se"/>
    </morfema.verbal>
    <grup.verb>
      <v lem="poder" mood="indicative" num="s" person="3" pos="vmii3s0" postype="main" tense="imperfect" wd="podía"/>
      <infinitiu>
        <v lem="leer" lss="B22.unaccusative-passive-transitive" mood="infinitive" pos="vmn0000" postype="main" wd="leer"/>
      </infinitiu>
    </grup.verb>
    <sn arg="arg1" func="suj" tem="pat">
      <spec gen="m" num="s">
        <d gen="m" lem="uno" num="s" pos="di0ms0" postype="indefinite" wd="un"/>
      </spec>
      <grup.nom gen="m" num="s">
        <s.a func="cn" gen="m" num="s">
          <grup.a gen="m" num="s">
            <a gen="m" lem="turbio" num="s" pos="aq0ms0" postype="qualificative" wd="turbio"/>
          </grup.a>
        </s.a>
        <n gen="m" lem="mensaje" lexicalid="noun.mensaje.1.default" num="s" origin="deverbal" pos="ncms000" postype="common" sense="16:04729537" wd="mensaje"/>
        <S func="cn">
          <f lem="," pos="fc" punct="comma" wd=","/>
          <grup.verb>
            <v lem="faltar" lss="C11.state-existential" mood="indicative" num="p" person="3" pos="vmip3p0" postype="main" tense="present" wd="faltan"/>
          </grup.verb>
          <sn arg="arg1" func="suj" tem="tem">
            <spec gen="m" num="p">
              <z lem="923" ne="number" wd="923"/>
            </spec>
            <grup.nom gen="m" num="p">
              <n gen="m" lem="día" num="p" pos="ncmp000" postype="common" sense="16:10878116" wd="días"/>
            </grup.nom>
          </sn>
          <sp arg="argM" func="cc" tem="fin">
            <prep>
              <s lem="para" pos="sps00" postype="preposition" wd="para"/>
            </prep>
            <S clausetype="completive" impersonal="yes">
              <infinitiu>
                <v lem="terminar" lss="A21.transitive-agentive-patient" mood="infinitive" pos="vmn0000" postype="main" wd="terminar"/>
              </infinitiu>
              <sn arg="arg1" func="cd" tem="pat">
                <spec gen="f" num="s">
                  <d gen="f" lem="este" num="s" pos="dd0fs0" postype="demonstrative" wd="esta"/>
                </spec>
                <grup.nom gen="f" num="s">
                  <n arg="arg1" gen="f" lem="obra" lexicalid="noun.obra.2.default" num="s" origin="deverbal" pos="ncfs000" postype="common" sense="16:03629197" tem="pat" wd="obra"/>
                </grup.nom>
              </sn>
            </S>
          </sp>
        </S>
      </grup.nom>
    </sn>
    <f lem="." pos="fp" punct="period" wd="."/>
  </sentence>
  <sentence coord="yes">
    <S>
      <sp arg="argM" func="cc" tem="tmp">
        <prep>
          <s lem="en" pos="sps00" postype="preposition" wd="En"/>
        </prep>
        <sn>
          <spec gen="m" num="s">
            <d gen="m" lem="aquel" num="s" pos="dd0ms0" postype="demonstrative" wd="aquel"/>
          </spec>
          <grup.nom gen="m" num="s">
            <n gen="m" lem="momento" num="s" pos="ncms000" postype="common" sense="16:10898122" wd="momento"/>
          </grup.nom>
        </sn>
      </sp>
      <sn arg="arg1" elliptic="yes" func="suj" tem="tem"/>
      <morfema.pronominal>
        <p gen="c" lem="él" num="c" person="3" pos="p0300000" wd="se"/>
      </morfema.pronominal>
      <grup.verb>
        <v lem="haber" mood="indicative" num="s" person="3" pos="vaii3s0" postype="auxiliary" tense="imperfect" wd="había"/>
        <v gen="m" lem="sentir" lss="C21.state-attributive" mood="participle" num="s" pos="vmp00sm" postype="main" wd="sentido"/>
      </grup.verb>
      <sa arg="arg2" func="cpred" predicate="suj" tem="atr">
        <grup.a>
          <a gen="c" lem="culpable" num="s" pos="aq0cs0" postype="qualificative" wd="culpable"/>
          <sp>
            <prep>
              <s lem="de" pos="sps00" postype="preposition" wd="de"/>
            </prep>
            <sn>
              <spec gen="f" num="s">
                <d gen="f" lem="el" num="s" pos="da0fs0" postype="article" wd="la"/>
              </spec>
              <grup.nom gen="f" num="s">
                <s.a func="cn" gen="f" num="s">
                  <grup.a gen="f" num="s">
                    <a gen="c" lem="previsible" num="s" pos="aq0cs0" postype="qualificative" wd="previsible"/>
                  </grup.a>
                </s.a>
                <n gen="f" lem="destrucción" lexicalid="noun.destrucción.2.default" num="s" origin="deverbal" pos="ncfs000" postype="common" sense="16:00141128" wd="destrucción"/>
                <sp arg="arg1" func="cn" tem="pat">
                  <prep>
                    <s contracted="yes" gen="m" lem="del" num="s" pos="spcms" postype="preposition" wd="del"/>
                  </prep>
                  <sn>
                    <grup.nom gen="m" num="s">
                      <n gen="m" lem="prodigio" num="s" pos="ncms000" postype="common" sense="16:05436886" wd="prodigio"/>
                    </grup.nom>
                  </sn>
                </sp>
              </grup.nom>
            </sn>
          </sp>
        </grup.a>
      </sa>
      <f lem="," pos="fc" punct="comma" wd=","/>
    </S>
    <conj conjunctiontype="coordinating">
      <c lem="pero" pos="cc" postype="coordinating" wd="pero"/>
    </conj>
    <S>
      <sadv arg="argM" func="cc" tem="tmp">
        <grup.adv>
          <r lem="ahora" pos="rg" wd="ahora"/>
          <S clausetype="relative">
            <f lem="," pos="fc" punct="comma" wd=","/>
            <relatiu arg="argM" func="cc" tem="tmp">
              <p gen="c" lem="cuando" num="c" pos="pr000000" postype="relative" wd="cuando"/>
            </relatiu>
            <sn arg="arg0" func="suj" tem="agt">
              <spec gen="f" num="s">
                <d gen="f" lem="el" num="s" pos="da0fs0" postype="article" wd="la"/>
              </spec>
              <grup.nom gen="f" num="s">
                <n gen="f" lem="amargura" lexicalid="noun.amargura.1.default" num="s" origin="deverbal" pos="ncfs000" postype="common" sense="16:10077799" wd="amargura"/>
                <sp arg="arg0" func="cn" tem="cau">
                  <prep>
                    <s lem="de" pos="sps00" postype="preposition" wd="de"/>
                  </prep>
                  <sn>
                    <spec gen="m" num="s">
                      <d gen="m" lem="aquel" num="s" pos="dd0ms0" postype="demonstrative" wd="aquel"/>
                    </spec>
                    <grup.nom gen="m" num="s">
                      <n gen="m" lem="descubrimiento" lexicalid="noun.descubrimiento.1.default" num="s" origin="deverbal" pos="ncms000" postype="common" sense="16:05389592" wd="descubrimiento"/>
                    </grup.nom>
                  </sn>
                </sp>
              </grup.nom>
            </sn>
            <morfema.pronominal>
              <p gen="c" lem="él" num="c" person="3" pos="p0300000" wd="se"/>
            </morfema.pronominal>
            <grup.verb>
              <v lem="haber" mood="indicative" num="s" person="3" pos="vaii3s0" postype="auxiliary" tense="imperfect" wd="había"/>
              <v gen="m" lem="diluir" lss="B22.unaccusative-passive-transitive" mood="participle" num="s" pos="vmp00sm" postype="main" wd="diluido"/>
            </grup.verb>
            <sadv arg="argM" func="cc" tem="mnr">
              <grup.adv>
                <r lem="poco_a_poco" pos="rg" wd="poco_a_poco"/>
              </grup.adv>
            </sadv>
            <sp arg="argM" func="cc" tem="tmp">
              <prep>
                <s lem="en" pos="sps00" postype="preposition" wd="en"/>
              </prep>
              <sn>
                <spec gen="m" num="s">
                  <d gen="m" lem="el" num="s" pos="da0ms0" postype="article" wd="el"/>
                </spec>
                <grup.nom gen="m" num="s">
                  <n gen="m" lem="transcurso" lexicalid="noun.transcurso.1.default" num="s" origin="deverbal" pos="ncms000" postype="common" sense="16:cs1" wd="transcurso"/>
                  <sp arg="arg1" func="cn" tem="tem">
                    <prep>
                      <s contracted="yes" gen="m" lem="del" num="s" pos="spcms" postype="preposition" wd="del"/>
                    </prep>
                    <sn>
                      <grup.nom gen="m" num="s">
                        <n gen="m" lem="tiempo" num="s" pos="ncms000" postype="common" sense="16:00015594" wd="tiempo"/>
                        <sn>
                          <f lem="," pos="fc" punct="comma" wd=","/>
                          <sadv adjunct="yes">
                            <grup.adv>
                              <r lem="casi" pos="rg" wd="casi"/>
                            </grup.adv>
                          </sadv>
                          <sn>
                            <spec gen="m" num="p">
                              <d gen="c" lem="tres" num="p" pos="dn0cp0" postype="numeral" wd="tres"/>
                            </spec>
                            <grup.nom gen="m" num="p">
                              <n gen="m" lem="año" num="p" pos="ncmp000" postype="common" sense="16:10917509" wd="años"/>
                              <sp>
                                <prep>
                                  <s lem="de" pos="sps00" postype="preposition" wd="de"/>
                                </prep>
                                <sn>
                                  <grup.nom gen="f" num="s">
                                    <n gen="f" lem="vida" num="s" pos="ncfs000" postype="common" sense="16:10865688" wd="vida"/>
                                    <s.a gen="f" num="s">
                                      <grup.a gen="f" num="s">
                                        <a gen="c" lem="igual" num="s" pos="aq0cs0" postype="qualificative" wd="igual"/>
                                      </grup.a>
                                    </s.a>
                                  </grup.nom>
                                </sn>
                              </sp>
                            </grup.nom>
                          </sn>
                        </sn>
                      </grup.nom>
                    </sn>
                  </sp>
                </grup.nom>
              </sn>
            </sp>
            <f lem="," pos="fc" punct="comma" wd=","/>
          </S>
        </grup.adv>
      </sadv>
      <sn arg="arg1" elliptic="yes" func="suj" tem="tem"/>
      <morfema.pronominal>
        <p gen="c" lem="él" num="c" person="3" pos="p0300000" wd="se"/>
      </morfema.pronominal>
      <grup.verb>
        <v lem="haber" mood="indicative" num="s" person="3" pos="vaii3s0" postype="auxiliary" tense="imperfect" wd="había"/>
        <v gen="m" lem="acostumbrar" lss="B21.unaccusative-state" mood="participle" num="s" pos="vmp00sm" postype="main" wd="acostumbrado"/>
      </grup.verb>
      <sadv arg="argM" func="cc" tem="tmp">
        <grup.adv>
          <r lem="ya" pos="rg" wd="ya"/>
        </grup.adv>
      </sadv>
      <sp arg="arg2" func="creg" tem="efi">
        <prep>
          <s lem="a" pos="sps00" postype="preposition" wd="a"/>
        </prep>
        <S clausetype="completive">
          <conj conjunctiontype="subordinating">
            <c lem="que" pos="cs" postype="subordinating" wd="que"/>
          </conj>
          <sn arg="arg0" func="suj" tem="agt">
            <spec gen="f" num="p">
              <d gen="f" lem="el" num="p" pos="da0fp0" postype="article" wd="las"/>
            </spec>
            <grup.nom gen="f" num="p">
              <n gen="f" lem="cosa" num="p" pos="ncfp000" postype="common" sense="16:05437110" wd="cosas"/>
            </grup.nom>
          </sn>
          <grup.verb>
            <v lem="seguir" lss="A21.transitive-agentive-patient" mood="subjunctive" num="p" person="3" pos="vmsi3p0" postype="main" tense="imperfect" wd="siguieran"/>
          </grup.verb>
          <sn arg="arg1" func="cd" tem="pat">
            <spec gen="m" num="s">
              <d gen="m" lem="ese" num="s" pos="dd0ms0" postype="demonstrative" wd="ese"/>
            </spec>
            <grup.nom gen="m" num="s">
              <n gen="m" lem="orden" num="s" pos="ncms000" postype="common" sense="16:06246680" wd="orden"/>
              <S clausetype="relative">
                <sp arg="arg2" func="cc" tem="ins">
                  <prep>
                    <s contracted="yes" gen="m" lem="del" num="s" pos="spcms" postype="preposition" wd="del"/>
                  </prep>
                  <sn>
                    <relatiu>
                      <p gen="c" lem="que" num="c" pos="pr0cn000" postype="relative" wd="que"/>
                    </relatiu>
                  </sn>
                </sp>
                <morfema.verbal func="pass">
                  <p gen="c" lem="se" num="c" pos="p0000000" wd="se"/>
                </morfema.verbal>
                <grup.verb>
                  <v lem="soler" mood="indicative" num="s" person="3" pos="vmip3s0" postype="main" tense="present" wd="suele"/>
                  <infinitiu>
                    <v lem="decir" lss="A32.ditransitive-patient-benefactive" mood="infinitive" pos="vmn0000" postype="main" wd="decir"/>
                  </infinitiu>
                </grup.verb>
                <S arg="arg1" clausetype="completive" func="suj" tem="pat">
                  <conj conjunctiontype="subordinating">
                    <c lem="que" pos="cs" postype="subordinating" wd="que"/>
                  </conj>
                  <sn arg="arg1" elliptic="yes" func="suj" tem="tem"/>
                  <grup.verb>
                    <v lem="ser" lss="C21.state-attributive" mood="indicative" num="s" person="3" pos="vsip3s0" postype="semiauxiliary" tense="present" wd="es"/>
                  </grup.verb>
                  <sn arg="arg2" func="atr" tem="atr">
                    <spec gen="m" num="s">
                      <d gen="m" lem="el" num="s" pos="da0ms0" postype="article" wd="el"/>
                    </spec>
                    <grup.nom gen="m" num="s">
                      <n gen="m" lem="curso" num="s" pos="ncms000" postype="common" sense="16:06249735" wd="curso"/>
                      <s.a gen="m" num="s">
                        <grup.a gen="m" num="s">
                          <a gen="m" lem="lógico" num="s" pos="aq0ms0" postype="qualificative" wd="lógico"/>
                        </grup.a>
                      </s.a>
                      <sp>
                        <prep>
                          <s lem="de" pos="sps00" postype="preposition" wd="de"/>
                        </prep>
                        <sn>
                          <spec gen="m" num="p">
                            <d gen="m" lem="el" num="p" pos="da0mp0" postype="article" wd="los"/>
                          </spec>
                          <grup.nom gen="m" num="p">
                            <n gen="m" lem="acontecimiento" lexicalid="noun.acontecimiento.1.default" num="p" origin="deverbal" pos="ncmp000" postype="common" sense="16:05432762" wd="acontecimientos"/>
                          </grup.nom>
                        </sn>
                      </sp>
                    </grup.nom>
                  </sn>
                </S>
              </S>
            </grup.nom>
          </sn>
        </S>
      </sp>
    </S>
    <f lem="." pos="fp" punct="period" wd="."/>
  </sentence>
</article>
