<?xml version="1.0" encoding="UTF-8" standalone="no"?>
<!-- 

  ancora-2.0
       
			Copyright (C) 2007, 2008, 2009, 2010, 2011 UB - CLiC
			Centre de Llenguatge i Computació - Universitat de Barcelona
 
  This file is part of ancora-2.0.
 
  ancora-2.0 is free software and data: you can redistribute it and/or modify
  it under the terms of the GNU General Public License as published
  by the Free Software Foundation, either version 3 of the License,
  or (at your option) any later version.

  ancora-2.0 is distributed in the hope that it will be useful,
  but WITHOUT ANY WARRANTY; without even the implied warranty of
  MERCHANTABILITY or FITNESS FOR A PARTICULAR PURPOSE.  See the
  GNU General Public License for more details.
 
  You should have received a copy of the GNU General Public License
  along with ancora-2.0.  If not, see &lt;http://www.gnu.org/licenses/&gt;.
 
  Check a text in catalan explaining the terms of the license at http://www.softcatala.cat/wiki/GPL3.
  In spanish at http://www.viti.es/gnu/licenses/gpl.html
 

  The following paper must be cited when using this corpus:

 * Taulé, M., M.A. Martí, M. Recasens (2008) 'Ancora: Multilevel Annotated Corpora for Catalan and Spanish',
   Proceedings of 6th International Conference on Language Resources and Evaluation. Marrakesh (Morocco).

  In addition, the following paper must be cited if coreference information (attributes entity, coreftype,
  corefsubtype, homophoricDD or entityref) is used:

 * Recasens, Marta, M. Antònia Martí (2010) ‘AnCora-CO: Coreferentially annotated corpora for Spanish and
   Catalan’. Language Resources and Evaluation, Springer Science.

  Additionally, the following paper must be cited when argumental attributes in "sn" or "grup.nom"
  (attributes func, arg, tem or lexicalid) are used:

 * Peris, Aina, Mariona Taulé, Horacio Rodríguez (2010) ‘Semantic Annotation of Deverbal Nominalizations in the
   Spanish AnCora corpus’. Treebanks and Linguistic Theories (TLT-2010), Estonia.
-->
<article lng="es">
  <sentence>
    <sn arg="argM" func="cc" tem="tmp">
      <spec gen="f" num="p">
        <d gen="f" lem="mucho" num="p" pos="di0fp0" postype="indefinite" wd="Muchas"/>
      </spec>
      <grup.nom gen="f" num="p">
        <n gen="f" lem="vez" num="p" pos="ncfp000" postype="common" sense="16:05449233" wd="veces"/>
      </grup.nom>
    </sn>
    <sn arg="arg0" elliptic="yes" func="suj" tem="agt"/>
    <morfema.pronominal>
      <p gen="c" lem="él" num="c" person="3" pos="p0300000" wd="se"/>
    </morfema.pronominal>
    <grup.verb>
      <v lem="tirar" lss="A21.transitive-agentive-patient" mood="indicative" num="s" person="3" pos="vmii3s0" postype="main" tense="imperfect" wd="tiraba"/>
    </grup.verb>
    <sp arg="argM" func="cc" tem="loc">
      <prep>
        <s contracted="yes" gen="m" lem="al" num="s" pos="spcms" postype="preposition" wd="al"/>
      </prep>
      <sn>
        <grup.nom gen="m" num="s">
          <n gen="m" lem="suelo" num="s" pos="ncms000" postype="common" sense="16:02699889" wd="suelo"/>
        </grup.nom>
      </sn>
    </sp>
    <sp arg="argM" func="cc" tem="fin">
      <prep>
        <s lem="para" pos="sps00" postype="preposition" wd="para"/>
      </prep>
      <S clausetype="completive" coord="yes" impersonal="yes">
        <S clausetype="completive" impersonal="yes">
          <infinitiu>
            <v lem="rodear" lss="A21.transitive-agentive-patient" mood="infinitive" pos="vmn0000" postype="main" wd="rodear"/>
          </infinitiu>
          <sp arg="argM" func="cc" tem="loc">
            <prep>
              <s lem="con" pos="sps00" postype="preposition" wd="con"/>
            </prep>
            <sn>
              <spec gen="m" num="p">
                <d gen="m" lem="el" num="p" pos="da0mp0" postype="article" wd="los"/>
              </spec>
              <grup.nom gen="m" num="p">
                <n gen="m" lem="brazo" num="p" pos="ncmp000" postype="common" sense="16:04310435" wd="brazos"/>
              </grup.nom>
            </sn>
          </sp>
          <sn arg="arg1" func="cd" tem="pat">
            <spec gen="m" num="p">
              <d gen="m" lem="el" num="p" pos="da0mp0" postype="article" wd="los"/>
            </spec>
            <grup.nom gen="m" num="p">
              <n gen="m" lem="tobillo" num="p" pos="ncmp000" postype="common" sense="16:04322434" wd="tobillos"/>
              <sp>
                <prep>
                  <s lem="de" pos="sps00" postype="preposition" wd="de"/>
                </prep>
                <sn>
                  <spec gen="f" num="s">
                    <d gen="c" lem="su" num="s" person="3" pos="dp3cs0" postype="possessive" wd="su"/>
                  </spec>
                  <grup.nom gen="f" num="s">
                    <n gen="f" lem="madre" num="s" pos="ncfs000" postype="common" sense="16:07419862" wd="madre"/>
                  </grup.nom>
                </sn>
              </sp>
            </grup.nom>
          </sn>
        </S>
        <conj conjunctiontype="coordinating">
          <c lem="y" pos="cc" postype="coordinating" wd="y"/>
        </conj>
        <S clausetype="completive" impersonal="yes">
          <infinitiu>
            <v lem="acercar" lss="A31.ditransitive-patient-locative" mood="infinitive" pos="vmn0000" postype="main" wd="acercar"/>
          </infinitiu>
          <sn arg="arg1" func="cd" tem="pat">
            <spec gen="f" num="s">
              <d gen="f" lem="el" num="s" pos="da0fs0" postype="article" wd="la"/>
            </spec>
            <grup.nom gen="f" num="s">
              <n gen="f" lem="mejilla" num="s" pos="ncfs000" postype="common" sense="16:04342279" wd="mejilla"/>
            </grup.nom>
          </sn>
          <sp arg="argM" func="cc" tem="loc">
            <prep>
              <s lem="a" pos="sps00" postype="preposition" wd="a"/>
            </prep>
            <sn>
              <spec gen="m" num="p">
                <d gen="c" lem="su" num="p" person="3" pos="dp3cp0" postype="possessive" wd="sus"/>
              </spec>
              <grup.nom gen="m" num="p">
                <n gen="m" lem="pie" num="p" pos="ncmp000" postype="common" sense="16:01661550" wd="pies"/>
              </grup.nom>
            </sn>
          </sp>
        </S>
      </S>
    </sp>
    <f lem="." pos="fp" punct="period" wd="."/>
  </sentence>
  <sentence coord="yes">
    <S>
      <sadv arg="argM" func="cc" tem="tmp">
        <grup.adv>
          <r lem="entonces" pos="rg" wd="Entonces"/>
        </grup.adv>
      </sadv>
      <sn arg="arg0" elliptic="yes" func="suj" tem="agt"/>
      <grup.verb>
        <v lem="mover" lss="A31.ditransitive-patient-locative" mood="indicative" num="s" person="3" pos="vmii3s0" postype="main" tense="imperfect" wd="movía"/>
      </grup.verb>
      <sn arg="arg1" func="cd" tem="pat">
        <spec gen="f" num="s">
          <d gen="f" lem="el" num="s" pos="da0fs0" postype="article" wd="la"/>
        </spec>
        <grup.nom gen="f" num="s">
          <n gen="f" lem="cabeza" num="s" pos="ncfs000" postype="common" sense="16:04290247" wd="cabeza"/>
        </grup.nom>
      </sn>
      <sadv arg="argM" func="cc" tem="mnr">
        <grup.adv>
          <r lem="lentamente" pos="rg" wd="lentamente"/>
        </grup.adv>
      </sadv>
    </S>
    <conj conjunctiontype="coordinating">
      <c lem="y" pos="cc" postype="coordinating" wd="y"/>
    </conj>
    <S>
      <sn arg="arg0" elliptic="yes" func="suj" tem="agt"/>
      <grup.verb>
        <v lem="disfrutar" lss="A22.transitive-agentive-theme" mood="indicative" num="s" person="3" pos="vmii3s0" postype="main" tense="imperfect" wd="disfrutaba"/>
      </grup.verb>
      <sp arg="arg1" func="creg" tem="tem">
        <prep>
          <s lem="de" pos="sps00" postype="preposition" wd="de"/>
        </prep>
        <sn>
          <spec gen="f" num="s">
            <d gen="f" lem="el" num="s" pos="da0fs0" postype="article" wd="la"/>
          </spec>
          <grup.nom gen="f" num="s">
            <s.a gen="f" num="s">
              <grup.a gen="f" num="s">
                <a gen="c" lem="tenue" num="s" pos="aq0cs0" postype="qualificative" wd="tenue"/>
              </grup.a>
            </s.a>
            <n gen="f" lem="caricia" num="s" pos="ncfs000" postype="common" sense="16:00093956" wd="caricia"/>
            <S clausetype="relative">
              <relatiu arg="arg1" func="cd" tem="pat">
                <p gen="c" lem="que" num="c" pos="pr0cn000" postype="relative" wd="que"/>
              </relatiu>
              <grup.verb>
                <v lem="dibujar" lss="A21.transitive-agentive-patient" mood="indicative" num="s" person="3" pos="vmii3s0" postype="main" tense="imperfect" wd="dibujaba"/>
              </grup.verb>
              <sn arg="arg0" func="suj" tem="agt">
                <spec gen="f" num="s">
                  <d gen="f" lem="aquel" num="s" pos="dd0fs0" postype="demonstrative" wd="aquella"/>
                </spec>
                <grup.nom gen="f" num="s">
                  <n gen="f" lem="pluma" num="s" pos="ncfs000" postype="common" sense="16:01411980" wd="pluma"/>
                  <s.a gen="f" num="s">
                    <spec>
                      <r lem="casi" pos="rg" wd="casi"/>
                    </spec>
                    <grup.a gen="f" num="s">
                      <a gen="c" lem="invisible" num="s" pos="aq0cs0" postype="qualificative" wd="invisible"/>
                    </grup.a>
                  </s.a>
                </grup.nom>
              </sn>
              <S arg="argM" clausetype="adverbial" func="cc" tem="tmp">
                <conj conjunctiontype="subordinating">
                  <c lem="cuando" pos="cs" postype="subordinating" wd="cuando"/>
                </conj>
                <sn arg="arg0" elliptic="yes" func="suj" tem="agt"/>
                <morfema.pronominal>
                  <p gen="c" lem="él" num="c" person="3" pos="p0300000" wd="se"/>
                </morfema.pronominal>
                <grup.verb>
                  <v lem="decidir" lss="A22.transitive-agentive-theme" mood="indicative" num="s" person="3" pos="vmii3s0" postype="main" tense="imperfect" wd="decidía"/>
                </grup.verb>
                <sp arg="arg1" func="creg" tem="tem">
                  <prep>
                    <s lem="a" pos="sps00" postype="preposition" wd="a"/>
                  </prep>
                  <S clausetype="completive" impersonal="yes">
                    <infinitiu>
                      <v lem="resbalar" lss="C11.state-existential" mood="infinitive" pos="vmn0000" postype="main" wd="resbalar"/>
                    </infinitiu>
                    <sp arg="argM" func="cc" tem="loc">
                      <prep>
                        <s lem="sobre" pos="sps00" postype="preposition" wd="sobre"/>
                      </prep>
                      <sn>
                        <spec gen="f" num="s">
                          <d gen="c" lem="su" num="s" person="3" pos="dp3cs0" postype="possessive" wd="su"/>
                        </spec>
                        <grup.nom gen="f" num="s">
                          <n gen="f" lem="piel" num="s" pos="ncfs000" postype="common" sense="16:01411738" wd="piel"/>
                        </grup.nom>
                      </sn>
                    </sp>
                  </S>
                </sp>
              </S>
            </S>
          </grup.nom>
        </sn>
      </sp>
    </S>
    <f lem="." pos="fp" punct="period" wd="."/>
  </sentence>
  <sentence coord="yes">
    <S>
      <sn arg="arg0" elliptic="yes" func="suj" tem="agt"/>
      <grup.verb>
        <v lem="sonreír" lss="D11.inergative-agentive" mood="indicative" num="s" person="3" pos="vmii3s0" postype="main" tense="imperfect" wd="Sonreía"/>
      </grup.verb>
      <f lem="," pos="fc" punct="comma" wd=","/>
    </S>
    <conj conjunctiontype="coordinating">
      <c lem="y" pos="cc" postype="coordinating" wd="y"/>
    </conj>
    <S>
      <sn arg="arg0" elliptic="yes" func="suj" tem="agt"/>
      <grup.verb>
        <v lem="recibir" lss="A21.transitive-agentive-patient" mood="indicative" num="s" person="3" pos="vmii3s0" postype="main" tense="imperfect" wd="recibía"/>
      </grup.verb>
      <sn arg="arg1" func="cd" tem="pat">
        <spec gen="f" num="s">
          <d gen="f" lem="uno" num="s" pos="di0fs0" postype="indefinite" wd="una"/>
        </spec>
        <grup.nom gen="f" num="s">
          <n gen="f" lem="sonrisa" lexicalid="noun.sonrisa.1.default" num="s" origin="deverbal" pos="ncfs000" postype="common" sense="16:05147735" wd="sonrisa"/>
        </grup.nom>
      </sn>
      <sadv arg="argM" func="cc" tem="adv">
        <grup.adv>
          <r lem="a_cambio" pos="rg" wd="a_cambio"/>
        </grup.adv>
      </sadv>
    </S>
    <f lem="." pos="fp" punct="period" wd="."/>
  </sentence>
  <sentence coord="yes">
    <S>
      <sn arg="arg0" func="suj" tem="agt">
        <grup.nom gen="f" num="s">
          <p gen="f" lem="él" num="s" person="3" pos="pp3fs000" postype="personal" wd="Ella"/>
          <sn>
            <f lem="," pos="fc" punct="comma" wd=","/>
            <grup.nom gen="f" num="s">
              <n gen="c" lem="cómplice" num="s" pos="nccs000" postype="common" sense="16:07057368" wd="cómplice"/>
              <sp>
                <prep>
                  <s lem="en" pos="sps00" postype="preposition" wd="en"/>
                </prep>
                <sn>
                  <spec gen="m" num="s">
                    <d gen="m" lem="aquel" num="s" pos="dd0ms0" postype="demonstrative" wd="aquel"/>
                  </spec>
                  <grup.nom gen="m" num="s">
                    <n gen="m" lem="juego" lexicalid="noun.juego.1.default" num="s" origin="deverbal" pos="ncms000" postype="common" sense="16:00289269" wd="juego"/>
                    <s.a func="cn" gen="m" num="s">
                      <grup.a gen="m" num="s">
                        <a gen="c" lem="inocente" num="s" pos="aq0cs0" postype="qualificative" wd="inocente"/>
                      </grup.a>
                    </s.a>
                    <S clausetype="relative" func="cn">
                      <relatiu arg="arg1" func="cd" tem="pat">
                        <p gen="c" lem="que" num="c" pos="pr0cn000" postype="relative" wd="que"/>
                      </relatiu>
                      <sn arg="arg0" func="suj" tem="agt">
                        <spec gen="m" num="s">
                          <d gen="c" lem="su" num="s" person="3" pos="dp3cs0" postype="possessive" wd="su"/>
                        </spec>
                        <grup.nom gen="m" num="s">
                          <n gen="m" lem="marido" num="s" pos="ncms000" postype="common" sense="16:07331418" wd="marido"/>
                        </grup.nom>
                      </sn>
                      <grup.verb>
                        <v lem="desaprobar" lss="A21.transitive-agentive-patient" mood="indicative" num="s" person="3" pos="vmii3s0" postype="main" tense="imperfect" wd="desaprobaba"/>
                      </grup.verb>
                      <sp arg="argM" func="cc" tem="adv">
                        <prep>
                          <s lem="con" pos="sps00" postype="preposition" wd="con"/>
                        </prep>
                        <sn>
                          <grup.nom gen="f" num="s">
                            <n gen="f" lem="energía" num="s" pos="ncfs000" postype="common" sense="16:04043575" wd="energía"/>
                          </grup.nom>
                        </sn>
                      </sp>
                    </S>
                  </grup.nom>
                </sn>
              </sp>
            </grup.nom>
            <f lem="," pos="fc" punct="comma" wd=","/>
          </sn>
        </grup.nom>
      </sn>
      <grup.verb>
        <v lem="ir" mood="indicative" num="s" person="3" pos="vmii3s0" postype="main" tense="imperfect" wd="iba"/>
        <gerundi>
          <v lem="recoger" lss="A21.transitive-agentive-patient" mood="gerund" pos="vmg0000" postype="main" wd="recogiendo"/>
        </gerundi>
      </grup.verb>
      <sadv arg="argM" func="cc" tem="tmp">
        <grup.adv>
          <r lem="luego" pos="rg" wd="luego"/>
        </grup.adv>
      </sadv>
      <sn arg="arg1" func="cd" tem="pat">
        <spec gen="f" num="p">
          <d gen="f" lem="el" num="p" pos="da0fp0" postype="article" wd="las"/>
        </spec>
        <grup.nom gen="f" num="p">
          <n gen="f" lem="pluma" num="p" pos="ncfp000" postype="common" sense="16:01411980" wd="plumas"/>
          <S clausetype="relative">
            <relatiu arg="arg0" func="suj" tem="agt">
              <p gen="c" lem="que" num="c" pos="pr0cn000" postype="relative" wd="que"/>
            </relatiu>
            <morfema.pronominal>
              <p gen="c" lem="él" num="c" person="3" pos="p0300000" wd="se"/>
            </morfema.pronominal>
            <grup.verb>
              <v lem="desprender" lss="A22.transitive-agentive-theme" mood="indicative" num="p" person="3" pos="vmii3p0" postype="main" tense="imperfect" wd="desprendían"/>
            </grup.verb>
            <sp arg="argM" func="cc" tem="adv">
              <prep>
                <s lem="a" pos="sps00" postype="preposition" wd="a"/>
              </prep>
              <sn>
                <spec arg="arg0" gen="m" num="s" tem="agt">
                  <d gen="c" lem="su" num="s" person="3" pos="dp3cs0" postype="possessive" wd="su"/>
                </spec>
                <grup.nom gen="m" num="s">
                  <n gen="m" lem="paso" lexicalid="noun.paso.2.default" num="s" origin="deverbal" pos="ncms000" postype="common" sense="16:00556773" wd="paso"/>
                </grup.nom>
              </sn>
            </sp>
          </S>
        </grup.nom>
      </sn>
    </S>
    <conj conjunctiontype="coordinating">
      <c lem="y" pos="cc" postype="coordinating" wd="y"/>
    </conj>
    <S>
      <sn arg="arg0" elliptic="yes" func="suj" tem="agt"/>
      <sn arg="arg1" func="cd" tem="pat">
        <grup.nom gen="f" num="p">
          <p case="accusative" gen="f" lem="él" num="p" person="3" pos="pp3fpa00" postype="personal" wd="las"/>
        </grup.nom>
      </sn>
      <grup.verb>
        <v lem="guardar" lss="A21.transitive-agentive-patient" mood="indicative" num="s" person="3" pos="vmii3s0" postype="main" tense="imperfect" wd="guardaba"/>
      </grup.verb>
      <sp arg="arg2" func="ci" tem="ben">
        <prep>
          <s lem="para" pos="sps00" postype="preposition" wd="para"/>
        </prep>
        <sn>
          <grup.nom gen="m" num="s">
            <p gen="m" lem="él" num="s" person="3" pos="pp3ms000" postype="personal" wd="él"/>
          </grup.nom>
        </sn>
      </sp>
      <sp arg="argM" func="cc" tem="fin">
        <f lem="," pos="fc" punct="comma" wd=","/>
        <prep>
          <s lem="para" pos="sps00" postype="preposition" wd="para"/>
        </prep>
        <S clausetype="completive" impersonal="yes">
          <infinitiu>
            <v lem="compensar" lss="A34.ditransitive-patient-theme" mood="infinitive" pos="vmn0000" postype="main" wd="compensarle"/>
          </infinitiu>
          <sadv func="mod">
            <grup.adv>
              <r lem="quizá" pos="rg" wd="quizá"/>
            </grup.adv>
          </sadv>
          <sp arg="arg2" func="creg" tem="tem">
            <prep>
              <s lem="de" pos="sps00" postype="preposition" wd="de"/>
            </prep>
            <sn>
              <spec gen="f" num="s">
                <d gen="f" lem="el" num="s" pos="da0fs0" postype="article" wd="la"/>
              </spec>
              <grup.nom gen="f" num="s">
                <s.a func="cn" gen="f" num="s">
                  <grup.a gen="f" num="s">
                    <a gen="c" lem="previsible" num="s" pos="aq0cs0" postype="qualificative" wd="previsible"/>
                  </grup.a>
                </s.a>
                <n gen="f" lem="extinción" lexicalid="noun.extinción.1.default" num="s" origin="deverbal" pos="ncfs000" postype="common" sense="16:10060721" wd="extinción"/>
                <sp arg="arg1" func="cn" tem="tem">
                  <prep>
                    <s contracted="yes" gen="m" lem="del" num="s" pos="spcms" postype="preposition" wd="del"/>
                  </prep>
                  <sn>
                    <grup.nom gen="m" num="s">
                      <s.a gen="m" num="s">
                        <grup.a gen="m" num="s">
                          <a gen="m" lem="pequeño" num="s" pos="aq0ms0" postype="qualificative" wd="pequeño"/>
                        </grup.a>
                      </s.a>
                      <n gen="m" lem="placer" num="s" pos="ncms000" postype="common" sense="16:00693635" wd="placer"/>
                      <S clausetype="relative">
                        <relatiu arg="arg1" func="cd" tem="pat">
                          <p gen="c" lem="que" num="c" pos="pr0cn000" postype="relative" wd="que"/>
                        </relatiu>
                        <sn arg="arg0" elliptic="yes" func="suj" tem="agt"/>
                        <grup.verb>
                          <v lem="compartir" lss="A21.transitive-agentive-patient" mood="indicative" num="p" person="3" pos="vmii3p0" postype="main" tense="imperfect" wd="compartían"/>
                        </grup.verb>
                      </S>
                    </grup.nom>
                  </sn>
                </sp>
              </grup.nom>
            </sn>
          </sp>
        </S>
        <f lem="," pos="fc" punct="comma" wd=","/>
      </sp>
      <sa arg="argM" func="cpred" predicate="suj" tem="atr">
        <grup.a>
          <a gen="c" lem="consciente" num="s" pos="aq0cs0" postype="qualificative" wd="consciente"/>
          <sadv>
            <grup.adv>
              <r lem="ya" pos="rg" wd="ya"/>
            </grup.adv>
          </sadv>
          <sp>
            <prep>
              <s lem="de" pos="sps00" postype="preposition" wd="de"/>
            </prep>
            <S clausetype="completive">
              <conj conjunctiontype="subordinating">
                <c lem="que" pos="cs" postype="subordinating" wd="que"/>
              </conj>
              <sp arg="argM" func="cc" tem="tmp">
                <prep>
                  <s lem="en" pos="sps00" postype="preposition" wd="en"/>
                </prep>
                <sn>
                  <spec gen="m" num="s">
                    <d gen="m" lem="poco" num="s" pos="di0ms0" postype="indefinite" wd="poco"/>
                  </spec>
                  <grup.nom gen="m" num="s">
                    <n gen="m" lem="tiempo" num="s" pos="ncms000" postype="common" sense="16:00015594" wd="tiempo"/>
                  </grup.nom>
                </sn>
              </sp>
              <sadv func="mod">
                <grup.adv>
                  <r lem="sólo" pos="rg" wd="sólo"/>
                </grup.adv>
              </sadv>
              <grup.verb>
                <v lem="quedar" lss="C41.state-benefactive" mood="indicative" num="s" person="3" pos="vmic3s0" postype="main" tense="conditional" wd="quedaría"/>
              </grup.verb>
              <sn arg="arg1" func="suj" tem="tem">
                <spec gen="m" num="s">
                  <d gen="m" lem="el" num="s" pos="da0ms0" postype="article" wd="el"/>
                </spec>
                <grup.nom gen="m" num="s">
                  <n gen="m" lem="recuerdo" lexicalid="noun.recuerdo.3.default" num="s" origin="deverbal" pos="ncms000" postype="common" sense="16:04445071" wd="recuerdo"/>
                  <sp arg="arg1" func="cn" tem="pat">
                    <prep>
                      <s lem="de" pos="sps00" postype="preposition" wd="de"/>
                    </prep>
                    <sn>
                      <spec gen="f" num="p">
                        <d gen="f" lem="el" num="p" pos="da0fp0" postype="article" wd="las"/>
                      </spec>
                      <grup.nom gen="f" num="p">
                        <n gen="f" lem="pluma" num="p" pos="ncfp000" postype="common" sense="16:01411980" wd="plumas"/>
                        <sp>
                          <prep>
                            <s lem="sobre" pos="sps00" postype="preposition" wd="sobre"/>
                          </prep>
                          <sn>
                            <spec gen="f" num="s">
                              <d gen="f" lem="uno" num="s" pos="di0fs0" postype="indefinite" wd="una"/>
                            </spec>
                            <grup.nom gen="f" num="s">
                              <s.a gen="f" num="s">
                                <grup.a gen="f" num="s">
                                  <a gen="f" lem="sucio" num="s" pos="aq0fs0" postype="qualificative" wd="sucia"/>
                                </grup.a>
                              </s.a>
                              <n gen="f" lem="franja" num="s" pos="ncfs000" postype="common" sense="16:cs1" wd="franja"/>
                              <S clausetype="participle" impersonal="yes">
                                <participi>
                                  <a gen="f" lem="desmochado" num="s" pos="aq0fsp" posfunction="participle" postype="qualificative" wd="desmochada"/>
                                </participi>
                              </S>
                              <sn>
                                <f lem="," pos="fc" punct="comma" wd=","/>
                                <spec gen="f" num="s">
                                  <d gen="f" lem="el" num="s" pos="da0fs0" postype="article" wd="la"/>
                                </spec>
                                <grup.nom gen="f" num="s">
                                  <S clausetype="participle" impersonal="yes">
                                    <participi>
                                      <a gen="f" lem="degradado" num="s" pos="aq0fsp" posfunction="participle" postype="qualificative" wd="degradada"/>
                                    </participi>
                                  </S>
                                  <n gen="f" lem="frontera" num="s" pos="ncfs000" postype="common" sense="16:06279059" wd="frontera"/>
                                  <sp>
                                    <prep>
                                      <s lem="entre" pos="sps00" postype="preposition" wd="entre"/>
                                    </prep>
                                    <sn coord="yes">
                                      <sn>
                                        <spec gen="f" num="s">
                                          <d gen="c" lem="su" num="s" person="3" pos="dp3cs0" postype="possessive" wd="su"/>
                                        </spec>
                                        <grup.nom gen="f" num="s">
                                          <n gen="f" lem="piel" num="s" pos="ncfs000" postype="common" sense="16:01411738" wd="piel"/>
                                        </grup.nom>
                                      </sn>
                                      <conj conjunctiontype="coordinating">
                                        <c lem="y" pos="cc" postype="coordinating" wd="y"/>
                                      </conj>
                                      <sn>
                                        <spec gen="f" num="s">
                                          <d gen="f" lem="ese" num="s" pos="dd0fs0" postype="demonstrative" wd="esa"/>
                                        </spec>
                                        <grup.nom gen="f" num="s">
                                          <n gen="f" lem="piel" num="s" pos="ncfs000" postype="common" sense="16:01411738" wd="piel"/>
                                          <s.a coord="yes" gen="f" num="s">
                                            <s.a coord="yes" gen="f" num="s">
                                              <s.a gen="f" num="s">
                                                <spec>
                                                  <r lem="tanto" pos="rg" wd="tan"/>
                                                </spec>
                                                <grup.a gen="f" num="s">
                                                  <a gen="f" lem="fino" num="s" pos="aq0fs0" postype="qualificative" wd="fina"/>
                                                </grup.a>
                                              </s.a>
                                              <conj conjunctiontype="coordinating">
                                                <c lem="y" pos="cc" postype="coordinating" wd="y"/>
                                              </conj>
                                              <S clausetype="participle" impersonal="yes">
                                                <participi>
                                                  <a gen="f" lem="arrugado" num="s" pos="aq0fsp" posfunction="participle" postype="qualificative" wd="arrugada"/>
                                                </participi>
                                              </S>
                                            </s.a>
                                            <f lem="," pos="fc" punct="comma" wd=","/>
                                            <S clausetype="participle" impersonal="yes">
                                              <participi>
                                                <a gen="f" lem="teñido" lss="B22.unaccusative-passive-transitive" num="s" pos="aq0fsp" posfunction="participle" postype="qualificative" wd="teñida"/>
                                              </participi>
                                              <sp arg="argM" func="cc" tem="adv">
                                                <prep>
                                                  <s lem="de" pos="sps00" postype="preposition" wd="de"/>
                                                </prep>
                                                <sn>
                                                  <grup.nom gen="m" num="s">
                                                    <n gen="m" lem="azul" num="s" pos="ncms000" postype="common" sense="16:03883954" wd="azul"/>
                                                    <s.a gen="m" num="s">
                                                      <grup.a gen="m" num="s">
                                                        <a gen="c" lem="celeste" num="s" pos="aq0cs0" postype="qualificative" wd="celeste"/>
                                                      </grup.a>
                                                    </s.a>
                                                  </grup.nom>
                                                </sn>
                                              </sp>
                                            </S>
                                          </s.a>
                                        </grup.nom>
                                      </sn>
                                    </sn>
                                  </sp>
                                </grup.nom>
                              </sn>
                            </grup.nom>
                          </sn>
                        </sp>
                      </grup.nom>
                    </sn>
                  </sp>
                </grup.nom>
              </sn>
            </S>
          </sp>
        </grup.a>
      </sa>
      <sp arg="argM" func="cc" tem="tmp">
        <f lem="," pos="fc" punct="comma" wd=","/>
        <prep>
          <s lem="hasta" pos="sps00" postype="preposition" wd="hasta"/>
        </prep>
        <S clausetype="completive">
          <conj conjunctiontype="subordinating">
            <c lem="que" pos="cs" postype="subordinating" wd="que"/>
          </conj>
          <sn arg="arg1" func="suj" tem="tem">
            <spec gen="m" num="s">
              <d gen="m" lem="el" num="s" pos="da0ms0" postype="article" wd="el"/>
            </spec>
            <grup.nom gen="m" num="s">
              <n gen="m" lem="cambio" lexicalid="noun.cambio.1.default" num="s" origin="deverbal" pos="ncms000" postype="common" sense="16:05441797" wd="cambio"/>
              <sp arg="arg1" func="cn" tem="tem">
                <prep>
                  <s lem="de" pos="sps00" postype="preposition" wd="de"/>
                </prep>
                <sn>
                  <grup.nom gen="f" num="s">
                    <n gen="f" lem="estación" num="s" pos="ncfs000" postype="common" sense="16:10945309" wd="estación"/>
                  </grup.nom>
                </sn>
              </sp>
            </grup.nom>
          </sn>
          <morfema.pronominal>
            <p gen="c" lem="él" num="c" person="3" pos="p0300000" wd="se"/>
          </morfema.pronominal>
          <grup.verb>
            <v lem="encarnar" lss="B21.unaccusative-state" mood="subjunctive" num="s" person="3" pos="vmsi3s0" postype="main" tense="imperfect" wd="encarnara"/>
          </grup.verb>
          <sp arg="arg2" func="creg" tem="efi">
            <prep>
              <s lem="en" pos="sps00" postype="preposition" wd="en"/>
            </prep>
            <sn>
              <grup.nom gen="m" num="s">
                <n gen="m" lem="pretexto" num="s" pos="ncms000" postype="common" sense="16:05065454" wd="pretexto"/>
                <s.a gen="m" num="s">
                  <grup.a gen="m" num="s">
                    <a gen="c" lem="suficiente" num="s" pos="aq0cs0" postype="qualificative" wd="suficiente"/>
                  </grup.a>
                </s.a>
                <sp>
                  <prep>
                    <s lem="para" pos="sps00" postype="preposition" wd="para"/>
                  </prep>
                  <S clausetype="completive" impersonal="yes">
                    <infinitiu>
                      <v lem="estrenar" lss="A21.transitive-agentive-patient" mood="infinitive" pos="vmn0000" postype="main" wd="estrenar"/>
                    </infinitiu>
                    <sn arg="arg1" func="cd" tem="pat">
                      <spec gen="m" num="s">
                        <d gen="m" lem="otro" num="s" pos="di0ms0" postype="indefinite" wd="otro"/>
                      </spec>
                      <grup.nom gen="m" num="s">
                        <n gen="m" lem="par" num="s" pos="ncms000" postype="common" sense="16:09895669" wd="par"/>
                        <sn>
                          <f lem="," pos="fc" punct="comma" wd=","/>
                          <sadv>
                            <grup.adv>
                              <r lem="siempre" pos="rg" wd="siempre"/>
                            </grup.adv>
                          </sadv>
                          <sn>
                            <spec gen="m" num="s">
                              <d gen="m" lem="el" num="s" pos="da0ms0" postype="article" wd="el"/>
                              <d gen="m" lem="mismo" num="s" pos="di0ms0" postype="indefinite" wd="mismo"/>
                            </spec>
                            <grup.nom gen="m" num="s">
                              <n gen="m" lem="modelo" num="s" pos="ncms000" postype="common" sense="16:04501544" wd="modelo"/>
                            </grup.nom>
                          </sn>
                        </sn>
                      </grup.nom>
                    </sn>
                  </S>
                </sp>
              </grup.nom>
            </sn>
          </sp>
        </S>
      </sp>
    </S>
    <f lem="." pos="fp" punct="period" wd="."/>
  </sentence>
  <sentence coord="yes">
    <S coord="yes">
      <S>
        <sadv arg="argM" func="cc" tem="tmp">
          <grup.adv>
            <r lem="entonces" pos="rg" wd="Entonces"/>
          </grup.adv>
        </sadv>
        <sn arg="arg0" elliptic="yes" func="suj" tem="agt"/>
        <morfema.pronominal>
          <p gen="c" lem="él" num="c" person="3" pos="p0300000" wd="se"/>
        </morfema.pronominal>
        <grup.verb>
          <v lem="sentar" lss="A21.transitive-agentive-patient" mood="indicative" num="s" person="3" pos="vmii3s0" postype="main" tense="imperfect" wd="sentaba"/>
        </grup.verb>
        <sp arg="arg2" func="cc" tem="loc">
          <prep>
            <s lem="en" pos="sps00" postype="preposition" wd="en"/>
          </prep>
          <sn>
            <spec gen="m" num="s">
              <d gen="m" lem="uno" num="s" pos="di0ms0" postype="indefinite" wd="un"/>
            </spec>
            <grup.nom gen="m" num="s">
              <n gen="m" lem="sillón" num="s" pos="ncms000" postype="common" sense="16:02209460" wd="sillón"/>
            </grup.nom>
          </sn>
        </sp>
      </S>
      <conj conjunctiontype="coordinating">
        <c lem="y" pos="cc" postype="coordinating" wd="y"/>
      </conj>
      <S>
        <sn arg="arg0" elliptic="yes" func="suj" tem="agt"/>
        <grup.verb>
          <v lem="embutir" lss="A21.transitive-agentive-patient" mood="indicative" num="s" person="3" pos="vmii3s0" postype="main" tense="imperfect" wd="embutía"/>
        </grup.verb>
        <sn arg="arg1" func="cd" tem="pat">
          <spec gen="m" num="p">
            <d gen="c" lem="su" num="p" person="3" pos="dp3cp0" postype="possessive" wd="sus"/>
          </spec>
          <grup.nom gen="m" num="p">
            <n gen="m" lem="pie" num="p" pos="ncmp000" postype="common" sense="16:01661550" wd="pies"/>
            <S clausetype="participle" impersonal="yes">
              <sadv arg="argM" func="cc" tem="mnr">
                <grup.adv>
                  <r lem="levemente" pos="rg" wd="levemente"/>
                </grup.adv>
              </sadv>
              <participi>
                <a gen="m" lem="hinchado" lss="B22.unaccusative-passive-transitive" num="p" pos="aq0mpp" posfunction="participle" postype="qualificative" wd="hinchados"/>
              </participi>
            </S>
          </grup.nom>
        </sn>
        <sp arg="argM" func="cc" tem="loc">
          <prep>
            <s lem="en" pos="sps00" postype="preposition" wd="en"/>
          </prep>
          <sn>
            <spec gen="m" num="s">
              <d gen="m" lem="el" num="s" pos="da0ms0" postype="article" wd="el"/>
            </spec>
            <grup.nom gen="m" num="s">
              <S clausetype="relative">
                <relatiu arg="arg1" func="suj" tem="tem">
                  <p gen="c" lem="que" num="c" pos="pr0cn000" postype="relative" wd="que"/>
                </relatiu>
                <grup.verb>
                  <v lem="haber" mood="indicative" num="s" person="3" pos="vaii3s0" postype="auxiliary" tense="imperfect" wd="había"/>
                  <v gen="m" lem="resultar" mood="participle" num="s" pos="vmp00sm" postype="main" wd="resultado"/>
                  <infinitiu>
                    <v lem="ser" lss="C21.state-attributive" mood="infinitive" pos="vsn0000" postype="semiauxiliary" wd="ser"/>
                  </infinitiu>
                </grup.verb>
                <sn arg="arg2" func="atr" tem="atr">
                  <spec gen="m" num="s">
                    <d gen="m" lem="el" num="s" pos="da0ms0" postype="article" wd="el"/>
                  </spec>
                  <grup.nom gen="m" num="s">
                    <s.a gen="m" num="s">
                      <grup.a gen="m" num="s">
                        <a gen="m" lem="único" num="s" pos="aq0ms0" postype="qualificative" wd="único"/>
                      </grup.a>
                    </s.a>
                    <n gen="m" lem="lujo" num="s" pos="ncms000" postype="common" sense="16:03989310" wd="lujo"/>
                    <sp>
                      <prep>
                        <s lem="a" pos="sps00" postype="preposition" wd="a"/>
                      </prep>
                      <sn>
                        <spec gen="m" num="s">
                          <d gen="c" lem="su" num="s" person="3" pos="dp3cs0" postype="possessive" wd="su"/>
                        </spec>
                        <grup.nom gen="m" num="s">
                          <n gen="m" lem="alcance" num="s" pos="ncms000" postype="common" sense="16:04046475" wd="alcance"/>
                        </grup.nom>
                      </sn>
                    </sp>
                    <sp>
                      <prep>
                        <s lem="de" pos="sps00" postype="preposition" wd="de"/>
                      </prep>
                      <sp>
                        <prep>
                          <s lem="entre" pos="sps00" postype="preposition" wd="entre"/>
                        </prep>
                        <sn>
                          <spec gen="m" num="p">
                            <d gen="m" lem="todo" num="p" pos="di0mp0" postype="indefinite" wd="todos"/>
                          </spec>
                          <grup.nom gen="m" num="p">
                            <p gen="m" lem="aquel" num="p" pos="pd0mp000" postype="demonstrative" wd="aquellos"/>
                            <S clausetype="relative">
                              <sp arg="arg1" func="creg" tem="tem">
                                <prep>
                                  <s lem="con" pos="sps00" postype="preposition" wd="con"/>
                                </prep>
                                <sn>
                                  <spec gen="m" num="p">
                                    <d gen="m" lem="el" num="p" pos="da0mp0" postype="article" wd="los"/>
                                  </spec>
                                  <relatiu>
                                    <p gen="c" lem="que" num="c" pos="pr0cn000" postype="relative" wd="que"/>
                                  </relatiu>
                                </sn>
                              </sp>
                              <sn arg="arg0" elliptic="yes" func="suj" tem="agt"/>
                              <grup.verb>
                                <v lem="soñar" lss="A22.transitive-agentive-theme" mood="subjunctive" num="s" person="3" pos="vmsi3s0" postype="main" tense="imperfect" wd="soñara"/>
                              </grup.verb>
                              <sp arg="argM" func="cc" tem="tmp">
                                <prep>
                                  <s lem="de" pos="sps00" postype="preposition" wd="de"/>
                                </prep>
                                <sn>
                                  <grup.nom gen="f" num="s">
                                    <n gen="f" lem="soltera" num="s" pos="ncfs000" postype="common" sense="16:07657261" wd="soltera"/>
                                  </grup.nom>
                                </sn>
                              </sp>
                            </S>
                          </grup.nom>
                        </sn>
                      </sp>
                    </sp>
                  </grup.nom>
                </sn>
              </S>
            </grup.nom>
          </sn>
        </sp>
      </S>
      <f lem="," pos="fc" punct="comma" wd=","/>
    </S>
    <conj conjunctiontype="coordinating">
      <c lem="y" pos="cc" postype="coordinating" wd="y"/>
    </conj>
    <S>
      <sadv arg="argM" func="cc" tem="tmp">
        <f lem="," pos="fc" punct="comma" wd=","/>
        <grup.adv>
          <r lem="antes" pos="rg" wd="antes"/>
          <sp>
            <prep>
              <s lem="de" pos="sps00" postype="preposition" wd="de"/>
            </prep>
            <S clausetype="completive" impersonal="yes">
              <infinitiu>
                <v lem="haber" mood="infinitive" pos="van0000" postype="auxiliary" wd="haber"/>
                <v gen="m" lem="llegar" mood="participle" num="s" pos="vmp00sm" postype="main" wd="llegado"/>
                <s lem="a" pos="sps00" postype="preposition" wd="a"/>
                <infinitiu>
                  <v lem="dar" lss="A21.transitive-agentive-patient" mood="infinitive" pos="vmn0000" postype="main" wd="dar"/>
                </infinitiu>
              </infinitiu>
              <sn arg="arg1" func="cd" tem="pat">
                <sadv adjunct="yes">
                  <grup.adv>
                    <r lem="siquiera" pos="rg" wd="siquiera"/>
                  </grup.adv>
                </sadv>
                <sn>
                  <spec gen="m" num="s">
                    <d gen="m" lem="uno" num="s" pos="di0ms0" postype="indefinite" wd="un"/>
                  </spec>
                  <grup.nom gen="m" num="s">
                    <s.a func="cn" gen="m" num="s">
                      <grup.a gen="m" num="s">
                        <a gen="m" lem="solo" num="s" pos="aq0ms0" postype="qualificative" wd="solo"/>
                      </grup.a>
                    </s.a>
                    <n gen="m" lem="paso" lexicalid="noun.paso.2.default" num="s" origin="deverbal" pos="ncms000" postype="common" sense="16:00185003" wd="paso"/>
                  </grup.nom>
                </sn>
              </sn>
            </S>
          </sp>
        </grup.adv>
        <f lem="," pos="fc" punct="comma" wd=","/>
      </sadv>
      <sn arg="arg0" elliptic="yes" func="suj" tem="agt"/>
      <sn arg="arg1" func="cd" tem="pat">
        <grup.nom num="s">
          <p case="accusative" gen="c" lem="él" num="s" person="3" pos="pp3csa00" postype="personal" wd="le"/>
        </grup.nom>
      </sn>
      <grup.verb>
        <v lem="llamar" lss="A21.transitive-agentive-patient" mood="indicative" num="s" person="3" pos="vmii3s0" postype="main" tense="imperfect" wd="llamaba"/>
      </grup.verb>
      <sp arg="argM" func="cc" tem="fin">
        <prep>
          <s lem="para" pos="sps00" postype="preposition" wd="para"/>
        </prep>
        <S clausetype="completive" impersonal="yes">
          <infinitiu>
            <v lem="ofrecer" lss="A32.ditransitive-patient-benefactive" mood="infinitive" pos="vmn0000" postype="main" wd="ofrecerle"/>
          </infinitiu>
          <sn arg="arg1" func="cd" tem="pat">
            <spec gen="f" num="s">
              <d gen="f" lem="uno" num="s" pos="di0fs0" postype="indefinite" wd="una"/>
            </spec>
            <grup.nom gen="f" num="s">
              <s.a gen="f" num="s">
                <grup.a gen="f" num="s">
                  <a gen="f" lem="nuevo" num="s" pos="aq0fs0" postype="qualificative" wd="nueva"/>
                </grup.a>
              </s.a>
              <n gen="f" lem="fiesta" num="s" pos="ncfs000" postype="common" sense="16:06126536" wd="fiesta"/>
              <sp>
                <prep>
                  <s lem="de" pos="sps00" postype="preposition" wd="de"/>
                </prep>
                <sn complex="yes">
                  <grup.nom coord="yes">
                    <grup.nom gen="f" num="p">
                      <n gen="f" lem="pluma" num="p" pos="ncfp000" postype="common" sense="16:01411980" wd="plumas"/>
                    </grup.nom>
                    <conj conjunctiontype="coordinating">
                      <c lem="y" pos="cc" postype="coordinating" wd="y"/>
                    </conj>
                    <grup.nom gen="f" num="p">
                      <n gen="f" lem="caricia" num="p" pos="ncfp000" postype="common" sense="16:00093956" wd="caricias"/>
                    </grup.nom>
                  </grup.nom>
                </sn>
              </sp>
            </grup.nom>
          </sn>
        </S>
      </sp>
    </S>
    <f lem="." pos="fp" punct="period" wd="."/>
  </sentence>
  <sentence>
    <sn arg="arg1" coord="yes" func="suj" tem="tem">
      <sn>
        <spec gen="f" num="p">
          <d gen="f" lem="el" num="p" pos="da0fp0" postype="article" wd="Las"/>
        </spec>
        <grup.nom gen="f" num="p">
          <n gen="f" lem="chinela" num="p" pos="ncfp000" postype="common" sense="16:03354276" wd="chinelas"/>
          <sp>
            <prep>
              <s lem="de" pos="sps00" postype="preposition" wd="de"/>
            </prep>
            <sn>
              <spec gen="f" num="s">
                <d gen="c" lem="su" num="s" person="3" pos="dp3cs0" postype="possessive" wd="su"/>
              </spec>
              <grup.nom gen="f" num="s">
                <n gen="f" lem="madre" num="s" pos="ncfs000" postype="common" sense="16:07419862" wd="madre"/>
              </grup.nom>
            </sn>
          </sp>
        </grup.nom>
      </sn>
      <f lem="," pos="fc" punct="comma" wd=","/>
      <sn>
        <spec gen="m" num="p">
          <d gen="c" lem="su" num="p" person="3" pos="dp3cp0" postype="possessive" wd="sus"/>
        </spec>
        <grup.nom gen="m" num="p">
          <n gen="m" lem="tobillo" num="p" pos="ncmp000" postype="common" sense="16:04322434" wd="tobillos"/>
          <sp>
            <sadv>
              <grup.adv>
                <r lem="siempre" pos="rg" wd="siempre"/>
              </grup.adv>
            </sadv>
            <sp>
              <prep>
                <s contracted="yes" gen="m" lem="al" num="s" pos="spcms" postype="preposition" wd="al"/>
              </prep>
              <sn>
                <grup.nom gen="m" num="s">
                  <n gen="m" lem="aire" num="s" pos="ncms000" postype="common" sense="16:10646492" wd="aire"/>
                </grup.nom>
              </sn>
            </sp>
          </sp>
          <sp>
            <prep>
              <s lem="sobre" pos="sps00" postype="preposition" wd="sobre"/>
            </prep>
            <sn>
              <spec gen="m" num="p">
                <d gen="m" lem="el" num="p" pos="da0mp0" postype="article" wd="los"/>
              </spec>
              <grup.nom gen="m" num="p">
                <n gen="m" lem="tacón" num="p" pos="ncmp000" postype="common" sense="16:02813812" wd="tacones"/>
                <S clausetype="relative">
                  <relatiu arg="arg1" func="suj" tem="tem">
                    <p gen="c" lem="que" num="c" pos="pr0cn000" postype="relative" wd="que"/>
                  </relatiu>
                  <S arg="argM" clausetype="adverbial" func="cc" tem="adv">
                    <f lem="," pos="fc" punct="comma" wd=","/>
                    <conj conjunctiontype="subordinating">
                      <c lem="según" pos="cs" postype="subordinating" wd="según"/>
                    </conj>
                    <sn arg="arg0" elliptic="yes" func="suj" tem="agt"/>
                    <grup.verb>
                      <v lem="afirmar" lss="A32.ditransitive-patient-benefactive" mood="indicative" num="s" person="3" pos="vmii3s0" postype="main" tense="imperfect" wd="afirmaba"/>
                    </grup.verb>
                    <sp arg="argM" func="cc" tem="mnr">
                      <prep>
                        <s lem="con" pos="sps00" postype="preposition" wd="con"/>
                      </prep>
                      <sn>
                        <grup.nom gen="f" num="s">
                          <n gen="f" lem="convicción" lexicalid="noun.convicción.1.default" num="s" origin="deverbal" pos="ncfs000" postype="common" sense="16:04562849" wd="convicción"/>
                        </grup.nom>
                      </sn>
                    </sp>
                    <f lem="," pos="fc" punct="comma" wd=","/>
                  </S>
                  <grup.verb>
                    <v lem="ser" lss="C21.state-attributive" mood="indicative" num="p" person="3" pos="vsii3p0" postype="semiauxiliary" tense="imperfect" wd="eran"/>
                  </grup.verb>
                  <sa arg="arg2" func="atr" tem="atr">
                    <grup.a>
                      <a gen="c" lem="indispensable" num="p" pos="aq0cp0" postype="qualificative" wd="indispensables"/>
                      <sp>
                        <prep>
                          <s lem="para" pos="sps00" postype="preposition" wd="para"/>
                        </prep>
                        <S clausetype="completive" impersonal="yes">
                          <infinitiu>
                            <v lem="parecer" lss="C42.state-experiencer" mood="infinitive" pos="vmn0000" postype="main" wd="parecer"/>
                          </infinitiu>
                          <sa arg="arg2" coord="yes" func="atr" tem="atr">
                            <S clausetype="participle" impersonal="yes">
                              <participi>
                                <a gen="f" lem="arreglado" num="s" pos="aq0fsp" posfunction="participle" postype="qualificative" wd="arreglada"/>
                              </participi>
                            </S>
                            <f lem="," pos="fc" punct="comma" wd=","/>
                            <sa>
                              <grup.a gen="f" num="s">
                                <a gen="f" lem="atractivo" num="s" pos="aq0fs0" postype="qualificative" wd="atractiva"/>
                              </grup.a>
                              <sadv>
                                <grup.adv>
                                  <r lem="incluso" pos="rg" wd="incluso"/>
                                </grup.adv>
                              </sadv>
                            </sa>
                          </sa>
                          <sp arg="argM" func="cc" tem="tmp">
                            <f lem="," pos="fc" punct="comma" wd=","/>
                            <sadv>
                              <grup.adv>
                                <r lem="hasta" pos="rg" wd="hasta"/>
                              </grup.adv>
                            </sadv>
                            <sp>
                              <prep>
                                <s lem="en" pos="sps00" postype="preposition" wd="en"/>
                              </prep>
                              <sn>
                                <spec gen="m" num="p">
                                  <d gen="m" lem="el" num="p" pos="da0mp0" postype="article" wd="los"/>
                                </spec>
                                <grup.nom gen="m" num="p">
                                  <s.a gen="m" num="p">
                                    <grup.a gen="m" num="p">
                                      <a gen="c" lem="peor" num="p" pos="aq0cp0" postype="qualificative" wd="peores"/>
                                    </grup.a>
                                  </s.a>
                                  <n gen="m" lem="momento" num="p" pos="ncmp000" postype="common" sense="16:10898122" wd="momentos"/>
                                  <sp>
                                    <prep>
                                      <s lem="de" pos="sps00" postype="preposition" wd="de"/>
                                    </prep>
                                    <sn>
                                      <spec gen="f" num="s">
                                        <d gen="f" lem="el" num="s" pos="da0fs0" postype="article" wd="la"/>
                                      </spec>
                                      <grup.nom gen="f" num="s">
                                        <n gen="f" lem="jornada" num="s" pos="ncfs000" postype="common" sense="16:10862458" wd="jornada"/>
                                        <s.a gen="f" num="s">
                                          <grup.a gen="f" num="s">
                                            <a gen="f" lem="doméstico" num="s" pos="aq0fs0" postype="qualificative" wd="doméstica"/>
                                          </grup.a>
                                        </s.a>
                                      </grup.nom>
                                    </sn>
                                  </sp>
                                </grup.nom>
                              </sn>
                            </sp>
                            <f lem="," pos="fc" punct="comma" wd=","/>
                          </sp>
                        </S>
                      </sp>
                    </grup.a>
                  </sa>
                </S>
              </grup.nom>
            </sn>
          </sp>
        </grup.nom>
      </sn>
    </sn>
    <sn arg="arg2" func="cd" functype="quantitative" tem="atr">
      <grup.nom num="s">
        <p case="accusative" gen="c" lem="él" num="s" person="3" pos="pp3csa00" postype="personal" wd="le"/>
      </grup.nom>
    </sn>
    <grup.verb>
      <v lem="preceder" lss="C21.state-attributive" mood="indicative" num="p" person="3" pos="vmii3p0" postype="main" tense="imperfect" wd="precedían"/>
    </grup.verb>
    <sp arg="argM" func="cc" tem="loc">
      <prep>
        <s lem="por" pos="sps00" postype="preposition" wd="por"/>
      </prep>
      <sn>
        <spec gen="f" num="s">
          <d gen="f" lem="el" num="s" pos="da0fs0" postype="article" wd="la"/>
        </spec>
        <grup.nom gen="f" num="s">
          <s.a gen="f" num="s">
            <grup.a gen="f" num="s">
              <a gen="f" lem="estrecho" num="s" pos="aq0fs0" postype="qualificative" wd="estrecha"/>
            </grup.a>
          </s.a>
          <n gen="f" lem="escalera" num="s" pos="ncfs000" postype="common" sense="16:03398827" wd="escalera"/>
          <sp>
            <prep>
              <s lem="de" pos="sps00" postype="preposition" wd="de"/>
            </prep>
            <sn>
              <spec gen="f" num="s">
                <d gen="f" lem="el" num="s" pos="da0fs0" postype="article" wd="la"/>
              </spec>
              <grup.nom gen="f" num="s">
                <n gen="f" lem="azotea" num="s" pos="ncfs000" postype="common" sense="16:cs1" wd="azotea"/>
              </grup.nom>
            </sn>
          </sp>
        </grup.nom>
      </sn>
    </sp>
    <S arg="argM" clausetype="adverbial" func="cc" impersonal="yes" tem="adv">
      <f lem="," pos="fc" punct="comma" wd=","/>
      <gerundi>
        <v lem="iluminar" lss="A11.transitive-causative" mood="gerund" pos="vmg0000" postype="main" wd="iluminando"/>
      </gerundi>
      <sp arg="argM" func="cc" tem="fin">
        <prep>
          <s lem="para" pos="sps00" postype="preposition" wd="para"/>
        </prep>
        <sn>
          <grup.nom gen="m" num="s">
            <p gen="m" lem="él" num="s" person="3" pos="pp3ms000" postype="personal" wd="él"/>
          </grup.nom>
        </sn>
      </sp>
      <sn arg="arg1" func="cd" tem="tem">
        <spec gen="m" num="p">
          <d gen="m" lem="el" num="p" pos="da0mp0" postype="article" wd="los"/>
        </spec>
        <grup.nom gen="m" num="p">
          <s.a gen="m" num="p">
            <grup.a gen="m" num="p">
              <a gen="m" lem="aterrador" num="p" pos="aq0mp0" postype="qualificative" wd="aterradores"/>
            </grup.a>
          </s.a>
          <n gen="m" lem="tramo" num="p" pos="ncmp000" postype="common" sense="16:10044643" wd="tramos"/>
          <S clausetype="relative">
            <relatiu arg="arg1" discid="1c" func="cd" functype="quantitative" tem="tem">
              <p gen="c" lem="que" num="c" pos="pr0cn000" postype="relative" wd="que"/>
            </relatiu>
            <sn arg="arg1" elliptic="yes" func="suj" tem="tem"/>
            <sadv arg="argM" func="cc" tem="tmp">
              <grup.adv>
                <r lem="jamás" pos="rg" wd="jamás"/>
              </grup.adv>
            </sadv>
            <grup.verb>
              <v lem="haber" mood="indicative" num="s" person="3" pos="vaic3s0" postype="auxiliary" tense="conditional" wd="habría"/>
              <v gen="m" lem="ser" lss="C21.state-attributive" mood="participle" num="s" pos="vsp00sm" postype="semiauxiliary" wd="sido"/>
            </grup.verb>
            <sa arg="arg2" func="atr" tem="atr">
              <grup.a>
                <a gen="c" lem="capaz" num="s" pos="aq0cs0" postype="qualificative" wd="capaz"/>
                <sp>
                  <prep>
                    <s lem="de" pos="sps00" postype="preposition" wd="de"/>
                  </prep>
                  <S clausetype="completive" discid="1n" impersonal="yes">
                    <infinitiu>
                      <v lem="coronar" lss="A22.transitive-agentive-theme" mood="infinitive" pos="vmn0000" postype="main" wd="coronar"/>
                    </infinitiu>
                    <sa arg="argM" func="cpred" tem="atr">
                      <grup.a>
                        <a gen="m" lem="solo" num="s" pos="aq0ms0" postype="qualificative" wd="solo"/>
                      </grup.a>
                    </sa>
                  </S>
                </sp>
              </grup.a>
            </sa>
          </S>
        </grup.nom>
      </sn>
    </S>
    <f lem="." pos="fp" punct="period" wd="."/>
  </sentence>
</article>
