<?xml version="1.0" encoding="UTF-8"?>
<!-- 

  ancora-2.0
       
			Copyright (C) 2007, 2008, 2009, 2010, 2011 UB - CLiC
			Centre de Llenguatge i Computació - Universitat de Barcelona
 
  This file is part of ancora-2.0.
 
  ancora-2.0 is free software and data: you can redistribute it and/or modify
  it under the terms of the GNU General Public License as published
  by the Free Software Foundation, either version 3 of the License,
  or (at your option) any later version.

  ancora-2.0 is distributed in the hope that it will be useful,
  but WITHOUT ANY WARRANTY; without even the implied warranty of
  MERCHANTABILITY or FITNESS FOR A PARTICULAR PURPOSE.  See the
  GNU General Public License for more details.
 
  You should have received a copy of the GNU General Public License
  along with ancora-2.0.  If not, see &lt;http://www.gnu.org/licenses/&gt;.
 
  Check a text in catalan explaining the terms of the license at http://www.softcatala.cat/wiki/GPL3.
  In spanish at http://www.viti.es/gnu/licenses/gpl.html
 

  The following paper must be cited when using this corpus:

 * Taulé, M., M.A. Martí, M. Recasens (2008) 'Ancora: Multilevel Annotated Corpora for Catalan and Spanish',
   Proceedings of 6th International Conference on Language Resources and Evaluation. Marrakesh (Morocco).

  In addition, the following paper must be cited if coreference information (attributes entity, coreftype,
  corefsubtype, homophoricDD or entityref) is used:

 * Recasens, Marta, M. Antònia Martí (2010) ‘AnCora-CO: Coreferentially annotated corpora for Spanish and
   Catalan’. Language Resources and Evaluation, Springer Science.

  Additionally, the following paper must be cited when argumental attributes in "sn" or "grup.nom"
  (attributes func, arg, tem or lexicalid) are used:

 * Peris, Aina, Mariona Taulé, Horacio Rodríguez (2010) ‘Semantic Annotation of Deverbal Nominalizations in the
   Spanish AnCora corpus’. Treebanks and Linguistic Theories (TLT-2010), Estonia.
-->
<article lng="ca">
  <sentence>
    <sn arg="arg0" entity="entity7" entityref="ne" func="suj" ne="location" tem="agt">
      <spec gen="m" num="s">
        <d gen="m" lem="el" num="s" pos="da0ms0" postype="article" wd="El"/>
      </spec>
      <grup.nom gen="m" num="s">
        <n gen="m" lem="districte" num="s" pos="ncms000" postype="common" sense="16:06294174" wd="districte"/>
        <sp>
          <prep>
            <s lem="de" pos="sps00" postype="preposition" wd="de"/>
          </prep>
          <sn entityref="ne" ne="location">
            <grup.nom>
              <n lem="Ciutat_Vella" ne="location" pos="np0000l" postype="proper" sense="16:cs1" wd="Ciutat_Vella"/>
            </grup.nom>
          </sn>
        </sp>
      </grup.nom>
    </sn>
    <grup.verb>
      <v lem="haver" mood="indicative" num="s" person="3" pos="vaip3s0" postype="auxiliary" tense="present" wd="ha"/>
      <v gen="m" lem="rebre" lss="A34.ditransitive-patient-theme" mood="participle" num="s" pos="vmp00sm" postype="main" wd="rebut"/>
    </grup.verb>
    <sn arg="arg1" entity="entity5" entityref="nne" func="cd" tem="pat">
      <spec gen="m" num="s">
        <d gen="m" lem="un" num="s" pos="di0ms0" postype="indefinite" wd="un"/>
        <n gen="m" lem="centenar" num="s" pos="ncms000" postype="common" sense="16:09901877" wd="centenar"/>
        <s lem="de" pos="sps00" postype="preposition" wd="de"/>
      </spec>
      <grup.nom gen="f" num="s">
        <n gen="f" lem="sol·licitud" num="s" pos="ncfs000" postype="common" sense="16:05370393" wd="sol·licituds"/>
        <sp>
          <prep>
            <s lem="de" pos="sps00" postype="preposition" wd="d'"/>
          </prep>
          <sn entity="entity3" entityref="nne">
            <grup.nom gen="m" num="p">
              <n gen="c" lem="aspirant" num="p" pos="nccp000" postype="common" sense="16:06940043" wd="aspirants"/>
              <sp>
                <prep>
                  <s lem="a" pos="sps00" postype="preposition" wd="a"/>
                </prep>
                <sn entity="entity2" entityref="nne">
                  <spec gen="f" num="s">
                    <d gen="f" lem="un" num="s" pos="di0fs0" postype="indefinite" wd="una"/>
                  </spec>
                  <grup.nom gen="f" num="s">
                    <n gen="f" lem="llicència" num="s" pos="ncfs000" postype="common" sense="16:00738404" wd="llicència"/>
                    <s.a gen="f" num="s">
                      <grup.a gen="f" num="s">
                        <a gen="c" lem="municipal" num="s" pos="aq0cs0" postype="qualificative" wd="municipal"/>
                      </grup.a>
                    </s.a>
                  </grup.nom>
                </sn>
              </sp>
            </grup.nom>
          </sn>
        </sp>
      </grup.nom>
    </sn>
    <sp arg="argM" func="cc" tem="cau">
      <prep>
        <s lem="per" pos="sps00" postype="preposition" wd="per"/>
      </prep>
      <S clausetype="completive" impersonal="yes">
        <infinitiu>
          <v lem="poder" mood="infinitive" pos="vmn0000" postype="main" wd="poder"/>
          <infinitiu>
            <v lem="exercir" lss="C21.state-attributive" mood="infinitive" pos="vmn0000" postype="main" wd="exercir"/>
          </infinitiu>
        </infinitiu>
        <sp arg="arg2" func="creg" tem="atr">
          <prep>
            <s lem="de" pos="sps00" postype="preposition" wd="de"/>
          </prep>
          <sn complex="yes">
            <grup.nom coord="yes">
              <grup.nom gen="m" num="p">
                <n gen="m" lem="pintor" num="p" pos="ncmp000" postype="common" sense="16:07453414" wd="pintors"/>
              </grup.nom>
              <f lem="," pos="fc" punct="comma" wd=","/>
              <grup.nom gen="m" num="p">
                <n gen="c" lem="retratista" num="p" pos="nccp000" postype="common" sense="16:07488908" wd="retratistes"/>
              </grup.nom>
              <conj conjunctiontype="coordinating">
                <c lem="o" pos="cc" postype="coordinating" wd="o"/>
              </conj>
              <grup.nom gen="m" num="p">
                <n gen="c" lem="caricaturista" num="p" pos="nccp000" postype="common" sense="16:07140780" wd="caricaturistes"/>
              </grup.nom>
            </grup.nom>
          </sn>
        </sp>
        <sp arg="argM" func="cc" tem="loc">
          <prep>
            <s contracted="yes" gen="m" lem="al" num="s" pos="spcms" postype="preposition" wd="al"/>
          </prep>
          <sn entity="entity4" entityref="nne" homophoricDD="yes">
            <grup.nom gen="m" num="s">
              <n gen="m" lem="tram" num="s" pos="ncms000" postype="common" sense="16:cs1" wd="tram"/>
              <s.a gen="m" num="s">
                <grup.a gen="m" num="s">
                  <a gen="c" lem="final" num="s" pos="aq0cs0" postype="qualificative" wd="final"/>
                </grup.a>
              </s.a>
              <sp>
                <prep>
                  <s lem="de" pos="sps00" postype="preposition" wd="de"/>
                </prep>
                <sn entity="entity16" entityref="ne" ne="location">
                  <spec gen="f" num="s">
                    <d gen="f" lem="el" num="s" pos="da0fs0" postype="article" wd="la"/>
                  </spec>
                  <grup.nom gen="f" num="s">
                    <n lem="Rambla_de_Barcelona" ne="location" pos="np0000l" postype="proper" sense="16:cs1" wd="Rambla_de_Barcelona"/>
                  </grup.nom>
                </sn>
              </sp>
            </grup.nom>
          </sn>
        </sp>
      </S>
    </sp>
    <S clausesubtype="concessive" clausetype="adverbial" func="ao">
      <f lem="," pos="fc" punct="comma" wd=","/>
      <conj conjunctiontype="subordinating">
        <c lem="quan" pos="cs" postype="subordinating" wd="quan"/>
      </conj>
      <sn arg="arg1" entityref="nne" func="suj" homophoricDD="yes" tem="tem">
        <spec gen="f" num="p">
          <d gen="f" lem="el" num="p" pos="da0fp0" postype="article" wd="les"/>
        </spec>
        <grup.nom gen="f" num="p">
          <n gen="f" lem="plaça" num="p" pos="ncfp000" postype="common" sense="16:06368526" wd="places"/>
          <s.a gen="f" num="p">
            <grup.a gen="f" num="p">
              <a gen="c" lem="disponible" num="p" pos="aq0cp0" postype="qualificative" wd="disponibles"/>
            </grup.a>
          </s.a>
        </grup.nom>
      </sn>
      <grup.verb>
        <v lem="ser" lss="C21.state-attributive" mood="indicative" num="p" person="3" pos="vsip3p0" postype="semiauxiliary" tense="present" wd="són"/>
      </grup.verb>
      <sn arg="arg2" entityref="ne" func="atr" ne="number" tem="atr">
        <grup.nom gen="f" num="p">
          <z lem="50" ne="number" wd="50"/>
        </grup.nom>
      </sn>
    </S>
    <f lem="." pos="fp" punct="period" wd="."/>
  </sentence>
  <sentence>
    <sn arg="arg0" entity="entity1" entityref="nne" func="suj" tem="agt">
      <spec gen="m" num="s">
        <d gen="m" lem="un" num="s" pos="di0ms0" postype="indefinite" wd="Un"/>
      </spec>
      <grup.nom gen="m" num="s">
        <n gen="m" lem="sorteig" num="s" pos="ncms000" postype="common" sense="16:00133654" wd="sorteig"/>
        <S clausetype="relative">
          <relatiu arg="arg1" coreftype="ident" entity="entity1" entityref="nne" func="suj" tem="pat">
            <p gen="c" lem="que" num="c" pos="pr0cn000" postype="relative" wd="que"/>
          </relatiu>
          <morfema.verbal func="pass">
            <p gen="c" lem="se" num="c" pos="p0000000" wd="se"/>
          </morfema.verbal>
          <grup.verb>
            <v lem="celebrar" lss="B22.unaccusative-passive-transitive" mood="indicative" num="s" person="3" pos="vmif3s0" postype="main" tense="future" wd="celebrarà"/>
          </grup.verb>
          <sn arg="argM" entityref="ne" func="cc" ne="date" tem="tmp">
            <spec gen="m" num="s">
              <d gen="m" lem="el" num="s" pos="da0ms0" postype="article" wd="el"/>
            </spec>
            <grup.nom gen="m" num="s">
              <w lem="[??:17/02/??:??.??]" ne="date" wd="dia_17_de_febrer"/>
            </grup.nom>
          </sn>
        </S>
      </grup.nom>
    </sn>
    <grup.verb>
      <v lem="decidir" lss="A21.transitive-agentive-patient" mood="indicative" num="s" person="3" pos="vmif3s0" postype="main" tense="future" wd="decidirà"/>
    </grup.verb>
    <sn arg="arg1" entityref="nne" func="cd" homophoricDD="yes" tem="pat">
      <spec gen="m" num="s">
        <d gen="m" lem="el" num="s" pos="da0ms0" postype="article" wd="el"/>
      </spec>
      <grup.nom gen="m" num="s">
        <n gen="m" lem="repartiment" num="s" pos="ncms000" postype="common" sense="16:00205135" wd="repartiment"/>
        <sp>
          <prep>
            <s lem="de" pos="sps00" postype="preposition" wd="de"/>
          </prep>
          <sn coreftype="ident" entity="entity2" entityref="nne">
            <grup.nom gen="m" num="p">
              <n gen="m" lem="permís" num="p" pos="ncmp000" postype="common" sense="16:00738404" wd="permisos"/>
            </grup.nom>
          </sn>
        </sp>
      </grup.nom>
    </sn>
    <f lem="." pos="fp" punct="period" wd="."/>
  </sentence>
  <sentence coord="yes">
    <S>
      <sn arg="arg1" coreftype="ident" entity="entity1" entityref="nne" func="suj" tem="pat">
        <spec gen="f" num="s">
          <d gen="f" lem="el" num="s" pos="da0fs0" postype="article" wd="La"/>
        </spec>
        <grup.nom gen="f" num="s">
          <n gen="f" lem="iniciativa" num="s" pos="ncfs000" postype="common" sense="16:00156102" wd="iniciativa"/>
        </grup.nom>
      </sn>
      <neg func="mod">
        <r lem="no" pos="rn" postype="negative" wd="no"/>
      </neg>
      <grup.verb>
        <v lem="haver" mood="indicative" num="s" person="3" pos="vaip3s0" postype="auxiliary" tense="present" wd="ha"/>
        <v gen="m" lem="ser" lss="C21.state-attributive" mood="participle" num="s" pos="vsp00sm" postype="semiauxiliary" wd="estat"/>
      </grup.verb>
      <S arg="arg2" clausetype="participle" func="atr" impersonal="yes" tem="atr">
        <sadv arg="argM" func="cc" tem="adv">
          <grup.adv>
            <r lem="ben" pos="rg" wd="ben"/>
          </grup.adv>
        </sadv>
        <participi>
          <a gen="f" lem="acollit" lss="B12.unaccusative-passive-ditransitive" num="s" pos="aq0fsp" posfunction="participle" postype="qualificative" wd="acollida"/>
        </participi>
        <sp arg="arg0" func="cag" tem="agt">
          <prep>
            <s contracted="yes" gen="m" lem="pel" num="p" pos="spcmp" postype="preposition" wd="pels"/>
          </prep>
          <sn coreftype="ident" entity="entity3" entityref="nne" homophoricDD="yes">
            <grup.nom gen="m" num="p">
              <n gen="m" lem="afectat" num="p" pos="ncmp000" postype="common" sense="16:cs1" wd="afectats"/>
            </grup.nom>
          </sn>
        </sp>
        <f lem="," pos="fc" punct="comma" wd=","/>
      </S>
    </S>
    <conj conjunctiontype="coordinating">
      <c lem="però" pos="cc" postype="coordinating" wd="però"/>
    </conj>
    <S>
      <sn arg="arg0" entityref="ne" func="suj" ne="organization" tem="agt">
        <spec gen="m" num="s">
          <d gen="c" lem="el" num="s" pos="da0cs0" postype="article" wd="l'"/>
        </spec>
        <grup.nom gen="m" num="s">
          <n lem="Ajuntament_de_Barcelona" ne="organization" pos="np0000o" postype="proper" sense="16:cs1" wd="Ajuntament_de_Barcelona"/>
        </grup.nom>
      </sn>
      <sp arg="argM" func="cc" tem="adv">
        <f lem="," pos="fc" punct="comma" wd=","/>
        <prep>
          <s lem="amb" pos="sps00" postype="preposition" wd="amb"/>
        </prep>
        <sn entityref="nne" homophoricDD="yes">
          <spec gen="m" num="s">
            <d gen="m" lem="el" num="s" pos="da0ms0" postype="article" wd="el"/>
          </spec>
          <grup.nom gen="m" num="s">
            <n gen="m" lem="suport" num="s" pos="ncms000" postype="common" sense="16:00786193" wd="suport"/>
            <sp>
              <prep>
                <s lem="de" pos="sps00" postype="preposition" wd="de"/>
              </prep>
              <sn entityref="ne" ne="organization">
                <spec gen="f" num="s">
                  <d gen="c" lem="el" num="s" pos="da0cs0" postype="article" wd="l'"/>
                </spec>
                <grup.nom gen="f" num="s">
                  <n lem="Associació_Amics_de_la_Rambla" ne="organization" pos="np0000o" postype="proper" sense="16:cs1" wd="Associació_Amics_de_la_Rambla"/>
                </grup.nom>
              </sn>
            </sp>
          </grup.nom>
        </sn>
        <f lem="," pos="fc" punct="comma" wd=","/>
      </sp>
      <grup.verb>
        <v lem="sostenir" lss="A21.transitive-agentive-patient" mood="indicative" num="s" person="3" pos="vmip3s0" postype="main" tense="present" wd="sosté"/>
      </grup.verb>
      <S arg="arg1" clausetype="completive" func="cd" tem="pat">
        <conj conjunctiontype="subordinating">
          <c lem="que" pos="cs" postype="subordinating" wd="que"/>
        </conj>
        <grup.verb>
          <v lem="ser" lss="C21.state-attributive" mood="indicative" num="s" person="3" pos="vsip3s0" postype="semiauxiliary" tense="present" wd="és"/>
        </grup.verb>
        <sa arg="arg2" func="atr" tem="atr">
          <grup.a>
            <a gen="c" lem="imprescindible" num="s" pos="aq0cs0" postype="qualificative" wd="imprescindible"/>
          </grup.a>
        </sa>
        <S arg="arg1" clausetype="completive" func="suj" impersonal="yes" tem="tem">
          <infinitiu>
            <v lem="posar" lss="D11.inergative-agentive" mood="infinitive" pos="vmn0000" postype="main" wd="posar"/>
          </infinitiu>
          <sn arg="argL" entityref="lex" func="cd">
            <grup.nom gen="f" num="s">
              <n gen="f" lem="ordre" num="s" pos="ncfs000" postype="common" sense="16:10063906" wd="ordre"/>
            </grup.nom>
          </sn>
          <sp arg="argM" func="cc" tem="loc">
            <prep>
              <s lem="a" pos="sps00" postype="preposition" wd="a"/>
            </prep>
            <sn coreftype="ident" entity="entity4" entityref="spec">
              <spec gen="f" num="s">
                <d gen="f" lem="el" num="s" pos="da0fs0" postype="article" wd="la"/>
              </spec>
              <grup.nom gen="f" num="s">
                <n gen="f" lem="zona" num="s" pos="ncfs000" postype="common" sense="16:06395720" wd="zona"/>
              </grup.nom>
            </sn>
          </sp>
        </S>
        <sadv arg="argM" func="cc" tem="tmp">
          <grup.adv>
            <r lem="després" pos="rg" wd="després"/>
            <sp>
              <prep>
                <s lem="de" pos="sps00" postype="preposition" wd="de"/>
              </prep>
              <sn entityref="nne" homophoricDD="yes">
                <spec gen="f" num="s">
                  <d gen="f" lem="el" num="s" pos="da0fs0" postype="article" wd="la"/>
                </spec>
                <grup.nom gen="f" num="s">
                  <n gen="f" lem="saturació" num="s" pos="ncfs000" postype="common" sense="16:00258331" wd="saturació"/>
                  <sp>
                    <prep>
                      <s lem="de" pos="sps00" postype="preposition" wd="de"/>
                    </prep>
                    <sn entityref="nne" homophoricDD="yes">
                      <spec gen="m" num="s">
                        <d gen="c" lem="el" num="s" pos="da0cs0" postype="article" wd="l'"/>
                      </spec>
                      <grup.nom gen="m" num="s">
                        <n gen="m" lem="estiu" num="s" pos="ncms000" postype="common" sense="16:10946199" wd="estiu"/>
                        <S clausetype="participle" impersonal="yes">
                          <participi>
                            <a gen="m" lem="passat" num="s" pos="aq0msp" posfunction="participle" postype="qualificative" wd="passat"/>
                          </participi>
                        </S>
                      </grup.nom>
                    </sn>
                  </sp>
                </grup.nom>
              </sn>
            </sp>
          </grup.adv>
        </sadv>
      </S>
    </S>
    <f lem="." pos="fp" punct="period" wd="."/>
  </sentence>
  <sentence>
    <sn arg="arg1" coreftype="ident" entity="entity5" entityref="nne" func="suj" tem="pat">
      <spec gen="f" num="p">
        <d gen="f" lem="el" num="p" pos="da0fp0" postype="article" wd="Les"/>
      </spec>
      <grup.nom gen="f" num="s">
        <n gen="f" lem="sol·licitud" num="s" pos="ncfs000" postype="common" sense="16:05370393" wd="sol·licituds"/>
        <S clausetype="participle" impersonal="yes">
          <participi>
            <a gen="f" lem="rebut" num="p" pos="aq0fpp" posfunction="participle" postype="qualificative" wd="rebudes"/>
          </participi>
        </S>
      </grup.nom>
    </sn>
    <morfema.verbal func="pass">
      <p gen="c" lem="es" num="c" pos="p0000000" wd="s'"/>
    </morfema.verbal>
    <grup.verb>
      <v lem="haver" mood="indicative" num="p" person="3" pos="vaip3p0" postype="auxiliary" tense="present" wd="han"/>
      <v gen="m" lem="dividir" lss="B12.unaccusative-passive-ditransitive" mood="participle" num="s" pos="vmp00sm" postype="main" wd="dividit"/>
    </grup.verb>
    <sp arg="arg2" func="creg" tem="efi">
      <prep>
        <s lem="en" pos="sps00" postype="preposition" wd="en"/>
      </prep>
      <sn entityref="nne">
        <spec gen="f" num="p">
          <d gen="c" lem="tres" num="p" pos="dn0cp0" postype="numeral" wd="tres"/>
        </spec>
        <grup.nom gen="f" num="p">
          <n gen="f" lem="categoria" num="p" pos="ncfp000" postype="common" sense="16:04496335" wd="categories"/>
          <sn complex="yes">
            <f lem=":" pos="fd" punct="colon" wd=":"/>
            <grup.nom coord="yes">
              <grup.nom entity="entity8" entityref="nne" gen="m" num="p">
                <n gen="m" lem="pintor" num="p" pos="ncmp000" postype="common" sense="16:07453414" wd="pintors"/>
              </grup.nom>
              <f lem="," pos="fc" punct="comma" wd=","/>
              <grup.nom entity="entity10" entityref="nne" gen="m" num="p">
                <n gen="c" lem="artista" num="p" pos="nccp000" postype="common" sense="16:07085533" wd="artistes"/>
                <sp>
                  <prep>
                    <s lem="de" pos="sps00" postype="preposition" wd="de"/>
                  </prep>
                  <sn entity="entity11" entityref="nne">
                    <spec gen="m" num="s">
                      <d gen="c" lem="el" num="s" pos="da0cs0" postype="article" wd="l'"/>
                    </spec>
                    <grup.nom gen="m" num="s">
                      <n gen="m" lem="esprai" num="s" pos="ncms000" postype="common" sense="16:02221615" wd="esprai"/>
                    </grup.nom>
                  </sn>
                </sp>
              </grup.nom>
              <conj conjunctiontype="coordinating">
                <c lem="i" pos="cc" postype="coordinating" wd="i"/>
              </conj>
              <grup.nom coord="yes">
                <sadv adjunct="yes">
                  <f lem="," pos="fc" punct="comma" wd=","/>
                  <grup.adv>
                    <r lem="finalment" pos="rg" wd="finalment"/>
                  </grup.adv>
                  <f lem="," pos="fc" punct="comma" wd=","/>
                </sadv>
                <grup.nom coord="yes">
                  <grup.nom gen="m" num="p">
                    <n gen="c" lem="retratista" num="p" pos="nccp000" postype="common" sense="16:07488908" wd="retratistes"/>
                  </grup.nom>
                  <conj conjunctiontype="coordinating">
                    <c lem="i" pos="cc" postype="coordinating" wd="i"/>
                  </conj>
                  <grup.nom entity="entity9" entityref="nne" gen="m" num="p">
                    <n gen="c" lem="caricaturista" num="p" pos="nccp000" postype="common" sense="16:07140780" wd="caricaturistes"/>
                  </grup.nom>
                </grup.nom>
              </grup.nom>
            </grup.nom>
          </sn>
        </grup.nom>
      </sn>
    </sp>
    <f lem="." pos="fp" punct="period" wd="."/>
  </sentence>
  <sentence>
    <sadv arg="argM" func="cc" tem="tmp">
      <grup.adv>
        <r lem="després" pos="rg" wd="Després"/>
        <sp>
          <prep>
            <s lem="de" pos="sps00" postype="preposition" wd="de"/>
          </prep>
          <S clausetype="completive" impersonal="yes">
            <infinitiu>
              <v lem="descartar" lss="A21.transitive-agentive-patient" mood="infinitive" pos="vmn0000" postype="main" wd="descartar"/>
            </infinitiu>
            <sn arg="arg1" entity="entity6" entityref="nne" func="cd" homophoricDD="yes" tem="pat">
              <spec gen="m" num="p">
                <d gen="m" lem="el" num="p" pos="da0mp0" postype="article" wd="els"/>
              </spec>
              <grup.nom gen="m" num="p">
                <n gen="c" lem="aspirant" num="p" pos="nccp000" postype="common" sense="16:06940043" wd="aspirants"/>
                <S clausetype="relative">
                  <relatiu arg="arg0" coreftype="ident" entity="entity6" entityref="nne" func="suj" tem="agt">
                    <p gen="c" lem="que" num="c" pos="pr0cn000" postype="relative" wd="que"/>
                  </relatiu>
                  <neg func="mod">
                    <r lem="no" pos="rn" postype="negative" wd="no"/>
                  </neg>
                  <grup.verb>
                    <v lem="complir" lss="A21.transitive-agentive-patient" mood="indicative" num="p" person="3" pos="vmii3p0" postype="main" tense="imperfect" wd="complien"/>
                  </grup.verb>
                  <sn arg="arg1" entityref="nne" func="cd" homophoricDD="yes" tem="pat">
                    <spec gen="f" num="p">
                      <d gen="f" lem="el" num="p" pos="da0fp0" postype="article" wd="les"/>
                    </spec>
                    <grup.nom gen="f" num="p">
                      <n gen="f" lem="condició" num="p" pos="ncfp000" postype="common" sense="16:04485138" wd="condicions"/>
                      <s.a gen="f" num="p">
                        <grup.a gen="f" num="p">
                          <a gen="f" lem="necessari" num="p" pos="aq0fp0" postype="qualificative" wd="necessàries"/>
                        </grup.a>
                      </s.a>
                    </grup.nom>
                  </sn>
                  <inc>
                    <S>
                      <f lem="-" pos="fg" punct="hyphen" wd="-"/>
                      <sn arg="arg1" entityref="nne" func="suj" tem="tem">
                        <grup.nom gen="m" num="p">
                          <p gen="m" lem="molt" num="p" pos="pi0mp000" postype="indefinite" wd="molts"/>
                        </grup.nom>
                      </sn>
                      <neg func="mod">
                        <r lem="no" pos="rn" postype="negative" wd="no"/>
                      </neg>
                      <grup.verb>
                        <v lem="tenir" lss="C21.state-attributive" mood="indicative" num="p" person="3" pos="vmip3p0" postype="main" tense="present" wd="tenen"/>
                      </grup.verb>
                      <sn arg="arg2" entityref="nne" func="cd" functype="quantitative" tem="atr">
                        <spec gen="m" num="p">
                          <d gen="m" lem="el" num="p" pos="da0mp0" postype="article" wd="els"/>
                        </spec>
                        <grup.nom gen="m" num="p">
                          <n gen="m" lem="paper" num="p" pos="ncmp000" postype="common" sense="16:cs1" wd="papers"/>
                        </grup.nom>
                      </sn>
                      <sp arg="argM" func="cpred" predicate="cd" tem="atr">
                        <prep>
                          <s lem="en" pos="sps00" postype="preposition" wd="en"/>
                        </prep>
                        <sn entityref="lex">
                          <grup.nom gen="f" num="s">
                            <n gen="f" lem="regla" num="s" pos="ncfs000" postype="common" sense="16:cs1" wd="regla"/>
                          </grup.nom>
                        </sn>
                      </sp>
                      <f lem="-" pos="fg" punct="hyphen" wd="-"/>
                    </S>
                  </inc>
                </S>
              </grup.nom>
            </sn>
          </S>
        </sp>
      </grup.adv>
      <f lem="," pos="fc" punct="comma" wd=","/>
    </sadv>
    <sn arg="arg0" coreftype="ident" entity="entity7" entityref="spec" func="suj" tem="agt">
      <spec gen="m" num="s">
        <d gen="m" lem="el" num="s" pos="da0ms0" postype="article" wd="el"/>
      </spec>
      <grup.nom gen="m" num="s">
        <n gen="m" lem="districte" num="s" pos="ncms000" postype="common" sense="16:06294174" wd="districte"/>
      </grup.nom>
    </sn>
    <grup.verb>
      <v lem="haver" mood="indicative" num="s" person="3" pos="vaip3s0" postype="auxiliary" tense="present" wd="ha"/>
      <v gen="m" lem="comptabilitzar" lss="A21.transitive-agentive-patient" mood="participle" num="s" pos="vmp00sm" postype="main" wd="comptabilitzat"/>
    </grup.verb>
    <sn arg="arg1" entityref="nne" func="cd" tem="pat">
      <spec gen="m" num="s">
        <d gen="m" lem="un" num="s" pos="di0ms0" postype="indefinite" wd="un"/>
        <n gen="m" lem="total" num="s" pos="ncms000" postype="common" sense="16:04511080" wd="total"/>
        <s lem="de" pos="sps00" postype="preposition" wd="de"/>
        <z lem="39" ne="number" wd="39"/>
      </spec>
      <grup.nom gen="m" num="p">
        <n gen="c" lem="aspirant" num="p" pos="nccp000" postype="common" sense="16:06940043" wd="aspirants"/>
      </grup.nom>
    </sn>
    <sp arg="argM" func="cc" tem="loc">
      <prep>
        <s lem="per" pos="sps00" postype="preposition" wd="per"/>
      </prep>
      <sp>
        <prep>
          <s contracted="yes" gen="m" lem="al" num="p" pos="spcmp" postype="preposition" wd="als"/>
        </prep>
        <sn entityref="nne" homophoricDD="yes">
          <spec gen="m" num="p">
            <z lem="15" ne="number" wd="15"/>
          </spec>
          <grup.nom gen="m" num="p">
            <n gen="m" lem="lloc" num="p" pos="ncmp000" postype="common" sense="16:00014887" wd="llocs"/>
            <S clausetype="participle" impersonal="yes">
              <participi>
                <a gen="m" lem="reservat" lss="B22.unaccusative-passive-transitive" num="p" pos="aq0mpp" posfunction="participle" postype="qualificative" wd="reservats"/>
              </participi>
              <sp arg="arg2" func="ci" tem="ben">
                <prep>
                  <s contracted="yes" gen="m" lem="al" num="p" pos="spcmp" postype="preposition" wd="als"/>
                </prep>
                <sn coreftype="ident" entity="entity8" entityref="nne">
                  <grup.nom gen="m" num="p">
                    <n gen="m" lem="pintor" num="p" pos="ncmp000" postype="common" sense="16:07453414" wd="pintors"/>
                  </grup.nom>
                </sn>
              </sp>
            </S>
          </grup.nom>
        </sn>
      </sp>
    </sp>
    <f lem="." pos="fp" punct="period" wd="."/>
  </sentence>
  <sentence>
    <sn arg="arg1" entity="entity12" entityref="nne" func="suj" homophoricDD="yes" tem="tem">
      <spec gen="m" num="s">
        <d gen="c" lem="el" num="s" pos="da0cs0" postype="article" wd="L'"/>
      </spec>
      <grup.nom gen="m" num="s">
        <n gen="m" lem="excés" num="s" pos="ncms000" postype="common" sense="16:03989688" wd="excés"/>
        <sp>
          <prep>
            <s lem="de" pos="sps00" postype="preposition" wd="de"/>
          </prep>
          <sn>
            <grup.nom gen="f" num="s">
              <n gen="f" lem="demanda" num="s" pos="ncfs000" postype="common" sense="16:09725817" wd="demanda"/>
            </grup.nom>
          </sn>
        </sp>
      </grup.nom>
    </sn>
    <morfema.pronominal>
      <p gen="c" lem="ell" num="c" person="3" pos="p0300000" wd="es"/>
    </morfema.pronominal>
    <grup.verb>
      <v lem="repetir" lss="B21.unaccusative-state" mood="indicative" num="s" person="3" pos="vmip3s0" postype="main" tense="present" wd="repeteix"/>
    </grup.verb>
    <sp arg="argM" coord="yes" func="cc" tem="adv">
      <sp>
        <prep>
          <s lem="amb" pos="sps00" postype="preposition" wd="amb"/>
        </prep>
        <sn coreftype="ident" entity="entity9" entityref="nne">
          <spec gen="m" num="p">
            <d gen="m" lem="el" num="p" pos="da0mp0" postype="article" wd="els"/>
          </spec>
          <grup.nom gen="m" num="p">
            <n gen="c" lem="caricaturista" num="p" pos="nccp000" postype="common" sense="16:07140780" wd="caricaturistes"/>
          </grup.nom>
        </sn>
      </sp>
      <conj conjunctiontype="coordinating">
        <c lem="i" pos="cc" postype="coordinating" wd="i"/>
      </conj>
      <sp>
        <prep>
          <s lem="amb" pos="sps00" postype="preposition" wd="amb"/>
        </prep>
        <sn coreftype="ident" entity="entity10" entityref="nne">
          <spec gen="m" num="p">
            <d gen="m" lem="el" num="p" pos="da0mp0" postype="article" wd="els"/>
          </spec>
          <grup.nom gen="m" num="p">
            <S clausetype="relative">
              <relatiu>
                <p gen="c" lem="que" num="c" pos="pr0cn000" postype="relative" wd="que"/>
              </relatiu>
              <grup.verb>
                <v lem="treballar" lss="D11.inergative-agentive" mood="indicative" num="p" person="3" pos="vmip3p0" postype="main" tense="present" wd="treballen"/>
              </grup.verb>
              <sp arg="argM" func="cc" tem="adv">
                <prep>
                  <s lem="amb" pos="sps00" postype="preposition" wd="amb"/>
                </prep>
                <sn coreftype="ident" entity="entity11" entityref="nne">
                  <grup.nom gen="m" num="p">
                    <n gen="m" lem="aerosol" num="p" pos="ncmp000" postype="common" sense="16:07773077" wd="aerosols"/>
                  </grup.nom>
                </sn>
              </sp>
            </S>
          </grup.nom>
        </sn>
      </sp>
    </sp>
    <f lem="." pos="fp" punct="period" wd="."/>
  </sentence>
  <sentence>
    <S arg="argM" clausesubtype="suj" clausetype="participle" func="cc" tem="adv">
      <grup.verb>
        <v gen="f" lem="veure" lss="C21.state-attributive" mood="participle" num="p" pos="vmp00pf" postype="main" wd="Vistes"/>
      </grup.verb>
      <sn arg="arg1" coreftype="ident" entity="entity12" entityref="nne" func="suj" tem="tem">
        <spec gen="f" num="p">
          <d gen="f" lem="el" num="p" pos="da0fp0" postype="article" wd="les"/>
        </spec>
        <grup.nom gen="f" num="p">
          <n gen="f" lem="xifra" num="p" pos="ncfp000" postype="common" sense="16:05097671" wd="xifres"/>
        </grup.nom>
      </sn>
      <f lem="," pos="fc" punct="comma" wd=","/>
    </S>
    <sn arg="arg0" entity="entity13" entityref="ne" func="suj" ne="person" tem="agt">
      <spec gen="f" num="s">
        <d gen="f" lem="el" num="s" pos="da0fs0" postype="article" wd="la"/>
      </spec>
      <grup.nom gen="f" num="s">
        <n gen="f" lem="regidora" num="s" pos="ncfs000" postype="common" sense="16:cs1" wd="regidora"/>
        <sp>
          <prep>
            <s contracted="yes" gen="m" lem="del" num="s" pos="spcms" postype="preposition" wd="del"/>
          </prep>
          <sn coreftype="ident" entity="entity7" entityref="ne" ne="location">
            <grup.nom gen="m" num="s">
              <n gen="m" lem="districte" num="s" pos="ncms000" postype="common" sense="16:06294174" wd="districte"/>
              <sp>
                <prep>
                  <s lem="de" pos="sps00" postype="preposition" wd="de"/>
                </prep>
                <sn entityref="ne" ne="location">
                  <grup.nom>
                    <n lem="Ciutat_Vella" ne="location" pos="np0000l" postype="proper" sense="16:cs1" wd="Ciutat_Vella"/>
                  </grup.nom>
                </sn>
              </sp>
            </grup.nom>
          </sn>
        </sp>
        <sn corefsubtype="definit" coreftype="pred" entity="entity13" entityref="ne" ne="person">
          <f lem="," pos="fc" punct="comma" wd=","/>
          <grup.nom gen="f" num="s">
            <n lem="Katy_Carreras-Moysi" ne="person" pos="np0000p" postype="proper" sense="16:cs1" wd="Katy_Carreras-Moysi"/>
          </grup.nom>
          <f lem="," pos="fc" punct="comma" wd=","/>
        </sn>
      </grup.nom>
    </sn>
    <grup.verb>
      <v lem="meditar" lss="A21.transitive-agentive-patient" mood="indicative" num="s" person="3" pos="vmip3s0" postype="main" tense="present" wd="medita"/>
    </grup.verb>
    <S arg="arg1" clausetype="completive" entity="entity17" func="cd" impersonal="yes" tem="pat">
      <infinitiu>
        <v lem="buscar" lss="A21.transitive-agentive-patient" mood="infinitive" pos="vmn0000" postype="main" wd="buscar"/>
      </infinitiu>
      <sn arg="arg1" entity="entity14" entityref="nne" func="cd" tem="pat">
        <spec gen="f" num="s">
          <d gen="f" lem="un" num="s" pos="di0fs0" postype="indefinite" wd="una"/>
        </spec>
        <grup.nom gen="f" num="s">
          <n gen="f" lem="zona" num="s" pos="ncfs000" postype="common" sense="16:02207321" wd="zona"/>
          <s.a gen="f" num="s">
            <grup.a gen="f" num="s">
              <a gen="c" lem="emergent" num="s" pos="aq0cs0" postype="qualificative" wd="emergent"/>
            </grup.a>
          </s.a>
          <sp>
            <prep>
              <s contracted="yes" gen="m" lem="del" num="s" pos="spcms" postype="preposition" wd="del"/>
            </prep>
            <sn entityref="nne" homophoricDD="yes">
              <grup.nom gen="m" num="s">
                <n gen="m" lem="centre" num="s" pos="ncms000" postype="common" sense="16:06286659" wd="centre"/>
                <sp>
                  <prep>
                    <s lem="de" pos="sps00" postype="preposition" wd="de"/>
                  </prep>
                  <sn entity="entity18" entityref="spec">
                    <spec gen="f" num="s">
                      <d gen="f" lem="el" num="s" pos="da0fs0" postype="article" wd="la"/>
                    </spec>
                    <grup.nom gen="f" num="s">
                      <n gen="f" lem="ciutat" num="s" pos="ncfs000" postype="common" sense="16:06287351" wd="ciutat"/>
                    </grup.nom>
                  </sn>
                </sp>
              </grup.nom>
            </sn>
          </sp>
          <S clausetype="relative">
            <sp arg="argM" func="cc" tem="loc">
              <prep>
                <s lem="en" pos="sps00" postype="preposition" wd="en"/>
              </prep>
              <relatiu coreftype="ident" entity="entity14" entityref="nne">
                <p gen="c" lem="què" num="c" pos="pr0cn000" postype="relative" wd="què"/>
              </relatiu>
            </sp>
            <sn arg="arg0" entity="entity15" entityref="nne" func="suj" homophoricDD="yes" tem="agt">
              <spec gen="m" num="p">
                <d gen="m" lem="el" num="p" pos="da0mp0" postype="article" wd="els"/>
              </spec>
              <grup.nom gen="m" num="p">
                <n gen="m" lem="candidat" num="p" pos="ncmp000" postype="common" sense="16:06940455" wd="candidats"/>
                <S clausetype="relative">
                  <relatiu arg="arg0" coreftype="ident" entity="entity15" entityref="nne" func="suj" tem="agt">
                    <p gen="c" lem="que" num="c" pos="pr0cn000" postype="relative" wd="que"/>
                  </relatiu>
                  <neg func="mod">
                    <r lem="no" pos="rn" postype="negative" wd="no"/>
                  </neg>
                  <grup.verb>
                    <v lem="obtenir" lss="A34.ditransitive-patient-theme" mood="subjunctive" num="p" person="3" pos="vmsp3p0" postype="main" tense="present" wd="obtinguin"/>
                  </grup.verb>
                  <sn arg="arg1" coreftype="ident" entity="entity2" func="cd" tem="pat">
                    <grup.nom gen="f" num="s">
                      <n gen="f" lem="llicència" num="s" pos="ncfs000" postype="common" sense="16:00738404" wd="llicència"/>
                      <sp>
                        <prep>
                          <s lem="per" pos="sps00" postype="preposition" wd="per"/>
                        </prep>
                        <sp>
                          <prep>
                            <s lem="a" pos="sps00" postype="preposition" wd="a"/>
                          </prep>
                          <sn coreftype="ident" entity="entity16" entityref="ne" ne="location">
                            <spec gen="f" num="s">
                              <d gen="f" lem="el" num="s" pos="da0fs0" postype="article" wd="la"/>
                            </spec>
                            <grup.nom gen="f" num="s">
                              <n lem="Rambla" ne="location" pos="np0000l" postype="proper" sense="16:cs1" wd="Rambla"/>
                            </grup.nom>
                          </sn>
                        </sp>
                      </sp>
                    </grup.nom>
                  </sn>
                </S>
              </grup.nom>
            </sn>
            <grup.verb>
              <v lem="poder" mood="subjunctive" num="p" person="3" pos="vmsp3p0" postype="main" tense="present" wd="puguin"/>
              <infinitiu>
                <v lem="seguir" mood="infinitive" pos="vmn0000" postype="main" wd="seguir"/>
                <gerundi>
                  <v lem="treballar" lss="D11.inergative-agentive" mood="gerund" pos="vmg0000" postype="main" wd="treballant"/>
                </gerundi>
              </infinitiu>
            </grup.verb>
          </S>
        </grup.nom>
      </sn>
    </S>
    <f lem="." pos="fp" punct="period" wd="."/>
  </sentence>
  <sentence>
    <sp arg="argM" func="cc" tem="adv">
      <prep>
        <s lem="amb" pos="sps00" postype="preposition" wd="Amb"/>
      </prep>
      <sn corefsubtype="token" coreftype="dx" entity="entity17" entityref="nne">
        <spec gen="f" num="s">
          <d gen="f" lem="aquest" num="s" pos="dd0fs0" postype="demonstrative" wd="aquesta"/>
        </spec>
        <grup.nom gen="f" num="s">
          <n gen="f" lem="mesura" num="s" pos="ncfs000" postype="common" sense="16:00113217" wd="mesura"/>
        </grup.nom>
      </sn>
    </sp>
    <morfema.verbal func="pass">
      <p gen="c" lem="es" num="c" pos="p0000000" wd="s'"/>
    </morfema.verbal>
    <grup.verb>
      <v lem="aconseguir" lss="B22.unaccusative-passive-transitive" mood="indicative" num="s" person="3" pos="vmic3s0" postype="main" tense="conditional" wd="aconseguiria"/>
    </grup.verb>
    <S arg="arg1" clausetype="completive" func="cd" impersonal="yes" tem="pat">
      <infinitiu>
        <v lem="dinamitzar" lss="A11.transitive-causative" mood="infinitive" pos="vmn0000" postype="main" wd="dinamitzar"/>
      </infinitiu>
      <sn arg="arg1" coreftype="ident" entity="entity14" entityref="nne" func="cd" tem="tem">
        <spec gen="m" num="s">
          <d gen="m" lem="algun" num="s" pos="di0ms0" postype="indefinite" wd="algun"/>
        </spec>
        <grup.nom gen="m" num="s">
          <n gen="m" lem="espai" num="s" pos="ncms000" postype="common" sense="16:cs1" wd="espai"/>
          <S clausetype="participle" impersonal="yes">
            <participi>
              <a gen="m" lem="reurbanitzat" lss="B22.unaccusative-passive-transitive" num="s" pos="aq0msp" posfunction="participle" postype="qualificative" wd="reurbanitzat"/>
            </participi>
            <sadv arg="argM" func="cc" tem="tmp">
              <grup.adv>
                <r lem="recentment" pos="rg" wd="recentment"/>
              </grup.adv>
            </sadv>
          </S>
        </grup.nom>
      </sn>
    </S>
    <f lem="." pos="fp" punct="period" wd="."/>
  </sentence>
  <sentence verbless="yes">
    <sn entityref="nne" title="yes">
      <grup.nom gen="m" num="p">
        <n gen="m" lem="Músics" num="p" pos="ncmp000" postype="common" sense="16:cs1" wd="Músics"/>
        <sp>
          <prep>
            <s lem="de" pos="sps00" postype="preposition" wd="de"/>
          </prep>
          <sn>
            <grup.nom gen="m" num="s">
              <n gen="m" lem="carrer" num="s" pos="ncms000" postype="common" sense="16:03426236" wd="carrer"/>
            </grup.nom>
          </sn>
        </sp>
      </grup.nom>
    </sn>
    <f lem="." pos="fp" punct="period" wd="."/>
  </sentence>
  <sentence>
    <sn arg="arg0" entity="entity20" entityref="nne" func="suj" homophoricDD="yes" tem="agt">
      <spec gen="m" num="p">
        <d gen="m" lem="el" num="p" pos="da0mp0" postype="article" wd="Els"/>
      </spec>
      <grup.nom gen="m" num="p">
        <n gen="m" lem="músic" num="p" pos="ncmp000" postype="common" sense="16:07424573" wd="músics"/>
        <sp>
          <prep>
            <s contracted="yes" gen="m" lem="del" num="s" pos="spcms" postype="preposition" wd="del"/>
          </prep>
          <sn entity="entity21" entityref="nne" homophoricDD="yes">
            <grup.nom gen="m" num="s">
              <n gen="m" lem="carrer" num="s" pos="ncms000" postype="common" sense="16:03426236" wd="carrer"/>
            </grup.nom>
          </sn>
        </sp>
      </grup.nom>
    </sn>
    <grup.verb>
      <v lem="anar" mood="indicative" num="p" person="3" pos="vaip3p0" postype="auxiliary" tense="present" wd="van"/>
      <v lem="presentar" lss="A32.ditransitive-patient-benefactive" mood="infinitive" pos="vmn0000" postype="main" wd="presentar"/>
    </grup.verb>
    <sadv arg="argM" func="cc" tem="tmp">
      <grup.adv>
        <r lem="ahir" pos="rg" wd="ahir"/>
      </grup.adv>
    </sadv>
    <sn arg="arg1" entityref="nne" func="cd" tem="pat">
      <spec gen="m" num="s">
        <d gen="m" lem="un" num="s" pos="di0ms0" postype="indefinite" wd="un"/>
      </spec>
      <grup.nom discid="1n" gen="m" num="s">
        <n gen="m" lem="recurs" num="s" pos="ncms000" postype="common" sense="16:cs1" wd="recurs"/>
        <s.a gen="m" num="s">
          <grup.a gen="m" num="s">
            <a gen="m" lem="contenciós" num="s" pos="aq0ms0" postype="qualificative" wd="contenciós"/>
          </grup.a>
        </s.a>
        <s.a gen="m" num="s">
          <grup.a gen="m" num="s">
            <a gen="m" lem="administratiu" num="s" pos="aq0ms0" postype="qualificative" wd="administratiu"/>
          </grup.a>
        </s.a>
      </grup.nom>
    </sn>
    <sp arg="arg2" func="ci" tem="ben">
      <prep>
        <s contracted="yes" gen="m" lem="al" num="p" pos="spcmp" postype="preposition" wd="als"/>
      </prep>
      <sn entityref="ne" ne="location">
        <grup.nom gen="m" num="p">
          <n gen="m" lem="jutjat" num="p" pos="ncmp000" postype="common" sense="16:06176884" wd="jutjats"/>
          <sp>
            <prep>
              <s lem="de" pos="sps00" postype="preposition" wd="de"/>
            </prep>
            <sn coreftype="ident" entity="entity18" entityref="ne" ne="location">
              <grup.nom>
                <n lem="Barcelona" ne="location" pos="np0000l" postype="proper" wd="Barcelona"/>
              </grup.nom>
            </sn>
          </sp>
        </grup.nom>
      </sn>
    </sp>
    <sp discid="1c">
      <prep>
        <s lem="contra" pos="sps00" postype="preposition" wd="contra"/>
      </prep>
      <sn entityref="nne" homophoricDD="yes">
        <spec gen="m" num="s">
          <d gen="m" lem="el" num="s" pos="da0ms0" postype="article" wd="el"/>
        </spec>
        <grup.nom gen="m" num="s">
          <n gen="m" lem="decomís" num="s" pos="ncms000" postype="common" sense="16:00054061" wd="decomís"/>
          <sp>
            <prep>
              <s lem="de" pos="sps00" postype="preposition" wd="d'"/>
            </prep>
            <sn entity="entity22" entityref="nne">
              <grup.nom gen="m" num="p">
                <n gen="m" lem="instrument" num="p" pos="ncmp000" postype="common" sense="16:03025339" wd="instruments"/>
              </grup.nom>
            </sn>
          </sp>
          <S clausetype="participle" impersonal="yes">
            <participi>
              <a gen="m" lem="dut_a_terme" lss="B22.unaccusative-passive-transitive" num="s" pos="aq0msp" posfunction="participle" postype="qualificative" wd="dut_a_terme"/>
            </participi>
            <sp arg="arg0" func="cag" tem="agt">
              <prep>
                <s lem="per" pos="sps00" postype="preposition" wd="per"/>
              </prep>
              <sn entityref="ne" ne="organization">
                <spec gen="f" num="s">
                  <d gen="f" lem="el" num="s" pos="da0fs0" postype="article" wd="la"/>
                </spec>
                <grup.nom gen="f" num="s">
                  <n lem="Guàrdia_Urbana" ne="organization" pos="np0000o" postype="proper" sense="16:cs1" wd="Guàrdia_Urbana"/>
                </grup.nom>
              </sn>
            </sp>
            <sp arg="argM" func="cc" tem="adv">
              <prep>
                <s lem="en" pos="sps00" postype="preposition" wd="en"/>
              </prep>
              <sn entityref="nne">
                <grup.nom gen="m" num="s">
                  <n gen="m" lem="compliment" num="s" pos="ncms000" postype="common" sense="16:00729882" wd="compliment"/>
                  <sp>
                    <prep>
                      <s lem="de" pos="sps00" postype="preposition" wd="de"/>
                    </prep>
                    <sn entityref="nne" homophoricDD="yes">
                      <spec gen="f" num="p">
                        <d gen="f" lem="el" num="p" pos="da0fp0" postype="article" wd="les"/>
                      </spec>
                      <grup.nom gen="f" num="p">
                        <n gen="c" lem="ordenança" num="p" pos="nccp000" postype="common" sense="16:cs1" wd="ordenances"/>
                        <s.a gen="f" num="p">
                          <grup.a gen="f" num="p">
                            <a gen="c" lem="municipal" num="p" pos="aq0cp0" postype="qualificative" wd="municipals"/>
                          </grup.a>
                        </s.a>
                      </grup.nom>
                    </sn>
                  </sp>
                </grup.nom>
              </sn>
            </sp>
          </S>
        </grup.nom>
      </sn>
    </sp>
    <f lem="." pos="fp" punct="period" wd="."/>
  </sentence>
  <sentence coord="yes">
    <S>
      <sn arg="arg0" entity="entity19" entityref="ne" func="suj" ne="person" tem="agt">
        <spec gen="m" num="s">
          <d gen="m" lem="el" num="s" pos="da0ms0" postype="article" wd="El"/>
        </spec>
        <grup.nom gen="m" num="s">
          <n gen="m" lem="president" num="s" pos="ncms000" postype="common" sense="16:07496197" wd="president"/>
          <sp>
            <prep>
              <s lem="de" pos="sps00" postype="preposition" wd="de"/>
            </prep>
            <sn entityref="ne" ne="organization">
              <spec gen="f" num="s">
                <d gen="c" lem="el" num="s" pos="da0cs0" postype="article" wd="l'"/>
              </spec>
              <grup.nom gen="f" num="s">
                <n lem="Associació_de_Músics_del_Carrer" ne="organization" pos="np0000o" postype="proper" sense="16:cs1" wd="Associació_de_Músics_del_Carrer"/>
              </grup.nom>
            </sn>
          </sp>
          <sn corefsubtype="definit" coreftype="pred" entity="entity19" entityref="ne" ne="person">
            <f lem="," pos="fc" punct="comma" wd=","/>
            <grup.nom gen="m" num="s">
              <n lem="Félix_García_Omella" ne="person" pos="np0000p" postype="proper" sense="16:cs1" wd="Félix_García_Omella"/>
            </grup.nom>
            <f lem="," pos="fc" punct="comma" wd=","/>
          </sn>
        </grup.nom>
      </sn>
      <grup.verb>
        <v lem="anar" mood="indicative" num="s" person="3" pos="vaip3s0" postype="auxiliary" tense="present" wd="va"/>
        <v lem="reivindicar" lss="A21.transitive-agentive-patient" mood="infinitive" pos="vmn0000" postype="main" wd="reivindicar"/>
      </grup.verb>
      <sadv arg="argM" func="cc" tem="loc">
        <grup.adv>
          <r lem="davant" pos="rg" wd="davant"/>
          <sp>
            <prep>
              <s contracted="yes" gen="m" lem="del" num="s" pos="spcms" postype="preposition" wd="del"/>
            </prep>
            <sn entityref="nne" homophoricDD="yes">
              <grup.nom gen="m" num="s">
                <n gen="m" lem="jutge" num="s" pos="ncms000" postype="common" sense="16:07350806" wd="jutge"/>
              </grup.nom>
            </sn>
          </sp>
        </grup.adv>
      </sadv>
      <sn arg="arg1" entityref="nne" func="cd" homophoricDD="yes" tem="pat">
        <spec gen="m" num="s">
          <d gen="m" lem="el" num="s" pos="da0ms0" postype="article" wd="el"/>
        </spec>
        <grup.nom gen="m" num="s">
          <n gen="m" lem="dret" num="s" pos="ncms000" postype="common" sense="16:04030305" wd="dret"/>
          <sp>
            <prep>
              <s contracted="yes" gen="m" lem="del" num="p" pos="spcmp" postype="preposition" wd="dels"/>
            </prep>
            <sn coreftype="ident" entity="entity20" entityref="nne" homophoricDD="yes">
              <grup.nom gen="m" num="p">
                <n gen="m" lem="músic" num="p" pos="ncmp000" postype="common" sense="16:07424573" wd="músics"/>
                <sp>
                  <prep>
                    <s contracted="yes" gen="m" lem="del" num="s" pos="spcms" postype="preposition" wd="del"/>
                  </prep>
                  <sn coreftype="ident" entity="entity21" entityref="nne" homophoricDD="yes">
                    <grup.nom gen="m" num="s">
                      <n gen="m" lem="carrer" num="s" pos="ncms000" postype="common" sense="16:03426236" wd="carrer"/>
                    </grup.nom>
                  </sn>
                </sp>
              </grup.nom>
            </sn>
          </sp>
          <sp>
            <prep>
              <s lem="a" pos="sps00" postype="preposition" wd="a"/>
            </prep>
            <S clausetype="completive" impersonal="yes">
              <infinitiu>
                <v lem="expressar" lss="A32.ditransitive-patient-benefactive" mood="infinitive" pos="vmn0000" postype="main" wd="expressar"/>
              </infinitiu>
              <morfema.pronominal>
                <p gen="c" lem="ell" num="c" person="3" pos="p0300000" wd="-se"/>
              </morfema.pronominal>
              <sp arg="argM" func="cc" tem="loc">
                <prep>
                  <s lem="en" pos="sps00" postype="preposition" wd="en"/>
                </prep>
                <sn entityref="nne" homophoricDD="yes">
                  <spec gen="m" num="p">
                    <d gen="m" lem="el" num="p" pos="da0mp0" postype="article" wd="els"/>
                  </spec>
                  <grup.nom gen="m" num="p">
                    <n gen="m" lem="espai" num="p" pos="ncmp000" postype="common" sense="16:06373003" wd="espais"/>
                    <s.a gen="m" num="p">
                      <grup.a gen="m" num="p">
                        <a gen="m" lem="públic" num="p" pos="aq0mp0" postype="qualificative" wd="públics"/>
                      </grup.a>
                    </s.a>
                  </grup.nom>
                </sn>
              </sp>
            </S>
          </sp>
        </grup.nom>
      </sn>
    </S>
    <conj conjunctiontype="coordinating">
      <c lem="i" pos="cc" postype="coordinating" wd="i"/>
    </conj>
    <S>
      <sn arg="arg0" coreftype="ident" elliptic="yes" entity="entity19" entityref="spec" func="suj" tem="agt"/>
      <grup.verb>
        <v lem="anar" mood="indicative" num="s" person="3" pos="vaip3s0" postype="auxiliary" tense="present" wd="va"/>
        <v lem="reclamar" lss="A32.ditransitive-patient-benefactive" mood="infinitive" pos="vmn0000" postype="main" wd="reclamar"/>
      </grup.verb>
      <S arg="arg1" clausetype="completive" func="cd" tem="pat">
        <conj conjunctiontype="subordinating">
          <c lem="que" pos="cs" postype="subordinating" wd="que"/>
        </conj>
        <sn arg="arg1" elliptic="yes" entityref="lex" func="suj" tem="tem"/>
        <morfema.pronominal>
          <p gen="c" lem="ell" num="c" person="3" pos="p0300000" wd="se"/>
        </morfema.pronominal>
        <sn arg="arg2" coreftype="ident" entity="entity20" entityref="nne" func="ci" tem="ben">
          <grup.nom num="p">
            <p gen="c" lem="ell" num="p" person="3" pos="pp3cp000" postype="personal" wd="'ls"/>
          </grup.nom>
        </sn>
        <grup.verb>
          <v lem="tornar" lss="A32.ditransitive-patient-benefactive" mood="subjunctive" num="p" person="3" pos="vmsp3p0" postype="main" tense="present" wd="tornin"/>
        </grup.verb>
        <sn arg="arg1" coreftype="ident" entity="entity22" entityref="nne" func="cd" homophoricDD="yes" tem="pat">
          <spec gen="m" num="p">
            <d gen="m" lem="el" num="p" pos="da0mp0" postype="article" wd="els"/>
          </spec>
          <grup.nom gen="m" num="p">
            <f lem="&quot;" pos="fe" punct="quotation" wd="&quot;"/>
            <n gen="m" lem="instrument" num="p" pos="ncmp000" postype="common" sense="16:02859502" wd="instruments"/>
            <sp>
              <prep>
                <s lem="de" pos="sps00" postype="preposition" wd="de"/>
              </prep>
              <sn>
                <grup.nom gen="m" num="s">
                  <n gen="m" lem="treball" num="s" pos="ncms000" postype="common" sense="16:00383807" wd="treball"/>
                </grup.nom>
              </sn>
            </sp>
            <f lem="&quot;" pos="fe" punct="quotation" wd="&quot;"/>
          </grup.nom>
        </sn>
      </S>
    </S>
    <f lem="." pos="fp" punct="period" wd="."/>
  </sentence>
</article>
