<?xml version="1.0" encoding="UTF-8"?>
<!-- 

  ancora-2.0
       
			Copyright (C) 2007, 2008, 2009, 2010, 2011 UB - CLiC
			Centre de Llenguatge i Computació - Universitat de Barcelona
 
  This file is part of ancora-2.0.
 
  ancora-2.0 is free software and data: you can redistribute it and/or modify
  it under the terms of the GNU General Public License as published
  by the Free Software Foundation, either version 3 of the License,
  or (at your option) any later version.

  ancora-2.0 is distributed in the hope that it will be useful,
  but WITHOUT ANY WARRANTY; without even the implied warranty of
  MERCHANTABILITY or FITNESS FOR A PARTICULAR PURPOSE.  See the
  GNU General Public License for more details.
 
  You should have received a copy of the GNU General Public License
  along with ancora-2.0.  If not, see &lt;http://www.gnu.org/licenses/&gt;.
 
  Check a text in catalan explaining the terms of the license at http://www.softcatala.cat/wiki/GPL3.
  In spanish at http://www.viti.es/gnu/licenses/gpl.html
 

  The following paper must be cited when using this corpus:

 * Taulé, M., M.A. Martí, M. Recasens (2008) 'Ancora: Multilevel Annotated Corpora for Catalan and Spanish',
   Proceedings of 6th International Conference on Language Resources and Evaluation. Marrakesh (Morocco).

  In addition, the following paper must be cited if coreference information (attributes entity, coreftype,
  corefsubtype, homophoricDD or entityref) is used:

 * Recasens, Marta, M. Antònia Martí (2010) ‘AnCora-CO: Coreferentially annotated corpora for Spanish and
   Catalan’. Language Resources and Evaluation, Springer Science.

  Additionally, the following paper must be cited when argumental attributes in "sn" or "grup.nom"
  (attributes func, arg, tem or lexicalid) are used:

 * Peris, Aina, Mariona Taulé, Horacio Rodríguez (2010) ‘Semantic Annotation of Deverbal Nominalizations in the
   Spanish AnCora corpus’. Treebanks and Linguistic Theories (TLT-2010), Estonia.
-->
<article lng="ca">
  <sentence entity="entity2">
    <sn arg="arg0" entity="entity1" entityref="ne" func="suj" ne="organization" tem="agt">
      <spec gen="m" num="s">
        <d gen="m" lem="el" num="s" pos="da0ms0" postype="article" wd="El"/>
      </spec>
      <grup.nom gen="m" num="s">
        <n gen="m" lem="grup" num="s" pos="ncms000" postype="common" sense="16:00017954" wd="grup"/>
        <sp>
          <prep>
            <s lem="de" pos="sps00" postype="preposition" wd="de"/>
          </prep>
          <sn entityref="ne" ne="organization">
            <grup.nom>
              <n lem="CiU" ne="organization" pos="np0000o" postype="proper" sense="16:cs1" wd="CiU"/>
            </grup.nom>
          </sn>
        </sp>
      </grup.nom>
    </sn>
    <grup.verb>
      <v lem="haver" mood="indicative" num="s" person="3" pos="vaip3s0" postype="auxiliary" tense="present" wd="ha"/>
      <v gen="m" lem="perdre" lss="A21.transitive-agentive-patient" mood="participle" num="s" pos="vmp00sm" postype="main" wd="perdut"/>
    </grup.verb>
    <sn arg="argM" entityref="nne" func="cc" tem="tmp">
      <spec gen="m" num="s">
        <d gen="m" lem="aquest" num="s" pos="dd0ms0" postype="demonstrative" wd="aquest"/>
      </spec>
      <grup.nom gen="m" num="s">
        <n gen="m" lem="matí" num="s" pos="ncms000" postype="common" sense="16:10884278" wd="matí"/>
      </grup.nom>
    </sn>
    <sn arg="arg1" entity="entity3" entityref="nne" func="cd" homophoricDD="yes" tem="pat">
      <spec gen="f" num="s">
        <d gen="f" lem="el" num="s" pos="da0fs0" postype="article" wd="la"/>
      </spec>
      <grup.nom gen="f" num="s">
        <s.a gen="f" num="s">
          <grup.a gen="f" num="s">
            <a gen="f" lem="primer" num="s" pos="ao0fs0" postype="ordinal" wd="primera"/>
          </grup.a>
        </s.a>
        <n gen="f" lem="votació" num="s" pos="ncfs000" postype="common" sense="16:00120305" wd="votació"/>
      </grup.nom>
    </sn>
    <sp arg="argM" func="cc" tem="loc">
      <sp>
        <prep>
          <s contracted="yes" gen="m" lem="al" num="s" pos="spcms" postype="preposition" wd="al"/>
        </prep>
        <sn entityref="ne" ne="organization">
          <grup.nom gen="m" num="s">
            <n lem="Parlament" ne="organization" pos="np0000o" postype="proper" sense="16:cs1" wd="Parlament"/>
          </grup.nom>
        </sn>
      </sp>
      <sp adjunct="yes">
        <f lem="," pos="fc" punct="comma" wd=","/>
        <sadv adjunct="yes">
          <grup.adv>
            <r lem="concretament" pos="rg" wd="concretament"/>
          </grup.adv>
        </sadv>
        <sp>
          <prep>
            <s lem="a" pos="sps00" postype="preposition" wd="a"/>
          </prep>
          <sn entity="entity8" entityref="ne" ne="organization">
            <spec gen="f" num="s">
              <d gen="f" lem="el" num="s" pos="da0fs0" postype="article" wd="la"/>
            </spec>
            <grup.nom gen="f" num="s">
              <n lem="Comissió_de_Cultura" ne="organization" pos="np0000o" postype="proper" sense="16:cs1" wd="Comissió_de_Cultura"/>
            </grup.nom>
          </sn>
        </sp>
      </sp>
    </sp>
    <sp arg="argM" func="cc" tem="cau">
      <f lem="," pos="fc" punct="comma" wd=","/>
      <prep>
        <s lem="en" pos="sps00" postype="preposition" wd="en"/>
      </prep>
      <S clausetype="completive" coord="yes" impersonal="yes">
        <S clausetype="completive" impersonal="yes">
          <infinitiu>
            <v lem="produir" lss="B22.unaccusative-passive-transitive" mood="infinitive" pos="vmn0000" postype="main" wd="produir"/>
          </infinitiu>
          <morfema.verbal func="pass">
            <p gen="c" lem="es" num="c" pos="p0000000" wd="-se"/>
          </morfema.verbal>
          <sn arg="arg1" entity="entity7" entityref="nne" func="suj" tem="pat">
            <spec gen="m" num="s">
              <d gen="m" lem="un" num="s" pos="di0ms0" postype="indefinite" wd="un"/>
            </spec>
            <grup.nom gen="m" num="s">
              <n gen="m" lem="empat" num="s" pos="ncms000" postype="common" sense="16:10087349" wd="empat"/>
              <sp>
                <prep>
                  <s lem="entre" pos="sps00" postype="preposition" wd="entre"/>
                </prep>
                <sn entity="entity6" entityref="spec" homophoricDD="yes">
                  <spec gen="m" num="p">
                    <d gen="m" lem="el" num="p" pos="da0mp0" postype="article" wd="els"/>
                  </spec>
                  <grup.nom gen="m" num="p">
                    <n gen="m" lem="grup" num="p" pos="ncmp000" postype="common" sense="16:00017954" wd="grups"/>
                    <sp>
                      <prep>
                        <s lem="de" pos="sps00" postype="preposition" wd="de"/>
                      </prep>
                      <sn coord="yes">
                        <sn complex="yes" entity="entity23" entityref="nne">
                          <grup.nom coord="yes">
                            <grup.nom coord="yes">
                              <grup.nom coreftype="ident" entity="entity1">
                                <n lem="CiU" ne="organization" pos="np0000o" postype="proper" sense="16:cs1" wd="CiU"/>
                              </grup.nom>
                              <conj conjunctiontype="coordinating">
                                <c lem="i" pos="cc" postype="coordinating" wd="i"/>
                              </conj>
                              <grup.nom entity="entity22">
                                <n lem="PP" ne="organization" pos="np0000o" postype="proper" sense="16:50001207" wd="PP"/>
                              </grup.nom>
                            </grup.nom>
                            <sp adjunct="yes">
                              <prep>
                                <s lem="de" pos="sps00" postype="preposition" wd="d'"/>
                              </prep>
                              <sn entityref="lex">
                                <spec gen="f" num="s">
                                  <d gen="f" lem="un" num="s" pos="di0fs0" postype="indefinite" wd="una"/>
                                </spec>
                                <grup.nom gen="f" num="s">
                                  <n gen="f" lem="banda" num="s" pos="ncfs000" postype="common" sense="16:04505974" wd="banda"/>
                                </grup.nom>
                              </sn>
                            </sp>
                          </grup.nom>
                        </sn>
                        <conj conjunctiontype="coordinating">
                          <c lem="i" pos="cc" postype="coordinating" wd="i"/>
                        </conj>
                        <sn complex="yes" entity="entity16" entityref="nne">
                          <grup.nom coord="yes">
                            <grup.nom coord="yes">
                              <grup.nom entity="entity4">
                                <n lem="PSC-CpC" ne="organization" pos="np0000o" postype="proper" sense="16:cs1" wd="PSC-CpC"/>
                              </grup.nom>
                              <f lem="," pos="fc" punct="comma" wd=","/>
                              <grup.nom entity="entity17">
                                <n lem="ERC" ne="organization" pos="np0000o" postype="proper" sense="16:50001212" wd="ERC"/>
                              </grup.nom>
                              <conj conjunctiontype="coordinating">
                                <c lem="i" pos="cc" postype="coordinating" wd="i"/>
                              </conj>
                              <grup.nom entity="entity24">
                                <n lem="IC-V" ne="organization" pos="np0000o" postype="proper" sense="16:cs1" wd="IC-V"/>
                              </grup.nom>
                            </grup.nom>
                            <sp adjunct="yes">
                              <prep>
                                <s lem="per" pos="sps00" postype="preposition" wd="per"/>
                              </prep>
                              <sn entityref="lex">
                                <spec gen="f" num="s">
                                  <d gen="c" lem="el" num="s" pos="da0cs0" postype="article" wd="l'"/>
                                </spec>
                                <grup.nom gen="f" num="s">
                                  <p gen="f" lem="altre" num="s" pos="pi0fs000" postype="indefinite" wd="altra"/>
                                </grup.nom>
                              </sn>
                            </sp>
                          </grup.nom>
                        </sn>
                      </sn>
                    </sp>
                  </grup.nom>
                </sn>
              </sp>
            </grup.nom>
          </sn>
        </S>
        <conj conjunctiontype="coordinating">
          <c lem="i" pos="cc" postype="coordinating" wd="i"/>
        </conj>
        <S clausetype="completive" impersonal="yes">
          <infinitiu>
            <v lem="aplicar" lss="B22.unaccusative-passive-transitive" mood="infinitive" pos="vmn0000" postype="main" wd="aplicar"/>
          </infinitiu>
          <morfema.verbal>
            <p gen="c" lem="es" num="c" pos="p0000000" wd="-se"/>
          </morfema.verbal>
          <sn arg="arg1" entity="entity9" entityref="nne" func="suj" homophoricDD="yes" tem="pat">
            <spec gen="m" num="s">
              <d gen="m" lem="el" num="s" pos="da0ms0" postype="article" wd="el"/>
            </spec>
            <grup.nom gen="m" num="s">
              <f lem="'" pos="fz" punct="mathsign" wd="'"/>
              <n gen="m" lem="vot" num="s" pos="ncms000" postype="common" sense="16:00119067" wd="vot"/>
              <s.a gen="m" num="s">
                <grup.a gen="m" num="s">
                  <a gen="m" lem="ponderat" num="s" pos="aq0ms0" postype="qualificative" wd="ponderat"/>
                </grup.a>
              </s.a>
              <f lem="'" pos="fz" punct="mathsign" wd="'"/>
            </grup.nom>
          </sn>
        </S>
      </S>
    </sp>
    <f lem="." pos="fp" punct="period" wd="."/>
  </sentence>
  <sentence>
    <sn arg="arg1" corefsubtype="token" coreftype="dx" elliptic="yes" entity="entity2" entityref="nne" func="suj" tem="pat"/>
    <morfema.verbal func="pass">
      <p gen="c" lem="es" num="c" pos="p0000000" wd="S'"/>
    </morfema.verbal>
    <grup.verb>
      <v lem="haver" mood="indicative" num="s" person="3" pos="vaip3s0" postype="auxiliary" tense="present" wd="ha"/>
      <v gen="m" lem="produir" lss="B22.unaccusative-passive-transitive" mood="participle" num="s" pos="vmp00sm" postype="main" wd="produït"/>
    </grup.verb>
    <sp arg="argM" func="cc" tem="loc">
      <prep>
        <s lem="en" pos="sps00" postype="preposition" wd="en"/>
      </prep>
      <sn coreftype="ident" entity="entity3" entityref="nne" homophoricDD="yes">
        <spec gen="f" num="s">
          <d gen="f" lem="el" num="s" pos="da0fs0" postype="article" wd="la"/>
        </spec>
        <grup.nom gen="f" num="s">
          <n gen="f" lem="votació" num="s" pos="ncfs000" postype="common" sense="16:00120305" wd="votació"/>
          <sp>
            <prep>
              <s lem="de" pos="sps00" postype="preposition" wd="d'"/>
            </prep>
            <sn entity="entity5" entityref="nne">
              <spec gen="f" num="s">
                <d gen="f" lem="un" num="s" pos="di0fs0" postype="indefinite" wd="una"/>
              </spec>
              <grup.nom gen="f" num="s">
                <n gen="f" lem="proposició" num="s" pos="ncfs000" postype="common" sense="16:05355937" wd="proposició"/>
                <sp>
                  <neg adjunct="yes">
                    <r lem="no" pos="rn" postype="negative" wd="no"/>
                  </neg>
                  <sp>
                    <prep>
                      <s lem="de" pos="sps00" postype="preposition" wd="de"/>
                    </prep>
                    <sn>
                      <grup.nom gen="f" num="s">
                        <n gen="f" lem="llei" num="s" pos="ncfs000" postype="common" sense="16:04904589" wd="llei"/>
                      </grup.nom>
                    </sn>
                  </sp>
                </sp>
                <sp>
                  <prep>
                    <s contracted="yes" gen="m" lem="del" num="s" pos="spcms" postype="preposition" wd="del"/>
                  </prep>
                  <sn coreftype="ident" entity="entity4" entityref="ne" ne="organization">
                    <grup.nom gen="m" num="s">
                      <n lem="PSC-CpC" ne="organization" pos="np0000o" postype="proper" sense="16:cs1" wd="PSC-CpC"/>
                    </grup.nom>
                  </sn>
                </sp>
                <S clausetype="relative">
                  <sp arg="argM" func="cc" tem="loc">
                    <prep>
                      <s lem="en" pos="sps00" postype="preposition" wd="en"/>
                    </prep>
                    <relatiu coreftype="ident" entity="entity5" entityref="nne">
                      <p gen="c" lem="què" num="c" pos="pr0cn000" postype="relative" wd="què"/>
                    </relatiu>
                  </sp>
                  <morfema.verbal func="pass">
                    <p gen="c" lem="es" num="c" pos="p0000000" wd="es"/>
                  </morfema.verbal>
                  <grup.verb>
                    <v lem="proposar" lss="B12.unaccusative-passive-ditransitive" mood="indicative" num="s" person="3" pos="vmii3s0" postype="main" tense="imperfect" wd="proposava"/>
                  </grup.verb>
                  <S arg="arg1" clausetype="completive" func="cd" tem="pat">
                    <conj conjunctiontype="subordinating">
                      <c lem="que" pos="cs" postype="subordinating" wd="que"/>
                    </conj>
                    <sn arg="arg1" entityref="nne" func="suj" homophoricDD="yes" tem="tem">
                      <spec gen="m" num="s">
                        <d gen="m" lem="el" num="s" pos="da0ms0" postype="article" wd="el"/>
                      </spec>
                      <grup.nom gen="m" num="s">
                        <n gen="m" lem="professorat" num="s" pos="ncms000" postype="common" sense="16:00398747" wd="professorat"/>
                        <sp>
                          <prep>
                            <s lem="de" pos="sps00" postype="preposition" wd="de"/>
                          </prep>
                          <sn>
                            <grup.nom gen="f" num="s">
                              <n gen="f" lem="formació" num="s" pos="ncfs000" postype="common" sense="16:06232231" wd="formació"/>
                            </grup.nom>
                          </sn>
                        </sp>
                        <sp>
                          <prep>
                            <s lem="de" pos="sps00" postype="preposition" wd="d'"/>
                          </prep>
                          <sn entityref="nne">
                            <grup.nom gen="m" num="p">
                              <n gen="m" lem="adult" num="p" pos="ncmp000" postype="common" sense="16:06938480" wd="adults"/>
                            </grup.nom>
                          </sn>
                        </sp>
                        <sp>
                          <f lem="," pos="fc" punct="comma" wd=","/>
                          <sadv adjunct="yes">
                            <grup.adv>
                              <r lem="actualment" pos="rg" wd="actualment"/>
                            </grup.adv>
                          </sadv>
                          <sp>
                            <prep>
                              <s lem="sota" pos="sps00" postype="preposition" wd="sota"/>
                            </prep>
                            <sn entityref="nne" homophoricDD="yes">
                              <spec gen="f" num="s">
                                <d gen="f" lem="el" num="s" pos="da0fs0" postype="article" wd="la"/>
                              </spec>
                              <grup.nom gen="f" num="s">
                                <n gen="f" lem="gestió" num="s" pos="ncfs000" postype="common" sense="16:00736489" wd="gestió"/>
                                <sp>
                                  <prep>
                                    <s contracted="yes" gen="m" lem="del" num="s" pos="spcms" postype="preposition" wd="del"/>
                                  </prep>
                                  <sn entityref="ne" ne="organization">
                                    <grup.nom gen="m" num="s">
                                      <n lem="Departament_de_Benestar_Social" ne="organization" pos="np0000o" postype="proper" sense="16:cs1" wd="Departament_de_Benestar_Social"/>
                                    </grup.nom>
                                  </sn>
                                </sp>
                              </grup.nom>
                            </sn>
                          </sp>
                          <f lem="," pos="fc" punct="comma" wd=","/>
                        </sp>
                      </grup.nom>
                    </sn>
                    <grup.verb>
                      <v lem="passar" lss="C11.state-existential" mood="subjunctive" num="s" person="3" pos="vmsi3s0" postype="main" tense="imperfect" wd="passés"/>
                    </grup.verb>
                    <sp arg="arg4" func="creg" tem="efi">
                      <prep>
                        <s contracted="yes" gen="m" lem="al" num="s" pos="spcms" postype="preposition" wd="al"/>
                      </prep>
                      <sn entityref="ne" ne="organization">
                        <grup.nom gen="m" num="s">
                          <n lem="Departament_d'_Ensenyament" ne="organization" pos="np0000o" postype="proper" sense="16:cs1" wd="Departament_d'_Ensenyament"/>
                        </grup.nom>
                      </sn>
                    </sp>
                  </S>
                </S>
              </grup.nom>
            </sn>
          </sp>
        </grup.nom>
      </sn>
    </sp>
    <f lem="." pos="fp" punct="period" wd="."/>
  </sentence>
  <sentence>
    <sn arg="arg0" coreftype="ident" entity="entity3" entityref="nne" func="suj" homophoricDD="yes" tem="agt">
      <spec gen="f" num="s">
        <d gen="f" lem="el" num="s" pos="da0fs0" postype="article" wd="La"/>
      </spec>
      <grup.nom gen="f" num="s">
        <n gen="f" lem="votació" num="s" pos="ncfs000" postype="common" sense="16:00120305" wd="votació"/>
        <sp>
          <prep>
            <s contracted="yes" gen="m" lem="del" num="p" pos="spcmp" postype="preposition" wd="dels"/>
          </prep>
          <sn coreftype="ident" entity="entity6" entityref="spec">
            <spec gen="m" num="p">
              <d gen="m" lem="dos" num="p" pos="dn0mp0" postype="numeral" wd="dos"/>
            </spec>
            <grup.nom gen="m" num="p">
              <n gen="m" lem="bloc" num="p" pos="ncmp000" postype="common" sense="16:cs1" wd="blocs"/>
            </grup.nom>
          </sn>
        </sp>
      </grup.nom>
    </sn>
    <grup.verb>
      <v lem="haver" mood="indicative" num="s" person="3" pos="vaip3s0" postype="auxiliary" tense="present" wd="ha"/>
      <v gen="m" lem="donar" lss="A32.ditransitive-patient-benefactive" mood="participle" num="s" pos="vmp00sm" postype="main" wd="donat"/>
    </grup.verb>
    <sn arg="arg1" coreftype="ident" entity="entity7" entityref="nne" func="cd" tem="pat">
      <spec gen="m" num="s">
        <d gen="m" lem="un" num="s" pos="di0ms0" postype="indefinite" wd="un"/>
      </spec>
      <grup.nom gen="m" num="s">
        <n gen="m" lem="empat" num="s" pos="ncms000" postype="common" sense="16:10087349" wd="empat"/>
        <sp>
          <prep>
            <s lem="a" pos="sps00" postype="preposition" wd="a"/>
          </prep>
          <sn entityref="ne" ne="number">
            <grup.nom num="p">
              <z lem="12" ne="number" wd="12"/>
            </grup.nom>
          </sn>
        </sp>
      </grup.nom>
    </sn>
    <S arg="argM" clausetype="adverbial" func="cc" tem="cau">
      <conj conjunctiontype="subordinating">
        <c lem="ja_que" pos="cs" postype="subordinating" wd="ja_que"/>
      </conj>
      <sn arg="arg1" entityref="nne" func="suj" tem="tem">
        <spec gen="m" num="p">
          <d gen="m" lem="dos" num="p" pos="dn0mp0" postype="numeral" wd="dos"/>
        </spec>
        <grup.nom gen="m" num="p">
          <n gen="m" lem="diputat" num="p" pos="ncmp000" postype="common" sense="16:07211532" wd="diputats"/>
          <sp>
            <prep>
              <s lem="de" pos="sps00" postype="preposition" wd="de"/>
            </prep>
            <sn coreftype="ident" entity="entity1" entityref="ne" ne="organization">
              <grup.nom>
                <n lem="CiU" ne="organization" pos="np0000o" postype="proper" sense="16:cs1" wd="CiU"/>
              </grup.nom>
            </sn>
          </sp>
        </grup.nom>
      </sn>
      <morfema.pronominal>
        <p gen="c" lem="ell" num="c" person="3" pos="p0300000" wd="s'"/>
      </morfema.pronominal>
      <grup.verb>
        <v lem="haver" mood="indicative" num="p" person="3" pos="vaip3p0" postype="auxiliary" tense="present" wd="han"/>
        <v gen="m" lem="endarrerir" lss="B11.unaccusative-motion" mood="participle" num="s" pos="vmp00sm" postype="main" wd="endarrerit"/>
      </grup.verb>
    </S>
    <f lem="." pos="fp" punct="period" wd="."/>
  </sentence>
  <sentence>
    <sn arg="arg1" coreftype="ident" entity="entity7" entityref="nne" func="suj" tem="tem">
      <spec gen="f" num="s">
        <d gen="f" lem="aquest" num="s" pos="dd0fs0" postype="demonstrative" wd="Aquesta"/>
      </spec>
      <grup.nom gen="f" num="s">
        <n gen="f" lem="situació" num="s" pos="ncfs000" postype="common" sense="16:10035141" wd="situació"/>
      </grup.nom>
    </sn>
    <grup.verb>
      <v lem="haver" mood="indicative" num="s" person="3" pos="vaip3s0" postype="auxiliary" tense="present" wd="ha"/>
      <v gen="m" lem="comportar" lss="C21.state-attributive" mood="participle" num="s" pos="vmp00sm" postype="main" wd="comportat"/>
    </grup.verb>
    <S arg="arg2" clausetype="completive" entity="entity10" func="cd" functype="quantitative" tem="atr">
      <conj conjunctiontype="subordinating">
        <c lem="que" pos="cs" postype="subordinating" wd="que"/>
      </conj>
      <sn arg="arg0" entityref="ne" func="suj" ne="organization" tem="agt">
        <spec gen="f" num="s">
          <d gen="f" lem="el" num="s" pos="da0fs0" postype="article" wd="la"/>
        </spec>
        <grup.nom gen="f" num="s">
          <n gen="f" lem="presidència" num="s" pos="ncfs000" postype="common" sense="16:00392749" wd="presidència"/>
          <sp>
            <prep>
              <s lem="de" pos="sps00" postype="preposition" wd="de"/>
            </prep>
            <sn coreftype="ident" entity="entity8" entityref="ne" ne="organization">
              <spec gen="f" num="s">
                <d gen="f" lem="el" num="s" pos="da0fs0" postype="article" wd="la"/>
              </spec>
              <grup.nom gen="f" num="s">
                <n lem="Comissió_de_Cultura" ne="organization" pos="np0000o" postype="proper" sense="16:cs1" wd="Comissió_de_Cultura"/>
              </grup.nom>
            </sn>
          </sp>
        </grup.nom>
      </sn>
      <grup.verb>
        <v lem="haver" mood="subjunctive" num="s" person="3" pos="vasp3s0" postype="auxiliary" tense="present" wd="hagi"/>
        <v gen="m" lem="aplicar" lss="A34.ditransitive-patient-theme" mood="participle" num="s" pos="vmp00sm" postype="main" wd="aplicat"/>
      </grup.verb>
      <sn arg="arg1" entityref="nne" func="cd" homophoricDD="yes" tem="pat">
        <spec gen="m" num="s">
          <d gen="m" lem="el" num="s" pos="da0ms0" postype="article" wd="el"/>
        </spec>
        <grup.nom gen="m" num="s">
          <n gen="m" lem="sistema" num="s" pos="ncms000" postype="common" sense="16:04536899" wd="sistema"/>
          <sp>
            <prep>
              <s contracted="yes" gen="m" lem="del" num="s" pos="spcms" postype="preposition" wd="del"/>
            </prep>
            <sn coreftype="ident" entity="entity9" entityref="nne" homophoricDD="yes">
              <grup.nom gen="m" num="s">
                <f lem="'" pos="fz" punct="mathsign" wd="'"/>
                <n gen="m" lem="vot" num="s" pos="ncms000" postype="common" sense="16:00119067" wd="vot"/>
                <S clausetype="participle" impersonal="yes">
                  <participi>
                    <a gen="m" lem="ponderat" num="s" pos="aq0msp" posfunction="participle" postype="qualificative" wd="ponderat"/>
                  </participi>
                </S>
                <f lem="'" pos="fz" punct="mathsign" wd="'"/>
              </grup.nom>
            </sn>
          </sp>
        </grup.nom>
      </sn>
    </S>
    <f lem="." pos="fp" punct="period" wd="."/>
  </sentence>
  <sentence>
    <sn arg="arg1" corefsubtype="token" coreftype="dx" entity="entity10" entityref="nne" func="suj" tem="tem">
      <grup.nom gen="m" num="s">
        <p gen="c" lem="això" num="s" pos="pd0ns000" postype="demonstrative" wd="Això"/>
      </grup.nom>
    </sn>
    <grup.verb>
      <v lem="significar" lss="C21.state-attributive" mood="indicative" num="s" person="3" pos="vmip3s0" postype="main" tense="present" wd="significa"/>
    </grup.verb>
    <S arg="arg2" clausetype="completive" entity="entity11" func="cd" functype="quantitative" tem="atr">
      <conj conjunctiontype="subordinating">
        <c lem="que" pos="cs" postype="subordinating" wd="que"/>
      </conj>
      <morfema.verbal func="pass">
        <p gen="c" lem="es" num="c" pos="p0000000" wd="s'"/>
      </morfema.verbal>
      <grup.verb>
        <v lem="haver" mood="indicative" num="s" person="3" pos="vaip3s0" postype="auxiliary" tense="present" wd="ha"/>
        <v gen="m" lem="aplicar" lss="B22.unaccusative-passive-transitive" mood="participle" num="s" pos="vmp00sm" postype="main" wd="aplicat"/>
      </grup.verb>
      <sn arg="arg1" entityref="nne" func="suj" homophoricDD="yes" tem="pat">
        <spec gen="f" num="s">
          <d gen="f" lem="el" num="s" pos="da0fs0" postype="article" wd="la"/>
        </spec>
        <grup.nom gen="f" num="s">
          <n gen="f" lem="projecció" num="s" pos="ncfs000" postype="common" sense="16:03177031" wd="projecció"/>
          <sp>
            <prep>
              <s lem="de" pos="sps00" postype="preposition" wd="de"/>
            </prep>
            <sn>
              <spec gen="f" num="s">
                <d gen="f" lem="el" num="s" pos="da0fs0" postype="article" wd="la"/>
              </spec>
              <grup.nom gen="f" num="s">
                <n gen="f" lem="suma" num="s" pos="ncfs000" postype="common" sense="16:00560621" wd="suma"/>
              </grup.nom>
            </sn>
          </sp>
          <sp>
            <prep>
              <s lem="de" pos="sps00" postype="preposition" wd="de"/>
            </prep>
            <sn entityref="nne">
              <grup.nom gen="m" num="p">
                <n gen="m" lem="vot" num="p" pos="ncmp000" postype="common" sense="16:00119067" wd="vots"/>
                <S clausetype="participle" impersonal="yes">
                  <participi>
                    <a gen="m" lem="obtingut" lss="B22.unaccusative-passive-transitive" num="p" pos="aq0mpp" posfunction="participle" postype="qualificative" wd="obtinguts"/>
                  </participi>
                  <sp arg="argM" func="cc" tem="loc">
                    <prep>
                      <s lem="en" pos="sps00" postype="preposition" wd="en"/>
                    </prep>
                    <sn entity="entity13" entityref="nne" homophoricDD="yes">
                      <spec gen="f" num="p">
                        <d gen="f" lem="el" num="p" pos="da0fp0" postype="article" wd="les"/>
                      </spec>
                      <grup.nom gen="f" num="p">
                        <n gen="f" lem="elecció" num="p" pos="ncfp000" postype="common" sense="16:00118873" wd="eleccions"/>
                      </grup.nom>
                    </sn>
                  </sp>
                </S>
              </grup.nom>
            </sn>
          </sp>
        </grup.nom>
      </sn>
      <sn corefsubtype="token" coreftype="dx" entity="entity11" func="ao">
        <f lem="," pos="fc" punct="comma" wd=","/>
        <grup.nom gen="f" num="s">
          <n gen="f" lem="cosa" num="s" pos="ncfs000" postype="common" sense="16:05437110" wd="cosa"/>
          <S clausetype="relative">
            <relatiu arg="arg1" func="suj" tem="tem">
              <p gen="c" lem="que" num="c" pos="pr0cn000" postype="relative" wd="que"/>
            </relatiu>
            <grup.verb>
              <v lem="haver" mood="indicative" num="s" person="3" pos="vaip3s0" postype="auxiliary" tense="present" wd="ha"/>
              <v gen="m" lem="significar" lss="C21.state-attributive" mood="participle" num="s" pos="vmp00sm" postype="main" wd="significat"/>
            </grup.verb>
            <S arg="arg2" clausetype="completive" func="cd" functype="quantitative" tem="atr">
              <conj conjunctiontype="subordinating">
                <c lem="que" pos="cs" postype="subordinating" wd="que"/>
              </conj>
              <sn arg="arg1" coreftype="ident" entity="entity5" entityref="nne" func="suj" tem="tem">
                <spec gen="f" num="s">
                  <d gen="f" lem="el" num="s" pos="da0fs0" postype="article" wd="la"/>
                </spec>
                <grup.nom gen="f" num="s">
                  <n gen="f" lem="proposició" num="s" pos="ncfs000" postype="common" sense="16:05355937" wd="proposició"/>
                  <sp>
                    <neg adjunct="yes">
                      <r lem="no" pos="rn" postype="negative" wd="no"/>
                    </neg>
                    <sp>
                      <prep>
                        <s lem="de" pos="sps00" postype="preposition" wd="de"/>
                      </prep>
                      <sn>
                        <grup.nom gen="f" num="s">
                          <n gen="f" lem="llei" num="s" pos="ncfs000" postype="common" sense="16:04904589" wd="llei"/>
                        </grup.nom>
                      </sn>
                    </sp>
                  </sp>
                </grup.nom>
              </sn>
              <grup.verb>
                <v lem="haver" mood="subjunctive" num="s" person="3" pos="vasp3s0" postype="auxiliary" tense="present" wd="hagi"/>
                <v gen="m" lem="prosperar" lss="B21.unaccusative-state" mood="participle" num="s" pos="vmp00sm" postype="main" wd="prosperat"/>
              </grup.verb>
            </S>
          </S>
        </grup.nom>
      </sn>
    </S>
    <f lem="." pos="fp" punct="period" wd="."/>
  </sentence>
  <sentence>
    <sn arg="arg0" entity="entity12" entityref="ne" func="suj" ne="person" tem="agt">
      <spec gen="f" num="s">
        <d gen="f" lem="el" num="s" pos="da0fs0" postype="article" wd="La"/>
      </spec>
      <grup.nom gen="f" num="s">
        <n gen="f" lem="diputada" num="s" pos="ncfs000" postype="common" sense="16:07211532" wd="diputada"/>
        <s.a gen="f" num="s">
          <grup.a gen="f" num="s">
            <a gen="c" lem="socialista" num="s" pos="aq0cs0" postype="qualificative" wd="socialista"/>
          </grup.a>
        </s.a>
        <sn corefsubtype="definit" coreftype="pred" entity="entity12" entityref="ne" ne="person">
          <grup.nom gen="f" num="s">
            <f lem="," pos="fc" punct="comma" wd=","/>
            <n lem="Assumpta_Baig" ne="person" pos="np0000p" postype="proper" sense="16:cs1" wd="Assumpta_Baig"/>
            <f lem="," pos="fc" punct="comma" wd=","/>
          </grup.nom>
        </sn>
      </grup.nom>
    </sn>
    <grup.verb>
      <v lem="haver" mood="indicative" num="s" person="3" pos="vaip3s0" postype="auxiliary" tense="present" wd="ha"/>
      <v gen="m" lem="assenyalar" lss="A21.transitive-agentive-patient" mood="participle" num="s" pos="vmp00sm" postype="main" wd="assenyalat"/>
    </grup.verb>
    <S arg="arg1" clausetype="completive" func="cd" tem="pat">
      <conj conjunctiontype="subordinating">
        <c lem="que" pos="cs" postype="subordinating" wd="que"/>
      </conj>
      <sn arg="arg0" coreftype="ident" entity="entity7" entityref="nne" func="suj" homophoricDD="yes" tem="agt">
        <spec gen="m" num="s">
          <d gen="m" lem="el" num="s" pos="da0ms0" postype="article" wd="el"/>
        </spec>
        <grup.nom gen="m" num="s">
          <n gen="m" lem="resultat" num="s" pos="ncms000" postype="common" sense="16:09768132" wd="resultat"/>
          <sp>
            <prep>
              <s lem="de" pos="sps00" postype="preposition" wd="d'"/>
            </prep>
            <sn coreftype="ident" entity="entity3" entityref="nne">
              <spec gen="f" num="s">
                <d gen="f" lem="aquest" num="s" pos="dd0fs0" postype="demonstrative" wd="aquesta"/>
              </spec>
              <grup.nom gen="f" num="s">
                <n gen="f" lem="votació" num="s" pos="ncfs000" postype="common" sense="16:00120305" wd="votació"/>
              </grup.nom>
            </sn>
          </sp>
        </grup.nom>
      </sn>
      <f lem="'" pos="fz" punct="mathsign" wd="'"/>
      <grup.verb>
        <v lem="expressar" lss="A32.ditransitive-patient-benefactive" mood="indicative" num="s" person="3" pos="vmip3s0" postype="main" tense="present" wd="expressa"/>
      </grup.verb>
      <sn arg="arg1" entityref="nne" func="cd" homophoricDD="yes" tem="pat">
        <spec gen="f" num="s">
          <d gen="f" lem="el" num="s" pos="da0fs0" postype="article" wd="la"/>
        </spec>
        <grup.nom gen="f" num="s">
          <n gen="f" lem="voluntat" num="s" pos="ncfs000" postype="common" sense="16:04589152" wd="voluntat"/>
          <s.a gen="f" num="s">
            <grup.a gen="f" num="s">
              <a gen="c" lem="popular" num="s" pos="aq0cs0" postype="qualificative" wd="popular"/>
            </grup.a>
          </s.a>
        </grup.nom>
      </sn>
      <f lem="'" pos="fz" punct="mathsign" wd="'"/>
      <sp arg="argM" func="cc" tem="loc">
        <prep>
          <s lem="en" pos="sps00" postype="preposition" wd="en"/>
        </prep>
        <sn coreftype="ident" entity="entity13" entityref="nne" homophoricDD="yes">
          <spec gen="f" num="p">
            <d gen="f" lem="el" num="p" pos="da0fp0" postype="article" wd="les"/>
          </spec>
          <grup.nom gen="f" num="p">
            <s.a gen="f" num="p">
              <grup.a gen="f" num="p">
                <a gen="f" lem="darrer" num="p" pos="ao0fp0" postype="ordinal" wd="darreres"/>
              </grup.a>
            </s.a>
            <n gen="f" lem="elecció" num="p" pos="ncfp000" postype="common" sense="16:00118873" wd="eleccions"/>
          </grup.nom>
        </sn>
      </sp>
    </S>
    <f lem="." pos="fp" punct="period" wd="."/>
  </sentence>
  <sentence>
    <sn arg="arg1" entityref="lex" func="suj" tem="tem">
      <grup.nom gen="f" num="s">
        <p gen="f" lem="aquest" num="s" pos="pd0fs000" postype="demonstrative" wd="Aquesta"/>
      </grup.nom>
    </sn>
    <grup.verb>
      <v lem="ser" lss="C21.state-attributive" mood="indicative" num="s" person="3" pos="vsip3s0" postype="semiauxiliary" tense="present" wd="és"/>
    </grup.verb>
    <sn arg="arg2" func="atr" tem="atr">
      <spec gen="f" num="s">
        <d gen="f" lem="el" num="s" pos="da0fs0" postype="article" wd="la"/>
      </spec>
      <grup.nom gen="f" num="s">
        <s.a gen="f" num="s">
          <grup.a gen="f" num="s">
            <a gen="f" lem="primer" num="s" pos="ao0fs0" postype="ordinal" wd="primera"/>
          </grup.a>
        </s.a>
        <n gen="f" lem="vegada" num="s" pos="ncfs000" postype="common" sense="16:05449233" wd="vegada"/>
        <S clausetype="completive">
          <conj conjunctiontype="subordinating">
            <c lem="que" pos="cs" postype="subordinating" wd="que"/>
          </conj>
          <sn arg="arg0" coreftype="ident" entity="entity1" entityref="spec" func="suj" homophoricDD="yes" tem="agt">
            <spec gen="m" num="s">
              <d gen="m" lem="el" num="s" pos="da0ms0" postype="article" wd="el"/>
            </spec>
            <grup.nom gen="m" num="s">
              <n gen="m" lem="partit" num="s" pos="ncms000" postype="common" sense="16:06131180" wd="partit"/>
              <sp>
                <prep>
                  <s contracted="yes" gen="m" lem="del" num="s" pos="spcms" postype="preposition" wd="del"/>
                </prep>
                <sn entityref="nne" homophoricDD="yes">
                  <grup.nom gen="m" num="s">
                    <n gen="m" lem="govern" num="s" pos="ncms000" postype="common" sense="16:06000383" wd="govern"/>
                  </grup.nom>
                </sn>
              </sp>
            </grup.nom>
          </sn>
          <grup.verb>
            <v lem="perdre" lss="A21.transitive-agentive-patient" mood="indicative" num="s" person="3" pos="vmip3s0" postype="main" tense="present" wd="perd"/>
          </grup.verb>
          <sn arg="arg1" entityref="nne" func="cd" tem="pat">
            <spec gen="f" num="s">
              <d gen="f" lem="un" num="s" pos="di0fs0" postype="indefinite" wd="una"/>
            </spec>
            <grup.nom gen="f" num="s">
              <n gen="f" lem="votació" num="s" pos="ncfs000" postype="common" sense="16:00120305" wd="votació"/>
            </grup.nom>
          </sn>
          <sp arg="argM" func="cc" tem="cau">
            <prep>
              <s lem="per" pos="sps00" postype="preposition" wd="per"/>
            </prep>
            <sn entityref="nne" homophoricDD="yes">
              <spec gen="f" num="s">
                <d gen="c" lem="el" num="s" pos="da0cs0" postype="article" wd="l'"/>
              </spec>
              <grup.nom gen="f" num="s">
                <n gen="f" lem="absència" num="s" pos="ncfs000" postype="common" sense="16:00801297" wd="absència"/>
                <sp>
                  <prep>
                    <s lem="de" pos="sps00" postype="preposition" wd="d'"/>
                  </prep>
                  <sn entityref="nne">
                    <grup.nom gen="m" num="s">
                      <p gen="m" lem="un" num="s" pos="pi0ms000" postype="indefinite" wd="un"/>
                      <sp>
                        <prep>
                          <s contracted="yes" gen="m" lem="del" num="p" pos="spcmp" postype="preposition" wd="dels"/>
                        </prep>
                        <sn entityref="nne">
                          <spec gen="m" num="p">
                            <d coreftype="ident" entity="entity1" entityref="spec" gen="m" lem="seu" num="p" person="3" pos="dp3mp0" postype="possessive" wd="seus"/>
                          </spec>
                          <grup.nom gen="m" num="p">
                            <n gen="m" lem="diputat" num="p" pos="ncmp000" postype="common" sense="16:07211532" wd="diputats"/>
                          </grup.nom>
                        </sn>
                      </sp>
                    </grup.nom>
                  </sn>
                </sp>
              </grup.nom>
            </sn>
          </sp>
          <sp arg="argM" func="cc" tem="cau">
            <prep>
              <s lem="a_causa_de" pos="sps00" postype="preposition" wd="a_causa_de"/>
            </prep>
            <sn coreftype="ident" entity="entity7" entityref="nne" homophoricDD="yes">
              <spec gen="m" num="s">
                <d gen="c" lem="el" num="s" pos="da0cs0" postype="article" wd="l'"/>
              </spec>
              <grup.nom gen="m" num="s">
                <S clausetype="participle" impersonal="yes">
                  <participi>
                    <a gen="m" lem="ajustat" num="s" pos="aq0msp" posfunction="participle" postype="qualificative" wd="ajustat"/>
                  </participi>
                </S>
                <n gen="m" lem="equilibri" num="s" pos="ncms000" postype="common" sense="16:10041089" wd="equilibri"/>
                <sp>
                  <prep>
                    <s lem="de" pos="sps00" postype="preposition" wd="de"/>
                  </prep>
                  <sn>
                    <grup.nom gen="f" num="p">
                      <n gen="f" lem="força" num="p" pos="ncfp000" postype="common" sense="16:04044314" wd="forces"/>
                    </grup.nom>
                  </sn>
                </sp>
                <sp>
                  <prep>
                    <s lem="entre" pos="sps00" postype="preposition" wd="entre"/>
                  </prep>
                  <sn complex="yes" coreftype="ident" entity="entity6" entityref="nne">
                    <grup.nom coord="yes">
                      <grup.nom coord="yes" coreftype="ident" entity="entity23">
                        <grup.nom coord="yes">
                          <grup.nom coreftype="ident" entity="entity1">
                            <n lem="CiU" ne="organization" pos="np0000o" postype="proper" sense="16:cs1" wd="CiU"/>
                          </grup.nom>
                          <conj conjunctiontype="coordinating">
                            <c lem="i" pos="cc" postype="coordinating" wd="i"/>
                          </conj>
                          <grup.nom coreftype="ident" entity="entity22">
                            <n lem="PP" ne="organization" pos="np0000o" postype="proper" sense="16:50001207" wd="PP"/>
                          </grup.nom>
                        </grup.nom>
                        <sp adjunct="yes">
                          <f lem="," pos="fc" punct="comma" wd=","/>
                          <prep>
                            <s lem="per" pos="sps00" postype="preposition" wd="per"/>
                          </prep>
                          <sn entityref="lex">
                            <spec gen="f" num="s">
                              <d gen="f" lem="un" num="s" pos="di0fs0" postype="indefinite" wd="una"/>
                            </spec>
                            <grup.nom gen="f" num="s">
                              <n gen="f" lem="banda" num="s" pos="ncfs000" postype="common" sense="16:04505974" wd="banda"/>
                            </grup.nom>
                          </sn>
                          <f lem="," pos="fc" punct="comma" wd=","/>
                        </sp>
                      </grup.nom>
                      <conj conjunctiontype="coordinating">
                        <c lem="i" pos="cc" postype="coordinating" wd="i"/>
                      </conj>
                      <grup.nom coord="yes" coreftype="ident" entity="entity16">
                        <grup.nom coreftype="ident" entity="entity4">
                          <n lem="PSC-CpC" ne="organization" pos="np0000o" postype="proper" sense="16:cs1" wd="PSC-CpC"/>
                        </grup.nom>
                        <f lem="," pos="fc" punct="comma" wd=","/>
                        <grup.nom coreftype="ident" entity="entity17">
                          <n lem="ERC" ne="organization" pos="np0000o" postype="proper" sense="16:50001212" wd="ERC"/>
                        </grup.nom>
                        <conj conjunctiontype="coordinating">
                          <c lem="i" pos="cc" postype="coordinating" wd="i"/>
                        </conj>
                        <grup.nom coreftype="ident" entity="entity24">
                          <n lem="IC-V" ne="organization" pos="np0000o" postype="proper" sense="16:cs1" wd="IC-V"/>
                        </grup.nom>
                      </grup.nom>
                    </grup.nom>
                  </sn>
                </sp>
              </grup.nom>
            </sn>
          </sp>
        </S>
      </grup.nom>
    </sn>
    <f lem="." pos="fp" punct="period" wd="."/>
  </sentence>
  <sentence verbless="yes">
    <sn coreftype="ident" entity="entity7" entityref="nne">
      <spec gen="f" num="s">
        <d gen="f" lem="un" num="s" pos="di0fs0" postype="indefinite" wd="Una"/>
      </spec>
      <grup.nom gen="f" num="s">
        <n gen="f" lem="circumstància" num="s" pos="ncfs000" postype="common" sense="16:10046803" wd="circumstància"/>
        <S clausetype="relative">
          <relatiu arg="arg1" coreftype="ident" entity="entity7" entityref="nne" func="suj" tem="pat">
            <p gen="c" lem="que" num="c" pos="pr0cn000" postype="relative" wd="que"/>
          </relatiu>
          <morfema.verbal func="pass">
            <p gen="c" lem="es" num="c" pos="p0000000" wd="es"/>
          </morfema.verbal>
          <grup.verb>
            <v lem="poder" mood="indicative" num="s" person="3" pos="vmic3s0" postype="main" tense="conditional" wd="podria"/>
            <infinitiu>
              <v lem="reproduir" lss="B22.unaccusative-passive-transitive" mood="infinitive" pos="vmn0000" postype="main" wd="reproduir"/>
            </infinitiu>
          </grup.verb>
          <sp arg="argM" func="cc" tem="loc">
            <prep>
              <s lem="en" pos="sps00" postype="preposition" wd="en"/>
            </prep>
            <sn entityref="nne" homophoricDD="yes">
              <spec gen="m" num="s">
                <d gen="m" lem="el" num="s" pos="da0ms0" postype="article" wd="el"/>
              </spec>
              <grup.nom gen="m" num="s">
                <n gen="m" lem="ple" num="s" pos="ncms000" postype="common" sense="16:cs1" wd="ple"/>
              </grup.nom>
            </sn>
          </sp>
          <S arg="argM" clausetype="adverbial" coord="yes" func="cc" tem="cau">
            <conj conjunctiontype="subordinating">
              <c lem="atès_que" pos="cs" postype="subordinating" wd="atès_que"/>
            </conj>
            <S clausetype="adverbial">
              <sn arg="arg1" entity="entity19" entityref="ne" func="suj" ne="person" tem="tem">
                <spec gen="f" num="s">
                  <d gen="f" lem="el" num="s" pos="da0fs0" postype="article" wd="la"/>
                </spec>
                <grup.nom gen="f" num="s">
                  <n gen="f" lem="diputada" num="s" pos="ncfs000" postype="common" sense="16:07211532" wd="diputada"/>
                  <sp>
                    <prep>
                      <s lem="de" pos="sps00" postype="preposition" wd="de"/>
                    </prep>
                    <sn coreftype="ident" entity="entity1" entityref="ne" ne="organization">
                      <grup.nom>
                        <n lem="CiU" ne="organization" pos="np0000o" postype="proper" sense="16:cs1" wd="CiU"/>
                      </grup.nom>
                    </sn>
                  </sp>
                  <sn corefsubtype="definit" coreftype="pred" entity="entity19" entityref="ne" ne="person">
                    <grup.nom gen="f" num="s">
                      <f lem="," pos="fc" punct="comma" wd=","/>
                      <n lem="Flora_Sanabra" ne="person" pos="np0000p" postype="proper" sense="16:cs1" wd="Flora_Sanabra"/>
                      <f lem="," pos="fc" punct="comma" wd=","/>
                    </grup.nom>
                  </sn>
                </grup.nom>
              </sn>
              <grup.verb>
                <v lem="estar" lss="C21.state-attributive" mood="indicative" num="s" person="3" pos="vmip3s0" postype="main" tense="present" wd="està"/>
              </grup.verb>
              <sa arg="arg2" func="atr" tem="atr">
                <grup.a>
                  <a gen="c" lem="convalescent" num="s" pos="aq0cs0" postype="qualificative" wd="convalescent"/>
                  <sp>
                    <prep>
                      <s lem="de" pos="sps00" postype="preposition" wd="d'"/>
                    </prep>
                    <sn entityref="nne">
                      <spec gen="m" num="s">
                        <d gen="m" lem="un" num="s" pos="di0ms0" postype="indefinite" wd="un"/>
                      </spec>
                      <grup.nom gen="m" num="s">
                        <n gen="m" lem="accident" num="s" pos="ncms000" postype="common" sense="16:05443572" wd="accident"/>
                        <sp>
                          <prep>
                            <s lem="de" pos="sps00" postype="preposition" wd="de"/>
                          </prep>
                          <sn>
                            <grup.nom gen="m" num="s">
                              <n gen="m" lem="trànsit" num="s" pos="ncms000" postype="common" sense="16:06231214" wd="trànsit"/>
                            </grup.nom>
                          </sn>
                        </sp>
                      </grup.nom>
                    </sn>
                  </sp>
                </grup.a>
              </sa>
            </S>
            <conj conjunctiontype="coordinating">
              <c lem="i" pos="cc" postype="coordinating" wd="i"/>
            </conj>
            <S clausetype="adverbial">
              <sn arg="arg0" coreftype="ident" elliptic="yes" entity="entity19" entityref="spec" func="suj" tem="agt"/>
              <grup.verb>
                <v lem="trigar" lss="A23.transitive-agentive-extension" mood="indicative" num="s" person="3" pos="vmif3s0" postype="main" tense="future" wd="trigarà"/>
              </grup.verb>
              <sn arg="arg1" func="cd" functype="quantitative" tem="ext">
                <spec gen="f" num="p">
                  <d gen="f" lem="divers" num="p" pos="di0fp0" postype="indefinite" wd="diverses"/>
                </spec>
                <grup.nom gen="f" num="p">
                  <n gen="f" lem="setmana" num="p" pos="ncfp000" postype="common" sense="16:10862128" wd="setmanes"/>
                </grup.nom>
              </sn>
              <sp arg="arg2" func="creg" tem="tem">
                <prep>
                  <s lem="a" pos="sps00" postype="preposition" wd="a"/>
                </prep>
                <S clausetype="completive" impersonal="yes">
                  <infinitiu>
                    <v lem="reincorporar" lss="A22.transitive-agentive-theme" mood="infinitive" pos="vmn0000" postype="main" wd="reincorporar"/>
                  </infinitiu>
                  <morfema.pronominal>
                    <p gen="c" lem="ell" num="c" person="3" pos="p0300000" wd="-se"/>
                  </morfema.pronominal>
                  <sp arg="arg1" func="creg" tem="tem">
                    <prep>
                      <s lem="a" pos="sps00" postype="preposition" wd="a"/>
                    </prep>
                    <sn entityref="nne" homophoricDD="yes">
                      <spec gen="f" num="s">
                        <d gen="c" lem="el" num="s" pos="da0cs0" postype="article" wd="l'"/>
                      </spec>
                      <grup.nom gen="f" num="s">
                        <n gen="f" lem="activitat" num="s" pos="ncfs000" postype="common" sense="16:03655835" wd="activitat"/>
                        <s.a gen="f" num="s">
                          <grup.a gen="f" num="s">
                            <a gen="f" lem="polític" num="s" pos="aq0fs0" postype="qualificative" wd="política"/>
                          </grup.a>
                        </s.a>
                      </grup.nom>
                    </sn>
                  </sp>
                </S>
              </sp>
            </S>
          </S>
        </S>
      </grup.nom>
    </sn>
    <f lem="." pos="fp" punct="period" wd="."/>
  </sentence>
  <sentence>
    <sp arg="argM" func="cc" tem="loc">
      <prep>
        <s lem="en" pos="sps00" postype="preposition" wd="En"/>
      </prep>
      <sn entityref="nne" homophoricDD="yes">
        <spec gen="m" num="s">
          <d gen="m" lem="el" num="s" pos="da0ms0" postype="article" wd="el"/>
        </spec>
        <grup.nom gen="m" num="s">
          <s.a gen="m" num="s">
            <grup.a gen="m" num="s">
              <a gen="m" lem="darrer" num="s" pos="ao0ms0" postype="ordinal" wd="darrer"/>
            </grup.a>
          </s.a>
          <n gen="m" lem="ple" num="s" pos="ncms000" postype="common" sense="16:cs1" wd="ple"/>
        </grup.nom>
      </sn>
    </sp>
    <neg func="mod">
      <r lem="no" pos="rn" postype="negative" wd="no"/>
    </neg>
    <morfema.verbal func="pass">
      <p gen="c" lem="es" num="c" pos="p0000000" wd="es"/>
    </morfema.verbal>
    <grup.verb>
      <v lem="anar" mood="indicative" num="s" person="3" pos="vaip3s0" postype="auxiliary" tense="present" wd="va"/>
      <v lem="donar" lss="B12.unaccusative-passive-ditransitive" mood="infinitive" pos="vmn0000" postype="main" wd="donar"/>
    </grup.verb>
    <sn arg="arg1" coreftype="ident" entity="entity7" entityref="nne" func="suj" tem="pat">
      <spec gen="f" num="s">
        <d gen="f" lem="aquest" num="s" pos="dd0fs0" postype="demonstrative" wd="aquesta"/>
      </spec>
      <grup.nom gen="f" num="s">
        <n gen="f" lem="situació" num="s" pos="ncfs000" postype="common" sense="16:10035141" wd="situació"/>
      </grup.nom>
    </sn>
    <S arg="argM" clausetype="adverbial" func="cc" tem="cau">
      <conj conjunctiontype="subordinating">
        <c lem="perquè" pos="cs" postype="subordinating" wd="perquè"/>
      </conj>
      <sn arg="arg1" entity="entity20" entityref="ne" func="suj" ne="person" tem="tem">
        <spec gen="f" num="s">
          <d gen="f" lem="el" num="s" pos="da0fs0" postype="article" wd="la"/>
        </spec>
        <grup.nom gen="f" num="s">
          <n gen="f" lem="diputada" num="s" pos="ncfs000" postype="common" sense="16:07211532" wd="diputada"/>
          <sp>
            <prep>
              <s lem="de" pos="sps00" postype="preposition" wd="d'"/>
            </prep>
            <sn coreftype="ident" entity="entity17" entityref="ne" ne="organization">
              <grup.nom>
                <n lem="ERC" ne="organization" pos="np0000o" postype="proper" sense="16:50001212" wd="ERC"/>
              </grup.nom>
            </sn>
          </sp>
          <sn corefsubtype="definit" coreftype="pred" entity="entity20" entityref="ne" ne="person">
            <grup.nom>
              <f lem="," pos="fc" punct="comma" wd=","/>
              <n lem="Carme_Porta" ne="person" pos="np0000p" postype="proper" sense="16:cs1" wd="Carme_Porta"/>
              <f lem="," pos="fc" punct="comma" wd=","/>
            </grup.nom>
          </sn>
        </grup.nom>
      </sn>
      <grup.verb>
        <v lem="ser" lss="C11.state-existential" mood="indicative" num="s" person="3" pos="vsii3s0" postype="semiauxiliary" tense="imperfect" wd="era"/>
      </grup.verb>
      <sp arg="arg2" func="creg" tem="loc">
        <prep>
          <s lem="de" pos="sps00" postype="preposition" wd="de"/>
        </prep>
        <sn>
          <grup.nom gen="m" num="s">
            <n gen="m" lem="viatge" num="s" pos="ncms000" postype="common" sense="16:00202833" wd="viatge"/>
          </grup.nom>
        </sn>
      </sp>
    </S>
    <f lem="." pos="fp" punct="period" wd="."/>
  </sentence>
</article>
