<?xml version="1.0" encoding="UTF-8"?>
<!-- 

  ancora-2.0
       
			Copyright (C) 2007, 2008, 2009, 2010, 2011 UB - CLiC
			Centre de Llenguatge i Computació - Universitat de Barcelona
 
  This file is part of ancora-2.0.
 
  ancora-2.0 is free software and data: you can redistribute it and/or modify
  it under the terms of the GNU General Public License as published
  by the Free Software Foundation, either version 3 of the License,
  or (at your option) any later version.

  ancora-2.0 is distributed in the hope that it will be useful,
  but WITHOUT ANY WARRANTY; without even the implied warranty of
  MERCHANTABILITY or FITNESS FOR A PARTICULAR PURPOSE.  See the
  GNU General Public License for more details.
 
  You should have received a copy of the GNU General Public License
  along with ancora-2.0.  If not, see &lt;http://www.gnu.org/licenses/&gt;.
 
  Check a text in catalan explaining the terms of the license at http://www.softcatala.cat/wiki/GPL3.
  In spanish at http://www.viti.es/gnu/licenses/gpl.html
 

  The following paper must be cited when using this corpus:

 * Taulé, M., M.A. Martí, M. Recasens (2008) 'Ancora: Multilevel Annotated Corpora for Catalan and Spanish',
   Proceedings of 6th International Conference on Language Resources and Evaluation. Marrakesh (Morocco).

  In addition, the following paper must be cited if coreference information (attributes entity, coreftype,
  corefsubtype, homophoricDD or entityref) is used:

 * Recasens, Marta, M. Antònia Martí (2010) ‘AnCora-CO: Coreferentially annotated corpora for Spanish and
   Catalan’. Language Resources and Evaluation, Springer Science.

  Additionally, the following paper must be cited when argumental attributes in "sn" or "grup.nom"
  (attributes func, arg, tem or lexicalid) are used:

 * Peris, Aina, Mariona Taulé, Horacio Rodríguez (2010) ‘Semantic Annotation of Deverbal Nominalizations in the
   Spanish AnCora corpus’. Treebanks and Linguistic Theories (TLT-2010), Estonia.
-->
<article lng="ca">
  <sentence>
    <sp arg="argM" func="cc" tem="loc">
      <prep>
        <s contracted="yes" gen="m" lem="al" num="s" pos="spcms" postype="preposition" wd="Al"/>
      </prep>
      <sn entity="entity7" entityref="ne" ne="location">
        <grup.nom gen="m" num="s">
          <n gen="m" lem="camp" num="s" pos="ncms000" postype="common" sense="16:02510690" wd="camp"/>
          <sp>
            <prep>
              <s lem="de" pos="sps00" postype="preposition" wd="de"/>
            </prep>
            <sn entity="entity3" entityref="ne" ne="organization">
              <spec gen="m" num="s">
                <d gen="c" lem="el" num="s" pos="da0cs0" postype="article" wd="l'"/>
              </spec>
              <grup.nom gen="m" num="s">
                <n lem="Elx_B" ne="organization" pos="np0000o" postype="proper" sense="16:cs1" wd="Elx_B"/>
              </grup.nom>
            </sn>
          </sp>
        </grup.nom>
      </sn>
    </sp>
    <morfema.verbal func="pass">
      <p gen="c" lem="es" num="c" pos="p0000000" wd="es"/>
    </morfema.verbal>
    <grup.verb>
      <v lem="anar" mood="indicative" num="s" person="3" pos="vaip3s0" postype="auxiliary" tense="present" wd="va"/>
      <v lem="viure" lss="C21.state-attributive" mood="infinitive" pos="vmn0000" postype="main" wd="viure"/>
    </grup.verb>
    <sadv arg="argM" func="cc" tem="tmp">
      <grup.adv>
        <r lem="ahir" pos="rg" wd="ahir"/>
      </grup.adv>
    </sadv>
    <sn arg="arg1" entityref="nne" func="suj" homophoricDD="yes" tem="pat">
      <spec gen="f" num="s">
        <d gen="c" lem="el" num="s" pos="da0cs0" postype="article" wd="l'"/>
      </spec>
      <grup.nom gen="f" num="s">
        <n gen="f" lem="alegria" num="s" pos="ncfs000" postype="common" sense="16:05596105" wd="alegria"/>
        <sp>
          <prep>
            <s lem="de" pos="sps00" postype="preposition" wd="de"/>
          </prep>
          <sn entity="entity1" entityref="spec">
            <spec gen="m" num="s">
              <d gen="c" lem="el" num="s" pos="da0cs0" postype="article" wd="l'"/>
            </spec>
            <grup.nom gen="m" num="s">
              <s.a gen="m" num="s">
                <grup.a gen="m" num="s">
                  <a gen="m" lem="únic" num="s" pos="aq0ms0" postype="qualificative" wd="únic"/>
                </grup.a>
              </s.a>
              <n gen="m" lem="equip" num="s" pos="ncms000" postype="common" sense="16:06093198" wd="equip"/>
              <s.a gen="m" num="s">
                <grup.a gen="m" num="s">
                  <a gen="m" lem="català" num="s" pos="aq0ms0" postype="qualificative" wd="català"/>
                </grup.a>
              </s.a>
              <S clausetype="relative">
                <relatiu arg="arg0" coreftype="ident" entity="entity1" entityref="spec" func="suj" tem="agt">
                  <p gen="c" lem="que" num="c" pos="pr0cn000" postype="relative" wd="que"/>
                </relatiu>
                <grup.verb>
                  <v lem="anar" mood="indicative" num="s" person="3" pos="vaip3s0" postype="auxiliary" tense="present" wd="va"/>
                  <v lem="aconseguir" lss="A21.transitive-agentive-patient" mood="infinitive" pos="vmn0000" postype="main" wd="aconseguir"/>
                </grup.verb>
                <sn arg="arg1" entity="entity6" entityref="nne" func="cd" homophoricDD="yes" tem="pat">
                  <spec gen="m" num="s">
                    <d gen="c" lem="el" num="s" pos="da0cs0" postype="article" wd="l'"/>
                  </spec>
                  <grup.nom gen="m" num="s">
                    <n gen="m" lem="ascens" num="s" pos="ncms000" postype="common" sense="16:00209440" wd="ascens"/>
                    <sp>
                      <prep>
                        <s lem="a" pos="sps00" postype="preposition" wd="a"/>
                      </prep>
                      <sn entity="entity2" entityref="ne" ne="other">
                        <grup.nom>
                          <n lem="Segona_B" ne="other" pos="np0000a" postype="proper" sense="16:cs1" wd="Segona_B"/>
                        </grup.nom>
                      </sn>
                    </sp>
                  </grup.nom>
                </sn>
                <sp arg="argM" func="cc" tem="tmp">
                  <prep>
                    <s lem="en" pos="sps00" postype="preposition" wd="en"/>
                  </prep>
                  <sn entityref="nne" homophoricDD="yes">
                    <spec gen="f" num="s">
                      <d gen="c" lem="el" num="s" pos="da0cs0" postype="article" wd="l'"/>
                    </spec>
                    <grup.nom gen="f" num="s">
                      <s.a gen="f" num="s">
                        <grup.a gen="f" num="s">
                          <a gen="f" lem="últim" num="s" pos="ao0fs0" postype="ordinal" wd="última"/>
                        </grup.a>
                      </s.a>
                      <n gen="f" lem="jornada" num="s" pos="ncfs000" postype="common" sense="16:cs1" wd="jornada"/>
                      <sp>
                        <prep>
                          <s lem="de" pos="sps00" postype="preposition" wd="de"/>
                        </prep>
                        <sn entityref="nne" homophoricDD="yes">
                          <spec gen="f" num="s">
                            <d gen="f" lem="el" num="s" pos="da0fs0" postype="article" wd="la"/>
                          </spec>
                          <grup.nom gen="f" num="s">
                            <n gen="f" lem="lligueta" num="s" pos="ncfs000" postype="common" sense="16:cs1" wd="lligueta"/>
                          </grup.nom>
                        </sn>
                      </sp>
                    </grup.nom>
                  </sn>
                </sp>
              </S>
            </grup.nom>
          </sn>
        </sp>
      </grup.nom>
    </sn>
    <f lem="." pos="fp" punct="period" wd="."/>
  </sentence>
  <sentence coord="yes">
    <S>
      <sn arg="arg1" coreftype="ident" entity="entity1" entityref="ne" func="suj" ne="organization" tem="tem">
        <spec gen="m" num="s">
          <d gen="m" lem="el" num="s" pos="da0ms0" postype="article" wd="El"/>
        </spec>
        <grup.nom gen="m" num="s">
          <n lem="Premià" ne="location" pos="np0000l" postype="proper" sense="16:cs1" wd="Premià"/>
        </grup.nom>
      </sn>
      <grup.verb>
        <v lem="dependre" lss="C21.state-attributive" mood="indicative" num="s" person="3" pos="vmii3s0" postype="main" tense="imperfect" wd="depenia"/>
      </grup.verb>
      <sp arg="arg2" func="creg" tem="atr">
        <prep>
          <s lem="de" pos="sps00" postype="preposition" wd="de"/>
        </prep>
        <sn coreftype="ident" entity="entity1" entityref="spec">
          <grup.nom gen="m" num="s">
            <p case="oblique" gen="c" lem="ell" num="c" person="3" pos="pp3cno00" postype="personal" wd="si"/>
          </grup.nom>
          <spec gen="m" num="s">
            <d gen="m" lem="mateix" num="s" pos="di0ms0" postype="indefinite" wd="mateix"/>
          </spec>
        </sn>
      </sp>
      <sp arg="argM" func="cc" tem="fin">
        <prep>
          <s lem="per" pos="sps00" postype="preposition" wd="per"/>
        </prep>
        <S clausetype="completive" impersonal="yes">
          <infinitiu>
            <v lem="recuperar" lss="A21.transitive-agentive-patient" mood="infinitive" pos="vmn0000" postype="main" wd="recuperar"/>
          </infinitiu>
          <sn arg="arg1" coreftype="ident" entity="entity2" entityref="spec" func="cd" tem="pat">
            <spec gen="f" num="s">
              <d gen="f" lem="el" num="s" pos="da0fs0" postype="article" wd="la"/>
            </spec>
            <grup.nom gen="f" num="s">
              <n gen="f" lem="categoria" num="s" pos="ncfs000" postype="common" sense="16:04496335" wd="categoria"/>
              <S clausetype="relative">
                <relatiu arg="arg1" coreftype="ident" entity="entity2" entityref="spec" func="cd" tem="pat">
                  <p gen="c" lem="que" num="c" pos="pr0cn000" postype="relative" wd="que"/>
                </relatiu>
                <sn arg="arg0" coreftype="ident" elliptic="yes" entity="entity1" entityref="spec" func="suj" tem="agt"/>
                <grup.verb>
                  <v lem="anar" mood="indicative" num="s" person="3" pos="vaip3s0" postype="auxiliary" tense="present" wd="va"/>
                  <v lem="perdre" lss="A21.transitive-agentive-patient" mood="infinitive" pos="vmn0000" postype="main" wd="perdre"/>
                </grup.verb>
                <sn arg="argM" entityref="nne" func="cc" tem="tmp">
                  <v lem="fer" mood="indicative" num="s" person="3" pos="vmip3s0" postype="main" tense="present" wd="fa"/>
                  <d gen="c" lem="quatre" num="p" pos="dn0cp0" postype="numeral" wd="quatre"/>
                  <n gen="m" lem="any" num="p" pos="ncmp000" postype="common" sense="16:10917791" wd="anys"/>
                </sn>
              </S>
            </grup.nom>
          </sn>
        </S>
      </sp>
    </S>
    <conj conjunctiontype="coordinating">
      <c lem="i" pos="cc" postype="coordinating" wd="i"/>
    </conj>
    <S>
      <sn arg="arg0" coreftype="ident" elliptic="yes" entity="entity1" entityref="spec" func="suj" tem="agt"/>
      <neg func="mod">
        <r lem="no" pos="rn" postype="negative" wd="no"/>
      </neg>
      <grup.verb>
        <v lem="anar" mood="indicative" num="s" person="3" pos="vaip3s0" postype="auxiliary" tense="present" wd="va"/>
        <v lem="fallar" lss="A21.transitive-agentive-patient" mood="infinitive" pos="vmn0000" postype="main" wd="fallar"/>
      </grup.verb>
      <sp arg="argM" func="cc" tem="adv">
        <prep>
          <s lem="contra" pos="sps00" postype="preposition" wd="contra"/>
        </prep>
        <sn>
          <sn coreftype="ident" entity="entity3" entityref="spec">
            <spec gen="m" num="s">
              <d gen="m" lem="el" num="s" pos="da0ms0" postype="article" wd="el"/>
            </spec>
            <grup.nom gen="m" num="s">
              <n gen="m" lem="filial" num="s" pos="ncms000" postype="common" sense="16:cs1" wd="filial"/>
              <s.a gen="m" num="s">
                <grup.a gen="m" num="s">
                  <a gen="m" lem="il·licità" num="s" pos="aq0ms0" postype="qualificative" wd="il·licità"/>
                </grup.a>
              </s.a>
            </grup.nom>
          </sn>
          <sn adjunct="yes" entity="entity12" entityref="ne" ne="number">
            <grup.nom>
              <f lem="(" pos="fpa" punct="bracket" punctenclose="open" wd="("/>
              <z lem="1-4" ne="number" wd="1-4"/>
              <f lem=")" pos="fpt" punct="bracket" punctenclose="close" wd=")"/>
            </grup.nom>
          </sn>
        </sn>
      </sp>
    </S>
    <f lem="." pos="fp" punct="period" wd="."/>
  </sentence>
  <sentence>
    <sp arg="arg2" func="ci" repetition="yes" tem="exp">
      <prep>
        <s contracted="yes" gen="m" lem="al" num="s" pos="spcms" postype="preposition" wd="Al"/>
      </prep>
      <sn entity="entity4" entityref="ne" ne="location">
        <grup.nom gen="m" num="s">
          <n lem="Manlleu" ne="location" pos="np0000l" postype="proper" sense="16:cs1" wd="Manlleu"/>
        </grup.nom>
      </sn>
    </sp>
    <sn arg="arg2" coreftype="ident" entity="entity4" entityref="spec" func="ci" repetition="yes" tem="exp">
      <grup.nom num="s">
        <p case="dative" gen="c" lem="ell" num="s" person="3" pos="pp3csd00" postype="personal" wd="li"/>
      </grup.nom>
    </sn>
    <grup.verb>
      <v lem="anar" mood="indicative" num="s" person="3" pos="vaip3s0" postype="auxiliary" tense="present" wd="va"/>
      <v lem="passar" lss="C42.state-experiencer" mood="infinitive" pos="vmn0000" postype="main" wd="passar"/>
    </grup.verb>
    <sn arg="arg1" entityref="nne" func="suj" tem="tem">
      <spec gen="m" num="s">
        <d gen="m" lem="tot" num="s" pos="di0ms0" postype="indefinite" wd="tot"/>
        <d gen="m" lem="el" num="s" pos="da0ms0" postype="article" wd="el"/>
      </spec>
      <grup.nom gen="m" num="s">
        <s.a gen="m" num="s">
          <grup.a gen="m" num="s">
            <a gen="m" lem="contrari" num="s" pos="aq0ms0" postype="qualificative" wd="contrari"/>
          </grup.a>
        </s.a>
      </grup.nom>
    </sn>
    <sp arg="argM" func="cc" tem="loc">
      <prep>
        <s contracted="yes" gen="m" lem="al" num="s" pos="spcms" postype="preposition" wd="al"/>
      </prep>
      <sn entity="entity5" entityref="ne" ne="location">
        <grup.nom gen="m" num="s">
          <n gen="m" lem="camp" num="s" pos="ncms000" postype="common" sense="16:02510690" wd="camp"/>
          <sp>
            <prep>
              <s lem="de" pos="sps00" postype="preposition" wd="de"/>
            </prep>
            <sn entity="entity14" entityref="ne" ne="organization">
              <spec gen="m" num="s">
                <d gen="c" lem="el" num="s" pos="da0cs0" postype="article" wd="l'"/>
              </spec>
              <grup.nom gen="m" num="s">
                <n lem="Alcoià" ne="organization" pos="np0000o" postype="proper" sense="16:cs1" wd="Alcoià"/>
              </grup.nom>
            </sn>
          </sp>
          <S clausetype="relative">
            <f lem="," pos="fc" punct="comma" wd=","/>
            <relatiu arg="argM" coreftype="ident" entity="entity5" entityref="spec" func="cc" tem="loc">
              <p lem="on" pos="pr000000" postype="relative" wd="on"/>
            </relatiu>
            <sn arg="arg1" coreftype="ident" entity="entity4" entityref="spec" func="suj" tem="tem">
              <spec gen="m" num="s">
                <d gen="c" lem="el" num="s" pos="da0cs0" postype="article" wd="l'"/>
              </spec>
              <grup.nom gen="m" num="s">
                <n gen="m" lem="equip" num="s" pos="ncms000" postype="common" sense="16:06093198" wd="equip"/>
                <s.a gen="m" num="s">
                  <grup.a gen="m" num="s">
                    <a gen="m" lem="osonenc" num="s" pos="aq0ms0" postype="qualificative" wd="osonenc"/>
                  </grup.a>
                </s.a>
              </grup.nom>
            </sn>
            <grup.verb>
              <v lem="anar" mood="indicative" num="s" person="3" pos="vaip3s0" postype="auxiliary" tense="present" wd="va"/>
              <v lem="baixar" lss="B21.unaccusative-state" mood="infinitive" pos="vmn0000" postype="main" wd="baixar"/>
            </grup.verb>
            <sp arg="arg3" func="cc" tem="ori">
              <prep>
                <s contracted="yes" gen="m" lem="del" num="s" pos="spcms" postype="preposition" wd="del"/>
              </prep>
              <sn entityref="lex">
                <grup.nom gen="m" num="s">
                  <n gen="m" lem="tren" num="s" pos="ncms000" postype="common" sense="16:03528724" wd="tren"/>
                  <sp>
                    <prep>
                      <s lem="de" pos="sps00" postype="preposition" wd="de"/>
                    </prep>
                    <sn coreftype="ident" entity="entity2" entityref="ne" ne="other">
                      <spec gen="f" num="s">
                        <d gen="f" lem="el" num="s" pos="da0fs0" postype="article" wd="la"/>
                      </spec>
                      <grup.nom gen="f" num="s">
                        <n lem="Segona_B" ne="other" pos="np0000a" postype="proper" sense="16:cs1" wd="Segona_B"/>
                      </grup.nom>
                    </sn>
                  </sp>
                </grup.nom>
              </sn>
            </sp>
          </S>
        </grup.nom>
      </sn>
    </sp>
    <f lem="." pos="fp" punct="period" wd="."/>
  </sentence>
  <sentence coord="yes">
    <S>
      <sn arg="arg1" coreftype="ident" entity="entity4" entityref="spec" func="suj" tem="tem">
        <grup.nom gen="m" num="s">
          <p gen="m" lem="ell" num="s" person="3" pos="pp3ms000" postype="personal" wd="Ell"/>
        </grup.nom>
      </sn>
      <sadv func="mod">
        <grup.adv>
          <r lem="també" pos="rg" wd="també"/>
        </grup.adv>
      </sadv>
      <grup.verb>
        <v lem="dependre" lss="C21.state-attributive" mood="indicative" num="s" person="3" pos="vmii3s0" postype="main" tense="imperfect" wd="depenia"/>
      </grup.verb>
      <sp arg="arg2" func="creg" tem="atr">
        <prep>
          <s lem="de" pos="sps00" postype="preposition" wd="de"/>
        </prep>
        <sn coreftype="ident" entity="entity4" entityref="spec">
          <grup.nom gen="m" num="s">
            <p case="oblique" gen="c" lem="ell" num="c" person="3" pos="pp3cno00" postype="personal" wd="si"/>
          </grup.nom>
          <spec gen="m" num="s">
            <d gen="m" lem="mateix" num="s" pos="di0ms0" postype="indefinite" wd="mateix"/>
          </spec>
        </sn>
      </sp>
      <sp arg="argM" func="cc" tem="fin">
        <prep>
          <s lem="per" pos="sps00" postype="preposition" wd="per"/>
        </prep>
        <S clausetype="completive" impersonal="yes">
          <infinitiu>
            <v lem="ascendir" lss="B11.unaccusative-motion" mood="infinitive" pos="vmn0000" postype="main" wd="ascendir"/>
          </infinitiu>
        </S>
        <f lem="," pos="fc" punct="comma" wd=","/>
      </sp>
    </S>
    <conj conjunctiontype="coordinating">
      <c lem="però" pos="cc" postype="coordinating" wd="però"/>
    </conj>
    <S>
      <sn arg="arg0" coreftype="ident" elliptic="yes" entity="entity4" entityref="spec" func="suj" tem="agt"/>
      <grup.verb>
        <v lem="anar" mood="indicative" num="s" person="3" pos="vaip3s0" postype="auxiliary" tense="present" wd="va"/>
        <v lem="perdre" lss="A21.transitive-agentive-patient" mood="infinitive" pos="vmn0000" postype="main" wd="perdre"/>
      </grup.verb>
      <sn arg="argM" entityref="ne" func="cc" ne="number" tem="adv">
        <grup.nom>
          <f lem="(" pos="fpa" punct="bracket" punctenclose="open" wd="("/>
          <z lem="1-0" ne="number" wd="1-0"/>
          <f lem=")" pos="fpt" punct="bracket" punctenclose="close" wd=")"/>
        </grup.nom>
      </sn>
      <S arg="argM" clausetype="adverbial" func="cc" tem="tmp">
        <conj conjunctiontype="subordinating">
          <c lem="quan" pos="cs" postype="subordinating" wd="quan"/>
        </conj>
        <morfema.verbal func="impers">
          <p gen="c" lem="es" num="c" pos="p0000000" wd="es"/>
        </morfema.verbal>
        <grup.verb>
          <v lem="jugar" lss="A21.transitive-agentive-patient" mood="indicative" num="s" person="3" pos="vmii3s0" postype="main" tense="imperfect" wd="jugava"/>
        </grup.verb>
        <sp arg="argM" func="cc" tem="loc">
          <prep>
            <s lem="en" pos="sps00" postype="preposition" wd="en"/>
          </prep>
          <sn entityref="nne" homophoricDD="yes">
            <spec gen="m" num="s">
              <d gen="m" lem="el" num="s" pos="da0ms0" postype="article" wd="el"/>
            </spec>
            <grup.nom gen="m" num="s">
              <n gen="m" lem="temps" num="c" pos="ncmn000" postype="common" sense="16:00015594" wd="temps"/>
              <S clausetype="participle" impersonal="yes">
                <participi>
                  <a gen="m" lem="afegit" num="s" pos="aq0msp" posfunction="participle" postype="qualificative" wd="afegit"/>
                </participi>
              </S>
            </grup.nom>
          </sn>
        </sp>
      </S>
    </S>
    <f lem="." pos="fp" punct="period" wd="."/>
  </sentence>
  <sentence>
    <sn arg="arg0" entity="entity18" entityref="ne" func="suj" ne="organization" tem="agt">
      <spec gen="m" num="s">
        <d gen="m" lem="el" num="s" pos="da0ms0" postype="article" wd="El"/>
      </spec>
      <grup.nom gen="m" num="s">
        <n lem="Mataró" ne="location" pos="np0000l" postype="proper" sense="16:cs1" wd="Mataró"/>
      </grup.nom>
    </sn>
    <sadv func="mod">
      <grup.adv>
        <r lem="tampoc" pos="rg" wd="tampoc"/>
      </grup.adv>
    </sadv>
    <grup.verb>
      <v lem="anar" mood="indicative" num="s" person="3" pos="vaip3s0" postype="auxiliary" tense="present" wd="va"/>
      <v lem="obtenir" lss="A34.ditransitive-patient-theme" mood="infinitive" pos="vmn0000" postype="main" wd="obtenir"/>
    </grup.verb>
    <sn arg="arg1" coreftype="ident" entity="entity6" entityref="nne" func="cd" tem="pat">
      <spec gen="m" num="s">
        <d gen="c" lem="el" num="s" pos="da0cs0" postype="article" wd="l'"/>
      </spec>
      <grup.nom gen="m" num="s">
        <n gen="m" lem="objectiu" num="s" pos="ncms000" postype="common" sense="16:04586952" wd="objectiu"/>
      </grup.nom>
    </sn>
    <f lem="." pos="fp" punct="period" wd="."/>
  </sentence>
  <sentence>
    <S arg="argM" clausetype="adverbial" func="cc" tem="adv">
      <conj conjunctiontype="subordinating">
        <c lem="com_que" pos="cs" postype="subordinating" wd="Com_que"/>
      </conj>
      <sadv func="mod">
        <grup.adv>
          <r lem="només" pos="rg" wd="només"/>
        </grup.adv>
      </sadv>
      <grup.verb>
        <v lem="haver" mood="indicative" num="s" person="3" pos="vaip3s0" postype="auxiliary" tense="present" wd="ha"/>
        <v gen="m" lem="pujar" lss="B11.unaccusative-motion" mood="participle" num="s" pos="vmp00sm" postype="main" wd="pujat"/>
      </grup.verb>
      <sn arg="arg1" coreftype="ident" entity="entity1" entityref="spec" func="suj" tem="tem">
        <spec gen="m" num="s">
          <d gen="m" lem="un" num="s" pos="di0ms0" postype="indefinite" wd="un"/>
        </spec>
        <grup.nom gen="m" num="s">
          <n gen="m" lem="equip" num="s" pos="ncms000" postype="common" sense="16:06093198" wd="equip"/>
          <s.a gen="m" num="s">
            <grup.a gen="m" num="s">
              <a gen="m" lem="català" num="s" pos="aq0ms0" postype="qualificative" wd="català"/>
            </grup.a>
          </s.a>
        </grup.nom>
      </sn>
      <f lem="," pos="fc" punct="comma" wd=","/>
    </S>
    <sn arg="arg1" entityref="ne" func="suj" ne="organization" tem="tem">
      <spec gen="m" num="s">
        <d gen="c" lem="el" num="s" pos="da0cs0" postype="article" wd="l'"/>
      </spec>
      <grup.nom gen="m" num="s">
        <n lem="Andorra" ne="location" pos="np0000l" postype="proper" sense="16:06581584" wd="Andorra"/>
      </grup.nom>
    </sn>
    <grup.verb>
      <v lem="baixar" lss="B21.unaccusative-state" mood="indicative" num="s" person="3" pos="vmip3s0" postype="main" tense="present" wd="baixa"/>
    </grup.verb>
    <sp arg="argM" func="cc" tem="loc">
      <prep>
        <s lem="a" pos="sps00" postype="preposition" wd="a"/>
      </prep>
      <sn entityref="ne" ne="other">
        <grup.nom>
          <n lem="Primera_Catalana" ne="other" pos="np0000a" postype="proper" sense="16:cs1" wd="Primera_Catalana"/>
        </grup.nom>
      </sn>
    </sp>
    <f lem="." pos="fp" punct="period" wd="."/>
  </sentence>
  <sentence>
    <sn arg="arg0" coreftype="ident" entity="entity1" entityref="ne" func="suj" ne="organization" tem="agt">
      <spec gen="m" num="s">
        <d gen="c" lem="el" num="s" pos="da0cs0" postype="article" wd="L'"/>
      </spec>
      <grup.nom gen="m" num="s">
        <n gen="m" lem="equip" num="s" pos="ncms000" postype="common" sense="16:06093198" wd="equip"/>
        <sp>
          <prep>
            <s contracted="yes" gen="m" lem="del" num="s" pos="spcms" postype="preposition" wd="del"/>
          </prep>
          <sn entityref="ne" ne="location">
            <grup.nom gen="m" num="s">
              <n lem="Maresme" ne="location" pos="np0000l" postype="proper" sense="16:cs1" wd="Maresme"/>
            </grup.nom>
          </sn>
        </sp>
      </grup.nom>
    </sn>
    <grup.verb>
      <v lem="anar" mood="indicative" num="s" person="3" pos="vaip3s0" postype="auxiliary" tense="present" wd="va"/>
      <v lem="disputar" lss="A21.transitive-agentive-patient" mood="infinitive" pos="vmn0000" postype="main" wd="disputar"/>
    </grup.verb>
    <sp arg="argM" func="cc" tem="loc">
      <prep>
        <s lem="a" pos="sps00" postype="preposition" wd="a"/>
      </prep>
      <sn coreftype="ident" entity="entity7" entityref="ne" ne="location">
        <grup.nom>
          <n lem="Elx" ne="location" pos="np0000l" postype="proper" sense="16:cs1" wd="Elx"/>
        </grup.nom>
      </sn>
    </sp>
    <sn arg="arg1" entity="entity8" entityref="nne" func="cd" tem="pat">
      <spec gen="m" num="s">
        <d gen="m" lem="un" num="s" pos="di0ms0" postype="indefinite" wd="un"/>
      </spec>
      <grup.nom gen="m" num="s">
        <n gen="m" lem="partit" num="s" pos="ncms000" postype="common" sense="16:05554348" wd="partit"/>
        <s.a gen="m" num="s">
          <grup.a gen="m" num="s">
            <a gen="c" lem="trepidant" num="s" pos="aq0cs0" postype="qualificative" wd="trepidant"/>
          </grup.a>
        </s.a>
        <S clausetype="relative" coord="yes">
          <f lem="," pos="fc" punct="comma" wd=","/>
          <S clausetype="relative">
            <relatiu arg="arg1" coreftype="ident" entity="entity8" entityref="nne" func="cd" tem="pat">
              <p gen="c" lem="que" num="c" pos="pr0cn000" postype="relative" wd="que"/>
            </relatiu>
            <sadv arg="argM" func="cc" tem="mnr">
              <grup.adv>
                <r lem="majoritàriament" pos="rg" wd="majoritàriament"/>
              </grup.adv>
            </sadv>
            <grup.verb>
              <v lem="anar" mood="indicative" num="s" person="3" pos="vaip3s0" postype="auxiliary" tense="present" wd="va"/>
              <v lem="dominar" lss="A21.transitive-agentive-patient" mood="infinitive" pos="vmn0000" postype="main" wd="dominar"/>
            </grup.verb>
            <sn arg="arg0" coreftype="ident" entity="entity3" entityref="spec" func="suj" tem="agt">
              <spec gen="m" num="s">
                <d gen="m" lem="el" num="s" pos="da0ms0" postype="article" wd="el"/>
              </spec>
              <grup.nom gen="m" num="s">
                <n gen="m" lem="conjunt" num="s" pos="ncms000" postype="common" sense="16:cs1" wd="conjunt"/>
                <s.a gen="m" num="s">
                  <grup.a gen="m" num="s">
                    <a gen="c" lem="local" num="s" pos="aq0cs0" postype="qualificative" wd="local"/>
                  </grup.a>
                </s.a>
              </grup.nom>
            </sn>
            <f lem="," pos="fc" punct="comma" wd=","/>
          </S>
          <conj conjunctiontype="coordinating">
            <c lem="però" pos="cc" postype="coordinating" wd="però"/>
          </conj>
          <S clausetype="relative">
            <sp arg="argM" func="cc" tem="loc">
              <prep>
                <s lem="en" pos="sps00" postype="preposition" wd="en"/>
              </prep>
              <relatiu coreftype="ident" entity="entity8" entityref="nne">
                <p gen="c" lem="què" num="c" pos="pr0cn000" postype="relative" wd="què"/>
              </relatiu>
            </sp>
            <sn arg="arg0" coreftype="ident" entity="entity1" entityref="spec" func="suj" tem="agt">
              <spec gen="m" num="p">
                <d gen="m" lem="el" num="p" pos="da0mp0" postype="article" wd="els"/>
              </spec>
              <grup.nom gen="m" num="p">
                <n gen="m" lem="català" num="p" pos="ncmp000" postype="common" sense="16:05224856" wd="catalans"/>
              </grup.nom>
            </sn>
            <grup.verb>
              <v lem="anar" mood="indicative" num="p" person="3" pos="vaip3p0" postype="auxiliary" tense="present" wd="van"/>
              <v lem="fer" lss="A21.transitive-agentive-patient" mood="infinitive" pos="vmn0000" postype="main" wd="fer"/>
            </grup.verb>
            <sn arg="argL" entityref="nne" func="cd">
              <spec gen="m" num="p">
                <d gen="m" lem="el" num="p" pos="da0mp0" postype="article" wd="els"/>
              </spec>
              <grup.nom gen="m" num="p">
                <n gen="m" lem="gol" num="p" pos="ncmp000" postype="common" sense="16:50004855" wd="gols"/>
              </grup.nom>
            </sn>
          </S>
        </S>
      </grup.nom>
    </sn>
    <f lem="." pos="fp" punct="period" wd="."/>
  </sentence>
  <sentence>
    <sn arg="arg1" coreftype="ident" entity="entity1" entityref="ne" func="suj" ne="organization" tem="tem">
      <spec gen="m" num="s">
        <d gen="m" lem="el" num="s" pos="da0ms0" postype="article" wd="El"/>
      </spec>
      <grup.nom gen="m" num="s">
        <n lem="Premià" ne="location" pos="np0000l" postype="proper" sense="16:cs1" wd="Premià"/>
      </grup.nom>
    </sn>
    <grup.verb>
      <v lem="anar" mood="indicative" num="s" person="3" pos="vaip3s0" postype="auxiliary" tense="present" wd="va"/>
      <v lem="arribar" lss="B11.unaccusative-motion" mood="infinitive" pos="vmn0000" postype="main" wd="arribar"/>
    </grup.verb>
    <sp arg="argM" func="cc" tem="tmp">
      <prep>
        <s contracted="yes" gen="m" lem="al" num="s" pos="spcms" postype="preposition" wd="al"/>
      </prep>
      <sn entity="entity10" entityref="nne" homophoricDD="yes">
        <grup.nom gen="m" num="s">
          <n gen="m" lem="descans" num="s" pos="ncms000" postype="common" sense="16:00687814" wd="descans"/>
        </grup.nom>
      </sn>
    </sp>
    <sp arg="argM" func="cc" tem="adv">
      <prep>
        <s lem="amb" pos="sps00" postype="preposition" wd="amb"/>
      </prep>
      <sn entityref="nne">
        <spec gen="m" num="s">
          <d gen="m" lem="un" num="s" pos="di0ms0" postype="indefinite" wd="un"/>
        </spec>
        <grup.nom gen="m" num="s">
          <s.a gen="m" num="s">
            <grup.a gen="m" num="s">
              <a gen="m" lem="còmode" num="s" pos="aq0ms0" postype="qualificative" wd="còmode"/>
            </grup.a>
          </s.a>
          <z lem="1-3" ne="number" wd="1-3"/>
          <sadv>
            <grup.adv>
              <r lem="a_favor" pos="rg" wd="a_favor"/>
              <sn coreftype="ident" entity="entity1" entityref="spec">
                <grup.nom gen="m" num="s">
                  <p entityref="lex" gen="m" lem="seu" num="s" person="3" pos="px3ms000" postype="possessive" wd="seu"/>
                </grup.nom>
              </sn>
            </grup.adv>
          </sadv>
        </grup.nom>
      </sn>
    </sp>
    <f lem="." pos="fp" punct="period" wd="."/>
  </sentence>
  <sentence coord="yes">
    <S>
      <sn arg="arg0" entityref="ne" func="suj" ne="person" tem="agt">
        <grup.nom gen="m" num="s">
          <n lem="Bartres" ne="person" pos="np0000p" postype="proper" sense="16:cs1" wd="Bartres"/>
        </grup.nom>
      </sn>
      <grup.verb>
        <v lem="anar" mood="indicative" num="s" person="3" pos="vaip3s0" postype="auxiliary" tense="present" wd="va"/>
        <v lem="avançar" lss="A21.transitive-agentive-patient" mood="infinitive" pos="vmn0000" postype="main" wd="avançar"/>
      </grup.verb>
      <sn arg="arg1" coreftype="ident" entity="entity1" entityref="spec" func="cd" tem="pat">
        <spec gen="m" num="s">
          <d gen="c" lem="el" num="s" pos="da0cs0" postype="article" wd="l'"/>
        </spec>
        <grup.nom gen="m" num="s">
          <n gen="m" lem="equip" num="s" pos="ncms000" postype="common" sense="16:06093198" wd="equip"/>
          <S clausetype="relative">
            <relatiu arg="arg1" coreftype="ident" entity="entity1" entityref="spec" func="cd" tem="pat">
              <p gen="c" lem="que" num="c" pos="pr0cn000" postype="relative" wd="que"/>
            </relatiu>
            <grup.verb>
              <v lem="dirigir" lss="A21.transitive-agentive-patient" mood="indicative" num="s" person="3" pos="vmip3s0" postype="main" tense="present" wd="dirigeix"/>
            </grup.verb>
            <sn arg="arg0" entityref="ne" func="suj" ne="person" tem="agt">
              <grup.nom gen="m" num="s">
                <n lem="Roberto_Álvarez" ne="person" pos="np0000p" postype="proper" sense="16:cs1" wd="Roberto_Álvarez"/>
              </grup.nom>
            </sn>
          </S>
        </grup.nom>
      </sn>
      <sn arg="argM" entityref="ne" func="cc" ne="date" tem="tmp">
        <grup.nom gen="m" num="s">
          <f lem="(" pos="fpa" punct="bracket" punctenclose="open" wd="("/>
          <w lem="[??:??/??/??:00.22]" ne="date" wd="m_._22"/>
          <f lem=")" pos="fpt" punct="bracket" punctenclose="close" wd=")"/>
        </grup.nom>
      </sn>
    </S>
    <f lem="," pos="fc" punct="comma" wd=","/>
    <S>
      <sn arg="arg0" entityref="ne" func="suj" ne="person" tem="agt">
        <grup.nom gen="m" num="s">
          <n lem="Raúl_Ibars" ne="person" pos="np0000p" postype="proper" sense="16:cs1" wd="Raúl_Ibars"/>
        </grup.nom>
      </sn>
      <grup.verb>
        <v lem="anar" mood="indicative" num="s" person="3" pos="vaip3s0" postype="auxiliary" tense="present" wd="va"/>
        <v lem="empatar" lss="A21.transitive-agentive-patient" mood="infinitive" pos="vmn0000" postype="main" wd="empatar"/>
      </grup.verb>
      <sn arg="argM" entityref="ne" func="cc" ne="person" tem="tmp">
        <grup.nom gen="m" num="s">
          <f lem="(" pos="fpa" punct="bracket" punctenclose="open" wd="("/>
          <w lem="[??:??/??/??:00.26]" ne="date" wd="m_._26"/>
          <f lem=")" pos="fpt" punct="bracket" punctenclose="close" wd=")"/>
        </grup.nom>
      </sn>
    </S>
    <conj conjunctiontype="coordinating">
      <c lem="i" pos="cc" postype="coordinating" wd="i"/>
    </conj>
    <S>
      <sn arg="arg0" entityref="ne" func="suj" ne="person" tem="agt">
        <grup.nom gen="m" num="s">
          <n lem="Dani" ne="person" pos="np0000p" postype="proper" sense="16:cs1" wd="Dani"/>
        </grup.nom>
      </sn>
      <grup.verb>
        <v lem="anar" mood="indicative" num="s" person="3" pos="vaip3s0" postype="auxiliary" tense="present" wd="va"/>
        <v lem="tornar" mood="infinitive" pos="vmn0000" postype="main" wd="tornar"/>
        <s lem="a" pos="sps00" postype="preposition" wd="a"/>
        <infinitiu>
          <v lem="marcar" lss="A21.transitive-agentive-patient" mood="infinitive" pos="vmn0000" postype="main" wd="marcar"/>
        </infinitiu>
      </grup.verb>
      <sp arg="argM" func="cc" tem="adv">
        <prep>
          <s lem="per" pos="sps00" postype="preposition" wd="per"/>
        </prep>
        <sp>
          <prep>
            <s contracted="yes" gen="m" lem="al" num="s" pos="spcms" postype="preposition" wd="al"/>
          </prep>
          <sn coreftype="ident" entity="entity1" entityref="ne" ne="location">
            <grup.nom gen="m" num="s">
              <n lem="Premià" ne="location" pos="np0000l" postype="proper" sense="16:cs1" wd="Premià"/>
            </grup.nom>
          </sn>
        </sp>
      </sp>
      <sn arg="argM" entityref="ne" func="cc" ne="date" tem="tmp">
        <grup.nom gen="m" num="s">
          <f lem="(" pos="fpa" punct="bracket" punctenclose="open" wd="("/>
          <w lem="[??:??/??/??:00.27]" ne="date" wd="m_._27"/>
          <f lem=")" pos="fpt" punct="bracket" punctenclose="close" wd=")"/>
        </grup.nom>
      </sn>
      <sp arg="argM" func="cc" tem="tmp">
        <prep>
          <s lem="en" pos="sps00" postype="preposition" wd="en"/>
        </prep>
        <sn entity="entity9" entityref="nne">
          <spec gen="m" num="p">
            <d gen="c" lem="cinc" num="p" pos="dn0cp0" postype="numeral" wd="cinc"/>
          </spec>
          <grup.nom gen="m" num="p">
            <n gen="m" lem="minut" num="p" pos="ncmp000" postype="common" sense="16:10943650" wd="minuts"/>
            <S clausetype="relative">
              <relatiu arg="arg1" coreftype="ident" entity="entity9" entityref="nne" func="suj" tem="tem">
                <p gen="c" lem="que" num="c" pos="pr0cn000" postype="relative" wd="que"/>
              </relatiu>
              <grup.verb>
                <v lem="anar" mood="indicative" num="p" person="3" pos="vaip3p0" postype="auxiliary" tense="present" wd="van"/>
                <v lem="ser" lss="C21.state-attributive" mood="infinitive" pos="vsn0000" postype="semiauxiliary" wd="ser"/>
              </grup.verb>
              <sa arg="arg2" func="atr" tem="atr">
                <grup.a>
                  <a gen="c" lem="trepidant" num="p" pos="aq0cp0" postype="qualificative" wd="trepidants"/>
                </grup.a>
              </sa>
            </S>
          </grup.nom>
        </sn>
      </sp>
    </S>
    <f lem="." pos="fp" punct="period" wd="."/>
  </sentence>
  <sentence coord="yes">
    <S>
      <sn arg="arg0" entity="entity11" entityref="ne" func="suj" ne="person" tem="cau">
        <grup.nom gen="m" num="s">
          <n lem="Siscu" ne="person" pos="np0000p" postype="proper" sense="16:cs1" wd="Siscu"/>
        </grup.nom>
      </sn>
      <grup.verb>
        <v lem="anar" mood="indicative" num="s" person="3" pos="vaip3s0" postype="auxiliary" tense="present" wd="va"/>
        <v lem="desmoralitzar" lss="A11.transitive-causative" mood="infinitive" pos="vmn0000" postype="main" wd="desmoralitzar"/>
      </grup.verb>
      <sadv arg="argM" func="cc" tem="mnr">
        <grup.adv>
          <r lem="completament" pos="rg" wd="completament"/>
        </grup.adv>
      </sadv>
      <sn arg="arg1" coreftype="ident" entity="entity3" entityref="ne" func="cd" ne="organization" tem="tem">
        <spec gen="m" num="s">
          <d gen="c" lem="el" num="s" pos="da0cs0" postype="article" wd="l'"/>
        </spec>
        <grup.nom gen="m" num="s">
          <n lem="Elx_B" ne="organization" pos="np0000o" postype="proper" sense="16:cs1" wd="Elx_B"/>
        </grup.nom>
      </sn>
      <sp arg="argM" func="cc" tem="adv">
        <prep>
          <s lem="amb" pos="sps00" postype="preposition" wd="amb"/>
        </prep>
        <sn entityref="nne" homophoricDD="yes">
          <spec gen="m" num="s">
            <d gen="m" lem="el" num="s" pos="da0ms0" postype="article" wd="el"/>
          </spec>
          <grup.nom gen="m" num="s">
            <s.a gen="m" num="s">
              <grup.a gen="m" num="s">
                <a gen="m" lem="tercer" num="s" pos="ao0ms0" postype="ordinal" wd="tercer"/>
              </grup.a>
            </s.a>
            <n gen="m" lem="gol" num="s" pos="ncms000" postype="common" sense="16:50004855" wd="gol"/>
            <sp>
              <prep>
                <s contracted="yes" gen="m" lem="del" num="s" pos="spcms" postype="preposition" wd="del"/>
              </prep>
              <sn coreftype="ident" entity="entity1" entityref="ne" ne="location">
                <grup.nom gen="m" num="s">
                  <n lem="Premià" ne="location" pos="np0000l" postype="proper" sense="16:cs1" wd="Premià"/>
                </grup.nom>
              </sn>
            </sp>
          </grup.nom>
        </sn>
      </sp>
      <sadv arg="argM" func="cc" tem="tmp">
        <grup.adv>
          <r lem="abans" pos="rg" wd="abans"/>
          <sp>
            <prep>
              <s lem="de" pos="sps00" postype="preposition" wd="d'"/>
            </prep>
            <S clausetype="completive" impersonal="yes">
              <infinitiu>
                <v lem="arribar" lss="B11.unaccusative-motion" mood="infinitive" pos="vmn0000" postype="main" wd="arribar"/>
              </infinitiu>
              <sp arg="argM" func="cc" tem="tmp">
                <prep>
                  <s contracted="yes" gen="m" lem="al" num="s" pos="spcms" postype="preposition" wd="al"/>
                </prep>
                <sn coreftype="ident" entity="entity10" entityref="nne" homophoricDD="yes">
                  <grup.nom gen="m" num="s">
                    <n gen="m" lem="descans" num="s" pos="ncms000" postype="common" sense="16:00687814" wd="descans"/>
                  </grup.nom>
                </sn>
              </sp>
              <sn arg="argM" entityref="ne" func="cc" ne="date" tem="tmp">
                <grup.nom gen="m" num="s">
                  <f lem="(" pos="fpa" punct="bracket" punctenclose="open" wd="("/>
                  <w lem="[??:??/??/??:00.37]" ne="date" wd="m_._37"/>
                  <f lem=")" pos="fpt" punct="bracket" punctenclose="close" wd=")"/>
                </grup.nom>
              </sn>
            </S>
          </sp>
        </grup.adv>
      </sadv>
    </S>
    <conj conjunctiontype="coordinating">
      <c lem="i" pos="cc" postype="coordinating" wd="i"/>
    </conj>
    <S>
      <sn arg="arg0" coreftype="ident" elliptic="yes" entity="entity11" entityref="spec" func="suj" tem="agt"/>
      <sn arg="arg1" coreftype="ident" entity="entity3" entityref="spec" func="cd" tem="pat">
        <grup.nom gen="m" num="s">
          <p case="accusative" gen="m" lem="ell" num="s" person="3" pos="pp3msa00" postype="personal" wd="el"/>
        </grup.nom>
      </sn>
      <grup.verb>
        <v lem="anar" mood="indicative" num="s" person="3" pos="vaip3s0" postype="auxiliary" tense="present" wd="va"/>
        <v lem="rematar" lss="A21.transitive-agentive-patient" mood="infinitive" pos="vmn0000" postype="main" wd="rematar"/>
      </grup.verb>
      <sp arg="argM" func="cc" tem="tmp">
        <prep>
          <s lem="a" pos="sps00" postype="preposition" wd="a"/>
        </prep>
        <sn entityref="nne" homophoricDD="yes">
          <spec gen="f" num="s">
            <d gen="f" lem="el" num="s" pos="da0fs0" postype="article" wd="la"/>
          </spec>
          <grup.nom gen="f" num="s">
            <s.a gen="f" num="s">
              <grup.a gen="f" num="s">
                <a gen="f" lem="segon" num="s" pos="ao0fs0" postype="ordinal" wd="segona"/>
              </grup.a>
            </s.a>
            <n gen="f" lem="part" num="s" pos="ncfs000" postype="common" sense="16:10960792" wd="part"/>
          </grup.nom>
        </sn>
      </sp>
      <sn arg="argM" entityref="ne" func="cc" ne="date" tem="tmp">
        <grup.nom gen="m" num="s">
          <f lem="(" pos="fpa" punct="bracket" punctenclose="open" wd="("/>
          <w lem="[??:??/??/??:00.77]" ne="date" wd="m_._77"/>
          <f lem=")" pos="fpt" punct="bracket" punctenclose="close" wd=")"/>
        </grup.nom>
      </sn>
      <sp arg="argM" func="cc" tem="adv">
        <prep>
          <s lem="amb" pos="sps00" postype="preposition" wd="amb"/>
        </prep>
        <sn coreftype="ident" entity="entity12" entityref="ne" ne="number">
          <spec gen="m" num="s">
            <d gen="c" lem="el" num="s" pos="da0cs0" postype="article" wd="l'"/>
          </spec>
          <grup.nom gen="m" num="s">
            <z lem="1-4" ne="number" wd="1-4"/>
            <s.a gen="m" num="s">
              <grup.a gen="m" num="s">
                <a gen="m" lem="definitiu" num="s" pos="aq0ms0" postype="qualificative" wd="definitiu"/>
              </grup.a>
            </s.a>
          </grup.nom>
        </sn>
      </sp>
    </S>
    <f lem="." pos="fp" punct="period" wd="."/>
  </sentence>
  <sentence>
    <sn arg="arg1" entityref="nne" func="suj" homophoricDD="yes" tem="tem">
      <spec gen="f" num="s">
        <d gen="c" lem="el" num="s" pos="da0cs0" postype="article" wd="L'"/>
      </spec>
      <grup.nom gen="f" num="s">
        <n gen="f" lem="eufòria" num="s" pos="ncfs000" postype="common" sense="16:03655378" wd="eufòria"/>
        <sp>
          <prep>
            <s lem="de" pos="sps00" postype="preposition" wd="de"/>
          </prep>
          <sn coreftype="ident" entity="entity6" entityref="nne">
            <spec gen="m" num="s">
              <d gen="c" lem="el" num="s" pos="da0cs0" postype="article" wd="l'"/>
            </spec>
            <grup.nom gen="m" num="s">
              <n gen="m" lem="ascens" num="s" pos="ncms000" postype="common" sense="16:00209440" wd="ascens"/>
            </grup.nom>
          </sn>
        </sp>
      </grup.nom>
    </sn>
    <grup.verb>
      <v lem="anar" mood="indicative" num="s" person="3" pos="vaip3s0" postype="auxiliary" tense="present" wd="va"/>
      <v lem="quedar" lss="C11.state-existential" mood="infinitive" pos="vmn0000" postype="main" wd="quedar"/>
    </grup.verb>
    <S arg="argM" clausetype="participle" func="cpred" impersonal="yes" predicate="suj" tem="atr">
      <participi>
        <a gen="f" lem="frenat" num="s" pos="aq0fsp" posfunction="participle" postype="qualificative" wd="frenada"/>
      </participi>
    </S>
    <sp arg="argM" func="cc" tem="adv">
      <prep>
        <s lem="amb" pos="sps00" postype="preposition" wd="amb"/>
      </prep>
      <sn entityref="nne" homophoricDD="yes">
        <spec gen="f" num="p">
          <d gen="f" lem="el" num="p" pos="da0fp0" postype="article" wd="les"/>
        </spec>
        <grup.nom gen="f" num="p">
          <n gen="f" lem="paraula" num="p" pos="ncfp000" postype="common" sense="16:04750884" wd="paraules"/>
          <sp>
            <prep>
              <s contracted="yes" gen="m" lem="del" num="s" pos="spcms" postype="preposition" wd="del"/>
            </prep>
            <sn entity="entity13" entityref="ne" ne="person">
              <grup.nom gen="m" num="s">
                <n gen="m" lem="president" num="s" pos="ncms000" postype="common" sense="16:07496197" wd="president"/>
                <sn corefsubtype="definit" coreftype="pred" entity="entity13" entityref="ne" ne="person">
                  <f lem="," pos="fc" punct="comma" wd=","/>
                  <grup.nom gen="m" num="s">
                    <n lem="Manel_Roig" ne="person" pos="np0000p" postype="proper" sense="16:cs1" wd="Manel_Roig"/>
                  </grup.nom>
                </sn>
                <S clausetype="relative">
                  <f lem="," pos="fc" punct="comma" wd=","/>
                  <relatiu arg="arg1" coreftype="ident" entity="entity13" entityref="spec" func="suj" tem="tem">
                    <p gen="c" lem="que" num="c" pos="pr0cn000" postype="relative" wd="que"/>
                  </relatiu>
                  <sadv arg="argM" func="cc" tem="tmp">
                    <grup.adv>
                      <r lem="ahir" pos="rg" wd="ahir"/>
                    </grup.adv>
                  </sadv>
                  <grup.verb>
                    <v lem="acabar" lss="C21.state-attributive" mood="indicative" num="s" person="3" pos="vmii3s0" postype="main" tense="imperfect" wd="acabava"/>
                  </grup.verb>
                  <sn arg="arg2" entityref="nne" func="cd" functype="quantitative" tem="atr">
                    <spec gen="m" num="s">
                      <d coreftype="ident" entity="entity13" entityref="spec" gen="m" lem="el_seu" num="s" person="3" pos="dp3ms0" postype="possessive" wd="el_seu"/>
                    </spec>
                    <grup.nom gen="m" num="s">
                      <n gen="m" lem="mandat" num="s" pos="ncms000" postype="common" sense="16:00739358" wd="mandat"/>
                    </grup.nom>
                  </sn>
                </S>
              </grup.nom>
            </sn>
          </sp>
        </grup.nom>
      </sn>
    </sp>
    <f lem="." pos="fp" punct="period" wd="."/>
  </sentence>
  <sentence>
    <S arg="arg1" clausetype="completive" func="cd" tem="pat">
      <f lem="&quot;" pos="fe" punct="quotation" wd="&quot;"/>
      <sn arg="arg0" coreftype="ident" elliptic="yes" entity="entity1" entityref="spec" func="suj" tem="agt"/>
      <morfema.pronominal>
        <p gen="c" lem="jo" num="p" person="1" pos="p010p000" wd="Ens"/>
      </morfema.pronominal>
      <grup.verb>
        <v lem="haver" mood="indicative" num="p" person="1" pos="vaip1p0" postype="auxiliary" tense="present" wd="hem"/>
        <s lem="de" pos="sps00" postype="preposition" wd="de"/>
        <infinitiu>
          <v lem="plantejar" lss="A32.ditransitive-patient-benefactive" mood="infinitive" pos="vmn0000" postype="main" wd="plantejar"/>
        </infinitiu>
      </grup.verb>
      <S arg="arg1" clausetype="completive" func="cd" tem="pat">
        <conj conjunctiontype="subordinating">
          <c lem="si" pos="cs" postype="subordinating" wd="si"/>
        </conj>
        <sn arg="arg0" coreftype="ident" elliptic="yes" entity="entity1" entityref="spec" func="suj" tem="agt"/>
        <grup.verb>
          <v lem="poder" mood="indicative" num="p" person="1" pos="vmip1p0" postype="main" tense="present" wd="podem"/>
          <infinitiu>
            <v lem="assumir" lss="A21.transitive-agentive-patient" mood="infinitive" pos="vmn0000" postype="main" wd="assumir"/>
          </infinitiu>
        </grup.verb>
        <sn arg="arg1" entityref="nne" func="cd" homophoricDD="yes" tem="pat">
          <spec gen="m" num="s">
            <d gen="m" lem="el" num="s" pos="da0ms0" postype="article" wd="el"/>
          </spec>
          <grup.nom gen="m" num="s">
            <n gen="m" lem="cost" num="s" pos="ncms000" postype="common" sense="16:09553349" wd="cost"/>
            <sp>
              <prep>
                <s lem="de" pos="sps00" postype="preposition" wd="de"/>
              </prep>
              <sn coreftype="ident" entity="entity2" entityref="spec">
                <spec gen="f" num="s">
                  <d gen="f" lem="el" num="s" pos="da0fs0" postype="article" wd="la"/>
                </spec>
                <grup.nom gen="f" num="s">
                  <s.a gen="f" num="s">
                    <grup.a gen="f" num="s">
                      <a gen="f" lem="nou" num="s" pos="aq0fs0" postype="qualificative" wd="nova"/>
                    </grup.a>
                  </s.a>
                  <n gen="f" lem="categoria" num="s" pos="ncfs000" postype="common" sense="16:04496335" wd="categoria"/>
                </grup.nom>
              </sn>
            </sp>
          </grup.nom>
        </sn>
      </S>
      <f lem="&quot;" pos="fe" punct="quotation" wd="&quot;"/>
      <f lem="," pos="fc" punct="comma" wd=","/>
    </S>
    <grup.verb>
      <v lem="anar" mood="indicative" num="s" person="3" pos="vaip3s0" postype="auxiliary" tense="present" wd="va"/>
      <v lem="declarar" lss="A32.ditransitive-patient-benefactive" mood="infinitive" pos="vmn0000" postype="main" wd="declarar"/>
    </grup.verb>
    <sn arg="arg0" coreftype="ident" elliptic="yes" entity="entity13" entityref="spec" func="suj" tem="agt"/>
    <sp arg="argM" func="cc" tem="loc">
      <prep>
        <s lem="a" pos="sps00" postype="preposition" wd="a"/>
      </prep>
      <sn entityref="ne" ne="organization">
        <grup.nom>
          <n lem="Catalunya_Ràdio" ne="organization" pos="np0000o" postype="proper" sense="16:cs1" wd="Catalunya_Ràdio"/>
        </grup.nom>
      </sn>
    </sp>
    <sp arg="argM" func="cc" tem="adv">
      <f lem="," pos="fc" punct="comma" wd=","/>
      <prep>
        <s lem="en" pos="sps00" postype="preposition" wd="en"/>
      </prep>
      <sn entityref="nne">
        <grup.nom gen="f" num="s">
          <n gen="f" lem="al·lusió" num="s" pos="ncfs000" postype="common" sense="16:05069640" wd="al·lusió"/>
          <sp>
            <prep>
              <s lem="a" pos="sps00" postype="preposition" wd="a"/>
            </prep>
            <sn entityref="nne">
              <spec gen="f" num="s">
                <d gen="f" lem="un" num="s" pos="di0fs0" postype="indefinite" wd="una"/>
              </spec>
              <grup.nom gen="f" num="s">
                <s.a gen="f" num="s">
                  <grup.a gen="f" num="s">
                    <a gen="c" lem="possible" num="s" pos="aq0cs0" postype="qualificative" wd="possible"/>
                  </grup.a>
                </s.a>
                <n gen="f" lem="renúncia" num="s" pos="ncfs000" postype="common" sense="16:00134568" wd="renúncia"/>
              </grup.nom>
            </sn>
          </sp>
        </grup.nom>
      </sn>
    </sp>
    <f lem="." pos="fp" punct="period" wd="."/>
  </sentence>
  <sentence>
    <sn arg="arg1" coreftype="ident" entity="entity4" entityref="spec" func="suj" tem="tem">
      <spec gen="m" num="s">
        <d gen="c" lem="el" num="s" pos="da0cs0" postype="article" wd="L'"/>
      </spec>
      <grup.nom gen="m" num="s">
        <n gen="m" lem="equip" num="s" pos="ncms000" postype="common" sense="16:06093198" wd="equip"/>
        <s.a gen="m" num="s">
          <grup.a gen="m" num="s">
            <a gen="m" lem="osonenc" num="s" pos="aq0ms0" postype="qualificative" wd="osonenc"/>
          </grup.a>
        </s.a>
      </grup.nom>
    </sn>
    <grup.verb>
      <v lem="anar" mood="indicative" num="s" person="3" pos="vaip3s0" postype="auxiliary" tense="present" wd="va"/>
      <v lem="ser" lss="C21.state-attributive" mood="infinitive" pos="vsn0000" postype="semiauxiliary" wd="ser"/>
    </grup.verb>
    <sa arg="arg2" func="atr" tem="atr">
      <grup.a>
        <a gen="c" lem="incapaç" num="s" pos="aq0cs0" postype="qualificative" wd="incapaç"/>
        <sp>
          <prep>
            <s lem="de" pos="sps00" postype="preposition" wd="de"/>
          </prep>
          <S clausetype="completive" impersonal="yes">
            <infinitiu>
              <v lem="marcar" lss="A21.transitive-agentive-patient" mood="infinitive" pos="vmn0000" postype="main" wd="marcar"/>
            </infinitiu>
            <sn arg="arg1" func="cd" tem="pat">
              <spec gen="m" num="s">
                <d gen="m" lem="un" num="s" pos="di0ms0" postype="indefinite" wd="un"/>
              </spec>
              <grup.nom gen="m" num="s">
                <n gen="m" lem="gol" num="s" pos="ncms000" postype="common" sense="16:50004855" wd="gol"/>
              </grup.nom>
            </sn>
            <sp arg="argM" func="cc" tem="loc">
              <prep>
                <s contracted="yes" gen="m" lem="al" num="s" pos="spcms" postype="preposition" wd="al"/>
              </prep>
              <sn coreftype="ident" entity="entity5" entityref="ne" ne="location">
                <grup.nom gen="m" num="s">
                  <n gen="m" lem="camp" num="s" pos="ncms000" postype="common" sense="16:02510690" wd="camp"/>
                  <sp>
                    <prep>
                      <s lem="de" pos="sps00" postype="preposition" wd="de"/>
                    </prep>
                    <sn coreftype="ident" entity="entity14" entityref="ne" ne="organization">
                      <spec gen="m" num="s">
                        <d gen="c" lem="el" num="s" pos="da0cs0" postype="article" wd="l'"/>
                      </spec>
                      <grup.nom gen="m" num="s">
                        <n lem="Alcoià" ne="organization" pos="np0000o" postype="proper" sense="16:cs1" wd="Alcoià"/>
                      </grup.nom>
                    </sn>
                  </sp>
                </grup.nom>
              </sn>
            </sp>
          </S>
        </sp>
      </grup.a>
    </sa>
    <f lem="." pos="fp" punct="period" wd="."/>
  </sentence>
  <sentence>
    <sn arg="arg1" coreftype="ident" entity="entity4" entityref="spec" func="suj" tem="tem">
      <spec gen="m" num="s">
        <d gen="m" lem="el" num="s" pos="da0ms0" postype="article" wd="El"/>
      </spec>
      <grup.nom gen="m" num="s">
        <n gen="m" lem="conjunt" num="s" pos="ncms000" postype="common" sense="16:cs1" wd="conjunt"/>
        <s.a gen="m" num="s">
          <grup.a gen="m" num="s">
            <a gen="m" lem="català" num="s" pos="aq0ms0" postype="qualificative" wd="català"/>
          </grup.a>
        </s.a>
      </grup.nom>
    </sn>
    <sadv func="et">
      <f lem="," pos="fc" punct="comma" wd=","/>
      <grup.adv>
        <r lem="a_més_a_més" pos="rg" wd="a_més_a_més"/>
      </grup.adv>
      <f lem="," pos="fc" punct="comma" wd=","/>
    </sadv>
    <grup.verb>
      <v lem="anar" mood="indicative" num="s" person="3" pos="vaip3s0" postype="auxiliary" tense="present" wd="va"/>
      <v lem="acabar" lss="C21.state-attributive" mood="infinitive" pos="vmn0000" postype="main" wd="acabar"/>
    </grup.verb>
    <S arg="arg2" clausetype="participle" func="cd" functype="quantitative" impersonal="yes" tem="atr">
      <participi>
        <a gen="m" lem="derrotat" num="s" pos="aq0msp" posfunction="participle" postype="qualificative" wd="derrotat"/>
      </participi>
    </S>
    <sp arg="argM" func="cc" tem="adv">
      <prep>
        <s lem="amb" pos="sps00" postype="preposition" wd="amb"/>
      </prep>
      <sn entityref="nne">
        <spec gen="m" num="s">
          <d gen="m" lem="un" num="s" pos="di0ms0" postype="indefinite" wd="un"/>
        </spec>
        <grup.nom gen="m" num="s">
          <n gen="m" lem="gol" num="s" pos="ncms000" postype="common" sense="16:50004855" wd="gol"/>
        </grup.nom>
      </sn>
    </sp>
    <f lem="." pos="fp" punct="period" wd="."/>
  </sentence>
  <sentence coord="yes">
    <S>
      <sn arg="arg0" entity="entity15" entityref="ne" func="suj" ne="organization" tem="agt">
        <spec gen="m" num="s">
          <d gen="m" lem="el" num="s" pos="da0ms0" postype="article" wd="El"/>
        </spec>
        <grup.nom gen="m" num="s">
          <n lem="Lorca" ne="location" pos="np0000l" postype="proper" sense="16:cs1" wd="Lorca"/>
        </grup.nom>
      </sn>
      <sadv arg="argM" func="cc" tem="tmp">
        <f lem="," pos="fc" punct="comma" wd=","/>
        <grup.adv>
          <r lem="mentrestant" pos="rg" wd="mentrestant"/>
        </grup.adv>
        <f lem="," pos="fc" punct="comma" wd=","/>
      </sadv>
      <grup.verb>
        <v lem="anar" mood="indicative" num="s" person="3" pos="vaip3s0" postype="auxiliary" tense="present" wd="va"/>
        <v lem="guanyar" lss="A21.transitive-agentive-patient" mood="infinitive" pos="vmn0000" postype="main" wd="guanyar"/>
      </grup.verb>
      <sp arg="argM" func="cc" tem="loc">
        <prep>
          <s contracted="yes" gen="m" lem="al" num="s" pos="spcms" postype="preposition" wd="al"/>
        </prep>
        <sn entityref="ne" ne="location">
          <grup.nom gen="m" num="s">
            <n gen="m" lem="camp" num="s" pos="ncms000" postype="common" sense="16:02510690" wd="camp"/>
            <sp>
              <prep>
                <s lem="de" pos="sps00" postype="preposition" wd="de"/>
              </prep>
              <sn entityref="ne" ne="organization">
                <spec gen="m" num="s">
                  <d gen="c" lem="el" num="s" pos="da0cs0" postype="article" wd="l'"/>
                </spec>
                <grup.nom gen="m" num="s">
                  <n lem="Atlètic_Balears" ne="organization" pos="np0000o" postype="proper" sense="16:cs1" wd="Atlètic_Balears"/>
                </grup.nom>
              </sn>
            </sp>
          </grup.nom>
        </sn>
      </sp>
      <sn arg="argM" entityref="ne" func="cc" ne="number" tem="adv">
        <grup.nom>
          <f lem="(" pos="fpa" punct="bracket" punctenclose="open" wd="("/>
          <z lem="0-2" ne="number" wd="0-2"/>
          <f lem=")" pos="fpt" punct="bracket" punctenclose="close" wd=")"/>
        </grup.nom>
      </sn>
    </S>
    <conj conjunctiontype="coordinating">
      <c lem="i" pos="cc" postype="coordinating" wd="i"/>
    </conj>
    <S>
      <sn arg="arg0" coreftype="ident" elliptic="yes" entity="entity15" entityref="spec" func="suj" tem="agt"/>
      <grup.verb>
        <v lem="anar" mood="indicative" num="s" person="3" pos="vaip3s0" postype="auxiliary" tense="present" wd="va"/>
        <v lem="arrabassar" lss="A32.ditransitive-patient-benefactive" mood="infinitive" pos="vmn0000" postype="main" wd="arrabassar"/>
      </grup.verb>
      <sn arg="arg1" coreftype="ident" entity="entity6" entityref="nne" func="cd" tem="pat">
        <spec gen="m" num="s">
          <d gen="c" lem="el" num="s" pos="da0cs0" postype="article" wd="l'"/>
        </spec>
        <grup.nom gen="m" num="s">
          <n gen="m" lem="ascens" num="s" pos="ncms000" postype="common" sense="16:00209440" wd="ascens"/>
        </grup.nom>
      </sn>
      <sp arg="arg2" func="ci" tem="ben">
        <prep>
          <s contracted="yes" gen="m" lem="al" num="s" pos="spcms" postype="preposition" wd="al"/>
        </prep>
        <sn coreftype="ident" entity="entity4" entityref="ne" ne="location">
          <grup.nom gen="m" num="s">
            <n lem="Manlleu" ne="location" pos="np0000l" postype="proper" sense="16:cs1" wd="Manlleu"/>
          </grup.nom>
        </sn>
      </sp>
    </S>
    <f lem="." pos="fp" punct="period" wd="."/>
  </sentence>
  <sentence>
    <sn arg="arg0" entityref="nne" func="suj" homophoricDD="yes" tem="agt">
      <spec gen="f" num="s">
        <d gen="f" lem="el" num="s" pos="da0fs0" postype="article" wd="La"/>
      </spec>
      <grup.nom gen="f" num="s">
        <n gen="f" lem="desolació" num="s" pos="ncfs000" postype="common" sense="16:10441658" wd="desolació"/>
      </grup.nom>
    </sn>
    <morfema.pronominal>
      <p gen="c" lem="ell" num="c" person="3" pos="p0300000" wd="es"/>
    </morfema.pronominal>
    <grup.verb>
      <v lem="anar" mood="indicative" num="s" person="3" pos="vaip3s0" postype="auxiliary" tense="present" wd="va"/>
      <v lem="apoderar" lss="A22.transitive-agentive-theme" mood="infinitive" pos="vmn0000" postype="main" wd="apoderar"/>
    </grup.verb>
    <sp arg="arg1" func="creg" tem="tem">
      <prep>
        <s lem="de" pos="sps00" postype="preposition" wd="de"/>
      </prep>
      <sn coreftype="ident" entity="entity4" entityref="spec">
        <spec gen="f" num="s">
          <d gen="c" lem="el" num="s" pos="da0cs0" postype="article" wd="l'"/>
        </spec>
        <grup.nom gen="f" num="s">
          <n gen="f" lem="expedició" num="s" pos="ncfs000" postype="common" sense="16:06218497" wd="expedició"/>
          <s.a gen="f" num="s">
            <grup.a gen="f" num="s">
              <a gen="f" lem="català" num="s" pos="aq0fs0" postype="qualificative" wd="catalana"/>
            </grup.a>
          </s.a>
        </grup.nom>
      </sn>
    </sp>
    <S clausesubtype="concessive" clausetype="adverbial" func="ao">
      <f lem="," pos="fc" punct="comma" wd=","/>
      <conj conjunctiontype="subordinating">
        <c lem="malgrat_que" pos="cs" postype="subordinating" wd="malgrat_que"/>
      </conj>
      <sn arg="arg0" entity="entity16" entityref="ne" func="suj" ne="person" tem="agt">
        <spec gen="m" num="s">
          <d coreftype="ident" entity="entity4" entityref="spec" gen="m" lem="el_seu" num="s" person="3" pos="dp3ms0" postype="possessive" wd="el_seu"/>
        </spec>
        <grup.nom gen="m" num="s">
          <n gen="m" lem="president" num="s" pos="ncms000" postype="common" sense="16:07496197" wd="president"/>
          <sn corefsubtype="definit" coreftype="pred" entity="entity16" entityref="ne" ne="person">
            <f lem="," pos="fc" punct="comma" wd=","/>
            <grup.nom gen="m" num="s">
              <n lem="Lluís_Escalé" ne="person" pos="np0000p" postype="proper" sense="16:cs1" wd="Lluís_Escalé"/>
            </grup.nom>
            <f lem="," pos="fc" punct="comma" wd=","/>
          </sn>
        </grup.nom>
      </sn>
      <grup.verb>
        <v lem="haver" mood="indicative" num="s" person="3" pos="vaii3s0" postype="auxiliary" tense="imperfect" wd="havia"/>
        <v gen="m" lem="reconèixer" lss="A21.transitive-agentive-patient" mood="participle" num="s" pos="vmp00sm" postype="main" wd="reconegut"/>
      </grup.verb>
      <sadv arg="argM" func="cc" tem="tmp">
        <grup.adv>
          <r lem="prèviament" pos="rg" wd="prèviament"/>
        </grup.adv>
      </sadv>
      <S arg="arg1" clausetype="completive" func="cd" tem="pat">
        <conj conjunctiontype="subordinating">
          <c lem="que" pos="cs" postype="subordinating" wd="que"/>
        </conj>
        <S arg="arg1" clausetype="completive" func="suj" impersonal="yes" tem="tem">
          <infinitiu>
            <v lem="ascendir" lss="B11.unaccusative-motion" mood="infinitive" pos="vmn0000" postype="main" wd="ascendir"/>
          </infinitiu>
          <sp arg="arg2" func="cc" tem="loc">
            <prep>
              <s lem="a" pos="sps00" postype="preposition" wd="a"/>
            </prep>
            <sn coreftype="ident" entity="entity2" entityref="ne" ne="other">
              <grup.nom>
                <n lem="Segona_B" ne="other" pos="np0000a" postype="proper" sense="16:cs1" wd="Segona_B"/>
              </grup.nom>
            </sn>
          </sp>
        </S>
        <sadv>
          <f lem="," pos="fc" punct="comma" wd=","/>
          <grup.adv>
            <r lem="més_que" pos="rg" wd="més_que"/>
            <sn>
              <spec gen="m" num="s">
                <d gen="m" lem="un" num="s" pos="di0ms0" postype="indefinite" wd="un"/>
              </spec>
              <grup.nom gen="m" num="s">
                <n gen="m" lem="premi" num="s" pos="ncms000" postype="common" sense="16:09547800" wd="premi"/>
              </grup.nom>
            </sn>
          </grup.adv>
          <f lem="," pos="fc" punct="comma" wd=","/>
        </sadv>
        <grup.verb>
          <v lem="ser" lss="C21.state-attributive" mood="indicative" num="s" person="3" pos="vsii3s0" postype="semiauxiliary" tense="imperfect" wd="era"/>
        </grup.verb>
        <sn arg="arg2" func="atr" tem="atr">
          <f lem="&quot;" pos="fe" punct="quotation" wd="&quot;"/>
          <spec gen="m" num="s">
            <d gen="m" lem="un" num="s" pos="di0ms0" postype="indefinite" wd="un"/>
          </spec>
          <grup.nom gen="m" num="s">
            <n gen="m" lem="càstig" num="s" pos="ncms000" postype="common" sense="16:05035921" wd="càstig"/>
          </grup.nom>
          <f lem="&quot;" pos="fe" punct="quotation" wd="&quot;"/>
        </sn>
        <sp arg="argM" func="cc" tem="adv">
          <f lem="," pos="fc" punct="comma" wd=","/>
          <prep>
            <s lem="per" pos="sps00" postype="preposition" wd="per"/>
          </prep>
          <sn entity="entity17" entityref="nne" homophoricDD="yes">
            <spec gen="f" num="p">
              <d gen="f" lem="el" num="p" pos="da0fp0" postype="article" wd="les"/>
            </spec>
            <grup.nom gen="f" num="p">
              <s.a gen="f" num="p">
                <grup.a gen="f" num="p">
                  <a gen="f" lem="nombrós" num="p" pos="aq0fp0" postype="qualificative" wd="nombroses"/>
                </grup.a>
              </s.a>
              <n gen="f" lem="despesa" num="p" pos="ncfp000" postype="common" sense="16:09552872" wd="despeses"/>
              <S clausetype="relative">
                <relatiu arg="arg1" coreftype="ident" entity="entity17" entityref="nne" func="cd" tem="pat">
                  <p gen="c" lem="que" num="c" pos="pr0cn000" postype="relative" wd="que"/>
                </relatiu>
                <sn arg="arg0" coreftype="ident" elliptic="yes" entity="entity6" entityref="nne" func="suj" tem="agt"/>
                <grup.verb>
                  <v lem="representar" lss="A21.transitive-agentive-patient" mood="indicative" num="s" person="3" pos="vmip3s0" postype="main" tense="present" wd="representa"/>
                </grup.verb>
              </S>
            </grup.nom>
          </sn>
        </sp>
      </S>
    </S>
    <f lem="." pos="fp" punct="period" wd="."/>
  </sentence>
  <sentence coord="yes">
    <S entity="entity19">
      <sn arg="arg0" coreftype="ident" entity="entity18" entityref="spec" func="suj" tem="agt">
        <spec gen="m" num="s">
          <d gen="c" lem="el" num="s" pos="da0cs0" postype="article" wd="L'"/>
        </spec>
        <grup.nom gen="m" num="s">
          <n gen="m" lem="equip" num="s" pos="ncms000" postype="common" sense="16:06093198" wd="equip"/>
          <S clausetype="relative">
            <relatiu arg="arg1" coreftype="ident" entity="entity18" entityref="spec" func="cd" tem="pat">
              <p gen="c" lem="que" num="c" pos="pr0cn000" postype="relative" wd="que"/>
            </relatiu>
            <grup.verb>
              <v lem="entrenar" lss="A21.transitive-agentive-patient" mood="indicative" num="s" person="3" pos="vmip3s0" postype="main" tense="present" wd="entrena"/>
            </grup.verb>
            <sn arg="arg0" entityref="ne" func="suj" ne="person" tem="agt">
              <grup.nom gen="m" num="s">
                <n lem="Miquel_Álvarez" ne="person" pos="np0000p" postype="proper" sense="16:cs1" wd="Miquel_Álvarez"/>
              </grup.nom>
            </sn>
          </S>
        </grup.nom>
      </sn>
      <grup.verb>
        <v lem="haver" mood="indicative" num="s" person="3" pos="vaii3s0" postype="auxiliary" tense="imperfect" wd="havia"/>
        <s lem="de" pos="sps00" postype="preposition" wd="de"/>
        <infinitiu>
          <v lem="guanyar" lss="A21.transitive-agentive-patient" mood="infinitive" pos="vmn0000" postype="main" wd="guanyar"/>
        </infinitiu>
      </grup.verb>
      <sn arg="arg1" entity="entity21" entityref="ne" func="cd" ne="organization" tem="pat">
        <spec gen="m" num="s">
          <d gen="m" lem="el" num="s" pos="da0ms0" postype="article" wd="el"/>
        </spec>
        <grup.nom gen="m" num="s">
          <n lem="Mar_Menor_de_Múrcia" ne="organization" pos="np0000o" postype="proper" sense="16:cs1" wd="Mar_Menor_de_Múrcia"/>
        </grup.nom>
      </sn>
    </S>
    <conj conjunctiontype="coordinating">
      <c lem="i" pos="cc" postype="coordinating" wd="i"/>
    </conj>
    <S verbless="yes">
      <infinitiu>
        <v lem="esperar" mood="infinitive" pos="vmn0000" postype="main" wd="esperar"/>
      </infinitiu>
      <sn entity="entity20" entityref="nne">
        <spec gen="f" num="s">
          <d gen="f" lem="un" num="s" pos="di0fs0" postype="indefinite" wd="una"/>
        </spec>
        <grup.nom gen="f" num="s">
          <n gen="f" lem="ensopegada" num="s" pos="ncfs000" postype="common" sense="16:05558628" wd="ensopegada"/>
          <sp>
            <prep>
              <s contracted="yes" gen="m" lem="del" num="s" pos="spcms" postype="preposition" wd="del"/>
            </prep>
            <sn entity="entity22" entityref="ne" ne="organization">
              <grup.nom gen="m" num="s">
                <n lem="Novelda" ne="organization" pos="np0000o" postype="proper" sense="16:cs1" wd="Novelda"/>
              </grup.nom>
            </sn>
          </sp>
        </grup.nom>
      </sn>
    </S>
    <f lem="." pos="fp" punct="period" wd="."/>
  </sentence>
  <sentence>
    <neg func="mod">
      <r lem="no" pos="rn" postype="negative" wd="No"/>
    </neg>
    <grup.verb>
      <v lem="anar" mood="indicative" num="s" person="3" pos="vaip3s0" postype="auxiliary" tense="present" wd="va"/>
      <v lem="passar" lss="C42.state-experiencer" mood="infinitive" pos="vmn0000" postype="main" wd="passar"/>
    </grup.verb>
    <sn arg="arg1" coord="yes" func="suj" tem="tem">
      <conj conjunctiontype="coordinating">
        <c lem="ni" pos="cc" postype="coordinating" wd="ni"/>
      </conj>
      <sn corefsubtype="token" coreftype="dx" entity="entity19">
        <spec gen="f" num="s">
          <d gen="f" lem="un" num="s" pos="di0fs0" postype="indefinite" wd="una"/>
        </spec>
        <grup.nom gen="f" num="s">
          <n gen="f" lem="cosa" num="s" pos="ncfs000" postype="common" sense="16:05437110" wd="cosa"/>
        </grup.nom>
      </sn>
      <conj conjunctiontype="coordinating">
        <c lem="ni" pos="cc" postype="coordinating" wd="ni"/>
      </conj>
      <sn coreftype="ident" entity="entity20">
        <spec gen="f" num="s">
          <d gen="c" lem="el" num="s" pos="da0cs0" postype="article" wd="l'"/>
        </spec>
        <grup.nom gen="f" num="s">
          <p gen="f" lem="altre" num="s" pos="pi0fs000" postype="indefinite" wd="altra"/>
        </grup.nom>
      </sn>
    </sn>
    <f lem="." pos="fp" punct="period" wd="."/>
  </sentence>
  <sentence coord="yes">
    <S>
      <sn arg="arg0" coreftype="ident" entity="entity18" entityref="ne" func="suj" ne="organization" tem="agt">
        <spec gen="m" num="s">
          <d gen="m" lem="el" num="s" pos="da0ms0" postype="article" wd="El"/>
        </spec>
        <grup.nom gen="m" num="s">
          <n lem="Mataró" ne="location" pos="np0000l" postype="proper" sense="16:cs1" wd="Mataró"/>
        </grup.nom>
      </sn>
      <grup.verb>
        <v lem="anar" mood="indicative" num="s" person="3" pos="vaip3s0" postype="auxiliary" tense="present" wd="va"/>
        <v lem="encaixar" lss="A21.transitive-agentive-patient" mood="infinitive" pos="vmn0000" postype="main" wd="encaixar"/>
      </grup.verb>
      <sn arg="arg1" entityref="nne" func="cd" tem="pat">
        <spec gen="m" num="p">
          <d gen="m" lem="dos" num="p" pos="dn0mp0" postype="numeral" wd="dos"/>
        </spec>
        <grup.nom gen="m" num="p">
          <n gen="m" lem="gol" num="p" pos="ncmp000" postype="common" sense="16:50004855" wd="gols"/>
        </grup.nom>
      </sn>
      <sp arg="argM" func="cc" tem="tmp">
        <prep>
          <s lem="en" pos="sps00" postype="preposition" wd="en"/>
        </prep>
        <sn entityref="nne">
          <spec gen="f" num="s">
            <d coreftype="ident" entity="entity18" entityref="spec" gen="f" lem="el_seu" num="s" person="3" pos="dp3fs0" postype="possessive" wd="la_seva"/>
          </spec>
          <grup.nom gen="f" num="s">
            <n gen="f" lem="visita" num="s" pos="ncfs000" postype="common" sense="16:cs1" wd="visita"/>
            <sp>
              <prep>
                <s contracted="yes" gen="m" lem="al" num="s" pos="spcms" postype="preposition" wd="al"/>
              </prep>
              <sn coreftype="ident" entity="entity21" entityref="ne" ne="organization">
                <grup.nom gen="m" num="s">
                  <n lem="Mar_Menor" ne="organization" pos="np0000o" postype="proper" sense="16:cs1" wd="Mar_Menor"/>
                </grup.nom>
              </sn>
            </sp>
          </grup.nom>
        </sn>
      </sp>
    </S>
    <conj conjunctiontype="coordinating">
      <c lem="i" pos="cc" postype="coordinating" wd="i"/>
    </conj>
    <S>
      <sn arg="arg0" coreftype="ident" entity="entity22" entityref="ne" func="suj" ne="organization" tem="agt">
        <spec gen="m" num="s">
          <d gen="m" lem="el" num="s" pos="da0ms0" postype="article" wd="el"/>
        </spec>
        <grup.nom gen="m" num="s">
          <n lem="Novelda" ne="organization" pos="np0000o" postype="proper" sense="16:cs1" wd="Novelda"/>
        </grup.nom>
      </sn>
      <grup.verb>
        <v lem="anar" mood="indicative" num="s" person="3" pos="vaip3s0" postype="auxiliary" tense="present" wd="va"/>
        <v lem="aconseguir" lss="A21.transitive-agentive-patient" mood="infinitive" pos="vmn0000" postype="main" wd="aconseguir"/>
      </grup.verb>
      <sn arg="arg1" coreftype="ident" entity="entity6" entityref="nne" func="cd" tem="pat">
        <spec gen="m" num="s">
          <d gen="c" lem="el" num="s" pos="da0cs0" postype="article" wd="l'"/>
        </spec>
        <grup.nom gen="m" num="s">
          <n gen="m" lem="ascens" num="s" pos="ncms000" postype="common" sense="16:00209440" wd="ascens"/>
        </grup.nom>
      </sn>
      <sp arg="argM" func="cc" tem="mnr">
        <prep>
          <s lem="amb" pos="sps00" postype="preposition" wd="amb"/>
        </prep>
        <sn entityref="nne">
          <sn>
            <spec gen="m" num="s">
              <d gen="m" lem="un" num="s" pos="di0ms0" postype="indefinite" wd="un"/>
            </spec>
            <grup.nom gen="m" num="s">
              <n gen="m" lem="triomf" num="s" pos="ncms000" postype="common" sense="16:cs1" wd="triomf"/>
              <sp>
                <prep>
                  <s lem="sobre" pos="sps00" postype="preposition" wd="sobre"/>
                </prep>
                <sn entityref="ne" ne="organization">
                  <spec gen="m" num="s">
                    <d gen="m" lem="el" num="s" pos="da0ms0" postype="article" wd="el"/>
                  </spec>
                  <grup.nom gen="m" num="s">
                    <n lem="Constància" ne="organization" pos="np0000o" postype="proper" sense="16:cs1" wd="Constància"/>
                  </grup.nom>
                </sn>
              </sp>
            </grup.nom>
          </sn>
          <sn adjunct="yes" entityref="ne" ne="number">
            <grup.nom>
              <f lem="(" pos="fpa" punct="bracket" punctenclose="open" wd="("/>
              <z lem="1-0" ne="number" wd="1-0"/>
              <f lem=")" pos="fpt" punct="bracket" punctenclose="close" wd=")"/>
            </grup.nom>
          </sn>
        </sn>
      </sp>
    </S>
    <f lem="." pos="fp" punct="period" wd="."/>
  </sentence>
</article>
