<?xml version="1.0" encoding="UTF-8" standalone="no"?>
<!-- 

  ancora-2.0
       
			Copyright (C) 2007, 2008, 2009, 2010, 2011 UB - CLiC
			Centre de Llenguatge i Computació - Universitat de Barcelona
 
  This file is part of ancora-2.0.
 
  ancora-2.0 is free software and data: you can redistribute it and/or modify
  it under the terms of the GNU General Public License as published
  by the Free Software Foundation, either version 3 of the License,
  or (at your option) any later version.

  ancora-2.0 is distributed in the hope that it will be useful,
  but WITHOUT ANY WARRANTY; without even the implied warranty of
  MERCHANTABILITY or FITNESS FOR A PARTICULAR PURPOSE.  See the
  GNU General Public License for more details.
 
  You should have received a copy of the GNU General Public License
  along with ancora-2.0.  If not, see &lt;http://www.gnu.org/licenses/&gt;.
 
  Check a text in catalan explaining the terms of the license at http://www.softcatala.cat/wiki/GPL3.
  In spanish at http://www.viti.es/gnu/licenses/gpl.html
 

  The following paper must be cited when using this corpus:

 * Taulé, M., M.A. Martí, M. Recasens (2008) 'Ancora: Multilevel Annotated Corpora for Catalan and Spanish',
   Proceedings of 6th International Conference on Language Resources and Evaluation. Marrakesh (Morocco).

  In addition, the following paper must be cited if coreference information (attributes entity, coreftype,
  corefsubtype, homophoricDD or entityref) is used:

 * Recasens, Marta, M. Antònia Martí (2010) ‘AnCora-CO: Coreferentially annotated corpora for Spanish and
   Catalan’. Language Resources and Evaluation, Springer Science.

  Additionally, the following paper must be cited when argumental attributes in "sn" or "grup.nom"
  (attributes func, arg, tem or lexicalid) are used:

 * Peris, Aina, Mariona Taulé, Horacio Rodríguez (2010) ‘Semantic Annotation of Deverbal Nominalizations in the
   Spanish AnCora corpus’. Treebanks and Linguistic Theories (TLT-2010), Estonia.
-->
<article lng="ca">
  <sentence entity="entity39">
    <sn arg="arg0" entity="entity40" entityref="ne" func="suj" ne="organization" tem="agt" title="yes">
      <grup.nom>
        <n lem="Uno-e" ne="organization" pos="np0000o" postype="proper" sense="16:cs1" wd="Uno-e"/>
      </grup.nom>
    </sn>
    <grup.verb>
      <v lem="regalar" lss="A32.ditransitive-patient-benefactive" mood="indicative" num="s" person="3" pos="vmif3s0" postype="main" tense="future" wd="regalarà"/>
    </grup.verb>
    <sn arg="arg1" entityref="ne" func="cd" ne="number" tem="pat" title="yes">
      <spec gen="f" num="p">
        <z lem="15000" ne="number" wd="15.000"/>
      </spec>
      <grup.nom gen="f" num="p">
        <z lem="pesseta" ne="number" pos="zm" postype="currency" wd="pessetes"/>
      </grup.nom>
    </sn>
    <sp arg="arg2" func="ci" tem="ben">
      <prep>
        <s contracted="yes" gen="m" lem="al" num="p" pos="spcmp" postype="preposition" wd="als"/>
      </prep>
      <sn entityref="nne" title="yes">
        <spec gen="m" num="p">
          <d coreftype="ident" entity="entity40" entityref="spec" gen="m" lem="seu" num="p" person="3" pos="dp3mp0" postype="possessive" wd="seus"/>
          <z lem="40000" ne="number" wd="40.000"/>
        </spec>
        <grup.nom gen="m" num="p">
          <s.a gen="m" num="p">
            <grup.a gen="m" num="p">
              <a gen="m" lem="nou" num="p" pos="aq0mp0" postype="qualificative" wd="nous"/>
            </grup.a>
          </s.a>
          <n gen="m" lem="client" num="p" pos="ncmp000" postype="common" sense="16:07197309" wd="clients"/>
        </grup.nom>
      </sn>
    </sp>
    <f lem="." pos="fp" punct="period" wd="."/>
  </sentence>
  <sentence>
    <sn arg="arg0" coreftype="ident" entity="entity38" entityref="ne" func="suj" ne="organization" tem="agt">
      <spec gen="m" num="s">
        <d gen="m" lem="el" num="s" pos="da0ms0" postype="article" wd="El"/>
      </spec>
      <grup.nom gen="m" num="s">
        <n gen="m" lem="banc" num="s" pos="ncms000" postype="common" sense="16:06227059" wd="banc"/>
        <s.a gen="m" num="s">
          <grup.a gen="m" num="s">
            <a gen="m" lem="electrònic" num="s" pos="aq0ms0" postype="qualificative" wd="electrònic"/>
          </grup.a>
        </s.a>
        <sp>
          <prep>
            <s contracted="yes" gen="m" lem="del" num="s" pos="spcms" postype="preposition" wd="del"/>
          </prep>
          <sn entityref="ne" ne="organization">
            <grup.nom gen="m" num="s">
              <n lem="BBVA" ne="organization" pos="np0000o" postype="proper" sense="16:cs1" wd="BBVA"/>
            </grup.nom>
          </sn>
        </sp>
      </grup.nom>
    </sn>
    <grup.verb>
      <v lem="haver" mood="indicative" num="s" person="3" pos="vaip3s0" postype="auxiliary" tense="present" wd="ha"/>
      <v gen="m" lem="fer" lss="A21.transitive-agentive-patient" mood="participle" num="s" pos="vmp00sm" postype="main" wd="fet"/>
    </grup.verb>
    <sn arg="arg1" corefsubtype="token" coreftype="dx" entity="entity39" entityref="nne" func="cd" tem="pat">
      <spec gen="f" num="s">
        <d gen="f" lem="aquest" num="s" pos="dd0fs0" postype="demonstrative" wd="aquesta"/>
      </spec>
      <grup.nom gen="f" num="s">
        <n gen="f" lem="oferta" num="s" pos="ncfs000" postype="common" sense="16:09726614" wd="oferta"/>
      </grup.nom>
    </sn>
    <sp arg="argM" func="cc" tem="fin">
      <prep>
        <s lem="amb_l'_objectiu_de" pos="sps00" postype="preposition" wd="amb_l'_objectiu_de"/>
      </prep>
      <S clausetype="completive" impersonal="yes">
        <infinitiu>
          <v lem="promoure" lss="A21.transitive-agentive-patient" mood="infinitive" pos="vmn0000" postype="main" wd="promoure"/>
        </infinitiu>
        <sn arg="arg1" entityref="nne" func="cd" tem="pat">
          <spec gen="m" num="s">
            <d coreftype="ident" entity="entity38" entityref="spec" gen="m" lem="el_seu" num="s" person="3" pos="dp3ms0" postype="possessive" wd="el_seu"/>
          </spec>
          <grup.nom gen="m" num="s">
            <s.a gen="m" num="s">
              <grup.a gen="m" num="s">
                <a gen="m" lem="nou" num="s" pos="aq0ms0" postype="qualificative" wd="nou"/>
              </grup.a>
            </s.a>
            <n gen="m" lem="negoci" num="s" pos="ncms000" postype="common" sense="16:06008236" wd="negoci"/>
          </grup.nom>
        </sn>
        <sp arg="argM" func="cc" tem="loc">
          <prep>
            <s lem="per" pos="sps00" postype="preposition" wd="per"/>
          </prep>
          <sn entityref="ne" ne="other">
            <spec gen="f" num="s">
              <d gen="f" lem="el" num="s" pos="da0fs0" postype="article" wd="la"/>
            </spec>
            <grup.nom gen="f" num="s">
              <n lem="Xarxa" ne="other" pos="np0000a" postype="proper" sense="16:cs1" wd="Xarxa"/>
            </grup.nom>
          </sn>
        </sp>
      </S>
    </sp>
    <f lem="." pos="fp" punct="period" wd="."/>
  </sentence>
  <sentence>
    <sn arg="arg0" coreftype="ident" entity="entity40" entityref="ne" func="suj" ne="organization" tem="agt">
      <grup.nom>
        <n lem="Uno-e" ne="organization" pos="np0000o" postype="proper" sense="16:cs1" wd="Uno-e"/>
      </grup.nom>
    </sn>
    <grup.verb>
      <v lem="crear" lss="A21.transitive-agentive-patient" mood="indicative" num="s" person="3" pos="vmif3s0" postype="main" tense="future" wd="crearà"/>
    </grup.verb>
    <sn arg="arg1" entityref="nne" func="cd" tem="pat">
      <spec gen="m" num="s">
        <d gen="m" lem="un" num="s" pos="di0ms0" postype="indefinite" wd="un"/>
      </spec>
      <grup.nom gen="m" num="s">
        <n gen="m" lem="registre" num="s" pos="ncms000" postype="common" sense="16:04883282" wd="registre"/>
        <sp>
          <prep>
            <s lem="a_través_de" pos="sps00" postype="preposition" wd="a_través_de"/>
          </prep>
          <sn entityref="ne" ne="other">
            <spec gen="f" num="s">
              <d coreftype="ident" entity="entity40" entityref="spec" gen="f" lem="el_seu" num="s" person="3" pos="dp3fs0" postype="possessive" wd="la_seva"/>
            </spec>
            <grup.nom gen="f" num="s">
              <n gen="c" lem="web" num="s" pos="nccs000" postype="common" sense="16:03632937" wd="web"/>
              <sn entityref="ne" ne="other">
                <grup.nom>
                  <f lem="(" pos="fpa" punct="bracket" punctenclose="open" wd="("/>
                  <n lem="www.uno-e._com" ne="other" pos="np0000a" postype="proper" sense="16:cs1" wd="www.uno-e._com"/>
                  <f lem=")" pos="fpt" punct="bracket" punctenclose="close" wd=")"/>
                </grup.nom>
              </sn>
            </grup.nom>
          </sn>
        </sp>
      </grup.nom>
    </sn>
    <sp arg="argM" coord="yes" func="cc" tem="fin">
      <f lem="," pos="fc" punct="comma" wd=","/>
      <sp>
        <prep>
          <s lem="amb" pos="sps00" postype="preposition" wd="amb"/>
        </prep>
        <sn entityref="nne" homophoricDD="yes">
          <spec gen="f" num="s">
            <d gen="f" lem="el" num="s" pos="da0fs0" postype="article" wd="la"/>
          </spec>
          <grup.nom gen="f" num="s">
            <n gen="f" lem="finalitat" num="s" pos="ncfs000" postype="common" sense="16:04586952" wd="finalitat"/>
            <sp>
              <prep>
                <s lem="de" pos="sps00" postype="preposition" wd="de"/>
              </prep>
              <S clausetype="completive" impersonal="yes">
                <infinitiu>
                  <v lem="facilitar" lss="A32.ditransitive-patient-benefactive" mood="infinitive" pos="vmn0000" postype="main" wd="facilitar"/>
                </infinitiu>
                <sn arg="arg1" entityref="nne" func="cd" tem="pat">
                  <grup.nom gen="f" num="s">
                    <n gen="f" lem="informació" num="s" pos="ncfs000" postype="common" sense="16:04977171" wd="informació"/>
                  </grup.nom>
                </sn>
                <sp arg="arg2" func="ci" tem="ben">
                  <prep>
                    <s contracted="yes" gen="m" lem="al" num="p" pos="spcmp" postype="preposition" wd="als"/>
                  </prep>
                  <sn entityref="nne">
                    <spec gen="m" num="p">
                      <d coreftype="ident" entity="entity40" entityref="spec" gen="m" lem="seu" num="p" person="3" pos="dp3mp0" postype="possessive" wd="seus"/>
                    </spec>
                    <grup.nom gen="m" num="p">
                      <s.a gen="m" num="p">
                        <grup.a gen="m" num="p">
                          <a gen="m" lem="futur" num="p" pos="aq0mp0" postype="qualificative" wd="futurs"/>
                        </grup.a>
                      </s.a>
                      <n gen="m" lem="client" num="p" pos="ncmp000" postype="common" sense="16:07197309" wd="clients"/>
                    </grup.nom>
                  </sn>
                </sp>
              </S>
            </sp>
          </grup.nom>
        </sn>
      </sp>
      <conj conjunctiontype="coordinating">
        <c lem="i" pos="cc" postype="coordinating" wd="i"/>
      </conj>
      <sp>
        <sadv adjunct="yes">
          <grup.adv>
            <r lem="també" pos="rg" wd="també"/>
          </grup.adv>
        </sadv>
        <sp>
          <prep>
            <s lem="per" pos="sps00" postype="preposition" wd="per"/>
          </prep>
          <S clausetype="completive" impersonal="yes">
            <infinitiu>
              <v lem="preparar" lss="A21.transitive-agentive-patient" mood="infinitive" pos="vmn0000" postype="main" wd="preparar"/>
            </infinitiu>
            <sn arg="arg1" entityref="nne" func="cd" homophoricDD="yes" tem="pat">
              <spec gen="f" num="s">
                <d gen="f" lem="el" num="s" pos="da0fs0" postype="article" wd="la"/>
              </spec>
              <grup.nom gen="f" num="s">
                <n gen="f" lem="posada_en_marxa" num="s" pos="ncfs000" postype="common" sense="16:cs1" wd="posada_en_marxa"/>
                <s.a gen="f" num="s">
                  <grup.a gen="f" num="s">
                    <a gen="f" lem="efectiu" num="s" pos="aq0fs0" postype="qualificative" wd="efectiva"/>
                  </grup.a>
                </s.a>
                <sp>
                  <prep>
                    <s contracted="yes" gen="m" lem="del" num="s" pos="spcms" postype="preposition" wd="del"/>
                  </prep>
                  <sn coreftype="ident" entity="entity40" entityref="spec">
                    <grup.nom gen="m" num="s">
                      <n gen="m" lem="banc" num="s" pos="ncms000" postype="common" sense="16:06227059" wd="banc"/>
                    </grup.nom>
                  </sn>
                </sp>
              </grup.nom>
            </sn>
          </S>
        </sp>
      </sp>
    </sp>
    <f lem="." pos="fp" punct="period" wd="."/>
  </sentence>
</article>
