<?xml version="1.0" encoding="UTF-8"?>
<!-- 

  ancora-2.0
       
			Copyright (C) 2007, 2008, 2009, 2010, 2011 UB - CLiC
			Centre de Llenguatge i Computació - Universitat de Barcelona
 
  This file is part of ancora-2.0.
 
  ancora-2.0 is free software and data: you can redistribute it and/or modify
  it under the terms of the GNU General Public License as published
  by the Free Software Foundation, either version 3 of the License,
  or (at your option) any later version.

  ancora-2.0 is distributed in the hope that it will be useful,
  but WITHOUT ANY WARRANTY; without even the implied warranty of
  MERCHANTABILITY or FITNESS FOR A PARTICULAR PURPOSE.  See the
  GNU General Public License for more details.
 
  You should have received a copy of the GNU General Public License
  along with ancora-2.0.  If not, see &lt;http://www.gnu.org/licenses/&gt;.
 
  Check a text in catalan explaining the terms of the license at http://www.softcatala.cat/wiki/GPL3.
  In spanish at http://www.viti.es/gnu/licenses/gpl.html
 

  The following paper must be cited when using this corpus:

 * Taulé, M., M.A. Martí, M. Recasens (2008) 'Ancora: Multilevel Annotated Corpora for Catalan and Spanish',
   Proceedings of 6th International Conference on Language Resources and Evaluation. Marrakesh (Morocco).

  In addition, the following paper must be cited if coreference information (attributes entity, coreftype,
  corefsubtype, homophoricDD or entityref) is used:

 * Recasens, Marta, M. Antònia Martí (2010) ‘AnCora-CO: Coreferentially annotated corpora for Spanish and
   Catalan’. Language Resources and Evaluation, Springer Science.

  Additionally, the following paper must be cited when argumental attributes in "sn" or "grup.nom"
  (attributes func, arg, tem or lexicalid) are used:

 * Peris, Aina, Mariona Taulé, Horacio Rodríguez (2010) ‘Semantic Annotation of Deverbal Nominalizations in the
   Spanish AnCora corpus’. Treebanks and Linguistic Theories (TLT-2010), Estonia.
-->
<article lng="ca">
  <sentence entity="entity3">
    <sp arg="argM" func="cc" tem="tmp">
      <prep>
        <s contracted="yes" gen="m" lem="a_partir_del" num="p" pos="spcmp" postype="preposition" wd="A_partir_dels"/>
      </prep>
      <sn>
        <spec gen="m" num="p">
          <z lem="13" ne="number" wd="13"/>
        </spec>
        <grup.nom gen="m" num="p">
          <n gen="m" lem="any" num="p" pos="ncmp000" postype="common" sense="16:10917509" wd="anys"/>
        </grup.nom>
      </sn>
      <f lem="," pos="fc" punct="comma" wd=","/>
    </sp>
    <sn arg="arg0" entity="entity1" entityref="nne" func="suj" homophoricDD="yes" tem="agt">
      <spec gen="f" num="p">
        <d gen="f" lem="el" num="p" pos="da0fp0" postype="article" wd="les"/>
      </spec>
      <grup.nom gen="f" num="p">
        <n gen="f" lem="nena" num="p" pos="ncfp000" postype="common" sense="16:07260273" wd="nenes"/>
        <s.a gen="f" num="p">
          <grup.a gen="f" num="p">
            <a gen="f" lem="francès" num="p" pos="aq0fp0" postype="qualificative" wd="franceses"/>
          </grup.a>
        </s.a>
        <S clausetype="relative">
          <relatiu arg="arg0" coreftype="ident" entity="entity1" entityref="nne" func="suj" tem="agt">
            <p gen="c" lem="que" num="c" pos="pr0cn000" postype="relative" wd="que"/>
          </relatiu>
          <sn arg="arg1" corefsubtype="type" coreftype="dx" entity="entity2" entityref="nne" func="cd" tem="pat">
            <grup.nom gen="m" num="s">
              <p gen="c" lem="ho" num="c" person="3" pos="pp3nn000" postype="personal" wd="ho"/>
            </grup.nom>
          </sn>
          <grup.verb>
            <v lem="desitjar" lss="A21.transitive-agentive-patient" mood="subjunctive" num="p" person="3" pos="vmsp3p0" postype="main" tense="present" wd="desitgin"/>
          </grup.verb>
        </S>
      </grup.nom>
    </sn>
    <grup.verb>
      <v lem="poder" mood="indicative" num="p" person="3" pos="vmif3p0" postype="main" tense="future" wd="podran"/>
      <infinitiu entity="entity2">
        <v lem="demanar" lss="A32.ditransitive-patient-benefactive" mood="infinitive" pos="vmn0000" postype="main" wd="demanar"/>
      </infinitiu>
    </grup.verb>
    <sp arg="argM" func="cc" tem="loc">
      <prep>
        <s contracted="yes" gen="m" lem="al" num="p" pos="spcmp" postype="preposition" wd="als"/>
      </prep>
      <sn entityref="nne">
        <spec gen="m" num="p">
          <d coreftype="ident" entity="entity1" entityref="nne" gen="m" lem="seu" num="p" person="3" pos="dp3mp0" postype="possessive" wd="seus"/>
        </spec>
        <grup.nom gen="m" num="p">
          <n gen="m" lem="col·legi" num="p" pos="ncmp000" postype="common" sense="16:03281918" wd="col·legis"/>
        </grup.nom>
      </sn>
    </sp>
    <sn arg="arg1" entityref="nne" func="cd" homophoricDD="yes" tem="pat">
      <spec gen="f" num="s">
        <d gen="f" lem="el" num="s" pos="da0fs0" postype="article" wd="la"/>
      </spec>
      <grup.nom gen="f" num="s">
        <n gen="f" lem="pastilla" num="s" pos="ncfs000" postype="common" sense="16:03123093" wd="pastilla"/>
        <sp>
          <prep>
            <s lem="de" pos="sps00" postype="preposition" wd="de"/>
          </prep>
          <sn entityref="lex">
            <spec gen="m" num="s">
              <d gen="c" lem="el" num="s" pos="da0cs0" postype="article" wd="l'"/>
            </spec>
            <grup.nom gen="m" num="s">
              <n gen="m" lem="endemà" num="s" pos="ncms000" postype="common" sense="16:cs1" wd="endemà"/>
            </grup.nom>
          </sn>
        </sp>
      </grup.nom>
    </sn>
    <f lem="." pos="fp" punct="period" wd="."/>
  </sentence>
  <sentence verbless="yes">
    <conj conjunctiontype="coordinating">
      <c lem="i" pos="cc" postype="coordinating" wd="I"/>
    </conj>
    <sa>
      <spec>
        <r lem="tan" pos="rg" wd="tan"/>
      </spec>
      <grup.a>
        <a gen="f" lem="tranquil" num="p" pos="aq0fp0" postype="qualificative" wd="tranquil·les"/>
      </grup.a>
    </sa>
    <f lem="." pos="fp" punct="period" wd="."/>
  </sentence>
  <sentence>
    <sp arg="argM" func="cc" tem="adv">
      <prep>
        <s lem="amb" pos="sps00" postype="preposition" wd="Amb"/>
      </prep>
      <sn corefsubtype="token" coreftype="dx" entity="entity3" entityref="nne">
        <spec gen="f" num="s">
          <d gen="f" lem="aquest" num="s" pos="dd0fs0" postype="demonstrative" wd="aquesta"/>
        </spec>
        <grup.nom gen="f" num="s">
          <n gen="f" lem="mesura" num="s" pos="ncfs000" postype="common" sense="16:cs1" wd="mesura"/>
        </grup.nom>
      </sn>
      <f lem="," pos="fc" punct="comma" wd=","/>
    </sp>
    <sn arg="arg0" entityref="ne" func="suj" ne="person" tem="agt">
      <spec gen="f" num="s">
        <d gen="f" lem="el" num="s" pos="da0fs0" postype="article" wd="la"/>
      </spec>
      <grup.nom gen="f" num="s">
        <n gen="f" lem="ministra" num="s" pos="ncfs000" postype="common" sense="16:07412658" wd="ministra"/>
        <sn entityref="ne" ne="person">
          <grup.nom gen="f" num="s">
            <n lem="Ségolène_Royal" ne="person" pos="np0000p" postype="proper" sense="16:cs1" wd="Ségolène_Royal"/>
          </grup.nom>
        </sn>
      </grup.nom>
    </sn>
    <grup.verb>
      <v lem="haver" mood="indicative" num="s" person="3" pos="vaip3s0" postype="auxiliary" tense="present" wd="ha"/>
      <v gen="m" lem="armar" lss="A21.transitive-agentive-patient" mood="participle" num="s" pos="vmp00sm" postype="main" wd="armat"/>
    </grup.verb>
    <sadv arg="argM" func="cc" tem="mnr">
      <f lem="," pos="fc" punct="comma" wd=","/>
      <grup.adv>
        <r lem="lògicament" pos="rg" wd="lògicament"/>
      </grup.adv>
      <f lem="," pos="fc" punct="comma" wd=","/>
    </sadv>
    <sn arg="arg1" entityref="lex" func="cd" tem="pat">
      <spec gen="m" num="s">
        <d gen="c" lem="el" num="s" pos="da0cs0" postype="article" wd="l'"/>
      </spec>
      <grup.nom gen="m" num="s">
        <n gen="m" lem="enrenou" num="s" pos="ncms000" postype="common" sense="16:10069389" wd="enrenou"/>
      </grup.nom>
    </sn>
    <f lem="." pos="fp" punct="period" wd="."/>
  </sentence>
  <sentence>
    <sp arg="argM" func="cc" tem="adv">
      <f lem="&quot;" pos="fe" punct="quotation" wd="&quot;"/>
      <prep>
        <s lem="en_lloc_de" pos="sps00" postype="preposition" wd="En_lloc_de"/>
      </prep>
      <S clausetype="completive" impersonal="yes">
        <infinitiu>
          <v lem="fomentar" lss="A21.transitive-agentive-patient" mood="infinitive" pos="vmn0000" postype="main" wd="fomentar"/>
        </infinitiu>
        <sn arg="arg1" entityref="nne" func="cd" homophoricDD="yes" tem="pat">
          <spec gen="f" num="p">
            <d gen="f" lem="el" num="p" pos="da0fp0" postype="article" wd="les"/>
          </spec>
          <grup.nom gen="f" num="p">
            <n gen="f" lem="relació" num="p" pos="ncfp000" postype="common" sense="16:10036039" wd="relacions"/>
            <s.a gen="f" num="p">
              <grup.a gen="f" num="p">
                <a gen="c" lem="sexual" num="p" pos="aq0cp0" postype="qualificative" wd="sexuals"/>
              </grup.a>
            </s.a>
          </grup.nom>
        </sn>
        <sp arg="argM" func="cc" tem="mnr">
          <prep>
            <s lem="de" pos="sps00" postype="preposition" wd="d'"/>
          </prep>
          <sn entityref="lex">
            <spec gen="f" num="s">
              <d gen="f" lem="aquest" num="s" pos="dd0fs0" postype="demonstrative" wd="aquesta"/>
            </spec>
            <grup.nom gen="f" num="s">
              <n gen="f" lem="manera" num="s" pos="ncfs000" postype="common" sense="16:cs1" wd="manera"/>
            </grup.nom>
          </sn>
        </sp>
      </S>
    </sp>
    <inc>
      <S>
        <f lem="-" pos="fg" punct="hyphen" wd="-"/>
        <grup.verb>
          <v lem="dir" lss="A32.ditransitive-patient-benefactive" mood="indicative" num="p" person="3" pos="vmip3p0" postype="main" tense="present" wd="diuen"/>
        </grup.verb>
        <sn arg="arg0" entityref="nne" func="suj" homophoricDD="yes" tem="agt">
          <spec gen="m" num="p">
            <d gen="m" lem="el" num="p" pos="da0mp0" postype="article" wd="els"/>
            <r lem="més" pos="rg" wd="més"/>
          </spec>
          <grup.nom gen="m" num="p">
            <s.a gen="m" num="p">
              <grup.a gen="m" num="p">
                <a gen="m" lem="conservador" num="p" pos="aq0mp0" postype="qualificative" wd="conservadors"/>
              </grup.a>
            </s.a>
          </grup.nom>
        </sn>
        <f lem="-" pos="fg" punct="hyphen" wd="-"/>
        <f lem="," pos="fc" punct="comma" wd=","/>
      </S>
    </inc>
    <grup.verb>
      <v lem="valer" lss="C11.state-existential" mood="indicative" num="s" person="3" pos="vmic3s0" postype="main" tense="conditional" wd="valdria"/>
    </grup.verb>
    <sadv arg="argM" func="cc" tem="adv">
      <grup.adv>
        <r lem="més" pos="rg" wd="més"/>
      </grup.adv>
    </sadv>
    <S arg="arg1" clausetype="completive" func="suj" tem="tem">
      <conj conjunctiontype="subordinating">
        <c lem="que" pos="cs" postype="subordinating" wd="que"/>
      </conj>
      <sn arg="arg0" coreftype="ident" elliptic="yes" entity="entity3" entityref="nne" func="suj" tem="agt"/>
      <grup.verb>
        <v lem="defensar" lss="A21.transitive-agentive-patient" mood="subjunctive" num="s" person="3" pos="vmsi3s0" postype="main" tense="imperfect" wd="defensés"/>
      </grup.verb>
      <sn arg="arg1" entity="entity6" entityref="nne" func="cd" homophoricDD="yes" tem="pat">
        <spec gen="f" num="s">
          <d gen="f" lem="el" num="s" pos="da0fs0" postype="article" wd="la"/>
        </spec>
        <grup.nom gen="f" num="s">
          <n gen="f" lem="castedat" num="s" pos="ncfs000" postype="common" sense="16:00691886" wd="castedat"/>
        </grup.nom>
      </sn>
      <f lem="&quot;" pos="fe" punct="quotation" wd="&quot;"/>
    </S>
    <f lem="." pos="fp" punct="period" wd="."/>
  </sentence>
  <sentence>
    <sn arg="arg1" elliptic="yes" entityref="lex" func="suj" tem="tem"/>
    <grup.verb>
      <v lem="ser" lss="C21.state-attributive" mood="indicative" num="s" person="3" pos="vsip3s0" postype="semiauxiliary" tense="present" wd="És"/>
    </grup.verb>
    <sa arg="arg2" func="atr" tem="atr">
      <grup.a>
        <a gen="m" lem="clar" num="s" pos="aq0ms0" postype="qualificative" wd="clar"/>
      </grup.a>
    </sa>
    <f lem="." pos="fp" punct="period" wd="."/>
  </sentence>
  <sentence>
    <sn arg="arg1" entityref="nne" func="suj" tem="tem">
      <spec gen="m" num="s">
        <d gen="m" lem="el" num="s" pos="da0ms0" postype="article" wd="El"/>
      </spec>
      <grup.nom gen="m" num="s">
        <p gen="m" lem="mateix" num="s" pos="pi0ms000" postype="indefinite" wd="mateix"/>
      </grup.nom>
    </sn>
    <grup.verb>
      <v lem="anar" mood="indicative" num="s" person="3" pos="vaip3s0" postype="auxiliary" tense="present" wd="va"/>
      <v lem="passar" lss="C42.state-experiencer" mood="infinitive" pos="vmn0000" postype="main" wd="passar"/>
    </grup.verb>
    <sp arg="argM" func="cc" tem="loc">
      <prep>
        <s contracted="yes" gen="m" lem="al" num="p" pos="spcmp" postype="preposition" wd="als"/>
      </prep>
      <sn entityref="ne" ne="location">
        <grup.nom gen="m" num="p">
          <n lem="EUA" ne="location" pos="np0000l" postype="proper" wd="EUA"/>
        </grup.nom>
      </sn>
    </sp>
    <S arg="argM" clausetype="adverbial" func="cc" tem="tmp">
      <conj conjunctiontype="subordinating">
        <c lem="quan" pos="cs" postype="subordinating" wd="quan"/>
      </conj>
      <sn arg="arg0" entity="entity4" entityref="ne" func="suj" ne="person" tem="agt">
        <spec gen="m" num="s">
          <d gen="m" lem="el" num="s" pos="da0ms0" postype="article" wd="el"/>
        </spec>
        <grup.nom gen="m" num="s">
          <n gen="c" lem="basquetbolista" num="s" pos="nccs000" postype="common" sense="16:07103509" wd="basquetbolista"/>
          <sn entityref="ne" ne="person">
            <grup.nom gen="m" num="s">
              <n lem="Magic_Johnson" ne="person" pos="np0000p" postype="proper" sense="16:cs1" wd="Magic_Johnson"/>
            </grup.nom>
          </sn>
        </grup.nom>
      </sn>
      <grup.verb>
        <v lem="anar" mood="indicative" num="s" person="3" pos="vaip3s0" postype="auxiliary" tense="present" wd="va"/>
        <v lem="revelar" lss="A21.transitive-agentive-patient" mood="infinitive" pos="vmn0000" postype="main" wd="revelar"/>
      </grup.verb>
      <S arg="arg1" clausetype="completive" func="cd" tem="pat">
        <conj conjunctiontype="subordinating">
          <c lem="que" pos="cs" postype="subordinating" wd="que"/>
        </conj>
        <sn arg="arg1" coreftype="ident" elliptic="yes" entity="entity4" entityref="spec" func="suj" tem="tem"/>
        <grup.verb>
          <v lem="tenir" lss="C21.state-attributive" mood="indicative" num="s" person="3" pos="vmii3s0" postype="main" tense="imperfect" wd="tenia"/>
        </grup.verb>
        <sn arg="arg2" entityref="nne" func="cd" functype="quantitative" homophoricDD="yes" tem="atr">
          <spec gen="f" num="s">
            <d gen="f" lem="el" num="s" pos="da0fs0" postype="article" wd="la"/>
          </spec>
          <grup.nom gen="f" num="s">
            <n gen="f" lem="sida" num="s" pos="ncfs000" postype="common" sense="16:10163158" wd="sida"/>
          </grup.nom>
        </sn>
      </S>
    </S>
    <f lem="." pos="fp" punct="period" wd="."/>
  </sentence>
  <sentence entity="entity9">
    <S arg="arg1" clausetype="completive" func="cd" tem="pat">
      <f lem="&quot;" pos="fe" punct="quotation" wd="&quot;"/>
      <morfema.verbal func="pass">
        <p gen="c" lem="es" num="c" pos="p0000000" wd="S'"/>
      </morfema.verbal>
      <grup.verb>
        <v lem="haver" mood="indicative" num="s" person="3" pos="vaip3s0" postype="auxiliary" tense="present" wd="ha"/>
        <s lem="de" pos="sps00" postype="preposition" wd="de"/>
        <infinitiu>
          <v lem="practicar" lss="B22.unaccusative-passive-transitive" mood="infinitive" pos="vmn0000" postype="main" wd="practicar"/>
        </infinitiu>
      </grup.verb>
      <sn arg="arg1" entity="entity5" entityref="nne" func="suj" homophoricDD="yes" tem="pat">
        <spec gen="f" num="s">
          <d gen="f" lem="el" num="s" pos="da0fs0" postype="article" wd="la"/>
        </spec>
        <grup.nom gen="f" num="s">
          <n gen="f" lem="sexualitat" num="s" pos="ncfs000" postype="common" sense="16:03910916" wd="sexualitat"/>
        </grup.nom>
      </sn>
      <sp arg="argM" func="cc" tem="adv">
        <prep>
          <s lem="amb" pos="sps00" postype="preposition" wd="amb"/>
        </prep>
        <sn entityref="nne">
          <grup.nom gen="f" num="p">
            <n gen="f" lem="precaució" num="p" pos="ncfp000" postype="common" sense="16:04349454" wd="precaucions"/>
          </grup.nom>
        </sn>
      </sp>
      <f lem="&quot;" pos="fe" punct="quotation" wd="&quot;"/>
      <f lem="," pos="fc" punct="comma" wd=","/>
    </S>
    <morfema.pronominal>
      <p gen="c" lem="ell" num="c" person="3" pos="p0300000" wd="es"/>
    </morfema.pronominal>
    <grup.verb>
      <v lem="anar" mood="indicative" num="s" person="3" pos="vaip3s0" postype="auxiliary" tense="present" wd="va"/>
      <v lem="lamentar" lss="A21.transitive-agentive-patient" mood="infinitive" pos="vmn0000" postype="main" wd="lamentar"/>
    </grup.verb>
    <sn arg="arg0" coreftype="ident" entity="entity4" entityref="spec" func="suj" tem="agt">
      <spec gen="m" num="s">
        <d gen="c" lem="el" num="s" pos="da0cs0" postype="article" wd="l'"/>
      </spec>
      <grup.nom gen="m" num="s">
        <n gen="m" lem="home" num="s" pos="ncms000" postype="common" sense="16:07391044" wd="home"/>
      </grup.nom>
    </sn>
    <f lem="." pos="fp" punct="period" wd="."/>
  </sentence>
  <sentence>
    <S arg="arg1" clausetype="completive" func="cd" tem="pat">
      <f lem="&quot;" pos="fe" punct="quotation" wd="&quot;"/>
      <grup.verb>
        <v lem="valer" lss="C11.state-existential" mood="indicative" num="s" person="3" pos="vmip3s0" postype="main" tense="present" wd="Val"/>
      </grup.verb>
      <sadv arg="argM" func="cc" tem="adv">
        <grup.adv>
          <r lem="més" pos="rg" wd="més"/>
        </grup.adv>
      </sadv>
      <S arg="arg1" clausetype="completive" func="suj" impersonal="yes" tem="tem">
        <neg func="mod">
          <r lem="no" pos="rn" postype="negative" wd="no"/>
        </neg>
        <infinitiu>
          <v lem="practicar" lss="A21.transitive-agentive-patient" mood="infinitive" pos="vmn0000" postype="main" wd="practicar"/>
        </infinitiu>
        <sn arg="arg1" coreftype="ident" entity="entity5" entityref="nne" func="cd" tem="pat">
          <grup.nom gen="f" num="s">
            <p case="accusative" gen="f" lem="ell" num="s" person="3" pos="pp3fsa00" postype="personal" wd="-la"/>
          </grup.nom>
        </sn>
        <sadv arg="argM" func="cc" tem="tmp">
          <grup.adv>
            <r lem="mai" pos="rg" wd="mai"/>
          </grup.adv>
        </sadv>
        <sadv arg="argM" func="cc" tem="adv">
          <grup.adv>
            <r lem="fora" pos="rg" wd="fora"/>
            <sp>
              <prep>
                <s contracted="yes" gen="m" lem="del" num="s" pos="spcms" postype="preposition" wd="del"/>
              </prep>
              <sn entityref="nne" homophoricDD="yes">
                <grup.nom gen="m" num="s">
                  <n gen="m" lem="matrimoni" num="s" pos="ncms000" postype="common" sense="16:10061309" wd="matrimoni"/>
                </grup.nom>
              </sn>
            </sp>
          </grup.adv>
        </sadv>
      </S>
      <f lem="&quot;" pos="fe" punct="quotation" wd="&quot;"/>
      <f lem="," pos="fc" punct="comma" wd=","/>
    </S>
    <grup.verb>
      <v lem="anar" mood="indicative" num="p" person="3" pos="vaip3p0" postype="auxiliary" tense="present" wd="van"/>
      <v lem="clamar" lss="A21.transitive-agentive-patient" mood="infinitive" pos="vmn0000" postype="main" wd="clamar"/>
    </grup.verb>
    <sn arg="arg0" coord="yes" entity="entity10" func="suj" tem="agt">
      <sn entityref="nne">
        <grup.nom gen="m" num="p">
          <n gen="m" lem="predicador" num="p" pos="ncmp000" postype="common" sense="16:07493768" wd="predicadors"/>
        </grup.nom>
      </sn>
      <conj conjunctiontype="coordinating">
        <c lem="i" pos="cc" postype="coordinating" wd="i"/>
      </conj>
      <sn entityref="nne">
        <spec gen="m" num="p">
          <d gen="c" lem="altre" num="p" pos="di0cp0" postype="indefinite" wd="altres"/>
        </spec>
        <grup.nom gen="m" num="p">
          <n gen="m" lem="apòstol" num="p" pos="ncmp000" postype="common" sense="16:07079266" wd="apòstols"/>
          <sp>
            <prep>
              <s lem="de" pos="sps00" postype="preposition" wd="de"/>
            </prep>
            <sn coreftype="ident" entity="entity6" entityref="nne" homophoricDD="yes">
              <spec gen="f" num="s">
                <d gen="f" lem="el" num="s" pos="da0fs0" postype="article" wd="la"/>
              </spec>
              <grup.nom gen="f" num="s">
                <n gen="f" lem="continència" num="s" pos="ncfs000" postype="common" sense="16:03824690" wd="continència"/>
              </grup.nom>
            </sn>
          </sp>
        </grup.nom>
      </sn>
    </sn>
    <f lem="." pos="fp" punct="period" wd="."/>
  </sentence>
  <sentence entity="entity8">
    <sp arg="argM" func="cc" tem="tmp">
      <prep>
        <s lem="en" pos="sps00" postype="preposition" wd="En"/>
      </prep>
      <sn entityref="nne">
        <spec gen="m" num="p">
          <d gen="m" lem="aquell" num="p" pos="dd0mp0" postype="demonstrative" wd="aquells"/>
        </spec>
        <grup.nom gen="m" num="p">
          <n gen="m" lem="moment" num="p" pos="ncmp000" postype="common" sense="16:10850147" wd="moments"/>
        </grup.nom>
      </sn>
    </sp>
    <grup.verb>
      <v lem="acabar" mood="indicative" num="s" person="3" pos="vmii3s0" postype="main" tense="imperfect" wd="acabava"/>
      <s lem="de" pos="sps00" postype="preposition" wd="d'"/>
      <infinitiu>
        <v lem="aparèixer" lss="B11.unaccusative-motion" mood="infinitive" pos="vmn0000" postype="main" wd="aparèixer"/>
      </infinitiu>
    </grup.verb>
    <sn arg="arg1" entityref="nne" func="suj" homophoricDD="yes" tem="tem">
      <spec gen="f" num="s">
        <d gen="c" lem="el" num="s" pos="da0cs0" postype="article" wd="l'"/>
      </spec>
      <grup.nom gen="f" num="s">
        <n gen="f" lem="autobiografia" num="s" pos="ncfs000" postype="common" sense="16:04890949" wd="autobiografia"/>
        <sp>
          <prep>
            <s lem="de" pos="sps00" postype="preposition" wd="d'"/>
          </prep>
          <sn entity="entity7" entityref="spec">
            <spec gen="m" num="s">
              <d gen="m" lem="un" num="s" pos="di0ms0" postype="indefinite" wd="un"/>
              <d gen="m" lem="altre" num="s" pos="di0ms0" postype="indefinite" wd="altre"/>
            </spec>
            <grup.nom gen="m" num="s">
              <n gen="m" lem="monstre" num="s" pos="ncms000" postype="common" sense="16:07167525" wd="monstre"/>
              <sp>
                <prep>
                  <s lem="de" pos="sps00" postype="preposition" wd="de"/>
                </prep>
                <sn entityref="ne" ne="other">
                  <spec gen="f" num="s">
                    <d gen="f" lem="el" num="s" pos="da0fs0" postype="article" wd="la"/>
                  </spec>
                  <grup.nom gen="f" num="s">
                    <n lem="NBA" ne="other" pos="np0000a" postype="proper" sense="16:cs1" wd="NBA"/>
                  </grup.nom>
                </sn>
              </sp>
              <sn entityref="ne" ne="person">
                <f lem="," pos="fc" punct="comma" wd=","/>
                <grup.nom gen="m" num="s">
                  <n lem="Wilt_Chamberlain" ne="person" pos="np0000p" postype="proper" sense="16:cs1" wd="Wilt_Chamberlain"/>
                </grup.nom>
              </sn>
              <S clausetype="relative">
                <f lem="," pos="fc" punct="comma" wd=","/>
                <relatiu arg="arg0" coreftype="ident" entity="entity7" entityref="spec" func="suj" tem="agt">
                  <p gen="c" lem="que" num="c" pos="pr0cn000" postype="relative" wd="que"/>
                </relatiu>
                <grup.verb>
                  <v lem="afirmar" lss="A21.transitive-agentive-patient" mood="indicative" num="s" person="3" pos="vmii3s0" postype="main" tense="imperfect" wd="afirmava"/>
                </grup.verb>
                <sa arg="argM" func="cc" tem="adv">
                  <spec>
                    <r lem="tan" pos="rg" wd="tan"/>
                  </spec>
                  <grup.a>
                    <a gen="m" lem="tranquil" num="s" pos="aq0ms0" postype="qualificative" wd="tranquil"/>
                  </grup.a>
                </sa>
                <S arg="arg1" clausetype="completive" func="cd" tem="pat">
                  <conj conjunctiontype="subordinating">
                    <c lem="que" pos="cs" postype="subordinating" wd="que"/>
                  </conj>
                  <sn arg="arg0" coreftype="ident" elliptic="yes" entity="entity7" entityref="spec" func="suj" tem="agt"/>
                  <grup.verb>
                    <v lem="haver" mood="indicative" num="s" person="3" pos="vaii3s0" postype="auxiliary" tense="imperfect" wd="havia"/>
                    <v gen="m" lem="fer" lss="A22.transitive-agentive-theme" mood="participle" num="s" pos="vmp00sm" postype="main" wd="fet"/>
                  </grup.verb>
                  <sn arg="argL" entityref="lex" func="cd">
                    <spec gen="m" num="s">
                      <d gen="c" lem="el" num="s" pos="da0cs0" postype="article" wd="l'"/>
                    </spec>
                    <grup.nom gen="m" num="s">
                      <n gen="c" lem="amor" num="s" pos="nccs000" postype="common" sense="16:cs1" wd="amor"/>
                    </grup.nom>
                  </sn>
                  <sp arg="arg1" func="creg" tem="tem">
                    <prep>
                      <s lem="amb" pos="sps00" postype="preposition" wd="amb"/>
                    </prep>
                    <sn entityref="nne">
                      <spec gen="f" num="p">
                        <r lem="més" pos="rg" wd="més"/>
                        <s lem="de" pos="sps00" postype="preposition" wd="de"/>
                        <z lem="20000" ne="number" wd="20.000"/>
                      </spec>
                      <grup.nom gen="f" num="p">
                        <n gen="f" lem="dona" num="p" pos="ncfp000" postype="common" sense="16:07684780" wd="dones"/>
                      </grup.nom>
                    </sn>
                  </sp>
                </S>
              </S>
            </grup.nom>
          </sn>
        </sp>
      </grup.nom>
    </sn>
    <f lem="." pos="fp" punct="period" wd="."/>
  </sentence>
  <sentence>
    <sp arg="argM" func="cc" tem="adv">
      <prep>
        <s lem="amb" pos="sps00" postype="preposition" wd="Amb"/>
      </prep>
      <sn entityref="nne">
        <spec gen="f" num="p">
          <d gen="f" lem="un" num="p" pos="di0fp0" postype="indefinite" wd="unes"/>
        </spec>
        <grup.nom gen="f" num="p">
          <n gen="c" lem="plusmarquista" num="p" pos="nccp000" postype="common" sense="16:07522531" wd="plusmarquistes"/>
          <sp>
            <prep>
              <s lem="de" pos="sps00" postype="preposition" wd="de"/>
            </prep>
            <sn entityref="nne" homophoricDD="yes">
              <spec gen="f" num="s">
                <d gen="f" lem="el" num="s" pos="da0fs0" postype="article" wd="la"/>
              </spec>
              <grup.nom gen="f" num="s">
                <n gen="f" lem="promiscuïtat" num="s" pos="ncfs000" postype="common" sense="16:00549662" wd="promiscuïtat"/>
              </grup.nom>
            </sn>
          </sp>
          <sp>
            <prep>
              <c lem="com" pos="cs" postype="subordinating" wd="com"/>
            </prep>
            <sn coreftype="dx" entity="entity8+entity9" entityref="nne">
              <grup.nom gen="f" num="p">
                <p gen="f" lem="aquest" num="p" pos="pd0fp000" postype="demonstrative" wd="aquestes"/>
              </grup.nom>
            </sn>
          </sp>
        </grup.nom>
      </sn>
      <f lem="," pos="fc" punct="comma" wd=","/>
    </sp>
    <neg func="mod">
      <r lem="no" pos="rn" postype="negative" wd="no"/>
    </neg>
    <grup.verb>
      <v lem="ser" lss="C21.state-attributive" mood="indicative" num="s" person="3" pos="vsip3s0" postype="semiauxiliary" tense="present" wd="és"/>
    </grup.verb>
    <sa arg="arg2" func="atr" tem="atr">
      <grup.a>
        <a gen="m" lem="estrany" num="s" pos="aq0ms0" postype="qualificative" wd="estrany"/>
      </grup.a>
    </sa>
    <S arg="arg1" clausetype="completive" func="suj" tem="tem">
      <conj conjunctiontype="subordinating">
        <c lem="que" pos="cs" postype="subordinating" wd="que"/>
      </conj>
      <sp arg="arg2" func="ci" repetition="yes" tem="ben">
        <prep>
          <s contracted="yes" gen="m" lem="al" num="p" pos="spcmp" postype="preposition" wd="als"/>
        </prep>
        <sn coreftype="ident" entity="entity10" entityref="nne" homophoricDD="yes">
          <grup.nom gen="m" num="p">
            <n gen="m" lem="purità" num="p" pos="ncmp000" postype="common" sense="16:07512781" wd="puritans"/>
          </grup.nom>
        </sn>
      </sp>
      <morfema.pronominal>
        <p gen="c" lem="ell" num="c" person="3" pos="p0300000" wd="se"/>
      </morfema.pronominal>
      <sn arg="arg2" coreftype="ident" entity="entity10" entityref="nne" func="ci" repetition="yes" tem="ben">
        <grup.nom num="p">
          <p gen="c" lem="ell" num="p" person="3" pos="pp3cp000" postype="personal" wd="'ls"/>
        </grup.nom>
      </sn>
      <grup.verb>
        <v lem="eriçar" lss="B21.unaccusative-state" mood="subjunctive" num="s" person="3" pos="vmsi3s0" postype="main" tense="imperfect" wd="ericés"/>
      </grup.verb>
      <sn arg="arg1" func="suj" tem="tem">
        <sadv adjunct="yes">
          <grup.adv>
            <r lem="fins_i_tot" pos="rg" wd="fins_i_tot"/>
          </grup.adv>
        </sadv>
        <sn entityref="nne" homophoricDD="yes">
          <spec gen="m" num="s">
            <d gen="m" lem="el" num="s" pos="da0ms0" postype="article" wd="el"/>
          </spec>
          <grup.nom gen="m" num="s">
            <n gen="m" lem="borrissol" num="s" pos="ncms000" postype="common" sense="16:01412402" wd="borrissol"/>
            <sp>
              <prep>
                <s contracted="yes" gen="m" lem="del" num="s" pos="spcms" postype="preposition" wd="del"/>
              </prep>
              <sn entityref="nne">
                <grup.nom gen="m" num="s">
                  <n gen="m" lem="pubis" num="c" pos="ncmn000" postype="common" sense="16:04305878" wd="pubis"/>
                </grup.nom>
              </sn>
            </sp>
          </grup.nom>
        </sn>
      </sn>
    </S>
    <f lem="." pos="fp" punct="period" wd="."/>
  </sentence>
  <sentence entity="entity11">
    <sp arg="arg2" func="ci" repetition="yes" tem="ben">
      <prep>
        <s lem="a" pos="sps00" postype="preposition" wd="A"/>
      </prep>
      <grup.nom gen="m" num="s">
        <p gen="m" lem="un" num="s" pos="pi0ms000" postype="indefinite" wd="un"/>
        <S clausetype="relative">
          <f lem="," pos="fc" punct="comma" wd=","/>
          <relatiu arg="arg0" coreftype="ident" entity="entity11" entityref="nne" func="suj" tem="agt">
            <p gen="c" lem="que" num="c" pos="pr0cn000" postype="relative" wd="que"/>
          </relatiu>
          <sp arg="arg1" func="creg" repetition="yes" tem="tem">
            <prep>
              <s lem="de" pos="sps00" postype="preposition" wd="d'"/>
            </prep>
            <sn entity="entity12" entityref="nne">
              <spec gen="f" num="p">
                <d gen="f" lem="aquest" num="p" pos="dd0fp0" postype="demonstrative" wd="aquestes"/>
              </spec>
              <grup.nom gen="f" num="p">
                <n gen="f" lem="cosa" num="p" pos="ncfp000" postype="common" sense="16:04384343" wd="coses"/>
              </grup.nom>
            </sn>
          </sp>
          <sn arg="arg1" coreftype="ident" entity="entity12" entityref="nne" func="creg" repetition="yes" tem="tem">
            <grup.nom>
              <p gen="c" lem="hi" num="c" person="3" pos="pp3cn000" postype="personal" wd="hi"/>
            </grup.nom>
          </sn>
          <grup.verb>
            <v lem="entendre" lss="A22.transitive-agentive-theme" mood="indicative" num="s" person="3" pos="vmip3s0" postype="main" tense="present" wd="entén"/>
          </grup.verb>
          <sadv arg="argM" func="cc" tem="adv">
            <grup.adv>
              <r lem="poc" pos="rg" wd="poc"/>
            </grup.adv>
          </sadv>
          <f lem="," pos="fc" punct="comma" wd=","/>
        </S>
      </grup.nom>
    </sp>
    <neg func="mod">
      <r lem="no" pos="rn" postype="negative" wd="no"/>
    </neg>
    <sn arg="arg2" coreftype="ident" entity="entity11" entityref="nne" func="ci" repetition="yes" tem="ben">
      <grup.nom gen="m" num="s">
        <p case="accusative" gen="m" lem="ell" num="s" person="3" pos="pp3msa00" postype="personal" wd="el"/>
      </grup.nom>
    </sn>
    <grup.verb>
      <v lem="preocupar" lss="A11.transitive-causative" mood="indicative" num="s" person="3" pos="vmip3s0" postype="main" tense="present" wd="preocupa"/>
    </grup.verb>
    <sn arg="arg0" entity="entity14" entityref="nne" func="suj" homophoricDD="yes" tem="cau">
      <spec gen="m" num="s">
        <d gen="c" lem="el" num="s" pos="da0cs0" postype="article" wd="l'"/>
      </spec>
      <grup.nom gen="m" num="s">
        <n gen="m" lem="ús" num="s" pos="ncms000" postype="common" sense="16:00605730" wd="ús"/>
        <sp>
          <prep>
            <s lem="de" pos="sps00" postype="preposition" wd="de"/>
          </prep>
          <sn coreftype="ident" entity="entity13" entityref="nne" homophoricDD="yes">
            <spec gen="f" num="s">
              <d gen="f" lem="el" num="s" pos="da0fs0" postype="article" wd="la"/>
            </spec>
            <grup.nom gen="f" num="s">
              <n gen="f" lem="pastilla" num="s" pos="ncfs000" postype="common" sense="16:03123093" wd="pastilla"/>
              <sp>
                <prep>
                  <s lem="de" pos="sps00" postype="preposition" wd="de"/>
                </prep>
                <sn entityref="lex">
                  <spec gen="m" num="s">
                    <d gen="c" lem="el" num="s" pos="da0cs0" postype="article" wd="l'"/>
                  </spec>
                  <grup.nom gen="m" num="s">
                    <n gen="m" lem="endemà" num="s" pos="ncms000" postype="common" sense="16:cs1" wd="endemà"/>
                  </grup.nom>
                </sn>
              </sp>
            </grup.nom>
          </sn>
        </sp>
      </grup.nom>
    </sn>
    <f lem="." pos="fp" punct="period" wd="."/>
  </sentence>
  <sentence>
    <sn arg="arg1" coreftype="ident" entity="entity11" entityref="nne" func="cd" tem="tem">
      <grup.nom num="s">
        <p case="accusative" gen="c" lem="ell" num="s" person="3" pos="pp3csa00" postype="personal" wd="L'"/>
      </grup.nom>
    </sn>
    <grup.verb>
      <v lem="inquietar" lss="A11.transitive-causative" mood="indicative" num="s" person="3" pos="vmip3s0" postype="main" tense="present" wd="inquieta"/>
    </grup.verb>
    <sadv func="et">
      <f lem="," pos="fc" punct="comma" wd=","/>
      <grup.adv>
        <r lem="en_canvi" pos="rg" wd="en_canvi"/>
      </grup.adv>
      <f lem="," pos="fc" punct="comma" wd=","/>
    </sadv>
    <sn arg="arg0" entityref="nne" func="suj" homophoricDD="yes" tem="cau">
      <spec gen="f" num="s">
        <d gen="f" lem="el" num="s" pos="da0fs0" postype="article" wd="la"/>
      </spec>
      <grup.nom gen="f" num="s">
        <n gen="f" lem="proliferació" num="s" pos="ncfs000" postype="common" sense="16:09711339" wd="proliferació"/>
        <sp>
          <prep>
            <s lem="de" pos="sps00" postype="preposition" wd="de"/>
          </prep>
          <sn entity="entity18" entityref="nne">
            <grup.nom gen="f" num="p">
              <n gen="f" lem="relació" num="p" pos="ncfp000" postype="common" sense="16:10036039" wd="relacions"/>
              <s.a gen="f" num="p">
                <grup.a gen="f" num="p">
                  <a gen="c" lem="sexual" num="p" pos="aq0cp0" postype="qualificative" wd="sexuals"/>
                </grup.a>
              </s.a>
              <s.a complex="yes" gen="f" num="p">
                <grup.a coord="yes" gen="f" num="p">
                  <grup.a gen="f" num="p">
                    <a gen="f" lem="insegur" num="p" pos="aq0fp0" postype="qualificative" wd="insegures"/>
                  </grup.a>
                  <conj conjunctiontype="coordinating">
                    <c lem="i" pos="cc" postype="coordinating" wd="i"/>
                  </conj>
                  <grup.a gen="f" num="p">
                    <a gen="f" lem="ingenu" num="p" pos="aq0fp0" postype="qualificative" wd="ingènues"/>
                  </grup.a>
                </grup.a>
              </s.a>
              <sp>
                <prep>
                  <s lem="entre" pos="sps00" postype="preposition" wd="entre"/>
                </prep>
                <sn entityref="nne" homophoricDD="yes">
                  <spec gen="m" num="p">
                    <d gen="m" lem="el" num="p" pos="da0mp0" postype="article" wd="els"/>
                  </spec>
                  <grup.nom gen="m" num="p">
                    <n gen="c" lem="adolescent" num="p" pos="nccp000" postype="common" sense="16:07064442" wd="adolescents"/>
                  </grup.nom>
                </sn>
              </sp>
              <s.a gen="f" num="p">
                <f lem=";" pos="fx" punct="semicolon" wd=";"/>
                <s.a gen="f" num="p">
                  <sadv>
                    <grup.adv>
                      <r lem="tan" pos="rg" wd="tan"/>
                    </grup.adv>
                  </sadv>
                  <grup.a gen="f" num="p">
                    <a gen="f" lem="absurd" num="p" pos="aq0fp0" postype="qualificative" wd="absurdes"/>
                  </grup.a>
                </s.a>
                <sn adjunct="yes">
                  <spec gen="f" num="p">
                    <d gen="f" lem="molt" num="p" pos="di0fp0" postype="indefinite" wd="moltes"/>
                  </spec>
                  <grup.nom gen="f" num="p">
                    <n gen="f" lem="vegada" num="p" pos="ncfp000" postype="common" sense="16:05449233" wd="vegades"/>
                  </grup.nom>
                </sn>
                <S adjunct="yes" clausesubtype="comparative" clausetype="adverbial" verbless="yes">
                  <conj conjunctiontype="subordinating">
                    <c lem="com" pos="cs" postype="subordinating" wd="com"/>
                  </conj>
                  <sn coord="yes">
                    <sn entityref="nne" homophoricDD="yes">
                      <spec gen="m" num="s">
                        <d gen="c" lem="el" num="s" pos="da0cs0" postype="article" wd="l'"/>
                      </spec>
                      <grup.nom gen="m" num="s">
                        <n gen="m" lem="abús" num="s" pos="ncms000" postype="common" sense="16:00606110" wd="abús"/>
                        <sp>
                          <prep>
                            <s lem="de" pos="sps00" postype="preposition" wd="de"/>
                          </prep>
                          <sn entityref="nne" homophoricDD="yes">
                            <spec gen="m" num="s">
                              <d gen="c" lem="el" num="s" pos="da0cs0" postype="article" wd="l'"/>
                            </spec>
                            <grup.nom gen="m" num="s">
                              <n gen="m" lem="alcohol" num="s" pos="ncms000" postype="common" sense="16:05910986" wd="alcohol"/>
                            </grup.nom>
                          </sn>
                        </sp>
                      </grup.nom>
                    </sn>
                    <conj conjunctiontype="coordinating">
                      <c lem="o" pos="cc" postype="coordinating" wd="o"/>
                    </conj>
                    <sn entityref="nne" homophoricDD="yes">
                      <spec gen="m" num="s">
                        <d gen="c" lem="el" num="s" pos="da0cs0" postype="article" wd="l'"/>
                      </spec>
                      <grup.nom gen="m" num="s">
                        <n gen="m" lem="increment" num="s" pos="ncms000" postype="common" sense="16:09729055" wd="increment"/>
                        <sp>
                          <prep>
                            <s contracted="yes" gen="m" lem="del" num="s" pos="spcms" postype="preposition" wd="del"/>
                          </prep>
                          <sn entityref="nne" homophoricDD="yes">
                            <grup.nom gen="m" num="s">
                              <n gen="m" lem="tabaquisme" num="s" pos="ncms000" postype="common" sense="16:cs1" wd="tabaquisme"/>
                            </grup.nom>
                          </sn>
                        </sp>
                      </grup.nom>
                    </sn>
                  </sn>
                </S>
              </s.a>
              <sp>
                <f lem="," pos="fc" punct="comma" wd=","/>
                <prep>
                  <s lem="per" pos="sps00" postype="preposition" wd="per"/>
                </prep>
                <S clausetype="completive" impersonal="yes">
                  <infinitiu>
                    <v lem="treure" lss="A21.transitive-agentive-patient" mood="infinitive" pos="vmn0000" postype="main" wd="treure"/>
                  </infinitiu>
                  <sn arg="arg2" coreftype="ident" entity="entity14" entityref="nne" func="ci" repetition="yes" tem="ben">
                    <grup.nom num="s">
                      <p case="dative" gen="c" lem="ell" num="s" person="3" pos="pp3csd00" postype="personal" wd="-li"/>
                    </grup.nom>
                  </sn>
                  <sadv func="et">
                    <grup.adv>
                      <r lem="així" pos="rg" wd="així"/>
                    </grup.adv>
                  </sadv>
                  <sn arg="arg1" entityref="nne" func="cd" tem="pat">
                    <spec gen="f" num="s">
                      <d gen="c" lem="qualsevol" num="s" pos="di0cs0" postype="indefinite" wd="qualsevol"/>
                    </spec>
                    <grup.nom gen="f" num="s">
                      <n gen="f" lem="connotació" num="s" pos="ncfs000" postype="common" sense="16:04952685" wd="connotació"/>
                      <s.a gen="f" num="s">
                        <grup.a gen="f" num="s">
                          <a gen="c" lem="moral" num="s" pos="aq0cs0" postype="qualificative" wd="moral"/>
                        </grup.a>
                      </s.a>
                    </grup.nom>
                  </sn>
                  <sp arg="arg2" func="ci" repetition="yes" tem="ben">
                    <prep>
                      <s contracted="yes" gen="m" lem="al" num="s" pos="spcms" postype="preposition" wd="al"/>
                    </prep>
                    <sn coreftype="ident" entity="entity14" entityref="nne">
                      <grup.nom gen="m" num="s">
                        <n gen="m" lem="tema" num="s" pos="ncms000" postype="common" sense="16:04950638" wd="tema"/>
                      </grup.nom>
                    </sn>
                  </sp>
                </S>
              </sp>
            </grup.nom>
          </sn>
        </sp>
      </grup.nom>
    </sn>
    <f lem="." pos="fp" punct="period" wd="."/>
  </sentence>
  <sentence>
    <grup.verb>
      <v lem="ser" lss="C21.state-attributive" mood="indicative" num="s" person="3" pos="vsic3s0" postype="semiauxiliary" tense="conditional" wd="Seria"/>
    </grup.verb>
    <sa arg="arg2" func="atr" tem="atr">
      <grup.a>
        <a gen="c" lem="millor" num="s" pos="aq0cs0" postype="qualificative" wd="millor"/>
      </grup.a>
    </sa>
    <inc>
      <S>
        <f lem="," pos="fc" punct="comma" wd=","/>
        <sn arg="arg1" elliptic="yes" entityref="lex" func="suj" tem="tem"/>
        <grup.verb>
          <v lem="ser" lss="C21.state-attributive" mood="indicative" num="s" person="3" pos="vsip3s0" postype="semiauxiliary" tense="present" wd="és"/>
        </grup.verb>
        <sa arg="arg2" func="atr" tem="atr">
          <grup.a>
            <a gen="m" lem="clar" num="s" pos="aq0ms0" postype="qualificative" wd="clar"/>
          </grup.a>
        </sa>
        <f lem="," pos="fc" punct="comma" wd=","/>
      </S>
    </inc>
    <S arg="arg1" clausetype="completive" entity="entity17" func="suj" tem="tem">
      <conj conjunctiontype="subordinating">
        <c lem="que" pos="cs" postype="subordinating" wd="que"/>
      </conj>
      <sn arg="arg1" entity="entity16" entityref="nne" func="suj" tem="tem">
        <grup.nom gen="m" num="p">
          <p gen="m" lem="tot" num="p" pos="pi0mp000" postype="indefinite" wd="tots"/>
        </grup.nom>
      </sn>
      <grup.verb>
        <v lem="viure" lss="C21.state-attributive" mood="subjunctive" num="p" person="1" pos="vmsi1p0" postype="main" tense="imperfect" wd="visquéssim"/>
      </grup.verb>
      <sp arg="argM" func="cc" tem="mnr">
        <prep>
          <s lem="de" pos="sps00" postype="preposition" wd="de"/>
        </prep>
        <sn>
          <grup.nom gen="f" num="s">
            <n gen="f" lem="manera" num="s" pos="ncfs000" postype="common" sense="16:00111872" wd="manera"/>
            <s.a complex="yes" gen="f" num="s">
              <grup.a coord="yes" gen="f" num="s">
                <grup.a gen="f" num="s">
                  <a gen="c" lem="feliç" num="s" pos="aq0cs0" postype="qualificative" wd="feliç"/>
                </grup.a>
                <conj conjunctiontype="coordinating">
                  <c lem="i" pos="cc" postype="coordinating" wd="i"/>
                </conj>
                <grup.a gen="f" num="s">
                  <a gen="c" lem="saludable" num="s" pos="aq0cs0" postype="qualificative" wd="saludable"/>
                </grup.a>
              </grup.a>
            </s.a>
          </grup.nom>
        </sn>
      </sp>
    </S>
    <f lem="." pos="fp" punct="period" wd="."/>
  </sentence>
  <sentence coord="yes">
    <conj conjunctiontype="coordinating" func="et">
      <c lem="però" pos="cc" postype="coordinating" wd="Però"/>
    </conj>
    <S coord="yes">
      <S>
        <sn arg="arg0" entityref="nne" func="suj" tem="agt">
          <grup.nom gen="m" num="p">
            <p gen="m" lem="molt" num="p" pos="pi0mp000" postype="indefinite" wd="molts"/>
          </grup.nom>
        </sn>
        <neg func="mod">
          <r lem="no" pos="rn" postype="negative" wd="no"/>
        </neg>
        <grup.verb>
          <v lem="saber" lss="A21.transitive-agentive-patient" mood="indicative" num="p" person="3" pos="vmip3p0" postype="main" tense="present" wd="saben"/>
        </grup.verb>
        <f lem="-" pos="fg" punct="hyphen" wd="-"/>
      </S>
      <conj conjunctiontype="coordinating">
        <c lem="o" pos="cc" postype="coordinating" wd="o"/>
      </conj>
      <S>
        <sn arg="arg0" coreftype="ident" elliptic="yes" entity="entity16" entityref="nne" func="suj" tem="agt"/>
        <neg func="mod">
          <r lem="no" pos="rn" postype="negative" wd="no"/>
        </neg>
        <grup.verb>
          <v lem="saber" lss="A21.transitive-agentive-patient" mood="indicative" num="p" person="1" pos="vmip1p0" postype="main" tense="present" wd="sabem"/>
        </grup.verb>
        <f lem="-" pos="fg" punct="hyphen" wd="-"/>
      </S>
    </S>
    <S adjunct="yes" arg="arg1" clausetype="completive" func="cd" impersonal="yes" tem="pat">
      <infinitiu>
        <v lem="fer" lss="A21.transitive-agentive-patient" mood="infinitive" pos="vmn0000" postype="main" wd="fer"/>
      </infinitiu>
      <sn arg="arg1" corefsubtype="type" coreftype="dx" entity="entity17" entityref="nne" func="cd" tem="pat">
        <grup.nom gen="m" num="s">
          <p gen="c" lem="ho" num="c" person="3" pos="pp3nn000" postype="personal" wd="-ho"/>
        </grup.nom>
      </sn>
    </S>
    <f lem="." pos="fp" punct="period" wd="."/>
  </sentence>
  <sentence>
    <sp func="et">
      <prep>
        <s lem="en" pos="sps00" postype="preposition" wd="En"/>
      </prep>
      <sn coreftype="ident" entity="entity14" entityref="nne">
        <spec gen="m" num="s">
          <d gen="m" lem="aquest" num="s" pos="dd0ms0" postype="demonstrative" wd="aquest"/>
        </spec>
        <grup.nom gen="m" num="s">
          <n gen="m" lem="cas" num="s" pos="ncms000" postype="common" sense="16:10047274" wd="cas"/>
        </grup.nom>
      </sn>
      <f lem="," pos="fc" punct="comma" wd=","/>
    </sp>
    <sn arg="arg0" coreftype="ident" elliptic="yes" entity="entity16" entityref="nne" func="suj" tem="agt"/>
    <grup.verb>
      <v lem="impedir" lss="A32.ditransitive-patient-benefactive" mood="indicative" num="p" person="1" pos="vmip1p0" postype="main" tense="present" wd="impedim"/>
    </grup.verb>
    <sadv func="mod">
      <grup.adv>
        <r lem="almenys" pos="rg" wd="almenys"/>
      </grup.adv>
    </sadv>
    <S arg="arg1" clausetype="completive" func="cd" tem="pat">
      <conj conjunctiontype="subordinating">
        <c lem="que" pos="cs" postype="subordinating" wd="que"/>
      </conj>
      <grup.verb>
        <v lem="augmentar" lss="B21.unaccusative-state" mood="subjunctive" num="s" person="3" pos="vmsp3s0" postype="main" tense="present" wd="augmenti"/>
      </grup.verb>
      <sn arg="arg1" entityref="nne" func="suj" tem="tem">
        <spec gen="m" num="s">
          <d gen="m" lem="el" num="s" pos="da0ms0" postype="article" wd="el"/>
        </spec>
        <grup.nom gen="m" num="s">
          <n gen="m" lem="drama" num="s" pos="ncms000" postype="common" sense="16:05437539" wd="drama"/>
        </grup.nom>
      </sn>
      <sp arg="argM" coord="yes" func="cc" tem="adv">
        <sp>
          <prep>
            <s lem="amb" pos="sps00" postype="preposition" wd="amb"/>
          </prep>
          <sn entityref="nne">
            <grup.nom gen="m" num="p">
              <n gen="m" lem="embaràs" num="p" pos="ncmp000" postype="common" sense="16:10117409" wd="embarassos"/>
              <S clausetype="participle" impersonal="yes">
                <neg func="mod">
                  <r lem="no" pos="rn" postype="negative" wd="no"/>
                </neg>
                <participi>
                  <a gen="m" lem="desitjat" lss="B22.unaccusative-passive-transitive" num="p" pos="aq0mpp" posfunction="participle" postype="qualificative" wd="desitjats"/>
                </participi>
              </S>
            </grup.nom>
          </sn>
        </sp>
        <f lem="," pos="fc" punct="comma" wd=","/>
        <sp>
          <prep>
            <s lem="amb" pos="sps00" postype="preposition" wd="amb"/>
          </prep>
          <sn entityref="nne">
            <grup.nom gen="m" num="p">
              <n gen="m" lem="contagi" num="p" pos="ncmp000" postype="common" sense="16:05482154" wd="contagis"/>
              <s.a gen="m" num="p">
                <grup.a gen="m" num="p">
                  <a gen="m" lem="absurd" num="p" pos="aq0mp0" postype="qualificative" wd="absurds"/>
                </grup.a>
              </s.a>
            </grup.nom>
          </sn>
        </sp>
        <conj conjunctiontype="coordinating">
          <c lem="o" pos="cc" postype="coordinating" wd="o"/>
        </conj>
        <sp>
          <prep>
            <s lem="amb" pos="sps00" postype="preposition" wd="amb"/>
          </prep>
          <sn entityref="nne">
            <grup.nom gen="f" num="p">
              <n gen="f" lem="pena" num="p" pos="ncfp000" postype="common" sense="16:09574623" wd="penes"/>
              <s.a gen="f" num="p">
                <grup.a gen="f" num="p">
                  <a gen="f" lem="suplementari" num="p" pos="aq0fp0" postype="qualificative" wd="suplementàries"/>
                </grup.a>
              </s.a>
            </grup.nom>
          </sn>
        </sp>
      </sp>
      <sp arg="argM" func="cc" tem="adv">
        <prep>
          <s lem="per" pos="sps00" postype="preposition" wd="per"/>
        </prep>
        <sp>
          <prep>
            <s contracted="yes" gen="m" lem="al" num="p" pos="spcmp" postype="preposition" wd="als"/>
          </prep>
          <sn entityref="nne" homophoricDD="yes">
            <grup.nom gen="m" num="p">
              <S clausetype="relative">
                <relatiu arg="arg0" func="suj" tem="agt">
                  <p gen="c" lem="que" num="c" pos="pr0cn000" postype="relative" wd="que"/>
                </relatiu>
                <sadv arg="argM" func="cc" tem="tmp">
                  <grup.adv>
                    <r lem="ja" pos="rg" wd="ja"/>
                  </grup.adv>
                </sadv>
                <grup.verb>
                  <v lem="haver" mood="indicative" num="p" person="3" pos="vaip3p0" postype="auxiliary" tense="present" wd="han"/>
                  <v gen="m" lem="fer" lss="A21.transitive-agentive-patient" mood="participle" num="s" pos="vmp00sm" postype="main" wd="fet"/>
                </grup.verb>
                <sn arg="argL" coreftype="ident" entity="entity18" entityref="nne" func="cd">
                  <spec gen="m" num="s">
                    <d gen="m" lem="el" num="s" pos="da0ms0" postype="article" wd="el"/>
                    <r lem="mal" pos="rg" wd="mal"/>
                  </spec>
                  <grup.nom gen="m" num="s">
                    <n gen="m" lem="pas" num="s" pos="ncms000" postype="common" sense="16:00107819" wd="pas"/>
                  </grup.nom>
                </sn>
              </S>
            </grup.nom>
          </sn>
        </sp>
      </sp>
    </S>
    <f lem="." pos="fp" punct="period" wd="."/>
  </sentence>
  <sentence>
    <sn arg="arg1" elliptic="yes" entityref="nne" func="suj" tem="tem"/>
    <grup.verb>
      <v lem="ser" lss="C21.state-attributive" mood="indicative" num="s" person="3" pos="vsip3s0" postype="semiauxiliary" tense="present" wd="És"/>
    </grup.verb>
    <sn arg="arg2" func="atr" tem="atr">
      <spec gen="m" num="s">
        <d gen="m" lem="el" num="s" pos="da0ms0" postype="article" wd="el"/>
      </spec>
      <grup.nom gen="m" num="s">
        <S clausetype="relative">
          <relatiu arg="arg1" func="cd" tem="pat">
            <p gen="c" lem="que" num="c" pos="pr0cn000" postype="relative" wd="que"/>
          </relatiu>
          <grup.verb>
            <v lem="acabar" mood="indicative" num="s" person="3" pos="vmip3s0" postype="main" tense="present" wd="acaba"/>
            <s lem="de" pos="sps00" postype="preposition" wd="de"/>
            <infinitiu>
              <v lem="fer" lss="A21.transitive-agentive-patient" mood="infinitive" pos="vmn0000" postype="main" wd="fer"/>
            </infinitiu>
          </grup.verb>
          <sn arg="arg0" entity="entity19" entityref="ne" func="suj" ne="person" tem="agt">
            <spec gen="m" num="s">
              <d gen="m" lem="el" num="s" pos="da0ms0" postype="article" wd="el"/>
            </spec>
            <grup.nom gen="m" num="s">
              <n gen="m" lem="delegat" num="s" pos="ncms000" postype="common" sense="16:07207615" wd="delegat"/>
              <sp>
                <prep>
                  <s contracted="yes" gen="m" lem="del" num="s" pos="spcms" postype="preposition" wd="del"/>
                </prep>
                <sn entityref="nne" homophoricDD="yes">
                  <grup.nom gen="m" num="s">
                    <n gen="m" lem="pla" num="s" pos="ncms000" postype="common" sense="16:04494752" wd="pla"/>
                    <sp>
                      <prep>
                        <s lem="sobre" pos="sps00" postype="preposition" wd="sobre"/>
                      </prep>
                      <sn entityref="nne">
                        <grup.nom gen="f" num="p">
                          <n gen="f" lem="droga" num="p" pos="ncfp000" postype="common" sense="16:02609065" wd="drogues"/>
                        </grup.nom>
                      </sn>
                    </sp>
                  </grup.nom>
                </sn>
              </sp>
              <sn corefsubtype="definit" coreftype="pred" entity="entity19" entityref="ne" ne="person">
                <f lem="," pos="fc" punct="comma" wd=","/>
                <grup.nom gen="m" num="s">
                  <n lem="Gonzalo_Robles" ne="person" pos="np0000p" postype="proper" sense="16:cs1" wd="Gonzalo_Robles"/>
                </grup.nom>
                <f lem="," pos="fc" punct="comma" wd=","/>
              </sn>
            </grup.nom>
          </sn>
          <sp arg="argM" func="cc" tem="adv">
            <prep>
              <s contracted="yes" gen="m" lem="al" num="s" pos="spcms" postype="preposition" wd="al"/>
            </prep>
            <S clausetype="completive" impersonal="yes">
              <infinitiu>
                <v lem="propiciar" lss="A21.transitive-agentive-patient" mood="infinitive" pos="vmn0000" postype="main" wd="propiciar"/>
              </infinitiu>
              <sn arg="arg1" entity="entity20" entityref="nne" func="cd" homophoricDD="yes" tem="pat">
                <spec gen="f" num="p">
                  <d gen="f" lem="el" num="p" pos="da0fp0" postype="article" wd="les"/>
                </spec>
                <grup.nom gen="f" num="p">
                  <n gen="f" lem="narcosala" num="p" pos="ncfp000" postype="common" sense="16:cs1" wd="narcosales"/>
                </grup.nom>
              </sn>
            </S>
          </sp>
        </S>
      </grup.nom>
    </sn>
    <f lem="." pos="fp" punct="period" wd="."/>
  </sentence>
  <sentence coord="yes" entity="entity23">
    <sp adjunct="yes" arg="argM" func="cc" tem="adv">
      <prep>
        <s lem="amb" pos="sps00" postype="preposition" wd="Amb"/>
      </prep>
      <sn coreftype="ident" entity="entity20" entityref="nne">
        <spec gen="m" num="p">
          <d gen="m" lem="aquest" num="p" pos="dd0mp0" postype="demonstrative" wd="aquests"/>
        </spec>
        <grup.nom gen="m" num="p">
          <n gen="m" lem="lloc" num="p" pos="ncmp000" postype="common" sense="16:00014887" wd="llocs"/>
          <S clausetype="participle" impersonal="yes">
            <participi>
              <a gen="m" lem="habilitat" lss="B22.unaccusative-passive-transitive" num="p" pos="aq0mpp" posfunction="participle" postype="qualificative" wd="habilitats"/>
            </participi>
            <S arg="argM" clausetype="adverbial" func="cc" tem="fin">
              <conj conjunctiontype="subordinating">
                <c lem="perquè" pos="cs" postype="subordinating" wd="perquè"/>
              </conj>
              <sn arg="arg0" entity="entity21" entityref="nne" func="suj" homophoricDD="yes" tem="agt">
                <spec gen="m" num="p">
                  <d gen="m" lem="el" num="p" pos="da0mp0" postype="article" wd="els"/>
                </spec>
                <grup.nom gen="m" num="p">
                  <n gen="c" lem="drogates" num="p" pos="nccp000" postype="common" sense="16:cs1" wd="drogates"/>
                </grup.nom>
              </sn>
              <morfema.pronominal>
                <p gen="c" lem="ell" num="c" person="3" pos="p0300000" wd="es"/>
              </morfema.pronominal>
              <grup.verb>
                <v lem="punxar" lss="A21.transitive-agentive-patient" mood="subjunctive" num="p" person="3" pos="vmsp3p0" postype="main" tense="present" wd="punxin"/>
              </grup.verb>
              <sp arg="argM" func="cc" tem="adv">
                <prep>
                  <s lem="en" pos="sps00" postype="preposition" wd="en"/>
                </prep>
                <sn entityref="nne">
                  <grup.nom gen="f" num="p">
                    <n gen="f" lem="condició" num="p" pos="ncfp000" postype="common" sense="16:10032130" wd="condicions"/>
                    <s.a gen="f" num="p">
                      <grup.a gen="f" num="p">
                        <a gen="f" lem="higiènic" num="p" pos="aq0fp0" postype="qualificative" wd="higièniques"/>
                      </grup.a>
                    </s.a>
                  </grup.nom>
                </sn>
              </sp>
            </S>
          </S>
        </grup.nom>
      </sn>
      <f lem="," pos="fc" punct="comma" wd=","/>
    </sp>
    <S coord="yes">
      <S>
        <neg func="mod">
          <r lem="no" pos="rn" postype="negative" wd="no"/>
        </neg>
        <morfema.verbal func="pass">
          <p gen="c" lem="es" num="c" pos="p0000000" wd="s'"/>
        </morfema.verbal>
        <grup.verb>
          <v lem="eradicar" lss="B22.unaccusative-passive-transitive" mood="indicative" num="s" person="3" pos="vmip3s0" postype="main" tense="present" wd="eradica"/>
        </grup.verb>
        <sn arg="arg1" entity="entity22" entityref="nne" func="suj" homophoricDD="yes" tem="pat">
          <spec gen="f" num="s">
            <d gen="f" lem="el" num="s" pos="da0fs0" postype="article" wd="la"/>
          </spec>
          <grup.nom gen="f" num="s">
            <n gen="f" lem="drogoaddicció" num="s" pos="ncfs000" postype="common" sense="16:cs1" wd="drogoaddicció"/>
          </grup.nom>
          <f lem="," pos="fc" punct="comma" wd=","/>
        </sn>
      </S>
      <conj conjunctiontype="coordinating">
        <c lem="però" pos="cc" postype="coordinating" wd="però"/>
      </conj>
      <S>
        <morfema.verbal func="pass">
          <p gen="c" lem="es" num="c" pos="p0000000" wd="s'"/>
        </morfema.verbal>
        <grup.verb>
          <v lem="evitar" lss="B22.unaccusative-passive-transitive" mood="indicative" num="s" person="3" pos="vmip3s0" postype="main" tense="present" wd="evita"/>
        </grup.verb>
        <S arg="arg1" clausetype="completive" func="suj" tem="pat">
          <conj conjunctiontype="subordinating">
            <c lem="que" pos="cs" postype="subordinating" wd="que"/>
          </conj>
          <sn arg="arg1" coreftype="ident" entity="entity21" entityref="nne" func="suj" homophoricDD="yes" tem="tem">
            <spec gen="m" num="p">
              <d gen="m" lem="el" num="p" pos="da0mp0" postype="article" wd="els"/>
            </spec>
            <grup.nom gen="m" num="p">
              <S clausetype="participle" impersonal="yes">
                <participi>
                  <a gen="m" lem="encadenat" lss="B22.unaccusative-passive-transitive" num="p" pos="aq0mpp" posfunction="participle" postype="qualificative" wd="encadenats"/>
                </participi>
                <sp arg="argM" func="cc" tem="loc">
                  <prep>
                    <s lem="a" pos="sps00" postype="preposition" wd="a"/>
                  </prep>
                  <sn coreftype="ident" entity="entity22" entityref="nne">
                    <spec gen="m" num="s">
                      <d gen="m" lem="aquest" num="s" pos="dd0ms0" postype="demonstrative" wd="aquest"/>
                    </spec>
                    <grup.nom gen="m" num="s">
                      <n gen="m" lem="infern" num="s" pos="ncms000" postype="common" sense="16:05447067" wd="infern"/>
                    </grup.nom>
                  </sn>
                </sp>
              </S>
            </grup.nom>
          </sn>
          <grup.verb>
            <v lem="patir" lss="C21.state-attributive" mood="subjunctive" num="p" person="3" pos="vmsp3p0" postype="main" tense="present" wd="pateixin"/>
          </grup.verb>
          <sadv arg="argM" func="cc" tem="adv">
            <spec>
              <r lem="encara" pos="rg" wd="encara"/>
            </spec>
            <grup.adv>
              <r lem="més" pos="rg" wd="més"/>
            </grup.adv>
          </sadv>
        </S>
      </S>
    </S>
    <f lem="." pos="fp" punct="period" wd="."/>
  </sentence>
  <sentence coord="yes">
    <S>
      <conj conjunctiontype="coordinating" func="et">
        <c lem="i" pos="cc" postype="coordinating" wd="I"/>
      </conj>
      <sn arg="arg1" corefsubtype="token" coreftype="dx" entity="entity23" entityref="nne" func="suj" tem="tem">
        <grup.nom gen="f" num="s">
          <p gen="f" lem="aquest" num="s" pos="pd0fs000" postype="demonstrative" wd="aquesta"/>
        </grup.nom>
      </sn>
      <neg func="mod">
        <r lem="no" pos="rn" postype="negative" wd="no"/>
      </neg>
      <grup.verb>
        <v lem="ser" lss="C21.state-attributive" mood="indicative" num="s" person="3" pos="vsip3s0" postype="semiauxiliary" tense="present" wd="és"/>
      </grup.verb>
      <sn arg="arg2" func="atr" tem="atr">
        <spec gen="f" num="s">
          <d gen="f" lem="un" num="s" pos="di0fs0" postype="indefinite" wd="una"/>
        </spec>
        <grup.nom gen="f" num="s">
          <n gen="f" lem="consideració" num="s" pos="ncfs000" postype="common" sense="16:04459519" wd="consideració"/>
          <s.a complex="yes" gen="f" num="s">
            <grup.a coord="yes" gen="f" num="s">
              <conj conjunctiontype="coordinating">
                <c lem="ni" pos="cc" postype="coordinating" wd="ni"/>
              </conj>
              <grup.a gen="f" num="s">
                <a gen="f" lem="permissiu" num="s" pos="aq0fs0" postype="qualificative" wd="permissiva"/>
              </grup.a>
              <conj conjunctiontype="coordinating">
                <c lem="ni" pos="cc" postype="coordinating" wd="ni"/>
              </conj>
              <grup.a gen="f" num="s">
                <a gen="f" lem="conservador" num="s" pos="aq0fs0" postype="qualificative" wd="conservadora"/>
              </grup.a>
            </grup.a>
          </s.a>
        </grup.nom>
        <f lem="," pos="fc" punct="comma" wd=","/>
      </sn>
    </S>
    <conj conjunctiontype="coordinating">
      <c lem="sinó" pos="cc" postype="coordinating" wd="sinó"/>
    </conj>
    <S verbless="yes">
      <s.a gen="f" num="s">
        <spec>
          <r lem="simplement" pos="rg" wd="simplement"/>
        </spec>
        <grup.a gen="f" num="s">
          <a gen="f" lem="humà" num="s" pos="aq0fs0" postype="qualificative" wd="humana"/>
        </grup.a>
      </s.a>
    </S>
    <f lem="." pos="fp" punct="period" wd="."/>
  </sentence>
</article>
