<?xml version="1.0" encoding="UTF-8"?>
<!-- 

  ancora-2.0
       
			Copyright (C) 2007, 2008, 2009, 2010, 2011 UB - CLiC
			Centre de Llenguatge i Computació - Universitat de Barcelona
 
  This file is part of ancora-2.0.
 
  ancora-2.0 is free software and data: you can redistribute it and/or modify
  it under the terms of the GNU General Public License as published
  by the Free Software Foundation, either version 3 of the License,
  or (at your option) any later version.

  ancora-2.0 is distributed in the hope that it will be useful,
  but WITHOUT ANY WARRANTY; without even the implied warranty of
  MERCHANTABILITY or FITNESS FOR A PARTICULAR PURPOSE.  See the
  GNU General Public License for more details.
 
  You should have received a copy of the GNU General Public License
  along with ancora-2.0.  If not, see &lt;http://www.gnu.org/licenses/&gt;.
 
  Check a text in catalan explaining the terms of the license at http://www.softcatala.cat/wiki/GPL3.
  In spanish at http://www.viti.es/gnu/licenses/gpl.html
 

  The following paper must be cited when using this corpus:

 * Taulé, M., M.A. Martí, M. Recasens (2008) 'Ancora: Multilevel Annotated Corpora for Catalan and Spanish',
   Proceedings of 6th International Conference on Language Resources and Evaluation. Marrakesh (Morocco).

  In addition, the following paper must be cited if coreference information (attributes entity, coreftype,
  corefsubtype, homophoricDD or entityref) is used:

 * Recasens, Marta, M. Antònia Martí (2010) ‘AnCora-CO: Coreferentially annotated corpora for Spanish and
   Catalan’. Language Resources and Evaluation, Springer Science.

  Additionally, the following paper must be cited when argumental attributes in "sn" or "grup.nom"
  (attributes func, arg, tem or lexicalid) are used:

 * Peris, Aina, Mariona Taulé, Horacio Rodríguez (2010) ‘Semantic Annotation of Deverbal Nominalizations in the
   Spanish AnCora corpus’. Treebanks and Linguistic Theories (TLT-2010), Estonia.
-->
<article lng="ca">
  <sentence verbless="yes">
    <sn entityref="nne" title="yes">
      <grup.nom gen="f" num="s">
        <s.a gen="f" num="s">
          <grup.a gen="f" num="s">
            <a gen="c" lem="total" num="s" pos="aq0cs0" postype="qualificative" wd="Total"/>
          </grup.a>
        </s.a>
        <n gen="f" lem="normalitat" num="s" pos="ncfs000" postype="common" sense="16:10402913" wd="normalitat"/>
      </grup.nom>
    </sn>
    <sp>
      <prep>
        <s lem="en" pos="sps00" postype="preposition" wd="en"/>
      </prep>
      <sn entity="entity2" entityref="nne" homophoricDD="yes" title="yes">
        <spec gen="m" num="p">
          <d gen="m" lem="el" num="p" pos="da0mp0" postype="article" wd="els"/>
        </spec>
        <grup.nom gen="m" num="p">
          <n gen="m" lem="sistema" num="p" pos="ncmp000" postype="common" sense="16:04377619" wd="sistemes"/>
          <s.a gen="m" num="p">
            <grup.a gen="m" num="p">
              <a gen="m" lem="informàtic" num="p" pos="aq0mp0" postype="qualificative" wd="informàtics"/>
            </grup.a>
          </s.a>
        </grup.nom>
      </sn>
    </sp>
    <f lem="." pos="fp" punct="period" wd="."/>
  </sentence>
  <sentence>
    <sn arg="arg1" entity="entity1" entityref="ne" func="suj" ne="other" tem="tem">
      <spec gen="m" num="s">
        <d gen="c" lem="el" num="s" pos="da0cs0" postype="article" wd="L'"/>
      </spec>
      <grup.nom gen="m" num="s">
        <n gen="m" lem="efecte" num="s" pos="ncms000" postype="common" sense="16:cs1" wd="efecte"/>
        <sn entity="entity4" entityref="ne" ne="date">
          <grup.nom gen="m" num="s">
            <w lem="[??:??/??/2000:??.??]" ne="date" wd="2000"/>
          </grup.nom>
        </sn>
      </grup.nom>
    </sn>
    <grup.verb>
      <v lem="ser" lss="C21.state-attributive" mood="indicative" num="s" person="3" pos="vsii3s0" postype="semiauxiliary" tense="imperfect" wd="era"/>
    </grup.verb>
    <sn arg="arg2" func="atr" tem="atr">
      <spec gen="m" num="s">
        <d gen="m" lem="un" num="s" pos="di0ms0" postype="indefinite" wd="un"/>
      </spec>
      <grup.nom gen="m" num="s">
        <n gen="m" lem="problema" num="s" pos="ncms000" postype="common" sense="16:04394770" wd="problema"/>
        <s.a gen="m" num="s">
          <grup.a gen="m" num="s">
            <a gen="c" lem="real" num="s" pos="aq0cs0" postype="qualificative" wd="real"/>
          </grup.a>
        </s.a>
      </grup.nom>
    </sn>
    <S clausesubtype="concessive" clausetype="adverbial" func="ao">
      <f lem="," pos="fc" punct="comma" wd=","/>
      <conj conjunctiontype="subordinating">
        <c lem="encara_que" pos="cs" postype="subordinating" wd="encara_que"/>
      </conj>
      <sn arg="arg0" entityref="nne" func="suj" tem="agt">
        <grup.nom gen="m" num="p">
          <p gen="m" lem="tot" num="p" pos="pi0mp000" postype="indefinite" wd="tots"/>
        </grup.nom>
      </sn>
      <sp arg="argM" func="cc" tem="adv">
        <f lem="," pos="fc" punct="comma" wd=","/>
        <sadv adjunct="yes">
          <grup.adv>
            <r lem="especialment" pos="rg" wd="especialment"/>
          </grup.adv>
        </sadv>
        <sp>
          <prep>
            <s contracted="yes" gen="m" lem="a_causa_del" num="s" pos="spcms" postype="preposition" wd="a_causa_del"/>
          </prep>
          <sn entity="entity3" entityref="nne" homophoricDD="yes">
            <grup.nom gen="m" num="s">
              <n gen="m" lem="desplegament" num="s" pos="ncms000" postype="common" sense="16:09725303" wd="desplegament"/>
              <s.a gen="m" num="s">
                <grup.a gen="m" num="s">
                  <a gen="m" lem="propagandístic" num="s" pos="aq0ms0" postype="qualificative" wd="propagandístic"/>
                </grup.a>
              </s.a>
              <sp>
                <prep>
                  <s lem="de" pos="sps00" postype="preposition" wd="de"/>
                </prep>
                <sn entityref="nne" homophoricDD="yes">
                  <spec gen="f" num="p">
                    <d gen="f" lem="el" num="p" pos="da0fp0" postype="article" wd="les"/>
                  </spec>
                  <grup.nom gen="f" num="p">
                    <n gen="f" lem="administració" num="p" pos="ncfp000" postype="common" sense="16:06188759" wd="administracions"/>
                  </grup.nom>
                </sn>
              </sp>
            </grup.nom>
          </sn>
        </sp>
        <f lem="," pos="fc" punct="comma" wd=","/>
      </sp>
      <grup.verb>
        <v lem="haver" mood="indicative" num="p" person="1" pos="vaip1p0" postype="auxiliary" tense="present" wd="hem"/>
        <v gen="m" lem="ajudar" lss="A34.ditransitive-patient-theme" mood="participle" num="s" pos="vmp00sm" postype="main" wd="ajudat"/>
      </grup.verb>
      <sp arg="arg2" func="creg" tem="tem">
        <prep>
          <s lem="a" pos="sps00" postype="preposition" wd="a"/>
        </prep>
        <S clausetype="completive" impersonal="yes">
          <infinitiu>
            <v lem="magnificar" lss="A21.transitive-agentive-patient" mood="infinitive" pos="vmn0000" postype="main" wd="magnificar"/>
          </infinitiu>
          <sn arg="arg1" coreftype="ident" entity="entity1" entityref="spec" func="cd" tem="pat">
            <grup.nom gen="m" num="s">
              <p case="accusative" gen="m" lem="ell" num="s" person="3" pos="pp3msa00" postype="personal" wd="-lo"/>
            </grup.nom>
          </sn>
        </S>
      </sp>
    </S>
    <f lem="." pos="fp" punct="period" wd="."/>
  </sentence>
  <sentence coord="yes">
    <S>
      <sn arg="arg0" coreftype="ident" entity="entity1" entityref="spec" func="suj" homophoricDD="yes" tem="cau">
        <spec gen="m" num="s">
          <d gen="m" lem="el" num="s" pos="da0ms0" postype="article" wd="El"/>
        </spec>
        <grup.nom gen="m" num="s">
          <S clausetype="participle" impersonal="yes">
            <sadv arg="argM" func="cc" tem="adv">
              <grup.adv>
                <r lem="tan" pos="rg" wd="tan"/>
              </grup.adv>
            </sadv>
            <participi>
              <a gen="m" lem="temut" lss="B22.unaccusative-passive-transitive" num="s" pos="aq0msp" posfunction="participle" postype="qualificative" wd="temut"/>
            </participi>
          </S>
          <n gen="m" lem="canvi" num="s" pos="ncms000" postype="common" sense="16:00719653" wd="canvi"/>
          <sp>
            <prep>
              <s lem="de" pos="sps00" postype="preposition" wd="de"/>
            </prep>
            <sn entityref="nne">
              <grup.nom gen="m" num="p">
                <n gen="m" lem="dígit" num="p" pos="ncmp000" postype="common" sense="16:09893975" wd="dígits"/>
              </grup.nom>
            </sn>
          </sp>
          <sp>
            <prep>
              <s lem="en" pos="sps00" postype="preposition" wd="en"/>
            </prep>
            <sn entityref="nne" homophoricDD="yes">
              <spec gen="m" num="p">
                <d gen="m" lem="el" num="p" pos="da0mp0" postype="article" wd="els"/>
              </spec>
              <grup.nom gen="m" num="p">
                <n gen="m" lem="calendari" num="p" pos="ncmp000" postype="common" sense="16:10891500" wd="calendaris"/>
                <s.a gen="m" num="p">
                  <grup.a gen="m" num="p">
                    <a gen="m" lem="intern" num="p" pos="aq0mp0" postype="qualificative" wd="interns"/>
                  </grup.a>
                </s.a>
                <sp>
                  <prep>
                    <s contracted="yes" gen="m" lem="del" num="p" pos="spcmp" postype="preposition" wd="dels"/>
                  </prep>
                  <sn coreftype="ident" entity="entity2" entityref="nne" homophoricDD="yes">
                    <grup.nom gen="m" num="p">
                      <n gen="m" lem="sistema" num="p" pos="ncmp000" postype="common" sense="16:04377619" wd="sistemes"/>
                      <s.a gen="m" num="p">
                        <grup.a gen="m" num="p">
                          <a gen="m" lem="informàtic" num="p" pos="aq0mp0" postype="qualificative" wd="informàtics"/>
                        </grup.a>
                      </s.a>
                    </grup.nom>
                  </sn>
                </sp>
              </grup.nom>
            </sn>
          </sp>
        </grup.nom>
      </sn>
      <neg func="mod">
        <r lem="no" pos="rn" postype="negative" wd="no"/>
      </neg>
      <grup.verb>
        <v lem="haver" mood="indicative" num="s" person="3" pos="vaip3s0" postype="auxiliary" tense="present" wd="ha"/>
        <v gen="m" lem="desencadenar" lss="A11.transitive-causative" mood="participle" num="s" pos="vmp00sm" postype="main" wd="desencadenat"/>
      </grup.verb>
      <sadv func="et">
        <grup.adv>
          <r lem="finalment" pos="rg" wd="finalment"/>
        </grup.adv>
      </sadv>
      <sn arg="arg1" entityref="nne" func="cd" homophoricDD="yes" tem="tem">
        <spec gen="m" num="s">
          <d gen="m" lem="el" num="s" pos="da0ms0" postype="article" wd="el"/>
        </spec>
        <grup.nom gen="m" num="s">
          <n gen="m" lem="caos" num="c" pos="ncmn000" postype="common" sense="16:10068579" wd="caos"/>
        </grup.nom>
        <f lem="," pos="fc" punct="comma" wd=","/>
      </sn>
    </S>
    <conj conjunctiontype="coordinating">
      <c lem="i" pos="cc" postype="coordinating" wd="i"/>
    </conj>
    <S>
      <sadv func="mod">
        <grup.adv>
          <r lem="només" pos="rg" wd="només"/>
        </grup.adv>
      </sadv>
      <morfema.verbal func="pass">
        <p gen="c" lem="es" num="c" pos="p0000000" wd="s'"/>
      </morfema.verbal>
      <grup.verb>
        <v lem="haver" mood="indicative" num="p" person="3" pos="vaip3p0" postype="auxiliary" tense="present" wd="han"/>
        <v gen="m" lem="produir" lss="B22.unaccusative-passive-transitive" mood="participle" num="s" pos="vmp00sm" postype="main" wd="produït"/>
      </grup.verb>
      <sn arg="arg1" entityref="nne" func="suj" tem="pat">
        <grup.nom gen="f" num="p">
          <s.a gen="f" num="p">
            <grup.a gen="f" num="p">
              <a gen="f" lem="comptadíssim" num="p" pos="aq0fp0" postype="qualificative" wd="comptadíssimes"/>
            </grup.a>
          </s.a>
          <n gen="f" lem="anomalia" num="p" pos="ncfp000" postype="common" sense="16:10406222" wd="anomalies"/>
          <sp>
            <prep>
              <s lem="de" pos="sps00" postype="preposition" wd="de"/>
            </prep>
            <sn>
              <spec gen="f" num="s">
                <r lem="molt" pos="rg" wd="molt"/>
                <d gen="f" lem="poc" num="s" pos="di0fs0" postype="indefinite" wd="poca"/>
              </spec>
              <grup.nom gen="f" num="s">
                <n gen="f" lem="rellevància" num="s" pos="ncfs000" postype="common" sense="16:04026719" wd="rellevància"/>
              </grup.nom>
            </sn>
          </sp>
        </grup.nom>
      </sn>
      <sp arg="argM" func="cc" tem="loc">
        <prep>
          <s lem="en" pos="sps00" postype="preposition" wd="en"/>
        </prep>
        <sn coord="yes">
          <sn entityref="nne">
            <grup.nom gen="f" num="p">
              <n gen="f" lem="central" num="p" pos="ncfp000" postype="common" sense="16:cs1" wd="centrals"/>
              <s.a gen="f" num="p">
                <grup.a gen="f" num="p">
                  <a gen="c" lem="nuclear" num="p" pos="aq0cp0" postype="qualificative" wd="nuclears"/>
                </grup.a>
              </s.a>
            </grup.nom>
          </sn>
          <conj conjunctiontype="coordinating">
            <c lem="i" pos="cc" postype="coordinating" wd="i"/>
          </conj>
          <sn entityref="nne">
            <spec gen="m" num="p">
              <d gen="m" lem="algun" num="p" pos="di0mp0" postype="indefinite" wd="alguns"/>
            </spec>
            <grup.nom gen="m" num="p">
              <n gen="m" lem="servei" num="p" pos="ncmp000" postype="common" sense="16:06084772" wd="serveis"/>
              <s.a gen="m" num="p">
                <neg>
                  <r lem="no" pos="rn" postype="negative" wd="no"/>
                </neg>
                <grup.a gen="m" num="p">
                  <a gen="m" lem="estratègic" num="p" pos="aq0mp0" postype="qualificative" wd="estratègics"/>
                </grup.a>
              </s.a>
            </grup.nom>
          </sn>
        </sn>
      </sp>
    </S>
    <f lem="." pos="fp" punct="period" wd="."/>
  </sentence>
  <sentence>
    <sn arg="arg0" entityref="nne" func="suj" homophoricDD="yes" tem="agt">
      <spec gen="f" num="s">
        <d gen="f" lem="el" num="s" pos="da0fs0" postype="article" wd="La"/>
      </spec>
      <grup.nom gen="f" num="s">
        <n gen="f" lem="realitat" num="s" pos="ncfs000" postype="common" sense="16:10055199" wd="realitat"/>
      </grup.nom>
    </sn>
    <grup.verb>
      <v lem="haver" mood="indicative" num="s" person="3" pos="vaip3s0" postype="auxiliary" tense="present" wd="ha"/>
      <v gen="m" lem="donar" lss="A32.ditransitive-patient-benefactive" mood="participle" num="s" pos="vmp00sm" postype="main" wd="donat"/>
    </grup.verb>
    <sn arg="argL" entityref="lex" func="cd">
      <spec gen="f" num="s">
        <d gen="f" lem="el" num="s" pos="da0fs0" postype="article" wd="la"/>
      </spec>
      <grup.nom gen="f" num="s">
        <n gen="f" lem="raó" num="s" pos="ncfs000" postype="common" sense="16:05051484" wd="raó"/>
      </grup.nom>
    </sn>
    <sp arg="arg2" func="ci" tem="ben">
      <prep>
        <s contracted="yes" gen="m" lem="al" num="p" pos="spcmp" postype="preposition" wd="als"/>
      </prep>
      <sn entityref="nne" homophoricDD="yes">
        <spec gen="m" num="p">
          <r lem="més" pos="rg" wd="més"/>
        </spec>
        <grup.nom gen="m" num="p">
          <n gen="m" lem="escèptic" num="p" pos="ncmp000" postype="common" sense="16:07581001" wd="escèptics"/>
        </grup.nom>
      </sn>
    </sp>
    <f lem="." pos="fp" punct="period" wd="."/>
  </sentence>
  <sentence coord="yes">
    <f lem="¿" pos="fia" punct="questionmark" punctenclose="open" wd="¿"/>
    <S>
      <grup.verb>
        <v lem="haver" mood="indicative" num="s" person="3" pos="vaip3s0" postype="auxiliary" tense="present" wd="Ha"/>
        <v gen="m" lem="ser" lss="C21.state-attributive" mood="participle" num="s" pos="vsp00sm" postype="semiauxiliary" wd="estat"/>
      </grup.verb>
      <sn arg="arg1" coreftype="ident" entity="entity3" entityref="nne" func="suj" tem="tem">
        <grup.nom gen="m" num="s">
          <p gen="m" lem="tot" num="s" pos="pi0ms000" postype="indefinite" wd="tot"/>
        </grup.nom>
      </sn>
      <sn arg="arg2" func="atr" tem="atr">
        <spec gen="f" num="s">
          <d gen="f" lem="un" num="s" pos="di0fs0" postype="indefinite" wd="una"/>
        </spec>
        <grup.nom gen="f" num="s">
          <s.a gen="f" num="s">
            <grup.a gen="f" num="s">
              <a gen="f" lem="fals" num="s" pos="aq0fs0" postype="qualificative" wd="falsa"/>
            </grup.a>
          </s.a>
          <n gen="f" lem="alarma" num="s" pos="ncfs000" postype="common" sense="16:02177224" wd="alarma"/>
        </grup.nom>
      </sn>
    </S>
    <conj conjunctiontype="coordinating">
      <c lem="o" pos="cc" postype="coordinating" wd="o"/>
    </conj>
    <S>
      <sadv arg="argM" func="cc" tem="adv">
        <grup.adv>
          <r lem="realment" pos="rg" wd="realment"/>
        </grup.adv>
      </sadv>
      <sn arg="arg1" coord="yes" func="suj" tem="tem">
        <sn entityref="nne" homophoricDD="yes">
          <spec gen="m" num="p">
            <d gen="m" lem="el" num="p" pos="da0mp0" postype="article" wd="els"/>
          </spec>
          <grup.nom gen="m" num="p">
            <n gen="m" lem="treball" num="p" pos="ncmp000" postype="common" sense="16:00377835" wd="treballs"/>
            <sp>
              <prep>
                <s lem="de" pos="sps00" postype="preposition" wd="de"/>
              </prep>
              <sn>
                <grup.nom gen="f" num="s">
                  <n gen="f" lem="prevenció" num="s" pos="ncfs000" postype="common" sense="16:00697202" wd="prevenció"/>
                </grup.nom>
              </sn>
            </sp>
          </grup.nom>
        </sn>
        <conj conjunctiontype="coordinating">
          <c lem="i" pos="cc" postype="coordinating" wd="i"/>
        </conj>
        <sn entity="entity9" entityref="nne" homophoricDD="yes">
          <spec gen="f" num="p">
            <d gen="f" lem="el" num="p" pos="da0fp0" postype="article" wd="les"/>
          </spec>
          <grup.nom gen="f" num="p">
            <s.a gen="f" num="p">
              <grup.a gen="f" num="p">
                <a gen="c" lem="gran" num="p" pos="aq0cp0" postype="qualificative" wd="grans"/>
              </grup.a>
            </s.a>
            <n gen="f" lem="quantitat" num="p" pos="ncfp000" postype="common" sense="16:09920124" wd="quantitats"/>
            <sp>
              <prep>
                <s lem="de" pos="sps00" postype="preposition" wd="de"/>
              </prep>
              <sn>
                <grup.nom gen="m" num="p">
                  <n gen="m" lem="diner" num="p" pos="ncmp000" postype="common" sense="16:09616555" wd="diners"/>
                </grup.nom>
              </sn>
            </sp>
            <S clausetype="participle" impersonal="yes">
              <participi>
                <a gen="f" lem="invertit" num="p" pos="aq0fpp" posfunction="participle" postype="qualificative" wd="invertides"/>
              </participi>
            </S>
          </grup.nom>
        </sn>
      </sn>
      <grup.verb>
        <v lem="haver" mood="indicative" num="p" person="3" pos="vaip3p0" postype="auxiliary" tense="present" wd="han"/>
        <v gen="m" lem="donar" lss="B21.unaccusative-state" mood="participle" num="s" pos="vmp00sm" postype="main" wd="donat"/>
      </grup.verb>
      <sn arg="argL" entityref="lex" func="cd">
        <grup.nom gen="m" num="s">
          <n gen="m" lem="resultat" num="s" pos="ncms000" postype="common" sense="16:05438613" wd="resultat"/>
        </grup.nom>
      </sn>
    </S>
    <f lem="?" pos="fit" punct="questionmark" punctenclose="close" wd="?"/>
  </sentence>
  <sentence>
    <sn arg="arg0" entityref="nne" func="suj" homophoricDD="yes" tem="cau">
      <spec gen="f" num="p">
        <d gen="f" lem="el" num="p" pos="da0fp0" postype="article" wd="Les"/>
      </spec>
      <grup.nom gen="f" num="p">
        <s.a gen="f" num="p">
          <grup.a gen="f" num="p">
            <a gen="f" lem="primer" num="p" pos="ao0fp0" postype="ordinal" wd="primeres"/>
          </grup.a>
        </s.a>
        <n gen="f" lem="resposta" num="p" pos="ncfp000" postype="common" sense="16:05053336" wd="respostes"/>
        <sp>
          <prep>
            <s contracted="yes" gen="m" lem="del" num="p" pos="spcmp" postype="preposition" wd="dels"/>
          </prep>
          <sn entityref="nne" homophoricDD="yes">
            <grup.nom gen="m" num="p">
              <n gen="c" lem="responsable" num="p" pos="nccp000" postype="common" sense="16:07311393" wd="responsables"/>
            </grup.nom>
          </sn>
        </sp>
        <sp>
          <prep>
            <s contracted="yes" gen="m" lem="del" num="p" pos="spcmp" postype="preposition" wd="dels"/>
          </prep>
          <sn entityref="nne" homophoricDD="yes">
            <grup.nom gen="m" num="p">
              <s.a gen="m" num="p">
                <grup.a gen="m" num="p">
                  <a gen="m" lem="operatiu" num="p" pos="aq0mp0" postype="qualificative" wd="operatius"/>
                </grup.a>
              </s.a>
              <sp>
                <prep>
                  <s lem="contra" pos="sps00" postype="preposition" wd="contra"/>
                </prep>
                <sn coreftype="ident" entity="entity1" entityref="spec" homophoricDD="yes">
                  <spec gen="f" num="s">
                    <d gen="f" lem="el" num="s" pos="da0fs0" postype="article" wd="la"/>
                  </spec>
                  <grup.nom gen="f" num="s">
                    <S clausetype="participle" impersonal="yes">
                      <sadv arg="argM" func="cc" tem="mnr">
                        <grup.adv>
                          <r lem="mal" pos="rg" wd="mal"/>
                        </grup.adv>
                      </sadv>
                      <participi>
                        <a gen="f" lem="anomenat" lss="B22.unaccusative-passive-transitive" num="s" pos="aq0fsp" posfunction="participle" postype="qualificative" wd="anomenada"/>
                      </participi>
                    </S>
                    <n gen="f" lem="apagada" num="s" pos="ncfs000" postype="common" sense="16:10970217" wd="apagada"/>
                    <sp>
                      <prep>
                        <s contracted="yes" gen="m" lem="del" num="s" pos="spcms" postype="preposition" wd="del"/>
                      </prep>
                      <sn entityref="nne" homophoricDD="yes">
                        <grup.nom gen="m" num="s">
                          <n gen="m" lem="mil·lenni" num="s" pos="ncms000" postype="common" sense="16:10866466" wd="mil·lenni"/>
                        </grup.nom>
                      </sn>
                    </sp>
                  </grup.nom>
                </sn>
              </sp>
            </grup.nom>
          </sn>
        </sp>
      </grup.nom>
    </sn>
    <grup.verb>
      <v lem="fer" mood="indicative" num="p" person="3" pos="vmip3p0" postype="main" tense="present" wd="fan"/>
      <infinitiu>
        <v lem="pensar" lss="A11.transitive-causative" mood="infinitive" pos="vmn0000" postype="main" wd="pensar"/>
      </infinitiu>
    </grup.verb>
    <S arg="arg1" clausetype="completive" func="cd" tem="tem">
      <conj conjunctiontype="subordinating">
        <c lem="que" pos="cs" postype="subordinating" wd="que"/>
      </conj>
      <sn arg="arg0" coord="yes" func="suj" tem="agt">
        <sn entityref="nne" homophoricDD="yes">
          <spec gen="m" num="p">
            <d gen="m" lem="el" num="p" pos="da0mp0" postype="article" wd="els"/>
          </spec>
          <grup.nom gen="m" num="p">
            <n gen="c" lem="governant" num="p" pos="nccp000" postype="common" sense="16:07539656" wd="governants"/>
          </grup.nom>
        </sn>
        <conj conjunctiontype="coordinating">
          <c lem="i" pos="cc" postype="coordinating" wd="i"/>
        </conj>
        <sn entityref="nne" homophoricDD="yes">
          <spec gen="f" num="p">
            <d gen="f" lem="el" num="p" pos="da0fp0" postype="article" wd="les"/>
          </spec>
          <grup.nom gen="f" num="p">
            <s.a gen="f" num="p">
              <grup.a gen="f" num="p">
                <a gen="c" lem="gran" num="p" pos="aq0cp0" postype="qualificative" wd="grans"/>
              </grup.a>
            </s.a>
            <n gen="f" lem="empresa" num="p" pos="ncfp000" postype="common" sense="16:06004580" wd="empreses"/>
          </grup.nom>
        </sn>
      </sn>
      <grup.verb>
        <v lem="haver" mood="indicative" num="p" person="3" pos="vaip3p0" postype="auxiliary" tense="present" wd="han"/>
        <v gen="m" lem="aprofitar" lss="A21.transitive-agentive-patient" mood="participle" num="s" pos="vmp00sm" postype="main" wd="aprofitat"/>
      </grup.verb>
      <sn arg="arg1" coord="yes" coreftype="ident" entity="entity3" func="cd" tem="pat">
        <sn entityref="nne" homophoricDD="yes">
          <spec gen="f" num="s">
            <d gen="f" lem="el" num="s" pos="da0fs0" postype="article" wd="la"/>
          </spec>
          <grup.nom gen="f" num="s">
            <n gen="c" lem="popularitat" num="c" pos="nc00000" postype="common" sense="16:03772438" wd="popularitat"/>
            <sp>
              <prep>
                <s lem="de" pos="sps00" postype="preposition" wd="de"/>
              </prep>
              <sn coreftype="ident" entity="entity1" entityref="ne" ne="other">
                <spec gen="m" num="s">
                  <d gen="c" lem="el" num="s" pos="da0cs0" postype="article" wd="l'"/>
                </spec>
                <grup.nom gen="m" num="s">
                  <n gen="m" lem="efecte" num="s" pos="ncms000" postype="common" sense="16:cs1" wd="efecte"/>
                  <sn coreftype="ident" entity="entity4" entityref="ne" ne="date">
                    <grup.nom gen="m" num="s">
                      <w lem="[??:??/??/2000:??.??]" ne="date" wd="2000"/>
                    </grup.nom>
                  </sn>
                </grup.nom>
              </sn>
            </sp>
          </grup.nom>
        </sn>
        <conj conjunctiontype="coordinating">
          <c lem="i" pos="cc" postype="coordinating" wd="i"/>
        </conj>
        <sn entityref="nne" homophoricDD="yes">
          <spec gen="f" num="s">
            <d gen="c" lem="el" num="s" pos="da0cs0" postype="article" wd="l'"/>
          </spec>
          <grup.nom gen="f" num="s">
            <n gen="f" lem="alarma" num="s" pos="ncfs000" postype="common" sense="16:05590744" wd="alarma"/>
            <S clausetype="participle" impersonal="yes">
              <participi>
                <a gen="f" lem="generat" lss="B22.unaccusative-passive-transitive" num="s" pos="aq0fsp" posfunction="participle" postype="qualificative" wd="generada"/>
              </participi>
              <sp arg="arg0" func="cag" tem="agt">
                <prep>
                  <s lem="per" pos="sps00" postype="preposition" wd="per"/>
                </prep>
                <sn entityref="nne">
                  <grup.nom gen="m" num="p">
                    <s.a gen="m" num="p">
                      <grup.a gen="m" num="p">
                        <a gen="m" lem="nombrós" num="p" pos="aq0mp0" postype="qualificative" wd="nombrosos"/>
                      </grup.a>
                    </s.a>
                    <n gen="m" lem="auguri" num="p" pos="ncmp000" postype="common" sense="16:05434729" wd="auguris"/>
                    <s.a gen="m" num="p">
                      <grup.a gen="m" num="p">
                        <a gen="m" lem="apocalíptic" num="p" pos="aq0mp0" postype="qualificative" wd="apocalíptics"/>
                      </grup.a>
                    </s.a>
                  </grup.nom>
                </sn>
              </sp>
            </S>
          </grup.nom>
        </sn>
      </sn>
      <sp arg="argM" func="cc" tem="fin">
        <prep>
          <s lem="per" pos="sps00" postype="preposition" wd="per"/>
        </prep>
        <S clausetype="completive" impersonal="yes">
          <infinitiu>
            <v lem="entrar" lss="B22.unaccusative-passive-transitive" mood="infinitive" pos="vmn0000" postype="main" wd="entrar"/>
          </infinitiu>
          <sp arg="arg2" func="cc" tem="loc">
            <prep>
              <s lem="en" pos="sps00" postype="preposition" wd="en"/>
            </prep>
            <sn entity="entity5" entityref="nne">
              <spec gen="f" num="s">
                <d gen="f" lem="un" num="s" pos="di0fs0" postype="indefinite" wd="una"/>
              </spec>
              <grup.nom gen="f" num="s">
                <n gen="f" lem="carrera" num="s" pos="ncfs000" postype="common" sense="16:05544480" wd="carrera"/>
                <S clausetype="relative">
                  <relatiu arg="arg0" coreftype="ident" entity="entity5" entityref="nne" func="suj" tem="agt">
                    <p gen="c" lem="que" num="c" pos="pr0cn000" postype="relative" wd="que"/>
                  </relatiu>
                  <grup.verb>
                    <v lem="haver" mood="indicative" num="s" person="3" pos="vaii3s0" postype="auxiliary" tense="imperfect" wd="havia"/>
                    <s lem="de" pos="sps00" postype="preposition" wd="de"/>
                    <infinitiu>
                      <v lem="provar" lss="A21.transitive-agentive-patient" mood="infinitive" pos="vmn0000" postype="main" wd="provar"/>
                    </infinitiu>
                  </grup.verb>
                  <S arg="arg1" clausetype="completive" func="cd" tem="pat">
                    <sn arg="arg0" func="suj" tem="agt">
                      <grup.nom num="s">
                        <p gen="c" lem="qui" num="s" pos="pt0cs000" postype="interrogative" wd="qui"/>
                      </grup.nom>
                    </sn>
                    <grup.verb>
                      <v lem="organitzar" lss="A21.transitive-agentive-patient" mood="indicative" num="s" person="3" pos="vmii3s0" postype="main" tense="imperfect" wd="organitzava"/>
                    </grup.verb>
                    <sn arg="arg1" entityref="nne" func="cd" homophoricDD="yes" tem="pat">
                      <spec gen="m" num="s">
                        <d gen="m" lem="el" num="s" pos="da0ms0" postype="article" wd="el"/>
                      </spec>
                      <grup.nom gen="m" num="s">
                        <n gen="m" lem="pla" num="s" pos="ncms000" postype="common" sense="16:04494752" wd="pla"/>
                        <s.a gen="m" num="s">
                          <spec>
                            <r lem="més" pos="rg" wd="més"/>
                          </spec>
                          <grup.a gen="m" num="s">
                            <a gen="m" lem="aparatós" num="s" pos="aq0ms0" postype="qualificative" wd="aparatós"/>
                          </grup.a>
                        </s.a>
                      </grup.nom>
                    </sn>
                  </S>
                </S>
              </grup.nom>
            </sn>
          </sp>
        </S>
      </sp>
    </S>
    <f lem="." pos="fp" punct="period" wd="."/>
  </sentence>
  <sentence>
    <sn arg="arg1" coreftype="ident" entity="entity5" entityref="nne" func="suj" tem="tem">
      <spec gen="f" num="s">
        <d gen="f" lem="el" num="s" pos="da0fs0" postype="article" wd="La"/>
      </spec>
      <grup.nom gen="f" num="s">
        <n gen="f" lem="carrera" num="s" pos="ncfs000" postype="common" sense="16:05544480" wd="carrera"/>
      </grup.nom>
    </sn>
    <grup.verb>
      <v lem="anar" mood="indicative" num="s" person="3" pos="vaip3s0" postype="auxiliary" tense="present" wd="va"/>
      <v lem="continuar" lss="C11.state-existential" mood="infinitive" pos="vmn0000" postype="main" wd="continuar"/>
    </grup.verb>
    <sadv arg="argM" func="cc" tem="tmp">
      <grup.adv>
        <r lem="ahir" pos="rg" wd="ahir"/>
      </grup.adv>
    </sadv>
    <S arg="argM" clausetype="adverbial" func="cc" tem="tmp">
      <f lem="," pos="fc" punct="comma" wd=","/>
      <conj conjunctiontype="subordinating">
        <c lem="quan" pos="cs" postype="subordinating" wd="quan"/>
      </conj>
      <sn arg="arg0" entityref="nne" func="suj" tem="agt">
        <spec gen="f" num="p">
          <d gen="c" lem="tres" num="p" pos="dn0cp0" postype="numeral" wd="tres"/>
        </spec>
        <grup.nom gen="f" num="p">
          <n gen="f" lem="administració" num="p" pos="ncfp000" postype="common" sense="16:06188759" wd="administracions"/>
          <sn complex="yes">
            <grup.nom coord="yes">
              <f lem="-" pos="fg" punct="hyphen" wd="-"/>
              <grup.nom>
                <n lem="Generalitat" ne="organization" pos="np0000o" postype="proper" sense="16:cs1" wd="Generalitat"/>
              </grup.nom>
              <f lem="," pos="fc" punct="comma" wd=","/>
              <grup.nom>
                <n lem="Govern" ne="organization" pos="np0000o" postype="proper" sense="16:cs1" wd="Govern"/>
                <sa>
                  <grup.a>
                    <a gen="c" lem="central" num="s" pos="aq0cs0" postype="qualificative" wd="central"/>
                  </grup.a>
                </sa>
              </grup.nom>
              <conj conjunctiontype="coordinating">
                <c lem="i" pos="cc" postype="coordinating" wd="i"/>
              </conj>
              <grup.nom>
                <n lem="Ajuntament_de_Barcelona" ne="organization" pos="np0000o" postype="proper" sense="16:cs1" wd="Ajuntament_de_Barcelona"/>
              </grup.nom>
              <f lem="-" pos="fg" punct="hyphen" wd="-"/>
            </grup.nom>
          </sn>
        </grup.nom>
      </sn>
      <grup.verb>
        <v lem="anar" mood="indicative" num="p" person="3" pos="vaip3p0" postype="auxiliary" tense="present" wd="van"/>
        <v lem="organitzar" lss="A21.transitive-agentive-patient" mood="infinitive" pos="vmn0000" postype="main" wd="organitzar"/>
      </grup.verb>
      <sn arg="arg1" entityref="nne" func="cd" tem="pat">
        <grup.nom gen="f" num="p">
          <n gen="f" lem="conferència" num="p" pos="ncfp000" postype="common" sense="16:05406019" wd="conferències"/>
          <sp>
            <prep>
              <s lem="de" pos="sps00" postype="preposition" wd="de"/>
            </prep>
            <sn>
              <grup.nom gen="f" num="s">
                <n gen="f" lem="premsa" num="s" pos="ncfs000" postype="common" sense="16:cs1" wd="premsa"/>
              </grup.nom>
            </sn>
          </sp>
        </grup.nom>
      </sn>
      <sp arg="argM" func="cc" tem="fin">
        <prep>
          <s lem="per" pos="sps00" postype="preposition" wd="per"/>
        </prep>
        <S clausetype="completive" impersonal="yes">
          <infinitiu>
            <v lem="fer" lss="A21.transitive-agentive-patient" mood="infinitive" pos="vmn0000" postype="main" wd="fer"/>
          </infinitiu>
          <sn arg="arg1" entityref="nne" func="cd" tem="pat">
            <grup.nom gen="m" num="s">
              <n gen="m" lem="balanç" num="s" pos="ncms000" postype="common" sense="16:04434354" wd="balanç"/>
            </grup.nom>
          </sn>
        </S>
      </sp>
    </S>
    <f lem="." pos="fp" punct="period" wd="."/>
  </sentence>
  <sentence coord="yes">
    <S>
      <sn arg="arg0" complex="yes" entity="entity6" func="suj" tem="agt">
        <grup.nom coord="yes">
          <grup.nom coord="yes">
            <grup.nom gen="m" num="p">
              <n gen="m" lem="organisme" num="p" pos="ncmp000" postype="common" sense="16:06239959" wd="Organismes"/>
            </grup.nom>
            <conj conjunctiontype="coordinating">
              <c lem="i" pos="cc" postype="coordinating" wd="i"/>
            </conj>
            <grup.nom gen="f" num="p">
              <n gen="f" lem="institució" num="p" pos="ncfp000" postype="common" sense="16:06002286" wd="institucions"/>
            </grup.nom>
          </grup.nom>
          <s.a adjunct="yes" complex="yes" gen="m" num="p">
            <grup.a coord="yes" gen="m" num="p">
              <sadv adjunct="yes">
                <grup.adv>
                  <r lem="tan" pos="rg" wd="tan"/>
                </grup.adv>
              </sadv>
              <grup.a coord="yes" gen="m" num="p">
                <grup.a gen="m" num="p">
                  <a gen="c" lem="respectable" num="p" pos="aq0cp0" postype="qualificative" wd="respectables"/>
                </grup.a>
                <conj conjunctiontype="coordinating">
                  <c lem="i" pos="cc" postype="coordinating" wd="i"/>
                </conj>
                <grup.a gen="m" num="p">
                  <spec>
                    <r lem="normalment" pos="rg" wd="normalment"/>
                  </spec>
                  <a gen="c" lem="prudent" num="p" pos="aq0cp0" postype="qualificative" wd="prudents"/>
                </grup.a>
              </grup.a>
              <S adjunct="yes" clausesubtype="comparative" clausetype="adverbial" verbless="yes">
                <conj conjunctiontype="subordinating">
                  <c lem="com" pos="cs" postype="subordinating" wd="com"/>
                </conj>
                <sn coord="yes">
                  <sn entity="entity7" entityref="ne" ne="organization">
                    <spec gen="f" num="s">
                      <d gen="c" lem="el" num="s" pos="da0cs0" postype="article" wd="l'"/>
                    </spec>
                    <grup.nom gen="f" num="s">
                      <n lem="ONU" ne="organization" pos="np0000o" postype="proper" sense="16:cs1" wd="ONU"/>
                    </grup.nom>
                  </sn>
                  <f lem="," pos="fc" punct="comma" wd=","/>
                  <sn entityref="ne" ne="organization">
                    <spec gen="f" num="s">
                      <d gen="f" lem="el" num="s" pos="da0fs0" postype="article" wd="la"/>
                    </spec>
                    <grup.nom gen="f" num="s">
                      <n lem="UE" ne="organization" pos="np0000o" postype="proper" sense="16:cs1" wd="UE"/>
                    </grup.nom>
                  </sn>
                  <conj conjunctiontype="coordinating">
                    <c lem="i" pos="cc" postype="coordinating" wd="i"/>
                  </conj>
                  <sn entityref="ne" ne="organization">
                    <spec gen="m" num="s">
                      <d gen="c" lem="el" num="s" pos="da0cs0" postype="article" wd="l'"/>
                    </spec>
                    <grup.nom gen="m" num="s">
                      <n lem="FBI" ne="organization" pos="np0000o" postype="proper" sense="16:06060479" wd="FBI"/>
                    </grup.nom>
                  </sn>
                </sn>
              </S>
            </grup.a>
          </s.a>
        </grup.nom>
      </sn>
      <morfema.pronominal>
        <p gen="c" lem="ell" num="c" person="3" pos="p0300000" wd="es"/>
      </morfema.pronominal>
      <grup.verb>
        <v lem="anar" mood="indicative" num="p" person="3" pos="vaip3p0" postype="auxiliary" tense="present" wd="van"/>
        <v lem="afegir" lss="A22.transitive-agentive-theme" mood="infinitive" pos="vmn0000" postype="main" wd="afegir"/>
      </grup.verb>
      <sp arg="arg1" func="creg" tem="tem">
        <prep>
          <s lem="a" pos="sps00" postype="preposition" wd="a"/>
        </prep>
        <sn entityref="nne">
          <spec gen="f" num="s">
            <d gen="f" lem="aquest" num="s" pos="dd0fs0" postype="demonstrative" wd="aquesta"/>
          </spec>
          <grup.nom gen="f" num="s">
            <n gen="c" lem="sèrie" num="c" pos="nc00000" postype="common" sense="16:03938674" wd="sèrie"/>
            <sp>
              <prep>
                <s lem="de" pos="sps00" postype="preposition" wd="de"/>
              </prep>
              <sn>
                <grup.nom gen="m" num="p">
                  <n gen="m" lem="despropòsit" num="p" pos="ncmp000" postype="common" sense="16:cs1" wd="despropòsits"/>
                </grup.nom>
              </sn>
            </sp>
          </grup.nom>
        </sn>
      </sp>
    </S>
    <conj conjunctiontype="coordinating">
      <c lem="i" pos="cc" postype="coordinating" wd="i"/>
    </conj>
    <S>
      <sn arg="arg0" coreftype="ident" elliptic="yes" entity="entity6" entityref="spec" func="suj" tem="agt"/>
      <grup.verb>
        <v lem="anar" mood="indicative" num="p" person="3" pos="vaip3p0" postype="auxiliary" tense="present" wd="van"/>
        <v lem="llançar" lss="A21.transitive-agentive-patient" mood="infinitive" pos="vmn0000" postype="main" wd="llançar"/>
      </grup.verb>
      <sn arg="arg1" entityref="nne" func="cd" tem="pat">
        <grup.nom gen="m" num="p">
          <n gen="m" lem="informe" num="p" pos="ncmp000" postype="common" sense="16:05391410" wd="informes"/>
          <s.a gen="m" num="p">
            <grup.a gen="m" num="p">
              <a gen="c" lem="alarmista" num="p" pos="aq0cp0" postype="qualificative" wd="alarmistes"/>
            </grup.a>
          </s.a>
          <sp>
            <prep>
              <s lem="sobre" pos="sps00" postype="preposition" wd="sobre"/>
            </prep>
            <sn coreftype="ident" entity="entity1" entityref="spec" homophoricDD="yes">
              <spec gen="f" num="p">
                <d gen="f" lem="el" num="p" pos="da0fp0" postype="article" wd="les"/>
              </spec>
              <grup.nom gen="f" num="p">
                <s.a gen="f" num="p">
                  <grup.a gen="f" num="p">
                    <a gen="c" lem="temible" num="p" pos="aq0cp0" postype="qualificative" wd="temibles"/>
                  </grup.a>
                </s.a>
                <n gen="f" lem="conseqüència" num="p" pos="ncfp000" postype="common" sense="16:07766144" wd="conseqüències"/>
                <sp>
                  <prep>
                    <s contracted="yes" gen="m" lem="del" num="s" pos="spcms" postype="preposition" wd="del"/>
                  </prep>
                  <sn entityref="nne" homophoricDD="yes">
                    <grup.nom gen="m" num="s">
                      <n gen="m" lem="desastre" num="s" pos="ncms000" postype="common" sense="16:05452645" wd="desastre"/>
                      <s.a gen="m" num="s">
                        <grup.a gen="m" num="s">
                          <a gen="m" lem="informàtic" num="s" pos="aq0ms0" postype="qualificative" wd="informàtic"/>
                        </grup.a>
                      </s.a>
                    </grup.nom>
                  </sn>
                </sp>
              </grup.nom>
            </sn>
          </sp>
        </grup.nom>
      </sn>
      <S clausesubtype="concessive" clausetype="adverbial" func="ao">
        <f lem="," pos="fc" punct="comma" wd=","/>
        <conj conjunctiontype="subordinating">
          <c lem="encara_que" pos="cs" postype="subordinating" wd="encara_que"/>
        </conj>
        <sn arg="arg0" func="suj" tem="agt">
          <grup.nom gen="m" num="s">
            <p gen="c" lem="ningú" num="s" pos="pi0cs000" postype="indefinite" wd="ningú"/>
          </grup.nom>
        </sn>
        <grup.verb>
          <v lem="saber" lss="A21.transitive-agentive-patient" mood="subjunctive" num="s" person="3" pos="vmsi3s0" postype="main" tense="imperfect" wd="sabés"/>
        </grup.verb>
        <sadv arg="argM" func="cc" tem="adv">
          <grup.adv>
            <r lem="del_cert" pos="rg" wd="del_cert"/>
          </grup.adv>
        </sadv>
        <S arg="arg1" clausetype="completive" func="cd" tem="pat">
          <sn arg="arg1" func="suj" tem="tem">
            <grup.nom num="s">
              <p gen="c" lem="què" num="s" pos="pt0cs000" postype="interrogative" wd="què"/>
            </grup.nom>
          </sn>
          <grup.verb>
            <v lem="poder" mood="indicative" num="s" person="3" pos="vmii3s0" postype="main" tense="imperfect" wd="podia"/>
            <infinitiu>
              <v lem="passar" lss="C42.state-experiencer" mood="infinitive" pos="vmn0000" postype="main" wd="passar"/>
            </infinitiu>
          </grup.verb>
        </S>
      </S>
    </S>
    <f lem="." pos="fp" punct="period" wd="."/>
  </sentence>
  <sentence>
    <sn arg="arg0" entity="entity8" entityref="ne" func="suj" ne="person" tem="agt">
      <spec gen="m" num="s">
        <d gen="m" lem="el" num="s" pos="da0ms0" postype="article" wd="El"/>
      </spec>
      <grup.nom gen="m" num="s">
        <n gen="m" lem="director" num="s" pos="ncms000" postype="common" sense="16:07496197" wd="director"/>
        <sp>
          <prep>
            <s contracted="yes" gen="m" lem="del" num="s" pos="spcms" postype="preposition" wd="del"/>
          </prep>
          <sn entityref="ne" ne="organization">
            <grup.nom gen="m" num="s">
              <n lem="Centre_Internacional_de_Cooperació" ne="organization" pos="np0000o" postype="proper" sense="16:cs1" wd="Centre_Internacional_de_Cooperació"/>
              <sp>
                <prep>
                  <s lem="sobre" pos="sps00" postype="preposition" wd="sobre"/>
                </prep>
                <sn coreftype="ident" entity="entity1" entityref="ne" ne="other">
                  <spec gen="m" num="s">
                    <d gen="c" lem="el" num="s" pos="da0cs0" postype="article" wd="l'"/>
                  </spec>
                  <grup.nom gen="m" num="s">
                    <n lem="Efecte_2000" ne="other" pos="np0000a" postype="proper" sense="16:cs1" wd="Efecte_2000"/>
                  </grup.nom>
                </sn>
              </sp>
              <sp>
                <prep>
                  <s lem="a" pos="sps00" postype="preposition" wd="a"/>
                </prep>
                <sn coreftype="ident" entity="entity7" entityref="ne" ne="organization">
                  <spec gen="f" num="s">
                    <d gen="c" lem="el" num="s" pos="da0cs0" postype="article" wd="l'"/>
                  </spec>
                  <grup.nom gen="f" num="s">
                    <n lem="ONU" ne="organization" pos="np0000o" postype="proper" sense="16:cs1" wd="ONU"/>
                  </grup.nom>
                </sn>
              </sp>
            </grup.nom>
          </sn>
        </sp>
        <sn corefsubtype="definit" coreftype="pred" entity="entity8" entityref="ne" ne="person">
          <f lem="," pos="fc" punct="comma" wd=","/>
          <grup.nom gen="m" num="s">
            <n lem="Bruce_McDonnell" ne="person" pos="np0000p" postype="proper" sense="16:cs1" wd="Bruce_McDonnell"/>
          </grup.nom>
          <f lem="," pos="fc" punct="comma" wd=","/>
        </sn>
      </grup.nom>
    </sn>
    <sn arg="arg1" coreftype="ident" entity="entity1" entityref="spec" func="cd" tem="pat">
      <grup.nom gen="m" num="s">
        <p gen="c" lem="ho" num="c" person="3" pos="pp3nn000" postype="personal" wd="ho"/>
      </grup.nom>
    </sn>
    <grup.verb>
      <v lem="anar" mood="indicative" num="s" person="3" pos="vaip3s0" postype="auxiliary" tense="present" wd="va"/>
      <v lem="resumir" lss="A21.transitive-agentive-patient" mood="infinitive" pos="vmn0000" postype="main" wd="resumir"/>
    </grup.verb>
    <sn arg="argM" entityref="ne" func="cc" ne="date" tem="tmp">
      <spec gen="m" num="s">
        <d gen="m" lem="el" num="s" pos="da0ms0" postype="article" wd="el"/>
      </spec>
      <grup.nom gen="m" num="s">
        <w lem="[??:30/??/??:??.??]" ne="date" wd="dia_30"/>
      </grup.nom>
    </sn>
    <sp arg="argM" func="cc" tem="adv">
      <prep>
        <s lem="amb" pos="sps00" postype="preposition" wd="amb"/>
      </prep>
      <sn entityref="nne">
        <spec gen="f" num="s">
          <d gen="f" lem="un" num="s" pos="di0fs0" postype="indefinite" wd="una"/>
        </spec>
        <grup.nom gen="f" num="s">
          <n gen="f" lem="frase" num="s" pos="ncfs000" postype="common" sense="16:05261047" wd="frase"/>
          <s.a gen="f" num="s">
            <grup.a gen="f" num="s">
              <a gen="c" lem="genial" num="s" pos="aq0cs0" postype="qualificative" wd="genial"/>
            </grup.a>
          </s.a>
          <S>
            <f lem=":" pos="fd" punct="colon" wd=":"/>
            <sn arg="arg1" func="suj" tem="tem">
              <f lem="&quot;" pos="fe" punct="quotation" wd="&quot;"/>
              <spec gen="m" num="s">
                <d gen="m" lem="el" num="s" pos="da0ms0" postype="article" wd="El"/>
              </spec>
              <grup.nom gen="m" num="s">
                <n gen="m" lem="món" num="s" pos="ncms000" postype="common" sense="16:06753779" wd="món"/>
              </grup.nom>
            </sn>
            <grup.verb>
              <v lem="estar" mood="indicative" num="s" person="3" pos="vmip3s0" postype="main" tense="present" wd="està"/>
              <v gen="m" lem="preparar" lss="C21.state-attributive" mood="participle" num="s" pos="vmp00sm" postype="main" wd="preparat"/>
            </grup.verb>
            <sp arg="argM" func="cc" tem="fin">
              <prep>
                <s lem="per" pos="sps00" postype="preposition" wd="per"/>
              </prep>
              <sp>
                <prep>
                  <s lem="a" pos="sps00" postype="preposition" wd="a"/>
                </prep>
                <S clausetype="completive">
                  <neg func="mod">
                    <r lem="no" pos="rn" postype="negative" wd="no"/>
                  </neg>
                  <morfema.verbal func="pass">
                    <p gen="c" lem="se" num="c" pos="p0000000" wd="se"/>
                  </morfema.verbal>
                  <grup.verb>
                    <v lem="saber" lss="B22.unaccusative-passive-transitive" mood="indicative" num="s" person="3" pos="vmip3s0" postype="main" tense="present" wd="sap"/>
                  </grup.verb>
                  <sn arg="arg1" func="suj" tem="pat">
                    <grup.nom num="s">
                      <p gen="c" lem="què" num="s" pos="pt0cs000" postype="interrogative" wd="què"/>
                    </grup.nom>
                  </sn>
                </S>
              </sp>
              <f lem="&quot;" pos="fe" punct="quotation" wd="&quot;"/>
            </sp>
          </S>
        </grup.nom>
      </sn>
    </sp>
    <f lem="." pos="fp" punct="period" wd="."/>
  </sentence>
  <sentence>
    <sn arg="arg0" entityref="nne" func="suj" homophoricDD="yes" tem="cau">
      <spec gen="m" num="s">
        <d gen="m" lem="el" num="s" pos="da0ms0" postype="article" wd="El"/>
      </spec>
      <grup.nom gen="m" num="s">
        <n gen="m" lem="desconeixement" num="s" pos="ncms000" postype="common" sense="16:03763706" wd="desconeixement"/>
        <sp>
          <prep>
            <s contracted="yes" gen="m" lem="del" num="s" pos="spcms" postype="preposition" wd="del"/>
          </prep>
          <sn entityref="nne" homophoricDD="yes">
            <grup.nom gen="m" num="s">
              <S clausetype="relative">
                <relatiu arg="arg1" func="suj" tem="tem">
                  <p gen="c" lem="que" num="c" pos="pr0cn000" postype="relative" wd="que"/>
                </relatiu>
                <grup.verb>
                  <v lem="poder" mood="indicative" num="s" person="3" pos="vmii3s0" postype="main" tense="imperfect" wd="podia"/>
                  <infinitiu>
                    <v lem="passar" lss="C42.state-experiencer" mood="infinitive" pos="vmn0000" postype="main" wd="passar"/>
                  </infinitiu>
                </grup.verb>
                <sp arg="argM" func="cc" tem="loc">
                  <prep>
                    <s lem="en" pos="sps00" postype="preposition" wd="en"/>
                  </prep>
                  <sn entityref="nne" homophoricDD="yes">
                    <spec gen="f" num="p">
                      <d gen="f" lem="el" num="p" pos="da0fp0" postype="article" wd="les"/>
                    </spec>
                    <grup.nom gen="f" num="p">
                      <s.a gen="f" num="p">
                        <grup.a gen="f" num="p">
                          <a gen="f" lem="primer" num="p" pos="ao0fp0" postype="ordinal" wd="primeres"/>
                        </grup.a>
                      </s.a>
                      <n gen="c" lem="hora" num="c" pos="nc00000" postype="common" sense="16:10938063" wd="hores"/>
                      <sp>
                        <prep>
                          <s lem="de" pos="sps00" postype="preposition" wd="de"/>
                        </prep>
                        <sn coreftype="ident" entity="entity4" entityref="spec">
                          <spec gen="m" num="s">
                            <d gen="c" lem="el" num="s" pos="da0cs0" postype="article" wd="l'"/>
                          </spec>
                          <grup.nom gen="m" num="s">
                            <n gen="m" lem="any" num="s" pos="ncms000" postype="common" sense="16:10917509" wd="any"/>
                          </grup.nom>
                        </sn>
                      </sp>
                    </grup.nom>
                  </sn>
                </sp>
              </S>
            </grup.nom>
          </sn>
        </sp>
      </grup.nom>
    </sn>
    <grup.verb>
      <v lem="anar" mood="indicative" num="s" person="3" pos="vaip3s0" postype="auxiliary" tense="present" wd="va"/>
      <v lem="provocar" lss="A11.transitive-causative" mood="infinitive" pos="vmn0000" postype="main" wd="provocar"/>
    </grup.verb>
    <sn arg="arg1" coreftype="ident" entity="entity9" entityref="nne" func="cd" tem="tem">
      <spec gen="f" num="p">
        <d gen="f" lem="un" num="p" pos="di0fp0" postype="indefinite" wd="unes"/>
      </spec>
      <grup.nom gen="f" num="p">
        <n gen="f" lem="inversió" num="p" pos="ncfp000" postype="common" sense="16:00712429" wd="inversions"/>
        <S clausetype="relative">
          <relatiu arg="arg1" coreftype="ident" entity="entity9" entityref="nne" func="suj" tem="tem">
            <p gen="c" lem="que" num="c" pos="pr0cn000" postype="relative" wd="que"/>
          </relatiu>
          <sadv arg="argM" func="cc" tem="tmp">
            <grup.adv>
              <r lem="ara" pos="rg" wd="ara"/>
            </grup.adv>
          </sadv>
          <grup.verb>
            <v lem="semblar" lss="C42.state-experiencer" mood="indicative" num="p" person="3" pos="vmip3p0" postype="main" tense="present" wd="semblen"/>
          </grup.verb>
          <sa arg="arg2" func="atr" tem="atr">
            <grup.a>
              <a gen="f" lem="excessiu" num="p" pos="aq0fp0" postype="qualificative" wd="excessives"/>
            </grup.a>
          </sa>
          <sp arg="argM" func="cc" tem="adv">
            <prep>
              <s lem="en" pos="sps00" postype="preposition" wd="en"/>
            </prep>
            <sn entityref="nne" homophoricDD="yes">
              <spec gen="f" num="s">
                <d gen="f" lem="el" num="s" pos="da0fs0" postype="article" wd="la"/>
              </spec>
              <grup.nom gen="f" num="s">
                <n gen="f" lem="reforma" num="s" pos="ncfs000" postype="common" sense="16:50005912" wd="reforma"/>
                <sp>
                  <prep>
                    <s contracted="yes" gen="m" lem="del" num="p" pos="spcmp" postype="preposition" wd="dels"/>
                  </prep>
                  <sn entityref="nne" homophoricDD="yes">
                    <grup.nom gen="m" num="p">
                      <s.a gen="m" num="p">
                        <grup.a gen="m" num="p">
                          <a gen="m" lem="complex" num="p" pos="aq0mp0" postype="qualificative" wd="complexos"/>
                        </grup.a>
                      </s.a>
                      <n gen="m" lem="sistema" num="p" pos="ncmp000" postype="common" sense="16:04377619" wd="sistemes"/>
                      <s.a gen="m" num="p">
                        <grup.a gen="m" num="p">
                          <a gen="m" lem="informàtic" num="p" pos="aq0mp0" postype="qualificative" wd="informàtics"/>
                        </grup.a>
                      </s.a>
                      <sp>
                        <prep>
                          <s lem="de" pos="sps00" postype="preposition" wd="de"/>
                        </prep>
                        <sn complex="yes">
                          <grup.nom coord="yes">
                            <grup.nom gen="f" num="p">
                              <n gen="f" lem="línia" num="p" pos="ncfp000" postype="common" sense="16:02927599" wd="línies"/>
                              <s.a gen="f" num="p">
                                <grup.a gen="f" num="p">
                                  <a gen="f" lem="aeri" num="p" pos="aq0fp0" postype="qualificative" wd="aèries"/>
                                </grup.a>
                              </s.a>
                            </grup.nom>
                            <f lem="," pos="fc" punct="comma" wd=","/>
                            <grup.nom gen="f" num="p">
                              <n gen="f" lem="central" num="p" pos="ncfp000" postype="common" sense="16:cs1" wd="centrals"/>
                              <s.a gen="f" num="p">
                                <grup.a gen="f" num="p">
                                  <a gen="c" lem="nuclear" num="p" pos="aq0cp0" postype="qualificative" wd="nuclears"/>
                                </grup.a>
                              </s.a>
                            </grup.nom>
                            <f lem="," pos="fc" punct="comma" wd=","/>
                            <grup.nom gen="f" num="p">
                              <n gen="f" lem="empresa" num="p" pos="ncfp000" postype="common" sense="16:06004580" wd="empreses"/>
                              <s.a gen="f" num="p">
                                <grup.a gen="f" num="p">
                                  <a gen="f" lem="subministrador" num="p" pos="aq0fp0" postype="qualificative" wd="subministradores"/>
                                </grup.a>
                              </s.a>
                              <sp>
                                <prep>
                                  <s lem="de" pos="sps00" postype="preposition" wd="d'"/>
                                </prep>
                                <sn complex="yes">
                                  <grup.nom coord="yes">
                                    <grup.nom gen="f" num="s">
                                      <n gen="f" lem="energia" num="s" pos="ncfs000" postype="common" sense="16:07794689" wd="energia"/>
                                    </grup.nom>
                                    <f lem="," pos="fc" punct="comma" wd=","/>
                                    <grup.nom gen="f" num="p">
                                      <n gen="f" lem="comunicació" num="p" pos="ncfp000" postype="common" sense="16:00019671" wd="comunicacions"/>
                                    </grup.nom>
                                  </grup.nom>
                                </sn>
                              </sp>
                            </grup.nom>
                            <conj conjunctiontype="coordinating">
                              <c lem="i" pos="cc" postype="coordinating" wd="i"/>
                            </conj>
                            <grup.nom gen="m" num="p">
                              <n gen="m" lem="satèl·lit" num="p" pos="ncmp000" postype="common" sense="16:03275905" wd="satèl·lits"/>
                            </grup.nom>
                          </grup.nom>
                        </sn>
                      </sp>
                    </grup.nom>
                  </sn>
                </sp>
              </grup.nom>
            </sn>
          </sp>
        </S>
      </grup.nom>
    </sn>
    <f lem="." pos="fp" punct="period" wd="."/>
  </sentence>
  <sentence coord="yes">
    <S>
      <sadv func="mod">
        <grup.adv>
          <r lem="potser" pos="rg" wd="Potser"/>
        </grup.adv>
      </sadv>
      <sn arg="arg1" coreftype="ident" entity="entity9" entityref="nne" func="suj" tem="tem">
        <spec gen="f" num="s">
          <d gen="f" lem="el" num="s" pos="da0fs0" postype="article" wd="la"/>
        </spec>
        <grup.nom gen="f" num="s">
          <n gen="f" lem="despesa" num="s" pos="ncfs000" postype="common" sense="16:09552872" wd="despesa"/>
        </grup.nom>
      </sn>
      <grup.verb>
        <v lem="haver" mood="indicative" num="s" person="3" pos="vaip3s0" postype="auxiliary" tense="present" wd="ha"/>
        <v gen="m" lem="ser" lss="C21.state-attributive" mood="participle" num="s" pos="vsp00sm" postype="semiauxiliary" wd="estat"/>
      </grup.verb>
      <sa arg="arg2" func="atr" tem="atr">
        <grup.a>
          <a gen="c" lem="inevitable" num="s" pos="aq0cs0" postype="qualificative" wd="inevitable"/>
        </grup.a>
      </sa>
      <S clausesubtype="concessive" clausetype="adverbial" func="ao">
        <f lem="-" pos="fg" punct="hyphen" wd="-"/>
        <conj conjunctiontype="subordinating">
          <c lem="tot_i_que" pos="cs" postype="subordinating" wd="tot_i_que"/>
        </conj>
        <sadv func="mod">
          <grup.adv>
            <r lem="també" pos="rg" wd="també"/>
          </grup.adv>
        </sadv>
        <morfema.verbal func="impers">
          <p gen="c" lem="es" num="c" pos="p0000000" wd="s'"/>
        </morfema.verbal>
        <grup.verb>
          <v lem="haver" mood="indicative" num="s" person="3" pos="vaip3s0" postype="auxiliary" tense="present" wd="ha"/>
          <v gen="m" lem="exagerar" lss="A21.transitive-agentive-patient" mood="participle" num="s" pos="vmp00sm" postype="main" wd="exagerat"/>
        </grup.verb>
        <sp arg="argM" func="cc" tem="adv">
          <prep>
            <s lem="sobre" pos="sps00" postype="preposition" wd="sobre"/>
          </prep>
          <sn entityref="nne" homophoricDD="yes">
            <spec gen="f" num="p">
              <d gen="f" lem="el" num="p" pos="da0fp0" postype="article" wd="les"/>
            </spec>
            <grup.nom gen="f" num="p">
              <n gen="f" lem="xifra" num="p" pos="ncfp000" postype="common" sense="16:09598019" wd="xifres"/>
              <sp>
                <prep>
                  <s lem="de" pos="sps00" postype="preposition" wd="d'"/>
                </prep>
                <sn coreftype="ident" entity="entity9" entityref="nne">
                  <grup.nom gen="f" num="s">
                    <n gen="f" lem="inversió" num="s" pos="ncfs000" postype="common" sense="16:00712429" wd="inversió"/>
                  </grup.nom>
                </sn>
              </sp>
            </grup.nom>
          </sn>
        </sp>
        <f lem="-" pos="fg" punct="hyphen" wd="-"/>
      </S>
      <f lem="," pos="fc" punct="comma" wd=","/>
    </S>
    <conj conjunctiontype="coordinating">
      <c lem="però" pos="cc" postype="coordinating" wd="però"/>
    </conj>
    <S>
      <sadv func="mod">
        <grup.adv>
          <r lem="també" pos="rg" wd="també"/>
        </grup.adv>
      </sadv>
      <grup.verb>
        <v lem="ser" lss="C21.state-attributive" mood="indicative" num="s" person="3" pos="vsip3s0" postype="semiauxiliary" tense="present" wd="és"/>
      </grup.verb>
      <sa arg="arg2" func="atr" tem="atr">
        <spec>
          <r lem="molt" pos="rg" wd="molt"/>
        </spec>
        <grup.a>
          <a gen="c" lem="probable" num="s" pos="aq0cs0" postype="qualificative" wd="probable"/>
        </grup.a>
      </sa>
      <S arg="arg1" clausetype="completive" func="suj" tem="tem">
        <conj conjunctiontype="subordinating">
          <c lem="que" pos="cs" postype="subordinating" wd="que"/>
        </conj>
        <sn arg="arg0" entityref="nne" func="suj" tem="agt">
          <grup.nom gen="m" num="s">
            <p gen="c" lem="algú" num="s" pos="pi0cs000" postype="indefinite" wd="algú"/>
          </grup.nom>
        </sn>
        <grup.verb>
          <v lem="haver" mood="subjunctive" num="s" person="3" pos="vasp3s0" postype="auxiliary" tense="present" wd="hagi"/>
          <v gen="m" lem="fer" lss="A21.transitive-agentive-patient" mood="participle" num="s" pos="vmp00sm" postype="main" wd="fet"/>
        </grup.verb>
        <sn arg="arg1" entityref="nne" func="cd" homophoricDD="yes" tem="pat">
          <spec gen="m" num="s">
            <d gen="m" lem="el" num="s" pos="da0ms0" postype="article" wd="el"/>
          </spec>
          <grup.nom gen="m" num="s">
            <n gen="m" lem="negoci" num="s" pos="ncms000" postype="common" sense="16:00710194" wd="negoci"/>
            <sp>
              <prep>
                <s contracted="yes" gen="m" lem="del" num="s" pos="spcms" postype="preposition" wd="del"/>
              </prep>
              <sn entityref="nne" homophoricDD="yes">
                <grup.nom gen="m" num="s">
                  <n gen="m" lem="segle" num="s" pos="ncms000" postype="common" sense="16:10918678" wd="segle"/>
                </grup.nom>
              </sn>
            </sp>
          </grup.nom>
        </sn>
      </S>
    </S>
    <f lem="." pos="fp" punct="period" wd="."/>
  </sentence>
</article>
