<?xml version="1.0" encoding="UTF-8"?>
<!-- 

  ancora-2.0
       
			Copyright (C) 2007, 2008, 2009, 2010, 2011 UB - CLiC
			Centre de Llenguatge i Computació - Universitat de Barcelona
 
  This file is part of ancora-2.0.
 
  ancora-2.0 is free software and data: you can redistribute it and/or modify
  it under the terms of the GNU General Public License as published
  by the Free Software Foundation, either version 3 of the License,
  or (at your option) any later version.

  ancora-2.0 is distributed in the hope that it will be useful,
  but WITHOUT ANY WARRANTY; without even the implied warranty of
  MERCHANTABILITY or FITNESS FOR A PARTICULAR PURPOSE.  See the
  GNU General Public License for more details.
 
  You should have received a copy of the GNU General Public License
  along with ancora-2.0.  If not, see &lt;http://www.gnu.org/licenses/&gt;.
 
  Check a text in catalan explaining the terms of the license at http://www.softcatala.cat/wiki/GPL3.
  In spanish at http://www.viti.es/gnu/licenses/gpl.html
 

  The following paper must be cited when using this corpus:

 * Taulé, M., M.A. Martí, M. Recasens (2008) 'Ancora: Multilevel Annotated Corpora for Catalan and Spanish',
   Proceedings of 6th International Conference on Language Resources and Evaluation. Marrakesh (Morocco).

  In addition, the following paper must be cited if coreference information (attributes entity, coreftype,
  corefsubtype, homophoricDD or entityref) is used:

 * Recasens, Marta, M. Antònia Martí (2010) ‘AnCora-CO: Coreferentially annotated corpora for Spanish and
   Catalan’. Language Resources and Evaluation, Springer Science.

  Additionally, the following paper must be cited when argumental attributes in "sn" or "grup.nom"
  (attributes func, arg, tem or lexicalid) are used:

 * Peris, Aina, Mariona Taulé, Horacio Rodríguez (2010) ‘Semantic Annotation of Deverbal Nominalizations in the
   Spanish AnCora corpus’. Treebanks and Linguistic Theories (TLT-2010), Estonia.
-->
<article lng="ca">
  <sentence>
    <sn arg="arg0" entityref="ne" func="suj" ne="organization" tem="agt">
      <spec gen="f" num="s">
        <d gen="f" lem="el" num="s" pos="da0fs0" postype="article" wd="La"/>
      </spec>
      <grup.nom gen="f" num="s">
        <n lem="Junta_de_la_Comunitat_de_Regants_del_Garrigues_Baixes" ne="organization" pos="np0000o" postype="proper" sense="16:cs1" wd="Junta_de_la_Comunitat_de_Regants_del_Garrigues_Baixes"/>
      </grup.nom>
    </sn>
    <grup.verb>
      <v lem="haver" mood="indicative" num="s" person="3" pos="vaip3s0" postype="auxiliary" tense="present" wd="ha"/>
      <v gen="m" lem="criticar" lss="A21.transitive-agentive-patient" mood="participle" num="s" pos="vmp00sm" postype="main" wd="criticat"/>
    </grup.verb>
    <sn arg="arg1" entity="entity2" entityref="ne" func="cd" ne="organization" tem="pat">
      <spec gen="m" num="s">
        <d gen="m" lem="el" num="s" pos="da0ms0" postype="article" wd="el"/>
      </spec>
      <grup.nom gen="m" num="s">
        <n lem="DARP" ne="organization" pos="np0000o" postype="proper" sense="16:cs1" wd="DARP"/>
      </grup.nom>
    </sn>
    <sp arg="argM" func="cc" tem="cau">
      <prep>
        <s contracted="yes" gen="m" lem="pel" num="s" pos="spcms" postype="preposition" wd="pel"/>
      </prep>
      <sn entityref="nne">
        <spec gen="m" num="s">
          <d coreftype="ident" entity="entity2" entityref="spec" gen="m" lem="seu" num="s" person="3" pos="dp3ms0" postype="possessive" wd="seu"/>
        </spec>
        <grup.nom gen="m" num="s">
          <n gen="m" lem="intent" num="s" pos="ncms000" postype="common" sense="16:00503611" wd="intent"/>
          <sp>
            <prep>
              <s lem="de" pos="sps00" postype="preposition" wd="de"/>
            </prep>
            <S clausetype="completive" coord="yes" impersonal="yes">
              <S clausetype="completive" impersonal="yes">
                <infinitiu>
                  <v lem="fraccionar" lss="A21.transitive-agentive-patient" mood="infinitive" pos="vmn0000" postype="main" wd="fraccionar"/>
                </infinitiu>
                <sn arg="arg1" entity="entity3" entityref="nne" func="cd" homophoricDD="yes" tem="pat">
                  <spec gen="m" num="s">
                    <d gen="m" lem="el" num="s" pos="da0ms0" postype="article" wd="el"/>
                  </spec>
                  <grup.nom gen="m" num="s">
                    <n gen="m" lem="reg" num="s" pos="ncms000" postype="common" sense="16:00178992" wd="reg"/>
                  </grup.nom>
                </sn>
                <sp arg="argM" func="cc" tem="loc">
                  <prep>
                    <s lem="a" pos="sps00" postype="preposition" wd="a"/>
                  </prep>
                  <sn entity="entity4" entityref="spec">
                    <spec gen="f" num="s">
                      <d gen="f" lem="el" num="s" pos="da0fs0" postype="article" wd="la"/>
                    </spec>
                    <grup.nom gen="f" num="s">
                      <n gen="f" lem="zona" num="s" pos="ncfs000" postype="common" sense="16:06395720" wd="zona"/>
                    </grup.nom>
                  </sn>
                </sp>
              </S>
              <conj conjunctiontype="coordinating">
                <c lem="i" pos="cc" postype="coordinating" wd="i"/>
              </conj>
              <S clausetype="completive" impersonal="yes">
                <sadv adjunct="yes" arg="argM" func="cc" tem="adv">
                  <f lem="," pos="fc" punct="comma" wd=","/>
                  <grup.adv>
                    <r lem="com_a_conseqüència" pos="rg" wd="com_a_conseqüència"/>
                  </grup.adv>
                  <f lem="," pos="fc" punct="comma" wd=","/>
                </sadv>
                <S clausetype="completive" impersonal="yes">
                  <infinitiu>
                    <v lem="disgregar" lss="A21.transitive-agentive-patient" mood="infinitive" pos="vmn0000" postype="main" wd="disgregar"/>
                  </infinitiu>
                  <sn arg="arg1" entity="entity5" entityref="nne" func="cd" homophoricDD="yes" tem="pat">
                    <spec gen="f" num="p">
                      <d gen="f" lem="el" num="p" pos="da0fp0" postype="article" wd="les"/>
                    </spec>
                    <grup.nom gen="f" num="p">
                      <n gen="f" lem="força" num="p" pos="ncfp000" postype="common" sense="16:07491804" wd="forces"/>
                      <sp>
                        <prep>
                          <s contracted="yes" gen="m" lem="del" num="p" pos="spcmp" postype="preposition" wd="dels"/>
                        </prep>
                        <sn entity="entity6" entityref="spec" homophoricDD="yes">
                          <grup.nom gen="m" num="p">
                            <n gen="m" lem="municipi" num="p" pos="ncmp000" postype="common" sense="16:06355858" wd="municipis"/>
                            <S clausetype="participle" impersonal="yes">
                              <participi>
                                <a gen="m" lem="afectat" num="p" pos="aq0mpp" posfunction="participle" postype="qualificative" wd="afectats"/>
                              </participi>
                            </S>
                          </grup.nom>
                        </sn>
                      </sp>
                    </grup.nom>
                  </sn>
                </S>
              </S>
            </S>
          </sp>
        </grup.nom>
      </sn>
    </sp>
    <f lem="." pos="fp" punct="period" wd="."/>
  </sentence>
  <sentence>
    <sp arg="argM" func="cc" tem="adv">
      <prep>
        <s contracted="yes" gen="m" lem="pel" num="p" pos="spcmp" postype="preposition" wd="Pels"/>
      </prep>
      <sn entity="entity1" entityref="nne" homophoricDD="yes">
        <grup.nom gen="m" num="p">
          <n gen="c" lem="regant" num="p" pos="nccp000" postype="common" sense="16:cs1" wd="regants"/>
        </grup.nom>
      </sn>
    </sp>
    <grup.verb>
      <v lem="ser" lss="C21.state-attributive" mood="indicative" num="s" person="3" pos="vsip3s0" postype="semiauxiliary" tense="present" wd="és"/>
    </grup.verb>
    <sa arg="arg2" func="atr" tem="atr">
      <grup.a>
        <a gen="c" lem="inadmissible" num="s" pos="aq0cs0" postype="qualificative" wd="inadmissible"/>
      </grup.a>
    </sa>
    <S arg="arg1" clausetype="completive" func="suj" tem="tem">
      <conj conjunctiontype="subordinating">
        <c lem="que" pos="cs" postype="subordinating" wd="que"/>
      </conj>
      <sn arg="arg0" entity="entity7" entityref="ne" func="suj" ne="person" tem="agt">
        <spec gen="m" num="s">
          <d gen="m" lem="el" num="s" pos="da0ms0" postype="article" wd="el"/>
        </spec>
        <grup.nom gen="m" num="s">
          <n gen="m" lem="conseller" num="s" pos="ncms000" postype="common" sense="16:07412658" wd="conseller"/>
          <sn entityref="ne" ne="person">
            <grup.nom gen="m" num="s">
              <n lem="Josep_Grau" ne="person" pos="np0000p" postype="proper" sense="16:cs1" wd="Josep_Grau"/>
            </grup.nom>
          </sn>
        </grup.nom>
      </sn>
      <grup.verb>
        <v lem="demanar" lss="A32.ditransitive-patient-benefactive" mood="subjunctive" num="s" person="3" pos="vmsp3s0" postype="main" tense="present" wd="demani"/>
      </grup.verb>
      <sn arg="arg1" entity="entity8" entityref="nne" func="cd" tem="pat">
        <grup.nom gen="f" num="s">
          <f lem="'" pos="fz" punct="mathsign" wd="'"/>
          <n gen="f" lem="calma" num="s" pos="ncfs000" postype="common" sense="16:03839746" wd="calma"/>
          <f lem="'" pos="fz" punct="mathsign" wd="'"/>
        </grup.nom>
      </sn>
    </S>
    <S clausesubtype="concessive" clausetype="adverbial" func="ao">
      <conj conjunctiontype="subordinating">
        <c lem="quan" pos="cs" postype="subordinating" wd="quan"/>
      </conj>
      <sn arg="arg1" entity="entity9" entityref="nne" func="suj" tem="pat">
        <spec gen="m" num="s">
          <d gen="m" lem="el" num="s" pos="da0ms0" postype="article" wd="el"/>
        </spec>
        <grup.nom gen="m" num="s">
          <n gen="f" lem="canal" num="s" pos="ncfs000" postype="common" sense="16:02374666" wd="canal"/>
        </grup.nom>
      </sn>
      <morfema.verbal func="pass">
        <p gen="c" lem="es" num="c" pos="p0000000" wd="s'"/>
      </morfema.verbal>
      <grup.verb>
        <v lem="haver" mood="indicative" num="s" person="3" pos="vaic3s0" postype="auxiliary" tense="conditional" wd="hauria"/>
        <s lem="de" pos="sps00" postype="preposition" wd="d'"/>
        <infinitiu>
          <v lem="haver" mood="infinitive" pos="van0000" postype="auxiliary" wd="haver"/>
          <v gen="m" lem="construir" lss="B22.unaccusative-passive-transitive" mood="participle" num="s" pos="vmp00sm" postype="main" wd="construït"/>
        </infinitiu>
      </grup.verb>
      <sn arg="argM" entity="entity10" entityref="nne" func="cc" tem="tmp">
        <v lem="fer" mood="indicative" num="s" person="3" pos="vmip3s0" postype="main" tense="present" wd="fa"/>
        <z lem="10" ne="number" wd="10"/>
        <n gen="m" lem="any" num="p" pos="ncmp000" postype="common" sense="16:10917509" wd="anys"/>
      </sn>
    </S>
    <f lem="." pos="fp" punct="period" wd="."/>
  </sentence>
  <sentence coord="yes">
    <S>
      <sn func="ao">
        <grup.nom>
          <p gen="c" lem="tal" num="s" pos="pd0cs000" postype="demonstrative" wd="Tal"/>
          <S clausetype="relative">
            <relatiu arg="argM" func="cc" tem="mnr">
              <p lem="com" pos="pr000000" postype="relative" wd="com"/>
            </relatiu>
            <sadv adjunct="yes" arg="argM" func="cc" tem="tmp">
              <grup.adv>
                <r lem="ja" pos="rg" wd="ja"/>
              </grup.adv>
            </sadv>
            <sn arg="arg0" coreftype="ident" elliptic="yes" entity="entity1" entityref="nne" func="suj" homophoricDD="yes" tem="agt"/>
            <grup.verb>
              <v lem="anar" mood="indicative" num="p" person="3" pos="vaip3p0" postype="auxiliary" tense="present" wd="van"/>
              <v lem="anunciar" lss="A32.ditransitive-patient-benefactive" mood="infinitive" pos="vmn0000" postype="main" wd="anunciar"/>
            </grup.verb>
            <sn arg="argM" entityref="nne" func="cc" tem="tmp">
              <v lem="fer" mood="indicative" num="s" person="3" pos="vmip3s0" postype="main" tense="present" wd="fa"/>
              <d gen="m" lem="un" num="p" pos="di0mp0" postype="indefinite" wd="uns"/>
              <n gen="m" lem="dia" num="p" pos="ncmp000" postype="common" sense="16:10878116" wd="dies"/>
            </sn>
          </S>
        </grup.nom>
        <f lem="," pos="fc" punct="comma" wd=","/>
      </sn>
      <sn arg="arg0" coreftype="ident" entity="entity1" entityref="nne" func="suj" homophoricDD="yes" tem="agt">
        <spec gen="m" num="p">
          <d gen="m" lem="el" num="p" pos="da0mp0" postype="article" wd="els"/>
        </spec>
        <grup.nom gen="m" num="p">
          <n gen="m" lem="agricultor" num="p" pos="ncmp000" postype="common" sense="16:07068330" wd="agricultors"/>
        </grup.nom>
      </sn>
      <grup.verb>
        <v lem="presentar" lss="A32.ditransitive-patient-benefactive" mood="indicative" num="p" person="3" pos="vmif3p0" postype="main" tense="future" wd="presentaran"/>
      </grup.verb>
      <sn arg="arg1" entityref="nne" func="cd" tem="pat">
        <spec gen="m" num="s">
          <d gen="m" lem="un" num="s" pos="di0ms0" postype="indefinite" wd="un"/>
        </spec>
        <grup.nom gen="m" num="s">
          <n gen="m" lem="contenciós" num="s" pos="ncms000" postype="common" sense="16:cs1" wd="contenciós"/>
          <s.a gen="m" num="s">
            <grup.a gen="m" num="s">
              <a gen="m" lem="administratiu" num="s" pos="aq0ms0" postype="qualificative" wd="administratiu"/>
            </grup.a>
          </s.a>
        </grup.nom>
      </sn>
      <sp arg="argM" func="cc" tem="adv">
        <prep>
          <s lem="contra" pos="sps00" postype="preposition" wd="contra"/>
        </prep>
        <sn coreftype="ident" entity="entity2" entityref="ne" ne="organization">
          <spec gen="m" num="s">
            <d gen="m" lem="el" num="s" pos="da0ms0" postype="article" wd="el"/>
          </spec>
          <grup.nom gen="m" num="s">
            <n lem="DARP" ne="organization" pos="np0000o" postype="proper" sense="16:cs1" wd="DARP"/>
          </grup.nom>
        </sn>
      </sp>
    </S>
    <conj conjunctiontype="coordinating">
      <c lem="i" pos="cc" postype="coordinating" wd="i"/>
    </conj>
    <S>
      <sp>
        <prep>
          <s contracted="yes" gen="m" lem="en_funció_del" num="s" pos="spcms" postype="preposition" wd="en_funció_del"/>
        </prep>
        <sn entityref="nne" homophoricDD="yes">
          <grup.nom gen="m" num="s">
            <n gen="m" lem="resultat" num="s" pos="ncms000" postype="common" sense="16:05438613" wd="resultat"/>
            <sp>
              <prep>
                <s lem="de" pos="sps00" postype="preposition" wd="d'"/>
              </prep>
              <sn entityref="nne">
                <spec gen="f" num="s">
                  <d gen="f" lem="un" num="s" pos="di0fs0" postype="indefinite" wd="una"/>
                </spec>
                <grup.nom gen="f" num="s">
                  <n gen="f" lem="reunió" num="s" pos="ncfs000" postype="common" sense="16:06166238" wd="reunió"/>
                  <sp>
                    <prep>
                      <s lem="amb" pos="sps00" postype="preposition" wd="amb"/>
                    </prep>
                    <sn entityref="nne">
                      <spec gen="m" num="p">
                        <d gen="m" lem="el" num="p" pos="da0mp0" postype="article" wd="els"/>
                      </spec>
                      <grup.nom gen="m" num="p">
                        <n gen="c" lem="responsable" num="p" pos="nccp000" postype="common" sense="16:07311393" wd="responsables"/>
                        <sp>
                          <prep>
                            <s lem="de" pos="sps00" postype="preposition" wd="de"/>
                          </prep>
                          <sn entityref="ne" ne="organization">
                            <spec gen="f" num="s">
                              <d gen="f" lem="el" num="s" pos="da0fs0" postype="article" wd="la"/>
                            </spec>
                            <grup.nom gen="f" num="s">
                              <n lem="Confederació_Hidrogràfica_de_l'_Ebre" ne="organization" pos="np0000o" postype="proper" sense="16:cs1" wd="Confederació_Hidrogràfica_de_l'_Ebre"/>
                            </grup.nom>
                          </sn>
                        </sp>
                      </grup.nom>
                    </sn>
                  </sp>
                </grup.nom>
              </sn>
            </sp>
          </grup.nom>
        </sn>
      </sp>
      <sn arg="arg0" coreftype="ident" elliptic="yes" entity="entity1" entityref="nne" func="suj" tem="agt"/>
      <neg func="mod">
        <r lem="no" pos="rn" postype="negative" wd="no"/>
      </neg>
      <grup.verb>
        <v lem="descartar" lss="A21.transitive-agentive-patient" mood="indicative" num="p" person="3" pos="vmip3p0" postype="main" tense="present" wd="descarten"/>
      </grup.verb>
      <S arg="arg1" clausetype="completive" func="cd" impersonal="yes" tem="pat">
        <infinitiu>
          <v lem="emprendre" lss="A21.transitive-agentive-patient" mood="infinitive" pos="vmn0000" postype="main" wd="emprendre"/>
        </infinitiu>
        <sadv func="mod">
          <grup.adv>
            <r lem="també" pos="rg" wd="també"/>
          </grup.adv>
        </sadv>
        <sn arg="arg1" entityref="nne" func="cd" tem="pat">
          <grup.nom gen="f" num="p">
            <n gen="f" lem="mesura" num="p" pos="ncfp000" postype="common" sense="16:00113217" wd="mesures"/>
            <s.a gen="f" num="p">
              <grup.a gen="f" num="p">
                <a gen="c" lem="legal" num="p" pos="aq0cp0" postype="qualificative" wd="legals"/>
              </grup.a>
            </s.a>
          </grup.nom>
        </sn>
      </S>
    </S>
    <f lem="." pos="fp" punct="period" wd="."/>
  </sentence>
  <sentence>
    <sn arg="arg0" coreftype="ident" entity="entity1" entityref="nne" func="suj" homophoricDD="yes" tem="agt">
      <spec gen="m" num="p">
        <d gen="m" lem="el" num="p" pos="da0mp0" postype="article" wd="Els"/>
      </spec>
      <grup.nom gen="m" num="p">
        <n gen="c" lem="regant" num="p" pos="nccp000" postype="common" sense="16:cs1" wd="regants"/>
      </grup.nom>
    </sn>
    <grup.verb>
      <v lem="haver" mood="indicative" num="p" person="3" pos="vaip3p0" postype="auxiliary" tense="present" wd="han"/>
      <v gen="m" lem="denunciar" lss="A34.ditransitive-patient-theme" mood="participle" num="s" pos="vmp00sm" postype="main" wd="denunciat"/>
    </grup.verb>
    <sn arg="arg1" entityref="nne" func="cd" homophoricDD="yes" tem="pat">
      <spec gen="f" num="s">
        <d gen="f" lem="el" num="s" pos="da0fs0" postype="article" wd="la"/>
      </spec>
      <grup.nom gen="f" num="s">
        <n gen="f" lem="decisió" num="s" pos="ncfs000" postype="common" sense="16:00105760" wd="decisió"/>
        <sp>
          <prep>
            <s contracted="yes" gen="m" lem="del" num="s" pos="spcms" postype="preposition" wd="del"/>
          </prep>
          <sn coreftype="ident" entity="entity2" entityref="ne" ne="organization">
            <grup.nom gen="m" num="s">
              <n gen="m" lem="departament" num="s" pos="ncms000" postype="common" sense="16:06182017" wd="departament"/>
              <sp>
                <prep>
                  <s lem="de" pos="sps00" postype="preposition" wd="d'"/>
                </prep>
                <sn entityref="ne" ne="organization">
                  <grup.nom>
                    <n lem="Agricultura" ne="organization" pos="np0000o" postype="proper" sense="16:cs1" wd="Agricultura"/>
                  </grup.nom>
                </sn>
              </sp>
            </grup.nom>
          </sn>
        </sp>
        <sp>
          <prep>
            <s lem="de" pos="sps00" postype="preposition" wd="de"/>
          </prep>
          <S clausetype="completive" impersonal="yes">
            <infinitiu>
              <f lem="'" pos="fz" punct="mathsign" wd="'"/>
              <v lem="fraccionar" lss="A21.transitive-agentive-patient" mood="infinitive" pos="vmn0000" postype="main" wd="fraccionar"/>
              <f lem="'" pos="fz" punct="mathsign" wd="'"/>
            </infinitiu>
            <sn arg="arg1" coreftype="ident" entity="entity3" entityref="nne" func="cd" homophoricDD="yes" tem="pat">
              <spec gen="m" num="s">
                <d gen="m" lem="el" num="s" pos="da0ms0" postype="article" wd="el"/>
              </spec>
              <grup.nom gen="m" num="s">
                <n gen="m" lem="projecte" num="s" pos="ncms000" postype="common" sense="16:00508925" wd="projecte"/>
                <sp>
                  <prep>
                    <s lem="de" pos="sps00" postype="preposition" wd="de"/>
                  </prep>
                  <sn>
                    <grup.nom gen="m" num="s">
                      <n gen="m" lem="reg" num="s" pos="ncms000" postype="common" sense="16:00178992" wd="reg"/>
                    </grup.nom>
                  </sn>
                </sp>
                <s.a gen="m" num="s">
                  <grup.a gen="m" num="s">
                    <a gen="c" lem="inicial" num="s" pos="aq0cs0" postype="qualificative" wd="inicial"/>
                  </grup.a>
                </s.a>
              </grup.nom>
            </sn>
            <sp arg="argM" func="cc" tem="loc">
              <prep>
                <s lem="a" pos="sps00" postype="preposition" wd="a"/>
              </prep>
              <sn coreftype="ident" entity="entity4" entityref="spec">
                <spec gen="f" num="s">
                  <d gen="f" lem="el" num="s" pos="da0fs0" postype="article" wd="la"/>
                </spec>
                <grup.nom gen="f" num="s">
                  <n gen="f" lem="zona" num="s" pos="ncfs000" postype="common" sense="16:06395720" wd="zona"/>
                </grup.nom>
              </sn>
            </sp>
            <sp arg="argM" func="cc" tem="fin">
              <prep>
                <s lem="per_tal_de" pos="sps00" postype="preposition" wd="per_tal_de"/>
              </prep>
              <S clausetype="completive" impersonal="yes">
                <infinitiu>
                  <v lem="disgregar" lss="A21.transitive-agentive-patient" mood="infinitive" pos="vmn0000" postype="main" wd="disgregar"/>
                </infinitiu>
                <sn arg="arg1" coreftype="ident" entity="entity5" entityref="nne" func="cd" homophoricDD="yes" tem="pat">
                  <spec gen="f" num="p">
                    <d gen="f" lem="el" num="p" pos="da0fp0" postype="article" wd="les"/>
                  </spec>
                  <grup.nom gen="f" num="p">
                    <n gen="f" lem="força" num="p" pos="ncfp000" postype="common" sense="16:07491804" wd="forces"/>
                    <sp>
                      <prep>
                        <s contracted="yes" gen="m" lem="del" num="p" pos="spcmp" postype="preposition" wd="dels"/>
                      </prep>
                      <sn coreftype="ident" entity="entity6" entityref="spec" homophoricDD="yes">
                        <grup.nom gen="m" num="p">
                          <n gen="m" lem="municipi" num="p" pos="ncmp000" postype="common" sense="16:06355858" wd="municipis"/>
                          <S clausetype="participle" impersonal="yes">
                            <participi>
                              <a gen="m" lem="afectat" num="p" pos="aq0mpp" posfunction="participle" postype="qualificative" wd="afectats"/>
                            </participi>
                          </S>
                          <sn complex="yes">
                            <f lem=":" pos="fd" punct="colon" wd=":"/>
                            <grup.nom coord="yes">
                              <grup.nom>
                                <n lem="Lleida" ne="location" pos="np0000l" postype="proper" sense="16:50004693" wd="Lleida"/>
                              </grup.nom>
                              <f lem="," pos="fc" punct="comma" wd=","/>
                              <grup.nom entity="entity12">
                                <n lem="Puigverd_de_Lleida" ne="location" pos="np0000l" postype="proper" sense="16:cs1" wd="Puigverd_de_Lleida"/>
                              </grup.nom>
                              <f lem="," pos="fc" punct="comma" wd=","/>
                              <grup.nom>
                                <n lem="Artesa_de_Lleida" ne="location" pos="np0000l" postype="proper" sense="16:cs1" wd="Artesa_de_Lleida"/>
                              </grup.nom>
                              <f lem="," pos="fc" punct="comma" wd=","/>
                              <grup.nom>
                                <n lem="Aspa" ne="location" pos="np0000l" postype="proper" sense="16:cs1" wd="Aspa"/>
                              </grup.nom>
                              <f lem="," pos="fc" punct="comma" wd=","/>
                              <grup.nom>
                                <n lem="Alfés" ne="location" pos="np0000l" postype="proper" sense="16:cs1" wd="Alfés"/>
                              </grup.nom>
                              <f lem="," pos="fc" punct="comma" wd=","/>
                              <grup.nom>
                                <n lem="Alcanó" ne="location" pos="np0000l" postype="proper" sense="16:cs1" wd="Alcanó"/>
                              </grup.nom>
                              <f lem="," pos="fc" punct="comma" wd=","/>
                              <grup.nom>
                                <n lem="Sarroca" ne="location" pos="np0000l" postype="proper" sense="16:cs1" wd="Sarroca"/>
                              </grup.nom>
                              <f lem="," pos="fc" punct="comma" wd=","/>
                              <grup.nom>
                                <n lem="Torrebesses" ne="location" pos="np0000l" postype="proper" sense="16:cs1" wd="Torrebesses"/>
                              </grup.nom>
                              <f lem="," pos="fc" punct="comma" wd=","/>
                              <grup.nom>
                                <n lem="Sunyer" ne="location" pos="np0000l" postype="proper" sense="16:cs1" wd="Sunyer"/>
                              </grup.nom>
                              <f lem="," pos="fc" punct="comma" wd=","/>
                              <grup.nom>
                                <n lem="Albatàrrec" ne="location" pos="np0000l" postype="proper" sense="16:cs1" wd="Albatàrrec"/>
                              </grup.nom>
                              <f lem="," pos="fc" punct="comma" wd=","/>
                              <grup.nom>
                                <n lem="Montoliu_de_Lleida" ne="location" pos="np0000l" postype="proper" sense="16:cs1" wd="Montoliu_de_Lleida"/>
                              </grup.nom>
                              <f lem="," pos="fc" punct="comma" wd=","/>
                              <grup.nom>
                                <n lem="Sudanell" ne="location" pos="np0000l" postype="proper" sense="16:cs1" wd="Sudanell"/>
                              </grup.nom>
                              <f lem="," pos="fc" punct="comma" wd=","/>
                              <grup.nom>
                                <n lem="Torres_de_Segre" ne="location" pos="np0000l" postype="proper" sense="16:cs1" wd="Torres_de_Segre"/>
                              </grup.nom>
                              <conj conjunctiontype="coordinating">
                                <c lem="i" pos="cc" postype="coordinating" wd="i"/>
                              </conj>
                              <grup.nom entity="entity13">
                                <n lem="Aitona" ne="location" pos="np0000l" postype="proper" sense="16:cs1" wd="Aitona"/>
                              </grup.nom>
                            </grup.nom>
                          </sn>
                        </grup.nom>
                      </sn>
                    </sp>
                  </grup.nom>
                </sn>
              </S>
            </sp>
          </S>
        </sp>
      </grup.nom>
    </sn>
    <f lem="." pos="fp" punct="period" wd="."/>
  </sentence>
  <sentence>
    <sn arg="arg0" coreftype="ident" elliptic="yes" entity="entity1" entityref="nne" func="suj" tem="agt"/>
    <grup.verb>
      <v lem="considerar" lss="A21.transitive-agentive-patient" mood="indicative" num="p" person="3" pos="vmip3p0" postype="main" tense="present" wd="Consideren"/>
    </grup.verb>
    <sa arg="arg2" func="cpred" predicate="cd" tem="atr">
      <grup.a>
        <a gen="c" lem="inadmissible" num="p" pos="aq0cp0" postype="qualificative" wd="inadmissibles"/>
      </grup.a>
    </sa>
    <sn arg="arg1" entityref="nne" func="cd" homophoricDD="yes" tem="pat">
      <spec gen="f" num="p">
        <d gen="f" lem="el" num="p" pos="da0fp0" postype="article" wd="les"/>
      </spec>
      <grup.nom gen="f" num="p">
        <n gen="f" lem="paraula" num="p" pos="ncfp000" postype="common" sense="16:05050587" wd="paraules"/>
        <sp>
          <prep>
            <s contracted="yes" gen="m" lem="del" num="s" pos="spcms" postype="preposition" wd="del"/>
          </prep>
          <sn coreftype="ident" entity="entity7" entityref="ne" ne="person">
            <grup.nom gen="m" num="s">
              <n gen="m" lem="conseller" num="s" pos="ncms000" postype="common" sense="16:07412658" wd="conseller"/>
              <sn entityref="ne" ne="person">
                <grup.nom gen="m" num="s">
                  <n lem="Josep_Grau" ne="person" pos="np0000p" postype="proper" sense="16:cs1" wd="Josep_Grau"/>
                </grup.nom>
              </sn>
              <S clausetype="adverbial" impersonal="yes">
                <gerundi>
                  <v lem="demanar" lss="A32.ditransitive-patient-benefactive" mood="gerund" pos="vmg0000" postype="main" wd="demanant"/>
                </gerundi>
                <sn arg="arg2" coreftype="ident" entity="entity1" entityref="nne" func="ci" tem="ben">
                  <grup.nom gen="m" num="p">
                    <p gen="c" lem="ell" num="p" person="3" pos="pp3cp000" postype="personal" wd="-los"/>
                  </grup.nom>
                </sn>
                <sn arg="arg1" coreftype="ident" entity="entity8" entityref="nne" func="cd" tem="pat">
                  <grup.nom gen="f" num="s">
                    <n gen="f" lem="calma" num="s" pos="ncfs000" postype="common" sense="16:03839746" wd="calma"/>
                  </grup.nom>
                </sn>
                <S clausesubtype="concessive" clausetype="adverbial" func="ao">
                  <conj conjunctiontype="subordinating">
                    <c lem="quan" pos="cs" postype="subordinating" wd="quan"/>
                  </conj>
                  <sn arg="arg1" coreftype="ident" entity="entity9" entityref="nne" func="suj" homophoricDD="yes" tem="tem">
                    <spec gen="m" num="s">
                      <d gen="m" lem="el" num="s" pos="da0ms0" postype="article" wd="el"/>
                    </spec>
                    <grup.nom gen="m" num="s">
                      <n gen="f" lem="canal" num="s" pos="ncfs000" postype="common" sense="16:02374666" wd="canal"/>
                      <S clausetype="relative">
                        <relatiu arg="arg0" coreftype="ident" entity="entity9" entityref="nne" func="suj" tem="agt">
                          <p gen="c" lem="que" num="c" pos="pr0cn000" postype="relative" wd="que"/>
                        </relatiu>
                        <sn arg="arg2" coreftype="ident" entity="entity1" entityref="nne" func="ci" tem="ben">
                          <grup.nom gen="m" num="p">
                            <p gen="c" lem="ell" num="p" person="3" pos="pp3cp000" postype="personal" wd="els"/>
                          </grup.nom>
                        </sn>
                        <grup.verb>
                          <v lem="haver" mood="indicative" num="s" person="3" pos="vaic3s0" postype="auxiliary" tense="conditional" wd="hauria"/>
                          <s lem="de" pos="sps00" postype="preposition" wd="de"/>
                          <infinitiu>
                            <v lem="subministrar" lss="A32.ditransitive-patient-benefactive" mood="infinitive" pos="vmn0000" postype="main" wd="subministrar"/>
                          </infinitiu>
                        </grup.verb>
                        <sn arg="arg1" entityref="nne" func="cd" tem="pat">
                          <grup.nom gen="f" num="s">
                            <n gen="f" lem="aigua" num="s" pos="ncfs000" postype="common" sense="16:10650211" wd="aigua"/>
                          </grup.nom>
                        </sn>
                      </S>
                    </grup.nom>
                  </sn>
                  <grup.verb>
                    <v lem="haver" mood="indicative" num="s" person="3" pos="vaic3s0" postype="auxiliary" tense="conditional" wd="hauria"/>
                    <s lem="de" pos="sps00" postype="preposition" wd="d'"/>
                    <infinitiu>
                      <v lem="estar" lss="C21.state-attributive" mood="infinitive" pos="vmn0000" postype="main" wd="estar"/>
                    </infinitiu>
                  </grup.verb>
                  <S arg="arg2" clausetype="participle" func="atr" impersonal="yes" tem="atr">
                    <participi>
                      <a gen="m" lem="fet" lss="B22.unaccusative-passive-transitive" num="s" pos="aq0msp" posfunction="participle" postype="qualificative" wd="fet"/>
                    </participi>
                    <sp arg="argM" func="cc" tem="tmp">
                      <prep>
                        <s lem="des_de" pos="sps00" postype="preposition" wd="des_de"/>
                      </prep>
                      <sn coreftype="ident" entity="entity10" entityref="nne">
                        <v lem="fer" mood="indicative" num="s" person="3" pos="vmip3s0" postype="main" tense="present" wd="fa"/>
                        <sadv>
                          <grup.adv>
                            <r lem="com_a_mínim" pos="rg" wd="com_a_mínim"/>
                          </grup.adv>
                        </sadv>
                        <d gen="c" lem="deu" num="p" pos="dn0cp0" postype="numeral" wd="deu"/>
                        <n gen="m" lem="any" num="p" pos="ncmp000" postype="common" sense="16:10917509" wd="anys"/>
                      </sn>
                    </sp>
                  </S>
                </S>
              </S>
            </grup.nom>
          </sn>
        </sp>
      </grup.nom>
    </sn>
    <f lem="." pos="fp" punct="period" wd="."/>
  </sentence>
  <sentence>
    <sn arg="arg0" coreftype="ident" entity="entity1" entityref="nne" func="suj" homophoricDD="yes" tem="agt">
      <spec gen="m" num="p">
        <d gen="m" lem="el" num="p" pos="da0mp0" postype="article" wd="Els"/>
      </spec>
      <grup.nom gen="m" num="p">
        <n gen="m" lem="pagès" num="p" pos="ncmp000" postype="common" sense="16:07464910" wd="pagesos"/>
      </grup.nom>
    </sn>
    <grup.verb>
      <v lem="dir" lss="A32.ditransitive-patient-benefactive" mood="indicative" num="p" person="3" pos="vmip3p0" postype="main" tense="present" wd="diuen"/>
    </grup.verb>
    <S arg="arg1" clausetype="completive" coord="yes" func="cd" tem="pat">
      <S clausetype="completive">
        <conj conjunctiontype="subordinating">
          <c lem="que" pos="cs" postype="subordinating" wd="que"/>
        </conj>
        <sn arg="arg0" coreftype="ident" entity="entity2" entityref="nne" func="suj" homophoricDD="yes" tem="agt">
          <spec gen="f" num="s">
            <d gen="c" lem="el" num="s" pos="da0cs0" postype="article" wd="l'"/>
          </spec>
          <grup.nom gen="f" num="s">
            <n gen="f" lem="administració" num="s" pos="ncfs000" postype="common" sense="16:06188759" wd="administració"/>
          </grup.nom>
        </sn>
        <sadv arg="argM" func="cc" tem="tmp">
          <grup.adv>
            <r lem="ja" pos="rg" wd="ja"/>
          </grup.adv>
        </sadv>
        <grup.verb>
          <v lem="haver" mood="indicative" num="s" person="3" pos="vaip3s0" postype="auxiliary" tense="present" wd="ha"/>
          <v gen="m" lem="destinar" lss="A34.ditransitive-patient-theme" mood="participle" num="s" pos="vmp00sm" postype="main" wd="destinat"/>
        </grup.verb>
        <sn arg="arg1" entityref="ne" func="cd" ne="number" tem="pat">
          <spec gen="m" num="p">
            <z lem="1800" ne="number" wd="1.800"/>
          </spec>
          <grup.nom gen="m" num="p">
            <n gen="m" lem="milió" num="p" pos="ncmp000" postype="common" sense="16:09902865" wd="milions"/>
            <sp>
              <prep>
                <s lem="de" pos="sps00" postype="preposition" wd="de"/>
              </prep>
              <sn entityref="ne" ne="number">
                <grup.nom gen="f" num="p">
                  <z lem="pesseta" ne="number" pos="zm" postype="currency" wd="pessetes"/>
                </grup.nom>
              </sn>
            </sp>
          </grup.nom>
        </sn>
        <sp arg="arg2" func="creg" tem="tem">
          <prep>
            <s lem="a" pos="sps00" postype="preposition" wd="a"/>
          </prep>
          <S clausetype="completive" impersonal="yes">
            <infinitiu>
              <v lem="revestir" lss="A21.transitive-agentive-patient" mood="infinitive" pos="vmn0000" postype="main" wd="revestir"/>
            </infinitiu>
            <sn arg="arg1" entity="entity11" entityref="ne" func="cd" ne="location" tem="pat">
              <spec gen="m" num="s">
                <d gen="m" lem="el" num="s" pos="da0ms0" postype="article" wd="el"/>
              </spec>
              <grup.nom gen="m" num="s">
                <n lem="Canal_d'_Urgell" ne="location" pos="np0000l" postype="proper" sense="16:cs1" wd="Canal_d'_Urgell"/>
              </grup.nom>
            </sn>
          </S>
        </sp>
        <S arg="argM" clausetype="adverbial" func="cc" tem="fin">
          <conj conjunctiontype="subordinating">
            <c lem="per_tal_que" pos="cs" postype="subordinating" wd="per_tal_que"/>
          </conj>
          <sn arg="arg0" coreftype="ident" elliptic="yes" entity="entity11" entityref="spec" func="suj" tem="agt"/>
          <grup.verb>
            <v lem="poder" mood="subjunctive" num="s" person="3" pos="vmsp3s0" postype="main" tense="present" wd="pugui"/>
            <infinitiu>
              <v lem="portar" lss="A31.ditransitive-patient-locative" mood="infinitive" pos="vmn0000" postype="main" wd="portar"/>
            </infinitiu>
          </grup.verb>
          <sn arg="arg1" entity="entity14" entityref="nne" func="cd" homophoricDD="yes" tem="pat">
            <spec gen="f" num="s">
              <d gen="c" lem="el" num="s" pos="da0cs0" postype="article" wd="l'"/>
            </spec>
            <grup.nom gen="f" num="s">
              <n gen="f" lem="aigua" num="s" pos="ncfs000" postype="common" sense="16:10650211" wd="aigua"/>
              <s.a gen="f" num="s">
                <grup.a gen="f" num="s">
                  <a gen="c" lem="suficient" num="s" pos="aq0cs0" postype="qualificative" wd="suficient"/>
                </grup.a>
              </s.a>
            </grup.nom>
          </sn>
          <sp arg="argM" func="cc" tem="loc">
            <prep>
              <s lem="a" pos="sps00" postype="preposition" wd="a"/>
            </prep>
            <sn coreftype="ident" entity="entity6" entityref="spec">
              <spec gen="m" num="p">
                <d gen="m" lem="aquest" num="p" pos="dd0mp0" postype="demonstrative" wd="aquests"/>
              </spec>
              <grup.nom gen="m" num="p">
                <n gen="m" lem="municipi" num="p" pos="ncmp000" postype="common" sense="16:06355858" wd="municipis"/>
              </grup.nom>
            </sn>
          </sp>
        </S>
      </S>
      <conj conjunctiontype="coordinating">
        <c lem="i" pos="cc" postype="coordinating" wd="i"/>
      </conj>
      <S clausetype="completive">
        <conj conjunctiontype="subordinating">
          <c lem="que" pos="cs" postype="subordinating" wd="que"/>
        </conj>
        <sadv arg="argM" func="cc" tem="tmp">
          <grup.adv>
            <r lem="ja" pos="rg" wd="ja"/>
          </grup.adv>
        </sadv>
        <morfema.verbal func="impers">
          <p gen="c" lem="es" num="c" pos="p0000000" wd="s'"/>
        </morfema.verbal>
        <grup.verb>
          <v lem="haver" mood="indicative" num="s" person="3" pos="vaip3s0" postype="auxiliary" tense="present" wd="ha"/>
          <v gen="m" lem="pagar" lss="A21.transitive-agentive-patient" mood="participle" num="s" pos="vmp00sm" postype="main" wd="pagat"/>
        </grup.verb>
        <sn arg="arg1" entityref="nne" func="cd" homophoricDD="yes" tem="pat">
          <spec gen="f" num="p">
            <d gen="f" lem="el" num="p" pos="da0fp0" postype="article" wd="les"/>
          </spec>
          <grup.nom gen="f" num="p">
            <n gen="f" lem="expropiació" num="p" pos="ncfp000" postype="common" sense="16:00052487" wd="expropiacions"/>
            <sp>
              <prep>
                <s contracted="yes" gen="m" lem="del" num="s" pos="spcms" postype="preposition" wd="del"/>
              </prep>
              <sn entityref="ne" ne="number">
                <grup.nom gen="m" num="s">
                  <z lem="50" ne="number" wd="50%"/>
                </grup.nom>
              </sn>
            </sp>
            <sp>
              <prep>
                <s contracted="yes" gen="m" lem="del" num="s" pos="spcms" postype="preposition" wd="del"/>
              </prep>
              <sn coreftype="ident" entity="entity9" entityref="spec">
                <grup.nom gen="m" num="s">
                  <n gen="f" lem="canal" num="s" pos="ncfs000" postype="common" sense="16:02374666" wd="canal"/>
                </grup.nom>
              </sn>
            </sp>
            <sp>
              <f lem="," pos="fc" punct="comma" wd=","/>
              <prep>
                <s lem="des_de" pos="sps00" postype="preposition" wd="des_de"/>
              </prep>
              <sn coreftype="ident" entity="entity12" entityref="ne" ne="location">
                <grup.nom>
                  <n lem="Puigverd" ne="location" pos="np0000l" postype="proper" sense="16:cs1" wd="Puigverd"/>
                </grup.nom>
              </sn>
            </sp>
            <sp>
              <prep>
                <s lem="a" pos="sps00" postype="preposition" wd="a"/>
              </prep>
              <sn coreftype="ident" entity="entity13" entityref="ne" ne="location">
                <grup.nom>
                  <n lem="Aitona" ne="location" pos="np0000l" postype="proper" sense="16:cs1" wd="Aitona"/>
                </grup.nom>
              </sn>
            </sp>
          </grup.nom>
        </sn>
      </S>
    </S>
    <f lem="." pos="fp" punct="period" wd="."/>
  </sentence>
  <sentence>
    <sn arg="arg0" coreftype="ident" entity="entity1" entityref="nne" func="suj" homophoricDD="yes" tem="agt">
      <spec gen="m" num="p">
        <d gen="m" lem="el" num="p" pos="da0mp0" postype="article" wd="Els"/>
      </spec>
      <grup.nom gen="m" num="p">
        <n gen="c" lem="regant" num="p" pos="nccp000" postype="common" sense="16:cs1" wd="regants"/>
      </grup.nom>
    </sn>
    <sadv func="mod">
      <grup.adv>
        <r lem="també" pos="rg" wd="també"/>
      </grup.adv>
    </sadv>
    <grup.verb>
      <v lem="criticar" lss="A21.transitive-agentive-patient" mood="indicative" num="p" person="3" pos="vmip3p0" postype="main" tense="present" wd="critiquen"/>
    </grup.verb>
    <sn arg="arg1" entityref="nne" func="cd" homophoricDD="yes" tem="pat">
      <spec gen="m" num="p">
        <d gen="m" lem="el" num="p" pos="da0mp0" postype="article" wd="els"/>
      </spec>
      <grup.nom gen="m" num="p">
        <n gen="m" lem="intent" num="p" pos="ncmp000" postype="common" sense="16:00503611" wd="intents"/>
        <sp>
          <prep>
            <s contracted="yes" gen="m" lem="del" num="s" pos="spcms" postype="preposition" wd="del"/>
          </prep>
          <sn coreftype="ident" entity="entity2" entityref="ne" ne="location">
            <grup.nom gen="m" num="s">
              <n lem="Govern" ne="organization" pos="np0000o" postype="proper" sense="16:cs1" wd="Govern"/>
              <s.a gen="m" num="s">
                <grup.a gen="m" num="s">
                  <a gen="m" lem="català" num="s" pos="aq0ms0" postype="qualificative" wd="català"/>
                </grup.a>
              </s.a>
            </grup.nom>
          </sn>
        </sp>
        <sp>
          <prep>
            <s lem="de" pos="sps00" postype="preposition" wd="de"/>
          </prep>
          <S clausetype="completive" impersonal="yes">
            <infinitiu>
              <v lem="voler" lss="A21.transitive-agentive-patient" mood="infinitive" pos="vmn0000" postype="main" wd="voler"/>
            </infinitiu>
            <S arg="arg1" clausetype="completive" func="cd" impersonal="yes" tem="pat">
              <infinitiu>
                <v lem="lligar" lss="A34.ditransitive-patient-theme" mood="infinitive" pos="vmn0000" postype="main" wd="lligar"/>
              </infinitiu>
              <sn arg="arg1" coreftype="ident" entity="entity9" entityref="ne" func="cd" ne="other" tem="pat">
                <spec gen="m" num="s">
                  <d gen="m" lem="el" num="s" pos="da0ms0" postype="article" wd="el"/>
                </spec>
                <grup.nom gen="m" num="s">
                  <n gen="m" lem="projecte" num="s" pos="ncms000" postype="common" sense="16:00508925" wd="projecte"/>
                  <sp>
                    <prep>
                      <s contracted="yes" gen="m" lem="del" num="s" pos="spcms" postype="preposition" wd="del"/>
                    </prep>
                    <sn coreftype="ident" entity="entity4" entityref="ne" ne="location">
                      <grup.nom gen="m" num="s">
                        <n lem="Garrigues_Baixes" ne="location" pos="np0000l" postype="proper" sense="16:cs1" wd="Garrigues_Baixes"/>
                      </grup.nom>
                    </sn>
                  </sp>
                </grup.nom>
              </sn>
              <sp arg="arg2" func="creg" tem="tem">
                <prep>
                  <s lem="a" pos="sps00" postype="preposition" wd="a"/>
                </prep>
                <sn entityref="ne" ne="location">
                  <spec gen="m" num="s">
                    <d gen="c" lem="el" num="s" pos="da0cs0" postype="article" wd="l'"/>
                  </spec>
                  <grup.nom gen="m" num="s">
                    <n gen="m" lem="embassament" num="s" pos="ncms000" postype="common" sense="16:03231562" wd="embassament"/>
                    <sp>
                      <prep>
                        <s lem="de" pos="sps00" postype="preposition" wd="de"/>
                      </prep>
                      <sn entityref="ne" ne="location">
                        <spec gen="f" num="s">
                          <d gen="c" lem="el" num="s" pos="da0cs0" postype="article" wd="l'"/>
                        </spec>
                        <grup.nom gen="f" num="s">
                          <n lem="Albagés" ne="location" pos="np0000l" postype="proper" sense="16:cs1" wd="Albagés"/>
                        </grup.nom>
                      </sn>
                    </sp>
                  </grup.nom>
                </sn>
              </sp>
            </S>
          </S>
        </sp>
      </grup.nom>
    </sn>
    <S arg="argM" clausetype="adverbial" func="cc" tem="cau">
      <conj conjunctiontype="subordinating">
        <c lem="ja_que" pos="cs" postype="subordinating" wd="ja_que"/>
      </conj>
      <sn arg="arg1" coreftype="ident" entity="entity14" entityref="nne" func="suj" homophoricDD="yes" tem="tem">
        <spec gen="f" num="s">
          <d gen="c" lem="el" num="s" pos="da0cs0" postype="article" wd="l'"/>
        </spec>
        <grup.nom gen="f" num="s">
          <n gen="f" lem="aigua" num="s" pos="ncfs000" postype="common" sense="16:10650211" wd="aigua"/>
        </grup.nom>
      </sn>
      <sn arg="arg2" coreftype="ident" entity="entity1" entityref="nne" func="ci" tem="ben">
        <grup.nom gen="m" num="p">
          <p gen="c" lem="ell" num="p" person="3" pos="pp3cp000" postype="personal" wd="els"/>
        </grup.nom>
      </sn>
      <grup.verb>
        <v lem="haver" mood="indicative" num="s" person="3" pos="vaip3s0" postype="auxiliary" tense="present" wd="ha"/>
        <s lem="de" pos="sps00" postype="preposition" wd="d'"/>
        <infinitiu>
          <v lem="arribar" lss="B22.unaccusative-passive-transitive" mood="infinitive" pos="vmn0000" postype="main" wd="arribar"/>
        </infinitiu>
      </grup.verb>
      <sp arg="arg3" coord="yes" func="cc" tem="ori">
        <sp>
          <prep>
            <s contracted="yes" gen="m" lem="pel" num="s" pos="spcms" postype="preposition" wd="pel"/>
          </prep>
          <sn coreftype="ident" entity="entity11" entityref="ne" ne="location">
            <grup.nom gen="m" num="s">
              <n lem="Canal_d'_Urgell" ne="location" pos="np0000l" postype="proper" sense="16:cs1" wd="Canal_d'_Urgell"/>
            </grup.nom>
          </sn>
        </sp>
        <conj conjunctiontype="coordinating">
          <c lem="i" pos="cc" postype="coordinating" wd="i"/>
        </conj>
        <sp>
          <neg adjunct="yes">
            <r lem="no" pos="rn" postype="negative" wd="no"/>
          </neg>
          <sp>
            <prep>
              <s contracted="yes" gen="m" lem="pel" num="s" pos="spcms" postype="preposition" wd="pel"/>
            </prep>
            <sn entityref="ne" ne="location">
              <grup.nom gen="m" num="s">
                <n lem="Segarra-Garrigues" ne="location" pos="np0000l" postype="proper" sense="16:cs1" wd="Segarra-Garrigues"/>
              </grup.nom>
            </sn>
          </sp>
        </sp>
      </sp>
    </S>
    <f lem="." pos="fp" punct="period" wd="."/>
  </sentence>
  <sentence coord="yes">
    <sp adjunct="yes" func="et">
      <prep>
        <s lem="de" pos="sps00" postype="preposition" wd="D'"/>
      </prep>
      <sn entityref="lex">
        <spec gen="f" num="s">
          <d gen="f" lem="altre" num="s" pos="di0fs0" postype="indefinite" wd="altra"/>
        </spec>
        <grup.nom gen="f" num="s">
          <n gen="f" lem="banda" num="s" pos="ncfs000" postype="common" sense="16:04505974" wd="banda"/>
        </grup.nom>
      </sn>
      <f lem="," pos="fc" punct="comma" wd=","/>
    </sp>
    <S coord="yes">
      <S>
        <sn arg="arg0" coreftype="ident" entity="entity1" entityref="nne" func="suj" homophoricDD="yes" tem="agt">
          <spec gen="m" num="p">
            <d gen="m" lem="el" num="p" pos="da0mp0" postype="article" wd="els"/>
          </spec>
          <grup.nom gen="m" num="p">
            <n gen="m" lem="agricultor" num="p" pos="ncmp000" postype="common" sense="16:07068330" wd="agricultors"/>
          </grup.nom>
        </sn>
        <grup.verb>
          <v lem="assegurar" lss="A21.transitive-agentive-patient" mood="indicative" num="p" person="3" pos="vmip3p0" postype="main" tense="present" wd="asseguren"/>
        </grup.verb>
        <S arg="arg1" clausetype="completive" func="cd" tem="pat">
          <conj conjunctiontype="subordinating">
            <c lem="que" pos="cs" postype="subordinating" wd="que"/>
          </conj>
          <sn arg="arg1" coreftype="ident" elliptic="yes" entity="entity1" entityref="nne" func="suj" tem="tem"/>
          <sadv arg="argM" func="cc" tem="tmp">
            <grup.adv>
              <r lem="ja" pos="rg" wd="ja"/>
            </grup.adv>
          </sadv>
          <grup.verb>
            <v lem="tenir" lss="C21.state-attributive" mood="indicative" num="p" person="3" pos="vmip3p0" postype="main" tense="present" wd="tenen"/>
          </grup.verb>
          <S arg="argM" clausetype="participle" func="cpred" impersonal="yes" predicate="cd" tem="atr">
            <participi>
              <a gen="f" lem="concedit" num="s" pos="aq0fsp" posfunction="participle" postype="qualificative" wd="concedida"/>
            </participi>
          </S>
          <sp arg="argM" func="cc" tem="tmp">
            <prep>
              <s lem="des_de" pos="sps00" postype="preposition" wd="des_de"/>
            </prep>
            <sn entityref="ne" ne="date">
              <grup.nom gen="m" num="s">
                <w lem="[??:??/??/1971:??.??]" ne="date" wd="1971"/>
              </grup.nom>
            </sn>
          </sp>
          <sn arg="arg2" entity="entity15" entityref="nne" func="cd" functype="quantitative" tem="atr">
            <spec gen="f" num="s">
              <d gen="f" lem="un" num="s" pos="di0fs0" postype="indefinite" wd="una"/>
            </spec>
            <grup.nom gen="f" num="s">
              <n gen="f" lem="concessió" num="s" pos="ncfs000" postype="common" sense="16:05364726" wd="concessió"/>
              <sp>
                <prep>
                  <s lem="de" pos="sps00" postype="preposition" wd="d'"/>
                </prep>
                <sn entity="entity16" entityref="nne">
                  <grup.nom gen="f" num="s">
                    <n gen="f" lem="aigua" num="s" pos="ncfs000" postype="common" sense="16:10650211" wd="aigua"/>
                  </grup.nom>
                </sn>
              </sp>
              <sp>
                <prep>
                  <s lem="de" pos="sps00" postype="preposition" wd="d'"/>
                </prep>
                <sn>
                  <grup.nom gen="m" num="s">
                    <n gen="m" lem="hivern" num="s" pos="ncms000" postype="common" sense="16:10946591" wd="hivern"/>
                  </grup.nom>
                </sn>
              </sp>
              <sp>
                <prep>
                  <s lem="de" pos="sps00" postype="preposition" wd="de"/>
                </prep>
                <sn entityref="ne" ne="number">
                  <spec gen="m" num="p">
                    <z lem="4.6" ne="number" wd="4,6"/>
                  </spec>
                  <grup.nom gen="m" num="p">
                    <n gen="m" lem="metre" num="p" pos="ncmp000" postype="common" sense="16:09822324" wd="metres"/>
                    <s.a gen="m" num="p">
                      <grup.a gen="m" num="p">
                        <a gen="m" lem="cúbic" num="p" pos="aq0mp0" postype="qualificative" wd="cúbics"/>
                      </grup.a>
                    </s.a>
                    <sp>
                      <prep>
                        <s lem="per" pos="sps00" postype="preposition" wd="per"/>
                      </prep>
                      <sn>
                        <grup.nom gen="m" num="s">
                          <n gen="m" lem="segon" num="s" pos="ncms000" postype="common" sense="16:10944012" wd="segon"/>
                        </grup.nom>
                      </sn>
                    </sp>
                  </grup.nom>
                </sn>
              </sp>
              <sp>
                <prep>
                  <s lem="durant" pos="sps00" postype="preposition" wd="durant"/>
                </prep>
                <sn entityref="ne" ne="number">
                  <spec gen="f" num="p">
                    <z lem="14" ne="number" wd="14"/>
                  </spec>
                  <grup.nom gen="f" num="p">
                    <n gen="f" lem="hora" num="p" pos="ncfp000" postype="common" sense="16:10938063" wd="hores"/>
                    <s.a gen="f" num="p">
                      <grup.a gen="f" num="p">
                        <a gen="f" lem="diari" num="p" pos="aq0fp0" postype="qualificative" wd="diàries"/>
                      </grup.a>
                    </s.a>
                  </grup.nom>
                </sn>
              </sp>
              <S clausetype="relative">
                <relatiu arg="arg0" coreftype="ident" entity="entity15" entityref="nne" func="suj" tem="agt">
                  <p gen="c" lem="que" num="c" pos="pr0cn000" postype="relative" wd="que"/>
                </relatiu>
                <sn arg="arg2" coreftype="ident" entity="entity1" entityref="nne" func="ci" tem="ben">
                  <grup.nom gen="m" num="p">
                    <p gen="c" lem="ell" num="p" person="3" pos="pp3cp000" postype="personal" wd="els"/>
                  </grup.nom>
                </sn>
                <grup.verb>
                  <v lem="permetre" lss="A32.ditransitive-patient-benefactive" mood="indicative" num="s" person="3" pos="vmic3s0" postype="main" tense="conditional" wd="permetria"/>
                </grup.verb>
                <S arg="arg1" clausetype="completive" func="cd" impersonal="yes" tem="pat">
                  <infinitiu>
                    <v lem="salvar" lss="A21.transitive-agentive-patient" mood="infinitive" pos="vmn0000" postype="main" wd="salvar"/>
                  </infinitiu>
                  <sn arg="arg1" entityref="nne" func="cd" homophoricDD="yes" tem="pat">
                    <spec gen="f" num="s">
                      <d gen="f" lem="el" num="s" pos="da0fs0" postype="article" wd="la"/>
                    </spec>
                    <grup.nom gen="f" num="s">
                      <n gen="f" lem="campanya" num="s" pos="ncfs000" postype="common" sense="16:00509919" wd="campanya"/>
                      <sp>
                        <prep>
                          <s lem="de" pos="sps00" postype="preposition" wd="de"/>
                        </prep>
                        <sn>
                          <grup.nom gen="m" num="p">
                            <n gen="m" lem="cereal" num="p" pos="ncmp000" postype="common" sense="16:08447975" wd="cereals"/>
                          </grup.nom>
                        </sn>
                      </sp>
                    </grup.nom>
                  </sn>
                </S>
              </S>
            </grup.nom>
          </sn>
        </S>
      </S>
      <conj conjunctiontype="coordinating">
        <c lem="i" pos="cc" postype="coordinating" wd="i"/>
      </conj>
      <S>
        <sn arg="arg0" coreftype="ident" elliptic="yes" entity="entity1" entityref="nne" func="suj" tem="agt"/>
        <morfema.pronominal>
          <p gen="c" lem="ell" num="c" person="3" pos="p0300000" wd="es"/>
        </morfema.pronominal>
        <grup.verb>
          <v lem="preguntar" lss="A32.ditransitive-patient-benefactive" mood="indicative" num="p" person="3" pos="vmip3p0" postype="main" tense="present" wd="pregunten"/>
        </grup.verb>
        <S arg="arg1" clausetype="completive" func="cd" tem="pat">
          <sadv arg="arg2" func="creg" tem="loc">
            <grup.adv>
              <p lem="on" pos="pr000000" postype="relative" wd="on"/>
            </grup.adv>
          </sadv>
          <grup.verb>
            <v lem="ser" lss="C11.state-existential" mood="indicative" num="s" person="3" pos="vsip3s0" postype="semiauxiliary" tense="present" wd="és"/>
          </grup.verb>
          <sn arg="arg1" coreftype="ident" entity="entity16" entityref="nne" func="suj" tem="tem">
            <spec gen="f" num="s">
              <d gen="f" lem="aquest" num="s" pos="dd0fs0" postype="demonstrative" wd="aquesta"/>
            </spec>
            <grup.nom gen="f" num="s">
              <n gen="f" lem="aigua" num="s" pos="ncfs000" postype="common" sense="16:10650211" wd="aigua"/>
            </grup.nom>
          </sn>
        </S>
      </S>
      <f lem="." pos="fp" punct="period" wd="."/>
    </S>
  </sentence>
  <sentence>
    <morfema.verbal func="impers">
      <p gen="c" lem="es" num="c" pos="p0000000" wd="Es"/>
    </morfema.verbal>
    <grup.verb>
      <v lem="tractar" lss="C21.state-attributive" mood="indicative" num="s" person="3" pos="vmip3s0" postype="main" tense="present" wd="tracta"/>
    </grup.verb>
    <sp arg="arg2" func="creg" tem="atr">
      <prep>
        <s lem="de" pos="sps00" postype="preposition" wd="d'"/>
      </prep>
      <sn>
        <spec gen="f" num="s">
          <d gen="f" lem="un" num="s" pos="di0fs0" postype="indefinite" wd="una"/>
        </spec>
        <grup.nom gen="f" num="s">
          <n gen="f" lem="decisió" num="s" pos="ncfs000" postype="common" sense="16:00105760" wd="decisió"/>
          <sp>
            <prep>
              <s lem="de" pos="sps00" postype="preposition" wd="de"/>
            </prep>
            <sn entity="entity17" entityref="ne" ne="organization">
              <spec gen="f" num="s">
                <d gen="f" lem="el" num="s" pos="da0fs0" postype="article" wd="la"/>
              </spec>
              <grup.nom gen="f" num="s">
                <n lem="Confederació_Hidrogràfica_de_l'_Ebre" ne="organization" pos="np0000o" postype="proper" sense="16:cs1" wd="Confederació_Hidrogràfica_de_l'_Ebre"/>
              </grup.nom>
            </sn>
          </sp>
          <S clausetype="relative">
            <relatiu arg="arg0" coreftype="ident" entity="entity17" entityref="spec" func="suj" tem="cau">
              <p gen="c" lem="que" num="c" pos="pr0cn000" postype="relative" wd="que"/>
            </relatiu>
            <grup.verb>
              <v lem="obligar" lss="A12.ditransitive-causative-state" mood="indicative" num="s" person="3" pos="vmip3s0" postype="main" tense="present" wd="obliga"/>
            </grup.verb>
            <sp arg="arg1" func="cd" tem="tem">
              <prep>
                <s contracted="yes" gen="m" lem="al" num="s" pos="spcms" postype="preposition" wd="al"/>
              </prep>
              <sn coreftype="ident" entity="entity11" entityref="ne" ne="organization">
                <grup.nom gen="m" num="s">
                  <n lem="Canal_d'_Urgell" ne="organization" pos="np0000o" postype="proper" sense="16:cs1" wd="Canal_d'_Urgell"/>
                </grup.nom>
              </sn>
            </sp>
            <sp arg="arg2" func="creg" tem="efi">
              <prep>
                <s lem="a" pos="sps00" postype="preposition" wd="a"/>
              </prep>
              <S clausetype="completive" impersonal="yes">
                <infinitiu>
                  <v lem="donar" lss="A21.transitive-agentive-patient" mood="infinitive" pos="vmn0000" postype="main" wd="donar"/>
                </infinitiu>
                <sn arg="arg1" coreftype="ident" entity="entity16" entityref="nne" func="cd" tem="pat">
                  <spec gen="f" num="s">
                    <d gen="f" lem="aquest" num="s" pos="dd0fs0" postype="demonstrative" wd="aquesta"/>
                  </spec>
                  <grup.nom gen="f" num="s">
                    <n gen="f" lem="quantitat" num="s" pos="ncfs000" postype="common" sense="16:00020056" wd="quantitat"/>
                  </grup.nom>
                </sn>
              </S>
            </sp>
          </S>
        </grup.nom>
      </sn>
    </sp>
    <f lem="." pos="fp" punct="period" wd="."/>
  </sentence>
  <sentence>
    <sn arg="arg0" entity="entity18" entityref="nne" func="suj" homophoricDD="yes" tem="cau">
      <spec gen="f" num="s">
        <d gen="f" lem="el" num="s" pos="da0fs0" postype="article" wd="La"/>
      </spec>
      <grup.nom gen="f" num="s">
        <n gen="f" lem="construcció" num="s" pos="ncfs000" postype="common" sense="16:00585093" wd="construcció"/>
        <sp>
          <prep>
            <s lem="de" pos="sps00" postype="preposition" wd="de"/>
          </prep>
          <sn entityref="nne">
            <grup.nom gen="m" num="p">
              <s.a gen="m" num="p">
                <grup.a gen="m" num="p">
                  <a gen="m" lem="petit" num="p" pos="aq0mp0" postype="qualificative" wd="petits"/>
                </grup.a>
              </s.a>
              <n gen="m" lem="rec" num="p" pos="ncmp000" postype="common" sense="16:02868886" wd="recs"/>
            </grup.nom>
          </sn>
        </sp>
        <sp>
          <prep>
            <s lem="a" pos="sps00" postype="preposition" wd="a"/>
          </prep>
          <sn coreftype="ident" entity="entity4" entityref="spec">
            <spec gen="f" num="s">
              <d gen="f" lem="el" num="s" pos="da0fs0" postype="article" wd="la"/>
            </spec>
            <grup.nom gen="f" num="s">
              <n gen="f" lem="zona" num="s" pos="ncfs000" postype="common" sense="16:06395720" wd="zona"/>
            </grup.nom>
          </sn>
        </sp>
        <sp>
          <prep>
            <c lem="com" pos="cs" postype="subordinating" wd="com"/>
          </prep>
          <sn coord="yes">
            <sn coord="yes">
              <sn entityref="nne">
                <spec gen="m" num="s">
                  <d gen="m" lem="el" num="s" pos="da0ms0" postype="article" wd="el"/>
                </spec>
                <grup.nom gen="m" num="s">
                  <sp>
                    <prep>
                      <s lem="de" pos="sps00" postype="preposition" wd="de"/>
                    </prep>
                    <sn entityref="ne" ne="location">
                      <grup.nom>
                        <n lem="Torres_de_Segre" ne="location" pos="np0000l" postype="proper" sense="16:cs1" wd="Torres_de_Segre"/>
                      </grup.nom>
                    </sn>
                  </sp>
                </grup.nom>
              </sn>
              <conj conjunctiontype="coordinating">
                <c lem="o" pos="cc" postype="coordinating" wd="o"/>
              </conj>
              <sn entityref="nne">
                <spec gen="m" num="p">
                  <d gen="m" lem="el" num="p" pos="da0mp0" postype="article" wd="els"/>
                </spec>
                <grup.nom gen="m" num="p">
                  <sp>
                    <prep>
                      <s lem="de" pos="sps00" postype="preposition" wd="de"/>
                    </prep>
                    <sn complex="yes">
                      <grup.nom coord="yes">
                        <grup.nom>
                          <n lem="Montoliu" ne="location" pos="np0000l" postype="proper" sense="16:cs1" wd="Montoliu"/>
                        </grup.nom>
                        <f lem="," pos="fc" punct="comma" wd=","/>
                        <grup.nom>
                          <n lem="Albatàrrec" ne="location" pos="np0000l" postype="proper" sense="16:cs1" wd="Albatàrrec"/>
                        </grup.nom>
                        <conj conjunctiontype="coordinating">
                          <c lem="i" pos="cc" postype="coordinating" wd="i"/>
                        </conj>
                        <grup.nom>
                          <n lem="Sunyer" ne="location" pos="np0000l" postype="proper" sense="16:cs1" wd="Sunyer"/>
                        </grup.nom>
                      </grup.nom>
                    </sn>
                  </sp>
                </grup.nom>
              </sn>
            </sn>
            <S adjunct="yes" clausetype="relative">
              <relatiu arg="arg1" coreftype="ident" entity="entity18" entityref="nne" func="suj" tem="tem">
                <p gen="c" lem="que" num="c" pos="pr0cn000" postype="relative" wd="que"/>
              </relatiu>
              <morfema.pronominal>
                <p gen="c" lem="ell" num="c" person="3" pos="p0300000" wd="se"/>
              </morfema.pronominal>
              <grup.verb>
                <v lem="sobreposar" lss="B22.unaccusative-passive-transitive" mood="indicative" num="p" person="3" pos="vmip3p0" postype="main" tense="present" wd="sobreposen"/>
              </grup.verb>
              <sp arg="arg2" func="creg" tem="loc">
                <prep>
                  <s lem="a" pos="sps00" postype="preposition" wd="a"/>
                </prep>
                <sn entity="entity20" entityref="nne" homophoricDD="yes">
                  <spec gen="f" num="s">
                    <d gen="f" lem="el" num="s" pos="da0fs0" postype="article" wd="la"/>
                  </spec>
                  <grup.nom gen="f" num="s">
                    <n gen="f" lem="construcció" num="s" pos="ncfs000" postype="common" sense="16:00585093" wd="construcció"/>
                    <sp>
                      <prep>
                        <s contracted="yes" gen="m" lem="del" num="s" pos="spcms" postype="preposition" wd="del"/>
                      </prep>
                      <sn coreftype="ident" entity="entity9" entityref="ne" ne="location">
                        <grup.nom gen="m" num="s">
                          <n lem="Garrigues_Baixes" ne="location" pos="np0000l" postype="proper" sense="16:cs1" wd="Garrigues_Baixes"/>
                        </grup.nom>
                      </sn>
                    </sp>
                  </grup.nom>
                </sn>
              </sp>
            </S>
          </sn>
        </sp>
      </grup.nom>
    </sn>
    <grup.verb>
      <v lem="estar" mood="indicative" num="p" person="3" pos="vmip3p0" postype="main" tense="present" wd="estan"/>
      <gerundi>
        <v lem="provocar" lss="A11.transitive-causative" mood="gerund" pos="vmg0000" postype="main" wd="provocant"/>
      </gerundi>
    </grup.verb>
    <sn arg="arg1" coord="yes" func="cd" tem="tem">
      <sn entityref="nne" homophoricDD="yes">
        <spec gen="f" num="s">
          <d gen="f" lem="el" num="s" pos="da0fs0" postype="article" wd="la"/>
        </spec>
        <grup.nom gen="f" num="s">
          <n gen="f" lem="disgregació" num="s" pos="ncfs000" postype="common" sense="16:00237068" wd="disgregació"/>
          <sp>
            <prep>
              <s lem="de" pos="sps00" postype="preposition" wd="de"/>
            </prep>
            <sn coreftype="ident" entity="entity4" entityref="spec">
              <spec gen="f" num="s">
                <d gen="f" lem="el" num="s" pos="da0fs0" postype="article" wd="la"/>
              </spec>
              <grup.nom gen="f" num="s">
                <n gen="f" lem="comarca" num="s" pos="ncfs000" postype="common" sense="16:50004760" wd="comarca"/>
              </grup.nom>
            </sn>
          </sp>
        </grup.nom>
      </sn>
      <conj conjunctiontype="coordinating">
        <c lem="i" pos="cc" postype="coordinating" wd="i"/>
      </conj>
      <sn>
        <sp adjunct="yes">
          <prep>
            <s lem="a" pos="sps00" postype="preposition" wd="a"/>
          </prep>
          <sn entityref="lex">
            <spec gen="f" num="s">
              <d gen="f" lem="el" num="s" pos="da0fs0" postype="article" wd="la"/>
            </spec>
            <grup.nom gen="f" num="s">
              <s.a gen="f" num="s">
                <grup.a gen="f" num="s">
                  <a gen="f" lem="llarg" num="s" pos="aq0fs0" postype="qualificative" wd="llarga"/>
                </grup.a>
              </s.a>
            </grup.nom>
          </sn>
        </sp>
        <sn entity="entity19" entityref="nne">
          <grup.nom gen="m" num="p">
            <n gen="m" lem="enfrontament" num="p" pos="ncmp000" postype="common" sense="16:05367872" wd="enfrontaments"/>
            <sp>
              <prep>
                <s lem="entre" pos="sps00" postype="preposition" wd="entre"/>
              </prep>
              <sn coreftype="ident" entity="entity6" entityref="spec" homophoricDD="yes">
                <spec gen="m" num="p">
                  <d gen="m" lem="el" num="p" pos="da0mp0" postype="article" wd="els"/>
                  <d gen="c" lem="diferent" num="p" pos="di0cp0" postype="indefinite" wd="diferents"/>
                </spec>
                <grup.nom gen="m" num="p">
                  <n gen="m" lem="municipi" num="p" pos="ncmp000" postype="common" sense="16:06355858" wd="municipis"/>
                  <S clausetype="participle" impersonal="yes">
                    <participi>
                      <a gen="m" lem="afectat" num="p" pos="aq0mpp" posfunction="participle" postype="qualificative" wd="afectats"/>
                    </participi>
                  </S>
                  <S clausetype="relative">
                    <relatiu arg="arg1" coreftype="ident" entity="entity19" entityref="nne" func="suj" tem="tem">
                      <p gen="c" lem="que" num="c" pos="pr0cn000" postype="relative" wd="que"/>
                    </relatiu>
                    <grup.verb>
                      <v lem="ser" lss="C21.state-attributive" mood="indicative" num="p" person="3" pos="vsip3p0" postype="semiauxiliary" tense="present" wd="són"/>
                    </grup.verb>
                    <sa arg="arg2" func="atr" tem="atr">
                      <spec>
                        <r lem="totalment" pos="rg" wd="totalment"/>
                      </spec>
                      <grup.a>
                        <a gen="m" lem="innecessari" num="p" pos="aq0mp0" postype="qualificative" wd="innecessaris"/>
                      </grup.a>
                    </sa>
                    <sp arg="argM" func="cc" tem="adv">
                      <prep>
                        <s lem="en" pos="sps00" postype="preposition" wd="en"/>
                      </prep>
                      <sn coreftype="ident" entity="entity20" entityref="nne" homophoricDD="yes">
                        <spec gen="f" num="s">
                          <d gen="f" lem="el" num="s" pos="da0fs0" postype="article" wd="la"/>
                        </spec>
                        <grup.nom gen="f" num="s">
                          <n gen="f" lem="construcció" num="s" pos="ncfs000" postype="common" sense="16:00585093" wd="construcció"/>
                          <sp>
                            <prep>
                              <s contracted="yes" gen="m" lem="del" num="s" pos="spcms" postype="preposition" wd="del"/>
                            </prep>
                            <sn coreftype="ident" entity="entity9" entityref="ne" ne="location">
                              <grup.nom gen="m" num="s">
                                <n lem="Canal_Garrigues_Baixes" ne="location" pos="np0000l" postype="proper" sense="16:cs1" wd="Canal_Garrigues_Baixes"/>
                              </grup.nom>
                            </sn>
                          </sp>
                        </grup.nom>
                      </sn>
                    </sp>
                  </S>
                </grup.nom>
              </sn>
            </sp>
          </grup.nom>
        </sn>
      </sn>
    </sn>
    <f lem="." pos="fp" punct="period" wd="."/>
  </sentence>
</article>
