<?xml version="1.0" encoding="UTF-8"?>
<!-- 

  ancora-2.0
       
			Copyright (C) 2007, 2008, 2009, 2010, 2011 UB - CLiC
			Centre de Llenguatge i Computació - Universitat de Barcelona
 
  This file is part of ancora-2.0.
 
  ancora-2.0 is free software and data: you can redistribute it and/or modify
  it under the terms of the GNU General Public License as published
  by the Free Software Foundation, either version 3 of the License,
  or (at your option) any later version.

  ancora-2.0 is distributed in the hope that it will be useful,
  but WITHOUT ANY WARRANTY; without even the implied warranty of
  MERCHANTABILITY or FITNESS FOR A PARTICULAR PURPOSE.  See the
  GNU General Public License for more details.
 
  You should have received a copy of the GNU General Public License
  along with ancora-2.0.  If not, see &lt;http://www.gnu.org/licenses/&gt;.
 
  Check a text in catalan explaining the terms of the license at http://www.softcatala.cat/wiki/GPL3.
  In spanish at http://www.viti.es/gnu/licenses/gpl.html
 

  The following paper must be cited when using this corpus:

 * Taulé, M., M.A. Martí, M. Recasens (2008) 'Ancora: Multilevel Annotated Corpora for Catalan and Spanish',
   Proceedings of 6th International Conference on Language Resources and Evaluation. Marrakesh (Morocco).

  In addition, the following paper must be cited if coreference information (attributes entity, coreftype,
  corefsubtype, homophoricDD or entityref) is used:

 * Recasens, Marta, M. Antònia Martí (2010) ‘AnCora-CO: Coreferentially annotated corpora for Spanish and
   Catalan’. Language Resources and Evaluation, Springer Science.

  Additionally, the following paper must be cited when argumental attributes in "sn" or "grup.nom"
  (attributes func, arg, tem or lexicalid) are used:

 * Peris, Aina, Mariona Taulé, Horacio Rodríguez (2010) ‘Semantic Annotation of Deverbal Nominalizations in the
   Spanish AnCora corpus’. Treebanks and Linguistic Theories (TLT-2010), Estonia.
-->
<article lng="ca">
  <sentence>
    <sn arg="arg0" entity="entity2" entityref="ne" func="suj" ne="organization" tem="agt">
      <grup.nom>
        <n lem="Ecologistes_en_Acció_de_Catalunya" ne="organization" pos="np0000o" postype="proper" sense="16:cs1" wd="Ecologistes_en_Acció_de_Catalunya"/>
      </grup.nom>
    </sn>
    <grup.verb>
      <v lem="haver" mood="indicative" num="s" person="3" pos="vaip3s0" postype="auxiliary" tense="present" wd="ha"/>
      <v gen="m" lem="demanar" lss="A32.ditransitive-patient-benefactive" mood="participle" num="s" pos="vmp00sm" postype="main" wd="demanat"/>
    </grup.verb>
    <sp arg="arg2" func="ci" tem="ben">
      <prep>
        <s contracted="yes" gen="m" lem="al" num="s" pos="spcms" postype="preposition" wd="al"/>
      </prep>
      <sn entity="entity1" entityref="ne" ne="organization">
        <grup.nom gen="m" num="s">
          <n lem="Grup_Parlamentari_del_PSC-CpC" ne="organization" pos="np0000o" postype="proper" sense="16:cs1" wd="Grup_Parlamentari_del_PSC-CpC"/>
        </grup.nom>
      </sn>
    </sp>
    <S arg="arg1" clausetype="completive" func="cd" tem="pat">
      <conj conjunctiontype="subordinating">
        <c lem="que" pos="cs" postype="subordinating" wd="que"/>
      </conj>
      <sn arg="arg1" coreftype="ident" elliptic="yes" entity="entity1" entityref="spec" func="suj" tem="tem"/>
      <grup.verb>
        <v lem="ser" lss="C21.state-attributive" mood="subjunctive" num="s" person="3" pos="vssp3s0" postype="semiauxiliary" tense="present" wd="sigui"/>
      </grup.verb>
      <sa arg="arg2" func="atr" tem="atr">
        <grup.a>
          <a gen="c" lem="coherent" num="s" pos="aq0cs0" postype="qualificative" wd="coherent"/>
        </grup.a>
      </sa>
      <sp arg="argM" func="cc" tem="adv">
        <prep>
          <s lem="amb" pos="sps00" postype="preposition" wd="amb"/>
        </prep>
        <sn entityref="nne">
          <spec gen="f" num="p">
            <d coreftype="ident" entity="entity1" entityref="spec" gen="f" lem="el_seu" num="p" person="3" pos="dp3fp0" postype="possessive" wd="les_seves"/>
          </spec>
          <grup.nom gen="f" num="p">
            <n gen="f" lem="proposició" num="p" pos="ncfp000" postype="common" sense="16:05355066" wd="proposicions"/>
          </grup.nom>
        </sn>
      </sp>
    </S>
    <f lem="." pos="fp" punct="period" wd="."/>
  </sentence>
  <sentence>
    <sn arg="arg0" coreftype="ident" entity="entity2" entityref="spec" func="suj" tem="agt">
      <spec gen="f" num="s">
        <d gen="f" lem="aquest" num="s" pos="dd0fs0" postype="demonstrative" wd="Aquesta"/>
      </spec>
      <grup.nom gen="f" num="s">
        <n gen="f" lem="plataforma" num="s" pos="ncfs000" postype="common" sense="16:cs1" wd="plataforma"/>
        <s.a gen="f" num="s">
          <grup.a gen="f" num="s">
            <a gen="c" lem="ecologista" num="s" pos="aq0cs0" postype="qualificative" wd="ecologista"/>
          </grup.a>
        </s.a>
      </grup.nom>
    </sn>
    <grup.verb>
      <v lem="denunciar" lss="A34.ditransitive-patient-theme" mood="indicative" num="s" person="3" pos="vmip3s0" postype="main" tense="present" wd="denuncia"/>
    </grup.verb>
    <S arg="arg1" clausetype="completive" coord="yes" func="cd" tem="pat">
      <S clausetype="completive">
        <conj conjunctiontype="subordinating">
          <c lem="que" pos="cs" postype="subordinating" wd="que"/>
        </conj>
        <sn arg="arg0" coreftype="ident" entity="entity1" entityref="spec" func="suj" tem="agt">
          <spec gen="m" num="s">
            <d gen="m" lem="aquest" num="s" pos="dd0ms0" postype="demonstrative" wd="aquest"/>
          </spec>
          <grup.nom gen="m" num="s">
            <n gen="m" lem="grup" num="s" pos="ncms000" postype="common" sense="16:00017954" wd="grup"/>
          </grup.nom>
        </sn>
        <grup.verb>
          <v lem="haver" mood="subjunctive" num="s" person="3" pos="vasp3s0" postype="auxiliary" tense="present" wd="hagi"/>
          <v gen="m" lem="presentar" lss="A21.transitive-agentive-patient" mood="participle" num="s" pos="vmp00sm" postype="main" wd="presentat"/>
        </grup.verb>
        <sn arg="arg1" entity="entity4" entityref="nne" func="cd" tem="pat">
          <spec gen="f" num="s">
            <d gen="f" lem="un" num="s" pos="di0fs0" postype="indefinite" wd="una"/>
          </spec>
          <grup.nom gen="f" num="s">
            <n gen="f" lem="proposició" num="s" pos="ncfs000" postype="common" sense="16:05355937" wd="proposició"/>
            <sp>
              <neg adjunct="yes">
                <r lem="no" pos="rn" postype="negative" wd="no"/>
              </neg>
              <sp>
                <prep>
                  <s lem="de" pos="sps00" postype="preposition" wd="de"/>
                </prep>
                <sn>
                  <grup.nom gen="f" num="s">
                    <n gen="f" lem="llei" num="s" pos="ncfs000" postype="common" sense="16:04904589" wd="llei"/>
                  </grup.nom>
                </sn>
              </sp>
            </sp>
          </grup.nom>
        </sn>
        <S arg="argM" clausetype="adverbial" func="cc" impersonal="yes" tem="adv">
          <gerundi>
            <v lem="demanar" lss="A32.ditransitive-patient-benefactive" mood="gerund" pos="vmg0000" postype="main" wd="demanant"/>
          </gerundi>
          <sn arg="arg1" entityref="nne" func="cd" tem="pat">
            <grup.nom gen="m" num="p">
              <s.a gen="m" num="p">
                <grup.a gen="m" num="p">
                  <a gen="m" lem="nou" num="p" pos="aq0mp0" postype="qualificative" wd="nous"/>
                </grup.a>
              </s.a>
              <n gen="m" lem="instrument" num="p" pos="ncmp000" postype="common" sense="16:00112599" wd="instruments"/>
              <s.a coord="yes">
                <s.a gen="m" num="p">
                  <grup.a gen="m" num="p">
                    <a gen="m" lem="legislatiu" num="p" pos="aq0mp0" postype="qualificative" wd="legislatius"/>
                  </grup.a>
                </s.a>
                <conj conjunctiontype="coordinating">
                  <c lem="i" pos="cc" postype="coordinating" wd="i"/>
                </conj>
                <sp>
                  <prep>
                    <s lem="de" pos="sps00" postype="preposition" wd="de"/>
                  </prep>
                  <sn>
                    <grup.nom gen="f" num="s">
                      <n gen="f" lem="gestió" num="s" pos="ncfs000" postype="common" sense="16:00736489" wd="gestió"/>
                    </grup.nom>
                  </sn>
                </sp>
              </s.a>
            </grup.nom>
          </sn>
          <sp arg="argM" func="cc" tem="fin">
            <prep>
              <s lem="per" pos="sps00" postype="preposition" wd="per"/>
            </prep>
            <sp>
              <prep>
                <s lem="a" pos="sps00" postype="preposition" wd="a"/>
              </prep>
              <sn entity="entity5" entityref="nne" homophoricDD="yes">
                <spec gen="f" num="s">
                  <d gen="f" lem="el" num="s" pos="da0fs0" postype="article" wd="la"/>
                </spec>
                <grup.nom gen="f" num="s">
                  <n gen="f" lem="preservació" num="s" pos="ncfs000" postype="common" sense="16:00523866" wd="preservació"/>
                  <sp>
                    <prep>
                      <s contracted="yes" gen="m" lem="del" num="s" pos="spcms" postype="preposition" wd="del"/>
                    </prep>
                    <sn entityref="nne" homophoricDD="yes">
                      <grup.nom gen="m" num="s">
                        <n gen="m" lem="patrimoni" num="s" pos="ncms000" postype="common" sense="16:09529953" wd="patrimoni"/>
                        <s.a gen="m" num="s">
                          <grup.a gen="m" num="s">
                            <a gen="c" lem="natural" num="s" pos="aq0cs0" postype="qualificative" wd="natural"/>
                          </grup.a>
                        </s.a>
                      </grup.nom>
                    </sn>
                  </sp>
                </grup.nom>
              </sn>
            </sp>
          </sp>
        </S>
      </S>
      <conj conjunctiontype="coordinating">
        <c lem="i" pos="cc" postype="coordinating" wd="i"/>
      </conj>
      <S clausetype="completive">
        <conj conjunctiontype="subordinating">
          <c lem="que" pos="cs" postype="subordinating" wd="que"/>
        </conj>
        <sp adjunct="yes" func="et">
          <f lem="," pos="fc" punct="comma" wd=","/>
          <prep>
            <s lem="de" pos="sps00" postype="preposition" wd="d'"/>
          </prep>
          <sn entityref="lex">
            <spec gen="f" num="s">
              <d gen="f" lem="altre" num="s" pos="di0fs0" postype="indefinite" wd="altra"/>
            </spec>
            <grup.nom gen="f" num="s">
              <n gen="f" lem="banda" num="s" pos="ncfs000" postype="common" sense="16:04505974" wd="banda"/>
            </grup.nom>
          </sn>
          <f lem="," pos="fc" punct="comma" wd=","/>
        </sp>
        <S clausetype="completive">
          <sp arg="argM" func="cc" tem="loc">
            <prep>
              <s lem="des_de" pos="sps00" postype="preposition" wd="des_d'"/>
            </prep>
            <sn entity="entity3" entityref="nne">
              <grup.nom gen="f" num="p">
                <n gen="f" lem="administració" num="p" pos="ncfp000" postype="common" sense="16:06188759" wd="administracions"/>
                <S clausetype="relative">
                  <relatiu arg="arg1" coreftype="ident" entity="entity3" entityref="nne" func="cd" tem="pat">
                    <p gen="c" lem="que" num="c" pos="pr0cn000" postype="relative" wd="que"/>
                  </relatiu>
                  <sn arg="arg0" coreftype="ident" elliptic="yes" entity="entity1" entityref="spec" func="suj" tem="agt"/>
                  <grup.verb>
                    <v lem="governar" lss="A21.transitive-agentive-patient" mood="indicative" num="s" person="3" pos="vmip3s0" postype="main" tense="present" wd="governa"/>
                  </grup.verb>
                </S>
              </grup.nom>
            </sn>
            <f lem="," pos="fc" punct="comma" wd=","/>
          </sp>
          <morfema.verbal func="pass">
            <p gen="c" lem="es" num="c" pos="p0000000" wd="s'"/>
          </morfema.verbal>
          <grup.verb>
            <v lem="estar" mood="subjunctive" num="p" person="3" pos="vmsp3p0" postype="main" tense="present" wd="estiguin"/>
            <gerundi>
              <v lem="posar" lss="B22.unaccusative-passive-transitive" mood="gerund" pos="vmg0000" postype="main" wd="posant"/>
            </gerundi>
          </grup.verb>
          <sp arg="argL" func="creg">
            <prep>
              <s lem="en" pos="sps00" postype="preposition" wd="en"/>
            </prep>
            <sn entityref="lex">
              <grup.nom gen="m" num="s">
                <n gen="m" lem="perill" num="s" pos="ncms000" postype="common" sense="16:10427326" wd="perill"/>
              </grup.nom>
            </sn>
          </sp>
          <sn arg="arg1" entity="entity6" entityref="nne" func="suj" tem="pat">
            <grup.nom gen="m" num="p">
              <n gen="m" lem="espai" num="p" pos="ncmp000" postype="common" sense="16:06373003" wd="espais"/>
              <s.a gen="m" num="p">
                <grup.a gen="m" num="p">
                  <a gen="c" lem="agrícola" num="p" pos="aq0cp0" postype="qualificative" wd="agrícoles"/>
                </grup.a>
              </s.a>
              <sp>
                <prep>
                  <c lem="com" pos="cs" postype="subordinating" wd="com"/>
                </prep>
                <sn complex="yes" entity="entity7">
                  <grup.nom coord="yes">
                    <grup.nom entity="entity8">
                      <n lem="Can_Fenosa" ne="location" pos="np0000l" postype="proper" sense="16:cs1" wd="Can_Fenosa"/>
                    </grup.nom>
                    <f lem="," pos="fc" punct="comma" wd=","/>
                    <grup.nom entity="entity9">
                      <n lem="Torrebonica" ne="location" pos="np0000l" postype="proper" sense="16:cs1" wd="Torrebonica"/>
                    </grup.nom>
                    <conj conjunctiontype="coordinating">
                      <c lem="o" pos="cc" postype="coordinating" wd="o"/>
                    </conj>
                    <grup.nom entity="entity10">
                      <n lem="Gallecs" ne="location" pos="np0000l" postype="proper" sense="16:cs1" wd="Gallecs"/>
                    </grup.nom>
                  </grup.nom>
                </sn>
              </sp>
            </grup.nom>
          </sn>
        </S>
      </S>
    </S>
    <f lem="." pos="fp" punct="period" wd="."/>
  </sentence>
  <sentence>
    <sn arg="arg0" coreftype="ident" entity="entity2" entityref="ne" func="suj" ne="organization" tem="agt">
      <grup.nom>
        <n lem="Ecologistes_en_Acció_de_Catalunya" ne="organization" pos="np0000o" postype="proper" sense="16:cs1" wd="Ecologistes_en_Acció_de_Catalunya"/>
      </grup.nom>
    </sn>
    <grup.verb>
      <v lem="qualificar" lss="A21.transitive-agentive-patient" mood="indicative" num="s" person="3" pos="vmip3s0" postype="main" tense="present" wd="qualifica"/>
    </grup.verb>
    <sp arg="arg2" func="cpred" predicate="cd" tem="atr">
      <prep>
        <s lem="com_a" pos="sps00" postype="preposition" wd="com_a"/>
      </prep>
      <sa>
        <grup.a>
          <f lem="'" pos="fz" punct="mathsign" wd="'"/>
          <a gen="c" lem="incongruent" num="s" pos="aq0cs0" postype="qualificative" wd="incongruent"/>
          <f lem="'" pos="fz" punct="mathsign" wd="'"/>
        </grup.a>
      </sa>
    </sp>
    <S arg="arg1" clausetype="completive" func="cd" tem="pat">
      <conj conjunctiontype="subordinating">
        <c lem="que" pos="cs" postype="subordinating" wd="que"/>
      </conj>
      <sn arg="arg0" coreftype="ident" entity="entity1" entityref="spec" func="suj" tem="agt">
        <spec gen="m" num="s">
          <d gen="m" lem="el" num="s" pos="da0ms0" postype="article" wd="el"/>
        </spec>
        <grup.nom gen="m" num="s">
          <n gen="m" lem="grup" num="s" pos="ncms000" postype="common" sense="16:00017954" wd="grup"/>
          <s.a gen="m" num="s">
            <grup.a gen="m" num="s">
              <a gen="m" lem="parlamentari" num="s" pos="aq0ms0" postype="qualificative" wd="parlamentari"/>
            </grup.a>
          </s.a>
        </grup.nom>
      </sn>
      <grup.verb>
        <v lem="presentar" lss="A21.transitive-agentive-patient" mood="subjunctive" num="s" person="3" pos="vmsp3s0" postype="main" tense="present" wd="presenti"/>
      </grup.verb>
      <sn arg="arg1" coreftype="ident" entity="entity4" entityref="nne" func="cd" tem="pat">
        <spec gen="f" num="s">
          <d gen="f" lem="un" num="s" pos="di0fs0" postype="indefinite" wd="una"/>
        </spec>
        <grup.nom gen="f" num="s">
          <n gen="f" lem="proposició" num="s" pos="ncfs000" postype="common" sense="16:05355937" wd="proposició"/>
          <sp>
            <neg adjunct="yes">
              <r lem="no" pos="rn" postype="negative" wd="no"/>
            </neg>
            <sp>
              <prep>
                <s lem="de" pos="sps00" postype="preposition" wd="de"/>
              </prep>
              <sn>
                <grup.nom gen="f" num="s">
                  <n gen="f" lem="llei" num="s" pos="ncfs000" postype="common" sense="16:04904589" wd="llei"/>
                </grup.nom>
              </sn>
            </sp>
          </sp>
          <sp>
            <prep>
              <s lem="sobre" pos="sps00" postype="preposition" wd="sobre"/>
            </prep>
            <sn coreftype="ident" entity="entity5" entityref="nne">
              <spec gen="m" num="s">
                <d gen="m" lem="aquest" num="s" pos="dd0ms0" postype="demonstrative" wd="aquest"/>
              </spec>
              <grup.nom gen="m" num="s">
                <n gen="m" lem="tema" num="s" pos="ncms000" postype="common" sense="16:04950638" wd="tema"/>
              </grup.nom>
            </sn>
          </sp>
        </grup.nom>
      </sn>
      <S clausesubtype="concessive" clausetype="adverbial" func="ao">
        <conj conjunctiontype="subordinating">
          <c lem="quan" pos="cs" postype="subordinating" wd="quan"/>
        </conj>
        <f lem="'" pos="fz" punct="mathsign" wd="'"/>
        <sn arg="arg1" coreftype="ident" entity="entity6" entityref="nne" func="suj" tem="tem">
          <grup.nom gen="m" num="p">
            <n gen="m" lem="espai" num="p" pos="ncmp000" postype="common" sense="16:06373003" wd="espais"/>
            <s.a gen="m" num="p">
              <grup.a gen="m" num="p">
                <a gen="c" lem="agrícola" num="p" pos="aq0cp0" postype="qualificative" wd="agrícoles"/>
              </grup.a>
            </s.a>
            <s.a gen="m" num="p">
              <grup.a gen="m" num="p">
                <a gen="c" lem="important" num="p" pos="aq0cp0" postype="qualificative" wd="importants"/>
              </grup.a>
            </s.a>
            <sp>
              <prep>
                <s lem="com_a" pos="sps00" postype="preposition" wd="com_a"/>
              </prep>
              <sn>
                <grup.nom gen="m" num="p">
                  <n gen="m" lem="connector" num="p" pos="ncmp000" postype="common" sense="16:02488140" wd="connectors"/>
                  <sp>
                    <prep>
                      <s lem="de" pos="sps00" postype="preposition" wd="de"/>
                    </prep>
                    <sn entity="entity20" entityref="nne" homophoricDD="yes">
                      <spec gen="f" num="s">
                        <d gen="c" lem="el" num="s" pos="da0cs0" postype="article" wd="l'"/>
                      </spec>
                      <grup.nom gen="f" num="s">
                        <n gen="f" lem="anella" num="s" pos="ncfs000" postype="common" sense="16:cs1" wd="anella"/>
                        <s.a gen="f" num="s">
                          <grup.a gen="f" num="s">
                            <a gen="f" lem="verd" num="s" pos="aq0fs0" postype="qualificative" wd="verda"/>
                          </grup.a>
                        </s.a>
                      </grup.nom>
                    </sn>
                  </sp>
                </grup.nom>
              </sn>
            </sp>
            <S clausetype="adverbial">
              <f lem="," pos="fc" punct="comma" wd=","/>
              <conj conjunctiontype="subordinating">
                <c lem="com" pos="cs" postype="subordinating" wd="com"/>
              </conj>
              <sn arg="arg1" elliptic="yes" entityref="lex" func="suj" tem="tem"/>
              <grup.verb>
                <v lem="ser" lss="C21.state-attributive" mood="indicative" num="s" person="3" pos="vsip3s0" postype="semiauxiliary" tense="present" wd="és"/>
              </grup.verb>
              <sn arg="arg2" func="atr" tem="atr">
                <spec gen="m" num="s">
                  <d gen="m" lem="el" num="s" pos="da0ms0" postype="article" wd="el"/>
                </spec>
                <grup.nom gen="m" num="s">
                  <n gen="m" lem="cas" num="s" pos="ncms000" postype="common" sense="16:10047274" wd="cas"/>
                  <sp>
                    <prep>
                      <s lem="de" pos="sps00" postype="preposition" wd="de"/>
                    </prep>
                    <sn complex="yes" coreftype="ident" entity="entity7">
                      <grup.nom coord="yes">
                        <grup.nom coreftype="ident" entity="entity8">
                          <n lem="Can_Fenosa" ne="location" pos="np0000l" postype="proper" sense="16:cs1" wd="Can_Fenosa"/>
                        </grup.nom>
                        <f lem="," pos="fc" punct="comma" wd=","/>
                        <grup.nom coreftype="ident" entity="entity9">
                          <n lem="Torrebonica" ne="location" pos="np0000l" postype="proper" sense="16:cs1" wd="Torrebonica"/>
                        </grup.nom>
                        <conj conjunctiontype="coordinating">
                          <c lem="o" pos="cc" postype="coordinating" wd="o"/>
                        </conj>
                        <grup.nom coreftype="ident" entity="entity10">
                          <n lem="Gallecs" ne="location" pos="np0000l" postype="proper" sense="16:cs1" wd="Gallecs"/>
                        </grup.nom>
                      </grup.nom>
                    </sn>
                  </sp>
                </grup.nom>
              </sn>
              <f lem="," pos="fc" punct="comma" wd=","/>
            </S>
          </grup.nom>
        </sn>
        <morfema.pronominal>
          <p gen="c" lem="ell" num="c" person="3" pos="p0300000" wd="es"/>
        </morfema.pronominal>
        <grup.verb>
          <v lem="trobar" lss="C11.state-existential" mood="indicative" num="p" person="3" pos="vmip3p0" postype="main" tense="present" wd="troben"/>
        </grup.verb>
        <sadv arg="argM" func="cc" tem="tmp">
          <grup.adv>
            <r lem="avui" pos="rg" wd="avui"/>
          </grup.adv>
        </sadv>
        <sp arg="argM" func="cc" tem="adv">
          <prep>
            <s lem="sota" pos="sps00" postype="preposition" wd="sota"/>
          </prep>
          <sn entityref="nne">
            <spec gen="m" num="s">
              <d gen="m" lem="un" num="s" pos="di0ms0" postype="indefinite" wd="un"/>
            </spec>
            <grup.nom gen="m" num="s">
              <s.a gen="m" num="s">
                <grup.a gen="m" num="s">
                  <a gen="c" lem="greu" num="s" pos="aq0cs0" postype="qualificative" wd="greu"/>
                </grup.a>
              </s.a>
              <n gen="m" lem="perill" num="s" pos="ncms000" postype="common" sense="16:10428324" wd="perill"/>
            </grup.nom>
          </sn>
        </sp>
        <sp arg="argM" func="cc" tem="cau">
          <f lem="," pos="fc" punct="comma" wd=","/>
          <prep>
            <s lem="per" pos="sps00" postype="preposition" wd="per"/>
          </prep>
          <sn entityref="nne">
            <grup.nom gen="f" num="s">
              <n gen="f" lem="acció" num="s" pos="ncfs000" postype="common" sense="16:00017487" wd="acció"/>
              <s.a gen="f" num="s">
                <grup.a gen="f" num="s">
                  <a gen="f" lem="directe" num="s" pos="aq0fs0" postype="qualificative" wd="directa"/>
                </grup.a>
              </s.a>
              <sp>
                <prep>
                  <s lem="de" pos="sps00" postype="preposition" wd="d'"/>
                </prep>
                <sn coreftype="ident" entity="entity3" entityref="nne">
                  <grup.nom gen="f" num="p">
                    <n gen="f" lem="administració" num="p" pos="ncfp000" postype="common" sense="16:06188759" wd="administracions"/>
                    <S clausetype="participle" impersonal="yes">
                      <participi>
                        <a gen="f" lem="gestionat" lss="B22.unaccusative-passive-transitive" num="p" pos="aq0fpp" posfunction="participle" postype="qualificative" wd="gestionades"/>
                      </participi>
                      <sp arg="arg0" func="cag" tem="agt">
                        <prep>
                          <s lem="per" pos="sps00" postype="preposition" wd="per"/>
                        </prep>
                        <sn entity="entity11" entityref="nne">
                          <grup.nom gen="f" num="p">
                            <n gen="f" lem="persona" num="p" pos="ncfp000" postype="common" sense="16:00004123" wd="persones"/>
                            <S clausetype="relative">
                              <relatiu arg="arg1" coreftype="ident" entity="entity11" entityref="nne" func="suj" tem="tem">
                                <p gen="c" lem="que" num="c" pos="pr0cn000" postype="relative" wd="que"/>
                              </relatiu>
                              <grup.verb>
                                <v lem="pertànyer" lss="C11.state-existential" mood="indicative" num="p" person="3" pos="vmip3p0" postype="main" tense="present" wd="pertanyen"/>
                              </grup.verb>
                              <sp arg="arg2" func="creg" tem="loc">
                                <prep>
                                  <s contracted="yes" gen="m" lem="al" num="s" pos="spcms" postype="preposition" wd="al"/>
                                </prep>
                                <sn coreftype="ident" entity="entity1" entityref="ne" ne="organization">
                                  <grup.nom gen="m" num="s">
                                    <n lem="PSC-Cpc" ne="organization" pos="np0000o" postype="proper" sense="16:cs1" wd="PSC-Cpc"/>
                                  </grup.nom>
                                </sn>
                              </sp>
                            </S>
                          </grup.nom>
                        </sn>
                      </sp>
                    </S>
                  </grup.nom>
                </sn>
              </sp>
            </grup.nom>
          </sn>
        </sp>
        <f lem="'" pos="fz" punct="mathsign" wd="'"/>
      </S>
    </S>
    <f lem="." pos="fp" punct="period" wd="."/>
  </sentence>
  <sentence>
    <sn arg="arg0" coreftype="ident" entity="entity2" entityref="spec" func="suj" tem="agt">
      <spec gen="f" num="s">
        <d gen="f" lem="el" num="s" pos="da0fs0" postype="article" wd="La"/>
      </spec>
      <grup.nom gen="f" num="s">
        <n gen="f" lem="plataforma" num="s" pos="ncfs000" postype="common" sense="16:cs1" wd="plataforma"/>
        <s.a gen="f" num="s">
          <grup.a gen="f" num="s">
            <a gen="c" lem="ecologista" num="s" pos="aq0cs0" postype="qualificative" wd="ecologista"/>
          </grup.a>
        </s.a>
      </grup.nom>
    </sn>
    <grup.verb>
      <v lem="recordar" lss="A21.transitive-agentive-patient" mood="indicative" num="s" person="3" pos="vmip3s0" postype="main" tense="present" wd="recorda"/>
    </grup.verb>
    <S arg="arg1" clausetype="completive" coord="yes" func="cd" tem="pat">
      <S clausetype="completive">
        <conj conjunctiontype="subordinating">
          <c lem="que" pos="cs" postype="subordinating" wd="que"/>
        </conj>
        <sn arg="arg1" entity="entity13" entityref="ne" func="suj" ne="location" tem="tem">
          <sn coreftype="ident" entity="entity8" entityref="ne" ne="location">
            <grup.nom>
              <n lem="Can_Fenosa" ne="location" pos="np0000l" postype="proper" sense="16:cs1" wd="Can_Fenosa"/>
            </grup.nom>
          </sn>
          <sn adjunct="yes" complex="yes" entityref="nne">
            <grup.nom coord="yes">
              <f lem="(" pos="fpa" punct="bracket" punctenclose="open" wd="("/>
              <grup.nom entity="entity16">
                <n lem="Martorelles" ne="location" pos="np0000l" postype="proper" sense="16:cs1" wd="Martorelles"/>
              </grup.nom>
              <conj conjunctiontype="coordinating">
                <c lem="i" pos="cc" postype="coordinating" wd="i"/>
              </conj>
              <grup.nom entity="entity21">
                <n lem="Montornès_del_Vallès" ne="location" pos="np0000l" postype="proper" sense="16:cs1" wd="Montornès_del_Vallès"/>
              </grup.nom>
              <f lem=")" pos="fpt" punct="bracket" punctenclose="close" wd=")"/>
            </grup.nom>
          </sn>
        </sn>
        <grup.verb>
          <v lem="estar" lss="C21.state-attributive" mood="indicative" num="s" person="3" pos="vmip3s0" postype="main" tense="present" wd="està"/>
        </grup.verb>
        <S arg="arg2" clausetype="participle" func="atr" impersonal="yes" tem="atr">
          <participi>
            <a gen="m" lem="amenaçat" num="s" pos="aq0msp" posfunction="participle" postype="qualificative" wd="amenaçat"/>
          </participi>
        </S>
        <sp arg="argM" func="cc" tem="cau">
          <prep>
            <s lem="per" pos="sps00" postype="preposition" wd="per"/>
          </prep>
          <sn entityref="nne" homophoricDD="yes">
            <spec gen="f" num="s">
              <d gen="f" lem="el" num="s" pos="da0fs0" postype="article" wd="la"/>
            </spec>
            <grup.nom gen="f" num="s">
              <n gen="f" lem="construcció" num="s" pos="ncfs000" postype="common" sense="16:00585093" wd="construcció"/>
              <sp>
                <prep>
                  <s lem="de" pos="sps00" postype="preposition" wd="d'"/>
                </prep>
                <sn entityref="nne">
                  <spec gen="f" num="s">
                    <d gen="f" lem="un" num="s" pos="di0fs0" postype="indefinite" wd="una"/>
                  </spec>
                  <grup.nom gen="f" num="s">
                    <n gen="f" lem="factoria" num="s" pos="ncfs000" postype="common" sense="16:02662271" wd="factoria"/>
                    <sp>
                      <prep>
                        <s lem="de" pos="sps00" postype="preposition" wd="de"/>
                      </prep>
                      <sn entityref="ne" ne="organization">
                        <grup.nom>
                          <n lem="Coca-Cola" ne="organization" pos="np0000o" postype="proper" sense="16:cs1" wd="Coca-Cola"/>
                        </grup.nom>
                      </sn>
                    </sp>
                  </grup.nom>
                </sn>
              </sp>
            </grup.nom>
          </sn>
        </sp>
      </S>
      <f lem=";" pos="fx" punct="semicolon" wd=";"/>
      <S clausetype="completive">
        <conj conjunctiontype="subordinating">
          <c lem="que" pos="cs" postype="subordinating" wd="que"/>
        </conj>
        <sp arg="argM" func="cc" repetition="yes" tem="loc">
          <prep>
            <s lem="a" pos="sps00" postype="preposition" wd="a"/>
          </prep>
          <sn entity="entity12" entityref="ne" ne="location">
            <sn coreftype="ident" entity="entity10" entityref="ne" ne="location">
              <grup.nom>
                <n lem="Gallecs" ne="location" pos="np0000l" postype="proper" sense="16:cs1" wd="Gallecs"/>
              </grup.nom>
            </sn>
            <sn adjunct="yes" entity="entity17" entityref="ne" ne="location">
              <grup.nom>
                <f lem="(" pos="fpa" punct="bracket" punctenclose="open" wd="("/>
                <n lem="Mollet_del_Vallès" ne="location" pos="np0000l" postype="proper" sense="16:cs1" wd="Mollet_del_Vallès"/>
                <f lem=")" pos="fpt" punct="bracket" punctenclose="close" wd=")"/>
              </grup.nom>
            </sn>
          </sn>
        </sp>
        <morfema.verbal func="pass">
          <p gen="c" lem="es" num="c" pos="p0000000" wd="s'"/>
        </morfema.verbal>
        <sn arg="argM" coreftype="ident" entity="entity12" entityref="spec" func="cc" repetition="yes" tem="loc">
          <grup.nom>
            <p gen="c" lem="hi" num="c" person="3" pos="pp3cn000" postype="personal" wd="hi"/>
          </grup.nom>
        </sn>
        <grup.verb>
          <v lem="voler" lss="B22.unaccusative-passive-transitive" mood="subjunctive" num="s" person="3" pos="vmsp3s0" postype="main" tense="present" wd="vulgui"/>
        </grup.verb>
        <S arg="arg1" clausetype="completive" func="suj" impersonal="yes" tem="pat">
          <infinitiu>
            <v lem="construir" lss="A21.transitive-agentive-patient" mood="infinitive" pos="vmn0000" postype="main" wd="construir"/>
          </infinitiu>
          <sn arg="arg1" entityref="nne" func="cd" tem="pat">
            <spec gen="m" num="s">
              <d gen="m" lem="un" num="s" pos="di0ms0" postype="indefinite" wd="un"/>
            </spec>
            <grup.nom gen="m" num="s">
              <n gen="m" lem="cementiri" num="s" pos="ncms000" postype="common" sense="16:06285522" wd="cementiri"/>
              <s.a gen="m" num="s">
                <grup.a gen="m" num="s">
                  <a gen="c" lem="comarcal" num="s" pos="aq0cs0" postype="qualificative" wd="comarcal"/>
                </grup.a>
              </s.a>
            </grup.nom>
          </sn>
        </S>
      </S>
      <conj conjunctiontype="coordinating">
        <c lem="i" pos="cc" postype="coordinating" wd="i"/>
      </conj>
      <S clausetype="completive">
        <conj conjunctiontype="subordinating">
          <c lem="que" pos="cs" postype="subordinating" wd="que"/>
        </conj>
        <sn arg="arg1" coreftype="ident" entity="entity9" entityref="ne" func="suj" ne="location" tem="tem">
          <grup.nom>
            <n lem="Torrebonica" ne="location" pos="np0000l" postype="proper" sense="16:cs1" wd="Torrebonica"/>
          </grup.nom>
        </sn>
        <grup.verb>
          <v lem="poder" mood="subjunctive" num="s" person="3" pos="vmsp3s0" postype="main" tense="present" wd="pugui"/>
          <infinitiu>
            <v lem="desaparèixer" lss="B11.unaccusative-motion" mood="infinitive" pos="vmn0000" postype="main" wd="desaparèixer"/>
          </infinitiu>
        </grup.verb>
        <sp arg="argM" func="cc" tem="cau">
          <prep>
            <s lem="per" pos="sps00" postype="preposition" wd="per"/>
          </prep>
          <sn entityref="nne" homophoricDD="yes">
            <spec gen="f" num="s">
              <d gen="f" lem="el" num="s" pos="da0fs0" postype="article" wd="la"/>
            </spec>
            <grup.nom gen="f" num="s">
              <n gen="f" lem="construcció" num="s" pos="ncfs000" postype="common" sense="16:00585093" wd="construcció"/>
              <sp>
                <prep>
                  <s lem="de" pos="sps00" postype="preposition" wd="d'"/>
                </prep>
                <sn entityref="nne">
                  <spec gen="m" num="s">
                    <d gen="m" lem="un" num="s" pos="di0ms0" postype="indefinite" wd="un"/>
                  </spec>
                  <grup.nom gen="m" num="s">
                    <n gen="m" lem="camp" num="s" pos="ncms000" postype="common" sense="16:02510690" wd="camp"/>
                    <sp>
                      <prep>
                        <s lem="de" pos="sps00" postype="preposition" wd="de"/>
                      </prep>
                      <sn>
                        <grup.nom gen="m" num="s">
                          <n gen="m" lem="golf" num="s" pos="ncms000" postype="common" sense="16:00297363" wd="golf"/>
                        </grup.nom>
                      </sn>
                    </sp>
                  </grup.nom>
                </sn>
              </sp>
            </grup.nom>
          </sn>
        </sp>
      </S>
    </S>
    <f lem="." pos="fp" punct="period" wd="."/>
  </sentence>
  <sentence>
    <sp arg="argM" func="cc" tem="adv">
      <prep>
        <s lem="en" pos="sps00" postype="preposition" wd="En"/>
      </prep>
      <sn coreftype="ident" entity="entity13+entity12+entity9" entityref="nne">
        <spec gen="m" num="p">
          <d gen="m" lem="el" num="p" pos="da0mp0" postype="article" wd="els"/>
          <d gen="c" lem="tres" num="p" pos="dn0cp0" postype="numeral" wd="tres"/>
        </spec>
        <grup.nom gen="m" num="p">
          <n gen="m" lem="cas" num="p" pos="ncmp000" postype="common" sense="16:10047274" wd="casos"/>
        </grup.nom>
      </sn>
      <f lem="," pos="fc" punct="comma" wd=","/>
    </sp>
    <sp func="ao">
      <prep>
        <s lem="segons" pos="sps00" postype="preposition" wd="segons"/>
      </prep>
      <sn coreftype="ident" entity="entity2" entityref="ne" ne="organization">
        <grup.nom>
          <n lem="Ecologistes_en_Acció" ne="organization" pos="np0000o" postype="proper" sense="16:cs1" wd="Ecologistes_en_Acció"/>
        </grup.nom>
      </sn>
      <f lem="," pos="fc" punct="comma" wd=","/>
    </sp>
    <morfema.verbal func="impers">
      <p gen="c" lem="es" num="c" pos="p0000000" wd="es"/>
    </morfema.verbal>
    <grup.verb>
      <v lem="tractar" lss="C21.state-attributive" mood="indicative" num="s" person="3" pos="vmip3s0" postype="main" tense="present" wd="tracta"/>
    </grup.verb>
    <sp arg="arg2" func="creg" tem="atr">
      <prep>
        <s lem="de" pos="sps00" postype="preposition" wd="d'"/>
      </prep>
      <sn entity="entity14">
        <grup.nom gen="m" num="p">
          <n gen="m" lem="espai" num="p" pos="ncmp000" postype="common" sense="16:06373003" wd="espais"/>
          <S clausetype="relative">
            <relatiu arg="arg0" coreftype="ident" entity="entity14" entityref="nne" func="suj" tem="agt">
              <p gen="c" lem="que" num="c" pos="pr0cn000" postype="relative" wd="que"/>
            </relatiu>
            <grup.verb>
              <v lem="complir" lss="A21.transitive-agentive-patient" mood="indicative" num="p" person="3" pos="vmip3p0" postype="main" tense="present" wd="compleixen"/>
            </grup.verb>
            <sn arg="arg1" complex="yes" entityref="nne" func="cd" tem="pat">
              <grup.nom coord="yes">
                <grup.nom gen="f" num="p">
                  <n gen="f" lem="condició" num="p" pos="ncfp000" postype="common" sense="16:10031939" wd="condicions"/>
                  <sp>
                    <prep>
                      <s lem="de" pos="sps00" postype="preposition" wd="de"/>
                    </prep>
                    <sn>
                      <grup.nom gen="m" num="p">
                        <n gen="m" lem="corredor" num="p" pos="ncmp000" postype="common" sense="16:cs1" wd="corredors"/>
                        <s.a gen="m" num="p">
                          <grup.a gen="m" num="p">
                            <a gen="m" lem="ecològic" num="p" pos="aq0mp0" postype="qualificative" wd="ecològics"/>
                          </grup.a>
                        </s.a>
                      </grup.nom>
                    </sn>
                  </sp>
                </grup.nom>
                <conj conjunctiontype="coordinating">
                  <c lem="o" pos="cc" postype="coordinating" wd="o"/>
                </conj>
                <grup.nom gen="f" num="p">
                  <n gen="f" lem="zona" num="p" pos="ncfp000" postype="common" sense="16:02207321" wd="zones"/>
                  <sp>
                    <prep>
                      <s lem="de" pos="sps00" postype="preposition" wd="de"/>
                    </prep>
                    <sn>
                      <grup.nom gen="f" num="s">
                        <s.a gen="f" num="s">
                          <grup.a gen="f" num="s">
                            <a gen="c" lem="gran" num="s" pos="aq0cs0" postype="qualificative" wd="gran"/>
                          </grup.a>
                        </s.a>
                        <n gen="f" lem="extensió" num="s" pos="ncfs000" postype="common" sense="16:06667120" wd="extensió"/>
                        <s.a gen="f" num="s">
                          <grup.a gen="f" num="s">
                            <a gen="c" lem="agrícola" num="s" pos="aq0cs0" postype="qualificative" wd="agrícola"/>
                          </grup.a>
                        </s.a>
                      </grup.nom>
                    </sn>
                  </sp>
                </grup.nom>
              </grup.nom>
            </sn>
            <sp arg="argM" func="cc" tem="loc">
              <prep>
                <s lem="a" pos="sps00" postype="preposition" wd="a"/>
              </prep>
              <sn entityref="nne" homophoricDD="yes">
                <spec gen="f" num="s">
                  <d gen="f" lem="el" num="s" pos="da0fs0" postype="article" wd="la"/>
                </spec>
                <grup.nom gen="f" num="s">
                  <n gen="f" lem="zona" num="s" pos="ncfs000" postype="common" sense="16:06395720" wd="zona"/>
                  <s.a gen="f" num="s">
                    <grup.a gen="f" num="s">
                      <a gen="f" lem="metropolità" num="s" pos="aq0fs0" postype="qualificative" wd="metropolitana"/>
                    </grup.a>
                  </s.a>
                </grup.nom>
              </sn>
            </sp>
          </S>
        </grup.nom>
      </sn>
    </sp>
    <f lem="." pos="fp" punct="period" wd="."/>
  </sentence>
  <sentence>
    <sadv func="et">
      <grup.adv>
        <r lem="a_més" pos="rg" wd="A_més"/>
      </grup.adv>
      <f lem="," pos="fc" punct="comma" wd=","/>
    </sadv>
    <sn arg="arg0" coreftype="ident" entity="entity2" entityref="spec" func="suj" tem="agt">
      <spec gen="f" num="s">
        <d gen="f" lem="el" num="s" pos="da0fs0" postype="article" wd="la"/>
      </spec>
      <grup.nom gen="f" num="s">
        <n gen="f" lem="plataforma" num="s" pos="ncfs000" postype="common" sense="16:cs1" wd="plataforma"/>
      </grup.nom>
    </sn>
    <grup.verb>
      <v lem="recordar" lss="A21.transitive-agentive-patient" mood="indicative" num="s" person="3" pos="vmip3s0" postype="main" tense="present" wd="recorda"/>
    </grup.verb>
    <S arg="arg1" clausetype="completive" coord="yes" func="cd" tem="pat">
      <conj conjunctiontype="subordinating">
        <c lem="que" pos="cs" postype="subordinating" wd="que"/>
      </conj>
      <S clausetype="completive">
        <sp arg="argM" func="cc" tem="adv">
          <prep>
            <s lem="en" pos="sps00" postype="preposition" wd="en"/>
          </prep>
          <sn entityref="nne" homophoricDD="yes">
            <spec gen="f" num="s">
              <d gen="f" lem="el" num="s" pos="da0fs0" postype="article" wd="la"/>
            </spec>
            <grup.nom gen="f" num="s">
              <n gen="f" lem="majoria" num="s" pos="ncfs000" postype="common" sense="16:03991218" wd="majoria"/>
              <sp>
                <prep>
                  <s lem="de" pos="sps00" postype="preposition" wd="de"/>
                </prep>
                <sn>
                  <grup.nom gen="m" num="p">
                    <n gen="m" lem="cas" num="p" pos="ncmp000" postype="common" sense="16:10047274" wd="casos"/>
                  </grup.nom>
                </sn>
              </sp>
            </grup.nom>
          </sn>
          <f lem="," pos="fc" punct="comma" wd=","/>
        </sp>
        <sn arg="arg1" coreftype="ident" entity="entity16+entity17+entity21" entityref="nne" func="suj" tem="tem">
          <spec gen="m" num="p">
            <d gen="m" lem="el" num="p" pos="da0mp0" postype="article" wd="els"/>
          </spec>
          <grup.nom gen="m" num="p">
            <n gen="m" lem="municipi" num="p" pos="ncmp000" postype="common" sense="16:06355858" wd="municipis"/>
          </grup.nom>
        </sn>
        <grup.verb>
          <v lem="ser" lss="C21.state-attributive" mood="indicative" num="p" person="3" pos="vsip3p0" postype="semiauxiliary" tense="present" wd="són"/>
        </grup.verb>
        <S arg="arg2" clausetype="participle" func="atr" impersonal="yes" tem="atr">
          <participi>
            <a gen="m" lem="governat" lss="B22.unaccusative-passive-transitive" num="p" pos="aq0mpp" posfunction="participle" postype="qualificative" wd="governats"/>
          </participi>
          <sp arg="arg0" func="cag" tem="agt">
            <prep>
              <s lem="per" pos="sps00" postype="preposition" wd="per"/>
            </prep>
            <sn coreftype="ident" entity="entity1" entityref="spec">
              <grup.nom gen="m" num="p">
                <n gen="c" lem="socialista" num="p" pos="nccp000" postype="common" sense="16:07588809" wd="socialistes"/>
              </grup.nom>
            </sn>
          </sp>
        </S>
      </S>
      <conj conjunctiontype="coordinating">
        <c lem="o_bé" pos="cc" postype="coordinating" wd="o_bé"/>
      </conj>
      <S clausetype="completive">
        <sn arg="arg1" coreftype="ident" entity="entity6" entityref="nne" func="suj" tem="tem">
          <spec gen="m" num="p">
            <d gen="m" lem="algun" num="p" pos="di0mp0" postype="indefinite" wd="alguns"/>
          </spec>
          <grup.nom gen="m" num="p">
            <n gen="m" lem="espai" num="p" pos="ncmp000" postype="common" sense="16:cs1" wd="espais"/>
          </grup.nom>
        </sn>
        <grup.verb>
          <v lem="ser" lss="C21.state-attributive" mood="indicative" num="p" person="3" pos="vsip3p0" postype="semiauxiliary" tense="present" wd="són"/>
        </grup.verb>
        <S arg="arg2" clausetype="participle" func="atr" impersonal="yes" tem="atr">
          <participi>
            <a gen="m" lem="gestionat" lss="B22.unaccusative-passive-transitive" num="p" pos="aq0mpp" posfunction="participle" postype="qualificative" wd="gestionats"/>
          </participi>
          <sp arg="arg0" func="cag" tem="agt">
            <prep>
              <s lem="per" pos="sps00" postype="preposition" wd="per"/>
            </prep>
            <sn coreftype="ident" entity="entity3" entityref="nne">
              <grup.nom gen="f" num="p">
                <n gen="f" lem="entitat" num="p" pos="ncfp000" postype="common" sense="16:00001740" wd="entitats"/>
                <S clausetype="relative">
                  <sp arg="argM" func="cc" tem="loc">
                    <prep>
                      <s lem="en" pos="sps00" postype="preposition" wd="en"/>
                    </prep>
                    <relatiu coreftype="ident" entity="entity3" entityref="nne">
                      <d gen="f" lem="el" num="p" pos="da0fp0" postype="article" wd="les"/>
                      <p gen="c" lem="qual" num="p" pos="pr0cp000" postype="relative" wd="quals"/>
                    </relatiu>
                  </sp>
                  <sn arg="arg0" coreftype="ident" entity="entity11" entityref="nne" func="suj" tem="agt">
                    <grup.nom gen="f" num="p">
                      <n gen="f" lem="persona" num="p" pos="ncfp000" postype="common" sense="16:00004123" wd="persones"/>
                      <sp>
                        <prep>
                          <s contracted="yes" gen="m" lem="del" num="s" pos="spcms" postype="preposition" wd="del"/>
                        </prep>
                        <sn coreftype="ident" entity="entity1" entityref="spec">
                          <grup.nom gen="m" num="s">
                            <n gen="m" lem="partit" num="s" pos="ncms000" postype="common" sense="16:06131180" wd="partit"/>
                          </grup.nom>
                        </sn>
                      </sp>
                    </grup.nom>
                  </sn>
                  <grup.verb>
                    <v lem="ostentar" lss="A21.transitive-agentive-patient" mood="indicative" num="p" person="3" pos="vmip3p0" postype="main" tense="present" wd="ostenten"/>
                  </grup.verb>
                  <sn arg="arg1" entityref="nne" func="cd" tem="pat">
                    <grup.nom gen="f" num="p">
                      <n gen="f" lem="funció" num="p" pos="ncfp000" postype="common" sense="16:00462318" wd="funcions"/>
                      <s.a gen="f" num="p">
                        <grup.a gen="f" num="p">
                          <a gen="f" lem="directiu" num="p" pos="aq0fp0" postype="qualificative" wd="directives"/>
                        </grup.a>
                      </s.a>
                    </grup.nom>
                  </sn>
                </S>
              </grup.nom>
            </sn>
          </sp>
        </S>
      </S>
    </S>
    <f lem="." pos="fp" punct="period" wd="."/>
  </sentence>
  <sentence entity="entity19">
    <sp func="et">
      <prep>
        <s lem="en" pos="sps00" postype="preposition" wd="En"/>
      </prep>
      <sn entityref="lex">
        <spec gen="m" num="s">
          <d gen="m" lem="aquest" num="s" pos="dd0ms0" postype="demonstrative" wd="aquest"/>
        </spec>
        <grup.nom gen="m" num="s">
          <n gen="m" lem="sentit" num="s" pos="ncms000" postype="common" sense="16:cs1" wd="sentit"/>
        </grup.nom>
      </sn>
      <f lem="," pos="fc" punct="comma" wd=","/>
    </sp>
    <sn arg="arg0" coreftype="ident" entity="entity2" entityref="spec" func="suj" homophoricDD="yes" tem="agt">
      <spec gen="m" num="p">
        <d gen="m" lem="el" num="p" pos="da0mp0" postype="article" wd="els"/>
      </spec>
      <grup.nom gen="m" num="p">
        <n gen="c" lem="ecologista" num="p" pos="nccp000" postype="common" sense="16:07245672" wd="ecologistes"/>
      </grup.nom>
    </sn>
    <grup.verb>
      <v lem="denunciar" lss="A34.ditransitive-patient-theme" mood="indicative" num="p" person="3" pos="vmip3p0" postype="main" tense="present" wd="denuncien"/>
    </grup.verb>
    <S arg="arg1" clausetype="completive" func="cd" tem="pat">
      <conj conjunctiontype="subordinating">
        <c lem="que" pos="cs" postype="subordinating" wd="que"/>
      </conj>
      <sp arg="argM" func="cc" tem="adv">
        <prep>
          <s lem="en" pos="sps00" postype="preposition" wd="en"/>
        </prep>
        <sn coreftype="ident" entity="entity13+entity12+entity9" entityref="nne">
          <spec gen="m" num="p">
            <d gen="m" lem="el" num="p" pos="da0mp0" postype="article" wd="els"/>
            <d gen="c" lem="tres" num="p" pos="dn0cp0" postype="numeral" wd="tres"/>
          </spec>
          <grup.nom gen="m" num="p">
            <n gen="m" lem="cas" num="p" pos="ncmp000" postype="common" sense="16:10047274" wd="casos"/>
          </grup.nom>
        </sn>
      </sp>
      <morfema.verbal func="pass">
        <p gen="c" lem="es" num="c" pos="p0000000" wd="s'"/>
      </morfema.verbal>
      <grup.verb>
        <v lem="haver" mood="subjunctive" num="s" person="3" pos="vasp3s0" postype="auxiliary" tense="present" wd="hagi"/>
        <v gen="m" lem="encetar" lss="B22.unaccusative-passive-transitive" mood="participle" num="s" pos="vmp00sm" postype="main" wd="encetat"/>
      </grup.verb>
      <sn arg="arg1" entityref="nne" func="suj" homophoricDD="yes" tem="pat">
        <spec gen="f" num="s">
          <d gen="c" lem="el" num="s" pos="da0cs0" postype="article" wd="l'"/>
        </spec>
        <grup.nom gen="f" num="s">
          <n gen="f" lem="execució" num="s" pos="ncfs000" postype="common" sense="16:00061322" wd="execució"/>
          <sp>
            <prep>
              <s contracted="yes" gen="m" lem="del" num="p" pos="spcmp" postype="preposition" wd="dels"/>
            </prep>
            <sn entity="entity18" entityref="nne" homophoricDD="yes">
              <grup.nom gen="m" num="p">
                <n gen="m" lem="projecte" num="p" pos="ncmp000" postype="common" sense="16:00508925" wd="projectes"/>
                <S clausetype="relative">
                  <relatiu arg="arg1" coreftype="ident" entity="entity18" entityref="nne" func="suj" tem="tem">
                    <p gen="c" lem="que" num="c" pos="pr0cn000" postype="relative" wd="que"/>
                  </relatiu>
                  <grup.verb>
                    <v lem="ser" lss="C21.state-attributive" mood="indicative" num="p" person="3" pos="vsip3p0" postype="semiauxiliary" tense="present" wd="són"/>
                  </grup.verb>
                  <sa arg="arg2" func="atr" tem="atr">
                    <grup.a>
                      <a gen="m" lem="contrari" num="p" pos="aq0mp0" postype="qualificative" wd="contraris"/>
                      <sp>
                        <prep>
                          <s lem="a" pos="sps00" postype="preposition" wd="a"/>
                        </prep>
                        <sn entityref="nne" homophoricDD="yes">
                          <spec gen="m" num="s">
                            <d gen="c" lem="el" num="s" pos="da0cs0" postype="article" wd="l'"/>
                          </spec>
                          <grup.nom gen="m" num="s">
                            <n gen="m" lem="objectiu" num="s" pos="ncms000" postype="common" sense="16:04586952" wd="objectiu"/>
                            <sp>
                              <prep>
                                <s lem="de" pos="sps00" postype="preposition" wd="de"/>
                              </prep>
                              <sn coreftype="ident" entity="entity4" entityref="nne" homophoricDD="yes">
                                <spec gen="f" num="s">
                                  <d gen="f" lem="el" num="s" pos="da0fs0" postype="article" wd="la"/>
                                </spec>
                                <grup.nom gen="f" num="s">
                                  <n gen="f" lem="proposició" num="s" pos="ncfs000" postype="common" sense="16:05355937" wd="proposició"/>
                                  <sp>
                                    <neg adjunct="yes">
                                      <r lem="no" pos="rn" postype="negative" wd="no"/>
                                    </neg>
                                    <sp>
                                      <prep>
                                        <s lem="de" pos="sps00" postype="preposition" wd="de"/>
                                      </prep>
                                      <sn>
                                        <grup.nom gen="f" num="s">
                                          <n gen="f" lem="llei" num="s" pos="ncfs000" postype="common" sense="16:04904589" wd="llei"/>
                                        </grup.nom>
                                      </sn>
                                    </sp>
                                  </sp>
                                  <S clausetype="relative">
                                    <relatiu arg="arg1" coreftype="ident" entity="entity4" entityref="nne" func="suj" tem="pat">
                                      <p gen="c" lem="que" num="c" pos="pr0cn000" postype="relative" wd="que"/>
                                    </relatiu>
                                    <morfema.verbal func="pass">
                                      <p gen="c" lem="es" num="c" pos="p0000000" wd="s'"/>
                                    </morfema.verbal>
                                    <grup.verb>
                                      <v lem="haver" mood="indicative" num="s" person="3" pos="vaip3s0" postype="auxiliary" tense="present" wd="ha"/>
                                      <v gen="m" lem="entrar" lss="B22.unaccusative-passive-transitive" mood="participle" num="s" pos="vmp00sm" postype="main" wd="entrat"/>
                                    </grup.verb>
                                    <sp arg="arg2" func="cc" tem="loc">
                                      <prep>
                                        <s contracted="yes" gen="m" lem="al" num="s" pos="spcms" postype="preposition" wd="al"/>
                                      </prep>
                                      <sn entityref="ne" ne="location">
                                        <grup.nom gen="m" num="s">
                                          <n lem="Parlament" ne="location" pos="np0000l" postype="proper" sense="16:cs1" wd="Parlament"/>
                                        </grup.nom>
                                      </sn>
                                    </sp>
                                  </S>
                                </grup.nom>
                              </sn>
                            </sp>
                          </grup.nom>
                        </sn>
                      </sp>
                    </grup.a>
                  </sa>
                </S>
              </grup.nom>
            </sn>
          </sp>
        </grup.nom>
      </sn>
    </S>
    <f lem="." pos="fp" punct="period" wd="."/>
  </sentence>
  <sentence>
    <sp func="ao">
      <prep>
        <s lem="tot_i" pos="sps00" postype="preposition" wd="Tot_i"/>
      </prep>
      <sn corefsubtype="token" coreftype="dx" entity="entity19" entityref="nne">
        <spec gen="f" num="p">
          <d gen="f" lem="el" num="p" pos="da0fp0" postype="article" wd="les"/>
        </spec>
        <grup.nom gen="f" num="p">
          <n gen="f" lem="crítica" num="p" pos="ncfp000" postype="common" sense="16:05032854" wd="crítiques"/>
        </grup.nom>
      </sn>
      <f lem="," pos="fc" punct="comma" wd=","/>
    </sp>
    <sn arg="arg0" coreftype="ident" entity="entity2" entityref="ne" func="suj" ne="organization" tem="agt">
      <grup.nom>
        <n lem="Ecologistes_en_Acció" ne="organization" pos="np0000o" postype="proper" sense="16:cs1" wd="Ecologistes_en_Acció"/>
      </grup.nom>
    </sn>
    <grup.verb>
      <v lem="considerar" lss="A21.transitive-agentive-patient" mood="indicative" num="s" person="3" pos="vmip3s0" postype="main" tense="present" wd="considera"/>
    </grup.verb>
    <sa arg="arg2" func="cpred" predicate="cd" tem="atr">
      <f lem="'" pos="fz" punct="mathsign" wd="'"/>
      <spec>
        <r lem="molt" pos="rg" wd="molt"/>
      </spec>
      <grup.a>
        <a gen="f" lem="positiu" num="s" pos="aq0fs0" postype="qualificative" wd="positiva"/>
      </grup.a>
      <f lem="'" pos="fz" punct="mathsign" wd="'"/>
    </sa>
    <sn arg="arg1" coreftype="ident" entity="entity4" entityref="nne" func="cd" tem="pat">
      <spec gen="f" num="s">
        <d gen="f" lem="el" num="s" pos="da0fs0" postype="article" wd="la"/>
      </spec>
      <grup.nom gen="f" num="s">
        <n gen="f" lem="proposició" num="s" pos="ncfs000" postype="common" sense="16:05355937" wd="proposició"/>
        <sp>
          <neg adjunct="yes">
            <r lem="no" pos="rn" postype="negative" wd="no"/>
          </neg>
          <sp>
            <prep>
              <s lem="de" pos="sps00" postype="preposition" wd="de"/>
            </prep>
            <sn>
              <grup.nom gen="f" num="s">
                <n gen="f" lem="llei" num="s" pos="ncfs000" postype="common" sense="16:04904589" wd="llei"/>
              </grup.nom>
            </sn>
          </sp>
        </sp>
        <sp>
          <f lem="," pos="fc" punct="comma" wd=","/>
          <prep>
            <s lem="pel_que_fa_a" pos="sps00" postype="preposition" wd="pel_que_fa_a"/>
          </prep>
          <sn entityref="nne" homophoricDD="yes">
            <spec gen="f" num="s">
              <d gen="f" lem="el" num="s" pos="da0fs0" postype="article" wd="la"/>
            </spec>
            <grup.nom gen="f" num="s">
              <n gen="f" lem="creació" num="s" pos="ncfs000" postype="common" sense="16:00583085" wd="creació"/>
              <sp>
                <prep>
                  <s lem="de" pos="sps00" postype="preposition" wd="d'"/>
                </prep>
                <sn entityref="nne">
                  <spec gen="f" num="s">
                    <d gen="f" lem="un" num="s" pos="di0fs0" postype="indefinite" wd="una"/>
                  </spec>
                  <grup.nom gen="f" num="s">
                    <n gen="f" lem="xarxa" num="s" pos="ncfs000" postype="common" sense="16:03038207" wd="xarxa"/>
                    <sp>
                      <prep>
                        <s lem="de" pos="sps00" postype="preposition" wd="d'"/>
                      </prep>
                      <sn entity="entity22">
                        <grup.nom gen="m" num="p">
                          <n gen="m" lem="espai" num="p" pos="ncmp000" postype="common" sense="16:06373003" wd="espais"/>
                          <s.a gen="m" num="p">
                            <grup.a gen="m" num="p">
                              <a gen="c" lem="natural" num="p" pos="aq0cp0" postype="qualificative" wd="naturals"/>
                            </grup.a>
                          </s.a>
                        </grup.nom>
                      </sn>
                    </sp>
                    <sp>
                      <prep>
                        <s lem="per" pos="sps00" postype="preposition" wd="per"/>
                      </prep>
                      <sp>
                        <prep>
                          <s lem="a" pos="sps00" postype="preposition" wd="a"/>
                        </prep>
                        <sn coord="yes">
                          <sn entityref="nne">
                            <spec gen="f" num="s">
                              <d coreftype="ident" entity="entity22" entityref="nne" gen="f" lem="el_seu" num="s" person="3" pos="dp3fs0" postype="possessive" wd="la_seva"/>
                            </spec>
                            <grup.nom gen="f" num="s">
                              <n gen="f" lem="gestió" num="s" pos="ncfs000" postype="common" sense="16:00736489" wd="gestió"/>
                              <s.a gen="f" num="s">
                                <grup.a gen="f" num="s">
                                  <a gen="c" lem="integral" num="s" pos="aq0cs0" postype="qualificative" wd="integral"/>
                                </grup.a>
                              </s.a>
                            </grup.nom>
                          </sn>
                          <f lem="," pos="fc" punct="comma" wd=","/>
                          <sn entityref="nne" homophoricDD="yes">
                            <spec gen="f" num="s">
                              <d gen="f" lem="el" num="s" pos="da0fs0" postype="article" wd="la"/>
                            </spec>
                            <grup.nom gen="f" num="s">
                              <n gen="f" lem="incorporació" num="s" pos="ncfs000" postype="common" sense="16:00239807" wd="incorporació"/>
                              <sp>
                                <prep>
                                  <s contracted="yes" gen="m" lem="del" num="p" pos="spcmp" postype="preposition" wd="dels"/>
                                </prep>
                                <sn entityref="nne">
                                  <grup.nom gen="m" num="p">
                                    <n gen="m" lem="corredor" num="p" pos="ncmp000" postype="common" sense="16:cs1" wd="corredors"/>
                                  </grup.nom>
                                </sn>
                              </sp>
                              <sp>
                                <prep>
                                  <s lem="de" pos="sps00" postype="preposition" wd="de"/>
                                </prep>
                                <sn coreftype="ident" entity="entity20" entityref="nne" homophoricDD="yes">
                                  <spec gen="f" num="s">
                                    <d gen="c" lem="el" num="s" pos="da0cs0" postype="article" wd="l'"/>
                                  </spec>
                                  <grup.nom gen="f" num="s">
                                    <n gen="f" lem="anella" num="s" pos="ncfs000" postype="common" sense="16:cs1" wd="anella"/>
                                    <s.a gen="f" num="s">
                                      <grup.a gen="f" num="s">
                                        <a gen="f" lem="verd" num="s" pos="aq0fs0" postype="qualificative" wd="verda"/>
                                      </grup.a>
                                    </s.a>
                                    <s.a gen="f" num="s">
                                      <grup.a gen="f" num="s">
                                        <a gen="f" lem="metropolità" num="s" pos="aq0fs0" postype="qualificative" wd="metropolitana"/>
                                      </grup.a>
                                    </s.a>
                                  </grup.nom>
                                </sn>
                              </sp>
                            </grup.nom>
                          </sn>
                          <f lem="," pos="fc" punct="comma" wd=","/>
                          <sn entityref="nne" homophoricDD="yes">
                            <spec gen="f" num="s">
                              <d gen="f" lem="el" num="s" pos="da0fs0" postype="article" wd="la"/>
                            </spec>
                            <grup.nom gen="f" num="s">
                              <n gen="f" lem="redacció" num="s" pos="ncfs000" postype="common" sense="16:00596873" wd="redacció"/>
                              <sp>
                                <prep>
                                  <s contracted="yes" gen="m" lem="del" num="s" pos="spcms" postype="preposition" wd="del"/>
                                </prep>
                                <sn entityref="ne" ne="other">
                                  <grup.nom gen="m" num="s">
                                    <n lem="Pla_d'_Espais_d'_Interès_Agrari_i_Forestals" ne="other" pos="np0000a" postype="proper" sense="16:cs1" wd="Pla_d'_Espais_d'_Interès_Agrari_i_Forestals"/>
                                  </grup.nom>
                                </sn>
                              </sp>
                            </grup.nom>
                          </sn>
                          <conj conjunctiontype="coordinating">
                            <c lem="i" pos="cc" postype="coordinating" wd="i"/>
                          </conj>
                          <sn entityref="nne" homophoricDD="yes">
                            <spec gen="f" num="s">
                              <d gen="f" lem="el" num="s" pos="da0fs0" postype="article" wd="la"/>
                            </spec>
                            <grup.nom gen="f" num="s">
                              <n gen="f" lem="creació" num="s" pos="ncfs000" postype="common" sense="16:00583085" wd="creació"/>
                              <sp>
                                <prep>
                                  <s lem="de" pos="sps00" postype="preposition" wd="de"/>
                                </prep>
                                <sn entityref="ne" ne="organization">
                                  <spec gen="f" num="s">
                                    <d gen="c" lem="el" num="s" pos="da0cs0" postype="article" wd="l'"/>
                                  </spec>
                                  <grup.nom gen="f" num="s">
                                    <n lem="Agència_Catalana_de_Boscos_i_Conreus" ne="organization" pos="np0000o" postype="proper" sense="16:cs1" wd="Agència_Catalana_de_Boscos_i_Conreus"/>
                                  </grup.nom>
                                </sn>
                              </sp>
                            </grup.nom>
                          </sn>
                        </sn>
                      </sp>
                    </sp>
                  </grup.nom>
                </sn>
              </sp>
            </grup.nom>
          </sn>
        </sp>
      </grup.nom>
    </sn>
    <f lem="." pos="fp" punct="period" wd="."/>
  </sentence>
</article>
