<?xml version="1.0" encoding="UTF-8"?>
<!-- 

  ancora-2.0
       
			Copyright (C) 2007, 2008, 2009, 2010, 2011 UB - CLiC
			Centre de Llenguatge i Computació - Universitat de Barcelona
 
  This file is part of ancora-2.0.
 
  ancora-2.0 is free software and data: you can redistribute it and/or modify
  it under the terms of the GNU General Public License as published
  by the Free Software Foundation, either version 3 of the License,
  or (at your option) any later version.

  ancora-2.0 is distributed in the hope that it will be useful,
  but WITHOUT ANY WARRANTY; without even the implied warranty of
  MERCHANTABILITY or FITNESS FOR A PARTICULAR PURPOSE.  See the
  GNU General Public License for more details.
 
  You should have received a copy of the GNU General Public License
  along with ancora-2.0.  If not, see &lt;http://www.gnu.org/licenses/&gt;.
 
  Check a text in catalan explaining the terms of the license at http://www.softcatala.cat/wiki/GPL3.
  In spanish at http://www.viti.es/gnu/licenses/gpl.html
 

  The following paper must be cited when using this corpus:

 * Taulé, M., M.A. Martí, M. Recasens (2008) 'Ancora: Multilevel Annotated Corpora for Catalan and Spanish',
   Proceedings of 6th International Conference on Language Resources and Evaluation. Marrakesh (Morocco).

  In addition, the following paper must be cited if coreference information (attributes entity, coreftype,
  corefsubtype, homophoricDD or entityref) is used:

 * Recasens, Marta, M. Antònia Martí (2010) ‘AnCora-CO: Coreferentially annotated corpora for Spanish and
   Catalan’. Language Resources and Evaluation, Springer Science.

  Additionally, the following paper must be cited when argumental attributes in "sn" or "grup.nom"
  (attributes func, arg, tem or lexicalid) are used:

 * Peris, Aina, Mariona Taulé, Horacio Rodríguez (2010) ‘Semantic Annotation of Deverbal Nominalizations in the
   Spanish AnCora corpus’. Treebanks and Linguistic Theories (TLT-2010), Estonia.
-->
<article lng="ca">
  <sentence>
    <morfema.pronominal>
      <p gen="c" lem="hi" num="c" person="3" pos="pp3cn000" postype="personal" wd="Hi"/>
    </morfema.pronominal>
    <grup.verb>
      <v lem="haver" lss="C11.state-existential" mood="indicative" num="s" person="3" pos="vmip3s0" postype="main" tense="present" wd="ha"/>
    </grup.verb>
    <sn arg="arg1" entityref="nne" func="cd" functype="quantitative" tem="tem">
      <grup.nom gen="f" num="s">
        <n gen="f" lem="vida" num="s" pos="ncfs000" postype="common" sense="16:10060845" wd="vida"/>
        <s.a gen="f" num="s">
          <grup.a gen="f" num="s">
            <a gen="f" lem="cinematogràfic" num="s" pos="aq0fs0" postype="qualificative" wd="cinematogràfica"/>
          </grup.a>
        </s.a>
      </grup.nom>
    </sn>
    <sadv arg="argM" func="cc" tem="adv">
      <spec>
        <r lem="més" pos="rg" wd="més"/>
      </spec>
      <grup.adv>
        <r lem="enllà" pos="rg" wd="enllà"/>
        <sp>
          <prep>
            <s contracted="yes" gen="m" lem="del" num="p" pos="spcmp" postype="preposition" wd="dels"/>
          </prep>
          <sn entityref="nne" homophoricDD="yes">
            <grup.nom gen="m" num="p">
              <n gen="m" lem="menjador" num="p" pos="ncmp000" postype="common" sense="16:02572700" wd="menjadors"/>
              <sp>
                <prep>
                  <s lem="de" pos="sps00" postype="preposition" wd="de"/>
                </prep>
                <sn entityref="nne">
                  <grup.nom gen="f" num="p">
                    <n gen="f" lem="crispeta" num="p" pos="ncfp000" postype="common" sense="16:cs1" wd="crispetes"/>
                  </grup.nom>
                </sn>
              </sp>
              <S clausetype="participle" impersonal="yes">
                <participi>
                  <a gen="m" lem="anomenat" lss="B22.unaccusative-passive-transitive" num="p" pos="aq0mpp" posfunction="participle" postype="qualificative" wd="anomenats"/>
                </participi>
                <sn arg="arg2" func="cpred" tem="atr">
                  <grup.nom gen="m" num="p">
                    <n gen="c" lem="multicine" num="c" pos="nc00000" postype="common" sense="16:cs1" wd="multicines"/>
                  </grup.nom>
                </sn>
              </S>
            </grup.nom>
          </sn>
        </sp>
      </grup.adv>
    </sadv>
    <f lem="." pos="fp" punct="period" wd="."/>
  </sentence>
  <sentence verbless="yes">
    <conj conjunctiontype="coordinating">
      <c lem="i" pos="cc" postype="coordinating" wd="I"/>
    </conj>
    <S clausetype="participle" impersonal="yes">
      <participi>
        <a gen="f" lem="divertit" num="s" pos="aq0fsp" posfunction="participle" postype="qualificative" wd="divertida"/>
      </participi>
    </S>
    <sadv>
      <f lem="," pos="fc" punct="comma" wd=","/>
      <grup.adv>
        <r lem="a_més_a_més" pos="rg" wd="a_més_a_més"/>
      </grup.adv>
    </sadv>
    <f lem="." pos="fp" punct="period" wd="."/>
  </sentence>
  <sentence>
    <sn arg="arg0" entity="entity1" entityref="ne" func="suj" ne="other" tem="agt">
      <grup.nom>
        <n lem="Cinefagia" ne="other" pos="np0000a" postype="proper" sense="16:cs1" wd="Cinefagia"/>
        <sn corefsubtype="definit" coreftype="pred" entity="entity1">
          <f lem="," pos="fc" punct="comma" wd=","/>
          <spec gen="m" num="s">
            <d gen="m" lem="el" num="s" pos="da0ms0" postype="article" wd="el"/>
          </spec>
          <grup.nom gen="m" num="s">
            <n gen="m" lem="cicle" num="s" pos="ncms000" postype="common" sense="16:10981743" wd="cicle"/>
            <sp>
              <prep>
                <s lem="de" pos="sps00" postype="preposition" wd="de"/>
              </prep>
              <sn>
                <grup.nom gen="m" num="p">
                  <n gen="m" lem="film" num="p" pos="ncmp000" postype="common" sense="16:04960631" wd="films"/>
                  <s.a gen="m" num="p">
                    <grup.a gen="m" num="p">
                      <a gen="m" lem="raret" num="p" pos="aq0mp0" postype="qualificative" wd="rarets"/>
                    </grup.a>
                  </s.a>
                </grup.nom>
              </sn>
            </sp>
            <S clausetype="relative">
              <relatiu arg="arg0" coreftype="ident" entity="entity1" entityref="spec" func="suj" tem="cau">
                <p gen="c" lem="que" num="c" pos="pr0cn000" postype="relative" wd="que"/>
              </relatiu>
              <sn arg="argM" entityref="ne" func="cc" ne="date" tem="tmp">
                <spec gen="m" num="s">
                  <d gen="c" lem="cada" num="s" pos="di0cs0" postype="indefinite" wd="cada"/>
                </spec>
                <grup.nom gen="m" num="s">
                  <w lem="[dimecres:??/??/??:??.??]" ne="date" wd="dimecres"/>
                </grup.nom>
              </sn>
              <sp arg="argM" func="cc" tem="tmp">
                <prep>
                  <s lem="a" pos="sps00" postype="preposition" wd="a"/>
                </prep>
                <sn entityref="lex">
                  <spec gen="f" num="s">
                    <d gen="f" lem="el" num="s" pos="da0fs0" postype="article" wd="la"/>
                  </spec>
                  <grup.nom gen="f" num="s">
                    <n gen="f" lem="nit" num="s" pos="ncfs000" postype="common" sense="16:10885337" wd="nit"/>
                  </grup.nom>
                </sn>
              </sp>
              <grup.verb>
                <v lem="convertir" lss="A12.ditransitive-causative-state" mood="indicative" num="s" person="3" pos="vmip3s0" postype="main" tense="present" wd="converteix"/>
              </grup.verb>
              <sn arg="arg1" entityref="nne" func="cd" homophoricDD="yes" tem="tem">
                <spec gen="m" num="s">
                  <d gen="m" lem="el" num="s" pos="da0ms0" postype="article" wd="el"/>
                </spec>
                <grup.nom gen="m" num="s">
                  <n gen="m" lem="soterrani" num="s" pos="ncms000" postype="common" sense="16:02258579" wd="soterrani"/>
                  <sp>
                    <prep>
                      <s contracted="yes" gen="m" lem="del" num="s" pos="spcms" postype="preposition" wd="del"/>
                    </prep>
                    <sn entityref="ne" ne="location">
                      <grup.nom gen="m" num="s">
                        <n gen="m" lem="bar" num="s" pos="ncms000" postype="common" sense="16:02255304" wd="bar"/>
                        <sn entityref="ne" ne="location">
                          <grup.nom>
                            <n lem="Sidecar" ne="location" pos="np0000l" postype="proper" sense="16:cs1" wd="Sidecar"/>
                          </grup.nom>
                        </sn>
                      </grup.nom>
                    </sn>
                  </sp>
                </grup.nom>
              </sn>
              <sp arg="arg2" func="creg" tem="efi">
                <prep>
                  <s lem="en" pos="sps00" postype="preposition" wd="en"/>
                </prep>
                <sn>
                  <spec gen="f" num="s">
                    <d gen="f" lem="un" num="s" pos="di0fs0" postype="indefinite" wd="una"/>
                  </spec>
                  <grup.nom gen="f" num="s">
                    <n gen="f" lem="sala" num="s" pos="ncfs000" postype="common" sense="16:cs1" wd="sala"/>
                    <sp>
                      <prep>
                        <s lem="de" pos="sps00" postype="preposition" wd="de"/>
                      </prep>
                      <sn>
                        <grup.nom gen="m" num="s">
                          <n gen="m" lem="poble" num="s" pos="ncms000" postype="common" sense="16:06382213" wd="poble"/>
                          <s.a gen="m" num="s">
                            <grup.a gen="m" num="s">
                              <a gen="m" lem="costaner" num="s" pos="aq0ms0" postype="qualificative" wd="costaner"/>
                            </grup.a>
                          </s.a>
                          <sp>
                            <prep>
                              <s lem="en" pos="sps00" postype="preposition" wd="en"/>
                            </prep>
                            <sn>
                              <grup.nom gen="f" num="p">
                                <n gen="f" lem="festa" num="p" pos="ncfp000" postype="common" sense="16:10881782" wd="festes"/>
                              </grup.nom>
                            </sn>
                          </sp>
                        </grup.nom>
                      </sn>
                    </sp>
                  </grup.nom>
                </sn>
              </sp>
            </S>
          </grup.nom>
          <f lem="," pos="fc" punct="comma" wd=","/>
        </sn>
      </grup.nom>
    </sn>
    <grup.verb>
      <v lem="anar" mood="indicative" num="s" person="3" pos="vaip3s0" postype="auxiliary" tense="present" wd="va"/>
      <v lem="tancar" lss="A21.transitive-agentive-patient" mood="infinitive" pos="vmn0000" postype="main" wd="tancar"/>
    </grup.verb>
    <sn arg="argM" entityref="ne" func="cc" ne="date" tem="tmp">
      <grup.nom gen="m" num="s">
        <w lem="[dimecres:??/??/??:??.??]" ne="date" wd="dimecres"/>
      </grup.nom>
    </sn>
    <sn arg="arg1" entity="entity2" entityref="nne" func="cd" tem="pat">
      <spec gen="m" num="s">
        <d gen="m" lem="un" num="s" pos="di0ms0" postype="indefinite" wd="un"/>
      </spec>
      <grup.nom gen="m" num="s">
        <n gen="m" lem="mes" num="s" pos="ncms000" postype="common" sense="16:10919146" wd="mes"/>
        <s.a gen="m" num="s">
          <grup.a gen="m" num="s">
            <a gen="m" lem="apoteòsic" num="s" pos="aq0ms0" postype="qualificative" wd="apoteòsic"/>
          </grup.a>
        </s.a>
      </grup.nom>
    </sn>
    <f lem="." pos="fp" punct="period" wd="."/>
  </sentence>
  <sentence>
    <sn arg="arg0" entity="entity5" entityref="ne" func="suj" ne="other" tem="agt">
      <spec gen="m" num="s">
        <d gen="m" lem="el" num="s" pos="da0ms0" postype="article" wd="El"/>
      </spec>
      <grup.nom gen="m" num="s">
        <n gen="m" lem="film" num="s" pos="ncms000" postype="common" sense="16:04960631" wd="film"/>
        <s.a gen="m" num="s">
          <grup.a gen="m" num="s">
            <a gen="m" lem="mexicà" num="s" pos="aq0ms0" postype="qualificative" wd="mexicà"/>
          </grup.a>
        </s.a>
        <sp>
          <prep>
            <s lem="de" pos="sps00" postype="preposition" wd="de"/>
          </prep>
          <sn>
            <grup.nom gen="f" num="s">
              <n gen="f" lem="por" num="s" pos="ncfs000" postype="common" sense="16:05590260" wd="por"/>
            </grup.nom>
          </sn>
        </sp>
        <sn entityref="ne" ne="other">
          <grup.nom>
            <n lem="La_sombra_del_murciélago" ne="other" pos="np0000a" postype="proper" sense="16:cs1" wd="La_sombra_del_murciélago"/>
          </grup.nom>
        </sn>
        <S clausetype="participle" impersonal="yes">
          <f lem="," pos="fc" punct="comma" wd=","/>
          <participi>
            <a gen="m" lem="protagonitzat" lss="B22.unaccusative-passive-transitive" num="s" pos="aq0msp" posfunction="participle" postype="qualificative" wd="protagonitzat"/>
          </participi>
          <sp arg="arg0" func="cag" tem="agt">
            <prep>
              <s contracted="yes" gen="m" lem="pel" num="s" pos="spcms" postype="preposition" wd="pel"/>
            </prep>
            <sn entity="entity19" entityref="ne" ne="person">
              <grup.nom gen="m" num="s">
                <n gen="m" lem="gladiador" num="s" pos="ncms000" postype="common" sense="16:07291986" wd="gladiador"/>
                <S clausetype="participle" impersonal="yes">
                  <participi>
                    <a gen="m" lem="emmascarat" num="s" pos="aq0msp" posfunction="participle" postype="qualificative" wd="emmascarat"/>
                  </participi>
                </S>
                <sn entityref="ne" ne="person">
                  <grup.nom gen="m" num="s">
                    <n lem="Blue_Demon" ne="person" pos="np0000p" postype="proper" sense="16:cs1" wd="Blue_Demon"/>
                  </grup.nom>
                </sn>
              </grup.nom>
            </sn>
          </sp>
          <f lem="," pos="fc" punct="comma" wd=","/>
        </S>
      </grup.nom>
    </sn>
    <grup.verb>
      <v lem="haver" mood="indicative" num="s" person="3" pos="vaip3s0" postype="auxiliary" tense="present" wd="ha"/>
      <v gen="m" lem="deixar" lss="A21.transitive-agentive-patient" mood="participle" num="s" pos="vmp00sm" postype="main" wd="deixat"/>
    </grup.verb>
    <sadv arg="argL" func="cc">
      <grup.adv>
        <r lem="enrere" pos="rg" wd="enrere"/>
      </grup.adv>
    </sadv>
    <sn arg="arg1" coreftype="ident" entity="entity2" entityref="ne" func="cd" ne="date" tem="pat">
      <spec gen="m" num="s">
        <d gen="m" lem="un" num="s" pos="di0ms0" postype="indefinite" wd="un"/>
      </spec>
      <grup.nom gen="m" num="s">
        <w lem="[??:??/02/??:??.??]" ne="date" wd="febrer"/>
        <S clausetype="relative">
          <sp arg="argM" func="cc" tem="tmp">
            <prep>
              <s lem="en" pos="sps00" postype="preposition" wd="en"/>
            </prep>
            <relatiu coreftype="ident" entity="entity2" entityref="spec">
              <p gen="c" lem="què" num="c" pos="pr0cn000" postype="relative" wd="què"/>
            </relatiu>
          </sp>
          <morfema.verbal func="pass">
            <p gen="c" lem="es" num="c" pos="p0000000" wd="s'"/>
          </morfema.verbal>
          <grup.verb>
            <v lem="haver" mood="indicative" num="p" person="3" pos="vaip3p0" postype="auxiliary" tense="present" wd="han"/>
            <v gen="m" lem="aplaudir" lss="B22.unaccusative-passive-transitive" mood="participle" num="s" pos="vmp00sm" postype="main" wd="aplaudit"/>
          </grup.verb>
          <sadv arg="argM" func="cc" tem="adv">
            <grup.adv>
              <r lem="d'_allò_més" pos="rg" wd="d'_allò_més"/>
            </grup.adv>
          </sadv>
          <sn arg="arg1" coord="yes" func="suj" tem="pat">
            <sn entityref="nne">
              <spec gen="f" num="p">
                <d gen="f" lem="el" num="p" pos="da0fp0" postype="article" wd="les"/>
              </spec>
              <grup.nom gen="f" num="p">
                <n gen="f" lem="amputació" num="p" pos="ncfp000" postype="common" sense="16:cs1" wd="amputacions"/>
                <sp>
                  <prep>
                    <s lem="de" pos="sps00" postype="preposition" wd="de"/>
                  </prep>
                  <sn entityref="ne" ne="other">
                    <grup.nom>
                      <n lem="Re-Animator" ne="other" pos="np0000a" postype="proper" sense="16:cs1" wd="Re-Animator"/>
                    </grup.nom>
                  </sn>
                </sp>
              </grup.nom>
            </sn>
            <f lem="," pos="fc" punct="comma" wd=","/>
            <sn entityref="nne" homophoricDD="yes">
              <spec gen="f" num="p">
                <d gen="f" lem="el" num="p" pos="da0fp0" postype="article" wd="les"/>
              </spec>
              <grup.nom gen="f" num="p">
                <n gen="f" lem="estrebada" num="p" pos="ncfp000" postype="common" sense="16:00073925" wd="estrebades"/>
                <sp>
                  <prep>
                    <s lem="de" pos="sps00" postype="preposition" wd="de"/>
                  </prep>
                  <sn entityref="ne" ne="other">
                    <grup.nom>
                      <n lem="Yo_,_el_Vaquilla" ne="other" pos="np0000a" postype="proper" sense="16:cs1" wd="Yo_,_el_Vaquilla"/>
                    </grup.nom>
                  </sn>
                </sp>
              </grup.nom>
            </sn>
            <conj conjunctiontype="coordinating">
              <c lem="i" pos="cc" postype="coordinating" wd="i"/>
            </conj>
            <sn entityref="nne" homophoricDD="yes">
              <spec gen="f" num="p">
                <d gen="f" lem="el" num="p" pos="da0fp0" postype="article" wd="les"/>
              </spec>
              <grup.nom gen="f" num="p">
                <n gen="f" lem="camisa" num="p" pos="ncfp000" postype="common" sense="16:03320567" wd="camises"/>
                <sp>
                  <prep>
                    <s lem="de" pos="sps00" postype="preposition" wd="de"/>
                  </prep>
                  <S clausetype="completive" impersonal="yes">
                    <infinitiu>
                      <v lem="dormir" lss="D21.inergative-experiencer" mood="infinitive" pos="vmn0000" postype="main" wd="dormir"/>
                    </infinitiu>
                  </S>
                </sp>
                <sp>
                  <prep>
                    <s lem="de" pos="sps00" postype="preposition" wd="de"/>
                  </prep>
                  <sn entityref="ne" ne="other">
                    <grup.nom>
                      <n lem="Vampyros_lesbos" ne="other" pos="np0000a" postype="proper" sense="16:cs1" wd="Vampyros_lesbos"/>
                    </grup.nom>
                  </sn>
                </sp>
              </grup.nom>
            </sn>
          </sn>
        </S>
      </grup.nom>
    </sn>
    <f lem="." pos="fp" punct="period" wd="."/>
  </sentence>
  <sentence>
    <sn arg="arg0" entityref="nne" func="suj" tem="agt">
      <grup.nom num="s">
        <p gen="c" lem="algú" num="s" pos="pi0cs000" postype="indefinite" wd="Algú"/>
      </grup.nom>
    </sn>
    <sn arg="arg1" entityref="lex" func="cd" tem="pat">
      <grup.nom>
        <p gen="c" lem="en" num="c" person="3" pos="pp3cn000" postype="personal" wd="en"/>
      </grup.nom>
    </sn>
    <grup.verb>
      <v lem="donar" lss="A32.ditransitive-patient-benefactive" mood="indicative" num="s" person="3" pos="vmip3s0" postype="main" tense="present" wd="dóna"/>
    </grup.verb>
    <sadv arg="argM" func="cc" tem="adv">
      <grup.adv>
        <r lem="més" pos="rg" wd="més"/>
      </grup.adv>
    </sadv>
    <f lem="?" pos="fit" punct="questionmark" punctenclose="close" wd="?"/>
  </sentence>
  <sentence>
    <S>
      <sn arg="arg0" entity="entity4" entityref="ne" func="suj" ne="person" tem="agt">
        <grup.nom gen="m" num="s">
          <n lem="Pedro_Calleja" ne="person" pos="np0000p" postype="proper" sense="16:cs1" wd="Pedro_Calleja"/>
          <sn corefsubtype="definit" coreftype="pred" entity="entity4" entityref="ne" ne="person">
            <f lem="," pos="fc" punct="comma" wd=","/>
            <spec gen="m" num="s">
              <d gen="c" lem="el" num="s" pos="da0cs0" postype="article" wd="l'"/>
            </spec>
            <grup.nom gen="m" num="s">
              <n gen="m" lem="organitzador" num="s" pos="ncms000" postype="common" sense="16:07448030" wd="organitzador"/>
              <sp>
                <prep>
                  <s lem="de" pos="sps00" postype="preposition" wd="de"/>
                </prep>
                <sn entityref="nne">
                  <spec gen="f" num="p">
                    <d gen="f" lem="el" num="p" pos="da0fp0" postype="article" wd="les"/>
                  </spec>
                  <grup.nom gen="f" num="p">
                    <n gen="f" lem="vetllada" num="p" pos="ncfp000" postype="common" sense="16:06129390" wd="vetllades"/>
                  </grup.nom>
                </sn>
              </sp>
            </grup.nom>
            <f lem="," pos="fc" punct="comma" wd=","/>
          </sn>
        </grup.nom>
      </sn>
      <grup.verb>
        <v lem="anar" mood="indicative" num="s" person="3" pos="vaip3s0" postype="auxiliary" tense="present" wd="va"/>
        <v lem="presentar" lss="A32.ditransitive-patient-benefactive" mood="infinitive" pos="vmn0000" postype="main" wd="presentar"/>
      </grup.verb>
      <sn arg="arg1" coreftype="ident" entity="entity5" entityref="ne" func="cd" ne="other" tem="pat">
        <grup.nom>
          <n lem="La_sombra_del_Murciélago" ne="other" pos="np0000a" postype="proper" sense="16:cs1" wd="La_sombra_del_Murciélago"/>
        </grup.nom>
      </sn>
      <sadv arg="argM" func="cc" tem="mnr">
        <spec>
          <r lem="més_o_menys" pos="rg" wd="més_o_menys"/>
        </spec>
        <grup.adv>
          <r lem="així" pos="rg" wd="així"/>
        </grup.adv>
      </sadv>
    </S>
    <f lem=":" pos="fd" punct="colon" wd=":"/>
    <S adjunct="yes" coord="yes" func="ao">
      <f lem="&quot;" pos="fe" punct="quotation" wd="&quot;"/>
      <S>
        <sn arg="arg1" coreftype="ident" elliptic="yes" entity="entity5" entityref="spec" func="suj" tem="tem"/>
        <grup.verb>
          <v lem="ser" lss="C21.state-attributive" mood="indicative" num="s" person="3" pos="vsip3s0" postype="semiauxiliary" tense="present" wd="És"/>
        </grup.verb>
        <sn arg="arg2" func="atr" tem="atr">
          <spec gen="f" num="s">
            <d gen="f" lem="un" num="s" pos="di0fs0" postype="indefinite" wd="una"/>
          </spec>
          <grup.nom gen="f" num="s">
            <n gen="f" lem="lectura" num="s" pos="ncfs000" postype="common" sense="16:05362809" wd="lectura"/>
            <s.a gen="f" num="s">
              <grup.a gen="f" num="s">
                <a gen="c" lem="asteca" num="s" pos="aq0cs0" postype="qualificative" wd="asteca"/>
              </grup.a>
            </s.a>
            <sp>
              <prep>
                <s lem="de" pos="sps00" postype="preposition" wd="d'"/>
              </prep>
              <sn entityref="ne" ne="other">
                <grup.nom>
                  <n lem="El_fantasma_de_la_ópera" ne="other" pos="np0000a" postype="proper" sense="16:cs1" wd="El_fantasma_de_la_ópera"/>
                </grup.nom>
              </sn>
            </sp>
          </grup.nom>
        </sn>
      </S>
      <conj conjunctiontype="coordinating">
        <f lem="." pos="fp" punct="period" wd="."/>
      </conj>
      <S>
        <sn arg="arg1" entity="entity6" entityref="spec" func="suj" homophoricDD="yes" tem="tem">
          <spec gen="m" num="s">
            <d gen="m" lem="el" num="s" pos="da0ms0" postype="article" wd="El"/>
          </spec>
          <grup.nom gen="m" num="s">
            <n gen="m" lem="brivall" num="s" pos="ncms000" postype="common" sense="16:07548466" wd="brivall"/>
            <S clausetype="relative">
              <relatiu arg="arg1" coreftype="ident" entity="entity6" entityref="spec" func="suj" tem="tem">
                <p gen="c" lem="que" num="c" pos="pr0cn000" postype="relative" wd="que"/>
              </relatiu>
              <sn arg="arg2" coreftype="ident" entity="entity5" entityref="spec" func="cc" tem="loc">
                <grup.nom>
                  <p gen="c" lem="hi" num="c" person="3" pos="pp3cn000" postype="personal" wd="hi"/>
                </grup.nom>
              </sn>
              <grup.verb>
                <v lem="sortir" lss="B22.unaccusative-passive-transitive" mood="indicative" num="s" person="3" pos="vmip3s0" postype="main" tense="present" wd="surt"/>
              </grup.verb>
            </S>
          </grup.nom>
        </sn>
        <grup.verb>
          <v lem="ser" lss="C21.state-attributive" mood="indicative" num="s" person="3" pos="vsip3s0" postype="semiauxiliary" tense="present" wd="és"/>
        </grup.verb>
        <sn arg="arg2" corefsubtype="indefinit" coreftype="pred" entity="entity6" func="atr" tem="atr">
          <spec gen="m" num="s">
            <d gen="m" lem="un" num="s" pos="di0ms0" postype="indefinite" wd="un"/>
          </spec>
          <grup.nom gen="m" num="s">
            <n gen="m" lem="lluitador" num="s" pos="ncms000" postype="common" sense="16:07167829" wd="lluitador"/>
            <S clausetype="relative" entity="entity8">
              <relatiu arg="arg0" coreftype="ident" entity="entity6" entityref="nne" func="suj" tem="cau">
                <p gen="c" lem="que" num="c" pos="pr0cn000" postype="relative" wd="que"/>
              </relatiu>
              <morfema.pronominal>
                <p gen="c" lem="ell" num="c" person="3" pos="p0300000" wd="es"/>
              </morfema.pronominal>
              <grup.verb>
                <v lem="anar" mood="indicative" num="s" person="3" pos="vaip3s0" postype="auxiliary" tense="present" wd="va"/>
                <v lem="trencar" lss="A11.transitive-causative" mood="infinitive" pos="vmn0000" postype="main" wd="trencar"/>
              </grup.verb>
              <sn arg="arg1" entityref="nne" func="cd" tem="tem">
                <spec gen="f" num="s">
                  <d gen="f" lem="el" num="s" pos="da0fs0" postype="article" wd="la"/>
                </spec>
                <grup.nom gen="f" num="s">
                  <n gen="f" lem="cara" num="s" pos="ncfs000" postype="common" sense="16:04340595" wd="cara"/>
                </grup.nom>
              </sn>
              <sp arg="argM" func="cc" tem="tmp">
                <prep>
                  <s contracted="yes" gen="m" lem="al" num="s" pos="spcms" postype="preposition" wd="al"/>
                </prep>
                <S clausetype="completive" coord="yes" impersonal="yes">
                  <S clausetype="completive" impersonal="yes">
                    <infinitiu>
                      <v lem="sortir" lss="B11.unaccusative-motion" mood="infinitive" pos="vmn0000" postype="main" wd="sortir"/>
                    </infinitiu>
                    <S arg="arg2" clausetype="participle" func="cpred" impersonal="yes" predicate="suj" tem="atr">
                      <participi>
                        <a gen="m" lem="projectat" num="s" pos="aq0msp" posfunction="participle" postype="qualificative" wd="projectat"/>
                      </participi>
                    </S>
                    <sp arg="arg3" func="cc" tem="ori">
                      <prep>
                        <s contracted="yes" gen="m" lem="del" num="s" pos="spcms" postype="preposition" wd="del"/>
                      </prep>
                      <sn entityref="nne" homophoricDD="yes">
                        <grup.nom gen="m" num="s">
                          <n gen="m" lem="quadrilàter" num="s" pos="ncms000" postype="common" sense="16:09999084" wd="quadrilàter"/>
                        </grup.nom>
                      </sn>
                    </sp>
                  </S>
                  <conj conjunctiontype="coordinating">
                    <c lem="i" pos="cc" postype="coordinating" wd="i"/>
                  </conj>
                  <S clausetype="completive" impersonal="yes">
                    <infinitiu>
                      <v lem="caure" lss="B11.unaccusative-motion" mood="infinitive" pos="vmn0000" postype="main" wd="caure"/>
                    </infinitiu>
                    <sp arg="argM" func="cc" tem="loc">
                      <prep>
                        <s contracted="yes" gen="m" lem="al" num="s" pos="spcms" postype="preposition" wd="al"/>
                      </prep>
                      <sn entityref="nne" homophoricDD="yes">
                        <grup.nom gen="m" num="s">
                          <n gen="m" lem="pati" num="s" pos="ncms000" postype="common" sense="16:cs1" wd="pati"/>
                          <sp>
                            <prep>
                              <s lem="de" pos="sps00" postype="preposition" wd="de"/>
                            </prep>
                            <sn>
                              <grup.nom gen="f" num="p">
                                <n gen="f" lem="butaca" num="p" pos="ncfp000" postype="common" sense="16:cs1" wd="butaques"/>
                              </grup.nom>
                            </sn>
                          </sp>
                        </grup.nom>
                      </sn>
                    </sp>
                  </S>
                </S>
              </sp>
            </S>
          </grup.nom>
        </sn>
      </S>
    </S>
    <f lem="&quot;" pos="fe" punct="quotation" wd="&quot;"/>
    <f lem="." pos="fp" punct="period" wd="."/>
  </sentence>
  <sentence>
    <sn arg="arg1" corefsubtype="token" coreftype="dx" elliptic="yes" entity="entity8" entityref="nne" func="suj" tem="tem"/>
    <sadv func="mod">
      <grup.adv>
        <r lem="ja" pos="rg" wd="Ja"/>
      </grup.adv>
    </sadv>
    <grup.verb>
      <v lem="ser" lss="C21.state-attributive" mood="indicative" num="s" person="3" pos="vsip3s0" postype="semiauxiliary" tense="present" wd="és"/>
    </grup.verb>
    <sn arg="arg2" func="atr" tem="atr">
      <grup.nom gen="f" num="s">
        <s.a gen="f" num="s">
          <grup.a gen="f" num="s">
            <a gen="f" lem="mal" num="s" pos="aq0fs0" postype="qualificative" wd="mala"/>
          </grup.a>
        </s.a>
        <n gen="f" lem="sort" num="s" pos="ncfs000" postype="common" sense="16:07769986" wd="sort"/>
      </grup.nom>
    </sn>
    <f lem="." pos="fp" punct="period" wd="."/>
  </sentence>
  <sentence coord="yes">
    <S>
      <sn arg="arg0" entity="entity9" entityref="nne" func="suj" tem="agt">
        <spec gen="f" num="s">
          <d gen="f" lem="el" num="s" pos="da0fs0" postype="article" wd="La"/>
        </spec>
        <grup.nom gen="f" num="s">
          <n gen="f" lem="parròquia" num="s" pos="ncfs000" postype="common" sense="16:06212767" wd="parròquia"/>
        </grup.nom>
      </sn>
      <morfema.pronominal>
        <p gen="c" lem="ell" num="c" person="3" pos="p0300000" wd="es"/>
      </morfema.pronominal>
      <grup.verb>
        <v lem="anar" mood="indicative" num="s" person="3" pos="vaip3s0" postype="auxiliary" tense="present" wd="va"/>
        <v lem="començar" mood="infinitive" pos="vmn0000" postype="main" wd="començar"/>
        <s lem="a" pos="sps00" postype="preposition" wd="a"/>
        <infinitiu>
          <v lem="petar_de_riure" lss="D11.inergative-agentive" mood="infinitive" pos="vmn0000" postype="main" wd="petar_de_riure"/>
        </infinitiu>
      </grup.verb>
    </S>
    <conj conjunctiontype="coordinating">
      <c lem="i" pos="cc" postype="coordinating" wd="i"/>
    </conj>
    <S>
      <sn arg="arg1" coreftype="ident" elliptic="yes" entity="entity9" entityref="nne" func="suj" tem="tem"/>
      <neg func="mod">
        <r lem="no" pos="rn" postype="negative" wd="no"/>
      </neg>
      <grup.verb>
        <v lem="anar" mood="indicative" num="s" person="3" pos="vaip3s0" postype="auxiliary" tense="present" wd="va"/>
        <v lem="parar" lss="B11.unaccusative-motion" mood="infinitive" pos="vmn0000" postype="main" wd="parar"/>
      </grup.verb>
      <sp arg="argM" func="cc" tem="tmp">
        <prep>
          <s lem="fins" pos="sps00" postype="preposition" wd="fins"/>
        </prep>
        <S clausetype="completive">
          <conj conjunctiontype="subordinating">
            <c lem="que" pos="cs" postype="subordinating" wd="que"/>
          </conj>
          <sp arg="arg2" func="cc" tem="loc">
            <prep>
              <s lem="a" pos="sps00" postype="preposition" wd="a"/>
            </prep>
            <sn entityref="nne" homophoricDD="yes">
              <spec gen="f" num="s">
                <d gen="f" lem="el" num="s" pos="da0fs0" postype="article" wd="la"/>
              </spec>
              <grup.nom gen="f" num="s">
                <n gen="f" lem="pantalla" num="s" pos="ncfs000" postype="common" sense="16:02580665" wd="pantalla"/>
              </grup.nom>
            </sn>
          </sp>
          <grup.verb>
            <v lem="anar" mood="indicative" num="s" person="3" pos="vaip3s0" postype="auxiliary" tense="present" wd="va"/>
            <v lem="sortir" lss="B22.unaccusative-passive-transitive" mood="infinitive" pos="vmn0000" postype="main" wd="sortir"/>
          </grup.verb>
          <sn arg="arg1" entityref="nne" func="suj" homophoricDD="yes" tem="tem">
            <spec gen="m" num="s">
              <d gen="m" lem="el" num="s" pos="da0ms0" postype="article" wd="el"/>
            </spec>
            <grup.nom gen="m" num="s">
              <n gen="m" lem="fi" num="s" pos="ncms000" postype="common" sense="16:10966461" wd="Fi"/>
            </grup.nom>
          </sn>
        </S>
      </sp>
    </S>
    <f lem="." pos="fp" punct="period" wd="."/>
  </sentence>
  <sentence>
    <sn arg="arg0" elliptic="yes" entityref="nne" func="suj" tem="agt"/>
    <neg func="mod">
      <r lem="no" pos="rn" postype="negative" wd="No"/>
    </neg>
    <grup.verb>
      <v lem="exagerar" lss="A21.transitive-agentive-patient" mood="indicative" num="p" person="1" pos="vmip1p0" postype="main" tense="present" wd="exagerem"/>
    </grup.verb>
    <sadv arg="argM" func="cc" tem="adv">
      <grup.adv>
        <r lem="gens" pos="rg" wd="gens"/>
      </grup.adv>
    </sadv>
    <f lem="." pos="fp" punct="period" wd="."/>
  </sentence>
  <sentence>
    <sn arg="arg1" coreftype="ident" entity="entity5" entityref="nne" func="suj" tem="tem">
      <spec gen="f" num="s">
        <d gen="f" lem="el" num="s" pos="da0fs0" postype="article" wd="La"/>
      </spec>
      <grup.nom gen="f" num="s">
        <n gen="f" lem="cinta" num="s" pos="ncfs000" postype="common" sense="16:03470688" wd="cinta"/>
      </grup.nom>
    </sn>
    <grup.verb>
      <v lem="anar" mood="indicative" num="s" person="3" pos="vaip3s0" postype="auxiliary" tense="present" wd="va"/>
      <v lem="començar" lss="C11.state-existential" mood="infinitive" pos="vmn0000" postype="main" wd="començar"/>
    </grup.verb>
    <sp arg="argM" func="cc" tem="mnr">
      <prep>
        <s lem="amb" pos="sps00" postype="preposition" wd="amb"/>
      </prep>
      <sn entityref="nne">
        <spec gen="f" num="s">
          <d gen="f" lem="un" num="s" pos="di0fs0" postype="indefinite" wd="una"/>
        </spec>
        <grup.nom gen="f" num="s">
          <n gen="f" lem="escena" num="s" pos="ncfs000" postype="common" sense="16:05258594" wd="escena"/>
          <s.a gen="f" num="s">
            <grup.a gen="f" num="s">
              <a gen="f" lem="casolà" num="s" pos="aq0fs0" postype="qualificative" wd="casolana"/>
            </grup.a>
          </s.a>
          <sp>
            <prep>
              <s contracted="yes" gen="m" lem="del" num="s" pos="spcms" postype="preposition" wd="del"/>
            </prep>
            <sn coreftype="ident" entity="entity6" entityref="spec">
              <grup.nom gen="m" num="s">
                <n gen="m" lem="reclús" num="s" pos="ncms000" postype="common" sense="16:07500774" wd="reclús"/>
              </grup.nom>
            </sn>
          </sp>
        </grup.nom>
      </sn>
    </sp>
    <sp arg="argM" func="cc" tem="loc">
      <prep>
        <s lem="a" pos="sps00" postype="preposition" wd="a"/>
      </prep>
      <sn entityref="nne">
        <spec gen="f" num="s">
          <d coreftype="ident" entity="entity6" entityref="spec" gen="f" lem="el_seu" num="s" person="3" pos="dp3fs0" postype="possessive" wd="la_seva"/>
        </spec>
        <grup.nom gen="f" num="s">
          <n gen="f" lem="cova" num="s" pos="ncfs000" postype="common" sense="16:06737795" wd="cova"/>
        </grup.nom>
      </sn>
    </sp>
    <f lem="." pos="fp" punct="period" wd="."/>
  </sentence>
  <sentence>
    <sp func="et">
      <prep>
        <s lem="de" pos="sps00" postype="preposition" wd="D'"/>
      </prep>
      <sn entityref="lex">
        <grup.nom gen="f" num="s">
          <n gen="f" lem="entrada" num="s" pos="ncfs000" postype="common" sense="16:cs1" wd="entrada"/>
        </grup.nom>
      </sn>
    </sp>
    <grup.verb>
      <v lem="anar" mood="indicative" num="s" person="3" pos="vaip3s0" postype="auxiliary" tense="present" wd="va"/>
      <v lem="quedar" lss="C21.state-attributive" mood="infinitive" pos="vmn0000" postype="main" wd="quedar"/>
    </grup.verb>
    <sa arg="arg2" func="cpred" predicate="suj" tem="atr">
      <grup.a>
        <a gen="m" lem="clar" num="s" pos="aq0ms0" postype="qualificative" wd="clar"/>
      </grup.a>
    </sa>
    <S arg="arg1" clausetype="completive" func="suj" tem="tem">
      <conj conjunctiontype="subordinating">
        <c lem="que" pos="cs" postype="subordinating" wd="que"/>
      </conj>
      <sn arg="arg1" coreftype="ident" entity="entity6" entityref="spec" func="suj" tem="tem">
        <spec gen="m" num="s">
          <d gen="c" lem="el" num="s" pos="da0cs0" postype="article" wd="l'"/>
        </spec>
        <grup.nom gen="m" num="s">
          <n gen="m" lem="individu" num="s" pos="ncms000" postype="common" sense="16:00004123" wd="individu"/>
        </grup.nom>
      </sn>
      <neg func="mod">
        <r lem="no" pos="rn" postype="negative" wd="no"/>
      </neg>
      <morfema.pronominal>
        <p gen="c" lem="hi" num="c" person="3" pos="pp3cn000" postype="personal" wd="hi"/>
      </morfema.pronominal>
      <grup.verb>
        <v lem="tocar" lss="C11.state-existential" mood="indicative" num="s" person="3" pos="vmii3s0" postype="main" tense="imperfect" wd="tocava"/>
      </grup.verb>
      <sadv arg="argM" func="cc" tem="adv">
        <grup.adv>
          <r lem="gens" pos="rg" wd="gens"/>
        </grup.adv>
      </sadv>
    </S>
    <f lem="." pos="fp" punct="period" wd="."/>
  </sentence>
  <sentence coord="yes">
    <S>
      <sn arg="arg0" coreftype="ident" elliptic="yes" entity="entity6" entityref="spec" func="suj" tem="agt"/>
      <grup.verb>
        <v lem="anar" mood="indicative" num="s" person="3" pos="vaip3s0" postype="auxiliary" tense="present" wd="Va"/>
        <v lem="deixar" mood="infinitive" pos="vmn0000" postype="main" wd="deixar"/>
        <s lem="de" pos="sps00" postype="preposition" wd="de"/>
        <infinitiu>
          <v lem="tocar" lss="A21.transitive-agentive-patient" mood="infinitive" pos="vmn0000" postype="main" wd="tocar"/>
        </infinitiu>
      </grup.verb>
      <sn arg="arg1" entity="entity10" entityref="nne" func="cd" tem="pat">
        <spec gen="m" num="s">
          <d gen="m" lem="un" num="s" pos="di0ms0" postype="indefinite" wd="un"/>
        </spec>
        <grup.nom gen="m" num="s">
          <n gen="m" lem="orgue" num="s" pos="ncms000" postype="common" sense="16:03062454" wd="orgue"/>
          <S clausetype="relative">
            <relatiu arg="arg1" coreftype="ident" entity="entity10" entityref="nne" func="suj" tem="tem">
              <p gen="c" lem="que" num="c" pos="pr0cn000" postype="relative" wd="que"/>
            </relatiu>
            <grup.verb>
              <v lem="sonar" lss="C11.state-existential" mood="indicative" num="s" person="3" pos="vmii3s0" postype="main" tense="imperfect" wd="sonava"/>
            </grup.verb>
            <sp arg="argM" func="cpred" predicate="suj" tem="atr">
              <prep>
                <c lem="com" pos="cs" postype="subordinating" wd="com"/>
              </prep>
              <sn entityref="nne" homophoricDD="yes">
                <spec gen="f" num="p">
                  <d gen="f" lem="el" num="p" pos="da0fp0" postype="article" wd="les"/>
                </spec>
                <grup.nom gen="f" num="p">
                  <n gen="c" lem="trompeta" num="p" pos="nccp000" postype="common" sense="16:02502829" wd="trompetes"/>
                  <sp>
                    <prep>
                      <s lem="de" pos="sps00" postype="preposition" wd="de"/>
                    </prep>
                    <sn entityref="nne" homophoricDD="yes">
                      <spec gen="f" num="s">
                        <d gen="c" lem="el" num="s" pos="da0cs0" postype="article" wd="l'"/>
                      </spec>
                      <grup.nom gen="f" num="s">
                        <n gen="f" lem="apocalipsi" num="s" pos="ncfs000" postype="common" sense="16:05453204" wd="apocalipsi"/>
                      </grup.nom>
                    </sn>
                  </sp>
                </grup.nom>
              </sn>
            </sp>
          </S>
        </grup.nom>
      </sn>
    </S>
    <conj conjunctiontype="coordinating">
      <c lem="i" pos="cc" postype="coordinating" wd="i"/>
    </conj>
    <S>
      <sn arg="arg0" coreftype="ident" elliptic="yes" entity="entity6" entityref="spec" func="suj" tem="agt"/>
      <grup.verb>
        <v lem="anar" mood="indicative" num="s" person="3" pos="vaip3s0" postype="auxiliary" tense="present" wd="va"/>
        <v lem="deixar" mood="infinitive" pos="vmn0000" postype="main" wd="deixar"/>
        <infinitiu>
          <v lem="anar" lss="A22.transitive-agentive-theme" mood="infinitive" pos="vmn0000" postype="main" wd="anar"/>
        </infinitiu>
      </grup.verb>
      <sn arg="arg1" entityref="nne" func="cd" tem="pat">
        <spec gen="f" num="s">
          <d gen="f" lem="un" num="s" pos="di0fs0" postype="indefinite" wd="una"/>
        </spec>
        <grup.nom gen="f" num="s">
          <s.a gen="f" num="s">
            <grup.a gen="f" num="s">
              <a gen="c" lem="emocionant" num="s" pos="aq0cs0" postype="qualificative" wd="emocionant"/>
            </grup.a>
          </s.a>
          <n gen="f" lem="glossa" num="s" pos="ncfs000" postype="common" sense="16:05067694" wd="glossa"/>
          <sp>
            <prep>
              <s lem="de" pos="sps00" postype="preposition" wd="de"/>
            </prep>
            <sn entityref="nne" homophoricDD="yes">
              <spec gen="f" num="p">
                <d gen="f" lem="el" num="p" pos="da0fp0" postype="article" wd="les"/>
              </spec>
              <grup.nom gen="f" num="p">
                <n gen="f" lem="virtut" num="p" pos="ncfp000" postype="common" sense="16:04015246" wd="virtuts"/>
                <sp>
                  <prep>
                    <s lem="de" pos="sps00" postype="preposition" wd="de"/>
                  </prep>
                  <sn entity="entity11" entityref="nne" homophoricDD="yes">
                    <spec gen="f" num="s">
                      <d gen="f" lem="el" num="s" pos="da0fs0" postype="article" wd="la"/>
                    </spec>
                    <grup.nom gen="f" num="s">
                      <n gen="f" lem="lluita" num="s" pos="ncfs000" postype="common" sense="16:00283913" wd="lluita"/>
                      <s.a gen="f" num="s">
                        <grup.a gen="f" num="s">
                          <a gen="c" lem="lliure" num="s" pos="aq0cs0" postype="qualificative" wd="lliure"/>
                        </grup.a>
                      </s.a>
                    </grup.nom>
                  </sn>
                </sp>
              </grup.nom>
            </sn>
          </sp>
        </grup.nom>
      </sn>
    </S>
    <f lem="." pos="fp" punct="period" wd="."/>
  </sentence>
  <sentence verbless="yes">
    <sa>
      <grup.a>
        <a gen="m" lem="segur" num="s" pos="aq0ms0" postype="qualificative" wd="Segur"/>
      </grup.a>
    </sa>
    <S clausetype="completive">
      <conj conjunctiontype="subordinating">
        <c lem="que" pos="cs" postype="subordinating" wd="que"/>
      </conj>
      <neg func="mod">
        <r lem="no" pos="rn" postype="negative" wd="no"/>
      </neg>
      <grup.verb>
        <v lem="saber" lss="A21.transitive-agentive-patient" mood="indicative" num="p" person="3" pos="vmii3p0" postype="main" tense="imperfect" wd="sabien"/>
      </grup.verb>
      <sn arg="arg0" entityref="nne" func="suj" tem="agt">
        <grup.nom num="p">
          <p gen="c" lem="tu" num="p" person="2" polite="yes" pos="pp2cp00p" postype="personal" wd="vostès"/>
        </grup.nom>
      </sn>
      <S arg="arg1" clausetype="completive" coord="yes" func="cd" tem="pat">
        <S clausetype="completive">
          <conj conjunctiontype="subordinating">
            <c lem="que" pos="cs" postype="subordinating" wd="que"/>
          </conj>
          <sn arg="arg1" coreftype="ident" elliptic="yes" entity="entity11" entityref="nne" func="suj" tem="tem"/>
          <grup.verb>
            <v lem="ser" lss="C21.state-attributive" mood="indicative" num="s" person="3" pos="vsip3s0" postype="semiauxiliary" tense="present" wd="és"/>
          </grup.verb>
          <sn arg="arg2" func="atr" tem="atr">
            <spec gen="m" num="s">
              <d gen="c" lem="el" num="s" pos="da0cs0" postype="article" wd="l'"/>
            </spec>
            <grup.nom gen="m" num="s">
              <n gen="m" lem="esport" num="s" pos="ncms000" postype="common" sense="16:00274956" wd="esport"/>
              <s.a gen="m" num="s">
                <spec>
                  <r lem="més" pos="rg" wd="més"/>
                </spec>
                <grup.a gen="m" num="s">
                  <a gen="m" lem="antic" num="s" pos="aq0ms0" postype="qualificative" wd="antic"/>
                </grup.a>
              </s.a>
            </grup.nom>
          </sn>
        </S>
        <conj conjunctiontype="coordinating">
          <c lem="i" pos="cc" postype="coordinating" wd="i"/>
        </conj>
        <S clausetype="completive" entity="entity13">
          <conj conjunctiontype="subordinating">
            <c lem="que" pos="cs" postype="subordinating" wd="que"/>
          </conj>
          <sadv func="mod">
            <grup.adv>
              <r lem="ja" pos="rg" wd="ja"/>
            </grup.adv>
          </sadv>
          <sp arg="argM" func="cc" tem="loc">
            <prep>
              <s lem="a" pos="sps00" postype="preposition" wd="a"/>
            </prep>
            <sn entityref="ne" ne="other">
              <spec gen="m" num="s">
                <d gen="c" lem="el" num="s" pos="da0cs0" postype="article" wd="l'"/>
              </spec>
              <grup.nom gen="m" num="s">
                <n lem="Antic_Testament" ne="other" pos="np0000a" postype="proper" sense="16:04851992" wd="Antic_Testament"/>
              </grup.nom>
            </sn>
          </sp>
          <morfema.pronominal>
            <p gen="c" lem="hi" num="c" person="3" pos="pp3cn000" postype="personal" wd="hi"/>
          </morfema.pronominal>
          <grup.verb>
            <v lem="haver" lss="C11.state-existential" mood="indicative" num="s" person="3" pos="vmip3s0" postype="main" tense="present" wd="ha"/>
          </grup.verb>
          <sn arg="arg1" entityref="nne" func="cd" functype="quantitative" tem="tem">
            <grup.nom gen="f" num="p">
              <n gen="f" lem="referència" num="p" pos="ncfp000" postype="common" sense="16:05069358" wd="referències"/>
              <sp>
                <prep>
                  <s contracted="yes" gen="m" lem="al" num="s" pos="spcms" postype="preposition" wd="al"/>
                </prep>
                <sn coreftype="ident" entity="entity11" entityref="nne" homophoricDD="yes">
                  <grup.nom gen="m" num="s">
                    <s.a gen="m" num="s">
                      <grup.a gen="m" num="s">
                        <a gen="c" lem="noble" num="s" pos="aq0cs0" postype="qualificative" wd="noble"/>
                      </grup.a>
                    </s.a>
                    <n gen="m" lem="art" num="s" pos="ncms000" postype="common" sense="16:04360292" wd="art"/>
                    <sp>
                      <prep>
                        <s lem="de" pos="sps00" postype="preposition" wd="de"/>
                      </prep>
                      <S clausetype="completive" impersonal="yes">
                        <infinitiu>
                          <v lem="fer" lss="A21.transitive-agentive-patient" mood="infinitive" pos="vmn0000" postype="main" wd="fer"/>
                        </infinitiu>
                        <sn arg="arg2" coreftype="ident" entity="entity12" entityref="nne" func="ci" repetition="yes" tem="ben">
                          <grup.nom num="s">
                            <p case="dative" gen="c" lem="ell" num="s" person="3" pos="pp3csd00" postype="personal" wd="-li"/>
                          </grup.nom>
                        </sn>
                        <sn arg="arg1" entityref="nne" func="cd" tem="pat">
                          <grup.nom gen="f" num="p">
                            <n gen="f" lem="clau" num="p" pos="ncfp000" postype="common" sense="16:cs1" wd="claus"/>
                          </grup.nom>
                        </sn>
                        <sp arg="arg2" func="ci" repetition="yes" tem="ben">
                          <prep>
                            <s contracted="yes" gen="m" lem="al" num="s" pos="spcms" postype="preposition" wd="al"/>
                          </prep>
                          <sn entity="entity12" entityref="nne" homophoricDD="yes">
                            <grup.nom gen="m" num="s">
                              <n gen="m" lem="contrari" num="s" pos="ncms000" postype="common" sense="16:07445577" wd="contrari"/>
                            </grup.nom>
                          </sn>
                        </sp>
                      </S>
                    </sp>
                  </grup.nom>
                </sn>
              </sp>
            </grup.nom>
          </sn>
        </S>
      </S>
    </S>
    <f lem="." pos="fp" punct="period" wd="."/>
  </sentence>
  <sentence>
    <conj conjunctiontype="coordinating" func="et">
      <c lem="i" pos="cc" postype="coordinating" wd="I"/>
    </conj>
    <sn arg="arg0" corefsubtype="token" coreftype="dx" entity="entity13" entityref="nne" func="suj" tem="agt">
      <grup.nom gen="m" num="s">
        <p gen="c" lem="això" num="s" pos="pd0ns000" postype="demonstrative" wd="això"/>
      </grup.nom>
    </sn>
    <sp func="ao">
      <f lem="," pos="fc" punct="comma" wd=","/>
      <prep>
        <s lem="segons" pos="sps00" postype="preposition" wd="segons"/>
      </prep>
      <sn entityref="nne" homophoricDD="yes">
        <spec gen="f" num="s">
          <d gen="f" lem="el" num="s" pos="da0fs0" postype="article" wd="la"/>
        </spec>
        <grup.nom gen="f" num="s">
          <n gen="f" lem="ment" num="s" pos="ncfs000" postype="common" sense="16:04345975" wd="ment"/>
          <S clausetype="participle" impersonal="yes">
            <participi>
              <a gen="f" lem="pertorbat" num="s" pos="aq0fsp" posfunction="participle" postype="qualificative" wd="pertorbada"/>
            </participi>
          </S>
          <sp>
            <prep>
              <s contracted="yes" gen="m" lem="del" num="s" pos="spcms" postype="preposition" wd="del"/>
            </prep>
            <sn coreftype="ident" entity="entity6" entityref="ne" ne="other">
              <grup.nom gen="m" num="s">
                <n lem="Murciélago" ne="other" pos="np0000a" postype="proper" sense="16:cs1" wd="Murciélago"/>
              </grup.nom>
            </sn>
          </sp>
        </grup.nom>
      </sn>
      <f lem="," pos="fc" punct="comma" wd=","/>
    </sp>
    <sn arg="arg2" coreftype="ident" entity="entity11" entityref="nne" func="ci" tem="ben">
      <grup.nom num="s">
        <p case="dative" gen="c" lem="ell" num="s" person="3" pos="pp3csd00" postype="personal" wd="li"/>
      </grup.nom>
    </sn>
    <grup.verb>
      <v lem="conferir" lss="A32.ditransitive-patient-benefactive" mood="indicative" num="s" person="3" pos="vmip3s0" postype="main" tense="present" wd="confereix"/>
    </grup.verb>
    <sn arg="arg1" entityref="nne" func="cd" tem="pat">
      <spec gen="m" num="s">
        <d gen="m" lem="un" num="s" pos="di0ms0" postype="indefinite" wd="un"/>
      </spec>
      <grup.nom gen="m" num="s">
        <f lem="&quot;" pos="fe" punct="quotation" wd="&quot;"/>
        <n gen="m" lem="origen" num="s" pos="ncms000" postype="common" sense="16:06275359" wd="origen"/>
        <s.a gen="m" num="s">
          <grup.a gen="m" num="s">
            <a gen="m" lem="sagrat" num="s" pos="aq0ms0" postype="qualificative" wd="sagrat"/>
          </grup.a>
        </s.a>
        <f lem="&quot;" pos="fe" punct="quotation" wd="&quot;"/>
      </grup.nom>
    </sn>
    <f lem="." pos="fp" punct="period" wd="."/>
  </sentence>
  <sentence>
    <sadv func="ao">
      <grup.adv>
        <r lem="tot_seguit" pos="rg" wd="Tot_seguit"/>
      </grup.adv>
    </sadv>
    <sn arg="arg0" coreftype="ident" entity="entity6" entityref="spec" func="suj" tem="agt">
      <spec gen="m" num="s">
        <d gen="c" lem="el" num="s" pos="da0cs0" postype="article" wd="l'"/>
      </spec>
      <grup.nom gen="m" num="s">
        <n gen="m" lem="individu" num="s" pos="ncms000" postype="common" sense="16:00004123" wd="individu"/>
        <S clausetype="relative">
          <f lem="," pos="fc" punct="comma" wd=","/>
          <relatiu arg="arg0" coreftype="ident" entity="entity6" entityref="spec" func="suj" tem="agt">
            <p gen="c" lem="que" num="c" pos="pr0cn000" postype="relative" wd="que"/>
          </relatiu>
          <grup.verb>
            <v lem="portar" lss="A31.ditransitive-patient-locative" mood="indicative" num="s" person="3" pos="vmii3s0" postype="main" tense="imperfect" wd="portava"/>
          </grup.verb>
          <sn arg="arg1" entityref="nne" func="cd" tem="pat">
            <spec gen="f" num="s">
              <d gen="f" lem="un" num="s" pos="di0fs0" postype="indefinite" wd="una"/>
            </spec>
            <grup.nom gen="f" num="s">
              <n gen="f" lem="careta" num="s" pos="ncfs000" postype="common" sense="16:cs1" wd="careta"/>
              <sp>
                <prep>
                  <s lem="de" pos="sps00" postype="preposition" wd="d'"/>
                </prep>
                <sn>
                  <grup.nom gen="m" num="s">
                    <n gen="c" lem="animal" num="c" pos="nc00000" postype="common" sense="16:00008019" wd="animal"/>
                    <S clausetype="participle" impersonal="yes">
                      <participi>
                        <a gen="m" lem="escapat" lss="B22.unaccusative-passive-transitive" num="s" pos="aq0msp" posfunction="participle" postype="qualificative" wd="escapat"/>
                      </participi>
                      <sp arg="arg2" func="creg" tem="loc">
                        <prep>
                          <s lem="de" pos="sps00" postype="preposition" wd="d'"/>
                        </prep>
                        <sn entityref="nne">
                          <spec gen="f" num="s">
                            <d gen="f" lem="un" num="s" pos="di0fs0" postype="indefinite" wd="una"/>
                          </spec>
                          <grup.nom gen="f" num="s">
                            <n gen="f" lem="versió" num="s" pos="ncfs000" postype="common" sense="16:00063574" wd="versió"/>
                            <sp>
                              <prep>
                                <s lem="en" pos="sps00" postype="preposition" wd="en"/>
                              </prep>
                              <sn>
                                <grup.nom gen="m" num="s">
                                  <n gen="m" lem="súper_vuit" num="s" pos="ncms000" postype="common" sense="16:cs1" wd="súper_vuit"/>
                                </grup.nom>
                              </sn>
                            </sp>
                            <sp>
                              <prep>
                                <s lem="de" pos="sps00" postype="preposition" wd="de"/>
                              </prep>
                              <sn entityref="ne" ne="other">
                                <grup.nom>
                                  <n lem="La_isla_de_las_almas_perdidas" ne="other" pos="np0000a" postype="proper" sense="16:cs1" wd="La_isla_de_las_almas_perdidas"/>
                                </grup.nom>
                              </sn>
                            </sp>
                          </grup.nom>
                        </sn>
                      </sp>
                    </S>
                  </grup.nom>
                </sn>
              </sp>
            </grup.nom>
          </sn>
          <f lem="," pos="fc" punct="comma" wd=","/>
        </S>
      </grup.nom>
    </sn>
    <grup.verb>
      <v lem="anar" mood="indicative" num="s" person="3" pos="vaip3s0" postype="auxiliary" tense="present" wd="va"/>
      <v lem="confessar" lss="A21.transitive-agentive-patient" mood="infinitive" pos="vmn0000" postype="main" wd="confessar"/>
    </grup.verb>
    <S arg="arg1" clausetype="completive" func="cd" tem="pat">
      <f lem=":" pos="fd" punct="colon" wd=":"/>
      <f lem="&quot;" pos="fe" punct="quotation" wd="&quot;"/>
      <sn arg="arg0" coord="yes" func="suj" tem="cau">
        <sadv adjunct="yes">
          <grup.adv>
            <r lem="només" pos="rg" wd="Només"/>
          </grup.adv>
        </sadv>
        <sn coord="yes">
          <sn entityref="nne" homophoricDD="yes">
            <spec gen="f" num="s">
              <d gen="f" lem="el" num="s" pos="da0fs0" postype="article" wd="la"/>
            </spec>
            <grup.nom gen="f" num="s">
              <n gen="f" lem="música" num="s" pos="ncfs000" postype="common" sense="16:05266809" wd="música"/>
            </grup.nom>
          </sn>
          <conj conjunctiontype="coordinating">
            <c lem="i" pos="cc" postype="coordinating" wd="i"/>
          </conj>
          <sn coreftype="ident" entity="entity11" entityref="nne" homophoricDD="yes">
            <spec gen="f" num="s">
              <d gen="f" lem="el" num="s" pos="da0fs0" postype="article" wd="la"/>
            </spec>
            <grup.nom gen="f" num="s">
              <n gen="f" lem="lluita" num="s" pos="ncfs000" postype="common" sense="16:00283913" wd="lluita"/>
            </grup.nom>
          </sn>
        </sn>
      </sn>
      <grup.verb>
        <v lem="calmar" lss="A11.transitive-causative" mood="indicative" num="p" person="3" pos="vmip3p0" postype="main" tense="present" wd="calmen"/>
      </grup.verb>
      <sn arg="arg1" entityref="nne" func="cd" tem="tem">
        <spec gen="m" num="p">
          <d coreftype="ident" entity="entity6" entityref="spec" gen="m" lem="el_meu" num="p" person="1" pos="dp1mps" possessornum="s" postype="possessive" wd="els_meus"/>
        </spec>
        <grup.nom gen="m" num="p">
          <n gen="m" lem="nervi" num="p" pos="ncmp000" postype="common" sense="16:04244555" wd="nervis"/>
        </grup.nom>
      </sn>
      <f lem="&quot;" pos="fe" punct="quotation" wd="&quot;"/>
    </S>
    <f lem="." pos="fp" punct="period" wd="."/>
  </sentence>
  <sentence>
    <sn arg="arg0" coreftype="ident" entity="entity9" entityref="nne" func="suj" tem="agt">
      <spec gen="f" num="s">
        <d gen="f" lem="el" num="s" pos="da0fs0" postype="article" wd="La"/>
      </spec>
      <grup.nom gen="f" num="s">
        <n gen="f" lem="platea" num="s" pos="ncfs000" postype="common" sense="16:03061606" wd="platea"/>
        <S clausetype="relative">
          <f lem="," pos="fc" punct="comma" wd=","/>
          <relatiu arg="arg0" coreftype="ident" entity="entity9" entityref="nne" func="suj" tem="agt">
            <p gen="c" lem="que" num="c" pos="pr0cn000" postype="relative" wd="que"/>
          </relatiu>
          <grup.verb>
            <v lem="saber" lss="A21.transitive-agentive-patient" mood="indicative" num="s" person="3" pos="vmip3s0" postype="main" tense="present" wd="sap"/>
          </grup.verb>
          <sn arg="arg1" entity="entity14" entityref="nne" func="cd" homophoricDD="yes" tem="pat">
            <spec gen="m" num="p">
              <d gen="m" lem="el" num="p" pos="da0mp0" postype="article" wd="els"/>
            </spec>
            <grup.nom gen="m" num="p">
              <s.a gen="m" num="p">
                <grup.a gen="m" num="p">
                  <a gen="m" lem="mal" num="p" pos="aq0mp0" postype="qualificative" wd="mals"/>
                </grup.a>
              </s.a>
              <n gen="m" lem="moment" num="p" pos="ncmp000" postype="common" sense="16:10850147" wd="moments"/>
              <S clausetype="relative">
                <relatiu arg="arg1" coreftype="ident" entity="entity14" entityref="nne" func="suj" tem="pat">
                  <p gen="c" lem="que" num="c" pos="pr0cn000" postype="relative" wd="que"/>
                </relatiu>
                <morfema.verbal func="pass">
                  <p gen="c" lem="es" num="c" pos="p0000000" wd="es"/>
                </morfema.verbal>
                <grup.verb>
                  <v lem="passar" lss="B22.unaccusative-passive-transitive" mood="indicative" num="p" person="3" pos="vmip3p0" postype="main" tense="present" wd="passen"/>
                </grup.verb>
                <S arg="argM" clausetype="adverbial" func="cc" tem="tmp">
                  <conj conjunctiontype="subordinating">
                    <c lem="quan" pos="cs" postype="subordinating" wd="quan"/>
                  </conj>
                  <morfema.verbal func="impers">
                    <p gen="c" lem="es" num="c" pos="p0000000" wd="s'"/>
                  </morfema.verbal>
                  <grup.verb>
                    <v lem="ser" lss="C21.state-attributive" mood="indicative" num="s" person="3" pos="vsip3s0" postype="semiauxiliary" tense="present" wd="és"/>
                  </grup.verb>
                  <sn arg="arg2" func="atr" tem="atr">
                    <spec gen="m" num="s">
                      <d gen="m" lem="un" num="s" pos="di0ms0" postype="indefinite" wd="un"/>
                    </spec>
                    <grup.nom gen="m" num="s">
                      <n gen="m" lem="incomprès" num="s" pos="ncms000" postype="common" sense="16:cs1" wd="incomprès"/>
                    </grup.nom>
                  </sn>
                </S>
              </S>
            </grup.nom>
          </sn>
          <f lem="," pos="fc" punct="comma" wd=","/>
        </S>
      </grup.nom>
    </sn>
    <grup.verb>
      <v lem="anar" mood="indicative" num="s" person="3" pos="vaip3s0" postype="auxiliary" tense="present" wd="va"/>
      <v lem="deixar" mood="infinitive" pos="vmn0000" postype="main" wd="deixar"/>
      <infinitiu>
        <v lem="anar" lss="A22.transitive-agentive-theme" mood="infinitive" pos="vmn0000" postype="main" wd="anar"/>
      </infinitiu>
    </grup.verb>
    <sn arg="arg1" entityref="nne" func="cd" tem="pat">
      <spec gen="m" num="p">
        <d gen="m" lem="un" num="p" pos="di0mp0" postype="indefinite" wd="uns"/>
      </spec>
      <grup.nom gen="m" num="p">
        <n gen="m" lem="crit" num="p" pos="ncmp000" postype="common" sense="16:05329225" wd="crits"/>
        <sp>
          <prep>
            <s lem="de" pos="sps00" postype="preposition" wd="de"/>
          </prep>
          <sn>
            <grup.nom gen="f" num="s">
              <n gen="f" lem="solidaritat" num="s" pos="ncfs000" postype="common" sense="16:03741896" wd="solidaritat"/>
            </grup.nom>
          </sn>
        </sp>
      </grup.nom>
    </sn>
    <f lem="." pos="fp" punct="period" wd="."/>
  </sentence>
  <sentence verbless="yes">
    <sn entityref="ne" ne="other">
      <grup.nom>
        <n lem="Ándele_,_ándele_,_Murciélago" ne="other" pos="np0000a" postype="proper" sense="16:cs1" wd="Ándele_,_ándele_,_Murciélago"/>
      </grup.nom>
    </sn>
    <f lem="!" pos="fat" punct="exclamationmark" punctenclose="close" wd="!"/>
  </sentence>
  <sentence>
    <sp arg="argM" func="cc" tem="fin">
      <prep>
        <s lem="per" pos="sps00" postype="preposition" wd="Per"/>
      </prep>
      <S clausetype="completive" impersonal="yes">
        <infinitiu>
          <v lem="calmar" lss="A11.transitive-causative" mood="infinitive" pos="vmn0000" postype="main" wd="calmar"/>
        </infinitiu>
        <morfema.pronominal>
          <p gen="c" lem="ell" num="c" person="3" pos="p0300000" wd="-se"/>
        </morfema.pronominal>
      </S>
    </sp>
    <sp arg="argM" func="cc" tem="adv">
      <prep>
        <s lem="amb" pos="sps00" postype="preposition" wd="amb"/>
      </prep>
      <sn entityref="nne">
        <spec gen="m" num="s">
          <d gen="m" lem="un" num="s" pos="di0ms0" postype="indefinite" wd="un"/>
        </spec>
        <grup.nom gen="m" num="s">
          <s.a gen="m" num="s">
            <grup.a gen="m" num="s">
              <a gen="m" lem="bo" num="s" pos="aq0ms0" postype="qualificative" wd="bon"/>
            </grup.a>
          </s.a>
          <n gen="m" lem="combat" num="s" pos="ncms000" postype="common" sense="16:00758807" wd="combat"/>
        </grup.nom>
      </sn>
    </sp>
    <sn arg="arg2" entityref="lex" func="cd" functype="quantitative" tem="atr">
      <grup.nom gen="m" num="s">
        <p gen="c" lem="ho" num="c" person="3" pos="pp3nn000" postype="personal" wd="ho"/>
      </grup.nom>
    </sn>
    <grup.verb>
      <v lem="tenir" lss="C21.state-attributive" mood="indicative" num="s" person="3" pos="vmii3s0" postype="main" tense="imperfect" wd="tenia"/>
    </grup.verb>
    <sa arg="argM" func="cpred" predicate="cd" tem="atr">
      <grup.a>
        <a gen="c" lem="fàcil" num="s" pos="aq0cs0" postype="qualificative" wd="fàcil"/>
      </grup.a>
    </sa>
    <sn arg="arg1" coreftype="ident" entity="entity6" entityref="spec" func="suj" tem="tem">
      <spec gen="m" num="s">
        <d gen="m" lem="el" num="s" pos="da0ms0" postype="article" wd="el"/>
      </spec>
      <grup.nom gen="m" num="s">
        <n gen="m" lem="monstre" num="s" pos="ncms000" postype="common" sense="16:07418621" wd="monstre"/>
        <S clausetype="participle" impersonal="yes">
          <participi>
            <a gen="m" lem="turmentat" num="s" pos="aq0msp" posfunction="participle" postype="qualificative" wd="turmentat"/>
          </participi>
        </S>
      </grup.nom>
    </sn>
    <f lem="." pos="fp" punct="period" wd="."/>
  </sentence>
  <sentence>
    <sn arg="arg1" coreftype="ident" elliptic="yes" entity="entity6" entityref="spec" func="suj" tem="tem"/>
    <sn arg="arg2" entityref="lex" func="cd" functype="quantitative" tem="atr">
      <grup.nom>
        <p gen="c" lem="en" num="c" person="3" pos="pp3cn000" postype="personal" wd="En"/>
      </grup.nom>
    </sn>
    <grup.verb>
      <v lem="tenir" lss="C21.state-attributive" mood="indicative" num="s" person="3" pos="vmii3s0" postype="main" tense="imperfect" wd="tenia"/>
    </grup.verb>
    <sadv arg="argM" func="cc" tem="adv">
      <grup.adv>
        <r lem="prou" pos="rg" wd="prou"/>
      </grup.adv>
    </sadv>
    <sp arg="argM" func="cpred" predicate="cd" tem="atr">
      <prep>
        <s lem="de" pos="sps00" postype="preposition" wd="d'"/>
      </prep>
      <S clausetype="completive" impersonal="yes">
        <infinitiu>
          <v lem="ordenar" lss="A32.ditransitive-patient-benefactive" mood="infinitive" pos="vmn0000" postype="main" wd="ordenar"/>
        </infinitiu>
        <sn arg="arg2" coreftype="ident" entity="entity15" entityref="nne" func="ci" repetition="yes" tem="ben">
          <grup.nom num="s">
            <p case="dative" gen="c" lem="ell" num="s" person="3" pos="pp3csd00" postype="personal" wd="-li"/>
          </grup.nom>
        </sn>
        <sp arg="arg2" func="ci" repetition="yes" tem="ben">
          <prep>
            <s contracted="yes" gen="m" lem="al" num="s" pos="spcms" postype="preposition" wd="al"/>
          </prep>
          <sn entity="entity15" entityref="nne">
            <spec gen="m" num="s">
              <d coreftype="ident" entity="entity6" entityref="spec" gen="m" lem="seu" num="s" person="3" pos="dp3ms0" postype="possessive" wd="seu"/>
            </spec>
            <grup.nom gen="m" num="s">
              <n gen="m" lem="sol·lícit" num="s" pos="ncms000" postype="common" sense="16:cs1" wd="sol·lícit"/>
              <sn>
                <grup.nom gen="m" num="s">
                  <n gen="c" lem="sequaç" num="s" pos="nccs000" postype="common" sense="16:07270621" wd="sequaç"/>
                  <sn>
                    <f lem="," pos="fc" punct="comma" wd=","/>
                    <sn>
                      <spec gen="m" num="s">
                        <r lem="més" pos="rg" wd="més"/>
                      </spec>
                      <grup.nom gen="m" num="s">
                        <n gen="m" lem="tonto" num="s" pos="ncms000" postype="common" sense="16:cs1" wd="tonto"/>
                      </grup.nom>
                    </sn>
                    <S adjunct="yes" clausesubtype="comparative" clausetype="adverbial" verbless="yes">
                      <conj conjunctiontype="subordinating">
                        <c lem="que" pos="cs" postype="subordinating" wd="que"/>
                      </conj>
                      <S clausetype="participle" impersonal="yes">
                        <participi>
                          <a gen="m" lem="fet" lss="B22.unaccusative-passive-transitive" num="s" pos="aq0msp" posfunction="participle" postype="qualificative" wd="fet"/>
                        </participi>
                        <sp arg="argM" func="cc" tem="adv">
                          <prep>
                            <s lem="de" pos="sps00" postype="preposition" wd="d'"/>
                          </prep>
                          <sn entityref="lex">
                            <grup.nom gen="m" num="s">
                              <n gen="m" lem="encàrrec" num="s" pos="ncms000" postype="common" sense="16:cs1" wd="encàrrec"/>
                            </grup.nom>
                          </sn>
                        </sp>
                      </S>
                    </S>
                    <sp adjunct="yes">
                      <prep>
                        <s lem="per" pos="sps00" postype="preposition" wd="per"/>
                      </prep>
                      <sn entityref="lex">
                        <spec gen="f" num="p">
                          <r lem="més" pos="rg" wd="més"/>
                        </spec>
                        <grup.nom gen="f" num="p">
                          <n gen="f" lem="senya" num="p" pos="ncfp000" postype="common" sense="16:cs1" wd="senyes"/>
                        </grup.nom>
                      </sn>
                    </sp>
                  </sn>
                </grup.nom>
              </sn>
            </grup.nom>
          </sn>
        </sp>
        <S arg="arg1" clausetype="completive" func="cd" tem="pat">
          <f lem=":" pos="fd" punct="colon" wd=":"/>
          <f lem="&quot;" pos="fe" punct="quotation" wd="&quot;"/>
          <sn entityref="ne" func="voc" ne="person">
            <grup.nom gen="m" num="s">
              <n lem="Gerardo" ne="person" pos="np0000p" postype="proper" sense="16:cs1" wd="Gerardo"/>
            </grup.nom>
            <f lem="," pos="fc" punct="comma" wd=","/>
          </sn>
          <grup.verb>
            <v lem="lluitar" lss="A21.transitive-agentive-patient" mood="indicative" num="p" person="1" pos="vmip1p0" postype="main" tense="present" wd="lluitem"/>
          </grup.verb>
          <sn arg="arg0" coreftype="ident" elliptic="yes" entity="entity6+entity15" entityref="spec" func="suj" tem="agt"/>
          <f lem="!" pos="fat" punct="exclamationmark" punctenclose="close" wd="!"/>
          <f lem="&quot;" pos="fe" punct="quotation" wd="&quot;"/>
        </S>
      </S>
    </sp>
    <f lem="." pos="fp" punct="period" wd="."/>
  </sentence>
  <sentence>
    <sn arg="arg0" entityref="nne" func="suj" tem="agt">
      <spec gen="m" num="s">
        <d gen="m" lem="algun" num="s" pos="di0ms0" postype="indefinite" wd="Algun"/>
      </spec>
      <grup.nom gen="m" num="s">
        <n gen="m" lem="espectador" num="s" pos="ncms000" postype="common" sense="16:07598298" wd="espectador"/>
        <s.a gen="m" num="s">
          <grup.a gen="m" num="s">
            <a gen="m" lem="malpensat" num="s" pos="aq0ms0" postype="qualificative" wd="malpensat"/>
          </grup.a>
        </s.a>
      </grup.nom>
    </sn>
    <grup.verb>
      <v lem="anar" mood="indicative" num="s" person="3" pos="vaip3s0" postype="auxiliary" tense="present" wd="va"/>
      <v lem="interpretar" lss="A21.transitive-agentive-patient" mood="infinitive" pos="vmn0000" postype="main" wd="interpretar"/>
    </grup.verb>
    <sn arg="arg1" entity="entity16" entityref="nne" func="cd" tem="pat">
      <spec gen="f" num="s">
        <d gen="f" lem="el" num="s" pos="da0fs0" postype="article" wd="la"/>
      </spec>
      <grup.nom gen="f" num="s">
        <n gen="f" lem="baralla" num="s" pos="ncfs000" postype="common" sense="16:00758807" wd="baralla"/>
        <S clausetype="relative">
          <relatiu arg="arg1" coreftype="ident" entity="entity16" entityref="nne" func="suj" tem="tem">
            <p gen="c" lem="que" num="c" pos="pr0cn000" postype="relative" wd="que"/>
          </relatiu>
          <grup.verb>
            <v lem="anar" mood="indicative" num="s" person="3" pos="vaip3s0" postype="auxiliary" tense="present" wd="va"/>
            <v lem="venir" lss="C11.state-existential" mood="infinitive" pos="vmn0000" postype="main" wd="venir"/>
          </grup.verb>
          <sadv arg="argM" func="cc" tem="tmp">
            <grup.adv>
              <r lem="a_continuació" pos="rg" wd="a_continuació"/>
            </grup.adv>
          </sadv>
        </S>
      </grup.nom>
    </sn>
    <sp arg="argM" func="cc" tem="adv">
      <prep>
        <c lem="com" pos="cs" postype="subordinating" wd="com"/>
      </prep>
      <sn>
        <spec gen="f" num="s">
          <d gen="f" lem="un" num="s" pos="di0fs0" postype="indefinite" wd="una"/>
        </spec>
        <grup.nom gen="f" num="s">
          <n gen="f" lem="metàfora" num="s" pos="ncfs000" postype="common" sense="16:05317845" wd="metàfora"/>
          <sp>
            <prep>
              <s lem="de" pos="sps00" postype="preposition" wd="d'"/>
            </prep>
            <sn entityref="nne">
              <spec gen="f" num="s">
                <d gen="f" lem="un" num="s" pos="di0fs0" postype="indefinite" wd="una"/>
              </spec>
              <grup.nom gen="f" num="s">
                <n gen="f" lem="rebolcada" num="s" pos="ncfs000" postype="common" sense="16:cs1" wd="rebolcada"/>
              </grup.nom>
            </sn>
          </sp>
        </grup.nom>
      </sn>
    </sp>
    <f lem="." pos="fp" punct="period" wd="."/>
  </sentence>
  <sentence verbless="yes">
    <sn complex="yes">
      <grup.nom coord="yes">
        <grup.nom>
          <n gen="c" lem="visca" num="c" pos="nc00000" postype="common" sense="16:05017781" wd="Visques"/>
        </grup.nom>
        <conj conjunctiontype="coordinating">
          <c lem="i" pos="cc" postype="coordinating" wd="i"/>
        </conj>
        <grup.nom>
          <n gen="c" lem="hurres" num="c" pos="nc00000" postype="common" sense="16:cs1" wd="hurres"/>
        </grup.nom>
      </grup.nom>
    </sn>
    <sp>
      <prep>
        <s lem="per" pos="sps00" postype="preposition" wd="per"/>
      </prep>
      <sp>
        <prep>
          <s contracted="yes" gen="m" lem="al" num="p" pos="spcmp" postype="preposition" wd="als"/>
        </prep>
        <sn coreftype="ident" entity="entity6+entity15" entityref="nne">
          <grup.nom gen="m" num="p">
            <n gen="c" lem="acròbata" num="p" pos="nccp000" postype="common" sense="16:07060637" wd="acròbates"/>
          </grup.nom>
        </sn>
      </sp>
    </sp>
    <f lem="." pos="fp" punct="period" wd="."/>
  </sentence>
  <sentence>
    <sn arg="arg2" entity="entity17" entityref="nne" func="cd" functype="quantitative" homophoricDD="yes" repetition="yes" tem="atr">
      <spec gen="m" num="p">
        <d gen="m" lem="el" num="p" pos="da0mp0" postype="article" wd="Els"/>
      </spec>
      <grup.nom gen="m" num="p">
        <n gen="m" lem="problema" num="p" pos="ncmp000" postype="common" sense="16:10339059" wd="problemes"/>
      </grup.nom>
    </sn>
    <sn arg="arg2" coreftype="ident" entity="entity17" entityref="nne" func="cd" functype="quantitative" repetition="yes" tem="atr">
      <grup.nom num="p">
        <p gen="c" lem="ell" num="p" person="3" pos="pp3cp000" postype="personal" wd="els"/>
      </grup.nom>
    </sn>
    <grup.verb>
      <v lem="anar" mood="indicative" num="s" person="3" pos="vaip3s0" postype="auxiliary" tense="present" wd="va"/>
      <v lem="tenir" lss="C21.state-attributive" mood="infinitive" pos="vmn0000" postype="main" wd="tenir"/>
    </grup.verb>
    <sn arg="arg1" coreftype="ident" entity="entity6" entityref="ne" func="suj" ne="organization" tem="tem">
      <spec gen="m" num="s">
        <d gen="m" lem="el" num="s" pos="da0ms0" postype="article" wd="el"/>
      </spec>
      <grup.nom gen="m" num="s">
        <n lem="Murciélago" ne="organization" pos="np0000o" postype="proper" sense="16:cs1" wd="Murciélago"/>
      </grup.nom>
    </sn>
    <sp arg="argM" func="cc" tem="adv">
      <prep>
        <s lem="per_culpa_de" pos="sps00" postype="preposition" wd="per_culpa_de"/>
      </prep>
      <sn entityref="nne">
        <spec gen="f" num="s">
          <d coreftype="ident" entity="entity6" entityref="spec" gen="f" lem="el_seu" num="s" person="3" pos="dp3fs0" postype="possessive" wd="la_seva"/>
        </spec>
        <grup.nom gen="f" num="s">
          <n gen="f" lem="melomania" num="s" pos="ncfs000" postype="common" sense="16:cs1" wd="melomania"/>
        </grup.nom>
      </sn>
    </sp>
    <f lem="." pos="fp" punct="period" wd="."/>
  </sentence>
  <sentence coord="yes">
    <S>
      <sn arg="arg1" coreftype="ident" elliptic="yes" entity="entity6" entityref="spec" func="suj" tem="tem"/>
      <morfema.pronominal>
        <p gen="c" lem="ell" num="c" person="3" pos="p0300000" wd="Es"/>
      </morfema.pronominal>
      <grup.verb>
        <v lem="anar" mood="indicative" num="s" person="3" pos="vaip3s0" postype="auxiliary" tense="present" wd="va"/>
        <v lem="enamorar" lss="B21.unaccusative-state" mood="infinitive" pos="vmn0000" postype="main" wd="enamorar"/>
      </grup.verb>
      <sp arg="arg2" func="creg" tem="efi">
        <prep>
          <s lem="de" pos="sps00" postype="preposition" wd="d'"/>
        </prep>
        <sn entity="entity18" entityref="nne">
          <spec gen="f" num="s">
            <d gen="f" lem="un" num="s" pos="di0fs0" postype="indefinite" wd="una"/>
          </spec>
          <grup.nom gen="f" num="s">
            <n gen="f" lem="cabaretera" num="s" pos="ncfs000" postype="common" sense="16:cs1" wd="cabaretera"/>
            <sp>
              <prep>
                <s lem="amb" pos="sps00" postype="preposition" wd="amb"/>
              </prep>
              <sn entityref="nne" homophoricDD="yes">
                <spec gen="m" num="s">
                  <d gen="m" lem="el" num="s" pos="da0ms0" postype="article" wd="el"/>
                </spec>
                <grup.nom gen="m" num="s">
                  <n gen="m" lem="cor" num="s" pos="ncms000" postype="common" sense="16:04545575" wd="cor"/>
                  <sp>
                    <prep>
                      <s lem="de" pos="sps00" postype="preposition" wd="de"/>
                    </prep>
                    <sn>
                      <grup.nom gen="f" num="s">
                        <n gen="f" lem="pedra" num="s" pos="ncfs000" postype="common" sense="16:06669293" wd="pedra"/>
                      </grup.nom>
                    </sn>
                  </sp>
                </grup.nom>
              </sn>
            </sp>
          </grup.nom>
        </sn>
      </sp>
    </S>
    <conj conjunctiontype="coordinating">
      <c lem="i" pos="cc" postype="coordinating" wd="i"/>
    </conj>
    <S>
      <sp arg="argM" func="cc" tem="tmp">
        <f lem="," pos="fc" punct="comma" wd=","/>
        <prep>
          <s lem="en" pos="sps00" postype="preposition" wd="en"/>
        </prep>
        <S clausetype="completive" impersonal="yes">
          <infinitiu>
            <v lem="intentar" lss="A21.transitive-agentive-patient" mood="infinitive" pos="vmn0000" postype="main" wd="intentar"/>
          </infinitiu>
          <S arg="arg1" clausetype="completive" func="cd" impersonal="yes" tem="pat">
            <infinitiu>
              <v lem="segrestar" lss="A21.transitive-agentive-patient" mood="infinitive" pos="vmn0000" postype="main" wd="segrestar"/>
            </infinitiu>
            <sn arg="arg1" coreftype="ident" entity="entity18" entityref="nne" func="cd" tem="pat">
              <grup.nom gen="f" num="s">
                <p case="accusative" gen="f" lem="ell" num="s" person="3" pos="pp3fsa00" postype="personal" wd="-la"/>
              </grup.nom>
            </sn>
          </S>
        </S>
        <f lem="," pos="fc" punct="comma" wd=","/>
      </sp>
      <morfema.pronominal>
        <p gen="c" lem="ell" num="c" person="3" pos="p0300000" wd="es"/>
      </morfema.pronominal>
      <grup.verb>
        <v lem="anar" mood="indicative" num="s" person="3" pos="vaip3s0" postype="auxiliary" tense="present" wd="va"/>
        <v lem="interposar" lss="A21.transitive-agentive-patient" mood="infinitive" pos="vmn0000" postype="main" wd="interposar"/>
      </grup.verb>
      <sp arg="argM" func="cc" tem="adv">
        <prep>
          <s lem="entre" pos="sps00" postype="preposition" wd="entre"/>
        </prep>
        <sn coreftype="ident" entity="entity6+entity18" entityref="nne">
          <grup.nom gen="m" num="p">
            <p gen="m" lem="ell" num="p" person="3" pos="pp3mp000" postype="personal" wd="ells"/>
            <sn>
              <grup.nom gen="m" num="p">
                <p gen="m" lem="dos" num="p" pos="pn0mp000" postype="numeral" wd="dos"/>
              </grup.nom>
            </sn>
          </grup.nom>
        </sn>
      </sp>
      <sn arg="arg0" coreftype="ident" entity="entity19" entityref="ne" func="suj" ne="other" tem="agt">
        <grup.nom gen="m" num="s">
          <n lem="Blue_Demon" ne="other" pos="np0000a" postype="proper" sense="16:cs1" wd="Blue_Demon"/>
        </grup.nom>
      </sn>
    </S>
    <f lem="." pos="fp" punct="period" wd="."/>
  </sentence>
  <sentence>
    <sn arg="arg1" coreftype="ident" entity="entity19" entityref="ne" func="suj" ne="other" tem="tem">
      <grup.nom gen="m" num="s">
        <n lem="Blue_Demon" ne="other" pos="np0000a" postype="proper" sense="16:cs1" wd="Blue_Demon"/>
        <S clausetype="relative">
          <f lem="," pos="fc" punct="comma" wd=","/>
          <relatiu arg="arg1" coreftype="ident" entity="entity19" entityref="spec" func="suj" tem="tem">
            <p gen="c" lem="que" num="c" pos="pr0cn000" postype="relative" wd="que"/>
          </relatiu>
          <grup.verb>
            <v lem="anar" mood="indicative" num="s" person="3" pos="vaip3s0" postype="auxiliary" tense="present" wd="va"/>
            <v lem="morir" lss="B21.unaccusative-state" mood="infinitive" pos="vmn0000" postype="main" wd="morir"/>
          </grup.verb>
          <sn arg="argM" entityref="nne" func="cc" tem="tmp">
            <v lem="fer" mood="indicative" num="s" person="3" pos="vmip3s0" postype="main" tense="present" wd="fa"/>
            <d gen="m" lem="dos" num="p" pos="dn0mp0" postype="numeral" wd="dos"/>
            <n gen="m" lem="mes" num="p" pos="ncmp000" postype="common" sense="16:10919146" wd="mesos"/>
          </sn>
          <f lem="," pos="fc" punct="comma" wd=","/>
        </S>
      </grup.nom>
    </sn>
    <grup.verb>
      <v lem="anar" mood="indicative" num="s" person="3" pos="vaip3s0" postype="auxiliary" tense="present" wd="va"/>
      <v lem="ser" lss="C21.state-attributive" mood="infinitive" pos="vsn0000" postype="semiauxiliary" wd="ser"/>
    </grup.verb>
    <sn arg="arg2" corefsubtype="definit" coreftype="pred" entity="entity19" func="atr" tem="atr">
      <spec gen="m" num="s">
        <d gen="c" lem="el" num="s" pos="da0cs0" postype="article" wd="l'"/>
      </spec>
      <grup.nom gen="m" num="s">
        <s.a gen="m" num="s">
          <grup.a gen="m" num="s">
            <a gen="m" lem="únic" num="s" pos="aq0ms0" postype="qualificative" wd="únic"/>
          </grup.a>
        </s.a>
        <n gen="m" lem="lluitador" num="s" pos="ncms000" postype="common" sense="16:07167829" wd="lluitador"/>
        <S clausetype="relative">
          <relatiu arg="arg1" coreftype="ident" entity="entity19" entityref="nne" func="suj" tem="tem">
            <p gen="c" lem="que" num="c" pos="pr0cn000" postype="relative" wd="que"/>
          </relatiu>
          <grup.verb>
            <v lem="anar" mood="indicative" num="s" person="3" pos="vaip3s0" postype="auxiliary" tense="present" wd="va"/>
            <v lem="ser" lss="C21.state-attributive" mood="infinitive" pos="vsn0000" postype="semiauxiliary" wd="ser"/>
          </grup.verb>
          <sa arg="arg2" func="atr" tem="atr">
            <grup.a>
              <a gen="c" lem="capaç" num="s" pos="aq0cs0" postype="qualificative" wd="capaç"/>
              <sp>
                <prep>
                  <s lem="de" pos="sps00" postype="preposition" wd="de"/>
                </prep>
                <S clausetype="completive" impersonal="yes">
                  <infinitiu>
                    <v lem="batre" lss="A21.transitive-agentive-patient" mood="infinitive" pos="vmn0000" postype="main" wd="batre"/>
                  </infinitiu>
                  <sn arg="arg1" entity="entity21" entityref="ne" func="cd" ne="person" tem="pat">
                    <grup.nom gen="m" num="s">
                      <n lem="Santo" ne="person" pos="np0000p" postype="proper" sense="16:cs1" wd="Santo"/>
                      <sn corefsubtype="definit" coreftype="pred" entity="entity21" entityref="ne" ne="person">
                        <f lem="," pos="fc" punct="comma" wd=","/>
                        <spec gen="m" num="s">
                          <d gen="m" lem="el" num="s" pos="da0ms0" postype="article" wd="el"/>
                        </spec>
                        <grup.nom gen="m" num="s">
                          <n lem="Enmascarado_de_Plata" ne="person" pos="np0000p" postype="proper" sense="16:cs1" wd="Enmascarado_de_Plata"/>
                        </grup.nom>
                      </sn>
                    </grup.nom>
                  </sn>
                </S>
              </sp>
            </grup.a>
          </sa>
        </S>
      </grup.nom>
    </sn>
    <f lem="." pos="fp" punct="period" wd="."/>
  </sentence>
  <sentence>
    <sn arg="arg0" coord="yes" func="suj" tem="agt">
      <sn entityref="nne">
        <spec gen="f" num="s">
          <d gen="f" lem="un" num="s" pos="di0fs0" postype="indefinite" wd="Una"/>
        </spec>
        <grup.nom gen="f" num="s">
          <n gen="f" lem="banda_sonora" num="s" pos="ncfs000" postype="common" sense="16:03371714" wd="banda_sonora"/>
          <s.a gen="f" num="s">
            <grup.a gen="f" num="s">
              <a gen="f" lem="esbojarrat" num="s" pos="aq0fs0" postype="qualificative" wd="esbojarrada"/>
            </grup.a>
          </s.a>
        </grup.nom>
      </sn>
      <f lem="," pos="fc" punct="comma" wd=","/>
      <sn entityref="nne">
        <spec gen="m" num="p">
          <d gen="m" lem="un" num="p" pos="di0mp0" postype="indefinite" wd="uns"/>
        </spec>
        <grup.nom gen="m" num="p">
          <n gen="m" lem="diàleg" num="p" pos="ncmp000" postype="common" sense="16:05259291" wd="diàlegs"/>
          <s.a gen="m" num="p">
            <grup.a gen="m" num="p">
              <a gen="c" lem="estupefaent" num="p" pos="aq0cp0" postype="qualificative" wd="estupefaents"/>
            </grup.a>
          </s.a>
        </grup.nom>
      </sn>
      <f lem="," pos="fc" punct="comma" wd=","/>
      <sn entityref="nne">
        <spec gen="f" num="s">
          <d gen="f" lem="un" num="s" pos="di0fs0" postype="indefinite" wd="una"/>
        </spec>
        <grup.nom gen="f" num="s">
          <n gen="f" lem="investigació" num="s" pos="ncfs000" postype="common" sense="16:00416938" wd="investigació"/>
          <sp>
            <prep>
              <s lem="sense" pos="sps00" postype="preposition" wd="sense"/>
            </prep>
            <sn complex="yes">
              <grup.nom coord="yes">
                <grup.nom gen="m" num="s">
                  <n gen="c" lem="cap" num="s" pos="nccs000" postype="common" sense="16:04290247" wd="cap"/>
                </grup.nom>
                <conj conjunctiontype="coordinating">
                  <c lem="ni" pos="cc" postype="coordinating" wd="ni"/>
                </conj>
                <grup.nom gen="m" num="p">
                  <n gen="m" lem="peu" num="p" pos="ncmp000" postype="common" sense="16:cs1" wd="peus"/>
                </grup.nom>
              </grup.nom>
            </sn>
          </sp>
        </grup.nom>
      </sn>
      <conj conjunctiontype="coordinating">
        <c lem="i" pos="cc" postype="coordinating" wd="i"/>
      </conj>
      <sn entityref="nne">
        <spec gen="m" num="p">
          <d gen="m" lem="un" num="p" pos="di0mp0" postype="indefinite" wd="uns"/>
        </spec>
        <grup.nom gen="m" num="p">
          <n gen="m" lem="combat" num="p" pos="ncmp000" postype="common" sense="16:00758807" wd="combats"/>
          <s.a gen="m" num="p">
            <grup.a gen="m" num="p">
              <a gen="m" lem="titànic" num="p" pos="aq0mp0" postype="qualificative" wd="titànics"/>
            </grup.a>
          </s.a>
        </grup.nom>
      </sn>
    </sn>
    <grup.verb>
      <v lem="anar" mood="indicative" num="p" person="3" pos="vaip3p0" postype="auxiliary" tense="present" wd="van"/>
      <v lem="conduir" lss="A21.transitive-agentive-patient" mood="infinitive" pos="vmn0000" postype="main" wd="conduir"/>
    </grup.verb>
    <sp arg="argM" func="cc" tem="mnr">
      <prep>
        <s lem="de" pos="sps00" postype="preposition" wd="de"/>
      </prep>
      <sn entityref="nne">
        <grup.nom gen="f" num="s">
          <n gen="f" lem="manera" num="s" pos="ncfs000" postype="common" sense="16:00111872" wd="manera"/>
          <s.a gen="f" num="s">
            <grup.a gen="f" num="s">
              <a gen="f" lem="abrupte" num="s" pos="aq0fs0" postype="qualificative" wd="abrupta"/>
            </grup.a>
          </s.a>
        </grup.nom>
      </sn>
    </sp>
    <sn arg="arg1" coreftype="ident" entity="entity5" entityref="spec" func="cd" tem="pat">
      <spec gen="f" num="s">
        <d gen="f" lem="el" num="s" pos="da0fs0" postype="article" wd="la"/>
      </spec>
      <grup.nom gen="f" num="s">
        <n gen="f" lem="cinta" num="s" pos="ncfs000" postype="common" sense="16:03470688" wd="cinta"/>
      </grup.nom>
    </sn>
    <sp arg="arg4" func="cc" tem="des">
      <prep>
        <s lem="fins" pos="sps00" postype="preposition" wd="fins"/>
      </prep>
      <sp>
        <prep>
          <s contracted="yes" gen="m" lem="al" num="s" pos="spcms" postype="preposition" wd="al"/>
        </prep>
        <sn entityref="nne" homophoricDD="yes">
          <grup.nom gen="f" num="s">
            <n gen="f" lem="final" num="s" pos="ncfs000" postype="common" sense="16:05438121" wd="final"/>
          </grup.nom>
        </sn>
      </sp>
    </sp>
    <sp arg="argM" func="cc" tem="adv">
      <prep>
        <s lem="entre" pos="sps00" postype="preposition" wd="entre"/>
      </prep>
      <sn complex="yes">
        <grup.nom coord="yes">
          <grup.nom coord="yes">
            <grup.nom gen="m" num="p">
              <n gen="m" lem="crit" num="p" pos="ncmp000" postype="common" sense="16:05329225" wd="crits"/>
            </grup.nom>
            <conj conjunctiontype="coordinating">
              <c lem="i" pos="cc" postype="coordinating" wd="i"/>
            </conj>
            <grup.nom gen="m" num="p">
              <n gen="m" lem="aplaudiment" num="p" pos="ncmp000" postype="common" sense="16:05017234" wd="aplaudiments"/>
            </grup.nom>
          </grup.nom>
          <sp adjunct="yes">
            <prep>
              <s lem="de" pos="sps00" postype="preposition" wd="de"/>
            </prep>
            <sn coreftype="ident" entity="entity9" entityref="nne">
              <spec gen="f" num="s">
                <d gen="f" lem="el" num="s" pos="da0fs0" postype="article" wd="la"/>
              </spec>
              <grup.nom gen="f" num="s">
                <n gen="f" lem="platea" num="s" pos="ncfs000" postype="common" sense="16:03061606" wd="platea"/>
              </grup.nom>
            </sn>
          </sp>
        </grup.nom>
      </sn>
    </sp>
    <f lem="." pos="fp" punct="period" wd="."/>
  </sentence>
  <sentence>
    <sn arg="arg1" entity="entity22" entityref="nne" func="suj" homophoricDD="yes" tem="tem">
      <spec gen="m" num="p">
        <d gen="m" lem="el" num="p" pos="da0mp0" postype="article" wd="Els"/>
      </spec>
      <grup.nom gen="m" num="p">
        <s.a gen="m" num="p">
          <grup.a gen="m" num="p">
            <a gen="m" lem="pròxim" num="p" pos="aq0mp0" postype="qualificative" wd="pròxims"/>
          </grup.a>
        </s.a>
        <n gen="m" lem="llargmetratge" num="p" pos="ncmp000" postype="common" sense="16:cs1" wd="llargmetratges"/>
        <s.a gen="m" num="p">
          <grup.a gen="m" num="p">
            <a gen="c" lem="especial" num="p" pos="aq0cp0" postype="qualificative" wd="especials"/>
          </grup.a>
        </s.a>
        <S clausetype="relative">
          <relatiu arg="arg1" coreftype="ident" entity="entity22" entityref="nne" func="cd" tem="pat">
            <p gen="c" lem="que" num="c" pos="pr0cn000" postype="relative" wd="que"/>
          </relatiu>
          <grup.verb>
            <v lem="projectar" lss="A21.transitive-agentive-patient" mood="indicative" num="s" person="3" pos="vmif3s0" postype="main" tense="future" wd="projectarà"/>
          </grup.verb>
          <sn arg="arg0" coreftype="ident" entity="entity1" entityref="ne" func="suj" ne="other" tem="agt">
            <grup.nom>
              <n lem="Cinefagia" ne="other" pos="np0000a" postype="proper" sense="16:cs1" wd="Cinefagia"/>
            </grup.nom>
          </sn>
        </S>
      </grup.nom>
    </sn>
    <grup.verb>
      <v lem="ser" lss="C21.state-attributive" mood="indicative" num="p" person="3" pos="vsip3p0" postype="semiauxiliary" tense="present" wd="són"/>
    </grup.verb>
    <sn arg="arg2" complex="yes" func="atr" tem="atr">
      <grup.nom coord="yes">
        <grup.nom>
          <n lem="La_carrera_de_la_muerte_del_año_2000" ne="other" pos="np0000a" postype="proper" sense="16:cs1" wd="La_carrera_de_la_muerte_del_año_2000"/>
        </grup.nom>
        <f lem="," pos="fc" punct="comma" wd=","/>
        <grup.nom>
          <n lem="Hombres_detrás_del_sol" ne="other" pos="np0000a" postype="proper" sense="16:cs1" wd="Hombres_detrás_del_sol"/>
        </grup.nom>
        <f lem="," pos="fc" punct="comma" wd=","/>
        <grup.nom>
          <n lem="La_noche_de_Walpurgis" ne="other" pos="np0000a" postype="proper" sense="16:cs1" wd="La_noche_de_Walpurgis"/>
        </grup.nom>
        <conj conjunctiontype="coordinating">
          <c lem="i" pos="cc" postype="coordinating" wd="i"/>
        </conj>
        <grup.nom>
          <n lem="Flash_Gordon" ne="other" pos="np0000a" postype="proper" sense="16:cs1" wd="Flash_Gordon"/>
        </grup.nom>
      </grup.nom>
    </sn>
    <f lem="." pos="fp" punct="period" wd="."/>
  </sentence>
</article>
