<?xml version="1.0" encoding="UTF-8"?>
<!-- 

  ancora-2.0
       
			Copyright (C) 2007, 2008, 2009, 2010, 2011 UB - CLiC
			Centre de Llenguatge i Computació - Universitat de Barcelona
 
  This file is part of ancora-2.0.
 
  ancora-2.0 is free software and data: you can redistribute it and/or modify
  it under the terms of the GNU General Public License as published
  by the Free Software Foundation, either version 3 of the License,
  or (at your option) any later version.

  ancora-2.0 is distributed in the hope that it will be useful,
  but WITHOUT ANY WARRANTY; without even the implied warranty of
  MERCHANTABILITY or FITNESS FOR A PARTICULAR PURPOSE.  See the
  GNU General Public License for more details.
 
  You should have received a copy of the GNU General Public License
  along with ancora-2.0.  If not, see &lt;http://www.gnu.org/licenses/&gt;.
 
  Check a text in catalan explaining the terms of the license at http://www.softcatala.cat/wiki/GPL3.
  In spanish at http://www.viti.es/gnu/licenses/gpl.html
 

  The following paper must be cited when using this corpus:

 * Taulé, M., M.A. Martí, M. Recasens (2008) 'Ancora: Multilevel Annotated Corpora for Catalan and Spanish',
   Proceedings of 6th International Conference on Language Resources and Evaluation. Marrakesh (Morocco).

  In addition, the following paper must be cited if coreference information (attributes entity, coreftype,
  corefsubtype, homophoricDD or entityref) is used:

 * Recasens, Marta, M. Antònia Martí (2010) ‘AnCora-CO: Coreferentially annotated corpora for Spanish and
   Catalan’. Language Resources and Evaluation, Springer Science.

  Additionally, the following paper must be cited when argumental attributes in "sn" or "grup.nom"
  (attributes func, arg, tem or lexicalid) are used:

 * Peris, Aina, Mariona Taulé, Horacio Rodríguez (2010) ‘Semantic Annotation of Deverbal Nominalizations in the
   Spanish AnCora corpus’. Treebanks and Linguistic Theories (TLT-2010), Estonia.
-->
<article lng="ca">
  <sentence>
    <sn arg="arg0" entityref="ne" func="suj" ne="organization" tem="agt">
      <spec gen="f" num="s">
        <d gen="f" lem="el" num="s" pos="da0fs0" postype="article" wd="La"/>
      </spec>
      <grup.nom gen="f" num="s">
        <n lem="Comissió_d'_Organització_,_Administració_de_la_Generalitat_i_Govern_Local_del_Parlament" ne="organization" pos="np0000o" postype="proper" sense="16:cs1" wd="Comissió_d'_Organització_,_Administració_de_la_Generalitat_i_Govern_Local_del_Parlament"/>
      </grup.nom>
    </sn>
    <grup.verb>
      <v lem="haver" mood="indicative" num="s" person="3" pos="vaip3s0" postype="auxiliary" tense="present" wd="ha"/>
      <v gen="m" lem="aprovar" lss="A21.transitive-agentive-patient" mood="participle" num="s" pos="vmp00sm" postype="main" wd="aprovat"/>
    </grup.verb>
    <sn arg="arg1" entity="entity1" entityref="nne" func="cd" tem="pat">
      <spec gen="f" num="s">
        <d gen="f" lem="un" num="s" pos="di0fs0" postype="indefinite" wd="una"/>
      </spec>
      <grup.nom gen="f" num="s">
        <n gen="f" lem="proposició" num="s" pos="ncfs000" postype="common" sense="16:05355937" wd="proposició"/>
        <sp>
          <neg adjunct="yes">
            <r lem="no" pos="rn" postype="negative" wd="no"/>
          </neg>
          <sp>
            <prep>
              <s lem="de" pos="sps00" postype="preposition" wd="de"/>
            </prep>
            <sn>
              <grup.nom gen="f" num="s">
                <n gen="f" lem="llei" num="s" pos="ncfs000" postype="common" sense="16:04904589" wd="llei"/>
              </grup.nom>
            </sn>
          </sp>
        </sp>
        <S clausetype="relative">
          <relatiu arg="arg2" coreftype="ident" entity="entity1" entityref="nne" func="suj" tem="loc">
            <p gen="c" lem="que" num="c" pos="pr0cn000" postype="relative" wd="que"/>
          </relatiu>
          <grup.verb>
            <v lem="instar" lss="A34.ditransitive-patient-theme" mood="indicative" num="s" person="3" pos="vmip3s0" postype="main" tense="present" wd="insta"/>
          </grup.verb>
          <sn arg="arg1" entity="entity3" entityref="ne" func="cd" ne="organization" tem="pat">
            <spec gen="m" num="s">
              <d gen="m" lem="el" num="s" pos="da0ms0" postype="article" wd="el"/>
            </spec>
            <grup.nom gen="m" num="s">
              <n lem="Govern_de_la_Generalitat" ne="organization" pos="np0000o" postype="proper" sense="16:cs1" wd="Govern_de_la_Generalitat"/>
            </grup.nom>
          </sn>
          <sp arg="arg2" func="creg" tem="tem">
            <prep>
              <s lem="a" pos="sps00" postype="preposition" wd="a"/>
            </prep>
            <S clausetype="completive" impersonal="yes">
              <infinitiu>
                <v lem="establir" lss="A21.transitive-agentive-patient" mood="infinitive" pos="vmn0000" postype="main" wd="establir"/>
              </infinitiu>
              <sn arg="arg1" entity="entity2" entityref="nne" func="cd" tem="pat">
                <spec gen="m" num="s">
                  <d gen="m" lem="un" num="s" pos="di0ms0" postype="indefinite" wd="un"/>
                </spec>
                <grup.nom gen="m" num="s">
                  <n gen="m" lem="codi" num="s" pos="ncms000" postype="common" sense="16:05000141" wd="codi"/>
                  <s.a gen="m" num="s">
                    <grup.a gen="m" num="s">
                      <a gen="m" lem="deontològic" num="s" pos="aq0ms0" postype="qualificative" wd="deontològic"/>
                    </grup.a>
                  </s.a>
                  <S clausetype="relative">
                    <relatiu arg="arg0" coreftype="ident" entity="entity2" entityref="nne" func="suj" tem="agt">
                      <p gen="c" lem="que" num="c" pos="pr0cn000" postype="relative" wd="que"/>
                    </relatiu>
                    <grup.verb>
                      <v lem="regular" lss="A21.transitive-agentive-patient" mood="subjunctive" num="s" person="3" pos="vmsp3s0" postype="main" tense="present" wd="reguli"/>
                    </grup.verb>
                    <sn arg="arg1" func="cd" tem="pat">
                      <sadv adjunct="yes">
                        <f lem="," pos="fc" punct="comma" wd=","/>
                        <grup.adv>
                          <r lem="especialment" pos="rg" wd="especialment"/>
                        </grup.adv>
                        <f lem="," pos="fc" punct="comma" wd=","/>
                      </sadv>
                      <sn entityref="nne" homophoricDD="yes">
                        <spec gen="m" num="s">
                          <d gen="c" lem="el" num="s" pos="da0cs0" postype="article" wd="l'"/>
                        </spec>
                        <grup.nom gen="m" num="s">
                          <n gen="m" lem="ús" num="s" pos="ncms000" postype="common" sense="16:00605730" wd="ús"/>
                          <sp>
                            <prep>
                              <s contracted="yes" gen="m" lem="del" num="s" pos="spcms" postype="preposition" wd="del"/>
                            </prep>
                            <sn entityref="nne" homophoricDD="yes">
                              <grup.nom gen="m" num="s">
                                <n gen="m" lem="correu" num="s" pos="ncms000" postype="common" sense="16:04736420" wd="correu"/>
                                <s.a gen="m" num="s">
                                  <grup.a gen="m" num="s">
                                    <a gen="m" lem="electrònic" num="s" pos="aq0ms0" postype="qualificative" wd="electrònic"/>
                                  </grup.a>
                                </s.a>
                              </grup.nom>
                            </sn>
                          </sp>
                          <sp>
                            <prep>
                              <s lem="en" pos="sps00" postype="preposition" wd="en"/>
                            </prep>
                            <sn entityref="nne" homophoricDD="yes">
                              <spec gen="m" num="p">
                                <d gen="m" lem="el" num="p" pos="da0mp0" postype="article" wd="els"/>
                              </spec>
                              <grup.nom gen="m" num="p">
                                <n gen="m" lem="sistema" num="p" pos="ncmp000" postype="common" sense="16:03459836" wd="sistemes"/>
                                <sp>
                                  <prep>
                                    <s lem="de" pos="sps00" postype="preposition" wd="d'"/>
                                  </prep>
                                  <sn>
                                    <grup.nom gen="f" num="s">
                                      <n gen="f" lem="informació" num="s" pos="ncfs000" postype="common" sense="16:04977171" wd="informació"/>
                                    </grup.nom>
                                  </sn>
                                </sp>
                                <sp>
                                  <prep>
                                    <s lem="de" pos="sps00" postype="preposition" wd="de"/>
                                  </prep>
                                  <sn coreftype="ident" entity="entity3" entityref="ne" ne="organization">
                                    <spec gen="f" num="s">
                                      <d gen="f" lem="el" num="s" pos="da0fs0" postype="article" wd="la"/>
                                    </spec>
                                    <grup.nom gen="f" num="s">
                                      <n lem="Generalitat" ne="organization" pos="np0000o" postype="proper" sense="16:cs1" wd="Generalitat"/>
                                    </grup.nom>
                                  </sn>
                                </sp>
                              </grup.nom>
                            </sn>
                          </sp>
                        </grup.nom>
                      </sn>
                    </sn>
                  </S>
                </grup.nom>
              </sn>
            </S>
          </sp>
        </S>
      </grup.nom>
    </sn>
    <f lem="." pos="fp" punct="period" wd="."/>
  </sentence>
  <sentence>
    <sn arg="arg1" coreftype="ident" entity="entity1" entityref="nne" func="suj" homophoricDD="yes" tem="pat">
      <spec gen="f" num="s">
        <d gen="f" lem="el" num="s" pos="da0fs0" postype="article" wd="La"/>
      </spec>
      <grup.nom gen="f" num="s">
        <n gen="f" lem="proposició" num="s" pos="ncfs000" postype="common" sense="16:05355937" wd="proposició"/>
        <sp>
          <neg adjunct="yes">
            <r lem="no" pos="rn" postype="negative" wd="no"/>
          </neg>
          <sp>
            <prep>
              <s lem="de" pos="sps00" postype="preposition" wd="de"/>
            </prep>
            <sn>
              <grup.nom gen="f" num="s">
                <n gen="f" lem="llei" num="s" pos="ncfs000" postype="common" sense="16:04904589" wd="llei"/>
              </grup.nom>
            </sn>
          </sp>
        </sp>
      </grup.nom>
    </sn>
    <grup.verb>
      <v lem="haver" mood="indicative" num="s" person="3" pos="vaii3s0" postype="auxiliary" tense="imperfect" wd="havia"/>
      <v gen="m" lem="ser" mood="participle" num="s" pos="vsp00sm" postype="semiauxiliary" wd="estat"/>
      <v gen="f" lem="presentar" lss="B12.unaccusative-passive-ditransitive" mood="participle" num="s" pos="vmp00sf" postype="main" wd="presentada"/>
    </grup.verb>
    <sp arg="arg0" func="cag" tem="agt">
      <prep>
        <s contracted="yes" gen="m" lem="pel" num="s" pos="spcms" postype="preposition" wd="pel"/>
      </prep>
      <sn entity="entity6" entityref="ne" ne="organization">
        <grup.nom>
          <n lem="PPC" ne="organization" pos="np0000o" postype="proper" sense="16:cs1" wd="PPC"/>
        </grup.nom>
      </sn>
    </sp>
    <sp arg="argM" func="cc" tem="cau">
      <prep>
        <s contracted="yes" gen="m" lem="arran_del" num="s" pos="spcms" postype="preposition" wd="arran_del"/>
      </prep>
      <sn entityref="nne" homophoricDD="yes">
        <grup.nom gen="m" num="s">
          <n gen="m" lem="fet" num="s" pos="ncms000" postype="common" sense="16:05432762" wd="fet"/>
          <S clausetype="completive">
            <conj conjunctiontype="subordinating">
              <c lem="que" pos="cs" postype="subordinating" wd="que"/>
            </conj>
            <sn arg="arg0" entityref="nne" func="suj" tem="agt">
              <spec gen="m" num="s">
                <d gen="m" lem="un" num="s" pos="di0ms0" postype="indefinite" wd="un"/>
              </spec>
              <grup.nom gen="m" num="s">
                <n gen="m" lem="treballador" num="s" pos="ncms000" postype="common" sense="16:07240707" wd="treballador"/>
                <sp>
                  <prep>
                    <s contracted="yes" gen="m" lem="del" num="s" pos="spcms" postype="preposition" wd="del"/>
                  </prep>
                  <sn entity="entity4" entityref="ne" ne="organization">
                    <grup.nom gen="m" num="s">
                      <n lem="Departament_de_Cultura_de_la_Generalitat" ne="organization" pos="np0000o" postype="proper" sense="16:cs1" wd="Departament_de_Cultura_de_la_Generalitat"/>
                    </grup.nom>
                  </sn>
                </sp>
              </grup.nom>
            </sn>
            <grup.verb>
              <v lem="anar" mood="indicative" num="s" person="3" pos="vaip3s0" postype="auxiliary" tense="present" wd="va"/>
              <v lem="utilitzar" lss="A21.transitive-agentive-patient" mood="infinitive" pos="vmn0000" postype="main" wd="utilitzar"/>
            </grup.verb>
            <sn arg="arg1" entityref="nne" func="cd" homophoricDD="yes" tem="pat">
              <spec gen="m" num="s">
                <d gen="m" lem="el" num="s" pos="da0ms0" postype="article" wd="el"/>
              </spec>
              <grup.nom gen="m" num="s">
                <n gen="m" lem="correu" num="s" pos="ncms000" postype="common" sense="16:04736420" wd="correu"/>
                <s.a gen="m" num="s">
                  <grup.a gen="m" num="s">
                    <a gen="m" lem="electrònic" num="s" pos="aq0ms0" postype="qualificative" wd="electrònic"/>
                  </grup.a>
                </s.a>
                <sp>
                  <prep>
                    <s contracted="yes" gen="m" lem="del" num="s" pos="spcms" postype="preposition" wd="del"/>
                  </prep>
                  <sn coreftype="ident" entity="entity4" entityref="spec">
                    <grup.nom gen="m" num="s">
                      <n gen="m" lem="departament" num="s" pos="ncms000" postype="common" sense="16:06182017" wd="departament"/>
                    </grup.nom>
                  </sn>
                </sp>
              </grup.nom>
            </sn>
            <sp arg="argM" func="cc" tem="fin">
              <prep>
                <s lem="per" pos="sps00" postype="preposition" wd="per"/>
              </prep>
              <S clausetype="completive" impersonal="yes">
                <infinitiu>
                  <v lem="fer" lss="A32.ditransitive-patient-benefactive" mood="infinitive" pos="vmn0000" postype="main" wd="fer"/>
                </infinitiu>
                <sn arg="argL" entityref="nne" func="cd">
                  <spec gen="m" num="s">
                    <d gen="m" lem="un" num="s" pos="di0ms0" postype="indefinite" wd="un"/>
                  </spec>
                  <grup.nom gen="m" num="s">
                    <n gen="c" lem="enviament" num="c" pos="nc00000" postype="common" sense="16:00034968" wd="enviament"/>
                  </grup.nom>
                </sn>
                <S arg="argM" clausetype="adverbial" func="cc" impersonal="yes" tem="fin">
                  <gerundi>
                    <v lem="demanar" lss="A32.ditransitive-patient-benefactive" mood="gerund" pos="vmg0000" postype="main" wd="demanant"/>
                  </gerundi>
                  <sp arg="arg2" func="ci" tem="ben">
                    <prep>
                      <s lem="a" pos="sps00" postype="preposition" wd="a"/>
                    </prep>
                    <sn entity="entity5" entityref="nne">
                      <spec gen="f" num="p">
                        <d gen="m" lem="un_seguit_de" num="s" pos="di0ms0" postype="indefinite" wd="un_seguit_de"/>
                      </spec>
                      <grup.nom coord="yes">
                        <grup.nom gen="f" num="p">
                          <n gen="f" lem="persona" num="p" pos="ncfp000" postype="common" sense="16:00004123" wd="persones"/>
                        </grup.nom>
                        <conj conjunctiontype="coordinating">
                          <c lem="i" pos="cc" postype="coordinating" wd="i"/>
                        </conj>
                        <grup.nom gen="f" num="p">
                          <n gen="f" lem="institució" num="p" pos="ncfp000" postype="common" sense="16:06002286" wd="institucions"/>
                        </grup.nom>
                      </grup.nom>
                    </sn>
                  </sp>
                  <S arg="arg1" clausetype="completive" func="cd" tem="pat">
                    <conj conjunctiontype="subordinating">
                      <c lem="que" pos="cs" postype="subordinating" wd="que"/>
                    </conj>
                    <sn arg="arg0" coreftype="ident" elliptic="yes" entity="entity5" entityref="nne" func="suj" tem="agt"/>
                    <morfema.pronominal>
                      <p gen="c" lem="ell" num="c" person="3" pos="p0300000" wd="s'"/>
                    </morfema.pronominal>
                    <grup.verb>
                      <v lem="adreçar" lss="A32.ditransitive-patient-benefactive" mood="subjunctive" num="p" person="3" pos="vmsi3p0" postype="main" tense="imperfect" wd="adrecessin"/>
                    </grup.verb>
                    <sp arg="arg2" func="ci" tem="ben">
                      <prep>
                        <s lem="a" pos="sps00" postype="preposition" wd="a"/>
                      </prep>
                      <sn entityref="ne" ne="person">
                        <spec gen="m" num="s">
                          <d gen="c" lem="el" num="s" pos="da0cs0" postype="article" wd="l'"/>
                        </spec>
                        <grup.nom gen="m" num="s">
                          <n gen="m" lem="alcalde" num="s" pos="ncms000" postype="common" sense="16:07401898" wd="alcalde"/>
                          <sp>
                            <prep>
                              <s lem="de" pos="sps00" postype="preposition" wd="de"/>
                            </prep>
                            <sn entityref="ne" ne="location">
                              <grup.nom>
                                <n lem="Barcelona" ne="location" pos="np0000l" postype="proper" wd="Barcelona"/>
                              </grup.nom>
                            </sn>
                          </sp>
                        </grup.nom>
                      </sn>
                    </sp>
                    <S arg="argM" clausetype="adverbial" func="cc" impersonal="yes" tem="fin">
                      <gerundi>
                        <v lem="protestar" lss="A22.transitive-agentive-theme" mood="gerund" pos="vmg0000" postype="main" wd="protestant"/>
                      </gerundi>
                      <sp arg="arg1" func="creg" tem="tem">
                        <prep>
                          <s lem="contra" pos="sps00" postype="preposition" wd="contra"/>
                        </prep>
                        <sn entity="entity11" entityref="nne" homophoricDD="yes">
                          <spec gen="f" num="s">
                            <d gen="f" lem="el" num="s" pos="da0fs0" postype="article" wd="la"/>
                          </spec>
                          <grup.nom gen="f" num="s">
                            <s.a gen="f" num="s">
                              <grup.a gen="f" num="s">
                                <a gen="f" lem="darrer" num="s" pos="ao0fs0" postype="ordinal" wd="darrera"/>
                              </grup.a>
                            </s.a>
                            <n gen="f" lem="desfilada" num="s" pos="ncfs000" postype="common" sense="16:06234223" wd="desfilada"/>
                            <s.a gen="f" num="s">
                              <grup.a gen="f" num="s">
                                <a gen="c" lem="militar" num="s" pos="aq0cs0" postype="qualificative" wd="militar"/>
                              </grup.a>
                            </s.a>
                          </grup.nom>
                        </sn>
                      </sp>
                    </S>
                  </S>
                </S>
              </S>
            </sp>
          </S>
        </grup.nom>
      </sn>
    </sp>
    <f lem="." pos="fp" punct="period" wd="."/>
  </sentence>
  <sentence coord="yes">
    <sadv adjunct="yes" func="et">
      <grup.adv>
        <r lem="finalment" pos="rg" wd="Finalment"/>
      </grup.adv>
      <f lem="," pos="fc" punct="comma" wd=","/>
    </sadv>
    <S coord="yes">
      <S>
        <sn arg="arg0" coreftype="ident" entity="entity6" entityref="ne" func="suj" ne="organization" tem="agt">
          <spec gen="m" num="s">
            <d gen="m" lem="el" num="s" pos="da0ms0" postype="article" wd="el"/>
          </spec>
          <grup.nom gen="m" num="s">
            <n lem="PPC" ne="organization" pos="np0000o" postype="proper" sense="16:cs1" wd="PPC"/>
          </grup.nom>
        </sn>
        <grup.verb>
          <v lem="haver" mood="indicative" num="s" person="3" pos="vaip3s0" postype="auxiliary" tense="present" wd="ha"/>
          <v gen="m" lem="retirar" lss="A21.transitive-agentive-patient" mood="participle" num="s" pos="vmp00sm" postype="main" wd="retirat"/>
        </grup.verb>
        <sn arg="arg1" entity="entity7" entityref="nne" func="cd" tem="pat">
          <spec gen="m" num="s">
            <d gen="m" lem="un" num="s" pos="di0ms0" postype="indefinite" wd="un"/>
          </spec>
          <grup.nom gen="m" num="s">
            <n gen="m" lem="punt" num="s" pos="ncms000" postype="common" sense="16:04867079" wd="punt"/>
            <sp>
              <prep>
                <s lem="de" pos="sps00" postype="preposition" wd="de"/>
              </prep>
              <sn coreftype="ident" entity="entity1" entityref="nne">
                <spec gen="f" num="s">
                  <d gen="f" lem="el" num="s" pos="da0fs0" postype="article" wd="la"/>
                </spec>
                <grup.nom gen="f" num="s">
                  <n gen="f" lem="moció" num="s" pos="ncfs000" postype="common" sense="16:cs1" wd="moció"/>
                </grup.nom>
              </sn>
            </sp>
            <S clausetype="relative">
              <relatiu arg="arg0" coreftype="ident" entity="entity7" entityref="nne" func="suj" tem="agt">
                <p gen="c" lem="que" num="c" pos="pr0cn000" postype="relative" wd="que"/>
              </relatiu>
              <grup.verb>
                <v lem="demanar" lss="A32.ditransitive-patient-benefactive" mood="indicative" num="s" person="3" pos="vmii3s0" postype="main" tense="imperfect" wd="demanava"/>
              </grup.verb>
              <sn arg="arg1" entityref="nne" func="cd" homophoricDD="yes" tem="pat">
                <spec gen="f" num="s">
                  <d gen="c" lem="el" num="s" pos="da0cs0" postype="article" wd="l'"/>
                </spec>
                <grup.nom gen="f" num="s">
                  <n gen="f" lem="obertura" num="s" pos="ncfs000" postype="common" sense="16:00217163" wd="obertura"/>
                  <sp>
                    <prep>
                      <s lem="de" pos="sps00" postype="preposition" wd="d'"/>
                    </prep>
                    <sn entityref="nne">
                      <spec gen="f" num="s">
                        <d gen="f" lem="un" num="s" pos="di0fs0" postype="indefinite" wd="una"/>
                      </spec>
                      <grup.nom gen="f" num="s">
                        <n gen="f" lem="investigació" num="s" pos="ncfs000" postype="common" sense="16:00417296" wd="investigació"/>
                      </grup.nom>
                    </sn>
                  </sp>
                  <sp>
                    <prep>
                      <s lem="en" pos="sps00" postype="preposition" wd="en"/>
                    </prep>
                    <sn coreftype="ident" entity="entity4" entityref="ne" ne="organization">
                      <spec gen="m" num="s">
                        <d gen="m" lem="el" num="s" pos="da0ms0" postype="article" wd="el"/>
                      </spec>
                      <grup.nom gen="m" num="s">
                        <n lem="Departament_de_Cultura" ne="organization" pos="np0000o" postype="proper" sense="16:cs1" wd="Departament_de_Cultura"/>
                      </grup.nom>
                    </sn>
                  </sp>
                </grup.nom>
              </sn>
            </S>
          </grup.nom>
        </sn>
      </S>
      <conj conjunctiontype="coordinating">
        <c lem="i" pos="cc" postype="coordinating" wd="i"/>
      </conj>
      <S>
        <sn arg="arg0" coreftype="ident" elliptic="yes" entity="entity6" entityref="spec" func="suj" tem="agt"/>
        <morfema.pronominal>
          <p gen="c" lem="ell" num="c" person="3" pos="p0300000" wd="s'"/>
        </morfema.pronominal>
        <grup.verb>
          <v lem="haver" mood="indicative" num="s" person="3" pos="vaip3s0" postype="auxiliary" tense="present" wd="ha"/>
          <v gen="m" lem="limitar" lss="A34.ditransitive-patient-theme" mood="participle" num="s" pos="vmp00sm" postype="main" wd="limitat"/>
        </grup.verb>
        <sp arg="arg2" func="creg" tem="tem">
          <prep>
            <s lem="a" pos="sps00" postype="preposition" wd="a"/>
          </prep>
          <S clausetype="completive" impersonal="yes">
            <infinitiu>
              <v lem="demanar" lss="A32.ditransitive-patient-benefactive" mood="infinitive" pos="vmn0000" postype="main" wd="demanar"/>
            </infinitiu>
            <sn arg="arg1" entity="entity8" entityref="nne" func="cd" homophoricDD="yes" tem="pat">
              <spec gen="f" num="s">
                <d gen="f" lem="el" num="s" pos="da0fs0" postype="article" wd="la"/>
              </spec>
              <grup.nom gen="f" num="s">
                <n gen="f" lem="redacció" num="s" pos="ncfs000" postype="common" sense="16:00596873" wd="redacció"/>
                <sp>
                  <prep>
                    <s lem="de" pos="sps00" postype="preposition" wd="d'"/>
                  </prep>
                  <sn coreftype="ident" entity="entity2" entityref="nne">
                    <spec gen="m" num="s">
                      <d gen="m" lem="un" num="s" pos="di0ms0" postype="indefinite" wd="un"/>
                    </spec>
                    <grup.nom gen="m" num="s">
                      <n gen="m" lem="codi" num="s" pos="ncms000" postype="common" sense="16:05000141" wd="codi"/>
                      <s.a gen="m" num="s">
                        <grup.a gen="m" num="s">
                          <a gen="m" lem="deontològic" num="s" pos="aq0ms0" postype="qualificative" wd="deontològic"/>
                        </grup.a>
                      </s.a>
                    </grup.nom>
                  </sn>
                </sp>
              </grup.nom>
            </sn>
          </S>
        </sp>
      </S>
    </S>
    <f lem="." pos="fp" punct="period" wd="."/>
  </sentence>
  <sentence>
    <sp arg="argM" func="cc" tem="adv">
      <prep>
        <s lem="davant" pos="sps00" postype="preposition" wd="Davant"/>
      </prep>
      <sn coreftype="ident" entity="entity8" entityref="nne">
        <spec gen="m" num="s">
          <d gen="m" lem="el" num="s" pos="da0ms0" postype="article" wd="el"/>
        </spec>
        <grup.nom gen="m" num="s">
          <s.a gen="m" num="s">
            <grup.a gen="m" num="s">
              <a gen="m" lem="nou" num="s" pos="aq0ms0" postype="qualificative" wd="nou"/>
            </grup.a>
          </s.a>
          <n gen="m" lem="redactat" num="s" pos="ncms000" postype="common" sense="16:cs1" wd="redactat"/>
        </grup.nom>
      </sn>
      <f lem="," pos="fc" punct="comma" wd=","/>
    </sp>
    <sn arg="arg0" entityref="ne" func="suj" ne="person" tem="agt">
      <spec gen="m" num="s">
        <d gen="m" lem="el" num="s" pos="da0ms0" postype="article" wd="el"/>
      </spec>
      <grup.nom gen="m" num="s">
        <n gen="m" lem="diputat" num="s" pos="ncms000" postype="common" sense="16:07211532" wd="diputat"/>
        <sp>
          <prep>
            <s contracted="yes" gen="m" lem="del" num="p" pos="spcmp" postype="preposition" wd="dels"/>
          </prep>
          <sn entityref="ne" ne="organization">
            <grup.nom gen="m" num="p">
              <n lem="SCC" ne="organization" pos="np0000o" postype="proper" sense="16:cs1" wd="SCC"/>
            </grup.nom>
          </sn>
        </sp>
        <sn entityref="ne" ne="person">
          <grup.nom gen="m" num="s">
            <n lem="Miquel_Iceta" ne="person" pos="np0000p" postype="proper" sense="16:cs1" wd="Miquel_Iceta"/>
          </grup.nom>
        </sn>
      </grup.nom>
    </sn>
    <grup.verb>
      <v lem="haver" mood="indicative" num="s" person="3" pos="vaip3s0" postype="auxiliary" tense="present" wd="ha"/>
      <v gen="m" lem="assenyalar" lss="A21.transitive-agentive-patient" mood="participle" num="s" pos="vmp00sm" postype="main" wd="assenyalat"/>
    </grup.verb>
    <S arg="arg1" clausetype="completive" coord="yes" func="cd" tem="pat">
      <conj conjunctiontype="subordinating">
        <c lem="que" pos="cs" postype="subordinating" wd="que"/>
      </conj>
      <S clausetype="completive">
        <sn arg="arg1" entityref="nne" func="suj" tem="tem">
          <f lem="'" pos="fz" punct="mathsign" wd="'"/>
          <spec gen="m" num="s">
            <d gen="m" lem="un" num="s" pos="di0ms0" postype="indefinite" wd="un"/>
          </spec>
          <grup.nom gen="m" num="s">
            <n gen="m" lem="bri" num="s" pos="ncms000" postype="common" sense="16:10448670" wd="bri"/>
            <sp>
              <prep>
                <s lem="de" pos="sps00" postype="preposition" wd="d'"/>
              </prep>
              <sn>
                <grup.nom gen="f" num="s">
                  <n gen="f" lem="ingenuïtat" num="s" pos="ncfs000" postype="common" sense="16:03823518" wd="ingenuïtat"/>
                </grup.nom>
              </sn>
            </sp>
          </grup.nom>
        </sn>
        <neg func="mod">
          <r lem="no" pos="rn" postype="negative" wd="no"/>
        </neg>
        <grup.verb>
          <v lem="ser" lss="C21.state-attributive" mood="indicative" num="s" person="3" pos="vsip3s0" postype="semiauxiliary" tense="present" wd="és"/>
        </grup.verb>
        <sa arg="arg2" func="atr" tem="atr">
          <grup.a>
            <a gen="m" lem="dolent" num="s" pos="aq0ms0" postype="qualificative" wd="dolent"/>
          </grup.a>
          <f lem="'" pos="fz" punct="mathsign" wd="'"/>
        </sa>
      </S>
      <conj conjunctiontype="coordinating">
        <c lem="i" pos="cc" postype="coordinating" wd="i"/>
      </conj>
      <S clausetype="completive">
        <morfema.verbal func="pass">
          <p gen="c" lem="es" num="c" pos="p0000000" wd="es"/>
        </morfema.verbal>
        <grup.verb>
          <v lem="poder" mood="indicative" num="s" person="3" pos="vmii3s0" postype="main" tense="imperfect" wd="podia"/>
          <infinitiu>
            <v lem="donar_suport" lss="B22.unaccusative-passive-transitive" mood="infinitive" pos="vmn0000" postype="main" wd="donar_suport"/>
          </infinitiu>
        </grup.verb>
        <sp arg="arg2" func="ci" tem="ben">
          <prep>
            <s lem="a" pos="sps00" postype="preposition" wd="a"/>
          </prep>
          <sn coreftype="ident" entity="entity1" entityref="nne">
            <spec gen="f" num="s">
              <d gen="f" lem="el" num="s" pos="da0fs0" postype="article" wd="la"/>
            </spec>
            <grup.nom gen="f" num="s">
              <n gen="f" lem="proposició" num="s" pos="ncfs000" postype="common" sense="16:05355937" wd="proposició"/>
              <sp>
                <neg adjunct="yes">
                  <r lem="no" pos="rn" postype="negative" wd="no"/>
                </neg>
                <sp>
                  <prep>
                    <s lem="de" pos="sps00" postype="preposition" wd="de"/>
                  </prep>
                  <sn>
                    <grup.nom gen="f" num="s">
                      <n gen="f" lem="llei" num="s" pos="ncfs000" postype="common" sense="16:04904589" wd="llei"/>
                    </grup.nom>
                  </sn>
                </sp>
              </sp>
            </grup.nom>
          </sn>
        </sp>
        <sadv arg="argM" func="cc" tem="tmp">
          <grup.adv>
            <r lem="un_cop" pos="rg" wd="un_cop"/>
          </grup.adv>
          <S clausetype="participle" impersonal="yes">
            <participi>
              <a gen="m" lem="retirat" lss="B22.unaccusative-passive-transitive" num="s" pos="aq0msp" posfunction="participle" postype="qualificative" wd="retirat"/>
            </participi>
            <sn arg="arg1" coreftype="ident" entity="entity7" func="suj" tem="pat">
              <spec gen="m" num="s">
                <d gen="m" lem="el" num="s" pos="da0ms0" postype="article" wd="el"/>
              </spec>
              <grup.nom gen="m" num="s">
                <s.a gen="m" num="s">
                  <grup.a gen="m" num="s">
                    <a gen="m" lem="primer" num="s" pos="ao0ms0" postype="ordinal" wd="primer"/>
                  </grup.a>
                </s.a>
                <n gen="m" lem="punt" num="s" pos="ncms000" postype="common" sense="16:04867079" wd="punt"/>
              </grup.nom>
            </sn>
          </S>
        </sadv>
      </S>
    </S>
    <f lem="." pos="fp" punct="period" wd="."/>
  </sentence>
  <sentence>
    <sp func="et">
      <prep>
        <s lem="en" pos="sps00" postype="preposition" wd="En"/>
      </prep>
      <sn entityref="lex">
        <spec gen="m" num="s">
          <d gen="m" lem="el" num="s" pos="da0ms0" postype="article" wd="el"/>
          <d gen="m" lem="mateix" num="s" pos="di0ms0" postype="indefinite" wd="mateix"/>
        </spec>
        <grup.nom gen="m" num="s">
          <n gen="m" lem="sentit" num="s" pos="ncms000" postype="common" sense="16:cs1" wd="sentit"/>
        </grup.nom>
      </sn>
    </sp>
    <morfema.pronominal>
      <p gen="c" lem="ell" num="c" person="3" pos="p0300000" wd="s'"/>
    </morfema.pronominal>
    <grup.verb>
      <v lem="haver" mood="indicative" num="s" person="3" pos="vaip3s0" postype="auxiliary" tense="present" wd="ha"/>
      <v gen="m" lem="manifestar" lss="A32.ditransitive-patient-benefactive" mood="participle" num="s" pos="vmp00sm" postype="main" wd="manifestat"/>
    </grup.verb>
    <sn arg="arg0" entity="entity9" entityref="ne" func="suj" ne="person" tem="agt">
      <spec gen="m" num="s">
        <d gen="m" lem="el" num="s" pos="da0ms0" postype="article" wd="el"/>
      </spec>
      <grup.nom gen="m" num="s">
        <n gen="m" lem="diputat" num="s" pos="ncms000" postype="common" sense="16:07211532" wd="diputat"/>
        <sn entityref="ne" ne="person">
          <grup.nom gen="m" num="s">
            <n lem="Joaquim_Ferrer" ne="person" pos="np0000p" postype="proper" sense="16:cs1" wd="Joaquim_Ferrer"/>
          </grup.nom>
        </sn>
        <sp>
          <f lem="," pos="fc" punct="comma" wd=","/>
          <prep>
            <s lem="de" pos="sps00" postype="preposition" wd="de"/>
          </prep>
          <sn entityref="ne" ne="organization">
            <grup.nom>
              <n lem="CiU" ne="organization" pos="np0000o" postype="proper" sense="16:cs1" wd="CiU"/>
            </grup.nom>
          </sn>
          <f lem="," pos="fc" punct="comma" wd=","/>
        </sp>
      </grup.nom>
    </sn>
    <S clausesubtype="concessive" clausetype="adverbial" func="ao">
      <conj conjunctiontype="subordinating">
        <c lem="tot_i_que" pos="cs" postype="subordinating" wd="tot_i_que"/>
      </conj>
      <sn arg="arg0" coreftype="ident" elliptic="yes" entity="entity9" entityref="spec" func="suj" tem="agt"/>
      <grup.verb>
        <v lem="haver" mood="indicative" num="s" person="3" pos="vaip3s0" postype="auxiliary" tense="present" wd="ha"/>
        <v gen="m" lem="recordar" lss="A21.transitive-agentive-patient" mood="participle" num="s" pos="vmp00sm" postype="main" wd="recordat"/>
      </grup.verb>
      <S arg="arg1" clausetype="completive" func="cd" tem="pat">
        <conj conjunctiontype="subordinating">
          <c lem="que" pos="cs" postype="subordinating" wd="que"/>
        </conj>
        <sn arg="arg0" entityref="ne" func="suj" ne="organization" tem="agt">
          <spec gen="m" num="s">
            <d gen="m" lem="el" num="s" pos="da0ms0" postype="article" wd="el"/>
          </spec>
          <grup.nom gen="m" num="s">
            <n lem="Departament_de_Governació" ne="organization" pos="np0000o" postype="proper" sense="16:cs1" wd="Departament_de_Governació"/>
          </grup.nom>
        </sn>
        <sadv arg="argM" func="cc" tem="tmp">
          <grup.adv>
            <r lem="ja" pos="rg" wd="ja"/>
          </grup.adv>
        </sadv>
        <grup.verb>
          <v lem="estar" mood="indicative" num="s" person="3" pos="vmip3s0" postype="main" tense="present" wd="està"/>
          <gerundi>
            <v lem="treballar" lss="A34.ditransitive-patient-theme" mood="gerund" pos="vmg0000" postype="main" wd="treballant"/>
          </gerundi>
        </grup.verb>
        <sp arg="arg2" func="creg" tem="tem">
          <prep>
            <s lem="en" pos="sps00" postype="preposition" wd="en"/>
          </prep>
          <sn entityref="nne">
            <spec gen="m" num="s">
              <d gen="m" lem="un" num="s" pos="di0ms0" postype="indefinite" wd="un"/>
            </spec>
            <grup.nom gen="m" num="s">
              <n gen="m" lem="codi" num="s" pos="ncms000" postype="common" sense="16:05000141" wd="codi"/>
              <s.a gen="m" num="s">
                <grup.a gen="m" num="s">
                  <a gen="m" lem="deontològic" num="s" pos="aq0ms0" postype="qualificative" wd="deontològic"/>
                </grup.a>
              </s.a>
            </grup.nom>
          </sn>
        </sp>
        <sp arg="argM" func="cc" tem="adv">
          <prep>
            <s lem="en" pos="sps00" postype="preposition" wd="en"/>
          </prep>
          <sn entityref="nne" homophoricDD="yes">
            <spec gen="f" num="s">
              <d gen="f" lem="el" num="s" pos="da0fs0" postype="article" wd="la"/>
            </spec>
            <grup.nom gen="f" num="s">
              <n gen="f" lem="línia" num="s" pos="ncfs000" postype="common" sense="16:06249735" wd="línia"/>
              <sp>
                <prep>
                  <s contracted="yes" gen="m" lem="del" num="s" pos="spcms" postype="preposition" wd="del"/>
                </prep>
                <sn coreftype="ident" entity="entity2" entityref="nne">
                  <grup.nom gen="m" num="s">
                    <S clausetype="participle" impersonal="yes">
                      <participi>
                        <a gen="m" lem="reclamat" lss="B12.unaccusative-passive-ditransitive" num="s" pos="aq0msp" posfunction="participle" postype="qualificative" wd="reclamat"/>
                      </participi>
                      <sp arg="arg0" func="cag" tem="agt">
                        <prep>
                          <s contracted="yes" gen="m" lem="pel" num="p" pos="spcmp" postype="preposition" wd="pels"/>
                        </prep>
                        <sn coreftype="ident" entity="entity6" entityref="spec" homophoricDD="yes">
                          <grup.nom gen="m" num="p">
                            <n gen="c" lem="popular" num="p" pos="nccp000" postype="common" sense="16:cs1" wd="populars"/>
                          </grup.nom>
                        </sn>
                      </sp>
                    </S>
                  </grup.nom>
                </sn>
              </sp>
            </grup.nom>
          </sn>
        </sp>
      </S>
    </S>
    <f lem="." pos="fp" punct="period" wd="."/>
  </sentence>
  <sentence>
    <sp func="et">
      <prep>
        <s lem="per" pos="sps00" postype="preposition" wd="Per"/>
      </prep>
      <sn entityref="lex">
        <spec gen="f" num="s">
          <d entityref="lex" gen="f" lem="el_seu" num="s" person="3" pos="dp3fs0" postype="possessive" wd="la_seva"/>
        </spec>
        <grup.nom gen="f" num="s">
          <n gen="f" lem="banda" num="s" pos="ncfs000" postype="common" sense="16:cs1" wd="banda"/>
        </grup.nom>
      </sn>
      <f lem="," pos="fc" punct="comma" wd=","/>
    </sp>
    <sn arg="arg0" entityref="ne" func="suj" ne="person" tem="agt">
      <spec gen="m" num="s">
        <d gen="m" lem="el" num="s" pos="da0ms0" postype="article" wd="el"/>
      </spec>
      <grup.nom gen="m" num="s">
        <n gen="m" lem="diputat" num="s" pos="ncms000" postype="common" sense="16:07211532" wd="diputat"/>
        <sp>
          <prep>
            <s lem="de" pos="sps00" postype="preposition" wd="d'"/>
          </prep>
          <sn entityref="ne" ne="organization">
            <grup.nom>
              <n lem="ERC" ne="organization" pos="np0000o" postype="proper" sense="16:50001212" wd="ERC"/>
            </grup.nom>
          </sn>
        </sp>
        <sn entityref="ne" ne="person">
          <grup.nom gen="m" num="s">
            <n lem="Joan_Ridao" ne="person" pos="np0000p" postype="proper" sense="16:cs1" wd="Joan_Ridao"/>
          </grup.nom>
        </sn>
      </grup.nom>
    </sn>
    <morfema.pronominal>
      <p gen="c" lem="ell" num="c" person="3" pos="p0300000" wd="s'"/>
    </morfema.pronominal>
    <sn arg="arg1" coreftype="ident" entity="entity1" entityref="nne" func="creg" tem="tem">
      <grup.nom>
        <p gen="c" lem="hi" num="c" person="3" pos="pp3cn000" postype="personal" wd="hi"/>
      </grup.nom>
    </sn>
    <grup.verb>
      <v lem="haver" mood="indicative" num="s" person="3" pos="vaip3s0" postype="auxiliary" tense="present" wd="ha"/>
      <v gen="m" lem="oposar" lss="A22.transitive-agentive-theme" mood="participle" num="s" pos="vmp00sm" postype="main" wd="oposat"/>
    </grup.verb>
    <sp arg="argM" func="cc" tem="cau">
      <prep>
        <s lem="en" pos="sps00" postype="preposition" wd="en"/>
      </prep>
      <S clausetype="completive" impersonal="yes">
        <infinitiu>
          <v lem="considerar" lss="A21.transitive-agentive-patient" mood="infinitive" pos="vmn0000" postype="main" wd="considerar"/>
        </infinitiu>
        <S arg="arg1" clausetype="completive" coord="yes" func="cd" tem="pat">
          <S clausetype="completive">
            <conj conjunctiontype="subordinating">
              <c lem="que" pos="cs" postype="subordinating" wd="que"/>
            </conj>
            <sn arg="arg1" coreftype="ident" entity="entity1" entityref="nne" func="suj" tem="tem">
              <spec gen="f" num="s">
                <d gen="f" lem="el" num="s" pos="da0fs0" postype="article" wd="la"/>
              </spec>
              <grup.nom gen="f" num="s">
                <n gen="f" lem="proposició" num="s" pos="ncfs000" postype="common" sense="16:05355937" wd="proposició"/>
                <sp>
                  <neg adjunct="yes">
                    <r lem="no" pos="rn" postype="negative" wd="no"/>
                  </neg>
                  <sp>
                    <prep>
                      <s lem="de" pos="sps00" postype="preposition" wd="de"/>
                    </prep>
                    <sn>
                      <grup.nom gen="f" num="s">
                        <n gen="f" lem="llei" num="s" pos="ncfs000" postype="common" sense="16:04904589" wd="llei"/>
                      </grup.nom>
                    </sn>
                  </sp>
                </sp>
                <sp>
                  <prep>
                    <s contracted="yes" gen="m" lem="del" num="s" pos="spcms" postype="preposition" wd="del"/>
                  </prep>
                  <sn coreftype="ident" entity="entity6" entityref="ne" ne="organization">
                    <grup.nom gen="m" num="s">
                      <n lem="PPC" ne="organization" pos="np0000o" postype="proper" sense="16:cs1" wd="PPC"/>
                    </grup.nom>
                  </sn>
                </sp>
              </grup.nom>
              <f lem="'" pos="fz" punct="mathsign" wd="'"/>
            </sn>
            <grup.verb>
              <v lem="ser" lss="C21.state-attributive" mood="indicative" num="s" person="3" pos="vsii3s0" postype="semiauxiliary" tense="imperfect" wd="era"/>
            </grup.verb>
            <sn arg="arg2" entity="entity12" func="atr" tem="atr">
              <spec gen="f" num="s">
                <d gen="f" lem="un" num="s" pos="di0fs0" postype="indefinite" wd="una"/>
              </spec>
              <grup.nom gen="f" num="s">
                <n gen="f" lem="arma" num="s" pos="ncfs000" postype="common" sense="16:03601056" wd="arma"/>
                <s.a gen="f" num="s">
                  <grup.a gen="f" num="s">
                    <a gen="f" lem="llancívol" num="s" pos="aq0fs0" postype="qualificative" wd="llancívola"/>
                  </grup.a>
                </s.a>
                <sp>
                  <prep>
                    <s lem="contra" pos="sps00" postype="preposition" wd="contra"/>
                  </prep>
                  <sn entity="entity10" entityref="nne" homophoricDD="yes">
                    <spec gen="m" num="p">
                      <d gen="m" lem="el" num="p" pos="da0mp0" postype="article" wd="els"/>
                    </spec>
                    <grup.nom gen="m" num="p">
                      <n gen="m" lem="partit" num="p" pos="ncmp000" postype="common" sense="16:06131180" wd="partits"/>
                      <S clausetype="relative">
                        <relatiu arg="arg0" coreftype="ident" entity="entity10" entityref="nne" func="suj" tem="agt">
                          <p gen="c" lem="que" num="c" pos="pr0cn000" postype="relative" wd="que"/>
                        </relatiu>
                        <morfema.pronominal>
                          <p gen="c" lem="ell" num="c" person="3" pos="p0300000" wd="es"/>
                        </morfema.pronominal>
                        <grup.verb>
                          <v lem="anar" mood="indicative" num="p" person="3" pos="vaip3p0" postype="auxiliary" tense="present" wd="van"/>
                          <v lem="oposar" lss="A22.transitive-agentive-theme" mood="infinitive" pos="vmn0000" postype="main" wd="oposar"/>
                        </grup.verb>
                        <sp arg="arg1" func="creg" tem="tem">
                          <prep>
                            <s lem="a" pos="sps00" postype="preposition" wd="a"/>
                          </prep>
                          <sn coreftype="ident" entity="entity11" entityref="nne" homophoricDD="yes">
                            <spec gen="f" num="s">
                              <d gen="f" lem="el" num="s" pos="da0fs0" postype="article" wd="la"/>
                            </spec>
                            <grup.nom gen="f" num="s">
                              <n gen="f" lem="desfilada" num="s" pos="ncfs000" postype="common" sense="16:06234223" wd="desfilada"/>
                              <s.a gen="f" num="s">
                                <grup.a gen="f" num="s">
                                  <a gen="c" lem="militar" num="s" pos="aq0cs0" postype="qualificative" wd="militar"/>
                                </grup.a>
                              </s.a>
                            </grup.nom>
                          </sn>
                        </sp>
                        <f lem="'" pos="fz" punct="mathsign" wd="'"/>
                      </S>
                    </grup.nom>
                  </sn>
                </sp>
              </grup.nom>
            </sn>
          </S>
          <conj conjunctiontype="coordinating">
            <c lem="i" pos="cc" postype="coordinating" wd="i"/>
          </conj>
          <S clausetype="completive">
            <conj conjunctiontype="subordinating">
              <c lem="que" pos="cs" postype="subordinating" wd="que"/>
            </conj>
            <sn arg="arg1" coreftype="ident" elliptic="yes" entity="entity12" entityref="nne" func="suj" tem="pat"/>
            <grup.verb>
              <v lem="haver" mood="indicative" num="s" person="3" pos="vaip3s0" postype="auxiliary" tense="present" wd="ha"/>
              <v gen="m" lem="ser" mood="participle" num="s" pos="vsp00sm" postype="semiauxiliary" wd="estat"/>
              <v gen="f" lem="personalitzar" lss="B22.unaccusative-passive-transitive" mood="participle" num="s" pos="vmp00sf" postype="main" wd="personalitzada"/>
            </grup.verb>
            <sp arg="arg0" func="cag" tem="agt">
              <prep>
                <s lem="en" pos="sps00" postype="preposition" wd="en"/>
              </prep>
              <sn>
                <spec gen="m" num="s">
                  <d gen="m" lem="un" num="s" pos="di0ms0" postype="indefinite" wd="un"/>
                </spec>
                <grup.nom gen="m" num="s">
                  <n gen="m" lem="funcionari" num="s" pos="ncms000" postype="common" sense="16:07440234" wd="funcionari"/>
                </grup.nom>
              </sn>
            </sp>
          </S>
        </S>
      </S>
    </sp>
    <f lem="." pos="fp" punct="period" wd="."/>
  </sentence>
  <sentence>
    <sn arg="arg0" entity="entity13" entityref="ne" func="suj" ne="person" tem="agt">
      <spec gen="m" num="s">
        <d gen="m" lem="el" num="s" pos="da0ms0" postype="article" wd="El"/>
      </spec>
      <grup.nom gen="m" num="s">
        <n gen="c" lem="cap" num="s" pos="nccs000" postype="common" sense="16:07138865" wd="cap"/>
        <sp>
          <prep>
            <s contracted="yes" gen="m" lem="del" num="s" pos="spcms" postype="preposition" wd="del"/>
          </prep>
          <sn entityref="spec">
            <grup.nom gen="m" num="s">
              <n gen="m" lem="grup" num="s" pos="ncms000" postype="common" sense="16:00017954" wd="grup"/>
              <s.a gen="m" num="s">
                <grup.a gen="m" num="s">
                  <a gen="m" lem="parlamentari" num="s" pos="aq0ms0" postype="qualificative" wd="parlamentari"/>
                </grup.a>
              </s.a>
            </grup.nom>
          </sn>
        </sp>
        <sp>
          <prep>
            <s lem="de" pos="sps00" postype="preposition" wd="d'"/>
          </prep>
          <sn entityref="ne" ne="organization">
            <grup.nom>
              <n lem="IC-V" ne="organization" pos="np0000o" postype="proper" sense="16:cs1" wd="IC-V"/>
            </grup.nom>
          </sn>
        </sp>
        <sn corefsubtype="definit" coreftype="pred" entity="entity13" entityref="ne" ne="person">
          <f lem="," pos="fc" punct="comma" wd=","/>
          <grup.nom gen="m" num="s">
            <n lem="Rafael_Ribó" ne="person" pos="np0000p" postype="proper" sense="16:cs1" wd="Rafael_Ribó"/>
          </grup.nom>
          <f lem="," pos="fc" punct="comma" wd=","/>
        </sn>
      </grup.nom>
    </sn>
    <sadv func="mod">
      <grup.adv>
        <r lem="també" pos="rg" wd="també"/>
      </grup.adv>
    </sadv>
    <morfema.pronominal>
      <p gen="c" lem="ell" num="c" person="3" pos="p0300000" wd="s'"/>
    </morfema.pronominal>
    <sn coreftype="ident" discid="1c" entity="entity1" entityref="nne">
      <grup.nom>
        <p gen="c" lem="hi" num="c" person="3" pos="pp3cn000" postype="personal" wd="hi"/>
      </grup.nom>
    </sn>
    <grup.verb>
      <v lem="haver" mood="indicative" num="s" person="3" pos="vaip3s0" postype="auxiliary" tense="present" wd="ha"/>
      <v gen="m" lem="manifestar" lss="D11.inergative-agentive" mood="participle" num="s" pos="vmp00sm" postype="main" wd="manifestat"/>
    </grup.verb>
    <sadv arg="argM" func="cc" tem="mnr">
      <grup.adv discid="1n">
        <r lem="en_contra" pos="rg" wd="en_contra"/>
      </grup.adv>
    </sadv>
    <sp arg="argM" func="cc" tem="cau">
      <prep>
        <s lem="en" pos="sps00" postype="preposition" wd="en"/>
      </prep>
      <S clausetype="completive" impersonal="yes">
        <infinitiu>
          <v lem="considerar" lss="A21.transitive-agentive-patient" mood="infinitive" pos="vmn0000" postype="main" wd="considerar"/>
        </infinitiu>
        <S arg="arg1" clausetype="completive" func="cd" tem="pat">
          <conj conjunctiontype="subordinating">
            <c lem="que" pos="cs" postype="subordinating" wd="que"/>
          </conj>
          <sn arg="arg1" coreftype="ident" elliptic="yes" entity="entity1" entityref="nne" func="suj" tem="tem"/>
          <grup.verb>
            <v lem="ser" lss="C21.state-attributive" mood="indicative" num="s" person="3" pos="vsip3s0" postype="semiauxiliary" tense="present" wd="és"/>
          </grup.verb>
          <sn arg="arg2" corefsubtype="indefinit" coreftype="pred" entity="entity1" func="atr" tem="atr">
            <spec gen="f" num="s">
              <d gen="f" lem="un" num="s" pos="di0fs0" postype="indefinite" wd="una"/>
            </spec>
            <grup.nom gen="f" num="s">
              <n gen="f" lem="qüestió" num="s" pos="ncfs000" postype="common" sense="16:04479710" wd="qüestió"/>
              <S clausetype="relative" coord="yes">
                <relatiu arg="arg0" coreftype="ident" entity="entity1" entityref="nne" func="suj" tem="cau">
                  <p gen="c" lem="que" num="c" pos="pr0cn000" postype="relative" wd="que"/>
                </relatiu>
                <S clausetype="relative">
                  <grup.verb>
                    <v lem="afectar" lss="A11.transitive-causative" mood="indicative" num="s" person="3" pos="vmip3s0" postype="main" tense="present" wd="afecta"/>
                  </grup.verb>
                  <sp arg="arg1" func="cd" tem="tem">
                    <prep>
                      <s lem="a" pos="sps00" postype="preposition" wd="a"/>
                    </prep>
                    <sn entityref="nne">
                      <spec gen="f" num="p">
                        <d gen="f" lem="tot" num="p" pos="di0fp0" postype="indefinite" wd="totes"/>
                        <d gen="f" lem="el" num="p" pos="da0fp0" postype="article" wd="les"/>
                      </spec>
                      <grup.nom gen="f" num="p">
                        <n gen="f" lem="administració" num="p" pos="ncfp000" postype="common" sense="16:06188759" wd="administracions"/>
                      </grup.nom>
                    </sn>
                  </sp>
                </S>
                <conj conjunctiontype="coordinating">
                  <c lem="i" pos="cc" postype="coordinating" wd="i"/>
                </conj>
                <S clausetype="relative" verbless="yes">
                  <neg>
                    <r lem="no" pos="rn" postype="negative" wd="no"/>
                  </neg>
                  <sadv>
                    <grup.adv>
                      <r lem="sols" pos="rg" wd="sols"/>
                    </grup.adv>
                  </sadv>
                  <sp>
                    <prep>
                      <s lem="a" pos="sps00" postype="preposition" wd="a"/>
                    </prep>
                    <sn coreftype="ident" entity="entity3" entityref="ne" ne="organization">
                      <spec gen="f" num="s">
                        <d gen="f" lem="el" num="s" pos="da0fs0" postype="article" wd="la"/>
                      </spec>
                      <grup.nom gen="f" num="s">
                        <n lem="Generalitat" ne="organization" pos="np0000o" postype="proper" sense="16:cs1" wd="Generalitat"/>
                      </grup.nom>
                    </sn>
                  </sp>
                </S>
              </S>
            </grup.nom>
          </sn>
        </S>
      </S>
    </sp>
    <f lem="." pos="fp" punct="period" wd="."/>
  </sentence>
</article>
