<?xml version="1.0" encoding="UTF-8"?>
<!-- 

  ancora-2.0
       
			Copyright (C) 2007, 2008, 2009, 2010, 2011 UB - CLiC
			Centre de Llenguatge i Computació - Universitat de Barcelona
 
  This file is part of ancora-2.0.
 
  ancora-2.0 is free software and data: you can redistribute it and/or modify
  it under the terms of the GNU General Public License as published
  by the Free Software Foundation, either version 3 of the License,
  or (at your option) any later version.

  ancora-2.0 is distributed in the hope that it will be useful,
  but WITHOUT ANY WARRANTY; without even the implied warranty of
  MERCHANTABILITY or FITNESS FOR A PARTICULAR PURPOSE.  See the
  GNU General Public License for more details.
 
  You should have received a copy of the GNU General Public License
  along with ancora-2.0.  If not, see &lt;http://www.gnu.org/licenses/&gt;.
 
  Check a text in catalan explaining the terms of the license at http://www.softcatala.cat/wiki/GPL3.
  In spanish at http://www.viti.es/gnu/licenses/gpl.html
 

  The following paper must be cited when using this corpus:

 * Taulé, M., M.A. Martí, M. Recasens (2008) 'Ancora: Multilevel Annotated Corpora for Catalan and Spanish',
   Proceedings of 6th International Conference on Language Resources and Evaluation. Marrakesh (Morocco).

  In addition, the following paper must be cited if coreference information (attributes entity, coreftype,
  corefsubtype, homophoricDD or entityref) is used:

 * Recasens, Marta, M. Antònia Martí (2010) ‘AnCora-CO: Coreferentially annotated corpora for Spanish and
   Catalan’. Language Resources and Evaluation, Springer Science.

  Additionally, the following paper must be cited when argumental attributes in "sn" or "grup.nom"
  (attributes func, arg, tem or lexicalid) are used:

 * Peris, Aina, Mariona Taulé, Horacio Rodríguez (2010) ‘Semantic Annotation of Deverbal Nominalizations in the
   Spanish AnCora corpus’. Treebanks and Linguistic Theories (TLT-2010), Estonia.
-->
<article lng="ca">
  <sentence>
    <sn arg="arg1" entity="entity3" entityref="nne" func="suj" homophoricDD="yes" tem="tem">
      <spec gen="f" num="s">
        <d gen="f" lem="el" num="s" pos="da0fs0" postype="article" wd="La"/>
      </spec>
      <grup.nom gen="f" num="s">
        <n gen="f" lem="taxa" num="s" pos="ncfs000" postype="common" sense="16:cs1" wd="taxa"/>
        <sp>
          <prep>
            <s lem="de" pos="sps00" postype="preposition" wd="d'"/>
          </prep>
          <sn>
            <grup.nom gen="m" num="s">
              <n gen="m" lem="atur" num="s" pos="ncms000" postype="common" sense="16:10063667" wd="atur"/>
            </grup.nom>
          </sn>
        </sp>
      </grup.nom>
    </sn>
    <morfema.verbal>
      <p gen="c" lem="es" num="c" pos="p0000000" wd="s'"/>
    </morfema.verbal>
    <grup.verb>
      <v lem="haver" mood="indicative" num="s" person="3" pos="vaip3s0" postype="auxiliary" tense="present" wd="ha"/>
      <v gen="m" lem="incrementar" lss="B21.unaccusative-state" mood="participle" num="s" pos="vmp00sm" postype="main" wd="incrementat"/>
    </grup.verb>
    <sp arg="arg2" func="cd" functype="quantitative" tem="ext">
      <prep>
        <s lem="de" pos="sps00" postype="preposition" wd="d'"/>
      </prep>
      <sn entityref="nne">
        <spec gen="f" num="s">
          <r lem="una_mica" pos="rg" wd="una_mica"/>
          <r lem="més" pos="rg" wd="més"/>
          <s lem="de" pos="sps00" postype="preposition" wd="d'"/>
          <d gen="f" lem="un" num="s" pos="di0fs0" postype="indefinite" wd="una"/>
        </spec>
        <grup.nom gen="f" num="s">
          <n gen="f" lem="dècima" num="s" pos="ncfs000" postype="common" sense="16:cs1" wd="dècima"/>
        </grup.nom>
      </sn>
    </sp>
    <sp arg="argM" func="cc" tem="loc">
      <prep>
        <s lem="a" pos="sps00" postype="preposition" wd="a"/>
      </prep>
      <sn entity="entity2" entityref="ne" ne="location">
        <spec gen="f" num="s">
          <d gen="f" lem="el" num="s" pos="da0fs0" postype="article" wd="la"/>
        </spec>
        <grup.nom gen="f" num="s">
          <n gen="f" lem="comarca" num="s" pos="ncfs000" postype="common" sense="16:50004760" wd="comarca"/>
          <sp>
            <prep>
              <s contracted="yes" gen="m" lem="del" num="s" pos="spcms" postype="preposition" wd="del"/>
            </prep>
            <sn entityref="ne" ne="location">
              <grup.nom gen="m" num="s">
                <n lem="Garraf" ne="location" pos="np0000l" postype="proper" sense="16:cs1" wd="Garraf"/>
              </grup.nom>
            </sn>
          </sp>
        </grup.nom>
      </sn>
    </sp>
    <sp func="ao">
      <prep>
        <s contracted="yes" gen="m" lem="respecte_del" num="s" pos="spcms" postype="preposition" wd="respecte_del"/>
      </prep>
      <sn entity="entity4" entityref="nne" homophoricDD="yes">
        <grup.nom gen="m" num="s">
          <n gen="m" lem="mes" num="s" pos="ncms000" postype="common" sense="16:10922179" wd="mes"/>
          <s.a gen="m" num="s">
            <grup.a gen="m" num="s">
              <a gen="c" lem="anterior" num="s" pos="aq0cs0" postype="qualificative" wd="anterior"/>
            </grup.a>
          </s.a>
        </grup.nom>
      </sn>
    </sp>
    <sp func="ao">
      <f lem="," pos="fc" punct="comma" wd=","/>
      <prep>
        <s lem="segons" pos="sps00" postype="preposition" wd="segons"/>
      </prep>
      <sn entityref="nne">
        <grup.nom gen="f" num="p">
          <n gen="f" lem="dada" num="p" pos="ncfp000" postype="common" sense="16:04480764" wd="dades"/>
          <S clausetype="participle" impersonal="yes">
            <participi>
              <a gen="f" lem="facilitat" lss="B12.unaccusative-passive-ditransitive" num="p" pos="aq0fpp" posfunction="participle" postype="qualificative" wd="facilitades"/>
            </participi>
            <sp arg="arg0" func="cag" tem="agt">
              <prep>
                <s contracted="yes" gen="m" lem="pel" num="s" pos="spcms" postype="preposition" wd="pel"/>
              </prep>
              <sn entityref="ne" ne="organization">
                <grup.nom gen="m" num="s">
                  <n lem="Departament_de_Treball" ne="organization" pos="np0000o" postype="proper" sense="16:cs1" wd="Departament_de_Treball"/>
                  <sp>
                    <prep>
                      <s lem="de" pos="sps00" postype="preposition" wd="de"/>
                    </prep>
                    <sn entityref="ne" ne="organization">
                      <spec gen="f" num="s">
                        <d gen="f" lem="el" num="s" pos="da0fs0" postype="article" wd="la"/>
                      </spec>
                      <grup.nom gen="f" num="s">
                        <n lem="Generalitat" ne="organization" pos="np0000o" postype="proper" sense="16:cs1" wd="Generalitat"/>
                      </grup.nom>
                    </sn>
                  </sp>
                </grup.nom>
              </sn>
            </sp>
          </S>
          <s.a gen="f" num="p">
            <grup.a gen="f" num="p">
              <a gen="c" lem="corresponent" num="p" pos="aq0cp0" postype="qualificative" wd="corresponents"/>
              <sp>
                <prep>
                  <s contracted="yes" gen="m" lem="al" num="s" pos="spcms" postype="preposition" wd="al"/>
                </prep>
                <sn entity="entity11" entityref="ne" ne="date">
                  <grup.nom gen="m" num="s">
                    <w lem="[??:??/01/??:??.??]" ne="date" wd="gener"/>
                  </grup.nom>
                </sn>
              </sp>
            </grup.a>
          </s.a>
        </grup.nom>
      </sn>
    </sp>
    <f lem="." pos="fp" punct="period" wd="."/>
  </sentence>
  <sentence>
    <sn arg="arg0" entity="entity1" entityref="nne" func="suj" homophoricDD="yes" tem="cau">
      <spec gen="f" num="p">
        <d gen="f" lem="el" num="p" pos="da0fp0" postype="article" wd="Les"/>
        <d gen="c" lem="cinquanta-nou" num="p" pos="dn0cp0" postype="numeral" wd="cinquanta-nou"/>
      </spec>
      <grup.nom gen="f" num="p">
        <n gen="f" lem="persona" num="p" pos="ncfp000" postype="common" sense="16:00004123" wd="persones"/>
        <S clausetype="relative">
          <relatiu arg="arg1" coreftype="ident" entity="entity1" entityref="nne" func="suj" tem="tem">
            <p gen="c" lem="que" num="c" pos="pr0cn000" postype="relative" wd="que"/>
          </relatiu>
          <grup.verb>
            <v lem="haver" mood="indicative" num="p" person="3" pos="vaip3p0" postype="auxiliary" tense="present" wd="han"/>
            <v gen="m" lem="entrar" lss="B22.unaccusative-passive-transitive" mood="participle" num="s" pos="vmp00sm" postype="main" wd="entrat"/>
          </grup.verb>
          <sp arg="arg2" func="cc" tem="loc">
            <prep>
              <s lem="a" pos="sps00" postype="preposition" wd="a"/>
            </prep>
            <sn entityref="nne" homophoricDD="yes">
              <spec gen="m" num="s">
                <d gen="c" lem="el" num="s" pos="da0cs0" postype="article" wd="l'"/>
              </spec>
              <grup.nom gen="m" num="s">
                <n gen="m" lem="atur" num="s" pos="ncms000" postype="common" sense="16:10063667" wd="atur"/>
              </grup.nom>
            </sn>
          </sp>
          <sp arg="argM" func="cc" tem="loc">
            <prep>
              <s contracted="yes" gen="m" lem="al" num="s" pos="spcms" postype="preposition" wd="al"/>
            </prep>
            <sn coreftype="ident" entity="entity2" entityref="ne" ne="location">
              <grup.nom gen="m" num="s">
                <n lem="Garraf" ne="location" pos="np0000l" postype="proper" sense="16:cs1" wd="Garraf"/>
              </grup.nom>
            </sn>
          </sp>
        </S>
      </grup.nom>
    </sn>
    <grup.verb>
      <v lem="haver" mood="indicative" num="p" person="3" pos="vaip3p0" postype="auxiliary" tense="present" wd="han"/>
      <v gen="m" lem="situar" lss="A11.transitive-causative" mood="participle" num="s" pos="vmp00sm" postype="main" wd="situat"/>
    </grup.verb>
    <sn arg="arg1" coreftype="ident" entity="entity3" entityref="nne" func="cd" homophoricDD="yes" tem="tem">
      <spec gen="f" num="s">
        <d gen="f" lem="el" num="s" pos="da0fs0" postype="article" wd="la"/>
      </spec>
      <grup.nom gen="f" num="s">
        <n gen="f" lem="taxa" num="s" pos="ncfs000" postype="common" sense="16:cs1" wd="taxa"/>
        <s.a gen="f" num="s">
          <grup.a gen="f" num="s">
            <a gen="c" lem="actual" num="s" pos="aq0cs0" postype="qualificative" wd="actual"/>
          </grup.a>
        </s.a>
      </grup.nom>
    </sn>
    <sp arg="arg2" func="creg" tem="ext">
      <prep>
        <s lem="en" pos="sps00" postype="preposition" wd="en"/>
      </prep>
      <sn entity="entity5" entityref="ne" ne="number">
        <spec gen="m" num="s">
          <d gen="m" lem="un" num="s" pos="di0ms0" postype="indefinite" wd="un"/>
        </spec>
        <grup.nom gen="m" num="s">
          <z lem="7.02/100" ne="number" pos="zp" postype="percentage" wd="7'02%"/>
          <sn entityref="ne" ne="number">
            <f lem="," pos="fc" punct="comma" wd=","/>
            <spec gen="f" num="p">
              <z lem="1.4" ne="number" wd="1'4"/>
            </spec>
            <grup.nom gen="f" num="p">
              <n gen="f" lem="dècima" num="p" pos="ncfp000" postype="common" sense="16:cs1" wd="dècimes"/>
              <sadv>
                <grup.adv>
                  <r lem="per_sobre" pos="rg" wd="per_sobre"/>
                  <sp>
                    <prep>
                      <s contracted="yes" gen="m" lem="del" num="s" pos="spcms" postype="preposition" wd="del"/>
                    </prep>
                    <sn entityref="ne" ne="number">
                      <grup.nom gen="m" num="s">
                        <z lem="6.88" ne="number" wd="6'88"/>
                        <S clausetype="participle" impersonal="yes">
                          <participi>
                            <a gen="m" lem="registrat" lss="B12.unaccusative-passive-ditransitive" num="s" pos="aq0msp" posfunction="participle" postype="qualificative" wd="registrat"/>
                          </participi>
                          <sp arg="argM" func="cc" tem="tmp">
                            <prep>
                              <s lem="durant" pos="sps00" postype="preposition" wd="durant"/>
                            </prep>
                            <sn coreftype="ident" entity="entity4" entityref="ne" ne="date">
                              <spec gen="m" num="s">
                                <d gen="m" lem="el" num="s" pos="da0ms0" postype="article" wd="el"/>
                              </spec>
                              <grup.nom gen="m" num="s">
                                <w lem="[??:??/12/??:??.??]" ne="date" wd="mes_de_desembre"/>
                              </grup.nom>
                            </sn>
                          </sp>
                        </S>
                      </grup.nom>
                    </sn>
                  </sp>
                </grup.adv>
              </sadv>
            </grup.nom>
          </sn>
        </grup.nom>
      </sn>
    </sp>
    <f lem="." pos="fp" punct="period" wd="."/>
  </sentence>
  <sentence>
    <sn arg="arg0" coreftype="ident" entity="entity5" func="suj" tem="cau">
      <spec gen="f" num="s">
        <d gen="f" lem="aquest" num="s" pos="dd0fs0" postype="demonstrative" wd="Aquesta"/>
      </spec>
      <grup.nom gen="f" num="s">
        <n gen="f" lem="dada" num="s" pos="ncfs000" postype="common" sense="16:04480764" wd="dada"/>
      </grup.nom>
    </sn>
    <grup.verb>
      <v lem="situar" lss="A11.transitive-causative" mood="indicative" num="s" person="3" pos="vmip3s0" postype="main" tense="present" wd="situa"/>
    </grup.verb>
    <sn arg="arg1" coreftype="ident" entity="entity2" entityref="spec" func="cd" tem="tem">
      <spec gen="f" num="s">
        <d gen="f" lem="el" num="s" pos="da0fs0" postype="article" wd="la"/>
      </spec>
      <grup.nom gen="f" num="s">
        <n gen="f" lem="comarca" num="s" pos="ncfs000" postype="common" sense="16:50004760" wd="comarca"/>
      </grup.nom>
    </sn>
    <sadv arg="arg2" func="creg" tem="ext">
      <grup.adv>
        <r lem="per_sobre" pos="rg" wd="per_sobre"/>
        <sp>
          <prep>
            <s lem="de" pos="sps00" postype="preposition" wd="de"/>
          </prep>
          <sn entity="entity6" entityref="nne" homophoricDD="yes">
            <spec gen="f" num="s">
              <d gen="f" lem="el" num="s" pos="da0fs0" postype="article" wd="la"/>
            </spec>
            <grup.nom gen="f" num="s">
              <n gen="f" lem="mitjana" num="s" pos="ncfs000" postype="common" sense="16:04610564" wd="mitjana"/>
              <sp>
                <prep>
                  <s lem="de" pos="sps00" postype="preposition" wd="de"/>
                </prep>
                <sn entityref="nne">
                  <spec gen="f" num="s">
                    <d gen="f" lem="el" num="s" pos="da0fs0" postype="article" wd="la"/>
                  </spec>
                  <grup.nom gen="f" num="s">
                    <n gen="f" lem="demarcació" num="s" pos="ncfs000" postype="common" sense="16:06336706" wd="demarcació"/>
                  </grup.nom>
                </sn>
              </sp>
              <S clausetype="relative">
                <relatiu arg="arg1" coreftype="ident" entity="entity6" entityref="nne" func="suj" tem="tem">
                  <p gen="c" lem="que" num="c" pos="pr0cn000" postype="relative" wd="que"/>
                </relatiu>
                <grup.verb>
                  <v lem="ser" lss="C21.state-attributive" mood="indicative" num="s" person="3" pos="vsip3s0" postype="semiauxiliary" tense="present" wd="és"/>
                </grup.verb>
                <sp arg="arg2" func="atr" tem="atr">
                  <prep>
                    <s contracted="yes" gen="m" lem="del" num="s" pos="spcms" postype="preposition" wd="del"/>
                  </prep>
                  <sn entityref="ne" ne="number">
                    <grup.nom gen="m" num="s">
                      <z lem="6.94/100" ne="number" pos="zp" postype="percentage" wd="6'94%"/>
                    </grup.nom>
                  </sn>
                </sp>
              </S>
            </grup.nom>
          </sn>
        </sp>
      </grup.adv>
    </sadv>
    <S arg="argM" clausetype="adverbial" func="cc" tem="cau">
      <conj conjunctiontype="subordinating">
        <c lem="ja_que" pos="cs" postype="subordinating" wd="ja_que"/>
      </conj>
      <sn arg="arg1" coreftype="ident" elliptic="yes" entity="entity6" entityref="nne" func="suj" tem="tem"/>
      <grup.verb>
        <v lem="haver" mood="indicative" num="s" person="3" pos="vaip3s0" postype="auxiliary" tense="present" wd="ha"/>
        <v gen="m" lem="pujar" lss="B21.unaccusative-state" mood="participle" num="s" pos="vmp00sm" postype="main" wd="pujat"/>
      </grup.verb>
      <sn arg="arg2" entityref="ne" func="cd" functype="quantitative" ne="number" tem="ext">
        <spec gen="m" num="s">
          <d gen="m" lem="un" num="s" pos="di0ms0" postype="indefinite" wd="un"/>
        </spec>
        <grup.nom gen="m" num="s">
          <z lem="1.82/100" ne="number" pos="zp" postype="percentage" wd="1'82%"/>
        </grup.nom>
      </sn>
    </S>
    <f lem="." pos="fp" punct="period" wd="."/>
  </sentence>
  <sentence>
    <sadv arg="argM" func="cc" tem="tmp">
      <grup.adv>
        <r lem="actualment" pos="rg" wd="Actualment"/>
      </grup.adv>
    </sadv>
    <sp arg="argM" func="cc" tem="loc">
      <prep>
        <s lem="a" pos="sps00" postype="preposition" wd="a"/>
      </prep>
      <sn coreftype="ident" entity="entity2" entityref="spec">
        <spec gen="f" num="s">
          <d gen="f" lem="el" num="s" pos="da0fs0" postype="article" wd="la"/>
        </spec>
        <grup.nom gen="f" num="s">
          <n gen="f" lem="comarca" num="s" pos="ncfs000" postype="common" sense="16:50004760" wd="comarca"/>
        </grup.nom>
      </sn>
    </sp>
    <morfema.pronominal>
      <p gen="c" lem="hi" num="c" person="3" pos="pp3cn000" postype="personal" wd="hi"/>
    </morfema.pronominal>
    <grup.verb>
      <v lem="haver" lss="C11.state-existential" mood="indicative" num="s" person="3" pos="vmip3s0" postype="main" tense="present" wd="ha"/>
    </grup.verb>
    <sn arg="arg1" entityref="nne" func="cd" functype="quantitative" tem="tem">
      <spec gen="m" num="p">
        <z lem="2861" ne="number" wd="2.861"/>
      </spec>
      <grup.nom gen="m" num="p">
        <n gen="m" lem="aturat" num="p" pos="ncmp000" postype="common" sense="16:07655955" wd="aturats"/>
        <sp>
          <prep>
            <s lem="de" pos="sps00" postype="preposition" wd="d'"/>
          </prep>
          <sn entity="entity7" entityref="nne">
            <spec gen="f" num="s">
              <d gen="f" lem="un" num="s" pos="di0fs0" postype="indefinite" wd="una"/>
            </spec>
            <grup.nom gen="f" num="s">
              <n gen="f" lem="població" num="s" pos="ncfs000" postype="common" sense="16:06079663" wd="població"/>
              <s.a gen="f" num="s">
                <grup.a gen="f" num="s">
                  <a gen="f" lem="actiu" num="s" pos="aq0fs0" postype="qualificative" wd="activa"/>
                </grup.a>
              </s.a>
              <S clausetype="relative">
                <relatiu arg="arg0" coreftype="ident" entity="entity7" entityref="nne" func="suj" tem="agt">
                  <p gen="c" lem="que" num="c" pos="pr0cn000" postype="relative" wd="que"/>
                </relatiu>
                <grup.verb>
                  <v lem="superar" lss="A21.transitive-agentive-patient" mood="indicative" num="s" person="3" pos="vmip3s0" postype="main" tense="present" wd="supera"/>
                </grup.verb>
                <sn arg="arg1" entityref="nne" func="cd" homophoricDD="yes" tem="pat">
                  <spec gen="f" num="p">
                    <d gen="f" lem="el" num="p" pos="da0fp0" postype="article" wd="les"/>
                    <z lem="40700" ne="number" wd="40.700"/>
                  </spec>
                  <grup.nom gen="f" num="p">
                    <n gen="f" lem="persona" num="p" pos="ncfp000" postype="common" sense="16:00004123" wd="persones"/>
                  </grup.nom>
                </sn>
              </S>
            </grup.nom>
          </sn>
        </sp>
      </grup.nom>
    </sn>
    <f lem="." pos="fp" punct="period" wd="."/>
  </sentence>
  <sentence verbless="yes">
    <sn entity="entity8" entityref="nne" homophoricDD="yes">
      <spec gen="m" num="p">
        <d gen="m" lem="el" num="p" pos="da0mp0" postype="article" wd="Els"/>
      </spec>
      <grup.nom gen="m" num="p">
        <n gen="m" lem="municipi" num="p" pos="ncmp000" postype="common" sense="16:06355858" wd="municipis"/>
        <sp>
          <prep>
            <s contracted="yes" gen="m" lem="del" num="s" pos="spcms" postype="preposition" wd="del"/>
          </prep>
          <sn coreftype="ident" entity="entity2" entityref="ne" ne="location">
            <grup.nom gen="m" num="s">
              <n lem="Garraf" ne="location" pos="np0000l" postype="proper" sense="16:cs1" wd="Garraf"/>
              <S clausetype="relative">
                <relatiu arg="arg1" coreftype="ident" entity="entity8" entityref="nne" func="suj" tem="tem">
                  <p gen="c" lem="que" num="c" pos="pr0cn000" postype="relative" wd="que"/>
                </relatiu>
                <grup.verb>
                  <v lem="tenir" lss="C21.state-attributive" mood="indicative" num="p" person="3" pos="vmip3p0" postype="main" tense="present" wd="tenen"/>
                </grup.verb>
                <sn arg="arg2" entityref="nne" func="cd" functype="quantitative" tem="atr">
                  <spec gen="f" num="s">
                    <d gen="f" lem="un" num="s" pos="di0fs0" postype="indefinite" wd="una"/>
                  </spec>
                  <grup.nom gen="f" num="s">
                    <n gen="f" lem="taxa" num="s" pos="ncfs000" postype="common" sense="16:cs1" wd="taxa"/>
                    <sp>
                      <prep>
                        <s lem="de" pos="sps00" postype="preposition" wd="d'"/>
                      </prep>
                      <sn>
                        <grup.nom gen="m" num="s">
                          <n gen="m" lem="atur" num="s" pos="ncms000" postype="common" sense="16:10063667" wd="atur"/>
                        </grup.nom>
                      </sn>
                    </sp>
                    <S clausetype="participle" impersonal="yes">
                      <sadv>
                        <grup.adv>
                          <r lem="més" pos="rg" wd="més"/>
                        </grup.adv>
                      </sadv>
                      <participi>
                        <a gen="f" lem="elevat" num="s" pos="aq0fsp" posfunction="participle" postype="qualificative" wd="elevada"/>
                      </participi>
                    </S>
                  </grup.nom>
                </sn>
              </S>
            </grup.nom>
          </sn>
        </sp>
      </grup.nom>
    </sn>
    <sn complex="yes" corefsubtype="definit" coreftype="pred" entity="entity8">
      <grup.nom coord="yes">
        <grup.nom coord="yes">
          <grup.nom>
            <n lem="Canyelles" ne="location" pos="np0000l" postype="proper" sense="16:cs1" wd="Canyelles"/>
          </grup.nom>
          <conj conjunctiontype="coordinating">
            <c lem="i" pos="cc" postype="coordinating" wd="i"/>
          </conj>
          <grup.nom>
            <n lem="Cubelles" ne="location" pos="np0000l" postype="proper" sense="16:cs1" wd="Cubelles"/>
          </grup.nom>
        </grup.nom>
        <S adjunct="yes" clausetype="relative">
          <relatiu arg="arg0" coreftype="ident" entity="entity8" entityref="spec" func="suj" tem="agt">
            <p gen="c" lem="que" num="c" pos="pr0cn000" postype="relative" wd="que"/>
          </relatiu>
          <grup.verb>
            <v lem="superar" lss="A21.transitive-agentive-patient" mood="indicative" num="p" person="3" pos="vmip3p0" postype="main" tense="present" wd="superen"/>
          </grup.verb>
          <sn arg="arg1" coord="yes" func="cd" tem="pat">
            <sn coord="yes">
              <sn entityref="ne" ne="number">
                <spec gen="m" num="s">
                  <d gen="m" lem="el" num="s" pos="da0ms0" postype="article" wd="el"/>
                </spec>
                <grup.nom gen="m" num="s">
                  <z lem="9/100" ne="number" pos="zp" postype="percentage" wd="9%"/>
                </grup.nom>
              </sn>
              <conj conjunctiontype="coordinating">
                <c lem="i" pos="cc" postype="coordinating" wd="i"/>
              </conj>
              <sn entityref="ne" ne="number">
                <spec gen="m" num="s">
                  <d gen="m" lem="el" num="s" pos="da0ms0" postype="article" wd="el"/>
                </spec>
                <grup.nom gen="m" num="s">
                  <z lem="8/100" ne="number" pos="zp" postype="percentage" wd="8%"/>
                </grup.nom>
              </sn>
            </sn>
            <sadv adjunct="yes">
              <grup.adv>
                <r lem="respectivament" pos="rg" wd="respectivament"/>
              </grup.adv>
            </sadv>
          </sn>
        </S>
      </grup.nom>
    </sn>
    <f lem="." pos="fp" punct="period" wd="."/>
  </sentence>
  <sentence>
    <sn arg="arg1" coreftype="ident" entity="entity8" entityref="spec" func="suj" tem="tem">
      <spec gen="f" num="p">
        <d gen="f" lem="aquest" num="p" pos="dd0fp0" postype="demonstrative" wd="Aquestes"/>
      </spec>
      <grup.nom gen="f" num="p">
        <n gen="f" lem="població" num="p" pos="ncfp000" postype="common" sense="16:06382213" wd="poblacions"/>
      </grup.nom>
    </sn>
    <morfema.pronominal>
      <p gen="c" lem="ell" num="c" person="3" pos="p0300000" wd="se"/>
    </morfema.pronominal>
    <grup.verb>
      <v lem="situar" lss="B21.unaccusative-state" mood="indicative" num="p" person="3" pos="vmip3p0" postype="main" tense="present" wd="situen"/>
    </grup.verb>
    <sp arg="arg2" func="creg" tem="ext">
      <prep>
        <s lem="entre" pos="sps00" postype="preposition" wd="entre"/>
      </prep>
      <sn>
        <spec coord="yes" gen="m" num="p">
          <spec gen="m" num="p">
            <z lem="1.5" ne="number" wd="1'5"/>
          </spec>
          <conj conjunctiontype="coordinating">
            <c lem="i" pos="cc" postype="coordinating" wd="i"/>
          </conj>
          <spec gen="m" num="p">
            <z lem="2" ne="number" wd="2"/>
          </spec>
        </spec>
        <grup.nom gen="m" num="p">
          <n gen="m" lem="punt" num="p" pos="ncmp000" postype="common" sense="16:cs1" wd="punts"/>
          <sadv>
            <grup.adv>
              <r lem="per_sobre" pos="rg" wd="per_sobre"/>
              <sp>
                <prep>
                  <s lem="de" pos="sps00" postype="preposition" wd="de"/>
                </prep>
                <sn coreftype="ident" entity="entity3" entityref="nne" homophoricDD="yes">
                  <spec gen="f" num="s">
                    <d gen="f" lem="el" num="s" pos="da0fs0" postype="article" wd="la"/>
                  </spec>
                  <grup.nom gen="f" num="s">
                    <n gen="f" lem="mitjana" num="s" pos="ncfs000" postype="common" sense="16:04610564" wd="mitjana"/>
                    <s.a gen="f" num="s">
                      <grup.a gen="f" num="s">
                        <a gen="c" lem="comarcal" num="s" pos="aq0cs0" postype="qualificative" wd="comarcal"/>
                      </grup.a>
                    </s.a>
                  </grup.nom>
                </sn>
              </sp>
            </grup.adv>
          </sadv>
        </grup.nom>
      </sn>
    </sp>
    <f lem="." pos="fp" punct="period" wd="."/>
  </sentence>
  <sentence>
    <sp arg="argM" func="cc" tem="adv">
      <prep>
        <s lem="entre" pos="sps00" postype="preposition" wd="Entre"/>
      </prep>
      <sn entityref="nne" homophoricDD="yes">
        <spec gen="m" num="p">
          <d gen="m" lem="el" num="p" pos="da0mp0" postype="article" wd="els"/>
        </spec>
        <grup.nom gen="m" num="p">
          <n gen="m" lem="municipi" num="p" pos="ncmp000" postype="common" sense="16:06355858" wd="municipis"/>
          <sp>
            <prep>
              <s lem="amb" pos="sps00" postype="preposition" wd="amb"/>
            </prep>
            <sn>
              <spec gen="f" num="s">
                <d gen="f" lem="un" num="s" pos="di0fs0" postype="indefinite" wd="una"/>
              </spec>
              <grup.nom gen="f" num="s">
                <n gen="f" lem="ocupació" num="s" pos="ncfs000" postype="common" sense="16:10063469" wd="ocupació"/>
                <s.a gen="f" num="s">
                  <spec>
                    <r lem="més" pos="rg" wd="més"/>
                  </spec>
                  <grup.a gen="f" num="s">
                    <a gen="f" lem="alt" num="s" pos="aq0fs0" postype="qualificative" wd="alta"/>
                  </grup.a>
                </s.a>
              </grup.nom>
            </sn>
          </sp>
        </grup.nom>
      </sn>
    </sp>
    <morfema.pronominal>
      <p gen="c" lem="hi" num="c" person="3" pos="pp3cn000" postype="personal" wd="hi"/>
    </morfema.pronominal>
    <grup.verb>
      <v lem="haver" lss="C11.state-existential" mood="indicative" num="s" person="3" pos="vmip3s0" postype="main" tense="present" wd="ha"/>
    </grup.verb>
    <sn arg="arg1" entityref="ne" func="cd" functype="quantitative" ne="location" tem="tem">
      <grup.nom>
        <n lem="Olivella" ne="location" pos="np0000l" postype="proper" sense="16:cs1" wd="Olivella"/>
      </grup.nom>
    </sn>
    <sp arg="argM" func="cc" tem="adv">
      <prep>
        <s lem="amb" pos="sps00" postype="preposition" wd="amb"/>
      </prep>
      <sn entityref="nne">
        <spec gen="f" num="s">
          <d gen="f" lem="un" num="s" pos="di0fs0" postype="indefinite" wd="una"/>
        </spec>
        <grup.nom gen="f" num="s">
          <n gen="f" lem="taxa" num="s" pos="ncfs000" postype="common" sense="16:cs1" wd="taxa"/>
          <sp>
            <prep>
              <s lem="de" pos="sps00" postype="preposition" wd="d'"/>
            </prep>
            <sn>
              <grup.nom gen="m" num="s">
                <n gen="m" lem="atur" num="s" pos="ncms000" postype="common" sense="16:10063667" wd="atur"/>
              </grup.nom>
            </sn>
          </sp>
          <sadv>
            <grup.adv>
              <r lem="per_sota" pos="rg" wd="per_sota"/>
              <sp>
                <prep>
                  <s contracted="yes" gen="m" lem="del" num="s" pos="spcms" postype="preposition" wd="del"/>
                </prep>
                <sn entityref="ne" ne="number">
                  <grup.nom gen="m" num="s">
                    <z lem="5.5/100" ne="number" pos="zp" postype="percentage" wd="5'5%"/>
                  </grup.nom>
                </sn>
              </sp>
            </grup.adv>
          </sadv>
        </grup.nom>
      </sn>
    </sp>
    <f lem="." pos="fp" punct="period" wd="."/>
  </sentence>
  <sentence>
    <sn arg="arg1" entityref="ne" func="suj" ne="location" tem="tem">
      <grup.nom>
        <n lem="Catalunya" ne="location" pos="np0000l" postype="proper" wd="Catalunya"/>
      </grup.nom>
    </sn>
    <grup.verb>
      <v lem="seguir" mood="indicative" num="s" person="3" pos="vmip3s0" postype="main" tense="present" wd="segueix"/>
      <gerundi>
        <v lem="ser" lss="C21.state-attributive" mood="gerund" pos="vsg0000" postype="semiauxiliary" wd="sent"/>
      </gerundi>
    </grup.verb>
    <sn arg="arg1" entity="entity10" entityref="nne" func="cd" functype="quantitative" homophoricDD="yes" tem="pat">
      <spec gen="m" num="s">
        <d gen="m" lem="el" num="s" pos="da0ms0" postype="article" wd="el"/>
      </spec>
      <grup.nom gen="m" num="s">
        <n gen="m" lem="territori" num="s" pos="ncms000" postype="common" sense="16:06307482" wd="territori"/>
        <sp>
          <prep>
            <s lem="amb" pos="sps00" postype="preposition" wd="amb"/>
          </prep>
          <sn entity="entity12" entityref="nne">
            <spec gen="f" num="s">
              <d gen="f" lem="el" num="s" pos="da0fs0" postype="article" wd="la"/>
            </spec>
            <grup.nom gen="f" num="s">
              <n gen="f" lem="taxa" num="s" pos="ncfs000" postype="common" sense="16:cs1" wd="taxa"/>
              <s.a gen="f" num="s">
                <spec>
                  <r lem="més" pos="rg" wd="més"/>
                </spec>
                <grup.a gen="f" num="s">
                  <a gen="f" lem="baix" num="s" pos="aq0fs0" postype="qualificative" wd="baixa"/>
                </grup.a>
              </s.a>
              <sp>
                <prep>
                  <s lem="de" pos="sps00" postype="preposition" wd="d'"/>
                </prep>
                <sn>
                  <grup.nom gen="m" num="s">
                    <n gen="m" lem="atur" num="s" pos="ncms000" postype="common" sense="16:10063667" wd="atur"/>
                    <S clausetype="participle" impersonal="yes">
                      <participi>
                        <a gen="m" lem="registrat" lss="B22.unaccusative-passive-transitive" num="s" pos="aq0msp" posfunction="participle" postype="qualificative" wd="registrat"/>
                      </participi>
                      <sp arg="arg2" func="cc" tem="loc">
                        <prep>
                          <s lem="a" pos="sps00" postype="preposition" wd="a"/>
                        </prep>
                        <sn entityref="ne" ne="organization">
                          <spec gen="m" num="s">
                            <d gen="c" lem="el" num="s" pos="da0cs0" postype="article" wd="l'"/>
                          </spec>
                          <grup.nom gen="m" num="s">
                            <n lem="Estat" ne="organization" pos="np0000o" postype="proper" sense="16:cs1" wd="Estat"/>
                            <s.a gen="m" num="s">
                              <grup.a gen="m" num="s">
                                <a gen="m" lem="espanyol" num="s" pos="aq0ms0" postype="qualificative" wd="espanyol"/>
                              </grup.a>
                            </s.a>
                          </grup.nom>
                        </sn>
                      </sp>
                    </S>
                  </grup.nom>
                </sn>
              </sp>
              <sp>
                <prep>
                  <s lem="amb" pos="sps00" postype="preposition" wd="amb"/>
                </prep>
                <sn entityref="ne" ne="number">
                  <spec gen="m" num="s">
                    <d gen="m" lem="un" num="s" pos="di0ms0" postype="indefinite" wd="un"/>
                  </spec>
                  <grup.nom gen="m" num="s">
                    <z lem="6.6/100" ne="number" pos="zp" postype="percentage" wd="6,6%"/>
                    <sp>
                      <prep>
                        <s lem="de" pos="sps00" postype="preposition" wd="de"/>
                      </prep>
                      <sn entityref="nne" homophoricDD="yes">
                        <spec gen="f" num="s">
                          <d gen="f" lem="el" num="s" pos="da0fs0" postype="article" wd="la"/>
                        </spec>
                        <grup.nom gen="f" num="s">
                          <n gen="f" lem="població" num="s" pos="ncfs000" postype="common" sense="16:06079663" wd="població"/>
                          <s.a gen="f" num="s">
                            <grup.a gen="f" num="s">
                              <a gen="f" lem="actiu" num="s" pos="aq0fs0" postype="qualificative" wd="activa"/>
                            </grup.a>
                          </s.a>
                        </grup.nom>
                      </sn>
                    </sp>
                  </grup.nom>
                </sn>
              </sp>
            </grup.nom>
          </sn>
        </sp>
      </grup.nom>
    </sn>
    <f lem="." pos="fp" punct="period" wd="."/>
  </sentence>
  <sentence>
    <sp func="et">
      <prep>
        <s lem="no_obstant" pos="sps00" postype="preposition" wd="No_obstant"/>
      </prep>
      <sn coreftype="ident" entity="entity10" entityref="nne">
        <grup.nom gen="m" num="s">
          <p gen="c" lem="això" num="s" pos="pd0ns000" postype="demonstrative" wd="això"/>
        </grup.nom>
      </sn>
      <f lem="," pos="fc" punct="comma" wd=","/>
    </sp>
    <sp arg="argM" func="cc" tem="tmp">
      <prep>
        <s contracted="yes" gen="m" lem="al" num="s" pos="spcms" postype="preposition" wd="al"/>
      </prep>
      <sn coreftype="ident" entity="entity11" entityref="ne" ne="date">
        <grup.nom gen="m" num="s">
          <w lem="[??:??/01/??:??.??]" ne="date" wd="gener"/>
        </grup.nom>
      </sn>
    </sp>
    <sn arg="arg1" entityref="nne" func="suj" homophoricDD="yes" tem="tem">
      <spec gen="m" num="s">
        <d gen="m" lem="el" num="s" pos="da0ms0" postype="article" wd="el"/>
      </spec>
      <grup.nom gen="m" num="s">
        <n gen="m" lem="nombre" num="s" pos="ncms000" postype="common" sense="16:03990394" wd="nombre"/>
        <sp>
          <prep>
            <s lem="de" pos="sps00" postype="preposition" wd="de"/>
          </prep>
          <sn>
            <grup.nom gen="m" num="p">
              <n gen="m" lem="desocupat" num="p" pos="ncmp000" postype="common" sense="16:07655955" wd="desocupats"/>
            </grup.nom>
          </sn>
        </sp>
      </grup.nom>
    </sn>
    <grup.verb>
      <v lem="anar" mood="indicative" num="s" person="3" pos="vaip3s0" postype="auxiliary" tense="present" wd="va"/>
      <v lem="incrementar" lss="B21.unaccusative-state" mood="infinitive" pos="vmn0000" postype="main" wd="incrementar"/>
    </grup.verb>
    <morfema.pronominal>
      <p gen="c" lem="ell" num="c" person="3" pos="p0300000" wd="-se"/>
    </morfema.pronominal>
    <sp arg="arg2" func="cd" functype="quantitative" tem="ext">
      <prep>
        <s lem="en" pos="sps00" postype="preposition" wd="en"/>
      </prep>
      <sn entityref="nne">
        <spec gen="f" num="p">
          <z lem="3482" ne="number" wd="3.482"/>
        </spec>
        <grup.nom gen="f" num="p">
          <n gen="f" lem="persona" num="p" pos="ncfp000" postype="common" sense="16:00004123" wd="persones"/>
        </grup.nom>
      </sn>
    </sp>
    <S clausesubtype="concessive" clausetype="adverbial" func="ao">
      <f lem="," pos="fc" punct="comma" wd=","/>
      <conj conjunctiontype="subordinating">
        <c lem="de_manera_que" pos="cs" postype="subordinating" wd="de_manera_que"/>
      </conj>
      <sn arg="arg1" entityref="nne" func="suj" homophoricDD="yes" tem="tem">
        <spec gen="f" num="s">
          <d gen="f" lem="el" num="s" pos="da0fs0" postype="article" wd="la"/>
        </spec>
        <grup.nom gen="f" num="s">
          <n gen="f" lem="xifra" num="s" pos="ncfs000" postype="common" sense="16:05097671" wd="xifra"/>
          <s.a gen="f" num="s">
            <grup.a gen="f" num="s">
              <a gen="c" lem="total" num="s" pos="aq0cs0" postype="qualificative" wd="total"/>
            </grup.a>
          </s.a>
        </grup.nom>
      </sn>
      <grup.verb>
        <v lem="anar" mood="indicative" num="s" person="3" pos="vaip3s0" postype="auxiliary" tense="present" wd="va"/>
        <v lem="arribar" lss="B22.unaccusative-passive-transitive" mood="infinitive" pos="vmn0000" postype="main" wd="arribar"/>
      </grup.verb>
      <sp arg="arg2" func="creg" tem="loc">
        <prep>
          <s lem="a" pos="sps00" postype="preposition" wd="a"/>
        </prep>
        <sn entityref="nne" homophoricDD="yes">
          <spec gen="f" num="p">
            <d gen="f" lem="el" num="p" pos="da0fp0" postype="article" wd="les"/>
            <z lem="177656" ne="number" wd="177.656"/>
          </spec>
          <grup.nom gen="f" num="p">
            <n gen="f" lem="persona" num="p" pos="ncfp000" postype="common" sense="16:00004123" wd="persones"/>
          </grup.nom>
        </sn>
      </sp>
    </S>
    <f lem="." pos="fp" punct="period" wd="."/>
  </sentence>
  <sentence>
    <sp arg="argM" func="cc" tem="adv">
      <prep>
        <s lem="per" pos="sps00" postype="preposition" wd="Per"/>
      </prep>
      <sn>
        <grup.nom gen="f" num="p">
          <n gen="f" lem="demarcació" num="p" pos="ncfp000" postype="common" sense="16:06336706" wd="demarcacions"/>
        </grup.nom>
      </sn>
      <f lem="," pos="fc" punct="comma" wd=","/>
    </sp>
    <sp arg="argM" func="cc" tem="loc">
      <prep>
        <s lem="a" pos="sps00" postype="preposition" wd="a"/>
      </prep>
      <sn entity="entity13" entityref="ne" ne="location">
        <grup.nom>
          <n lem="Barcelona" ne="location" pos="np0000l" postype="proper" wd="Barcelona"/>
        </grup.nom>
      </sn>
    </sp>
    <sn arg="arg1" entityref="nne" func="suj" homophoricDD="yes" tem="tem">
      <spec gen="m" num="s">
        <d gen="c" lem="el" num="s" pos="da0cs0" postype="article" wd="l'"/>
      </spec>
      <grup.nom gen="m" num="s">
        <n gen="m" lem="atur" num="s" pos="ncms000" postype="common" sense="16:10063667" wd="atur"/>
      </grup.nom>
    </sn>
    <grup.verb>
      <v lem="anar" mood="indicative" num="s" person="3" pos="vaip3s0" postype="auxiliary" tense="present" wd="va"/>
      <v lem="pujar" lss="B21.unaccusative-state" mood="infinitive" pos="vmn0000" postype="main" wd="pujar"/>
    </grup.verb>
    <sp arg="arg2" func="cd" functype="quantitative" tem="ext">
      <prep>
        <s lem="en" pos="sps00" postype="preposition" wd="en"/>
      </prep>
      <sn entityref="nne">
        <spec gen="f" num="p">
          <z lem="2494" ne="number" wd="2.494"/>
        </spec>
        <grup.nom gen="f" num="p">
          <n gen="f" lem="persona" num="p" pos="ncfp000" postype="common" sense="16:00004123" wd="persones"/>
          <sn entityref="ne" ne="number">
            <f lem="," pos="fc" punct="comma" wd=","/>
            <spec gen="m" num="s">
              <d gen="m" lem="un" num="s" pos="di0ms0" postype="indefinite" wd="un"/>
            </spec>
            <grup.nom gen="m" num="s">
              <grup.nom gen="m" num="s">
                <z lem="1.82/100" ne="number" pos="zp" postype="percentage" wd="1,82%"/>
                <sadv>
                  <grup.adv>
                    <r lem="més" pos="rg" wd="més"/>
                  </grup.adv>
                </sadv>
              </grup.nom>
              <S adjunct="yes" clausesubtype="comparative" clausetype="adverbial" verbless="yes">
                <conj conjunctiontype="subordinating">
                  <c lem="que" pos="cs" postype="subordinating" wd="que"/>
                </conj>
                <sn coreftype="ident" entity="entity4" entityref="nne" homophoricDD="yes">
                  <spec gen="m" num="s">
                    <d gen="m" lem="el" num="s" pos="da0ms0" postype="article" wd="el"/>
                  </spec>
                  <grup.nom gen="m" num="s">
                    <n gen="m" lem="mes" num="s" pos="ncms000" postype="common" sense="16:10922179" wd="mes"/>
                    <s.a gen="m" num="s">
                      <grup.a gen="m" num="s">
                        <a gen="c" lem="anterior" num="s" pos="aq0cs0" postype="qualificative" wd="anterior"/>
                      </grup.a>
                    </s.a>
                  </grup.nom>
                </sn>
              </S>
            </grup.nom>
          </sn>
        </grup.nom>
      </sn>
    </sp>
    <f lem="." pos="fp" punct="period" wd="."/>
  </sentence>
  <sentence>
    <sp arg="argM" func="cc" tem="loc">
      <prep>
        <s lem="a" pos="sps00" postype="preposition" wd="A"/>
      </prep>
      <sn entity="entity14" entityref="ne" ne="location">
        <grup.nom>
          <n lem="Girona" ne="location" pos="np0000l" postype="proper" sense="16:50004694" wd="Girona"/>
        </grup.nom>
      </sn>
    </sp>
    <sn arg="arg1" entityref="nne" func="suj" tem="pat">
      <spec gen="m" num="s">
        <d gen="c" lem="el" num="s" pos="da0cs0" postype="article" wd="l'"/>
      </spec>
      <grup.nom gen="m" num="s">
        <n gen="m" lem="augment" num="s" pos="ncms000" postype="common" sense="16:05479891" wd="augment"/>
      </grup.nom>
    </sn>
    <grup.verb>
      <v lem="anar" mood="indicative" num="s" person="3" pos="vaip3s0" postype="auxiliary" tense="present" wd="va"/>
      <v lem="concretar" lss="B22.unaccusative-passive-transitive" mood="infinitive" pos="vmn0000" postype="main" wd="concretar"/>
    </grup.verb>
    <morfema.verbal func="pass">
      <p gen="c" lem="es" num="c" pos="p0000000" wd="-se"/>
    </morfema.verbal>
    <sp arg="argM" func="cc" tem="adv">
      <prep>
        <s lem="en" pos="sps00" postype="preposition" wd="en"/>
      </prep>
      <sn entityref="nne">
        <spec gen="f" num="p">
          <z lem="553" ne="number" wd="553"/>
        </spec>
        <grup.nom gen="f" num="p">
          <n gen="f" lem="persona" num="p" pos="ncfp000" postype="common" sense="16:00004123" wd="persones"/>
        </grup.nom>
      </sn>
    </sp>
    <sp arg="argM" func="cc" tem="adv">
      <f lem="," pos="fc" punct="comma" wd=","/>
      <prep>
        <s lem="amb" pos="sps00" postype="preposition" wd="amb"/>
      </prep>
      <sn entityref="nne">
        <spec gen="m" num="s">
          <d gen="m" lem="un" num="s" pos="di0ms0" postype="indefinite" wd="un"/>
        </spec>
        <grup.nom gen="m" num="s">
          <n gen="m" lem="increment" num="s" pos="ncms000" postype="common" sense="16:09729055" wd="increment"/>
          <sp>
            <prep>
              <s contracted="yes" gen="m" lem="del" num="s" pos="spcms" postype="preposition" wd="del"/>
            </prep>
            <sn entityref="ne" ne="number">
              <grup.nom gen="m" num="s">
                <z lem="3.58/100" ne="number" pos="zp" postype="percentage" wd="3,58%"/>
              </grup.nom>
            </sn>
          </sp>
        </grup.nom>
      </sn>
    </sp>
    <f lem="." pos="fp" punct="period" wd="."/>
  </sentence>
  <sentence coord="yes">
    <S>
      <sp arg="arg2" func="cc" tem="loc">
        <prep>
          <s lem="a" pos="sps00" postype="preposition" wd="A"/>
        </prep>
        <sn entity="entity15" entityref="ne" ne="location">
          <grup.nom>
            <n lem="Lleida" ne="location" pos="np0000l" postype="proper" sense="16:50004693" wd="Lleida"/>
          </grup.nom>
        </sn>
      </sp>
      <sn arg="arg0" entityref="nne" func="suj" homophoricDD="yes" tem="agt">
        <spec gen="m" num="s">
          <d gen="m" lem="el" num="s" pos="da0ms0" postype="article" wd="el"/>
        </spec>
        <grup.nom gen="m" num="s">
          <n gen="m" lem="col·lectiu" num="s" pos="ncms000" postype="common" sense="16:00017954" wd="col·lectiu"/>
          <sp>
            <prep>
              <s lem="de" pos="sps00" postype="preposition" wd="d'"/>
            </prep>
            <sn>
              <grup.nom gen="m" num="p">
                <n gen="m" lem="aturat" num="p" pos="ncmp000" postype="common" sense="16:07655955" wd="aturats"/>
              </grup.nom>
            </sn>
          </sp>
        </grup.nom>
      </sn>
      <grup.verb>
        <v lem="anar" mood="indicative" num="s" person="3" pos="vaip3s0" postype="auxiliary" tense="present" wd="va"/>
        <v lem="registrar" lss="A31.ditransitive-patient-locative" mood="infinitive" pos="vmn0000" postype="main" wd="registrar"/>
      </grup.verb>
      <sn arg="arg1" coord="yes" func="cd" tem="pat">
        <sn entityref="nne">
          <spec gen="f" num="p">
            <z lem="274" ne="number" wd="274"/>
          </spec>
          <grup.nom gen="f" num="p">
            <n gen="f" lem="persona" num="p" pos="ncfp000" postype="common" sense="16:00004123" wd="persones"/>
            <sadv>
              <grup.adv>
                <r lem="més" pos="rg" wd="més"/>
              </grup.adv>
            </sadv>
          </grup.nom>
        </sn>
        <conj conjunctiontype="coordinating">
          <c lem="i" pos="cc" postype="coordinating" wd="i"/>
        </conj>
        <sn entity="entity17" entityref="ne" ne="number">
          <spec gen="m" num="s">
            <d gen="m" lem="un" num="s" pos="di0ms0" postype="indefinite" wd="un"/>
          </spec>
          <grup.nom gen="m" num="s">
            <z lem="4.47/100" ne="number" pos="zp" postype="percentage" wd="4,47%"/>
          </grup.nom>
        </sn>
      </sn>
      <f lem="," pos="fc" punct="comma" wd=","/>
    </S>
    <conj conjunctiontype="coordinating">
      <c lem="mentre_que" pos="cc" postype="coordinating" wd="mentre_que"/>
    </conj>
    <S>
      <sp arg="argM" func="cc" tem="loc">
        <prep>
          <s lem="a" pos="sps00" postype="preposition" wd="a"/>
        </prep>
        <sn entity="entity16" entityref="ne" ne="location">
          <grup.nom>
            <n lem="Tarragona" ne="location" pos="np0000l" postype="proper" sense="16:50004692" wd="Tarragona"/>
          </grup.nom>
        </sn>
      </sp>
      <morfema.pronominal>
        <p gen="c" lem="hi" num="c" person="3" pos="pp3cn000" postype="personal" wd="hi"/>
      </morfema.pronominal>
      <grup.verb>
        <v lem="anar" mood="indicative" num="s" person="3" pos="vaip3s0" postype="auxiliary" tense="present" wd="va"/>
        <v lem="haver" lss="C11.state-existential" mood="infinitive" pos="vmn0000" postype="main" wd="haver"/>
      </grup.verb>
      <sn arg="arg1" entityref="nne" func="cd" functype="quantitative" tem="tem">
        <spec gen="m" num="p">
          <z lem="161" ne="number" wd="161"/>
        </spec>
        <grup.nom gen="m" num="p">
          <n gen="m" lem="aturat" num="p" pos="ncmp000" postype="common" sense="16:07655955" wd="aturats"/>
          <sadv>
            <grup.adv>
              <r lem="més" pos="rg" wd="més"/>
            </grup.adv>
          </sadv>
        </grup.nom>
      </sn>
      <sp arg="argM" func="cc" tem="adv">
        <f lem="," pos="fc" punct="comma" wd=","/>
        <prep>
          <s lem="amb" pos="sps00" postype="preposition" wd="amb"/>
        </prep>
        <sn entityref="nne">
          <spec gen="m" num="s">
            <d gen="m" lem="un" num="s" pos="di0ms0" postype="indefinite" wd="un"/>
          </spec>
          <grup.nom gen="m" num="s">
            <n gen="m" lem="augment" num="s" pos="ncms000" postype="common" sense="16:05479891" wd="augment"/>
            <sp>
              <prep>
                <s lem="de" pos="sps00" postype="preposition" wd="de"/>
              </prep>
              <sn entityref="ne" ne="number">
                <spec gen="m" num="s">
                  <d gen="c" lem="el" num="s" pos="da0cs0" postype="article" wd="l'"/>
                </spec>
                <grup.nom gen="m" num="s">
                  <z lem="1.04/100" ne="number" pos="zp" postype="percentage" wd="1,04%"/>
                </grup.nom>
              </sn>
            </sp>
          </grup.nom>
        </sn>
      </sp>
    </S>
    <f lem="." pos="fp" punct="period" wd="."/>
  </sentence>
  <sentence coord="yes">
    <S>
      <sadv arg="argM" func="cc" tem="tmp">
        <grup.adv>
          <r lem="ara" pos="rg" wd="Ara"/>
        </grup.adv>
      </sadv>
      <sn arg="arg1" coreftype="ident" entity="entity12" entityref="nne" func="suj" homophoricDD="yes" tem="tem">
        <spec gen="f" num="s">
          <d gen="f" lem="el" num="s" pos="da0fs0" postype="article" wd="la"/>
        </spec>
        <grup.nom gen="f" num="s">
          <n gen="f" lem="taxa" num="s" pos="ncfs000" postype="common" sense="16:cs1" wd="taxa"/>
          <sp>
            <prep>
              <s lem="de" pos="sps00" postype="preposition" wd="d'"/>
            </prep>
            <sn>
              <grup.nom gen="m" num="s">
                <n gen="m" lem="atur" num="s" pos="ncms000" postype="common" sense="16:10063667" wd="atur"/>
              </grup.nom>
            </sn>
          </sp>
          <sp>
            <prep>
              <s lem="de" pos="sps00" postype="preposition" wd="de"/>
            </prep>
            <sn coreftype="ident" entity="entity13+entity14+entity15+entity16" entityref="nne">
              <spec gen="f" num="p">
                <d gen="f" lem="el" num="p" pos="da0fp0" postype="article" wd="les"/>
                <d gen="c" lem="quatre" num="p" pos="dn0cp0" postype="numeral" wd="quatre"/>
              </spec>
              <grup.nom gen="f" num="p">
                <n gen="f" lem="demarcació" num="p" pos="ncfp000" postype="common" sense="16:06336706" wd="demarcacions"/>
              </grup.nom>
            </sn>
          </sp>
        </grup.nom>
      </sn>
      <morfema.pronominal>
        <p gen="c" lem="ell" num="c" person="3" pos="p0300000" wd="se"/>
      </morfema.pronominal>
      <grup.verb>
        <v lem="situar" lss="B21.unaccusative-state" mood="indicative" num="s" person="3" pos="vmip3s0" postype="main" tense="present" wd="situa"/>
      </grup.verb>
      <sp arg="arg2" func="creg" tem="ext">
        <prep>
          <s lem="en" pos="sps00" postype="preposition" wd="en"/>
        </prep>
        <sn entityref="ne" ne="number">
          <spec gen="m" num="s">
            <d gen="m" lem="un" num="s" pos="di0ms0" postype="indefinite" wd="un"/>
          </spec>
          <grup.nom gen="m" num="s">
            <z lem="6.94/100" ne="number" pos="zp" postype="percentage" wd="6,94%"/>
          </grup.nom>
        </sn>
      </sp>
      <sp arg="argM" func="cc" tem="loc">
        <prep>
          <s lem="a" pos="sps00" postype="preposition" wd="a"/>
        </prep>
        <sn coreftype="ident" entity="entity13" entityref="ne" ne="location">
          <grup.nom>
            <n lem="Barcelona" ne="location" pos="np0000l" postype="proper" wd="Barcelona"/>
          </grup.nom>
        </sn>
      </sp>
    </S>
    <f lem="," pos="fc" punct="comma" wd=","/>
    <S verbless="yes">
      <sn entityref="ne" ne="number">
        <grup.nom gen="m" num="s">
          <z lem="6.2/100" ne="number" pos="zp" postype="percentage" wd="6,2%"/>
        </grup.nom>
      </sn>
      <sp>
        <prep>
          <s lem="a" pos="sps00" postype="preposition" wd="a"/>
        </prep>
        <sn coreftype="ident" entity="entity14" entityref="ne" ne="location">
          <grup.nom>
            <n lem="Girona" ne="location" pos="np0000l" postype="proper" sense="16:50004694" wd="Girona"/>
          </grup.nom>
        </sn>
      </sp>
    </S>
    <f lem="," pos="fc" punct="comma" wd=","/>
    <S verbless="yes">
      <sn coreftype="ident" entity="entity17" entityref="ne" ne="number">
        <grup.nom gen="m" num="s">
          <z lem="4.47/100" ne="number" pos="zp" postype="percentage" wd="4,47%"/>
        </grup.nom>
      </sn>
      <sp>
        <prep>
          <s lem="a" pos="sps00" postype="preposition" wd="a"/>
        </prep>
        <sn coreftype="ident" entity="entity15" entityref="ne" ne="location">
          <grup.nom>
            <n lem="Lleida" ne="location" pos="np0000l" postype="proper" sense="16:50004693" wd="Lleida"/>
          </grup.nom>
        </sn>
      </sp>
    </S>
    <conj conjunctiontype="coordinating">
      <c lem="i" pos="cc" postype="coordinating" wd="i"/>
    </conj>
    <S verbless="yes">
      <sn entityref="ne" ne="number">
        <grup.nom gen="m" num="s">
          <z lem="5.64/100" ne="number" pos="zp" postype="percentage" wd="5,64%"/>
        </grup.nom>
      </sn>
      <sp>
        <prep>
          <s lem="a" pos="sps00" postype="preposition" wd="a"/>
        </prep>
        <sn coreftype="ident" entity="entity16" entityref="ne" ne="location">
          <grup.nom>
            <n lem="Tarragona" ne="location" pos="np0000l" postype="proper" sense="16:50004692" wd="Tarragona"/>
          </grup.nom>
        </sn>
      </sp>
    </S>
    <f lem="." pos="fp" punct="period" wd="."/>
  </sentence>
</article>
