<?xml version="1.0" encoding="UTF-8"?>
<!-- 

  ancora-2.0
       
			Copyright (C) 2007, 2008, 2009, 2010, 2011 UB - CLiC
			Centre de Llenguatge i Computació - Universitat de Barcelona
 
  This file is part of ancora-2.0.
 
  ancora-2.0 is free software and data: you can redistribute it and/or modify
  it under the terms of the GNU General Public License as published
  by the Free Software Foundation, either version 3 of the License,
  or (at your option) any later version.

  ancora-2.0 is distributed in the hope that it will be useful,
  but WITHOUT ANY WARRANTY; without even the implied warranty of
  MERCHANTABILITY or FITNESS FOR A PARTICULAR PURPOSE.  See the
  GNU General Public License for more details.
 
  You should have received a copy of the GNU General Public License
  along with ancora-2.0.  If not, see &lt;http://www.gnu.org/licenses/&gt;.
 
  Check a text in catalan explaining the terms of the license at http://www.softcatala.cat/wiki/GPL3.
  In spanish at http://www.viti.es/gnu/licenses/gpl.html
 

  The following paper must be cited when using this corpus:

 * Taulé, M., M.A. Martí, M. Recasens (2008) 'Ancora: Multilevel Annotated Corpora for Catalan and Spanish',
   Proceedings of 6th International Conference on Language Resources and Evaluation. Marrakesh (Morocco).

  In addition, the following paper must be cited if coreference information (attributes entity, coreftype,
  corefsubtype, homophoricDD or entityref) is used:

 * Recasens, Marta, M. Antònia Martí (2010) ‘AnCora-CO: Coreferentially annotated corpora for Spanish and
   Catalan’. Language Resources and Evaluation, Springer Science.

  Additionally, the following paper must be cited when argumental attributes in "sn" or "grup.nom"
  (attributes func, arg, tem or lexicalid) are used:

 * Peris, Aina, Mariona Taulé, Horacio Rodríguez (2010) ‘Semantic Annotation of Deverbal Nominalizations in the
   Spanish AnCora corpus’. Treebanks and Linguistic Theories (TLT-2010), Estonia.
-->
<article lng="ca">
  <sentence>
    <sn arg="arg0" entity="entity2" entityref="ne" func="suj" ne="person" tem="agt">
      <spec gen="m" num="s">
        <d gen="m" lem="el" num="s" pos="da0ms0" postype="article" wd="El"/>
      </spec>
      <grup.nom gen="m" num="s">
        <n gen="m" lem="conseller" num="s" pos="ncms000" postype="common" sense="16:07412658" wd="conseller"/>
        <sp>
          <prep>
            <s lem="de" pos="sps00" postype="preposition" wd="d'"/>
          </prep>
          <sn entity="entity1" entityref="ne" ne="organization">
            <grup.nom>
              <n lem="Agricultura_,_Ramaderia_i_Pesca" ne="organization" pos="np0000o" postype="proper" sense="16:cs1" wd="Agricultura_,_Ramaderia_i_Pesca"/>
              <sn corefsubtype="definit" coreftype="pred" entity="entity1" entityref="ne" ne="organization">
                <grup.nom>
                  <f lem="(" pos="fpa" punct="bracket" punctenclose="open" wd="("/>
                  <n lem="DARP" ne="organization" pos="np0000o" postype="proper" sense="16:cs1" wd="DARP"/>
                  <f lem=")" pos="fpt" punct="bracket" punctenclose="close" wd=")"/>
                </grup.nom>
              </sn>
            </grup.nom>
          </sn>
        </sp>
        <sn corefsubtype="definit" coreftype="pred" entity="entity2" entityref="ne" ne="person">
          <f lem="," pos="fc" punct="comma" wd=","/>
          <grup.nom gen="m" num="s">
            <n lem="Josep_Grau" ne="person" pos="np0000p" postype="proper" sense="16:cs1" wd="Josep_Grau"/>
          </grup.nom>
          <f lem="," pos="fc" punct="comma" wd=","/>
        </sn>
      </grup.nom>
    </sn>
    <grup.verb>
      <v lem="haver" mood="indicative" num="s" person="3" pos="vaip3s0" postype="auxiliary" tense="present" wd="ha"/>
      <v gen="m" lem="fer" lss="D11.inergative-agentive" mood="participle" num="s" pos="vmp00sm" postype="main" wd="fet"/>
    </grup.verb>
    <sn arg="argL" entity="entity5" entityref="nne" func="cd">
      <spec gen="f" num="s">
        <d gen="f" lem="un" num="s" pos="di0fs0" postype="indefinite" wd="una"/>
      </spec>
      <grup.nom gen="f" num="s">
        <n gen="f" lem="crida" num="s" pos="ncfs000" postype="common" sense="16:05375417" wd="crida"/>
      </grup.nom>
    </sn>
    <sn arg="argM" entityref="nne" func="cc" tem="tmp">
      <spec gen="m" num="s">
        <d gen="m" lem="aquest" num="s" pos="dd0ms0" postype="demonstrative" wd="aquest"/>
      </spec>
      <grup.nom gen="m" num="s">
        <n gen="m" lem="migdia" num="s" pos="ncms000" postype="common" sense="16:10884479" wd="migdia"/>
      </grup.nom>
    </sn>
    <sp arg="arg2" func="ci" tem="ben">
      <prep>
        <s contracted="yes" gen="m" lem="al" num="s" pos="spcms" postype="preposition" wd="al"/>
      </prep>
      <sn entity="entity4" entityref="nne" homophoricDD="yes">
        <grup.nom gen="m" num="s">
          <n gen="m" lem="sector" num="s" pos="ncms000" postype="common" sense="16:06214548" wd="sector"/>
          <s.a gen="m" num="s">
            <grup.a gen="m" num="s">
              <a gen="m" lem="ramader" num="s" pos="aq0ms0" postype="qualificative" wd="ramader"/>
            </grup.a>
          </s.a>
        </grup.nom>
      </sn>
    </sp>
    <S arg="argM" clausetype="adverbial" func="cc" tem="fin">
      <conj conjunctiontype="subordinating">
        <c lem="per_tal_que" pos="cs" postype="subordinating" wd="per_tal_que"/>
      </conj>
      <morfema.verbal func="pass">
        <p gen="c" lem="es" num="c" pos="p0000000" wd="s'"/>
      </morfema.verbal>
      <grup.verb>
        <v lem="organitzar" lss="B22.unaccusative-passive-transitive" mood="subjunctive" num="p" person="3" pos="vmsp3p0" postype="main" tense="present" wd="organitzin"/>
      </grup.verb>
      <sn arg="arg1" entity="entity18" entityref="nne" func="suj" tem="pat">
        <grup.nom gen="m" num="p">
          <n gen="m" lem="grup" num="p" pos="ncmp000" postype="common" sense="16:00017954" wd="grups"/>
          <sp>
            <prep>
              <s lem="de" pos="sps00" postype="preposition" wd="de"/>
            </prep>
            <sn>
              <grup.nom gen="m" num="p">
                <n gen="m" lem="voluntari" num="p" pos="ncmp000" postype="common" sense="16:07669579" wd="voluntaris"/>
              </grup.nom>
            </sn>
          </sp>
        </grup.nom>
      </sn>
      <sp arg="argM" func="cc" tem="fin">
        <prep>
          <s lem="amb_l'_objectiu_de" pos="sps00" postype="preposition" wd="amb_l'_objectiu_de"/>
        </prep>
        <S clausetype="completive" impersonal="yes">
          <infinitiu>
            <v lem="controlar" lss="A21.transitive-agentive-patient" mood="infinitive" pos="vmn0000" postype="main" wd="controlar"/>
          </infinitiu>
          <sn arg="arg1" entity="entity8" entityref="nne" func="cd" homophoricDD="yes" tem="pat">
            <spec gen="f" num="s">
              <d gen="f" lem="el" num="s" pos="da0fs0" postype="article" wd="la"/>
            </spec>
            <grup.nom gen="f" num="s">
              <n gen="f" lem="sanitat" num="s" pos="ncfs000" postype="common" sense="16:03758615" wd="sanitat"/>
            </grup.nom>
          </sn>
          <sp arg="argM" func="cc" tem="loc">
            <prep>
              <s lem="a" pos="sps00" postype="preposition" wd="a"/>
            </prep>
            <sn complex="yes">
              <spec gen="f" num="p">
                <d coreftype="ident" entity="entity4" entityref="nne" gen="f" lem="el_seu" num="p" person="3" pos="dp3fp0" postype="possessive" wd="les_seves"/>
              </spec>
              <grup.nom coord="yes">
                <grup.nom entity="entity9" entityref="nne" gen="f" num="p">
                  <n gen="f" lem="explotació" num="p" pos="ncfp000" postype="common" sense="16:03630808" wd="explotacions"/>
                </grup.nom>
                <f lem="," pos="fc" punct="comma" wd=","/>
                <grup.nom entity="entity11" entityref="nne" gen="m" num="p">
                  <n gen="m" lem="poble" num="p" pos="ncmp000" postype="common" sense="16:06382213" wd="pobles"/>
                </grup.nom>
                <f lem="," pos="fc" punct="comma" wd=","/>
                <grup.nom entity="entity10" entityref="nne" gen="m" num="p">
                  <n gen="m" lem="camí" num="p" pos="ncmp000" postype="common" sense="16:03525842" wd="camins"/>
                </grup.nom>
                <conj conjunctiontype="coordinating">
                  <c lem="i" pos="cc" postype="coordinating" wd="i"/>
                </conj>
                <grup.nom gen="m" num="s">
                  <n gen="m" lem="bestiar" num="s" pos="ncms000" postype="common" sense="16:01403412" wd="bestiar"/>
                </grup.nom>
              </grup.nom>
            </sn>
          </sp>
          <sp arg="argM" func="cc" tem="loc">
            <f lem="," pos="fc" punct="comma" wd=","/>
            <prep>
              <s lem="més_enllà_de" pos="sps00" postype="preposition" wd="més_enllà_de"/>
            </prep>
            <sn entity="entity3" entityref="nne" homophoricDD="yes">
              <spec gen="f" num="p">
                <d gen="f" lem="el" num="p" pos="da0fp0" postype="article" wd="les"/>
              </spec>
              <grup.nom gen="f" num="p">
                <n gen="f" lem="mesura" num="p" pos="ncfp000" postype="common" sense="16:00113217" wd="mesures"/>
                <S clausetype="relative">
                  <relatiu arg="arg1" coreftype="ident" entity="entity3" entityref="nne" func="cd" tem="pat">
                    <p gen="c" lem="que" num="c" pos="pr0cn000" postype="relative" wd="que"/>
                  </relatiu>
                  <sn arg="arg0" entity="entity7" entityref="ne" func="suj" ne="organization" tem="agt">
                    <spec gen="f" num="s">
                      <d gen="c" lem="el" num="s" pos="da0cs0" postype="article" wd="l'"/>
                    </spec>
                    <grup.nom gen="f" num="s">
                      <n lem="Administració" ne="organization" pos="np0000o" postype="proper" sense="16:cs1" wd="Administració"/>
                    </grup.nom>
                  </sn>
                  <grup.verb>
                    <v lem="poder" mood="subjunctive" num="s" person="3" pos="vmsp3s0" postype="main" tense="present" wd="pugui"/>
                    <infinitiu>
                      <v lem="prendre" lss="A21.transitive-agentive-patient" mood="infinitive" pos="vmn0000" postype="main" wd="prendre"/>
                    </infinitiu>
                  </grup.verb>
                </S>
              </grup.nom>
            </sn>
          </sp>
        </S>
      </sp>
    </S>
    <S arg="argM" clausetype="adverbial" func="cc" tem="cau">
      <f lem="," pos="fc" punct="comma" wd=","/>
      <f lem="'" pos="fz" punct="mathsign" wd="'"/>
      <conj conjunctiontype="subordinating">
        <c lem="perquè" pos="cs" postype="subordinating" wd="perquè"/>
      </conj>
      <grup.verb>
        <v lem="ser" lss="C21.state-attributive" mood="indicative" num="s" person="3" pos="vsip3s0" postype="semiauxiliary" tense="present" wd="és"/>
      </grup.verb>
      <sn arg="arg1" coreftype="ident" entity="entity4" entityref="nne" func="suj" homophoricDD="yes" tem="tem">
        <spec gen="m" num="s">
          <d gen="m" lem="el" num="s" pos="da0ms0" postype="article" wd="el"/>
        </spec>
        <grup.nom gen="m" num="s">
          <n gen="m" lem="sector" num="s" pos="ncms000" postype="common" sense="16:06214548" wd="sector"/>
        </grup.nom>
      </sn>
      <S arg="arg2" clausetype="completive" func="atr" tem="atr">
        <relatiu arg="arg0" func="suj" tem="agt">
          <p gen="c" lem="qui" num="c" pos="pr0cn000" postype="relative" wd="qui"/>
        </relatiu>
        <morfema.pronominal>
          <p gen="c" lem="ell" num="c" person="3" pos="p0300000" wd="s'"/>
        </morfema.pronominal>
        <sn arg="argM" entityref="lex" func="cc" tem="loc">
          <grup.nom>
            <p gen="c" lem="hi" num="c" person="3" pos="pp3cn000" postype="personal" wd="hi"/>
          </grup.nom>
        </sn>
        <grup.verb>
          <v lem="jugar" lss="A21.transitive-agentive-patient" mood="indicative" num="s" person="3" pos="vmip3s0" postype="main" tense="present" wd="juga"/>
        </grup.verb>
        <sn arg="arg1" entity="entity12" entityref="nne" func="cd" tem="pat">
          <grup.nom gen="m" num="p">
            <n gen="m" lem="diner" num="p" pos="ncmp000" postype="common" sense="16:09616555" wd="diners"/>
          </grup.nom>
        </sn>
      </S>
      <f lem="'" pos="fz" punct="mathsign" wd="'"/>
    </S>
    <f lem="." pos="fp" punct="period" wd="."/>
  </sentence>
  <sentence>
    <sn arg="arg0" coreftype="ident" entity="entity2" entityref="ne" func="suj" ne="person" tem="agt">
      <grup.nom gen="m" num="s">
        <n lem="Grau" ne="person" pos="np0000p" postype="proper" sense="16:cs1" wd="Grau"/>
      </grup.nom>
    </sn>
    <grup.verb>
      <v lem="haver" mood="indicative" num="s" person="3" pos="vaip3s0" postype="auxiliary" tense="present" wd="ha"/>
      <v gen="m" lem="fer" lss="D11.inergative-agentive" mood="participle" num="s" pos="vmp00sm" postype="main" wd="fet"/>
    </grup.verb>
    <sn arg="argL" coreftype="ident" entity="entity5" entityref="nne" func="cd">
      <spec gen="f" num="p">
        <d gen="f" lem="aquest" num="p" pos="dd0fp0" postype="demonstrative" wd="aquestes"/>
      </spec>
      <grup.nom gen="f" num="p">
        <n gen="f" lem="declaració" num="p" pos="ncfp000" postype="common" sense="16:05040541" wd="declaracions"/>
      </grup.nom>
    </sn>
    <sp arg="argM" func="cc" tem="loc">
      <prep>
        <s lem="a" pos="sps00" postype="preposition" wd="a"/>
      </prep>
      <sn entity="entity6" entityref="ne" ne="location">
        <grup.nom>
          <n lem="Mollerussa" ne="location" pos="np0000l" postype="proper" sense="16:cs1" wd="Mollerussa"/>
          <S clausetype="relative">
            <f lem="," pos="fc" punct="comma" wd=","/>
            <relatiu arg="arg2" coreftype="ident" entity="entity6" entityref="spec" func="cc" tem="loc">
              <p lem="on" pos="pr000000" postype="relative" wd="on"/>
            </relatiu>
            <sn arg="arg0" coreftype="ident" elliptic="yes" entity="entity2" entityref="spec" func="suj" tem="agt"/>
            <morfema.pronominal>
              <p gen="c" lem="ell" num="c" person="3" pos="p0300000" wd="s'"/>
            </morfema.pronominal>
            <grup.verb>
              <v lem="haver" mood="indicative" num="s" person="3" pos="vaip3s0" postype="auxiliary" tense="present" wd="ha"/>
              <v gen="m" lem="desplaçar" lss="D11.inergative-agentive" mood="participle" num="s" pos="vmp00sm" postype="main" wd="desplaçat"/>
            </grup.verb>
            <sp arg="argM" func="cc" tem="fin">
              <prep>
                <s lem="per" pos="sps00" postype="preposition" wd="per"/>
              </prep>
              <S clausetype="completive" impersonal="yes">
                <infinitiu>
                  <v lem="inaugurar" lss="A21.transitive-agentive-patient" mood="infinitive" pos="vmn0000" postype="main" wd="inaugurar"/>
                </infinitiu>
                <sn arg="arg1" entityref="ne" func="cd" ne="other" tem="pat">
                  <spec gen="f" num="s">
                    <d gen="f" lem="el" num="s" pos="da0fs0" postype="article" wd="la"/>
                    <z lem="129" ne="number" wd="129a"/>
                  </spec>
                  <grup.nom gen="f" num="s">
                    <n lem="Fira_de_Sant_Josep" ne="other" pos="np0000a" postype="proper" sense="16:cs1" wd="Fira_de_Sant_Josep"/>
                  </grup.nom>
                </sn>
              </S>
            </sp>
          </S>
        </grup.nom>
      </sn>
    </sp>
    <f lem="." pos="fp" punct="period" wd="."/>
  </sentence>
  <sentence coord="yes">
    <S>
      <sn arg="arg0" coreftype="ident" entity="entity2" entityref="spec" func="suj" tem="agt">
        <spec gen="m" num="s">
          <d gen="m" lem="el" num="s" pos="da0ms0" postype="article" wd="El"/>
        </spec>
        <grup.nom gen="m" num="s">
          <n gen="m" lem="conseller" num="s" pos="ncms000" postype="common" sense="16:07412658" wd="conseller"/>
        </grup.nom>
      </sn>
      <grup.verb>
        <v lem="haver" mood="indicative" num="s" person="3" pos="vaip3s0" postype="auxiliary" tense="present" wd="ha"/>
        <v gen="m" lem="considerar" lss="A21.transitive-agentive-patient" mood="participle" num="s" pos="vmp00sm" postype="main" wd="considerat"/>
      </grup.verb>
      <S arg="arg1" clausetype="completive" func="cd" tem="pat">
        <conj conjunctiontype="subordinating">
          <c lem="que" pos="cs" postype="subordinating" wd="que"/>
        </conj>
        <sn arg="arg0" coreftype="ident" entity="entity7" entityref="spec" func="suj" homophoricDD="yes" tem="agt">
          <spec gen="f" num="s">
            <d gen="c" lem="el" num="s" pos="da0cs0" postype="article" wd="l'"/>
          </spec>
          <grup.nom gen="f" num="s">
            <n gen="f" lem="administració" num="s" pos="ncfs000" postype="common" sense="16:06188759" wd="administració"/>
          </grup.nom>
        </sn>
        <grup.verb>
          <v lem="estar" mood="indicative" num="s" person="3" pos="vmip3s0" postype="main" tense="present" wd="està"/>
          <gerundi>
            <v lem="prendre" lss="A21.transitive-agentive-patient" mood="gerund" pos="vmg0000" postype="main" wd="prenent"/>
          </gerundi>
        </grup.verb>
        <sn arg="arg1" coreftype="ident" entity="entity3" entityref="nne" func="cd" homophoricDD="yes" tem="pat">
          <spec gen="f" num="p">
            <d gen="f" lem="el" num="p" pos="da0fp0" postype="article" wd="les"/>
          </spec>
          <grup.nom gen="f" num="p">
            <n gen="f" lem="mesura" num="p" pos="ncfp000" postype="common" sense="16:00113217" wd="mesures"/>
            <S clausetype="participle" impersonal="yes">
              <participi>
                <a gen="f" lem="adequat" num="p" pos="aq0fpp" posfunction="participle" postype="qualificative" wd="adequades"/>
              </participi>
            </S>
          </grup.nom>
        </sn>
      </S>
    </S>
    <conj conjunctiontype="coordinating">
      <c lem="però" pos="cc" postype="coordinating" wd="però"/>
    </conj>
    <S>
      <sn arg="arg0" coreftype="ident" elliptic="yes" entity="entity2" entityref="spec" func="suj" tem="agt"/>
      <grup.verb>
        <v lem="haver" mood="indicative" num="s" person="3" pos="vaip3s0" postype="auxiliary" tense="present" wd="ha"/>
        <v gen="m" lem="insistir" lss="A22.transitive-agentive-theme" mood="participle" num="s" pos="vmp00sm" postype="main" wd="insistit"/>
      </grup.verb>
      <sp arg="arg2" func="ci" tem="ben">
        <prep>
          <s contracted="yes" gen="m" lem="al" num="s" pos="spcms" postype="preposition" wd="al"/>
        </prep>
        <sn coreftype="ident" entity="entity4" entityref="nne" homophoricDD="yes">
          <grup.nom gen="m" num="s">
            <n gen="m" lem="sector" num="s" pos="ncms000" postype="common" sense="16:06214548" wd="sector"/>
          </grup.nom>
        </sn>
      </sp>
      <sp arg="arg1" func="creg" tem="tem">
        <prep>
          <s lem="en" pos="sps00" postype="preposition" wd="en"/>
        </prep>
        <sn entityref="nne">
          <spec gen="m" num="p">
            <d gen="m" lem="tot" num="p" pos="di0mp0" postype="indefinite" wd="tots"/>
            <d coreftype="ident" entity="entity4" entityref="nne" gen="m" lem="el_seu" num="p" person="3" pos="dp3mp0" postype="possessive" wd="els_seus"/>
          </spec>
          <grup.nom gen="m" num="p">
            <n gen="m" lem="àmbit" num="p" pos="ncmp000" postype="common" sense="16:03993027" wd="àmbits"/>
          </grup.nom>
        </sn>
      </sp>
      <S arg="argM" clausetype="adverbial" coord="yes" func="cc" tem="fin">
        <conj conjunctiontype="subordinating">
          <c lem="per_tal_que" pos="cs" postype="subordinating" wd="per_tal_que"/>
        </conj>
        <S clausetype="adverbial">
          <sn arg="arg0" coreftype="ident" elliptic="yes" entity="entity4" entityref="spec" func="suj" tem="agt"/>
          <morfema.pronominal>
            <p gen="c" lem="ell" num="c" person="3" pos="p0300000" wd="s'"/>
          </morfema.pronominal>
          <grup.verb>
            <v lem="implicar" lss="A31.ditransitive-patient-locative" mood="subjunctive" num="s" person="3" pos="vmsp3s0" postype="main" tense="present" wd="impliqui"/>
          </grup.verb>
          <sadv arg="argM" func="cc" tem="mnr">
            <grup.adv>
              <r lem="directament" pos="rg" wd="directament"/>
            </grup.adv>
          </sadv>
          <sp arg="arg2" func="creg" tem="loc">
            <prep>
              <s lem="en" pos="sps00" postype="preposition" wd="en"/>
            </prep>
            <sn entityref="nne" homophoricDD="yes">
              <spec gen="f" num="s">
                <d gen="f" lem="el" num="s" pos="da0fs0" postype="article" wd="la"/>
              </spec>
              <grup.nom gen="f" num="s">
                <n gen="f" lem="garantia" num="s" pos="ncfs000" postype="common" sense="16:03735303" wd="garantia"/>
                <sp>
                  <prep>
                    <s lem="de" pos="sps00" postype="preposition" wd="de"/>
                  </prep>
                  <sn coreftype="ident" entity="entity8" entityref="nne" homophoricDD="yes">
                    <spec gen="f" num="s">
                      <d gen="f" lem="el" num="s" pos="da0fs0" postype="article" wd="la"/>
                    </spec>
                    <grup.nom gen="f" num="s">
                      <n gen="f" lem="sanitat" num="s" pos="ncfs000" postype="common" sense="16:03758615" wd="sanitat"/>
                    </grup.nom>
                  </sn>
                </sp>
              </grup.nom>
            </sn>
          </sp>
        </S>
        <conj conjunctiontype="coordinating">
          <c lem="i" pos="cc" postype="coordinating" wd="i"/>
        </conj>
        <S clausetype="adverbial">
          <S clausetype="completive" impersonal="yes">
            <infinitiu>
              <v lem="evitar" lss="A21.transitive-agentive-patient" mood="infinitive" pos="vmn0000" postype="main" wd="evitar"/>
            </infinitiu>
            <sp arg="argM" func="cc" tem="adv">
              <prep>
                <s lem="entre" pos="sps00" postype="preposition" wd="entre"/>
              </prep>
              <sn entityref="nne">
                <grup.nom gen="m" num="p">
                  <p gen="m" lem="tot" num="p" pos="pi0mp000" postype="indefinite" wd="tots"/>
                </grup.nom>
              </sn>
            </sp>
            <S arg="arg1" clausetype="completive" func="cd" tem="pat">
              <conj conjunctiontype="subordinating">
                <c lem="que" pos="cs" postype="subordinating" wd="que"/>
              </conj>
              <morfema.verbal>
                <p gen="c" lem="es" num="c" pos="p0000000" wd="es"/>
              </morfema.verbal>
              <grup.verb>
                <v lem="propagar" lss="B12.unaccusative-passive-ditransitive" mood="subjunctive" num="s" person="3" pos="vmsp3s0" postype="main" tense="present" wd="propagui"/>
              </grup.verb>
              <sn arg="arg1" entityref="nne" func="suj" homophoricDD="yes" tem="pat">
                <spec gen="f" num="s">
                  <d gen="f" lem="el" num="s" pos="da0fs0" postype="article" wd="la"/>
                </spec>
                <grup.nom gen="f" num="s">
                  <n gen="f" lem="febre" num="s" pos="ncfs000" postype="common" sense="16:10306292" wd="febre"/>
                  <s.a gen="f" num="s">
                    <grup.a gen="f" num="s">
                      <a gen="f" lem="aftós" num="s" pos="aq0fs0" postype="qualificative" wd="aftosa"/>
                    </grup.a>
                  </s.a>
                </grup.nom>
              </sn>
            </S>
          </S>
        </S>
      </S>
    </S>
    <f lem="." pos="fp" punct="period" wd="."/>
  </sentence>
  <sentence>
    <S arg="arg1" clausetype="completive" func="cd" tem="pat">
      <f lem="'" pos="fz" punct="mathsign" wd="'"/>
      <grup.verb>
        <v lem="caldre" lss="C41.state-benefactive" mood="indicative" num="s" person="3" pos="vmip3s0" postype="main" tense="present" wd="Cal"/>
      </grup.verb>
      <S arg="arg1" clausetype="completive" func="suj" impersonal="yes" tem="tem">
        <infinitiu>
          <v lem="vigilar" lss="A21.transitive-agentive-patient" mood="infinitive" pos="vmn0000" postype="main" wd="vigilar"/>
        </infinitiu>
        <sn arg="arg1" coreftype="ident" entity="entity8" entityref="nne" func="cd" homophoricDD="yes" tem="pat">
          <spec gen="f" num="s">
            <d gen="f" lem="el" num="s" pos="da0fs0" postype="article" wd="la"/>
          </spec>
          <grup.nom gen="f" num="s">
            <n gen="f" lem="sanitat" num="s" pos="ncfs000" postype="common" sense="16:03758615" wd="sanitat"/>
            <sp coord="yes">
              <sp>
                <prep>
                  <s lem="de" pos="sps00" postype="preposition" wd="de"/>
                </prep>
                <sn coreftype="ident" entity="entity9" entityref="nne">
                  <spec gen="f" num="p">
                    <d coreftype="ident" entity="entity4" entityref="nne" gen="f" lem="el_nostre" num="p" person="1" pos="dp1fpp" possessornum="p" postype="possessive" wd="les_nostres"/>
                  </spec>
                  <grup.nom gen="f" num="p">
                    <n gen="f" lem="explotació" num="p" pos="ncfp000" postype="common" sense="16:03630808" wd="explotacions"/>
                  </grup.nom>
                </sn>
              </sp>
              <f lem="," pos="fc" punct="comma" wd=","/>
              <sp>
                <prep>
                  <s contracted="yes" gen="m" lem="del" num="p" pos="spcmp" postype="preposition" wd="dels"/>
                </prep>
                <sn coreftype="ident" entity="entity10" entityref="nne">
                  <spec gen="m" num="p">
                    <d coreftype="ident" entity="entity4" entityref="nne" gen="c" lem="nostre" num="p" person="1" pos="dp1cpp" possessornum="p" postype="possessive" wd="nostres"/>
                  </spec>
                  <grup.nom gen="m" num="p">
                    <n gen="m" lem="camí" num="p" pos="ncmp000" postype="common" sense="16:03525842" wd="camins"/>
                  </grup.nom>
                </sn>
              </sp>
              <f lem="," pos="fc" punct="comma" wd=","/>
              <sp>
                <prep>
                  <s contracted="yes" gen="m" lem="del" num="p" pos="spcmp" postype="preposition" wd="dels"/>
                </prep>
                <sn entityref="nne">
                  <spec gen="m" num="p">
                    <d coreftype="ident" entity="entity4" entityref="nne" gen="c" lem="nostre" num="p" person="1" pos="dp1cpp" possessornum="p" postype="possessive" wd="nostres"/>
                  </spec>
                  <grup.nom gen="m" num="p">
                    <n gen="m" lem="terme" num="p" pos="ncmp000" postype="common" sense="16:06314762" wd="termes"/>
                    <s.a gen="m" num="p">
                      <grup.a gen="m" num="p">
                        <a gen="c" lem="municipal" num="p" pos="aq0cp0" postype="qualificative" wd="municipals"/>
                      </grup.a>
                    </s.a>
                  </grup.nom>
                </sn>
              </sp>
              <f lem="," pos="fc" punct="comma" wd=","/>
              <sp>
                <prep>
                  <s contracted="yes" gen="m" lem="del" num="p" pos="spcmp" postype="preposition" wd="dels"/>
                </prep>
                <sn coreftype="ident" entity="entity11" entityref="nne">
                  <spec gen="m" num="p">
                    <d coreftype="ident" entity="entity4" entityref="nne" gen="c" lem="nostre" num="p" person="1" pos="dp1cpp" possessornum="p" postype="possessive" wd="nostres"/>
                  </spec>
                  <grup.nom gen="m" num="p">
                    <n gen="m" lem="poble" num="p" pos="ncmp000" postype="common" sense="16:06382213" wd="pobles"/>
                  </grup.nom>
                </sn>
              </sp>
              <f lem="," pos="fc" punct="comma" wd=","/>
              <sp>
                <prep>
                  <s lem="de" pos="sps00" postype="preposition" wd="de"/>
                </prep>
                <sn entityref="nne">
                  <spec gen="f" num="p">
                    <d coreftype="ident" entity="entity4" entityref="nne" gen="f" lem="el_nostre" num="p" person="1" pos="dp1fpp" possessornum="p" postype="possessive" wd="les_nostres"/>
                  </spec>
                  <grup.nom gen="f" num="p">
                    <n gen="f" lem="carretera" num="p" pos="ncfp000" postype="common" sense="16:03243979" wd="carreteres"/>
                  </grup.nom>
                </sn>
              </sp>
            </sp>
          </grup.nom>
          <f lem="'" pos="fz" punct="mathsign" wd="'"/>
        </sn>
      </S>
      <f lem="," pos="fc" punct="comma" wd=","/>
    </S>
    <grup.verb>
      <v lem="haver" mood="indicative" num="s" person="3" pos="vaip3s0" postype="auxiliary" tense="present" wd="ha"/>
      <v gen="m" lem="dir" lss="A32.ditransitive-patient-benefactive" mood="participle" num="s" pos="vmp00sm" postype="main" wd="dit"/>
    </grup.verb>
    <sn arg="arg0" coreftype="ident" elliptic="yes" entity="entity2" entityref="spec" func="suj" tem="agt"/>
    <f lem="." pos="fp" punct="period" wd="."/>
  </sentence>
  <sentence>
    <sp func="et">
      <prep>
        <s lem="en" pos="sps00" postype="preposition" wd="En"/>
      </prep>
      <sn entityref="lex">
        <spec gen="m" num="s">
          <d gen="m" lem="aquest" num="s" pos="dd0ms0" postype="demonstrative" wd="aquest"/>
        </spec>
        <grup.nom gen="m" num="s">
          <n gen="m" lem="sentit" num="s" pos="ncms000" postype="common" sense="16:cs1" wd="sentit"/>
        </grup.nom>
      </sn>
      <f lem="," pos="fc" punct="comma" wd=","/>
    </sp>
    <sn arg="arg0" coreftype="ident" entity="entity2" entityref="ne" func="suj" ne="person" tem="agt">
      <grup.nom gen="m" num="s">
        <n lem="Grau" ne="person" pos="np0000p" postype="proper" sense="16:cs1" wd="Grau"/>
      </grup.nom>
    </sn>
    <grup.verb>
      <v lem="haver" mood="indicative" num="s" person="3" pos="vaip3s0" postype="auxiliary" tense="present" wd="ha"/>
      <v gen="m" lem="afegir" lss="A21.transitive-agentive-patient" mood="participle" num="s" pos="vmp00sm" postype="main" wd="afegit"/>
    </grup.verb>
    <S arg="arg1" clausetype="completive" coord="yes" func="cd" tem="pat">
      <conj conjunctiontype="subordinating">
        <c lem="que" pos="cs" postype="subordinating" wd="que"/>
      </conj>
      <S clausetype="completive">
        <grup.verb>
          <v lem="ser" lss="C21.state-attributive" mood="indicative" num="s" person="3" pos="vsip3s0" postype="semiauxiliary" tense="present" wd="és"/>
        </grup.verb>
        <sn arg="arg1" coreftype="ident" entity="entity4" entityref="nne" func="suj" homophoricDD="yes" tem="tem">
          <spec gen="m" num="s">
            <d gen="m" lem="el" num="s" pos="da0ms0" postype="article" wd="el"/>
          </spec>
          <grup.nom gen="m" num="s">
            <n gen="m" lem="sector" num="s" pos="ncms000" postype="common" sense="16:06214548" wd="sector"/>
          </grup.nom>
        </sn>
        <sadv func="et">
          <f lem="," pos="fc" punct="comma" wd=","/>
          <grup.adv>
            <r lem="en_definitiva" pos="rg" wd="en_definitiva"/>
          </grup.adv>
          <f lem="," pos="fc" punct="comma" wd=","/>
        </sadv>
        <sn arg="arg2" func="atr" tem="atr">
          <spec gen="m" num="s">
            <d gen="m" lem="el" num="s" pos="da0ms0" postype="article" wd="el"/>
          </spec>
          <grup.nom gen="m" num="s">
            <S clausetype="relative">
              <relatiu arg="arg0" func="suj" tem="agt">
                <p gen="c" lem="que" num="c" pos="pr0cn000" postype="relative" wd="que"/>
              </relatiu>
              <morfema.pronominal>
                <p gen="c" lem="ell" num="c" person="3" pos="p0300000" wd="s'"/>
              </morfema.pronominal>
              <sn arg="argM" entityref="lex" func="cc" tem="loc">
                <grup.nom>
                  <p gen="c" lem="hi" num="c" person="3" pos="pp3cn000" postype="personal" wd="hi"/>
                </grup.nom>
              </sn>
              <grup.verb>
                <v lem="jugar" lss="A21.transitive-agentive-patient" mood="indicative" num="s" person="3" pos="vmip3s0" postype="main" tense="present" wd="juga"/>
              </grup.verb>
              <sn arg="arg1" coreftype="ident" entity="entity12" entityref="nne" func="cd" tem="pat">
                <grup.nom gen="m" num="p">
                  <n gen="m" lem="diner" num="p" pos="ncmp000" postype="common" sense="16:09616555" wd="diners"/>
                </grup.nom>
              </sn>
            </S>
          </grup.nom>
        </sn>
      </S>
      <conj conjunctiontype="coordinating">
        <c lem="i" pos="cc" postype="coordinating" wd="i"/>
      </conj>
      <S clausetype="completive">
        <f lem="'" pos="fz" punct="mathsign" wd="'"/>
        <sp arg="argM" coord="yes" func="cc" tem="adv">
          <sp>
            <prep>
              <s lem="a_través_de" pos="sps00" postype="preposition" wd="a_través_de"/>
            </prep>
            <sn entity="entity13" entityref="nne" homophoricDD="yes">
              <spec gen="f" num="p">
                <d gen="f" lem="el" num="p" pos="da0fp0" postype="article" wd="les"/>
              </spec>
              <grup.nom gen="f" num="p">
                <n gen="f" lem="organització" num="p" pos="ncfp000" postype="common" sense="16:05997592" wd="organitzacions"/>
                <s.a gen="f" num="p">
                  <grup.a gen="f" num="p">
                    <a gen="f" lem="agrari" num="p" pos="aq0fp0" postype="qualificative" wd="agràries"/>
                  </grup.a>
                </s.a>
              </grup.nom>
            </sn>
          </sp>
          <f lem="," pos="fc" punct="comma" wd=","/>
          <sp>
            <prep>
              <s lem="de" pos="sps00" postype="preposition" wd="de"/>
            </prep>
            <sn entity="entity14" entityref="nne" homophoricDD="yes">
              <spec gen="f" num="p">
                <d gen="f" lem="el" num="p" pos="da0fp0" postype="article" wd="les"/>
              </spec>
              <grup.nom gen="f" num="p">
                <n gen="f" lem="cooperativa" num="p" pos="ncfp000" postype="common" sense="16:00713097" wd="cooperatives"/>
              </grup.nom>
            </sn>
          </sp>
          <f lem="," pos="fc" punct="comma" wd=","/>
          <sp>
            <prep>
              <s contracted="yes" gen="m" lem="del" num="p" pos="spcmp" postype="preposition" wd="dels"/>
            </prep>
            <sn entity="entity15" entityref="nne" homophoricDD="yes">
              <grup.nom gen="m" num="p">
                <n gen="m" lem="integrador" num="p" pos="ncmp000" postype="common" sense="16:cs1" wd="integradors"/>
              </grup.nom>
            </sn>
          </sp>
          <f lem="," pos="fc" punct="comma" wd=","/>
          <sp>
            <prep>
              <s contracted="yes" gen="m" lem="del" num="p" pos="spcmp" postype="preposition" wd="dels"/>
            </prep>
            <sn entity="entity16" entityref="nne" homophoricDD="yes">
              <grup.nom gen="m" num="p">
                <n gen="m" lem="ramader" num="p" pos="ncmp000" postype="common" sense="16:07612941" wd="ramaders"/>
              </grup.nom>
            </sn>
          </sp>
          <f lem="," pos="fc" punct="comma" wd=","/>
          <sp>
            <prep>
              <s contracted="yes" gen="m" lem="del" num="p" pos="spcmp" postype="preposition" wd="dels"/>
            </prep>
            <sn entity="entity17" entityref="nne" homophoricDD="yes">
              <grup.nom gen="m" num="p">
                <n gen="m" lem="grup" num="p" pos="ncmp000" postype="common" sense="16:00017954" wd="grups"/>
                <sp>
                  <prep>
                    <s lem="de" pos="sps00" postype="preposition" wd="de"/>
                  </prep>
                  <sn>
                    <grup.nom gen="m" num="s">
                      <n gen="m" lem="sanejament" num="s" pos="ncms000" postype="common" sense="16:cs1" wd="sanejament"/>
                    </grup.nom>
                  </sn>
                </sp>
              </grup.nom>
            </sn>
          </sp>
          <f lem="," pos="fc" punct="comma" wd=","/>
        </sp>
        <sp arg="argM" func="cc" tem="adv">
          <prep>
            <s lem="entre" pos="sps00" postype="preposition" wd="entre"/>
          </prep>
          <sn coreftype="ident" entity="entity13+entity14+entity15+entity16+entity17" entityref="nne">
            <grup.nom gen="m" num="p">
              <p gen="m" lem="tot" num="p" pos="pi0mp000" postype="indefinite" wd="tots"/>
            </grup.nom>
          </sn>
        </sp>
        <morfema.verbal func="pass">
          <p gen="c" lem="es" num="c" pos="p0000000" wd="s'"/>
        </morfema.verbal>
        <grup.verb>
          <v lem="haver" mood="indicative" num="p" person="3" pos="vaic3p0" postype="auxiliary" tense="conditional" wd="haurien"/>
          <s lem="de" pos="sps00" postype="preposition" wd="de"/>
          <infinitiu>
            <v lem="muntar" lss="B22.unaccusative-passive-transitive" mood="infinitive" pos="vmn0000" postype="main" wd="muntar"/>
          </infinitiu>
        </grup.verb>
        <sn arg="arg1" coreftype="ident" entity="entity18" entityref="nne" func="suj" tem="pat">
          <grup.nom gen="m" num="p">
            <n gen="m" lem="grup" num="p" pos="ncmp000" postype="common" sense="16:00017954" wd="grups"/>
            <sp>
              <prep>
                <s lem="de" pos="sps00" postype="preposition" wd="de"/>
              </prep>
              <sn>
                <grup.nom gen="m" num="p">
                  <n gen="m" lem="voluntari" num="p" pos="ncmp000" postype="common" sense="16:07669579" wd="voluntaris"/>
                </grup.nom>
              </sn>
            </sp>
            <S clausetype="relative">
              <relatiu arg="arg1" coreftype="ident" entity="entity18" entityref="nne" func="suj" tem="tem">
                <p gen="c" lem="que" num="c" pos="pr0cn000" postype="relative" wd="que"/>
              </relatiu>
              <sadv arg="argM" func="cc" tem="tmp">
                <grup.adv>
                  <r lem="ja" pos="rg" wd="ja"/>
                </grup.adv>
              </sadv>
              <grup.verb>
                <v lem="haver" mood="indicative" num="p" person="3" pos="vaic3p0" postype="auxiliary" tense="conditional" wd="haurien"/>
                <s lem="de" pos="sps00" postype="preposition" wd="d'"/>
                <infinitiu>
                  <v lem="estar" lss="C21.state-attributive" mood="infinitive" pos="vmn0000" postype="main" wd="estar"/>
                </infinitiu>
              </grup.verb>
              <S arg="arg2" clausetype="participle" func="atr" impersonal="yes" tem="atr">
                <participi>
                  <a gen="m" lem="organitzat" num="p" pos="aq0mpp" posfunction="participle" postype="qualificative" wd="organitzats"/>
                </participi>
              </S>
              <S arg="argM" clausetype="adverbial" func="cc" impersonal="yes" tem="adv">
                <gerundi>
                  <v lem="controlar" lss="A21.transitive-agentive-patient" mood="gerund" pos="vmg0000" postype="main" wd="controlant"/>
                </gerundi>
                <sn arg="arg1" entityref="nne" func="cd" tem="pat">
                  <spec gen="m" num="p">
                    <d coreftype="ident" entity="entity4" entityref="nne" gen="m" lem="el_seu" num="p" person="3" pos="dp3mp0" postype="possessive" wd="els_seus"/>
                  </spec>
                  <grup.nom gen="m" num="p">
                    <n gen="m" lem="interès" num="p" pos="ncmp000" postype="common" sense="16:04392426" wd="interessos"/>
                  </grup.nom>
                </sn>
                <sp arg="argM" func="cc" tem="loc">
                  <prep>
                    <s lem="a" pos="sps00" postype="preposition" wd="a"/>
                  </prep>
                  <sn entityref="nne">
                    <grup.nom gen="m" num="s">
                      <n gen="m" lem="peu" num="s" pos="ncms000" postype="common" sense="16:cs1" wd="peu"/>
                      <sp>
                        <prep>
                          <s lem="de" pos="sps00" postype="preposition" wd="d'"/>
                        </prep>
                        <sn>
                          <grup.nom gen="f" num="s">
                            <n gen="f" lem="obra" num="s" pos="ncfs000" postype="common" sense="16:50005895" wd="obra"/>
                          </grup.nom>
                        </sn>
                      </sp>
                    </grup.nom>
                  </sn>
                </sp>
              </S>
              <sp arg="argM" func="cc" tem="adv">
                <f lem="," pos="fc" punct="comma" wd=","/>
                <prep>
                  <s contracted="yes" gen="m" lem="més_enllà_del" num="s" pos="spcms" postype="preposition" wd="més_enllà_del"/>
                </prep>
                <sn entityref="nne" homophoricDD="yes">
                  <grup.nom gen="m" num="s">
                    <S clausetype="relative">
                      <relatiu arg="arg1" func="cd" tem="pat">
                        <p gen="c" lem="que" num="c" pos="pr0cn000" postype="relative" wd="que"/>
                      </relatiu>
                      <grup.verb>
                        <v lem="fer" lss="A21.transitive-agentive-patient" mood="subjunctive" num="s" person="3" pos="vmsp3s0" postype="main" tense="present" wd="faci"/>
                      </grup.verb>
                      <sn arg="arg0" coreftype="ident" entity="entity7" entityref="spec" func="suj" homophoricDD="yes" tem="agt">
                        <spec gen="f" num="s">
                          <d gen="c" lem="el" num="s" pos="da0cs0" postype="article" wd="l'"/>
                        </spec>
                        <grup.nom gen="f" num="s">
                          <n gen="f" lem="administració" num="s" pos="ncfs000" postype="common" sense="16:06188759" wd="administració"/>
                        </grup.nom>
                      </sn>
                    </S>
                  </grup.nom>
                </sn>
              </sp>
            </S>
          </grup.nom>
        </sn>
        <f lem="'" pos="fz" punct="mathsign" wd="'"/>
      </S>
    </S>
    <f lem="." pos="fp" punct="period" wd="."/>
  </sentence>
  <sentence coord="yes">
    <sp adjunct="yes" func="ao">
      <prep>
        <s contracted="yes" gen="m" lem="pel_que_fa_al" num="s" pos="spcms" postype="preposition" wd="Pel_que_fa_al"/>
      </prep>
      <sn entity="entity19" entityref="nne" homophoricDD="yes">
        <grup.nom gen="m" num="s">
          <n gen="m" lem="seguiment" num="s" pos="ncms000" postype="common" sense="16:00093268" wd="seguiment"/>
          <s.a gen="m" num="s">
            <grup.a gen="m" num="s">
              <a gen="m" lem="constructiu" num="s" pos="aq0ms0" postype="qualificative" wd="constructiu"/>
            </grup.a>
          </s.a>
          <S clausetype="relative">
            <relatiu arg="arg1" coreftype="ident" discid="1c" entity="entity19" entityref="nne" func="cd" tem="pat">
              <p gen="c" lem="que" num="c" pos="pr0cn000" postype="relative" wd="que"/>
            </relatiu>
            <grup.verb>
              <v lem="haver" mood="indicative" num="s" person="3" pos="vaip3s0" postype="auxiliary" tense="present" wd="ha"/>
              <v gen="m" lem="decidir" lss="A21.transitive-agentive-patient" mood="participle" num="s" pos="vmp00sm" postype="main" wd="decidit"/>
            </grup.verb>
            <S arg="arg1" clausetype="completive" discid="1n" func="cd" tem="pat">
              <infinitiu>
                <v lem="tirar_endavant" lss="A21.transitive-agentive-patient" mood="infinitive" pos="vmn0000" postype="main" wd="tirar_endavant"/>
              </infinitiu>
            </S>
            <sn arg="arg0" entity="entity24" entityref="ne" func="suj" ne="organization" tem="agt">
              <spec gen="f" num="s">
                <d gen="f" lem="el" num="s" pos="da0fs0" postype="article" wd="la"/>
              </spec>
              <grup.nom gen="f" num="s">
                <n lem="Unió_de_Pagesos" ne="organization" pos="np0000o" postype="proper" sense="16:cs1" wd="Unió_de_Pagesos"/>
              </grup.nom>
            </sn>
            <sp arg="argM" func="cc" tem="fin">
              <prep>
                <s lem="per" pos="sps00" postype="preposition" wd="per"/>
              </prep>
              <S clausetype="completive" impersonal="yes">
                <infinitiu>
                  <v lem="garantir" lss="A21.transitive-agentive-patient" mood="infinitive" pos="vmn0000" postype="main" wd="garantir"/>
                </infinitiu>
                <S arg="arg1" clausetype="completive" func="cd" tem="pat">
                  <conj conjunctiontype="subordinating">
                    <c lem="que" pos="cs" postype="subordinating" wd="que"/>
                  </conj>
                  <neg func="mod">
                    <r lem="no" pos="rn" postype="negative" wd="no"/>
                  </neg>
                  <grup.verb>
                    <v lem="entrar" lss="B11.unaccusative-motion" mood="indicative" num="s" person="3" pos="vmip3s0" postype="main" tense="present" wd="entra"/>
                  </grup.verb>
                  <sn arg="arg1" func="suj" tem="tem">
                    <spec gen="m" num="s">
                      <d gen="c" lem="cap" num="s" pos="di0cs0" postype="indefinite" wd="cap"/>
                    </spec>
                    <grup.nom gen="m" num="s">
                      <n gen="m" lem="camió" num="s" pos="ncms000" postype="common" sense="16:02942446" wd="camió"/>
                      <sp>
                        <prep>
                          <s lem="de" pos="sps00" postype="preposition" wd="de"/>
                        </prep>
                        <sn>
                          <grup.nom gen="m" num="s">
                            <n gen="m" lem="bestiar" num="s" pos="ncms000" postype="common" sense="16:01403412" wd="bestiar"/>
                          </grup.nom>
                        </sn>
                      </sp>
                      <s.a gen="m" num="s">
                        <grup.a gen="m" num="s">
                          <a gen="c" lem="procedent" num="s" pos="aq0cs0" postype="qualificative" wd="procedent"/>
                          <sp>
                            <prep>
                              <s lem="de" pos="sps00" postype="preposition" wd="d'"/>
                            </prep>
                            <sn entityref="nne">
                              <spec gen="m" num="s">
                                <d gen="m" lem="algun" num="s" pos="di0ms0" postype="indefinite" wd="algun"/>
                              </spec>
                              <grup.nom gen="m" num="s">
                                <n gen="m" lem="país" num="s" pos="ncms000" postype="common" sense="16:06299747" wd="país"/>
                                <sp>
                                  <prep>
                                    <s lem="de" pos="sps00" postype="preposition" wd="de"/>
                                  </prep>
                                  <sn entity="entity26" entityref="ne" ne="organization">
                                    <spec gen="f" num="s">
                                      <d gen="f" lem="el" num="s" pos="da0fs0" postype="article" wd="la"/>
                                    </spec>
                                    <grup.nom gen="f" num="s">
                                      <n lem="Unió_Europea" ne="organization" pos="np0000o" postype="proper" sense="16:cs1" wd="Unió_Europea"/>
                                    </grup.nom>
                                  </sn>
                                </sp>
                              </grup.nom>
                            </sn>
                          </sp>
                        </grup.a>
                      </s.a>
                    </grup.nom>
                  </sn>
                </S>
              </S>
            </sp>
          </S>
        </grup.nom>
      </sn>
      <f lem="," pos="fc" punct="comma" wd=","/>
    </sp>
    <S>
      <sn arg="arg1" coreftype="ident" entity="entity2" entityref="ne" func="suj" ne="person" tem="tem">
        <grup.nom gen="m" num="s">
          <n lem="Grau" ne="person" pos="np0000p" postype="proper" sense="16:cs1" wd="Grau"/>
        </grup.nom>
      </sn>
      <morfema.pronominal>
        <p gen="c" lem="ell" num="c" person="3" pos="p0300000" wd="s'"/>
      </morfema.pronominal>
      <grup.verb>
        <v lem="haver" mood="indicative" num="s" person="3" pos="vaip3s0" postype="auxiliary" tense="present" wd="ha"/>
        <v gen="m" lem="mostrar" lss="C21.state-attributive" mood="participle" num="s" pos="vmp00sm" postype="main" wd="mostrat"/>
      </grup.verb>
      <sa arg="arg2" func="cpred" predicate="suj" tem="atr">
        <grup.a>
          <a gen="m" lem="caut" num="s" pos="aq0ms0" postype="qualificative" wd="caut"/>
        </grup.a>
      </sa>
    </S>
    <conj conjunctiontype="coordinating">
      <c lem="i" pos="cc" postype="coordinating" wd="i"/>
    </conj>
    <S>
      <sn arg="arg0" coreftype="ident" elliptic="yes" entity="entity2" entityref="spec" func="suj" tem="agt"/>
      <grup.verb>
        <v lem="haver" mood="indicative" num="s" person="3" pos="vaip3s0" postype="auxiliary" tense="present" wd="ha"/>
        <v gen="m" lem="dir" lss="A32.ditransitive-patient-benefactive" mood="participle" num="s" pos="vmp00sm" postype="main" wd="dit"/>
      </grup.verb>
      <sadv arg="argM" func="cc" tem="mnr">
        <f lem="," pos="fc" punct="comma" wd=","/>
        <grup.adv>
          <r lem="simplement" pos="rg" wd="simplement"/>
        </grup.adv>
        <f lem="," pos="fc" punct="comma" wd=","/>
      </sadv>
      <S arg="arg1" clausetype="completive" coord="yes" func="cd" tem="pat">
        <conj conjunctiontype="subordinating">
          <c lem="que" pos="cs" postype="subordinating" wd="que"/>
        </conj>
        <S clausetype="completive">
          <f lem="'" pos="fz" punct="mathsign" wd="'"/>
          <sn arg="arg1" entityref="nne" func="suj" tem="tem">
            <grup.nom num="p">
              <p gen="c" lem="jo" num="p" person="1" pos="pp1cp000" postype="personal" wd="nosaltres"/>
            </grup.nom>
          </sn>
          <neg func="mod">
            <r lem="no" pos="rn" postype="negative" wd="no"/>
          </neg>
          <grup.verb>
            <v lem="tenir" lss="C21.state-attributive" mood="indicative" num="p" person="1" pos="vmip1p0" postype="main" tense="present" wd="tenim"/>
          </grup.verb>
          <sn arg="arg2" func="cd" functype="quantitative" tem="atr">
            <grup.nom gen="f" num="p">
              <n gen="f" lem="competència" num="p" pos="ncfp000" postype="common" sense="16:10411732" wd="competències"/>
            </grup.nom>
          </sn>
          <sp arg="argM" func="cc" tem="loc">
            <prep>
              <s lem="a" pos="sps00" postype="preposition" wd="a"/>
            </prep>
            <sn entity="entity20" entityref="nne" homophoricDD="yes">
              <spec gen="f" num="p">
                <d gen="f" lem="el" num="p" pos="da0fp0" postype="article" wd="les"/>
              </spec>
              <grup.nom gen="f" num="p">
                <n gen="f" lem="frontera" num="p" pos="ncfp000" postype="common" sense="16:06279444" wd="fronteres"/>
              </grup.nom>
            </sn>
          </sp>
        </S>
        <f lem="," pos="fc" punct="comma" wd=","/>
        <S clausetype="completive">
          <sn arg="arg0" entityref="ne" func="suj" ne="organization" tem="agt">
            <spec gen="m" num="p">
              <d gen="m" lem="el" num="p" pos="da0mp0" postype="article" wd="els"/>
            </spec>
            <grup.nom gen="m" num="p">
              <n lem="Mossos" ne="organization" pos="np0000o" postype="proper" sense="16:cs1" wd="Mossos"/>
            </grup.nom>
          </sn>
          <neg func="mod">
            <r lem="no" pos="rn" postype="negative" wd="no"/>
          </neg>
          <grup.verb>
            <v lem="poder" mood="indicative" num="p" person="3" pos="vmip3p0" postype="main" tense="present" wd="poden"/>
            <infinitiu>
              <v lem="actuar" lss="D11.inergative-agentive" mood="infinitive" pos="vmn0000" postype="main" wd="actuar"/>
            </infinitiu>
          </grup.verb>
          <sp arg="argM" coord="yes" func="cc" tem="adv">
            <sp>
              <prep>
                <s lem="en_matèria_de" pos="sps00" postype="preposition" wd="en_matèria_de"/>
              </prep>
              <sn>
                <grup.nom gen="f" num="s">
                  <n gen="f" lem="seguretat" num="s" pos="ncfs000" postype="common" sense="16:10425881" wd="seguretat"/>
                  <s.a gen="f" num="s">
                    <grup.a gen="f" num="s">
                      <a gen="f" lem="ciutadà" num="s" pos="aq0fs0" postype="qualificative" wd="ciutadana"/>
                    </grup.a>
                  </s.a>
                </grup.nom>
              </sn>
            </sp>
            <conj conjunctiontype="coordinating">
              <c lem="i" pos="cc" postype="coordinating" wd="i"/>
            </conj>
            <sp>
              <prep>
                <s lem="de" pos="sps00" postype="preposition" wd="de"/>
              </prep>
              <sn>
                <grup.nom gen="f" num="s">
                  <n gen="f" lem="sanitat" num="s" pos="ncfs000" postype="common" sense="16:03758615" wd="sanitat"/>
                </grup.nom>
              </sn>
            </sp>
          </sp>
          <sp arg="argM" func="cc" tem="loc">
            <prep>
              <s lem="a" pos="sps00" postype="preposition" wd="a"/>
            </prep>
            <sn coreftype="ident" entity="entity20" entityref="nne" homophoricDD="yes">
              <spec gen="f" num="p">
                <d gen="f" lem="el" num="p" pos="da0fp0" postype="article" wd="les"/>
              </spec>
              <grup.nom gen="f" num="p">
                <n gen="f" lem="frontera" num="p" pos="ncfp000" postype="common" sense="16:06279444" wd="fronteres"/>
              </grup.nom>
            </sn>
          </sp>
          <f lem="'" pos="fz" punct="mathsign" wd="'"/>
        </S>
      </S>
    </S>
    <f lem="." pos="fp" punct="period" wd="."/>
  </sentence>
  <sentence coord="yes">
    <sp func="ao">
      <prep>
        <s lem="segons" pos="sps00" postype="preposition" wd="Segons"/>
      </prep>
      <sn coreftype="ident" entity="entity2" entityref="ne" ne="person">
        <grup.nom gen="m" num="s">
          <n lem="Grau" ne="person" pos="np0000p" postype="proper" sense="16:cs1" wd="Grau"/>
        </grup.nom>
      </sn>
      <f lem="," pos="fc" punct="comma" wd=","/>
    </sp>
    <S>
      <f lem="'" pos="fz" punct="mathsign" wd="'"/>
      <morfema.pronominal>
        <p gen="c" lem="hi" num="c" person="3" pos="pp3cn000" postype="personal" wd="hi"/>
      </morfema.pronominal>
      <grup.verb>
        <v lem="haver" lss="C11.state-existential" mood="indicative" num="s" person="3" pos="vmip3s0" postype="main" tense="present" wd="ha"/>
      </grup.verb>
      <sn arg="arg1" entity="entity21" entityref="nne" func="cd" functype="quantitative" tem="tem">
        <spec gen="f" num="s">
          <d gen="f" lem="un" num="s" pos="di0fs0" postype="indefinite" wd="una"/>
        </spec>
        <grup.nom gen="f" num="s">
          <n gen="f" lem="ordre" num="s" pos="ncfs000" postype="common" sense="16:05359574" wd="ordre"/>
          <s.a gen="f" num="s">
            <grup.a gen="f" num="s">
              <a gen="f" lem="espanyol" num="s" pos="aq0fs0" postype="qualificative" wd="espanyola"/>
            </grup.a>
          </s.a>
          <S clausetype="relative">
            <relatiu arg="arg0" coreftype="ident" entity="entity21" entityref="nne" func="suj" tem="agt">
              <p gen="c" lem="que" num="c" pos="pr0cn000" postype="relative" wd="que"/>
            </relatiu>
            <grup.verb>
              <v lem="dir" lss="A32.ditransitive-patient-benefactive" mood="indicative" num="s" person="3" pos="vmip3s0" postype="main" tense="present" wd="diu"/>
            </grup.verb>
            <S arg="arg1" clausetype="completive" coord="yes" entity="entity23" func="cd" tem="pat">
              <conj conjunctiontype="subordinating">
                <c lem="que" pos="cs" postype="subordinating" wd="que"/>
              </conj>
              <S clausetype="completive">
                <neg func="mod">
                  <r lem="no" pos="rn" postype="negative" wd="no"/>
                </neg>
                <grup.verb>
                  <v lem="haver" mood="indicative" num="s" person="3" pos="vaip3s0" postype="auxiliary" tense="present" wd="ha"/>
                  <s lem="de" pos="sps00" postype="preposition" wd="d'"/>
                  <infinitiu>
                    <v lem="entrar" lss="B11.unaccusative-motion" mood="infinitive" pos="vmn0000" postype="main" wd="entrar"/>
                  </infinitiu>
                </grup.verb>
                <sn arg="arg1" func="suj" tem="tem">
                  <sadv adjunct="yes">
                    <grup.adv>
                      <r lem="ni" pos="rg" wd="ni"/>
                    </grup.adv>
                  </sadv>
                  <sn entityref="nne">
                    <spec gen="m" num="s">
                      <d gen="m" lem="un" num="s" pos="di0ms0" postype="indefinite" wd="un"/>
                    </spec>
                    <grup.nom gen="m" num="s">
                      <n gen="c" lem="cap" num="s" pos="nccs000" postype="common" sense="16:00863895" wd="cap"/>
                      <sp>
                        <prep>
                          <s lem="de" pos="sps00" postype="preposition" wd="de"/>
                        </prep>
                        <sn>
                          <grup.nom gen="m" num="s">
                            <n gen="m" lem="bestiar" num="s" pos="ncms000" postype="common" sense="16:01403412" wd="bestiar"/>
                          </grup.nom>
                        </sn>
                      </sp>
                      <sp>
                        <prep>
                          <s lem="de" pos="sps00" postype="preposition" wd="de"/>
                        </prep>
                        <sn entity="entity22" entityref="ne" ne="location">
                          <grup.nom>
                            <n lem="França" ne="location" pos="np0000l" postype="proper" sense="16:06524612" wd="França"/>
                          </grup.nom>
                        </sn>
                      </sp>
                    </grup.nom>
                  </sn>
                </sn>
              </S>
              <conj conjunctiontype="coordinating">
                <c lem="ni" pos="cc" postype="coordinating" wd="ni"/>
              </conj>
              <S clausetype="completive">
                <grup.verb>
                  <v lem="poder" mood="indicative" num="s" person="3" pos="vmip3s0" postype="main" tense="present" wd="pot"/>
                  <infinitiu>
                    <v lem="circular" lss="D11.inergative-agentive" mood="infinitive" pos="vmn0000" postype="main" wd="circular"/>
                  </infinitiu>
                </grup.verb>
                <sp arg="arg2" func="cc" tem="loc">
                  <prep>
                    <s lem="per" pos="sps00" postype="preposition" wd="per"/>
                  </prep>
                  <sn coreftype="ident" entity="entity22" entityref="ne" ne="location">
                    <grup.nom>
                      <n lem="França" ne="location" pos="np0000l" postype="proper" sense="16:06524612" wd="França"/>
                    </grup.nom>
                  </sn>
                </sp>
                <sn arg="arg0" entityref="nne" func="suj" tem="agt">
                  <spec gen="m" num="s">
                    <d gen="m" lem="un" num="s" pos="di0ms0" postype="indefinite" wd="un"/>
                  </spec>
                  <grup.nom gen="m" num="s">
                    <n gen="m" lem="camió" num="s" pos="ncms000" postype="common" sense="16:02942446" wd="camió"/>
                    <S clausetype="participle" impersonal="yes">
                      <participi>
                        <a gen="m" lem="carregat" num="s" pos="aq0msp" posfunction="participle" postype="qualificative" wd="carregat"/>
                      </participi>
                    </S>
                    <sp>
                      <prep>
                        <s lem="de" pos="sps00" postype="preposition" wd="de"/>
                      </prep>
                      <sn>
                        <grup.nom gen="m" num="s">
                          <n gen="m" lem="bestiar" num="s" pos="ncms000" postype="common" sense="16:01403412" wd="bestiar"/>
                        </grup.nom>
                      </sn>
                    </sp>
                  </grup.nom>
                </sn>
              </S>
            </S>
          </S>
        </grup.nom>
        <f lem="'" pos="fz" punct="mathsign" wd="'"/>
      </sn>
    </S>
    <conj conjunctiontype="coordinating">
      <c lem="i" pos="cc" postype="coordinating" wd="i"/>
    </conj>
    <S>
      <sn arg="arg0" coreftype="ident" discid="1c" entity="entity7" entityref="spec" func="suj" tem="agt">
        <spec gen="f" num="s">
          <d gen="c" lem="el" num="s" pos="da0cs0" postype="article" wd="l'"/>
        </spec>
        <grup.nom gen="f" num="s">
          <n gen="f" lem="administració" num="s" pos="ncfs000" postype="common" sense="16:06188759" wd="administració"/>
        </grup.nom>
      </sn>
      <sn arg="arg1" entityref="nne" func="suj" homophoricDD="yes" tem="tem">
        <spec gen="m" num="s">
          <d gen="m" lem="el" num="s" pos="da0ms0" postype="article" wd="el"/>
        </spec>
        <grup.nom gen="m" num="s">
          <S clausetype="relative" discid="1n">
            <relatiu arg="arg1" func="cd" tem="pat">
              <p gen="c" lem="que" num="c" pos="pr0cn000" postype="relative" wd="que"/>
            </relatiu>
            <grup.verb>
              <v lem="fer" lss="A21.transitive-agentive-patient" mood="indicative" num="s" person="3" pos="vmip3s0" postype="main" tense="present" wd="fa"/>
            </grup.verb>
          </S>
        </grup.nom>
      </sn>
      <grup.verb>
        <v lem="ser" lss="C21.state-attributive" mood="indicative" num="s" person="3" pos="vsip3s0" postype="semiauxiliary" tense="present" wd="és"/>
      </grup.verb>
      <S arg="arg2" clausetype="completive" func="atr" impersonal="yes" tem="atr">
        <infinitiu>
          <v lem="controlar" lss="A21.transitive-agentive-patient" mood="infinitive" pos="vmn0000" postype="main" wd="controlar"/>
        </infinitiu>
        <sn arg="arg1" corefsubtype="type" coreftype="dx" entity="entity23" entityref="nne" func="cd" tem="pat">
          <grup.nom gen="m" num="s">
            <p gen="c" lem="això" num="s" pos="pd0ns000" postype="demonstrative" wd="això"/>
          </grup.nom>
        </sn>
      </S>
      <sp arg="argM" func="cc" tem="loc">
        <prep>
          <s lem="a_partir_de" pos="sps00" postype="preposition" wd="a_partir_de"/>
        </prep>
        <sn entityref="nne" homophoricDD="yes">
          <spec gen="f" num="s">
            <d gen="f" lem="el" num="s" pos="da0fs0" postype="article" wd="la"/>
          </spec>
          <grup.nom gen="f" num="s">
            <n gen="f" lem="frontera" num="s" pos="ncfs000" postype="common" sense="16:06279444" wd="frontera"/>
            <sp>
              <prep>
                <s lem="cap_a" pos="sps00" postype="preposition" wd="cap_a"/>
              </prep>
              <sn entityref="nne" homophoricDD="yes">
                <spec gen="m" num="s">
                  <d gen="c" lem="el" num="s" pos="da0cs0" postype="article" wd="l'"/>
                </spec>
                <grup.nom gen="m" num="s">
                  <n gen="m" lem="interior" num="s" pos="ncms000" postype="common" sense="16:06333215" wd="interior"/>
                  <sp>
                    <prep>
                      <s contracted="yes" gen="m" lem="del" num="s" pos="spcms" postype="preposition" wd="del"/>
                    </prep>
                    <sn entityref="nne">
                      <grup.nom gen="m" num="s">
                        <n gen="m" lem="país" num="s" pos="ncms000" postype="common" sense="16:06299747" wd="país"/>
                      </grup.nom>
                    </sn>
                  </sp>
                </grup.nom>
              </sn>
            </sp>
          </grup.nom>
        </sn>
      </sp>
    </S>
    <f lem="." pos="fp" punct="period" wd="."/>
  </sentence>
  <sentence>
    <sp func="ao">
      <prep>
        <s lem="quant_a" pos="sps00" postype="preposition" wd="Quant_a"/>
      </prep>
      <S clausetype="completive" impersonal="yes">
        <infinitiu>
          <v lem="prendre" lss="A21.transitive-agentive-patient" mood="infinitive" pos="vmn0000" postype="main" wd="prendre"/>
        </infinitiu>
        <sn arg="arg1" entityref="nne" func="cd" tem="pat">
          <grup.nom gen="f" num="p">
            <n gen="f" lem="mesura" num="p" pos="ncfp000" postype="common" sense="16:00113217" wd="mesures"/>
            <sp>
              <prep>
                <s lem="pel_que_fa_a" pos="sps00" postype="preposition" wd="pel_que_fa_a"/>
              </prep>
              <sn entityref="nne">
                <grup.nom gen="f" num="s">
                  <n gen="f" lem="vacunació" num="s" pos="ncfs000" postype="common" sense="16:00527847" wd="vacunació"/>
                </grup.nom>
              </sn>
            </sp>
          </grup.nom>
        </sn>
      </S>
      <f lem="," pos="fc" punct="comma" wd=","/>
    </sp>
    <S arg="argM" clausetype="adverbial" func="cc" tem="adv">
      <conj conjunctiontype="subordinating">
        <c lem="tal_i_com" pos="cs" postype="subordinating" wd="tal_i_com"/>
      </conj>
      <sn arg="arg1" elliptic="yes" entityref="lex" func="suj" tem="pat"/>
      <morfema.verbal func="pass">
        <p gen="c" lem="es" num="c" pos="p0000000" wd="es"/>
      </morfema.verbal>
      <grup.verb>
        <v lem="reclamar" lss="B12.unaccusative-passive-ditransitive" mood="indicative" num="s" person="3" pos="vmip3s0" postype="main" tense="present" wd="reclama"/>
      </grup.verb>
      <sp arg="argM" func="cc" tem="loc">
        <prep>
          <s contracted="yes" gen="m" lem="des_del" num="s" pos="spcms" postype="preposition" wd="des_del"/>
        </prep>
        <sn coreftype="ident" entity="entity24" entityref="ne" ne="organization">
          <grup.nom gen="m" num="s">
            <n gen="m" lem="sindicat" num="s" pos="ncms000" postype="common" sense="16:06112041" wd="sindicat"/>
            <sn entityref="ne" ne="organization">
              <grup.nom>
                <n lem="Unió_de_Pagesos" ne="organization" pos="np0000o" postype="proper" sense="16:cs1" wd="Unió_de_Pagesos"/>
              </grup.nom>
            </sn>
          </grup.nom>
        </sn>
      </sp>
      <f lem="," pos="fc" punct="comma" wd=","/>
    </S>
    <sn arg="arg0" coreftype="ident" entity="entity2" entityref="ne" func="suj" ne="person" tem="agt">
      <grup.nom gen="m" num="s">
        <n lem="Grau" ne="person" pos="np0000p" postype="proper" sense="16:cs1" wd="Grau"/>
      </grup.nom>
    </sn>
    <grup.verb>
      <v lem="haver" mood="indicative" num="s" person="3" pos="vaip3s0" postype="auxiliary" tense="present" wd="ha"/>
      <v gen="m" lem="dir" lss="A32.ditransitive-patient-benefactive" mood="participle" num="s" pos="vmp00sm" postype="main" wd="dit"/>
    </grup.verb>
    <S arg="arg1" clausetype="completive" func="cd" tem="pat">
      <conj conjunctiontype="subordinating">
        <c lem="que" pos="cs" postype="subordinating" wd="que"/>
      </conj>
      <grup.verb>
        <v lem="caldre" lss="C41.state-benefactive" mood="indicative" num="s" person="3" pos="vmip3s0" postype="main" tense="present" wd="cal"/>
      </grup.verb>
      <S arg="arg1" clausetype="completive" func="suj" impersonal="yes" tem="tem">
        <infinitiu>
          <v lem="complir" lss="A21.transitive-agentive-patient" mood="infinitive" pos="vmn0000" postype="main" wd="complir"/>
        </infinitiu>
        <sn arg="arg1" entity="entity25" entityref="nne" func="cd" homophoricDD="yes" tem="pat">
          <spec gen="f" num="p">
            <d gen="f" lem="el" num="p" pos="da0fp0" postype="article" wd="les"/>
          </spec>
          <grup.nom gen="f" num="p">
            <n gen="f" lem="norma" num="p" pos="ncfp000" postype="common" sense="16:04381416" wd="normes"/>
            <S clausetype="relative">
              <relatiu arg="arg1" coreftype="ident" entity="entity25" entityref="nne" func="suj" tem="pat">
                <p gen="c" lem="que" num="c" pos="pr0cn000" postype="relative" wd="que"/>
              </relatiu>
              <morfema.verbal func="pass">
                <p gen="c" lem="es" num="c" pos="p0000000" wd="es"/>
              </morfema.verbal>
              <grup.verb>
                <v lem="dictar" lss="B22.unaccusative-passive-transitive" mood="indicative" num="p" person="3" pos="vmip3p0" postype="main" tense="present" wd="dicten"/>
              </grup.verb>
              <sp arg="argM" func="cc" tem="loc">
                <prep>
                  <s lem="des_de" pos="sps00" postype="preposition" wd="des_de"/>
                </prep>
                <sn coreftype="ident" entity="entity26" entityref="ne" ne="organization">
                  <spec gen="f" num="s">
                    <d gen="f" lem="el" num="s" pos="da0fs0" postype="article" wd="la"/>
                  </spec>
                  <grup.nom gen="f" num="s">
                    <n lem="Unió_Europea" ne="organization" pos="np0000o" postype="proper" sense="16:cs1" wd="Unió_Europea"/>
                  </grup.nom>
                </sn>
              </sp>
            </S>
          </grup.nom>
        </sn>
      </S>
    </S>
    <f lem="." pos="fp" punct="period" wd="."/>
  </sentence>
  <sentence coord="yes">
    <sp adjunct="yes" func="et">
      <prep>
        <s lem="de" pos="sps00" postype="preposition" wd="D'"/>
      </prep>
      <sn entityref="lex">
        <spec gen="f" num="s">
          <d gen="f" lem="altre" num="s" pos="di0fs0" postype="indefinite" wd="altra"/>
        </spec>
        <grup.nom gen="f" num="s">
          <n gen="f" lem="banda" num="s" pos="ncfs000" postype="common" sense="16:04505974" wd="banda"/>
        </grup.nom>
      </sn>
      <f lem="," pos="fc" punct="comma" wd=","/>
    </sp>
    <S coord="yes">
      <S>
        <sn arg="arg1" coreftype="ident" entity="entity2" entityref="ne" func="suj" ne="person" tem="tem">
          <grup.nom gen="m" num="s">
            <n lem="Grau" ne="person" pos="np0000p" postype="proper" sense="16:cs1" wd="Grau"/>
          </grup.nom>
        </sn>
        <morfema.pronominal>
          <p gen="c" lem="ell" num="c" person="3" pos="p0300000" wd="s'"/>
        </morfema.pronominal>
        <grup.verb>
          <v lem="haver" mood="indicative" num="s" person="3" pos="vaip3s0" postype="auxiliary" tense="present" wd="ha"/>
          <v gen="m" lem="referir" lss="C21.state-attributive" mood="participle" num="s" pos="vmp00sm" postype="main" wd="referit"/>
        </grup.verb>
        <sp arg="arg2" func="creg" tem="atr">
          <prep>
            <s contracted="yes" gen="m" lem="al" num="s" pos="spcms" postype="preposition" wd="al"/>
          </prep>
          <sn entityref="ne" ne="other">
            <grup.nom gen="f" num="s">
              <n gen="f" lem="canal" num="s" pos="ncfs000" postype="common" sense="16:02486167" wd="canal"/>
              <sn entityref="ne" ne="location">
                <grup.nom>
                  <n lem="Segarra-Garrigues" ne="location" pos="np0000l" postype="proper" sense="16:cs1" wd="Segarra-Garrigues"/>
                </grup.nom>
              </sn>
            </grup.nom>
          </sn>
        </sp>
      </S>
      <conj conjunctiontype="coordinating">
        <c lem="i" pos="cc" postype="coordinating" wd="i"/>
      </conj>
      <S>
        <sn arg="arg0" coreftype="ident" elliptic="yes" entity="entity2" entityref="spec" func="suj" tem="agt"/>
        <grup.verb>
          <v lem="haver" mood="indicative" num="s" person="3" pos="vaip3s0" postype="auxiliary" tense="present" wd="ha"/>
          <v gen="m" lem="assegurar" lss="A21.transitive-agentive-patient" mood="participle" num="s" pos="vmp00sm" postype="main" wd="assegurat"/>
        </grup.verb>
        <S arg="arg1" clausetype="completive" func="cd" tem="pat">
          <conj conjunctiontype="subordinating">
            <c lem="que" pos="cs" postype="subordinating" wd="que"/>
          </conj>
          <sn arg="arg0" entityref="ne" func="suj" ne="organization" tem="agt">
            <f lem="'" pos="fz" punct="mathsign" wd="'"/>
            <spec gen="m" num="s">
              <d gen="m" lem="el" num="s" pos="da0ms0" postype="article" wd="el"/>
            </spec>
            <grup.nom gen="m" num="s">
              <n lem="Govern" ne="organization" pos="np0000o" postype="proper" sense="16:cs1" wd="Govern"/>
            </grup.nom>
          </sn>
          <grup.verb>
            <v lem="treballar" lss="A34.ditransitive-patient-theme" mood="indicative" num="s" person="3" pos="vmip3s0" postype="main" tense="present" wd="treballa"/>
          </grup.verb>
          <sp arg="arg2" func="creg" tem="tem">
            <prep>
              <s lem="en" pos="sps00" postype="preposition" wd="en"/>
            </prep>
            <sn entity="entity27" entityref="nne">
              <spec gen="m" num="s">
                <d gen="m" lem="un" num="s" pos="di0ms0" postype="indefinite" wd="un"/>
              </spec>
              <grup.nom gen="m" num="s">
                <s.a gen="m" num="s">
                  <grup.a gen="m" num="s">
                    <a gen="m" lem="únic" num="s" pos="aq0ms0" postype="qualificative" wd="únic"/>
                  </grup.a>
                </s.a>
                <n gen="m" lem="sistema" num="s" pos="ncms000" postype="common" sense="16:03459836" wd="sistema"/>
              </grup.nom>
            </sn>
          </sp>
          <S clausetype="relative">
            <relatiu arg="arg1" coreftype="ident" entity="entity27" entityref="nne" func="suj" tem="tem">
              <p gen="c" lem="que" num="c" pos="pr0cn000" postype="relative" wd="que"/>
            </relatiu>
            <grup.verb>
              <v lem="voler_dir" lss="C21.state-attributive" mood="indicative" num="s" person="3" pos="vmip3s0" postype="main" tense="present" wd="vol_dir"/>
            </grup.verb>
            <S arg="arg2" clausetype="completive" coord="yes" func="cd" functype="quantitative" tem="atr">
              <conj conjunctiontype="subordinating">
                <c lem="que" pos="cs" postype="subordinating" wd="que"/>
              </conj>
              <sp adjunct="yes" arg="argM" func="cc" tem="adv">
                <prep>
                  <s lem="des_de" pos="sps00" postype="preposition" wd="des_de"/>
                </prep>
                <sn entityref="nne" homophoricDD="yes">
                  <spec gen="f" num="s">
                    <d gen="f" lem="el" num="s" pos="da0fs0" postype="article" wd="la"/>
                  </spec>
                  <grup.nom gen="f" num="s">
                    <n gen="f" lem="capçalera" num="s" pos="ncfs000" postype="common" sense="16:06381104" wd="capçalera"/>
                    <sp>
                      <prep>
                        <s contracted="yes" gen="m" lem="fins_al" num="s" pos="spcms" postype="preposition" wd="fins_al"/>
                      </prep>
                      <sn entityref="nne" homophoricDD="yes">
                        <grup.nom gen="f" num="s">
                          <n gen="f" lem="final" num="s" pos="ncfs000" postype="common" sense="16:04515461" wd="final"/>
                          <sp>
                            <prep>
                              <s lem="de" pos="sps00" postype="preposition" wd="de"/>
                            </prep>
                            <sn entityref="nne">
                              <grup.nom gen="m" num="s">
                                <p gen="m" lem="tot" num="s" pos="pi0ms000" postype="indefinite" wd="tot"/>
                              </grup.nom>
                            </sn>
                          </sp>
                        </grup.nom>
                      </sn>
                    </sp>
                  </grup.nom>
                </sn>
                <f lem="," pos="fc" punct="comma" wd=","/>
              </sp>
              <S clausetype="completive" coord="yes">
                <S clausetype="completive">
                  <sp arg="argM" func="cc" tem="loc">
                    <prep>
                      <s contracted="yes" gen="m" lem="al" num="s" pos="spcms" postype="preposition" wd="al"/>
                    </prep>
                    <sn entityref="nne" homophoricDD="yes">
                      <grup.nom gen="m" num="s">
                        <n gen="m" lem="marge" num="s" pos="ncms000" postype="common" sense="16:06800223" wd="marge"/>
                        <s.a gen="m" num="s">
                          <grup.a gen="m" num="s">
                            <a gen="m" lem="dret" num="s" pos="aq0ms0" postype="qualificative" wd="dret"/>
                          </grup.a>
                        </s.a>
                      </grup.nom>
                    </sn>
                  </sp>
                  <sn arg="arg1" entityref="nne" func="suj" homophoricDD="yes" tem="tem">
                    <spec gen="f" num="s">
                      <d gen="f" lem="el" num="s" pos="da0fs0" postype="article" wd="la"/>
                    </spec>
                    <grup.nom gen="f" num="s">
                      <n gen="f" lem="dotació" num="s" pos="ncfs000" postype="common" sense="16:06092672" wd="dotació"/>
                    </grup.nom>
                  </sn>
                  <grup.verb>
                    <v lem="ser" lss="C21.state-attributive" mood="indicative" num="s" person="3" pos="vsif3s0" postype="semiauxiliary" tense="future" wd="serà"/>
                  </grup.verb>
                  <sp arg="arg2" func="atr" tem="atr">
                    <prep>
                      <s lem="de" pos="sps00" postype="preposition" wd="de"/>
                    </prep>
                    <sn entityref="ne" ne="number">
                      <spec gen="m" num="p">
                        <z lem="6000" ne="number" wd="6.000"/>
                      </spec>
                      <grup.nom gen="m" num="p">
                        <n gen="m" lem="metre" num="p" pos="ncmp000" postype="common" sense="16:09822324" wd="metres"/>
                        <s.a gen="m" num="p">
                          <grup.a gen="m" num="p">
                            <a gen="m" lem="cúbic" num="p" pos="aq0mp0" postype="qualificative" wd="cúbics"/>
                          </grup.a>
                        </s.a>
                      </grup.nom>
                    </sn>
                  </sp>
                </S>
                <conj conjunctiontype="coordinating">
                  <c lem="i" pos="cc" postype="coordinating" wd="i"/>
                </conj>
                <S clausetype="completive" verbless="yes">
                  <sn entityref="ne" ne="number">
                    <grup.nom gen="m" num="p">
                      <z lem="1500" ne="number" wd="1.500"/>
                    </grup.nom>
                  </sn>
                  <sp>
                    <prep>
                      <s contracted="yes" gen="m" lem="pel" num="s" pos="spcms" postype="preposition" wd="pel"/>
                    </prep>
                    <sn entityref="nne" homophoricDD="yes">
                      <grup.nom gen="m" num="s">
                        <n gen="m" lem="marge" num="s" pos="ncms000" postype="common" sense="16:06800223" wd="marge"/>
                        <s.a gen="m" num="s">
                          <grup.a gen="m" num="s">
                            <a gen="m" lem="esquerre" num="s" pos="aq0ms0" postype="qualificative" wd="esquerre"/>
                          </grup.a>
                        </s.a>
                      </grup.nom>
                    </sn>
                  </sp>
                </S>
              </S>
              <f lem="'" pos="fz" punct="mathsign" wd="'"/>
            </S>
          </S>
        </S>
      </S>
    </S>
    <f lem="." pos="fp" punct="period" wd="."/>
  </sentence>
  <sentence>
    <sadv func="mod">
      <grup.adv>
        <r lem="també" pos="rg" wd="També"/>
      </grup.adv>
    </sadv>
    <sn arg="arg0" coreftype="ident" elliptic="yes" entity="entity2" entityref="spec" func="suj" tem="agt"/>
    <grup.verb>
      <v lem="haver" mood="indicative" num="s" person="3" pos="vaip3s0" postype="auxiliary" tense="present" wd="ha"/>
      <v gen="m" lem="dir" lss="A32.ditransitive-patient-benefactive" mood="participle" num="s" pos="vmp00sm" postype="main" wd="dit"/>
    </grup.verb>
    <S arg="arg1" clausetype="completive" func="cd" tem="pat">
      <conj conjunctiontype="subordinating">
        <c lem="que" pos="cs" postype="subordinating" wd="que"/>
      </conj>
      <sp arg="argM" func="cc" tem="tmp">
        <prep>
          <s lem="durant" pos="sps00" postype="preposition" wd="durant"/>
        </prep>
        <sn entityref="nne" homophoricDD="yes">
          <spec gen="m" num="s">
            <d gen="m" lem="el" num="s" pos="da0ms0" postype="article" wd="el"/>
          </spec>
          <grup.nom gen="m" num="s">
            <s.a gen="m" num="s">
              <grup.a gen="m" num="s">
                <a gen="m" lem="proper" num="s" pos="aq0ms0" postype="qualificative" wd="proper"/>
              </grup.a>
            </s.a>
            <n gen="m" lem="trimestre" num="s" pos="ncms000" postype="common" sense="16:10937467" wd="trimestre"/>
          </grup.nom>
        </sn>
      </sp>
      <morfema.verbal func="pass">
        <p gen="c" lem="es" num="c" pos="p0000000" wd="s'"/>
      </morfema.verbal>
      <grup.verb>
        <v lem="enviar" lss="B22.unaccusative-passive-transitive" mood="indicative" num="p" person="3" pos="vmif3p0" postype="main" tense="future" wd="enviaran"/>
      </grup.verb>
      <sn arg="arg1" entityref="nne" func="suj" tem="pat">
        <spec gen="f" num="p">
          <d gen="f" lem="dos" num="p" pos="dn0fp0" postype="numeral" wd="dues"/>
        </spec>
        <grup.nom gen="f" num="p">
          <n gen="f" lem="tramesa" num="p" pos="ncfp000" postype="common" sense="16:00034968" wd="trameses"/>
        </grup.nom>
      </sn>
      <sp arg="arg2" func="ci" tem="ben">
        <prep>
          <s lem="a" pos="sps00" postype="preposition" wd="a"/>
        </prep>
        <sn entity="entity28" entityref="nne">
          <spec gen="m" num="p">
            <d gen="m" lem="tot" num="p" pos="di0mp0" postype="indefinite" wd="tots"/>
            <d gen="m" lem="el" num="p" pos="da0mp0" postype="article" wd="els"/>
          </spec>
          <grup.nom gen="m" num="p">
            <n gen="m" lem="ajuntament" num="p" pos="ncmp000" postype="common" sense="16:03524562" wd="ajuntaments"/>
            <S clausetype="relative">
              <relatiu arg="arg1" coreftype="ident" entity="entity28" entityref="nne" func="suj" tem="tem">
                <p gen="c" lem="que" num="c" pos="pr0cn000" postype="relative" wd="que"/>
              </relatiu>
              <grup.verb>
                <v lem="tenir" lss="C21.state-attributive" mood="indicative" num="p" person="3" pos="vmif3p0" postype="main" tense="future" wd="tindran"/>
              </grup.verb>
              <sn arg="arg2" entityref="nne" func="cd" functype="quantitative" tem="atr">
                <spec gen="f" num="s">
                  <d gen="f" lem="algun" num="s" pos="di0fs0" postype="indefinite" wd="alguna"/>
                </spec>
                <grup.nom gen="f" num="s">
                  <n gen="f" lem="finca" num="s" pos="ncfs000" postype="common" sense="16:09530909" wd="finca"/>
                  <sp>
                    <prep>
                      <s lem="en" pos="sps00" postype="preposition" wd="en"/>
                    </prep>
                    <sn>
                      <grup.nom gen="m" num="s">
                        <n gen="m" lem="rec" num="s" pos="ncms000" postype="common" sense="16:02543705" wd="rec"/>
                      </grup.nom>
                    </sn>
                  </sp>
                  <sp>
                    <prep>
                      <s lem="amb" pos="sps00" postype="preposition" wd="amb"/>
                    </prep>
                    <sn coord="yes">
                      <sn entityref="nne">
                        <grup.nom gen="f" num="p">
                          <n gen="f" lem="dada" num="p" pos="ncfp000" postype="common" sense="16:04480764" wd="dades"/>
                          <s.a gen="f" num="p">
                            <grup.a gen="f" num="p">
                              <a gen="f" lem="concret" num="p" pos="aq0fp0" postype="qualificative" wd="concretes"/>
                            </grup.a>
                          </s.a>
                          <sp>
                            <prep>
                              <s lem="sobre" pos="sps00" postype="preposition" wd="sobre"/>
                            </prep>
                            <sn coord="yes">
                              <sn entityref="nne">
                                <grup.nom gen="m" num="s">
                                  <n gen="m" lem="polígon" num="s" pos="ncms000" postype="common" sense="16:09989692" wd="polígon"/>
                                </grup.nom>
                              </sn>
                              <f lem="," pos="fc" punct="comma" wd=","/>
                              <sn entityref="nne">
                                <grup.nom gen="f" num="s">
                                  <n gen="f" lem="parcel·la" num="s" pos="ncfs000" postype="common" sense="16:06384327" wd="parcel·la"/>
                                </grup.nom>
                              </sn>
                              <f lem="," pos="fc" punct="comma" wd=","/>
                              <sn entityref="nne">
                                <grup.nom gen="m" num="s">
                                  <n gen="m" lem="nom" num="s" pos="ncms000" postype="common" sense="16:04778525" wd="nom"/>
                                  <sp>
                                    <prep>
                                      <s contracted="yes" gen="m" lem="del" num="s" pos="spcms" postype="preposition" wd="del"/>
                                    </prep>
                                    <sn entityref="nne" homophoricDD="yes">
                                      <grup.nom gen="m" num="s">
                                        <n gen="m" lem="propietari" num="s" pos="ncms000" postype="common" sense="16:07451666" wd="propietari"/>
                                      </grup.nom>
                                    </sn>
                                  </sp>
                                </grup.nom>
                              </sn>
                              <conj conjunctiontype="coordinating">
                                <c lem="i" pos="cc" postype="coordinating" wd="i"/>
                              </conj>
                              <sn entityref="nne" homophoricDD="yes">
                                <spec gen="m" num="s">
                                  <d gen="m" lem="el" num="s" pos="da0ms0" postype="article" wd="el"/>
                                </spec>
                                <grup.nom gen="m" num="s">
                                  <s.a gen="m" num="s">
                                    <grup.a gen="m" num="s">
                                      <a gen="m" lem="parcel·lari" num="s" pos="aq0ms0" postype="qualificative" wd="parcel·lari"/>
                                    </grup.a>
                                  </s.a>
                                </grup.nom>
                              </sn>
                            </sn>
                          </sp>
                        </grup.nom>
                        <f lem="," pos="fc" punct="comma" wd=","/>
                      </sn>
                      <conj conjunctiontype="coordinating">
                        <c lem="és_a_dir" pos="cc" postype="coordinating" wd="és_a_dir"/>
                      </conj>
                      <sn entity="entity29">
                        <f lem="," pos="fc" punct="comma" wd=","/>
                        <spec gen="m" num="s">
                          <d gen="m" lem="el" num="s" pos="da0ms0" postype="article" wd="el"/>
                        </spec>
                        <grup.nom gen="m" num="s">
                          <n gen="m" lem="plànol" num="s" pos="ncms000" postype="common" sense="16:03136211" wd="plànol"/>
                          <S clausetype="relative">
                            <sp arg="argM" func="cc" tem="loc">
                              <prep>
                                <s lem="en" pos="sps00" postype="preposition" wd="en"/>
                              </prep>
                              <relatiu coreftype="ident" entity="entity29" entityref="nne">
                                <d gen="m" lem="el" num="s" pos="da0ms0" postype="article" wd="el"/>
                                <p gen="c" lem="que" num="c" pos="pr0cn000" postype="relative" wd="que"/>
                              </relatiu>
                            </sp>
                            <morfema.verbal func="impers">
                              <p gen="c" lem="es" num="c" pos="p0000000" wd="es"/>
                            </morfema.verbal>
                            <grup.verb>
                              <v lem="poder" mood="indicative" num="s" person="3" pos="vmif3s0" postype="main" tense="future" wd="podrà"/>
                              <infinitiu>
                                <v lem="veure" lss="A21.transitive-agentive-patient" mood="infinitive" pos="vmn0000" postype="main" wd="veure"/>
                              </infinitiu>
                            </grup.verb>
                            <sadv arg="arg1" func="cd" tem="pat">
                              <grup.adv>
                                <r lem="fins" pos="rg" wd="fins"/>
                                <S clausetype="adverbial">
                                  <conj conjunctiontype="subordinating">
                                    <c lem="on" pos="cs" postype="subordinating" wd="on"/>
                                  </conj>
                                  <grup.verb>
                                    <v lem="arribar" lss="B11.unaccusative-motion" mood="indicative" num="s" person="3" pos="vmip3s0" postype="main" tense="present" wd="arriba"/>
                                  </grup.verb>
                                  <sn arg="arg1" entityref="nne" func="suj" homophoricDD="yes" tem="tem">
                                    <spec gen="f" num="s">
                                      <d gen="c" lem="el" num="s" pos="da0cs0" postype="article" wd="l'"/>
                                    </spec>
                                    <grup.nom gen="f" num="s">
                                      <n gen="f" lem="aigua" num="s" pos="ncfs000" postype="common" sense="16:10650211" wd="aigua"/>
                                    </grup.nom>
                                  </sn>
                                </S>
                              </grup.adv>
                            </sadv>
                          </S>
                        </grup.nom>
                      </sn>
                    </sn>
                  </sp>
                </grup.nom>
              </sn>
            </S>
          </grup.nom>
        </sn>
      </sp>
    </S>
    <f lem="." pos="fp" punct="period" wd="."/>
  </sentence>
</article>
