<?xml version="1.0" encoding="UTF-8"?>
<!-- 

  ancora-2.0
       
			Copyright (C) 2007, 2008, 2009, 2010, 2011 UB - CLiC
			Centre de Llenguatge i Computació - Universitat de Barcelona
 
  This file is part of ancora-2.0.
 
  ancora-2.0 is free software and data: you can redistribute it and/or modify
  it under the terms of the GNU General Public License as published
  by the Free Software Foundation, either version 3 of the License,
  or (at your option) any later version.

  ancora-2.0 is distributed in the hope that it will be useful,
  but WITHOUT ANY WARRANTY; without even the implied warranty of
  MERCHANTABILITY or FITNESS FOR A PARTICULAR PURPOSE.  See the
  GNU General Public License for more details.
 
  You should have received a copy of the GNU General Public License
  along with ancora-2.0.  If not, see &lt;http://www.gnu.org/licenses/&gt;.
 
  Check a text in catalan explaining the terms of the license at http://www.softcatala.cat/wiki/GPL3.
  In spanish at http://www.viti.es/gnu/licenses/gpl.html
 

  The following paper must be cited when using this corpus:

 * Taulé, M., M.A. Martí, M. Recasens (2008) 'Ancora: Multilevel Annotated Corpora for Catalan and Spanish',
   Proceedings of 6th International Conference on Language Resources and Evaluation. Marrakesh (Morocco).

  In addition, the following paper must be cited if coreference information (attributes entity, coreftype,
  corefsubtype, homophoricDD or entityref) is used:

 * Recasens, Marta, M. Antònia Martí (2010) ‘AnCora-CO: Coreferentially annotated corpora for Spanish and
   Catalan’. Language Resources and Evaluation, Springer Science.

  Additionally, the following paper must be cited when argumental attributes in "sn" or "grup.nom"
  (attributes func, arg, tem or lexicalid) are used:

 * Peris, Aina, Mariona Taulé, Horacio Rodríguez (2010) ‘Semantic Annotation of Deverbal Nominalizations in the
   Spanish AnCora corpus’. Treebanks and Linguistic Theories (TLT-2010), Estonia.
-->
<article lng="ca">
  <sentence>
    <sn arg="arg0" entity="entity3" entityref="ne" func="suj" ne="organization" tem="agt">
      <spec gen="m" num="s">
        <d gen="m" lem="el" num="s" pos="da0ms0" postype="article" wd="El"/>
      </spec>
      <grup.nom gen="m" num="s">
        <n lem="Grup_Municipal_de_CiU" ne="organization" pos="np0000o" postype="proper" sense="16:cs1" wd="Grup_Municipal_de_CiU"/>
        <sp>
          <prep>
            <s lem="a" pos="sps00" postype="preposition" wd="a"/>
          </prep>
          <sn entity="entity1" entityref="ne" ne="organization">
            <spec gen="f" num="s">
              <d gen="f" lem="el" num="s" pos="da0fs0" postype="article" wd="la"/>
            </spec>
            <grup.nom gen="f" num="s">
              <n lem="Paeria_de_Lleida" ne="organization" pos="np0000o" postype="proper" sense="16:cs1" wd="Paeria_de_Lleida"/>
            </grup.nom>
          </sn>
        </sp>
      </grup.nom>
    </sn>
    <grup.verb>
      <v lem="haver" mood="indicative" num="s" person="3" pos="vaip3s0" postype="auxiliary" tense="present" wd="ha"/>
      <v gen="m" lem="criticar" lss="A21.transitive-agentive-patient" mood="participle" num="s" pos="vmp00sm" postype="main" wd="criticat"/>
    </grup.verb>
    <sadv arg="argM" func="cc" tem="tmp">
      <grup.adv>
        <r lem="avui" pos="rg" wd="avui"/>
      </grup.adv>
    </sadv>
    <sn arg="arg1" entityref="nne" func="cd" homophoricDD="yes" tem="pat">
      <spec gen="m" num="s">
        <d gen="c" lem="el" num="s" pos="da0cs0" postype="article" wd="l'"/>
      </spec>
      <grup.nom gen="m" num="s">
        <n gen="m" lem="increment" num="s" pos="ncms000" postype="common" sense="16:05479891" wd="increment"/>
        <sp>
          <prep>
            <s lem="de" pos="sps00" postype="preposition" wd="de"/>
          </prep>
          <sn entityref="nne" homophoricDD="yes">
            <spec gen="f" num="s">
              <d gen="f" lem="el" num="s" pos="da0fs0" postype="article" wd="la"/>
            </spec>
            <grup.nom gen="f" num="s">
              <n gen="f" lem="pressió" num="s" pos="ncfs000" postype="common" sense="16:04044869" wd="pressió"/>
              <s.a gen="f" num="s">
                <grup.a gen="f" num="s">
                  <a gen="c" lem="fiscal" num="s" pos="aq0cs0" postype="qualificative" wd="fiscal"/>
                </grup.a>
              </s.a>
            </grup.nom>
          </sn>
        </sp>
        <sp>
          <prep>
            <s lem="de" pos="sps00" postype="preposition" wd="de"/>
          </prep>
          <sn entityref="ne" ne="organization">
            <spec gen="m" num="s">
              <d gen="c" lem="el" num="s" pos="da0cs0" postype="article" wd="l'"/>
            </spec>
            <grup.nom gen="m" num="s">
              <n lem="Equip_de_Govern" ne="organization" pos="np0000o" postype="proper" sense="16:cs1" wd="Equip_de_Govern"/>
              <sp>
                <prep>
                  <s lem="de" pos="sps00" postype="preposition" wd="de"/>
                </prep>
                <sn coreftype="ident" entity="entity1" entityref="ne" ne="organization">
                  <spec gen="m" num="s">
                    <d gen="c" lem="el" num="s" pos="da0cs0" postype="article" wd="l'"/>
                  </spec>
                  <grup.nom gen="m" num="s">
                    <n lem="Ajuntament_de_Lleida" ne="organization" pos="np0000o" postype="proper" sense="16:cs1" wd="Ajuntament_de_Lleida"/>
                  </grup.nom>
                </sn>
              </sp>
            </grup.nom>
          </sn>
        </sp>
        <sp>
          <prep>
            <s lem="sobre" pos="sps00" postype="preposition" wd="sobre"/>
          </prep>
          <sn entity="entity20" entityref="nne" homophoricDD="yes">
            <spec gen="m" num="p">
              <d gen="m" lem="el" num="p" pos="da0mp0" postype="article" wd="els"/>
            </spec>
            <grup.nom gen="m" num="p">
              <n gen="m" lem="ciutadà" num="p" pos="ncmp000" postype="common" sense="16:07157546" wd="ciutadans"/>
            </grup.nom>
          </sn>
        </sp>
        <sp>
          <prep>
            <s lem="com_a" pos="sps00" postype="preposition" wd="com_a"/>
          </prep>
          <sn>
            <grup.nom gen="f" num="s">
              <n gen="f" lem="conseqüència" num="s" pos="ncfs000" postype="common" sense="16:07766144" wd="conseqüència"/>
              <sp>
                <prep>
                  <s contracted="yes" gen="m" lem="del" num="s" pos="spcms" postype="preposition" wd="del"/>
                </prep>
                <sn entity="entity2" entityref="nne" homophoricDD="yes">
                  <grup.nom gen="m" num="s">
                    <s.a gen="m" num="s">
                      <grup.a gen="m" num="s">
                        <a gen="c" lem="greu" num="s" pos="aq0cs0" postype="qualificative" wd="greu"/>
                      </grup.a>
                    </s.a>
                    <n gen="m" lem="endeutament" num="s" pos="ncms000" postype="common" sense="16:cs1" wd="endeutament"/>
                    <S clausetype="relative">
                      <relatiu arg="arg2" coreftype="ident" entity="entity2" entityref="nne" func="cd" functype="quantitative" tem="atr">
                        <p gen="c" lem="que" num="c" pos="pr0cn000" postype="relative" wd="que"/>
                      </relatiu>
                      <sn arg="arg1" coreftype="ident" elliptic="yes" entity="entity1" entityref="spec" func="suj" tem="tem"/>
                      <grup.verb>
                        <v lem="patir" lss="C21.state-attributive" mood="indicative" num="s" person="3" pos="vmip3s0" postype="main" tense="present" wd="pateix"/>
                      </grup.verb>
                    </S>
                  </grup.nom>
                </sn>
              </sp>
            </grup.nom>
          </sn>
        </sp>
      </grup.nom>
    </sn>
    <f lem="." pos="fp" punct="period" wd="."/>
  </sentence>
  <sentence>
    <sn arg="arg0" coreftype="ident" entity="entity3" entityref="ne" func="suj" ne="organization" tem="agt">
      <spec gen="m" num="s">
        <d gen="m" lem="el" num="s" pos="da0ms0" postype="article" wd="El"/>
      </spec>
      <grup.nom gen="m" num="s">
        <n gen="m" lem="grup" num="s" pos="ncms000" postype="common" sense="16:00017954" wd="grup"/>
        <s.a gen="m" num="s">
          <grup.a gen="m" num="s">
            <a gen="c" lem="convergent" num="s" pos="aq0cs0" postype="qualificative" wd="convergent"/>
          </grup.a>
        </s.a>
      </grup.nom>
    </sn>
    <grup.verb>
      <v lem="haver" mood="indicative" num="s" person="3" pos="vaip3s0" postype="auxiliary" tense="present" wd="ha"/>
      <v gen="m" lem="presentar" lss="A32.ditransitive-patient-benefactive" mood="participle" num="s" pos="vmp00sm" postype="main" wd="presentat"/>
    </grup.verb>
    <sn arg="arg1" coord="yes" func="cd" tem="pat">
      <sn entity="entity4" entityref="nne">
        <grup.nom gen="f" num="p">
          <n gen="f" lem="al·legació" num="p" pos="ncfp000" postype="common" sense="16:05046181" wd="al·legacions"/>
          <sp>
            <prep>
              <s lem="a" pos="sps00" postype="preposition" wd="a"/>
            </prep>
            <sn entityref="nne" homophoricDD="yes">
              <spec gen="m" num="s">
                <d gen="c" lem="el" num="s" pos="da0cs0" postype="article" wd="l'"/>
              </spec>
              <grup.nom gen="m" num="s">
                <n gen="m" lem="expedient" num="s" pos="ncms000" postype="common" sense="16:04884887" wd="expedient"/>
                <sp>
                  <prep>
                    <s lem="de" pos="sps00" postype="preposition" wd="d'"/>
                  </prep>
                  <sn entity="entity10">
                    <grup.nom gen="f" num="p">
                      <n gen="c" lem="ordenança" num="p" pos="nccp000" postype="common" sense="16:cs1" wd="ordenances"/>
                      <s.a gen="f" num="p">
                        <grup.a gen="f" num="p">
                          <a gen="c" lem="fiscal" num="p" pos="aq0cp0" postype="qualificative" wd="fiscals"/>
                        </grup.a>
                      </s.a>
                      <sp>
                        <prep>
                          <s lem="per" pos="sps00" postype="preposition" wd="per"/>
                        </prep>
                        <sp>
                          <prep>
                            <s contracted="yes" gen="m" lem="al" num="s" pos="spcms" postype="preposition" wd="al"/>
                          </prep>
                          <sn entityref="ne" ne="date">
                            <grup.nom gen="m" num="s">
                              <w lem="[??:??/??/2002:??.??]" ne="date" wd="2002"/>
                            </grup.nom>
                          </sn>
                        </sp>
                      </sp>
                      <S clausetype="relative">
                        <f lem="," pos="fc" punct="comma" wd=","/>
                        <sp arg="argM" func="cc" tem="adv">
                          <prep>
                            <s lem="de" pos="sps00" postype="preposition" wd="de"/>
                          </prep>
                          <relatiu coreftype="ident" entity="entity4" entityref="nne">
                            <d gen="f" lem="el" num="p" pos="da0fp0" postype="article" wd="les"/>
                            <p gen="c" lem="qual" num="p" pos="pr0cp000" postype="relative" wd="quals"/>
                          </relatiu>
                        </sp>
                        <morfema.verbal func="pass">
                          <p gen="c" lem="es" num="c" pos="p0000000" wd="s'"/>
                        </morfema.verbal>
                        <grup.verb>
                          <v lem="haver" mood="indicative" num="s" person="3" pos="vaip3s0" postype="auxiliary" tense="present" wd="ha"/>
                          <s lem="de" pos="sps00" postype="preposition" wd="de"/>
                          <infinitiu>
                            <v lem="destacar" lss="B22.unaccusative-passive-transitive" mood="infinitive" pos="vmn0000" postype="main" wd="destacar"/>
                          </infinitiu>
                        </grup.verb>
                        <sn arg="arg1" entityref="nne" func="suj" homophoricDD="yes" tem="pat">
                          <spec gen="f" num="s">
                            <d gen="f" lem="el" num="s" pos="da0fs0" postype="article" wd="la"/>
                          </spec>
                          <grup.nom gen="f" num="s">
                            <n gen="f" lem="petició" num="s" pos="ncfs000" postype="common" sense="16:05370393" wd="petició"/>
                            <sp>
                              <prep>
                                <s lem="de" pos="sps00" postype="preposition" wd="de"/>
                              </prep>
                              <S clausetype="completive" impersonal="yes">
                                <infinitiu>
                                  <v lem="rebaixar" lss="A11.transitive-causative" mood="infinitive" pos="vmn0000" postype="main" wd="rebaixar"/>
                                </infinitiu>
                                <sn arg="arg1" entityref="nne" func="cd" homophoricDD="yes" tem="tem">
                                  <spec gen="m" num="s">
                                    <d gen="m" lem="el" num="s" pos="da0ms0" postype="article" wd="el"/>
                                  </spec>
                                  <grup.nom gen="m" num="s">
                                    <n gen="m" lem="criteri" num="s" pos="ncms000" postype="common" sense="16:05418696" wd="criteri"/>
                                    <s.a gen="m" num="s">
                                      <grup.a gen="m" num="s">
                                        <a gen="c" lem="general" num="s" pos="aq0cs0" postype="qualificative" wd="general"/>
                                      </grup.a>
                                    </s.a>
                                    <sp>
                                      <prep>
                                        <s lem="de" pos="sps00" postype="preposition" wd="de"/>
                                      </prep>
                                      <sn entity="entity6" entityref="ne" ne="other">
                                        <spec gen="m" num="s">
                                          <d gen="c" lem="el" num="s" pos="da0cs0" postype="article" wd="l'"/>
                                        </spec>
                                        <grup.nom gen="m" num="s">
                                          <n lem="IPC" ne="other" pos="np0000a" postype="proper" sense="16:04982330" wd="IPC"/>
                                        </grup.nom>
                                      </sn>
                                    </sp>
                                  </grup.nom>
                                </sn>
                                <sp arg="argM" func="cc" tem="ext">
                                  <prep>
                                    <s contracted="yes" gen="m" lem="del" num="s" pos="spcms" postype="preposition" wd="del"/>
                                  </prep>
                                  <sn entityref="ne" ne="number">
                                    <grup.nom gen="m" num="s">
                                      <z lem="4_%" ne="number" pos="zp" postype="percentage" wd="4_per_cent"/>
                                      <S clausetype="participle" impersonal="yes">
                                        <f lem="-" pos="fg" punct="hyphen" wd="-"/>
                                        <participi>
                                          <a gen="m" lem="previst" lss="B22.unaccusative-passive-transitive" num="s" pos="aq0msp" posfunction="participle" postype="qualificative" wd="previst"/>
                                        </participi>
                                        <sp arg="arg0" func="cag" tem="agt">
                                          <prep>
                                            <s lem="per" pos="sps00" postype="preposition" wd="per"/>
                                          </prep>
                                          <sn coreftype="ident" entity="entity1" entityref="ne" ne="organization">
                                            <spec gen="f" num="s">
                                              <d gen="f" lem="el" num="s" pos="da0fs0" postype="article" wd="la"/>
                                            </spec>
                                            <grup.nom gen="f" num="s">
                                              <n lem="Paeria" ne="organization" pos="np0000o" postype="proper" sense="16:cs1" wd="Paeria"/>
                                            </grup.nom>
                                          </sn>
                                        </sp>
                                        <f lem="-" pos="fg" punct="hyphen" wd="-"/>
                                      </S>
                                    </grup.nom>
                                  </sn>
                                </sp>
                                <sp arg="argM" func="cc" tem="ext">
                                  <prep>
                                    <s contracted="yes" gen="m" lem="al" num="s" pos="spcms" postype="preposition" wd="al"/>
                                  </prep>
                                  <sn entity="entity7" entityref="ne" ne="number">
                                    <grup.nom gen="m" num="s">
                                      <z lem="3_%" ne="number" pos="zp" postype="percentage" wd="3_per_cent"/>
                                    </grup.nom>
                                  </sn>
                                </sp>
                              </S>
                            </sp>
                          </grup.nom>
                        </sn>
                        <f lem="," pos="fc" punct="comma" wd=","/>
                      </S>
                    </grup.nom>
                  </sn>
                </sp>
              </grup.nom>
            </sn>
          </sp>
        </grup.nom>
      </sn>
      <conj conjunctiontype="coordinating">
        <s lem="a_més_de" pos="sps00" postype="preposition" wd="a_més_d'"/>
      </conj>
      <sn entityref="nne">
        <spec gen="f" num="p">
          <d gen="c" lem="altre" num="p" pos="di0cp0" postype="indefinite" wd="altres"/>
        </spec>
        <grup.nom gen="f" num="p">
          <n gen="f" lem="proposta" num="p" pos="ncfp000" postype="common" sense="16:05355937" wd="propostes"/>
          <s.a gen="f" num="p">
            <spec>
              <r lem="molt" pos="rg" wd="molt"/>
            </spec>
            <grup.a gen="f" num="p">
              <a gen="f" lem="innovador" num="p" pos="aq0fp0" postype="qualificative" wd="innovadores"/>
            </grup.a>
          </s.a>
          <sp coord="yes">
            <sp>
              <prep>
                <s lem="pel_que_fa_a" pos="sps00" postype="preposition" wd="pel_que_fa_a"/>
              </prep>
              <sn entityref="nne">
                <grup.nom gen="m" num="p">
                  <n gen="m" lem="pagament" num="p" pos="ncmp000" postype="common" sense="16:00725730" wd="pagaments"/>
                  <sp>
                    <prep>
                      <s lem="de" pos="sps00" postype="preposition" wd="de"/>
                    </prep>
                    <sn entity="entity18" entityref="nne">
                      <grup.nom gen="f" num="p">
                        <n gen="f" lem="zona" num="p" pos="ncfp000" postype="common" sense="16:02207321" wd="zones"/>
                        <s.a gen="f" num="p">
                          <grup.a gen="f" num="p">
                            <a gen="f" lem="blau" num="p" pos="aq0fp0" postype="qualificative" wd="blaves"/>
                          </grup.a>
                        </s.a>
                      </grup.nom>
                    </sn>
                  </sp>
                </grup.nom>
              </sn>
            </sp>
            <conj conjunctiontype="coordinating">
              <c lem="i" pos="cc" postype="coordinating" wd="i"/>
            </conj>
            <sp>
              <prep>
                <s lem="a" pos="sps00" postype="preposition" wd="a"/>
              </prep>
              <sn entity="entity11" entityref="nne" homophoricDD="yes">
                <spec gen="m" num="s">
                  <d gen="c" lem="el" num="s" pos="da0cs0" postype="article" wd="l'"/>
                </spec>
                <grup.nom gen="m" num="s">
                  <n gen="m" lem="impost" num="s" pos="ncms000" postype="common" sense="16:09580808" wd="impost"/>
                  <sp>
                    <prep>
                      <s lem="sobre" pos="sps00" postype="preposition" wd="sobre"/>
                    </prep>
                    <sn entity="entity12" entityref="nne">
                      <grup.nom gen="m" num="p">
                        <n gen="m" lem="vehicle" num="p" pos="ncmp000" postype="common" sense="16:03569523" wd="vehicles"/>
                      </grup.nom>
                    </sn>
                  </sp>
                </grup.nom>
              </sn>
            </sp>
          </sp>
        </grup.nom>
      </sn>
    </sn>
    <f lem="." pos="fp" punct="period" wd="."/>
  </sentence>
  <sentence coord="yes">
    <S>
      <sp func="ao">
        <prep>
          <s lem="segons" pos="sps00" postype="preposition" wd="Segons"/>
        </prep>
        <sn entity="entity5" entityref="ne" ne="person">
          <spec gen="m" num="s">
            <d gen="m" lem="el" num="s" pos="da0ms0" postype="article" wd="el"/>
          </spec>
          <grup.nom gen="m" num="s">
            <n gen="c" lem="portaveu" num="s" pos="nccs000" postype="common" sense="16:07601722" wd="portaveu"/>
            <sp>
              <prep>
                <s lem="de" pos="sps00" postype="preposition" wd="de"/>
              </prep>
              <sn coreftype="ident" entity="entity3" entityref="ne" ne="organization">
                <grup.nom>
                  <n lem="CiU" ne="organization" pos="np0000o" postype="proper" sense="16:cs1" wd="CiU"/>
                </grup.nom>
              </sn>
            </sp>
            <sn corefsubtype="definit" coreftype="pred" entity="entity5" entityref="ne" ne="person">
              <f lem="," pos="fc" punct="comma" wd=","/>
              <grup.nom gen="m" num="s">
                <n lem="Josep_Giné" ne="person" pos="np0000p" postype="proper" sense="16:cs1" wd="Josep_Giné"/>
              </grup.nom>
            </sn>
          </grup.nom>
        </sn>
        <f lem="," pos="fc" punct="comma" wd=","/>
      </sp>
      <sn arg="arg1" coreftype="ident" entity="entity6" entityref="ne" func="suj" ne="other" tem="tem">
        <spec gen="m" num="s">
          <d gen="c" lem="el" num="s" pos="da0cs0" postype="article" wd="l'"/>
        </spec>
        <grup.nom gen="m" num="s">
          <n lem="IPC" ne="other" pos="np0000a" postype="proper" sense="16:04982330" wd="IPC"/>
        </grup.nom>
      </sn>
      <grup.verb>
        <v lem="tendir" lss="B21.unaccusative-state" mood="indicative" num="s" person="3" pos="vmip3s0" postype="main" tense="present" wd="tendeix"/>
      </grup.verb>
      <sp arg="arg2" func="creg" tem="efi">
        <prep>
          <s lem="a" pos="sps00" postype="preposition" wd="a"/>
        </prep>
        <S clausetype="completive" impersonal="yes">
          <infinitiu>
            <v lem="baixar" lss="B11.unaccusative-motion" mood="infinitive" pos="vmn0000" postype="main" wd="baixar"/>
          </infinitiu>
        </S>
      </sp>
      <inc>
        <S>
          <f lem="-" pos="fg" punct="hyphen" wd="-"/>
          <sadv arg="argM" func="cc" tem="tmp">
            <grup.adv>
              <r lem="actualment" pos="rg" wd="actualment"/>
            </grup.adv>
          </sadv>
          <sn arg="arg1" elliptic="yes" entityref="spec" func="suj" tem="tem"/>
          <grup.verb>
            <v lem="ser" lss="C21.state-attributive" mood="indicative" num="s" person="3" pos="vsip3s0" postype="semiauxiliary" tense="present" wd="és"/>
          </grup.verb>
          <sp arg="arg2" func="atr" tem="atr">
            <prep>
              <s contracted="yes" gen="m" lem="del" num="s" pos="spcms" postype="preposition" wd="del"/>
            </prep>
            <sn entityref="ne" ne="number">
              <grup.nom gen="m" num="s">
                <z lem="3,4_%" ne="number" pos="zp" postype="percentage" wd="3,4_per_cent"/>
              </grup.nom>
            </sn>
          </sp>
          <f lem="-" pos="fg" punct="hyphen" wd="-"/>
        </S>
      </inc>
    </S>
    <conj conjunctiontype="coordinating">
      <c lem="i" pos="cc" postype="coordinating" wd="i"/>
    </conj>
    <S>
      <sn arg="arg0" coreftype="ident" elliptic="yes" entity="entity5" entityref="spec" func="suj" tem="agt"/>
      <grup.verb>
        <v lem="haver" mood="indicative" num="s" person="3" pos="vaip3s0" postype="auxiliary" tense="present" wd="ha"/>
        <v gen="m" lem="afegir" lss="A21.transitive-agentive-patient" mood="participle" num="s" pos="vmp00sm" postype="main" wd="afegit"/>
      </grup.verb>
      <S arg="arg1" clausetype="completive" coord="yes" func="cd" tem="pat">
        <conj conjunctiontype="subordinating">
          <c lem="que" pos="cs" postype="subordinating" wd="que"/>
        </conj>
        <S clausetype="completive">
          <S clausesubtype="conditional" clausetype="adverbial" func="ao">
            <conj conjunctiontype="subordinating">
              <c lem="si" pos="cs" postype="subordinating" wd="si"/>
            </conj>
            <morfema.verbal func="pass">
              <p gen="c" lem="es" num="c" pos="p0000000" wd="s'"/>
            </morfema.verbal>
            <grup.verb>
              <v lem="aplicar" lss="B22.unaccusative-passive-transitive" mood="indicative" num="s" person="3" pos="vmip3s0" postype="main" tense="present" wd="aplica"/>
            </grup.verb>
            <sadv arg="argM" func="cc" tem="adv">
              <grup.adv>
                <r lem="finalment" pos="rg" wd="finalment"/>
              </grup.adv>
            </sadv>
            <sn arg="arg1" coreftype="ident" entity="entity7" entityref="ne" func="suj" ne="number" tem="pat">
              <spec gen="m" num="s">
                <d gen="m" lem="aquest" num="s" pos="dd0ms0" postype="demonstrative" wd="aquest"/>
              </spec>
              <grup.nom gen="m" num="s">
                <z lem="tres_%" ne="number" pos="zp" postype="percentage" wd="tres_per_cent"/>
                <sp>
                  <prep>
                    <s lem="de" pos="sps00" postype="preposition" wd="d'"/>
                  </prep>
                  <sn coreftype="ident" entity="entity6" entityref="ne" ne="other">
                    <grup.nom>
                      <n lem="IPC" ne="other" pos="np0000a" postype="proper" sense="16:04982330" wd="IPC"/>
                    </grup.nom>
                  </sn>
                </sp>
              </grup.nom>
            </sn>
          </S>
          <sn arg="arg0" coreftype="ident" entity="entity1" entityref="ne" func="suj" ne="organization" tem="agt">
            <spec gen="m" num="s">
              <d gen="c" lem="el" num="s" pos="da0cs0" postype="article" wd="l'"/>
            </spec>
            <grup.nom gen="m" num="s">
              <n lem="Ajuntament" ne="organization" pos="np0000o" postype="proper" sense="16:cs1" wd="Ajuntament"/>
            </grup.nom>
          </sn>
          <neg func="mod">
            <r lem="no" pos="rn" postype="negative" wd="no"/>
          </neg>
          <grup.verb>
            <v lem="deixar" mood="indicative" num="s" person="3" pos="vmip3s0" postype="main" tense="present" wd="deixa"/>
            <s lem="de" pos="sps00" postype="preposition" wd="d'"/>
            <infinitiu>
              <v lem="ingressar" lss="A21.transitive-agentive-patient" mood="infinitive" pos="vmn0000" postype="main" wd="ingressar"/>
            </infinitiu>
          </grup.verb>
          <sn arg="arg1" entityref="nne" func="cd" tem="pat">
            <spec gen="m" num="p">
              <s lem="menys" pos="sps00" postype="preposition" wd="menys"/>
            </spec>
            <grup.nom gen="m" num="p">
              <n gen="m" lem="diner" num="p" pos="ncmp000" postype="common" sense="16:09616555" wd="diners"/>
            </grup.nom>
          </sn>
        </S>
        <conj conjunctiontype="coordinating">
          <c lem="sinó_que" pos="cc" postype="coordinating" wd="sinó_que"/>
        </conj>
        <S clausetype="completive">
          <sn arg="arg1" entityref="nne" func="suj" homophoricDD="yes" tem="tem">
            <spec gen="f" num="s">
              <d gen="f" lem="el" num="s" pos="da0fs0" postype="article" wd="la"/>
            </spec>
            <grup.nom gen="f" num="s">
              <n gen="f" lem="capacitat" num="s" pos="ncfs000" postype="common" sense="16:04049240" wd="capacitat"/>
              <sp>
                <prep>
                  <s lem="de" pos="sps00" postype="preposition" wd="de"/>
                </prep>
                <sn>
                  <grup.nom gen="f" num="s">
                    <n gen="f" lem="recaptació" num="s" pos="ncfs000" postype="common" sense="16:00656313" wd="recaptació"/>
                  </grup.nom>
                </sn>
              </sp>
            </grup.nom>
          </sn>
          <grup.verb>
            <v lem="estar" lss="C21.state-attributive" mood="indicative" num="s" person="3" pos="vmip3s0" postype="main" tense="present" wd="està"/>
          </grup.verb>
          <sadv arg="argM" func="cc" tem="adv">
            <grup.adv>
              <r lem="igualment" pos="rg" wd="igualment"/>
            </grup.adv>
          </sadv>
          <sadv arg="arg2" func="atr" tem="atr">
            <grup.adv>
              <r lem="per_sobre" pos="rg" wd="per_sobre"/>
              <sp>
                <prep>
                  <s lem="de" pos="sps00" postype="preposition" wd="de"/>
                </prep>
                <sn entityref="nne" homophoricDD="yes">
                  <spec gen="f" num="s">
                    <d gen="f" lem="el" num="s" pos="da0fs0" postype="article" wd="la"/>
                  </spec>
                  <grup.nom gen="f" num="s">
                    <n gen="f" lem="inflació" num="s" pos="ncfs000" postype="common" sense="16:09727083" wd="inflació"/>
                  </grup.nom>
                </sn>
              </sp>
            </grup.adv>
          </sadv>
          <S clausetype="adverbial" func="ao">
            <conj conjunctiontype="subordinating">
              <c lem="ja_que" pos="cs" postype="subordinating" wd="ja_que"/>
            </conj>
            <sp arg="arg2" discid="1c" func="creg" repetition="yes" tem="tem">
              <prep>
                <s contracted="yes" gen="m" lem="al" num="s" pos="spcms" postype="preposition" wd="al"/>
              </prep>
              <sn coreftype="ident" entity="entity7" entityref="ne" ne="number">
                <grup.nom gen="m" num="s">
                  <z lem="tres_%" ne="number" pos="zp" postype="percentage" wd="tres_per_cent"/>
                </grup.nom>
              </sn>
            </sp>
            <grup.verb>
              <v lem="caldre" lss="C41.state-benefactive" mood="indicative" num="s" person="3" pos="vmip3s0" postype="main" tense="present" wd="cal"/>
            </grup.verb>
            <S arg="arg1" clausetype="completive" discid="1n" func="suj" impersonal="yes" tem="tem">
              <infinitiu>
                <v lem="afegir" lss="A34.ditransitive-patient-theme" mood="infinitive" pos="vmn0000" postype="main" wd="afegir"/>
              </infinitiu>
              <sn arg="arg2" coreftype="ident" entity="entity7" entityref="spec" func="creg" repetition="yes" tem="tem">
                <grup.nom>
                  <p gen="c" lem="hi" num="c" person="3" pos="pp3cn000" postype="personal" wd="-hi"/>
                </grup.nom>
              </sn>
              <sn arg="arg1" entity="entity8" entityref="ne" func="cd" ne="number" tem="pat">
                <spec gen="m" num="s">
                  <d gen="m" lem="el" num="s" pos="da0ms0" postype="article" wd="el"/>
                </spec>
                <grup.nom gen="m" num="s">
                  <z lem="dos_%" ne="number" pos="zp" postype="percentage" wd="dos_per_cent"/>
                  <S clausetype="relative">
                    <relatiu arg="arg1" coreftype="ident" entity="entity8" entityref="spec" func="cd" tem="pat">
                      <p gen="c" lem="que" num="c" pos="pr0cn000" postype="relative" wd="que"/>
                    </relatiu>
                    <grup.verb>
                      <v lem="aplicar" lss="A34.ditransitive-patient-theme" mood="indicative" num="s" person="3" pos="vmip3s0" postype="main" tense="present" wd="aplica"/>
                    </grup.verb>
                    <sn arg="arg0" entityref="ne" func="suj" ne="organization" tem="agt">
                      <spec gen="m" num="s">
                        <d gen="c" lem="el" num="s" pos="da0cs0" postype="article" wd="l'"/>
                      </spec>
                      <grup.nom gen="m" num="s">
                        <n lem="Estat" ne="organization" pos="np0000o" postype="proper" sense="16:cs1" wd="Estat"/>
                      </grup.nom>
                    </sn>
                    <sp arg="argM" func="cc" tem="cau">
                      <prep>
                        <s lem="per" pos="sps00" postype="preposition" wd="per"/>
                      </prep>
                      <sn entity="entity9" entityref="ne" ne="other">
                        <spec gen="m" num="s">
                          <d gen="c" lem="el" num="s" pos="da0cs0" postype="article" wd="l'"/>
                        </spec>
                        <grup.nom gen="m" num="s">
                          <n lem="IBI" ne="other" pos="np0000a" postype="proper" sense="16:cs1" wd="IBI"/>
                          <sn corefsubtype="definit" coreftype="pred" entity="entity9" entityref="ne" ne="other">
                            <grup.nom gen="m" num="s">
                              <f lem="(" pos="fpa" punct="bracket" punctenclose="open" wd="("/>
                              <n lem="Impost_de_Béns_Immobles" ne="other" pos="np0000a" postype="proper" sense="16:cs1" wd="Impost_de_Béns_Immobles"/>
                              <f lem=")" pos="fpt" punct="bracket" punctenclose="close" wd=")"/>
                            </grup.nom>
                          </sn>
                        </grup.nom>
                      </sn>
                    </sp>
                  </S>
                </grup.nom>
              </sn>
            </S>
          </S>
        </S>
      </S>
    </S>
    <f lem="." pos="fp" punct="period" wd="."/>
  </sentence>
  <sentence>
    <sp func="ao">
      <prep>
        <s lem="segons" pos="sps00" postype="preposition" wd="Segons"/>
      </prep>
      <sn coreftype="ident" entity="entity3" entityref="ne" ne="organization">
        <spec gen="m" num="s">
          <d gen="m" lem="el" num="s" pos="da0ms0" postype="article" wd="el"/>
        </spec>
        <grup.nom gen="m" num="s">
          <n gen="m" lem="grup" num="s" pos="ncms000" postype="common" sense="16:00017954" wd="grup"/>
          <s.a gen="m" num="s">
            <grup.a gen="m" num="s">
              <a gen="c" lem="convergent" num="s" pos="aq0cs0" postype="qualificative" wd="convergent"/>
            </grup.a>
          </s.a>
        </grup.nom>
      </sn>
      <f lem="," pos="fc" punct="comma" wd=","/>
    </sp>
    <sp arg="argM" func="cc" tem="adv">
      <prep>
        <s lem="amb" pos="sps00" postype="preposition" wd="amb"/>
      </prep>
      <sn coreftype="ident" entity="entity4" entityref="nne" homophoricDD="yes">
        <spec gen="f" num="p">
          <d gen="f" lem="el" num="p" pos="da0fp0" postype="article" wd="les"/>
        </spec>
        <grup.nom gen="f" num="p">
          <n gen="f" lem="proposta" num="p" pos="ncfp000" postype="common" sense="16:05355937" wd="propostes"/>
          <sp>
            <prep>
              <s lem="de" pos="sps00" postype="preposition" wd="de"/>
            </prep>
            <sn coreftype="ident" entity="entity3" entityref="ne" ne="organization">
              <grup.nom>
                <n lem="CiU" ne="organization" pos="np0000o" postype="proper" sense="16:cs1" wd="CiU"/>
              </grup.nom>
            </sn>
          </sp>
          <sp>
            <prep>
              <s lem="sobre" pos="sps00" postype="preposition" wd="sobre"/>
            </prep>
            <sn coreftype="ident" entity="entity10" entityref="nne">
              <grup.nom gen="f" num="p">
                <n gen="c" lem="ordenança" num="p" pos="nccp000" postype="common" sense="16:cs1" wd="ordenances"/>
                <s.a gen="f" num="p">
                  <grup.a gen="f" num="p">
                    <a gen="c" lem="fiscal" num="p" pos="aq0cp0" postype="qualificative" wd="fiscals"/>
                  </grup.a>
                </s.a>
              </grup.nom>
            </sn>
          </sp>
        </grup.nom>
      </sn>
    </sp>
    <sn arg="arg0" coreftype="ident" entity="entity1" entityref="ne" func="suj" ne="organization" tem="agt">
      <spec gen="f" num="s">
        <d gen="f" lem="el" num="s" pos="da0fs0" postype="article" wd="la"/>
      </spec>
      <grup.nom gen="f" num="s">
        <n lem="Paeria" ne="organization" pos="np0000o" postype="proper" sense="16:cs1" wd="Paeria"/>
      </grup.nom>
    </sn>
    <grup.verb>
      <v lem="poder" mood="indicative" num="s" person="3" pos="vmip3s0" postype="main" tense="present" wd="pot"/>
      <infinitiu>
        <v lem="superar" lss="A21.transitive-agentive-patient" mood="infinitive" pos="vmn0000" postype="main" wd="superar"/>
      </infinitiu>
    </grup.verb>
    <sn arg="arg1" entityref="nne" func="cd" homophoricDD="yes" tem="pat">
      <spec gen="f" num="s">
        <d gen="f" lem="el" num="s" pos="da0fs0" postype="article" wd="la"/>
      </spec>
      <grup.nom gen="f" num="s">
        <n gen="f" lem="recaptació" num="s" pos="ncfs000" postype="common" sense="16:00656313" wd="recaptació"/>
        <sp>
          <prep>
            <s lem="de" pos="sps00" postype="preposition" wd="de"/>
          </prep>
          <sn entityref="ne" ne="date">
            <spec gen="m" num="s">
              <d gen="c" lem="el" num="s" pos="da0cs0" postype="article" wd="l'"/>
            </spec>
            <grup.nom gen="m" num="s">
              <w lem="[??:??/??/2001:??.??]" ne="date" wd="any_2001"/>
            </grup.nom>
          </sn>
        </sp>
      </grup.nom>
    </sn>
    <sp arg="argM" func="cc" tem="ext">
      <prep>
        <s lem="en" pos="sps00" postype="preposition" wd="en"/>
      </prep>
      <sn entityref="ne" ne="number">
        <spec gen="m" num="s">
          <d gen="m" lem="un" num="s" pos="di0ms0" postype="indefinite" wd="un"/>
        </spec>
        <grup.nom gen="m" num="s">
          <z lem="tres_%" ne="number" pos="zp" postype="percentage" wd="tres_per_cent"/>
        </grup.nom>
      </sn>
    </sp>
    <f lem="." pos="fp" punct="period" wd="."/>
  </sentence>
  <sentence>
    <sp arg="argM" func="cc" tem="adv">
      <prep>
        <s lem="entre" pos="sps00" postype="preposition" wd="Entre"/>
      </prep>
      <sn coreftype="ident" entity="entity4" entityref="nne">
        <spec gen="f" num="p">
          <d gen="f" lem="el" num="p" pos="da0fp0" postype="article" wd="les"/>
        </spec>
        <grup.nom gen="f" num="p">
          <n gen="f" lem="al·legació" num="p" pos="ncfp000" postype="common" sense="16:05046181" wd="al·legacions"/>
          <sp>
            <prep>
              <s lem="de" pos="sps00" postype="preposition" wd="de"/>
            </prep>
            <sn coreftype="ident" entity="entity3" entityref="ne" ne="organization">
              <grup.nom>
                <n lem="CiU" ne="organization" pos="np0000o" postype="proper" sense="16:cs1" wd="CiU"/>
              </grup.nom>
            </sn>
          </sp>
        </grup.nom>
      </sn>
    </sp>
    <grup.verb>
      <v lem="destacar" lss="C11.state-existential" mood="indicative" num="s" person="3" pos="vmip3s0" postype="main" tense="present" wd="destaca"/>
    </grup.verb>
    <sn arg="arg1" entity="entity13" entityref="nne" func="suj" tem="tem">
      <spec gen="f" num="s">
        <d gen="f" lem="el" num="s" pos="da0fs0" postype="article" wd="la"/>
      </spec>
      <grup.nom gen="f" num="s">
        <S clausetype="relative">
          <relatiu arg="arg1" func="cd" tem="pat">
            <p gen="c" lem="que" num="c" pos="pr0cn000" postype="relative" wd="que"/>
          </relatiu>
          <sn arg="arg0" coreftype="ident" elliptic="yes" entity="entity3" entityref="spec" func="suj" tem="agt"/>
          <grup.verb>
            <v lem="presentar" lss="A32.ditransitive-patient-benefactive" mood="indicative" num="s" person="3" pos="vmip3s0" postype="main" tense="present" wd="presenta"/>
          </grup.verb>
          <sp arg="argM" func="cpred" predicate="cd" tem="atr">
            <prep>
              <s lem="referent_a" pos="sps00" postype="preposition" wd="referent_a"/>
            </prep>
            <sn coreftype="ident" entity="entity11" entityref="nne" homophoricDD="yes">
              <spec gen="m" num="s">
                <d gen="c" lem="el" num="s" pos="da0cs0" postype="article" wd="l'"/>
              </spec>
              <grup.nom gen="m" num="s">
                <n gen="m" lem="impost" num="s" pos="ncms000" postype="common" sense="16:09580808" wd="impost"/>
                <sp>
                  <prep>
                    <s lem="sobre" pos="sps00" postype="preposition" wd="sobre"/>
                  </prep>
                  <sn coreftype="ident" entity="entity12" entityref="nne">
                    <grup.nom gen="m" num="p">
                      <n gen="m" lem="vehicle" num="p" pos="ncmp000" postype="common" sense="16:03569523" wd="vehicles"/>
                      <sp>
                        <prep>
                          <s lem="de" pos="sps00" postype="preposition" wd="de"/>
                        </prep>
                        <sn>
                          <grup.nom gen="f" num="s">
                            <n gen="f" lem="tracció" num="s" pos="ncfs000" postype="common" sense="16:07800957" wd="tracció"/>
                            <s.a gen="f" num="s">
                              <grup.a gen="f" num="s">
                                <a gen="f" lem="mecànic" num="s" pos="aq0fs0" postype="qualificative" wd="mecànica"/>
                              </grup.a>
                            </s.a>
                          </grup.nom>
                        </sn>
                      </sp>
                    </grup.nom>
                  </sn>
                </sp>
              </grup.nom>
            </sn>
          </sp>
        </S>
        <S clausetype="relative">
          <relatiu arg="argM" coreftype="ident" entity="entity13" entityref="nne" func="cc" tem="loc">
            <p lem="on" pos="pr000000" postype="relative" wd="on"/>
          </relatiu>
          <sn arg="arg0" coreftype="ident" elliptic="yes" entity="entity3" entityref="spec" func="suj" tem="agt"/>
          <grup.verb>
            <v lem="proposar" lss="A32.ditransitive-patient-benefactive" mood="indicative" num="s" person="3" pos="vmip3s0" postype="main" tense="present" wd="proposa"/>
          </grup.verb>
          <sn arg="arg1" entityref="nne" func="cd" tem="pat">
            <spec gen="f" num="s">
              <d gen="f" lem="un" num="s" pos="di0fs0" postype="indefinite" wd="una"/>
            </spec>
            <grup.nom gen="f" num="s">
              <n gen="f" lem="bonificació" num="s" pos="ncfs000" postype="common" sense="16:cs1" wd="bonificació"/>
              <sp>
                <prep>
                  <s contracted="yes" gen="m" lem="del" num="s" pos="spcms" postype="preposition" wd="del"/>
                </prep>
                <sn entityref="ne" ne="number">
                  <grup.nom gen="m" num="s">
                    <z lem="90_%" ne="number" pos="zp" postype="percentage" wd="90_per_cent"/>
                  </grup.nom>
                </sn>
              </sp>
              <sp>
                <prep>
                  <s lem="a" pos="sps00" postype="preposition" wd="a"/>
                </prep>
                <sn entity="entity14" entityref="nne">
                  <spec gen="f" num="p">
                    <d gen="f" lem="aquell" num="p" pos="dd0fp0" postype="demonstrative" wd="aquelles"/>
                  </spec>
                  <grup.nom gen="f" num="p">
                    <n gen="f" lem="persona" num="p" pos="ncfp000" postype="common" sense="16:00004123" wd="persones"/>
                    <S clausetype="relative">
                      <relatiu arg="arg0" coreftype="ident" entity="entity14" entityref="nne" func="suj" tem="agt">
                        <p gen="c" lem="que" num="c" pos="pr0cn000" postype="relative" wd="que"/>
                      </relatiu>
                      <grup.verb>
                        <v lem="acreditar" lss="A21.transitive-agentive-patient" mood="subjunctive" num="p" person="3" pos="vmsp3p0" postype="main" tense="present" wd="acreditin"/>
                      </grup.verb>
                      <S arg="arg1" clausetype="completive" func="cd" impersonal="yes" tem="pat">
                        <infinitiu>
                          <v lem="haver" mood="infinitive" pos="van0000" postype="auxiliary" wd="haver"/>
                          <v gen="m" lem="adquirir" lss="A21.transitive-agentive-patient" mood="participle" num="s" pos="vmp00sm" postype="main" wd="adquirit"/>
                        </infinitiu>
                        <sn arg="arg1" entity="entity16" entityref="nne" func="cd" tem="pat">
                          <spec gen="m" num="s">
                            <d gen="m" lem="un" num="s" pos="di0ms0" postype="indefinite" wd="un"/>
                          </spec>
                          <grup.nom gen="m" num="s">
                            <n gen="m" lem="número" num="s" pos="ncms000" postype="common" sense="16:09765658" wd="número"/>
                            <S clausetype="participle" impersonal="yes">
                              <participi>
                                <a gen="m" lem="determinat" num="s" pos="aq0msp" posfunction="participle" postype="qualificative" wd="determinat"/>
                              </participi>
                            </S>
                            <sp>
                              <prep>
                                <s lem="de" pos="sps00" postype="preposition" wd="d'"/>
                              </prep>
                              <sn>
                                <grup.nom gen="m" num="p">
                                  <n gen="m" lem="abonament" num="p" pos="ncmp000" postype="common" sense="16:04893172" wd="abonaments"/>
                                  <sp>
                                    <prep>
                                      <s lem="de" pos="sps00" postype="preposition" wd="de"/>
                                    </prep>
                                    <sn>
                                      <spec gen="m" num="p">
                                        <z lem="10" ne="number" wd="10"/>
                                      </spec>
                                      <grup.nom gen="m" num="p">
                                        <n gen="m" lem="viatge" num="p" pos="ncmp000" postype="common" sense="16:00198579" wd="viatges"/>
                                      </grup.nom>
                                    </sn>
                                  </sp>
                                  <sp>
                                    <prep>
                                      <s lem="de" pos="sps00" postype="preposition" wd="de"/>
                                    </prep>
                                    <sn>
                                      <grup.nom gen="m" num="s">
                                        <n gen="m" lem="transport" num="s" pos="ncms000" postype="common" sense="16:02495376" wd="transport"/>
                                        <s.a gen="m" num="s">
                                          <grup.a gen="m" num="s">
                                            <a gen="m" lem="públic" num="s" pos="aq0ms0" postype="qualificative" wd="públic"/>
                                          </grup.a>
                                        </s.a>
                                      </grup.nom>
                                    </sn>
                                  </sp>
                                </grup.nom>
                              </sn>
                            </sp>
                          </grup.nom>
                        </sn>
                      </S>
                    </S>
                  </grup.nom>
                </sn>
              </sp>
              <sp>
                <prep>
                  <s lem="segons" pos="sps00" postype="preposition" wd="segons"/>
                </prep>
                <sn entity="entity15" entityref="nne" homophoricDD="yes">
                  <spec gen="m" num="s">
                    <d gen="m" lem="el" num="s" pos="da0ms0" postype="article" wd="el"/>
                  </spec>
                  <grup.nom gen="m" num="s">
                    <n gen="m" lem="turisme" num="s" pos="ncms000" postype="common" sense="16:02383458" wd="turisme"/>
                    <S clausetype="relative">
                      <sp arg="arg2" func="creg" tem="atr">
                        <prep>
                          <s lem="de" pos="sps00" postype="preposition" wd="de"/>
                        </prep>
                        <relatiu coreftype="ident" entity="entity15" entityref="nne">
                          <p gen="c" lem="què" num="c" pos="pr0cn000" postype="relative" wd="què"/>
                        </relatiu>
                      </sp>
                      <sn arg="arg1" coreftype="ident" elliptic="yes" entity="entity14" entityref="nne" func="suj" tem="tem"/>
                      <grup.verb>
                        <v lem="disposar" lss="C21.state-attributive" mood="subjunctive" num="s" person="3" pos="vmsp3s0" postype="main" tense="present" wd="disposi"/>
                      </grup.verb>
                    </S>
                  </grup.nom>
                </sn>
              </sp>
            </grup.nom>
          </sn>
        </S>
      </grup.nom>
    </sn>
    <f lem="." pos="fp" punct="period" wd="."/>
  </sentence>
  <sentence coord="yes">
    <sadv adjunct="yes" func="et">
      <grup.adv>
        <r lem="per_exemple" pos="rg" wd="Per_exemple"/>
      </grup.adv>
      <f lem="," pos="fc" punct="comma" wd=","/>
    </sadv>
    <S coord="yes">
      <S coord="yes">
        <S>
          <sp arg="argM" func="cc" tem="adv">
            <prep>
              <s lem="en" pos="sps00" postype="preposition" wd="en"/>
            </prep>
            <sn entityref="nne" homophoricDD="yes">
              <spec gen="m" num="p">
                <d gen="m" lem="el" num="p" pos="da0mp0" postype="article" wd="els"/>
              </spec>
              <grup.nom gen="m" num="p">
                <n gen="m" lem="cas" num="p" pos="ncmp000" postype="common" sense="16:10047274" wd="casos"/>
                <sp>
                  <prep>
                    <s lem="de" pos="sps00" postype="preposition" wd="de"/>
                  </prep>
                  <sn>
                    <grup.nom gen="f" num="p">
                      <n gen="f" lem="tarifa" num="p" pos="ncfp000" postype="common" sense="16:09593084" wd="tarifes"/>
                    </grup.nom>
                  </sn>
                </sp>
                <sp>
                  <prep>
                    <s lem="de" pos="sps00" postype="preposition" wd="de"/>
                  </prep>
                  <sn>
                    <spec gen="m" num="p">
                      <r lem="menys" pos="rg" wd="menys"/>
                      <s lem="de" pos="sps00" postype="preposition" wd="de"/>
                      <z lem="8" ne="number" wd="8"/>
                    </spec>
                    <grup.nom gen="m" num="p">
                      <n gen="m" lem="cavall" num="p" pos="ncmp000" postype="common" sense="16:09809762" wd="cavalls"/>
                      <s.a gen="f" num="p">
                        <grup.a gen="f" num="p">
                          <a gen="c" lem="fiscal" num="p" pos="aq0cp0" postype="qualificative" wd="fiscals"/>
                        </grup.a>
                      </s.a>
                    </grup.nom>
                  </sn>
                </sp>
              </grup.nom>
            </sn>
          </sp>
          <sn arg="arg1" coreftype="ident" elliptic="yes" entity="entity16" entityref="nne" func="suj" tem="tem"/>
          <grup.verb>
            <v lem="ser" lss="C21.state-attributive" mood="indicative" num="s" person="3" pos="vsic3s0" postype="semiauxiliary" tense="conditional" wd="seria"/>
          </grup.verb>
          <sp arg="arg2" func="atr" tem="atr">
            <prep>
              <s lem="de" pos="sps00" postype="preposition" wd="de"/>
            </prep>
            <sn entityref="nne">
              <spec gen="m" num="p">
                <z lem="10" ne="number" wd="10"/>
              </spec>
              <grup.nom gen="m" num="p">
                <n gen="m" lem="abonament" num="p" pos="ncmp000" postype="common" sense="16:04893172" wd="abonaments"/>
              </grup.nom>
            </sn>
          </sp>
        </S>
        <conj conjunctiontype="coordinating">
          <c lem="i" pos="cc" postype="coordinating" wd="i"/>
        </conj>
        <S verbless="yes">
          <sp>
            <prep>
              <s lem="entre" pos="sps00" postype="preposition" wd="entre"/>
            </prep>
            <sn>
              <spec coord="yes" gen="m" num="p">
                <spec gen="m" num="p">
                  <z lem="8" ne="number" wd="8"/>
                </spec>
                <conj conjunctiontype="coordinating">
                  <c lem="i" pos="cc" postype="coordinating" wd="i"/>
                </conj>
                <spec gen="m" num="p">
                  <z lem="12" ne="number" wd="12"/>
                </spec>
              </spec>
              <grup.nom gen="m" num="p">
                <n gen="m" lem="cavall" num="p" pos="ncmp000" postype="common" sense="16:09809762" wd="cavalls"/>
                <s.a gen="m" num="p">
                  <grup.a gen="m" num="p">
                    <a gen="c" lem="fiscal" num="p" pos="aq0cp0" postype="qualificative" wd="fiscals"/>
                  </grup.a>
                </s.a>
              </grup.nom>
            </sn>
            <f lem="," pos="fc" punct="comma" wd=","/>
          </sp>
          <sn entityref="nne">
            <spec gen="m" num="p">
              <z lem="20" ne="number" wd="20"/>
            </spec>
            <grup.nom gen="m" num="p">
              <n gen="m" lem="abonament" num="p" pos="ncmp000" postype="common" sense="16:04893172" wd="abonaments"/>
            </grup.nom>
          </sn>
          <f lem="," pos="fc" punct="comma" wd=","/>
        </S>
      </S>
      <conj conjunctiontype="coordinating">
        <c lem="i" pos="cc" postype="coordinating" wd="i"/>
      </conj>
      <S verbless="yes">
        <sadv>
          <grup.adv>
            <r lem="així" pos="rg" wd="així"/>
          </grup.adv>
        </sadv>
        <sadv>
          <grup.adv>
            <r lem="successivament" pos="rg" wd="successivament"/>
          </grup.adv>
        </sadv>
      </S>
    </S>
    <f lem="." pos="fp" punct="period" wd="."/>
  </sentence>
  <sentence>
    <sn arg="arg1" entityref="nne" func="suj" tem="tem">
      <spec gen="f" num="s">
        <d gen="f" lem="un" num="s" pos="di0fs0" postype="indefinite" wd="Una"/>
        <d gen="f" lem="altre" num="s" pos="di0fs0" postype="indefinite" wd="altra"/>
      </spec>
      <grup.nom gen="f" num="s">
        <n gen="f" lem="al·legació" num="s" pos="ncfs000" postype="common" sense="16:05046181" wd="al·legació"/>
      </grup.nom>
    </sn>
    <grup.verb>
      <v lem="fer_referència" lss="C21.state-attributive" mood="indicative" num="s" person="3" pos="vmip3s0" postype="main" tense="present" wd="fa_referència"/>
    </grup.verb>
    <sp arg="arg2" func="creg" tem="atr">
      <prep>
        <s lem="a" pos="sps00" postype="preposition" wd="a"/>
      </prep>
      <sn coreftype="ident" entity="entity18" entityref="nne" homophoricDD="yes">
        <spec gen="f" num="p">
          <d gen="f" lem="el" num="p" pos="da0fp0" postype="article" wd="les"/>
        </spec>
        <grup.nom gen="f" num="p">
          <n gen="f" lem="zona" num="p" pos="ncfp000" postype="common" sense="16:02207321" wd="zones"/>
          <s.a gen="f" num="p">
            <grup.a gen="f" num="p">
              <a gen="f" lem="blau" num="p" pos="aq0fp0" postype="qualificative" wd="blaves"/>
            </grup.a>
          </s.a>
        </grup.nom>
      </sn>
    </sp>
    <f lem="." pos="fp" punct="period" wd="."/>
  </sentence>
  <sentence>
    <sn arg="arg0" coreftype="ident" entity="entity3" entityref="ne" func="suj" ne="organization" tem="agt">
      <spec gen="m" num="s">
        <d gen="m" lem="el" num="s" pos="da0ms0" postype="article" wd="El"/>
      </spec>
      <grup.nom gen="m" num="s">
        <n gen="m" lem="grup" num="s" pos="ncms000" postype="common" sense="16:00017954" wd="grup"/>
        <sp>
          <prep>
            <s lem="de" pos="sps00" postype="preposition" wd="de"/>
          </prep>
          <sn entityref="ne" ne="organization">
            <grup.nom>
              <n lem="CiU" ne="organization" pos="np0000o" postype="proper" sense="16:cs1" wd="CiU"/>
            </grup.nom>
          </sn>
        </sp>
      </grup.nom>
    </sn>
    <grup.verb>
      <v lem="considerar" lss="A21.transitive-agentive-patient" mood="indicative" num="s" person="3" pos="vmip3s0" postype="main" tense="present" wd="considera"/>
    </grup.verb>
    <S arg="arg1" clausetype="completive" func="cd" tem="pat">
      <conj conjunctiontype="subordinating">
        <c lem="que" pos="cs" postype="subordinating" wd="que"/>
      </conj>
      <sn arg="arg1" entity="entity19" entityref="ne" func="suj" ne="number" tem="tem">
        <spec gen="f" num="p">
          <d gen="f" lem="el" num="p" pos="da0fp0" postype="article" wd="les"/>
          <a gen="c" lem="actual" num="p" pos="aq0cp0" postype="qualificative" wd="actuals"/>
          <z lem="90" ne="number" wd="90"/>
        </spec>
        <grup.nom gen="f" num="p">
          <z lem="pesseta" ne="number" pos="zm" postype="currency" wd="pessetes"/>
          <S clausetype="relative">
            <relatiu arg="arg1" coreftype="ident" entity="entity19" entityref="spec" func="cd" tem="pat">
              <p gen="c" lem="que" num="c" pos="pr0cn000" postype="relative" wd="que"/>
            </relatiu>
            <grup.verb>
              <v lem="pagar" lss="A21.transitive-agentive-patient" mood="indicative" num="s" person="3" pos="vmip3s0" postype="main" tense="present" wd="paga"/>
            </grup.verb>
            <sn arg="arg0" entityref="nne" func="suj" tem="agt">
              <spec gen="m" num="s">
                <d gen="m" lem="un" num="s" pos="di0ms0" postype="indefinite" wd="un"/>
              </spec>
              <grup.nom gen="m" num="s">
                <n gen="c" lem="resident" num="s" pos="nccs000" postype="common" sense="16:06949059" wd="resident"/>
              </grup.nom>
            </sn>
            <sp arg="argM" func="cc" tem="loc">
              <prep>
                <s lem="en" pos="sps00" postype="preposition" wd="en"/>
              </prep>
              <sn coreftype="ident" entity="entity18" entityref="nne">
                <grup.nom gen="f" num="s">
                  <n gen="f" lem="zona" num="s" pos="ncfs000" postype="common" sense="16:02207321" wd="zona"/>
                  <s.a gen="f" num="s">
                    <grup.a gen="f" num="s">
                      <a gen="f" lem="blau" num="s" pos="aq0fs0" postype="qualificative" wd="blava"/>
                    </grup.a>
                  </s.a>
                </grup.nom>
              </sn>
            </sp>
          </S>
        </grup.nom>
      </sn>
      <grup.verb>
        <v lem="haver" mood="indicative" num="s" person="3" pos="vaip3s0" postype="auxiliary" tense="present" wd="ha"/>
        <s lem="de" pos="sps00" postype="preposition" wd="de"/>
        <infinitiu>
          <v lem="baixar" lss="B21.unaccusative-state" mood="infinitive" pos="vmn0000" postype="main" wd="baixar"/>
        </infinitiu>
      </grup.verb>
      <sp arg="arg2" func="cd" functype="quantitative" tem="ext">
        <prep>
          <s lem="a" pos="sps00" postype="preposition" wd="a"/>
        </prep>
        <sn entityref="ne" ne="number">
          <spec gen="f" num="p">
            <z lem="45" ne="number" wd="45"/>
          </spec>
          <grup.nom gen="f" num="p">
            <z lem="pesseta" ne="number" pos="zm" postype="currency" wd="pessetes"/>
          </grup.nom>
        </sn>
      </sp>
      <S clausetype="adverbial" coord="yes" func="ao">
        <conj conjunctiontype="subordinating">
          <c lem="ja_que" pos="cs" postype="subordinating" wd="ja_que"/>
        </conj>
        <S clausetype="adverbial">
          <neg func="mod">
            <r lem="no" pos="rn" postype="negative" wd="no"/>
          </neg>
          <sn arg="argM" entityref="lex" func="cc" tem="loc">
            <grup.nom>
              <p gen="c" lem="hi" num="c" person="3" pos="pp3cn000" postype="personal" wd="hi"/>
            </grup.nom>
          </sn>
          <grup.verb>
            <v lem="poder" mood="indicative" num="s" person="3" pos="vmip3s0" postype="main" tense="present" wd="pot"/>
            <infinitiu>
              <v lem="haver" lss="C11.state-existential" mood="infinitive" pos="vmn0000" postype="main" wd="haver"/>
            </infinitiu>
          </grup.verb>
          <sn arg="arg1" entityref="nne" func="cd" functype="quantitative" tem="tem">
            <grup.nom gen="m" num="s">
              <n gen="m" lem="afany" num="s" pos="ncms000" postype="common" sense="16:05616745" wd="afany"/>
              <s.a gen="m" num="s">
                <grup.a gen="m" num="s">
                  <a gen="m" lem="recaptatori" num="s" pos="aq0ms0" postype="qualificative" wd="recaptatori"/>
                </grup.a>
              </s.a>
            </grup.nom>
          </sn>
          <sp arg="argM" func="cc" tem="adv">
            <prep>
              <s contracted="yes" gen="m" lem="pel" num="p" pos="spcmp" postype="preposition" wd="pels"/>
            </prep>
            <sn coreftype="ident" entity="entity20" entityref="nne" homophoricDD="yes">
              <grup.nom gen="m" num="p">
                <n gen="c" lem="resident" num="p" pos="nccp000" postype="common" sense="16:06949059" wd="residents"/>
              </grup.nom>
            </sn>
          </sp>
        </S>
        <conj conjunctiontype="coordinating">
          <c lem="i" pos="cc" postype="coordinating" wd="i"/>
        </conj>
        <S clausetype="adverbial">
          <sadv func="mod">
            <grup.adv>
              <r lem="només" pos="rg" wd="només"/>
            </grup.adv>
          </sadv>
          <morfema.verbal func="pass">
            <p gen="c" lem="es" num="c" pos="p0000000" wd="s'"/>
          </morfema.verbal>
          <grup.verb>
            <v lem="haver" mood="indicative" num="p" person="3" pos="vaip3p0" postype="auxiliary" tense="present" wd="han"/>
            <s lem="de" pos="sps00" postype="preposition" wd="de"/>
            <infinitiu>
              <v lem="cobrir" lss="B22.unaccusative-passive-transitive" mood="infinitive" pos="vmn0000" postype="main" wd="cobrir"/>
            </infinitiu>
          </grup.verb>
          <sn arg="arg1" entity="entity21" entityref="nne" func="suj" homophoricDD="yes" tem="pat">
            <spec gen="f" num="p">
              <d gen="f" lem="el" num="p" pos="da0fp0" postype="article" wd="les"/>
            </spec>
            <grup.nom gen="f" num="p">
              <n gen="f" lem="despesa" num="p" pos="ncfp000" postype="common" sense="16:09552872" wd="despeses"/>
            </grup.nom>
          </sn>
          <sp arg="argM" func="cc" tem="fin">
            <prep>
              <s lem="per" pos="sps00" postype="preposition" wd="per"/>
            </prep>
            <S clausetype="completive" impersonal="yes">
              <infinitiu>
                <v lem="controlar" lss="A21.transitive-agentive-patient" mood="infinitive" pos="vmn0000" postype="main" wd="controlar"/>
              </infinitiu>
              <sn arg="arg1" coreftype="ident" entity="entity21" entityref="nne" func="cd" tem="pat">
                <grup.nom gen="f" num="p">
                  <p gen="c" lem="-les" num="p" person="3" pos="pp3cp000" postype="personal" wd="-les"/>
                </grup.nom>
              </sn>
            </S>
          </sp>
        </S>
      </S>
    </S>
    <f lem="." pos="fp" punct="period" wd="."/>
  </sentence>
  <sentence>
    <sn arg="arg0" coreftype="ident" elliptic="yes" entity="entity3" entityref="spec" func="suj" tem="agt"/>
    <sadv func="mod">
      <grup.adv>
        <r lem="també" pos="rg" wd="També"/>
      </grup.adv>
    </sadv>
    <grup.verb>
      <v lem="proposar" lss="A32.ditransitive-patient-benefactive" mood="indicative" num="s" person="3" pos="vmip3s0" postype="main" tense="present" wd="proposa"/>
    </grup.verb>
    <S arg="arg1" clausetype="completive" func="cd" impersonal="yes" tem="pat">
      <infinitiu>
        <v lem="afegir" lss="A21.transitive-agentive-patient" mood="infinitive" pos="vmn0000" postype="main" wd="afegir"/>
      </infinitiu>
      <sn arg="arg1" entityref="nne" func="cd" tem="pat">
        <spec gen="m" num="s">
          <d gen="m" lem="un" num="s" pos="di0ms0" postype="indefinite" wd="un"/>
        </spec>
        <grup.nom gen="m" num="s">
          <s.a gen="m" num="s">
            <grup.a gen="m" num="s">
              <a gen="m" lem="nou" num="s" pos="aq0ms0" postype="qualificative" wd="nou"/>
            </grup.a>
          </s.a>
          <n gen="m" lem="punt" num="s" pos="ncms000" postype="common" sense="16:04867079" wd="punt"/>
          <s.a gen="m" num="s">
            <grup.a gen="m" num="s">
              <a gen="c" lem="consistent" num="s" pos="aq0cs0" postype="qualificative" wd="consistent"/>
              <sp>
                <prep>
                  <s lem="en" pos="sps00" postype="preposition" wd="en"/>
                </prep>
                <sn entityref="nne">
                  <spec gen="f" num="s">
                    <d gen="f" lem="un" num="s" pos="di0fs0" postype="indefinite" wd="una"/>
                  </spec>
                  <grup.nom discid="1n" gen="f" num="s">
                    <s.a gen="f" num="s">
                      <grup.a gen="f" num="s">
                        <a gen="f" lem="nou" num="s" pos="aq0fs0" postype="qualificative" wd="nova"/>
                      </grup.a>
                    </s.a>
                    <n gen="f" lem="targeta" num="s" pos="ncfs000" postype="common" sense="16:04976462" wd="targeta"/>
                  </grup.nom>
                </sn>
              </sp>
              <sp>
                <prep>
                  <s lem="per" pos="sps00" postype="preposition" wd="per"/>
                </prep>
                <sn entity="entity22" entityref="nne">
                  <spec gen="f" num="s">
                    <d gen="f" lem="el" num="s" pos="da0fs0" postype="article" wd="la"/>
                  </spec>
                  <grup.nom gen="f" num="s">
                    <n gen="f" lem="persona" num="s" pos="ncfs000" postype="common" sense="16:00004123" wd="persona"/>
                    <S clausetype="relative">
                      <relatiu arg="arg0" coreftype="ident" entity="entity22" entityref="nne" func="suj" tem="agt">
                        <p gen="c" lem="que" num="c" pos="pr0cn000" postype="relative" wd="que"/>
                      </relatiu>
                      <morfema.pronominal>
                        <p gen="c" lem="ell" num="c" person="3" pos="p0300000" wd="es"/>
                      </morfema.pronominal>
                      <grup.verb>
                        <v lem="desplaçar" lss="D11.inergative-agentive" mood="indicative" num="s" person="3" pos="vmip3s0" postype="main" tense="present" wd="desplaça"/>
                      </grup.verb>
                      <sp arg="arg2" func="cc" tem="loc">
                        <prep>
                          <s lem="a" pos="sps00" postype="preposition" wd="a"/>
                        </prep>
                        <sn entityref="nne">
                          <spec gen="m" num="s">
                            <d gen="m" lem="un" num="s" pos="di0ms0" postype="indefinite" wd="un"/>
                            <d gen="m" lem="altre" num="s" pos="di0ms0" postype="indefinite" wd="altre"/>
                          </spec>
                          <grup.nom gen="m" num="s">
                            <n gen="m" lem="barri" num="s" pos="ncms000" postype="common" sense="16:06293689" wd="barri"/>
                          </grup.nom>
                        </sn>
                      </sp>
                      <sp arg="argM" func="cc" tem="fin">
                        <prep>
                          <s lem="per" pos="sps00" postype="preposition" wd="per"/>
                        </prep>
                        <S clausetype="completive" impersonal="yes">
                          <infinitiu>
                            <v lem="treballar" lss="D11.inergative-agentive" mood="infinitive" pos="vmn0000" postype="main" wd="treballar"/>
                          </infinitiu>
                        </S>
                      </sp>
                    </S>
                  </grup.nom>
                </sn>
              </sp>
            </grup.a>
          </s.a>
        </grup.nom>
      </sn>
      <sp discid="1c">
        <prep>
          <s lem="de" pos="sps00" postype="preposition" wd="de"/>
        </prep>
        <sn entityref="ne" ne="number">
          <spec gen="f" num="p">
            <z lem="90" ne="number" wd="90"/>
          </spec>
          <grup.nom gen="f" num="p">
            <z lem="pesseta" ne="number" pos="zm" postype="currency" wd="pessetes"/>
            <s.a gen="f" num="p">
              <grup.a gen="f" num="p">
                <a gen="f" lem="diari" num="p" pos="aq0fp0" postype="qualificative" wd="diàries"/>
              </grup.a>
            </s.a>
          </grup.nom>
        </sn>
      </sp>
    </S>
    <f lem="." pos="fp" punct="period" wd="."/>
  </sentence>
  <sentence>
    <sadv func="mod">
      <grup.adv>
        <r lem="també" pos="rg" wd="També"/>
      </grup.adv>
    </sadv>
    <grup.verb>
      <v lem="destacar" lss="C11.state-existential" mood="indicative" num="p" person="3" pos="vmip3p0" postype="main" tense="present" wd="destaquen"/>
    </grup.verb>
    <sn arg="arg1" entityref="nne" func="suj" homophoricDD="yes" tem="tem">
      <spec gen="f" num="p">
        <d gen="f" lem="el" num="p" pos="da0fp0" postype="article" wd="les"/>
      </spec>
      <grup.nom gen="f" num="p">
        <n gen="f" lem="al·legació" num="p" pos="ncfp000" postype="common" sense="16:05046181" wd="al·legacions"/>
        <sp>
          <prep>
            <s lem="a" pos="sps00" postype="preposition" wd="a"/>
          </prep>
          <sn entityref="nne" homophoricDD="yes">
            <spec gen="f" num="p">
              <d gen="f" lem="el" num="p" pos="da0fp0" postype="article" wd="les"/>
            </spec>
            <grup.nom gen="f" num="p">
              <n gen="f" lem="taxa" num="p" pos="ncfp000" postype="common" sense="16:cs1" wd="taxes"/>
              <s.a gen="f" num="p">
                <grup.a gen="f" num="p">
                  <a gen="c" lem="social" num="p" pos="aq0cp0" postype="qualificative" wd="socials"/>
                </grup.a>
              </s.a>
            </grup.nom>
          </sn>
        </sp>
        <sp>
          <prep>
            <c lem="com" pos="cs" postype="subordinating" wd="com"/>
          </prep>
          <sn entityref="nne" homophoricDD="yes">
            <spec gen="f" num="s">
              <d gen="c" lem="el" num="s" pos="da0cs0" postype="article" wd="l'"/>
            </spec>
            <grup.nom gen="f" num="s">
              <n gen="f" lem="exempció" num="s" pos="ncfs000" postype="common" sense="16:10420170" wd="exempció"/>
              <s.a gen="f" num="s">
                <grup.a gen="f" num="s">
                  <a gen="c" lem="total" num="s" pos="aq0cs0" postype="qualificative" wd="total"/>
                </grup.a>
              </s.a>
              <sp>
                <prep>
                  <s lem="en" pos="sps00" postype="preposition" wd="en"/>
                </prep>
                <sn entityref="nne" homophoricDD="yes">
                  <spec gen="f" num="s">
                    <d gen="f" lem="el" num="s" pos="da0fs0" postype="article" wd="la"/>
                  </spec>
                  <grup.nom gen="f" num="s">
                    <n gen="f" lem="tramitació" num="s" pos="ncfs000" postype="common" sense="16:05347846" wd="tramitació"/>
                    <sp>
                      <prep>
                        <s lem="de" pos="sps00" postype="preposition" wd="de"/>
                      </prep>
                      <sn entityref="nne">
                        <grup.nom gen="m" num="p">
                          <n gen="m" lem="document" num="p" pos="ncmp000" postype="common" sense="16:04859637" wd="documents"/>
                        </grup.nom>
                      </sn>
                    </sp>
                  </grup.nom>
                </sn>
              </sp>
              <sp>
                <prep>
                  <s lem="per" pos="sps00" postype="preposition" wd="per"/>
                </prep>
                <sp>
                  <prep>
                    <s lem="a" pos="sps00" postype="preposition" wd="a"/>
                  </prep>
                  <sn entityref="nne">
                    <spec gen="f" num="p">
                      <d gen="f" lem="tot" num="p" pos="di0fp0" postype="indefinite" wd="totes"/>
                      <d gen="f" lem="aquell" num="p" pos="dd0fp0" postype="demonstrative" wd="aquelles"/>
                    </spec>
                    <grup.nom gen="f" num="p">
                      <n gen="f" lem="persona" num="p" pos="ncfp000" postype="common" sense="16:00004123" wd="persones"/>
                      <s.a gen="f" num="p">
                        <grup.a gen="f" num="p">
                          <a gen="f" lem="cec" num="p" pos="aq0fp0" postype="qualificative" wd="cegues"/>
                        </grup.a>
                      </s.a>
                    </grup.nom>
                  </sn>
                </sp>
              </sp>
              <S clausesubtype="conditional" clausetype="adverbial" func="ao">
                <conj conjunctiontype="subordinating">
                  <c lem="mentre" pos="cs" postype="subordinating" wd="mentre"/>
                </conj>
                <sn arg="arg1" entityref="nne" func="suj" tem="tem">
                  <spec gen="m" num="s">
                    <d gen="m" lem="el" num="s" pos="da0ms0" postype="article" wd="el"/>
                  </spec>
                  <grup.nom gen="m" num="s">
                    <n gen="m" lem="document" num="s" pos="ncms000" postype="common" sense="16:04859637" wd="document"/>
                    <sp>
                      <prep>
                        <s lem="en" pos="sps00" postype="preposition" wd="en"/>
                      </prep>
                      <sn entityref="lex">
                        <grup.nom gen="f" num="s">
                          <n gen="f" lem="qüestió" num="s" pos="ncfs000" postype="common" sense="16:05080521" wd="qüestió"/>
                        </grup.nom>
                      </sn>
                    </sp>
                  </grup.nom>
                </sn>
                <neg func="mod">
                  <r lem="no" pos="rn" postype="negative" wd="no"/>
                </neg>
                <grup.verb>
                  <v lem="anar" lss="C21.state-attributive" mood="subjunctive" num="s" person="3" pos="vmsp3s0" postype="main" tense="present" wd="vagi"/>
                </grup.verb>
                <S arg="arg2" clausetype="participle" func="cpred" impersonal="yes" predicate="suj" tem="atr">
                  <participi>
                    <a gen="m" lem="acompanyat" lss="B22.unaccusative-passive-transitive" num="s" pos="aq0msp" posfunction="participle" postype="qualificative" wd="acompanyat"/>
                  </participi>
                  <sp arg="arg0" func="cag" tem="agt">
                    <prep>
                      <s lem="de" pos="sps00" postype="preposition" wd="d'"/>
                    </prep>
                    <sn entityref="nne">
                      <spec gen="m" num="s">
                        <d gen="m" lem="un" num="s" pos="di0ms0" postype="indefinite" wd="un"/>
                      </spec>
                      <grup.nom gen="m" num="s">
                        <n gen="m" lem="document" num="s" pos="ncms000" postype="common" sense="16:04859637" wd="document"/>
                        <s.a gen="m" num="s">
                          <grup.a gen="m" num="s">
                            <a gen="m" lem="adjunt" num="s" pos="aq0ms0" postype="qualificative" wd="adjunt"/>
                          </grup.a>
                        </s.a>
                        <sp>
                          <prep>
                            <s lem="en" pos="sps00" postype="preposition" wd="en"/>
                          </prep>
                          <sn entityref="nne">
                            <grup.nom gen="m" num="s">
                              <n gen="m" lem="llenguatge" num="s" pos="ncms000" postype="common" sense="16:04748361" wd="llenguatge"/>
                              <s.a gen="m" num="s">
                                <grup.a gen="m" num="s">
                                  <a gen="m" lem="braille" num="s" pos="aq0ms0" postype="qualificative" wd="braille"/>
                                </grup.a>
                              </s.a>
                            </grup.nom>
                          </sn>
                        </sp>
                      </grup.nom>
                    </sn>
                  </sp>
                </S>
              </S>
            </grup.nom>
          </sn>
        </sp>
      </grup.nom>
    </sn>
    <f lem="." pos="fp" punct="period" wd="."/>
  </sentence>
</article>
