<?xml version="1.0" encoding="UTF-8"?>
<!-- 

  ancora-2.0
       
			Copyright (C) 2007, 2008, 2009, 2010, 2011 UB - CLiC
			Centre de Llenguatge i Computació - Universitat de Barcelona
 
  This file is part of ancora-2.0.
 
  ancora-2.0 is free software and data: you can redistribute it and/or modify
  it under the terms of the GNU General Public License as published
  by the Free Software Foundation, either version 3 of the License,
  or (at your option) any later version.

  ancora-2.0 is distributed in the hope that it will be useful,
  but WITHOUT ANY WARRANTY; without even the implied warranty of
  MERCHANTABILITY or FITNESS FOR A PARTICULAR PURPOSE.  See the
  GNU General Public License for more details.
 
  You should have received a copy of the GNU General Public License
  along with ancora-2.0.  If not, see &lt;http://www.gnu.org/licenses/&gt;.
 
  Check a text in catalan explaining the terms of the license at http://www.softcatala.cat/wiki/GPL3.
  In spanish at http://www.viti.es/gnu/licenses/gpl.html
 

  The following paper must be cited when using this corpus:

 * Taulé, M., M.A. Martí, M. Recasens (2008) 'Ancora: Multilevel Annotated Corpora for Catalan and Spanish',
   Proceedings of 6th International Conference on Language Resources and Evaluation. Marrakesh (Morocco).

  In addition, the following paper must be cited if coreference information (attributes entity, coreftype,
  corefsubtype, homophoricDD or entityref) is used:

 * Recasens, Marta, M. Antònia Martí (2010) ‘AnCora-CO: Coreferentially annotated corpora for Spanish and
   Catalan’. Language Resources and Evaluation, Springer Science.

  Additionally, the following paper must be cited when argumental attributes in "sn" or "grup.nom"
  (attributes func, arg, tem or lexicalid) are used:

 * Peris, Aina, Mariona Taulé, Horacio Rodríguez (2010) ‘Semantic Annotation of Deverbal Nominalizations in the
   Spanish AnCora corpus’. Treebanks and Linguistic Theories (TLT-2010), Estonia.
-->
<article lng="ca">
  <sentence title="yes">
    <sn entity="entity1" missing="yes" title="yes"/>
  </sentence>
  <sentence>
    <sn arg="arg1" coreftype="ident" entity="entity1" entityref="nne" func="suj" tem="tem">
      <spec gen="f" num="s">
        <d gen="f" lem="el" num="s" pos="da0fs0" postype="article" wd="La"/>
      </spec>
      <grup.nom gen="f" num="s">
        <n gen="f" lem="pràctica" num="s" pos="ncfs000" postype="common" sense="16:00263204" wd="pràctica"/>
      </grup.nom>
    </sn>
    <grup.verb>
      <v lem="ser" lss="C21.state-attributive" mood="indicative" num="s" person="3" pos="vsii3s0" postype="semiauxiliary" tense="imperfect" wd="era"/>
    </grup.verb>
    <sn arg="arg2" func="atr" tem="atr">
      <grup.nom gen="m" num="s">
        <n gen="m" lem="tabú" num="s" pos="ncms000" postype="common" sense="16:03825841" wd="tabú"/>
      </grup.nom>
    </sn>
    <sp arg="argM" func="cc" tem="tmp">
      <prep>
        <s lem="des" pos="sps00" postype="preposition" wd="des"/>
      </prep>
      <S clausetype="completive">
        <conj conjunctiontype="subordinating">
          <c lem="que" pos="cs" postype="subordinating" wd="que"/>
        </conj>
        <morfema.verbal func="pass">
          <p gen="c" lem="es" num="c" pos="p0000000" wd="es"/>
        </morfema.verbal>
        <grup.verb>
          <v lem="anar" mood="indicative" num="s" person="3" pos="vaip3s0" postype="auxiliary" tense="present" wd="va"/>
          <v lem="acusar" lss="B22.unaccusative-passive-transitive" mood="infinitive" pos="vmn0000" postype="main" wd="acusar"/>
        </grup.verb>
        <sn arg="arg1" entity="entity3" entityref="nne" func="suj" tem="pat">
          <spec gen="m" num="s">
            <d gen="m" lem="un" num="s" pos="di0ms0" postype="indefinite" wd="un"/>
          </spec>
          <grup.nom gen="m" num="s">
            <n gen="m" lem="cirurgià" num="s" pos="ncms000" postype="common" sense="16:07624027" wd="cirurgià"/>
          </grup.nom>
        </sn>
        <sp arg="arg2" func="creg" tem="tem">
          <prep>
            <s lem="de" pos="sps00" postype="preposition" wd="d'"/>
          </prep>
          <S clausetype="completive" impersonal="yes">
            <infinitiu>
              <v lem="accelerar" lss="A11.transitive-causative" mood="infinitive" pos="vmn0000" postype="main" wd="accelerar"/>
            </infinitiu>
            <sn arg="arg1" entity="entity4" entityref="nne" func="cd" tem="tem">
              <spec gen="f" num="s">
                <d gen="f" lem="un" num="s" pos="di0fs0" postype="indefinite" wd="una"/>
              </spec>
              <grup.nom gen="f" num="s">
                <n gen="f" lem="mort" num="s" pos="ncfs000" postype="common" sense="16:10867742" wd="mort"/>
              </grup.nom>
            </sn>
          </S>
        </sp>
      </S>
    </sp>
    <f lem="." pos="fp" punct="period" wd="."/>
  </sentence>
  <sentence>
    <sn arg="arg0" entity="entity6" entityref="ne" func="suj" ne="organization" tem="agt">
      <spec gen="m" num="s">
        <d gen="m" lem="el" num="s" pos="da0ms0" postype="article" wd="El"/>
      </spec>
      <grup.nom>
        <n lem="Japó" ne="organization" pos="np0000o" postype="proper" wd="Japó"/>
      </grup.nom>
    </sn>
    <grup.verb>
      <v lem="anar" mood="indicative" num="s" person="3" pos="vaip3s0" postype="auxiliary" tense="present" wd="va"/>
      <v lem="reprendre" lss="A21.transitive-agentive-patient" mood="infinitive" pos="vmn0000" postype="main" wd="reprendre"/>
    </grup.verb>
    <sadv arg="argM" func="cc" tem="tmp">
      <grup.adv>
        <r lem="ahir" pos="rg" wd="ahir"/>
      </grup.adv>
    </sadv>
    <sn arg="arg1" coreftype="ident" entity="entity1" entityref="nne" func="cd" homophoricDD="yes" tem="pat">
      <spec gen="f" num="s">
        <d gen="f" lem="el" num="s" pos="da0fs0" postype="article" wd="la"/>
      </spec>
      <grup.nom gen="f" num="s">
        <n gen="f" lem="pràctica" num="s" pos="ncfs000" postype="common" sense="16:00263204" wd="pràctica"/>
        <sp>
          <prep>
            <s lem="de" pos="sps00" postype="preposition" wd="de"/>
          </prep>
          <S clausetype="completive" impersonal="yes">
            <infinitiu>
              <v lem="trasplantar" lss="A21.transitive-agentive-patient" mood="infinitive" pos="vmn0000" postype="main" wd="trasplantar"/>
            </infinitiu>
            <sn arg="arg1" entityref="nne" func="cd" tem="pat">
              <grup.nom gen="m" num="p">
                <n gen="m" lem="òrgan" num="p" pos="ncmp000" postype="common" sense="16:04111451" wd="òrgans"/>
                <s.a gen="m" num="p">
                  <grup.a gen="m" num="p">
                    <a gen="c" lem="procedent" num="p" pos="aq0cp0" postype="qualificative" wd="procedents"/>
                    <sp>
                      <prep>
                        <s lem="de" pos="sps00" postype="preposition" wd="de"/>
                      </prep>
                      <sn entityref="nne">
                        <grup.nom gen="m" num="p">
                          <n gen="m" lem="donant" num="p" pos="ncmp000" postype="common" sense="16:07222682" wd="donants"/>
                          <sp>
                            <prep>
                              <s lem="en" pos="sps00" postype="preposition" wd="en"/>
                            </prep>
                            <sn entityref="nne">
                              <grup.nom gen="f" num="s">
                                <n gen="f" lem="situació" num="s" pos="ncfs000" postype="common" sense="16:10035141" wd="situació"/>
                                <sp>
                                  <prep>
                                    <s lem="de" pos="sps00" postype="preposition" wd="de"/>
                                  </prep>
                                  <sn>
                                    <grup.nom gen="f" num="s">
                                      <n gen="f" lem="mort" num="s" pos="ncfs000" postype="common" sense="16:07788946" wd="mort"/>
                                      <s.a gen="f" num="s">
                                        <grup.a gen="f" num="s">
                                          <a gen="c" lem="cerebral" num="s" pos="aq0cs0" postype="qualificative" wd="cerebral"/>
                                        </grup.a>
                                      </s.a>
                                    </grup.nom>
                                  </sn>
                                </sp>
                              </grup.nom>
                            </sn>
                          </sp>
                        </grup.nom>
                      </sn>
                    </sp>
                  </grup.a>
                </s.a>
              </grup.nom>
            </sn>
          </S>
        </sp>
        <sn corefsubtype="indefinit" coreftype="pred" entity="entity1">
          <f lem="," pos="fc" punct="comma" wd=","/>
          <spec gen="f" num="s">
            <d gen="f" lem="un" num="s" pos="di0fs0" postype="indefinite" wd="una"/>
          </spec>
          <grup.nom gen="f" num="s">
            <n gen="f" lem="intervenció" num="s" pos="ncfs000" postype="common" sense="16:00436664" wd="intervenció"/>
            <S clausetype="relative">
              <relatiu arg="arg1" coreftype="ident" entity="entity1" entityref="nne" func="suj" tem="pat">
                <p gen="c" lem="que" num="c" pos="pr0cn000" postype="relative" wd="que"/>
              </relatiu>
              <grup.verb>
                <v lem="anar" mood="indicative" num="s" person="3" pos="vaip3s0" postype="auxiliary" tense="present" wd="va"/>
                <v lem="ser" mood="infinitive" pos="vsn0000" postype="semiauxiliary" wd="ser"/>
                <v gen="f" lem="suspendre" lss="B22.unaccusative-passive-transitive" mood="participle" num="s" pos="vmp00sf" postype="main" wd="suspesa"/>
              </grup.verb>
              <sadv arg="argM" func="cc" tem="mnr">
                <grup.adv>
                  <r lem="voluntàriament" pos="rg" wd="voluntàriament"/>
                </grup.adv>
              </sadv>
              <sp arg="arg0" func="cag" tem="agt">
                <prep>
                  <s contracted="yes" gen="m" lem="pel" num="p" pos="spcmp" postype="preposition" wd="pels"/>
                </prep>
                <sn entity="entity15" entityref="nne" homophoricDD="yes">
                  <grup.nom gen="m" num="p">
                    <n gen="m" lem="metge" num="p" pos="ncmp000" postype="common" sense="16:07220340" wd="metges"/>
                  </grup.nom>
                </sn>
              </sp>
              <sn arg="argM" entity="entity16" entityref="ne" func="cc" ne="date" tem="tmp">
                <spec gen="m" num="s">
                  <d gen="m" lem="el" num="s" pos="da0ms0" postype="article" wd="el"/>
                </spec>
                <grup.nom gen="m" num="s">
                  <w lem="[??:??/??/1968:??.??]" ne="date" wd="1968"/>
                </grup.nom>
              </sn>
              <sadv arg="argM" func="cc" tem="tmp">
                <f lem="," pos="fc" punct="comma" wd=","/>
                <grup.adv>
                  <r lem="després" pos="rg" wd="després"/>
                  <S clausetype="completive">
                    <conj conjunctiontype="subordinating">
                      <c lem="que" pos="cs" postype="subordinating" wd="que"/>
                    </conj>
                    <sn arg="arg1" coreftype="ident" entity="entity3" entityref="nne" func="suj" homophoricDD="yes" tem="pat">
                      <spec gen="m" num="s">
                        <d gen="m" lem="el" num="s" pos="da0ms0" postype="article" wd="el"/>
                      </spec>
                      <grup.nom gen="m" num="s">
                        <s.a gen="m" num="s">
                          <grup.a gen="m" num="s">
                            <a gen="m" lem="primer" num="s" pos="ao0ms0" postype="ordinal" wd="primer"/>
                          </grup.a>
                        </s.a>
                        <n gen="m" lem="cirurgià" num="s" pos="ncms000" postype="common" sense="16:07624027" wd="cirurgià"/>
                        <S clausetype="relative">
                          <relatiu arg="arg0" coreftype="ident" entity="entity3" entityref="nne" func="suj" tem="agt">
                            <p gen="c" lem="que" num="c" pos="pr0cn000" postype="relative" wd="que"/>
                          </relatiu>
                          <grup.verb>
                            <v lem="realitzar" lss="A21.transitive-agentive-patient" mood="indicative" num="s" person="3" pos="vmii3s0" postype="main" tense="imperfect" wd="realitzava"/>
                          </grup.verb>
                          <sn arg="arg1" entity="entity17" entityref="nne" func="cd" tem="pat">
                            <spec gen="m" num="s">
                              <d gen="m" lem="un" num="s" pos="di0ms0" postype="indefinite" wd="un"/>
                            </spec>
                            <grup.nom gen="m" num="s">
                              <n gen="m" lem="trasplantament" num="s" pos="ncms000" postype="common" sense="16:00445136" wd="trasplantament"/>
                              <sp>
                                <prep>
                                  <s lem="de" pos="sps00" postype="preposition" wd="de"/>
                                </prep>
                                <sn>
                                  <grup.nom gen="m" num="s">
                                    <n gen="m" lem="cor" num="s" pos="ncms000" postype="common" sense="16:04188555" wd="cor"/>
                                  </grup.nom>
                                </sn>
                              </sp>
                            </grup.nom>
                          </sn>
                        </S>
                      </grup.nom>
                    </sn>
                    <grup.verb>
                      <v lem="ser" mood="subjunctive" num="s" person="3" pos="vssi3s0" postype="semiauxiliary" tense="imperfect" wd="fos"/>
                      <v gen="m" lem="acusar" lss="B22.unaccusative-passive-transitive" mood="participle" num="s" pos="vmp00sm" postype="main" wd="acusat"/>
                    </grup.verb>
                    <sp arg="arg2" func="creg" tem="tem">
                      <prep>
                        <s lem="de" pos="sps00" postype="preposition" wd="d'"/>
                      </prep>
                      <S clausetype="completive" impersonal="yes">
                        <infinitiu>
                          <v lem="accelerar" lss="A11.transitive-causative" mood="infinitive" pos="vmn0000" postype="main" wd="accelerar"/>
                        </infinitiu>
                        <sn arg="arg1" coreftype="ident" entity="entity4" entityref="nne" func="cd" homophoricDD="yes" tem="tem">
                          <spec gen="f" num="s">
                            <d gen="f" lem="el" num="s" pos="da0fs0" postype="article" wd="la"/>
                          </spec>
                          <grup.nom gen="f" num="s">
                            <n gen="f" lem="mort" num="s" pos="ncfs000" postype="common" sense="16:10867742" wd="mort"/>
                            <sp>
                              <prep>
                                <s contracted="yes" gen="m" lem="del" num="s" pos="spcms" postype="preposition" wd="del"/>
                              </prep>
                              <sn entity="entity19" entityref="nne">
                                <grup.nom gen="m" num="s">
                                  <n gen="m" lem="donant" num="s" pos="ncms000" postype="common" sense="16:07222682" wd="donant"/>
                                </grup.nom>
                              </sn>
                            </sp>
                          </grup.nom>
                        </sn>
                      </S>
                    </sp>
                  </S>
                </grup.adv>
              </sadv>
            </S>
          </grup.nom>
        </sn>
      </grup.nom>
    </sn>
    <f lem="." pos="fp" punct="period" wd="."/>
  </sentence>
  <sentence>
    <sn arg="arg0" entityref="nne" func="suj" tem="agt">
      <spec gen="f" num="s">
        <d gen="f" lem="un" num="s" pos="di0fs0" postype="indefinite" wd="Una"/>
      </spec>
      <grup.nom gen="f" num="s">
        <n gen="f" lem="llei" num="s" pos="ncfs000" postype="common" sense="16:04904589" wd="llei"/>
      </grup.nom>
    </sn>
    <grup.verb>
      <v lem="regular" lss="A21.transitive-agentive-patient" mood="indicative" num="s" person="3" pos="vmif3s0" postype="main" tense="future" wd="regularà"/>
    </grup.verb>
    <sn arg="arg1" entity="entity5" entityref="nne" func="cd" homophoricDD="yes" tem="pat">
      <spec gen="m" num="p">
        <d gen="m" lem="el" num="p" pos="da0mp0" postype="article" wd="els"/>
      </spec>
      <grup.nom gen="m" num="p">
        <n gen="m" lem="trasplantament" num="p" pos="ncmp000" postype="common" sense="16:00445136" wd="trasplantaments"/>
        <S clausetype="relative">
          <relatiu arg="arg1" coreftype="ident" entity="entity5" entityref="nne" func="suj" tem="pat">
            <p gen="c" lem="que" num="c" pos="pr0cn000" postype="relative" wd="que"/>
          </relatiu>
          <morfema.verbal func="pass">
            <p gen="c" lem="es" num="c" pos="p0000000" wd="es"/>
          </morfema.verbal>
          <grup.verb>
            <v lem="realitzar" lss="B22.unaccusative-passive-transitive" mood="subjunctive" num="p" person="3" pos="vmsp3p0" postype="main" tense="present" wd="realitzin"/>
          </grup.verb>
          <sp arg="argM" func="cc" tem="tmp">
            <prep>
              <s lem="a_partir_de" pos="sps00" postype="preposition" wd="a_partir_d'"/>
            </prep>
            <sadv>
              <grup.adv>
                <r lem="ara" pos="rg" wd="ara"/>
              </grup.adv>
            </sadv>
          </sp>
          <sp arg="argM" func="cc" tem="loc">
            <prep>
              <s contracted="yes" gen="m" lem="al" num="s" pos="spcms" postype="preposition" wd="al"/>
            </prep>
            <sn coreftype="ident" entity="entity6" entityref="ne" ne="location">
              <grup.nom gen="m" num="s">
                <n lem="Japó" ne="location" pos="np0000l" postype="proper" wd="Japó"/>
              </grup.nom>
            </sn>
          </sp>
        </S>
      </grup.nom>
    </sn>
    <f lem="." pos="fp" punct="period" wd="."/>
  </sentence>
  <sentence>
    <sn arg="arg1" func="suj" tem="tem">
      <spec gen="f" num="s">
        <d gen="f" lem="el" num="s" pos="da0fs0" postype="article" wd="La"/>
      </spec>
      <grup.nom gen="f" num="s">
        <s.a gen="f" num="s">
          <grup.a gen="f" num="s">
            <a gen="f" lem="primer" num="s" pos="ao0fs0" postype="ordinal" wd="primera"/>
          </grup.a>
        </s.a>
        <n gen="c" lem="donant" num="s" pos="nccs000" postype="common" sense="16:07222682" wd="donant"/>
        <sp>
          <prep>
            <s lem="de" pos="sps00" postype="preposition" wd="d'"/>
          </prep>
          <sn entityref="nne">
            <spec gen="f" num="s">
              <d gen="f" lem="aquest" num="s" pos="dd0fs0" postype="demonstrative" wd="aquesta"/>
            </spec>
            <grup.nom gen="f" num="s">
              <s.a gen="f" num="s">
                <grup.a gen="f" num="s">
                  <a gen="f" lem="nou" num="s" pos="aq0fs0" postype="qualificative" wd="nova"/>
                </grup.a>
              </s.a>
              <n gen="f" lem="etapa" num="s" pos="ncfs000" postype="common" sense="16:10983365" wd="etapa"/>
            </grup.nom>
          </sn>
        </sp>
      </grup.nom>
    </sn>
    <grup.verb>
      <v lem="anar" mood="indicative" num="s" person="3" pos="vaip3s0" postype="auxiliary" tense="present" wd="va"/>
      <v lem="ser" lss="C21.state-attributive" mood="infinitive" pos="vsn0000" postype="semiauxiliary" wd="ser"/>
    </grup.verb>
    <sn arg="arg2" entity="entity7" entityref="nne" func="atr" tem="atr">
      <spec gen="f" num="s">
        <d gen="f" lem="un" num="s" pos="di0fs0" postype="indefinite" wd="una"/>
      </spec>
      <grup.nom gen="f" num="s">
        <n gen="f" lem="dona" num="s" pos="ncfs000" postype="common" sense="16:07684780" wd="dona"/>
        <sp>
          <prep>
            <s lem="de" pos="sps00" postype="preposition" wd="d'"/>
          </prep>
          <sn>
            <spec gen="m" num="p">
              <d gen="m" lem="un" num="p" pos="di0mp0" postype="indefinite" wd="uns"/>
              <z lem="40" ne="number" wd="40"/>
            </spec>
            <grup.nom gen="m" num="p">
              <n gen="m" lem="any" num="p" pos="ncmp000" postype="common" sense="16:10917509" wd="anys"/>
            </grup.nom>
          </sn>
        </sp>
        <S clausetype="relative" coord="yes">
          <S clausetype="relative" entity="entity9">
            <relatiu arg="arg1" coreftype="ident" entity="entity7" entityref="nne" func="suj" tem="tem">
              <p gen="c" lem="que" num="c" pos="pr0cn000" postype="relative" wd="que"/>
            </relatiu>
            <grup.verb>
              <v lem="anar" mood="indicative" num="s" person="3" pos="vaip3s0" postype="auxiliary" tense="present" wd="va"/>
              <v lem="morir" lss="B21.unaccusative-state" mood="infinitive" pos="vmn0000" postype="main" wd="morir"/>
            </grup.verb>
            <sp arg="argM" func="cc" tem="cau">
              <prep>
                <s lem="de" pos="sps00" postype="preposition" wd="d'"/>
              </prep>
              <sn entityref="nne">
                <spec gen="m" num="s">
                  <d gen="m" lem="un" num="s" pos="di0ms0" postype="indefinite" wd="un"/>
                </spec>
                <grup.nom gen="m" num="s">
                  <n gen="m" lem="infart" num="s" pos="ncms000" postype="common" sense="16:cs1" wd="infart"/>
                  <sp>
                    <prep>
                      <s lem="de" pos="sps00" postype="preposition" wd="de"/>
                    </prep>
                    <sn>
                      <grup.nom gen="m" num="s">
                        <n gen="m" lem="miocardi" num="s" pos="ncms000" postype="common" sense="16:04190359" wd="miocardi"/>
                      </grup.nom>
                    </sn>
                  </sp>
                </grup.nom>
              </sn>
            </sp>
            <sn arg="argM" entityref="nne" func="cc" homophoricDD="yes" tem="tmp">
              <spec gen="f" num="s">
                <d gen="f" lem="el" num="s" pos="da0fs0" postype="article" wd="la"/>
              </spec>
              <grup.nom gen="f" num="s">
                <n gen="f" lem="nit" num="s" pos="ncfs000" postype="common" sense="16:10885886" wd="nit"/>
                <sp>
                  <prep>
                    <s lem="de" pos="sps00" postype="preposition" wd="de"/>
                  </prep>
                  <sn entityref="ne" ne="date">
                    <grup.nom gen="m" num="s">
                      <w lem="[dissabte:??/??/??:??.??]" ne="date" wd="dissabte"/>
                      <S clausetype="participle" impersonal="yes">
                        <participi>
                          <a gen="m" lem="passat" num="s" pos="aq0msp" posfunction="participle" postype="qualificative" wd="passat"/>
                        </participi>
                      </S>
                    </grup.nom>
                  </sn>
                </sp>
              </grup.nom>
            </sn>
          </S>
          <f lem="," pos="fc" punct="comma" wd=","/>
          <S clausetype="relative" entity="entity11">
            <sp arg="arg2" func="ci" tem="ben">
              <prep>
                <s lem="a" pos="sps00" postype="preposition" wd="a"/>
              </prep>
              <relatiu coreftype="ident" entity="entity7" entityref="nne">
                <p gen="c" lem="qui" num="c" pos="pr0cn000" postype="relative" wd="qui"/>
              </relatiu>
            </sp>
            <morfema.verbal func="pass">
              <p gen="c" lem="es" num="c" pos="p0000000" wd="es"/>
            </morfema.verbal>
            <grup.verb>
              <v lem="anar" mood="indicative" num="p" person="3" pos="vaip3p0" postype="auxiliary" tense="present" wd="van"/>
              <v lem="extreure" lss="B22.unaccusative-passive-transitive" mood="infinitive" pos="vmn0000" postype="main" wd="extreure"/>
            </grup.verb>
            <sn arg="arg1" coord="yes" entity="entity10" func="suj" tem="pat">
              <sn entityref="nne">
                <spec gen="m" num="s">
                  <d gen="m" lem="el" num="s" pos="da0ms0" postype="article" wd="el"/>
                </spec>
                <grup.nom gen="m" num="s">
                  <n gen="m" lem="cor" num="s" pos="ncms000" postype="common" sense="16:04188555" wd="cor"/>
                </grup.nom>
              </sn>
              <f lem="," pos="fc" punct="comma" wd=","/>
              <sn entityref="nne">
                <spec gen="m" num="s">
                  <d gen="m" lem="el" num="s" pos="da0ms0" postype="article" wd="el"/>
                </spec>
                <grup.nom gen="m" num="s">
                  <n gen="m" lem="fetge" num="s" pos="ncms000" postype="common" sense="16:04186068" wd="fetge"/>
                </grup.nom>
              </sn>
              <conj conjunctiontype="coordinating">
                <c lem="i" pos="cc" postype="coordinating" wd="i"/>
              </conj>
              <sn entityref="nne">
                <spec gen="m" num="p">
                  <d gen="m" lem="el" num="p" pos="da0mp0" postype="article" wd="els"/>
                </spec>
                <grup.nom gen="m" num="p">
                  <n gen="m" lem="ronyó" num="p" pos="ncmp000" postype="common" sense="16:04136473" wd="ronyons"/>
                </grup.nom>
              </sn>
            </sn>
          </S>
        </S>
      </grup.nom>
    </sn>
    <f lem="." pos="fp" punct="period" wd="."/>
  </sentence>
  <sentence coord="yes">
    <S>
      <sn arg="arg1" entity="entity8" entityref="nne" func="suj" tem="tem">
        <spec gen="m" num="p">
          <d gen="m" lem="el" num="p" pos="da0mp0" postype="article" wd="Els"/>
        </spec>
        <grup.nom gen="m" num="p">
          <n gen="m" lem="pulmó" num="p" pos="ncmp000" postype="common" sense="16:04187344" wd="pulmons"/>
        </grup.nom>
      </sn>
      <neg func="mod">
        <r lem="no" pos="rn" postype="negative" wd="no"/>
      </neg>
      <grup.verb>
        <v lem="estar" lss="C21.state-attributive" mood="indicative" num="p" person="3" pos="vmii3p0" postype="main" tense="imperfect" wd="estaven"/>
      </grup.verb>
      <sp arg="arg2" func="atr" tem="atr">
        <prep>
          <s lem="en" pos="sps00" postype="preposition" wd="en"/>
        </prep>
        <sn>
          <grup.nom gen="m" num="s">
            <s.a gen="m" num="s">
              <grup.a gen="m" num="s">
                <a gen="m" lem="bo" num="s" pos="aq0ms0" postype="qualificative" wd="bon"/>
              </grup.a>
            </s.a>
            <n gen="m" lem="estat" num="s" pos="ncms000" postype="common" sense="16:00016185" wd="estat"/>
          </grup.nom>
        </sn>
      </sp>
    </S>
    <conj conjunctiontype="coordinating">
      <c lem="i" pos="cc" postype="coordinating" wd="i"/>
    </conj>
    <S>
      <sn arg="arg1" coreftype="ident" elliptic="yes" entity="entity8" entityref="nne" func="suj" tem="pat"/>
      <neg func="mod">
        <r lem="no" pos="rn" postype="negative" wd="no"/>
      </neg>
      <grup.verb>
        <v lem="ser" mood="indicative" num="p" person="3" pos="vsif3p0" postype="semiauxiliary" tense="future" wd="seran"/>
        <v gen="m" lem="trasplantar" lss="B22.unaccusative-passive-transitive" mood="participle" num="p" pos="vmp00pm" postype="main" wd="trasplantats"/>
      </grup.verb>
      <S clausesubtype="concessive" clausetype="adverbial" func="ao">
        <f lem="," pos="fc" punct="comma" wd=","/>
        <conj conjunctiontype="subordinating">
          <c lem="malgrat_que" pos="cs" postype="subordinating" wd="malgrat_que"/>
        </conj>
        <sn arg="arg0" entityref="ne" func="suj" ne="organization" tem="agt">
          <spec gen="f" num="s">
            <d gen="f" lem="el" num="s" pos="da0fs0" postype="article" wd="la"/>
          </spec>
          <grup.nom gen="f" num="s">
            <n lem="Xarxa_Japonesa_d'_Òrgans_per_a_Trasplantaments" ne="organization" pos="np0000o" postype="proper" sense="16:cs1" wd="Xarxa_Japonesa_d'_Òrgans_per_a_Trasplantaments"/>
          </grup.nom>
        </sn>
        <grup.verb>
          <v lem="haver" mood="indicative" num="s" person="3" pos="vaii3s0" postype="auxiliary" tense="imperfect" wd="havia"/>
          <v gen="m" lem="seleccionar" lss="A21.transitive-agentive-patient" mood="participle" num="s" pos="vmp00sm" postype="main" wd="seleccionat"/>
        </grup.verb>
        <sadv arg="argM" func="cc" tem="tmp">
          <grup.adv>
            <r lem="ja" pos="rg" wd="ja"/>
          </grup.adv>
        </sadv>
        <sn arg="arg1" entityref="nne" func="cd" tem="pat">
          <spec gen="m" num="p">
            <d gen="m" lem="el" num="p" pos="da0mp0" postype="article" wd="els"/>
          </spec>
          <grup.nom gen="m" num="p">
            <n gen="m" lem="receptor" num="p" pos="ncmp000" postype="common" sense="16:06954382" wd="receptors"/>
          </grup.nom>
        </sn>
      </S>
    </S>
    <f lem="." pos="fp" punct="period" wd="."/>
  </sentence>
  <sentence coord="yes">
    <S>
      <sn arg="arg1" corefsubtype="token" coreftype="dx" entity="entity9" entityref="nne" func="suj" tem="pat">
        <spec gen="f" num="s">
          <d gen="f" lem="el" num="s" pos="da0fs0" postype="article" wd="La"/>
        </spec>
        <grup.nom gen="f" num="s">
          <n gen="f" lem="mort" num="s" pos="ncfs000" postype="common" sense="16:10867742" wd="mort"/>
          <sp>
            <prep>
              <s lem="de" pos="sps00" postype="preposition" wd="de"/>
            </prep>
            <sn coreftype="ident" entity="entity7" entityref="nne">
              <spec gen="f" num="s">
                <d gen="f" lem="el" num="s" pos="da0fs0" postype="article" wd="la"/>
              </spec>
              <grup.nom gen="f" num="s">
                <n gen="c" lem="donant" num="s" pos="nccs000" postype="common" sense="16:07222682" wd="donant"/>
              </grup.nom>
            </sn>
          </sp>
        </grup.nom>
      </sn>
      <morfema.verbal func="pass">
        <p gen="c" lem="es" num="c" pos="p0000000" wd="es"/>
      </morfema.verbal>
      <grup.verb>
        <v lem="anar" mood="indicative" num="s" person="3" pos="vaip3s0" postype="auxiliary" tense="present" wd="va"/>
        <v lem="produir" lss="B22.unaccusative-passive-transitive" mood="infinitive" pos="vmn0000" postype="main" wd="produir"/>
      </grup.verb>
      <sp arg="argM" func="cc" tem="loc">
        <prep>
          <s lem="a" pos="sps00" postype="preposition" wd="a"/>
        </prep>
        <sn entity="entity12" entityref="ne" ne="location">
          <spec gen="m" num="s">
            <d gen="c" lem="el" num="s" pos="da0cs0" postype="article" wd="l'"/>
          </spec>
          <grup.nom gen="m" num="s">
            <n lem="Hospital_Kochi" ne="location" pos="np0000l" postype="proper" sense="16:cs1" wd="Hospital_Kochi"/>
            <sp>
              <prep>
                <s lem="de" pos="sps00" postype="preposition" wd="de"/>
              </prep>
              <sn entityref="ne" ne="organization">
                <spec gen="f" num="s">
                  <d gen="f" lem="el" num="s" pos="da0fs0" postype="article" wd="la"/>
                </spec>
                <grup.nom gen="f" num="s">
                  <n lem="Creu_Roja" ne="organization" pos="np0000o" postype="proper" sense="16:05998735" wd="Creu_Roja"/>
                </grup.nom>
              </sn>
            </sp>
          </grup.nom>
        </sn>
      </sp>
      <sp arg="argM" func="cc" tem="loc">
        <f lem="," pos="fc" punct="comma" wd=","/>
        <prep>
          <s contracted="yes" gen="m" lem="al" num="s" pos="spcms" postype="preposition" wd="al"/>
        </prep>
        <sn entityref="ne" ne="location">
          <grup.nom gen="m" num="s">
            <n gen="m" lem="sud" num="s" pos="ncms000" postype="common" sense="16:09965063" wd="sud"/>
            <sp>
              <prep>
                <s lem="de" pos="sps00" postype="preposition" wd="de"/>
              </prep>
              <sn entityref="ne" ne="location">
                <grup.nom>
                  <n lem="Tòquio" ne="location" pos="np0000l" postype="proper" sense="16:cs1" wd="Tòquio"/>
                </grup.nom>
              </sn>
            </sp>
          </grup.nom>
        </sn>
      </sp>
      <f lem="," pos="fc" punct="comma" wd=","/>
    </S>
    <conj conjunctiontype="coordinating">
      <c lem="i" pos="cc" postype="coordinating" wd="i"/>
    </conj>
    <S>
      <sp arg="argM" func="cc" tem="loc">
        <prep>
          <s lem="des_de" pos="sps00" postype="preposition" wd="des_d'"/>
        </prep>
        <sadv>
          <grup.adv>
            <r lem="allà" pos="rg" wd="allà"/>
          </grup.adv>
        </sadv>
      </sp>
      <sn arg="arg1" coreftype="ident" entity="entity10" entityref="nne" func="suj" tem="pat">
        <spec gen="m" num="p">
          <d gen="m" lem="el" num="p" pos="da0mp0" postype="article" wd="els"/>
        </spec>
        <grup.nom gen="m" num="p">
          <n gen="m" lem="òrgan" num="p" pos="ncmp000" postype="common" sense="16:04111451" wd="òrgans"/>
        </grup.nom>
      </sn>
      <grup.verb>
        <v lem="anar" mood="indicative" num="p" person="3" pos="vaip3p0" postype="auxiliary" tense="present" wd="van"/>
        <v lem="ser" mood="infinitive" pos="vsn0000" postype="semiauxiliary" wd="ser"/>
        <v gen="m" lem="repartir" lss="B22.unaccusative-passive-transitive" mood="participle" num="p" pos="vmp00pm" postype="main" wd="repartits"/>
      </grup.verb>
      <sp arg="argM" func="cc" tem="loc">
        <prep>
          <s lem="a" pos="sps00" postype="preposition" wd="a"/>
        </prep>
        <sn complex="yes">
          <grup.nom coord="yes">
            <grup.nom>
              <n lem="Nagano" ne="location" pos="np0000l" postype="proper" sense="16:cs1" wd="Nagano"/>
            </grup.nom>
            <f lem="," pos="fc" punct="comma" wd=","/>
            <grup.nom>
              <n lem="Nagasaki" ne="location" pos="np0000l" postype="proper" sense="16:cs1" wd="Nagasaki"/>
            </grup.nom>
            <conj conjunctiontype="coordinating">
              <c lem="i" pos="cc" postype="coordinating" wd="i"/>
            </conj>
            <grup.nom>
              <n lem="Tohoku" ne="location" pos="np0000l" postype="proper" sense="16:cs1" wd="Tohoku"/>
            </grup.nom>
          </grup.nom>
        </sn>
      </sp>
      <sp arg="argM" func="cc" tem="fin">
        <prep>
          <s lem="per" pos="sps00" postype="preposition" wd="per"/>
        </prep>
        <S clausetype="completive" impersonal="yes">
          <infinitiu>
            <v lem="ser" mood="infinitive" pos="vsn0000" postype="semiauxiliary" wd="ser"/>
            <v gen="m" lem="trasplantar" lss="B22.unaccusative-passive-transitive" mood="participle" num="p" pos="vmp00pm" postype="main" wd="trasplantats"/>
          </infinitiu>
          <sp arg="argM" func="cc" tem="loc">
            <prep>
              <s lem="a" pos="sps00" postype="preposition" wd="a"/>
            </prep>
            <sn entityref="nne">
              <spec gen="f" num="p">
                <d gen="c" lem="diferent" num="p" pos="di0cp0" postype="indefinite" wd="diferents"/>
              </spec>
              <grup.nom gen="f" num="p">
                <n gen="f" lem="persona" num="p" pos="ncfp000" postype="common" sense="16:00004123" wd="persones"/>
              </grup.nom>
            </sn>
          </sp>
        </S>
      </sp>
    </S>
    <f lem="." pos="fp" punct="period" wd="."/>
  </sentence>
  <sentence coord="yes">
    <S>
      <sn arg="arg0" corefsubtype="token" coreftype="dx" entity="entity11" entityref="nne" func="suj" tem="agt">
        <spec gen="f" num="s">
          <d gen="f" lem="aquest" num="s" pos="dd0fs0" postype="demonstrative" wd="Aquesta"/>
        </spec>
        <grup.nom gen="f" num="s">
          <n gen="f" lem="intervenció" num="s" pos="ncfs000" postype="common" sense="16:00436664" wd="intervenció"/>
        </grup.nom>
      </sn>
      <grup.verb>
        <v lem="haver" mood="indicative" num="s" person="3" pos="vaii3s0" postype="auxiliary" tense="imperfect" wd="havia"/>
        <v gen="m" lem="crear" lss="A21.transitive-agentive-patient" mood="participle" num="s" pos="vmp00sm" postype="main" wd="creat"/>
      </grup.verb>
      <sn arg="arg1" entityref="nne" func="cd" tem="pat">
        <spec gen="f" num="s">
          <d gen="f" lem="un" num="s" pos="di0fs0" postype="indefinite" wd="una"/>
        </spec>
        <grup.nom gen="f" num="s">
          <s.a gen="f" num="s">
            <grup.a gen="f" num="s">
              <a gen="c" lem="gran" num="s" pos="aq0cs0" postype="qualificative" wd="gran"/>
            </grup.a>
          </s.a>
          <n gen="f" lem="expectació" num="s" pos="ncfs000" postype="common" sense="16:05583266" wd="expectació"/>
        </grup.nom>
      </sn>
      <f lem="," pos="fc" punct="comma" wd=","/>
    </S>
    <conj conjunctiontype="coordinating">
      <c lem="i" pos="cc" postype="coordinating" wd="i"/>
    </conj>
    <S>
      <sp arg="argM" func="cc" tem="tmp">
        <prep>
          <s lem="des_de" pos="sps00" postype="preposition" wd="des_de"/>
        </prep>
        <sn entityref="nne">
          <v lem="fer" mood="indicative" num="s" person="3" pos="vmip3s0" postype="main" tense="present" wd="fa"/>
          <d gen="m" lem="un" num="p" pos="di0mp0" postype="indefinite" wd="uns"/>
          <d gen="m" lem="quant" num="p" pos="di0mp0" postype="indefinite" wd="quants"/>
          <n gen="m" lem="dia" num="p" pos="ncmp000" postype="common" sense="16:10878116" wd="dies"/>
        </sn>
      </sp>
      <sn arg="arg0" entityref="nne" func="suj" tem="agt">
        <grup.nom gen="m" num="p">
          <s.a gen="m" num="p">
            <grup.a gen="m" num="p">
              <a gen="m" lem="nombrós" num="p" pos="aq0mp0" postype="qualificative" wd="nombrosos"/>
            </grup.a>
          </s.a>
          <n gen="c" lem="periodista" num="p" pos="nccp000" postype="common" sense="16:07528776" wd="periodistes"/>
        </grup.nom>
      </sn>
      <morfema.pronominal>
        <p gen="c" lem="ell" num="c" person="3" pos="p0300000" wd="s'"/>
      </morfema.pronominal>
      <grup.verb>
        <v lem="esperar" lss="A21.transitive-agentive-patient" mood="indicative" num="p" person="3" pos="vmii3p0" postype="main" tense="imperfect" wd="esperaven"/>
      </grup.verb>
      <sp arg="argM" func="cc" tem="loc">
        <prep>
          <s lem="a" pos="sps00" postype="preposition" wd="a"/>
        </prep>
        <sn entityref="nne" homophoricDD="yes">
          <spec gen="f" num="p">
            <d gen="f" lem="el" num="p" pos="da0fp0" postype="article" wd="les"/>
          </spec>
          <grup.nom gen="f" num="p">
            <n gen="f" lem="porta" num="p" pos="ncfp000" postype="common" sense="16:02591205" wd="portes"/>
            <sp>
              <prep>
                <s lem="de" pos="sps00" postype="preposition" wd="de"/>
              </prep>
              <sn coreftype="ident" entity="entity12" entityref="ne" ne="location">
                <spec gen="m" num="s">
                  <d gen="c" lem="el" num="s" pos="da0cs0" postype="article" wd="l'"/>
                </spec>
                <grup.nom gen="m" num="s">
                  <n lem="Hospital_Kochi" ne="location" pos="np0000l" postype="proper" sense="16:cs1" wd="Hospital_Kochi"/>
                </grup.nom>
              </sn>
            </sp>
          </grup.nom>
        </sn>
      </sp>
    </S>
    <f lem="." pos="fp" punct="period" wd="."/>
  </sentence>
  <sentence>
    <sn arg="arg0" func="suj" tem="agt">
      <sadv adjunct="yes">
        <grup.adv>
          <r lem="fins_i_tot" pos="rg" wd="Fins_i_tot"/>
        </grup.adv>
      </sadv>
      <sn entity="entity13" entityref="ne" ne="person">
        <spec gen="m" num="s">
          <d gen="m" lem="el" num="s" pos="da0ms0" postype="article" wd="el"/>
        </spec>
        <grup.nom gen="m" num="s">
          <s.a gen="m" num="s">
            <grup.a gen="m" num="s">
              <a gen="m" lem="primer" num="s" pos="ao0ms0" postype="ordinal" wd="primer"/>
            </grup.a>
          </s.a>
          <n gen="m" lem="ministre" num="s" pos="ncms000" postype="common" sense="16:07412658" wd="ministre"/>
          <s.a gen="m" num="s">
            <grup.a gen="m" num="s">
              <a gen="m" lem="japonès" num="s" pos="aq0ms0" postype="qualificative" wd="japonès"/>
            </grup.a>
          </s.a>
          <sn corefsubtype="definit" coreftype="pred" entity="entity13" entityref="ne" ne="person">
            <f lem="," pos="fc" punct="comma" wd=","/>
            <grup.nom gen="m" num="s">
              <n lem="Keizo_Obuchi" ne="person" pos="np0000p" postype="proper" sense="16:cs1" wd="Keizo_Obuchi"/>
            </grup.nom>
            <f lem="," pos="fc" punct="comma" wd=","/>
          </sn>
        </grup.nom>
      </sn>
    </sn>
    <morfema.pronominal>
      <p gen="c" lem="ell" num="c" person="3" pos="p0300000" wd="es"/>
    </morfema.pronominal>
    <grup.verb>
      <v lem="anar" mood="indicative" num="s" person="3" pos="vaip3s0" postype="auxiliary" tense="present" wd="va"/>
      <v lem="pronunciar" lss="A22.transitive-agentive-theme" mood="infinitive" pos="vmn0000" postype="main" wd="pronunciar"/>
    </grup.verb>
    <sp arg="arg1" func="creg" tem="tem">
      <prep>
        <s lem="sobre" pos="sps00" postype="preposition" wd="sobre"/>
      </prep>
      <sn entityref="nne" homophoricDD="yes">
        <spec gen="m" num="s">
          <d gen="m" lem="el" num="s" pos="da0ms0" postype="article" wd="el"/>
        </spec>
        <grup.nom gen="m" num="s">
          <n gen="m" lem="fet" num="s" pos="ncms000" postype="common" sense="16:05432762" wd="fet"/>
          <S clausetype="completive">
            <conj conjunctiontype="subordinating">
              <c lem="que" pos="cs" postype="subordinating" wd="que"/>
            </conj>
            <sn arg="arg0" coreftype="ident" entity="entity6" entityref="ne" func="suj" ne="organization" tem="agt">
              <spec gen="m" num="s">
                <d gen="m" lem="el" num="s" pos="da0ms0" postype="article" wd="el"/>
              </spec>
              <grup.nom gen="m" num="s">
                <n lem="Japó" ne="organization" pos="np0000o" postype="proper" wd="Japó"/>
              </grup.nom>
            </sn>
            <grup.verb>
              <v lem="començar" mood="subjunctive" num="s" person="3" pos="vmsp3s0" postype="main" tense="present" wd="comenci"/>
              <s lem="a" pos="sps00" postype="preposition" wd="a"/>
              <infinitiu>
                <v lem="recuperar" lss="A21.transitive-agentive-patient" mood="infinitive" pos="vmn0000" postype="main" wd="recuperar"/>
              </infinitiu>
            </grup.verb>
            <sn arg="arg1" entity="entity14" entityref="nne" func="cd" homophoricDD="yes" tem="pat">
              <spec gen="m" num="s">
                <d gen="m" lem="el" num="s" pos="da0ms0" postype="article" wd="el"/>
              </spec>
              <grup.nom gen="m" num="s">
                <n gen="m" lem="retard" num="s" pos="ncms000" postype="common" sense="16:00689955" wd="retard"/>
                <S clausetype="relative">
                  <relatiu arg="arg2" coreftype="ident" entity="entity14" entityref="nne" func="cd" functype="quantitative" tem="atr">
                    <p gen="c" lem="que" num="c" pos="pr0cn000" postype="relative" wd="que"/>
                  </relatiu>
                  <sn arg="arg1" coreftype="ident" elliptic="yes" entity="entity6" entityref="spec" func="suj" tem="tem"/>
                  <grup.verb>
                    <v lem="haver" mood="indicative" num="s" person="3" pos="vaip3s0" postype="auxiliary" tense="present" wd="ha"/>
                    <v gen="m" lem="sofrir" lss="C21.state-attributive" mood="participle" num="s" pos="vmp00sm" postype="main" wd="sofert"/>
                  </grup.verb>
                  <sp arg="argM" func="cc" tem="tmp">
                    <prep>
                      <s lem="en" pos="sps00" postype="preposition" wd="en"/>
                    </prep>
                    <sn entityref="ne" ne="date">
                      <spec gen="m" num="p">
                        <d gen="m" lem="aquest" num="p" pos="dd0mp0" postype="demonstrative" wd="aquests"/>
                      </spec>
                      <grup.nom gen="m" num="p">
                        <w lem="[??:??/??/30:??.??]" ne="date" wd="30_anys"/>
                      </grup.nom>
                    </sn>
                  </sp>
                </S>
                <sp>
                  <prep>
                    <s lem="en_matèria_de" pos="sps00" postype="preposition" wd="en_matèria_de"/>
                  </prep>
                  <sn entityref="nne">
                    <grup.nom gen="m" num="p">
                      <n gen="m" lem="trasplantament" num="p" pos="ncmp000" postype="common" sense="16:00445136" wd="trasplantaments"/>
                    </grup.nom>
                  </sn>
                </sp>
              </grup.nom>
            </sn>
          </S>
        </grup.nom>
      </sn>
    </sp>
    <f lem="." pos="fp" punct="period" wd="."/>
  </sentence>
  <sentence>
    <sn arg="arg0" entityref="nne" func="suj" homophoricDD="yes" tem="cau">
      <spec gen="f" num="s">
        <d gen="f" lem="el" num="s" pos="da0fs0" postype="article" wd="La"/>
      </spec>
      <grup.nom gen="f" num="s">
        <n gen="f" lem="impossibilitat" num="s" pos="ncfs000" postype="common" sense="16:10389698" wd="impossibilitat"/>
        <sp>
          <prep>
            <s lem="de" pos="sps00" postype="preposition" wd="de"/>
          </prep>
          <S clausetype="completive" impersonal="yes">
            <infinitiu>
              <v lem="realitzar" lss="A21.transitive-agentive-patient" mood="infinitive" pos="vmn0000" postype="main" wd="realitzar"/>
            </infinitiu>
            <sn arg="arg1" complex="yes" func="cd" tem="pat">
              <grup.nom coord="yes">
                <grup.nom coord="yes">
                  <grup.nom gen="f" num="p">
                    <n gen="f" lem="donació" num="p" pos="ncfp000" postype="common" sense="16:00056167" wd="donacions"/>
                  </grup.nom>
                  <conj conjunctiontype="coordinating">
                    <c lem="i" pos="cc" postype="coordinating" wd="i"/>
                  </conj>
                  <grup.nom gen="m" num="p">
                    <n gen="m" lem="trasplantament" num="p" pos="ncmp000" postype="common" sense="16:00445136" wd="trasplantaments"/>
                  </grup.nom>
                </grup.nom>
                <sp adjunct="yes">
                  <prep>
                    <s lem="de" pos="sps00" postype="preposition" wd="d'"/>
                  </prep>
                  <sn entityref="nne">
                    <grup.nom gen="m" num="p">
                      <n gen="m" lem="òrgan" num="p" pos="ncmp000" postype="common" sense="16:04111451" wd="òrgans"/>
                    </grup.nom>
                  </sn>
                </sp>
              </grup.nom>
            </sn>
            <sp arg="argM" func="cc" tem="loc">
              <prep>
                <s contracted="yes" gen="m" lem="al" num="s" pos="spcms" postype="preposition" wd="al"/>
              </prep>
              <sn coreftype="ident" entity="entity6" entityref="ne" ne="location">
                <grup.nom gen="m" num="s">
                  <n lem="Japó" ne="location" pos="np0000l" postype="proper" wd="Japó"/>
                </grup.nom>
              </sn>
            </sp>
          </S>
        </sp>
      </grup.nom>
    </sn>
    <grup.verb>
      <v lem="haver" mood="indicative" num="s" person="3" pos="vaip3s0" postype="auxiliary" tense="present" wd="ha"/>
      <v gen="m" lem="obligar" lss="A12.ditransitive-causative-state" mood="participle" num="s" pos="vmp00sm" postype="main" wd="obligat"/>
    </grup.verb>
    <sn arg="argM" entityref="nne" func="cc" homophoricDD="yes" tem="tmp">
      <spec gen="m" num="p">
        <d gen="m" lem="el" num="p" pos="da0mp0" postype="article" wd="els"/>
      </spec>
      <grup.nom gen="m" num="p">
        <s.a gen="m" num="p">
          <grup.a gen="m" num="p">
            <a gen="m" lem="últim" num="p" pos="ao0mp0" postype="ordinal" wd="últims"/>
          </grup.a>
        </s.a>
        <n gen="m" lem="any" num="p" pos="ncmp000" postype="common" sense="16:10917509" wd="anys"/>
      </grup.nom>
    </sn>
    <S arg="arg2" clausetype="completive" func="creg" tem="efi">
      <conj conjunctiontype="subordinating">
        <c lem="que" pos="cs" postype="subordinating" wd="que"/>
      </conj>
      <sn arg="arg0" entityref="nne" func="suj" tem="agt">
        <spec gen="m" num="p">
          <d gen="m" lem="molt" num="p" pos="di0mp0" postype="indefinite" wd="molts"/>
        </spec>
        <grup.nom gen="m" num="p">
          <n gen="m" lem="malalt" num="p" pos="ncmp000" postype="common" sense="16:05962629" wd="malalts"/>
        </grup.nom>
      </sn>
      <grup.verb>
        <v lem="haver" mood="subjunctive" num="p" person="3" pos="vasi3p0" postype="auxiliary" tense="imperfect" wd="haguessin"/>
        <s lem="de" pos="sps00" postype="preposition" wd="de"/>
        <infinitiu>
          <v lem="buscar" lss="A21.transitive-agentive-patient" mood="infinitive" pos="vmn0000" postype="main" wd="buscar"/>
        </infinitiu>
      </grup.verb>
      <sn arg="arg1" entityref="nne" func="cd" tem="pat">
        <spec gen="f" num="s">
          <d gen="f" lem="el" num="s" pos="da0fs0" postype="article" wd="la"/>
        </spec>
        <grup.nom gen="f" num="s">
          <n gen="f" lem="solució" num="s" pos="ncfs000" postype="common" sense="16:04377480" wd="solució"/>
        </grup.nom>
      </sn>
      <sp arg="argM" func="cc" tem="loc">
        <prep>
          <s lem="en" pos="sps00" postype="preposition" wd="en"/>
        </prep>
        <sn entityref="ne" ne="location">
          <spec gen="m" num="p">
            <d gen="c" lem="altre" num="p" pos="di0cp0" postype="indefinite" wd="altres"/>
          </spec>
          <grup.nom gen="m" num="p">
            <n gen="m" lem="país" num="p" pos="ncmp000" postype="common" sense="16:06299747" wd="països"/>
            <sp>
              <prep>
                <s lem="de" pos="sps00" postype="preposition" wd="d'"/>
              </prep>
              <sn entityref="ne" ne="location">
                <grup.nom>
                  <n lem="Occident" ne="location" pos="np0000l" postype="proper" sense="16:cs1" wd="Occident"/>
                </grup.nom>
              </sn>
            </sp>
          </grup.nom>
        </sn>
      </sp>
    </S>
    <f lem="." pos="fp" punct="period" wd="."/>
  </sentence>
  <sentence>
    <sn arg="arg1" coreftype="ident" entity="entity15" entityref="nne" func="suj" homophoricDD="yes" tem="tem">
      <spec gen="m" num="p">
        <d gen="m" lem="el" num="p" pos="da0mp0" postype="article" wd="Els"/>
      </spec>
      <grup.nom gen="m" num="p">
        <n gen="m" lem="cirurgià" num="p" pos="ncmp000" postype="common" sense="16:07624027" wd="cirurgians"/>
        <s.a gen="m" num="p">
          <grup.a gen="m" num="p">
            <a gen="m" lem="japonès" num="p" pos="aq0mp0" postype="qualificative" wd="japonesos"/>
          </grup.a>
        </s.a>
      </grup.nom>
    </sn>
    <grup.verb>
      <v lem="anar" mood="indicative" num="p" person="3" pos="vaip3p0" postype="auxiliary" tense="present" wd="van"/>
      <v lem="quedar" lss="C21.state-attributive" mood="infinitive" pos="vmn0000" postype="main" wd="quedar"/>
    </grup.verb>
    <S arg="arg2" clausetype="participle" func="cpred" impersonal="yes" predicate="suj" tem="atr">
      <participi>
        <a gen="m" lem="marcat" lss="B22.unaccusative-passive-transitive" num="p" pos="aq0mpp" posfunction="participle" postype="qualificative" wd="marcats"/>
      </participi>
      <sp arg="argM" func="cc" tem="tmp">
        <prep>
          <s lem="durant" pos="sps00" postype="preposition" wd="durant"/>
        </prep>
        <sn>
          <spec gen="m" num="p">
            <d gen="m" lem="molt" num="p" pos="di0mp0" postype="indefinite" wd="molts"/>
          </spec>
          <grup.nom gen="m" num="p">
            <n gen="m" lem="any" num="p" pos="ncmp000" postype="common" sense="16:10917509" wd="anys"/>
          </grup.nom>
        </sn>
      </sp>
    </S>
    <sadv arg="argM" func="cc" tem="tmp">
      <grup.adv>
        <r lem="després" pos="rg" wd="després"/>
        <sp>
          <prep>
            <s lem="de" pos="sps00" postype="preposition" wd="de"/>
          </prep>
          <sn entityref="nne" homophoricDD="yes">
            <spec gen="f" num="s">
              <d gen="f" lem="el" num="s" pos="da0fs0" postype="article" wd="la"/>
            </spec>
            <grup.nom gen="f" num="s">
              <n gen="f" lem="mort" num="s" pos="ncfs000" postype="common" sense="16:05479076" wd="mort"/>
              <sp>
                <prep>
                  <s lem="de" pos="sps00" postype="preposition" wd="d'"/>
                </prep>
                <sn entity="entity20" entityref="nne">
                  <spec gen="m" num="s">
                    <d gen="m" lem="aquell" num="s" pos="dd0ms0" postype="demonstrative" wd="aquell"/>
                  </spec>
                  <grup.nom gen="m" num="s">
                    <s.a gen="m" num="s">
                      <grup.a gen="m" num="s">
                        <a gen="m" lem="primer" num="s" pos="ao0ms0" postype="ordinal" wd="primer"/>
                      </grup.a>
                    </s.a>
                    <n gen="m" lem="receptor" num="s" pos="ncms000" postype="common" sense="16:06954382" wd="receptor"/>
                    <sp>
                      <prep>
                        <s lem="de" pos="sps00" postype="preposition" wd="d'"/>
                      </prep>
                      <sn entity="entity18" entityref="nne">
                        <spec gen="m" num="s">
                          <d gen="m" lem="un" num="s" pos="di0ms0" postype="indefinite" wd="un"/>
                        </spec>
                        <grup.nom gen="m" num="s">
                          <n gen="m" lem="cor" num="s" pos="ncms000" postype="common" sense="16:04188555" wd="cor"/>
                        </grup.nom>
                      </sn>
                    </sp>
                  </grup.nom>
                </sn>
              </sp>
              <sn coreftype="ident" entity="entity16" entityref="ne" ne="date">
                <f lem="," pos="fc" punct="comma" wd=","/>
                <spec gen="m" num="s">
                  <d gen="c" lem="el" num="s" pos="da0cs0" postype="article" wd="l'"/>
                </spec>
                <grup.nom gen="m" num="s">
                  <w lem="[??:??/??/1968:??.??]" ne="date" wd="any_1968"/>
                </grup.nom>
              </sn>
            </grup.nom>
          </sn>
        </sp>
      </grup.adv>
    </sadv>
    <f lem="." pos="fp" punct="period" wd="."/>
  </sentence>
  <sentence>
    <sn arg="arg1" coreftype="ident" entity="entity3" entityref="nne" func="suj" homophoricDD="yes" tem="pat">
      <spec gen="m" num="s">
        <d gen="m" lem="el" num="s" pos="da0ms0" postype="article" wd="El"/>
      </spec>
      <grup.nom gen="m" num="s">
        <n gen="m" lem="metge" num="s" pos="ncms000" postype="common" sense="16:07220340" wd="metge"/>
        <S clausetype="relative">
          <relatiu arg="arg0" coreftype="ident" entity="entity3" entityref="nne" func="suj" tem="agt">
            <p gen="c" lem="que" num="c" pos="pr0cn000" postype="relative" wd="que"/>
          </relatiu>
          <grup.verb>
            <v lem="anar" mood="indicative" num="s" person="3" pos="vaip3s0" postype="auxiliary" tense="present" wd="va"/>
            <v lem="realitzar" lss="A21.transitive-agentive-patient" mood="infinitive" pos="vmn0000" postype="main" wd="realitzar"/>
          </grup.verb>
          <sn arg="arg1" coreftype="ident" entity="entity17" entityref="nne" func="cd" tem="pat">
            <spec gen="f" num="s">
              <d gen="f" lem="el" num="s" pos="da0fs0" postype="article" wd="la"/>
            </spec>
            <grup.nom gen="f" num="s">
              <n gen="f" lem="intervenció" num="s" pos="ncfs000" postype="common" sense="16:00436664" wd="intervenció"/>
            </grup.nom>
          </sn>
        </S>
      </grup.nom>
    </sn>
    <grup.verb>
      <v lem="anar" mood="indicative" num="s" person="3" pos="vaip3s0" postype="auxiliary" tense="present" wd="va"/>
      <v lem="ser" mood="infinitive" pos="vsn0000" postype="semiauxiliary" wd="ser"/>
      <v gen="m" lem="acusar" lss="B22.unaccusative-passive-transitive" mood="participle" num="s" pos="vmp00sm" postype="main" wd="acusat"/>
    </grup.verb>
    <sp arg="arg2" func="creg" tem="tem">
      <prep>
        <s lem="de" pos="sps00" postype="preposition" wd="d'"/>
      </prep>
      <S clausetype="completive" impersonal="yes">
        <infinitiu>
          <v lem="haver" mood="infinitive" pos="van0000" postype="auxiliary" wd="haver"/>
          <v gen="m" lem="extreure" lss="A21.transitive-agentive-patient" mood="participle" num="s" pos="vmp00sm" postype="main" wd="extret"/>
        </infinitiu>
        <sn arg="arg1" coreftype="ident" entity="entity18" entityref="nne" func="cd" homophoricDD="yes" tem="pat">
          <spec gen="m" num="s">
            <d gen="c" lem="el" num="s" pos="da0cs0" postype="article" wd="l'"/>
          </spec>
          <grup.nom gen="m" num="s">
            <n gen="m" lem="òrgan" num="s" pos="ncms000" postype="common" sense="16:04111451" wd="òrgan"/>
            <sp>
              <prep>
                <s lem="de" pos="sps00" postype="preposition" wd="d'"/>
              </prep>
              <sn coreftype="ident" entity="entity19" entityref="nne">
                <spec gen="m" num="s">
                  <d gen="m" lem="un" num="s" pos="di0ms0" postype="indefinite" wd="un"/>
                </spec>
                <grup.nom gen="m" num="s">
                  <n gen="m" lem="home" num="s" pos="ncms000" postype="common" sense="16:07391044" wd="home"/>
                  <S clausetype="relative">
                    <sn arg="arg1" entityref="nne" func="suj" homophoricDD="yes" tem="pat">
                      <spec gen="f" num="s">
                        <d gen="f" lem="el" num="s" pos="da0fs0" postype="article" wd="la"/>
                      </spec>
                      <grup.nom gen="f" num="s">
                        <n gen="f" lem="mort" num="s" pos="ncfs000" postype="common" sense="16:05479076" wd="mort"/>
                        <sp>
                          <prep>
                            <s contracted="yes" gen="m" lem="del" num="s" pos="spcms" postype="preposition" wd="del"/>
                          </prep>
                          <relatiu coreftype="ident" entity="entity19" entityref="nne">
                            <p gen="c" lem="qual" num="s" pos="pr0cs000" postype="relative" wd="qual"/>
                          </relatiu>
                        </sp>
                      </grup.nom>
                    </sn>
                    <neg func="mod">
                      <r lem="no" pos="rn" postype="negative" wd="no"/>
                    </neg>
                    <grup.verb>
                      <v lem="haver" mood="indicative" num="s" person="3" pos="vaii3s0" postype="auxiliary" tense="imperfect" wd="havia"/>
                      <v gen="m" lem="ser" mood="participle" num="s" pos="vsp00sm" postype="semiauxiliary" wd="estat"/>
                      <sadv arg="argM" func="cc" tem="mnr">
                        <grup.adv>
                          <r lem="científicament" pos="rg" wd="científicament"/>
                        </grup.adv>
                      </sadv>
                      <v gen="f" lem="confirmar" lss="B12.unaccusative-passive-ditransitive" mood="participle" num="s" pos="vmp00sf" postype="main" wd="confirmada"/>
                    </grup.verb>
                  </S>
                </grup.nom>
              </sn>
            </sp>
          </grup.nom>
        </sn>
      </S>
    </sp>
    <f lem="." pos="fp" punct="period" wd="."/>
  </sentence>
  <sentence coord="yes">
    <S>
      <sn arg="arg1" coreftype="ident" entity="entity20" entityref="nne" func="suj" tem="tem">
        <spec gen="m" num="s">
          <d gen="m" lem="el" num="s" pos="da0ms0" postype="article" wd="El"/>
        </spec>
        <grup.nom gen="m" num="s">
          <S clausetype="participle" impersonal="yes">
            <participi>
              <a gen="m" lem="trasplantat" num="s" pos="aq0msp" posfunction="participle" postype="qualificative" wd="trasplantat"/>
            </participi>
          </S>
        </grup.nom>
      </sn>
      <grup.verb>
        <v lem="anar" mood="indicative" num="s" person="3" pos="vaip3s0" postype="auxiliary" tense="present" wd="va"/>
        <v lem="morir" lss="B21.unaccusative-state" mood="infinitive" pos="vmn0000" postype="main" wd="morir"/>
      </grup.verb>
      <f lem="," pos="fc" punct="comma" wd=","/>
    </S>
    <conj conjunctiontype="coordinating">
      <c lem="i" pos="cc" postype="coordinating" wd="i"/>
    </conj>
    <S>
      <sn arg="arg1" coreftype="ident" entity="entity1" entityref="nne" func="suj" tem="tem">
        <spec gen="f" num="s">
          <d gen="f" lem="aquest" num="s" pos="dd0fs0" postype="demonstrative" wd="aquesta"/>
        </spec>
        <grup.nom gen="f" num="s">
          <n gen="f" lem="pràctica" num="s" pos="ncfs000" postype="common" sense="16:00263204" wd="pràctica"/>
        </grup.nom>
      </sn>
      <grup.verb>
        <v lem="anar" mood="indicative" num="s" person="3" pos="vaip3s0" postype="auxiliary" tense="present" wd="va"/>
        <v lem="passar" mood="infinitive" pos="vmn0000" postype="main" wd="passar"/>
        <s lem="a" pos="sps00" postype="preposition" wd="a"/>
        <infinitiu>
          <v lem="ser" lss="C21.state-attributive" mood="infinitive" pos="vsn0000" postype="semiauxiliary" wd="ser"/>
        </infinitiu>
      </grup.verb>
      <sn arg="arg2" func="atr" tem="atr">
        <grup.nom gen="m" num="s">
          <n gen="m" lem="tabú" num="s" pos="ncms000" postype="common" sense="16:03825841" wd="tabú"/>
        </grup.nom>
      </sn>
    </S>
    <f lem="." pos="fp" punct="period" wd="."/>
  </sentence>
  <sentence>
    <sp arg="arg1" func="creg" repetition="yes" tem="tem">
      <prep>
        <s lem="en" pos="sps00" postype="preposition" wd="En"/>
      </prep>
      <sn coreftype="ident" entity="entity11" entityref="nne" homophoricDD="yes">
        <spec gen="f" num="s">
          <d gen="c" lem="el" num="s" pos="da0cs0" postype="article" wd="l'"/>
        </spec>
        <grup.nom gen="f" num="s">
          <n gen="f" lem="extracció" num="s" pos="ncfs000" postype="common" sense="16:00252144" wd="extracció"/>
          <sp>
            <prep>
              <s lem="de" pos="sps00" postype="preposition" wd="d'"/>
            </prep>
            <sn entity="entity21" entityref="nne">
              <grup.nom gen="m" num="p">
                <n gen="m" lem="òrgan" num="p" pos="ncmp000" postype="common" sense="16:04111451" wd="òrgans"/>
              </grup.nom>
            </sn>
          </sp>
          <S clausetype="participle" impersonal="yes">
            <participi>
              <a gen="f" lem="fet" lss="B22.unaccusative-passive-transitive" num="s" pos="aq0fsp" posfunction="participle" postype="qualificative" wd="feta"/>
            </participi>
            <sadv arg="argM" func="cc" tem="tmp">
              <grup.adv>
                <r lem="ahir" pos="rg" wd="ahir"/>
              </grup.adv>
            </sadv>
            <sp arg="argM" func="cc" tem="loc">
              <prep>
                <s lem="a" pos="sps00" postype="preposition" wd="a"/>
              </prep>
              <sn coreftype="ident" entity="entity12" entityref="ne" ne="location">
                <spec gen="m" num="s">
                  <d gen="c" lem="el" num="s" pos="da0cs0" postype="article" wd="l'"/>
                </spec>
                <grup.nom gen="m" num="s">
                  <n lem="Hospital_Kochi" ne="location" pos="np0000l" postype="proper" sense="16:cs1" wd="Hospital_Kochi"/>
                </grup.nom>
              </sn>
            </sp>
          </S>
        </grup.nom>
      </sn>
    </sp>
    <sn arg="arg1" coreftype="ident" entity="entity11" entityref="nne" func="creg" repetition="yes" tem="tem">
      <grup.nom>
        <p gen="c" lem="hi" num="c" person="3" pos="pp3cn000" postype="personal" wd="hi"/>
      </grup.nom>
    </sn>
    <grup.verb>
      <v lem="anar" mood="indicative" num="p" person="3" pos="vaip3p0" postype="auxiliary" tense="present" wd="van"/>
      <v lem="intervenir" lss="A22.transitive-agentive-theme" mood="infinitive" pos="vmn0000" postype="main" wd="intervenir"/>
    </grup.verb>
    <sn arg="arg0" entityref="nne" func="suj" tem="agt">
      <spec gen="m" num="p">
        <d gen="c" lem="vuit" num="p" pos="dn0cp0" postype="numeral" wd="vuit"/>
      </spec>
      <grup.nom gen="m" num="p">
        <n gen="m" lem="cirurgià" num="p" pos="ncmp000" postype="common" sense="16:07624027" wd="cirurgians"/>
      </grup.nom>
    </sn>
    <f lem="." pos="fp" punct="period" wd="."/>
  </sentence>
  <sentence>
    <sn arg="arg1" coreftype="ident" entity="entity7" entityref="nne" func="suj" tem="tem">
      <spec gen="f" num="s">
        <d gen="f" lem="el" num="s" pos="da0fs0" postype="article" wd="La"/>
      </spec>
      <grup.nom gen="f" num="s">
        <n gen="c" lem="donant" num="s" pos="nccs000" postype="common" sense="16:07222682" wd="donant"/>
      </grup.nom>
    </sn>
    <morfema.pronominal>
      <p gen="c" lem="ell" num="c" person="3" pos="p0300000" wd="es"/>
    </morfema.pronominal>
    <grup.verb>
      <v lem="trobar" lss="C21.state-attributive" mood="indicative" num="s" person="3" pos="vmii3s0" postype="main" tense="imperfect" wd="trobava"/>
    </grup.verb>
    <sp arg="arg2" func="cpred" predicate="suj" tem="atr">
      <prep>
        <s lem="en" pos="sps00" postype="preposition" wd="en"/>
      </prep>
      <sn>
        <grup.nom gen="f" num="s">
          <n gen="f" lem="situació" num="s" pos="ncfs000" postype="common" sense="16:10035141" wd="situació"/>
          <sp>
            <prep>
              <s lem="de" pos="sps00" postype="preposition" wd="de"/>
            </prep>
            <sn>
              <grup.nom gen="f" num="s">
                <n gen="f" lem="mort" num="s" pos="ncfs000" postype="common" sense="16:07788946" wd="mort"/>
                <s.a gen="f" num="s">
                  <grup.a gen="f" num="s">
                    <a gen="c" lem="cerebral" num="s" pos="aq0cs0" postype="qualificative" wd="cerebral"/>
                  </grup.a>
                </s.a>
                <s.a gen="f" num="s">
                  <f lem="," pos="fc" punct="comma" wd=","/>
                  <grup.a gen="f" num="s">
                    <a gen="c" lem="equivalent" num="s" pos="aq0cs0" postype="qualificative" wd="equivalent"/>
                    <sp>
                      <prep>
                        <s lem="a" pos="sps00" postype="preposition" wd="a"/>
                      </prep>
                      <sn>
                        <spec gen="m" num="s">
                          <d gen="m" lem="un" num="s" pos="di0ms0" postype="indefinite" wd="un"/>
                        </spec>
                        <grup.nom gen="m" num="s">
                          <n gen="m" lem="coma" num="s" pos="ncms000" postype="common" sense="16:04390553" wd="coma"/>
                          <s.a gen="m" num="s">
                            <grup.a gen="m" num="s">
                              <a gen="c" lem="irreversible" num="s" pos="aq0cs0" postype="qualificative" wd="irreversible"/>
                            </grup.a>
                          </s.a>
                        </grup.nom>
                      </sn>
                    </sp>
                  </grup.a>
                </s.a>
              </grup.nom>
            </sn>
          </sp>
        </grup.nom>
      </sn>
    </sp>
    <f lem="." pos="fp" punct="period" wd="."/>
  </sentence>
  <sentence>
    <sn arg="arg1" coreftype="ident" entity="entity9" entityref="nne" func="suj" tem="pat">
      <spec gen="f" num="s">
        <d gen="f" lem="el" num="s" pos="da0fs0" postype="article" wd="La"/>
      </spec>
      <grup.nom gen="f" num="s">
        <n gen="f" lem="mort" num="s" pos="ncfs000" postype="common" sense="16:05479076" wd="mort"/>
      </grup.nom>
    </sn>
    <grup.verb>
      <v lem="anar" mood="indicative" num="s" person="3" pos="vaip3s0" postype="auxiliary" tense="present" wd="va"/>
      <v lem="ser" mood="infinitive" pos="vsn0000" postype="semiauxiliary" wd="ser"/>
      <v gen="f" lem="anunciar" lss="B12.unaccusative-passive-ditransitive" mood="participle" num="s" pos="vmp00sf" postype="main" wd="anunciada"/>
    </grup.verb>
    <sadv arg="argM" func="cc" tem="tmp">
      <grup.adv>
        <r lem="després" pos="rg" wd="després"/>
        <sp>
          <prep>
            <s lem="de" pos="sps00" postype="preposition" wd="d'"/>
          </prep>
          <S clausetype="completive" impersonal="yes">
            <infinitiu>
              <v lem="haver" mood="infinitive" pos="van0000" postype="auxiliary" wd="haver"/>
              <v gen="m" lem="aconseguir" lss="A21.transitive-agentive-patient" mood="participle" num="s" pos="vmp00sm" postype="main" wd="aconseguit"/>
            </infinitiu>
            <sn arg="arg1" entityref="nne" func="cd" homophoricDD="yes" tem="pat">
              <spec gen="f" num="s">
                <d gen="c" lem="el" num="s" pos="da0cs0" postype="article" wd="l'"/>
              </spec>
              <grup.nom gen="f" num="s">
                <n gen="f" lem="autorització" num="s" pos="ncfs000" postype="common" sense="16:05013621" wd="autorització"/>
                <sp>
                  <prep>
                    <s lem="de" pos="sps00" postype="preposition" wd="de"/>
                  </prep>
                  <sn entityref="nne">
                    <spec gen="f" num="s">
                      <d coreftype="ident" entity="entity7" entityref="nne" gen="f" lem="el_seu" num="s" person="3" pos="dp3fs0" postype="possessive" wd="la_seva"/>
                    </spec>
                    <grup.nom gen="f" num="s">
                      <n gen="f" lem="família" num="s" pos="ncfs000" postype="common" sense="16:05975517" wd="família"/>
                    </grup.nom>
                  </sn>
                </sp>
                <sp>
                  <prep>
                    <s lem="per" pos="sps00" postype="preposition" wd="per"/>
                  </prep>
                  <S clausetype="completive" impersonal="yes">
                    <infinitiu>
                      <v lem="procedir" lss="A22.transitive-agentive-theme" mood="infinitive" pos="vmn0000" postype="main" wd="procedir"/>
                    </infinitiu>
                    <sp arg="arg1" func="creg" tem="tem">
                      <prep>
                        <s lem="a" pos="sps00" postype="preposition" wd="a"/>
                      </prep>
                      <sn coreftype="ident" entity="entity11" entityref="nne">
                        <spec gen="f" num="p">
                          <d gen="f" lem="el" num="p" pos="da0fp0" postype="article" wd="les"/>
                        </spec>
                        <grup.nom gen="f" num="p">
                          <n gen="f" lem="extracció" num="p" pos="ncfp000" postype="common" sense="16:00252144" wd="extraccions"/>
                          <sp>
                            <prep>
                              <s lem="de" pos="sps00" postype="preposition" wd="d'"/>
                            </prep>
                            <sn coreftype="ident" entity="entity21" entityref="nne">
                              <grup.nom gen="m" num="p">
                                <n gen="m" lem="òrgan" num="p" pos="ncmp000" postype="common" sense="16:04111451" wd="òrgans"/>
                              </grup.nom>
                            </sn>
                          </sp>
                        </grup.nom>
                      </sn>
                    </sp>
                  </S>
                </sp>
              </grup.nom>
            </sn>
          </S>
        </sp>
      </grup.adv>
    </sadv>
    <f lem="." pos="fp" punct="period" wd="."/>
  </sentence>
</article>
