<?xml version="1.0" encoding="UTF-8"?>
<!-- 

  ancora-2.0
       
			Copyright (C) 2007, 2008, 2009, 2010, 2011 UB - CLiC
			Centre de Llenguatge i Computació - Universitat de Barcelona
 
  This file is part of ancora-2.0.
 
  ancora-2.0 is free software and data: you can redistribute it and/or modify
  it under the terms of the GNU General Public License as published
  by the Free Software Foundation, either version 3 of the License,
  or (at your option) any later version.

  ancora-2.0 is distributed in the hope that it will be useful,
  but WITHOUT ANY WARRANTY; without even the implied warranty of
  MERCHANTABILITY or FITNESS FOR A PARTICULAR PURPOSE.  See the
  GNU General Public License for more details.
 
  You should have received a copy of the GNU General Public License
  along with ancora-2.0.  If not, see &lt;http://www.gnu.org/licenses/&gt;.
 
  Check a text in catalan explaining the terms of the license at http://www.softcatala.cat/wiki/GPL3.
  In spanish at http://www.viti.es/gnu/licenses/gpl.html
 

  The following paper must be cited when using this corpus:

 * Taulé, M., M.A. Martí, M. Recasens (2008) 'Ancora: Multilevel Annotated Corpora for Catalan and Spanish',
   Proceedings of 6th International Conference on Language Resources and Evaluation. Marrakesh (Morocco).

  In addition, the following paper must be cited if coreference information (attributes entity, coreftype,
  corefsubtype, homophoricDD or entityref) is used:

 * Recasens, Marta, M. Antònia Martí (2010) ‘AnCora-CO: Coreferentially annotated corpora for Spanish and
   Catalan’. Language Resources and Evaluation, Springer Science.

  Additionally, the following paper must be cited when argumental attributes in "sn" or "grup.nom"
  (attributes func, arg, tem or lexicalid) are used:

 * Peris, Aina, Mariona Taulé, Horacio Rodríguez (2010) ‘Semantic Annotation of Deverbal Nominalizations in the
   Spanish AnCora corpus’. Treebanks and Linguistic Theories (TLT-2010), Estonia.
-->
<article lng="ca" coreference="automatic">
  <sentence>
    <sn arg="arg0" entity="entity1" entityref="ne" func="suj" ne="person" tem="agt">
      <spec gen="m" num="s">
        <d gen="m" lem="el" num="s" pos="da0ms0" postype="article" wd="El"/>
      </spec>
      <grup.nom gen="m" num="s">
        <n gen="m" lem="regidor" num="s" pos="ncms000" postype="common" sense="16:07171285" wd="regidor"/>
        <sp>
          <prep>
            <s lem="de" pos="sps00" postype="preposition" wd="de"/>
          </prep>
          <sn entity="entity11" entityref="ne" ne="organization">
            <grup.nom>
              <n lem="Comunicació" ne="organization" pos="np0000o" postype="proper" sense="16:cs1" wd="Comunicació"/>
            </grup.nom>
          </sn>
        </sp>
        <sp>
          <prep>
            <s lem="de" pos="sps00" postype="preposition" wd="de"/>
          </prep>
          <sn entity="entity6" entityref="ne" ne="organization">
            <spec gen="m" num="s">
              <d gen="c" lem="el" num="s" pos="da0cs0" postype="article" wd="l'"/>
            </spec>
            <grup.nom gen="m" num="s">
              <n lem="Ajuntament_de_Vilanova" ne="organization" pos="np0000o" postype="proper" sense="16:cs1" wd="Ajuntament_de_Vilanova"/>
            </grup.nom>
          </sn>
        </sp>
        <sn entityref="ne" ne="person">
          <f lem="," pos="fc" punct="comma" wd=","/>
          <sn corefsubtype="definit" coreftype="pred" entity="entity1" entityref="ne" ne="person">
            <grup.nom gen="m" num="s">
              <n lem="Josep_Tomàs-Àlvaro" ne="person" pos="np0000p" postype="proper" sense="16:cs1" wd="Josep_Tomàs-Àlvaro"/>
            </grup.nom>
          </sn>
          <sn adjunct="yes" entityref="ne" ne="organization">
            <grup.nom>
              <f lem="(" pos="fpa" punct="bracket" punctenclose="open" wd="("/>
              <n lem="ERC" ne="organization" pos="np0000o" postype="proper" sense="16:50001212" wd="ERC"/>
              <f lem=")" pos="fpt" punct="bracket" punctenclose="close" wd=")"/>
            </grup.nom>
          </sn>
          <f lem="," pos="fc" punct="comma" wd=","/>
        </sn>
      </grup.nom>
    </sn>
    <grup.verb>
      <v lem="haver" mood="indicative" num="s" person="3" pos="vaip3s0" postype="auxiliary" tense="present" wd="ha"/>
      <v gen="m" lem="assegurar" lss="A21.transitive-agentive-patient" mood="participle" num="s" pos="vmp00sm" postype="main" wd="assegurat"/>
    </grup.verb>
    <S arg="arg1" clausetype="completive" func="cd" tem="pat">
      <conj conjunctiontype="subordinating">
        <c lem="que" pos="cs" postype="subordinating" wd="que"/>
      </conj>
      <sn arg="arg0" entityref="nne" func="suj" homophoricDD="yes" tem="agt">
        <spec gen="m" num="p">
          <d gen="m" lem="el" num="p" pos="da0mp0" postype="article" wd="els"/>
        </spec>
        <grup.nom gen="m" num="p">
          <n gen="m" lem="servei" num="p" pos="ncmp000" postype="common" sense="16:06084772" wd="serveis"/>
          <s.a gen="m" num="p">
            <grup.a gen="m" num="p">
              <a gen="m" lem="jurídic" num="p" pos="aq0mp0" postype="qualificative" wd="jurídics"/>
            </grup.a>
          </s.a>
          <s.a gen="m" num="p">
            <grup.a gen="m" num="p">
              <a gen="c" lem="municipal" num="p" pos="aq0cp0" postype="qualificative" wd="municipals"/>
            </grup.a>
          </s.a>
        </grup.nom>
      </sn>
      <grup.verb>
        <v lem="estudiar" lss="A21.transitive-agentive-patient" mood="indicative" num="p" person="3" pos="vmip3p0" postype="main" tense="present" wd="estudien"/>
      </grup.verb>
      <sn arg="arg1" entityref="nne" func="cd" homophoricDD="yes" tem="pat">
        <spec gen="f" num="s">
          <d gen="f" lem="el" num="s" pos="da0fs0" postype="article" wd="la"/>
        </spec>
        <grup.nom gen="f" num="s">
          <n gen="f" lem="possibilitat" num="s" pos="ncfs000" postype="common" sense="16:10388744" wd="possibilitat"/>
          <sp>
            <prep>
              <s lem="de" pos="sps00" postype="preposition" wd="de"/>
            </prep>
            <S clausetype="completive" impersonal="yes">
              <infinitiu>
                <v lem="posar" lss="A32.ditransitive-patient-benefactive" mood="infinitive" pos="vmn0000" postype="main" wd="posar"/>
              </infinitiu>
              <sn arg="arg1" entityref="nne" func="cd" tem="pat">
                <spec gen="f" num="s">
                  <d gen="f" lem="un" num="s" pos="di0fs0" postype="indefinite" wd="una"/>
                </spec>
                <grup.nom gen="f" num="s">
                  <n gen="f" lem="denúncia" num="s" pos="ncfs000" postype="common" sense="16:05403815" wd="denúncia"/>
                  <sp>
                    <prep>
                      <s lem="contra" pos="sps00" postype="preposition" wd="contra"/>
                    </prep>
                    <sn entity="entity2" entityref="ne" ne="organization">
                      <grup.nom>
                        <n lem="Antena_3_Televisión" ne="organization" pos="np0000o" postype="proper" sense="16:cs1" wd="Antena_3_Televisión"/>
                      </grup.nom>
                    </sn>
                  </sp>
                </grup.nom>
              </sn>
            </S>
          </sp>
        </grup.nom>
      </sn>
      <S arg="argM" clausetype="adverbial" entity="entity4" func="cc" tem="cau">
        <conj conjunctiontype="subordinating">
          <c lem="perquè" pos="cs" postype="subordinating" wd="perquè"/>
        </conj>
        <sp arg="argM" func="cc" tem="tmp">
          <f lem="," pos="fc" punct="comma" wd=","/>
          <prep>
            <s lem="des_de" pos="sps00" postype="preposition" wd="des_de"/>
          </prep>
          <sn entity="entity7" entityref="nne">
            <v lem="fer" mood="indicative" num="s" person="3" pos="vmip3s0" postype="main" tense="present" wd="fa"/>
            <d gen="m" lem="dos" num="p" pos="dn0mp0" postype="numeral" wd="dos"/>
            <n gen="m" lem="dia" num="p" pos="ncmp000" postype="common" sense="16:10851114" wd="dies"/>
          </sn>
          <f lem="," pos="fc" punct="comma" wd=","/>
        </sp>
        <sn arg="arg0" coreftype="ident" elliptic="yes" entity="entity2" entityref="spec" func="suj" tem="agt"/>
        <grup.verb>
          <v lem="ocupar" lss="A21.transitive-agentive-patient" mood="indicative" num="s" person="3" pos="vmip3s0" postype="main" tense="present" wd="ocupa"/>
        </grup.verb>
        <sn arg="arg1" entity="entity18" entityref="nne" func="cd" homophoricDD="yes" tem="pat">
          <spec gen="f" num="s">
            <d gen="f" lem="el" num="s" pos="da0fs0" postype="article" wd="la"/>
          </spec>
          <grup.nom gen="f" num="s">
            <n gen="f" lem="freqüència" num="s" pos="ncfs000" postype="common" sense="16:cs1" wd="freqüència"/>
            <sp>
              <prep>
                <s lem="de" pos="sps00" postype="preposition" wd="de"/>
              </prep>
              <sn entity="entity3" entityref="spec" homophoricDD="yes">
                <spec gen="f" num="s">
                  <d gen="f" lem="el" num="s" pos="da0fs0" postype="article" wd="la"/>
                </spec>
                <grup.nom gen="f" num="s">
                  <n gen="f" lem="televisió" num="s" pos="ncfs000" postype="common" sense="16:03481385" wd="televisió"/>
                  <s.a gen="f" num="s">
                    <grup.a gen="f" num="s">
                      <a gen="c" lem="local" num="s" pos="aq0cs0" postype="qualificative" wd="local"/>
                    </grup.a>
                  </s.a>
                  <sp>
                    <prep>
                      <s lem="de" pos="sps00" postype="preposition" wd="de"/>
                    </prep>
                    <sn entity="entity9" entityref="spec">
                      <spec gen="f" num="s">
                        <d gen="f" lem="el" num="s" pos="da0fs0" postype="article" wd="la"/>
                      </spec>
                      <grup.nom gen="f" num="s">
                        <n gen="f" lem="ciutat" num="s" pos="ncfs000" postype="common" sense="16:06287351" wd="ciutat"/>
                      </grup.nom>
                    </sn>
                  </sp>
                  <sn corefsubtype="definit" coreftype="pred" entity="entity3" entityref="ne" ne="organization">
                    <f lem="," pos="fc" punct="comma" wd=","/>
                    <grup.nom>
                      <n lem="Canal_Blau" ne="organization" pos="np0000o" postype="proper" sense="16:cs1" wd="Canal_Blau"/>
                    </grup.nom>
                  </sn>
                </grup.nom>
              </sn>
            </sp>
          </grup.nom>
        </sn>
      </S>
    </S>
    <f lem="." pos="fp" punct="period" wd="."/>
  </sentence>
  <sentence>
    <sp func="ao">
      <prep>
        <s lem="segons" pos="sps00" postype="preposition" wd="Segons"/>
      </prep>
      <sn coreftype="ident" entity="entity1" entityref="ne" ne="person">
        <grup.nom gen="m" num="s">
          <n lem="Tomàs-Àlvaro" ne="person" pos="np0000p" postype="proper" sense="16:cs1" wd="Tomàs-Àlvaro"/>
        </grup.nom>
      </sn>
      <f lem="," pos="fc" punct="comma" wd=","/>
    </sp>
    <sn arg="arg1" corefsubtype="token" coreftype="dx" entity="entity4" entityref="nne" func="suj" tem="tem">
      <spec gen="f" num="p">
        <d gen="f" lem="el" num="p" pos="da0fp0" postype="article" wd="les"/>
      </spec>
      <grup.nom gen="f" num="p">
        <n gen="f" lem="emissió" num="p" pos="ncfp000" postype="common" sense="16:cs1" wd="emissions"/>
      </grup.nom>
    </sn>
    <grup.verb>
      <v lem="correspondre" lss="C21.state-attributive" mood="indicative" num="p" person="3" pos="vmip3p0" postype="main" tense="present" wd="corresponen"/>
    </grup.verb>
    <sp arg="arg2" func="creg" tem="atr">
      <prep>
        <s contracted="yes" gen="m" lem="al" num="s" pos="spcms" postype="preposition" wd="al"/>
      </prep>
      <sn entity="entity5" entityref="nne" homophoricDD="yes">
        <grup.nom gen="m" num="s">
          <n gen="m" lem="canvi" num="s" pos="ncms000" postype="common" sense="16:00125689" wd="canvi"/>
          <sp>
            <prep>
              <s lem="de" pos="sps00" postype="preposition" wd="de"/>
            </prep>
            <sn entityref="nne">
              <grup.nom gen="f" num="s">
                <n gen="f" lem="televisió" num="s" pos="ncfs000" postype="common" sense="16:04745188" wd="televisió"/>
                <s.a gen="f" num="s">
                  <grup.a gen="f" num="s">
                    <a gen="f" lem="analògic" num="s" pos="aq0fs0" postype="qualificative" wd="analògica"/>
                  </grup.a>
                </s.a>
              </grup.nom>
            </sn>
          </sp>
          <sp>
            <prep>
              <s lem="a" pos="sps00" postype="preposition" wd="a"/>
            </prep>
            <sn entityref="nne">
              <grup.nom gen="f" num="s">
                <n gen="f" lem="televisió" num="s" pos="ncfs000" postype="common" sense="16:04745188" wd="televisió"/>
                <s.a gen="f" num="s">
                  <grup.a gen="f" num="s">
                    <a gen="c" lem="digital" num="s" pos="aq0cs0" postype="qualificative" wd="digital"/>
                  </grup.a>
                </s.a>
              </grup.nom>
            </sn>
          </sp>
          <S clausetype="relative">
            <relatiu arg="arg1" coreftype="ident" entity="entity5" entityref="nne" func="cd" tem="pat">
              <p gen="c" lem="que" num="c" pos="pr0cn000" postype="relative" wd="que"/>
            </relatiu>
            <grup.verb>
              <v lem="haver" mood="indicative" num="s" person="3" pos="vaip3s0" postype="auxiliary" tense="present" wd="ha"/>
              <v gen="m" lem="començar" mood="participle" num="s" pos="vmp00sm" postype="main" wd="començat"/>
              <s lem="a" pos="sps00" postype="preposition" wd="a"/>
              <infinitiu>
                <v lem="fer" lss="A21.transitive-agentive-patient" mood="infinitive" pos="vmn0000" postype="main" wd="fer"/>
              </infinitiu>
            </grup.verb>
            <sn arg="arg0" coreftype="ident" entity="entity2" entityref="spec" func="suj" tem="agt">
              <spec gen="f" num="s">
                <d gen="f" lem="el" num="s" pos="da0fs0" postype="article" wd="la"/>
              </spec>
              <grup.nom gen="f" num="s">
                <n gen="f" lem="cadena" num="s" pos="ncfs000" postype="common" sense="16:cs1" wd="cadena"/>
                <s.a gen="f" num="s">
                  <grup.a gen="f" num="s">
                    <a gen="f" lem="privat" num="s" pos="aq0fsp" posfunction="participle" postype="qualificative" wd="privada"/>
                  </grup.a>
                </s.a>
                <s.a gen="f" num="s">
                  <grup.a gen="f" num="s">
                    <a gen="f" lem="espanyol" num="s" pos="aq0fs0" postype="qualificative" wd="espanyola"/>
                  </grup.a>
                </s.a>
              </grup.nom>
            </sn>
          </S>
        </grup.nom>
      </sn>
    </sp>
    <f lem="." pos="fp" punct="period" wd="."/>
  </sentence>
  <sentence>
    <sn arg="arg1" coreftype="ident" entity="entity6" entityref="ne" func="suj" ne="organization" tem="tem">
      <spec gen="m" num="s">
        <d gen="c" lem="el" num="s" pos="da0cs0" postype="article" wd="L'"/>
      </spec>
      <grup.nom gen="m" num="s">
        <n lem="Ajuntament_de_Vilanova" ne="organization" pos="np0000o" postype="proper" sense="16:cs1" wd="Ajuntament_de_Vilanova"/>
      </grup.nom>
    </sn>
    <grup.verb>
      <v lem="estar" lss="C21.state-attributive" mood="indicative" num="s" person="3" pos="vmip3s0" postype="main" tense="present" wd="està"/>
    </grup.verb>
    <S arg="arg2" clausetype="participle" func="atr" impersonal="yes" tem="atr">
      <participi>
        <a gen="m" lem="disposat" lss="B22.unaccusative-passive-transitive" num="s" pos="aq0msp" posfunction="participle" postype="qualificative" wd="disposat"/>
      </participi>
      <sp arg="arg2" func="creg" tem="tem">
        <prep>
          <s lem="a" pos="sps00" postype="preposition" wd="a"/>
        </prep>
        <S clausetype="completive" impersonal="yes">
          <infinitiu>
            <v lem="arribar" lss="B11.unaccusative-motion" mood="infinitive" pos="vmn0000" postype="main" wd="arribar"/>
          </infinitiu>
          <sp arg="arg4" func="cc" tem="des">
            <prep>
              <s lem="fins" pos="sps00" postype="preposition" wd="fins"/>
            </prep>
            <S clausetype="adverbial">
              <conj conjunctiontype="subordinating">
                <c lem="on" pos="cs" postype="subordinating" wd="on"/>
              </conj>
              <sn arg="arg1" elliptic="yes" entityref="lex" func="suj" tem="tem"/>
              <grup.verb>
                <v lem="caldre" lss="C41.state-benefactive" mood="subjunctive" num="s" person="3" pos="vmsp3s0" postype="main" tense="present" wd="calgui"/>
              </grup.verb>
            </S>
          </sp>
          <sp arg="argM" func="cc" tem="fin">
            <prep>
              <s lem="per" pos="sps00" postype="preposition" wd="per"/>
            </prep>
            <S clausetype="completive" impersonal="yes">
              <infinitiu>
                <v lem="recuperar" lss="A21.transitive-agentive-patient" mood="infinitive" pos="vmn0000" postype="main" wd="recuperar"/>
              </infinitiu>
              <sn arg="arg1" entity="entity21" entityref="nne" func="cd" homophoricDD="yes" tem="pat">
                <spec gen="f" num="s">
                  <d gen="f" lem="el" num="s" pos="da0fs0" postype="article" wd="la"/>
                </spec>
                <grup.nom gen="f" num="s">
                  <n gen="f" lem="normalitat" num="s" pos="ncfs000" postype="common" sense="16:10402913" wd="normalitat"/>
                  <sp>
                    <prep>
                      <s lem="de" pos="sps00" postype="preposition" wd="de"/>
                    </prep>
                    <sn entity="entity8" entityref="nne">
                      <spec gen="f" num="p">
                        <d gen="f" lem="el" num="p" pos="da0fp0" postype="article" wd="les"/>
                      </spec>
                      <grup.nom gen="f" num="p">
                        <n gen="f" lem="emissió" num="p" pos="ncfp000" postype="common" sense="16:cs1" wd="emissions"/>
                      </grup.nom>
                    </sn>
                  </sp>
                </grup.nom>
              </sn>
            </S>
          </sp>
        </S>
      </sp>
    </S>
    <f lem="." pos="fp" punct="period" wd="."/>
  </sentence>
  <sentence entity="entity10">
    <sp arg="argM" func="cc" tem="tmp">
      <prep>
        <s lem="des_de" pos="sps00" postype="preposition" wd="Des_de"/>
      </prep>
      <sn coreftype="ident" entity="entity7" entityref="nne">
        <v lem="fer" mood="indicative" num="s" person="3" pos="vmip3s0" postype="main" tense="present" wd="fa"/>
        <d gen="m" lem="dos" num="p" pos="dn0mp0" postype="numeral" wd="dos"/>
        <n gen="m" lem="dia" num="p" pos="ncmp000" postype="common" sense="16:10851114" wd="dies"/>
      </sn>
      <f lem="," pos="fc" punct="comma" wd=","/>
    </sp>
    <sn arg="arg1" coreftype="ident" entity="entity8" entityref="nne" func="suj" homophoricDD="yes" tem="pat">
      <spec gen="f" num="p">
        <d gen="f" lem="el" num="p" pos="da0fp0" postype="article" wd="les"/>
      </spec>
      <grup.nom gen="f" num="p">
        <n gen="f" lem="emissió" num="p" pos="ncfp000" postype="common" sense="16:cs1" wd="emissions"/>
        <sp>
          <prep>
            <s lem="de" pos="sps00" postype="preposition" wd="de"/>
          </prep>
          <sn coreftype="ident" entity="entity3" entityref="spec" homophoricDD="yes">
            <spec gen="f" num="s">
              <d gen="f" lem="el" num="s" pos="da0fs0" postype="article" wd="la"/>
            </spec>
            <grup.nom gen="f" num="s">
              <n gen="f" lem="televisió" num="s" pos="ncfs000" postype="common" sense="16:03481385" wd="televisió"/>
              <s.a gen="f" num="s">
                <grup.a gen="f" num="s">
                  <a gen="c" lem="local" num="s" pos="aq0cs0" postype="qualificative" wd="local"/>
                </grup.a>
              </s.a>
              <sp>
                <prep>
                  <s lem="de" pos="sps00" postype="preposition" wd="de"/>
                </prep>
                <sn coreftype="ident" entity="entity9" entityref="ne" ne="location">
                  <grup.nom>
                    <n lem="Vilanova_i_la_Geltrú" ne="location" pos="np0000l" postype="proper" sense="16:cs1" wd="Vilanova_i_la_Geltrú"/>
                  </grup.nom>
                </sn>
              </sp>
            </grup.nom>
          </sn>
        </sp>
      </grup.nom>
    </sn>
    <morfema.verbal func="pass">
      <p gen="c" lem="es" num="c" pos="p0000000" wd="es"/>
    </morfema.verbal>
    <grup.verb>
      <v lem="veure" lss="B22.unaccusative-passive-transitive" mood="indicative" num="p" person="3" pos="vmip3p0" postype="main" tense="present" wd="veuen"/>
    </grup.verb>
    <sp arg="argM" func="cc" tem="adv">
      <prep>
        <s lem="amb" pos="sps00" postype="preposition" wd="amb"/>
      </prep>
      <sn>
        <grup.nom gen="f" num="s">
          <n gen="f" lem="dificultat" num="s" pos="ncfs000" postype="common" sense="16:cs1" wd="dificultat"/>
        </grup.nom>
      </sn>
    </sp>
    <S arg="argM" clausetype="adverbial" func="cc" tem="cau">
      <conj conjunctiontype="subordinating">
        <c lem="perquè" pos="cs" postype="subordinating" wd="perquè"/>
      </conj>
      <morfema.pronominal>
        <p gen="c" lem="hi" num="c" person="3" pos="pp3cn000" postype="personal" wd="hi"/>
      </morfema.pronominal>
      <grup.verb>
        <v lem="haver" lss="C11.state-existential" mood="indicative" num="s" person="3" pos="vmip3s0" postype="main" tense="present" wd="ha"/>
      </grup.verb>
      <sn arg="arg1" entityref="nne" func="cd" functype="quantitative" homophoricDD="yes" tem="tem">
        <spec gen="m" num="s">
          <d gen="c" lem="el" num="s" pos="da0cs0" postype="article" wd="l'"/>
        </spec>
        <grup.nom gen="m" num="s">
          <n gen="m" lem="espectre" num="s" pos="ncms000" postype="common" sense="16:cs1" wd="espectre"/>
          <sp>
            <prep>
              <s lem="de" pos="sps00" postype="preposition" wd="de"/>
            </prep>
            <sn coreftype="ident" entity="entity4" entityref="nne" homophoricDD="yes">
              <spec gen="f" num="s">
                <d gen="c" lem="el" num="s" pos="da0cs0" postype="article" wd="l'"/>
              </spec>
              <grup.nom gen="f" num="s">
                <n gen="f" lem="emissió" num="s" pos="ncfs000" postype="common" sense="16:cs1" wd="emissió"/>
                <sp>
                  <prep>
                    <s lem="de" pos="sps00" postype="preposition" wd="d'"/>
                  </prep>
                  <sn coreftype="ident" entity="entity2" entityref="ne" ne="organization">
                    <grup.nom>
                      <n lem="Antena_3_Televisión" ne="organization" pos="np0000o" postype="proper" sense="16:cs1" wd="Antena_3_Televisión"/>
                    </grup.nom>
                  </sn>
                </sp>
              </grup.nom>
            </sn>
          </sp>
        </grup.nom>
      </sn>
    </S>
    <f lem="." pos="fp" punct="period" wd="."/>
  </sentence>
  <sentence>
    <sn arg="arg1" corefsubtype="token" coreftype="dx" entity="entity10" entityref="nne" func="suj" tem="tem">
      <spec gen="m" num="p">
        <d gen="m" lem="el" num="p" pos="da0mp0" postype="article" wd="Els"/>
      </spec>
      <grup.nom gen="m" num="p">
        <n gen="m" lem="problema" num="p" pos="ncmp000" postype="common" sense="16:04394770" wd="problemes"/>
      </grup.nom>
    </sn>
    <grup.verb>
      <v lem="anar" mood="indicative" num="p" person="3" pos="vaip3p0" postype="auxiliary" tense="present" wd="van"/>
      <v lem="començar" lss="C11.state-existential" mood="infinitive" pos="vmn0000" postype="main" wd="començar"/>
    </grup.verb>
    <sn arg="argM" coreftype="ident" entity="entity7" entityref="nne" func="cc" tem="tmp">
      <v lem="fer" mood="indicative" num="s" person="3" pos="vmip3s0" postype="main" tense="present" wd="fa"/>
      <d gen="m" lem="dos" num="p" pos="dn0mp0" postype="numeral" wd="dos"/>
      <n gen="m" lem="dia" num="p" pos="ncmp000" postype="common" sense="16:10851114" wd="dies"/>
    </sn>
    <f lem="." pos="fp" punct="period" wd="."/>
  </sentence>
  <sentence>
    <sp arg="argM" func="cc" tem="tmp">
      <prep>
        <s lem="fins" pos="sps00" postype="preposition" wd="Fins"/>
      </prep>
      <sadv>
        <grup.adv>
          <r lem="ara" pos="rg" wd="ara"/>
        </grup.adv>
      </sadv>
      <f lem="," pos="fc" punct="comma" wd=","/>
    </sp>
    <sn arg="arg0" coreftype="ident" entity="entity1" entityref="ne" func="suj" ne="person" tem="agt">
      <spec gen="m" num="s">
        <d gen="m" lem="el" num="s" pos="da0ms0" postype="article" wd="el"/>
      </spec>
      <grup.nom gen="m" num="s">
        <n gen="m" lem="regidor" num="s" pos="ncms000" postype="common" sense="16:07171285" wd="regidor"/>
        <sp>
          <prep>
            <s lem="de" pos="sps00" postype="preposition" wd="de"/>
          </prep>
          <sn coreftype="ident" entity="entity11" entityref="ne" ne="organization">
            <grup.nom>
              <n lem="Comunicació" ne="organization" pos="np0000o" postype="proper" sense="16:cs1" wd="Comunicació"/>
            </grup.nom>
          </sn>
        </sp>
        <sn corefsubtype="definit" coreftype="pred" entity="entity1" entityref="ne" ne="person">
          <f lem="," pos="fc" punct="comma" wd=","/>
          <grup.nom gen="m" num="s">
            <n lem="Josep_Tomàs-Àlvaro" ne="person" pos="np0000p" postype="proper" sense="16:cs1" wd="Josep_Tomàs-Àlvaro"/>
          </grup.nom>
          <f lem="," pos="fc" punct="comma" wd=","/>
        </sn>
      </grup.nom>
    </sn>
    <grup.verb>
      <v lem="haver" mood="indicative" num="s" person="3" pos="vaip3s0" postype="auxiliary" tense="present" wd="ha"/>
      <v gen="m" lem="aconseguir" lss="A21.transitive-agentive-patient" mood="participle" num="s" pos="vmp00sm" postype="main" wd="aconseguit"/>
    </grup.verb>
    <sn arg="arg1" entityref="nne" func="cd" homophoricDD="yes" tem="pat">
      <spec gen="m" num="s">
        <d gen="m" lem="el" num="s" pos="da0ms0" postype="article" wd="el"/>
      </spec>
      <grup.nom gen="m" num="s">
        <n gen="m" lem="suport" num="s" pos="ncms000" postype="common" sense="16:00786193" wd="suport"/>
        <sp>
          <prep>
            <s lem="de" pos="sps00" postype="preposition" wd="de"/>
          </prep>
          <sn entity="entity12" entityref="ne" ne="organization">
            <spec gen="f" num="s">
              <d gen="f" lem="el" num="s" pos="da0fs0" postype="article" wd="la"/>
            </spec>
            <grup.nom gen="f" num="s">
              <n lem="Federació_de_Municipis_de_Catalunya" ne="organization" pos="np0000o" postype="proper" sense="16:cs1" wd="Federació_de_Municipis_de_Catalunya"/>
              <S clausetype="relative">
                <relatiu arg="arg0" coreftype="ident" entity="entity12" entityref="spec" func="suj" tem="agt">
                  <p gen="c" lem="que" num="c" pos="pr0cn000" postype="relative" wd="que"/>
                </relatiu>
                <grup.verb>
                  <v lem="haver" mood="indicative" num="s" person="3" pos="vaip3s0" postype="auxiliary" tense="present" wd="ha"/>
                  <v gen="m" lem="emetre" lss="A21.transitive-agentive-patient" mood="participle" num="s" pos="vmp00sm" postype="main" wd="emès"/>
                </grup.verb>
                <sn arg="arg1" entityref="nne" func="cd" tem="pat">
                  <spec gen="m" num="s">
                    <d gen="m" lem="un" num="s" pos="di0ms0" postype="indefinite" wd="un"/>
                  </spec>
                  <grup.nom gen="m" num="s">
                    <n gen="m" lem="comunicat" num="s" pos="ncms000" postype="common" sense="16:05009963" wd="comunicat"/>
                  </grup.nom>
                </sn>
                <S arg="argM" clausetype="adverbial" func="cc" impersonal="yes" tem="adv">
                  <gerundi>
                    <v lem="advertir" lss="A34.ditransitive-patient-theme" mood="gerund" pos="vmg0000" postype="main" wd="advertint"/>
                  </gerundi>
                  <sp arg="arg2" func="creg" tem="tem">
                    <prep>
                      <s contracted="yes" gen="m" lem="del" num="s" pos="spcms" postype="preposition" wd="del"/>
                    </prep>
                    <sn entity="entity13" entityref="nne" homophoricDD="yes">
                      <grup.nom gen="m" num="s">
                        <n gen="m" lem="perill" num="s" pos="ncms000" postype="common" sense="16:10427605" wd="perill"/>
                        <S clausetype="relative">
                          <relatiu arg="arg2" coreftype="ident" entity="entity13" entityref="nne" func="cd" functype="quantitative" tem="atr">
                            <p gen="c" lem="que" num="c" pos="pr0cn000" postype="relative" wd="que"/>
                          </relatiu>
                          <grup.verb>
                            <v lem="suposar" lss="C21.state-attributive" mood="indicative" num="s" person="3" pos="vmip3s0" postype="main" tense="present" wd="suposa"/>
                          </grup.verb>
                          <sn arg="arg1" coreftype="ident" entity="entity4" entityref="nne" func="suj" tem="tem">
                            <spec gen="f" num="s">
                              <d gen="f" lem="el" num="s" pos="da0fs0" postype="article" wd="la"/>
                            </spec>
                            <grup.nom gen="f" num="s">
                              <n gen="f" lem="pràctica" num="s" pos="ncfs000" postype="common" sense="16:00263204" wd="pràctica"/>
                              <sp>
                                <prep>
                                  <s lem="de" pos="sps00" postype="preposition" wd="de"/>
                                </prep>
                                <sn coreftype="ident" entity="entity2" entityref="spec">
                                  <spec gen="f" num="s">
                                    <d gen="f" lem="el" num="s" pos="da0fs0" postype="article" wd="la"/>
                                  </spec>
                                  <grup.nom gen="f" num="s">
                                    <n gen="f" lem="cadena" num="s" pos="ncfs000" postype="common" sense="16:cs1" wd="cadena"/>
                                    <s.a gen="f" num="s">
                                      <grup.a gen="f" num="s">
                                        <a gen="f" lem="privat" num="s" pos="aq0fsp" posfunction="participle" postype="qualificative" wd="privada"/>
                                      </grup.a>
                                    </s.a>
                                  </grup.nom>
                                </sn>
                              </sp>
                            </grup.nom>
                          </sn>
                          <sp arg="argM" func="cc" tem="adv">
                            <prep>
                              <s lem="per" pos="sps00" postype="preposition" wd="per"/>
                            </prep>
                            <sp>
                              <prep>
                                <s lem="a" pos="sps00" postype="preposition" wd="a"/>
                              </prep>
                              <sn entityref="nne" homophoricDD="yes">
                                <spec gen="f" num="p">
                                  <d gen="f" lem="el" num="p" pos="da0fp0" postype="article" wd="les"/>
                                </spec>
                                <grup.nom gen="f" num="p">
                                  <n gen="f" lem="cadena" num="p" pos="ncfp000" postype="common" sense="16:cs1" wd="cadenes"/>
                                  <s.a gen="f" num="p">
                                    <grup.a gen="f" num="p">
                                      <a gen="c" lem="local" num="p" pos="aq0cp0" postype="qualificative" wd="locals"/>
                                    </grup.a>
                                  </s.a>
                                  <sp>
                                    <prep>
                                      <s lem="de" pos="sps00" postype="preposition" wd="de"/>
                                    </prep>
                                    <sn>
                                      <grup.nom gen="f" num="s">
                                        <n gen="f" lem="televisió" num="s" pos="ncfs000" postype="common" sense="16:03481385" wd="televisió"/>
                                      </grup.nom>
                                    </sn>
                                  </sp>
                                  <S clausetype="participle" coord="yes" impersonal="yes">
                                    <S clausetype="participle" coord="yes" impersonal="yes">
                                      <S clausetype="participle" impersonal="yes">
                                        <participi>
                                          <a gen="f" lem="implantat" lss="B22.unaccusative-passive-transitive" num="p" pos="aq0fpp" posfunction="participle" postype="qualificative" wd="implantades"/>
                                        </participi>
                                      </S>
                                      <conj conjunctiontype="coordinating">
                                        <c lem="i" pos="cc" postype="coordinating" wd="i"/>
                                      </conj>
                                      <S clausetype="participle" impersonal="yes">
                                        <participi>
                                          <a gen="f" lem="consolidat" lss="B22.unaccusative-passive-transitive" num="p" pos="aq0fpp" posfunction="participle" postype="qualificative" wd="consolidades"/>
                                        </participi>
                                      </S>
                                    </S>
                                    <sp adjunct="yes" arg="argM" func="cc" tem="loc">
                                      <prep>
                                        <s lem="a" pos="sps00" postype="preposition" wd="a"/>
                                      </prep>
                                      <sn entity="entity22" entityref="ne" ne="location">
                                        <grup.nom>
                                          <n lem="Catalunya" ne="location" pos="np0000l" postype="proper" wd="Catalunya"/>
                                        </grup.nom>
                                      </sn>
                                    </sp>
                                    <sp adjunct="yes" arg="argM" func="cc" tem="tmp">
                                      <prep>
                                        <s lem="des_de" pos="sps00" postype="preposition" wd="des_de"/>
                                      </prep>
                                      <sn entityref="nne">
                                        <v lem="fer" mood="indicative" num="s" person="3" pos="vmip3s0" postype="main" tense="present" wd="fa"/>
                                        <n gen="m" lem="any" num="p" pos="ncmp000" postype="common" sense="16:10917509" wd="anys"/>
                                      </sn>
                                    </sp>
                                  </S>
                                </grup.nom>
                              </sn>
                            </sp>
                          </sp>
                        </S>
                      </grup.nom>
                    </sn>
                  </sp>
                </S>
              </S>
            </grup.nom>
          </sn>
        </sp>
      </grup.nom>
    </sn>
    <f lem="." pos="fp" punct="period" wd="."/>
  </sentence>
  <sentence>
    <sadv func="et">
      <grup.adv>
        <r lem="a_més" pos="rg" wd="A_més"/>
      </grup.adv>
      <f lem="," pos="fc" punct="comma" wd=","/>
    </sadv>
    <sn arg="arg0" coreftype="ident" entity="entity12" entityref="ne" func="suj" ne="organization" tem="agt">
      <spec gen="f" num="s">
        <d gen="f" lem="el" num="s" pos="da0fs0" postype="article" wd="la"/>
      </spec>
      <grup.nom gen="f" num="s">
        <n lem="Federació_de_Municipis_de_Catalunya" ne="organization" pos="np0000o" postype="proper" sense="16:cs1" wd="Federació_de_Municipis_de_Catalunya"/>
      </grup.nom>
    </sn>
    <sadv func="mod">
      <grup.adv>
        <r lem="també" pos="rg" wd="també"/>
      </grup.adv>
    </sadv>
    <grup.verb>
      <v lem="recordar" lss="A21.transitive-agentive-patient" mood="indicative" num="s" person="3" pos="vmip3s0" postype="main" tense="present" wd="recorda"/>
    </grup.verb>
    <sn arg="arg1" coord="yes" func="cd" tem="pat">
      <sn entity="entity14" entityref="nne" homophoricDD="yes">
        <spec gen="m" num="s">
          <d gen="m" lem="el" num="s" pos="da0ms0" postype="article" wd="el"/>
        </spec>
        <grup.nom gen="m" num="s">
          <n gen="m" lem="dret" num="s" pos="ncms000" postype="common" sense="16:04030305" wd="dret"/>
          <S clausetype="relative">
            <relatiu arg="arg2" coreftype="ident" entity="entity14" entityref="nne" func="cd" functype="quantitative" tem="atr">
              <p gen="c" lem="que" num="c" pos="pr0cn000" postype="relative" wd="que"/>
            </relatiu>
            <grup.verb>
              <v lem="tenir" lss="C21.state-attributive" mood="indicative" num="p" person="3" pos="vmip3p0" postype="main" tense="present" wd="tenen"/>
            </grup.verb>
            <sn arg="arg1" entity="entity16" entityref="nne" func="suj" homophoricDD="yes" tem="tem">
              <spec gen="m" num="p">
                <d gen="m" lem="el" num="p" pos="da0mp0" postype="article" wd="els"/>
              </spec>
              <grup.nom gen="m" num="p">
                <n gen="m" lem="ajuntament" num="p" pos="ncmp000" postype="common" sense="16:06106524" wd="ajuntaments"/>
              </grup.nom>
            </sn>
          </S>
          <sp>
            <prep>
              <s lem="a" pos="sps00" postype="preposition" wd="a"/>
            </prep>
            <S clausetype="completive" impersonal="yes">
              <infinitiu>
                <v lem="informar" lss="A32.ditransitive-patient-benefactive" mood="infinitive" pos="vmn0000" postype="main" wd="informar"/>
              </infinitiu>
              <sn arg="arg1" entity="entity17" entityref="nne" func="cd" homophoricDD="yes" tem="pat">
                <spec gen="m" num="p">
                  <d gen="m" lem="el" num="p" pos="da0mp0" postype="article" wd="els"/>
                </spec>
                <grup.nom gen="m" num="p">
                  <n gen="m" lem="ciutadà" num="p" pos="ncmp000" postype="common" sense="16:06952517" wd="ciutadans"/>
                </grup.nom>
              </sn>
              <sp arg="argM" func="cc" tem="adv">
                <prep>
                  <s lem="amb" pos="sps00" postype="preposition" wd="amb"/>
                </prep>
                <sn entity="entity15" entityref="nne" homophoricDD="yes">
                  <spec gen="m" num="p">
                    <d gen="m" lem="el" num="p" pos="da0mp0" postype="article" wd="els"/>
                  </spec>
                  <grup.nom gen="m" num="p">
                    <n gen="m" lem="mitjà" num="p" pos="ncmp000" postype="common" sense="16:02975720" wd="mitjans"/>
                    <S clausetype="relative">
                      <relatiu arg="arg2" coreftype="ident" entity="entity15" entityref="nne" func="cd" functype="quantitative" tem="atr">
                        <p gen="c" lem="que" num="c" pos="pr0cn000" postype="relative" wd="que"/>
                      </relatiu>
                      <sn arg="arg1" coreftype="ident" elliptic="yes" entity="entity16" entityref="nne" func="suj" tem="tem"/>
                      <grup.verb>
                        <v lem="tenir" lss="C21.state-attributive" mood="subjunctive" num="p" person="3" pos="vmsp3p0" postype="main" tense="present" wd="tinguin"/>
                      </grup.verb>
                      <sp arg="argM" func="cpred" predicate="cd" tem="atr">
                        <prep>
                          <s lem="a" pos="sps00" postype="preposition" wd="a"/>
                        </prep>
                        <sn entityref="lex">
                          <spec gen="m" num="s">
                            <d gen="c" lem="el" num="s" pos="da0cs0" postype="article" wd="l'"/>
                          </spec>
                          <grup.nom gen="m" num="s">
                            <n gen="m" lem="abast" num="s" pos="ncms000" postype="common" sense="16:00218788" wd="abast"/>
                          </grup.nom>
                        </sn>
                      </sp>
                    </S>
                  </grup.nom>
                </sn>
              </sp>
            </S>
          </sp>
        </grup.nom>
      </sn>
      <conj conjunctiontype="coordinating">
        <c lem="i" pos="cc" postype="coordinating" wd="i"/>
      </conj>
      <sn>
        <sadv adjunct="yes">
          <grup.adv>
            <r lem="sobretot" pos="rg" wd="sobretot"/>
          </grup.adv>
        </sadv>
        <sn entityref="nne" homophoricDD="yes">
          <spec gen="m" num="s">
            <d gen="m" lem="el" num="s" pos="da0ms0" postype="article" wd="el"/>
          </spec>
          <grup.nom gen="m" num="s">
            <n gen="m" lem="dret" num="s" pos="ncms000" postype="common" sense="16:04030305" wd="dret"/>
            <sp>
              <prep>
                <s contracted="yes" gen="m" lem="del" num="p" pos="spcmp" postype="preposition" wd="dels"/>
              </prep>
              <sn coreftype="ident" entity="entity17" entityref="nne" homophoricDD="yes">
                <grup.nom gen="m" num="p">
                  <n gen="m" lem="ciutadà" num="p" pos="ncmp000" postype="common" sense="16:06952517" wd="ciutadans"/>
                </grup.nom>
              </sn>
            </sp>
            <sp>
              <prep>
                <s lem="a" pos="sps00" postype="preposition" wd="a"/>
              </prep>
              <S clausetype="completive" impersonal="yes">
                <infinitiu>
                  <v lem="estar" lss="C21.state-attributive" mood="infinitive" pos="vmn0000" postype="main" wd="estar"/>
                </infinitiu>
                <S arg="arg2" clausetype="participle" func="atr" impersonal="yes" tem="atr">
                  <participi>
                    <a gen="m" lem="informat" num="p" pos="aq0mpp" posfunction="participle" postype="qualificative" wd="informats"/>
                  </participi>
                </S>
              </S>
            </sp>
          </grup.nom>
        </sn>
      </sn>
    </sn>
    <f lem="." pos="fp" punct="period" wd="."/>
  </sentence>
  <sentence>
    <sadv func="ao">
      <grup.adv>
        <r lem="precisament" pos="rg" wd="Precisament"/>
      </grup.adv>
      <f lem="," pos="fc" punct="comma" wd=","/>
    </sadv>
    <sn arg="arg1" entityref="lex" func="suj" tem="tem">
      <spec gen="m" num="s">
        <d gen="m" lem="aquest" num="s" pos="dd0ms0" postype="demonstrative" wd="aquest"/>
      </spec>
      <grup.nom gen="m" num="s">
        <n gen="m" lem="punt" num="s" pos="ncms000" postype="common" sense="16:cs1" wd="punt"/>
        <sp>
          <prep>
            <s lem="de" pos="sps00" postype="preposition" wd="de"/>
          </prep>
          <sn>
            <grup.nom gen="f" num="s">
              <n gen="c" lem="vista" num="s" pos="nccs000" postype="common" sense="16:cs1" wd="vista"/>
            </grup.nom>
          </sn>
        </sp>
      </grup.nom>
    </sn>
    <grup.verb>
      <v lem="ser" lss="C21.state-attributive" mood="indicative" num="s" person="3" pos="vsip3s0" postype="semiauxiliary" tense="present" wd="és"/>
    </grup.verb>
    <sn arg="arg2" func="atr" tem="atr">
      <spec gen="m" num="s">
        <d gen="m" lem="el" num="s" pos="da0ms0" postype="article" wd="el"/>
      </spec>
      <grup.nom gen="m" num="s">
        <S clausetype="relative">
          <relatiu arg="arg1" func="cd" tem="pat">
            <p gen="c" lem="que" num="c" pos="pr0cn000" postype="relative" wd="que"/>
          </relatiu>
          <grup.verb>
            <v lem="destacar" lss="A21.transitive-agentive-patient" mood="indicative" num="s" person="3" pos="vmip3s0" postype="main" tense="present" wd="destaca"/>
          </grup.verb>
          <sn arg="arg0" coreftype="ident" entity="entity1" entityref="ne" func="suj" ne="person" tem="agt">
            <spec gen="m" num="s">
              <d gen="m" lem="el" num="s" pos="da0ms0" postype="article" wd="el"/>
            </spec>
            <grup.nom gen="m" num="s">
              <n gen="m" lem="regidor" num="s" pos="ncms000" postype="common" sense="16:07171285" wd="regidor"/>
              <sp>
                <prep>
                  <s lem="de" pos="sps00" postype="preposition" wd="de"/>
                </prep>
                <sn coreftype="ident" entity="entity11" entityref="ne" ne="organization">
                  <grup.nom>
                    <n lem="Comunicació_de_l'_Ajuntament_de_Vilanova" ne="organization" pos="np0000o" postype="proper" sense="16:cs1" wd="Comunicació_de_l'_Ajuntament_de_Vilanova"/>
                  </grup.nom>
                </sn>
              </sp>
              <S clausetype="relative">
                <f lem="," pos="fc" punct="comma" wd=","/>
                <relatiu arg="arg0" coreftype="ident" entity="entity1" entityref="spec" func="suj" tem="agt">
                  <p gen="c" lem="que" num="c" pos="pr0cn000" postype="relative" wd="que"/>
                </relatiu>
                <grup.verb>
                  <v lem="assegurar" lss="A21.transitive-agentive-patient" mood="indicative" num="s" person="3" pos="vmip3s0" postype="main" tense="present" wd="assegura"/>
                </grup.verb>
                <S arg="arg1" clausetype="completive" func="cd" tem="pat">
                  <conj conjunctiontype="subordinating">
                    <c lem="que" pos="cs" postype="subordinating" wd="que"/>
                  </conj>
                  <sp arg="argM" func="cc" tem="adv">
                    <prep>
                      <s lem="com_a" pos="sps00" postype="preposition" wd="com_a"/>
                    </prep>
                    <sn>
                      <grup.nom gen="f" num="s">
                        <n gen="c" lem="responsable" num="s" pos="nccs000" postype="common" sense="16:07311393" wd="responsable"/>
                        <sp>
                          <prep>
                            <s lem="de" pos="sps00" postype="preposition" wd="de"/>
                          </prep>
                          <sn coreftype="ident" entity="entity3" entityref="spec">
                            <spec gen="f" num="s">
                              <d gen="f" lem="el" num="s" pos="da0fs0" postype="article" wd="la"/>
                            </spec>
                            <grup.nom gen="f" num="s">
                              <n gen="f" lem="cadena" num="s" pos="ncfs000" postype="common" sense="16:cs1" wd="cadena"/>
                              <sp>
                                <prep>
                                  <s lem="de" pos="sps00" postype="preposition" wd="de"/>
                                </prep>
                                <sn>
                                  <grup.nom gen="f" num="s">
                                    <n gen="f" lem="televisió" num="s" pos="ncfs000" postype="common" sense="16:03481385" wd="televisió"/>
                                  </grup.nom>
                                </sn>
                              </sp>
                              <s.a gen="f" num="s">
                                <grup.a gen="f" num="s">
                                  <a gen="c" lem="local" num="s" pos="aq0cs0" postype="qualificative" wd="local"/>
                                </grup.a>
                              </s.a>
                            </grup.nom>
                          </sn>
                        </sp>
                      </grup.nom>
                    </sn>
                  </sp>
                  <sn arg="arg1" coreftype="ident" elliptic="yes" entity="entity1" entityref="spec" func="suj" tem="tem"/>
                  <morfema.pronominal>
                    <p gen="c" lem="ell" num="c" person="3" pos="p0300000" wd="se"/>
                  </morfema.pronominal>
                  <grup.verb>
                    <v lem="sentir" lss="C21.state-attributive" mood="indicative" num="s" person="3" pos="vmip3s0" postype="main" tense="present" wd="sent"/>
                  </grup.verb>
                  <S arg="arg2" clausetype="participle" coord="yes" func="cpred" impersonal="yes" predicate="suj" tem="atr">
                    <S clausetype="participle" impersonal="yes">
                      <participi>
                        <a gen="m" lem="envaït" num="s" pos="aq0msp" posfunction="participle" postype="qualificative" wd="envaït"/>
                      </participi>
                    </S>
                    <conj conjunctiontype="coordinating">
                      <c lem="i" pos="cc" postype="coordinating" wd="i"/>
                    </conj>
                    <S clausetype="participle" impersonal="yes">
                      <sadv arg="argM" func="cc" tem="mnr">
                        <grup.adv>
                          <r lem="clarament" pos="rg" wd="clarament"/>
                        </grup.adv>
                      </sadv>
                      <participi>
                        <a gen="m" lem="perjudicat" lss="B22.unaccusative-passive-transitive" num="s" pos="aq0msp" posfunction="participle" postype="qualificative" wd="perjudicat"/>
                      </participi>
                    </S>
                  </S>
                </S>
              </S>
            </grup.nom>
          </sn>
        </S>
      </grup.nom>
    </sn>
    <f lem="." pos="fp" punct="period" wd="."/>
  </sentence>
  <sentence>
    <sadv func="et">
      <grup.adv>
        <r lem="de_tota_manera" pos="rg" wd="De_tota_manera"/>
      </grup.adv>
      <f lem="," pos="fc" punct="comma" wd=","/>
    </sadv>
    <sn arg="arg0" coreftype="ident" entity="entity1" entityref="ne" func="suj" ne="person" tem="agt">
      <grup.nom gen="m" num="s">
        <n lem="Josep_Tomàs-Àlvaro" ne="person" pos="np0000p" postype="proper" sense="16:cs1" wd="Josep_Tomàs-Àlvaro"/>
      </grup.nom>
    </sn>
    <grup.verb>
      <v lem="haver" mood="indicative" num="s" person="3" pos="vaip3s0" postype="auxiliary" tense="present" wd="ha"/>
      <v gen="m" lem="assegurar" lss="A21.transitive-agentive-patient" mood="participle" num="s" pos="vmp00sm" postype="main" wd="assegurat"/>
    </grup.verb>
    <S arg="arg1" clausetype="completive" func="cd" tem="pat">
      <conj conjunctiontype="subordinating">
        <c lem="que" pos="cs" postype="subordinating" wd="que"/>
      </conj>
      <sp arg="argM" func="cc" tem="adv">
        <f lem="," pos="fc" punct="comma" wd=","/>
        <prep>
          <s lem="des_de" pos="sps00" postype="preposition" wd="des_de"/>
        </prep>
        <sn coreftype="ident" entity="entity6" entityref="ne" ne="organization">
          <spec gen="m" num="s">
            <d gen="c" lem="el" num="s" pos="da0cs0" postype="article" wd="l'"/>
          </spec>
          <grup.nom gen="m" num="s">
            <n lem="Ajuntament" ne="organization" pos="np0000o" postype="proper" sense="16:cs1" wd="Ajuntament"/>
          </grup.nom>
        </sn>
      </sp>
      <morfema.verbal func="pass">
        <p gen="c" lem="es" num="c" pos="p0000000" wd="s'"/>
      </morfema.verbal>
      <grup.verb>
        <v lem="estar" mood="indicative" num="s" person="3" pos="vmip3s0" postype="main" tense="present" wd="està"/>
        <gerundi>
          <v lem="fer" lss="B21.unaccusative-state" mood="gerund" pos="vmg0000" postype="main" wd="fent"/>
        </gerundi>
      </grup.verb>
      <sn arg="arg1" entityref="nne" func="suj" tem="tem">
        <spec gen="m" num="s">
          <d gen="m" lem="tot" num="s" pos="di0ms0" postype="indefinite" wd="tot"/>
          <d gen="m" lem="el" num="s" pos="da0ms0" postype="article" wd="el"/>
        </spec>
        <grup.nom gen="m" num="s">
          <s.a gen="m" num="s">
            <grup.a gen="m" num="s">
              <a gen="c" lem="possible" num="s" pos="aq0cs0" postype="qualificative" wd="possible"/>
            </grup.a>
          </s.a>
        </grup.nom>
      </sn>
      <sp arg="argM" func="cc" tem="fin">
        <prep>
          <s lem="per" pos="sps00" postype="preposition" wd="per"/>
        </prep>
        <S clausetype="completive" impersonal="yes">
          <infinitiu>
            <v lem="arribar" lss="A22.transitive-agentive-theme" mood="infinitive" pos="vmn0000" postype="main" wd="arribar"/>
          </infinitiu>
          <sp arg="arg1" func="creg" tem="tem">
            <prep>
              <s lem="a" pos="sps00" postype="preposition" wd="a"/>
            </prep>
            <sn entityref="nne">
              <spec gen="m" num="s">
                <d gen="m" lem="un" num="s" pos="di0ms0" postype="indefinite" wd="un"/>
              </spec>
              <grup.nom gen="m" num="s">
                <n gen="m" lem="acord" num="s" pos="ncms000" postype="common" sense="16:04466733" wd="acord"/>
                <sp>
                  <prep>
                    <s lem="amb" pos="sps00" postype="preposition" wd="amb"/>
                  </prep>
                  <sn coreftype="ident" entity="entity2" entityref="ne" ne="organization">
                    <grup.nom>
                      <n lem="Antena_3_Televisión" ne="organization" pos="np0000o" postype="proper" sense="16:cs1" wd="Antena_3_Televisión"/>
                    </grup.nom>
                  </sn>
                </sp>
              </grup.nom>
            </sn>
          </sp>
          <S arg="argM" clausetype="adverbial" func="cc" tem="fin">
            <conj conjunctiontype="subordinating">
              <c lem="perquè" pos="cs" postype="subordinating" wd="perquè"/>
            </conj>
            <sn arg="arg0" coreftype="ident" elliptic="yes" entity="entity2" entityref="spec" func="suj" tem="agt"/>
            <grup.verb>
              <v lem="abandonar" lss="A21.transitive-agentive-patient" mood="subjunctive" num="s" person="3" pos="vmsp3s0" postype="main" tense="present" wd="abandoni"/>
            </grup.verb>
            <sn arg="arg1" coreftype="ident" entity="entity18" entityref="nne" func="cd" homophoricDD="yes" tem="pat">
              <spec gen="f" num="s">
                <d gen="f" lem="el" num="s" pos="da0fs0" postype="article" wd="la"/>
              </spec>
              <grup.nom gen="f" num="s">
                <n gen="c" lem="freqüència" num="c" pos="nc00000" postype="common" sense="16:cs1" wd="freqüència"/>
                <sp>
                  <prep>
                    <s contracted="yes" gen="m" lem="del" num="s" pos="spcms" postype="preposition" wd="del"/>
                  </prep>
                  <sn entity="entity23" entityref="ne" ne="organization">
                    <grup.nom gen="m" num="s">
                      <n gen="m" lem="canal" num="s" pos="ncms000" postype="common" sense="16:04733874" wd="canal"/>
                      <sn entityref="ne" ne="number">
                        <grup.nom gen="m" num="s">
                          <z lem="49" ne="number" wd="49"/>
                        </grup.nom>
                      </sn>
                    </grup.nom>
                  </sn>
                </sp>
              </grup.nom>
            </sn>
            <sadv arg="argM" func="cc" tem="tmp">
              <grup.adv>
                <r lem="abans" pos="rg" wd="abans"/>
                <S clausetype="completive">
                  <conj conjunctiontype="subordinating">
                    <c lem="que" pos="cs" postype="subordinating" wd="que"/>
                  </conj>
                  <sn arg="arg0" coreftype="ident" entity="entity6" entityref="ne" func="suj" ne="organization" tem="agt">
                    <spec gen="m" num="s">
                      <d gen="c" lem="el" num="s" pos="da0cs0" postype="article" wd="l'"/>
                    </spec>
                    <grup.nom gen="m" num="s">
                      <n lem="Ajuntament_de_Vilanova" ne="organization" pos="np0000o" postype="proper" sense="16:cs1" wd="Ajuntament_de_Vilanova"/>
                    </grup.nom>
                  </sn>
                  <grup.verb>
                    <v lem="haver" mood="subjunctive" num="s" person="3" pos="vasp3s0" postype="auxiliary" tense="present" wd="hagi"/>
                    <s lem="de" pos="sps00" postype="preposition" wd="d'"/>
                    <infinitiu>
                      <v lem="emprendre" lss="A21.transitive-agentive-patient" mood="infinitive" pos="vmn0000" postype="main" wd="emprendre"/>
                    </infinitiu>
                  </grup.verb>
                  <sn arg="arg1" entityref="nne" func="cd" tem="pat">
                    <grup.nom gen="f" num="p">
                      <n gen="f" lem="acció" num="p" pos="ncfp000" postype="common" sense="16:00017487" wd="accions"/>
                      <s.a gen="f" num="p">
                        <grup.a gen="f" num="p">
                          <a gen="c" lem="legal" num="p" pos="aq0cp0" postype="qualificative" wd="legals"/>
                        </grup.a>
                      </s.a>
                    </grup.nom>
                  </sn>
                </S>
              </grup.adv>
            </sadv>
          </S>
        </S>
      </sp>
    </S>
    <f lem="." pos="fp" punct="period" wd="."/>
  </sentence>
  <sentence coord="yes">
    <S>
      <sn arg="arg1" coreftype="ident" entity="entity4" entityref="nne" func="suj" tem="tem">
        <spec gen="f" num="p">
          <d gen="f" lem="el" num="p" pos="da0fp0" postype="article" wd="Les"/>
        </spec>
        <grup.nom gen="f" num="p">
          <n gen="f" lem="prova" num="p" pos="ncfp000" postype="common" sense="16:00507777" wd="proves"/>
          <sp>
            <prep>
              <s lem="de" pos="sps00" postype="preposition" wd="d'"/>
            </prep>
            <sn>
              <grup.nom gen="f" num="s">
                <n gen="f" lem="emissió" num="s" pos="ncfs000" postype="common" sense="16:cs1" wd="emissió"/>
              </grup.nom>
            </sn>
          </sp>
          <sp>
            <prep>
              <s lem="de" pos="sps00" postype="preposition" wd="d'"/>
            </prep>
            <sn coreftype="ident" entity="entity2" entityref="ne" ne="organization">
              <grup.nom>
                <n lem="Antena_3" ne="organization" pos="np0000o" postype="proper" sense="16:cs1" wd="Antena_3"/>
              </grup.nom>
            </sn>
          </sp>
        </grup.nom>
      </sn>
      <grup.verb>
        <v lem="correspondre" lss="C21.state-attributive" mood="indicative" num="p" person="3" pos="vmip3p0" postype="main" tense="present" wd="corresponen"/>
      </grup.verb>
      <sp arg="arg2" func="creg" tem="atr">
        <prep>
          <s contracted="yes" gen="m" lem="al" num="s" pos="spcms" postype="preposition" wd="al"/>
        </prep>
        <sn coreftype="ident" entity="entity5" entityref="nne" homophoricDD="yes">
          <grup.nom gen="m" num="s">
            <n gen="m" lem="projecte" num="s" pos="ncms000" postype="common" sense="16:00508925" wd="projecte"/>
            <sp>
              <prep>
                <s lem="de" pos="sps00" postype="preposition" wd="de"/>
              </prep>
              <sn>
                <grup.nom gen="f" num="s">
                  <n gen="f" lem="digitalització" num="s" pos="ncfs000" postype="common" sense="16:cs1" wd="digitalització"/>
                </grup.nom>
              </sn>
            </sp>
            <sp>
              <prep>
                <s lem="de" pos="sps00" postype="preposition" wd="de"/>
              </prep>
              <sn coreftype="ident" entity="entity2" entityref="spec">
                <spec gen="f" num="s">
                  <d gen="f" lem="el" num="s" pos="da0fs0" postype="article" wd="la"/>
                </spec>
                <grup.nom gen="f" num="s">
                  <n gen="f" lem="cadena" num="s" pos="ncfs000" postype="common" sense="16:cs1" wd="cadena"/>
                  <s.a gen="f" num="s">
                    <grup.a gen="f" num="s">
                      <a gen="f" lem="privat" num="s" pos="aq0fsp" posfunction="participle" postype="qualificative" wd="privada"/>
                    </grup.a>
                  </s.a>
                </grup.nom>
              </sn>
            </sp>
          </grup.nom>
        </sn>
      </sp>
    </S>
    <conj conjunctiontype="coordinating">
      <c lem="i" pos="cc" postype="coordinating" wd="i"/>
    </conj>
    <S>
      <sn arg="arg1" coreftype="ident" elliptic="yes" entity="entity4" entityref="nne" func="suj" tem="tem"/>
      <grup.verb>
        <v lem="haver" mood="indicative" num="p" person="3" pos="vaip3p0" postype="auxiliary" tense="present" wd="han"/>
        <v gen="m" lem="començar" lss="C11.state-existential" mood="participle" num="s" pos="vmp00sm" postype="main" wd="començat"/>
      </grup.verb>
      <sn arg="argM" entityref="nne" func="cc" tem="tmp">
        <spec gen="f" num="s">
          <d gen="f" lem="aquest" num="s" pos="dd0fs0" postype="demonstrative" wd="aquesta"/>
        </spec>
        <grup.nom gen="f" num="s">
          <n gen="f" lem="setmana" num="s" pos="ncfs000" postype="common" sense="16:10862128" wd="setmana"/>
        </grup.nom>
      </sn>
      <sp arg="argM" func="cc" tem="adv">
        <prep>
          <s lem="sense" pos="sps00" postype="preposition" wd="sense"/>
        </prep>
        <S clausetype="completive">
          <conj conjunctiontype="subordinating">
            <c lem="que" pos="cs" postype="subordinating" wd="que"/>
          </conj>
          <sn arg="arg1" coord="yes" func="suj" tem="tem">
            <conj conjunctiontype="coordinating">
              <c lem="ni" pos="cc" postype="coordinating" wd="ni"/>
            </conj>
            <sn entityref="ne" ne="organization">
              <spec gen="m" num="s">
                <d gen="m" lem="el" num="s" pos="da0ms0" postype="article" wd="el"/>
              </spec>
              <grup.nom gen="m" num="s">
                <n gen="m" lem="ministeri" num="s" pos="ncms000" postype="common" sense="16:06048623" wd="ministeri"/>
                <sp>
                  <prep>
                    <s lem="de" pos="sps00" postype="preposition" wd="de"/>
                  </prep>
                  <sn entityref="ne" ne="organization">
                    <grup.nom>
                      <n lem="Ciència_i_Tecnologia" ne="organization" pos="np0000o" postype="proper" sense="16:cs1" wd="Ciència_i_Tecnologia"/>
                    </grup.nom>
                  </sn>
                </sp>
              </grup.nom>
              <f lem="," pos="fc" punct="comma" wd=","/>
            </sn>
            <conj conjunctiontype="coordinating">
              <c lem="ni" pos="cc" postype="coordinating" wd="ni"/>
            </conj>
            <sn entityref="ne" ne="organization">
              <spec gen="f" num="s">
                <d gen="f" lem="el" num="s" pos="da0fs0" postype="article" wd="la"/>
              </spec>
              <grup.nom gen="f" num="s">
                <n gen="f" lem="direcció" num="s" pos="ncfs000" postype="common" sense="16:00389587" wd="direcció"/>
                <s.a gen="f" num="s">
                  <grup.a gen="f" num="s">
                    <a gen="c" lem="general" num="s" pos="aq0cs0" postype="qualificative" wd="general"/>
                  </grup.a>
                </s.a>
                <sp>
                  <prep>
                    <s lem="de" pos="sps00" postype="preposition" wd="de"/>
                  </prep>
                  <sn entityref="ne" ne="organization">
                    <grup.nom>
                      <n lem="Radiodifusió_i_Televisió_de_la_Generalitat_de_Catalunya" ne="organization" pos="np0000o" postype="proper" sense="16:cs1" wd="Radiodifusió_i_Televisió_de_la_Generalitat_de_Catalunya"/>
                    </grup.nom>
                  </sn>
                </sp>
              </grup.nom>
            </sn>
          </sn>
          <sn arg="arg2" coreftype="ident" entity="entity4" entityref="nne" func="cd" functype="quantitative" tem="atr">
            <grup.nom>
              <p gen="c" lem="en" num="c" person="3" pos="pp3cn000" postype="personal" wd="en"/>
            </grup.nom>
          </sn>
          <grup.verb>
            <v lem="tenir" lss="C21.state-attributive" mood="subjunctive" num="p" person="3" pos="vmsi3p0" postype="main" tense="imperfect" wd="tinguessin"/>
          </grup.verb>
          <sn arg="arg2" entityref="lex" func="cd" functype="quantitative" tem="atr">
            <grup.nom gen="m" num="s">
              <n gen="m" lem="coneixement" num="s" pos="ncms000" postype="common" sense="16:cs1" wd="coneixement"/>
            </grup.nom>
          </sn>
        </S>
      </sp>
    </S>
    <f lem="." pos="fp" punct="period" wd="."/>
  </sentence>
  <sentence>
    <sadv func="et">
      <grup.adv>
        <r lem="de_fet" pos="rg" wd="De_fet"/>
      </grup.adv>
      <f lem="," pos="fc" punct="comma" wd=","/>
    </sadv>
    <sn arg="arg0" coord="yes" entity="entity19" func="suj" tem="agt">
      <conj conjunctiontype="coordinating">
        <r lem="tant" pos="rg" wd="tant"/>
      </conj>
      <sn entityref="ne" ne="organization">
        <spec gen="f" num="s">
          <d gen="f" lem="el" num="s" pos="da0fs0" postype="article" wd="la"/>
        </spec>
        <grup.nom gen="f" num="s">
          <n lem="Generalitat" ne="organization" pos="np0000o" postype="proper" sense="16:cs1" wd="Generalitat"/>
        </grup.nom>
      </sn>
      <conj conjunctiontype="coordinating">
        <c lem="com" pos="cs" postype="subordinating" wd="com"/>
      </conj>
      <sn entity="entity20" entityref="ne" ne="organization">
        <spec gen="m" num="s">
          <d gen="m" lem="el" num="s" pos="da0ms0" postype="article" wd="el"/>
        </spec>
        <grup.nom gen="m" num="s">
          <n lem="Consorci_per_a_la_Comunicació_Local" ne="organization" pos="np0000o" postype="proper" sense="16:cs1" wd="Consorci_per_a_la_Comunicació_Local"/>
        </grup.nom>
      </sn>
    </sn>
    <sadv arg="argM" func="cc" tem="tmp">
      <grup.adv>
        <r lem="ja" pos="rg" wd="ja"/>
      </grup.adv>
    </sadv>
    <grup.verb>
      <v lem="haver" mood="indicative" num="p" person="3" pos="vaip3p0" postype="auxiliary" tense="present" wd="han"/>
      <v gen="m" lem="comunicar" lss="A32.ditransitive-patient-benefactive" mood="participle" num="s" pos="vmp00sm" postype="main" wd="comunicat"/>
    </grup.verb>
    <sp arg="arg2" func="ci" tem="ben">
      <prep>
        <s lem="a" pos="sps00" postype="preposition" wd="a"/>
      </prep>
      <sn coreftype="ident" entity="entity6" entityref="ne" ne="organization">
        <spec gen="m" num="s">
          <d gen="c" lem="el" num="s" pos="da0cs0" postype="article" wd="l'"/>
        </spec>
        <grup.nom gen="m" num="s">
          <n lem="Ajuntament_de_Vilanova" ne="organization" pos="np0000o" postype="proper" sense="16:cs1" wd="Ajuntament_de_Vilanova"/>
        </grup.nom>
      </sn>
    </sp>
    <S arg="arg1" clausetype="completive" func="cd" tem="pat">
      <conj conjunctiontype="subordinating">
        <c lem="que" pos="cs" postype="subordinating" wd="que"/>
      </conj>
      <sn arg="arg0" coreftype="ident" elliptic="yes" entity="entity19" entityref="spec" func="suj" tem="agt"/>
      <sn arg="arg2" coreftype="ident" entity="entity6" func="ci" tem="ben">
        <grup.nom num="s">
          <p case="dative" gen="c" lem="ell" num="s" person="3" pos="pp3csd00" postype="personal" wd="li"/>
        </grup.nom>
      </sn>
      <grup.verb>
        <v lem="donar_suport" lss="A21.transitive-agentive-patient" mood="indicative" num="p" person="3" pos="vmif3p0" postype="main" tense="future" wd="donaran_suport"/>
      </grup.verb>
      <sp arg="argM" func="cc" tem="adv">
        <prep>
          <s lem="en" pos="sps00" postype="preposition" wd="en"/>
        </prep>
        <sn entityref="nne">
          <spec gen="m" num="s">
            <d gen="m" lem="tot" num="s" pos="di0ms0" postype="indefinite" wd="tot"/>
            <d gen="m" lem="el" num="s" pos="da0ms0" postype="article" wd="el"/>
          </spec>
          <grup.nom gen="m" num="s">
            <S clausetype="relative">
              <relatiu arg="arg1" func="suj" tem="tem">
                <p gen="c" lem="que" num="c" pos="pr0cn000" postype="relative" wd="que"/>
              </relatiu>
              <grup.verb>
                <v lem="caldre" lss="C41.state-benefactive" mood="subjunctive" num="s" person="3" pos="vmsp3s0" postype="main" tense="present" wd="calgui"/>
              </grup.verb>
            </S>
          </grup.nom>
        </sn>
      </sp>
      <S arg="argM" clausetype="adverbial" func="cc" tem="fin">
        <conj conjunctiontype="subordinating">
          <c lem="perquè" pos="cs" postype="subordinating" wd="perquè"/>
        </conj>
        <sn arg="arg0" coreftype="ident" entity="entity3" entityref="ne" func="suj" ne="organization" tem="agt">
          <grup.nom>
            <n lem="Canal_Blau" ne="organization" pos="np0000o" postype="proper" sense="16:cs1" wd="Canal_Blau"/>
          </grup.nom>
        </sn>
        <grup.verb>
          <v lem="recuperar" lss="A21.transitive-agentive-patient" mood="subjunctive" num="s" person="3" pos="vmsp3s0" postype="main" tense="present" wd="recuperi"/>
        </grup.verb>
        <sn arg="arg1" coreftype="ident" entity="entity21" entityref="nne" func="cd" homophoricDD="yes" tem="pat">
          <spec gen="f" num="s">
            <d gen="f" lem="el" num="s" pos="da0fs0" postype="article" wd="la"/>
          </spec>
          <grup.nom gen="f" num="s">
            <n gen="f" lem="normalitat" num="s" pos="ncfs000" postype="common" sense="16:10402913" wd="normalitat"/>
            <sp>
              <prep>
                <s lem="de" pos="sps00" postype="preposition" wd="de"/>
              </prep>
              <sn coreftype="ident" entity="entity8" entityref="nne">
                <spec gen="f" num="p">
                  <d coreftype="ident" entity="entity3" entityref="spec" gen="f" lem="el_seu" num="p" person="3" pos="dp3fp0" postype="possessive" wd="les_seves"/>
                </spec>
                <grup.nom gen="f" num="p">
                  <n gen="f" lem="emissió" num="p" pos="ncfp000" postype="common" sense="16:cs1" wd="emissions"/>
                </grup.nom>
              </sn>
            </sp>
          </grup.nom>
        </sn>
      </S>
    </S>
    <f lem="." pos="fp" punct="period" wd="."/>
  </sentence>
  <sentence coord="yes">
    <S>
      <sn arg="arg1" coreftype="ident" entity="entity3" entityref="ne" func="suj" ne="organization" tem="tem">
        <grup.nom>
          <n lem="Canal_Blau" ne="organization" pos="np0000o" postype="proper" sense="16:cs1" wd="Canal_Blau"/>
        </grup.nom>
      </sn>
      <grup.verb>
        <v lem="ser" lss="C21.state-attributive" mood="indicative" num="s" person="3" pos="vsip3s0" postype="semiauxiliary" tense="present" wd="és"/>
      </grup.verb>
      <sn arg="arg2" func="atr" tem="atr">
        <grup.nom gen="f" num="s">
          <p gen="f" lem="un" num="s" pos="pi0fs000" postype="indefinite" wd="una"/>
          <sp>
            <prep>
              <s lem="de" pos="sps00" postype="preposition" wd="de"/>
            </prep>
            <sn entityref="nne" homophoricDD="yes">
              <spec gen="f" num="p">
                <d gen="f" lem="el" num="p" pos="da0fp0" postype="article" wd="les"/>
              </spec>
              <grup.nom gen="f" num="p">
                <n gen="f" lem="televisió" num="p" pos="ncfp000" postype="common" sense="16:03481385" wd="televisions"/>
                <s.a gen="f" num="p">
                  <grup.a gen="f" num="p">
                    <a gen="c" lem="local" num="p" pos="aq0cp0" postype="qualificative" wd="locals"/>
                  </grup.a>
                </s.a>
                <S clausetype="participle" impersonal="yes">
                  <sadv>
                    <grup.adv>
                      <r lem="més" pos="rg" wd="més"/>
                    </grup.adv>
                  </sadv>
                  <participi>
                    <a gen="f" lem="consolidat" num="p" pos="aq0fpp" posfunction="participle" postype="qualificative" wd="consolidades"/>
                  </participi>
                </S>
              </grup.nom>
            </sn>
          </sp>
          <sp>
            <prep>
              <s lem="de" pos="sps00" postype="preposition" wd="de"/>
            </prep>
            <sn coreftype="ident" entity="entity22" entityref="ne" ne="location">
              <grup.nom>
                <n lem="Catalunya" ne="location" pos="np0000l" postype="proper" wd="Catalunya"/>
              </grup.nom>
            </sn>
          </sp>
        </grup.nom>
      </sn>
    </S>
    <f lem=";" pos="fx" punct="semicolon" wd=";"/>
    <S coord="yes">
      <S>
        <sn arg="arg0" coreftype="ident" elliptic="yes" entity="entity3" entityref="spec" func="suj" tem="agt"/>
        <grup.verb>
          <v lem="emetre" lss="A21.transitive-agentive-patient" mood="indicative" num="s" person="3" pos="vmip3s0" postype="main" tense="present" wd="emet"/>
        </grup.verb>
        <sp arg="argM" func="cc" tem="loc">
          <prep>
            <s lem="en" pos="sps00" postype="preposition" wd="en"/>
          </prep>
          <sn coreftype="ident" entity="entity23" entityref="ne" ne="organization">
            <spec gen="m" num="s">
              <d gen="m" lem="el" num="s" pos="da0ms0" postype="article" wd="el"/>
            </spec>
            <grup.nom gen="m" num="s">
              <n gen="m" lem="canal" num="s" pos="ncms000" postype="common" sense="16:04733874" wd="canal"/>
              <sn entityref="ne" ne="number">
                <grup.nom gen="m" num="s">
                  <z lem="49" ne="number" wd="49"/>
                </grup.nom>
              </sn>
            </grup.nom>
          </sn>
        </sp>
        <sp arg="argM" func="cc" tem="tmp">
          <prep>
            <s lem="des_del" pos="sps00" postype="preposition" wd="des_del"/>
          </prep>
          <sn entityref="ne" ne="date">
            <grup.nom gen="m" num="s">
              <w lem="[??:??/??/1991:??.??]" ne="date" wd="1991"/>
            </grup.nom>
          </sn>
        </sp>
      </S>
      <conj conjunctiontype="coordinating">
        <c lem="i" pos="cc" postype="coordinating" wd="i"/>
      </conj>
      <S>
        <sn arg="arg1" coreftype="ident" elliptic="yes" entity="entity3" entityref="spec" func="suj" tem="tem"/>
        <grup.verb>
          <v lem="estar" lss="C21.state-attributive" mood="indicative" num="s" person="3" pos="vmip3s0" postype="main" tense="present" wd="està"/>
        </grup.verb>
        <S arg="arg2" clausetype="participle" func="atr" impersonal="yes" tem="atr">
          <participi>
            <a gen="f" lem="emparat" lss="B22.unaccusative-passive-transitive" num="s" pos="aq0fsp" posfunction="participle" postype="qualificative" wd="emparada"/>
          </participi>
          <sp arg="arg2" func="creg" tem="tem">
            <prep>
              <s contracted="yes" gen="m" lem="pel" num="s" pos="spcms" postype="preposition" wd="pel"/>
            </prep>
            <sn entityref="nne" homophoricDD="yes">
              <grup.nom gen="m" num="s">
                <n gen="m" lem="règim" num="s" pos="ncms000" postype="common" sense="16:cs1" wd="règim"/>
                <s.a gen="m" num="s">
                  <grup.a gen="m" num="s">
                    <a gen="m" lem="transitori" num="s" pos="aq0ms0" postype="qualificative" wd="transitori"/>
                  </grup.a>
                </s.a>
                <S clausetype="participle" impersonal="yes">
                  <participi>
                    <a gen="m" lem="establert" lss="B22.unaccusative-passive-transitive" num="s" pos="aq0msp" posfunction="participle" postype="qualificative" wd="establert"/>
                  </participi>
                  <sp arg="arg2" func="cc" tem="loc">
                    <prep>
                      <s lem="a" pos="sps00" postype="preposition" wd="a"/>
                    </prep>
                    <sn entity="entity24" entityref="ne" ne="other">
                      <spec gen="f" num="s">
                        <d gen="f" lem="el" num="s" pos="da0fs0" postype="article" wd="la"/>
                      </spec>
                      <grup.nom gen="f" num="s">
                        <n gen="f" lem="llei" num="s" pos="ncfs000" postype="common" sense="16:04904589" wd="llei"/>
                        <sp>
                          <prep>
                            <s lem="de" pos="sps00" postype="preposition" wd="de"/>
                          </prep>
                          <sn entityref="ne" ne="other">
                            <grup.nom>
                              <n lem="Televisió_Local_per_Ones_Terrestres" ne="other" pos="np0000a" postype="proper" sense="16:cs1" wd="Televisió_Local_per_Ones_Terrestres"/>
                            </grup.nom>
                          </sn>
                        </sp>
                      </grup.nom>
                    </sn>
                  </sp>
                </S>
              </grup.nom>
            </sn>
          </sp>
        </S>
        <S arg="argM" clausetype="adverbial" func="cc" tem="cau">
          <conj conjunctiontype="subordinating">
            <c lem="perquè" pos="cs" postype="subordinating" wd="perquè"/>
          </conj>
          <sn arg="arg0" coreftype="ident" elliptic="yes" entity="entity3" entityref="spec" func="suj" tem="agt"/>
          <sadv arg="argM" func="cc" tem="tmp">
            <grup.adv>
              <r lem="ja" pos="rg" wd="ja"/>
            </grup.adv>
          </sadv>
          <grup.verb>
            <v lem="emetre" lss="A21.transitive-agentive-patient" mood="indicative" num="s" person="3" pos="vmii3s0" postype="main" tense="imperfect" wd="emetia"/>
          </grup.verb>
          <sadv arg="argM" func="cc" tem="tmp">
            <grup.adv>
              <r lem="abans" pos="rg" wd="abans"/>
              <S clausetype="completive">
                <conj conjunctiontype="subordinating">
                  <c lem="que" pos="cs" postype="subordinating" wd="que"/>
                </conj>
                <morfema.verbal func="pass">
                  <p gen="c" lem="es" num="c" pos="p0000000" wd="s'"/>
                </morfema.verbal>
                <grup.verb>
                  <v lem="aprovar" lss="B22.unaccusative-passive-transitive" mood="subjunctive" num="s" person="3" pos="vmsi3s0" postype="main" tense="imperfect" wd="aprovés"/>
                </grup.verb>
                <sn arg="arg1" coreftype="ident" entity="entity24" entityref="nne" func="suj" tem="pat">
                  <spec gen="f" num="s">
                    <d gen="f" lem="el" num="s" pos="da0fs0" postype="article" wd="la"/>
                  </spec>
                  <grup.nom gen="f" num="s">
                    <n gen="f" lem="normativa" num="s" pos="ncfs000" postype="common" sense="16:cs1" wd="normativa"/>
                  </grup.nom>
                </sn>
                <sn arg="argM" entityref="ne" func="cc" ne="date" tem="tmp">
                  <f lem="," pos="fc" punct="comma" wd=","/>
                  <spec gen="m" num="s">
                    <d gen="c" lem="el" num="s" pos="da0cs0" postype="article" wd="l'"/>
                  </spec>
                  <grup.nom gen="m" num="s">
                    <w lem="[??:??/??/1995:??.??]" ne="date" wd="any_1995"/>
                  </grup.nom>
                </sn>
              </S>
            </grup.adv>
          </sadv>
        </S>
      </S>
    </S>
    <f lem="." pos="fp" punct="period" wd="."/>
  </sentence>
  <sentence coord="yes">
    <sadv adjunct="yes" arg="argM" func="cc" tem="adv">
      <grup.adv>
        <r lem="davant" pos="rg" wd="Davant"/>
        <sp>
          <prep>
            <s contracted="yes" gen="m" lem="del" num="p" pos="spcmp" postype="preposition" wd="dels"/>
          </prep>
          <sn coreftype="ident" entity="entity4" entityref="nne">
            <grup.nom gen="m" num="p">
              <n gen="m" lem="fet" num="p" pos="ncmp000" postype="common" sense="16:05432762" wd="fets"/>
            </grup.nom>
          </sn>
        </sp>
      </grup.adv>
      <f lem="," pos="fc" punct="comma" wd=","/>
    </sadv>
    <S coord="yes">
      <S>
        <sn arg="arg0" coreftype="ident" entity="entity12" entityref="ne" func="suj" ne="organization" tem="agt">
          <spec gen="f" num="s">
            <d gen="f" lem="el" num="s" pos="da0fs0" postype="article" wd="la"/>
          </spec>
          <grup.nom gen="f" num="s">
            <n lem="Federació_de_Municipis_de_Catalunya" ne="organization" pos="np0000o" postype="proper" sense="16:cs1" wd="Federació_de_Municipis_de_Catalunya"/>
          </grup.nom>
        </sn>
        <grup.verb>
          <v lem="haver" mood="indicative" num="s" person="3" pos="vaip3s0" postype="auxiliary" tense="present" wd="ha"/>
          <v gen="m" lem="demanar" lss="A32.ditransitive-patient-benefactive" mood="participle" num="s" pos="vmp00sm" postype="main" wd="demanat"/>
        </grup.verb>
        <sn arg="argM" entityref="nne" func="cc" tem="tmp">
          <spec gen="f" num="s">
            <d gen="f" lem="aquest" num="s" pos="dd0fs0" postype="demonstrative" wd="aquesta"/>
          </spec>
          <grup.nom gen="f" num="s">
            <n gen="f" lem="tarda" num="s" pos="ncfs000" postype="common" sense="16:10885066" wd="tarda"/>
          </grup.nom>
        </sn>
        <sn arg="arg1" entityref="nne" func="cd" homophoricDD="yes" tem="pat">
          <spec gen="f" num="s">
            <d gen="f" lem="el" num="s" pos="da0fs0" postype="article" wd="la"/>
          </spec>
          <grup.nom gen="f" num="s">
            <n gen="f" lem="intervenció" num="s" pos="ncfs000" postype="common" sense="16:00805766" wd="intervenció"/>
            <sp>
              <prep>
                <s contracted="yes" gen="m" lem="del" num="s" pos="spcms" postype="preposition" wd="del"/>
              </prep>
              <sn entityref="ne" ne="organization">
                <grup.nom gen="m" num="s">
                  <n lem="Consell_Audiovisual_de_Catalunya" ne="organization" pos="np0000o" postype="proper" sense="16:cs1" wd="Consell_Audiovisual_de_Catalunya"/>
                </grup.nom>
              </sn>
            </sp>
          </grup.nom>
        </sn>
      </S>
      <conj conjunctiontype="coordinating">
        <c lem="i" pos="cc" postype="coordinating" wd="i"/>
      </conj>
      <S>
        <sn arg="arg0" coreftype="ident" elliptic="yes" entity="entity12" entityref="spec" func="suj" tem="agt"/>
        <grup.verb>
          <v lem="haver" mood="indicative" num="s" person="3" pos="vaip3s0" postype="auxiliary" tense="present" wd="ha"/>
          <v gen="m" lem="avançar" lss="A32.ditransitive-patient-benefactive" mood="participle" num="s" pos="vmp00sm" postype="main" wd="avançat"/>
        </grup.verb>
        <S arg="arg1" clausetype="completive" func="cd" tem="pat">
          <conj conjunctiontype="subordinating">
            <c lem="que" pos="cs" postype="subordinating" wd="que"/>
          </conj>
          <sn arg="arg0" coreftype="ident" elliptic="yes" entity="entity12" entityref="spec" func="suj" tem="agt"/>
          <grup.verb>
            <v lem="sortir" lss="A21.transitive-agentive-patient" mood="indicative" num="s" person="3" pos="vmif3s0" postype="main" tense="future" wd="sortirà"/>
          </grup.verb>
          <sp arg="argL" func="creg">
            <prep>
              <s lem="en" pos="sps00" postype="preposition" wd="en"/>
            </prep>
            <sn entityref="nne">
              <grup.nom gen="f" num="s">
                <n gen="c" lem="defensa" num="s" pos="nccs000" postype="common" sense="16:00787171" wd="defensa"/>
                <sp>
                  <prep>
                    <s contracted="yes" gen="m" lem="del" num="p" pos="spcmp" postype="preposition" wd="dels"/>
                  </prep>
                  <sn coord="yes">
                    <sn coord="yes">
                      <sn entityref="nne" homophoricDD="yes">
                        <grup.nom gen="m" num="p">
                          <n gen="m" lem="dret" num="p" pos="ncmp000" postype="common" sense="16:04030305" wd="drets"/>
                        </grup.nom>
                      </sn>
                      <conj conjunctiontype="coordinating">
                        <c lem="i" pos="cc" postype="coordinating" wd="i"/>
                      </conj>
                      <sn entityref="nne" homophoricDD="yes">
                        <spec gen="m" num="p">
                          <d gen="m" lem="el" num="p" pos="da0mp0" postype="article" wd="els"/>
                        </spec>
                        <grup.nom gen="m" num="p">
                          <n gen="m" lem="interès" num="p" pos="ncmp000" postype="common" sense="16:04019795" wd="interessos"/>
                        </grup.nom>
                      </sn>
                    </sn>
                    <sp adjunct="yes">
                      <prep>
                        <s contracted="yes" gen="m" lem="del" num="p" pos="spcmp" postype="preposition" wd="dels"/>
                      </prep>
                      <sn entity="entity25" entityref="nne" homophoricDD="yes">
                        <grup.nom gen="m" num="p">
                          <n gen="m" lem="mitjà" num="p" pos="ncmp000" postype="common" sense="16:02975720" wd="mitjans"/>
                          <s.a gen="m" num="p">
                            <grup.a gen="m" num="p">
                              <a gen="c" lem="audiovisual" num="p" pos="aq0cp0" postype="qualificative" wd="audiovisuals"/>
                            </grup.a>
                          </s.a>
                          <s.a gen="m" num="p">
                            <grup.a gen="m" num="p">
                              <a gen="c" lem="local" num="p" pos="aq0cp0" postype="qualificative" wd="locals"/>
                            </grup.a>
                          </s.a>
                          <S clausetype="relative">
                            <relatiu arg="arg1" coreftype="ident" entity="entity25" entityref="nne" func="suj" tem="tem">
                              <p gen="c" lem="que" num="c" pos="pr0cn000" postype="relative" wd="que"/>
                            </relatiu>
                            <grup.verb>
                              <v lem="resultar" lss="C21.state-attributive" mood="subjunctive" num="p" person="3" pos="vmsp3p0" postype="main" tense="present" wd="resultin"/>
                            </grup.verb>
                            <S arg="arg2" clausetype="participle" func="cpred" impersonal="yes" predicate="suj" tem="atr">
                              <participi>
                                <a gen="m" lem="perjudicat" lss="B22.unaccusative-passive-transitive" num="p" pos="aq0mpp" posfunction="participle" postype="qualificative" wd="perjudicats"/>
                              </participi>
                              <sp arg="arg0" func="cag" tem="agt">
                                <prep>
                                  <s lem="de" pos="sps00" postype="preposition" wd="de"/>
                                </prep>
                                <sn coreftype="ident" entity="entity4" entityref="nne">
                                  <spec gen="f" num="s">
                                    <d gen="f" lem="el" num="s" pos="da0fs0" postype="article" wd="la"/>
                                  </spec>
                                  <grup.nom gen="f" num="s">
                                    <n gen="f" lem="pràctica" num="s" pos="ncfs000" postype="common" sense="16:00263789" wd="pràctica"/>
                                    <sp>
                                      <prep>
                                        <s lem="de" pos="sps00" postype="preposition" wd="d'"/>
                                      </prep>
                                      <sn coreftype="ident" entity="entity2" entityref="ne" ne="organization">
                                        <grup.nom>
                                          <n lem="Antena_3_Televisión" ne="organization" pos="np0000o" postype="proper" sense="16:cs1" wd="Antena_3_Televisión"/>
                                        </grup.nom>
                                      </sn>
                                    </sp>
                                  </grup.nom>
                                </sn>
                              </sp>
                            </S>
                          </S>
                        </grup.nom>
                      </sn>
                    </sp>
                  </sn>
                </sp>
              </grup.nom>
            </sn>
          </sp>
        </S>
      </S>
    </S>
    <f lem="." pos="fp" punct="period" wd="."/>
  </sentence>
</article>
