<?xml version="1.0" encoding="UTF-8"?>
<!-- 

  ancora-2.0
       
			Copyright (C) 2007, 2008, 2009, 2010, 2011 UB - CLiC
			Centre de Llenguatge i Computació - Universitat de Barcelona
 
  This file is part of ancora-2.0.
 
  ancora-2.0 is free software and data: you can redistribute it and/or modify
  it under the terms of the GNU General Public License as published
  by the Free Software Foundation, either version 3 of the License,
  or (at your option) any later version.

  ancora-2.0 is distributed in the hope that it will be useful,
  but WITHOUT ANY WARRANTY; without even the implied warranty of
  MERCHANTABILITY or FITNESS FOR A PARTICULAR PURPOSE.  See the
  GNU General Public License for more details.
 
  You should have received a copy of the GNU General Public License
  along with ancora-2.0.  If not, see &lt;http://www.gnu.org/licenses/&gt;.
 
  Check a text in catalan explaining the terms of the license at http://www.softcatala.cat/wiki/GPL3.
  In spanish at http://www.viti.es/gnu/licenses/gpl.html
 

  The following paper must be cited when using this corpus:

 * Taulé, M., M.A. Martí, M. Recasens (2008) 'Ancora: Multilevel Annotated Corpora for Catalan and Spanish',
   Proceedings of 6th International Conference on Language Resources and Evaluation. Marrakesh (Morocco).

  In addition, the following paper must be cited if coreference information (attributes entity, coreftype,
  corefsubtype, homophoricDD or entityref) is used:

 * Recasens, Marta, M. Antònia Martí (2010) ‘AnCora-CO: Coreferentially annotated corpora for Spanish and
   Catalan’. Language Resources and Evaluation, Springer Science.

  Additionally, the following paper must be cited when argumental attributes in "sn" or "grup.nom"
  (attributes func, arg, tem or lexicalid) are used:

 * Peris, Aina, Mariona Taulé, Horacio Rodríguez (2010) ‘Semantic Annotation of Deverbal Nominalizations in the
   Spanish AnCora corpus’. Treebanks and Linguistic Theories (TLT-2010), Estonia.
-->
<article lng="ca">
  <sentence>
    <sn arg="arg0" entity="entity1" entityref="ne" func="suj" ne="person" tem="agt">
      <spec gen="m" num="s">
        <d gen="m" lem="el" num="s" pos="da0ms0" postype="article" wd="El"/>
      </spec>
      <grup.nom gen="m" num="s">
        <n gen="c" lem="portaveu" num="s" pos="nccs000" postype="common" sense="16:07601722" wd="portaveu"/>
        <sp>
          <prep>
            <s contracted="yes" gen="m" lem="del" num="s" pos="spcms" postype="preposition" wd="del"/>
          </prep>
          <sn entity="entity5" entityref="ne" ne="organization">
            <grup.nom gen="m" num="s">
              <n lem="Grup_Parlamentari_PSC-PSOE-CpC" ne="organization" pos="np0000o" postype="proper" sense="16:cs1" wd="Grup_Parlamentari_PSC-PSOE-CpC"/>
            </grup.nom>
          </sn>
        </sp>
        <sn corefsubtype="definit" coreftype="pred" entity="entity1" entityref="ne" ne="person">
          <f lem="," pos="fc" punct="comma" wd=","/>
          <grup.nom gen="m" num="s">
            <n lem="Joaquim_Nadal" ne="person" pos="np0000p" postype="proper" sense="16:cs1" wd="Joaquim_Nadal"/>
          </grup.nom>
          <f lem="," pos="fc" punct="comma" wd=","/>
        </sn>
      </grup.nom>
    </sn>
    <grup.verb>
      <v lem="haver" mood="indicative" num="s" person="3" pos="vaip3s0" postype="auxiliary" tense="present" wd="ha"/>
      <v gen="m" lem="exigir" lss="A32.ditransitive-patient-benefactive" mood="participle" num="s" pos="vmp00sm" postype="main" wd="exigit"/>
    </grup.verb>
    <sp arg="arg2" func="ci" tem="ben">
      <prep>
        <s lem="a" pos="sps00" postype="preposition" wd="a"/>
      </prep>
      <sn complex="yes" entity="entity4">
        <grup.nom coord="yes">
          <grup.nom entity="entity3">
            <n lem="CiU" ne="organization" pos="np0000o" postype="proper" sense="16:cs1" wd="CiU"/>
          </grup.nom>
          <conj conjunctiontype="coordinating">
            <c lem="i" pos="cc" postype="coordinating" wd="i"/>
          </conj>
          <grup.nom entity="entity16">
            <n lem="PP" ne="organization" pos="np0000o" postype="proper" sense="16:50001207" wd="PP"/>
          </grup.nom>
        </grup.nom>
      </sn>
    </sp>
    <sn arg="arg1" entityref="nne" func="cd" tem="pat">
      <f lem="'" pos="fz" punct="mathsign" wd="'"/>
      <spec gen="f" num="s">
        <d gen="c" lem="prou" num="c" pos="di0cn0" postype="indefinite" wd="prou"/>
      </spec>
      <grup.nom gen="f" num="s">
        <n gen="f" lem="comèdia" num="s" pos="ncfs000" postype="common" sense="16:05262451" wd="comèdia"/>
      </grup.nom>
      <f lem="'" pos="fz" punct="mathsign" wd="'"/>
    </sn>
    <sadv arg="argM" func="cc" tem="loc">
      <grup.adv>
        <r lem="davant" pos="rg" wd="davant"/>
        <sn coord="yes">
          <sn entityref="nne" homophoricDD="yes">
            <f lem="'" pos="fz" punct="mathsign" wd="'"/>
            <spec gen="f" num="s">
              <d gen="c" lem="el" num="s" pos="da0cs0" postype="article" wd="l'"/>
            </spec>
            <grup.nom gen="f" num="s">
              <n gen="f" lem="escenificació" num="s" pos="ncfs000" postype="common" sense="16:cs1" wd="escenificació"/>
              <S clausetype="participle" impersonal="yes">
                <participi>
                  <a gen="f" lem="pactat" num="s" pos="aq0fsp" posfunction="participle" postype="qualificative" wd="pactada"/>
                </participi>
              </S>
              <sp>
                <prep>
                  <s lem="de" pos="sps00" postype="preposition" wd="de"/>
                </prep>
                <sn entity="entity6" entityref="nne">
                  <grup.nom gen="f" num="p">
                    <n gen="f" lem="discrepància" num="p" pos="ncfp000" postype="common" sense="16:03731730" wd="discrepàncies"/>
                  </grup.nom>
                </sn>
              </sp>
              <sp>
                <prep>
                  <s lem="sense" pos="sps00" postype="preposition" wd="sense"/>
                </prep>
                <S clausetype="completive" impersonal="yes">
                  <infinitiu>
                    <v lem="sortir" lss="B11.unaccusative-motion" mood="infinitive" pos="vmn0000" postype="main" wd="sortir"/>
                  </infinitiu>
                  <sp arg="arg3" func="cc" tem="ori">
                    <prep>
                      <s contracted="yes" gen="m" lem="del" num="s" pos="spcms" postype="preposition" wd="del"/>
                    </prep>
                    <sn entityref="lex">
                      <grup.nom gen="m" num="s">
                        <n gen="m" lem="guió" num="s" pos="ncms000" postype="common" sense="16:cs1" wd="guió"/>
                        <sp>
                          <prep>
                            <s contracted="yes" gen="m" lem="del" num="s" pos="spcms" postype="preposition" wd="del"/>
                          </prep>
                          <sn entityref="lex">
                            <grup.nom gen="m" num="s">
                              <n gen="m" lem="seny" num="s" pos="ncms000" postype="common" sense="16:04348442" wd="seny"/>
                            </grup.nom>
                          </sn>
                        </sp>
                      </grup.nom>
                    </sn>
                  </sp>
                </S>
              </sp>
            </grup.nom>
            <f lem="'" pos="fz" punct="mathsign" wd="'"/>
          </sn>
          <conj conjunctiontype="coordinating">
            <c lem="i" pos="cc" postype="coordinating" wd="i"/>
          </conj>
          <sn entity="entity2" entityref="nne" homophoricDD="yes">
            <f lem="'" pos="fz" punct="mathsign" wd="'"/>
            <spec gen="f" num="s">
              <d gen="f" lem="el" num="s" pos="da0fs0" postype="article" wd="la"/>
            </spec>
            <grup.nom gen="f" num="s">
              <n gen="f" lem="sensació" num="s" pos="ncfs000" postype="common" sense="16:04388620" wd="sensació"/>
              <s.a gen="f" num="s">
                <grup.a gen="f" num="s">
                  <a gen="c" lem="creixent" num="s" pos="aq0cs0" postype="qualificative" wd="creixent"/>
                </grup.a>
              </s.a>
              <sp>
                <prep>
                  <s lem="de" pos="sps00" postype="preposition" wd="de"/>
                </prep>
                <sn complex="yes">
                  <grup.nom coord="yes">
                    <grup.nom gen="f" num="s">
                      <n gen="f" lem="saturació" num="s" pos="ncfs000" postype="common" sense="16:cs1" wd="saturació"/>
                    </grup.nom>
                    <conj conjunctiontype="coordinating">
                      <c lem="i" pos="cc" postype="coordinating" wd="i"/>
                    </conj>
                    <grup.nom gen="f" num="s">
                      <n gen="f" lem="insatisfacció" num="s" pos="ncfs000" postype="common" sense="16:05604874" wd="insatisfacció"/>
                    </grup.nom>
                  </grup.nom>
                </sn>
              </sp>
              <f lem="'" pos="fz" punct="mathsign" wd="'"/>
              <S clausetype="relative">
                <relatiu arg="arg1" coreftype="ident" entity="entity2" entityref="nne" func="cd" tem="pat">
                  <p gen="c" lem="que" num="c" pos="pr0cn000" postype="relative" wd="que"/>
                </relatiu>
                <grup.verb>
                  <v lem="generar" lss="A21.transitive-agentive-patient" mood="indicative" num="p" person="3" pos="vmip3p0" postype="main" tense="present" wd="generen"/>
                </grup.verb>
                <sn arg="arg0" entityref="nne" func="suj" homophoricDD="yes" tem="agt">
                  <spec gen="f" num="p">
                    <d gen="f" lem="el" num="p" pos="da0fp0" postype="article" wd="les"/>
                  </spec>
                  <grup.nom gen="f" num="p">
                    <n gen="f" lem="relació" num="p" pos="ncfp000" postype="common" sense="16:09924828" wd="relacions"/>
                    <sn complex="yes" coreftype="ident" entity="entity4">
                      <grup.nom coord="yes">
                        <conj conjunctiontype="coordinating">
                          <s lem="entre" pos="sps00" postype="preposition" wd="entre"/>
                        </conj>
                        <grup.nom coreftype="ident" entity="entity3">
                          <n lem="CiU" ne="organization" pos="np0000o" postype="proper" sense="16:cs1" wd="CiU"/>
                        </grup.nom>
                        <conj conjunctiontype="coordinating">
                          <c lem="i" pos="cc" postype="coordinating" wd="i"/>
                        </conj>
                        <grup.nom coreftype="ident" entity="entity16">
                          <n lem="PPC" ne="organization" pos="np0000o" postype="proper" sense="16:cs1" wd="PPC"/>
                        </grup.nom>
                      </grup.nom>
                    </sn>
                  </grup.nom>
                </sn>
                <sp arg="argM" func="cc" tem="loc">
                  <prep>
                    <s lem="davant" pos="sps00" postype="preposition" wd="davant"/>
                  </prep>
                  <sn entityref="nne" homophoricDD="yes">
                    <spec gen="f" num="s">
                      <d gen="f" lem="el" num="s" pos="da0fs0" postype="article" wd="la"/>
                    </spec>
                    <grup.nom gen="f" num="s">
                      <n gen="f" lem="possibilitat" num="s" pos="ncfs000" postype="common" sense="16:10388744" wd="possibilitat"/>
                      <S clausetype="completive" coord="yes">
                        <conj conjunctiontype="subordinating">
                          <c lem="que" pos="cs" postype="subordinating" wd="que"/>
                        </conj>
                        <S clausetype="completive">
                          <sn arg="arg0" coreftype="ident" entity="entity16" entityref="spec" func="suj" tem="agt">
                            <spec gen="m" num="p">
                              <d gen="m" lem="el" num="p" pos="da0mp0" postype="article" wd="els"/>
                            </spec>
                            <grup.nom gen="m" num="p">
                              <n gen="m" lem="conservador" num="p" pos="ncmp000" postype="common" sense="16:07178667" wd="conservadors"/>
                            </grup.nom>
                          </sn>
                          <grup.verb>
                            <v lem="poder" mood="subjunctive" num="p" person="3" pos="vmsp3p0" postype="main" tense="present" wd="puguin"/>
                            <infinitiu>
                              <v lem="deixar" mood="infinitive" pos="vmn0000" postype="main" wd="deixar"/>
                              <s lem="de" pos="sps00" postype="preposition" wd="de"/>
                              <infinitiu>
                                <v lem="donar_suport" lss="A21.transitive-agentive-patient" mood="infinitive" pos="vmn0000" postype="main" wd="donar_suport"/>
                              </infinitiu>
                            </infinitiu>
                          </grup.verb>
                          <sp arg="arg2" func="ci" tem="ben">
                            <prep>
                              <s contracted="yes" gen="m" lem="al" num="p" pos="spcmp" postype="preposition" wd="als"/>
                            </prep>
                            <sn coreftype="ident" entity="entity3" entityref="spec" homophoricDD="yes">
                              <grup.nom gen="m" num="p">
                                <n gen="c" lem="convergent" num="p" pos="nccp000" postype="common" sense="16:cs1" wd="convergents"/>
                              </grup.nom>
                            </sn>
                          </sp>
                        </S>
                        <conj conjunctiontype="coordinating">
                          <c lem="i" pos="cc" postype="coordinating" wd="i"/>
                        </conj>
                        <S clausetype="completive">
                          <morfema.verbal func="pass">
                            <p gen="c" lem="es" num="c" pos="p0000000" wd="es"/>
                          </morfema.verbal>
                          <grup.verb>
                            <v lem="poder" mood="subjunctive" num="p" person="3" pos="vmsp3p0" postype="main" tense="present" wd="puguin"/>
                            <infinitiu>
                              <v lem="avançar" lss="B22.unaccusative-passive-transitive" mood="infinitive" pos="vmn0000" postype="main" wd="avançar"/>
                            </infinitiu>
                          </grup.verb>
                          <sn arg="arg1" entityref="nne" func="suj" homophoricDD="yes" tem="pat">
                            <spec gen="f" num="p">
                              <d gen="f" lem="el" num="p" pos="da0fp0" postype="article" wd="les"/>
                            </spec>
                            <grup.nom gen="f" num="p">
                              <n gen="f" lem="elecció" num="p" pos="ncfp000" postype="common" sense="16:00118873" wd="eleccions"/>
                            </grup.nom>
                          </sn>
                          <sp arg="argM" func="cc" tem="loc">
                            <prep>
                              <s lem="a" pos="sps00" postype="preposition" wd="a"/>
                            </prep>
                            <sn entity="entity11" entityref="ne" ne="location">
                              <grup.nom>
                                <n lem="Catalunya" ne="location" pos="np0000l" postype="proper" wd="Catalunya"/>
                              </grup.nom>
                            </sn>
                          </sp>
                        </S>
                      </S>
                    </grup.nom>
                  </sn>
                </sp>
              </S>
            </grup.nom>
          </sn>
        </sn>
      </grup.adv>
    </sadv>
    <f lem="." pos="fp" punct="period" wd="."/>
  </sentence>
  <sentence>
    <sp func="et">
      <prep>
        <s lem="en" pos="sps00" postype="preposition" wd="En"/>
      </prep>
      <sn>
        <spec gen="m" num="s">
          <d gen="c" lem="qualsevol" num="s" pos="di0cs0" postype="indefinite" wd="qualsevol"/>
        </spec>
        <grup.nom gen="m" num="s">
          <n gen="m" lem="cas" num="s" pos="ncms000" postype="common" sense="16:10047274" wd="cas"/>
        </grup.nom>
      </sn>
      <f lem="," pos="fc" punct="comma" wd=","/>
    </sp>
    <sp arg="argM" func="cc" tem="loc">
      <prep>
        <s lem="davant" pos="sps00" postype="preposition" wd="davant"/>
      </prep>
      <sn entityref="nne" homophoricDD="yes">
        <spec gen="f" num="s">
          <d gen="f" lem="el" num="s" pos="da0fs0" postype="article" wd="la"/>
        </spec>
        <grup.nom gen="f" num="s">
          <n gen="f" lem="possibilitat" num="s" pos="ncfs000" postype="common" sense="16:10388744" wd="possibilitat"/>
          <sp>
            <prep>
              <s lem="de" pos="sps00" postype="preposition" wd="d'"/>
            </prep>
            <sn>
              <grup.nom gen="f" num="p">
                <n gen="f" lem="elecció" num="p" pos="ncfp000" postype="common" sense="16:00118873" wd="eleccions"/>
                <S clausetype="participle" impersonal="yes">
                  <participi>
                    <a gen="f" lem="anticipat" num="p" pos="aq0fpp" posfunction="participle" postype="qualificative" wd="anticipades"/>
                  </participi>
                </S>
              </grup.nom>
            </sn>
          </sp>
        </grup.nom>
      </sn>
      <f lem="," pos="fc" punct="comma" wd=","/>
    </sp>
    <sn arg="arg0" coreftype="ident" entity="entity1" entityref="ne" func="suj" ne="person" tem="agt">
      <grup.nom gen="m" num="s">
        <n lem="Joaquim_Nadal" ne="person" pos="np0000p" postype="proper" sense="16:cs1" wd="Joaquim_Nadal"/>
      </grup.nom>
    </sn>
    <grup.verb>
      <v lem="haver" mood="indicative" num="s" person="3" pos="vaip3s0" postype="auxiliary" tense="present" wd="ha"/>
      <v gen="m" lem="assegurar" lss="A21.transitive-agentive-patient" mood="participle" num="s" pos="vmp00sm" postype="main" wd="assegurat"/>
    </grup.verb>
    <S arg="arg1" clausetype="completive" coord="yes" func="cd" tem="pat">
      <S clausetype="completive">
        <conj conjunctiontype="subordinating">
          <c lem="que" pos="cs" postype="subordinating" wd="que"/>
        </conj>
        <sn arg="arg0" coreftype="ident" entity="entity5" entityref="spec" func="suj" homophoricDD="yes" tem="agt">
          <spec gen="m" num="p">
            <d gen="m" lem="el" num="p" pos="da0mp0" postype="article" wd="els"/>
          </spec>
          <grup.nom gen="m" num="p">
            <n gen="c" lem="socialista" num="p" pos="nccp000" postype="common" sense="16:07588809" wd="socialistes"/>
          </grup.nom>
        </sn>
        <neg func="mod">
          <r lem="no" pos="rn" postype="negative" wd="no"/>
        </neg>
        <grup.verb>
          <v lem="salvar" lss="A21.transitive-agentive-patient" mood="indicative" num="p" person="3" pos="vmif3p0" postype="main" tense="future" wd="salvaran"/>
        </grup.verb>
        <sn arg="arg1" coreftype="ident" entity="entity3" entityref="ne" func="cd" ne="organization" tem="pat">
          <grup.nom>
            <n lem="CiU" ne="organization" pos="np0000o" postype="proper" sense="16:cs1" wd="CiU"/>
          </grup.nom>
        </sn>
      </S>
      <conj conjunctiontype="coordinating">
        <c lem="i" pos="cc" postype="coordinating" wd="i"/>
      </conj>
      <S clausetype="completive" coord="yes">
        <conj conjunctiontype="subordinating">
          <c lem="que" pos="cs" postype="subordinating" wd="que"/>
        </conj>
        <S clausetype="completive">
          <f lem="'" pos="fz" punct="mathsign" wd="'"/>
          <sn arg="arg1" coreftype="ident" entity="entity5" entityref="ne" func="suj" ne="organization" tem="tem">
            <spec gen="m" num="s">
              <d gen="m" lem="el" num="s" pos="da0ms0" postype="article" wd="el"/>
            </spec>
            <grup.nom gen="m" num="s">
              <n lem="PSC" ne="organization" pos="np0000o" postype="proper" sense="16:50001206" wd="PSC"/>
            </grup.nom>
          </sn>
          <grup.verb>
            <v lem="estar" lss="C21.state-attributive" mood="indicative" num="s" person="3" pos="vmip3s0" postype="main" tense="present" wd="està"/>
          </grup.verb>
          <S arg="arg2" clausetype="participle" func="atr" impersonal="yes" tem="atr">
            <participi>
              <a gen="m" lem="preparat" num="s" pos="aq0msp" posfunction="participle" postype="qualificative" wd="preparat"/>
            </participi>
          </S>
        </S>
        <conj conjunctiontype="coordinating">
          <c lem="i" pos="cc" postype="coordinating" wd="i"/>
        </conj>
        <S clausetype="completive">
          <sn arg="arg0" coreftype="ident" elliptic="yes" entity="entity5" entityref="spec" func="suj" tem="agt"/>
          <grup.verb>
            <v lem="voler" lss="A21.transitive-agentive-patient" mood="indicative" num="s" person="3" pos="vmip3s0" postype="main" tense="present" wd="vol"/>
          </grup.verb>
          <S arg="arg1" clausetype="completive" func="cd" impersonal="yes" tem="pat">
            <infinitiu>
              <v lem="guanyar" lss="A21.transitive-agentive-patient" mood="infinitive" pos="vmn0000" postype="main" wd="guanyar"/>
            </infinitiu>
            <S arg="argM" clausetype="participle" coord="yes" func="cc" impersonal="yes" tem="adv">
              <sadv>
                <grup.adv>
                  <r lem="bé" pos="rg" wd="bé"/>
                </grup.adv>
              </sadv>
              <conj conjunctiontype="coordinating">
                <c lem="i" pos="cc" postype="coordinating" wd="i"/>
              </conj>
              <S clausetype="participle" impersonal="yes">
                <participi>
                  <a gen="m" lem="sobrat" num="s" pos="aq0msp" posfunction="participle" postype="qualificative" wd="sobrat"/>
                </participi>
              </S>
            </S>
          </S>
          <f lem="'" pos="fz" punct="mathsign" wd="'"/>
        </S>
      </S>
    </S>
    <f lem="." pos="fp" punct="period" wd="."/>
  </sentence>
  <sentence>
    <sn arg="arg0" coreftype="ident" entity="entity1" entityref="ne" func="suj" ne="person" tem="agt">
      <grup.nom gen="m" num="s">
        <n lem="Nadal" ne="person" pos="np0000p" postype="proper" wd="Nadal"/>
      </grup.nom>
    </sn>
    <grup.verb>
      <v lem="haver" mood="indicative" num="s" person="3" pos="vaip3s0" postype="auxiliary" tense="present" wd="ha"/>
      <v gen="m" lem="apuntar" lss="A21.transitive-agentive-patient" mood="participle" num="s" pos="vmp00sm" postype="main" wd="apuntat"/>
    </grup.verb>
    <sn arg="arg1" coreftype="ident" entity="entity6" entityref="nne" func="cd" homophoricDD="yes" tem="pat">
      <spec gen="f" num="s">
        <d gen="f" lem="el" num="s" pos="da0fs0" postype="article" wd="la"/>
      </spec>
      <grup.nom gen="f" num="s">
        <n gen="f" lem="discrepància" num="s" pos="ncfs000" postype="common" sense="16:03731730" wd="discrepància"/>
        <s.a complex="yes" gen="f" num="s">
          <grup.a coord="yes" gen="f" num="s">
            <grup.a gen="f" num="s">
              <a gen="f" lem="intern" num="s" pos="aq0fs0" postype="qualificative" wd="interna"/>
            </grup.a>
            <conj conjunctiontype="coordinating">
              <c lem="i" pos="cc" postype="coordinating" wd="i"/>
            </conj>
            <grup.a gen="f" num="s">
              <a gen="f" lem="extern" num="s" pos="aq0fs0" postype="qualificative" wd="externa"/>
            </grup.a>
          </grup.a>
        </s.a>
        <sp>
          <prep>
            <s lem="de" pos="sps00" postype="preposition" wd="de"/>
          </prep>
          <sn coreftype="ident" entity="entity3" entityref="ne" ne="organization">
            <spec gen="f" num="s">
              <d gen="f" lem="el" num="s" pos="da0fs0" postype="article" wd="la"/>
            </spec>
            <grup.nom gen="f" num="s">
              <n gen="f" lem="federació" num="s" pos="ncfs000" postype="common" sense="16:06163641" wd="federació"/>
              <sp>
                <prep>
                  <s lem="de" pos="sps00" postype="preposition" wd="de"/>
                </prep>
                <sn entityref="ne" ne="organization">
                  <grup.nom>
                    <n lem="CiU" ne="organization" pos="np0000o" postype="proper" sense="16:cs1" wd="CiU"/>
                  </grup.nom>
                </sn>
              </sp>
            </grup.nom>
          </sn>
        </sp>
        <sp>
          <prep>
            <s lem="enfront" pos="sps00" postype="preposition" wd="enfront"/>
          </prep>
          <sp>
            <prep>
              <s contracted="yes" gen="m" lem="del" num="s" pos="spcms" postype="preposition" wd="del"/>
            </prep>
            <sn coreftype="ident" entity="entity16" entityref="ne" ne="organization">
              <grup.nom gen="m" num="s">
                <n lem="PP" ne="organization" pos="np0000o" postype="proper" sense="16:50001207" wd="PP"/>
              </grup.nom>
            </sn>
          </sp>
        </sp>
      </grup.nom>
    </sn>
    <S arg="argM" clausetype="adverbial" coord="yes" func="cc" tem="cau">
      <conj conjunctiontype="subordinating">
        <c lem="ja_que" pos="cs" postype="subordinating" wd="ja_que"/>
      </conj>
      <S clausetype="adverbial">
        <sp func="et">
          <f lem="," pos="fc" punct="comma" wd=","/>
          <prep>
            <s lem="de" pos="sps00" postype="preposition" wd="d'"/>
          </prep>
          <sn entityref="lex">
            <spec gen="f" num="s">
              <d gen="f" lem="un" num="s" pos="di0fs0" postype="indefinite" wd="una"/>
            </spec>
            <grup.nom gen="f" num="s">
              <n gen="f" lem="banda" num="s" pos="ncfs000" postype="common" sense="16:04505974" wd="banda"/>
            </grup.nom>
          </sn>
          <f lem="," pos="fc" punct="comma" wd=","/>
        </sp>
        <morfema.pronominal>
          <p gen="c" lem="hi" num="c" person="3" pos="pp3cn000" postype="personal" wd="hi"/>
        </morfema.pronominal>
        <grup.verb>
          <v lem="haver" lss="C11.state-existential" mood="indicative" num="s" person="3" pos="vmip3s0" postype="main" tense="present" wd="ha"/>
        </grup.verb>
        <sn arg="arg1" entityref="nne" func="cd" functype="quantitative" tem="tem">
          <grup.nom gen="f" num="p">
            <n gen="f" lem="veu" num="p" pos="ncfp000" postype="common" sense="16:10391708" wd="veus"/>
            <sp>
              <prep>
                <s lem="a_favor_de" pos="sps00" postype="preposition" wd="a_favor_d'"/>
              </prep>
              <sn entityref="nne">
                <spec gen="m" num="s">
                  <d gen="m" lem="un" num="s" pos="di0ms0" postype="indefinite" wd="un"/>
                </spec>
                <grup.nom gen="m" num="s">
                  <n gen="m" lem="trencament" num="s" pos="ncms000" postype="common" sense="16:05451946" wd="trencament"/>
                  <s.a gen="m" num="s">
                    <grup.a gen="m" num="s">
                      <a gen="m" lem="definitiu" num="s" pos="aq0ms0" postype="qualificative" wd="definitiu"/>
                    </grup.a>
                  </s.a>
                </grup.nom>
              </sn>
            </sp>
          </grup.nom>
        </sn>
      </S>
      <conj conjunctiontype="coordinating">
        <c lem="i" pos="cc" postype="coordinating" wd="i"/>
      </conj>
      <S clausetype="adverbial" coord="yes">
        <S clausetype="adverbial">
          <sp func="et">
            <f lem="," pos="fc" punct="comma" wd=","/>
            <prep>
              <s lem="de" pos="sps00" postype="preposition" wd="de"/>
            </prep>
            <sn entityref="lex">
              <spec gen="f" num="s">
                <d gen="c" lem="el" num="s" pos="da0cs0" postype="article" wd="l'"/>
              </spec>
              <grup.nom gen="f" num="s">
                <p gen="f" lem="altre" num="s" pos="pi0fs000" postype="indefinite" wd="altra"/>
              </grup.nom>
            </sn>
            <f lem="," pos="fc" punct="comma" wd=","/>
          </sp>
          <morfema.verbal func="impers">
            <p gen="c" lem="es" num="c" pos="p0000000" wd="es"/>
          </morfema.verbal>
          <grup.verb>
            <v lem="dir" lss="A32.ditransitive-patient-benefactive" mood="indicative" num="s" person="3" pos="vmip3s0" postype="main" tense="present" wd="diu"/>
          </grup.verb>
          <S arg="arg1" clausetype="completive" entity="entity7" func="cd" tem="pat">
            <conj conjunctiontype="subordinating">
              <c lem="que" pos="cs" postype="subordinating" wd="que"/>
            </conj>
            <morfema.verbal func="pass">
              <p gen="c" lem="es" num="c" pos="p0000000" wd="es"/>
            </morfema.verbal>
            <grup.verb>
              <v lem="presentar" lss="B12.unaccusative-passive-ditransitive" mood="indicative" num="s" person="3" pos="vmif3s0" postype="main" tense="future" wd="presentarà"/>
            </grup.verb>
            <sn arg="arg1" entityref="nne" func="suj" tem="pat">
              <spec gen="m" num="s">
                <d gen="m" lem="un" num="s" pos="di0ms0" postype="indefinite" wd="un"/>
              </spec>
              <grup.nom gen="m" num="s">
                <n gen="m" lem="recurs" num="s" pos="ncms000" postype="common" sense="16:cs1" wd="recurs"/>
                <sp>
                  <prep>
                    <s lem="de" pos="sps00" postype="preposition" wd="d'"/>
                  </prep>
                  <sn>
                    <grup.nom gen="f" num="s">
                      <n gen="f" lem="inconstitucionalitat" num="s" pos="ncfs000" postype="common" sense="16:cs1" wd="inconstitucionalitat"/>
                    </grup.nom>
                  </sn>
                </sp>
              </grup.nom>
            </sn>
            <sp arg="argM" func="cc" tem="adv">
              <prep>
                <s lem="contra" pos="sps00" postype="preposition" wd="contra"/>
              </prep>
              <sn entityref="ne" ne="other">
                <spec gen="f" num="s">
                  <d gen="f" lem="el" num="s" pos="da0fs0" postype="article" wd="la"/>
                </spec>
                <grup.nom gen="f" num="s">
                  <n lem="Llei_d'_Estabilitat_Pressupostària" ne="other" pos="np0000a" postype="proper" sense="16:cs1" wd="Llei_d'_Estabilitat_Pressupostària"/>
                </grup.nom>
              </sn>
            </sp>
          </S>
        </S>
        <conj conjunctiontype="coordinating">
          <c lem="però" pos="cc" postype="coordinating" wd="però"/>
        </conj>
        <S clausetype="adverbial">
          <sadv func="et">
            <grup.adv>
              <r lem="en_canvi" pos="rg" wd="en_canvi"/>
            </grup.adv>
          </sadv>
          <neg>
            <r lem="no" pos="rn" postype="negative" wd="no"/>
          </neg>
          <morfema.verbal func="pass">
            <p gen="c" lem="es" num="c" pos="p0000000" wd="es"/>
          </morfema.verbal>
          <grup.verb>
            <v lem="fer" lss="B22.unaccusative-passive-transitive" mood="indicative" num="s" person="3" pos="vmif3s0" postype="main" tense="future" wd="farà"/>
          </grup.verb>
          <sn arg="arg1" corefsubtype="type" coreftype="dx" entity="entity7" entityref="nne" func="suj" tem="pat">
            <spec gen="m" num="s">
              <d gen="m" lem="el" num="s" pos="da0ms0" postype="article" wd="el"/>
            </spec>
            <grup.nom gen="m" num="s">
              <p gen="m" lem="mateix" num="s" pos="pi0ms000" postype="indefinite" wd="mateix"/>
            </grup.nom>
          </sn>
          <sp arg="argM" func="cc" tem="adv">
            <prep>
              <s lem="amb" pos="sps00" postype="preposition" wd="amb"/>
            </prep>
            <sn entity="entity8" entityref="ne" ne="other">
              <spec gen="f" num="s">
                <d gen="f" lem="el" num="s" pos="da0fs0" postype="article" wd="la"/>
              </spec>
              <grup.nom gen="f" num="s">
                <n lem="Llei_Orgànica_d'_Universitats" ne="other" pos="np0000a" postype="proper" sense="16:cs1" wd="Llei_Orgànica_d'_Universitats"/>
                <sn corefsubtype="definit" coreftype="pred" entity="entity8" entityref="ne" ne="other">
                  <grup.nom gen="f" num="s">
                    <f lem="(" pos="fpa" punct="bracket" punctenclose="open" wd="("/>
                    <n lem="LOU" ne="other" pos="np0000a" postype="proper" sense="16:cs1" wd="LOU"/>
                    <f lem=")" pos="fpt" punct="bracket" punctenclose="close" wd=")"/>
                  </grup.nom>
                </sn>
              </grup.nom>
            </sn>
          </sp>
        </S>
      </S>
    </S>
    <f lem="." pos="fp" punct="period" wd="."/>
  </sentence>
  <sentence>
    <sn arg="arg0" coreftype="ident" entity="entity1" entityref="ne" func="suj" ne="person" tem="agt">
      <grup.nom gen="m" num="s">
        <n lem="Joaquim_Nadal" ne="person" pos="np0000p" postype="proper" sense="16:cs1" wd="Joaquim_Nadal"/>
      </grup.nom>
    </sn>
    <grup.verb>
      <v lem="considerar" lss="A21.transitive-agentive-patient" mood="indicative" num="s" person="3" pos="vmip3s0" postype="main" tense="present" wd="considera"/>
    </grup.verb>
    <S arg="arg1" clausetype="completive" func="cd" tem="pat">
      <conj conjunctiontype="subordinating">
        <c lem="que" pos="cs" postype="subordinating" wd="que"/>
      </conj>
      <sn arg="arg0" entityref="nne" func="suj" homophoricDD="yes" tem="agt">
        <spec gen="f" num="s">
          <d gen="c" lem="el" num="s" pos="da0cs0" postype="article" wd="l'"/>
        </spec>
        <grup.nom gen="f" num="s">
          <n gen="f" lem="acció" num="s" pos="ncfs000" postype="common" sense="16:00017487" wd="acció"/>
          <sp>
            <prep>
              <s lem="de" pos="sps00" postype="preposition" wd="de"/>
            </prep>
            <sn entityref="ne" ne="organization">
              <grup.nom>
                <n lem="Govern" ne="organization" pos="np0000o" postype="proper" sense="16:cs1" wd="Govern"/>
              </grup.nom>
            </sn>
          </sp>
          <sp coord="yes">
            <sp>
              <prep>
                <s lem="de" pos="sps00" postype="preposition" wd="de"/>
              </prep>
              <sn entity="entity17" entityref="ne" ne="person">
                <grup.nom gen="m" num="s">
                  <n lem="Jordi_Pujol" ne="person" pos="np0000p" postype="proper" sense="16:cs1" wd="Jordi_Pujol"/>
                </grup.nom>
              </sn>
            </sp>
            <conj conjunctiontype="coordinating">
              <c lem="i" pos="cc" postype="coordinating" wd="i"/>
            </conj>
            <sp>
              <prep>
                <s contracted="yes" gen="m" lem="del" num="s" pos="spcms" postype="preposition" wd="del"/>
              </prep>
              <sn entityref="nne">
                <spec gen="m" num="s">
                  <d coreftype="ident" entity="entity17" entityref="spec" gen="m" lem="seu" num="s" person="3" pos="dp3ms0" postype="possessive" wd="seu"/>
                </spec>
                <grup.nom gen="m" num="s">
                  <f lem="'" pos="fz" punct="mathsign" wd="'"/>
                  <n gen="m" lem="aprenent" num="s" pos="ncms000" postype="common" sense="16:07367396" wd="aprenent"/>
                  <f lem="'" pos="fz" punct="mathsign" wd="'"/>
                  <inc>
                    <S clausetype="adverbial" impersonal="yes">
                      <f lem="-" pos="fg" punct="hyphen" wd="-"/>
                      <gerundi>
                        <v lem="referir" lss="C21.state-attributive" mood="gerund" pos="vmg0000" postype="main" wd="referint"/>
                      </gerundi>
                      <morfema.pronominal>
                        <p gen="c" lem="ell" num="c" person="3" pos="p0300000" wd="-se"/>
                      </morfema.pronominal>
                      <sp arg="arg2" func="creg" tem="atr">
                        <prep>
                          <s contracted="yes" gen="m" lem="al" num="s" pos="spcms" postype="preposition" wd="al"/>
                        </prep>
                        <sn entity="entity9" entityref="ne" ne="person">
                          <grup.nom gen="m" num="s">
                            <n gen="m" lem="conseller" num="s" pos="ncms000" postype="common" sense="16:07412658" wd="conseller"/>
                            <sp>
                              <prep>
                                <s lem="en" pos="sps00" postype="preposition" wd="en"/>
                              </prep>
                              <sn>
                                <grup.nom gen="m" num="s">
                                  <n gen="c" lem="cap" num="s" pos="nccs000" postype="common" sense="16:cs1" wd="cap"/>
                                </grup.nom>
                              </sn>
                            </sp>
                            <sn corefsubtype="definit" coreftype="pred" entity="entity9" entityref="ne" ne="person">
                              <f lem="," pos="fc" punct="comma" wd=","/>
                              <grup.nom gen="m" num="s">
                                <n lem="Artur_Mas" ne="person" pos="np0000p" postype="proper" sense="16:cs1" wd="Artur_Mas"/>
                              </grup.nom>
                            </sn>
                          </grup.nom>
                        </sn>
                      </sp>
                      <f lem="-" pos="fg" punct="hyphen" wd="-"/>
                    </S>
                  </inc>
                </grup.nom>
              </sn>
            </sp>
          </sp>
        </grup.nom>
      </sn>
      <sn arg="argM" func="cc" tem="tmp">
        <spec gen="m" num="s">
          <d gen="c" lem="cada" num="s" pos="di0cs0" postype="indefinite" wd="cada"/>
        </spec>
        <grup.nom gen="m" num="s">
          <n gen="m" lem="dia" num="s" pos="ncms000" postype="common" sense="16:10878116" wd="dia"/>
        </grup.nom>
      </sn>
      <grup.verb>
        <v lem="generar" lss="A21.transitive-agentive-patient" mood="indicative" num="s" person="3" pos="vmip3s0" postype="main" tense="present" wd="genera"/>
      </grup.verb>
      <sn arg="arg1" entityref="nne" func="cd" tem="pat">
        <grup.nom gen="f" num="p">
          <f lem="'" pos="fz" punct="mathsign" wd="'"/>
          <s.a gen="f" num="p">
            <grup.a gen="f" num="p">
              <a gen="f" lem="nou" num="p" pos="aq0fp0" postype="qualificative" wd="noves"/>
            </grup.a>
          </s.a>
          <n gen="f" lem="evidència" num="p" pos="ncfp000" postype="common" sense="16:04481302" wd="evidències"/>
          <sp>
            <prep>
              <s lem="de" pos="sps00" postype="preposition" wd="de"/>
            </prep>
            <sn complex="yes" entity="entity10" entityref="nne">
              <grup.nom coord="yes" discid="1n">
                <grup.nom gen="f" num="p">
                  <s.a gen="f" num="p">
                    <grup.a gen="f" num="p">
                      <a gen="f" lem="mal" num="p" pos="aq0fp0" postype="qualificative" wd="males"/>
                    </grup.a>
                  </s.a>
                  <n gen="f" lem="pràctica" num="p" pos="ncfp000" postype="common" sense="16:00263204" wd="pràctiques"/>
                </grup.nom>
                <conj conjunctiontype="coordinating">
                  <c lem="o" pos="cc" postype="coordinating" wd="o"/>
                </conj>
                <grup.nom gen="f" num="s">
                  <n gen="f" lem="incompetència" num="s" pos="ncfs000" postype="common" sense="16:04052201" wd="incompetència"/>
                  <S clausetype="relative" coord="yes">
                    <relatiu arg="arg0" coreftype="ident" entity="entity10" entityref="nne" func="suj" tem="agt">
                      <p gen="c" lem="que" num="c" pos="pr0cn000" postype="relative" wd="que"/>
                    </relatiu>
                    <S clausetype="relative">
                      <sn arg="arg2" entityref="nne" func="ci" tem="ben">
                        <grup.nom num="p">
                          <p gen="c" lem="jo" num="p" person="1" pos="pp1cp000" postype="personal" wd="ens"/>
                        </grup.nom>
                      </sn>
                      <grup.verb>
                        <v lem="fer" mood="indicative" num="s" person="3" pos="vmip3s0" postype="main" tense="present" wd="fa"/>
                        <infinitiu>
                          <v lem="perdre" lss="A21.transitive-agentive-patient" mood="infinitive" pos="vmn0000" postype="main" wd="perdre"/>
                        </infinitiu>
                      </grup.verb>
                      <sn arg="arg1" entityref="lex" func="cd" tem="pat">
                        <spec gen="m" num="p">
                          <d gen="m" lem="tot" num="p" pos="di0mp0" postype="indefinite" wd="tots"/>
                        </spec>
                        <grup.nom gen="m" num="p">
                          <n gen="m" lem="tren" num="p" pos="ncmp000" postype="common" sense="16:03528724" wd="trens"/>
                        </grup.nom>
                      </sn>
                    </S>
                    <conj conjunctiontype="coordinating">
                      <c lem="i" pos="cc" postype="coordinating" wd="i"/>
                    </conj>
                    <S clausetype="relative">
                      <grup.verb>
                        <v lem="fer" lss="A21.transitive-agentive-patient" mood="indicative" num="s" person="3" pos="vmip3s0" postype="main" tense="present" wd="fa"/>
                      </grup.verb>
                      <S arg="arg1" clausetype="completive" func="cd" tem="pat">
                        <conj conjunctiontype="subordinating">
                          <c lem="que" pos="cs" postype="subordinating" wd="que"/>
                        </conj>
                        <sn arg="arg0" coreftype="ident" entity="entity11" entityref="ne" func="suj" ne="location" tem="agt">
                          <grup.nom>
                            <n lem="Catalunya" ne="location" pos="np0000l" postype="proper" wd="Catalunya"/>
                          </grup.nom>
                        </sn>
                        <sn arg="argL" entityref="lex" func="cd">
                          <grup.nom gen="m" num="s">
                            <p gen="c" lem="ho" num="c" person="3" pos="pp3nn000" postype="personal" wd="ho"/>
                          </grup.nom>
                        </sn>
                        <grup.verb>
                          <v lem="pagar" lss="A21.transitive-agentive-patient" mood="subjunctive" num="s" person="3" pos="vmsp3s0" postype="main" tense="present" wd="pagui"/>
                        </grup.verb>
                        <sa arg="arg2" func="cpred" predicate="cd" tem="atr">
                          <spec>
                            <r lem="molt" pos="rg" wd="molt"/>
                          </spec>
                          <grup.a>
                            <a gen="m" lem="car" num="s" pos="aq0ms0" postype="qualificative" wd="car"/>
                          </grup.a>
                        </sa>
                      </S>
                    </S>
                  </S>
                </grup.nom>
              </grup.nom>
            </sn>
          </sp>
          <f lem="'" pos="fz" punct="mathsign" wd="'"/>
        </grup.nom>
      </sn>
    </S>
    <inc>
      <f lem="," pos="fc" punct="comma" wd=","/>
      <S>
        <grup.verb>
          <v lem="haver" mood="indicative" num="s" person="3" pos="vaip3s0" postype="auxiliary" tense="present" wd="ha"/>
          <v gen="m" lem="indicar" lss="A32.ditransitive-patient-benefactive" mood="participle" num="s" pos="vmp00sm" postype="main" wd="indicat"/>
        </grup.verb>
        <sn arg="arg0" coreftype="ident" entity="entity1" entityref="spec" func="suj" tem="agt">
          <spec gen="m" num="s">
            <d gen="m" lem="el" num="s" pos="da0ms0" postype="article" wd="el"/>
          </spec>
          <grup.nom gen="m" num="s">
            <n gen="c" lem="líder" num="s" pos="nccs000" postype="common" sense="16:06950891" wd="líder"/>
            <s.a gen="m" num="s">
              <grup.a gen="m" num="s">
                <a gen="c" lem="socialista" num="s" pos="aq0cs0" postype="qualificative" wd="socialista"/>
              </grup.a>
            </s.a>
          </grup.nom>
        </sn>
      </S>
      <f lem="," pos="fc" punct="comma" wd=","/>
    </inc>
    <sp discid="1c">
      <prep>
        <c lem="com" pos="cs" postype="subordinating" wd="com"/>
      </prep>
      <sn coord="yes">
        <sn entityref="ne" ne="other">
          <spec gen="m" num="s">
            <d gen="m" lem="el" num="s" pos="da0ms0" postype="article" wd="el"/>
          </spec>
          <grup.nom gen="m" num="s">
            <s.a gen="m" num="s">
              <grup.a gen="m" num="s">
                <a gen="m" lem="nou" num="s" pos="aq0ms0" postype="qualificative" wd="nou"/>
              </grup.a>
            </s.a>
            <n gen="m" lem="brot" num="s" pos="ncms000" postype="common" sense="16:05531291" wd="brot"/>
            <sp>
              <prep>
                <s lem="de" pos="sps00" postype="preposition" wd="de"/>
              </prep>
              <sn entityref="ne" ne="other">
                <grup.nom>
                  <n lem="Pesta_Porcina_Clàssica" ne="other" pos="np0000a" postype="proper" sense="16:cs1" wd="Pesta_Porcina_Clàssica"/>
                </grup.nom>
              </sn>
            </sp>
            <sp>
              <prep>
                <s lem="a" pos="sps00" postype="preposition" wd="a"/>
              </prep>
              <sn entityref="ne" ne="location">
                <sn entityref="ne" ne="location">
                  <grup.nom>
                    <n lem="Tona" ne="location" pos="np0000l" postype="proper" sense="16:cs1" wd="Tona"/>
                  </grup.nom>
                </sn>
                <sn adjunct="yes" entityref="ne" ne="location">
                  <grup.nom>
                    <f lem="(" pos="fpa" punct="bracket" punctenclose="open" wd="("/>
                    <n lem="Osona" ne="location" pos="np0000l" postype="proper" sense="16:cs1" wd="Osona"/>
                    <f lem=")" pos="fpt" punct="bracket" punctenclose="close" wd=")"/>
                  </grup.nom>
                </sn>
              </sn>
            </sp>
          </grup.nom>
        </sn>
        <f lem="," pos="fc" punct="comma" wd=","/>
        <sn entityref="nne">
          <grup.nom gen="m" num="p">
            <n gen="m" lem="problema" num="p" pos="ncmp000" postype="common" sense="16:04394770" wd="problemes"/>
            <sp>
              <prep>
                <s lem="en" pos="sps00" postype="preposition" wd="en"/>
              </prep>
              <sn entityref="nne" homophoricDD="yes">
                <spec gen="m" num="s">
                  <d gen="m" lem="el" num="s" pos="da0ms0" postype="article" wd="el"/>
                </spec>
                <grup.nom gen="m" num="s">
                  <n gen="m" lem="subministrament" num="s" pos="ncms000" postype="common" sense="16:cs1" wd="subministrament"/>
                  <s.a gen="m" num="s">
                    <grup.a gen="m" num="s">
                      <a gen="m" lem="elèctric" num="s" pos="aq0ms0" postype="qualificative" wd="elèctric"/>
                    </grup.a>
                  </s.a>
                </grup.nom>
              </sn>
            </sp>
          </grup.nom>
        </sn>
        <f lem="," pos="fc" punct="comma" wd=","/>
        <sn entityref="nne">
          <grup.nom gen="m" num="p">
            <n gen="m" lem="retard" num="p" pos="ncmp000" postype="common" sense="16:00689955" wd="retards"/>
            <sp>
              <prep>
                <s lem="en" pos="sps00" postype="preposition" wd="en"/>
              </prep>
              <sn entityref="nne">
                <grup.nom gen="f" num="p">
                  <n gen="f" lem="infraestructura" num="p" pos="ncfp000" postype="common" sense="16:cs1" wd="infraestructures"/>
                </grup.nom>
              </sn>
            </sp>
          </grup.nom>
        </sn>
      </sn>
    </sp>
    <f lem="." pos="fp" punct="period" wd="."/>
  </sentence>
  <sentence coord="yes">
    <S>
      <sn arg="arg0" entity="entity15" entityref="ne" func="suj" ne="organization" tem="agt">
        <spec gen="f" num="s">
          <d gen="f" lem="el" num="s" pos="da0fs0" postype="article" wd="La"/>
        </spec>
        <grup.nom gen="f" num="s">
          <n lem="Comissió_Executiva_del_PSC" ne="organization" pos="np0000o" postype="proper" sense="16:cs1" wd="Comissió_Executiva_del_PSC"/>
        </grup.nom>
      </sn>
      <grup.verb>
        <v lem="haver" mood="indicative" num="s" person="3" pos="vaip3s0" postype="auxiliary" tense="present" wd="ha"/>
        <v gen="m" lem="demanar" lss="A32.ditransitive-patient-benefactive" mood="participle" num="s" pos="vmp00sm" postype="main" wd="demanat"/>
      </grup.verb>
      <sp arg="argM" func="cc" tem="adv">
        <prep>
          <s lem="per" pos="sps00" postype="preposition" wd="per"/>
        </prep>
        <sn entityref="nne">
          <grup.nom gen="f" num="s">
            <n gen="f" lem="veu" num="s" pos="ncfs000" postype="common" sense="16:cs1" wd="veu"/>
            <sp>
              <prep>
                <s lem="de" pos="sps00" postype="preposition" wd="de"/>
              </prep>
              <sn coreftype="ident" entity="entity1" entityref="ne" ne="person">
                <grup.nom gen="m" num="s">
                  <n lem="Joaquim_Nadal" ne="person" pos="np0000p" postype="proper" sense="16:cs1" wd="Joaquim_Nadal"/>
                </grup.nom>
              </sn>
            </sp>
          </grup.nom>
        </sn>
      </sp>
    </S>
    <conj conjunctiontype="coordinating">
      <c lem="i" pos="cc" postype="coordinating" wd="i"/>
    </conj>
    <S>
      <sn arg="arg0" elliptic="yes" func="suj" tem="agt"/>
      <grup.verb>
        <v lem="haver" mood="indicative" num="s" person="3" pos="vaip3s0" postype="auxiliary" tense="present" wd="ha"/>
        <v gen="m" lem="insistir" lss="A22.transitive-agentive-theme" mood="participle" num="s" pos="vmp00sm" postype="main" wd="insistit"/>
      </grup.verb>
      <sp arg="arg1" func="creg" tem="tem">
        <prep>
          <s lem="a" pos="sps00" postype="preposition" wd="a"/>
        </prep>
        <S clausetype="completive" impersonal="yes">
          <infinitiu>
            <v lem="dir" lss="A32.ditransitive-patient-benefactive" mood="infinitive" pos="vmn0000" postype="main" wd="dir"/>
          </infinitiu>
          <S arg="arg1" clausetype="completive" coord="yes" func="cd" tem="pat">
            <S clausetype="completive">
              <conj conjunctiontype="subordinating">
                <c lem="que" pos="cs" postype="subordinating" wd="que"/>
              </conj>
              <grup.verb>
                <v lem="caldre" lss="C41.state-benefactive" mood="indicative" num="s" person="3" pos="vmip3s0" postype="main" tense="present" wd="cal"/>
              </grup.verb>
              <S arg="arg1" clausetype="completive" entity="entity13" func="suj" impersonal="yes" tem="tem">
                <f lem="'" pos="fz" punct="mathsign" wd="'"/>
                <infinitiu>
                  <v lem="posar" lss="A34.ditransitive-patient-theme" mood="infinitive" pos="vmn0000" postype="main" wd="posar"/>
                </infinitiu>
                <sn arg="arg1" entityref="lex" func="cd" tem="pat">
                  <grup.nom gen="m" num="s">
                    <n gen="m" lem="fre" num="s" pos="ncms000" postype="common" sense="16:00743021" wd="fre"/>
                  </grup.nom>
                </sn>
                <sp arg="arg2" func="creg" tem="tem">
                  <prep>
                    <s lem="a" pos="sps00" postype="preposition" wd="a"/>
                  </prep>
                  <sn entity="entity12" entityref="nne" homophoricDD="yes">
                    <spec gen="f" num="s">
                      <d gen="f" lem="el" num="s" pos="da0fs0" postype="article" wd="la"/>
                    </spec>
                    <grup.nom gen="f" num="s">
                      <n gen="f" lem="impunitat" num="s" pos="ncfs000" postype="common" sense="16:cs1" wd="impunitat"/>
                      <f lem="'" pos="fz" punct="mathsign" wd="'"/>
                      <S clausetype="relative">
                        <relatiu arg="arg1" coreftype="ident" entity="entity12" entityref="nne" func="cd" functype="quantitative" tem="tem">
                          <p gen="c" lem="que" num="c" pos="pr0cn000" postype="relative" wd="que"/>
                        </relatiu>
                        <morfema.pronominal>
                          <p gen="c" lem="hi" num="c" person="3" pos="pp3cn000" postype="personal" wd="hi"/>
                        </morfema.pronominal>
                        <grup.verb>
                          <v lem="haver" lss="C11.state-existential" mood="indicative" num="s" person="3" pos="vmip3s0" postype="main" tense="present" wd="ha"/>
                        </grup.verb>
                        <sp arg="argM" func="cc" tem="loc">
                          <prep>
                            <s lem="a" pos="sps00" postype="preposition" wd="a"/>
                          </prep>
                          <sn coreftype="ident" entity="entity11" entityref="ne" ne="location">
                            <grup.nom>
                              <n lem="Catalunya" ne="location" pos="np0000l" postype="proper" wd="Catalunya"/>
                            </grup.nom>
                          </sn>
                        </sp>
                        <sp arg="argM" func="cc" tem="adv">
                          <prep>
                            <s lem="en_matèria_de" pos="sps00" postype="preposition" wd="en_matèria_de"/>
                          </prep>
                          <sn entityref="nne">
                            <grup.nom gen="f" num="s">
                              <n gen="f" lem="seguretat" num="s" pos="ncfs000" postype="common" sense="16:10425881" wd="seguretat"/>
                              <s.a gen="f" num="s">
                                <grup.a gen="f" num="s">
                                  <a gen="f" lem="ciutadà" num="s" pos="aq0fs0" postype="qualificative" wd="ciutadana"/>
                                </grup.a>
                              </s.a>
                            </grup.nom>
                          </sn>
                        </sp>
                      </S>
                    </grup.nom>
                  </sn>
                </sp>
              </S>
            </S>
            <conj conjunctiontype="coordinating">
              <c lem="i" pos="cc" postype="coordinating" wd="i"/>
            </conj>
            <S clausetype="completive">
              <conj conjunctiontype="subordinating">
                <c lem="que" pos="cs" postype="subordinating" wd="que"/>
              </conj>
              <sp arg="argM" func="cc" tem="cau">
                <prep>
                  <s lem="per" pos="sps00" postype="preposition" wd="per"/>
                </prep>
                <sn corefsubtype="token" coreftype="dx" entity="entity13" entityref="nne">
                  <grup.nom gen="m" num="s">
                    <p gen="c" lem="això" num="s" pos="pd0ns000" postype="demonstrative" wd="això"/>
                  </grup.nom>
                </sn>
              </sp>
              <grup.verb>
                <v lem="caldre" lss="C41.state-benefactive" mood="indicative" num="s" person="3" pos="vmip3s0" postype="main" tense="present" wd="cal"/>
              </grup.verb>
              <S arg="arg1" clausetype="completive" coord="yes" func="suj" impersonal="yes" tem="tem">
                <S clausetype="completive" impersonal="yes">
                  <infinitiu>
                    <v lem="cobrir" lss="A11.transitive-causative" mood="infinitive" pos="vmn0000" postype="main" wd="cobrir"/>
                  </infinitiu>
                  <sn arg="arg1" entity="entity14" entityref="nne" func="cd" homophoricDD="yes" tem="pat">
                    <spec gen="f" num="p">
                      <d gen="f" lem="el" num="p" pos="da0fp0" postype="article" wd="les"/>
                    </spec>
                    <grup.nom gen="f" num="p">
                      <n gen="f" lem="vacant" num="p" pos="ncfp000" postype="common" sense="16:cs1" wd="vacants"/>
                    </grup.nom>
                  </sn>
                </S>
                <conj conjunctiontype="coordinating">
                  <c lem="i" pos="cc" postype="coordinating" wd="i"/>
                </conj>
                <S clausetype="completive" impersonal="yes">
                  <infinitiu>
                    <v lem="adequar" lss="A21.transitive-agentive-patient" mood="infinitive" pos="vmn0000" postype="main" wd="adequar"/>
                  </infinitiu>
                  <sn arg="arg1" entityref="nne" func="cd" homophoricDD="yes" tem="pat">
                    <spec gen="f" num="p">
                      <d gen="f" lem="el" num="p" pos="da0fp0" postype="article" wd="les"/>
                    </spec>
                    <grup.nom gen="f" num="p">
                      <n gen="f" lem="retribució" num="p" pos="ncfp000" postype="common" sense="16:05441142" wd="retribucions"/>
                      <sp>
                        <prep>
                          <s contracted="yes" gen="m" lem="del" num="p" pos="spcmp" postype="preposition" wd="dels"/>
                        </prep>
                        <sn entityref="ne" ne="organization">
                          <grup.nom gen="m" num="p">
                            <n lem="Cossos_de_Seguretat_de_l'_Estat" ne="organization" pos="np0000o" postype="proper" sense="16:cs1" wd="Cossos_de_Seguretat_de_l'_Estat"/>
                          </grup.nom>
                        </sn>
                      </sp>
                    </grup.nom>
                  </sn>
                </S>
              </S>
            </S>
          </S>
        </S>
      </sp>
    </S>
    <f lem="." pos="fp" punct="period" wd="."/>
  </sentence>
  <sentence>
    <sadv func="et">
      <grup.adv>
        <r lem="així_mateix" pos="rg" wd="Així_mateix"/>
      </grup.adv>
    </sadv>
    <sn arg="arg0" coreftype="ident" entity="entity5" entityref="spec" func="suj" homophoricDD="yes" tem="agt">
      <spec gen="m" num="p">
        <d gen="m" lem="el" num="p" pos="da0mp0" postype="article" wd="els"/>
      </spec>
      <grup.nom gen="m" num="p">
        <n gen="c" lem="socialista" num="p" pos="nccp000" postype="common" sense="16:07588809" wd="socialistes"/>
      </grup.nom>
    </sn>
    <grup.verb>
      <v lem="defensar" lss="A21.transitive-agentive-patient" mood="indicative" num="p" person="3" pos="vmip3p0" postype="main" tense="present" wd="defensen"/>
    </grup.verb>
    <sn arg="arg1" entityref="nne" func="cd" tem="pat">
      <spec gen="f" num="s">
        <d gen="f" lem="un" num="s" pos="di0fs0" postype="indefinite" wd="una"/>
      </spec>
      <grup.nom gen="f" num="s">
        <n gen="f" lem="reforma" num="s" pos="ncfs000" postype="common" sense="16:00510453" wd="reforma"/>
        <sp>
          <prep>
            <s contracted="yes" gen="m" lem="del" num="s" pos="spcms" postype="preposition" wd="del"/>
          </prep>
          <sn entityref="ne" ne="other">
            <grup.nom gen="m" num="s">
              <n lem="Codi_Penal" ne="other" pos="np0000a" postype="proper" sense="16:cs1" wd="Codi_Penal"/>
            </grup.nom>
          </sn>
        </sp>
      </grup.nom>
    </sn>
    <sp arg="argM" func="cc" tem="fin">
      <prep>
        <s lem="per" pos="sps00" postype="preposition" wd="per"/>
      </prep>
      <S clausetype="completive" impersonal="yes">
        <infinitiu>
          <v lem="impedir" lss="A32.ditransitive-patient-benefactive" mood="infinitive" pos="vmn0000" postype="main" wd="impedir"/>
        </infinitiu>
        <sn arg="arg1" entityref="nne" func="cd" homophoricDD="yes" tem="pat">
          <spec gen="f" num="s">
            <d gen="f" lem="el" num="s" pos="da0fs0" postype="article" wd="la"/>
          </spec>
          <grup.nom gen="f" num="s">
            <n gen="c" lem="multireincidència" num="c" pos="nc00000" postype="common" sense="16:cs1" wd="multireincidència"/>
          </grup.nom>
        </sn>
      </S>
    </sp>
    <f lem="." pos="fp" punct="period" wd="."/>
  </sentence>
  <sentence>
    <sn arg="arg0" coreftype="ident" entity="entity5" entityref="ne" func="suj" ne="organization" tem="agt">
      <spec gen="m" num="s">
        <d gen="m" lem="el" num="s" pos="da0ms0" postype="article" wd="El"/>
      </spec>
      <grup.nom gen="m" num="s">
        <n lem="PSC-PSOE" ne="organization" pos="np0000o" postype="proper" sense="16:cs1" wd="PSC-PSOE"/>
      </grup.nom>
    </sn>
    <grup.verb>
      <v lem="considerar" lss="A21.transitive-agentive-patient" mood="indicative" num="s" person="3" pos="vmip3s0" postype="main" tense="present" wd="considera"/>
    </grup.verb>
    <sa arg="arg2" func="cpred" predicate="cd" tem="atr">
      <grup.a>
        <a gen="m" lem="necessari" num="s" pos="aq0ms0" postype="qualificative" wd="necessari"/>
      </grup.a>
    </sa>
    <S arg="arg1" clausetype="completive" func="cd" impersonal="yes" tem="pat">
      <infinitiu>
        <v lem="unificar" lss="A21.transitive-agentive-patient" mood="infinitive" pos="vmn0000" postype="main" wd="unificar"/>
      </infinitiu>
      <sp arg="argM" func="cc" tem="adv">
        <prep>
          <s lem="en" pos="sps00" postype="preposition" wd="en"/>
        </prep>
        <sn entityref="nne">
          <spec gen="m" num="s">
            <d gen="m" lem="un" num="s" pos="di0ms0" postype="indefinite" wd="un"/>
          </spec>
          <grup.nom gen="m" num="s">
            <s.a gen="m" num="s">
              <grup.a gen="m" num="s">
                <a gen="m" lem="sol" num="s" pos="aq0ms0" postype="qualificative" wd="sol"/>
              </grup.a>
            </s.a>
            <n gen="m" lem="comandament" num="s" pos="ncms000" postype="common" sense="16:06201293" wd="comandament"/>
          </grup.nom>
        </sn>
      </sp>
      <sn arg="arg1" entityref="nne" func="cd" homophoricDD="yes" tem="pat">
        <spec gen="f" num="s">
          <d gen="f" lem="el" num="s" pos="da0fs0" postype="article" wd="la"/>
        </spec>
        <grup.nom gen="f" num="s">
          <n gen="f" lem="gestió" num="s" pos="ncfs000" postype="common" sense="16:00736489" wd="gestió"/>
          <s.a gen="f" num="s">
            <grup.a gen="f" num="s">
              <a gen="c" lem="policial" num="s" pos="aq0cs0" postype="qualificative" wd="policial"/>
            </grup.a>
          </s.a>
        </grup.nom>
      </sn>
    </S>
    <f lem="." pos="fp" punct="period" wd="."/>
  </sentence>
  <sentence>
    <sadv func="et">
      <grup.adv>
        <r lem="a_més" pos="rg" wd="A_més"/>
      </grup.adv>
    </sadv>
    <sp arg="argM" func="cc" tem="fin">
      <prep>
        <s lem="per" pos="sps00" postype="preposition" wd="per"/>
      </prep>
      <S clausetype="completive" impersonal="yes">
        <infinitiu>
          <v lem="evitar" lss="A21.transitive-agentive-patient" mood="infinitive" pos="vmn0000" postype="main" wd="evitar"/>
        </infinitiu>
        <sn arg="arg1" entityref="nne" func="cd" tem="pat">
          <f lem="'" pos="fz" punct="mathsign" wd="'"/>
          <spec gen="f" num="s">
            <d gen="f" lem="aquest" num="s" pos="dd0fs0" postype="demonstrative" wd="aquesta"/>
          </spec>
          <grup.nom gen="f" num="s">
            <n gen="f" lem="sensació" num="s" pos="ncfs000" postype="common" sense="16:04388620" wd="sensació"/>
            <S clausetype="completive" coord="yes">
              <conj conjunctiontype="subordinating">
                <c lem="que" pos="cs" postype="subordinating" wd="que"/>
              </conj>
              <S clausetype="completive">
                <sn arg="arg1" entityref="nne" func="suj" tem="tem">
                  <grup.nom gen="m" num="p">
                    <p gen="m" lem="un" num="p" pos="pi0mp000" postype="indefinite" wd="uns"/>
                  </grup.nom>
                </sn>
                <grup.verb>
                  <v lem="anar" mood="indicative" num="p" person="3" pos="vaip3p0" postype="auxiliary" tense="present" wd="van"/>
                  <gerundi>
                    <v lem="arribar" lss="B11.unaccusative-motion" mood="gerund" pos="vmg0000" postype="main" wd="arribant"/>
                  </gerundi>
                </grup.verb>
                <sadv arg="argM" func="cc" tem="mnr">
                  <grup.adv>
                    <r lem="a_poc_a_poc" pos="rg" wd="a_poc_a_poc"/>
                  </grup.adv>
                </sadv>
              </S>
              <conj conjunctiontype="coordinating">
                <c lem="i" pos="cc" postype="coordinating" wd="i"/>
              </conj>
              <S clausetype="completive">
                <sn arg="arg0" entityref="nne" func="suj" tem="agt">
                  <spec gen="m" num="p">
                    <d gen="m" lem="el" num="p" pos="da0mp0" postype="article" wd="els"/>
                  </spec>
                  <grup.nom gen="m" num="p">
                    <p gen="c" lem="altre" num="p" pos="pi0cp000" postype="indefinite" wd="altres"/>
                  </grup.nom>
                </sn>
                <morfema.pronominal>
                  <p gen="c" lem="ell" num="c" person="3" pos="p0300000" wd="se"/>
                </morfema.pronominal>
                <morfema.pronominal>
                  <p gen="c" lem="en" num="c" person="3" pos="pp3cn000" postype="personal" wd="'n"/>
                </morfema.pronominal>
                <grup.verb>
                  <v lem="anar" lss="D11.inergative-agentive" mood="indicative" num="p" person="3" pos="vmip3p0" postype="main" tense="present" wd="van"/>
                </grup.verb>
                <sp arg="argM" func="cc" tem="adv">
                  <prep>
                    <s lem="sense" pos="sps00" postype="preposition" wd="sense"/>
                  </prep>
                  <S clausetype="completive" impersonal="yes">
                    <infinitiu>
                      <v lem="cobrir" lss="A11.transitive-causative" mood="infinitive" pos="vmn0000" postype="main" wd="cobrir"/>
                    </infinitiu>
                    <sn arg="arg1" coreftype="ident" entity="entity14" entityref="nne" func="cd" homophoricDD="yes" tem="tem">
                      <spec gen="f" num="p">
                        <d gen="f" lem="el" num="p" pos="da0fp0" postype="article" wd="les"/>
                      </spec>
                      <grup.nom gen="f" num="p">
                        <n gen="f" lem="plaça" num="p" pos="ncfp000" postype="common" sense="16:cs1" wd="places"/>
                      </grup.nom>
                    </sn>
                  </S>
                </sp>
              </S>
            </S>
          </grup.nom>
          <f lem="'" pos="fz" punct="mathsign" wd="'"/>
        </sn>
      </S>
    </sp>
    <sn arg="arg0" coreftype="ident" entity="entity1" entityref="spec" func="suj" tem="agt">
      <spec gen="m" num="s">
        <d gen="m" lem="el" num="s" pos="da0ms0" postype="article" wd="el"/>
      </spec>
      <grup.nom gen="m" num="s">
        <n gen="c" lem="portaveu" num="s" pos="nccs000" postype="common" sense="16:07601722" wd="portaveu"/>
      </grup.nom>
    </sn>
    <grup.verb>
      <v lem="haver" mood="indicative" num="s" person="3" pos="vaip3s0" postype="auxiliary" tense="present" wd="ha"/>
      <v gen="m" lem="instar" lss="A34.ditransitive-patient-theme" mood="participle" num="s" pos="vmp00sm" postype="main" wd="instat"/>
    </grup.verb>
    <sp arg="arg2" func="creg" tem="tem">
      <prep>
        <s lem="a" pos="sps00" postype="preposition" wd="a"/>
      </prep>
      <S clausetype="completive" impersonal="yes">
        <infinitiu>
          <v lem="accelerar" lss="A11.transitive-causative" mood="infinitive" pos="vmn0000" postype="main" wd="accelerar"/>
        </infinitiu>
        <sn arg="arg1" entityref="nne" func="cd" homophoricDD="yes" tem="tem">
          <spec gen="m" num="s">
            <d gen="m" lem="el" num="s" pos="da0ms0" postype="article" wd="el"/>
          </spec>
          <grup.nom gen="m" num="s">
            <n gen="m" lem="desplegament" num="s" pos="ncms000" postype="common" sense="16:00741201" wd="desplegament"/>
            <sp>
              <prep>
                <s contracted="yes" gen="m" lem="del" num="p" pos="spcmp" postype="preposition" wd="dels"/>
              </prep>
              <sn entityref="ne" ne="organization">
                <grup.nom gen="m" num="p">
                  <n lem="Mossos_d'_Esquadra" ne="organization" pos="np0000o" postype="proper" sense="16:cs1" wd="Mossos_d'_Esquadra"/>
                  <sp>
                    <prep>
                      <s lem="com_a" pos="sps00" postype="preposition" wd="com_a"/>
                    </prep>
                    <sn>
                      <grup.nom gen="f" num="s">
                        <n gen="c" lem="policia" num="s" pos="nccs000" postype="common" sense="16:07485319" wd="policia"/>
                        <s.a gen="f" num="s">
                          <grup.a gen="f" num="s">
                            <a gen="c" lem="integral" num="s" pos="aq0cs0" postype="qualificative" wd="integral"/>
                          </grup.a>
                        </s.a>
                      </grup.nom>
                    </sn>
                  </sp>
                </grup.nom>
              </sn>
            </sp>
          </grup.nom>
        </sn>
      </S>
    </sp>
    <f lem="." pos="fp" punct="period" wd="."/>
  </sentence>
  <sentence>
    <sn arg="arg0" coreftype="ident" entity="entity15" entityref="ne" func="suj" ne="organization" tem="agt">
      <spec gen="f" num="s">
        <d gen="c" lem="el" num="s" pos="da0cs0" postype="article" wd="L'"/>
      </spec>
      <grup.nom gen="f" num="s">
        <n lem="Executiva" ne="organization" pos="np0000o" postype="proper" sense="16:cs1" wd="Executiva"/>
        <sp>
          <prep>
            <s contracted="yes" gen="m" lem="del" num="p" pos="spcmp" postype="preposition" wd="dels"/>
          </prep>
          <sn coreftype="ident" entity="entity5" entityref="spec" homophoricDD="yes">
            <grup.nom gen="m" num="p">
              <n gen="c" lem="socialista" num="p" pos="nccp000" postype="common" sense="16:07588809" wd="socialistes"/>
            </grup.nom>
          </sn>
        </sp>
      </grup.nom>
    </sn>
    <grup.verb>
      <v lem="haver" mood="indicative" num="s" person="3" pos="vaip3s0" postype="auxiliary" tense="present" wd="ha"/>
      <v gen="m" lem="aprovar" lss="A21.transitive-agentive-patient" mood="participle" num="s" pos="vmp00sm" postype="main" wd="aprovat"/>
    </grup.verb>
    <S arg="arg1" clausetype="completive" func="cd" impersonal="yes" tem="pat">
      <infinitiu>
        <v lem="promoure" lss="A21.transitive-agentive-patient" mood="infinitive" pos="vmn0000" postype="main" wd="promoure"/>
      </infinitiu>
      <sn arg="arg1" entityref="nne" func="cd" homophoricDD="yes" tem="pat">
        <spec gen="f" num="s">
          <d gen="f" lem="el" num="s" pos="da0fs0" postype="article" wd="la"/>
        </spec>
        <grup.nom gen="f" num="s">
          <n gen="f" lem="inclusió" num="s" pos="ncfs000" postype="common" sense="16:00239677" wd="inclusió"/>
          <sp>
            <prep>
              <s lem="a" pos="sps00" postype="preposition" wd="a"/>
            </prep>
            <sn entityref="ne" ne="other">
              <spec gen="f" num="s">
                <d gen="f" lem="el" num="s" pos="da0fs0" postype="article" wd="la"/>
              </spec>
              <grup.nom gen="f" num="s">
                <n lem="Llei_Electoral" ne="other" pos="np0000a" postype="proper" sense="16:cs1" wd="Llei_Electoral"/>
              </grup.nom>
            </sn>
          </sp>
          <S clausetype="completive">
            <conj conjunctiontype="subordinating">
              <c lem="que" pos="cs" postype="subordinating" wd="que"/>
            </conj>
            <sn arg="arg1" entityref="nne" func="suj" homophoricDD="yes" tem="tem">
              <spec gen="f" num="s">
                <d gen="f" lem="el" num="s" pos="da0fs0" postype="article" wd="la"/>
              </spec>
              <grup.nom gen="f" num="s">
                <n gen="f" lem="quota" num="s" pos="ncfs000" postype="common" sense="16:cs1" wd="quota"/>
                <sp coord="yes">
                  <conj conjunctiontype="coordinating">
                    <r lem="tant" pos="rg" wd="tant"/>
                  </conj>
                  <sp>
                    <prep>
                      <s lem="de" pos="sps00" postype="preposition" wd="d'"/>
                    </prep>
                    <sn>
                      <grup.nom gen="m" num="p">
                        <n gen="m" lem="home" num="p" pos="ncmp000" postype="common" sense="16:07391044" wd="homes"/>
                      </grup.nom>
                    </sn>
                  </sp>
                  <conj conjunctiontype="coordinating">
                    <c lem="com" pos="cs" postype="subordinating" wd="com"/>
                  </conj>
                  <sp>
                    <prep>
                      <s lem="de" pos="sps00" postype="preposition" wd="de"/>
                    </prep>
                    <sn>
                      <grup.nom gen="f" num="p">
                        <n gen="f" lem="dona" num="p" pos="ncfp000" postype="common" sense="16:07684780" wd="dones"/>
                      </grup.nom>
                    </sn>
                  </sp>
                </sp>
              </grup.nom>
            </sn>
            <grup.verb>
              <v lem="estar" lss="C21.state-attributive" mood="subjunctive" num="s" person="3" pos="vmsp3s0" postype="main" tense="present" wd="estigui"/>
            </grup.verb>
            <sadv arg="arg2" func="atr" tem="atr">
              <grup.adv>
                <r lem="per_sota" pos="rg" wd="per_sota"/>
                <sp>
                  <prep>
                    <s contracted="yes" gen="m" lem="del" num="s" pos="spcms" postype="preposition" wd="del"/>
                  </prep>
                  <sn entityref="ne" ne="number">
                    <grup.nom gen="m" num="s">
                      <z lem="40/100" ne="number" pos="zp" postype="percentage" wd="40%"/>
                    </grup.nom>
                  </sn>
                </sp>
              </grup.adv>
            </sadv>
            <sp arg="argM" func="cc" tem="loc">
              <prep>
                <s lem="a" pos="sps00" postype="preposition" wd="a"/>
              </prep>
              <sn entityref="nne" homophoricDD="yes">
                <spec gen="f" num="p">
                  <d gen="f" lem="el" num="p" pos="da0fp0" postype="article" wd="les"/>
                </spec>
                <grup.nom gen="f" num="p">
                  <n gen="f" lem="llista" num="p" pos="ncfp000" postype="common" sense="16:cs1" wd="llistes"/>
                  <s.a gen="f" num="p">
                    <grup.a gen="f" num="p">
                      <a gen="c" lem="electoral" num="p" pos="aq0cp0" postype="qualificative" wd="electorals"/>
                    </grup.a>
                  </s.a>
                </grup.nom>
              </sn>
            </sp>
          </S>
        </grup.nom>
      </sn>
    </S>
    <f lem="." pos="fp" punct="period" wd="."/>
  </sentence>
</article>
