<?xml version="1.0" encoding="UTF-8"?>
<!-- 

  ancora-2.0
       
			Copyright (C) 2007, 2008, 2009, 2010, 2011 UB - CLiC
			Centre de Llenguatge i Computació - Universitat de Barcelona
 
  This file is part of ancora-2.0.
 
  ancora-2.0 is free software and data: you can redistribute it and/or modify
  it under the terms of the GNU General Public License as published
  by the Free Software Foundation, either version 3 of the License,
  or (at your option) any later version.

  ancora-2.0 is distributed in the hope that it will be useful,
  but WITHOUT ANY WARRANTY; without even the implied warranty of
  MERCHANTABILITY or FITNESS FOR A PARTICULAR PURPOSE.  See the
  GNU General Public License for more details.
 
  You should have received a copy of the GNU General Public License
  along with ancora-2.0.  If not, see &lt;http://www.gnu.org/licenses/&gt;.
 
  Check a text in catalan explaining the terms of the license at http://www.softcatala.cat/wiki/GPL3.
  In spanish at http://www.viti.es/gnu/licenses/gpl.html
 

  The following paper must be cited when using this corpus:

 * Taulé, M., M.A. Martí, M. Recasens (2008) 'Ancora: Multilevel Annotated Corpora for Catalan and Spanish',
   Proceedings of 6th International Conference on Language Resources and Evaluation. Marrakesh (Morocco).

  In addition, the following paper must be cited if coreference information (attributes entity, coreftype,
  corefsubtype, homophoricDD or entityref) is used:

 * Recasens, Marta, M. Antònia Martí (2010) ‘AnCora-CO: Coreferentially annotated corpora for Spanish and
   Catalan’. Language Resources and Evaluation, Springer Science.

  Additionally, the following paper must be cited when argumental attributes in "sn" or "grup.nom"
  (attributes func, arg, tem or lexicalid) are used:

 * Peris, Aina, Mariona Taulé, Horacio Rodríguez (2010) ‘Semantic Annotation of Deverbal Nominalizations in the
   Spanish AnCora corpus’. Treebanks and Linguistic Theories (TLT-2010), Estonia.
-->
<article lng="ca">
  <sentence>
    <sn arg="arg1" entity="entity4" entityref="nne" func="suj" tem="tem" title="yes">
      <spec gen="m" num="p">
        <d gen="m" lem="tot" num="p" pos="di0mp0" postype="indefinite" wd="Tots"/>
        <d gen="m" lem="el" num="p" pos="da0mp0" postype="article" wd="els"/>
      </spec>
      <grup.nom gen="m" num="p">
        <n gen="m" lem="veí" num="p" pos="ncmp000" postype="common" sense="16:06949059" wd="veïns"/>
        <sp>
          <prep>
            <s lem="de" pos="sps00" postype="preposition" wd="de"/>
          </prep>
          <sn entity="entity2" entityref="ne" ne="location" title="yes">
            <grup.nom>
              <n lem="Sant-Etienne-en-Dévouly" ne="location" pos="np0000l" postype="proper" sense="16:cs1" wd="Sant-Etienne-en-Dévouly"/>
            </grup.nom>
          </sn>
        </sp>
      </grup.nom>
    </sn>
    <grup.verb>
      <v lem="tenir" lss="C21.state-attributive" mood="indicative" num="p" person="3" pos="vmii3p0" postype="main" tense="imperfect" wd="tenien"/>
    </grup.verb>
    <sn arg="arg2" entityref="nne" func="cd" functype="quantitative" tem="atr" title="yes">
      <grup.nom gen="m" num="p">
        <n gen="m" lem="conegut" num="p" pos="ncmp000" postype="common" sense="16:07060310" wd="coneguts"/>
      </grup.nom>
    </sn>
    <sp arg="argM" func="cc" tem="adv">
      <prep>
        <s lem="entre" pos="sps00" postype="preposition" wd="entre"/>
      </prep>
      <sn entity="entity6" entityref="nne" title="yes">
        <spec gen="f" num="p">
          <d gen="f" lem="el" num="p" pos="da0fp0" postype="article" wd="les"/>
        </spec>
        <grup.nom gen="f" num="p">
          <n gen="f" lem="víctima" num="p" pos="ncfp000" postype="common" sense="16:07665319" wd="víctimes"/>
        </grup.nom>
      </sn>
    </sp>
    <f lem="." pos="fp" punct="period" wd="."/>
  </sentence>
  <sentence entity="entity1">
    <sn arg="arg1" entityref="nne" func="suj" tem="tem">
      <spec gen="f" num="s">
        <d gen="f" lem="tot" num="s" pos="di0fs0" postype="indefinite" wd="Tota"/>
        <d gen="f" lem="el" num="s" pos="da0fs0" postype="article" wd="la"/>
      </spec>
      <grup.nom gen="f" num="s">
        <n gen="f" lem="muntanya" num="s" pos="ncfs000" postype="common" sense="16:06711088" wd="muntanya"/>
      </grup.nom>
    </sn>
    <grup.verb>
      <v lem="estar" lss="C21.state-attributive" mood="indicative" num="s" person="3" pos="vmip3s0" postype="main" tense="present" wd="està"/>
    </grup.verb>
    <sp arg="arg2" func="atr" tem="atr">
      <prep>
        <s lem="de" pos="sps00" postype="preposition" wd="de"/>
      </prep>
      <sn entityref="lex">
        <grup.nom gen="m" num="s">
          <n gen="m" lem="dol" num="s" pos="ncms000" postype="common" sense="16:cs1" wd="dol"/>
        </grup.nom>
      </sn>
    </sp>
    <f lem="." pos="fp" punct="period" wd="."/>
  </sentence>
  <sentence>
    <sn arg="arg1" corefsubtype="prop" coreftype="dx" entity="entity1" entityref="nne" func="suj" tem="tem">
      <spec gen="f" num="s">
        <d gen="f" lem="aquest" num="s" pos="dd0fs0" postype="demonstrative" wd="Aquesta"/>
      </spec>
      <grup.nom gen="f" num="s">
        <n gen="f" lem="frase" num="s" pos="ncfs000" postype="common" sense="16:05261047" wd="frase"/>
        <S clausetype="participle" impersonal="yes">
          <participi>
            <a gen="f" lem="pronunciat" lss="B22.unaccusative-passive-transitive" num="s" pos="aq0fsp" posfunction="participle" postype="qualificative" wd="pronunciada"/>
          </participi>
          <sp arg="argM" func="cc" tem="loc">
            <prep>
              <s lem="davant" pos="sps00" postype="preposition" wd="davant"/>
            </prep>
            <sn entity="entity11" entityref="nne" homophoricDD="yes">
              <spec gen="f" num="p">
                <d gen="f" lem="el" num="p" pos="da0fp0" postype="article" wd="les"/>
              </spec>
              <grup.nom gen="f" num="p">
                <n gen="c" lem="càmera" num="p" pos="nccp000" postype="common" sense="16:03481923" wd="càmeres"/>
                <sp>
                  <prep>
                    <s lem="de" pos="sps00" postype="preposition" wd="de"/>
                  </prep>
                  <sn>
                    <grup.nom gen="f" num="s">
                      <n gen="f" lem="televisió" num="s" pos="ncfs000" postype="common" sense="16:04745188" wd="televisió"/>
                    </grup.nom>
                  </sn>
                </sp>
              </grup.nom>
            </sn>
          </sp>
          <sp arg="arg0" func="cag" tem="agt">
            <prep>
              <s lem="per" pos="sps00" postype="preposition" wd="per"/>
            </prep>
            <sn entity="entity3" entityref="ne" ne="person">
              <spec gen="m" num="s">
                <d gen="c" lem="el" num="s" pos="da0cs0" postype="article" wd="l'"/>
              </spec>
              <grup.nom gen="m" num="s">
                <n gen="m" lem="alcalde" num="s" pos="ncms000" postype="common" sense="16:07401898" wd="alcalde"/>
                <sp>
                  <prep>
                    <s lem="de" pos="sps00" postype="preposition" wd="de"/>
                  </prep>
                  <sn coreftype="ident" entity="entity2" entityref="ne" ne="location">
                    <grup.nom>
                      <n lem="Saint-Etienne-en-Dévouly" ne="location" pos="np0000l" postype="proper" sense="16:cs1" wd="Saint-Etienne-en-Dévouly"/>
                    </grup.nom>
                  </sn>
                </sp>
                <sn corefsubtype="definit" coreftype="pred" entity="entity3" entityref="ne" ne="person">
                  <f lem="," pos="fc" punct="comma" wd=","/>
                  <grup.nom gen="m" num="s">
                    <n lem="Jean-Marie_Bernard" ne="person" pos="np0000p" postype="proper" sense="16:cs1" wd="Jean-Marie_Bernard"/>
                  </grup.nom>
                </sn>
              </grup.nom>
            </sn>
          </sp>
          <sp arg="argM" func="cc" tem="adv">
            <f lem="," pos="fc" punct="comma" wd=","/>
            <prep>
              <s lem="amb" pos="sps00" postype="preposition" wd="amb"/>
            </prep>
            <sn coord="yes">
              <sn entityref="nne">
                <grup.nom gen="f" num="p">
                  <n gen="f" lem="llàgrima" num="p" pos="ncfp000" postype="common" sense="16:10017947" wd="llàgrimes"/>
                  <sp>
                    <prep>
                      <s contracted="yes" gen="m" lem="al" num="p" pos="spcmp" postype="preposition" wd="als"/>
                    </prep>
                    <sn entityref="nne" homophoricDD="yes">
                      <grup.nom gen="m" num="p">
                        <n gen="m" lem="ull" num="p" pos="ncmp000" postype="common" sense="16:04122028" wd="ulls"/>
                      </grup.nom>
                    </sn>
                  </sp>
                </grup.nom>
              </sn>
              <conj conjunctiontype="coordinating">
                <c lem="i" pos="cc" postype="coordinating" wd="i"/>
              </conj>
              <sn entityref="nne" homophoricDD="yes">
                <spec gen="f" num="s">
                  <d gen="f" lem="el" num="s" pos="da0fs0" postype="article" wd="la"/>
                </spec>
                <grup.nom gen="f" num="s">
                  <n gen="f" lem="veu" num="s" pos="ncfs000" postype="common" sense="16:03893274" wd="veu"/>
                  <S clausetype="participle" impersonal="yes">
                    <participi>
                      <a gen="f" lem="escanyat" num="s" pos="aq0fsp" posfunction="participle" postype="qualificative" wd="escanyada"/>
                    </participi>
                  </S>
                </grup.nom>
              </sn>
            </sn>
            <f lem="," pos="fc" punct="comma" wd=","/>
          </sp>
        </S>
      </grup.nom>
    </sn>
    <grup.verb>
      <v lem="resumir" lss="C21.state-attributive" mood="indicative" num="s" person="3" pos="vmip3s0" postype="main" tense="present" wd="resumeix"/>
    </grup.verb>
    <sn arg="arg2" entityref="nne" func="cd" functype="quantitative" homophoricDD="yes" tem="atr">
      <spec gen="m" num="s">
        <d gen="m" lem="el" num="s" pos="da0ms0" postype="article" wd="el"/>
      </spec>
      <grup.nom gen="m" num="s">
        <n gen="m" lem="sentiment" num="s" pos="ncms000" postype="common" sense="16:00014045" wd="sentiment"/>
        <sp>
          <prep>
            <s contracted="yes" gen="m" lem="del" num="p" pos="spcmp" postype="preposition" wd="dels"/>
          </prep>
          <sn coreftype="ident" entity="entity4" entityref="nne" homophoricDD="yes">
            <grup.nom gen="m" num="p">
              <n gen="c" lem="habitant" num="p" pos="nccp000" postype="common" sense="16:06949059" wd="habitants"/>
              <sp>
                <prep>
                  <s contracted="yes" gen="m" lem="del" num="s" pos="spcms" postype="preposition" wd="del"/>
                </prep>
                <sn coreftype="ident" entity="entity2" entityref="spec">
                  <grup.nom gen="m" num="s">
                    <n gen="m" lem="poblet" num="s" pos="ncms000" postype="common" sense="16:cs1" wd="poblet"/>
                  </grup.nom>
                </sn>
              </sp>
            </grup.nom>
          </sn>
        </sp>
      </grup.nom>
    </sn>
    <sadv arg="argM" func="cc" tem="tmp">
      <grup.adv>
        <r lem="després" pos="rg" wd="després"/>
        <sp>
          <prep>
            <s lem="de" pos="sps00" postype="preposition" wd="de"/>
          </prep>
          <sn entity="entity5" entityref="nne" homophoricDD="yes">
            <spec gen="f" num="s">
              <d gen="f" lem="el" num="s" pos="da0fs0" postype="article" wd="la"/>
            </spec>
            <grup.nom gen="f" num="s">
              <n gen="f" lem="catàstrofe" num="s" pos="ncfs000" postype="common" sense="16:10384515" wd="catàstrofe"/>
              <S clausetype="relative">
                <relatiu arg="arg0" coreftype="ident" entity="entity5" entityref="nne" func="suj" tem="cau">
                  <p gen="c" lem="que" num="c" pos="pr0cn000" postype="relative" wd="que"/>
                </relatiu>
                <grup.verb>
                  <v lem="anar" mood="indicative" num="s" person="3" pos="vaip3s0" postype="auxiliary" tense="present" wd="va"/>
                  <v lem="causar" lss="A11.transitive-causative" mood="infinitive" pos="vmn0000" postype="main" wd="causar"/>
                </grup.verb>
                <sn arg="arg1" entityref="nne" func="cd" homophoricDD="yes" tem="tem">
                  <spec gen="f" num="s">
                    <d gen="f" lem="el" num="s" pos="da0fs0" postype="article" wd="la"/>
                  </spec>
                  <grup.nom gen="f" num="s">
                    <n gen="f" lem="mort" num="s" pos="ncfs000" postype="common" sense="16:05479076" wd="mort"/>
                    <sp>
                      <prep>
                        <s lem="de" pos="sps00" postype="preposition" wd="de"/>
                      </prep>
                      <sn coreftype="ident" entity="entity6" entityref="nne">
                        <spec gen="f" num="p">
                          <z lem="20" ne="number" wd="20"/>
                        </spec>
                        <grup.nom gen="f" num="p">
                          <n gen="f" lem="persona" num="p" pos="ncfp000" postype="common" sense="16:00004123" wd="persones"/>
                          <sn coord="yes">
                            <f lem="," pos="fc" punct="comma" wd=","/>
                            <f lem="&quot;" pos="fe" punct="quotation" wd="&quot;"/>
                            <sn>
                              <spec gen="m" num="p">
                                <d gen="m" lem="tot" num="p" pos="di0mp0" postype="indefinite" wd="tots"/>
                              </spec>
                              <grup.nom gen="m" num="p">
                                <n gen="m" lem="fill" num="p" pos="ncmp000" postype="common" sense="16:07154837" wd="fills"/>
                                <sp>
                                  <prep>
                                    <s lem="de" pos="sps00" postype="preposition" wd="de"/>
                                  </prep>
                                  <sn entityref="nne">
                                    <spec gen="f" num="s">
                                      <d gen="f" lem="el" num="s" pos="da0fs0" postype="article" wd="la"/>
                                    </spec>
                                    <grup.nom gen="f" num="s">
                                      <n gen="f" lem="regió" num="s" pos="ncfs000" postype="common" sense="16:50004689" wd="regió"/>
                                    </grup.nom>
                                  </sn>
                                </sp>
                              </grup.nom>
                            </sn>
                            <f lem="," pos="fc" punct="comma" wd=","/>
                            <sn>
                              <spec gen="m" num="p">
                                <d gen="m" lem="tot" num="p" pos="di0mp0" postype="indefinite" wd="tots"/>
                              </spec>
                              <grup.nom gen="m" num="p">
                                <n gen="m" lem="conegut" num="p" pos="ncmp000" postype="common" sense="16:07060310" wd="coneguts"/>
                              </grup.nom>
                            </sn>
                            <f lem="&quot;" pos="fe" punct="quotation" wd="&quot;"/>
                          </sn>
                        </grup.nom>
                      </sn>
                    </sp>
                  </grup.nom>
                </sn>
              </S>
            </grup.nom>
          </sn>
        </sp>
      </grup.adv>
    </sadv>
    <f lem="." pos="fp" punct="period" wd="."/>
  </sentence>
  <sentence>
    <sn arg="arg0" complex="yes" func="suj" tem="agt">
      <grup.nom coord="yes">
        <grup.nom coord="yes">
          <grup.nom gen="m" num="p">
            <n gen="c" lem="familiar" num="p" pos="nccp000" postype="common" sense="16:07356867" wd="Familiars"/>
          </grup.nom>
          <conj conjunctiontype="coordinating">
            <c lem="i" pos="cc" postype="coordinating" wd="i"/>
          </conj>
          <grup.nom gen="m" num="p">
            <n gen="m" lem="amic" num="p" pos="ncmp000" postype="common" sense="16:07280379" wd="amics"/>
          </grup.nom>
        </grup.nom>
        <sp adjunct="yes">
          <prep>
            <s lem="de" pos="sps00" postype="preposition" wd="de"/>
          </prep>
          <sn coreftype="ident" entity="entity6" entityref="nne">
            <spec gen="f" num="p">
              <d gen="f" lem="el" num="p" pos="da0fp0" postype="article" wd="les"/>
            </spec>
            <grup.nom gen="f" num="p">
              <n gen="f" lem="víctima" num="p" pos="ncfp000" postype="common" sense="16:07665319" wd="víctimes"/>
            </grup.nom>
          </sn>
        </sp>
      </grup.nom>
    </sn>
    <grup.verb>
      <v lem="esperar" lss="A21.transitive-agentive-patient" mood="indicative" num="p" person="3" pos="vmip3p0" postype="main" tense="present" wd="esperen"/>
    </grup.verb>
    <sn arg="arg1" entityref="nne" func="cd" tem="pat">
      <grup.nom gen="f" num="p">
        <n gen="f" lem="notícia" num="p" pos="ncfp000" postype="common" sense="16:04867981" wd="notícies"/>
        <sp>
          <prep>
            <s lem="de" pos="sps00" postype="preposition" wd="de"/>
          </prep>
          <sn coreftype="ident" entity="entity5" entityref="nne">
            <spec gen="m" num="s">
              <d gen="c" lem="el" num="s" pos="da0cs0" postype="article" wd="l'"/>
            </spec>
            <grup.nom gen="m" num="s">
              <n gen="m" lem="accident" num="s" pos="ncms000" postype="common" sense="16:05443572" wd="accident"/>
            </grup.nom>
          </sn>
        </sp>
      </grup.nom>
    </sn>
    <f lem="." pos="fp" punct="period" wd="."/>
  </sentence>
  <sentence>
    <sn arg="arg1" entityref="nne" func="suj" tem="tem">
      <spec gen="m" num="s">
        <d gen="m" lem="el" num="s" pos="da0ms0" postype="article" wd="El"/>
      </spec>
      <grup.nom gen="m" num="s">
        <n gen="m" lem="dolor" num="s" pos="ncms000" postype="common" sense="16:05571456" wd="dolor"/>
      </grup.nom>
    </sn>
    <grup.verb>
      <v lem="ser" lss="C21.state-attributive" mood="indicative" num="s" person="3" pos="vsii3s0" postype="semiauxiliary" tense="imperfect" wd="era"/>
    </grup.verb>
    <sa arg="arg2" func="atr" tem="atr">
      <grup.a>
        <a gen="m" lem="intens" num="s" pos="aq0ms0" postype="qualificative" wd="intens"/>
      </grup.a>
    </sa>
    <f lem="." pos="fp" punct="period" wd="."/>
  </sentence>
  <sentence>
    <sn arg="arg0" coreftype="ident" entity="entity4" entityref="nne" func="suj" homophoricDD="yes" tem="agt">
      <spec gen="f" num="s">
        <d gen="f" lem="el" num="s" pos="da0fs0" postype="article" wd="La"/>
      </spec>
      <grup.nom gen="f" num="s">
        <n gen="f" lem="població" num="s" pos="ncfs000" postype="common" sense="16:06079663" wd="població"/>
      </grup.nom>
    </sn>
    <grup.verb>
      <v lem="evitar" lss="A21.transitive-agentive-patient" mood="indicative" num="s" person="3" pos="vmii3s0" postype="main" tense="imperfect" wd="evitava"/>
    </grup.verb>
    <sn arg="arg1" entityref="nne" func="cd" homophoricDD="yes" tem="pat">
      <spec gen="f" num="s">
        <d gen="f" lem="el" num="s" pos="da0fs0" postype="article" wd="la"/>
      </spec>
      <grup.nom gen="f" num="s">
        <n gen="f" lem="premsa" num="s" pos="ncfs000" postype="common" sense="16:04736003" wd="premsa"/>
      </grup.nom>
    </sn>
    <f lem="." pos="fp" punct="period" wd="."/>
  </sentence>
  <sentence>
    <S arg="arg1" clausetype="completive" func="cd" tem="pat" verbless="yes">
      <f lem="&quot;" pos="fe" punct="quotation" wd="&quot;"/>
      <sn coord="yes">
        <sn entityref="nne">
          <spec gen="f" num="s">
            <d gen="c" lem="massa" num="c" pos="di0cn0" postype="indefinite" wd="Massa"/>
          </spec>
          <grup.nom gen="f" num="s">
            <n gen="f" lem="emoció" num="s" pos="ncfs000" postype="common" sense="16:05560878" wd="emoció"/>
          </grup.nom>
        </sn>
        <f lem="," pos="fc" punct="comma" wd=","/>
        <sn entityref="nne">
          <spec gen="m" num="s">
            <d gen="c" lem="massa" num="c" pos="di0cn0" postype="indefinite" wd="massa"/>
          </spec>
          <grup.nom gen="m" num="s">
            <n gen="m" lem="dolor" num="s" pos="ncms000" postype="common" sense="16:05571456" wd="dolor"/>
          </grup.nom>
        </sn>
      </sn>
      <f lem="&quot;" pos="fe" punct="quotation" wd="&quot;"/>
      <f lem="," pos="fc" punct="comma" wd=","/>
    </S>
    <grup.verb>
      <v lem="dir" lss="A32.ditransitive-patient-benefactive" mood="indicative" num="s" person="3" pos="vmii3s0" postype="main" tense="imperfect" wd="deia"/>
    </grup.verb>
    <sn arg="arg0" entityref="nne" func="suj" tem="agt">
      <spec gen="f" num="s">
        <d gen="f" lem="un" num="s" pos="di0fs0" postype="indefinite" wd="una"/>
      </spec>
      <grup.nom gen="f" num="s">
        <n gen="f" lem="veïna" num="s" pos="ncfs000" postype="common" sense="16:06949059" wd="veïna"/>
      </grup.nom>
    </sn>
    <f lem="." pos="fp" punct="period" wd="."/>
  </sentence>
  <sentence>
    <sp arg="argM" func="cc" repetition="yes" tem="loc">
      <prep>
        <s contracted="yes" gen="m" lem="al" num="s" pos="spcms" postype="preposition" wd="Al"/>
      </prep>
      <sn entity="entity7" entityref="ne" ne="location">
        <grup.nom gen="m" num="s">
          <n lem="Café_du_Centre" ne="location" pos="np0000l" postype="proper" sense="16:cs1" wd="Café_du_Centre"/>
          <sn>
            <f lem="," pos="fc" punct="comma" wd=","/>
            <grup.nom gen="m" num="s">
              <p gen="m" lem="un" num="s" pos="pi0ms000" postype="indefinite" wd="un"/>
              <sp>
                <prep>
                  <s contracted="yes" gen="m" lem="del" num="p" pos="spcmp" postype="preposition" wd="dels"/>
                </prep>
                <sn entityref="nne" homophoricDD="yes">
                  <spec gen="m" num="p">
                    <d gen="m" lem="poc" num="p" pos="di0mp0" postype="indefinite" wd="pocs"/>
                  </spec>
                  <grup.nom gen="m" num="p">
                    <n gen="m" lem="comerç" num="p" pos="ncmp000" postype="common" sense="16:cs1" wd="comerços"/>
                    <sp>
                      <prep>
                        <s contracted="yes" gen="m" lem="del" num="s" pos="spcms" postype="preposition" wd="del"/>
                      </prep>
                      <sn coreftype="ident" entity="entity2" entityref="spec">
                        <grup.nom gen="m" num="s">
                          <n gen="m" lem="poble" num="s" pos="ncms000" postype="common" sense="16:06383813" wd="poble"/>
                        </grup.nom>
                      </sn>
                    </sp>
                  </grup.nom>
                </sn>
              </sp>
            </grup.nom>
          </sn>
        </grup.nom>
      </sn>
      <f lem="," pos="fc" punct="comma" wd=","/>
    </sp>
    <sn arg="arg1" coreftype="ident" entity="entity4" entityref="nne" func="suj" homophoricDD="yes" tem="tem">
      <spec gen="f" num="s">
        <d gen="f" lem="el" num="s" pos="da0fs0" postype="article" wd="la"/>
      </spec>
      <grup.nom gen="f" num="s">
        <n gen="f" lem="gent" num="s" pos="ncfs000" postype="common" sense="16:06080290" wd="gent"/>
      </grup.nom>
    </sn>
    <sn arg="argM" coreftype="ident" entity="entity7" entityref="spec" func="cc" repetition="yes" tem="loc">
      <grup.nom>
        <p gen="c" lem="hi" num="c" person="3" pos="pp3cn000" postype="personal" wd="hi"/>
      </grup.nom>
    </sn>
    <grup.verb>
      <v lem="acudir" lss="B11.unaccusative-motion" mood="indicative" num="s" person="3" pos="vmii3s0" postype="main" tense="imperfect" wd="acudia"/>
    </grup.verb>
    <S arg="argM" clausetype="adverbial" func="cc" impersonal="yes" tem="adv">
      <gerundi>
        <v lem="buscar" lss="A21.transitive-agentive-patient" mood="gerund" pos="vmg0000" postype="main" wd="buscant"/>
      </gerundi>
      <sn arg="arg1" entityref="nne" func="cd" tem="pat">
        <grup.nom gen="f" num="p">
          <n gen="f" lem="notícia" num="p" pos="ncfp000" postype="common" sense="16:04867981" wd="notícies"/>
        </grup.nom>
      </sn>
    </S>
    <f lem="." pos="fp" punct="period" wd="."/>
  </sentence>
  <sentence>
    <sn arg="arg0" entity="entity9" entityref="nne" func="suj" tem="agt">
      <spec gen="m" num="s">
        <d gen="m" lem="el" num="s" pos="da0ms0" postype="article" wd="El"/>
      </spec>
      <grup.nom gen="m" num="s">
        <n gen="m" lem="propietari" num="s" pos="ncms000" postype="common" sense="16:07451379" wd="propietari"/>
      </grup.nom>
    </sn>
    <grup.verb>
      <v lem="recordar" lss="A21.transitive-agentive-patient" mood="indicative" num="s" person="3" pos="vmii3s0" postype="main" tense="imperfect" wd="recordava"/>
    </grup.verb>
    <sn arg="argM" entityref="lex" func="cc" tem="tmp">
      <spec gen="f" num="s">
        <d gen="f" lem="un" num="s" pos="di0fs0" postype="indefinite" wd="una"/>
      </spec>
      <grup.nom gen="f" num="s">
        <n gen="f" lem="vegada" num="s" pos="ncfs000" postype="common" sense="16:05449233" wd="vegada"/>
        <sadv>
          <grup.adv>
            <r lem="rere" pos="rg" wd="rere"/>
            <sn entityref="lex">
              <spec gen="f" num="s">
                <d gen="c" lem="el" num="s" pos="da0cs0" postype="article" wd="l'"/>
              </spec>
              <grup.nom gen="f" num="s">
                <p gen="f" lem="altre" num="s" pos="pi0fs000" postype="indefinite" wd="altra"/>
              </grup.nom>
            </sn>
          </grup.adv>
        </sadv>
      </grup.nom>
    </sn>
    <sn arg="arg1" entity="entity8" entityref="nne" func="cd" homophoricDD="yes" tem="pat">
      <spec gen="m" num="s">
        <f lem="&quot;" pos="fe" punct="quotation" wd="&quot;"/>
        <d gen="c" lem="el" num="s" pos="da0cs0" postype="article" wd="l'"/>
      </spec>
      <grup.nom gen="m" num="s">
        <n gen="m" lem="horror" num="s" pos="ncms000" postype="common" sense="16:05591377" wd="horror"/>
        <f lem="&quot;" pos="fe" punct="quotation" wd="&quot;"/>
        <S clausetype="relative">
          <relatiu arg="arg1" coreftype="ident" entity="entity8" entityref="nne" func="cd" tem="pat">
            <p gen="c" lem="que" num="c" pos="pr0cn000" postype="relative" wd="que"/>
          </relatiu>
          <sn arg="arg0" coreftype="ident" elliptic="yes" entity="entity9" entityref="nne" func="suj" tem="agt"/>
          <grup.verb>
            <v lem="anar" mood="indicative" num="s" person="3" pos="vaip3s0" postype="auxiliary" tense="present" wd="va"/>
            <v lem="sentir" lss="A21.transitive-agentive-patient" mood="infinitive" pos="vmn0000" postype="main" wd="sentir"/>
          </grup.verb>
          <sp arg="argM" func="cc" tem="tmp">
            <prep>
              <s contracted="yes" gen="m" lem="al" num="s" pos="spcms" postype="preposition" wd="al"/>
            </prep>
            <S clausetype="completive" impersonal="yes">
              <infinitiu>
                <v lem="saber" lss="A22.transitive-agentive-theme" mood="infinitive" pos="vmn0000" postype="main" wd="saber"/>
              </infinitiu>
              <sp arg="argM" func="cc" tem="adv">
                <prep>
                  <s lem="per" pos="sps00" postype="preposition" wd="per"/>
                </prep>
                <sn entityref="lex">
                  <spec gen="f" num="s">
                    <d gen="f" lem="el" num="s" pos="da0fs0" postype="article" wd="la"/>
                  </spec>
                  <grup.nom gen="f" num="s">
                    <n gen="f" lem="ràdio" num="s" pos="ncfs000" postype="common" sense="16:03202746" wd="ràdio"/>
                  </grup.nom>
                </sn>
              </sp>
              <sp arg="arg1" func="creg" tem="tem">
                <prep>
                  <s lem="de" pos="sps00" postype="preposition" wd="de"/>
                </prep>
                <sn entityref="nne" homophoricDD="yes">
                  <spec gen="f" num="s">
                    <d gen="f" lem="el" num="s" pos="da0fs0" postype="article" wd="la"/>
                  </spec>
                  <grup.nom gen="f" num="s">
                    <n gen="f" lem="pèrdua" num="s" pos="ncfs000" postype="common" sense="16:05435659" wd="pèrdua"/>
                    <sp>
                      <f lem="&quot;" pos="fe" punct="quotation" wd="&quot;"/>
                      <prep>
                        <s lem="de" pos="sps00" postype="preposition" wd="d'"/>
                      </prep>
                      <sn entity="entity10" entityref="nne">
                        <spec gen="m" num="s">
                          <d gen="m" lem="un" num="s" pos="di0ms0" postype="indefinite" wd="un"/>
                        </spec>
                        <grup.nom gen="m" num="s">
                          <s.a gen="m" num="s">
                            <grup.a gen="m" num="s">
                              <a gen="c" lem="gran" num="s" pos="aq0cs0" postype="qualificative" wd="gran"/>
                            </grup.a>
                          </s.a>
                          <n gen="m" lem="amic" num="s" pos="ncms000" postype="common" sense="16:07280379" wd="amic"/>
                          <S clausetype="relative">
                            <relatiu arg="arg0" coreftype="ident" entity="entity10" entityref="nne" func="suj" tem="agt">
                              <p gen="c" lem="que" num="c" pos="pr0cn000" postype="relative" wd="que"/>
                            </relatiu>
                            <grup.verb>
                              <v lem="agafar" lss="A21.transitive-agentive-patient" mood="indicative" num="s" person="3" pos="vmii3s0" postype="main" tense="imperfect" wd="agafava"/>
                            </grup.verb>
                            <sn arg="argM" func="cc" tem="tmp">
                              <spec gen="m" num="s">
                                <d gen="c" lem="cada" num="s" pos="di0cs0" postype="indefinite" wd="cada"/>
                              </spec>
                              <grup.nom gen="m" num="s">
                                <n gen="m" lem="dia" num="s" pos="ncms000" postype="common" sense="16:10883946" wd="dia"/>
                              </grup.nom>
                            </sn>
                            <sn arg="arg1" entity="entity14" entityref="nne" func="cd" tem="pat">
                              <spec gen="f" num="s">
                                <d gen="f" lem="el" num="s" pos="da0fs0" postype="article" wd="la"/>
                              </spec>
                              <grup.nom gen="f" num="s">
                                <n gen="f" lem="cabina" num="s" pos="ncfs000" postype="common" sense="16:02316353" wd="cabina"/>
                              </grup.nom>
                            </sn>
                            <sp arg="argM" func="cc" tem="fin">
                              <prep>
                                <s lem="per" pos="sps00" postype="preposition" wd="per"/>
                              </prep>
                              <S clausetype="completive" impersonal="yes">
                                <infinitiu>
                                  <v lem="acudir" lss="B22.unaccusative-passive-transitive" mood="infinitive" pos="vmn0000" postype="main" wd="acudir"/>
                                </infinitiu>
                                <sp arg="arg2" func="creg" tem="loc">
                                  <prep>
                                    <s contracted="yes" gen="m" lem="al" num="s" pos="spcms" postype="preposition" wd="al"/>
                                  </prep>
                                  <sn entityref="nne">
                                    <grup.nom gen="m" num="s">
                                      <n gen="m" lem="treball" num="s" pos="ncms000" postype="common" sense="16:00383807" wd="treball"/>
                                    </grup.nom>
                                  </sn>
                                </sp>
                              </S>
                            </sp>
                          </S>
                        </grup.nom>
                      </sn>
                      <f lem="&quot;" pos="fe" punct="quotation" wd="&quot;"/>
                    </sp>
                  </grup.nom>
                </sn>
              </sp>
            </S>
          </sp>
        </S>
      </grup.nom>
    </sn>
    <f lem="." pos="fp" punct="period" wd="."/>
  </sentence>
  <sentence coord="yes">
    <S>
      <sp arg="argM" func="cc" tem="adv">
        <prep>
          <s lem="entre" pos="sps00" postype="preposition" wd="Entre"/>
        </prep>
        <sn coreftype="ident" entity="entity4" entityref="nne">
          <grup.nom gen="m" num="p">
            <p gen="m" lem="ell" num="p" person="3" pos="pp3mp000" postype="personal" wd="ells"/>
          </grup.nom>
        </sn>
      </sp>
      <sn arg="arg0" coreftype="ident" elliptic="yes" entity="entity4" entityref="nne" func="suj" tem="agt"/>
      <grup.verb>
        <v lem="parlar" lss="A22.transitive-agentive-theme" mood="indicative" num="p" person="3" pos="vmii3p0" postype="main" tense="imperfect" wd="parlaven"/>
      </grup.verb>
      <sp arg="arg1" func="creg" tem="tem">
        <prep>
          <s lem="de" pos="sps00" postype="preposition" wd="de"/>
        </prep>
        <sn entityref="nne" homophoricDD="yes">
          <f lem="&quot;" pos="fe" punct="quotation" wd="&quot;"/>
          <spec gen="f" num="s">
            <d gen="f" lem="el" num="s" pos="da0fs0" postype="article" wd="la"/>
          </spec>
          <grup.nom gen="f" num="s">
            <n gen="f" lem="desgràcia" num="s" pos="ncfs000" postype="common" sense="16:05466690" wd="desgràcia"/>
            <sp>
              <prep>
                <s contracted="yes" gen="m" lem="del" num="p" pos="spcmp" postype="preposition" wd="dels"/>
              </prep>
              <sn entity="entity22" entityref="nne">
                <grup.nom gen="m" num="p">
                  <n gen="m" lem="afectat" num="p" pos="ncmp000" postype="common" sense="16:cs1" wd="afectats"/>
                </grup.nom>
              </sn>
            </sp>
          </grup.nom>
          <f lem="&quot;" pos="fe" punct="quotation" wd="&quot;"/>
        </sn>
      </sp>
      <f lem="," pos="fc" punct="comma" wd=","/>
    </S>
    <conj conjunctiontype="coordinating">
      <c lem="però" pos="cc" postype="coordinating" wd="però"/>
    </conj>
    <S>
      <sn arg="arg0" func="suj" tem="agt">
        <spec gen="m" num="s">
          <r lem="gairebé" pos="rg" wd="gairebé"/>
        </spec>
        <grup.nom gen="m" num="s">
          <p gen="c" lem="ningú" num="s" pos="pi0cs000" postype="indefinite" wd="ningú"/>
        </grup.nom>
      </sn>
      <grup.verb>
        <v lem="voler" lss="A21.transitive-agentive-patient" mood="indicative" num="s" person="3" pos="vmii3s0" postype="main" tense="imperfect" wd="volia"/>
      </grup.verb>
      <S arg="arg1" clausetype="completive" func="cd" impersonal="yes" tem="pat">
        <infinitiu>
          <v lem="fer" lss="A21.transitive-agentive-patient" mood="infinitive" pos="vmn0000" postype="main" wd="fer"/>
        </infinitiu>
        <sn arg="arg1" entityref="nne" func="cd" tem="pat">
          <grup.nom gen="m" num="p">
            <n gen="m" lem="comentari" num="p" pos="ncmp000" postype="common" sense="16:04412315" wd="comentaris"/>
          </grup.nom>
        </sn>
        <sp arg="argM" func="cc" tem="loc">
          <prep>
            <s lem="davant" pos="sps00" postype="preposition" wd="davant"/>
          </prep>
          <sn coreftype="ident" entity="entity11" entityref="nne" homophoricDD="yes">
            <spec gen="m" num="p">
              <d gen="m" lem="el" num="p" pos="da0mp0" postype="article" wd="els"/>
            </spec>
            <grup.nom gen="m" num="p">
              <n gen="m" lem="micròfon" num="p" pos="ncmp000" postype="common" sense="16:02995215" wd="micròfons"/>
            </grup.nom>
          </sn>
        </sp>
      </S>
    </S>
    <f lem="." pos="fp" punct="period" wd="."/>
  </sentence>
  <sentence>
    <sn arg="arg0" entity="entity12" entityref="nne" func="suj" tem="agt">
      <spec gen="m" num="p">
        <d gen="m" lem="dos" num="p" pos="dn0mp0" postype="numeral" wd="Dos"/>
      </spec>
      <grup.nom gen="m" num="p">
        <n gen="m" lem="obrer" num="p" pos="ncmp000" postype="common" sense="16:07687635" wd="obrers"/>
      </grup.nom>
    </sn>
    <sn arg="arg1" func="cd" tem="pat">
      <grup.nom>
        <p gen="c" lem="ell" num="c" person="3" pos="pp3cn000" postype="personal" wd="es"/>
      </grup.nom>
    </sn>
    <grup.verb>
      <v lem="anar" mood="indicative" num="p" person="3" pos="vaip3p0" postype="auxiliary" tense="present" wd="van"/>
      <v lem="salvar" lss="A34.ditransitive-patient-theme" mood="infinitive" pos="vmn0000" postype="main" wd="salvar"/>
    </grup.verb>
    <sp arg="argM" func="cc" tem="adv">
      <prep>
        <s lem="de" pos="sps00" postype="preposition" wd="de"/>
      </prep>
      <sn entityref="lex">
        <grup.nom gen="m" num="s">
          <n gen="m" lem="miracle" num="s" pos="ncms000" postype="common" sense="16:05436886" wd="miracle"/>
        </grup.nom>
      </sn>
    </sp>
    <sp arg="arg2" func="creg" tem="tem">
      <prep>
        <s lem="de" pos="sps00" postype="preposition" wd="d'"/>
      </prep>
      <sn entityref="nne">
        <spec gen="f" num="s">
          <d gen="f" lem="un" num="s" pos="di0fs0" postype="indefinite" wd="una"/>
        </spec>
        <grup.nom gen="f" num="s">
          <n gen="f" lem="mort" num="s" pos="ncfs000" postype="common" sense="16:05479076" wd="mort"/>
          <s.a gen="f" num="s">
            <grup.a gen="f" num="s">
              <a gen="f" lem="segur" num="s" pos="aq0fs0" postype="qualificative" wd="segura"/>
            </grup.a>
          </s.a>
        </grup.nom>
      </sn>
    </sp>
    <f lem="." pos="fp" punct="period" wd="."/>
  </sentence>
  <sentence>
    <sn arg="arg0" entity="entity13" entityref="nne" func="suj" tem="agt">
      <grup.nom gen="m" num="s">
        <p gen="m" lem="un" num="s" pos="pi0ms000" postype="indefinite" wd="Un"/>
        <sp>
          <prep>
            <s lem="de" pos="sps00" postype="preposition" wd="d'"/>
          </prep>
          <sn coreftype="ident" entity="entity12" entityref="nne">
            <grup.nom gen="m" num="p">
              <p gen="m" lem="ell" num="p" person="3" pos="pp3mp000" postype="personal" wd="ells"/>
            </grup.nom>
          </sn>
        </sp>
      </grup.nom>
    </sn>
    <grup.verb>
      <v lem="anar" mood="indicative" num="s" person="3" pos="vaip3s0" postype="auxiliary" tense="present" wd="va"/>
      <v lem="declarar" lss="A32.ditransitive-patient-benefactive" mood="infinitive" pos="vmn0000" postype="main" wd="declarar"/>
    </grup.verb>
    <sp arg="argM" func="cc" tem="loc">
      <prep>
        <s lem="en" pos="sps00" postype="preposition" wd="en"/>
      </prep>
      <sn entityref="nne">
        <spec gen="f" num="s">
          <d gen="f" lem="un" num="s" pos="di0fs0" postype="indefinite" wd="una"/>
        </spec>
        <grup.nom gen="f" num="s">
          <n gen="f" lem="ràdio" num="s" pos="ncfs000" postype="common" sense="16:04745080" wd="ràdio"/>
          <s.a gen="f" num="s">
            <grup.a gen="f" num="s">
              <a gen="c" lem="local" num="s" pos="aq0cs0" postype="qualificative" wd="local"/>
            </grup.a>
          </s.a>
        </grup.nom>
      </sn>
    </sp>
    <S arg="arg1" clausetype="completive" func="cd" tem="pat">
      <f lem=":" pos="fd" punct="colon" wd=":"/>
      <f lem="&quot;" pos="fe" punct="quotation" wd="&quot;"/>
      <sadv func="mod">
        <grup.adv>
          <r lem="simplement" pos="rg" wd="Simplement"/>
        </grup.adv>
        <f lem="," pos="fc" punct="comma" wd=","/>
      </sadv>
      <sn arg="arg1" elliptic="yes" entityref="lex" func="suj" tem="tem"/>
      <neg func="mod">
        <r lem="no" pos="rn" postype="negative" wd="no"/>
      </neg>
      <grup.verb>
        <v lem="ser" lss="C21.state-attributive" mood="indicative" num="s" person="3" pos="vsii3s0" postype="semiauxiliary" tense="imperfect" wd="era"/>
      </grup.verb>
      <sn arg="arg2" func="atr" tem="atr">
        <spec gen="f" num="s">
          <d coreftype="ident" entity="entity13" entityref="nne" gen="f" lem="el_meu" num="s" person="1" pos="dp1fss" possessornum="s" postype="possessive" wd="la_meva"/>
        </spec>
        <grup.nom gen="f" num="s">
          <n gen="f" lem="hora" num="s" pos="ncfs000" postype="common" sense="16:cs1" wd="hora"/>
        </grup.nom>
      </sn>
      <f lem="&quot;" pos="fe" punct="quotation" wd="&quot;"/>
    </S>
    <f lem="." pos="fp" punct="period" wd="."/>
  </sentence>
  <sentence>
    <sn arg="arg0" coreftype="ident" entity="entity13" entityref="nne" func="suj" tem="agt">
      <spec gen="m" num="s">
        <d gen="m" lem="el" num="s" pos="da0ms0" postype="article" wd="El"/>
      </spec>
      <grup.nom gen="m" num="s">
        <n gen="c" lem="jove" num="s" pos="nccs000" postype="common" sense="16:07692038" wd="jove"/>
      </grup.nom>
    </sn>
    <grup.verb>
      <v lem="anar" mood="indicative" num="s" person="3" pos="vaip3s0" postype="auxiliary" tense="present" wd="va"/>
      <v lem="decidir" lss="A21.transitive-agentive-patient" mood="infinitive" pos="vmn0000" postype="main" wd="decidir"/>
    </grup.verb>
    <sp arg="argM" func="cc" tem="tmp">
      <prep>
        <s lem="a" pos="sps00" postype="preposition" wd="a"/>
      </prep>
      <sn entityref="lex">
        <spec gen="m" num="s">
          <d gen="c" lem="el" num="s" pos="da0cs0" postype="article" wd="l'"/>
        </spec>
        <grup.nom gen="m" num="s">
          <s.a gen="m" num="s">
            <grup.a gen="m" num="s">
              <a gen="m" lem="últim" num="s" pos="ao0ms0" postype="ordinal" wd="últim"/>
            </grup.a>
          </s.a>
          <n gen="m" lem="moment" num="s" pos="ncms000" postype="common" sense="16:10898122" wd="moment"/>
        </grup.nom>
      </sn>
    </sp>
    <S arg="arg1" clausetype="completive" func="cd" impersonal="yes" tem="pat">
      <neg func="mod">
        <r lem="no" pos="rn" postype="negative" wd="no"/>
      </neg>
      <infinitiu>
        <v lem="pujar" lss="B22.unaccusative-passive-transitive" mood="infinitive" pos="vmn0000" postype="main" wd="pujar"/>
      </infinitiu>
      <sp arg="arg2" func="cc" tem="loc">
        <prep>
          <s lem="a" pos="sps00" postype="preposition" wd="a"/>
        </prep>
        <sn coreftype="ident" entity="entity14" entityref="nne">
          <spec gen="f" num="s">
            <d gen="f" lem="el" num="s" pos="da0fs0" postype="article" wd="la"/>
          </spec>
          <grup.nom gen="f" num="s">
            <n gen="f" lem="cabina" num="s" pos="ncfs000" postype="common" sense="16:02316353" wd="cabina"/>
          </grup.nom>
        </sn>
      </sp>
      <S arg="argM" clausetype="adverbial" func="cc" tem="cau">
        <conj conjunctiontype="subordinating">
          <c lem="perquè" pos="cs" postype="subordinating" wd="perquè"/>
        </conj>
        <sn arg="argM" entityref="nne" func="cc" tem="tmp">
          <spec gen="f" num="s">
            <d gen="f" lem="un" num="s" pos="di0fs0" postype="indefinite" wd="una"/>
          </spec>
          <grup.nom gen="f" num="s">
            <n gen="f" lem="hora" num="s" pos="ncfs000" postype="common" sense="16:10938063" wd="hora"/>
            <sadv>
              <spec>
                <r lem="més" pos="rg" wd="més"/>
              </spec>
              <grup.adv>
                <r lem="tard" pos="rg" wd="tard"/>
              </grup.adv>
            </sadv>
          </grup.nom>
        </sn>
        <sn arg="arg0" coreftype="ident" elliptic="yes" entity="entity13" entityref="nne" func="suj" tem="agt"/>
        <grup.verb>
          <v lem="haver" mood="indicative" num="s" person="3" pos="vaii3s0" postype="auxiliary" tense="imperfect" wd="havia"/>
          <s lem="de" pos="sps00" postype="preposition" wd="de"/>
          <infinitiu>
            <v lem="fer" lss="A21.transitive-agentive-patient" mood="infinitive" pos="vmn0000" postype="main" wd="fer"/>
          </infinitiu>
        </grup.verb>
        <sn arg="arg1" entityref="nne" func="cd" tem="pat">
          <spec gen="m" num="s">
            <d gen="m" lem="un" num="s" pos="di0ms0" postype="indefinite" wd="un"/>
            <d gen="m" lem="altre" num="s" pos="di0ms0" postype="indefinite" wd="altre"/>
          </spec>
          <grup.nom gen="m" num="s">
            <n gen="m" lem="viatge" num="s" pos="ncms000" postype="common" sense="16:00198579" wd="viatge"/>
          </grup.nom>
        </sn>
        <sp arg="argM" func="cc" tem="adv">
          <prep>
            <s lem="amb" pos="sps00" postype="preposition" wd="amb"/>
          </prep>
          <sn entityref="nne">
            <spec gen="m" num="s">
              <d gen="m" lem="un" num="s" pos="di0ms0" postype="indefinite" wd="un"/>
            </spec>
            <grup.nom gen="m" num="s">
              <n gen="m" lem="camió" num="s" pos="ncms000" postype="common" sense="16:03545314" wd="camió"/>
            </grup.nom>
          </sn>
        </sp>
      </S>
    </S>
    <f lem="." pos="fp" punct="period" wd="."/>
  </sentence>
  <sentence>
    <sn arg="arg0" entity="entity15" entityref="spec" func="suj" tem="agt">
      <spec gen="m" num="s">
        <d gen="c" lem="el" num="s" pos="da0cs0" postype="article" wd="L'"/>
      </spec>
      <grup.nom gen="m" num="s">
        <p gen="m" lem="altre" num="s" pos="pi0ms000" postype="indefinite" wd="altre"/>
        <sn entityref="ne" ne="person">
          <f lem="," pos="fc" punct="comma" wd=","/>
          <grup.nom gen="m" num="s">
            <n lem="Cyril_Oddou" ne="person" pos="np0000p" postype="proper" sense="16:cs1" wd="Cyril_Oddou"/>
          </grup.nom>
          <f lem="," pos="fc" punct="comma" wd=","/>
        </sn>
      </grup.nom>
    </sn>
    <sn arg="arg1" func="cd" tem="pat">
      <grup.nom>
        <p gen="c" lem="ell" num="c" person="3" pos="pp3cn000" postype="personal" wd="se"/>
      </grup.nom>
    </sn>
    <sn arg="arg2" entityref="lex" func="creg" tem="tem">
      <grup.nom>
        <p gen="c" lem="en" num="c" person="3" pos="pp3cn000" postype="personal" wd="'n"/>
      </grup.nom>
    </sn>
    <grup.verb>
      <v lem="anar" mood="indicative" num="s" person="3" pos="vaip3s0" postype="auxiliary" tense="present" wd="va"/>
      <v lem="salvar" lss="A34.ditransitive-patient-theme" mood="infinitive" pos="vmn0000" postype="main" wd="salvar"/>
    </grup.verb>
    <S arg="argM" clausetype="adverbial" func="cc" tem="cau">
      <conj conjunctiontype="subordinating">
        <c lem="perquè" pos="cs" postype="subordinating" wd="perquè"/>
      </conj>
      <sn arg="argM" entityref="nne" func="cc" tem="tmp">
        <spec gen="f" num="s">
          <d gen="f" lem="el" num="s" pos="da0fs0" postype="article" wd="la"/>
        </spec>
        <grup.nom gen="f" num="s">
          <n gen="f" lem="vigília" num="s" pos="ncfs000" postype="common" sense="16:10877537" wd="vigília"/>
        </grup.nom>
      </sn>
      <sn arg="arg0" coreftype="ident" elliptic="yes" entity="entity15" entityref="spec" func="suj" tem="agt"/>
      <grup.verb>
        <v lem="haver" mood="indicative" num="s" person="3" pos="vaii3s0" postype="auxiliary" tense="imperfect" wd="havia"/>
        <v gen="m" lem="programar" lss="A21.transitive-agentive-patient" mood="participle" num="s" pos="vmp00sm" postype="main" wd="programat"/>
      </grup.verb>
      <sadv arg="argM" func="cc" tem="mnr">
        <grup.adv>
          <r lem="malament" pos="rg" wd="malament"/>
        </grup.adv>
      </sadv>
      <sn arg="arg1" entity="entity16" entityref="nne" func="cd" tem="pat">
        <spec gen="m" num="s">
          <d gen="m" lem="el" num="s" pos="da0ms0" postype="article" wd="el"/>
        </spec>
        <grup.nom gen="m" num="s">
          <n gen="m" lem="despertador" num="s" pos="ncms000" postype="common" sense="16:02177460" wd="despertador"/>
        </grup.nom>
      </sn>
    </S>
    <f lem="." pos="fp" punct="period" wd="."/>
  </sentence>
  <sentence coord="yes">
    <S>
      <sn arg="arg1" coreftype="ident" elliptic="yes" entity="entity16" entityref="nne" func="suj" tem="tem"/>
      <neg func="mod">
        <r lem="no" pos="rn" postype="negative" wd="No"/>
      </neg>
      <grup.verb>
        <v lem="anar" mood="indicative" num="s" person="3" pos="vaip3s0" postype="auxiliary" tense="present" wd="va"/>
        <v lem="sonar" lss="C11.state-existential" mood="infinitive" pos="vmn0000" postype="main" wd="sonar"/>
      </grup.verb>
      <sadv arg="argM" func="cc" tem="tmp">
        <grup.adv>
          <r lem="a_temps" pos="rg" wd="a_temps"/>
        </grup.adv>
      </sadv>
    </S>
    <conj conjunctiontype="coordinating">
      <c lem="i" pos="cc" postype="coordinating" wd="i"/>
    </conj>
    <S>
      <sn arg="arg1" coreftype="ident" elliptic="yes" entity="entity15" entityref="spec" func="suj" tem="tem"/>
      <morfema.pronominal>
        <p gen="c" lem="ell" num="c" person="3" pos="p0300000" wd="es"/>
      </morfema.pronominal>
      <grup.verb>
        <v lem="anar" mood="indicative" num="s" person="3" pos="vaip3s0" postype="auxiliary" tense="present" wd="va"/>
        <v lem="adormir" lss="B21.unaccusative-state" mood="infinitive" pos="vmn0000" postype="main" wd="adormir"/>
      </grup.verb>
    </S>
    <f lem="." pos="fp" punct="period" wd="."/>
  </sentence>
  <sentence>
    <sn arg="arg1" entityref="nne" func="suj" tem="pat">
      <spec gen="f" num="s">
        <d gen="f" lem="el" num="s" pos="da0fs0" postype="article" wd="La"/>
      </spec>
      <grup.nom gen="f" num="s">
        <n gen="f" lem="consternació" num="s" pos="ncfs000" postype="common" sense="16:05590744" wd="consternació"/>
      </grup.nom>
    </sn>
    <morfema.verbal func="pass">
      <p gen="c" lem="es" num="c" pos="p0000000" wd="es"/>
    </morfema.verbal>
    <grup.verb>
      <v lem="veure" lss="B22.unaccusative-passive-transitive" mood="indicative" num="s" person="3" pos="vmii3s0" postype="main" tense="imperfect" wd="veia"/>
    </grup.verb>
    <sp arg="argM" func="cc" tem="loc">
      <prep>
        <s lem="a" pos="sps00" postype="preposition" wd="a"/>
      </prep>
      <sn entityref="nne" homophoricDD="yes">
        <spec gen="f" num="p">
          <d gen="f" lem="tot" num="p" pos="di0fp0" postype="indefinite" wd="totes"/>
          <d gen="f" lem="el" num="p" pos="da0fp0" postype="article" wd="les"/>
        </spec>
        <grup.nom gen="f" num="p">
          <n gen="f" lem="cara" num="p" pos="ncfp000" postype="common" sense="16:04340595" wd="cares"/>
        </grup.nom>
      </sn>
    </sp>
    <f lem="." pos="fp" punct="period" wd="."/>
  </sentence>
  <sentence>
    <sadv arg="argM" func="cc" tem="adv">
      <grup.adv>
        <r lem="a_poc_a_poc" pos="rg" wd="A_poc_a_poc"/>
      </grup.adv>
      <f lem="," pos="fc" punct="comma" wd=","/>
    </sadv>
    <sn arg="arg0" coreftype="ident" entity="entity4" entityref="nne" func="suj" homophoricDD="yes" tem="agt">
      <spec gen="f" num="s">
        <d gen="f" lem="el" num="s" pos="da0fs0" postype="article" wd="la"/>
      </spec>
      <grup.nom gen="f" num="s">
        <n gen="f" lem="gent" num="s" pos="ncfs000" postype="common" sense="16:06080290" wd="gent"/>
      </grup.nom>
    </sn>
    <morfema.pronominal>
      <p gen="c" lem="ell" num="c" person="3" pos="p0300000" wd="es"/>
    </morfema.pronominal>
    <grup.verb>
      <v lem="anar" mood="indicative" num="s" person="3" pos="vaip3s0" postype="auxiliary" tense="present" wd="va"/>
      <v lem="anar" mood="infinitive" pos="vmn0000" postype="main" wd="anar"/>
      <gerundi>
        <v lem="amuntegar" lss="D11.inergative-agentive" mood="gerund" pos="vmg0000" postype="main" wd="amuntegant"/>
      </gerundi>
    </grup.verb>
    <sp arg="argM" func="cc" tem="loc">
      <prep>
        <s lem="davant" pos="sps00" postype="preposition" wd="davant"/>
      </prep>
      <sn entity="entity17" entityref="nne" homophoricDD="yes">
        <spec gen="f" num="s">
          <d gen="c" lem="el" num="s" pos="da0cs0" postype="article" wd="l'"/>
        </spec>
        <grup.nom gen="f" num="s">
          <n gen="f" lem="església" num="s" pos="ncfs000" postype="common" sense="16:02438778" wd="església"/>
          <S clausetype="relative">
            <f lem="," pos="fc" punct="comma" wd=","/>
            <relatiu arg="argM" coreftype="ident" entity="entity17" entityref="nne" func="cc" tem="loc">
              <p lem="on" pos="pr000000" postype="relative" wd="on"/>
            </relatiu>
            <morfema.verbal func="pass">
              <p gen="c" lem="es" num="c" pos="p0000000" wd="es"/>
            </morfema.verbal>
            <grup.verb>
              <v lem="anar" mood="indicative" num="s" person="3" pos="vaip3s0" postype="auxiliary" tense="present" wd="va"/>
              <v lem="instal·lar" lss="B22.unaccusative-passive-transitive" mood="infinitive" pos="vmn0000" postype="main" wd="instal·lar"/>
            </grup.verb>
            <sn arg="arg1" entityref="nne" func="suj" tem="pat">
              <spec gen="f" num="s">
                <d gen="f" lem="un" num="s" pos="di0fs0" postype="indefinite" wd="una"/>
              </spec>
              <grup.nom gen="f" num="s">
                <n gen="f" lem="capella_ardent" num="s" pos="ncfs000" postype="common" sense="16:02727678" wd="capella_ardent"/>
              </grup.nom>
            </sn>
          </S>
        </grup.nom>
      </sn>
    </sp>
    <f lem="." pos="fp" punct="period" wd="."/>
  </sentence>
  <sentence>
    <S arg="argM" clausetype="participle" func="cc" impersonal="yes" tem="adv">
      <participi>
        <a gen="m" lem="sostingut" lss="B22.unaccusative-passive-transitive" num="p" pos="aq0mpp" posfunction="participle" postype="qualificative" wd="Sostinguts"/>
      </participi>
      <sp arg="arg0" func="cag" tem="agt">
        <prep>
          <s lem="per" pos="sps00" postype="preposition" wd="per"/>
        </prep>
        <sn complex="yes">
          <grup.nom coord="yes">
            <grup.nom gen="m" num="p">
              <n gen="m" lem="parent" num="p" pos="ncmp000" postype="common" sense="16:07356184" wd="parents"/>
            </grup.nom>
            <conj conjunctiontype="coordinating">
              <c lem="i" pos="cc" postype="coordinating" wd="i"/>
            </conj>
            <grup.nom gen="m" num="p">
              <n gen="m" lem="amic" num="p" pos="ncmp000" postype="common" sense="16:07280379" wd="amics"/>
            </grup.nom>
          </grup.nom>
        </sn>
      </sp>
      <f lem="," pos="fc" punct="comma" wd=","/>
    </S>
    <sn arg="arg0" entity="entity18" entityref="nne" func="suj" tem="agt">
      <spec gen="m" num="p">
        <d gen="m" lem="algun" num="p" pos="di0mp0" postype="indefinite" wd="alguns"/>
      </spec>
      <grup.nom gen="m" num="p">
        <n gen="c" lem="familiar" num="p" pos="nccp000" postype="common" sense="16:07356867" wd="familiars"/>
      </grup.nom>
    </sn>
    <grup.verb>
      <v lem="caminar" lss="D11.inergative-agentive" mood="indicative" num="p" person="3" pos="vmii3p0" postype="main" tense="imperfect" wd="caminaven"/>
    </grup.verb>
    <sp arg="argM" func="cc" tem="adv">
      <prep>
        <c lem="com" pos="cs" postype="subordinating" wd="com"/>
      </prep>
      <sn>
        <grup.nom gen="m" num="p">
          <n gen="m" lem="somnàmbul" num="p" pos="ncmp000" postype="common" sense="16:07584682" wd="somnàmbuls"/>
        </grup.nom>
      </sn>
    </sp>
    <sp arg="argM" func="cc" tem="adv">
      <prep>
        <s lem="sense" pos="sps00" postype="preposition" wd="sense"/>
      </prep>
      <S clausetype="completive" impersonal="yes">
        <infinitiu>
          <v lem="creure" lss="A21.transitive-agentive-patient" mood="infinitive" pos="vmn0000" postype="main" wd="creure"/>
        </infinitiu>
        <morfema.pronominal>
          <p gen="c" lem="ell" num="c" person="3" pos="p0300000" wd="'s"/>
        </morfema.pronominal>
        <sn arg="arg1" entityref="nne" func="cd" homophoricDD="yes" tem="pat">
          <spec gen="m" num="s">
            <d gen="m" lem="el" num="s" pos="da0ms0" postype="article" wd="el"/>
          </spec>
          <grup.nom gen="m" num="s">
            <S clausetype="relative">
              <relatiu arg="arg2" func="cd" functype="quantitative" tem="atr">
                <p gen="c" lem="que" num="c" pos="pr0cn000" postype="relative" wd="que"/>
              </relatiu>
              <sn arg="arg1" coreftype="ident" elliptic="yes" entity="entity18" entityref="nne" func="suj" tem="tem"/>
              <grup.verb>
                <v lem="estar" mood="indicative" num="p" person="3" pos="vmii3p0" postype="main" tense="imperfect" wd="estaven"/>
                <gerundi>
                  <v lem="viure" lss="C21.state-attributive" mood="gerund" pos="vmg0000" postype="main" wd="vivint"/>
                </gerundi>
              </grup.verb>
            </S>
          </grup.nom>
        </sn>
      </S>
    </sp>
    <f lem="." pos="fp" punct="period" wd="."/>
  </sentence>
  <sentence coord="yes">
    <f lem="&quot;" pos="fe" punct="quotation" wd="&quot;"/>
    <S>
      <grup.verb>
        <v lem="ser" lss="C21.state-attributive" mood="indicative" num="s" person="3" pos="vsip3s0" postype="semiauxiliary" tense="present" wd="És"/>
      </grup.verb>
      <sa arg="arg2" func="atr" tem="atr">
        <grup.a>
          <a gen="c" lem="difícil" num="s" pos="aq0cs0" postype="qualificative" wd="difícil"/>
        </grup.a>
      </sa>
      <S arg="arg1" clausetype="completive" func="suj" impersonal="yes" tem="tem">
        <infinitiu>
          <v lem="imaginar" lss="A21.transitive-agentive-patient" mood="infinitive" pos="vmn0000" postype="main" wd="imaginar"/>
        </infinitiu>
        <S arg="arg1" clausetype="completive" func="cd" tem="pat">
          <conj conjunctiontype="subordinating">
            <c lem="que" pos="cs" postype="subordinating" wd="que"/>
          </conj>
          <grup.verb>
            <v lem="passar" lss="C42.state-experiencer" mood="indicative" num="s" person="3" pos="vmip3s0" postype="main" tense="present" wd="passa"/>
          </grup.verb>
          <sn arg="arg1" entityref="nne" func="suj" homophoricDD="yes" tem="tem">
            <spec gen="m" num="s">
              <d gen="m" lem="el" num="s" pos="da0ms0" postype="article" wd="el"/>
            </spec>
            <grup.nom gen="m" num="s">
              <S clausetype="relative">
                <relatiu arg="arg1" func="suj" tem="tem">
                  <p gen="c" lem="que" num="c" pos="pr0cn000" postype="relative" wd="que"/>
                </relatiu>
                <grup.verb>
                  <v lem="estar" mood="indicative" num="s" person="3" pos="vmip3s0" postype="main" tense="present" wd="està"/>
                  <gerundi>
                    <v lem="passar" lss="C42.state-experiencer" mood="gerund" pos="vmg0000" postype="main" wd="passant"/>
                  </gerundi>
                </grup.verb>
              </S>
            </grup.nom>
          </sn>
        </S>
      </S>
    </S>
    <conj conjunctiontype="coordinating">
      <f lem="." pos="fp" punct="period" wd="."/>
    </conj>
    <S>
      <f lem="¿" pos="fia" punct="questionmark" punctenclose="open" wd="¿"/>
      <sadv arg="argM" func="cc" tem="adv">
        <grup.adv>
          <p gen="c" lem="com" num="c" pos="pt000000" postype="interrogative" wd="Com"/>
        </grup.adv>
      </sadv>
      <grup.verb>
        <v lem="haver" mood="indicative" num="s" person="3" pos="vaip3s0" postype="auxiliary" tense="present" wd="ha"/>
        <v gen="m" lem="poder" mood="participle" num="s" pos="vmp00sm" postype="main" wd="pogut"/>
        <infinitiu>
          <v lem="ocórrer" lss="B11.unaccusative-motion" mood="infinitive" pos="vmn0000" postype="main" wd="ocórrer"/>
        </infinitiu>
      </grup.verb>
      <sn arg="arg1" coreftype="ident" entity="entity5" entityref="nne" func="suj" tem="tem">
        <spec gen="f" num="s">
          <d gen="f" lem="un" num="s" pos="di0fs0" postype="indefinite" wd="una"/>
        </spec>
        <grup.nom gen="f" num="s">
          <n gen="f" lem="cosa" num="s" pos="ncfs000" postype="common" sense="16:05437110" wd="cosa"/>
          <sadv>
            <grup.adv>
              <r lem="així" pos="rg" wd="així"/>
            </grup.adv>
          </sadv>
        </grup.nom>
      </sn>
      <f lem="?" pos="fit" punct="questionmark" punctenclose="close" wd="?"/>
    </S>
    <f lem="&quot;" punct="quotation" wd="&quot;"/>
    <f lem="." punct="period" wd="."/>
  </sentence>
  <f lem="&quot;" punct="quotation" wd="&quot;"/>
  <sentence impersonal="yes">
    <neg func="mod">
      <r lem="no" pos="rn" postype="negative" wd="No"/>
    </neg>
    <morfema.pronominal>
      <p gen="c" lem="hi" num="c" person="3" pos="pp3cn000" postype="personal" wd="hi"/>
    </morfema.pronominal>
    <grup.verb>
      <v lem="haver" lss="C11.state-existential" mood="indicative" num="s" person="3" pos="vaii3s0" postype="auxiliary" tense="imperfect" wd="havia"/>
    </grup.verb>
    <sn arg="arg1" func="cd" functype="quantitative" tem="tem">
      <grup.nom discid="1n" gen="m" num="s">
        <p gen="c" lem="ningú" num="s" pos="pi0cs000" postype="indefinite" wd="ningú"/>
      </grup.nom>
    </sn>
    <sp arg="argM" func="cc" tem="loc">
      <prep>
        <s lem="entre" pos="sps00" postype="preposition" wd="entre"/>
      </prep>
      <sn coreftype="ident" entity="entity4" entityref="nne">
        <spec gen="f" num="s">
          <d gen="f" lem="el" num="s" pos="da0fs0" postype="article" wd="la"/>
        </spec>
        <grup.nom gen="f" num="s">
          <s.a gen="f" num="s">
            <grup.a gen="f" num="s">
              <a gen="f" lem="petit" num="s" pos="aq0fs0" postype="qualificative" wd="petita"/>
            </grup.a>
          </s.a>
          <n gen="f" lem="multitud" num="s" pos="ncfs000" postype="common" sense="16:06081960" wd="multitud"/>
        </grup.nom>
      </sn>
    </sp>
    <S clausetype="relative" discid="1c">
      <relatiu arg="arg1" coreftype="ident" entity="entity4" entityref="nne" func="suj" tem="tem">
        <p gen="c" lem="que" num="c" pos="pr0cn000" postype="relative" wd="que"/>
      </relatiu>
      <neg func="mod">
        <r lem="no" pos="rn" postype="negative" wd="no"/>
      </neg>
      <grup.verb>
        <v lem="estar" lss="C21.state-attributive" mood="subjunctive" num="s" person="3" pos="vmsi3s0" postype="main" tense="imperfect" wd="estigués"/>
      </grup.verb>
      <S arg="arg2" clausetype="participle" func="atr" impersonal="yes" tem="atr">
        <participi>
          <a gen="m" lem="afectat" lss="B22.unaccusative-passive-transitive" num="s" pos="aq0msp" posfunction="participle" postype="qualificative" wd="afectat"/>
        </participi>
        <sadv arg="argM" complex="yes" func="cc" tem="mnr">
          <grup.adv coord="yes">
            <grup.adv>
              <r lem="directament" pos="rg" wd="directament"/>
            </grup.adv>
            <conj conjunctiontype="coordinating">
              <c lem="o" pos="cc" postype="coordinating" wd="o"/>
            </conj>
            <grup.adv>
              <r lem="indirectament" pos="rg" wd="indirectament"/>
            </grup.adv>
          </grup.adv>
        </sadv>
        <sp arg="arg0" func="cag" tem="agt">
          <prep>
            <s lem="per" pos="sps00" postype="preposition" wd="per"/>
          </prep>
          <sn coreftype="ident" entity="entity5" entityref="nne">
            <spec gen="f" num="s">
              <d gen="f" lem="el" num="s" pos="da0fs0" postype="article" wd="la"/>
            </spec>
            <grup.nom gen="f" num="s">
              <n gen="f" lem="tragèdia" num="s" pos="ncfs000" postype="common" sense="16:10384515" wd="tragèdia"/>
            </grup.nom>
          </sn>
        </sp>
      </S>
    </S>
    <f lem="." pos="fp" punct="period" wd="."/>
  </sentence>
  <sentence>
    <sn arg="arg1" entity="entity20" entityref="nne" func="suj" homophoricDD="yes" tem="tem">
      <spec gen="m" num="p">
        <d gen="m" lem="el" num="p" pos="da0mp0" postype="article" wd="Els"/>
      </spec>
      <grup.nom gen="m" num="p">
        <n gen="c" lem="socorrista" num="p" pos="nccp000" postype="common" sense="16:07373907" wd="socorristes"/>
        <s.a gen="m" num="p">
          <grup.a gen="m" num="p">
            <a gen="m" lem="voluntari" num="p" pos="aq0mp0" postype="qualificative" wd="voluntaris"/>
          </grup.a>
        </s.a>
      </grup.nom>
    </sn>
    <grup.verb>
      <v lem="semblar" lss="C42.state-experiencer" mood="indicative" num="p" person="3" pos="vmii3p0" postype="main" tense="imperfect" wd="semblaven"/>
    </grup.verb>
    <S arg="arg2" clausetype="participle" func="atr" impersonal="yes" tem="atr">
      <sadv arg="argM" func="cc" tem="mnr">
        <grup.adv>
          <r lem="especialment" pos="rg" wd="especialment"/>
        </grup.adv>
      </sadv>
      <participi>
        <a gen="m" lem="implicat" lss="B22.unaccusative-passive-transitive" num="p" pos="aq0mpp" posfunction="participle" postype="qualificative" wd="implicats"/>
      </participi>
    </S>
    <f lem="." pos="fp" punct="period" wd="."/>
  </sentence>
  <sentence coord="yes">
    <S>
      <sn arg="arg1" coreftype="ident" elliptic="yes" entity="entity20" entityref="nne" func="suj" tem="tem"/>
      <grup.verb>
        <v lem="anar" mood="indicative" num="p" person="3" pos="vaip3p0" postype="auxiliary" tense="present" wd="Van"/>
        <v lem="ser" lss="C21.state-attributive" mood="infinitive" pos="vsn0000" postype="semiauxiliary" wd="ser"/>
      </grup.verb>
      <sn arg="arg2" func="atr" tem="atr">
        <spec gen="m" num="p">
          <d gen="m" lem="el" num="p" pos="da0mp0" postype="article" wd="els"/>
        </spec>
        <grup.nom gen="m" num="p">
          <s.a gen="m" num="p">
            <grup.a gen="m" num="p">
              <a gen="m" lem="primer" num="p" pos="ao0mp0" postype="ordinal" wd="primers"/>
            </grup.a>
          </s.a>
          <sp>
            <prep>
              <s lem="a" pos="sps00" postype="preposition" wd="a"/>
            </prep>
            <S clausetype="completive" impersonal="yes">
              <infinitiu>
                <v lem="acudir" lss="B22.unaccusative-passive-transitive" mood="infinitive" pos="vmn0000" postype="main" wd="acudir"/>
              </infinitiu>
              <sp arg="arg2" func="creg" tem="loc">
                <prep>
                  <s contracted="yes" gen="m" lem="al" num="s" pos="spcms" postype="preposition" wd="al"/>
                </prep>
                <sn entity="entity21" entityref="nne" homophoricDD="yes">
                  <grup.nom gen="m" num="s">
                    <n gen="m" lem="lloc" num="s" pos="ncms000" postype="common" sense="16:00014887" wd="lloc"/>
                    <sp>
                      <prep>
                        <s contracted="yes" gen="m" lem="del" num="s" pos="spcms" postype="preposition" wd="del"/>
                      </prep>
                      <sn coreftype="ident" entity="entity5" entityref="nne">
                        <grup.nom gen="m" num="s">
                          <n gen="m" lem="drama" num="s" pos="ncms000" postype="common" sense="16:05437539" wd="drama"/>
                        </grup.nom>
                      </sn>
                    </sp>
                  </grup.nom>
                </sn>
              </sp>
            </S>
          </sp>
        </grup.nom>
      </sn>
    </S>
    <conj conjunctiontype="coordinating">
      <c lem="i" pos="cc" postype="coordinating" wd="i"/>
    </conj>
    <S>
      <sn arg="arg0" entityref="nne" func="suj" tem="agt">
        <grup.nom gen="m" num="p">
          <p gen="m" lem="algun" num="p" pos="pi0mp000" postype="indefinite" wd="alguns"/>
        </grup.nom>
      </sn>
      <sn arg="argM" coreftype="ident" entity="entity21" entityref="nne" func="cc" tem="loc">
        <grup.nom>
          <p gen="c" lem="hi" num="c" person="3" pos="pp3cn000" postype="personal" wd="hi"/>
        </grup.nom>
      </sn>
      <grup.verb>
        <v lem="anar" mood="indicative" num="p" person="3" pos="vaip3p0" postype="auxiliary" tense="present" wd="van"/>
        <v lem="descobrir" lss="A21.transitive-agentive-patient" mood="infinitive" pos="vmn0000" postype="main" wd="descobrir"/>
      </grup.verb>
      <sn arg="arg1" entityref="nne" func="cd" homophoricDD="yes" tem="pat">
        <spec gen="m" num="p">
          <d gen="m" lem="el" num="p" pos="da0mp0" postype="article" wd="els"/>
        </spec>
        <grup.nom gen="m" num="p">
          <n gen="m" lem="cos" num="p" pos="ncmp000" postype="common" sense="16:04056524" wd="cossos"/>
          <sp>
            <prep>
              <s lem="de" pos="sps00" postype="preposition" wd="de"/>
            </prep>
            <sn complex="yes">
              <grup.nom coord="yes">
                <grup.nom gen="m" num="p">
                  <n gen="c" lem="familiar" num="p" pos="nccp000" postype="common" sense="16:07356867" wd="familiars"/>
                </grup.nom>
                <f lem="," pos="fc" punct="comma" wd=","/>
                <grup.nom gen="m" num="p">
                  <n gen="m" lem="amic" num="p" pos="ncmp000" postype="common" sense="16:07280379" wd="amics"/>
                </grup.nom>
                <conj conjunctiontype="coordinating">
                  <c lem="o" pos="cc" postype="coordinating" wd="o"/>
                </conj>
                <grup.nom gen="m" num="p">
                  <n gen="m" lem="company" num="p" pos="ncmp000" postype="common" sense="16:07165420" wd="companys"/>
                  <sp>
                    <prep>
                      <s lem="de" pos="sps00" postype="preposition" wd="de"/>
                    </prep>
                    <sn>
                      <grup.nom gen="m" num="s">
                        <n gen="m" lem="treball" num="s" pos="ncms000" postype="common" sense="16:00383807" wd="treball"/>
                      </grup.nom>
                    </sn>
                  </sp>
                </grup.nom>
              </grup.nom>
            </sn>
          </sp>
        </grup.nom>
      </sn>
    </S>
    <f lem="." pos="fp" punct="period" wd="."/>
  </sentence>
  <sentence verbless="yes">
    <sn>
      <grup.nom gen="f" num="p">
        <f lem="&quot;" pos="fe" punct="quotation" wd="&quot;"/>
        <n gen="f" lem="escena" num="p" pos="ncfp000" postype="common" sense="16:10042358" wd="Escenes"/>
        <s.a complex="yes" gen="f" num="p">
          <grup.a coord="yes" gen="f" num="p">
            <grup.a gen="f" num="p">
              <a gen="c" lem="horrible" num="p" pos="aq0cp0" postype="qualificative" wd="horribles"/>
              <f lem="&quot;" pos="fe" punct="quotation" wd="&quot;"/>
            </grup.a>
            <f lem="," pos="fc" punct="comma" wd=","/>
            <grup.a gen="f" num="p">
              <a gen="c" lem="difícil" num="p" pos="aq0cp0" postype="qualificative" wd="difícils"/>
              <sp>
                <prep>
                  <s lem="de" pos="sps00" postype="preposition" wd="de"/>
                </prep>
                <S clausetype="completive" impersonal="yes">
                  <infinitiu>
                    <v lem="suportar" lss="A21.transitive-agentive-patient" mood="infinitive" pos="vmn0000" postype="main" wd="suportar"/>
                  </infinitiu>
                </S>
              </sp>
            </grup.a>
          </grup.a>
        </s.a>
      </grup.nom>
    </sn>
    <f lem="." pos="fp" punct="period" wd="."/>
  </sentence>
  <sentence>
    <grup.verb>
      <v lem="anar" mood="indicative" num="s" person="3" pos="vaip3s0" postype="auxiliary" tense="present" wd="Va"/>
      <v lem="caldre" lss="C41.state-benefactive" mood="infinitive" pos="vmn0000" postype="main" wd="caldre"/>
    </grup.verb>
    <sn arg="arg1" entityref="nne" func="suj" tem="tem">
      <grup.nom gen="f" num="s">
        <n gen="f" lem="assistència" num="s" pos="ncfs000" postype="common" sense="16:00782440" wd="assistència"/>
        <s.a gen="f" num="s">
          <grup.a gen="f" num="s">
            <a gen="f" lem="psicològic" num="s" pos="aq0fs0" postype="qualificative" wd="psicològica"/>
          </grup.a>
        </s.a>
      </grup.nom>
    </sn>
    <sp arg="arg2" coord="yes" func="ci" tem="ben">
      <conj conjunctiontype="coordinating">
        <r lem="no_només" pos="rg" wd="no_només"/>
      </conj>
      <sp>
        <prep>
          <s lem="a" pos="sps00" postype="preposition" wd="a"/>
        </prep>
        <sn coreftype="ident" entity="entity22" entityref="nne">
          <spec gen="f" num="p">
            <d gen="f" lem="el" num="p" pos="da0fp0" postype="article" wd="les"/>
          </spec>
          <grup.nom gen="f" num="p">
            <n gen="f" lem="família" num="p" pos="ncfp000" postype="common" sense="16:06021037" wd="famílies"/>
          </grup.nom>
        </sn>
        <f lem="," pos="fc" punct="comma" wd=","/>
      </sp>
      <conj conjunctiontype="coordinating">
        <c lem="sinó_també" pos="cc" postype="coordinating" wd="sinó_també"/>
      </conj>
      <sp>
        <prep>
          <s contracted="yes" gen="m" lem="al" num="p" pos="spcmp" postype="preposition" wd="als"/>
        </prep>
        <sn coreftype="ident" entity="entity20" entityref="nne" homophoricDD="yes">
          <grup.nom gen="f" num="p">
            <n gen="c" lem="socorrista" num="p" pos="nccp000" postype="common" sense="16:07373907" wd="socorristes"/>
          </grup.nom>
        </sn>
      </sp>
    </sp>
    <f lem="." pos="fp" punct="period" wd="."/>
  </sentence>
</article>
