<?xml version="1.0" encoding="UTF-8"?>
<!-- 

  ancora-2.0
       
			Copyright (C) 2007, 2008, 2009, 2010, 2011 UB - CLiC
			Centre de Llenguatge i Computació - Universitat de Barcelona
 
  This file is part of ancora-2.0.
 
  ancora-2.0 is free software and data: you can redistribute it and/or modify
  it under the terms of the GNU General Public License as published
  by the Free Software Foundation, either version 3 of the License,
  or (at your option) any later version.

  ancora-2.0 is distributed in the hope that it will be useful,
  but WITHOUT ANY WARRANTY; without even the implied warranty of
  MERCHANTABILITY or FITNESS FOR A PARTICULAR PURPOSE.  See the
  GNU General Public License for more details.
 
  You should have received a copy of the GNU General Public License
  along with ancora-2.0.  If not, see &lt;http://www.gnu.org/licenses/&gt;.
 
  Check a text in catalan explaining the terms of the license at http://www.softcatala.cat/wiki/GPL3.
  In spanish at http://www.viti.es/gnu/licenses/gpl.html
 

  The following paper must be cited when using this corpus:

 * Taulé, M., M.A. Martí, M. Recasens (2008) 'Ancora: Multilevel Annotated Corpora for Catalan and Spanish',
   Proceedings of 6th International Conference on Language Resources and Evaluation. Marrakesh (Morocco).

  In addition, the following paper must be cited if coreference information (attributes entity, coreftype,
  corefsubtype, homophoricDD or entityref) is used:

 * Recasens, Marta, M. Antònia Martí (2010) ‘AnCora-CO: Coreferentially annotated corpora for Spanish and
   Catalan’. Language Resources and Evaluation, Springer Science.

  Additionally, the following paper must be cited when argumental attributes in "sn" or "grup.nom"
  (attributes func, arg, tem or lexicalid) are used:

 * Peris, Aina, Mariona Taulé, Horacio Rodríguez (2010) ‘Semantic Annotation of Deverbal Nominalizations in the
   Spanish AnCora corpus’. Treebanks and Linguistic Theories (TLT-2010), Estonia.
-->
<article lng="ca">
  <sentence>
    <sn arg="arg1" entity="entity2" entityref="spec" func="suj" homophoricDD="yes" tem="tem">
      <spec gen="f" num="p">
        <d gen="f" lem="el" num="p" pos="da0fp0" postype="article" wd="Les"/>
        <d gen="c" lem="tres" num="p" pos="dn0cp0" postype="numeral" wd="tres"/>
      </spec>
      <grup.nom gen="f" num="p">
        <n gen="f" lem="persona" num="p" pos="ncfp000" postype="common" sense="16:00004123" wd="persones"/>
        <S clausetype="participle" discid="1n" impersonal="yes">
          <participi>
            <a gen="f" lem="intoxicat" lss="B22.unaccusative-passive-transitive" num="p" pos="aq0fpp" posfunction="participle" postype="qualificative" wd="intoxicades"/>
          </participi>
          <sp arg="argM" func="cc" tem="cau">
            <prep>
              <s lem="per" pos="sps00" postype="preposition" wd="per"/>
            </prep>
            <sn entity="entity3" entityref="nne">
              <grup.nom gen="f" num="s">
                <n gen="f" lem="inhalació" num="s" pos="ncfs000" postype="common" sense="16:00536863" wd="inhalació"/>
                <sp>
                  <prep>
                    <s lem="de" pos="sps00" postype="preposition" wd="de"/>
                  </prep>
                  <sn entity="entity4" entityref="nne">
                    <grup.nom gen="m" num="s">
                      <n gen="m" lem="monòxid" num="s" pos="ncms000" postype="common" sense="16:10730112" wd="monòxid"/>
                      <sp>
                        <prep>
                          <s lem="de" pos="sps00" postype="preposition" wd="de"/>
                        </prep>
                        <sn>
                          <grup.nom gen="m" num="s">
                            <n gen="m" lem="carboni" num="s" pos="ncms000" postype="common" sense="16:10482489" wd="carboni"/>
                          </grup.nom>
                        </sn>
                      </sp>
                    </grup.nom>
                  </sn>
                </sp>
              </grup.nom>
            </sn>
          </sp>
        </S>
        <sp>
          <prep>
            <s lem="de" pos="sps00" postype="preposition" wd="d'"/>
          </prep>
          <sn entityref="nne">
            <spec gen="f" num="s">
              <d gen="f" lem="aquest" num="s" pos="dd0fs0" postype="demonstrative" wd="aquesta"/>
            </spec>
            <grup.nom gen="f" num="s">
              <n gen="f" lem="tarda" num="s" pos="ncfs000" postype="common" sense="16:10885066" wd="tarda"/>
            </grup.nom>
          </sn>
        </sp>
      </grup.nom>
    </sn>
    <sp arg="argM" discid="1c" func="cc" tem="loc">
      <prep>
        <s lem="en" pos="sps00" postype="preposition" wd="en"/>
      </prep>
      <sn entityref="nne">
        <spec gen="m" num="s">
          <d gen="m" lem="un" num="s" pos="di0ms0" postype="indefinite" wd="un"/>
        </spec>
        <grup.nom gen="m" num="s">
          <n gen="m" lem="habitatge" num="s" pos="ncms000" postype="common" sense="16:02618194" wd="habitatge"/>
          <sp>
            <prep>
              <s lem="de" pos="sps00" postype="preposition" wd="de"/>
            </prep>
            <sn entity="entity9" entityref="ne" ne="location">
              <spec gen="f" num="s">
                <d gen="f" lem="el" num="s" pos="da0fs0" postype="article" wd="la"/>
              </spec>
              <grup.nom gen="f" num="s">
                <n gen="f" lem="urbanització" num="s" pos="ncfs000" postype="common" sense="16:06303166" wd="urbanització"/>
                <sn entityref="ne" ne="location">
                  <grup.nom>
                    <n lem="Maçanet_Residential_Park" ne="location" pos="np0000l" postype="proper" sense="16:cs1" wd="Maçanet_Residential_Park"/>
                  </grup.nom>
                </sn>
              </grup.nom>
            </sn>
          </sp>
        </grup.nom>
      </sn>
    </sp>
    <grup.verb>
      <v lem="ser" lss="C21.state-attributive" mood="indicative" num="p" person="3" pos="vsip3p0" postype="semiauxiliary" tense="present" wd="són"/>
    </grup.verb>
    <sn arg="arg2" func="atr" tem="atr">
      <grup.nom gen="m" num="p">
        <n gen="m" lem="membre" num="p" pos="ncmp000" postype="common" sense="16:07404067" wd="membres"/>
        <sp>
          <prep>
            <s lem="de" pos="sps00" postype="preposition" wd="d'"/>
          </prep>
          <sn entityref="nne">
            <spec gen="f" num="s">
              <d gen="f" lem="un" num="s" pos="di0fs0" postype="indefinite" wd="una"/>
              <d gen="f" lem="mateix" num="s" pos="di0fs0" postype="indefinite" wd="mateixa"/>
            </spec>
            <grup.nom gen="f" num="s">
              <n gen="f" lem="família" num="s" pos="ncfs000" postype="common" sense="16:05975517" wd="família"/>
            </grup.nom>
          </sn>
        </sp>
      </grup.nom>
    </sn>
    <f lem="." pos="fp" punct="period" wd="."/>
  </sentence>
  <sentence>
    <sn arg="arg1" entityref="nne" func="suj" homophoricDD="yes" tem="pat">
      <spec gen="m" num="s">
        <d gen="m" lem="el" num="s" pos="da0ms0" postype="article" wd="El"/>
      </spec>
      <grup.nom gen="m" num="s">
        <s.a gen="m" num="s">
          <grup.a gen="m" num="s">
            <a gen="m" lem="mal" num="s" pos="aq0ms0" postype="qualificative" wd="mal"/>
          </grup.a>
        </s.a>
        <n gen="m" lem="estat" num="s" pos="ncms000" postype="common" sense="16:00016185" wd="estat"/>
        <sp>
          <prep>
            <s lem="de" pos="sps00" postype="preposition" wd="de"/>
          </prep>
          <sn entityref="nne" homophoricDD="yes">
            <spec gen="f" num="s">
              <d gen="f" lem="el" num="s" pos="da0fs0" postype="article" wd="la"/>
            </spec>
            <grup.nom gen="f" num="s">
              <n gen="f" lem="instal·lació" num="s" pos="ncfs000" postype="common" sense="16:03564342" wd="instal·lació"/>
              <sp>
                <prep>
                  <s lem="de" pos="sps00" postype="preposition" wd="de"/>
                </prep>
                <sn>
                  <grup.nom gen="m" num="s">
                    <n gen="m" lem="gas" num="s" pos="ncms000" postype="common" sense="16:10671811" wd="gas"/>
                  </grup.nom>
                </sn>
              </sp>
            </grup.nom>
          </sn>
        </sp>
      </grup.nom>
    </sn>
    <morfema.verbal func="pass">
      <p gen="c" lem="es" num="c" pos="p0000000" wd="s'"/>
    </morfema.verbal>
    <grup.verb>
      <v lem="apuntar" lss="B22.unaccusative-passive-transitive" mood="indicative" num="s" person="3" pos="vmip3s0" postype="main" tense="present" wd="apunta"/>
    </grup.verb>
    <sp arg="argM" func="cpred" predicate="suj" tem="atr">
      <prep>
        <c lem="com" pos="cs" postype="subordinating" wd="com"/>
      </prep>
      <sn>
        <spec gen="f" num="s">
          <d gen="f" lem="el" num="s" pos="da0fs0" postype="article" wd="la"/>
        </spec>
        <grup.nom gen="f" num="s">
          <n gen="f" lem="causa" num="s" pos="ncfs000" postype="common" sense="16:00003731" wd="causa"/>
          <s.a gen="f" num="s">
            <grup.a gen="f" num="s">
              <a gen="c" lem="principal" num="s" pos="aq0cs0" postype="qualificative" wd="principal"/>
            </grup.a>
          </s.a>
          <sp>
            <prep>
              <s lem="de" pos="sps00" postype="preposition" wd="de"/>
            </prep>
            <sn corefsubtype="token" coreftype="dx" entity="entity1" entityref="nne">
              <spec gen="f" num="s">
                <d gen="f" lem="el" num="s" pos="da0fs0" postype="article" wd="la"/>
              </spec>
              <grup.nom gen="f" num="s">
                <n gen="f" lem="intoxicació" num="s" pos="ncfs000" postype="common" sense="16:10128809" wd="intoxicació"/>
              </grup.nom>
            </sn>
          </sp>
        </grup.nom>
      </sn>
    </sp>
    <f lem="." pos="fp" punct="period" wd="."/>
  </sentence>
  <sentence coord="yes">
    <S>
      <sn arg="arg1" coreftype="ident" entity="entity2" entityref="spec" func="suj" tem="tem">
        <spec gen="f" num="p">
          <d gen="f" lem="el" num="p" pos="da0fp0" postype="article" wd="Les"/>
          <d gen="c" lem="tres" num="p" pos="dn0cp0" postype="numeral" wd="tres"/>
        </spec>
        <grup.nom gen="f" num="p">
          <n gen="f" lem="persona" num="p" pos="ncfp000" postype="common" sense="16:00004123" wd="persones"/>
        </grup.nom>
      </sn>
      <grup.verb>
        <v lem="estar" lss="C11.state-existential" mood="indicative" num="p" person="3" pos="vmip3p0" postype="main" tense="present" wd="estan"/>
      </grup.verb>
      <S arg="argM" clausetype="participle" func="cpred" impersonal="yes" predicate="suj" tem="atr">
        <participi>
          <a gen="f" lem="ingressat" num="p" pos="aq0fpp" posfunction="participle" postype="qualificative" wd="ingressades"/>
        </participi>
      </S>
      <sp arg="arg2" func="creg" tem="loc">
        <prep>
          <s lem="a" pos="sps00" postype="preposition" wd="a"/>
        </prep>
        <sn entity="entity6" entityref="ne" ne="location">
          <spec gen="m" num="s">
            <d gen="c" lem="el" num="s" pos="da0cs0" postype="article" wd="l'"/>
          </spec>
          <grup.nom gen="m" num="s">
            <n lem="Hospital_de_Palamós" ne="location" pos="np0000l" postype="proper" sense="16:cs1" wd="Hospital_de_Palamós"/>
          </grup.nom>
        </sn>
      </sp>
    </S>
    <conj conjunctiontype="coordinating">
      <c lem="i" pos="cc" postype="coordinating" wd="i"/>
    </conj>
    <S>
      <sn arg="arg1" entity="entity7" entityref="nne" func="suj" tem="tem">
        <spec gen="m" num="s">
          <d coreftype="ident" entity="entity2" entityref="spec" gen="m" lem="el_seu" num="s" person="3" pos="dp3ms0" postype="possessive" wd="el_seu"/>
        </spec>
        <grup.nom gen="m" num="s">
          <n gen="m" lem="estat" num="s" pos="ncms000" postype="common" sense="16:00016185" wd="estat"/>
        </grup.nom>
      </sn>
      <grup.verb>
        <v lem="ser" lss="C21.state-attributive" mood="indicative" num="s" person="3" pos="vsip3s0" postype="semiauxiliary" tense="present" wd="és"/>
      </grup.verb>
      <S arg="arg2" clausetype="participle" func="atr" impersonal="yes" tem="atr">
        <participi>
          <a gen="m" lem="reservat" num="s" pos="aq0msp" posfunction="participle" postype="qualificative" wd="reservat"/>
        </participi>
      </S>
    </S>
    <f lem="." pos="fp" punct="period" wd="."/>
  </sentence>
  <sentence>
    <sn arg="arg0" coreftype="ident" entity="entity1" entityref="nne" func="suj" tem="cau">
      <spec gen="f" num="s">
        <d gen="f" lem="el" num="s" pos="da0fs0" postype="article" wd="La"/>
      </spec>
      <grup.nom gen="f" num="s">
        <n gen="f" lem="intoxicació" num="s" pos="ncfs000" postype="common" sense="16:10128809" wd="intoxicació"/>
        <sp>
          <prep>
            <s lem="per" pos="sps00" postype="preposition" wd="per"/>
          </prep>
          <sn coreftype="ident" entity="entity3" entityref="nne">
            <grup.nom gen="f" num="s">
              <n gen="f" lem="inhalació" num="s" pos="ncfs000" postype="common" sense="16:00536863" wd="inhalació"/>
              <sp>
                <prep>
                  <s lem="de" pos="sps00" postype="preposition" wd="de"/>
                </prep>
                <sn coreftype="ident" entity="entity4" entityref="nne">
                  <grup.nom gen="m" num="s">
                    <n gen="m" lem="monòxid" num="s" pos="ncms000" postype="common" sense="16:10730112" wd="monòxid"/>
                    <sp>
                      <prep>
                        <s lem="de" pos="sps00" postype="preposition" wd="de"/>
                      </prep>
                      <sn>
                        <grup.nom gen="m" num="s">
                          <n gen="m" lem="carboni" num="s" pos="ncms000" postype="common" sense="16:10482489" wd="carboni"/>
                        </grup.nom>
                      </sn>
                    </sp>
                  </grup.nom>
                </sn>
              </sp>
            </grup.nom>
          </sn>
        </sp>
      </grup.nom>
    </sn>
    <grup.verb>
      <v lem="haver" mood="indicative" num="s" person="3" pos="vaip3s0" postype="auxiliary" tense="present" wd="ha"/>
      <v gen="m" lem="afectar" lss="A11.transitive-causative" mood="participle" num="s" pos="vmp00sm" postype="main" wd="afectat"/>
    </grup.verb>
    <sp arg="arg1" func="cd" tem="tem">
      <prep>
        <s contracted="yes" gen="m" lem="al" num="s" pos="spcms" postype="preposition" wd="al"/>
      </prep>
      <sn coord="yes" coreftype="ident" entity="entity2">
        <sn entity="entity5" entityref="nne" homophoricDD="yes">
          <grup.nom gen="m" num="s">
            <n gen="m" lem="matrimoni" num="s" pos="ncms000" postype="common" sense="16:05985550" wd="matrimoni"/>
            <S clausetype="participle" impersonal="yes">
              <participi>
                <a gen="m" lem="format" lss="B22.unaccusative-passive-transitive" num="s" pos="aq0msp" posfunction="participle" postype="qualificative" wd="format"/>
              </participi>
              <sp arg="arg0" func="cag" tem="agt">
                <prep>
                  <s lem="per" pos="sps00" postype="preposition" wd="per"/>
                </prep>
                <sn coord="yes">
                  <sn entity="entity10" entityref="ne" ne="person">
                    <grup.nom gen="f" num="s">
                      <n lem="Antonia_P._Z" ne="person" pos="np0000p" postype="proper" sense="16:cs1" wd="Antonia_P._Z"/>
                      <sp>
                        <prep>
                          <s lem="de" pos="sps00" postype="preposition" wd="de"/>
                        </prep>
                        <sn>
                          <spec gen="m" num="p">
                            <z lem="45" ne="number" wd="45"/>
                          </spec>
                          <grup.nom gen="m" num="p">
                            <n gen="m" lem="any" num="p" pos="ncmp000" postype="common" sense="16:10917509" wd="anys"/>
                          </grup.nom>
                        </sn>
                      </sp>
                    </grup.nom>
                  </sn>
                  <f lem="," pos="fc" punct="comma" wd=","/>
                  <sn entityref="ne" ne="person">
                    <spec gen="m" num="s">
                      <d coreftype="ident" entity="entity10" entityref="spec" gen="m" lem="el_seu" num="s" person="3" pos="dp3ms0" postype="possessive" wd="el_seu"/>
                    </spec>
                    <grup.nom gen="m" num="s">
                      <n gen="m" lem="marit" num="s" pos="ncms000" postype="common" sense="16:07331418" wd="marit"/>
                      <grup.nom gen="m" num="s">
                        <n lem="Fidel_L._R" ne="person" pos="np0000p" postype="proper" sense="16:cs1" wd="Fidel_L._R"/>
                      </grup.nom>
                      <sp>
                        <prep>
                          <s lem="de" pos="sps00" postype="preposition" wd="de"/>
                        </prep>
                        <sn>
                          <grup.nom gen="m" num="p">
                            <z lem="48" ne="number" wd="48"/>
                          </grup.nom>
                        </sn>
                      </sp>
                    </grup.nom>
                  </sn>
                </sn>
              </sp>
            </S>
          </grup.nom>
        </sn>
        <conj conjunctiontype="coordinating">
          <c lem="i" pos="cc" postype="coordinating" wd="i"/>
        </conj>
        <sn entityref="ne" ne="person">
          <spec gen="m" num="s">
            <d gen="m" lem="el" num="s" pos="da0ms0" postype="article" wd="el"/>
          </spec>
          <grup.nom gen="m" num="s">
            <n gen="m" lem="fill" num="s" pos="ncms000" postype="common" sense="16:07154377" wd="fill"/>
            <sp>
              <prep>
                <s contracted="yes" gen="m" lem="del" num="s" pos="spcms" postype="preposition" wd="del"/>
              </prep>
              <sn coreftype="ident" entity="entity5" entityref="nne">
                <grup.nom gen="m" num="s">
                  <n gen="m" lem="matrimoni" num="s" pos="ncms000" postype="common" sense="16:05985550" wd="matrimoni"/>
                </grup.nom>
              </sn>
            </sp>
            <sn entityref="ne" ne="person">
              <grup.nom gen="m" num="s">
                <n lem="F.L._Z" ne="person" pos="np0000p" postype="proper" sense="16:cs1" wd="F.L._Z"/>
              </grup.nom>
            </sn>
            <sp>
              <prep>
                <s lem="de" pos="sps00" postype="preposition" wd="de"/>
              </prep>
              <sn>
                <spec gen="m" num="p">
                  <z lem="14" ne="number" wd="14"/>
                </spec>
                <grup.nom gen="m" num="p">
                  <n gen="m" lem="any" num="p" pos="ncmp000" postype="common" sense="16:10917509" wd="anys"/>
                </grup.nom>
              </sn>
            </sp>
          </grup.nom>
        </sn>
      </sn>
    </sp>
    <f lem="." pos="fp" punct="period" wd="."/>
  </sentence>
  <sentence coord="yes">
    <sp adjunct="yes" func="ao">
      <prep>
        <s lem="segons" pos="sps00" postype="preposition" wd="Segons"/>
      </prep>
      <sn entity="entity8" entityref="nne">
        <grup.nom gen="f" num="p">
          <n gen="f" lem="font" num="p" pos="ncfp000" postype="common" sense="16:05005140" wd="fonts"/>
          <sp>
            <prep>
              <s lem="de" pos="sps00" postype="preposition" wd="de"/>
            </prep>
            <sn coreftype="ident" entity="entity6" entityref="ne" ne="location">
              <spec gen="m" num="s">
                <d gen="c" lem="el" num="s" pos="da0cs0" postype="article" wd="l'"/>
              </spec>
              <grup.nom gen="m" num="s">
                <n lem="Hospital_de_Palamós" ne="location" pos="np0000l" postype="proper" sense="16:cs1" wd="Hospital_de_Palamós"/>
                <S clausetype="relative">
                  <f lem="," pos="fc" punct="comma" wd=","/>
                  <relatiu arg="arg4" coreftype="ident" entity="entity6" entityref="spec" func="cc" tem="des">
                    <p lem="on" pos="pr000000" postype="relative" wd="on"/>
                  </relatiu>
                  <sn arg="arg1" coreftype="ident" elliptic="yes" entity="entity2" entityref="spec" func="suj" tem="pat"/>
                  <grup.verb>
                    <v lem="haver" mood="indicative" num="p" person="3" pos="vaip3p0" postype="auxiliary" tense="present" wd="han"/>
                    <v gen="m" lem="ser" mood="participle" num="s" pos="vsp00sm" postype="semiauxiliary" wd="estat"/>
                    <v gen="m" lem="traslladar" lss="B12.unaccusative-passive-ditransitive" mood="participle" num="p" pos="vmp00pm" postype="main" wd="traslladats"/>
                  </grup.verb>
                  <sadv arg="argM" func="cc" tem="tmp">
                    <grup.adv>
                      <r lem="després" pos="rg" wd="després"/>
                      <S clausetype="completive">
                        <conj conjunctiontype="subordinating">
                          <c lem="que" pos="cs" postype="subordinating" wd="que"/>
                        </conj>
                        <sn arg="arg0" entityref="nne" func="suj" homophoricDD="yes" tem="agt">
                          <spec gen="m" num="p">
                            <d gen="m" lem="el" num="p" pos="da0mp0" postype="article" wd="els"/>
                          </spec>
                          <grup.nom gen="m" num="p">
                            <n gen="m" lem="bomber" num="p" pos="ncmp000" postype="common" sense="16:07264519" wd="bombers"/>
                          </grup.nom>
                        </sn>
                        <sn arg="arg2" coreftype="ident" entity="entity2" entityref="spec" func="ci" tem="ben">
                          <grup.nom num="p">
                            <p gen="c" lem="ell" num="p" person="3" pos="pp3cp000" postype="personal" wd="els"/>
                          </grup.nom>
                        </sn>
                        <grup.verb>
                          <v lem="practicar" lss="A21.transitive-agentive-patient" mood="subjunctive" num="p" person="3" pos="vmsi3p0" postype="main" tense="imperfect" wd="practiquessin"/>
                        </grup.verb>
                        <sn arg="arg1" entityref="nne" func="cd" homophoricDD="yes" tem="pat">
                          <spec gen="m" num="p">
                            <d gen="m" lem="el" num="p" pos="da0mp0" postype="article" wd="els"/>
                          </spec>
                          <grup.nom gen="m" num="p">
                            <s.a gen="m" num="p">
                              <grup.a gen="m" num="p">
                                <a gen="m" lem="primer" num="p" pos="ao0mp0" postype="ordinal" wd="primers"/>
                              </grup.a>
                            </s.a>
                            <n gen="m" lem="auxili" num="p" pos="ncmp000" postype="common" sense="16:cs1" wd="auxilis"/>
                          </grup.nom>
                        </sn>
                      </S>
                    </grup.adv>
                  </sadv>
                </S>
              </grup.nom>
            </sn>
          </sp>
        </grup.nom>
      </sn>
      <f lem="," pos="fc" punct="comma" wd=","/>
    </sp>
    <S coord="yes">
      <S>
        <f lem="'" pos="fz" punct="mathsign" wd="'"/>
        <sn arg="arg1" coreftype="ident" entity="entity7" entityref="nne" func="suj" tem="tem">
          <spec gen="m" num="s">
            <d coreftype="ident" entity="entity2" entityref="spec" gen="m" lem="el_seu" num="s" person="3" pos="dp3ms0" postype="possessive" wd="el_seu"/>
          </spec>
          <grup.nom gen="m" num="s">
            <n gen="m" lem="pronòstic" num="s" pos="ncms000" postype="common" sense="16:00099666" wd="pronòstic"/>
          </grup.nom>
        </sn>
        <grup.verb>
          <v lem="ser" lss="C21.state-attributive" mood="indicative" num="s" person="3" pos="vsip3s0" postype="semiauxiliary" tense="present" wd="és"/>
        </grup.verb>
        <S arg="arg2" clausetype="participle" func="atr" impersonal="yes" tem="atr">
          <participi>
            <a gen="m" lem="reservat" num="s" pos="aq0msp" posfunction="participle" postype="qualificative" wd="reservat"/>
          </participi>
        </S>
      </S>
      <conj conjunctiontype="coordinating">
        <c lem="i" pos="cc" postype="coordinating" wd="i"/>
      </conj>
      <S>
        <sn arg="arg1" coreftype="ident" elliptic="yes" entity="entity2" entityref="spec" func="suj" tem="tem"/>
        <grup.verb>
          <v lem="estar" lss="C21.state-attributive" mood="indicative" num="p" person="3" pos="vmip3p0" postype="main" tense="present" wd="estan"/>
        </grup.verb>
        <sa arg="arg2" func="atr" tem="atr">
          <grup.a>
            <a gen="c" lem="pendent" num="p" pos="aq0cp0" postype="qualificative" wd="pendents"/>
            <sp>
              <prep>
                <s lem="de" pos="sps00" postype="preposition" wd="de"/>
              </prep>
              <sn entityref="nne">
                <grup.nom gen="m" num="s">
                  <n gen="m" lem="tractament" num="s" pos="ncms000" postype="common" sense="16:00430183" wd="tractament"/>
                </grup.nom>
              </sn>
            </sp>
          </grup.a>
        </sa>
        <f lem="'" pos="fz" punct="mathsign" wd="'"/>
      </S>
    </S>
    <f lem="." pos="fp" punct="period" wd="."/>
  </sentence>
  <sentence>
    <sn arg="arg0" coreftype="ident" entity="entity8" entityref="nne" func="suj" tem="agt">
      <grup.nom gen="f" num="p">
        <n gen="f" lem="font" num="p" pos="ncfp000" postype="common" sense="16:05005140" wd="Fonts"/>
        <sp>
          <prep>
            <s contracted="yes" gen="m" lem="del" num="s" pos="spcms" postype="preposition" wd="del"/>
          </prep>
          <sn coreftype="ident" entity="entity6" entityref="spec">
            <spec gen="m" num="s">
              <d gen="m" lem="mateix" num="s" pos="di0ms0" postype="indefinite" wd="mateix"/>
            </spec>
            <grup.nom gen="m" num="s">
              <n gen="m" lem="hospital" num="s" pos="ncms000" postype="common" sense="16:02834408" wd="hospital"/>
            </grup.nom>
          </sn>
        </sp>
      </grup.nom>
    </sn>
    <grup.verb>
      <v lem="haver" mood="indicative" num="p" person="3" pos="vaip3p0" postype="auxiliary" tense="present" wd="han"/>
      <v gen="m" lem="revelar" lss="A21.transitive-agentive-patient" mood="participle" num="s" pos="vmp00sm" postype="main" wd="revelat"/>
    </grup.verb>
    <S arg="arg1" clausetype="completive" func="cd" tem="pat">
      <conj conjunctiontype="subordinating">
        <c lem="que" pos="cs" postype="subordinating" wd="que"/>
      </conj>
      <sn arg="arg1" coreftype="ident" elliptic="yes" entity="entity2" entityref="spec" func="suj" tem="tem"/>
      <grup.verb>
        <v lem="estar" lss="C21.state-attributive" mood="indicative" num="p" person="3" pos="vmif3p0" postype="main" tense="future" wd="estaran"/>
      </grup.verb>
      <S arg="arg2" clausetype="participle" func="atr" impersonal="yes" tem="atr">
        <participi>
          <a gen="m" lem="ingressat" num="p" pos="aq0mpp" posfunction="participle" postype="qualificative" wd="ingressats"/>
        </participi>
      </S>
      <sp arg="argM" func="cc" tem="tmp">
        <f lem="'" pos="fz" punct="mathsign" wd="'"/>
        <prep>
          <s lem="fins" pos="sps00" postype="preposition" wd="fins"/>
        </prep>
        <sadv>
          <spec>
            <r lem="com_a_mínim" pos="rg" wd="com_a_mínim"/>
          </spec>
          <grup.adv>
            <r lem="demà" pos="rg" wd="demà"/>
          </grup.adv>
        </sadv>
        <f lem="'" pos="fz" punct="mathsign" wd="'"/>
      </sp>
    </S>
    <f lem="." pos="fp" punct="period" wd="."/>
  </sentence>
  <sentence>
    <S>
      <sn arg="arg1" coreftype="ident" entity="entity1" entityref="nne" func="suj" tem="tem">
        <spec gen="m" num="s">
          <d gen="m" lem="el" num="s" pos="da0ms0" postype="article" wd="El"/>
        </spec>
        <grup.nom gen="m" num="s">
          <n gen="m" lem="sinistre" num="s" pos="ncms000" postype="common" sense="16:cs1" wd="sinistre"/>
        </grup.nom>
      </sn>
      <grup.verb>
        <v lem="haver" mood="indicative" num="s" person="3" pos="vaip3s0" postype="auxiliary" tense="present" wd="ha"/>
        <v gen="m" lem="passar" lss="C42.state-experiencer" mood="participle" num="s" pos="vmp00sm" postype="main" wd="passat"/>
      </grup.verb>
      <S arg="argM" clausetype="adverbial" func="cc" tem="tmp">
        <conj conjunctiontype="subordinating">
          <c lem="quan" pos="cs" postype="subordinating" wd="quan"/>
        </conj>
        <grup.verb>
          <v lem="faltar" lss="C11.state-existential" mood="indicative" num="p" person="3" pos="vmii3p0" postype="main" tense="imperfect" wd="faltaven"/>
        </grup.verb>
        <sn arg="arg1" func="suj" tem="tem">
          <spec gen="m" num="p">
            <d gen="m" lem="poc" num="p" pos="di0mp0" postype="indefinite" wd="pocs"/>
          </spec>
          <grup.nom gen="m" num="p">
            <n gen="m" lem="minut" num="p" pos="ncmp000" postype="common" sense="16:10943650" wd="minuts"/>
          </grup.nom>
        </sn>
        <sp arg="argM" func="cc" tem="adv">
          <prep>
            <s lem="per" pos="sps00" postype="preposition" wd="per"/>
          </prep>
          <sn entityref="ne" ne="date">
            <spec gen="f" num="p">
              <d gen="f" lem="el" num="p" pos="da0fp0" postype="article" wd="les"/>
            </spec>
            <grup.nom gen="f" num="p">
              <w lem="[??:??/??/??:17.00]" ne="date" wd="cinc_de_la_tarda"/>
            </grup.nom>
          </sn>
        </sp>
      </S>
      <sp arg="argM" func="cc" tem="loc">
        <prep>
          <s contracted="yes" gen="m" lem="al" num="s" pos="spcms" postype="preposition" wd="al"/>
        </prep>
        <sn entityref="ne" ne="location">
          <grup.nom gen="m" num="s">
            <n gen="m" lem="carrer" num="s" pos="ncms000" postype="common" sense="16:03426236" wd="carrer"/>
            <sn entityref="ne" ne="location">
              <grup.nom>
                <n lem="Empordà" ne="location" pos="np0000l" postype="proper" sense="16:cs1" wd="Empordà"/>
                <sn entityref="ne" ne="number">
                  <grup.nom>
                    <z lem="312" ne="number" wd="312"/>
                  </grup.nom>
                </sn>
              </grup.nom>
            </sn>
            <sp>
              <f lem="," pos="fc" punct="comma" wd=","/>
              <prep>
                <s lem="de" pos="sps00" postype="preposition" wd="de"/>
              </prep>
              <sn coreftype="ident" entity="entity9" entityref="ne" ne="location">
                <spec gen="f" num="s">
                  <d gen="f" lem="el" num="s" pos="da0fs0" postype="article" wd="la"/>
                </spec>
                <grup.nom gen="f" num="s">
                  <n lem="Urbanització_Maçanet_Residential_Park" ne="location" pos="np0000l" postype="proper" sense="16:cs1" wd="Urbanització_Maçanet_Residential_Park"/>
                  <sp>
                    <prep>
                      <s lem="de" pos="sps00" postype="preposition" wd="de"/>
                    </prep>
                    <sn entityref="ne" ne="location">
                      <grup.nom>
                        <n lem="Maçanet_de_la_Selva" ne="location" pos="np0000l" postype="proper" sense="16:cs1" wd="Maçanet_de_la_Selva"/>
                      </grup.nom>
                    </sn>
                  </sp>
                </grup.nom>
              </sn>
            </sp>
          </grup.nom>
        </sn>
        <f lem="," pos="fc" punct="comma" wd=","/>
      </sp>
    </S>
    <conj conjunctiontype="coordinating">
      <c lem="i" pos="cc" postype="coordinating" wd="i"/>
    </conj>
    <S verbless="yes">
      <neg>
        <r lem="no" pos="rn" postype="negative" wd="no"/>
      </neg>
      <sn entityref="ne" ne="location">
        <spec gen="m" num="s">
          <d gen="m" lem="el" num="s" pos="da0ms0" postype="article" wd="el"/>
        </spec>
        <grup.nom gen="m" num="s">
          <n gen="m" lem="carrer" num="s" pos="ncms000" postype="common" sense="16:03426236" wd="carrer"/>
          <sn entityref="ne" ne="location">
            <grup.nom>
              <n lem="Empúries" ne="location" pos="np0000l" postype="proper" sense="16:cs1" wd="Empúries"/>
            </grup.nom>
          </sn>
        </grup.nom>
      </sn>
      <S clausetype="adverbial">
        <conj conjunctiontype="subordinating">
          <c lem="com" pos="cs" postype="subordinating" wd="com"/>
        </conj>
        <sn arg="arg0" elliptic="yes" entityref="nne" func="suj" tem="agt"/>
        <grup.verb>
          <v lem="haver" mood="indicative" num="p" person="1" pos="vaii1p0" postype="auxiliary" tense="imperfect" wd="havíem"/>
          <v gen="m" lem="informar" lss="A32.ditransitive-patient-benefactive" mood="participle" num="s" pos="vmp00sm" postype="main" wd="informat"/>
        </grup.verb>
        <sadv arg="argM" func="cc" tem="tmp">
          <grup.adv>
            <r lem="anteriorment" pos="rg" wd="anteriorment"/>
          </grup.adv>
        </sadv>
      </S>
    </S>
    <f lem="." pos="fp" punct="period" wd="."/>
  </sentence>
</article>
