<?xml version="1.0" encoding="UTF-8"?>
<!-- 

  ancora-2.0
       
			Copyright (C) 2007, 2008, 2009, 2010, 2011 UB - CLiC
			Centre de Llenguatge i Computació - Universitat de Barcelona
 
  This file is part of ancora-2.0.
 
  ancora-2.0 is free software and data: you can redistribute it and/or modify
  it under the terms of the GNU General Public License as published
  by the Free Software Foundation, either version 3 of the License,
  or (at your option) any later version.

  ancora-2.0 is distributed in the hope that it will be useful,
  but WITHOUT ANY WARRANTY; without even the implied warranty of
  MERCHANTABILITY or FITNESS FOR A PARTICULAR PURPOSE.  See the
  GNU General Public License for more details.
 
  You should have received a copy of the GNU General Public License
  along with ancora-2.0.  If not, see &lt;http://www.gnu.org/licenses/&gt;.
 
  Check a text in catalan explaining the terms of the license at http://www.softcatala.cat/wiki/GPL3.
  In spanish at http://www.viti.es/gnu/licenses/gpl.html
 

  The following paper must be cited when using this corpus:

 * Taulé, M., M.A. Martí, M. Recasens (2008) 'Ancora: Multilevel Annotated Corpora for Catalan and Spanish',
   Proceedings of 6th International Conference on Language Resources and Evaluation. Marrakesh (Morocco).

  In addition, the following paper must be cited if coreference information (attributes entity, coreftype,
  corefsubtype, homophoricDD or entityref) is used:

 * Recasens, Marta, M. Antònia Martí (2010) ‘AnCora-CO: Coreferentially annotated corpora for Spanish and
   Catalan’. Language Resources and Evaluation, Springer Science.

  Additionally, the following paper must be cited when argumental attributes in "sn" or "grup.nom"
  (attributes func, arg, tem or lexicalid) are used:

 * Peris, Aina, Mariona Taulé, Horacio Rodríguez (2010) ‘Semantic Annotation of Deverbal Nominalizations in the
   Spanish AnCora corpus’. Treebanks and Linguistic Theories (TLT-2010), Estonia.
-->
<article lng="ca">
  <sentence>
    <sn arg="arg0" entity="entity4" entityref="ne" func="suj" ne="organization" tem="agt">
      <spec gen="m" num="s">
        <d gen="c" lem="el" num="s" pos="da0cs0" postype="article" wd="L'"/>
      </spec>
      <grup.nom gen="m" num="s">
        <n lem="Ajuntament" ne="organization" pos="np0000o" postype="proper" sense="16:cs1" wd="Ajuntament"/>
        <sp>
          <prep>
            <s lem="de" pos="sps00" postype="preposition" wd="de"/>
          </prep>
          <sn entityref="ne" ne="location">
            <sn entityref="ne" ne="location">
              <grup.nom>
                <n lem="Sant_Boi_de_Llobregat" ne="location" pos="np0000l" postype="proper" sense="16:cs1" wd="Sant_Boi_de_Llobregat"/>
              </grup.nom>
            </sn>
            <sn adjunct="yes" entityref="ne" ne="location">
              <grup.nom>
                <f lem="(" pos="fpa" punct="bracket" punctenclose="open" wd="("/>
                <n lem="Baix_Llobregat" ne="location" pos="np0000l" postype="proper" sense="16:cs1" wd="Baix_Llobregat"/>
                <f lem=")" pos="fpt" punct="bracket" punctenclose="close" wd=")"/>
              </grup.nom>
            </sn>
          </sn>
        </sp>
      </grup.nom>
    </sn>
    <grup.verb>
      <v lem="haver" mood="indicative" num="s" person="3" pos="vaif3s0" postype="auxiliary" tense="future" wd="haurà"/>
      <s lem="de" pos="sps00" postype="preposition" wd="de"/>
      <infinitiu>
        <v lem="pagar" lss="A21.transitive-agentive-patient" mood="infinitive" pos="vmn0000" postype="main" wd="pagar"/>
      </infinitiu>
    </grup.verb>
    <sadv func="et">
      <grup.adv>
        <r lem="finalment" pos="rg" wd="finalment"/>
      </grup.adv>
    </sadv>
    <sn arg="arg1" entity="entity14" entityref="nne" func="cd" tem="pat">
      <spec gen="f" num="s">
        <d gen="f" lem="un" num="s" pos="di0fs0" postype="indefinite" wd="una"/>
      </spec>
      <grup.nom gen="f" num="s">
        <n gen="f" lem="indemnització" num="s" pos="ncfs000" postype="common" sense="16:00059926" wd="indemnització"/>
        <sp>
          <prep>
            <s lem="de" pos="sps00" postype="preposition" wd="de"/>
          </prep>
          <sn entityref="ne" ne="number">
            <spec gen="m" num="p">
              <z lem="1850" ne="number" wd="1.850"/>
            </spec>
            <grup.nom gen="m" num="p">
              <z lem="euro" ne="number" pos="zm" postype="currency" wd="euros"/>
            </grup.nom>
          </sn>
        </sp>
      </grup.nom>
    </sn>
    <sp arg="arg2" func="ci" tem="ben">
      <prep>
        <s lem="a" pos="sps00" postype="preposition" wd="a"/>
      </prep>
      <sn entity="entity1" entityref="spec">
        <spec gen="f" num="s">
          <d gen="f" lem="un" num="s" pos="di0fs0" postype="indefinite" wd="una"/>
        </spec>
        <grup.nom gen="f" num="s">
          <n gen="f" lem="veïna" num="s" pos="ncfs000" postype="common" sense="16:07429701" wd="veïna"/>
          <S clausetype="relative" entity="entity6">
            <relatiu arg="arg1" coreftype="ident" entity="entity1" entityref="spec" func="suj" tem="tem">
              <p gen="c" lem="que" num="c" pos="pr0cn000" postype="relative" wd="que"/>
            </relatiu>
            <sn arg="argM" entityref="ne" func="cc" ne="date" tem="tmp">
              <spec gen="m" num="s">
                <d gen="c" lem="el" num="s" pos="da0cs0" postype="article" wd="l'"/>
              </spec>
              <grup.nom gen="m" num="s">
                <w lem="[??:??/??/1997:??.??]" ne="date" wd="any_1997"/>
              </grup.nom>
            </sn>
            <grup.verb>
              <v lem="anar" mood="indicative" num="s" person="3" pos="vaip3s0" postype="auxiliary" tense="present" wd="va"/>
              <v lem="caure" lss="B11.unaccusative-motion" mood="infinitive" pos="vmn0000" postype="main" wd="caure"/>
            </grup.verb>
            <sp arg="argM" func="cc" tem="loc">
              <prep>
                <s lem="a" pos="sps00" postype="preposition" wd="a"/>
              </prep>
              <sn entityref="nne">
                <grup.nom gen="f" num="s">
                  <n gen="f" lem="terra" num="s" pos="ncfs000" postype="common" sense="16:06667942" wd="terra"/>
                </grup.nom>
              </sn>
            </sp>
            <S arg="argM" clausetype="adverbial" func="cc" tem="tmp">
              <conj conjunctiontype="subordinating">
                <c lem="quan" pos="cs" postype="subordinating" wd="quan"/>
              </conj>
              <sn arg="arg1" coreftype="ident" elliptic="yes" entity="entity1" entityref="spec" func="suj" tem="tem"/>
              <grup.verb>
                <v lem="baixar" lss="B11.unaccusative-motion" mood="indicative" num="s" person="3" pos="vmii3s0" postype="main" tense="imperfect" wd="baixava"/>
              </grup.verb>
              <sp arg="arg3" func="cc" tem="ori">
                <prep>
                  <s lem="de" pos="sps00" postype="preposition" wd="de"/>
                </prep>
                <sn entity="entity7" entityref="nne" homophoricDD="yes">
                  <spec gen="m" num="s">
                    <d gen="c" lem="el" num="s" pos="da0cs0" postype="article" wd="l'"/>
                  </spec>
                  <grup.nom gen="m" num="s">
                    <n gen="m" lem="autobús" num="s" pos="ncms000" postype="common" sense="16:02356526" wd="autobús"/>
                  </grup.nom>
                </sn>
              </sp>
              <sp arg="argM" func="cc" tem="loc">
                <prep>
                  <s lem="en" pos="sps00" postype="preposition" wd="en"/>
                </prep>
                <sn entity="entity8" entityref="nne">
                  <spec gen="f" num="s">
                    <d gen="f" lem="un" num="s" pos="di0fs0" postype="indefinite" wd="una"/>
                  </spec>
                  <grup.nom gen="f" num="s">
                    <n gen="f" lem="parada" num="s" pos="ncfs000" postype="common" sense="16:06376001" wd="parada"/>
                  </grup.nom>
                </sn>
              </sp>
              <sp arg="argM" func="cc" tem="cau">
                <prep>
                  <s contracted="yes" gen="m" lem="a_causa_del" num="s" pos="spcms" postype="preposition" wd="a_causa_del"/>
                </prep>
                <sn entity="entity9" entityref="nne" homophoricDD="yes">
                  <spec gen="m" num="s">
                    <r lem="mal" pos="rg" wd="mal"/>
                  </spec>
                  <grup.nom gen="m" num="s">
                    <n gen="m" lem="estat" num="s" pos="ncms000" postype="common" sense="16:00016185" wd="estat"/>
                    <sp>
                      <prep>
                        <s contracted="yes" gen="m" lem="del" num="s" pos="spcms" postype="preposition" wd="del"/>
                      </prep>
                      <sn entity="entity10" entityref="nne" homophoricDD="yes">
                        <grup.nom gen="m" num="s">
                          <n gen="m" lem="paviment" num="s" pos="ncms000" postype="common" sense="16:03097185" wd="paviment"/>
                        </grup.nom>
                      </sn>
                    </sp>
                  </grup.nom>
                </sn>
              </sp>
            </S>
          </S>
        </grup.nom>
      </sn>
    </sp>
    <sp func="ao">
      <f lem="," pos="fc" punct="comma" wd=","/>
      <prep>
        <s lem="segons" pos="sps00" postype="preposition" wd="segons"/>
      </prep>
      <sn entity="entity2" entityref="nne">
        <spec gen="f" num="s">
          <d gen="f" lem="un" num="s" pos="di0fs0" postype="indefinite" wd="una"/>
        </spec>
        <grup.nom gen="f" num="s">
          <n gen="f" lem="sentència" num="s" pos="ncfs000" postype="common" sense="16:00768711" wd="sentència"/>
          <sp>
            <prep>
              <s contracted="yes" gen="m" lem="del" num="s" pos="spcms" postype="preposition" wd="del"/>
            </prep>
            <sn entity="entity3" entityref="ne" ne="organization">
              <grup.nom gen="m" num="s">
                <n lem="Tribunal_Superior_de_Justícia_de_Catalunya" ne="organization" pos="np0000o" postype="proper" sense="16:cs1" wd="Tribunal_Superior_de_Justícia_de_Catalunya"/>
              </grup.nom>
            </sn>
          </sp>
          <S clausetype="relative">
            <sp arg="argM" func="cc" tem="loc">
              <prep>
                <s lem="a" pos="sps00" postype="preposition" wd="a"/>
              </prep>
              <relatiu coreftype="ident" entity="entity2" entityref="nne">
                <d gen="f" lem="el" num="s" pos="da0fs0" postype="article" wd="la"/>
                <p gen="c" lem="que" num="c" pos="pr0cn000" postype="relative" wd="que"/>
              </relatiu>
            </sp>
            <grup.verb>
              <v lem="haver" mood="indicative" num="s" person="3" pos="vaip3s0" postype="auxiliary" tense="present" wd="ha"/>
              <v gen="m" lem="tenir" lss="C21.state-attributive" mood="participle" num="s" pos="vmp00sm" postype="main" wd="tingut"/>
            </grup.verb>
            <sn arg="arg2" entityref="lex" func="cd" functype="quantitative" tem="atr">
              <grup.nom gen="m" num="s">
                <n gen="m" lem="accés" num="s" pos="ncms000" postype="common" sense="16:cs1" wd="accés"/>
              </grup.nom>
            </sn>
            <sn arg="arg1" coreftype="ident" entity="entity3" entityref="ne" func="suj" ne="organization" tem="tem">
              <spec gen="m" num="s">
                <d gen="m" lem="el" num="s" pos="da0ms0" postype="article" wd="el"/>
              </spec>
              <grup.nom gen="m" num="s">
                <n lem="TSJC" ne="organization" pos="np0000o" postype="proper" sense="16:cs1" wd="TSJC"/>
              </grup.nom>
            </sn>
          </S>
        </grup.nom>
      </sn>
    </sp>
    <f lem="." pos="fp" punct="period" wd="."/>
  </sentence>
  <sentence>
    <sn arg="arg0" entity="entity13" entityref="ne" func="suj" ne="organization" tem="agt">
      <spec gen="f" num="s">
        <d gen="f" lem="el" num="s" pos="da0fs0" postype="article" wd="La"/>
      </spec>
      <grup.nom gen="f" num="s">
        <n lem="Sala_del_Contenciós_Administratiu" ne="organization" pos="np0000o" postype="proper" sense="16:cs1" wd="Sala_del_Contenciós_Administratiu"/>
        <sp>
          <prep>
            <s contracted="yes" gen="m" lem="del" num="s" pos="spcms" postype="preposition" wd="del"/>
          </prep>
          <sn coreftype="ident" entity="entity3" entityref="ne" ne="organization">
            <grup.nom gen="m" num="s">
              <n lem="TSJC" ne="organization" pos="np0000o" postype="proper" sense="16:cs1" wd="TSJC"/>
            </grup.nom>
          </sn>
        </sp>
      </grup.nom>
    </sn>
    <grup.verb>
      <v lem="estimar" lss="A21.transitive-agentive-patient" mood="indicative" num="s" person="3" pos="vmip3s0" postype="main" tense="present" wd="estima"/>
    </grup.verb>
    <sadv arg="argM" func="cc" tem="mnr">
      <grup.adv>
        <r lem="així" pos="rg" wd="així"/>
      </grup.adv>
    </sadv>
    <sn arg="arg1" entityref="nne" func="cd" homophoricDD="yes" tem="pat">
      <spec gen="m" num="s">
        <d gen="m" lem="el" num="s" pos="da0ms0" postype="article" wd="el"/>
      </spec>
      <grup.nom gen="m" num="s">
        <n gen="m" lem="recurs" num="s" pos="ncms000" postype="common" sense="16:cs1" wd="recurs"/>
        <S clausetype="participle" impersonal="yes">
          <participi>
            <a gen="m" lem="presentat" lss="B12.unaccusative-passive-ditransitive" num="s" pos="aq0msp" posfunction="participle" postype="qualificative" wd="presentat"/>
          </participi>
          <sp arg="argM" func="cc" tem="loc">
            <prep>
              <s lem="davant" pos="sps00" postype="preposition" wd="davant"/>
            </prep>
            <sn entityref="nne">
              <spec gen="f" num="s">
                <d coreftype="ident" entity="entity13" entityref="spec" gen="f" lem="el_seu" num="s" person="3" pos="dp3fs0" postype="possessive" wd="la_seva"/>
              </spec>
              <grup.nom gen="f" num="s">
                <n gen="f" lem="secció" num="s" pos="ncfs000" postype="common" sense="16:06102171" wd="secció"/>
                <s.a gen="f" num="s">
                  <grup.a gen="f" num="s">
                    <a gen="f" lem="primer" num="s" pos="ao0fs0" postype="ordinal" wd="primera"/>
                  </grup.a>
                </s.a>
              </grup.nom>
            </sn>
          </sp>
          <sp arg="arg0" func="cag" tem="agt">
            <prep>
              <s lem="per" pos="sps00" postype="preposition" wd="per"/>
            </prep>
            <sn coreftype="ident" entity="entity1" entityref="ne" ne="person">
              <grup.nom gen="f" num="s">
                <n lem="Concepción_G.G." ne="person" pos="np0000p" postype="proper" sense="16:cs1" wd="Concepción_G.G."/>
              </grup.nom>
            </sn>
          </sp>
        </S>
        <sp>
          <prep>
            <s lem="contra" pos="sps00" postype="preposition" wd="contra"/>
          </prep>
          <sn entity="entity5" entityref="nne">
            <spec gen="m" num="s">
              <d gen="m" lem="un" num="s" pos="di0ms0" postype="indefinite" wd="un"/>
            </spec>
            <grup.nom gen="m" num="s">
              <S clausetype="participle" impersonal="yes">
                <participi>
                  <a gen="m" lem="suposat" num="s" pos="aq0msp" posfunction="participle" postype="qualificative" wd="suposat"/>
                </participi>
              </S>
              <n gen="m" lem="acte" num="s" pos="ncms000" postype="common" sense="16:04909380" wd="acte"/>
              <s.a gen="m" num="s">
                <grup.a gen="m" num="s">
                  <a gen="m" lem="administratiu" num="s" pos="aq0ms0" postype="qualificative" wd="administratiu"/>
                </grup.a>
              </s.a>
              <sp>
                <prep>
                  <s contracted="yes" gen="m" lem="del" num="s" pos="spcms" postype="preposition" wd="del"/>
                </prep>
                <sn coreftype="ident" entity="entity4" entityref="ne" ne="organization">
                  <grup.nom gen="m" num="s">
                    <s.a gen="m" num="s">
                      <grup.a gen="m" num="s">
                        <a gen="m" lem="propi" num="s" pos="aq0ms0" postype="qualificative" wd="propi"/>
                      </grup.a>
                    </s.a>
                    <n lem="Ajuntament_de_Sant_Boi" ne="organization" pos="np0000o" postype="proper" sense="16:cs1" wd="Ajuntament_de_Sant_Boi"/>
                  </grup.nom>
                </sn>
              </sp>
              <S clausetype="relative">
                <f lem="," pos="fc" punct="comma" wd=","/>
                <sp arg="argM" func="cc" tem="cau">
                  <prep>
                    <s contracted="yes" gen="m" lem="pel" num="s" pos="spcms" postype="preposition" wd="pel"/>
                  </prep>
                  <relatiu coreftype="ident" entity="entity5" entityref="nne">
                    <p gen="c" lem="que" num="c" pos="pr0cn000" postype="relative" wd="que"/>
                  </relatiu>
                </sp>
                <sp arg="argM" func="cc" tem="tmp">
                  <prep>
                    <s lem="en" pos="sps00" postype="preposition" wd="en"/>
                  </prep>
                  <sn entityref="lex">
                    <spec gen="m" num="s">
                      <d entityref="lex" gen="m" lem="el_seu" num="s" person="3" pos="dp3ms0" postype="possessive" wd="el_seu"/>
                    </spec>
                    <grup.nom gen="m" num="s">
                      <n gen="m" lem="dia" num="s" pos="ncms000" postype="common" sense="16:10851114" wd="dia"/>
                    </grup.nom>
                  </sn>
                </sp>
                <sn arg="arg0" coreftype="ident" elliptic="yes" entity="entity4" entityref="spec" func="suj" tem="agt"/>
                <sn arg="arg2" coreftype="ident" entity="entity1" entityref="spec" func="ci" tem="ben">
                  <grup.nom num="s">
                    <p case="dative" gen="c" lem="ell" num="s" person="3" pos="pp3csd00" postype="personal" wd="li"/>
                  </grup.nom>
                </sn>
                <grup.verb>
                  <v lem="anar" mood="indicative" num="p" person="3" pos="vaip3p0" postype="auxiliary" tense="present" wd="van"/>
                  <v lem="denegar" lss="B22.unaccusative-passive-transitive" mood="infinitive" pos="vmn0000" postype="main" wd="denegar"/>
                </grup.verb>
                <sn arg="arg1" entity="entity11" entityref="nne" func="cd" tem="pat">
                  <spec gen="f" num="s">
                    <d gen="f" lem="el" num="s" pos="da0fs0" postype="article" wd="la"/>
                  </spec>
                  <grup.nom gen="f" num="s">
                    <n gen="f" lem="indemnització" num="s" pos="ncfs000" postype="common" sense="16:00059926" wd="indemnització"/>
                  </grup.nom>
                </sn>
                <f lem="," pos="fc" punct="comma" wd=","/>
              </S>
              <S clausetype="relative">
                <relatiu arg="arg1" coreftype="ident" entity="entity5" entityref="nne" func="suj" tem="tem">
                  <p gen="c" lem="que" num="c" pos="pr0cn000" postype="relative" wd="que"/>
                </relatiu>
                <grup.verb>
                  <v lem="haver" mood="indicative" num="s" person="3" pos="vaip3s0" postype="auxiliary" tense="present" wd="ha"/>
                  <v gen="m" lem="quedar" lss="C21.state-attributive" mood="participle" num="s" pos="vmp00sm" postype="main" wd="quedat"/>
                </grup.verb>
                <sadv arg="argM" func="cc" tem="tmp">
                  <grup.adv>
                    <r lem="ara" pos="rg" wd="ara"/>
                  </grup.adv>
                </sadv>
                <S arg="arg2" clausetype="participle" func="cpred" impersonal="yes" predicate="suj" tem="atr">
                  <participi>
                    <a gen="m" lem="anul·lat" num="s" pos="aq0msp" posfunction="participle" postype="qualificative" wd="anul·lat"/>
                  </participi>
                </S>
                <sp arg="argM" func="cc" tem="cau">
                  <f lem="&quot;" pos="fe" punct="quotation" wd="&quot;"/>
                  <prep>
                    <s lem="per" pos="sps00" postype="preposition" wd="per"/>
                  </prep>
                  <S clausetype="completive" impersonal="yes">
                    <neg func="mod">
                      <r lem="no" pos="rn" postype="negative" wd="no"/>
                    </neg>
                    <infinitiu>
                      <v lem="ser" lss="C21.state-attributive" mood="infinitive" pos="vsn0000" postype="semiauxiliary" wd="ser"/>
                    </infinitiu>
                    <sa arg="arg2" func="atr" tem="atr">
                      <grup.a>
                        <a gen="c" lem="conforme" num="s" pos="aq0cs0" postype="qualificative" wd="conforme"/>
                        <sp>
                          <prep>
                            <s lem="a" pos="sps00" postype="preposition" wd="a"/>
                          </prep>
                          <sn entityref="nne">
                            <grup.nom gen="m" num="s">
                              <n gen="m" lem="dret" num="s" pos="ncms000" postype="common" sense="16:00403152" wd="dret"/>
                            </grup.nom>
                          </sn>
                        </sp>
                      </grup.a>
                    </sa>
                  </S>
                  <f lem="&quot;" pos="fe" punct="quotation" wd="&quot;"/>
                </sp>
              </S>
            </grup.nom>
          </sn>
        </sp>
      </grup.nom>
    </sn>
    <f lem="." pos="fp" punct="period" wd="."/>
  </sentence>
  <sentence>
    <sn arg="arg1" corefsubtype="token" coreftype="dx" entity="entity6" entityref="nne" func="suj" tem="tem">
      <spec gen="m" num="p">
        <d gen="m" lem="el" num="p" pos="da0mp0" postype="article" wd="Els"/>
      </spec>
      <grup.nom gen="m" num="p">
        <n gen="m" lem="fet" num="p" pos="ncmp000" postype="common" sense="16:05432762" wd="fets"/>
      </grup.nom>
    </sn>
    <grup.verb>
      <v lem="anar" mood="indicative" num="p" person="3" pos="vaip3p0" postype="auxiliary" tense="present" wd="van"/>
      <v lem="tenir_lloc" lss="B11.unaccusative-motion" mood="infinitive" pos="vmn0000" postype="main" wd="tenir_lloc"/>
    </grup.verb>
    <sn arg="argM" entityref="ne" func="cc" ne="date" tem="tmp">
      <spec gen="m" num="s">
        <d gen="m" lem="el" num="s" pos="da0ms0" postype="article" wd="el"/>
      </spec>
      <grup.nom gen="m" num="s">
        <w lem="[??:22/09/1996:??.??]" ne="date" wd="22_de_setembre_de_1996"/>
      </grup.nom>
    </sn>
    <S arg="argM" clausetype="adverbial" func="cc" tem="tmp">
      <f lem="," pos="fc" punct="comma" wd=","/>
      <conj conjunctiontype="subordinating">
        <c lem="quan" pos="cs" postype="subordinating" wd="quan"/>
      </conj>
      <sn arg="arg1" coreftype="ident" entity="entity1" entityref="spec" func="suj" tem="tem">
        <spec gen="f" num="s">
          <d gen="f" lem="el" num="s" pos="da0fs0" postype="article" wd="la"/>
        </spec>
        <grup.nom gen="f" num="s">
          <n gen="c" lem="demandant" num="s" pos="nccs000" postype="common" sense="16:07479791" wd="demandant"/>
        </grup.nom>
      </sn>
      <grup.verb>
        <v lem="anar" mood="indicative" num="s" person="3" pos="vaip3s0" postype="auxiliary" tense="present" wd="va"/>
        <v lem="caure" lss="B11.unaccusative-motion" mood="infinitive" pos="vmn0000" postype="main" wd="caure"/>
      </grup.verb>
      <sp arg="argM" func="cc" tem="loc">
        <prep>
          <s lem="de" pos="sps00" postype="preposition" wd="d'"/>
        </prep>
        <sn coreftype="ident" entity="entity7" entityref="nne">
          <spec gen="m" num="s">
            <d gen="m" lem="un" num="s" pos="di0ms0" postype="indefinite" wd="un"/>
          </spec>
          <grup.nom gen="m" num="s">
            <n gen="m" lem="autobús" num="s" pos="ncms000" postype="common" sense="16:02356526" wd="autobús"/>
            <sn entityref="ne" ne="other">
              <grup.nom>
                <n lem="L-70" ne="other" pos="np0000a" postype="proper" sense="16:cs1" wd="L-70"/>
              </grup.nom>
            </sn>
            <sn entityref="ne" ne="organization">
              <grup.nom>
                <n lem="Oliveras" ne="organization" pos="np0000o" postype="proper" sense="16:cs1" wd="Oliveras"/>
              </grup.nom>
            </sn>
          </grup.nom>
        </sn>
      </sp>
      <sp arg="argM" func="cc" tem="tmp">
        <prep>
          <s lem="en" pos="sps00" postype="preposition" wd="en"/>
        </prep>
        <S clausetype="completive" impersonal="yes">
          <infinitiu>
            <v lem="baixar" lss="B11.unaccusative-motion" mood="infinitive" pos="vmn0000" postype="main" wd="baixar"/>
          </infinitiu>
          <sp arg="arg4" func="cc" tem="des">
            <prep>
              <s lem="a" pos="sps00" postype="preposition" wd="a"/>
            </prep>
            <sn coreftype="ident" entity="entity8" entityref="nne">
              <spec gen="f" num="s">
                <d gen="f" lem="un" num="s" pos="di0fs0" postype="indefinite" wd="una"/>
              </spec>
              <grup.nom gen="f" num="s">
                <n gen="f" lem="parada" num="s" pos="ncfs000" postype="common" sense="16:06376001" wd="parada"/>
                <sp>
                  <prep>
                    <s lem="de" pos="sps00" postype="preposition" wd="de"/>
                  </prep>
                  <sn entityref="ne" ne="other">
                    <spec gen="f" num="s">
                      <d gen="f" lem="el" num="s" pos="da0fs0" postype="article" wd="la"/>
                    </spec>
                    <grup.nom gen="f" num="s">
                      <n gen="f" lem="línia" num="s" pos="ncfs000" postype="common" sense="16:02927599" wd="línia"/>
                      <sn entityref="ne" ne="number">
                        <grup.nom>
                          <z lem="4" ne="number" wd="4"/>
                        </grup.nom>
                      </sn>
                    </grup.nom>
                  </sn>
                </sp>
              </grup.nom>
            </sn>
          </sp>
        </S>
      </sp>
      <sp arg="argM" func="cc" tem="cau">
        <f lem="," pos="fc" punct="comma" wd=","/>
        <prep>
          <s contracted="yes" gen="m" lem="a_causa_del" num="s" pos="spcms" postype="preposition" wd="a_causa_del"/>
        </prep>
        <sn coreftype="ident" entity="entity9" entityref="nne" homophoricDD="yes">
          <spec gen="m" num="s">
            <r lem="mal" pos="rg" wd="mal"/>
          </spec>
          <grup.nom gen="m" num="s">
            <n gen="m" lem="estat" num="s" pos="ncms000" postype="common" sense="16:00016185" wd="estat"/>
            <sp>
              <prep>
                <s contracted="yes" gen="m" lem="del" num="s" pos="spcms" postype="preposition" wd="del"/>
              </prep>
              <sn coreftype="ident" entity="entity10" entityref="nne">
                <grup.nom gen="m" num="s">
                  <n gen="m" lem="paviment" num="s" pos="ncms000" postype="common" sense="16:03097185" wd="paviment"/>
                </grup.nom>
              </sn>
            </sp>
          </grup.nom>
        </sn>
      </sp>
    </S>
    <f lem="." pos="fp" punct="period" wd="."/>
  </sentence>
  <sentence>
    <sn arg="argM" entityref="nne" func="cc" tem="tmp">
      <grup.nom gen="m" num="p">
        <n gen="m" lem="mes" num="p" pos="ncmp000" postype="common" sense="16:10919146" wd="Mesos"/>
        <sadv>
          <spec>
            <r lem="més" pos="rg" wd="més"/>
          </spec>
          <grup.adv>
            <r lem="tard" pos="rg" wd="tard"/>
          </grup.adv>
        </sadv>
      </grup.nom>
      <f lem="," pos="fc" punct="comma" wd=","/>
    </sn>
    <sn arg="argM" entityref="ne" func="cc" ne="date" tem="tmp">
      <spec gen="m" num="s">
        <d gen="m" lem="el" num="s" pos="da0ms0" postype="article" wd="el"/>
      </spec>
      <grup.nom gen="m" num="s">
        <w lem="[??:30/05/1997:??.??]" ne="date" wd="30_d'_abril_de_1997"/>
      </grup.nom>
      <f lem="," pos="fc" punct="comma" wd=","/>
    </sn>
    <sn arg="arg0" coreftype="ident" entity="entity4" entityref="spec" func="suj" tem="agt">
      <spec gen="m" num="s">
        <d gen="m" lem="el" num="s" pos="da0ms0" postype="article" wd="el"/>
      </spec>
      <grup.nom gen="m" num="s">
        <n gen="m" lem="consistori" num="s" pos="ncms000" postype="common" sense="16:06106524" wd="consistori"/>
      </grup.nom>
    </sn>
    <grup.verb>
      <v lem="anar" mood="indicative" num="s" person="3" pos="vaip3s0" postype="auxiliary" tense="present" wd="va"/>
      <v lem="denegar" lss="A32.ditransitive-patient-benefactive" mood="infinitive" pos="vmn0000" postype="main" wd="denegar"/>
    </grup.verb>
    <sp arg="arg2" func="ci" tem="ben">
      <prep>
        <s lem="a" pos="sps00" postype="preposition" wd="a"/>
      </prep>
      <sn coreftype="ident" entity="entity1" entityref="spec">
        <spec gen="f" num="s">
          <d gen="f" lem="el" num="s" pos="da0fs0" postype="article" wd="la"/>
        </spec>
        <grup.nom gen="f" num="s">
          <n gen="f" lem="víctima" num="s" pos="ncfs000" postype="common" sense="16:07665319" wd="víctima"/>
        </grup.nom>
      </sn>
    </sp>
    <sn arg="arg1" coreftype="ident" entity="entity11" entityref="nne" func="cd" tem="pat">
      <spec gen="f" num="s">
        <d gen="c" lem="qualsevol" num="s" pos="di0cs0" postype="indefinite" wd="qualsevol"/>
      </spec>
      <grup.nom gen="f" num="s">
        <n gen="f" lem="indemnització" num="s" pos="ncfs000" postype="common" sense="16:00059926" wd="indemnització"/>
      </grup.nom>
    </sn>
    <sp arg="argM" func="cc" tem="adv">
      <prep>
        <s lem="amb" pos="sps00" postype="preposition" wd="amb"/>
      </prep>
      <sn coreftype="ident" entity="entity5" entityref="nne">
        <spec gen="m" num="s">
          <d gen="c" lem="el" num="s" pos="da0cs0" postype="article" wd="l'"/>
        </spec>
        <grup.nom gen="m" num="s">
          <n gen="m" lem="acte" num="s" pos="ncms000" postype="common" sense="16:04909380" wd="acte"/>
          <s.a gen="m" num="s">
            <grup.a gen="m" num="s">
              <a gen="m" lem="administratiu" num="s" pos="aq0ms0" postype="qualificative" wd="administratiu"/>
            </grup.a>
            <S clausetype="participle" impersonal="yes">
              <sadv arg="argM" func="cc" tem="tmp">
                <grup.adv>
                  <r lem="ara" pos="rg" wd="ara"/>
                </grup.adv>
              </sadv>
              <participi>
                <a gen="m" lem="anul·lat" lss="B22.unaccusative-passive-transitive" num="s" pos="aq0msp" posfunction="participle" postype="qualificative" wd="anul·lat"/>
              </participi>
            </S>
          </s.a>
        </grup.nom>
      </sn>
    </sp>
    <f lem="." pos="fp" punct="period" wd="."/>
  </sentence>
  <sentence>
    <sadv func="et">
      <grup.adv>
        <r lem="tanmateix" pos="rg" wd="Tanmateix"/>
      </grup.adv>
      <f lem="," pos="fc" punct="comma" wd=","/>
    </sadv>
    <sn arg="arg0" entityref="nne" func="suj" homophoricDD="yes" tem="agt">
      <spec gen="m" num="p">
        <d gen="m" lem="el" num="p" pos="da0mp0" postype="article" wd="els"/>
      </spec>
      <grup.nom gen="m" num="p">
        <n gen="m" lem="magistrat" num="p" pos="ncmp000" postype="common" sense="16:07350806" wd="magistrats"/>
      </grup.nom>
    </sn>
    <grup.verb>
      <v lem="considerar" lss="A21.transitive-agentive-patient" mood="indicative" num="p" person="3" pos="vmip3p0" postype="main" tense="present" wd="consideren"/>
    </grup.verb>
    <sadv arg="argM" func="cc" tem="tmp">
      <grup.adv>
        <r lem="ara" pos="rg" wd="ara"/>
      </grup.adv>
    </sadv>
    <S arg="arg1" clausetype="completive" func="cd" tem="pat">
      <conj conjunctiontype="subordinating">
        <c lem="que" pos="cs" postype="subordinating" wd="que"/>
      </conj>
      <sn arg="arg1" coreftype="ident" entity="entity6" entityref="nne" func="suj" tem="pat">
        <spec gen="m" num="s">
          <d gen="c" lem="el" num="s" pos="da0cs0" postype="article" wd="l'"/>
        </spec>
        <grup.nom gen="m" num="s">
          <n gen="m" lem="accident" num="s" pos="ncms000" postype="common" sense="16:05443572" wd="accident"/>
        </grup.nom>
      </sn>
      <morfema.verbal func="pass">
        <p gen="c" lem="es" num="c" pos="p0000000" wd="es"/>
      </morfema.verbal>
      <grup.verb>
        <v lem="anar" mood="indicative" num="s" person="3" pos="vaip3s0" postype="auxiliary" tense="present" wd="va"/>
        <v lem="produir" lss="B22.unaccusative-passive-transitive" mood="infinitive" pos="vmn0000" postype="main" wd="produir"/>
      </grup.verb>
      <sp arg="argM" func="cc" tem="adv">
        <f lem="," pos="fc" punct="comma" wd=","/>
        <prep>
          <s lem="en" pos="sps00" postype="preposition" wd="en"/>
        </prep>
        <sn entityref="ne" ne="number">
          <spec gen="m" num="s">
            <d gen="m" lem="un" num="s" pos="di0ms0" postype="indefinite" wd="un"/>
          </spec>
          <grup.nom gen="m" num="s">
            <z lem="25/100" ne="number" pos="zp" postype="percentage" wd="25%"/>
            <sp>
              <prep>
                <s lem="de" pos="sps00" postype="preposition" wd="de"/>
              </prep>
              <sn>
                <grup.nom gen="f" num="s">
                  <n gen="f" lem="culpa" num="s" pos="ncfs000" postype="common" sense="16:10078983" wd="culpa"/>
                </grup.nom>
              </sn>
            </sp>
          </grup.nom>
        </sn>
      </sp>
      <S arg="argM" clausetype="adverbial" func="cc" tem="cau">
        <f lem="," pos="fc" punct="comma" wd=","/>
        <conj conjunctiontype="subordinating">
          <c lem="perquè" pos="cs" postype="subordinating" wd="perquè"/>
        </conj>
        <sn arg="arg1" coreftype="ident" entity="entity1" entityref="spec" func="suj" tem="tem">
          <spec gen="f" num="s">
            <d gen="f" lem="el" num="s" pos="da0fs0" postype="article" wd="la"/>
          </spec>
          <grup.nom gen="f" num="s">
            <n gen="f" lem="dona" num="s" pos="ncfs000" postype="common" sense="16:07684780" wd="dona"/>
          </grup.nom>
        </sn>
        <grup.verb>
          <v lem="anar" mood="indicative" num="s" person="3" pos="vaip3s0" postype="auxiliary" tense="present" wd="va"/>
          <v lem="baixar" lss="B11.unaccusative-motion" mood="infinitive" pos="vmn0000" postype="main" wd="baixar"/>
        </grup.verb>
        <sp arg="argM" coord="yes" func="cc" tem="adv">
          <sp>
            <prep>
              <s lem="en" pos="sps00" postype="preposition" wd="en"/>
            </prep>
            <sn entityref="nne">
              <spec gen="m" num="s">
                <d gen="m" lem="un" num="s" pos="di0ms0" postype="indefinite" wd="un"/>
              </spec>
              <grup.nom gen="m" num="s">
                <n gen="m" lem="lloc" num="s" pos="ncms000" postype="common" sense="16:00014887" wd="lloc"/>
                <S clausetype="participle" impersonal="yes">
                  <neg func="mod">
                    <r lem="no" pos="rn" postype="negative" wd="no"/>
                  </neg>
                  <participi>
                    <a gen="m" lem="habilitat" lss="B22.unaccusative-passive-transitive" num="s" pos="aq0msp" posfunction="participle" postype="qualificative" wd="habilitat"/>
                  </participi>
                </S>
              </grup.nom>
            </sn>
          </sp>
          <conj conjunctiontype="coordinating">
            <c lem="i" pos="cc" postype="coordinating" wd="i"/>
          </conj>
          <sp>
            <prep>
              <s lem="sense" pos="sps00" postype="preposition" wd="sense"/>
            </prep>
            <S clausetype="completive" impersonal="yes">
              <infinitiu>
                <v lem="advertir" lss="A22.transitive-agentive-theme" mood="infinitive" pos="vmn0000" postype="main" wd="advertir"/>
              </infinitiu>
              <sn arg="arg1" coreftype="ident" entity="entity9" entityref="nne" func="cd" homophoricDD="yes" tem="pat">
                <spec gen="m" num="s">
                  <d gen="m" lem="el" num="s" pos="da0ms0" postype="article" wd="el"/>
                  <r lem="mal" pos="rg" wd="mal"/>
                </spec>
                <grup.nom gen="m" num="s">
                  <n gen="m" lem="estat" num="s" pos="ncms000" postype="common" sense="16:00016185" wd="estat"/>
                  <sp>
                    <prep>
                      <s contracted="yes" gen="m" lem="del" num="s" pos="spcms" postype="preposition" wd="del"/>
                    </prep>
                    <sn coreftype="ident" entity="entity10" entityref="nne">
                      <grup.nom gen="m" num="s">
                        <n gen="m" lem="paviment" num="s" pos="ncms000" postype="common" sense="16:03097185" wd="paviment"/>
                      </grup.nom>
                    </sn>
                  </sp>
                </grup.nom>
              </sn>
            </S>
          </sp>
        </sp>
      </S>
    </S>
    <f lem="." pos="fp" punct="period" wd="."/>
  </sentence>
  <sentence verbless="yes">
    <sadv>
      <grup.adv>
        <r lem="però" pos="rg" wd="Però"/>
      </grup.adv>
      <f lem="," pos="fc" punct="comma" wd=","/>
    </sadv>
    <sp>
      <prep>
        <s lem="en" pos="sps00" postype="preposition" wd="en"/>
      </prep>
      <sn entityref="ne" ne="number">
        <spec gen="m" num="s">
          <d gen="m" lem="un" num="s" pos="di0ms0" postype="indefinite" wd="un"/>
        </spec>
        <grup.nom gen="m" num="s">
          <z lem="75/100" ne="number" pos="zp" postype="percentage" wd="75%"/>
        </grup.nom>
      </sn>
      <f lem="," pos="fc" punct="comma" wd=","/>
    </sp>
    <sp>
      <prep>
        <s lem="per" pos="sps00" postype="preposition" wd="per"/>
      </prep>
      <sn entity="entity12" entityref="nne" homophoricDD="yes">
        <f lem="&quot;" pos="fe" punct="quotation" wd="&quot;"/>
        <spec gen="f" num="s">
          <d gen="f" lem="el" num="s" pos="da0fs0" postype="article" wd="la"/>
        </spec>
        <grup.nom gen="f" num="s">
          <n gen="f" lem="manca" num="s" pos="ncfs000" postype="common" sense="16:10367399" wd="manca"/>
          <sp>
            <prep>
              <s lem="de" pos="sps00" postype="preposition" wd="de"/>
            </prep>
            <sn>
              <grup.nom gen="f" num="s">
                <n gen="f" lem="responsabilitat" num="s" pos="ncfs000" postype="common" sense="16:00731811" wd="responsabilitat"/>
                <s.a gen="f" num="s">
                  <grup.a gen="f" num="s">
                    <a gen="c" lem="municipal" num="s" pos="aq0cs0" postype="qualificative" wd="municipal"/>
                  </grup.a>
                </s.a>
                <sp>
                  <prep>
                    <s lem="de" pos="sps00" postype="preposition" wd="de"/>
                  </prep>
                  <S clausetype="completive" impersonal="yes">
                    <neg func="mod">
                      <r lem="no" pos="rn" postype="negative" wd="no"/>
                    </neg>
                    <infinitiu>
                      <v lem="conservar" lss="A21.transitive-agentive-patient" mood="infinitive" pos="vmn0000" postype="main" wd="conservar"/>
                    </infinitiu>
                    <sn arg="arg1" coreftype="ident" entity="entity10" entityref="nne" func="cd" homophoricDD="yes" tem="pat">
                      <spec gen="f" num="s">
                        <d gen="f" lem="el" num="s" pos="da0fs0" postype="article" wd="la"/>
                      </spec>
                      <grup.nom gen="f" num="s">
                        <n gen="f" lem="via" num="s" pos="ncfs000" postype="common" sense="16:03600463" wd="via"/>
                        <s.a gen="f" num="s">
                          <grup.a gen="f" num="s">
                            <a gen="f" lem="públic" num="s" pos="aq0fs0" postype="qualificative" wd="pública"/>
                          </grup.a>
                        </s.a>
                      </grup.nom>
                    </sn>
                    <sp arg="argM" func="cc" tem="adv">
                      <prep>
                        <s lem="en" pos="sps00" postype="preposition" wd="en"/>
                      </prep>
                      <sn>
                        <spec gen="m" num="s">
                          <r lem="bo" pos="rg" wd="bon"/>
                        </spec>
                        <grup.nom gen="m" num="s">
                          <n gen="m" lem="estat" num="s" pos="ncms000" postype="common" sense="16:00016185" wd="estat"/>
                        </grup.nom>
                      </sn>
                    </sp>
                  </S>
                </sp>
              </grup.nom>
            </sn>
          </sp>
        </grup.nom>
        <f lem="&quot;" pos="fe" punct="quotation" wd="&quot;"/>
      </sn>
    </sp>
    <sn coreftype="ident" entity="entity12" entityref="nne">
      <f lem="," pos="fc" punct="comma" wd=","/>
      <grup.nom gen="f" num="s">
        <n gen="f" lem="cosa" num="s" pos="ncfs000" postype="common" sense="16:03495843" wd="cosa"/>
        <S clausetype="relative">
          <relatiu arg="arg1" func="suj" tem="tem">
            <p gen="c" lem="que" num="c" pos="pr0cn000" postype="relative" wd="que"/>
          </relatiu>
          <grup.verb>
            <v lem="haver" mood="indicative" num="s" person="3" pos="vaip3s0" postype="auxiliary" tense="present" wd="ha"/>
            <v gen="m" lem="quedar" lss="C21.state-attributive" mood="participle" num="s" pos="vmp00sm" postype="main" wd="quedat"/>
          </grup.verb>
          <S arg="arg2" clausetype="participle" func="cpred" impersonal="yes" predicate="suj" tem="atr">
            <participi>
              <a gen="f" lem="demostrat" lss="B22.unaccusative-passive-transitive" num="s" pos="aq0fsp" posfunction="participle" postype="qualificative" wd="demostrada"/>
            </participi>
            <sp arg="arg0" func="cag" tem="agt">
              <prep>
                <s lem="per" pos="sps00" postype="preposition" wd="per"/>
              </prep>
              <sn complex="yes">
                <grup.nom coord="yes">
                  <grup.nom coord="yes">
                    <grup.nom gen="f" num="p">
                      <n gen="f" lem="fotografia" num="p" pos="ncfp000" postype="common" sense="16:03113185" wd="fotografies"/>
                    </grup.nom>
                    <conj conjunctiontype="coordinating">
                      <c lem="i" pos="cc" postype="coordinating" wd="i"/>
                    </conj>
                    <grup.nom gen="f" num="p">
                      <n gen="f" lem="declaració" num="p" pos="ncfp000" postype="common" sense="16:05043129" wd="declaracions"/>
                    </grup.nom>
                  </grup.nom>
                  <sp adjunct="yes">
                    <prep>
                      <s lem="de" pos="sps00" postype="preposition" wd="d'"/>
                    </prep>
                    <sn entityref="nne">
                      <spec gen="m" num="p">
                        <d gen="c" lem="altre" num="p" pos="di0cp0" postype="indefinite" wd="altres"/>
                      </spec>
                      <grup.nom gen="m" num="p">
                        <n gen="m" lem="viatger" num="p" pos="ncmp000" postype="common" sense="16:06955549" wd="viatgers"/>
                      </grup.nom>
                    </sn>
                  </sp>
                </grup.nom>
              </sn>
            </sp>
          </S>
        </S>
      </grup.nom>
    </sn>
    <f lem="." pos="fp" punct="period" wd="."/>
  </sentence>
  <sentence>
    <sn arg="arg0" coreftype="ident" entity="entity13" entityref="spec" func="suj" tem="agt">
      <spec gen="f" num="s">
        <d gen="f" lem="el" num="s" pos="da0fs0" postype="article" wd="La"/>
      </spec>
      <grup.nom gen="f" num="s">
        <n gen="f" lem="sala" num="s" pos="ncfs000" postype="common" sense="16:cs1" wd="sala"/>
      </grup.nom>
    </sn>
    <grup.verb>
      <v lem="considerar" lss="A21.transitive-agentive-patient" mood="indicative" num="s" person="3" pos="vmip3s0" postype="main" tense="present" wd="considera"/>
    </grup.verb>
    <sadv arg="argM" func="cc" tem="mnr">
      <f lem="," pos="fc" punct="comma" wd=","/>
      <grup.adv>
        <r lem="així" pos="rg" wd="així"/>
      </grup.adv>
      <f lem="," pos="fc" punct="comma" wd=","/>
    </sadv>
    <S arg="arg1" clausetype="completive" func="cd" tem="pat">
      <conj conjunctiontype="subordinating">
        <c lem="que" pos="cs" postype="subordinating" wd="que"/>
      </conj>
      <sn arg="arg0" coreftype="ident" entity="entity4" entityref="spec" func="suj" tem="agt">
        <spec gen="m" num="s">
          <d gen="m" lem="el" num="s" pos="da0ms0" postype="article" wd="el"/>
        </spec>
        <grup.nom gen="m" num="s">
          <n gen="m" lem="consistori" num="s" pos="ncms000" postype="common" sense="16:06106524" wd="consistori"/>
        </grup.nom>
      </sn>
      <grup.verb>
        <v lem="haver" mood="indicative" num="s" person="3" pos="vaif3s0" postype="auxiliary" tense="future" wd="haurà"/>
        <s lem="de" pos="sps00" postype="preposition" wd="de"/>
        <infinitiu>
          <v lem="fer_front" lss="A22.transitive-agentive-theme" mood="infinitive" pos="vmn0000" postype="main" wd="fer_front"/>
        </infinitiu>
      </grup.verb>
      <sp arg="arg1" func="creg" tem="tem">
        <prep>
          <s contracted="yes" gen="m" lem="al" num="s" pos="spcms" postype="preposition" wd="al"/>
        </prep>
        <sn entityref="nne" homophoricDD="yes">
          <grup.nom gen="m" num="s">
            <n gen="m" lem="pagament" num="s" pos="ncms000" postype="common" sense="16:00725730" wd="pagament"/>
            <sp>
              <prep>
                <s lem="de" pos="sps00" postype="preposition" wd="de"/>
              </prep>
              <sn coord="yes">
                <sn coreftype="ident" entity="entity14" entityref="nne">
                  <spec gen="f" num="p">
                    <d gen="c" lem="tres" num="p" pos="dn0cp0" postype="numeral" wd="tres"/>
                  </spec>
                  <grup.nom gen="f" num="p">
                    <s.a gen="f" num="p">
                      <grup.a gen="f" num="p">
                        <a gen="f" lem="quart" num="p" pos="ao0fp0" postype="ordinal" wd="quartes"/>
                      </grup.a>
                    </s.a>
                    <n gen="f" lem="part" num="p" pos="ncfp000" postype="common" sense="16:03296757" wd="parts"/>
                    <sp>
                      <prep>
                        <s lem="de" pos="sps00" postype="preposition" wd="de"/>
                      </prep>
                      <sn coreftype="ident" entity="entity11" entityref="nne">
                        <spec gen="f" num="s">
                          <d gen="f" lem="el" num="s" pos="da0fs0" postype="article" wd="la"/>
                        </spec>
                        <grup.nom gen="f" num="s">
                          <n gen="f" lem="indemnització" num="s" pos="ncfs000" postype="common" sense="16:00059926" wd="indemnització"/>
                        </grup.nom>
                      </sn>
                    </sp>
                  </grup.nom>
                  <f lem="," pos="fc" punct="comma" wd=","/>
                </sn>
                <conj conjunctiontype="coordinating">
                  <c lem="és_a_dir" pos="cc" postype="coordinating" wd="és_a_dir"/>
                </conj>
                <sn corefsubtype="definit" coreftype="pred" entity="entity14" entityref="ne" ne="number">
                  <spec gen="m" num="p">
                    <z lem="1852.50" ne="number" wd="1.852,50"/>
                  </spec>
                  <grup.nom gen="m" num="p">
                    <z lem="euro" ne="number" pos="zm" postype="currency" wd="euros"/>
                  </grup.nom>
                </sn>
              </sn>
            </sp>
          </grup.nom>
        </sn>
      </sp>
    </S>
    <f lem="." pos="fp" punct="period" wd="."/>
  </sentence>
</article>
