<?xml version="1.0" encoding="UTF-8"?>
<!-- 

  ancora-2.0
       
			Copyright (C) 2007, 2008, 2009, 2010, 2011 UB - CLiC
			Centre de Llenguatge i Computació - Universitat de Barcelona
 
  This file is part of ancora-2.0.
 
  ancora-2.0 is free software and data: you can redistribute it and/or modify
  it under the terms of the GNU General Public License as published
  by the Free Software Foundation, either version 3 of the License,
  or (at your option) any later version.

  ancora-2.0 is distributed in the hope that it will be useful,
  but WITHOUT ANY WARRANTY; without even the implied warranty of
  MERCHANTABILITY or FITNESS FOR A PARTICULAR PURPOSE.  See the
  GNU General Public License for more details.
 
  You should have received a copy of the GNU General Public License
  along with ancora-2.0.  If not, see &lt;http://www.gnu.org/licenses/&gt;.
 
  Check a text in catalan explaining the terms of the license at http://www.softcatala.cat/wiki/GPL3.
  In spanish at http://www.viti.es/gnu/licenses/gpl.html
 

  The following paper must be cited when using this corpus:

 * Taulé, M., M.A. Martí, M. Recasens (2008) 'Ancora: Multilevel Annotated Corpora for Catalan and Spanish',
   Proceedings of 6th International Conference on Language Resources and Evaluation. Marrakesh (Morocco).

  In addition, the following paper must be cited if coreference information (attributes entity, coreftype,
  corefsubtype, homophoricDD or entityref) is used:

 * Recasens, Marta, M. Antònia Martí (2010) ‘AnCora-CO: Coreferentially annotated corpora for Spanish and
   Catalan’. Language Resources and Evaluation, Springer Science.

  Additionally, the following paper must be cited when argumental attributes in "sn" or "grup.nom"
  (attributes func, arg, tem or lexicalid) are used:

 * Peris, Aina, Mariona Taulé, Horacio Rodríguez (2010) ‘Semantic Annotation of Deverbal Nominalizations in the
   Spanish AnCora corpus’. Treebanks and Linguistic Theories (TLT-2010), Estonia.
-->
<article lng="ca">
  <sentence>
    <sn arg="arg1" entity="entity6" entityref="ne" func="suj" ne="organization" tem="tem">
      <spec gen="f" num="s">
        <d gen="f" lem="el" num="s" pos="da0fs0" postype="article" wd="La"/>
      </spec>
      <grup.nom gen="f" num="s">
        <n gen="c" lem="policia" num="s" pos="nccs000" postype="common" sense="16:06093563" wd="policia"/>
        <sp>
          <prep>
            <s lem="de" pos="sps00" postype="preposition" wd="de"/>
          </prep>
          <sn entityref="ne" ne="location">
            <grup.nom>
              <n lem="Manchester" ne="location" pos="np0000l" postype="proper" sense="16:cs1" wd="Manchester"/>
            </grup.nom>
          </sn>
        </sp>
      </grup.nom>
    </sn>
    <grup.verb>
      <v lem="estar" mood="indicative" num="s" person="3" pos="vmip3s0" postype="main" tense="present" wd="està"/>
      <gerundi>
        <v lem="investigar" lss="A22.transitive-agentive-theme" mood="gerund" pos="vmg0000" postype="main" wd="investigant"/>
      </gerundi>
    </grup.verb>
    <sp arg="argM" func="cc" tem="tmp">
      <prep>
        <s lem="en" pos="sps00" postype="preposition" wd="en"/>
      </prep>
      <sn entityref="nne">
        <spec gen="m" num="s">
          <d gen="m" lem="aquest" num="s" pos="dd0ms0" postype="demonstrative" wd="aquest"/>
        </spec>
        <grup.nom gen="m" num="s">
          <n gen="m" lem="moment" num="s" pos="ncms000" postype="common" sense="16:10850147" wd="moment"/>
        </grup.nom>
      </sn>
    </sp>
    <sn arg="arg1" entityref="nne" func="cd" tem="pat">
      <spec gen="m" num="p">
        <z lem="150" ne="number" wd="150"/>
      </spec>
      <grup.nom gen="m" num="p">
        <n gen="m" lem="cas" num="p" pos="ncmp000" postype="common" sense="16:05081510" wd="casos"/>
        <sp>
          <prep>
            <s lem="de" pos="sps00" postype="preposition" wd="de"/>
          </prep>
          <sn>
            <grup.nom gen="f" num="p">
              <s.a gen="f" num="p">
                <grup.a gen="f" num="p">
                  <a gen="c" lem="possible" num="p" pos="aq0cp0" postype="qualificative" wd="possibles"/>
                </grup.a>
              </s.a>
              <n gen="f" lem="víctima" num="p" pos="ncfp000" postype="common" sense="16:07665319" wd="víctimes"/>
              <sp>
                <prep>
                  <s contracted="yes" gen="m" lem="del" num="s" pos="spcms" postype="preposition" wd="del"/>
                </prep>
                <sn entity="entity2" entityref="ne" ne="person">
                  <grup.nom gen="m" num="s">
                    <n gen="m" lem="doctor" num="s" pos="ncms000" postype="common" sense="16:07220340" wd="doctor"/>
                    <sn entityref="ne" ne="person">
                      <grup.nom gen="m" num="s">
                        <n lem="Harold_Shipman" ne="person" pos="np0000p" postype="proper" sense="16:cs1" wd="Harold_Shipman"/>
                      </grup.nom>
                    </sn>
                  </grup.nom>
                </sn>
              </sp>
            </grup.nom>
          </sn>
        </sp>
      </grup.nom>
    </sn>
    <f lem="." pos="fp" punct="period" wd="."/>
  </sentence>
  <sentence verbless="yes">
    <sn entity="entity1" entityref="nne" title="yes">
      <grup.nom gen="f" num="s">
        <n gen="f" lem="llista" num="s" pos="ncfs000" postype="common" sense="16:00652495" wd="Llista"/>
        <sn>
          <grup.nom>
            <n gen="c" lem="a" num="c" pos="nc00000" postype="common" sense="16:50001100" wd="A"/>
          </grup.nom>
        </sn>
      </grup.nom>
    </sn>
    <f lem="." pos="fp" punct="period" wd="."/>
  </sentence>
  <sentence>
    <sp arg="arg2" func="creg" repetition="yes" tem="loc">
      <prep>
        <s lem="en" pos="sps00" postype="preposition" wd="En"/>
      </prep>
      <sn coreftype="ident" entity="entity1" entityref="nne">
        <spec gen="f" num="s">
          <d gen="f" lem="aquest" num="s" pos="dd0fs0" postype="demonstrative" wd="aquesta"/>
        </spec>
        <grup.nom gen="f" num="s">
          <n gen="f" lem="relació" num="s" pos="ncfs000" postype="common" sense="16:00652495" wd="relació"/>
        </grup.nom>
      </sn>
    </sp>
    <sn arg="arg2" coreftype="ident" entity="entity1" entityref="nne" func="creg" repetition="yes" tem="loc">
      <grup.nom>
        <p gen="c" lem="hi" num="c" person="3" pos="pp3cn000" postype="personal" wd="hi"/>
      </grup.nom>
    </sn>
    <grup.verb>
      <v lem="figurar" lss="C11.state-existential" mood="indicative" num="p" person="3" pos="vmip3p0" postype="main" tense="present" wd="figuren"/>
    </grup.verb>
    <sn arg="arg1" entity="entity3" entityref="nne" func="suj" homophoricDD="yes" tem="tem">
      <spec gen="f" num="p">
        <d gen="f" lem="el" num="p" pos="da0fp0" postype="article" wd="les"/>
        <z lem="15" ne="number" wd="15"/>
      </spec>
      <grup.nom gen="f" num="p">
        <n gen="f" lem="dona" num="p" pos="ncfp000" postype="common" sense="16:07684780" wd="dones"/>
        <S clausetype="participle" impersonal="yes">
          <participi>
            <a gen="f" lem="assassinat" lss="B22.unaccusative-passive-transitive" num="p" pos="aq0fpp" posfunction="participle" postype="qualificative" wd="assassinades"/>
          </participi>
          <sp arg="arg0" func="cag" tem="agt">
            <prep>
              <s lem="per" pos="sps00" postype="preposition" wd="per"/>
            </prep>
            <sn coreftype="ident" entity="entity2" entityref="ne" ne="person">
              <grup.nom gen="m" num="s">
                <n lem="Shipman" ne="person" pos="np0000p" postype="proper" sense="16:cs1" wd="Shipman"/>
              </grup.nom>
            </sn>
          </sp>
        </S>
        <S clausetype="relative">
          <relatiu arg="arg0" coreftype="ident" entity="entity3" entityref="nne" func="suj" tem="agt">
            <p gen="c" lem="que" num="c" pos="pr0cn000" postype="relative" wd="que"/>
          </relatiu>
          <sn arg="arg1" coreftype="ident" entity="entity2" entityref="spec" func="cd" tem="pat">
            <grup.nom gen="m" num="s">
              <p case="accusative" gen="m" lem="ell" num="s" person="3" pos="pp3msa00" postype="personal" wd="el"/>
            </grup.nom>
          </sn>
          <grup.verb>
            <v lem="anar" mood="indicative" num="p" person="3" pos="vaip3p0" postype="auxiliary" tense="present" wd="van"/>
            <v lem="portar" lss="A31.ditransitive-patient-locative" mood="infinitive" pos="vmn0000" postype="main" wd="portar"/>
          </grup.verb>
          <sp arg="arg4" func="creg" tem="des">
            <prep>
              <s lem="a" pos="sps00" postype="preposition" wd="a"/>
            </prep>
            <sn entityref="lex">
              <spec gen="f" num="s">
                <d gen="f" lem="el" num="s" pos="da0fs0" postype="article" wd="la"/>
              </spec>
              <grup.nom discid="1n" gen="f" num="s">
                <n gen="f" lem="condemna" num="s" pos="ncfs000" postype="common" sense="16:00770012" wd="condemna"/>
              </grup.nom>
            </sn>
          </sp>
          <sn arg="argM" entityref="ne" func="cc" ne="date" tem="tmp">
            <grup.nom gen="m" num="s">
              <w lem="[dilluns:??/??/??:??.??]" ne="date" wd="dilluns"/>
              <S clausetype="participle" impersonal="yes">
                <participi>
                  <a gen="m" lem="passat" num="s" pos="aq0msp" posfunction="participle" postype="qualificative" wd="passat"/>
                </participi>
              </S>
            </grup.nom>
          </sn>
          <sp discid="1c">
            <prep>
              <s lem="de" pos="sps00" postype="preposition" wd="de"/>
            </prep>
            <sn>
              <grup.nom gen="f" num="s">
                <n gen="f" lem="cadena" num="s" pos="ncfs000" postype="common" sense="16:cs1" wd="cadena"/>
                <s.a gen="f" num="s">
                  <grup.a gen="f" num="s">
                    <a gen="f" lem="perpetu" num="s" pos="aq0fs0" postype="qualificative" wd="perpètua"/>
                  </grup.a>
                </s.a>
              </grup.nom>
            </sn>
          </sp>
          <sp discid="1c">
            <prep>
              <s contracted="yes" gen="m" lem="pel" num="s" pos="spcms" postype="preposition" wd="pel"/>
            </prep>
            <sn entityref="ne" ne="organization">
              <grup.nom gen="m" num="s">
                <n gen="m" lem="tribunal" num="s" pos="ncms000" postype="common" sense="16:02912496" wd="tribunal"/>
                <sp>
                  <prep>
                    <s lem="de" pos="sps00" postype="preposition" wd="de"/>
                  </prep>
                  <sn entityref="ne" ne="location">
                    <grup.nom>
                      <n lem="Preston" ne="location" pos="np0000l" postype="proper" sense="16:cs1" wd="Preston"/>
                    </grup.nom>
                  </sn>
                </sp>
              </grup.nom>
            </sn>
          </sp>
        </S>
      </grup.nom>
    </sn>
    <f lem="." pos="fp" punct="period" wd="."/>
  </sentence>
  <sentence verbless="yes">
    <sn entity="entity4" entityref="nne" title="yes">
      <grup.nom gen="f" num="s">
        <n gen="f" lem="llista" num="s" pos="ncfs000" postype="common" sense="16:00652495" wd="Llista"/>
        <sn>
          <grup.nom>
            <n gen="c" lem="b" num="c" pos="nc00000" postype="common" sense="16:50001107" wd="B"/>
          </grup.nom>
        </sn>
      </grup.nom>
    </sn>
    <f lem="." pos="fp" punct="period" wd="."/>
  </sentence>
  <sentence>
    <sn arg="arg0" entityref="nne" func="suj" homophoricDD="yes" tem="agt">
      <spec gen="m" num="s">
        <d gen="m" lem="el" num="s" pos="da0ms0" postype="article" wd="El"/>
      </spec>
      <grup.nom gen="m" num="s">
        <n gen="m" lem="contingut" num="s" pos="ncms000" postype="common" sense="16:04949838" wd="contingut"/>
        <sp>
          <prep>
            <s lem="de" pos="sps00" postype="preposition" wd="d'"/>
          </prep>
          <sn coreftype="ident" entity="entity4" entityref="nne">
            <spec gen="f" num="s">
              <d gen="f" lem="aquest" num="s" pos="dd0fs0" postype="demonstrative" wd="aquesta"/>
            </spec>
            <grup.nom gen="f" num="s">
              <n gen="f" lem="relació" num="s" pos="ncfs000" postype="common" sense="16:00652495" wd="relació"/>
            </grup.nom>
          </sn>
        </sp>
      </grup.nom>
    </sn>
    <grup.verb>
      <v lem="incloure" lss="A31.ditransitive-patient-locative" mood="indicative" num="s" person="3" pos="vmip3s0" postype="main" tense="present" wd="inclou"/>
    </grup.verb>
    <sn arg="arg1" entity="entity5" entityref="nne" func="cd" tem="pat">
      <spec gen="m" num="p">
        <z lem="23" ne="number" wd="23"/>
      </spec>
      <grup.nom gen="m" num="p">
        <n gen="m" lem="cas" num="p" pos="ncmp000" postype="common" sense="16:05081510" wd="casos"/>
        <sp>
          <prep>
            <s lem="de" pos="sps00" postype="preposition" wd="de"/>
          </prep>
          <sn>
            <grup.nom gen="m" num="p">
              <n gen="c" lem="pacient" num="p" pos="nccp000" postype="common" sense="16:07461272" wd="pacients"/>
            </grup.nom>
          </sn>
        </sp>
        <S clausetype="relative">
          <sp discid="1c">
            <prep>
              <s contracted="yes" gen="m" lem="del" num="p" pos="spcmp" postype="preposition" wd="dels"/>
            </prep>
            <relatiu coreftype="ident" entity="entity5" entityref="nne">
              <p gen="c" lem="qual" num="p" pos="pr0cp000" postype="relative" wd="quals"/>
            </relatiu>
          </sp>
          <sn arg="arg1" coreftype="ident" entity="entity6" entityref="spec" func="suj" homophoricDD="yes" tem="tem">
            <spec gen="m" num="p">
              <d gen="m" lem="el" num="p" pos="da0mp0" postype="article" wd="els"/>
            </spec>
            <grup.nom gen="m" num="p">
              <n gen="c" lem="agent" num="p" pos="nccp000" postype="common" sense="16:07485319" wd="agents"/>
              <sp>
                <prep>
                  <s lem="de" pos="sps00" postype="preposition" wd="de"/>
                </prep>
                <sn>
                  <grup.nom gen="m" num="s">
                    <n gen="c" lem="policia" num="s" pos="nccs000" postype="common" sense="16:06093563" wd="policia"/>
                  </grup.nom>
                </sn>
              </sp>
            </grup.nom>
          </sn>
          <grup.verb>
            <v lem="tenir" lss="C21.state-attributive" mood="indicative" num="p" person="3" pos="vmip3p0" postype="main" tense="present" wd="tenen"/>
          </grup.verb>
          <sn arg="arg2" entityref="nne" func="cd" functype="quantitative" tem="atr">
            <grup.nom discid="1n" gen="f" num="p">
              <n gen="f" lem="prova" num="p" pos="ncfp000" postype="common" sense="16:cs1" wd="proves"/>
              <s.a gen="f" num="p">
                <grup.a gen="f" num="p">
                  <a gen="c" lem="suficient" num="p" pos="aq0cp0" postype="qualificative" wd="suficients"/>
                </grup.a>
              </s.a>
              <sp>
                <prep>
                  <s lem="per" pos="sps00" postype="preposition" wd="per"/>
                </prep>
                <S clausetype="completive" impersonal="yes">
                  <infinitiu>
                    <v lem="concloure" lss="A21.transitive-agentive-patient" mood="infinitive" pos="vmn0000" postype="main" wd="concloure"/>
                  </infinitiu>
                  <S arg="arg1" clausetype="completive" func="cd" tem="pat">
                    <conj conjunctiontype="subordinating">
                      <c lem="que" pos="cs" postype="subordinating" wd="que"/>
                    </conj>
                    <sn arg="arg1" coreftype="ident" elliptic="yes" entity="entity5" entityref="nne" func="suj" tem="pat"/>
                    <sadv func="mod">
                      <grup.adv>
                        <r lem="també" pos="rg" wd="també"/>
                      </grup.adv>
                    </sadv>
                    <grup.verb>
                      <v lem="anar" mood="indicative" num="p" person="3" pos="vaip3p0" postype="auxiliary" tense="present" wd="van"/>
                      <v lem="ser" mood="infinitive" pos="vsn0000" postype="semiauxiliary" wd="ser"/>
                      <v gen="m" lem="assassinar" lss="B22.unaccusative-passive-transitive" mood="participle" num="p" pos="vmp00pm" postype="main" wd="assassinats"/>
                    </grup.verb>
                    <sp arg="arg0" func="cag" tem="agt">
                      <prep>
                        <s contracted="yes" gen="m" lem="pel" num="s" pos="spcms" postype="preposition" wd="pel"/>
                      </prep>
                      <sn coreftype="ident" entity="entity2" entityref="ne" ne="person">
                        <grup.nom gen="m" num="s">
                          <n gen="m" lem="doctor" num="s" pos="ncms000" postype="common" sense="16:07220340" wd="doctor"/>
                          <sn entityref="ne" ne="person">
                            <grup.nom gen="m" num="s">
                              <n lem="Shipman" ne="person" pos="np0000p" postype="proper" sense="16:cs1" wd="Shipman"/>
                            </grup.nom>
                          </sn>
                        </grup.nom>
                      </sn>
                    </sp>
                  </S>
                </S>
              </sp>
            </grup.nom>
          </sn>
        </S>
      </grup.nom>
    </sn>
    <f lem="." pos="fp" punct="period" wd="."/>
  </sentence>
  <sentence verbless="yes">
    <sn entity="entity7" entityref="nne" title="yes">
      <grup.nom gen="f" num="s">
        <n gen="f" lem="llista" num="s" pos="ncfs000" postype="common" sense="16:00652495" wd="Llista"/>
        <sn>
          <grup.nom>
            <n gen="c" lem="c" num="c" pos="nc00000" postype="common" sense="16:05166952" wd="C"/>
          </grup.nom>
        </sn>
      </grup.nom>
    </sn>
    <f lem="." pos="fp" punct="period" wd="."/>
  </sentence>
  <sentence>
    <sn arg="arg1" coreftype="ident" elliptic="yes" entity="entity7" entityref="nne" func="suj" tem="tem"/>
    <grup.verb>
      <v lem="contenir" lss="C21.state-attributive" mood="indicative" num="s" person="3" pos="vmip3s0" postype="main" tense="present" wd="Conté"/>
    </grup.verb>
    <sn arg="arg2" entityref="nne" func="cd" functype="quantitative" homophoricDD="yes" tem="atr">
      <spec gen="f" num="s">
        <d gen="f" lem="el" num="s" pos="da0fs0" postype="article" wd="la"/>
      </spec>
      <grup.nom gen="f" num="s">
        <n gen="f" lem="relació" num="s" pos="ncfs000" postype="common" sense="16:00652495" wd="relació"/>
        <sp>
          <prep>
            <s lem="de" pos="sps00" postype="preposition" wd="de"/>
          </prep>
          <sn entity="entity8" entityref="nne">
            <spec gen="f" num="p">
              <z lem="28" ne="number" wd="28"/>
            </spec>
            <grup.nom gen="f" num="p">
              <s.a gen="f" num="p">
                <grup.a gen="f" num="p">
                  <f lem="&quot;" pos="fe" punct="quotation" wd="&quot;"/>
                  <a gen="c" lem="probable" num="p" pos="aq0cp0" postype="qualificative" wd="probables"/>
                  <f lem="&quot;" pos="fe" punct="quotation" wd="&quot;"/>
                </grup.a>
              </s.a>
              <n gen="f" lem="víctima" num="p" pos="ncfp000" postype="common" sense="16:07665319" wd="víctimes"/>
              <sadv>
                <grup.adv>
                  <r lem="més" pos="rg" wd="més"/>
                </grup.adv>
              </sadv>
              <sp>
                <prep>
                  <s contracted="yes" gen="m" lem="del" num="s" pos="spcms" postype="preposition" wd="del"/>
                </prep>
                <sn coreftype="ident" entity="entity2" entityref="spec">
                  <grup.nom gen="m" num="s">
                    <n gen="m" lem="metge" num="s" pos="ncms000" postype="common" sense="16:07220340" wd="metge"/>
                  </grup.nom>
                </sn>
              </sp>
            </grup.nom>
          </sn>
        </sp>
      </grup.nom>
    </sn>
    <f lem="." pos="fp" punct="period" wd="."/>
  </sentence>
  <sentence>
    <sn arg="arg0" coreftype="ident" entity="entity6" entityref="spec" func="suj" homophoricDD="yes" tem="agt">
      <spec gen="f" num="s">
        <d gen="f" lem="el" num="s" pos="da0fs0" postype="article" wd="La"/>
      </spec>
      <grup.nom gen="f" num="s">
        <n gen="c" lem="policia" num="s" pos="nccs000" postype="common" sense="16:06093563" wd="policia"/>
      </grup.nom>
    </sn>
    <sadv func="mod">
      <grup.adv>
        <r lem="encara" pos="rg" wd="encara"/>
      </grup.adv>
    </sadv>
    <grup.verb>
      <v lem="estar" mood="indicative" num="s" person="3" pos="vmip3s0" postype="main" tense="present" wd="està"/>
      <gerundi>
        <v lem="investigar" lss="A21.transitive-agentive-patient" mood="gerund" pos="vmg0000" postype="main" wd="investigant"/>
      </gerundi>
    </grup.verb>
    <sn arg="arg1" coreftype="ident" entity="entity8" entityref="nne" func="cd" tem="pat">
      <spec gen="m" num="p">
        <d gen="m" lem="aquest" num="p" pos="dd0mp0" postype="demonstrative" wd="aquests"/>
      </spec>
      <grup.nom gen="m" num="p">
        <n gen="m" lem="cas" num="p" pos="ncmp000" postype="common" sense="16:05081510" wd="casos"/>
      </grup.nom>
    </sn>
    <f lem="." pos="fp" punct="period" wd="."/>
  </sentence>
  <sentence verbless="yes">
    <sn entity="entity9" entityref="nne" title="yes">
      <grup.nom gen="f" num="s">
        <n gen="f" lem="llista" num="s" pos="ncfs000" postype="common" sense="16:00652495" wd="Llista"/>
        <sn>
          <grup.nom>
            <n gen="c" lem="d" num="c" pos="nc00000" postype="common" sense="16:cs1" wd="D"/>
          </grup.nom>
        </sn>
      </grup.nom>
    </sn>
    <f lem="." pos="fp" punct="period" wd="."/>
  </sentence>
  <sentence>
    <sn arg="arg1" coreftype="ident" elliptic="yes" entity="entity9" entityref="nne" func="suj" tem="tem"/>
    <grup.verb>
      <v lem="contenir" lss="C21.state-attributive" mood="indicative" num="s" person="3" pos="vmip3s0" postype="main" tense="present" wd="Conté"/>
    </grup.verb>
    <sn arg="arg2" entity="entity11" entityref="nne" func="cd" functype="quantitative" homophoricDD="yes" tem="atr">
      <spec gen="m" num="p">
        <d gen="m" lem="el" num="p" pos="da0mp0" postype="article" wd="els"/>
      </spec>
      <grup.nom gen="m" num="p">
        <n gen="m" lem="cas" num="p" pos="ncmp000" postype="common" sense="16:05081510" wd="casos"/>
        <sp>
          <prep>
            <s lem="de" pos="sps00" postype="preposition" wd="de"/>
          </prep>
          <sn entity="entity10" entityref="nne">
            <spec gen="m" num="p">
              <z lem="17" ne="number" wd="17"/>
            </spec>
            <grup.nom gen="m" num="p">
              <n gen="c" lem="pacient" num="p" pos="nccp000" postype="common" sense="16:07461272" wd="pacients"/>
              <sadv>
                <grup.adv>
                  <r lem="més" pos="rg" wd="més"/>
                </grup.adv>
              </sadv>
              <sp>
                <prep>
                  <s contracted="yes" gen="m" lem="del" num="s" pos="spcms" postype="preposition" wd="del"/>
                </prep>
                <sn coreftype="ident" entity="entity2" entityref="spec">
                  <grup.nom gen="m" num="s">
                    <n gen="m" lem="doctor" num="s" pos="ncms000" postype="common" sense="16:07220340" wd="doctor"/>
                  </grup.nom>
                </sn>
              </sp>
              <S clausetype="relative">
                <relatiu arg="arg1" coreftype="ident" entity="entity10" entityref="nne" func="suj" tem="tem">
                  <p gen="c" lem="que" num="c" pos="pr0cn000" postype="relative" wd="que"/>
                </relatiu>
                <sadv func="mod">
                  <grup.adv>
                    <r lem="també" pos="rg" wd="també"/>
                  </grup.adv>
                </sadv>
                <grup.verb>
                  <v lem="anar" mood="indicative" num="p" person="3" pos="vaip3p0" postype="auxiliary" tense="present" wd="van"/>
                  <v lem="morir" lss="B21.unaccusative-state" mood="infinitive" pos="vmn0000" postype="main" wd="morir"/>
                </grup.verb>
              </S>
            </grup.nom>
          </sn>
        </sp>
      </grup.nom>
    </sn>
    <f lem="." pos="fp" punct="period" wd="."/>
  </sentence>
  <sentence>
    <morfema.verbal func="pass">
      <p gen="c" lem="se" num="c" pos="p0000000" wd="Se"/>
    </morfema.verbal>
    <grup.verb>
      <v lem="sospitar" lss="B22.unaccusative-passive-transitive" mood="indicative" num="s" person="3" pos="vmip3s0" postype="main" tense="present" wd="sospita"/>
    </grup.verb>
    <S arg="arg1" clausetype="completive" func="suj" tem="pat">
      <conj conjunctiontype="subordinating">
        <c lem="que" pos="cs" postype="subordinating" wd="que"/>
      </conj>
      <sn arg="arg0" coreftype="ident" entity="entity2" entityref="spec" func="suj" tem="agt">
        <spec gen="m" num="s">
          <d gen="m" lem="el" num="s" pos="da0ms0" postype="article" wd="el"/>
        </spec>
        <grup.nom gen="m" num="s">
          <n gen="m" lem="metge" num="s" pos="ncms000" postype="common" sense="16:07220340" wd="metge"/>
        </grup.nom>
      </sn>
      <sn arg="arg1" coreftype="ident" entity="entity10" entityref="nne" func="cd" tem="pat">
        <grup.nom num="p">
          <p gen="c" lem="ell" num="p" person="3" pos="pp3cp000" postype="personal" wd="els"/>
        </grup.nom>
      </sn>
      <grup.verb>
        <v lem="anar" mood="indicative" num="s" person="3" pos="vaip3s0" postype="auxiliary" tense="present" wd="va"/>
        <v lem="assassinar" lss="A21.transitive-agentive-patient" mood="infinitive" pos="vmn0000" postype="main" wd="assassinar"/>
      </grup.verb>
    </S>
    <f lem="." pos="fp" punct="period" wd="."/>
  </sentence>
  <sentence>
    <sn entityref="lex" func="ao">
      <grup.nom gen="m" num="s">
        <p gen="m" lem="tot_i_això" num="s" pos="pi0ms000" postype="indefinite" wd="Tot_i_això"/>
      </grup.nom>
      <f lem="," pos="fc" punct="comma" wd=","/>
    </sn>
    <sn arg="arg0" coreftype="ident" entity="entity6" entityref="spec" func="suj" tem="agt">
      <spec gen="m" num="p">
        <d gen="m" lem="el" num="p" pos="da0mp0" postype="article" wd="els"/>
      </spec>
      <grup.nom gen="m" num="p">
        <n gen="c" lem="agent" num="p" pos="nccp000" postype="common" sense="16:07485319" wd="agents"/>
      </grup.nom>
    </sn>
    <neg func="mod">
      <r lem="no" pos="rn" postype="negative" wd="no"/>
    </neg>
    <grup.verb>
      <v lem="haver" mood="indicative" num="p" person="3" pos="vaip3p0" postype="auxiliary" tense="present" wd="han"/>
      <v gen="m" lem="reunir" lss="A21.transitive-agentive-patient" mood="participle" num="s" pos="vmp00sm" postype="main" wd="reunit"/>
    </grup.verb>
    <sn arg="arg1" func="cd" tem="pat">
      <spec gen="f" num="p">
        <d gen="f" lem="el" num="p" pos="da0fp0" postype="article" wd="les"/>
      </spec>
      <grup.nom gen="f" num="p">
        <n gen="f" lem="prova" num="p" pos="ncfp000" postype="common" sense="16:cs1" wd="proves"/>
        <s.a gen="f" num="p">
          <grup.a gen="f" num="p">
            <a gen="c" lem="suficient" num="p" pos="aq0cp0" postype="qualificative" wd="suficients"/>
          </grup.a>
        </s.a>
      </grup.nom>
    </sn>
    <sp arg="argM" func="cc" tem="fin">
      <prep>
        <s lem="per" pos="sps00" postype="preposition" wd="per"/>
      </prep>
      <S clausetype="completive" impersonal="yes">
        <infinitiu>
          <v lem="poder" mood="infinitive" pos="vmn0000" postype="main" wd="poder"/>
          <infinitiu>
            <v lem="elevar" lss="A11.transitive-causative" mood="infinitive" pos="vmn0000" postype="main" wd="elevar"/>
          </infinitiu>
        </infinitiu>
        <sn arg="arg1" coreftype="ident" entity="entity11" entityref="nne" func="cd" tem="tem">
          <spec gen="m" num="p">
            <d gen="m" lem="aquest" num="p" pos="dd0mp0" postype="demonstrative" wd="aquests"/>
          </spec>
          <grup.nom gen="m" num="p">
            <n gen="m" lem="cas" num="p" pos="ncmp000" postype="common" sense="16:05081510" wd="casos"/>
          </grup.nom>
        </sn>
        <sp arg="arg4" func="cc" tem="des">
          <prep>
            <s contracted="yes" gen="m" lem="al" num="p" pos="spcmp" postype="preposition" wd="als"/>
          </prep>
          <sn entityref="nne" homophoricDD="yes">
            <grup.nom gen="m" num="p">
              <n gen="m" lem="tribunal" num="p" pos="ncmp000" postype="common" sense="16:06176884" wd="tribunals"/>
            </grup.nom>
          </sn>
        </sp>
      </S>
    </sp>
    <f lem="." pos="fp" punct="period" wd="."/>
  </sentence>
  <sentence verbless="yes">
    <sn entityref="nne" title="yes">
      <grup.nom gen="f" num="s">
        <n gen="f" lem="llista" num="s" pos="ncfs000" postype="common" sense="16:00652495" wd="Llista"/>
        <sn>
          <grup.nom>
            <n gen="c" lem="e" num="c" pos="nc00000" postype="common" sense="16:cs1" wd="E"/>
          </grup.nom>
        </sn>
      </grup.nom>
    </sn>
    <f lem="." pos="fp" punct="period" wd="."/>
  </sentence>
  <sentence>
    <sn arg="arg0" coreftype="ident" entity="entity6" entityref="spec" func="suj" tem="agt">
      <spec gen="m" num="p">
        <d gen="m" lem="el" num="p" pos="da0mp0" postype="article" wd="Els"/>
      </spec>
      <grup.nom gen="m" num="p">
        <n gen="m" lem="investigador" num="p" pos="ncmp000" postype="common" sense="16:07344414" wd="investigadors"/>
      </grup.nom>
    </sn>
    <grup.verb>
      <v lem="contenir" lss="A21.transitive-agentive-patient" mood="indicative" num="p" person="3" pos="vmip3p0" postype="main" tense="present" wd="contenen"/>
    </grup.verb>
    <sp arg="argM" func="cc" tem="loc">
      <prep>
        <s lem="en" pos="sps00" postype="preposition" wd="en"/>
      </prep>
      <sn entityref="nne">
        <spec gen="m" num="p">
          <d coreftype="ident" entity="entity6" entityref="spec" gen="m" lem="el_seu" num="p" person="3" pos="dp3mp0" postype="possessive" wd="els_seus"/>
        </spec>
        <grup.nom gen="m" num="p">
          <n gen="m" lem="fitxer" num="p" pos="ncmp000" postype="common" sense="16:02678015" wd="fitxers"/>
        </grup.nom>
      </sn>
    </sp>
    <sn arg="arg1" entity="entity12" entityref="nne" func="cd" tem="pat">
      <spec gen="m" num="p">
        <z lem="58" ne="number" wd="58"/>
      </spec>
      <grup.nom gen="m" num="p">
        <n gen="m" lem="cas" num="p" pos="ncmp000" postype="common" sense="16:05081510" wd="casos"/>
        <sadv>
          <grup.adv>
            <r lem="més" pos="rg" wd="més"/>
            <sp>
              <prep>
                <s lem="de" pos="sps00" postype="preposition" wd="de"/>
              </prep>
              <sn>
                <grup.nom gen="m" num="p">
                  <n gen="c" lem="pacient" num="p" pos="nccp000" postype="common" sense="16:07461272" wd="pacients"/>
                  <S clausetype="participle" impersonal="yes">
                    <participi>
                      <a gen="m" lem="mort" num="p" pos="aq0mpp" posfunction="participle" postype="qualificative" wd="morts"/>
                    </participi>
                  </S>
                </grup.nom>
              </sn>
            </sp>
          </grup.adv>
        </sadv>
        <S clausetype="relative">
          <relatiu arg="arg1" coreftype="ident" discid="1c" entity="entity12" entityref="nne" func="cd" tem="pat">
            <p gen="c" lem="que" num="c" pos="pr0cn000" postype="relative" wd="que"/>
          </relatiu>
          <sn arg="arg0" coreftype="ident" elliptic="yes" entity="entity6" entityref="spec" func="suj" tem="agt"/>
          <grup.verb>
            <v lem="preveure" lss="A21.transitive-agentive-patient" mood="indicative" num="p" person="3" pos="vmip3p0" postype="main" tense="present" wd="preveuen"/>
          </grup.verb>
          <S arg="arg1" clausetype="completive" discid="1n" func="cd" impersonal="yes" tem="pat">
            <infinitiu>
              <v lem="examinar" lss="A21.transitive-agentive-patient" mood="infinitive" pos="vmn0000" postype="main" wd="examinar"/>
            </infinitiu>
            <sp arg="argM" func="cc" tem="tmp">
              <prep>
                <s lem="en" pos="sps00" postype="preposition" wd="en"/>
              </prep>
              <sn entityref="nne" homophoricDD="yes">
                <spec gen="m" num="s">
                  <d gen="m" lem="el" num="s" pos="da0ms0" postype="article" wd="el"/>
                </spec>
                <grup.nom gen="m" num="s">
                  <n gen="m" lem="futur" num="s" pos="ncms000" postype="common" sense="16:10849807" wd="futur"/>
                </grup.nom>
              </sn>
            </sp>
          </S>
        </S>
      </grup.nom>
    </sn>
    <f lem="." pos="fp" punct="period" wd="."/>
  </sentence>
</article>
