<?xml version="1.0" encoding="UTF-8"?>
<!-- 

  ancora-2.0
       
			Copyright (C) 2007, 2008, 2009, 2010, 2011 UB - CLiC
			Centre de Llenguatge i Computació - Universitat de Barcelona
 
  This file is part of ancora-2.0.
 
  ancora-2.0 is free software and data: you can redistribute it and/or modify
  it under the terms of the GNU General Public License as published
  by the Free Software Foundation, either version 3 of the License,
  or (at your option) any later version.

  ancora-2.0 is distributed in the hope that it will be useful,
  but WITHOUT ANY WARRANTY; without even the implied warranty of
  MERCHANTABILITY or FITNESS FOR A PARTICULAR PURPOSE.  See the
  GNU General Public License for more details.
 
  You should have received a copy of the GNU General Public License
  along with ancora-2.0.  If not, see &lt;http://www.gnu.org/licenses/&gt;.
 
  Check a text in catalan explaining the terms of the license at http://www.softcatala.cat/wiki/GPL3.
  In spanish at http://www.viti.es/gnu/licenses/gpl.html
 

  The following paper must be cited when using this corpus:

 * Taulé, M., M.A. Martí, M. Recasens (2008) 'Ancora: Multilevel Annotated Corpora for Catalan and Spanish',
   Proceedings of 6th International Conference on Language Resources and Evaluation. Marrakesh (Morocco).

  In addition, the following paper must be cited if coreference information (attributes entity, coreftype,
  corefsubtype, homophoricDD or entityref) is used:

 * Recasens, Marta, M. Antònia Martí (2010) ‘AnCora-CO: Coreferentially annotated corpora for Spanish and
   Catalan’. Language Resources and Evaluation, Springer Science.

  Additionally, the following paper must be cited when argumental attributes in "sn" or "grup.nom"
  (attributes func, arg, tem or lexicalid) are used:

 * Peris, Aina, Mariona Taulé, Horacio Rodríguez (2010) ‘Semantic Annotation of Deverbal Nominalizations in the
   Spanish AnCora corpus’. Treebanks and Linguistic Theories (TLT-2010), Estonia.
-->
<article lng="ca">
  <sentence verbless="yes">
    <sn entity="entity54" entityref="spec" homophoricDD="yes" title="yes">
      <spec gen="m" num="s">
        <d gen="m" lem="el" num="s" pos="da0ms0" postype="article" wd="El"/>
      </spec>
      <grup.nom gen="m" num="s">
        <f lem="'" pos="fz" punct="mathsign" wd="'"/>
        <n gen="m" lem="violador" num="s" pos="ncms000" postype="common" sense="16:07519749" wd="violador"/>
        <sp>
          <prep>
            <s lem="de" pos="sps00" postype="preposition" wd="de"/>
          </prep>
          <sn entity="entity55" entityref="nne" title="yes">
            <spec gen="f" num="s">
              <d gen="f" lem="el" num="s" pos="da0fs0" postype="article" wd="la"/>
            </spec>
            <grup.nom gen="f" num="s">
              <n gen="f" lem="careta" num="s" pos="ncfs000" postype="common" sense="16:cs1" wd="careta"/>
            </grup.nom>
          </sn>
        </sp>
        <f lem="'" pos="fz" punct="mathsign" wd="'"/>
      </grup.nom>
    </sn>
    <S clausetype="participle" impersonal="yes">
      <f lem="," pos="fc" punct="comma" wd=","/>
      <participi>
        <a gen="m" lem="condemnat" lss="B22.unaccusative-passive-transitive" num="s" pos="aq0msp" posfunction="participle" postype="qualificative" wd="condemnat"/>
      </participi>
      <sp arg="arg2" func="creg" tem="tem">
        <prep>
          <s lem="a" pos="sps00" postype="preposition" wd="a"/>
        </prep>
        <sn entity="entity56" entityref="nne" title="yes">
          <spec gen="m" num="p">
            <d gen="c" lem="vuit" num="p" pos="dn0cp0" postype="numeral" wd="vuit"/>
          </spec>
          <grup.nom gen="m" num="p">
            <n gen="m" lem="any" num="p" pos="ncmp000" postype="common" sense="16:10917509" wd="anys"/>
          </grup.nom>
        </sn>
      </sp>
    </S>
    <f lem="." pos="fp" punct="period" wd="."/>
  </sentence>
  <sentence>
    <sn arg="arg1" coreftype="ident" entity="entity54" entityref="ne" func="suj" ne="person" tem="pat">
      <grup.nom gen="m" num="s">
        <n lem="Baltasar_F._S." ne="person" pos="np0000p" postype="proper" sense="16:cs1" wd="Baltasar_F._S."/>
        <S clausetype="participle" coord="yes" impersonal="yes">
          <f lem="," pos="fc" punct="comma" wd=","/>
          <sp>
            <prep>
              <s lem="de" pos="sps00" postype="preposition" wd="de"/>
            </prep>
            <sn>
              <spec gen="m" num="p">
                <z lem="19" ne="number" wd="19"/>
              </spec>
              <grup.nom gen="m" num="p">
                <n gen="m" lem="any" num="p" pos="ncmp000" postype="common" sense="16:10917509" wd="anys"/>
              </grup.nom>
            </sn>
          </sp>
          <conj conjunctiontype="coordinating">
            <c lem="i" pos="cc" postype="coordinating" wd="i"/>
          </conj>
          <S clausetype="participle" impersonal="yes">
            <participi>
              <a gen="m" lem="conegut" lss="B22.unaccusative-passive-transitive" num="s" pos="aq0msp" posfunction="participle" postype="qualificative" wd="conegut"/>
            </participi>
            <sp arg="argM" func="cpred" tem="atr">
              <prep>
                <c lem="com" pos="cs" postype="subordinating" wd="com"/>
              </prep>
              <sn>
                <spec gen="m" num="s">
                  <d gen="m" lem="el" num="s" pos="da0ms0" postype="article" wd="el"/>
                </spec>
                <grup.nom gen="m" num="s">
                  <n gen="m" lem="violador" num="s" pos="ncms000" postype="common" sense="16:07519749" wd="violador"/>
                  <sp>
                    <prep>
                      <s lem="de" pos="sps00" postype="preposition" wd="de"/>
                    </prep>
                    <sn coreftype="ident" entity="entity55" entityref="nne">
                      <spec gen="f" num="s">
                        <d gen="f" lem="el" num="s" pos="da0fs0" postype="article" wd="la"/>
                      </spec>
                      <grup.nom gen="f" num="s">
                        <n gen="f" lem="careta" num="s" pos="ncfs000" postype="common" sense="16:cs1" wd="careta"/>
                      </grup.nom>
                    </sn>
                  </sp>
                </grup.nom>
              </sn>
            </sp>
          </S>
          <f lem="," pos="fc" punct="comma" wd=","/>
        </S>
      </grup.nom>
    </sn>
    <grup.verb>
      <v lem="haver" mood="indicative" num="s" person="3" pos="vaip3s0" postype="auxiliary" tense="present" wd="ha"/>
      <v gen="m" lem="ser" mood="participle" num="s" pos="vsp00sm" postype="semiauxiliary" wd="estat"/>
      <v gen="m" lem="condemnar" lss="B22.unaccusative-passive-transitive" mood="participle" num="s" pos="vmp00sm" postype="main" wd="condemnat"/>
    </grup.verb>
    <sp arg="arg2" func="creg" tem="tem">
      <prep>
        <s lem="a" pos="sps00" postype="preposition" wd="a"/>
      </prep>
      <sn coreftype="ident" entity="entity56" entityref="nne">
        <spec gen="m" num="p">
          <d gen="c" lem="vuit" num="p" pos="dn0cp0" postype="numeral" wd="vuit"/>
        </spec>
        <grup.nom gen="m" num="p">
          <n gen="m" lem="any" num="p" pos="ncmp000" postype="common" sense="16:10917509" wd="anys"/>
          <sp>
            <prep>
              <s lem="de" pos="sps00" postype="preposition" wd="de"/>
            </prep>
            <sn>
              <grup.nom gen="f" num="s">
                <n gen="f" lem="presó" num="s" pos="ncfs000" postype="common" sense="16:03102801" wd="presó"/>
              </grup.nom>
            </sn>
          </sp>
        </grup.nom>
      </sn>
    </sp>
    <sp arg="arg0" func="cag" tem="agt">
      <prep>
        <s lem="per" pos="sps00" postype="preposition" wd="per"/>
      </prep>
      <sn entityref="ne" ne="organization">
        <spec gen="f" num="s">
          <d gen="c" lem="el" num="s" pos="da0cs0" postype="article" wd="l'"/>
        </spec>
        <grup.nom gen="f" num="s">
          <n lem="Audiència_de_Tarragona" ne="organization" pos="np0000o" postype="proper" sense="16:cs1" wd="Audiència_de_Tarragona"/>
        </grup.nom>
      </sn>
    </sp>
    <sp arg="argM" func="cc" tem="cau">
      <prep>
        <s contracted="yes" gen="m" lem="al" num="s" pos="spcms" postype="preposition" wd="al"/>
      </prep>
      <S clausetype="completive" impersonal="yes">
        <infinitiu>
          <v lem="considerar" lss="A21.transitive-agentive-patient" mood="infinitive" pos="vmn0000" postype="main" wd="considerar"/>
        </infinitiu>
        <S arg="arg2" clausetype="participle" func="cpred" impersonal="yes" predicate="cd" tem="atr">
          <participi>
            <a gen="m" lem="provat" num="s" pos="aq0msp" posfunction="participle" postype="qualificative" wd="provat"/>
          </participi>
        </S>
        <S arg="arg1" clausetype="completive" coord="yes" func="cd" tem="pat">
          <S clausetype="completive" coord="yes" entity="entity58">
            <conj conjunctiontype="subordinating">
              <c lem="que" pos="cs" postype="subordinating" wd="que"/>
            </conj>
            <S clausetype="completive">
              <sn arg="arg0" coreftype="ident" elliptic="yes" entity="entity54" entityref="spec" func="suj" tem="agt"/>
              <grup.verb>
                <v lem="anar" mood="indicative" num="s" person="3" pos="vaip3s0" postype="auxiliary" tense="present" wd="va"/>
                <v lem="violar" lss="A21.transitive-agentive-patient" mood="infinitive" pos="vmn0000" postype="main" wd="violar"/>
              </grup.verb>
            </S>
            <conj conjunctiontype="coordinating">
              <c lem="i" pos="cc" postype="coordinating" wd="i"/>
            </conj>
            <S clausetype="completive">
              <sn arg="arg0" coreftype="ident" elliptic="yes" entity="entity54" entityref="spec" func="suj" tem="agt"/>
              <grup.verb>
                <v lem="anar" mood="indicative" num="s" person="3" pos="vaip3s0" postype="auxiliary" tense="present" wd="va"/>
                <v lem="robar" lss="A32.ditransitive-patient-benefactive" mood="infinitive" pos="vmn0000" postype="main" wd="robar"/>
              </grup.verb>
            </S>
          </S>
          <sn adjunct="yes" arg="argM" entityref="ne" func="cc" ne="date" tem="tmp">
            <spec gen="m" num="s">
              <d gen="c" lem="el" num="s" pos="da0cs0" postype="article" wd="l'"/>
            </spec>
            <grup.nom gen="m" num="s">
              <w lem="[??:01/09/1997:??.??]" ne="date" wd="1_de_setembre_de_1997"/>
            </grup.nom>
          </sn>
          <sn adjunct="yes" arg="arg1" entityref="nne" func="cd" tem="pat">
            <spec gen="f" num="s">
              <d gen="f" lem="un" num="s" pos="di0fs0" postype="indefinite" wd="una"/>
            </spec>
            <grup.nom gen="f" num="s">
              <n gen="c" lem="jove" num="s" pos="nccs000" postype="common" sense="16:07692038" wd="jove"/>
              <sp>
                <prep>
                  <s lem="de" pos="sps00" postype="preposition" wd="de"/>
                </prep>
                <sn>
                  <spec gen="m" num="p">
                    <z lem="16" ne="number" wd="16"/>
                  </spec>
                  <grup.nom gen="m" num="p">
                    <n gen="m" lem="any" num="p" pos="ncmp000" postype="common" sense="16:10917509" wd="anys"/>
                  </grup.nom>
                </sn>
              </sp>
            </grup.nom>
          </sn>
          <sp adjunct="yes" arg="argM" func="cc" tem="loc">
            <prep>
              <s lem="en" pos="sps00" postype="preposition" wd="en"/>
            </prep>
            <sn entityref="nne">
              <spec gen="m" num="s">
                <d gen="m" lem="un" num="s" pos="di0ms0" postype="indefinite" wd="un"/>
              </spec>
              <grup.nom gen="m" num="s">
                <n gen="m" lem="solar" num="s" pos="ncms000" postype="common" sense="16:cs1" wd="solar"/>
                <S clausetype="participle" impersonal="yes">
                  <participi>
                    <a gen="m" lem="abandonat" num="s" pos="aq0msp" posfunction="participle" postype="qualificative" wd="abandonat"/>
                  </participi>
                </S>
                <sp>
                  <prep>
                    <s contracted="yes" gen="m" lem="del" num="s" pos="spcms" postype="preposition" wd="del"/>
                  </prep>
                  <sn entityref="ne" ne="location">
                    <grup.nom gen="m" num="s">
                      <n gen="m" lem="barri" num="s" pos="ncms000" postype="common" sense="16:06293689" wd="barri"/>
                      <sp>
                        <prep>
                          <s contracted="yes" gen="m" lem="del" num="s" pos="spcms" postype="preposition" wd="del"/>
                        </prep>
                        <sn entityref="ne" ne="location">
                          <grup.nom gen="m" num="s">
                            <n lem="Pilar" ne="location" pos="np0000l" postype="proper" sense="16:cs1" wd="Pilar"/>
                          </grup.nom>
                        </sn>
                      </sp>
                    </grup.nom>
                  </sn>
                </sp>
              </grup.nom>
            </sn>
          </sp>
        </S>
      </S>
    </sp>
    <f lem="." pos="fp" punct="period" wd="."/>
  </sentence>
  <sentence>
    <sn arg="arg0" coreftype="ident" entity="entity54" entityref="spec" func="suj" tem="agt">
      <spec gen="m" num="s">
        <d gen="m" lem="el" num="s" pos="da0ms0" postype="article" wd="El"/>
      </spec>
      <grup.nom gen="m" num="s">
        <n gen="m" lem="processat" num="s" pos="ncms000" postype="common" sense="16:cs1" wd="processat"/>
        <S clausetype="relative">
          <f lem="," pos="fc" punct="comma" wd=","/>
          <relatiu arg="arg1" coreftype="ident" entity="entity54" entityref="spec" func="suj" tem="pat">
            <p gen="c" lem="que" num="c" pos="pr0cn000" postype="relative" wd="que"/>
          </relatiu>
          <grup.verb>
            <v lem="anar" mood="indicative" num="s" person="3" pos="vaip3s0" postype="auxiliary" tense="present" wd="va"/>
            <v lem="ser" mood="infinitive" pos="vsn0000" postype="semiauxiliary" wd="ser"/>
            <v gen="m" lem="acusar" lss="B22.unaccusative-passive-transitive" mood="participle" num="s" pos="vmp00sm" postype="main" wd="acusat"/>
          </grup.verb>
          <sp arg="arg2" func="creg" tem="tem">
            <prep>
              <s lem="de" pos="sps00" postype="preposition" wd="d'"/>
            </prep>
            <sn entity="entity57" entityref="nne">
              <spec gen="m" num="p">
                <d gen="c" lem="altre" num="p" pos="di0cp0" postype="indefinite" wd="altres"/>
              </spec>
              <grup.nom gen="m" num="p">
                <n gen="m" lem="assalt" num="p" pos="ncmp000" postype="common" sense="16:00491314" wd="assalts"/>
                <S clausetype="relative">
                  <relatiu arg="arg1" coreftype="ident" entity="entity57" entityref="nne" func="suj" tem="pat">
                    <p gen="c" lem="que" num="c" pos="pr0cn000" postype="relative" wd="que"/>
                  </relatiu>
                  <morfema.verbal func="pass">
                    <p gen="c" lem="es" num="c" pos="p0000000" wd="es"/>
                  </morfema.verbal>
                  <grup.verb>
                    <v lem="anar" mood="indicative" num="p" person="3" pos="vaip3p0" postype="auxiliary" tense="present" wd="van"/>
                    <v lem="produir" lss="B22.unaccusative-passive-transitive" mood="infinitive" pos="vmn0000" postype="main" wd="produir"/>
                  </grup.verb>
                  <sp arg="argM" func="cc" tem="loc">
                    <prep>
                      <s lem="a" pos="sps00" postype="preposition" wd="a"/>
                    </prep>
                    <sn entityref="spec">
                      <spec gen="f" num="s">
                        <d gen="f" lem="el" num="s" pos="da0fs0" postype="article" wd="la"/>
                      </spec>
                      <grup.nom gen="f" num="s">
                        <n gen="f" lem="ciutat" num="s" pos="ncfs000" postype="common" sense="16:06287351" wd="ciutat"/>
                      </grup.nom>
                    </sn>
                  </sp>
                </S>
                <S clausetype="relative">
                  <sp arg="argM" func="cc" tem="cau">
                    <prep>
                      <s contracted="yes" gen="m" lem="pel" num="p" pos="spcmp" postype="preposition" wd="pels"/>
                    </prep>
                    <relatiu coreftype="ident" entity="entity57" entityref="nne">
                      <p gen="c" lem="qual" num="p" pos="pr0cp000" postype="relative" wd="quals"/>
                    </relatiu>
                  </sp>
                  <sn arg="arg1" coreftype="ident" elliptic="yes" entity="entity54" entityref="spec" func="suj" tem="pat"/>
                  <sadv func="mod">
                    <grup.adv>
                      <r lem="també" pos="rg" wd="també"/>
                    </grup.adv>
                  </sadv>
                  <grup.verb>
                    <v lem="haver" mood="indicative" num="s" person="3" pos="vaif3s0" postype="auxiliary" tense="future" wd="haurà"/>
                    <s lem="de" pos="sps00" postype="preposition" wd="de"/>
                    <infinitiu>
                      <v lem="ser" mood="infinitive" pos="vsn0000" postype="semiauxiliary" wd="ser"/>
                      <v gen="m" lem="jutjar" lss="B22.unaccusative-passive-transitive" mood="participle" num="s" pos="vmp00sm" postype="main" wd="jutjat"/>
                    </infinitiu>
                  </grup.verb>
                </S>
              </grup.nom>
            </sn>
          </sp>
          <f lem="," pos="fc" punct="comma" wd=","/>
        </S>
      </grup.nom>
    </sn>
    <morfema.pronominal>
      <p gen="c" lem="ell" num="c" person="3" pos="p0300000" wd="es"/>
    </morfema.pronominal>
    <grup.verb>
      <v lem="cobrir" lss="A21.transitive-agentive-patient" mood="indicative" num="s" person="3" pos="vmii3s0" postype="main" tense="imperfect" wd="cobria"/>
    </grup.verb>
    <sn arg="arg1" entityref="nne" func="cd" tem="pat">
      <spec gen="f" num="s">
        <d gen="f" lem="el" num="s" pos="da0fs0" postype="article" wd="la"/>
      </spec>
      <grup.nom gen="f" num="s">
        <n gen="f" lem="cara" num="s" pos="ncfs000" postype="common" sense="16:04340595" wd="cara"/>
      </grup.nom>
    </sn>
    <sp arg="argM" func="cc" tem="ins">
      <prep>
        <s lem="amb" pos="sps00" postype="preposition" wd="amb"/>
      </prep>
      <sn coreftype="ident" entity="entity55" entityref="nne">
        <spec gen="f" num="s">
          <d gen="f" lem="un" num="s" pos="di0fs0" postype="indefinite" wd="una"/>
        </spec>
        <grup.nom gen="f" num="s">
          <n gen="f" lem="màscara" num="s" pos="ncfs000" postype="common" sense="16:02969632" wd="màscara"/>
          <sp>
            <prep>
              <s lem="de" pos="sps00" postype="preposition" wd="d'"/>
            </prep>
            <sn>
              <grup.nom gen="m" num="s">
                <n gen="m" lem="home" num="s" pos="ncms000" postype="common" sense="16:07391044" wd="home"/>
                <s.a gen="m" num="s">
                  <grup.a gen="m" num="s">
                    <a gen="c" lem="gran" num="s" pos="aq0cs0" postype="qualificative" wd="gran"/>
                  </grup.a>
                </s.a>
              </grup.nom>
            </sn>
          </sp>
        </grup.nom>
      </sn>
    </sp>
    <sp arg="argM" func="cc" tem="fin">
      <prep>
        <s lem="per" pos="sps00" postype="preposition" wd="per"/>
      </prep>
      <S clausetype="completive" impersonal="yes">
        <infinitiu>
          <v lem="dificultar" lss="A11.transitive-causative" mood="infinitive" pos="vmn0000" postype="main" wd="dificultar"/>
        </infinitiu>
        <sn arg="arg1" entityref="nne" func="cd" tem="tem">
          <spec gen="f" num="s">
            <d coreftype="ident" entity="entity54" entityref="spec" gen="f" lem="el_seu" num="s" person="3" pos="dp3fs0" postype="possessive" wd="la_seva"/>
          </spec>
          <grup.nom gen="f" num="s">
            <n gen="f" lem="identificació" num="s" pos="ncfs000" postype="common" sense="16:00098857" wd="identificació"/>
          </grup.nom>
        </sn>
      </S>
    </sp>
    <S clausesubtype="concessive" clausetype="adverbial" func="ao">
      <f lem="," pos="fc" punct="comma" wd=","/>
      <conj conjunctiontype="subordinating">
        <c lem="encara_que" pos="cs" postype="subordinating" wd="encara_que"/>
      </conj>
      <sn arg="arg0" entityref="nne" func="suj" homophoricDD="yes" tem="agt">
        <spec gen="f" num="p">
          <d gen="f" lem="el" num="p" pos="da0fp0" postype="article" wd="les"/>
        </spec>
        <grup.nom gen="f" num="p">
          <n gen="f" lem="anàlisi" num="p" pos="ncfp000" postype="common" sense="16:00419850" wd="anàlisis"/>
          <sp>
            <prep>
              <s contracted="yes" gen="m" lem="del" num="s" pos="spcms" postype="preposition" wd="del"/>
            </prep>
            <sn entityref="ne" ne="other">
              <spec gen="m" num="s">
                <d coreftype="ident" entity="entity54" entityref="spec" gen="m" lem="seu" num="s" person="3" pos="dp3ms0" postype="possessive" wd="seu"/>
              </spec>
              <grup.nom gen="m" num="s">
                <n lem="ADN" ne="other" pos="np0000a" postype="proper" sense="16:10639854" wd="ADN"/>
              </grup.nom>
            </sn>
          </sp>
        </grup.nom>
      </sn>
      <grup.verb>
        <v lem="anar" mood="indicative" num="p" person="3" pos="vaip3p0" postype="auxiliary" tense="present" wd="van"/>
        <v lem="demostrar" lss="A21.transitive-agentive-patient" mood="infinitive" pos="vmn0000" postype="main" wd="demostrar"/>
      </grup.verb>
      <S arg="arg1" clausetype="completive" func="cd" tem="pat">
        <conj conjunctiontype="subordinating">
          <c lem="que" pos="cs" postype="subordinating" wd="que"/>
        </conj>
        <sn arg="arg1" coreftype="ident" elliptic="yes" entity="entity54" entityref="spec" func="suj" tem="tem"/>
        <grup.verb>
          <v lem="ser" lss="C21.state-attributive" mood="indicative" num="s" person="3" pos="vsii3s0" postype="semiauxiliary" tense="imperfect" wd="era"/>
        </grup.verb>
        <sn arg="arg2" corefsubtype="definit" coreftype="pred" entity="entity54" func="atr" tem="atr">
          <spec gen="m" num="s">
            <d gen="c" lem="el" num="s" pos="da0cs0" postype="article" wd="l'"/>
          </spec>
          <grup.nom gen="m" num="s">
            <n gen="m" lem="autor" num="s" pos="ncms000" postype="common" sense="16:07469314" wd="autor"/>
            <sp>
              <prep>
                <s contracted="yes" gen="m" lem="del" num="s" pos="spcms" postype="preposition" wd="del"/>
              </prep>
              <sn corefsubtype="token" coreftype="dx" entity="entity58" entityref="nne">
                <grup.nom gen="m" num="s">
                  <n gen="m" lem="fet" num="s" pos="ncms000" postype="common" sense="16:05432762" wd="fet"/>
                </grup.nom>
              </sn>
            </sp>
          </grup.nom>
        </sn>
      </S>
    </S>
    <f lem="." pos="fp" punct="period" wd="."/>
  </sentence>
</article>
