<?xml version="1.0" encoding="UTF-8"?>
<!-- 

  ancora-2.0
       
			Copyright (C) 2007, 2008, 2009, 2010, 2011 UB - CLiC
			Centre de Llenguatge i Computació - Universitat de Barcelona
 
  This file is part of ancora-2.0.
 
  ancora-2.0 is free software and data: you can redistribute it and/or modify
  it under the terms of the GNU General Public License as published
  by the Free Software Foundation, either version 3 of the License,
  or (at your option) any later version.

  ancora-2.0 is distributed in the hope that it will be useful,
  but WITHOUT ANY WARRANTY; without even the implied warranty of
  MERCHANTABILITY or FITNESS FOR A PARTICULAR PURPOSE.  See the
  GNU General Public License for more details.
 
  You should have received a copy of the GNU General Public License
  along with ancora-2.0.  If not, see &lt;http://www.gnu.org/licenses/&gt;.
 
  Check a text in catalan explaining the terms of the license at http://www.softcatala.cat/wiki/GPL3.
  In spanish at http://www.viti.es/gnu/licenses/gpl.html
 

  The following paper must be cited when using this corpus:

 * Taulé, M., M.A. Martí, M. Recasens (2008) 'Ancora: Multilevel Annotated Corpora for Catalan and Spanish',
   Proceedings of 6th International Conference on Language Resources and Evaluation. Marrakesh (Morocco).

  In addition, the following paper must be cited if coreference information (attributes entity, coreftype,
  corefsubtype, homophoricDD or entityref) is used:

 * Recasens, Marta, M. Antònia Martí (2010) ‘AnCora-CO: Coreferentially annotated corpora for Spanish and
   Catalan’. Language Resources and Evaluation, Springer Science.

  Additionally, the following paper must be cited when argumental attributes in "sn" or "grup.nom"
  (attributes func, arg, tem or lexicalid) are used:

 * Peris, Aina, Mariona Taulé, Horacio Rodríguez (2010) ‘Semantic Annotation of Deverbal Nominalizations in the
   Spanish AnCora corpus’. Treebanks and Linguistic Theories (TLT-2010), Estonia.
-->
<article lng="ca" coreference="automatic">
  <sentence title="yes">
    <sn entity="entity1" missing="yes" title="yes"/>
  </sentence>
  <sentence>
    <sn arg="arg0" coreftype="ident" entity="entity1" entityref="spec" func="suj" tem="agt">
      <spec gen="f" num="s">
        <d gen="c" lem="el" num="s" pos="da0cs0" postype="article" wd="L'"/>
      </spec>
      <grup.nom gen="f" num="s">
        <n gen="f" lem="entitat" num="s" pos="ncfs000" postype="common" sense="16:00001740" wd="entitat"/>
      </grup.nom>
    </sn>
    <neg func="mod">
      <r lem="no" pos="rn" postype="negative" wd="no"/>
    </neg>
    <grup.verb>
      <v lem="poder" mood="indicative" num="s" person="3" pos="vmif3s0" postype="main" tense="future" wd="podrà"/>
      <infinitiu>
        <v lem="actuar" lss="D11.inergative-agentive" mood="infinitive" pos="vmn0000" postype="main" wd="actuar"/>
      </infinitiu>
    </grup.verb>
    <sp arg="argM" func="cc" tem="tmp">
      <prep>
        <s lem="fins" pos="sps00" postype="preposition" wd="fins"/>
      </prep>
      <S clausetype="completive">
        <conj conjunctiontype="subordinating">
          <c lem="que" pos="cs" postype="subordinating" wd="que"/>
        </conj>
        <sn arg="arg1" coreftype="ident" elliptic="yes" entity="entity1" entityref="spec" func="suj" tem="tem"/>
        <grup.verb>
          <v lem="tenir" lss="C21.state-attributive" mood="subjunctive" num="s" person="3" pos="vmsp3s0" postype="main" tense="present" wd="tingui"/>
        </grup.verb>
        <sn arg="arg2" entity="entity3" entityref="nne" func="cd" functype="quantitative" homophoricDD="yes" tem="atr">
          <spec gen="f" num="s">
            <d gen="c" lem="el" num="s" pos="da0cs0" postype="article" wd="l'"/>
          </spec>
          <grup.nom gen="f" num="s">
            <n gen="f" lem="autorització" num="s" pos="ncfs000" postype="common" sense="16:05013621" wd="autorització"/>
            <sp>
              <prep>
                <s contracted="yes" gen="m" lem="del" num="s" pos="spcms" postype="preposition" wd="del"/>
              </prep>
              <sn entity="entity4" entityref="ne" ne="organization">
                <grup.nom gen="m" num="s">
                  <n lem="Banc_d'_Espanya" ne="organization" pos="np0000o" postype="proper" sense="16:cs1" wd="Banc_d'_Espanya"/>
                </grup.nom>
              </sn>
            </sp>
          </grup.nom>
        </sn>
      </S>
    </sp>
    <f lem="." pos="fp" punct="period" wd="."/>
  </sentence>
  <sentence>
    <sn arg="arg0" entity="entity7" entityref="ne" func="suj" ne="organization" tem="agt">
      <spec gen="m" num="s">
        <d gen="m" lem="el" num="s" pos="da0ms0" postype="article" wd="El"/>
      </spec>
      <grup.nom gen="m" num="s">
        <n lem="Govern_d'_Andorra" ne="organization" pos="np0000o" postype="proper" sense="16:cs1" wd="Govern_d'_Andorra"/>
      </grup.nom>
    </sn>
    <grup.verb>
      <v lem="anar" mood="indicative" num="s" person="3" pos="vaip3s0" postype="auxiliary" tense="present" wd="va"/>
      <v lem="aprovar" lss="A21.transitive-agentive-patient" mood="infinitive" pos="vmn0000" postype="main" wd="aprovar"/>
    </grup.verb>
    <sn arg="argM" entityref="ne" func="cc" ne="date" tem="tmp">
      <grup.nom gen="m" num="s">
        <w lem="[dilluns:??/??/??:??.??]" ne="date" wd="dilluns"/>
      </grup.nom>
    </sn>
    <S arg="arg1" clausetype="completive" func="cd" impersonal="yes" tem="pat">
      <infinitiu>
        <v lem="atorgar" lss="A32.ditransitive-patient-benefactive" mood="infinitive" pos="vmn0000" postype="main" wd="atorgar"/>
      </infinitiu>
      <sn arg="arg1" entity="entity2" entityref="nne" func="cd" tem="pat">
        <spec gen="f" num="s">
          <d gen="f" lem="el" num="s" pos="da0fs0" postype="article" wd="la"/>
        </spec>
        <grup.nom gen="f" num="s">
          <n gen="f" lem="llicència" num="s" pos="ncfs000" postype="common" sense="16:00738404" wd="llicència"/>
          <s.a gen="f" num="s">
            <grup.a gen="f" num="s">
              <a gen="f" lem="definitiu" num="s" pos="aq0fs0" postype="qualificative" wd="definitiva"/>
            </grup.a>
          </s.a>
        </grup.nom>
      </sn>
      <sp arg="argM" func="cc" tem="loc">
        <prep>
          <s contracted="yes" gen="m" lem="al" num="s" pos="spcms" postype="preposition" wd="al"/>
        </prep>
        <sn coreftype="ident" entity="entity1" entityref="ne" ne="organization">
          <grup.nom gen="m" num="s">
            <n lem="Banc_Sabadell" ne="organization" pos="np0000o" postype="proper" sense="16:cs1" wd="Banc_Sabadell"/>
          </grup.nom>
        </sn>
      </sp>
      <S arg="argM" clausetype="adverbial" func="cc" tem="fin">
        <conj conjunctiontype="subordinating">
          <c lem="perquè" pos="cs" postype="subordinating" wd="perquè"/>
        </conj>
        <sn arg="arg0" coreftype="ident" elliptic="yes" entity="entity1" entityref="spec" func="suj" tem="agt"/>
        <grup.verb>
          <v lem="poder" mood="subjunctive" num="s" person="3" pos="vmsp3s0" postype="main" tense="present" wd="pugui"/>
          <infinitiu>
            <v lem="establir" lss="D11.inergative-agentive" mood="infinitive" pos="vmn0000" postype="main" wd="establir"/>
          </infinitiu>
        </grup.verb>
        <morfema.pronominal>
          <p gen="c" lem="ell" num="c" person="3" pos="p0300000" wd="-se"/>
        </morfema.pronominal>
        <sp arg="arg2" func="cc" tem="loc">
          <prep>
            <s contracted="yes" gen="m" lem="al" num="s" pos="spcms" postype="preposition" wd="al"/>
          </prep>
          <sn entity="entity6" entityref="spec" homophoricDD="yes">
            <grup.nom gen="m" num="s">
              <n gen="m" lem="país" num="s" pos="ncms000" postype="common" sense="16:06299747" wd="país"/>
              <s.a gen="m" num="s">
                <grup.a gen="m" num="s">
                  <a gen="m" lem="pirinenc" num="s" pos="aq0ms0" postype="qualificative" wd="pirinenc"/>
                </grup.a>
              </s.a>
            </grup.nom>
          </sn>
        </sp>
        <S clausesubtype="concessive" clausetype="adverbial" func="ao">
          <f lem="," pos="fc" punct="comma" wd=","/>
          <conj conjunctiontype="subordinating">
            <c lem="malgrat_que" pos="cs" postype="subordinating" wd="malgrat_que"/>
          </conj>
          <sn arg="arg1" coreftype="ident" entity="entity2" entityref="nne" func="suj" tem="tem">
            <spec gen="m" num="s">
              <d gen="m" lem="el" num="s" pos="da0ms0" postype="article" wd="el"/>
            </spec>
            <grup.nom gen="m" num="s">
              <n gen="m" lem="permís" num="s" pos="ncms000" postype="common" sense="16:05015182" wd="permís"/>
            </grup.nom>
          </sn>
          <grup.verb>
            <v lem="estar" lss="C31.state-scalar" mood="indicative" num="s" person="3" pos="vmip3s0" postype="main" tense="present" wd="està"/>
          </grup.verb>
          <sadv arg="arg2" func="atr" tem="atr">
            <grup.adv>
              <f lem="&quot;" pos="fe" punct="quotation" wd="&quot;"/>
              <r lem="en_suspens" pos="rg" wd="en_suspens"/>
              <f lem="&quot;" pos="fe" punct="quotation" wd="&quot;"/>
            </grup.adv>
          </sadv>
          <sp arg="argM" func="cc" tem="tmp">
            <prep>
              <s lem="fins" pos="sps00" postype="preposition" wd="fins"/>
            </prep>
            <S clausetype="completive">
              <conj conjunctiontype="subordinating">
                <c lem="que" pos="cs" postype="subordinating" wd="que"/>
              </conj>
              <sn arg="arg0" coreftype="ident" entity="entity1" entityref="spec" func="suj" tem="agt">
                <spec gen="f" num="s">
                  <d gen="c" lem="el" num="s" pos="da0cs0" postype="article" wd="l'"/>
                </spec>
                <grup.nom gen="f" num="s">
                  <n gen="f" lem="entitat" num="s" pos="ncfs000" postype="common" sense="16:00001740" wd="entitat"/>
                  <s.a gen="f" num="s">
                    <grup.a gen="f" num="s">
                      <a gen="f" lem="català" num="s" pos="aq0fs0" postype="qualificative" wd="catalana"/>
                    </grup.a>
                  </s.a>
                </grup.nom>
              </sn>
              <grup.verb>
                <v lem="presentar" lss="A32.ditransitive-patient-benefactive" mood="subjunctive" num="s" person="3" pos="vmsp3s0" postype="main" tense="present" wd="presenti"/>
              </grup.verb>
              <sn arg="arg1" coreftype="ident" entity="entity3" entityref="nne" func="cd" homophoricDD="yes" tem="pat">
                <spec gen="f" num="s">
                  <d gen="c" lem="el" num="s" pos="da0cs0" postype="article" wd="l'"/>
                </spec>
                <grup.nom gen="f" num="s">
                  <n gen="f" lem="autorització" num="s" pos="ncfs000" postype="common" sense="16:04922001" wd="autorització"/>
                  <s.a gen="f" num="s">
                    <grup.a gen="f" num="s">
                      <a gen="c" lem="corresponent" num="s" pos="aq0cs0" postype="qualificative" wd="corresponent"/>
                    </grup.a>
                  </s.a>
                  <sp>
                    <prep>
                      <s contracted="yes" gen="m" lem="del" num="s" pos="spcms" postype="preposition" wd="del"/>
                    </prep>
                    <sn coreftype="ident" entity="entity4" entityref="ne" ne="organization">
                      <grup.nom gen="m" num="s">
                        <n lem="Banc_d'_Espanya" ne="organization" pos="np0000o" postype="proper" sense="16:cs1" wd="Banc_d'_Espanya"/>
                      </grup.nom>
                    </sn>
                  </sp>
                </grup.nom>
              </sn>
            </S>
          </sp>
        </S>
      </S>
    </S>
    <S clausetype="adverbial" func="ao">
      <f lem="," pos="fc" punct="comma" wd=","/>
      <conj conjunctiontype="subordinating">
        <c lem="segons" pos="cs" postype="subordinating" wd="segons"/>
      </conj>
      <grup.verb>
        <v lem="anar" mood="indicative" num="p" person="3" pos="vaip3p0" postype="auxiliary" tense="present" wd="van"/>
        <v lem="assenyalar" lss="A21.transitive-agentive-patient" mood="infinitive" pos="vmn0000" postype="main" wd="assenyalar"/>
      </grup.verb>
      <sn arg="arg0" entity="entity8" entityref="nne" func="suj" tem="agt">
        <grup.nom gen="f" num="p">
          <n gen="f" lem="font" num="p" pos="ncfp000" postype="common" sense="16:07338656" wd="fonts"/>
          <s.a gen="f" num="p">
            <grup.a gen="f" num="p">
              <a gen="c" lem="governamental" num="p" pos="aq0cp0" postype="qualificative" wd="governamentals"/>
            </grup.a>
          </s.a>
        </grup.nom>
      </sn>
    </S>
    <f lem="." pos="fp" punct="period" wd="."/>
  </sentence>
  <sentence verbless="yes">
    <sn entity="entity5" entityref="ne" ne="person">
      <grup.nom gen="m" num="s">
        <n lem="Josep_Oliu" ne="person" pos="np0000p" postype="proper" sense="16:cs1" wd="Josep_Oliu"/>
        <sn corefsubtype="definit" coreftype="pred" entity="entity5" entityref="ne" ne="person">
          <f lem="," pos="fc" punct="comma" wd=","/>
          <grup.nom gen="m" num="s">
            <n gen="m" lem="director" num="s" pos="ncms000" postype="common" sense="16:07496197" wd="director"/>
            <s.a gen="m" num="s">
              <grup.a gen="m" num="s">
                <a gen="c" lem="general" num="s" pos="aq0cs0" postype="qualificative" wd="general"/>
              </grup.a>
            </s.a>
            <sp>
              <prep>
                <s lem="de" pos="sps00" postype="preposition" wd="de"/>
              </prep>
              <sn coreftype="ident" entity="entity1" entityref="ne" ne="organization">
                <grup.nom>
                  <n lem="Banc_Sabadell" ne="organization" pos="np0000o" postype="proper" sense="16:cs1" wd="Banc_Sabadell"/>
                </grup.nom>
              </sn>
            </sp>
          </grup.nom>
        </sn>
      </grup.nom>
    </sn>
    <f lem="." pos="fp" punct="period" wd="."/>
  </sentence>
  <sentence>
    <sn arg="arg1" coreftype="ident" entity="entity3" entityref="nne" func="suj" homophoricDD="yes" tem="tem">
      <spec gen="m" num="s">
        <d gen="m" lem="el" num="s" pos="da0ms0" postype="article" wd="El"/>
      </spec>
      <grup.nom gen="m" num="s">
        <n gen="m" lem="beneplàcit" num="s" pos="ncms000" postype="common" sense="16:cs1" wd="beneplàcit"/>
        <sp>
          <prep>
            <s lem="de" pos="sps00" postype="preposition" wd="de"/>
          </prep>
          <sn coreftype="ident" entity="entity4" entityref="ne" ne="organization">
            <spec gen="f" num="s">
              <d gen="c" lem="el" num="s" pos="da0cs0" postype="article" wd="l'"/>
            </spec>
            <grup.nom gen="f" num="s">
              <n gen="f" lem="autoritat" num="s" pos="ncfs000" postype="common" sense="16:06950891" wd="autoritat"/>
              <s.a gen="f" num="s">
                <grup.a gen="f" num="s">
                  <a gen="f" lem="monetari" num="s" pos="aq0fs0" postype="qualificative" wd="monetària"/>
                </grup.a>
              </s.a>
              <s.a gen="f" num="s">
                <grup.a gen="f" num="s">
                  <a gen="f" lem="espanyol" num="s" pos="aq0fs0" postype="qualificative" wd="espanyola"/>
                </grup.a>
              </s.a>
            </grup.nom>
          </sn>
        </sp>
      </grup.nom>
    </sn>
    <grup.verb>
      <v lem="ser" lss="C21.state-attributive" mood="indicative" num="s" person="3" pos="vsip3s0" postype="semiauxiliary" tense="present" wd="és"/>
    </grup.verb>
    <sa arg="arg2" func="atr" tem="atr">
      <grup.a>
        <a gen="c" lem="indispensable" num="s" pos="aq0cs0" postype="qualificative" wd="indispensable"/>
      </grup.a>
    </sa>
    <S arg="argM" clausetype="adverbial" func="cc" tem="fin">
      <conj conjunctiontype="subordinating">
        <c lem="perquè" pos="cs" postype="subordinating" wd="perquè"/>
      </conj>
      <sn arg="arg0" coreftype="ident" entity="entity1" entityref="ne" func="suj" ne="organization" tem="agt">
        <spec gen="m" num="s">
          <d gen="m" lem="el" num="s" pos="da0ms0" postype="article" wd="el"/>
        </spec>
        <grup.nom gen="m" num="s">
          <n lem="Banc_Sabadell" ne="organization" pos="np0000o" postype="proper" sense="16:cs1" wd="Banc_Sabadell"/>
        </grup.nom>
      </sn>
      <grup.verb>
        <v lem="poder" mood="subjunctive" num="s" person="3" pos="vmsp3s0" postype="main" tense="present" wd="pugui"/>
        <infinitiu>
          <v lem="transferir" lss="A21.transitive-agentive-patient" mood="infinitive" pos="vmn0000" postype="main" wd="transferir"/>
        </infinitiu>
      </grup.verb>
      <sn arg="arg1" entityref="nne" func="cd" homophoricDD="yes" tem="pat">
        <spec gen="m" num="s">
          <d gen="m" lem="el" num="s" pos="da0ms0" postype="article" wd="el"/>
        </spec>
        <grup.nom gen="m" num="s">
          <n gen="m" lem="capital" num="s" pos="ncms000" postype="common" sense="16:09614621" wd="capital"/>
          <s.a gen="m" num="s">
            <grup.a gen="m" num="s">
              <a gen="c" lem="social" num="s" pos="aq0cs0" postype="qualificative" wd="social"/>
            </grup.a>
          </s.a>
          <s.a gen="m" num="s">
            <grup.a gen="m" num="s">
              <a gen="m" lem="necessari" num="s" pos="aq0ms0" postype="qualificative" wd="necessari"/>
            </grup.a>
          </s.a>
        </grup.nom>
      </sn>
      <sp arg="argM" func="cc" tem="fin">
        <prep>
          <s lem="per" pos="sps00" postype="preposition" wd="per"/>
        </prep>
        <S clausetype="completive" impersonal="yes">
          <infinitiu>
            <v lem="començar" mood="infinitive" pos="vmn0000" postype="main" wd="començar"/>
            <s lem="a" pos="sps00" postype="preposition" wd="a"/>
            <infinitiu>
              <v lem="operar" lss="D11.inergative-agentive" mood="infinitive" pos="vmn0000" postype="main" wd="operar"/>
            </infinitiu>
          </infinitiu>
          <sp arg="argM" func="cc" tem="loc">
            <prep>
              <s lem="a" pos="sps00" postype="preposition" wd="a"/>
            </prep>
            <sn coreftype="ident" entity="entity6" entityref="ne" ne="location">
              <grup.nom>
                <n lem="Andorra" ne="location" pos="np0000l" postype="proper" sense="16:06581584" wd="Andorra"/>
              </grup.nom>
            </sn>
          </sp>
        </S>
      </sp>
    </S>
    <f lem="." pos="fp" punct="period" wd="."/>
  </sentence>
  <sentence>
    <sp arg="argM" func="cc" tem="adv">
      <prep>
        <s lem="per" pos="sps00" postype="preposition" wd="Per"/>
      </prep>
      <sn coreftype="ident" entity="entity7" entityref="ne" ne="organization">
        <spec gen="m" num="s">
          <d gen="c" lem="el" num="s" pos="da0cs0" postype="article" wd="l'"/>
        </spec>
        <grup.nom gen="m" num="s">
          <n lem="Executiu" ne="organization" pos="np0000o" postype="proper" sense="16:cs1" wd="Executiu"/>
          <s.a gen="m" num="s">
            <grup.a gen="m" num="s">
              <a gen="m" lem="andorrà" num="s" pos="aq0ms0" postype="qualificative" wd="andorrà"/>
            </grup.a>
          </s.a>
        </grup.nom>
      </sn>
      <f lem="," pos="fc" punct="comma" wd=","/>
    </sp>
    <sn arg="arg1" coreftype="ident" entity="entity3" entityref="nne" func="suj" homophoricDD="yes" tem="tem">
      <spec gen="m" num="s">
        <d gen="m" lem="el" num="s" pos="da0ms0" postype="article" wd="el"/>
      </spec>
      <grup.nom gen="m" num="s">
        <n gen="m" lem="vistiplau" num="s" pos="ncms000" postype="common" sense="16:cs1" wd="vistiplau"/>
        <sp>
          <prep>
            <s lem="de" pos="sps00" postype="preposition" wd="de"/>
          </prep>
          <sn coreftype="ident" entity="entity4" entityref="ne" ne="organization">
            <spec gen="f" num="s">
              <d gen="c" lem="el" num="s" pos="da0cs0" postype="article" wd="l'"/>
            </spec>
            <grup.nom gen="f" num="s">
              <n gen="f" lem="autoritat" num="s" pos="ncfs000" postype="common" sense="16:06950891" wd="autoritat"/>
              <s.a gen="f" num="s">
                <grup.a gen="f" num="s">
                  <a gen="f" lem="financer" num="s" pos="aq0fs0" postype="qualificative" wd="financera"/>
                </grup.a>
              </s.a>
              <s.a gen="f" num="s">
                <grup.a gen="f" num="s">
                  <a gen="f" lem="espanyol" num="s" pos="aq0fs0" postype="qualificative" wd="espanyola"/>
                </grup.a>
              </s.a>
            </grup.nom>
          </sn>
        </sp>
      </grup.nom>
    </sn>
    <grup.verb>
      <v lem="ser" lss="C31.state-scalar" mood="indicative" num="s" person="3" pos="vsip3s0" postype="semiauxiliary" tense="present" wd="és"/>
    </grup.verb>
    <sn arg="arg2" func="atr" tem="atr">
      <spec gen="f" num="s">
        <d gen="f" lem="un" num="s" pos="di0fs0" postype="indefinite" wd="una"/>
      </spec>
      <grup.nom gen="f" num="s">
        <f lem="&quot;" pos="fe" punct="quotation" wd="&quot;"/>
        <n gen="f" lem="garantia" num="s" pos="ncfs000" postype="common" sense="16:03735303" wd="garantia"/>
        <sp>
          <prep>
            <s lem="de" pos="sps00" postype="preposition" wd="de"/>
          </prep>
          <sn>
            <grup.nom gen="f" num="s">
              <n gen="f" lem="solvència" num="s" pos="ncfs000" postype="common" sense="16:03679549" wd="solvència"/>
            </grup.nom>
          </sn>
        </sp>
        <f lem="&quot;" pos="fe" punct="quotation" wd="&quot;"/>
      </grup.nom>
    </sn>
    <f lem="." pos="fp" punct="period" wd="."/>
  </sentence>
  <sentence>
    <sn arg="arg0" coreftype="ident" entity="entity7" entityref="ne" func="suj" ne="organization" tem="agt">
      <spec gen="m" num="s">
        <d gen="m" lem="el" num="s" pos="da0ms0" postype="article" wd="El"/>
      </spec>
      <grup.nom gen="m" num="s">
        <n lem="Govern_d'_Andorra" ne="organization" pos="np0000o" postype="proper" sense="16:cs1" wd="Govern_d'_Andorra"/>
      </grup.nom>
    </sn>
    <grup.verb>
      <v lem="anar" mood="indicative" num="s" person="3" pos="vaip3s0" postype="auxiliary" tense="present" wd="va"/>
      <v lem="exigir" lss="A32.ditransitive-patient-benefactive" mood="infinitive" pos="vmn0000" postype="main" wd="exigir"/>
    </grup.verb>
    <sp arg="arg2" func="ci" tem="ben">
      <prep>
        <s contracted="yes" gen="m" lem="al" num="s" pos="spcms" postype="preposition" wd="al"/>
      </prep>
      <sn coreftype="ident" entity="entity1" entityref="ne" ne="organization">
        <grup.nom gen="m" num="s">
          <n gen="m" lem="grup" num="s" pos="ncms000" postype="common" sense="16:00017954" wd="grup"/>
          <s.a gen="m" num="s">
            <grup.a gen="m" num="s">
              <a gen="m" lem="financer" num="s" pos="aq0ms0" postype="qualificative" wd="financer"/>
            </grup.a>
          </s.a>
          <s.a gen="m" num="s">
            <grup.a gen="m" num="s">
              <a gen="m" lem="català" num="s" pos="aq0ms0" postype="qualificative" wd="català"/>
            </grup.a>
          </s.a>
        </grup.nom>
      </sn>
    </sp>
    <sn arg="arg1" coreftype="ident" entity="entity3" entityref="nne" func="cd" homophoricDD="yes" tem="pat">
      <spec gen="m" num="s">
        <d gen="m" lem="el" num="s" pos="da0ms0" postype="article" wd="el"/>
      </spec>
      <grup.nom gen="m" num="s">
        <n gen="m" lem="permís" num="s" pos="ncms000" postype="common" sense="16:05015182" wd="permís"/>
        <sp>
          <prep>
            <s contracted="yes" gen="m" lem="del" num="s" pos="spcms" postype="preposition" wd="del"/>
          </prep>
          <sn coreftype="ident" entity="entity4" entityref="ne" ne="organization">
            <grup.nom gen="m" num="s">
              <n lem="Banc_d'_Espanya" ne="organization" pos="np0000o" postype="proper" sense="16:cs1" wd="Banc_d'_Espanya"/>
            </grup.nom>
          </sn>
        </sp>
      </grup.nom>
    </sn>
    <sadv arg="argM" func="cc" tem="tmp">
      <grup.adv>
        <r lem="abans" pos="rg" wd="abans"/>
        <sp>
          <prep>
            <s lem="de" pos="sps00" postype="preposition" wd="de"/>
          </prep>
          <sn entityref="nne" homophoricDD="yes">
            <spec gen="m" num="s">
              <d gen="c" lem="el" num="s" pos="da0cs0" postype="article" wd="l'"/>
            </spec>
            <grup.nom gen="m" num="s">
              <n gen="m" lem="estiu" num="s" pos="ncms000" postype="common" sense="16:10946199" wd="estiu"/>
            </grup.nom>
          </sn>
        </sp>
      </grup.adv>
    </sadv>
    <sp arg="argM" func="cpred" predicate="cd" tem="atr">
      <prep>
        <c lem="com" pos="cs" postype="subordinating" wd="com"/>
      </prep>
      <sn>
        <spec gen="m" num="s">
          <d gen="m" lem="un" num="s" pos="di0ms0" postype="indefinite" wd="un"/>
        </spec>
        <grup.nom gen="m" num="s">
          <f lem="&quot;" pos="fe" punct="quotation" wd="&quot;"/>
          <n gen="m" lem="complement" num="s" pos="ncms000" postype="common" sense="16:02159867" wd="complement"/>
          <sp>
            <prep>
              <s lem="de" pos="sps00" postype="preposition" wd="d'"/>
            </prep>
            <sn>
              <grup.nom gen="f" num="s">
                <n gen="f" lem="informació" num="s" pos="ncfs000" postype="common" sense="16:04977171" wd="informació"/>
              </grup.nom>
            </sn>
          </sp>
          <f lem="&quot;" pos="fe" punct="quotation" wd="&quot;"/>
        </grup.nom>
      </sn>
    </sp>
    <S arg="argM" clausetype="adverbial" func="cc" tem="cau">
      <f lem="," pos="fc" punct="comma" wd=","/>
      <conj conjunctiontype="subordinating">
        <c lem="ja_que" pos="cs" postype="subordinating" wd="ja_que"/>
      </conj>
      <sn arg="arg1" entityref="nne" func="suj" homophoricDD="yes" tem="tem">
        <spec gen="f" num="s">
          <d gen="f" lem="el" num="s" pos="da0fs0" postype="article" wd="la"/>
        </spec>
        <grup.nom gen="f" num="s">
          <n gen="f" lem="legislació" num="s" pos="ncfs000" postype="common" sense="16:04906199" wd="legislació"/>
          <sp>
            <prep>
              <s lem="sobre" pos="sps00" postype="preposition" wd="sobre"/>
            </prep>
            <sn entityref="nne" homophoricDD="yes">
              <spec gen="f" num="s">
                <d gen="c" lem="el" num="s" pos="da0cs0" postype="article" wd="l'"/>
              </spec>
              <grup.nom gen="f" num="s">
                <n gen="f" lem="obertura" num="s" pos="ncfs000" postype="common" sense="16:00217163" wd="obertura"/>
                <s.a gen="f" num="s">
                  <grup.a gen="f" num="s">
                    <a gen="f" lem="bancari" num="s" pos="aq0fs0" postype="qualificative" wd="bancària"/>
                  </grup.a>
                </s.a>
              </grup.nom>
            </sn>
          </sp>
        </grup.nom>
      </sn>
      <neg func="mod">
        <r lem="no" pos="rn" postype="negative" wd="no"/>
      </neg>
      <grup.verb>
        <v lem="fer_referència" lss="C21.state-attributive" mood="indicative" num="s" person="3" pos="vmip3s0" postype="main" tense="present" wd="fa_referència"/>
      </grup.verb>
      <sa arg="argM" func="cc" tem="adv">
        <grup.a>
          <a gen="f" lem="estricte" num="s" pos="aq0fs0" postype="qualificative" wd="estricta"/>
        </grup.a>
      </sa>
      <sp arg="arg2" func="creg" tem="atr">
        <prep>
          <s lem="a" pos="sps00" postype="preposition" wd="a"/>
        </prep>
        <sn coreftype="ident" entity="entity3" entityref="nne">
          <spec gen="m" num="s">
            <d gen="m" lem="aquest" num="s" pos="dd0ms0" postype="demonstrative" wd="aquest"/>
          </spec>
          <grup.nom gen="m" num="s">
            <n gen="m" lem="requeriment" num="s" pos="ncms000" postype="common" sense="16:06846327" wd="requeriment"/>
          </grup.nom>
        </sn>
      </sp>
    </S>
    <f lem="." pos="fp" punct="period" wd="."/>
  </sentence>
  <sentence>
    <sn arg="arg1" entityref="nne" func="suj" tem="tem">
      <spec gen="m" num="s">
        <d gen="m" lem="el" num="s" pos="da0ms0" postype="article" wd="El"/>
      </spec>
      <grup.nom gen="m" num="s">
        <n gen="m" lem="silenci" num="s" pos="ncms000" postype="common" sense="16:03893540" wd="silenci"/>
        <sp>
          <prep>
            <s contracted="yes" gen="m" lem="del" num="s" pos="spcms" postype="preposition" wd="del"/>
          </prep>
          <sn coreftype="ident" entity="entity4" entityref="ne" ne="organization">
            <grup.nom gen="m" num="s">
              <n lem="Banc_d'_Espanya" ne="organization" pos="np0000o" postype="proper" sense="16:cs1" wd="Banc_d'_Espanya"/>
            </grup.nom>
          </sn>
        </sp>
      </grup.nom>
    </sn>
    <grup.verb>
      <v lem="coincidir" lss="C21.state-attributive" mood="indicative" num="s" person="3" pos="vmip3s0" postype="main" tense="present" wd="coincideix"/>
    </grup.verb>
    <sp arg="arg2" func="creg" tem="atr">
      <prep>
        <s lem="amb" pos="sps00" postype="preposition" wd="amb"/>
      </prep>
      <sn entityref="nne" homophoricDD="yes">
        <spec gen="m" num="s">
          <d gen="c" lem="el" num="s" pos="da0cs0" postype="article" wd="l'"/>
        </spec>
        <grup.nom gen="m" num="s">
          <n gen="m" lem="intent" num="s" pos="ncms000" postype="common" sense="16:00503611" wd="intent"/>
          <sp>
            <prep>
              <s lem="de" pos="sps00" postype="preposition" wd="d'"/>
            </prep>
            <sn coreftype="ident" entity="entity4" entityref="spec">
              <spec gen="f" num="s">
                <d gen="f" lem="aquest" num="s" pos="dd0fs0" postype="demonstrative" wd="aquesta"/>
              </spec>
              <grup.nom gen="f" num="s">
                <n gen="f" lem="entitat" num="s" pos="ncfs000" postype="common" sense="16:00001740" wd="entitat"/>
              </grup.nom>
            </sn>
          </sp>
          <sp>
            <prep>
              <s lem="de" pos="sps00" postype="preposition" wd="de"/>
            </prep>
            <S clausetype="completive" impersonal="yes">
              <infinitiu>
                <v lem="renegociar" lss="A34.ditransitive-patient-theme" mood="infinitive" pos="vmn0000" postype="main" wd="renegociar"/>
              </infinitiu>
              <sp arg="arg2" func="creg" tem="tem">
                <prep>
                  <s lem="amb" pos="sps00" postype="preposition" wd="amb"/>
                </prep>
                <sn coreftype="ident" entity="entity6" entityref="ne" ne="location">
                  <grup.nom>
                    <n lem="Andorra" ne="location" pos="np0000l" postype="proper" sense="16:06581584" wd="Andorra"/>
                  </grup.nom>
                </sn>
              </sp>
              <sn arg="arg1" entity="entity9" entityref="nne" func="cd" tem="pat">
                <spec gen="m" num="s">
                  <d gen="m" lem="un" num="s" pos="di0ms0" postype="indefinite" wd="un"/>
                </spec>
                <grup.nom gen="m" num="s">
                  <n gen="m" lem="conveni" num="s" pos="ncms000" postype="common" sense="16:05073898" wd="conveni"/>
                  <sp>
                    <prep>
                      <s lem="de" pos="sps00" postype="preposition" wd="de"/>
                    </prep>
                    <sn>
                      <grup.nom gen="f" num="s">
                        <n gen="f" lem="col·laboració" num="s" pos="ncfs000" postype="common" sense="16:00780822" wd="col·laboració"/>
                        <s.a gen="f" num="s">
                          <grup.a gen="f" num="s">
                            <a gen="f" lem="bancari" num="s" pos="aq0fs0" postype="qualificative" wd="bancària"/>
                          </grup.a>
                        </s.a>
                      </grup.nom>
                    </sn>
                  </sp>
                </grup.nom>
              </sn>
            </S>
          </sp>
        </grup.nom>
      </sn>
    </sp>
    <f lem="." pos="fp" punct="period" wd="."/>
  </sentence>
  <sentence>
    <S clausetype="adverbial" func="ao">
      <conj conjunctiontype="subordinating">
        <c lem="segons" pos="cs" postype="subordinating" wd="Segons"/>
      </conj>
      <grup.verb>
        <v lem="confirmar" lss="A32.ditransitive-patient-benefactive" mood="indicative" num="p" person="3" pos="vmip3p0" postype="main" tense="present" wd="confirmen"/>
      </grup.verb>
      <sn arg="arg0" coreftype="ident" entity="entity8" entityref="nne" func="suj" tem="agt">
        <grup.nom gen="f" num="p">
          <n gen="f" lem="font" num="p" pos="ncfp000" postype="common" sense="16:07338656" wd="fonts"/>
          <sp>
            <prep>
              <s contracted="yes" gen="m" lem="del" num="s" pos="spcms" postype="preposition" wd="del"/>
            </prep>
            <sn coreftype="ident" entity="entity7" entityref="ne" ne="organization">
              <grup.nom gen="m" num="s">
                <n lem="Govern" ne="organization" pos="np0000o" postype="proper" sense="16:cs1" wd="Govern"/>
              </grup.nom>
            </sn>
          </sp>
        </grup.nom>
      </sn>
      <f lem="," pos="fc" punct="comma" wd=","/>
    </S>
    <sn arg="arg0" coreftype="ident" entity="entity4" entityref="ne" func="suj" ne="organization" tem="agt">
      <spec gen="f" num="s">
        <d gen="c" lem="el" num="s" pos="da0cs0" postype="article" wd="l'"/>
      </spec>
      <grup.nom gen="f" num="s">
        <n gen="f" lem="autoritat" num="s" pos="ncfs000" postype="common" sense="16:06950891" wd="autoritat"/>
        <s.a gen="f" num="s">
          <grup.a gen="f" num="s">
            <a gen="f" lem="monetari" num="s" pos="aq0fs0" postype="qualificative" wd="monetària"/>
          </grup.a>
        </s.a>
        <s.a gen="f" num="s">
          <grup.a gen="f" num="s">
            <a gen="f" lem="espanyol" num="s" pos="aq0fs0" postype="qualificative" wd="espanyola"/>
          </grup.a>
        </s.a>
      </grup.nom>
    </sn>
    <grup.verb>
      <v lem="haver" mood="indicative" num="s" person="3" pos="vaip3s0" postype="auxiliary" tense="present" wd="ha"/>
      <v gen="m" lem="presentar" lss="A32.ditransitive-patient-benefactive" mood="participle" num="s" pos="vmp00sm" postype="main" wd="presentat"/>
    </grup.verb>
    <sp arg="argM" func="cc" tem="loc">
      <prep>
        <s contracted="yes" gen="m" lem="al" num="s" pos="spcms" postype="preposition" wd="al"/>
      </prep>
      <sn coreftype="ident" entity="entity7" entityref="ne" ne="organization">
        <grup.nom gen="m" num="s">
          <n gen="m" lem="gabinet" num="s" pos="ncms000" postype="common" sense="16:02554479" wd="gabinet"/>
          <sp>
            <prep>
              <s lem="de" pos="sps00" postype="preposition" wd="de"/>
            </prep>
            <sn entityref="ne" ne="person">
              <grup.nom gen="m" num="s">
                <n lem="Marc_Forné" ne="person" pos="np0000p" postype="proper" sense="16:cs1" wd="Marc_Forné"/>
              </grup.nom>
            </sn>
          </sp>
        </grup.nom>
      </sn>
    </sp>
    <sn arg="arg1" coreftype="ident" entity="entity9" entityref="nne" func="cd" tem="pat">
      <spec gen="f" num="s">
        <d gen="f" lem="un" num="s" pos="di0fs0" postype="indefinite" wd="una"/>
      </spec>
      <grup.nom gen="f" num="s">
        <n gen="f" lem="proposta" num="s" pos="ncfs000" postype="common" sense="16:05355937" wd="proposta"/>
        <sp>
          <prep>
            <s lem="de" pos="sps00" postype="preposition" wd="d'"/>
          </prep>
          <sn>
            <grup.nom gen="m" num="s">
              <n gen="m" lem="acord" num="s" pos="ncms000" postype="common" sense="16:05072418" wd="acord"/>
            </grup.nom>
          </sn>
        </sp>
        <S clausetype="relative">
          <relatiu arg="arg1" coreftype="ident" entity="entity9" entityref="nne" func="suj" tem="tem">
            <p gen="c" lem="que" num="c" pos="pr0cn000" postype="relative" wd="que"/>
          </relatiu>
          <grup.verb>
            <v lem="estar" lss="C31.state-scalar" mood="indicative" num="s" person="3" pos="vmip3s0" postype="main" tense="present" wd="està"/>
          </grup.verb>
          <S arg="arg2" clausetype="participle" func="atr" impersonal="yes" tem="atr">
            <participi>
              <a gen="f" lem="basat" lss="B22.unaccusative-passive-transitive" num="s" pos="aq0fsp" posfunction="participle" postype="qualificative" wd="basada"/>
            </participi>
            <sp arg="arg2" func="creg" tem="loc">
              <prep>
                <s lem="en" pos="sps00" postype="preposition" wd="en"/>
              </prep>
              <sn entity="entity10" entityref="nne" homophoricDD="yes">
                <spec gen="m" num="s">
                  <d gen="m" lem="el" num="s" pos="da0ms0" postype="article" wd="el"/>
                </spec>
                <grup.nom gen="m" num="s">
                  <n gen="m" lem="model" num="s" pos="ncms000" postype="common" sense="16:04549495" wd="model"/>
                  <S clausetype="relative">
                    <relatiu arg="arg1" coreftype="ident" entity="entity10" entityref="nne" func="suj" tem="pat">
                      <p gen="c" lem="que" num="c" pos="pr0cn000" postype="relative" wd="que"/>
                    </relatiu>
                    <morfema.verbal func="pass">
                      <p gen="c" lem="es" num="c" pos="p0000000" wd="s'"/>
                    </morfema.verbal>
                    <grup.verb>
                      <v lem="aplicar" lss="B12.unaccusative-passive-ditransitive" mood="indicative" num="s" person="3" pos="vmip3s0" postype="main" tense="present" wd="aplica"/>
                    </grup.verb>
                    <sp arg="argM" func="cc" tem="loc">
                      <prep>
                        <s contracted="yes" gen="m" lem="al" num="p" pos="spcmp" postype="preposition" wd="als"/>
                      </prep>
                      <sn entityref="nne" homophoricDD="yes">
                        <spec gen="m" num="p">
                          <d gen="m" lem="el" num="p" pos="da0mp0" postype="article" wd="els"/>
                        </spec>
                        <grup.nom gen="m" num="p">
                          <n gen="m" lem="país" num="p" pos="ncmp000" postype="common" sense="16:06299747" wd="països"/>
                          <s.a gen="m" num="p">
                            <grup.a gen="m" num="p">
                              <a gen="m" lem="llatinoamericà" num="p" pos="aq0mp0" postype="qualificative" wd="llatinoamericans"/>
                            </grup.a>
                          </s.a>
                        </grup.nom>
                      </sn>
                    </sp>
                  </S>
                </grup.nom>
              </sn>
            </sp>
          </S>
        </S>
      </grup.nom>
    </sn>
    <f lem="." pos="fp" punct="period" wd="."/>
  </sentence>
  <sentence>
    <sadv func="ao">
      <grup.adv>
        <r lem="aparentment" pos="rg" wd="Aparentment"/>
      </grup.adv>
      <f lem="," pos="fc" punct="comma" wd=","/>
    </sadv>
    <sn arg="arg0" coreftype="ident" entity="entity4" entityref="ne" func="suj" ne="organization" tem="agt">
      <grup.nom>
        <n lem="Espanya" ne="organization" pos="np0000o" postype="proper" wd="Espanya"/>
      </grup.nom>
    </sn>
    <grup.verb>
      <v lem="aspirar" lss="A22.transitive-agentive-theme" mood="indicative" num="s" person="3" pos="vmip3s0" postype="main" tense="present" wd="aspira"/>
    </grup.verb>
    <sp arg="arg1" func="creg" tem="tem">
      <prep>
        <s lem="a" pos="sps00" postype="preposition" wd="a"/>
      </prep>
      <S clausetype="completive" impersonal="yes">
        <infinitiu>
          <v lem="tenir" lss="C21.state-attributive" mood="infinitive" pos="vmn0000" postype="main" wd="tenir"/>
        </infinitiu>
        <sn arg="arg2" entityref="nne" func="cd" functype="quantitative" tem="atr">
          <grup.nom gen="m" num="s">
            <n gen="m" lem="accés" num="s" pos="ncms000" postype="common" sense="16:00027115" wd="accés"/>
            <sn>
              <grup.nom gen="m" num="s">
                <a gen="m" lem="directe" num="s" pos="aq0ms0" postype="qualificative" wd="directe"/>
              </grup.nom>
            </sn>
          </grup.nom>
        </sn>
        <sp arg="argM" func="cc" tem="loc">
          <prep>
            <s lem="a" pos="sps00" postype="preposition" wd="a"/>
          </prep>
          <sn entityref="nne" homophoricDD="yes">
            <spec gen="f" num="s">
              <d gen="c" lem="el" num="s" pos="da0cs0" postype="article" wd="l'"/>
            </spec>
            <grup.nom gen="f" num="s">
              <n gen="f" lem="activitat" num="s" pos="ncfs000" postype="common" sense="16:00261466" wd="activitat"/>
              <sp>
                <prep>
                  <s contracted="yes" gen="m" lem="del" num="s" pos="spcms" postype="preposition" wd="del"/>
                </prep>
                <sn coreftype="ident" entity="entity1" entityref="ne" ne="organization">
                  <grup.nom gen="m" num="s">
                    <n lem="Banc_Sabadell" ne="organization" pos="np0000o" postype="proper" sense="16:cs1" wd="Banc_Sabadell"/>
                  </grup.nom>
                </sn>
              </sp>
              <sp>
                <prep>
                  <s lem="a" pos="sps00" postype="preposition" wd="a"/>
                </prep>
                <sn coreftype="ident" entity="entity6" entityref="ne" ne="location">
                  <grup.nom>
                    <n lem="Andorra" ne="location" pos="np0000l" postype="proper" sense="16:06581584" wd="Andorra"/>
                  </grup.nom>
                </sn>
              </sp>
            </grup.nom>
          </sn>
        </sp>
      </S>
    </sp>
    <f lem="." pos="fp" punct="period" wd="."/>
  </sentence>
  <sentence>
    <sn arg="arg0" coreftype="ident" entity="entity8" entityref="nne" func="suj" tem="agt">
      <spec gen="f" num="p">
        <d gen="f" lem="el" num="p" pos="da0fp0" postype="article" wd="Les"/>
        <d gen="f" lem="mateix" num="p" pos="di0fp0" postype="indefinite" wd="mateixes"/>
      </spec>
      <grup.nom gen="f" num="p">
        <n gen="f" lem="font" num="p" pos="ncfp000" postype="common" sense="16:07338656" wd="fonts"/>
        <s.a gen="f" num="p">
          <grup.a gen="f" num="p">
            <a gen="f" lem="andorrà" num="p" pos="aq0fp0" postype="qualificative" wd="andorranes"/>
          </grup.a>
        </s.a>
      </grup.nom>
    </sn>
    <grup.verb>
      <v lem="insistir" lss="A22.transitive-agentive-theme" mood="indicative" num="p" person="3" pos="vmip3p0" postype="main" tense="present" wd="insisteixen"/>
    </grup.verb>
    <sp arg="arg1" func="creg" tem="tem">
      <prep>
        <s lem="en" pos="sps00" postype="preposition" wd="en"/>
      </prep>
      <sn entityref="nne" homophoricDD="yes">
        <spec gen="m" num="s">
          <d gen="m" lem="el" num="s" pos="da0ms0" postype="article" wd="el"/>
        </spec>
        <grup.nom gen="m" num="s">
          <n gen="m" lem="fet" num="s" pos="ncms000" postype="common" sense="16:05432762" wd="fet"/>
          <S clausetype="completive" coord="yes">
            <S clausetype="completive">
              <conj conjunctiontype="subordinating">
                <c lem="que" pos="cs" postype="subordinating" wd="que"/>
              </conj>
              <sn arg="arg0" coreftype="ident" entity="entity7" entityref="ne" func="suj" ne="organization" tem="agt">
                <spec gen="m" num="s">
                  <d gen="m" lem="el" num="s" pos="da0ms0" postype="article" wd="el"/>
                </spec>
                <grup.nom gen="m" num="s">
                  <n lem="Govern" ne="organization" pos="np0000o" postype="proper" sense="16:cs1" wd="Govern"/>
                </grup.nom>
              </sn>
              <f lem="&quot;" pos="fe" punct="quotation" wd="&quot;"/>
              <neg func="mod">
                <r lem="no" pos="rn" postype="negative" wd="no"/>
              </neg>
              <grup.verb>
                <v lem="cedir" lss="D11.inergative-agentive" mood="indicative" num="s" person="3" pos="vmif3s0" postype="main" tense="future" wd="cedirà"/>
              </grup.verb>
              <sp func="et">
                <prep>
                  <s lem="en" pos="sps00" postype="preposition" wd="en"/>
                </prep>
                <sn entityref="lex">
                  <spec gen="m" num="s">
                    <d gen="m" lem="aquest" num="s" pos="dd0ms0" postype="demonstrative" wd="aquest"/>
                  </spec>
                  <grup.nom gen="m" num="s">
                    <n gen="m" lem="sentit" num="s" pos="ncms000" postype="common" sense="16:cs1" wd="sentit"/>
                  </grup.nom>
                </sn>
              </sp>
              <f lem="&quot;" pos="fe" punct="quotation" wd="&quot;"/>
            </S>
            <conj conjunctiontype="coordinating">
              <c lem="i" pos="cc" postype="coordinating" wd="i"/>
            </conj>
            <S clausetype="completive">
              <conj conjunctiontype="subordinating">
                <c lem="que" pos="cs" postype="subordinating" wd="que"/>
              </conj>
              <sn arg="arg0" coreftype="ident" entity="entity4" entityref="ne" func="suj" ne="organization" tem="agt">
                <spec gen="m" num="s">
                  <d gen="m" lem="el" num="s" pos="da0ms0" postype="article" wd="el"/>
                </spec>
                <grup.nom gen="m" num="s">
                  <n lem="Banc_d'_Espanya" ne="organization" pos="np0000o" postype="proper" sense="16:cs1" wd="Banc_d'_Espanya"/>
                </grup.nom>
              </sn>
              <f lem="&quot;" pos="fe" punct="quotation" wd="&quot;"/>
              <morfema.pronominal>
                <p gen="c" lem="ell" num="c" person="3" pos="p0300000" wd="s'"/>
              </morfema.pronominal>
              <grup.verb>
                <v lem="equivocar" lss="A22.transitive-agentive-theme" mood="indicative" num="s" person="3" pos="vmip3s0" postype="main" tense="present" wd="equivoca"/>
              </grup.verb>
              <S clausesubtype="conditional" clausetype="adverbial" func="ao">
                <conj conjunctiontype="subordinating">
                  <c lem="si" pos="cs" postype="subordinating" wd="si"/>
                </conj>
                <sn arg="arg0" coreftype="ident" elliptic="yes" entity="entity4" entityref="spec" func="suj" tem="agt"/>
                <grup.verb>
                  <v lem="pensar" lss="A21.transitive-agentive-patient" mood="indicative" num="s" person="3" pos="vmip3s0" postype="main" tense="present" wd="pensa"/>
                </grup.verb>
                <S arg="arg1" clausetype="completive" func="cd" tem="pat">
                  <conj conjunctiontype="subordinating">
                    <c lem="que" pos="cs" postype="subordinating" wd="que"/>
                  </conj>
                  <sn arg="arg0" coreftype="ident" elliptic="yes" entity="entity4" entityref="spec" func="suj" tem="agt"/>
                  <grup.verb>
                    <v lem="poder" mood="indicative" num="s" person="3" pos="vmip3s0" postype="main" tense="present" wd="pot"/>
                    <infinitiu>
                      <v lem="controlar" lss="A21.transitive-agentive-patient" mood="infinitive" pos="vmn0000" postype="main" wd="controlar"/>
                    </infinitiu>
                  </grup.verb>
                  <sn arg="arg1" entityref="nne" func="cd" homophoricDD="yes" tem="pat">
                    <spec gen="f" num="s">
                      <d gen="c" lem="el" num="s" pos="da0cs0" postype="article" wd="l'"/>
                    </spec>
                    <grup.nom gen="f" num="s">
                      <n gen="f" lem="activitat" num="s" pos="ncfs000" postype="common" sense="16:00261466" wd="activitat"/>
                      <s.a gen="f" num="s">
                        <grup.a gen="f" num="s">
                          <a gen="f" lem="bancari" num="s" pos="aq0fs0" postype="qualificative" wd="bancària"/>
                        </grup.a>
                      </s.a>
                    </grup.nom>
                  </sn>
                  <sp arg="argM" func="cc" tem="loc">
                    <prep>
                      <s lem="a" pos="sps00" postype="preposition" wd="a"/>
                    </prep>
                    <sn coreftype="ident" entity="entity6" entityref="ne" ne="location">
                      <grup.nom>
                        <n lem="Andorra" ne="location" pos="np0000l" postype="proper" sense="16:06581584" wd="Andorra"/>
                      </grup.nom>
                    </sn>
                  </sp>
                </S>
              </S>
              <f lem="&quot;" pos="fe" punct="quotation" wd="&quot;"/>
            </S>
          </S>
        </grup.nom>
      </sn>
    </sp>
    <f lem="." pos="fp" punct="period" wd="."/>
  </sentence>
</article>
