<?xml version="1.0" encoding="UTF-8"?>
<!-- 

  ancora-2.0
       
			Copyright (C) 2007, 2008, 2009, 2010, 2011 UB - CLiC
			Centre de Llenguatge i Computació - Universitat de Barcelona
 
  This file is part of ancora-2.0.
 
  ancora-2.0 is free software and data: you can redistribute it and/or modify
  it under the terms of the GNU General Public License as published
  by the Free Software Foundation, either version 3 of the License,
  or (at your option) any later version.

  ancora-2.0 is distributed in the hope that it will be useful,
  but WITHOUT ANY WARRANTY; without even the implied warranty of
  MERCHANTABILITY or FITNESS FOR A PARTICULAR PURPOSE.  See the
  GNU General Public License for more details.
 
  You should have received a copy of the GNU General Public License
  along with ancora-2.0.  If not, see &lt;http://www.gnu.org/licenses/&gt;.
 
  Check a text in catalan explaining the terms of the license at http://www.softcatala.cat/wiki/GPL3.
  In spanish at http://www.viti.es/gnu/licenses/gpl.html
 

  The following paper must be cited when using this corpus:

 * Taulé, M., M.A. Martí, M. Recasens (2008) 'Ancora: Multilevel Annotated Corpora for Catalan and Spanish',
   Proceedings of 6th International Conference on Language Resources and Evaluation. Marrakesh (Morocco).

  In addition, the following paper must be cited if coreference information (attributes entity, coreftype,
  corefsubtype, homophoricDD or entityref) is used:

 * Recasens, Marta, M. Antònia Martí (2010) ‘AnCora-CO: Coreferentially annotated corpora for Spanish and
   Catalan’. Language Resources and Evaluation, Springer Science.

  Additionally, the following paper must be cited when argumental attributes in "sn" or "grup.nom"
  (attributes func, arg, tem or lexicalid) are used:

 * Peris, Aina, Mariona Taulé, Horacio Rodríguez (2010) ‘Semantic Annotation of Deverbal Nominalizations in the
   Spanish AnCora corpus’. Treebanks and Linguistic Theories (TLT-2010), Estonia.
-->
<article lng="ca">
  <sentence>
    <sn arg="arg1" entityref="nne" func="suj" homophoricDD="yes" tem="tem">
      <spec gen="f" num="s">
        <d gen="f" lem="el" num="s" pos="da0fs0" postype="article" wd="La"/>
      </spec>
      <grup.nom gen="f" num="s">
        <n gen="f" lem="sinistralitat" num="s" pos="ncfs000" postype="common" sense="16:cs1" wd="sinistralitat"/>
        <s.a gen="f" num="s">
          <grup.a gen="f" num="s">
            <a gen="c" lem="laboral" num="s" pos="aq0cs0" postype="qualificative" wd="laboral"/>
          </grup.a>
        </s.a>
        <sp>
          <prep>
            <s lem="a" pos="sps00" postype="preposition" wd="a"/>
          </prep>
          <sn entity="entity1" entityref="ne" ne="location">
            <grup.nom>
              <n lem="Osona" ne="location" pos="np0000l" postype="proper" sense="16:cs1" wd="Osona"/>
            </grup.nom>
          </sn>
        </sp>
      </grup.nom>
    </sn>
    <grup.verb>
      <v lem="anar" mood="indicative" num="s" person="3" pos="vaip3s0" postype="auxiliary" tense="present" wd="va"/>
      <v lem="pujar" lss="B21.unaccusative-state" mood="infinitive" pos="vmn0000" postype="main" wd="pujar"/>
    </grup.verb>
    <sp arg="argM" func="cc" tem="tmp">
      <prep>
        <s lem="durant" pos="sps00" postype="preposition" wd="durant"/>
      </prep>
      <sn entity="entity8" entityref="nne" homophoricDD="yes">
        <spec gen="m" num="p">
          <d gen="m" lem="el" num="p" pos="da0mp0" postype="article" wd="els"/>
          <d gen="c" lem="tres" num="p" pos="dn0cp0" postype="numeral" wd="tres"/>
        </spec>
        <grup.nom gen="m" num="p">
          <s.a gen="m" num="p">
            <grup.a gen="m" num="p">
              <a gen="m" lem="primer" num="p" pos="ao0mp0" postype="ordinal" wd="primers"/>
            </grup.a>
          </s.a>
          <n gen="m" lem="mes" num="p" pos="ncmp000" postype="common" sense="16:10922179" wd="mesos"/>
          <sp>
            <prep>
              <s contracted="yes" gen="m" lem="del" num="s" pos="spcms" postype="preposition" wd="del"/>
            </prep>
            <sn entity="entity7" entityref="ne" ne="date">
              <grup.nom gen="m" num="s">
                <w lem="[??:??/??/2000:??.??]" ne="date" wd="2000"/>
              </grup.nom>
            </sn>
          </sp>
        </grup.nom>
      </sn>
    </sp>
    <sn arg="arg2" entity="entity4" entityref="ne" func="cd" functype="quantitative" ne="number" tem="ext">
      <spec gen="m" num="s">
        <d gen="m" lem="un" num="s" pos="di0ms0" postype="indefinite" wd="un"/>
      </spec>
      <grup.nom gen="m" num="s">
        <z lem="12_%" ne="number" pos="zp" postype="percentage" wd="12_per_cent"/>
        <sp>
          <prep>
            <s contracted="yes" gen="m" lem="respecte_del" num="s" pos="spcms" postype="preposition" wd="respecte_del"/>
          </prep>
          <sn entity="entity5" entityref="nne" homophoricDD="yes">
            <spec gen="m" num="s">
              <d gen="m" lem="mateix" num="s" pos="di0ms0" postype="indefinite" wd="mateix"/>
            </spec>
            <grup.nom gen="m" num="s">
              <n gen="m" lem="període" num="s" pos="ncms000" postype="common" sense="16:10843624" wd="període"/>
              <sp>
                <prep>
                  <s lem="de" pos="sps00" postype="preposition" wd="de"/>
                </prep>
                <sn entity="entity6" entityref="nne" homophoricDD="yes">
                  <spec gen="m" num="s">
                    <d gen="c" lem="el" num="s" pos="da0cs0" postype="article" wd="l'"/>
                  </spec>
                  <grup.nom gen="m" num="s">
                    <n gen="m" lem="any" num="s" pos="ncms000" postype="common" sense="16:10917791" wd="any"/>
                    <S clausetype="participle" impersonal="yes">
                      <participi>
                        <a gen="m" lem="passat" num="s" pos="aq0msp" posfunction="participle" postype="qualificative" wd="passat"/>
                      </participi>
                    </S>
                  </grup.nom>
                </sn>
              </sp>
            </grup.nom>
          </sn>
        </sp>
      </grup.nom>
    </sn>
    <sp arg="argM" func="cc" tem="cau">
      <f lem="," pos="fc" punct="comma" wd=","/>
      <prep>
        <s lem="per" pos="sps00" postype="preposition" wd="per"/>
      </prep>
      <sn>
        <grup.nom gen="f" num="s">
          <n gen="f" lem="culpa" num="s" pos="ncfs000" postype="common" sense="16:cs1" wd="culpa"/>
          <sp>
            <prep>
              <s contracted="yes" gen="m" lem="del" num="p" pos="spcmp" postype="preposition" wd="dels"/>
            </prep>
            <sn entity="entity3" entityref="nne" homophoricDD="yes">
              <grup.nom gen="m" num="p">
                <n gen="m" lem="accident" num="p" pos="ncmp000" postype="common" sense="16:05443572" wd="accidents"/>
                <s.a gen="m" num="p">
                  <grup.a gen="m" num="p">
                    <a gen="c" lem="lleu" num="p" pos="aq0cp0" postype="qualificative" wd="lleus"/>
                  </grup.a>
                </s.a>
              </grup.nom>
            </sn>
          </sp>
        </grup.nom>
      </sn>
    </sp>
    <f lem="." pos="fp" punct="period" wd="."/>
  </sentence>
  <sentence>
    <sp arg="argM" func="cc" repetition="yes" tem="loc">
      <prep>
        <s lem="en" pos="sps00" postype="preposition" wd="En"/>
      </prep>
      <sn coreftype="ident" entity="entity1" entityref="spec">
        <spec gen="f" num="s">
          <d gen="f" lem="aquest" num="s" pos="dd0fs0" postype="demonstrative" wd="aquesta"/>
        </spec>
        <grup.nom gen="f" num="s">
          <n gen="f" lem="comarca" num="s" pos="ncfs000" postype="common" sense="16:50004760" wd="comarca"/>
        </grup.nom>
      </sn>
    </sp>
    <morfema.pronominal arg="argM" func="cc" repetition="yes" tem="loc">
      <p gen="c" lem="hi" num="c" person="3" pos="pp3cn000" postype="personal" wd="hi"/>
    </morfema.pronominal>
    <grup.verb>
      <v lem="anar" mood="indicative" num="s" person="3" pos="vaip3s0" postype="auxiliary" tense="present" wd="va"/>
      <v lem="haver" lss="C11.state-existential" mood="infinitive" pos="vmn0000" postype="main" wd="haver"/>
    </grup.verb>
    <sn arg="arg1" entity="entity2" entityref="nne" func="cd" functype="quantitative" tem="tem">
      <spec gen="m" num="p">
        <z lem="1131" ne="number" wd="1.131"/>
      </spec>
      <grup.nom gen="m" num="p">
        <n gen="m" lem="accident" num="p" pos="ncmp000" postype="common" sense="16:05443572" wd="accidents"/>
        <S clausetype="relative">
          <relatiu arg="arg0" coreftype="ident" entity="entity2" entityref="nne" func="suj" tem="cau">
            <p gen="c" lem="que" num="c" pos="pr0cn000" postype="relative" wd="que"/>
          </relatiu>
          <grup.verb>
            <v lem="anar" mood="indicative" num="p" person="3" pos="vaip3p0" postype="auxiliary" tense="present" wd="van"/>
            <v lem="provocar" lss="A11.transitive-causative" mood="infinitive" pos="vmn0000" postype="main" wd="provocar"/>
          </grup.verb>
          <sn arg="arg1" entityref="nne" func="cd" tem="tem">
            <grup.nom gen="f" num="p">
              <n gen="f" lem="baixa" num="p" pos="ncfp000" postype="common" sense="16:10865473" wd="baixes"/>
              <sp>
                <prep>
                  <s lem="amb" pos="sps00" postype="preposition" wd="amb"/>
                </prep>
                <sn entityref="nne">
                  <spec gen="f" num="p">
                    <d gen="f" lem="dos" num="p" pos="dn0fp0" postype="numeral" wd="dues"/>
                  </spec>
                  <grup.nom gen="f" num="p">
                    <n gen="f" lem="víctima" num="p" pos="ncfp000" postype="common" sense="16:07665319" wd="víctimes"/>
                    <s.a gen="f" num="p">
                      <grup.a gen="f" num="p">
                        <a gen="c" lem="mortal" num="p" pos="aq0cp0" postype="qualificative" wd="mortals"/>
                      </grup.a>
                    </s.a>
                  </grup.nom>
                </sn>
              </sp>
            </grup.nom>
          </sn>
        </S>
      </grup.nom>
    </sn>
    <sp func="ao">
      <f lem="," pos="fc" punct="comma" wd=","/>
      <prep>
        <s lem="segons" pos="sps00" postype="preposition" wd="segons"/>
      </prep>
      <sn entityref="nne">
        <grup.nom gen="f" num="p">
          <n gen="f" lem="dada" num="p" pos="ncfp000" postype="common" sense="16:04480764" wd="dades"/>
          <sp>
            <prep>
              <s contracted="yes" gen="m" lem="del" num="s" pos="spcms" postype="preposition" wd="del"/>
            </prep>
            <sn entityref="ne" ne="organization">
              <grup.nom gen="m" num="s">
                <n lem="Departament_de_Treball" ne="organization" pos="np0000o" postype="proper" sense="16:cs1" wd="Departament_de_Treball"/>
                <sp>
                  <prep>
                    <s lem="de" pos="sps00" postype="preposition" wd="de"/>
                  </prep>
                  <sn entityref="ne" ne="organization">
                    <spec gen="f" num="s">
                      <d gen="f" lem="el" num="s" pos="da0fs0" postype="article" wd="la"/>
                    </spec>
                    <grup.nom gen="f" num="s">
                      <n lem="Generalitat_de_Catalunya" ne="organization" pos="np0000o" postype="proper" sense="16:cs1" wd="Generalitat_de_Catalunya"/>
                    </grup.nom>
                  </sn>
                </sp>
              </grup.nom>
            </sn>
          </sp>
        </grup.nom>
      </sn>
    </sp>
    <f lem="." pos="fp" punct="period" wd="."/>
  </sentence>
  <sentence>
    <sp func="ao">
      <prep>
        <s lem="segons" pos="sps00" postype="preposition" wd="Segons"/>
      </prep>
      <sn entityref="nne" homophoricDD="yes">
        <spec gen="m" num="s">
          <d gen="m" lem="el" num="s" pos="da0ms0" postype="article" wd="el"/>
        </spec>
        <grup.nom gen="m" num="s">
          <n gen="m" lem="sector" num="s" pos="ncms000" postype="common" sense="16:06214548" wd="sector"/>
        </grup.nom>
      </sn>
      <f lem="," pos="fc" punct="comma" wd=","/>
    </sp>
    <sp arg="arg2" func="cc" tem="loc">
      <prep>
        <s lem="en" pos="sps00" postype="preposition" wd="en"/>
      </prep>
      <sn entityref="nne" homophoricDD="yes">
        <spec gen="m" num="p">
          <d gen="m" lem="el" num="p" pos="da0mp0" postype="article" wd="els"/>
        </spec>
        <grup.nom gen="m" num="p">
          <n gen="m" lem="servei" num="p" pos="ncmp000" postype="common" sense="16:06084772" wd="serveis"/>
        </grup.nom>
      </sn>
    </sp>
    <morfema.verbal func="pass">
      <p gen="c" lem="es" num="c" pos="p0000000" wd="es"/>
    </morfema.verbal>
    <grup.verb>
      <v lem="anar" mood="indicative" num="p" person="3" pos="vaip3p0" postype="auxiliary" tense="present" wd="van"/>
      <v lem="registrar" lss="B22.unaccusative-passive-transitive" mood="infinitive" pos="vmn0000" postype="main" wd="registrar"/>
    </grup.verb>
    <sn arg="arg1" entityref="nne" func="suj" tem="pat">
      <spec gen="m" num="p">
        <z lem="297" ne="number" wd="297"/>
      </spec>
      <grup.nom gen="m" num="p">
        <n gen="m" lem="accident" num="p" pos="ncmp000" postype="common" sense="16:05443572" wd="accidents"/>
        <sn entityref="ne" ne="number">
          <f lem="," pos="fc" punct="comma" wd=","/>
          <spec gen="m" num="s">
            <d gen="m" lem="un" num="s" pos="di0ms0" postype="indefinite" wd="un"/>
          </spec>
          <grup.nom gen="m" num="s">
            <z lem="26_%" ne="number" pos="zp" postype="percentage" wd="26_%"/>
            <S clausetype="relative">
              <sp discid="1c">
                <prep>
                  <s contracted="yes" gen="m" lem="del" num="p" pos="spcmp" postype="preposition" wd="dels"/>
                </prep>
                <relatiu>
                  <p gen="c" lem="que" num="c" pos="pr0cn000" postype="relative" wd="que"/>
                </relatiu>
              </sp>
              <sn arg="arg1" discid="1n" elliptic="yes" entityref="lex" func="suj" tem="pat"/>
              <morfema.verbal func="pass">
                <p gen="c" lem="es" num="c" pos="p0000000" wd="es"/>
              </morfema.verbal>
              <grup.verb>
                <v lem="anar" mood="indicative" num="p" person="3" pos="vaip3p0" postype="auxiliary" tense="present" wd="van"/>
                <v lem="produir" lss="B22.unaccusative-passive-transitive" mood="infinitive" pos="vmn0000" postype="main" wd="produir"/>
              </grup.verb>
              <sp arg="argM" func="cc" tem="loc">
                <prep>
                  <s lem="a" pos="sps00" postype="preposition" wd="a"/>
                </prep>
                <sn coreftype="ident" entity="entity1" entityref="spec">
                  <spec gen="f" num="s">
                    <d gen="f" lem="el" num="s" pos="da0fs0" postype="article" wd="la"/>
                  </spec>
                  <grup.nom gen="f" num="s">
                    <n gen="f" lem="comarca" num="s" pos="ncfs000" postype="common" sense="16:50004760" wd="comarca"/>
                  </grup.nom>
                </sn>
              </sp>
            </S>
          </grup.nom>
          <f lem="," pos="fc" punct="comma" wd=","/>
        </sn>
      </grup.nom>
    </sn>
    <S arg="arg2" clausetype="participle" func="cc" impersonal="yes" tem="loc">
      <participi>
        <a gen="m" lem="seguit" lss="B22.unaccusative-passive-transitive" num="s" pos="aq0msp" posfunction="participle" postype="qualificative" wd="seguit"/>
      </participi>
      <sp arg="arg0" func="cag" tem="agt">
        <prep>
          <s contracted="yes" gen="m" lem="del" num="s" pos="spcms" postype="preposition" wd="del"/>
        </prep>
        <sn entityref="nne" homophoricDD="yes">
          <grup.nom gen="m" num="s">
            <n gen="m" lem="sector" num="s" pos="ncms000" postype="common" sense="16:06214548" wd="sector"/>
            <sp>
              <prep>
                <s lem="de" pos="sps00" postype="preposition" wd="de"/>
              </prep>
              <sn coord="yes">
                <sn entityref="nne" homophoricDD="yes">
                  <spec gen="f" num="s">
                    <d gen="f" lem="el" num="s" pos="da0fs0" postype="article" wd="la"/>
                  </spec>
                  <grup.nom gen="f" num="s">
                    <n gen="f" lem="indústria" num="s" pos="ncfs000" postype="common" sense="16:00592801" wd="indústria"/>
                    <sp>
                      <prep>
                        <s lem="amb" pos="sps00" postype="preposition" wd="amb"/>
                      </prep>
                      <sn coord="yes">
                        <sn entityref="ne" ne="number">
                          <grup.nom gen="m" num="p">
                            <z lem="653" ne="number" wd="653"/>
                          </grup.nom>
                        </sn>
                        <conj conjunctiontype="coordinating">
                          <c lem="i" pos="cc" postype="coordinating" wd="i"/>
                        </conj>
                        <sn entityref="ne" ne="number">
                          <spec gen="m" num="s">
                            <d gen="m" lem="un" num="s" pos="di0ms0" postype="indefinite" wd="un"/>
                          </spec>
                          <grup.nom gen="m" num="s">
                            <z lem="58_%" ne="number" pos="zp" postype="percentage" wd="58_%"/>
                            <sp>
                              <prep>
                                <s contracted="yes" gen="m" lem="del" num="p" pos="spcmp" postype="preposition" wd="dels"/>
                              </prep>
                              <sn coreftype="ident" entity="entity2" entityref="nne">
                                <grup.nom gen="m" num="p">
                                  <n gen="m" lem="accident" num="p" pos="ncmp000" postype="common" sense="16:05443572" wd="accidents"/>
                                </grup.nom>
                              </sn>
                            </sp>
                          </grup.nom>
                        </sn>
                      </sn>
                    </sp>
                  </grup.nom>
                </sn>
                <f lem="," pos="fc" punct="comma" wd=","/>
                <sn entityref="nne" homophoricDD="yes">
                  <spec gen="f" num="s">
                    <d gen="f" lem="el" num="s" pos="da0fs0" postype="article" wd="la"/>
                  </spec>
                  <grup.nom gen="f" num="s">
                    <n gen="f" lem="construcció" num="s" pos="ncfs000" postype="common" sense="16:00715519" wd="construcció"/>
                    <sp>
                      <prep>
                        <s lem="amb" pos="sps00" postype="preposition" wd="amb"/>
                      </prep>
                      <sn coord="yes">
                        <sn entityref="ne" ne="number">
                          <grup.nom gen="m" num="p">
                            <z lem="161/100" ne="number" pos="zp" postype="percentage" wd="161"/>
                          </grup.nom>
                        </sn>
                        <conj conjunctiontype="coordinating">
                          <c lem="i" pos="cc" postype="coordinating" wd="i"/>
                        </conj>
                        <sn entityref="ne" ne="number">
                          <spec gen="m" num="s">
                            <d gen="m" lem="un" num="s" pos="di0ms0" postype="indefinite" wd="un"/>
                          </spec>
                          <grup.nom gen="m" num="s">
                            <z lem="14_%" ne="number" pos="zp" postype="percentage" wd="14_%"/>
                          </grup.nom>
                        </sn>
                      </sn>
                    </sp>
                  </grup.nom>
                  <f lem="," pos="fc" punct="comma" wd=","/>
                </sn>
                <conj conjunctiontype="coordinating">
                  <c lem="i" pos="cc" postype="coordinating" wd="i"/>
                </conj>
                <sn>
                  <sadv adjunct="yes">
                    <grup.adv>
                      <r lem="finalment" pos="rg" wd="finalment"/>
                    </grup.adv>
                  </sadv>
                  <sn entityref="nne" homophoricDD="yes">
                    <spec gen="f" num="s">
                      <d gen="c" lem="el" num="s" pos="da0cs0" postype="article" wd="l'"/>
                    </spec>
                    <grup.nom gen="f" num="s">
                      <n gen="f" lem="agricultura" num="s" pos="ncfs000" postype="common" sense="16:00588753" wd="agricultura"/>
                      <sp>
                        <prep>
                          <s lem="amb" pos="sps00" postype="preposition" wd="amb"/>
                        </prep>
                        <sn coord="yes">
                          <sn entityref="ne" ne="number">
                            <spec gen="m" num="s">
                              <d gen="m" lem="un" num="s" pos="di0ms0" postype="indefinite" wd="un"/>
                            </spec>
                            <grup.nom gen="m" num="s">
                              <z lem="2_%" ne="number" pos="zp" postype="percentage" wd="2_%"/>
                            </grup.nom>
                            <f lem="," pos="fc" punct="comma" wd=","/>
                          </sn>
                          <conj conjunctiontype="coordinating">
                            <c lem="és_a_dir" pos="cc" postype="coordinating" wd="és_a_dir"/>
                          </conj>
                          <sn>
                            <f lem="," pos="fc" punct="comma" wd=","/>
                            <spec gen="m" num="p">
                              <d gen="c" lem="vint" num="p" pos="dn0cp0" postype="numeral" wd="vint"/>
                            </spec>
                            <grup.nom gen="m" num="p">
                              <n gen="m" lem="accident" num="p" pos="ncmp000" postype="common" sense="16:05443572" wd="accidents"/>
                            </grup.nom>
                          </sn>
                        </sn>
                      </sp>
                    </grup.nom>
                  </sn>
                </sn>
              </sn>
            </sp>
          </grup.nom>
        </sn>
      </sp>
    </S>
    <f lem="." pos="fp" punct="period" wd="."/>
  </sentence>
  <sentence>
    <sn arg="arg1" coreftype="ident" entity="entity3" entityref="nne" func="suj" homophoricDD="yes" tem="tem">
      <spec gen="m" num="p">
        <d gen="m" lem="el" num="p" pos="da0mp0" postype="article" wd="Els"/>
      </spec>
      <grup.nom gen="m" num="p">
        <n gen="m" lem="accident" num="p" pos="ncmp000" postype="common" sense="16:05443572" wd="accidents"/>
        <s.a gen="m" num="p">
          <grup.a gen="m" num="p">
            <a gen="c" lem="lleu" num="p" pos="aq0cp0" postype="qualificative" wd="lleus"/>
          </grup.a>
        </s.a>
      </grup.nom>
    </sn>
    <grup.verb>
      <v lem="anar" mood="indicative" num="p" person="3" pos="vaip3p0" postype="auxiliary" tense="present" wd="van"/>
      <v lem="ser" lss="C21.state-attributive" mood="infinitive" pos="vsn0000" postype="semiauxiliary" wd="ser"/>
    </grup.verb>
    <sn arg="arg2" func="atr" tem="atr">
      <spec gen="m" num="p">
        <d gen="m" lem="el" num="p" pos="da0mp0" postype="article" wd="els"/>
      </spec>
      <grup.nom gen="m" num="p">
        <n gen="c" lem="responsable" num="p" pos="nccp000" postype="common" sense="16:07311393" wd="responsables"/>
        <sp>
          <prep>
            <s lem="de" pos="sps00" postype="preposition" wd="d'"/>
          </prep>
          <sn coreftype="ident" entity="entity4" entityref="nne">
            <spec gen="m" num="s">
              <d gen="m" lem="aquest" num="s" pos="dd0ms0" postype="demonstrative" wd="aquest"/>
            </spec>
            <grup.nom gen="m" num="s">
              <n gen="m" lem="increment" num="s" pos="ncms000" postype="common" sense="16:00233535" wd="increment"/>
              <S clausetype="participle" impersonal="yes">
                <sadv arg="argM" func="cc" tem="adv">
                  <grup.adv>
                    <r lem="tan" pos="rg" wd="tan"/>
                  </grup.adv>
                </sadv>
                <participi>
                  <a gen="m" lem="elevat" lss="B22.unaccusative-passive-transitive" num="s" pos="aq0msp" posfunction="participle" postype="qualificative" wd="elevat"/>
                </participi>
              </S>
            </grup.nom>
          </sn>
        </sp>
      </grup.nom>
    </sn>
    <S arg="argM" clausetype="adverbial" func="cc" tem="cau">
      <conj conjunctiontype="subordinating">
        <c lem="ja_que" pos="cs" postype="subordinating" wd="ja_que"/>
      </conj>
      <sp arg="arg3" func="cc" tem="ein">
        <prep>
          <s contracted="yes" gen="m" lem="del" num="p" pos="spcmp" postype="preposition" wd="dels"/>
        </prep>
        <sn entityref="nne" homophoricDD="yes">
          <spec gen="m" num="p">
            <z lem="995" ne="number" wd="995"/>
          </spec>
          <grup.nom gen="m" num="p">
            <n gen="m" lem="sinistre" num="p" pos="ncmp000" postype="common" sense="16:cs1" wd="sinistres"/>
            <sp>
              <prep>
                <s contracted="yes" gen="m" lem="del" num="s" pos="spcms" postype="preposition" wd="del"/>
              </prep>
              <sn coreftype="ident" entity="entity5" entityref="nne">
                <spec gen="m" num="s">
                  <d gen="m" lem="mateix" num="s" pos="di0ms0" postype="indefinite" wd="mateix"/>
                </spec>
                <grup.nom gen="m" num="s">
                  <n gen="m" lem="període" num="s" pos="ncms000" postype="common" sense="16:10843624" wd="període"/>
                  <sp>
                    <prep>
                      <s lem="de" pos="sps00" postype="preposition" wd="de"/>
                    </prep>
                    <sn coreftype="ident" entity="entity6" entityref="ne" ne="date">
                      <grup.nom>
                        <w lem="[??:??/??/1999:??.??]" ne="date" wd="1999"/>
                      </grup.nom>
                    </sn>
                  </sp>
                </grup.nom>
              </sn>
            </sp>
          </grup.nom>
        </sn>
      </sp>
      <morfema.verbal func="impers">
        <p gen="c" lem="es" num="c" pos="p0000000" wd="es"/>
      </morfema.verbal>
      <grup.verb>
        <v lem="anar" mood="indicative" num="s" person="3" pos="vaip3s0" postype="auxiliary" tense="present" wd="va"/>
        <v lem="passar" lss="B21.unaccusative-state" mood="infinitive" pos="vmn0000" postype="main" wd="passar"/>
      </grup.verb>
      <sp arg="arg4" func="creg" tem="efi">
        <prep>
          <s contracted="yes" gen="m" lem="al" num="p" pos="spcmp" postype="preposition" wd="als"/>
        </prep>
        <sn entityref="ne" ne="number">
          <grup.nom gen="m" num="p">
            <z lem="1124" ne="number" wd="1.124"/>
            <sp>
              <prep>
                <s contracted="yes" gen="m" lem="del" num="s" pos="spcms" postype="preposition" wd="del"/>
              </prep>
              <sn coreftype="ident" entity="entity7" entityref="ne" ne="date">
                <grup.nom gen="m" num="s">
                  <w lem="[??:??/??/2000:??.??]" ne="date" wd="2000"/>
                </grup.nom>
              </sn>
            </sp>
          </grup.nom>
        </sn>
      </sp>
    </S>
    <f lem="." pos="fp" punct="period" wd="."/>
  </sentence>
  <sentence>
    <sp arg="argM" func="cc" tem="loc">
      <prep>
        <s lem="en" pos="sps00" postype="preposition" wd="En"/>
      </prep>
      <sn entity="entity10" entityref="nne" homophoricDD="yes">
        <spec gen="m" num="s">
          <d gen="m" lem="el" num="s" pos="da0ms0" postype="article" wd="el"/>
        </spec>
        <grup.nom gen="m" num="s">
          <n gen="m" lem="conjunt" num="s" pos="ncms000" postype="common" sense="16:05963394" wd="conjunt"/>
          <sp>
            <prep>
              <s lem="de" pos="sps00" postype="preposition" wd="de"/>
            </prep>
            <sn entityref="ne" ne="location">
              <spec gen="f" num="p">
                <d gen="f" lem="el" num="p" pos="da0fp0" postype="article" wd="les"/>
              </spec>
              <grup.nom gen="f" num="p">
                <n gen="f" lem="comarca" num="p" pos="ncfp000" postype="common" sense="16:50004760" wd="comarques"/>
                <s.a gen="f" num="p">
                  <grup.a gen="f" num="p">
                    <a gen="f" lem="barceloní" num="p" pos="aq0fp0" postype="qualificative" wd="barcelonines"/>
                  </grup.a>
                </s.a>
              </grup.nom>
            </sn>
          </sp>
        </grup.nom>
      </sn>
    </sp>
    <sn arg="arg1" entityref="nne" func="suj" homophoricDD="yes" tem="tem">
      <spec gen="f" num="s">
        <d gen="f" lem="el" num="s" pos="da0fs0" postype="article" wd="la"/>
      </spec>
      <grup.nom gen="f" num="s">
        <n gen="f" lem="sinistralitat" num="s" pos="ncfs000" postype="common" sense="16:cs1" wd="sinistralitat"/>
        <s.a gen="f" num="s">
          <grup.a gen="f" num="s">
            <a gen="c" lem="laboral" num="s" pos="aq0cs0" postype="qualificative" wd="laboral"/>
          </grup.a>
        </s.a>
      </grup.nom>
    </sn>
    <grup.verb>
      <v lem="anar" mood="indicative" num="s" person="3" pos="vaip3s0" postype="auxiliary" tense="present" wd="va"/>
      <v lem="pujar" lss="B21.unaccusative-state" mood="infinitive" pos="vmn0000" postype="main" wd="pujar"/>
    </grup.verb>
    <sp arg="argM" func="cc" tem="tmp">
      <prep>
        <s lem="durant" pos="sps00" postype="preposition" wd="durant"/>
      </prep>
      <sn coreftype="ident" entity="entity8" entityref="nne" homophoricDD="yes">
        <spec gen="m" num="s">
          <d gen="m" lem="el" num="s" pos="da0ms0" postype="article" wd="el"/>
        </spec>
        <grup.nom gen="m" num="s">
          <s.a gen="m" num="s">
            <grup.a gen="m" num="s">
              <a gen="m" lem="primer" num="s" pos="ao0ms0" postype="ordinal" wd="primer"/>
            </grup.a>
          </s.a>
          <n gen="m" lem="trimestre" num="s" pos="ncms000" postype="common" sense="16:10937467" wd="trimestre"/>
          <sp>
            <prep>
              <s contracted="yes" gen="m" lem="del" num="s" pos="spcms" postype="preposition" wd="del"/>
            </prep>
            <sn entityref="ne" ne="date">
              <grup.nom gen="m" num="s">
                <w lem="[??:??/??/2000:??.??]" ne="date" wd="2000"/>
              </grup.nom>
            </sn>
          </sp>
        </grup.nom>
      </sn>
    </sp>
    <sn arg="arg2" entityref="ne" func="cd" functype="quantitative" ne="number" tem="ext">
      <spec gen="m" num="s">
        <d gen="m" lem="un" num="s" pos="di0ms0" postype="indefinite" wd="un"/>
      </spec>
      <grup.nom gen="m" num="s">
        <z lem="16_%" ne="number" pos="zp" postype="percentage" wd="16_%"/>
        <sp>
          <prep>
            <s contracted="yes" gen="m" lem="respecte_del" num="s" pos="spcms" postype="preposition" wd="respecte_del"/>
          </prep>
          <sn coreftype="ident" entity="entity5" entityref="nne" homophoricDD="yes">
            <spec gen="m" num="s">
              <d gen="m" lem="mateix" num="s" pos="di0ms0" postype="indefinite" wd="mateix"/>
            </spec>
            <grup.nom gen="m" num="s">
              <n gen="m" lem="període" num="s" pos="ncms000" postype="common" sense="16:10843624" wd="període"/>
              <sp>
                <prep>
                  <s lem="de" pos="sps00" postype="preposition" wd="de"/>
                </prep>
                <sn coreftype="ident" entity="entity6" entityref="spec" homophoricDD="yes">
                  <spec gen="m" num="s">
                    <d gen="c" lem="el" num="s" pos="da0cs0" postype="article" wd="l'"/>
                  </spec>
                  <grup.nom gen="m" num="s">
                    <n gen="m" lem="any" num="s" pos="ncms000" postype="common" sense="16:10917791" wd="any"/>
                    <S clausetype="participle" impersonal="yes">
                      <participi>
                        <a gen="m" lem="passat" num="s" pos="aq0msp" posfunction="participle" postype="qualificative" wd="passat"/>
                      </participi>
                    </S>
                  </grup.nom>
                </sn>
              </sp>
            </grup.nom>
          </sn>
        </sp>
      </grup.nom>
    </sn>
    <f lem="." pos="fp" punct="period" wd="."/>
  </sentence>
  <sentence>
    <sadv func="et">
      <grup.adv>
        <r lem="en_total" pos="rg" wd="En_total"/>
      </grup.adv>
    </sadv>
    <morfema.pronominal>
      <p gen="c" lem="hi" num="c" person="3" pos="pp3cn000" postype="personal" wd="hi"/>
    </morfema.pronominal>
    <grup.verb>
      <v lem="anar" mood="indicative" num="s" person="3" pos="vaip3s0" postype="auxiliary" tense="present" wd="va"/>
      <v lem="haver" lss="C11.state-existential" mood="infinitive" pos="vmn0000" postype="main" wd="haver"/>
    </grup.verb>
    <sn arg="arg1" entity="entity9" entityref="nne" func="cd" functype="quantitative" tem="tem">
      <spec gen="m" num="p">
        <r lem="prop" pos="rg" wd="prop"/>
        <s lem="de" pos="sps00" postype="preposition" wd="de"/>
        <z lem="4000" ne="number" wd="4.000"/>
      </spec>
      <grup.nom gen="m" num="p">
        <n gen="m" lem="accident" num="p" pos="ncmp000" postype="common" sense="16:05443572" wd="accidents"/>
        <S clausetype="relative">
          <relatiu arg="arg0" coreftype="ident" entity="entity9" entityref="nne" func="suj" tem="cau">
            <p gen="c" lem="que" num="c" pos="pr0cn000" postype="relative" wd="que"/>
          </relatiu>
          <grup.verb>
            <v lem="anar" mood="indicative" num="p" person="3" pos="vaip3p0" postype="auxiliary" tense="present" wd="van"/>
            <v lem="provocar" lss="A11.transitive-causative" mood="infinitive" pos="vmn0000" postype="main" wd="provocar"/>
          </grup.verb>
          <sn arg="arg1" coord="yes" func="cd" tem="tem">
            <sn entityref="nne">
              <grup.nom gen="f" num="p">
                <n gen="f" lem="baixa" num="p" pos="ncfp000" postype="common" sense="16:10865473" wd="baixes"/>
              </grup.nom>
            </sn>
            <conj conjunctiontype="coordinating">
              <c lem="i" pos="cc" postype="coordinating" wd="i"/>
            </conj>
            <sn entityref="nne">
              <spec gen="f" num="p">
                <d gen="f" lem="trenta-un" num="p" pos="dn0fp0" postype="numeral" wd="trenta-una"/>
              </spec>
              <grup.nom gen="f" num="p">
                <n gen="f" lem="víctima" num="p" pos="ncfp000" postype="common" sense="16:07665319" wd="víctimes"/>
                <s.a gen="f" num="p">
                  <grup.a gen="f" num="p">
                    <a gen="c" lem="mortal" num="p" pos="aq0cp0" postype="qualificative" wd="mortals"/>
                  </grup.a>
                </s.a>
              </grup.nom>
            </sn>
          </sn>
        </S>
      </grup.nom>
    </sn>
    <f lem="." pos="fp" punct="period" wd="."/>
  </sentence>
  <sentence>
    <sp arg="arg2" func="cc" tem="loc">
      <prep>
        <s lem="per" pos="sps00" postype="preposition" wd="Per"/>
      </prep>
      <sn>
        <grup.nom gen="m" num="p">
          <n gen="m" lem="sector" num="p" pos="ncmp000" postype="common" sense="16:06214548" wd="sectors"/>
        </grup.nom>
      </sn>
      <f lem="," pos="fc" punct="comma" wd=","/>
    </sp>
    <sp arg="arg2" func="cc" tem="loc">
      <prep>
        <s lem="en" pos="sps00" postype="preposition" wd="en"/>
      </prep>
      <sn entityref="nne" homophoricDD="yes">
        <spec gen="m" num="p">
          <d gen="m" lem="el" num="p" pos="da0mp0" postype="article" wd="els"/>
        </spec>
        <grup.nom gen="m" num="p">
          <n gen="m" lem="servei" num="p" pos="ncmp000" postype="common" sense="16:06084772" wd="serveis"/>
        </grup.nom>
      </sn>
    </sp>
    <morfema.verbal func="pass">
      <p gen="c" lem="es" num="c" pos="p0000000" wd="es"/>
    </morfema.verbal>
    <grup.verb>
      <v lem="anar" mood="indicative" num="p" person="3" pos="vaip3p0" postype="auxiliary" tense="present" wd="van"/>
      <v lem="registrar" lss="B22.unaccusative-passive-transitive" mood="infinitive" pos="vmn0000" postype="main" wd="registrar"/>
    </grup.verb>
    <sn arg="arg1" entityref="ne" func="suj" ne="number" tem="pat">
      <spec gen="m" num="s">
        <d gen="m" lem="un" num="s" pos="di0ms0" postype="indefinite" wd="un"/>
      </spec>
      <grup.nom gen="m" num="s">
        <z lem="43_%" ne="number" pos="zp" postype="percentage" wd="43_%"/>
        <sp>
          <prep>
            <s contracted="yes" gen="m" lem="del" num="p" pos="spcmp" postype="preposition" wd="dels"/>
          </prep>
          <sn>
            <grup.nom gen="m" num="p">
              <S clausetype="relative">
                <relatiu arg="arg1" func="suj" tem="tem">
                  <p gen="c" lem="que" num="c" pos="pr0cn000" postype="relative" wd="que"/>
                </relatiu>
                <morfema.verbal func="pass">
                  <p gen="c" lem="es" num="c" pos="p0000000" wd="es"/>
                </morfema.verbal>
                <grup.verb>
                  <v lem="anar" mood="indicative" num="p" person="3" pos="vaip3p0" postype="auxiliary" tense="present" wd="van"/>
                  <v lem="produir" lss="B21.unaccusative-state" mood="infinitive" pos="vmn0000" postype="main" wd="produir"/>
                </grup.verb>
                <sp arg="argM" func="cc" tem="loc">
                  <prep>
                    <s lem="a" pos="sps00" postype="preposition" wd="a"/>
                  </prep>
                  <sn coreftype="ident" entity="entity10" entityref="nne">
                    <spec gen="f" num="s">
                      <d gen="f" lem="el" num="s" pos="da0fs0" postype="article" wd="la"/>
                    </spec>
                    <grup.nom gen="f" num="s">
                      <n gen="f" lem="demarcació" num="s" pos="ncfs000" postype="common" sense="16:06336706" wd="demarcació"/>
                    </grup.nom>
                  </sn>
                </sp>
              </S>
            </grup.nom>
          </sn>
        </sp>
      </grup.nom>
    </sn>
    <S arg="argM" clausetype="participle" func="cc" impersonal="yes" tem="adv">
      <f lem="," pos="fc" punct="comma" wd=","/>
      <participi>
        <a gen="m" lem="seguit" lss="B22.unaccusative-passive-transitive" num="s" pos="aq0msp" posfunction="participle" postype="qualificative" wd="seguit"/>
      </participi>
      <sp arg="arg0" func="cag" tem="agt">
        <prep>
          <s lem="de" pos="sps00" postype="preposition" wd="de"/>
        </prep>
        <sn coord="yes">
          <sn entityref="nne" homophoricDD="yes">
            <spec gen="f" num="s">
              <d gen="f" lem="el" num="s" pos="da0fs0" postype="article" wd="la"/>
            </spec>
            <grup.nom gen="f" num="s">
              <n gen="f" lem="construcció" num="s" pos="ncfs000" postype="common" sense="16:00715519" wd="construcció"/>
              <sp>
                <prep>
                  <s lem="amb" pos="sps00" postype="preposition" wd="amb"/>
                </prep>
                <sn entityref="ne" ne="number">
                  <spec gen="m" num="s">
                    <d gen="m" lem="un" num="s" pos="di0ms0" postype="indefinite" wd="un"/>
                  </spec>
                  <grup.nom gen="m" num="s">
                    <z lem="38'3_%" ne="number" pos="zp" postype="percentage" wd="38'3_%"/>
                    <sp>
                      <prep>
                        <s contracted="yes" gen="m" lem="del" num="p" pos="spcmp" postype="preposition" wd="dels"/>
                      </prep>
                      <sn coreftype="ident" entity="entity9" entityref="nne">
                        <grup.nom gen="m" num="p">
                          <n gen="m" lem="accident" num="p" pos="ncmp000" postype="common" sense="16:05443572" wd="accidents"/>
                        </grup.nom>
                      </sn>
                    </sp>
                  </grup.nom>
                </sn>
              </sp>
            </grup.nom>
          </sn>
          <f lem="," pos="fc" punct="comma" wd=","/>
          <sn entityref="nne" homophoricDD="yes">
            <spec gen="f" num="s">
              <d gen="f" lem="el" num="s" pos="da0fs0" postype="article" wd="la"/>
            </spec>
            <grup.nom gen="f" num="s">
              <n gen="f" lem="indústria" num="s" pos="ncfs000" postype="common" sense="16:00592801" wd="indústria"/>
              <sp>
                <prep>
                  <s lem="amb" pos="sps00" postype="preposition" wd="amb"/>
                </prep>
                <sn entityref="ne" ne="number">
                  <spec gen="m" num="s">
                    <d gen="m" lem="un" num="s" pos="di0ms0" postype="indefinite" wd="un"/>
                  </spec>
                  <grup.nom gen="m" num="s">
                    <z lem="17'5_%" ne="number" pos="zp" postype="percentage" wd="17'5_%"/>
                  </grup.nom>
                </sn>
              </sp>
            </grup.nom>
            <f lem="," pos="fc" punct="comma" wd=","/>
          </sn>
          <conj conjunctiontype="coordinating">
            <c lem="i" pos="cc" postype="coordinating" wd="i"/>
          </conj>
          <sn>
            <sadv adjunct="yes">
              <grup.adv>
                <r lem="finalment" pos="rg" wd="finalment"/>
              </grup.adv>
            </sadv>
            <sn entityref="nne" homophoricDD="yes">
              <spec gen="f" num="s">
                <d gen="c" lem="el" num="s" pos="da0cs0" postype="article" wd="l'"/>
              </spec>
              <grup.nom gen="f" num="s">
                <n gen="f" lem="agricultura" num="s" pos="ncfs000" postype="common" sense="16:00588753" wd="agricultura"/>
                <sp>
                  <prep>
                    <s lem="amb" pos="sps00" postype="preposition" wd="amb"/>
                  </prep>
                  <sn entityref="ne" ne="number">
                    <spec gen="m" num="s">
                      <d gen="m" lem="un" num="s" pos="di0ms0" postype="indefinite" wd="un"/>
                    </spec>
                    <grup.nom gen="m" num="s">
                      <z lem="1'2_%" ne="number" pos="zp" postype="percentage" wd="1'2_%"/>
                    </grup.nom>
                  </sn>
                </sp>
              </grup.nom>
            </sn>
          </sn>
        </sn>
      </sp>
    </S>
    <f lem="." pos="fp" punct="period" wd="."/>
  </sentence>
  <sentence coord="yes">
    <S adjunct="yes" clausesubtype="concessive" clausetype="adverbial" func="ao">
      <conj conjunctiontype="subordinating">
        <c lem="si_bé" pos="cs" postype="subordinating" wd="Si_bé"/>
      </conj>
      <sn arg="arg1" entityref="nne" func="suj" homophoricDD="yes" tem="tem">
        <spec gen="m" num="s">
          <d gen="m" lem="el" num="s" pos="da0ms0" postype="article" wd="el"/>
        </spec>
        <grup.nom gen="m" num="s">
          <n gen="m" lem="capítol" num="s" pos="ncms000" postype="common" sense="16:05447477" wd="capítol"/>
          <sp>
            <prep>
              <s lem="de" pos="sps00" postype="preposition" wd="d'"/>
            </prep>
            <sn>
              <grup.nom gen="m" num="p">
                <n gen="m" lem="accident" num="p" pos="ncmp000" postype="common" sense="16:05443572" wd="accidents"/>
                <s.a gen="m" num="p">
                  <grup.a gen="m" num="p">
                    <a gen="c" lem="greu" num="p" pos="aq0cp0" postype="qualificative" wd="greus"/>
                  </grup.a>
                </s.a>
              </grup.nom>
            </sn>
          </sp>
        </grup.nom>
      </sn>
      <morfema.pronominal>
        <p gen="c" lem="es" num="c" person="3" pos="p0300000" wd="es"/>
      </morfema.pronominal>
      <grup.verb>
        <v lem="anar" mood="indicative" num="s" person="3" pos="vaip3s0" postype="auxiliary" tense="present" wd="va"/>
        <v lem="reduir" lss="B21.unaccusative-state" mood="infinitive" pos="vmn0000" postype="main" wd="reduir"/>
      </grup.verb>
      <sp arg="argM" func="cc" tem="ext">
        <prep>
          <s lem="en" pos="sps00" postype="preposition" wd="en"/>
        </prep>
        <sn entityref="nne">
          <grup.nom gen="m" num="p">
            <p gen="m" lem="trenta-un" num="p" pos="pn0mp000" postype="numeral" wd="trenta-un"/>
          </grup.nom>
        </sn>
      </sp>
      <f lem="," pos="fc" punct="comma" wd=","/>
    </S>
    <S coord="yes">
      <S>
        <sn arg="arg1" entityref="nne" func="suj" tem="tem">
          <spec gen="m" num="s">
            <d gen="m" lem="el" num="s" pos="da0ms0" postype="article" wd="el"/>
          </spec>
          <grup.nom gen="m" num="s">
            <sp>
              <prep>
                <s lem="de" pos="sps00" postype="preposition" wd="de"/>
              </prep>
              <sn>
                <grup.nom gen="f" num="p">
                  <n gen="f" lem="víctima" num="p" pos="ncfp000" postype="common" sense="16:07665319" wd="víctimes"/>
                  <s.a gen="f" num="p">
                    <grup.a gen="f" num="p">
                      <a gen="c" lem="mortal" num="p" pos="aq0cp0" postype="qualificative" wd="mortals"/>
                    </grup.a>
                  </s.a>
                </grup.nom>
              </sn>
            </sp>
          </grup.nom>
        </sn>
        <morfema.pronominal>
          <p gen="c" lem="es" num="c" person="3" pos="p0300000" wd="es"/>
        </morfema.pronominal>
        <grup.verb>
          <v lem="anar" mood="indicative" num="s" person="3" pos="vaip3s0" postype="auxiliary" tense="present" wd="va"/>
          <v lem="incrementar" lss="B21.unaccusative-state" mood="infinitive" pos="vmn0000" postype="main" wd="incrementar"/>
        </grup.verb>
        <sp arg="argM" func="cc" tem="ext">
          <prep>
            <s lem="en" pos="sps00" postype="preposition" wd="en"/>
          </prep>
          <sn entityref="nne">
            <grup.nom num="p">
              <p gen="c" lem="quatre" num="p" pos="pn0cp000" postype="numeral" wd="quatre"/>
            </grup.nom>
          </sn>
        </sp>
      </S>
      <conj conjunctiontype="coordinating">
        <c lem="i" pos="cc" postype="coordinating" wd="i"/>
      </conj>
      <S>
        <sn arg="arg1" entityref="nne" func="suj" tem="tem">
          <spec gen="m" num="s">
            <d gen="m" lem="el" num="s" pos="da0ms0" postype="article" wd="el"/>
          </spec>
          <grup.nom gen="m" num="s">
            <sp>
              <prep>
                <s lem="de" pos="sps00" postype="preposition" wd="de"/>
              </prep>
              <sn>
                <grup.nom gen="m" num="p">
                  <n gen="m" lem="ferit" num="p" pos="ncmp000" postype="common" sense="16:cs1" wd="ferits"/>
                  <s.a gen="m" num="p">
                    <grup.a gen="m" num="p">
                      <a gen="c" lem="lleu" num="p" pos="aq0cp0" postype="qualificative" wd="lleus"/>
                    </grup.a>
                  </s.a>
                </grup.nom>
              </sn>
            </sp>
          </grup.nom>
        </sn>
        <grup.verb>
          <v lem="ser" lss="C21.state-attributive" mood="indicative" num="s" person="3" pos="vsip3s0" postype="semiauxiliary" tense="present" wd="és"/>
        </grup.verb>
        <sn arg="arg2" func="atr" tem="atr">
          <spec gen="m" num="s">
            <d gen="m" lem="el" num="s" pos="da0ms0" postype="article" wd="el"/>
          </spec>
          <grup.nom gen="m" num="s">
            <S clausetype="relative">
              <relatiu arg="arg0" func="suj" tem="agt">
                <p gen="c" lem="que" num="c" pos="pr0cn000" postype="relative" wd="que"/>
              </relatiu>
              <grup.verb>
                <v lem="anar" mood="indicative" num="s" person="3" pos="vaip3s0" postype="auxiliary" tense="present" wd="va"/>
                <v lem="disparar" lss="A21.transitive-agentive-patient" mood="infinitive" pos="vmn0000" postype="main" wd="disparar"/>
              </grup.verb>
              <sn arg="arg1" entity="entity13" entityref="nne" func="cd" homophoricDD="yes" tem="pat">
                <spec gen="f" num="s">
                  <d gen="f" lem="el" num="s" pos="da0fs0" postype="article" wd="la"/>
                </spec>
                <grup.nom gen="f" num="s">
                  <n gen="f" lem="sinistralitat" num="s" pos="ncfs000" postype="common" sense="16:cs1" wd="sinistralitat"/>
                  <s.a gen="f" num="s">
                    <grup.a gen="f" num="s">
                      <a gen="c" lem="laboral" num="s" pos="aq0cs0" postype="qualificative" wd="laboral"/>
                    </grup.a>
                  </s.a>
                </grup.nom>
              </sn>
              <sp arg="argM" func="cc" tem="loc">
                <prep>
                  <s lem="en" pos="sps00" postype="preposition" wd="en"/>
                </prep>
                <sn coreftype="ident" entity="entity10" entityref="spec">
                  <spec gen="f" num="p">
                    <d gen="f" lem="aquest" num="p" pos="dd0fp0" postype="demonstrative" wd="aquestes"/>
                  </spec>
                  <grup.nom gen="f" num="p">
                    <n gen="f" lem="comarca" num="p" pos="ncfp000" postype="common" sense="16:50004760" wd="comarques"/>
                  </grup.nom>
                </sn>
              </sp>
            </S>
          </grup.nom>
        </sn>
        <S arg="argM" clausetype="adverbial" func="cc" tem="cau">
          <conj conjunctiontype="subordinating">
            <c lem="ja_que" pos="cs" postype="subordinating" wd="ja_que"/>
          </conj>
          <sp arg="arg3" func="cc" tem="ein">
            <prep>
              <s contracted="yes" gen="m" lem="del" num="p" pos="spcmp" postype="preposition" wd="dels"/>
            </prep>
            <sn entityref="nne" homophoricDD="yes">
              <spec gen="m" num="p">
                <z lem="30815" ne="number" wd="30.815"/>
              </spec>
              <grup.nom gen="m" num="p">
                <n gen="m" lem="accident" num="p" pos="ncmp000" postype="common" sense="16:05443572" wd="accidents"/>
                <sp>
                  <prep>
                    <s contracted="yes" gen="m" lem="del" num="p" pos="spcmp" postype="preposition" wd="dels"/>
                  </prep>
                  <sn coreftype="ident" entity="entity5" entityref="nne" homophoricDD="yes">
                    <spec gen="m" num="p">
                      <d gen="c" lem="tres" num="p" pos="dn0cp0" postype="numeral" wd="tres"/>
                    </spec>
                    <grup.nom gen="m" num="p">
                      <s.a gen="m" num="p">
                        <grup.a gen="m" num="p">
                          <a gen="m" lem="primer" num="p" pos="ao0mp0" postype="ordinal" wd="primers"/>
                        </grup.a>
                      </s.a>
                      <n gen="m" lem="mes" num="p" pos="ncmp000" postype="common" sense="16:10922179" wd="mesos"/>
                      <sp>
                        <prep>
                          <s lem="de" pos="sps00" postype="preposition" wd="de"/>
                        </prep>
                        <sn coreftype="ident" entity="entity6" entityref="spec" homophoricDD="yes">
                          <spec gen="m" num="s">
                            <d gen="c" lem="el" num="s" pos="da0cs0" postype="article" wd="l'"/>
                          </spec>
                          <grup.nom gen="m" num="s">
                            <n gen="m" lem="any" num="s" pos="ncms000" postype="common" sense="16:10917791" wd="any"/>
                            <S clausetype="participle" impersonal="yes">
                              <participi>
                                <a gen="m" lem="passat" num="s" pos="aq0msp" posfunction="participle" postype="qualificative" wd="passat"/>
                              </participi>
                            </S>
                          </grup.nom>
                        </sn>
                      </sp>
                    </grup.nom>
                  </sn>
                </sp>
              </grup.nom>
            </sn>
          </sp>
          <morfema.verbal func="impers">
            <p gen="c" lem="es" num="c" pos="p0000000" wd="es"/>
          </morfema.verbal>
          <grup.verb>
            <v lem="anar" mood="indicative" num="s" person="3" pos="vaip3s0" postype="auxiliary" tense="present" wd="va"/>
            <v lem="passar" lss="B21.unaccusative-state" mood="infinitive" pos="vmn0000" postype="main" wd="passar"/>
          </grup.verb>
          <sp arg="arg4" coord="yes" func="creg" tem="efi">
            <sp>
              <prep>
                <s contracted="yes" gen="m" lem="al" num="p" pos="spcmp" postype="preposition" wd="als"/>
              </prep>
              <sn entityref="ne" ne="number">
                <grup.nom gen="m" num="p">
                  <z lem="35772" ne="number" wd="35.772"/>
                  <sp>
                    <prep>
                      <s lem="de" pos="sps00" postype="preposition" wd="d'"/>
                    </prep>
                    <sadv>
                      <grup.adv>
                        <r lem="enguany" pos="rg" wd="enguany"/>
                      </grup.adv>
                    </sadv>
                  </sp>
                </grup.nom>
              </sn>
              <f lem="," pos="fc" punct="comma" wd=","/>
            </sp>
            <conj conjunctiontype="coordinating">
              <c lem="és_a_dir" pos="cc" postype="coordinating" wd="és_a_dir"/>
            </conj>
            <sp>
              <f lem="," pos="fc" punct="comma" wd=","/>
              <prep>
                <s lem="a" pos="sps00" postype="preposition" wd="a"/>
              </prep>
              <sn entityref="ne" ne="number">
                <spec gen="m" num="s">
                  <d gen="m" lem="un" num="s" pos="di0ms0" postype="indefinite" wd="un"/>
                </spec>
                <grup.nom gen="m" num="s">
                  <z lem="16_%" ne="number" pos="zp" postype="percentage" wd="16_%"/>
                  <sadv>
                    <grup.adv>
                      <r lem="més" pos="rg" wd="més"/>
                    </grup.adv>
                  </sadv>
                </grup.nom>
              </sn>
            </sp>
          </sp>
        </S>
      </S>
    </S>
    <f lem="." pos="fp" punct="period" wd="."/>
  </sentence>
  <sentence>
    <sp func="ao">
      <prep>
        <s lem="pel_que_fa_a" pos="sps00" postype="preposition" wd="Pel_que_fa_a"/>
      </prep>
      <sn entityref="nne">
        <grup.nom gen="m" num="p">
          <n gen="m" lem="ferit" num="p" pos="ncmp000" postype="common" sense="16:cs1" wd="ferits"/>
          <s.a gen="m" num="p">
            <grup.a gen="m" num="p">
              <a gen="c" lem="greu" num="p" pos="aq0cp0" postype="qualificative" wd="greus"/>
            </grup.a>
          </s.a>
        </grup.nom>
      </sn>
    </sp>
    <morfema.verbal func="pass">
      <p gen="c" lem="se" num="c" pos="p0000000" wd="se"/>
    </morfema.verbal>
    <sn arg="arg1" func="suj" tem="pat">
      <grup.nom>
        <p gen="c" lem="en" num="c" person="3" pos="pp3cn000" postype="personal" wd="'n"/>
      </grup.nom>
    </sn>
    <grup.verb>
      <v lem="anar" mood="indicative" num="p" person="3" pos="vaip3p0" postype="auxiliary" tense="present" wd="van"/>
      <v lem="registrar" lss="B12.unaccusative-passive-ditransitive" mood="infinitive" pos="vmn0000" postype="main" wd="registrar"/>
    </grup.verb>
    <sn arg="arg1" entityref="nne" func="suj" tem="pat">
      <grup.nom num="p">
        <p gen="c" lem="trenta-set" num="p" pos="pn0cp000" postype="numeral" wd="trenta-set"/>
        <sn entity="entity11" entityref="nne">
          <f lem="," pos="fc" punct="comma" wd=","/>
          <grup.nom>
            <p gen="c" lem="catorze" num="p" pos="pn0cp000" postype="numeral" wd="catorze"/>
            <spec>
              <r lem="més" pos="rg" wd="més"/>
            </spec>
            <sp>
              <prep>
                <s contracted="yes" gen="m" lem="respecte_del" num="s" pos="spcms" postype="preposition" wd="respecte_del"/>
              </prep>
              <sn coreftype="ident" entity="entity5" entityref="nne" homophoricDD="yes">
                <spec gen="m" num="s">
                  <d gen="m" lem="mateix" num="s" pos="di0ms0" postype="indefinite" wd="mateix"/>
                </spec>
                <grup.nom gen="m" num="s">
                  <n gen="c" lem="perdíode" num="c" pos="nc00000" postype="common" sense="16:cs1" wd="perdíode"/>
                  <sp>
                    <prep>
                      <s lem="de" pos="sps00" postype="preposition" wd="de"/>
                    </prep>
                    <sn entityref="ne" ne="date">
                      <grup.nom>
                        <w lem="[??:??/??/1999:??.??]" ne="date" wd="1999"/>
                      </grup.nom>
                    </sn>
                  </sp>
                </grup.nom>
              </sn>
            </sp>
            <S clausetype="relative">
              <f lem="," pos="fc" punct="comma" wd=","/>
              <relatiu arg="arg0" coreftype="ident" entity="entity11" entityref="nne" func="suj" tem="agt">
                <p gen="c" lem="que" num="c" pos="pr0cn000" postype="relative" wd="que"/>
              </relatiu>
              <grup.verb>
                <v lem="representar" lss="A21.transitive-agentive-patient" mood="indicative" num="s" person="3" pos="vmip3s0" postype="main" tense="present" wd="representa"/>
              </grup.verb>
              <sn arg="arg1" entity="entity12" entityref="nne" func="cd" tem="pat">
                <spec gen="m" num="s">
                  <d gen="m" lem="un" num="s" pos="di0ms0" postype="indefinite" wd="un"/>
                </spec>
                <grup.nom gen="m" num="s">
                  <n gen="m" lem="increment" num="s" pos="ncms000" postype="common" sense="16:09904938" wd="increment"/>
                  <sp>
                    <prep>
                      <s contracted="yes" gen="m" lem="del" num="s" pos="spcms" postype="preposition" wd="del"/>
                    </prep>
                    <sn entityref="ne" ne="number">
                      <grup.nom gen="m" num="s">
                        <z lem="60_%" ne="number" pos="zp" postype="percentage" wd="60_%"/>
                      </grup.nom>
                    </sn>
                  </sp>
                </grup.nom>
              </sn>
            </S>
          </grup.nom>
        </sn>
      </grup.nom>
    </sn>
    <f lem="." pos="fp" punct="period" wd="."/>
  </sentence>
  <sentence>
    <S clausesubtype="conditional" clausetype="adverbial" func="ao">
      <conj conjunctiontype="subordinating">
        <c lem="si" pos="cs" postype="subordinating" wd="Si"/>
      </conj>
      <morfema.verbal func="impers">
        <p gen="c" lem="se" num="c" pos="p0000000" wd="se"/>
      </morfema.verbal>
      <grup.verb>
        <v lem="seguir" lss="B22.unaccusative-passive-transitive" mood="indicative" num="s" person="3" pos="vmip3s0" postype="main" tense="present" wd="segueix"/>
      </grup.verb>
      <sp arg="argM" func="cc" tem="adv">
        <prep>
          <s lem="amb" pos="sps00" postype="preposition" wd="amb"/>
        </prep>
        <sn coreftype="ident" entity="entity12" entityref="nne">
          <spec gen="f" num="s">
            <d gen="f" lem="aquest" num="s" pos="dd0fs0" postype="demonstrative" wd="aquesta"/>
          </spec>
          <grup.nom gen="f" num="s">
            <n gen="f" lem="tendència" num="s" pos="ncfs000" postype="common" sense="16:06390652" wd="tendència"/>
          </grup.nom>
        </sn>
      </sp>
    </S>
    <sn arg="arg1" coreftype="ident" entity="entity13" entityref="nne" func="suj" homophoricDD="yes" tem="pat">
      <spec gen="f" num="s">
        <d gen="f" lem="el" num="s" pos="da0fs0" postype="article" wd="la"/>
      </spec>
      <grup.nom gen="f" num="s">
        <n gen="f" lem="sinistralitat" num="s" pos="ncfs000" postype="common" sense="16:cs1" wd="sinistralitat"/>
        <s.a gen="f" num="s">
          <grup.a gen="f" num="s">
            <a gen="c" lem="laboral" num="s" pos="aq0cs0" postype="qualificative" wd="laboral"/>
          </grup.a>
        </s.a>
        <sp>
          <prep>
            <s lem="de" pos="sps00" postype="preposition" wd="de"/>
          </prep>
          <sn coreftype="ident" entity="entity7" entityref="ne" ne="date">
            <spec gen="m" num="s">
              <d gen="c" lem="el" num="s" pos="da0cs0" postype="article" wd="l'"/>
            </spec>
            <grup.nom gen="m" num="s">
              <w lem="[??:??/??/2000:??.??]" ne="date" wd="any_2000"/>
            </grup.nom>
          </sn>
        </sp>
      </grup.nom>
    </sn>
    <morfema.verbal func="pass">
      <p gen="c" lem="es" num="c" pos="p0000000" wd="es"/>
    </morfema.verbal>
    <grup.verb>
      <v lem="poder" mood="indicative" num="s" person="3" pos="vmic3s0" postype="main" tense="conditional" wd="podria"/>
      <infinitiu>
        <v lem="tancar" lss="B22.unaccusative-passive-transitive" mood="infinitive" pos="vmn0000" postype="main" wd="tancar"/>
      </infinitiu>
    </grup.verb>
    <sp arg="argM" func="cc" tem="adv">
      <prep>
        <s lem="amb" pos="sps00" postype="preposition" wd="amb"/>
      </prep>
      <sn entityref="nne" homophoricDD="yes">
        <spec gen="f" num="p">
          <d gen="f" lem="el" num="p" pos="da0fp0" postype="article" wd="les"/>
        </spec>
        <grup.nom gen="f" num="p">
          <n gen="f" lem="xifra" num="p" pos="ncfp000" postype="common" sense="16:05097671" wd="xifres"/>
          <s.a gen="f" num="p">
            <grup.a gen="f" num="p">
              <spec>
                <r lem="més" pos="rg" wd="més"/>
              </spec>
              <a gen="f" lem="negatiu" num="p" pos="aq0fp0" postype="qualificative" wd="negatives"/>
              <sp>
                <prep>
                  <s lem="des_de" pos="sps00" postype="preposition" wd="des_de"/>
                </prep>
                <sn entityref="ne" ne="date">
                  <grup.nom>
                    <w lem="[??:??/??/1995:??.??]" ne="date" wd="1995"/>
                  </grup.nom>
                </sn>
              </sp>
            </grup.a>
          </s.a>
        </grup.nom>
      </sn>
    </sp>
    <f lem="." pos="fp" punct="period" wd="."/>
  </sentence>
  <sentence entity="entity14">
    <sp arg="argM" func="cc" tem="adv">
      <prep>
        <s lem="per" pos="sps00" postype="preposition" wd="Per"/>
      </prep>
      <sn>
        <grup.nom gen="f" num="p">
          <n gen="f" lem="demarcació" num="p" pos="ncfp000" postype="common" sense="16:06336706" wd="demarcacions"/>
        </grup.nom>
      </sn>
    </sp>
    <sp arg="arg2" func="creg" tem="loc">
      <prep>
        <s lem="a" pos="sps00" postype="preposition" wd="a"/>
      </prep>
      <sn coreftype="ident" entity="entity10" entityref="ne" ne="location">
        <grup.nom>
          <n lem="Barcelona" ne="location" pos="np0000l" postype="proper" wd="Barcelona"/>
        </grup.nom>
      </sn>
    </sp>
    <grup.verb>
      <v lem="ser" lss="C11.state-existential" mood="indicative" num="s" person="3" pos="vsip3s0" postype="semiauxiliary" tense="present" wd="és"/>
    </grup.verb>
    <S arg="arg1" clausetype="completive" func="suj" tem="tem">
      <relatiu arg="argM" func="cc" tem="loc">
        <p lem="on" pos="pr000000" postype="relative" wd="on"/>
      </relatiu>
      <morfema.verbal func="pass">
        <p gen="c" lem="es" num="c" pos="p0000000" wd="es"/>
      </morfema.verbal>
      <grup.verb>
        <v lem="anar" mood="indicative" num="p" person="3" pos="vaip3p0" postype="auxiliary" tense="present" wd="van"/>
        <v lem="haver" mood="infinitive" pos="van0000" postype="auxiliary" wd="haver"/>
        <s lem="de" pos="sps00" postype="preposition" wd="de"/>
        <infinitiu>
          <v lem="lamentar" lss="B22.unaccusative-passive-transitive" mood="infinitive" pos="vmn0000" postype="main" wd="lamentar"/>
        </infinitiu>
      </grup.verb>
      <sn arg="arg1" func="suj" tem="pat">
        <spec gen="m" num="p">
          <r lem="més" pos="rg" wd="més"/>
        </spec>
        <grup.nom gen="m" num="p">
          <n gen="m" lem="accident" num="p" pos="ncmp000" postype="common" sense="16:05443572" wd="accidents"/>
          <sp>
            <prep>
              <s lem="amb" pos="sps00" postype="preposition" wd="amb"/>
            </prep>
            <sn entityref="ne" ne="number">
              <spec gen="m" num="s">
                <d gen="m" lem="un" num="s" pos="di0ms0" postype="indefinite" wd="un"/>
              </spec>
              <grup.nom gen="m" num="s">
                <z lem="77'7_%" ne="number" pos="zp" postype="percentage" wd="77'7_%"/>
                <sp>
                  <prep>
                    <s contracted="yes" gen="m" lem="del" num="s" pos="spcms" postype="preposition" wd="del"/>
                  </prep>
                  <sn entityref="nne" homophoricDD="yes">
                    <grup.nom gen="m" num="s">
                      <n gen="m" lem="total" num="s" pos="ncms000" postype="common" sense="16:03440994" wd="total"/>
                    </grup.nom>
                  </sn>
                </sp>
              </grup.nom>
            </sn>
          </sp>
        </grup.nom>
      </sn>
      <f lem="," pos="fc" punct="comma" wd=","/>
    </S>
    <S clausetype="participle" impersonal="yes">
      <participi>
        <a gen="m" lem="seguit" num="s" pos="aq0msp" posfunction="participle" postype="qualificative" wd="seguit"/>
      </participi>
      <sp>
        <prep>
          <s lem="de" pos="sps00" postype="preposition" wd="de"/>
        </prep>
        <sn entityref="ne" ne="location">
          <spec gen="f" num="p">
            <d gen="f" lem="el" num="p" pos="da0fp0" postype="article" wd="les"/>
          </spec>
          <grup.nom gen="f" num="p">
            <n gen="f" lem="comarca" num="p" pos="ncfp000" postype="common" sense="16:50004760" wd="comarques"/>
            <s.a gen="f" num="p">
              <grup.a gen="f" num="p">
                <a gen="f" lem="gironí" num="p" pos="aq0fp0" postype="qualificative" wd="gironines"/>
              </grup.a>
            </s.a>
            <sp>
              <prep>
                <s lem="amb" pos="sps00" postype="preposition" wd="amb"/>
              </prep>
              <sn entityref="ne" ne="number">
                <spec gen="m" num="s">
                  <d gen="m" lem="el" num="s" pos="da0ms0" postype="article" wd="el"/>
                </spec>
                <grup.nom gen="m" num="s">
                  <z lem="8'5_%" ne="number" pos="zp" postype="percentage" wd="8'5_per_cent"/>
                </grup.nom>
              </sn>
            </sp>
            <S clausetype="participle" impersonal="yes">
              <participi>
                <a gen="m" lem="seguit" num="s" pos="aq0msp" posfunction="participle" postype="qualificative" wd="seguit"/>
              </participi>
              <sp>
                <prep>
                  <s lem="de" pos="sps00" postype="preposition" wd="de"/>
                </prep>
                <sn entityref="nne">
                  <spec gen="f" num="p">
                    <d gen="f" lem="el" num="p" pos="da0fp0" postype="article" wd="les"/>
                  </spec>
                  <grup.nom gen="f" num="p">
                    <sp>
                      <prep>
                        <s lem="de" pos="sps00" postype="preposition" wd="de"/>
                      </prep>
                      <sn entityref="ne" ne="location">
                        <grup.nom>
                          <n lem="Tarragona" ne="location" pos="np0000l" postype="proper" sense="16:50004692" wd="Tarragona"/>
                        </grup.nom>
                      </sn>
                    </sp>
                    <sp>
                      <sadv adjunct="yes">
                        <grup.adv>
                          <r lem="també" pos="rg" wd="també"/>
                        </grup.adv>
                      </sadv>
                      <sp>
                        <prep>
                          <s lem="amb" pos="sps00" postype="preposition" wd="amb"/>
                        </prep>
                        <sn entityref="ne" ne="number">
                          <spec gen="m" num="s">
                            <d gen="m" lem="un" num="s" pos="di0ms0" postype="indefinite" wd="un"/>
                          </spec>
                          <grup.nom gen="m" num="s">
                            <z lem="8'5_%" ne="number" pos="zp" postype="percentage" wd="8'5_%"/>
                          </grup.nom>
                        </sn>
                      </sp>
                    </sp>
                  </grup.nom>
                </sn>
              </sp>
            </S>
          </grup.nom>
        </sn>
      </sp>
    </S>
    <f lem="." pos="fp" punct="period" wd="."/>
  </sentence>
  <sentence entity="entity15">
    <sp arg="arg2" func="cc" tem="loc">
      <prep>
        <s lem="a" pos="sps00" postype="preposition" wd="A"/>
      </prep>
      <sn entityref="ne" ne="location">
        <spec gen="f" num="p">
          <d gen="f" lem="el" num="p" pos="da0fp0" postype="article" wd="les"/>
        </spec>
        <grup.nom gen="f" num="p">
          <n gen="f" lem="comarca" num="p" pos="ncfp000" postype="common" sense="16:50004760" wd="comarques"/>
          <sp>
            <prep>
              <s lem="de" pos="sps00" postype="preposition" wd="de"/>
            </prep>
            <sn entityref="ne" ne="location">
              <grup.nom>
                <n lem="Lleida" ne="location" pos="np0000l" postype="proper" sense="16:50004693" wd="Lleida"/>
              </grup.nom>
            </sn>
          </sp>
        </grup.nom>
      </sn>
    </sp>
    <morfema.verbal func="pass">
      <p gen="c" lem="es" num="c" pos="p0000000" wd="es"/>
    </morfema.verbal>
    <grup.verb>
      <v lem="anar" mood="indicative" num="s" person="3" pos="vaip3s0" postype="auxiliary" tense="present" wd="va"/>
      <v lem="registrar" lss="B22.unaccusative-passive-transitive" mood="infinitive" pos="vmn0000" postype="main" wd="registrar"/>
    </grup.verb>
    <sn arg="arg1" entityref="nne" func="suj" homophoricDD="yes" tem="pat">
      <spec gen="f" num="s">
        <d gen="f" lem="el" num="s" pos="da0fs0" postype="article" wd="la"/>
      </spec>
      <grup.nom gen="f" num="s">
        <n gen="f" lem="sinistralitat" num="s" pos="ncfs000" postype="common" sense="16:cs1" wd="sinistralitat"/>
        <s.a gen="f" num="s">
          <grup.a gen="f" num="s">
            <a gen="c" lem="laboral" num="s" pos="aq0cs0" postype="qualificative" wd="laboral"/>
          </grup.a>
        </s.a>
        <s.a gen="f" num="s">
          <spec>
            <r lem="més" pos="rg" wd="més"/>
          </spec>
          <grup.a gen="f" num="s">
            <a gen="f" lem="baix" num="s" pos="aq0fs0" postype="qualificative" wd="baixa"/>
          </grup.a>
        </s.a>
        <sp>
          <prep>
            <s lem="amb" pos="sps00" postype="preposition" wd="amb"/>
          </prep>
          <sn entityref="ne" ne="number">
            <spec gen="m" num="s">
              <d gen="m" lem="un" num="s" pos="di0ms0" postype="indefinite" wd="un"/>
            </spec>
            <grup.nom gen="m" num="s">
              <z lem="5'1_%" ne="number" pos="zp" postype="percentage" wd="5'1_%"/>
              <sp>
                <prep>
                  <s contracted="yes" gen="m" lem="del" num="p" pos="spcmp" postype="preposition" wd="dels"/>
                </prep>
                <sn entityref="nne" homophoricDD="yes">
                  <grup.nom gen="m" num="p">
                    <n gen="m" lem="accident" num="p" pos="ncmp000" postype="common" sense="16:05443572" wd="accidents"/>
                    <sp>
                      <prep>
                        <s lem="de" pos="sps00" postype="preposition" wd="de"/>
                      </prep>
                      <sn>
                        <grup.nom gen="m" num="s">
                          <n gen="m" lem="treball" num="s" pos="ncms000" postype="common" sense="16:00408411" wd="treball"/>
                        </grup.nom>
                      </sn>
                    </sp>
                    <sp>
                      <prep>
                        <s contracted="yes" gen="m" lem="del" num="s" pos="spcms" postype="preposition" wd="del"/>
                      </prep>
                      <sn entityref="ne" ne="location">
                        <grup.nom gen="m" num="s">
                          <n lem="Principat" ne="location" pos="np0000l" postype="proper" sense="16:cs1" wd="Principat"/>
                        </grup.nom>
                      </sn>
                    </sp>
                  </grup.nom>
                </sn>
              </sp>
            </grup.nom>
          </sn>
        </sp>
      </grup.nom>
    </sn>
    <f lem="." pos="fp" punct="period" wd="."/>
  </sentence>
  <sentence>
    <sn arg="arg1" coreftype="dx" entity="entity14+entity15" entityref="nne" func="suj" tem="tem">
      <spec gen="f" num="p">
        <d gen="f" lem="aquest" num="p" pos="dd0fp0" postype="demonstrative" wd="Aquestes"/>
      </spec>
      <grup.nom gen="f" num="p">
        <n gen="f" lem="dada" num="p" pos="ncfp000" postype="common" sense="16:04480764" wd="dades"/>
      </grup.nom>
    </sn>
    <grup.verb>
      <v lem="reflectir" lss="C21.state-attributive" mood="indicative" num="p" person="3" pos="vmip3p0" postype="main" tense="present" wd="reflecteixen"/>
    </grup.verb>
    <sn arg="arg2" entityref="nne" func="cd" functype="quantitative" tem="atr">
      <grup.nom gen="f" num="s">
        <p gen="f" lem="un" num="s" pos="pi0fs000" postype="indefinite" wd="una"/>
        <sp>
          <prep>
            <s lem="de" pos="sps00" postype="preposition" wd="de"/>
          </prep>
          <sn entityref="nne" homophoricDD="yes">
            <spec gen="f" num="p">
              <d gen="f" lem="el" num="p" pos="da0fp0" postype="article" wd="les"/>
            </spec>
            <grup.nom gen="f" num="p">
              <s.a gen="f" num="p">
                <grup.a gen="f" num="p">
                  <a gen="c" lem="principal" num="p" pos="aq0cp0" postype="qualificative" wd="principals"/>
                </grup.a>
              </s.a>
              <n gen="f" lem="preocupació" num="p" pos="ncfp000" postype="common" sense="16:04491717" wd="preocupacions"/>
              <sp>
                <prep>
                  <s contracted="yes" gen="m" lem="del" num="s" pos="spcms" postype="preposition" wd="del"/>
                </prep>
                <sn entity="entity16" entityref="ne" ne="organization">
                  <grup.nom gen="m" num="s">
                    <n lem="Departament_de_Treball" ne="organization" pos="np0000o" postype="proper" sense="16:cs1" wd="Departament_de_Treball"/>
                    <S clausetype="relative">
                      <relatiu arg="arg0" coreftype="ident" entity="entity16" entityref="spec" func="suj" tem="agt">
                        <p gen="c" lem="que" num="c" pos="pr0cn000" postype="relative" wd="que"/>
                      </relatiu>
                      <grup.verb>
                        <v lem="haver" mood="indicative" num="s" person="3" pos="vaip3s0" postype="auxiliary" tense="present" wd="ha"/>
                        <v gen="m" lem="dissenyar" lss="A21.transitive-agentive-patient" mood="participle" num="s" pos="vmp00sm" postype="main" wd="dissenyat"/>
                      </grup.verb>
                      <sn arg="arg1" entityref="nne" func="cd" tem="pat">
                        <spec gen="m" num="s">
                          <d gen="m" lem="un" num="s" pos="di0ms0" postype="indefinite" wd="un"/>
                        </spec>
                        <grup.nom gen="m" num="s">
                          <n gen="m" lem="pla" num="s" pos="ncms000" postype="common" sense="16:04538868" wd="pla"/>
                          <sp>
                            <prep>
                              <s lem="de" pos="sps00" postype="preposition" wd="de"/>
                            </prep>
                            <sn>
                              <grup.nom gen="m" num="s">
                                <n gen="m" lem="xoc" num="s" pos="ncms000" postype="common" sense="16:cs1" wd="xoc"/>
                              </grup.nom>
                            </sn>
                          </sp>
                        </grup.nom>
                      </sn>
                      <sp arg="argM" func="cc" tem="fin">
                        <prep>
                          <s lem="per" pos="sps00" postype="preposition" wd="per"/>
                        </prep>
                        <S clausetype="completive" impersonal="yes">
                          <infinitiu>
                            <v lem="controlar" lss="A21.transitive-agentive-patient" mood="infinitive" pos="vmn0000" postype="main" wd="controlar"/>
                          </infinitiu>
                          <sn arg="arg1" entityref="nne" func="cd" homophoricDD="yes" tem="pat">
                            <spec gen="f" num="p">
                              <d gen="f" lem="el" num="p" pos="da0fp0" postype="article" wd="les"/>
                              <z lem="4000" ne="number" wd="4.000"/>
                            </spec>
                            <grup.nom gen="f" num="p">
                              <n gen="f" lem="empresa" num="p" pos="ncfp000" postype="common" sense="16:06004580" wd="empreses"/>
                              <s.a gen="f" num="p">
                                <grup.a gen="f" num="p">
                                  <a gen="f" lem="català" num="p" pos="aq0fp0" postype="qualificative" wd="catalanes"/>
                                </grup.a>
                              </s.a>
                              <sp>
                                <prep>
                                  <s lem="amb" pos="sps00" postype="preposition" wd="amb"/>
                                </prep>
                                <sn entityref="nne" homophoricDD="yes">
                                  <spec gen="m" num="p">
                                    <d gen="m" lem="el" num="p" pos="da0mp0" postype="article" wd="els"/>
                                  </spec>
                                  <grup.nom gen="m" num="p">
                                    <n gen="m" lem="índex" num="p" pos="ncmp000" postype="common" sense="16:04981133" wd="índexs"/>
                                    <sp>
                                      <prep>
                                        <s lem="de" pos="sps00" postype="preposition" wd="de"/>
                                      </prep>
                                      <sn>
                                        <grup.nom gen="f" num="s">
                                          <n gen="f" lem="sinistralitat" num="s" pos="ncfs000" postype="common" sense="16:cs1" wd="sinistralitat"/>
                                          <s.a gen="f" num="s">
                                            <grup.a gen="f" num="s">
                                              <a gen="c" lem="laboral" num="s" pos="aq0cs0" postype="qualificative" wd="laboral"/>
                                            </grup.a>
                                          </s.a>
                                        </grup.nom>
                                      </sn>
                                    </sp>
                                    <S clausetype="participle" impersonal="yes">
                                      <sadv arg="argM" func="cc" tem="adv">
                                        <grup.adv>
                                          <r lem="més" pos="rg" wd="més"/>
                                        </grup.adv>
                                      </sadv>
                                      <participi>
                                        <a gen="m" lem="elevat" lss="B22.unaccusative-passive-transitive" num="p" pos="aq0mpp" posfunction="participle" postype="qualificative" wd="elevats"/>
                                      </participi>
                                    </S>
                                  </grup.nom>
                                </sn>
                              </sp>
                            </grup.nom>
                          </sn>
                        </S>
                      </sp>
                    </S>
                  </grup.nom>
                </sn>
              </sp>
            </grup.nom>
          </sn>
        </sp>
      </grup.nom>
    </sn>
    <f lem="." pos="fp" punct="period" wd="."/>
  </sentence>
  <sentence>
    <sn arg="arg1" coord="yes" func="suj" tem="pat">
      <sn entity="entity17" entityref="nne" homophoricDD="yes">
        <spec gen="f" num="s">
          <d gen="f" lem="el" num="s" pos="da0fs0" postype="article" wd="La"/>
        </spec>
        <grup.nom gen="f" num="s">
          <n gen="f" lem="precarietat" num="s" pos="ncfs000" postype="common" sense="16:10440488" wd="precarietat"/>
          <s.a gen="f" num="s">
            <grup.a gen="f" num="s">
              <a gen="c" lem="laboral" num="s" pos="aq0cs0" postype="qualificative" wd="laboral"/>
            </grup.a>
          </s.a>
          <S clausetype="relative">
            <relatiu arg="arg0" coreftype="ident" entity="entity17" entityref="nne" func="suj" tem="agt">
              <p gen="c" lem="que" num="c" pos="pr0cn000" postype="relative" wd="que"/>
            </relatiu>
            <grup.verb>
              <v lem="portar" lss="A21.transitive-agentive-patient" mood="indicative" num="s" person="3" pos="vmip3s0" postype="main" tense="present" wd="porta"/>
            </grup.verb>
            <sn arg="arg1" entityref="nne" func="cd" tem="pat">
              <grup.nom gen="m" num="p">
                <n gen="m" lem="treballador" num="p" pos="ncmp000" postype="common" sense="16:06957738" wd="treballadors"/>
                <sp>
                  <prep>
                    <s lem="sense" pos="sps00" postype="preposition" wd="sense"/>
                  </prep>
                  <sn>
                    <grup.nom gen="f" num="s">
                      <n gen="f" lem="especialització" num="s" pos="ncfs000" postype="common" sense="16:00383035" wd="especialització"/>
                    </grup.nom>
                  </sn>
                </sp>
              </grup.nom>
            </sn>
            <sp arg="arg4" func="creg" tem="des">
              <prep>
                <s lem="a" pos="sps00" postype="preposition" wd="a"/>
              </prep>
              <S clausetype="completive" impersonal="yes">
                <infinitiu>
                  <v lem="fer" lss="A21.transitive-agentive-patient" mood="infinitive" pos="vmn0000" postype="main" wd="fer"/>
                </infinitiu>
                <sn arg="arg1" entity="entity18" entityref="nne" func="cd" tem="pat">
                  <grup.nom gen="f" num="p">
                    <n gen="f" lem="feina" num="p" pos="ncfp000" postype="common" sense="16:00408411" wd="feines"/>
                    <S clausetype="relative">
                      <relatiu arg="arg0" coreftype="ident" entity="entity18" entityref="nne" func="suj" tem="agt">
                        <p gen="c" lem="que" num="c" pos="pr0cn000" postype="relative" wd="que"/>
                      </relatiu>
                      <grup.verb>
                        <v lem="requerir" lss="A21.transitive-agentive-patient" mood="indicative" num="p" person="3" pos="vmip3p0" postype="main" tense="present" wd="requereixen"/>
                      </grup.verb>
                      <sn arg="arg1" entityref="nne" func="cd" tem="pat">
                        <spec gen="f" num="s">
                          <d gen="f" lem="un" num="s" pos="di0fs0" postype="indefinite" wd="una"/>
                        </spec>
                        <grup.nom gen="f" num="s">
                          <s.a gen="f" num="s">
                            <grup.a gen="f" num="s">
                              <a gen="f" lem="bo" num="s" pos="aq0fs0" postype="qualificative" wd="bona"/>
                            </grup.a>
                          </s.a>
                          <n gen="f" lem="preparació" num="s" pos="ncfs000" postype="common" sense="16:04014700" wd="preparació"/>
                        </grup.nom>
                      </sn>
                    </S>
                  </grup.nom>
                </sn>
              </S>
            </sp>
          </S>
        </grup.nom>
      </sn>
      <conj conjunctiontype="coordinating">
        <c lem="juntament_amb" pos="cc" postype="coordinating" wd="juntament_amb"/>
      </conj>
      <sn entityref="nne" homophoricDD="yes">
        <spec gen="m" num="s">
          <d gen="c" lem="el" num="s" pos="da0cs0" postype="article" wd="l'"/>
        </spec>
        <grup.nom gen="m" num="s">
          <n gen="m" lem="increment" num="s" pos="ncms000" postype="common" sense="16:00233535" wd="increment"/>
          <sp>
            <prep>
              <s lem="de" pos="sps00" postype="preposition" wd="de"/>
            </prep>
            <sn entityref="nne" homophoricDD="yes">
              <spec gen="f" num="s">
                <d gen="c" lem="el" num="s" pos="da0cs0" postype="article" wd="l'"/>
              </spec>
              <grup.nom gen="f" num="s">
                <n gen="f" lem="activitat" num="s" pos="ncfs000" postype="common" sense="16:00261466" wd="activitat"/>
                <s.a gen="f" num="s">
                  <grup.a gen="f" num="s">
                    <a gen="f" lem="econòmic" num="s" pos="aq0fs0" postype="qualificative" wd="econòmica"/>
                  </grup.a>
                </s.a>
              </grup.nom>
            </sn>
          </sp>
        </grup.nom>
      </sn>
    </sn>
    <morfema.verbal func="pass">
      <p gen="c" lem="es" num="c" pos="p0000000" wd="s'"/>
    </morfema.verbal>
    <grup.verb>
      <v lem="apuntar" lss="B22.unaccusative-passive-transitive" mood="indicative" num="p" person="3" pos="vmip3p0" postype="main" tense="present" wd="apunten"/>
    </grup.verb>
    <sp arg="argM" func="cpred" predicate="suj" tem="atr">
      <prep>
        <s lem="com_a" pos="sps00" postype="preposition" wd="com_a"/>
      </prep>
      <sn>
        <grup.nom gen="f" num="p">
          <s.a gen="f" num="p">
            <grup.a gen="f" num="p">
              <a gen="c" lem="possible" num="p" pos="aq0cp0" postype="qualificative" wd="possibles"/>
            </grup.a>
          </s.a>
          <n gen="f" lem="raó" num="p" pos="ncfp000" postype="common" sense="16:05051484" wd="raons"/>
          <sp>
            <prep>
              <s lem="de" pos="sps00" postype="preposition" wd="d'"/>
            </prep>
            <sn coreftype="ident" entity="entity14+entity15" entityref="nne">
              <spec gen="m" num="s">
                <d gen="m" lem="aquest" num="s" pos="dd0ms0" postype="demonstrative" wd="aquest"/>
              </spec>
              <grup.nom gen="m" num="s">
                <n gen="m" lem="increment" num="s" pos="ncms000" postype="common" sense="16:05479891" wd="increment"/>
              </grup.nom>
            </sn>
          </sp>
        </grup.nom>
      </sn>
    </sp>
    <S clausesubtype="concessive" clausetype="adverbial" func="ao">
      <conj conjunctiontype="subordinating">
        <c lem="tot_i_que" pos="cs" postype="subordinating" wd="tot_i_que"/>
      </conj>
      <sn arg="arg0" coord="yes" func="suj" tem="agt">
        <conj conjunctiontype="coordinating">
          <r lem="tant" pos="rg" wd="tant"/>
        </conj>
        <sn entityref="nne" homophoricDD="yes">
          <spec gen="f" num="s">
            <d gen="c" lem="el" num="s" pos="da0cs0" postype="article" wd="l'"/>
          </spec>
          <grup.nom gen="f" num="s">
            <n gen="f" lem="administració" num="s" pos="ncfs000" postype="common" sense="16:06188759" wd="administració"/>
          </grup.nom>
        </sn>
        <conj conjunctiontype="coordinating">
          <c lem="com" pos="cs" postype="subordinating" wd="com"/>
        </conj>
        <sn entityref="nne" homophoricDD="yes">
          <spec gen="m" num="p">
            <d gen="m" lem="el" num="p" pos="da0mp0" postype="article" wd="els"/>
          </spec>
          <grup.nom gen="m" num="p">
            <n gen="m" lem="sindicat" num="p" pos="ncmp000" postype="common" sense="16:06112041" wd="sindicats"/>
          </grup.nom>
        </sn>
      </sn>
      <grup.verb>
        <v lem="denunciar" lss="A34.ditransitive-patient-theme" mood="indicative" num="p" person="3" pos="vmip3p0" postype="main" tense="present" wd="denuncien"/>
      </grup.verb>
      <S arg="arg1" clausetype="completive" func="cd" tem="pat">
        <conj conjunctiontype="subordinating">
          <c lem="que" pos="cs" postype="subordinating" wd="que"/>
        </conj>
        <sn arg="arg0" entityref="nne" func="suj" homophoricDD="yes" tem="agt">
          <spec gen="f" num="p">
            <d gen="f" lem="el" num="p" pos="da0fp0" postype="article" wd="les"/>
          </spec>
          <grup.nom gen="f" num="p">
            <n gen="f" lem="empresa" num="p" pos="ncfp000" postype="common" sense="16:06004580" wd="empreses"/>
          </grup.nom>
        </sn>
        <neg func="mod">
          <r lem="no" pos="rn" postype="negative" wd="no"/>
        </neg>
        <grup.verb>
          <v lem="aplicar" lss="A34.ditransitive-patient-theme" mood="indicative" num="p" person="3" pos="vmip3p0" postype="main" tense="present" wd="apliquen"/>
        </grup.verb>
        <sn arg="arg1" entityref="nne" func="cd" homophoricDD="yes" tem="pat">
          <spec gen="f" num="p">
            <d gen="f" lem="el" num="p" pos="da0fp0" postype="article" wd="les"/>
          </spec>
          <grup.nom gen="f" num="p">
            <n gen="f" lem="norma" num="p" pos="ncfp000" postype="common" sense="16:04988542" wd="normes"/>
            <sp>
              <prep>
                <s lem="de" pos="sps00" postype="preposition" wd="de"/>
              </prep>
              <sn entityref="ne" ne="other">
                <spec gen="f" num="s">
                  <d gen="f" lem="el" num="s" pos="da0fs0" postype="article" wd="la"/>
                </spec>
                <grup.nom gen="f" num="s">
                  <n lem="Llei_de_Prevenció_de_Riscos_Laborals" ne="other" pos="np0000a" postype="proper" sense="16:cs1" wd="Llei_de_Prevenció_de_Riscos_Laborals"/>
                </grup.nom>
              </sn>
            </sp>
          </grup.nom>
        </sn>
      </S>
    </S>
    <f lem="." pos="fp" punct="period" wd="."/>
  </sentence>
  <sentence>
    <sadv func="ao">
      <grup.adv>
        <r lem="precisament" pos="rg" wd="Precisament"/>
      </grup.adv>
    </sadv>
    <sn arg="arg0" entityref="spec" func="suj" tem="agt">
      <spec gen="m" num="p">
        <d gen="m" lem="el" num="p" pos="da0mp0" postype="article" wd="els"/>
      </spec>
      <grup.nom gen="m" num="p">
        <n gen="m" lem="sindicat" num="p" pos="ncmp000" postype="common" sense="16:06112041" wd="sindicats"/>
        <sn complex="yes">
          <grup.nom coord="yes">
            <grup.nom>
              <n lem="UGT" ne="organization" pos="np0000o" postype="proper" sense="16:cs1" wd="UGT"/>
            </grup.nom>
            <conj conjunctiontype="coordinating">
              <c lem="i" pos="cc" postype="coordinating" wd="i"/>
            </conj>
            <grup.nom>
              <n lem="CCOO" ne="organization" pos="np0000o" postype="proper" sense="16:cs1" wd="CCOO"/>
            </grup.nom>
          </grup.nom>
        </sn>
      </grup.nom>
    </sn>
    <grup.verb>
      <v lem="haver" mood="indicative" num="p" person="3" pos="vaip3p0" postype="auxiliary" tense="present" wd="han"/>
      <v gen="m" lem="convocar" lss="A31.ditransitive-patient-locative" mood="participle" num="s" pos="vmp00sm" postype="main" wd="convocat"/>
    </grup.verb>
    <sn arg="arg1" entityref="nne" func="cd" homophoricDD="yes" tem="pat">
      <spec gen="f" num="s">
        <d gen="f" lem="el" num="s" pos="da0fs0" postype="article" wd="la"/>
      </spec>
      <grup.nom gen="f" num="s">
        <n gen="f" lem="celebració" num="s" pos="ncfs000" postype="common" sense="16:00328496" wd="celebració"/>
        <sp>
          <prep>
            <s lem="de" pos="sps00" postype="preposition" wd="de"/>
          </prep>
          <sn entityref="ne" ne="date">
            <spec gen="m" num="s">
              <d gen="c" lem="el" num="s" pos="da0cs0" postype="article" wd="l'"/>
            </spec>
            <grup.nom gen="m" num="s">
              <w lem="[??:01/05/??:??.??]" ne="date" wd="1_de_maig"/>
              <sp>
                <prep>
                  <s lem="de" pos="sps00" postype="preposition" wd="d'"/>
                </prep>
                <sadv>
                  <grup.adv>
                    <r lem="enguany" pos="rg" wd="enguany"/>
                  </grup.adv>
                </sadv>
              </sp>
            </grup.nom>
          </sn>
        </sp>
      </grup.nom>
    </sn>
    <sp arg="argM" func="cc" tem="loc">
      <prep>
        <s lem="sota" pos="sps00" postype="preposition" wd="sota"/>
      </prep>
      <sn entityref="ne" ne="other">
        <spec gen="m" num="s">
          <d gen="m" lem="el" num="s" pos="da0ms0" postype="article" wd="el"/>
        </spec>
        <grup.nom gen="m" num="s">
          <n gen="m" lem="lema" num="s" pos="ncms000" postype="common" sense="16:05350422" wd="lema"/>
          <sn entityref="ne" ne="other">
            <grup.nom>
              <f lem="&quot;" pos="fe" punct="quotation" wd="&quot;"/>
              <n lem="Ocupació_estable_,_treball_sense_risc" ne="other" pos="np0000a" postype="proper" sense="16:cs1" wd="Ocupació_estable_,_treball_sense_risc"/>
              <f lem="&quot;" pos="fe" punct="quotation" wd="&quot;"/>
            </grup.nom>
          </sn>
        </grup.nom>
      </sn>
    </sp>
    <f lem="." pos="fp" punct="period" wd="."/>
  </sentence>
</article>
