<?xml version="1.0" encoding="UTF-8"?>
<!-- 

  ancora-2.0
       
			Copyright (C) 2007, 2008, 2009, 2010, 2011 UB - CLiC
			Centre de Llenguatge i Computació - Universitat de Barcelona
 
  This file is part of ancora-2.0.
 
  ancora-2.0 is free software and data: you can redistribute it and/or modify
  it under the terms of the GNU General Public License as published
  by the Free Software Foundation, either version 3 of the License,
  or (at your option) any later version.

  ancora-2.0 is distributed in the hope that it will be useful,
  but WITHOUT ANY WARRANTY; without even the implied warranty of
  MERCHANTABILITY or FITNESS FOR A PARTICULAR PURPOSE.  See the
  GNU General Public License for more details.
 
  You should have received a copy of the GNU General Public License
  along with ancora-2.0.  If not, see &lt;http://www.gnu.org/licenses/&gt;.
 
  Check a text in catalan explaining the terms of the license at http://www.softcatala.cat/wiki/GPL3.
  In spanish at http://www.viti.es/gnu/licenses/gpl.html
 

  The following paper must be cited when using this corpus:

 * Taulé, M., M.A. Martí, M. Recasens (2008) 'Ancora: Multilevel Annotated Corpora for Catalan and Spanish',
   Proceedings of 6th International Conference on Language Resources and Evaluation. Marrakesh (Morocco).

  In addition, the following paper must be cited if coreference information (attributes entity, coreftype,
  corefsubtype, homophoricDD or entityref) is used:

 * Recasens, Marta, M. Antònia Martí (2010) ‘AnCora-CO: Coreferentially annotated corpora for Spanish and
   Catalan’. Language Resources and Evaluation, Springer Science.

  Additionally, the following paper must be cited when argumental attributes in "sn" or "grup.nom"
  (attributes func, arg, tem or lexicalid) are used:

 * Peris, Aina, Mariona Taulé, Horacio Rodríguez (2010) ‘Semantic Annotation of Deverbal Nominalizations in the
   Spanish AnCora corpus’. Treebanks and Linguistic Theories (TLT-2010), Estonia.
-->
<article lng="ca">
  <sentence>
    <sn arg="arg0" entity="entity1" entityref="spec" func="suj" tem="agt" title="yes">
      <spec gen="f" num="s">
        <d gen="f" lem="el" num="s" pos="da0fs0" postype="article" wd="La"/>
      </spec>
      <grup.nom gen="f" num="s">
        <n gen="f" lem="religiosa" num="s" pos="ncfs000" postype="common" sense="16:07437315" wd="religiosa"/>
        <S clausetype="relative">
          <relatiu arg="arg1" coreftype="ident" entity="entity1" entityref="spec" func="suj" tem="tem">
            <p gen="c" lem="que" num="c" pos="pr0cn000" postype="relative" wd="que"/>
          </relatiu>
          <morfema.pronominal>
            <p gen="c" lem="ell" num="c" person="3" pos="p0300000" wd="es"/>
          </morfema.pronominal>
          <grup.verb>
            <v lem="anar" mood="indicative" num="s" person="3" pos="vaip3s0" postype="auxiliary" tense="present" wd="va"/>
            <v lem="curar" lss="B21.unaccusative-state" mood="infinitive" pos="vmn0000" postype="main" wd="curar"/>
          </grup.verb>
          <sp arg="argM" func="cc" tem="cau">
            <prep>
              <s lem="gràcies_a" pos="sps00" postype="preposition" wd="gràcies_a"/>
            </prep>
            <sn entity="entity2" entityref="ne" ne="person">
              <grup.nom gen="m" num="s">
                <n lem="Joan_XXIII" ne="person" pos="np0000p" postype="proper" sense="16:cs1" wd="Joan_XXIII"/>
              </grup.nom>
            </sn>
          </sp>
        </S>
      </grup.nom>
    </sn>
    <grup.verb>
      <v lem="defugir" lss="A21.transitive-agentive-patient" mood="indicative" num="s" person="3" pos="vmip3s0" postype="main" tense="present" wd="defuig"/>
    </grup.verb>
    <sn arg="arg1" entityref="nne" func="cd" homophoricDD="yes" tem="pat">
      <spec gen="f" num="p">
        <d gen="f" lem="el" num="p" pos="da0fp0" postype="article" wd="les"/>
      </spec>
      <grup.nom gen="f" num="p">
        <n gen="f" lem="aparició" num="p" pos="ncfp000" postype="common" sense="16:00027339" wd="aparicions"/>
        <s.a gen="f" num="p">
          <grup.a gen="f" num="p">
            <a gen="f" lem="públic" num="p" pos="aq0fp0" postype="qualificative" wd="públiques"/>
          </grup.a>
        </s.a>
      </grup.nom>
    </sn>
    <f lem="." pos="fp" punct="period" wd="."/>
  </sentence>
  <sentence entity="entity4">
    <sn arg="arg1" coreftype="ident" entity="entity1" entityref="ne" func="suj" ne="person" tem="tem">
      <grup.nom gen="f" num="s">
        <n lem="Caterina_Capitani" ne="person" pos="np0000p" postype="proper" sense="16:cs1" wd="Caterina_Capitani"/>
        <S clausetype="relative">
          <f lem="," pos="fc" punct="comma" wd=","/>
          <relatiu arg="arg1" coreftype="ident" entity="entity1" entityref="spec" func="suj" tem="tem">
            <p gen="c" lem="que" num="c" pos="pr0cn000" postype="relative" wd="que"/>
          </relatiu>
          <neg func="mod">
            <r lem="no" pos="rn" postype="negative" wd="no"/>
          </neg>
          <grup.verb>
            <v lem="ser" lss="C21.state-attributive" mood="indicative" num="s" person="3" pos="vsii3s0" postype="semiauxiliary" tense="imperfect" wd="era"/>
          </grup.verb>
          <sn arg="arg2" func="atr" tem="atr">
            <spec gen="f" num="s">
              <d gen="f" lem="un" num="s" pos="di0fs0" postype="indefinite" wd="una"/>
            </spec>
            <grup.nom gen="f" num="s">
              <n gen="f" lem="devota" num="s" pos="ncfs000" postype="common" sense="16:07255925" wd="devota"/>
              <sp>
                <prep>
                  <s contracted="yes" gen="m" lem="del" num="s" pos="spcms" postype="preposition" wd="del"/>
                </prep>
                <sn coreftype="ident" entity="entity2" entityref="ne" ne="person">
                  <grup.nom gen="m" num="s">
                    <n lem="Papa" ne="person" pos="np0000p" postype="proper" sense="16:cs1" wd="Papa"/>
                  </grup.nom>
                </sn>
              </sp>
            </grup.nom>
          </sn>
          <f lem="," pos="fc" punct="comma" wd=","/>
        </S>
      </grup.nom>
    </sn>
    <morfema.pronominal>
      <p gen="c" lem="ell" num="c" person="3" pos="p0300000" wd="es"/>
    </morfema.pronominal>
    <grup.verb>
      <v lem="anar" mood="indicative" num="s" person="3" pos="vaip3s0" postype="auxiliary" tense="present" wd="va"/>
      <v lem="refer" lss="B21.unaccusative-state" mood="infinitive" pos="vmn0000" postype="main" wd="refer"/>
    </grup.verb>
    <sp arg="arg2" func="creg" tem="ein">
      <prep>
        <s lem="de" pos="sps00" postype="preposition" wd="d'"/>
      </prep>
      <sn entity="entity9" entityref="nne">
        <spec gen="f" num="s">
          <d gen="f" lem="un" num="s" pos="di0fs0" postype="indefinite" wd="una"/>
        </spec>
        <grup.nom gen="f" num="s">
          <n gen="f" lem="malaltia" num="s" pos="ncfs000" postype="common" sense="16:10129713" wd="malaltia"/>
          <s.a gen="f" num="s">
            <grup.a gen="f" num="s">
              <a gen="c" lem="mortal" num="s" pos="aq0cs0" postype="qualificative" wd="mortal"/>
            </grup.a>
          </s.a>
        </grup.nom>
      </sn>
    </sp>
    <f lem="." pos="fp" punct="period" wd="."/>
  </sentence>
  <sentence>
    <sn arg="arg1" corefsubtype="definit" coreftype="pred" entity="entity3" func="suj" tem="tem">
      <spec gen="f" num="s">
        <d gen="f" lem="el" num="s" pos="da0fs0" postype="article" wd="La"/>
      </spec>
      <grup.nom gen="f" num="s">
        <n gen="f" lem="beneficiària" num="s" pos="ncfs000" postype="common" sense="16:cs1" wd="beneficiària"/>
        <sp>
          <prep>
            <s contracted="yes" gen="m" lem="del" num="s" pos="spcms" postype="preposition" wd="del"/>
          </prep>
          <sn corefsubtype="token" coreftype="dx" entity="entity4" entityref="nne">
            <grup.nom gen="m" num="s">
              <n gen="m" lem="miracle" num="s" pos="ncms000" postype="common" sense="16:05436522" wd="miracle"/>
            </grup.nom>
          </sn>
        </sp>
        <S clausetype="relative">
          <relatiu arg="arg1" coreftype="ident" entity="entity4" entityref="nne" func="suj" tem="tem">
            <p gen="c" lem="que" num="c" pos="pr0cn000" postype="relative" wd="que"/>
          </relatiu>
          <sn arg="arg3" coreftype="ident" entity="entity2" entityref="spec" func="ci" repetition="yes" tem="ben">
            <grup.nom num="s">
              <p case="dative" gen="c" lem="ell" num="s" person="3" pos="pp3csd00" postype="personal" wd="li"/>
            </grup.nom>
          </sn>
          <grup.verb>
            <v lem="haver" mood="indicative" num="s" person="3" pos="vaip3s0" postype="auxiliary" tense="present" wd="ha"/>
            <v gen="m" lem="valer" lss="C41.state-benefactive" mood="participle" num="s" pos="vmp00sm" postype="main" wd="valgut"/>
          </grup.verb>
          <sp arg="arg3" func="ci" repetition="yes" tem="ben">
            <prep>
              <s lem="a" pos="sps00" postype="preposition" wd="a"/>
            </prep>
            <sn coreftype="ident" entity="entity2" entityref="ne" ne="person">
              <grup.nom gen="m" num="s">
                <n lem="Joan_XXIII" ne="person" pos="np0000p" postype="proper" sense="16:cs1" wd="Joan_XXIII"/>
              </grup.nom>
            </sn>
          </sp>
          <sn arg="arg2" entity="entity17" entityref="nne" func="cd" functype="quantitative" tem="atr">
            <spec gen="f" num="s">
              <d gen="f" lem="el" num="s" pos="da0fs0" postype="article" wd="la"/>
            </spec>
            <grup.nom gen="f" num="s">
              <n gen="f" lem="proclamació" num="s" pos="ncfs000" postype="common" sense="16:05043361" wd="proclamació"/>
              <sp>
                <prep>
                  <s lem="de" pos="sps00" postype="preposition" wd="de"/>
                </prep>
                <sn>
                  <grup.nom gen="m" num="s">
                    <n gen="m" lem="beat" num="s" pos="ncms000" postype="common" sense="16:cs1" wd="beat"/>
                  </grup.nom>
                </sn>
              </sp>
            </grup.nom>
          </sn>
        </S>
      </grup.nom>
    </sn>
    <grup.verb>
      <v lem="ser" lss="C21.state-attributive" mood="indicative" num="s" person="3" pos="vsip3s0" postype="semiauxiliary" tense="present" wd="és"/>
    </grup.verb>
    <sn arg="arg2" coreftype="ident" entity="entity1" entityref="ne" func="atr" ne="person" tem="atr">
      <spec gen="f" num="s">
        <d gen="f" lem="el" num="s" pos="da0fs0" postype="article" wd="la"/>
      </spec>
      <grup.nom gen="f" num="s">
        <n gen="f" lem="monja" num="s" pos="ncfs000" postype="common" sense="16:07437315" wd="monja"/>
        <sn entityref="ne" ne="person">
          <grup.nom gen="f" num="s">
            <n lem="Caterina_Capitani" ne="person" pos="np0000p" postype="proper" sense="16:cs1" wd="Caterina_Capitani"/>
          </grup.nom>
        </sn>
        <sn entityref="nne" homophoricDD="yes">
          <f lem="," pos="fc" punct="comma" wd=","/>
          <grup.nom gen="f" num="s">
            <p gen="f" lem="un" num="s" pos="pi0fs000" postype="indefinite" wd="una"/>
            <sp>
              <prep>
                <s lem="de" pos="sps00" postype="preposition" wd="de"/>
              </prep>
              <sn>
                <spec gen="f" num="p">
                  <d gen="f" lem="el" num="p" pos="da0fp0" postype="article" wd="les"/>
                </spec>
                <grup.nom gen="f" num="p">
                  <n gen="f" lem="estrella" num="p" pos="ncfp000" postype="common" sense="16:cs1" wd="estrelles"/>
                </grup.nom>
              </sn>
            </sp>
            <sp>
              <prep>
                <s lem="de" pos="sps00" postype="preposition" wd="de"/>
              </prep>
              <sn entityref="nne" homophoricDD="yes">
                <spec gen="f" num="s">
                  <d gen="f" lem="el" num="s" pos="da0fs0" postype="article" wd="la"/>
                </spec>
                <grup.nom gen="f" num="s">
                  <n gen="f" lem="cerimònia" num="s" pos="ncfs000" postype="common" sense="16:05539741" wd="cerimònia"/>
                  <sp>
                    <prep>
                      <s lem="de" pos="sps00" postype="preposition" wd="d'"/>
                    </prep>
                    <sn entityref="nne">
                      <spec gen="m" num="s">
                        <d gen="m" lem="aquest" num="s" pos="dd0ms0" postype="demonstrative" wd="aquest"/>
                      </spec>
                      <grup.nom gen="m" num="s">
                        <n gen="m" lem="matí" num="s" pos="ncms000" postype="common" sense="16:10884278" wd="matí"/>
                      </grup.nom>
                    </sn>
                  </sp>
                  <sp>
                    <prep>
                      <s lem="a" pos="sps00" postype="preposition" wd="a"/>
                    </prep>
                    <sn entityref="ne" ne="location">
                      <spec gen="f" num="s">
                        <d gen="f" lem="el" num="s" pos="da0fs0" postype="article" wd="la"/>
                      </spec>
                      <grup.nom gen="f" num="s">
                        <n gen="f" lem="plaça" num="s" pos="ncfs000" postype="common" sense="16:06351418" wd="plaça"/>
                        <sp>
                          <prep>
                            <s lem="de" pos="sps00" postype="preposition" wd="de"/>
                          </prep>
                          <sn entityref="ne" ne="person">
                            <grup.nom gen="m" num="s">
                              <n lem="Sant_Pere" ne="person" pos="np0000p" postype="proper" sense="16:07747080" wd="Sant_Pere"/>
                            </grup.nom>
                          </sn>
                        </sp>
                      </grup.nom>
                    </sn>
                  </sp>
                </grup.nom>
              </sn>
            </sp>
          </grup.nom>
        </sn>
      </grup.nom>
    </sn>
    <f lem="." pos="fp" punct="period" wd="."/>
  </sentence>
  <sentence>
    <conj conjunctiontype="coordinating" func="et">
      <c lem="però" pos="cc" postype="coordinating" wd="Però"/>
    </conj>
    <sp arg="argM" func="cc" tem="tmp">
      <prep>
        <s lem="fins" pos="sps00" postype="preposition" wd="fins"/>
      </prep>
      <sadv>
        <grup.adv>
          <r lem="ara" pos="rg" wd="ara"/>
        </grup.adv>
      </sadv>
    </sp>
    <sn arg="arg0" coreftype="ident" elliptic="yes" entity="entity1" entityref="spec" func="suj" tem="agt"/>
    <morfema.pronominal>
      <p gen="c" lem="ell" num="c" person="3" pos="p0300000" wd="s'"/>
    </morfema.pronominal>
    <grup.verb>
      <v lem="haver" mood="indicative" num="s" person="3" pos="vaip3s0" postype="auxiliary" tense="present" wd="ha"/>
      <v gen="m" lem="mantenir" lss="B22.unaccusative-passive-transitive" mood="participle" num="s" pos="vmp00sm" postype="main" wd="mantingut"/>
    </grup.verb>
    <S arg="argM" clausetype="participle" func="cpred" impersonal="yes" predicate="suj" tem="atr">
      <participi>
        <a gen="f" lem="amagat" num="s" pos="aq0fsp" posfunction="participle" postype="qualificative" wd="amagada"/>
      </participi>
    </S>
    <f lem="." pos="fp" punct="period" wd="."/>
  </sentence>
  <sentence>
    <sn arg="arg0" coreftype="ident" elliptic="yes" entity="entity1" entityref="spec" func="suj" tem="agt"/>
    <neg func="mod">
      <r lem="no" pos="rn" postype="negative" wd="No"/>
    </neg>
    <grup.verb>
      <v lem="haver" mood="indicative" num="s" person="3" pos="vaip3s0" postype="auxiliary" tense="present" wd="ha"/>
      <v gen="m" lem="concedir" lss="A32.ditransitive-patient-benefactive" mood="participle" num="s" pos="vmp00sm" postype="main" wd="concedit"/>
    </grup.verb>
    <sn arg="arg1" func="cd" tem="pat">
      <grup.nom discid="1n" gen="f" num="p">
        <n gen="f" lem="entrevista" num="p" pos="ncfp000" postype="common" sense="16:05344204" wd="entrevistes"/>
      </grup.nom>
    </sn>
    <sp arg="arg2" func="ci" tem="ben">
      <f lem="," pos="fc" punct="comma" wd=","/>
      <sadv adjunct="yes">
        <grup.adv>
          <r lem="ni_tan_sols" pos="rg" wd="ni_tan_sols"/>
        </grup.adv>
      </sadv>
      <sp>
        <prep>
          <s contracted="yes" gen="m" lem="al" num="p" pos="spcmp" postype="preposition" wd="als"/>
        </prep>
        <sn entityref="nne" homophoricDD="yes">
          <grup.nom gen="m" num="p">
            <n gen="m" lem="mitjà" num="p" pos="ncmp000" postype="common" sense="16:02975720" wd="mitjans"/>
            <s.a gen="m" num="p">
              <grup.a gen="m" num="p">
                <a gen="m" lem="catòlic" num="p" pos="aq0mp0" postype="qualificative" wd="catòlics"/>
              </grup.a>
            </s.a>
          </grup.nom>
        </sn>
      </sp>
    </sp>
    <sp discid="1c">
      <f lem="," pos="fc" punct="comma" wd=","/>
      <prep>
        <s lem="excepte" pos="sps00" postype="preposition" wd="excepte"/>
      </prep>
      <sn entityref="nne">
        <spec gen="f" num="p">
          <d gen="f" lem="algun" num="p" pos="di0fp0" postype="indefinite" wd="algunes"/>
        </spec>
        <grup.nom gen="f" num="p">
          <n gen="f" lem="trobada" num="p" pos="ncfp000" postype="common" sense="16:00799023" wd="trobades"/>
          <s.a gen="f" num="p">
            <grup.a gen="f" num="p">
              <a gen="c" lem="informal" num="p" pos="aq0cp0" postype="qualificative" wd="informals"/>
            </grup.a>
          </s.a>
          <sp>
            <f lem="," pos="fc" punct="comma" wd=","/>
            <prep>
              <c lem="com" pos="cs" postype="subordinating" wd="com"/>
            </prep>
            <sn entity="entity5" entityref="nne">
              <grup.nom gen="f" num="s">
                <p gen="f" lem="un" num="s" pos="pi0fs000" postype="indefinite" wd="una"/>
                <S clausetype="relative">
                  <relatiu arg="arg1" coreftype="ident" entity="entity5" entityref="nne" func="suj" tem="pat">
                    <p gen="c" lem="que" num="c" pos="pr0cn000" postype="relative" wd="que"/>
                  </relatiu>
                  <sadv arg="argM" func="cc" tem="tmp">
                    <grup.adv>
                      <r lem="ja" pos="rg" wd="ja"/>
                    </grup.adv>
                  </sadv>
                  <grup.verb>
                    <v lem="haver" mood="indicative" num="s" person="3" pos="vaip3s0" postype="auxiliary" tense="present" wd="ha"/>
                    <v gen="m" lem="ser" mood="participle" num="s" pos="vsp00sm" postype="semiauxiliary" wd="estat"/>
                    <v gen="f" lem="explicar" lss="B12.unaccusative-passive-ditransitive" mood="participle" num="s" pos="vmp00sf" postype="main" wd="explicada"/>
                  </grup.verb>
                  <sp arg="arg0" func="cag" tem="agt">
                    <prep>
                      <s contracted="yes" gen="m" lem="pel" num="s" pos="spcms" postype="preposition" wd="pel"/>
                    </prep>
                    <sn entityref="ne" ne="other">
                      <grup.nom gen="m" num="s">
                        <n gen="m" lem="setmanari" num="s" pos="ncms000" postype="common" sense="16:04947438" wd="setmanari"/>
                        <sn entityref="ne" ne="other">
                          <grup.nom>
                            <n lem="Familia_Cristiana" ne="other" pos="np0000a" postype="proper" sense="16:cs1" wd="Familia_Cristiana"/>
                          </grup.nom>
                        </sn>
                      </grup.nom>
                    </sn>
                  </sp>
                </S>
              </grup.nom>
            </sn>
          </sp>
        </grup.nom>
      </sn>
    </sp>
    <f lem="." pos="fp" punct="period" wd="."/>
  </sentence>
  <sentence coord="yes">
    <S>
      <sn arg="arg1" coreftype="ident" entity="entity1" entityref="spec" func="suj" tem="tem">
        <spec gen="f" num="s">
          <d gen="f" lem="el" num="s" pos="da0fs0" postype="article" wd="La"/>
        </spec>
        <grup.nom gen="f" num="s">
          <n gen="f" lem="religiosa" num="s" pos="ncfs000" postype="common" sense="16:07437315" wd="religiosa"/>
        </grup.nom>
      </sn>
      <grup.verb>
        <v lem="viure" lss="C11.state-existential" mood="indicative" num="s" person="3" pos="vmip3s0" postype="main" tense="present" wd="viu"/>
      </grup.verb>
      <sp arg="arg2" func="cc" tem="loc">
        <prep>
          <s lem="a" pos="sps00" postype="preposition" wd="a"/>
        </prep>
        <sn entityref="ne" ne="location">
          <grup.nom>
            <n lem="Agrigent" ne="location" pos="np0000l" postype="proper" sense="16:cs1" wd="Agrigent"/>
          </grup.nom>
        </sn>
      </sp>
    </S>
    <conj conjunctiontype="coordinating">
      <c lem="i" pos="cc" postype="coordinating" wd="i"/>
    </conj>
    <S>
      <sn arg="arg1" coreftype="ident" elliptic="yes" entity="entity1" entityref="spec" func="suj" tem="tem"/>
      <grup.verb>
        <v lem="pertànyer" lss="C11.state-existential" mood="indicative" num="s" person="3" pos="vmip3s0" postype="main" tense="present" wd="pertany"/>
      </grup.verb>
      <sp arg="arg2" func="creg" tem="loc">
        <prep>
          <s lem="a" pos="sps00" postype="preposition" wd="a"/>
        </prep>
        <sn entity="entity6" entityref="ne" ne="organization">
          <spec gen="f" num="s">
            <d gen="f" lem="el" num="s" pos="da0fs0" postype="article" wd="la"/>
          </spec>
          <grup.nom gen="f" num="s">
            <n gen="f" lem="congregació" num="s" pos="ncfs000" postype="common" sense="16:00799654" wd="congregació"/>
            <sp>
              <prep>
                <s lem="de" pos="sps00" postype="preposition" wd="de"/>
              </prep>
              <sn entityref="ne" ne="organization">
                <spec gen="f" num="p">
                  <d gen="f" lem="el" num="p" pos="da0fp0" postype="article" wd="les"/>
                </spec>
                <grup.nom gen="f" num="p">
                  <n lem="Filles_de_la_Caritat_de_Sant_Vicenç_de_Paül" ne="organization" pos="np0000o" postype="proper" sense="16:cs1" wd="Filles_de_la_Caritat_de_Sant_Vicenç_de_Paül"/>
                  <S clausetype="relative">
                    <f lem="," pos="fc" punct="comma" wd=","/>
                    <relatiu arg="arg0" coreftype="ident" entity="entity6" entityref="spec" func="suj" tem="agt">
                      <p gen="c" lem="que" num="c" pos="pr0cn000" postype="relative" wd="que"/>
                    </relatiu>
                    <sn arg="argM" entityref="ne" func="cc" ne="date" tem="tmp">
                      <spec gen="m" num="p">
                        <d gen="m" lem="el" num="p" pos="da0mp0" postype="article" wd="els"/>
                      </spec>
                      <grup.nom gen="m" num="p">
                        <w lem="[??:??/??/50:??.??]" ne="date" wd="anys_50"/>
                      </grup.nom>
                    </sn>
                    <grup.verb>
                      <v lem="treballar" lss="D11.inergative-agentive" mood="indicative" num="p" person="3" pos="vmii3p0" postype="main" tense="imperfect" wd="treballaven"/>
                    </grup.verb>
                    <sp arg="argM" func="cc" tem="loc">
                      <prep>
                        <s contracted="yes" gen="m" lem="al" num="p" pos="spcmp" postype="preposition" wd="als"/>
                      </prep>
                      <sn entityref="nne" homophoricDD="yes">
                        <grup.nom gen="m" num="p">
                          <n gen="m" lem="hospital" num="p" pos="ncmp000" postype="common" sense="16:02834408" wd="hospitals"/>
                        </grup.nom>
                      </sn>
                    </sp>
                  </S>
                </grup.nom>
              </sn>
            </sp>
          </grup.nom>
        </sn>
      </sp>
    </S>
    <f lem="." pos="fp" punct="period" wd="."/>
  </sentence>
  <sentence entity="entity7">
    <sn arg="argM" entityref="ne" func="cc" ne="date" tem="tmp">
      <spec gen="m" num="s">
        <d gen="m" lem="el" num="s" pos="da0ms0" postype="article" wd="El"/>
      </spec>
      <grup.nom gen="m" num="s">
        <w lem="[??:??/??/1966:??.??]" ne="date" wd="1966"/>
      </grup.nom>
      <f lem="," pos="fc" punct="comma" wd=","/>
    </sn>
    <sn arg="arg0" coreftype="ident" entity="entity1" entityref="spec" func="suj" tem="agt">
      <spec gen="f" num="s">
        <d gen="f" lem="el" num="s" pos="da0fs0" postype="article" wd="la"/>
      </spec>
      <grup.nom gen="f" num="s">
        <n gen="f" lem="monja" num="s" pos="ncfs000" postype="common" sense="16:07437315" wd="monja"/>
      </grup.nom>
    </sn>
    <grup.verb>
      <v lem="anar" mood="indicative" num="s" person="3" pos="vaip3s0" postype="auxiliary" tense="present" wd="va"/>
      <v lem="vomitar" lss="A21.transitive-agentive-patient" mood="infinitive" pos="vmn0000" postype="main" wd="vomitar"/>
    </grup.verb>
    <sn arg="arg1" entityref="nne" func="cd" tem="pat">
      <grup.nom gen="f" num="s">
        <n gen="f" lem="sang" num="s" pos="ncfs000" postype="common" sense="16:04197156" wd="sang"/>
      </grup.nom>
    </sn>
    <f lem="." pos="fp" punct="period" wd="."/>
  </sentence>
  <sentence coord="yes">
    <S>
      <sn arg="arg1" corefsubtype="type" coreftype="dx" entity="entity7" entityref="nne" func="suj" tem="tem">
        <spec gen="m" num="s">
          <d gen="m" lem="el" num="s" pos="da0ms0" postype="article" wd="El"/>
        </spec>
        <grup.nom gen="m" num="s">
          <n gen="m" lem="fet" num="s" pos="ncms000" postype="common" sense="16:05432762" wd="fet"/>
        </grup.nom>
      </sn>
      <morfema.pronominal>
        <p gen="c" lem="ell" num="c" person="3" pos="p0300000" wd="es"/>
      </morfema.pronominal>
      <grup.verb>
        <v lem="anar" mood="indicative" num="s" person="3" pos="vaip3s0" postype="auxiliary" tense="present" wd="va"/>
        <v lem="repetir" lss="B21.unaccusative-state" mood="infinitive" pos="vmn0000" postype="main" wd="repetir"/>
      </grup.verb>
      <sp arg="argM" func="cc" tem="tmp">
        <prep>
          <s lem="al_cap_de" pos="sps00" postype="preposition" wd="al_cap_de"/>
        </prep>
        <sn>
          <spec gen="m" num="p">
            <d gen="c" lem="sis" num="p" pos="dn0cp0" postype="numeral" wd="sis"/>
          </spec>
          <grup.nom gen="m" num="p">
            <n gen="m" lem="mes" num="p" pos="ncmp000" postype="common" sense="16:10919146" wd="mesos"/>
          </grup.nom>
        </sn>
      </sp>
    </S>
    <conj conjunctiontype="coordinating">
      <c lem="i" pos="cc" postype="coordinating" wd="i"/>
    </conj>
    <S>
      <sadv arg="argM" func="cc" tem="tmp">
        <grup.adv>
          <r lem="llavors" pos="rg" wd="llavors"/>
        </grup.adv>
      </sadv>
      <sn arg="arg1" coreftype="ident" elliptic="yes" entity="entity1" entityref="spec" func="suj" tem="pat"/>
      <grup.verb>
        <v lem="anar" mood="indicative" num="s" person="3" pos="vaip3s0" postype="auxiliary" tense="present" wd="va"/>
        <v lem="ser" mood="infinitive" pos="vsn0000" postype="semiauxiliary" wd="ser"/>
        <v gen="f" lem="operar" lss="B22.unaccusative-passive-transitive" mood="participle" num="s" pos="vmp00sf" postype="main" wd="operada"/>
      </grup.verb>
      <sp arg="arg0" func="cag" tem="agt">
        <prep>
          <s lem="per" pos="sps00" postype="preposition" wd="per"/>
        </prep>
        <sn entity="entity8" entityref="ne" ne="person">
          <grup.nom gen="m" num="s">
            <p gen="m" lem="un" num="s" pos="pi0ms000" postype="indefinite" wd="un"/>
            <sp>
              <prep>
                <s contracted="yes" gen="m" lem="del" num="p" pos="spcmp" postype="preposition" wd="dels"/>
              </prep>
              <sn entityref="nne" homophoricDD="yes">
                <grup.nom gen="m" num="p">
                  <s.a gen="m" num="p">
                    <grup.a gen="m" num="p">
                      <a gen="c" lem="millor" num="p" pos="aq0cp0" postype="qualificative" wd="millors"/>
                    </grup.a>
                  </s.a>
                  <n gen="c" lem="especialista" num="p" pos="nccp000" postype="common" sense="16:07597774" wd="especialistes"/>
                  <s.a gen="m" num="p">
                    <grup.a gen="m" num="p">
                      <a gen="m" lem="italià" num="p" pos="aq0mp0" postype="qualificative" wd="italians"/>
                    </grup.a>
                  </s.a>
                </grup.nom>
              </sn>
            </sp>
            <sn entityref="ne" ne="person">
              <f lem="," pos="fc" punct="comma" wd=","/>
              <grup.nom gen="m" num="s">
                <n lem="Giuseppe_Zannini" ne="person" pos="np0000p" postype="proper" sense="16:cs1" wd="Giuseppe_Zannini"/>
              </grup.nom>
            </sn>
          </grup.nom>
        </sn>
      </sp>
    </S>
    <f lem="." pos="fp" punct="period" wd="."/>
  </sentence>
  <sentence>
    <sn arg="arg0" coreftype="ident" entity="entity8" entityref="spec" func="suj" tem="agt">
      <spec gen="m" num="s">
        <d gen="m" lem="el" num="s" pos="da0ms0" postype="article" wd="El"/>
      </spec>
      <grup.nom gen="m" num="s">
        <n gen="m" lem="doctor" num="s" pos="ncms000" postype="common" sense="16:07220340" wd="doctor"/>
      </grup.nom>
    </sn>
    <sn arg="arg2" coreftype="ident" entity="entity1" entityref="spec" func="ci" tem="ben">
      <grup.nom num="s">
        <p case="dative" gen="c" lem="ell" num="s" person="3" pos="pp3csd00" postype="personal" wd="li"/>
      </grup.nom>
    </sn>
    <grup.verb>
      <v lem="anar" mood="indicative" num="s" person="3" pos="vaip3s0" postype="auxiliary" tense="present" wd="va"/>
      <v lem="diagnosticar" lss="A21.transitive-agentive-patient" mood="infinitive" pos="vmn0000" postype="main" wd="diagnosticar"/>
    </grup.verb>
    <sn arg="arg1" coreftype="ident" entity="entity9" entityref="nne" func="cd" tem="pat">
      <spec gen="f" num="s">
        <d gen="f" lem="un" num="s" pos="di0fs0" postype="indefinite" wd="una"/>
      </spec>
      <grup.nom gen="f" num="s">
        <s.a gen="f" num="s">
          <grup.a gen="f" num="s">
            <a gen="f" lem="estrany" num="s" pos="aq0fs0" postype="qualificative" wd="estranya"/>
          </grup.a>
        </s.a>
        <n gen="f" lem="patologia" num="s" pos="ncfs000" postype="common" sense="16:10129713" wd="patologia"/>
        <s.a complex="yes" gen="f" num="s">
          <grup.a coord="yes" gen="f" num="s">
            <grup.a gen="f" num="s">
              <a gen="c" lem="incurable" num="s" pos="aq0cs0" postype="qualificative" wd="incurable"/>
            </grup.a>
            <conj conjunctiontype="coordinating">
              <c lem="i" pos="cc" postype="coordinating" wd="i"/>
            </conj>
            <grup.a gen="f" num="s">
              <a gen="c" lem="mortal" num="s" pos="aq0cs0" postype="qualificative" wd="mortal"/>
            </grup.a>
          </grup.a>
        </s.a>
        <S clausetype="participle" impersonal="yes">
          <f lem="," pos="fc" punct="comma" wd=","/>
          <participi>
            <a gen="f" lem="anomenat" lss="B22.unaccusative-passive-transitive" num="s" pos="aq0fsp" posfunction="participle" postype="qualificative" wd="anomenada"/>
          </participi>
          <sn arg="arg2" func="cpred" tem="atr">
            <grup.nom gen="m" num="s">
              <n gen="m" lem="estómac" num="s" pos="ncms000" postype="common" sense="16:04194181" wd="estómac"/>
              <s.a gen="m" num="s">
                <grup.a gen="m" num="s">
                  <a gen="m" lem="vermell" num="s" pos="aq0ms0" postype="qualificative" wd="vermell"/>
                </grup.a>
              </s.a>
            </grup.nom>
          </sn>
        </S>
      </grup.nom>
    </sn>
    <S clausesubtype="consecutive" clausetype="adverbial" coord="yes" func="ao">
      <f lem="," pos="fc" punct="comma" wd=","/>
      <conj conjunctiontype="subordinating">
        <c lem="de_manera_que" pos="cs" postype="subordinating" wd="de_manera_que"/>
      </conj>
      <S clausesubtype="consecutive" clausetype="adverbial">
        <sn arg="arg0" coreftype="ident" elliptic="yes" entity="entity1" entityref="spec" func="suj" tem="agt"/>
        <grup.verb>
          <v lem="anar" mood="indicative" num="p" person="3" pos="vaip3p0" postype="auxiliary" tense="present" wd="van"/>
          <v lem="avisar" lss="A34.ditransitive-patient-theme" mood="infinitive" pos="vmn0000" postype="main" wd="avisar"/>
        </grup.verb>
        <sn arg="arg1" entity="entity10" entityref="nne" func="cd" homophoricDD="yes" tem="pat">
          <spec gen="m" num="s">
            <d gen="m" lem="el" num="s" pos="da0ms0" postype="article" wd="el"/>
          </spec>
          <grup.nom gen="m" num="s">
            <n gen="m" lem="capellà" num="s" pos="ncms000" postype="common" sense="16:07497477" wd="capellà"/>
          </grup.nom>
        </sn>
      </S>
      <conj conjunctiontype="coordinating">
        <c lem="i" pos="cc" postype="coordinating" wd="i"/>
      </conj>
      <S clausesubtype="consecutive" clausetype="adverbial">
        <sn arg="arg0" coreftype="ident" elliptic="yes" entity="entity10+entity1" entityref="spec" func="suj" tem="agt"/>
        <sn arg="arg2" coreftype="ident" entity="entity1" entityref="spec" func="ci" tem="ben">
          <grup.nom num="s">
            <p case="dative" gen="c" lem="ell" num="s" person="3" pos="pp3csd00" postype="personal" wd="li"/>
          </grup.nom>
        </sn>
        <grup.verb>
          <v lem="anar" mood="indicative" num="p" person="3" pos="vaip3p0" postype="auxiliary" tense="present" wd="van"/>
          <v lem="administrar" lss="A32.ditransitive-patient-benefactive" mood="infinitive" pos="vmn0000" postype="main" wd="administrar"/>
        </grup.verb>
        <sn arg="arg1" entityref="nne" func="cd" homophoricDD="yes" tem="pat">
          <spec gen="f" num="s">
            <d gen="c" lem="el" num="s" pos="da0cs0" postype="article" wd="l'"/>
          </spec>
          <grup.nom gen="f" num="s">
            <n gen="f" lem="extremunció" num="s" pos="ncfs000" postype="common" sense="16:00672030" wd="extremunció"/>
          </grup.nom>
        </sn>
      </S>
    </S>
    <f lem="." pos="fp" punct="period" wd="."/>
  </sentence>
  <sentence>
    <sn arg="arg0" coreftype="ident" entity="entity1" entityref="ne" func="suj" ne="person" tem="agt">
      <grup.nom gen="f" num="s">
        <n lem="Capitani" ne="person" pos="np0000p" postype="proper" sense="16:cs1" wd="Capitani"/>
      </grup.nom>
    </sn>
    <neg func="mod">
      <r lem="no" pos="rn" postype="negative" wd="no"/>
    </neg>
    <grup.verb>
      <v lem="sentir" lss="A21.transitive-agentive-patient" mood="indicative" num="s" person="3" pos="vmii3s0" postype="main" tense="imperfect" wd="sentia"/>
    </grup.verb>
    <sn arg="arg1" func="cd" tem="pat">
      <spec gen="f" num="s">
        <d gen="c" lem="gaire" num="c" pos="di0cn0" postype="indefinite" wd="gaire"/>
      </spec>
      <grup.nom gen="f" num="s">
        <n gen="f" lem="devoció" num="s" pos="ncfs000" postype="common" sense="16:00675531" wd="devoció"/>
      </grup.nom>
    </sn>
    <sp arg="argM" func="cc" tem="adv">
      <prep>
        <s lem="per" pos="sps00" postype="preposition" wd="per"/>
      </prep>
      <sn coreftype="ident" entity="entity2" entityref="ne" ne="person">
        <grup.nom gen="m" num="s">
          <n lem="Joan_XXIII" ne="person" pos="np0000p" postype="proper" sense="16:cs1" wd="Joan_XXIII"/>
        </grup.nom>
      </sn>
    </sp>
    <f lem="." pos="fp" punct="period" wd="."/>
  </sentence>
  <sentence verbless="yes">
    <sadv>
      <grup.adv>
        <r lem="més_aviat" pos="rg" wd="Més_aviat"/>
      </grup.adv>
    </sadv>
    <sadv>
      <grup.adv>
        <r lem="al_contrari" pos="rg" wd="al_contrari"/>
      </grup.adv>
    </sadv>
    <f lem="." pos="fp" punct="period" wd="."/>
  </sentence>
  <sentence>
    <S arg="argM" clausetype="adverbial" func="cc" tem="tmp">
      <conj conjunctiontype="subordinating">
        <c lem="quan" pos="cs" postype="subordinating" wd="Quan"/>
      </conj>
      <sn arg="arg1" coreftype="ident" elliptic="yes" entity="entity2" entityref="spec" func="suj" tem="pat"/>
      <grup.verb>
        <v lem="anar" mood="indicative" num="s" person="3" pos="vaip3s0" postype="auxiliary" tense="present" wd="va"/>
        <v lem="ser" mood="infinitive" pos="vsn0000" postype="semiauxiliary" wd="ser"/>
        <v gen="m" lem="elegir" lss="B22.unaccusative-passive-transitive" mood="participle" num="s" pos="vmp00sm" postype="main" wd="elegit"/>
      </grup.verb>
      <sn arg="argM" entityref="ne" func="cpred" ne="person" predicate="suj" tem="atr">
        <grup.nom gen="m" num="s">
          <n lem="Papa" ne="person" pos="np0000p" postype="proper" sense="16:cs1" wd="Papa"/>
        </grup.nom>
      </sn>
    </S>
    <sn arg="arg1" coreftype="ident" elliptic="yes" entity="entity1" entityref="spec" func="suj" tem="tem"/>
    <grup.verb>
      <v lem="anar" mood="indicative" num="s" person="3" pos="vaip3s0" postype="auxiliary" tense="present" wd="va"/>
      <v lem="tenir" lss="C21.state-attributive" mood="infinitive" pos="vmn0000" postype="main" wd="tenir"/>
    </grup.verb>
    <sn arg="arg2" entityref="nne" func="cd" functype="quantitative" tem="atr">
      <spec gen="f" num="s">
        <d gen="f" lem="un" num="s" pos="di0fs0" postype="indefinite" wd="una"/>
      </spec>
      <grup.nom gen="f" num="s">
        <n gen="f" lem="decepció" num="s" pos="ncfs000" postype="common" sense="16:05605549" wd="decepció"/>
      </grup.nom>
    </sn>
    <f lem="." pos="fp" punct="period" wd="."/>
  </sentence>
  <sentence>
    <S arg="arg1" clausetype="completive" func="cd" tem="pat">
      <f lem="&quot;" pos="fe" punct="quotation" wd="&quot;"/>
      <conj conjunctiontype="coordinating" func="et">
        <c lem="però" pos="cc" postype="coordinating" wd="Però"/>
      </conj>
      <sadv arg="argM" func="cc" tem="tmp">
        <grup.adv>
          <r lem="després" pos="rg" wd="després"/>
        </grup.adv>
        <f lem="," pos="fc" punct="comma" wd=","/>
      </sadv>
      <sn arg="arg0" coreftype="ident" entity="entity2" entityref="spec" func="suj" tem="agt">
        <spec gen="m" num="s">
          <d gen="m" lem="aquell" num="s" pos="dd0ms0" postype="demonstrative" wd="aquell"/>
        </spec>
        <grup.nom gen="m" num="s">
          <n gen="m" lem="senyor" num="s" pos="ncms000" postype="common" sense="16:07288873" wd="senyor"/>
          <s.a gen="m" num="s">
            <grup.a gen="m" num="s">
              <a gen="m" lem="ancià" num="s" pos="aq0ms0" postype="qualificative" wd="ancià"/>
            </grup.a>
          </s.a>
          <sp>
            <f lem="," pos="fc" punct="comma" wd=","/>
            <prep>
              <s lem="amb" pos="sps00" postype="preposition" wd="amb"/>
            </prep>
            <sn entityref="nne">
              <grup.nom gen="f" num="p">
                <n gen="f" lem="manera" num="p" pos="ncfp000" postype="common" sense="16:03856995" wd="maneres"/>
                <sp>
                  <prep>
                    <s lem="de" pos="sps00" postype="preposition" wd="d'"/>
                  </prep>
                  <sn entityref="nne">
                    <spec gen="m" num="s">
                      <d gen="m" lem="un" num="s" pos="di0ms0" postype="indefinite" wd="un"/>
                    </spec>
                    <grup.nom gen="m" num="s">
                      <n gen="m" lem="pare" num="s" pos="ncms000" postype="common" sense="16:07258194" wd="pare"/>
                      <s.a gen="m" num="s">
                        <grup.a gen="m" num="s">
                          <a gen="m" lem="vell" num="s" pos="aq0ms0" postype="qualificative" wd="vell"/>
                        </grup.a>
                      </s.a>
                    </grup.nom>
                  </sn>
                </sp>
              </grup.nom>
            </sn>
            <f lem="," pos="fc" punct="comma" wd=","/>
          </sp>
        </grup.nom>
      </sn>
      <sn arg="arg2" coreftype="ident" entity="entity1" entityref="spec" func="ci" tem="ben">
        <grup.nom num="s">
          <p gen="c" lem="jo" num="s" person="1" pos="pp1cs000" postype="personal" wd="em"/>
        </grup.nom>
      </sn>
      <grup.verb>
        <v lem="anar" mood="indicative" num="s" person="3" pos="vaip3s0" postype="auxiliary" tense="present" wd="va"/>
        <v lem="conquistar" lss="A21.transitive-agentive-patient" mood="infinitive" pos="vmn0000" postype="main" wd="conquistar"/>
      </grup.verb>
      <S arg="argM" clausetype="adverbial" func="cc" tem="adv">
        <f lem="," pos="fc" punct="comma" wd=","/>
        <conj conjunctiontype="subordinating">
          <c lem="com" pos="cs" postype="subordinating" wd="com"/>
        </conj>
        <sn arg="arg0" coreftype="ident" elliptic="yes" entity="entity2" entityref="spec" func="suj" tem="agt"/>
        <grup.verb>
          <v lem="anar" mood="indicative" num="s" person="3" pos="vaip3s0" postype="auxiliary" tense="present" wd="va"/>
          <v lem="fer" lss="A21.transitive-agentive-patient" mood="infinitive" pos="vmn0000" postype="main" wd="fer"/>
        </grup.verb>
        <sp arg="argM" func="cc" tem="adv">
          <prep>
            <s lem="amb" pos="sps00" postype="preposition" wd="amb"/>
          </prep>
          <sn entityref="nne">
            <spec gen="f" num="p">
              <d gen="f" lem="molt" num="p" pos="di0fp0" postype="indefinite" wd="moltes"/>
            </spec>
            <grup.nom gen="f" num="p">
              <n gen="f" lem="persona" num="p" pos="ncfp000" postype="common" sense="16:00004123" wd="persones"/>
            </grup.nom>
          </sn>
        </sp>
      </S>
      <f lem="&quot;" pos="fe" punct="quotation" wd="&quot;"/>
      <f lem="," pos="fc" punct="comma" wd=","/>
    </S>
    <grup.verb>
      <v lem="haver" mood="indicative" num="s" person="3" pos="vaip3s0" postype="auxiliary" tense="present" wd="ha"/>
      <v gen="m" lem="explicar" lss="A32.ditransitive-patient-benefactive" mood="participle" num="s" pos="vmp00sm" postype="main" wd="explicat"/>
    </grup.verb>
    <sn arg="arg0" coreftype="ident" elliptic="yes" entity="entity1" entityref="spec" func="suj" tem="agt"/>
    <f lem="." pos="fp" punct="period" wd="."/>
  </sentence>
  <sentence>
    <S arg="arg1" clausetype="completive" func="cd" tem="pat">
      <f lem="&quot;" pos="fe" punct="quotation" wd="&quot;"/>
      <sn arg="arg0" entity="entity11" entityref="ne" func="suj" ne="organization" tem="agt">
        <spec gen="f" num="s">
          <d gen="c" lem="el" num="s" pos="da0cs0" postype="article" wd="L'"/>
        </spec>
        <grup.nom gen="f" num="s">
          <n lem="Església" ne="organization" pos="np0000o" postype="proper" sense="16:cs1" wd="Església"/>
        </grup.nom>
      </sn>
      <grup.verb>
        <v lem="fer_bé" lss="A22.transitive-agentive-theme" mood="indicative" num="s" person="3" pos="vmip3s0" postype="main" tense="present" wd="fa_bé"/>
      </grup.verb>
      <sp arg="arg1" func="creg" tem="tem">
        <prep>
          <s lem="de" pos="sps00" postype="preposition" wd="de"/>
        </prep>
        <S clausetype="completive" impersonal="yes">
          <infinitiu>
            <v lem="proclamar" lss="A21.transitive-agentive-patient" mood="infinitive" pos="vmn0000" postype="main" wd="proclamar"/>
          </infinitiu>
          <sn arg="arg1" coreftype="ident" entity="entity2" entityref="spec" func="cd" tem="pat">
            <grup.nom gen="m" num="s">
              <p case="accusative" gen="m" lem="ell" num="s" person="3" pos="pp3msa00" postype="personal" wd="-lo"/>
            </grup.nom>
          </sn>
          <sn arg="arg2" func="cpred" predicate="cd" tem="atr">
            <grup.nom gen="m" num="s">
              <n gen="m" lem="sant" num="s" pos="ncms000" postype="common" sense="16:07543434" wd="sant"/>
            </grup.nom>
          </sn>
        </S>
      </sp>
      <S arg="argM" clausetype="adverbial" coord="yes" func="cc" tem="cau">
        <f lem="," pos="fc" punct="comma" wd=","/>
        <conj conjunctiontype="subordinating">
          <c lem="perquè" pos="cs" postype="subordinating" wd="perquè"/>
        </conj>
        <S clausetype="adverbial">
          <sn arg="arg0" coreftype="ident" elliptic="yes" entity="entity2" entityref="spec" func="suj" tem="agt"/>
          <sn arg="arg1" coreftype="ident" entity="entity11" entityref="spec" func="cd" tem="pat">
            <grup.nom num="s">
              <p case="accusative" gen="c" lem="ell" num="s" person="3" pos="pp3csa00" postype="personal" wd="l'"/>
            </grup.nom>
          </sn>
          <grup.verb>
            <v lem="haver" mood="indicative" num="s" person="3" pos="vaip3s0" postype="auxiliary" tense="present" wd="ha"/>
            <v gen="f" lem="obrir" lss="A21.transitive-agentive-patient" mood="participle" num="s" pos="vmp00sf" postype="main" wd="oberta"/>
          </grup.verb>
          <sp arg="arg2" func="ci" tem="ben">
            <prep>
              <s contracted="yes" gen="m" lem="al" num="s" pos="spcms" postype="preposition" wd="al"/>
            </prep>
            <sn entity="entity14" entityref="nne" homophoricDD="yes">
              <grup.nom gen="m" num="s">
                <n gen="m" lem="món" num="s" pos="ncms000" postype="common" sense="16:05957670" wd="món"/>
              </grup.nom>
            </sn>
          </sp>
        </S>
        <f lem="," pos="fc" punct="comma" wd=","/>
        <S clausetype="adverbial">
          <sn arg="arg0" coreftype="ident" elliptic="yes" entity="entity2" entityref="spec" func="suj" tem="agt"/>
          <sn arg="arg1" coreftype="ident" entity="entity11" entityref="spec" func="cd" tem="pat">
            <grup.nom num="s">
              <p case="accusative" gen="c" lem="ell" num="s" person="3" pos="pp3csa00" postype="personal" wd="l'"/>
            </grup.nom>
          </sn>
          <grup.verb>
            <v lem="haver" mood="indicative" num="s" person="3" pos="vaip3s0" postype="auxiliary" tense="present" wd="ha"/>
            <v gen="m" lem="fer" lss="A21.transitive-agentive-patient" mood="participle" num="s" pos="vmp00sm" postype="main" wd="fet"/>
          </grup.verb>
          <sa arg="argM" func="cpred" predicate="cd" tem="atr">
            <spec>
              <r lem="més" pos="rg" wd="més"/>
            </spec>
            <grup.a>
              <a gen="f" lem="simpàtic" num="s" pos="aq0fs0" postype="qualificative" wd="simpàtica"/>
            </grup.a>
          </sa>
        </S>
      </S>
      <f lem="&quot;" pos="fe" punct="quotation" wd="&quot;"/>
      <f lem="," pos="fc" punct="comma" wd=","/>
    </S>
    <grup.verb>
      <v lem="subratllar" lss="A21.transitive-agentive-patient" mood="indicative" num="s" person="3" pos="vmip3s0" postype="main" tense="present" wd="subratlla"/>
    </grup.verb>
    <sn arg="arg0" coreftype="ident" elliptic="yes" entity="entity1" entityref="spec" func="suj" tem="agt"/>
    <f lem="." pos="fp" punct="period" wd="."/>
  </sentence>
  <sentence>
    <sadv func="et">
      <grup.adv>
        <r lem="en_realitat" pos="rg" wd="En_realitat"/>
      </grup.adv>
      <f lem="," pos="fc" punct="comma" wd=","/>
    </sadv>
    <sn arg="arg0" coreftype="ident" entity="entity1" entityref="ne" func="suj" ne="person" tem="agt">
      <spec gen="f" num="s">
        <d gen="f" lem="el" num="s" pos="da0fs0" postype="article" wd="la"/>
      </spec>
      <grup.nom gen="f" num="s">
        <n gen="f" lem="germana" num="s" pos="ncfs000" postype="common" sense="16:07579639" wd="germana"/>
        <sn entityref="ne" ne="person">
          <grup.nom gen="f" num="s">
            <n lem="Capitani" ne="person" pos="np0000p" postype="proper" sense="16:cs1" wd="Capitani"/>
          </grup.nom>
        </sn>
      </grup.nom>
    </sn>
    <grup.verb>
      <v lem="confessar" lss="A21.transitive-agentive-patient" mood="indicative" num="s" person="3" pos="vmip3s0" postype="main" tense="present" wd="confessa"/>
    </grup.verb>
    <S arg="arg1" clausetype="completive" func="cd" tem="pat">
      <conj conjunctiontype="subordinating">
        <c lem="que" pos="cs" postype="subordinating" wd="que"/>
      </conj>
      <sp arg="argM" func="cc" tem="loc">
        <prep>
          <s lem="en" pos="sps00" postype="preposition" wd="en"/>
        </prep>
        <sn entityref="nne" homophoricDD="yes">
          <spec gen="f" num="p">
            <d coreftype="ident" entity="entity1" entityref="spec" gen="f" lem="el_seu" num="p" person="3" pos="dp3fp0" postype="possessive" wd="les_seves"/>
          </spec>
          <grup.nom gen="f" num="p">
            <n gen="f" lem="pregària" num="p" pos="ncfp000" postype="common" sense="16:04854419" wd="pregàries"/>
            <sp>
              <prep>
                <s lem="de" pos="sps00" postype="preposition" wd="d'"/>
              </prep>
              <sn entityref="nne">
                <spec gen="m" num="p">
                  <d gen="m" lem="aquell" num="p" pos="dd0mp0" postype="demonstrative" wd="aquells"/>
                </spec>
                <grup.nom gen="m" num="p">
                  <n gen="m" lem="dia" num="p" pos="ncmp000" postype="common" sense="16:10878116" wd="dies"/>
                </grup.nom>
              </sn>
            </sp>
          </grup.nom>
        </sn>
      </sp>
      <sn arg="arg0" coreftype="ident" elliptic="yes" entity="entity1" entityref="spec" func="suj" tem="agt"/>
      <morfema.pronominal>
        <p gen="c" lem="ell" num="c" person="3" pos="p0300000" wd="es"/>
      </morfema.pronominal>
      <grup.verb>
        <v lem="anar" mood="indicative" num="s" person="3" pos="vaip3s0" postype="auxiliary" tense="present" wd="va"/>
        <v lem="dirigir" lss="A32.ditransitive-patient-benefactive" mood="infinitive" pos="vmn0000" postype="main" wd="dirigir"/>
      </grup.verb>
      <sp arg="arg2" func="ci" tem="ben">
        <prep>
          <s lem="a" pos="sps00" postype="preposition" wd="a"/>
        </prep>
        <sn entity="entity12" entityref="nne">
          <spec gen="m" num="s">
            <d gen="m" lem="un" num="s" pos="di0ms0" postype="indefinite" wd="un"/>
            <d gen="m" lem="altre" num="s" pos="di0ms0" postype="indefinite" wd="altre"/>
          </spec>
          <grup.nom gen="m" num="s">
            <n gen="m" lem="advocat" num="s" pos="ncms000" postype="common" sense="16:07366159" wd="advocat"/>
            <s.a gen="m" num="s">
              <grup.a gen="m" num="s">
                <a gen="c" lem="celestial" num="s" pos="aq0cs0" postype="qualificative" wd="celestial"/>
              </grup.a>
            </s.a>
            <sn entityref="ne" ne="person">
              <f lem="," pos="fc" punct="comma" wd=","/>
              <spec gen="f" num="s">
                <d gen="f" lem="el" num="s" pos="da0fs0" postype="article" wd="la"/>
              </spec>
              <grup.nom gen="f" num="s">
                <n lem="Mare_de_Déu_de_Pompeia" ne="person" pos="np0000p" postype="proper" sense="16:cs1" wd="Mare_de_Déu_de_Pompeia"/>
                <S>
                  <f lem=":" pos="fd" punct="colon" wd=":"/>
                  <f lem="&quot;" pos="fe" punct="quotation" wd="&quot;"/>
                  <sn arg="arg1" coreftype="ident" elliptic="yes" entity="entity12" entityref="nne" func="suj" tem="tem"/>
                  <grup.verb>
                    <v lem="ser" lss="C21.state-attributive" mood="indicative" num="s" person="3" pos="vsii3s0" postype="semiauxiliary" tense="imperfect" wd="Era"/>
                  </grup.verb>
                  <sn arg="arg2" corefsubtype="definit" coreftype="pred" entity="entity12" func="atr" tem="atr">
                    <spec gen="f" num="s">
                      <d gen="f" lem="el" num="s" pos="da0fs0" postype="article" wd="la"/>
                      <d gen="f" lem="mateix" num="s" pos="di0fs0" postype="indefinite" wd="mateixa"/>
                    </spec>
                    <grup.nom gen="f" num="s">
                      <S clausetype="relative">
                        <relatiu arg="arg1" coreftype="ident" entity="entity12" entityref="spec" func="cd" tem="pat">
                          <p gen="c" lem="que" num="c" pos="pr0cn000" postype="relative" wd="que"/>
                        </relatiu>
                        <grup.verb>
                          <v lem="haver" mood="indicative" num="s" person="3" pos="vaii3s0" postype="auxiliary" tense="imperfect" wd="havia"/>
                          <v gen="m" lem="invocar" lss="A21.transitive-agentive-patient" mood="participle" num="s" pos="vmp00sm" postype="main" wd="invocat"/>
                        </grup.verb>
                        <sn arg="arg0" entityref="nne" func="suj" tem="agt">
                          <spec gen="f" num="s">
                            <d coreftype="ident" entity="entity1" entityref="spec" gen="f" lem="el_meu" num="s" person="1" pos="dp1fss" possessornum="s" postype="possessive" wd="la_meva"/>
                          </spec>
                          <grup.nom gen="f" num="s">
                            <n gen="f" lem="mare" num="s" pos="ncfs000" postype="common" sense="16:07419862" wd="mare"/>
                          </grup.nom>
                        </sn>
                        <sp arg="argM" func="cc" tem="fin">
                          <prep>
                            <s lem="per" pos="sps00" postype="preposition" wd="per"/>
                          </prep>
                          <S clausetype="completive" impersonal="yes">
                            <infinitiu>
                              <v lem="portar" lss="A21.transitive-agentive-patient" mood="infinitive" pos="vmn0000" postype="main" wd="portar"/>
                            </infinitiu>
                            <sn arg="arg2" coreftype="ident" entity="entity1" entityref="spec" func="ci" tem="ben">
                              <grup.nom num="s">
                                <p gen="c" lem="jo" num="s" person="1" pos="pp1cs000" postype="personal" wd="-me"/>
                              </grup.nom>
                            </sn>
                            <sp arg="arg4" func="creg" tem="des">
                              <prep>
                                <s contracted="yes" gen="m" lem="al" num="s" pos="spcms" postype="preposition" wd="al"/>
                              </prep>
                              <sn coreftype="ident" entity="entity14" entityref="nne" homophoricDD="yes">
                                <grup.nom gen="m" num="s">
                                  <n gen="m" lem="món" num="s" pos="ncms000" postype="common" sense="16:06753779" wd="món"/>
                                </grup.nom>
                              </sn>
                            </sp>
                          </S>
                        </sp>
                        <sadv arg="argM" func="cc" tem="tmp">
                          <f lem="," pos="fc" punct="comma" wd=","/>
                          <grup.adv>
                            <r lem="després" pos="rg" wd="després"/>
                            <sp>
                              <prep>
                                <s lem="de" pos="sps00" postype="preposition" wd="de"/>
                              </prep>
                              <sn coord="yes">
                                <sn entityref="nne">
                                  <spec gen="m" num="p">
                                    <d gen="m" lem="dos" num="p" pos="dn0mp0" postype="numeral" wd="dos"/>
                                  </spec>
                                  <grup.nom gen="m" num="p">
                                    <n gen="m" lem="germà" num="p" pos="ncmp000" postype="common" sense="16:07127521" wd="germans"/>
                                  </grup.nom>
                                </sn>
                                <conj conjunctiontype="coordinating">
                                  <c lem="i" pos="cc" postype="coordinating" wd="i"/>
                                </conj>
                                <sn entityref="nne" homophoricDD="yes">
                                  <spec gen="f" num="s">
                                    <d gen="c" lem="el" num="s" pos="da0cs0" postype="article" wd="l'"/>
                                  </spec>
                                  <grup.nom gen="f" num="s">
                                    <n gen="f" lem="opinió" num="s" pos="ncfs000" postype="common" sense="16:04495853" wd="opinió"/>
                                    <s.a gen="f" num="s">
                                      <grup.a gen="f" num="s">
                                        <a gen="f" lem="contrari" num="s" pos="aq0fs0" postype="qualificative" wd="contrària"/>
                                      </grup.a>
                                    </s.a>
                                    <sp>
                                      <prep>
                                        <s contracted="yes" gen="m" lem="del" num="p" pos="spcmp" postype="preposition" wd="dels"/>
                                      </prep>
                                      <sn entityref="nne" homophoricDD="yes">
                                        <grup.nom gen="m" num="p">
                                          <n gen="m" lem="metge" num="p" pos="ncmp000" postype="common" sense="16:07220340" wd="metges"/>
                                        </grup.nom>
                                      </sn>
                                    </sp>
                                  </grup.nom>
                                </sn>
                              </sn>
                            </sp>
                          </grup.adv>
                        </sadv>
                      </S>
                    </grup.nom>
                  </sn>
                  <f lem="&quot;" pos="fe" punct="quotation" wd="&quot;"/>
                </S>
              </grup.nom>
            </sn>
          </grup.nom>
        </sn>
      </sp>
    </S>
    <f lem="." pos="fp" punct="period" wd="."/>
  </sentence>
  <sentence entity="entity16">
    <S arg="argM" clausetype="adverbial" func="cc" tem="tmp">
      <conj conjunctiontype="subordinating">
        <c lem="mentre" pos="cs" postype="subordinating" wd="Mentre"/>
      </conj>
      <sn arg="arg1" coreftype="ident" entity="entity1" entityref="spec" func="suj" tem="tem">
        <spec gen="f" num="s">
          <d gen="f" lem="el" num="s" pos="da0fs0" postype="article" wd="la"/>
        </spec>
        <grup.nom gen="f" num="s">
          <n gen="f" lem="religiosa" num="s" pos="ncfs000" postype="common" sense="16:07437315" wd="religiosa"/>
        </grup.nom>
      </sn>
      <grup.verb>
        <v lem="jeure" lss="C11.state-existential" mood="indicative" num="s" person="1" pos="vmii1s0" postype="main" tense="imperfect" wd="jeia"/>
      </grup.verb>
      <sp arg="arg2" func="cc" tem="loc">
        <prep>
          <s contracted="yes" gen="m" lem="al" num="s" pos="spcms" postype="preposition" wd="al"/>
        </prep>
        <sn entityref="nne" homophoricDD="yes">
          <grup.nom gen="m" num="s">
            <n gen="m" lem="llit" num="s" pos="ncms000" postype="common" sense="16:02273239" wd="llit"/>
            <sp>
              <prep>
                <s lem="de" pos="sps00" postype="preposition" wd="de"/>
              </prep>
              <sn>
                <grup.nom gen="f" num="s">
                  <n gen="f" lem="mort" num="s" pos="ncfs000" postype="common" sense="16:cs1" wd="mort"/>
                </grup.nom>
              </sn>
            </sp>
          </grup.nom>
        </sn>
      </sp>
      <f lem="," pos="fc" punct="comma" wd=","/>
    </S>
    <sn arg="arg0" entity="entity15" entityref="spec" func="suj" tem="agt">
      <spec gen="f" num="s">
        <d gen="f" lem="un" num="s" pos="di0fs0" postype="indefinite" wd="una"/>
        <d gen="f" lem="altre" num="s" pos="di0fs0" postype="indefinite" wd="altra"/>
      </spec>
      <grup.nom gen="f" num="s">
        <n gen="f" lem="monja" num="s" pos="ncfs000" postype="common" sense="16:07437315" wd="monja"/>
        <sn entityref="ne" ne="person">
          <f lem="," pos="fc" punct="comma" wd=","/>
          <spec gen="f" num="s">
            <d gen="f" lem="el" num="s" pos="da0fs0" postype="article" wd="la"/>
          </spec>
          <grup.nom gen="f" num="s">
            <n gen="f" lem="germana" num="s" pos="ncfs000" postype="common" sense="16:07579639" wd="germana"/>
            <sn entityref="ne" ne="person">
              <grup.nom gen="f" num="s">
                <n lem="Adele" ne="person" pos="np0000p" postype="proper" sense="16:cs1" wd="Adele"/>
              </grup.nom>
            </sn>
          </grup.nom>
          <f lem="," pos="fc" punct="comma" wd=","/>
        </sn>
      </grup.nom>
    </sn>
    <grup.verb>
      <v lem="anar" mood="indicative" num="s" person="3" pos="vaip3s0" postype="auxiliary" tense="present" wd="va"/>
      <v lem="començar" mood="infinitive" pos="vmn0000" postype="main" wd="començar"/>
      <s lem="a" pos="sps00" postype="preposition" wd="a"/>
      <infinitiu>
        <v lem="encomanar" lss="A21.transitive-agentive-patient" mood="infinitive" pos="vmn0000" postype="main" wd="encomanar"/>
      </infinitiu>
    </grup.verb>
    <sn arg="arg1" coreftype="ident" entity="entity1" entityref="spec" func="cd" tem="pat">
      <grup.nom gen="f" num="s">
        <p case="accusative" gen="f" lem="ell" num="s" person="3" pos="pp3fsa00" postype="personal" wd="-la"/>
      </grup.nom>
    </sn>
    <sp arg="arg2" func="ci" tem="ben">
      <prep>
        <s contracted="yes" gen="m" lem="al" num="s" pos="spcms" postype="preposition" wd="al"/>
      </prep>
      <sn coreftype="ident" entity="entity2" entityref="spec" homophoricDD="yes">
        <grup.nom gen="m" num="s">
          <n gen="m" lem="papa" num="s" pos="ncms000" postype="common" sense="16:07488041" wd="papa"/>
          <s.a gen="m" num="s">
            <grup.a gen="m" num="s">
              <a gen="m" lem="bo" num="s" pos="aq0ms0" postype="qualificative" wd="bo"/>
            </grup.a>
          </s.a>
          <S clausetype="relative">
            <f lem="," pos="fc" punct="comma" wd=","/>
            <sp discid="1c">
              <prep>
                <s lem="de" pos="sps00" postype="preposition" wd="de"/>
              </prep>
              <relatiu coreftype="ident" entity="entity2" entityref="spec">
                <p gen="c" lem="qui" num="c" pos="pr0cn000" postype="relative" wd="qui"/>
              </relatiu>
            </sp>
            <sn arg="arg1" coreftype="ident" elliptic="yes" entity="entity15" entityref="spec" func="suj" tem="tem"/>
            <grup.verb>
              <v lem="ser" lss="C21.state-attributive" mood="indicative" num="s" person="3" pos="vsii3s0" postype="semiauxiliary" tense="imperfect" wd="era"/>
            </grup.verb>
            <sa arg="arg2" func="atr" tem="atr">
              <spec>
                <r lem="molt" pos="rg" wd="molt"/>
              </spec>
              <grup.a discid="1n">
                <a gen="f" lem="devot" num="s" pos="aq0fs0" postype="qualificative" wd="devota"/>
              </grup.a>
            </sa>
          </S>
        </grup.nom>
      </sn>
    </sp>
    <f lem="." pos="fp" punct="period" wd="."/>
  </sentence>
  <sentence>
    <S arg="arg1" clausetype="completive" func="cd" tem="pat">
      <f lem="&quot;" pos="fe" punct="quotation" wd="&quot;"/>
      <neg func="mod">
        <r lem="no" pos="rn" postype="negative" wd="No"/>
      </neg>
      <morfema.pronominal>
        <p gen="c" lem="hi" num="c" person="3" pos="pp3cn000" postype="personal" wd="hi"/>
      </morfema.pronominal>
      <grup.verb>
        <v lem="haver" lss="C11.state-existential" mood="indicative" num="s" person="3" pos="vmii3s0" postype="main" tense="imperfect" wd="havia"/>
      </grup.verb>
      <sn arg="arg1" func="cd" functype="quantitative" tem="tem">
        <grup.nom gen="m" num="s">
          <p gen="c" lem="res" num="s" pos="pi0cs000" postype="indefinite" wd="res"/>
          <sadv>
            <grup.adv>
              <r lem="més" pos="rg" wd="més"/>
            </grup.adv>
          </sadv>
          <sp>
            <prep>
              <s lem="a" pos="sps00" postype="preposition" wd="a"/>
            </prep>
            <S clausetype="completive" impersonal="yes">
              <infinitiu>
                <v lem="fer" lss="A21.transitive-agentive-patient" mood="infinitive" pos="vmn0000" postype="main" wd="fer"/>
              </infinitiu>
            </S>
          </sp>
        </grup.nom>
      </sn>
      <S clausesubtype="consecutive" clausetype="adverbial" func="ao">
        <f lem="," pos="fc" punct="comma" wd=","/>
        <conj conjunctiontype="subordinating">
          <c lem="de_manera_que" pos="cs" postype="subordinating" wd="de_manera_que"/>
        </conj>
        <sn arg="argM" entityref="nne" func="cc" tem="tmp">
          <spec gen="f" num="s">
            <d gen="f" lem="aquell" num="s" pos="dd0fs0" postype="demonstrative" wd="aquella"/>
          </spec>
          <grup.nom gen="f" num="s">
            <n gen="f" lem="nit" num="s" pos="ncfs000" postype="common" sense="16:10885886" wd="nit"/>
            <sp>
              <prep>
                <s contracted="yes" gen="m" lem="del" num="s" pos="spcms" postype="preposition" wd="del"/>
              </prep>
              <sn entityref="ne" ne="date">
                <grup.nom gen="m" num="s">
                  <w lem="[??:25/05/1966:??.??]" ne="date" wd="25_de_maig_del_1966"/>
                </grup.nom>
              </sn>
            </sp>
          </grup.nom>
        </sn>
        <sn arg="arg1" coreftype="ident" elliptic="yes" entity="entity1" entityref="spec" func="suj" tem="tem"/>
        <morfema.pronominal>
          <p gen="c" lem="jo" num="s" person="1" pos="p010s000" wd="em"/>
        </morfema.pronominal>
        <grup.verb>
          <v lem="anar" mood="indicative" num="s" person="1" pos="vaip1s0" postype="auxiliary" tense="present" wd="vaig"/>
          <v lem="disposar" lss="C21.state-attributive" mood="infinitive" pos="vmn0000" postype="main" wd="disposar"/>
        </grup.verb>
        <sp arg="arg2" func="creg" tem="atr">
          <prep>
            <s lem="a" pos="sps00" postype="preposition" wd="a"/>
          </prep>
          <S clausetype="completive" impersonal="yes">
            <infinitiu>
              <v lem="morir" lss="B21.unaccusative-state" mood="infinitive" pos="vmn0000" postype="main" wd="morir"/>
            </infinitiu>
          </S>
        </sp>
      </S>
      <f lem="&quot;" pos="fe" punct="quotation" wd="&quot;"/>
      <f lem="," pos="fc" punct="comma" wd=","/>
    </S>
    <grup.verb>
      <v lem="haver" mood="indicative" num="s" person="3" pos="vaip3s0" postype="auxiliary" tense="present" wd="ha"/>
      <v gen="m" lem="explicar" lss="A32.ditransitive-patient-benefactive" mood="participle" num="s" pos="vmp00sm" postype="main" wd="explicat"/>
    </grup.verb>
    <sn arg="arg0" coreftype="ident" entity="entity1" entityref="ne" func="suj" ne="person" tem="agt">
      <spec gen="f" num="s">
        <d gen="f" lem="el" num="s" pos="da0fs0" postype="article" wd="la"/>
      </spec>
      <grup.nom gen="f" num="s">
        <n gen="f" lem="germana" num="s" pos="ncfs000" postype="common" sense="16:07579639" wd="germana"/>
        <sn entityref="ne" ne="person">
          <grup.nom gen="f" num="s">
            <n lem="Capitani" ne="person" pos="np0000p" postype="proper" sense="16:cs1" wd="Capitani"/>
          </grup.nom>
        </sn>
      </grup.nom>
    </sn>
    <f lem="." pos="fp" punct="period" wd="."/>
  </sentence>
  <sentence>
    <f lem="&quot;" pos="fe" punct="quotation" wd="&quot;"/>
    <S arg="arg1" clausetype="completive" coord="yes" func="cd" tem="pat">
      <S>
        <sn arg="arg0" coreftype="ident" entity="entity1" entityref="spec" func="suj" tem="agt">
          <grup.nom num="s">
            <p case="nominative" gen="c" lem="jo" num="s" person="1" pos="pp1csn00" postype="personal" wd="Jo"/>
          </grup.nom>
        </sn>
        <neg func="mod">
          <r lem="no" pos="rn" postype="negative" wd="no"/>
        </neg>
        <grup.verb>
          <v lem="demanar" lss="A32.ditransitive-patient-benefactive" mood="indicative" num="s" person="3" pos="vmii3s0" postype="main" tense="imperfect" wd="demanava"/>
        </grup.verb>
        <sn arg="arg1" coord="yes" func="cd" tem="pat">
          <sn>
            <spec gen="m" num="s">
              <d gen="m" lem="un" num="s" pos="di0ms0" postype="indefinite" wd="un"/>
            </spec>
            <grup.nom gen="m" num="s">
              <n gen="m" lem="favor" num="s" pos="ncms000" postype="common" sense="16:00795713" wd="favor"/>
              <s.a gen="m" num="s">
                <grup.a gen="m" num="s">
                  <a gen="c" lem="celestial" num="s" pos="aq0cs0" postype="qualificative" wd="celestial"/>
                </grup.a>
              </s.a>
            </grup.nom>
          </sn>
          <sn>
            <spec gen="m" num="s">
              <d gen="m" lem="un" num="s" pos="di0ms0" postype="indefinite" wd="un"/>
            </spec>
            <grup.nom gen="m" num="s">
              <n gen="m" lem="miracle" num="s" pos="ncms000" postype="common" sense="16:05436522" wd="miracle"/>
            </grup.nom>
          </sn>
        </sn>
        <f lem="." pos="fp" punct="period" wd="."/>
      </S>
      <conj conjunctiontype="coordinating">
        <f lem="," pos="fc" punct="comma" wd=","/>
      </conj>
      <S>
        <sn arg="arg1" coreftype="ident" elliptic="yes" entity="entity1" entityref="spec" func="suj" tem="tem"/>
        <morfema.pronominal>
          <p gen="c" lem="jo" num="s" person="1" pos="p010s000" wd="Em"/>
        </morfema.pronominal>
        <grup.verb>
          <v lem="preocupar" lss="B21.unaccusative-state" mood="indicative" num="s" person="1" pos="vmii1s0" postype="main" tense="imperfect" wd="preocupava"/>
        </grup.verb>
        <sadv func="mod">
          <grup.adv>
            <r lem="només" pos="rg" wd="només"/>
          </grup.adv>
        </sadv>
        <sp arg="argM" coord="yes" func="creg" tem="cau">
          <sp>
            <prep>
              <s contracted="yes" gen="m" lem="pel" num="p" pos="spcmp" postype="preposition" wd="pels"/>
            </prep>
            <sn entityref="nne">
              <spec gen="m" num="p">
                <d coreftype="ident" entity="entity1" entityref="spec" gen="m" lem="meu" num="p" person="1" pos="dp1mps" possessornum="s" postype="possessive" wd="meus"/>
              </spec>
              <grup.nom gen="m" num="p">
                <n gen="m" lem="pecat" num="p" pos="ncmp000" postype="common" sense="16:00488251" wd="pecats"/>
              </grup.nom>
            </sn>
          </sp>
          <conj conjunctiontype="coordinating">
            <c lem="i" pos="cc" postype="coordinating" wd="i"/>
          </conj>
          <sp>
            <prep>
              <s lem="per" pos="sps00" postype="preposition" wd="per"/>
            </prep>
            <sn entityref="nne">
              <spec gen="f" num="s">
                <d coreftype="ident" entity="entity1" entityref="spec" gen="f" lem="el_meu" num="s" person="1" pos="dp1fss" possessornum="s" postype="possessive" wd="la_meva"/>
                <d gen="f" lem="poc" num="s" pos="di0fs0" postype="indefinite" wd="poca"/>
              </spec>
              <grup.nom gen="f" num="s">
                <n gen="f" lem="fe" num="s" pos="ncfs000" postype="common" sense="16:04565571" wd="fe"/>
              </grup.nom>
            </sn>
          </sp>
        </sp>
      </S>
    </S>
    <f lem="&quot;" pos="fe" punct="quotation" wd="&quot;"/>
    <f lem="," pos="fc" punct="comma" wd=","/>
    <grup.verb>
      <v lem="haver" mood="indicative" num="s" person="3" pos="vaip3s0" postype="auxiliary" tense="present" wd="ha"/>
      <v gen="m" lem="afegir" lss="A21.transitive-agentive-patient" mood="participle" num="s" pos="vmp00sm" postype="main" wd="afegit"/>
    </grup.verb>
    <sn arg="arg0" coreftype="ident" elliptic="yes" entity="entity1" entityref="spec" func="suj" tem="agt"/>
    <f lem="." pos="fp" punct="period" wd="."/>
  </sentence>
  <sentence>
    <conj conjunctiontype="coordinating" func="et">
      <c lem="però" pos="cc" postype="coordinating" wd="Però"/>
    </conj>
    <sn arg="arg0" coord="yes" func="suj" tem="agt">
      <sn entityref="nne" homophoricDD="yes">
        <spec gen="f" num="s">
          <d gen="f" lem="el" num="s" pos="da0fs0" postype="article" wd="la"/>
        </spec>
        <grup.nom gen="f" num="s">
          <n gen="f" lem="imposició" num="s" pos="ncfs000" postype="common" sense="16:cs1" wd="imposició"/>
          <sp>
            <prep>
              <s lem="de" pos="sps00" postype="preposition" wd="de"/>
            </prep>
            <sn entityref="ne" ne="other">
              <spec gen="f" num="s">
                <d gen="f" lem="el" num="s" pos="da0fs0" postype="article" wd="la"/>
              </spec>
              <grup.nom gen="f" num="s">
                <n gen="f" lem="imatge" num="s" pos="ncfs000" postype="common" sense="16:03118233" wd="imatge"/>
                <sp>
                  <prep>
                    <s contracted="yes" gen="m" lem="del" num="s" pos="spcms" postype="preposition" wd="del"/>
                  </prep>
                  <sn coreftype="ident" entity="entity2" entityref="ne" ne="person">
                    <grup.nom gen="m" num="s">
                      <n lem="Papa" ne="person" pos="np0000p" postype="proper" sense="16:cs1" wd="Papa"/>
                    </grup.nom>
                  </sn>
                </sp>
                <sp>
                  <prep>
                    <s lem="sobre" pos="sps00" postype="preposition" wd="sobre"/>
                  </prep>
                  <sn entityref="nne">
                    <spec gen="m" num="s">
                      <d coreftype="ident" entity="entity1" entityref="spec" gen="m" lem="el_seu" num="s" person="3" pos="dp3ms0" postype="possessive" wd="el_seu"/>
                    </spec>
                    <grup.nom gen="m" num="s">
                      <n gen="m" lem="cos" num="s" pos="ncms000" postype="common" sense="16:04055158" wd="cos"/>
                    </grup.nom>
                  </sn>
                </sp>
              </grup.nom>
            </sn>
          </sp>
        </grup.nom>
      </sn>
      <conj conjunctiontype="coordinating">
        <c lem="i" pos="cc" postype="coordinating" wd="i"/>
      </conj>
      <sn corefsubtype="token" coreftype="dx" entity="entity16" entityref="nne">
        <spec gen="f" num="p">
          <d gen="f" lem="el" num="p" pos="da0fp0" postype="article" wd="les"/>
        </spec>
        <grup.nom gen="f" num="p">
          <n gen="f" lem="pregària" num="p" pos="ncfp000" postype="common" sense="16:04854419" wd="pregàries"/>
        </grup.nom>
      </sn>
    </sn>
    <grup.verb>
      <v lem="anar" mood="indicative" num="p" person="3" pos="vaip3p0" postype="auxiliary" tense="present" wd="van"/>
      <v lem="produir" lss="A21.transitive-agentive-patient" mood="infinitive" pos="vmn0000" postype="main" wd="produir"/>
    </grup.verb>
    <sn arg="arg1" coreftype="ident" entity="entity4" entityref="nne" func="cd" tem="pat">
      <spec gen="m" num="s">
        <d gen="m" lem="el" num="s" pos="da0ms0" postype="article" wd="el"/>
      </spec>
      <grup.nom gen="m" num="s">
        <n gen="m" lem="miracle" num="s" pos="ncms000" postype="common" sense="16:05436522" wd="miracle"/>
      </grup.nom>
    </sn>
    <f lem="." pos="fp" punct="period" wd="."/>
  </sentence>
  <sentence>
    <sn arg="arg1" coreftype="ident" entity="entity4" entityref="nne" func="cd" tem="pat">
      <f lem="&quot;" pos="fe" punct="quotation" wd="&quot;"/>
      <spec gen="f" num="s">
        <d gen="f" lem="un" num="s" pos="di0fs0" postype="indefinite" wd="Una"/>
      </spec>
      <grup.nom gen="f" num="s">
        <n gen="f" lem="curació" num="s" pos="ncfs000" postype="common" sense="16:09718860" wd="curació"/>
        <s.a gen="f" num="s">
          <spec>
            <r lem="científicament" pos="rg" wd="científicament"/>
          </spec>
          <grup.a gen="f" num="s">
            <a gen="c" lem="inexplicable" num="s" pos="aq0cs0" postype="qualificative" wd="inexplicable"/>
          </grup.a>
        </s.a>
      </grup.nom>
      <f lem="&quot;" pos="fe" punct="quotation" wd="&quot;"/>
      <f lem="," pos="fc" punct="comma" wd=","/>
    </sn>
    <grup.verb>
      <v lem="anar" mood="indicative" num="s" person="3" pos="vaip3s0" postype="auxiliary" tense="present" wd="va"/>
      <v lem="testificar" lss="A21.transitive-agentive-patient" mood="infinitive" pos="vmn0000" postype="main" wd="testificar"/>
    </grup.verb>
    <sn arg="arg0" coreftype="ident" entity="entity8" entityref="ne" func="suj" ne="person" tem="agt">
      <spec gen="m" num="s">
        <d gen="m" lem="el" num="s" pos="da0ms0" postype="article" wd="el"/>
      </spec>
      <grup.nom gen="m" num="s">
        <n gen="m" lem="professor" num="s" pos="ncms000" postype="common" sense="16:cs1" wd="professor"/>
        <sn entityref="ne" ne="person">
          <grup.nom gen="m" num="s">
            <n lem="Zannini" ne="person" pos="np0000p" postype="proper" sense="16:cs1" wd="Zannini"/>
          </grup.nom>
        </sn>
        <S clausetype="participle" impersonal="yes">
          <f lem="," pos="fc" punct="comma" wd=","/>
          <participi>
            <a gen="m" lem="mort" lss="B22.unaccusative-passive-transitive" num="s" pos="aq0msp" posfunction="participle" postype="qualificative" wd="mort"/>
          </participi>
          <sn arg="argM" entityref="nne" func="cc" homophoricDD="yes" tem="tmp">
            <spec gen="m" num="s">
              <d gen="c" lem="el" num="s" pos="da0cs0" postype="article" wd="l'"/>
            </spec>
            <grup.nom gen="m" num="s">
              <n gen="m" lem="any" num="s" pos="ncms000" postype="common" sense="16:10917509" wd="any"/>
              <S clausetype="participle" impersonal="yes">
                <participi>
                  <a gen="m" lem="passat" num="s" pos="aq0msp" posfunction="participle" postype="qualificative" wd="passat"/>
                </participi>
              </S>
            </grup.nom>
          </sn>
        </S>
      </grup.nom>
    </sn>
    <sp arg="argM" func="cc" tem="loc">
      <f lem="," pos="fc" punct="comma" wd=","/>
      <prep>
        <s lem="davant" pos="sps00" postype="preposition" wd="davant"/>
      </prep>
      <sn entityref="nne" homophoricDD="yes">
        <spec gen="m" num="s">
          <d gen="m" lem="el" num="s" pos="da0ms0" postype="article" wd="el"/>
        </spec>
        <grup.nom gen="m" num="s">
          <n gen="m" lem="tribunal" num="s" pos="ncms000" postype="common" sense="16:02912496" wd="tribunal"/>
          <sp>
            <prep>
              <s lem="per" pos="sps00" postype="preposition" wd="per"/>
            </prep>
            <sp>
              <prep>
                <s lem="a" pos="sps00" postype="preposition" wd="a"/>
              </prep>
              <sn coreftype="ident" entity="entity17" entityref="nne">
                <spec gen="f" num="s">
                  <d gen="f" lem="el" num="s" pos="da0fs0" postype="article" wd="la"/>
                </spec>
                <grup.nom gen="f" num="s">
                  <n gen="f" lem="beatificació" num="s" pos="ncfs000" postype="common" sense="16:00672700" wd="beatificació"/>
                </grup.nom>
              </sn>
            </sp>
          </sp>
        </grup.nom>
      </sn>
    </sp>
    <f lem="." pos="fp" punct="period" wd="."/>
  </sentence>
</article>
