<?xml version="1.0" encoding="UTF-8"?>
<!-- 

  ancora-2.0
       
			Copyright (C) 2007, 2008, 2009, 2010, 2011 UB - CLiC
			Centre de Llenguatge i Computació - Universitat de Barcelona
 
  This file is part of ancora-2.0.
 
  ancora-2.0 is free software and data: you can redistribute it and/or modify
  it under the terms of the GNU General Public License as published
  by the Free Software Foundation, either version 3 of the License,
  or (at your option) any later version.

  ancora-2.0 is distributed in the hope that it will be useful,
  but WITHOUT ANY WARRANTY; without even the implied warranty of
  MERCHANTABILITY or FITNESS FOR A PARTICULAR PURPOSE.  See the
  GNU General Public License for more details.
 
  You should have received a copy of the GNU General Public License
  along with ancora-2.0.  If not, see &lt;http://www.gnu.org/licenses/&gt;.
 
  Check a text in catalan explaining the terms of the license at http://www.softcatala.cat/wiki/GPL3.
  In spanish at http://www.viti.es/gnu/licenses/gpl.html
 

  The following paper must be cited when using this corpus:

 * Taulé, M., M.A. Martí, M. Recasens (2008) 'Ancora: Multilevel Annotated Corpora for Catalan and Spanish',
   Proceedings of 6th International Conference on Language Resources and Evaluation. Marrakesh (Morocco).

  In addition, the following paper must be cited if coreference information (attributes entity, coreftype,
  corefsubtype, homophoricDD or entityref) is used:

 * Recasens, Marta, M. Antònia Martí (2010) ‘AnCora-CO: Coreferentially annotated corpora for Spanish and
   Catalan’. Language Resources and Evaluation, Springer Science.

  Additionally, the following paper must be cited when argumental attributes in "sn" or "grup.nom"
  (attributes func, arg, tem or lexicalid) are used:

 * Peris, Aina, Mariona Taulé, Horacio Rodríguez (2010) ‘Semantic Annotation of Deverbal Nominalizations in the
   Spanish AnCora corpus’. Treebanks and Linguistic Theories (TLT-2010), Estonia.
-->
<article lng="ca" coreference="automatic">
  <sentence coord="yes">
    <S>
      <sn arg="arg1" entity="entity1" entityref="ne" func="suj" ne="other" tem="tem">
        <spec gen="f" num="s">
          <d gen="f" lem="el" num="s" pos="da0fs0" postype="article" wd="La"/>
        </spec>
        <grup.nom gen="f" num="s">
          <s.a gen="f" num="s">
            <grup.a gen="f" num="s">
              <a gen="f" lem="xxiv" num="s" pos="ao0fs0" postype="ordinal" wd="XXIV"/>
            </grup.a>
          </s.a>
          <n gen="f" lem="edició" num="s" pos="ncfs000" postype="common" sense="16:00328496" wd="edició"/>
          <sp>
            <prep>
              <s lem="de" pos="sps00" postype="preposition" wd="de"/>
            </prep>
            <sn entityref="ne" ne="other">
              <spec gen="f" num="s">
                <d gen="f" lem="el" num="s" pos="da0fs0" postype="article" wd="la"/>
              </spec>
              <grup.nom gen="f" num="s">
                <n gen="f" lem="fira" num="s" pos="ncfs000" postype="common" sense="16:06218045" wd="fira"/>
                <s.a gen="f" num="s">
                  <grup.a gen="f" num="s">
                    <a gen="c" lem="multisectorial" num="s" pos="aq0cs0" postype="qualificative" wd="multisectorial"/>
                  </grup.a>
                </s.a>
                <sp>
                  <prep>
                    <s lem="de" pos="sps00" postype="preposition" wd="de"/>
                  </prep>
                  <sn entity="entity3" entityref="ne" ne="location">
                    <grup.nom>
                      <n lem="Deltebre" ne="location" pos="np0000l" postype="proper" sense="16:cs1" wd="Deltebre"/>
                    </grup.nom>
                  </sn>
                </sp>
              </grup.nom>
            </sn>
          </sp>
        </grup.nom>
      </sn>
      <grup.verb>
        <v lem="començar" lss="C11.state-existential" mood="indicative" num="s" person="3" pos="vmif3s0" postype="main" tense="future" wd="començarà"/>
      </grup.verb>
      <sn arg="argM" entityref="ne" func="cc" ne="date" tem="tmp">
        <spec gen="m" num="s">
          <d gen="m" lem="el" num="s" pos="da0ms0" postype="article" wd="el"/>
        </spec>
        <grup.nom gen="m" num="s">
          <s.a gen="m" num="s">
            <grup.a gen="m" num="s">
              <a gen="m" lem="proper" num="s" pos="aq0ms0" postype="qualificative" wd="proper"/>
            </grup.a>
          </s.a>
          <w lem="[dijous:31/05/??:??.??]" ne="date" wd="dijous_dia_15_de_maig"/>
        </grup.nom>
      </sn>
    </S>
    <conj conjunctiontype="coordinating">
      <c lem="i" pos="cc" postype="coordinating" wd="i"/>
    </conj>
    <S>
      <sn arg="arg1" coreftype="ident" elliptic="yes" entity="entity1" entityref="spec" func="suj" tem="tem"/>
      <grup.verb>
        <v lem="romandre" lss="C21.state-attributive" mood="indicative" num="s" person="3" pos="vmif3s0" postype="main" tense="future" wd="romandrà"/>
      </grup.verb>
      <S arg="arg2" clausetype="participle" func="cpred" impersonal="yes" predicate="suj" tem="atr">
        <participi>
          <a gen="f" lem="obert" lss="B22.unaccusative-passive-transitive" num="s" pos="aq0fsp" posfunction="participle" postype="qualificative" wd="oberta"/>
        </participi>
        <sp arg="argM" func="cc" tem="tmp">
          <prep>
            <s lem="fins" pos="sps00" postype="preposition" wd="fins"/>
          </prep>
          <sn entity="entity13" entityref="ne" ne="date">
            <spec gen="m" num="s">
              <d gen="m" lem="el" num="s" pos="da0ms0" postype="article" wd="el"/>
            </spec>
            <grup.nom gen="m" num="s">
              <s.a gen="m" num="s">
                <grup.a gen="m" num="s">
                  <a gen="m" lem="proper" num="s" pos="aq0ms0" postype="qualificative" wd="proper"/>
                </grup.a>
              </s.a>
              <w lem="[diumenge:18/5/??:??.??]" ne="date" wd="diumenge_18_de_maig"/>
            </grup.nom>
          </sn>
        </sp>
      </S>
    </S>
    <f lem="." pos="fp" punct="period" wd="."/>
  </sentence>
  <sentence coord="yes">
    <S>
      <sn arg="arg1" coreftype="ident" entity="entity1" entityref="spec" func="suj" tem="tem">
        <spec gen="f" num="s">
          <d gen="c" lem="el" num="s" pos="da0cs0" postype="article" wd="L'"/>
        </spec>
        <grup.nom gen="f" num="s">
          <n gen="f" lem="edició" num="s" pos="ncfs000" postype="common" sense="16:00328496" wd="edició"/>
          <sp>
            <prep>
              <s lem="de" pos="sps00" postype="preposition" wd="d'"/>
            </prep>
            <sadv>
              <grup.adv>
                <r lem="enguany" pos="rg" wd="enguany"/>
              </grup.adv>
            </sadv>
          </sp>
        </grup.nom>
      </sn>
      <grup.verb>
        <v lem="comptar" lss="C21.state-attributive" mood="indicative" num="s" person="3" pos="vmip3s0" postype="main" tense="present" wd="compta"/>
      </grup.verb>
      <sp arg="arg2" func="creg" tem="atr">
        <prep>
          <s lem="amb" pos="sps00" postype="preposition" wd="amb"/>
        </prep>
        <sn entityref="ne" ne="number">
          <spec gen="m" num="p">
            <d gen="m" lem="un" num="p" pos="di0mp0" postype="indefinite" wd="uns"/>
            <z lem="18750" ne="number" wd="18.750"/>
          </spec>
          <grup.nom gen="m" num="p">
            <n gen="m" lem="metre" num="p" pos="ncmp000" postype="common" sense="16:09822324" wd="metres"/>
            <s.a gen="m" num="p">
              <grup.a gen="m" num="p">
                <a gen="m" lem="quadrat" num="p" pos="aq0mp0" postype="qualificative" wd="quadrats"/>
              </grup.a>
            </s.a>
            <sp>
              <prep>
                <s lem="de" pos="sps00" postype="preposition" wd="de"/>
              </prep>
              <sn>
                <grup.nom gen="m" num="s">
                  <n gen="m" lem="recinte" num="s" pos="ncms000" postype="common" sense="16:02638575" wd="recinte"/>
                </grup.nom>
              </sn>
            </sp>
          </grup.nom>
        </sn>
      </sp>
      <sn arg="argM" coord="yes" func="cc" tem="adv">
        <conj conjunctiontype="coordinating">
          <s lem="entre" pos="sps00" postype="preposition" wd="entre"/>
        </conj>
        <sn entityref="nne">
          <grup.nom gen="m" num="p">
            <s.a gen="m" num="p">
              <grup.a gen="m" num="p">
                <a gen="c" lem="exterior" num="p" pos="aq0cp0" postype="qualificative" wd="exteriors"/>
              </grup.a>
            </s.a>
          </grup.nom>
        </sn>
        <conj conjunctiontype="coordinating">
          <c lem="i" pos="cc" postype="coordinating" wd="i"/>
        </conj>
        <sn entityref="nne">
          <grup.nom gen="m" num="s">
            <n gen="c" lem="pavelló" num="c" pos="nc00000" postype="common" sense="16:02749345" wd="pavelló"/>
            <S clausetype="participle" impersonal="yes">
              <participi>
                <a gen="m" lem="cobert" num="s" pos="aq0msp" posfunction="participle" postype="qualificative" wd="cobert"/>
              </participi>
            </S>
          </grup.nom>
        </sn>
      </sn>
    </S>
    <conj conjunctiontype="coordinating">
      <c lem="i" pos="cc" postype="coordinating" wd="i"/>
    </conj>
    <S>
      <sn arg="arg1" coreftype="ident" elliptic="yes" entity="entity1" entityref="spec" func="suj" tem="tem"/>
      <grup.verb>
        <v lem="comptar" lss="C21.state-attributive" mood="indicative" num="s" person="3" pos="vmif3s0" postype="main" tense="future" wd="comptarà"/>
      </grup.verb>
      <sp arg="arg2" func="creg" tem="atr">
        <prep>
          <s lem="amb" pos="sps00" postype="preposition" wd="amb"/>
        </prep>
        <sn entityref="nne">
          <spec gen="m" num="s">
            <r lem="prop" pos="rg" wd="prop"/>
            <s lem="de" pos="sps00" postype="preposition" wd="d'"/>
            <d gen="m" lem="un" num="s" pos="di0ms0" postype="indefinite" wd="un"/>
          </spec>
          <grup.nom gen="m" num="s">
            <z lem="70" ne="number" wd="70"/>
            <sp>
              <prep>
                <s lem="de" pos="sps00" postype="preposition" wd="d'"/>
              </prep>
              <sn>
                <grup.nom gen="m" num="p">
                  <n gen="m" lem="expositor" num="p" pos="ncmp000" postype="common" sense="16:07251603" wd="expositors"/>
                  <sp>
                    <prep>
                      <s lem="de" pos="sps00" postype="preposition" wd="de"/>
                    </prep>
                    <sn entity="entity2" entityref="nne">
                      <spec gen="m" num="p">
                        <d gen="c" lem="diferent" num="p" pos="di0cp0" postype="indefinite" wd="diferents"/>
                      </spec>
                      <grup.nom gen="m" num="p">
                        <n gen="m" lem="sector" num="p" pos="ncmp000" postype="common" sense="16:06214548" wd="sectors"/>
                        <S clausetype="relative">
                          <f lem="," pos="fc" punct="comma" wd=","/>
                          <sp arg="argM" func="cc" tem="adv">
                            <prep>
                              <s lem="entre" pos="sps00" postype="preposition" wd="entre"/>
                            </prep>
                            <relatiu coreftype="ident" entity="entity2" entityref="nne">
                              <d gen="m" lem="el" num="p" pos="da0mp0" postype="article" wd="els"/>
                              <p gen="c" lem="qual" num="p" pos="pr0cp000" postype="relative" wd="quals"/>
                            </relatiu>
                          </sp>
                          <grup.verb>
                            <v lem="destacar" lss="C11.state-existential" mood="indicative" num="s" person="3" pos="vmip3s0" postype="main" tense="present" wd="destaca"/>
                          </grup.verb>
                          <sn arg="arg1" coord="yes" func="suj" tem="tem">
                            <sn entityref="nne" homophoricDD="yes">
                              <spec gen="f" num="s">
                                <d gen="c" lem="el" num="s" pos="da0cs0" postype="article" wd="l'"/>
                              </spec>
                              <grup.nom gen="f" num="s">
                                <n gen="f" lem="automoció" num="s" pos="ncfs000" postype="common" sense="16:cs1" wd="automoció"/>
                              </grup.nom>
                            </sn>
                            <conj conjunctiontype="coordinating">
                              <c lem="i" pos="cc" postype="coordinating" wd="i"/>
                            </conj>
                            <sn complex="yes">
                              <grup.nom coord="yes">
                                <grup.nom coord="yes">
                                  <grup.nom gen="f" num="p">
                                    <n gen="f" lem="empresa" num="p" pos="ncfp000" postype="common" sense="16:06004580" wd="empreses"/>
                                  </grup.nom>
                                  <conj conjunctiontype="coordinating">
                                    <c lem="i" pos="cc" postype="coordinating" wd="i"/>
                                  </conj>
                                  <grup.nom gen="m" num="p">
                                    <n gen="m" lem="comerç" num="p" pos="ncmp000" postype="common" sense="16:cs1" wd="comerços"/>
                                  </grup.nom>
                                </grup.nom>
                                <sp adjunct="yes" coord="yes">
                                  <sp>
                                    <prep>
                                      <s lem="de" pos="sps00" postype="preposition" wd="de"/>
                                    </prep>
                                    <sn coreftype="ident" entity="entity3" entityref="ne" ne="location">
                                      <grup.nom>
                                        <n lem="Deltebre" ne="location" pos="np0000l" postype="proper" sense="16:cs1" wd="Deltebre"/>
                                      </grup.nom>
                                    </sn>
                                  </sp>
                                  <conj conjunctiontype="coordinating">
                                    <c lem="però" pos="cc" postype="coordinating" wd="però"/>
                                  </conj>
                                  <sp>
                                    <sadv adjunct="yes">
                                      <grup.adv>
                                        <r lem="també" pos="rg" wd="també"/>
                                      </grup.adv>
                                    </sadv>
                                    <sp>
                                      <prep>
                                        <s lem="de" pos="sps00" postype="preposition" wd="de"/>
                                      </prep>
                                      <sn entityref="ne" ne="location">
                                        <spec gen="f" num="s">
                                          <d gen="f" lem="tot" num="s" pos="di0fs0" postype="indefinite" wd="tota"/>
                                          <d gen="f" lem="el" num="s" pos="da0fs0" postype="article" wd="la"/>
                                        </spec>
                                        <grup.nom gen="f" num="s">
                                          <n gen="f" lem="comarca" num="s" pos="ncfs000" postype="common" sense="16:50004760" wd="comarca"/>
                                          <sp>
                                            <prep>
                                              <s contracted="yes" gen="m" lem="del" num="s" pos="spcms" postype="preposition" wd="del"/>
                                            </prep>
                                            <sn entityref="ne" ne="location">
                                              <grup.nom gen="m" num="s">
                                                <n lem="Baix_Ebre" ne="location" pos="np0000l" postype="proper" sense="16:cs1" wd="Baix_Ebre"/>
                                              </grup.nom>
                                            </sn>
                                          </sp>
                                        </grup.nom>
                                      </sn>
                                    </sp>
                                  </sp>
                                </sp>
                              </grup.nom>
                            </sn>
                          </sn>
                        </S>
                      </grup.nom>
                    </sn>
                  </sp>
                </grup.nom>
              </sn>
            </sp>
          </grup.nom>
        </sn>
      </sp>
    </S>
    <f lem="." pos="fp" punct="period" wd="."/>
  </sentence>
  <sentence>
    <sn arg="arg1" func="suj" tem="tem">
      <spec gen="f" num="s">
        <d gen="f" lem="el" num="s" pos="da0fs0" postype="article" wd="La"/>
      </spec>
      <grup.nom gen="f" num="s">
        <s.a gen="f" num="s">
          <grup.a gen="f" num="s">
            <a gen="c" lem="principal" num="s" pos="aq0cs0" postype="qualificative" wd="principal"/>
          </grup.a>
        </s.a>
        <n gen="f" lem="novetat" num="s" pos="ncfs000" postype="common" sense="16:04358717" wd="novetat"/>
        <sp>
          <prep>
            <s lem="de" pos="sps00" postype="preposition" wd="d'"/>
          </prep>
          <sadv>
            <grup.adv>
              <r lem="enguany" pos="rg" wd="enguany"/>
            </grup.adv>
          </sadv>
        </sp>
      </grup.nom>
    </sn>
    <grup.verb>
      <v lem="ser" lss="C21.state-attributive" mood="indicative" num="s" person="3" pos="vsip3s0" postype="semiauxiliary" tense="present" wd="és"/>
    </grup.verb>
    <sn arg="arg2" entity="entity4" entityref="nne" func="atr" tem="atr">
      <spec gen="m" num="s">
        <d gen="m" lem="un" num="s" pos="di0ms0" postype="indefinite" wd="un"/>
      </spec>
      <grup.nom gen="m" num="s">
        <n gen="m" lem="curs" num="s" pos="ncms000" postype="common" sense="16:00568196" wd="curs"/>
        <sp>
          <prep>
            <s lem="de" pos="sps00" postype="preposition" wd="de"/>
          </prep>
          <sn>
            <grup.nom gen="m" num="s">
              <n gen="m" lem="tast" num="s" pos="ncms000" postype="common" sense="16:00567300" wd="tast"/>
              <sp>
                <prep>
                  <s lem="de" pos="sps00" postype="preposition" wd="de"/>
                </prep>
                <sn entity="entity8" entityref="nne">
                  <grup.nom gen="m" num="p">
                    <n gen="m" lem="vi" num="p" pos="ncmp000" postype="common" sense="16:05916701" wd="vins"/>
                    <sp>
                      <prep>
                        <s lem="de" pos="sps00" postype="preposition" wd="de"/>
                      </prep>
                      <sn entity="entity9" entityref="ne" ne="location">
                        <grup.nom>
                          <n lem="Catalunya" ne="location" pos="np0000l" postype="proper" wd="Catalunya"/>
                        </grup.nom>
                      </sn>
                    </sp>
                  </grup.nom>
                </sn>
              </sp>
            </grup.nom>
          </sn>
        </sp>
        <S clausetype="relative" coord="yes">
          <S clausetype="relative">
            <relatiu arg="arg1" coreftype="ident" entity="entity4" entityref="nne" func="suj" tem="pat">
              <p gen="c" lem="que" num="c" pos="pr0cn000" postype="relative" wd="que"/>
            </relatiu>
            <morfema.verbal func="pass">
              <p gen="c" lem="es" num="c" pos="p0000000" wd="s'"/>
            </morfema.verbal>
            <grup.verb>
              <v lem="iniciar" lss="B22.unaccusative-passive-transitive" mood="indicative" num="s" person="3" pos="vmif3s0" postype="main" tense="future" wd="iniciarà"/>
            </grup.verb>
            <sn arg="argM" entity="entity6" entityref="spec" func="cc" tem="tmp">
              <grup.nom gen="m" num="s">
                <n gen="m" lem="divendres" num="c" pos="ncmn000" postype="common" sense="16:10883362" wd="divendres"/>
              </grup.nom>
            </sn>
          </S>
          <conj conjunctiontype="coordinating">
            <c lem="i" pos="cc" postype="coordinating" wd="i"/>
          </conj>
          <S clausetype="relative">
            <relatiu arg="arg1" coreftype="ident" entity="entity4" entityref="nne" func="suj" tem="tem">
              <p gen="c" lem="que" num="c" pos="pr0cn000" postype="relative" wd="que"/>
            </relatiu>
            <grup.verb>
              <v lem="anar" lss="C21.state-attributive" mood="indicative" num="s" person="3" pos="vmip3s0" postype="main" tense="present" wd="va"/>
            </grup.verb>
            <S arg="arg2" clausetype="participle" func="cpred" impersonal="yes" predicate="suj" tem="atr">
              <participi>
                <a gen="m" lem="dirigit" lss="B22.unaccusative-passive-transitive" num="s" pos="aq0msp" posfunction="participle" postype="qualificative" wd="dirigit"/>
              </participi>
              <sp arg="arg2" func="creg" tem="tem">
                <prep>
                  <s contracted="yes" gen="m" lem="al" num="s" pos="spcms" postype="preposition" wd="al"/>
                </prep>
                <sn entity="entity10" entityref="nne" homophoricDD="yes">
                  <grup.nom gen="m" num="s">
                    <n gen="m" lem="sector" num="s" pos="ncms000" postype="common" sense="16:06214548" wd="sector"/>
                    <sp>
                      <prep>
                        <s lem="de" pos="sps00" postype="preposition" wd="de"/>
                      </prep>
                      <sn entityref="nne" homophoricDD="yes">
                        <spec gen="f" num="s">
                          <d gen="f" lem="el" num="s" pos="da0fs0" postype="article" wd="la"/>
                        </spec>
                        <grup.nom gen="f" num="s">
                          <n gen="f" lem="restauració" num="s" pos="ncfs000" postype="common" sense="16:cs1" wd="restauració"/>
                        </grup.nom>
                      </sn>
                    </sp>
                  </grup.nom>
                </sn>
              </sp>
            </S>
          </S>
        </S>
      </grup.nom>
    </sn>
    <f lem="." pos="fp" punct="period" wd="."/>
  </sentence>
  <sentence>
    <sp arg="argM" func="cc" tem="cau">
      <prep>
        <s lem="a_causa_de" pos="sps00" postype="preposition" wd="A_causa_de"/>
      </prep>
      <sn entityref="nne" homophoricDD="yes">
        <spec gen="m" num="s">
          <d gen="c" lem="el" num="s" pos="da0cs0" postype="article" wd="l'"/>
        </spec>
        <grup.nom gen="m" num="s">
          <n gen="m" lem="èxit" num="s" pos="ncms000" postype="common" sense="16:05454715" wd="èxit"/>
          <sp>
            <prep>
              <s lem="de" pos="sps00" postype="preposition" wd="de"/>
            </prep>
            <sn entityref="nne" homophoricDD="yes">
              <spec gen="f" num="p">
                <d gen="f" lem="el" num="p" pos="da0fp0" postype="article" wd="les"/>
              </spec>
              <grup.nom gen="f" num="p">
                <s.a gen="f" num="p">
                  <grup.a gen="f" num="p">
                    <a gen="f" lem="darrer" num="p" pos="ao0fp0" postype="ordinal" wd="darreres"/>
                  </grup.a>
                </s.a>
                <n gen="f" lem="edició" num="p" pos="ncfp000" postype="common" sense="16:00328496" wd="edicions"/>
                <sp>
                  <prep>
                    <s lem="de" pos="sps00" postype="preposition" wd="de"/>
                  </prep>
                  <sn entityref="nne" homophoricDD="yes">
                    <spec gen="f" num="s">
                      <d gen="c" lem="el" num="s" pos="da0cs0" postype="article" wd="l'"/>
                    </spec>
                    <grup.nom gen="f" num="s">
                      <n gen="f" lem="àrea" num="s" pos="ncfs000" postype="common" sense="16:04596100" wd="àrea"/>
                      <S clausetype="participle" impersonal="yes">
                        <participi>
                          <a gen="f" lem="destinat" lss="B22.unaccusative-passive-transitive" num="s" pos="aq0fsp" posfunction="participle" postype="qualificative" wd="destinada"/>
                        </participi>
                        <sp arg="arg2" func="creg" tem="tem">
                          <prep>
                            <s lem="a" pos="sps00" postype="preposition" wd="a"/>
                          </prep>
                          <sn entityref="nne" homophoricDD="yes">
                            <spec gen="f" num="s">
                              <d gen="f" lem="el" num="s" pos="da0fs0" postype="article" wd="la"/>
                            </spec>
                            <grup.nom gen="f" num="s">
                              <n gen="f" lem="degustació" num="s" pos="ncfs000" postype="common" sense="16:00567300" wd="degustació"/>
                              <sp>
                                <prep>
                                  <s lem="de" pos="sps00" postype="preposition" wd="de"/>
                                </prep>
                                <sn coord="yes">
                                  <sn entity="entity5" entityref="nne">
                                    <grup.nom gen="m" num="p">
                                      <n gen="m" lem="vi" num="p" pos="ncmp000" postype="common" sense="16:05916701" wd="vins"/>
                                    </grup.nom>
                                  </sn>
                                  <conj conjunctiontype="coordinating">
                                    <c lem="i" pos="cc" postype="coordinating" wd="i"/>
                                  </conj>
                                  <sn entityref="nne">
                                    <grup.nom gen="m" num="p">
                                      <n gen="m" lem="cava" num="p" pos="ncmp000" postype="common" sense="16:05918311" wd="caves"/>
                                    </grup.nom>
                                  </sn>
                                </sn>
                              </sp>
                            </grup.nom>
                          </sn>
                        </sp>
                      </S>
                    </grup.nom>
                  </sn>
                </sp>
              </grup.nom>
            </sn>
          </sp>
        </grup.nom>
      </sn>
      <f lem="," pos="fc" punct="comma" wd=","/>
    </sp>
    <sn arg="arg0" entityref="nne" func="suj" homophoricDD="yes" tem="agt">
      <spec gen="m" num="p">
        <d gen="m" lem="el" num="p" pos="da0mp0" postype="article" wd="els"/>
      </spec>
      <grup.nom gen="m" num="p">
        <n gen="m" lem="organitzador" num="p" pos="ncmp000" postype="common" sense="16:07448030" wd="organitzadors"/>
        <sp>
          <prep>
            <s lem="de" pos="sps00" postype="preposition" wd="de"/>
          </prep>
          <sn coreftype="ident" entity="entity1" entityref="ne" ne="other">
            <grup.nom>
              <n lem="Deltafira_2003" ne="other" pos="np0000a" postype="proper" sense="16:cs1" wd="Deltafira_2003"/>
            </grup.nom>
          </sn>
        </sp>
      </grup.nom>
    </sn>
    <grup.verb>
      <v lem="haver" mood="indicative" num="p" person="3" pos="vaip3p0" postype="auxiliary" tense="present" wd="han"/>
      <v gen="m" lem="incloure" lss="A31.ditransitive-patient-locative" mood="participle" num="s" pos="vmp00sm" postype="main" wd="inclòs"/>
    </grup.verb>
    <sp arg="arg2" func="cc" tem="loc">
      <prep>
        <s contracted="yes" gen="m" lem="al" num="s" pos="spcms" postype="preposition" wd="al"/>
      </prep>
      <sn entityref="nne" homophoricDD="yes">
        <grup.nom gen="m" num="s">
          <n gen="m" lem="programa" num="s" pos="ncms000" postype="common" sense="16:05057286" wd="programa"/>
          <sp>
            <prep>
              <s lem="de" pos="sps00" postype="preposition" wd="de"/>
            </prep>
            <sn coreftype="ident" entity="entity1" entityref="spec">
              <spec gen="f" num="s">
                <d gen="f" lem="el" num="s" pos="da0fs0" postype="article" wd="la"/>
              </spec>
              <grup.nom gen="f" num="s">
                <n gen="f" lem="fira" num="s" pos="ncfs000" postype="common" sense="16:06218045" wd="fira"/>
                <sp>
                  <prep>
                    <s lem="de" pos="sps00" postype="preposition" wd="d'"/>
                  </prep>
                  <sadv>
                    <grup.adv>
                      <r lem="enguany" pos="rg" wd="enguany"/>
                    </grup.adv>
                  </sadv>
                </sp>
              </grup.nom>
            </sn>
          </sp>
        </grup.nom>
      </sn>
    </sp>
    <sn arg="arg1" entityref="nne" func="cd" tem="pat">
      <spec gen="f" num="s">
        <d gen="f" lem="un" num="s" pos="di0fs0" postype="indefinite" wd="una"/>
      </spec>
      <grup.nom gen="f" num="s">
        <n gen="f" lem="novetat" num="s" pos="ncfs000" postype="common" sense="16:04358717" wd="novetat"/>
        <S clausetype="participle" impersonal="yes">
          <participi>
            <a gen="f" lem="relacionat" lss="B23.unaccusative-theme-cotheme" num="s" pos="aq0fsp" posfunction="participle" postype="qualificative" wd="relacionada"/>
          </participi>
          <sp arg="arg2" func="creg" tem="cot">
            <prep>
              <s lem="amb" pos="sps00" postype="preposition" wd="amb"/>
            </prep>
            <sn entityref="nne" homophoricDD="yes">
              <spec gen="m" num="s">
                <d gen="m" lem="el" num="s" pos="da0ms0" postype="article" wd="el"/>
              </spec>
              <grup.nom gen="m" num="s">
                <n gen="m" lem="món" num="s" pos="ncms000" postype="common" sense="16:05957670" wd="món"/>
                <sp>
                  <prep>
                    <s contracted="yes" gen="m" lem="del" num="p" pos="spcmp" postype="preposition" wd="dels"/>
                  </prep>
                  <sn coreftype="ident" entity="entity5" entityref="nne" homophoricDD="yes">
                    <grup.nom gen="m" num="p">
                      <n gen="m" lem="vi" num="p" pos="ncmp000" postype="common" sense="16:05916701" wd="vins"/>
                    </grup.nom>
                  </sn>
                </sp>
              </grup.nom>
            </sn>
          </sp>
        </S>
      </grup.nom>
    </sn>
    <f lem="." pos="fp" punct="period" wd="."/>
  </sentence>
  <sentence>
    <sp arg="argM" func="cc" tem="tmp">
      <prep>
        <s lem="a_partir_de" pos="sps00" postype="preposition" wd="A_partir_de"/>
      </prep>
      <sn coreftype="ident" entity="entity6" entityref="ne" ne="date">
        <grup.nom gen="m" num="s">
          <w lem="[divendres:??/??/??:??.??]" ne="date" wd="divendres"/>
          <sp>
            <prep>
              <s lem="a" pos="sps00" postype="preposition" wd="a"/>
            </prep>
            <sn entityref="ne" ne="date">
              <spec gen="f" num="p">
                <d gen="f" lem="el" num="p" pos="da0fp0" postype="article" wd="les"/>
              </spec>
              <grup.nom gen="f" num="p">
                <w lem="[??:??/??/??:11.30]" ne="date" wd="11.30_hores_del_matí"/>
              </grup.nom>
            </sn>
          </sp>
        </grup.nom>
      </sn>
    </sp>
    <morfema.verbal func="pass">
      <p gen="c" lem="se" num="c" pos="p0000000" wd="se"/>
    </morfema.verbal>
    <grup.verb>
      <v lem="celebrar" lss="B22.unaccusative-passive-transitive" mood="indicative" num="s" person="3" pos="vmif3s0" postype="main" tense="future" wd="celebrarà"/>
    </grup.verb>
    <sn arg="arg1" coreftype="ident" entity="entity4" entityref="nne" func="suj" tem="pat">
      <spec gen="m" num="s">
        <d gen="m" lem="un" num="s" pos="di0ms0" postype="indefinite" wd="un"/>
      </spec>
      <grup.nom gen="m" num="s">
        <n gen="m" lem="curs" num="s" pos="ncms000" postype="common" sense="16:00568196" wd="curs"/>
        <sp>
          <prep>
            <s lem="de" pos="sps00" postype="preposition" wd="d'"/>
          </prep>
          <sn>
            <grup.nom gen="f" num="s">
              <n gen="f" lem="iniciació" num="s" pos="ncfs000" postype="common" sense="16:00101756" wd="iniciació"/>
              <sp>
                <prep>
                  <s contracted="yes" gen="m" lem="al" num="s" pos="spcms" postype="preposition" wd="al"/>
                </prep>
                <sn entityref="nne" homophoricDD="yes">
                  <grup.nom gen="m" num="s">
                    <n gen="m" lem="tast" num="s" pos="ncms000" postype="common" sense="16:00567300" wd="tast"/>
                    <sp>
                      <prep>
                        <s lem="de" pos="sps00" postype="preposition" wd="de"/>
                      </prep>
                      <sn coreftype="ident" entity="entity8" entityref="nne">
                        <grup.nom gen="m" num="p">
                          <n gen="m" lem="vi" num="p" pos="ncmp000" postype="common" sense="16:05916701" wd="vins"/>
                          <sp>
                            <prep>
                              <s lem="de" pos="sps00" postype="preposition" wd="de"/>
                            </prep>
                            <sn coreftype="ident" entity="entity9" entityref="ne" ne="location">
                              <grup.nom>
                                <n lem="Catalunya" ne="location" pos="np0000l" postype="proper" wd="Catalunya"/>
                              </grup.nom>
                            </sn>
                          </sp>
                        </grup.nom>
                      </sn>
                    </sp>
                  </grup.nom>
                </sn>
              </sp>
            </grup.nom>
          </sn>
        </sp>
        <S clausetype="participle" impersonal="yes">
          <f lem="," pos="fc" punct="comma" wd=","/>
          <participi>
            <a gen="m" lem="adreçat" lss="B22.unaccusative-passive-transitive" num="s" pos="aq0msp" posfunction="participle" postype="qualificative" wd="adreçat"/>
          </participi>
          <sp arg="arg2" func="ci" tem="ben">
            <prep>
              <s lem="a" pos="sps00" postype="preposition" wd="a"/>
            </prep>
            <sn coreftype="ident" entity="entity10" entityref="nne">
              <spec gen="m" num="p">
                <d gen="m" lem="tot" num="p" pos="di0mp0" postype="indefinite" wd="tots"/>
                <d gen="m" lem="el" num="p" pos="da0mp0" postype="article" wd="els"/>
              </spec>
              <grup.nom gen="m" num="p">
                <n gen="m" lem="restaurador" num="p" pos="ncmp000" postype="common" sense="16:07531303" wd="restauradors"/>
                <sp>
                  <prep>
                    <s lem="de" pos="sps00" postype="preposition" wd="de"/>
                  </prep>
                  <sn coreftype="ident" entity="entity3" entityref="spec">
                    <spec gen="f" num="s">
                      <d gen="f" lem="el" num="s" pos="da0fs0" postype="article" wd="la"/>
                    </spec>
                    <grup.nom gen="f" num="s">
                      <n gen="f" lem="zona" num="s" pos="ncfs000" postype="common" sense="16:06395720" wd="zona"/>
                    </grup.nom>
                  </sn>
                </sp>
              </grup.nom>
            </sn>
          </sp>
        </S>
      </grup.nom>
    </sn>
    <f lem="." pos="fp" punct="period" wd="."/>
  </sentence>
  <sentence>
    <sn arg="arg1" coreftype="ident" entity="entity4" entityref="nne" func="suj" tem="pat">
      <spec gen="m" num="s">
        <d gen="m" lem="el" num="s" pos="da0ms0" postype="article" wd="El"/>
      </spec>
      <grup.nom gen="m" num="s">
        <n gen="m" lem="curs" num="s" pos="ncms000" postype="common" sense="16:00568196" wd="curs"/>
      </grup.nom>
    </sn>
    <grup.verb>
      <v lem="haver" mood="indicative" num="s" person="3" pos="vaip3s0" postype="auxiliary" tense="present" wd="ha"/>
      <v gen="m" lem="ser" mood="participle" num="s" pos="vsp00sm" postype="semiauxiliary" wd="estat"/>
      <v gen="m" lem="organitzar" lss="B22.unaccusative-passive-transitive" mood="participle" num="s" pos="vmp00sm" postype="main" wd="organitzat"/>
    </grup.verb>
    <sp arg="arg0" coord="yes" func="cag" tem="agt">
      <sp>
        <prep>
          <s lem="per" pos="sps00" postype="preposition" wd="per"/>
        </prep>
        <sn coord="yes">
          <sn entityref="ne" ne="organization">
            <spec gen="f" num="s">
              <d gen="f" lem="el" num="s" pos="da0fs0" postype="article" wd="la"/>
            </spec>
            <grup.nom gen="f" num="s">
              <n gen="f" lem="regidoria" num="s" pos="ncfs000" postype="common" sense="16:00389038" wd="regidoria"/>
              <sp>
                <prep>
                  <s lem="de" pos="sps00" postype="preposition" wd="de"/>
                </prep>
                <sn entityref="ne" ne="organization">
                  <grup.nom>
                    <n lem="Promoció_Econòmica_de_l'_Ajuntament_de_Deltebre" ne="organization" pos="np0000o" postype="proper" sense="16:cs1" wd="Promoció_Econòmica_de_l'_Ajuntament_de_Deltebre"/>
                  </grup.nom>
                </sn>
              </sp>
            </grup.nom>
          </sn>
          <f lem="," pos="fc" punct="comma" wd=","/>
          <sn entity="entity11" entityref="ne" ne="organization">
            <spec>
              <d gen="c" lem="el" num="s" pos="da0cs0" postype="article" wd="l'"/>
            </spec>
            <grup.nom>
              <n lem="Institut_Català_de_la_Vinya_i_el_Vi" ne="organization" pos="np0000o" postype="proper" sense="16:cs1" wd="Institut_Català_de_la_Vinya_i_el_Vi"/>
              <sn corefsubtype="definit" coreftype="pred" entity="entity11">
                <grup.nom>
                  <f lem="(" pos="fpa" punct="bracket" punctenclose="open" wd="("/>
                  <n lem="INCAVI" ne="organization" pos="np0000o" postype="proper" sense="16:cs1" wd="INCAVI"/>
                  <f lem=")" pos="fpt" punct="bracket" punctenclose="close" wd=")"/>
                </grup.nom>
              </sn>
            </grup.nom>
            <f lem="," pos="fc" punct="comma" wd=","/>
          </sn>
        </sn>
      </sp>
      <conj conjunctiontype="coordinating">
        <c lem="i" pos="cc" postype="coordinating" wd="i"/>
      </conj>
      <sp>
        <prep>
          <s lem="per" pos="sps00" postype="preposition" wd="per"/>
        </prep>
        <sn entityref="ne" ne="organization">
          <spec gen="f" num="s">
            <d gen="f" lem="el" num="s" pos="da0fs0" postype="article" wd="la"/>
          </spec>
          <grup.nom gen="f" num="s">
            <n lem="DO_Catalunya_i_Terra_Alta" ne="organization" pos="np0000o" postype="proper" sense="16:cs1" wd="DO_Catalunya_i_Terra_Alta"/>
          </grup.nom>
        </sn>
      </sp>
    </sp>
    <f lem="." pos="fp" punct="period" wd="."/>
  </sentence>
  <sentence>
    <sp arg="argM" func="cc" tem="adv">
      <sadv adjunct="yes">
        <grup.adv>
          <r lem="però" pos="rg" wd="Però"/>
        </grup.adv>
      </sadv>
      <sp>
        <prep>
          <s lem="a_més_a_més_de" pos="sps00" postype="preposition" wd="a_més_a_més_d'"/>
        </prep>
        <sn coreftype="ident" entity="entity4" entityref="nne">
          <spec gen="f" num="s">
            <d gen="f" lem="aquest" num="s" pos="dd0fs0" postype="demonstrative" wd="aquesta"/>
          </spec>
          <grup.nom gen="f" num="s">
            <n gen="f" lem="novetat" num="s" pos="ncfs000" postype="common" sense="16:04358717" wd="novetat"/>
          </grup.nom>
        </sn>
        <f lem="," pos="fc" punct="comma" wd=","/>
      </sp>
    </sp>
    <sn arg="arg2" coreftype="ident" entity="entity1" entityref="ne" func="suj" ne="other" tem="loc">
      <grup.nom>
        <n lem="Deltafira" ne="other" pos="np0000a" postype="proper" sense="16:cs1" wd="Deltafira"/>
      </grup.nom>
    </sn>
    <grup.verb>
      <v lem="acollir" lss="A31.ditransitive-patient-locative" mood="indicative" num="s" person="3" pos="vmif3s0" postype="main" tense="future" wd="acollirà"/>
    </grup.verb>
    <sn arg="arg1" coord="yes" func="cd" tem="pat">
      <sn entityref="nne" homophoricDD="yes">
        <spec gen="m" num="p">
          <d gen="m" lem="el" num="p" pos="da0mp0" postype="article" wd="els"/>
        </spec>
        <grup.nom gen="m" num="p">
          <s.a gen="m" num="p">
            <spec>
              <r lem="ja" pos="rg" wd="ja"/>
            </spec>
            <grup.a gen="m" num="p">
              <a gen="c" lem="tradicional" num="p" pos="aq0cp0" postype="qualificative" wd="tradicionals"/>
            </grup.a>
          </s.a>
          <n gen="m" lem="concurs" num="p" pos="ncmp000" postype="common" sense="16:05542799" wd="concursos"/>
          <sp>
            <prep>
              <s lem="de" pos="sps00" postype="preposition" wd="de"/>
            </prep>
            <sn complex="yes">
              <grup.nom coord="yes">
                <grup.nom gen="m" num="s">
                  <n gen="m" lem="tir" num="s" pos="ncms000" postype="common" sense="16:cs1" wd="tir"/>
                </grup.nom>
                <conj conjunctiontype="coordinating">
                  <c lem="i" pos="cc" postype="coordinating" wd="i"/>
                </conj>
                <grup.nom gen="m" num="s">
                  <n gen="m" lem="arrossegament" num="s" pos="ncms000" postype="common" sense="16:cs1" wd="arrossegament"/>
                </grup.nom>
              </grup.nom>
            </sn>
          </sp>
        </grup.nom>
        <f lem="," pos="fc" punct="comma" wd=","/>
      </sn>
      <conj conjunctiontype="coordinating">
        <c lem="i" pos="cc" postype="coordinating" wd="i"/>
      </conj>
      <sn entityref="nne">
        <spec gen="f" num="s">
          <d gen="f" lem="un" num="s" pos="di0fs0" postype="indefinite" wd="una"/>
        </spec>
        <grup.nom gen="f" num="s">
          <n gen="f" lem="actuació" num="s" pos="ncfs000" postype="common" sense="16:00359430" wd="actuació"/>
          <sp>
            <prep>
              <s lem="de" pos="sps00" postype="preposition" wd="de"/>
            </prep>
            <sn complex="yes">
              <grup.nom coord="yes">
                <grup.nom gen="f" num="p">
                  <n gen="f" lem="majorette" num="p" pos="ncfp000" postype="common" sense="16:cs1" wd="majorettes"/>
                </grup.nom>
                <conj conjunctiontype="coordinating">
                  <c lem="i" pos="cc" postype="coordinating" wd="i"/>
                </conj>
                <grup.nom gen="f" num="s">
                  <n gen="f" lem="banda" num="s" pos="ncfs000" postype="common" sense="16:06086825" wd="banda"/>
                  <sp>
                    <prep>
                      <s lem="de" pos="sps00" postype="preposition" wd="de"/>
                    </prep>
                    <sn>
                      <grup.nom gen="f" num="p">
                        <n gen="c" lem="corneta" num="p" pos="nccp000" postype="common" sense="16:07128625" wd="cornetes"/>
                      </grup.nom>
                    </sn>
                  </sp>
                </grup.nom>
              </grup.nom>
            </sn>
          </sp>
        </grup.nom>
        <f lem="," pos="fc" punct="comma" wd=","/>
      </sn>
      <conj conjunctiontype="coordinating">
        <c lem="així_com" pos="cc" postype="coordinating" wd="així_com"/>
      </conj>
      <sn entityref="nne">
        <grup.nom gen="f" num="p">
          <n gen="f" lem="nit" num="p" pos="ncfp000" postype="common" sense="16:10885337" wd="nits"/>
          <sp>
            <prep>
              <s lem="de" pos="sps00" postype="preposition" wd="de"/>
            </prep>
            <sn>
              <grup.nom gen="m" num="s">
                <n gen="m" lem="ball" num="s" pos="ncms000" postype="common" sense="16:06127075" wd="ball"/>
              </grup.nom>
            </sn>
          </sp>
        </grup.nom>
      </sn>
    </sn>
    <sp arg="argM" func="cc" tem="tmp">
      <prep>
        <s lem="durant" pos="sps00" postype="preposition" wd="durant"/>
      </prep>
      <sn entity="entity12" entityref="nne" homophoricDD="yes">
        <spec gen="m" num="p">
          <d gen="m" lem="el" num="p" pos="da0mp0" postype="article" wd="els"/>
        </spec>
        <grup.nom gen="m" num="p">
          <n gen="m" lem="dia" num="p" pos="ncmp000" postype="common" sense="16:10878116" wd="dies"/>
          <S clausetype="relative">
            <relatiu arg="arg2" coreftype="ident" entity="entity12" entityref="nne" func="cd" functype="quantitative" tem="ext">
              <p gen="c" lem="que" num="c" pos="pr0cn000" postype="relative" wd="que"/>
            </relatiu>
            <grup.verb>
              <v lem="durar" lss="C31.state-scalar" mood="subjunctive" num="s" person="3" pos="vmsp3s0" postype="main" tense="present" wd="duri"/>
            </grup.verb>
            <sn arg="arg1" coreftype="ident" entity="entity1" entityref="spec" func="suj" tem="tem">
              <spec gen="f" num="s">
                <d gen="f" lem="el" num="s" pos="da0fs0" postype="article" wd="la"/>
              </spec>
              <grup.nom gen="f" num="s">
                <n gen="f" lem="fira" num="s" pos="ncfs000" postype="common" sense="16:06218045" wd="fira"/>
              </grup.nom>
            </sn>
          </S>
        </grup.nom>
      </sn>
    </sp>
    <f lem="." pos="fp" punct="period" wd="."/>
  </sentence>
  <sentence>
    <sn arg="argM" coreftype="ident" entity="entity13" entityref="ne" func="cc" ne="date" tem="tmp">
      <spec gen="m" num="s">
        <d gen="m" lem="el" num="s" pos="da0ms0" postype="article" wd="El"/>
      </spec>
      <grup.nom gen="m" num="s">
        <s.a gen="m" num="s">
          <grup.a gen="m" num="s">
            <a gen="m" lem="darrer" num="s" pos="ao0ms0" postype="ordinal" wd="darrer"/>
          </grup.a>
        </s.a>
        <n gen="m" lem="dia" num="s" pos="ncms000" postype="common" sense="16:10851114" wd="dia"/>
        <sp>
          <prep>
            <s lem="de" pos="sps00" postype="preposition" wd="de"/>
          </prep>
          <sn coreftype="ident" entity="entity1" entityref="spec">
            <grup.nom gen="f" num="s">
              <n gen="f" lem="fira" num="s" pos="ncfs000" postype="common" sense="16:06218045" wd="fira"/>
            </grup.nom>
          </sn>
        </sp>
        <sn corefsubtype="definit" coreftype="pred" entity="entity13" entityref="ne" ne="date">
          <f lem="," pos="fc" punct="comma" wd=","/>
          <grup.nom>
            <w lem="[diumenge:18/5/??:??.??]" ne="date" wd="diumenge_18_de_maig"/>
          </grup.nom>
          <f lem="," pos="fc" punct="comma" wd=","/>
        </sn>
      </grup.nom>
    </sn>
    <morfema.verbal func="pass">
      <p gen="c" lem="se" num="c" pos="p0000000" wd="se"/>
    </morfema.verbal>
    <grup.verb>
      <v lem="celebrar" lss="B22.unaccusative-passive-transitive" mood="indicative" num="s" person="3" pos="vmif3s0" postype="main" tense="future" wd="celebrarà"/>
    </grup.verb>
    <sn arg="arg1" coord="yes" func="suj" tem="pat">
      <sn entityref="nne">
        <spec gen="f" num="s">
          <d gen="f" lem="un" num="s" pos="di0fs0" postype="indefinite" wd="una"/>
        </spec>
        <grup.nom gen="f" num="s">
          <n gen="f" lem="degustació" num="s" pos="ncfs000" postype="common" sense="16:00567300" wd="degustació"/>
          <sp>
            <prep>
              <s lem="de" pos="sps00" postype="preposition" wd="de"/>
            </prep>
            <sn entityref="nne">
              <grup.nom gen="f" num="s">
                <n gen="f" lem="paella" num="s" pos="ncfs000" postype="common" sense="16:05645971" wd="paella"/>
              </grup.nom>
            </sn>
          </sp>
        </grup.nom>
      </sn>
      <conj conjunctiontype="coordinating">
        <c lem="i" pos="cc" postype="coordinating" wd="i"/>
      </conj>
      <sn entityref="nne">
        <spec gen="f" num="s">
          <d gen="f" lem="un" num="s" pos="di0fs0" postype="indefinite" wd="una"/>
        </spec>
        <grup.nom gen="f" num="s">
          <n gen="f" lem="exhibició" num="s" pos="ncfs000" postype="common" sense="16:02580524" wd="exhibició"/>
          <sp>
            <prep>
              <s lem="de" pos="sps00" postype="preposition" wd="de"/>
            </prep>
            <sn entityref="nne">
              <grup.nom gen="m" num="p">
                <n gen="m" lem="ball" num="p" pos="ncmp000" postype="common" sense="16:00337330" wd="balls"/>
                <s.a gen="m" num="p">
                  <grup.a gen="m" num="p">
                    <a gen="m" lem="folklòric" num="p" pos="aq0mp0" postype="qualificative" wd="folklòrics"/>
                  </grup.a>
                </s.a>
              </grup.nom>
            </sn>
          </sp>
          <sp>
            <prep>
              <s lem="amb" pos="sps00" postype="preposition" wd="amb"/>
            </prep>
            <sn entityref="nne" homophoricDD="yes">
              <spec gen="f" num="s">
                <d gen="f" lem="el" num="s" pos="da0fs0" postype="article" wd="la"/>
              </spec>
              <grup.nom gen="f" num="s">
                <n gen="f" lem="participació" num="s" pos="ncfs000" postype="common" sense="16:00804778" wd="participació"/>
                <sp>
                  <prep>
                    <s contracted="yes" gen="m" lem="del" num="s" pos="spcms" postype="preposition" wd="del"/>
                  </prep>
                  <sn entityref="ne" ne="organization">
                    <grup.nom gen="m" num="s">
                      <n lem="Groupe_Folklorique_Inter-Generationis" ne="organization" pos="np0000o" postype="proper" sense="16:cs1" wd="Groupe_Folklorique_Inter-Generationis"/>
                      <sp>
                        <prep>
                          <s lem="de" pos="sps00" postype="preposition" wd="de"/>
                        </prep>
                        <sn entityref="ne" ne="organization">
                          <spec gen="f" num="s">
                            <d gen="c" lem="el" num="s" pos="da0cs0" postype="article" wd="l'"/>
                          </spec>
                          <grup.nom gen="f" num="s">
                            <n gen="c" lem="association" num="c" pos="nc00000" postype="common" sense="16:cs1" wd="association"/>
                            <sn entityref="ne" ne="organization">
                              <grup.nom gen="f" num="p">
                                <f lem="'" pos="fz" punct="mathsign" wd="'"/>
                                <n lem="Lous_Bouscas" ne="organization" pos="np0000o" postype="proper" sense="16:cs1" wd="Lous_Bouscas"/>
                                <f lem="'" pos="fz" punct="mathsign" wd="'"/>
                              </grup.nom>
                            </sn>
                          </grup.nom>
                        </sn>
                      </sp>
                      <sp>
                        <prep>
                          <s lem="de" pos="sps00" postype="preposition" wd="de"/>
                        </prep>
                        <sn entityref="ne" ne="location">
                          <grup.nom>
                            <n lem="Barriac-les-Bosquets" ne="location" pos="np0000l" postype="proper" sense="16:cs1" wd="Barriac-les-Bosquets"/>
                            <sp>
                              <prep>
                                <s lem="de" pos="sps00" postype="preposition" wd="de"/>
                              </prep>
                              <sn entityref="ne" ne="location">
                                <grup.nom>
                                  <n lem="França" ne="location" pos="np0000l" postype="proper" sense="16:06524612" wd="França"/>
                                </grup.nom>
                              </sn>
                            </sp>
                          </grup.nom>
                        </sn>
                      </sp>
                    </grup.nom>
                  </sn>
                </sp>
              </grup.nom>
            </sn>
          </sp>
        </grup.nom>
      </sn>
    </sn>
    <f lem="." pos="fp" punct="period" wd="."/>
  </sentence>
  <sentence>
    <sn arg="arg1" coreftype="ident" entity="entity1" entityref="ne" func="suj" ne="other" tem="tem">
      <spec gen="f" num="s">
        <d gen="f" lem="el" num="s" pos="da0fs0" postype="article" wd="La"/>
      </spec>
      <grup.nom gen="f" num="s">
        <n lem="XXIV_de_Deltafira" ne="other" pos="np0000a" postype="proper" sense="16:cs1" wd="XXIV_de_Deltafira"/>
      </grup.nom>
    </sn>
    <grup.verb>
      <v lem="acabar" lss="C21.state-attributive" mood="indicative" num="s" person="3" pos="vmif3s0" postype="main" tense="future" wd="acabarà"/>
    </grup.verb>
    <sp arg="arg2" func="creg" tem="atr">
      <prep>
        <s lem="amb" pos="sps00" postype="preposition" wd="amb"/>
      </prep>
      <sn entityref="nne">
        <spec gen="m" num="s">
          <d gen="m" lem="un" num="s" pos="di0ms0" postype="indefinite" wd="un"/>
        </spec>
        <grup.nom gen="m" num="s">
          <n gen="m" lem="castell" num="s" pos="ncms000" postype="common" sense="16:cs1" wd="castell"/>
          <sp>
            <prep>
              <s lem="de" pos="sps00" postype="preposition" wd="de"/>
            </prep>
            <sn>
              <grup.nom gen="m" num="p">
                <n gen="m" lem="foc" num="p" pos="ncmp000" postype="common" sense="16:cs1" wd="focs"/>
                <sp>
                  <prep>
                    <s lem="de" pos="sps00" postype="preposition" wd="d'"/>
                  </prep>
                  <sn>
                    <grup.nom gen="m" num="p">
                      <n gen="m" lem="artifici" num="p" pos="ncmp000" postype="common" sense="16:cs1" wd="artificis"/>
                    </grup.nom>
                  </sn>
                </sp>
              </grup.nom>
            </sn>
          </sp>
        </grup.nom>
      </sn>
    </sp>
    <f lem="." pos="fp" punct="period" wd="."/>
  </sentence>
</article>
