<?xml version="1.0" encoding="UTF-8"?>
<!-- 

  ancora-2.0
       
			Copyright (C) 2007, 2008, 2009, 2010, 2011 UB - CLiC
			Centre de Llenguatge i Computació - Universitat de Barcelona
 
  This file is part of ancora-2.0.
 
  ancora-2.0 is free software and data: you can redistribute it and/or modify
  it under the terms of the GNU General Public License as published
  by the Free Software Foundation, either version 3 of the License,
  or (at your option) any later version.

  ancora-2.0 is distributed in the hope that it will be useful,
  but WITHOUT ANY WARRANTY; without even the implied warranty of
  MERCHANTABILITY or FITNESS FOR A PARTICULAR PURPOSE.  See the
  GNU General Public License for more details.
 
  You should have received a copy of the GNU General Public License
  along with ancora-2.0.  If not, see &lt;http://www.gnu.org/licenses/&gt;.
 
  Check a text in catalan explaining the terms of the license at http://www.softcatala.cat/wiki/GPL3.
  In spanish at http://www.viti.es/gnu/licenses/gpl.html
 

  The following paper must be cited when using this corpus:

 * Taulé, M., M.A. Martí, M. Recasens (2008) 'Ancora: Multilevel Annotated Corpora for Catalan and Spanish',
   Proceedings of 6th International Conference on Language Resources and Evaluation. Marrakesh (Morocco).

  In addition, the following paper must be cited if coreference information (attributes entity, coreftype,
  corefsubtype, homophoricDD or entityref) is used:

 * Recasens, Marta, M. Antònia Martí (2010) ‘AnCora-CO: Coreferentially annotated corpora for Spanish and
   Catalan’. Language Resources and Evaluation, Springer Science.

  Additionally, the following paper must be cited when argumental attributes in "sn" or "grup.nom"
  (attributes func, arg, tem or lexicalid) are used:

 * Peris, Aina, Mariona Taulé, Horacio Rodríguez (2010) ‘Semantic Annotation of Deverbal Nominalizations in the
   Spanish AnCora corpus’. Treebanks and Linguistic Theories (TLT-2010), Estonia.
-->
<article lng="ca" coreference="automatic">
  <sentence>
    <sn arg="arg2" entity="entity6" entityref="ne" func="suj" ne="location" tem="loc">
      <spec gen="m" num="s">
        <d gen="m" lem="el" num="s" pos="da0ms0" postype="article" wd="El"/>
      </spec>
      <grup.nom gen="m" num="s">
        <n lem="Cafè_del_Teatre_Escorxador" ne="location" pos="np0000l" postype="proper" sense="16:cs1" wd="Cafè_del_Teatre_Escorxador"/>
        <sp>
          <prep>
            <s lem="de" pos="sps00" postype="preposition" wd="de"/>
          </prep>
          <sn entity="entity2" entityref="ne" ne="location">
            <grup.nom>
              <n lem="Lleida" ne="location" pos="np0000l" postype="proper" sense="16:50004693" wd="Lleida"/>
            </grup.nom>
          </sn>
        </sp>
      </grup.nom>
    </sn>
    <grup.verb>
      <v lem="acollir" lss="A31.ditransitive-patient-locative" mood="indicative" num="s" person="3" pos="vmip3s0" postype="main" tense="present" wd="acull"/>
    </grup.verb>
    <sn arg="argM" entity="entity5" entityref="nne" func="cc" tem="tmp">
      <spec gen="f" num="s">
        <d gen="f" lem="aquest" num="s" pos="dd0fs0" postype="demonstrative" wd="aquesta"/>
      </spec>
      <grup.nom gen="f" num="s">
        <n gen="f" lem="nit" num="s" pos="ncfs000" postype="common" sense="16:10885337" wd="nit"/>
      </grup.nom>
    </sn>
    <sn arg="arg1" entityref="nne" func="cd" tem="pat">
      <spec gen="f" num="s">
        <d gen="f" lem="un" num="s" pos="di0fs0" postype="indefinite" wd="una"/>
      </spec>
      <grup.nom gen="f" num="s">
        <n gen="f" lem="actuació" num="s" pos="ncfs000" postype="common" sense="16:00359430" wd="actuació"/>
        <sp>
          <prep>
            <s contracted="yes" gen="m" lem="del" num="s" pos="spcms" postype="preposition" wd="del"/>
          </prep>
          <sn entity="entity1" entityref="ne" ne="organization">
            <grup.nom gen="m" num="s">
              <n gen="m" lem="grup" num="s" pos="ncms000" postype="common" sense="16:00017954" wd="grup"/>
              <sn entityref="ne" ne="organization">
                <grup.nom>
                  <n lem="Il_Gran_Teatro_Amaro" ne="organization" pos="np0000o" postype="proper" sense="16:cs1" wd="Il_Gran_Teatro_Amaro"/>
                </grup.nom>
              </sn>
            </grup.nom>
          </sn>
        </sp>
      </grup.nom>
    </sn>
    <f lem="." pos="fp" punct="period" wd="."/>
  </sentence>
  <sentence>
    <sn arg="arg0" coreftype="ident" entity="entity1" entityref="spec" func="suj" tem="agt">
      <spec gen="f" num="s">
        <d gen="f" lem="el" num="s" pos="da0fs0" postype="article" wd="La"/>
      </spec>
      <grup.nom gen="f" num="s">
        <n gen="f" lem="formació" num="s" pos="ncfs000" postype="common" sense="16:06232231" wd="formació"/>
      </grup.nom>
    </sn>
    <grup.verb>
      <v lem="portar" lss="A31.ditransitive-patient-locative" mood="indicative" num="s" person="3" pos="vmip3s0" postype="main" tense="present" wd="porta"/>
    </grup.verb>
    <sp arg="arg4" func="creg" tem="des">
      <prep>
        <s lem="a" pos="sps00" postype="preposition" wd="a"/>
      </prep>
      <sn coreftype="ident" entity="entity2" entityref="ne" ne="location">
        <grup.nom>
          <n lem="Lleida" ne="location" pos="np0000l" postype="proper" sense="16:50004693" wd="Lleida"/>
        </grup.nom>
      </sn>
    </sp>
    <sn arg="arg1" entityref="nne" func="cd" tem="pat">
      <spec gen="f" num="s">
        <d coreftype="ident" entity="entity1" entityref="spec" gen="f" lem="el_seu" num="s" person="3" pos="dp3fs0" postype="possessive" wd="la_seva"/>
      </spec>
      <grup.nom gen="f" num="s">
        <n gen="f" lem="experimentació" num="s" pos="ncfs000" postype="common" sense="16:04468129" wd="experimentació"/>
        <s.a gen="f" num="s">
          <grup.a gen="f" num="s">
            <a gen="f" lem="acústic" num="s" pos="aq0fs0" postype="qualificative" wd="acústica"/>
          </grup.a>
        </s.a>
      </grup.nom>
    </sn>
    <sp arg="argM" func="cc" tem="adv">
      <prep>
        <s lem="de_la_mà_de" pos="sps00" postype="preposition" wd="de_la_mà_de"/>
      </prep>
      <sn entity="entity3" entityref="nne">
        <grup.nom gen="m" num="p">
          <n gen="m" lem="músic" num="p" pos="ncmp000" postype="common" sense="16:07424573" wd="músics"/>
          <s.a coord="yes" gen="m" num="p">
            <s.a gen="m" num="p">
              <grup.a gen="m" num="p">
                <a gen="c" lem="procedent" num="p" pos="aq0cp0" postype="qualificative" wd="procedents"/>
                <sp>
                  <prep>
                    <s contracted="yes" gen="m" lem="del" num="s" pos="spcms" postype="preposition" wd="del"/>
                  </prep>
                  <sn entity="entity9" entityref="nne" homophoricDD="yes">
                    <grup.nom gen="m" num="s">
                      <n gen="m" lem="rock" num="s" pos="ncms000" postype="common" sense="16:00353377" wd="rock"/>
                    </grup.nom>
                  </sn>
                </sp>
              </grup.a>
            </s.a>
            <conj conjunctiontype="coordinating">
              <c lem="i" pos="cc" postype="coordinating" wd="i"/>
            </conj>
            <sp>
              <prep>
                <s lem="de" pos="sps00" postype="preposition" wd="de"/>
              </prep>
              <sn entityref="nne">
                <spec gen="f" num="p">
                  <d gen="c" lem="diferent" num="p" pos="di0cp0" postype="indefinite" wd="diferents"/>
                </spec>
                <grup.nom gen="f" num="p">
                  <n gen="f" lem="nacionalitat" num="p" pos="ncfp000" postype="common" sense="16:10053835" wd="nacionalitats"/>
                </grup.nom>
              </sn>
            </sp>
          </s.a>
        </grup.nom>
      </sn>
    </sp>
    <f lem="." pos="fp" punct="period" wd="."/>
  </sentence>
  <sentence>
    <sn arg="arg1" entityref="nne" func="suj" homophoricDD="yes" tem="tem">
      <spec gen="f" num="s">
        <d gen="f" lem="el" num="s" pos="da0fs0" postype="article" wd="La"/>
      </spec>
      <grup.nom gen="f" num="s">
        <n gen="f" lem="diversitat" num="s" pos="ncfs000" postype="common" sense="16:03732812" wd="diversitat"/>
        <sp>
          <prep>
            <s lem="pel_que_fa_a" pos="sps00" postype="preposition" wd="pel_que_fa_a"/>
          </prep>
          <sn entityref="nne" homophoricDD="yes">
            <spec gen="f" num="s">
              <d gen="f" lem="el" num="s" pos="da0fs0" postype="article" wd="la"/>
            </spec>
            <grup.nom gen="f" num="s">
              <n gen="f" lem="nacionalitat" num="s" pos="ncfs000" postype="common" sense="16:10053835" wd="nacionalitat"/>
              <sp>
                <prep>
                  <s contracted="yes" gen="m" lem="del" num="p" pos="spcmp" postype="preposition" wd="dels"/>
                </prep>
                <sn coreftype="ident" entity="entity3" entityref="nne" homophoricDD="yes">
                  <grup.nom gen="m" num="p">
                    <n gen="m" lem="músic" num="p" pos="ncmp000" postype="common" sense="16:07424573" wd="músics"/>
                    <s.a gen="m" num="p">
                      <grup.a gen="m" num="p">
                        <a gen="c" lem="component" num="p" pos="aq0cp0" postype="qualificative" wd="components"/>
                      </grup.a>
                    </s.a>
                    <sp>
                      <prep>
                        <s lem="de" pos="sps00" postype="preposition" wd="d'"/>
                      </prep>
                      <sn coreftype="ident" entity="entity1" entityref="ne" ne="organization">
                        <grup.nom>
                          <n lem="Il_Gran_Teatro_Amaro" ne="organization" pos="np0000o" postype="proper" sense="16:cs1" wd="Il_Gran_Teatro_Amaro"/>
                        </grup.nom>
                      </sn>
                    </sp>
                  </grup.nom>
                </sn>
              </sp>
            </grup.nom>
          </sn>
        </sp>
      </grup.nom>
    </sn>
    <grup.verb>
      <v lem="ser" lss="C21.state-attributive" mood="indicative" num="s" person="3" pos="vsip3s0" postype="semiauxiliary" tense="present" wd="és"/>
    </grup.verb>
    <sn arg="arg2" func="atr" tem="atr">
      <grup.nom gen="m" num="s">
        <p gen="m" lem="un" num="s" pos="pi0ms000" postype="indefinite" wd="un"/>
        <sp>
          <prep>
            <s contracted="yes" gen="m" lem="del" num="p" pos="spcmp" postype="preposition" wd="dels"/>
          </prep>
          <sn entity="entity4" entityref="nne" homophoricDD="yes">
            <grup.nom gen="m" num="p">
              <n gen="m" lem="factor" num="p" pos="ncmp000" postype="common" sense="16:04515709" wd="factors"/>
              <s.a gen="m" num="p">
                <grup.a gen="m" num="p">
                  <a gen="c" lem="important" num="p" pos="aq0cp0" postype="qualificative" wd="importants"/>
                </grup.a>
              </s.a>
              <S clausetype="relative">
                <relatiu arg="arg0" coreftype="ident" entity="entity4" entityref="nne" func="suj" tem="agt">
                  <p gen="c" lem="que" num="c" pos="pr0cn000" postype="relative" wd="que"/>
                </relatiu>
                <grup.verb>
                  <v lem="explicar" lss="A32.ditransitive-patient-benefactive" mood="indicative" num="p" person="3" pos="vmip3p0" postype="main" tense="present" wd="expliquen"/>
                </grup.verb>
                <sn arg="arg1" entityref="nne" func="cd" homophoricDD="yes" tem="pat">
                  <spec gen="f" num="s">
                    <d gen="f" lem="el" num="s" pos="da0fs0" postype="article" wd="la"/>
                  </spec>
                  <grup.nom gen="f" num="s">
                    <n gen="f" lem="varietat" num="s" pos="ncfs000" postype="common" sense="16:03721804" wd="varietat"/>
                    <sp>
                      <prep>
                        <s lem="de" pos="sps00" postype="preposition" wd="d'"/>
                      </prep>
                      <sn coreftype="ident" entity="entity1" entityref="spec">
                        <spec gen="f" num="s">
                          <d gen="f" lem="aquest" num="s" pos="dd0fs0" postype="demonstrative" wd="aquesta"/>
                        </spec>
                        <grup.nom gen="f" num="s">
                          <n gen="f" lem="formació" num="s" pos="ncfs000" postype="common" sense="16:06232231" wd="formació"/>
                        </grup.nom>
                      </sn>
                    </sp>
                  </grup.nom>
                </sn>
              </S>
            </grup.nom>
          </sn>
        </sp>
      </grup.nom>
    </sn>
    <S clausesubtype="concessive" clausetype="adverbial" func="ao">
      <f lem="," pos="fc" punct="comma" wd=","/>
      <conj conjunctiontype="subordinating">
        <c lem="tot_i_que" pos="cs" postype="subordinating" wd="tot_i_que"/>
      </conj>
      <sn arg="arg0" coreftype="ident" entity="entity3" entityref="nne" func="suj" tem="agt">
        <spec gen="m" num="p">
          <d coreftype="ident" entity="entity1" entityref="spec" gen="m" lem="el_seu" num="p" person="3" pos="dp3mp0" postype="possessive" wd="els_seus"/>
        </spec>
        <grup.nom gen="m" num="p">
          <n gen="m" lem="component" num="p" pos="ncmp000" postype="common" sense="16:02479780" wd="components"/>
        </grup.nom>
      </sn>
      <sadv arg="argM" func="cc" tem="tmp">
        <grup.adv>
          <r lem="sempre" pos="rg" wd="sempre"/>
        </grup.adv>
      </sadv>
      <grup.verb>
        <v lem="haver" mood="indicative" num="p" person="3" pos="vaip3p0" postype="auxiliary" tense="present" wd="han"/>
        <v gen="m" lem="mostrar" lss="A32.ditransitive-patient-benefactive" mood="participle" num="s" pos="vmp00sm" postype="main" wd="mostrat"/>
      </grup.verb>
      <sn arg="arg1" entityref="nne" func="cd" tem="pat">
        <grup.nom gen="m" num="s">
          <n gen="m" lem="interès" num="s" pos="ncms000" postype="common" sense="16:04392426" wd="interès"/>
          <sp>
            <prep>
              <s lem="en" pos="sps00" postype="preposition" wd="en"/>
            </prep>
            <S clausetype="completive" impersonal="yes">
              <infinitiu>
                <v lem="investigar" lss="A21.transitive-agentive-patient" mood="infinitive" pos="vmn0000" postype="main" wd="investigar"/>
              </infinitiu>
              <sn arg="arg1" entityref="nne" func="cd" tem="pat">
                <grup.nom gen="f" num="p">
                  <n gen="f" lem="música" num="p" pos="ncfp000" postype="common" sense="16:05266809" wd="músiques"/>
                  <sp>
                    <prep>
                      <s lem="de" pos="sps00" postype="preposition" wd="de"/>
                    </prep>
                    <sn entityref="nne">
                      <spec gen="f" num="p">
                        <d gen="f" lem="divers" num="p" pos="di0fp0" postype="indefinite" wd="diverses"/>
                      </spec>
                      <grup.nom gen="f" num="p">
                        <n gen="f" lem="cultura" num="p" pos="ncfp000" postype="common" sense="16:06152585" wd="cultures"/>
                      </grup.nom>
                    </sn>
                  </sp>
                </grup.nom>
              </sn>
            </S>
          </sp>
        </grup.nom>
      </sn>
    </S>
    <f lem="." pos="fp" punct="period" wd="."/>
  </sentence>
  <sentence coord="yes">
    <S>
      <sn arg="arg0" coreftype="ident" entity="entity1" entityref="spec" func="suj" tem="agt">
        <spec gen="m" num="s">
          <d gen="m" lem="el" num="s" pos="da0ms0" postype="article" wd="El"/>
        </spec>
        <grup.nom gen="m" num="s">
          <n gen="m" lem="grup" num="s" pos="ncms000" postype="common" sense="16:00017954" wd="grup"/>
        </grup.nom>
      </sn>
      <grup.verb>
        <v lem="actuar" lss="D11.inergative-agentive" mood="indicative" num="s" person="3" pos="vmif3s0" postype="main" tense="future" wd="actuarà"/>
      </grup.verb>
      <sn arg="argM" coreftype="ident" entity="entity5" entityref="nne" func="cc" tem="tmp">
        <spec gen="f" num="s">
          <d gen="f" lem="aquest" num="s" pos="dd0fs0" postype="demonstrative" wd="aquesta"/>
        </spec>
        <grup.nom gen="f" num="s">
          <n gen="f" lem="nit" num="s" pos="ncfs000" postype="common" sense="16:10885337" wd="nit"/>
        </grup.nom>
      </sn>
      <sp arg="argM" func="cc" tem="loc">
        <prep>
          <s contracted="yes" gen="m" lem="al" num="s" pos="spcms" postype="preposition" wd="al"/>
        </prep>
        <sn coreftype="ident" entity="entity6" entityref="ne" ne="location">
          <grup.nom gen="m" num="s">
            <n lem="Cafè_Teatre_de_l'_Escorxador" ne="location" pos="np0000l" postype="proper" sense="16:cs1" wd="Cafè_Teatre_de_l'_Escorxador"/>
            <sp>
              <prep>
                <s lem="de" pos="sps00" postype="preposition" wd="de"/>
              </prep>
              <sn coreftype="ident" entity="entity2" entityref="ne" ne="location">
                <grup.nom>
                  <n lem="Lleida" ne="location" pos="np0000l" postype="proper" sense="16:50004693" wd="Lleida"/>
                </grup.nom>
              </sn>
            </sp>
          </grup.nom>
        </sn>
      </sp>
      <sp arg="argM" func="cc" tem="tmp">
        <prep>
          <s lem="a_partir_de" pos="sps00" postype="preposition" wd="a_partir_de"/>
        </prep>
        <sn entityref="ne" ne="date">
          <spec gen="f" num="p">
            <d gen="f" lem="el" num="p" pos="da0fp0" postype="article" wd="les"/>
          </spec>
          <grup.nom gen="f" num="p">
            <w lem="[??:11/??/??:??.??]" ne="date" wd="onze"/>
          </grup.nom>
        </sn>
      </sp>
    </S>
    <conj conjunctiontype="coordinating">
      <c lem="i" pos="cc" postype="coordinating" wd="i"/>
    </conj>
    <S>
      <sn arg="arg1" entityref="nne" func="suj" homophoricDD="yes" tem="tem">
        <spec gen="f" num="s">
          <d gen="c" lem="el" num="s" pos="da0cs0" postype="article" wd="l'"/>
        </spec>
        <grup.nom gen="f" num="s">
          <n gen="f" lem="entrada" num="s" pos="ncfs000" postype="common" sense="16:04031707" wd="entrada"/>
        </grup.nom>
      </sn>
      <grup.verb>
        <v lem="ser" lss="C21.state-attributive" mood="indicative" num="s" person="3" pos="vsip3s0" postype="semiauxiliary" tense="present" wd="és"/>
      </grup.verb>
      <sa arg="arg2" func="atr" tem="atr">
        <grup.a>
          <a gen="f" lem="gratuït" num="s" pos="aq0fs0" postype="qualificative" wd="gratuïta"/>
        </grup.a>
      </sa>
    </S>
    <f lem="." pos="fp" punct="period" wd="."/>
  </sentence>
  <sentence>
    <sn arg="arg1" entityref="nne" func="suj" homophoricDD="yes" tem="tem">
      <spec gen="m" num="s">
        <d gen="m" lem="el" num="s" pos="da0ms0" postype="article" wd="El"/>
      </spec>
      <grup.nom gen="m" num="s">
        <n gen="m" lem="públic" num="s" pos="ncms000" postype="common" sense="16:06103316" wd="públic"/>
      </grup.nom>
    </sn>
    <grup.verb>
      <v lem="poder" mood="indicative" num="s" person="3" pos="vmif3s0" postype="main" tense="future" wd="podrà"/>
      <infinitiu>
        <v lem="gaudir" lss="C21.state-attributive" mood="infinitive" pos="vmn0000" postype="main" wd="gaudir"/>
      </infinitiu>
    </grup.verb>
    <sp arg="arg2" func="creg" tem="atr">
      <prep>
        <s lem="de" pos="sps00" postype="preposition" wd="d'"/>
      </prep>
      <sn entityref="nne">
        <spec gen="f" num="s">
          <d gen="f" lem="un" num="s" pos="di0fs0" postype="indefinite" wd="una"/>
        </spec>
        <grup.nom gen="f" num="s">
          <s.a gen="f" num="s">
            <grup.a gen="f" num="s">
              <a gen="f" lem="bo" num="s" pos="aq0fs0" postype="qualificative" wd="bona"/>
            </grup.a>
          </s.a>
          <n gen="f" lem="combinació" num="s" pos="ncfs000" postype="common" sense="16:00243962" wd="combinació"/>
          <sp>
            <prep>
              <s lem="entre" pos="sps00" postype="preposition" wd="entre"/>
            </prep>
            <sn coord="yes" entity="entity7">
              <sn coord="yes">
                <sn entityref="nne">
                  <spec gen="f" num="s">
                    <d gen="f" lem="un" num="s" pos="di0fs0" postype="indefinite" wd="una"/>
                  </spec>
                  <grup.nom gen="f" num="s">
                    <n gen="f" lem="escenografia" num="s" pos="ncfs000" postype="common" sense="16:03004751" wd="escenografia"/>
                    <s.a gen="f" num="s">
                      <grup.a gen="f" num="s">
                        <a gen="f" lem="acurat" num="s" pos="aq0fs0" postype="qualificative" wd="acurada"/>
                      </grup.a>
                    </s.a>
                  </grup.nom>
                </sn>
                <conj conjunctiontype="coordinating">
                  <c lem="i" pos="cc" postype="coordinating" wd="i"/>
                </conj>
                <sn entityref="nne">
                  <spec gen="f" num="s">
                    <d gen="f" lem="un" num="s" pos="di0fs0" postype="indefinite" wd="una"/>
                  </spec>
                  <grup.nom gen="f" num="s">
                    <n gen="f" lem="dosi" num="s" pos="ncfs000" postype="common" sense="16:09918604" wd="dosi"/>
                    <sp>
                      <prep>
                        <s lem="de" pos="sps00" postype="preposition" wd="d'"/>
                      </prep>
                      <sn>
                        <grup.nom gen="m" num="s">
                          <n gen="m" lem="humor" num="s" pos="ncms000" postype="common" sense="16:03665047" wd="humor"/>
                        </grup.nom>
                      </sn>
                    </sp>
                  </grup.nom>
                  <f lem="," pos="fc" punct="comma" wd=","/>
                </sn>
                <conj conjunctiontype="coordinating">
                  <s lem="a_més_de" pos="sps00" postype="preposition" wd="a_més_de"/>
                </conj>
                <sn entityref="nne">
                  <grup.nom gen="f" num="s">
                    <s.a gen="f" num="s">
                      <grup.a gen="f" num="s">
                        <a gen="f" lem="bo" num="s" pos="aq0fs0" postype="qualificative" wd="bona"/>
                      </grup.a>
                    </s.a>
                    <n gen="f" lem="música" num="s" pos="ncfs000" postype="common" sense="16:05266809" wd="música"/>
                  </grup.nom>
                </sn>
              </sn>
              <sn adjunct="yes">
                <f lem="," pos="fc" punct="comma" wd=","/>
                <spec gen="m" num="s">
                  <d gen="m" lem="un" num="s" pos="di0ms0" postype="indefinite" wd="un"/>
                </spec>
                <grup.nom gen="m" num="s">
                  <n gen="m" lem="conjunt" num="s" pos="ncms000" postype="common" sense="16:06086825" wd="conjunt"/>
                  <S clausetype="relative">
                    <relatiu arg="arg0" coreftype="ident" entity="entity7" entityref="nne" func="suj" tem="agt">
                      <p gen="c" lem="que" num="c" pos="pr0cn000" postype="relative" wd="que"/>
                    </relatiu>
                    <grup.verb>
                      <v lem="haver" mood="indicative" num="s" person="3" pos="vaip3s0" postype="auxiliary" tense="present" wd="ha"/>
                      <v gen="m" lem="portar" lss="A34.ditransitive-patient-theme" mood="participle" num="s" pos="vmp00sm" postype="main" wd="portat"/>
                    </grup.verb>
                    <sn arg="arg1" entityref="nne" func="cd" tem="pat">
                      <spec gen="m" num="s">
                        <r lem="més" pos="rg" wd="més"/>
                        <s lem="de" pos="sps00" postype="preposition" wd="d'"/>
                        <d gen="m" lem="un" num="s" pos="di0ms0" postype="indefinite" wd="un"/>
                      </spec>
                      <grup.nom gen="m" num="s">
                        <n gen="m" lem="crític" num="s" pos="ncms000" postype="common" sense="16:07194366" wd="crític"/>
                      </grup.nom>
                    </sn>
                    <sp arg="arg2" func="creg" tem="tem">
                      <prep>
                        <s lem="a" pos="sps00" postype="preposition" wd="a"/>
                      </prep>
                      <S clausetype="completive" impersonal="yes">
                        <infinitiu>
                          <v lem="qualificar" lss="A21.transitive-agentive-patient" mood="infinitive" pos="vmn0000" postype="main" wd="qualificar"/>
                        </infinitiu>
                        <sn arg="arg1" entityref="nne" func="cd" tem="pat">
                          <spec gen="f" num="p">
                            <d coreftype="ident" entity="entity1" entityref="spec" gen="f" lem="el_seu" num="p" person="3" pos="dp3fp0" postype="possessive" wd="les_seves"/>
                          </spec>
                          <grup.nom gen="f" num="p">
                            <n gen="f" lem="actuació" num="p" pos="ncfp000" postype="common" sense="16:00359430" wd="actuacions"/>
                          </grup.nom>
                        </sn>
                        <sp arg="arg2" func="cpred" predicate="cd" tem="atr">
                          <prep>
                            <s lem="de" pos="sps00" postype="preposition" wd="de"/>
                          </prep>
                          <sn>
                            <grup.nom>
                              <f lem="'" pos="fz" punct="mathsign" wd="'"/>
                              <n gen="c" lem="delicatessen" num="c" pos="nc00000" postype="common" sense="16:cs1" wd="delicatessen"/>
                              <f lem="'" pos="fz" punct="mathsign" wd="'"/>
                            </grup.nom>
                          </sn>
                        </sp>
                      </S>
                    </sp>
                  </S>
                </grup.nom>
              </sn>
            </sn>
          </sp>
        </grup.nom>
      </sn>
    </sp>
    <f lem="." pos="fp" punct="period" wd="."/>
  </sentence>
  <sentence>
    <sn arg="arg1" coreftype="ident" entity="entity1" entityref="spec" func="suj" tem="tem">
      <spec gen="m" num="s">
        <d gen="m" lem="el" num="s" pos="da0ms0" postype="article" wd="El"/>
      </spec>
      <grup.nom gen="m" num="s">
        <n gen="m" lem="grup" num="s" pos="ncms000" postype="common" sense="16:00017954" wd="grup"/>
      </grup.nom>
    </sn>
    <grup.verb>
      <v lem="traspuar" lss="C21.state-attributive" mood="indicative" num="s" person="3" pos="vmip3s0" postype="main" tense="present" wd="traspua"/>
    </grup.verb>
    <sn arg="arg2" entityref="nne" func="cd" functype="quantitative" tem="atr">
      <grup.nom gen="f" num="s">
        <n gen="f" lem="bohèmia" num="s" pos="ncfs000" postype="common" sense="16:cs1" wd="bohèmia"/>
      </grup.nom>
    </sn>
    <sp arg="argM" func="cc" tem="adv">
      <prep>
        <s lem="a_través_de" pos="sps00" postype="preposition" wd="a_través_de"/>
      </prep>
      <sn coord="yes">
        <sn entityref="nne">
          <spec gen="f" num="s">
            <d coreftype="ident" entity="entity1" entityref="spec" gen="f" lem="el_seu" num="s" person="3" pos="dp3fs0" postype="possessive" wd="la_seva"/>
          </spec>
          <grup.nom gen="f" num="s">
            <n gen="f" lem="imatge" num="s" pos="ncfs000" postype="common" sense="16:03685960" wd="imatge"/>
          </grup.nom>
        </sn>
        <f lem="," pos="fc" punct="comma" wd=","/>
        <sn entityref="nne" homophoricDD="yes">
          <spec gen="m" num="p">
            <d gen="m" lem="el" num="p" pos="da0mp0" postype="article" wd="els"/>
          </spec>
          <grup.nom gen="m" num="p">
            <n gen="m" lem="decorat" num="p" pos="ncmp000" postype="common" sense="16:03281179" wd="decorats"/>
            <s.a gen="m" num="p">
              <grup.a gen="m" num="p">
                <a gen="c" lem="naïf" num="c" pos="aq0cn0" postype="qualificative" wd="naïf"/>
              </grup.a>
            </s.a>
          </grup.nom>
        </sn>
        <conj conjunctiontype="coordinating">
          <c lem="i" pos="cc" postype="coordinating" wd="i"/>
        </conj>
        <sn entity="entity8" entityref="nne" homophoricDD="yes">
          <spec gen="m" num="p">
            <d gen="m" lem="el" num="p" pos="da0mp0" postype="article" wd="els"/>
          </spec>
          <grup.nom gen="m" num="p">
            <n gen="m" lem="estil" num="p" pos="ncmp000" postype="common" sense="16:03857307" wd="estils"/>
            <S clausetype="relative">
              <relatiu arg="arg1" coreftype="ident" entity="entity8" entityref="nne" func="cd" tem="pat">
                <p gen="c" lem="que" num="c" pos="pr0cn000" postype="relative" wd="que"/>
              </relatiu>
              <sn arg="arg0" coreftype="ident" elliptic="yes" entity="entity1" entityref="spec" func="suj" tem="agt"/>
              <grup.verb>
                <v lem="oferir" lss="A32.ditransitive-patient-benefactive" mood="indicative" num="p" person="3" pos="vmip3p0" postype="main" tense="present" wd="ofereixen"/>
              </grup.verb>
            </S>
          </grup.nom>
        </sn>
      </sn>
    </sp>
    <f lem="." pos="fp" punct="period" wd="."/>
  </sentence>
  <sentence coord="yes">
    <S>
      <sn arg="arg1" coreftype="ident" entity="entity3" entityref="nne" func="suj" tem="tem">
        <spec gen="m" num="p">
          <d gen="m" lem="tot" num="p" pos="di0mp0" postype="indefinite" wd="Tots"/>
          <d gen="m" lem="el" num="p" pos="da0mp0" postype="article" wd="els"/>
        </spec>
        <grup.nom gen="m" num="p">
          <n gen="m" lem="component" num="p" pos="ncmp000" postype="common" sense="16:02479780" wd="components"/>
        </grup.nom>
      </sn>
      <grup.verb>
        <v lem="procedir" lss="B22.unaccusative-passive-transitive" mood="indicative" num="p" person="3" pos="vmip3p0" postype="main" tense="present" wd="procedeixen"/>
      </grup.verb>
      <sp arg="arg2" func="creg" tem="loc">
        <prep>
          <s contracted="yes" gen="m" lem="del" num="s" pos="spcms" postype="preposition" wd="del"/>
        </prep>
        <sn coreftype="ident" entity="entity9" entityref="nne" homophoricDD="yes">
          <grup.nom gen="m" num="s">
            <n gen="m" lem="rock" num="s" pos="ncms000" postype="common" sense="16:00353377" wd="rock"/>
          </grup.nom>
        </sn>
      </sp>
    </S>
    <conj conjunctiontype="coordinating">
      <c lem="però" pos="cc" postype="coordinating" wd="però"/>
    </conj>
    <S>
      <sp arg="argM" func="cc" tem="tmp">
        <prep>
          <s lem="en" pos="sps00" postype="preposition" wd="en"/>
        </prep>
        <sn entityref="lex">
          <spec gen="m" num="s">
            <d gen="m" lem="un" num="s" pos="di0ms0" postype="indefinite" wd="un"/>
          </spec>
          <grup.nom gen="m" num="s">
            <n gen="m" lem="moment" num="s" pos="ncms000" postype="common" sense="16:10898122" wd="moment"/>
            <S clausetype="participle" impersonal="yes">
              <participi>
                <a gen="m" lem="donat" num="s" pos="aq0msp" posfunction="participle" postype="qualificative" wd="donat"/>
              </participi>
            </S>
          </grup.nom>
        </sn>
      </sp>
      <sn arg="arg0" coreftype="ident" elliptic="yes" entity="entity3" entityref="nne" func="suj" tem="agt"/>
      <grup.verb>
        <v lem="anar" mood="indicative" num="p" person="3" pos="vaip3p0" postype="auxiliary" tense="present" wd="van"/>
        <v lem="decidir" lss="A21.transitive-agentive-patient" mood="infinitive" pos="vmn0000" postype="main" wd="decidir"/>
      </grup.verb>
      <S arg="arg1" clausetype="completive" coord="yes" func="cd" impersonal="yes" tem="pat">
        <S clausetype="completive" impersonal="yes">
          <infinitiu>
            <v lem="deixar" lss="A21.transitive-agentive-patient" mood="infinitive" pos="vmn0000" postype="main" wd="deixar"/>
          </infinitiu>
          <sn arg="arg1" entityref="nne" func="cd" homophoricDD="yes" tem="pat">
            <spec gen="f" num="s">
              <d gen="c" lem="el" num="s" pos="da0cs0" postype="article" wd="l'"/>
            </spec>
            <grup.nom gen="f" num="s">
              <n gen="f" lem="electrònica" num="s" pos="ncfs000" postype="common" sense="16:04644705" wd="electrònica"/>
            </grup.nom>
          </sn>
        </S>
        <conj conjunctiontype="coordinating">
          <c lem="i" pos="cc" postype="coordinating" wd="i"/>
        </conj>
        <S clausetype="completive" impersonal="yes">
          <infinitiu>
            <v lem="experimentar" lss="A21.transitive-agentive-patient" mood="infinitive" pos="vmn0000" postype="main" wd="experimentar"/>
          </infinitiu>
          <sp arg="argM" func="cc" tem="adv">
            <prep>
              <s lem="en" pos="sps00" postype="preposition" wd="en"/>
            </prep>
            <sn entityref="nne">
              <grup.nom gen="f" num="s">
                <n gen="f" lem="acústica" num="s" pos="ncfs000" postype="common" sense="16:04642333" wd="acústica"/>
              </grup.nom>
            </sn>
          </sp>
        </S>
      </S>
    </S>
    <f lem="." pos="fp" punct="period" wd="."/>
  </sentence>
  <sentence coord="yes">
    <S>
      <sn arg="arg1" entityref="nne" func="suj" homophoricDD="yes" tem="tem">
        <spec gen="f" num="s">
          <d gen="f" lem="el" num="s" pos="da0fs0" postype="article" wd="La"/>
        </spec>
        <grup.nom gen="f" num="s">
          <s.a gen="f" num="s">
            <grup.a gen="f" num="s">
              <a gen="c" lem="major" num="s" pos="aq0cs0" postype="qualificative" wd="major"/>
            </grup.a>
          </s.a>
          <n gen="f" lem="part" num="s" pos="ncfs000" postype="common" sense="16:03296757" wd="part"/>
          <sp>
            <prep>
              <s contracted="yes" gen="m" lem="del" num="s" pos="spcms" postype="preposition" wd="del"/>
            </prep>
            <sn entity="entity10" entityref="nne">
              <spec gen="m" num="s">
                <d coreftype="ident" entity="entity1" entityref="spec" gen="m" lem="seu" num="s" person="3" pos="dp3ms0" postype="possessive" wd="seu"/>
              </spec>
              <grup.nom gen="m" num="s">
                <n gen="m" lem="repertori" num="s" pos="ncms000" postype="common" sense="16:cs1" wd="repertori"/>
              </grup.nom>
            </sn>
          </sp>
        </grup.nom>
      </sn>
      <grup.verb>
        <v lem="ser" lss="C21.state-attributive" mood="indicative" num="s" person="3" pos="vsip3s0" postype="semiauxiliary" tense="present" wd="és"/>
      </grup.verb>
      <sp arg="arg2" func="atr" tem="atr">
        <prep>
          <s lem="de" pos="sps00" postype="preposition" wd="de"/>
        </prep>
        <sn>
          <grup.nom gen="f" num="s">
            <n gen="f" lem="creació" num="s" pos="ncfs000" postype="common" sense="16:00583085" wd="creació"/>
            <s.a gen="f" num="s">
              <grup.a gen="f" num="s">
                <a gen="f" lem="propi" num="s" pos="aq0fs0" postype="qualificative" wd="pròpia"/>
              </grup.a>
            </s.a>
          </grup.nom>
        </sn>
      </sp>
    </S>
    <conj conjunctiontype="coordinating">
      <c lem="i" pos="cc" postype="coordinating" wd="i"/>
    </conj>
    <S>
      <morfema.verbal func="pass">
        <p gen="c" lem="es" num="c" pos="p0000000" wd="es"/>
      </morfema.verbal>
      <grup.verb>
        <v lem="notar" lss="B22.unaccusative-passive-transitive" mood="indicative" num="s" person="3" pos="vmip3s0" postype="main" tense="present" wd="nota"/>
      </grup.verb>
      <sn arg="arg1" entityref="nne" func="suj" homophoricDD="yes" tem="pat">
        <spec gen="f" num="s">
          <d gen="f" lem="el" num="s" pos="da0fs0" postype="article" wd="la"/>
        </spec>
        <grup.nom gen="f" num="s">
          <n gen="f" lem="influència" num="s" pos="ncfs000" postype="common" sense="16:07768179" wd="influència"/>
          <sp>
            <prep>
              <s lem="de" pos="sps00" postype="preposition" wd="de"/>
            </prep>
            <sn entityref="ne" ne="other">
              <spec gen="f" num="s">
                <d gen="f" lem="el" num="s" pos="da0fs0" postype="article" wd="la"/>
              </spec>
              <grup.nom gen="f" num="s">
                <n gen="f" lem="música" num="s" pos="ncfs000" postype="common" sense="16:05266809" wd="música"/>
                <s.a gen="f" num="s">
                  <grup.a gen="f" num="s">
                    <a gen="c" lem="tradicional" num="s" pos="aq0cs0" postype="qualificative" wd="tradicional"/>
                  </grup.a>
                </s.a>
                <s.a gen="f" num="s">
                  <grup.a gen="f" num="s">
                    <a gen="f" lem="napolità" num="s" pos="aq0fs0" postype="qualificative" wd="napolitana"/>
                  </grup.a>
                </s.a>
              </grup.nom>
            </sn>
          </sp>
          <f lem="," pos="fc" punct="comma" wd=","/>
          <sp>
            <prep>
              <s lem="de" pos="sps00" postype="preposition" wd="de"/>
            </prep>
            <sn entityref="ne" ne="other">
              <spec gen="f" num="s">
                <d gen="f" lem="el" num="s" pos="da0fs0" postype="article" wd="la"/>
              </spec>
              <grup.nom gen="f" num="s">
                <n gen="f" lem="cançó" num="s" pos="ncfs000" postype="common" sense="16:05284501" wd="cançó"/>
                <s.a gen="f" num="s">
                  <grup.a gen="f" num="s">
                    <a gen="f" lem="francès" num="s" pos="aq0fs0" postype="qualificative" wd="francesa"/>
                  </grup.a>
                </s.a>
              </grup.nom>
            </sn>
          </sp>
          <f lem="," pos="fc" punct="comma" wd=","/>
          <sp>
            <prep>
              <s lem="de" pos="sps00" postype="preposition" wd="de"/>
            </prep>
            <sn entityref="ne" ne="other">
              <spec gen="f" num="s">
                <d gen="f" lem="el" num="s" pos="da0fs0" postype="article" wd="la"/>
              </spec>
              <grup.nom gen="f" num="s">
                <n gen="f" lem="música" num="s" pos="ncfs000" postype="common" sense="16:05266809" wd="música"/>
                <s.a gen="f" num="s">
                  <grup.a gen="f" num="s">
                    <a gen="f" lem="alemany" num="s" pos="aq0fs0" postype="qualificative" wd="alemanya"/>
                  </grup.a>
                </s.a>
                <sp>
                  <prep>
                    <s lem="de" pos="sps00" postype="preposition" wd="de"/>
                  </prep>
                  <sn>
                    <grup.nom gen="m" num="s">
                      <n gen="m" lem="cabaret" num="s" pos="ncms000" postype="common" sense="16:00335498" wd="cabaret"/>
                      <sp>
                        <prep>
                          <s contracted="yes" gen="m" lem="del" num="p" pos="spcmp" postype="preposition" wd="dels"/>
                        </prep>
                        <sn entityref="ne" ne="date">
                          <grup.nom gen="m" num="p">
                            <w lem="[??:??/??/1930:??.??]" ne="date" wd="anys_30"/>
                          </grup.nom>
                        </sn>
                      </sp>
                    </grup.nom>
                  </sn>
                </sp>
              </grup.nom>
            </sn>
          </sp>
        </grup.nom>
      </sn>
    </S>
    <conj conjunctiontype="coordinating">
      <c lem="i" pos="cc" postype="coordinating" wd="i"/>
    </conj>
    <S>
      <sadv func="mod">
        <f lem="," pos="fc" punct="comma" wd=","/>
        <grup.adv>
          <r lem="fins_i_tot" pos="rg" wd="fins_i_tot"/>
        </grup.adv>
        <f lem="," pos="fc" punct="comma" wd=","/>
      </sadv>
      <sn arg="arg0" func="suj" tem="agt">
        <grup.nom num="s">
          <p gen="c" lem="hom" num="s" pos="pi0cs000" postype="indefinite" wd="hom"/>
        </grup.nom>
      </sn>
      <sn arg="argM" coreftype="ident" entity="entity10" entityref="nne" func="cc" tem="loc">
        <grup.nom>
          <p gen="c" lem="hi" num="c" person="3" pos="pp3cn000" postype="personal" wd="hi"/>
        </grup.nom>
      </sn>
      <grup.verb>
        <v lem="poder" mood="indicative" num="s" person="3" pos="vmip3s0" postype="main" tense="present" wd="pot"/>
        <infinitiu>
          <v lem="trobar" lss="A21.transitive-agentive-patient" mood="infinitive" pos="vmn0000" postype="main" wd="trobar"/>
        </infinitiu>
      </grup.verb>
      <sn arg="arg1" entityref="nne" func="cd" tem="pat">
        <grup.nom gen="m" num="p">
          <n gen="m" lem="element" num="p" pos="ncmp000" postype="common" sense="16:04515709" wd="elements"/>
          <sp>
            <prep>
              <s lem="de" pos="sps00" postype="preposition" wd="de"/>
            </prep>
            <sn entityref="ne" ne="other">
              <spec gen="f" num="s">
                <d gen="f" lem="el" num="s" pos="da0fs0" postype="article" wd="la"/>
              </spec>
              <grup.nom gen="f" num="s">
                <n gen="f" lem="música" num="s" pos="ncfs000" postype="common" sense="16:05266809" wd="música"/>
                <s.a gen="f" num="s">
                  <grup.a gen="f" num="s">
                    <a gen="c" lem="àrab" num="s" pos="aq0cs0" postype="qualificative" wd="àrab"/>
                  </grup.a>
                </s.a>
              </grup.nom>
            </sn>
          </sp>
        </grup.nom>
      </sn>
    </S>
    <f lem="." pos="fp" punct="period" wd="."/>
  </sentence>
  <sentence>
    <sn arg="arg1" coreftype="ident" entity="entity1" entityref="ne" func="suj" ne="organization" tem="pat">
      <grup.nom>
        <n lem="Il_Gran_Teatro_Amaro" ne="organization" pos="np0000o" postype="proper" sense="16:cs1" wd="Il_Gran_Teatro_Amaro"/>
      </grup.nom>
    </sn>
    <morfema.verbal func="pass">
      <p gen="c" lem="es" num="c" pos="p0000000" wd="es"/>
    </morfema.verbal>
    <grup.verb>
      <v lem="anar" mood="indicative" num="s" person="3" pos="vaip3s0" postype="auxiliary" tense="present" wd="va"/>
      <v lem="fundar" lss="B22.unaccusative-passive-transitive" mood="infinitive" pos="vmn0000" postype="main" wd="fundar"/>
    </grup.verb>
    <sn arg="argM" entityref="ne" func="cc" ne="date" tem="tmp">
      <spec gen="m" num="s">
        <d gen="c" lem="el" num="s" pos="da0cs0" postype="article" wd="l'"/>
      </spec>
      <grup.nom gen="m" num="s">
        <w lem="[??:??/??/90:??.??]" ne="date" wd="any_90"/>
      </grup.nom>
    </sn>
    <sp arg="arg0" func="cag" tem="agt">
      <prep>
        <s lem="de_la_mà_de" pos="sps00" postype="preposition" wd="de_la_mà_de"/>
      </prep>
      <sn entityref="ne" ne="person">
        <spec gen="f" num="s">
          <d gen="f" lem="el" num="s" pos="da0fs0" postype="article" wd="la"/>
        </spec>
        <grup.nom gen="f" num="s">
          <s.a gen="f" num="s">
            <grup.a gen="f" num="s">
              <a gen="f" lem="italià" num="s" pos="aq0fs0" postype="qualificative" wd="italiana"/>
            </grup.a>
          </s.a>
          <n lem="Roberta_Possamai" ne="person" pos="np0000p" postype="proper" sense="16:cs1" wd="Roberta_Possamai"/>
        </grup.nom>
      </sn>
    </sp>
    <f lem="." pos="fp" punct="period" wd="."/>
  </sentence>
  <sentence>
    <sp arg="arg2" func="cc" tem="loc">
      <prep>
        <s lem="per" pos="sps00" postype="preposition" wd="Per"/>
      </prep>
      <sn coreftype="ident" entity="entity1" entityref="spec">
        <spec gen="f" num="p">
          <d coreftype="ident" entity="entity1" entityref="spec" gen="f" lem="el_seu" num="p" person="3" pos="dp3fp0" postype="possessive" wd="les_seves"/>
        </spec>
        <grup.nom gen="f" num="p">
          <n gen="f" lem="fila" num="p" pos="ncfp000" postype="common" sense="16:cs1" wd="files"/>
        </grup.nom>
      </sn>
    </sp>
    <grup.verb>
      <v lem="haver" mood="indicative" num="p" person="3" pos="vaip3p0" postype="auxiliary" tense="present" wd="han"/>
      <v gen="m" lem="passar" lss="D11.inergative-agentive" mood="participle" num="s" pos="vmp00sm" postype="main" wd="passat"/>
    </grup.verb>
    <sn arg="arg0" entity="entity11" entityref="nne" func="suj" tem="agt">
      <grup.nom gen="m" num="p">
        <n gen="c" lem="artista" num="p" pos="nccp000" postype="common" sense="16:06946373" wd="artistes"/>
        <sp>
          <prep>
            <s lem="de" pos="sps00" postype="preposition" wd="d'"/>
          </prep>
          <sn complex="yes">
            <grup.nom coord="yes">
              <grup.nom>
                <n lem="Holanda" ne="location" pos="np0000l" postype="proper" sense="16:06536741" wd="Holanda"/>
              </grup.nom>
              <f lem="," pos="fc" punct="comma" wd=","/>
              <grup.nom>
                <n lem="França" ne="location" pos="np0000l" postype="proper" sense="16:06524612" wd="França"/>
              </grup.nom>
              <f lem="," pos="fc" punct="comma" wd=","/>
              <grup.nom>
                <n lem="Alemanya" ne="location" pos="np0000l" postype="proper" sense="16:06442182" wd="Alemanya"/>
              </grup.nom>
              <conj conjunctiontype="coordinating">
                <c lem="i" pos="cc" postype="coordinating" wd="i"/>
              </conj>
              <grup.nom>
                <n lem="Catalunya" ne="location" pos="np0000l" postype="proper" wd="Catalunya"/>
              </grup.nom>
            </grup.nom>
          </sn>
        </sp>
      </grup.nom>
    </sn>
    <f lem="." pos="fp" punct="period" wd="."/>
  </sentence>
  <sentence>
    <sn arg="arg0" coreftype="ident" entity="entity11" entityref="nne" func="suj" tem="agt">
      <spec gen="m" num="p">
        <d gen="m" lem="tot" num="p" pos="di0mp0" postype="indefinite" wd="Tots"/>
      </spec>
      <grup.nom gen="m" num="p">
        <p gen="m" lem="ell" num="p" person="3" pos="pp3mp000" postype="personal" wd="ells"/>
      </grup.nom>
    </sn>
    <grup.verb>
      <v lem="haver" mood="indicative" num="p" person="3" pos="vaip3p0" postype="auxiliary" tense="present" wd="han"/>
      <v gen="m" lem="aconseguir" lss="A21.transitive-agentive-patient" mood="participle" num="s" pos="vmp00sm" postype="main" wd="aconseguit"/>
    </grup.verb>
    <S arg="arg1" clausetype="completive" coord="yes" func="cd" impersonal="yes" tem="pat">
      <S clausetype="completive" impersonal="yes">
        <infinitiu>
          <v lem="situar" lss="A31.ditransitive-patient-locative" mood="infinitive" pos="vmn0000" postype="main" wd="situar"/>
        </infinitiu>
        <sn arg="arg1" coreftype="ident" entity="entity1" entityref="spec" func="cd" tem="pat">
          <spec gen="m" num="s">
            <d gen="m" lem="el" num="s" pos="da0ms0" postype="article" wd="el"/>
          </spec>
          <grup.nom gen="m" num="s">
            <n gen="m" lem="grup" num="s" pos="ncms000" postype="common" sense="16:06086825" wd="grup"/>
          </grup.nom>
        </sn>
        <sp arg="arg2" func="creg" tem="loc">
          <prep>
            <s lem="en" pos="sps00" postype="preposition" wd="en"/>
          </prep>
          <sn entityref="nne" homophoricDD="yes">
            <spec gen="f" num="s">
              <d gen="c" lem="el" num="s" pos="da0cs0" postype="article" wd="l'"/>
            </spec>
            <grup.nom gen="f" num="s">
              <n gen="f" lem="elit" num="s" pos="ncfs000" postype="common" sense="16:cs1" wd="elit"/>
              <s.a gen="f" num="s">
                <grup.a gen="f" num="s">
                  <a gen="c" lem="musical" num="s" pos="aq0cs0" postype="qualificative" wd="musical"/>
                </grup.a>
              </s.a>
            </grup.nom>
          </sn>
        </sp>
      </S>
      <conj conjunctiontype="coordinating">
        <c lem="i" pos="cc" postype="coordinating" wd="i"/>
      </conj>
      <S clausetype="completive" impersonal="yes">
        <infinitiu>
          <v lem="trobar" lss="A21.transitive-agentive-patient" mood="infinitive" pos="vmn0000" postype="main" wd="trobar"/>
        </infinitiu>
        <sn arg="arg1" entityref="nne" func="cd" tem="pat">
          <spec gen="f" num="s">
            <d gen="f" lem="un" num="s" pos="di0fs0" postype="indefinite" wd="una"/>
          </spec>
          <grup.nom gen="f" num="s">
            <n gen="f" lem="atmosfera" num="s" pos="ncfs000" postype="common" sense="16:10417677" wd="atmosfera"/>
            <s.a complex="yes" gen="f" num="s">
              <grup.a coord="yes" gen="f" num="s">
                <grup.a gen="f" num="s">
                  <a gen="f" lem="íntim" num="s" pos="aq0fs0" postype="qualificative" wd="íntima"/>
                </grup.a>
                <f lem="," pos="fc" punct="comma" wd=","/>
                <grup.a gen="f" num="s">
                  <a gen="f" lem="intens" num="s" pos="aq0fs0" postype="qualificative" wd="intensa"/>
                </grup.a>
                <conj conjunctiontype="coordinating">
                  <c lem="i" pos="cc" postype="coordinating" wd="i"/>
                </conj>
                <grup.a gen="f" num="s">
                  <a gen="c" lem="vital" num="s" pos="aq0cs0" postype="qualificative" wd="vital"/>
                </grup.a>
              </grup.a>
            </s.a>
          </grup.nom>
        </sn>
      </S>
    </S>
    <f lem="." pos="fp" punct="period" wd="."/>
  </sentence>
  <sentence>
    <sn arg="arg1" coreftype="ident" entity="entity1" entityref="ne" func="suj" ne="organization" tem="tem">
      <grup.nom>
        <n lem="Il_Gran_Teatro_Amaro" ne="organization" pos="np0000o" postype="proper" sense="16:cs1" wd="Il_Gran_Teatro_Amaro"/>
      </grup.nom>
    </sn>
    <morfema.pronominal>
      <p gen="c" lem="ell" num="c" person="3" pos="p0300000" wd="s'"/>
    </morfema.pronominal>
    <grup.verb>
      <v lem="haver" mood="indicative" num="s" person="3" pos="vaip3s0" postype="auxiliary" tense="present" wd="ha"/>
      <v gen="m" lem="preocupar" lss="B21.unaccusative-state" mood="participle" num="s" pos="vmp00sm" postype="main" wd="preocupat"/>
    </grup.verb>
    <sadv func="mod">
      <grup.adv>
        <r lem="també" pos="rg" wd="també"/>
      </grup.adv>
    </sadv>
    <sadv arg="argM" func="cc" tem="tmp">
      <grup.adv>
        <r lem="sempre" pos="rg" wd="sempre"/>
      </grup.adv>
    </sadv>
    <sp arg="argM" func="creg" tem="cau">
      <prep>
        <s lem="de" pos="sps00" postype="preposition" wd="de"/>
      </prep>
      <S clausetype="completive" impersonal="yes">
        <infinitiu>
          <v lem="trobar" lss="A21.transitive-agentive-patient" mood="infinitive" pos="vmn0000" postype="main" wd="trobar"/>
        </infinitiu>
        <sn arg="arg1" entityref="nne" func="cd" homophoricDD="yes" tem="pat">
          <spec gen="f" num="p">
            <d gen="f" lem="el" num="p" pos="da0fp0" postype="article" wd="les"/>
          </spec>
          <grup.nom gen="f" num="p">
            <n gen="f" lem="arrel" num="p" pos="ncfp000" postype="common" sense="16:06275359" wd="arrels"/>
            <s.a gen="f" num="p">
              <grup.a gen="f" num="p">
                <a gen="f" lem="europeu" num="p" pos="aq0fp0" postype="qualificative" wd="europees"/>
              </grup.a>
            </s.a>
          </grup.nom>
        </sn>
      </S>
    </sp>
    <f lem="." pos="fp" punct="period" wd="."/>
  </sentence>
  <sentence>
    <sadv func="et">
      <grup.adv>
        <r lem="de_fet" pos="rg" wd="De_fet"/>
      </grup.adv>
      <f lem="," pos="fc" punct="comma" wd=","/>
    </sadv>
    <sn arg="arg1" entityref="nne" func="suj" homophoricDD="yes" tem="tem">
      <spec gen="f" num="s">
        <d gen="c" lem="el" num="s" pos="da0cs0" postype="article" wd="l'"/>
      </spec>
      <grup.nom gen="f" num="s">
        <s.a gen="f" num="s">
          <grup.a gen="f" num="s">
            <a gen="f" lem="únic" num="s" pos="aq0fs0" postype="qualificative" wd="única"/>
          </grup.a>
        </s.a>
        <n gen="f" lem="excepció" num="s" pos="ncfs000" postype="common" sense="16:04409604" wd="excepció"/>
        <sp>
          <prep>
            <s contracted="yes" gen="m" lem="al" num="s" pos="spcms" postype="preposition" wd="al"/>
          </prep>
          <sn coreftype="ident" entity="entity10" entityref="nne">
            <spec gen="m" num="s">
              <d coreftype="ident" entity="entity1" entityref="spec" gen="m" lem="seu" num="s" person="3" pos="dp3ms0" postype="possessive" wd="seu"/>
            </spec>
            <grup.nom gen="m" num="s">
              <n gen="m" lem="repertori" num="s" pos="ncms000" postype="common" sense="16:cs1" wd="repertori"/>
              <s.a gen="m" num="s">
                <grup.a gen="m" num="s">
                  <a gen="m" lem="eurocèntric" num="s" pos="aq0ms0" postype="qualificative" wd="eurocèntric"/>
                </grup.a>
              </s.a>
            </grup.nom>
          </sn>
        </sp>
      </grup.nom>
    </sn>
    <grup.verb>
      <v lem="ser" lss="C21.state-attributive" mood="indicative" num="s" person="3" pos="vsip3s0" postype="semiauxiliary" tense="present" wd="és"/>
    </grup.verb>
    <sadv arg="argM" func="cc" tem="mnr">
      <grup.adv>
        <r lem="segurament" pos="rg" wd="segurament"/>
      </grup.adv>
    </sadv>
    <sn arg="arg2" func="atr" tem="atr">
      <spec gen="f" num="s">
        <d gen="f" lem="un" num="s" pos="di0fs0" postype="indefinite" wd="una"/>
      </spec>
      <grup.nom gen="f" num="s">
        <n gen="f" lem="versió" num="s" pos="ncfs000" postype="common" sense="16:00063574" wd="versió"/>
        <sp>
          <prep>
            <s lem="de" pos="sps00" postype="preposition" wd="de"/>
          </prep>
          <sn entityref="ne" ne="person">
            <grup.nom gen="m" num="s">
              <n lem="Lou_Reed" ne="person" pos="np0000p" postype="proper" sense="16:cs1" wd="Lou_Reed"/>
            </grup.nom>
          </sn>
        </sp>
      </grup.nom>
    </sn>
    <f lem="." pos="fp" punct="period" wd="."/>
  </sentence>
  <sentence>
    <sn arg="arg0" entityref="nne" func="suj" tem="agt">
      <spec gen="f" num="s">
        <d gen="f" lem="aquest" num="s" pos="dd0fs0" postype="demonstrative" wd="Aquesta"/>
      </spec>
      <grup.nom gen="f" num="s">
        <n gen="f" lem="sensació" num="s" pos="ncfs000" postype="common" sense="16:04413760" wd="sensació"/>
        <sp>
          <prep>
            <s lem="de" pos="sps00" postype="preposition" wd="de"/>
          </prep>
          <S clausetype="completive" impersonal="yes">
            <infinitiu>
              <v lem="pertànyer" lss="C11.state-existential" mood="infinitive" pos="vmn0000" postype="main" wd="pertànyer"/>
            </infinitiu>
            <sp arg="arg2" func="creg" tem="loc">
              <prep>
                <s lem="a" pos="sps00" postype="preposition" wd="a"/>
              </prep>
              <sn entityref="nne">
                <spec gen="f" num="s">
                  <d gen="f" lem="un" num="s" pos="di0fs0" postype="indefinite" wd="una"/>
                </spec>
                <grup.nom gen="f" num="s">
                  <n gen="f" lem="cultura" num="s" pos="ncfs000" postype="common" sense="16:04590255" wd="cultura"/>
                  <sp>
                    <prep>
                      <s lem="de" pos="sps00" postype="preposition" wd="de"/>
                    </prep>
                    <sn entityref="ne" ne="other">
                      <spec gen="f" num="s">
                        <d gen="f" lem="el" num="s" pos="da0fs0" postype="article" wd="la"/>
                      </spec>
                      <grup.nom gen="f" num="s">
                        <n gen="f" lem="cançó" num="s" pos="ncfs000" postype="common" sense="16:00355108" wd="cançó"/>
                        <s.a gen="f" num="s">
                          <grup.a gen="f" num="s">
                            <a gen="f" lem="europeu" num="s" pos="aq0fs0" postype="qualificative" wd="europea"/>
                          </grup.a>
                        </s.a>
                      </grup.nom>
                    </sn>
                  </sp>
                </grup.nom>
              </sn>
            </sp>
          </S>
        </sp>
      </grup.nom>
    </sn>
    <sn arg="arg1" coreftype="ident" entity="entity1" entityref="spec" func="cd" tem="pat">
      <grup.nom num="p">
        <p gen="c" lem="ell" num="p" person="3" pos="pp3cp000" postype="personal" wd="els"/>
      </grup.nom>
    </sn>
    <grup.verb>
      <v lem="haver" mood="indicative" num="s" person="3" pos="vaip3s0" postype="auxiliary" tense="present" wd="ha"/>
      <v gen="m" lem="portar" lss="A34.ditransitive-patient-theme" mood="participle" num="s" pos="vmp00sm" postype="main" wd="portat"/>
    </grup.verb>
    <sp arg="arg2" func="creg" tem="tem">
      <prep>
        <s lem="a" pos="sps00" postype="preposition" wd="a"/>
      </prep>
      <S clausetype="completive" impersonal="yes">
        <infinitiu>
          <v lem="reivindicar" lss="A21.transitive-agentive-patient" mood="infinitive" pos="vmn0000" postype="main" wd="reivindicar"/>
        </infinitiu>
        <sn arg="arg1" entityref="nne" func="cd" tem="pat">
          <grup.nom gen="m" num="p">
            <n gen="m" lem="autor" num="p" pos="ncmp000" postype="common" sense="16:07689380" wd="autors"/>
            <S clausetype="participle" impersonal="yes">
              <sadv func="mod">
                <grup.adv>
                  <r lem="gairebé" pos="rg" wd="gairebé"/>
                </grup.adv>
              </sadv>
              <participi>
                <a gen="m" lem="desconegut" lss="B22.unaccusative-passive-transitive" num="p" pos="aq0mpp" posfunction="participle" postype="qualificative" wd="desconeguts"/>
              </participi>
            </S>
            <sp>
              <prep>
                <c lem="com" pos="cs" postype="subordinating" wd="com"/>
              </prep>
              <sn entityref="ne" ne="person">
                <grup.nom gen="m" num="s">
                  <n lem="Piero_Ciampi" ne="person" pos="np0000p" postype="proper" sense="16:cs1" wd="Piero_Ciampi"/>
                </grup.nom>
              </sn>
            </sp>
          </grup.nom>
        </sn>
      </S>
    </sp>
    <f lem="." pos="fp" punct="period" wd="."/>
  </sentence>
</article>
