<?xml version="1.0" encoding="UTF-8"?>
<!-- 

  ancora-2.0
       
			Copyright (C) 2007, 2008, 2009, 2010, 2011 UB - CLiC
			Centre de Llenguatge i Computació - Universitat de Barcelona
 
  This file is part of ancora-2.0.
 
  ancora-2.0 is free software and data: you can redistribute it and/or modify
  it under the terms of the GNU General Public License as published
  by the Free Software Foundation, either version 3 of the License,
  or (at your option) any later version.

  ancora-2.0 is distributed in the hope that it will be useful,
  but WITHOUT ANY WARRANTY; without even the implied warranty of
  MERCHANTABILITY or FITNESS FOR A PARTICULAR PURPOSE.  See the
  GNU General Public License for more details.
 
  You should have received a copy of the GNU General Public License
  along with ancora-2.0.  If not, see &lt;http://www.gnu.org/licenses/&gt;.
 
  Check a text in catalan explaining the terms of the license at http://www.softcatala.cat/wiki/GPL3.
  In spanish at http://www.viti.es/gnu/licenses/gpl.html
 

  The following paper must be cited when using this corpus:

 * Taulé, M., M.A. Martí, M. Recasens (2008) 'Ancora: Multilevel Annotated Corpora for Catalan and Spanish',
   Proceedings of 6th International Conference on Language Resources and Evaluation. Marrakesh (Morocco).

  In addition, the following paper must be cited if coreference information (attributes entity, coreftype,
  corefsubtype, homophoricDD or entityref) is used:

 * Recasens, Marta, M. Antònia Martí (2010) ‘AnCora-CO: Coreferentially annotated corpora for Spanish and
   Catalan’. Language Resources and Evaluation, Springer Science.

  Additionally, the following paper must be cited when argumental attributes in "sn" or "grup.nom"
  (attributes func, arg, tem or lexicalid) are used:

 * Peris, Aina, Mariona Taulé, Horacio Rodríguez (2010) ‘Semantic Annotation of Deverbal Nominalizations in the
   Spanish AnCora corpus’. Treebanks and Linguistic Theories (TLT-2010), Estonia.
-->
<article lng="es">
  <sentence coord="yes">
    <S entity="entity10">
      <sn arg="arg0" entity="entity1" entityref="ne" func="suj" ne="organization" tem="agt">
        <spec gen="m" num="s">
          <d gen="m" lem="el" num="s" pos="da0ms0" postype="article" wd="El"/>
        </spec>
        <grup.nom gen="m" num="s">
          <n lem="Partido_Popular" ne="organization" pos="np0000o" postype="proper" sense="16:50001207" wd="Partido_Popular"/>
        </grup.nom>
      </sn>
      <grup.verb>
        <v lem="alcanzar" lss="A21.transitive-agentive-patient" mood="indicative" num="s" person="3" pos="vmis3s0" postype="main" tense="past" wd="alcanzó"/>
      </grup.verb>
      <sn arg="arg1" entityref="nne" func="cd" homophoricDD="yes" tem="pat">
        <spec gen="f" num="s">
          <d gen="f" lem="el" num="s" pos="da0fs0" postype="article" wd="la"/>
        </spec>
        <grup.nom gen="f" num="s">
          <n gen="f" lem="mayoría" num="s" pos="ncfs000" postype="common" sense="16:03991218" wd="mayoría"/>
          <s.a gen="f" num="s">
            <grup.a gen="f" num="s">
              <a gen="f" lem="absoluto" num="s" pos="aq0fs0" postype="qualificative" wd="absoluta"/>
            </grup.a>
          </s.a>
        </grup.nom>
      </sn>
      <sp arg="argM" func="cc" tem="loc">
        <prep>
          <s lem="en" pos="sps00" postype="preposition" wd="en"/>
        </prep>
        <sn entity="entity3" entityref="ne" ne="location">
          <grup.nom>
            <n lem="Madrid" ne="location" pos="np0000l" postype="proper" wd="Madrid"/>
          </grup.nom>
        </sn>
      </sp>
    </S>
    <conj conjunctiontype="coordinating">
      <c lem="y" pos="cc" postype="coordinating" wd="y"/>
    </conj>
    <S entity="entity2">
      <sn arg="arg0" coreftype="ident" elliptic="yes" entity="entity1" entityref="spec" func="suj" tem="agt"/>
      <grup.verb>
        <v lem="obtener" lss="A21.transitive-agentive-patient" mood="indicative" num="s" person="3" pos="vmis3s0" postype="main" tense="past" wd="obtuvo"/>
      </grup.verb>
      <sn arg="arg1" entity="entity7" entityref="nne" func="cd" tem="pat">
        <spec gen="m" num="p">
          <z lem="19" ne="number" wd="19"/>
        </spec>
        <grup.nom gen="m" num="p">
          <n gen="m" lem="diputado" num="p" pos="ncmp000" postype="common" sense="16:07211532" wd="diputados"/>
          <sn entityref="nne">
            <f lem="," pos="fc" punct="comma" wd=","/>
            <grup.nom gen="m" num="p">
              <grup.nom gen="m" num="p">
                <p gen="c" lem="dos" num="p" pos="pn0cp000" postype="numeral" wd="dos"/>
                <sadv>
                  <grup.adv>
                    <r lem="más" pos="rg" wd="más"/>
                  </grup.adv>
                </sadv>
              </grup.nom>
              <S adjunct="yes" clausesubtype="comparative" clausetype="adverbial" verbless="yes">
                <conj conjunctiontype="subordinating">
                  <c lem="que" pos="cs" postype="subordinating" wd="que"/>
                </conj>
                <sp>
                  <prep>
                    <s lem="en" pos="sps00" postype="preposition" wd="en"/>
                  </prep>
                  <sn entityref="ne" ne="date">
                    <grup.nom gen="m" num="s">
                      <w lem="[??:??/??/1996:??.??]" ne="date" wd="1996"/>
                    </grup.nom>
                  </sn>
                </sp>
              </S>
            </grup.nom>
            <f lem="," pos="fc" punct="comma" wd=","/>
          </sn>
        </grup.nom>
      </sn>
      <sp arg="argM" func="cc" tem="adv">
        <prep>
          <s lem="con" pos="sps00" postype="preposition" wd="con"/>
        </prep>
        <sn coord="yes">
          <sn entityref="ne" ne="number">
            <spec gen="m" num="s">
              <d gen="m" lem="el" num="s" pos="da0ms0" postype="article" wd="el"/>
            </spec>
            <grup.nom gen="m" num="s">
              <z lem="52,52_%" ne="number" pos="zp" postype="percentage" wd="52,52_por_ciento"/>
              <sp>
                <prep>
                  <s lem="de" pos="sps00" postype="preposition" wd="de"/>
                </prep>
                <sn entity="entity6" entityref="nne" homophoricDD="yes">
                  <spec gen="m" num="p">
                    <d gen="m" lem="el" num="p" pos="da0mp0" postype="article" wd="los"/>
                  </spec>
                  <grup.nom gen="m" num="p">
                    <n gen="m" lem="sufragio" num="p" pos="ncmp000" postype="common" sense="16:04039297" wd="sufragios"/>
                  </grup.nom>
                </sn>
              </sp>
            </grup.nom>
          </sn>
          <conj conjunctiontype="coordinating">
            <c lem="y" pos="cc" postype="coordinating" wd="y"/>
          </conj>
          <sn entityref="nne">
            <spec gen="m" num="p">
              <z lem="1610000" ne="number" wd="1.610.000"/>
            </spec>
            <grup.nom gen="m" num="p">
              <n gen="m" lem="voto" num="p" pos="ncmp000" postype="common" sense="16:00119067" wd="votos"/>
              <inc>
                <sp>
                  <f lem="(" pos="fpa" punct="bracket" punctenclose="open" wd="("/>
                  <prep>
                    <s contracted="yes" gen="m" lem="al" num="s" pos="spcms" postype="preposition" wd="al"/>
                  </prep>
                  <sn entityref="ne" ne="number">
                    <grup.nom gen="m" num="s">
                      <z lem="99,83_%" ne="number" pos="zp" postype="percentage" wd="99,83_%"/>
                      <S clausetype="participle" impersonal="yes">
                        <participi>
                          <a gen="m" lem="escrutado" num="s" pos="aq0msp" posfunction="participle" postype="qualificative" wd="escrutado"/>
                        </participi>
                      </S>
                    </grup.nom>
                  </sn>
                  <f lem=")" pos="fpt" punct="bracket" punctenclose="close" wd=")"/>
                </sp>
              </inc>
            </grup.nom>
          </sn>
        </sn>
        <f lem="," pos="fc" punct="comma" wd=","/>
      </sp>
      <sn corefsubtype="token" coreftype="dx" entity="entity2" entityref="nne" func="ao">
        <spec gen="m" num="s">
          <d gen="c" lem="el" num="s" pos="da0ns0" postype="article" wd="lo"/>
        </spec>
        <grup.nom gen="m" num="s">
          <S clausetype="relative">
            <relatiu arg="arg1" func="suj" tem="tem">
              <p gen="c" lem="que" num="c" pos="pr0cn000" postype="relative" wd="que"/>
            </relatiu>
            <grup.verb>
              <v lem="suponer" lss="C21.state-attributive" mood="indicative" num="s" person="3" pos="vmip3s0" postype="main" tense="present" wd="supone"/>
            </grup.verb>
            <sn arg="arg2" func="cd" functype="quantitative" tem="atr">
              <spec gen="m" num="s">
                <d gen="m" lem="el" num="s" pos="da0ms0" postype="article" wd="el"/>
              </spec>
              <grup.nom gen="m" num="s">
                <s.a func="cn" gen="m" num="s">
                  <grup.a gen="m" num="s">
                    <a gen="c" lem="mejor" num="s" pos="aq0cs0" postype="qualificative" wd="mejor"/>
                  </grup.a>
                </s.a>
                <n gen="m" lem="resultado" lexicalid="noun.resultado.5.default" num="s" origin="deverbal" pos="ncms000" postype="common" sense="16:09768132" wd="resultado"/>
                <sp arg="arg3" func="cn" tem="ori">
                  <prep>
                    <s contracted="yes" gen="m" lem="del" num="s" pos="spcms" postype="preposition" wd="del"/>
                  </prep>
                  <sn coreftype="ident" entity="entity1" entityref="spec">
                    <grup.nom gen="m" num="s">
                      <n gen="m" lem="partido" num="s" pos="ncms000" postype="common" sense="16:06131180" wd="partido"/>
                    </grup.nom>
                  </sn>
                </sp>
                <sp arg="argM" func="cn" tem="loc">
                  <prep>
                    <s lem="en" pos="sps00" postype="preposition" wd="en"/>
                  </prep>
                  <sn coreftype="ident" entity="entity3" entityref="ne" ne="location">
                    <grup.nom>
                      <n lem="Madrid" ne="location" pos="np0000l" postype="proper" wd="Madrid"/>
                    </grup.nom>
                  </sn>
                </sp>
                <sp arg="argM" func="cn" tem="tmp">
                  <prep>
                    <s lem="desde" pos="sps00" postype="preposition" wd="desde"/>
                  </prep>
                  <sn entityref="nne" homophoricDD="yes">
                    <spec gen="f" num="s">
                      <d gen="f" lem="el" num="s" pos="da0fs0" postype="article" wd="la"/>
                    </spec>
                    <grup.nom gen="f" num="s">
                      <n gen="f" lem="instauración" lexicalid="noun.instauración.1.default" num="s" origin="deverbal" pos="ncfs000" postype="common" sense="16:50004392" wd="instauración"/>
                      <sp arg="arg1" func="cn" tem="pat">
                        <prep>
                          <s lem="de" pos="sps00" postype="preposition" wd="de"/>
                        </prep>
                        <sn entityref="nne" homophoricDD="yes">
                          <spec gen="f" num="s">
                            <d gen="f" lem="el" num="s" pos="da0fs0" postype="article" wd="la"/>
                          </spec>
                          <grup.nom gen="f" num="s">
                            <n gen="f" lem="democracia" num="s" pos="ncfs000" postype="common" sense="16:06191005" wd="democracia"/>
                          </grup.nom>
                        </sn>
                      </sp>
                    </grup.nom>
                  </sn>
                </sp>
              </grup.nom>
            </sn>
          </S>
        </grup.nom>
      </sn>
    </S>
    <f lem="." pos="fp" punct="period" wd="."/>
  </sentence>
  <sentence>
    <sa arg="arg2" func="atr" tem="atr">
      <grup.a>
        <a gen="c" lem="insuficiente" num="s" pos="aq0cs0" postype="qualificative" wd="Insuficiente"/>
      </grup.a>
    </sa>
    <grup.verb>
      <v lem="ser" lss="C21.state-attributive" mood="indicative" num="s" person="3" pos="vsis3s0" postype="semiauxiliary" tense="past" wd="fue"/>
    </grup.verb>
    <sn arg="arg1" entity="entity5" entityref="nne" func="suj" homophoricDD="yes" tem="tem">
      <spec gen="m" num="s">
        <d gen="m" lem="el" num="s" pos="da0ms0" postype="article" wd="el"/>
      </spec>
      <grup.nom discid="1n" gen="m" num="s">
        <n gen="m" lem="crecimiento" lexicalid="noun.crecimiento.1.default" num="s" origin="deverbal" pos="ncms000" postype="common" sense="16:05479891" wd="crecimiento"/>
        <sp arg="arg1" func="cn" tem="tem">
          <prep>
            <s contracted="yes" gen="m" lem="del" num="s" pos="spcms" postype="preposition" wd="del"/>
          </prep>
          <sn entity="entity4" entityref="ne" ne="organization">
            <grup.nom discid="2n" gen="m" num="s">
              <n lem="PSOE" ne="organization" pos="np0000o" postype="proper" sense="16:50001205" wd="PSOE"/>
            </grup.nom>
          </sn>
        </sp>
      </grup.nom>
    </sn>
    <sp arg="argM" func="cc" tem="loc">
      <prep>
        <s lem="en" pos="sps00" postype="preposition" wd="en"/>
      </prep>
      <sn coreftype="ident" entity="entity3" entityref="ne" ne="organization">
        <spec gen="f" num="s">
          <d gen="f" lem="el" num="s" pos="da0fs0" postype="article" wd="la"/>
        </spec>
        <grup.nom gen="f" num="s">
          <n lem="Comunidad_de_Madrid" ne="organization" pos="np0000o" postype="proper" sense="16:50004747" wd="Comunidad_de_Madrid"/>
        </grup.nom>
      </sn>
    </sp>
    <S clausetype="relative" discid="2c">
      <f lem="," pos="fc" punct="comma" wd=","/>
      <relatiu arg="arg0" coreftype="ident" entity="entity4" entityref="spec" func="suj" tem="agt">
        <p gen="c" lem="que" num="c" pos="pr0cn000" postype="relative" wd="que"/>
      </relatiu>
      <grup.verb>
        <v lem="obtener" lss="A21.transitive-agentive-patient" mood="indicative" num="s" person="3" pos="vmis3s0" postype="main" tense="past" wd="obtuvo"/>
      </grup.verb>
      <sn arg="arg1" entityref="nne" func="cd" tem="pat">
        <spec gen="m" num="p">
          <z lem="12" ne="number" wd="12"/>
        </spec>
        <grup.nom gen="m" num="p">
          <n gen="m" lem="escaño" num="p" pos="ncmp000" postype="common" sense="16:03305625" wd="escaños"/>
          <sn entityref="nne">
            <f lem="," pos="fc" punct="comma" wd=","/>
            <grup.nom gen="m" num="s">
              <grup.nom gen="m" num="s">
                <p gen="m" lem="uno" num="s" pos="pi0ms000" postype="indefinite" wd="uno"/>
                <sadv>
                  <grup.adv>
                    <r lem="más" pos="rg" wd="más"/>
                  </grup.adv>
                </sadv>
              </grup.nom>
              <S adjunct="yes" clausesubtype="comparative" clausetype="adverbial" verbless="yes">
                <conj conjunctiontype="subordinating">
                  <c lem="que" pos="cs" postype="subordinating" wd="que"/>
                </conj>
                <sp>
                  <prep>
                    <s lem="en" pos="sps00" postype="preposition" wd="en"/>
                  </prep>
                  <sn entityref="nne">
                    <spec gen="f" num="p">
                      <d gen="f" lem="el" num="p" pos="da0fp0" postype="article" wd="las"/>
                    </spec>
                    <grup.nom gen="m" num="p">
                      <n gen="m" lem="general" num="p" pos="ncmp000" postype="common" sense="16:07287417" wd="generales"/>
                      <sp>
                        <prep>
                          <s lem="de" pos="sps00" postype="preposition" wd="de"/>
                        </prep>
                        <sn>
                          <v lem="hacer" mood="indicative" num="s" person="3" pos="vmip3s0" postype="main" tense="present" wd="hace"/>
                          <d gen="c" lem="cuatro" num="p" pos="dn0cp0" postype="numeral" wd="cuatro"/>
                          <n gen="m" lem="año" num="p" pos="ncmp000" postype="common" sense="16:10917509" wd="años"/>
                        </sn>
                      </sp>
                    </grup.nom>
                  </sn>
                </sp>
              </S>
            </grup.nom>
          </sn>
        </grup.nom>
      </sn>
      <sp arg="argM" func="cc" tem="adv">
        <f lem="," pos="fc" punct="comma" wd=","/>
        <prep>
          <s lem="pese_a" pos="sps00" postype="preposition" wd="pese_a"/>
        </prep>
        <S clausetype="completive" coord="yes" impersonal="yes">
          <S clausetype="completive" impersonal="yes">
            <infinitiu>
              <v lem="perder" lss="A21.transitive-agentive-patient" mood="infinitive" pos="vmn0000" postype="main" wd="perder"/>
            </infinitiu>
            <sn arg="arg1" entityref="nne" func="cd" tem="pat">
              <spec gen="f" num="p">
                <r lem="casi" pos="rg" wd="casi"/>
                <z lem="30000" ne="number" wd="30.000"/>
              </spec>
              <grup.nom gen="m" num="p">
                <n gen="m" lem="voto" num="p" pos="ncmp000" postype="common" sense="16:00119067" wd="votos"/>
              </grup.nom>
            </sn>
          </S>
          <conj conjunctiontype="coordinating">
            <c lem="y" pos="cc" postype="coordinating" wd="y"/>
          </conj>
          <S clausetype="completive" impersonal="yes">
            <infinitiu>
              <v lem="quedar" lss="C21.state-attributive" mood="infinitive" pos="vmn0000" postype="main" wd="quedarse"/>
            </infinitiu>
            <sp arg="arg2" func="creg" tem="atr">
              <prep>
                <s lem="con" pos="sps00" postype="preposition" wd="con"/>
              </prep>
              <sn entityref="nne">
                <spec gen="f" num="p">
                  <r lem="algo" pos="rg" wd="algo"/>
                  <r lem="más" pos="rg" wd="más"/>
                </spec>
                <grup.nom gen="m" num="s">
                  <z lem="1008000" ne="number" wd="1.008.000"/>
                </grup.nom>
              </sn>
            </sp>
          </S>
        </S>
      </sp>
    </S>
    <S clausetype="relative" discid="1c">
      <conj conjunctiontype="coordinating">
        <c lem="y" pos="cc" postype="coordinating" wd="y"/>
      </conj>
      <relatiu arg="arg1" coreftype="ident" entity="entity5" entityref="nne" func="suj" tem="tem">
        <p gen="c" lem="que" num="c" pos="pr0cn000" postype="relative" wd="que"/>
      </relatiu>
      <neg func="mod">
        <r lem="no" pos="rn" postype="negative" wd="no"/>
      </neg>
      <grup.verb>
        <v lem="servir" lss="C41.state-benefactive" mood="indicative" num="s" person="3" pos="vmis3s0" postype="main" tense="past" wd="sirvió"/>
      </grup.verb>
      <sp arg="arg3" func="creg" tem="fin">
        <prep>
          <s lem="para" pos="sps00" postype="preposition" wd="para"/>
        </prep>
        <S clausetype="completive" impersonal="yes">
          <infinitiu>
            <v lem="frenar" lss="A11.transitive-causative" mood="infinitive" pos="vmn0000" postype="main" wd="frenar"/>
          </infinitiu>
          <sn arg="arg1" entity="entity11" entityref="nne" func="cd" tem="tem">
            <spec gen="f" num="s">
              <d gen="f" lem="el" num="s" pos="da0fs0" postype="article" wd="la"/>
            </spec>
            <grup.nom gen="f" num="s">
              <n gen="f" lem="derrota" lexicalid="noun.derrota.1.default" num="s" origin="deverbal" pos="ncfs000" postype="common" sense="16:05558471" wd="derrota"/>
              <s.a func="cn" gen="f" num="s">
                <grup.a gen="f" num="s">
                  <a gen="c" lem="global" num="s" pos="aq0cs0" postype="qualificative" wd="global"/>
                </grup.a>
              </s.a>
            </grup.nom>
          </sn>
        </S>
      </sp>
    </S>
    <f lem="." pos="fp" punct="period" wd="."/>
  </sentence>
  <sentence coord="yes">
    <S>
      <sn arg="arg1" entity="entity21" entityref="ne" func="suj" ne="organization" tem="tem">
        <grup.nom gen="f" num="s">
          <n lem="IU" ne="organization" pos="np0000o" postype="proper" sense="16:50001224" wd="IU"/>
        </grup.nom>
      </sn>
      <morfema.pronominal>
        <p gen="c" lem="él" num="c" person="3" pos="p0300000" wd="se"/>
      </morfema.pronominal>
      <grup.verb>
        <v lem="convertir" lss="B21.unaccusative-state" mood="indicative" num="s" person="3" pos="vmis3s0" postype="main" tense="past" wd="convirtió"/>
      </grup.verb>
      <sp arg="arg2" func="creg" tem="efi">
        <prep>
          <s lem="en" pos="sps00" postype="preposition" wd="en"/>
        </prep>
        <sn>
          <spec gen="f" num="s">
            <d gen="f" lem="el" num="s" pos="da0fs0" postype="article" wd="la"/>
          </spec>
          <grup.nom gen="f" num="s">
            <s.a gen="f" num="s">
              <grup.a gen="f" num="s">
                <a gen="c" lem="gran" num="s" pos="aq0cs0" postype="qualificative" wd="gran"/>
              </grup.a>
            </s.a>
            <S clausetype="participle" impersonal="yes">
              <participi>
                <a gen="f" lem="derrotado" num="s" pos="aq0fsp" posfunction="participle" postype="qualificative" wd="derrotada"/>
              </participi>
            </S>
          </grup.nom>
        </sn>
      </sp>
      <sp arg="argM" func="cc" tem="cau">
        <prep>
          <s contracted="yes" gen="m" lem="al" num="s" pos="spcms" postype="preposition" wd="al"/>
        </prep>
        <S clausetype="completive" impersonal="yes">
          <infinitiu>
            <v lem="perder" lss="A21.transitive-agentive-patient" mood="infinitive" pos="vmn0000" postype="main" wd="perder"/>
          </infinitiu>
          <sn arg="arg1" coord="yes" func="cd" tem="pat">
            <sn entityref="ne" ne="number">
              <grup.nom gen="m" num="p">
                <z lem="3" ne="number" wd="3"/>
                <sp>
                  <prep>
                    <s lem="de" pos="sps00" postype="preposition" wd="de"/>
                  </prep>
                  <sn entityref="nne">
                    <spec gen="f" num="p">
                      <d coreftype="ident" entity="entity21" entityref="spec" gen="c" lem="su" num="p" person="3" pos="dp3cp0" postype="possessive" wd="sus"/>
                    </spec>
                    <grup.nom gen="f" num="p">
                      <n gen="c" lem="representante" num="p" pos="nccp000" postype="common" sense="16:07601722" wd="representantes"/>
                      <sp>
                        <prep>
                          <s lem="en" pos="sps00" postype="preposition" wd="en"/>
                        </prep>
                        <sn entityref="ne" ne="organization">
                          <spec gen="m" num="s">
                            <d gen="m" lem="el" num="s" pos="da0ms0" postype="article" wd="el"/>
                          </spec>
                          <grup.nom gen="m" num="s">
                            <n lem="Parlamento" ne="organization" pos="np0000o" postype="proper" sense="16:cs1" wd="Parlamento"/>
                          </grup.nom>
                        </sn>
                      </sp>
                    </grup.nom>
                  </sn>
                </sp>
              </grup.nom>
            </sn>
            <conj conjunctiontype="coordinating">
              <c lem="y" pos="cc" postype="coordinating" wd="y"/>
            </conj>
            <sn entityref="nne" homophoricDD="yes">
              <spec gen="f" num="s">
                <d gen="f" lem="el" num="s" pos="da0fs0" postype="article" wd="la"/>
              </spec>
              <grup.nom gen="f" num="s">
                <n gen="f" lem="mitad" num="s" pos="ncfs000" postype="common" sense="16:09891093" wd="mitad"/>
                <sp>
                  <prep>
                    <s lem="de" pos="sps00" postype="preposition" wd="de"/>
                  </prep>
                  <sn coreftype="ident" entity="entity6" entityref="nne">
                    <spec gen="m" num="p">
                      <d gen="m" lem="el" num="p" pos="da0mp0" postype="article" wd="los"/>
                    </spec>
                    <grup.nom gen="m" num="p">
                      <n gen="m" lem="voto" num="p" pos="ncmp000" postype="common" sense="16:00119067" wd="votos"/>
                    </grup.nom>
                  </sn>
                </sp>
              </grup.nom>
            </sn>
          </sn>
          <sp arg="argM" func="cc" tem="cau">
            <prep>
              <s contracted="yes" gen="m" lem="al" num="s" pos="spcms" postype="preposition" wd="al"/>
            </prep>
            <S clausetype="completive" impersonal="yes">
              <infinitiu>
                <v lem="pasar" lss="D11.inergative-agentive" mood="infinitive" pos="vmn0000" postype="main" wd="pasar"/>
              </infinitiu>
              <sp arg="arg3" func="cc" tem="ori">
                <prep>
                  <s lem="de" pos="sps00" postype="preposition" wd="de"/>
                </prep>
                <sn entityref="nne">
                  <spec gen="m" num="p">
                    <z lem="547000" ne="number" wd="547.000"/>
                  </spec>
                  <grup.nom gen="m" num="p">
                    <n gen="m" lem="voto" num="p" pos="ncmp000" postype="common" sense="16:00119067" wd="votos"/>
                  </grup.nom>
                </sn>
              </sp>
              <sp arg="arg4" func="cc" tem="des">
                <prep>
                  <s lem="a" pos="sps00" postype="preposition" wd="a"/>
                </prep>
                <sn entityref="nne">
                  <grup.nom gen="m" num="p">
                    <sadv>
                      <grup.adv>
                        <r lem="apenas" pos="rg" wd="apenas"/>
                      </grup.adv>
                    </sadv>
                    <z lem="279000" ne="number" wd="279.000,"/>
                  </grup.nom>
                </sn>
              </sp>
            </S>
          </sp>
        </S>
      </sp>
    </S>
    <conj conjunctiontype="coordinating">
      <c lem="mientras_que" pos="cc" postype="coordinating" wd="mientras_que"/>
    </conj>
    <S>
      <sn arg="arg1" entityref="ne" func="suj" ne="organization" tem="tem">
        <spec gen="m" num="s">
          <d gen="m" lem="el" num="s" pos="da0ms0" postype="article" wd="el"/>
        </spec>
        <grup.nom gen="m" num="s">
          <n lem="GIL" ne="organization" pos="np0000o" postype="proper" sense="16:cs1" wd="GIL"/>
        </grup.nom>
      </sn>
      <grup.verb>
        <v lem="aparecer" lss="B11.unaccusative-motion" mood="indicative" num="s" person="3" pos="vmip3s0" postype="main" tense="present" wd="aparece"/>
      </grup.verb>
      <sp arg="argM" func="cc" tem="adv">
        <prep>
          <c lem="como" pos="cs" postype="subordinating" wd="como"/>
        </prep>
        <sn>
          <grup.nom gen="f" num="s">
            <s.a gen="f" num="s">
              <grup.a gen="f" num="s">
                <a gen="f" lem="cuarto" num="s" pos="ao0fs0" postype="ordinal" wd="cuarta"/>
              </grup.a>
            </s.a>
            <n gen="f" lem="fuerza" num="s" pos="ncfs000" postype="common" sense="16:07491804" wd="fuerza"/>
            <S clausetype="participle" impersonal="yes">
              <sadv arg="argM" func="cc" tem="adv">
                <grup.adv>
                  <r lem="más" pos="rg" wd="más"/>
                </grup.adv>
              </sadv>
              <participi>
                <a gen="f" lem="votado" lss="B22.unaccusative-passive-transitive" num="s" pos="aq0fsp" posfunction="participle" postype="qualificative" wd="votada"/>
              </participi>
            </S>
          </grup.nom>
        </sn>
      </sp>
      <sp arg="argM" func="cc" tem="adv">
        <f lem="," pos="fc" punct="comma" wd=","/>
        <prep>
          <s lem="pese_a" pos="sps00" postype="preposition" wd="pese_a"/>
        </prep>
        <S clausetype="completive" impersonal="yes">
          <neg func="mod">
            <r lem="no" pos="rn" postype="negative" wd="no"/>
          </neg>
          <infinitiu>
            <v lem="obtener" lss="A21.transitive-agentive-patient" mood="infinitive" pos="vmn0000" postype="main" wd="obtener"/>
          </infinitiu>
          <sn arg="arg1" func="cd" tem="pat">
            <grup.nom gen="m" num="p">
              <n gen="m" lem="escaño" num="p" pos="ncmp000" postype="common" sense="16:03305625" wd="escaños"/>
            </grup.nom>
          </sn>
        </S>
      </sp>
      <sp arg="argM" func="cc" tem="mnr">
        <prep>
          <s lem="con" pos="sps00" postype="preposition" wd="con"/>
        </prep>
        <sn entityref="nne">
          <spec gen="m" num="p">
            <r lem="algo" pos="rg" wd="algo"/>
            <r lem="más" pos="rg" wd="más"/>
            <s lem="de" pos="sps00" postype="preposition" wd="de"/>
            <z lem="32000" ne="number" wd="32.000"/>
          </spec>
          <grup.nom gen="m" num="p">
            <n gen="m" lem="sufragio" num="p" pos="ncmp000" postype="common" sense="16:04039297" wd="sufragios"/>
          </grup.nom>
        </sn>
      </sp>
    </S>
    <f lem="." pos="fp" punct="period" wd="."/>
  </sentence>
  <sentence>
    <S arg="arg1" clausetype="completive" func="cd" tem="pat">
      <sn arg="arg1" coreftype="ident" entity="entity7" entityref="nne" func="suj" homophoricDD="yes" tem="tem">
        <spec gen="m" num="p">
          <d gen="m" lem="el" num="p" pos="da0mp0" postype="article" wd="Los"/>
        </spec>
        <grup.nom gen="m" num="p">
          <n gen="m" lem="escaño" num="p" pos="ncmp000" postype="common" sense="16:03305625" wd="escaños"/>
          <S clausetype="participle" impersonal="yes">
            <participi>
              <a gen="m" lem="obtenido" lss="B22.unaccusative-passive-transitive" num="p" pos="aq0mpp" posfunction="participle" postype="qualificative" wd="obtenidos"/>
            </participi>
            <sp arg="arg0" func="cag" tem="agt">
              <prep>
                <s lem="por" pos="sps00" postype="preposition" wd="por"/>
              </prep>
              <sn coreftype="ident" entity="entity1" entityref="ne" ne="organization">
                <spec gen="m" num="s">
                  <d gen="m" lem="el" num="s" pos="da0ms0" postype="article" wd="el"/>
                </spec>
                <grup.nom gen="m" num="s">
                  <n lem="PP" ne="organization" pos="np0000o" postype="proper" sense="16:50001207" wd="PP"/>
                </grup.nom>
              </sn>
            </sp>
            <sp arg="argM" func="cc" tem="loc">
              <prep>
                <s lem="en" pos="sps00" postype="preposition" wd="en"/>
              </prep>
              <sn coreftype="ident" entity="entity3" entityref="ne" ne="location">
                <grup.nom>
                  <n lem="Madrid" ne="location" pos="np0000l" postype="proper" wd="Madrid"/>
                </grup.nom>
              </sn>
            </sp>
          </S>
        </grup.nom>
      </sn>
      <grup.verb>
        <v lem="suponer" lss="C21.state-attributive" mood="indicative" num="p" person="3" pos="vmip3p0" postype="main" tense="present" wd="suponen"/>
      </grup.verb>
      <sn arg="arg2" func="cd" functype="quantitative" tem="atr">
        <f lem="&quot;" pos="fe" punct="quotation" wd="&quot;"/>
        <spec gen="m" num="s">
          <d gen="m" lem="el" num="s" pos="da0ms0" postype="article" wd="el"/>
        </spec>
        <grup.nom gen="m" num="s">
          <s.a func="cn" gen="m" num="s">
            <grup.a gen="m" num="s">
              <a gen="c" lem="mejor" num="s" pos="aq0cs0" postype="qualificative" wd="mejor"/>
            </grup.a>
          </s.a>
          <n gen="m" lem="resultado" lexicalid="noun.resultado.5.default" num="s" origin="deverbal" pos="ncms000" postype="common" sense="16:09768132" wd="resultado"/>
          <sp arg="arg3" func="cn" tem="ori">
            <prep>
              <s contracted="yes" gen="m" lem="del" num="s" pos="spcms" postype="preposition" wd="del"/>
            </prep>
            <sn coreftype="ident" entity="entity1" entityref="spec">
              <grup.nom gen="m" num="s">
                <n gen="m" lem="partido" num="s" pos="ncms000" postype="common" sense="16:06131180" wd="partido"/>
              </grup.nom>
            </sn>
          </sp>
          <sp arg="argM" func="cn" tem="loc">
            <prep>
              <s lem="en" pos="sps00" postype="preposition" wd="en"/>
            </prep>
            <sn coreftype="ident" entity="entity3" entityref="ne" ne="location">
              <grup.nom>
                <n lem="Madrid" ne="location" pos="np0000l" postype="proper" wd="Madrid"/>
              </grup.nom>
            </sn>
          </sp>
          <sp arg="argM" func="cn" tem="tmp">
            <prep>
              <s lem="en" pos="sps00" postype="preposition" wd="en"/>
            </prep>
            <sn>
              <spec gen="m" num="p">
                <z lem="25" ne="number" wd="25"/>
              </spec>
              <grup.nom gen="m" num="p">
                <n gen="m" lem="año" num="p" pos="ncmp000" postype="common" sense="16:10917509" wd="años"/>
                <sp>
                  <prep>
                    <s lem="de" pos="sps00" postype="preposition" wd="de"/>
                  </prep>
                  <sn>
                    <grup.nom gen="f" num="s">
                      <n gen="f" lem="democracia" num="s" pos="ncfs000" postype="common" sense="16:06191005" wd="democracia"/>
                    </grup.nom>
                  </sn>
                </sp>
              </grup.nom>
            </sn>
          </sp>
        </grup.nom>
        <f lem="&quot;" pos="fe" punct="quotation" wd="&quot;"/>
      </sn>
      <f lem="," pos="fc" punct="comma" wd=","/>
    </S>
    <grup.verb>
      <v lem="decir" lss="A32.ditransitive-patient-benefactive" mood="indicative" num="s" person="3" pos="vmis3s0" postype="main" tense="past" wd="dijo"/>
    </grup.verb>
    <sp arg="arg2" func="ci" tem="ben">
      <prep>
        <s lem="a" pos="sps00" postype="preposition" wd="a"/>
      </prep>
      <sn entityref="ne" ne="organization">
        <grup.nom>
          <n lem="Efe" ne="organization" pos="np0000o" postype="proper" sense="16:cs1" wd="Efe"/>
        </grup.nom>
      </sn>
    </sp>
    <sn arg="arg0" entity="entity9" entityref="ne" func="suj" ne="number" tem="agt">
      <spec gen="m" num="s">
        <d gen="m" lem="el" num="s" pos="da0ms0" postype="article" wd="el"/>
      </spec>
      <grup.nom gen="m" num="s">
        <n gen="m" lem="presidente" num="s" pos="ncms000" postype="common" sense="16:07496197" wd="presidente"/>
        <sp>
          <prep>
            <s contracted="yes" gen="m" lem="del" num="s" pos="spcms" postype="preposition" wd="del"/>
          </prep>
          <sn coreftype="ident" entity="entity1" entityref="ne" ne="organization">
            <grup.nom gen="m" num="s">
              <n lem="PP" ne="organization" pos="np0000o" postype="proper" sense="16:50001207" wd="PP"/>
            </grup.nom>
          </sn>
        </sp>
        <sp>
          <prep>
            <s lem="en" pos="sps00" postype="preposition" wd="en"/>
          </prep>
          <sn coreftype="ident" entity="entity3" entityref="nne">
            <spec gen="f" num="s">
              <d gen="f" lem="el" num="s" pos="da0fs0" postype="article" wd="la"/>
            </spec>
            <grup.nom gen="f" num="s">
              <n gen="f" lem="región" num="s" pos="ncfs000" postype="common" sense="16:06358701" wd="región"/>
            </grup.nom>
          </sn>
        </sp>
        <sn corefsubtype="definit" coreftype="pred" entity="entity9" entityref="ne" ne="person">
          <f lem="," pos="fc" punct="comma" wd=","/>
          <grup.nom gen="m" num="s">
            <n lem="Pío_García-Escudero" ne="person" pos="np0000p" postype="proper" sense="16:cs1" wd="Pío_García-Escudero"/>
          </grup.nom>
          <f lem="," pos="fc" punct="comma" wd=","/>
        </sn>
        <S clausetype="relative">
          <relatiu arg="arg0" coreftype="ident" entity="entity9" entityref="spec" func="suj" tem="agt">
            <p gen="c" lem="quien" num="s" pos="pr0cs000" postype="relative" wd="quien"/>
          </relatiu>
          <grup.verb>
            <v lem="contraponer" lss="A35.ditransitive-theme-cotheme" mood="indicative" num="s" person="3" pos="vmis3s0" postype="main" tense="past" wd="contrapuso"/>
          </grup.verb>
          <sn arg="arg1" corefsubtype="token" coreftype="dx" entity="entity10" entityref="nne" func="cd" homophoricDD="yes" tem="tem">
            <spec gen="m" num="s">
              <d gen="m" lem="el" num="s" pos="da0ms0" postype="article" wd="el"/>
            </spec>
            <grup.nom gen="m" num="s">
              <f lem="&quot;" pos="fe" punct="quotation" wd="&quot;"/>
              <n gen="m" lem="éxito" num="s" pos="ncms000" postype="common" sense="16:00036683" wd="éxito"/>
              <f lem="&quot;" pos="fe" punct="quotation" wd="&quot;"/>
              <sp>
                <prep>
                  <s lem="de" pos="sps00" postype="preposition" wd="de"/>
                </prep>
                <sn coreftype="ident" entity="entity1" entityref="spec" homophoricDD="yes">
                  <spec gen="m" num="p">
                    <d gen="m" lem="el" num="p" pos="da0mp0" postype="article" wd="los"/>
                  </spec>
                  <grup.nom gen="m" num="p">
                    <n gen="c" lem="popular" num="p" pos="nccp000" postype="common" sense="16:50001406" wd="populares"/>
                  </grup.nom>
                </sn>
              </sp>
            </grup.nom>
          </sn>
          <sp arg="arg2" func="creg" tem="cot">
            <prep>
              <s lem="a" pos="sps00" postype="preposition" wd="a"/>
            </prep>
            <sn coreftype="ident" entity="entity11" entityref="nne" homophoricDD="yes">
              <spec gen="f" num="s">
                <d gen="f" lem="el" num="s" pos="da0fs0" postype="article" wd="la"/>
              </spec>
              <grup.nom gen="f" num="s">
                <f lem="&quot;" pos="fe" punct="quotation" wd="&quot;"/>
                <s.a gen="f" num="s">
                  <grup.a gen="f" num="s">
                    <a gen="f" lem="profundo" num="s" pos="aq0fs0" postype="qualificative" wd="profunda"/>
                  </grup.a>
                </s.a>
                <n gen="f" lem="crisis" num="c" pos="ncfn000" postype="common" sense="16:10040291" wd="crisis"/>
                <S clausetype="relative">
                  <sp arg="arg2" func="creg" tem="loc">
                    <prep>
                      <s lem="en" pos="sps00" postype="preposition" wd="en"/>
                    </prep>
                    <relatiu coreftype="ident" entity="entity11" entityref="nne">
                      <d gen="f" lem="el" num="s" pos="da0fs0" postype="article" wd="la"/>
                      <p gen="c" lem="que" num="c" pos="pr0cn000" postype="relative" wd="que"/>
                    </relatiu>
                  </sp>
                  <grup.verb>
                    <v lem="haber" mood="indicative" num="s" person="3" pos="vaip3s0" postype="auxiliary" tense="present" wd="ha"/>
                    <v gen="m" lem="entrar" lss="B22.unaccusative-passive-transitive" mood="participle" num="s" pos="vmp00sm" postype="main" wd="entrado"/>
                  </grup.verb>
                  <sn arg="arg1" coord="yes" func="suj" tem="tem">
                    <sn coreftype="ident" entity="entity4" entityref="ne" ne="organization">
                      <spec gen="m" num="s">
                        <d gen="m" lem="el" num="s" pos="da0ms0" postype="article" wd="el"/>
                      </spec>
                      <grup.nom gen="m" num="s">
                        <n lem="PSOE" ne="organization" pos="np0000o" postype="proper" sense="16:50001205" wd="PSOE"/>
                      </grup.nom>
                    </sn>
                    <conj conjunctiontype="coordinating">
                      <c lem="y" pos="cc" postype="coordinating" wd="y"/>
                    </conj>
                    <sn entityref="nne" homophoricDD="yes">
                      <spec gen="f" num="s">
                        <d gen="f" lem="todo" num="s" pos="di0fs0" postype="indefinite" wd="toda"/>
                        <d gen="f" lem="el" num="s" pos="da0fs0" postype="article" wd="la"/>
                      </spec>
                      <grup.nom gen="f" num="s">
                        <n gen="f" lem="izquierda" num="s" pos="ncfs000" postype="common" sense="16:06223796" wd="izquierda"/>
                      </grup.nom>
                    </sn>
                  </sn>
                </S>
                <f lem="&quot;" pos="fe" punct="quotation" wd="&quot;"/>
              </grup.nom>
            </sn>
          </sp>
        </S>
      </grup.nom>
    </sn>
    <f lem="." pos="fp" punct="period" wd="."/>
  </sentence>
  <sentence>
    <sadv func="et">
      <grup.adv>
        <r lem="además" pos="rg" wd="Además"/>
      </grup.adv>
    </sadv>
    <sp arg="argM" func="cc" tem="loc">
      <prep>
        <s lem="en" pos="sps00" postype="preposition" wd="en"/>
      </prep>
      <sn entityref="nne" homophoricDD="yes">
        <spec gen="f" num="p">
          <d gen="f" lem="el" num="p" pos="da0fp0" postype="article" wd="las"/>
        </spec>
        <grup.nom gen="f" num="p">
          <n gen="f" lem="elección" lexicalid="noun.elección.1.default" num="p" origin="deverbal" pos="ncfp000" postype="common" sense="16:00118873" wd="elecciones"/>
          <s.a func="cn" gen="f" num="p">
            <grup.a gen="f" num="p">
              <a gen="c" lem="general" num="p" pos="aq0cp0" postype="qualificative" wd="generales"/>
            </grup.a>
          </s.a>
          <S clausetype="participle" func="cn" impersonal="yes">
            <participi>
              <a gen="f" lem="celebrado" lss="B22.unaccusative-passive-transitive" num="p" pos="aq0fpp" posfunction="participle" postype="qualificative" wd="celebradas"/>
            </participi>
            <sadv arg="argM" func="cc" tem="tmp">
              <grup.adv>
                <r lem="hoy" pos="rg" wd="hoy"/>
              </grup.adv>
            </sadv>
          </S>
        </grup.nom>
      </sn>
    </sp>
    <sn arg="arg0" coreftype="ident" entity="entity1" entityref="ne" func="suj" ne="organization" tem="agt">
      <spec gen="m" num="s">
        <d gen="m" lem="el" num="s" pos="da0ms0" postype="article" wd="el"/>
      </spec>
      <grup.nom gen="m" num="s">
        <n lem="PP" ne="organization" pos="np0000o" postype="proper" sense="16:50001207" wd="PP"/>
      </grup.nom>
    </sn>
    <grup.verb>
      <v lem="consolidar" lss="A21.transitive-agentive-patient" mood="indicative" num="s" person="3" pos="vmis3s0" postype="main" tense="past" wd="consolidó"/>
    </grup.verb>
    <sn arg="arg1" entityref="nne" func="cd" tem="pat">
      <spec arg="arg1" gen="f" num="s" tem="tem">
        <d coreftype="ident" entity="entity1" entityref="spec" gen="c" lem="su" num="s" person="3" pos="dp3cs0" postype="possessive" wd="su"/>
      </spec>
      <grup.nom gen="f" num="s">
        <n gen="f" lem="entrada" lexicalid="noun.entrada.2.default" num="s" origin="deverbal" pos="ncfs000" postype="common" sense="16:00027115" wd="entrada"/>
        <sp arg="arg2" func="cn" tem="loc">
          <prep>
            <s lem="en" pos="sps00" postype="preposition" wd="en"/>
          </prep>
          <sn entity="entity14" entityref="nne" homophoricDD="yes">
            <spec gen="f" num="p">
              <d gen="f" lem="el" num="p" pos="da0fp0" postype="article" wd="las"/>
            </spec>
            <grup.nom gen="f" num="p">
              <n gen="f" lem="localidad" num="p" pos="ncfp000" postype="common" sense="16:06368526" wd="localidades"/>
              <sp>
                <prep>
                  <s contracted="yes" gen="m" lem="del" num="s" pos="spcms" postype="preposition" wd="del"/>
                </prep>
                <sn entity="entity13" entityref="nne" homophoricDD="yes">
                  <grup.nom gen="m" num="s">
                    <S clausetype="participle" impersonal="yes">
                      <participi>
                        <a gen="m" lem="denominado" lss="B22.unaccusative-passive-transitive" num="s" pos="aq0msp" posfunction="participle" postype="qualificative" wd="denominado"/>
                      </participi>
                      <sn arg="arg2" func="cpred" tem="atr">
                        <f lem="&quot;" pos="fe" punct="quotation" wd="&quot;"/>
                        <grup.nom gen="m" num="s">
                          <n gen="m" lem="cinturón" num="s" pos="ncms000" postype="common" sense="16:cs1" wd="cinturón"/>
                          <s.a gen="m" num="s">
                            <grup.a gen="m" num="s">
                              <a gen="m" lem="rojo" num="s" pos="aq0ms0" postype="qualificative" wd="rojo"/>
                            </grup.a>
                          </s.a>
                          <f lem="&quot;" pos="fe" punct="quotation" wd="&quot;"/>
                          <sp>
                            <prep>
                              <s contracted="yes" gen="m" lem="del" num="s" pos="spcms" postype="preposition" wd="del"/>
                            </prep>
                            <sn entityref="ne" ne="location">
                              <grup.nom gen="m" num="s">
                                <n gen="m" lem="sur" num="s" pos="ncms000" postype="common" sense="16:06311854" wd="sur"/>
                                <sp>
                                  <prep>
                                    <s lem="de" pos="sps00" postype="preposition" wd="de"/>
                                  </prep>
                                  <sn coreftype="ident" entity="entity3" entityref="ne" ne="location">
                                    <grup.nom>
                                      <n lem="Madrid" ne="location" pos="np0000l" postype="proper" wd="Madrid"/>
                                    </grup.nom>
                                  </sn>
                                </sp>
                              </grup.nom>
                            </sn>
                          </sp>
                          <S clausetype="relative">
                            <f lem="," pos="fc" punct="comma" wd=","/>
                            <sp arg="argM" func="cc" tem="loc">
                              <prep>
                                <s lem="en" pos="sps00" postype="preposition" wd="en"/>
                              </prep>
                              <relatiu coreftype="ident" entity="entity13" entityref="nne">
                                <d gen="m" lem="el" num="s" pos="da0ms0" postype="article" wd="el"/>
                                <p gen="c" lem="que" num="c" pos="pr0cn000" postype="relative" wd="que"/>
                              </relatiu>
                            </sp>
                            <sn arg="arg0" coreftype="ident" elliptic="yes" entity="entity1" entityref="spec" func="suj" tem="agt"/>
                            <grup.verb>
                              <v lem="compartir" lss="A21.transitive-agentive-patient" mood="indicative" num="s" person="3" pos="vmip3s0" postype="main" tense="present" wd="comparte"/>
                            </grup.verb>
                            <sn arg="arg1" complex="yes" func="cd" tem="pat">
                              <grup.nom coord="yes">
                                <grup.nom gen="f" num="p">
                                  <n gen="f" lem="victoria" lexicalid="noun.victoria.1.default" num="p" origin="deverbal" pos="ncfp000" postype="common" sense="16:05556959" wd="victorias"/>
                                </grup.nom>
                                <conj conjunctiontype="coordinating">
                                  <c lem="y" pos="cc" postype="coordinating" wd="y"/>
                                </conj>
                                <grup.nom gen="f" num="p">
                                  <n gen="f" lem="derrota" lexicalid="noun.derrota.1.default" num="p" origin="deverbal" pos="ncfp000" postype="common" sense="16:05558471" wd="derrotas"/>
                                </grup.nom>
                              </grup.nom>
                            </sn>
                            <sp arg="argM" func="cc" tem="adv">
                              <prep>
                                <s lem="con" pos="sps00" postype="preposition" wd="con"/>
                              </prep>
                              <sn coreftype="ident" entity="entity4" entityref="ne" ne="organization">
                                <spec gen="m" num="s">
                                  <d gen="m" lem="el" num="s" pos="da0ms0" postype="article" wd="el"/>
                                </spec>
                                <grup.nom gen="m" num="s">
                                  <n lem="PSOE" ne="organization" pos="np0000o" postype="proper" sense="16:50001205" wd="PSOE"/>
                                  <S clausetype="relative">
                                    <f lem="," pos="fc" punct="comma" wd=","/>
                                    <relatiu arg="arg1" coreftype="ident" entity="entity4" entityref="spec" func="suj" tem="tem">
                                      <p gen="c" lem="que" num="c" pos="pr0cn000" postype="relative" wd="que"/>
                                    </relatiu>
                                    <sadv func="et">
                                      <grup.adv>
                                        <r lem="sin_embargo" pos="rg" wd="sin_embargo"/>
                                      </grup.adv>
                                    </sadv>
                                    <grup.verb>
                                      <v lem="seguir" mood="indicative" num="s" person="3" pos="vmip3s0" postype="main" tense="present" wd="sigue"/>
                                      <gerundi>
                                        <v lem="ser" lss="C21.state-attributive" mood="gerund" pos="vsg0000" postype="semiauxiliary" wd="siendo"/>
                                      </gerundi>
                                    </grup.verb>
                                    <sn arg="arg2" corefsubtype="definit" coreftype="pred" entity="entity4" func="atr" tem="atr">
                                      <spec gen="m" num="s">
                                        <d gen="m" lem="el" num="s" pos="da0ms0" postype="article" wd="el"/>
                                      </spec>
                                      <grup.nom gen="m" num="s">
                                        <n gen="m" lem="partido" num="s" pos="ncms000" postype="common" sense="16:06131180" wd="partido"/>
                                        <S clausetype="participle" impersonal="yes">
                                          <sadv arg="argM" func="cc" tem="adv">
                                            <grup.adv>
                                              <r lem="más" pos="rg" wd="más"/>
                                            </grup.adv>
                                          </sadv>
                                          <participi>
                                            <a gen="m" lem="votado" lss="B22.unaccusative-passive-transitive" num="s" pos="aq0msp" posfunction="participle" postype="qualificative" wd="votado"/>
                                          </participi>
                                          <sp arg="argM" func="cc" tem="loc">
                                            <prep>
                                              <s lem="en" pos="sps00" postype="preposition" wd="en"/>
                                            </prep>
                                            <sn entityref="nne" homophoricDD="yes">
                                              <spec gen="m" num="s">
                                                <d gen="m" lem="el" num="s" pos="da0ms0" postype="article" wd="el"/>
                                              </spec>
                                              <grup.nom gen="m" num="s">
                                                <n gen="m" lem="cómputo" lexicalid="noun.cómputo.1.default" num="s" origin="deverbal" pos="ncms000" postype="common" sense="16:09766572" wd="cómputo"/>
                                                <s.a func="cn" gen="m" num="s">
                                                  <grup.a gen="m" num="s">
                                                    <a gen="c" lem="global" num="s" pos="aq0cs0" postype="qualificative" wd="global"/>
                                                  </grup.a>
                                                </s.a>
                                                <sp arg="argM" func="cn" tem="loc">
                                                  <prep>
                                                    <s lem="de" pos="sps00" postype="preposition" wd="de"/>
                                                  </prep>
                                                  <sn coreftype="ident" entity="entity13" entityref="nne">
                                                    <spec gen="f" num="s">
                                                      <d gen="f" lem="este" num="s" pos="dd0fs0" postype="demonstrative" wd="esta"/>
                                                    </spec>
                                                    <grup.nom gen="f" num="s">
                                                      <n gen="f" lem="zona" num="s" pos="ncfs000" postype="common" sense="16:06395720" wd="zona"/>
                                                    </grup.nom>
                                                  </sn>
                                                </sp>
                                              </grup.nom>
                                            </sn>
                                          </sp>
                                        </S>
                                      </grup.nom>
                                    </sn>
                                  </S>
                                </grup.nom>
                              </sn>
                            </sp>
                          </S>
                        </grup.nom>
                      </sn>
                    </S>
                  </grup.nom>
                </sn>
              </sp>
            </grup.nom>
          </sn>
        </sp>
      </grup.nom>
    </sn>
    <f lem="." pos="fp" punct="period" wd="."/>
  </sentence>
  <sentence>
    <sp arg="argM" func="cc" tem="loc">
      <prep>
        <s lem="en" pos="sps00" postype="preposition" wd="En"/>
      </prep>
      <sn coreftype="ident" entity="entity14" entityref="nne" homophoricDD="yes">
        <spec gen="f" num="p">
          <d gen="f" lem="el" num="p" pos="da0fp0" postype="article" wd="las"/>
        </spec>
        <grup.nom gen="f" num="p">
          <n gen="f" lem="localidad" num="p" pos="ncfp000" postype="common" sense="16:06368526" wd="localidades"/>
          <sp>
            <prep>
              <s contracted="yes" gen="m" lem="del" num="s" pos="spcms" postype="preposition" wd="del"/>
            </prep>
            <sn coreftype="ident" entity="entity13" entityref="nne" homophoricDD="yes">
              <grup.nom gen="m" num="s">
                <S clausetype="participle" impersonal="yes">
                  <participi>
                    <a gen="m" lem="denominado" lss="B22.unaccusative-passive-transitive" num="s" pos="aq0msp" posfunction="participle" postype="qualificative" wd="denominado"/>
                  </participi>
                  <sn arg="arg2" func="cpred" tem="atr">
                    <grup.nom gen="m" num="s">
                      <f lem="&quot;" pos="fe" punct="quotation" wd="&quot;"/>
                      <n gen="m" lem="cinturón" num="s" pos="ncms000" postype="common" sense="16:cs1" wd="cinturón"/>
                      <s.a gen="m" num="s">
                        <grup.a gen="m" num="s">
                          <a gen="m" lem="rojo" num="s" pos="aq0ms0" postype="qualificative" wd="rojo"/>
                        </grup.a>
                      </s.a>
                      <f lem="&quot;" pos="fe" punct="quotation" wd="&quot;"/>
                    </grup.nom>
                  </sn>
                </S>
              </grup.nom>
            </sn>
          </sp>
        </grup.nom>
      </sn>
      <f lem="," pos="fc" punct="comma" wd=","/>
    </sp>
    <sn arg="arg0" coreftype="ident" entity="entity4" entityref="ne" func="suj" ne="organization" tem="agt">
      <spec gen="m" num="s">
        <d gen="m" lem="el" num="s" pos="da0ms0" postype="article" wd="el"/>
      </spec>
      <grup.nom gen="m" num="s">
        <n lem="PSOE" ne="organization" pos="np0000o" postype="proper" sense="16:50001205" wd="PSOE"/>
      </grup.nom>
    </sn>
    <grup.verb>
      <v lem="lograr" lss="A21.transitive-agentive-patient" mood="indicative" num="s" person="3" pos="vmis3s0" postype="main" tense="past" wd="logró"/>
    </grup.verb>
    <sadv arg="argM" func="cc" tem="tmp">
      <grup.adv>
        <r lem="hoy" pos="rg" wd="hoy"/>
      </grup.adv>
    </sadv>
    <sn arg="arg1" entityref="nne" func="cd" homophoricDD="yes" tem="pat">
      <spec gen="f" num="s">
        <d gen="f" lem="el" num="s" pos="da0fs0" postype="article" wd="la"/>
      </spec>
      <grup.nom gen="f" num="s">
        <n gen="f" lem="victoria" lexicalid="noun.victoria.1.default" num="s" origin="deverbal" pos="ncfs000" postype="common" sense="16:05556959" wd="victoria"/>
        <sp arg="argM" func="cn" tem="loc">
          <prep>
            <s lem="en" pos="sps00" postype="preposition" wd="en"/>
          </prep>
          <sn complex="yes">
            <grup.nom coord="yes">
              <grup.nom>
                <n lem="Fuenlabrada" ne="location" pos="np0000l" postype="proper" sense="16:cs1" wd="Fuenlabrada"/>
              </grup.nom>
              <f lem="," pos="fc" punct="comma" wd=","/>
              <grup.nom>
                <n lem="Leganés" ne="location" pos="np0000l" postype="proper" sense="16:cs1" wd="Leganés"/>
              </grup.nom>
              <conj conjunctiontype="coordinating">
                <c lem="y" pos="cc" postype="coordinating" wd="y"/>
              </conj>
              <grup.nom entity="entity15">
                <n lem="Getafe" ne="location" pos="np0000l" postype="proper" sense="16:cs1" wd="Getafe"/>
                <inc>
                  <S clausesubtype="concessive" clausetype="adverbial" verbless="yes">
                    <f lem="," pos="fc" punct="comma" wd=","/>
                    <conj conjunctiontype="subordinating">
                      <c lem="aunque" pos="cs" postype="subordinating" wd="aunque"/>
                    </conj>
                    <sp>
                      <prep>
                        <s lem="en" pos="sps00" postype="preposition" wd="en"/>
                      </prep>
                      <sn coreftype="ident" entity="entity15" entityref="spec">
                        <spec gen="m" num="s">
                          <d gen="m" lem="este" num="s" pos="dd0ms0" postype="demonstrative" wd="este"/>
                        </spec>
                        <grup.nom gen="m" num="s">
                          <n gen="m" lem="municipio" num="s" pos="ncms000" postype="common" sense="16:06355858" wd="municipio"/>
                        </grup.nom>
                      </sn>
                    </sp>
                    <sp>
                      <prep>
                        <s lem="por" pos="sps00" postype="preposition" wd="por"/>
                      </prep>
                      <sn entityref="nne">
                        <grup.nom gen="m" num="s">
                          <s.a gen="m" num="s">
                            <spec>
                              <r lem="mucho" pos="rg" wd="muy"/>
                            </spec>
                            <grup.a gen="m" num="s">
                              <a gen="m" lem="escaso" num="s" pos="aq0ms0" postype="qualificative" wd="escaso"/>
                            </grup.a>
                          </s.a>
                          <n gen="c" lem="margen" num="s" pos="nccs000" postype="common" sense="16:03731940" wd="margen"/>
                          <sp>
                            <prep>
                              <s lem="de" pos="sps00" postype="preposition" wd="de"/>
                            </prep>
                            <sn coreftype="ident" entity="entity6" entityref="nne">
                              <grup.nom gen="m" num="p">
                                <n gen="m" lem="voto" num="p" pos="ncmp000" postype="common" sense="16:00119067" wd="votos"/>
                              </grup.nom>
                            </sn>
                          </sp>
                        </grup.nom>
                      </sn>
                    </sp>
                    <f lem="," pos="fc" punct="comma" wd=","/>
                  </S>
                </inc>
              </grup.nom>
            </grup.nom>
          </sn>
        </sp>
      </grup.nom>
    </sn>
    <S clausetype="adverbial">
      <conj conjunctiontype="subordinating">
        <c lem="mientras" pos="cs" postype="subordinating" wd="mientras"/>
      </conj>
      <sn arg="arg0" coreftype="ident" entity="entity1" entityref="ne" func="suj" ne="organization" tem="agt">
        <spec gen="m" num="s">
          <d gen="m" lem="el" num="s" pos="da0ms0" postype="article" wd="el"/>
        </spec>
        <grup.nom gen="m" num="s">
          <n lem="PP" ne="organization" pos="np0000o" postype="proper" sense="16:50001207" wd="PP"/>
        </grup.nom>
      </sn>
      <grup.verb>
        <v lem="ganar" lss="A21.transitive-agentive-patient" mood="indicative" num="s" person="3" pos="vmis3s0" postype="main" tense="past" wd="ganó"/>
      </grup.verb>
      <sp arg="argM" func="cc" tem="loc">
        <prep>
          <s lem="en" pos="sps00" postype="preposition" wd="en"/>
        </prep>
        <sn complex="yes">
          <grup.nom coord="yes">
            <grup.nom>
              <n lem="Alcorcón" ne="location" pos="np0000l" postype="proper" sense="16:cs1" wd="Alcorcón"/>
            </grup.nom>
            <f lem="," pos="fc" punct="comma" wd=","/>
            <grup.nom>
              <n lem="Móstoles" ne="location" pos="np0000l" postype="proper" sense="16:cs1" wd="Móstoles"/>
            </grup.nom>
            <conj conjunctiontype="coordinating">
              <c lem="y" pos="cc" postype="coordinating" wd="y"/>
            </conj>
            <grup.nom>
              <n lem="Pinto" ne="location" pos="np0000l" postype="proper" sense="16:cs1" wd="Pinto"/>
            </grup.nom>
          </grup.nom>
        </sn>
      </sp>
    </S>
    <f lem="." pos="fp" punct="period" wd="."/>
  </sentence>
  <sentence>
    <sp arg="argM" func="cc" tem="loc">
      <prep>
        <s lem="en" pos="sps00" postype="preposition" wd="En"/>
      </prep>
      <sn entity="entity16" entityref="spec">
        <spec gen="m" num="p">
          <d gen="m" lem="otro" num="p" pos="di0mp0" postype="indefinite" wd="otros"/>
          <d gen="c" lem="dos" num="p" pos="dn0cp0" postype="numeral" wd="dos"/>
        </spec>
        <grup.nom gen="m" num="p">
          <n gen="m" lem="municipio" num="p" pos="ncmp000" postype="common" sense="16:06355858" wd="municipios"/>
          <S clausetype="relative">
            <relatiu arg="arg1" coreftype="ident" entity="entity16" entityref="nne" func="suj" tem="tem">
              <p gen="c" lem="que" num="c" pos="pr0cn000" postype="relative" wd="que"/>
            </relatiu>
            <grup.verb>
              <v lem="formar_parte" lss="C21.state-attributive" mood="indicative" num="p" person="3" pos="vmip3p0" postype="main" tense="present" wd="forman_parte"/>
            </grup.verb>
            <sp arg="arg2" func="creg" tem="atr">
              <prep>
                <s contracted="yes" gen="m" lem="del" num="s" pos="spcms" postype="preposition" wd="del"/>
              </prep>
              <sn entityref="nne" homophoricDD="yes">
                <grup.nom gen="f" num="s">
                  <n gen="f" lem="área" num="s" pos="ncfs000" postype="common" sense="16:02207321" wd="área"/>
                  <s.a gen="f" num="s">
                    <grup.a gen="f" num="s">
                      <a gen="c" lem="exterior" num="s" pos="aq0cs0" postype="qualificative" wd="exterior"/>
                    </grup.a>
                  </s.a>
                  <sp>
                    <prep>
                      <s lem="de" pos="sps00" postype="preposition" wd="de"/>
                    </prep>
                    <sn coreftype="ident" entity="entity13" entityref="nne">
                      <spec gen="m" num="s">
                        <d gen="m" lem="este" num="s" pos="dd0ms0" postype="demonstrative" wd="este"/>
                      </spec>
                      <grup.nom gen="m" num="s">
                        <f lem="&quot;" pos="fe" punct="quotation" wd="&quot;"/>
                        <n gen="m" lem="cinturón" num="s" pos="ncms000" postype="common" sense="16:cs1" wd="cinturón"/>
                        <s.a gen="m" num="s">
                          <grup.a gen="m" num="s">
                            <a gen="m" lem="rojo" num="s" pos="aq0ms0" postype="qualificative" wd="rojo"/>
                          </grup.a>
                        </s.a>
                        <f lem="&quot;" pos="fe" punct="quotation" wd="&quot;"/>
                      </grup.nom>
                    </sn>
                  </sp>
                </grup.nom>
              </sn>
            </sp>
          </S>
          <sn complex="yes" corefsubtype="definit" coreftype="pred" entity="entity16">
            <f lem="," pos="fc" punct="comma" wd=","/>
            <grup.nom coord="yes">
              <grup.nom gen="m" num="s">
                <n lem="Humanes" ne="location" pos="np0000l" postype="proper" sense="16:cs1" wd="Humanes"/>
              </grup.nom>
              <conj conjunctiontype="coordinating">
                <c lem="y" pos="cc" postype="coordinating" wd="y"/>
              </conj>
              <grup.nom gen="m" num="s">
                <n lem="Valdemoro" ne="location" pos="np0000l" postype="proper" sense="16:cs1" wd="Valdemoro"/>
              </grup.nom>
            </grup.nom>
            <f lem="," pos="fc" punct="comma" wd=","/>
          </sn>
        </grup.nom>
      </sn>
    </sp>
    <sadv func="mod">
      <grup.adv>
        <r lem="también" pos="rg" wd="también"/>
      </grup.adv>
    </sadv>
    <grup.verb>
      <v lem="lograr" lss="A21.transitive-agentive-patient" mood="indicative" num="s" person="3" pos="vmis3s0" postype="main" tense="past" wd="logró"/>
    </grup.verb>
    <sadv arg="argM" func="cc" tem="tmp">
      <grup.adv>
        <r lem="hoy" pos="rg" wd="hoy"/>
      </grup.adv>
    </sadv>
    <sn arg="arg1" entityref="nne" func="cd" homophoricDD="yes" tem="pat">
      <spec gen="f" num="s">
        <d gen="f" lem="el" num="s" pos="da0fs0" postype="article" wd="la"/>
      </spec>
      <grup.nom gen="f" num="s">
        <n gen="f" lem="victoria" lexicalid="noun.victoria.1.default" num="s" origin="deverbal" pos="ncfs000" postype="common" sense="16:05556959" wd="victoria"/>
      </grup.nom>
    </sn>
    <sn arg="arg0" coreftype="ident" entity="entity1" entityref="spec" func="suj" homophoricDD="yes" tem="agt">
      <spec gen="f" num="s">
        <d gen="f" lem="el" num="s" pos="da0fs0" postype="article" wd="la"/>
      </spec>
      <grup.nom gen="f" num="s">
        <n gen="f" lem="lista" num="s" pos="ncfs000" postype="common" sense="16:04866394" wd="lista"/>
        <sp>
          <prep>
            <s contracted="yes" gen="m" lem="al" num="s" pos="spcms" postype="preposition" wd="al"/>
          </prep>
          <sn entityref="ne" ne="organization">
            <grup.nom gen="m" num="s">
              <n lem="Congreso_de_los_Diputados" ne="organization" pos="np0000o" postype="proper" sense="16:50004430" wd="Congreso_de_los_Diputados"/>
            </grup.nom>
          </sn>
        </sp>
        <S clausetype="participle" impersonal="yes">
          <participi>
            <a gen="f" lem="encabezado" lss="B22.unaccusative-passive-transitive" num="s" pos="aq0fsp" posfunction="participle" postype="qualificative" wd="encabezada"/>
          </participi>
          <sp arg="arg0" func="cag" tem="agt">
            <prep>
              <s lem="por" pos="sps00" postype="preposition" wd="por"/>
            </prep>
            <sn entityref="ne" ne="person">
              <grup.nom gen="m" num="s">
                <n lem="José_María_Aznar" ne="person" pos="np0000p" postype="proper" sense="16:50001564" wd="José_María_Aznar"/>
              </grup.nom>
            </sn>
          </sp>
        </S>
      </grup.nom>
    </sn>
    <f lem="." pos="fp" punct="period" wd="."/>
  </sentence>
  <sentence>
    <sp arg="argM" func="cc" tem="loc">
      <prep>
        <s lem="en" pos="sps00" postype="preposition" wd="En"/>
      </prep>
      <sn entityref="nne" homophoricDD="yes">
        <spec gen="m" num="p">
          <d gen="m" lem="el" num="p" pos="da0mp0" postype="article" wd="los"/>
        </spec>
        <grup.nom gen="m" num="p">
          <n gen="m" lem="municipio" num="p" pos="ncmp000" postype="common" sense="16:06355858" wd="municipios"/>
          <sp>
            <prep>
              <s lem="de" pos="sps00" postype="preposition" wd="de"/>
            </prep>
            <sn entityref="nne" homophoricDD="yes">
              <spec gen="f" num="s">
                <d gen="f" lem="el" num="s" pos="da0fs0" postype="article" wd="la"/>
              </spec>
              <grup.nom gen="f" num="s">
                <n gen="f" lem="zona" num="s" pos="ncfs000" postype="common" sense="16:06395720" wd="zona"/>
                <s.a gen="f" num="s">
                  <grup.a gen="f" num="s">
                    <a gen="c" lem="oeste" num="c" pos="aq0cn0" postype="qualificative" wd="oeste"/>
                  </grup.a>
                </s.a>
                <sn>
                  <f lem="," pos="fc" punct="comma" wd=","/>
                  <grup.nom gen="m" num="s">
                    <s.a gen="m" num="s">
                      <grup.a gen="m" num="s">
                        <a gen="c" lem="tradicional" num="s" pos="aq0cs0" postype="qualificative" wd="tradicional"/>
                      </grup.a>
                    </s.a>
                    <n gen="m" lem="feudo" num="s" pos="ncms000" postype="common" sense="16:09533504" wd="feudo"/>
                    <s.a gen="m" num="s">
                      <grup.a gen="m" num="s">
                        <a gen="c" lem="popular" num="s" pos="aq0cs0" postype="qualificative" wd="popular"/>
                      </grup.a>
                    </s.a>
                  </grup.nom>
                  <f lem="," pos="fc" punct="comma" wd=","/>
                </sn>
              </grup.nom>
            </sn>
          </sp>
        </grup.nom>
      </sn>
    </sp>
    <sn arg="arg0" coreftype="ident" entity="entity1" entityref="ne" func="suj" ne="organization" tem="agt">
      <spec gen="m" num="s">
        <d gen="m" lem="el" num="s" pos="da0ms0" postype="article" wd="el"/>
      </spec>
      <grup.nom gen="m" num="s">
        <n lem="PP" ne="organization" pos="np0000o" postype="proper" sense="16:50001207" wd="PP"/>
      </grup.nom>
    </sn>
    <grup.verb>
      <v lem="lograr" lss="A21.transitive-agentive-patient" mood="indicative" num="s" person="1" pos="vmip1s0" postype="main" tense="present" wd="logro"/>
    </grup.verb>
    <sn arg="arg1" entityref="nne" func="cd" tem="pat">
      <spec gen="f" num="p">
        <d coreftype="ident" entity="entity1" entityref="spec" gen="c" lem="su" num="p" person="3" pos="dp3cp0" postype="possessive" wd="sus"/>
      </spec>
      <grup.nom gen="f" num="p">
        <s.a gen="f" num="p">
          <spec>
            <r lem="más" pos="rg" wd="más"/>
          </spec>
          <grup.a gen="f" num="p">
            <a gen="f" lem="amplio" num="p" pos="aq0fp0" postype="qualificative" wd="amplias"/>
          </grup.a>
        </s.a>
        <n gen="f" lem="mayoría" num="p" pos="ncfp000" postype="common" sense="16:03991218" wd="mayorías"/>
      </grup.nom>
    </sn>
    <f lem="." pos="fp" punct="period" wd="."/>
  </sentence>
  <sentence>
    <sadv func="et">
      <grup.adv>
        <r lem="así" pos="rg" wd="Así"/>
      </grup.adv>
    </sadv>
    <sp arg="argM" func="cc" tem="loc">
      <prep>
        <s lem="en" pos="sps00" postype="preposition" wd="en"/>
      </prep>
      <sn complex="yes">
        <grup.nom coord="yes">
          <grup.nom gen="m" num="s">
            <n lem="Majadahonda" ne="location" pos="np0000l" postype="proper" sense="16:cs1" wd="Majadahonda"/>
          </grup.nom>
          <conj conjunctiontype="coordinating">
            <c lem="y" pos="cc" postype="coordinating" wd="y"/>
          </conj>
          <grup.nom gen="m" num="s">
            <n lem="Pozuelo" ne="location" pos="np0000l" postype="proper" sense="16:cs1" wd="Pozuelo"/>
          </grup.nom>
        </grup.nom>
      </sn>
    </sp>
    <sn arg="arg0" coreftype="ident" entity="entity1" entityref="spec" func="suj" homophoricDD="yes" tem="cau">
      <spec gen="m" num="p">
        <d gen="m" lem="el" num="p" pos="da0mp0" postype="article" wd="los"/>
      </spec>
      <grup.nom gen="m" num="p">
        <s.a gen="m" num="p">
          <grup.a gen="m" num="p">
            <a gen="c" lem="popular" num="p" pos="aq0cp0" postype="qualificative" wd="populares"/>
          </grup.a>
        </s.a>
      </grup.nom>
    </sn>
    <grup.verb>
      <v lem="triplicar" lss="A11.transitive-causative" mood="indicative" num="p" person="3" pos="vmis3p0" postype="main" tense="past" wd="triplicaron"/>
    </grup.verb>
    <sn arg="arg1" entityref="nne" func="cd" homophoricDD="yes" tem="tem">
      <spec gen="m" num="p">
        <d gen="m" lem="el" num="p" pos="da0mp0" postype="article" wd="los"/>
      </spec>
      <grup.nom gen="m" num="p">
        <n gen="m" lem="voto" num="p" pos="ncmp000" postype="common" sense="16:00119067" wd="votos"/>
        <sp>
          <prep>
            <s contracted="yes" gen="m" lem="del" num="s" pos="spcms" postype="preposition" wd="del"/>
          </prep>
          <sn coreftype="ident" entity="entity4" entityref="ne" ne="organization">
            <grup.nom gen="m" num="s">
              <n lem="PSOE" ne="organization" pos="np0000o" postype="proper" sense="16:50001205" wd="PSOE"/>
            </grup.nom>
          </sn>
        </sp>
      </grup.nom>
    </sn>
    <f lem="." pos="fp" punct="period" wd="."/>
  </sentence>
  <sentence>
    <sn arg="arg1" entityref="nne" func="cd" tem="pat">
      <grup.nom gen="m" num="p">
        <n gen="m" lem="resultado" lexicalid="noun.resultado.3.default" num="p" origin="deverbal" pos="ncmp000" postype="common" sense="16:09768132" wd="Resultados"/>
        <s.a func="cn" gen="m" num="p">
          <grup.a gen="m" num="p">
            <a gen="c" lem="similar" num="p" pos="aq0cp0" postype="qualificative" wd="similares"/>
          </grup.a>
        </s.a>
      </grup.nom>
    </sn>
    <sn arg="arg0" coreftype="ident" elliptic="yes" entity="entity1" entityref="spec" func="suj" tem="agt"/>
    <grup.verb>
      <v lem="obtener" lss="A21.transitive-agentive-patient" mood="indicative" num="p" person="3" pos="vmis3p0" postype="main" tense="past" wd="obtuvieron"/>
    </grup.verb>
    <sadv func="mod">
      <grup.adv>
        <r lem="también" pos="rg" wd="también"/>
      </grup.adv>
    </sadv>
    <sp arg="argM" func="cc" tem="loc">
      <prep>
        <s lem="en" pos="sps00" postype="preposition" wd="en"/>
      </prep>
      <sn entityref="nne">
        <spec gen="f" num="p">
          <d gen="f" lem="alguno" num="p" pos="di0fp0" postype="indefinite" wd="algunas"/>
        </spec>
        <grup.nom gen="f" num="p">
          <n gen="f" lem="localidad" num="p" pos="ncfp000" postype="common" sense="16:06368526" wd="localidades"/>
          <sp coord="yes">
            <sp>
              <prep>
                <s contracted="yes" gen="m" lem="del" num="s" pos="spcms" postype="preposition" wd="del"/>
              </prep>
              <sn entityref="nne" homophoricDD="yes">
                <grup.nom gen="m" num="s">
                  <n gen="m" lem="norte" num="s" pos="ncms000" postype="common" sense="16:06311701" wd="norte"/>
                  <sp>
                    <f lem="," pos="fc" punct="comma" wd=","/>
                    <prep>
                      <c lem="como" pos="cs" postype="subordinating" wd="como"/>
                    </prep>
                    <sn entity="entity17" entityref="ne" ne="location">
                      <grup.nom gen="f" num="s">
                        <n lem="San_Sebastián_de_los_Reyes" ne="location" pos="np0000l" postype="proper" sense="16:cs1" wd="San_Sebastián_de_los_Reyes"/>
                        <S clausetype="relative">
                          <relatiu arg="argM" coreftype="ident" entity="entity17" entityref="spec" func="cc" tem="loc">
                            <p gen="c" lem="donde" num="c" pos="pr000000" postype="relative" wd="donde"/>
                          </relatiu>
                          <sn arg="arg0" coreftype="ident" elliptic="yes" entity="entity1" entityref="spec" func="suj" tem="agt"/>
                          <grup.verb>
                            <v lem="lograr" lss="A21.transitive-agentive-patient" mood="indicative" num="p" person="3" pos="vmis3p0" postype="main" tense="past" wd="lograron"/>
                          </grup.verb>
                          <sn arg="arg1" entityref="ne" func="cd" ne="number" tem="pat">
                            <spec gen="m" num="s">
                              <d gen="m" lem="el" num="s" pos="da0ms0" postype="article" wd="el"/>
                            </spec>
                            <grup.nom gen="m" num="s">
                              <z lem="71_%" ne="number" pos="zp" postype="percentage" wd="71_por_ciento"/>
                              <sp>
                                <prep>
                                  <s lem="de" pos="sps00" postype="preposition" wd="de"/>
                                </prep>
                                <sn coreftype="ident" entity="entity6" entityref="nne">
                                  <spec gen="m" num="p">
                                    <d gen="m" lem="el" num="p" pos="da0mp0" postype="article" wd="los"/>
                                  </spec>
                                  <grup.nom gen="m" num="p">
                                    <n gen="m" lem="sufragio" num="p" pos="ncmp000" postype="common" sense="16:04039297" wd="sufragios"/>
                                  </grup.nom>
                                </sn>
                              </sp>
                            </grup.nom>
                          </sn>
                        </S>
                      </grup.nom>
                    </sn>
                  </sp>
                </grup.nom>
              </sn>
            </sp>
            <conj conjunctiontype="coordinating">
              <c lem="o" pos="cc" postype="coordinating" wd="o"/>
            </conj>
            <sp>
              <prep>
                <s lem="de" pos="sps00" postype="preposition" wd="de"/>
              </prep>
              <sn entityref="nne" homophoricDD="yes">
                <spec gen="f" num="s">
                  <d gen="f" lem="el" num="s" pos="da0fs0" postype="article" wd="la"/>
                </spec>
                <grup.nom gen="f" num="s">
                  <n gen="f" lem="zona" num="s" pos="ncfs000" postype="common" sense="16:06395720" wd="zona"/>
                  <s.a gen="f" num="s">
                    <grup.a gen="f" num="s">
                      <n lem="Este" ne="other" pos="np0000a" postype="proper" sense="16:cs1" wd="Este"/>
                    </grup.a>
                  </s.a>
                  <sp>
                    <f lem="," pos="fc" punct="comma" wd=","/>
                    <prep>
                      <c lem="como" pos="cs" postype="subordinating" wd="como"/>
                    </prep>
                    <sn entityref="ne" ne="location">
                      <grup.nom gen="f" num="s">
                        <n lem="Coslada" ne="location" pos="np0000l" postype="proper" sense="16:cs1" wd="Coslada"/>
                        <sp>
                          <prep>
                            <s lem="con" pos="sps00" postype="preposition" wd="con"/>
                          </prep>
                          <sn entityref="ne" ne="number">
                            <spec gen="m" num="s">
                              <d gen="m" lem="el" num="s" pos="da0ms0" postype="article" wd="el"/>
                            </spec>
                            <grup.nom gen="m" num="s">
                              <z lem="72_%" ne="number" pos="zp" postype="percentage" wd="72_por_ciento"/>
                              <sp>
                                <prep>
                                  <s lem="de" pos="sps00" postype="preposition" wd="de"/>
                                </prep>
                                <sn coreftype="ident" entity="entity6" entityref="nne">
                                  <spec gen="m" num="p">
                                    <d gen="m" lem="el" num="p" pos="da0mp0" postype="article" wd="los"/>
                                  </spec>
                                  <grup.nom gen="m" num="p">
                                    <n gen="m" lem="voto" num="p" pos="ncmp000" postype="common" sense="16:00119067" wd="votos"/>
                                  </grup.nom>
                                </sn>
                              </sp>
                            </grup.nom>
                          </sn>
                        </sp>
                      </grup.nom>
                    </sn>
                  </sp>
                </grup.nom>
              </sn>
            </sp>
          </sp>
        </grup.nom>
      </sn>
    </sp>
    <f lem="." pos="fp" punct="period" wd="."/>
  </sentence>
  <sentence>
    <sp arg="argM" func="cc" tem="loc">
      <prep>
        <s lem="en" pos="sps00" postype="preposition" wd="En"/>
      </prep>
      <sn entityref="nne" homophoricDD="yes">
        <spec gen="m" num="p">
          <d gen="m" lem="el" num="p" pos="da0mp0" postype="article" wd="los"/>
        </spec>
        <grup.nom discid="1n" gen="m" num="p">
          <s.a gen="m" num="p">
            <grup.a gen="m" num="p">
              <a gen="m" lem="pequeño" num="p" pos="aq0mp0" postype="qualificative" wd="pequeños"/>
            </grup.a>
          </s.a>
          <n gen="m" lem="pueblo" num="p" pos="ncmp000" postype="common" sense="16:06382213" wd="pueblos"/>
        </grup.nom>
      </sn>
    </sp>
    <sn arg="arg1" entityref="nne" func="suj" tem="tem">
      <spec gen="m" num="s">
        <d gen="m" lem="el" num="s" pos="da0ms0" postype="article" wd="el"/>
      </spec>
      <grup.nom gen="m" num="s">
        <n gen="m" lem="voto" num="s" pos="ncms000" postype="common" sense="16:00119067" wd="voto"/>
        <s.a gen="m" num="s">
          <grup.a gen="m" num="s">
            <a gen="m" lem="mayoritario" num="s" pos="aq0ms0" postype="qualificative" wd="mayoritario"/>
          </grup.a>
        </s.a>
      </grup.nom>
    </sn>
    <sadv func="mod">
      <grup.adv>
        <r lem="también" pos="rg" wd="también"/>
      </grup.adv>
    </sadv>
    <grup.verb>
      <v lem="tener" lss="C21.state-attributive" mood="indicative" num="s" person="3" pos="vmis3s0" postype="main" tense="past" wd="tuvo"/>
    </grup.verb>
    <sn arg="arg2" entityref="nne" func="cd" functype="quantitative" tem="atr">
      <grup.nom gen="m" num="s">
        <n gen="m" lem="color" num="s" pos="ncms000" postype="common" sense="16:03686135" wd="color"/>
        <s.a gen="m" num="s">
          <grup.a gen="m" num="s">
            <a gen="c" lem="popular" num="s" pos="aq0cs0" postype="qualificative" wd="popular"/>
          </grup.a>
        </s.a>
      </grup.nom>
    </sn>
    <sp discid="1c">
      <prep>
        <c lem="como" pos="cs" postype="subordinating" wd="como"/>
      </prep>
      <sp coord="yes">
        <sp>
          <prep>
            <s lem="en" pos="sps00" postype="preposition" wd="en"/>
          </prep>
          <sn entityref="ne" ne="location">
            <grup.nom gen="m" num="s">
              <n lem="La_Hiruela" ne="location" pos="np0000l" postype="proper" sense="16:cs1" wd="La_Hiruela"/>
              <sn>
                <spec gen="m" num="s">
                  <d gen="m" lem="el" num="s" pos="da0ms0" postype="article" wd="el"/>
                </spec>
                <grup.nom gen="m" num="s">
                  <s.a gen="m" num="s">
                    <spec>
                      <r lem="más" pos="rg" wd="más"/>
                    </spec>
                    <grup.a gen="m" num="s">
                      <a gen="m" lem="pequeño" num="s" pos="aq0ms0" postype="qualificative" wd="pequeño"/>
                    </grup.a>
                  </s.a>
                  <sp>
                    <prep>
                      <s lem="de" pos="sps00" postype="preposition" wd="de"/>
                    </prep>
                    <sn coreftype="ident" entity="entity3" entityref="spec">
                      <spec gen="f" num="s">
                        <d gen="f" lem="el" num="s" pos="da0fs0" postype="article" wd="la"/>
                      </spec>
                      <grup.nom gen="f" num="s">
                        <n gen="f" lem="región" num="s" pos="ncfs000" postype="common" sense="16:06358701" wd="región"/>
                      </grup.nom>
                    </sn>
                  </sp>
                </grup.nom>
              </sn>
              <sp>
                <f lem="," pos="fc" punct="comma" wd=","/>
                <prep>
                  <s lem="con" pos="sps00" postype="preposition" wd="con"/>
                </prep>
                <sn entity="entity18" entityref="nne">
                  <spec gen="m" num="p">
                    <z lem="28" ne="number" wd="28"/>
                  </spec>
                  <grup.nom gen="m" num="p">
                    <n gen="m" lem="elector" num="p" pos="ncmp000" postype="common" sense="16:07670539" wd="electores"/>
                    <S clausetype="relative">
                      <f lem="," pos="fc" punct="comma" wd=","/>
                      <sp discid="3c">
                        <prep>
                          <s lem="de" pos="sps00" postype="preposition" wd="de"/>
                        </prep>
                        <sn coreftype="ident" entity="entity18" entityref="nne">
                          <grup.nom>
                            <spec gen="m" num="p">
                              <d gen="m" lem="el" num="p" pos="da0mp0" postype="article" wd="los"/>
                            </spec>
                            <grup.nom gen="c" num="p">
                              <p gen="c" lem="cual" num="p" pos="pr0cp000" postype="relative" wd="cuales"/>
                            </grup.nom>
                          </grup.nom>
                        </sn>
                      </sp>
                      <sn arg="arg0" entity="entity22" entityref="ne" func="suj" ne="number" tem="agt">
                        <spec gen="m" num="p">
                          <r lem="más" pos="rg" wd="más"/>
                          <s contracted="yes" gen="m" lem="del" num="s" pos="spcms" postype="preposition" wd="del"/>
                        </spec>
                        <grup.nom discid="3n" gen="m" num="p">
                          <z lem="63_%" ne="number" pos="zp" postype="percentage" wd="63_por_ciento"/>
                        </grup.nom>
                      </sn>
                      <grup.verb>
                        <v lem="dar" lss="A32.ditransitive-patient-benefactive" mood="indicative" num="s" person="3" pos="vmis3s0" postype="main" tense="past" wd="dio"/>
                      </grup.verb>
                      <sn arg="arg1" entityref="lex" func="cd" tem="pat">
                        <spec arg="arg0" gen="f" num="s" tem="agt">
                          <d coreftype="ident" entity="entity22" entityref="spec" gen="c" lem="su" num="s" person="3" pos="dp3cs0" postype="possessive" wd="su"/>
                        </spec>
                        <grup.nom gen="f" num="s">
                          <n gen="f" lem="confianza" lexicalid="noun.confianza.1.default" num="s" origin="deverbal" pos="ncfs000" postype="common" sense="16:03833898" wd="confianza"/>
                        </grup.nom>
                      </sn>
                      <sp arg="arg2" func="ci" tem="ben">
                        <prep>
                          <s contracted="yes" gen="m" lem="al" num="s" pos="spcms" postype="preposition" wd="al"/>
                        </prep>
                        <sn coreftype="ident" entity="entity1" entityref="ne" ne="organization">
                          <grup.nom gen="m" num="s">
                            <n lem="PP" ne="organization" pos="np0000o" postype="proper" sense="16:50001207" wd="PP"/>
                          </grup.nom>
                        </sn>
                      </sp>
                    </S>
                  </grup.nom>
                </sn>
              </sp>
            </grup.nom>
          </sn>
        </sp>
        <conj conjunctiontype="coordinating">
          <c lem="o" pos="cc" postype="coordinating" wd="o"/>
        </conj>
        <sp>
          <prep>
            <s lem="en" pos="sps00" postype="preposition" wd="en"/>
          </prep>
          <sn entity="entity19" entityref="ne" ne="organization">
            <grup.nom gen="m" num="s">
              <n lem="La_Acebeda" ne="organization" pos="np0000o" postype="proper" sense="16:cs1" wd="La_Acebeda"/>
              <S clausetype="relative">
                <relatiu arg="argM" coreftype="ident" entity="entity19" entityref="spec" func="cc" tem="loc">
                  <p gen="c" lem="donde" num="c" pos="pr000000" postype="relative" wd="donde"/>
                </relatiu>
                <sn arg="arg0" entityref="nne" func="suj" tem="agt">
                  <sadv adjunct="yes">
                    <grup.adv>
                      <r lem="casi" pos="rg" wd="casi"/>
                    </grup.adv>
                  </sadv>
                  <sn entityref="ne" ne="number">
                    <spec gen="m" num="s">
                      <d gen="m" lem="el" num="s" pos="da0ms0" postype="article" wd="el"/>
                    </spec>
                    <grup.nom gen="m" num="s">
                      <z lem="90_%" ne="number" pos="zp" postype="percentage" wd="90_por_ciento"/>
                      <sp>
                        <prep>
                          <s lem="de" pos="sps00" postype="preposition" wd="de"/>
                        </prep>
                        <sn entityref="nne">
                          <spec gen="f" num="p">
                            <d coreftype="ident" entity="entity19" entityref="spec" gen="c" lem="su" num="p" person="3" pos="dp3cp0" postype="possessive" wd="sus"/>
                            <z lem="56" ne="number" wd="56"/>
                          </spec>
                          <grup.nom gen="m" num="p">
                            <n gen="m" lem="elector" num="p" pos="ncmp000" postype="common" sense="16:07670539" wd="electores"/>
                          </grup.nom>
                        </sn>
                      </sp>
                    </grup.nom>
                  </sn>
                </sn>
                <grup.verb>
                  <v lem="votar" lss="A21.transitive-agentive-patient" mood="indicative" num="s" person="3" pos="vmis3s0" postype="main" tense="past" wd="votó"/>
                </grup.verb>
                <sp arg="arg1" func="cd" tem="pat">
                  <prep>
                    <s contracted="yes" gen="m" lem="al" num="s" pos="spcms" postype="preposition" wd="al"/>
                  </prep>
                  <sn coreftype="ident" entity="entity1" entityref="ne" ne="organization">
                    <grup.nom gen="m" num="s">
                      <n lem="Partido_Popular" ne="organization" pos="np0000o" postype="proper" sense="16:50001207" wd="Partido_Popular"/>
                    </grup.nom>
                  </sn>
                </sp>
              </S>
            </grup.nom>
          </sn>
        </sp>
      </sp>
    </sp>
    <f lem="." pos="fp" punct="period" wd="."/>
  </sentence>
  <sentence>
    <sp arg="argM" func="cc" tem="loc">
      <sadv adjunct="yes">
        <grup.adv>
          <r lem="también" pos="rg" wd="También"/>
        </grup.adv>
      </sadv>
      <sp>
        <prep>
          <s lem="en" pos="sps00" postype="preposition" wd="en"/>
        </prep>
        <sn entity="entity20" entityref="ne" ne="location">
          <grup.nom>
            <n lem="Campo_Real" ne="location" pos="np0000l" postype="proper" sense="16:cs1" wd="Campo_Real"/>
            <S clausetype="relative">
              <f lem="," pos="fc" punct="comma" wd=","/>
              <relatiu arg="arg2" coreftype="ident" entity="entity20" entityref="spec" func="cc" tem="loc">
                <p gen="c" lem="donde" num="c" pos="pr000000" postype="relative" wd="donde"/>
              </relatiu>
              <morfema.verbal func="pass">
                <p gen="c" lem="se" num="c" pos="p0000000" wd="se"/>
              </morfema.verbal>
              <grup.verb>
                <v lem="ubicar" lss="B22.unaccusative-passive-transitive" mood="indicative" num="s" person="3" pos="vmif3s0" postype="main" tense="future" wd="ubicará"/>
              </grup.verb>
              <sn arg="arg1" entityref="ne" func="suj" ne="location" tem="pat">
                <spec gen="m" num="s">
                  <d gen="m" lem="el" num="s" pos="da0ms0" postype="article" wd="el"/>
                </spec>
                <grup.nom gen="m" num="s">
                  <s.a gen="m" num="s">
                    <grup.a gen="m" num="s">
                      <a gen="m" lem="futuro" num="s" pos="aq0ms0" postype="qualificative" wd="futuro"/>
                    </grup.a>
                  </s.a>
                  <n gen="m" lem="aeropuerto" num="s" pos="ncms000" postype="common" sense="16:02175180" wd="aeropuerto"/>
                  <sp>
                    <prep>
                      <s lem="de" pos="sps00" postype="preposition" wd="de"/>
                    </prep>
                    <sn coreftype="ident" entity="entity3" entityref="ne" ne="location">
                      <grup.nom>
                        <n lem="Madrid" ne="location" pos="np0000l" postype="proper" wd="Madrid"/>
                      </grup.nom>
                    </sn>
                  </sp>
                </grup.nom>
              </sn>
            </S>
          </grup.nom>
        </sn>
      </sp>
    </sp>
    <sn arg="arg0" entityref="nne" func="suj" tem="agt">
      <sadv adjunct="yes">
        <grup.adv>
          <r lem="casi" pos="rg" wd="casi"/>
        </grup.adv>
      </sadv>
      <sn entity="entity23" entityref="ne" ne="number">
        <spec gen="m" num="s">
          <d gen="m" lem="el" num="s" pos="da0ms0" postype="article" wd="el"/>
        </spec>
        <grup.nom gen="m" num="s">
          <z lem="60_%" ne="number" pos="zp" postype="percentage" wd="60_por_ciento"/>
        </grup.nom>
      </sn>
    </sn>
    <grup.verb>
      <v lem="dar" lss="A32.ditransitive-patient-benefactive" mood="indicative" num="s" person="3" pos="vmis3s0" postype="main" tense="past" wd="dio"/>
    </grup.verb>
    <sn arg="arg1" entityref="lex" func="cd" tem="pat">
      <spec arg="arg0" gen="f" num="s" tem="agt">
        <d coreftype="ident" entity="entity23" entityref="spec" gen="c" lem="su" num="s" person="3" pos="dp3cs0" postype="possessive" wd="su"/>
      </spec>
      <grup.nom gen="f" num="s">
        <n gen="f" lem="confianza" lexicalid="noun.confianza.1.default" num="s" origin="deverbal" pos="ncfs000" postype="common" sense="16:03833898" wd="confianza"/>
      </grup.nom>
    </sn>
    <sp arg="arg2" func="ci" tem="ben">
      <prep>
        <s lem="a" pos="sps00" postype="preposition" wd="a"/>
      </prep>
      <sn entityref="nne">
        <spec gen="f" num="p">
          <d gen="f" lem="el" num="p" pos="da0fp0" postype="article" wd="las"/>
        </spec>
        <grup.nom gen="f" num="p">
          <n gen="f" lem="propuesta" lexicalid="noun.propuesta.1.default" num="p" origin="deverbal" pos="ncfp000" postype="common" sense="16:05355937" wd="propuestas"/>
          <sp arg="arg0" func="cn" tem="agt">
            <prep>
              <s contracted="yes" gen="m" lem="del" num="s" pos="spcms" postype="preposition" wd="del"/>
            </prep>
            <sn coreftype="ident" entity="entity1" entityref="ne" ne="organization">
              <grup.nom gen="m" num="s">
                <n lem="PP" ne="organization" pos="np0000o" postype="proper" sense="16:50001207" wd="PP"/>
              </grup.nom>
            </sn>
          </sp>
        </grup.nom>
      </sn>
    </sp>
    <f lem="." pos="fp" punct="period" wd="."/>
  </sentence>
</article>
