<?xml version="1.0" encoding="UTF-8"?>
<!-- 

  ancora-2.0
       
			Copyright (C) 2007, 2008, 2009, 2010, 2011 UB - CLiC
			Centre de Llenguatge i Computació - Universitat de Barcelona
 
  This file is part of ancora-2.0.
 
  ancora-2.0 is free software and data: you can redistribute it and/or modify
  it under the terms of the GNU General Public License as published
  by the Free Software Foundation, either version 3 of the License,
  or (at your option) any later version.

  ancora-2.0 is distributed in the hope that it will be useful,
  but WITHOUT ANY WARRANTY; without even the implied warranty of
  MERCHANTABILITY or FITNESS FOR A PARTICULAR PURPOSE.  See the
  GNU General Public License for more details.
 
  You should have received a copy of the GNU General Public License
  along with ancora-2.0.  If not, see &lt;http://www.gnu.org/licenses/&gt;.
 
  Check a text in catalan explaining the terms of the license at http://www.softcatala.cat/wiki/GPL3.
  In spanish at http://www.viti.es/gnu/licenses/gpl.html
 

  The following paper must be cited when using this corpus:

 * Taulé, M., M.A. Martí, M. Recasens (2008) 'Ancora: Multilevel Annotated Corpora for Catalan and Spanish',
   Proceedings of 6th International Conference on Language Resources and Evaluation. Marrakesh (Morocco).

  In addition, the following paper must be cited if coreference information (attributes entity, coreftype,
  corefsubtype, homophoricDD or entityref) is used:

 * Recasens, Marta, M. Antònia Martí (2010) ‘AnCora-CO: Coreferentially annotated corpora for Spanish and
   Catalan’. Language Resources and Evaluation, Springer Science.

  Additionally, the following paper must be cited when argumental attributes in "sn" or "grup.nom"
  (attributes func, arg, tem or lexicalid) are used:

 * Peris, Aina, Mariona Taulé, Horacio Rodríguez (2010) ‘Semantic Annotation of Deverbal Nominalizations in the
   Spanish AnCora corpus’. Treebanks and Linguistic Theories (TLT-2010), Estonia.
-->
<article lng="es">
  <sentence>
    <sn arg="arg0" entity="entity6" entityref="ne" func="suj" ne="person" tem="agt">
      <grup.nom gen="m" num="s">
        <n lem="George_W._Bush" ne="person" pos="np0000p" postype="proper" sense="16:cs1" wd="George_W._Bush"/>
      </grup.nom>
    </sn>
    <grup.verb>
      <v lem="proponer" lss="A32.ditransitive-patient-benefactive" mood="indicative" num="s" person="3" pos="vmis3s0" postype="main" tense="past" wd="propuso"/>
    </grup.verb>
    <sadv arg="argM" func="cc" tem="tmp">
      <grup.adv>
        <r lem="hoy" pos="rg" wd="hoy"/>
      </grup.adv>
    </sadv>
    <sp arg="argM" func="cc" tem="adv">
      <f lem="," pos="fc" punct="comma" wd=","/>
      <prep>
        <s lem="por_medio_de" pos="sps00" postype="preposition" wd="por_medio_de"/>
      </prep>
      <sn entity="entity3" entityref="ne" ne="person">
        <grup.nom gen="m" num="s">
          <n lem="James_Baker" ne="person" pos="np0000p" postype="proper" sense="16:cs1" wd="James_Baker"/>
        </grup.nom>
      </sn>
      <f lem="," pos="fc" punct="comma" wd=","/>
    </sp>
    <sn arg="arg1" entity="entity1" entityref="nne" func="cd" tem="pat">
      <spec gen="m" num="s">
        <d gen="m" lem="uno" num="s" pos="di0ms0" postype="indefinite" wd="un"/>
      </spec>
      <grup.nom gen="m" num="s">
        <n gen="m" lem="compromiso" num="s" pos="ncms000" postype="common" sense="16:00804778" wd="compromiso"/>
        <sp>
          <prep>
            <s lem="para" pos="sps00" postype="preposition" wd="para"/>
          </prep>
          <S clausetype="completive" impersonal="yes">
            <infinitiu>
              <v lem="acabar" lss="A22.transitive-agentive-theme" mood="infinitive" pos="vmn0000" postype="main" wd="acabar"/>
            </infinitiu>
            <sp arg="arg1" func="creg" tem="tem">
              <prep>
                <s lem="con" pos="sps00" postype="preposition" wd="con"/>
              </prep>
              <sn entity="entity5" entityref="nne" homophoricDD="yes">
                <spec gen="f" num="s">
                  <d gen="f" lem="el" num="s" pos="da0fs0" postype="article" wd="la"/>
                </spec>
                <grup.nom gen="f" num="s">
                  <n gen="f" lem="crisis" num="c" pos="ncfn000" postype="common" sense="16:10040291" wd="crisis"/>
                  <s.a gen="f" num="s">
                    <grup.a gen="f" num="s">
                      <a gen="c" lem="actual" num="s" pos="aq0cs0" postype="qualificative" wd="actual"/>
                    </grup.a>
                  </s.a>
                </grup.nom>
              </sn>
            </sp>
          </S>
        </sp>
        <S clausetype="relative">
          <sp arg="argM" func="cc" tem="mnr">
            <prep>
              <s lem="por" pos="sps00" postype="preposition" wd="por"/>
            </prep>
            <relatiu coreftype="ident" entity="entity1" entityref="nne">
              <d gen="m" lem="el" num="s" pos="da0ms0" postype="article" wd="el"/>
              <p gen="c" lem="que" num="c" pos="pr0cn000" postype="relative" wd="que"/>
            </relatiu>
          </sp>
          <sn arg="arg0" entity="entity4" entityref="nne" func="suj" homophoricDD="yes" tem="agt">
            <spec gen="m" num="p">
              <d gen="m" lem="el" num="p" pos="da0mp0" postype="article" wd="los"/>
            </spec>
            <grup.nom gen="m" num="p">
              <n gen="m" lem="republicano" num="p" pos="ncmp000" postype="common" sense="16:07529675" wd="republicanos"/>
            </grup.nom>
          </sn>
          <grup.verb>
            <v lem="aceptar" lss="A21.transitive-agentive-patient" mood="indicative" num="p" person="3" pos="vmic3p0" postype="main" tense="conditional" wd="aceptarían"/>
          </grup.verb>
          <sn arg="arg1" entity="entity2" entityref="nne" func="cd" homophoricDD="yes" tem="pat">
            <spec gen="m" num="s">
              <d gen="m" lem="el" num="s" pos="da0ms0" postype="article" wd="el"/>
            </spec>
            <grup.nom gen="m" num="s">
              <n gen="m" lem="recuento" lexicalid="noun.recuento.1.default" num="s" origin="deverbal" pos="ncms000" postype="common" sense="16:00427523" wd="recuento"/>
              <s.a func="cn" gen="m" num="s">
                <grup.a gen="m" num="s">
                  <a gen="c" lem="manual" num="s" pos="aq0cs0" postype="qualificative" wd="manual"/>
                </grup.a>
              </s.a>
              <S clausetype="relative" func="cn">
                <relatiu arg="arg1" coreftype="ident" entity="entity2" entityref="nne" func="suj" tem="pat">
                  <p gen="c" lem="que" num="c" pos="pr0cn000" postype="relative" wd="que"/>
                </relatiu>
                <morfema.verbal func="pass">
                  <p gen="c" lem="se" num="c" pos="p0000000" wd="se"/>
                </morfema.verbal>
                <grup.verb>
                  <v lem="efectuar" lss="B22.unaccusative-passive-transitive" mood="subjunctive" num="s" person="3" pos="vmsp3s0" postype="main" tense="present" wd="efectúe"/>
                </grup.verb>
                <sp arg="argM" func="cc" tem="tmp">
                  <prep>
                    <s lem="hasta" pos="sps00" postype="preposition" wd="hasta"/>
                  </prep>
                  <sn entity="entity7" entityref="ne" ne="number">
                    <spec gen="f" num="p">
                      <d gen="f" lem="el" num="p" pos="da0fp0" postype="article" wd="las"/>
                    </spec>
                    <grup.nom gen="f" num="p">
                      <z lem="22.00" ne="number" wd="22.00"/>
                      <sn entityref="ne" ne="other">
                        <grup.nom>
                          <n lem="GMT" ne="other" pos="np0000a" postype="proper" sense="16:cs1" wd="GMT"/>
                        </grup.nom>
                      </sn>
                      <sp>
                        <prep>
                          <s lem="de" pos="sps00" postype="preposition" wd="de"/>
                        </prep>
                        <sadv>
                          <grup.adv>
                            <r lem="hoy" pos="rg" wd="hoy"/>
                            <sn entityref="ne" ne="date">
                              <f lem="," pos="fc" punct="comma" wd=","/>
                              <grup.nom gen="m" num="s">
                                <w lem="[martes:??/??/??:??.??]" ne="date" wd="martes"/>
                              </grup.nom>
                              <f lem="," pos="fc" punct="comma" wd=","/>
                            </sn>
                          </grup.adv>
                        </sadv>
                      </sp>
                    </grup.nom>
                  </sn>
                </sp>
                <sp arg="argM" func="cc" tem="loc">
                  <prep>
                    <s lem="en" pos="sps00" postype="preposition" wd="en"/>
                  </prep>
                  <sn entity="entity8" entityref="ne" ne="location">
                    <grup.nom>
                      <n lem="Florida" ne="location" pos="np0000l" postype="proper" sense="16:06607388" wd="Florida"/>
                    </grup.nom>
                  </sn>
                </sp>
              </S>
            </grup.nom>
          </sn>
        </S>
      </grup.nom>
    </sn>
    <f lem="." pos="fp" punct="period" wd="."/>
  </sentence>
  <sentence>
    <sn arg="arg0" coreftype="ident" entity="entity3" entityref="ne" func="suj" ne="person" tem="agt">
      <grup.nom gen="m" num="s">
        <n lem="Baker" ne="person" pos="np0000p" postype="proper" sense="16:cs1" wd="Baker"/>
      </grup.nom>
    </sn>
    <grup.verb>
      <v lem="decir" lss="A32.ditransitive-patient-benefactive" mood="indicative" num="s" person="3" pos="vmis3s0" postype="main" tense="past" wd="dijo"/>
    </grup.verb>
    <S arg="arg1" clausetype="completive" func="cd" tem="pat">
      <conj conjunctiontype="subordinating">
        <c lem="que" pos="cs" postype="subordinating" wd="que"/>
      </conj>
      <S clausesubtype="conditional" clausetype="adverbial" func="ao">
        <conj conjunctiontype="subordinating">
          <c lem="si" pos="cs" postype="subordinating" wd="si"/>
        </conj>
        <sn arg="arg0" entity="entity10" entityref="nne" func="suj" homophoricDD="yes" tem="agt">
          <spec gen="m" num="p">
            <d gen="m" lem="el" num="p" pos="da0mp0" postype="article" wd="los"/>
          </spec>
          <grup.nom gen="m" num="p">
            <n gen="c" lem="demócrata" num="p" pos="nccp000" postype="common" sense="16:07208789" wd="demócratas"/>
          </grup.nom>
        </sn>
        <grup.verb>
          <v lem="aceptar" lss="A21.transitive-agentive-patient" mood="indicative" num="p" person="3" pos="vmip3p0" postype="main" tense="present" wd="aceptan"/>
        </grup.verb>
        <sn arg="arg1" coreftype="ident" entity="entity1" entityref="nne" func="cd" tem="pat">
          <spec gen="f" num="s">
            <d gen="f" lem="este" num="s" pos="dd0fs0" postype="demonstrative" wd="esta"/>
          </spec>
          <grup.nom gen="f" num="s">
            <n gen="f" lem="propuesta" lexicalid="noun.propuesta.1.default" num="s" origin="deverbal" pos="ncfs000" postype="common" sense="16:05355937" wd="propuesta"/>
          </grup.nom>
        </sn>
        <f lem="," pos="fc" punct="comma" wd=","/>
      </S>
      <sn arg="arg0" coreftype="ident" entity="entity4" entityref="nne" func="suj" homophoricDD="yes" tem="agt">
        <spec gen="m" num="p">
          <d gen="m" lem="el" num="p" pos="da0mp0" postype="article" wd="los"/>
        </spec>
        <grup.nom gen="m" num="p">
          <n gen="m" lem="republicano" num="p" pos="ncmp000" postype="common" sense="16:07529675" wd="republicanos"/>
        </grup.nom>
      </sn>
      <morfema.pronominal>
        <p gen="c" lem="él" num="c" person="3" pos="p0300000" wd="se"/>
      </morfema.pronominal>
      <grup.verb>
        <v lem="comprometer" lss="A34.ditransitive-patient-theme" mood="indicative" num="p" person="3" pos="vmip3p0" postype="main" tense="present" wd="comprometen"/>
      </grup.verb>
      <sadv arg="argM" func="cc" tem="adv">
        <grup.adv>
          <r lem="a_cambio" pos="rg" wd="a_cambio"/>
        </grup.adv>
      </sadv>
      <sp arg="arg2" func="creg" tem="tem">
        <prep>
          <s lem="a" pos="sps00" postype="preposition" wd="a"/>
        </prep>
        <S clausetype="completive" impersonal="yes">
          <infinitiu>
            <v lem="retirar" lss="A21.transitive-agentive-patient" mood="infinitive" pos="vmn0000" postype="main" wd="retirar"/>
          </infinitiu>
          <sn arg="arg1" entity="entity11" entityref="nne" func="cd" homophoricDD="yes" tem="pat">
            <spec gen="f" num="p">
              <d gen="f" lem="el" num="p" pos="da0fp0" postype="article" wd="las"/>
            </spec>
            <grup.nom gen="f" num="p">
              <n gen="f" lem="demanda" num="p" pos="ncfp000" postype="common" sense="16:05402928" wd="demandas"/>
              <s.a gen="f" num="p">
                <grup.a gen="f" num="p">
                  <a gen="c" lem="judicial" num="p" pos="aq0cp0" postype="qualificative" wd="judiciales"/>
                </grup.a>
              </s.a>
            </grup.nom>
          </sn>
        </S>
      </sp>
      <S arg="argM" clausetype="adverbial" func="cc" tem="cau">
        <conj conjunctiontype="subordinating">
          <c lem="porque" pos="cs" postype="subordinating" wd="porque"/>
        </conj>
        <f lem="&quot;" pos="fe" punct="quotation" wd="&quot;"/>
        <sadv arg="argM" func="cc" tem="tmp">
          <grup.adv>
            <r lem="ya" pos="rg" wd="ya"/>
          </grup.adv>
        </sadv>
        <grup.verb>
          <v lem="ser" lss="C21.state-attributive" mood="indicative" num="s" person="3" pos="vsip3s0" postype="semiauxiliary" tense="present" wd="es"/>
        </grup.verb>
        <sn arg="arg1" entityref="lex" func="suj" tem="tem">
          <grup.nom gen="f" num="s">
            <n gen="f" lem="hora" num="s" pos="ncfs000" postype="common" sense="16:10856821" wd="hora"/>
            <sp>
              <prep>
                <s lem="de" pos="sps00" postype="preposition" wd="de"/>
              </prep>
              <S clausetype="completive" impersonal="yes">
                <infinitiu>
                  <v lem="acabar" lss="A22.transitive-agentive-theme" mood="infinitive" pos="vmn0000" postype="main" wd="acabar"/>
                </infinitiu>
                <sp arg="arg1" func="creg" tem="tem">
                  <prep>
                    <s lem="con" pos="sps00" postype="preposition" wd="con"/>
                  </prep>
                  <sn coreftype="ident" entity="entity5" entityref="nne">
                    <spec gen="f" num="s">
                      <d gen="f" lem="el" num="s" pos="da0fs0" postype="article" wd="la"/>
                    </spec>
                    <grup.nom gen="f" num="s">
                      <n gen="f" lem="crisis" num="c" pos="ncfn000" postype="common" sense="16:10040291" wd="crisis"/>
                    </grup.nom>
                  </sn>
                </sp>
              </S>
            </sp>
          </grup.nom>
        </sn>
        <f lem="&quot;" pos="fe" punct="quotation" wd="&quot;"/>
      </S>
    </S>
    <f lem="." pos="fp" punct="period" wd="."/>
  </sentence>
  <sentence>
    <sn arg="arg0" coreftype="ident" elliptic="yes" entity="entity3" entityref="spec" func="suj" tem="agt"/>
    <grup.verb>
      <v lem="agregar" lss="A21.transitive-agentive-patient" mood="indicative" num="s" person="3" pos="vmis3s0" postype="main" tense="past" wd="Agregó"/>
    </grup.verb>
    <S arg="arg1" clausetype="completive" func="cd" tem="pat">
      <conj conjunctiontype="subordinating">
        <c lem="que" pos="cs" postype="subordinating" wd="que"/>
      </conj>
      <sn arg="arg0" coreftype="ident" entity="entity6" entityref="ne" func="suj" ne="person" tem="agt">
        <grup.nom gen="m" num="s">
          <n lem="Bush" ne="person" pos="np0000p" postype="proper" sense="16:cs1" wd="Bush"/>
        </grup.nom>
      </sn>
      <grup.verb>
        <v lem="aceptar" lss="A21.transitive-agentive-patient" mood="indicative" num="s" person="3" pos="vmip3s0" postype="main" tense="present" wd="acepta"/>
      </grup.verb>
      <sn arg="arg1" coord="yes" func="cd" tem="pat">
        <sn entityref="nne" homophoricDD="yes">
          <spec gen="m" num="p">
            <d gen="m" lem="el" num="p" pos="da0mp0" postype="article" wd="los"/>
          </spec>
          <grup.nom gen="m" num="p">
            <n gen="m" lem="recuento" lexicalid="noun.recuento.1.default" num="p" origin="deverbal" pos="ncmp000" postype="common" sense="16:00427523" wd="recuentos"/>
            <s.a func="cn" gen="m" num="p">
              <grup.a gen="m" num="p">
                <a gen="c" lem="manual" num="p" pos="aq0cp0" postype="qualificative" wd="manuales"/>
              </grup.a>
            </s.a>
            <S clausetype="participle" func="cn" impersonal="yes">
              <sadv arg="argM" func="cc" tem="tmp">
                <grup.adv>
                  <r lem="ya" pos="rg" wd="ya"/>
                </grup.adv>
              </sadv>
              <participi>
                <a gen="m" lem="efectuado" lss="B22.unaccusative-passive-transitive" num="p" pos="aq0mpp" posfunction="participle" postype="qualificative" wd="efectuados"/>
              </participi>
            </S>
          </grup.nom>
        </sn>
        <conj conjunctiontype="coordinating">
          <c lem="y" pos="cc" postype="coordinating" wd="y"/>
        </conj>
        <sn coreftype="ident" entity="entity2" entityref="nne">
          <spec gen="m" num="p">
            <d gen="m" lem="el" num="p" pos="da0mp0" postype="article" wd="los"/>
          </spec>
          <grup.nom gen="m" num="p">
            <S clausetype="relative">
              <relatiu arg="arg1" func="suj" tem="pat">
                <p gen="c" lem="que" num="c" pos="pr0cn000" postype="relative" wd="que"/>
              </relatiu>
              <morfema.verbal func="pass">
                <p gen="c" lem="se" num="c" pos="p0000000" wd="se"/>
              </morfema.verbal>
              <grup.verb>
                <v lem="poder" mood="indicative" num="p" person="3" pos="vmip3p0" postype="main" tense="present" wd="pueden"/>
                <infinitiu>
                  <v lem="hacer" lss="B22.unaccusative-passive-transitive" mood="infinitive" pos="vmn0000" postype="main" wd="hacer"/>
                </infinitiu>
              </grup.verb>
              <sp arg="argM" func="cc" tem="tmp">
                <prep>
                  <s lem="hasta" pos="sps00" postype="preposition" wd="hasta"/>
                </prep>
                <sn coreftype="ident" entity="entity7" entityref="ne" ne="number">
                  <spec gen="f" num="p">
                    <d gen="f" lem="el" num="p" pos="da0fp0" postype="article" wd="las"/>
                  </spec>
                  <grup.nom gen="f" num="p">
                    <z lem="22.00" ne="number" wd="22.00"/>
                    <sn entityref="ne" ne="other">
                      <grup.nom>
                        <n lem="GMT" ne="other" pos="np0000a" postype="proper" sense="16:cs1" wd="GMT"/>
                      </grup.nom>
                    </sn>
                    <sp>
                      <prep>
                        <s lem="de" pos="sps00" postype="preposition" wd="de"/>
                      </prep>
                      <sadv>
                        <grup.adv>
                          <r lem="hoy" pos="rg" wd="hoy"/>
                        </grup.adv>
                      </sadv>
                    </sp>
                  </grup.nom>
                </sn>
              </sp>
            </S>
          </grup.nom>
        </sn>
      </sn>
    </S>
    <f lem="." pos="fp" punct="period" wd="."/>
  </sentence>
  <sentence>
    <sn arg="arg1" coord="yes" func="suj" tem="tem">
      <sn coreftype="ident" entity="entity2" entityref="nne">
        <spec gen="m" num="s">
          <d gen="m" lem="este" num="s" pos="dd0ms0" postype="demonstrative" wd="Este"/>
        </spec>
        <grup.nom gen="m" num="s">
          <n gen="m" lem="recuento" lexicalid="noun.recuento.1.default" num="s" origin="deverbal" pos="ncms000" postype="common" sense="16:00427523" wd="recuento"/>
        </grup.nom>
      </sn>
      <conj conjunctiontype="coordinating">
        <c lem="y" pos="cc" postype="coordinating" wd="y"/>
      </conj>
      <sn entityref="nne">
        <spec gen="m" num="s">
          <d gen="m" lem="el" num="s" pos="da0ms0" postype="article" wd="el"/>
        </spec>
        <grup.nom gen="m" num="s">
          <S clausetype="relative">
            <relatiu arg="arg1" func="suj" tem="pat">
              <p gen="c" lem="que" num="c" pos="pr0cn000" postype="relative" wd="que"/>
            </relatiu>
            <morfema.verbal func="pass">
              <p gen="c" lem="se" num="c" pos="p0000000" wd="se"/>
            </morfema.verbal>
            <grup.verb>
              <v lem="hacer" lss="B22.unaccusative-passive-transitive" mood="subjunctive" num="s" person="3" pos="vmsp3s0" postype="main" tense="present" wd="haga"/>
            </grup.verb>
            <sp arg="argM" func="cc" tem="adv">
              <prep>
                <s lem="con" pos="sps00" postype="preposition" wd="con"/>
              </prep>
              <sn entity="entity9" entityref="nne" homophoricDD="yes">
                <spec gen="m" num="p">
                  <d gen="m" lem="el" num="p" pos="da0mp0" postype="article" wd="los"/>
                </spec>
                <grup.nom gen="m" num="p">
                  <n gen="m" lem="sufragio" num="p" pos="ncmp000" postype="common" sense="16:04039297" wd="sufragios"/>
                  <S clausetype="participle" impersonal="yes">
                    <participi>
                      <a gen="m" lem="enviado" lss="A32.ditransitive-patient-benefactive" num="p" pos="aq0mpp" posfunction="participle" postype="qualificative" wd="enviados"/>
                    </participi>
                    <sp arg="argM" func="cc" tem="mnr">
                      <prep>
                        <s lem="por" pos="sps00" postype="preposition" wd="por"/>
                      </prep>
                      <sn>
                        <grup.nom gen="m" num="s">
                          <n gen="m" lem="correo" num="s" pos="ncms000" postype="common" sense="16:04736420" wd="correo"/>
                        </grup.nom>
                      </sn>
                    </sp>
                  </S>
                </grup.nom>
              </sn>
            </sp>
          </S>
        </grup.nom>
      </sn>
    </sn>
    <grup.verb>
      <v lem="ser" lss="C21.state-attributive" mood="indicative" num="s" person="3" pos="vsic3s0" postype="semiauxiliary" tense="conditional" wd="sería"/>
    </grup.verb>
    <sn arg="arg2" func="atr" tem="atr">
      <spec gen="m" num="s">
        <d gen="m" lem="el" num="s" pos="da0ms0" postype="article" wd="el"/>
      </spec>
      <grup.nom gen="m" num="s">
        <S clausetype="relative">
          <relatiu arg="arg0" func="suj" tem="agt">
            <p gen="c" lem="que" num="c" pos="pr0cn000" postype="relative" wd="que"/>
          </relatiu>
          <grup.verb>
            <v lem="determinar" lss="A21.transitive-agentive-patient" mood="indicative" num="s" person="3" pos="vmic3s0" postype="main" tense="conditional" wd="determinaría"/>
          </grup.verb>
          <sadv arg="argM" func="cc" tem="adv">
            <grup.adv>
              <r lem="finalmente" pos="rg" wd="finalmente"/>
            </grup.adv>
          </sadv>
          <sn arg="arg1" entity="entity12" entityref="nne" func="cd" homophoricDD="yes" tem="pat">
            <spec gen="m" num="s">
              <d gen="m" lem="el" num="s" pos="da0ms0" postype="article" wd="el"/>
            </spec>
            <grup.nom gen="m" num="s">
              <n gen="m" lem="resultado" lexicalid="noun.resultado.3.default" num="s" origin="deverbal" pos="ncms000" postype="common" sense="16:09768132" wd="resultado"/>
              <sp arg="arg3" func="cn" tem="ori">
                <prep>
                  <s lem="de" pos="sps00" postype="preposition" wd="de"/>
                </prep>
                <sn entity="entity13" entityref="nne" homophoricDD="yes">
                  <spec gen="f" num="p">
                    <d gen="f" lem="el" num="p" pos="da0fp0" postype="article" wd="las"/>
                  </spec>
                  <grup.nom gen="f" num="p">
                    <n gen="f" lem="elección" lexicalid="noun.elección.1.default" num="p" origin="deverbal" pos="ncfp000" postype="common" sense="16:00118873" wd="elecciones"/>
                    <sp arg="argM" func="cn" tem="loc">
                      <prep>
                        <s lem="en" pos="sps00" postype="preposition" wd="en"/>
                      </prep>
                      <sn coreftype="ident" entity="entity8" entityref="ne" ne="location">
                        <grup.nom>
                          <n lem="Florida" ne="location" pos="np0000l" postype="proper" sense="16:06607388" wd="Florida"/>
                        </grup.nom>
                      </sn>
                    </sp>
                  </grup.nom>
                </sn>
              </sp>
            </grup.nom>
          </sn>
        </S>
      </grup.nom>
    </sn>
    <f lem="." pos="fp" punct="period" wd="."/>
  </sentence>
  <sentence coord="yes">
    <S>
      <sn arg="arg0" coreftype="ident" entity="entity3" entityref="ne" func="suj" ne="person" tem="agt">
        <grup.nom gen="m" num="s">
          <n lem="Baker" ne="person" pos="np0000p" postype="proper" sense="16:cs1" wd="Baker"/>
        </grup.nom>
      </sn>
      <grup.verb>
        <v lem="indicar" lss="A32.ditransitive-patient-benefactive" mood="indicative" num="s" person="3" pos="vmis3s0" postype="main" tense="past" wd="indicó"/>
      </grup.verb>
      <S arg="arg1" clausetype="completive" func="cd" tem="pat">
        <conj conjunctiontype="subordinating">
          <c lem="que" pos="cs" postype="subordinating" wd="que"/>
        </conj>
        <sn arg="arg1" coreftype="ident" entity="entity4" entityref="nne" func="suj" homophoricDD="yes" tem="tem">
          <spec gen="m" num="p">
            <d gen="m" lem="el" num="p" pos="da0mp0" postype="article" wd="los"/>
          </spec>
          <grup.nom gen="m" num="p">
            <n gen="m" lem="republicano" num="p" pos="ncmp000" postype="common" sense="16:07529675" wd="republicanos"/>
          </grup.nom>
        </sn>
        <neg func="mod">
          <r lem="no" pos="rn" postype="negative" wd="no"/>
        </neg>
        <grup.verb>
          <v lem="tener" lss="C21.state-attributive" mood="indicative" num="p" person="3" pos="vmip3p0" postype="main" tense="present" wd="tienen"/>
        </grup.verb>
        <sn arg="arg2" func="cd" functype="quantitative" tem="atr">
          <spec gen="f" num="s">
            <d gen="f" lem="ninguno" num="s" pos="di0fs0" postype="indefinite" wd="ninguna"/>
          </spec>
          <grup.nom gen="f" num="s">
            <n gen="f" lem="garantía" lexicalid="noun.garantía.1.default" num="s" origin="deverbal" pos="ncfs000" postype="common" sense="16:03735303" wd="garantía"/>
            <sp arg="arg1" func="cn" tem="pat">
              <prep>
                <s lem="de" pos="sps00" postype="preposition" wd="de"/>
              </prep>
              <S clausetype="completive">
                <conj conjunctiontype="subordinating">
                  <c lem="que" pos="cs" postype="subordinating" wd="que"/>
                </conj>
                <sn arg="arg0" coreftype="ident" entity="entity9" entityref="nne" func="suj" homophoricDD="yes" tem="agt">
                  <spec gen="m" num="p">
                    <d gen="m" lem="el" num="p" pos="da0mp0" postype="article" wd="los"/>
                  </spec>
                  <grup.nom gen="m" num="p">
                    <n gen="m" lem="voto" num="p" pos="ncmp000" postype="common" sense="16:00119067" wd="votos"/>
                    <sp>
                      <prep>
                        <s lem="por" pos="sps00" postype="preposition" wd="por"/>
                      </prep>
                      <sn>
                        <grup.nom gen="m" num="s">
                          <n gen="m" lem="correo" num="s" pos="ncms000" postype="common" sense="16:04736420" wd="correo"/>
                        </grup.nom>
                      </sn>
                    </sp>
                  </grup.nom>
                </sn>
                <grup.verb>
                  <v lem="favorecer" lss="A21.transitive-agentive-patient" mood="indicative" num="p" person="3" pos="vmif3p0" postype="main" tense="future" wd="favorecerán"/>
                </grup.verb>
                <sp arg="arg1" func="cd" tem="pat">
                  <prep>
                    <s lem="a" pos="sps00" postype="preposition" wd="a"/>
                  </prep>
                  <sn coreftype="ident" entity="entity6" entityref="ne" ne="person">
                    <grup.nom gen="m" num="s">
                      <n lem="Bush" ne="person" pos="np0000p" postype="proper" sense="16:cs1" wd="Bush"/>
                    </grup.nom>
                  </sn>
                </sp>
              </S>
            </sp>
          </grup.nom>
        </sn>
      </S>
    </S>
    <conj conjunctiontype="coordinating">
      <c lem="y" pos="cc" postype="coordinating" wd="y"/>
    </conj>
    <S>
      <sn arg="arg0" coreftype="ident" elliptic="yes" entity="entity3" entityref="spec" func="suj" tem="agt"/>
      <grup.verb>
        <v lem="señalar" lss="A31.ditransitive-patient-locative" mood="indicative" num="s" person="3" pos="vmis3s0" postype="main" tense="past" wd="señaló"/>
      </grup.verb>
      <S arg="arg1" clausetype="completive" func="cd" tem="pat">
        <conj conjunctiontype="subordinating">
          <c lem="que" pos="cs" postype="subordinating" wd="que"/>
        </conj>
        <sn arg="arg0" coreftype="ident" entity="entity10" entityref="nne" func="suj" homophoricDD="yes" tem="agt">
          <spec gen="m" num="p">
            <d gen="m" lem="el" num="p" pos="da0mp0" postype="article" wd="los"/>
          </spec>
          <grup.nom gen="m" num="p">
            <n gen="c" lem="demócrata" num="p" pos="nccp000" postype="common" sense="16:07208789" wd="demócratas"/>
          </grup.nom>
        </sn>
        <grup.verb>
          <v lem="deber" mood="indicative" num="p" person="3" pos="vmip3p0" postype="main" tense="present" wd="deben"/>
          <infinitiu>
            <v lem="aceptar" lss="A21.transitive-agentive-patient" mood="infinitive" pos="vmn0000" postype="main" wd="aceptar"/>
          </infinitiu>
        </grup.verb>
        <sadv func="mod">
          <grup.adv>
            <r lem="también" pos="rg" wd="también"/>
          </grup.adv>
        </sadv>
        <S arg="arg1" clausetype="completive" func="cd" impersonal="yes" tem="pat">
          <infinitiu>
            <v lem="retirar" lss="A21.transitive-agentive-patient" mood="infinitive" pos="vmn0000" postype="main" wd="retirar"/>
          </infinitiu>
          <sn arg="arg1" coreftype="ident" entity="entity11" entityref="nne" func="cd" homophoricDD="yes" tem="pat">
            <spec gen="f" num="p">
              <d gen="f" lem="todo" num="p" pos="di0fp0" postype="indefinite" wd="todas"/>
              <d gen="f" lem="el" num="p" pos="da0fp0" postype="article" wd="las"/>
            </spec>
            <grup.nom gen="f" num="p">
              <n gen="f" lem="demanda" num="p" pos="ncfp000" postype="common" sense="16:05402928" wd="demandas"/>
              <s.a gen="f" num="p">
                <grup.a gen="f" num="p">
                  <a gen="c" lem="judicial" num="p" pos="aq0cp0" postype="qualificative" wd="judiciales"/>
                </grup.a>
              </s.a>
            </grup.nom>
          </sn>
        </S>
      </S>
    </S>
    <f lem="." pos="fp" punct="period" wd="."/>
  </sentence>
  <sentence coord="yes">
    <S>
      <sn arg="arg1" entityref="nne" func="suj" homophoricDD="yes" tem="tem">
        <spec gen="m" num="s">
          <d gen="m" lem="el" num="s" pos="da0ms0" postype="article" wd="El"/>
        </spec>
        <grup.nom gen="m" num="s">
          <n gen="m" lem="plazo" num="s" pos="ncms000" postype="common" sense="16:10935385" wd="plazo"/>
          <sp>
            <prep>
              <s lem="para" pos="sps00" postype="preposition" wd="para"/>
            </prep>
            <S clausetype="completive" impersonal="yes">
              <infinitiu>
                <v lem="recibir" lss="A21.transitive-agentive-patient" mood="infinitive" pos="vmn0000" postype="main" wd="recibir"/>
              </infinitiu>
              <sn arg="arg1" coreftype="ident" entity="entity9" entityref="nne" func="cd" homophoricDD="yes" tem="pat">
                <spec gen="m" num="p">
                  <d gen="m" lem="el" num="p" pos="da0mp0" postype="article" wd="los"/>
                </spec>
                <grup.nom gen="m" num="p">
                  <n gen="m" lem="voto" num="p" pos="ncmp000" postype="common" sense="16:00119067" wd="votos"/>
                  <sp>
                    <prep>
                      <s lem="por" pos="sps00" postype="preposition" wd="por"/>
                    </prep>
                    <sn>
                      <grup.nom gen="m" num="s">
                        <n gen="m" lem="correo" num="s" pos="ncms000" postype="common" sense="16:04736420" wd="correo"/>
                      </grup.nom>
                    </sn>
                  </sp>
                </grup.nom>
              </sn>
            </S>
          </sp>
        </grup.nom>
      </sn>
      <grup.verb>
        <v lem="vencer" lss="B21.unaccusative-state" mood="indicative" num="s" person="3" pos="vmip3s0" postype="main" tense="present" wd="vence"/>
      </grup.verb>
      <sp arg="argM" func="cc" tem="tmp">
        <prep>
          <s lem="en" pos="sps00" postype="preposition" wd="en"/>
        </prep>
        <sn entityref="nne" homophoricDD="yes">
          <spec gen="f" num="s">
            <d gen="f" lem="el" num="s" pos="da0fs0" postype="article" wd="la"/>
          </spec>
          <grup.nom gen="f" num="s">
            <n gen="f" lem="medianoche" num="s" pos="ncfs000" postype="common" sense="16:10887026" wd="medianoche"/>
            <sp>
              <prep>
                <s contracted="yes" gen="m" lem="del" num="s" pos="spcms" postype="preposition" wd="del"/>
              </prep>
              <sn entityref="ne" ne="date">
                <grup.nom gen="m" num="s">
                  <w lem="[viernes:??/??/??:??.??]" ne="date" wd="viernes"/>
                </grup.nom>
              </sn>
            </sp>
          </grup.nom>
        </sn>
      </sp>
    </S>
    <conj conjunctiontype="coordinating">
      <c lem="y" pos="cc" postype="coordinating" wd="y"/>
    </conj>
    <S>
      <S clausesubtype="conditional" clausetype="adverbial" func="ao">
        <f lem="," pos="fc" punct="comma" wd=","/>
        <conj conjunctiontype="subordinating">
          <c lem="si" pos="cs" postype="subordinating" wd="si"/>
        </conj>
        <neg func="mod">
          <r lem="no" pos="rn" postype="negative" wd="no"/>
        </neg>
        <grup.verb>
          <v lem="haber" lss="C11.state-existential" mood="indicative" num="s" person="3" pos="vaip3s0" postype="auxiliary" tense="present" wd="hay"/>
        </grup.verb>
        <sn arg="arg1" func="cd" functype="quantitative" tem="tem">
          <grup.nom gen="m" num="p">
            <n gen="m" lem="recuento" lexicalid="noun.recuento.1.default" num="p" origin="deverbal" pos="ncmp000" postype="common" sense="16:00427523" wd="recuentos"/>
            <s.a func="cn" gen="m" num="p">
              <grup.a gen="m" num="p">
                <a gen="c" lem="manual" num="p" pos="aq0cp0" postype="qualificative" wd="manuales"/>
              </grup.a>
            </s.a>
          </grup.nom>
        </sn>
        <f lem="," pos="fc" punct="comma" wd=","/>
      </S>
      <sn arg="arg1" coord="yes" func="suj" tem="pat">
        <sn coreftype="ident" entity="entity12" entityref="nne" homophoricDD="yes">
          <spec gen="m" num="s">
            <d gen="m" lem="el" num="s" pos="da0ms0" postype="article" wd="el"/>
          </spec>
          <grup.nom gen="m" num="s">
            <n gen="m" lem="resultado" lexicalid="noun.resultado.3.default" num="s" origin="deverbal" pos="ncms000" postype="common" sense="16:09768132" wd="resultado"/>
            <s.a func="cn" gen="m" num="s">
              <grup.a gen="m" num="s">
                <a gen="c" lem="final" num="s" pos="aq0cs0" postype="qualificative" wd="final"/>
              </grup.a>
            </s.a>
            <sp arg="arg3" func="cn" tem="ori">
              <prep>
                <s lem="de" pos="sps00" postype="preposition" wd="de"/>
              </prep>
              <sn coreftype="ident" entity="entity13" entityref="nne" homophoricDD="yes">
                <spec gen="f" num="p">
                  <d gen="f" lem="el" num="p" pos="da0fp0" postype="article" wd="las"/>
                </spec>
                <grup.nom gen="f" num="p">
                  <n gen="f" lem="elección" lexicalid="noun.elección.1.default" num="p" origin="deverbal" pos="ncfp000" postype="common" sense="16:00118873" wd="elecciones"/>
                  <sp arg="argM" func="cn" tem="loc">
                    <prep>
                      <s lem="de" pos="sps00" postype="preposition" wd="de"/>
                    </prep>
                    <sn coreftype="ident" entity="entity8" entityref="ne" ne="location">
                      <grup.nom>
                        <n lem="Florida" ne="location" pos="np0000l" postype="proper" sense="16:06607388" wd="Florida"/>
                      </grup.nom>
                    </sn>
                  </sp>
                </grup.nom>
              </sn>
            </sp>
          </grup.nom>
        </sn>
        <conj conjunctiontype="coordinating">
          <c lem="y" pos="cc" postype="coordinating" wd="y"/>
        </conj>
        <sn>
          <sadv adjunct="yes">
            <f lem="," pos="fc" punct="comma" wd=","/>
            <grup.adv>
              <r lem="en_consecuencia" pos="rg" wd="en_consecuencia"/>
            </grup.adv>
            <f lem="," pos="fc" punct="comma" wd=","/>
          </sadv>
          <sn entityref="nne" homophoricDD="yes">
            <spec gen="m" num="s">
              <d gen="m" lem="el" num="s" pos="da0ms0" postype="article" wd="el"/>
            </spec>
            <grup.nom gen="m" num="s">
              <n gen="m" lem="nombre" num="s" pos="ncms000" postype="common" sense="16:04768298" wd="nombre"/>
              <sp>
                <prep>
                  <s contracted="yes" gen="m" lem="del" num="s" pos="spcms" postype="preposition" wd="del"/>
                </prep>
                <sn entityref="ne" ne="person">
                  <grup.nom gen="m" num="s">
                    <s.a gen="m" num="s">
                      <grup.a gen="m" num="s">
                        <a gen="m" lem="nuevo" num="s" pos="aq0ms0" postype="qualificative" wd="nuevo"/>
                      </grup.a>
                    </s.a>
                    <n gen="m" lem="presidente" num="s" pos="ncms000" postype="common" sense="16:07495220" wd="presidente"/>
                    <sp>
                      <prep>
                        <s lem="de" pos="sps00" postype="preposition" wd="de"/>
                      </prep>
                      <sn entity="entity16" entityref="ne" ne="location">
                        <grup.nom>
                          <n lem="EEUU" ne="location" pos="np0000l" postype="proper" sense="16:cs1" wd="EEUU"/>
                        </grup.nom>
                      </sn>
                    </sp>
                  </grup.nom>
                </sn>
              </sp>
            </grup.nom>
          </sn>
        </sn>
      </sn>
      <morfema.verbal func="pass">
        <p gen="c" lem="él" num="c" pos="p0000000" wd="se"/>
      </morfema.verbal>
      <grup.verb>
        <v lem="poder" mood="indicative" num="s" person="3" pos="vmic3s0" postype="main" tense="conditional" wd="podría"/>
        <infinitiu>
          <v lem="conocer" lss="B22.unaccusative-passive-transitive" mood="infinitive" pos="vmn0000" postype="main" wd="conocer"/>
        </infinitiu>
      </grup.verb>
      <sn arg="argM" entityref="ne" func="cc" ne="date" tem="tmp">
        <spec gen="m" num="s">
          <d gen="m" lem="el" num="s" pos="da0ms0" postype="article" wd="el"/>
        </spec>
        <grup.nom gen="m" num="s">
          <w lem="[sábado:??/??/??:??.??]" ne="date" wd="sábado"/>
        </grup.nom>
      </sn>
    </S>
    <f lem="." pos="fp" punct="period" wd="."/>
  </sentence>
  <sentence>
    <sn arg="arg0" coreftype="ident" entity="entity3" entityref="ne" func="suj" ne="person" tem="agt">
      <spec gen="m" num="s">
        <d gen="m" lem="el" num="s" pos="da0ms0" postype="article" wd="El"/>
      </spec>
      <grup.nom gen="m" num="s">
        <s.a gen="m" num="s">
          <grup.a gen="m" num="s">
            <a gen="m" lem="ex" num="s" pos="aq0ms0" postype="qualificative" wd="ex"/>
          </grup.a>
        </s.a>
        <s.a gen="m" num="s">
          <a gen="m" lem="secretario" num="s" pos="aq0ms0" postype="qualificative" wd="secretario"/>
        </s.a>
        <sp>
          <prep>
            <s lem="de" pos="sps00" postype="preposition" wd="de"/>
          </prep>
          <sn entityref="ne" ne="organization">
            <grup.nom>
              <n lem="Estado" ne="organization" pos="np0000o" postype="proper" sense="16:cs1" wd="Estado"/>
            </grup.nom>
          </sn>
        </sp>
      </grup.nom>
    </sn>
    <grup.verb>
      <v lem="acusar" lss="A34.ditransitive-patient-theme" mood="indicative" num="s" person="3" pos="vmis3s0" postype="main" tense="past" wd="acusó"/>
    </grup.verb>
    <sp arg="arg1" func="cd" tem="pat">
      <prep>
        <s lem="a" pos="sps00" postype="preposition" wd="a"/>
      </prep>
      <sn entityref="ne" ne="person">
        <grup.nom gen="m" num="s">
          <n lem="Gore" ne="person" pos="np0000p" postype="proper" sense="16:cs1" wd="Gore"/>
        </grup.nom>
      </sn>
    </sp>
    <sp arg="arg2" func="creg" tem="tem">
      <prep>
        <s lem="de" pos="sps00" postype="preposition" wd="de"/>
      </prep>
      <S clausetype="completive" impersonal="yes">
        <infinitiu>
          <v lem="tratar" mood="infinitive" pos="vmn0000" postype="main" wd="tratar"/>
          <s lem="de" pos="sps00" postype="preposition" wd="de"/>
          <infinitiu>
            <v lem="llevar_a_cabo" lss="A21.transitive-agentive-patient" mood="infinitive" pos="vmn0000" postype="main" wd="llevar_a_cabo"/>
          </infinitiu>
        </infinitiu>
        <sn arg="arg1" entity="entity14" entityref="nne" func="cd" tem="pat">
          <spec gen="m" num="s">
            <d gen="m" lem="uno" num="s" pos="di0ms0" postype="indefinite" wd="un"/>
          </spec>
          <grup.nom gen="m" num="s">
            <s.a func="cn" gen="m" num="s">
              <grup.a gen="m" num="s">
                <f lem="&quot;" pos="fe" punct="quotation" wd="&quot;"/>
                <a gen="m" lem="selectivo" num="s" pos="aq0ms0" postype="qualificative" wd="selectivo"/>
                <f lem="&quot;" pos="fe" punct="quotation" wd="&quot;"/>
              </grup.a>
            </s.a>
            <n gen="m" lem="recuento" lexicalid="noun.recuento.1.default" num="s" origin="deverbal" pos="ncms000" postype="common" sense="16:00427523" wd="recuento"/>
            <s.a func="cn" gen="m" num="s">
              <grup.a gen="m" num="s">
                <a gen="c" lem="manual" num="s" pos="aq0cs0" postype="qualificative" wd="manual"/>
              </grup.a>
            </s.a>
          </grup.nom>
        </sn>
        <sp arg="argM" func="cc" tem="loc">
          <prep>
            <s lem="en" pos="sps00" postype="preposition" wd="en"/>
          </prep>
          <sn entity="entity15" entityref="nne">
            <spec gen="m" num="p">
              <d gen="m" lem="uno" num="p" pos="di0mp0" postype="indefinite" wd="unos"/>
            </spec>
            <grup.nom gen="m" num="p">
              <n gen="m" lem="condado" num="p" pos="ncmp000" postype="common" sense="16:06300934" wd="condados"/>
              <sp>
                <prep>
                  <s lem="de" pos="sps00" postype="preposition" wd="de"/>
                </prep>
                <sn>
                  <grup.nom gen="f" num="s">
                    <n gen="f" lem="mayoría" num="s" pos="ncfs000" postype="common" sense="16:03991218" wd="mayoría"/>
                    <s.a gen="f" num="s">
                      <grup.a gen="f" num="s">
                        <a gen="c" lem="demócrata" num="s" pos="aq0cs0" postype="qualificative" wd="demócrata"/>
                      </grup.a>
                    </s.a>
                  </grup.nom>
                </sn>
              </sp>
            </grup.nom>
          </sn>
        </sp>
      </S>
    </sp>
    <f lem="." pos="fp" punct="period" wd="."/>
  </sentence>
  <sentence>
    <S arg="arg1" clausetype="completive" func="cd" tem="pat">
      <f lem="&quot;" pos="fe" punct="quotation" wd="&quot;"/>
      <sn arg="arg1" coreftype="ident" entity="entity10" entityref="nne" func="suj" homophoricDD="yes" tem="tem">
        <spec gen="m" num="p">
          <d gen="m" lem="el" num="p" pos="da0mp0" postype="article" wd="Los"/>
        </spec>
        <grup.nom gen="m" num="p">
          <n gen="c" lem="demócrata" num="p" pos="nccp000" postype="common" sense="16:07208789" wd="demócratas"/>
        </grup.nom>
      </sn>
      <grup.verb>
        <v lem="estar" lss="C21.state-attributive" mood="indicative" num="p" person="3" pos="vmip3p0" postype="main" tense="present" wd="están"/>
      </grup.verb>
      <S arg="arg2" clausetype="participle" func="atr" impersonal="yes" tem="atr">
        <S clausetype="participle" impersonal="yes">
          <sadv func="mod">
            <grup.adv>
              <r lem="más" pos="rg" wd="más"/>
            </grup.adv>
          </sadv>
          <participi>
            <a gen="m" lem="preocupado" lss="B22.unaccusative-passive-transitive" num="p" pos="aq0mpp" posfunction="participle" postype="qualificative" wd="preocupados"/>
          </participi>
          <sp arg="argM" func="creg" tem="cau">
            <prep>
              <s lem="en" pos="sps00" postype="preposition" wd="en"/>
            </prep>
            <sn coreftype="ident" entity="entity14" entityref="nne" homophoricDD="yes">
              <spec gen="f" num="s">
                <d gen="f" lem="el" num="s" pos="da0fs0" postype="article" wd="la"/>
              </spec>
              <grup.nom gen="f" num="s">
                <n gen="f" lem="selectividad" num="s" pos="ncfs000" postype="common" sense="16:04052818" wd="selectividad"/>
                <sp>
                  <prep>
                    <s lem="en" pos="sps00" postype="preposition" wd="en"/>
                  </prep>
                  <sn entityref="nne">
                    <spec gen="m" num="s">
                      <d gen="m" lem="el" num="s" pos="da0ms0" postype="article" wd="el"/>
                    </spec>
                    <grup.nom gen="m" num="s">
                      <n gen="m" lem="recuento" lexicalid="noun.recuento.1.default" num="s" origin="deverbal" pos="ncms000" postype="common" sense="16:00427523" wd="recuento"/>
                    </grup.nom>
                  </sn>
                </sp>
              </grup.nom>
            </sn>
          </sp>
        </S>
        <S adjunct="yes" clausesubtype="comparative" clausetype="adverbial" verbless="yes">
          <relatiu>
            <p gen="c" lem="que" num="c" pos="pr0cn000" postype="relative" wd="que"/>
          </relatiu>
          <sp>
            <prep>
              <s lem="por" pos="sps00" postype="preposition" wd="por"/>
            </prep>
            <sn entityref="nne" homophoricDD="yes">
              <spec gen="f" num="s">
                <d gen="f" lem="el" num="s" pos="da0fs0" postype="article" wd="la"/>
              </spec>
              <grup.nom gen="f" num="s">
                <n gen="f" lem="limpieza" lexicalid="noun.limpieza.1.default" num="s" origin="deverbal" pos="ncfs000" postype="common" sense="16:00809976" wd="limpieza"/>
              </grup.nom>
            </sn>
          </sp>
        </S>
      </S>
      <f lem="&quot;" pos="fe" punct="quotation" wd="&quot;"/>
      <f lem="," pos="fc" punct="comma" wd=","/>
    </S>
    <grup.verb>
      <v lem="afirmar" lss="A32.ditransitive-patient-benefactive" mood="indicative" num="s" person="3" pos="vmis3s0" postype="main" tense="past" wd="afirmó"/>
    </grup.verb>
    <sn arg="arg0" coreftype="ident" entity="entity3" entityref="ne" func="suj" ne="person" tem="agt">
      <grup.nom gen="m" num="s">
        <n lem="Baker" ne="person" pos="np0000p" postype="proper" sense="16:cs1" wd="Baker"/>
      </grup.nom>
    </sn>
    <f lem="." pos="fp" punct="period" wd="."/>
  </sentence>
  <sentence coord="yes">
    <S>
      <sn arg="arg0" coreftype="ident" elliptic="yes" entity="entity3" entityref="spec" func="suj" tem="agt"/>
      <grup.verb>
        <v lem="agregar" lss="A31.ditransitive-patient-locative" mood="indicative" num="s" person="3" pos="vmis3s0" postype="main" tense="past" wd="Agregó"/>
      </grup.verb>
      <S arg="arg1" clausetype="completive" func="cd" tem="pat">
        <conj conjunctiontype="subordinating">
          <c lem="que" pos="cs" postype="subordinating" wd="que"/>
        </conj>
        <grup.verb>
          <v lem="ser" lss="C21.state-attributive" mood="indicative" num="s" person="3" pos="vsic3s0" postype="semiauxiliary" tense="conditional" wd="sería"/>
        </grup.verb>
        <sn arg="arg2" func="atr" tem="atr">
          <spec gen="f" num="s">
            <d gen="f" lem="uno" num="s" pos="di0fs0" postype="indefinite" wd="una"/>
          </spec>
          <grup.nom gen="f" num="s">
            <f lem="&quot;" pos="fe" punct="quotation" wd="&quot;"/>
            <n gen="f" lem="locura" num="s" pos="ncfs000" postype="common" sense="16:04367590" wd="locura"/>
            <f lem="&quot;" pos="fe" punct="quotation" wd="&quot;"/>
          </grup.nom>
        </sn>
        <S arg="arg1" clausetype="completive" func="suj" impersonal="yes" tem="tem">
          <infinitiu>
            <v lem="llevar_a_cabo" lss="A21.transitive-agentive-patient" mood="infinitive" pos="vmn0000" postype="main" wd="llevar_a_cabo"/>
          </infinitiu>
          <sn arg="arg1" entityref="nne" func="cd" tem="pat">
            <spec gen="m" num="s">
              <d gen="m" lem="uno" num="s" pos="di0ms0" postype="indefinite" wd="un"/>
            </spec>
            <grup.nom gen="m" num="s">
              <n gen="m" lem="recuento" lexicalid="noun.recuento.1.default" num="s" origin="deverbal" pos="ncms000" postype="common" sense="16:00427523" wd="recuento"/>
              <s.a func="cn" gen="m" num="s">
                <grup.a gen="m" num="s">
                  <a gen="c" lem="manual" num="s" pos="aq0cs0" postype="qualificative" wd="manual"/>
                </grup.a>
              </s.a>
            </grup.nom>
          </sn>
          <sp arg="argM" func="cc" tem="loc">
            <prep>
              <s lem="en" pos="sps00" postype="preposition" wd="en"/>
            </prep>
            <sn coreftype="ident" entity="entity15" entityref="ne" ne="location">
              <spec gen="m" num="p">
                <d gen="m" lem="todo" num="p" pos="di0mp0" postype="indefinite" wd="todos"/>
                <d gen="m" lem="el" num="p" pos="da0mp0" postype="article" wd="los"/>
              </spec>
              <grup.nom gen="m" num="p">
                <n gen="m" lem="condado" num="p" pos="ncmp000" postype="common" sense="16:06300934" wd="condados"/>
                <sp>
                  <prep>
                    <s lem="de" pos="sps00" postype="preposition" wd="de"/>
                  </prep>
                  <sn coreftype="ident" entity="entity8" entityref="ne" ne="location">
                    <grup.nom>
                      <n lem="Florida" ne="location" pos="np0000l" postype="proper" sense="16:06607388" wd="Florida"/>
                    </grup.nom>
                  </sn>
                </sp>
              </grup.nom>
            </sn>
          </sp>
        </S>
      </S>
    </S>
    <conj conjunctiontype="coordinating">
      <c lem="y" pos="cc" postype="coordinating" wd="y"/>
    </conj>
    <S>
      <sn arg="arg0" coreftype="ident" elliptic="yes" entity="entity3" entityref="spec" func="suj" tem="agt"/>
      <grup.verb>
        <v lem="citar" lss="A21.transitive-agentive-patient" mood="indicative" num="s" person="3" pos="vmis3s0" postype="main" tense="past" wd="citó"/>
      </grup.verb>
      <sn arg="arg1" entityref="nne" func="cd" homophoricDD="yes" tem="pat">
        <spec gen="f" num="s">
          <d gen="f" lem="el" num="s" pos="da0fs0" postype="article" wd="la"/>
        </spec>
        <grup.nom gen="f" num="s">
          <n gen="f" lem="incertidumbre" num="s" pos="ncfs000" postype="common" sense="16:05592642" wd="incertidumbre"/>
          <s.a gen="f" num="s">
            <grup.a gen="f" num="s">
              <a gen="c" lem="existente" num="s" pos="aq0cs0" postype="qualificative" wd="existente"/>
            </grup.a>
          </s.a>
          <sp coord="yes">
            <sp>
              <prep>
                <s lem="en" pos="sps00" postype="preposition" wd="en"/>
              </prep>
              <sn coreftype="ident" entity="entity16" entityref="spec">
                <spec gen="m" num="s">
                  <d gen="m" lem="el" num="s" pos="da0ms0" postype="article" wd="el"/>
                </spec>
                <grup.nom gen="m" num="s">
                  <n gen="m" lem="país" num="s" pos="ncms000" postype="common" sense="16:06074189" wd="país"/>
                </grup.nom>
              </sn>
            </sp>
            <conj conjunctiontype="coordinating">
              <c lem="y" pos="cc" postype="coordinating" wd="y"/>
            </conj>
            <sp>
              <prep>
                <s lem="en" pos="sps00" postype="preposition" wd="en"/>
              </prep>
              <sn entityref="nne" homophoricDD="yes">
                <spec gen="m" num="p">
                  <d gen="m" lem="el" num="p" pos="da0mp0" postype="article" wd="los"/>
                </spec>
                <grup.nom gen="m" num="p">
                  <n gen="m" lem="mercado" num="p" pos="ncmp000" postype="common" sense="16:00711063" wd="mercados"/>
                  <s.a gen="m" num="p">
                    <grup.a gen="m" num="p">
                      <a gen="c" lem="internacional" num="p" pos="aq0cp0" postype="qualificative" wd="internacionales"/>
                    </grup.a>
                  </s.a>
                </grup.nom>
              </sn>
            </sp>
          </sp>
        </grup.nom>
      </sn>
    </S>
    <f lem="." pos="fp" punct="period" wd="."/>
  </sentence>
  <sentence>
    <sn arg="arg0" entityref="nne" func="suj" tem="agt">
      <grup.nom gen="m" num="s">
        <p gen="m" lem="todo" num="s" pos="pi0ms000" postype="indefinite" wd="Todo"/>
      </grup.nom>
    </sn>
    <grup.verb>
      <v lem="apuntar" lss="A21.transitive-agentive-patient" mood="indicative" num="s" person="3" pos="vmip3s0" postype="main" tense="present" wd="apunta"/>
    </grup.verb>
    <sp arg="arg1" func="cd" tem="pat">
      <prep>
        <s lem="a" pos="sps00" postype="preposition" wd="a"/>
      </prep>
      <S clausetype="completive">
        <conj conjunctiontype="subordinating">
          <c lem="que" pos="cs" postype="subordinating" wd="que"/>
        </conj>
        <sn arg="arg1" coreftype="ident" entity="entity1" entityref="nne" func="suj" tem="tem">
          <spec gen="f" num="s">
            <d gen="f" lem="el" num="s" pos="da0fs0" postype="article" wd="la"/>
          </spec>
          <grup.nom gen="f" num="s">
            <n gen="f" lem="oferta" lexicalid="noun.oferta.1.default" num="s" origin="deverbal" pos="ncfs000" postype="common" sense="16:cs1" wd="oferta"/>
            <sp arg="arg0" func="cn" tem="agt">
              <prep>
                <s lem="de" pos="sps00" postype="preposition" wd="de"/>
              </prep>
              <sn coreftype="ident" entity="entity3" entityref="ne" ne="person">
                <grup.nom gen="m" num="s">
                  <n lem="Baker" ne="person" pos="np0000p" postype="proper" sense="16:cs1" wd="Baker"/>
                </grup.nom>
              </sn>
            </sp>
          </grup.nom>
        </sn>
        <grup.verb>
          <v lem="ser" lss="C21.state-attributive" mood="indicative" num="s" person="3" pos="vsif3s0" postype="semiauxiliary" tense="future" wd="será"/>
        </grup.verb>
        <S arg="arg2" clausetype="participle" func="atr" impersonal="yes" tem="atr">
          <participi>
            <a gen="f" lem="rechazado" lss="B22.unaccusative-passive-transitive" num="s" pos="aq0fsp" posfunction="participle" postype="qualificative" wd="rechazada"/>
          </participi>
          <sp arg="arg0" func="cag" tem="agt">
            <prep>
              <s lem="por" pos="sps00" postype="preposition" wd="por"/>
            </prep>
            <sn coreftype="ident" entity="entity10" entityref="nne" homophoricDD="yes">
              <spec gen="m" num="p">
                <d gen="m" lem="el" num="p" pos="da0mp0" postype="article" wd="los"/>
              </spec>
              <grup.nom gen="m" num="p">
                <n gen="c" lem="demócrata" num="p" pos="nccp000" postype="common" sense="16:07208789" wd="demócratas"/>
              </grup.nom>
            </sn>
          </sp>
        </S>
      </S>
    </sp>
    <S arg="argM" clausetype="adverbial" func="cc" tem="cau">
      <f lem="," pos="fc" punct="comma" wd=","/>
      <conj conjunctiontype="subordinating">
        <c lem="ya_que" pos="cs" postype="subordinating" wd="ya_que"/>
      </conj>
      <sn arg="arg1" coreftype="ident" elliptic="yes" entity="entity10" entityref="nne" func="suj" tem="tem"/>
      <grup.verb>
        <v lem="estar" lss="C21.state-attributive" mood="indicative" num="p" person="3" pos="vmip3p0" postype="main" tense="present" wd="están"/>
      </grup.verb>
      <sp arg="arg2" func="atr" tem="atr">
        <prep>
          <s lem="a_la_espera_de" pos="sps00" postype="preposition" wd="a_la_espera_de"/>
        </prep>
        <sn entity="entity18" entityref="nne" homophoricDD="yes">
          <spec gen="f" num="s">
            <d gen="f" lem="el" num="s" pos="da0fs0" postype="article" wd="la"/>
          </spec>
          <grup.nom gen="f" num="s">
            <n gen="f" lem="decisión" lexicalid="noun.decisión.5.default" num="s" origin="deverbal" pos="ncfs000" postype="common" sense="16:00105760" wd="decisión"/>
            <sp arg="arg0" func="cn" tem="agt">
              <prep>
                <s lem="de" pos="sps00" postype="preposition" wd="de"/>
              </prep>
              <sn entityref="nne">
                <spec gen="m" num="s">
                  <d gen="m" lem="uno" num="s" pos="di0ms0" postype="indefinite" wd="un"/>
                </spec>
                <grup.nom gen="m" num="s">
                  <n gen="c" lem="juez" num="s" pos="nccs000" postype="common" sense="16:07350806" wd="juez"/>
                </grup.nom>
              </sn>
            </sp>
            <sp arg="arg1" func="cn" tem="tem">
              <prep>
                <s lem="sobre" pos="sps00" postype="preposition" wd="sobre"/>
              </prep>
              <sn entity="entity17" entityref="nne" homophoricDD="yes">
                <spec gen="f" num="s">
                  <d gen="f" lem="el" num="s" pos="da0fs0" postype="article" wd="la"/>
                </spec>
                <grup.nom gen="f" num="s">
                  <n gen="f" lem="demanda" num="s" pos="ncfs000" postype="common" sense="16:05402928" wd="demanda"/>
                  <S clausetype="relative">
                    <relatiu arg="arg0" coreftype="ident" entity="entity17" entityref="nne" func="suj" tem="agt">
                      <p gen="c" lem="que" num="c" pos="pr0cn000" postype="relative" wd="que"/>
                    </relatiu>
                    <grup.verb>
                      <v lem="pedir" lss="A32.ditransitive-patient-benefactive" mood="indicative" num="s" person="3" pos="vmip3s0" postype="main" tense="present" wd="pide"/>
                    </grup.verb>
                    <S arg="arg1" clausetype="completive" func="cd" impersonal="yes" tem="pat">
                      <infinitiu>
                        <v lem="ampliar" lss="A11.transitive-causative" mood="infinitive" pos="vmn0000" postype="main" wd="ampliar"/>
                      </infinitiu>
                      <sn arg="arg1" entityref="nne" func="cd" homophoricDD="yes" tem="tem">
                        <spec gen="m" num="s">
                          <d gen="m" lem="el" num="s" pos="da0ms0" postype="article" wd="el"/>
                        </spec>
                        <grup.nom gen="m" num="s">
                          <n gen="m" lem="plazo" num="s" pos="ncms000" postype="common" sense="16:10935385" wd="plazo"/>
                          <sp>
                            <prep>
                              <s lem="de" pos="sps00" postype="preposition" wd="de"/>
                            </prep>
                            <sn coreftype="ident" entity="entity7" entityref="ne" ne="number">
                              <spec gen="f" num="p">
                                <d gen="f" lem="el" num="p" pos="da0fp0" postype="article" wd="las"/>
                              </spec>
                              <grup.nom gen="f" num="p">
                                <z lem="22.00" ne="number" wd="22.00"/>
                                <sn entityref="ne" ne="other">
                                  <grup.nom>
                                    <n lem="GMT" ne="other" pos="np0000a" postype="proper" sense="16:cs1" wd="GMT"/>
                                  </grup.nom>
                                </sn>
                                <sp>
                                  <prep>
                                    <s lem="de" pos="sps00" postype="preposition" wd="de"/>
                                  </prep>
                                  <sadv>
                                    <grup.adv>
                                      <r lem="hoy" pos="rg" wd="hoy"/>
                                    </grup.adv>
                                  </sadv>
                                </sp>
                              </grup.nom>
                            </sn>
                          </sp>
                          <sp>
                            <prep>
                              <s lem="para" pos="sps00" postype="preposition" wd="para"/>
                            </prep>
                            <sn entityref="nne" homophoricDD="yes">
                              <spec gen="f" num="s">
                                <d gen="f" lem="el" num="s" pos="da0fs0" postype="article" wd="la"/>
                              </spec>
                              <grup.nom gen="f" num="s">
                                <n gen="f" lem="entrega" lexicalid="noun.entrega.2.default" num="s" origin="deverbal" pos="ncfs000" postype="common" sense="16:00205732" wd="entrega"/>
                                <s.a func="cn" gen="f" num="s">
                                  <grup.a gen="f" num="s">
                                    <a gen="c" lem="oficial" num="s" pos="aq0cs0" postype="qualificative" wd="oficial"/>
                                  </grup.a>
                                </s.a>
                                <sp arg="arg1" func="cn" tem="pat">
                                  <prep>
                                    <s lem="de" pos="sps00" postype="preposition" wd="de"/>
                                  </prep>
                                  <sn coreftype="ident" entity="entity12" entityref="nne" homophoricDD="yes">
                                    <spec gen="m" num="p">
                                      <d gen="m" lem="el" num="p" pos="da0mp0" postype="article" wd="los"/>
                                    </spec>
                                    <grup.nom gen="m" num="p">
                                      <n gen="m" lem="resultado" lexicalid="noun.resultado.3.default" num="p" origin="deverbal" pos="ncmp000" postype="common" sense="16:09768132" wd="resultados"/>
                                      <sp arg="arg3" func="cn" tem="ori">
                                        <prep>
                                          <s lem="de" pos="sps00" postype="preposition" wd="de"/>
                                        </prep>
                                        <sn coreftype="ident" entity="entity15" entityref="nne">
                                          <spec gen="m" num="p">
                                            <d gen="m" lem="el" num="p" pos="da0mp0" postype="article" wd="los"/>
                                          </spec>
                                          <grup.nom gen="m" num="p">
                                            <n gen="m" lem="condado" num="p" pos="ncmp000" postype="common" sense="16:06300934" wd="condados"/>
                                          </grup.nom>
                                        </sn>
                                      </sp>
                                    </grup.nom>
                                  </sn>
                                </sp>
                              </grup.nom>
                            </sn>
                          </sp>
                        </grup.nom>
                      </sn>
                    </S>
                  </S>
                </grup.nom>
              </sn>
            </sp>
          </grup.nom>
        </sn>
      </sp>
    </S>
    <f lem="." pos="fp" punct="period" wd="."/>
  </sentence>
  <sentence>
    <sn arg="arg0" entityref="ne" func="suj" ne="organization" tem="agt">
      <spec gen="m" num="s">
        <d gen="m" lem="el" num="s" pos="da0ms0" postype="article" wd="El"/>
      </spec>
      <grup.nom gen="m" num="s">
        <n gen="m" lem="condado" num="s" pos="ncms000" postype="common" sense="16:06300934" wd="condado"/>
        <sp>
          <prep>
            <s lem="de" pos="sps00" postype="preposition" wd="de"/>
          </prep>
          <sn entityref="ne" ne="location">
            <grup.nom>
              <n lem="Palm_Beach" ne="location" pos="np0000l" postype="proper" sense="16:cs1" wd="Palm_Beach"/>
            </grup.nom>
          </sn>
        </sp>
      </grup.nom>
    </sn>
    <grup.verb>
      <v lem="decidir" lss="A21.transitive-agentive-patient" mood="indicative" num="s" person="3" pos="vmis3s0" postype="main" tense="past" wd="decidió"/>
    </grup.verb>
    <sadv arg="argM" func="cc" tem="tmp">
      <grup.adv>
        <r lem="hoy" pos="rg" wd="hoy"/>
      </grup.adv>
    </sadv>
    <S arg="arg1" clausetype="completive" func="cd" impersonal="yes" tem="pat">
      <infinitiu>
        <v lem="suspender" lss="A21.transitive-agentive-patient" mood="infinitive" pos="vmn0000" postype="main" wd="suspender"/>
      </infinitiu>
      <sn arg="arg1" entity="entity21" entityref="nne" func="cd" tem="pat">
        <spec gen="m" num="s">
          <d gen="m" lem="el" num="s" pos="da0ms0" postype="article" wd="el"/>
        </spec>
        <grup.nom gen="m" num="s">
          <n gen="m" lem="recuento" lexicalid="noun.recuento.1.default" num="s" origin="deverbal" pos="ncms000" postype="common" sense="16:09766572" wd="recuento"/>
          <s.a func="cn" gen="m" num="s">
            <grup.a gen="m" num="s">
              <a gen="c" lem="manual" num="s" pos="aq0cs0" postype="qualificative" wd="manual"/>
            </grup.a>
          </s.a>
        </grup.nom>
      </sn>
      <sp arg="argM" func="cc" tem="adv">
        <prep>
          <s lem="a_la_espera_de" pos="sps00" postype="preposition" wd="a_la_espera_de"/>
        </prep>
        <S clausetype="completive" impersonal="yes">
          <infinitiu>
            <v lem="conocer" lss="A21.transitive-agentive-patient" mood="infinitive" pos="vmn0000" postype="main" wd="conocer"/>
          </infinitiu>
          <sn arg="arg1" coreftype="ident" entity="entity18" entityref="nne" func="cd" homophoricDD="yes" tem="pat">
            <spec gen="f" num="s">
              <d gen="f" lem="el" num="s" pos="da0fs0" postype="article" wd="la"/>
            </spec>
            <grup.nom gen="f" num="s">
              <n gen="f" lem="opinión" lexicalid="noun.opinión.1.default" num="s" origin="deverbal" pos="ncfs000" postype="common" sense="16:04495853" wd="opinión"/>
              <s.a arg="arg0" func="cn" gen="f" num="s" tem="agt">
                <grup.a gen="f" num="s">
                  <a gen="c" lem="judicial" num="s" pos="aq0cs0" postype="qualificative" wd="judicial"/>
                </grup.a>
              </s.a>
              <sp arg="arg2" func="cn" tem="tem">
                <prep>
                  <s lem="sobre" pos="sps00" postype="preposition" wd="sobre"/>
                </prep>
                <sn entityref="nne">
                  <spec gen="f" num="s">
                    <d coreftype="ident" entity="entity21" entityref="nne" gen="c" lem="su" num="s" person="3" pos="dp3cs0" postype="possessive" wd="su"/>
                  </spec>
                  <grup.nom gen="f" num="s">
                    <n gen="f" lem="validez" num="s" pos="ncfs000" postype="common" sense="16:03773162" wd="validez"/>
                  </grup.nom>
                </sn>
              </sp>
            </grup.nom>
          </sn>
        </S>
      </sp>
    </S>
    <f lem="." pos="fp" punct="period" wd="."/>
  </sentence>
  <sentence>
    <sp arg="argM" func="cc" tem="adv">
      <prep>
        <s lem="a_la_espera_de" pos="sps00" postype="preposition" wd="A_la_espera_de"/>
      </prep>
      <sn coreftype="ident" entity="entity18" entityref="nne" homophoricDD="yes">
        <spec gen="f" num="p">
          <d gen="f" lem="el" num="p" pos="da0fp0" postype="article" wd="las"/>
        </spec>
        <grup.nom gen="f" num="p">
          <n gen="f" lem="decisión" lexicalid="noun.decisión.1.default" num="p" origin="deverbal" pos="ncfp000" postype="common" sense="16:00105760" wd="decisiones"/>
          <sp arg="arg0" func="cn" tem="agt">
            <prep>
              <s lem="de" pos="sps00" postype="preposition" wd="de"/>
            </prep>
            <sn entityref="nne">
              <spec gen="m" num="p">
                <d gen="m" lem="el" num="p" pos="da0mp0" postype="article" wd="los"/>
              </spec>
              <grup.nom gen="m" num="p">
                <n gen="c" lem="juez" num="p" pos="nccp000" postype="common" sense="16:07350806" wd="jueces"/>
              </grup.nom>
            </sn>
          </sp>
        </grup.nom>
      </sn>
      <f lem="," pos="fc" punct="comma" wd=","/>
    </sp>
    <sn arg="arg1" coreftype="ident" entity="entity16" entityref="ne" func="suj" ne="organization" tem="tem">
      <grup.nom>
        <n lem="Estados_Unidos" ne="organization" pos="np0000o" postype="proper" wd="Estados_Unidos"/>
      </grup.nom>
    </sn>
    <grup.verb>
      <v lem="volver" mood="indicative" num="s" person="3" pos="vmip3s0" postype="main" tense="present" wd="vuelve"/>
      <sadv>
        <grup.adv>
          <r lem="hoy" pos="rg" wd="hoy"/>
        </grup.adv>
      </sadv>
      <s lem="a" pos="sps00" postype="preposition" wd="a"/>
      <infinitiu>
        <v lem="vivir" lss="C21.state-attributive" mood="infinitive" pos="vmn0000" postype="main" wd="vivir"/>
      </infinitiu>
    </grup.verb>
    <sn arg="arg2" entityref="nne" func="cd" functype="quantitative" tem="atr">
      <spec gen="f" num="s">
        <d gen="f" lem="uno" num="s" pos="di0fs0" postype="indefinite" wd="una"/>
      </spec>
      <grup.nom gen="f" num="s">
        <n gen="f" lem="jornada" num="s" pos="ncfs000" postype="common" sense="16:10883946" wd="jornada"/>
        <s.a gen="f" num="s">
          <grup.a gen="f" num="s">
            <a gen="c" lem="pendiente" num="s" pos="aq0cs0" postype="qualificative" wd="pendiente"/>
            <sp>
              <prep>
                <s lem="de" pos="sps00" postype="preposition" wd="de"/>
              </prep>
              <sn entityref="nne" homophoricDD="yes">
                <spec gen="m" num="s">
                  <d gen="c" lem="el" num="s" pos="da0ns0" postype="article" wd="lo"/>
                </spec>
                <grup.nom gen="m" num="s">
                  <S clausetype="relative">
                    <relatiu arg="arg1" func="suj" tem="tem">
                      <p gen="c" lem="que" num="c" pos="pr0cn000" postype="relative" wd="que"/>
                    </relatiu>
                    <grup.verb>
                      <v lem="ocurrir" lss="C41.state-benefactive" mood="indicative" num="s" person="3" pos="vmip3s0" postype="main" tense="present" wd="ocurre"/>
                    </grup.verb>
                    <sp arg="argM" func="cc" tem="loc">
                      <prep>
                        <s lem="en" pos="sps00" postype="preposition" wd="en"/>
                      </prep>
                      <sn coreftype="ident" entity="entity8" entityref="ne" ne="location">
                        <grup.nom>
                          <n lem="Florida" ne="location" pos="np0000l" postype="proper" sense="16:06607388" wd="Florida"/>
                        </grup.nom>
                      </sn>
                    </sp>
                    <sp arg="argM" func="cc" tem="loc">
                      <prep>
                        <s lem="en" pos="sps00" postype="preposition" wd="en"/>
                      </prep>
                      <sn entityref="nne" homophoricDD="yes">
                        <spec gen="m" num="p">
                          <d gen="m" lem="el" num="p" pos="da0mp0" postype="article" wd="los"/>
                          <d gen="c" lem="diferente" num="p" pos="di0cp0" postype="indefinite" wd="diferentes"/>
                        </spec>
                        <grup.nom gen="f" num="p">
                          <n gen="f" lem="frente" num="p" pos="ncfp000" postype="common" sense="16:06320533" wd="frentes"/>
                          <sp coord="yes">
                            <f lem=":" pos="fd" punct="colon" wd=":"/>
                            <conj conjunctiontype="coordinating">
                              <r lem="tanto" pos="rg" wd="tanto"/>
                            </conj>
                            <sp>
                              <prep>
                                <s lem="en" pos="sps00" postype="preposition" wd="en"/>
                              </prep>
                              <sn entity="entity19" entityref="ne" ne="location">
                                <spec gen="f" num="s">
                                  <d gen="f" lem="el" num="s" pos="da0fs0" postype="article" wd="la"/>
                                </spec>
                                <grup.nom gen="f" num="s">
                                  <n gen="f" lem="capital" num="s" pos="ncfs000" postype="common" sense="16:06283013" wd="capital"/>
                                  <sp>
                                    <prep>
                                      <s contracted="yes" gen="m" lem="del" num="s" pos="spcms" postype="preposition" wd="del"/>
                                    </prep>
                                    <sn coreftype="ident" entity="entity8" entityref="spec">
                                      <grup.nom gen="m" num="s">
                                        <n gen="m" lem="estado" num="s" pos="ncms000" postype="common" sense="16:06374245" wd="estado"/>
                                      </grup.nom>
                                    </sn>
                                  </sp>
                                  <sn corefsubtype="definit" coreftype="pred" entity="entity19" entityref="ne" ne="location">
                                    <f lem="," pos="fc" punct="comma" wd=","/>
                                    <grup.nom gen="f" num="s">
                                      <n lem="Tallahassee" ne="location" pos="np0000l" postype="proper" sense="16:cs1" wd="Tallahassee"/>
                                    </grup.nom>
                                    <f lem="," pos="fc" punct="comma" wd=","/>
                                  </sn>
                                </grup.nom>
                              </sn>
                            </sp>
                            <conj conjunctiontype="coordinating">
                              <c lem="como" pos="cs" postype="subordinating" wd="como"/>
                            </conj>
                            <sp>
                              <prep>
                                <s lem="en" pos="sps00" postype="preposition" wd="en"/>
                              </prep>
                              <sn entity="entity20" entityref="nne" homophoricDD="yes">
                                <spec gen="m" num="p">
                                  <d gen="m" lem="el" num="p" pos="da0mp0" postype="article" wd="los"/>
                                </spec>
                                <grup.nom gen="m" num="p">
                                  <n gen="m" lem="condado" num="p" pos="ncmp000" postype="common" sense="16:06300934" wd="condados"/>
                                  <S clausetype="relative">
                                    <relatiu arg="argM" coreftype="ident" entity="entity20" entityref="nne" func="cc" tem="loc">
                                      <p gen="c" lem="donde" num="c" pos="pr000000" postype="relative" wd="donde"/>
                                    </relatiu>
                                    <grup.verb>
                                      <v lem="estar" lss="C21.state-attributive" mood="indicative" num="s" person="3" pos="vmii3s0" postype="main" tense="imperfect" wd="estaba"/>
                                    </grup.verb>
                                    <S arg="arg2" clausetype="participle" func="atr" impersonal="yes" tem="atr">
                                      <participi>
                                        <a gen="m" lem="previsto" num="s" pos="aq0msp" posfunction="participle" postype="qualificative" wd="previsto"/>
                                      </participi>
                                    </S>
                                    <S arg="arg1" clausetype="completive" func="suj" impersonal="yes" tem="tem">
                                      <infinitiu>
                                        <v lem="hacer" lss="A21.transitive-agentive-patient" mood="infinitive" pos="vmn0000" postype="main" wd="hacer"/>
                                      </infinitiu>
                                      <sn arg="arg1" entityref="nne" func="cd" tem="pat">
                                        <spec gen="m" num="s">
                                          <d gen="m" lem="uno" num="s" pos="di0ms0" postype="indefinite" wd="un"/>
                                        </spec>
                                        <grup.nom gen="m" num="s">
                                          <n gen="m" lem="recuento" lexicalid="noun.recuento.1.default" num="s" origin="deverbal" pos="ncms000" postype="common" sense="16:09766572" wd="recuento"/>
                                          <s.a func="cn" gen="m" num="s">
                                            <grup.a gen="m" num="s">
                                              <a gen="c" lem="manual" num="s" pos="aq0cs0" postype="qualificative" wd="manual"/>
                                            </grup.a>
                                          </s.a>
                                          <sp arg="arg1" func="cn" tem="pat">
                                            <prep>
                                              <s lem="de" pos="sps00" postype="preposition" wd="de"/>
                                            </prep>
                                            <sn entityref="nne">
                                              <spec gen="m" num="p">
                                                <d gen="m" lem="el" num="p" pos="da0mp0" postype="article" wd="los"/>
                                              </spec>
                                              <grup.nom gen="m" num="p">
                                                <n gen="m" lem="sufragio" num="p" pos="ncmp000" postype="common" sense="16:04039297" wd="sufragios"/>
                                              </grup.nom>
                                            </sn>
                                          </sp>
                                        </grup.nom>
                                      </sn>
                                    </S>
                                  </S>
                                </grup.nom>
                              </sn>
                            </sp>
                          </sp>
                        </grup.nom>
                      </sn>
                    </sp>
                  </S>
                </grup.nom>
              </sn>
            </sp>
          </grup.a>
        </s.a>
      </grup.nom>
    </sn>
    <f lem="." pos="fp" punct="period" wd="."/>
  </sentence>
</article>
