<?xml version="1.0" encoding="UTF-8"?>
<!-- 

  ancora-2.0
       
			Copyright (C) 2007, 2008, 2009, 2010, 2011 UB - CLiC
			Centre de Llenguatge i Computació - Universitat de Barcelona
 
  This file is part of ancora-2.0.
 
  ancora-2.0 is free software and data: you can redistribute it and/or modify
  it under the terms of the GNU General Public License as published
  by the Free Software Foundation, either version 3 of the License,
  or (at your option) any later version.

  ancora-2.0 is distributed in the hope that it will be useful,
  but WITHOUT ANY WARRANTY; without even the implied warranty of
  MERCHANTABILITY or FITNESS FOR A PARTICULAR PURPOSE.  See the
  GNU General Public License for more details.
 
  You should have received a copy of the GNU General Public License
  along with ancora-2.0.  If not, see &lt;http://www.gnu.org/licenses/&gt;.
 
  Check a text in catalan explaining the terms of the license at http://www.softcatala.cat/wiki/GPL3.
  In spanish at http://www.viti.es/gnu/licenses/gpl.html
 

  The following paper must be cited when using this corpus:

 * Taulé, M., M.A. Martí, M. Recasens (2008) 'Ancora: Multilevel Annotated Corpora for Catalan and Spanish',
   Proceedings of 6th International Conference on Language Resources and Evaluation. Marrakesh (Morocco).

  In addition, the following paper must be cited if coreference information (attributes entity, coreftype,
  corefsubtype, homophoricDD or entityref) is used:

 * Recasens, Marta, M. Antònia Martí (2010) ‘AnCora-CO: Coreferentially annotated corpora for Spanish and
   Catalan’. Language Resources and Evaluation, Springer Science.

  Additionally, the following paper must be cited when argumental attributes in "sn" or "grup.nom"
  (attributes func, arg, tem or lexicalid) are used:

 * Peris, Aina, Mariona Taulé, Horacio Rodríguez (2010) ‘Semantic Annotation of Deverbal Nominalizations in the
   Spanish AnCora corpus’. Treebanks and Linguistic Theories (TLT-2010), Estonia.
-->
<article lng="es">
  <sentence coord="yes">
    <S>
      <sn arg="arg0" entity="entity1" entityref="spec" func="suj" tem="agt">
        <spec gen="m" num="p">
          <d gen="m" lem="el" num="p" pos="da0mp0" postype="article" wd="Los"/>
          <d gen="c" lem="dos" num="p" pos="dn0cp0" postype="numeral" wd="dos"/>
        </spec>
        <grup.nom gen="m" num="p">
          <n gen="m" lem="sindicato" num="p" pos="ncmp000" postype="common" sense="16:06112041" wd="sindicatos"/>
          <s.a gen="m" num="p">
            <grup.a gen="m" num="p">
              <a gen="m" lem="mayoritario" num="p" pos="aq0mp0" postype="qualificative" wd="mayoritarios"/>
            </grup.a>
          </s.a>
        </grup.nom>
      </sn>
      <grup.verb>
        <v lem="expresar" lss="A32.ditransitive-patient-benefactive" mood="indicative" num="p" person="3" pos="vmis3p0" postype="main" tense="past" wd="expresaron"/>
      </grup.verb>
      <sadv arg="argM" func="cc" tem="tmp">
        <grup.adv>
          <r lem="hoy" pos="rg" wd="hoy"/>
        </grup.adv>
      </sadv>
      <sn arg="arg1" entityref="nne" func="cd" tem="pat">
        <spec arg="arg0" gen="m" num="s" tem="agt">
          <d coreftype="ident" entity="entity1" entityref="spec" gen="c" lem="su" num="s" person="3" pos="dp3cs0" postype="possessive" wd="su"/>
        </spec>
        <grup.nom gen="m" num="s">
          <n gen="m" lem="desacuerdo" lexicalid="noun.desacuerdo.1.default" num="s" origin="deverbal" pos="ncms000" postype="common" sense="16:05368405" wd="desacuerdo"/>
          <sp arg="arg1" func="cn" tem="pat">
            <prep>
              <s lem="con" pos="sps00" postype="preposition" wd="con"/>
            </prep>
            <sn entity="entity6" entityref="nne" homophoricDD="yes">
              <spec gen="f" num="s">
                <d gen="f" lem="el" num="s" pos="da0fs0" postype="article" wd="la"/>
              </spec>
              <grup.nom gen="f" num="s">
                <n gen="f" lem="venta" lexicalid="noun.venta.2.default" num="s" origin="deverbal" pos="ncfs000" postype="common" sense="16:00723154" wd="venta"/>
                <sp arg="arg1" func="cn" tem="pat">
                  <prep>
                    <s lem="de" pos="sps00" postype="preposition" wd="de"/>
                  </prep>
                  <sn entity="entity9" entityref="ne" ne="organization">
                    <spec gen="f" num="s">
                      <d gen="f" lem="el" num="s" pos="da0fs0" postype="article" wd="la"/>
                    </spec>
                    <grup.nom gen="f" num="s">
                      <n gen="f" lem="empresa" num="s" pos="ncfs000" postype="common" sense="16:06004580" wd="empresa"/>
                      <s.a gen="f" num="s">
                        <grup.a gen="f" num="s">
                          <a gen="c" lem="estatal" num="s" pos="aq0cs0" postype="qualificative" wd="estatal"/>
                        </grup.a>
                      </s.a>
                      <sp>
                        <prep>
                          <s lem="de" pos="sps00" postype="preposition" wd="de"/>
                        </prep>
                        <sn>
                          <grup.nom gen="f" num="p">
                            <n gen="f" lem="arma" num="p" pos="ncfp000" postype="common" sense="16:03601056" wd="armas"/>
                          </grup.nom>
                        </sn>
                      </sp>
                      <sn entityref="ne" ne="organization">
                        <grup.nom gen="f" num="s">
                          <n lem="Santa_Bárbara" ne="organization" pos="np0000o" postype="proper" sense="16:50005594" wd="Santa_Bárbara"/>
                        </grup.nom>
                      </sn>
                    </grup.nom>
                  </sn>
                </sp>
                <sp arg="arg2" func="cn" tem="ben">
                  <prep>
                    <s lem="a" pos="sps00" postype="preposition" wd="a"/>
                  </prep>
                  <sn entity="entity2" entityref="ne" ne="organization">
                    <grup.nom>
                      <n lem="General_Dynamics" ne="organization" pos="np0000o" postype="proper" sense="16:cs1" wd="General_Dynamics"/>
                    </grup.nom>
                  </sn>
                </sp>
              </grup.nom>
            </sn>
          </sp>
        </grup.nom>
      </sn>
      <f lem="," pos="fc" punct="comma" wd=","/>
    </S>
    <conj conjunctiontype="coordinating">
      <c lem="pero" pos="cc" postype="coordinating" wd="pero"/>
    </conj>
    <S>
      <sn arg="arg1" coreftype="ident" elliptic="yes" entity="entity1" entityref="spec" func="suj" tem="tem"/>
      <morfema.pronominal>
        <p gen="c" lem="él" num="c" person="3" pos="p0300000" wd="se"/>
      </morfema.pronominal>
      <grup.verb>
        <v lem="mostrar" lss="C21.state-attributive" mood="indicative" num="p" person="3" pos="vmis3p0" postype="main" tense="past" wd="mostraron"/>
      </grup.verb>
      <S arg="arg2" clausetype="participle" func="cpred" impersonal="yes" predicate="suj" tem="atr">
        <participi>
          <a gen="m" lem="dispuesto" lss="B21.unaccusative-state" num="p" pos="aq0mpp" posfunction="participle" postype="qualificative" wd="dispuestos"/>
        </participi>
        <sp arg="arg1" func="creg" tem="tem">
          <prep>
            <s lem="a" pos="sps00" postype="preposition" wd="a"/>
          </prep>
          <S clausetype="completive" impersonal="yes">
            <infinitiu>
              <v lem="negociar" lss="A21.transitive-agentive-patient" mood="infinitive" pos="vmn0000" postype="main" wd="negociar"/>
            </infinitiu>
            <sn arg="arg1" entity="entity8" entityref="nne" func="cd" tem="pat">
              <spec gen="m" num="s">
                <d gen="m" lem="uno" num="s" pos="di0ms0" postype="indefinite" wd="un"/>
              </spec>
              <grup.nom gen="m" num="s">
                <n gen="m" lem="plan" num="s" pos="ncms000" postype="common" sense="16:04533598" wd="plan"/>
                <sp>
                  <prep>
                    <s lem="de" pos="sps00" postype="preposition" wd="de"/>
                  </prep>
                  <sn>
                    <grup.nom gen="m" num="s">
                      <n gen="m" lem="futuro" num="s" pos="ncms000" postype="common" sense="16:10849807" wd="futuro"/>
                    </grup.nom>
                  </sn>
                </sp>
              </grup.nom>
            </sn>
            <sp arg="argM" func="cc" tem="adv">
              <prep>
                <s lem="con" pos="sps00" postype="preposition" wd="con"/>
              </prep>
              <sn coreftype="ident" entity="entity2" entityref="nne">
                <spec gen="f" num="s">
                  <d gen="f" lem="el" num="s" pos="da0fs0" postype="article" wd="la"/>
                </spec>
                <grup.nom gen="f" num="s">
                  <n gen="f" lem="multinacional" num="s" pos="ncfs000" postype="common" sense="16:cs1" wd="multinacional"/>
                  <s.a gen="f" num="s">
                    <grup.a gen="f" num="s">
                      <a gen="c" lem="estadounidense" num="s" pos="aq0cs0" postype="qualificative" wd="estadounidense"/>
                    </grup.a>
                  </s.a>
                </grup.nom>
              </sn>
            </sp>
          </S>
        </sp>
      </S>
    </S>
    <f lem="." pos="fp" punct="period" wd="."/>
  </sentence>
  <sentence coord="yes">
    <S>
      <sn arg="arg0" entity="entity3" entityref="ne" func="suj" ne="person" tem="agt">
        <spec gen="m" num="s">
          <d gen="m" lem="el" num="s" pos="da0ms0" postype="article" wd="El"/>
        </spec>
        <grup.nom gen="m" num="s">
          <n gen="m" lem="secretario" num="s" pos="ncms000" postype="common" sense="16:07556672" wd="secretario"/>
          <sp>
            <prep>
              <s lem="de" pos="sps00" postype="preposition" wd="de"/>
            </prep>
            <sn>
              <grup.nom gen="f" num="s">
                <n gen="f" lem="política" num="s" pos="ncfs000" postype="common" sense="16:04991678" wd="política"/>
                <s.a gen="f" num="s">
                  <grup.a gen="f" num="s">
                    <a gen="c" lem="industrial" num="s" pos="aq0cs0" postype="qualificative" wd="industrial"/>
                  </grup.a>
                </s.a>
              </grup.nom>
            </sn>
          </sp>
          <sp>
            <prep>
              <s lem="de" pos="sps00" postype="preposition" wd="de"/>
            </prep>
            <sn entity="entity4" entityref="ne" ne="organization">
              <spec gen="f" num="s">
                <d gen="f" lem="el" num="s" pos="da0fs0" postype="article" wd="la"/>
              </spec>
              <grup.nom gen="f" num="s">
                <n lem="Federación_del_Metal_de_CCOO" ne="organization" pos="np0000o" postype="proper" sense="16:cs1" wd="Federación_del_Metal_de_CCOO"/>
              </grup.nom>
            </sn>
          </sp>
          <sn corefsubtype="definit" coreftype="pred" entity="entity3" entityref="ne" ne="person">
            <f lem="," pos="fc" punct="comma" wd=","/>
            <grup.nom gen="m" num="s">
              <n lem="Ramón_Gorri" ne="person" pos="np0000p" postype="proper" sense="16:cs1" wd="Ramón_Gorri"/>
            </grup.nom>
            <f lem="," pos="fc" punct="comma" wd=","/>
          </sn>
        </grup.nom>
      </sn>
      <grup.verb>
        <v lem="manifestar" lss="A32.ditransitive-patient-benefactive" mood="indicative" num="s" person="3" pos="vmis3s0" postype="main" tense="past" wd="manifestó"/>
      </grup.verb>
      <sn arg="arg1" entityref="nne" func="cd" homophoricDD="yes" tem="pat">
        <spec gen="m" num="s">
          <d gen="m" lem="el" num="s" pos="da0ms0" postype="article" wd="el"/>
        </spec>
        <grup.nom gen="m" num="s">
          <n gen="m" lem="malestar" num="s" pos="ncms000" postype="common" sense="16:10335257" wd="malestar"/>
          <sp>
            <prep>
              <s lem="de" pos="sps00" postype="preposition" wd="de"/>
            </prep>
            <sn coreftype="ident" entity="entity4" entityref="spec">
              <spec arg="arg0" gen="f" num="s" tem="agt">
                <d coreftype="ident" entity="entity3" entityref="spec" gen="c" lem="su" num="s" person="3" pos="dp3cs0" postype="possessive" wd="su"/>
              </spec>
              <grup.nom gen="f" num="s">
                <n gen="f" lem="organización" lexicalid="noun.organización.1.default" num="s" origin="deverbal" pos="ncfs000" postype="common" sense="16:05997592" wd="organización"/>
              </grup.nom>
            </sn>
          </sp>
          <sp>
            <prep>
              <s lem="por" pos="sps00" postype="preposition" wd="por"/>
            </prep>
            <sn entity="entity5" entityref="nne" homophoricDD="yes">
              <spec gen="f" num="s">
                <d gen="f" lem="el" num="s" pos="da0fs0" postype="article" wd="la"/>
              </spec>
              <grup.nom gen="f" num="s">
                <n gen="f" lem="falta" lexicalid="noun.falta.1.default" num="s" origin="deverbal" pos="ncfs000" postype="common" sense="16:cs1" wd="falta"/>
                <sp arg="arg1" func="cn" tem="tem">
                  <prep>
                    <s lem="de" pos="sps00" postype="preposition" wd="de"/>
                  </prep>
                  <sn>
                    <grup.nom gen="f" num="s">
                      <n gen="f" lem="transparencia" lexicalid="noun.transparencia.1.default" num="s" origin="deverbal" pos="ncfs000" postype="common" sense="16:03779450" wd="transparencia"/>
                      <S clausetype="relative" func="cn">
                        <sp arg="argM" func="cc" tem="adv">
                          <prep>
                            <s lem="con" pos="sps00" postype="preposition" wd="con"/>
                          </prep>
                          <relatiu coreftype="ident" entity="entity5" entityref="nne">
                            <p gen="c" lem="que" num="c" pos="pr0cn000" postype="relative" wd="que"/>
                          </relatiu>
                        </sp>
                        <sp func="ao">
                          <f lem="," pos="fc" punct="comma" wd=","/>
                          <prep>
                            <s lem="a" pos="sps00" postype="preposition" wd="a"/>
                          </prep>
                          <sn entityref="lex">
                            <spec arg="arg0" gen="m" num="s" tem="agt">
                              <d coreftype="ident" entity="entity3" entityref="spec" gen="c" lem="su" num="s" person="3" pos="dp3cs0" postype="possessive" wd="su"/>
                            </spec>
                            <grup.nom gen="m" num="s">
                              <n gen="m" lem="juicio" lexicalid="noun.juicio.1.default" num="s" origin="deverbal" pos="ncms000" postype="common" sense="16:04495853" wd="juicio"/>
                            </grup.nom>
                          </sn>
                          <f lem="," pos="fc" punct="comma" wd=","/>
                        </sp>
                        <morfema.verbal func="pass">
                          <p gen="c" lem="se" num="c" pos="p0000000" wd="se"/>
                        </morfema.verbal>
                        <grup.verb>
                          <v lem="haber" mood="indicative" num="s" person="3" pos="vaip3s0" postype="auxiliary" tense="present" wd="ha"/>
                          <v gen="m" lem="llevar_a_cabo" lss="B22.unaccusative-passive-transitive" mood="participle" num="s" pos="vmp00sm" postype="main" wd="llevado_a_cabo"/>
                        </grup.verb>
                        <sn arg="arg1" coreftype="ident" entity="entity6" entityref="nne" func="suj" tem="pat">
                          <spec gen="f" num="s">
                            <d gen="f" lem="el" num="s" pos="da0fs0" postype="article" wd="la"/>
                          </spec>
                          <grup.nom gen="f" num="s">
                            <n gen="f" lem="operación" lexicalid="noun.operación.4.default" num="s" origin="deverbal" pos="ncfs000" postype="common" sense="16:00709934" wd="operación"/>
                          </grup.nom>
                        </sn>
                      </S>
                    </grup.nom>
                  </sn>
                </sp>
              </grup.nom>
            </sn>
          </sp>
        </grup.nom>
      </sn>
    </S>
    <conj conjunctiontype="coordinating">
      <c lem="y" pos="cc" postype="coordinating" wd="y"/>
    </conj>
    <S>
      <sn arg="arg0" coreftype="ident" elliptic="yes" entity="entity3" entityref="spec" func="suj" tem="agt"/>
      <grup.verb>
        <v lem="acusar" lss="A34.ditransitive-patient-theme" mood="indicative" num="s" person="3" pos="vmis3s0" postype="main" tense="past" wd="acusó"/>
      </grup.verb>
      <sp arg="arg1" func="cd" tem="pat">
        <prep>
          <s lem="a" pos="sps00" postype="preposition" wd="a"/>
        </prep>
        <sn entity="entity7" entityref="ne" ne="organization">
          <spec gen="f" num="s">
            <d gen="f" lem="el" num="s" pos="da0fs0" postype="article" wd="la"/>
          </spec>
          <grup.nom gen="f" num="s">
            <n lem="Sociedad_Estatal_de_Participaciones_Industriales" ne="organization" pos="np0000o" postype="proper" sense="16:cs1" wd="Sociedad_Estatal_de_Participaciones_Industriales"/>
            <sn corefsubtype="definit" coreftype="pred" entity="entity7" entityref="ne" ne="organization">
              <grup.nom gen="f" num="s">
                <f lem="(" pos="fpa" punct="bracket" punctenclose="open" wd="("/>
                <n lem="SEPI" ne="organization" pos="np0000o" postype="proper" sense="16:cs1" wd="SEPI"/>
                <f lem=")" pos="fpt" punct="bracket" punctenclose="close" wd=")"/>
              </grup.nom>
            </sn>
          </grup.nom>
        </sn>
      </sp>
      <sp arg="arg2" func="creg" tem="tem">
        <prep>
          <s lem="de" pos="sps00" postype="preposition" wd="de"/>
        </prep>
        <S clausetype="completive" impersonal="yes">
          <infinitiu>
            <v lem="haber" mood="infinitive" pos="van0000" postype="auxiliary" wd="haber"/>
            <v gen="m" lem="actuar" lss="D11.inergative-agentive" mood="participle" num="s" pos="vmp00sm" postype="main" wd="actuado"/>
          </infinitiu>
          <sadv arg="argM" func="cc" tem="adv">
            <grup.adv>
              <r lem="al_margen" pos="rg" wd="al_margen"/>
              <sp>
                <prep>
                  <s lem="de" pos="sps00" postype="preposition" wd="de"/>
                </prep>
                <sn entityref="nne" homophoricDD="yes">
                  <spec gen="m" num="p">
                    <d gen="m" lem="el" num="p" pos="da0mp0" postype="article" wd="los"/>
                  </spec>
                  <grup.nom gen="m" num="p">
                    <n gen="m" lem="sindicato" num="p" pos="ncmp000" postype="common" sense="16:06112041" wd="sindicatos"/>
                  </grup.nom>
                </sn>
              </sp>
            </grup.adv>
          </sadv>
        </S>
      </sp>
    </S>
    <f lem="." pos="fp" punct="period" wd="."/>
  </sentence>
  <sentence coord="yes">
    <S>
      <sn arg="arg0" coreftype="ident" entity="entity3" entityref="ne" func="suj" ne="person" tem="agt">
        <grup.nom gen="m" num="s">
          <n lem="Gorri" ne="person" pos="np0000p" postype="proper" sense="16:cs1" wd="Gorri"/>
        </grup.nom>
      </sn>
      <grup.verb>
        <v lem="señalar" lss="A31.ditransitive-patient-locative" mood="indicative" num="s" person="3" pos="vmis3s0" postype="main" tense="past" wd="señaló"/>
      </grup.verb>
      <S arg="arg1" clausetype="completive" func="cd" tem="pat">
        <conj conjunctiontype="subordinating">
          <c lem="que" pos="cs" postype="subordinating" wd="que"/>
        </conj>
        <sn arg="arg0" complex="yes" coreftype="ident" entity="entity1" func="suj" tem="agt">
          <grup.nom coord="yes">
            <grup.nom entity="entity11">
              <n lem="CCOO" ne="organization" pos="np0000o" postype="proper" sense="16:50001231" wd="CCOO"/>
            </grup.nom>
            <conj conjunctiontype="coordinating">
              <c lem="y" pos="cc" postype="coordinating" wd="y"/>
            </conj>
            <grup.nom>
              <n lem="UGT" ne="organization" pos="np0000o" postype="proper" sense="16:50001232" wd="UGT"/>
            </grup.nom>
          </grup.nom>
        </sn>
        <grup.verb>
          <v lem="querer" lss="A21.transitive-agentive-patient" mood="indicative" num="p" person="3" pos="vmip3p0" postype="main" tense="present" wd="quieren"/>
        </grup.verb>
        <S arg="arg1" clausetype="completive" func="cd" impersonal="yes" tem="pat">
          <infinitiu>
            <v lem="negociar" lss="A21.transitive-agentive-patient" mood="infinitive" pos="vmn0000" postype="main" wd="negociar"/>
          </infinitiu>
          <sn arg="arg1" coreftype="ident" entity="entity8" entityref="nne" func="cd" tem="pat">
            <spec gen="m" num="s">
              <d gen="m" lem="uno" num="s" pos="di0ms0" postype="indefinite" wd="un"/>
            </spec>
            <grup.nom gen="m" num="s">
              <n gen="m" lem="plan" num="s" pos="ncms000" postype="common" sense="16:04494752" wd="plan"/>
              <s.a gen="m" num="s">
                <grup.a gen="m" num="s">
                  <a gen="c" lem="industrial" num="s" pos="aq0cs0" postype="qualificative" wd="industrial"/>
                </grup.a>
              </s.a>
              <sp>
                <prep>
                  <s lem="para" pos="sps00" postype="preposition" wd="para"/>
                </prep>
                <sn coreftype="ident" entity="entity9" entityref="spec">
                  <spec gen="f" num="s">
                    <d gen="f" lem="el" num="s" pos="da0fs0" postype="article" wd="la"/>
                  </spec>
                  <grup.nom gen="f" num="s">
                    <n gen="f" lem="firma" num="s" pos="ncfs000" postype="common" sense="16:06007767" wd="firma"/>
                    <s.a gen="f" num="s">
                      <grup.a gen="f" num="s">
                        <a gen="f" lem="español" num="s" pos="aq0fs0" postype="qualificative" wd="española"/>
                      </grup.a>
                    </s.a>
                  </grup.nom>
                </sn>
              </sp>
            </grup.nom>
          </sn>
        </S>
      </S>
    </S>
    <conj conjunctiontype="coordinating">
      <c lem="y" pos="cc" postype="coordinating" wd="y"/>
    </conj>
    <S>
      <sn arg="arg0" coreftype="ident" elliptic="yes" entity="entity3" entityref="spec" func="suj" tem="agt"/>
      <grup.verb>
        <v lem="valorar" lss="A21.transitive-agentive-patient" mood="indicative" num="s" person="3" pos="vmis3s0" postype="main" tense="past" wd="valoró"/>
      </grup.verb>
      <S arg="arg1" clausetype="completive" func="cd" tem="pat">
        <conj conjunctiontype="subordinating">
          <c lem="que" pos="cs" postype="subordinating" wd="que"/>
        </conj>
        <sn arg="arg0" coreftype="ident" entity="entity2" entityref="ne" func="suj" ne="organization" tem="agt">
          <grup.nom>
            <n lem="General_Dynamics" ne="organization" pos="np0000o" postype="proper" sense="16:cs1" wd="General_Dynamics"/>
          </grup.nom>
        </sn>
        <sn entityref="spec">
          <grup.nom>
            <p gen="c" lem="él" num="c" person="3" pos="pp3cn000" postype="personal" wd="se"/>
          </grup.nom>
        </sn>
        <grup.verb>
          <v lem="haber" mood="subjunctive" num="s" person="3" pos="vasp3s0" postype="auxiliary" tense="present" wd="haya"/>
          <v gen="m" lem="comprometer" lss="A34.ditransitive-patient-theme" mood="participle" num="s" pos="vmp00sm" postype="main" wd="comprometido"/>
        </grup.verb>
        <sp arg="arg2" coord="yes" func="creg" tem="tem">
          <sp>
            <prep>
              <s lem="a" pos="sps00" postype="preposition" wd="a"/>
            </prep>
            <S clausetype="completive" impersonal="yes">
              <infinitiu>
                <v lem="mantener" lss="A21.transitive-agentive-patient" mood="infinitive" pos="vmn0000" postype="main" wd="mantener"/>
              </infinitiu>
              <sn arg="arg1" entityref="nne" func="cd" homophoricDD="yes" tem="pat">
                <spec gen="m" num="s">
                  <d gen="m" lem="el" num="s" pos="da0ms0" postype="article" wd="el"/>
                </spec>
                <grup.nom gen="m" num="s">
                  <n gen="m" lem="empleo" lexicalid="noun.empleo.4.default" num="s" origin="deverbal" pos="ncms000" postype="common" sense="16:10063469" wd="empleo"/>
                  <sp arg="arg1" func="cn" tem="pat">
                    <prep>
                      <s lem="de" pos="sps00" postype="preposition" wd="de"/>
                    </prep>
                    <sn entity="entity21" entityref="nne" homophoricDD="yes">
                      <spec gen="m" num="p">
                        <d gen="m" lem="el" num="p" pos="da0mp0" postype="article" wd="los"/>
                        <z lem="2022" ne="number" wd="2.022"/>
                      </spec>
                      <grup.nom gen="m" num="p">
                        <n gen="m" lem="trabajador" num="p" pos="ncmp000" postype="common" sense="16:07240707" wd="trabajadores"/>
                        <sp>
                          <prep>
                            <s lem="de" pos="sps00" postype="preposition" wd="de"/>
                          </prep>
                          <sn coreftype="ident" entity="entity9" entityref="ne" ne="organization">
                            <grup.nom>
                              <n lem="Santa_Bárbara" ne="organization" pos="np0000o" postype="proper" sense="16:50005594" wd="Santa_Bárbara"/>
                            </grup.nom>
                          </sn>
                        </sp>
                      </grup.nom>
                    </sn>
                  </sp>
                </grup.nom>
              </sn>
            </S>
          </sp>
          <conj conjunctiontype="coordinating">
            <c lem="y" pos="cc" postype="coordinating" wd="y"/>
          </conj>
          <sp>
            <prep>
              <s lem="a" pos="sps00" postype="preposition" wd="a"/>
            </prep>
            <S clausetype="completive" impersonal="yes">
              <neg func="mod">
                <r lem="no" pos="rn" postype="negative" wd="no"/>
              </neg>
              <infinitiu>
                <v lem="segregar" lss="A21.transitive-agentive-patient" mood="infinitive" pos="vmn0000" postype="main" wd="segregar"/>
              </infinitiu>
              <sp arg="arg1" func="cd" tem="pat">
                <prep>
                  <s lem="a" pos="sps00" postype="preposition" wd="a"/>
                </prep>
                <sn entity="entity10" entityref="nne" homophoricDD="yes">
                  <spec gen="m" num="p">
                    <d gen="m" lem="el" num="p" pos="da0mp0" postype="article" wd="los"/>
                  </spec>
                  <grup.nom gen="m" num="p">
                    <n gen="m" lem="grupo" num="p" pos="ncmp000" postype="common" sense="16:00017954" wd="grupos"/>
                    <S clausetype="relative">
                      <relatiu arg="arg0" coreftype="ident" entity="entity10" entityref="nne" func="suj" tem="agt">
                        <p gen="c" lem="que" num="c" pos="pr0cn000" postype="relative" wd="que"/>
                      </relatiu>
                      <sn arg="arg1" coreftype="ident" entity="entity9" entityref="spec" func="cd" tem="pat">
                        <grup.nom gen="f" num="s">
                          <p case="accusative" gen="f" lem="él" num="s" person="3" pos="pp3fsa00" postype="personal" wd="la"/>
                        </grup.nom>
                      </sn>
                      <grup.verb>
                        <v lem="integrar" lss="A21.transitive-agentive-patient" mood="indicative" num="p" person="3" pos="vmip3p0" postype="main" tense="present" wd="integran"/>
                      </grup.verb>
                    </S>
                  </grup.nom>
                </sn>
              </sp>
            </S>
          </sp>
        </sp>
      </S>
    </S>
    <f lem="." pos="fp" punct="period" wd="."/>
  </sentence>
  <sentence>
    <sn arg="arg0" coreftype="ident" entity="entity3" entityref="ne" func="suj" ne="person" tem="agt">
      <spec gen="m" num="s">
        <d gen="m" lem="el" num="s" pos="da0ms0" postype="article" wd="El"/>
      </spec>
      <grup.nom gen="m" num="s">
        <n gen="c" lem="dirigente" num="s" pos="nccs000" postype="common" sense="16:06950891" wd="dirigente"/>
        <sp>
          <prep>
            <s lem="de" pos="sps00" postype="preposition" wd="de"/>
          </prep>
          <sn coreftype="ident" entity="entity11" entityref="ne" ne="organization">
            <grup.nom>
              <n lem="CCOO" ne="organization" pos="np0000o" postype="proper" sense="16:50001231" wd="CCOO"/>
            </grup.nom>
          </sn>
        </sp>
      </grup.nom>
    </sn>
    <grup.verb>
      <v lem="admitir" lss="A21.transitive-agentive-patient" mood="indicative" num="s" person="3" pos="vmis3s0" postype="main" tense="past" wd="admitió"/>
    </grup.verb>
    <S arg="arg1" clausetype="completive" func="cd" tem="pat">
      <conj conjunctiontype="subordinating">
        <c lem="que" pos="cs" postype="subordinating" wd="que"/>
      </conj>
      <grup.verb>
        <v lem="hacer_falta" lss="C11.state-existential" mood="indicative" num="s" person="3" pos="vmip3s0" postype="main" tense="present" wd="hace_falta"/>
      </grup.verb>
      <sn arg="arg1" entity="entity12" entityref="nne" func="suj" tem="tem">
        <spec gen="m" num="s">
          <d gen="m" lem="uno" num="s" pos="di0ms0" postype="indefinite" wd="un"/>
        </spec>
        <grup.nom gen="m" num="s">
          <n gen="m" lem="socio" num="s" pos="ncms000" postype="common" sense="16:07164888" wd="socio"/>
          <s.a gen="m" num="s">
            <grup.a gen="m" num="s">
              <a gen="m" lem="tecnológico" num="s" pos="aq0ms0" postype="qualificative" wd="tecnológico"/>
            </grup.a>
          </s.a>
          <S clausetype="relative" coord="yes">
            <relatiu arg="arg0" coreftype="ident" entity="entity12" entityref="nne" func="suj" tem="cau">
              <p gen="c" lem="que" num="c" pos="pr0cn000" postype="relative" wd="que"/>
            </relatiu>
            <S clausetype="relative">
              <grup.verb>
                <v lem="aumentar" lss="A11.transitive-causative" mood="subjunctive" num="s" person="3" pos="vmsp3s0" postype="main" tense="present" wd="aumente"/>
              </grup.verb>
              <sn arg="arg1" entityref="nne" func="cd" homophoricDD="yes" tem="tem">
                <spec gen="f" num="p">
                  <d gen="f" lem="el" num="p" pos="da0fp0" postype="article" wd="las"/>
                </spec>
                <grup.nom gen="f" num="p">
                  <n gen="f" lem="inversión" lexicalid="noun.inversión.2.default" num="p" origin="deverbal" pos="ncfp000" postype="common" sense="16:00712429" wd="inversiones"/>
                  <sp arg="arg2" func="cn" tem="loc">
                    <prep>
                      <s lem="en" pos="sps00" postype="preposition" wd="en"/>
                    </prep>
                    <sn complex="yes" entityref="nne">
                      <grup.nom coord="yes">
                        <grup.nom gen="f" num="s">
                          <n gen="f" lem="investigación" lexicalid="noun.investigación.1.default" num="s" origin="deverbal" pos="ncfs000" postype="common" sense="16:00417296" wd="investigación"/>
                        </grup.nom>
                        <conj conjunctiontype="coordinating">
                          <c lem="y" pos="cc" postype="coordinating" wd="y"/>
                        </conj>
                        <grup.nom gen="m" num="s">
                          <n gen="m" lem="desarrollo" lexicalid="noun.desarrollo.4.default" num="s" origin="deverbal" pos="ncms000" postype="common" sense="16:09725434" wd="desarrollo"/>
                        </grup.nom>
                      </grup.nom>
                    </sn>
                  </sp>
                </grup.nom>
              </sn>
            </S>
            <conj conjunctiontype="coordinating">
              <c lem="y" pos="cc" postype="coordinating" wd="y"/>
            </conj>
            <S clausetype="relative">
              <grup.verb>
                <v lem="ayudar" lss="A34.ditransitive-patient-theme" mood="imperative" num="s" person="3" pos="vmm03s0" postype="main" wd="ayude"/>
              </grup.verb>
              <sp arg="arg1" func="cd" tem="pat">
                <prep>
                  <s lem="a" pos="sps00" postype="preposition" wd="a"/>
                </prep>
                <sn coreftype="ident" entity="entity9" entityref="spec">
                  <spec gen="f" num="s">
                    <d gen="f" lem="el" num="s" pos="da0fs0" postype="article" wd="la"/>
                  </spec>
                  <grup.nom gen="f" num="s">
                    <n gen="f" lem="compañía" num="s" pos="ncfs000" postype="common" sense="16:06006256" wd="compañía"/>
                  </grup.nom>
                </sn>
              </sp>
              <sp arg="arg2" func="creg" tem="tem">
                <prep>
                  <s lem="a" pos="sps00" postype="preposition" wd="a"/>
                </prep>
                <S clausetype="completive" impersonal="yes">
                  <infinitiu>
                    <v lem="acceder" lss="A21.transitive-agentive-patient" mood="infinitive" pos="vmn0000" postype="main" wd="acceder"/>
                  </infinitiu>
                  <sp arg="arg1" func="creg" tem="loc">
                    <prep>
                      <s lem="a" pos="sps00" postype="preposition" wd="a"/>
                    </prep>
                    <sn entityref="nne">
                      <grup.nom gen="m" num="p">
                        <s.a gen="m" num="p">
                          <grup.a gen="m" num="p">
                            <a gen="m" lem="nuevo" num="p" pos="aq0mp0" postype="qualificative" wd="nuevos"/>
                          </grup.a>
                        </s.a>
                        <n gen="m" lem="mercado" num="p" pos="ncmp000" postype="common" sense="16:00711063" wd="mercados"/>
                      </grup.nom>
                    </sn>
                  </sp>
                </S>
              </sp>
            </S>
          </S>
        </grup.nom>
      </sn>
    </S>
    <f lem="." pos="fp" punct="period" wd="."/>
  </sentence>
  <sentence coord="yes">
    <sp adjunct="yes" arg="argM" func="cc" tem="loc">
      <prep>
        <s lem="en" pos="sps00" postype="preposition" wd="En"/>
      </prep>
      <sn entity="entity13" entityref="ne" ne="location">
        <grup.nom>
          <n lem="Sevilla" ne="location" pos="np0000l" postype="proper" wd="Sevilla"/>
          <S clausetype="relative">
            <f lem="," pos="fc" punct="comma" wd=","/>
            <relatiu arg="arg2" coreftype="ident" entity="entity13" entityref="spec" func="cc" tem="loc">
              <p gen="c" lem="donde" num="c" pos="pr000000" postype="relative" wd="donde"/>
            </relatiu>
            <morfema.verbal func="pass">
              <p gen="c" lem="se" num="c" pos="p0000000" wd="se"/>
            </morfema.verbal>
            <grup.verb>
              <v lem="ubicar" lss="B22.unaccusative-passive-transitive" mood="indicative" num="s" person="3" pos="vmip3s0" postype="main" tense="present" wd="ubica"/>
            </grup.verb>
            <sn arg="arg1" entityref="nne" func="suj" tem="pat">
              <grup.nom gen="m" num="s">
                <p gen="m" lem="uno" num="s" pos="pi0ms000" postype="indefinite" wd="uno"/>
                <sp>
                  <prep>
                    <s lem="de" pos="sps00" postype="preposition" wd="de"/>
                  </prep>
                  <sn entityref="nne" homophoricDD="yes">
                    <spec gen="m" num="p">
                      <d gen="m" lem="el" num="p" pos="da0mp0" postype="article" wd="los"/>
                    </spec>
                    <grup.nom gen="m" num="p">
                      <s.a gen="m" num="p">
                        <grup.a gen="m" num="p">
                          <a gen="c" lem="principal" num="p" pos="aq0cp0" postype="qualificative" wd="principales"/>
                        </grup.a>
                      </s.a>
                      <n gen="m" lem="centro" num="p" pos="ncmp000" postype="common" sense="16:02986968" wd="centros"/>
                      <sp>
                        <prep>
                          <s lem="de" pos="sps00" postype="preposition" wd="de"/>
                        </prep>
                        <sn>
                          <grup.nom gen="f" num="s">
                            <n gen="f" lem="producción" lexicalid="noun.producción.1.default" num="s" origin="deverbal" pos="ncfs000" postype="common" sense="16:00586701" wd="producción"/>
                          </grup.nom>
                        </sn>
                      </sp>
                      <sp>
                        <prep>
                          <s lem="de" pos="sps00" postype="preposition" wd="de"/>
                        </prep>
                        <sn coreftype="ident" entity="entity9" entityref="ne" ne="organization">
                          <grup.nom>
                            <n lem="Santa_Bárbara" ne="organization" pos="np0000o" postype="proper" sense="16:50005594" wd="Santa_Bárbara"/>
                          </grup.nom>
                        </sn>
                      </sp>
                    </grup.nom>
                  </sn>
                </sp>
              </grup.nom>
            </sn>
            <f lem="," pos="fc" punct="comma" wd=","/>
          </S>
        </grup.nom>
      </sn>
    </sp>
    <S coord="yes">
      <S>
        <sn arg="arg0" coreftype="ident" entity="entity1" entityref="spec" func="suj" tem="cau">
          <spec gen="m" num="p">
            <d gen="m" lem="el" num="p" pos="da0mp0" postype="article" wd="los"/>
          </spec>
          <grup.nom gen="m" num="p">
            <n gen="m" lem="sindicato" num="p" pos="ncmp000" postype="common" sense="16:06112041" wd="sindicatos"/>
          </grup.nom>
        </sn>
        <grup.verb>
          <v lem="rechazar" lss="A11.transitive-causative" mood="indicative" num="p" person="3" pos="vmis3p0" postype="main" tense="past" wd="rechazaron"/>
        </grup.verb>
        <sn arg="arg1" coreftype="ident" entity="entity6" entityref="nne" func="cd" homophoricDD="yes" tem="tem">
          <spec gen="f" num="s">
            <d gen="f" lem="el" num="s" pos="da0fs0" postype="article" wd="la"/>
          </spec>
          <grup.nom gen="f" num="s">
            <n gen="f" lem="venta" lexicalid="noun.venta.2.default" num="s" origin="deverbal" pos="ncfs000" postype="common" sense="16:00723154" wd="venta"/>
            <sp arg="arg1" func="cn" tem="pat">
              <prep>
                <s lem="de" pos="sps00" postype="preposition" wd="de"/>
              </prep>
              <sn coreftype="ident" entity="entity9" entityref="spec">
                <spec gen="f" num="s">
                  <d gen="f" lem="el" num="s" pos="da0fs0" postype="article" wd="la"/>
                </spec>
                <grup.nom gen="f" num="s">
                  <n gen="f" lem="empresa" num="s" pos="ncfs000" postype="common" sense="16:06004580" wd="empresa"/>
                </grup.nom>
              </sn>
            </sp>
          </grup.nom>
        </sn>
      </S>
      <conj conjunctiontype="coordinating">
        <c lem="y" pos="cc" postype="coordinating" wd="y"/>
      </conj>
      <S>
        <sn arg="arg0" coreftype="ident" elliptic="yes" entity="entity1" entityref="spec" func="suj" tem="agt"/>
        <grup.verb>
          <v lem="criticar" lss="A21.transitive-agentive-patient" mood="indicative" num="p" person="3" pos="vmis3p0" postype="main" tense="past" wd="criticaron"/>
        </grup.verb>
        <S arg="arg1" clausetype="completive" func="cd" tem="pat">
          <conj conjunctiontype="subordinating">
            <c lem="que" pos="cs" postype="subordinating" wd="que"/>
          </conj>
          <sn arg="arg0" coreftype="ident" entity="entity7" entityref="ne" func="suj" ne="organization" tem="agt">
            <spec gen="f" num="s">
              <d gen="f" lem="el" num="s" pos="da0fs0" postype="article" wd="la"/>
            </spec>
            <grup.nom gen="f" num="s">
              <n lem="SEPI" ne="organization" pos="np0000o" postype="proper" sense="16:cs1" wd="SEPI"/>
            </grup.nom>
          </sn>
          <neg func="mod">
            <r lem="no" pos="rn" postype="negative" wd="no"/>
          </neg>
          <sn arg="arg1" coreftype="ident" entity="entity1" entityref="spec" func="cd" tem="pat">
            <grup.nom num="p">
              <p case="dative" gen="c" lem="él" num="p" person="3" pos="pp3cpd00" postype="personal" wd="les"/>
            </grup.nom>
          </sn>
          <grup.verb>
            <v lem="haber" mood="subjunctive" num="s" person="3" pos="vasp3s0" postype="auxiliary" tense="present" wd="haya"/>
            <v gen="m" lem="informar" lss="A34.ditransitive-patient-theme" mood="participle" num="s" pos="vmp00sm" postype="main" wd="informado"/>
          </grup.verb>
          <sp arg="arg2" func="creg" tem="tem">
            <prep>
              <s contracted="yes" gen="m" lem="del" num="s" pos="spcms" postype="preposition" wd="del"/>
            </prep>
            <sn entity="entity15" entityref="nne" homophoricDD="yes">
              <grup.nom gen="m" num="s">
                <n gen="m" lem="contenido" num="s" pos="ncms000" postype="common" sense="16:04949838" wd="contenido"/>
                <sp>
                  <prep>
                    <s contracted="yes" gen="m" lem="del" num="s" pos="spcms" postype="preposition" wd="del"/>
                  </prep>
                  <sn entity="entity16" entityref="nne" homophoricDD="yes">
                    <grup.nom gen="m" num="s">
                      <n gen="m" lem="protocolo" num="s" pos="ncms000" postype="common" sense="16:cs1" wd="protocolo"/>
                      <sp>
                        <prep>
                          <s lem="de" pos="sps00" postype="preposition" wd="de"/>
                        </prep>
                        <sn>
                          <grup.nom gen="f" num="s">
                            <n gen="f" lem="venta" lexicalid="noun.venta.1.default" num="s" origin="deverbal" pos="ncfs000" postype="common" sense="16:00721968" wd="venta"/>
                          </grup.nom>
                        </sn>
                      </sp>
                    </grup.nom>
                  </sn>
                </sp>
              </grup.nom>
            </sn>
          </sp>
        </S>
      </S>
      <f lem="." pos="fp" punct="period" wd="."/>
    </S>
  </sentence>
  <sentence>
    <sp arg="argM" func="cc" tem="adv">
      <prep>
        <s lem="en" pos="sps00" postype="preposition" wd="En"/>
      </prep>
      <sn entityref="nne">
        <grup.nom gen="f" num="p">
          <n gen="f" lem="declaración" lexicalid="noun.declaración.1.default" num="p" origin="deverbal" pos="ncfp000" postype="common" sense="16:05043129" wd="declaraciones"/>
          <sp arg="arg2" func="cn" tem="ben">
            <prep>
              <s lem="a" pos="sps00" postype="preposition" wd="a"/>
            </prep>
            <sn entityref="ne" ne="organization">
              <grup.nom>
                <n lem="EFE" ne="organization" pos="np0000o" postype="proper" sense="16:cs1" wd="EFE"/>
              </grup.nom>
            </sn>
          </sp>
        </grup.nom>
      </sn>
      <f lem="," pos="fc" punct="comma" wd=","/>
    </sp>
    <sn arg="arg0" entity="entity14" entityref="ne" func="suj" ne="person" tem="agt">
      <spec gen="m" num="s">
        <d gen="m" lem="el" num="s" pos="da0ms0" postype="article" wd="el"/>
      </spec>
      <grup.nom gen="m" num="s">
        <n gen="m" lem="secretario" num="s" pos="ncms000" postype="common" sense="16:07556672" wd="secretario"/>
        <s.a gen="m" num="s">
          <grup.a gen="m" num="s">
            <a gen="c" lem="regional" num="s" pos="aq0cs0" postype="qualificative" wd="regional"/>
          </grup.a>
        </s.a>
        <sp>
          <prep>
            <s lem="de" pos="sps00" postype="preposition" wd="de"/>
          </prep>
          <sn entityref="ne" ne="organization">
            <spec gen="f" num="s">
              <d gen="f" lem="el" num="s" pos="da0fs0" postype="article" wd="la"/>
            </spec>
            <grup.nom gen="f" num="s">
              <n lem="Federación_del_Metal_de_UGT" ne="organization" pos="np0000o" postype="proper" sense="16:cs1" wd="Federación_del_Metal_de_UGT"/>
            </grup.nom>
          </sn>
        </sp>
        <sn corefsubtype="definit" coreftype="pred" entity="entity14" entityref="ne" ne="person">
          <f lem="," pos="fc" punct="comma" wd=","/>
          <grup.nom gen="m" num="s">
            <n lem="Ricardo_Jiménez" ne="person" pos="np0000p" postype="proper" sense="16:cs1" wd="Ricardo_Jiménez"/>
          </grup.nom>
          <f lem="," pos="fc" punct="comma" wd=","/>
        </sn>
      </grup.nom>
    </sn>
    <grup.verb>
      <v lem="decir" lss="A32.ditransitive-patient-benefactive" mood="indicative" num="s" person="3" pos="vmis3s0" postype="main" tense="past" wd="dijo"/>
    </grup.verb>
    <S arg="arg1" clausetype="completive" func="cd" tem="pat">
      <conj conjunctiontype="subordinating">
        <c lem="que" pos="cs" postype="subordinating" wd="que"/>
      </conj>
      <sn arg="arg1" coreftype="ident" entity="entity6" entityref="nne" func="suj" tem="tem">
        <spec gen="f" num="s">
          <d gen="f" lem="el" num="s" pos="da0fs0" postype="article" wd="la"/>
        </spec>
        <grup.nom gen="f" num="s">
          <n gen="f" lem="operación" lexicalid="noun.operación.4.default" num="s" origin="deverbal" pos="ncfs000" postype="common" sense="16:00709934" wd="operación"/>
        </grup.nom>
      </sn>
      <f lem="&quot;" pos="fe" punct="quotation" wd="&quot;"/>
      <grup.verb>
        <v lem="tener" lss="C21.state-attributive" mood="indicative" num="s" person="3" pos="vmif3s0" postype="main" tense="future" wd="tendrá"/>
      </grup.verb>
      <sn arg="arg2" entity="entity18" func="cd" functype="quantitative" tem="atr">
        <spec gen="f" num="s">
          <d gen="f" lem="uno" num="s" pos="di0fs0" postype="indefinite" wd="una"/>
        </spec>
        <grup.nom gen="f" num="s">
          <n gen="f" lem="respuesta" lexicalid="noun.respuesta.4.default" num="s" origin="deverbal" pos="ncfs000" postype="common" sense="16:07769123" wd="respuesta"/>
          <S clausetype="participle" func="cn" impersonal="yes">
            <participi>
              <a gen="f" lem="adecuado" num="s" pos="aq0fsp" posfunction="participle" postype="qualificative" wd="adecuada"/>
            </participi>
          </S>
          <sp arg="arg0" func="cn" tem="agt">
            <f lem="&quot;" pos="fe" punct="quotation" wd="&quot;"/>
            <prep>
              <s lem="por_parte_de" pos="sps00" postype="preposition" wd="por_parte_de"/>
            </prep>
            <sn coreftype="ident" entity="entity1" entityref="spec">
              <spec gen="m" num="p">
                <d gen="m" lem="el" num="p" pos="da0mp0" postype="article" wd="los"/>
              </spec>
              <grup.nom gen="m" num="p">
                <n gen="m" lem="sindicato" num="p" pos="ncmp000" postype="common" sense="16:06112041" wd="sindicatos"/>
              </grup.nom>
            </sn>
          </sp>
        </grup.nom>
      </sn>
      <S clausetype="adverbial">
        <conj conjunctiontype="subordinating">
          <c lem="una_vez_que" pos="cs" postype="subordinating" wd="una_vez_que"/>
        </conj>
        <sn arg="arg0" coreftype="ident" elliptic="yes" entity="entity1" entityref="spec" func="suj" tem="agt"/>
        <grup.verb>
          <v lem="conocer" lss="A21.transitive-agentive-patient" mood="subjunctive" num="p" person="3" pos="vmsp3p0" postype="main" tense="present" wd="conozcan"/>
        </grup.verb>
        <sn arg="arg1" coreftype="ident" entity="entity15" entityref="nne" func="cd" homophoricDD="yes" tem="pat">
          <spec gen="m" num="s">
            <d gen="m" lem="el" num="s" pos="da0ms0" postype="article" wd="el"/>
          </spec>
          <grup.nom gen="m" num="s">
            <n gen="m" lem="contenido" num="s" pos="ncms000" postype="common" sense="16:04949838" wd="contenido"/>
            <sp>
              <prep>
                <s contracted="yes" gen="m" lem="del" num="s" pos="spcms" postype="preposition" wd="del"/>
              </prep>
              <sn coreftype="ident" entity="entity16" entityref="nne">
                <grup.nom gen="m" num="s">
                  <n gen="m" lem="acuerdo" lexicalid="noun.acuerdo.1.default" num="s" origin="deverbal" pos="ncms000" postype="common" sense="16:05072418" wd="acuerdo"/>
                </grup.nom>
              </sn>
            </sp>
          </grup.nom>
        </sn>
      </S>
    </S>
    <f lem="." pos="fp" punct="period" wd="."/>
  </sentence>
  <sentence coord="yes">
    <S>
      <sn arg="arg0" coreftype="ident" entity="entity14" entityref="ne" func="suj" ne="person" tem="agt">
        <grup.nom gen="m" num="s">
          <n lem="Jiménez" ne="person" pos="np0000p" postype="proper" sense="16:cs1" wd="Jiménez"/>
        </grup.nom>
      </sn>
      <grup.verb>
        <v lem="cuestionar" lss="A21.transitive-agentive-patient" mood="indicative" num="s" person="3" pos="vmis3s0" postype="main" tense="past" wd="cuestionó"/>
      </grup.verb>
      <sn arg="arg1" entityref="nne" func="cd" homophoricDD="yes" tem="pat">
        <spec gen="f" num="s">
          <d gen="f" lem="el" num="s" pos="da0fs0" postype="article" wd="la"/>
        </spec>
        <grup.nom gen="f" num="s">
          <n gen="f" lem="bondad" num="s" pos="ncfs000" postype="common" sense="16:03785284" wd="bondad"/>
          <sp>
            <prep>
              <s lem="de" pos="sps00" postype="preposition" wd="de"/>
            </prep>
            <sn coreftype="ident" entity="entity6" entityref="nne">
              <spec gen="f" num="s">
                <d gen="f" lem="el" num="s" pos="da0fs0" postype="article" wd="la"/>
              </spec>
              <grup.nom gen="f" num="s">
                <n gen="f" lem="operación" lexicalid="noun.operación.4.default" num="s" origin="deverbal" pos="ncfs000" postype="common" sense="16:00709934" wd="operación"/>
                <S clausetype="relative" func="cn">
                  <f lem="," pos="fc" punct="comma" wd=","/>
                  <relatiu arg="arg2" coreftype="ident" entity="entity6" entityref="nne" func="suj" tem="loc">
                    <p gen="c" lem="que" num="c" pos="pr0cn000" postype="relative" wd="que"/>
                  </relatiu>
                  <grup.verb>
                    <v lem="incluir" lss="A31.ditransitive-patient-locative" mood="indicative" num="s" person="3" pos="vmip3s0" postype="main" tense="present" wd="incluye"/>
                  </grup.verb>
                  <sn arg="arg1" entityref="nne" func="cd" tem="pat">
                    <spec gen="m" num="s">
                      <d gen="m" lem="uno" num="s" pos="di0ms0" postype="indefinite" wd="un"/>
                    </spec>
                    <grup.nom gen="m" num="s">
                      <n gen="m" lem="plan" num="s" pos="ncms000" postype="common" sense="16:04494752" wd="plan"/>
                      <sp>
                        <prep>
                          <s lem="de" pos="sps00" postype="preposition" wd="de"/>
                        </prep>
                        <sn>
                          <grup.nom gen="f" num="p">
                            <n gen="f" lem="inversión" lexicalid="noun.inversión.2.default" num="p" origin="deverbal" pos="ncfp000" postype="common" sense="16:09599330" wd="inversiones"/>
                          </grup.nom>
                        </sn>
                      </sp>
                      <sp>
                        <prep>
                          <s lem="de" pos="sps00" postype="preposition" wd="de"/>
                        </prep>
                        <sn entityref="ne" ne="number">
                          <spec gen="m" num="p">
                            <z lem="10000" ne="number" wd="10.000"/>
                          </spec>
                          <grup.nom gen="m" num="p">
                            <n gen="m" lem="millón" num="p" pos="ncmp000" postype="common" sense="16:09902865" wd="millones"/>
                            <sp>
                              <prep>
                                <s lem="de" pos="sps00" postype="preposition" wd="de"/>
                              </prep>
                              <sn entityref="ne" ne="number">
                                <grup.nom gen="f" num="p">
                                  <z lem="peseta" ne="number" pos="zm" postype="currency" wd="pesetas"/>
                                </grup.nom>
                              </sn>
                            </sp>
                          </grup.nom>
                        </sn>
                      </sp>
                    </grup.nom>
                  </sn>
                  <f lem="," pos="fc" punct="comma" wd=","/>
                </S>
              </grup.nom>
            </sn>
          </sp>
        </grup.nom>
      </sn>
    </S>
    <conj conjunctiontype="coordinating">
      <c lem="y" pos="cc" postype="coordinating" wd="y"/>
    </conj>
    <S>
      <sn arg="arg0" coreftype="ident" elliptic="yes" entity="entity14" entityref="spec" func="suj" tem="agt"/>
      <grup.verb>
        <v lem="decir" lss="A32.ditransitive-patient-benefactive" mood="indicative" num="s" person="3" pos="vmis3s0" postype="main" tense="past" wd="dijo"/>
      </grup.verb>
      <S arg="arg1" clausetype="completive" func="cd" tem="pat">
        <conj conjunctiontype="subordinating">
          <c lem="que" pos="cs" postype="subordinating" wd="que"/>
        </conj>
        <sn arg="arg0" entity="entity17" entityref="nne" func="suj" homophoricDD="yes" tem="cau">
          <spec gen="m" num="s">
            <d gen="m" lem="el" num="s" pos="da0ms0" postype="article" wd="el"/>
          </spec>
          <grup.nom gen="m" num="s">
            <f lem="&quot;" pos="fe" punct="quotation" wd="&quot;"/>
            <n gen="m" lem="secretismo" num="s" pos="ncms000" postype="common" sense="16:50001347" wd="secretismo"/>
            <f lem="&quot;" pos="fe" punct="quotation" wd="&quot;"/>
            <S clausetype="relative">
              <sp arg="argM" func="cc" tem="adv">
                <prep>
                  <s lem="con" pos="sps00" postype="preposition" wd="con"/>
                </prep>
                <relatiu coreftype="ident" entity="entity17" entityref="nne">
                  <d gen="m" lem="el" num="s" pos="da0ms0" postype="article" wd="el"/>
                  <p gen="c" lem="que" num="c" pos="pr0cn000" postype="relative" wd="que"/>
                </relatiu>
              </sp>
              <sn arg="arg1" coreftype="ident" elliptic="yes" entity="entity6" entityref="nne" func="suj" tem="pat"/>
              <morfema.verbal func="pass">
                <p gen="c" lem="se" num="c" pos="p0000000" wd="se"/>
              </morfema.verbal>
              <grup.verb>
                <v lem="haber" mood="indicative" num="s" person="3" pos="vaip3s0" postype="auxiliary" tense="present" wd="ha"/>
                <v gen="m" lem="cerrar" lss="B22.unaccusative-passive-transitive" mood="participle" num="s" pos="vmp00sm" postype="main" wd="cerrado"/>
              </grup.verb>
            </S>
          </grup.nom>
        </sn>
        <grup.verb>
          <v lem="inducir" lss="A12.ditransitive-causative-state" mood="indicative" num="s" person="3" pos="vmip3s0" postype="main" tense="present" wd="induce"/>
        </grup.verb>
        <sp arg="arg2" func="creg" tem="efi">
          <prep>
            <s lem="a" pos="sps00" postype="preposition" wd="a"/>
          </prep>
          <S clausetype="completive" impersonal="yes">
            <infinitiu>
              <v lem="pensar" lss="A22.transitive-agentive-theme" mood="infinitive" pos="vmn0000" postype="main" wd="pensar"/>
            </infinitiu>
            <sp arg="arg1" func="creg" tem="tem">
              <prep>
                <s lem="en" pos="sps00" postype="preposition" wd="en"/>
              </prep>
              <S clausetype="completive">
                <f lem="&quot;" pos="fe" punct="quotation" wd="&quot;"/>
                <conj conjunctiontype="subordinating">
                  <c lem="que" pos="cs" postype="subordinating" wd="que"/>
                </conj>
                <sadv func="mod">
                  <grup.adv>
                    <r lem="quizás" pos="rg" wd="quizás"/>
                  </grup.adv>
                </sadv>
                <neg func="mod">
                  <r lem="no" pos="rn" postype="negative" wd="no"/>
                </neg>
                <grup.verb>
                  <v lem="ser" lss="C21.state-attributive" mood="subjunctive" num="s" person="3" pos="vssp3s0" postype="semiauxiliary" tense="present" wd="sea"/>
                </grup.verb>
                <sa arg="arg2" discid="1n" func="atr" tem="atr">
                  <spec>
                    <r lem="tanto" pos="rg" wd="tan"/>
                  </spec>
                  <grup.a>
                    <a gen="f" lem="buen" num="s" pos="aq0fs0" postype="qualificative" wd="buena"/>
                  </grup.a>
                </sa>
                <sn arg="arg1" coreftype="ident" entity="entity6" entityref="nne" func="suj" tem="tem">
                  <spec gen="f" num="s">
                    <d gen="f" lem="el" num="s" pos="da0fs0" postype="article" wd="la"/>
                  </spec>
                  <grup.nom gen="f" num="s">
                    <n gen="f" lem="venta" lexicalid="noun.venta.1.default" num="s" origin="deverbal" pos="ncfs000" postype="common" sense="16:00723154" wd="venta"/>
                  </grup.nom>
                </sn>
                <S adjunct="yes" clausesubtype="comparative" clausetype="adverbial" discid="1c">
                  <conj conjunctiontype="subordinating">
                    <c lem="como" pos="cs" postype="subordinating" wd="como"/>
                  </conj>
                  <sn arg="arg0" coreftype="ident" elliptic="yes" entity="entity7+entity2" entityref="spec" func="suj" tem="agt"/>
                  <grup.verb>
                    <v lem="querer" lss="A21.transitive-agentive-patient" mood="indicative" num="p" person="3" pos="vmip3p0" postype="main" tense="present" wd="quieren"/>
                  </grup.verb>
                  <S arg="arg1" clausetype="completive" func="cd" impersonal="yes" tem="pat">
                    <infinitiu>
                      <v lem="hacer" mood="infinitive" pos="vmn0000" postype="main" wd="hacer"/>
                      <infinitiu>
                        <v lem="ver" lss="A11.transitive-causative" mood="infinitive" pos="vmn0000" postype="main" wd="ver"/>
                      </infinitiu>
                    </infinitiu>
                  </S>
                </S>
                <f lem="&quot;" pos="fe" punct="quotation" wd="&quot;"/>
              </S>
            </sp>
          </S>
        </sp>
      </S>
    </S>
    <f lem="." pos="fp" punct="period" wd="."/>
  </sentence>
  <sentence>
    <S arg="argM" clausetype="adverbial" func="cc" tem="tmp">
      <conj conjunctiontype="subordinating">
        <c lem="una_vez_que" pos="cs" postype="subordinating" wd="Una_vez_que"/>
      </conj>
      <sn arg="arg0" coreftype="ident" elliptic="yes" entity="entity1" entityref="spec" func="suj" tem="agt"/>
      <grup.verb>
        <v lem="conocer" lss="A21.transitive-agentive-patient" mood="subjunctive" num="p" person="3" pos="vmsp3p0" postype="main" tense="present" wd="conozcan"/>
      </grup.verb>
      <sn arg="arg1" coreftype="ident" entity="entity15" entityref="nne" func="cd" homophoricDD="yes" tem="pat">
        <spec gen="m" num="s">
          <d gen="m" lem="el" num="s" pos="da0ms0" postype="article" wd="el"/>
        </spec>
        <grup.nom gen="m" num="s">
          <n gen="m" lem="contenido" num="s" pos="ncms000" postype="common" sense="16:04949838" wd="contenido"/>
          <sp>
            <prep>
              <s contracted="yes" gen="m" lem="del" num="s" pos="spcms" postype="preposition" wd="del"/>
            </prep>
            <sn coreftype="ident" entity="entity16" entityref="nne" homophoricDD="yes">
              <grup.nom gen="m" num="s">
                <n gen="m" lem="acuerdo" lexicalid="noun.acuerdo.1.default" num="s" origin="deverbal" pos="ncms000" postype="common" sense="16:05072418" wd="acuerdo"/>
                <sp arg="arg1" func="cn" tem="pat">
                  <prep>
                    <s lem="de" pos="sps00" postype="preposition" wd="de"/>
                  </prep>
                  <sn>
                    <grup.nom gen="f" num="s">
                      <n gen="f" lem="venta" lexicalid="noun.venta.1.default" num="s" origin="deverbal" pos="ncfs000" postype="common" sense="16:04901002" wd="venta"/>
                    </grup.nom>
                  </sn>
                </sp>
              </grup.nom>
            </sn>
          </sp>
        </grup.nom>
      </sn>
    </S>
    <inc>
      <S>
        <f lem="," pos="fc" punct="comma" wd=","/>
        <grup.verb>
          <v lem="señalar" lss="A31.ditransitive-patient-locative" mood="indicative" num="s" person="3" pos="vmis3s0" postype="main" tense="past" wd="señaló"/>
        </grup.verb>
        <sn arg="arg0" coreftype="ident" elliptic="yes" entity="entity14" entityref="spec" func="suj" tem="agt"/>
        <f lem="," pos="fc" punct="comma" wd=","/>
      </S>
    </inc>
    <sn arg="arg1" coreftype="ident" entity="entity1" entityref="spec" func="suj" tem="tem">
      <spec gen="m" num="p">
        <d gen="m" lem="el" num="p" pos="da0mp0" postype="article" wd="los"/>
      </spec>
      <grup.nom gen="m" num="p">
        <n gen="m" lem="sindicato" num="p" pos="ncmp000" postype="common" sense="16:06112041" wd="sindicatos"/>
      </grup.nom>
    </sn>
    <grup.verb>
      <v lem="estar" lss="C21.state-attributive" mood="indicative" num="p" person="3" pos="vmif3p0" postype="main" tense="future" wd="estarán"/>
    </grup.verb>
    <sp arg="arg2" func="atr" tem="atr">
      <prep>
        <s lem="en" pos="sps00" postype="preposition" wd="en"/>
      </prep>
      <sn entityref="lex">
        <grup.nom gen="f" num="s">
          <n gen="f" lem="disposición" lexicalid="noun.disposición.7.default" num="s" origin="deverbal" pos="ncfs000" postype="common" sense="16:04046475" wd="disposición"/>
          <sp arg="argL" func="cn">
            <prep>
              <s lem="de" pos="sps00" postype="preposition" wd="de"/>
            </prep>
            <S clausetype="completive" impersonal="yes">
              <infinitiu>
                <v lem="dar" lss="A32.ditransitive-patient-benefactive" mood="infinitive" pos="vmn0000" postype="main" wd="dar"/>
              </infinitiu>
              <sn arg="argL" coreftype="ident" entity="entity18" entityref="nne" func="cd">
                <spec gen="f" num="s">
                  <d gen="f" lem="uno" num="s" pos="di0fs0" postype="indefinite" wd="una"/>
                </spec>
                <grup.nom gen="f" num="s">
                  <n gen="f" lem="respuesta" lexicalid="noun.respuesta.4.default" num="s" origin="deverbal" pos="ncfs000" postype="common" sense="16:05055491" wd="respuesta"/>
                </grup.nom>
              </sn>
            </S>
          </sp>
        </grup.nom>
      </sn>
    </sp>
    <f lem="." pos="fp" punct="period" wd="."/>
  </sentence>
  <sentence>
    <sp arg="argM" func="cc" tem="loc">
      <prep>
        <s lem="en" pos="sps00" postype="preposition" wd="En"/>
      </prep>
      <sn entity="entity20" entityref="ne" ne="location">
        <grup.nom>
          <n lem="La_Coruña" ne="location" pos="np0000l" postype="proper" wd="La_Coruña"/>
        </grup.nom>
      </sn>
    </sp>
    <sn arg="arg0" entity="entity19" entityref="ne" func="suj" ne="person" tem="agt">
      <grup.nom gen="m" num="s">
        <f lem="," pos="fc" punct="comma" wd=","/>
        <n lem="José_Carrillo" ne="person" pos="np0000p" postype="proper" sense="16:cs1" wd="José_Carrillo"/>
        <f lem="," pos="fc" punct="comma" wd=","/>
        <sn complex="yes" corefsubtype="definit" coreftype="pred" entity="entity19" entityref="ne" ne="person">
          <grup.nom coord="yes">
            <grup.nom gen="m" num="s">
              <n gen="m" lem="secretario" num="s" pos="ncms000" postype="common" sense="16:07556672" wd="secretario"/>
              <s.a gen="m" num="s">
                <grup.a gen="m" num="s">
                  <a gen="c" lem="general" num="s" pos="aq0cs0" postype="qualificative" wd="general"/>
                </grup.a>
              </s.a>
              <sp>
                <prep>
                  <s lem="de" pos="sps00" postype="preposition" wd="de"/>
                </prep>
                <sn entityref="ne" ne="organization">
                  <grup.nom>
                    <n lem="UGT" ne="organization" pos="np0000o" postype="proper" sense="16:50001232" wd="UGT"/>
                  </grup.nom>
                </sn>
              </sp>
              <sp>
                <prep>
                  <s lem="de" pos="sps00" postype="preposition" wd="de"/>
                </prep>
                <sn coreftype="ident" entity="entity20" entityref="spec">
                  <spec gen="f" num="s">
                    <d gen="f" lem="el" num="s" pos="da0fs0" postype="article" wd="la"/>
                  </spec>
                  <grup.nom gen="f" num="s">
                    <n gen="f" lem="provincia" num="s" pos="ncfs000" postype="common" sense="16:50004690" wd="provincia"/>
                  </grup.nom>
                </sn>
              </sp>
            </grup.nom>
            <conj conjunctiontype="coordinating">
              <c lem="y" pos="cc" postype="coordinating" wd="y"/>
            </conj>
            <grup.nom gen="m" num="s">
              <n gen="m" lem="miembro" num="s" pos="ncms000" postype="common" sense="16:07404067" wd="miembro"/>
              <sp>
                <prep>
                  <s contracted="yes" gen="m" lem="del" num="s" pos="spcms" postype="preposition" wd="del"/>
                </prep>
                <sn entityref="ne" ne="organization">
                  <grup.nom gen="m" num="s">
                    <n gen="m" lem="comité" num="s" pos="ncms000" postype="common" sense="16:06172564" wd="comité"/>
                    <sp>
                      <prep>
                        <s lem="de" pos="sps00" postype="preposition" wd="de"/>
                      </prep>
                      <sn>
                        <grup.nom gen="f" num="s">
                          <n gen="f" lem="empresa" num="s" pos="ncfs000" postype="common" sense="16:06004580" wd="empresa"/>
                        </grup.nom>
                      </sn>
                    </sp>
                    <sp>
                      <prep>
                        <s lem="de" pos="sps00" postype="preposition" wd="de"/>
                      </prep>
                      <sn coreftype="ident" entity="entity9" entityref="ne" ne="organization">
                        <grup.nom>
                          <n lem="Santa_Bárbara" ne="organization" pos="np0000o" postype="proper" sense="16:50005594" wd="Santa_Bárbara"/>
                        </grup.nom>
                      </sn>
                    </sp>
                  </grup.nom>
                </sn>
              </sp>
            </grup.nom>
          </grup.nom>
        </sn>
      </grup.nom>
      <f lem="," pos="fc" punct="comma" wd=","/>
    </sn>
    <grup.verb>
      <v lem="expresar" lss="A32.ditransitive-patient-benefactive" mood="indicative" num="s" person="3" pos="vmis3s0" postype="main" tense="past" wd="expresó"/>
    </grup.verb>
    <sn arg="arg1" entityref="nne" func="cd" tem="pat">
      <spec gen="m" num="s">
        <d coreftype="ident" entity="entity19" entityref="spec" gen="c" lem="su" num="s" person="3" pos="dp3cs0" postype="possessive" wd="su"/>
      </spec>
      <grup.nom gen="m" num="s">
        <n gen="m" lem="temor" num="s" pos="ncms000" postype="common" sense="16:05591792" wd="temor"/>
      </grup.nom>
    </sn>
    <sp arg="argM" func="cc" tem="cau">
      <prep>
        <s lem="ante" pos="sps00" postype="preposition" wd="ante"/>
      </prep>
      <sn entityref="nne" homophoricDD="yes">
        <spec gen="f" num="s">
          <d gen="f" lem="el" num="s" pos="da0fs0" postype="article" wd="la"/>
        </spec>
        <grup.nom gen="f" num="s">
          <n gen="f" lem="posibilidad" num="s" pos="ncfs000" postype="common" sense="16:10388744" wd="posibilidad"/>
          <sp>
            <prep>
              <s lem="de" pos="sps00" postype="preposition" wd="de"/>
            </prep>
            <S clausetype="completive">
              <conj conjunctiontype="subordinating">
                <c lem="que" pos="cs" postype="subordinating" wd="que"/>
              </conj>
              <sn arg="arg0" coreftype="ident" entity="entity6" entityref="nne" func="suj" tem="agt">
                <spec gen="f" num="s">
                  <d gen="f" lem="el" num="s" pos="da0fs0" postype="article" wd="la"/>
                </spec>
                <grup.nom gen="f" num="s">
                  <n gen="f" lem="venta" lexicalid="noun.venta.1.default" num="s" origin="deverbal" pos="ncfs000" postype="common" sense="16:00723154" wd="venta"/>
                </grup.nom>
              </sn>
              <grup.verb>
                <v lem="encubrir" lss="A21.transitive-agentive-patient" mood="subjunctive" num="s" person="3" pos="vmsp3s0" postype="main" tense="present" wd="encubra"/>
              </grup.verb>
              <sn arg="arg1" entityref="nne" func="cd" tem="pat">
                <spec gen="f" num="s">
                  <d gen="f" lem="uno" num="s" pos="di0fs0" postype="indefinite" wd="una"/>
                </spec>
                <grup.nom gen="f" num="s">
                  <n gen="f" lem="operación" lexicalid="noun.operación.4.default" num="s" origin="deverbal" pos="ncfs000" postype="common" sense="16:00709934" wd="operación"/>
                  <s.a func="cn" gen="f" num="s">
                    <grup.a gen="f" num="s">
                      <a gen="f" lem="especulativo" num="s" pos="aq0fs0" postype="qualificative" wd="especulativa"/>
                    </grup.a>
                  </s.a>
                </grup.nom>
              </sn>
            </S>
          </sp>
        </grup.nom>
      </sn>
    </sp>
    <f lem="." pos="fp" punct="period" wd="."/>
  </sentence>
  <sentence coord="yes">
    <S>
      <sn arg="arg0" coreftype="ident" entity="entity19" entityref="spec" func="suj" tem="agt">
        <spec gen="m" num="s">
          <d gen="m" lem="el" num="s" pos="da0ms0" postype="article" wd="El"/>
        </spec>
        <grup.nom gen="m" num="s">
          <n gen="c" lem="dirigente" num="s" pos="nccs000" postype="common" sense="16:06950891" wd="dirigente"/>
          <s.a gen="m" num="s">
            <grup.a gen="m" num="s">
              <a gen="c" lem="sindical" num="s" pos="aq0cs0" postype="qualificative" wd="sindical"/>
            </grup.a>
          </s.a>
        </grup.nom>
      </sn>
      <grup.verb>
        <v lem="manifestar" lss="A32.ditransitive-patient-benefactive" mood="indicative" num="s" person="3" pos="vmis3s0" postype="main" tense="past" wd="manifestó"/>
      </grup.verb>
      <sn arg="arg1" entityref="nne" func="cd" homophoricDD="yes" tem="pat">
        <spec gen="m" num="s">
          <d gen="m" lem="el" num="s" pos="da0ms0" postype="article" wd="el"/>
        </spec>
        <grup.nom gen="m" num="s">
          <f lem="&quot;" pos="fe" punct="quotation" wd="&quot;"/>
          <n gen="m" lem="rechazo" lexicalid="noun.rechazo.3.default" num="s" origin="deverbal" pos="ncms000" postype="common" sense="16:00133315" wd="rechazo"/>
          <f lem="&quot;" pos="fe" punct="quotation" wd="&quot;"/>
          <sp arg="arg1" func="cn" tem="tem">
            <prep>
              <s lem="de" pos="sps00" postype="preposition" wd="de"/>
            </prep>
            <sn coreftype="ident" entity="entity21" entityref="nne">
              <spec gen="m" num="p">
                <d gen="m" lem="el" num="p" pos="da0mp0" postype="article" wd="los"/>
              </spec>
              <grup.nom gen="m" num="p">
                <n gen="m" lem="trabajador" num="p" pos="ncmp000" postype="common" sense="16:07240707" wd="trabajadores"/>
              </grup.nom>
            </sn>
          </sp>
          <sp arg="arg0" func="cn" tem="cau">
            <prep>
              <s lem="a" pos="sps00" postype="preposition" wd="a"/>
            </prep>
            <sn coreftype="ident" entity="entity6" entityref="nne">
              <spec gen="f" num="s">
                <d gen="f" lem="el" num="s" pos="da0fs0" postype="article" wd="la"/>
              </spec>
              <grup.nom gen="f" num="s">
                <n gen="f" lem="operación" lexicalid="noun.operación.4.default" num="s" origin="deverbal" pos="ncfs000" postype="common" sense="16:00709934" wd="operación"/>
              </grup.nom>
            </sn>
          </sp>
        </grup.nom>
      </sn>
    </S>
    <conj conjunctiontype="coordinating">
      <c lem="y" pos="cc" postype="coordinating" wd="y"/>
    </conj>
    <S>
      <sn arg="arg0" coreftype="ident" elliptic="yes" entity="entity19" entityref="spec" func="suj" tem="agt"/>
      <grup.verb>
        <v lem="sostener" lss="A21.transitive-agentive-patient" mood="indicative" num="s" person="3" pos="vmis3s0" postype="main" tense="past" wd="sostuvo"/>
      </grup.verb>
      <S arg="arg1" clausetype="completive" func="cd" tem="pat">
        <conj conjunctiontype="subordinating">
          <c lem="que" pos="cs" postype="subordinating" wd="que"/>
        </conj>
        <f lem="&quot;" pos="fe" punct="quotation" wd="&quot;"/>
        <sn arg="arg0" coreftype="ident" entity="entity2" entityref="spec" func="suj" tem="agt">
          <spec gen="m" num="p">
            <d gen="m" lem="el" num="p" pos="da0mp0" postype="article" wd="los"/>
          </spec>
          <grup.nom gen="m" num="p">
            <n gen="m" lem="americano" num="p" pos="ncmp000" postype="common" sense="16:07043346" wd="americanos"/>
          </grup.nom>
        </sn>
        <neg func="mod">
          <r lem="no" pos="rn" postype="negative" wd="no"/>
        </neg>
        <grup.verb>
          <v lem="venir" mood="indicative" num="p" person="3" pos="vmip3p0" postype="main" tense="present" wd="vienen"/>
          <s lem="a" pos="sps00" postype="preposition" wd="a"/>
          <infinitiu>
            <v lem="aportar" lss="A21.transitive-agentive-patient" mood="infinitive" pos="vmn0000" postype="main" wd="aportar"/>
          </infinitiu>
        </grup.verb>
        <sn arg="arg1" entityref="nne" func="cd" tem="pat">
          <grup.nom gen="f" num="s">
            <n gen="f" lem="carga" lexicalid="noun.carga.3.default" num="s" origin="deverbal" pos="ncfs000" postype="common" sense="16:02934345" wd="carga"/>
            <sp arg="arg1" func="cn" tem="tem">
              <prep>
                <s lem="de" pos="sps00" postype="preposition" wd="de"/>
              </prep>
              <sn>
                <grup.nom gen="m" num="s">
                  <n gen="m" lem="trabajo" lexicalid="noun.trabajo.1.default" num="s" origin="deverbal" pos="ncms000" postype="common" sense="16:00383807" wd="trabajo"/>
                </grup.nom>
              </sn>
            </sp>
          </grup.nom>
        </sn>
        <S arg="argM" clausetype="adverbial" coord="yes" func="cc" tem="cau">
          <conj conjunctiontype="subordinating">
            <c lem="porque" pos="cs" postype="subordinating" wd="porque"/>
          </conj>
          <S clausetype="adverbial">
            <sn arg="arg1" coreftype="ident" entity="entity9" entityref="ne" func="suj" ne="organization" tem="tem">
              <grup.nom>
                <n lem="Santa_Bárbara" ne="organization" pos="np0000o" postype="proper" sense="16:50005594" wd="Santa_Bárbara"/>
              </grup.nom>
            </sn>
            <sadv arg="argM" func="cc" tem="tmp">
              <grup.adv>
                <r lem="ya" pos="rg" wd="ya"/>
              </grup.adv>
            </sadv>
            <grup.verb>
              <v lem="tener" lss="C21.state-attributive" mood="indicative" num="s" person="3" pos="vmip3s0" postype="main" tense="present" wd="tiene"/>
            </grup.verb>
            <sn arg="arg2" entityref="nne" func="cd" functype="quantitative" tem="atr">
              <grup.nom gen="m" num="p">
                <S clausetype="participle" func="cn" impersonal="yes">
                  <participi>
                    <a gen="m" lem="firmado" num="p" pos="aq0mpp" posfunction="participle" postype="qualificative" wd="firmados"/>
                  </participi>
                </S>
                <n gen="m" lem="contrato" lexicalid="noun.contrato.1.default" num="p" origin="deverbal" pos="ncmp000" postype="common" sense="16:04894916" wd="contratos"/>
                <sp arg="arg1" func="cn" tem="pat">
                  <prep>
                    <s lem="con" pos="sps00" postype="preposition" wd="con"/>
                  </prep>
                  <sn entityref="nne">
                    <spec gen="m" num="p">
                      <d gen="m" lem="varios" num="p" pos="di0mp0" postype="indefinite" wd="varios"/>
                    </spec>
                    <grup.nom gen="m" num="p">
                      <n gen="c" lem="cliente" num="p" pos="nccp000" postype="common" sense="16:07197309" wd="clientes"/>
                    </grup.nom>
                  </sn>
                </sp>
              </grup.nom>
            </sn>
          </S>
          <conj conjunctiontype="coordinating">
            <c lem="y" pos="cc" postype="coordinating" wd="y"/>
          </conj>
          <S clausetype="adverbial">
            <sadv arg="argM" func="cc" tem="adv">
              <grup.adv>
                <r lem="únicamente" pos="rg" wd="únicamente"/>
              </grup.adv>
            </sadv>
            <sn arg="arg0" coreftype="ident" elliptic="yes" entity="entity2" entityref="spec" func="suj" tem="agt"/>
            <morfema.pronominal>
              <p gen="c" lem="él" num="c" person="3" pos="p0300000" wd="se"/>
            </morfema.pronominal>
            <grup.verb>
              <v lem="hacer_cargo" lss="A22.transitive-agentive-theme" mood="indicative" num="p" person="3" pos="vmif3p0" postype="main" tense="future" wd="harán_cargo"/>
            </grup.verb>
            <sp arg="arg1" coord="yes" func="creg" tem="tem">
              <sp>
                <prep>
                  <s lem="de" pos="sps00" postype="preposition" wd="de"/>
                </prep>
                <sn coreftype="ident" entity="entity21" entityref="nne">
                  <spec gen="m" num="p">
                    <d gen="m" lem="el" num="p" pos="da0mp0" postype="article" wd="los"/>
                  </spec>
                  <grup.nom gen="m" num="p">
                    <n gen="m" lem="trabajador" num="p" pos="ncmp000" postype="common" sense="16:07240707" wd="trabajadores"/>
                  </grup.nom>
                </sn>
              </sp>
              <conj conjunctiontype="coordinating">
                <c lem="y" pos="cc" postype="coordinating" wd="y"/>
              </conj>
              <sp>
                <prep>
                  <s lem="de" pos="sps00" postype="preposition" wd="de"/>
                </prep>
                <sn entityref="nne" homophoricDD="yes">
                  <spec gen="f" num="s">
                    <d gen="f" lem="el" num="s" pos="da0fs0" postype="article" wd="la"/>
                  </spec>
                  <grup.nom gen="f" num="s">
                    <n gen="f" lem="cartera" num="s" pos="ncfs000" postype="common" sense="16:02338425" wd="cartera"/>
                    <sp>
                      <prep>
                        <s lem="de" pos="sps00" postype="preposition" wd="de"/>
                      </prep>
                      <sn>
                        <grup.nom gen="m" num="p">
                          <n gen="c" lem="cliente" num="p" pos="nccp000" postype="common" sense="16:07197309" wd="clientes"/>
                        </grup.nom>
                      </sn>
                    </sp>
                  </grup.nom>
                </sn>
              </sp>
            </sp>
          </S>
        </S>
        <f lem="&quot;" pos="fe" punct="quotation" wd="&quot;"/>
      </S>
    </S>
    <f lem="." pos="fp" punct="period" wd="."/>
  </sentence>
</article>
