<?xml version="1.0" encoding="UTF-8"?>
<!-- 

  ancora-2.0
       
			Copyright (C) 2007, 2008, 2009, 2010, 2011 UB - CLiC
			Centre de Llenguatge i Computació - Universitat de Barcelona
 
  This file is part of ancora-2.0.
 
  ancora-2.0 is free software and data: you can redistribute it and/or modify
  it under the terms of the GNU General Public License as published
  by the Free Software Foundation, either version 3 of the License,
  or (at your option) any later version.

  ancora-2.0 is distributed in the hope that it will be useful,
  but WITHOUT ANY WARRANTY; without even the implied warranty of
  MERCHANTABILITY or FITNESS FOR A PARTICULAR PURPOSE.  See the
  GNU General Public License for more details.
 
  You should have received a copy of the GNU General Public License
  along with ancora-2.0.  If not, see &lt;http://www.gnu.org/licenses/&gt;.
 
  Check a text in catalan explaining the terms of the license at http://www.softcatala.cat/wiki/GPL3.
  In spanish at http://www.viti.es/gnu/licenses/gpl.html
 

  The following paper must be cited when using this corpus:

 * Taulé, M., M.A. Martí, M. Recasens (2008) 'Ancora: Multilevel Annotated Corpora for Catalan and Spanish',
   Proceedings of 6th International Conference on Language Resources and Evaluation. Marrakesh (Morocco).

  In addition, the following paper must be cited if coreference information (attributes entity, coreftype,
  corefsubtype, homophoricDD or entityref) is used:

 * Recasens, Marta, M. Antònia Martí (2010) ‘AnCora-CO: Coreferentially annotated corpora for Spanish and
   Catalan’. Language Resources and Evaluation, Springer Science.

  Additionally, the following paper must be cited when argumental attributes in "sn" or "grup.nom"
  (attributes func, arg, tem or lexicalid) are used:

 * Peris, Aina, Mariona Taulé, Horacio Rodríguez (2010) ‘Semantic Annotation of Deverbal Nominalizations in the
   Spanish AnCora corpus’. Treebanks and Linguistic Theories (TLT-2010), Estonia.
-->
<article lng="es">
  <sentence>
    <S arg="arg1" clausetype="completive" func="cd" tem="pat">
      <sn arg="arg0" entity="entity4" entityref="ne" func="suj" ne="organization" tem="agt">
        <grup.nom>
          <n lem="Arabia_Saudí" ne="organization" pos="np0000o" postype="proper" sense="16:cs1" wd="Arabia_Saudí"/>
        </grup.nom>
      </sn>
      <grup.verb>
        <v lem="adelantar" lss="A21.transitive-agentive-patient" mood="indicative" num="s" person="3" pos="vmif3s0" postype="main" tense="future" wd="adelantará"/>
      </grup.verb>
      <sp arg="argM" func="cc" tem="tmp">
        <prep>
          <s lem="a" pos="sps00" postype="preposition" wd="a"/>
        </prep>
        <sn entityref="nne" homophoricDD="yes">
          <spec gen="m" num="p">
            <d gen="m" lem="el" num="p" pos="da0mp0" postype="article" wd="los"/>
          </spec>
          <grup.nom gen="m" num="p">
            <s.a gen="m" num="p">
              <grup.a gen="m" num="p">
                <a gen="m" lem="próximo" num="p" pos="aq0mp0" postype="qualificative" wd="próximos"/>
              </grup.a>
            </s.a>
            <n gen="m" lem="mes" num="p" pos="ncmp000" postype="common" sense="16:10922179" wd="meses"/>
          </grup.nom>
        </sn>
      </sp>
      <sn arg="arg1" entity="entity1" entityref="nne" func="cd" homophoricDD="yes" tem="pat">
        <spec gen="f" num="s">
          <d gen="f" lem="el" num="s" pos="da0fs0" postype="article" wd="la"/>
        </spec>
        <grup.nom gen="f" num="s">
          <n gen="f" lem="retirada" lexicalid="noun.retirada.5.default" num="s" origin="deverbal" pos="ncfs000" postype="common" sense="16:00031519" wd="retirada"/>
          <sp arg="arg1" func="cn" tem="tem">
            <prep>
              <s lem="de" pos="sps00" postype="preposition" wd="de"/>
            </prep>
            <sn entity="entity8" entityref="nne">
              <spec gen="f" num="p">
                <d coreftype="ident" entity="entity4" entityref="spec" gen="c" lem="su" num="p" person="3" pos="dp3cp0" postype="possessive" wd="sus"/>
              </spec>
              <grup.nom gen="f" num="p">
                <n gen="f" lem="tropa" num="p" pos="ncfp000" postype="common" sense="16:06209853" wd="tropas"/>
              </grup.nom>
            </sn>
          </sp>
          <sp arg="arg2" func="cn" tem="loc">
            <prep>
              <s lem="de" pos="sps00" postype="preposition" wd="de"/>
            </prep>
            <sn entityref="ne" ne="location">
              <spec gen="f" num="s">
                <d gen="f" lem="el" num="s" pos="da0fs0" postype="article" wd="la"/>
              </spec>
              <grup.nom gen="f" num="s">
                <n gen="f" lem="frontera" num="s" pos="ncfs000" postype="common" sense="16:06279444" wd="frontera"/>
                <sp>
                  <prep>
                    <s lem="con" pos="sps00" postype="preposition" wd="con"/>
                  </prep>
                  <sn entity="entity3" entityref="ne" ne="location">
                    <grup.nom>
                      <n lem="Yemen" ne="location" pos="np0000l" postype="proper" sense="16:06650824" wd="Yemen"/>
                    </grup.nom>
                  </sn>
                </sp>
              </grup.nom>
            </sn>
          </sp>
        </grup.nom>
      </sn>
      <sp arg="argM" func="cc" tem="adv">
        <f lem="," pos="fc" punct="comma" wd=","/>
        <prep>
          <s lem="en_lugar_de" pos="sps00" postype="preposition" wd="en_lugar_de"/>
        </prep>
        <S clausetype="completive" impersonal="yes">
          <infinitiu>
            <v coreftype="ident" entity="entity1" lem="hacer" lss="B21.unaccusative-state" mood="infinitive" pos="vmn0000" postype="main" wd="hacerlo"/>
          </infinitiu>
          <sp arg="argM" func="cc" tem="tmp">
            <prep>
              <s lem="en" pos="sps00" postype="preposition" wd="en"/>
            </prep>
            <sn entity="entity2">
              <spec gen="m" num="p">
                <d gen="c" lem="dos" num="p" pos="dn0cp0" postype="numeral" wd="dos"/>
              </spec>
              <grup.nom gen="m" num="p">
                <n gen="m" lem="año" num="p" pos="ncmp000" postype="common" sense="16:10917509" wd="años"/>
              </grup.nom>
            </sn>
          </sp>
          <S arg="argM" clausetype="adverbial" func="cc" tem="adv">
            <f lem="," pos="fc" punct="comma" wd=","/>
            <conj conjunctiontype="subordinating">
              <c lem="como" pos="cs" postype="subordinating" wd="como"/>
            </conj>
            <grup.verb>
              <v lem="prever" lss="A21.transitive-agentive-patient" mood="indicative" num="s" person="3" pos="vmii3s0" postype="main" tense="imperfect" wd="preveía"/>
            </grup.verb>
            <sn arg="arg0" entityref="nne" func="suj" tem="agt">
              <spec gen="m" num="s">
                <d gen="m" lem="uno" num="s" pos="di0ms0" postype="indefinite" wd="un"/>
              </spec>
              <grup.nom gen="m" num="s">
                <n gen="m" lem="tratado" num="s" pos="ncms000" postype="common" sense="16:05074858" wd="tratado"/>
                <S clausetype="participle" impersonal="yes">
                  <participi>
                    <a gen="m" lem="firmado" lss="B22.unaccusative-passive-transitive" num="s" pos="aq0msp" posfunction="participle" postype="qualificative" wd="firmado"/>
                  </participi>
                  <sp arg="argM" func="cc" tem="tmp">
                    <prep>
                      <s lem="en" pos="sps00" postype="preposition" wd="en"/>
                    </prep>
                    <sn entityref="ne" ne="date">
                      <grup.nom gen="m" num="s">
                        <w lem="[??:??/06/??:??.??]" ne="date" wd="junio"/>
                        <S clausetype="participle" impersonal="yes">
                          <participi>
                            <a gen="m" lem="pasado" num="s" pos="aq0msp" posfunction="participle" postype="qualificative" wd="pasado"/>
                          </participi>
                        </S>
                      </grup.nom>
                    </sn>
                  </sp>
                </S>
              </grup.nom>
            </sn>
          </S>
        </S>
      </sp>
      <f lem="," pos="fc" punct="comma" wd=","/>
    </S>
    <grup.verb>
      <v lem="informar" lss="A34.ditransitive-patient-theme" mood="indicative" num="s" person="3" pos="vmip3s0" postype="main" tense="present" wd="informa"/>
    </grup.verb>
    <sadv arg="argM" func="cc" tem="tmp">
      <grup.adv>
        <r lem="hoy" pos="rg" wd="hoy"/>
        <sn entityref="ne" ne="date">
          <f lem="," pos="fc" punct="comma" wd=","/>
          <grup.nom gen="m" num="s">
            <w lem="[jueves:??/??/??:??.??]" ne="date" wd="jueves"/>
          </grup.nom>
          <f lem="," pos="fc" punct="comma" wd=","/>
        </sn>
      </grup.adv>
    </sadv>
    <sn entityref="ne" ne="organization">
      <spec gen="m" num="s">
        <d gen="m" lem="el" num="s" pos="da0ms0" postype="article" wd="el"/>
      </spec>
      <grup.nom gen="m" num="s">
        <n gen="m" lem="diario" num="s" pos="ncms000" postype="common" sense="16:04738466" wd="diario"/>
        <s.a gen="m" num="s">
          <grup.a gen="m" num="s">
            <a gen="c" lem="árabe" num="s" pos="aq0cs0" postype="qualificative" wd="árabe"/>
          </grup.a>
        </s.a>
        <s.a gen="m" num="s">
          <grup.a gen="m" num="s">
            <a gen="c" lem="internacional" num="s" pos="aq0cs0" postype="qualificative" wd="internacional"/>
          </grup.a>
        </s.a>
        <sn entityref="ne" ne="other">
          <f lem="," pos="fc" punct="comma" wd=","/>
          <grup.nom gen="m" num="s">
            <f lem="&quot;" pos="fe" punct="quotation" wd="&quot;"/>
            <n lem="Al_Hayat" ne="other" pos="np0000a" postype="proper" sense="16:cs1" wd="Al_Hayat"/>
            <f lem="&quot;" pos="fe" punct="quotation" wd="&quot;"/>
          </grup.nom>
        </sn>
      </grup.nom>
    </sn>
    <f lem="." pos="fp" punct="period" wd="."/>
  </sentence>
  <sentence>
    <S arg="arg1" clausetype="completive" coord="yes" entity="entity7" func="cd" tem="pat">
      <S clausetype="completive" coord="yes">
        <f lem="&quot;" pos="fe" punct="quotation" wd="&quot;"/>
        <S clausetype="completive">
          <sn arg="arg1" coreftype="ident" entity="entity1" entityref="nne" func="suj" tem="tem">
            <spec gen="f" num="s">
              <d gen="f" lem="el" num="s" pos="da0fs0" postype="article" wd="La"/>
            </spec>
            <grup.nom gen="f" num="s">
              <n gen="f" lem="retirada" lexicalid="noun.retirada.4.default" num="s" origin="deverbal" pos="ncfs000" postype="common" sense="16:00031519" wd="retirada"/>
            </grup.nom>
          </sn>
          <neg func="mod">
            <r lem="no" pos="rn" postype="negative" wd="no"/>
          </neg>
          <grup.verb>
            <v lem="tardar" lss="C31.state-scalar" mood="indicative" num="s" person="3" pos="vmif3s0" postype="main" tense="future" wd="tardará"/>
          </grup.verb>
          <sn arg="arg2" coreftype="ident" entity="entity2" func="cd" functype="quantitative" tem="ext">
            <spec gen="m" num="p">
              <d gen="c" lem="dos" num="p" pos="dn0cp0" postype="numeral" wd="dos"/>
            </spec>
            <grup.nom gen="m" num="p">
              <n gen="m" lem="año" num="p" pos="ncmp000" postype="common" sense="16:10917509" wd="años"/>
            </grup.nom>
          </sn>
          <f lem="," pos="fc" punct="comma" wd=","/>
        </S>
        <conj conjunctiontype="coordinating">
          <c lem="sino" pos="cc" postype="coordinating" wd="sino"/>
        </conj>
        <S clausetype="completive" verbless="yes">
          <sn>
            <spec gen="m" num="p">
              <d gen="m" lem="uno" num="p" pos="di0mp0" postype="indefinite" wd="unos"/>
            </spec>
            <grup.nom gen="m" num="p">
              <n gen="m" lem="mes" num="p" pos="ncmp000" postype="common" sense="16:10919146" wd="meses"/>
            </grup.nom>
          </sn>
          <f lem="," pos="fc" punct="comma" wd=","/>
        </S>
      </S>
      <S adjunct="yes" arg="argM" clausetype="adverbial" func="cc" tem="adv">
        <conj conjunctiontype="subordinating">
          <c lem="según" pos="cs" postype="subordinating" wd="según"/>
        </conj>
        <grup.verb>
          <v lem="haber" mood="indicative" num="p" person="3" pos="vaip3p0" postype="auxiliary" tense="present" wd="han"/>
          <v gen="m" lem="decidir" lss="A21.transitive-agentive-patient" mood="participle" num="s" pos="vmp00sm" postype="main" wd="decidido"/>
        </grup.verb>
        <sn arg="arg0" coreftype="ident" entity="entity3+entity4" entityref="spec" func="suj" tem="agt">
          <spec gen="m" num="p">
            <d gen="m" lem="ambos" num="p" pos="dn0mp0" postype="numeral" wd="ambos"/>
          </spec>
          <grup.nom gen="m" num="p">
            <n gen="m" lem="país" num="p" pos="ncmp000" postype="common" sense="16:06074189" wd="países"/>
          </grup.nom>
        </sn>
      </S>
      <f lem="&quot;" pos="fe" punct="quotation" wd="&quot;"/>
      <f lem="," pos="fc" punct="comma" wd=","/>
    </S>
    <grup.verb>
      <v lem="anunciar" lss="A21.transitive-agentive-patient" mood="indicative" num="s" person="3" pos="vmis3s0" postype="main" tense="past" wd="anunció"/>
    </grup.verb>
    <sadv arg="argM" func="cc" tem="tmp">
      <grup.adv>
        <r lem="ayer" pos="rg" wd="ayer"/>
      </grup.adv>
    </sadv>
    <sn arg="arg0" entity="entity5" entityref="ne" func="suj" ne="person" tem="agt">
      <spec gen="m" num="s">
        <d gen="m" lem="el" num="s" pos="da0ms0" postype="article" wd="el"/>
      </spec>
      <grup.nom gen="m" num="s">
        <n gen="m" lem="titular" num="s" pos="ncms000" postype="common" sense="16:07336733" wd="titular"/>
        <s.a gen="m" num="s">
          <grup.a gen="m" num="s">
            <a gen="c" lem="saudí" num="s" pos="aq0cs0" postype="qualificative" wd="saudí"/>
          </grup.a>
        </s.a>
        <sp>
          <prep>
            <s lem="de" pos="sps00" postype="preposition" wd="de"/>
          </prep>
          <sn entityref="ne" ne="organization">
            <grup.nom>
              <n lem="Defensa" ne="organization" pos="np0000o" postype="proper" sense="16:cs1" wd="Defensa"/>
            </grup.nom>
          </sn>
        </sp>
        <sn corefsubtype="definit" coreftype="pred" entity="entity5" entityref="ne" ne="person">
          <f lem="," pos="fc" punct="comma" wd=","/>
          <grup.nom gen="m" num="s">
            <n lem="Sultan_Ben_Abdel_Aziz" ne="person" pos="np0000p" postype="proper" sense="16:cs1" wd="Sultan_Ben_Abdel_Aziz"/>
          </grup.nom>
          <f lem="," pos="fc" punct="comma" wd=","/>
        </sn>
      </grup.nom>
    </sn>
    <sp arg="argM" func="cc" tem="loc">
      <prep>
        <s lem="en" pos="sps00" postype="preposition" wd="en"/>
      </prep>
      <sn entityref="nne">
        <grup.nom gen="f" num="s">
          <n gen="f" lem="rueda" num="s" pos="ncfs000" postype="common" sense="16:cs1" wd="rueda"/>
          <sp>
            <prep>
              <s lem="de" pos="sps00" postype="preposition" wd="de"/>
            </prep>
            <sn>
              <grup.nom gen="f" num="s">
                <n gen="f" lem="prensa" num="s" pos="ncfs000" postype="common" sense="16:04736003" wd="prensa"/>
              </grup.nom>
            </sn>
          </sp>
        </grup.nom>
      </sn>
    </sp>
    <sp arg="argM" func="cc" tem="adv">
      <prep>
        <s contracted="yes" gen="m" lem="junto_al" num="s" pos="spcms" postype="preposition" wd="junto_al"/>
      </prep>
      <sn entity="entity6" entityref="ne" ne="person">
        <grup.nom gen="m" num="s">
          <s.a gen="m" num="s">
            <grup.a gen="m" num="s">
              <a gen="m" lem="primero" num="s" pos="ao0ms0" postype="ordinal" wd="primer"/>
            </grup.a>
          </s.a>
          <n gen="m" lem="ministro" num="s" pos="ncms000" postype="common" sense="16:07412658" wd="ministro"/>
          <s.a gen="m" num="s">
            <grup.a gen="m" num="s">
              <a gen="c" lem="yemení" num="s" pos="aq0cs0" postype="qualificative" wd="yemení"/>
            </grup.a>
          </s.a>
          <sn corefsubtype="definit" coreftype="pred" entity="entity6" entityref="ne" ne="person">
            <f lem="," pos="fc" punct="comma" wd=","/>
            <grup.nom gen="m" num="s">
              <n lem="Abdel_Karim_Al_Ariani" ne="person" pos="np0000p" postype="proper" sense="16:cs1" wd="Abdel_Karim_Al_Ariani"/>
            </grup.nom>
          </sn>
        </grup.nom>
      </sn>
    </sp>
    <f lem="." pos="fp" punct="period" wd="."/>
  </sentence>
  <sentence>
    <sn arg="arg1" corefsubtype="prop" coreftype="dx" entity="entity7" entityref="nne" func="suj" tem="tem">
      <spec gen="f" num="p">
        <d gen="f" lem="este" num="p" pos="dd0fp0" postype="demonstrative" wd="Estas"/>
      </spec>
      <grup.nom gen="f" num="p">
        <n gen="f" lem="declaración" lexicalid="noun.declaración.1.default" num="p" origin="deverbal" pos="ncfp000" postype="common" sense="16:05043129" wd="declaraciones"/>
      </grup.nom>
    </sn>
    <grup.verb>
      <v lem="tener_lugar" lss="B11.unaccusative-motion" mood="indicative" num="p" person="3" pos="vmis3p0" postype="main" tense="past" wd="tuvieron_lugar"/>
    </grup.verb>
    <sp arg="argM" func="cc" tem="tmp">
      <prep>
        <s lem="tras" pos="sps00" postype="preposition" wd="tras"/>
      </prep>
      <sn entity="entity9" entityref="nne">
        <spec gen="f" num="s">
          <d gen="f" lem="uno" num="s" pos="di0fs0" postype="indefinite" wd="una"/>
        </spec>
        <grup.nom gen="f" num="s">
          <n gen="f" lem="reunión" lexicalid="noun.reunión.4.default" num="s" origin="deverbal" pos="ncfs000" postype="common" sense="16:06166238" wd="reunión"/>
          <sp arg="arg0" func="cn" tem="agt">
            <prep>
              <s contracted="yes" gen="m" lem="del" num="s" pos="spcms" postype="preposition" wd="del"/>
            </prep>
            <sn entity="entity10" entityref="nne" homophoricDD="yes">
              <grup.nom gen="m" num="s">
                <n gen="m" lem="comité" num="s" pos="ncms000" postype="common" sense="16:06171035" wd="comité"/>
                <s.a gen="m" num="s">
                  <grup.a gen="m" num="s">
                    <a gen="c" lem="bilateral" num="s" pos="aq0cs0" postype="qualificative" wd="bilateral"/>
                  </grup.a>
                </s.a>
                <sp>
                  <prep>
                    <s lem="de" pos="sps00" postype="preposition" wd="de"/>
                  </prep>
                  <sn>
                    <grup.nom gen="f" num="s">
                      <n gen="f" lem="coordinación" lexicalid="noun.coordinación.3.default" num="s" origin="deverbal" pos="ncfs000" postype="common" sense="16:00515970" wd="coordinación"/>
                    </grup.nom>
                  </sn>
                </sp>
                <sp>
                  <prep>
                    <s lem="de" pos="sps00" postype="preposition" wd="de"/>
                  </prep>
                  <sn complex="yes" coreftype="ident" entity="entity3+entity4">
                    <grup.nom coord="yes">
                      <grup.nom coreftype="ident" entity="entity4">
                        <n lem="Arabia_Saudí" ne="organization" pos="np0000o" postype="proper" sense="16:cs1" wd="Arabia_Saudí"/>
                      </grup.nom>
                      <conj conjunctiontype="coordinating">
                        <c lem="y" pos="cc" postype="coordinating" wd="y"/>
                      </conj>
                      <grup.nom coreftype="ident" entity="entity3">
                        <n lem="Yemen" ne="organization" pos="np0000o" postype="proper" sense="16:06650824" wd="Yemen"/>
                      </grup.nom>
                    </grup.nom>
                  </sn>
                </sp>
              </grup.nom>
            </sn>
          </sp>
          <S clausetype="participle" func="cn" impersonal="yes">
            <participi>
              <a gen="f" lem="celebrado" lss="B22.unaccusative-passive-transitive" num="s" pos="aq0fsp" posfunction="participle" postype="qualificative" wd="celebrada"/>
            </participi>
            <sp arg="argM" func="cc" tem="loc">
              <prep>
                <s lem="en" pos="sps00" postype="preposition" wd="en"/>
              </prep>
              <sn entityref="ne" ne="location">
                <grup.nom>
                  <n lem="Yeda" ne="location" pos="np0000l" postype="proper" sense="16:cs1" wd="Yeda"/>
                  <sp>
                    <f lem="," pos="fc" punct="comma" wd=","/>
                    <prep>
                      <s lem="en" pos="sps00" postype="preposition" wd="en"/>
                    </prep>
                    <sn entityref="ne" ne="location">
                      <spec gen="f" num="s">
                        <d gen="f" lem="el" num="s" pos="da0fs0" postype="article" wd="la"/>
                      </spec>
                      <grup.nom gen="f" num="s">
                        <n gen="f" lem="costa" num="s" pos="ncfs000" postype="common" sense="16:06801422" wd="costa"/>
                        <s.a gen="f" num="s">
                          <grup.a gen="f" num="s">
                            <a gen="c" lem="saudí" num="s" pos="aq0cs0" postype="qualificative" wd="saudí"/>
                          </grup.a>
                        </s.a>
                        <sp>
                          <prep>
                            <s contracted="yes" gen="m" lem="del" num="s" pos="spcms" postype="preposition" wd="del"/>
                          </prep>
                          <sn entityref="ne" ne="location">
                            <grup.nom gen="m" num="s">
                              <n lem="Mar_Rojo" ne="location" pos="np0000l" postype="proper" sense="16:06808613" wd="Mar_Rojo"/>
                            </grup.nom>
                          </sn>
                        </sp>
                      </grup.nom>
                    </sn>
                  </sp>
                </grup.nom>
              </sn>
            </sp>
          </S>
        </grup.nom>
      </sn>
    </sp>
    <f lem="." pos="fp" punct="period" wd="."/>
  </sentence>
  <sentence>
    <sn arg="arg0" entityref="ne" func="suj" ne="person" tem="agt">
      <spec gen="m" num="s">
        <d gen="m" lem="el" num="s" pos="da0ms0" postype="article" wd="El"/>
      </spec>
      <grup.nom gen="m" num="s">
        <n gen="c" lem="representante" num="s" pos="nccs000" postype="common" sense="16:07601722" wd="representante"/>
        <sp>
          <prep>
            <s lem="de" pos="sps00" postype="preposition" wd="de"/>
          </prep>
          <sn coreftype="ident" entity="entity4" entityref="ne" ne="organization">
            <grup.nom>
              <n lem="Arabia_Saudí" ne="organization" pos="np0000o" postype="proper" sense="16:cs1" wd="Arabia_Saudí"/>
            </grup.nom>
          </sn>
        </sp>
      </grup.nom>
    </sn>
    <grup.verb>
      <v lem="añadir" lss="A21.transitive-agentive-patient" mood="indicative" num="s" person="3" pos="vmis3s0" postype="main" tense="past" wd="añadió"/>
    </grup.verb>
    <S arg="arg1" clausetype="completive" func="cd" tem="pat">
      <conj conjunctiontype="subordinating">
        <c lem="que" pos="cs" postype="subordinating" wd="que"/>
      </conj>
      <S arg="argM" clausetype="adverbial" func="cc" tem="tmp">
        <f lem="," pos="fc" punct="comma" wd=","/>
        <conj conjunctiontype="subordinating">
          <c lem="mientras" pos="cs" postype="subordinating" wd="mientras"/>
        </conj>
        <grup.verb>
          <v lem="durar" lss="C21.state-attributive" mood="subjunctive" num="s" person="3" pos="vmsp3s0" postype="main" tense="present" wd="dure"/>
        </grup.verb>
        <sn arg="arg1" coreftype="ident" entity="entity1" entityref="nne" func="suj" tem="tem">
          <spec gen="f" num="s">
            <d gen="f" lem="el" num="s" pos="da0fs0" postype="article" wd="la"/>
          </spec>
          <grup.nom gen="f" num="s">
            <n gen="f" lem="retirada" lexicalid="noun.retirada.1.default" num="s" origin="deverbal" pos="ncfs000" postype="common" sense="16:00031519" wd="retirada"/>
          </grup.nom>
        </sn>
        <f lem="," pos="fc" punct="comma" wd=","/>
      </S>
      <sn arg="arg1" coreftype="ident" entity="entity3" entityref="ne" func="suj" ne="organization" tem="tem">
        <grup.nom>
          <n lem="Yemen" ne="organization" pos="np0000o" postype="proper" sense="16:06650824" wd="Yemen"/>
        </grup.nom>
      </sn>
      <grup.verb>
        <v lem="estar" lss="C21.state-attributive" mood="indicative" num="s" person="3" pos="vmif3s0" postype="main" tense="future" wd="estará"/>
      </grup.verb>
      <S arg="arg2" clausetype="participle" func="atr" impersonal="yes" tem="atr">
        <participi>
          <a gen="m" lem="autorizado" lss="B22.unaccusative-passive-transitive" num="s" pos="aq0msp" posfunction="participle" postype="qualificative" wd="autorizado"/>
        </participi>
        <sp arg="arg2" func="creg" tem="tem">
          <prep>
            <s lem="a" pos="sps00" postype="preposition" wd="a"/>
          </prep>
          <S clausetype="completive" impersonal="yes">
            <infinitiu>
              <v lem="ocupar" lss="A21.transitive-agentive-patient" mood="infinitive" pos="vmn0000" postype="main" wd="ocupar"/>
            </infinitiu>
            <sn arg="arg1" entityref="nne" func="cd" homophoricDD="yes" tem="pat">
              <spec gen="f" num="p">
                <d gen="f" lem="el" num="p" pos="da0fp0" postype="article" wd="las"/>
              </spec>
              <grup.nom gen="f" num="p">
                <n gen="f" lem="posición" num="p" pos="ncfp000" postype="common" sense="16:06353479" wd="posiciones"/>
                <S clausetype="participle" impersonal="yes">
                  <participi>
                    <a gen="f" lem="abandonado" lss="B22.unaccusative-passive-transitive" num="p" pos="aq0fpp" posfunction="participle" postype="qualificative" wd="abandonadas"/>
                  </participi>
                  <sp arg="arg0" func="cag" tem="agt">
                    <prep>
                      <s lem="por" pos="sps00" postype="preposition" wd="por"/>
                    </prep>
                    <sn coreftype="ident" entity="entity8" entityref="nne" homophoricDD="yes">
                      <spec gen="f" num="p">
                        <d gen="f" lem="el" num="p" pos="da0fp0" postype="article" wd="las"/>
                      </spec>
                      <grup.nom gen="f" num="p">
                        <n gen="f" lem="tropa" num="p" pos="ncfp000" postype="common" sense="16:06209853" wd="tropas"/>
                        <sp>
                          <prep>
                            <s lem="de" pos="sps00" postype="preposition" wd="de"/>
                          </prep>
                          <sn entityref="ne" ne="location">
                            <grup.nom>
                              <n lem="Riad" ne="location" pos="np0000l" postype="proper" sense="16:cs1" wd="Riad"/>
                            </grup.nom>
                          </sn>
                        </sp>
                      </grup.nom>
                    </sn>
                  </sp>
                </S>
              </grup.nom>
            </sn>
          </S>
        </sp>
      </S>
    </S>
    <f lem="." pos="fp" punct="period" wd="."/>
  </sentence>
  <sentence>
    <sn arg="arg0" coreftype="ident" entity="entity5" entityref="ne" func="suj" ne="person" tem="agt">
      <grup.nom gen="m" num="s">
        <n lem="Abdel_Aziz" ne="person" pos="np0000p" postype="proper" sense="16:cs1" wd="Abdel_Aziz"/>
      </grup.nom>
    </sn>
    <grup.verb>
      <v lem="considerar" lss="A21.transitive-agentive-patient" mood="indicative" num="s" person="3" pos="vmis3s0" postype="main" tense="past" wd="consideró"/>
    </grup.verb>
    <sn arg="arg1" coreftype="ident" entity="entity9" entityref="nne" func="cd" tem="pat">
      <spec gen="f" num="s">
        <d gen="f" lem="el" num="s" pos="da0fs0" postype="article" wd="la"/>
      </spec>
      <grup.nom gen="f" num="s">
        <n gen="f" lem="reunión" lexicalid="noun.reunión.4.default" num="s" origin="deverbal" pos="ncfs000" postype="common" sense="16:06166238" wd="reunión"/>
        <sp arg="arg0" func="cn" tem="agt">
          <prep>
            <s contracted="yes" gen="m" lem="del" num="s" pos="spcms" postype="preposition" wd="del"/>
          </prep>
          <sn coreftype="ident" entity="entity10" entityref="nne">
            <grup.nom gen="m" num="s">
              <n gen="m" lem="comité" num="s" pos="ncms000" postype="common" sense="16:06171035" wd="comité"/>
              <sp>
                <prep>
                  <s lem="de" pos="sps00" postype="preposition" wd="de"/>
                </prep>
                <sn>
                  <grup.nom gen="f" num="s">
                    <n gen="f" lem="coordinación" lexicalid="noun.coordinación.3.default" num="s" origin="deverbal" pos="ncfs000" postype="common" sense="16:00515970" wd="coordinación"/>
                  </grup.nom>
                </sn>
              </sp>
            </grup.nom>
          </sn>
        </sp>
      </grup.nom>
    </sn>
    <sn arg="arg2" func="cpred" tem="atr">
      <spec gen="m" num="s">
        <d gen="m" lem="uno" num="s" pos="di0ms0" postype="indefinite" wd="un"/>
      </spec>
      <grup.nom gen="m" num="s">
        <s.a func="cn" gen="m" num="s">
          <grup.a gen="m" num="s">
            <a gen="m" lem="primero" num="s" pos="ao0ms0" postype="ordinal" wd="primer"/>
          </grup.a>
        </s.a>
        <n gen="m" lem="paso" lexicalid="noun.paso.2.default" num="s" origin="deverbal" pos="ncms000" postype="common" sense="16:00107819" wd="paso"/>
        <sp>
          <prep>
            <s lem="en" pos="sps00" postype="preposition" wd="en"/>
          </prep>
          <sn entityref="nne" homophoricDD="yes">
            <spec gen="m" num="s">
              <d gen="m" lem="el" num="s" pos="da0ms0" postype="article" wd="el"/>
            </spec>
            <grup.nom gen="m" num="s">
              <n gen="m" lem="desarrollo" lexicalid="noun.desarrollo.3.default" num="s" origin="deverbal" pos="ncms000" postype="common" sense="16:00160202" wd="desarrollo"/>
              <sp arg="arg1" func="cn" tem="tem">
                <prep>
                  <s lem="de" pos="sps00" postype="preposition" wd="de"/>
                </prep>
                <sn entityref="nne" homophoricDD="yes">
                  <spec gen="f" num="s">
                    <d gen="f" lem="el" num="s" pos="da0fs0" postype="article" wd="la"/>
                  </spec>
                  <grup.nom gen="f" num="s">
                    <n gen="f" lem="cooperación" lexicalid="noun.cooperación.3.default" num="s" origin="deverbal" pos="ncfs000" postype="common" sense="16:00780822" wd="cooperación"/>
                    <sp arg="arg0" func="cn" tem="agt">
                      <prep>
                        <s lem="entre" pos="sps00" postype="preposition" wd="entre"/>
                      </prep>
                      <sn coreftype="ident" entity="entity3+entity4" entityref="spec">
                        <spec gen="m" num="p">
                          <d gen="m" lem="el" num="p" pos="da0mp0" postype="article" wd="los"/>
                          <d gen="c" lem="dos" num="p" pos="dn0cp0" postype="numeral" wd="dos"/>
                        </spec>
                        <grup.nom gen="m" num="p">
                          <n gen="m" lem="país" num="p" pos="ncmp000" postype="common" sense="16:06074189" wd="países"/>
                        </grup.nom>
                      </sn>
                    </sp>
                  </grup.nom>
                </sn>
              </sp>
            </grup.nom>
          </sn>
        </sp>
      </grup.nom>
    </sn>
    <S clausesubtype="concessive" clausetype="adverbial" func="ao">
      <f lem="," pos="fc" punct="comma" wd=","/>
      <conj conjunctiontype="subordinating">
        <c lem="aunque" pos="cs" postype="subordinating" wd="aunque"/>
      </conj>
      <sn arg="arg0" coreftype="ident" elliptic="yes" entity="entity5" entityref="spec" func="suj" tem="agt"/>
      <grup.verb>
        <v lem="advertir" lss="A34.ditransitive-patient-theme" mood="indicative" num="s" person="3" pos="vmis3s0" postype="main" tense="past" wd="advirtió"/>
      </grup.verb>
      <sp arg="arg2" func="creg" tem="tem">
        <prep>
          <s lem="de" pos="sps00" postype="preposition" wd="de"/>
        </prep>
        <S clausetype="completive">
          <conj conjunctiontype="subordinating">
            <c lem="que" pos="cs" postype="subordinating" wd="que"/>
          </conj>
          <neg func="mod">
            <r lem="no" pos="rn" postype="negative" wd="no"/>
          </neg>
          <grup.verb>
            <v lem="deber" mood="indicative" num="p" person="3" pos="vmip3p0" postype="main" tense="present" wd="deben"/>
            <infinitiu>
              <v lem="esperar" lss="B22.unaccusative-passive-transitive" mood="infinitive" pos="vmn0000" postype="main" wd="esperarse"/>
            </infinitiu>
          </grup.verb>
          <sn arg="arg1" entityref="nne" func="suj" tem="pat">
            <grup.nom gen="m" num="p">
              <n gen="m" lem="resultado" lexicalid="noun.resultado.3.default" num="p" origin="deverbal" pos="ncmp000" postype="common" sense="16:05438613" wd="resultados"/>
              <s.a func="cn" gen="m" num="p">
                <grup.a gen="m" num="p">
                  <a gen="m" lem="inmediato" num="p" pos="aq0mp0" postype="qualificative" wd="inmediatos"/>
                </grup.a>
              </s.a>
            </grup.nom>
          </sn>
        </S>
      </sp>
    </S>
    <f lem="." pos="fp" punct="period" wd="."/>
  </sentence>
  <sentence>
    <S arg="arg1" clausetype="completive" func="cd" tem="pat">
      <sp arg="argM" func="cc" tem="loc">
        <prep>
          <s lem="en" pos="sps00" postype="preposition" wd="En"/>
        </prep>
        <sn coreftype="ident" entity="entity9" entityref="nne">
          <spec arg="arg0" gen="m" num="s" tem="agt">
            <d coreftype="ident" entity="entity13" entityref="nne" gen="c" lem="su" num="s" person="3" pos="dp3cs0" postype="possessive" wd="su"/>
          </spec>
          <grup.nom gen="m" num="s">
            <n gen="m" lem="encuentro" lexicalid="noun.encuentro.4.default" num="s" origin="deverbal" pos="ncms000" postype="common" sense="16:00799023" wd="encuentro"/>
            <sp arg="argM" func="cn" tem="tmp">
              <prep>
                <s lem="de" pos="sps00" postype="preposition" wd="de"/>
              </prep>
              <sadv>
                <grup.adv>
                  <r lem="ayer" pos="rg" wd="ayer"/>
                </grup.adv>
              </sadv>
            </sp>
          </grup.nom>
        </sn>
        <f lem="," pos="fc" punct="comma" wd=","/>
      </sp>
      <sn arg="arg0" entity="entity13" entityref="nne" func="suj" tem="agt">
        <spec gen="m" num="p">
          <d gen="m" lem="el" num="p" pos="da0mp0" postype="article" wd="los"/>
        </spec>
        <grup.nom gen="m" num="p">
          <n gen="c" lem="representante" num="p" pos="nccp000" postype="common" sense="16:07529131" wd="representantes"/>
          <s.a complex="yes" gen="m" num="p">
            <grup.a coord="yes" gen="m" num="p">
              <grup.a gen="m" num="p">
                <a gen="c" lem="saudí" num="p" pos="aq0cp0" postype="qualificative" wd="saudíes"/>
              </grup.a>
              <conj conjunctiontype="coordinating">
                <c lem="y" pos="cc" postype="coordinating" wd="y"/>
              </conj>
              <grup.a gen="m" num="p">
                <a gen="c" lem="yemení" num="p" pos="aq0cp0" postype="qualificative" wd="yemeníes"/>
              </grup.a>
            </grup.a>
          </s.a>
        </grup.nom>
      </sn>
      <grup.verb>
        <v lem="tratar" lss="A22.transitive-agentive-theme" mood="indicative" num="p" person="3" pos="vmis3p0" postype="main" tense="past" wd="trataron"/>
      </grup.verb>
      <sp arg="arg1" func="creg" tem="tem">
        <sadv adjunct="yes">
          <grup.adv>
            <r lem="principalmente" pos="rg" wd="principalmente"/>
          </grup.adv>
        </sadv>
        <sp>
          <prep>
            <s lem="sobre" pos="sps00" postype="preposition" wd="sobre"/>
          </prep>
          <sn entity="entity12" entityref="nne" homophoricDD="yes">
            <spec gen="f" num="s">
              <d gen="f" lem="el" num="s" pos="da0fs0" postype="article" wd="la"/>
            </spec>
            <grup.nom gen="f" num="s">
              <n gen="f" lem="colaboración" lexicalid="noun.colaboración.1.default" num="s" origin="deverbal" pos="ncfs000" postype="common" sense="16:00780822" wd="colaboración"/>
              <sp arg="arg0" func="cn" tem="agt">
                <prep>
                  <s contracted="yes" gen="m" lem="del" num="s" pos="spcms" postype="preposition" wd="del"/>
                </prep>
                <sn entityref="nne" homophoricDD="yes">
                  <grup.nom gen="m" num="s">
                    <n gen="m" lem="sector" num="s" pos="ncms000" postype="common" sense="16:06214548" wd="sector"/>
                    <S clausetype="participle" impersonal="yes">
                      <participi>
                        <a gen="m" lem="privado" num="s" pos="aq0msp" posfunction="participle" postype="qualificative" wd="privado"/>
                      </participi>
                    </S>
                  </grup.nom>
                </sn>
              </sp>
              <sp arg="arg1" func="cn" tem="tem">
                <prep>
                  <s lem="en" pos="sps00" postype="preposition" wd="en"/>
                </prep>
                <sn entityref="nne">
                  <grup.nom gen="f" num="p">
                    <s.a func="cn" gen="f" num="p">
                      <grup.a gen="f" num="p">
                        <a gen="f" lem="futuro" num="p" pos="aq0fp0" postype="qualificative" wd="futuras"/>
                      </grup.a>
                    </s.a>
                    <n gen="f" lem="inversión" lexicalid="noun.inversión.2.default" num="p" origin="deverbal" pos="ncfp000" postype="common" sense="16:00712429" wd="inversiones"/>
                    <s.a func="cn" gen="f" num="p">
                      <grup.a gen="f" num="p">
                        <a gen="f" lem="conjunto" num="p" pos="aq0fp0" postype="qualificative" wd="conjuntas"/>
                      </grup.a>
                    </s.a>
                  </grup.nom>
                </sn>
              </sp>
            </grup.nom>
          </sn>
        </sp>
      </sp>
      <sp arg="argM" func="cc" tem="cau">
        <f lem="," pos="fc" punct="comma" wd=","/>
        <f lem="&quot;" pos="fe" punct="quotation" wd="&quot;"/>
        <prep>
          <s lem="por" pos="sps00" postype="preposition" wd="por"/>
        </prep>
        <sn entity="entity11" entityref="nne" homophoricDD="yes">
          <spec gen="f" num="p">
            <d gen="f" lem="el" num="p" pos="da0fp0" postype="article" wd="las"/>
          </spec>
          <grup.nom gen="f" num="p">
            <s.a gen="f" num="p">
              <grup.a gen="f" num="p">
                <a gen="f" lem="amplio" num="p" pos="aq0fp0" postype="qualificative" wd="amplias"/>
              </grup.a>
            </s.a>
            <n gen="f" lem="oportunidad" num="p" pos="ncfp000" postype="common" sense="16:10390345" wd="oportunidades"/>
            <S clausetype="relative">
              <relatiu arg="arg1" coreftype="ident" entity="entity11" entityref="nne" func="cd" tem="pat">
                <p gen="c" lem="que" num="c" pos="pr0cn000" postype="relative" wd="que"/>
              </relatiu>
              <sn arg="arg0" coreftype="ident" elliptic="yes" entity="entity12" entityref="nne" func="suj" tem="agt"/>
              <grup.verb>
                <v lem="ofrecer" lss="A32.ditransitive-patient-benefactive" mood="indicative" num="s" person="3" pos="vmip3s0" postype="main" tense="present" wd="ofrece"/>
              </grup.verb>
            </S>
          </grup.nom>
        </sn>
        <f lem="&quot;" pos="fe" punct="quotation" wd="&quot;"/>
        <f lem="," pos="fc" punct="comma" wd=","/>
      </sp>
    </S>
    <grup.verb>
      <v lem="decir" lss="A32.ditransitive-patient-benefactive" mood="indicative" num="s" person="3" pos="vmis3s0" postype="main" tense="past" wd="dijo"/>
    </grup.verb>
    <sn arg="arg0" coreftype="ident" entity="entity6" entityref="ne" func="suj" ne="person" tem="agt">
      <grup.nom gen="m" num="s">
        <n lem="Ariani" ne="person" pos="np0000p" postype="proper" sense="16:cs1" wd="Ariani"/>
      </grup.nom>
    </sn>
    <f lem="." pos="fp" punct="period" wd="."/>
  </sentence>
  <sentence>
    <sn arg="arg0" coreftype="ident" entity="entity10" entityref="nne" func="suj" tem="agt">
      <spec gen="m" num="s">
        <d gen="m" lem="el" num="s" pos="da0ms0" postype="article" wd="El"/>
      </spec>
      <grup.nom gen="m" num="s">
        <n gen="m" lem="comité" num="s" pos="ncms000" postype="common" sense="16:06171035" wd="comité"/>
        <sp>
          <prep>
            <s lem="de" pos="sps00" postype="preposition" wd="de"/>
          </prep>
          <sn>
            <grup.nom gen="f" num="s">
              <n gen="f" lem="coordinación" lexicalid="noun.coordinación.3.default" num="s" origin="deverbal" pos="ncfs000" postype="common" sense="16:00515970" wd="coordinación"/>
            </grup.nom>
          </sn>
        </sp>
      </grup.nom>
    </sn>
    <grup.verb>
      <v lem="acordar" lss="A22.transitive-agentive-theme" mood="indicative" num="s" person="3" pos="vmis3s0" postype="main" tense="past" wd="acordó"/>
    </grup.verb>
    <S arg="arg1" clausetype="completive" coord="yes" func="cd" impersonal="yes" tem="pat">
      <S clausetype="completive" coord="yes" impersonal="yes">
        <S clausetype="completive" impersonal="yes">
          <infinitiu>
            <v lem="reunir" lss="A21.transitive-agentive-patient" mood="infinitive" pos="vmn0000" postype="main" wd="reunirse"/>
          </infinitiu>
          <sn arg="argM" func="cc" tem="tmp">
            <spec gen="m" num="s">
              <d gen="c" lem="cada" num="s" pos="di0cs0" postype="indefinite" wd="cada"/>
              <d gen="c" lem="seis" num="p" pos="dn0cp0" postype="numeral" wd="seis"/>
            </spec>
            <grup.nom gen="m" num="p">
              <n gen="m" lem="mes" num="p" pos="ncmp000" postype="common" sense="16:10919146" wd="meses"/>
            </grup.nom>
          </sn>
        </S>
        <conj conjunctiontype="coordinating">
          <c lem="e" pos="cc" postype="coordinating" wd="e"/>
        </conj>
        <S clausetype="completive" impersonal="yes">
          <infinitiu>
            <v lem="intercambiar" lss="A34.ditransitive-patient-theme" mood="infinitive" pos="vmn0000" postype="main" wd="intercambiar"/>
          </infinitiu>
          <sn arg="arg1" entityref="nne" func="cd" tem="pat">
            <grup.nom gen="f" num="p">
              <n gen="f" lem="visita" lexicalid="noun.visita.1.default" num="p" origin="deverbal" pos="ncfp000" postype="common" sense="16:00800256" wd="visitas"/>
              <s.a func="cn" gen="f" num="p">
                <grup.a gen="f" num="p">
                  <a gen="f" lem="periódico" num="p" pos="aq0fp0" postype="qualificative" wd="periódicas"/>
                </grup.a>
              </s.a>
            </grup.nom>
          </sn>
        </S>
      </S>
      <sp adjunct="yes" arg="argM" func="cc" tem="fin">
        <prep>
          <s lem="para" pos="sps00" postype="preposition" wd="para"/>
        </prep>
        <S clausetype="completive" impersonal="yes">
          <infinitiu>
            <v lem="estudiar" lss="A21.transitive-agentive-patient" mood="infinitive" pos="vmn0000" postype="main" wd="estudiar"/>
          </infinitiu>
          <sn arg="arg1" entityref="nne" func="cd" tem="pat">
            <grup.nom gen="f" num="p">
              <s.a gen="f" num="p">
                <grup.a gen="f" num="p">
                  <a gen="f" lem="nuevo" num="p" pos="aq0fp0" postype="qualificative" wd="nuevas"/>
                </grup.a>
              </s.a>
              <n gen="f" lem="oportunidad" num="p" pos="ncfp000" postype="common" sense="16:10390345" wd="oportunidades"/>
              <sp>
                <prep>
                  <s lem="de" pos="sps00" postype="preposition" wd="de"/>
                </prep>
                <sn>
                  <grup.nom gen="f" num="s">
                    <n gen="f" lem="inversión" lexicalid="noun.inversión.2.default" num="s" origin="deverbal" pos="ncfs000" postype="common" sense="16:00712429" wd="inversión"/>
                  </grup.nom>
                </sn>
              </sp>
            </grup.nom>
          </sn>
        </S>
      </sp>
    </S>
    <f lem="." pos="fp" punct="period" wd="."/>
  </sentence>
</article>
