<?xml version="1.0" encoding="UTF-8"?>
<!-- 

  ancora-2.0
       
			Copyright (C) 2007, 2008, 2009, 2010, 2011 UB - CLiC
			Centre de Llenguatge i Computació - Universitat de Barcelona
 
  This file is part of ancora-2.0.
 
  ancora-2.0 is free software and data: you can redistribute it and/or modify
  it under the terms of the GNU General Public License as published
  by the Free Software Foundation, either version 3 of the License,
  or (at your option) any later version.

  ancora-2.0 is distributed in the hope that it will be useful,
  but WITHOUT ANY WARRANTY; without even the implied warranty of
  MERCHANTABILITY or FITNESS FOR A PARTICULAR PURPOSE.  See the
  GNU General Public License for more details.
 
  You should have received a copy of the GNU General Public License
  along with ancora-2.0.  If not, see &lt;http://www.gnu.org/licenses/&gt;.
 
  Check a text in catalan explaining the terms of the license at http://www.softcatala.cat/wiki/GPL3.
  In spanish at http://www.viti.es/gnu/licenses/gpl.html
 

  The following paper must be cited when using this corpus:

 * Taulé, M., M.A. Martí, M. Recasens (2008) 'Ancora: Multilevel Annotated Corpora for Catalan and Spanish',
   Proceedings of 6th International Conference on Language Resources and Evaluation. Marrakesh (Morocco).

  In addition, the following paper must be cited if coreference information (attributes entity, coreftype,
  corefsubtype, homophoricDD or entityref) is used:

 * Recasens, Marta, M. Antònia Martí (2010) ‘AnCora-CO: Coreferentially annotated corpora for Spanish and
   Catalan’. Language Resources and Evaluation, Springer Science.

  Additionally, the following paper must be cited when argumental attributes in "sn" or "grup.nom"
  (attributes func, arg, tem or lexicalid) are used:

 * Peris, Aina, Mariona Taulé, Horacio Rodríguez (2010) ‘Semantic Annotation of Deverbal Nominalizations in the
   Spanish AnCora corpus’. Treebanks and Linguistic Theories (TLT-2010), Estonia.
-->
<article lng="es">
  <sentence>
    <sn arg="arg0" coord="yes" func="suj" tem="agt">
      <sn entityref="nne" homophoricDD="yes">
        <spec gen="f" num="s">
          <d gen="f" lem="el" num="s" pos="da0fs0" postype="article" wd="La"/>
        </spec>
        <grup.nom gen="f" num="s">
          <n gen="f" lem="caída" lexicalid="noun.caída.3.default" num="s" origin="deverbal" pos="ncfs000" postype="common" sense="16:03985255" wd="caída"/>
          <sp arg="arg2" func="cn" tem="loc">
            <prep>
              <s lem="en" pos="sps00" postype="preposition" wd="en"/>
            </prep>
            <sn entity="entity12">
              <grup.nom gen="f" num="s">
                <n gen="f" lem="bolsa" num="s" pos="ncfs000" postype="common" sense="16:03417221" wd="bolsa"/>
              </grup.nom>
            </sn>
          </sp>
          <sp arg="arg1" func="cn" tem="tem">
            <prep>
              <s lem="de" pos="sps00" postype="preposition" wd="de"/>
            </prep>
            <sn entity="entity4" entityref="ne" ne="organization">
              <grup.nom>
                <n lem="Telefónica" ne="organization" pos="np0000o" postype="proper" sense="16:cs1" wd="Telefónica"/>
              </grup.nom>
            </sn>
          </sp>
          <sp arg="argM" func="cn" tem="cau">
            <prep>
              <s lem="por" pos="sps00" postype="preposition" wd="por"/>
            </prep>
            <sn entity="entity1" entityref="nne" homophoricDD="yes">
              <spec gen="f" num="p">
                <d gen="f" lem="el" num="p" pos="da0fp0" postype="article" wd="las"/>
              </spec>
              <grup.nom gen="f" num="p">
                <n gen="f" lem="compra" lexicalid="noun.compra.1.default" num="p" origin="deverbal" pos="ncfp000" postype="common" sense="16:00049855" wd="compras"/>
                <s.a arg="argM" func="cn" gen="f" num="p" tem="loc">
                  <grup.a gen="f" num="p">
                    <a gen="c" lem="bursátil" num="p" pos="aq0cp0" postype="qualificative" wd="bursátiles"/>
                  </grup.a>
                </s.a>
                <sp arg="arg0" func="cn" tem="agt">
                  <prep>
                    <s lem="de" pos="sps00" postype="preposition" wd="de"/>
                  </prep>
                  <sn entity="entity3" entityref="spec">
                    <spec gen="m" num="s">
                      <d coreftype="ident" entity="entity4" entityref="spec" gen="c" lem="su" num="s" person="3" pos="dp3cs0" postype="possessive" wd="su"/>
                    </spec>
                    <grup.nom gen="m" num="s">
                      <n gen="m" lem="presidente" num="s" pos="ncms000" postype="common" sense="16:07496197" wd="presidente"/>
                    </grup.nom>
                  </sn>
                </sp>
                <S clausetype="relative" func="cn">
                  <f lem="," pos="fc" punct="comma" wd=","/>
                  <relatiu arg="arg1" coreftype="ident" entity="entity1" entityref="nne" func="cd" tem="pat">
                    <p gen="c" lem="que" num="c" pos="pr0cn000" postype="relative" wd="que"/>
                  </relatiu>
                  <grup.verb>
                    <v lem="recoger" lss="A31.ditransitive-patient-locative" mood="indicative" num="p" person="3" pos="vmip3p0" postype="main" tense="present" wd="recogen"/>
                  </grup.verb>
                  <sn arg="arg2" entityref="nne" func="suj" tem="loc">
                    <grup.nom gen="m" num="p">
                      <p gen="c" lem="dos" num="p" pos="pn0cp000" postype="numeral" wd="dos"/>
                      <sp>
                        <prep>
                          <s lem="de" pos="sps00" postype="preposition" wd="de"/>
                        </prep>
                        <sn entity="entity2" entityref="nne" homophoricDD="yes">
                          <spec gen="m" num="p">
                            <d gen="m" lem="el" num="p" pos="da0mp0" postype="article" wd="los"/>
                            <d gen="c" lem="tres" num="p" pos="dn0cp0" postype="numeral" wd="tres"/>
                          </spec>
                          <grup.nom gen="m" num="p">
                            <n gen="m" lem="diario" num="p" pos="ncmp000" postype="common" sense="16:04738466" wd="diarios"/>
                            <s.a gen="m" num="p">
                              <grup.a gen="m" num="p">
                                <a gen="m" lem="económico" num="p" pos="aq0mp0" postype="qualificative" wd="económicos"/>
                              </grup.a>
                            </s.a>
                          </grup.nom>
                        </sn>
                      </sp>
                    </grup.nom>
                  </sn>
                </S>
              </grup.nom>
            </sn>
          </sp>
        </grup.nom>
      </sn>
      <f lem="," pos="fc" punct="comma" wd=","/>
      <sn entityref="nne" homophoricDD="yes">
        <spec gen="f" num="p">
          <d gen="f" lem="el" num="p" pos="da0fp0" postype="article" wd="las"/>
        </spec>
        <grup.nom gen="f" num="p">
          <n gen="f" lem="medida" num="p" pos="ncfp000" postype="common" sense="16:00113217" wd="medidas"/>
          <sp func="cn">
            <prep>
              <s lem="de" pos="sps00" postype="preposition" wd="de"/>
            </prep>
            <sn>
              <grup.nom gen="f" num="s">
                <n gen="f" lem="liberalización" lexicalid="noun.liberalización.3.default" num="s" origin="deverbal" pos="ncfs000" postype="common" sense="16:cs1" wd="liberalización"/>
                <sp arg="arg1" func="cn" tem="pat">
                  <prep>
                    <s lem="en" pos="sps00" postype="preposition" wd="en"/>
                  </prep>
                  <sn entity="entity10" entityref="nne">
                    <grup.nom gen="m" num="p">
                      <n gen="m" lem="horario" num="p" pos="ncmp000" postype="common" sense="16:04874965" wd="horarios"/>
                      <s.a gen="m" num="p">
                        <grup.a gen="m" num="p">
                          <a gen="c" lem="comercial" num="p" pos="aq0cp0" postype="qualificative" wd="comerciales"/>
                        </grup.a>
                      </s.a>
                    </grup.nom>
                  </sn>
                </sp>
              </grup.nom>
            </sn>
          </sp>
        </grup.nom>
      </sn>
      <conj conjunctiontype="coordinating">
        <c lem="y" pos="cc" postype="coordinating" wd="y"/>
      </conj>
      <sn entity="entity5" entityref="nne" homophoricDD="yes">
        <spec gen="f" num="s">
          <d gen="f" lem="el" num="s" pos="da0fs0" postype="article" wd="la"/>
        </spec>
        <grup.nom gen="f" num="s">
          <n gen="f" lem="rebaja" lexicalid="noun.rebaja.2.default" num="s" origin="deverbal" pos="ncfs000" postype="common" sense="16:09596149" wd="rebaja"/>
          <sp arg="arg1" func="cn" tem="tem">
            <prep>
              <s lem="de" pos="sps00" postype="preposition" wd="de"/>
            </prep>
            <sn entityref="nne" homophoricDD="yes">
              <spec gen="m" num="p">
                <d gen="m" lem="el" num="p" pos="da0mp0" postype="article" wd="los"/>
              </spec>
              <grup.nom gen="m" num="p">
                <n gen="m" lem="impuesto" num="p" pos="ncmp000" postype="common" sense="16:09580808" wd="impuestos"/>
                <sp>
                  <prep>
                    <s lem="sobre" pos="sps00" postype="preposition" wd="sobre"/>
                  </prep>
                  <sn entity="entity6" entityref="nne" homophoricDD="yes">
                    <spec gen="m" num="p">
                      <d gen="m" lem="el" num="p" pos="da0mp0" postype="article" wd="los"/>
                    </spec>
                    <grup.nom gen="m" num="p">
                      <n gen="m" lem="fondo" num="p" pos="ncmp000" postype="common" sense="16:cs1" wd="fondos"/>
                      <sp>
                        <prep>
                          <s lem="de" pos="sps00" postype="preposition" wd="de"/>
                        </prep>
                        <sn>
                          <grup.nom gen="f" num="s">
                            <n gen="f" lem="inversión" lexicalid="noun.inversión.2.default" num="s" origin="deverbal" pos="ncfs000" postype="common" sense="16:00712429" wd="inversión"/>
                          </grup.nom>
                        </sn>
                      </sp>
                    </grup.nom>
                  </sn>
                </sp>
              </grup.nom>
            </sn>
          </sp>
        </grup.nom>
      </sn>
    </sn>
    <grup.verb>
      <v lem="ocupar" lss="A21.transitive-agentive-patient" mood="indicative" num="p" person="3" pos="vmip3p0" postype="main" tense="present" wd="ocupan"/>
    </grup.verb>
    <sadv arg="argM" func="cc" tem="tmp">
      <grup.adv>
        <r lem="hoy" pos="rg" wd="hoy"/>
      </grup.adv>
    </sadv>
    <sn arg="arg1" entityref="nne" func="cd" homophoricDD="yes" tem="pat">
      <spec gen="f" num="p">
        <d gen="f" lem="el" num="p" pos="da0fp0" postype="article" wd="las"/>
      </spec>
      <grup.nom gen="f" num="p">
        <s.a gen="f" num="p">
          <grup.a gen="f" num="p">
            <a gen="f" lem="primero" num="p" pos="ao0fp0" postype="ordinal" wd="primeras"/>
          </grup.a>
        </s.a>
        <n gen="f" lem="plana" num="p" pos="ncfp000" postype="common" sense="16:06727012" wd="planas"/>
        <sp>
          <prep>
            <s lem="de" pos="sps00" postype="preposition" wd="de"/>
          </prep>
          <sn coreftype="ident" entity="entity2" entityref="nne" homophoricDD="yes">
            <spec gen="m" num="p">
              <d gen="m" lem="el" num="p" pos="da0mp0" postype="article" wd="los"/>
            </spec>
            <grup.nom gen="m" num="p">
              <n gen="m" lem="diario" num="p" pos="ncmp000" postype="common" sense="16:04738466" wd="diarios"/>
              <s.a gen="m" num="p">
                <grup.a gen="m" num="p">
                  <a gen="m" lem="económico" num="p" pos="aq0mp0" postype="qualificative" wd="económicos"/>
                </grup.a>
              </s.a>
            </grup.nom>
          </sn>
        </sp>
      </grup.nom>
    </sn>
    <f lem="." pos="fp" punct="period" wd="."/>
  </sentence>
  <sentence>
    <sn arg="arg0" entity="entity7" entityref="ne" func="suj" ne="other" tem="agt">
      <grup.nom>
        <n lem="EXPANSION" ne="other" pos="np0000a" postype="proper" sense="16:cs1" wd="EXPANSION"/>
      </grup.nom>
    </sn>
    <grup.verb>
      <v lem="destacar" lss="A21.transitive-agentive-patient" mood="indicative" num="s" person="3" pos="vmip3s0" postype="main" tense="present" wd="destaca"/>
    </grup.verb>
    <sp arg="argM" func="cc" tem="adv">
      <prep>
        <s lem="en" pos="sps00" postype="preposition" wd="en"/>
      </prep>
      <sn entityref="nne">
        <spec gen="f" num="s">
          <d coreftype="ident" entity="entity7" entityref="spec" gen="c" lem="su" num="s" person="3" pos="dp3cs0" postype="possessive" wd="su"/>
        </spec>
        <grup.nom gen="f" num="s">
          <n gen="f" lem="portada" num="s" pos="ncfs000" postype="common" sense="16:04732643" wd="portada"/>
        </grup.nom>
      </sn>
    </sp>
    <S arg="arg1" clausetype="completive" coord="yes" func="cd" tem="pat">
      <S clausetype="completive">
        <conj conjunctiontype="subordinating">
          <c lem="que" pos="cs" postype="subordinating" wd="que"/>
        </conj>
        <sn arg="arg0" entityref="nne" func="suj" homophoricDD="yes" tem="cau">
          <spec gen="f" num="p">
            <d gen="f" lem="el" num="p" pos="da0fp0" postype="article" wd="las"/>
          </spec>
          <grup.nom gen="f" num="p">
            <n gen="f" lem="sospecha" lexicalid="noun.sospecha.1.default" num="p" origin="deverbal" pos="ncfp000" postype="common" sense="16:10072681" wd="sospechas"/>
            <sp arg="arg2" func="cn" tem="tem">
              <prep>
                <s lem="sobre" pos="sps00" postype="preposition" wd="sobre"/>
              </prep>
              <sn coreftype="ident" entity="entity1" entityref="nne" homophoricDD="yes">
                <spec gen="f" num="p">
                  <d gen="f" lem="el" num="p" pos="da0fp0" postype="article" wd="las"/>
                </spec>
                <grup.nom gen="f" num="p">
                  <n gen="f" lem="compra" lexicalid="noun.compra.1.default" num="p" origin="deverbal" pos="ncfp000" postype="common" sense="16:00049855" wd="compras"/>
                  <s.a arg="argM" func="cn" gen="f" num="p" tem="loc">
                    <grup.a gen="f" num="p">
                      <a gen="c" lem="bursátil" num="p" pos="aq0cp0" postype="qualificative" wd="bursátiles"/>
                    </grup.a>
                  </s.a>
                  <sp arg="arg0" func="cn" tem="agt">
                    <prep>
                      <s lem="de" pos="sps00" postype="preposition" wd="de"/>
                    </prep>
                    <sn coreftype="ident" entity="entity3" entityref="ne" ne="person">
                      <grup.nom gen="m" num="s">
                        <n lem="Villalonga" ne="person" pos="np0000p" postype="proper" sense="16:cs1" wd="Villalonga"/>
                      </grup.nom>
                    </sn>
                  </sp>
                </grup.nom>
              </sn>
            </sp>
          </grup.nom>
        </sn>
        <grup.verb>
          <v lem="hundir" lss="A11.transitive-causative" mood="indicative" num="p" person="3" pos="vmip3p0" postype="main" tense="present" wd="hunden"/>
        </grup.verb>
        <sn arg="arg1" entityref="nne" func="cd" homophoricDD="yes" tem="tem">
          <spec gen="m" num="s">
            <d gen="m" lem="el" num="s" pos="da0ms0" postype="article" wd="el"/>
          </spec>
          <grup.nom gen="m" num="s">
            <n gen="m" lem="valor" num="s" pos="ncms000" postype="common" sense="16:04508194" wd="valor"/>
            <sp>
              <prep>
                <s lem="de" pos="sps00" postype="preposition" wd="de"/>
              </prep>
              <sn coreftype="ident" entity="entity4" entityref="ne" ne="organization">
                <grup.nom>
                  <n lem="Telefónica" ne="organization" pos="np0000o" postype="proper" sense="16:cs1" wd="Telefónica"/>
                </grup.nom>
              </sn>
            </sp>
          </grup.nom>
        </sn>
      </S>
      <conj conjunctiontype="coordinating">
        <c lem="y" pos="cc" postype="coordinating" wd="y"/>
      </conj>
      <S clausetype="completive">
        <conj conjunctiontype="subordinating">
          <c lem="que" pos="cs" postype="subordinating" wd="que"/>
        </conj>
        <sn arg="arg0" entityref="ne" func="suj" ne="organization" tem="cau">
          <spec gen="m" num="s">
            <d gen="m" lem="el" num="s" pos="da0ms0" postype="article" wd="el"/>
          </spec>
          <grup.nom gen="m" num="s">
            <n lem="Ejecutivo" ne="organization" pos="np0000o" postype="proper" sense="16:cs1" wd="Ejecutivo"/>
          </grup.nom>
        </sn>
        <grup.verb>
          <v lem="aumentar" lss="A11.transitive-causative" mood="indicative" num="s" person="3" pos="vmif3s0" postype="main" tense="future" wd="aumentará"/>
        </grup.verb>
        <sn arg="arg1" entityref="nne" func="cd" homophoricDD="yes" tem="tem">
          <spec gen="m" num="p">
            <d gen="m" lem="el" num="p" pos="da0mp0" postype="article" wd="los"/>
          </spec>
          <grup.nom gen="m" num="p">
            <n gen="m" lem="incentivo" num="p" pos="ncmp000" postype="common" sense="16:06660574" wd="incentivos"/>
            <sp>
              <prep>
                <s contracted="yes" gen="m" lem="al" num="s" pos="spcms" postype="preposition" wd="al"/>
              </prep>
              <sn entityref="nne" homophoricDD="yes">
                <grup.nom gen="m" num="s">
                  <n gen="m" lem="ahorro" lexicalid="noun.ahorro.1.default" num="s" origin="deverbal" pos="ncms000" postype="common" sense="16:00126393" wd="ahorro"/>
                </grup.nom>
              </sn>
            </sp>
          </grup.nom>
        </sn>
        <sp arg="argM" func="cc" tem="adv">
          <prep>
            <s lem="con" pos="sps00" postype="preposition" wd="con"/>
          </prep>
          <sn coreftype="ident" entity="entity5" entityref="nne">
            <grup.nom gen="f" num="p">
              <s.a func="cn" gen="f" num="p">
                <grup.a gen="f" num="p">
                  <a gen="c" lem="importante" num="p" pos="aq0cp0" postype="qualificative" wd="importantes"/>
                </grup.a>
              </s.a>
              <n gen="f" lem="medida" num="p" pos="ncfp000" postype="common" sense="16:00113217" wd="medidas"/>
              <sp func="cn">
                <prep>
                  <s lem="para" pos="sps00" postype="preposition" wd="para"/>
                </prep>
                <S clausetype="completive" coord="yes" impersonal="yes">
                  <S clausetype="completive" impersonal="yes">
                    <infinitiu>
                      <v lem="rebajar" lss="A11.transitive-causative" mood="infinitive" pos="vmn0000" postype="main" wd="rebajar"/>
                    </infinitiu>
                    <sn arg="arg1" entityref="nne" func="cd" homophoricDD="yes" tem="tem">
                      <spec gen="f" num="s">
                        <d gen="f" lem="el" num="s" pos="da0fs0" postype="article" wd="la"/>
                      </spec>
                      <grup.nom gen="f" num="s">
                        <n gen="f" lem="presión" lexicalid="noun.presión.1.default" num="s" origin="deverbal" pos="ncfs000" postype="common" sense="16:04044869" wd="presión"/>
                        <s.a arg="arg0" func="cn" gen="f" num="s" tem="agt">
                          <grup.a gen="f" num="s">
                            <a gen="c" lem="fiscal" num="s" pos="aq0cs0" postype="qualificative" wd="fiscal"/>
                          </grup.a>
                        </s.a>
                      </grup.nom>
                    </sn>
                  </S>
                  <conj conjunctiontype="coordinating">
                    <c lem="y" pos="cc" postype="coordinating" wd="y"/>
                  </conj>
                  <S clausetype="completive" impersonal="yes">
                    <infinitiu>
                      <v lem="favorecer" lss="A21.transitive-agentive-patient" mood="infinitive" pos="vmn0000" postype="main" wd="favorecer"/>
                    </infinitiu>
                    <sn arg="arg1" entityref="nne" func="cd" homophoricDD="yes" tem="pat">
                      <spec gen="f" num="s">
                        <d gen="f" lem="el" num="s" pos="da0fs0" postype="article" wd="la"/>
                      </spec>
                      <grup.nom gen="f" num="s">
                        <n gen="f" lem="movilidad" num="s" pos="ncfs000" postype="common" sense="16:03747353" wd="movilidad"/>
                        <sp>
                          <prep>
                            <s lem="de" pos="sps00" postype="preposition" wd="de"/>
                          </prep>
                          <sn coreftype="ident" entity="entity6" entityref="nne" homophoricDD="yes">
                            <spec gen="m" num="p">
                              <d gen="m" lem="el" num="p" pos="da0mp0" postype="article" wd="los"/>
                            </spec>
                            <grup.nom gen="m" num="p">
                              <n gen="m" lem="fondo" num="p" pos="ncmp000" postype="common" sense="16:cs1" wd="fondos"/>
                              <sp>
                                <prep>
                                  <s lem="de" pos="sps00" postype="preposition" wd="de"/>
                                </prep>
                                <sn>
                                  <grup.nom gen="f" num="s">
                                    <n gen="f" lem="inversión" lexicalid="noun.inversión.5.default" num="s" origin="deverbal" pos="ncfs000" postype="common" sense="16:00712429" wd="inversión"/>
                                  </grup.nom>
                                </sn>
                              </sp>
                            </grup.nom>
                          </sn>
                        </sp>
                      </grup.nom>
                    </sn>
                  </S>
                </S>
              </sp>
            </grup.nom>
          </sn>
        </sp>
      </S>
    </S>
    <f lem="." pos="fp" punct="period" wd="."/>
  </sentence>
  <sentence coord="yes">
    <sp adjunct="yes" arg="argM" func="cc" tem="loc">
      <prep>
        <s lem="en" pos="sps00" postype="preposition" wd="En"/>
      </prep>
      <sn entityref="ne" ne="other">
        <spec gen="m" num="s">
          <d gen="m" lem="el" num="s" pos="da0ms0" postype="article" wd="el"/>
        </spec>
        <grup.nom gen="m" num="s">
          <n gen="m" lem="editorial" num="s" pos="ncms000" postype="common" sense="16:06009454" wd="editorial"/>
          <sn entityref="ne" ne="other">
            <grup.nom gen="m" num="s">
              <f lem="&quot;" pos="fe" punct="quotation" wd="&quot;"/>
              <n lem="Cuando_la_sanidad_es_gratis_total" ne="other" pos="np0000a" postype="proper" sense="16:cs1" wd="Cuando_la_sanidad_es_gratis_total"/>
              <f lem="&quot;" pos="fe" punct="quotation" wd="&quot;"/>
            </grup.nom>
          </sn>
        </grup.nom>
      </sn>
      <f lem="," pos="fc" punct="comma" wd=","/>
    </sp>
    <S coord="yes">
      <S>
        <sn arg="arg0" coreftype="ident" entity="entity7" entityref="ne" func="suj" ne="person" tem="agt">
          <grup.nom>
            <n lem="EXPANSION" ne="person" pos="np0000p" postype="proper" sense="16:cs1" wd="EXPANSION"/>
          </grup.nom>
        </sn>
        <grup.verb>
          <v lem="opinar" lss="A34.ditransitive-patient-theme" mood="indicative" num="s" person="3" pos="vmip3s0" postype="main" tense="present" wd="opina"/>
        </grup.verb>
        <S arg="arg1" clausetype="completive" func="cd" tem="pat">
          <conj conjunctiontype="subordinating">
            <c lem="que" pos="cs" postype="subordinating" wd="que"/>
          </conj>
          <f lem="&quot;" pos="fe" punct="quotation" wd="&quot;"/>
          <sn arg="arg1" complex="yes" entity="entity8" entityref="nne" func="suj" homophoricDD="yes" tem="tem">
            <spec gen="m" num="p">
              <d gen="m" lem="el" num="p" pos="da0mp0" postype="article" wd="los"/>
            </spec>
            <grup.nom coord="yes">
              <grup.nom gen="m" num="p">
                <n gen="m" lem="bien" num="p" pos="ncmp000" postype="common" sense="16:09529953" wd="bienes"/>
              </grup.nom>
              <conj conjunctiontype="coordinating">
                <c lem="o" pos="cc" postype="coordinating" wd="o"/>
              </conj>
              <grup.nom gen="m" num="p">
                <n gen="m" lem="servicio" lexicalid="noun.servicio.1.default" num="p" origin="deverbal" pos="ncmp000" postype="common" sense="16:00379388" wd="servicios"/>
                <s.a func="cn" gen="m" num="p">
                  <grup.a gen="m" num="p">
                    <a gen="m" lem="gratuito" num="p" pos="aq0mp0" postype="qualificative" wd="gratuitos"/>
                  </grup.a>
                </s.a>
              </grup.nom>
            </grup.nom>
          </sn>
          <grup.verb>
            <v lem="soler" mood="indicative" num="p" person="3" pos="vmip3p0" postype="main" tense="present" wd="suelen"/>
            <infinitiu>
              <v lem="tener" lss="C21.state-attributive" mood="infinitive" pos="vmn0000" postype="main" wd="tener"/>
            </infinitiu>
          </grup.verb>
          <sn arg="arg2" entityref="nne" func="cd" functype="quantitative" tem="atr">
            <grup.nom gen="m" num="p">
              <s.a gen="m" num="p">
                <grup.a gen="m" num="p">
                  <a gen="c" lem="importante" num="p" pos="aq0cp0" postype="qualificative" wd="importantes"/>
                </grup.a>
              </s.a>
              <n gen="m" lem="inconveniente" num="p" pos="ncmp000" postype="common" sense="16:03713714" wd="inconvenientes"/>
              <s.a gen="m" num="p">
                <grup.a gen="m" num="p">
                  <a gen="m" lem="económico" num="p" pos="aq0mp0" postype="qualificative" wd="económicos"/>
                </grup.a>
              </s.a>
            </grup.nom>
          </sn>
          <f lem="&quot;" pos="fe" punct="quotation" wd="&quot;"/>
        </S>
      </S>
      <conj conjunctiontype="coordinating">
        <c lem="y" pos="cc" postype="coordinating" wd="y"/>
      </conj>
      <S>
        <sn arg="arg0" coreftype="ident" elliptic="yes" entity="entity7" entityref="spec" func="suj" tem="agt"/>
        <grup.verb>
          <v lem="añadir" lss="A21.transitive-agentive-patient" mood="imperative" num="s" person="2" pos="vmm02s0" postype="main" wd="añade"/>
        </grup.verb>
        <S arg="arg1" clausetype="completive" coord="yes" func="cd" tem="pat">
          <conj conjunctiontype="subordinating">
            <c lem="que" pos="cs" postype="subordinating" wd="que"/>
          </conj>
          <f lem="&quot;" pos="fe" punct="quotation" wd="&quot;"/>
          <S clausetype="completive" coord="yes">
            <conj conjunctiontype="coordinating">
              <c lem="ni" pos="cc" postype="coordinating" wd="ni"/>
            </conj>
            <S clausetype="completive">
              <sn arg="arg0" elliptic="yes" entity="entity8" entityref="nne" func="suj" tem="agt"/>
              <grup.verb>
                <v lem="apreciar" lss="A21.transitive-agentive-patient" mood="indicative" num="p" person="3" pos="vmip3p0" postype="main" tense="present" wd="aprecian"/>
              </grup.verb>
            </S>
            <conj conjunctiontype="coordinating">
              <c lem="ni" pos="cc" postype="coordinating" wd="ni"/>
            </conj>
            <S clausetype="completive">
              <sn arg="arg0" coreftype="ident" elliptic="yes" entity="entity8" entityref="nne" func="suj" tem="agt"/>
              <sn arg="arg1" entityref="lex" func="cd" tem="pat">
                <grup.nom>
                  <p gen="c" lem="él" num="c" person="3" pos="pp3cn000" postype="personal" wd="se"/>
                </grup.nom>
              </sn>
              <grup.verb>
                <v lem="valorar" lss="A21.transitive-agentive-patient" mood="indicative" num="p" person="3" pos="vmip3p0" postype="main" tense="present" wd="valoran"/>
              </grup.verb>
            </S>
          </S>
          <f lem="," pos="fc" punct="comma" wd=","/>
          <S clausetype="completive">
            <sn arg="arg0" coreftype="ident" elliptic="yes" entity="entity8" func="suj" tem="agt"/>
            <sn arg="arg1" entityref="lex" func="cd" tem="pat">
              <grup.nom>
                <p gen="c" lem="él" num="c" person="3" pos="pp3cn000" postype="personal" wd="se"/>
              </grup.nom>
            </sn>
            <grup.verb>
              <v lem="consumir" lss="A21.transitive-agentive-patient" mood="indicative" num="p" person="3" pos="vmip3p0" postype="main" tense="present" wd="consumen"/>
            </grup.verb>
            <sp arg="argM" coord="yes" func="cc" tem="adv">
              <sp>
                <prep>
                  <s lem="con" pos="sps00" postype="preposition" wd="con"/>
                </prep>
                <sn>
                  <grup.nom gen="m" num="s">
                    <n gen="m" lem="afán" num="s" pos="ncms000" postype="common" sense="16:05616745" wd="afán"/>
                    <s.a gen="m" num="s">
                      <grup.a gen="m" num="s">
                        <a gen="m" lem="bulímico" num="s" pos="aq0ms0" postype="qualificative" wd="bulímico"/>
                      </grup.a>
                    </s.a>
                  </grup.nom>
                </sn>
              </sp>
              <conj conjunctiontype="coordinating">
                <c lem="más_que" pos="cc" postype="coordinating" wd="más_que"/>
              </conj>
              <sp>
                <prep>
                  <s lem="para" pos="sps00" postype="preposition" wd="para"/>
                </prep>
                <S clausetype="completive" impersonal="yes">
                  <infinitiu>
                    <v lem="satisfacer" lss="A11.transitive-causative" mood="infinitive" pos="vmn0000" postype="main" wd="satisfacer"/>
                  </infinitiu>
                  <sn arg="arg1" entityref="nne" func="cd" tem="tem">
                    <grup.nom gen="f" num="p">
                      <n gen="f" lem="necesidad" num="p" pos="ncfp000" postype="common" sense="16:10367157" wd="necesidades"/>
                      <s.a gen="f" num="p">
                        <grup.a gen="f" num="p">
                          <a gen="c" lem="real" num="p" pos="aq0cp0" postype="qualificative" wd="reales"/>
                        </grup.a>
                      </s.a>
                    </grup.nom>
                  </sn>
                </S>
              </sp>
            </sp>
          </S>
          <conj conjunctiontype="coordinating">
            <c lem="y" pos="cc" postype="coordinating" wd="y"/>
          </conj>
          <S clausetype="completive">
            <S arg="arg1" clausetype="completive" func="suj" tem="tem">
              <relatiu arg="arg0" entityref="nne" func="suj" tem="agt">
                <p gen="c" lem="quien" num="p" pos="pr0cp000" postype="relative" wd="quienes"/>
              </relatiu>
              <sn arg="arg1" coreftype="ident" entity="entity8" entityref="nne" func="cd" tem="pat">
                <grup.nom gen="m" num="p">
                  <p case="accusative" gen="m" lem="él" num="p" person="3" pos="pp3mpa00" postype="personal" wd="los"/>
                </grup.nom>
              </sn>
              <grup.verb>
                <v lem="proveer" lss="A34.ditransitive-patient-theme" mood="indicative" num="p" person="3" pos="vmip3p0" postype="main" tense="present" wd="proveen"/>
              </grup.verb>
            </S>
            <grup.verb>
              <v lem="carecer" lss="C21.state-attributive" mood="indicative" num="p" person="3" pos="vmip3p0" postype="main" tense="present" wd="carecen"/>
            </grup.verb>
            <sp arg="arg2" func="creg" tem="atr">
              <prep>
                <s lem="de" pos="sps00" postype="preposition" wd="de"/>
              </prep>
              <sn entityref="nne">
                <grup.nom gen="m" num="p">
                  <n gen="m" lem="incentivo" num="p" pos="ncmp000" postype="common" sense="16:06660574" wd="incentivos"/>
                  <sp>
                    <prep>
                      <s lem="para" pos="sps00" postype="preposition" wd="para"/>
                    </prep>
                    <S clausetype="completive" impersonal="yes">
                      <infinitiu>
                        <v lem="mejorar" lss="A11.transitive-causative" mood="infinitive" pos="vmn0000" postype="main" wd="mejorar"/>
                      </infinitiu>
                    </S>
                  </sp>
                </grup.nom>
              </sn>
            </sp>
          </S>
          <f lem="&quot;" pos="fe" punct="quotation" wd="&quot;"/>
        </S>
      </S>
    </S>
    <f lem="." pos="fp" punct="period" wd="."/>
  </sentence>
  <sentence>
    <sn arg="arg2" entity="entity11" entityref="ne" func="suj" ne="other" tem="loc">
      <grup.nom>
        <n lem="CINCO_DIAS_Dias" ne="other" pos="np0000a" postype="proper" sense="16:cs1" wd="CINCO_DIAS_Dias"/>
      </grup.nom>
      <f lem="," pos="fc" punct="comma" wd=","/>
    </sn>
    <grup.verb>
      <v lem="recoger" lss="A31.ditransitive-patient-locative" mood="indicative" num="s" person="3" pos="vmip3s0" postype="main" tense="present" wd="recoge"/>
    </grup.verb>
    <S arg="arg1" clausetype="completive" coord="yes" func="cd" tem="pat">
      <S clausetype="completive">
        <conj conjunctiontype="subordinating">
          <c lem="que" pos="cs" postype="subordinating" wd="que"/>
        </conj>
        <sn arg="arg0" coreftype="ident" entity="entity10" entityref="nne" func="suj" tem="cau">
          <spec gen="m" num="p">
            <d gen="m" lem="el" num="p" pos="da0mp0" postype="article" wd="los"/>
          </spec>
          <grup.nom gen="m" num="p">
            <f lem="&quot;" pos="fe" punct="quotation" wd="&quot;"/>
            <n gen="m" lem="horario" num="p" pos="ncmp000" postype="common" sense="16:04874965" wd="horarios"/>
          </grup.nom>
        </sn>
        <grup.verb>
          <v lem="reabrir" lss="A11.transitive-causative" mood="indicative" num="p" person="3" pos="vmip3p0" postype="main" tense="present" wd="reabren"/>
        </grup.verb>
        <sn arg="arg1" entityref="nne" func="cd" homophoricDD="yes" tem="tem">
          <spec gen="f" num="s">
            <d gen="f" lem="el" num="s" pos="da0fs0" postype="article" wd="la"/>
          </spec>
          <grup.nom gen="f" num="s">
            <n gen="f" lem="guerra" num="s" pos="ncfs000" postype="common" sense="16:00626011" wd="guerra"/>
            <sp>
              <prep>
                <s lem="de" pos="sps00" postype="preposition" wd="de"/>
              </prep>
              <sn coord="yes">
                <sn entityref="nne" homophoricDD="yes">
                  <spec gen="m" num="p">
                    <d gen="m" lem="el" num="p" pos="da0mp0" postype="article" wd="los"/>
                  </spec>
                  <grup.nom gen="m" num="s">
                    <n gen="m" lem="híper" num="s" pos="ncms000" postype="common" sense="16:cs1" wd="híper"/>
                  </grup.nom>
                </sn>
                <conj conjunctiontype="coordinating">
                  <c lem="y" pos="cc" postype="coordinating" wd="y"/>
                </conj>
                <sn entityref="nne" homophoricDD="yes">
                  <spec gen="m" num="s">
                    <d gen="m" lem="el" num="s" pos="da0ms0" postype="article" wd="el"/>
                  </spec>
                  <grup.nom gen="m" num="s">
                    <s.a func="cn" gen="m" num="s">
                      <grup.a gen="m" num="s">
                        <a gen="m" lem="pequeño" num="s" pos="aq0ms0" postype="qualificative" wd="pequeño"/>
                      </grup.a>
                    </s.a>
                    <n gen="m" lem="comercio" lexicalid="noun.comercio.1.default" num="s" origin="deverbal" pos="ncms000" postype="common" sense="16:00047814" wd="comercio"/>
                  </grup.nom>
                </sn>
              </sn>
            </sp>
          </grup.nom>
        </sn>
        <f lem="&quot;" pos="fe" punct="quotation" wd="&quot;"/>
      </S>
      <conj conjunctiontype="coordinating">
        <c lem="y" pos="cc" postype="coordinating" wd="y"/>
      </conj>
      <S clausetype="completive">
        <conj conjunctiontype="subordinating">
          <c lem="que" pos="cs" postype="subordinating" wd="que"/>
        </conj>
        <sn arg="arg0" coord="yes" func="suj" tem="agt">
          <sn entityref="ne" ne="organization">
            <spec gen="m" num="s">
              <d gen="m" lem="el" num="s" pos="da0ms0" postype="article" wd="el"/>
            </spec>
            <grup.nom gen="m" num="s">
              <n lem="Commerzbank" ne="organization" pos="np0000o" postype="proper" sense="16:cs1" wd="Commerzbank"/>
            </grup.nom>
          </sn>
          <conj conjunctiontype="coordinating">
            <c lem="y" pos="cc" postype="coordinating" wd="y"/>
          </conj>
          <sn entityref="ne" ne="organization">
            <spec gen="m" num="s">
              <d gen="m" lem="el" num="s" pos="da0ms0" postype="article" wd="el"/>
            </spec>
            <grup.nom gen="m" num="s">
              <n lem="Dresdner" ne="organization" pos="np0000o" postype="proper" sense="16:cs1" wd="Dresdner"/>
            </grup.nom>
          </sn>
        </sn>
        <grup.verb>
          <v lem="explorar" lss="A21.transitive-agentive-patient" mood="indicative" num="p" person="3" pos="vmip3p0" postype="main" tense="present" wd="exploran"/>
        </grup.verb>
        <sn arg="arg1" entityref="nne" func="cd" tem="pat">
          <spec gen="f" num="s">
            <d gen="f" lem="uno" num="s" pos="di0fs0" postype="indefinite" wd="una"/>
          </spec>
          <grup.nom gen="f" num="s">
            <s.a func="cn" gen="f" num="s">
              <grup.a gen="f" num="s">
                <a gen="c" lem="posible" num="s" pos="aq0cs0" postype="qualificative" wd="posible"/>
              </grup.a>
            </s.a>
            <n gen="f" lem="fusión" lexicalid="noun.fusión.1.default" num="s" origin="deverbal" pos="ncfs000" postype="common" sense="16:00804210" wd="fusión"/>
          </grup.nom>
        </sn>
      </S>
    </S>
    <f lem="." pos="fp" punct="period" wd="."/>
  </sentence>
  <sentence>
    <sp arg="arg2" func="cc" tem="loc">
      <prep>
        <s lem="en" pos="sps00" postype="preposition" wd="En"/>
      </prep>
      <sn entityref="ne" ne="other">
        <spec gen="m" num="s">
          <d coreftype="ident" entity="entity11" entityref="spec" gen="c" lem="su" num="s" person="3" pos="dp3cs0" postype="possessive" wd="su"/>
        </spec>
        <grup.nom gen="m" num="s">
          <n gen="m" lem="editorial" num="s" pos="ncms000" postype="common" sense="16:06009454" wd="editorial"/>
          <sn entityref="ne" ne="other">
            <grup.nom gen="m" num="s">
              <f lem="&quot;" pos="fe" punct="quotation" wd="&quot;"/>
              <n lem="Una_bolsa_penalizada" ne="other" pos="np0000a" postype="proper" sense="16:cs1" wd="Una_bolsa_penalizada"/>
              <f lem="&quot;" pos="fe" punct="quotation" wd="&quot;"/>
            </grup.nom>
          </sn>
        </grup.nom>
      </sn>
      <f lem="," pos="fc" punct="comma" wd=","/>
    </sp>
    <sn arg="arg0" coreftype="ident" entity="entity11" entityref="spec" func="suj" tem="agt">
      <spec gen="m" num="s">
        <d gen="m" lem="el" num="s" pos="da0ms0" postype="article" wd="el"/>
      </spec>
      <grup.nom gen="m" num="s">
        <n gen="m" lem="diario" num="s" pos="ncms000" postype="common" sense="16:04738466" wd="diario"/>
        <s.a gen="m" num="s">
          <grup.a gen="m" num="s">
            <a gen="m" lem="económico" num="s" pos="aq0ms0" postype="qualificative" wd="económico"/>
          </grup.a>
        </s.a>
      </grup.nom>
    </sn>
    <grup.verb>
      <v lem="señalar" lss="A31.ditransitive-patient-locative" mood="indicative" num="s" person="3" pos="vmip3s0" postype="main" tense="present" wd="señala"/>
    </grup.verb>
    <S arg="arg1" clausetype="completive" func="cd" tem="pat">
      <conj conjunctiontype="subordinating">
        <c lem="que" pos="cs" postype="subordinating" wd="que"/>
      </conj>
      <f lem="&quot;" pos="fe" punct="quotation" wd="&quot;"/>
      <sn arg="arg0" coreftype="ident" entity="entity12" entityref="nne" func="suj" homophoricDD="yes" tem="agt">
        <spec gen="f" num="s">
          <d gen="f" lem="el" num="s" pos="da0fs0" postype="article" wd="la"/>
        </spec>
        <grup.nom gen="f" num="s">
          <n gen="f" lem="bolsa" num="s" pos="ncfs000" postype="common" sense="16:03417221" wd="bolsa"/>
          <s.a gen="f" num="s">
            <grup.a gen="f" num="s">
              <a gen="f" lem="español" num="s" pos="aq0fs0" postype="qualificative" wd="española"/>
            </grup.a>
          </s.a>
        </grup.nom>
      </sn>
      <grup.verb>
        <v lem="afrontar" lss="A21.transitive-agentive-patient" mood="indicative" num="s" person="3" pos="vmip3s0" postype="main" tense="present" wd="afronta"/>
      </grup.verb>
      <sn arg="arg1" entityref="nne" func="cd" homophoricDD="yes" tem="pat">
        <spec gen="f" num="s">
          <d gen="f" lem="el" num="s" pos="da0fs0" postype="article" wd="la"/>
        </spec>
        <grup.nom gen="f" num="s">
          <n gen="f" lem="recta" num="s" pos="ncfs000" postype="common" sense="16:03423493" wd="recta"/>
          <s.a gen="f" num="s">
            <grup.a gen="f" num="s">
              <a gen="c" lem="final" num="s" pos="aq0cs0" postype="qualificative" wd="final"/>
            </grup.a>
          </s.a>
          <sp>
            <prep>
              <s contracted="yes" gen="m" lem="del" num="s" pos="spcms" postype="preposition" wd="del"/>
            </prep>
            <sn entityref="nne" homophoricDD="yes">
              <grup.nom gen="m" num="s">
                <s.a gen="m" num="s">
                  <grup.a gen="m" num="s">
                    <a gen="m" lem="primero" num="s" pos="ao0ms0" postype="ordinal" wd="primer"/>
                  </grup.a>
                </s.a>
                <n gen="m" lem="semestre" num="s" pos="ncms000" postype="common" sense="16:10917979" wd="semestre"/>
              </grup.nom>
            </sn>
          </sp>
        </grup.nom>
      </sn>
      <sp arg="argM" func="cc" tem="adv">
        <prep>
          <s lem="con" pos="sps00" postype="preposition" wd="con"/>
        </prep>
        <sn entityref="nne">
          <grup.nom gen="m" num="s">
            <p gen="m" lem="uno" num="s" pos="pi0ms000" postype="indefinite" wd="uno"/>
            <sp>
              <prep>
                <s lem="de" pos="sps00" postype="preposition" wd="de"/>
              </prep>
              <sn entityref="nne" homophoricDD="yes">
                <spec gen="m" num="p">
                  <d gen="m" lem="el" num="p" pos="da0mp0" postype="article" wd="los"/>
                </spec>
                <grup.nom gen="m" num="p">
                  <s.a func="cn" gen="m" num="p">
                    <grup.a gen="m" num="p">
                      <a gen="c" lem="peor" num="p" pos="aq0cp0" postype="qualificative" wd="peores"/>
                    </grup.a>
                  </s.a>
                  <n gen="m" lem="resultado" lexicalid="noun.resultado.3.default" num="p" origin="deverbal" pos="ncmp000" postype="common" sense="16:05438613" wd="resultados"/>
                  <sp arg="arg3" func="cn" tem="ori">
                    <prep>
                      <s lem="de" pos="sps00" postype="preposition" wd="de"/>
                    </prep>
                    <sn entityref="nne" homophoricDD="yes">
                      <spec gen="f" num="s">
                        <d gen="f" lem="el" num="s" pos="da0fs0" postype="article" wd="la"/>
                      </spec>
                      <grup.nom gen="f" num="s">
                        <n gen="f" lem="eurozona" num="s" pos="ncfs000" postype="common" sense="16:cs1" wd="eurozona"/>
                      </grup.nom>
                    </sn>
                  </sp>
                </grup.nom>
              </sn>
            </sp>
          </grup.nom>
        </sn>
      </sp>
      <f lem="&quot;" pos="fe" punct="quotation" wd="&quot;"/>
    </S>
    <f lem="." pos="fp" punct="period" wd="."/>
  </sentence>
  <sentence>
    <sn arg="arg0" coreftype="ident" elliptic="yes" entity="entity11" entityref="spec" func="suj" tem="agt"/>
    <grup.verb>
      <v lem="añadir" lss="A21.transitive-agentive-patient" mood="imperative" num="s" person="2" pos="vmm02s0" postype="main" wd="Añade"/>
    </grup.verb>
    <S arg="arg1" clausetype="completive" func="cd" tem="pat">
      <conj conjunctiontype="subordinating">
        <c lem="que" pos="cs" postype="subordinating" wd="que"/>
      </conj>
      <f lem="&quot;" pos="fe" punct="quotation" wd="&quot;"/>
      <sn arg="arg0" coord="yes" func="suj" tem="agt">
        <sn entityref="nne">
          <grup.nom gen="m" num="p">
            <n gen="m" lem="asunto" num="p" pos="ncmp000" postype="common" sense="16:04479710" wd="asuntos"/>
            <sp>
              <prep>
                <c lem="como" pos="cs" postype="subordinating" wd="como"/>
              </prep>
              <sn entity="entity13" entityref="nne" homophoricDD="yes">
                <spec gen="m" num="s">
                  <d gen="m" lem="el" num="s" pos="da0ms0" postype="article" wd="el"/>
                </spec>
                <grup.nom gen="m" num="s">
                  <n gen="m" lem="derecho" num="s" pos="ncms000" postype="common" sense="16:04030305" wd="derecho"/>
                  <sp>
                    <prep>
                      <s lem="de" pos="sps00" postype="preposition" wd="de"/>
                    </prep>
                    <sn>
                      <grup.nom gen="m" num="s">
                        <n gen="m" lem="veto" num="s" pos="ncms000" postype="common" sense="16:04046763" wd="veto"/>
                      </grup.nom>
                    </sn>
                  </sp>
                  <S clausetype="relative">
                    <relatiu arg="arg1" coreftype="ident" entity="entity13" entityref="nne" func="cd" tem="pat">
                      <p gen="c" lem="que" num="c" pos="pr0cn000" postype="relative" wd="que"/>
                    </relatiu>
                    <grup.verb>
                      <v lem="otorgar" lss="A32.ditransitive-patient-benefactive" mood="indicative" num="s" person="3" pos="vmip3s0" postype="main" tense="present" wd="otorga"/>
                    </grup.verb>
                    <sn arg="arg0" entityref="nne" func="suj" homophoricDD="yes" tem="agt">
                      <spec gen="f" num="s">
                        <d gen="f" lem="el" num="s" pos="da0fs0" postype="article" wd="la"/>
                      </spec>
                      <grup.nom gen="f" num="s">
                        <n gen="f" lem="acción" num="s" origin="deverbal" pos="ncfs000" postype="common" sense="16:00017487" wd="acción"/>
                        <sp func="cn">
                          <prep>
                            <s lem="de" pos="sps00" postype="preposition" wd="de"/>
                          </prep>
                          <sn>
                            <grup.nom gen="m" num="s">
                              <n gen="m" lem="oro" num="s" pos="ncms000" postype="common" sense="16:10487505" wd="oro"/>
                            </grup.nom>
                          </sn>
                        </sp>
                      </grup.nom>
                    </sn>
                  </S>
                </grup.nom>
              </sn>
            </sp>
          </grup.nom>
        </sn>
        <conj conjunctiontype="coordinating">
          <c lem="o" pos="cc" postype="coordinating" wd="o"/>
        </conj>
        <sn entityref="nne" homophoricDD="yes">
          <spec gen="f" num="p">
            <d gen="f" lem="el" num="p" pos="da0fp0" postype="article" wd="las"/>
          </spec>
          <grup.nom gen="f" num="p">
            <n gen="f" lem="actitud" num="p" pos="ncfp000" postype="common" sense="16:04697893" wd="actitudes"/>
            <sp>
              <prep>
                <s contracted="yes" gen="m" lem="del" num="s" pos="spcms" postype="preposition" wd="del"/>
              </prep>
              <sn entity="entity14" entityref="ne" ne="organization">
                <grup.nom gen="m" num="s">
                  <n lem="Gobierno" ne="organization" pos="np0000o" postype="proper" sense="16:cs1" wd="Gobierno"/>
                </grup.nom>
              </sn>
            </sp>
            <S clausetype="adverbial">
              <conj conjunctiontype="subordinating">
                <c lem="cuando" pos="cs" postype="subordinating" wd="cuando"/>
              </conj>
              <sn arg="arg0" coreftype="ident" elliptic="yes" entity="entity14" entityref="spec" func="suj" tem="agt"/>
              <sn arg="arg1" entityref="lex" func="cd" tem="pat">
                <grup.nom>
                  <p gen="c" lem="él" num="c" person="3" pos="pp3cn000" postype="personal" wd="se"/>
                </grup.nom>
              </sn>
              <grup.verb>
                <v lem="envolver" lss="A21.transitive-agentive-patient" mood="indicative" num="s" person="3" pos="vmip3s0" postype="main" tense="present" wd="envuelve"/>
              </grup.verb>
              <sp arg="argM" func="cc" tem="loc">
                <prep>
                  <s lem="en" pos="sps00" postype="preposition" wd="en"/>
                </prep>
                <sn entityref="nne" homophoricDD="yes">
                  <spec gen="f" num="s">
                    <d gen="f" lem="el" num="s" pos="da0fs0" postype="article" wd="la"/>
                  </spec>
                  <grup.nom gen="f" num="s">
                    <n gen="f" lem="bandera" num="s" pos="ncfs000" postype="common" sense="16:02692272" wd="bandera"/>
                    <sp>
                      <prep>
                        <s lem="de" pos="sps00" postype="preposition" wd="de"/>
                      </prep>
                      <sn entityref="nne" homophoricDD="yes">
                        <spec gen="f" num="s">
                          <d gen="f" lem="el" num="s" pos="da0fs0" postype="article" wd="la"/>
                        </spec>
                        <grup.nom gen="f" num="s">
                          <n gen="f" lem="soberanía" num="s" pos="ncfs000" postype="common" sense="16:10363192" wd="soberanía"/>
                          <s.a gen="f" num="s">
                            <grup.a gen="f" num="s">
                              <a gen="c" lem="nacional" num="s" pos="aq0cs0" postype="qualificative" wd="nacional"/>
                            </grup.a>
                          </s.a>
                        </grup.nom>
                      </sn>
                    </sp>
                  </grup.nom>
                </sn>
              </sp>
            </S>
          </grup.nom>
        </sn>
      </sn>
      <grup.verb>
        <v lem="haber" mood="indicative" num="p" person="3" pos="vaip3p0" postype="auxiliary" tense="present" wd="han"/>
        <v gen="m" lem="merecer" lss="A21.transitive-agentive-patient" mood="participle" num="s" pos="vmp00sm" postype="main" wd="merecido"/>
      </grup.verb>
      <sp arg="argM" func="cc" tem="tmp">
        <prep>
          <s lem="en" pos="sps00" postype="preposition" wd="en"/>
        </prep>
        <sn entityref="nne" homophoricDD="yes">
          <spec gen="f" num="p">
            <d gen="f" lem="el" num="p" pos="da0fp0" postype="article" wd="las"/>
          </spec>
          <grup.nom gen="f" num="p">
            <s.a gen="f" num="p">
              <grup.a gen="f" num="p">
                <a gen="f" lem="último" num="p" pos="ao0fp0" postype="ordinal" wd="últimas"/>
              </grup.a>
            </s.a>
            <n gen="f" lem="semana" num="p" pos="ncfp000" postype="common" sense="16:10862128" wd="semanas"/>
          </grup.nom>
        </sn>
      </sp>
      <sn arg="arg1" entityref="nne" func="cd" tem="pat">
        <grup.nom gen="f" num="p">
          <s.a func="cn" gen="f" num="p">
            <grup.a gen="f" num="p">
              <a gen="c" lem="fuerte" num="p" pos="aq0cp0" postype="qualificative" wd="fuertes"/>
            </grup.a>
          </s.a>
          <n gen="f" lem="crítica" lexicalid="noun.crítica.1.default" num="p" origin="deverbal" pos="ncfp000" postype="common" sense="16:05032854" wd="críticas"/>
          <sp arg="arg0" func="cn" tem="agt">
            <prep>
              <s lem="de" pos="sps00" postype="preposition" wd="de"/>
            </prep>
            <sn complex="yes" entityref="nne">
              <grup.nom coord="yes">
                <grup.nom coord="yes">
                  <grup.nom gen="m" num="p">
                    <n gen="c" lem="analista" num="p" pos="nccp000" postype="common" sense="16:07074308" wd="analistas"/>
                  </grup.nom>
                  <conj conjunctiontype="coordinating">
                    <c lem="y" pos="cc" postype="coordinating" wd="y"/>
                  </conj>
                  <grup.nom gen="m" num="p">
                    <n gen="m" lem="observador" num="p" pos="ncmp000" postype="common" sense="16:07438399" wd="observadores"/>
                  </grup.nom>
                </grup.nom>
                <s.a gen="m" num="p">
                  <grup.a gen="m" num="p">
                    <a gen="c" lem="internacional" num="p" pos="aq0cp0" postype="qualificative" wd="internacionales"/>
                  </grup.a>
                </s.a>
              </grup.nom>
            </sn>
          </sp>
        </grup.nom>
      </sn>
    </S>
    <f lem="&quot;" pos="fe" punct="quotation" wd="&quot;"/>
    <f lem="." pos="fp" punct="period" wd="."/>
  </sentence>
  <sentence>
    <sn arg="arg0" entity="entity15" entityref="ne" func="suj" ne="other" tem="agt">
      <spec gen="f" num="s">
        <d gen="f" lem="el" num="s" pos="da0fs0" postype="article" wd="LA"/>
      </spec>
      <grup.nom gen="f" num="s">
        <n lem="GACETA" ne="other" pos="np0000a" postype="proper" sense="16:cs1" wd="GACETA"/>
      </grup.nom>
    </sn>
    <grup.verb>
      <v lem="destacar" lss="A21.transitive-agentive-patient" mood="indicative" num="s" person="3" pos="vmip3s0" postype="main" tense="present" wd="destaca"/>
    </grup.verb>
    <sp arg="argM" func="cc" tem="adv">
      <prep>
        <s lem="en" pos="sps00" postype="preposition" wd="en"/>
      </prep>
      <sn entityref="nne">
        <grup.nom gen="f" num="s">
          <s.a gen="f" num="s">
            <grup.a gen="f" num="s">
              <a gen="f" lem="primero" num="s" pos="ao0fs0" postype="ordinal" wd="primera"/>
            </grup.a>
          </s.a>
        </grup.nom>
      </sn>
    </sp>
    <S arg="arg1" clausetype="completive" func="cd" tem="pat">
      <conj conjunctiontype="subordinating">
        <c lem="que" pos="cs" postype="subordinating" wd="que"/>
      </conj>
      <sn arg="arg1" coreftype="ident" entity="entity4" entityref="ne" func="suj" ne="organization" tem="tem">
        <grup.nom>
          <n lem="Telefónica" ne="organization" pos="np0000o" postype="proper" sense="16:cs1" wd="Telefónica"/>
        </grup.nom>
      </sn>
      <grup.verb>
        <v lem="caer" lss="B11.unaccusative-motion" mood="indicative" num="s" person="3" pos="vmip3s0" postype="main" tense="present" wd="cae"/>
      </grup.verb>
      <sn arg="argM" entityref="ne" func="cc" ne="number" tem="ext">
        <spec gen="m" num="s">
          <d gen="m" lem="uno" num="s" pos="di0ms0" postype="indefinite" wd="un"/>
        </spec>
        <grup.nom gen="m" num="s">
          <z lem="5_%" ne="number" pos="zp" postype="percentage" wd="5_por_ciento"/>
        </grup.nom>
      </sn>
      <sp arg="argM" func="cc" tem="adv">
        <prep>
          <s lem="en" pos="sps00" postype="preposition" wd="en"/>
        </prep>
        <sn entityref="nne">
          <spec gen="m" num="s">
            <d gen="c" lem="el" num="s" pos="da0ns0" postype="article" wd="lo"/>
          </spec>
          <grup.nom gen="m" num="s">
            <S clausetype="relative">
              <relatiu arg="arg1" func="cd" repetition="yes" tem="pat">
                <p gen="c" lem="que" num="c" pos="pr0cn000" postype="relative" wd="que"/>
              </relatiu>
              <sn arg="arg0" coreftype="ident" elliptic="yes" entity="entity15" entityref="spec" func="suj" tem="agt"/>
              <grup.verb>
                <v lem="considerar" lss="A21.transitive-agentive-patient" mood="indicative" num="s" person="3" pos="vmip3s0" postype="main" tense="present" wd="considera"/>
              </grup.verb>
              <sn arg="arg1" func="cd" repetition="yes" tem="pat">
                <spec gen="m" num="s">
                  <d gen="m" lem="uno" num="s" pos="di0ms0" postype="indefinite" wd="un"/>
                </spec>
                <grup.nom gen="m" num="s">
                  <f lem="&quot;" pos="fe" punct="quotation" wd="&quot;"/>
                  <s.a func="cn" gen="m" num="s">
                    <grup.a gen="m" num="s">
                      <a gen="m" lem="duro" num="s" pos="aq0ms0" postype="qualificative" wd="duro"/>
                    </grup.a>
                  </s.a>
                  <n gen="m" lem="castigo" lexicalid="noun.castigo.1.default" num="s" origin="deverbal" pos="ncms000" postype="common" sense="16:00751324" wd="castigo"/>
                  <f lem="&quot;" pos="fe" punct="quotation" wd="&quot;"/>
                  <sp arg="arg1" func="cn" tem="pat">
                    <prep>
                      <s lem="de" pos="sps00" postype="preposition" wd="de"/>
                    </prep>
                    <sn coreftype="ident" entity="entity12" entityref="nne" homophoricDD="yes">
                      <spec gen="f" num="s">
                        <d gen="f" lem="el" num="s" pos="da0fs0" postype="article" wd="la"/>
                      </spec>
                      <grup.nom gen="f" num="s">
                        <n gen="f" lem="bolsa" num="s" pos="ncfs000" postype="common" sense="16:03417221" wd="bolsa"/>
                      </grup.nom>
                    </sn>
                  </sp>
                </grup.nom>
              </sn>
            </S>
          </grup.nom>
        </sn>
      </sp>
      <sp arg="argM" func="cc" tem="tmp">
        <prep>
          <s lem="tras" pos="sps00" postype="preposition" wd="tras"/>
        </prep>
        <sn entity="entity16" entityref="nne" homophoricDD="yes">
          <spec gen="f" num="p">
            <d gen="f" lem="el" num="p" pos="da0fp0" postype="article" wd="las"/>
          </spec>
          <grup.nom gen="f" num="p">
            <n gen="f" lem="información" lexicalid="noun.información.1.default" num="p" origin="deverbal" pos="ncfp000" postype="common" sense="16:04977171" wd="informaciones"/>
            <sp arg="arg0" func="cn" tem="agt">
              <prep>
                <s lem="de" pos="sps00" postype="preposition" wd="de"/>
              </prep>
              <sn entityref="nne">
                <spec gen="m" num="s">
                  <d gen="m" lem="uno" num="s" pos="di0ms0" postype="indefinite" wd="un"/>
                </spec>
                <grup.nom gen="m" num="s">
                  <n gen="m" lem="diario" num="s" pos="ncms000" postype="common" sense="16:04738466" wd="diario"/>
                  <s.a gen="m" num="s">
                    <grup.a gen="m" num="s">
                      <a gen="m" lem="madrileño" num="s" pos="aq0ms0" postype="qualificative" wd="madrileño"/>
                    </grup.a>
                  </s.a>
                </grup.nom>
              </sn>
            </sp>
            <S clausetype="relative" func="cn">
              <relatiu arg="arg0" coreftype="ident" entity="entity16" entityref="nne" func="suj" tem="agt">
                <p gen="c" lem="que" num="c" pos="pr0cn000" postype="relative" wd="que"/>
              </relatiu>
              <grup.verb>
                <v lem="apuntar" lss="A21.transitive-agentive-patient" mood="indicative" num="p" person="3" pos="vmii3p0" postype="main" tense="imperfect" wd="apuntaban"/>
              </grup.verb>
              <sn arg="arg1" entityref="nne" func="cd" homophoricDD="yes" tem="pat">
                <spec gen="m" num="s">
                  <d gen="m" lem="el" num="s" pos="da0ms0" postype="article" wd="el"/>
                </spec>
                <grup.nom gen="m" num="s">
                  <n gen="m" lem="uso" lexicalid="noun.uso.2.default" num="s" origin="deverbal" pos="ncms000" postype="common" sense="16:00605730" wd="uso"/>
                  <sp arg="arg1" func="cn" tem="pat">
                    <prep>
                      <s lem="de" pos="sps00" postype="preposition" wd="de"/>
                    </prep>
                    <sn entityref="nne">
                      <grup.nom gen="f" num="s">
                        <n gen="f" lem="información" lexicalid="noun.información.1.default" num="s" origin="deverbal" pos="ncfs000" postype="common" sense="16:04480483" wd="información"/>
                        <S clausetype="participle" func="cn" impersonal="yes">
                          <participi>
                            <a gen="f" lem="privilegiado" num="s" pos="aq0fsp" posfunction="participle" postype="qualificative" wd="privilegiada"/>
                          </participi>
                        </S>
                      </grup.nom>
                    </sn>
                  </sp>
                  <sp arg="arg0" func="cn" tem="agt">
                    <prep>
                      <s lem="por" pos="sps00" postype="preposition" wd="por"/>
                    </prep>
                    <sn coreftype="ident" entity="entity3" entityref="ne" ne="person">
                      <spec gen="m" num="s">
                        <d coreftype="ident" entity="entity4" entityref="spec" gen="c" lem="su" num="s" person="3" pos="dp3cs0" postype="possessive" wd="su"/>
                      </spec>
                      <grup.nom gen="m" num="s">
                        <n gen="m" lem="presidente" num="s" pos="ncms000" postype="common" sense="16:07496197" wd="presidente"/>
                        <sn entityref="ne" ne="person">
                          <grup.nom gen="m" num="s">
                            <n lem="Juan_Villalonga" ne="person" pos="np0000p" postype="proper" sense="16:cs1" wd="Juan_Villalonga"/>
                          </grup.nom>
                        </sn>
                      </grup.nom>
                    </sn>
                  </sp>
                </grup.nom>
              </sn>
            </S>
          </grup.nom>
        </sn>
      </sp>
    </S>
    <f lem="." pos="fp" punct="period" wd="."/>
  </sentence>
  <sentence coord="yes">
    <S>
      <sn arg="arg0" entityref="ne" func="suj" ne="other" tem="agt">
        <spec gen="m" num="s">
          <d coreftype="ident" entity="entity16" entityref="nne" gen="c" lem="su" num="s" person="3" pos="dp3cs0" postype="possessive" wd="Su"/>
        </spec>
        <grup.nom gen="m" num="s">
          <n gen="m" lem="editorial" num="s" pos="ncms000" postype="common" sense="16:06009454" wd="editorial"/>
          <sn entityref="ne" ne="other">
            <grup.nom gen="m" num="s">
              <f lem="&quot;" pos="fe" punct="quotation" wd="&quot;"/>
              <n lem="Impulso_en_Fomento" ne="other" pos="np0000a" postype="proper" sense="16:cs1" wd="Impulso_en_Fomento"/>
              <f lem="&quot;" pos="fe" punct="quotation" wd="&quot;"/>
            </grup.nom>
          </sn>
        </grup.nom>
      </sn>
      <grup.verb>
        <v lem="recordar" lss="A21.transitive-agentive-patient" mood="imperative" num="s" person="2" pos="vmm02s0" postype="main" wd="recuerda"/>
      </grup.verb>
      <S arg="arg1" clausetype="completive" func="cd" tem="pat">
        <conj conjunctiontype="subordinating">
          <c lem="que" pos="cs" postype="subordinating" wd="que"/>
        </conj>
        <sn arg="arg1" entity="entity17" entityref="nne" func="suj" tem="tem">
          <grup.nom gen="m" num="s">
            <p gen="m" lem="este" num="s" pos="pd0ms000" postype="demonstrative" wd="este"/>
          </grup.nom>
        </sn>
        <grup.verb>
          <v lem="ser" lss="C21.state-attributive" mood="indicative" num="s" person="3" pos="vsip3s0" postype="semiauxiliary" tense="present" wd="es"/>
        </grup.verb>
        <sn arg="arg2" corefsubtype="indefinit" coreftype="pred" entity="entity17" func="atr" tem="atr">
          <spec gen="m" num="s">
            <d gen="m" lem="uno" num="s" pos="di0ms0" postype="indefinite" wd="un"/>
          </spec>
          <grup.nom gen="m" num="s">
            <n gen="m" lem="departamento" num="s" pos="ncms000" postype="common" sense="16:06182017" wd="departamento"/>
            <S clausetype="relative">
              <f lem="&quot;" pos="fe" punct="quotation" wd="&quot;"/>
              <relatiu arg="arg1" coreftype="ident" entity="entity17" entityref="nne" func="suj" tem="tem">
                <p gen="c" lem="que" num="c" pos="pr0cn000" postype="relative" wd="que"/>
              </relatiu>
              <grup.verb>
                <v lem="tender" mood="indicative" num="s" person="3" pos="vmip3s0" postype="main" tense="present" wd="tiende"/>
                <s lem="a" pos="sps00" postype="preposition" wd="a"/>
                <infinitiu>
                  <v lem="despertar" lss="A11.transitive-causative" mood="infinitive" pos="vmn0000" postype="main" wd="despertar"/>
                </infinitiu>
              </grup.verb>
              <sn arg="arg1" entityref="lex" func="cd" tem="tem">
                <grup.nom gen="f" num="p">
                  <n gen="f" lem="simpatía" num="p" pos="ncfp000" postype="common" sense="16:03668938" wd="simpatías"/>
                </grup.nom>
              </sn>
            </S>
          </grup.nom>
        </sn>
        <S arg="argM" clausetype="adverbial" func="cc" tem="cau">
          <conj conjunctiontype="subordinating">
            <c lem="porque" pos="cs" postype="subordinating" wd="porque"/>
          </conj>
          <S clausesubtype="conditional" clausetype="adverbial" func="ao">
            <f lem="," pos="fc" punct="comma" wd=","/>
            <conj conjunctiontype="subordinating">
              <c lem="si" pos="cs" postype="subordinating" wd="si"/>
            </conj>
            <sn arg="arg1" coreftype="ident" elliptic="yes" entity="entity17" entityref="spec" func="suj" tem="pat"/>
            <morfema.verbal func="pass">
              <p gen="c" lem="se" num="c" pos="p0000000" wd="se"/>
            </morfema.verbal>
            <grup.verb>
              <v lem="gestionar" lss="B22.unaccusative-passive-transitive" mood="indicative" num="s" person="3" pos="vmip3s0" postype="main" tense="present" wd="gestiona"/>
            </grup.verb>
            <sadv arg="argM" func="cc" tem="mnr">
              <grup.adv>
                <r lem="bien" pos="rg" wd="bien"/>
              </grup.adv>
            </sadv>
            <f lem="," pos="fc" punct="comma" wd=","/>
          </S>
          <sn arg="arg1" entityref="nne" func="suj" tem="tem">
            <spec arg="arg0" gen="f" num="p" tem="agt">
              <d coreftype="ident" entity="entity17" entityref="nne" gen="c" lem="su" num="p" person="3" pos="dp3cp0" postype="possessive" wd="sus"/>
            </spec>
            <grup.nom gen="f" num="p">
              <n gen="f" lem="inversión" lexicalid="noun.inversión.2.default" num="p" origin="deverbal" pos="ncfp000" postype="common" sense="16:09599330" wd="inversiones"/>
            </grup.nom>
          </sn>
          <grup.verb>
            <v lem="ser" lss="C21.state-attributive" mood="indicative" num="p" person="3" pos="vsip3p0" postype="semiauxiliary" tense="present" wd="son"/>
          </grup.verb>
          <sa arg="arg2" func="atr" tem="atr">
            <spec>
              <r lem="mucho" pos="rg" wd="muy"/>
            </spec>
            <grup.a>
              <a gen="c" lem="tangible" num="p" pos="aq0cp0" postype="qualificative" wd="tangibles"/>
            </grup.a>
          </sa>
        </S>
        <f lem="&quot;" pos="fe" punct="quotation" wd="&quot;"/>
      </S>
    </S>
    <conj conjunctiontype="coordinating">
      <c lem="y" pos="cc" postype="coordinating" wd="y"/>
    </conj>
    <S>
      <sn arg="arg0" coreftype="ident" elliptic="yes" entity="entity15" entityref="spec" func="suj" tem="agt"/>
      <grup.verb>
        <v lem="destacar" lss="A21.transitive-agentive-patient" mood="indicative" num="s" person="3" pos="vmip3s0" postype="main" tense="present" wd="destaca"/>
      </grup.verb>
      <sn arg="arg1" entityref="nne" func="cd" homophoricDD="yes" tem="pat">
        <f lem="&quot;" pos="fe" punct="quotation" wd="&quot;"/>
        <spec gen="f" num="s">
          <d gen="f" lem="el" num="s" pos="da0fs0" postype="article" wd="la"/>
        </spec>
        <grup.nom gen="f" num="s">
          <n gen="f" lem="apuesta" lexicalid="noun.apuesta.1.default" num="s" origin="deverbal" pos="ncfs000" postype="common" sense="16:cs1" wd="apuesta"/>
          <sp arg="arg0" func="cn" tem="agt">
            <prep>
              <s lem="de" pos="sps00" postype="preposition" wd="de"/>
            </prep>
            <sn entityref="ne" ne="person">
              <grup.nom gen="m" num="s">
                <n lem="Alvarez_Cascos" ne="person" pos="np0000p" postype="proper" sense="16:cs1" wd="Alvarez_Cascos"/>
              </grup.nom>
            </sn>
          </sp>
          <sp arg="arg2" func="cn" tem="tem">
            <prep>
              <s lem="por" pos="sps00" postype="preposition" wd="por"/>
            </prep>
            <sn entityref="nne" homophoricDD="yes">
              <spec gen="f" num="s">
                <d gen="f" lem="el" num="s" pos="da0fs0" postype="article" wd="la"/>
              </spec>
              <grup.nom gen="f" num="s">
                <n gen="f" lem="entrada" lexicalid="noun.entrada.2.default" num="s" origin="deverbal" pos="ncfs000" postype="common" sense="16:00026402" wd="entrada"/>
                <sp arg="arg1" func="cn" tem="tem">
                  <prep>
                    <s lem="de" pos="sps00" postype="preposition" wd="de"/>
                  </prep>
                  <sn entityref="nne">
                    <grup.nom gen="m" num="s">
                      <n gen="m" lem="capital" num="s" pos="ncms000" postype="common" sense="16:09599476" wd="capital"/>
                      <S clausetype="participle" impersonal="yes">
                        <participi>
                          <a gen="m" lem="privado" num="s" pos="aq0msp" posfunction="participle" postype="qualificative" wd="privado"/>
                        </participi>
                      </S>
                    </grup.nom>
                  </sn>
                </sp>
                <sp arg="arg2" func="cn" tem="loc">
                  <prep>
                    <s lem="en" pos="sps00" postype="preposition" wd="en"/>
                  </prep>
                  <sn entityref="nne" homophoricDD="yes">
                    <spec gen="f" num="s">
                      <d gen="f" lem="el" num="s" pos="da0fs0" postype="article" wd="la"/>
                    </spec>
                    <grup.nom gen="f" num="s">
                      <n gen="f" lem="financiación" lexicalid="noun.financiación.3.default" num="s" origin="deverbal" pos="ncfs000" postype="common" sense="16:00712138" wd="financiación"/>
                      <sp arg="arg1" func="cn" tem="pat">
                        <prep>
                          <s lem="de" pos="sps00" postype="preposition" wd="de"/>
                        </prep>
                        <sn entityref="nne">
                          <spec gen="f" num="p">
                            <d gen="f" lem="el" num="p" pos="da0fp0" postype="article" wd="las"/>
                          </spec>
                          <grup.nom gen="f" num="p">
                            <n gen="f" lem="obra" lexicalid="noun.obra.2.default" num="p" origin="deverbal" pos="ncfp000" postype="common" sense="16:03629197" wd="obras"/>
                          </grup.nom>
                        </sn>
                      </sp>
                    </grup.nom>
                  </sn>
                </sp>
              </grup.nom>
            </sn>
          </sp>
        </grup.nom>
        <f lem="&quot;" pos="fe" punct="quotation" wd="&quot;"/>
      </sn>
    </S>
    <f lem="." pos="fp" punct="period" wd="."/>
  </sentence>
</article>
