<?xml version="1.0" encoding="UTF-8"?>
<!-- 

  ancora-2.0
       
			Copyright (C) 2007, 2008, 2009, 2010, 2011 UB - CLiC
			Centre de Llenguatge i Computació - Universitat de Barcelona
 
  This file is part of ancora-2.0.
 
  ancora-2.0 is free software and data: you can redistribute it and/or modify
  it under the terms of the GNU General Public License as published
  by the Free Software Foundation, either version 3 of the License,
  or (at your option) any later version.

  ancora-2.0 is distributed in the hope that it will be useful,
  but WITHOUT ANY WARRANTY; without even the implied warranty of
  MERCHANTABILITY or FITNESS FOR A PARTICULAR PURPOSE.  See the
  GNU General Public License for more details.
 
  You should have received a copy of the GNU General Public License
  along with ancora-2.0.  If not, see &lt;http://www.gnu.org/licenses/&gt;.
 
  Check a text in catalan explaining the terms of the license at http://www.softcatala.cat/wiki/GPL3.
  In spanish at http://www.viti.es/gnu/licenses/gpl.html
 

  The following paper must be cited when using this corpus:

 * Taulé, M., M.A. Martí, M. Recasens (2008) 'Ancora: Multilevel Annotated Corpora for Catalan and Spanish',
   Proceedings of 6th International Conference on Language Resources and Evaluation. Marrakesh (Morocco).

  In addition, the following paper must be cited if coreference information (attributes entity, coreftype,
  corefsubtype, homophoricDD or entityref) is used:

 * Recasens, Marta, M. Antònia Martí (2010) ‘AnCora-CO: Coreferentially annotated corpora for Spanish and
   Catalan’. Language Resources and Evaluation, Springer Science.

  Additionally, the following paper must be cited when argumental attributes in "sn" or "grup.nom"
  (attributes func, arg, tem or lexicalid) are used:

 * Peris, Aina, Mariona Taulé, Horacio Rodríguez (2010) ‘Semantic Annotation of Deverbal Nominalizations in the
   Spanish AnCora corpus’. Treebanks and Linguistic Theories (TLT-2010), Estonia.
-->
<article lng="es">
  <sentence>
    <S arg="arg1" clausetype="completive" func="cd" tem="pat">
      <sn arg="arg1" entity="entity4" entityref="ne" func="suj" ne="person" tem="pat">
        <spec gen="m" num="s">
          <d gen="m" lem="el" num="s" pos="da0ms0" postype="article" wd="El"/>
        </spec>
        <grup.nom gen="m" num="s">
          <n gen="c" lem="pugilista" num="s" pos="nccs000" postype="common" sense="16:07123010" wd="pugilista"/>
          <s.a gen="m" num="s">
            <grup.a gen="m" num="s">
              <a gen="m" lem="venezolano" num="s" pos="aq0ms0" postype="qualificative" wd="venezolano"/>
            </grup.a>
          </s.a>
          <sn entityref="ne" ne="person">
            <grup.nom gen="m" num="s">
              <n lem="Antonio_Cermeño" ne="person" pos="np0000p" postype="proper" sense="16:cs1" wd="Antonio_Cermeño"/>
            </grup.nom>
          </sn>
        </grup.nom>
      </sn>
      <grup.verb>
        <v lem="ser" mood="indicative" num="s" person="3" pos="vsis3s0" postype="semiauxiliary" tense="past" wd="fue"/>
        <v gen="m" lem="despojar" lss="B22.unaccusative-passive-transitive" mood="participle" num="s" pos="vmp00sm" postype="main" wd="despojado"/>
      </grup.verb>
      <sp arg="arg2" func="creg" tem="tem">
        <prep>
          <s contracted="yes" gen="m" lem="del" num="s" pos="spcms" postype="preposition" wd="del"/>
        </prep>
        <sn entity="entity2" entityref="nne" homophoricDD="yes">
          <grup.nom gen="m" num="s">
            <n gen="m" lem="título" num="s" pos="ncms000" postype="common" sense="16:04864239" wd="título"/>
            <sp>
              <prep>
                <s lem="de" pos="sps00" postype="preposition" wd="de"/>
              </prep>
              <sn>
                <grup.nom gen="m" num="s">
                  <n gen="m" lem="campeón" num="s" pos="ncms000" postype="common" sense="16:07147536" wd="campeón"/>
                  <s.a gen="m" num="s">
                    <grup.a gen="m" num="s">
                      <a gen="m" lem="interino" num="s" pos="aq0ms0" postype="qualificative" wd="interino"/>
                    </grup.a>
                  </s.a>
                  <sn entity="entity10" entityref="ne" ne="other">
                    <grup.nom>
                      <n lem="Supergallo" ne="other" pos="np0000a" postype="proper" sense="16:cs1" wd="Supergallo"/>
                    </grup.nom>
                  </sn>
                </grup.nom>
              </sn>
            </sp>
            <sp>
              <prep>
                <s lem="de" pos="sps00" postype="preposition" wd="de"/>
              </prep>
              <sn entity="entity1" entityref="ne" ne="organization">
                <spec gen="f" num="s">
                  <d gen="f" lem="el" num="s" pos="da0fs0" postype="article" wd="la"/>
                </spec>
                <grup.nom gen="f" num="s">
                  <n lem="Asociación_Mundial_de_Boxeo" ne="organization" pos="np0000o" postype="proper" sense="16:cs1" wd="Asociación_Mundial_de_Boxeo"/>
                  <sn corefsubtype="definit" coreftype="pred" entity="entity1" entityref="ne" ne="organization">
                    <grup.nom gen="f" num="s">
                      <f lem="(" pos="fpa" punct="bracket" punctenclose="open" wd="("/>
                      <n lem="AMB" ne="organization" pos="np0000o" postype="proper" sense="16:cs1" wd="AMB"/>
                      <f lem=")" pos="fpt" punct="bracket" punctenclose="close" wd=")"/>
                    </grup.nom>
                  </sn>
                </grup.nom>
              </sn>
            </sp>
          </grup.nom>
        </sn>
      </sp>
      <sp arg="argM" func="cc" tem="cau">
        <f lem="," pos="fc" punct="comma" wd=","/>
        <prep>
          <s contracted="yes" gen="m" lem="al" num="s" pos="spcms" postype="preposition" wd="al"/>
        </prep>
        <S clausetype="completive" impersonal="yes">
          <neg func="mod">
            <r lem="no" pos="rn" postype="negative" wd="no"/>
          </neg>
          <infinitiu>
            <v lem="cumplir" lss="A21.transitive-agentive-patient" mood="infinitive" pos="vmn0000" postype="main" wd="cumplir"/>
          </infinitiu>
          <sn arg="arg1" entityref="nne" func="cd" homophoricDD="yes" tem="pat">
            <spec gen="m" num="s">
              <d gen="m" lem="el" num="s" pos="da0ms0" postype="article" wd="el"/>
            </spec>
            <grup.nom gen="m" num="s">
              <n gen="m" lem="requisito" num="s" pos="ncms000" postype="common" sense="16:06846327" wd="requisito"/>
              <sp>
                <prep>
                  <s lem="de" pos="sps00" postype="preposition" wd="de"/>
                </prep>
                <S clausetype="completive" impersonal="yes">
                  <infinitiu>
                    <v lem="disputar" lss="A21.transitive-agentive-patient" mood="infinitive" pos="vmn0000" postype="main" wd="disputar"/>
                  </infinitiu>
                  <sn arg="arg1" coreftype="ident" entity="entity2" entityref="nne" func="cd" tem="pat">
                    <spec gen="f" num="s">
                      <d gen="f" lem="ese" num="s" pos="dd0fs0" postype="demonstrative" wd="esa"/>
                    </spec>
                    <grup.nom gen="f" num="s">
                      <n gen="f" lem="corona" num="s" pos="ncfs000" postype="common" sense="16:02525897" wd="corona"/>
                    </grup.nom>
                  </sn>
                  <sp arg="argM" func="cc" tem="tmp">
                    <prep>
                      <s lem="en" pos="sps00" postype="preposition" wd="en"/>
                    </prep>
                    <sn entity="entity5" entityref="nne" homophoricDD="yes">
                      <spec gen="m" num="s">
                        <d gen="m" lem="el" num="s" pos="da0ms0" postype="article" wd="el"/>
                      </spec>
                      <grup.nom gen="m" num="s">
                        <n gen="m" lem="plazo" num="s" pos="ncms000" postype="common" sense="16:10935385" wd="plazo"/>
                        <S clausetype="participle" impersonal="yes">
                          <participi>
                            <a gen="m" lem="establecido" num="s" pos="aq0msp" posfunction="participle" postype="qualificative" wd="establecido"/>
                          </participi>
                        </S>
                      </grup.nom>
                    </sn>
                  </sp>
                </S>
              </sp>
            </grup.nom>
          </sn>
        </S>
      </sp>
      <f lem="," pos="fc" punct="comma" wd=","/>
    </S>
    <grup.verb>
      <v lem="informar" lss="A34.ditransitive-patient-theme" mood="indicative" num="s" person="3" pos="vmis3s0" postype="main" tense="past" wd="informó"/>
    </grup.verb>
    <sadv arg="argM" func="cc" tem="tmp">
      <grup.adv>
        <r lem="hoy" pos="rg" wd="hoy"/>
      </grup.adv>
    </sadv>
    <sn arg="arg0" entityref="nne" func="suj" tem="agt">
      <spec gen="m" num="s">
        <d gen="m" lem="uno" num="s" pos="di0ms0" postype="indefinite" wd="un"/>
      </spec>
      <grup.nom gen="m" num="s">
        <n gen="c" lem="portavoz" num="s" pos="nccs000" postype="common" sense="16:07601722" wd="portavoz"/>
        <s.a gen="m" num="s">
          <grup.a>
            <a gen="c" lem="oficial" num="s" pos="aq0cs0" postype="qualificative" wd="oficial"/>
          </grup.a>
        </s.a>
      </grup.nom>
    </sn>
    <f lem="." pos="fp" punct="period" wd="."/>
  </sentence>
  <sentence>
    <sn arg="arg0" entity="entity3" entityref="ne" func="suj" ne="person" tem="agt">
      <grup.nom gen="m" num="s">
        <n lem="Gilberto_Jesús_Mendoza" ne="person" pos="np0000p" postype="proper" sense="16:cs1" wd="Gilberto_Jesús_Mendoza"/>
        <sn corefsubtype="definit" coreftype="pred" entity="entity3" entityref="ne" ne="person">
          <f lem="," pos="fc" punct="comma" wd=","/>
          <grup.nom gen="m" num="s">
            <n gen="m" lem="director" num="s" pos="ncms000" postype="common" sense="16:07063762" wd="director"/>
            <s.a gen="m" num="s">
              <grup.a gen="m" num="s">
                <a gen="m" lem="ejecutivo" num="s" pos="aq0ms0" postype="qualificative" wd="ejecutivo"/>
              </grup.a>
            </s.a>
            <sp>
              <prep>
                <s lem="de" pos="sps00" postype="preposition" wd="de"/>
              </prep>
              <sn coreftype="ident" entity="entity1" entityref="ne" ne="organization">
                <spec gen="f" num="s">
                  <d gen="f" lem="el" num="s" pos="da0fs0" postype="article" wd="la"/>
                </spec>
                <grup.nom gen="f" num="s">
                  <n lem="AMB" ne="organization" pos="np0000o" postype="proper" sense="16:cs1" wd="AMB"/>
                </grup.nom>
              </sn>
            </sp>
          </grup.nom>
          <f lem="," pos="fc" punct="comma" wd=","/>
        </sn>
      </grup.nom>
    </sn>
    <grup.verb>
      <v lem="señalar" lss="A21.transitive-agentive-patient" mood="indicative" num="s" person="3" pos="vmis3s0" postype="main" tense="past" wd="señaló"/>
    </grup.verb>
    <sp arg="arg2" func="ci" tem="ben">
      <prep>
        <s lem="a" pos="sps00" postype="preposition" wd="a"/>
      </prep>
      <sn entity="entity8" entityref="ne" ne="organization">
        <grup.nom>
          <n lem="Efe" ne="organization" pos="np0000o" postype="proper" sense="16:cs1" wd="Efe"/>
        </grup.nom>
      </sn>
    </sp>
    <S arg="arg1" clausetype="completive" entity="entity6" func="cd" tem="pat">
      <conj conjunctiontype="subordinating">
        <c lem="que" pos="cs" postype="subordinating" wd="que"/>
      </conj>
      <sn arg="arg0" coreftype="ident" entity="entity4" entityref="ne" func="suj" ne="person" tem="agt">
        <grup.nom gen="m" num="s">
          <n lem="Cermeño" ne="person" pos="np0000p" postype="proper" sense="16:cs1" wd="Cermeño"/>
        </grup.nom>
      </sn>
      <neg func="mod">
        <r lem="no" pos="rn" postype="negative" wd="no"/>
      </neg>
      <grup.verb>
        <v lem="cumplir" lss="A22.transitive-agentive-theme" mood="indicative" num="s" person="3" pos="vmis3s0" postype="main" tense="past" wd="cumplió"/>
      </grup.verb>
      <sp arg="arg1" func="creg" tem="tem">
        <prep>
          <s lem="con" pos="sps00" postype="preposition" wd="con"/>
        </prep>
        <sn coreftype="ident" entity="entity5" entityref="nne" homophoricDD="yes">
          <spec gen="m" num="s">
            <d gen="m" lem="el" num="s" pos="da0ms0" postype="article" wd="el"/>
          </spec>
          <grup.nom gen="m" num="s">
            <n gen="m" lem="tiempo" num="s" pos="ncms000" postype="common" sense="16:00015594" wd="tiempo"/>
            <S clausetype="participle" impersonal="yes">
              <participi>
                <a gen="m" lem="establecido" num="s" pos="aq0msp" posfunction="participle" postype="qualificative" wd="establecido"/>
              </participi>
            </S>
            <sp>
              <prep>
                <s lem="para" pos="sps00" postype="preposition" wd="para"/>
              </prep>
              <S clausetype="completive" impersonal="yes">
                <infinitiu>
                  <v lem="defender" lss="A21.transitive-agentive-patient" mood="infinitive" pos="vmn0000" postype="main" wd="defender"/>
                </infinitiu>
                <sn arg="arg1" coreftype="ident" entity="entity2" entityref="nne" func="cd" tem="pat">
                  <spec gen="f" num="s">
                    <d gen="f" lem="el" num="s" pos="da0fs0" postype="article" wd="la"/>
                  </spec>
                  <grup.nom gen="f" num="s">
                    <n gen="f" lem="corona" num="s" pos="ncfs000" postype="common" sense="16:02525897" wd="corona"/>
                    <s.a gen="f" num="s">
                      <grup.a gen="f" num="s">
                        <a gen="f" lem="interino" num="s" pos="aq0fs0" postype="qualificative" wd="interina"/>
                      </grup.a>
                    </s.a>
                  </grup.nom>
                </sn>
              </S>
            </sp>
          </grup.nom>
        </sn>
      </sp>
      <sn corefsubtype="token" coreftype="dx" entity="entity6" entityref="nne" func="ao">
        <f lem="," pos="fc" punct="comma" wd=","/>
        <spec gen="m" num="s">
          <d gen="c" lem="el" num="s" pos="da0ns0" postype="article" wd="lo"/>
        </spec>
        <grup.nom gen="m" num="s">
          <S clausetype="relative">
            <relatiu arg="arg0" func="suj" tem="cau">
              <p gen="c" lem="que" num="c" pos="pr0cn000" postype="relative" wd="que"/>
            </relatiu>
            <grup.verb>
              <v lem="obligar" lss="A12.ditransitive-causative-state" mood="indicative" num="s" person="3" pos="vmis3s0" postype="main" tense="past" wd="obligó"/>
            </grup.verb>
            <sp arg="arg1" func="cd" tem="tem">
              <prep>
                <s contracted="yes" gen="m" lem="al" num="s" pos="spcms" postype="preposition" wd="al"/>
              </prep>
              <sn coreftype="ident" entity="entity1" entityref="spec">
                <grup.nom gen="m" num="s">
                  <n gen="m" lem="organismo" num="s" pos="ncms000" postype="common" sense="16:06239959" wd="organismo"/>
                </grup.nom>
              </sn>
            </sp>
            <sp arg="arg2" func="creg" tem="efi">
              <prep>
                <s lem="a" pos="sps00" postype="preposition" wd="a"/>
              </prep>
              <S clausetype="completive" impersonal="yes">
                <infinitiu>
                  <v coreftype="ident" entity="entity4" lem="eliminar" lss="A21.transitive-agentive-patient" mood="infinitive" pos="vmn0000" postype="main" wd="eliminarlo"/>
                </infinitiu>
                <sp arg="argM" func="cc" tem="loc">
                  <prep>
                    <s lem="de" pos="sps00" postype="preposition" wd="de"/>
                  </prep>
                  <sn entity="entity7" entityref="nne">
                    <spec gen="f" num="p">
                      <d gen="f" lem="el" num="p" pos="da0fp0" postype="article" wd="las"/>
                    </spec>
                    <grup.nom gen="f" num="p">
                      <n gen="f" lem="lista" num="p" pos="ncfp000" postype="common" sense="16:04866394" wd="listas"/>
                      <sp>
                        <prep>
                          <s contracted="yes" gen="m" lem="del" num="s" pos="spcms" postype="preposition" wd="del"/>
                        </prep>
                        <sn entityref="ne" ne="date">
                          <grup.nom gen="m" num="s">
                            <S clausetype="participle" impersonal="yes">
                              <participi>
                                <a gen="m" lem="pasado" num="s" pos="aq0msp" posfunction="participle" postype="qualificative" wd="pasado"/>
                              </participi>
                            </S>
                            <w lem="[??:??/9/??:??.??]" ne="date" wd="mes_de_septiembre"/>
                          </grup.nom>
                        </sn>
                      </sp>
                    </grup.nom>
                  </sn>
                </sp>
              </S>
            </sp>
          </S>
        </grup.nom>
      </sn>
    </S>
    <f lem="." pos="fp" punct="period" wd="."/>
  </sentence>
  <sentence>
    <S arg="arg1" clausetype="completive" coord="yes" func="cd" tem="pat">
      <f lem="&quot;" pos="fe" punct="quotation" wd="&quot;"/>
      <S clausetype="completive" entity="entity15">
        <sn arg="arg1" coreftype="ident" entity="entity4" entityref="ne" func="suj" ne="person" tem="tem">
          <grup.nom gen="m" num="s">
            <n lem="Cermeño" ne="person" pos="np0000p" postype="proper" sense="16:cs1" wd="Cermeño"/>
          </grup.nom>
        </sn>
        <grup.verb>
          <v lem="quedar" lss="C21.state-attributive" mood="indicative" num="s" person="3" pos="vmis3s0" postype="main" tense="past" wd="quedó"/>
        </grup.verb>
        <S arg="arg2" clausetype="participle" func="cpred" impersonal="yes" predicate="suj" tem="atr">
          <participi>
            <a gen="m" lem="eliminado" lss="B22.unaccusative-passive-transitive" num="s" pos="aq0msp" posfunction="participle" postype="qualificative" wd="eliminado"/>
          </participi>
          <sp arg="argM" func="cc" tem="loc">
            <prep>
              <s lem="de" pos="sps00" postype="preposition" wd="de"/>
            </prep>
            <sn coreftype="ident" entity="entity7" entityref="nne">
              <spec gen="f" num="p">
                <d gen="f" lem="el" num="p" pos="da0fp0" postype="article" wd="las"/>
              </spec>
              <grup.nom gen="f" num="p">
                <n gen="f" lem="lista" num="p" pos="ncfp000" postype="common" sense="16:04866394" wd="listas"/>
              </grup.nom>
            </sn>
          </sp>
        </S>
      </S>
      <conj conjunctiontype="coordinating">
        <c lem="y" pos="cc" postype="coordinating" wd="y"/>
      </conj>
      <S clausetype="completive">
        <sn arg="arg0" coreftype="ident" elliptic="yes" entity="entity3" entityref="spec" func="suj" tem="agt"/>
        <sadv func="mod">
          <grup.adv>
            <r lem="ya" pos="rg" wd="ya"/>
          </grup.adv>
        </sadv>
        <sn arg="arg2" coreftype="ident" entity="entity8" entityref="spec" func="ci" tem="ben">
          <grup.nom num="s">
            <p gen="c" lem="tú" num="s" person="2" pos="pp2cs000" postype="personal" wd="te"/>
          </grup.nom>
        </sn>
        <grup.verb>
          <v lem="confirmar" lss="A21.transitive-agentive-patient" mood="indicative" num="s" person="1" pos="vmip1s0" postype="main" tense="present" wd="confirmo"/>
        </grup.verb>
        <S arg="arg1" clausetype="completive" func="cd" tem="pat">
          <conj conjunctiontype="subordinating">
            <c lem="que" pos="cs" postype="subordinating" wd="que"/>
          </conj>
          <sn arg="arg0" entity="entity9" entityref="ne" func="suj" ne="person" tem="agt">
            <spec gen="m" num="s">
              <d gen="m" lem="otro" num="s" pos="di0ms0" postype="indefinite" wd="otro"/>
            </spec>
            <grup.nom gen="m" num="s">
              <n gen="m" lem="venezolano" num="s" pos="ncms000" postype="common" sense="16:07049078" wd="venezolano"/>
              <sn entityref="ne" ne="person">
                <f lem="," pos="fc" punct="comma" wd=","/>
                <grup.nom gen="m" num="s">
                  <n lem="Yober_Ortega" ne="person" pos="np0000p" postype="proper" sense="16:cs1" wd="Yober_Ortega"/>
                </grup.nom>
                <f lem="," pos="fc" punct="comma" wd=","/>
              </sn>
            </grup.nom>
          </sn>
          <grup.verb>
            <v lem="disputar" lss="A21.transitive-agentive-patient" mood="indicative" num="s" person="3" pos="vmif3s0" postype="main" tense="future" wd="disputará"/>
          </grup.verb>
          <sn arg="arg1" entity="entity17" entityref="nne" func="cd" homophoricDD="yes" tem="pat">
            <spec gen="f" num="s">
              <d gen="f" lem="el" num="s" pos="da0fs0" postype="article" wd="la"/>
            </spec>
            <grup.nom gen="f" num="s">
              <s.a gen="f" num="s">
                <grup.a gen="f" num="s">
                  <a gen="c" lem="vacante" num="s" pos="aq0cs0" postype="qualificative" wd="vacante"/>
                </grup.a>
              </s.a>
              <n gen="f" lem="corona" num="s" pos="ncfs000" postype="common" sense="16:02525897" wd="corona"/>
              <s.a gen="f" num="s">
                <grup.a gen="f" num="s">
                  <a gen="f" lem="interino" num="s" pos="aq0fs0" postype="qualificative" wd="interina"/>
                </grup.a>
              </s.a>
            </grup.nom>
          </sn>
          <sp arg="argM" func="cc" tem="adv">
            <prep>
              <s lem="ante" pos="sps00" postype="preposition" wd="ante"/>
            </prep>
            <sn entity="entity18" entityref="ne" ne="person">
              <spec gen="m" num="s">
                <d gen="m" lem="el" num="s" pos="da0ms0" postype="article" wd="el"/>
              </spec>
              <grup.nom gen="m" num="s">
                <s.a gen="m" num="s">
                  <grup.a gen="m" num="s">
                    <a gen="m" lem="japonés" num="s" pos="aq0ms0" postype="qualificative" wd="japonés"/>
                  </grup.a>
                </s.a>
                <n lem="Kozo_Ishii" ne="person" pos="np0000p" postype="proper" sense="16:cs1" wd="Kozo_Ishii"/>
              </grup.nom>
            </sn>
          </sp>
        </S>
      </S>
      <f lem="&quot;" pos="fe" punct="quotation" wd="&quot;"/>
      <f lem="," pos="fc" punct="comma" wd=","/>
    </S>
    <grup.verb>
      <v lem="aseverar" lss="A32.ditransitive-patient-benefactive" mood="indicative" num="s" person="3" pos="vmis3s0" postype="main" tense="past" wd="aseveró"/>
    </grup.verb>
    <sn arg="arg0" coreftype="ident" entity="entity3" entityref="ne" func="suj" ne="person" tem="agt">
      <grup.nom gen="m" num="s">
        <n lem="Mendoza" ne="person" pos="np0000p" postype="proper" sense="16:cs1" wd="Mendoza"/>
      </grup.nom>
    </sn>
    <f lem="." pos="fp" punct="period" wd="."/>
  </sentence>
  <sentence coord="yes">
    <S>
      <sn arg="arg0" coreftype="ident" entity="entity4" entityref="spec" func="suj" tem="agt">
        <spec gen="m" num="s">
          <d gen="m" lem="el" num="s" pos="da0ms0" postype="article" wd="El"/>
        </spec>
        <grup.nom gen="m" num="s">
          <n gen="m" lem="púgil" num="s" pos="ncms000" postype="common" sense="16:07123010" wd="púgil"/>
          <s.a gen="m" num="s">
            <grup.a gen="m" num="s">
              <a gen="m" lem="venezolano" num="s" pos="aq0ms0" postype="qualificative" wd="venezolano"/>
            </grup.a>
          </s.a>
        </grup.nom>
      </sn>
      <grup.verb>
        <v lem="haber" mood="indicative" num="s" person="3" pos="vaii3s0" postype="auxiliary" tense="imperfect" wd="había"/>
        <v gen="m" lem="ganar" lss="A21.transitive-agentive-patient" mood="participle" num="s" pos="vmp00sm" postype="main" wd="ganado"/>
      </grup.verb>
      <sn arg="arg1" coreftype="ident" entity="entity2" entityref="nne" func="cd" tem="pat">
        <spec gen="f" num="s">
          <d gen="f" lem="el" num="s" pos="da0fs0" postype="article" wd="la"/>
        </spec>
        <grup.nom gen="f" num="s">
          <n gen="f" lem="corona" num="s" pos="ncfs000" postype="common" sense="16:02525897" wd="corona"/>
          <s.a gen="f" num="s">
            <grup.a gen="f" num="s">
              <a gen="f" lem="interino" num="s" pos="aq0fs0" postype="qualificative" wd="interina"/>
            </grup.a>
          </s.a>
        </grup.nom>
      </sn>
      <sn arg="argM" entityref="ne" func="cc" ne="date" tem="tmp">
        <spec gen="m" num="s">
          <d gen="m" lem="el" num="s" pos="da0ms0" postype="article" wd="el"/>
        </spec>
        <grup.nom gen="m" num="s">
          <w lem="[??:9/10/1999:??.??]" ne="date" wd="9_de_octubre_de_1999"/>
        </grup.nom>
      </sn>
      <sp arg="argM" func="cc" tem="loc">
        <prep>
          <s lem="en" pos="sps00" postype="preposition" wd="en"/>
        </prep>
        <sn entityref="ne" ne="other">
          <spec gen="m" num="s">
            <d gen="m" lem="el" num="s" pos="da0ms0" postype="article" wd="el"/>
          </spec>
          <grup.nom gen="m" num="s">
            <n lem="Festival_Latinoamericano_de_Boxeo" ne="other" pos="np0000a" postype="proper" sense="16:cs1" wd="Festival_Latinoamericano_de_Boxeo"/>
          </grup.nom>
        </sn>
      </sp>
      <sp arg="argM" func="cc" tem="tmp">
        <prep>
          <s contracted="yes" gen="m" lem="al" num="s" pos="spcms" postype="preposition" wd="al"/>
        </prep>
        <S clausetype="completive" impersonal="yes">
          <infinitiu>
            <v lem="superar" lss="A21.transitive-agentive-patient" mood="infinitive" pos="vmn0000" postype="main" wd="superar"/>
          </infinitiu>
          <sp arg="arg1" func="cd" tem="pat">
            <prep>
              <s contracted="yes" gen="m" lem="al" num="s" pos="spcms" postype="preposition" wd="al"/>
            </prep>
            <sn coreftype="ident" entity="entity9" entityref="ne" ne="person">
              <spec gen="m" num="s">
                <d gen="m" lem="propio" num="s" pos="di0ms0" postype="indefinite" wd="propio"/>
              </spec>
              <grup.nom gen="m" num="s">
                <n lem="Ortega" ne="person" pos="np0000p" postype="proper" sense="16:cs1" wd="Ortega"/>
              </grup.nom>
            </sn>
          </sp>
          <sp arg="argM" func="cc" tem="adv">
            <prep>
              <s lem="por" pos="sps00" postype="preposition" wd="por"/>
            </prep>
            <sn entityref="lex">
              <grup.nom gen="f" num="s">
                <n arg="arg1" gen="f" lem="decisión" lexicalid="noun.decisión.1.default" num="s" origin="deverbal" pos="ncfs000" postype="common" sense="16:00105760" tem="pat" wd="decisión"/>
                <s.a func="cn" gen="f" num="s">
                  <grup.a gen="f" num="s">
                    <a gen="c" lem="unánime" num="s" pos="aq0cs0" postype="qualificative" wd="unánime"/>
                  </grup.a>
                </s.a>
              </grup.nom>
            </sn>
          </sp>
        </S>
      </sp>
    </S>
    <conj conjunctiontype="coordinating">
      <c lem="y" pos="cc" postype="coordinating" wd="y"/>
    </conj>
    <S entity="entity12">
      <sn arg="arg0" coreftype="ident" elliptic="yes" entity="entity4" entityref="spec" func="suj" tem="agt"/>
      <grup.verb>
        <v lem="tener" mood="indicative" num="s" person="3" pos="vmii3s0" postype="main" tense="imperfect" wd="tenía"/>
        <c lem="que" pos="cs" postype="subordinating" wd="que"/>
        <infinitiu>
          <v lem="disputar" lss="A21.transitive-agentive-patient" mood="infinitive" pos="vmn0000" postype="main" wd="disputar"/>
        </infinitiu>
      </grup.verb>
      <sn arg="arg1" coreftype="ident" entity="entity2" entityref="nne" func="cd" tem="pat">
        <spec gen="f" num="s">
          <d gen="f" lem="el" num="s" pos="da0fs0" postype="article" wd="la"/>
        </spec>
        <grup.nom gen="f" num="s">
          <n gen="f" lem="corona" num="s" pos="ncfs000" postype="common" sense="16:02525897" wd="corona"/>
        </grup.nom>
      </sn>
      <sp arg="argM" func="cc" tem="adv">
        <prep>
          <s lem="con" pos="sps00" postype="preposition" wd="con"/>
        </prep>
        <sn entity="entity11" entityref="spec" homophoricDD="yes">
          <spec gen="m" num="s">
            <d gen="m" lem="el" num="s" pos="da0ms0" postype="article" wd="el"/>
          </spec>
          <grup.nom gen="m" num="s">
            <n gen="m" lem="titular" num="s" pos="ncms000" postype="common" sense="16:07336733" wd="titular"/>
            <sp>
              <prep>
                <s lem="de" pos="sps00" postype="preposition" wd="de"/>
              </prep>
              <sn coreftype="ident" entity="entity10" entityref="spec">
                <spec gen="f" num="s">
                  <d gen="f" lem="el" num="s" pos="da0fs0" postype="article" wd="la"/>
                </spec>
                <grup.nom gen="f" num="s">
                  <n gen="f" lem="categoría" num="s" pos="ncfs000" postype="common" sense="16:05991008" wd="categoría"/>
                </grup.nom>
              </sn>
            </sp>
            <sn corefsubtype="definit" coreftype="pred" entity="entity11" entityref="ne" ne="person">
              <f lem="," pos="fc" punct="comma" wd=","/>
              <spec gen="m" num="s">
                <d gen="m" lem="el" num="s" pos="da0ms0" postype="article" wd="el"/>
              </spec>
              <grup.nom gen="m" num="s">
                <s.a gen="m" num="s">
                  <grup.a gen="m" num="s">
                    <a gen="c" lem="estadounidense" num="s" pos="aq0cs0" postype="qualificative" wd="estadounidense"/>
                  </grup.a>
                </s.a>
                <n lem="Clarence_Adams" ne="person" pos="np0000p" postype="proper" sense="16:cs1" wd="Clarence_Adams"/>
              </grup.nom>
            </sn>
          </grup.nom>
        </sn>
      </sp>
    </S>
    <f lem="." pos="fp" punct="period" wd="."/>
  </sentence>
  <sentence coord="yes">
    <sadv adjunct="yes" arg="argM" func="cc" tem="tmp">
      <grup.adv>
        <sn>
          <spec gen="f" num="p">
            <d gen="f" lem="poco" num="p" pos="di0fp0" postype="indefinite" wd="Pocas"/>
          </spec>
          <grup.nom gen="f" num="p">
            <n gen="f" lem="semana" num="p" pos="ncfp000" postype="common" sense="16:10888430" wd="semanas"/>
          </grup.nom>
        </sn>
        <r lem="antes" pos="rg" wd="antes"/>
        <sp>
          <prep>
            <s lem="de" pos="sps00" postype="preposition" wd="de"/>
          </prep>
          <sn corefsubtype="token" coreftype="dx" entity="entity12" entityref="nne">
            <spec gen="m" num="s">
              <d gen="m" lem="ese" num="s" pos="dd0ms0" postype="demonstrative" wd="ese"/>
            </spec>
            <grup.nom gen="m" num="s">
              <n gen="m" lem="combate" lexicalid="noun.combate.1.default" num="s" origin="deverbal" pos="ncms000" postype="common" sense="16:00283141" wd="combate"/>
            </grup.nom>
          </sn>
        </sp>
      </grup.adv>
      <f lem="," pos="fc" punct="comma" wd=","/>
    </sadv>
    <S coord="yes">
      <S>
        <sn arg="arg1" coreftype="ident" entity="entity4" entityref="ne" func="suj" ne="person" tem="tem">
          <grup.nom gen="m" num="s">
            <n lem="Cermeño" ne="person" pos="np0000p" postype="proper" sense="16:cs1" wd="Cermeño"/>
          </grup.nom>
        </sn>
        <grup.verb>
          <v lem="estar" lss="C21.state-attributive" mood="indicative" num="s" person="3" pos="vmis3s0" postype="main" tense="past" wd="estuvo"/>
        </grup.verb>
        <S arg="arg2" clausetype="participle" func="atr" impersonal="yes" tem="atr">
          <participi>
            <a gen="m" lem="involucrado" lss="B22.unaccusative-passive-transitive" num="s" pos="aq0msp" posfunction="participle" postype="qualificative" wd="involucrado"/>
          </participi>
          <sp arg="arg2" func="creg" tem="tem">
            <prep>
              <s lem="en" pos="sps00" postype="preposition" wd="en"/>
            </prep>
            <sn entity="entity13" entityref="nne">
              <spec gen="f" num="s">
                <d gen="f" lem="uno" num="s" pos="di0fs0" postype="indefinite" wd="una"/>
              </spec>
              <grup.nom gen="f" num="s">
                <n gen="f" lem="riña" num="s" pos="ncfs000" postype="common" sense="16:00615322" wd="riña"/>
                <sp>
                  <prep>
                    <s lem="en" pos="sps00" postype="preposition" wd="en"/>
                  </prep>
                  <sn entityref="nne">
                    <spec gen="f" num="s">
                      <d gen="f" lem="uno" num="s" pos="di0fs0" postype="indefinite" wd="una"/>
                    </spec>
                    <grup.nom gen="f" num="s">
                      <n gen="f" lem="discoteca" num="s" pos="ncfs000" postype="common" sense="16:02576333" wd="discoteca"/>
                    </grup.nom>
                  </sn>
                </sp>
                <S clausetype="relative">
                  <relatiu arg="arg0" coreftype="ident" entity="entity13" entityref="nne" func="suj" tem="agt">
                    <p gen="c" lem="que" num="c" pos="pr0cn000" postype="relative" wd="que"/>
                  </relatiu>
                  <sn arg="arg1" coreftype="ident" entity="entity4" entityref="spec" func="cd" tem="pat">
                    <grup.nom gen="m" num="s">
                      <p case="accusative" gen="m" lem="él" num="s" person="3" pos="pp3msa00" postype="personal" wd="lo"/>
                    </grup.nom>
                  </sn>
                  <grup.verb>
                    <v lem="mantener" lss="A21.transitive-agentive-patient" mood="indicative" num="s" person="3" pos="vmis3s0" postype="main" tense="past" wd="mantuvo"/>
                  </grup.verb>
                  <sp arg="argM" func="cc" tem="adv">
                    <prep>
                      <s lem="bajo" pos="sps00" postype="preposition" wd="bajo"/>
                    </prep>
                    <sn entityref="lex">
                      <grup.nom gen="f" num="s">
                        <n gen="f" lem="custodia" lexicalid="noun.custodia.1.default" num="s" origin="deverbal" pos="ncfs000" postype="common" sense="16:00743956" wd="custodia"/>
                        <s.a arg="arg0" func="cn" gen="f" num="s" tem="agt">
                          <grup.a gen="f" num="s">
                            <a gen="c" lem="policial" num="s" pos="aq0cs0" postype="qualificative" wd="policial"/>
                          </grup.a>
                        </s.a>
                      </grup.nom>
                    </sn>
                  </sp>
                </S>
              </grup.nom>
            </sn>
          </sp>
        </S>
        <f lem="," pos="fc" punct="comma" wd=","/>
      </S>
      <conj conjunctiontype="coordinating">
        <c lem="y" pos="cc" postype="coordinating" wd="y"/>
      </conj>
      <S>
        <sn arg="arg0" coreftype="ident" entity="entity11" entityref="ne" func="suj" ne="person" tem="agt">
          <grup.nom gen="m" num="s">
            <n lem="Adams" ne="person" pos="np0000p" postype="proper" sense="16:cs1" wd="Adams"/>
          </grup.nom>
        </sn>
        <grup.verb>
          <v lem="tener" mood="indicative" num="s" person="3" pos="vmis3s0" postype="main" tense="past" wd="tuvo"/>
          <c lem="que" pos="cs" postype="subordinating" wd="que"/>
          <infinitiu>
            <v lem="exponer" lss="A32.ditransitive-patient-benefactive" mood="infinitive" pos="vmn0000" postype="main" wd="exponer"/>
          </infinitiu>
        </grup.verb>
        <sn arg="arg1" entity="entity14" entityref="nne" func="cd" tem="pat">
          <spec gen="m" num="s">
            <d coreftype="ident" entity="entity11" entityref="spec" gen="c" lem="su" num="s" person="3" pos="dp3cs0" postype="possessive" wd="su"/>
          </spec>
          <grup.nom discid="1n" gen="m" num="s">
            <n gen="m" lem="título" num="s" pos="ncms000" postype="common" sense="16:04864239" wd="título"/>
          </grup.nom>
        </sn>
        <sp arg="argM" func="cc" tem="adv">
          <prep>
            <s lem="ante" pos="sps00" postype="preposition" wd="ante"/>
          </prep>
          <sn entityref="ne" ne="person">
            <grup.nom gen="m" num="s">
              <n lem="Andrés_Fernández" ne="person" pos="np0000p" postype="proper" sense="16:cs1" wd="Andrés_Fernández"/>
            </grup.nom>
          </sn>
        </sp>
        <S clausetype="relative" discid="1c">
          <f lem="," pos="fc" punct="comma" wd=","/>
          <relatiu arg="arg1" coreftype="ident" entity="entity14" entityref="nne" func="cd" tem="pat">
            <p gen="c" lem="que" num="c" pos="pr0cn000" postype="relative" wd="que"/>
          </relatiu>
          <sn arg="arg0" coreftype="ident" elliptic="yes" entity="entity11" entityref="spec" func="suj" tem="agt"/>
          <grup.verb>
            <v lem="mantener" lss="A21.transitive-agentive-patient" mood="indicative" num="s" person="3" pos="vmis3s0" postype="main" tense="past" wd="mantuvo"/>
          </grup.verb>
          <sp arg="argM" func="cc" tem="adv">
            <prep>
              <s lem="en" pos="sps00" postype="preposition" wd="en"/>
            </prep>
            <sn entityref="lex">
              <spec gen="m" num="s">
                <d coreftype="ident" entity="entity11" entityref="spec" gen="c" lem="su" num="s" person="3" pos="dp3cs0" postype="possessive" wd="su"/>
              </spec>
              <grup.nom gen="m" num="s">
                <n gen="m" lem="poder" num="s" pos="ncms000" postype="common" sense="16:cs1" wd="poder"/>
              </grup.nom>
            </sn>
          </sp>
        </S>
      </S>
    </S>
    <f lem="." pos="fp" punct="period" wd="."/>
  </sentence>
  <sentence>
    <sp arg="argM" func="cc" tem="adv">
      <prep>
        <s lem="con" pos="sps00" postype="preposition" wd="Con"/>
      </prep>
      <sn corefsubtype="token" coreftype="dx" entity="entity15" entityref="nne">
        <spec gen="f" num="s">
          <d gen="f" lem="este" num="s" pos="dd0fs0" postype="demonstrative" wd="esta"/>
        </spec>
        <grup.nom gen="f" num="s">
          <n arg="arg1" gen="f" lem="decisión" lexicalid="noun.decisión.1.default" num="s" origin="deverbal" pos="ncfs000" postype="common" sense="16:00105760" tem="pat" wd="decisión"/>
        </grup.nom>
      </sn>
      <f lem="," pos="fc" punct="comma" wd=","/>
    </sp>
    <sn arg="arg0" coreftype="ident" entity="entity9" entityref="ne" func="suj" ne="person" tem="agt">
      <spec gen="m" num="s">
        <d coreftype="ident" entity="entity4" entityref="spec" gen="c" lem="su" num="s" person="3" pos="dp3cs0" postype="possessive" wd="su"/>
      </spec>
      <grup.nom gen="m" num="s">
        <n gen="c" lem="compatriota" num="s" pos="nccs000" postype="common" sense="16:07188374" wd="compatriota"/>
        <sn entityref="ne" ne="person">
          <grup.nom gen="m" num="s">
            <n lem="Yober_Ortega" ne="person" pos="np0000p" postype="proper" sense="16:cs1" wd="Yober_Ortega"/>
          </grup.nom>
        </sn>
        <sn>
          <f lem="," pos="fc" punct="comma" wd=","/>
          <grup.nom gen="m" num="s">
            <n gen="m" lem="segundo" num="s" pos="ncms000" postype="common" sense="16:09975346" wd="segundo"/>
            <sp>
              <prep>
                <s lem="en" pos="sps00" postype="preposition" wd="en"/>
              </prep>
              <sn coreftype="ident" entity="entity7" entityref="nne" homophoricDD="yes">
                <spec gen="f" num="p">
                  <d gen="f" lem="el" num="p" pos="da0fp0" postype="article" wd="las"/>
                </spec>
                <grup.nom gen="f" num="p">
                  <n gen="f" lem="lista" num="p" pos="ncfp000" postype="common" sense="16:04866394" wd="listas"/>
                  <sp>
                    <prep>
                      <s lem="de" pos="sps00" postype="preposition" wd="de"/>
                    </prep>
                    <sn coreftype="ident" entity="entity1" entityref="ne" ne="organization">
                      <spec gen="f" num="s">
                        <d gen="f" lem="el" num="s" pos="da0fs0" postype="article" wd="la"/>
                      </spec>
                      <grup.nom gen="f" num="s">
                        <n lem="AMB" ne="organization" pos="np0000o" postype="proper" sense="16:cs1" wd="AMB"/>
                      </grup.nom>
                    </sn>
                  </sp>
                </grup.nom>
              </sn>
            </sp>
            <sp>
              <prep>
                <s lem="con" pos="sps00" postype="preposition" wd="con"/>
              </prep>
              <sn entityref="nne">
                <grup.nom gen="m" num="s">
                  <n gen="m" lem="récord" num="s" pos="ncms000" postype="common" sense="16:00036443" wd="récord"/>
                  <sp>
                    <prep>
                      <s lem="de" pos="sps00" postype="preposition" wd="de"/>
                    </prep>
                    <sn coord="yes">
                      <sn entityref="nne">
                        <spec gen="f" num="p">
                          <z lem="30" ne="number" wd="30"/>
                        </spec>
                        <grup.nom gen="f" num="p">
                          <n gen="f" lem="victoria" lexicalid="noun.victoria.1.default" num="p" origin="deverbal" pos="ncfp000" postype="common" sense="16:05556959" wd="victorias"/>
                        </grup.nom>
                      </sn>
                      <f lem="," pos="fc" punct="comma" wd=","/>
                      <sn entityref="nne">
                        <spec gen="m" num="s">
                          <d gen="m" lem="uno" num="s" pos="di0ms0" postype="indefinite" wd="un"/>
                        </spec>
                        <grup.nom gen="m" num="s">
                          <n gen="m" lem="empate" lexicalid="noun.empate.1.default" num="s" origin="deverbal" pos="ncms000" postype="common" sense="16:10087349" wd="empate"/>
                        </grup.nom>
                      </sn>
                      <conj conjunctiontype="coordinating">
                        <c lem="y" pos="cc" postype="coordinating" wd="y"/>
                      </conj>
                      <sn entityref="nne">
                        <spec gen="f" num="p">
                          <d gen="c" lem="tres" num="p" pos="dn0cp0" postype="numeral" wd="tres"/>
                        </spec>
                        <grup.nom gen="f" num="p">
                          <n gen="f" lem="derrota" lexicalid="noun.derrota.1.default" num="p" origin="deverbal" pos="ncfp000" postype="common" sense="16:05558471" wd="derrotas"/>
                        </grup.nom>
                      </sn>
                    </sn>
                  </sp>
                </grup.nom>
              </sn>
            </sp>
          </grup.nom>
          <f lem="," pos="fc" punct="comma" wd=","/>
        </sn>
      </grup.nom>
    </sn>
    <grup.verb>
      <v lem="viajar" lss="D11.inergative-agentive" mood="indicative" num="s" person="3" pos="vmif3s0" postype="main" tense="future" wd="viajará"/>
    </grup.verb>
    <sp arg="arg4" func="cc" tem="des">
      <prep>
        <s lem="a" pos="sps00" postype="preposition" wd="a"/>
      </prep>
      <sn entity="entity16" entityref="ne" ne="location">
        <grup.nom>
          <n lem="Tokio" ne="location" pos="np0000l" postype="proper" sense="16:06520625" wd="Tokio"/>
          <S clausetype="relative">
            <relatiu arg="argM" coreftype="ident" entity="entity16" entityref="spec" func="cc" tem="loc">
              <p gen="c" lem="donde" num="c" pos="pr000000" postype="relative" wd="donde"/>
            </relatiu>
            <sn arg="argM" entityref="ne" func="cc" ne="date" tem="tmp">
              <spec gen="m" num="s">
                <d gen="m" lem="el" num="s" pos="da0ms0" postype="article" wd="el"/>
              </spec>
              <grup.nom gen="m" num="s">
                <s.a gen="m" num="s">
                  <grup.a gen="m" num="s">
                    <a gen="m" lem="próximo" num="s" pos="aq0ms0" postype="qualificative" wd="próximo"/>
                  </grup.a>
                </s.a>
                <w lem="[??:23/9/??:??.??]" ne="date" wd="23_de_septiembre"/>
              </grup.nom>
            </sn>
            <sn arg="arg1" coreftype="ident" elliptic="yes" entity="entity9" entityref="spec" func="suj" tem="tem"/>
            <grup.verb>
              <v lem="tener" lss="C21.state-attributive" mood="indicative" num="s" person="3" pos="vmif3s0" postype="main" tense="future" wd="tendrá"/>
            </grup.verb>
            <sn arg="arg2" entityref="nne" func="cd" functype="quantitative" tem="atr">
              <spec gen="f" num="s">
                <d gen="f" lem="uno" num="s" pos="di0fs0" postype="indefinite" wd="una"/>
              </spec>
              <grup.nom discid="1n" gen="m" num="s">
                <s.a gen="f" num="s">
                  <grup.a gen="m" num="s">
                    <a gen="f" lem="segundo" num="s" pos="ao0fs0" postype="ordinal" wd="segunda"/>
                  </grup.a>
                </s.a>
                <n gen="f" lem="oportunidad" num="s" pos="ncfs000" postype="common" sense="16:10391300" wd="oportunidad"/>
              </grup.nom>
            </sn>
            <sp arg="argM" func="cc" tem="tmp">
              <f lem="," pos="fc" punct="comma" wd=","/>
              <prep>
                <s lem="tras" pos="sps00" postype="preposition" wd="tras"/>
              </prep>
              <S clausetype="completive" impersonal="yes">
                <infinitiu>
                  <v lem="perder" lss="A34.ditransitive-patient-theme" mood="infinitive" pos="vmn0000" postype="main" wd="perder"/>
                </infinitiu>
                <sn arg="argM" func="cc" tem="tmp">
                  <v lem="hacer" mood="indicative" num="s" person="3" pos="vmip3s0" postype="main" tense="present" wd="hace"/>
                  <d gen="m" lem="uno" num="s" pos="di0ms0" postype="indefinite" wd="un"/>
                  <n gen="m" lem="año" num="s" pos="ncms000" postype="common" sense="16:10917509" wd="año"/>
                </sn>
                <sp arg="arg2" func="cc" tem="tem">
                  <prep>
                    <s lem="con" pos="sps00" postype="preposition" wd="con"/>
                  </prep>
                  <sn coreftype="ident" entity="entity4" entityref="ne" ne="person">
                    <grup.nom gen="m" num="s">
                      <n lem="Cermeño" ne="person" pos="np0000p" postype="proper" sense="16:cs1" wd="Cermeño"/>
                    </grup.nom>
                  </sn>
                </sp>
              </S>
              <f lem="," pos="fc" punct="comma" wd=","/>
            </sp>
            <sp discid="1c">
              <prep>
                <s lem="para" pos="sps00" postype="preposition" wd="para"/>
              </prep>
              <S clausetype="completive" impersonal="yes">
                <infinitiu>
                  <v lem="conquistar" lss="A21.transitive-agentive-patient" mood="infinitive" pos="vmn0000" postype="main" wd="conquistar"/>
                </infinitiu>
                <sn arg="arg1" coreftype="ident" entity="entity17" entityref="nne" func="cd" tem="pat">
                  <spec gen="f" num="s">
                    <d gen="f" lem="el" num="s" pos="da0fs0" postype="article" wd="la"/>
                  </spec>
                  <grup.nom gen="f" num="s">
                    <n gen="f" lem="diadema" num="s" pos="ncfs000" postype="common" sense="16:02525897" wd="diadema"/>
                    <s.a gen="f" num="s">
                      <grup.a gen="f" num="s">
                        <a gen="f" lem="interino" num="s" pos="aq0fs0" postype="qualificative" wd="interina"/>
                      </grup.a>
                    </s.a>
                  </grup.nom>
                </sn>
              </S>
            </sp>
            <S arg="argM" clausetype="adverbial" func="cc" tem="tmp">
              <conj conjunctiontype="subordinating">
                <c lem="cuando" pos="cs" postype="subordinating" wd="cuando"/>
              </conj>
              <sn arg="arg0" coreftype="ident" elliptic="yes" entity="entity9" entityref="spec" func="suj" tem="agt"/>
              <grup.verb>
                <v lem="enfrentar" lss="A22.transitive-agentive-theme" mood="subjunctive" num="s" person="3" pos="vmsp3s0" postype="main" tense="present" wd="enfrente"/>
              </grup.verb>
              <sp arg="arg1" func="creg" tem="tem">
                <prep>
                  <s contracted="yes" gen="m" lem="al" num="s" pos="spcms" postype="preposition" wd="al"/>
                </prep>
                <sn coreftype="ident" entity="entity18" entityref="ne" ne="person">
                  <grup.nom gen="m" num="s">
                    <s.a gen="m" num="s">
                      <grup.a gen="m" num="s">
                        <a gen="m" lem="japonés" num="s" pos="aq0ms0" postype="qualificative" wd="japonés"/>
                      </grup.a>
                    </s.a>
                    <n lem="Kozo_Ishii" ne="person" pos="np0000p" postype="proper" sense="16:cs1" wd="Kozo_Ishii"/>
                    <S clausetype="relative">
                      <f lem="," pos="fc" punct="comma" wd=","/>
                      <relatiu arg="arg0" coreftype="ident" entity="entity18" entityref="spec" func="suj" tem="agt">
                        <p gen="c" lem="que" num="c" pos="pr0cn000" postype="relative" wd="que"/>
                      </relatiu>
                      <sadv arg="argM" func="cc" tem="tmp">
                        <grup.adv>
                          <r lem="actualmente" pos="rg" wd="actualmente"/>
                        </grup.adv>
                      </sadv>
                      <grup.verb>
                        <v lem="ocupar" lss="A21.transitive-agentive-patient" mood="indicative" num="s" person="3" pos="vmip3s0" postype="main" tense="present" wd="ocupa"/>
                      </grup.verb>
                      <sn arg="arg1" entityref="nne" func="cd" homophoricDD="yes" tem="pat">
                        <spec gen="m" num="s">
                          <d gen="m" lem="el" num="s" pos="da0ms0" postype="article" wd="el"/>
                        </spec>
                        <grup.nom gen="m" num="s">
                          <s.a gen="m" num="s">
                            <grup.a gen="m" num="s">
                              <a gen="m" lem="tercero" num="s" pos="ao0ms0" postype="ordinal" wd="tercer"/>
                            </grup.a>
                          </s.a>
                          <n gen="m" lem="puesto" num="s" pos="ncms000" postype="common" sense="16:00385376" wd="puesto"/>
                          <sp>
                            <prep>
                              <s lem="de" pos="sps00" postype="preposition" wd="de"/>
                            </prep>
                            <sn coreftype="ident" entity="entity10" entityref="ne" ne="other">
                              <spec gen="f" num="s">
                                <d gen="f" lem="el" num="s" pos="da0fs0" postype="article" wd="la"/>
                              </spec>
                              <grup.nom gen="f" num="s">
                                <n gen="f" lem="categoría" num="s" pos="ncfs000" postype="common" sense="16:05991008" wd="categoría"/>
                                <s.a gen="f" num="s">
                                  <grup.a gen="f" num="s">
                                    <n lem="Supergallo" ne="other" pos="np0000a" postype="proper" sense="16:cs1" wd="Supergallo"/>
                                  </grup.a>
                                </s.a>
                              </grup.nom>
                            </sn>
                          </sp>
                        </grup.nom>
                      </sn>
                    </S>
                  </grup.nom>
                </sn>
              </sp>
            </S>
          </S>
        </grup.nom>
      </sn>
    </sp>
    <f lem="." pos="fp" punct="period" wd="."/>
  </sentence>
</article>
