<?xml version="1.0" encoding="UTF-8"?>
<!-- 

  ancora-2.0
       
			Copyright (C) 2007, 2008, 2009, 2010, 2011 UB - CLiC
			Centre de Llenguatge i Computació - Universitat de Barcelona
 
  This file is part of ancora-2.0.
 
  ancora-2.0 is free software and data: you can redistribute it and/or modify
  it under the terms of the GNU General Public License as published
  by the Free Software Foundation, either version 3 of the License,
  or (at your option) any later version.

  ancora-2.0 is distributed in the hope that it will be useful,
  but WITHOUT ANY WARRANTY; without even the implied warranty of
  MERCHANTABILITY or FITNESS FOR A PARTICULAR PURPOSE.  See the
  GNU General Public License for more details.
 
  You should have received a copy of the GNU General Public License
  along with ancora-2.0.  If not, see &lt;http://www.gnu.org/licenses/&gt;.
 
  Check a text in catalan explaining the terms of the license at http://www.softcatala.cat/wiki/GPL3.
  In spanish at http://www.viti.es/gnu/licenses/gpl.html
 

  The following paper must be cited when using this corpus:

 * Taulé, M., M.A. Martí, M. Recasens (2008) 'Ancora: Multilevel Annotated Corpora for Catalan and Spanish',
   Proceedings of 6th International Conference on Language Resources and Evaluation. Marrakesh (Morocco).

  In addition, the following paper must be cited if coreference information (attributes entity, coreftype,
  corefsubtype, homophoricDD or entityref) is used:

 * Recasens, Marta, M. Antònia Martí (2010) ‘AnCora-CO: Coreferentially annotated corpora for Spanish and
   Catalan’. Language Resources and Evaluation, Springer Science.

  Additionally, the following paper must be cited when argumental attributes in "sn" or "grup.nom"
  (attributes func, arg, tem or lexicalid) are used:

 * Peris, Aina, Mariona Taulé, Horacio Rodríguez (2010) ‘Semantic Annotation of Deverbal Nominalizations in the
   Spanish AnCora corpus’. Treebanks and Linguistic Theories (TLT-2010), Estonia.
-->
<article lng="es">
  <sentence>
    <sn arg="arg0" entity="entity7" entityref="ne" func="suj" ne="person" tem="agt">
      <spec gen="m" num="s">
        <d gen="m" lem="el" num="s" pos="da0ms0" postype="article" wd="El"/>
      </spec>
      <grup.nom gen="m" num="s">
        <n gen="c" lem="pívot" num="s" pos="nccs000" postype="common" sense="16:cs1" wd="pívot"/>
        <sn entityref="ne" ne="person">
          <grup.nom gen="m" num="s">
            <n lem="David_Robinson" ne="person" pos="np0000p" postype="proper" sense="16:cs1" wd="David_Robinson"/>
          </grup.nom>
        </sn>
      </grup.nom>
    </sn>
    <sn arg="arg2" coreftype="ident" entity="entity1" entityref="spec" func="ci" repetition="yes" tem="ben">
      <grup.nom num="s">
        <p case="dative" gen="c" lem="él" num="s" person="3" pos="pp3csd00" postype="personal" wd="le"/>
      </grup.nom>
    </sn>
    <grup.verb>
      <v lem="enviar" lss="A32.ditransitive-patient-benefactive" mood="indicative" num="s" person="3" pos="vmis3s0" postype="main" tense="past" wd="envió"/>
    </grup.verb>
    <sn arg="arg1" entityref="nne" func="cd" tem="pat">
      <spec gen="m" num="s">
        <d gen="m" lem="uno" num="s" pos="di0ms0" postype="indefinite" wd="un"/>
      </spec>
      <grup.nom discid="1n" gen="m" num="s">
        <s.a func="cn" gen="m" num="s">
          <grup.a gen="m" num="s">
            <a gen="m" lem="claro" num="s" pos="aq0ms0" postype="qualificative" wd="claro"/>
          </grup.a>
        </s.a>
        <n gen="m" lem="mensaje" lexicalid="noun.mensaje.1.default" num="s" origin="deverbal" pos="ncms000" postype="common" sense="16:04949838" wd="mensaje"/>
      </grup.nom>
    </sn>
    <sp arg="arg2" func="ci" repetition="yes" tem="ben">
      <prep>
        <s contracted="yes" gen="m" lem="al" num="s" pos="spcms" postype="preposition" wd="al"/>
      </prep>
      <sn entity="entity1" entityref="ne" ne="person">
        <grup.nom gen="m" num="s">
          <n gen="m" lem="jugador" num="s" pos="ncms000" postype="common" sense="16:07480903" wd="jugador"/>
          <s.a gen="m" num="s">
            <spec>
              <r lem="más" pos="rg" wd="más"/>
            </spec>
            <grup.a gen="m" num="s">
              <a gen="c" lem="dominante" num="s" pos="aq0cs0" postype="qualificative" wd="dominante"/>
              <sp>
                <prep>
                  <s lem="de" pos="sps00" postype="preposition" wd="de"/>
                </prep>
                <sn entity="entity2" entityref="nne" homophoricDD="yes">
                  <spec gen="f" num="s">
                    <d gen="f" lem="el" num="s" pos="da0fs0" postype="article" wd="la"/>
                  </spec>
                  <grup.nom gen="f" num="s">
                    <n gen="f" lem="liga" num="s" pos="ncfs000" postype="common" sense="16:06110607" wd="liga"/>
                  </grup.nom>
                </sn>
              </sp>
            </grup.a>
          </s.a>
          <sn corefsubtype="definit" coreftype="pred" entity="entity1" entityref="ne" ne="person">
            <f lem="," pos="fc" punct="comma" wd=","/>
            <grup.nom gen="m" num="s">
              <n lem="Shaquille_O'Neal" ne="person" pos="np0000p" postype="proper" sense="16:cs1" wd="Shaquille_O'Neal"/>
            </grup.nom>
            <f lem="," pos="fc" punct="comma" wd=","/>
          </sn>
        </grup.nom>
      </sn>
    </sp>
    <S clausetype="completive" discid="1c">
      <conj conjunctiontype="subordinating">
        <c lem="que" pos="cs" postype="subordinating" wd="que"/>
      </conj>
      <sn arg="arg1" entity="entity4" entityref="ne" func="suj" ne="organization" tem="tem">
        <spec gen="m" num="p">
          <d gen="m" lem="el" num="p" pos="da0mp0" postype="article" wd="los"/>
        </spec>
        <grup.nom gen="m" num="p">
          <n lem="Spurs_de_San_Antonio" ne="organization" pos="np0000o" postype="proper" sense="16:cs1" wd="Spurs_de_San_Antonio"/>
        </grup.nom>
      </sn>
      <grup.verb>
        <v lem="ser" lss="C21.state-attributive" mood="indicative" num="p" person="3" pos="vsip3p0" postype="semiauxiliary" tense="present" wd="son"/>
      </grup.verb>
      <sn arg="arg2" func="atr" tem="atr">
        <spec gen="m" num="p">
          <d gen="m" lem="el" num="p" pos="da0mp0" postype="article" wd="los"/>
        </spec>
        <grup.nom gen="m" num="p">
          <n gen="m" lem="campeón" num="p" pos="ncmp000" postype="common" sense="16:07147536" wd="campeones"/>
          <s.a gen="m" num="p">
            <grup.a gen="m" num="p">
              <a gen="m" lem="defensor" num="p" pos="aq0mp0" postype="qualificative" wd="defensores"/>
            </grup.a>
          </s.a>
          <sp>
            <prep>
              <s contracted="yes" gen="m" lem="del" num="s" pos="spcms" postype="preposition" wd="del"/>
            </prep>
            <sn entityref="nne" homophoricDD="yes">
              <grup.nom gen="m" num="s">
                <n gen="m" lem="título" num="s" pos="ncms000" postype="common" sense="16:04864239" wd="título"/>
              </grup.nom>
            </sn>
          </sp>
        </grup.nom>
      </sn>
      <sadv arg="argM" func="cc" tem="tmp">
        <grup.adv>
          <r lem="después" pos="rg" wd="después"/>
          <sp>
            <prep>
              <s lem="de" pos="sps00" postype="preposition" wd="de"/>
            </prep>
            <S clausetype="completive" entity="entity9" impersonal="yes">
              <infinitiu>
                <v entity="entity3" lem="vencer" lss="A21.transitive-agentive-patient" mood="infinitive" pos="vmn0000" postype="main" wd="vencerlos"/>
              </infinitiu>
              <sp arg="argM" func="cc" tem="tmp">
                <prep>
                  <s lem="en" pos="sps00" postype="preposition" wd="en"/>
                </prep>
                <sn entity="entity8" entityref="nne" homophoricDD="yes">
                  <spec gen="f" num="s">
                    <d gen="f" lem="el" num="s" pos="da0fs0" postype="article" wd="la"/>
                  </spec>
                  <grup.nom discid="2n" gen="f" num="s">
                    <n gen="f" lem="prórroga" num="s" pos="ncfs000" postype="common" sense="16:10943054" wd="prórroga"/>
                  </grup.nom>
                </sn>
              </sp>
              <sp arg="argM" func="cc" tem="adv">
                <prep>
                  <s lem="por" pos="sps00" postype="preposition" wd="por"/>
                </prep>
                <sn entityref="ne" ne="number">
                  <grup.nom>
                    <z lem="103-98" ne="number" wd="103-98"/>
                  </grup.nom>
                </sn>
              </sp>
              <sp discid="2c">
                <prep>
                  <s contracted="yes" gen="m" lem="del" num="s" pos="spcms" postype="preposition" wd="del"/>
                </prep>
                <sn entity="entity15" entityref="nne" homophoricDD="yes">
                  <grup.nom gen="m" num="s">
                    <s.a gen="m" num="s">
                      <grup.a gen="m" num="s">
                        <a gen="m" lem="último" num="s" pos="ao0ms0" postype="ordinal" wd="último"/>
                      </grup.a>
                    </s.a>
                    <n gen="m" lem="partido" num="s" pos="ncms000" postype="common" sense="16:05554348" wd="partido"/>
                    <sp>
                      <prep>
                        <s lem="de" pos="sps00" postype="preposition" wd="de"/>
                      </prep>
                      <sn coreftype="ident" entity="entity2" entityref="nne">
                        <spec gen="f" num="s">
                          <d gen="f" lem="el" num="s" pos="da0fs0" postype="article" wd="la"/>
                        </spec>
                        <grup.nom gen="f" num="s">
                          <n gen="f" lem="campaña" num="s" pos="ncfs000" postype="common" sense="16:00509919" wd="campaña"/>
                          <s.a gen="f" num="s">
                            <grup.a gen="f" num="s">
                              <a gen="c" lem="regular" num="s" pos="aq0cs0" postype="qualificative" wd="regular"/>
                            </grup.a>
                          </s.a>
                        </grup.nom>
                      </sn>
                    </sp>
                  </grup.nom>
                </sn>
              </sp>
            </S>
          </sp>
        </grup.adv>
      </sadv>
    </S>
    <f lem="." pos="fp" punct="period" wd="."/>
  </sentence>
  <sentence coord="yes">
    <S>
      <sn arg="arg1" coreftype="ident" entity="entity3" entityref="ne" func="suj" ne="organization" tem="tem">
        <spec gen="m" num="p">
          <d gen="m" lem="el" num="p" pos="da0mp0" postype="article" wd="Los"/>
        </spec>
        <grup.nom gen="m" num="p">
          <n lem="Lakers" ne="organization" pos="np0000o" postype="proper" sense="16:cs1" wd="Lakers"/>
        </grup.nom>
      </sn>
      <grup.verb>
        <v lem="haber" mood="indicative" num="p" person="3" pos="vaip3p0" postype="auxiliary" tense="present" wd="han"/>
        <v gen="m" lem="ser" lss="C21.state-attributive" mood="participle" num="s" pos="vsp00sm" postype="semiauxiliary" wd="sido"/>
      </grup.verb>
      <sn arg="arg2" func="atr" tem="atr">
        <spec gen="m" num="s">
          <d gen="m" lem="el" num="s" pos="da0ms0" postype="article" wd="el"/>
        </spec>
        <grup.nom gen="m" num="s">
          <n gen="m" lem="centro" num="s" pos="ncms000" postype="common" sense="16:06286659" wd="centro"/>
          <sp>
            <prep>
              <s lem="de" pos="sps00" postype="preposition" wd="de"/>
            </prep>
            <sn>
              <grup.nom gen="f" num="s">
                <n gen="f" lem="atención" lexicalid="noun.atención.1.default" num="s" origin="deverbal" pos="ncfs000" postype="common" sense="16:04506619" wd="atención"/>
              </grup.nom>
            </sn>
          </sp>
        </grup.nom>
      </sn>
      <sp arg="argM" func="cc" tem="tmp">
        <prep>
          <s lem="durante" pos="sps00" postype="preposition" wd="durante"/>
        </prep>
        <sn coreftype="ident" entity="entity2" entityref="nne">
          <spec gen="f" num="s">
            <d gen="f" lem="todo" num="s" pos="di0fs0" postype="indefinite" wd="toda"/>
            <d gen="f" lem="el" num="s" pos="da0fs0" postype="article" wd="la"/>
          </spec>
          <grup.nom gen="f" num="s">
            <n gen="f" lem="liga" num="s" pos="ncfs000" postype="common" sense="16:06110607" wd="liga"/>
          </grup.nom>
        </sn>
      </sp>
      <sp arg="argM" func="cc" tem="cau">
        <prep>
          <s lem="por" pos="sps00" postype="preposition" wd="por"/>
        </prep>
        <sn entityref="nne">
          <spec arg="arg1" gen="m" num="p" tem="tem">
            <d coreftype="ident" entity="entity3" entityref="spec" gen="c" lem="su" num="p" person="3" pos="dp3cp0" postype="possessive" wd="sus"/>
          </spec>
          <grup.nom gen="m" num="p">
            <n gen="m" lem="triunfo" lexicalid="noun.triunfo.1.default" num="p" origin="deverbal" pos="ncmp000" postype="common" sense="16:05478453" wd="triunfos"/>
          </grup.nom>
        </sn>
      </sp>
      <f lem="," pos="fc" punct="comma" wd=","/>
    </S>
    <conj conjunctiontype="coordinating">
      <c lem="pero" pos="cc" postype="coordinating" wd="pero"/>
    </conj>
    <S>
      <sp arg="argM" func="cc" tem="tmp">
        <prep>
          <s lem="en" pos="sps00" postype="preposition" wd="en"/>
        </prep>
        <sn entityref="nne" homophoricDD="yes">
          <spec gen="f" num="p">
            <d gen="f" lem="el" num="p" pos="da0fp0" postype="article" wd="las"/>
            <d gen="c" lem="dos" num="p" pos="dn0cp0" postype="numeral" wd="dos"/>
          </spec>
          <grup.nom gen="f" num="p">
            <s.a gen="f" num="p">
              <grup.a gen="f" num="p">
                <a gen="f" lem="último" num="p" pos="ao0fp0" postype="ordinal" wd="últimas"/>
              </grup.a>
            </s.a>
            <n gen="f" lem="jornada" num="p" pos="ncfp000" postype="common" sense="16:cs1" wd="jornadas"/>
            <sp>
              <prep>
                <s lem="en" pos="sps00" postype="preposition" wd="en"/>
              </prep>
              <sn entityref="nne">
                <spec arg="arg1" gen="f" num="s" tem="tem">
                  <d coreftype="ident" entity="entity3" entityref="spec" gen="c" lem="su" num="s" person="3" pos="dp3cs0" postype="possessive" wd="su"/>
                </spec>
                <grup.nom gen="f" num="s">
                  <n gen="f" lem="gira" lexicalid="noun.gira.2.default" num="s" origin="deverbal" pos="ncfs000" postype="common" sense="16:cs1" wd="gira"/>
                  <sp arg="arg2" func="cn" tem="loc">
                    <prep>
                      <s lem="por" pos="sps00" postype="preposition" wd="por"/>
                    </prep>
                    <sn entityref="nne">
                      <grup.nom gen="f" num="p">
                        <n gen="f" lem="tierra" num="p" pos="ncfp000" postype="common" sense="16:06299747" wd="tierras"/>
                        <s.a gen="f" num="p">
                          <grup.a gen="f" num="p">
                            <a gen="f" lem="tejano" num="p" pos="aq0fp0" postype="qualificative" wd="tejanas"/>
                          </grup.a>
                        </s.a>
                      </grup.nom>
                    </sn>
                  </sp>
                </grup.nom>
              </sn>
            </sp>
          </grup.nom>
        </sn>
      </sp>
      <sn arg="arg1" coreftype="ident" elliptic="yes" entity="entity3" entityref="spec" func="suj" tem="tem"/>
      <grup.verb>
        <v lem="haber" mood="indicative" num="p" person="3" pos="vaip3p0" postype="auxiliary" tense="present" wd="han"/>
        <v gen="m" lem="sufrir" lss="C21.state-attributive" mood="participle" num="s" pos="vmp00sm" postype="main" wd="sufrido"/>
      </grup.verb>
      <sn arg="arg2" entityref="nne" func="cd" functype="quantitative" tem="atr">
        <spec gen="f" num="p">
          <d gen="c" lem="dos" num="p" pos="dn0cp0" postype="numeral" wd="dos"/>
        </spec>
        <grup.nom gen="f" num="p">
          <n gen="f" lem="derrota" lexicalid="noun.derrota.1.default" num="p" origin="deverbal" pos="ncfp000" postype="common" sense="16:05558471" wd="derrotas"/>
          <s.a func="cn" gen="f" num="p">
            <spec>
              <r lem="mucho" pos="rg" wd="muy"/>
            </spec>
            <grup.a gen="f" num="p">
              <a gen="f" lem="significativo" num="p" pos="aq0fp0" postype="qualificative" wd="significativas"/>
            </grup.a>
          </s.a>
        </grup.nom>
      </sn>
      <sadv arg="argM" func="cc" tem="tmp">
        <grup.adv>
          <r lem="en_vísperas" pos="rg" wd="en_vísperas"/>
          <sp>
            <prep>
              <s lem="de" pos="sps00" postype="preposition" wd="de"/>
            </prep>
            <S clausetype="completive" impersonal="yes">
              <infinitiu>
                <v lem="comenzar" lss="A21.transitive-agentive-patient" mood="infinitive" pos="vmn0000" postype="main" wd="comenzar"/>
              </infinitiu>
              <sn arg="arg1" entity="entity12" entityref="nne" func="cd" homophoricDD="yes" tem="pat">
                <spec gen="f" num="s">
                  <d gen="f" lem="el" num="s" pos="da0fs0" postype="article" wd="la"/>
                </spec>
                <grup.nom gen="f" num="s">
                  <s.a gen="f" num="s">
                    <grup.a gen="f" num="s">
                      <a gen="f" lem="primero" num="s" pos="ao0fs0" postype="ordinal" wd="primera"/>
                    </grup.a>
                  </s.a>
                  <n gen="f" lem="ronda" num="s" pos="ncfs000" postype="common" sense="16:cs1" wd="ronda"/>
                  <sp>
                    <prep>
                      <s lem="de" pos="sps00" postype="preposition" wd="de"/>
                    </prep>
                    <sn entity="entity10" entityref="nne" homophoricDD="yes">
                      <spec gen="f" num="s">
                        <d gen="f" lem="el" num="s" pos="da0fs0" postype="article" wd="la"/>
                      </spec>
                      <grup.nom gen="f" num="s">
                        <n gen="f" lem="fase" num="s" pos="ncfs000" postype="common" sense="16:10044643" wd="fase"/>
                        <s.a gen="f" num="s">
                          <grup.a gen="f" num="s">
                            <a gen="c" lem="final" num="s" pos="aq0cs0" postype="qualificative" wd="final"/>
                          </grup.a>
                        </s.a>
                      </grup.nom>
                    </sn>
                  </sp>
                  <sp>
                    <prep>
                      <s lem="contra" pos="sps00" postype="preposition" wd="contra"/>
                    </prep>
                    <sn entityref="ne" ne="organization">
                      <spec gen="m" num="p">
                        <d gen="m" lem="el" num="p" pos="da0mp0" postype="article" wd="los"/>
                      </spec>
                      <grup.nom gen="m" num="p">
                        <n lem="Kings_de_Sacramento" ne="organization" pos="np0000o" postype="proper" sense="16:cs1" wd="Kings_de_Sacramento"/>
                      </grup.nom>
                    </sn>
                  </sp>
                </grup.nom>
              </sn>
            </S>
          </sp>
        </grup.adv>
      </sadv>
    </S>
    <f lem="." pos="fp" punct="period" wd="."/>
  </sentence>
  <sentence>
    <sn arg="arg0" coreftype="ident" entity="entity4" entityref="ne" func="suj" ne="organization" tem="agt">
      <spec gen="m" num="p">
        <d gen="m" lem="el" num="p" pos="da0mp0" postype="article" wd="Los"/>
      </spec>
      <grup.nom gen="m" num="p">
        <n lem="Spurs" ne="organization" pos="np0000o" postype="proper" sense="16:cs1" wd="Spurs"/>
      </grup.nom>
    </sn>
    <sp arg="argM" func="cc" tem="adv">
      <prep>
        <s lem="sin" pos="sps00" postype="preposition" wd="sin"/>
      </prep>
      <sn entityref="ne" ne="person">
        <spec gen="m" num="s">
          <d gen="m" lem="el" num="s" pos="da0ms0" postype="article" wd="el"/>
        </spec>
        <grup.nom gen="m" num="s">
          <n gen="c" lem="alero" num="s" pos="nccs000" postype="common" sense="16:02620924" wd="alero"/>
          <s.a gen="m" num="s">
            <grup.a gen="m" num="s">
              <a gen="c" lem="titular" num="s" pos="aq0cs0" postype="qualificative" wd="titular"/>
            </grup.a>
          </s.a>
          <sn entityref="ne" ne="person">
            <grup.nom gen="m" num="s">
              <n lem="Tim_Duncan" ne="person" pos="np0000p" postype="proper" sense="16:cs1" wd="Tim_Duncan"/>
            </grup.nom>
          </sn>
        </grup.nom>
      </sn>
    </sp>
    <sn arg="arg2" coreftype="ident" entity="entity5" entityref="spec" func="ci" repetition="yes" tem="ben">
      <grup.nom num="s">
        <p case="dative" gen="c" lem="él" num="p" person="3" pos="pp3cpd00" postype="personal" wd="les"/>
      </grup.nom>
    </sn>
    <grup.verb>
      <v lem="dar" lss="A32.ditransitive-patient-benefactive" mood="indicative" num="p" person="3" pos="vmis3p0" postype="main" tense="past" wd="dieron"/>
    </grup.verb>
    <sp arg="arg2" func="ci" repetition="yes" tem="ben">
      <prep>
        <s lem="a" pos="sps00" postype="preposition" wd="a"/>
      </prep>
      <sn coreftype="ident" entity="entity3" entityref="ne" ne="organization">
        <spec gen="m" num="p">
          <d gen="m" lem="el" num="p" pos="da0mp0" postype="article" wd="los"/>
        </spec>
        <grup.nom gen="m" num="p">
          <n lem="Lakers" ne="organization" pos="np0000o" postype="proper" sense="16:cs1" wd="Lakers"/>
        </grup.nom>
      </sn>
    </sp>
    <sn arg="arg1" entityref="nne" func="cd" tem="pat">
      <spec gen="f" num="s">
        <d gen="f" lem="uno" num="s" pos="di0fs0" postype="indefinite" wd="una"/>
      </spec>
      <grup.nom gen="f" num="s">
        <n gen="f" lem="lección" lexicalid="noun.lección.1.default" num="s" origin="deverbal" pos="ncfs000" postype="common" sense="16:00571937" wd="lección"/>
        <sp arg="arg1" func="cn" tem="pat">
          <prep>
            <s lem="de" pos="sps00" postype="preposition" wd="de"/>
          </prep>
          <sn>
            <grup.nom gen="m" num="s">
              <n gen="m" lem="baloncesto" num="s" pos="ncms000" postype="common" sense="16:00306597" wd="baloncesto"/>
            </grup.nom>
          </sn>
        </sp>
        <sp arg="arg0" func="cn" tem="agt">
          <prep>
            <s lem="de" pos="sps00" postype="preposition" wd="de"/>
          </prep>
          <sn>
            <grup.nom gen="m" num="s">
              <n gen="m" lem="equipo" num="s" pos="ncms000" postype="common" sense="16:06093198" wd="equipo"/>
            </grup.nom>
          </sn>
        </sp>
      </grup.nom>
    </sn>
    <sp arg="argM" func="cc" tem="tmp">
      <prep>
        <s contracted="yes" gen="m" lem="al" num="s" pos="spcms" postype="preposition" wd="al"/>
      </prep>
      <S clausetype="completive" impersonal="yes">
        <infinitiu>
          <v lem="remontar" lss="A21.transitive-agentive-patient" mood="infinitive" pos="vmn0000" postype="main" wd="remontar"/>
        </infinitiu>
        <sn arg="arg1" entity="entity6" entityref="nne" func="cd" tem="pat">
          <spec gen="f" num="s">
            <d gen="f" lem="uno" num="s" pos="di0fs0" postype="indefinite" wd="una"/>
          </spec>
          <grup.nom gen="f" num="s">
            <n gen="f" lem="desventaja" lexicalid="noun.desventaja.1.default" num="s" origin="deverbal" pos="ncfs000" postype="common" sense="16:04021143" wd="desventaja"/>
            <sp arg="argM" func="cn" tem="ext">
              <prep>
                <s lem="de" pos="sps00" postype="preposition" wd="de"/>
              </prep>
              <sn>
                <spec gen="m" num="p">
                  <z lem="17" ne="number" wd="17"/>
                </spec>
                <grup.nom gen="m" num="p">
                  <n gen="m" lem="punto" num="p" pos="ncmp000" postype="common" sense="16:09780630" wd="puntos"/>
                </grup.nom>
              </sn>
            </sp>
            <S clausetype="relative" func="cn">
              <sp arg="argM" func="cc" tem="adv">
                <prep>
                  <s lem="con" pos="sps00" postype="preposition" wd="con"/>
                </prep>
                <relatiu coreftype="ident" entity="entity6" entityref="nne">
                  <d gen="f" lem="el" num="s" pos="da0fs0" postype="article" wd="la"/>
                  <p gen="c" lem="que" num="c" pos="pr0cn000" postype="relative" wd="que"/>
                </relatiu>
              </sp>
              <sn arg="arg1" coreftype="ident" elliptic="yes" entity="entity4" entityref="spec" func="suj" tem="tem"/>
              <grup.verb>
                <v lem="llegar" lss="B11.unaccusative-motion" mood="indicative" num="p" person="3" pos="vmis3p0" postype="main" tense="past" wd="llegaron"/>
              </grup.verb>
              <sp arg="arg4" func="cc" tem="des">
                <prep>
                  <s contracted="yes" gen="m" lem="al" num="s" pos="spcms" postype="preposition" wd="al"/>
                </prep>
                <sn entityref="nne" homophoricDD="yes">
                  <grup.nom gen="m" num="s">
                    <s.a gen="m" num="s">
                      <grup.a gen="m" num="s">
                        <a gen="m" lem="cuarto" num="s" pos="ao0ms0" postype="ordinal" wd="cuarto"/>
                      </grup.a>
                    </s.a>
                    <n gen="m" lem="periodo" num="s" pos="ncms000" postype="common" sense="16:10843624" wd="periodo"/>
                  </grup.nom>
                </sn>
              </sp>
            </S>
          </grup.nom>
        </sn>
      </S>
    </sp>
    <f lem="." pos="fp" punct="period" wd="."/>
  </sentence>
  <sentence>
    <sn arg="argM" entityref="lex" func="cc" tem="adv">
      <spec gen="f" num="s">
        <d gen="f" lem="uno" num="s" pos="di0fs0" postype="indefinite" wd="Una"/>
      </spec>
      <grup.nom gen="f" num="s">
        <n gen="f" lem="vez" num="s" pos="ncfs000" postype="common" sense="16:05449233" wd="vez"/>
        <sadv>
          <grup.adv>
            <r lem="más" pos="rg" wd="más"/>
          </grup.adv>
        </sadv>
      </grup.nom>
    </sn>
    <sn arg="arg1" entityref="nne" func="suj" homophoricDD="yes" tem="tem">
      <spec gen="f" num="s">
        <d gen="f" lem="el" num="s" pos="da0fs0" postype="article" wd="la"/>
      </spec>
      <grup.nom gen="f" num="s">
        <n gen="f" lem="figura" num="s" pos="ncfs000" postype="common" sense="16:03684305" wd="figura"/>
        <sp>
          <prep>
            <s contracted="yes" gen="m" lem="del" num="s" pos="spcms" postype="preposition" wd="del"/>
          </prep>
          <sn coreftype="ident" entity="entity7" entityref="spec">
            <grup.nom gen="m" num="s">
              <f lem="&quot;" pos="fe" punct="quotation" wd="&quot;"/>
              <n gen="m" lem="almirante" num="s" pos="ncms000" postype="common" sense="16:07063930" wd="Almirante"/>
              <f lem="&quot;" pos="fe" punct="quotation" wd="&quot;"/>
            </grup.nom>
          </sn>
        </sp>
      </grup.nom>
    </sn>
    <grup.verb>
      <v lem="surgir" lss="B11.unaccusative-motion" mood="indicative" num="s" person="3" pos="vmis3s0" postype="main" tense="past" wd="surgió"/>
    </grup.verb>
    <sp arg="argM" func="cc" tem="tmp">
      <prep>
        <s lem="en" pos="sps00" postype="preposition" wd="en"/>
      </prep>
      <sn entityref="nne" homophoricDD="yes">
        <spec gen="m" num="p">
          <d gen="m" lem="el" num="p" pos="da0mp0" postype="article" wd="los"/>
        </spec>
        <grup.nom gen="m" num="p">
          <n gen="m" lem="momento" num="p" pos="ncmp000" postype="common" sense="16:10898122" wd="momentos"/>
          <s.a complex="yes" gen="m" num="p">
            <grup.a coord="yes" gen="m" num="p">
              <grup.a gen="m" num="p">
                <a gen="c" lem="difícil" num="p" pos="aq0cp0" postype="qualificative" wd="difíciles"/>
              </grup.a>
              <conj conjunctiontype="coordinating">
                <c lem="y" pos="cc" postype="coordinating" wd="y"/>
              </conj>
              <grup.a gen="m" num="p">
                <a gen="m" lem="decisivo" num="p" pos="aq0mp0" postype="qualificative" wd="decisivos"/>
              </grup.a>
            </grup.a>
          </s.a>
        </grup.nom>
      </sn>
    </sp>
    <sp arg="argM" func="cc" tem="tmp">
      <prep>
        <s contracted="yes" gen="m" lem="al" num="s" pos="spcms" postype="preposition" wd="al"/>
      </prep>
      <S clausetype="completive" impersonal="yes">
        <infinitiu>
          <v lem="conseguir" lss="A21.transitive-agentive-patient" mood="infinitive" pos="vmn0000" postype="main" wd="conseguir"/>
        </infinitiu>
        <sn arg="arg1" entityref="nne" func="cd" tem="pat">
          <grup.nom gen="m" num="p">
            <p gen="c" lem="seis" num="p" pos="pn0cp000" postype="numeral" wd="seis"/>
            <sp>
              <prep>
                <s lem="de" pos="sps00" postype="preposition" wd="de"/>
              </prep>
              <sn coreftype="ident" entity="entity6" entityref="nne">
                <spec gen="m" num="p">
                  <d coreftype="ident" entity="entity7" entityref="spec" gen="c" lem="su" num="p" person="3" pos="dp3cp0" postype="possessive" wd="sus"/>
                  <z lem="17" ne="number" wd="17"/>
                </spec>
                <grup.nom gen="m" num="p">
                  <n gen="m" lem="punto" num="p" pos="ncmp000" postype="common" sense="16:09780630" wd="puntos"/>
                </grup.nom>
              </sn>
            </sp>
          </grup.nom>
        </sn>
        <sp arg="argM" func="cc" tem="tmp">
          <prep>
            <s lem="en" pos="sps00" postype="preposition" wd="en"/>
          </prep>
          <sn coreftype="ident" entity="entity8" entityref="nne" homophoricDD="yes">
            <spec gen="f" num="s">
              <d gen="f" lem="el" num="s" pos="da0fs0" postype="article" wd="la"/>
            </spec>
            <grup.nom gen="f" num="s">
              <n gen="f" lem="prórroga" num="s" pos="ncfs000" postype="common" sense="16:10943054" wd="prórroga"/>
              <S clausetype="relative">
                <relatiu arg="argM" coreftype="ident" entity="entity8" entityref="nne" func="cc" tem="tmp">
                  <p gen="c" lem="que" num="c" pos="pr0cn000" postype="relative" wd="que"/>
                </relatiu>
                <sn arg="arg0" coreftype="ident" elliptic="yes" entity="entity4" entityref="spec" func="suj" tem="agt"/>
                <grup.verb>
                  <v lem="dejar" lss="A21.transitive-agentive-patient" mood="indicative" num="p" person="3" pos="vmis3p0" postype="main" tense="past" wd="dejaron"/>
                </grup.verb>
                <sp arg="arg1" func="cd" tem="pat">
                  <prep>
                    <s lem="a" pos="sps00" postype="preposition" wd="a"/>
                  </prep>
                  <sn entityref="ne" ne="organization">
                    <sn coreftype="ident" entity="entity5" entityref="ne" ne="organization">
                      <spec gen="m" num="p">
                        <d gen="m" lem="el" num="p" pos="da0mp0" postype="article" wd="los"/>
                      </spec>
                      <grup.nom gen="m" num="p">
                        <n lem="Lakers" ne="organization" pos="np0000o" postype="proper" sense="16:cs1" wd="Lakers"/>
                      </grup.nom>
                    </sn>
                    <sn adjunct="yes" entityref="ne" ne="number">
                      <grup.nom>
                        <f lem="(" pos="fpa" punct="bracket" punctenclose="open" wd="("/>
                        <z lem="67-15" ne="number" wd="67-15"/>
                        <f lem=")" pos="fpt" punct="bracket" punctenclose="close" wd=")"/>
                      </grup.nom>
                    </sn>
                  </sn>
                </sp>
                <sp arg="argM" func="cc" tem="adv">
                  <prep>
                    <s lem="con" pos="sps00" postype="preposition" wd="con"/>
                  </prep>
                  <sn entityref="nne" homophoricDD="yes">
                    <spec gen="f" num="s">
                      <d gen="f" lem="el" num="s" pos="da0fs0" postype="article" wd="la"/>
                    </spec>
                    <grup.nom gen="f" num="s">
                      <s.a func="cn" gen="f" num="s">
                        <grup.a gen="f" num="s">
                          <a gen="f" lem="segundo" num="s" pos="ao0fs0" postype="ordinal" wd="segunda"/>
                        </grup.a>
                      </s.a>
                      <n gen="f" lem="derrota" lexicalid="noun.derrota.1.default" num="s" origin="deverbal" pos="ncfs000" postype="common" sense="16:05558471" wd="derrota"/>
                      <s.a func="cn" gen="f" num="s">
                        <grup.a gen="f" num="s">
                          <a gen="f" lem="consecutivo" num="s" pos="aq0fs0" postype="qualificative" wd="consecutiva"/>
                        </grup.a>
                      </s.a>
                    </grup.nom>
                  </sn>
                </sp>
                <sadv arg="argM" func="cc" tem="tmp">
                  <grup.adv>
                    <r lem="después" pos="rg" wd="después"/>
                    <sp>
                      <prep>
                        <s lem="de" pos="sps00" postype="preposition" wd="de"/>
                      </prep>
                      <S clausetype="completive" impersonal="yes">
                        <infinitiu>
                          <v lem="haber" mood="infinitive" pos="van0000" postype="auxiliary" wd="haber"/>
                          <v gen="m" lem="estar" lss="C11.state-existential" mood="participle" num="s" pos="vmp00sm" postype="main" wd="estado"/>
                        </infinitiu>
                        <sp arg="arg2" func="cc" tem="loc">
                          <prep>
                            <s lem="a" pos="sps00" postype="preposition" wd="a"/>
                          </prep>
                          <sn entityref="nne" homophoricDD="yes">
                            <spec gen="f" num="p">
                              <d gen="f" lem="el" num="p" pos="da0fp0" postype="article" wd="las"/>
                            </spec>
                            <grup.nom gen="f" num="p">
                              <n gen="f" lem="puerta" num="p" pos="ncfp000" postype="common" sense="16:02588950" wd="puertas"/>
                              <sp>
                                <prep>
                                  <s lem="de" pos="sps00" postype="preposition" wd="de"/>
                                </prep>
                                <sn entityref="nne">
                                  <spec gen="f" num="s">
                                    <d gen="f" lem="uno" num="s" pos="di0fs0" postype="indefinite" wd="una"/>
                                  </spec>
                                  <grup.nom gen="f" num="s">
                                    <s.a gen="f" num="s">
                                      <grup.a gen="f" num="s">
                                        <a gen="f" lem="nuevo" num="s" pos="aq0fs0" postype="qualificative" wd="nueva"/>
                                      </grup.a>
                                    </s.a>
                                    <n gen="f" lem="marca" num="s" pos="ncfs000" postype="common" sense="16:00036443" wd="marca"/>
                                    <s.a gen="f" num="s">
                                      <grup.a gen="f" num="s">
                                        <a gen="f" lem="histórico" num="s" pos="aq0fs0" postype="qualificative" wd="histórica"/>
                                      </grup.a>
                                    </s.a>
                                    <sn>
                                      <f lem="," pos="fc" punct="comma" wd=","/>
                                      <spec gen="m" num="p">
                                        <z lem="69" ne="number" wd="69"/>
                                      </spec>
                                      <grup.nom gen="m" num="p">
                                        <n gen="m" lem="triunfo" lexicalid="noun.triunfo.1.default" num="p" origin="deverbal" pos="ncmp000" postype="common" sense="16:05478453" wd="triunfos"/>
                                      </grup.nom>
                                    </sn>
                                  </grup.nom>
                                </sn>
                              </sp>
                            </grup.nom>
                          </sn>
                        </sp>
                      </S>
                    </sp>
                  </grup.adv>
                </sadv>
              </S>
            </grup.nom>
          </sn>
        </sp>
      </S>
    </sp>
    <f lem="." pos="fp" punct="period" wd="."/>
  </sentence>
  <sentence coord="yes">
    <S coord="yes">
      <S>
        <sn arg="arg0" entityref="ne" func="suj" ne="person" tem="agt">
          <grup.nom gen="m" num="s">
            <n lem="Malik_Rose" ne="person" pos="np0000p" postype="proper" sense="16:cs1" wd="Malik_Rose"/>
          </grup.nom>
        </sn>
        <grup.verb>
          <v lem="conseguir" lss="A21.transitive-agentive-patient" mood="indicative" num="s" person="3" pos="vmis3s0" postype="main" tense="past" wd="consiguió"/>
        </grup.verb>
        <sn arg="arg1" coord="yes" func="cd" tem="pat">
          <sn entityref="nne">
            <spec gen="m" num="p">
              <z lem="14" ne="number" wd="14"/>
            </spec>
            <grup.nom gen="m" num="p">
              <n gen="m" lem="punto" num="p" pos="ncmp000" postype="common" sense="16:09780630" wd="puntos"/>
            </grup.nom>
          </sn>
          <conj conjunctiontype="coordinating">
            <c lem="y" pos="cc" postype="coordinating" wd="y"/>
          </conj>
          <sn entityref="nne">
            <spec gen="m" num="p">
              <d gen="c" lem="nueve" num="p" pos="dn0cp0" postype="numeral" wd="nueve"/>
            </spec>
            <grup.nom gen="m" num="p">
              <n gen="m" lem="rebote" lexicalid="noun.rebote.1.default" num="p" origin="deverbal" pos="ncmp000" postype="common" sense="16:05514832" wd="rebotes"/>
            </grup.nom>
          </sn>
        </sn>
      </S>
      <f lem="," pos="fc" punct="comma" wd=","/>
      <S>
        <sn arg="arg0" entityref="ne" func="suj" ne="person" tem="agt">
          <spec gen="m" num="s">
            <d gen="m" lem="el" num="s" pos="da0ms0" postype="article" wd="el"/>
          </spec>
          <grup.nom gen="m" num="s">
            <n gen="m" lem="veterano" num="s" pos="ncms000" postype="common" sense="16:07663074" wd="veterano"/>
            <sn entityref="ne" ne="person">
              <grup.nom gen="m" num="s">
                <n lem="Terry_Porter" ne="person" pos="np0000p" postype="proper" sense="16:cs1" wd="Terry_Porter"/>
              </grup.nom>
            </sn>
          </grup.nom>
        </sn>
        <grup.verb>
          <v lem="contribuir" lss="A22.transitive-agentive-theme" mood="indicative" num="s" person="3" pos="vmis3s0" postype="main" tense="past" wd="contribuyó"/>
        </grup.verb>
        <sp arg="argM" func="cc" tem="adv">
          <prep>
            <s lem="con" pos="sps00" postype="preposition" wd="con"/>
          </prep>
          <sn entityref="nne">
            <spec gen="m" num="p">
              <z lem="13" ne="number" wd="13"/>
            </spec>
            <grup.nom gen="m" num="p">
              <n gen="m" lem="tanto" num="p" pos="ncmp000" postype="common" sense="16:00122416" wd="tantos"/>
            </grup.nom>
          </sn>
        </sp>
      </S>
      <f lem="," pos="fc" punct="comma" wd=","/>
    </S>
    <conj conjunctiontype="coordinating">
      <c lem="mientras_que" pos="cc" postype="coordinating" wd="mientras_que"/>
    </conj>
    <S coord="yes">
      <S>
        <sn arg="arg0" entityref="ne" func="suj" ne="person" tem="agt">
          <grup.nom gen="m" num="s">
            <n lem="Jerome_Kersey" ne="person" pos="np0000p" postype="proper" sense="16:cs1" wd="Jerome_Kersey"/>
          </grup.nom>
        </sn>
        <grup.verb>
          <v lem="capturar" lss="A21.transitive-agentive-patient" mood="indicative" num="s" person="3" pos="vmis3s0" postype="main" tense="past" wd="capturó"/>
        </grup.verb>
        <sn arg="arg1" entityref="nne" func="cd" tem="pat">
          <spec gen="m" num="p">
            <d gen="c" lem="nueve" num="p" pos="dn0cp0" postype="numeral" wd="nueve"/>
          </spec>
          <grup.nom gen="m" num="p">
            <n gen="m" lem="balón" num="p" pos="ncmp000" postype="common" sense="16:02240791" wd="balones"/>
          </grup.nom>
        </sn>
        <sadv arg="argM" func="cc" tem="loc">
          <grup.adv>
            <r lem="debajo" pos="rg" wd="debajo"/>
            <sp>
              <prep>
                <s lem="de" pos="sps00" postype="preposition" wd="de"/>
              </prep>
              <sn entityref="nne" homophoricDD="yes">
                <spec gen="m" num="p">
                  <d gen="m" lem="el" num="p" pos="da0mp0" postype="article" wd="los"/>
                </spec>
                <grup.nom gen="m" num="p">
                  <n gen="m" lem="tablero" num="p" pos="ncmp000" postype="common" sense="16:02303171" wd="tableros"/>
                </grup.nom>
              </sn>
            </sp>
          </grup.adv>
        </sadv>
      </S>
      <conj conjunctiontype="coordinating">
        <c lem="y" pos="cc" postype="coordinating" wd="y"/>
      </conj>
      <S>
        <sn arg="arg0" entity="entity18" entityref="ne" func="suj" ne="person" tem="agt">
          <grup.nom gen="m" num="s">
            <n lem="Antonio_Daniels" ne="person" pos="np0000p" postype="proper" sense="16:cs1" wd="Antonio_Daniels"/>
          </grup.nom>
        </sn>
        <grup.verb>
          <v lem="establecer" lss="A21.transitive-agentive-patient" mood="indicative" num="s" person="3" pos="vmis3s0" postype="main" tense="past" wd="estableció"/>
        </grup.verb>
        <sn arg="arg1" entityref="nne" func="cd" tem="pat">
          <spec gen="f" num="s">
            <d coreftype="ident" entity="entity18" entityref="spec" gen="c" lem="su" num="s" person="3" pos="dp3cs0" postype="possessive" wd="su"/>
          </spec>
          <grup.nom gen="f" num="s">
            <s.a gen="f" num="s">
              <grup.a gen="f" num="s">
                <a gen="c" lem="mejor" num="s" pos="aq0cs0" postype="qualificative" wd="mejor"/>
              </grup.a>
            </s.a>
            <n gen="f" lem="marca" num="s" pos="ncfs000" postype="common" sense="16:00036443" wd="marca"/>
            <sp>
              <prep>
                <s lem="de" pos="sps00" postype="preposition" wd="de"/>
              </prep>
              <sn>
                <spec gen="f" num="p">
                  <z lem="10" ne="number" wd="10"/>
                </spec>
                <grup.nom gen="f" num="p">
                  <n gen="f" lem="asistencia" lexicalid="noun.asistencia.1.default" num="p" origin="deverbal" pos="ncfp000" postype="common" sense="16:00364539" wd="asistencias"/>
                </grup.nom>
              </sn>
            </sp>
          </grup.nom>
        </sn>
      </S>
    </S>
    <f lem="." pos="fp" punct="period" wd="."/>
  </sentence>
  <sentence>
    <S arg="arg1" clausetype="completive" func="cd" tem="pat">
      <f lem="&quot;" pos="fe" punct="quotation" wd="&quot;"/>
      <sn arg="arg1" corefsubtype="token" coreftype="dx" elliptic="yes" entity="entity9" entityref="nne" func="suj" tem="tem"/>
      <grup.verb>
        <v lem="haber" mood="indicative" num="s" person="3" pos="vaip3s0" postype="auxiliary" tense="present" wd="Ha"/>
        <v gen="m" lem="ser" lss="C21.state-attributive" mood="participle" num="s" pos="vsp00sm" postype="semiauxiliary" wd="sido"/>
      </grup.verb>
      <sn arg="arg2" coord="yes" corefsubtype="indefinit" coreftype="pred" entity="entity9" func="atr" tem="atr">
        <sn>
          <spec gen="m" num="s">
            <d gen="m" lem="uno" num="s" pos="di0ms0" postype="indefinite" wd="un"/>
          </spec>
          <grup.nom gen="m" num="s">
            <n gen="m" lem="triunfo" lexicalid="noun.triunfo.1.default" num="s" origin="deverbal" pos="ncms000" postype="common" sense="16:05596663" wd="triunfo"/>
            <sp arg="arg1" func="cn" tem="tem">
              <prep>
                <s lem="de" pos="sps00" postype="preposition" wd="de"/>
              </prep>
              <sn coreftype="ident" entity="entity4" entityref="spec">
                <spec gen="m" num="s">
                  <d gen="m" lem="todo" num="s" pos="di0ms0" postype="indefinite" wd="todo"/>
                  <d gen="m" lem="el" num="s" pos="da0ms0" postype="article" wd="el"/>
                </spec>
                <grup.nom gen="m" num="s">
                  <n gen="m" lem="equipo" num="s" pos="ncms000" postype="common" sense="16:06093198" wd="equipo"/>
                </grup.nom>
              </sn>
            </sp>
          </grup.nom>
        </sn>
        <conj conjunctiontype="coordinating">
          <c lem="y" pos="cc" postype="coordinating" wd="y"/>
        </conj>
        <sn>
          <spec gen="m" num="s">
            <d gen="m" lem="el" num="s" pos="da0ms0" postype="article" wd="el"/>
          </spec>
          <grup.nom gen="m" num="s">
            <S clausetype="relative">
              <relatiu arg="arg1" func="cd" tem="pat">
                <p gen="c" lem="que" num="c" pos="pr0cn000" postype="relative" wd="que"/>
              </relatiu>
              <sn arg="arg0" coreftype="ident" elliptic="yes" entity="entity4" entityref="spec" func="suj" tem="agt"/>
              <grup.verb>
                <v lem="necesitar" lss="A21.transitive-agentive-patient" mood="indicative" num="p" person="1" pos="vmii1p0" postype="main" tense="imperfect" wd="necesitábamos"/>
              </grup.verb>
              <sp arg="argM" func="cc" tem="fin">
                <prep>
                  <s lem="para" pos="sps00" postype="preposition" wd="para"/>
                </prep>
                <S clausetype="completive" impersonal="yes">
                  <infinitiu>
                    <v lem="comenzar" lss="A21.transitive-agentive-patient" mood="infinitive" pos="vmn0000" postype="main" wd="comenzar"/>
                  </infinitiu>
                  <sn arg="arg1" coreftype="ident" entity="entity10" entityref="nne" func="cd" homophoricDD="yes" tem="pat">
                    <spec gen="f" num="s">
                      <d gen="f" lem="el" num="s" pos="da0fs0" postype="article" wd="la"/>
                    </spec>
                    <grup.nom gen="f" num="s">
                      <n gen="f" lem="fase" num="s" pos="ncfs000" postype="common" sense="16:10044643" wd="fase"/>
                      <s.a gen="f" num="s">
                        <grup.a gen="f" num="s">
                          <a gen="c" lem="final" num="s" pos="aq0cs0" postype="qualificative" wd="final"/>
                        </grup.a>
                      </s.a>
                    </grup.nom>
                  </sn>
                  <sp arg="argM" func="cc" tem="adv">
                    <prep>
                      <s lem="con" pos="sps00" postype="preposition" wd="con"/>
                    </prep>
                    <sn>
                      <spec gen="f" num="s">
                        <d gen="f" lem="el" num="s" pos="da0fs0" postype="article" wd="la"/>
                      </spec>
                      <grup.nom gen="f" num="s">
                        <n gen="f" lem="moral" num="s" pos="ncfs000" postype="common" sense="16:03649078" wd="moral"/>
                        <s.a gen="f" num="s">
                          <grup.a gen="f" num="s">
                            <a gen="f" lem="alto" num="s" pos="aq0fs0" postype="qualificative" wd="alta"/>
                          </grup.a>
                        </s.a>
                      </grup.nom>
                    </sn>
                  </sp>
                </S>
              </sp>
            </S>
          </grup.nom>
        </sn>
      </sn>
      <f lem="&quot;" pos="fe" punct="quotation" wd="&quot;"/>
      <f lem="," pos="fc" punct="comma" wd=","/>
    </S>
    <grup.verb>
      <v lem="destacar" lss="A21.transitive-agentive-patient" mood="indicative" num="s" person="3" pos="vmis3s0" postype="main" tense="past" wd="destacó"/>
    </grup.verb>
    <sn arg="arg0" entity="entity11" entityref="ne" func="suj" ne="person" tem="agt">
      <spec gen="m" num="s">
        <d gen="m" lem="el" num="s" pos="da0ms0" postype="article" wd="el"/>
      </spec>
      <grup.nom gen="m" num="s">
        <n gen="m" lem="entrenador" num="s" pos="ncms000" postype="common" sense="16:07162467" wd="entrenador"/>
        <sp>
          <prep>
            <s lem="de" pos="sps00" postype="preposition" wd="de"/>
          </prep>
          <sn coreftype="ident" entity="entity4" entityref="ne" ne="organization">
            <spec gen="m" num="p">
              <d gen="m" lem="el" num="p" pos="da0mp0" postype="article" wd="los"/>
            </spec>
            <grup.nom gen="m" num="p">
              <n lem="Spurs" ne="organization" pos="np00000" postype="proper" sense="16:cs1" wd="Spurs"/>
            </grup.nom>
          </sn>
        </sp>
        <sn corefsubtype="definit" coreftype="pred" entity="entity11" entityref="ne" ne="person">
          <f lem="," pos="fc" punct="comma" wd=","/>
          <grup.nom gen="m" num="s">
            <n lem="Gregg_Popovich" ne="person" pos="np00000" postype="proper" sense="16:cs1" wd="Gregg_Popovich"/>
          </grup.nom>
        </sn>
      </grup.nom>
    </sn>
    <f lem="." pos="fp" punct="period" wd="."/>
  </sentence>
  <sentence>
    <sn arg="arg1" func="suj" tem="tem">
      <sn coreftype="ident" entity="entity4" entityref="ne" ne="organization">
        <spec gen="m" num="p">
          <d gen="m" lem="el" num="p" pos="da0mp0" postype="article" wd="Los"/>
        </spec>
        <grup.nom discid="1n" gen="m" num="p">
          <n gen="c" lem="spurs" num="c" pos="nc00000" postype="common" sense="16:cs1" wd="spurs"/>
        </grup.nom>
      </sn>
      <sn adjunct="yes">
        <grup.nom>
          <f lem="(" pos="fpa" punct="bracket" punctenclose="open" wd="("/>
          <z lem="53-29" ne="number" wd="53-29"/>
          <f lem=")" pos="fpt" punct="bracket" punctenclose="close" wd=")"/>
        </grup.nom>
      </sn>
    </sn>
    <grup.verb>
      <v lem="tener" lss="C21.state-attributive" mood="indicative" num="p" person="3" pos="vmis3p0" postype="main" tense="past" wd="tuvieron"/>
    </grup.verb>
    <sn arg="arg2" coreftype="ident" entity="entity9" entityref="nne" func="cd" functype="quantitative" tem="atr">
      <spec gen="m" num="s">
        <d gen="m" lem="el" num="s" pos="da0ms0" postype="article" wd="el"/>
      </spec>
      <grup.nom gen="m" num="s">
        <n gen="m" lem="premio" num="s" pos="ncms000" postype="common" sense="16:09547800" wd="premio"/>
      </grup.nom>
    </sn>
    <sp arg="argM" func="cc" tem="adv">
      <prep>
        <s lem="con" pos="sps00" postype="preposition" wd="con"/>
      </prep>
      <sn entityref="nne">
        <spec arg="arg0" gen="f" num="s" tem="agt">
          <d coreftype="ident" entity="entity4" entityref="spec" gen="c" lem="su" num="s" person="3" pos="dp3cs0" postype="possessive" wd="su"/>
        </spec>
        <grup.nom gen="f" num="s">
          <n gen="f" lem="victoria" lexicalid="noun.victoria.1.default" num="s" origin="deverbal" pos="ncfs000" postype="common" sense="16:05556959" wd="victoria"/>
          <sp arg="argM" func="cn" tem="cau">
            <prep>
              <s lem="de" pos="sps00" postype="preposition" wd="de"/>
            </prep>
            <S clausetype="completive" impersonal="yes">
              <infinitiu>
                <v lem="conseguir" lss="A21.transitive-agentive-patient" mood="infinitive" pos="vmn0000" postype="main" wd="conseguir"/>
              </infinitiu>
              <sn arg="arg1" entityref="nne" func="cd" homophoricDD="yes" tem="pat">
                <spec gen="f" num="s">
                  <d gen="f" lem="el" num="s" pos="da0fs0" postype="article" wd="la"/>
                </spec>
                <grup.nom gen="f" num="s">
                  <n gen="f" lem="ventaja" lexicalid="noun.ventaja.1.default" num="s" origin="deverbal" pos="ncfs000" postype="common" sense="16:04016440" wd="ventaja"/>
                  <sp arg="argM" func="cn" tem="adv">
                    <prep>
                      <s lem="de" pos="sps00" postype="preposition" wd="de"/>
                    </prep>
                    <sn>
                      <grup.nom gen="m" num="s">
                        <n gen="m" lem="campo" num="s" pos="ncms000" postype="common" sense="16:06318048" wd="campo"/>
                      </grup.nom>
                    </sn>
                  </sp>
                </grup.nom>
              </sn>
              <sp arg="argM" func="cc" tem="tmp">
                <prep>
                  <s lem="en" pos="sps00" postype="preposition" wd="en"/>
                </prep>
                <sn entity="entity13" entityref="nne" homophoricDD="yes">
                  <spec gen="f" num="s">
                    <d gen="f" lem="el" num="s" pos="da0fs0" postype="article" wd="la"/>
                  </spec>
                  <grup.nom gen="f" num="s">
                    <n gen="f" lem="serie" num="s" pos="ncfs000" postype="common" sense="16:06247582" wd="serie"/>
                    <sp>
                      <prep>
                        <s lem="de" pos="sps00" postype="preposition" wd="de"/>
                      </prep>
                      <sn coreftype="ident" entity="entity12" entityref="nne" homophoricDD="yes">
                        <spec gen="f" num="s">
                          <d gen="f" lem="el" num="s" pos="da0fs0" postype="article" wd="la"/>
                        </spec>
                        <grup.nom gen="f" num="s">
                          <s.a gen="f" num="s">
                            <grup.a gen="f" num="s">
                              <a gen="f" lem="primero" num="s" pos="ao0fs0" postype="ordinal" wd="primera"/>
                            </grup.a>
                          </s.a>
                          <n gen="f" lem="ronda" num="s" pos="ncfs000" postype="common" sense="16:cs1" wd="ronda"/>
                        </grup.nom>
                      </sn>
                    </sp>
                    <sp>
                      <prep>
                        <s lem="de" pos="sps00" postype="preposition" wd="de"/>
                      </prep>
                      <sn coreftype="ident" entity="entity10" entityref="nne" homophoricDD="yes">
                        <spec gen="f" num="s">
                          <d gen="f" lem="el" num="s" pos="da0fs0" postype="article" wd="la"/>
                        </spec>
                        <grup.nom gen="f" num="s">
                          <n gen="f" lem="fase" num="s" pos="ncfs000" postype="common" sense="16:10044643" wd="fase"/>
                          <s.a gen="f" num="s">
                            <grup.a gen="f" num="s">
                              <a gen="c" lem="final" num="s" pos="aq0cs0" postype="qualificative" wd="final"/>
                            </grup.a>
                          </s.a>
                        </grup.nom>
                      </sn>
                    </sp>
                  </grup.nom>
                </sn>
              </sp>
            </S>
          </sp>
        </grup.nom>
      </sn>
    </sp>
    <S clausetype="relative" discid="1c">
      <relatiu arg="arg1" coreftype="ident" entity="entity13" entityref="nne" func="cd" tem="pat">
        <p gen="c" lem="que" num="c" pos="pr0cn000" postype="relative" wd="que"/>
      </relatiu>
      <sn arg="arg0" elliptic="yes" func="suj" tem="agt"/>
      <grup.verb>
        <v lem="disputar" lss="A21.transitive-agentive-patient" mood="subjunctive" num="p" person="3" pos="vmsi3p0" postype="main" tense="imperfect" wd="disputaran"/>
      </grup.verb>
      <sp arg="argM" func="cc" tem="adv">
        <prep>
          <s contracted="yes" gen="m" lem="al" num="s" pos="spcms" postype="preposition" wd="al"/>
        </prep>
        <s.a gen="m" num="s">
          <grup.a gen="m" num="s">
            <a gen="c" lem="mejor" num="s" pos="aq0cs0" postype="qualificative" wd="mejor"/>
            <sp>
              <prep>
                <s lem="de" pos="sps00" postype="preposition" wd="de"/>
              </prep>
              <sn>
                <grup.nom>
                  <p gen="c" lem="cinco" num="p" pos="pn0cp000" postype="numeral" wd="cinco"/>
                </grup.nom>
              </sn>
            </sp>
          </grup.a>
        </s.a>
      </sp>
      <sp arg="argM" func="cc" tem="adv">
        <prep>
          <s lem="contra" pos="sps00" postype="preposition" wd="contra"/>
        </prep>
        <sn entityref="ne" ne="organization">
          <spec gen="m" num="p">
            <d gen="m" lem="el" num="p" pos="da0mp0" postype="article" wd="los"/>
          </spec>
          <grup.nom gen="m" num="p">
            <n lem="Suns_de_Phoenix" ne="organization" pos="np00000" postype="proper" sense="16:cs1" wd="Suns_de_Phoenix"/>
          </grup.nom>
        </sn>
      </sp>
    </S>
    <f lem="." pos="fp" punct="period" wd="."/>
  </sentence>
  <sentence coord="yes">
    <S>
      <sn arg="arg1" coreftype="ident" entity="entity1" entityref="ne" func="suj" ne="person" tem="tem">
        <spec gen="m" num="s">
          <d gen="m" lem="el" num="s" pos="da0ms0" postype="article" wd="El"/>
        </spec>
        <grup.nom gen="m" num="s">
          <n gen="c" lem="pívot" num="s" pos="nccs000" postype="common" sense="16:cs1" wd="pívot"/>
          <sn entityref="ne" ne="person">
            <grup.nom gen="m" num="s">
              <n lem="Shaquille_O'Neal" ne="person" pos="np00000" postype="proper" sense="16:cs1" wd="Shaquille_O'Neal"/>
            </grup.nom>
          </sn>
        </grup.nom>
      </sn>
      <morfema.pronominal>
        <p gen="c" lem="él" num="c" person="3" pos="p0300000" wd="se"/>
      </morfema.pronominal>
      <grup.verb>
        <v lem="perder" lss="C21.state-attributive" mood="indicative" num="s" person="3" pos="vmis3s0" postype="main" tense="past" wd="perdió"/>
      </grup.verb>
      <sadv arg="argM" func="cc" tem="adv">
        <grup.adv>
          <r lem="por_completo" pos="rg" wd="por_completo"/>
        </grup.adv>
      </sadv>
      <sp arg="argM" func="cc" tem="loc">
        <prep>
          <s lem="en" pos="sps00" postype="preposition" wd="en"/>
        </prep>
        <sn entityref="nne">
          <spec gen="f" num="s">
            <d coreftype="ident" entity="entity1" entityref="spec" gen="c" lem="su" num="s" person="3" pos="dp3cs0" postype="possessive" wd="su"/>
          </spec>
          <grup.nom gen="f" num="s">
            <n gen="f" lem="ciudad" num="s" pos="ncfs000" postype="common" sense="16:06287351" wd="ciudad"/>
            <s.a gen="f" num="s">
              <grup.a gen="f" num="s">
                <a gen="c" lem="natal" num="s" pos="aq0cs0" postype="qualificative" wd="natal"/>
              </grup.a>
            </s.a>
          </grup.nom>
        </sn>
      </sp>
      <sp arg="argM" func="cc" tem="tmp">
        <prep>
          <s contracted="yes" gen="m" lem="al" num="s" pos="spcms" postype="preposition" wd="al"/>
        </prep>
        <S clausetype="completive" impersonal="yes">
          <infinitiu>
            <v lem="conseguir" lss="A21.transitive-agentive-patient" mood="infinitive" pos="vmn0000" postype="main" wd="conseguir"/>
          </infinitiu>
          <sn arg="arg1" entityref="nne" func="cd" tem="pat">
            <sadv adjunct="yes">
              <grup.adv>
                <r lem="sólo" pos="rg" wd="sólo"/>
              </grup.adv>
            </sadv>
            <sn>
              <spec gen="m" num="p">
                <z lem="22" ne="number" wd="22"/>
              </spec>
              <grup.nom gen="m" num="p">
                <n gen="m" lem="punto" num="p" pos="ncmp000" postype="common" sense="16:09780630" wd="puntos"/>
              </grup.nom>
            </sn>
          </sn>
        </S>
      </sp>
      <f lem="," pos="fc" punct="comma" wd=","/>
    </S>
    <conj conjunctiontype="coordinating">
      <c lem="pero" pos="cc" postype="coordinating" wd="pero"/>
    </conj>
    <S verbless="yes">
      <sn entityref="nne">
        <sadv adjunct="yes">
          <grup.adv>
            <r lem="sólo" pos="rg" wd="sólo"/>
          </grup.adv>
        </sadv>
        <sn>
          <grup.nom gen="m" num="p">
            <p gen="c" lem="dos" num="p" pos="pn0cp000" postype="numeral" wd="dos"/>
          </grup.nom>
        </sn>
      </sn>
      <sadv>
        <grup.adv>
          <r lem="después" pos="rg" wd="después"/>
          <sp>
            <prep>
              <s contracted="yes" gen="m" lem="del" num="s" pos="spcms" postype="preposition" wd="del"/>
            </prep>
            <grup.nom entityref="nne" gen="m" homophoricDD="yes" num="s">
              <s.a gen="m" num="s">
                <grup.a gen="m" num="s">
                  <a gen="m" lem="tercero" num="s" pos="ao0ms0" postype="ordinal" wd="tercer"/>
                </grup.a>
              </s.a>
              <n gen="m" lem="periodo" num="s" pos="ncms000" postype="common" sense="16:10843624" wd="periodo"/>
            </grup.nom>
          </sp>
        </grup.adv>
      </sadv>
      <S clausetype="adverbial">
        <conj conjunctiontype="subordinating">
          <c lem="cuando" pos="cs" postype="subordinating" wd="cuando"/>
        </conj>
        <sn arg="arg0" coreftype="ident" entity="entity4" entityref="ne" func="suj" ne="organization" tem="agt">
          <spec gen="m" num="p">
            <d gen="m" lem="el" num="p" pos="da0mp0" postype="article" wd="los"/>
          </spec>
          <grup.nom gen="m" num="p">
            <n lem="Spurs" ne="organization" pos="np00000" postype="proper" sense="16:cs1" wd="Spurs"/>
          </grup.nom>
        </sn>
        <grup.verb>
          <v lem="lograr" lss="A21.transitive-agentive-patient" mood="indicative" num="p" person="3" pos="vmis3p0" postype="main" tense="past" wd="lograron"/>
        </grup.verb>
        <sn arg="arg1" entityref="nne" func="cd" tem="pat">
          <grup.nom gen="f" num="s">
            <n gen="f" lem="racha" num="s" pos="ncfs000" postype="common" sense="16:06248399" wd="racha"/>
            <sp>
              <prep>
                <s lem="de" pos="sps00" postype="preposition" wd="de"/>
              </prep>
              <sn>
                <grup.nom>
                  <z lem="16-3" ne="number" wd="16-3"/>
                </grup.nom>
              </sn>
            </sp>
            <sp>
              <prep>
                <s lem="para" pos="sps00" postype="preposition" wd="para"/>
              </prep>
              <S clausetype="completive" impersonal="yes">
                <infinitiu>
                  <v coreftype="ident" entity="entity15" lem="dar" lss="A32.ditransitive-patient-benefactive" mood="infinitive" pos="vmn0000" postype="main" wd="darle"/>
                </infinitiu>
                <sn arg="argL" entityref="lex" func="cd">
                  <spec gen="f" num="s">
                    <d gen="f" lem="el" num="s" pos="da0fs0" postype="article" wd="la"/>
                  </spec>
                  <grup.nom gen="f" num="s">
                    <n gen="f" lem="vuelta" lexicalid="noun.vuelta.1.default" num="s" origin="deverbal" pos="ncfs000" postype="common" sense="16:00222172" wd="vuelta"/>
                  </grup.nom>
                </sn>
                <sp arg="arg2" coord="yes" func="ci" tem="ben">
                  <sp>
                    <prep>
                      <s contracted="yes" gen="m" lem="al" num="s" pos="spcms" postype="preposition" wd="al"/>
                    </prep>
                    <sn coreftype="ident" entity="entity15" entityref="nne">
                      <grup.nom gen="m" num="s">
                        <n gen="m" lem="partido" num="s" pos="ncms000" postype="common" sense="16:05554348" wd="partido"/>
                      </grup.nom>
                    </sn>
                  </sp>
                  <conj conjunctiontype="coordinating">
                    <c lem="y" pos="cc" postype="coordinating" wd="y"/>
                  </conj>
                  <sp>
                    <prep>
                      <s contracted="yes" gen="m" lem="al" num="s" pos="spcms" postype="preposition" wd="al"/>
                    </prep>
                    <sn entityref="nne" homophoricDD="yes">
                      <grup.nom gen="m" num="s">
                        <n gen="m" lem="marcador" num="s" pos="ncms000" postype="common" sense="16:04884055" wd="marcador"/>
                      </grup.nom>
                    </sn>
                  </sp>
                </sp>
              </S>
            </sp>
          </grup.nom>
        </sn>
      </S>
    </S>
    <f lem="." pos="fp" punct="period" wd="."/>
  </sentence>
  <sentence>
    <S arg="arg1" clausetype="completive" func="cd" tem="pat">
      <f lem="&quot;" pos="fe" punct="quotation" wd="&quot;"/>
      <sn arg="arg1" coreftype="ident" elliptic="yes" entity="entity16" entityref="spec" func="suj" tem="tem"/>
      <morfema.pronominal>
        <p gen="c" lem="yo" num="s" person="1" pos="p010s000" wd="Me"/>
      </morfema.pronominal>
      <grup.verb>
        <v lem="sentir" lss="C21.state-attributive" mood="indicative" num="s" person="1" pos="vmip1s0" postype="main" tense="present" wd="siento"/>
      </grup.verb>
      <S arg="arg2" clausetype="participle" func="cpred" impersonal="yes" predicate="suj" tem="atr">
        <participi>
          <a gen="m" lem="frustrado" lss="B22.unaccusative-passive-transitive" num="s" pos="aq0msp" posfunction="participle" postype="qualificative" wd="frustrado"/>
        </participi>
        <sp arg="argM" func="cc" tem="cau">
          <prep>
            <s lem="por" pos="sps00" postype="preposition" wd="por"/>
          </prep>
          <sn entity="entity17" entityref="nne" homophoricDD="yes">
            <spec gen="f" num="s">
              <d gen="f" lem="el" num="s" pos="da0fs0" postype="article" wd="la"/>
            </spec>
            <grup.nom gen="f" num="s">
              <n gen="f" lem="forma" num="s" pos="ncfs000" postype="common" sense="16:00111872" wd="forma"/>
              <S clausetype="relative">
                <relatiu arg="argM" coreftype="ident" entity="entity17" entityref="nne" func="cc" tem="mnr">
                  <p gen="c" lem="como" num="c" pos="pr000000" postype="relative" wd="como"/>
                </relatiu>
                <sn arg="arg0" coreftype="ident" elliptic="yes" entity="entity5" entityref="spec" func="suj" tem="agt"/>
                <grup.verb>
                  <v lem="haber" mood="indicative" num="p" person="1" pos="vaip1p0" postype="auxiliary" tense="present" wd="hemos"/>
                  <v gen="m" lem="perder" lss="A21.transitive-agentive-patient" mood="participle" num="s" pos="vmp00sm" postype="main" wd="perdido"/>
                </grup.verb>
                <sn arg="arg1" coreftype="ident" entity="entity15" entityref="nne" func="cd" tem="pat">
                  <spec gen="m" num="s">
                    <d gen="m" lem="uno" num="s" pos="di0ms0" postype="indefinite" wd="un"/>
                  </spec>
                  <grup.nom gen="m" num="s">
                    <n gen="m" lem="partido" num="s" pos="ncms000" postype="common" sense="16:05554348" wd="partido"/>
                    <S clausetype="relative">
                      <relatiu arg="arg1" coreftype="ident" discid="1c" entity="entity15" entityref="nne" func="cd" tem="pat">
                        <p gen="c" lem="que" num="c" pos="pr0cn000" postype="relative" wd="que"/>
                      </relatiu>
                      <sadv arg="argM" func="cc" tem="mnr">
                        <grup.adv>
                          <r lem="sicológicamente" pos="rg" wd="sicológicamente"/>
                        </grup.adv>
                      </sadv>
                      <sn arg="arg0" coreftype="ident" elliptic="yes" entity="entity5" entityref="spec" func="suj" tem="agt"/>
                      <grup.verb>
                        <v lem="necesitar" lss="A21.transitive-agentive-patient" mood="indicative" num="p" person="1" pos="vmii1p0" postype="main" tense="imperfect" wd="necesitábamos"/>
                      </grup.verb>
                      <S arg="arg1" clausetype="completive" discid="1n" func="cd" impersonal="yes" tem="pat">
                        <infinitiu>
                          <v lem="ganar" lss="A21.transitive-agentive-patient" mood="infinitive" pos="vmn0000" postype="main" wd="ganar"/>
                        </infinitiu>
                      </S>
                    </S>
                  </grup.nom>
                </sn>
              </S>
            </grup.nom>
          </sn>
        </sp>
      </S>
      <f lem="&quot;" pos="fe" punct="quotation" wd="&quot;"/>
      <f lem="," pos="fc" punct="comma" wd=","/>
    </S>
    <grup.verb>
      <v lem="declarar" lss="A32.ditransitive-patient-benefactive" mood="indicative" num="s" person="3" pos="vmis3s0" postype="main" tense="past" wd="declaró"/>
    </grup.verb>
    <sn arg="arg0" entity="entity16" entityref="ne" func="suj" ne="person" tem="agt">
      <spec gen="m" num="s">
        <d gen="m" lem="el" num="s" pos="da0ms0" postype="article" wd="el"/>
      </spec>
      <grup.nom gen="m" num="s">
        <n gen="m" lem="entrenador" num="s" pos="ncms000" postype="common" sense="16:07162467" wd="entrenador"/>
        <sp>
          <prep>
            <s lem="de" pos="sps00" postype="preposition" wd="de"/>
          </prep>
          <sn coreftype="ident" entity="entity5" entityref="ne" ne="organization">
            <spec gen="m" num="p">
              <d gen="m" lem="el" num="p" pos="da0mp0" postype="article" wd="los"/>
            </spec>
            <grup.nom gen="m" num="p">
              <n lem="Lakers" ne="organization" pos="np00000" postype="proper" sense="16:cs1" wd="Lakers"/>
            </grup.nom>
          </sn>
        </sp>
        <sn corefsubtype="definit" coreftype="pred" entity="entity16" entityref="ne" ne="person">
          <f lem="," pos="fc" punct="comma" wd=","/>
          <grup.nom gen="m" num="s">
            <n lem="Phil_Jackson" ne="person" pos="np00000" postype="proper" sense="16:cs1" wd="Phil_Jackson"/>
          </grup.nom>
        </sn>
      </grup.nom>
    </sn>
    <f lem="." pos="fp" punct="period" wd="."/>
  </sentence>
</article>
