<?xml version="1.0" encoding="UTF-8"?>
<!-- 

  ancora-2.0
       
			Copyright (C) 2007, 2008, 2009, 2010, 2011 UB - CLiC
			Centre de Llenguatge i Computació - Universitat de Barcelona
 
  This file is part of ancora-2.0.
 
  ancora-2.0 is free software and data: you can redistribute it and/or modify
  it under the terms of the GNU General Public License as published
  by the Free Software Foundation, either version 3 of the License,
  or (at your option) any later version.

  ancora-2.0 is distributed in the hope that it will be useful,
  but WITHOUT ANY WARRANTY; without even the implied warranty of
  MERCHANTABILITY or FITNESS FOR A PARTICULAR PURPOSE.  See the
  GNU General Public License for more details.
 
  You should have received a copy of the GNU General Public License
  along with ancora-2.0.  If not, see &lt;http://www.gnu.org/licenses/&gt;.
 
  Check a text in catalan explaining the terms of the license at http://www.softcatala.cat/wiki/GPL3.
  In spanish at http://www.viti.es/gnu/licenses/gpl.html
 

  The following paper must be cited when using this corpus:

 * Taulé, M., M.A. Martí, M. Recasens (2008) 'Ancora: Multilevel Annotated Corpora for Catalan and Spanish',
   Proceedings of 6th International Conference on Language Resources and Evaluation. Marrakesh (Morocco).

  In addition, the following paper must be cited if coreference information (attributes entity, coreftype,
  corefsubtype, homophoricDD or entityref) is used:

 * Recasens, Marta, M. Antònia Martí (2010) ‘AnCora-CO: Coreferentially annotated corpora for Spanish and
   Catalan’. Language Resources and Evaluation, Springer Science.

  Additionally, the following paper must be cited when argumental attributes in "sn" or "grup.nom"
  (attributes func, arg, tem or lexicalid) are used:

 * Peris, Aina, Mariona Taulé, Horacio Rodríguez (2010) ‘Semantic Annotation of Deverbal Nominalizations in the
   Spanish AnCora corpus’. Treebanks and Linguistic Theories (TLT-2010), Estonia.
-->
<article lng="es">
  <sentence>
    <sn arg="arg0" coord="yes" func="suj" tem="agt">
      <sn coord="yes" entity="entity1">
        <sn entityref="ne" ne="person">
          <spec gen="m" num="s">
            <d gen="m" lem="el" num="s" pos="da0ms0" postype="article" wd="El"/>
          </spec>
          <grup.nom gen="m" num="s">
            <s.a gen="m" num="s">
              <grup.a gen="m" num="s">
                <a gen="c" lem="ex" num="c" pos="aq0cn0" postype="qualificative" wd="ex"/>
              </grup.a>
            </s.a>
            <n gen="m" lem="diputado" num="s" pos="ncms000" postype="common" sense="16:07211532" wd="diputado"/>
            <sp>
              <prep>
                <s lem="de" pos="sps00" postype="preposition" wd="de"/>
              </prep>
              <sn entity="entity3" entityref="ne" ne="organization">
                <grup.nom>
                  <n lem="UCD" ne="organization" pos="np0000o" postype="proper" sense="16:50001213" wd="UCD"/>
                </grup.nom>
              </sn>
            </sp>
          </grup.nom>
        </sn>
        <conj conjunctiontype="coordinating">
          <c lem="y" pos="cc" postype="coordinating" wd="y"/>
        </conj>
        <sn entityref="nne">
          <grup.nom gen="m" num="s">
            <p gen="m" lem="uno" num="s" pos="pi0ms000" postype="indefinite" wd="uno"/>
            <sp>
              <prep>
                <s lem="de" pos="sps00" postype="preposition" wd="de"/>
              </prep>
              <sn entityref="ne" ne="person">
                <spec gen="m" num="p">
                  <d gen="m" lem="el" num="p" pos="da0mp0" postype="article" wd="los"/>
                </spec>
                <grup.nom gen="m" num="p">
                  <n gen="c" lem="ponente" num="p" pos="nccp000" postype="common" sense="16:cs1" wd="ponentes"/>
                  <sp>
                    <prep>
                      <s lem="de" pos="sps00" postype="preposition" wd="de"/>
                    </prep>
                    <sn entity="entity6" entityref="ne" ne="other">
                      <spec gen="f" num="s">
                        <d gen="f" lem="el" num="s" pos="da0fs0" postype="article" wd="la"/>
                      </spec>
                      <grup.nom gen="f" num="s">
                        <n lem="Constitución" ne="other" pos="np0000a" postype="proper" sense="16:cs1" wd="Constitución"/>
                        <s.a gen="f" num="s">
                          <grup.a gen="f" num="s">
                            <a gen="f" lem="español" num="s" pos="aq0fs0" postype="qualificative" wd="española"/>
                          </grup.a>
                        </s.a>
                      </grup.nom>
                    </sn>
                  </sp>
                </grup.nom>
              </sn>
            </sp>
          </grup.nom>
        </sn>
      </sn>
      <sn adjunct="yes" corefsubtype="definit" coreftype="pred" entity="entity1" entityref="ne" ne="person">
        <f lem="," pos="fc" punct="comma" wd=","/>
        <grup.nom gen="m" num="s">
          <n lem="José_Pedro_Pérez_Llorca" ne="person" pos="np0000p" postype="proper" sense="16:cs1" wd="José_Pedro_Pérez_Llorca"/>
        </grup.nom>
        <f lem="," pos="fc" punct="comma" wd=","/>
      </sn>
    </sn>
    <grup.verb>
      <v lem="destacar" lss="A21.transitive-agentive-patient" mood="indicative" num="s" person="3" pos="vmis3s0" postype="main" tense="past" wd="destacó"/>
    </grup.verb>
    <sadv arg="argM" func="cc" tem="tmp">
      <grup.adv>
        <r lem="hoy" pos="rg" wd="hoy"/>
      </grup.adv>
    </sadv>
    <sn arg="arg1" entityref="nne" func="cd" homophoricDD="yes" tem="pat">
      <spec gen="f" num="s">
        <d gen="f" lem="el" num="s" pos="da0fs0" postype="article" wd="la"/>
      </spec>
      <grup.nom gen="f" num="s">
        <n gen="f" lem="similitud" num="s" pos="ncfs000" postype="common" sense="16:03726488" wd="similitud"/>
        <s.a gen="f" num="s">
          <grup.a gen="f" num="s">
            <a gen="c" lem="existente" num="s" pos="aq0cs0" postype="qualificative" wd="existente"/>
          </grup.a>
        </s.a>
        <sp>
          <prep>
            <s lem="entre" pos="sps00" postype="preposition" wd="entre"/>
          </prep>
          <sn coord="yes">
            <sn entity="entity4" entityref="nne" homophoricDD="yes">
              <spec gen="m" num="s">
                <d gen="m" lem="el" num="s" pos="da0ms0" postype="article" wd="el"/>
              </spec>
              <grup.nom gen="m" num="s">
                <n gen="m" lem="pacto" num="s" pos="ncms000" postype="common" sense="16:05074858" wd="pacto"/>
                <s.a gen="m" num="s">
                  <grup.a gen="m" num="s">
                    <a gen="c" lem="antiterrorista" num="s" pos="aq0cs0" postype="qualificative" wd="antiterrorista"/>
                  </grup.a>
                </s.a>
                <S clausetype="participle" impersonal="yes">
                  <participi>
                    <a gen="m" lem="alcanzado" lss="B22.unaccusative-passive-transitive" num="s" pos="aq0msp" posfunction="participle" postype="qualificative" wd="alcanzado"/>
                  </participi>
                  <sp arg="argM" func="cc" tem="adv">
                    <prep>
                      <s lem="entre" pos="sps00" postype="preposition" wd="entre"/>
                    </prep>
                    <sn coord="yes">
                      <sn entityref="ne" ne="organization">
                        <spec gen="m" num="s">
                          <d gen="m" lem="el" num="s" pos="da0ms0" postype="article" wd="el"/>
                        </spec>
                        <grup.nom gen="m" num="s">
                          <n lem="PP" ne="organization" pos="np0000o" postype="proper" sense="16:50001207" wd="PP"/>
                        </grup.nom>
                      </sn>
                      <conj conjunctiontype="coordinating">
                        <c lem="y" pos="cc" postype="coordinating" wd="y"/>
                      </conj>
                      <sn entity="entity2" entityref="ne" ne="organization">
                        <spec gen="m" num="s">
                          <d gen="m" lem="el" num="s" pos="da0ms0" postype="article" wd="el"/>
                        </spec>
                        <grup.nom gen="m" num="s">
                          <n lem="PSOE" ne="organization" pos="np0000o" postype="proper" sense="16:50001205" wd="PSOE"/>
                        </grup.nom>
                      </sn>
                    </sn>
                  </sp>
                </S>
              </grup.nom>
            </sn>
            <conj conjunctiontype="coordinating">
              <c lem="y" pos="cc" postype="coordinating" wd="y"/>
            </conj>
            <sn entityref="nne" homophoricDD="yes">
              <spec gen="m" num="s">
                <d gen="m" lem="el" num="s" pos="da0ms0" postype="article" wd="el"/>
              </spec>
              <grup.nom gen="m" num="s">
                <n gen="m" lem="avance" lexicalid="noun.avance.1.default" num="s" origin="deverbal" pos="ncms000" postype="common" sense="16:00182418" wd="avance"/>
                <s.a arg="arg1" func="cn" gen="m" num="s" tem="tem">
                  <grup.a gen="m" num="s">
                    <a gen="c" lem="constitucional" num="s" pos="aq0cs0" postype="qualificative" wd="constitucional"/>
                  </grup.a>
                </s.a>
                <S clausetype="participle" func="cn" impersonal="yes">
                  <participi>
                    <a gen="m" lem="logrado" lss="B22.unaccusative-passive-transitive" num="s" pos="aq0msp" posfunction="participle" postype="qualificative" wd="logrado"/>
                  </participi>
                  <sp arg="arg0" func="cag" tem="agt">
                    <prep>
                      <s lem="por" pos="sps00" postype="preposition" wd="por"/>
                    </prep>
                    <sn coord="yes" entity="entity10">
                      <sn coreftype="ident" entity="entity2" entityref="ne" ne="organization">
                        <spec gen="m" num="s">
                          <d gen="m" lem="el" num="s" pos="da0ms0" postype="article" wd="el"/>
                        </spec>
                        <grup.nom gen="m" num="s">
                          <n lem="PSOE" ne="organization" pos="np0000o" postype="proper" sense="16:50001205" wd="PSOE"/>
                        </grup.nom>
                      </sn>
                      <conj conjunctiontype="coordinating">
                        <c lem="y" pos="cc" postype="coordinating" wd="y"/>
                      </conj>
                      <sn coreftype="ident" entity="entity3" entityref="ne" ne="organization">
                        <grup.nom>
                          <n lem="UCD" ne="organization" pos="np0000o" postype="proper" sense="16:50001213" wd="UCD"/>
                        </grup.nom>
                      </sn>
                    </sn>
                  </sp>
                </S>
              </grup.nom>
            </sn>
          </sn>
        </sp>
      </grup.nom>
    </sn>
    <f lem="." pos="fp" punct="period" wd="."/>
  </sentence>
  <sentence>
    <sadv arg="argM" func="cc" tem="tmp">
      <grup.adv>
        <r lem="antes" pos="rg" wd="Antes"/>
        <sp>
          <prep>
            <s lem="de" pos="sps00" postype="preposition" wd="de"/>
          </prep>
          <S clausetype="completive" impersonal="yes">
            <infinitiu>
              <v lem="clausurar" lss="A21.transitive-agentive-patient" mood="infinitive" pos="vmn0000" postype="main" wd="clausurar"/>
            </infinitiu>
            <sp arg="argM" func="cc" tem="loc">
              <prep>
                <s lem="en" pos="sps00" postype="preposition" wd="en"/>
              </prep>
              <sn entityref="ne" ne="location">
                <grup.nom>
                  <n lem="Cádiz" ne="location" pos="np0000l" postype="proper" wd="Cádiz"/>
                </grup.nom>
              </sn>
            </sp>
            <sn arg="arg1" entityref="nne" func="cd" tem="pat">
              <spec gen="m" num="s">
                <d gen="m" lem="uno" num="s" pos="di0ms0" postype="indefinite" wd="un"/>
              </spec>
              <grup.nom gen="m" num="s">
                <n gen="m" lem="seminario" num="s" pos="ncms000" postype="common" sense="16:00573721" wd="seminario"/>
                <sp>
                  <prep>
                    <s lem="sobre" pos="sps00" postype="preposition" wd="sobre"/>
                  </prep>
                  <sn entityref="nne" homophoricDD="yes">
                    <spec gen="m" num="s">
                      <d gen="m" lem="el" num="s" pos="da0ms0" postype="article" wd="el"/>
                    </spec>
                    <grup.nom gen="m" num="s">
                      <n gen="m" lem="constitucionalismo" num="s" pos="ncms000" postype="common" sense="16:04711005" wd="constitucionalismo"/>
                      <sp>
                        <prep>
                          <s lem="en" pos="sps00" postype="preposition" wd="en"/>
                        </prep>
                        <sn entityref="ne" ne="location">
                          <grup.nom>
                            <n lem="España" ne="location" pos="np0000l" postype="proper" sense="16:06581760" wd="España"/>
                          </grup.nom>
                        </sn>
                      </sp>
                    </grup.nom>
                  </sn>
                </sp>
              </grup.nom>
            </sn>
          </S>
        </sp>
      </grup.adv>
      <f lem="," pos="fc" punct="comma" wd=","/>
    </sadv>
    <sn arg="arg0" coreftype="ident" entity="entity1" entityref="ne" func="suj" ne="person" tem="agt">
      <grup.nom gen="m" num="s">
        <n lem="Pérez_Llorca" ne="person" pos="np0000p" postype="proper" sense="16:cs1" wd="Pérez_Llorca"/>
      </grup.nom>
    </sn>
    <grup.verb>
      <v lem="declarar" lss="A32.ditransitive-patient-benefactive" mood="indicative" num="s" person="3" pos="vmis3s0" postype="main" tense="past" wd="declaró"/>
    </grup.verb>
    <sp arg="arg2" func="ci" tem="ben">
      <prep>
        <s lem="a" pos="sps00" postype="preposition" wd="a"/>
      </prep>
      <sn entityref="ne" ne="organization">
        <grup.nom>
          <n lem="Efe" ne="organization" pos="np0000o" postype="proper" sense="16:cs1" wd="Efe"/>
        </grup.nom>
      </sn>
    </sp>
    <S arg="arg1" clausetype="completive" func="cd" tem="pat">
      <conj conjunctiontype="subordinating">
        <c lem="que" pos="cs" postype="subordinating" wd="que"/>
      </conj>
      <sn arg="arg1" coreftype="ident" entity="entity4" entityref="nne" func="suj" homophoricDD="yes" tem="tem">
        <spec gen="m" num="s">
          <d gen="m" lem="el" num="s" pos="da0ms0" postype="article" wd="el"/>
        </spec>
        <grup.nom gen="m" num="s">
          <n gen="m" lem="pacto" num="s" pos="ncms000" postype="common" sense="16:05074858" wd="pacto"/>
          <s.a gen="m" num="s">
            <grup.a gen="m" num="s">
              <a gen="c" lem="antiterrorista" num="s" pos="aq0cs0" postype="qualificative" wd="antiterrorista"/>
            </grup.a>
          </s.a>
        </grup.nom>
      </sn>
      <grup.verb>
        <v lem="ser" lss="C21.state-attributive" mood="indicative" num="s" person="3" pos="vsip3s0" postype="semiauxiliary" tense="present" wd="es"/>
      </grup.verb>
      <sn arg="arg2" corefsubtype="indefinit" coreftype="pred" entity="entity4" func="atr" tem="atr">
        <f lem="&quot;" pos="fe" punct="quotation" wd="&quot;"/>
        <spec gen="m" num="s">
          <d gen="m" lem="uno" num="s" pos="di0ms0" postype="indefinite" wd="un"/>
        </spec>
        <grup.nom gen="m" num="s">
          <n gen="m" lem="ejemplo" num="s" pos="ncms000" postype="common" sense="16:04559362" wd="ejemplo"/>
          <sp>
            <prep>
              <s lem="de" pos="sps00" postype="preposition" wd="de"/>
            </prep>
            <sn>
              <grup.nom gen="m" num="s">
                <n gen="m" lem="consenso" lexicalid="noun.consenso.1.default" num="s" origin="deverbal" pos="ncms000" postype="common" sense="16:05364269" wd="consenso"/>
              </grup.nom>
            </sn>
          </sp>
          <S clausetype="relative">
            <relatiu arg="arg1" coreftype="ident" entity="entity4" entityref="nne" func="cd" tem="pat">
              <p gen="c" lem="que" num="c" pos="pr0cn000" postype="relative" wd="que"/>
            </relatiu>
            <sn arg="arg2" entityref="nne" func="ci" tem="ben">
              <grup.nom num="p">
                <p gen="c" lem="yo" num="p" person="1" pos="pp1cp000" postype="personal" wd="nos"/>
              </grup.nom>
            </sn>
            <grup.verb>
              <v lem="traer" lss="A21.transitive-agentive-patient" mood="indicative" num="s" person="3" pos="vmip3s0" postype="main" tense="present" wd="trae"/>
            </grup.verb>
            <sn arg="arg0" entityref="nne" func="suj" homophoricDD="yes" tem="agt">
              <spec gen="f" num="s">
                <d gen="f" lem="el" num="s" pos="da0fs0" postype="article" wd="la"/>
              </spec>
              <grup.nom gen="f" num="s">
                <s.a gen="f" num="s">
                  <grup.a gen="f" num="s">
                    <a gen="c" lem="mejor" num="s" pos="aq0cs0" postype="qualificative" wd="mejor"/>
                  </grup.a>
                </s.a>
                <n gen="f" lem="tradición" num="s" pos="ncfs000" postype="common" sense="16:04476782" wd="tradición"/>
                <sp>
                  <prep>
                    <s lem="de" pos="sps00" postype="preposition" wd="de"/>
                  </prep>
                  <sn entityref="nne">
                    <spec gen="f" num="s">
                      <d gen="f" lem="aquel" num="s" pos="dd0fs0" postype="demonstrative" wd="aquella"/>
                    </spec>
                    <grup.nom gen="f" num="s">
                      <n gen="f" lem="época" num="s" pos="ncfs000" postype="common" sense="16:10850147" wd="época"/>
                    </grup.nom>
                  </sn>
                </sp>
              </grup.nom>
            </sn>
          </S>
        </grup.nom>
        <f lem="&quot;" pos="fe" punct="quotation" wd="&quot;"/>
      </sn>
    </S>
    <f lem="." pos="fp" punct="period" wd="."/>
  </sentence>
  <sentence coord="yes">
    <S>
      <sn arg="arg0" coreftype="ident" elliptic="yes" entity="entity1" entityref="spec" func="suj" tem="agt"/>
      <grup.verb>
        <v lem="resaltar" lss="A21.transitive-agentive-patient" mood="indicative" num="s" person="3" pos="vmis3s0" postype="main" tense="past" wd="Resaltó"/>
      </grup.verb>
      <sn arg="arg1" entityref="nne" func="cd" tem="pat">
        <spec arg="arg1" gen="f" num="s" tem="tem">
          <d coreftype="ident" entity="entity4" entityref="nne" gen="c" lem="su" num="s" person="3" pos="dp3cs0" postype="possessive" wd="su"/>
        </spec>
        <grup.nom gen="f" num="s">
          <n gen="f" lem="importancia" lexicalid="noun.importancia.1.default" num="s" origin="deverbal" pos="ncfs000" postype="common" sense="16:04025511" wd="importancia"/>
        </grup.nom>
      </sn>
    </S>
    <conj conjunctiontype="coordinating">
      <c lem="y" pos="cc" postype="coordinating" wd="y"/>
    </conj>
    <S>
      <sn arg="arg0" coreftype="ident" elliptic="yes" entity="entity1" entityref="spec" func="suj" tem="agt"/>
      <grup.verb>
        <v lem="recordar" lss="A21.transitive-agentive-patient" mood="indicative" num="s" person="3" pos="vmis3s0" postype="main" tense="past" wd="recordó"/>
      </grup.verb>
      <S arg="arg1" clausetype="completive" func="cd" tem="pat">
        <conj conjunctiontype="subordinating">
          <c lem="que" pos="cs" postype="subordinating" wd="que"/>
        </conj>
        <sn arg="arg1" entityref="nne" func="suj" homophoricDD="yes" tem="tem">
          <spec gen="f" num="s">
            <d gen="f" lem="el" num="s" pos="da0fs0" postype="article" wd="la"/>
          </spec>
          <grup.nom gen="f" num="s">
            <n gen="f" lem="redacción" lexicalid="noun.redacción.1.default" num="s" origin="deverbal" pos="ncfs000" postype="common" sense="16:04844438" wd="redacción"/>
            <sp arg="arg1" func="cn" tem="pat">
              <prep>
                <s contracted="yes" gen="m" lem="del" num="s" pos="spcms" postype="preposition" wd="del"/>
              </prep>
              <sn coreftype="ident" entity="entity6" entityref="ne" ne="other">
                <grup.nom gen="m" num="s">
                  <n gen="m" lem="texto" num="s" pos="ncms000" postype="common" sense="16:04816275" wd="texto"/>
                  <s.a gen="m" num="s">
                    <grup.a gen="m" num="s">
                      <a gen="c" lem="constitucional" num="s" pos="aq0cs0" postype="qualificative" wd="constitucional"/>
                    </grup.a>
                  </s.a>
                </grup.nom>
              </sn>
            </sp>
          </grup.nom>
        </sn>
        <f lem="&quot;" pos="fe" punct="quotation" wd="&quot;"/>
        <grup.verb>
          <v lem="empezar" lss="C11.state-existential" mood="indicative" num="s" person="3" pos="vmis3s0" postype="main" tense="past" wd="empezó"/>
        </grup.verb>
        <sp arg="argM" func="cc" tem="adv">
          <prep>
            <s lem="con" pos="sps00" postype="preposition" wd="con"/>
          </prep>
          <sn entity="entity7" entityref="nne">
            <spec gen="m" num="s">
              <d gen="m" lem="uno" num="s" pos="di0ms0" postype="indefinite" wd="un"/>
            </spec>
            <grup.nom discid="1n" gen="m" num="s">
              <s.a gen="m" num="s">
                <grup.a gen="m" num="s">
                  <a gen="c" lem="gran" num="s" pos="aq0cs0" postype="qualificative" wd="gran"/>
                </grup.a>
              </s.a>
              <n gen="m" lem="pacto" num="s" pos="ncms000" postype="common" sense="16:05074858" wd="pacto"/>
              <s.a gen="m" num="s">
                <grup.a gen="m" num="s">
                  <n lem="PSOE-UCD" ne="organization" pos="np0000o" postype="proper" sense="16:cs1" wd="PSOE-UCD"/>
                </grup.a>
              </s.a>
            </grup.nom>
          </sn>
        </sp>
        <sadv arg="argM" func="cc" tem="tmp">
          <grup.adv>
            <r lem="entonces" pos="rg" wd="entonces"/>
          </grup.adv>
        </sadv>
        <S clausetype="relative" coord="yes" discid="1c">
          <f lem="," pos="fc" punct="comma" wd=","/>
          <S clausetype="relative">
            <relatiu arg="arg1" coreftype="ident" entity="entity7" entityref="nne" func="suj" tem="pat">
              <p gen="c" lem="que" num="c" pos="pr0cn000" postype="relative" wd="que"/>
            </relatiu>
            <sadv func="mod">
              <grup.adv>
                <r lem="también" pos="rg" wd="también"/>
              </grup.adv>
            </sadv>
            <grup.verb>
              <v lem="ser" mood="indicative" num="s" person="3" pos="vsis3s0" postype="semiauxiliary" tense="past" wd="fue"/>
              <sadv arg="argM" func="cc" tem="adv">
                <grup.adv>
                  <r lem="mucho" pos="rg" wd="muy"/>
                </grup.adv>
              </sadv>
              <v gen="m" lem="criticar" lss="B22.unaccusative-passive-transitive" mood="participle" num="s" pos="vmp00sm" postype="main" wd="criticado"/>
            </grup.verb>
            <f lem="," pos="fc" punct="comma" wd=","/>
          </S>
          <conj conjunctiontype="coordinating">
            <c lem="pero" pos="cc" postype="coordinating" wd="pero"/>
          </conj>
          <S clausetype="relative" coord="yes">
            <S clausetype="relative">
              <relatiu arg="arg1" coreftype="ident" entity="entity7" entityref="nne" func="suj" tem="tem">
                <p gen="c" lem="que" num="c" pos="pr0cn000" postype="relative" wd="que"/>
              </relatiu>
              <grup.verb>
                <v lem="suponer" lss="C21.state-attributive" mood="indicative" num="s" person="3" pos="vmis3s0" postype="main" tense="past" wd="supuso"/>
              </grup.verb>
              <sn arg="arg2" entityref="lex" func="cd" functype="quantitative" tem="atr">
                <spec gen="f" num="s">
                  <d gen="f" lem="el" num="s" pos="da0fs0" postype="article" wd="la"/>
                </spec>
                <grup.nom discid="2n" gen="f" num="s">
                  <n gen="f" lem="ruptura" lexicalid="noun.ruptura.1.default" num="s" origin="deverbal" pos="ncfs000" postype="common" sense="16:00247097" wd="ruptura"/>
                </grup.nom>
              </sn>
              <sadv arg="argM" func="cc" tem="tmp">
                <grup.adv>
                  <r lem="ya" pos="rg" wd="ya"/>
                </grup.adv>
              </sadv>
              <sp discid="2c">
                <prep>
                  <s contracted="yes" gen="m" lem="del" num="s" pos="spcms" postype="preposition" wd="del"/>
                </prep>
                <sn entityref="lex">
                  <grup.nom gen="m" num="s">
                    <n gen="m" lem="iceberg" num="s" pos="ncms000" postype="common" sense="16:06748290" wd="iceberg"/>
                  </grup.nom>
                </sn>
              </sp>
            </S>
            <conj conjunctiontype="coordinating">
              <c lem="y" pos="cc" postype="coordinating" wd="y"/>
            </conj>
            <S clausetype="relative">
              <sp arg="arg2" func="cc" tem="loc">
                <prep>
                  <s contracted="yes" gen="m" lem="al" num="s" pos="spcms" postype="preposition" wd="al"/>
                </prep>
                <sn coreftype="ident" entity="entity7" entityref="nne">
                  <grup.nom gen="m" num="s">
                    <relatiu>
                      <p gen="c" lem="que" num="c" pos="pr0cn000" postype="relative" wd="que"/>
                    </relatiu>
                  </grup.nom>
                </sn>
              </sp>
              <sadv arg="argM" func="cc" tem="tmp">
                <grup.adv>
                  <r lem="luego" pos="rg" wd="luego"/>
                </grup.adv>
              </sadv>
              <morfema.pronominal>
                <p gen="c" lem="él" num="c" person="3" pos="p0300000" wd="se"/>
              </morfema.pronominal>
              <grup.verb>
                <v lem="ir" mood="indicative" num="p" person="3" pos="vmis3p0" postype="main" tense="past" wd="fueron"/>
                <gerundi>
                  <v lem="sumar" lss="D11.inergative-agentive" mood="gerund" pos="vmg0000" postype="main" wd="sumando"/>
                </gerundi>
              </grup.verb>
              <f lem="&quot;" pos="fe" punct="quotation" wd="&quot;"/>
              <sn arg="arg0" entityref="nne" func="suj" homophoricDD="yes" tem="agt">
                <spec gen="m" num="s">
                  <d gen="m" lem="el" num="s" pos="da0ms0" postype="article" wd="el"/>
                </spec>
                <grup.nom gen="m" num="s">
                  <n gen="m" lem="resto" num="s" pos="ncms000" postype="common" sense="16:09947291" wd="resto"/>
                  <sp>
                    <prep>
                      <s lem="de" pos="sps00" postype="preposition" wd="de"/>
                    </prep>
                    <sn>
                      <grup.nom gen="m" num="p">
                        <n gen="m" lem="partido" num="p" pos="ncmp000" postype="common" sense="16:06131180" wd="partidos"/>
                      </grup.nom>
                    </sn>
                  </sp>
                </grup.nom>
              </sn>
            </S>
          </S>
        </S>
      </S>
    </S>
    <f lem="." pos="fp" punct="period" wd="."/>
  </sentence>
  <sentence>
    <S arg="arg1" clausetype="completive" func="cd" tem="pat">
      <f lem="&quot;" pos="fe" punct="quotation" wd="&quot;"/>
      <grup.verb>
        <v lem="haber" lss="C11.state-existential" mood="indicative" num="s" person="3" pos="vaip3s0" postype="auxiliary" tense="present" wd="Hay"/>
      </grup.verb>
      <sn arg="arg1" entity="entity8" entityref="nne" func="cd" functype="quantitative" tem="tem">
        <spec gen="m" num="s">
          <d gen="m" lem="uno" num="s" pos="di0ms0" postype="indefinite" wd="un"/>
        </spec>
        <grup.nom gen="m" num="s">
          <n gen="m" lem="momento" num="s" pos="ncms000" postype="common" sense="16:10898122" wd="momento"/>
          <S clausetype="relative">
            <sp arg="argM" func="cc" tem="tmp">
              <prep>
                <s lem="en" pos="sps00" postype="preposition" wd="en"/>
              </prep>
              <relatiu coreftype="ident" entity="entity8" entityref="nne">
                <p gen="c" lem="que" num="c" pos="pr0cn000" postype="relative" wd="que"/>
              </relatiu>
            </sp>
            <sn arg="arg1" entity="entity9" entityref="nne" func="cd" homophoricDD="yes" repetition="yes" tem="pat">
              <spec gen="f" num="p">
                <d gen="f" lem="el" num="p" pos="da0fp0" postype="article" wd="las"/>
              </spec>
              <grup.nom gen="f" num="p">
                <n gen="f" lem="cosa" num="p" pos="ncfp000" postype="common" sense="16:03495843" wd="cosas"/>
              </grup.nom>
            </sn>
            <sn arg="arg1" coreftype="ident" entity="entity9" entityref="nne" func="cd" repetition="yes" tem="pat">
              <grup.nom gen="f" num="p">
                <p case="accusative" gen="f" lem="él" num="p" person="3" pos="pp3fpa00" postype="personal" wd="las"/>
              </grup.nom>
            </sn>
            <grup.verb>
              <v lem="tener" mood="indicative" num="p" person="3" pos="vmip3p0" postype="main" tense="present" wd="tienen"/>
              <c lem="que" pos="cs" postype="subordinating" wd="que"/>
              <infinitiu>
                <v lem="hacer" lss="A21.transitive-agentive-patient" mood="infinitive" pos="vmn0000" postype="main" wd="hacer"/>
              </infinitiu>
            </grup.verb>
            <sn arg="arg0" entityref="nne" func="suj" homophoricDD="yes" tem="agt">
              <spec gen="f" num="p">
                <d gen="f" lem="el" num="p" pos="da0fp0" postype="article" wd="las"/>
              </spec>
              <grup.nom gen="f" num="p">
                <s.a gen="f" num="p">
                  <grup.a gen="f" num="p">
                    <a gen="c" lem="grande" num="p" pos="aq0cp0" postype="qualificative" wd="grandes"/>
                  </grup.a>
                </s.a>
                <n gen="f" lem="fuerza" num="p" pos="ncfp000" postype="common" sense="16:07491804" wd="fuerzas"/>
                <s.a gen="f" num="p">
                  <grup.a gen="f" num="p">
                    <a gen="f" lem="político" num="p" pos="aq0fp0" postype="qualificative" wd="políticas"/>
                  </grup.a>
                </s.a>
              </grup.nom>
            </sn>
          </S>
        </grup.nom>
      </sn>
      <f lem="&quot;" pos="fe" punct="quotation" wd="&quot;"/>
      <f lem="," pos="fc" punct="comma" wd=","/>
    </S>
    <grup.verb>
      <v lem="indicar" lss="A32.ditransitive-patient-benefactive" mood="indicative" num="s" person="3" pos="vmis3s0" postype="main" tense="past" wd="indicó"/>
    </grup.verb>
    <sn arg="arg0" coreftype="ident" entity="entity1" entityref="spec" func="suj" tem="agt">
      <spec gen="m" num="s">
        <d gen="m" lem="el" num="s" pos="da0ms0" postype="article" wd="el"/>
      </spec>
      <grup.nom gen="m" num="s">
        <s.a gen="m" num="s">
          <grup.a gen="m" num="s">
            <a gen="c" lem="ex" num="c" pos="aq0cn0" postype="qualificative" wd="ex"/>
          </grup.a>
        </s.a>
        <n gen="m" lem="diputado" num="s" pos="ncms000" postype="common" sense="16:07211532" wd="diputado"/>
      </grup.nom>
    </sn>
    <f lem="." pos="fp" punct="period" wd="."/>
  </sentence>
  <sentence>
    <S arg="arg1" clausetype="completive" coord="yes" func="cd" tem="pat">
      <f lem="&quot;" pos="fe" punct="quotation" wd="&quot;"/>
      <S clausetype="completive">
        <sn arg="arg1" coreftype="ident" entity="entity7" entityref="nne" func="suj" tem="pat">
          <spec gen="m" num="s">
            <d gen="m" lem="el" num="s" pos="da0ms0" postype="article" wd="El"/>
          </spec>
          <grup.nom gen="m" num="s">
            <n gen="m" lem="problema" num="s" pos="ncms000" postype="common" sense="16:05080756" wd="problema"/>
          </grup.nom>
        </sn>
        <neg func="mod">
          <r lem="no" pos="rn" postype="negative" wd="no"/>
        </neg>
        <morfema.verbal func="pass">
          <p gen="c" lem="él" num="c" pos="p0000000" wd="se"/>
        </morfema.verbal>
        <grup.verb>
          <v lem="poder" mood="indicative" num="s" person="3" pos="vmip3s0" postype="main" tense="present" wd="puede"/>
          <infinitiu>
            <v lem="comparar" lss="B22.unaccusative-passive-transitive" mood="infinitive" pos="vmn0000" postype="main" wd="comparar"/>
          </infinitiu>
        </grup.verb>
        <sp arg="arg2" func="creg" tem="tem">
          <prep>
            <s lem="con" pos="sps00" postype="preposition" wd="con"/>
          </prep>
          <sn coreftype="ident" entity="entity4" entityref="nne">
            <grup.nom gen="m" num="s">
              <p case="accusative" gen="m" lem="él" num="s" person="3" pos="pp3msa00" postype="personal" wd="lo"/>
              <sp>
                <prep>
                  <s lem="de" pos="sps00" postype="preposition" wd="de"/>
                </prep>
                <sadv>
                  <grup.adv>
                    <r lem="ahora" pos="rg" wd="ahora"/>
                  </grup.adv>
                </sadv>
              </sp>
            </grup.nom>
          </sn>
        </sp>
        <f lem="," pos="fc" punct="comma" wd=","/>
      </S>
      <conj conjunctiontype="coordinating">
        <c lem="pero" pos="cc" postype="coordinating" wd="pero"/>
      </conj>
      <S clausetype="completive">
        <sn arg="arg1" coreftype="ident" elliptic="yes" entity="entity7" entityref="nne" func="suj" tem="tem"/>
        <sn arg="arg2" coreftype="ident" entity="entity1" entityref="spec" func="cd" functype="quantitative" tem="atr">
          <grup.nom num="s">
            <p gen="c" lem="yo" num="s" person="1" pos="pp1cs000" postype="personal" wd="me"/>
          </grup.nom>
        </sn>
        <grup.verb>
          <v lem="recordar" lss="C21.state-attributive" mood="indicative" num="s" person="3" pos="vmip3s0" postype="main" tense="present" wd="recuerda"/>
        </grup.verb>
        <sadv arg="argM" func="cc" tem="adv">
          <grup.adv>
            <r lem="mucho" pos="rg" wd="mucho"/>
          </grup.adv>
        </sadv>
        <S arg="argM" clausetype="adverbial" coord="yes" func="cc" tem="cau">
          <conj conjunctiontype="subordinating">
            <c lem="porque" pos="cs" postype="subordinating" wd="porque"/>
          </conj>
          <S clausetype="adverbial">
            <morfema.verbal func="pass">
              <p gen="c" lem="se" num="c" pos="p0000000" wd="se"/>
            </morfema.verbal>
            <grup.verb>
              <v lem="armar" lss="B22.unaccusative-passive-transitive" mood="indicative" num="s" person="3" pos="vmis3s0" postype="main" tense="past" wd="armó"/>
            </grup.verb>
            <sn arg="arg1" entityref="nne" func="suj" tem="pat">
              <spec gen="m" num="s">
                <d gen="m" lem="mucho" num="s" pos="di0ms0" postype="indefinite" wd="mucho"/>
              </spec>
              <grup.nom gen="m" num="s">
                <n gen="m" lem="follón" num="s" pos="ncms000" postype="common" sense="16:00361442" wd="follón"/>
              </grup.nom>
            </sn>
          </S>
          <conj conjunctiontype="coordinating">
            <c lem="y" pos="cc" postype="coordinating" wd="y"/>
          </conj>
          <S clausetype="adverbial" coord="yes">
            <S clausetype="adverbial">
              <morfema.pronominal>
                <p gen="c" lem="él" num="c" person="3" pos="p0300000" wd="se"/>
              </morfema.pronominal>
              <grup.verb>
                <v lem="mantener" lss="B21.unaccusative-state" mood="indicative" num="p" person="3" pos="vmis3p0" postype="main" tense="past" wd="mantuvieron"/>
              </grup.verb>
              <sn arg="arg1" coreftype="ident" entity="entity10" entityref="spec" func="suj" tem="tem">
                <spec gen="m" num="p">
                  <d gen="m" lem="el" num="p" pos="da0mp0" postype="article" wd="los"/>
                  <d gen="c" lem="dos" num="p" pos="dn0cp0" postype="numeral" wd="dos"/>
                </spec>
                <grup.nom gen="m" num="p">
                  <n gen="m" lem="partido" num="p" pos="ncmp000" postype="common" sense="16:06131180" wd="partidos"/>
                </grup.nom>
              </sn>
              <S arg="argM" clausetype="participle" func="cpred" impersonal="yes" predicate="suj" tem="atr">
                <participi>
                  <a gen="m" lem="unido" num="p" pos="aq0mpp" posfunction="participle" postype="qualificative" wd="unidos"/>
                </participi>
              </S>
            </S>
            <conj conjunctiontype="coordinating">
              <c lem="y" pos="cc" postype="coordinating" wd="y"/>
            </conj>
            <S clausetype="adverbial">
              <morfema.pronominal>
                <p gen="c" lem="él" num="c" person="3" pos="p0300000" wd="se"/>
              </morfema.pronominal>
              <grup.verb>
                <v lem="integrar" lss="A31.ditransitive-patient-locative" mood="indicative" num="p" person="3" pos="vmis3p0" postype="main" tense="past" wd="integraron"/>
              </grup.verb>
              <sn arg="arg0" entityref="nne" func="suj" tem="agt">
                <spec gen="m" num="p">
                  <d gen="m" lem="el" num="p" pos="da0mp0" postype="article" wd="los"/>
                </spec>
                <grup.nom gen="m" num="p">
                  <S clausetype="relative">
                    <relatiu arg="arg0" func="suj" tem="agt">
                      <p gen="c" lem="que" num="c" pos="pr0cn000" postype="relative" wd="que"/>
                    </relatiu>
                    <morfema.pronominal>
                      <p gen="c" lem="él" num="c" person="3" pos="p0300000" wd="se"/>
                    </morfema.pronominal>
                    <grup.verb>
                      <v lem="querer" lss="A21.transitive-agentive-patient" mood="indicative" num="p" person="3" pos="vmis3p0" postype="main" tense="past" wd="quisieron"/>
                    </grup.verb>
                    <S arg="arg1" clausetype="completive" func="cd" impersonal="yes" tem="pat">
                      <infinitiu>
                        <v lem="integrar" lss="A31.ditransitive-patient-locative" mood="infinitive" pos="vmn0000" postype="main" wd="integrar"/>
                      </infinitiu>
                    </S>
                  </S>
                </grup.nom>
              </sn>
            </S>
          </S>
        </S>
      </S>
      <f lem="&quot;" pos="fe" punct="quotation" wd="&quot;"/>
      <f lem="," pos="fc" punct="comma" wd=","/>
    </S>
    <grup.verb>
      <v lem="agregar" lss="A21.transitive-agentive-patient" mood="indicative" num="s" person="3" pos="vmis3s0" postype="main" tense="past" wd="agregó"/>
    </grup.verb>
    <sn arg="arg0" coreftype="ident" elliptic="yes" entity="entity1" entityref="spec" func="suj" tem="agt"/>
    <f lem="." pos="fp" punct="period" wd="."/>
  </sentence>
  <sentence>
    <sp arg="argM" func="cc" tem="adv">
      <prep>
        <s lem="a_juicio_del" pos="sps00" postype="preposition" wd="A_juicio_del"/>
      </prep>
      <sn coreftype="ident" entity="entity1" entityref="spec">
        <grup.nom gen="m" num="s">
          <s.a gen="m" num="s">
            <grup.a gen="m" num="s">
              <a gen="c" lem="ex" num="c" pos="aq0cn0" postype="qualificative" wd="ex"/>
            </grup.a>
          </s.a>
          <n gen="c" lem="ponente" num="s" pos="nccs000" postype="common" sense="16:cs1" wd="ponente"/>
          <sp>
            <prep>
              <s lem="de" pos="sps00" postype="preposition" wd="de"/>
            </prep>
            <sn coreftype="ident" entity="entity6" entityref="ne" ne="other">
              <spec gen="f" num="s">
                <d gen="f" lem="el" num="s" pos="da0fs0" postype="article" wd="la"/>
              </spec>
              <grup.nom gen="f" num="s">
                <n lem="Constitución" ne="other" pos="np0000a" postype="proper" sense="16:cs1" wd="Constitución"/>
              </grup.nom>
            </sn>
          </sp>
        </grup.nom>
      </sn>
      <f lem="," pos="fc" punct="comma" wd=","/>
    </sp>
    <f lem="&quot;" pos="fe" punct="quotation" wd="&quot;"/>
    <sn arg="arg1" func="suj" tem="tem">
      <spec gen="f" num="s">
        <d gen="f" lem="el" num="s" pos="da0fs0" postype="article" wd="la"/>
      </spec>
      <grup.nom gen="f" num="s">
        <s.a gen="f" num="s">
          <grup.a gen="f" num="s">
            <a gen="c" lem="gran" num="s" pos="aq0cs0" postype="qualificative" wd="gran"/>
          </grup.a>
        </s.a>
        <n gen="f" lem="asignatura" num="s" pos="ncfs000" postype="common" sense="16:cs1" wd="asignatura"/>
        <s.a gen="f" num="s">
          <grup.a gen="f" num="s">
            <a gen="c" lem="pendiente" num="s" pos="aq0cs0" postype="qualificative" wd="pendiente"/>
          </grup.a>
        </s.a>
        <sn>
          <f lem="," pos="fc" punct="comma" wd=","/>
          <spec gen="m" num="s">
            <d gen="m" lem="el" num="s" pos="da0ms0" postype="article" wd="el"/>
          </spec>
          <grup.nom gen="m" num="s">
            <s.a func="cn" gen="m" num="s">
              <grup.a gen="m" num="s">
                <a gen="c" lem="gran" num="s" pos="aq0cs0" postype="qualificative" wd="gran"/>
              </grup.a>
            </s.a>
            <n gen="m" lem="reto" lexicalid="noun.reto.1.default" num="s" origin="deverbal" pos="ncms000" postype="common" sense="16:05399907" wd="reto"/>
          </grup.nom>
          <f lem="," pos="fc" punct="comma" wd=","/>
        </sn>
      </grup.nom>
    </sn>
    <grup.verb>
      <v lem="ser" lss="C21.state-attributive" mood="indicative" num="s" person="3" pos="vsip3s0" postype="semiauxiliary" tense="present" wd="es"/>
    </grup.verb>
    <sn arg="arg2" entityref="nne" func="atr" homophoricDD="yes" tem="atr">
      <spec gen="m" num="s">
        <d gen="m" lem="el" num="s" pos="da0ms0" postype="article" wd="el"/>
      </spec>
      <grup.nom gen="m" num="s">
        <S clausetype="completive" impersonal="yes">
          <infinitiu>
            <v lem="ahormar" lss="A21.transitive-agentive-patient" mood="infinitive" pos="vmn0000" postype="main" wd="ahormar"/>
          </infinitiu>
          <sn arg="arg1" entity="entity11" entityref="nne" func="cd" tem="pat">
            <spec gen="m" num="s">
              <d gen="m" lem="todo" num="s" pos="di0ms0" postype="indefinite" wd="todo"/>
              <d gen="m" lem="el" num="s" pos="da0ms0" postype="article" wd="el"/>
            </spec>
            <grup.nom gen="m" num="s">
              <n gen="m" lem="sistema" num="s" pos="ncms000" postype="common" sense="16:03459836" wd="sistema"/>
              <sp>
                <prep>
                  <s lem="de" pos="sps00" postype="preposition" wd="de"/>
                </prep>
                <sn entity="entity12" entityref="nne" homophoricDD="yes">
                  <spec gen="f" num="p">
                    <d gen="f" lem="el" num="p" pos="da0fp0" postype="article" wd="las"/>
                  </spec>
                  <grup.nom gen="f" num="p">
                    <n gen="f" lem="autonomía" num="p" pos="ncfp000" postype="common" sense="16:cs1" wd="autonomías"/>
                  </grup.nom>
                </sn>
              </sp>
            </grup.nom>
          </sn>
          <f lem="&quot;" pos="fe" punct="quotation" wd="&quot;"/>
          <sp arg="argM" func="cc" tem="adv">
            <prep>
              <s lem="en" pos="sps00" postype="preposition" wd="en"/>
            </prep>
            <sn entityref="nne" homophoricDD="yes">
              <spec gen="m" num="s">
                <d gen="m" lem="el" num="s" pos="da0ms0" postype="article" wd="el"/>
              </spec>
              <grup.nom gen="m" num="s">
                <n gen="m" lem="desarrollo" lexicalid="noun.desarrollo.1.default" num="s" origin="deverbal" pos="ncms000" postype="common" sense="16:10348212" wd="desarrollo"/>
                <sp arg="arg1" func="cn" tem="tem">
                  <prep>
                    <s lem="de" pos="sps00" postype="preposition" wd="de"/>
                  </prep>
                  <sn coreftype="ident" entity="entity6" entityref="ne" ne="other">
                    <spec gen="f" num="s">
                      <d gen="f" lem="el" num="s" pos="da0fs0" postype="article" wd="la"/>
                    </spec>
                    <grup.nom gen="f" num="s">
                      <n lem="Carta_Magna" ne="other" pos="np0000a" postype="proper" sense="16:cs1" wd="Carta_Magna"/>
                    </grup.nom>
                  </sn>
                </sp>
              </grup.nom>
            </sn>
          </sp>
        </S>
      </grup.nom>
    </sn>
    <f lem="." pos="fp" punct="period" wd="."/>
  </sentence>
  <sentence>
    <sadv func="et">
      <grup.adv>
        <r lem="no_obstante" pos="rg" wd="No_obstante"/>
      </grup.adv>
      <f lem="," pos="fc" punct="comma" wd=","/>
    </sadv>
    <sn arg="arg0" coreftype="ident" elliptic="yes" entity="entity1" entityref="spec" func="suj" tem="agt"/>
    <grup.verb>
      <v lem="decir" lss="A32.ditransitive-patient-benefactive" mood="indicative" num="s" person="3" pos="vmis3s0" postype="main" tense="past" wd="dijo"/>
    </grup.verb>
    <S arg="arg1" clausetype="completive" coord="yes" func="cd" tem="pat">
      <conj conjunctiontype="subordinating">
        <c lem="que" pos="cs" postype="subordinating" wd="que"/>
      </conj>
      <S clausetype="completive">
        <f lem="&quot;" pos="fe" punct="quotation" wd="&quot;"/>
        <sn arg="arg1" entityref="nne" func="suj" homophoricDD="yes" tem="tem">
          <spec gen="f" num="p">
            <d gen="f" lem="el" num="p" pos="da0fp0" postype="article" wd="las"/>
          </spec>
          <grup.nom gen="f" num="p">
            <n gen="f" lem="condición" num="p" pos="ncfp000" postype="common" sense="16:10032130" wd="condiciones"/>
            <sp>
              <prep>
                <s lem="para" pos="sps00" postype="preposition" wd="para"/>
              </prep>
              <S clausetype="completive" impersonal="yes">
                <infinitiu>
                  <v lem="tocar" lss="A21.transitive-agentive-patient" mood="infinitive" pos="vmn0000" postype="main" wd="tocar"/>
                </infinitiu>
                <sn arg="arg1" coreftype="ident" entity="entity11" entityref="nne" func="cd" homophoricDD="yes" tem="pat">
                  <spec gen="m" num="s">
                    <d gen="m" lem="el" num="s" pos="da0ms0" postype="article" wd="el"/>
                  </spec>
                  <grup.nom gen="m" num="s">
                    <n gen="m" lem="tema" num="s" pos="ncms000" postype="common" sense="16:04950638" wd="tema"/>
                    <s.a gen="m" num="s">
                      <grup.a gen="m" num="s">
                        <a gen="m" lem="autonómico" num="s" pos="aq0ms0" postype="qualificative" wd="autonómico"/>
                      </grup.a>
                    </s.a>
                  </grup.nom>
                </sn>
              </S>
            </sp>
          </grup.nom>
        </sn>
        <neg func="mod">
          <r lem="no" pos="rn" postype="negative" wd="no"/>
        </neg>
        <morfema.pronominal>
          <p gen="c" lem="él" num="c" person="3" pos="p0300000" wd="se"/>
        </morfema.pronominal>
        <grup.verb>
          <v lem="dar" lss="C11.state-existential" mood="indicative" num="p" person="3" pos="vmip3p0" postype="main" tense="present" wd="dan"/>
        </grup.verb>
        <sp arg="argM" func="cc" tem="tmp">
          <prep>
            <s lem="en" pos="sps00" postype="preposition" wd="en"/>
          </prep>
          <sn entityref="nne">
            <spec gen="m" num="p">
              <d gen="m" lem="este" num="p" pos="dd0mp0" postype="demonstrative" wd="estos"/>
            </spec>
            <grup.nom gen="m" num="p">
              <n gen="m" lem="momento" num="p" pos="ncmp000" postype="common" sense="16:10898122" wd="momentos"/>
            </grup.nom>
          </sn>
        </sp>
        <f lem="&quot;" pos="fe" punct="quotation" wd="&quot;"/>
      </S>
      <conj conjunctiontype="coordinating">
        <c lem="y" pos="cc" postype="coordinating" wd="y"/>
      </conj>
      <S clausetype="completive">
        <sadv func="ao">
          <grup.adv>
            <f lem="&quot;" pos="fe" punct="quotation" wd="&quot;"/>
            <r lem="en_cierto_modo" pos="rg" wd="en_cierto_modo"/>
            <f lem="&quot;" pos="fe" punct="quotation" wd="&quot;"/>
          </grup.adv>
        </sadv>
        <inc>
          <S>
            <f lem="-" pos="fg" punct="hyphen" wd="-"/>
            <grup.verb>
              <v lem="admitir" lss="A21.transitive-agentive-patient" mood="indicative" num="s" person="3" pos="vmis3s0" postype="main" tense="past" wd="admitió"/>
            </grup.verb>
            <sn arg="arg0" coreftype="ident" elliptic="yes" entity="entity1" entityref="spec" func="suj" tem="agt"/>
            <f lem="-" pos="fg" punct="hyphen" wd="-"/>
          </S>
        </inc>
        <f lem="&quot;" punct="quotation" wd="&quot;"/>
        <sn arg="arg0" entityref="nne" func="suj" homophoricDD="yes" tem="agt">
          <spec gen="f" num="s">
            <d gen="f" lem="el" num="s" pos="da0fs0" postype="article" wd="la"/>
          </spec>
          <grup.nom gen="f" num="s">
            <n gen="f" lem="violencia" lexicalid="noun.violencia.1.default" num="s" origin="deverbal" pos="ncfs000" postype="common" sense="16:00619852" wd="violencia"/>
            <s.a arg="arg0" func="cn" gen="f" num="s" tem="agt">
              <grup.a gen="f" num="s">
                <a gen="c" lem="terrorista" num="s" pos="aq0cs0" postype="qualificative" wd="terrorista"/>
              </grup.a>
            </s.a>
          </grup.nom>
        </sn>
        <grup.verb>
          <v lem="estar" mood="indicative" num="s" person="3" pos="vmip3s0" postype="main" tense="present" wd="está"/>
          <gerundi>
            <v lem="impedir" lss="A21.transitive-agentive-patient" mood="gerund" pos="vmg0000" postype="main" wd="impidiendo"/>
          </gerundi>
        </grup.verb>
        <sn arg="arg1" entityref="nne" func="cd" homophoricDD="yes" tem="pat">
          <spec gen="f" num="s">
            <d gen="f" lem="el" num="s" pos="da0fs0" postype="article" wd="la"/>
          </spec>
          <grup.nom gen="f" num="s">
            <n gen="f" lem="reforma" lexicalid="noun.reforma.2.default" num="s" origin="deverbal" pos="ncfs000" postype="common" sense="16:00510453" wd="reforma"/>
            <s.a arg="arg1" func="cn" gen="f" num="s" tem="tem">
              <grup.a gen="f" num="s">
                <a gen="c" lem="constitucional" num="s" pos="aq0cs0" postype="qualificative" wd="constitucional"/>
              </grup.a>
            </s.a>
            <s.a func="cn" gen="f" num="s">
              <grup.a gen="f" num="s">
                <a gen="f" lem="necesario" num="s" pos="aq0fs0" postype="qualificative" wd="necesaria"/>
                <sp coord="yes">
                  <sp>
                    <prep>
                      <s lem="para" pos="sps00" postype="preposition" wd="para"/>
                    </prep>
                    <S clausetype="completive" impersonal="yes">
                      <infinitiu>
                        <v lem="encajar" lss="A21.transitive-agentive-patient" mood="infinitive" pos="vmn0000" postype="main" wd="encajar"/>
                      </infinitiu>
                      <sn arg="arg1" coreftype="ident" entity="entity11" entityref="nne" func="cd" homophoricDD="yes" tem="pat">
                        <spec gen="m" num="s">
                          <d gen="m" lem="el" num="s" pos="da0ms0" postype="article" wd="el"/>
                        </spec>
                        <grup.nom gen="m" num="s">
                          <n gen="m" lem="estado" lexicalid="noun.estado.1.default" num="s" origin="deverbal" pos="ncms000" postype="common" sense="16:00016185" wd="estado"/>
                          <sp arg="arg1" func="cn" tem="tem">
                            <prep>
                              <s lem="de" pos="sps00" postype="preposition" wd="de"/>
                            </prep>
                            <sn coreftype="ident" entity="entity12" entityref="nne" homophoricDD="yes">
                              <spec gen="f" num="p">
                                <d gen="f" lem="el" num="p" pos="da0fp0" postype="article" wd="las"/>
                              </spec>
                              <grup.nom gen="f" num="p">
                                <n gen="f" lem="autonomía" num="p" pos="ncfp000" postype="common" sense="16:cs1" wd="autonomías"/>
                              </grup.nom>
                            </sn>
                          </sp>
                        </grup.nom>
                      </sn>
                    </S>
                  </sp>
                  <conj conjunctiontype="coordinating">
                    <c lem="y" pos="cc" postype="coordinating" wd="y"/>
                  </conj>
                  <sp>
                    <prep>
                      <s lem="para" pos="sps00" postype="preposition" wd="para"/>
                    </prep>
                    <S clausetype="completive" impersonal="yes">
                      <infinitiu>
                        <v lem="reformar" lss="A11.transitive-causative" mood="infinitive" pos="vmn0000" postype="main" wd="reformar"/>
                      </infinitiu>
                      <sn arg="arg1" entityref="ne" func="cd" ne="organization" tem="tem">
                        <spec gen="m" num="s">
                          <d gen="m" lem="el" num="s" pos="da0ms0" postype="article" wd="el"/>
                        </spec>
                        <grup.nom gen="m" num="s">
                          <n lem="Senado" ne="organization" pos="np0000o" postype="proper" sense="16:cs1" wd="Senado"/>
                        </grup.nom>
                      </sn>
                      <sp arg="argM" func="cpred" predicate="cd" tem="atr">
                        <prep>
                          <c lem="como" pos="cs" postype="subordinating" wd="como"/>
                        </prep>
                        <sn>
                          <grup.nom gen="f" num="s">
                            <n gen="f" lem="cámara" num="s" pos="ncfs000" postype="common" sense="16:06070449" wd="cámara"/>
                            <s.a gen="f" num="s">
                              <grup.a gen="f" num="s">
                                <a gen="f" lem="autonómico" num="s" pos="aq0fs0" postype="qualificative" wd="autonómica"/>
                              </grup.a>
                            </s.a>
                          </grup.nom>
                        </sn>
                      </sp>
                    </S>
                  </sp>
                </sp>
              </grup.a>
            </s.a>
          </grup.nom>
        </sn>
        <f lem="&quot;" pos="fe" punct="quotation" wd="&quot;"/>
      </S>
    </S>
    <f lem="." pos="fp" punct="period" wd="."/>
  </sentence>
</article>
