<?xml version="1.0" encoding="UTF-8"?>
<!-- 

  ancora-2.0
       
			Copyright (C) 2007, 2008, 2009, 2010, 2011 UB - CLiC
			Centre de Llenguatge i Computació - Universitat de Barcelona
 
  This file is part of ancora-2.0.
 
  ancora-2.0 is free software and data: you can redistribute it and/or modify
  it under the terms of the GNU General Public License as published
  by the Free Software Foundation, either version 3 of the License,
  or (at your option) any later version.

  ancora-2.0 is distributed in the hope that it will be useful,
  but WITHOUT ANY WARRANTY; without even the implied warranty of
  MERCHANTABILITY or FITNESS FOR A PARTICULAR PURPOSE.  See the
  GNU General Public License for more details.
 
  You should have received a copy of the GNU General Public License
  along with ancora-2.0.  If not, see &lt;http://www.gnu.org/licenses/&gt;.
 
  Check a text in catalan explaining the terms of the license at http://www.softcatala.cat/wiki/GPL3.
  In spanish at http://www.viti.es/gnu/licenses/gpl.html
 

  The following paper must be cited when using this corpus:

 * Taulé, M., M.A. Martí, M. Recasens (2008) 'Ancora: Multilevel Annotated Corpora for Catalan and Spanish',
   Proceedings of 6th International Conference on Language Resources and Evaluation. Marrakesh (Morocco).

  In addition, the following paper must be cited if coreference information (attributes entity, coreftype,
  corefsubtype, homophoricDD or entityref) is used:

 * Recasens, Marta, M. Antònia Martí (2010) ‘AnCora-CO: Coreferentially annotated corpora for Spanish and
   Catalan’. Language Resources and Evaluation, Springer Science.

  Additionally, the following paper must be cited when argumental attributes in "sn" or "grup.nom"
  (attributes func, arg, tem or lexicalid) are used:

 * Peris, Aina, Mariona Taulé, Horacio Rodríguez (2010) ‘Semantic Annotation of Deverbal Nominalizations in the
   Spanish AnCora corpus’. Treebanks and Linguistic Theories (TLT-2010), Estonia.
-->
<article lng="es">
  <sentence>
    <sp arg="argM" func="cc" tem="adv">
      <prep>
        <s lem="por" pos="sps00" postype="preposition" wd="Por"/>
      </prep>
      <sn entity="entity1" entityref="nne">
        <grup.nom gen="f" num="s">
          <s.a gen="f" num="s">
            <grup.a gen="f" num="s">
              <a gen="f" lem="segundo" num="s" pos="ao0fs0" postype="ordinal" wd="segunda"/>
            </grup.a>
          </s.a>
          <n gen="f" lem="ocasión" num="s" pos="ncfs000" postype="common" sense="16:05449233" wd="ocasión"/>
          <sp>
            <prep>
              <s lem="en" pos="sps00" postype="preposition" wd="en"/>
            </prep>
            <sn entityref="nne" homophoricDD="yes">
              <spec gen="m" num="p">
                <d gen="m" lem="el" num="p" pos="da0mp0" postype="article" wd="los"/>
                <a gen="m" lem="último" num="p" pos="ao0mp0" postype="ordinal" wd="últimos"/>
                <d gen="c" lem="tres" num="p" pos="dn0cp0" postype="numeral" wd="tres"/>
              </spec>
              <grup.nom gen="m" num="p">
                <n gen="m" lem="año" num="p" pos="ncmp000" postype="common" sense="16:10917509" wd="años"/>
              </grup.nom>
            </sn>
          </sp>
        </grup.nom>
      </sn>
    </sp>
    <sn arg="arg0" entityref="nne" func="suj" homophoricDD="yes" tem="cau">
      <spec gen="m" num="s">
        <d gen="m" lem="el" num="s" pos="da0ms0" postype="article" wd="el"/>
      </spec>
      <grup.nom gen="m" num="s">
        <n gen="c" lem="fantasma" num="s" pos="nccs000" postype="common" sense="16:04533237" wd="fantasma"/>
        <sp>
          <prep>
            <s lem="de" pos="sps00" postype="preposition" wd="de"/>
          </prep>
          <sn entityref="nne" homophoricDD="yes">
            <spec gen="f" num="p">
              <d gen="f" lem="el" num="p" pos="da0fp0" postype="article" wd="las"/>
            </spec>
            <grup.nom gen="f" num="p">
              <n gen="f" lem="lesión" lexicalid="noun.lesión.1.anticausative" num="p" origin="deverbal" pos="ncfp000" postype="common" sense="16:10257548" wd="lesiones"/>
              <sp arg="arg1" func="cn" tem="tem">
                <prep>
                  <s lem="en" pos="sps00" postype="preposition" wd="en"/>
                </prep>
                <sn entityref="nne" homophoricDD="yes">
                  <spec gen="f" num="p">
                    <d gen="f" lem="el" num="p" pos="da0fp0" postype="article" wd="las"/>
                  </spec>
                  <grup.nom gen="f" num="p">
                    <n gen="f" lem="rodilla" num="p" pos="ncfp000" postype="common" sense="16:04319321" wd="rodillas"/>
                    <sp>
                      <prep>
                        <s lem="de" pos="sps00" postype="preposition" wd="de"/>
                      </prep>
                      <sn entityref="nne" homophoricDD="yes">
                        <spec gen="m" num="p">
                          <d gen="m" lem="el" num="p" pos="da0mp0" postype="article" wd="los"/>
                        </spec>
                        <grup.nom gen="m" num="p">
                          <n gen="m" lem="pelotero" num="p" pos="ncmp000" postype="common" sense="16:07627301" wd="peloteros"/>
                        </grup.nom>
                      </sn>
                    </sp>
                  </grup.nom>
                </sn>
              </sp>
            </grup.nom>
          </sn>
        </sp>
      </grup.nom>
    </sn>
    <grup.verb>
      <v lem="volver" mood="indicative" num="s" person="3" pos="vmis3s0" postype="main" tense="past" wd="volvió"/>
      <s lem="a" pos="sps00" postype="preposition" wd="a"/>
      <infinitiu>
        <v lem="causar" lss="A11.transitive-causative" mood="infinitive" pos="vmn0000" postype="main" wd="causar"/>
      </infinitiu>
    </grup.verb>
    <sn arg="arg1" entityref="lex" func="cd" tem="tem">
      <grup.nom gen="f" num="s">
        <n gen="f" lem="mella" num="s" pos="ncfs000" postype="common" sense="16:10020481" wd="mella"/>
      </grup.nom>
    </sn>
    <sp arg="argM" func="cc" tem="loc">
      <prep>
        <s lem="en" pos="sps00" postype="preposition" wd="en"/>
      </prep>
      <sn entityref="ne" ne="organization">
        <spec gen="m" num="s">
          <d gen="m" lem="el" num="s" pos="da0ms0" postype="article" wd="el"/>
        </spec>
        <grup.nom gen="m" num="s">
          <n gen="m" lem="equipo" num="s" pos="ncms000" postype="common" sense="16:06093198" wd="equipo"/>
          <s.a gen="m" num="s">
            <grup.a gen="m" num="s">
              <a gen="c" lem="titular" num="s" pos="aq0cs0" postype="qualificative" wd="titular"/>
            </grup.a>
          </s.a>
          <sp>
            <prep>
              <s lem="de" pos="sps00" postype="preposition" wd="de"/>
            </prep>
            <sn entity="entity6" entityref="ne" ne="organization">
              <spec gen="m" num="p">
                <d gen="m" lem="el" num="p" pos="da0mp0" postype="article" wd="los"/>
              </spec>
              <grup.nom gen="m" num="p">
                <n lem="Astros_de_Houston" ne="organization" pos="np0000o" postype="proper" sense="16:cs1" wd="Astros_de_Houston"/>
              </grup.nom>
            </sn>
          </sp>
        </grup.nom>
      </sn>
    </sp>
    <f lem="." pos="fp" punct="period" wd="."/>
  </sentence>
  <sentence>
    <sp arg="argM" func="cc" tem="tmp">
      <prep>
        <s lem="en" pos="sps00" postype="preposition" wd="En"/>
      </prep>
      <sn coreftype="ident" entity="entity1" entityref="nne">
        <spec gen="f" num="s">
          <d gen="f" lem="este" num="s" pos="dd0fs0" postype="demonstrative" wd="esta"/>
        </spec>
        <grup.nom gen="f" num="s">
          <n gen="f" lem="ocasión" num="s" pos="ncfs000" postype="common" sense="16:10047274" wd="ocasión"/>
        </grup.nom>
      </sn>
    </sp>
    <sn arg="arg2" coreftype="ident" entity="entity2" entityref="spec" func="ci" repetition="yes" tem="ben">
      <grup.nom num="s">
        <p case="dative" gen="c" lem="él" num="s" person="3" pos="pp3csd00" postype="personal" wd="le"/>
      </grup.nom>
    </sn>
    <grup.verb>
      <v lem="corresponder" lss="C41.state-benefactive" mood="indicative" num="s" person="3" pos="vmis3s0" postype="main" tense="past" wd="correspondió"/>
    </grup.verb>
    <sp arg="arg2" func="ci" repetition="yes" tem="ben">
      <prep>
        <s contracted="yes" gen="m" lem="al" num="s" pos="spcms" postype="preposition" wd="al"/>
      </prep>
      <sn entity="entity2" entityref="ne" ne="person">
        <grup.nom gen="m" num="s">
          <n gen="m" lem="lanzador" num="s" pos="ncms000" postype="common" sense="16:07641053" wd="lanzador"/>
          <s.a gen="m" num="s">
            <grup.a gen="m" num="s">
              <n gen="f" lem="estrella" num="s" pos="ncfs000" postype="common" sense="16:07059467" wd="estrella"/>
            </grup.a>
          </s.a>
          <sn corefsubtype="definit" coreftype="pred" entity="entity2" entityref="ne" ne="person">
            <f lem="," pos="fc" punct="comma" wd=","/>
            <grup.nom gen="m" num="s">
              <n lem="Shane_Reynolds" ne="person" pos="np0000p" postype="proper" sense="16:cs1" wd="Shane_Reynolds"/>
            </grup.nom>
            <f lem="," pos="fc" punct="comma" wd=","/>
          </sn>
          <s.a gen="m" num="s">
            <grup.a gen="m" num="s">
              <a gen="c" lem="integrante" num="s" pos="aq0cs0" postype="qualificative" wd="integrante"/>
              <sp>
                <prep>
                  <s lem="de" pos="sps00" postype="preposition" wd="de"/>
                </prep>
                <sn entityref="ne" ne="other">
                  <spec gen="f" num="s">
                    <d gen="f" lem="el" num="s" pos="da0fs0" postype="article" wd="la"/>
                  </spec>
                  <grup.nom gen="f" num="s">
                    <s.a gen="f" num="s">
                      <grup.a gen="f" num="s">
                        <a gen="f" lem="último" num="s" pos="ao0fs0" postype="ordinal" wd="última"/>
                      </grup.a>
                    </s.a>
                    <n gen="c" lem="edición" num="c" pos="nc00000" postype="common" sense="16:00328496" wd="edición"/>
                    <sp>
                      <prep>
                        <s contracted="yes" gen="m" lem="del" num="s" pos="spcms" postype="preposition" wd="del"/>
                      </prep>
                      <sn entity="entity8" entityref="ne" ne="other">
                        <grup.nom gen="m" num="s">
                          <f lem="&quot;" pos="fe" punct="quotation" wd="&quot;"/>
                          <n lem="Partido_de_las_Estrellas" ne="other" pos="np0000a" postype="proper" sense="16:cs1" wd="Partido_de_las_Estrellas"/>
                          <f lem="&quot;" pos="fe" punct="quotation" wd="&quot;"/>
                        </grup.nom>
                      </sn>
                    </sp>
                  </grup.nom>
                </sn>
              </sp>
            </grup.a>
          </s.a>
        </grup.nom>
      </sn>
      <f lem="," pos="fc" punct="comma" wd=","/>
    </sp>
    <S arg="arg1" clausetype="completive" entity="entity3" func="suj" impersonal="yes" tem="tem">
      <infinitiu>
        <v lem="lesionar" lss="A11.transitive-causative" mood="infinitive" pos="vmn0000" postype="main" wd="lesionarse"/>
      </infinitiu>
      <sn arg="arg1" entityref="nne" func="cd" tem="tem">
        <spec gen="f" num="s">
          <d gen="f" lem="el" num="s" pos="da0fs0" postype="article" wd="la"/>
        </spec>
        <grup.nom gen="f" num="s">
          <n gen="f" lem="rodilla" num="s" pos="ncfs000" postype="common" sense="16:04319321" wd="rodilla"/>
        </grup.nom>
      </sn>
    </S>
    <sn corefsubtype="token" coreftype="dx" entity="entity3" entityref="nne" func="ao">
      <spec gen="m" num="s">
        <d gen="c" lem="el" num="s" pos="da0ns0" postype="article" wd="lo"/>
      </spec>
      <grup.nom gen="m" num="s">
        <S clausetype="relative">
          <relatiu arg="arg0" func="suj" tem="cau">
            <p gen="c" lem="que" num="c" pos="pr0cn000" postype="relative" wd="que"/>
          </relatiu>
          <sp func="ao">
            <prep>
              <s lem="según" pos="sps00" postype="preposition" wd="según"/>
            </prep>
            <sn entityref="nne" homophoricDD="yes">
              <spec gen="m" num="s">
                <d gen="m" lem="el" num="s" pos="da0ms0" postype="article" wd="el"/>
              </spec>
              <grup.nom gen="m" num="s">
                <n gen="m" lem="informe" lexicalid="noun.informe.1.default" num="s" origin="deverbal" pos="ncms000" postype="common" sense="16:05391713" wd="informe"/>
                <s.a arg="arg0" func="cn" gen="m" num="s" tem="agt">
                  <grup.a gen="m" num="s">
                    <a gen="m" lem="médico" num="s" pos="aq0ms0" postype="qualificative" wd="médico"/>
                  </grup.a>
                </s.a>
              </grup.nom>
            </sn>
          </sp>
          <sn arg="arg1" coreftype="ident" entity="entity2" entityref="spec" func="cd" tem="tem">
            <grup.nom gen="m" num="s">
              <p case="accusative" gen="m" lem="él" num="s" person="3" pos="pp3msa00" postype="personal" wd="lo"/>
            </grup.nom>
          </sn>
          <grup.verb>
            <v lem="obligar" lss="A12.ditransitive-causative-state" mood="indicative" num="s" person="3" pos="vmif3s0" postype="main" tense="future" wd="obligará"/>
          </grup.verb>
          <sp arg="arg2" func="creg" tem="efi">
            <prep>
              <s lem="a" pos="sps00" postype="preposition" wd="a"/>
            </prep>
            <S clausetype="completive" impersonal="yes">
              <infinitiu>
                <v lem="perder" lss="A21.transitive-agentive-patient" mood="infinitive" pos="vmn0000" postype="main" wd="perderse"/>
              </infinitiu>
              <sn arg="arg1" entityref="nne" func="cd" homophoricDD="yes" tem="pat">
                <spec gen="m" num="s">
                  <d gen="m" lem="el" num="s" pos="da0ms0" postype="article" wd="el"/>
                </spec>
                <grup.nom gen="m" num="s">
                  <n gen="m" lem="inicio" lexicalid="noun.inicio.3.default" num="s" origin="deverbal" pos="ncms000" postype="common" sense="16:05459242" wd="inicio"/>
                  <sp arg="arg1" func="cn" tem="tem">
                    <prep>
                      <s lem="de" pos="sps00" postype="preposition" wd="de"/>
                    </prep>
                    <sn entityref="nne" homophoricDD="yes">
                      <spec gen="f" num="s">
                        <d gen="f" lem="el" num="s" pos="da0fs0" postype="article" wd="la"/>
                      </spec>
                      <grup.nom gen="f" num="s">
                        <n gen="f" lem="temporada" num="s" pos="ncfs000" postype="common" sense="16:10947841" wd="temporada"/>
                      </grup.nom>
                    </sn>
                  </sp>
                </grup.nom>
              </sn>
            </S>
          </sp>
        </S>
      </grup.nom>
    </sn>
    <f lem="." pos="fp" punct="period" wd="."/>
  </sentence>
  <sentence entity="entity4">
    <sn arg="arg1" coreftype="ident" entity="entity2" entityref="ne" func="suj" ne="person" tem="tem">
      <grup.nom gen="m" num="s">
        <n lem="Reynolds" ne="person" pos="np0000p" postype="proper" sense="16:cs1" wd="Reynolds"/>
        <sp>
          <f lem="," pos="fc" punct="comma" wd=","/>
          <prep>
            <s lem="de" pos="sps00" postype="preposition" wd="de"/>
          </prep>
          <sn>
            <spec gen="m" num="p">
              <z lem="32" ne="number" wd="32"/>
            </spec>
            <grup.nom gen="m" num="p">
              <n gen="m" lem="año" num="p" pos="ncmp000" postype="common" sense="16:10917509" wd="años"/>
              <sp>
                <prep>
                  <s lem="de" pos="sps00" postype="preposition" wd="de"/>
                </prep>
                <sn>
                  <grup.nom gen="f" num="s">
                    <n gen="f" lem="edad" num="s" pos="ncfs000" postype="common" sense="16:03853114" wd="edad"/>
                  </grup.nom>
                </sn>
              </sp>
            </grup.nom>
          </sn>
          <f lem="," pos="fc" punct="comma" wd=","/>
        </sp>
      </grup.nom>
    </sn>
    <grup.verb>
      <v lem="sufrir" lss="C21.state-attributive" mood="indicative" num="s" person="3" pos="vmis3s0" postype="main" tense="past" wd="sufrió"/>
    </grup.verb>
    <sn arg="arg2" entityref="nne" func="cd" functype="quantitative" tem="atr">
      <spec gen="f" num="s">
        <d gen="f" lem="uno" num="s" pos="di0fs0" postype="indefinite" wd="una"/>
      </spec>
      <grup.nom gen="f" num="s">
        <n gen="f" lem="lesión" lexicalid="noun.lesión.1.anticausative" num="s" origin="deverbal" pos="ncfs000" postype="common" sense="16:10257548" wd="lesión"/>
        <sp arg="argM" func="cn" tem="loc">
          <prep>
            <s lem="en" pos="sps00" postype="preposition" wd="en"/>
          </prep>
          <sn entityref="nne" homophoricDD="yes">
            <spec gen="m" num="p">
              <d gen="m" lem="el" num="p" pos="da0mp0" postype="article" wd="los"/>
            </spec>
            <grup.nom gen="m" num="p">
              <n gen="m" lem="menisco" num="p" pos="ncmp000" postype="common" sense="16:cs1" wd="meniscos"/>
              <sp>
                <prep>
                  <s lem="de" pos="sps00" postype="preposition" wd="de"/>
                </prep>
                <sn entityref="nne">
                  <spec gen="f" num="s">
                    <d gen="f" lem="el" num="s" pos="da0fs0" postype="article" wd="la"/>
                  </spec>
                  <grup.nom gen="f" num="s">
                    <n gen="f" lem="pierna" num="s" pos="ncfs000" postype="common" sense="16:04307856" wd="pierna"/>
                    <s.a gen="f" num="s">
                      <grup.a gen="f" num="s">
                        <a gen="f" lem="derecho" num="s" pos="aq0fs0" postype="qualificative" wd="derecha"/>
                      </grup.a>
                    </s.a>
                  </grup.nom>
                </sn>
              </sp>
            </grup.nom>
          </sn>
        </sp>
      </grup.nom>
    </sn>
    <S arg="argM" clausetype="adverbial" func="cc" tem="tmp">
      <conj conjunctiontype="subordinating">
        <c lem="cuando" pos="cs" postype="subordinating" wd="cuando"/>
      </conj>
      <sn arg="arg0" coreftype="ident" elliptic="yes" entity="entity2" entityref="spec" func="suj" tem="agt"/>
      <grup.verb>
        <v lem="realizar" lss="A21.transitive-agentive-patient" mood="indicative" num="s" person="3" pos="vmii3s0" postype="main" tense="imperfect" wd="realizaba"/>
      </grup.verb>
      <sn arg="arg1" entityref="nne" func="cd" tem="pat">
        <grup.nom gen="m" num="p">
          <n gen="m" lem="ejercicio" lexicalid="noun.ejercicio.1.default" num="p" origin="deverbal" pos="ncmp000" postype="common" sense="16:00574902" wd="ejercicios"/>
          <sp func="cn">
            <prep>
              <s lem="de" pos="sps00" postype="preposition" wd="de"/>
            </prep>
            <sn>
              <grup.nom gen="m" num="s">
                <n gen="m" lem="calentamiento" lexicalid="noun.calentamiento.1.default" num="s" origin="deverbal" pos="ncms000" postype="common" sense="16:00742153" wd="calentamiento"/>
              </grup.nom>
            </sn>
          </sp>
        </grup.nom>
      </sn>
    </S>
    <sp arg="argM" func="cc" tem="adv">
      <prep>
        <s lem="por" pos="sps00" postype="preposition" wd="por"/>
      </prep>
      <sn corefsubtype="token" coreftype="dx" entity="entity4" entityref="nne">
        <spec gen="m" num="s">
          <d gen="c" lem="el" num="s" pos="da0ns0" postype="article" wd="lo"/>
        </spec>
        <grup.nom gen="m" num="s">
          <S clausetype="relative">
            <relatiu arg="argM" func="cc" tem="adv">
              <p gen="c" lem="que" num="c" pos="pr0cn000" postype="relative" wd="que"/>
            </relatiu>
            <sn arg="arg1" coreftype="ident" elliptic="yes" entity="entity2" entityref="spec" func="suj" tem="pat"/>
            <grup.verb>
              <v lem="ser" mood="indicative" num="s" person="3" pos="vsif3s0" postype="semiauxiliary" tense="future" wd="será"/>
              <v gen="m" lem="someter" lss="B22.unaccusative-passive-transitive" mood="participle" num="s" pos="vmp00sm" postype="main" wd="sometido"/>
            </grup.verb>
            <sp arg="arg2" func="creg" tem="tem">
              <prep>
                <s lem="a" pos="sps00" postype="preposition" wd="a"/>
              </prep>
              <sn entity="entity14" entityref="nne">
                <spec gen="f" num="s">
                  <d gen="f" lem="uno" num="s" pos="di0fs0" postype="indefinite" wd="una"/>
                </spec>
                <grup.nom gen="f" num="s">
                  <n gen="f" lem="intervención" lexicalid="noun.intervención.4.default" num="s" origin="deverbal" pos="ncfs000" postype="common" sense="16:00436664" wd="intervención"/>
                  <s.a func="cn" gen="f" num="s">
                    <grup.a gen="f" num="s">
                      <a gen="f" lem="quirúrgico" num="s" pos="aq0fs0" postype="qualificative" wd="quirúrgica"/>
                    </grup.a>
                  </s.a>
                  <S clausetype="relative" func="cn">
                    <sn arg="arg0" entityref="nne" func="suj" tem="agt">
                      <relatiu arg="arg2" gen="f" num="s" tem="ein">
                        <p coreftype="ident" entity="entity14" gen="f" lem="cuyo" num="s" pos="pr0fs000" postype="relative" wd="cuya"/>
                      </relatiu>
                      <grup.nom gen="f" num="s">
                        <n gen="f" lem="recuperación" lexicalid="noun.recuperación.1.default" num="s" origin="deverbal" pos="ncfs000" postype="common" sense="16:05521978" wd="recuperación"/>
                      </grup.nom>
                    </sn>
                    <sn arg="arg1" coreftype="ident" entity="entity2" entityref="spec" func="cd" tem="pat">
                      <grup.nom gen="m" num="s">
                        <p case="accusative" gen="m" lem="él" num="s" person="3" pos="pp3msa00" postype="personal" wd="lo"/>
                      </grup.nom>
                    </sn>
                    <grup.verb>
                      <v lem="mantener" lss="A21.transitive-agentive-patient" mood="indicative" num="s" person="3" pos="vmif3s0" postype="main" tense="future" wd="mantendrá"/>
                    </grup.verb>
                    <S arg="argM" clausetype="participle" func="cpred" impersonal="yes" predicate="cd" tem="atr">
                      <participi>
                        <a gen="m" lem="inhabilitado" num="s" pos="aq0msp" posfunction="participle" postype="qualificative" wd="inhabilitado"/>
                      </participi>
                    </S>
                    <sn arg="argM" entityref="nne" func="cc" tem="tmp">
                      <sadv adjunct="yes">
                        <grup.adv>
                          <r lem="por_lo_menos" pos="rg" wd="por_lo_menos"/>
                        </grup.adv>
                      </sadv>
                      <sn>
                        <spec gen="f" num="p">
                          <z lem="12" ne="number" wd="12"/>
                        </spec>
                        <grup.nom gen="f" num="p">
                          <n gen="f" lem="semana" num="p" pos="ncfp000" postype="common" sense="16:10888430" wd="semanas"/>
                        </grup.nom>
                      </sn>
                    </sn>
                  </S>
                </grup.nom>
              </sn>
            </sp>
          </S>
        </grup.nom>
      </sn>
    </sp>
    <f lem="." pos="fp" punct="period" wd="."/>
  </sentence>
  <sentence>
    <S arg="arg1" clausetype="completive" func="cd" tem="pat">
      <f lem="&quot;" pos="fe" punct="quotation" wd="&quot;"/>
      <sn arg="arg1" coreftype="ident" elliptic="yes" entity="entity4" entityref="nne" func="suj" tem="tem"/>
      <grup.verb>
        <v lem="ser" lss="C21.state-attributive" mood="indicative" num="s" person="3" pos="vsis3s0" postype="semiauxiliary" tense="past" wd="Fue"/>
      </grup.verb>
      <sn arg="arg2" func="atr" tem="atr">
        <spec gen="m" num="s">
          <d gen="m" lem="uno" num="s" pos="di0ms0" postype="indefinite" wd="un"/>
        </spec>
        <grup.nom gen="m" num="s">
          <s.a func="cn" gen="m" num="s">
            <grup.a gen="m" num="s">
              <a gen="c" lem="lamentable" num="s" pos="aq0cs0" postype="qualificative" wd="lamentable"/>
            </grup.a>
          </s.a>
          <n gen="m" lem="accidente" lexicalid="noun.accidente.1.default" num="s" origin="deverbal" pos="ncms000" postype="common" sense="16:05443572" wd="accidente"/>
        </grup.nom>
      </sn>
      <f lem="&quot;" pos="fe" punct="quotation" wd="&quot;"/>
      <f lem="," pos="fc" punct="comma" wd=","/>
    </S>
    <grup.verb>
      <v lem="comentar" lss="A32.ditransitive-patient-benefactive" mood="indicative" num="s" person="3" pos="vmis3s0" postype="main" tense="past" wd="comentó"/>
    </grup.verb>
    <sn arg="arg0" entity="entity5" entityref="ne" func="suj" ne="person" tem="agt">
      <grup.nom gen="m" num="s">
        <n lem="Gerry_Hunsicker" ne="person" pos="np0000p" postype="proper" sense="16:cs1" wd="Gerry_Hunsicker"/>
        <sn corefsubtype="definit" coreftype="pred" entity="entity5" entityref="ne" ne="person">
          <f lem="," pos="fc" punct="comma" wd=","/>
          <grup.nom gen="m" num="s">
            <n gen="c" lem="gerente" num="s" pos="nccs000" postype="common" sense="16:07063762" wd="gerente"/>
            <s.a gen="m" num="s">
              <grup.a gen="m" num="s">
                <a gen="c" lem="general" num="s" pos="aq0cs0" postype="qualificative" wd="general"/>
              </grup.a>
            </s.a>
            <sp>
              <prep>
                <s contracted="yes" gen="m" lem="del" num="s" pos="spcms" postype="preposition" wd="del"/>
              </prep>
              <sn coreftype="ident" entity="entity6" entityref="spec">
                <grup.nom gen="m" num="s">
                  <n gen="m" lem="equipo" num="s" pos="ncms000" postype="common" sense="16:06093198" wd="equipo"/>
                </grup.nom>
              </sn>
            </sp>
          </grup.nom>
        </sn>
      </grup.nom>
    </sn>
    <f lem="." pos="fp" punct="period" wd="."/>
  </sentence>
  <sentence coord="yes" verbless="yes">
    <f lem="&quot;" pos="fe" punct="quotation" wd="&quot;"/>
    <S>
      <sn arg="arg1" coreftype="ident" elliptic="yes" entity="entity2" entityref="spec" func="suj" tem="tem"/>
      <morfema.pronominal>
        <p gen="c" lem="él" num="c" person="3" pos="p0300000" wd="Se"/>
      </morfema.pronominal>
      <grup.verb>
        <v lem="lastimar" lss="B21.unaccusative-state" mood="indicative" num="s" person="3" pos="vmis3s0" postype="main" tense="past" wd="lastimó"/>
      </grup.verb>
      <S arg="argM" clausetype="adverbial" func="cc" tem="tmp">
        <conj conjunctiontype="subordinating">
          <c lem="mientras" pos="cs" postype="subordinating" wd="mientras"/>
        </conj>
        <sn arg="arg0" coreftype="ident" elliptic="yes" entity="entity2" entityref="spec" func="suj" tem="agt"/>
        <grup.verb>
          <v lem="estar" mood="indicative" num="s" person="3" pos="vmii3s0" postype="main" tense="imperfect" wd="estaba"/>
          <gerundi>
            <v lem="trotar" lss="D11.inergative-agentive" mood="gerund" pos="vmg0000" postype="main" wd="trotando"/>
          </gerundi>
        </grup.verb>
      </S>
    </S>
    <conj conjunctiontype="coordinating">
      <f lem="." pos="fp" punct="period" wd="."/>
    </conj>
    <S>
      <S>
        <sn arg="arg1" entityref="nne" func="suj" tem="tem">
          <spec gen="f" num="s">
            <d gen="f" lem="el" num="s" pos="da0fs0" postype="article" wd="La"/>
          </spec>
          <grup.nom gen="f" num="s">
            <s.a gen="f" num="s">
              <grup.a gen="f" num="s">
                <a gen="f" lem="buen" num="s" pos="aq0fs0" postype="qualificative" wd="buena"/>
              </grup.a>
            </s.a>
            <n gen="f" lem="noticia" num="s" pos="ncfs000" postype="common" sense="16:04867981" wd="noticia"/>
          </grup.nom>
        </sn>
        <grup.verb>
          <v lem="ser" lss="C21.state-attributive" mood="indicative" num="s" person="3" pos="vsip3s0" postype="semiauxiliary" tense="present" wd="es"/>
        </grup.verb>
        <S arg="arg2" clausetype="completive" coord="yes" func="atr" tem="atr">
          <S clausetype="completive">
            <conj conjunctiontype="subordinating">
              <c lem="que" pos="cs" postype="subordinating" wd="que"/>
            </conj>
            <sn arg="arg1" coreftype="ident" entity="entity4" entityref="nne" func="suj" tem="tem">
              <spec gen="m" num="s">
                <d gen="m" lem="el" num="s" pos="da0ms0" postype="article" wd="el"/>
              </spec>
              <grup.nom gen="m" num="s">
                <n gen="m" lem="problema" num="s" pos="ncms000" postype="common" sense="16:05080756" wd="problema"/>
              </grup.nom>
            </sn>
            <neg func="mod">
              <r lem="no" pos="rn" postype="negative" wd="no"/>
            </neg>
            <grup.verb>
              <v lem="ser" lss="C21.state-attributive" mood="indicative" num="s" person="3" pos="vsip3s0" postype="semiauxiliary" tense="present" wd="es"/>
            </grup.verb>
            <sa arg="arg2" func="atr" tem="atr">
              <spec>
                <r lem="tanto" pos="rg" wd="tan"/>
              </spec>
              <grup.a>
                <a gen="c" lem="grave" num="s" pos="aq0cs0" postype="qualificative" wd="grave"/>
              </grup.a>
            </sa>
          </S>
          <conj conjunctiontype="coordinating">
            <c lem="y" pos="cc" postype="coordinating" wd="y"/>
          </conj>
          <S clausetype="completive">
            <conj conjunctiontype="subordinating">
              <c lem="que" pos="cs" postype="subordinating" wd="que"/>
            </conj>
            <sp arg="argM" func="cc" tem="tmp">
              <prep>
                <s lem="en" pos="sps00" postype="preposition" wd="en"/>
              </prep>
              <sn>
                <spec gen="m" num="s">
                  <d gen="m" lem="poco" num="s" pos="di0ms0" postype="indefinite" wd="poco"/>
                </spec>
                <grup.nom gen="m" num="s">
                  <n gen="m" lem="tiempo" num="s" pos="ncms000" postype="common" sense="16:00015594" wd="tiempo"/>
                </grup.nom>
              </sn>
            </sp>
            <sn arg="arg1" coreftype="ident" elliptic="yes" entity="entity2" entityref="spec" func="suj" tem="tem"/>
            <grup.verb>
              <v lem="estar" lss="C21.state-attributive" mood="indicative" num="s" person="3" pos="vmif3s0" postype="main" tense="future" wd="estará"/>
            </grup.verb>
            <sp arg="arg2" func="atr" tem="atr">
              <prep>
                <s lem="de" pos="sps00" postype="preposition" wd="de"/>
              </prep>
              <sn>
                <grup.nom gen="m" num="s">
                  <n gen="m" lem="regreso" lexicalid="noun.regreso.2.default" num="s" origin="deverbal" pos="ncms000" postype="common" sense="16:00211639" wd="regreso"/>
                </grup.nom>
              </sn>
            </sp>
          </S>
        </S>
      </S>
      <f lem="," pos="fc" punct="comma" wd=","/>
      <S coord="yes">
        <S>
          <sn arg="arg1" coreftype="ident" entity="entity4" entityref="nne" func="suj" tem="tem">
            <grup.nom gen="m" num="s">
              <p gen="m" lem="este" num="s" pos="pd0ms000" postype="demonstrative" wd="este"/>
            </grup.nom>
          </sn>
          <grup.verb>
            <v lem="ser" lss="C21.state-attributive" mood="indicative" num="s" person="3" pos="vsip3s0" postype="semiauxiliary" tense="present" wd="es"/>
          </grup.verb>
          <sn arg="arg2" func="atr" tem="atr">
            <spec gen="m" num="s">
              <d gen="m" lem="otro" num="s" pos="di0ms0" postype="indefinite" wd="otro"/>
            </spec>
            <grup.nom gen="m" num="s">
              <n gen="m" lem="bache" num="s" pos="ncms000" postype="common" sense="16:06730089" wd="bache"/>
            </grup.nom>
          </sn>
        </S>
        <conj conjunctiontype="coordinating">
          <c lem="pero" pos="cc" postype="coordinating" wd="pero"/>
        </conj>
        <S>
          <sn arg="arg0" coreftype="ident" elliptic="yes" entity="entity5" entityref="spec" func="suj" tem="agt"/>
          <grup.verb>
            <v lem="confiar" lss="A22.transitive-agentive-theme" mood="indicative" num="s" person="1" pos="vmip1s0" postype="main" tense="present" wd="confío"/>
          </grup.verb>
          <sp arg="arg1" func="creg" tem="tem">
            <prep>
              <s lem="en" pos="sps00" postype="preposition" wd="en"/>
            </prep>
            <S clausetype="completive">
              <conj conjunctiontype="subordinating">
                <c lem="que" pos="cs" postype="subordinating" wd="que"/>
              </conj>
              <sn arg="arg0" coreftype="ident" elliptic="yes" entity="entity6" entityref="spec" func="suj" tem="agt"/>
              <grup.verb>
                <v lem="poder" mood="subjunctive" num="p" person="1" pos="vmsp1p0" postype="main" tense="present" wd="podamos"/>
                <infinitiu>
                  <v coreftype="ident" entity="entity4" lem="superar" lss="A21.transitive-agentive-patient" mood="infinitive" pos="vmn0000" postype="main" wd="superarlo"/>
                </infinitiu>
              </grup.verb>
            </S>
          </sp>
        </S>
      </S>
    </S>
    <f lem="&quot;" pos="fe" punct="quotation" wd="&quot;"/>
    <f lem="." pos="fp" punct="period" wd="."/>
  </sentence>
  <sentence>
    <sp arg="argM" func="cc" tem="tmp">
      <prep>
        <s lem="a_principios_de" pos="sps00" postype="preposition" wd="A_principios_de"/>
      </prep>
      <sn entity="entity7" entityref="nne" homophoricDD="yes">
        <spec gen="f" num="s">
          <d gen="f" lem="el" num="s" pos="da0fs0" postype="article" wd="la"/>
        </spec>
        <grup.nom gen="f" num="s">
          <n gen="f" lem="campaña" num="s" pos="ncfs000" postype="common" sense="16:00509919" wd="campaña"/>
          <sp>
            <prep>
              <s lem="de" pos="sps00" postype="preposition" wd="de"/>
            </prep>
            <sn entityref="ne" ne="date">
              <grup.nom gen="m" num="s">
                <w lem="[??:??/??/1998:??.??]" ne="date" wd="1998"/>
              </grup.nom>
            </sn>
          </sp>
        </grup.nom>
      </sn>
      <f lem="," pos="fc" punct="comma" wd=","/>
    </sp>
    <sn arg="arg0" coreftype="ident" entity="entity6" entityref="ne" func="suj" ne="organization" tem="agt">
      <spec gen="m" num="s">
        <d gen="m" lem="el" num="s" pos="da0ms0" postype="article" wd="el"/>
      </spec>
      <grup.nom gen="m" num="s">
        <n gen="m" lem="equipo" num="s" pos="ncms000" postype="common" sense="16:06093198" wd="equipo"/>
        <sp>
          <prep>
            <s lem="de" pos="sps00" postype="preposition" wd="de"/>
          </prep>
          <sn entityref="ne" ne="organization">
            <spec gen="m" num="p">
              <d gen="m" lem="el" num="p" pos="da0mp0" postype="article" wd="los"/>
            </spec>
            <grup.nom gen="m" num="p">
              <n lem="Astros" ne="organization" pos="np0000o" postype="proper" sense="16:cs1" wd="Astros"/>
            </grup.nom>
          </sn>
        </sp>
      </grup.nom>
    </sn>
    <grup.verb>
      <v lem="perder" lss="A21.transitive-agentive-patient" mood="indicative" num="s" person="3" pos="vmis3s0" postype="main" tense="past" wd="perdió"/>
    </grup.verb>
    <sadv func="mod">
      <grup.adv>
        <r lem="también" pos="rg" wd="también"/>
      </grup.adv>
    </sadv>
    <sn arg="arg1" entity="entity9" entityref="nne" func="cd" tem="pat">
      <grup.nom gen="m" num="s">
        <p gen="m" lem="uno" num="s" pos="pi0ms000" postype="indefinite" wd="uno"/>
        <sp>
          <prep>
            <s lem="de" pos="sps00" postype="preposition" wd="de"/>
          </prep>
          <sn entityref="nne">
            <spec gen="m" num="p">
              <d coreftype="ident" entity="entity6" entityref="spec" gen="c" lem="su" num="p" person="3" pos="dp3cp0" postype="possessive" wd="sus"/>
            </spec>
            <grup.nom gen="m" num="p">
              <s.a gen="m" num="p">
                <grup.a gen="m" num="p">
                  <a gen="c" lem="mejor" num="p" pos="aq0cp0" postype="qualificative" wd="mejores"/>
                </grup.a>
              </s.a>
              <n gen="m" lem="pelotero" num="p" pos="ncmp000" postype="common" sense="16:07627301" wd="peloteros"/>
            </grup.nom>
          </sn>
        </sp>
        <sn entityref="ne" ne="person">
          <f lem="," pos="fc" punct="comma" wd=","/>
          <grup.nom gen="m" num="s">
            <n lem="Moises_Alou" ne="person" pos="np0000p" postype="proper" sense="16:cs1" wd="Moises_Alou"/>
          </grup.nom>
          <f lem="," pos="fc" punct="comma" wd=","/>
        </sn>
        <sn complex="yes">
          <grup.nom coord="yes">
            <grup.nom gen="m" num="s">
              <sp>
                <prep>
                  <s lem="en" pos="sps00" postype="preposition" wd="en"/>
                </prep>
                <sn entityref="nne">
                  <spec gen="m" num="s">
                    <d gen="m" lem="ese" num="s" pos="dd0ms0" postype="demonstrative" wd="ese"/>
                  </spec>
                  <grup.nom gen="m" num="s">
                    <r lem="entonces" pos="rg" wd="entonces"/>
                  </grup.nom>
                </sn>
              </sp>
              <n gen="m" lem="candidato" num="s" pos="ncms000" postype="common" sense="16:06940455" wd="candidato"/>
              <sp>
                <prep>
                  <s lem="a" pos="sps00" postype="preposition" wd="a"/>
                </prep>
                <S clausetype="completive" impersonal="yes">
                  <infinitiu>
                    <v lem="convertir" lss="B21.unaccusative-state" mood="infinitive" pos="vmn0000" postype="main" wd="convertirse"/>
                  </infinitiu>
                  <sp arg="arg2" func="creg" tem="efi">
                    <prep>
                      <s lem="en" pos="sps00" postype="preposition" wd="en"/>
                    </prep>
                    <sn entityref="ne" ne="person">
                      <spec gen="m" num="s">
                        <d gen="m" lem="el" num="s" pos="da0ms0" postype="article" wd="el"/>
                      </spec>
                      <grup.nom gen="m" num="s">
                        <f lem="&quot;" pos="fe" punct="quotation" wd="&quot;"/>
                        <n lem="Jugador_Más_Valioso" ne="person" pos="np0000p" postype="proper" sense="16:cs1" wd="Jugador_Más_Valioso"/>
                        <f lem="&quot;" pos="fe" punct="quotation" wd="&quot;"/>
                        <sp>
                          <prep>
                            <s lem="de" pos="sps00" postype="preposition" wd="de"/>
                          </prep>
                          <sn coreftype="ident" entity="entity7" entityref="nne" homophoricDD="yes">
                            <spec gen="f" num="s">
                              <d gen="f" lem="el" num="s" pos="da0fs0" postype="article" wd="la"/>
                            </spec>
                            <grup.nom gen="f" num="s">
                              <n gen="f" lem="temporada" num="s" pos="ncfs000" postype="common" sense="16:10947841" wd="temporada"/>
                            </grup.nom>
                          </sn>
                        </sp>
                      </grup.nom>
                    </sn>
                  </sp>
                </S>
              </sp>
            </grup.nom>
            <conj conjunctiontype="coordinating">
              <c lem="y" pos="cc" postype="coordinating" wd="y"/>
            </conj>
            <grup.nom gen="m" num="s">
              <n gen="m" lem="jugador" num="s" pos="ncms000" postype="common" sense="16:07480903" wd="jugador"/>
              <sp>
                <sadv adjunct="yes">
                  <grup.adv>
                    <r lem="también" pos="rg" wd="también"/>
                  </grup.adv>
                </sadv>
                <sp>
                  <prep>
                    <s contracted="yes" gen="m" lem="del" num="s" pos="spcms" postype="preposition" wd="del"/>
                  </prep>
                  <sn coreftype="ident" entity="entity8" entityref="ne" ne="other">
                    <grup.nom gen="m" num="s">
                      <f lem="&quot;" pos="fe" punct="quotation" wd="&quot;"/>
                      <n lem="Partido_de_las_Estrellas" ne="other" pos="np0000a" postype="proper" sense="16:cs1" wd="Partido_de_las_Estrellas"/>
                      <f lem="&quot;" pos="fe" punct="quotation" wd="&quot;"/>
                    </grup.nom>
                  </sn>
                </sp>
              </sp>
            </grup.nom>
          </grup.nom>
        </sn>
      </grup.nom>
    </sn>
    <f lem="." pos="fp" punct="period" wd="."/>
  </sentence>
  <sentence>
    <sn arg="arg0" coreftype="ident" entity="entity9" entityref="ne" func="suj" ne="person" tem="agt">
      <grup.nom gen="m" num="s">
        <n lem="Alou" ne="person" pos="np0000p" postype="proper" sense="16:cs1" wd="Alou"/>
      </grup.nom>
    </sn>
    <grup.verb>
      <v lem="perder" lss="A21.transitive-agentive-patient" mood="indicative" num="s" person="3" pos="vmis3s0" postype="main" tense="past" wd="perdió"/>
    </grup.verb>
    <sn arg="arg1" entityref="nne" func="cd" homophoricDD="yes" tem="pat">
      <spec gen="f" num="s">
        <d gen="m" lem="el" num="s" pos="da0ms0" postype="article" wd="el"/>
        <n gen="m" lem="resto" num="s" pos="ncms000" postype="common" sense="16:09947291" wd="resto"/>
        <s lem="de" pos="sps00" postype="preposition" wd="de"/>
        <d gen="f" lem="el" num="s" pos="da0fs0" postype="article" wd="la"/>
      </spec>
      <grup.nom gen="f" num="s">
        <n gen="f" lem="temporada" num="s" pos="ncfs000" postype="common" sense="16:10947841" wd="temporada"/>
      </grup.nom>
    </sn>
    <S arg="argM" clausetype="adverbial" func="cc" tem="tmp">
      <conj conjunctiontype="subordinating">
        <c lem="cuando" pos="cs" postype="subordinating" wd="cuando"/>
      </conj>
      <S arg="argM" clausetype="adverbial" func="cc" tem="adv" verbless="yes">
        <conj conjunctiontype="subordinating">
          <c lem="al_igual_que" pos="cs" postype="subordinating" wd="al_igual_que"/>
        </conj>
        <sn coreftype="ident" entity="entity2" entityref="ne" ne="person">
          <grup.nom gen="m" num="s">
            <n lem="Reynolds" ne="person" pos="np0000p" postype="proper" sense="16:cs1" wd="Reynolds"/>
          </grup.nom>
        </sn>
      </S>
      <sn arg="arg1" coreftype="ident" elliptic="yes" entity="entity9" entityref="spec" func="suj" tem="tem"/>
      <grup.verb>
        <v lem="sufrir" lss="C21.state-attributive" mood="indicative" num="s" person="3" pos="vmis3s0" postype="main" tense="past" wd="sufrió"/>
      </grup.verb>
      <sn arg="arg2" entityref="nne" func="cd" functype="quantitative" tem="atr">
        <spec gen="f" num="s">
          <d gen="f" lem="uno" num="s" pos="di0fs0" postype="indefinite" wd="una"/>
        </spec>
        <grup.nom gen="f" num="s">
          <n gen="f" lem="lesión" lexicalid="noun.lesión.1.anticausative" num="s" origin="deverbal" pos="ncfs000" postype="common" sense="16:10257548" wd="lesión"/>
          <sp arg="argM" func="cn" tem="loc">
            <prep>
              <s lem="en" pos="sps00" postype="preposition" wd="en"/>
            </prep>
            <sn entityref="nne">
              <spec gen="f" num="s">
                <d gen="f" lem="el" num="s" pos="da0fs0" postype="article" wd="la"/>
              </spec>
              <grup.nom gen="f" num="s">
                <n gen="f" lem="rodilla" num="s" pos="ncfs000" postype="common" sense="16:04319321" wd="rodilla"/>
              </grup.nom>
            </sn>
          </sp>
        </grup.nom>
      </sn>
      <sp arg="argM" func="cc" tem="tmp">
        <prep>
          <s lem="en" pos="sps00" postype="preposition" wd="en"/>
        </prep>
        <sn entity="entity10" entityref="nne" homophoricDD="yes">
          <spec gen="m" num="p">
            <d gen="m" lem="el" num="p" pos="da0mp0" postype="article" wd="los"/>
          </spec>
          <grup.nom gen="m" num="p">
            <n gen="m" lem="momento" num="p" pos="ncmp000" postype="common" sense="16:10898122" wd="momentos"/>
            <S clausetype="relative">
              <sp arg="argM" func="cc" tem="tmp">
                <prep>
                  <s lem="en" pos="sps00" postype="preposition" wd="en"/>
                </prep>
                <relatiu coreftype="ident" entity="entity10" entityref="nne">
                  <p gen="c" lem="que" num="c" pos="pr0cn000" postype="relative" wd="que"/>
                </relatiu>
              </sp>
              <sn arg="arg0" coreftype="ident" elliptic="yes" entity="entity9" entityref="spec" func="suj" tem="agt"/>
              <grup.verb>
                <v lem="trotar" lss="D11.inergative-agentive" mood="indicative" num="s" person="3" pos="vmii3s0" postype="main" tense="imperfect" wd="trotaba"/>
              </grup.verb>
              <sp arg="argM" func="cc" tem="loc">
                <prep>
                  <s lem="en" pos="sps00" postype="preposition" wd="en"/>
                </prep>
                <sn entityref="nne" homophoricDD="yes">
                  <spec gen="m" num="s">
                    <d gen="m" lem="el" num="s" pos="da0ms0" postype="article" wd="el"/>
                  </spec>
                  <grup.nom gen="m" num="s">
                    <n gen="m" lem="diamante" num="s" pos="ncms000" postype="common" sense="16:10641843" wd="diamante"/>
                  </grup.nom>
                </sn>
              </sp>
            </S>
          </grup.nom>
        </sn>
      </sp>
    </S>
    <f lem="." pos="fp" punct="period" wd="."/>
  </sentence>
  <sentence>
    <sn arg="arg0" coreftype="ident" entity="entity2" entityref="ne" func="suj" ne="person" tem="agt">
      <grup.nom gen="m" num="s">
        <n lem="Reynolds" ne="person" pos="np0000p" postype="proper" sense="16:cs1" wd="Reynolds"/>
      </grup.nom>
    </sn>
    <grup.verb>
      <v lem="ganar" lss="A21.transitive-agentive-patient" mood="indicative" num="s" person="3" pos="vmis3s0" postype="main" tense="past" wd="ganó"/>
    </grup.verb>
    <sn arg="arg1" entityref="nne" func="cd" tem="pat">
      <spec arg="arg1" gen="f" num="s" tem="pat">
        <d coreftype="ident" entity="entity2" entityref="spec" gen="c" lem="su" num="s" person="3" pos="dp3cs0" postype="possessive" wd="su"/>
      </spec>
      <grup.nom gen="f" num="s">
        <s.a func="cn" gen="f" num="s">
          <grup.a gen="f" num="s">
            <a gen="f" lem="primero" num="s" pos="ao0fs0" postype="ordinal" wd="primera"/>
          </grup.a>
        </s.a>
        <n gen="f" lem="invitación" lexicalid="noun.invitación.2.default" num="s" origin="deverbal" pos="ncfs000" postype="common" sense="16:00103904" wd="invitación"/>
        <sp arg="arg2" func="cn" tem="tem">
          <prep>
            <s lem="para" pos="sps00" postype="preposition" wd="para"/>
          </prep>
          <S clausetype="completive" impersonal="yes">
            <infinitiu>
              <v lem="participar" lss="A22.transitive-agentive-theme" mood="infinitive" pos="vmn0000" postype="main" wd="participar"/>
            </infinitiu>
            <sp arg="arg1" func="creg" tem="tem">
              <prep>
                <s lem="en" pos="sps00" postype="preposition" wd="en"/>
              </prep>
              <sn coreftype="ident" entity="entity8" entityref="ne" ne="other">
                <spec gen="m" num="s">
                  <d gen="m" lem="el" num="s" pos="da0ms0" postype="article" wd="el"/>
                </spec>
                <grup.nom gen="m" num="s">
                  <f lem="&quot;" pos="fe" punct="quotation" wd="&quot;"/>
                  <n lem="Partido_de_las_Estrellas" ne="other" pos="np0000a" postype="proper" sense="16:cs1" wd="Partido_de_las_Estrellas"/>
                  <f lem="&quot;" pos="fe" punct="quotation" wd="&quot;"/>
                </grup.nom>
              </sn>
            </sp>
          </S>
        </sp>
      </grup.nom>
    </sn>
    <sn arg="argM" entityref="nne" func="cc" homophoricDD="yes" tem="tmp">
      <spec gen="f" num="s">
        <d gen="f" lem="el" num="s" pos="da0fs0" postype="article" wd="la"/>
      </spec>
      <grup.nom gen="f" num="s">
        <n gen="f" lem="campaña" num="s" pos="ncfs000" postype="common" sense="16:00509919" wd="campaña"/>
        <s.a gen="f" num="s">
          <grup.a gen="f" num="s">
            <a gen="c" lem="anterior" num="s" pos="aq0cs0" postype="qualificative" wd="anterior"/>
          </grup.a>
        </s.a>
      </grup.nom>
    </sn>
    <sadv arg="argM" func="cc" tem="tmp">
      <f lem="," pos="fc" punct="comma" wd=","/>
      <grup.adv>
        <r lem="después" pos="rg" wd="después"/>
        <sp>
          <prep>
            <s lem="de" pos="sps00" postype="preposition" wd="de"/>
          </prep>
          <S clausetype="completive" impersonal="yes">
            <infinitiu>
              <v lem="obtener" lss="A21.transitive-agentive-patient" mood="infinitive" pos="vmn0000" postype="main" wd="obtener"/>
            </infinitiu>
            <sn arg="arg1" entityref="nne" func="cd" tem="pat">
              <spec gen="f" num="s">
                <d gen="f" lem="uno" num="s" pos="di0fs0" postype="indefinite" wd="una"/>
              </spec>
              <grup.nom gen="f" num="s">
                <n gen="f" lem="marca" num="s" pos="ncfs000" postype="common" sense="16:00036443" wd="marca"/>
                <sp>
                  <prep>
                    <s lem="de" pos="sps00" postype="preposition" wd="de"/>
                  </prep>
                  <sn>
                    <spec gen="m" num="p">
                      <d gen="c" lem="cinco" num="p" pos="dn0cp0" postype="numeral" wd="cinco"/>
                    </spec>
                    <grup.nom gen="m" num="p">
                      <n gen="m" lem="triunfo" lexicalid="noun.triunfo.1.default" num="p" origin="deverbal" pos="ncmp000" postype="common" sense="16:05478453" wd="triunfos"/>
                      <sp func="cn">
                        <prep>
                          <s lem="por" pos="sps00" postype="preposition" wd="por"/>
                        </prep>
                        <sn>
                          <spec gen="f" num="p">
                            <d gen="c" lem="cero" num="s" pos="dn0cs0" postype="numeral" wd="cero"/>
                          </spec>
                          <grup.nom gen="f" num="p">
                            <n gen="f" lem="derrota" lexicalid="noun.derrota.1.default" num="p" origin="deverbal" pos="ncfp000" postype="common" sense="16:05558471" wd="derrotas"/>
                          </grup.nom>
                        </sn>
                      </sp>
                    </grup.nom>
                  </sn>
                </sp>
              </grup.nom>
            </sn>
            <sp arg="argM" func="cc" tem="tmp">
              <prep>
                <s lem="en" pos="sps00" postype="preposition" wd="en"/>
              </prep>
              <sn entityref="nne">
                <spec arg="arg1" gen="m" num="p" tem="pat">
                  <d coreftype="ident" entity="entity2" entityref="spec" gen="c" lem="su" num="p" person="3" pos="dp3cp0" postype="possessive" wd="sus"/>
                  <a gen="m" lem="primero" num="p" pos="ao0mp0" postype="ordinal" wd="primeros"/>
                  <d gen="c" lem="diez" num="p" pos="dn0cp0" postype="numeral" wd="diez"/>
                </spec>
                <grup.nom gen="m" num="p">
                  <n gen="m" lem="inicio" lexicalid="noun.inicio.5.default" num="p" origin="deverbal" pos="ncmp000" postype="common" sense="16:05459242" wd="inicios"/>
                  <sp arg="arg2" func="cn" tem="tem">
                    <prep>
                      <c lem="como" pos="cs" postype="subordinating" wd="como"/>
                    </prep>
                    <sn>
                      <grup.nom gen="m" num="s">
                        <n gen="m" lem="abridor" num="s" pos="ncms000" postype="common" sense="16:03057715" wd="abridor"/>
                      </grup.nom>
                    </sn>
                  </sp>
                </grup.nom>
              </sn>
            </sp>
          </S>
        </sp>
      </grup.adv>
    </sadv>
    <f lem="." pos="fp" punct="period" wd="."/>
  </sentence>
  <sentence>
    <sadv func="et">
      <grup.adv>
        <r lem="sin_embargo" pos="rg" wd="Sin_embargo"/>
      </grup.adv>
      <f lem="," pos="fc" punct="comma" wd=","/>
    </sadv>
    <sadv arg="argM" func="cc" tem="tmp">
      <spec>
        <grup.adv>
          <sadv>
            <grup.adv>
              <r lem="poco" pos="rg" wd="poco"/>
            </grup.adv>
          </sadv>
          <r lem="más" pos="rg" wd="más"/>
        </grup.adv>
      </spec>
      <grup.adv>
        <r lem="tarde" pos="rg" wd="tarde"/>
        <sn entityref="ne" ne="date">
          <f lem="," pos="fc" punct="comma" wd=","/>
          <spec gen="m" num="s">
            <d gen="m" lem="el" num="s" pos="da0ms0" postype="article" wd="el"/>
          </spec>
          <grup.nom gen="m" num="s">
            <w lem="[??:18/6/??:??.??]" ne="date" wd="18_de_junio"/>
          </grup.nom>
          <f lem="," pos="fc" punct="comma" wd=","/>
        </sn>
      </grup.adv>
    </sadv>
    <sn arg="arg1" coreftype="ident" entity="entity2" entityref="spec" func="suj" tem="pat">
      <spec gen="m" num="s">
        <d gen="m" lem="el" num="s" pos="da0ms0" postype="article" wd="el"/>
      </spec>
      <grup.nom discid="1n" gen="m" num="s">
        <n gen="m" lem="lanzador" num="s" pos="ncms000" postype="common" sense="16:07641053" wd="lanzador"/>
      </grup.nom>
    </sn>
    <grup.verb>
      <v lem="ser" mood="indicative" num="s" person="3" pos="vsis3s0" postype="semiauxiliary" tense="past" wd="fue"/>
      <v gen="m" lem="colocar" lss="B22.unaccusative-passive-transitive" mood="participle" num="s" pos="vmp00sm" postype="main" wd="colocado"/>
    </grup.verb>
    <sp arg="arg2" func="cc" tem="loc">
      <prep>
        <s lem="en" pos="sps00" postype="preposition" wd="en"/>
      </prep>
      <sn entityref="nne" homophoricDD="yes">
        <spec gen="f" num="s">
          <d gen="f" lem="el" num="s" pos="da0fs0" postype="article" wd="la"/>
        </spec>
        <grup.nom gen="f" num="s">
          <n gen="f" lem="lista" num="s" pos="ncfs000" postype="common" sense="16:04866394" wd="lista"/>
          <sp>
            <prep>
              <s lem="de" pos="sps00" postype="preposition" wd="de"/>
            </prep>
            <sn>
              <grup.nom gen="m" num="p">
                <n gen="m" lem="jugador" num="p" pos="ncmp000" postype="common" sense="16:07480903" wd="jugadores"/>
                <S clausetype="participle" impersonal="yes">
                  <participi>
                    <a gen="m" lem="lesionado" num="p" pos="aq0mpp" posfunction="participle" postype="qualificative" wd="lesionados"/>
                  </participi>
                </S>
              </grup.nom>
            </sn>
          </sp>
        </grup.nom>
      </sn>
    </sp>
    <sp discid="1c">
      <prep>
        <s lem="con" pos="sps00" postype="preposition" wd="con"/>
      </prep>
      <sn entityref="nne">
        <spec gen="m" num="s">
          <d gen="m" lem="uno" num="s" pos="di0ms0" postype="indefinite" wd="un"/>
        </spec>
        <grup.nom gen="m" num="s">
          <s.a gen="m" num="s">
            <grup.a gen="m" num="s">
              <a gen="c" lem="fuerte" num="s" pos="aq0cs0" postype="qualificative" wd="fuerte"/>
            </grup.a>
          </s.a>
          <n gen="m" lem="dolor" num="s" pos="ncms000" postype="common" sense="16:10279078" wd="dolor"/>
          <sp>
            <prep>
              <s lem="en" pos="sps00" postype="preposition" wd="en"/>
            </prep>
            <sn entityref="nne">
              <spec gen="f" num="s">
                <d gen="f" lem="el" num="s" pos="da0fs0" postype="article" wd="la"/>
              </spec>
              <grup.nom gen="f" num="s">
                <n gen="f" lem="espalda" num="s" pos="ncfs000" postype="common" sense="16:04306040" wd="espalda"/>
              </grup.nom>
            </sn>
          </sp>
          <S clausetype="participle" impersonal="yes">
            <participi>
              <a gen="m" lem="provocado" lss="B22.unaccusative-passive-transitive" num="s" pos="aq0msp" posfunction="participle" postype="qualificative" wd="provocado"/>
            </participi>
            <sp arg="argM" func="cc" tem="cau">
              <prep>
                <s lem="por" pos="sps00" postype="preposition" wd="por"/>
              </prep>
              <sn entityref="nne">
                <spec gen="f" num="s">
                  <d gen="f" lem="uno" num="s" pos="di0fs0" postype="indefinite" wd="una"/>
                </spec>
                <grup.nom gen="f" num="s">
                  <n gen="f" lem="degeneración" lexicalid="noun.degeneración.1.default" num="s" origin="deverbal" pos="ncfs000" postype="common" sense="16:09754102" wd="degeneración"/>
                  <sp arg="arg1" func="cn" tem="tem">
                    <prep>
                      <s lem="en" pos="sps00" postype="preposition" wd="en"/>
                    </prep>
                    <sn entityref="nne" homophoricDD="yes">
                      <spec gen="m" num="p">
                        <d gen="m" lem="el" num="p" pos="da0mp0" postype="article" wd="los"/>
                      </spec>
                      <grup.nom gen="m" num="p">
                        <n gen="m" lem="disco" num="p" pos="ncmp000" postype="common" sense="16:02578428" wd="discos"/>
                        <sp>
                          <prep>
                            <s lem="de" pos="sps00" postype="preposition" wd="de"/>
                          </prep>
                          <sn entityref="nne">
                            <spec gen="f" num="s">
                              <d gen="f" lem="el" num="s" pos="da0fs0" postype="article" wd="la"/>
                            </spec>
                            <grup.nom gen="f" num="s">
                              <n gen="f" lem="columna" num="s" pos="ncfs000" postype="common" sense="16:02473776" wd="columna"/>
                              <s.a gen="f" num="s">
                                <grup.a gen="f" num="s">
                                  <a gen="c" lem="vertebral" num="s" pos="aq0cs0" postype="qualificative" wd="vertebral"/>
                                </grup.a>
                              </s.a>
                            </grup.nom>
                          </sn>
                        </sp>
                      </grup.nom>
                    </sn>
                  </sp>
                </grup.nom>
              </sn>
            </sp>
          </S>
        </grup.nom>
      </sn>
    </sp>
    <f lem="." pos="fp" punct="period" wd="."/>
  </sentence>
  <sentence>
    <sadv func="et">
      <grup.adv>
        <r lem="aún_así" pos="rg" wd="Aún_así"/>
      </grup.adv>
    </sadv>
    <sn arg="arg0" coreftype="ident" entity="entity2" entityref="ne" func="suj" ne="person" tem="agt">
      <grup.nom gen="m" num="s">
        <n lem="Reynolds" ne="person" pos="np0000p" postype="proper" sense="16:cs1" wd="Reynolds"/>
      </grup.nom>
    </sn>
    <grup.verb>
      <v lem="jugar" lss="A21.transitive-agentive-patient" mood="indicative" num="s" person="3" pos="vmis3s0" postype="main" tense="past" wd="jugó"/>
    </grup.verb>
    <sn arg="arg1" entity="entity11" entityref="nne" func="cd" tem="pat">
      <spec gen="m" num="p">
        <d gen="c" lem="siete" num="p" pos="dn0cp0" postype="numeral" wd="siete"/>
      </spec>
      <grup.nom gen="m" num="p">
        <n gen="m" lem="partido" num="p" pos="ncmp000" postype="common" sense="16:05554348" wd="partidos"/>
        <sp>
          <prep>
            <c lem="como" pos="cs" postype="subordinating" wd="como"/>
          </prep>
          <sn>
            <grup.nom gen="m" num="s">
              <n gen="m" lem="abridor" num="s" pos="ncms000" postype="common" sense="16:03057715" wd="abridor"/>
            </grup.nom>
          </sn>
        </sp>
        <S clausetype="relative">
          <sp arg="argM" func="cc" tem="loc">
            <prep>
              <s lem="en" pos="sps00" postype="preposition" wd="en"/>
            </prep>
            <relatiu coreftype="ident" entity="entity11" entityref="nne">
              <d gen="m" lem="el" num="p" pos="da0mp0" postype="article" wd="los"/>
              <p gen="c" lem="que" num="c" pos="pr0cn000" postype="relative" wd="que"/>
            </relatiu>
          </sp>
          <sn arg="arg1" entityref="nne" func="suj" tem="tem">
            <spec gen="m" num="s">
              <d coreftype="ident" entity="entity2" entityref="spec" gen="c" lem="su" num="s" person="3" pos="dp3cs0" postype="possessive" wd="su"/>
            </spec>
            <grup.nom gen="m" num="s">
              <n gen="m" lem="pichear" num="s" pos="ncms000" postype="common" sense="16:cs1" wd="picheo"/>
            </grup.nom>
          </sn>
          <neg func="mod">
            <r lem="no" pos="rn" postype="negative" wd="no"/>
          </neg>
          <grup.verb>
            <v lem="ser" lss="C21.state-attributive" mood="indicative" num="s" person="3" pos="vsis3s0" postype="semiauxiliary" tense="past" wd="fue"/>
          </grup.verb>
          <sa arg="arg2" func="atr" tem="atr">
            <grup.a>
              <a gen="m" lem="efectivo" num="s" pos="aq0ms0" postype="qualificative" wd="efectivo"/>
            </grup.a>
          </sa>
        </S>
      </grup.nom>
    </sn>
    <sp arg="argM" func="cc" tem="fin">
      <prep>
        <s lem="para" pos="sps00" postype="preposition" wd="para"/>
      </prep>
      <S clausetype="completive" impersonal="yes">
        <infinitiu>
          <v lem="dejar" lss="A21.transitive-agentive-patient" mood="infinitive" pos="vmn0000" postype="main" wd="dejar"/>
        </infinitiu>
        <sn arg="arg1" entityref="nne" func="cd" tem="pat">
          <spec gen="f" num="s">
            <d coreftype="ident" entity="entity2" entityref="spec" gen="c" lem="su" num="s" person="3" pos="dp3cs0" postype="possessive" wd="su"/>
          </spec>
          <grup.nom gen="f" num="s">
            <n gen="f" lem="marca" num="s" pos="ncfs000" postype="common" sense="16:00036443" wd="marca"/>
          </grup.nom>
        </sn>
        <sp arg="argM" func="cpred" predicate="cd" tem="atr">
          <prep>
            <s lem="en" pos="sps00" postype="preposition" wd="en"/>
          </prep>
          <sn entityref="ne" ne="number">
            <grup.nom>
              <z lem="6-3" ne="number" wd="6-3"/>
            </grup.nom>
          </sn>
        </sp>
        <sp arg="argM" func="cc" tem="adv">
          <prep>
            <s lem="con" pos="sps00" postype="preposition" wd="con"/>
          </prep>
          <sn entityref="nne">
            <spec gen="m" num="s">
              <d gen="m" lem="uno" num="s" pos="di0ms0" postype="indefinite" wd="un"/>
            </spec>
            <grup.nom gen="m" num="s">
              <n gen="m" lem="promedio" num="s" pos="ncms000" postype="common" sense="16:cs1" wd="promedio"/>
              <sp>
                <prep>
                  <s lem="de" pos="sps00" postype="preposition" wd="de"/>
                </prep>
                <sn entityref="ne" ne="number">
                  <grup.nom>
                    <z lem="3.31" ne="number" wd="3,31"/>
                    <sp>
                      <prep>
                        <s lem="de" pos="sps00" postype="preposition" wd="de"/>
                      </prep>
                      <sn>
                        <grup.nom gen="f" num="s">
                          <n gen="f" lem="efectividad" num="s" pos="ncfs000" postype="common" sense="16:04047189" wd="efectividad"/>
                          <sp>
                            <prep>
                              <s lem="en" pos="sps00" postype="preposition" wd="en"/>
                            </prep>
                            <sn entity="entity12" entityref="nne" homophoricDD="yes">
                              <spec gen="m" num="s">
                                <d gen="m" lem="el" num="s" pos="da0ms0" postype="article" wd="el"/>
                              </spec>
                              <grup.nom gen="m" num="s">
                                <n gen="m" lem="montículo" num="s" pos="ncms000" postype="common" sense="16:cs1" wd="montículo"/>
                              </grup.nom>
                            </sn>
                          </sp>
                        </grup.nom>
                      </sn>
                    </sp>
                  </grup.nom>
                </sn>
              </sp>
            </grup.nom>
          </sn>
        </sp>
      </S>
    </sp>
    <f lem="." pos="fp" punct="period" wd="."/>
  </sentence>
  <sentence coord="yes">
    <S>
      <sn arg="arg0" coreftype="ident" entity="entity2" entityref="ne" func="suj" ne="person" tem="agt">
        <grup.nom gen="m" num="s">
          <n lem="Reynolds" ne="person" pos="np0000p" postype="proper" sense="16:cs1" wd="Reynolds"/>
        </grup.nom>
      </sn>
      <grup.verb>
        <v lem="haber" mood="indicative" num="s" person="3" pos="vaip3s0" postype="auxiliary" tense="present" wd="ha"/>
        <v gen="m" lem="jugar" lss="A21.transitive-agentive-patient" mood="participle" num="s" pos="vmp00sm" postype="main" wd="jugado"/>
      </grup.verb>
      <sn arg="arg1" entityref="nne" func="cd" homophoricDD="yes" tem="pat">
        <spec gen="m" num="p">
          <d gen="m" lem="el" num="p" pos="da0mp0" postype="article" wd="los"/>
          <d gen="c" lem="nueve" num="p" pos="dn0cp0" postype="numeral" wd="nueve"/>
        </spec>
        <grup.nom gen="m" num="p">
          <n gen="m" lem="año" num="p" pos="ncmp000" postype="common" sense="16:10917509" wd="años"/>
          <sp>
            <prep>
              <s lem="de" pos="sps00" postype="preposition" wd="de"/>
            </prep>
            <sn entityref="nne">
              <spec gen="f" num="s">
                <d coreftype="ident" entity="entity2" entityref="spec" gen="c" lem="su" num="s" person="3" pos="dp3cs0" postype="possessive" wd="su"/>
              </spec>
              <grup.nom gen="f" num="s">
                <n gen="f" lem="carrera" num="s" pos="ncfs000" postype="common" sense="16:00182783" wd="carrera"/>
                <sp>
                  <prep>
                    <c lem="como" pos="cs" postype="subordinating" wd="como"/>
                  </prep>
                  <sn>
                    <grup.nom gen="m" num="s">
                      <n gen="c" lem="profesional" num="s" pos="nccs000" postype="common" sense="16:07504318" wd="profesional"/>
                    </grup.nom>
                  </sn>
                </sp>
              </grup.nom>
            </sn>
          </sp>
        </grup.nom>
      </sn>
      <sp arg="argM" func="cc" tem="adv">
        <prep>
          <s lem="con" pos="sps00" postype="preposition" wd="con"/>
        </prep>
        <sn coreftype="ident" entity="entity6" entityref="spec" homophoricDD="yes">
          <spec gen="m" num="s">
            <d gen="m" lem="el" num="s" pos="da0ms0" postype="article" wd="el"/>
          </spec>
          <grup.nom gen="m" num="s">
            <n gen="m" lem="equipo" num="s" pos="ncms000" postype="common" sense="16:06093198" wd="equipo"/>
            <sp>
              <prep>
                <s lem="de" pos="sps00" postype="preposition" wd="de"/>
              </prep>
              <sn entityref="ne" ne="organization">
                <spec gen="m" num="p">
                  <d gen="m" lem="el" num="p" pos="da0mp0" postype="article" wd="los"/>
                </spec>
                <grup.nom gen="m" num="p">
                  <n lem="Astros" ne="organization" pos="np0000o" postype="proper" sense="16:cs1" wd="Astros"/>
                </grup.nom>
              </sn>
            </sp>
          </grup.nom>
        </sn>
      </sp>
    </S>
    <conj conjunctiontype="coordinating">
      <c lem="y" pos="cc" postype="coordinating" wd="y"/>
    </conj>
    <S>
      <sp arg="argM" func="cc" tem="tmp">
        <prep>
          <s lem="durante" pos="sps00" postype="preposition" wd="durante"/>
        </prep>
        <sn entityref="nne" homophoricDD="yes">
          <spec gen="f" num="p">
            <d gen="f" lem="el" num="p" pos="da0fp0" postype="article" wd="las"/>
            <a gen="f" lem="último" num="p" pos="ao0fp0" postype="ordinal" wd="últimas"/>
            <d gen="c" lem="cinco" num="p" pos="dn0cp0" postype="numeral" wd="cinco"/>
          </spec>
          <grup.nom gen="f" num="p">
            <n gen="f" lem="campaña" num="p" pos="ncfp000" postype="common" sense="16:00509919" wd="campañas"/>
          </grup.nom>
        </sn>
      </sp>
      <sn arg="arg1" coreftype="ident" elliptic="yes" entity="entity2" entityref="spec" func="suj" tem="tem"/>
      <grup.verb>
        <v lem="haber" mood="indicative" num="s" person="3" pos="vaip3s0" postype="auxiliary" tense="present" wd="ha"/>
        <v gen="m" lem="ser" lss="C21.state-attributive" mood="participle" num="s" pos="vsp00sm" postype="semiauxiliary" wd="sido"/>
      </grup.verb>
      <sn arg="arg2" func="atr" tem="atr">
        <spec gen="m" num="s">
          <d gen="m" lem="el" num="s" pos="da0ms0" postype="article" wd="el"/>
        </spec>
        <grup.nom gen="m" num="s">
          <s.a gen="m" num="s">
            <grup.a gen="m" num="s">
              <a gen="m" lem="abridor" num="s" pos="aq0ms0" postype="qualificative" wd="abridor"/>
              <s.a gen="m" num="s">
                <grup.a gen="m" num="s">
                  <a gen="c" lem="titular" num="s" pos="aq0cs0" postype="qualificative" wd="titular"/>
                </grup.a>
              </s.a>
            </grup.a>
          </s.a>
        </grup.nom>
      </sn>
      <sp arg="argM" func="cc" tem="loc">
        <prep>
          <s lem="en" pos="sps00" postype="preposition" wd="en"/>
        </prep>
        <sn entityref="nne" homophoricDD="yes">
          <spec gen="m" num="s">
            <d gen="m" lem="el" num="s" pos="da0ms0" postype="article" wd="el"/>
          </spec>
          <grup.nom gen="m" num="s">
            <n gen="m" lem="partido" num="s" pos="ncms000" postype="common" sense="16:05554348" wd="partido"/>
            <s.a gen="m" num="s">
              <grup.a gen="m" num="s">
                <a gen="c" lem="inaugural" num="s" pos="aq0cs0" postype="qualificative" wd="inaugural"/>
              </grup.a>
            </s.a>
            <sp>
              <prep>
                <s lem="de" pos="sps00" postype="preposition" wd="de"/>
              </prep>
              <sn>
                <grup.nom gen="f" num="s">
                  <n gen="f" lem="temporada" num="s" pos="ncfs000" postype="common" sense="16:10947841" wd="temporada"/>
                </grup.nom>
              </sn>
            </sp>
          </grup.nom>
        </sn>
      </sp>
    </S>
    <f lem="." pos="fp" punct="period" wd="."/>
  </sentence>
  <sentence>
    <sn arg="arg1" coreftype="ident" entity="entity2" entityref="spec" func="suj" tem="tem">
      <spec gen="m" num="s">
        <d gen="m" lem="el" num="s" pos="da0ms0" postype="article" wd="El"/>
      </spec>
      <grup.nom gen="m" num="s">
        <n gen="m" lem="lanzador" num="s" pos="ncms000" postype="common" sense="16:07641053" wd="lanzador"/>
        <s.a gen="m" num="s">
          <grup.a gen="m" num="s">
            <a gen="m" lem="derecho" num="s" pos="aq0ms0" postype="qualificative" wd="derecho"/>
          </grup.a>
        </s.a>
      </grup.nom>
    </sn>
    <grup.verb>
      <v lem="poseer" lss="C21.state-attributive" mood="indicative" num="s" person="3" pos="vmip3s0" postype="main" tense="present" wd="posee"/>
    </grup.verb>
    <sn arg="arg2" coord="yes" func="cd" functype="quantitative" tem="atr">
      <sn coord="yes">
        <sn entityref="nne">
          <spec gen="f" num="s">
            <d gen="f" lem="uno" num="s" pos="di0fs0" postype="indefinite" wd="una"/>
          </spec>
          <grup.nom gen="f" num="s">
            <n gen="f" lem="marca" num="s" pos="ncfs000" postype="common" sense="16:00036443" wd="marca"/>
            <sadv>
              <grup.adv>
                <r lem="de_por_vida" pos="rg" wd="de_por_vida"/>
              </grup.adv>
            </sadv>
            <sp>
              <prep>
                <s lem="de" pos="sps00" postype="preposition" wd="de"/>
              </prep>
              <sn>
                <spec gen="m" num="p">
                  <z lem="86" ne="number" wd="86"/>
                </spec>
                <grup.nom gen="m" num="p">
                  <n gen="m" lem="triunfo" lexicalid="noun.triunfo.1.default" num="p" origin="deverbal" pos="ncmp000" postype="common" sense="16:05478453" wd="triunfos"/>
                  <sp func="cn">
                    <prep>
                      <s lem="por" pos="sps00" postype="preposition" wd="por"/>
                    </prep>
                    <sn>
                      <spec gen="f" num="p">
                        <z lem="69" ne="number" wd="69"/>
                      </spec>
                      <grup.nom gen="f" num="p">
                        <n gen="f" lem="derrota" lexicalid="noun.derrota.1.default" num="p" origin="deverbal" pos="ncfp000" postype="common" sense="16:05558471" wd="derrotas"/>
                      </grup.nom>
                    </sn>
                  </sp>
                </grup.nom>
              </sn>
            </sp>
          </grup.nom>
        </sn>
        <conj conjunctiontype="coordinating">
          <c lem="y" pos="cc" postype="coordinating" wd="y"/>
        </conj>
        <sn entityref="nne">
          <spec gen="m" num="s">
            <d gen="m" lem="uno" num="s" pos="di0ms0" postype="indefinite" wd="un"/>
          </spec>
          <grup.nom gen="m" num="s">
            <n gen="m" lem="promedio" num="s" pos="ncms000" postype="common" sense="16:cs1" wd="promedio"/>
            <sp>
              <prep>
                <s lem="de" pos="sps00" postype="preposition" wd="de"/>
              </prep>
              <sn>
                <grup.nom gen="f" num="s">
                  <n gen="f" lem="efectividad" num="s" pos="ncfs000" postype="common" sense="16:04047189" wd="efectividad"/>
                  <sp>
                    <prep>
                      <s lem="en" pos="sps00" postype="preposition" wd="en"/>
                    </prep>
                    <sn coreftype="ident" entity="entity12" entityref="nne" homophoricDD="yes">
                      <spec gen="m" num="s">
                        <d gen="m" lem="el" num="s" pos="da0ms0" postype="article" wd="el"/>
                      </spec>
                      <grup.nom gen="m" num="s">
                        <n gen="m" lem="montículo" num="s" pos="ncms000" postype="common" sense="16:cs1" wd="montículo"/>
                      </grup.nom>
                    </sn>
                  </sp>
                </grup.nom>
              </sn>
            </sp>
            <sp>
              <prep>
                <s lem="de" pos="sps00" postype="preposition" wd="de"/>
              </prep>
              <sn entityref="ne" ne="number">
                <grup.nom>
                  <z lem="3.85" ne="number" wd="3,85"/>
                </grup.nom>
              </sn>
            </sp>
          </grup.nom>
        </sn>
      </sn>
      <sn adjunct="yes" entity="entity13">
        <f lem="," pos="fc" punct="comma" wd=","/>
        <grup.nom gen="f" num="p">
          <n gen="f" lem="cifra" num="p" pos="ncfp000" postype="common" sense="16:05097671" wd="cifras"/>
          <S clausetype="relative">
            <relatiu arg="arg0" coreftype="ident" entity="entity13" entityref="nne" func="suj" tem="cau">
              <p gen="c" lem="que" num="c" pos="pr0cn000" postype="relative" wd="que"/>
            </relatiu>
            <sn arg="arg1" coreftype="ident" entity="entity2" entityref="spec" func="cd" tem="tem">
              <grup.nom gen="m" num="s">
                <p case="accusative" gen="m" lem="él" num="s" person="3" pos="pp3msa00" postype="personal" wd="lo"/>
              </grup.nom>
            </sn>
            <grup.verb>
              <v lem="haber" mood="indicative" num="p" person="3" pos="vaip3p0" postype="auxiliary" tense="present" wd="han"/>
              <v gen="m" lem="colocar" lss="A11.transitive-causative" mood="participle" num="s" pos="vmp00sm" postype="main" wd="colocado"/>
            </grup.verb>
            <sp arg="argM" func="cc" tem="adv">
              <prep>
                <s lem="entre" pos="sps00" postype="preposition" wd="entre"/>
              </prep>
              <sn entityref="nne" homophoricDD="yes">
                <spec gen="m" num="p">
                  <d gen="m" lem="el" num="p" pos="da0mp0" postype="article" wd="los"/>
                  <d gen="c" lem="diez" num="p" pos="dn0cp0" postype="numeral" wd="diez"/>
                </spec>
                <grup.nom gen="m" num="p">
                  <s.a gen="m" num="p">
                    <grup.a gen="m" num="p">
                      <a gen="c" lem="mejor" num="p" pos="aq0cp0" postype="qualificative" wd="mejores"/>
                    </grup.a>
                  </s.a>
                  <n gen="m" lem="lanzador" num="p" pos="ncmp000" postype="common" sense="16:07641053" wd="lanzadores"/>
                  <sp>
                    <prep>
                      <s lem="en" pos="sps00" postype="preposition" wd="en"/>
                    </prep>
                    <sn entityref="nne" homophoricDD="yes">
                      <spec gen="f" num="s">
                        <d gen="f" lem="el" num="s" pos="da0fs0" postype="article" wd="la"/>
                      </spec>
                      <grup.nom gen="f" num="s">
                        <n gen="f" lem="historia" num="s" pos="ncfs000" postype="common" sense="16:10851812" wd="historia"/>
                        <sp>
                          <prep>
                            <s lem="de" pos="sps00" postype="preposition" wd="de"/>
                          </prep>
                          <sn entityref="nne">
                            <spec gen="f" num="s">
                              <d gen="f" lem="el" num="s" pos="da0fs0" postype="article" wd="la"/>
                            </spec>
                            <grup.nom gen="f" num="s">
                              <n gen="f" lem="franquicia" num="s" pos="ncfs000" postype="common" sense="16:cs1" wd="franquicia"/>
                            </grup.nom>
                          </sn>
                        </sp>
                      </grup.nom>
                    </sn>
                  </sp>
                  <sp>
                    <f lem="," pos="fc" punct="comma" wd=","/>
                    <prep>
                      <s lem="en" pos="sps00" postype="preposition" wd="en"/>
                    </prep>
                    <sn complex="yes">
                      <grup.nom coord="yes">
                        <grup.nom gen="m" num="p">
                          <n gen="m" lem="triunfo" lexicalid="noun.triunfo.1.default" num="p" origin="deverbal" pos="ncmp000" postype="common" sense="16:05478453" wd="triunfos"/>
                        </grup.nom>
                        <f lem="," pos="fc" punct="comma" wd=","/>
                        <grup.nom gen="f" num="p">
                          <n gen="f" lem="derrota" lexicalid="noun.derrota.1.default" num="p" origin="deverbal" pos="ncfp000" postype="common" sense="16:05558471" wd="derrotas"/>
                        </grup.nom>
                        <conj conjunctiontype="coordinating">
                          <c lem="y" pos="cc" postype="coordinating" wd="y"/>
                        </conj>
                        <grup.nom gen="m" num="p">
                          <n gen="m" lem="ponche" num="p" pos="ncmp000" postype="common" sense="16:05949748" wd="ponches"/>
                        </grup.nom>
                      </grup.nom>
                    </sn>
                  </sp>
                </grup.nom>
              </sn>
            </sp>
          </S>
        </grup.nom>
      </sn>
    </sn>
    <f lem="." pos="fp" punct="period" wd="."/>
  </sentence>
</article>
