<?xml version="1.0" encoding="UTF-8"?>
<!-- 

  ancora-2.0
       
			Copyright (C) 2007, 2008, 2009, 2010, 2011 UB - CLiC
			Centre de Llenguatge i Computació - Universitat de Barcelona
 
  This file is part of ancora-2.0.
 
  ancora-2.0 is free software and data: you can redistribute it and/or modify
  it under the terms of the GNU General Public License as published
  by the Free Software Foundation, either version 3 of the License,
  or (at your option) any later version.

  ancora-2.0 is distributed in the hope that it will be useful,
  but WITHOUT ANY WARRANTY; without even the implied warranty of
  MERCHANTABILITY or FITNESS FOR A PARTICULAR PURPOSE.  See the
  GNU General Public License for more details.
 
  You should have received a copy of the GNU General Public License
  along with ancora-2.0.  If not, see &lt;http://www.gnu.org/licenses/&gt;.
 
  Check a text in catalan explaining the terms of the license at http://www.softcatala.cat/wiki/GPL3.
  In spanish at http://www.viti.es/gnu/licenses/gpl.html
 

  The following paper must be cited when using this corpus:

 * Taulé, M., M.A. Martí, M. Recasens (2008) 'Ancora: Multilevel Annotated Corpora for Catalan and Spanish',
   Proceedings of 6th International Conference on Language Resources and Evaluation. Marrakesh (Morocco).

  In addition, the following paper must be cited if coreference information (attributes entity, coreftype,
  corefsubtype, homophoricDD or entityref) is used:

 * Recasens, Marta, M. Antònia Martí (2010) ‘AnCora-CO: Coreferentially annotated corpora for Spanish and
   Catalan’. Language Resources and Evaluation, Springer Science.

  Additionally, the following paper must be cited when argumental attributes in "sn" or "grup.nom"
  (attributes func, arg, tem or lexicalid) are used:

 * Peris, Aina, Mariona Taulé, Horacio Rodríguez (2010) ‘Semantic Annotation of Deverbal Nominalizations in the
   Spanish AnCora corpus’. Treebanks and Linguistic Theories (TLT-2010), Estonia.
-->
<article lng="es">
  <sentence>
    <sn arg="arg0" complex="yes" entity="entity1" entityref="ne" func="suj" ne="person" tem="agt">
      <spec gen="f" num="s">
        <d gen="f" lem="el" num="s" pos="da0fs0" postype="article" wd="La"/>
      </spec>
      <grup.nom coord="yes">
        <grup.nom coord="yes">
          <grup.nom gen="f" num="s">
            <n gen="f" lem="vicepresidenta" num="s" pos="ncfs000" postype="common" sense="16:cs1" wd="vicepresidenta"/>
            <sp>
              <prep>
                <s lem="de" pos="sps00" postype="preposition" wd="de"/>
              </prep>
              <sn entity="entity16" entityref="ne" ne="organization">
                <spec gen="f" num="s">
                  <d gen="f" lem="el" num="s" pos="da0fs0" postype="article" wd="la"/>
                </spec>
                <grup.nom gen="f" num="s">
                  <n lem="Comisión_Europea" ne="organization" pos="np0000o" postype="proper" sense="16:cs1" wd="Comisión_Europea"/>
                </grup.nom>
              </sn>
            </sp>
          </grup.nom>
          <conj conjunctiontype="coordinating">
            <c lem="y" pos="cc" postype="coordinating" wd="y"/>
          </conj>
          <grup.nom gen="f" num="s">
            <n gen="f" lem="comisaria" num="s" pos="ncfs000" postype="common" sense="16:cs1" wd="comisaria"/>
            <sp>
              <prep>
                <s lem="de" pos="sps00" postype="preposition" wd="de"/>
              </prep>
              <sn entityref="ne" ne="organization">
                <grup.nom>
                  <n lem="Transportes" ne="organization" pos="np0000o" postype="proper" sense="16:cs1" wd="Transportes"/>
                </grup.nom>
              </sn>
            </sp>
          </grup.nom>
        </grup.nom>
        <sn adjunct="yes" corefsubtype="definit" coreftype="pred" entity="entity1" entityref="ne" ne="person">
          <f lem="," pos="fc" punct="comma" wd=","/>
          <grup.nom gen="f" num="s">
            <n lem="Loyola_de_Palacio" ne="person" pos="np0000p" postype="proper" sense="16:cs1" wd="Loyola_de_Palacio"/>
          </grup.nom>
          <f lem="," pos="fc" punct="comma" wd=","/>
        </sn>
      </grup.nom>
    </sn>
    <grup.verb>
      <v lem="confirmar" lss="A21.transitive-agentive-patient" mood="indicative" num="s" person="3" pos="vmis3s0" postype="main" tense="past" wd="confirmó"/>
    </grup.verb>
    <sadv arg="argM" func="cc" tem="tmp">
      <grup.adv>
        <r lem="hoy" pos="rg" wd="hoy"/>
      </grup.adv>
    </sadv>
    <sp arg="argM" func="cc" tem="loc">
      <prep>
        <s lem="en" pos="sps00" postype="preposition" wd="en"/>
      </prep>
      <sn entityref="ne" ne="location">
        <grup.nom>
          <n lem="Pamplona" ne="location" pos="np0000l" postype="proper" wd="Pamplona"/>
        </grup.nom>
      </sn>
    </sp>
    <sn arg="arg1" entityref="nne" func="cd" homophoricDD="yes" tem="pat">
      <f lem="&quot;" pos="fe" punct="quotation" wd="&quot;"/>
      <spec gen="m" num="s">
        <d gen="m" lem="el" num="s" pos="da0ms0" postype="article" wd="el"/>
      </spec>
      <grup.nom gen="m" num="s">
        <n gen="m" lem="apoyo" lexicalid="noun.apoyo.1.default" num="s" origin="deverbal" pos="ncms000" postype="common" sense="16:00786193" wd="apoyo"/>
        <s.a func="cn" gen="m" num="s">
          <grup.a gen="m" num="s">
            <a gen="m" lem="pleno" num="s" pos="aq0ms0" postype="qualificative" wd="pleno"/>
          </grup.a>
        </s.a>
        <f lem="&quot;" pos="fe" punct="quotation" wd="&quot;"/>
        <sp arg="arg0" func="cn" tem="agt">
          <prep>
            <s contracted="yes" gen="m" lem="del" num="s" pos="spcms" postype="preposition" wd="del"/>
          </prep>
          <sn entity="entity7" entityref="ne" ne="organization">
            <grup.nom gen="m" num="s">
              <n lem="Gobierno" ne="organization" pos="np0000o" postype="proper" sense="16:cs1" wd="Gobierno"/>
              <s.a gen="m" num="s">
                <grup.a gen="m" num="s">
                  <a gen="c" lem="central" num="s" pos="aq0cs0" postype="qualificative" wd="central"/>
                </grup.a>
              </s.a>
            </grup.nom>
          </sn>
        </sp>
        <sp arg="arg1" func="cn" tem="pat">
          <prep>
            <s lem="a" pos="sps00" postype="preposition" wd="a"/>
          </prep>
          <sn entityref="nne" homophoricDD="yes">
            <spec gen="f" num="s">
              <d gen="f" lem="el" num="s" pos="da0fs0" postype="article" wd="la"/>
            </spec>
            <grup.nom gen="f" num="s">
              <n gen="f" lem="ejecución" lexicalid="noun.ejecución.2.default" num="s" origin="deverbal" pos="ncfs000" postype="common" sense="16:00729882" wd="ejecución"/>
              <sp arg="arg1" func="cn" tem="pat">
                <prep>
                  <s lem="de" pos="sps00" postype="preposition" wd="de"/>
                </prep>
                <sn entity="entity2" entityref="nne">
                  <spec gen="f" num="s">
                    <d gen="f" lem="uno" num="s" pos="di0fs0" postype="indefinite" wd="una"/>
                  </spec>
                  <grup.nom gen="f" num="s">
                    <n gen="f" lem="vía" num="s" pos="ncfs000" postype="common" sense="16:03600463" wd="vía"/>
                    <sp>
                      <prep>
                        <s lem="de" pos="sps00" postype="preposition" wd="de"/>
                      </prep>
                      <sn>
                        <grup.nom gen="f" num="s">
                          <s.a gen="f" num="s">
                            <grup.a gen="f" num="s">
                              <a gen="c" lem="gran" num="s" pos="aq0cs0" postype="qualificative" wd="gran"/>
                            </grup.a>
                          </s.a>
                          <n gen="f" lem="capacidad" num="s" pos="ncfs000" postype="common" sense="16:03982226" wd="capacidad"/>
                        </grup.nom>
                      </sn>
                    </sp>
                    <S clausetype="relative">
                      <relatiu arg="arg0" coreftype="ident" entity="entity2" entityref="nne" func="suj" tem="agt">
                        <p gen="c" lem="que" num="c" pos="pr0cn000" postype="relative" wd="que"/>
                      </relatiu>
                      <grup.verb>
                        <v lem="unir" lss="A34.ditransitive-patient-theme" mood="subjunctive" num="s" person="3" pos="vmsp3s0" postype="main" tense="present" wd="una"/>
                      </grup.verb>
                      <sn arg="arg1" entity="entity6" entityref="ne" func="cd" ne="location" tem="pat">
                        <grup.nom>
                          <n lem="España" ne="location" pos="np0000l" postype="proper" sense="16:06581760" wd="España"/>
                        </grup.nom>
                      </sn>
                      <sp arg="arg2" func="creg" tem="tem">
                        <prep>
                          <s lem="con" pos="sps00" postype="preposition" wd="con"/>
                        </prep>
                        <sn entityref="ne" ne="location">
                          <grup.nom>
                            <n lem="Francia" ne="location" pos="np0000l" postype="proper" sense="16:06524612" wd="Francia"/>
                          </grup.nom>
                        </sn>
                      </sp>
                      <sp arg="argM" func="cc" tem="adv">
                        <prep>
                          <s contracted="yes" gen="m" lem="a_través_del" num="s" pos="spcms" postype="preposition" wd="a_través_del"/>
                        </prep>
                        <sn entityref="ne" ne="location">
                          <grup.nom gen="m" num="s">
                            <n lem="Pirineo" ne="location" pos="np0000l" postype="proper" sense="16:cs1" wd="Pirineo"/>
                            <s.a gen="m" num="s">
                              <grup.a gen="m" num="s">
                                <a gen="m" lem="navarro" num="s" pos="aq0ms0" postype="qualificative" wd="navarro"/>
                              </grup.a>
                            </s.a>
                          </grup.nom>
                        </sn>
                      </sp>
                    </S>
                  </grup.nom>
                </sn>
              </sp>
            </grup.nom>
          </sn>
        </sp>
      </grup.nom>
    </sn>
    <f lem="." pos="fp" punct="period" wd="."/>
  </sentence>
  <sentence coord="yes">
    <S>
      <sp arg="argM" func="cc" tem="tmp">
        <prep>
          <s lem="durante" pos="sps00" postype="preposition" wd="Durante"/>
        </prep>
        <sn entity="entity3" entityref="nne">
          <spec gen="f" num="s">
            <d gen="f" lem="uno" num="s" pos="di0fs0" postype="indefinite" wd="una"/>
          </spec>
          <grup.nom gen="f" num="s">
            <n gen="f" lem="visita" lexicalid="noun.visita.1.default" num="s" origin="deverbal" pos="ncfs000" postype="common" sense="16:00800256" wd="visita"/>
            <sp arg="arg1" func="cn" tem="pat">
              <prep>
                <s lem="a" pos="sps00" postype="preposition" wd="a"/>
              </prep>
              <sn entity="entity19" entityref="spec" homophoricDD="yes">
                <spec gen="f" num="s">
                  <d gen="f" lem="el" num="s" pos="da0fs0" postype="article" wd="la"/>
                </spec>
                <grup.nom gen="f" num="s">
                  <n gen="f" lem="comunidad" num="s" pos="ncfs000" postype="common" sense="16:05972379" wd="comunidad"/>
                  <s.a gen="f" num="s">
                    <grup.a gen="f" num="s">
                      <a gen="c" lem="foral" num="s" pos="aq0cs0" postype="qualificative" wd="foral"/>
                    </grup.a>
                  </s.a>
                </grup.nom>
              </sn>
            </sp>
            <sp arg="argM" func="cn" tem="fin">
              <prep>
                <s lem="para" pos="sps00" postype="preposition" wd="para"/>
              </prep>
              <S clausetype="completive" impersonal="yes">
                <infinitiu>
                  <v lem="conocer" lss="A21.transitive-agentive-patient" mood="infinitive" pos="vmn0000" postype="main" wd="conocer"/>
                </infinitiu>
                <sn arg="arg1" coord="yes" func="cd" tem="pat">
                  <sn entityref="ne" ne="location">
                    <spec gen="f" num="s">
                      <d gen="f" lem="el" num="s" pos="da0fs0" postype="article" wd="la"/>
                    </spec>
                    <grup.nom gen="f" num="s">
                      <n lem="Ciudad_del_Transporte" ne="location" pos="np0000l" postype="proper" sense="16:cs1" wd="Ciudad_del_Transporte"/>
                    </grup.nom>
                  </sn>
                  <conj conjunctiontype="coordinating">
                    <c lem="y" pos="cc" postype="coordinating" wd="y"/>
                  </conj>
                  <sn entity="entity17" entityref="ne" ne="location">
                    <spec gen="m" num="s">
                      <d gen="m" lem="el" num="s" pos="da0ms0" postype="article" wd="el"/>
                    </spec>
                    <grup.nom gen="m" num="s">
                      <n gen="m" lem="parque" num="s" pos="ncms000" postype="common" sense="16:06347803" wd="parque"/>
                      <s.a gen="m" num="s">
                        <grup.a gen="m" num="s">
                          <a gen="m" lem="eólico" num="s" pos="aq0ms0" postype="qualificative" wd="eólico"/>
                        </grup.a>
                      </s.a>
                      <sp>
                        <prep>
                          <s lem="de" pos="sps00" postype="preposition" wd="de"/>
                        </prep>
                        <sn entityref="ne" ne="location">
                          <grup.nom>
                            <n lem="Guerinda" ne="location" pos="np0000l" postype="proper" sense="16:cs1" wd="Guerinda"/>
                          </grup.nom>
                        </sn>
                      </sp>
                    </grup.nom>
                  </sn>
                </sn>
              </S>
            </sp>
            <S clausetype="relative" func="cn">
              <f lem="," pos="fc" punct="comma" wd=","/>
              <sp arg="argM" func="cc" tem="loc">
                <prep>
                  <s lem="en" pos="sps00" postype="preposition" wd="en"/>
                </prep>
                <relatiu coreftype="ident" entity="entity3" entityref="nne">
                  <d gen="f" lem="el" num="s" pos="da0fs0" postype="article" wd="la"/>
                  <p gen="c" lem="que" num="c" pos="pr0cn000" postype="relative" wd="que"/>
                </relatiu>
              </sp>
              <sn arg="arg0" coreftype="ident" elliptic="yes" entity="entity1" entityref="spec" func="suj" tem="agt"/>
              <grup.verb>
                <v lem="rehusar" lss="A21.transitive-agentive-patient" mood="indicative" num="s" person="3" pos="vmis3s0" postype="main" tense="past" wd="rehusó"/>
              </grup.verb>
              <S arg="arg1" clausetype="completive" func="cd" impersonal="yes" tem="pat">
                <infinitiu>
                  <v lem="opinar" lss="A34.ditransitive-patient-theme" mood="infinitive" pos="vmn0000" postype="main" wd="opinar"/>
                </infinitiu>
                <sp func="ao">
                  <prep>
                    <s lem="sobre" pos="sps00" postype="preposition" wd="sobre"/>
                  </prep>
                  <sn entityref="nne" homophoricDD="yes">
                    <spec gen="f" num="s">
                      <d gen="f" lem="el" num="s" pos="da0fs0" postype="article" wd="la"/>
                    </spec>
                    <grup.nom gen="f" num="s">
                      <n gen="f" lem="dimisión" lexicalid="noun.dimisión.1.default" num="s" origin="deverbal" pos="ncfs000" postype="common" sense="16:05414101" wd="dimisión"/>
                      <sp arg="arg0" func="cn" tem="agt">
                        <prep>
                          <s contracted="yes" gen="m" lem="del" num="s" pos="spcms" postype="preposition" wd="del"/>
                        </prep>
                        <sn entityref="ne" ne="person">
                          <grup.nom gen="m" num="s">
                            <n gen="m" lem="ministro" num="s" pos="ncms000" postype="common" sense="16:07412658" wd="ministro"/>
                            <sn entityref="ne" ne="person">
                              <grup.nom gen="m" num="s">
                                <n lem="Pimentel" ne="person" pos="np0000p" postype="proper" sense="16:cs1" wd="Pimentel"/>
                              </grup.nom>
                            </sn>
                          </grup.nom>
                        </sn>
                      </sp>
                    </grup.nom>
                  </sn>
                </sp>
              </S>
              <f lem="," pos="fc" punct="comma" wd=","/>
            </S>
          </grup.nom>
        </sn>
      </sp>
      <sn arg="arg1" coreftype="ident" entity="entity1" entityref="ne" func="suj" ne="person" tem="pat">
        <grup.nom gen="f" num="s">
          <n lem="De_Palacio" ne="person" pos="np0000p" postype="proper" sense="16:cs1" wd="De_Palacio"/>
        </grup.nom>
      </sn>
      <grup.verb>
        <v lem="ser" mood="indicative" num="s" person="3" pos="vsis3s0" postype="semiauxiliary" tense="past" wd="fue"/>
        <v gen="f" lem="recibir" lss="B22.unaccusative-passive-transitive" mood="participle" num="s" pos="vmp00sf" postype="main" wd="recibida"/>
      </grup.verb>
      <sp arg="arg0" func="cag" tem="agt">
        <prep>
          <s lem="por" pos="sps00" postype="preposition" wd="por"/>
        </prep>
        <sn entity="entity8" entityref="ne" ne="person">
          <spec gen="m" num="s">
            <d gen="m" lem="el" num="s" pos="da0ms0" postype="article" wd="el"/>
          </spec>
          <grup.nom gen="m" num="s">
            <n gen="m" lem="presidente" num="s" pos="ncms000" postype="common" sense="16:07496197" wd="presidente"/>
            <sn entityref="ne" ne="person">
              <grup.nom gen="m" num="s">
                <n lem="Miguel_Sanz" ne="person" pos="np0000p" postype="proper" sense="16:cs1" wd="Miguel_Sanz"/>
              </grup.nom>
            </sn>
          </grup.nom>
        </sn>
      </sp>
    </S>
    <conj conjunctiontype="coordinating">
      <c lem="y" pos="cc" postype="coordinating" wd="y"/>
    </conj>
    <S entity="entity4">
      <sp arg="argM" func="cc" tem="loc">
        <f lem="," pos="fc" punct="comma" wd=","/>
        <prep>
          <s lem="en" pos="sps00" postype="preposition" wd="en"/>
        </prep>
        <sn entityref="nne">
          <spec gen="f" num="s">
            <d gen="f" lem="uno" num="s" pos="di0fs0" postype="indefinite" wd="una"/>
          </spec>
          <grup.nom gen="f" num="s">
            <n gen="f" lem="comparecencia" lexicalid="noun.comparecencia.1.default" num="s" origin="deverbal" pos="ncfs000" postype="common" sense="16:00800661" wd="comparecencia"/>
            <sp arg="argM" func="cn" tem="loc">
              <prep>
                <s lem="ante" pos="sps00" postype="preposition" wd="ante"/>
              </prep>
              <sn entityref="nne" homophoricDD="yes">
                <spec gen="m" num="p">
                  <d gen="m" lem="el" num="p" pos="da0mp0" postype="article" wd="los"/>
                </spec>
                <grup.nom gen="m" num="p">
                  <n gen="m" lem="medio" num="p" pos="ncmp000" postype="common" sense="16:02975720" wd="medios"/>
                </grup.nom>
              </sn>
            </sp>
          </grup.nom>
        </sn>
        <f lem="," pos="fc" punct="comma" wd=","/>
      </sp>
      <sn arg="arg0" coreftype="ident" elliptic="yes" entity="entity1" entityref="spec" func="suj" tem="agt"/>
      <grup.verb>
        <v lem="comentar" lss="A32.ditransitive-patient-benefactive" mood="indicative" num="s" person="3" pos="vmis3s0" postype="main" tense="past" wd="comentó"/>
      </grup.verb>
      <S arg="arg1" clausetype="completive" func="cd" tem="pat">
        <conj conjunctiontype="subordinating">
          <c lem="que" pos="cs" postype="subordinating" wd="que"/>
        </conj>
        <sadv arg="argM" func="cc" tem="adv">
          <grup.adv>
            <r lem="en_todo_caso" pos="rg" wd="en_todo_caso"/>
          </grup.adv>
        </sadv>
        <sn arg="arg1" coreftype="ident" entity="entity2" entityref="nne" func="suj" tem="pat">
          <spec gen="f" num="s">
            <d gen="f" lem="este" num="s" pos="dd0fs0" postype="demonstrative" wd="esta"/>
          </spec>
          <grup.nom gen="f" num="s">
            <s.a gen="f" num="s">
              <grup.a gen="f" num="s">
                <a gen="f" lem="nuevo" num="s" pos="aq0fs0" postype="qualificative" wd="nueva"/>
              </grup.a>
            </s.a>
            <n gen="f" lem="vía" num="s" pos="ncfs000" postype="common" sense="16:03600463" wd="vía"/>
          </grup.nom>
        </sn>
        <neg func="mod">
          <r lem="no" pos="rn" postype="negative" wd="no"/>
        </neg>
        <grup.verb>
          <v lem="poder" mood="indicative" num="s" person="3" pos="vmif3s0" postype="main" tense="future" wd="podrá"/>
          <infinitiu>
            <v lem="incorporar" lss="B22.unaccusative-passive-transitive" mood="infinitive" pos="vmn0000" postype="main" wd="incorporarse"/>
          </infinitiu>
        </grup.verb>
        <sp arg="arg2" func="creg" tem="loc">
          <prep>
            <s lem="a" pos="sps00" postype="preposition" wd="a"/>
          </prep>
          <sn entityref="nne" homophoricDD="yes">
            <spec gen="f" num="p">
              <d gen="f" lem="el" num="p" pos="da0fp0" postype="article" wd="las"/>
            </spec>
            <grup.nom gen="f" num="p">
              <n gen="f" lem="previsión" lexicalid="noun.previsión.1.default" num="p" origin="deverbal" pos="ncfp000" postype="common" sense="16:04453620" wd="previsiones"/>
              <sp arg="arg1" func="cn" tem="pat">
                <prep>
                  <s lem="de" pos="sps00" postype="preposition" wd="de"/>
                </prep>
                <sn entityref="nne" homophoricDD="yes">
                  <spec gen="f" num="p">
                    <d gen="f" lem="el" num="p" pos="da0fp0" postype="article" wd="las"/>
                  </spec>
                  <grup.nom gen="f" num="p">
                    <n gen="f" lem="red" num="p" pos="ncfp000" postype="common" sense="16:03038207" wd="redes"/>
                    <s.a gen="f" num="p">
                      <grup.a gen="f" num="p">
                        <a lem="transeuropeas" postype="qualificative" wd="transeuropeas"/>
                      </grup.a>
                    </s.a>
                  </grup.nom>
                </sn>
              </sp>
            </grup.nom>
          </sn>
        </sp>
        <S arg="argM" clausetype="completive" func="cc" tem="adv">
          <conj conjunctiontype="subordinating">
            <c lem="hasta_tanto" pos="cs" postype="subordinating" wd="hasta_tanto"/>
          </conj>
          <neg func="mod">
            <r lem="no" pos="rn" postype="negative" wd="no"/>
          </neg>
          <morfema.pronominal>
            <p gen="c" lem="él" num="c" person="3" pos="p0300000" wd="se"/>
          </morfema.pronominal>
          <grup.verb>
            <v lem="pronunciar" lss="D11.inergative-agentive" mood="subjunctive" num="s" person="3" pos="vmsp3s0" postype="main" tense="present" wd="pronuncie"/>
          </grup.verb>
          <sn arg="arg0" entity="entity5" entityref="ne" func="suj" ne="organization" tem="agt">
            <spec gen="m" num="s">
              <d gen="m" lem="el" num="s" pos="da0ms0" postype="article" wd="el"/>
            </spec>
            <grup.nom gen="m" num="s">
              <n lem="Gobierno" ne="organization" pos="np0000o" postype="proper" sense="16:cs1" wd="Gobierno"/>
              <s.a gen="m" num="s">
                <grup.a gen="m" num="s">
                  <a gen="m" lem="francés" num="s" pos="aq0ms0" postype="qualificative" wd="francés"/>
                </grup.a>
              </s.a>
            </grup.nom>
          </sn>
        </S>
      </S>
    </S>
    <f lem="." pos="fp" punct="period" wd="."/>
  </sentence>
  <sentence coord="yes">
    <S coord="yes">
      <S>
        <sn arg="arg0" coreftype="ident" elliptic="yes" entity="entity1" entityref="spec" func="suj" tem="agt"/>
        <grup.verb>
          <v lem="comprometer" lss="A22.transitive-agentive-theme" mood="indicative" num="s" person="3" pos="vmis3s0" postype="main" tense="past" wd="Comprometió"/>
        </grup.verb>
        <sp arg="argM" func="cc" tem="cau">
          <prep>
            <s lem="por" pos="sps00" postype="preposition" wd="por"/>
          </prep>
          <sn corefsubtype="token" coreftype="dx" entity="entity4" entityref="nne">
            <grup.nom gen="m" num="s">
              <p gen="c" lem="él" num="s" person="3" pos="pp3ns000" postype="personal" wd="ello"/>
            </grup.nom>
          </sn>
        </sp>
        <sn arg="arg1" entityref="nne" func="cd" tem="pat">
          <spec arg="arg0" gen="f" num="p" tem="agt">
            <d coreftype="ident" entity="entity1" entityref="spec" gen="c" lem="su" num="p" person="3" pos="dp3cp0" postype="possessive" wd="sus"/>
          </spec>
          <grup.nom gen="f" num="p">
            <n gen="f" lem="gestión" lexicalid="noun.gestión.1.default" num="p" origin="deverbal" pos="ncfp000" postype="common" sense="16:05347846" wd="gestiones"/>
          </grup.nom>
        </sn>
        <sp arg="argM" func="cc" tem="adv">
          <prep>
            <s lem="ante" pos="sps00" postype="preposition" wd="ante"/>
          </prep>
          <sn coreftype="ident" entity="entity5" entityref="ne" ne="organization">
            <spec gen="m" num="s">
              <d gen="m" lem="el" num="s" pos="da0ms0" postype="article" wd="el"/>
            </spec>
            <grup.nom gen="m" num="s">
              <n lem="Ejecutivo" ne="organization" pos="np0000o" postype="proper" sense="16:cs1" wd="Ejecutivo"/>
              <s.a gen="m" num="s">
                <grup.a gen="m" num="s">
                  <a gen="m" lem="galo" num="s" pos="aq0ms0" postype="qualificative" wd="galo"/>
                </grup.a>
              </s.a>
            </grup.nom>
          </sn>
        </sp>
        <sp arg="argM" func="cc" tem="adv">
          <prep>
            <s lem="en_favor_de" pos="sps00" postype="preposition" wd="en_favor_de"/>
          </prep>
          <sn coreftype="ident" entity="entity2" entityref="nne">
            <spec gen="f" num="s">
              <d gen="f" lem="este" num="s" pos="dd0fs0" postype="demonstrative" wd="esta"/>
            </spec>
            <grup.nom gen="f" num="s">
              <n gen="f" lem="vía" num="s" pos="ncfs000" postype="common" sense="16:03600463" wd="vía"/>
              <sp>
                <prep>
                  <s lem="de" pos="sps00" postype="preposition" wd="de"/>
                </prep>
                <sn>
                  <grup.nom gen="f" num="s">
                    <n gen="f" lem="comunicación" lexicalid="noun.comunicación.7.default" num="s" origin="deverbal" pos="ncfs000" postype="common" sense="16:04728675" wd="comunicación"/>
                  </grup.nom>
                </sn>
              </sp>
              <sp>
                <prep>
                  <s lem="entre" pos="sps00" postype="preposition" wd="entre"/>
                </prep>
                <sn coord="yes">
                  <sn coreftype="ident" entity="entity6" entityref="spec">
                    <spec gen="f" num="s">
                      <d gen="f" lem="el" num="s" pos="da0fs0" postype="article" wd="la"/>
                    </spec>
                    <grup.nom gen="f" num="s">
                      <n gen="f" lem="península" num="s" pos="ncfs000" postype="common" sense="16:06744503" wd="península"/>
                    </grup.nom>
                  </sn>
                  <conj conjunctiontype="coordinating">
                    <c lem="y" pos="cc" postype="coordinating" wd="y"/>
                  </conj>
                  <sn entity="entity10" entityref="ne" ne="location">
                    <spec gen="m" num="s">
                      <d gen="m" lem="el" num="s" pos="da0ms0" postype="article" wd="el"/>
                    </spec>
                    <grup.nom gen="m" num="s">
                      <n gen="m" lem="continente" num="s" pos="ncms000" postype="common" sense="16:06835944" wd="continente"/>
                      <s.a gen="m" num="s">
                        <grup.a gen="m" num="s">
                          <a gen="m" lem="europeo" num="s" pos="aq0ms0" postype="qualificative" wd="europeo"/>
                        </grup.a>
                      </s.a>
                    </grup.nom>
                  </sn>
                </sn>
              </sp>
            </grup.nom>
          </sn>
        </sp>
        <f lem="," pos="fc" punct="comma" wd=","/>
      </S>
      <conj conjunctiontype="coordinating">
        <c lem="al_igual_que" pos="cc" postype="coordinating" wd="al_igual_que"/>
      </conj>
      <S verbless="yes">
        <sn entityref="nne">
          <spec gen="f" num="p">
            <d gen="f" lem="el" num="p" pos="da0fp0" postype="article" wd="las"/>
          </spec>
          <grup.nom gen="f" num="p">
            <sp>
              <prep>
                <s contracted="yes" gen="m" lem="del" num="s" pos="spcms" postype="preposition" wd="del"/>
              </prep>
              <sn coreftype="ident" entity="entity7" entityref="ne" ne="organization">
                <grup.nom gen="m" num="s">
                  <n gen="m" lem="gabinete" num="s" pos="ncms000" postype="common" sense="16:06201641" wd="gabinete"/>
                  <sp>
                    <prep>
                      <s lem="de" pos="sps00" postype="preposition" wd="de"/>
                    </prep>
                    <sn entityref="ne" ne="person">
                      <grup.nom gen="m" num="s">
                        <n lem="José_María_Aznar" ne="person" pos="np0000p" postype="proper" sense="16:50001564" wd="José_María_Aznar"/>
                      </grup.nom>
                    </sn>
                  </sp>
                </grup.nom>
              </sn>
            </sp>
          </grup.nom>
        </sn>
      </S>
      <f lem="," pos="fc" punct="comma" wd=","/>
    </S>
    <conj conjunctiontype="coordinating">
      <c lem="y" pos="cc" postype="coordinating" wd="y"/>
    </conj>
    <S>
      <sadv func="ao">
        <grup.adv>
          <r lem="al_respecto" pos="rg" wd="al_respecto"/>
        </grup.adv>
      </sadv>
      <sn arg="arg0" coreftype="ident" elliptic="yes" entity="entity1" entityref="spec" func="suj" tem="agt"/>
      <grup.verb>
        <v lem="agregar" lss="A21.transitive-agentive-patient" mood="indicative" num="s" person="3" pos="vmis3s0" postype="main" tense="past" wd="agregó"/>
      </grup.verb>
      <S arg="arg1" clausetype="completive" func="cd" tem="pat">
        <conj conjunctiontype="subordinating">
          <c lem="que" pos="cs" postype="subordinating" wd="que"/>
        </conj>
        <grup.verb>
          <v lem="existir" lss="C11.state-existential" mood="indicative" num="s" person="3" pos="vmip3s0" postype="main" tense="present" wd="existe"/>
        </grup.verb>
        <sn arg="arg1" entityref="nne" func="suj" tem="tem">
          <f lem="&quot;" pos="fe" punct="quotation" wd="&quot;"/>
          <grup.nom gen="f" num="s">
            <s.a gen="f" num="s">
              <grup.a gen="f" num="s">
                <a gen="f" lem="pleno" num="s" pos="aq0fs0" postype="qualificative" wd="plena"/>
              </grup.a>
            </s.a>
            <n gen="f" lem="voluntad" num="s" pos="ncfs000" postype="common" sense="16:05370812" wd="voluntad"/>
          </grup.nom>
          <f lem="&quot;" pos="fe" punct="quotation" wd="&quot;"/>
        </sn>
        <S arg="argM" clausetype="adverbial" func="cc" tem="cau">
          <conj conjunctiontype="subordinating">
            <c lem="porque" pos="cs" postype="subordinating" wd="porque"/>
          </conj>
          <f lem="&quot;" pos="fe" punct="quotation" wd="&quot;"/>
          <grup.verb>
            <v lem="parecer" lss="C42.state-experiencer" mood="indicative" num="s" person="3" pos="vmip3s0" postype="main" tense="present" wd="parece"/>
          </grup.verb>
          <sa arg="arg2" func="atr" tem="atr">
            <spec>
              <r lem="mucho" pos="rg" wd="muy"/>
            </spec>
            <grup.a>
              <a gen="c" lem="razonable" num="s" pos="aq0cs0" postype="qualificative" wd="razonable"/>
            </grup.a>
          </sa>
          <S arg="arg1" clausetype="completive" func="suj" impersonal="yes" tem="tem">
            <infinitiu>
              <v lem="abrir" lss="A21.transitive-agentive-patient" mood="infinitive" pos="vmn0000" postype="main" wd="abrir"/>
            </infinitiu>
            <sn arg="arg1" coreftype="ident" entity="entity2" entityref="nne" func="cd" tem="pat">
              <spec gen="m" num="s">
                <d gen="m" lem="otro" num="s" pos="di0ms0" postype="indefinite" wd="otro"/>
              </spec>
              <grup.nom gen="m" num="s">
                <n gen="m" lem="eje" num="s" pos="ncms000" postype="common" sense="16:04600065" wd="eje"/>
                <s.a gen="m" num="s">
                  <grup.a gen="m" num="s">
                    <a gen="m" lem="distinto" num="s" pos="aq0ms0" postype="qualificative" wd="distinto"/>
                  </grup.a>
                </s.a>
                <sp>
                  <prep>
                    <s lem="para" pos="sps00" postype="preposition" wd="para"/>
                  </prep>
                  <S clausetype="completive" impersonal="yes">
                    <infinitiu>
                      <v lem="atravesar" lss="A21.transitive-agentive-patient" mood="infinitive" pos="vmn0000" postype="main" wd="atravesar"/>
                    </infinitiu>
                    <sn arg="arg1" entityref="ne" func="cd" ne="location" tem="pat">
                      <spec gen="m" num="p">
                        <d gen="m" lem="el" num="p" pos="da0mp0" postype="article" wd="los"/>
                      </spec>
                      <grup.nom gen="m" num="p">
                        <n lem="Pirineos" ne="location" pos="np0000l" postype="proper" sense="16:cs1" wd="Pirineos"/>
                      </grup.nom>
                    </sn>
                  </S>
                </sp>
                <sp>
                  <prep>
                    <s lem="aparte_de" pos="sps00" postype="preposition" wd="aparte_de"/>
                  </prep>
                  <sn entity="entity11" entityref="nne">
                    <spec gen="m" num="p">
                      <d gen="m" lem="el" num="p" pos="da0mp0" postype="article" wd="los"/>
                    </spec>
                    <grup.nom gen="m" num="p">
                      <n gen="m" lem="canal" num="p" pos="ncmp000" postype="common" sense="16:04733874" wd="canales"/>
                      <s.a complex="yes" gen="m" num="p">
                        <grup.a coord="yes" gen="m" num="p">
                          <grup.a gen="m" num="s">
                            <a gen="c" lem="oriental" num="s" pos="aq0cs0" postype="qualificative" wd="oriental"/>
                          </grup.a>
                          <conj conjunctiontype="coordinating">
                            <c lem="y" pos="cc" postype="coordinating" wd="y"/>
                          </conj>
                          <grup.a gen="m" num="s">
                            <a gen="c" lem="occidental" num="s" pos="aq0cs0" postype="qualificative" wd="occidental"/>
                          </grup.a>
                        </grup.a>
                      </s.a>
                    </grup.nom>
                  </sn>
                </sp>
              </grup.nom>
            </sn>
          </S>
          <f lem="&quot;" pos="fe" punct="quotation" wd="&quot;"/>
        </S>
      </S>
    </S>
    <f lem="." pos="fp" punct="period" wd="."/>
  </sentence>
  <sentence>
    <sp func="et">
      <prep>
        <s lem="en" pos="sps00" postype="preposition" wd="En"/>
      </prep>
      <sn entityref="lex">
        <spec gen="m" num="s">
          <d gen="m" lem="este" num="s" pos="dd0ms0" postype="demonstrative" wd="este"/>
        </spec>
        <grup.nom gen="m" num="s">
          <n gen="m" lem="sentido" num="s" pos="ncms000" postype="common" sense="16:04546018" wd="sentido"/>
        </grup.nom>
      </sn>
      <f lem="," pos="fc" punct="comma" wd=","/>
    </sp>
    <sn arg="arg0" coreftype="ident" entity="entity8" entityref="ne" func="suj" ne="person" tem="agt">
      <spec gen="m" num="s">
        <d gen="m" lem="el" num="s" pos="da0ms0" postype="article" wd="el"/>
      </spec>
      <grup.nom gen="m" num="s">
        <n gen="m" lem="presidente" num="s" pos="ncms000" postype="common" sense="16:07496197" wd="presidente"/>
        <s.a gen="m" num="s">
          <grup.a gen="m" num="s">
            <a gen="m" lem="navarro" num="s" pos="aq0ms0" postype="qualificative" wd="navarro"/>
          </grup.a>
        </s.a>
      </grup.nom>
    </sn>
    <grup.verb>
      <v lem="afirmar" lss="A32.ditransitive-patient-benefactive" mood="indicative" num="s" person="3" pos="vmis3s0" postype="main" tense="past" wd="afirmó"/>
    </grup.verb>
    <sadv arg="argM" func="cc" tem="tmp">
      <grup.adv>
        <r lem="ayer" pos="rg" wd="ayer"/>
      </grup.adv>
    </sadv>
    <sp arg="argM" func="cc" tem="loc">
      <prep>
        <s lem="ante" pos="sps00" postype="preposition" wd="ante"/>
      </prep>
      <sn entityref="nne" homophoricDD="yes">
        <spec gen="f" num="s">
          <d gen="f" lem="el" num="s" pos="da0fs0" postype="article" wd="la"/>
        </spec>
        <grup.nom gen="f" num="s">
          <n gen="f" lem="asamblea" num="s" pos="ncfs000" postype="common" sense="16:06071059" wd="asamblea"/>
          <sp>
            <prep>
              <s lem="de" pos="sps00" postype="preposition" wd="de"/>
            </prep>
            <sn entity="entity9" entityref="spec">
              <spec gen="m" num="s">
                <d coreftype="ident" entity="entity8" entityref="spec" gen="c" lem="su" num="s" person="3" pos="dp3cs0" postype="possessive" wd="su"/>
              </spec>
              <grup.nom gen="m" num="s">
                <n gen="m" lem="partido" num="s" pos="ncms000" postype="common" sense="16:06131180" wd="partido"/>
                <sn corefsubtype="definit" coreftype="pred" entity="entity9" entityref="ne" ne="organization">
                  <grup.nom gen="m" num="s">
                    <f lem="-" pos="fg" punct="hyphen" wd="-"/>
                    <n lem="UPN" ne="organization" pos="np0000o" postype="proper" sense="16:50001216" wd="UPN"/>
                    <f lem="-" pos="fg" punct="hyphen" wd="-"/>
                  </grup.nom>
                </sn>
              </grup.nom>
            </sn>
          </sp>
        </grup.nom>
      </sn>
    </sp>
    <S arg="arg1" clausetype="completive" func="cd" tem="pat">
      <conj conjunctiontype="subordinating">
        <c lem="que" pos="cs" postype="subordinating" wd="que"/>
      </conj>
      <sn arg="arg0" coreftype="ident" entity="entity7" entityref="ne" func="suj" ne="organization" tem="agt">
        <spec gen="m" num="s">
          <d gen="m" lem="el" num="s" pos="da0ms0" postype="article" wd="el"/>
        </spec>
        <grup.nom gen="m" num="s">
          <n lem="PP" ne="organization" pos="np0000o" postype="proper" sense="16:50001207" wd="PP"/>
        </grup.nom>
      </sn>
      <grup.verb>
        <v lem="haber" mood="indicative" num="s" person="3" pos="vaip3s0" postype="auxiliary" tense="present" wd="ha"/>
        <v gen="m" lem="aceptar" lss="A21.transitive-agentive-patient" mood="participle" num="s" pos="vmp00sm" postype="main" wd="aceptado"/>
      </grup.verb>
      <sn arg="arg1" coreftype="ident" entity="entity2" entityref="nne" func="cd" tem="pat">
        <spec gen="m" num="s">
          <d gen="m" lem="este" num="s" pos="dd0ms0" postype="demonstrative" wd="este"/>
        </spec>
        <grup.nom gen="m" num="s">
          <n gen="m" lem="proyecto" lexicalid="noun.proyecto.1.default" num="s" origin="deverbal" pos="ncms000" postype="common" sense="16:00508925" wd="proyecto"/>
        </grup.nom>
      </sn>
      <S arg="argM" clausetype="adverbial" func="cc" tem="cau">
        <f lem="&quot;" pos="fe" punct="quotation" wd="&quot;"/>
        <conj conjunctiontype="subordinating">
          <c lem="porque" pos="cs" postype="subordinating" wd="porque"/>
        </conj>
        <sn arg="arg0" coreftype="ident" entity="entity6" entityref="ne" func="suj" ne="organization" tem="agt">
          <grup.nom>
            <n lem="España" ne="organization" pos="np0000o" postype="proper" sense="16:06581760" wd="España"/>
          </grup.nom>
        </sn>
        <neg func="mod">
          <r lem="no" pos="rn" postype="negative" wd="no"/>
        </neg>
        <grup.verb>
          <v lem="poder" mood="indicative" num="s" person="3" pos="vmip3s0" postype="main" tense="present" wd="puede"/>
          <infinitiu>
            <v lem="comunicar" lss="A32.ditransitive-patient-benefactive" mood="infinitive" pos="vmn0000" postype="main" wd="comunicarse"/>
          </infinitiu>
        </grup.verb>
        <sp arg="argM" func="cc" tem="adv">
          <prep>
            <s lem="con" pos="sps00" postype="preposition" wd="con"/>
          </prep>
          <sn coreftype="ident" entity="entity10" entityref="ne" ne="organization">
            <grup.nom>
              <n lem="Europa" ne="organization" pos="np0000o" postype="proper" wd="Europa"/>
            </grup.nom>
          </sn>
        </sp>
        <sp arg="argM" coord="yes" func="cc" tem="adv">
          <sp>
            <prep>
              <s lem="a_través_de" pos="sps00" postype="preposition" wd="a_través_de"/>
            </prep>
            <sn coreftype="ident" entity="entity11" entityref="nne" homophoricDD="yes">
              <spec gen="m" num="p">
                <d gen="m" lem="el" num="p" pos="da0mp0" postype="article" wd="los"/>
                <d gen="c" lem="dos" num="p" pos="dn0cp0" postype="numeral" wd="dos"/>
              </spec>
              <grup.nom gen="m" num="p">
                <n gen="m" lem="extremo" num="p" pos="ncmp000" postype="common" sense="16:06314762" wd="extremos"/>
                <sp>
                  <prep>
                    <s contracted="yes" gen="m" lem="del" num="s" pos="spcms" postype="preposition" wd="del"/>
                  </prep>
                  <sn entityref="ne" ne="location">
                    <grup.nom gen="m" num="s">
                      <n lem="Pirineo" ne="location" pos="np0000l" postype="proper" sense="16:cs1" wd="Pirineo"/>
                    </grup.nom>
                  </sn>
                </sp>
              </grup.nom>
            </sn>
          </sp>
          <f lem="," pos="fc" punct="comma" wd=","/>
          <sp>
            <prep>
              <s lem="a_través_de" pos="sps00" postype="preposition" wd="a_través_de"/>
            </prep>
            <sn entity="entity12" entityref="nne">
              <spec gen="f" num="p">
                <d gen="c" lem="dos" num="p" pos="dn0cp0" postype="numeral" wd="dos"/>
              </spec>
              <grup.nom gen="f" num="p">
                <n gen="f" lem="comunidad" num="p" pos="ncfp000" postype="common" sense="16:05972379" wd="comunidades"/>
                <S clausetype="relative">
                  <relatiu arg="arg0" coreftype="ident" entity="entity12" entityref="nne" func="suj" tem="agt">
                    <p gen="c" lem="que" num="c" pos="pr0cn000" postype="relative" wd="que"/>
                  </relatiu>
                  <sadv arg="argM" func="cc" tem="adv">
                    <grup.adv>
                      <r lem="a_veces" pos="rg" wd="a_veces"/>
                    </grup.adv>
                  </sadv>
                  <sn arg="argM" entityref="nne" func="cc" tem="adv">
                    <f lem="," pos="fc" punct="comma" wd=","/>
                    <sadv adjunct="yes">
                      <grup.adv>
                        <r lem="sobre_todo" pos="rg" wd="sobre_todo"/>
                      </grup.adv>
                    </sadv>
                    <sn>
                      <grup.nom gen="f" num="s">
                        <p gen="f" lem="uno" num="s" pos="pi0fs000" postype="indefinite" wd="una"/>
                        <sp>
                          <prep>
                            <s lem="de" pos="sps00" postype="preposition" wd="de"/>
                          </prep>
                          <sn coreftype="ident" entity="entity12" entityref="nne">
                            <grup.nom gen="f" num="p">
                              <p gen="f" lem="él" num="p" person="3" pos="pp3fp000" postype="personal" wd="ellas"/>
                            </grup.nom>
                          </sn>
                        </sp>
                      </grup.nom>
                    </sn>
                    <f lem="," pos="fc" punct="comma" wd=","/>
                  </sn>
                  <grup.verb>
                    <v lem="estar" mood="indicative" num="p" person="3" pos="vmip3p0" postype="main" tense="present" wd="están"/>
                    <gerundi>
                      <v lem="cuestionar" lss="A21.transitive-agentive-patient" mood="gerund" pos="vmg0000" postype="main" wd="cuestionando"/>
                    </gerundi>
                  </grup.verb>
                  <sn arg="arg1" entityref="nne" func="cd" homophoricDD="yes" tem="pat">
                    <spec gen="f" num="s">
                      <d gen="f" lem="el" num="s" pos="da0fs0" postype="article" wd="la"/>
                    </spec>
                    <grup.nom gen="f" num="s">
                      <n gen="f" lem="unidad" num="s" pos="ncfs000" postype="common" sense="16:03727089" wd="unidad"/>
                      <s.a gen="f" num="s">
                        <grup.a gen="f" num="s">
                          <a gen="c" lem="constitucional" num="s" pos="aq0cs0" postype="qualificative" wd="constitucional"/>
                        </grup.a>
                      </s.a>
                    </grup.nom>
                  </sn>
                  <sp arg="argM" func="cc" tem="adv">
                    <prep>
                      <s lem="con" pos="sps00" postype="preposition" wd="con"/>
                    </prep>
                    <sn entityref="nne">
                      <spec arg="arg0" gen="m" num="p" tem="agt">
                        <d coreftype="ident" entity="entity12" entityref="nne" gen="c" lem="su" num="p" person="3" pos="dp3cp0" postype="possessive" wd="sus"/>
                      </spec>
                      <grup.nom gen="m" num="p">
                        <n gen="m" lem="proyecto" lexicalid="noun.proyecto.1.default" num="p" origin="deverbal" pos="ncmp000" postype="common" sense="16:00508925" wd="proyectos"/>
                        <sp arg="arg1" coord="yes" func="cn" tem="pat">
                          <sp>
                            <prep>
                              <s lem="de" pos="sps00" postype="preposition" wd="de"/>
                            </prep>
                            <sn>
                              <grup.nom gen="f" num="s">
                                <n gen="f" lem="soberanía" num="s" pos="ncfs000" postype="common" sense="16:10081021" wd="soberanía"/>
                              </grup.nom>
                            </sn>
                          </sp>
                          <conj conjunctiontype="coordinating">
                            <c lem="y" pos="cc" postype="coordinating" wd="y"/>
                          </conj>
                          <sp>
                            <prep>
                              <s lem="de" pos="sps00" postype="preposition" wd="de"/>
                            </prep>
                            <sn>
                              <grup.nom gen="f" num="s">
                                <n gen="f" lem="territorialidad" num="s" pos="ncfs000" postype="common" sense="16:00792552" wd="territorialidad"/>
                              </grup.nom>
                            </sn>
                          </sp>
                        </sp>
                      </grup.nom>
                    </sn>
                  </sp>
                </S>
              </grup.nom>
            </sn>
          </sp>
        </sp>
        <f lem="&quot;" pos="fe" punct="quotation" wd="&quot;"/>
      </S>
    </S>
    <f lem="." pos="fp" punct="period" wd="."/>
  </sentence>
  <sentence>
    <sp arg="argM" func="cc" tem="adv">
      <prep>
        <s lem="en_espera_de" pos="sps00" postype="preposition" wd="En_espera_de"/>
      </prep>
      <sn entityref="nne" homophoricDD="yes">
        <spec gen="f" num="s">
          <d gen="f" lem="el" num="s" pos="da0fs0" postype="article" wd="la"/>
        </spec>
        <grup.nom gen="f" num="s">
          <n gen="f" lem="respuesta" lexicalid="noun.respuesta.4.default" num="s" origin="deverbal" pos="ncfs000" postype="common" sense="16:05055491" wd="respuesta"/>
          <sp arg="arg0" func="cn" tem="agt">
            <prep>
              <s contracted="yes" gen="m" lem="del" num="s" pos="spcms" postype="preposition" wd="del"/>
            </prep>
            <sn coreftype="ident" entity="entity5" entityref="ne" ne="organization">
              <grup.nom gen="m" num="s">
                <n lem="Gobierno" ne="organization" pos="np0000o" postype="proper" sense="16:cs1" wd="Gobierno"/>
                <s.a gen="m" num="s">
                  <grup.a gen="m" num="s">
                    <a gen="m" lem="francés" num="s" pos="aq0ms0" postype="qualificative" wd="francés"/>
                  </grup.a>
                </s.a>
              </grup.nom>
            </sn>
          </sp>
        </grup.nom>
      </sn>
      <f lem="," pos="fc" punct="comma" wd=","/>
    </sp>
    <grup.verb>
      <v lem="quedar" lss="C21.state-attributive" mood="indicative" num="s" person="3" pos="vmip3s0" postype="main" tense="present" wd="queda"/>
    </grup.verb>
    <sadv func="mod">
      <grup.adv>
        <r lem="también" pos="rg" wd="también"/>
      </grup.adv>
    </sadv>
    <sp arg="arg2" func="cc" tem="atr">
      <prep>
        <s lem="por" pos="sps00" postype="preposition" wd="por"/>
      </prep>
      <S clausetype="completive" impersonal="yes">
        <infinitiu>
          <v lem="definir" lss="A21.transitive-agentive-patient" mood="infinitive" pos="vmn0000" postype="main" wd="definir"/>
        </infinitiu>
      </S>
    </sp>
    <sn arg="arg1" entity="entity13" entityref="nne" func="suj" homophoricDD="yes" tem="tem">
      <spec gen="m" num="s">
        <d gen="m" lem="el" num="s" pos="da0ms0" postype="article" wd="el"/>
      </spec>
      <grup.nom gen="m" num="s">
        <n gen="m" lem="trazado" lexicalid="noun.trazado.1.default" num="s" origin="deverbal" pos="ncms000" postype="common" sense="16:04494752" wd="trazado"/>
        <s.a func="cn" gen="m" num="s">
          <grup.a gen="m" num="s">
            <a gen="m" lem="definitivo" num="s" pos="aq0ms0" postype="qualificative" wd="definitivo"/>
          </grup.a>
        </s.a>
        <S clausetype="relative" func="cn">
          <relatiu arg="arg2" coreftype="ident" entity="entity13" entityref="nne" func="cd" functype="quantitative" tem="atr">
            <p gen="c" lem="que" num="c" pos="pr0cn000" postype="relative" wd="que"/>
          </relatiu>
          <grup.verb>
            <v lem="tener" lss="C21.state-attributive" mood="indicative" num="s" person="3" pos="vmic3s0" postype="main" tense="conditional" wd="tendría"/>
          </grup.verb>
          <sn arg="arg1" coreftype="ident" entity="entity2" entityref="nne" func="suj" tem="tem">
            <spec gen="f" num="s">
              <d gen="f" lem="este" num="s" pos="dd0fs0" postype="demonstrative" wd="esta"/>
            </spec>
            <grup.nom gen="f" num="s">
              <n gen="f" lem="vía" num="s" pos="ncfs000" postype="common" sense="16:03600463" wd="vía"/>
              <s.a gen="f" num="s">
                <grup.a gen="f" num="s">
                  <a gen="f" lem="transpirenaico" num="s" pos="aq0fs0" postype="qualificative" wd="transpirenaica"/>
                </grup.a>
              </s.a>
            </grup.nom>
          </sn>
        </S>
      </grup.nom>
    </sn>
    <S arg="argM" clausetype="adverbial" func="cc" tem="cau">
      <conj conjunctiontype="subordinating">
        <c lem="dado_que" pos="cs" postype="subordinating" wd="dado_que"/>
      </conj>
      <grup.verb>
        <v lem="existir" lss="C11.state-existential" mood="indicative" num="p" person="3" pos="vmip3p0" postype="main" tense="present" wd="existen"/>
      </grup.verb>
      <sn arg="arg1" entity="entity14" entityref="nne" func="suj" tem="tem">
        <spec gen="f" num="p">
          <d gen="f" lem="varios" num="p" pos="di0fp0" postype="indefinite" wd="varias"/>
        </spec>
        <grup.nom gen="f" num="p">
          <n gen="f" lem="alternativa" lexicalid="noun.alternativa.1.default" num="p" origin="deverbal" pos="ncfp000" postype="common" sense="16:04463475" wd="alternativas"/>
          <S clausetype="relative" func="cn">
            <f lem="," pos="fc" punct="comma" wd=","/>
            <sp arg="argM" func="cc" tem="adv">
              <prep>
                <s lem="en" pos="sps00" postype="preposition" wd="en"/>
              </prep>
              <relatiu coreftype="ident" entity="entity14" entityref="nne">
                <d gen="f" lem="el" num="p" pos="da0fp0" postype="article" wd="las"/>
                <p gen="c" lem="que" num="c" pos="pr0cn000" postype="relative" wd="que"/>
              </relatiu>
            </sp>
            <sn arg="arg0" coreftype="ident" entity="entity1" entityref="ne" func="suj" ne="person" tem="agt">
              <grup.nom gen="f" num="s">
                <n lem="Loyola_de_Palacio" ne="person" pos="np0000p" postype="proper" sense="16:cs1" wd="Loyola_de_Palacio"/>
              </grup.nom>
            </sn>
            <grup.verb>
              <v lem="destacar" lss="A21.transitive-agentive-patient" mood="indicative" num="s" person="3" pos="vmis3s0" postype="main" tense="past" wd="destacó"/>
            </grup.verb>
            <sn arg="arg1" entityref="nne" func="cd" homophoricDD="yes" tem="pat">
              <spec gen="f" num="s">
                <d gen="f" lem="el" num="s" pos="da0fs0" postype="article" wd="la"/>
              </spec>
              <grup.nom gen="f" num="s">
                <n gen="f" lem="necesidad" num="s" pos="ncfs000" postype="common" sense="16:10367157" wd="necesidad"/>
                <sp>
                  <prep>
                    <s lem="de" pos="sps00" postype="preposition" wd="de"/>
                  </prep>
                  <S clausetype="completive" impersonal="yes">
                    <infinitiu>
                      <v lem="tener_en_cuenta" lss="A21.transitive-agentive-patient" mood="infinitive" pos="vmn0000" postype="main" wd="tener_en_cuenta"/>
                    </infinitiu>
                    <S arg="arg1" clausetype="completive" func="cd" tem="pat">
                      <conj conjunctiontype="subordinating">
                        <c lem="que" pos="cs" postype="subordinating" wd="que"/>
                      </conj>
                      <morfema.verbal func="impers">
                        <p gen="c" lem="se" num="c" pos="p0000000" wd="se"/>
                      </morfema.verbal>
                      <grup.verb>
                        <v lem="tratar" lss="C21.state-attributive" mood="indicative" num="s" person="3" pos="vmip3s0" postype="main" tense="present" wd="trata"/>
                      </grup.verb>
                      <sp arg="arg2" func="creg" tem="atr">
                        <prep>
                          <s lem="de" pos="sps00" postype="preposition" wd="de"/>
                        </prep>
                        <sn corefsubtype="indefinit" coreftype="pred" entity="entity12">
                          <spec gen="f" num="s">
                            <d gen="f" lem="uno" num="s" pos="di0fs0" postype="indefinite" wd="una"/>
                          </spec>
                          <grup.nom gen="f" num="s">
                            <n gen="f" lem="zona" num="s" pos="ncfs000" postype="common" sense="16:06395720" wd="zona"/>
                            <S clausetype="relative">
                              <relatiu arg="arg0" coreftype="ident" entity="entity12" entityref="nne" func="suj" tem="agt">
                                <p gen="c" lem="que" num="c" pos="pr0cn000" postype="relative" wd="que"/>
                              </relatiu>
                              <grup.verb>
                                <v lem="requerir" lss="A21.transitive-agentive-patient" mood="indicative" num="s" person="3" pos="vmip3s0" postype="main" tense="present" wd="requiere"/>
                              </grup.verb>
                              <sn arg="arg1" entityref="nne" func="cd" tem="pat">
                                <grup.nom gen="f" num="s">
                                  <f lem="&quot;" pos="fe" punct="quotation" wd="&quot;"/>
                                  <s.a gen="f" num="s">
                                    <grup.a gen="f" num="s">
                                      <a gen="c" lem="especial" num="s" pos="aq0cs0" postype="qualificative" wd="especial"/>
                                    </grup.a>
                                  </s.a>
                                  <n gen="f" lem="sensibilidad" num="s" pos="ncfs000" postype="common" sense="16:04389192" wd="sensibilidad"/>
                                  <s.a coord="yes" gen="f" num="s">
                                    <s.a gen="f" num="s">
                                      <grup.a gen="f" num="s">
                                        <a gen="c" lem="medioambiental" num="s" pos="aq0cs0" postype="qualificative" wd="medioambiental"/>
                                      </grup.a>
                                    </s.a>
                                    <conj conjunctiontype="coordinating">
                                      <c lem="y" pos="cc" postype="coordinating" wd="y"/>
                                    </conj>
                                    <s.a gen="f" num="s">
                                      <spec>
                                        <r lem="también" pos="rg" wd="también"/>
                                      </spec>
                                      <grup.a gen="f" num="s">
                                        <a gen="f" lem="histórico" num="s" pos="aq0fs0" postype="qualificative" wd="histórica"/>
                                      </grup.a>
                                    </s.a>
                                  </s.a>
                                  <f lem="&quot;" pos="fe" punct="quotation" wd="&quot;"/>
                                </grup.nom>
                              </sn>
                              <sp arg="argM" func="cc" tem="cau">
                                <prep>
                                  <s lem="por" pos="sps00" postype="preposition" wd="por"/>
                                </prep>
                                <S clausetype="completive" impersonal="yes">
                                  <infinitiu>
                                    <v lem="albergar" lss="C21.state-attributive" mood="infinitive" pos="vmn0000" postype="main" wd="albergar"/>
                                  </infinitiu>
                                  <sn arg="arg2" entityref="lex" func="cd" functype="quantitative" tem="atr">
                                    <sadv adjunct="yes">
                                      <grup.adv>
                                        <r lem="por_ejemplo" pos="rg" wd="por_ejemplo"/>
                                      </grup.adv>
                                    </sadv>
                                    <sn entityref="nne">
                                      <grup.nom gen="f" num="p">
                                        <n gen="f" lem="ruta" num="p" pos="ncfp000" postype="common" sense="16:06348591" wd="rutas"/>
                                        <sp>
                                          <prep>
                                            <s contracted="yes" gen="m" lem="del" num="s" pos="spcms" postype="preposition" wd="del"/>
                                          </prep>
                                          <sn entityref="ne" ne="other">
                                            <grup.nom gen="m" num="s">
                                              <n lem="Camino_de_Santiago" ne="other" pos="np0000a" postype="proper" sense="16:cs1" wd="Camino_de_Santiago"/>
                                            </grup.nom>
                                          </sn>
                                        </sp>
                                      </grup.nom>
                                    </sn>
                                  </sn>
                                </S>
                              </sp>
                            </S>
                          </grup.nom>
                        </sn>
                      </sp>
                    </S>
                  </S>
                </sp>
              </grup.nom>
            </sn>
          </S>
        </grup.nom>
      </sn>
    </S>
    <f lem="." pos="fp" punct="period" wd="."/>
  </sentence>
  <sentence>
    <sn arg="arg1" coreftype="ident" entity="entity1" entityref="ne" func="suj" ne="person" tem="tem">
      <spec gen="f" num="s">
        <d gen="f" lem="el" num="s" pos="da0fs0" postype="article" wd="La"/>
      </spec>
      <grup.nom gen="f" num="s">
        <n gen="f" lem="vicepresidenta" num="s" pos="ncfs000" postype="common" sense="16:cs1" wd="vicepresidenta"/>
        <sp>
          <prep>
            <s lem="de" pos="sps00" postype="preposition" wd="de"/>
          </prep>
          <sn coreftype="ident" entity="entity16" entityref="ne" ne="organization">
            <spec gen="f" num="s">
              <d gen="f" lem="el" num="s" pos="da0fs0" postype="article" wd="la"/>
            </spec>
            <grup.nom gen="f" num="s">
              <n lem="Comisión_Europea" ne="organization" pos="np0000o" postype="proper" sense="16:cs1" wd="Comisión_Europea"/>
            </grup.nom>
          </sn>
        </sp>
      </grup.nom>
    </sn>
    <morfema.pronominal>
      <p gen="c" lem="él" num="c" person="3" pos="p0300000" wd="se"/>
    </morfema.pronominal>
    <grup.verb>
      <v lem="referir" lss="C21.state-attributive" mood="indicative" num="s" person="3" pos="vmis3s0" postype="main" tense="past" wd="refirió"/>
    </grup.verb>
    <sadv func="et">
      <grup.adv>
        <r lem="además" pos="rg" wd="además"/>
      </grup.adv>
    </sadv>
    <sp arg="arg2" func="creg" tem="atr">
      <prep>
        <s lem="a" pos="sps00" postype="preposition" wd="a"/>
      </prep>
      <sn coreftype="ident" entity="entity3" entityref="nne" homophoricDD="yes">
        <spec gen="f" num="s">
          <d gen="f" lem="el" num="s" pos="da0fs0" postype="article" wd="la"/>
        </spec>
        <grup.nom gen="f" num="s">
          <n gen="f" lem="visita" lexicalid="noun.visita.1.default" num="s" origin="deverbal" pos="ncfs000" postype="common" sense="16:00800256" wd="visita"/>
          <S clausetype="relative" func="cn">
            <relatiu coreftype="ident" discid="1n" entity="entity3" entityref="nne">
              <p gen="c" lem="que" num="c" pos="pr0cn000" postype="relative" wd="que"/>
            </relatiu>
            <sp arg="argM" func="cc" tem="tmp">
              <prep>
                <s lem="a" pos="sps00" postype="preposition" wd="a"/>
              </prep>
              <sn entityref="nne">
                <grup.nom gen="f" num="p">
                  <s.a gen="f" num="p">
                    <grup.a gen="f" num="p">
                      <a gen="f" lem="primero" num="p" pos="ao0fp0" postype="ordinal" wd="primeras"/>
                    </grup.a>
                  </s.a>
                  <n gen="f" lem="hora" num="p" pos="ncfp000" postype="common" sense="16:10856821" wd="horas"/>
                  <sp>
                    <prep>
                      <s lem="de" pos="sps00" postype="preposition" wd="de"/>
                    </prep>
                    <sn entityref="nne">
                      <spec gen="f" num="s">
                        <d gen="f" lem="este" num="s" pos="dd0fs0" postype="demonstrative" wd="esta"/>
                      </spec>
                      <grup.nom gen="f" num="s">
                        <n gen="f" lem="tarde" num="s" pos="ncfs000" postype="common" sense="16:10885066" wd="tarde"/>
                      </grup.nom>
                    </sn>
                  </sp>
                </grup.nom>
              </sn>
            </sp>
            <sn arg="arg0" coreftype="ident" elliptic="yes" entity="entity1" entityref="spec" func="suj" tem="agt"/>
            <grup.verb>
              <v lem="realizar" lss="A21.transitive-agentive-patient" mood="indicative" num="s" person="3" pos="vmif3s0" postype="main" tense="future" wd="realizará"/>
            </grup.verb>
            <sp discid="1c">
              <prep>
                <s contracted="yes" gen="m" lem="al" num="s" pos="spcms" postype="preposition" wd="al"/>
              </prep>
              <sn coreftype="ident" entity="entity17" entityref="ne" ne="location">
                <grup.nom gen="m" num="s">
                  <n gen="m" lem="parque" num="s" pos="ncms000" postype="common" sense="16:06347803" wd="parque"/>
                  <s.a gen="m" num="s">
                    <grup.a gen="m" num="s">
                      <a gen="m" lem="eólico" num="s" pos="aq0ms0" postype="qualificative" wd="eólico"/>
                    </grup.a>
                  </s.a>
                  <sp>
                    <prep>
                      <s lem="de" pos="sps00" postype="preposition" wd="de"/>
                    </prep>
                    <sn entityref="ne" ne="location">
                      <grup.nom>
                        <n lem="Guerinda" ne="location" pos="np0000l" postype="proper" sense="16:cs1" wd="Guerinda"/>
                      </grup.nom>
                    </sn>
                  </sp>
                  <S clausetype="relative">
                    <f lem="," pos="fc" punct="comma" wd=","/>
                    <relatiu arg="argM" coreftype="ident" entity="entity17" entityref="spec" func="cc" tem="loc">
                      <p gen="c" lem="donde" num="c" pos="pr000000" postype="relative" wd="donde"/>
                    </relatiu>
                    <grup.verb>
                      <v lem="haber" lss="C11.state-existential" mood="indicative" num="s" person="3" pos="vaip3s0" postype="auxiliary" tense="present" wd="hay"/>
                    </grup.verb>
                    <S arg="argM" clausetype="participle" func="cpred" impersonal="yes" predicate="cd" tem="atr">
                      <participi>
                        <a gen="m" lem="instalado" num="p" pos="aq0mpp" posfunction="participle" postype="qualificative" wd="instalados"/>
                      </participi>
                    </S>
                    <sn arg="arg1" entityref="nne" func="cd" functype="quantitative" tem="tem">
                      <spec gen="m" num="p">
                        <z lem="155" ne="number" wd="155"/>
                      </spec>
                      <grup.nom gen="m" num="p">
                        <n gen="m" lem="aerogenerador" num="p" pos="ncmp000" postype="common" sense="16:03619675" wd="aerogeneradores"/>
                        <sp>
                          <prep>
                            <s lem="con" pos="sps00" postype="preposition" wd="con"/>
                          </prep>
                          <sn entity="entity21" entityref="nne">
                            <grup.nom gen="f" num="s">
                              <n gen="f" lem="capacidad" num="s" pos="ncfs000" postype="common" sense="16:04049240" wd="capacidad"/>
                              <sp>
                                <prep>
                                  <s lem="para" pos="sps00" postype="preposition" wd="para"/>
                                </prep>
                                <S clausetype="completive" impersonal="yes">
                                  <infinitiu>
                                    <v lem="producir" lss="A21.transitive-agentive-patient" mood="infinitive" pos="vmn0000" postype="main" wd="producir"/>
                                  </infinitiu>
                                  <sn arg="arg1" entity="entity22" entityref="ne" func="cd" ne="number" tem="pat">
                                    <spec gen="m" num="s">
                                      <d gen="m" lem="el" num="s" pos="da0ms0" postype="article" wd="el"/>
                                    </spec>
                                    <grup.nom gen="m" num="s">
                                      <z lem="8_%" ne="number" pos="zp" postype="percentage" wd="8_por_ciento"/>
                                      <sp>
                                        <prep>
                                          <s lem="de" pos="sps00" postype="preposition" wd="de"/>
                                        </prep>
                                        <sn entity="entity18" entityref="nne" homophoricDD="yes">
                                          <spec gen="f" num="s">
                                            <d gen="f" lem="el" num="s" pos="da0fs0" postype="article" wd="la"/>
                                          </spec>
                                          <grup.nom gen="f" num="s">
                                            <n gen="f" lem="energía" num="s" pos="ncfs000" postype="common" sense="16:07794689" wd="energía"/>
                                            <S clausetype="relative">
                                              <relatiu arg="arg1" coreftype="ident" entity="entity18" entityref="nne" func="cd" tem="pat">
                                                <p gen="c" lem="que" num="c" pos="pr0cn000" postype="relative" wd="que"/>
                                              </relatiu>
                                              <grup.verb>
                                                <v lem="consumir" lss="A21.transitive-agentive-patient" mood="indicative" num="s" person="3" pos="vmip3s0" postype="main" tense="present" wd="consume"/>
                                              </grup.verb>
                                              <sn arg="arg0" coreftype="ident" entity="entity19" entityref="spec" func="suj" homophoricDD="yes" tem="agt">
                                                <spec gen="f" num="s">
                                                  <d gen="f" lem="el" num="s" pos="da0fs0" postype="article" wd="la"/>
                                                </spec>
                                                <grup.nom gen="f" num="s">
                                                  <n gen="f" lem="comunidad" num="s" pos="ncfs000" postype="common" sense="16:05972379" wd="comunidad"/>
                                                  <s.a gen="f" num="s">
                                                    <grup.a gen="f" num="s">
                                                      <a gen="c" lem="foral" num="s" pos="aq0cs0" postype="qualificative" wd="foral"/>
                                                    </grup.a>
                                                  </s.a>
                                                </grup.nom>
                                              </sn>
                                            </S>
                                          </grup.nom>
                                        </sn>
                                      </sp>
                                    </grup.nom>
                                  </sn>
                                </S>
                              </sp>
                            </grup.nom>
                          </sn>
                        </sp>
                      </grup.nom>
                    </sn>
                  </S>
                </grup.nom>
              </sn>
            </sp>
          </S>
        </grup.nom>
      </sn>
    </sp>
    <f lem="." pos="fp" punct="period" wd="."/>
  </sentence>
  <sentence>
    <sn arg="arg0" coreftype="ident" entity="entity1" entityref="ne" func="suj" ne="person" tem="agt">
      <grup.nom gen="f" num="s">
        <n lem="Loyola_de_Palacio" ne="person" pos="np0000p" postype="proper" sense="16:cs1" wd="Loyola_de_Palacio"/>
      </grup.nom>
    </sn>
    <grup.verb>
      <v lem="señalar" lss="A31.ditransitive-patient-locative" mood="indicative" num="s" person="3" pos="vmis3s0" postype="main" tense="past" wd="señaló"/>
    </grup.verb>
    <S arg="arg1" clausetype="completive" func="cd" tem="pat">
      <conj conjunctiontype="subordinating">
        <c lem="que" pos="cs" postype="subordinating" wd="que"/>
      </conj>
      <sn arg="arg1" entityref="nne" func="suj" homophoricDD="yes" tem="tem">
        <spec gen="m" num="s">
          <d gen="m" lem="el" num="s" pos="da0ms0" postype="article" wd="el"/>
        </spec>
        <grup.nom gen="m" num="s">
          <n gen="m" lem="fomento" num="s" pos="ncms000" postype="common" sense="16:05412651" wd="fomento"/>
          <sp>
            <prep>
              <s lem="de" pos="sps00" postype="preposition" wd="de"/>
            </prep>
            <sn entityref="nne" homophoricDD="yes">
              <spec gen="f" num="p">
                <d gen="f" lem="el" num="p" pos="da0fp0" postype="article" wd="las"/>
              </spec>
              <grup.nom gen="f" num="p">
                <n gen="f" lem="energía" num="p" pos="ncfp000" postype="common" sense="16:07794689" wd="energías"/>
                <s.a gen="f" num="p">
                  <grup.a gen="f" num="p">
                    <a gen="c" lem="verde" num="p" pos="aq0cp0" postype="qualificative" wd="verdes"/>
                  </grup.a>
                </s.a>
              </grup.nom>
            </sn>
          </sp>
        </grup.nom>
      </sn>
      <f lem="&quot;" pos="fe" punct="quotation" wd="&quot;"/>
      <grup.verb>
        <v lem="ser" lss="C21.state-attributive" mood="indicative" num="s" person="3" pos="vsip3s0" postype="semiauxiliary" tense="present" wd="es"/>
      </grup.verb>
      <sn arg="arg2" func="atr" tem="atr">
        <grup.nom gen="f" num="s">
          <n gen="f" lem="clave" num="s" pos="ncfs000" postype="common" sense="16:04465927" wd="clave"/>
          <sp>
            <prep>
              <s lem="en" pos="sps00" postype="preposition" wd="en"/>
            </prep>
            <sn entity="entity20" entityref="nne" homophoricDD="yes">
              <spec gen="m" num="s">
                <d gen="m" lem="el" num="s" pos="da0ms0" postype="article" wd="el"/>
              </spec>
              <grup.nom gen="m" num="s">
                <n gen="m" lem="desarrollo" lexicalid="noun.desarrollo.1.default" num="s" origin="deverbal" pos="ncms000" postype="common" sense="16:09725434" wd="desarrollo"/>
                <s.a arg="arg1" func="cn" gen="m" num="s" tem="tem">
                  <grup.a gen="m" num="s">
                    <a gen="m" lem="europeo" num="s" pos="aq0ms0" postype="qualificative" wd="europeo"/>
                  </grup.a>
                </s.a>
              </grup.nom>
            </sn>
          </sp>
          <sp>
            <prep>
              <s lem="en" pos="sps00" postype="preposition" wd="en"/>
            </prep>
            <sn entityref="nne">
              <spec gen="f" num="s">
                <d gen="f" lem="uno" num="s" pos="di0fs0" postype="indefinite" wd="una"/>
              </spec>
              <grup.nom gen="f" num="s">
                <n gen="f" lem="apuesta" lexicalid="noun.apuesta.1.default" num="s" origin="deverbal" pos="ncfs000" postype="common" sense="16:00326232" wd="apuesta"/>
                <sp arg="arg2" func="cn" tem="tem">
                  <prep>
                    <s lem="por" pos="sps00" postype="preposition" wd="por"/>
                  </prep>
                  <S clausetype="completive" coord="yes">
                    <S clausetype="completive">
                      <conj conjunctiontype="subordinating">
                        <c lem="que" pos="cs" postype="subordinating" wd="que"/>
                      </conj>
                      <sn arg="arg1" coreftype="ident" entity="entity20" entityref="nne" func="suj" tem="tem">
                        <spec gen="m" num="s">
                          <d gen="m" lem="este" num="s" pos="dd0ms0" postype="demonstrative" wd="este"/>
                        </spec>
                        <grup.nom gen="m" num="s">
                          <n gen="m" lem="desarrollo" lexicalid="noun.desarrollo.1.default" num="s" origin="deverbal" pos="ncms000" postype="common" sense="16:09725434" wd="desarrollo"/>
                        </grup.nom>
                      </sn>
                      <grup.verb>
                        <v lem="ser" lss="C21.state-attributive" mood="subjunctive" num="s" person="3" pos="vssp3s0" postype="semiauxiliary" tense="present" wd="sea"/>
                      </grup.verb>
                      <sa arg="arg2" complex="yes" func="atr" tem="atr">
                        <grup.a coord="yes">
                          <grup.a>
                            <a gen="m" lem="duradero" num="s" pos="aq0ms0" postype="qualificative" wd="duradero"/>
                          </grup.a>
                          <f lem="," pos="fc" punct="comma" wd=","/>
                          <grup.a>
                            <a gen="m" lem="respetuoso" num="s" pos="aq0ms0" postype="qualificative" wd="respetuoso"/>
                            <sp>
                              <prep>
                                <s lem="con" pos="sps00" postype="preposition" wd="con"/>
                              </prep>
                              <sn entityref="nne" homophoricDD="yes">
                                <spec gen="m" num="s">
                                  <d gen="m" lem="el" num="s" pos="da0ms0" postype="article" wd="el"/>
                                </spec>
                                <grup.nom gen="m" num="s">
                                  <n gen="m" lem="medio_ambiente" num="s" pos="ncms000" postype="common" sense="16:cs1" wd="medio_ambiente"/>
                                </grup.nom>
                              </sn>
                            </sp>
                          </grup.a>
                          <f lem="," pos="fc" punct="comma" wd=","/>
                          <grup.a>
                            <a gen="m" lem="generador" num="s" pos="aq0ms0" postype="qualificative" wd="generador"/>
                            <sp>
                              <prep>
                                <s lem="de" pos="sps00" postype="preposition" wd="de"/>
                              </prep>
                              <sn entityref="nne">
                                <grup.nom gen="m" num="s">
                                  <n gen="m" lem="empleo" lexicalid="noun.empleo.3.default" num="s" origin="deverbal" pos="ncms000" postype="common" sense="16:10063469" wd="empleo"/>
                                  <sp func="cn">
                                    <prep>
                                      <s lem="de" pos="sps00" postype="preposition" wd="de"/>
                                    </prep>
                                    <sn>
                                      <grup.nom gen="f" num="s">
                                        <n gen="f" lem="calidad" num="s" pos="ncfs000" postype="common" sense="16:03714294" wd="calidad"/>
                                      </grup.nom>
                                    </sn>
                                  </sp>
                                </grup.nom>
                              </sn>
                            </sp>
                          </grup.a>
                        </grup.a>
                      </sa>
                    </S>
                    <conj conjunctiontype="coordinating">
                      <c lem="y" pos="cc" postype="coordinating" wd="y"/>
                    </conj>
                    <S clausetype="completive">
                      <conj conjunctiontype="subordinating">
                        <c lem="que" pos="cs" postype="subordinating" wd="que"/>
                      </conj>
                      <sn arg="arg0" coreftype="ident" elliptic="yes" entity="entity20" entityref="nne" func="suj" tem="agt"/>
                      <grup.verb>
                        <v lem="permitir" lss="A32.ditransitive-patient-benefactive" mood="subjunctive" num="s" person="3" pos="vmsp3s0" postype="main" tense="present" wd="permita"/>
                      </grup.verb>
                      <sn arg="arg1" entityref="nne" func="cd" tem="pat">
                        <spec gen="f" num="s">
                          <d gen="f" lem="uno" num="s" pos="di0fs0" postype="indefinite" wd="una"/>
                        </spec>
                        <grup.nom gen="f" num="s">
                          <n gen="f" lem="solidaridad" num="s" pos="ncfs000" postype="common" sense="16:03741896" wd="solidaridad"/>
                          <sp>
                            <prep>
                              <s lem="con" pos="sps00" postype="preposition" wd="con"/>
                            </prep>
                            <sn entityref="nne" homophoricDD="yes">
                              <spec gen="f" num="p">
                                <d gen="f" lem="el" num="p" pos="da0fp0" postype="article" wd="las"/>
                              </spec>
                              <grup.nom gen="f" num="p">
                                <n gen="f" lem="generación" lexicalid="noun.generación.1.default" num="p" origin="deverbal" pos="ncfp000" postype="common" sense="16:06196326" wd="generaciones"/>
                                <s.a func="cn" gen="f" num="p">
                                  <grup.a gen="f" num="p">
                                    <a gen="f" lem="futuro" num="p" pos="aq0fp0" postype="qualificative" wd="futuras"/>
                                  </grup.a>
                                </s.a>
                              </grup.nom>
                            </sn>
                          </sp>
                        </grup.nom>
                      </sn>
                    </S>
                  </S>
                </sp>
              </grup.nom>
            </sn>
          </sp>
        </grup.nom>
      </sn>
      <f lem="&quot;" pos="fe" punct="quotation" wd="&quot;"/>
    </S>
    <f lem="." pos="fp" punct="period" wd="."/>
  </sentence>
  <sentence>
    <sp func="ao">
      <prep>
        <s lem="en_referencia" pos="sps00" postype="preposition" wd="En_referencia"/>
        <s.a gen="f" num="s">
          <grup.a gen="f" num="s">
            <a gen="f" lem="concreto" num="s" pos="aq0fs0" postype="qualificative" wd="concreta"/>
          </grup.a>
        </s.a>
        <s lem="a" pos="sps00" postype="preposition" wd="a"/>
      </prep>
      <sn coreftype="ident" entity="entity19" entityref="ne" ne="location">
        <grup.nom>
          <n lem="Navarra" ne="location" pos="np0000l" postype="proper" sense="16:50004755" wd="Navarra"/>
        </grup.nom>
      </sn>
      <f lem="," pos="fc" punct="comma" wd=","/>
    </sp>
    <sn arg="arg0" coreftype="ident" entity="entity1" entityref="ne" func="suj" ne="person" tem="agt">
      <spec gen="f" num="s">
        <d gen="f" lem="el" num="s" pos="da0fs0" postype="article" wd="la"/>
      </spec>
      <grup.nom gen="f" num="s">
        <n gen="f" lem="vicepresidenta" num="s" pos="ncfs000" postype="common" sense="16:cs1" wd="vicepresidenta"/>
        <s.a gen="f" num="s">
          <grup.a gen="f" num="s">
            <a gen="f" lem="europeo" num="s" pos="aq0fs0" postype="qualificative" wd="europea"/>
          </grup.a>
        </s.a>
      </grup.nom>
    </sn>
    <grup.verb>
      <v lem="aludir" lss="A22.transitive-agentive-theme" mood="indicative" num="s" person="3" pos="vmis3s0" postype="main" tense="past" wd="aludió"/>
    </grup.verb>
    <sp arg="arg1" func="creg" tem="tem">
      <prep>
        <s lem="a" pos="sps00" postype="preposition" wd="a"/>
      </prep>
      <sn coreftype="ident" entity="entity21" entityref="nne" homophoricDD="yes">
        <spec gen="f" num="s">
          <d gen="f" lem="el" num="s" pos="da0fs0" postype="article" wd="la"/>
        </spec>
        <grup.nom gen="f" num="s">
          <n gen="f" lem="capacidad" num="s" pos="ncfs000" postype="common" sense="16:04049240" wd="capacidad"/>
          <sp>
            <prep>
              <s lem="de" pos="sps00" postype="preposition" wd="de"/>
            </prep>
            <sn>
              <grup.nom gen="f" num="s">
                <n gen="f" lem="producción" lexicalid="noun.producción.2.default" num="s" origin="deverbal" pos="ncfs000" postype="common" sense="16:00586701" wd="producción"/>
                <sp arg="arg1" func="cn" tem="pat">
                  <prep>
                    <s lem="de" pos="sps00" postype="preposition" wd="de"/>
                  </prep>
                  <sn entityref="nne">
                    <grup.nom gen="f" num="s">
                      <n gen="f" lem="energía" num="s" pos="ncfs000" postype="common" sense="16:07794689" wd="energía"/>
                      <s.a gen="f" num="s">
                        <grup.a gen="f" num="s">
                          <a gen="f" lem="eléctrico" num="s" pos="aq0fs0" postype="qualificative" wd="eléctrica"/>
                        </grup.a>
                      </s.a>
                      <sp>
                        <prep>
                          <s lem="de" pos="sps00" postype="preposition" wd="de"/>
                        </prep>
                        <sn>
                          <grup.nom gen="m" num="s">
                            <n gen="m" lem="origen" num="s" pos="ncms000" postype="common" sense="16:06275359" wd="origen"/>
                            <s.a gen="m" num="s">
                              <grup.a gen="m" num="s">
                                <a gen="m" lem="eólico" num="s" pos="aq0ms0" postype="qualificative" wd="eólico"/>
                              </grup.a>
                            </s.a>
                          </grup.nom>
                        </sn>
                      </sp>
                    </grup.nom>
                  </sn>
                </sp>
              </grup.nom>
            </sn>
          </sp>
          <S clausetype="relative">
            <relatiu arg="arg1" coreftype="ident" entity="entity21" entityref="nne" func="cd" tem="pat">
              <p gen="c" lem="que" num="c" pos="pr0cn000" postype="relative" wd="que"/>
            </relatiu>
            <grup.verb>
              <v lem="haber" mood="indicative" num="s" person="3" pos="vaip3s0" postype="auxiliary" tense="present" wd="ha"/>
              <v gen="m" lem="alcanzar" lss="A21.transitive-agentive-patient" mood="participle" num="s" pos="vmp00sm" postype="main" wd="alcanzado"/>
            </grup.verb>
            <sn arg="arg0" coreftype="ident" entity="entity19" entityref="spec" func="suj" tem="agt">
              <spec gen="f" num="s">
                <d gen="f" lem="este" num="s" pos="dd0fs0" postype="demonstrative" wd="esta"/>
              </spec>
              <grup.nom gen="f" num="s">
                <n gen="f" lem="comunidad" num="s" pos="ncfs000" postype="common" sense="16:05972379" wd="comunidad"/>
                <S clausetype="relative" coord="yes">
                  <f lem="," pos="fc" punct="comma" wd=","/>
                  <S clausetype="relative">
                    <relatiu arg="arg0" coreftype="ident" entity="entity19" entityref="spec" func="suj" tem="agt">
                      <p gen="c" lem="que" num="c" pos="pr0cn000" postype="relative" wd="que"/>
                    </relatiu>
                    <grup.verb>
                      <v lem="producir" lss="A21.transitive-agentive-patient" mood="indicative" num="s" person="3" pos="vmip3s0" postype="main" tense="present" wd="produce"/>
                    </grup.verb>
                    <sp arg="argM" func="cc" tem="tmp">
                      <prep>
                        <s lem="en" pos="sps00" postype="preposition" wd="en"/>
                      </prep>
                      <sn entityref="nne" homophoricDD="yes">
                        <spec gen="f" num="s">
                          <d gen="f" lem="el" num="s" pos="da0fs0" postype="article" wd="la"/>
                        </spec>
                        <grup.nom gen="f" num="s">
                          <n gen="f" lem="actualidad" num="s" pos="ncfs000" postype="common" sense="16:10848167" wd="actualidad"/>
                        </grup.nom>
                      </sn>
                    </sp>
                    <sn arg="arg1" coreftype="ident" entity="entity22" entityref="ne" func="cd" ne="number" tem="pat">
                      <sn entityref="ne" ne="number">
                        <spec gen="m" num="p">
                          <z lem="250" ne="number" wd="250"/>
                        </spec>
                        <grup.nom gen="m" num="p">
                          <n gen="m" lem="megavatio" num="p" pos="ncmp000" postype="common" sense="16:09809646" wd="megavatios"/>
                        </grup.nom>
                      </sn>
                      <sn adjunct="yes">
                        <f lem="," pos="fc" punct="comma" wd=","/>
                        <spec gen="m" num="s">
                          <d gen="m" lem="el" num="s" pos="da0ms0" postype="article" wd="el"/>
                        </spec>
                        <grup.nom gen="m" num="s">
                          <n gen="m" lem="equivalente" num="s" pos="ncms000" postype="common" sense="16:04400680" wd="equivalente"/>
                          <sp>
                            <prep>
                              <s lem="a" pos="sps00" postype="preposition" wd="a"/>
                            </prep>
                            <sn entityref="nne">
                              <spec gen="f" num="s">
                                <d gen="f" lem="uno" num="s" pos="di0fs0" postype="indefinite" wd="una"/>
                              </spec>
                              <grup.nom gen="f" num="s">
                                <n gen="f" lem="central" num="s" pos="ncfs000" postype="common" sense="16:03168190" wd="central"/>
                                <s.a gen="f" num="s">
                                  <grup.a gen="f" num="s">
                                    <a gen="c" lem="nuclear" num="s" pos="aq0cs0" postype="qualificative" wd="nuclear"/>
                                  </grup.a>
                                </s.a>
                                <s.a gen="f" num="s">
                                  <grup.a gen="f" num="s">
                                    <a gen="f" lem="pequeño" num="s" pos="aq0fs0" postype="qualificative" wd="pequeña"/>
                                  </grup.a>
                                </s.a>
                              </grup.nom>
                            </sn>
                          </sp>
                        </grup.nom>
                        <f lem="," pos="fc" punct="comma" wd=","/>
                      </sn>
                      <sn adjunct="yes">
                        <f lem="&quot;" pos="fe" punct="quotation" wd="&quot;"/>
                        <grup.nom gen="m" num="s">
                          <p gen="c" lem="algo" num="s" pos="pi0cs000" postype="indefinite" wd="algo"/>
                          <s.a gen="m" num="s">
                            <spec>
                              <r lem="ya" pos="rg" wd="ya"/>
                              <r lem="mucho" pos="rg" wd="muy"/>
                            </spec>
                            <grup.a gen="m" num="s">
                              <a gen="c" lem="importante" num="s" pos="aq0cs0" postype="qualificative" wd="importante"/>
                            </grup.a>
                          </s.a>
                        </grup.nom>
                        <f lem="&quot;" pos="fe" punct="quotation" wd="&quot;"/>
                      </sn>
                    </sn>
                    <f lem="," pos="fc" punct="comma" wd=","/>
                  </S>
                  <conj conjunctiontype="coordinating">
                    <c lem="y" pos="cc" postype="coordinating" wd="y"/>
                  </conj>
                  <S clausetype="relative">
                    <relatiu arg="arg1" coreftype="ident" entity="entity19" entityref="spec" func="suj" tem="tem">
                      <p gen="c" lem="que" num="c" pos="pr0cn000" postype="relative" wd="que"/>
                    </relatiu>
                    <sp arg="argM" func="cc" tem="tmp">
                      <prep>
                        <s lem="para" pos="sps00" postype="preposition" wd="para"/>
                      </prep>
                      <sn entityref="ne" ne="date">
                        <spec gen="m" num="s">
                          <d gen="m" lem="el" num="s" pos="da0ms0" postype="article" wd="el"/>
                        </spec>
                        <grup.nom gen="m" num="s">
                          <w lem="[??:??/??/2001:??.??]" ne="date" wd="año_2001"/>
                        </grup.nom>
                      </sn>
                    </sp>
                    <grup.verb>
                      <v lem="tener" lss="C21.state-attributive" mood="indicative" num="s" person="3" pos="vmip3s0" postype="main" tense="present" wd="tiene"/>
                    </grup.verb>
                    <S arg="argM" clausetype="participle" func="cpred" impersonal="yes" predicate="cd" tem="atr">
                      <participi>
                        <a gen="m" lem="previsto" num="s" pos="aq0msp" posfunction="participle" postype="qualificative" wd="previsto"/>
                      </participi>
                    </S>
                    <S arg="arg2" clausetype="completive" func="cd" functype="quantitative" impersonal="yes" tem="atr">
                      <infinitiu>
                        <v lem="conseguir" lss="A21.transitive-agentive-patient" mood="infinitive" pos="vmn0000" postype="main" wd="conseguir"/>
                      </infinitiu>
                      <sn arg="arg1" entityref="ne" func="cd" ne="number" tem="pat">
                        <spec gen="m" num="p">
                          <d gen="m" lem="el" num="p" pos="da0mp0" postype="article" wd="los"/>
                          <z lem="350" ne="number" wd="350"/>
                        </spec>
                        <grup.nom gen="m" num="p">
                          <n gen="c" lem="Mw" num="c" pos="nc00000" postype="common" sense="16:cs1" wd="Mw"/>
                        </grup.nom>
                      </sn>
                    </S>
                  </S>
                </S>
              </grup.nom>
            </sn>
          </S>
        </grup.nom>
      </sn>
    </sp>
    <f lem="." pos="fp" punct="period" wd="."/>
  </sentence>
</article>
