<?xml version="1.0" encoding="UTF-8"?>
<!-- 

  ancora-2.0
       
			Copyright (C) 2007, 2008, 2009, 2010, 2011 UB - CLiC
			Centre de Llenguatge i Computació - Universitat de Barcelona
 
  This file is part of ancora-2.0.
 
  ancora-2.0 is free software and data: you can redistribute it and/or modify
  it under the terms of the GNU General Public License as published
  by the Free Software Foundation, either version 3 of the License,
  or (at your option) any later version.

  ancora-2.0 is distributed in the hope that it will be useful,
  but WITHOUT ANY WARRANTY; without even the implied warranty of
  MERCHANTABILITY or FITNESS FOR A PARTICULAR PURPOSE.  See the
  GNU General Public License for more details.
 
  You should have received a copy of the GNU General Public License
  along with ancora-2.0.  If not, see &lt;http://www.gnu.org/licenses/&gt;.
 
  Check a text in catalan explaining the terms of the license at http://www.softcatala.cat/wiki/GPL3.
  In spanish at http://www.viti.es/gnu/licenses/gpl.html
 

  The following paper must be cited when using this corpus:

 * Taulé, M., M.A. Martí, M. Recasens (2008) 'Ancora: Multilevel Annotated Corpora for Catalan and Spanish',
   Proceedings of 6th International Conference on Language Resources and Evaluation. Marrakesh (Morocco).

  In addition, the following paper must be cited if coreference information (attributes entity, coreftype,
  corefsubtype, homophoricDD or entityref) is used:

 * Recasens, Marta, M. Antònia Martí (2010) ‘AnCora-CO: Coreferentially annotated corpora for Spanish and
   Catalan’. Language Resources and Evaluation, Springer Science.

  Additionally, the following paper must be cited when argumental attributes in "sn" or "grup.nom"
  (attributes func, arg, tem or lexicalid) are used:

 * Peris, Aina, Mariona Taulé, Horacio Rodríguez (2010) ‘Semantic Annotation of Deverbal Nominalizations in the
   Spanish AnCora corpus’. Treebanks and Linguistic Theories (TLT-2010), Estonia.
-->
<article lng="es">
  <sentence coord="yes">
    <S coord="yes" entity="entity1">
      <S>
        <sn arg="arg1" entity="entity5" entityref="ne" func="suj" ne="organization" tem="tem">
          <spec gen="m" num="p">
            <d gen="m" lem="el" num="p" pos="da0mp0" postype="article" wd="Los"/>
          </spec>
          <grup.nom gen="m" num="p">
            <n gen="m" lem="conservador" num="p" pos="ncmp000" postype="common" sense="16:07178667" wd="conservadores"/>
            <s.a gen="m" num="p">
              <grup.a gen="m" num="p">
                <a gen="m" lem="islámico" num="p" pos="aq0mp0" postype="qualificative" wd="islámicos"/>
              </grup.a>
            </s.a>
          </grup.nom>
        </sn>
        <neg func="mod">
          <r lem="no" pos="rn" postype="negative" wd="no"/>
        </neg>
        <grup.verb>
          <v lem="tener" lss="C21.state-attributive" mood="indicative" num="p" person="3" pos="vmif3p0" postype="main" tense="future" wd="tendrán"/>
        </grup.verb>
        <sn arg="arg2" func="cd" functype="quantitative" tem="atr">
          <spec gen="m" num="s">
            <d gen="m" lem="ninguno" num="s" pos="di0ms0" postype="indefinite" wd="ningún"/>
          </spec>
          <grup.nom gen="m" num="s">
            <n gen="c" lem="representante" num="s" pos="nccs000" postype="common" sense="16:07529131" wd="representante"/>
            <sp>
              <prep>
                <s lem="por" pos="sps00" postype="preposition" wd="por"/>
              </prep>
              <sn entity="entity11" entityref="ne" ne="location">
                <grup.nom>
                  <n lem="Teherán" ne="location" pos="np0000l" postype="proper" sense="16:06514815" wd="Teherán"/>
                </grup.nom>
              </sn>
            </sp>
          </grup.nom>
        </sn>
        <sp arg="argM" func="cc" tem="loc">
          <prep>
            <s lem="en" pos="sps00" postype="preposition" wd="en"/>
          </prep>
          <sn entity="entity6" entityref="ne" ne="organization">
            <spec gen="m" num="s">
              <d gen="m" lem="el" num="s" pos="da0ms0" postype="article" wd="el"/>
            </spec>
            <grup.nom gen="m" num="s">
              <s.a gen="m" num="s">
                <grup.a gen="m" num="s">
                  <a gen="m" lem="futuro" num="s" pos="aq0ms0" postype="qualificative" wd="futuro"/>
                </grup.a>
              </s.a>
              <n lem="Parlamento" ne="organization" pos="np0000o" postype="proper" sense="16:cs1" wd="Parlamento"/>
              <sp>
                <prep>
                  <s lem="de" pos="sps00" postype="preposition" wd="de"/>
                </prep>
                <sn entity="entity3" entityref="ne" ne="location">
                  <grup.nom>
                    <n lem="Irán" ne="location" pos="np0000l" postype="proper" sense="16:06514401" wd="Irán"/>
                  </grup.nom>
                </sn>
              </sp>
            </grup.nom>
          </sn>
        </sp>
        <sp arg="argM" func="cc" tem="tmp">
          <f lem="," pos="fc" punct="comma" wd=","/>
          <prep>
            <s contracted="yes" gen="m" lem="al" num="s" pos="spcms" postype="preposition" wd="al"/>
          </prep>
          <S clausetype="completive" impersonal="yes">
            <infinitiu>
              <v lem="haber" mood="infinitive" pos="van0000" postype="auxiliary" wd="haber"/>
              <v gen="m" lem="copar" lss="A21.transitive-agentive-patient" mood="participle" num="s" pos="vmp00sm" postype="main" wd="copado"/>
            </infinitiu>
            <sn arg="arg0" entity="entity19" entityref="nne" func="suj" homophoricDD="yes" tem="agt">
              <spec gen="m" num="p">
                <d gen="m" lem="el" num="p" pos="da0mp0" postype="article" wd="los"/>
              </spec>
              <grup.nom gen="m" num="p">
                <n gen="c" lem="reformista" num="p" pos="nccp000" postype="common" sense="16:07524377" wd="reformistas"/>
                <sp>
                  <prep>
                    <s contracted="yes" gen="m" lem="del" num="s" pos="spcms" postype="preposition" wd="del"/>
                  </prep>
                  <sn entity="entity7" entityref="nne" homophoricDD="yes">
                    <grup.nom gen="m" num="s">
                      <n gen="m" lem="régimen" num="s" pos="ncms000" postype="common" sense="16:06000383" wd="régimen"/>
                    </grup.nom>
                  </sn>
                </sp>
              </grup.nom>
            </sn>
            <sn arg="arg1" entityref="nne" func="cd" tem="pat">
              <grup.nom gen="m" num="p">
                <z lem="27" ne="number" wd="27"/>
                <sp>
                  <prep>
                    <s lem="de" pos="sps00" postype="preposition" wd="de"/>
                  </prep>
                  <sn entity="entity12" entityref="nne">
                    <spec gen="m" num="p">
                      <d gen="m" lem="el" num="p" pos="da0mp0" postype="article" wd="los"/>
                      <z lem="30" ne="number" wd="30"/>
                    </spec>
                    <grup.nom gen="m" num="p">
                      <n gen="m" lem="escaño" num="p" pos="ncmp000" postype="common" sense="16:03305625" wd="escaños"/>
                      <sp>
                        <prep>
                          <s lem="en" pos="sps00" postype="preposition" wd="en"/>
                        </prep>
                        <sn>
                          <grup.nom gen="f" num="s">
                            <n gen="f" lem="liza" num="s" pos="ncfs000" postype="common" sense="16:cs1" wd="liza"/>
                          </grup.nom>
                        </sn>
                      </sp>
                    </grup.nom>
                  </sn>
                </sp>
              </grup.nom>
            </sn>
          </S>
        </sp>
        <f lem="," pos="fc" punct="comma" wd=","/>
      </S>
      <conj conjunctiontype="subordinating">
        <c lem="mientras" pos="cs" postype="subordinating" wd="mientras"/>
      </conj>
      <S>
        <sn arg="arg0" entityref="nne" func="suj" homophoricDD="yes" tem="agt">
          <spec gen="m" num="p">
            <d gen="m" lem="el" num="p" pos="da0mp0" postype="article" wd="los"/>
          </spec>
          <grup.nom gen="m" num="p">
            <n gen="m" lem="candidato" num="p" pos="ncmp000" postype="common" sense="16:07136302" wd="candidatos"/>
            <s.a gen="m" num="p">
              <grup.a gen="m" num="p">
                <a gen="c" lem="independiente" num="p" pos="aq0cp0" postype="qualificative" wd="independientes"/>
              </grup.a>
            </s.a>
          </grup.nom>
        </sn>
        <grup.verb>
          <v lem="obtener" lss="A21.transitive-agentive-patient" mood="indicative" num="p" person="3" pos="vmii3p0" postype="main" tense="imperfect" wd="obtenían"/>
        </grup.verb>
        <sn arg="arg1" entityref="nne" func="cd" tem="pat">
          <spec gen="m" num="p">
            <d gen="m" lem="el" num="p" pos="da0mp0" postype="article" wd="los"/>
            <d gen="c" lem="tres" num="p" pos="dn0cp0" postype="numeral" wd="tres"/>
          </spec>
          <grup.nom gen="m" num="p">
            <n gen="m" lem="restante" num="p" pos="ncmp000" postype="common" sense="16:09947291" wd="restantes"/>
          </grup.nom>
        </sn>
      </S>
    </S>
    <sp adjunct="yes" func="ao">
      <f lem="," pos="fc" punct="comma" wd=","/>
      <prep>
        <s lem="según" pos="sps00" postype="preposition" wd="según"/>
      </prep>
      <sn entityref="nne">
        <grup.nom gen="f" num="p">
          <n gen="f" lem="fuente" num="p" pos="ncfp000" postype="common" sense="16:05005140" wd="fuentes"/>
          <s.a gen="f" num="p">
            <grup.a gen="f" num="p">
              <a gen="c" lem="oficial" num="p" pos="aq0cp0" postype="qualificative" wd="oficiales"/>
            </grup.a>
          </s.a>
        </grup.nom>
      </sn>
    </sp>
    <f lem="." pos="fp" punct="period" wd="."/>
  </sentence>
  <sentence>
    <sp func="ao">
      <prep>
        <s lem="según" pos="sps00" postype="preposition" wd="Según"/>
      </prep>
      <sn corefsubtype="token" coreftype="dx" entity="entity1" entityref="nne">
        <spec gen="m" num="p">
          <d gen="m" lem="este" num="p" pos="dd0mp0" postype="demonstrative" wd="estos"/>
        </spec>
        <grup.nom gen="m" num="p">
          <n gen="m" lem="dato" num="p" pos="ncmp000" postype="common" sense="16:04480764" wd="datos"/>
          <S clausetype="participle" impersonal="yes">
            <f lem="," pos="fc" punct="comma" wd=","/>
            <participi>
              <a gen="m" lem="difundido" lss="B22.unaccusative-passive-transitive" num="p" pos="aq0mpp" posfunction="participle" postype="qualificative" wd="difundidos"/>
            </participi>
            <sadv arg="argM" func="cc" tem="tmp">
              <grup.adv>
                <r lem="hoy" pos="rg" wd="hoy"/>
              </grup.adv>
            </sadv>
            <sp arg="arg0" func="cag" tem="agt">
              <prep>
                <s lem="por" pos="sps00" postype="preposition" wd="por"/>
              </prep>
              <sn entity="entity2" entityref="ne" ne="organization">
                <spec gen="f" num="s">
                  <d gen="f" lem="el" num="s" pos="da0fs0" postype="article" wd="la"/>
                </spec>
                <grup.nom gen="f" num="s">
                  <n gen="f" lem="agencia" num="s" pos="ncfs000" postype="common" sense="16:06005430" wd="agencia"/>
                  <s.a gen="f" num="s">
                    <grup.a gen="f" num="s">
                      <a gen="c" lem="oficial" num="s" pos="aq0cs0" postype="qualificative" wd="oficial"/>
                    </grup.a>
                  </s.a>
                  <s.a gen="f" num="s">
                    <grup.a gen="f" num="s">
                      <a gen="c" lem="iraní" num="s" pos="aq0cs0" postype="qualificative" wd="iraní"/>
                    </grup.a>
                  </s.a>
                  <sp>
                    <prep>
                      <s lem="de" pos="sps00" postype="preposition" wd="de"/>
                    </prep>
                    <sn>
                      <grup.nom gen="f" num="p">
                        <n gen="f" lem="noticia" num="p" pos="ncfp000" postype="common" sense="16:04867981" wd="noticias"/>
                      </grup.nom>
                    </sn>
                  </sp>
                  <sn corefsubtype="definit" coreftype="pred" entity="entity2" entityref="ne" ne="organization">
                    <f lem="," pos="fc" punct="comma" wd=","/>
                    <grup.nom>
                      <n lem="IRNA" ne="organization" pos="np0000o" postype="proper" sense="16:cs1" wd="IRNA"/>
                    </grup.nom>
                  </sn>
                </grup.nom>
              </sn>
            </sp>
          </S>
        </grup.nom>
      </sn>
      <f lem="," pos="fc" punct="comma" wd=","/>
    </sp>
    <sn arg="arg1" entity="entity4" entityref="ne" func="suj" ne="person" tem="tem">
      <spec gen="m" num="s">
        <d gen="m" lem="el" num="s" pos="da0ms0" postype="article" wd="el"/>
      </spec>
      <grup.nom gen="m" num="s">
        <s.a gen="m" num="s">
          <grup.a gen="m" num="s">
            <a gen="c" lem="ex" num="c" pos="aq0cn0" postype="qualificative" wd="ex"/>
          </grup.a>
        </s.a>
        <n gen="m" lem="presidente" num="s" pos="ncms000" postype="common" sense="16:07495113" wd="presidente"/>
        <sp>
          <prep>
            <s contracted="yes" gen="m" lem="del" num="s" pos="spcms" postype="preposition" wd="del"/>
          </prep>
          <sn coreftype="ident" entity="entity3" entityref="spec">
            <grup.nom gen="m" num="s">
              <n gen="m" lem="país" num="s" pos="ncms000" postype="common" sense="16:06299747" wd="país"/>
            </grup.nom>
          </sn>
        </sp>
        <sn corefsubtype="definit" coreftype="pred" entity="entity4" entityref="ne" ne="person">
          <f lem="," pos="fc" punct="comma" wd=","/>
          <grup.nom gen="m" num="s">
            <n lem="Ali_Akbar_Hashemi_Rafsanyani" ne="person" pos="np0000p" postype="proper" sense="16:cs1" wd="Ali_Akbar_Hashemi_Rafsanyani"/>
          </grup.nom>
          <f lem="," pos="fc" punct="comma" wd=","/>
        </sn>
        <S clausetype="relative">
          <relatiu arg="arg0" coreftype="ident" entity="entity4" entityref="spec" func="suj" tem="agt">
            <p gen="c" lem="que" num="c" pos="pr0cn000" postype="relative" wd="que"/>
          </relatiu>
          <morfema.pronominal>
            <p gen="c" lem="él" num="c" person="3" pos="p0300000" wd="se"/>
          </morfema.pronominal>
          <grup.verb>
            <v lem="presentar" lss="A22.transitive-agentive-theme" mood="indicative" num="s" person="3" pos="vmii3s0" postype="main" tense="imperfect" wd="presentaba"/>
          </grup.verb>
          <sp arg="argM" func="cpred" predicate="suj" tem="atr">
            <prep>
              <c lem="como" pos="cs" postype="subordinating" wd="como"/>
            </prep>
            <sn>
              <grup.nom gen="m" num="s">
                <n gen="c" lem="independiente" num="s" pos="nccs000" postype="common" sense="16:07423166" wd="independiente"/>
              </grup.nom>
            </sn>
          </sp>
          <S clausesubtype="concessive" clausetype="adverbial" func="ao" verbless="yes">
            <f lem="," pos="fc" punct="comma" wd=","/>
            <conj conjunctiontype="subordinating">
              <c lem="aunque" pos="cs" postype="subordinating" wd="aunque"/>
            </conj>
            <sp>
              <prep>
                <s lem="al_frente_de" pos="sps00" postype="preposition" wd="al_frente_de"/>
              </prep>
              <sn coreftype="ident" entity="entity5" entityref="nne" homophoricDD="yes">
                <spec gen="f" num="p">
                  <d gen="f" lem="el" num="p" pos="da0fp0" postype="article" wd="las"/>
                </spec>
                <grup.nom gen="f" num="p">
                  <n gen="f" lem="lista" num="p" pos="ncfp000" postype="common" sense="16:04866394" wd="listas"/>
                  <s.a gen="f" num="p">
                    <grup.a gen="f" num="p">
                      <a gen="f" lem="conservador" num="p" pos="aq0fp0" postype="qualificative" wd="conservadoras"/>
                    </grup.a>
                  </s.a>
                </grup.nom>
              </sn>
            </sp>
            <f lem="," pos="fc" punct="comma" wd=","/>
          </S>
        </S>
      </grup.nom>
    </sn>
    <grup.verb>
      <v lem="entrar" lss="B22.unaccusative-passive-transitive" mood="indicative" num="s" person="3" pos="vmif3s0" postype="main" tense="future" wd="entrará"/>
    </grup.verb>
    <sadv arg="argM" func="cc" tem="adv">
      <grup.adv>
        <r lem="a_duras_penas" pos="rg" wd="a_duras_penas"/>
      </grup.adv>
    </sadv>
    <sp arg="arg2" func="cc" tem="loc">
      <prep>
        <s lem="en" pos="sps00" postype="preposition" wd="en"/>
      </prep>
      <sn coreftype="ident" entity="entity6" entityref="ne" ne="organization">
        <spec gen="m" num="s">
          <d gen="m" lem="el" num="s" pos="da0ms0" postype="article" wd="el"/>
        </spec>
        <grup.nom gen="m" num="s">
          <n lem="Parlamento" ne="organization" pos="np0000o" postype="proper" sense="16:cs1" wd="Parlamento"/>
        </grup.nom>
      </sn>
    </sp>
    <sp arg="argM" func="cc" tem="tmp">
      <f lem="," pos="fc" punct="comma" wd=","/>
      <prep>
        <s lem="tras" pos="sps00" postype="preposition" wd="tras"/>
      </prep>
      <S clausetype="completive" impersonal="yes">
        <infinitiu>
          <v lem="quedar" lss="C21.state-attributive" mood="infinitive" pos="vmn0000" postype="main" wd="quedar"/>
        </infinitiu>
        <sp arg="argM" func="cc" tem="loc">
          <prep>
            <s lem="en" pos="sps00" postype="preposition" wd="en"/>
          </prep>
          <sn entityref="nne" homophoricDD="yes">
            <spec gen="m" num="s">
              <d gen="m" lem="el" num="s" pos="da0ms0" postype="article" wd="el"/>
            </spec>
            <grup.nom gen="m" num="s">
              <n gen="m" lem="puesto" num="s" pos="ncms000" postype="common" sense="16:00385376" wd="puesto"/>
              <s.a gen="m" num="s">
                <grup.a gen="m" num="s">
                  <z lem="29" ne="number" wd="29"/>
                </grup.a>
              </s.a>
              <sp>
                <prep>
                  <s lem="de" pos="sps00" postype="preposition" wd="de"/>
                </prep>
                <sn entity="entity8" entityref="nne" homophoricDD="yes">
                  <spec gen="m" num="p">
                    <d gen="m" lem="el" num="p" pos="da0mp0" postype="article" wd="los"/>
                  </spec>
                  <grup.nom gen="m" num="p">
                    <n gen="m" lem="candidato" num="p" pos="ncmp000" postype="common" sense="16:07136302" wd="candidatos"/>
                    <S clausetype="participle" impersonal="yes">
                      <participi>
                        <a gen="m" lem="elegido" num="p" pos="aq0mpp" posfunction="participle" postype="qualificative" wd="elegidos"/>
                      </participi>
                    </S>
                  </grup.nom>
                </sn>
              </sp>
            </grup.nom>
          </sn>
        </sp>
      </S>
    </sp>
    <f lem="." pos="fp" punct="period" wd="."/>
  </sentence>
  <sentence>
    <sn arg="arg0" coreftype="ident" entity="entity4" entityref="ne" func="suj" ne="person" tem="agt">
      <grup.nom gen="m" num="s">
        <n lem="Rafsanyani" ne="person" pos="np0000p" postype="proper" sense="16:cs1" wd="Rafsanyani"/>
        <S clausetype="relative">
          <f lem="," pos="fc" punct="comma" wd=","/>
          <relatiu arg="arg0" coreftype="ident" entity="entity4" entityref="spec" func="suj" tem="agt">
            <p gen="c" lem="que" num="c" pos="pr0cn000" postype="relative" wd="que"/>
          </relatiu>
          <grup.verb>
            <v lem="aspirar" lss="A22.transitive-agentive-theme" mood="indicative" num="s" person="3" pos="vmii3s0" postype="main" tense="imperfect" wd="aspiraba"/>
          </grup.verb>
          <sp arg="arg1" func="creg" tem="tem">
            <prep>
              <s lem="a" pos="sps00" postype="preposition" wd="a"/>
            </prep>
            <S clausetype="completive" impersonal="yes">
              <infinitiu>
                <v lem="ser" lss="C21.state-attributive" mood="infinitive" pos="vsn0000" postype="semiauxiliary" wd="ser"/>
              </infinitiu>
              <sn arg="arg2" func="atr" tem="atr">
                <spec gen="m" num="s">
                  <d gen="m" lem="el" num="s" pos="da0ms0" postype="article" wd="el"/>
                </spec>
                <grup.nom gen="m" num="s">
                  <s.a gen="m" num="s">
                    <grup.a gen="m" num="s">
                      <a gen="m" lem="próximo" num="s" pos="aq0ms0" postype="qualificative" wd="próximo"/>
                    </grup.a>
                  </s.a>
                  <n gen="m" lem="presidente" num="s" pos="ncms000" postype="common" sense="16:07496197" wd="presidente"/>
                  <sp>
                    <prep>
                      <s lem="de" pos="sps00" postype="preposition" wd="de"/>
                    </prep>
                    <sn coreftype="ident" entity="entity6" entityref="ne" ne="organization">
                      <spec gen="f" num="s">
                        <d gen="f" lem="el" num="s" pos="da0fs0" postype="article" wd="la"/>
                      </spec>
                      <grup.nom gen="f" num="s">
                        <n lem="Cámara" ne="organization" pos="np0000o" postype="proper" sense="16:cs1" wd="Cámara"/>
                      </grup.nom>
                    </sn>
                  </sp>
                </grup.nom>
              </sn>
            </S>
          </sp>
          <f lem="," pos="fc" punct="comma" wd=","/>
        </S>
      </grup.nom>
    </sn>
    <morfema.pronominal>
      <p gen="c" lem="él" num="c" person="3" pos="p0300000" wd="se"/>
    </morfema.pronominal>
    <grup.verb>
      <v lem="presentar" lss="A22.transitive-agentive-theme" mood="indicative" num="s" person="3" pos="vmis3s0" postype="main" tense="past" wd="presentó"/>
    </grup.verb>
    <sp arg="argM" func="cpred" predicate="suj" tem="atr">
      <prep>
        <c lem="como" pos="cs" postype="subordinating" wd="como"/>
      </prep>
      <sn>
        <grup.nom gen="m" num="s">
          <n gen="m" lem="candidato" num="s" pos="ncms000" postype="common" sense="16:07136302" wd="candidato"/>
          <s.a gen="m" num="s">
            <grup.a gen="m" num="s">
              <f lem="&quot;" pos="fe" punct="quotation" wd="&quot;"/>
              <a gen="m" lem="pragmático" num="s" pos="aq0ms0" postype="qualificative" wd="pragmático"/>
              <f lem="&quot;" pos="fe" punct="quotation" wd="&quot;"/>
            </grup.a>
          </s.a>
          <sp>
            <prep>
              <s lem="de" pos="sps00" postype="preposition" wd="de"/>
            </prep>
            <sn>
              <grup.nom gen="m" num="s">
                <n gen="m" lem="consenso" lexicalid="noun.consenso.1.default" num="s" origin="deverbal" pos="ncms000" postype="common" sense="16:05364269" wd="consenso"/>
                <sp arg="arg0" func="cn" tem="agt">
                  <prep>
                    <s lem="entre" pos="sps00" postype="preposition" wd="entre"/>
                  </prep>
                  <sn entityref="nne" homophoricDD="yes">
                    <spec gen="f" num="p">
                      <d gen="f" lem="el" num="p" pos="da0fp0" postype="article" wd="las"/>
                      <d gen="c" lem="dos" num="p" pos="dn0cp0" postype="numeral" wd="dos"/>
                    </spec>
                    <grup.nom gen="f" num="p">
                      <n gen="f" lem="facción" num="p" pos="ncfp000" postype="common" sense="16:06218181" wd="facciones"/>
                      <sp>
                        <prep>
                          <s contracted="yes" gen="m" lem="del" num="s" pos="spcms" postype="preposition" wd="del"/>
                        </prep>
                        <sn coreftype="ident" entity="entity7" entityref="nne" homophoricDD="yes">
                          <grup.nom gen="m" num="s">
                            <n gen="m" lem="régimen" num="s" pos="ncms000" postype="common" sense="16:06000383" wd="régimen"/>
                            <s.a gen="m" num="s">
                              <grup.a gen="m" num="s">
                                <a gen="m" lem="islámico" num="s" pos="aq0ms0" postype="qualificative" wd="islámico"/>
                              </grup.a>
                            </s.a>
                          </grup.nom>
                        </sn>
                      </sp>
                    </grup.nom>
                  </sn>
                </sp>
              </grup.nom>
            </sn>
          </sp>
        </grup.nom>
      </sn>
    </sp>
    <f lem="." pos="fp" punct="period" wd="."/>
  </sentence>
  <sentence coord="yes">
    <S>
      <sp discid="1c">
        <prep>
          <s lem="de" pos="sps00" postype="preposition" wd="De"/>
        </prep>
        <sn coreftype="ident" entity="entity8" entityref="nne">
          <spec gen="m" num="p">
            <d gen="m" lem="el" num="p" pos="da0mp0" postype="article" wd="los"/>
          </spec>
          <grup.nom gen="m" num="p">
            <n gen="m" lem="elegido" num="p" pos="ncmp000" postype="common" sense="16:cs1" wd="elegidos"/>
          </grup.nom>
        </sn>
        <f lem="," pos="fc" punct="comma" wd=","/>
      </sp>
      <sn arg="arg1" entity="entity9" entityref="nne" func="suj" tem="tem">
        <spec gen="m" num="p">
          <d gen="m" lem="el" num="p" pos="da0mp0" postype="article" wd="los"/>
          <d gen="c" lem="tres" num="p" pos="dn0cp0" postype="numeral" wd="tres"/>
        </spec>
        <grup.nom gen="m" num="p">
          <s.a discid="1n" gen="m" num="p">
            <grup.a gen="m" num="p">
              <a gen="m" lem="primero" num="p" pos="ao0mp0" postype="ordinal" wd="primeros"/>
            </grup.a>
          </s.a>
        </grup.nom>
      </sn>
      <grup.verb>
        <v lem="ser" lss="C21.state-attributive" mood="indicative" num="p" person="3" pos="vsip3p0" postype="semiauxiliary" tense="present" wd="son"/>
      </grup.verb>
      <sn arg="arg2" func="atr" tem="atr">
        <grup.nom gen="m" num="p">
          <n gen="m" lem="hermano" num="p" pos="ncmp000" postype="common" sense="16:07127521" wd="hermanos"/>
          <sp>
            <prep>
              <s lem="de" pos="sps00" postype="preposition" wd="de"/>
            </prep>
            <sn entityref="nne">
              <grup.nom gen="m" num="p">
                <p gen="c" lem="tres" num="p" pos="pn0cp000" postype="numeral" wd="tres"/>
                <sp>
                  <prep>
                    <s lem="de" pos="sps00" postype="preposition" wd="de"/>
                  </prep>
                  <sn entityref="nne" homophoricDD="yes">
                    <spec gen="m" num="p">
                      <d gen="m" lem="el" num="p" pos="da0mp0" postype="article" wd="los"/>
                    </spec>
                    <grup.nom gen="m" num="p">
                      <s.a gen="m" num="p">
                        <spec>
                          <r lem="más" pos="rg" wd="más"/>
                        </spec>
                        <grup.a gen="m" num="p">
                          <a gen="c" lem="importante" num="p" pos="aq0cp0" postype="qualificative" wd="importantes"/>
                        </grup.a>
                      </s.a>
                      <n gen="c" lem="líder" num="p" pos="nccp000" postype="common" sense="16:06950891" wd="líderes"/>
                      <s.a gen="m" num="p">
                        <grup.a gen="m" num="p">
                          <a gen="c" lem="aperturista" num="p" pos="aq0cp0" postype="qualificative" wd="aperturistas"/>
                        </grup.a>
                      </s.a>
                      <sp>
                        <prep>
                          <s contracted="yes" gen="m" lem="del" num="s" pos="spcms" postype="preposition" wd="del"/>
                        </prep>
                        <sn coreftype="ident" entity="entity3" entityref="spec">
                          <grup.nom gen="m" num="s">
                            <n gen="m" lem="país" num="s" pos="ncms000" postype="common" sense="16:06074189" wd="país"/>
                          </grup.nom>
                        </sn>
                      </sp>
                    </grup.nom>
                  </sn>
                </sp>
              </grup.nom>
            </sn>
          </sp>
        </grup.nom>
      </sn>
    </S>
    <f lem="," pos="fc" punct="comma" wd=","/>
    <S verbless="yes">
      <sn entityref="spec" homophoricDD="yes">
        <spec gen="m" num="s">
          <d gen="m" lem="el" num="s" pos="da0ms0" postype="article" wd="el"/>
        </spec>
        <grup.nom gen="m" num="s">
          <s.a gen="m" num="s">
            <grup.a gen="m" num="s">
              <a gen="m" lem="primero" num="s" pos="ao0ms0" postype="ordinal" wd="primero"/>
              <sp>
                <prep>
                  <s lem="de" pos="sps00" postype="preposition" wd="de"/>
                </prep>
                <sn coreftype="ident" entity="entity9" entityref="nne">
                  <grup.nom gen="m" num="p">
                    <p gen="m" lem="él" num="p" person="3" pos="pp3mp000" postype="personal" wd="ellos"/>
                  </grup.nom>
                </sn>
              </sp>
            </grup.a>
          </s.a>
        </grup.nom>
      </sn>
      <sn entityref="ne" ne="person">
        <grup.nom gen="m" num="s">
          <n lem="Reza_Jatamí" ne="person" pos="np0000p" postype="proper" sense="16:cs1" wd="Reza_Jatamí"/>
          <sn>
            <f lem="," pos="fc" punct="comma" wd=","/>
            <grup.nom gen="m" num="s">
              <n gen="m" lem="hermano" num="s" pos="ncms000" postype="common" sense="16:07127521" wd="hermano"/>
              <sp>
                <prep>
                  <s contracted="yes" gen="m" lem="del" num="s" pos="spcms" postype="preposition" wd="del"/>
                </prep>
                <sn entityref="ne" ne="person">
                  <grup.nom gen="m" num="s">
                    <n gen="m" lem="presidente" num="s" pos="ncms000" postype="common" sense="16:07495113" wd="presidente"/>
                    <sn entityref="ne" ne="person">
                      <grup.nom gen="m" num="s">
                        <n lem="Mohamed_Jatamí" ne="person" pos="np0000p" postype="proper" sense="16:cs1" wd="Mohamed_Jatamí"/>
                      </grup.nom>
                    </sn>
                  </grup.nom>
                </sn>
              </sp>
            </grup.nom>
          </sn>
        </grup.nom>
      </sn>
    </S>
    <f lem="." pos="fp" punct="period" wd="."/>
  </sentence>
  <sentence coord="yes">
    <S>
      <sn arg="arg1" entityref="spec" func="suj" homophoricDD="yes" tem="tem">
        <spec gen="f" num="s">
          <d gen="f" lem="el" num="s" pos="da0fs0" postype="article" wd="La"/>
        </spec>
        <grup.nom gen="f" num="s">
          <s.a gen="f" num="s">
            <grup.a gen="f" num="s">
              <a gen="f" lem="segundo" num="s" pos="ao0fs0" postype="ordinal" wd="segunda"/>
              <S clausetype="participle" impersonal="yes">
                <sadv arg="argM" func="cc" tem="adv">
                  <grup.adv>
                    <r lem="más" pos="rg" wd="más"/>
                  </grup.adv>
                </sadv>
                <participi>
                  <a gen="f" lem="votado" lss="B22.unaccusative-passive-transitive" num="s" pos="aq0fsp" posfunction="participle" postype="qualificative" wd="votada"/>
                </participi>
              </S>
            </grup.a>
          </s.a>
        </grup.nom>
      </sn>
      <grup.verb>
        <v lem="haber" mood="indicative" num="s" person="3" pos="vaip3s0" postype="auxiliary" tense="present" wd="ha"/>
        <v gen="m" lem="ser" lss="C21.state-attributive" mood="participle" num="s" pos="vsp00sm" postype="semiauxiliary" wd="sido"/>
      </grup.verb>
      <sn arg="arg2" entityref="ne" func="atr" ne="person" tem="atr">
        <grup.nom gen="f" num="s">
          <n lem="Yamile_Kadivar" ne="person" pos="np0000p" postype="proper" sense="16:cs1" wd="Yamile_Kadivar"/>
          <sn>
            <f lem="," pos="fc" punct="comma" wd=","/>
            <grup.nom gen="f" num="s">
              <n gen="f" lem="hermana" num="s" pos="ncfs000" postype="common" sense="16:07579801" wd="hermana"/>
              <sp>
                <prep>
                  <s contracted="yes" gen="m" lem="del" num="s" pos="spcms" postype="preposition" wd="del"/>
                </prep>
                <sn entityref="ne" ne="person">
                  <grup.nom gen="m" num="s">
                    <n gen="m" lem="clérigo" num="s" pos="ncms000" postype="common" sense="16:07160442" wd="clérigo"/>
                    <s.a gen="m" num="s">
                      <grup.a gen="m" num="s">
                        <a gen="m" lem="musulmán" num="s" pos="aq0ms0" postype="qualificative" wd="musulmán"/>
                      </grup.a>
                    </s.a>
                    <s.a gen="m" num="s">
                      <grup.a gen="m" num="s">
                        <a gen="c" lem="chií" num="s" pos="aq0cs0" postype="qualificative" wd="chií"/>
                      </grup.a>
                    </s.a>
                    <sn entityref="ne" ne="person">
                      <grup.nom gen="m" num="s">
                        <n lem="Mohsen_Kadivar" ne="person" pos="np0000p" postype="proper" sense="16:cs1" wd="Mohsen_Kadivar"/>
                      </grup.nom>
                    </sn>
                    <S clausetype="participle" impersonal="yes">
                      <f lem="," pos="fc" punct="comma" wd=","/>
                      <participi>
                        <a gen="m" lem="condenado" lss="B22.unaccusative-passive-transitive" num="s" pos="aq0msp" posfunction="participle" postype="qualificative" wd="condenado"/>
                      </participi>
                      <sp arg="arg2" func="creg" tem="tem">
                        <prep>
                          <s lem="a" pos="sps00" postype="preposition" wd="a"/>
                        </prep>
                        <sn>
                          <spec gen="m" num="p">
                            <d gen="c" lem="cinco" num="p" pos="dn0cp0" postype="numeral" wd="cinco"/>
                          </spec>
                          <grup.nom gen="m" num="p">
                            <n gen="m" lem="año" num="p" pos="ncmp000" postype="common" sense="16:10917509" wd="años"/>
                            <sp>
                              <prep>
                                <s lem="de" pos="sps00" postype="preposition" wd="de"/>
                              </prep>
                              <sn>
                                <grup.nom gen="f" num="s">
                                  <n gen="f" lem="cárcel" num="s" pos="ncfs000" postype="common" sense="16:02872007" wd="cárcel"/>
                                </grup.nom>
                              </sn>
                            </sp>
                          </grup.nom>
                        </sn>
                      </sp>
                      <sn arg="argM" entityref="nne" func="cc" homophoricDD="yes" tem="tmp">
                        <spec gen="m" num="s">
                          <d gen="m" lem="el" num="s" pos="da0ms0" postype="article" wd="el"/>
                        </spec>
                        <grup.nom gen="m" num="s">
                          <S clausetype="participle" impersonal="yes">
                            <participi>
                              <a gen="m" lem="pasado" num="s" pos="aq0msp" posfunction="participle" postype="qualificative" wd="pasado"/>
                            </participi>
                          </S>
                          <n gen="m" lem="año" num="s" pos="ncms000" postype="common" sense="16:10917509" wd="año"/>
                        </grup.nom>
                      </sn>
                      <sp arg="argM" func="cc" tem="cau">
                        <prep>
                          <s lem="por" pos="sps00" postype="preposition" wd="por"/>
                        </prep>
                        <S clausetype="completive" impersonal="yes">
                          <infinitiu>
                            <v lem="pedir" lss="A32.ditransitive-patient-benefactive" mood="infinitive" pos="vmn0000" postype="main" wd="pedir"/>
                          </infinitiu>
                          <sn arg="arg1" entityref="nne" func="cd" homophoricDD="yes" tem="pat">
                            <spec gen="f" num="s">
                              <d gen="f" lem="el" num="s" pos="da0fs0" postype="article" wd="la"/>
                            </spec>
                            <grup.nom gen="f" num="s">
                              <n gen="f" lem="separación" lexicalid="noun.separación.1.default" num="s" origin="deverbal" pos="ncfs000" postype="common" sense="16:00246210" wd="separación"/>
                              <sp arg="arg1" func="cn" tem="tem">
                                <prep>
                                  <s lem="entre" pos="sps00" postype="preposition" wd="entre"/>
                                </prep>
                                <sn complex="yes">
                                  <grup.nom coord="yes">
                                    <grup.nom entity="entity10" entityref="nne" gen="f" num="s">
                                      <n gen="f" lem="religión" num="s" pos="ncfs000" postype="common" sense="16:04565571" wd="religión"/>
                                    </grup.nom>
                                    <conj conjunctiontype="coordinating">
                                      <c lem="y" pos="cc" postype="coordinating" wd="y"/>
                                    </conj>
                                    <grup.nom gen="f" num="s">
                                      <n gen="f" lem="política" num="s" pos="ncfs000" postype="common" sense="16:04673837" wd="política"/>
                                    </grup.nom>
                                  </grup.nom>
                                </sn>
                              </sp>
                            </grup.nom>
                          </sn>
                        </S>
                      </sp>
                    </S>
                  </grup.nom>
                </sn>
              </sp>
            </grup.nom>
          </sn>
        </grup.nom>
      </sn>
      <f lem=";" pos="fx" punct="semicolon" wd=";"/>
    </S>
    <conj conjunctiontype="coordinating">
      <c lem="y" pos="cc" postype="coordinating" wd="y"/>
    </conj>
    <S verbless="yes">
      <sn entityref="spec" homophoricDD="yes">
        <spec gen="m" num="s">
          <d gen="m" lem="el" num="s" pos="da0ms0" postype="article" wd="el"/>
        </spec>
        <grup.nom gen="m" num="s">
          <s.a gen="m" num="s">
            <grup.a gen="m" num="s">
              <a gen="m" lem="tercero" num="s" pos="ao0ms0" postype="ordinal" wd="tercero"/>
            </grup.a>
          </s.a>
        </grup.nom>
      </sn>
      <sn entityref="ne" ne="person">
        <grup.nom gen="m" num="s">
          <n lem="Ali_Reza_Nuri" ne="person" pos="np0000p" postype="proper" sense="16:cs1" wd="Ali_Reza_Nuri"/>
          <sn>
            <f lem="," pos="fc" punct="comma" wd=","/>
            <grup.nom gen="m" num="s">
              <n gen="m" lem="hermano" num="s" pos="ncms000" postype="common" sense="16:07127521" wd="hermano"/>
              <sp>
                <prep>
                  <s contracted="yes" gen="m" lem="del" num="s" pos="spcms" postype="preposition" wd="del"/>
                </prep>
                <sn entityref="ne" ne="person">
                  <grup.nom gen="m" num="s">
                    <sadv>
                      <grup.adv>
                        <r lem="también" pos="rg" wd="también"/>
                      </grup.adv>
                    </sadv>
                    <n gen="m" lem="religioso" num="s" pos="ncms000" postype="common" sense="16:07526600" wd="religioso"/>
                    <sn entityref="ne" ne="person">
                      <grup.nom gen="m" num="s">
                        <n lem="Abdola_Nuri" ne="person" pos="np0000p" postype="proper" sense="16:cs1" wd="Abdola_Nuri"/>
                      </grup.nom>
                    </sn>
                    <S clausetype="participle" impersonal="yes">
                      <f lem="," pos="fc" punct="comma" wd=","/>
                      <participi>
                        <a gen="m" lem="condenado" lss="B22.unaccusative-passive-transitive" num="s" pos="aq0msp" posfunction="participle" postype="qualificative" wd="condenado"/>
                      </participi>
                      <sadv func="mod">
                        <grup.adv>
                          <r lem="también" pos="rg" wd="también"/>
                        </grup.adv>
                      </sadv>
                      <sp arg="argM" func="cc" tem="cau">
                        <prep>
                          <s lem="por" pos="sps00" postype="preposition" wd="por"/>
                        </prep>
                        <sn entityref="nne">
                          <grup.nom gen="m" num="p">
                            <n gen="m" lem="delito" lexicalid="noun.delito.1.default" num="p" origin="deverbal" pos="ncmp000" postype="common" sense="16:00490590" wd="delitos"/>
                            <sp func="cn">
                              <prep>
                                <s lem="contra" pos="sps00" postype="preposition" wd="contra"/>
                              </prep>
                              <sn coreftype="ident" entity="entity10" entityref="nne" homophoricDD="yes">
                                <spec gen="f" num="s">
                                  <d gen="f" lem="el" num="s" pos="da0fs0" postype="article" wd="la"/>
                                </spec>
                                <grup.nom gen="f" num="s">
                                  <n gen="f" lem="religión" num="s" pos="ncfs000" postype="common" sense="16:04565571" wd="religión"/>
                                </grup.nom>
                              </sn>
                            </sp>
                          </grup.nom>
                        </sn>
                      </sp>
                    </S>
                  </grup.nom>
                </sn>
              </sp>
            </grup.nom>
          </sn>
        </grup.nom>
      </sn>
    </S>
    <f lem="." pos="fp" punct="period" wd="."/>
  </sentence>
  <sentence>
    <sp arg="argM" func="cc" tem="loc">
      <prep>
        <s lem="en" pos="sps00" postype="preposition" wd="En"/>
      </prep>
      <sn coreftype="ident" entity="entity11" entityref="ne" ne="location">
        <grup.nom>
          <n lem="Teherán" ne="location" pos="np0000l" postype="proper" sense="16:06514815" wd="Teherán"/>
        </grup.nom>
      </sn>
    </sp>
    <neg func="mod">
      <r lem="no" pos="rn" postype="negative" wd="no"/>
    </neg>
    <grup.verb>
      <v lem="haber" lss="C11.state-existential" mood="indicative" num="s" person="3" pos="vaif3s0" postype="auxiliary" tense="future" wd="habrá"/>
    </grup.verb>
    <sn arg="arg1" func="cd" functype="quantitative" tem="tem">
      <grup.nom gen="f" num="s">
        <s.a gen="f" num="s">
          <grup.a gen="f" num="s">
            <a gen="f" lem="segundo" num="s" pos="ao0fs0" postype="ordinal" wd="segunda"/>
          </grup.a>
        </s.a>
        <n gen="f" lem="vuelta" num="s" pos="ncfs000" postype="common" sense="16:cs1" wd="vuelta"/>
        <s.a gen="f" num="s">
          <grup.a gen="f" num="s">
            <a gen="c" lem="electoral" num="s" pos="aq0cs0" postype="qualificative" wd="electoral"/>
          </grup.a>
        </s.a>
      </grup.nom>
    </sn>
    <S arg="argM" clausetype="adverbial" func="cc" tem="cau">
      <f lem="," pos="fc" punct="comma" wd=","/>
      <conj conjunctiontype="subordinating">
        <c lem="pues" pos="cs" postype="subordinating" wd="pues"/>
      </conj>
      <sn arg="arg0" entityref="nne" func="suj" tem="agt">
        <sn>
          <spec gen="m" num="p">
            <z lem="32" ne="number" wd="32"/>
          </spec>
          <grup.nom gen="m" num="p">
            <n gen="m" lem="candidato" num="p" pos="ncmp000" postype="common" sense="16:07136302" wd="candidatos"/>
          </grup.nom>
        </sn>
        <sn adjunct="yes">
          <f lem="," pos="fc" punct="comma" wd=","/>
          <grup.nom gen="m" num="p">
            <p gen="c" lem="dos" num="p" pos="pn0cp000" postype="numeral" wd="dos"/>
            <sadv>
              <grup.adv>
                <r lem="más" pos="rg" wd="más"/>
              </grup.adv>
            </sadv>
            <sp>
              <prep>
                <s lem="de" pos="sps00" postype="preposition" wd="de"/>
              </prep>
              <sn coreftype="ident" entity="entity12" entityref="nne">
                <spec gen="m" num="p">
                  <d gen="m" lem="el" num="p" pos="da0mp0" postype="article" wd="los"/>
                </spec>
                <grup.nom gen="m" num="p">
                  <s.a gen="m" num="p">
                    <grup.a gen="m" num="p">
                      <a gen="m" lem="necesario" num="p" pos="aq0mp0" postype="qualificative" wd="necesarios"/>
                    </grup.a>
                  </s.a>
                </grup.nom>
              </sn>
            </sp>
          </grup.nom>
          <f lem="," pos="fc" punct="comma" wd=","/>
        </sn>
      </sn>
      <grup.verb>
        <v lem="haber" mood="indicative" num="p" person="3" pos="vaip3p0" postype="auxiliary" tense="present" wd="han"/>
        <v gen="m" lem="conseguir" lss="A21.transitive-agentive-patient" mood="participle" num="s" pos="vmp00sm" postype="main" wd="conseguido"/>
      </grup.verb>
      <sn arg="arg1" entityref="nne" func="cd" tem="pat">
        <spec gen="m" num="s">
          <r lem="más" pos="rg" wd="más"/>
          <s contracted="yes" gen="m" lem="del" num="s" pos="spcms" postype="preposition" wd="del"/>
        </spec>
        <grup.nom gen="m" num="s">
          <z lem="25_%" ne="number" pos="zp" postype="percentage" wd="25_por_ciento"/>
          <sp>
            <prep>
              <s lem="de" pos="sps00" postype="preposition" wd="de"/>
            </prep>
            <sn entityref="nne" homophoricDD="yes">
              <spec gen="m" num="p">
                <d gen="m" lem="el" num="p" pos="da0mp0" postype="article" wd="los"/>
              </spec>
              <grup.nom gen="m" num="p">
                <n gen="m" lem="voto" num="p" pos="ncmp000" postype="common" sense="16:00119067" wd="votos"/>
                <S clausetype="participle" impersonal="yes">
                  <participi>
                    <a gen="m" lem="requerido" lss="B22.unaccusative-passive-transitive" num="p" pos="aq0mpp" posfunction="participle" postype="qualificative" wd="requeridos"/>
                  </participi>
                  <sp arg="argM" func="cc" tem="fin">
                    <prep>
                      <s lem="para" pos="sps00" postype="preposition" wd="para"/>
                    </prep>
                    <S clausetype="completive" impersonal="yes">
                      <infinitiu>
                        <v lem="ser" mood="infinitive" pos="vsn0000" postype="semiauxiliary" wd="ser"/>
                        <v gen="m" lem="designar" lss="B22.unaccusative-passive-transitive" mood="participle" num="p" pos="vmp00pm" postype="main" wd="designados"/>
                      </infinitiu>
                      <sp arg="argM" func="cc" tem="loc">
                        <prep>
                          <s lem="en" pos="sps00" postype="preposition" wd="en"/>
                        </prep>
                        <sn entityref="nne" homophoricDD="yes">
                          <spec gen="f" num="s">
                            <d gen="f" lem="el" num="s" pos="da0fs0" postype="article" wd="la"/>
                          </spec>
                          <grup.nom gen="f" num="s">
                            <s.a gen="f" num="s">
                              <grup.a gen="f" num="s">
                                <a gen="f" lem="primero" num="s" pos="ao0fs0" postype="ordinal" wd="primera"/>
                              </grup.a>
                            </s.a>
                            <n gen="f" lem="ronda" num="s" pos="ncfs000" postype="common" sense="16:cs1" wd="ronda"/>
                          </grup.nom>
                        </sn>
                      </sp>
                    </S>
                  </sp>
                </S>
              </grup.nom>
            </sn>
          </sp>
        </grup.nom>
      </sn>
      <sp func="ao">
        <f lem="," pos="fc" punct="comma" wd=","/>
        <prep>
          <s lem="según" pos="sps00" postype="preposition" wd="según"/>
        </prep>
        <sn entity="entity13" entityref="nne" homophoricDD="yes">
          <spec gen="m" num="s">
            <d gen="m" lem="el" num="s" pos="da0ms0" postype="article" wd="el"/>
          </spec>
          <grup.nom gen="m" num="s">
            <n gen="m" lem="sistema" num="s" pos="ncms000" postype="common" sense="16:04536899" wd="sistema"/>
            <sp>
              <prep>
                <s lem="de" pos="sps00" postype="preposition" wd="de"/>
              </prep>
              <sn>
                <grup.nom gen="f" num="p">
                  <n gen="f" lem="lista" num="p" pos="ncfp000" postype="common" sense="16:04866394" wd="listas"/>
                  <S clausetype="participle" impersonal="yes">
                    <participi>
                      <a gen="f" lem="abierto" num="p" pos="aq0fpp" posfunction="participle" postype="qualificative" wd="abiertas"/>
                    </participi>
                  </S>
                </grup.nom>
              </sn>
            </sp>
            <S clausetype="relative">
              <relatiu arg="arg1" coreftype="ident" entity="entity13" entityref="nne" func="suj" tem="pat">
                <p gen="c" lem="que" num="c" pos="pr0cn000" postype="relative" wd="que"/>
              </relatiu>
              <morfema.verbal func="pass">
                <p gen="c" lem="se" num="c" pos="p0000000" wd="se"/>
              </morfema.verbal>
              <grup.verb>
                <v lem="utilizar" lss="B22.unaccusative-passive-transitive" mood="indicative" num="s" person="3" pos="vmip3s0" postype="main" tense="present" wd="utiliza"/>
              </grup.verb>
              <sp arg="argM" func="cc" tem="loc">
                <prep>
                  <s lem="en" pos="sps00" postype="preposition" wd="en"/>
                </prep>
                <sn coreftype="ident" entity="entity3" entityref="ne" ne="location">
                  <grup.nom>
                    <n lem="Irán" ne="location" pos="np0000l" postype="proper" sense="16:06514401" wd="Irán"/>
                  </grup.nom>
                </sn>
              </sp>
            </S>
          </grup.nom>
        </sn>
      </sp>
    </S>
    <f lem="." pos="fp" punct="period" wd="."/>
  </sentence>
  <sentence>
    <S clausesubtype="concessive" clausetype="adverbial" func="ao">
      <conj conjunctiontype="subordinating">
        <c lem="aunque" pos="cs" postype="subordinating" wd="Aunque"/>
      </conj>
      <sp arg="argM" func="cc" tem="loc">
        <prep>
          <s lem="en" pos="sps00" postype="preposition" wd="en"/>
        </prep>
        <sn coreftype="ident" entity="entity11" entityref="ne" ne="location">
          <grup.nom>
            <n lem="Teherán" ne="location" pos="np0000l" postype="proper" sense="16:06514815" wd="Teherán"/>
          </grup.nom>
        </sn>
      </sp>
      <grup.verb>
        <v lem="concluir" lss="B21.unaccusative-state" mood="indicative" num="s" person="3" pos="vmis3s0" postype="main" tense="past" wd="concluyó"/>
      </grup.verb>
      <sn arg="arg1" entity="entity15" entityref="nne" func="suj" homophoricDD="yes" tem="tem">
        <spec gen="m" num="s">
          <d gen="m" lem="el" num="s" pos="da0ms0" postype="article" wd="el"/>
        </spec>
        <grup.nom gen="m" num="s">
          <n gen="m" lem="recuento" lexicalid="noun.recuento.2.default" num="s" origin="deverbal" pos="ncms000" postype="common" sense="16:09766572" wd="recuento"/>
          <sp arg="arg1" func="cn" tem="pat">
            <prep>
              <s lem="de" pos="sps00" postype="preposition" wd="de"/>
            </prep>
            <sn entityref="nne">
              <grup.nom gen="m" num="p">
                <n gen="m" lem="voto" num="p" pos="ncmp000" postype="common" sense="16:00119067" wd="votos"/>
              </grup.nom>
            </sn>
          </sp>
          <S clausetype="participle" func="cn" impersonal="yes">
            <participi>
              <a gen="m" lem="informatizado" num="s" pos="aq0msp" posfunction="participle" postype="qualificative" wd="informatizado"/>
            </participi>
          </S>
        </grup.nom>
      </sn>
      <f lem="," pos="fc" punct="comma" wd=","/>
    </S>
    <sn arg="arg1" coreftype="ident" entity="entity1" entityref="nne" func="suj" homophoricDD="yes" tem="tem">
      <spec gen="m" num="p">
        <d gen="m" lem="el" num="p" pos="da0mp0" postype="article" wd="los"/>
      </spec>
      <grup.nom gen="m" num="p">
        <n gen="m" lem="resultado" lexicalid="noun.resultado.3.default" num="p" origin="deverbal" pos="ncmp000" postype="common" sense="16:09768132" wd="resultados"/>
      </grup.nom>
    </sn>
    <sadv func="mod">
      <grup.adv>
        <r lem="aún" pos="rg" wd="aún"/>
      </grup.adv>
    </sadv>
    <neg func="mod">
      <r lem="no" pos="rn" postype="negative" wd="no"/>
    </neg>
    <grup.verb>
      <v lem="ser" lss="C21.state-attributive" mood="indicative" num="p" person="3" pos="vsip3p0" postype="semiauxiliary" tense="present" wd="son"/>
    </grup.verb>
    <sa arg="arg2" func="atr" tem="atr">
      <grup.a>
        <a gen="c" lem="oficial" num="p" pos="aq0cp0" postype="qualificative" wd="oficiales"/>
      </grup.a>
    </sa>
    <inc>
      <S>
        <f lem="," pos="fc" punct="comma" wd=","/>
        <grup.verb>
          <v lem="indicar" lss="A32.ditransitive-patient-benefactive" mood="indicative" num="s" person="3" pos="vmis3s0" postype="main" tense="past" wd="indicó"/>
        </grup.verb>
        <sadv arg="argM" func="cc" tem="tmp">
          <grup.adv>
            <r lem="hoy" pos="rg" wd="hoy"/>
          </grup.adv>
        </sadv>
        <sn arg="arg0" entity="entity14" entityref="nne" func="suj" homophoricDD="yes" tem="agt">
          <spec gen="m" num="s">
            <d gen="m" lem="el" num="s" pos="da0ms0" postype="article" wd="el"/>
          </spec>
          <grup.nom gen="m" num="s">
            <n gen="m" lem="gobernador" num="s" pos="ncms000" postype="common" sense="16:07297767" wd="gobernador"/>
            <sp>
              <prep>
                <s lem="de" pos="sps00" postype="preposition" wd="de"/>
              </prep>
              <sn coreftype="ident" entity="entity11" entityref="spec">
                <spec gen="f" num="s">
                  <d gen="f" lem="el" num="s" pos="da0fs0" postype="article" wd="la"/>
                </spec>
                <grup.nom gen="f" num="s">
                  <n gen="f" lem="provincia" num="s" pos="ncfs000" postype="common" sense="16:09535912" wd="provincia"/>
                </grup.nom>
              </sn>
            </sp>
            <sn corefsubtype="definit" coreftype="pred" entity="entity14" entityref="ne" ne="person">
              <f lem="," pos="fc" punct="comma" wd=","/>
              <grup.nom gen="m" num="s">
                <n lem="Mohamed_Reza_Ayatolahi_Azarmi" ne="person" pos="np0000p" postype="proper" sense="16:cs1" wd="Mohamed_Reza_Ayatolahi_Azarmi"/>
              </grup.nom>
              <f lem="," pos="fc" punct="comma" wd=","/>
            </sn>
          </grup.nom>
        </sn>
      </S>
    </inc>
    <S arg="argM" clausetype="adverbial" coord="yes" func="cc" tem="cau">
      <conj conjunctiontype="subordinating">
        <c lem="ya_que" pos="cs" postype="subordinating" wd="ya_que"/>
      </conj>
      <S clausetype="adverbial">
        <sn arg="arg0" entity="entity17" entityref="ne" func="suj" ne="organization" tem="cau">
          <spec gen="m" num="s">
            <d gen="m" lem="el" num="s" pos="da0ms0" postype="article" wd="el"/>
          </spec>
          <grup.nom gen="m" num="s">
            <s.a gen="m" num="s">
              <grup.a gen="m" num="s">
                <a gen="m" lem="conservador" num="s" pos="aq0ms0" postype="qualificative" wd="conservador"/>
              </grup.a>
            </s.a>
            <n lem="Consejo_de_Guardianes_de_la_Constitución" ne="organization" pos="np0000o" postype="proper" sense="16:cs1" wd="Consejo_de_Guardianes_de_la_Constitución"/>
          </grup.nom>
        </sn>
        <grup.verb>
          <v lem="rechazar" lss="A11.transitive-causative" mood="indicative" num="s" person="3" pos="vmis3s0" postype="main" tense="past" wd="rechazó"/>
        </grup.verb>
        <sn arg="arg1" coreftype="ident" entity="entity15" entityref="nne" func="cd" tem="tem">
          <spec gen="m" num="s">
            <d gen="m" lem="este" num="s" pos="dd0ms0" postype="demonstrative" wd="este"/>
          </spec>
          <grup.nom gen="m" num="s">
            <n gen="m" lem="procedimiento" lexicalid="noun.procedimiento.2.default" num="s" origin="deverbal" pos="ncms000" postype="common" sense="16:00660718" wd="procedimiento"/>
            <sp arg="arg1" func="cn" tem="tem">
              <prep>
                <s lem="de" pos="sps00" postype="preposition" wd="de"/>
              </prep>
              <sn entity="entity16">
                <grup.nom gen="m" num="s">
                  <n gen="m" lem="escrutinio" lexicalid="noun.escrutinio.1.default" num="s" origin="deverbal" pos="ncms000" postype="common" sense="16:00427431" wd="escrutinio"/>
                </grup.nom>
              </sn>
            </sp>
          </grup.nom>
        </sn>
      </S>
      <conj conjunctiontype="coordinating">
        <c lem="y" pos="cc" postype="coordinating" wd="y"/>
      </conj>
      <S clausetype="adverbial">
        <sn arg="arg1" coreftype="ident" elliptic="yes" entity="entity16" entityref="nne" func="suj" tem="pat"/>
        <morfema.verbal func="pass">
          <p gen="c" lem="se" num="c" pos="p0000000" wd="se"/>
        </morfema.verbal>
        <grup.verb>
          <v lem="tener" mood="indicative" num="s" person="3" pos="vmip3s0" postype="main" tense="present" wd="tiene"/>
          <c lem="que" pos="cs" postype="subordinating" wd="que"/>
          <infinitiu>
            <v lem="concluir" lss="B22.unaccusative-passive-transitive" mood="infinitive" pos="vmn0000" postype="main" wd="concluir"/>
          </infinitiu>
        </grup.verb>
        <sadv arg="argM" func="cc" tem="mnr">
          <grup.adv>
            <r lem="a_mano" pos="rg" wd="a_mano"/>
          </grup.adv>
        </sadv>
      </S>
    </S>
    <f lem="." pos="fp" punct="period" wd="."/>
  </sentence>
  <sentence coord="yes">
    <sp adjunct="yes" arg="argM" func="cc" tem="loc">
      <prep>
        <s lem="en" pos="sps00" postype="preposition" wd="En"/>
      </prep>
      <sn entityref="nne">
        <spec gen="f" num="s">
          <d gen="f" lem="uno" num="s" pos="di0fs0" postype="indefinite" wd="una"/>
        </spec>
        <grup.nom gen="f" num="s">
          <n gen="f" lem="rueda" num="s" pos="ncfs000" postype="common" sense="16:cs1" wd="rueda"/>
          <sp>
            <prep>
              <s lem="de" pos="sps00" postype="preposition" wd="de"/>
            </prep>
            <sn>
              <grup.nom gen="f" num="s">
                <n gen="f" lem="prensa" num="s" pos="ncfs000" postype="common" sense="16:04736003" wd="prensa"/>
              </grup.nom>
            </sn>
          </sp>
          <S clausetype="participle" impersonal="yes">
            <participi>
              <a gen="f" lem="ofrececido" lss="B12.unaccusative-passive-ditransitive" num="s" pos="aq0fsp" posfunction="participle" postype="qualificative" wd="ofrecida"/>
            </participi>
            <sadv arg="argM" func="cc" tem="tmp">
              <grup.adv>
                <r lem="hoy" pos="rg" wd="hoy"/>
              </grup.adv>
            </sadv>
          </S>
        </grup.nom>
      </sn>
      <f lem="," pos="fc" punct="comma" wd=","/>
    </sp>
    <S coord="yes">
      <S>
        <sn arg="arg0" coreftype="ident" entity="entity14" entityref="ne" func="suj" ne="person" tem="agt">
          <grup.nom gen="m" num="s">
            <n lem="Azarmi" ne="person" pos="np0000p" postype="proper" sense="16:cs1" wd="Azarmi"/>
          </grup.nom>
        </sn>
        <grup.verb>
          <v lem="criticar" lss="A21.transitive-agentive-patient" mood="indicative" num="s" person="3" pos="vmis3s0" postype="main" tense="past" wd="criticó"/>
        </grup.verb>
        <sp arg="arg1" func="cd" tem="pat">
          <prep>
            <s contracted="yes" gen="m" lem="al" num="s" pos="spcms" postype="preposition" wd="al"/>
          </prep>
          <sn coreftype="ident" entity="entity17" entityref="ne" ne="organization">
            <grup.nom gen="m" num="s">
              <n lem="Consejo_de_Guardianes" ne="organization" pos="np0000o" postype="proper" sense="16:cs1" wd="Consejo_de_Guardianes"/>
            </grup.nom>
          </sn>
        </sp>
        <sp arg="argM" func="cc" tem="cau">
          <prep>
            <s lem="por" pos="sps00" postype="preposition" wd="por"/>
          </prep>
          <S clausetype="completive" impersonal="yes">
            <infinitiu>
              <v lem="retrasar" lss="A11.transitive-causative" mood="infinitive" pos="vmn0000" postype="main" wd="retrasar"/>
            </infinitiu>
            <sn arg="arg1" entity="entity18" entityref="nne" func="cd" homophoricDD="yes" tem="tem">
              <spec gen="f" num="s">
                <d gen="f" lem="el" num="s" pos="da0fs0" postype="article" wd="la"/>
              </spec>
              <grup.nom gen="f" num="s">
                <n gen="f" lem="difusión" lexicalid="noun.difusión.2.default" num="s" origin="deverbal" pos="ncfs000" postype="common" sense="16:04729231" wd="difusión"/>
                <s.a func="cn" gen="f" num="s">
                  <grup.a gen="f" num="s">
                    <a gen="c" lem="oficial" num="s" pos="aq0cs0" postype="qualificative" wd="oficial"/>
                  </grup.a>
                </s.a>
                <sp arg="arg1" func="cn" tem="pat">
                  <prep>
                    <s lem="de" pos="sps00" postype="preposition" wd="de"/>
                  </prep>
                  <sn coreftype="ident" entity="entity1" entityref="nne" homophoricDD="yes">
                    <spec gen="m" num="p">
                      <d gen="m" lem="el" num="p" pos="da0mp0" postype="article" wd="los"/>
                    </spec>
                    <grup.nom gen="m" num="p">
                      <n gen="m" lem="resultado" lexicalid="noun.resultado.3.default" num="p" origin="deverbal" pos="ncmp000" postype="common" sense="16:09768132" wd="resultados"/>
                    </grup.nom>
                  </sn>
                </sp>
                <S clausetype="relative" func="cn">
                  <f lem="," pos="fc" punct="comma" wd=","/>
                  <relatiu arg="arg1" coreftype="ident" entity="entity18" entityref="nne" func="suj" tem="pat">
                    <p gen="c" lem="que" num="c" pos="pr0cn000" postype="relative" wd="que"/>
                  </relatiu>
                  <morfema.verbal func="pass">
                    <p gen="c" lem="se" num="c" pos="p0000000" wd="se"/>
                  </morfema.verbal>
                  <grup.verb>
                    <v lem="hacer" lss="B22.unaccusative-passive-transitive" mood="indicative" num="s" person="3" pos="vmif3s0" postype="main" tense="future" wd="hará"/>
                  </grup.verb>
                  <sn arg="argM" entityref="ne" func="cc" ne="date" tem="tmp">
                    <spec gen="m" num="s">
                      <d gen="m" lem="el" num="s" pos="da0ms0" postype="article" wd="el"/>
                    </spec>
                    <grup.nom gen="m" num="s">
                      <w lem="[jueves:??/??/??:??.??]" ne="date" wd="jueves"/>
                      <sp>
                        <prep>
                          <s lem="por" pos="sps00" postype="preposition" wd="por"/>
                        </prep>
                        <sn entityref="lex">
                          <spec gen="f" num="s">
                            <d gen="f" lem="el" num="s" pos="da0fs0" postype="article" wd="la"/>
                          </spec>
                          <grup.nom gen="f" num="s">
                            <n gen="f" lem="tarde" num="s" pos="ncfs000" postype="common" sense="16:10885066" wd="tarde"/>
                          </grup.nom>
                        </sn>
                      </sp>
                    </grup.nom>
                  </sn>
                </S>
              </grup.nom>
            </sn>
          </S>
        </sp>
        <f lem="," pos="fc" punct="comma" wd=","/>
      </S>
      <conj conjunctiontype="coordinating">
        <c lem="y" pos="cc" postype="coordinating" wd="y"/>
      </conj>
      <S>
        <sn arg="arg0" coreftype="ident" elliptic="yes" entity="entity14" entityref="spec" func="suj" tem="agt"/>
        <grup.verb>
          <v lem="negar" lss="A21.transitive-agentive-patient" mood="indicative" num="s" person="3" pos="vmis3s0" postype="main" tense="past" wd="negó"/>
        </grup.verb>
        <S arg="arg1" clausetype="completive" func="cd" tem="pat">
          <conj conjunctiontype="subordinating">
            <c lem="que" pos="cs" postype="subordinating" wd="que"/>
          </conj>
          <morfema.verbal func="pass">
            <p gen="c" lem="se" num="c" pos="p0000000" wd="se"/>
          </morfema.verbal>
          <grup.verb>
            <v lem="haber" mood="subjunctive" num="p" person="3" pos="vasp3p0" postype="auxiliary" tense="present" wd="hayan"/>
            <v gen="m" lem="producir" lss="B22.unaccusative-passive-transitive" mood="participle" num="s" pos="vmp00sm" postype="main" wd="producido"/>
          </grup.verb>
          <sn arg="arg1" complex="yes" entityref="nne" func="suj" tem="pat">
            <grup.nom coord="yes">
              <grup.nom gen="f" num="p">
                <n gen="f" lem="irregularidad" num="p" pos="ncfp000" postype="common" sense="16:00475542" wd="irregularidades"/>
              </grup.nom>
              <conj conjunctiontype="coordinating">
                <c lem="o" pos="cc" postype="coordinating" wd="o"/>
              </conj>
              <grup.nom gen="m" num="p">
                <n gen="m" lem="fraude" num="p" pos="ncmp000" postype="common" sense="16:00486495" wd="fraudes"/>
              </grup.nom>
            </grup.nom>
          </sn>
          <sp arg="argM" func="cc" tem="loc">
            <prep>
              <s lem="en" pos="sps00" postype="preposition" wd="en"/>
            </prep>
            <sn entityref="nne" homophoricDD="yes">
              <spec gen="m" num="s">
                <d gen="m" lem="el" num="s" pos="da0ms0" postype="article" wd="el"/>
              </spec>
              <grup.nom gen="m" num="s">
                <n gen="m" lem="proceso" lexicalid="noun.proceso.1.default" num="s" origin="deverbal" pos="ncms000" postype="common" sense="16:09669871" wd="proceso"/>
                <s.a func="cn" gen="m" num="s">
                  <grup.a gen="m" num="s">
                    <a gen="c" lem="electoral" num="s" pos="aq0cs0" postype="qualificative" wd="electoral"/>
                  </grup.a>
                </s.a>
              </grup.nom>
            </sn>
          </sp>
        </S>
      </S>
    </S>
    <f lem="." pos="fp" punct="period" wd="."/>
  </sentence>
  <sentence coord="yes">
    <sp adjunct="yes" arg="argM" func="cc" tem="loc">
      <prep>
        <s lem="en" pos="sps00" postype="preposition" wd="En"/>
      </prep>
      <sn coreftype="ident" entity="entity3" entityref="spec">
        <spec gen="m" num="s">
          <d gen="m" lem="todo" num="s" pos="di0ms0" postype="indefinite" wd="todo"/>
          <d gen="m" lem="el" num="s" pos="da0ms0" postype="article" wd="el"/>
        </spec>
        <grup.nom gen="m" num="s">
          <n gen="m" lem="país" num="s" pos="ncms000" postype="common" sense="16:06299747" wd="país"/>
        </grup.nom>
      </sn>
      <f lem="," pos="fc" punct="comma" wd=","/>
    </sp>
    <sp discid="1c">
      <prep>
        <s lem="de" pos="sps00" postype="preposition" wd="de"/>
      </prep>
      <sn entityref="nne" homophoricDD="yes">
        <spec gen="m" num="p">
          <d gen="m" lem="el" num="p" pos="da0mp0" postype="article" wd="los"/>
        </spec>
        <grup.nom gen="m" num="p">
          <n gen="m" lem="escaño" num="p" pos="ncmp000" postype="common" sense="16:03305625" wd="escaños"/>
          <S clausetype="participle" impersonal="yes">
            <participi>
              <a gen="m" lem="atribuido" lss="B22.unaccusative-passive-transitive" num="p" pos="aq0mpp" posfunction="participle" postype="qualificative" wd="atribuidos"/>
            </participi>
            <sp arg="argM" func="cc" tem="tmp">
              <prep>
                <s lem="hasta" pos="sps00" postype="preposition" wd="hasta"/>
              </prep>
              <sadv>
                <grup.adv>
                  <r lem="ahora" pos="rg" wd="ahora"/>
                </grup.adv>
              </sadv>
            </sp>
          </S>
        </grup.nom>
      </sn>
      <f lem="," pos="fc" punct="comma" wd=","/>
    </sp>
    <S coord="yes">
      <S>
        <sn arg="arg1" entityref="ne" func="suj" ne="number" tem="tem">
          <grup.nom discid="1n" num="p">
            <z lem="121" ne="number" wd="121"/>
          </grup.nom>
        </sn>
        <grup.verb>
          <v lem="ser" lss="C21.state-attributive" mood="indicative" num="p" person="3" pos="vsip3p0" postype="semiauxiliary" tense="present" wd="son"/>
        </grup.verb>
        <sp arg="arg2" func="atr" tem="atr">
          <prep>
            <s lem="para" pos="sps00" postype="preposition" wd="para"/>
          </prep>
          <sn coreftype="ident" entity="entity19" entityref="nne" homophoricDD="yes">
            <spec gen="m" num="p">
              <d gen="m" lem="el" num="p" pos="da0mp0" postype="article" wd="los"/>
            </spec>
            <grup.nom gen="m" num="p">
              <n gen="c" lem="reformista" num="p" pos="nccp000" postype="common" sense="16:07524377" wd="reformistas"/>
            </grup.nom>
          </sn>
        </sp>
      </S>
      <f lem="," pos="fc" punct="comma" wd=","/>
      <S verbless="yes">
        <sn entityref="ne" ne="number">
          <grup.nom num="p">
            <z lem="32" ne="number" wd="32"/>
          </grup.nom>
        </sn>
        <sp>
          <prep>
            <s lem="para" pos="sps00" postype="preposition" wd="para"/>
          </prep>
          <sn coreftype="ident" entity="entity5" entityref="nne" homophoricDD="yes">
            <spec gen="m" num="p">
              <d gen="m" lem="el" num="p" pos="da0mp0" postype="article" wd="los"/>
            </spec>
            <grup.nom gen="m" num="p">
              <n gen="m" lem="conservador" num="p" pos="ncmp000" postype="common" sense="16:07178667" wd="conservadores"/>
            </grup.nom>
          </sn>
        </sp>
      </S>
      <conj conjunctiontype="coordinating">
        <c lem="y" pos="cc" postype="coordinating" wd="y"/>
      </conj>
      <S verbless="yes">
        <sn entityref="ne" ne="number">
          <grup.nom num="p">
            <z lem="37" ne="number" wd="37"/>
          </grup.nom>
        </sn>
        <sp>
          <prep>
            <s lem="para" pos="sps00" postype="preposition" wd="para"/>
          </prep>
          <sn entity="entity20" entityref="nne">
            <grup.nom gen="m" num="p">
              <n gen="m" lem="candidato" num="p" pos="ncmp000" postype="common" sense="16:07136302" wd="candidatos"/>
              <s.a gen="m" num="p">
                <grup.a gen="m" num="p">
                  <a gen="c" lem="independiente" num="p" pos="aq0cp0" postype="qualificative" wd="independientes"/>
                </grup.a>
              </s.a>
              <S clausetype="relative">
                <f lem="," pos="fc" punct="comma" wd=","/>
                <sn arg="arg0" entity="entity21" entityref="nne" func="suj" tem="agt">
                  <grup.nom gen="m" num="p">
                    <p gen="m" lem="alguno" num="p" pos="pi0mp000" postype="indefinite" wd="algunos"/>
                    <sp>
                      <prep>
                        <s lem="de" pos="sps00" postype="preposition" wd="de"/>
                      </prep>
                      <sn coreftype="ident" entity="entity20" entityref="nne">
                        <spec gen="m" num="p">
                          <d gen="m" lem="el" num="p" pos="da0mp0" postype="article" wd="los"/>
                        </spec>
                        <grup.nom gen="m" num="p">
                          <relatiu>
                            <p gen="c" lem="cual" num="p" pos="pr0cp000" postype="relative" wd="cuales"/>
                          </relatiu>
                        </grup.nom>
                      </sn>
                    </sp>
                  </grup.nom>
                </sn>
                <grup.verb>
                  <v lem="haber" mood="indicative" num="p" person="3" pos="vaip3p0" postype="auxiliary" tense="present" wd="han"/>
                  <v gen="m" lem="asegurar" lss="A32.ditransitive-patient-benefactive" mood="participle" num="s" pos="vmp00sm" postype="main" wd="asegurado"/>
                </grup.verb>
                <S arg="arg1" clausetype="completive" func="cd" tem="pat">
                  <conj conjunctiontype="subordinating">
                    <c lem="que" pos="cs" postype="subordinating" wd="que"/>
                  </conj>
                  <sn arg="arg0" coreftype="ident" elliptic="yes" entity="entity21" entityref="nne" func="suj" tem="agt"/>
                  <grup.verb>
                    <v lem="apoyar" lss="A21.transitive-agentive-patient" mood="indicative" num="p" person="3" pos="vmif3p0" postype="main" tense="future" wd="apoyarán"/>
                  </grup.verb>
                  <sp arg="arg1" func="cd" tem="pat">
                    <prep>
                      <s lem="a" pos="sps00" postype="preposition" wd="a"/>
                    </prep>
                    <sn coreftype="ident" entity="entity19" entityref="nne" homophoricDD="yes">
                      <spec gen="m" num="p">
                        <d gen="m" lem="el" num="p" pos="da0mp0" postype="article" wd="los"/>
                      </spec>
                      <grup.nom gen="m" num="p">
                        <n gen="c" lem="reformista" num="p" pos="nccp000" postype="common" sense="16:07524377" wd="reformistas"/>
                      </grup.nom>
                    </sn>
                  </sp>
                  <sp arg="argM" func="cc" tem="loc">
                    <prep>
                      <s lem="en" pos="sps00" postype="preposition" wd="en"/>
                    </prep>
                    <sn coreftype="ident" entity="entity6" entityref="ne" ne="organization">
                      <spec gen="f" num="s">
                        <d gen="f" lem="el" num="s" pos="da0fs0" postype="article" wd="la"/>
                      </spec>
                      <grup.nom gen="f" num="s">
                        <n lem="Cámara" ne="organization" pos="np0000o" postype="proper" sense="16:cs1" wd="Cámara"/>
                      </grup.nom>
                    </sn>
                  </sp>
                </S>
              </S>
            </grup.nom>
          </sn>
        </sp>
      </S>
    </S>
    <f lem="." pos="fp" punct="period" wd="."/>
  </sentence>
  <sentence coord="yes">
    <S>
      <sadv func="mod">
        <grup.adv>
          <r lem="también" pos="rg" wd="También"/>
        </grup.adv>
      </sadv>
      <grup.verb>
        <v lem="estar" lss="C21.state-attributive" mood="indicative" num="p" person="3" pos="vmip3p0" postype="main" tense="present" wd="están"/>
      </grup.verb>
      <S arg="arg2" clausetype="participle" func="atr" impersonal="yes" tem="atr">
        <participi>
          <a gen="m" lem="decidido" num="p" pos="aq0mpp" posfunction="participle" postype="qualificative" wd="decididos"/>
        </participi>
      </S>
      <sn arg="arg1" entity="entity22" entityref="nne" func="suj" homophoricDD="yes" tem="tem">
        <spec gen="m" num="p">
          <d gen="m" lem="el" num="p" pos="da0mp0" postype="article" wd="los"/>
          <z lem="5" ne="number" wd="5"/>
        </spec>
        <grup.nom gen="m" num="p">
          <n gen="m" lem="escaño" num="p" pos="ncmp000" postype="common" sense="16:03305625" wd="escaños"/>
          <S clausetype="relative">
            <relatiu arg="arg1" coreftype="ident" entity="entity22" entityref="nne" func="suj" tem="tem">
              <p gen="c" lem="que" num="c" pos="pr0cn000" postype="relative" wd="que"/>
            </relatiu>
            <grup.verb>
              <v lem="corresponder" lss="C21.state-attributive" mood="indicative" num="p" person="3" pos="vmip3p0" postype="main" tense="present" wd="corresponden"/>
            </grup.verb>
            <sp arg="arg2" func="creg" tem="atr">
              <prep>
                <s lem="a" pos="sps00" postype="preposition" wd="a"/>
              </prep>
              <sn entityref="nne" homophoricDD="yes">
                <spec gen="f" num="p">
                  <d gen="f" lem="el" num="p" pos="da0fp0" postype="article" wd="las"/>
                </spec>
                <grup.nom gen="f" num="p">
                  <n gen="f" lem="minoría" num="p" pos="ncfp000" postype="common" sense="16:05973473" wd="minorías"/>
                  <s.a gen="f" num="p">
                    <grup.a gen="f" num="p">
                      <a gen="f" lem="religioso" num="p" pos="aq0fp0" postype="qualificative" wd="religiosas"/>
                    </grup.a>
                  </s.a>
                  <s.a gen="f" num="p">
                    <neg>
                      <r lem="no" pos="rn" postype="negative" wd="no"/>
                    </neg>
                    <grup.a gen="f" num="p">
                      <a gen="f" lem="musulmán" num="p" pos="aq0fp0" postype="qualificative" wd="musulmanas"/>
                    </grup.a>
                  </s.a>
                </grup.nom>
              </sn>
            </sp>
          </S>
        </grup.nom>
      </sn>
    </S>
    <f lem="," pos="fc" punct="comma" wd=","/>
    <S>
      <sn arg="arg1" entityref="nne" func="suj" tem="pat">
        <spec gen="m" num="p">
          <z lem="65" ne="number" wd="65"/>
        </spec>
        <grup.nom gen="m" num="p">
          <n gen="m" lem="asiento" num="p" pos="ncmp000" postype="common" sense="16:06368526" wd="asientos"/>
          <s.a gen="m" num="p">
            <grup.a gen="m" num="p">
              <a gen="m" lem="parlamentario" num="p" pos="aq0mp0" postype="qualificative" wd="parlamentarios"/>
            </grup.a>
          </s.a>
        </grup.nom>
      </sn>
      <morfema.verbal func="pass">
        <p gen="c" lem="se" num="c" pos="p0000000" wd="se"/>
      </morfema.verbal>
      <grup.verb>
        <v lem="tener" mood="indicative" num="p" person="3" pos="vmif3p0" postype="main" tense="future" wd="tendrán"/>
        <c lem="que" pos="cs" postype="subordinating" wd="que"/>
        <infinitiu>
          <v lem="decidir" lss="B22.unaccusative-passive-transitive" mood="infinitive" pos="vmn0000" postype="main" wd="decidir"/>
        </infinitiu>
      </grup.verb>
      <sp arg="argM" func="cc" tem="tmp">
        <prep>
          <s lem="en" pos="sps00" postype="preposition" wd="en"/>
        </prep>
        <sn entityref="nne">
          <spec gen="f" num="s">
            <d gen="f" lem="uno" num="s" pos="di0fs0" postype="indefinite" wd="una"/>
          </spec>
          <grup.nom gen="f" num="s">
            <s.a gen="f" num="s">
              <grup.a gen="f" num="s">
                <a gen="f" lem="segundo" num="s" pos="ao0fs0" postype="ordinal" wd="segunda"/>
              </grup.a>
            </s.a>
            <n gen="f" lem="vuelta" num="s" pos="ncfs000" postype="common" sense="16:cs1" wd="vuelta"/>
          </grup.nom>
        </sn>
      </sp>
    </S>
    <conj conjunctiontype="coordinating">
      <c lem="y" pos="cc" postype="coordinating" wd="y"/>
    </conj>
    <S>
      <sn arg="arg1" entityref="ne" func="suj" ne="number" tem="pat">
        <grup.nom num="p">
          <z lem="30" ne="number" wd="30"/>
        </grup.nom>
      </sn>
      <sadv func="mod">
        <grup.adv>
          <r lem="aún" pos="rg" wd="aún"/>
        </grup.adv>
      </sadv>
      <neg func="mod">
        <r lem="no" pos="rn" postype="negative" wd="no"/>
      </neg>
      <morfema.verbal func="pass">
        <p gen="c" lem="se" num="c" pos="p0000000" wd="se"/>
      </morfema.verbal>
      <grup.verb>
        <v lem="haber" mood="indicative" num="p" person="3" pos="vaip3p0" postype="auxiliary" tense="present" wd="han"/>
        <v gen="m" lem="acabar" mood="participle" num="s" pos="vmp00sm" postype="main" wd="acabado"/>
        <s lem="de" pos="sps00" postype="preposition" wd="de"/>
        <infinitiu>
          <v lem="escrutar" lss="B22.unaccusative-passive-transitive" mood="infinitive" pos="vmn0000" postype="main" wd="escrutar"/>
        </infinitiu>
      </grup.verb>
    </S>
    <f lem="." pos="fp" punct="period" wd="."/>
  </sentence>
</article>
