<?xml version="1.0" encoding="UTF-8"?>
<!-- 

  ancora-2.0
       
			Copyright (C) 2007, 2008, 2009, 2010, 2011 UB - CLiC
			Centre de Llenguatge i Computació - Universitat de Barcelona
 
  This file is part of ancora-2.0.
 
  ancora-2.0 is free software and data: you can redistribute it and/or modify
  it under the terms of the GNU General Public License as published
  by the Free Software Foundation, either version 3 of the License,
  or (at your option) any later version.

  ancora-2.0 is distributed in the hope that it will be useful,
  but WITHOUT ANY WARRANTY; without even the implied warranty of
  MERCHANTABILITY or FITNESS FOR A PARTICULAR PURPOSE.  See the
  GNU General Public License for more details.
 
  You should have received a copy of the GNU General Public License
  along with ancora-2.0.  If not, see &lt;http://www.gnu.org/licenses/&gt;.
 
  Check a text in catalan explaining the terms of the license at http://www.softcatala.cat/wiki/GPL3.
  In spanish at http://www.viti.es/gnu/licenses/gpl.html
 

  The following paper must be cited when using this corpus:

 * Taulé, M., M.A. Martí, M. Recasens (2008) 'Ancora: Multilevel Annotated Corpora for Catalan and Spanish',
   Proceedings of 6th International Conference on Language Resources and Evaluation. Marrakesh (Morocco).

  In addition, the following paper must be cited if coreference information (attributes entity, coreftype,
  corefsubtype, homophoricDD or entityref) is used:

 * Recasens, Marta, M. Antònia Martí (2010) ‘AnCora-CO: Coreferentially annotated corpora for Spanish and
   Catalan’. Language Resources and Evaluation, Springer Science.

  Additionally, the following paper must be cited when argumental attributes in "sn" or "grup.nom"
  (attributes func, arg, tem or lexicalid) are used:

 * Peris, Aina, Mariona Taulé, Horacio Rodríguez (2010) ‘Semantic Annotation of Deverbal Nominalizations in the
   Spanish AnCora corpus’. Treebanks and Linguistic Theories (TLT-2010), Estonia.
-->
<article lng="es">
  <sentence>
    <sn arg="arg0" complex="yes" entity="entity1" entityref="ne" func="suj" ne="person" tem="agt">
      <spec gen="m" num="s">
        <d gen="m" lem="el" num="s" pos="da0ms0" postype="article" wd="El"/>
      </spec>
      <grup.nom coord="yes">
        <grup.nom coord="yes">
          <grup.nom gen="m" num="s">
            <n gen="m" lem="jefe" num="s" pos="ncms000" postype="common" sense="16:07273778" wd="jefe"/>
            <sp>
              <prep>
                <s lem="de" pos="sps00" postype="preposition" wd="de"/>
              </prep>
              <sn entityref="ne" ne="organization">
                <spec gen="f" num="s">
                  <d gen="f" lem="el" num="s" pos="da0fs0" postype="article" wd="la"/>
                </spec>
                <grup.nom gen="f" num="s">
                  <n lem="Oficina_de_Seguridad_Nacional" ne="organization" pos="np0000o" postype="proper" sense="16:cs1" wd="Oficina_de_Seguridad_Nacional"/>
                </grup.nom>
              </sn>
            </sp>
          </grup.nom>
          <conj conjunctiontype="coordinating">
            <c lem="y" pos="cc" postype="coordinating" wd="y"/>
          </conj>
          <grup.nom gen="m" num="s">
            <n gen="m" lem="ministro" num="s" pos="ncms000" postype="common" sense="16:07412658" wd="ministro"/>
            <sp>
              <prep>
                <s lem="de" pos="sps00" postype="preposition" wd="de"/>
              </prep>
              <sn entity="entity13" entityref="ne" ne="organization">
                <spec gen="f" num="s">
                  <d gen="f" lem="el" num="s" pos="da0fs0" postype="article" wd="la"/>
                </spec>
                <grup.nom gen="f" num="s">
                  <n lem="Presidencia" ne="organization" pos="np0000o" postype="proper" sense="16:cs1" wd="Presidencia"/>
                  <s.a gen="f" num="s">
                    <grup.a gen="f" num="s">
                      <a gen="f" lem="polaco" num="s" pos="aq0fs0" postype="qualificative" wd="polaca"/>
                    </grup.a>
                  </s.a>
                </grup.nom>
              </sn>
            </sp>
          </grup.nom>
        </grup.nom>
        <sn adjunct="yes" corefsubtype="definit" coreftype="pred" entity="entity1" entityref="ne" ne="person">
          <f lem="," pos="fc" punct="comma" wd=","/>
          <grup.nom gen="m" num="s">
            <n lem="Marek_Siwiec" ne="person" pos="np0000p" postype="proper" sense="16:cs1" wd="Marek_Siwiec"/>
          </grup.nom>
          <f lem="," pos="fc" punct="comma" wd=","/>
        </sn>
      </grup.nom>
    </sn>
    <grup.verb>
      <v lem="presentar" lss="A32.ditransitive-patient-benefactive" mood="indicative" num="s" person="3" pos="vmis3s0" postype="main" tense="past" wd="presentó"/>
    </grup.verb>
    <sadv arg="argM" func="cc" tem="tmp">
      <grup.adv>
        <r lem="hoy" pos="rg" wd="hoy"/>
      </grup.adv>
    </sadv>
    <sn arg="arg1" entity="entity4" entityref="nne" func="cd" tem="pat">
      <spec arg="arg0" gen="f" num="s" tem="agt">
        <d coreftype="ident" entity="entity1" entityref="spec" gen="c" lem="su" num="s" person="3" pos="dp3cs0" postype="possessive" wd="su"/>
      </spec>
      <grup.nom gen="f" num="s">
        <n gen="f" lem="dimisión" lexicalid="noun.dimisión.1.default" num="s" origin="deverbal" pos="ncfs000" postype="common" sense="16:05414101" wd="dimisión"/>
        <sp arg="arg1" func="cn" tem="tem">
          <prep>
            <s lem="de" pos="sps00" postype="preposition" wd="de"/>
          </prep>
          <sn entityref="nne">
            <spec gen="m" num="p">
              <d gen="m" lem="todo" num="p" pos="di0mp0" postype="indefinite" wd="todos"/>
              <d gen="m" lem="el" num="p" pos="da0mp0" postype="article" wd="los"/>
            </spec>
            <grup.nom gen="m" num="p">
              <n gen="m" lem="cargo" num="p" pos="ncmp000" postype="common" sense="16:04925620" wd="cargos"/>
            </grup.nom>
          </sn>
        </sp>
      </grup.nom>
    </sn>
    <sadv arg="argM" func="cc" tem="tmp">
      <grup.adv>
        <r lem="después" pos="rg" wd="después"/>
        <sp>
          <prep>
            <s lem="de" pos="sps00" postype="preposition" wd="de"/>
          </prep>
          <S clausetype="completive">
            <conj conjunctiontype="subordinating">
              <c lem="que" pos="cs" postype="subordinating" wd="que"/>
            </conj>
            <sn arg="arg0" entityref="nne" func="suj" tem="agt">
              <spec gen="f" num="p">
                <d gen="f" lem="varios" num="p" pos="di0fp0" postype="indefinite" wd="varias"/>
              </spec>
              <grup.nom gen="f" num="p">
                <n gen="f" lem="cadena" num="p" pos="ncfp000" postype="common" sense="16:03038461" wd="cadenas"/>
                <sp>
                  <prep>
                    <s lem="de" pos="sps00" postype="preposition" wd="de"/>
                  </prep>
                  <sn>
                    <grup.nom gen="f" num="s">
                      <n gen="f" lem="televisión" num="s" pos="ncfs000" postype="common" sense="16:03481385" wd="televisión"/>
                    </grup.nom>
                  </sn>
                </sp>
                <s.a gen="f" num="p">
                  <grup.a gen="f" num="p">
                    <a gen="c" lem="local" num="p" pos="aq0cp0" postype="qualificative" wd="locales"/>
                  </grup.a>
                </s.a>
              </grup.nom>
            </sn>
            <grup.verb>
              <v lem="transmitir" lss="A32.ditransitive-patient-benefactive" mood="subjunctive" num="p" person="3" pos="vmsi3p0" postype="main" tense="imperfect" wd="transmitieran"/>
            </grup.verb>
            <sadv arg="argM" func="cc" tem="tmp">
              <grup.adv>
                <r lem="anoche" pos="rg" wd="anoche"/>
              </grup.adv>
            </sadv>
            <sn arg="arg1" entity="entity8" entityref="nne" func="cd" tem="pat">
              <spec gen="m" num="s">
                <d gen="m" lem="uno" num="s" pos="di0ms0" postype="indefinite" wd="un"/>
              </spec>
              <grup.nom gen="m" num="s">
                <n gen="m" lem="vídeo" num="s" pos="ncms000" postype="common" sense="16:04745386" wd="vídeo"/>
                <sp>
                  <prep>
                    <s lem="con" pos="sps00" postype="preposition" wd="con"/>
                  </prep>
                  <sn entity="entity2" entityref="nne">
                    <grup.nom gen="f" num="p">
                      <n gen="f" lem="imagen" num="p" pos="ncfp000" postype="common" sense="16:04745386" wd="imágenes"/>
                      <S clausetype="relative" entity="entity7">
                        <sp arg="argM" func="cc" tem="loc">
                          <prep>
                            <s lem="en" pos="sps00" postype="preposition" wd="en"/>
                          </prep>
                          <relatiu coreftype="ident" entity="entity2" entityref="nne">
                            <d gen="f" lem="el" num="p" pos="da0fp0" postype="article" wd="las"/>
                            <p gen="c" lem="que" num="c" pos="pr0cn000" postype="relative" wd="que"/>
                          </relatiu>
                        </sp>
                        <sn arg="arg0" coreftype="ident" elliptic="yes" entity="entity1" entityref="spec" func="suj" tem="agt"/>
                        <morfema.pronominal>
                          <p gen="c" lem="él" num="c" person="3" pos="p0300000" wd="se"/>
                        </morfema.pronominal>
                        <grup.verb>
                          <v lem="burlar" lss="A22.transitive-agentive-theme" mood="indicative" num="s" person="3" pos="vmip3s0" postype="main" tense="present" wd="burla"/>
                        </grup.verb>
                        <sp arg="arg1" func="creg" tem="tem">
                          <prep>
                            <s contracted="yes" gen="m" lem="del" num="s" pos="spcms" postype="preposition" wd="del"/>
                          </prep>
                          <sn entity="entity3" entityref="ne" ne="person">
                            <grup.nom gen="m" num="s">
                              <n gen="m" lem="papa" num="s" pos="ncms000" postype="common" sense="16:07488041" wd="papa"/>
                              <sn entityref="ne" ne="person">
                                <grup.nom gen="m" num="s">
                                  <n lem="Juan_Pablo_II" ne="person" pos="np0000p" postype="proper" sense="16:cs1" wd="Juan_Pablo_II"/>
                                </grup.nom>
                              </sn>
                            </grup.nom>
                          </sn>
                        </sp>
                        <S arg="argM" clausetype="adverbial" func="cc" impersonal="yes" tem="mnr">
                          <f lem="," pos="fc" punct="comma" wd=","/>
                          <gerundi>
                            <v lem="imitar" lss="A21.transitive-agentive-patient" mood="gerund" pos="vmg0000" postype="main" wd="imitando"/>
                          </gerundi>
                          <sn arg="arg1" entityref="nne" func="cd" homophoricDD="yes" tem="pat">
                            <spec gen="m" num="p">
                              <d gen="m" lem="el" num="p" pos="da0mp0" postype="article" wd="los"/>
                            </spec>
                            <grup.nom gen="m" num="p">
                              <n gen="m" lem="gesto" num="p" pos="ncmp000" postype="common" sense="16:00215081" wd="gestos"/>
                              <sp>
                                <prep>
                                  <s contracted="yes" gen="m" lem="del" num="s" pos="spcms" postype="preposition" wd="del"/>
                                </prep>
                                <sn coreftype="ident" entity="entity3" entityref="ne" ne="person">
                                  <grup.nom gen="m" num="s">
                                    <n lem="Sumo_Pontífice" ne="person" pos="np0000p" postype="proper" sense="16:cs1" wd="Sumo_Pontífice"/>
                                  </grup.nom>
                                </sn>
                              </sp>
                              <S clausetype="adverbial">
                                <conj conjunctiontype="subordinating">
                                  <c lem="cuando" pos="cs" postype="subordinating" wd="cuando"/>
                                </conj>
                                <sn arg="arg1" coreftype="ident" elliptic="yes" entity="entity3" entityref="spec" func="suj" tem="tem"/>
                                <grup.verb>
                                  <v lem="llegar" lss="B11.unaccusative-motion" mood="indicative" num="s" person="3" pos="vmip3s0" postype="main" tense="present" wd="llega"/>
                                </grup.verb>
                                <sp arg="arg4" func="cc" tem="des">
                                  <prep>
                                    <s lem="a" pos="sps00" postype="preposition" wd="a"/>
                                  </prep>
                                  <sn entityref="nne">
                                    <spec gen="m" num="s">
                                      <d gen="m" lem="uno" num="s" pos="di0ms0" postype="indefinite" wd="un"/>
                                    </spec>
                                    <grup.nom gen="m" num="s">
                                      <n gen="m" lem="país" num="s" pos="ncms000" postype="common" sense="16:06299747" wd="país"/>
                                    </grup.nom>
                                  </sn>
                                </sp>
                                <sp arg="argM" func="cc" tem="mnr">
                                  <prep>
                                    <s lem="en" pos="sps00" postype="preposition" wd="en"/>
                                  </prep>
                                  <sn>
                                    <grup.nom gen="f" num="s">
                                      <n gen="f" lem="peregrinación" lexicalid="noun.peregrinación.1.default" num="s" origin="deverbal" pos="ncfs000" postype="common" sense="16:00192460" wd="peregrinación"/>
                                    </grup.nom>
                                  </sn>
                                </sp>
                              </S>
                            </grup.nom>
                          </sn>
                        </S>
                      </S>
                    </grup.nom>
                  </sn>
                </sp>
              </grup.nom>
            </sn>
          </S>
        </sp>
      </grup.adv>
    </sadv>
    <f lem="." pos="fp" punct="period" wd="."/>
  </sentence>
  <sentence>
    <S arg="arg1" clausetype="completive" coord="yes" func="cd" tem="pat">
      <f lem="&quot;" pos="fe" punct="quotation" wd="&quot;"/>
      <S clausetype="completive">
        <sn arg="arg0" coreftype="ident" elliptic="yes" entity="entity1" entityref="spec" func="suj" tem="agt"/>
        <grup.verb>
          <v lem="presentar" lss="A32.ditransitive-patient-benefactive" mood="indicative" num="s" person="1" pos="vmip1s0" postype="main" tense="present" wd="Presento"/>
        </grup.verb>
        <sn arg="arg1" coreftype="ident" entity="entity4" entityref="nne" func="cd" tem="pat">
          <spec arg="arg0" gen="f" num="s" tem="agt">
            <d coreftype="ident" entity="entity1" entityref="spec" gen="c" lem="mi" num="s" person="1" pos="dp1css" possessornum="s" postype="possessive" wd="mi"/>
          </spec>
          <grup.nom gen="f" num="s">
            <n gen="f" lem="dimisión" lexicalid="noun.dimisión.1.default" num="s" origin="deverbal" pos="ncfs000" postype="common" sense="16:05414101" wd="dimisión"/>
          </grup.nom>
        </sn>
        <S arg="argM" clausetype="adverbial" func="cc" tem="cau">
          <f lem="," pos="fc" punct="comma" wd=","/>
          <conj conjunctiontype="subordinating">
            <c lem="porque" pos="cs" postype="subordinating" wd="porque"/>
          </conj>
          <sp discid="1c">
            <prep>
              <c lem="como" pos="cs" postype="subordinating" wd="como"/>
            </prep>
            <sn>
              <grup.nom gen="m" num="s">
                <n gen="m" lem="político" num="s" pos="ncms000" postype="common" sense="16:07486519" wd="político"/>
              </grup.nom>
            </sn>
          </sp>
          <sn arg="arg0" coreftype="ident" elliptic="yes" entity="entity1" entityref="spec" func="suj" tem="agt"/>
          <grup.verb>
            <v lem="haber" mood="indicative" num="s" person="1" pos="vaip1s0" postype="auxiliary" tense="present" wd="he"/>
            <v gen="m" lem="perder" lss="A21.transitive-agentive-patient" mood="participle" num="s" pos="vmp00sm" postype="main" wd="perdido"/>
          </grup.verb>
          <sn arg="arg1" entity="entity5" entityref="nne" func="cd" tem="pat">
            <spec gen="m" num="s">
              <d gen="m" lem="todo" num="s" pos="di0ms0" postype="indefinite" wd="todo"/>
              <d gen="m" lem="el" num="s" pos="da0ms0" postype="article" wd="el"/>
            </spec>
            <grup.nom discid="1n" gen="m" num="s">
              <n gen="m" lem="prestigio" num="s" pos="ncms000" postype="common" sense="16:10048803" wd="prestigio"/>
              <S clausetype="relative">
                <relatiu arg="arg2" coreftype="ident" entity="entity5" entityref="nne" func="cd" functype="quantitative" tem="atr">
                  <p gen="c" lem="que" num="c" pos="pr0cn000" postype="relative" wd="que"/>
                </relatiu>
                <sn arg="arg1" coreftype="ident" elliptic="yes" entity="entity1" entityref="spec" func="suj" tem="tem"/>
                <grup.verb>
                  <v lem="tener" lss="C21.state-attributive" mood="indicative" num="s" person="3" pos="vmii3s0" postype="main" tense="imperfect" wd="tenía"/>
                </grup.verb>
              </S>
            </grup.nom>
          </sn>
        </S>
      </S>
      <conj conjunctiontype="coordinating">
        <c lem="y" pos="cc" postype="coordinating" wd="y"/>
      </conj>
      <S clausetype="completive" entity="entity16">
        <sn arg="arg0" coreftype="ident" elliptic="yes" entity="entity1" entityref="spec" func="suj" tem="agt"/>
        <grup.verb>
          <v lem="pedir" lss="A32.ditransitive-patient-benefactive" mood="indicative" num="s" person="1" pos="vmip1s0" postype="main" tense="present" wd="pido"/>
        </grup.verb>
        <sn arg="arg1" entityref="lex" func="cd" tem="pat">
          <grup.nom gen="m" num="s">
            <n gen="m" lem="perdón" lexicalid="noun.perdón.1.default" num="s" origin="deverbal" pos="ncms000" postype="common" sense="16:00795926" wd="perdón"/>
          </grup.nom>
        </sn>
        <sp arg="arg2" func="ci" tem="ben">
          <prep>
            <s lem="a" pos="sps00" postype="preposition" wd="a"/>
          </prep>
          <sn entity="entity6" entityref="nne">
            <spec gen="m" num="p">
              <d gen="m" lem="todo" num="p" pos="di0mp0" postype="indefinite" wd="todos"/>
            </spec>
            <grup.nom gen="m" num="p">
              <p gen="m" lem="aquel" num="p" pos="pd0mp000" postype="demonstrative" wd="aquellos"/>
              <S clausetype="relative">
                <sp arg="arg1" func="cd" tem="pat">
                  <prep>
                    <s lem="a" pos="sps00" postype="preposition" wd="a"/>
                  </prep>
                  <relatiu coreftype="ident" entity="entity6" entityref="nne">
                    <d gen="m" lem="el" num="p" pos="da0mp0" postype="article" wd="los"/>
                    <p gen="c" lem="que" num="c" pos="pr0cn000" postype="relative" wd="que"/>
                  </relatiu>
                </sp>
                <sn arg="arg0" coreftype="ident" elliptic="yes" entity="entity1" entityref="spec" func="suj" tem="agt"/>
                <grup.verb>
                  <v lem="ofender" lss="A21.transitive-agentive-patient" mood="indicative" num="s" person="1" pos="vmis1s0" postype="main" tense="past" wd="ofendí"/>
                </grup.verb>
                <sp arg="argM" func="cc" tem="cau">
                  <prep>
                    <s lem="con" pos="sps00" postype="preposition" wd="con"/>
                  </prep>
                  <sn corefsubtype="token" coreftype="dx" entity="entity7" entityref="nne">
                    <spec arg="arg0" gen="m" num="s" tem="agt">
                      <d coreftype="ident" entity="entity1" entityref="spec" gen="c" lem="mi" num="s" person="1" pos="dp1css" possessornum="s" postype="possessive" wd="mi"/>
                    </spec>
                    <grup.nom gen="m" num="s">
                      <s.a complex="yes" func="cn" gen="m" num="s">
                        <grup.a coord="yes" gen="m" num="s">
                          <grup.a gen="m" num="s">
                            <a gen="c" lem="irresponsable" num="s" pos="aq0cs0" postype="qualificative" wd="irresponsable"/>
                          </grup.a>
                          <conj conjunctiontype="coordinating">
                            <c lem="e" pos="cc" postype="coordinating" wd="e"/>
                          </conj>
                          <grup.a gen="m" num="s">
                            <a gen="m" lem="irrespetuoso" num="s" pos="aq0ms0" postype="qualificative" wd="irrespetuoso"/>
                          </grup.a>
                        </grup.a>
                      </s.a>
                      <n gen="m" lem="comportamiento" lexicalid="noun.comportamiento.1.default" num="s" origin="deverbal" pos="ncms000" postype="common" sense="16:00792210" wd="comportamiento"/>
                    </grup.nom>
                  </sn>
                </sp>
              </S>
            </grup.nom>
          </sn>
        </sp>
      </S>
      <f lem="&quot;" pos="fe" punct="quotation" wd="&quot;"/>
      <f lem="," pos="fc" punct="comma" wd=","/>
    </S>
    <grup.verb>
      <v lem="decir" lss="A32.ditransitive-patient-benefactive" mood="indicative" num="s" person="3" pos="vmis3s0" postype="main" tense="past" wd="dijo"/>
    </grup.verb>
    <sn arg="arg0" coreftype="ident" entity="entity1" entityref="ne" func="suj" ne="person" tem="agt">
      <spec gen="m" num="s">
        <d gen="m" lem="el" num="s" pos="da0ms0" postype="article" wd="el"/>
      </spec>
      <grup.nom gen="m" num="s">
        <n gen="m" lem="ministro" num="s" pos="ncms000" postype="common" sense="16:07412658" wd="ministro"/>
        <sn entityref="ne" ne="person">
          <grup.nom gen="m" num="s">
            <n lem="Siwiec" ne="person" pos="np0000p" postype="proper" sense="16:cs1" wd="Siwiec"/>
          </grup.nom>
        </sn>
      </grup.nom>
    </sn>
    <sp arg="argM" func="cc" tem="loc">
      <prep>
        <s lem="en" pos="sps00" postype="preposition" wd="en"/>
      </prep>
      <sn entityref="nne">
        <spec gen="m" num="s">
          <d gen="m" lem="uno" num="s" pos="di0ms0" postype="indefinite" wd="un"/>
        </spec>
        <grup.nom gen="m" num="s">
          <n gen="m" lem="comunicado" lexicalid="noun.comunicado.1.default" num="s" origin="deverbal" pos="ncms000" postype="common" sense="16:05009963" wd="comunicado"/>
          <S clausetype="participle" func="cn" impersonal="yes">
            <participi>
              <a gen="m" lem="entregado" lss="B22.unaccusative-passive-transitive" num="s" pos="aq0msp" posfunction="participle" postype="qualificative" wd="entregado"/>
            </participi>
            <sp arg="arg2" func="ci" tem="ben">
              <prep>
                <s lem="a" pos="sps00" postype="preposition" wd="a"/>
              </prep>
              <sn entityref="nne" homophoricDD="yes">
                <spec gen="m" num="p">
                  <d gen="m" lem="el" num="p" pos="da0mp0" postype="article" wd="los"/>
                </spec>
                <grup.nom gen="m" num="p">
                  <n gen="m" lem="medio" num="p" pos="ncmp000" postype="common" sense="16:02975720" wd="medios"/>
                </grup.nom>
              </sn>
            </sp>
          </S>
        </grup.nom>
      </sn>
    </sp>
    <f lem="." pos="fp" punct="period" wd="."/>
  </sentence>
  <sentence>
    <sn arg="arg1" coreftype="ident" entity="entity8" entityref="nne" func="suj" tem="pat">
      <spec gen="m" num="s">
        <d gen="m" lem="el" num="s" pos="da0ms0" postype="article" wd="El"/>
      </spec>
      <grup.nom gen="m" num="s">
        <n gen="m" lem="vídeo" num="s" pos="ncms000" postype="common" sense="16:04745386" wd="vídeo"/>
      </grup.nom>
    </sn>
    <grup.verb>
      <v lem="ser" mood="indicative" num="s" person="3" pos="vsis3s0" postype="semiauxiliary" tense="past" wd="fue"/>
      <v gen="m" lem="grabar" lss="B22.unaccusative-passive-transitive" mood="participle" num="s" pos="vmp00sm" postype="main" wd="grabado"/>
    </grup.verb>
    <sn arg="argM" func="cc" tem="tmp">
      <v lem="hacer" mood="indicative" num="s" person="3" pos="vmip3s0" postype="main" tense="present" wd="hace"/>
      <d gen="c" lem="tres" num="p" pos="dn0cp0" postype="numeral" wd="tres"/>
      <n gen="m" lem="año" num="p" pos="ncmp000" postype="common" sense="16:10917509" wd="años"/>
    </sn>
    <sp arg="argM" func="cc" tem="tmp">
      <f lem="," pos="fc" punct="comma" wd=","/>
      <prep>
        <s lem="durante" pos="sps00" postype="preposition" wd="durante"/>
      </prep>
      <sn entityref="nne">
        <spec gen="f" num="s">
          <d gen="f" lem="uno" num="s" pos="di0fs0" postype="indefinite" wd="una"/>
        </spec>
        <grup.nom gen="f" num="s">
          <n gen="f" lem="visita" lexicalid="noun.visita.1.default" num="s" origin="deverbal" pos="ncfs000" postype="common" sense="16:00800256" wd="visita"/>
          <sp arg="arg1" func="cn" tem="pat">
            <prep>
              <s lem="a" pos="sps00" postype="preposition" wd="a"/>
            </prep>
            <sn entity="entity11" entityref="ne" ne="location">
              <spec gen="f" num="s">
                <d gen="f" lem="el" num="s" pos="da0fs0" postype="article" wd="la"/>
              </spec>
              <grup.nom gen="f" num="s">
                <n gen="f" lem="ciudad" num="s" pos="ncfs000" postype="common" sense="16:06287351" wd="ciudad"/>
                <sp>
                  <prep>
                    <s lem="de" pos="sps00" postype="preposition" wd="de"/>
                  </prep>
                  <sn entityref="ne" ne="location">
                    <grup.nom>
                      <n lem="Kalisz" ne="location" pos="np0000l" postype="proper" sense="16:cs1" wd="Kalisz"/>
                    </grup.nom>
                  </sn>
                </sp>
              </grup.nom>
            </sn>
          </sp>
          <sp arg="arg0" func="cn" tem="agt">
            <prep>
              <s contracted="yes" gen="m" lem="del" num="s" pos="spcms" postype="preposition" wd="del"/>
            </prep>
            <sn entity="entity9" entityref="ne" ne="person">
              <grup.nom gen="m" num="s">
                <n gen="m" lem="presidente" num="s" pos="ncms000" postype="common" sense="16:07495113" wd="presidente"/>
                <sp>
                  <prep>
                    <s lem="de" pos="sps00" postype="preposition" wd="de"/>
                  </prep>
                  <sn entityref="ne" ne="organization">
                    <spec gen="f" num="s">
                      <d gen="f" lem="el" num="s" pos="da0fs0" postype="article" wd="la"/>
                    </spec>
                    <grup.nom gen="f" num="s">
                      <n lem="República" ne="organization" pos="np0000o" postype="proper" sense="16:cs1" wd="República"/>
                    </grup.nom>
                  </sn>
                </sp>
                <sn entityref="ne" ne="person">
                  <grup.nom gen="m" num="s">
                    <n lem="Aleksander_Kwasniewski" ne="person" pos="np0000p" postype="proper" sense="16:cs1" wd="Aleksander_Kwasniewski"/>
                  </grup.nom>
                </sn>
                <S clausetype="relative">
                  <f lem="," pos="fc" punct="comma" wd=","/>
                  <sp arg="arg1" func="cd" tem="pat">
                    <prep>
                      <s contracted="yes" gen="m" lem="al" num="s" pos="spcms" postype="preposition" wd="al"/>
                    </prep>
                    <sn>
                      <grup.nom gen="m" num="s">
                        <relatiu coreftype="ident" entity="entity9" entityref="spec">
                          <p gen="c" lem="que" num="c" pos="pr0cn000" postype="relative" wd="que"/>
                        </relatiu>
                      </grup.nom>
                    </sn>
                  </sp>
                  <grup.verb>
                    <v lem="acompañar" lss="A21.transitive-agentive-patient" mood="indicative" num="s" person="3" pos="vmis3s0" postype="main" tense="past" wd="acompañó"/>
                  </grup.verb>
                  <sn arg="arg0" coreftype="ident" entity="entity1" entityref="ne" func="suj" ne="person" tem="agt">
                    <spec gen="m" num="s">
                      <d gen="m" lem="el" num="s" pos="da0ms0" postype="article" wd="el"/>
                    </spec>
                    <grup.nom gen="m" num="s">
                      <n gen="m" lem="ministro" num="s" pos="ncms000" postype="common" sense="16:07412658" wd="ministro"/>
                      <sn entityref="ne" ne="person">
                        <grup.nom gen="m" num="s">
                          <n lem="Siwiec" ne="person" pos="np0000p" postype="proper" sense="16:cs1" wd="Siwiec"/>
                        </grup.nom>
                      </sn>
                    </grup.nom>
                  </sn>
                </S>
              </grup.nom>
            </sn>
          </sp>
        </grup.nom>
      </sn>
    </sp>
    <f lem="." pos="fp" punct="period" wd="."/>
  </sentence>
  <sentence coord="yes">
    <S>
      <sp arg="argM" func="cc" tem="tmp">
        <prep>
          <s contracted="yes" gen="m" lem="al" num="s" pos="spcms" postype="preposition" wd="Al"/>
        </prep>
        <S clausetype="completive" impersonal="yes">
          <infinitiu>
            <v lem="descender" lss="A11.transitive-causative" mood="infinitive" pos="vmn0000" postype="main" wd="descender"/>
          </infinitiu>
          <sp arg="arg3" func="cc" tem="ein">
            <prep>
              <s contracted="yes" gen="m" lem="del" num="s" pos="spcms" postype="preposition" wd="del"/>
            </prep>
            <sn entityref="nne" homophoricDD="yes">
              <grup.nom gen="m" num="s">
                <n gen="m" lem="avión" num="s" pos="ncms000" postype="common" sense="16:02174460" wd="avión"/>
              </grup.nom>
            </sn>
          </sp>
        </S>
      </sp>
      <sn arg="arg0" coreftype="ident" entity="entity1" entityref="ne" func="suj" ne="person" tem="agt">
        <grup.nom gen="m" num="s">
          <n lem="Siwiec" ne="person" pos="np0000p" postype="proper" sense="16:cs1" wd="Siwiec"/>
        </grup.nom>
      </sn>
      <grup.verb>
        <v lem="hacer" lss="A21.transitive-agentive-patient" mood="indicative" num="s" person="3" pos="vmis3s0" postype="main" tense="past" wd="hizo"/>
      </grup.verb>
      <sn arg="arg1" entityref="nne" func="cd" homophoricDD="yes" tem="pat">
        <spec gen="m" num="s">
          <d gen="m" lem="el" num="s" pos="da0ms0" postype="article" wd="el"/>
        </spec>
        <grup.nom gen="m" num="s">
          <n gen="m" lem="gesto" num="s" pos="ncms000" postype="common" sense="16:00215081" wd="gesto"/>
          <sp>
            <prep>
              <s lem="de" pos="sps00" postype="preposition" wd="de"/>
            </prep>
            <sn entityref="nne" homophoricDD="yes">
              <spec gen="f" num="s">
                <d gen="f" lem="el" num="s" pos="da0fs0" postype="article" wd="la"/>
              </spec>
              <grup.nom gen="f" num="s">
                <n gen="f" lem="bendición" lexicalid="noun.bendición.1.default" num="s" origin="deverbal" pos="ncfs000" postype="common" sense="16:00674885" wd="bendición"/>
              </grup.nom>
            </sn>
          </sp>
        </grup.nom>
      </sn>
    </S>
    <conj conjunctiontype="coordinating">
      <c lem="y" pos="cc" postype="coordinating" wd="y"/>
    </conj>
    <S>
      <f lem="," pos="fc" punct="comma" wd=","/>
      <S arg="argM" clausetype="adverbial" func="cc" tem="tmp">
        <conj conjunctiontype="subordinating">
          <c lem="cuando" pos="cs" postype="subordinating" wd="cuando"/>
        </conj>
        <sadv arg="argM" func="cc" tem="tmp">
          <grup.adv>
            <r lem="ya" pos="rg" wd="ya"/>
          </grup.adv>
        </sadv>
        <grup.verb>
          <v lem="pisar" lss="A21.transitive-agentive-patient" mood="indicative" num="s" person="3" pos="vmis3s0" postype="main" tense="past" wd="pisó"/>
        </grup.verb>
        <sn arg="arg1" entityref="nne" func="cd" tem="pat">
          <grup.nom gen="f" num="s">
            <n gen="f" lem="tierra" num="s" pos="ncfs000" postype="common" sense="16:06667942" wd="tierra"/>
          </grup.nom>
        </sn>
        <sn arg="arg0" coreftype="ident" entity="entity9" entityref="spec" func="suj" tem="agt">
          <spec gen="m" num="s">
            <d gen="m" lem="el" num="s" pos="da0ms0" postype="article" wd="el"/>
          </spec>
          <grup.nom gen="m" num="s">
            <n gen="m" lem="presidente" num="s" pos="ncms000" postype="common" sense="16:07496197" wd="presidente"/>
          </grup.nom>
        </sn>
      </S>
      <S clausetype="adverbial" func="ao">
        <f lem="," pos="fc" punct="comma" wd=","/>
        <conj conjunctiontype="subordinating">
          <c lem="según" pos="cs" postype="subordinating" wd="según"/>
        </conj>
        <morfema.verbal func="pass">
          <p gen="c" lem="se" num="c" pos="p0000000" wd="se"/>
        </morfema.verbal>
        <grup.verb>
          <v lem="escuchar" lss="B22.unaccusative-passive-transitive" mood="indicative" num="s" person="3" pos="vmip3s0" postype="main" tense="present" wd="escucha"/>
        </grup.verb>
        <sp arg="argM" func="cc" tem="loc">
          <prep>
            <s lem="en" pos="sps00" postype="preposition" wd="en"/>
          </prep>
          <sn coreftype="ident" entity="entity8" entityref="nne">
            <spec gen="f" num="s">
              <d gen="f" lem="el" num="s" pos="da0fs0" postype="article" wd="la"/>
            </spec>
            <grup.nom gen="f" num="s">
              <n gen="f" lem="cinta" num="s" pos="ncfs000" postype="common" sense="16:03470688" wd="cinta"/>
            </grup.nom>
          </sn>
        </sp>
        <f lem="," pos="fc" punct="comma" wd=","/>
      </S>
      <sn arg="arg0" coreftype="ident" elliptic="yes" entity="entity9" entityref="spec" func="suj" tem="agt"/>
      <sn arg="arg2" coreftype="ident" entity="entity1" entityref="spec" func="ci" tem="ben">
        <grup.nom gen="m" num="s">
          <p case="dative" gen="c" lem="él" num="s" person="3" pos="pp3csd00" postype="personal" wd="le"/>
        </grup.nom>
      </sn>
      <grup.verb>
        <v lem="decir" lss="A32.ditransitive-patient-benefactive" mood="indicative" num="s" person="3" pos="vmis3s0" postype="main" tense="past" wd="dijo"/>
      </grup.verb>
      <S arg="arg1" clausetype="completive" func="cd" tem="pat">
        <conj conjunctiontype="subordinating">
          <c lem="que" pos="cs" postype="subordinating" wd="que"/>
        </conj>
        <sn arg="arg0" coreftype="ident" elliptic="yes" entity="entity1" entityref="spec" func="suj" tem="agt"/>
        <morfema.pronominal>
          <p gen="c" lem="él" num="c" person="3" pos="p0300000" wd="se"/>
        </morfema.pronominal>
        <grup.verb>
          <v lem="haber" mood="indicative" num="s" person="3" pos="vaii3s0" postype="auxiliary" tense="imperfect" wd="había"/>
          <v gen="m" lem="olvidar" lss="A22.transitive-agentive-theme" mood="participle" num="s" pos="vmp00sm" postype="main" wd="olvidado"/>
        </grup.verb>
        <sp arg="arg1" func="creg" tem="tem">
          <prep>
            <s lem="de" pos="sps00" postype="preposition" wd="de"/>
          </prep>
          <S clausetype="completive" impersonal="yes">
            <infinitiu>
              <v lem="besar" lss="A21.transitive-agentive-patient" mood="infinitive" pos="vmn0000" postype="main" wd="besar"/>
            </infinitiu>
            <sn arg="arg1" entityref="nne" func="cd" homophoricDD="yes" tem="pat">
              <spec gen="f" num="s">
                <d gen="f" lem="el" num="s" pos="da0fs0" postype="article" wd="la"/>
              </spec>
              <grup.nom gen="f" num="s">
                <n gen="f" lem="tierra" num="s" pos="ncfs000" postype="common" sense="16:06667942" wd="tierra"/>
              </grup.nom>
            </sn>
          </S>
        </sp>
        <sn entity="entity10" func="ao">
          <f lem="," pos="fc" punct="comma" wd=","/>
          <grup.nom gen="f" num="s">
            <n gen="f" lem="cosa" num="s" pos="ncfs000" postype="common" sense="16:00009457" wd="cosa"/>
            <S clausetype="relative">
              <relatiu arg="arg1" coreftype="ident" entity="entity10" entityref="nne" func="cd" tem="pat">
                <p gen="c" lem="que" num="c" pos="pr0cn000" postype="relative" wd="que"/>
              </relatiu>
              <sn arg="arg0" coreftype="ident" entity="entity1" entityref="spec" func="suj" tem="agt">
                <spec gen="m" num="s">
                  <d coreftype="ident" entity="entity1" entityref="spec" gen="c" lem="su" num="s" person="3" pos="dp3cs0" postype="possessive" wd="su"/>
                </spec>
                <grup.nom gen="m" num="s">
                  <n gen="m" lem="ministro" num="s" pos="ncms000" postype="common" sense="16:07412658" wd="ministro"/>
                </grup.nom>
              </sn>
              <grup.verb>
                <v lem="hacer" lss="A21.transitive-agentive-patient" mood="indicative" num="s" person="3" pos="vmis3s0" postype="main" tense="past" wd="hizo"/>
              </grup.verb>
              <sadv arg="argM" func="cc" tem="adv">
                <grup.adv>
                  <r lem="inmediatamente" pos="rg" wd="inmediatamente"/>
                </grup.adv>
              </sadv>
            </S>
          </grup.nom>
        </sn>
      </S>
    </S>
    <f lem="." pos="fp" punct="period" wd="."/>
  </sentence>
  <sentence>
    <sn arg="arg1" coreftype="ident" entity="entity7" entityref="nne" func="suj" tem="tem">
      <spec gen="m" num="s">
        <d gen="m" lem="el" num="s" pos="da0ms0" postype="article" wd="El"/>
      </spec>
      <grup.nom gen="m" num="s">
        <n gen="m" lem="suceso" lexicalid="noun.suceso.1.default" num="s" origin="deverbal" pos="ncms000" postype="common" sense="16:05432762" wd="suceso"/>
      </grup.nom>
    </sn>
    <grup.verb>
      <v lem="tener_lugar" lss="B11.unaccusative-motion" mood="indicative" num="s" person="3" pos="vmis3s0" postype="main" tense="past" wd="tuvo_lugar"/>
    </grup.verb>
    <sadv arg="argM" func="cc" tem="adv">
      <sadv adjunct="yes">
        <grup.adv>
          <r lem="prácticamente" pos="rg" wd="prácticamente"/>
        </grup.adv>
      </sadv>
      <sadv>
        <grup.adv>
          <r lem="en_privado" pos="rg" wd="en_privado"/>
        </grup.adv>
      </sadv>
    </sadv>
    <S arg="argM" clausetype="adverbial" func="cc" tem="cau">
      <f lem="," pos="fc" punct="comma" wd=","/>
      <conj conjunctiontype="subordinating">
        <c lem="ya_que" pos="cs" postype="subordinating" wd="ya_que"/>
      </conj>
      <sn arg="arg1" coreftype="ident" entity="entity7" entityref="nne" func="cd" tem="pat">
        <grup.nom gen="m" num="s">
          <p case="accusative" gen="m" lem="él" num="s" person="3" pos="pp3msa00" postype="personal" wd="lo"/>
        </grup.nom>
      </sn>
      <grup.verb>
        <v lem="presenciar" lss="A21.transitive-agentive-patient" mood="indicative" num="p" person="3" pos="vmis3p0" postype="main" tense="past" wd="presenciaron"/>
      </grup.verb>
      <sn arg="arg0" coord="yes" func="suj" tem="agt">
        <sadv adjunct="yes">
          <grup.adv>
            <r lem="solamente" pos="rg" wd="solamente"/>
          </grup.adv>
        </sadv>
        <sn coord="yes">
          <sn entityref="nne" homophoricDD="yes">
            <spec gen="m" num="p">
              <d gen="m" lem="el" num="p" pos="da0mp0" postype="article" wd="los"/>
            </spec>
            <grup.nom gen="m" num="p">
              <n gen="c" lem="acompañante" num="p" pos="nccp000" postype="common" sense="16:07172243" wd="acompañantes"/>
              <sp>
                <prep>
                  <s contracted="yes" gen="m" lem="del" num="s" pos="spcms" postype="preposition" wd="del"/>
                </prep>
                <sn coreftype="ident" entity="entity9" entityref="spec">
                  <grup.nom gen="m" num="s">
                    <n gen="m" lem="presidente" num="s" pos="ncms000" postype="common" sense="16:07496197" wd="presidente"/>
                  </grup.nom>
                </sn>
              </sp>
            </grup.nom>
          </sn>
          <f lem="," pos="fc" punct="comma" wd=","/>
          <sn entityref="nne">
            <spec gen="m" num="p">
              <d coreftype="ident" entity="entity9" entityref="spec" gen="c" lem="su" num="p" person="3" pos="dp3cp0" postype="possessive" wd="sus"/>
            </spec>
            <grup.nom gen="m" num="p">
              <n gen="c" lem="escolta" num="p" pos="nccp000" postype="common" sense="16:06097890" wd="escoltas"/>
            </grup.nom>
          </sn>
          <conj conjunctiontype="coordinating">
            <c lem="y" pos="cc" postype="coordinating" wd="y"/>
          </conj>
          <sn entityref="nne">
            <spec gen="m" num="s">
              <d gen="m" lem="uno" num="s" pos="di0ms0" postype="indefinite" wd="un"/>
            </spec>
            <grup.nom gen="m" num="s">
              <n gen="m" lem="grupo" num="s" pos="ncms000" postype="common" sense="16:00017954" wd="grupo"/>
              <S clausetype="participle" impersonal="yes">
                <sadv arg="argM" func="cc" tem="adv">
                  <grup.adv>
                    <r lem="mucho" pos="rg" wd="muy"/>
                  </grup.adv>
                </sadv>
                <participi>
                  <a gen="m" lem="reducido" lss="B22.unaccusative-passive-transitive" num="s" pos="aq0msp" posfunction="participle" postype="qualificative" wd="reducido"/>
                </participi>
              </S>
              <sp>
                <prep>
                  <s lem="de" pos="sps00" postype="preposition" wd="de"/>
                </prep>
                <sn>
                  <grup.nom gen="f" num="p">
                    <n gen="f" lem="personalidad" num="p" pos="ncfp000" postype="common" sense="16:07469416" wd="personalidades"/>
                    <sp>
                      <prep>
                        <s lem="de" pos="sps00" postype="preposition" wd="de"/>
                      </prep>
                      <sn coreftype="ident" entity="entity11" entityref="spec">
                        <spec gen="f" num="s">
                          <d gen="f" lem="el" num="s" pos="da0fs0" postype="article" wd="la"/>
                        </spec>
                        <grup.nom gen="f" num="s">
                          <n gen="f" lem="ciudad" num="s" pos="ncfs000" postype="common" sense="16:06287351" wd="ciudad"/>
                          <S clausetype="participle" impersonal="yes">
                            <participi>
                              <a gen="f" lem="visitado" num="s" pos="aq0fsp" posfunction="participle" postype="qualificative" wd="visitada"/>
                            </participi>
                          </S>
                        </grup.nom>
                      </sn>
                    </sp>
                  </grup.nom>
                </sn>
              </sp>
            </grup.nom>
          </sn>
        </sn>
      </sn>
    </S>
    <f lem="." pos="fp" punct="period" wd="."/>
  </sentence>
  <sentence>
    <conj conjunctiontype="coordinating" func="et">
      <c lem="no_obstante" pos="cc" postype="coordinating" wd="No_obstante"/>
      <f lem="," pos="fc" punct="comma" wd=","/>
    </conj>
    <sn arg="arg1" coreftype="ident" entity="entity8" entityref="nne" func="suj" homophoricDD="yes" tem="tem">
      <spec gen="f" num="s">
        <d gen="f" lem="el" num="s" pos="da0fs0" postype="article" wd="la"/>
      </spec>
      <grup.nom gen="f" num="s">
        <n gen="f" lem="cinta" num="s" pos="ncfs000" postype="common" sense="16:03470688" wd="cinta"/>
        <sp>
          <prep>
            <s lem="con" pos="sps00" postype="preposition" wd="con"/>
          </prep>
          <sn coreftype="ident" entity="entity2" entityref="nne">
            <spec gen="f" num="s">
              <d gen="f" lem="el" num="s" pos="da0fs0" postype="article" wd="la"/>
            </spec>
            <grup.nom gen="f" num="s">
              <n gen="f" lem="grabación" lexicalid="noun.grabación.1.default" num="s" origin="deverbal" pos="ncfs000" postype="common" sense="16:03220253" wd="grabación"/>
            </grup.nom>
          </sn>
        </sp>
      </grup.nom>
    </sn>
    <grup.verb>
      <v lem="llegar" lss="B11.unaccusative-motion" mood="indicative" num="s" person="3" pos="vmis3s0" postype="main" tense="past" wd="llegó"/>
    </grup.verb>
    <sp arg="arg4" func="cc" tem="des">
      <prep>
        <s lem="a_manos_de" pos="sps00" postype="preposition" wd="a_manos_de"/>
      </prep>
      <sn entity="entity12" entityref="ne" ne="person">
        <grup.nom gen="m" num="s">
          <n lem="Marian_Krzaklewski" ne="person" pos="np0000p" postype="proper" sense="16:cs1" wd="Marian_Krzaklewski"/>
          <sn complex="yes" corefsubtype="definit" coreftype="pred" entity="entity12">
            <f lem="," pos="fc" punct="comma" wd=","/>
            <grup.nom coord="yes">
              <grup.nom gen="m" num="s">
                <n gen="m" lem="candidato" num="s" pos="ncms000" postype="common" sense="16:07136302" wd="candidato"/>
                <sp>
                  <prep>
                    <s lem="de" pos="sps00" postype="preposition" wd="de"/>
                  </prep>
                  <sn entityref="nne" homophoricDD="yes">
                    <spec gen="f" num="s">
                      <d gen="f" lem="el" num="s" pos="da0fs0" postype="article" wd="la"/>
                    </spec>
                    <grup.nom gen="f" num="s">
                      <n gen="f" lem="derecha" num="s" pos="ncfs000" postype="common" sense="16:06224017" wd="derecha"/>
                    </grup.nom>
                  </sn>
                </sp>
                <sp>
                  <prep>
                    <s lem="a" pos="sps00" postype="preposition" wd="a"/>
                  </prep>
                  <sn coreftype="ident" entity="entity13" entityref="ne" ne="organization">
                    <spec gen="f" num="s">
                      <d gen="f" lem="el" num="s" pos="da0fs0" postype="article" wd="la"/>
                    </spec>
                    <grup.nom gen="f" num="s">
                      <n lem="Presidencia" ne="organization" pos="np0000o" postype="proper" sense="16:cs1" wd="Presidencia"/>
                    </grup.nom>
                  </sn>
                </sp>
              </grup.nom>
              <conj conjunctiontype="coordinating">
                <c lem="y" pos="cc" postype="coordinating" wd="y"/>
              </conj>
              <grup.nom gen="m" num="s">
                <s.a gen="m" num="s">
                  <grup.a gen="m" num="s">
                    <a gen="c" lem="principal" num="s" pos="aq0cs0" postype="qualificative" wd="principal"/>
                  </grup.a>
                </s.a>
                <n gen="c" lem="rival" num="s" pos="nccs000" postype="common" sense="16:07535673" wd="rival"/>
                <sp>
                  <prep>
                    <s contracted="yes" gen="m" lem="del" num="s" pos="spcms" postype="preposition" wd="del"/>
                  </prep>
                  <sn coreftype="ident" entity="entity9" entityref="spec" homophoricDD="yes">
                    <grup.nom gen="m" num="s">
                      <s.a gen="m" num="s">
                        <grup.a gen="m" num="s">
                          <a gen="c" lem="actual" num="s" pos="aq0cs0" postype="qualificative" wd="actual"/>
                        </grup.a>
                      </s.a>
                      <n gen="m" lem="jefe" num="s" pos="ncms000" postype="common" sense="16:07273778" wd="jefe"/>
                      <sp>
                        <prep>
                          <s contracted="yes" gen="m" lem="del" num="s" pos="spcms" postype="preposition" wd="del"/>
                        </prep>
                        <sn entityref="nne" homophoricDD="yes">
                          <grup.nom gen="m" num="s">
                            <n gen="m" lem="estado" num="s" pos="ncms000" postype="common" sense="16:06074189" wd="estado"/>
                          </grup.nom>
                        </sn>
                      </sp>
                      <S clausetype="relative">
                        <f lem="," pos="fc" punct="comma" wd=","/>
                        <relatiu arg="arg0" coreftype="ident" entity="entity9" entityref="spec" func="suj" tem="agt">
                          <p gen="c" lem="quien" num="s" pos="pr0cs000" postype="relative" wd="quien"/>
                        </relatiu>
                        <grup.verb>
                          <v lem="buscar" lss="A21.transitive-agentive-patient" mood="indicative" num="s" person="3" pos="vmip3s0" postype="main" tense="present" wd="busca"/>
                        </grup.verb>
                        <sn arg="arg1" entityref="nne" func="cd" homophoricDD="yes" tem="pat">
                          <spec gen="f" num="s">
                            <d gen="f" lem="el" num="s" pos="da0fs0" postype="article" wd="la"/>
                          </spec>
                          <grup.nom gen="f" num="s">
                            <n gen="f" lem="reelección" lexicalid="noun.reelección.1.default" num="s" origin="deverbal" pos="ncfs000" postype="common" sense="16:00118483" wd="reelección"/>
                          </grup.nom>
                        </sn>
                        <sp arg="argM" func="cc" tem="loc">
                          <prep>
                            <s lem="en" pos="sps00" postype="preposition" wd="en"/>
                          </prep>
                          <sn entityref="nne" homophoricDD="yes">
                            <spec gen="m" num="p">
                              <d gen="m" lem="el" num="p" pos="da0mp0" postype="article" wd="los"/>
                            </spec>
                            <grup.nom gen="m" num="p">
                              <n gen="m" lem="comicio" num="p" pos="ncmp000" postype="common" sense="16:cs1" wd="comicios"/>
                              <S clausetype="participle" impersonal="yes">
                                <participi>
                                  <a gen="m" lem="fijado" lss="B22.unaccusative-passive-transitive" num="p" pos="aq0mpp" posfunction="participle" postype="qualificative" wd="fijados"/>
                                </participi>
                                <sp arg="argM" func="cc" tem="tmp">
                                  <prep>
                                    <s lem="para" pos="sps00" postype="preposition" wd="para"/>
                                  </prep>
                                  <sn entityref="ne" ne="date">
                                    <spec gen="m" num="s">
                                      <d gen="m" lem="el" num="s" pos="da0ms0" postype="article" wd="el"/>
                                    </spec>
                                    <grup.nom gen="m" num="s">
                                      <w lem="[??:8/10/??:??.??]" ne="date" wd="8_de_octubre"/>
                                    </grup.nom>
                                  </sn>
                                </sp>
                              </S>
                            </grup.nom>
                          </sn>
                        </sp>
                      </S>
                    </grup.nom>
                  </sn>
                </sp>
              </grup.nom>
            </grup.nom>
          </sn>
        </grup.nom>
      </sn>
    </sp>
    <f lem="." pos="fp" punct="period" wd="."/>
  </sentence>
  <sentence>
    <f lem="&quot;" pos="fe" punct="quotation" wd="&quot;"/>
    <S arg="arg1" clausetype="completive" func="cd" tem="pat">
      <S clausesubtype="conditional" clausetype="adverbial" entity="entity14" func="ao">
        <conj conjunctiontype="subordinating">
          <c lem="si" pos="cs" postype="subordinating" wd="Si"/>
        </conj>
        <sn arg="arg1" coreftype="ident" entity="entity7" entityref="nne" func="suj" tem="tem">
          <spec gen="f" num="s">
            <d gen="f" lem="uno" num="s" pos="di0fs0" postype="indefinite" wd="una"/>
          </spec>
          <grup.nom gen="f" num="s">
            <s.a gen="f" num="s">
              <grup.a gen="f" num="s">
                <a gen="c" lem="simple" num="s" pos="aq0cs0" postype="qualificative" wd="simple"/>
              </grup.a>
            </s.a>
            <n gen="f" lem="broma" num="s" pos="ncfs000" postype="common" sense="16:00331225" wd="broma"/>
          </grup.nom>
        </sn>
        <S clausesubtype="concessive" clausetype="adverbial" func="ao">
          <f lem="," pos="fc" punct="comma" wd=","/>
          <conj conjunctiontype="subordinating">
            <c lem="aunque" pos="cs" postype="subordinating" wd="aunque"/>
          </conj>
          <sn arg="arg1" coreftype="ident" elliptic="yes" entity="entity7" entityref="nne" func="suj" tem="tem"/>
          <grup.verb>
            <v lem="ser" lss="C21.state-attributive" mood="subjunctive" num="s" person="3" pos="vssp3s0" postype="semiauxiliary" tense="present" wd="sea"/>
          </grup.verb>
          <sp arg="arg2" func="atr" tem="atr">
            <prep>
              <s lem="de" pos="sps00" postype="preposition" wd="de"/>
            </prep>
            <sn>
              <grup.nom gen="m" num="s">
                <s.a func="cn" gen="m" num="s">
                  <grup.a gen="m" num="s">
                    <a gen="m" lem="mal" num="s" pos="aq0ms0" postype="qualificative" wd="mal"/>
                  </grup.a>
                </s.a>
                <n gen="m" lem="gusto" lexicalid="noun.gusto.1.default" num="s" origin="deverbal" pos="ncms000" postype="common" sense="16:05573285" wd="gusto"/>
              </grup.nom>
            </sn>
          </sp>
          <f lem="," pos="fc" punct="comma" wd=","/>
        </S>
        <grup.verb>
          <v lem="ser" lss="C21.state-attributive" mood="indicative" num="s" person="3" pos="vsip3s0" postype="semiauxiliary" tense="present" wd="es"/>
        </grup.verb>
        <sn arg="arg2" corefsubtype="indefinit" coreftype="pred" entity="entity7" func="atr" tem="atr">
          <spec gen="m" num="s">
            <d gen="c" lem="el" num="s" pos="da0ns0" postype="article" wd="lo"/>
          </spec>
          <grup.nom gen="m" num="s">
            <s.a gen="m" num="s">
              <grup.a gen="m" num="s">
                <a gen="m" lem="único" num="s" pos="aq0ms0" postype="qualificative" wd="único"/>
              </grup.a>
            </s.a>
            <S clausetype="relative">
              <relatiu arg="arg1" coreftype="ident" entity="entity7" entityref="nne" func="cd" tem="pat">
                <p gen="c" lem="que" num="c" pos="pr0cn000" postype="relative" wd="que"/>
              </relatiu>
              <sn arg="arg2" entity="entity15" entityref="nne" func="ci" tem="ben">
                <grup.nom num="p">
                  <p gen="c" lem="yo" num="p" person="1" pos="pp1cp000" postype="personal" wd="nos"/>
                </grup.nom>
              </sn>
              <grup.verb>
                <v lem="poder" mood="indicative" num="p" person="3" pos="vmip3p0" postype="main" tense="present" wd="pueden"/>
                <infinitiu>
                  <v lem="reprochar" lss="A32.ditransitive-patient-benefactive" mood="infinitive" pos="vmn0000" postype="main" wd="reprochar"/>
                </infinitiu>
              </grup.verb>
              <sn arg="arg0" entityref="nne" func="suj" tem="agt">
                <spec gen="m" num="p">
                  <d entityref="nne" gen="m" lem="nuestro" num="p" person="1" pos="dp1mpp" possessornum="p" postype="possessive" wd="nuestros"/>
                </spec>
                <grup.nom gen="m" num="p">
                  <n gen="m" lem="adversario" num="p" pos="ncmp000" postype="common" sense="16:07064973" wd="adversarios"/>
                </grup.nom>
              </sn>
              <sadv arg="argM" func="cc" tem="tmp">
                <grup.adv>
                  <r lem="después" pos="rg" wd="después"/>
                  <sp>
                    <prep>
                      <s lem="de" pos="sps00" postype="preposition" wd="de"/>
                    </prep>
                    <sn>
                      <spec gen="m" num="p">
                        <d gen="c" lem="cinco" num="p" pos="dn0cp0" postype="numeral" wd="cinco"/>
                      </spec>
                      <grup.nom gen="m" num="p">
                        <n gen="m" lem="año" num="p" pos="ncmp000" postype="common" sense="16:10917509" wd="años"/>
                        <sp>
                          <prep>
                            <s lem="de" pos="sps00" postype="preposition" wd="de"/>
                          </prep>
                          <S clausetype="completive" impersonal="yes">
                            <infinitiu>
                              <v lem="ejercer" lss="A21.transitive-agentive-patient" mood="infinitive" pos="vmn0000" postype="main" wd="ejercer"/>
                            </infinitiu>
                            <sn arg="arg1" coreftype="ident" entity="entity13" entityref="ne" func="cd" ne="other" tem="pat">
                              <spec gen="f" num="s">
                                <d gen="f" lem="el" num="s" pos="da0fs0" postype="article" wd="la"/>
                              </spec>
                              <grup.nom gen="f" num="s">
                                <n lem="Presidencia_de_la_República" ne="other" pos="np0000a" postype="proper" sense="16:cs1" wd="Presidencia_de_la_República"/>
                              </grup.nom>
                            </sn>
                          </S>
                        </sp>
                      </grup.nom>
                    </sn>
                  </sp>
                </grup.adv>
              </sadv>
            </S>
          </grup.nom>
        </sn>
        <f lem="," pos="fc" punct="comma" wd=","/>
      </S>
      <sn arg="arg1" corefsubtype="prop" coreftype="dx" entity="entity14" entityref="nne" func="suj" tem="tem">
        <grup.nom gen="m" num="s">
          <p gen="c" lem="ese" num="s" pos="pd0ns000" postype="demonstrative" wd="Eso"/>
        </grup.nom>
      </sn>
      <grup.verb>
        <v lem="querer_decir" lss="C21.state-attributive" mood="indicative" num="s" person="3" pos="vmip3s0" postype="main" tense="present" wd="quiere_decir"/>
      </grup.verb>
      <S arg="arg2" clausetype="completive" func="cd" functype="quantitative" tem="atr">
        <conj conjunctiontype="subordinating">
          <c lem="que" pos="cs" postype="subordinating" wd="que"/>
        </conj>
        <sn arg="arg0" coreftype="ident" elliptic="yes" entity="entity15" entityref="nne" func="suj" tem="agt"/>
        <neg func="mod">
          <r lem="no" pos="rn" postype="negative" wd="no"/>
        </neg>
        <sn arg="arg1" entityref="nne" func="cd" tem="pat">
          <grup.nom gen="m" num="s">
            <p case="accusative" gen="m" lem="él" num="s" person="3" pos="pp3msa00" postype="personal" wd="lo"/>
          </grup.nom>
        </sn>
        <grup.verb>
          <v lem="haber" mood="indicative" num="p" person="1" pos="vaip1p0" postype="auxiliary" tense="present" wd="hemos"/>
          <v gen="m" lem="hacer" lss="A21.transitive-agentive-patient" mood="participle" num="s" pos="vmp00sm" postype="main" wd="hecho"/>
        </grup.verb>
        <sadv arg="argM" func="cc" tem="adv">
          <grup.adv>
            <r lem="mal" pos="rg" wd="mal"/>
          </grup.adv>
        </sadv>
      </S>
      <f lem="&quot;" pos="fe" punct="quotation" wd="&quot;"/>
      <f lem="," pos="fc" punct="comma" wd=","/>
    </S>
    <grup.verb>
      <v lem="declarar" lss="A32.ditransitive-patient-benefactive" mood="indicative" num="s" person="3" pos="vmis3s0" postype="main" tense="past" wd="declaró"/>
    </grup.verb>
    <sp arg="argM" func="cc" tem="tmp">
      <prep>
        <s lem="en" pos="sps00" postype="preposition" wd="en"/>
      </prep>
      <sn entityref="nne">
        <spec gen="f" num="s">
          <d gen="f" lem="uno" num="s" pos="di0fs0" postype="indefinite" wd="una"/>
        </spec>
        <grup.nom gen="f" num="s">
          <s.a func="cn" gen="f" num="s">
            <grup.a gen="f" num="s">
              <a gen="f" lem="primero" num="s" pos="ao0fs0" postype="ordinal" wd="primera"/>
            </grup.a>
          </s.a>
          <n gen="f" lem="reacción" lexicalid="noun.reacción.1.default" num="s" origin="deverbal" pos="ncfs000" postype="common" sense="16:04544561" wd="reacción"/>
        </grup.nom>
      </sn>
    </sp>
    <sn arg="arg0" coreftype="ident" entity="entity9" entityref="ne" func="suj" ne="person" tem="agt">
      <grup.nom gen="m" num="s">
        <n lem="Kwasniewski" ne="person" pos="np0000p" postype="proper" sense="16:cs1" wd="Kwasniewski"/>
      </grup.nom>
    </sn>
    <f lem="." pos="fp" punct="period" wd="."/>
  </sentence>
  <sentence coord="yes" entity="entity17">
    <conj conjunctiontype="coordinating">
      <c lem="pero" pos="cc" postype="coordinating" wd="Pero"/>
    </conj>
    <S>
      <sn arg="arg0" coreftype="ident" entity="entity7" entityref="nne" func="suj" tem="cau">
        <spec gen="f" num="s">
          <d gen="f" lem="el" num="s" pos="da0fs0" postype="article" wd="la"/>
        </spec>
        <grup.nom gen="f" num="s">
          <n gen="f" lem="burla" lexicalid="noun.burla.1.default" num="s" origin="deverbal" pos="ncfs000" postype="common" sense="16:00793584" wd="burla"/>
        </grup.nom>
      </sn>
      <grup.verb>
        <v lem="haber" mood="indicative" num="s" person="3" pos="vaip3s0" postype="auxiliary" tense="present" wd="ha"/>
        <v gen="m" lem="despertar" lss="A11.transitive-causative" mood="participle" num="s" pos="vmp00sm" postype="main" wd="despertado"/>
      </grup.verb>
      <sn arg="arg1" entityref="nne" func="cd" homophoricDD="yes" tem="tem">
        <spec gen="f" num="s">
          <d gen="f" lem="el" num="s" pos="da0fs0" postype="article" wd="la"/>
        </spec>
        <grup.nom gen="f" num="s">
          <n gen="f" lem="ira" num="s" pos="ncfs000" postype="common" sense="16:10110870" wd="ira"/>
          <sp>
            <prep>
              <s lem="de" pos="sps00" postype="preposition" wd="de"/>
            </prep>
            <sn entityref="nne" homophoricDD="yes">
              <spec gen="m" num="p">
                <d gen="m" lem="el" num="p" pos="da0mp0" postype="article" wd="los"/>
              </spec>
              <grup.nom gen="m" num="p">
                <n gen="m" lem="polaco" num="p" pos="ncmp000" postype="common" sense="16:07034349" wd="polacos"/>
                <S clausetype="participle" impersonal="yes">
                  <sadv arg="argM" func="cc" tem="adv">
                    <grup.adv>
                      <r lem="más" pos="rg" wd="más"/>
                    </grup.adv>
                  </sadv>
                  <participi>
                    <a gen="m" lem="identificado" lss="B22.unaccusative-passive-transitive" num="p" pos="aq0mpp" posfunction="participle" postype="qualificative" wd="identificados"/>
                  </participi>
                  <sp arg="argM" func="cc" tem="adv">
                    <prep>
                      <s lem="con" pos="sps00" postype="preposition" wd="con"/>
                    </prep>
                    <sn coreftype="ident" entity="entity3" entityref="ne" ne="person">
                      <spec gen="m" num="s">
                        <d gen="m" lem="el" num="s" pos="da0ms0" postype="article" wd="el"/>
                      </spec>
                      <grup.nom gen="m" num="s">
                        <n gen="m" lem="papa" num="s" pos="ncms000" postype="common" sense="16:07488041" wd="papa"/>
                        <sn entityref="ne" ne="person">
                          <grup.nom gen="m" num="s">
                            <n lem="Wojtyla" ne="person" pos="np0000p" postype="proper" sense="16:cs1" wd="Wojtyla"/>
                          </grup.nom>
                        </sn>
                      </grup.nom>
                    </sn>
                  </sp>
                </S>
              </grup.nom>
            </sn>
          </sp>
        </grup.nom>
      </sn>
    </S>
    <conj conjunctiontype="coordinating">
      <c lem="y" pos="cc" postype="coordinating" wd="y"/>
    </conj>
    <S>
      <sn arg="arg0" coreftype="ident" elliptic="yes" entity="entity7" entityref="nne" func="suj" tem="cau"/>
      <grup.verb>
        <v lem="haber" mood="indicative" num="s" person="3" pos="vaip3s0" postype="auxiliary" tense="present" wd="ha"/>
        <v gen="m" lem="causar" lss="A11.transitive-causative" mood="participle" num="s" pos="vmp00sm" postype="main" wd="causado"/>
      </grup.verb>
      <sn arg="arg1" complex="yes" entityref="nne" func="cd" tem="tem">
        <grup.nom coord="yes">
          <grup.nom gen="m" num="s">
            <n gen="m" lem="malestar" num="s" pos="ncms000" postype="common" sense="16:10335257" wd="malestar"/>
          </grup.nom>
          <conj conjunctiontype="coordinating">
            <c lem="y" pos="cc" postype="coordinating" wd="y"/>
          </conj>
          <grup.nom gen="m" num="s">
            <n gen="m" lem="desagrado" num="s" pos="ncms000" postype="common" sense="16:05576323" wd="desagrado"/>
          </grup.nom>
        </grup.nom>
      </sn>
      <sp arg="argM" func="cc" tem="adv">
        <sadv adjunct="yes">
          <grup.adv>
            <r lem="incluso" pos="rg" wd="incluso"/>
          </grup.adv>
        </sadv>
        <sp>
          <prep>
            <s lem="entre" pos="sps00" postype="preposition" wd="entre"/>
          </prep>
          <sn entityref="nne" homophoricDD="yes">
            <spec gen="m" num="p">
              <d gen="m" lem="el" num="p" pos="da0mp0" postype="article" wd="los"/>
            </spec>
            <grup.nom coord="yes">
              <grup.nom coord="yes">
                <grup.nom gen="m" num="p">
                  <n gen="m" lem="partidario" num="p" pos="ncmp000" postype="common" sense="16:07270621" wd="partidarios"/>
                </grup.nom>
                <conj conjunctiontype="coordinating">
                  <c lem="y" pos="cc" postype="coordinating" wd="y"/>
                </conj>
                <grup.nom gen="m" num="p">
                  <n gen="c" lem="simpatizante" num="p" pos="nccp000" postype="common" sense="16:07628051" wd="simpatizantes"/>
                </grup.nom>
              </grup.nom>
              <sp adjunct="yes">
                <prep>
                  <s lem="de" pos="sps00" postype="preposition" wd="de"/>
                </prep>
                <sn coreftype="ident" entity="entity9" entityref="ne" ne="person">
                  <grup.nom gen="m" num="s">
                    <n lem="Kwasniewski" ne="person" pos="np0000p" postype="proper" sense="16:cs1" wd="Kwasniewski"/>
                  </grup.nom>
                </sn>
              </sp>
            </grup.nom>
          </sn>
        </sp>
      </sp>
    </S>
    <f lem="." pos="fp" punct="period" wd="."/>
  </sentence>
  <sentence entity="entity18">
    <S>
      <sn arg="arg1" coord="yes" func="suj" tem="tem">
        <sn coreftype="ident" entity="entity4" entityref="nne" homophoricDD="yes">
          <spec gen="f" num="s">
            <d gen="f" lem="el" num="s" pos="da0fs0" postype="article" wd="La"/>
          </spec>
          <grup.nom gen="f" num="s">
            <n gen="f" lem="dimisión" lexicalid="noun.dimisión.1.default" num="s" origin="deverbal" pos="ncfs000" postype="common" sense="16:05414101" wd="dimisión"/>
            <sp arg="arg0" func="cn" tem="agt">
              <prep>
                <s lem="de" pos="sps00" postype="preposition" wd="de"/>
              </prep>
              <sn coreftype="ident" entity="entity1" entityref="ne" ne="person">
                <grup.nom gen="m" num="s">
                  <n lem="Siwiec" ne="person" pos="np0000p" postype="proper" sense="16:cs1" wd="Siwiec"/>
                </grup.nom>
              </sn>
            </sp>
          </grup.nom>
        </sn>
        <conj conjunctiontype="coordinating">
          <c lem="y" pos="cc" postype="coordinating" wd="y"/>
        </conj>
        <sn corefsubtype="token" coreftype="dx" entity="entity16" entityref="nne">
          <spec arg="arg0" gen="m" num="p" tem="agt">
            <d coreftype="ident" entity="entity1" entityref="spec" gen="c" lem="su" num="p" person="3" pos="dp3cp0" postype="possessive" wd="sus"/>
          </spec>
          <grup.nom gen="m" num="p">
            <n gen="m" lem="ruego" lexicalid="noun.ruego.1.default" num="p" origin="deverbal" pos="ncmp000" postype="common" sense="16:05371420" wd="ruegos"/>
            <sp arg="arg1" func="cn" tem="pat">
              <prep>
                <s lem="de" pos="sps00" postype="preposition" wd="de"/>
              </prep>
              <sn>
                <grup.nom gen="m" num="s">
                  <n gen="m" lem="perdón" lexicalid="noun.perdón.1.default" num="s" origin="deverbal" pos="ncms000" postype="common" sense="16:00795926" wd="perdón"/>
                  <sp>
                    <prep>
                      <s lem="por" pos="sps00" postype="preposition" wd="por"/>
                    </prep>
                    <sn coreftype="ident" entity="entity7" entityref="nne">
                      <spec gen="f" num="s">
                        <d coreftype="ident" entity="entity1" entityref="spec" gen="c" lem="su" num="s" person="3" pos="dp3cs0" postype="possessive" wd="su"/>
                      </spec>
                      <grup.nom gen="f" num="s">
                        <n gen="f" lem="broma" num="s" pos="ncfs000" postype="common" sense="16:00331225" wd="broma"/>
                        <sp>
                          <prep>
                            <s lem="de" pos="sps00" postype="preposition" wd="de"/>
                          </prep>
                          <sn>
                            <grup.nom gen="m" num="s">
                              <s.a func="cn" gen="m" num="s">
                                <grup.a gen="m" num="s">
                                  <a gen="m" lem="mal" num="s" pos="aq0ms0" postype="qualificative" wd="mal"/>
                                </grup.a>
                              </s.a>
                              <n gen="m" lem="gusto" lexicalid="noun.gusto.1.default" num="s" origin="deverbal" pos="ncms000" postype="common" sense="16:05573285" wd="gusto"/>
                            </grup.nom>
                          </sn>
                        </sp>
                      </grup.nom>
                    </sn>
                  </sp>
                </grup.nom>
              </sn>
            </sp>
          </grup.nom>
        </sn>
      </sn>
      <neg func="mod">
        <r lem="no" pos="rn" postype="negative" wd="no"/>
      </neg>
      <grup.verb>
        <v lem="significar" lss="C21.state-attributive" mood="indicative" num="p" person="3" pos="vmif3p0" postype="main" tense="future" wd="significarán"/>
      </grup.verb>
      <sn arg="arg2" entityref="nne" func="cd" functype="quantitative" homophoricDD="yes" tem="atr">
        <spec gen="m" num="s">
          <d gen="m" lem="el" num="s" pos="da0ms0" postype="article" wd="el"/>
        </spec>
        <grup.nom gen="m" num="s">
          <n gen="m" lem="final" num="s" pos="ncms000" postype="common" sense="16:05438121" wd="final"/>
          <sp>
            <prep>
              <s contracted="yes" gen="m" lem="del" num="s" pos="spcms" postype="preposition" wd="del"/>
            </prep>
            <sn coreftype="ident" entity="entity7" entityref="nne">
              <grup.nom gen="m" num="s">
                <n gen="m" lem="asunto" num="s" pos="ncms000" postype="common" sense="16:04479710" wd="asunto"/>
              </grup.nom>
            </sn>
          </sp>
        </grup.nom>
      </sn>
    </S>
    <S adjunct="yes" func="ao">
      <f lem=":" pos="fd" punct="colon" wd=":"/>
      <sn arg="arg1" coreftype="ident" entity="entity2" entityref="nne" func="suj" homophoricDD="yes" tem="pat">
        <spec gen="f" num="p">
          <d gen="f" lem="el" num="p" pos="da0fp0" postype="article" wd="las"/>
        </spec>
        <grup.nom gen="f" num="p">
          <n gen="f" lem="imagen" num="p" pos="ncfp000" postype="common" sense="16:04745386" wd="imágenes"/>
          <S clausetype="relative">
            <relatiu arg="arg0" coreftype="ident" entity="entity2" entityref="nne" func="suj" tem="cau">
              <p gen="c" lem="que" num="c" pos="pr0cn000" postype="relative" wd="que"/>
            </relatiu>
            <grup.verb>
              <v lem="haber" mood="indicative" num="p" person="3" pos="vaip3p0" postype="auxiliary" tense="present" wd="han"/>
              <v gen="m" lem="provocar" lss="A11.transitive-causative" mood="participle" num="s" pos="vmp00sm" postype="main" wd="provocado"/>
            </grup.verb>
            <sn arg="arg1" coreftype="dx" entity="entity17+entity18" entityref="nne" func="cd" tem="tem">
              <spec gen="m" num="s">
                <d gen="m" lem="el" num="s" pos="da0ms0" postype="article" wd="el"/>
              </spec>
              <grup.nom gen="m" num="s">
                <n gen="m" lem="revuelo" num="s" pos="ncms000" postype="common" sense="16:05586373" wd="revuelo"/>
              </grup.nom>
            </sn>
          </S>
        </grup.nom>
      </sn>
      <grup.verb>
        <v lem="haber" mood="indicative" num="p" person="3" pos="vaip3p0" postype="auxiliary" tense="present" wd="han"/>
        <v gen="m" lem="ser" mood="participle" num="s" pos="vsp00sm" postype="semiauxiliary" wd="sido"/>
        <v gen="f" lem="incorporar" lss="B22.unaccusative-passive-transitive" mood="participle" num="p" pos="vmp00pf" postype="main" wd="incorporadas"/>
      </grup.verb>
      <sp arg="arg2" func="creg" tem="loc">
        <prep>
          <s lem="a" pos="sps00" postype="preposition" wd="a"/>
        </prep>
        <sn entityref="nne">
          <spec gen="m" num="s">
            <d gen="m" lem="uno" num="s" pos="di0ms0" postype="indefinite" wd="un"/>
          </spec>
          <grup.nom gen="m" num="s">
            <n gen="m" lem="anuncio" lexicalid="noun.anuncio.1.default" num="s" origin="deverbal" pos="ncms000" postype="common" sense="16:05411061" wd="anuncio"/>
            <s.a func="cn" gen="m" num="s">
              <grup.a gen="m" num="s">
                <a gen="c" lem="electoral" num="s" pos="aq0cs0" postype="qualificative" wd="electoral"/>
              </grup.a>
            </s.a>
            <sp arg="arg0" func="cn" tem="agt">
              <prep>
                <s contracted="yes" gen="m" lem="del" num="s" pos="spcms" postype="preposition" wd="del"/>
              </prep>
              <sn coreftype="ident" entity="entity9" entityref="ne" ne="person">
                <grup.nom gen="m" num="s">
                  <n gen="m" lem="candidato" num="s" pos="ncms000" postype="common" sense="16:07136302" wd="candidato"/>
                  <sn entityref="ne" ne="person">
                    <grup.nom gen="m" num="s">
                      <n lem="Krzaklewski" ne="person" pos="np0000p" postype="proper" sense="16:cs1" wd="Krzaklewski"/>
                    </grup.nom>
                  </sn>
                </grup.nom>
              </sn>
            </sp>
          </grup.nom>
        </sn>
      </sp>
    </S>
    <f lem="." pos="fp" punct="period" wd="."/>
  </sentence>
</article>
