task,precision,recall,f1,number,accuracy,language,model,corpus,subset,validation_duration,tokens,sentences
LOC,0.772978402812657,0.8377789874795862,0.8040752351097179,1837.0,,en,en_core_web_lg,conll,validation,8.975796,51362,3250
MISC,0.7692307692307693,0.6290672451193059,0.6921241050119332,922.0,,en,en_core_web_lg,conll,validation,8.975796,51362,3250
ORG,0.4447702834799609,0.33929903057419836,0.3849407783417935,1341.0,,en,en_core_web_lg,conll,validation,8.975796,51362,3250
PER,0.8546954314720813,0.7312703583061889,0.7881802223522528,1842.0,,en,en_core_web_lg,conll,validation,8.975796,51362,3250
overall,0.7337200598802395,0.659878828677213,0.694843168527379,,0.9342704723336319,en,en_core_web_lg,conll,validation,8.975796,51362,3250
LOC,0.5947712418300654,0.5027624309392266,0.5449101796407186,181.0,,en,en_core_web_lg,hipe,HIPE-data-v1.4-test-en,0.967107,16634,46
MISC,0.0,0.0,0.0,19.0,,en,en_core_web_lg,hipe,HIPE-data-v1.4-test-en,0.967107,16634,46
ORG,0.06289308176100629,0.13157894736842105,0.08510638297872339,76.0,,en,en_core_web_lg,hipe,HIPE-data-v1.4-test-en,0.967107,16634,46
PER,0.17708333333333334,0.21794871794871795,0.1954022988505747,156.0,,en,en_core_web_lg,hipe,HIPE-data-v1.4-test-en,0.967107,16634,46
overall,0.22277227722772278,0.3125,0.2601156069364162,,0.9205242274858723,en,en_core_web_lg,hipe,HIPE-data-v1.4-test-en,0.967107,16634,46
LOC,0.5042016806722689,0.4,0.44609665427509293,150.0,,en,en_core_web_lg,emerging,emerging.test.annotated.conll,3.691555,23394,1287
MISC,0.08333333333333333,0.05204460966542751,0.06407322654462243,269.0,,en,en_core_web_lg,emerging,emerging.test.annotated.conll,3.691555,23394,1287
ORG,0.12564102564102564,0.21212121212121213,0.1578099838969404,231.0,,en,en_core_web_lg,emerging,emerging.test.annotated.conll,3.691555,23394,1287
PER,0.43103448275862066,0.34965034965034963,0.38610038610038605,429.0,,en,en_core_web_lg,emerging,emerging.test.annotated.conll,3.691555,23394,1287
overall,0.26634146341463416,0.25301204819277107,0.2595057034220532,,0.9053603488073865,en,en_core_web_lg,emerging,emerging.test.annotated.conll,3.691555,23394,1287
LOC,0.8647058823529412,0.8974815568557619,0.8807889152415429,3931.0,,en,en_core_web_lg,ontonotes,VALIDATION_en,39.939256,269914,14110
MISC,0.6487325400931195,0.7084745762711865,0.6772886848501215,1770.0,,en,en_core_web_lg,ontonotes,VALIDATION_en,39.939256,269914,14110
ORG,0.7885915112192484,0.838459327392929,0.8127612148230705,3479.0,,en,en_core_web_lg,ontonotes,VALIDATION_en,39.939256,269914,14110
PER,0.7078115682766846,0.9123750960799385,0.7971793149764943,2602.0,,en,en_core_web_lg,ontonotes,VALIDATION_en,39.939256,269914,14110
overall,0.7709321904178784,0.8549482261076218,0.8107694784288474,,0.9754477352045466,en,en_core_web_lg,ontonotes,VALIDATION_en,39.939256,269914,14110
LOC,0.2981842047691971,0.38976265370317414,0.3378780366881507,6994.0,,en,en_core_web_lg,wikiann,wikiann-en.bio,58.350024,205018,25000
MISC,0.0,0.0,0.0,0.0,,en,en_core_web_lg,wikiann,wikiann-en.bio,58.350024,205018,25000
ORG,0.3795257521672616,0.1824142156862745,0.2463996027147823,16320.0,,en,en_core_web_lg,wikiann,wikiann-en.bio,58.350024,205018,25000
PER,0.5229838709677419,0.6020796583418438,0.5597514134046868,10771.0,,en,en_core_web_lg,wikiann,wikiann-en.bio,58.350024,205018,25000
overall,0.36304062909567497,0.3575766466187473,0.3602879229052426,,0.6791062248192842,en,en_core_web_lg,wikiann,wikiann-en.bio,58.350024,205018,25000
LOC,0.7748110831234257,0.8372346216657593,0.8048142333856619,1837.0,,en,en_core_web_trf,conll,validation,76.318947,51362,3250
MISC,0.7370892018779343,0.6811279826464208,0.7080045095828635,922.0,,en,en_core_web_trf,conll,validation,76.318947,51362,3250
ORG,0.7233782129742962,0.4407158836689038,0.5477293790546801,1341.0,,en,en_core_web_trf,conll,validation,76.318947,51362,3250
PER,0.9229747675962815,0.754614549402823,0.8303464755077657,1842.0,,en,en_core_web_trf,conll,validation,76.318947,51362,3250
overall,0.8036821705426357,0.6979131605520027,0.7470725995316159,,0.9446477940890152,en,en_core_web_trf,conll,validation,76.318947,51362,3250
LOC,0.6274509803921569,0.5303867403314917,0.5748502994011976,181.0,,en,en_core_web_trf,hipe,HIPE-data-v1.4-test-en,8.704109,16634,46
MISC,0.0,0.0,0.0,19.0,,en,en_core_web_trf,hipe,HIPE-data-v1.4-test-en,8.704109,16634,46
ORG,0.16470588235294117,0.18421052631578946,0.17391304347826086,76.0,,en,en_core_web_trf,hipe,HIPE-data-v1.4-test-en,8.704109,16634,46
PER,0.36496350364963503,0.32051282051282054,0.34129692832764513,156.0,,en,en_core_web_trf,hipe,HIPE-data-v1.4-test-en,8.704109,16634,46
overall,0.33613445378151263,0.37037037037037035,0.35242290748898675,,0.9379583984609835,en,en_core_web_trf,hipe,HIPE-data-v1.4-test-en,8.704109,16634,46
LOC,0.6818181818181818,0.4,0.5042016806722689,150.0,,en,en_core_web_trf,emerging,emerging.test.annotated.conll,32.352631,23394,1287
MISC,0.12301587301587301,0.11524163568773234,0.11900191938579655,269.0,,en,en_core_web_trf,emerging,emerging.test.annotated.conll,32.352631,23394,1287
ORG,0.4585987261146497,0.3116883116883117,0.3711340206185567,231.0,,en,en_core_web_trf,emerging,emerging.test.annotated.conll,32.352631,23394,1287
PER,0.6688311688311688,0.4801864801864802,0.5590230664857531,429.0,,en,en_core_web_trf,emerging,emerging.test.annotated.conll,32.352631,23394,1287
overall,0.4583850931677019,0.34198331788693237,0.39171974522292996,,0.9379755492861418,en,en_core_web_trf,emerging,emerging.test.annotated.conll,32.352631,23394,1287
LOC,0.9105172836479529,0.9447977613838718,0.9273408239700375,3931.0,,en,en_core_web_trf,ontonotes,VALIDATION_en,333.201937,269914,14110
MISC,0.6133451171011931,0.784180790960452,0.6883213488718076,1770.0,,en,en_core_web_trf,ontonotes,VALIDATION_en,333.201937,269914,14110
ORG,0.8716864072194022,0.8884736993388905,0.88,3479.0,,en,en_core_web_trf,ontonotes,VALIDATION_en,333.201937,269914,14110
PER,0.7819620253164556,0.9496541122213682,0.857688302672683,2602.0,,en,en_core_web_trf,ontonotes,VALIDATION_en,333.201937,269914,14110
overall,0.8172900061312078,0.9051094890510949,0.8589609343536045,,0.9817349229754663,en,en_core_web_trf,ontonotes,VALIDATION_en,333.201937,269914,14110
LOC,0.30742376013964473,0.42808121246782954,0.3578557341779717,6994.0,,en,en_core_web_trf,wikiann,wikiann-en.bio,539.141798,205018,25000
MISC,0.0,0.0,0.0,0.0,,en,en_core_web_trf,wikiann,wikiann-en.bio,539.141798,205018,25000
ORG,0.5351063829787234,0.21574754901960785,0.3075109170305677,16320.0,,en,en_core_web_trf,wikiann,wikiann-en.bio,539.141798,205018,25000
PER,0.6452864230942715,0.6640980410361155,0.6545571010248902,10771.0,,en,en_core_web_trf,wikiann,wikiann-en.bio,539.141798,205018,25000
overall,0.3300333220650022,0.400997506234414,0.3620710208082226,,0.6700192178247764,en,en_core_web_trf,wikiann,wikiann-en.bio,539.141798,205018,25000
LOC,0.7330873308733087,0.7700258397932817,0.7511027095148077,774.0,,nl,nl_core_news_lg,conll,ned.testb.txt,13.902588,68875,5195
MISC,0.33496846531184304,0.4026958719460826,0.3657230298393267,1187.0,,nl,nl_core_news_lg,conll,ned.testb.txt,13.902588,68875,5195
ORG,0.5936139332365747,0.463718820861678,0.5206874602164226,882.0,,nl,nl_core_news_lg,conll,ned.testb.txt,13.902588,68875,5195
PER,0.7798165137614679,0.7741347905282332,0.7769652650822669,1098.0,,nl,nl_core_news_lg,conll,ned.testb.txt,13.902588,68875,5195
overall,0.5804926598656382,0.5919817305252474,0.5861809045226131,,0.9564283121597096,nl,nl_core_news_lg,conll,ned.testb.txt,13.902588,68875,5195
LOC,0.40350877192982454,0.420265780730897,0.4117168429617575,602.0,,nl,nl_core_news_lg,europeana,enp_NL.kb.txt,1.413576,29917,59
MISC,0.0,0.0,0.0,0.0,,nl,nl_core_news_lg,europeana,enp_NL.kb.txt,1.413576,29917,59
ORG,0.029900332225913623,0.16071428571428573,0.05042016806722689,112.0,,nl,nl_core_news_lg,europeana,enp_NL.kb.txt,1.413576,29917,59
PER,0.12073170731707317,0.3183279742765273,0.17506631299734746,311.0,,nl,nl_core_news_lg,europeana,enp_NL.kb.txt,1.413576,29917,59
overall,0.13290229885057472,0.36097560975609755,0.19427671304804411,,0.8701407226660427,nl,nl_core_news_lg,europeana,enp_NL.kb.txt,1.413576,29917,59
LOC,0.8065300451545676,0.5854765506807866,0.6784514243973704,3966.0,,nl,nl_core_news_lg,sonar,SoNaR-1,25.050352,150339,8993
MISC,0.12295081967213115,0.17082429501084598,0.14298683613254654,1844.0,,nl,nl_core_news_lg,sonar,SoNaR-1,25.050352,150339,8993
ORG,0.5244112578977599,0.6257710760795065,0.570625,1459.0,,nl,nl_core_news_lg,sonar,SoNaR-1,25.050352,150339,8993
PER,0.7537566650508968,0.731764705882353,0.7425978987583572,2125.0,,nl,nl_core_news_lg,sonar,SoNaR-1,25.050352,150339,8993
overall,0.552190373174689,0.5434319778582074,0.5477761682493696,,0.9500994419279096,nl,nl_core_news_lg,sonar,SoNaR-1,25.050352,150339,8993
LOC,0.5986376503892428,0.5748386000679578,0.5864967932050615,11772.0,,nl,nl_core_news_lg,wikiann,wikiann-nl.bio,61.136029,211184,25000
MISC,0.0,0.0,0.0,0.0,,nl,nl_core_news_lg,wikiann,wikiann-nl.bio,61.136029,211184,25000
ORG,0.128686327077748,0.20634920634920634,0.1585164486218722,9072.0,,nl,nl_core_news_lg,wikiann,wikiann-nl.bio,61.136029,211184,25000
PER,0.7091805298829328,0.7125280507622069,0.710850349326437,12923.0,,nl,nl_core_news_lg,wikiann,wikiann-nl.bio,61.136029,211184,25000
overall,0.402349121897333,0.528533775579708,0.4568890481798167,,0.7627897946814153,nl,nl_core_news_lg,wikiann,wikiann-nl.bio,61.136029,211184,25000
LOC,0.4166666666666667,0.5991440798858774,0.4915155061439438,701.0,,fr,fr_core_news_lg,europeana,enp_FR.bnf.txt,6.300042,30030,1778
MISC,0.0,0.0,0.0,0.0,,fr,fr_core_news_lg,europeana,enp_FR.bnf.txt,6.300042,30030,1778
ORG,0.17901234567901234,0.15425531914893617,0.1657142857142857,188.0,,fr,fr_core_news_lg,europeana,enp_FR.bnf.txt,6.300042,30030,1778
PER,0.3469119579500657,0.41379310344827586,0.37741243745532527,638.0,,fr,fr_core_news_lg,europeana,enp_FR.bnf.txt,6.300042,30030,1778
overall,0.29499379395945385,0.466928618205632,0.36156186612576063,,0.8888777888777889,fr,fr_core_news_lg,europeana,enp_FR.bnf.txt,6.300042,30030,1778
LOC,0.5442477876106194,0.7201405152224825,0.6199596774193548,854.0,,fr,fr_core_news_lg,hipe,HIPE-data-v1.4-test-fr,2.699392,40854,43
MISC,0.03188405797101449,0.16666666666666666,0.0535279805352798,66.0,,fr,fr_core_news_lg,hipe,HIPE-data-v1.4-test-fr,2.699392,40854,43
ORG,0.2830188679245283,0.46153846153846156,0.3508771929824561,130.0,,fr,fr_core_news_lg,hipe,HIPE-data-v1.4-test-fr,2.699392,40854,43
PER,0.25386996904024767,0.3299798792756539,0.2869641294838145,497.0,,fr,fr_core_news_lg,hipe,HIPE-data-v1.4-test-fr,2.699392,40854,43
overall,0.3643377625375054,0.5494505494505495,0.43814432989690727,,0.9191021686982914,fr,fr_core_news_lg,hipe,HIPE-data-v1.4-test-fr,2.699392,40854,43
LOC,0.5511320468013979,0.6250215405824574,0.5857558139534883,11606.0,,fr,fr_core_news_lg,wikiann,wikiann-fr.bio,59.154192,171850,25000
MISC,0.0,0.0,0.0,0.0,,fr,fr_core_news_lg,wikiann,wikiann-fr.bio,59.154192,171850,25000
ORG,0.5962363030014293,0.2330106125488736,0.3350736278447122,10742.0,,fr,fr_core_news_lg,wikiann,wikiann-fr.bio,59.154192,171850,25000
PER,0.6517652827721477,0.748264214674423,0.6966890888442386,10658.0,,fr,fr_core_news_lg,wikiann,wikiann-fr.bio,59.154192,171850,25000
overall,0.5254392983079977,0.5372356541234927,0.5312720027564304,,0.6862205411696247,fr,fr_core_news_lg,wikiann,wikiann-fr.bio,59.154192,171850,25000
LOC,0.5223214285714286,0.6679352997145576,0.5862212943632569,1051.0,,de,de_core_news_lg,conll,deu.testb,8.527169,51943,3005
MISC,0.07035175879396985,0.20388349514563106,0.10460772104607721,206.0,,de,de_core_news_lg,conll,deu.testb,8.527169,51943,3005
ORG,0.5057324840764331,0.6786324786324787,0.5795620437956205,585.0,,de,de_core_news_lg,conll,deu.testb,8.527169,51943,3005
PER,0.7988313856427379,0.7902559867877786,0.7945205479452054,1211.0,,de,de_core_news_lg,conll,deu.testb,8.527169,51943,3005
overall,0.5346585117227319,0.6871929249918113,0.6014046151641107,,0.9433994956009472,de,de_core_news_lg,conll,deu.testb,8.527169,51943,3005
LOC,0.436077057793345,0.4061990212071778,0.4206081081081081,613.0,,de,de_core_news_lg,europeana,enp_DE.onb.txt,0.504854,11223,3
MISC,0.0,0.0,0.0,0.0,,de,de_core_news_lg,europeana,enp_DE.onb.txt,0.504854,11223,3
ORG,0.031746031746031744,0.2727272727272727,0.056872037914691934,22.0,,de,de_core_news_lg,europeana,enp_DE.onb.txt,0.504854,11223,3
PER,0.34183673469387754,0.2896253602305475,0.31357254290171604,694.0,,de,de_core_news_lg,europeana,enp_DE.onb.txt,0.504854,11223,3
overall,0.2593856655290102,0.3431151241534989,0.2954324586977648,,0.768332887819656,de,de_core_news_lg,europeana,enp_DE.onb.txt,0.504854,11223,3
LOC,0.5677083333333334,0.6646341463414634,0.6123595505617978,164.0,,de,de_core_news_lg,europeana,enp_DE.lft.txt,0.284067,2727,78
MISC,0.0,0.0,0.0,0.0,,de,de_core_news_lg,europeana,enp_DE.lft.txt,0.284067,2727,78
ORG,0.09803921568627451,0.10204081632653061,0.1,49.0,,de,de_core_news_lg,europeana,enp_DE.lft.txt,0.284067,2727,78
PER,0.3055555555555556,0.4024390243902439,0.3473684210526316,82.0,,de,de_core_news_lg,europeana,enp_DE.lft.txt,0.284067,2727,78
overall,0.34106728538283065,0.49830508474576274,0.40495867768595045,,0.8184818481848185,de,de_core_news_lg,europeana,enp_DE.lft.txt,0.284067,2727,78
LOC,0.44660194174757284,0.7419354838709677,0.5575757575757576,124.0,,de,de_core_news_lg,europeana,enp_DE.sbb.txt,1.315272,7270,477
MISC,0.0,0.0,0.0,0.0,,de,de_core_news_lg,europeana,enp_DE.sbb.txt,1.315272,7270,477
ORG,0.22666666666666666,0.3953488372093023,0.288135593220339,43.0,,de,de_core_news_lg,europeana,enp_DE.sbb.txt,1.315272,7270,477
PER,0.4244604316546763,0.7023809523809523,0.5291479820627802,84.0,,de,de_core_news_lg,europeana,enp_DE.sbb.txt,1.315272,7270,477
overall,0.2916666666666667,0.6693227091633466,0.4062877871825877,,0.9132049518569464,de,de_core_news_lg,europeana,enp_DE.sbb.txt,1.315272,7270,477
LOC,0.617536534446764,0.6224747474747475,0.6199958080067073,2376.0,,de,de_core_news_lg,germeval2014,NER-de-test,15.018631,96499,5100
MISC,0.18096430807764557,0.37146529562982006,0.24336842105263157,778.0,,de,de_core_news_lg,germeval2014,NER-de-test,15.018631,96499,5100
ORG,0.580177276390008,0.5413533834586466,0.5600933488914818,1330.0,,de,de_core_news_lg,germeval2014,NER-de-test,15.018631,96499,5100
PER,0.784651992861392,0.7786304604486423,0.7816296296296296,1694.0,,de,de_core_news_lg,germeval2014,NER-de-test,15.018631,96499,5100
overall,0.5506219265258895,0.6162188410488831,0.5815765352887259,,0.9409009419786734,de,de_core_news_lg,germeval2014,NER-de-test,15.018631,96499,5100
LOC,0.3939393939393939,0.6991596638655462,0.5039370078740157,595.0,,de,de_core_news_lg,hipe,HIPE-data-v1.4-test-de,1.360458,30737,49
MISC,0.017921146953405017,0.16129032258064516,0.03225806451612903,62.0,,de,de_core_news_lg,hipe,HIPE-data-v1.4-test-de,1.360458,30737,49
ORG,0.09003215434083602,0.2153846153846154,0.126984126984127,130.0,,de,de_core_news_lg,hipe,HIPE-data-v1.4-test-de,1.360458,30737,49
PER,0.12145110410094637,0.24758842443729903,0.16296296296296298,311.0,,de,de_core_news_lg,hipe,HIPE-data-v1.4-test-de,1.360458,30737,49
overall,0.20750293083235638,0.48360655737704916,0.2904019688269073,,0.8811204736961967,de,de_core_news_lg,hipe,HIPE-data-v1.4-test-de,1.360458,30737,49
LOC,0.6523579601825518,0.7370348228964281,0.6921160661029437,13382.0,,de,de_core_news_lg,wikiann,wikiann-de.bio,62.949879,247528,25000
MISC,0.0,0.0,0.0,0.0,,de,de_core_news_lg,wikiann,wikiann-de.bio,62.949879,247528,25000
ORG,0.7404553415061296,0.3626694115628753,0.48687240902809764,11658.0,,de,de_core_news_lg,wikiann,wikiann-de.bio,62.949879,247528,25000
PER,0.7711803041274439,0.7814465408805031,0.7762794814390587,9540.0,,de,de_core_news_lg,wikiann,wikiann-de.bio,62.949879,247528,25000
overall,0.6109913793103449,0.6230769230769231,0.616974972796518,,0.8648193335703436,de,de_core_news_lg,wikiann,wikiann-de.bio,62.949879,247528,25000
LOC,0.5577956989247311,0.8556701030927835,0.6753458096013017,970.0,,es,es_core_news_lg,ancora,ancora-es-2.0,8.870864,81226,2603
MISC,0.3941176470588235,0.459954233409611,0.4244984160506864,437.0,,es,es_core_news_lg,ancora,ancora-es-2.0,8.870864,81226,2603
ORG,0.7974434611602753,0.5363756613756614,0.6413602214313959,1512.0,,es,es_core_news_lg,ancora,ancora-es-2.0,8.870864,81226,2603
PER,0.8804895608351332,0.860056258790436,0.8701529704731412,1422.0,,es,es_core_news_lg,ancora,ancora-es-2.0,8.870864,81226,2603
overall,0.6959582198001817,0.7060585118636259,0.700971983990852,,0.9710806884495112,es,es_core_news_lg,ancora,ancora-es-2.0,8.870864,81226,2603
LOC,0.6223328591749644,0.8071955719557196,0.7028112449799196,1084.0,,es,es_core_news_lg,conll,esp.testb.txt,5.072384,51533,1517
MISC,0.33211678832116787,0.2676470588235294,0.29641693811074915,340.0,,es,es_core_news_lg,conll,esp.testb.txt,5.072384,51533,1517
ORG,0.787740164684355,0.615,0.690734055354994,1400.0,,es,es_core_news_lg,conll,esp.testb.txt,5.072384,51533,1517
PER,0.8608458390177354,0.8585034013605443,0.8596730245231607,735.0,,es,es_core_news_lg,conll,esp.testb.txt,5.072384,51533,1517
overall,0.7010838562464347,0.6906434391683057,0.6958244869072895,,0.9564550870316109,es,es_core_news_lg,conll,esp.testb.txt,5.072384,51533,1517
LOC,0.5032032984459245,0.6980202375714915,0.5848138591964614,11365.0,,es,es_core_news_lg,wikiann,wikiann-es.bio,55.305998,161715,25000
MISC,0.0,0.0,0.0,0.0,,es,es_core_news_lg,wikiann,wikiann-es.bio,55.305998,161715,25000
ORG,0.52858380251191,0.22635385756676557,0.31697182184131933,10784.0,,es,es_core_news_lg,wikiann,wikiann-es.bio,55.305998,161715,25000
PER,0.6196424725393065,0.6837789661319074,0.6501327608609684,8415.0,,es,es_core_news_lg,wikiann,wikiann-es.bio,55.305998,161715,25000
overall,0.47124824684431976,0.5276796230859835,0.4978699759214669,,0.6466747055004174,es,es_core_news_lg,wikiann,wikiann-es.bio,55.305998,161715,25000
LOC,0.7461300309597523,0.8181818181818182,0.7804965815041383,2651.0,,zh,zh_core_web_lg,ontonotes,VALIDATION_zh,16.71444,119229,6543
MISC,0.5206738131699847,0.42446941323345816,0.4676753782668501,801.0,,zh,zh_core_web_lg,ontonotes,VALIDATION_zh,16.71444,119229,6543
ORG,0.638755980861244,0.6576354679802956,0.6480582524271845,1218.0,,zh,zh_core_web_lg,ontonotes,VALIDATION_zh,16.71444,119229,6543
PER,0.7716084716657127,0.8440826549780839,0.80622009569378,1597.0,,zh,zh_core_web_lg,ontonotes,VALIDATION_zh,16.71444,119229,6543
overall,0.7099527511050144,0.7432583373224828,0.7262238852510133,,0.967952427681185,zh,zh_core_web_lg,ontonotes,VALIDATION_zh,16.71444,119229,6543
LOC,0.0042293233082706765,0.005668696199874029,0.004844352740647708,9526.0,,zh,zh_core_web_lg,wikiann,wikiann-zh.bio,65.118253,521445,25000
MISC,0.0,0.0,0.0,0.0,,zh,zh_core_web_lg,wikiann,wikiann-zh.bio,65.118253,521445,25000
ORG,0.05555555555555555,0.0007909306617453203,0.0015596568754873928,11379.0,,zh,zh_core_web_lg,wikiann,wikiann-zh.bio,65.118253,521445,25000
PER,0.0011132043158075013,0.0012598119972865587,0.0011819793608219304,10319.0,,zh,zh_core_web_lg,wikiann,wikiann-zh.bio,65.118253,521445,25000
overall,0.00248463449718844,0.002434025108890597,0.0024590694363554005,,0.722434772603055,zh,zh_core_web_lg,wikiann,wikiann-zh.bio,65.118253,521445,25000
LOC,0.5897786280404482,0.8140324405884571,0.6839936608557845,2651.0,,zh,zh_core_web_trf,ontonotes,VALIDATION_zh,163.245281,119229,6543
MISC,0.4045643153526971,0.4868913857677903,0.4419263456090652,801.0,,zh,zh_core_web_trf,ontonotes,VALIDATION_zh,163.245281,119229,6543
ORG,0.6315018315018315,0.7077175697865353,0.6674409601238869,1218.0,,zh,zh_core_web_trf,ontonotes,VALIDATION_zh,163.245281,119229,6543
PER,0.8812121212121212,0.9104571070757671,0.8955959347089621,1597.0,,zh,zh_core_web_trf,ontonotes,VALIDATION_zh,163.245281,119229,6543
overall,0.6368159203980099,0.7761289293122706,0.6996044588277598,,0.9565541940299759,zh,zh_core_web_trf,ontonotes,VALIDATION_zh,163.245281,119229,6543
LOC,0.0040974663595587345,0.017740919588494646,0.006657343759232633,9526.0,,zh,zh_core_web_trf,wikiann,wikiann-zh.bio,611.328333,521445,25000
MISC,0.0,0.0,0.0,0.0,,zh,zh_core_web_trf,wikiann,wikiann-zh.bio,611.328333,521445,25000
ORG,0.0034058936768843477,0.0020212672466824854,0.002536951246415178,11379.0,,zh,zh_core_web_trf,wikiann,wikiann-zh.bio,611.328333,521445,25000
PER,0.0019025422721111085,0.007752689214071131,0.0030553009471432934,10319.0,,zh,zh_core_web_trf,wikiann,wikiann-zh.bio,611.328333,521445,25000
overall,0.002630993490225666,0.008711247758134769,0.004041394578290877,,0.6400368207577022,zh,zh_core_web_trf,wikiann,wikiann-zh.bio,611.328333,521445,25000
LOC,0.5151515151515151,0.8693181818181818,0.6469344608879493,176.0,,pt,pt_core_news_lg,harem,HAREM,1.231657,12941,342
MISC,0.32460732984293195,0.3522727272727273,0.33787465940054495,176.0,,pt,pt_core_news_lg,harem,HAREM,1.231657,12941,342
ORG,0.4186046511627907,0.4897959183673469,0.45141065830721006,147.0,,pt,pt_core_news_lg,harem,HAREM,1.231657,12941,342
PER,0.8613138686131386,0.7151515151515152,0.7814569536423841,330.0,,pt,pt_core_news_lg,harem,HAREM,1.231657,12941,342
overall,0.5599571734475375,0.6308805790108565,0.5933068633011912,,0.9287535739123716,pt,pt_core_news_lg,harem,HAREM,1.231657,12941,342
LOC,0.5154224407688869,0.6598806311830594,0.5787737540337039,12231.0,,pt,pt_core_news_lg,wikiann,wikiann-pt.bio,56.174295,160570,25000
MISC,0.0,0.0,0.0,0.0,,pt,pt_core_news_lg,wikiann,wikiann-pt.bio,56.174295,160570,25000
ORG,0.5130998702983138,0.19129593810444875,0.2786896794646002,10340.0,,pt,pt_core_news_lg,wikiann,wikiann-pt.bio,56.174295,160570,25000
PER,0.7068641769246818,0.7131880854646879,0.7100120500864463,9501.0,,pt,pt_core_news_lg,wikiann,wikiann-pt.bio,56.174295,160570,25000
overall,0.47469247263288566,0.524600897979546,0.49840037916938207,,0.6506383508750078,pt,pt_core_news_lg,wikiann,wikiann-pt.bio,56.174295,160570,25000
LOC,0.8122743682310469,0.8806262230919765,0.8450704225352113,511.0,,fi,fi_core_news_lg,finer,digitoday.2015.test,10.893479,46363,3512
MISC,0.45340501792114696,0.46422018348623856,0.4587488667271079,1090.0,,fi,fi_core_news_lg,finer,digitoday.2015.test,10.893479,46363,3512
ORG,0.7881149537262543,0.8610963278339542,0.8229908443540184,1879.0,,fi,fi_core_news_lg,finer,digitoday.2015.test,10.893479,46363,3512
PER,0.7195876288659794,0.8596059113300493,0.7833894500561167,406.0,,fi,fi_core_news_lg,finer,digitoday.2015.test,10.893479,46363,3512
overall,0.6946292775665399,0.7521873391662378,0.7222634049913516,,0.9545327092724802,fi,fi_core_news_lg,finer,digitoday.2015.test,10.893479,46363,3512
LOC,0.697937892248757,0.6632842757552285,0.6801699829222765,12910.0,,fi,fi_core_news_lg,wikiann,wikiann-fi.bio,67.849388,208477,25000
MISC,0.0,0.0,0.0,0.0,,fi,fi_core_news_lg,wikiann,wikiann-fi.bio,67.849388,208477,25000
ORG,0.5306316289377869,0.3286596725169134,0.40590942116735285,10199.0,,fi,fi_core_news_lg,wikiann,wikiann-fi.bio,67.849388,208477,25000
PER,0.757157926461724,0.7796570719217938,0.7682428041741525,12889.0,,fi,fi_core_news_lg,wikiann,wikiann-fi.bio,67.849388,208477,25000
overall,0.5957308307792455,0.6101450080560031,0.6028517710348993,,0.8517918043717053,fi,fi_core_news_lg,wikiann,wikiann-fi.bio,67.849388,208477,25000
LOC,0.8949070331447049,0.8970826580226904,0.8959935248887089,1234.0,,ca,ca_core_news_lg,ancora,ancora-ca-2.0,9.876229,81195,2472
MISC,0.8126195028680688,0.7870370370370371,0.7996237064910631,540.0,,ca,ca_core_news_lg,ancora,ancora-ca-2.0,9.876229,81195,2472
ORG,0.891640866873065,0.8966376089663761,0.8941322570630238,1606.0,,ca,ca_core_news_lg,ancora,ancora-ca-2.0,9.876229,81195,2472
PER,0.9596136962247586,0.9681133746678476,0.9638447971781304,1129.0,,ca,ca_core_news_lg,ancora,ancora-ca-2.0,9.876229,81195,2472
overall,0.9005316792202038,0.9015302727877578,0.90103069932395,,0.9877948149516595,ca,ca_core_news_lg,ancora,ancora-ca-2.0,9.876229,81195,2472
LOC,0.588382737576286,0.3618632707774799,0.4481241699867198,14920.0,,ca,ca_core_news_lg,wikiann,wikiann-ca.bio,54.577957,152634,25000
MISC,0.0,0.0,0.0,0.0,,ca,ca_core_news_lg,wikiann,wikiann-ca.bio,54.577957,152634,25000
ORG,0.239957378795951,0.34952661803507684,0.2845590093505181,6443.0,,ca,ca_core_news_lg,wikiann,wikiann-ca.bio,54.577957,152634,25000
PER,0.511740473738414,0.5787328208711856,0.5431788369042414,8586.0,,ca,ca_core_news_lg,wikiann,wikiann-ca.bio,54.577957,152634,25000
overall,0.38030376084860174,0.42138301779692144,0.3997909175866821,,0.6526986123668383,ca,ca_core_news_lg,wikiann,wikiann-ca.bio,54.577957,152634,25000
LOC,0.575043630017452,0.7592165898617511,0.6544190665342601,868.0,,it,it_core_news_lg,kind,WN,6.419624,56519,2088
MISC,0.0,0.0,0.0,0.0,,it,it_core_news_lg,kind,WN,6.419624,56519,2088
ORG,0.7703045685279187,0.48289578361177404,0.593643031784841,1257.0,,it,it_core_news_lg,kind,WN,6.419624,56519,2088
PER,0.8702175543885972,0.8393632416787264,0.85451197053407,1382.0,,it,it_core_news_lg,kind,WN,6.419624,56519,2088
overall,0.6238107482643354,0.6917593384659253,0.6560302866414278,,0.9453104265822113,it,it_core_news_lg,kind,WN,6.419624,56519,2088
LOC,0.39901477832512317,0.81,0.5346534653465347,100.0,,it,it_core_news_lg,kind,ADG,1.589768,13905,521
MISC,0.0,0.0,0.0,0.0,,it,it_core_news_lg,kind,ADG,1.589768,13905,521
ORG,0.7872340425531915,0.3231441048034934,0.45820433436532504,229.0,,it,it_core_news_lg,kind,ADG,1.589768,13905,521
PER,0.7352941176470589,0.7440476190476191,0.7396449704142012,168.0,,it,it_core_news_lg,kind,ADG,1.589768,13905,521
overall,0.5223880597014925,0.5633802816901409,0.542110358180058,,0.962891046386192,it,it_core_news_lg,kind,ADG,1.589768,13905,521
LOC,0.20118343195266272,0.918918918918919,0.33009708737864074,37.0,,it,it_core_news_lg,kind,FIC,4.116438,27190,1517
MISC,0.0,0.0,0.0,0.0,,it,it_core_news_lg,kind,FIC,4.116438,27190,1517
ORG,0.09090909090909091,1.0,0.16666666666666669,1.0,,it,it_core_news_lg,kind,FIC,4.116438,27190,1517
PER,0.7146974063400576,0.6048780487804878,0.6552179656538969,410.0,,it,it_core_news_lg,kind,FIC,4.116438,27190,1517
overall,0.4161764705882353,0.6316964285714286,0.50177304964539,,0.9711290915777859,it,it_core_news_lg,kind,FIC,4.116438,27190,1517
LOC,0.5014541288446286,0.6721795629060838,0.574399353926913,8465.0,,it,it_core_news_lg,wikiann,wikiann-it.bio,58.788813,204846,25000
MISC,0.0,0.0,0.0,0.0,,it,it_core_news_lg,wikiann,wikiann-it.bio,58.788813,204846,25000
ORG,0.580331976197933,0.23050130613260356,0.3299501424501425,8039.0,,it,it_core_news_lg,wikiann,wikiann-it.bio,58.788813,204846,25000
PER,0.8440748440748441,0.7076750070283947,0.7698801076584293,17785.0,,it,it_core_news_lg,wikiann,wikiann-it.bio,58.788813,204846,25000
overall,0.5725297229649013,0.5870395753740266,0.5796938672656846,,0.77884850082501,it,it_core_news_lg,wikiann,wikiann-it.bio,58.788813,204846,25000
